[2026-05-25 02:10:47]  AlphaPilot 监听服务 (Pro 多邮箱版) 启动...
[2026-05-25 02:10:47]  信号保存目录: D:\mpython\signals
[2026-05-25 02:10:47]  日志文件: D:\mpython\logs_receiver\receiver_20260525.log
[2026-05-25 02:10:47]  正在连接 QQ-主 邮箱服务器 (497720537@qq.com) ...
[2026-05-25 02:10:48]  QQ-主 正在解析因子: =?GBK?B?MjAyNsTqMDXUwjIzyNW358/Vycy7p8fltaU=?=
[2026-05-25 02:10:48]  QQ-主 邮件 3745 无 HTML 表格
[2026-05-25 02:10:49]  QQ-主 正在解析因子: =?UTF-8?B?5bmz6KGh5b+D5oOF57O75YiX5YiG5Lqr5LqG6KeG6aKR?=
[2026-05-25 02:10:49]  发现表格，共 27 行数据
[2026-05-25 02:10:49]  表头映射失败，未找到指定列名。当前表头: ['看看视频内容吧。平衡心情系列分享了 1 个视频5月23日 21:36查看视频此邮件发给497720537@qq.com。 如果不希望再收到 Meta 的这类邮件，请退订。Meta Platforms, Inc., Attention: Community Support, 1 Meta Way, Menlo Park, CA 94025为保护你的主页安全，请勿转发这封邮件。详细了解', '看看视频内容吧。平衡心情系列分享了 1 个视频5月23日 21:36查看视频此邮件发给497720537@qq.com。 如果不希望再收到 Meta 的这类邮件，请退订。Meta Platforms, Inc., Attention: Community Support, 1 Meta Way, Menlo Park, CA 94025为保护你的主页安全，请勿转发这封邮件。详细了解', '看看视频内容吧。平衡心情系列分享了 1 个视频5月23日 21:36查看视频此邮件发给497720537@qq.com。 如果不希望再收到 Meta 的这类邮件，请退订。Meta Platforms, Inc., Attention: Community Support, 1 Meta Way, Menlo Park, CA 94025为保护你的主页安全，请勿转发这封邮件。详细了解', '', '看看视频内容吧。', '', '', '', '', '', '', '', '', '', '', '', '', '', '', '平衡心情系列分享了 1 个视频5月23日 21:36查看视频', '', '平衡心情系列分享了 1 个视频5月23日 21:36查看视频', '平衡心情系列分享了 1 个视频5月23日 21:36查看视频', '', '', '平衡心情系列分享了 1 个视频5月23日 21:36查看视频', '平衡心情系列分享了 1 个视频5月23日 21:36', '平衡心情系列分享了 1 个视频', '', '5月23日 21:36', '', '查看视频', '查看视频', '', '', '', '此邮件发给497720537@qq.com。 如果不希望再收到 Meta 的这类邮件，请退订。Meta Platforms, Inc., Attention: Community Support, 1 Meta Way, Menlo Park, CA 94025', '', '此邮件发给497720537@qq.com。 如果不希望再收到 Meta 的这类邮件，请退订。Meta Platforms, Inc., Attention: Community Support, 1 Meta Way, Menlo Park, CA 94025', '', '', '为保护你的主页安全，请勿转发这封邮件。详细了解', '为保护你的主页安全，请勿转发这封邮件。详细了解', '', '']
[2026-05-25 02:10:49] QQ-主 邮件 3746 无有效信号
[2026-05-25 02:10:49]  QQ-主 正在解析因子: =?UTF-8?B?8J+SrCBKaW5nIFlp6K+E6K665LqG5LiA56+H5biW?=
 =?UTF-8?B?5a2Q77yM5L2g6L+Y5rKh55yL6L+H5ZOm?=
[2026-05-25 02:10:49]  发现表格，共 30 行数据
[2026-05-25 02:10:49]  表头映射失败，未找到指定列名。当前表头: ['520必须一post\r\n一位我去bni找生意结果变找到老婆...\u200c\u2003 \u200c\u2003 \u200c\u2003 \u200c\u2003 \u200c\u2003 \u200c\u2003 \u200c\u2003 \u200c\u2003 \u200c\u2003 \u200c\u2003 \u200c\u2003 \u200c\u2003 \u200c\u2003 \u200c\u2003 \u200c\u2003 \u200c\u2003 \u200c\u2003 \u200c\u2003 \u200c\u2003 \u200c\u2003 \u200c\u2003 \u200c\u2003 \u200c\u2003 \u200c\u2003 \u200c\u2003 \u200c\u2003 \u200c\u2003 \u200c\u2003 \u200c\u2003 \u200c\u2003 \u200c\u2003 \u200c\u2003 \u200c\u2003 \u200c\u2003 \u200c\u2003 \u200c\u2003 \u200c\u2003 \u200c\u2003 \u200c\u2003 \u200c\u2003 \u200c\u2003 \u200c\u2003 \u200c\u2003 \u200c\u2003 \u200c\u2003 \u200c\u2003 \u200c\u2003 \u200c\u2003 \u200c\u2003 \u200c\u2003 \u200c\u2003 \u200c\u2003 \u200c\u2003 \u200c\u2003 \u200c\u2003 \u200c\u2003 \u200c\u2003 \u200c\u2003 \u200c\u2003 \u200c\u2003 \u200c\u2003 \u200c\u2003 \u200c\u2003 \u200c\u2003 \u200c\u2003 \u200c\u2003 \u200c\u2003 \u200c\u2003 \u200c\u2003 \u200c\u2003 \u200c\u2003 \u200c\u2003 \u200c\u2003 \u200c\u2003 \u200c\u2003 \u200c\u2003 \u200c\u2003 \u200c\u2003 \u200c\u2003 \u200c\u2003 \u200c\u2003 \u200c\u2003 \u200c\u2003 \u200c\u2003 \u200c\u2003 \u200c\u2003 \u200c\u2003 \u200c\u2003 \u200c\u2003 \u200c\u2003 \u200c\u2003 \u200c\u2003 \u200c\u2003 \u200c\u2003 \u200c\u2003 \u200c\u2003 \u200c\u2003 \u200c\u2003 \u200c\u2003 \u200c\u2003 \u200c\u2003 \u200c\u2003 \u200c\u2003 \u200c\u2003 \u200c\u2003 \u200c\u2003 \u200c\u2003 \u200c\u2003 \u200c\u2003 \u200c\u2003 \u200c\u2003 \u200c\u2003 \u200c\u2003 \u200c\u2003 \u200c\u2003 \u200c\u2003 \u200c\u2003 \u200c\u2003 \u200c\u2003 \u200c\u2003 \u200c\u2003 \u200c\u2003 \u200c\u2003 \u200c\u2003 \u200c\u2003 \u200c\u2003 \u200c\u2003 \u200c\u2003 \u200c\u2003 \u200c\u2003 \u200c\u2003 \u200c\u2003 \u200c\u2003 \u200c\u2003 \u200c\u2003 \u200c\u2003 \u200c\u2003 \u200c\u2003 \u200c\u2003 \u200c\u2003 \u200c\u2003 \u200c\u2003 \u200c\u2003 \u200c\u2003 \u200c\u2003 \u200c\u2003 \u200c\u2003 \u200c\u2003 \u200c\u2003 \u200c\u2003 \u200c\u2003 \u200c\u2003 \u200c\u2003 \u200c\u2003 \u200c\u2003 \u200c\u2003 \u200c\u2003 \u200c\u2003 \u200c\u2003 \u200c\u2003 \u200c\u2003 \u200c\u2003 \u200c\u2003 \u200c\u2003 \u200c\u2003 \u200c\u2003 \u200c\u2003 \u200c\u2003 \u200c\u2003 \u200c\u2003 \u200c\u2003 \u200c\u2003 \u200c\u2003 \u200c\u2003 \u200c\u2003 \u200c\u2003 \u200c\u2003 \u200c\u2003 \u200c\u2003 \u200c\u2003 \u200c\u2003 \u200c\u2003 \u200c\u2003 \u200c\u2003 \u200c\u2003 \u200c\u2003 \u200c\u2003 \u200c\u2003 \u200c\u2003 \u200c\u2003 \u200c\u2003 \u200c\u2003 \u200c\u2003 \u200c\u2003 \u200c\u2003 \u200c\u2003 \u200c\u2003 \u200c\u2003 \u200c\u2003 \u200c\u2003 \u200c\u2003 \u200c\u2003 \u200c\u2003 \u200c\u2003 \u200c\u2003 \u200c\u2003 \u200c\u2003 \u200c\u2003 \u200c\u2003 \u200c\u2003 \u200c\u2003 \u200c\u2003 \u200c\u2003 \u200c\u2003 \u200c\u2003 \u200c\u2003 \u200c\u2003 \u200c\u2003 \u200c\u2003 \u200c\u2003 \u200c\u2003 \u200c\u2003 \u200c\u2003 \u200c\u2003 \u200c\u2003 \u200c\u2003 \u200c\u2003 \u200c\u2003 \u200c\u2003 \u200c\u2003 \u200c\u2003 \u200c\u2003 \u200c\u2003 \u200c\u2003 \u200c\u2003 \u200c\u2003 \u200c\u2003 \u200c\u2003 \u200c\u2003 \u200c\u2003 \u200c\u2003 \u200c\u2003 \u200c\u2003 \u200c\u2003 \u200c\u2003 \u200c\u2003 \u200c\u2003 \u200c\u2003 \u200c\u2003 \u200c\u2003 \u200c\u2003 \u200c\u2003 \u200c\u2003 \u200c\u2003 \u200c\u2003 \u200c\u2003 \u200c\u2003 \u200c\u2003 \u200c\u2003 \u200c\u2003 \u200c\u2003 \u200c\u2003 \u200c\u2003 \u200c\u2003 \u200c\u2003 \u200c\u2003 \u200c\u2003 \u200c\u2003 \u200c\u2003 \u200c\u2003 \u200c\u2003 \u200c\u2003 \u200c\u2003 \u200c\u2003 \u200c\u2003 \u200c\u2003 \u200c\u2003 \u200c\u2003 \u200c\u2003 \u200c\u2003 \u200c\u2003 \u200c\u2003 \u200c\u2003 \u200c\u2003 \u200c\u2003 \u200c\u2003 \u200c\u2003 \u200c\u2003 \u200c\u2003 \u200c\u2003 \u200c\u2003 \u200c\u2003 \u200c\u2003 \u200c\u2003 \u200c\u2003 \u200c\u2003 \u200c\u2003 \u200c\u2003 \u200c\u2003 \u200c💬Jing Yi评论了一篇帖子，你还没看过哦。5月20日 23:09查看黃枫銘、 Ja Cob 、 Meng Chun Lee 和其他 294 位用户留下心情此邮件发给497720537@qq.com。 如果不希望再收到 Meta 的这类邮件，请退订。Meta Platforms, Inc., Attention: Community Support, 1 Meta Way, Menlo Park, CA 94025为保护你的主页安全，请勿转发这封邮件。详细了解', '520必须一post\r\n一位我去bni找生意结果变找到老婆...\u200c\u2003 \u200c\u2003 \u200c\u2003 \u200c\u2003 \u200c\u2003 \u200c\u2003 \u200c\u2003 \u200c\u2003 \u200c\u2003 \u200c\u2003 \u200c\u2003 \u200c\u2003 \u200c\u2003 \u200c\u2003 \u200c\u2003 \u200c\u2003 \u200c\u2003 \u200c\u2003 \u200c\u2003 \u200c\u2003 \u200c\u2003 \u200c\u2003 \u200c\u2003 \u200c\u2003 \u200c\u2003 \u200c\u2003 \u200c\u2003 \u200c\u2003 \u200c\u2003 \u200c\u2003 \u200c\u2003 \u200c\u2003 \u200c\u2003 \u200c\u2003 \u200c\u2003 \u200c\u2003 \u200c\u2003 \u200c\u2003 \u200c\u2003 \u200c\u2003 \u200c\u2003 \u200c\u2003 \u200c\u2003 \u200c\u2003 \u200c\u2003 \u200c\u2003 \u200c\u2003 \u200c\u2003 \u200c\u2003 \u200c\u2003 \u200c\u2003 \u200c\u2003 \u200c\u2003 \u200c\u2003 \u200c\u2003 \u200c\u2003 \u200c\u2003 \u200c\u2003 \u200c\u2003 \u200c\u2003 \u200c\u2003 \u200c\u2003 \u200c\u2003 \u200c\u2003 \u200c\u2003 \u200c\u2003 \u200c\u2003 \u200c\u2003 \u200c\u2003 \u200c\u2003 \u200c\u2003 \u200c\u2003 \u200c\u2003 \u200c\u2003 \u200c\u2003 \u200c\u2003 \u200c\u2003 \u200c\u2003 \u200c\u2003 \u200c\u2003 \u200c\u2003 \u200c\u2003 \u200c\u2003 \u200c\u2003 \u200c\u2003 \u200c\u2003 \u200c\u2003 \u200c\u2003 \u200c\u2003 \u200c\u2003 \u200c\u2003 \u200c\u2003 \u200c\u2003 \u200c\u2003 \u200c\u2003 \u200c\u2003 \u200c\u2003 \u200c\u2003 \u200c\u2003 \u200c\u2003 \u200c\u2003 \u200c\u2003 \u200c\u2003 \u200c\u2003 \u200c\u2003 \u200c\u2003 \u200c\u2003 \u200c\u2003 \u200c\u2003 \u200c\u2003 \u200c\u2003 \u200c\u2003 \u200c\u2003 \u200c\u2003 \u200c\u2003 \u200c\u2003 \u200c\u2003 \u200c\u2003 \u200c\u2003 \u200c\u2003 \u200c\u2003 \u200c\u2003 \u200c\u2003 \u200c\u2003 \u200c\u2003 \u200c\u2003 \u200c\u2003 \u200c\u2003 \u200c\u2003 \u200c\u2003 \u200c\u2003 \u200c\u2003 \u200c\u2003 \u200c\u2003 \u200c\u2003 \u200c\u2003 \u200c\u2003 \u200c\u2003 \u200c\u2003 \u200c\u2003 \u200c\u2003 \u200c\u2003 \u200c\u2003 \u200c\u2003 \u200c\u2003 \u200c\u2003 \u200c\u2003 \u200c\u2003 \u200c\u2003 \u200c\u2003 \u200c\u2003 \u200c\u2003 \u200c\u2003 \u200c\u2003 \u200c\u2003 \u200c\u2003 \u200c\u2003 \u200c\u2003 \u200c\u2003 \u200c\u2003 \u200c\u2003 \u200c\u2003 \u200c\u2003 \u200c\u2003 \u200c\u2003 \u200c\u2003 \u200c\u2003 \u200c\u2003 \u200c\u2003 \u200c\u2003 \u200c\u2003 \u200c\u2003 \u200c\u2003 \u200c\u2003 \u200c\u2003 \u200c\u2003 \u200c\u2003 \u200c\u2003 \u200c\u2003 \u200c\u2003 \u200c\u2003 \u200c\u2003 \u200c\u2003 \u200c\u2003 \u200c\u2003 \u200c\u2003 \u200c\u2003 \u200c\u2003 \u200c\u2003 \u200c\u2003 \u200c\u2003 \u200c\u2003 \u200c\u2003 \u200c\u2003 \u200c\u2003 \u200c\u2003 \u200c\u2003 \u200c\u2003 \u200c\u2003 \u200c\u2003 \u200c\u2003 \u200c\u2003 \u200c\u2003 \u200c\u2003 \u200c\u2003 \u200c\u2003 \u200c\u2003 \u200c\u2003 \u200c\u2003 \u200c\u2003 \u200c\u2003 \u200c\u2003 \u200c\u2003 \u200c\u2003 \u200c\u2003 \u200c\u2003 \u200c\u2003 \u200c\u2003 \u200c\u2003 \u200c\u2003 \u200c\u2003 \u200c\u2003 \u200c\u2003 \u200c\u2003 \u200c\u2003 \u200c\u2003 \u200c\u2003 \u200c\u2003 \u200c\u2003 \u200c\u2003 \u200c\u2003 \u200c\u2003 \u200c\u2003 \u200c\u2003 \u200c\u2003 \u200c\u2003 \u200c\u2003 \u200c\u2003 \u200c\u2003 \u200c\u2003 \u200c\u2003 \u200c\u2003 \u200c\u2003 \u200c\u2003 \u200c\u2003 \u200c\u2003 \u200c\u2003 \u200c\u2003 \u200c\u2003 \u200c\u2003 \u200c\u2003 \u200c\u2003 \u200c\u2003 \u200c\u2003 \u200c\u2003 \u200c\u2003 \u200c\u2003 \u200c\u2003 \u200c\u2003 \u200c\u2003 \u200c\u2003 \u200c\u2003 \u200c\u2003 \u200c\u2003 \u200c\u2003 \u200c\u2003 \u200c\u2003 \u200c\u2003 \u200c\u2003 \u200c\u2003 \u200c\u2003 \u200c\u2003 \u200c\u2003 \u200c\u2003 \u200c\u2003 \u200c\u2003 \u200c\u2003 \u200c\u2003 \u200c\u2003 \u200c\u2003 \u200c\u2003 \u200c\u2003 \u200c\u2003 \u200c\u2003 \u200c\u2003 \u200c\u2003 \u200c\u2003 \u200c\u2003 \u200c\u2003 \u200c\u2003 \u200c\u2003 \u200c\u2003 \u200c\u2003 \u200c\u2003 \u200c\u2003 \u200c\u2003 \u200c\u2003 \u200c\u2003 \u200c\u2003 \u200c💬Jing Yi评论了一篇帖子，你还没看过哦。5月20日 23:09查看黃枫銘、 Ja Cob 、 Meng Chun Lee 和其他 294 位用户留下心情此邮件发给497720537@qq.com。 如果不希望再收到 Meta 的这类邮件，请退订。Meta Platforms, Inc., Attention: Community Support, 1 Meta Way, Menlo Park, CA 94025为保护你的主页安全，请勿转发这封邮件。详细了解', '520必须一post\r\n一位我去bni找生意结果变找到老婆...\u200c\u2003 \u200c\u2003 \u200c\u2003 \u200c\u2003 \u200c\u2003 \u200c\u2003 \u200c\u2003 \u200c\u2003 \u200c\u2003 \u200c\u2003 \u200c\u2003 \u200c\u2003 \u200c\u2003 \u200c\u2003 \u200c\u2003 \u200c\u2003 \u200c\u2003 \u200c\u2003 \u200c\u2003 \u200c\u2003 \u200c\u2003 \u200c\u2003 \u200c\u2003 \u200c\u2003 \u200c\u2003 \u200c\u2003 \u200c\u2003 \u200c\u2003 \u200c\u2003 \u200c\u2003 \u200c\u2003 \u200c\u2003 \u200c\u2003 \u200c\u2003 \u200c\u2003 \u200c\u2003 \u200c\u2003 \u200c\u2003 \u200c\u2003 \u200c\u2003 \u200c\u2003 \u200c\u2003 \u200c\u2003 \u200c\u2003 \u200c\u2003 \u200c\u2003 \u200c\u2003 \u200c\u2003 \u200c\u2003 \u200c\u2003 \u200c\u2003 \u200c\u2003 \u200c\u2003 \u200c\u2003 \u200c\u2003 \u200c\u2003 \u200c\u2003 \u200c\u2003 \u200c\u2003 \u200c\u2003 \u200c\u2003 \u200c\u2003 \u200c\u2003 \u200c\u2003 \u200c\u2003 \u200c\u2003 \u200c\u2003 \u200c\u2003 \u200c\u2003 \u200c\u2003 \u200c\u2003 \u200c\u2003 \u200c\u2003 \u200c\u2003 \u200c\u2003 \u200c\u2003 \u200c\u2003 \u200c\u2003 \u200c\u2003 \u200c\u2003 \u200c\u2003 \u200c\u2003 \u200c\u2003 \u200c\u2003 \u200c\u2003 \u200c\u2003 \u200c\u2003 \u200c\u2003 \u200c\u2003 \u200c\u2003 \u200c\u2003 \u200c\u2003 \u200c\u2003 \u200c\u2003 \u200c\u2003 \u200c\u2003 \u200c\u2003 \u200c\u2003 \u200c\u2003 \u200c\u2003 \u200c\u2003 \u200c\u2003 \u200c\u2003 \u200c\u2003 \u200c\u2003 \u200c\u2003 \u200c\u2003 \u200c\u2003 \u200c\u2003 \u200c\u2003 \u200c\u2003 \u200c\u2003 \u200c\u2003 \u200c\u2003 \u200c\u2003 \u200c\u2003 \u200c\u2003 \u200c\u2003 \u200c\u2003 \u200c\u2003 \u200c\u2003 \u200c\u2003 \u200c\u2003 \u200c\u2003 \u200c\u2003 \u200c\u2003 \u200c\u2003 \u200c\u2003 \u200c\u2003 \u200c\u2003 \u200c\u2003 \u200c\u2003 \u200c\u2003 \u200c\u2003 \u200c\u2003 \u200c\u2003 \u200c\u2003 \u200c\u2003 \u200c\u2003 \u200c\u2003 \u200c\u2003 \u200c\u2003 \u200c\u2003 \u200c\u2003 \u200c\u2003 \u200c\u2003 \u200c\u2003 \u200c\u2003 \u200c\u2003 \u200c\u2003 \u200c\u2003 \u200c\u2003 \u200c\u2003 \u200c\u2003 \u200c\u2003 \u200c\u2003 \u200c\u2003 \u200c\u2003 \u200c\u2003 \u200c\u2003 \u200c\u2003 \u200c\u2003 \u200c\u2003 \u200c\u2003 \u200c\u2003 \u200c\u2003 \u200c\u2003 \u200c\u2003 \u200c\u2003 \u200c\u2003 \u200c\u2003 \u200c\u2003 \u200c\u2003 \u200c\u2003 \u200c\u2003 \u200c\u2003 \u200c\u2003 \u200c\u2003 \u200c\u2003 \u200c\u2003 \u200c\u2003 \u200c\u2003 \u200c\u2003 \u200c\u2003 \u200c\u2003 \u200c\u2003 \u200c\u2003 \u200c\u2003 \u200c\u2003 \u200c\u2003 \u200c\u2003 \u200c\u2003 \u200c\u2003 \u200c\u2003 \u200c\u2003 \u200c\u2003 \u200c\u2003 \u200c\u2003 \u200c\u2003 \u200c\u2003 \u200c\u2003 \u200c\u2003 \u200c\u2003 \u200c\u2003 \u200c\u2003 \u200c\u2003 \u200c\u2003 \u200c\u2003 \u200c\u2003 \u200c\u2003 \u200c\u2003 \u200c\u2003 \u200c\u2003 \u200c\u2003 \u200c\u2003 \u200c\u2003 \u200c\u2003 \u200c\u2003 \u200c\u2003 \u200c\u2003 \u200c\u2003 \u200c\u2003 \u200c\u2003 \u200c\u2003 \u200c\u2003 \u200c\u2003 \u200c\u2003 \u200c\u2003 \u200c\u2003 \u200c\u2003 \u200c\u2003 \u200c\u2003 \u200c\u2003 \u200c\u2003 \u200c\u2003 \u200c\u2003 \u200c\u2003 \u200c\u2003 \u200c\u2003 \u200c\u2003 \u200c\u2003 \u200c\u2003 \u200c\u2003 \u200c\u2003 \u200c\u2003 \u200c\u2003 \u200c\u2003 \u200c\u2003 \u200c\u2003 \u200c\u2003 \u200c\u2003 \u200c\u2003 \u200c\u2003 \u200c\u2003 \u200c\u2003 \u200c\u2003 \u200c\u2003 \u200c\u2003 \u200c\u2003 \u200c\u2003 \u200c\u2003 \u200c\u2003 \u200c\u2003 \u200c\u2003 \u200c\u2003 \u200c\u2003 \u200c\u2003 \u200c\u2003 \u200c\u2003 \u200c\u2003 \u200c\u2003 \u200c\u2003 \u200c\u2003 \u200c\u2003 \u200c\u2003 \u200c\u2003 \u200c\u2003 \u200c\u2003 \u200c\u2003 \u200c\u2003 \u200c\u2003 \u200c\u2003 \u200c\u2003 \u200c\u2003 \u200c\u2003 \u200c\u2003 \u200c\u2003 \u200c\u2003 \u200c\u2003 \u200c\u2003 \u200c\u2003 \u200c\u2003 \u200c\u2003 \u200c\u2003 \u200c\u2003 \u200c\u2003 \u200c\u2003 \u200c\u2003 \u200c\u2003 \u200c💬Jing Yi评论了一篇帖子，你还没看过哦。5月20日 23:09查看黃枫銘、 Ja Cob 、 Meng Chun Lee 和其他 294 位用户留下心情此邮件发给497720537@qq.com。 如果不希望再收到 Meta 的这类邮件，请退订。Meta Platforms, Inc., Attention: Community Support, 1 Meta Way, Menlo Park, CA 94025为保护你的主页安全，请勿转发这封邮件。详细了解', '', '520必须一post\r\n一位我去bni找生意结果变找到老婆...\u200c\u2003 \u200c\u2003 \u200c\u2003 \u200c\u2003 \u200c\u2003 \u200c\u2003 \u200c\u2003 \u200c\u2003 \u200c\u2003 \u200c\u2003 \u200c\u2003 \u200c\u2003 \u200c\u2003 \u200c\u2003 \u200c\u2003 \u200c\u2003 \u200c\u2003 \u200c\u2003 \u200c\u2003 \u200c\u2003 \u200c\u2003 \u200c\u2003 \u200c\u2003 \u200c\u2003 \u200c\u2003 \u200c\u2003 \u200c\u2003 \u200c\u2003 \u200c\u2003 \u200c\u2003 \u200c\u2003 \u200c\u2003 \u200c\u2003 \u200c\u2003 \u200c\u2003 \u200c\u2003 \u200c\u2003 \u200c\u2003 \u200c\u2003 \u200c\u2003 \u200c\u2003 \u200c\u2003 \u200c\u2003 \u200c\u2003 \u200c\u2003 \u200c\u2003 \u200c\u2003 \u200c\u2003 \u200c\u2003 \u200c\u2003 \u200c\u2003 \u200c\u2003 \u200c\u2003 \u200c\u2003 \u200c\u2003 \u200c\u2003 \u200c\u2003 \u200c\u2003 \u200c\u2003 \u200c\u2003 \u200c\u2003 \u200c\u2003 \u200c\u2003 \u200c\u2003 \u200c\u2003 \u200c\u2003 \u200c\u2003 \u200c\u2003 \u200c\u2003 \u200c\u2003 \u200c\u2003 \u200c\u2003 \u200c\u2003 \u200c\u2003 \u200c\u2003 \u200c\u2003 \u200c\u2003 \u200c\u2003 \u200c\u2003 \u200c\u2003 \u200c\u2003 \u200c\u2003 \u200c\u2003 \u200c\u2003 \u200c\u2003 \u200c\u2003 \u200c\u2003 \u200c\u2003 \u200c\u2003 \u200c\u2003 \u200c\u2003 \u200c\u2003 \u200c\u2003 \u200c\u2003 \u200c\u2003 \u200c\u2003 \u200c\u2003 \u200c\u2003 \u200c\u2003 \u200c\u2003 \u200c\u2003 \u200c\u2003 \u200c\u2003 \u200c\u2003 \u200c\u2003 \u200c\u2003 \u200c\u2003 \u200c\u2003 \u200c\u2003 \u200c\u2003 \u200c\u2003 \u200c\u2003 \u200c\u2003 \u200c\u2003 \u200c\u2003 \u200c\u2003 \u200c\u2003 \u200c\u2003 \u200c\u2003 \u200c\u2003 \u200c\u2003 \u200c\u2003 \u200c\u2003 \u200c\u2003 \u200c\u2003 \u200c\u2003 \u200c\u2003 \u200c\u2003 \u200c\u2003 \u200c\u2003 \u200c\u2003 \u200c\u2003 \u200c\u2003 \u200c\u2003 \u200c\u2003 \u200c\u2003 \u200c\u2003 \u200c\u2003 \u200c\u2003 \u200c\u2003 \u200c\u2003 \u200c\u2003 \u200c\u2003 \u200c\u2003 \u200c\u2003 \u200c\u2003 \u200c\u2003 \u200c\u2003 \u200c\u2003 \u200c\u2003 \u200c\u2003 \u200c\u2003 \u200c\u2003 \u200c\u2003 \u200c\u2003 \u200c\u2003 \u200c\u2003 \u200c\u2003 \u200c\u2003 \u200c\u2003 \u200c\u2003 \u200c\u2003 \u200c\u2003 \u200c\u2003 \u200c\u2003 \u200c\u2003 \u200c\u2003 \u200c\u2003 \u200c\u2003 \u200c\u2003 \u200c\u2003 \u200c\u2003 \u200c\u2003 \u200c\u2003 \u200c\u2003 \u200c\u2003 \u200c\u2003 \u200c\u2003 \u200c\u2003 \u200c\u2003 \u200c\u2003 \u200c\u2003 \u200c\u2003 \u200c\u2003 \u200c\u2003 \u200c\u2003 \u200c\u2003 \u200c\u2003 \u200c\u2003 \u200c\u2003 \u200c\u2003 \u200c\u2003 \u200c\u2003 \u200c\u2003 \u200c\u2003 \u200c\u2003 \u200c\u2003 \u200c\u2003 \u200c\u2003 \u200c\u2003 \u200c\u2003 \u200c\u2003 \u200c\u2003 \u200c\u2003 \u200c\u2003 \u200c\u2003 \u200c\u2003 \u200c\u2003 \u200c\u2003 \u200c\u2003 \u200c\u2003 \u200c\u2003 \u200c\u2003 \u200c\u2003 \u200c\u2003 \u200c\u2003 \u200c\u2003 \u200c\u2003 \u200c\u2003 \u200c\u2003 \u200c\u2003 \u200c\u2003 \u200c\u2003 \u200c\u2003 \u200c\u2003 \u200c\u2003 \u200c\u2003 \u200c\u2003 \u200c\u2003 \u200c\u2003 \u200c\u2003 \u200c\u2003 \u200c\u2003 \u200c\u2003 \u200c\u2003 \u200c\u2003 \u200c\u2003 \u200c\u2003 \u200c\u2003 \u200c\u2003 \u200c\u2003 \u200c\u2003 \u200c\u2003 \u200c\u2003 \u200c\u2003 \u200c\u2003 \u200c\u2003 \u200c\u2003 \u200c\u2003 \u200c\u2003 \u200c\u2003 \u200c\u2003 \u200c\u2003 \u200c\u2003 \u200c\u2003 \u200c\u2003 \u200c\u2003 \u200c\u2003 \u200c\u2003 \u200c\u2003 \u200c\u2003 \u200c\u2003 \u200c\u2003 \u200c\u2003 \u200c\u2003 \u200c\u2003 \u200c\u2003 \u200c\u2003 \u200c\u2003 \u200c\u2003 \u200c\u2003 \u200c\u2003 \u200c\u2003 \u200c\u2003 \u200c\u2003 \u200c\u2003 \u200c\u2003 \u200c\u2003 \u200c\u2003 \u200c\u2003 \u200c\u2003 \u200c\u2003 \u200c\u2003 \u200c\u2003 \u200c\u2003 \u200c\u2003 \u200c\u2003 \u200c\u2003 \u200c\u2003 \u200c\u2003 \u200c\u2003 \u200c\u2003 \u200c\u2003 \u200c\u2003 \u200c\u2003 \u200c\u2003 \u200c\u2003 \u200c\u2003 \u200c\u2003 \u200c', '', '', '', '', '', '', '', '', '', '', '', '', '', '', '💬Jing Yi评论了一篇帖子，你还没看过哦。5月20日 23:09查看黃枫銘、 Ja Cob 、 Meng Chun Lee 和其他 294 位用户留下心情', '', '💬Jing Yi评论了一篇帖子，你还没看过哦。5月20日 23:09查看黃枫銘、 Ja Cob 、 Meng Chun Lee 和其他 294 位用户留下心情', '💬Jing Yi评论了一篇帖子，你还没看过哦。5月20日 23:09查看', '', '', '💬Jing Yi评论了一篇帖子，你还没看过哦。5月20日 23:09查看', '💬Jing Yi评论了一篇帖子，你还没看过哦。5月20日 23:09', '💬Jing Yi评论了一篇帖子，你还没看过哦。', '', '5月20日 23:09', '', '查看', '查看', '', '黃枫銘、 Ja Cob 、 Meng Chun Lee 和其他 294 位用户留下心情', '', '', '黃枫銘、 Ja Cob 、 Meng Chun Lee 和其他 294 位用户留下心情', '', '', '', '此邮件发给497720537@qq.com。 如果不希望再收到 Meta 的这类邮件，请退订。Meta Platforms, Inc., Attention: Community Support, 1 Meta Way, Menlo Park, CA 94025', '', '此邮件发给497720537@qq.com。 如果不希望再收到 Meta 的这类邮件，请退订。Meta Platforms, Inc., Attention: Community Support, 1 Meta Way, Menlo Park, CA 94025', '', '', '为保护你的主页安全，请勿转发这封邮件。详细了解', '为保护你的主页安全，请勿转发这封邮件。详细了解', '', '']
[2026-05-25 02:10:49] QQ-主 邮件 3747 无有效信号
[2026-05-25 02:10:49]  正在连接 QQ-备用 邮箱服务器 (shouqianbadavid@qq.com) ...
[2026-05-25 02:11:25]  正在连接 QQ-主 邮箱服务器 (497720537@qq.com) ...
[2026-05-25 02:11:25]  正在连接 QQ-备用 邮箱服务器 (shouqianbadavid@qq.com) ...
[2026-05-25 02:12:01]  正在连接 QQ-主 邮箱服务器 (497720537@qq.com) ...
[2026-05-25 02:12:02]  正在连接 QQ-备用 邮箱服务器 (shouqianbadavid@qq.com) ...
[2026-05-25 02:12:38]  正在连接 QQ-主 邮箱服务器 (497720537@qq.com) ...
[2026-05-25 02:12:39]  正在连接 QQ-备用 邮箱服务器 (shouqianbadavid@qq.com) ...
[2026-05-25 02:13:14]  正在连接 QQ-主 邮箱服务器 (497720537@qq.com) ...
[2026-05-25 02:13:15]  正在连接 QQ-备用 邮箱服务器 (shouqianbadavid@qq.com) ...
[2026-05-25 02:13:51]  正在连接 QQ-主 邮箱服务器 (497720537@qq.com) ...
[2026-05-25 02:13:51]  正在连接 QQ-备用 邮箱服务器 (shouqianbadavid@qq.com) ...
[2026-05-25 02:14:27]  正在连接 QQ-主 邮箱服务器 (497720537@qq.com) ...
[2026-05-25 02:14:28]  正在连接 QQ-备用 邮箱服务器 (shouqianbadavid@qq.com) ...
[2026-05-25 02:15:04]  正在连接 QQ-主 邮箱服务器 (497720537@qq.com) ...
[2026-05-25 02:15:04]  正在连接 QQ-备用 邮箱服务器 (shouqianbadavid@qq.com) ...
[2026-05-25 02:15:41]  正在连接 QQ-主 邮箱服务器 (497720537@qq.com) ...
[2026-05-25 02:15:41]  正在连接 QQ-备用 邮箱服务器 (shouqianbadavid@qq.com) ...
[2026-05-25 02:16:17]  正在连接 QQ-主 邮箱服务器 (497720537@qq.com) ...
[2026-05-25 02:16:18]  正在连接 QQ-备用 邮箱服务器 (shouqianbadavid@qq.com) ...
[2026-05-25 02:16:53]  正在连接 QQ-主 邮箱服务器 (497720537@qq.com) ...
[2026-05-25 02:16:54]  正在连接 QQ-备用 邮箱服务器 (shouqianbadavid@qq.com) ...
[2026-05-25 02:17:29]  正在连接 QQ-主 邮箱服务器 (497720537@qq.com) ...
[2026-05-25 02:17:30]  正在连接 QQ-备用 邮箱服务器 (shouqianbadavid@qq.com) ...
[2026-05-25 02:18:06]  正在连接 QQ-主 邮箱服务器 (497720537@qq.com) ...
[2026-05-25 02:18:06]  正在连接 QQ-备用 邮箱服务器 (shouqianbadavid@qq.com) ...
[2026-05-25 02:18:42]  正在连接 QQ-主 邮箱服务器 (497720537@qq.com) ...
[2026-05-25 02:18:43]  正在连接 QQ-备用 邮箱服务器 (shouqianbadavid@qq.com) ...
[2026-05-25 02:19:18]  正在连接 QQ-主 邮箱服务器 (497720537@qq.com) ...
[2026-05-25 02:19:19]  正在连接 QQ-备用 邮箱服务器 (shouqianbadavid@qq.com) ...
[2026-05-25 02:19:54]  正在连接 QQ-主 邮箱服务器 (497720537@qq.com) ...
[2026-05-25 02:19:55]  正在连接 QQ-备用 邮箱服务器 (shouqianbadavid@qq.com) ...
[2026-05-25 02:20:31]  正在连接 QQ-主 邮箱服务器 (497720537@qq.com) ...
[2026-05-25 02:20:32]  正在连接 QQ-备用 邮箱服务器 (shouqianbadavid@qq.com) ...
[2026-05-25 02:21:07]  正在连接 QQ-主 邮箱服务器 (497720537@qq.com) ...
[2026-05-25 02:21:08]  正在连接 QQ-备用 邮箱服务器 (shouqianbadavid@qq.com) ...
[2026-05-25 02:21:44]  正在连接 QQ-主 邮箱服务器 (497720537@qq.com) ...
[2026-05-25 02:21:45]  正在连接 QQ-备用 邮箱服务器 (shouqianbadavid@qq.com) ...
[2026-05-25 02:22:20]  正在连接 QQ-主 邮箱服务器 (497720537@qq.com) ...
[2026-05-25 02:22:21]  正在连接 QQ-备用 邮箱服务器 (shouqianbadavid@qq.com) ...
[2026-05-25 02:22:57]  正在连接 QQ-主 邮箱服务器 (497720537@qq.com) ...
[2026-05-25 02:22:57]  正在连接 QQ-备用 邮箱服务器 (shouqianbadavid@qq.com) ...
[2026-05-25 02:23:33]  正在连接 QQ-主 邮箱服务器 (497720537@qq.com) ...
[2026-05-25 02:23:34]  正在连接 QQ-备用 邮箱服务器 (shouqianbadavid@qq.com) ...
[2026-05-25 02:24:10]  正在连接 QQ-主 邮箱服务器 (497720537@qq.com) ...
[2026-05-25 02:24:10]  正在连接 QQ-备用 邮箱服务器 (shouqianbadavid@qq.com) ...
[2026-05-25 02:24:46]  正在连接 QQ-主 邮箱服务器 (497720537@qq.com) ...
[2026-05-25 02:24:47]  正在连接 QQ-备用 邮箱服务器 (shouqianbadavid@qq.com) ...
[2026-05-25 02:25:23]  正在连接 QQ-主 邮箱服务器 (497720537@qq.com) ...
[2026-05-25 02:25:23]  正在连接 QQ-备用 邮箱服务器 (shouqianbadavid@qq.com) ...
[2026-05-25 02:25:59]  正在连接 QQ-主 邮箱服务器 (497720537@qq.com) ...
[2026-05-25 02:26:00]  正在连接 QQ-备用 邮箱服务器 (shouqianbadavid@qq.com) ...
[2026-05-25 02:26:35]  正在连接 QQ-主 邮箱服务器 (497720537@qq.com) ...
[2026-05-25 02:26:36]  正在连接 QQ-备用 邮箱服务器 (shouqianbadavid@qq.com) ...
[2026-05-25 02:27:12]  正在连接 QQ-主 邮箱服务器 (497720537@qq.com) ...
[2026-05-25 02:27:12]  正在连接 QQ-备用 邮箱服务器 (shouqianbadavid@qq.com) ...
[2026-05-25 02:27:48]  正在连接 QQ-主 邮箱服务器 (497720537@qq.com) ...
[2026-05-25 02:27:49]  正在连接 QQ-备用 邮箱服务器 (shouqianbadavid@qq.com) ...
[2026-05-25 02:28:26]  正在连接 QQ-主 邮箱服务器 (497720537@qq.com) ...
[2026-05-25 02:28:26]  正在连接 QQ-备用 邮箱服务器 (shouqianbadavid@qq.com) ...
[2026-05-25 02:29:02]  正在连接 QQ-主 邮箱服务器 (497720537@qq.com) ...
[2026-05-25 02:29:03]  正在连接 QQ-备用 邮箱服务器 (shouqianbadavid@qq.com) ...
[2026-05-25 02:29:39]  正在连接 QQ-主 邮箱服务器 (497720537@qq.com) ...
[2026-05-25 02:29:39]  正在连接 QQ-备用 邮箱服务器 (shouqianbadavid@qq.com) ...
[2026-05-25 02:30:15]  正在连接 QQ-主 邮箱服务器 (497720537@qq.com) ...
[2026-05-25 02:30:16]  正在连接 QQ-备用 邮箱服务器 (shouqianbadavid@qq.com) ...
[2026-05-25 02:30:52]  正在连接 QQ-主 邮箱服务器 (497720537@qq.com) ...
[2026-05-25 02:30:53]  正在连接 QQ-备用 邮箱服务器 (shouqianbadavid@qq.com) ...
[2026-05-25 02:31:29]  正在连接 QQ-主 邮箱服务器 (497720537@qq.com) ...
[2026-05-25 02:31:30]  正在连接 QQ-备用 邮箱服务器 (shouqianbadavid@qq.com) ...
[2026-05-25 02:32:05]  正在连接 QQ-主 邮箱服务器 (497720537@qq.com) ...
[2026-05-25 02:32:06]  正在连接 QQ-备用 邮箱服务器 (shouqianbadavid@qq.com) ...
[2026-05-25 02:32:42]  正在连接 QQ-主 邮箱服务器 (497720537@qq.com) ...
[2026-05-25 02:32:42]  正在连接 QQ-备用 邮箱服务器 (shouqianbadavid@qq.com) ...
[2026-05-25 02:33:18]  正在连接 QQ-主 邮箱服务器 (497720537@qq.com) ...
[2026-05-25 02:33:19]  正在连接 QQ-备用 邮箱服务器 (shouqianbadavid@qq.com) ...
[2026-05-25 02:33:55]  正在连接 QQ-主 邮箱服务器 (497720537@qq.com) ...
[2026-05-25 02:33:55]  正在连接 QQ-备用 邮箱服务器 (shouqianbadavid@qq.com) ...
[2026-05-25 02:34:31]  正在连接 QQ-主 邮箱服务器 (497720537@qq.com) ...
[2026-05-25 02:34:32]  正在连接 QQ-备用 邮箱服务器 (shouqianbadavid@qq.com) ...
[2026-05-25 02:35:08]  正在连接 QQ-主 邮箱服务器 (497720537@qq.com) ...
[2026-05-25 02:35:09]  正在连接 QQ-备用 邮箱服务器 (shouqianbadavid@qq.com) ...
[2026-05-25 02:35:44]  正在连接 QQ-主 邮箱服务器 (497720537@qq.com) ...
[2026-05-25 02:35:45]  正在连接 QQ-备用 邮箱服务器 (shouqianbadavid@qq.com) ...
[2026-05-25 02:36:21]  正在连接 QQ-主 邮箱服务器 (497720537@qq.com) ...
[2026-05-25 02:36:21]  正在连接 QQ-备用 邮箱服务器 (shouqianbadavid@qq.com) ...
[2026-05-25 02:36:57]  正在连接 QQ-主 邮箱服务器 (497720537@qq.com) ...
[2026-05-25 02:36:58]  正在连接 QQ-备用 邮箱服务器 (shouqianbadavid@qq.com) ...
[2026-05-25 02:37:34]  正在连接 QQ-主 邮箱服务器 (497720537@qq.com) ...
[2026-05-25 02:37:35]  正在连接 QQ-备用 邮箱服务器 (shouqianbadavid@qq.com) ...
[2026-05-25 02:38:11]  正在连接 QQ-主 邮箱服务器 (497720537@qq.com) ...
[2026-05-25 02:38:12]  正在连接 QQ-备用 邮箱服务器 (shouqianbadavid@qq.com) ...
[2026-05-25 02:38:48]  正在连接 QQ-主 邮箱服务器 (497720537@qq.com) ...
[2026-05-25 02:38:48]  正在连接 QQ-备用 邮箱服务器 (shouqianbadavid@qq.com) ...
[2026-05-25 02:39:24]  正在连接 QQ-主 邮箱服务器 (497720537@qq.com) ...
[2026-05-25 02:39:25]  正在连接 QQ-备用 邮箱服务器 (shouqianbadavid@qq.com) ...
[2026-05-25 02:40:01]  正在连接 QQ-主 邮箱服务器 (497720537@qq.com) ...
[2026-05-25 02:40:01]  正在连接 QQ-备用 邮箱服务器 (shouqianbadavid@qq.com) ...
[2026-05-25 02:40:37]  正在连接 QQ-主 邮箱服务器 (497720537@qq.com) ...
[2026-05-25 02:40:38]  正在连接 QQ-备用 邮箱服务器 (shouqianbadavid@qq.com) ...
[2026-05-25 02:41:13]  正在连接 QQ-主 邮箱服务器 (497720537@qq.com) ...
[2026-05-25 02:41:14]  正在连接 QQ-备用 邮箱服务器 (shouqianbadavid@qq.com) ...
[2026-05-25 02:41:50]  正在连接 QQ-主 邮箱服务器 (497720537@qq.com) ...
[2026-05-25 02:41:51]  正在连接 QQ-备用 邮箱服务器 (shouqianbadavid@qq.com) ...
[2026-05-25 02:42:27]  正在连接 QQ-主 邮箱服务器 (497720537@qq.com) ...
[2026-05-25 02:42:27]  正在连接 QQ-备用 邮箱服务器 (shouqianbadavid@qq.com) ...
[2026-05-25 02:43:03]  正在连接 QQ-主 邮箱服务器 (497720537@qq.com) ...
[2026-05-25 02:43:04]  正在连接 QQ-备用 邮箱服务器 (shouqianbadavid@qq.com) ...
[2026-05-25 02:43:40]  正在连接 QQ-主 邮箱服务器 (497720537@qq.com) ...
[2026-05-25 02:43:40]  正在连接 QQ-备用 邮箱服务器 (shouqianbadavid@qq.com) ...
[2026-05-25 02:44:16]  正在连接 QQ-主 邮箱服务器 (497720537@qq.com) ...
[2026-05-25 02:44:17]  正在连接 QQ-备用 邮箱服务器 (shouqianbadavid@qq.com) ...
[2026-05-25 02:44:53]  正在连接 QQ-主 邮箱服务器 (497720537@qq.com) ...
[2026-05-25 02:44:53]  正在连接 QQ-备用 邮箱服务器 (shouqianbadavid@qq.com) ...
[2026-05-25 02:45:29]  正在连接 QQ-主 邮箱服务器 (497720537@qq.com) ...
[2026-05-25 02:45:30]  正在连接 QQ-备用 邮箱服务器 (shouqianbadavid@qq.com) ...
[2026-05-25 02:46:06]  正在连接 QQ-主 邮箱服务器 (497720537@qq.com) ...
[2026-05-25 02:46:06]  正在连接 QQ-备用 邮箱服务器 (shouqianbadavid@qq.com) ...
[2026-05-25 02:46:42]  正在连接 QQ-主 邮箱服务器 (497720537@qq.com) ...
[2026-05-25 02:46:42]  正在连接 QQ-备用 邮箱服务器 (shouqianbadavid@qq.com) ...
[2026-05-25 02:47:18]  正在连接 QQ-主 邮箱服务器 (497720537@qq.com) ...
[2026-05-25 02:47:19]  正在连接 QQ-备用 邮箱服务器 (shouqianbadavid@qq.com) ...
[2026-05-25 02:47:54]  正在连接 QQ-主 邮箱服务器 (497720537@qq.com) ...
[2026-05-25 02:47:55]  正在连接 QQ-备用 邮箱服务器 (shouqianbadavid@qq.com) ...
[2026-05-25 02:48:31]  正在连接 QQ-主 邮箱服务器 (497720537@qq.com) ...
[2026-05-25 02:48:32]  正在连接 QQ-备用 邮箱服务器 (shouqianbadavid@qq.com) ...
[2026-05-25 02:49:07]  正在连接 QQ-主 邮箱服务器 (497720537@qq.com) ...
[2026-05-25 02:49:08]  正在连接 QQ-备用 邮箱服务器 (shouqianbadavid@qq.com) ...
[2026-05-25 02:49:43]  正在连接 QQ-主 邮箱服务器 (497720537@qq.com) ...
[2026-05-25 02:49:44]  正在连接 QQ-备用 邮箱服务器 (shouqianbadavid@qq.com) ...
[2026-05-25 02:50:22]  正在连接 QQ-主 邮箱服务器 (497720537@qq.com) ...
[2026-05-25 02:50:22]  正在连接 QQ-备用 邮箱服务器 (shouqianbadavid@qq.com) ...
[2026-05-25 02:50:58]  正在连接 QQ-主 邮箱服务器 (497720537@qq.com) ...
[2026-05-25 02:50:59]  正在连接 QQ-备用 邮箱服务器 (shouqianbadavid@qq.com) ...
[2026-05-25 02:51:35]  正在连接 QQ-主 邮箱服务器 (497720537@qq.com) ...
[2026-05-25 02:51:35]  正在连接 QQ-备用 邮箱服务器 (shouqianbadavid@qq.com) ...
[2026-05-25 02:52:11]  正在连接 QQ-主 邮箱服务器 (497720537@qq.com) ...
[2026-05-25 02:52:12]  正在连接 QQ-备用 邮箱服务器 (shouqianbadavid@qq.com) ...
[2026-05-25 02:52:47]  正在连接 QQ-主 邮箱服务器 (497720537@qq.com) ...
[2026-05-25 02:52:48]  正在连接 QQ-备用 邮箱服务器 (shouqianbadavid@qq.com) ...
[2026-05-25 02:53:23]  正在连接 QQ-主 邮箱服务器 (497720537@qq.com) ...
[2026-05-25 02:53:25]  正在连接 QQ-备用 邮箱服务器 (shouqianbadavid@qq.com) ...
[2026-05-25 02:54:00]  正在连接 QQ-主 邮箱服务器 (497720537@qq.com) ...
[2026-05-25 02:54:01]  正在连接 QQ-备用 邮箱服务器 (shouqianbadavid@qq.com) ...
[2026-05-25 02:54:37]  正在连接 QQ-主 邮箱服务器 (497720537@qq.com) ...
[2026-05-25 02:54:38]  正在连接 QQ-备用 邮箱服务器 (shouqianbadavid@qq.com) ...
[2026-05-25 02:55:13]  正在连接 QQ-主 邮箱服务器 (497720537@qq.com) ...
[2026-05-25 02:55:14]  正在连接 QQ-备用 邮箱服务器 (shouqianbadavid@qq.com) ...
[2026-05-25 02:55:50]  正在连接 QQ-主 邮箱服务器 (497720537@qq.com) ...
[2026-05-25 02:55:51]  正在连接 QQ-备用 邮箱服务器 (shouqianbadavid@qq.com) ...
[2026-05-25 02:56:27]  正在连接 QQ-主 邮箱服务器 (497720537@qq.com) ...
[2026-05-25 02:56:27]  正在连接 QQ-备用 邮箱服务器 (shouqianbadavid@qq.com) ...
[2026-05-25 02:57:03]  正在连接 QQ-主 邮箱服务器 (497720537@qq.com) ...
[2026-05-25 02:57:04]  正在连接 QQ-备用 邮箱服务器 (shouqianbadavid@qq.com) ...
[2026-05-25 02:57:39]  正在连接 QQ-主 邮箱服务器 (497720537@qq.com) ...
[2026-05-25 02:57:40]  正在连接 QQ-备用 邮箱服务器 (shouqianbadavid@qq.com) ...
[2026-05-25 02:58:16]  正在连接 QQ-主 邮箱服务器 (497720537@qq.com) ...
[2026-05-25 02:58:17]  正在连接 QQ-备用 邮箱服务器 (shouqianbadavid@qq.com) ...
[2026-05-25 02:58:52]  正在连接 QQ-主 邮箱服务器 (497720537@qq.com) ...
[2026-05-25 02:58:53]  正在连接 QQ-备用 邮箱服务器 (shouqianbadavid@qq.com) ...
[2026-05-25 02:59:29]  正在连接 QQ-主 邮箱服务器 (497720537@qq.com) ...
[2026-05-25 02:59:30]  正在连接 QQ-备用 邮箱服务器 (shouqianbadavid@qq.com) ...
[2026-05-25 03:00:05]  正在连接 QQ-主 邮箱服务器 (497720537@qq.com) ...
[2026-05-25 03:00:06]  正在连接 QQ-备用 邮箱服务器 (shouqianbadavid@qq.com) ...
[2026-05-25 03:00:42]  正在连接 QQ-主 邮箱服务器 (497720537@qq.com) ...
[2026-05-25 03:00:43]  正在连接 QQ-备用 邮箱服务器 (shouqianbadavid@qq.com) ...
[2026-05-25 03:01:18]  正在连接 QQ-主 邮箱服务器 (497720537@qq.com) ...
[2026-05-25 03:01:19]  正在连接 QQ-备用 邮箱服务器 (shouqianbadavid@qq.com) ...
[2026-05-25 03:01:54]  正在连接 QQ-主 邮箱服务器 (497720537@qq.com) ...
[2026-05-25 03:01:55]  正在连接 QQ-备用 邮箱服务器 (shouqianbadavid@qq.com) ...
[2026-05-25 03:02:31]  正在连接 QQ-主 邮箱服务器 (497720537@qq.com) ...
[2026-05-25 03:02:31]  正在连接 QQ-备用 邮箱服务器 (shouqianbadavid@qq.com) ...
[2026-05-25 03:03:07]  正在连接 QQ-主 邮箱服务器 (497720537@qq.com) ...
[2026-05-25 03:03:08]  正在连接 QQ-备用 邮箱服务器 (shouqianbadavid@qq.com) ...
[2026-05-25 03:03:44]  正在连接 QQ-主 邮箱服务器 (497720537@qq.com) ...
[2026-05-25 03:03:44]  正在连接 QQ-备用 邮箱服务器 (shouqianbadavid@qq.com) ...
[2026-05-25 03:04:20]  正在连接 QQ-主 邮箱服务器 (497720537@qq.com) ...
[2026-05-25 03:04:21]  正在连接 QQ-备用 邮箱服务器 (shouqianbadavid@qq.com) ...
[2026-05-25 03:04:57]  正在连接 QQ-主 邮箱服务器 (497720537@qq.com) ...
[2026-05-25 03:04:57]  正在连接 QQ-备用 邮箱服务器 (shouqianbadavid@qq.com) ...
[2026-05-25 03:05:33]  正在连接 QQ-主 邮箱服务器 (497720537@qq.com) ...
[2026-05-25 03:05:34]  正在连接 QQ-备用 邮箱服务器 (shouqianbadavid@qq.com) ...
[2026-05-25 03:06:10]  正在连接 QQ-主 邮箱服务器 (497720537@qq.com) ...
[2026-05-25 03:06:10]  正在连接 QQ-备用 邮箱服务器 (shouqianbadavid@qq.com) ...
[2026-05-25 03:06:46]  正在连接 QQ-主 邮箱服务器 (497720537@qq.com) ...
[2026-05-25 03:06:47]  正在连接 QQ-备用 邮箱服务器 (shouqianbadavid@qq.com) ...
[2026-05-25 03:07:23]  正在连接 QQ-主 邮箱服务器 (497720537@qq.com) ...
[2026-05-25 03:07:23]  正在连接 QQ-备用 邮箱服务器 (shouqianbadavid@qq.com) ...
[2026-05-25 03:07:59]  正在连接 QQ-主 邮箱服务器 (497720537@qq.com) ...
[2026-05-25 03:08:00]  正在连接 QQ-备用 邮箱服务器 (shouqianbadavid@qq.com) ...
[2026-05-25 03:08:36]  正在连接 QQ-主 邮箱服务器 (497720537@qq.com) ...
[2026-05-25 03:08:36]  正在连接 QQ-备用 邮箱服务器 (shouqianbadavid@qq.com) ...
[2026-05-25 03:09:12]  正在连接 QQ-主 邮箱服务器 (497720537@qq.com) ...
[2026-05-25 03:09:13]  正在连接 QQ-备用 邮箱服务器 (shouqianbadavid@qq.com) ...
[2026-05-25 03:09:48]  正在连接 QQ-主 邮箱服务器 (497720537@qq.com) ...
[2026-05-25 03:09:49]  正在连接 QQ-备用 邮箱服务器 (shouqianbadavid@qq.com) ...
[2026-05-25 03:10:25]  正在连接 QQ-主 邮箱服务器 (497720537@qq.com) ...
[2026-05-25 03:10:26]  正在连接 QQ-备用 邮箱服务器 (shouqianbadavid@qq.com) ...
[2026-05-25 03:11:01]  正在连接 QQ-主 邮箱服务器 (497720537@qq.com) ...
[2026-05-25 03:11:02]  正在连接 QQ-备用 邮箱服务器 (shouqianbadavid@qq.com) ...
[2026-05-25 03:11:38]  正在连接 QQ-主 邮箱服务器 (497720537@qq.com) ...
[2026-05-25 03:11:39]  正在连接 QQ-备用 邮箱服务器 (shouqianbadavid@qq.com) ...
[2026-05-25 03:12:15]  正在连接 QQ-主 邮箱服务器 (497720537@qq.com) ...
[2026-05-25 03:12:15]  正在连接 QQ-备用 邮箱服务器 (shouqianbadavid@qq.com) ...
[2026-05-25 03:12:51]  正在连接 QQ-主 邮箱服务器 (497720537@qq.com) ...
[2026-05-25 03:12:52]  正在连接 QQ-备用 邮箱服务器 (shouqianbadavid@qq.com) ...
[2026-05-25 03:13:28]  正在连接 QQ-主 邮箱服务器 (497720537@qq.com) ...
[2026-05-25 03:13:29]  正在连接 QQ-备用 邮箱服务器 (shouqianbadavid@qq.com) ...
[2026-05-25 03:14:05]  正在连接 QQ-主 邮箱服务器 (497720537@qq.com) ...
[2026-05-25 03:14:05]  正在连接 QQ-备用 邮箱服务器 (shouqianbadavid@qq.com) ...
[2026-05-25 03:14:41]  正在连接 QQ-主 邮箱服务器 (497720537@qq.com) ...
[2026-05-25 03:14:42]  正在连接 QQ-备用 邮箱服务器 (shouqianbadavid@qq.com) ...
[2026-05-25 03:15:17]  正在连接 QQ-主 邮箱服务器 (497720537@qq.com) ...
[2026-05-25 03:15:18]  正在连接 QQ-备用 邮箱服务器 (shouqianbadavid@qq.com) ...
[2026-05-25 03:15:54]  正在连接 QQ-主 邮箱服务器 (497720537@qq.com) ...
[2026-05-25 03:15:55]  正在连接 QQ-备用 邮箱服务器 (shouqianbadavid@qq.com) ...
[2026-05-25 03:16:30]  正在连接 QQ-主 邮箱服务器 (497720537@qq.com) ...
[2026-05-25 03:16:31]  正在连接 QQ-备用 邮箱服务器 (shouqianbadavid@qq.com) ...
[2026-05-25 03:17:07]  正在连接 QQ-主 邮箱服务器 (497720537@qq.com) ...
[2026-05-25 03:17:08]  正在连接 QQ-备用 邮箱服务器 (shouqianbadavid@qq.com) ...
[2026-05-25 03:17:44]  正在连接 QQ-主 邮箱服务器 (497720537@qq.com) ...
[2026-05-25 03:17:44]  正在连接 QQ-备用 邮箱服务器 (shouqianbadavid@qq.com) ...
[2026-05-25 03:18:20]  正在连接 QQ-主 邮箱服务器 (497720537@qq.com) ...
[2026-05-25 03:18:21]  正在连接 QQ-备用 邮箱服务器 (shouqianbadavid@qq.com) ...
[2026-05-25 03:18:57]  正在连接 QQ-主 邮箱服务器 (497720537@qq.com) ...
[2026-05-25 03:18:58]  正在连接 QQ-备用 邮箱服务器 (shouqianbadavid@qq.com) ...
[2026-05-25 03:19:33]  正在连接 QQ-主 邮箱服务器 (497720537@qq.com) ...
[2026-05-25 03:19:34]  正在连接 QQ-备用 邮箱服务器 (shouqianbadavid@qq.com) ...
[2026-05-25 03:20:10]  正在连接 QQ-主 邮箱服务器 (497720537@qq.com) ...
[2026-05-25 03:20:11]  正在连接 QQ-备用 邮箱服务器 (shouqianbadavid@qq.com) ...
[2026-05-25 03:20:47]  正在连接 QQ-主 邮箱服务器 (497720537@qq.com) ...
[2026-05-25 03:20:47]  正在连接 QQ-备用 邮箱服务器 (shouqianbadavid@qq.com) ...
[2026-05-25 03:21:23]  正在连接 QQ-主 邮箱服务器 (497720537@qq.com) ...
[2026-05-25 03:21:24]  正在连接 QQ-备用 邮箱服务器 (shouqianbadavid@qq.com) ...
[2026-05-25 03:22:00]  正在连接 QQ-主 邮箱服务器 (497720537@qq.com) ...
[2026-05-25 03:22:01]  正在连接 QQ-备用 邮箱服务器 (shouqianbadavid@qq.com) ...
[2026-05-25 03:22:36]  正在连接 QQ-主 邮箱服务器 (497720537@qq.com) ...
[2026-05-25 03:22:37]  正在连接 QQ-备用 邮箱服务器 (shouqianbadavid@qq.com) ...
[2026-05-25 03:23:13]  正在连接 QQ-主 邮箱服务器 (497720537@qq.com) ...
[2026-05-25 03:23:14]  正在连接 QQ-备用 邮箱服务器 (shouqianbadavid@qq.com) ...
[2026-05-25 03:23:50]  正在连接 QQ-主 邮箱服务器 (497720537@qq.com) ...
[2026-05-25 03:23:50]  正在连接 QQ-备用 邮箱服务器 (shouqianbadavid@qq.com) ...
[2026-05-25 03:24:26]  正在连接 QQ-主 邮箱服务器 (497720537@qq.com) ...
[2026-05-25 03:24:27]  正在连接 QQ-备用 邮箱服务器 (shouqianbadavid@qq.com) ...
[2026-05-25 03:25:03]  正在连接 QQ-主 邮箱服务器 (497720537@qq.com) ...
[2026-05-25 03:25:03]  正在连接 QQ-备用 邮箱服务器 (shouqianbadavid@qq.com) ...
[2026-05-25 03:25:39]  正在连接 QQ-主 邮箱服务器 (497720537@qq.com) ...
[2026-05-25 03:25:41]  正在连接 QQ-备用 邮箱服务器 (shouqianbadavid@qq.com) ...
[2026-05-25 03:26:16]  正在连接 QQ-主 邮箱服务器 (497720537@qq.com) ...
[2026-05-25 03:26:17]  正在连接 QQ-备用 邮箱服务器 (shouqianbadavid@qq.com) ...
[2026-05-25 03:26:52]  正在连接 QQ-主 邮箱服务器 (497720537@qq.com) ...
[2026-05-25 03:26:53]  正在连接 QQ-备用 邮箱服务器 (shouqianbadavid@qq.com) ...
[2026-05-25 03:27:29]  正在连接 QQ-主 邮箱服务器 (497720537@qq.com) ...
[2026-05-25 03:27:29]  正在连接 QQ-备用 邮箱服务器 (shouqianbadavid@qq.com) ...
[2026-05-25 03:28:05]  正在连接 QQ-主 邮箱服务器 (497720537@qq.com) ...
[2026-05-25 03:28:06]  正在连接 QQ-备用 邮箱服务器 (shouqianbadavid@qq.com) ...
[2026-05-25 03:28:41]  正在连接 QQ-主 邮箱服务器 (497720537@qq.com) ...
[2026-05-25 03:28:42]  正在连接 QQ-备用 邮箱服务器 (shouqianbadavid@qq.com) ...
[2026-05-25 03:29:17]  正在连接 QQ-主 邮箱服务器 (497720537@qq.com) ...
[2026-05-25 03:29:18]  正在连接 QQ-备用 邮箱服务器 (shouqianbadavid@qq.com) ...
[2026-05-25 03:29:54]  正在连接 QQ-主 邮箱服务器 (497720537@qq.com) ...
[2026-05-25 03:29:55]  正在连接 QQ-备用 邮箱服务器 (shouqianbadavid@qq.com) ...
[2026-05-25 03:30:30]  正在连接 QQ-主 邮箱服务器 (497720537@qq.com) ...
[2026-05-25 03:30:31]  正在连接 QQ-备用 邮箱服务器 (shouqianbadavid@qq.com) ...
[2026-05-25 03:31:07]  正在连接 QQ-主 邮箱服务器 (497720537@qq.com) ...
[2026-05-25 03:31:10]  正在连接 QQ-备用 邮箱服务器 (shouqianbadavid@qq.com) ...
[2026-05-25 03:31:46]  正在连接 QQ-主 邮箱服务器 (497720537@qq.com) ...
[2026-05-25 03:31:46]  正在连接 QQ-备用 邮箱服务器 (shouqianbadavid@qq.com) ...
[2026-05-25 03:32:22]  正在连接 QQ-主 邮箱服务器 (497720537@qq.com) ...
[2026-05-25 03:32:23]  正在连接 QQ-备用 邮箱服务器 (shouqianbadavid@qq.com) ...
[2026-05-25 03:32:59]  正在连接 QQ-主 邮箱服务器 (497720537@qq.com) ...
[2026-05-25 03:33:00]  正在连接 QQ-备用 邮箱服务器 (shouqianbadavid@qq.com) ...
[2026-05-25 03:33:35]  正在连接 QQ-主 邮箱服务器 (497720537@qq.com) ...
[2026-05-25 03:33:36]  正在连接 QQ-备用 邮箱服务器 (shouqianbadavid@qq.com) ...
[2026-05-25 03:34:12]  正在连接 QQ-主 邮箱服务器 (497720537@qq.com) ...
[2026-05-25 03:34:13]  正在连接 QQ-备用 邮箱服务器 (shouqianbadavid@qq.com) ...
[2026-05-25 03:34:48]  正在连接 QQ-主 邮箱服务器 (497720537@qq.com) ...
[2026-05-25 03:34:49]  正在连接 QQ-备用 邮箱服务器 (shouqianbadavid@qq.com) ...
[2026-05-25 03:35:25]  正在连接 QQ-主 邮箱服务器 (497720537@qq.com) ...
[2026-05-25 03:35:26]  正在连接 QQ-备用 邮箱服务器 (shouqianbadavid@qq.com) ...
[2026-05-25 03:36:01]  正在连接 QQ-主 邮箱服务器 (497720537@qq.com) ...
[2026-05-25 03:36:02]  正在连接 QQ-备用 邮箱服务器 (shouqianbadavid@qq.com) ...
[2026-05-25 03:36:37]  正在连接 QQ-主 邮箱服务器 (497720537@qq.com) ...
[2026-05-25 03:36:38]  正在连接 QQ-备用 邮箱服务器 (shouqianbadavid@qq.com) ...
[2026-05-25 03:37:14]  正在连接 QQ-主 邮箱服务器 (497720537@qq.com) ...
[2026-05-25 03:37:15]  正在连接 QQ-备用 邮箱服务器 (shouqianbadavid@qq.com) ...
[2026-05-25 03:37:50]  正在连接 QQ-主 邮箱服务器 (497720537@qq.com) ...
[2026-05-25 03:37:51]  正在连接 QQ-备用 邮箱服务器 (shouqianbadavid@qq.com) ...
[2026-05-25 03:38:27]  正在连接 QQ-主 邮箱服务器 (497720537@qq.com) ...
[2026-05-25 03:38:27]  正在连接 QQ-备用 邮箱服务器 (shouqianbadavid@qq.com) ...
[2026-05-25 03:39:03]  正在连接 QQ-主 邮箱服务器 (497720537@qq.com) ...
[2026-05-25 03:39:04]  正在连接 QQ-备用 邮箱服务器 (shouqianbadavid@qq.com) ...
[2026-05-25 03:39:39]  正在连接 QQ-主 邮箱服务器 (497720537@qq.com) ...
[2026-05-25 03:39:40]  正在连接 QQ-备用 邮箱服务器 (shouqianbadavid@qq.com) ...
[2026-05-25 03:40:16]  正在连接 QQ-主 邮箱服务器 (497720537@qq.com) ...
[2026-05-25 03:40:17]  正在连接 QQ-备用 邮箱服务器 (shouqianbadavid@qq.com) ...
[2026-05-25 03:40:53]  正在连接 QQ-主 邮箱服务器 (497720537@qq.com) ...
[2026-05-25 03:40:53]  正在连接 QQ-备用 邮箱服务器 (shouqianbadavid@qq.com) ...
[2026-05-25 03:41:29]  正在连接 QQ-主 邮箱服务器 (497720537@qq.com) ...
[2026-05-25 03:41:29]  正在连接 QQ-备用 邮箱服务器 (shouqianbadavid@qq.com) ...
[2026-05-25 03:42:05]  正在连接 QQ-主 邮箱服务器 (497720537@qq.com) ...
[2026-05-25 03:42:05]  正在连接 QQ-备用 邮箱服务器 (shouqianbadavid@qq.com) ...
[2026-05-25 03:42:41]  正在连接 QQ-主 邮箱服务器 (497720537@qq.com) ...
[2026-05-25 03:42:42]  正在连接 QQ-备用 邮箱服务器 (shouqianbadavid@qq.com) ...
[2026-05-25 03:43:18]  正在连接 QQ-主 邮箱服务器 (497720537@qq.com) ...
[2026-05-25 03:43:19]  正在连接 QQ-备用 邮箱服务器 (shouqianbadavid@qq.com) ...
[2026-05-25 03:43:54]  正在连接 QQ-主 邮箱服务器 (497720537@qq.com) ...
[2026-05-25 03:43:55]  正在连接 QQ-备用 邮箱服务器 (shouqianbadavid@qq.com) ...
[2026-05-25 03:44:31]  正在连接 QQ-主 邮箱服务器 (497720537@qq.com) ...
[2026-05-25 03:44:32]  正在连接 QQ-备用 邮箱服务器 (shouqianbadavid@qq.com) ...
[2026-05-25 03:45:07]  正在连接 QQ-主 邮箱服务器 (497720537@qq.com) ...
[2026-05-25 03:45:08]  正在连接 QQ-备用 邮箱服务器 (shouqianbadavid@qq.com) ...
[2026-05-25 03:45:43]  正在连接 QQ-主 邮箱服务器 (497720537@qq.com) ...
[2026-05-25 03:45:45]  正在连接 QQ-备用 邮箱服务器 (shouqianbadavid@qq.com) ...
[2026-05-25 03:46:20]  正在连接 QQ-主 邮箱服务器 (497720537@qq.com) ...
[2026-05-25 03:46:21]  正在连接 QQ-备用 邮箱服务器 (shouqianbadavid@qq.com) ...
[2026-05-25 03:46:57]  正在连接 QQ-主 邮箱服务器 (497720537@qq.com) ...
[2026-05-25 03:46:59]  正在连接 QQ-备用 邮箱服务器 (shouqianbadavid@qq.com) ...
[2026-05-25 03:47:35]  正在连接 QQ-主 邮箱服务器 (497720537@qq.com) ...
[2026-05-25 03:47:36]  正在连接 QQ-备用 邮箱服务器 (shouqianbadavid@qq.com) ...
[2026-05-25 03:48:12]  正在连接 QQ-主 邮箱服务器 (497720537@qq.com) ...
[2026-05-25 03:48:12]  正在连接 QQ-备用 邮箱服务器 (shouqianbadavid@qq.com) ...
[2026-05-25 03:48:48]  正在连接 QQ-主 邮箱服务器 (497720537@qq.com) ...
[2026-05-25 03:48:49]  正在连接 QQ-备用 邮箱服务器 (shouqianbadavid@qq.com) ...
[2026-05-25 03:49:24]  正在连接 QQ-主 邮箱服务器 (497720537@qq.com) ...
[2026-05-25 03:49:25]  正在连接 QQ-备用 邮箱服务器 (shouqianbadavid@qq.com) ...
[2026-05-25 03:50:01]  正在连接 QQ-主 邮箱服务器 (497720537@qq.com) ...
[2026-05-25 03:50:02]  正在连接 QQ-备用 邮箱服务器 (shouqianbadavid@qq.com) ...
[2026-05-25 03:50:37]  正在连接 QQ-主 邮箱服务器 (497720537@qq.com) ...
[2026-05-25 03:50:38]  正在连接 QQ-备用 邮箱服务器 (shouqianbadavid@qq.com) ...
[2026-05-25 03:51:14]  正在连接 QQ-主 邮箱服务器 (497720537@qq.com) ...
[2026-05-25 03:51:15]  正在连接 QQ-备用 邮箱服务器 (shouqianbadavid@qq.com) ...
[2026-05-25 03:51:50]  正在连接 QQ-主 邮箱服务器 (497720537@qq.com) ...
[2026-05-25 03:51:51]  正在连接 QQ-备用 邮箱服务器 (shouqianbadavid@qq.com) ...
[2026-05-25 03:52:27]  正在连接 QQ-主 邮箱服务器 (497720537@qq.com) ...
[2026-05-25 03:52:27]  正在连接 QQ-备用 邮箱服务器 (shouqianbadavid@qq.com) ...
[2026-05-25 03:53:03]  正在连接 QQ-主 邮箱服务器 (497720537@qq.com) ...
[2026-05-25 03:53:04]  正在连接 QQ-备用 邮箱服务器 (shouqianbadavid@qq.com) ...
[2026-05-25 03:53:40]  正在连接 QQ-主 邮箱服务器 (497720537@qq.com) ...
[2026-05-25 03:53:40]  正在连接 QQ-备用 邮箱服务器 (shouqianbadavid@qq.com) ...
[2026-05-25 03:54:16]  正在连接 QQ-主 邮箱服务器 (497720537@qq.com) ...
[2026-05-25 03:54:17]  正在连接 QQ-备用 邮箱服务器 (shouqianbadavid@qq.com) ...
[2026-05-25 03:54:53]  正在连接 QQ-主 邮箱服务器 (497720537@qq.com) ...
[2026-05-25 03:54:54]  正在连接 QQ-备用 邮箱服务器 (shouqianbadavid@qq.com) ...
[2026-05-25 03:55:30]  正在连接 QQ-主 邮箱服务器 (497720537@qq.com) ...
[2026-05-25 03:55:30]  正在连接 QQ-备用 邮箱服务器 (shouqianbadavid@qq.com) ...
[2026-05-25 03:56:06]  正在连接 QQ-主 邮箱服务器 (497720537@qq.com) ...
[2026-05-25 03:56:06]  正在连接 QQ-备用 邮箱服务器 (shouqianbadavid@qq.com) ...
[2026-05-25 03:56:42]  正在连接 QQ-主 邮箱服务器 (497720537@qq.com) ...
[2026-05-25 03:56:42]  正在连接 QQ-备用 邮箱服务器 (shouqianbadavid@qq.com) ...
[2026-05-25 03:57:18]  正在连接 QQ-主 邮箱服务器 (497720537@qq.com) ...
[2026-05-25 03:57:19]  正在连接 QQ-备用 邮箱服务器 (shouqianbadavid@qq.com) ...
[2026-05-25 03:57:56]  正在连接 QQ-主 邮箱服务器 (497720537@qq.com) ...
[2026-05-25 03:57:56]  正在连接 QQ-备用 邮箱服务器 (shouqianbadavid@qq.com) ...
[2026-05-25 03:58:32]  正在连接 QQ-主 邮箱服务器 (497720537@qq.com) ...
[2026-05-25 03:58:32]  正在连接 QQ-备用 邮箱服务器 (shouqianbadavid@qq.com) ...
[2026-05-25 03:59:08]  正在连接 QQ-主 邮箱服务器 (497720537@qq.com) ...
[2026-05-25 03:59:09]  正在连接 QQ-备用 邮箱服务器 (shouqianbadavid@qq.com) ...
[2026-05-25 03:59:44]  正在连接 QQ-主 邮箱服务器 (497720537@qq.com) ...
[2026-05-25 03:59:45]  正在连接 QQ-备用 邮箱服务器 (shouqianbadavid@qq.com) ...
[2026-05-25 04:00:21]  正在连接 QQ-主 邮箱服务器 (497720537@qq.com) ...
[2026-05-25 04:00:22]  正在连接 QQ-备用 邮箱服务器 (shouqianbadavid@qq.com) ...
[2026-05-25 04:00:57]  正在连接 QQ-主 邮箱服务器 (497720537@qq.com) ...
[2026-05-25 04:00:58]  正在连接 QQ-备用 邮箱服务器 (shouqianbadavid@qq.com) ...
[2026-05-25 04:01:34]  正在连接 QQ-主 邮箱服务器 (497720537@qq.com) ...
[2026-05-25 04:01:34]  正在连接 QQ-备用 邮箱服务器 (shouqianbadavid@qq.com) ...
[2026-05-25 04:02:10]  正在连接 QQ-主 邮箱服务器 (497720537@qq.com) ...
[2026-05-25 04:02:11]  正在连接 QQ-备用 邮箱服务器 (shouqianbadavid@qq.com) ...
[2026-05-25 04:02:47]  正在连接 QQ-主 邮箱服务器 (497720537@qq.com) ...
[2026-05-25 04:02:47]  正在连接 QQ-备用 邮箱服务器 (shouqianbadavid@qq.com) ...
[2026-05-25 04:03:23]  正在连接 QQ-主 邮箱服务器 (497720537@qq.com) ...
[2026-05-25 04:03:23]  正在连接 QQ-备用 邮箱服务器 (shouqianbadavid@qq.com) ...
[2026-05-25 04:03:59]  正在连接 QQ-主 邮箱服务器 (497720537@qq.com) ...
[2026-05-25 04:04:00]  正在连接 QQ-备用 邮箱服务器 (shouqianbadavid@qq.com) ...
[2026-05-25 04:04:36]  正在连接 QQ-主 邮箱服务器 (497720537@qq.com) ...
[2026-05-25 04:04:36]  正在连接 QQ-备用 邮箱服务器 (shouqianbadavid@qq.com) ...
[2026-05-25 04:05:12]  正在连接 QQ-主 邮箱服务器 (497720537@qq.com) ...
[2026-05-25 04:05:13]  正在连接 QQ-备用 邮箱服务器 (shouqianbadavid@qq.com) ...
[2026-05-25 04:05:49]  正在连接 QQ-主 邮箱服务器 (497720537@qq.com) ...
[2026-05-25 04:05:49]  正在连接 QQ-备用 邮箱服务器 (shouqianbadavid@qq.com) ...
[2026-05-25 04:06:25]  正在连接 QQ-主 邮箱服务器 (497720537@qq.com) ...
[2026-05-25 04:06:26]  正在连接 QQ-备用 邮箱服务器 (shouqianbadavid@qq.com) ...
[2026-05-25 04:07:02]  正在连接 QQ-主 邮箱服务器 (497720537@qq.com) ...
[2026-05-25 04:07:03]  正在连接 QQ-备用 邮箱服务器 (shouqianbadavid@qq.com) ...
[2026-05-25 04:07:38]  正在连接 QQ-主 邮箱服务器 (497720537@qq.com) ...
[2026-05-25 04:07:39]  正在连接 QQ-备用 邮箱服务器 (shouqianbadavid@qq.com) ...
[2026-05-25 04:08:15]  正在连接 QQ-主 邮箱服务器 (497720537@qq.com) ...
[2026-05-25 04:08:16]  正在连接 QQ-备用 邮箱服务器 (shouqianbadavid@qq.com) ...
[2026-05-25 04:08:52]  正在连接 QQ-主 邮箱服务器 (497720537@qq.com) ...
[2026-05-25 04:08:53]  正在连接 QQ-备用 邮箱服务器 (shouqianbadavid@qq.com) ...
[2026-05-25 04:09:29]  正在连接 QQ-主 邮箱服务器 (497720537@qq.com) ...
[2026-05-25 04:09:30]  正在连接 QQ-备用 邮箱服务器 (shouqianbadavid@qq.com) ...
[2026-05-25 04:10:06]  正在连接 QQ-主 邮箱服务器 (497720537@qq.com) ...
[2026-05-25 04:10:06]  正在连接 QQ-备用 邮箱服务器 (shouqianbadavid@qq.com) ...
[2026-05-25 04:10:43]  正在连接 QQ-主 邮箱服务器 (497720537@qq.com) ...
[2026-05-25 04:10:43]  正在连接 QQ-备用 邮箱服务器 (shouqianbadavid@qq.com) ...
[2026-05-25 04:11:19]  正在连接 QQ-主 邮箱服务器 (497720537@qq.com) ...
[2026-05-25 04:11:20]  正在连接 QQ-备用 邮箱服务器 (shouqianbadavid@qq.com) ...
[2026-05-25 04:11:56]  正在连接 QQ-主 邮箱服务器 (497720537@qq.com) ...
[2026-05-25 04:11:57]  正在连接 QQ-备用 邮箱服务器 (shouqianbadavid@qq.com) ...
[2026-05-25 04:12:33]  正在连接 QQ-主 邮箱服务器 (497720537@qq.com) ...
[2026-05-25 04:12:33]  正在连接 QQ-备用 邮箱服务器 (shouqianbadavid@qq.com) ...
[2026-05-25 04:13:09]  正在连接 QQ-主 邮箱服务器 (497720537@qq.com) ...
[2026-05-25 04:13:10]  正在连接 QQ-备用 邮箱服务器 (shouqianbadavid@qq.com) ...
[2026-05-25 04:13:45]  正在连接 QQ-主 邮箱服务器 (497720537@qq.com) ...
[2026-05-25 04:13:46]  正在连接 QQ-备用 邮箱服务器 (shouqianbadavid@qq.com) ...
[2026-05-25 04:14:22]  正在连接 QQ-主 邮箱服务器 (497720537@qq.com) ...
[2026-05-25 04:14:23]  正在连接 QQ-备用 邮箱服务器 (shouqianbadavid@qq.com) ...
[2026-05-25 04:14:58]  正在连接 QQ-主 邮箱服务器 (497720537@qq.com) ...
[2026-05-25 04:14:59]  正在连接 QQ-备用 邮箱服务器 (shouqianbadavid@qq.com) ...
[2026-05-25 04:15:35]  正在连接 QQ-主 邮箱服务器 (497720537@qq.com) ...
[2026-05-25 04:15:36]  正在连接 QQ-备用 邮箱服务器 (shouqianbadavid@qq.com) ...
[2026-05-25 04:16:11]  正在连接 QQ-主 邮箱服务器 (497720537@qq.com) ...
[2026-05-25 04:16:12]  正在连接 QQ-备用 邮箱服务器 (shouqianbadavid@qq.com) ...
[2026-05-25 04:16:48]  正在连接 QQ-主 邮箱服务器 (497720537@qq.com) ...
[2026-05-25 04:16:48]  正在连接 QQ-备用 邮箱服务器 (shouqianbadavid@qq.com) ...
[2026-05-25 04:17:24]  正在连接 QQ-主 邮箱服务器 (497720537@qq.com) ...
[2026-05-25 04:17:25]  正在连接 QQ-备用 邮箱服务器 (shouqianbadavid@qq.com) ...
[2026-05-25 04:18:01]  正在连接 QQ-主 邮箱服务器 (497720537@qq.com) ...
[2026-05-25 04:18:01]  正在连接 QQ-备用 邮箱服务器 (shouqianbadavid@qq.com) ...
[2026-05-25 04:18:37]  正在连接 QQ-主 邮箱服务器 (497720537@qq.com) ...
[2026-05-25 04:18:38]  正在连接 QQ-备用 邮箱服务器 (shouqianbadavid@qq.com) ...
[2026-05-25 04:19:14]  正在连接 QQ-主 邮箱服务器 (497720537@qq.com) ...
[2026-05-25 04:19:14]  正在连接 QQ-备用 邮箱服务器 (shouqianbadavid@qq.com) ...
[2026-05-25 04:19:50]  正在连接 QQ-主 邮箱服务器 (497720537@qq.com) ...
[2026-05-25 04:19:50]  正在连接 QQ-备用 邮箱服务器 (shouqianbadavid@qq.com) ...
[2026-05-25 04:20:26]  正在连接 QQ-主 邮箱服务器 (497720537@qq.com) ...
[2026-05-25 04:20:27]  正在连接 QQ-备用 邮箱服务器 (shouqianbadavid@qq.com) ...
[2026-05-25 04:21:02]  正在连接 QQ-主 邮箱服务器 (497720537@qq.com) ...
[2026-05-25 04:21:03]  正在连接 QQ-备用 邮箱服务器 (shouqianbadavid@qq.com) ...
[2026-05-25 04:21:39]  正在连接 QQ-主 邮箱服务器 (497720537@qq.com) ...
[2026-05-25 04:21:40]  正在连接 QQ-备用 邮箱服务器 (shouqianbadavid@qq.com) ...
[2026-05-25 04:22:15]  正在连接 QQ-主 邮箱服务器 (497720537@qq.com) ...
[2026-05-25 04:22:16]  正在连接 QQ-备用 邮箱服务器 (shouqianbadavid@qq.com) ...
[2026-05-25 04:22:52]  正在连接 QQ-主 邮箱服务器 (497720537@qq.com) ...
[2026-05-25 04:22:52]  正在连接 QQ-备用 邮箱服务器 (shouqianbadavid@qq.com) ...
[2026-05-25 04:23:28]  正在连接 QQ-主 邮箱服务器 (497720537@qq.com) ...
[2026-05-25 04:23:29]  正在连接 QQ-备用 邮箱服务器 (shouqianbadavid@qq.com) ...
[2026-05-25 04:24:05]  正在连接 QQ-主 邮箱服务器 (497720537@qq.com) ...
[2026-05-25 04:24:06]  正在连接 QQ-备用 邮箱服务器 (shouqianbadavid@qq.com) ...
[2026-05-25 04:24:41]  正在连接 QQ-主 邮箱服务器 (497720537@qq.com) ...
[2026-05-25 04:24:42]  正在连接 QQ-备用 邮箱服务器 (shouqianbadavid@qq.com) ...
[2026-05-25 04:25:17]  正在连接 QQ-主 邮箱服务器 (497720537@qq.com) ...
[2026-05-25 04:25:18]  正在连接 QQ-备用 邮箱服务器 (shouqianbadavid@qq.com) ...
[2026-05-25 04:25:54]  正在连接 QQ-主 邮箱服务器 (497720537@qq.com) ...
[2026-05-25 04:25:54]  正在连接 QQ-备用 邮箱服务器 (shouqianbadavid@qq.com) ...
[2026-05-25 04:26:30]  正在连接 QQ-主 邮箱服务器 (497720537@qq.com) ...
[2026-05-25 04:26:31]  正在连接 QQ-备用 邮箱服务器 (shouqianbadavid@qq.com) ...
[2026-05-25 04:27:07]  正在连接 QQ-主 邮箱服务器 (497720537@qq.com) ...
[2026-05-25 04:27:08]  正在连接 QQ-备用 邮箱服务器 (shouqianbadavid@qq.com) ...
[2026-05-25 04:27:44]  正在连接 QQ-主 邮箱服务器 (497720537@qq.com) ...
[2026-05-25 04:27:45]  正在连接 QQ-备用 邮箱服务器 (shouqianbadavid@qq.com) ...
[2026-05-25 04:28:20]  正在连接 QQ-主 邮箱服务器 (497720537@qq.com) ...
[2026-05-25 04:28:21]  正在连接 QQ-备用 邮箱服务器 (shouqianbadavid@qq.com) ...
[2026-05-25 04:28:57]  正在连接 QQ-主 邮箱服务器 (497720537@qq.com) ...
[2026-05-25 04:28:58]  正在连接 QQ-备用 邮箱服务器 (shouqianbadavid@qq.com) ...
[2026-05-25 04:29:34]  正在连接 QQ-主 邮箱服务器 (497720537@qq.com) ...
[2026-05-25 04:29:35]  正在连接 QQ-备用 邮箱服务器 (shouqianbadavid@qq.com) ...
[2026-05-25 04:30:11]  正在连接 QQ-主 邮箱服务器 (497720537@qq.com) ...
[2026-05-25 04:30:11]  正在连接 QQ-备用 邮箱服务器 (shouqianbadavid@qq.com) ...
[2026-05-25 04:30:47]  正在连接 QQ-主 邮箱服务器 (497720537@qq.com) ...
[2026-05-25 04:30:50]  正在连接 QQ-备用 邮箱服务器 (shouqianbadavid@qq.com) ...
[2026-05-25 04:31:25]  正在连接 QQ-主 邮箱服务器 (497720537@qq.com) ...
[2026-05-25 04:31:26]  正在连接 QQ-备用 邮箱服务器 (shouqianbadavid@qq.com) ...
[2026-05-25 04:32:02]  正在连接 QQ-主 邮箱服务器 (497720537@qq.com) ...
[2026-05-25 04:32:03]  正在连接 QQ-备用 邮箱服务器 (shouqianbadavid@qq.com) ...
[2026-05-25 04:32:38]  正在连接 QQ-主 邮箱服务器 (497720537@qq.com) ...
[2026-05-25 04:32:39]  正在连接 QQ-备用 邮箱服务器 (shouqianbadavid@qq.com) ...
[2026-05-25 04:33:15]  正在连接 QQ-主 邮箱服务器 (497720537@qq.com) ...
[2026-05-25 04:33:15]  正在连接 QQ-备用 邮箱服务器 (shouqianbadavid@qq.com) ...
[2026-05-25 04:33:51]  正在连接 QQ-主 邮箱服务器 (497720537@qq.com) ...
[2026-05-25 04:33:52]  正在连接 QQ-备用 邮箱服务器 (shouqianbadavid@qq.com) ...
[2026-05-25 04:34:28]  正在连接 QQ-主 邮箱服务器 (497720537@qq.com) ...
[2026-05-25 04:34:29]  正在连接 QQ-备用 邮箱服务器 (shouqianbadavid@qq.com) ...
[2026-05-25 04:35:05]  正在连接 QQ-主 邮箱服务器 (497720537@qq.com) ...
[2026-05-25 04:35:05]  正在连接 QQ-备用 邮箱服务器 (shouqianbadavid@qq.com) ...
[2026-05-25 04:35:41]  正在连接 QQ-主 邮箱服务器 (497720537@qq.com) ...
[2026-05-25 04:35:41]  正在连接 QQ-备用 邮箱服务器 (shouqianbadavid@qq.com) ...
[2026-05-25 04:36:17]  正在连接 QQ-主 邮箱服务器 (497720537@qq.com) ...
[2026-05-25 04:36:18]  正在连接 QQ-备用 邮箱服务器 (shouqianbadavid@qq.com) ...
[2026-05-25 04:36:54]  正在连接 QQ-主 邮箱服务器 (497720537@qq.com) ...
[2026-05-25 04:36:54]  正在连接 QQ-备用 邮箱服务器 (shouqianbadavid@qq.com) ...
[2026-05-25 04:37:30]  正在连接 QQ-主 邮箱服务器 (497720537@qq.com) ...
[2026-05-25 04:37:31]  正在连接 QQ-备用 邮箱服务器 (shouqianbadavid@qq.com) ...
[2026-05-25 04:38:07]  正在连接 QQ-主 邮箱服务器 (497720537@qq.com) ...
[2026-05-25 04:38:07]  正在连接 QQ-备用 邮箱服务器 (shouqianbadavid@qq.com) ...
[2026-05-25 04:38:43]  正在连接 QQ-主 邮箱服务器 (497720537@qq.com) ...
[2026-05-25 04:38:44]  正在连接 QQ-备用 邮箱服务器 (shouqianbadavid@qq.com) ...
[2026-05-25 04:39:20]  正在连接 QQ-主 邮箱服务器 (497720537@qq.com) ...
[2026-05-25 04:39:21]  正在连接 QQ-备用 邮箱服务器 (shouqianbadavid@qq.com) ...
[2026-05-25 04:39:56]  正在连接 QQ-主 邮箱服务器 (497720537@qq.com) ...
[2026-05-25 04:39:57]  正在连接 QQ-备用 邮箱服务器 (shouqianbadavid@qq.com) ...
[2026-05-25 04:40:33]  正在连接 QQ-主 邮箱服务器 (497720537@qq.com) ...
[2026-05-25 04:40:33]  正在连接 QQ-备用 邮箱服务器 (shouqianbadavid@qq.com) ...
[2026-05-25 04:41:09]  正在连接 QQ-主 邮箱服务器 (497720537@qq.com) ...
[2026-05-25 04:41:10]  正在连接 QQ-备用 邮箱服务器 (shouqianbadavid@qq.com) ...
[2026-05-25 04:41:45]  正在连接 QQ-主 邮箱服务器 (497720537@qq.com) ...
[2026-05-25 04:41:46]  正在连接 QQ-备用 邮箱服务器 (shouqianbadavid@qq.com) ...
[2026-05-25 04:42:22]  正在连接 QQ-主 邮箱服务器 (497720537@qq.com) ...
[2026-05-25 04:42:23]  正在连接 QQ-备用 邮箱服务器 (shouqianbadavid@qq.com) ...
[2026-05-25 04:42:59]  正在连接 QQ-主 邮箱服务器 (497720537@qq.com) ...
[2026-05-25 04:42:59]  正在连接 QQ-备用 邮箱服务器 (shouqianbadavid@qq.com) ...
[2026-05-25 04:43:35]  正在连接 QQ-主 邮箱服务器 (497720537@qq.com) ...
[2026-05-25 04:43:37]  正在连接 QQ-备用 邮箱服务器 (shouqianbadavid@qq.com) ...
[2026-05-25 04:44:12]  正在连接 QQ-主 邮箱服务器 (497720537@qq.com) ...
[2026-05-25 04:44:13]  正在连接 QQ-备用 邮箱服务器 (shouqianbadavid@qq.com) ...
[2026-05-25 04:44:49]  正在连接 QQ-主 邮箱服务器 (497720537@qq.com) ...
[2026-05-25 04:44:49]  正在连接 QQ-备用 邮箱服务器 (shouqianbadavid@qq.com) ...
[2026-05-25 04:45:25]  正在连接 QQ-主 邮箱服务器 (497720537@qq.com) ...
[2026-05-25 04:45:26]  正在连接 QQ-备用 邮箱服务器 (shouqianbadavid@qq.com) ...
[2026-05-25 04:46:02]  正在连接 QQ-主 邮箱服务器 (497720537@qq.com) ...
[2026-05-25 04:46:03]  正在连接 QQ-备用 邮箱服务器 (shouqianbadavid@qq.com) ...
[2026-05-25 04:46:38]  正在连接 QQ-主 邮箱服务器 (497720537@qq.com) ...
[2026-05-25 04:46:39]  正在连接 QQ-备用 邮箱服务器 (shouqianbadavid@qq.com) ...
[2026-05-25 04:47:14]  正在连接 QQ-主 邮箱服务器 (497720537@qq.com) ...
[2026-05-25 04:47:15]  正在连接 QQ-备用 邮箱服务器 (shouqianbadavid@qq.com) ...
[2026-05-25 04:47:51]  正在连接 QQ-主 邮箱服务器 (497720537@qq.com) ...
[2026-05-25 04:47:51]  正在连接 QQ-备用 邮箱服务器 (shouqianbadavid@qq.com) ...
[2026-05-25 04:48:27]  正在连接 QQ-主 邮箱服务器 (497720537@qq.com) ...
[2026-05-25 04:48:28]  正在连接 QQ-备用 邮箱服务器 (shouqianbadavid@qq.com) ...
[2026-05-25 04:49:03]  正在连接 QQ-主 邮箱服务器 (497720537@qq.com) ...
[2026-05-25 04:49:04]  正在连接 QQ-备用 邮箱服务器 (shouqianbadavid@qq.com) ...
[2026-05-25 04:49:40]  正在连接 QQ-主 邮箱服务器 (497720537@qq.com) ...
[2026-05-25 04:49:43]  正在连接 QQ-备用 邮箱服务器 (shouqianbadavid@qq.com) ...
[2026-05-25 04:50:18]  正在连接 QQ-主 邮箱服务器 (497720537@qq.com) ...
[2026-05-25 04:50:19]  正在连接 QQ-备用 邮箱服务器 (shouqianbadavid@qq.com) ...
[2026-05-25 04:50:55]  正在连接 QQ-主 邮箱服务器 (497720537@qq.com) ...
[2026-05-25 04:50:56]  正在连接 QQ-备用 邮箱服务器 (shouqianbadavid@qq.com) ...
[2026-05-25 04:51:31]  正在连接 QQ-主 邮箱服务器 (497720537@qq.com) ...
[2026-05-25 04:51:32]  正在连接 QQ-备用 邮箱服务器 (shouqianbadavid@qq.com) ...
[2026-05-25 04:52:08]  正在连接 QQ-主 邮箱服务器 (497720537@qq.com) ...
[2026-05-25 04:52:09]  正在连接 QQ-备用 邮箱服务器 (shouqianbadavid@qq.com) ...
[2026-05-25 04:52:44]  正在连接 QQ-主 邮箱服务器 (497720537@qq.com) ...
[2026-05-25 04:52:45]  正在连接 QQ-备用 邮箱服务器 (shouqianbadavid@qq.com) ...
[2026-05-25 04:53:21]  正在连接 QQ-主 邮箱服务器 (497720537@qq.com) ...
[2026-05-25 04:53:21]  正在连接 QQ-备用 邮箱服务器 (shouqianbadavid@qq.com) ...
[2026-05-25 04:53:57]  正在连接 QQ-主 邮箱服务器 (497720537@qq.com) ...
[2026-05-25 04:53:58]  正在连接 QQ-备用 邮箱服务器 (shouqianbadavid@qq.com) ...
[2026-05-25 04:54:33]  正在连接 QQ-主 邮箱服务器 (497720537@qq.com) ...
[2026-05-25 04:54:34]  正在连接 QQ-备用 邮箱服务器 (shouqianbadavid@qq.com) ...
[2026-05-25 04:55:10]  正在连接 QQ-主 邮箱服务器 (497720537@qq.com) ...
[2026-05-25 04:55:11]  正在连接 QQ-备用 邮箱服务器 (shouqianbadavid@qq.com) ...
[2026-05-25 04:55:46]  正在连接 QQ-主 邮箱服务器 (497720537@qq.com) ...
[2026-05-25 04:55:47]  正在连接 QQ-备用 邮箱服务器 (shouqianbadavid@qq.com) ...
[2026-05-25 04:56:22]  正在连接 QQ-主 邮箱服务器 (497720537@qq.com) ...
[2026-05-25 04:56:23]  正在连接 QQ-备用 邮箱服务器 (shouqianbadavid@qq.com) ...
[2026-05-25 04:56:59]  正在连接 QQ-主 邮箱服务器 (497720537@qq.com) ...
[2026-05-25 04:57:00]  正在连接 QQ-备用 邮箱服务器 (shouqianbadavid@qq.com) ...
[2026-05-25 04:57:36]  正在连接 QQ-主 邮箱服务器 (497720537@qq.com) ...
[2026-05-25 04:57:37]  正在连接 QQ-备用 邮箱服务器 (shouqianbadavid@qq.com) ...
[2026-05-25 04:58:13]  正在连接 QQ-主 邮箱服务器 (497720537@qq.com) ...
[2026-05-25 04:58:13]  正在连接 QQ-备用 邮箱服务器 (shouqianbadavid@qq.com) ...
[2026-05-25 04:58:49]  正在连接 QQ-主 邮箱服务器 (497720537@qq.com) ...
[2026-05-25 04:58:50]  正在连接 QQ-备用 邮箱服务器 (shouqianbadavid@qq.com) ...
[2026-05-25 04:59:25]  正在连接 QQ-主 邮箱服务器 (497720537@qq.com) ...
[2026-05-25 04:59:26]  正在连接 QQ-备用 邮箱服务器 (shouqianbadavid@qq.com) ...
[2026-05-25 05:00:02]  正在连接 QQ-主 邮箱服务器 (497720537@qq.com) ...
[2026-05-25 05:00:02]  正在连接 QQ-备用 邮箱服务器 (shouqianbadavid@qq.com) ...
[2026-05-25 05:00:38]  正在连接 QQ-主 邮箱服务器 (497720537@qq.com) ...
[2026-05-25 05:00:39]  正在连接 QQ-备用 邮箱服务器 (shouqianbadavid@qq.com) ...
[2026-05-25 05:01:14]  正在连接 QQ-主 邮箱服务器 (497720537@qq.com) ...
[2026-05-25 05:01:15]  正在连接 QQ-备用 邮箱服务器 (shouqianbadavid@qq.com) ...
[2026-05-25 05:01:50]  正在连接 QQ-主 邮箱服务器 (497720537@qq.com) ...
[2026-05-25 05:01:51]  正在连接 QQ-备用 邮箱服务器 (shouqianbadavid@qq.com) ...
[2026-05-25 05:02:27]  正在连接 QQ-主 邮箱服务器 (497720537@qq.com) ...
[2026-05-25 05:02:27]  正在连接 QQ-备用 邮箱服务器 (shouqianbadavid@qq.com) ...
[2026-05-25 05:03:03]  正在连接 QQ-主 邮箱服务器 (497720537@qq.com) ...
[2026-05-25 05:03:04]  正在连接 QQ-备用 邮箱服务器 (shouqianbadavid@qq.com) ...
[2026-05-25 05:03:40]  正在连接 QQ-主 邮箱服务器 (497720537@qq.com) ...
[2026-05-25 05:03:41]  正在连接 QQ-备用 邮箱服务器 (shouqianbadavid@qq.com) ...
[2026-05-25 05:04:17]  正在连接 QQ-主 邮箱服务器 (497720537@qq.com) ...
[2026-05-25 05:04:17]  正在连接 QQ-备用 邮箱服务器 (shouqianbadavid@qq.com) ...
[2026-05-25 05:04:53]  正在连接 QQ-主 邮箱服务器 (497720537@qq.com) ...
[2026-05-25 05:04:53]  正在连接 QQ-备用 邮箱服务器 (shouqianbadavid@qq.com) ...
[2026-05-25 05:05:29]  正在连接 QQ-主 邮箱服务器 (497720537@qq.com) ...
[2026-05-25 05:05:30]  正在连接 QQ-备用 邮箱服务器 (shouqianbadavid@qq.com) ...
[2026-05-25 05:06:05]  正在连接 QQ-主 邮箱服务器 (497720537@qq.com) ...
[2026-05-25 05:06:06]  正在连接 QQ-备用 邮箱服务器 (shouqianbadavid@qq.com) ...
[2026-05-25 05:06:42]  正在连接 QQ-主 邮箱服务器 (497720537@qq.com) ...
[2026-05-25 05:06:42]  正在连接 QQ-备用 邮箱服务器 (shouqianbadavid@qq.com) ...
[2026-05-25 05:07:18]  正在连接 QQ-主 邮箱服务器 (497720537@qq.com) ...
[2026-05-25 05:07:19]  正在连接 QQ-备用 邮箱服务器 (shouqianbadavid@qq.com) ...
[2026-05-25 05:07:55]  正在连接 QQ-主 邮箱服务器 (497720537@qq.com) ...
[2026-05-25 05:07:55]  正在连接 QQ-备用 邮箱服务器 (shouqianbadavid@qq.com) ...
[2026-05-25 05:08:31]  正在连接 QQ-主 邮箱服务器 (497720537@qq.com) ...
[2026-05-25 05:08:32]  正在连接 QQ-备用 邮箱服务器 (shouqianbadavid@qq.com) ...
[2026-05-25 05:09:07]  正在连接 QQ-主 邮箱服务器 (497720537@qq.com) ...
[2026-05-25 05:09:08]  正在连接 QQ-备用 邮箱服务器 (shouqianbadavid@qq.com) ...
[2026-05-25 05:09:44]  正在连接 QQ-主 邮箱服务器 (497720537@qq.com) ...
[2026-05-25 05:09:45]  正在连接 QQ-备用 邮箱服务器 (shouqianbadavid@qq.com) ...
[2026-05-25 05:10:20]  正在连接 QQ-主 邮箱服务器 (497720537@qq.com) ...
[2026-05-25 05:10:21]  正在连接 QQ-备用 邮箱服务器 (shouqianbadavid@qq.com) ...
[2026-05-25 05:10:57]  正在连接 QQ-主 邮箱服务器 (497720537@qq.com) ...
[2026-05-25 05:10:58]  正在连接 QQ-备用 邮箱服务器 (shouqianbadavid@qq.com) ...
[2026-05-25 05:11:33]  正在连接 QQ-主 邮箱服务器 (497720537@qq.com) ...
[2026-05-25 05:11:34]  正在连接 QQ-备用 邮箱服务器 (shouqianbadavid@qq.com) ...
[2026-05-25 05:12:10]  正在连接 QQ-主 邮箱服务器 (497720537@qq.com) ...
[2026-05-25 05:12:11]  正在连接 QQ-备用 邮箱服务器 (shouqianbadavid@qq.com) ...
[2026-05-25 05:12:47]  正在连接 QQ-主 邮箱服务器 (497720537@qq.com) ...
[2026-05-25 05:12:47]  正在连接 QQ-备用 邮箱服务器 (shouqianbadavid@qq.com) ...
[2026-05-25 05:13:24]  正在连接 QQ-主 邮箱服务器 (497720537@qq.com) ...
[2026-05-25 05:13:25]  正在连接 QQ-备用 邮箱服务器 (shouqianbadavid@qq.com) ...
[2026-05-25 05:14:00]  正在连接 QQ-主 邮箱服务器 (497720537@qq.com) ...
[2026-05-25 05:14:01]  正在连接 QQ-备用 邮箱服务器 (shouqianbadavid@qq.com) ...
[2026-05-25 05:14:36]  正在连接 QQ-主 邮箱服务器 (497720537@qq.com) ...
[2026-05-25 05:14:37]  正在连接 QQ-备用 邮箱服务器 (shouqianbadavid@qq.com) ...
[2026-05-25 05:15:13]  正在连接 QQ-主 邮箱服务器 (497720537@qq.com) ...
[2026-05-25 05:15:14]  正在连接 QQ-备用 邮箱服务器 (shouqianbadavid@qq.com) ...
[2026-05-25 05:15:49]  正在连接 QQ-主 邮箱服务器 (497720537@qq.com) ...
[2026-05-25 05:15:50]  正在连接 QQ-备用 邮箱服务器 (shouqianbadavid@qq.com) ...
[2026-05-25 05:16:26]  正在连接 QQ-主 邮箱服务器 (497720537@qq.com) ...
[2026-05-25 05:16:27]  正在连接 QQ-备用 邮箱服务器 (shouqianbadavid@qq.com) ...
[2026-05-25 05:17:02]  正在连接 QQ-主 邮箱服务器 (497720537@qq.com) ...
[2026-05-25 05:17:03]  正在连接 QQ-备用 邮箱服务器 (shouqianbadavid@qq.com) ...
[2026-05-25 05:17:39]  正在连接 QQ-主 邮箱服务器 (497720537@qq.com) ...
[2026-05-25 05:17:40]  正在连接 QQ-备用 邮箱服务器 (shouqianbadavid@qq.com) ...
[2026-05-25 05:18:15]  正在连接 QQ-主 邮箱服务器 (497720537@qq.com) ...
[2026-05-25 05:18:16]  正在连接 QQ-备用 邮箱服务器 (shouqianbadavid@qq.com) ...
[2026-05-25 05:18:52]  正在连接 QQ-主 邮箱服务器 (497720537@qq.com) ...
[2026-05-25 05:18:53]  正在连接 QQ-备用 邮箱服务器 (shouqianbadavid@qq.com) ...
[2026-05-25 05:19:29]  正在连接 QQ-主 邮箱服务器 (497720537@qq.com) ...
[2026-05-25 05:19:30]  正在连接 QQ-备用 邮箱服务器 (shouqianbadavid@qq.com) ...
[2026-05-25 05:20:05]  正在连接 QQ-主 邮箱服务器 (497720537@qq.com) ...
[2026-05-25 05:20:06]  正在连接 QQ-备用 邮箱服务器 (shouqianbadavid@qq.com) ...
[2026-05-25 05:20:41]  正在连接 QQ-主 邮箱服务器 (497720537@qq.com) ...
[2026-05-25 05:20:42]  正在连接 QQ-备用 邮箱服务器 (shouqianbadavid@qq.com) ...
[2026-05-25 05:21:18]  正在连接 QQ-主 邮箱服务器 (497720537@qq.com) ...
[2026-05-25 05:21:19]  正在连接 QQ-备用 邮箱服务器 (shouqianbadavid@qq.com) ...
[2026-05-25 05:21:54]  正在连接 QQ-主 邮箱服务器 (497720537@qq.com) ...
[2026-05-25 05:21:55]  正在连接 QQ-备用 邮箱服务器 (shouqianbadavid@qq.com) ...
[2026-05-25 05:22:31]  正在连接 QQ-主 邮箱服务器 (497720537@qq.com) ...
[2026-05-25 05:22:31]  正在连接 QQ-备用 邮箱服务器 (shouqianbadavid@qq.com) ...
[2026-05-25 05:23:07]  正在连接 QQ-主 邮箱服务器 (497720537@qq.com) ...
[2026-05-25 05:23:08]  正在连接 QQ-备用 邮箱服务器 (shouqianbadavid@qq.com) ...
[2026-05-25 05:23:44]  正在连接 QQ-主 邮箱服务器 (497720537@qq.com) ...
[2026-05-25 05:23:45]  正在连接 QQ-备用 邮箱服务器 (shouqianbadavid@qq.com) ...
[2026-05-25 05:24:20]  正在连接 QQ-主 邮箱服务器 (497720537@qq.com) ...
[2026-05-25 05:24:21]  正在连接 QQ-备用 邮箱服务器 (shouqianbadavid@qq.com) ...
[2026-05-25 05:24:56]  正在连接 QQ-主 邮箱服务器 (497720537@qq.com) ...
[2026-05-25 05:24:57]  正在连接 QQ-备用 邮箱服务器 (shouqianbadavid@qq.com) ...
[2026-05-25 05:25:33]  正在连接 QQ-主 邮箱服务器 (497720537@qq.com) ...
[2026-05-25 05:25:33]  正在连接 QQ-备用 邮箱服务器 (shouqianbadavid@qq.com) ...
[2026-05-25 05:26:09]  正在连接 QQ-主 邮箱服务器 (497720537@qq.com) ...
[2026-05-25 05:26:10]  正在连接 QQ-备用 邮箱服务器 (shouqianbadavid@qq.com) ...
[2026-05-25 05:26:46]  正在连接 QQ-主 邮箱服务器 (497720537@qq.com) ...
[2026-05-25 05:26:47]  正在连接 QQ-备用 邮箱服务器 (shouqianbadavid@qq.com) ...
[2026-05-25 05:27:22]  正在连接 QQ-主 邮箱服务器 (497720537@qq.com) ...
[2026-05-25 05:27:23]  正在连接 QQ-备用 邮箱服务器 (shouqianbadavid@qq.com) ...
[2026-05-25 05:27:59]  正在连接 QQ-主 邮箱服务器 (497720537@qq.com) ...
[2026-05-25 05:28:00]  正在连接 QQ-备用 邮箱服务器 (shouqianbadavid@qq.com) ...
[2026-05-25 05:28:35]  正在连接 QQ-主 邮箱服务器 (497720537@qq.com) ...
[2026-05-25 05:28:36]  正在连接 QQ-备用 邮箱服务器 (shouqianbadavid@qq.com) ...
[2026-05-25 05:29:12]  正在连接 QQ-主 邮箱服务器 (497720537@qq.com) ...
[2026-05-25 05:29:13]  正在连接 QQ-备用 邮箱服务器 (shouqianbadavid@qq.com) ...
[2026-05-25 05:29:49]  正在连接 QQ-主 邮箱服务器 (497720537@qq.com) ...
[2026-05-25 05:29:49]  正在连接 QQ-备用 邮箱服务器 (shouqianbadavid@qq.com) ...
[2026-05-25 05:30:25]  正在连接 QQ-主 邮箱服务器 (497720537@qq.com) ...
[2026-05-25 05:30:26]  正在连接 QQ-备用 邮箱服务器 (shouqianbadavid@qq.com) ...
[2026-05-25 05:31:02]  正在连接 QQ-主 邮箱服务器 (497720537@qq.com) ...
[2026-05-25 05:31:02]  正在连接 QQ-备用 邮箱服务器 (shouqianbadavid@qq.com) ...
[2026-05-25 05:31:38]  正在连接 QQ-主 邮箱服务器 (497720537@qq.com) ...
[2026-05-25 05:31:39]  正在连接 QQ-备用 邮箱服务器 (shouqianbadavid@qq.com) ...
[2026-05-25 05:32:15]  正在连接 QQ-主 邮箱服务器 (497720537@qq.com) ...
[2026-05-25 05:32:15]  正在连接 QQ-备用 邮箱服务器 (shouqianbadavid@qq.com) ...
[2026-05-25 05:32:51]  正在连接 QQ-主 邮箱服务器 (497720537@qq.com) ...
[2026-05-25 05:32:52]  正在连接 QQ-备用 邮箱服务器 (shouqianbadavid@qq.com) ...
[2026-05-25 05:33:27]  正在连接 QQ-主 邮箱服务器 (497720537@qq.com) ...
[2026-05-25 05:33:28]  正在连接 QQ-备用 邮箱服务器 (shouqianbadavid@qq.com) ...
[2026-05-25 05:34:04]  正在连接 QQ-主 邮箱服务器 (497720537@qq.com) ...
[2026-05-25 05:34:04]  正在连接 QQ-备用 邮箱服务器 (shouqianbadavid@qq.com) ...
[2026-05-25 05:34:40]  正在连接 QQ-主 邮箱服务器 (497720537@qq.com) ...
[2026-05-25 05:34:41]  正在连接 QQ-备用 邮箱服务器 (shouqianbadavid@qq.com) ...
[2026-05-25 05:35:16]  正在连接 QQ-主 邮箱服务器 (497720537@qq.com) ...
[2026-05-25 05:35:17]  正在连接 QQ-备用 邮箱服务器 (shouqianbadavid@qq.com) ...
[2026-05-25 05:35:53]  正在连接 QQ-主 邮箱服务器 (497720537@qq.com) ...
[2026-05-25 05:35:54]  正在连接 QQ-备用 邮箱服务器 (shouqianbadavid@qq.com) ...
[2026-05-25 05:36:29]  正在连接 QQ-主 邮箱服务器 (497720537@qq.com) ...
[2026-05-25 05:36:30]  正在连接 QQ-备用 邮箱服务器 (shouqianbadavid@qq.com) ...
[2026-05-25 05:37:06]  正在连接 QQ-主 邮箱服务器 (497720537@qq.com) ...
[2026-05-25 05:37:07]  正在连接 QQ-备用 邮箱服务器 (shouqianbadavid@qq.com) ...
[2026-05-25 05:37:42]  正在连接 QQ-主 邮箱服务器 (497720537@qq.com) ...
[2026-05-25 05:37:43]  正在连接 QQ-备用 邮箱服务器 (shouqianbadavid@qq.com) ...
[2026-05-25 05:38:19]  正在连接 QQ-主 邮箱服务器 (497720537@qq.com) ...
[2026-05-25 05:38:20]  正在连接 QQ-备用 邮箱服务器 (shouqianbadavid@qq.com) ...
[2026-05-25 05:38:55]  正在连接 QQ-主 邮箱服务器 (497720537@qq.com) ...
[2026-05-25 05:38:56]  正在连接 QQ-备用 邮箱服务器 (shouqianbadavid@qq.com) ...
[2026-05-25 05:39:31]  正在连接 QQ-主 邮箱服务器 (497720537@qq.com) ...
[2026-05-25 05:39:32]  正在连接 QQ-备用 邮箱服务器 (shouqianbadavid@qq.com) ...
[2026-05-25 05:40:08]  正在连接 QQ-主 邮箱服务器 (497720537@qq.com) ...
[2026-05-25 05:40:08]  正在连接 QQ-备用 邮箱服务器 (shouqianbadavid@qq.com) ...
[2026-05-25 05:40:44]  正在连接 QQ-主 邮箱服务器 (497720537@qq.com) ...
[2026-05-25 05:40:45]  正在连接 QQ-备用 邮箱服务器 (shouqianbadavid@qq.com) ...
[2026-05-25 05:41:20]  正在连接 QQ-主 邮箱服务器 (497720537@qq.com) ...
[2026-05-25 05:41:21]  正在连接 QQ-备用 邮箱服务器 (shouqianbadavid@qq.com) ...
[2026-05-25 05:41:57]  正在连接 QQ-主 邮箱服务器 (497720537@qq.com) ...
[2026-05-25 05:41:58]  正在连接 QQ-备用 邮箱服务器 (shouqianbadavid@qq.com) ...
[2026-05-25 05:42:33]  正在连接 QQ-主 邮箱服务器 (497720537@qq.com) ...
[2026-05-25 05:42:34]  正在连接 QQ-备用 邮箱服务器 (shouqianbadavid@qq.com) ...
[2026-05-25 05:43:10]  正在连接 QQ-主 邮箱服务器 (497720537@qq.com) ...
[2026-05-25 05:43:11]  正在连接 QQ-备用 邮箱服务器 (shouqianbadavid@qq.com) ...
[2026-05-25 05:43:47]  正在连接 QQ-主 邮箱服务器 (497720537@qq.com) ...
[2026-05-25 05:43:48]  正在连接 QQ-备用 邮箱服务器 (shouqianbadavid@qq.com) ...
[2026-05-25 05:44:23]  正在连接 QQ-主 邮箱服务器 (497720537@qq.com) ...
[2026-05-25 05:44:24]  正在连接 QQ-备用 邮箱服务器 (shouqianbadavid@qq.com) ...
[2026-05-25 05:45:00]  正在连接 QQ-主 邮箱服务器 (497720537@qq.com) ...
[2026-05-25 05:45:01]  正在连接 QQ-备用 邮箱服务器 (shouqianbadavid@qq.com) ...
[2026-05-25 05:45:37]  正在连接 QQ-主 邮箱服务器 (497720537@qq.com) ...
[2026-05-25 05:45:37]  正在连接 QQ-备用 邮箱服务器 (shouqianbadavid@qq.com) ...
[2026-05-25 05:46:13]  正在连接 QQ-主 邮箱服务器 (497720537@qq.com) ...
[2026-05-25 05:46:14]  正在连接 QQ-备用 邮箱服务器 (shouqianbadavid@qq.com) ...
[2026-05-25 05:46:49]  正在连接 QQ-主 邮箱服务器 (497720537@qq.com) ...
[2026-05-25 05:46:50]  正在连接 QQ-备用 邮箱服务器 (shouqianbadavid@qq.com) ...
[2026-05-25 05:47:26]  正在连接 QQ-主 邮箱服务器 (497720537@qq.com) ...
[2026-05-25 05:47:26]  正在连接 QQ-备用 邮箱服务器 (shouqianbadavid@qq.com) ...
[2026-05-25 05:48:02]  正在连接 QQ-主 邮箱服务器 (497720537@qq.com) ...
[2026-05-25 05:48:03]  正在连接 QQ-备用 邮箱服务器 (shouqianbadavid@qq.com) ...
[2026-05-25 05:48:38]  正在连接 QQ-主 邮箱服务器 (497720537@qq.com) ...
[2026-05-25 05:48:39]  正在连接 QQ-备用 邮箱服务器 (shouqianbadavid@qq.com) ...
[2026-05-25 05:49:14]  正在连接 QQ-主 邮箱服务器 (497720537@qq.com) ...
[2026-05-25 05:49:15]  正在连接 QQ-备用 邮箱服务器 (shouqianbadavid@qq.com) ...
[2026-05-25 05:49:51]  正在连接 QQ-主 邮箱服务器 (497720537@qq.com) ...
[2026-05-25 05:49:51]  正在连接 QQ-备用 邮箱服务器 (shouqianbadavid@qq.com) ...
[2026-05-25 05:50:27]  正在连接 QQ-主 邮箱服务器 (497720537@qq.com) ...
[2026-05-25 05:50:28]  正在连接 QQ-备用 邮箱服务器 (shouqianbadavid@qq.com) ...
[2026-05-25 05:51:04]  正在连接 QQ-主 邮箱服务器 (497720537@qq.com) ...
[2026-05-25 05:51:04]  正在连接 QQ-备用 邮箱服务器 (shouqianbadavid@qq.com) ...
[2026-05-25 05:51:40]  正在连接 QQ-主 邮箱服务器 (497720537@qq.com) ...
[2026-05-25 05:51:41]  正在连接 QQ-备用 邮箱服务器 (shouqianbadavid@qq.com) ...
[2026-05-25 05:52:16]  正在连接 QQ-主 邮箱服务器 (497720537@qq.com) ...
[2026-05-25 05:52:17]  正在连接 QQ-备用 邮箱服务器 (shouqianbadavid@qq.com) ...
[2026-05-25 05:52:53]  正在连接 QQ-主 邮箱服务器 (497720537@qq.com) ...
[2026-05-25 05:52:53]  正在连接 QQ-备用 邮箱服务器 (shouqianbadavid@qq.com) ...
[2026-05-25 05:53:29]  正在连接 QQ-主 邮箱服务器 (497720537@qq.com) ...
[2026-05-25 05:53:29]  正在连接 QQ-备用 邮箱服务器 (shouqianbadavid@qq.com) ...
[2026-05-25 05:54:05]  正在连接 QQ-主 邮箱服务器 (497720537@qq.com) ...
[2026-05-25 05:54:06]  正在连接 QQ-备用 邮箱服务器 (shouqianbadavid@qq.com) ...
[2026-05-25 05:54:41]  正在连接 QQ-主 邮箱服务器 (497720537@qq.com) ...
[2026-05-25 05:54:42]  正在连接 QQ-备用 邮箱服务器 (shouqianbadavid@qq.com) ...
[2026-05-25 05:55:18]  正在连接 QQ-主 邮箱服务器 (497720537@qq.com) ...
[2026-05-25 05:55:19]  正在连接 QQ-备用 邮箱服务器 (shouqianbadavid@qq.com) ...
[2026-05-25 05:55:55]  正在连接 QQ-主 邮箱服务器 (497720537@qq.com) ...
[2026-05-25 05:55:56]  正在连接 QQ-备用 邮箱服务器 (shouqianbadavid@qq.com) ...
[2026-05-25 05:56:32]  正在连接 QQ-主 邮箱服务器 (497720537@qq.com) ...
[2026-05-25 05:56:32]  正在连接 QQ-备用 邮箱服务器 (shouqianbadavid@qq.com) ...
[2026-05-25 05:57:08]  正在连接 QQ-主 邮箱服务器 (497720537@qq.com) ...
[2026-05-25 05:57:09]  正在连接 QQ-备用 邮箱服务器 (shouqianbadavid@qq.com) ...
[2026-05-25 05:57:44]  正在连接 QQ-主 邮箱服务器 (497720537@qq.com) ...
[2026-05-25 05:57:45]  正在连接 QQ-备用 邮箱服务器 (shouqianbadavid@qq.com) ...
[2026-05-25 05:58:21]  正在连接 QQ-主 邮箱服务器 (497720537@qq.com) ...
[2026-05-25 05:58:21]  正在连接 QQ-备用 邮箱服务器 (shouqianbadavid@qq.com) ...
[2026-05-25 05:58:57]  正在连接 QQ-主 邮箱服务器 (497720537@qq.com) ...
[2026-05-25 05:58:58]  正在连接 QQ-备用 邮箱服务器 (shouqianbadavid@qq.com) ...
[2026-05-25 05:59:33]  正在连接 QQ-主 邮箱服务器 (497720537@qq.com) ...
[2026-05-25 05:59:34]  正在连接 QQ-备用 邮箱服务器 (shouqianbadavid@qq.com) ...
[2026-05-25 06:00:10]  正在连接 QQ-主 邮箱服务器 (497720537@qq.com) ...
[2026-05-25 06:00:10]  正在连接 QQ-备用 邮箱服务器 (shouqianbadavid@qq.com) ...
[2026-05-25 06:00:46]  正在连接 QQ-主 邮箱服务器 (497720537@qq.com) ...
[2026-05-25 06:00:47]  正在连接 QQ-备用 邮箱服务器 (shouqianbadavid@qq.com) ...
[2026-05-25 06:01:23]  正在连接 QQ-主 邮箱服务器 (497720537@qq.com) ...
[2026-05-25 06:01:23]  正在连接 QQ-备用 邮箱服务器 (shouqianbadavid@qq.com) ...
[2026-05-25 06:01:59]  正在连接 QQ-主 邮箱服务器 (497720537@qq.com) ...
[2026-05-25 06:01:59]  正在连接 QQ-备用 邮箱服务器 (shouqianbadavid@qq.com) ...
[2026-05-25 06:02:35]  正在连接 QQ-主 邮箱服务器 (497720537@qq.com) ...
[2026-05-25 06:02:35]  正在连接 QQ-备用 邮箱服务器 (shouqianbadavid@qq.com) ...
[2026-05-25 06:03:11]  正在连接 QQ-主 邮箱服务器 (497720537@qq.com) ...
[2026-05-25 06:03:12]  正在连接 QQ-备用 邮箱服务器 (shouqianbadavid@qq.com) ...
[2026-05-25 06:03:48]  正在连接 QQ-主 邮箱服务器 (497720537@qq.com) ...
[2026-05-25 06:03:48]  正在连接 QQ-备用 邮箱服务器 (shouqianbadavid@qq.com) ...
[2026-05-25 06:04:24]  正在连接 QQ-主 邮箱服务器 (497720537@qq.com) ...
[2026-05-25 06:04:24]  正在连接 QQ-备用 邮箱服务器 (shouqianbadavid@qq.com) ...
[2026-05-25 06:05:00]  正在连接 QQ-主 邮箱服务器 (497720537@qq.com) ...
[2026-05-25 06:05:01]  正在连接 QQ-备用 邮箱服务器 (shouqianbadavid@qq.com) ...
[2026-05-25 06:05:36]  正在连接 QQ-主 邮箱服务器 (497720537@qq.com) ...
[2026-05-25 06:05:37]  正在连接 QQ-备用 邮箱服务器 (shouqianbadavid@qq.com) ...
[2026-05-25 06:06:13]  正在连接 QQ-主 邮箱服务器 (497720537@qq.com) ...
[2026-05-25 06:06:14]  正在连接 QQ-备用 邮箱服务器 (shouqianbadavid@qq.com) ...
[2026-05-25 06:06:49]  正在连接 QQ-主 邮箱服务器 (497720537@qq.com) ...
[2026-05-25 06:06:50]  正在连接 QQ-备用 邮箱服务器 (shouqianbadavid@qq.com) ...
[2026-05-25 06:07:26]  正在连接 QQ-主 邮箱服务器 (497720537@qq.com) ...
[2026-05-25 06:07:26]  正在连接 QQ-备用 邮箱服务器 (shouqianbadavid@qq.com) ...
[2026-05-25 06:08:02]  正在连接 QQ-主 邮箱服务器 (497720537@qq.com) ...
[2026-05-25 06:08:03]  正在连接 QQ-备用 邮箱服务器 (shouqianbadavid@qq.com) ...
[2026-05-25 06:08:38]  正在连接 QQ-主 邮箱服务器 (497720537@qq.com) ...
[2026-05-25 06:08:39]  正在连接 QQ-备用 邮箱服务器 (shouqianbadavid@qq.com) ...
[2026-05-25 06:09:15]  正在连接 QQ-主 邮箱服务器 (497720537@qq.com) ...
[2026-05-25 06:09:15]  正在连接 QQ-备用 邮箱服务器 (shouqianbadavid@qq.com) ...
[2026-05-25 06:09:51]  正在连接 QQ-主 邮箱服务器 (497720537@qq.com) ...
[2026-05-25 06:09:52]  正在连接 QQ-备用 邮箱服务器 (shouqianbadavid@qq.com) ...
[2026-05-25 06:10:28]  正在连接 QQ-主 邮箱服务器 (497720537@qq.com) ...
[2026-05-25 06:10:29]  正在连接 QQ-备用 邮箱服务器 (shouqianbadavid@qq.com) ...
[2026-05-25 06:11:05]  正在连接 QQ-主 邮箱服务器 (497720537@qq.com) ...
[2026-05-25 06:11:05]  正在连接 QQ-备用 邮箱服务器 (shouqianbadavid@qq.com) ...
[2026-05-25 06:11:41]  正在连接 QQ-主 邮箱服务器 (497720537@qq.com) ...
[2026-05-25 06:11:42]  正在连接 QQ-备用 邮箱服务器 (shouqianbadavid@qq.com) ...
[2026-05-25 06:12:18]  正在连接 QQ-主 邮箱服务器 (497720537@qq.com) ...
[2026-05-25 06:12:19]  正在连接 QQ-备用 邮箱服务器 (shouqianbadavid@qq.com) ...
[2026-05-25 06:12:54]  正在连接 QQ-主 邮箱服务器 (497720537@qq.com) ...
[2026-05-25 06:12:55]  正在连接 QQ-备用 邮箱服务器 (shouqianbadavid@qq.com) ...
[2026-05-25 06:13:31]  正在连接 QQ-主 邮箱服务器 (497720537@qq.com) ...
[2026-05-25 06:13:31]  正在连接 QQ-备用 邮箱服务器 (shouqianbadavid@qq.com) ...
[2026-05-25 06:14:07]  正在连接 QQ-主 邮箱服务器 (497720537@qq.com) ...
[2026-05-25 06:14:08]  正在连接 QQ-备用 邮箱服务器 (shouqianbadavid@qq.com) ...
[2026-05-25 06:14:45]  正在连接 QQ-主 邮箱服务器 (497720537@qq.com) ...
[2026-05-25 06:14:45]  正在连接 QQ-备用 邮箱服务器 (shouqianbadavid@qq.com) ...
[2026-05-25 06:15:21]  正在连接 QQ-主 邮箱服务器 (497720537@qq.com) ...
[2026-05-25 06:15:22]  正在连接 QQ-备用 邮箱服务器 (shouqianbadavid@qq.com) ...
[2026-05-25 06:15:58]  正在连接 QQ-主 邮箱服务器 (497720537@qq.com) ...
[2026-05-25 06:15:59]  正在连接 QQ-备用 邮箱服务器 (shouqianbadavid@qq.com) ...
[2026-05-25 06:16:34]  正在连接 QQ-主 邮箱服务器 (497720537@qq.com) ...
[2026-05-25 06:16:35]  正在连接 QQ-备用 邮箱服务器 (shouqianbadavid@qq.com) ...
[2026-05-25 06:17:11]  正在连接 QQ-主 邮箱服务器 (497720537@qq.com) ...
[2026-05-25 06:17:12]  正在连接 QQ-备用 邮箱服务器 (shouqianbadavid@qq.com) ...
[2026-05-25 06:17:48]  正在连接 QQ-主 邮箱服务器 (497720537@qq.com) ...
[2026-05-25 06:17:49]  正在连接 QQ-备用 邮箱服务器 (shouqianbadavid@qq.com) ...
[2026-05-25 06:18:25]  正在连接 QQ-主 邮箱服务器 (497720537@qq.com) ...
[2026-05-25 06:18:25]  正在连接 QQ-备用 邮箱服务器 (shouqianbadavid@qq.com) ...
[2026-05-25 06:19:01]  正在连接 QQ-主 邮箱服务器 (497720537@qq.com) ...
[2026-05-25 06:19:02]  正在连接 QQ-备用 邮箱服务器 (shouqianbadavid@qq.com) ...
[2026-05-25 06:19:38]  正在连接 QQ-主 邮箱服务器 (497720537@qq.com) ...
[2026-05-25 06:19:39]  正在连接 QQ-备用 邮箱服务器 (shouqianbadavid@qq.com) ...
[2026-05-25 06:20:14]  正在连接 QQ-主 邮箱服务器 (497720537@qq.com) ...
[2026-05-25 06:20:15]  正在连接 QQ-备用 邮箱服务器 (shouqianbadavid@qq.com) ...
[2026-05-25 06:20:51]  正在连接 QQ-主 邮箱服务器 (497720537@qq.com) ...
[2026-05-25 06:20:52]  正在连接 QQ-备用 邮箱服务器 (shouqianbadavid@qq.com) ...
[2026-05-25 06:21:28]  正在连接 QQ-主 邮箱服务器 (497720537@qq.com) ...
[2026-05-25 06:21:28]  正在连接 QQ-备用 邮箱服务器 (shouqianbadavid@qq.com) ...
[2026-05-25 06:22:04]  正在连接 QQ-主 邮箱服务器 (497720537@qq.com) ...
[2026-05-25 06:22:05]  正在连接 QQ-备用 邮箱服务器 (shouqianbadavid@qq.com) ...
[2026-05-25 06:22:41]  正在连接 QQ-主 邮箱服务器 (497720537@qq.com) ...
[2026-05-25 06:22:42]  正在连接 QQ-备用 邮箱服务器 (shouqianbadavid@qq.com) ...
[2026-05-25 06:23:18]  正在连接 QQ-主 邮箱服务器 (497720537@qq.com) ...
[2026-05-25 06:23:19]  正在连接 QQ-备用 邮箱服务器 (shouqianbadavid@qq.com) ...
[2026-05-25 06:23:55]  正在连接 QQ-主 邮箱服务器 (497720537@qq.com) ...
[2026-05-25 06:23:55]  正在连接 QQ-备用 邮箱服务器 (shouqianbadavid@qq.com) ...
[2026-05-25 06:24:31]  正在连接 QQ-主 邮箱服务器 (497720537@qq.com) ...
[2026-05-25 06:24:32]  正在连接 QQ-备用 邮箱服务器 (shouqianbadavid@qq.com) ...
[2026-05-25 06:25:08]  正在连接 QQ-主 邮箱服务器 (497720537@qq.com) ...
[2026-05-25 06:25:08]  正在连接 QQ-备用 邮箱服务器 (shouqianbadavid@qq.com) ...
[2026-05-25 06:25:44]  正在连接 QQ-主 邮箱服务器 (497720537@qq.com) ...
[2026-05-25 06:25:44]  正在连接 QQ-备用 邮箱服务器 (shouqianbadavid@qq.com) ...
[2026-05-25 06:26:20]  正在连接 QQ-主 邮箱服务器 (497720537@qq.com) ...
[2026-05-25 06:26:21]  正在连接 QQ-备用 邮箱服务器 (shouqianbadavid@qq.com) ...
[2026-05-25 06:26:57]  正在连接 QQ-主 邮箱服务器 (497720537@qq.com) ...
[2026-05-25 06:26:58]  正在连接 QQ-备用 邮箱服务器 (shouqianbadavid@qq.com) ...
[2026-05-25 06:27:33]  正在连接 QQ-主 邮箱服务器 (497720537@qq.com) ...
[2026-05-25 06:27:34]  正在连接 QQ-备用 邮箱服务器 (shouqianbadavid@qq.com) ...
[2026-05-25 06:28:10]  正在连接 QQ-主 邮箱服务器 (497720537@qq.com) ...
[2026-05-25 06:28:11]  正在连接 QQ-备用 邮箱服务器 (shouqianbadavid@qq.com) ...
[2026-05-25 06:28:46]  正在连接 QQ-主 邮箱服务器 (497720537@qq.com) ...
[2026-05-25 06:28:47]  正在连接 QQ-备用 邮箱服务器 (shouqianbadavid@qq.com) ...
[2026-05-25 06:29:23]  正在连接 QQ-主 邮箱服务器 (497720537@qq.com) ...
[2026-05-25 06:29:24]  正在连接 QQ-备用 邮箱服务器 (shouqianbadavid@qq.com) ...
[2026-05-25 06:30:00]  正在连接 QQ-主 邮箱服务器 (497720537@qq.com) ...
[2026-05-25 06:30:01]  正在连接 QQ-备用 邮箱服务器 (shouqianbadavid@qq.com) ...
[2026-05-25 06:30:36]  正在连接 QQ-主 邮箱服务器 (497720537@qq.com) ...
[2026-05-25 06:30:37]  正在连接 QQ-备用 邮箱服务器 (shouqianbadavid@qq.com) ...
[2026-05-25 06:31:12]  正在连接 QQ-主 邮箱服务器 (497720537@qq.com) ...
[2026-05-25 06:31:13]  正在连接 QQ-备用 邮箱服务器 (shouqianbadavid@qq.com) ...
[2026-05-25 06:31:49]  正在连接 QQ-主 邮箱服务器 (497720537@qq.com) ...
[2026-05-25 06:31:50]  正在连接 QQ-备用 邮箱服务器 (shouqianbadavid@qq.com) ...
[2026-05-25 06:32:26]  正在连接 QQ-主 邮箱服务器 (497720537@qq.com) ...
[2026-05-25 06:32:26]  正在连接 QQ-备用 邮箱服务器 (shouqianbadavid@qq.com) ...
[2026-05-25 06:33:02]  正在连接 QQ-主 邮箱服务器 (497720537@qq.com) ...
[2026-05-25 06:33:05]  正在连接 QQ-备用 邮箱服务器 (shouqianbadavid@qq.com) ...
[2026-05-25 06:33:41]  正在连接 QQ-主 邮箱服务器 (497720537@qq.com) ...
[2026-05-25 06:33:42]  正在连接 QQ-备用 邮箱服务器 (shouqianbadavid@qq.com) ...
[2026-05-25 06:34:18]  正在连接 QQ-主 邮箱服务器 (497720537@qq.com) ...
[2026-05-25 06:34:18]  正在连接 QQ-备用 邮箱服务器 (shouqianbadavid@qq.com) ...
[2026-05-25 06:34:54]  正在连接 QQ-主 邮箱服务器 (497720537@qq.com) ...
[2026-05-25 06:34:54]  正在连接 QQ-备用 邮箱服务器 (shouqianbadavid@qq.com) ...
[2026-05-25 06:35:30]  正在连接 QQ-主 邮箱服务器 (497720537@qq.com) ...
[2026-05-25 06:35:31]  正在连接 QQ-备用 邮箱服务器 (shouqianbadavid@qq.com) ...
[2026-05-25 06:36:07]  正在连接 QQ-主 邮箱服务器 (497720537@qq.com) ...
[2026-05-25 06:36:07]  正在连接 QQ-备用 邮箱服务器 (shouqianbadavid@qq.com) ...
[2026-05-25 06:36:43]  正在连接 QQ-主 邮箱服务器 (497720537@qq.com) ...
[2026-05-25 06:36:43]  正在连接 QQ-备用 邮箱服务器 (shouqianbadavid@qq.com) ...
[2026-05-25 06:37:20]  正在连接 QQ-主 邮箱服务器 (497720537@qq.com) ...
[2026-05-25 06:37:21]  正在连接 QQ-备用 邮箱服务器 (shouqianbadavid@qq.com) ...
[2026-05-25 06:37:57]  正在连接 QQ-主 邮箱服务器 (497720537@qq.com) ...
[2026-05-25 06:37:57]  正在连接 QQ-备用 邮箱服务器 (shouqianbadavid@qq.com) ...
[2026-05-25 06:38:33]  正在连接 QQ-主 邮箱服务器 (497720537@qq.com) ...
[2026-05-25 06:38:34]  正在连接 QQ-备用 邮箱服务器 (shouqianbadavid@qq.com) ...
[2026-05-25 06:39:10]  正在连接 QQ-主 邮箱服务器 (497720537@qq.com) ...
[2026-05-25 06:39:11]  正在连接 QQ-备用 邮箱服务器 (shouqianbadavid@qq.com) ...
[2026-05-25 06:39:46]  正在连接 QQ-主 邮箱服务器 (497720537@qq.com) ...
[2026-05-25 06:39:47]  正在连接 QQ-备用 邮箱服务器 (shouqianbadavid@qq.com) ...
[2026-05-25 06:40:23]  正在连接 QQ-主 邮箱服务器 (497720537@qq.com) ...
[2026-05-25 06:40:24]  正在连接 QQ-备用 邮箱服务器 (shouqianbadavid@qq.com) ...
[2026-05-25 06:40:59]  正在连接 QQ-主 邮箱服务器 (497720537@qq.com) ...
[2026-05-25 06:41:00]  正在连接 QQ-备用 邮箱服务器 (shouqianbadavid@qq.com) ...
[2026-05-25 06:41:36]  正在连接 QQ-主 邮箱服务器 (497720537@qq.com) ...
[2026-05-25 06:41:37]  正在连接 QQ-备用 邮箱服务器 (shouqianbadavid@qq.com) ...
[2026-05-25 06:42:14]  正在连接 QQ-主 邮箱服务器 (497720537@qq.com) ...
[2026-05-25 06:42:14]  正在连接 QQ-备用 邮箱服务器 (shouqianbadavid@qq.com) ...
[2026-05-25 06:42:50]  正在连接 QQ-主 邮箱服务器 (497720537@qq.com) ...
[2026-05-25 06:42:51]  正在连接 QQ-备用 邮箱服务器 (shouqianbadavid@qq.com) ...
[2026-05-25 06:43:26]  正在连接 QQ-主 邮箱服务器 (497720537@qq.com) ...
[2026-05-25 06:43:27]  正在连接 QQ-备用 邮箱服务器 (shouqianbadavid@qq.com) ...
[2026-05-25 06:44:03]  正在连接 QQ-主 邮箱服务器 (497720537@qq.com) ...
[2026-05-25 06:44:04]  正在连接 QQ-备用 邮箱服务器 (shouqianbadavid@qq.com) ...
[2026-05-25 06:44:39]  正在连接 QQ-主 邮箱服务器 (497720537@qq.com) ...
[2026-05-25 06:44:40]  正在连接 QQ-备用 邮箱服务器 (shouqianbadavid@qq.com) ...
[2026-05-25 06:45:16]  正在连接 QQ-主 邮箱服务器 (497720537@qq.com) ...
[2026-05-25 06:45:17]  正在连接 QQ-备用 邮箱服务器 (shouqianbadavid@qq.com) ...
[2026-05-25 06:45:52]  正在连接 QQ-主 邮箱服务器 (497720537@qq.com) ...
[2026-05-25 06:45:53]  正在连接 QQ-备用 邮箱服务器 (shouqianbadavid@qq.com) ...
[2026-05-25 06:46:29]  正在连接 QQ-主 邮箱服务器 (497720537@qq.com) ...
[2026-05-25 06:46:30]  正在连接 QQ-备用 邮箱服务器 (shouqianbadavid@qq.com) ...
[2026-05-25 06:47:05]  正在连接 QQ-主 邮箱服务器 (497720537@qq.com) ...
[2026-05-25 06:47:06]  正在连接 QQ-备用 邮箱服务器 (shouqianbadavid@qq.com) ...
[2026-05-25 06:47:42]  正在连接 QQ-主 邮箱服务器 (497720537@qq.com) ...
[2026-05-25 06:47:42]  正在连接 QQ-备用 邮箱服务器 (shouqianbadavid@qq.com) ...
[2026-05-25 06:48:18]  正在连接 QQ-主 邮箱服务器 (497720537@qq.com) ...
[2026-05-25 06:48:19]  正在连接 QQ-备用 邮箱服务器 (shouqianbadavid@qq.com) ...
[2026-05-25 06:48:54]  正在连接 QQ-主 邮箱服务器 (497720537@qq.com) ...
[2026-05-25 06:48:55]  正在连接 QQ-备用 邮箱服务器 (shouqianbadavid@qq.com) ...
[2026-05-25 06:49:32]  正在连接 QQ-主 邮箱服务器 (497720537@qq.com) ...
[2026-05-25 06:49:32]  正在连接 QQ-备用 邮箱服务器 (shouqianbadavid@qq.com) ...
[2026-05-25 06:50:08]  正在连接 QQ-主 邮箱服务器 (497720537@qq.com) ...
[2026-05-25 06:50:09]  正在连接 QQ-备用 邮箱服务器 (shouqianbadavid@qq.com) ...
[2026-05-25 06:50:44]  正在连接 QQ-主 邮箱服务器 (497720537@qq.com) ...
[2026-05-25 06:50:45]  正在连接 QQ-备用 邮箱服务器 (shouqianbadavid@qq.com) ...
[2026-05-25 06:51:20]  正在连接 QQ-主 邮箱服务器 (497720537@qq.com) ...
[2026-05-25 06:51:21]  正在连接 QQ-备用 邮箱服务器 (shouqianbadavid@qq.com) ...
[2026-05-25 06:51:57]  正在连接 QQ-主 邮箱服务器 (497720537@qq.com) ...
[2026-05-25 06:51:57]  正在连接 QQ-备用 邮箱服务器 (shouqianbadavid@qq.com) ...
[2026-05-25 06:52:33]  正在连接 QQ-主 邮箱服务器 (497720537@qq.com) ...
[2026-05-25 06:52:34]  正在连接 QQ-备用 邮箱服务器 (shouqianbadavid@qq.com) ...
[2026-05-25 06:53:09]  正在连接 QQ-主 邮箱服务器 (497720537@qq.com) ...
[2026-05-25 06:53:10]  正在连接 QQ-备用 邮箱服务器 (shouqianbadavid@qq.com) ...
[2026-05-25 06:53:46]  正在连接 QQ-主 邮箱服务器 (497720537@qq.com) ...
[2026-05-25 06:53:46]  正在连接 QQ-备用 邮箱服务器 (shouqianbadavid@qq.com) ...
[2026-05-25 06:54:22]  正在连接 QQ-主 邮箱服务器 (497720537@qq.com) ...
[2026-05-25 06:54:23]  正在连接 QQ-备用 邮箱服务器 (shouqianbadavid@qq.com) ...
[2026-05-25 06:54:58]  正在连接 QQ-主 邮箱服务器 (497720537@qq.com) ...
[2026-05-25 06:54:59]  正在连接 QQ-备用 邮箱服务器 (shouqianbadavid@qq.com) ...
[2026-05-25 06:55:35]  正在连接 QQ-主 邮箱服务器 (497720537@qq.com) ...
[2026-05-25 06:55:35]  正在连接 QQ-备用 邮箱服务器 (shouqianbadavid@qq.com) ...
[2026-05-25 06:56:11]  正在连接 QQ-主 邮箱服务器 (497720537@qq.com) ...
[2026-05-25 06:56:12]  正在连接 QQ-备用 邮箱服务器 (shouqianbadavid@qq.com) ...
[2026-05-25 06:56:48]  正在连接 QQ-主 邮箱服务器 (497720537@qq.com) ...
[2026-05-25 06:56:48]  正在连接 QQ-备用 邮箱服务器 (shouqianbadavid@qq.com) ...
[2026-05-25 06:57:24]  正在连接 QQ-主 邮箱服务器 (497720537@qq.com) ...
[2026-05-25 06:57:24]  正在连接 QQ-备用 邮箱服务器 (shouqianbadavid@qq.com) ...
[2026-05-25 06:58:00]  正在连接 QQ-主 邮箱服务器 (497720537@qq.com) ...
[2026-05-25 06:58:01]  正在连接 QQ-备用 邮箱服务器 (shouqianbadavid@qq.com) ...
[2026-05-25 06:58:37]  正在连接 QQ-主 邮箱服务器 (497720537@qq.com) ...
[2026-05-25 06:58:37]  正在连接 QQ-备用 邮箱服务器 (shouqianbadavid@qq.com) ...
[2026-05-25 06:59:13]  正在连接 QQ-主 邮箱服务器 (497720537@qq.com) ...
[2026-05-25 06:59:14]  正在连接 QQ-备用 邮箱服务器 (shouqianbadavid@qq.com) ...
[2026-05-25 06:59:49]  正在连接 QQ-主 邮箱服务器 (497720537@qq.com) ...
[2026-05-25 06:59:50]  正在连接 QQ-备用 邮箱服务器 (shouqianbadavid@qq.com) ...
[2026-05-25 07:00:26]  正在连接 QQ-主 邮箱服务器 (497720537@qq.com) ...
[2026-05-25 07:00:27]  正在连接 QQ-备用 邮箱服务器 (shouqianbadavid@qq.com) ...
[2026-05-25 07:01:03]  正在连接 QQ-主 邮箱服务器 (497720537@qq.com) ...
[2026-05-25 07:01:03]  正在连接 QQ-备用 邮箱服务器 (shouqianbadavid@qq.com) ...
[2026-05-25 07:01:39]  正在连接 QQ-主 邮箱服务器 (497720537@qq.com) ...
[2026-05-25 07:01:40]  正在连接 QQ-备用 邮箱服务器 (shouqianbadavid@qq.com) ...
[2026-05-25 07:02:16]  正在连接 QQ-主 邮箱服务器 (497720537@qq.com) ...
[2026-05-25 07:02:16]  正在连接 QQ-备用 邮箱服务器 (shouqianbadavid@qq.com) ...
[2026-05-25 07:02:52]  正在连接 QQ-主 邮箱服务器 (497720537@qq.com) ...
[2026-05-25 07:02:53]  正在连接 QQ-备用 邮箱服务器 (shouqianbadavid@qq.com) ...
[2026-05-25 07:03:29]  正在连接 QQ-主 邮箱服务器 (497720537@qq.com) ...
[2026-05-25 07:03:29]  正在连接 QQ-备用 邮箱服务器 (shouqianbadavid@qq.com) ...
[2026-05-25 07:04:05]  正在连接 QQ-主 邮箱服务器 (497720537@qq.com) ...
[2026-05-25 07:04:06]  正在连接 QQ-备用 邮箱服务器 (shouqianbadavid@qq.com) ...
[2026-05-25 07:04:41]  正在连接 QQ-主 邮箱服务器 (497720537@qq.com) ...
[2026-05-25 07:04:42]  正在连接 QQ-备用 邮箱服务器 (shouqianbadavid@qq.com) ...
[2026-05-25 07:05:18]  正在连接 QQ-主 邮箱服务器 (497720537@qq.com) ...
[2026-05-25 07:05:19]  正在连接 QQ-备用 邮箱服务器 (shouqianbadavid@qq.com) ...
[2026-05-25 07:05:54]  正在连接 QQ-主 邮箱服务器 (497720537@qq.com) ...
[2026-05-25 07:05:55]  正在连接 QQ-备用 邮箱服务器 (shouqianbadavid@qq.com) ...
[2026-05-25 07:06:31]  正在连接 QQ-主 邮箱服务器 (497720537@qq.com) ...
[2026-05-25 07:06:31]  正在连接 QQ-备用 邮箱服务器 (shouqianbadavid@qq.com) ...
[2026-05-25 07:07:07]  正在连接 QQ-主 邮箱服务器 (497720537@qq.com) ...
[2026-05-25 07:07:07]  正在连接 QQ-备用 邮箱服务器 (shouqianbadavid@qq.com) ...
[2026-05-25 07:07:43]  正在连接 QQ-主 邮箱服务器 (497720537@qq.com) ...
[2026-05-25 07:07:44]  正在连接 QQ-备用 邮箱服务器 (shouqianbadavid@qq.com) ...
[2026-05-25 07:08:20]  正在连接 QQ-主 邮箱服务器 (497720537@qq.com) ...
[2026-05-25 07:08:20]  正在连接 QQ-备用 邮箱服务器 (shouqianbadavid@qq.com) ...
[2026-05-25 07:08:56]  正在连接 QQ-主 邮箱服务器 (497720537@qq.com) ...
[2026-05-25 07:08:57]  正在连接 QQ-备用 邮箱服务器 (shouqianbadavid@qq.com) ...
[2026-05-25 07:09:33]  正在连接 QQ-主 邮箱服务器 (497720537@qq.com) ...
[2026-05-25 07:09:33]  正在连接 QQ-备用 邮箱服务器 (shouqianbadavid@qq.com) ...
[2026-05-25 07:10:10]  正在连接 QQ-主 邮箱服务器 (497720537@qq.com) ...
[2026-05-25 07:10:10]  正在连接 QQ-备用 邮箱服务器 (shouqianbadavid@qq.com) ...
[2026-05-25 07:10:46]  正在连接 QQ-主 邮箱服务器 (497720537@qq.com) ...
[2026-05-25 07:10:47]  正在连接 QQ-备用 邮箱服务器 (shouqianbadavid@qq.com) ...
[2026-05-25 07:11:22]  正在连接 QQ-主 邮箱服务器 (497720537@qq.com) ...
[2026-05-25 07:11:23]  正在连接 QQ-备用 邮箱服务器 (shouqianbadavid@qq.com) ...
[2026-05-25 07:11:59]  正在连接 QQ-主 邮箱服务器 (497720537@qq.com) ...
[2026-05-25 07:11:59]  正在连接 QQ-备用 邮箱服务器 (shouqianbadavid@qq.com) ...
[2026-05-25 07:12:35]  正在连接 QQ-主 邮箱服务器 (497720537@qq.com) ...
[2026-05-25 07:12:36]  正在连接 QQ-备用 邮箱服务器 (shouqianbadavid@qq.com) ...
[2026-05-25 07:13:12]  正在连接 QQ-主 邮箱服务器 (497720537@qq.com) ...
[2026-05-25 07:13:12]  正在连接 QQ-备用 邮箱服务器 (shouqianbadavid@qq.com) ...
[2026-05-25 07:13:48]  正在连接 QQ-主 邮箱服务器 (497720537@qq.com) ...
[2026-05-25 07:13:49]  正在连接 QQ-备用 邮箱服务器 (shouqianbadavid@qq.com) ...
[2026-05-25 07:14:24]  正在连接 QQ-主 邮箱服务器 (497720537@qq.com) ...
[2026-05-25 07:14:25]  正在连接 QQ-备用 邮箱服务器 (shouqianbadavid@qq.com) ...
[2026-05-25 07:15:01]  正在连接 QQ-主 邮箱服务器 (497720537@qq.com) ...
[2026-05-25 07:15:02]  正在连接 QQ-备用 邮箱服务器 (shouqianbadavid@qq.com) ...
[2026-05-25 07:15:38]  正在连接 QQ-主 邮箱服务器 (497720537@qq.com) ...
[2026-05-25 07:15:38]  正在连接 QQ-备用 邮箱服务器 (shouqianbadavid@qq.com) ...
[2026-05-25 07:16:14]  正在连接 QQ-主 邮箱服务器 (497720537@qq.com) ...
[2026-05-25 07:16:15]  正在连接 QQ-备用 邮箱服务器 (shouqianbadavid@qq.com) ...
[2026-05-25 07:16:51]  正在连接 QQ-主 邮箱服务器 (497720537@qq.com) ...
[2026-05-25 07:16:51]  正在连接 QQ-备用 邮箱服务器 (shouqianbadavid@qq.com) ...
[2026-05-25 07:17:27]  正在连接 QQ-主 邮箱服务器 (497720537@qq.com) ...
[2026-05-25 07:17:28]  正在连接 QQ-备用 邮箱服务器 (shouqianbadavid@qq.com) ...
[2026-05-25 07:18:04]  正在连接 QQ-主 邮箱服务器 (497720537@qq.com) ...
[2026-05-25 07:18:05]  正在连接 QQ-备用 邮箱服务器 (shouqianbadavid@qq.com) ...
[2026-05-25 07:18:40]  正在连接 QQ-主 邮箱服务器 (497720537@qq.com) ...
[2026-05-25 07:18:41]  正在连接 QQ-备用 邮箱服务器 (shouqianbadavid@qq.com) ...
[2026-05-25 07:19:17]  正在连接 QQ-主 邮箱服务器 (497720537@qq.com) ...
[2026-05-25 07:19:18]  正在连接 QQ-备用 邮箱服务器 (shouqianbadavid@qq.com) ...
[2026-05-25 07:19:54]  正在连接 QQ-主 邮箱服务器 (497720537@qq.com) ...
[2026-05-25 07:19:55]  正在连接 QQ-备用 邮箱服务器 (shouqianbadavid@qq.com) ...
[2026-05-25 07:20:30]  正在连接 QQ-主 邮箱服务器 (497720537@qq.com) ...
[2026-05-25 07:20:31]  正在连接 QQ-备用 邮箱服务器 (shouqianbadavid@qq.com) ...
[2026-05-25 07:21:07]  正在连接 QQ-主 邮箱服务器 (497720537@qq.com) ...
[2026-05-25 07:21:07]  正在连接 QQ-备用 邮箱服务器 (shouqianbadavid@qq.com) ...
[2026-05-25 07:21:43]  正在连接 QQ-主 邮箱服务器 (497720537@qq.com) ...
[2026-05-25 07:21:44]  正在连接 QQ-备用 邮箱服务器 (shouqianbadavid@qq.com) ...
[2026-05-25 07:22:20]  正在连接 QQ-主 邮箱服务器 (497720537@qq.com) ...
[2026-05-25 07:22:21]  正在连接 QQ-备用 邮箱服务器 (shouqianbadavid@qq.com) ...
[2026-05-25 07:22:57]  正在连接 QQ-主 邮箱服务器 (497720537@qq.com) ...
[2026-05-25 07:22:57]  正在连接 QQ-备用 邮箱服务器 (shouqianbadavid@qq.com) ...
[2026-05-25 07:23:33]  正在连接 QQ-主 邮箱服务器 (497720537@qq.com) ...
[2026-05-25 07:23:34]  正在连接 QQ-备用 邮箱服务器 (shouqianbadavid@qq.com) ...
[2026-05-25 07:24:10]  正在连接 QQ-主 邮箱服务器 (497720537@qq.com) ...
[2026-05-25 07:24:10]  正在连接 QQ-备用 邮箱服务器 (shouqianbadavid@qq.com) ...
[2026-05-25 07:24:46]  正在连接 QQ-主 邮箱服务器 (497720537@qq.com) ...
[2026-05-25 07:24:47]  正在连接 QQ-备用 邮箱服务器 (shouqianbadavid@qq.com) ...
[2026-05-25 07:25:23]  正在连接 QQ-主 邮箱服务器 (497720537@qq.com) ...
[2026-05-25 07:25:23]  正在连接 QQ-备用 邮箱服务器 (shouqianbadavid@qq.com) ...
[2026-05-25 07:25:59]  正在连接 QQ-主 邮箱服务器 (497720537@qq.com) ...
[2026-05-25 07:26:00]  正在连接 QQ-备用 邮箱服务器 (shouqianbadavid@qq.com) ...
[2026-05-25 07:26:36]  正在连接 QQ-主 邮箱服务器 (497720537@qq.com) ...
[2026-05-25 07:26:36]  正在连接 QQ-备用 邮箱服务器 (shouqianbadavid@qq.com) ...
[2026-05-25 07:27:12]  正在连接 QQ-主 邮箱服务器 (497720537@qq.com) ...
[2026-05-25 07:27:12]  正在连接 QQ-备用 邮箱服务器 (shouqianbadavid@qq.com) ...
[2026-05-25 07:27:48]  正在连接 QQ-主 邮箱服务器 (497720537@qq.com) ...
[2026-05-25 07:27:49]  正在连接 QQ-备用 邮箱服务器 (shouqianbadavid@qq.com) ...
[2026-05-25 07:28:25]  正在连接 QQ-主 邮箱服务器 (497720537@qq.com) ...
[2026-05-25 07:28:25]  正在连接 QQ-备用 邮箱服务器 (shouqianbadavid@qq.com) ...
[2026-05-25 07:29:01]  正在连接 QQ-主 邮箱服务器 (497720537@qq.com) ...
[2026-05-25 07:29:01]  正在连接 QQ-备用 邮箱服务器 (shouqianbadavid@qq.com) ...
[2026-05-25 07:29:37]  正在连接 QQ-主 邮箱服务器 (497720537@qq.com) ...
[2026-05-25 07:29:38]  正在连接 QQ-备用 邮箱服务器 (shouqianbadavid@qq.com) ...
[2026-05-25 07:30:14]  正在连接 QQ-主 邮箱服务器 (497720537@qq.com) ...
[2026-05-25 07:30:14]  正在连接 QQ-备用 邮箱服务器 (shouqianbadavid@qq.com) ...
[2026-05-25 07:30:50]  正在连接 QQ-主 邮箱服务器 (497720537@qq.com) ...
[2026-05-25 07:30:51]  正在连接 QQ-备用 邮箱服务器 (shouqianbadavid@qq.com) ...
[2026-05-25 07:31:27]  正在连接 QQ-主 邮箱服务器 (497720537@qq.com) ...
[2026-05-25 07:31:28]  正在连接 QQ-备用 邮箱服务器 (shouqianbadavid@qq.com) ...
[2026-05-25 07:32:03]  正在连接 QQ-主 邮箱服务器 (497720537@qq.com) ...
[2026-05-25 07:32:04]  正在连接 QQ-备用 邮箱服务器 (shouqianbadavid@qq.com) ...
[2026-05-25 07:32:40]  正在连接 QQ-主 邮箱服务器 (497720537@qq.com) ...
[2026-05-25 07:32:41]  正在连接 QQ-备用 邮箱服务器 (shouqianbadavid@qq.com) ...
[2026-05-25 07:33:17]  正在连接 QQ-主 邮箱服务器 (497720537@qq.com) ...
[2026-05-25 07:33:18]  正在连接 QQ-备用 邮箱服务器 (shouqianbadavid@qq.com) ...
[2026-05-25 07:33:53]  正在连接 QQ-主 邮箱服务器 (497720537@qq.com) ...
[2026-05-25 07:33:54]  正在连接 QQ-备用 邮箱服务器 (shouqianbadavid@qq.com) ...
[2026-05-25 07:34:30]  正在连接 QQ-主 邮箱服务器 (497720537@qq.com) ...
[2026-05-25 07:34:30]  正在连接 QQ-备用 邮箱服务器 (shouqianbadavid@qq.com) ...
[2026-05-25 07:35:06]  正在连接 QQ-主 邮箱服务器 (497720537@qq.com) ...
[2026-05-25 07:35:07]  正在连接 QQ-备用 邮箱服务器 (shouqianbadavid@qq.com) ...
[2026-05-25 07:35:43]  正在连接 QQ-主 邮箱服务器 (497720537@qq.com) ...
[2026-05-25 07:35:44]  正在连接 QQ-备用 邮箱服务器 (shouqianbadavid@qq.com) ...
[2026-05-25 07:36:19]  正在连接 QQ-主 邮箱服务器 (497720537@qq.com) ...
[2026-05-25 07:36:20]  正在连接 QQ-备用 邮箱服务器 (shouqianbadavid@qq.com) ...
[2026-05-25 07:36:56]  正在连接 QQ-主 邮箱服务器 (497720537@qq.com) ...
[2026-05-25 07:36:57]  正在连接 QQ-备用 邮箱服务器 (shouqianbadavid@qq.com) ...
[2026-05-25 07:37:32]  正在连接 QQ-主 邮箱服务器 (497720537@qq.com) ...
[2026-05-25 07:37:33]  正在连接 QQ-备用 邮箱服务器 (shouqianbadavid@qq.com) ...
[2026-05-25 07:38:09]  正在连接 QQ-主 邮箱服务器 (497720537@qq.com) ...
[2026-05-25 07:38:10]  正在连接 QQ-备用 邮箱服务器 (shouqianbadavid@qq.com) ...
[2026-05-25 07:38:46]  正在连接 QQ-主 邮箱服务器 (497720537@qq.com) ...
[2026-05-25 07:38:46]  正在连接 QQ-备用 邮箱服务器 (shouqianbadavid@qq.com) ...
[2026-05-25 07:39:22]  正在连接 QQ-主 邮箱服务器 (497720537@qq.com) ...
[2026-05-25 07:39:23]  正在连接 QQ-备用 邮箱服务器 (shouqianbadavid@qq.com) ...
[2026-05-25 07:39:58]  正在连接 QQ-主 邮箱服务器 (497720537@qq.com) ...
[2026-05-25 07:39:59]  正在连接 QQ-备用 邮箱服务器 (shouqianbadavid@qq.com) ...
[2026-05-25 07:40:35]  正在连接 QQ-主 邮箱服务器 (497720537@qq.com) ...
[2026-05-25 07:40:36]  正在连接 QQ-备用 邮箱服务器 (shouqianbadavid@qq.com) ...
[2026-05-25 07:41:12]  正在连接 QQ-主 邮箱服务器 (497720537@qq.com) ...
[2026-05-25 07:41:12]  正在连接 QQ-备用 邮箱服务器 (shouqianbadavid@qq.com) ...
[2026-05-25 07:41:48]  正在连接 QQ-主 邮箱服务器 (497720537@qq.com) ...
[2026-05-25 07:41:48]  正在连接 QQ-备用 邮箱服务器 (shouqianbadavid@qq.com) ...
[2026-05-25 07:42:24]  正在连接 QQ-主 邮箱服务器 (497720537@qq.com) ...
[2026-05-25 07:42:25]  正在连接 QQ-备用 邮箱服务器 (shouqianbadavid@qq.com) ...
[2026-05-25 07:43:00]  正在连接 QQ-主 邮箱服务器 (497720537@qq.com) ...
[2026-05-25 07:43:01]  正在连接 QQ-备用 邮箱服务器 (shouqianbadavid@qq.com) ...
[2026-05-25 07:43:36]  正在连接 QQ-主 邮箱服务器 (497720537@qq.com) ...
[2026-05-25 07:43:37]  正在连接 QQ-备用 邮箱服务器 (shouqianbadavid@qq.com) ...
[2026-05-25 07:44:13]  正在连接 QQ-主 邮箱服务器 (497720537@qq.com) ...
[2026-05-25 07:44:14]  正在连接 QQ-备用 邮箱服务器 (shouqianbadavid@qq.com) ...
[2026-05-25 07:44:50]  正在连接 QQ-主 邮箱服务器 (497720537@qq.com) ...
[2026-05-25 07:44:50]  正在连接 QQ-备用 邮箱服务器 (shouqianbadavid@qq.com) ...
[2026-05-25 07:45:26]  正在连接 QQ-主 邮箱服务器 (497720537@qq.com) ...
[2026-05-25 07:45:27]  正在连接 QQ-备用 邮箱服务器 (shouqianbadavid@qq.com) ...
[2026-05-25 07:46:02]  正在连接 QQ-主 邮箱服务器 (497720537@qq.com) ...
[2026-05-25 07:46:03]  正在连接 QQ-备用 邮箱服务器 (shouqianbadavid@qq.com) ...
[2026-05-25 07:46:38]  正在连接 QQ-主 邮箱服务器 (497720537@qq.com) ...
[2026-05-25 07:46:39]  正在连接 QQ-备用 邮箱服务器 (shouqianbadavid@qq.com) ...
[2026-05-25 07:47:15]  正在连接 QQ-主 邮箱服务器 (497720537@qq.com) ...
[2026-05-25 07:47:16]  正在连接 QQ-备用 邮箱服务器 (shouqianbadavid@qq.com) ...
[2026-05-25 07:47:51]  正在连接 QQ-主 邮箱服务器 (497720537@qq.com) ...
[2026-05-25 07:47:52]  正在连接 QQ-备用 邮箱服务器 (shouqianbadavid@qq.com) ...
[2026-05-25 07:48:28]  正在连接 QQ-主 邮箱服务器 (497720537@qq.com) ...
[2026-05-25 07:48:28]  正在连接 QQ-备用 邮箱服务器 (shouqianbadavid@qq.com) ...
[2026-05-25 07:49:04]  正在连接 QQ-主 邮箱服务器 (497720537@qq.com) ...
[2026-05-25 07:49:05]  正在连接 QQ-备用 邮箱服务器 (shouqianbadavid@qq.com) ...
[2026-05-25 07:49:41]  正在连接 QQ-主 邮箱服务器 (497720537@qq.com) ...
[2026-05-25 07:49:41]  正在连接 QQ-备用 邮箱服务器 (shouqianbadavid@qq.com) ...
[2026-05-25 07:50:17]  正在连接 QQ-主 邮箱服务器 (497720537@qq.com) ...
[2026-05-25 07:50:18]  正在连接 QQ-备用 邮箱服务器 (shouqianbadavid@qq.com) ...
[2026-05-25 07:50:54]  正在连接 QQ-主 邮箱服务器 (497720537@qq.com) ...
[2026-05-25 07:50:54]  正在连接 QQ-备用 邮箱服务器 (shouqianbadavid@qq.com) ...
[2026-05-25 07:51:30]  正在连接 QQ-主 邮箱服务器 (497720537@qq.com) ...
[2026-05-25 07:51:31]  正在连接 QQ-备用 邮箱服务器 (shouqianbadavid@qq.com) ...
[2026-05-25 07:52:06]  正在连接 QQ-主 邮箱服务器 (497720537@qq.com) ...
[2026-05-25 07:52:07]  正在连接 QQ-备用 邮箱服务器 (shouqianbadavid@qq.com) ...
[2026-05-25 07:52:43]  正在连接 QQ-主 邮箱服务器 (497720537@qq.com) ...
[2026-05-25 07:52:44]  正在连接 QQ-备用 邮箱服务器 (shouqianbadavid@qq.com) ...
[2026-05-25 07:53:20]  正在连接 QQ-主 邮箱服务器 (497720537@qq.com) ...
[2026-05-25 07:53:20]  正在连接 QQ-备用 邮箱服务器 (shouqianbadavid@qq.com) ...
[2026-05-25 07:53:56]  正在连接 QQ-主 邮箱服务器 (497720537@qq.com) ...
[2026-05-25 07:53:57]  正在连接 QQ-备用 邮箱服务器 (shouqianbadavid@qq.com) ...
[2026-05-25 07:54:33]  正在连接 QQ-主 邮箱服务器 (497720537@qq.com) ...
[2026-05-25 07:54:33]  正在连接 QQ-备用 邮箱服务器 (shouqianbadavid@qq.com) ...
[2026-05-25 07:55:09]  正在连接 QQ-主 邮箱服务器 (497720537@qq.com) ...
[2026-05-25 07:55:10]  正在连接 QQ-备用 邮箱服务器 (shouqianbadavid@qq.com) ...
[2026-05-25 07:55:46]  正在连接 QQ-主 邮箱服务器 (497720537@qq.com) ...
[2026-05-25 07:55:47]  正在连接 QQ-备用 邮箱服务器 (shouqianbadavid@qq.com) ...
[2026-05-25 07:56:22]  正在连接 QQ-主 邮箱服务器 (497720537@qq.com) ...
[2026-05-25 07:56:23]  正在连接 QQ-备用 邮箱服务器 (shouqianbadavid@qq.com) ...
[2026-05-25 07:56:59]  正在连接 QQ-主 邮箱服务器 (497720537@qq.com) ...
[2026-05-25 07:56:59]  正在连接 QQ-备用 邮箱服务器 (shouqianbadavid@qq.com) ...
[2026-05-25 07:57:35]  正在连接 QQ-主 邮箱服务器 (497720537@qq.com) ...
[2026-05-25 07:57:36]  正在连接 QQ-备用 邮箱服务器 (shouqianbadavid@qq.com) ...
[2026-05-25 07:58:12]  正在连接 QQ-主 邮箱服务器 (497720537@qq.com) ...
[2026-05-25 07:58:12]  正在连接 QQ-备用 邮箱服务器 (shouqianbadavid@qq.com) ...
[2026-05-25 07:58:48]  正在连接 QQ-主 邮箱服务器 (497720537@qq.com) ...
[2026-05-25 07:58:49]  正在连接 QQ-备用 邮箱服务器 (shouqianbadavid@qq.com) ...
[2026-05-25 07:59:24]  正在连接 QQ-主 邮箱服务器 (497720537@qq.com) ...
[2026-05-25 07:59:25]  正在连接 QQ-备用 邮箱服务器 (shouqianbadavid@qq.com) ...
[2026-05-25 08:00:00]  正在连接 QQ-主 邮箱服务器 (497720537@qq.com) ...
[2026-05-25 08:00:02]  正在连接 QQ-备用 邮箱服务器 (shouqianbadavid@qq.com) ...
[2026-05-25 08:00:37]  正在连接 QQ-主 邮箱服务器 (497720537@qq.com) ...
[2026-05-25 08:00:38]  正在连接 QQ-备用 邮箱服务器 (shouqianbadavid@qq.com) ...
[2026-05-25 08:01:14]  正在连接 QQ-主 邮箱服务器 (497720537@qq.com) ...
[2026-05-25 08:01:14]  正在连接 QQ-备用 邮箱服务器 (shouqianbadavid@qq.com) ...
[2026-05-25 08:01:50]  正在连接 QQ-主 邮箱服务器 (497720537@qq.com) ...
[2026-05-25 08:01:50]  正在连接 QQ-备用 邮箱服务器 (shouqianbadavid@qq.com) ...
[2026-05-25 08:02:26]  正在连接 QQ-主 邮箱服务器 (497720537@qq.com) ...
[2026-05-25 08:02:27]  正在连接 QQ-备用 邮箱服务器 (shouqianbadavid@qq.com) ...
[2026-05-25 08:03:03]  正在连接 QQ-主 邮箱服务器 (497720537@qq.com) ...
[2026-05-25 08:03:03]  正在连接 QQ-备用 邮箱服务器 (shouqianbadavid@qq.com) ...
[2026-05-25 08:03:39]  正在连接 QQ-主 邮箱服务器 (497720537@qq.com) ...
[2026-05-25 08:03:40]  正在连接 QQ-备用 邮箱服务器 (shouqianbadavid@qq.com) ...
[2026-05-25 08:04:16]  正在连接 QQ-主 邮箱服务器 (497720537@qq.com) ...
[2026-05-25 08:04:16]  正在连接 QQ-备用 邮箱服务器 (shouqianbadavid@qq.com) ...
[2026-05-25 08:04:52]  正在连接 QQ-主 邮箱服务器 (497720537@qq.com) ...
[2026-05-25 08:04:53]  正在连接 QQ-备用 邮箱服务器 (shouqianbadavid@qq.com) ...
[2026-05-25 08:05:29]  正在连接 QQ-主 邮箱服务器 (497720537@qq.com) ...
[2026-05-25 08:05:30]  正在连接 QQ-备用 邮箱服务器 (shouqianbadavid@qq.com) ...
[2026-05-25 08:06:05]  正在连接 QQ-主 邮箱服务器 (497720537@qq.com) ...
[2026-05-25 08:06:06]  正在连接 QQ-备用 邮箱服务器 (shouqianbadavid@qq.com) ...
[2026-05-25 08:06:42]  正在连接 QQ-主 邮箱服务器 (497720537@qq.com) ...
[2026-05-25 08:06:43]  正在连接 QQ-备用 邮箱服务器 (shouqianbadavid@qq.com) ...
[2026-05-25 08:07:19]  正在连接 QQ-主 邮箱服务器 (497720537@qq.com) ...
[2026-05-25 08:07:19]  正在连接 QQ-备用 邮箱服务器 (shouqianbadavid@qq.com) ...
[2026-05-25 08:07:55]  正在连接 QQ-主 邮箱服务器 (497720537@qq.com) ...
[2026-05-25 08:07:56]  正在连接 QQ-备用 邮箱服务器 (shouqianbadavid@qq.com) ...
[2026-05-25 08:08:32]  正在连接 QQ-主 邮箱服务器 (497720537@qq.com) ...
[2026-05-25 08:08:33]  正在连接 QQ-备用 邮箱服务器 (shouqianbadavid@qq.com) ...
[2026-05-25 08:09:08]  正在连接 QQ-主 邮箱服务器 (497720537@qq.com) ...
[2026-05-25 08:09:09]  正在连接 QQ-备用 邮箱服务器 (shouqianbadavid@qq.com) ...
[2026-05-25 08:09:45]  正在连接 QQ-主 邮箱服务器 (497720537@qq.com) ...
[2026-05-25 08:09:45]  正在连接 QQ-备用 邮箱服务器 (shouqianbadavid@qq.com) ...
[2026-05-25 08:10:21]  正在连接 QQ-主 邮箱服务器 (497720537@qq.com) ...
[2026-05-25 08:10:22]  正在连接 QQ-备用 邮箱服务器 (shouqianbadavid@qq.com) ...
[2026-05-25 08:10:58]  正在连接 QQ-主 邮箱服务器 (497720537@qq.com) ...
[2026-05-25 08:10:59]  正在连接 QQ-备用 邮箱服务器 (shouqianbadavid@qq.com) ...
[2026-05-25 08:11:35]  正在连接 QQ-主 邮箱服务器 (497720537@qq.com) ...
[2026-05-25 08:11:35]  正在连接 QQ-备用 邮箱服务器 (shouqianbadavid@qq.com) ...
[2026-05-25 08:12:11]  正在连接 QQ-主 邮箱服务器 (497720537@qq.com) ...
[2026-05-25 08:12:12]  正在连接 QQ-备用 邮箱服务器 (shouqianbadavid@qq.com) ...
[2026-05-25 08:12:47]  正在连接 QQ-主 邮箱服务器 (497720537@qq.com) ...
[2026-05-25 08:12:48]  正在连接 QQ-备用 邮箱服务器 (shouqianbadavid@qq.com) ...
[2026-05-25 08:13:24]  正在连接 QQ-主 邮箱服务器 (497720537@qq.com) ...
[2026-05-25 08:13:25]  正在连接 QQ-备用 邮箱服务器 (shouqianbadavid@qq.com) ...
[2026-05-25 08:14:01]  正在连接 QQ-主 邮箱服务器 (497720537@qq.com) ...
[2026-05-25 08:14:01]  正在连接 QQ-备用 邮箱服务器 (shouqianbadavid@qq.com) ...
[2026-05-25 08:14:37]  正在连接 QQ-主 邮箱服务器 (497720537@qq.com) ...
[2026-05-25 08:14:38]  正在连接 QQ-备用 邮箱服务器 (shouqianbadavid@qq.com) ...
[2026-05-25 08:15:14]  正在连接 QQ-主 邮箱服务器 (497720537@qq.com) ...
[2026-05-25 08:15:15]  正在连接 QQ-备用 邮箱服务器 (shouqianbadavid@qq.com) ...
[2026-05-25 08:15:50]  正在连接 QQ-主 邮箱服务器 (497720537@qq.com) ...
[2026-05-25 08:15:51]  正在连接 QQ-备用 邮箱服务器 (shouqianbadavid@qq.com) ...
[2026-05-25 08:16:27]  正在连接 QQ-主 邮箱服务器 (497720537@qq.com) ...
[2026-05-25 08:16:28]  正在连接 QQ-备用 邮箱服务器 (shouqianbadavid@qq.com) ...
[2026-05-25 08:17:03]  正在连接 QQ-主 邮箱服务器 (497720537@qq.com) ...
[2026-05-25 08:17:04]  正在连接 QQ-备用 邮箱服务器 (shouqianbadavid@qq.com) ...
[2026-05-25 08:17:40]  正在连接 QQ-主 邮箱服务器 (497720537@qq.com) ...
[2026-05-25 08:17:41]  正在连接 QQ-备用 邮箱服务器 (shouqianbadavid@qq.com) ...
[2026-05-25 08:18:16]  正在连接 QQ-主 邮箱服务器 (497720537@qq.com) ...
[2026-05-25 08:18:17]  正在连接 QQ-备用 邮箱服务器 (shouqianbadavid@qq.com) ...
[2026-05-25 08:18:53]  正在连接 QQ-主 邮箱服务器 (497720537@qq.com) ...
[2026-05-25 08:18:54]  正在连接 QQ-备用 邮箱服务器 (shouqianbadavid@qq.com) ...
[2026-05-25 08:19:29]  正在连接 QQ-主 邮箱服务器 (497720537@qq.com) ...
[2026-05-25 08:19:30]  正在连接 QQ-备用 邮箱服务器 (shouqianbadavid@qq.com) ...
[2026-05-25 08:20:06]  正在连接 QQ-主 邮箱服务器 (497720537@qq.com) ...
[2026-05-25 08:20:07]  正在连接 QQ-备用 邮箱服务器 (shouqianbadavid@qq.com) ...
[2026-05-25 08:20:43]  正在连接 QQ-主 邮箱服务器 (497720537@qq.com) ...
[2026-05-25 08:20:43]  正在连接 QQ-备用 邮箱服务器 (shouqianbadavid@qq.com) ...
[2026-05-25 08:21:19]  正在连接 QQ-主 邮箱服务器 (497720537@qq.com) ...
[2026-05-25 08:21:19]  正在连接 QQ-备用 邮箱服务器 (shouqianbadavid@qq.com) ...
[2026-05-25 08:21:55]  正在连接 QQ-主 邮箱服务器 (497720537@qq.com) ...
[2026-05-25 08:21:56]  正在连接 QQ-备用 邮箱服务器 (shouqianbadavid@qq.com) ...
[2026-05-25 08:22:32]  正在连接 QQ-主 邮箱服务器 (497720537@qq.com) ...
[2026-05-25 08:22:32]  正在连接 QQ-备用 邮箱服务器 (shouqianbadavid@qq.com) ...
[2026-05-25 08:23:08]  正在连接 QQ-主 邮箱服务器 (497720537@qq.com) ...
[2026-05-25 08:23:09]  正在连接 QQ-备用 邮箱服务器 (shouqianbadavid@qq.com) ...
[2026-05-25 08:23:45]  正在连接 QQ-主 邮箱服务器 (497720537@qq.com) ...
[2026-05-25 08:23:45]  正在连接 QQ-备用 邮箱服务器 (shouqianbadavid@qq.com) ...
[2026-05-25 08:24:21]  正在连接 QQ-主 邮箱服务器 (497720537@qq.com) ...
[2026-05-25 08:24:21]  正在连接 QQ-备用 邮箱服务器 (shouqianbadavid@qq.com) ...
[2026-05-25 08:24:57]  正在连接 QQ-主 邮箱服务器 (497720537@qq.com) ...
[2026-05-25 08:24:58]  正在连接 QQ-备用 邮箱服务器 (shouqianbadavid@qq.com) ...
[2026-05-25 08:25:33]  正在连接 QQ-主 邮箱服务器 (497720537@qq.com) ...
[2026-05-25 08:25:34]  正在连接 QQ-备用 邮箱服务器 (shouqianbadavid@qq.com) ...
[2026-05-25 08:26:10]  正在连接 QQ-主 邮箱服务器 (497720537@qq.com) ...
[2026-05-25 08:26:10]  正在连接 QQ-备用 邮箱服务器 (shouqianbadavid@qq.com) ...
[2026-05-25 08:26:46]  正在连接 QQ-主 邮箱服务器 (497720537@qq.com) ...
[2026-05-25 08:26:47]  正在连接 QQ-备用 邮箱服务器 (shouqianbadavid@qq.com) ...
[2026-05-25 08:27:22]  正在连接 QQ-主 邮箱服务器 (497720537@qq.com) ...
[2026-05-25 08:27:23]  正在连接 QQ-备用 邮箱服务器 (shouqianbadavid@qq.com) ...
[2026-05-25 08:27:58]  正在连接 QQ-主 邮箱服务器 (497720537@qq.com) ...
[2026-05-25 08:27:59]  正在连接 QQ-备用 邮箱服务器 (shouqianbadavid@qq.com) ...
[2026-05-25 08:28:35]  正在连接 QQ-主 邮箱服务器 (497720537@qq.com) ...
[2026-05-25 08:28:35]  正在连接 QQ-备用 邮箱服务器 (shouqianbadavid@qq.com) ...
[2026-05-25 08:29:11]  正在连接 QQ-主 邮箱服务器 (497720537@qq.com) ...
[2026-05-25 08:29:11]  正在连接 QQ-备用 邮箱服务器 (shouqianbadavid@qq.com) ...
[2026-05-25 08:29:47]  正在连接 QQ-主 邮箱服务器 (497720537@qq.com) ...
[2026-05-25 08:29:47]  正在连接 QQ-备用 邮箱服务器 (shouqianbadavid@qq.com) ...
[2026-05-25 08:30:23]  正在连接 QQ-主 邮箱服务器 (497720537@qq.com) ...
[2026-05-25 08:30:24]  正在连接 QQ-备用 邮箱服务器 (shouqianbadavid@qq.com) ...
[2026-05-25 08:30:59]  正在连接 QQ-主 邮箱服务器 (497720537@qq.com) ...
[2026-05-25 08:31:00]  正在连接 QQ-备用 邮箱服务器 (shouqianbadavid@qq.com) ...
[2026-05-25 08:31:36]  正在连接 QQ-主 邮箱服务器 (497720537@qq.com) ...
[2026-05-25 08:31:37]  正在连接 QQ-备用 邮箱服务器 (shouqianbadavid@qq.com) ...
[2026-05-25 08:32:13]  正在连接 QQ-主 邮箱服务器 (497720537@qq.com) ...
[2026-05-25 08:32:13]  正在连接 QQ-备用 邮箱服务器 (shouqianbadavid@qq.com) ...
[2026-05-25 08:32:49]  正在连接 QQ-主 邮箱服务器 (497720537@qq.com) ...
[2026-05-25 08:32:49]  正在连接 QQ-备用 邮箱服务器 (shouqianbadavid@qq.com) ...
[2026-05-25 08:33:25]  正在连接 QQ-主 邮箱服务器 (497720537@qq.com) ...
[2026-05-25 08:33:25]  正在连接 QQ-备用 邮箱服务器 (shouqianbadavid@qq.com) ...
[2026-05-25 08:34:01]  正在连接 QQ-主 邮箱服务器 (497720537@qq.com) ...
[2026-05-25 08:34:02]  正在连接 QQ-备用 邮箱服务器 (shouqianbadavid@qq.com) ...
[2026-05-25 08:34:38]  正在连接 QQ-主 邮箱服务器 (497720537@qq.com) ...
[2026-05-25 08:34:38]  正在连接 QQ-备用 邮箱服务器 (shouqianbadavid@qq.com) ...
[2026-05-25 08:35:14]  正在连接 QQ-主 邮箱服务器 (497720537@qq.com) ...
[2026-05-25 08:35:15]  正在连接 QQ-备用 邮箱服务器 (shouqianbadavid@qq.com) ...
[2026-05-25 08:35:51]  正在连接 QQ-主 邮箱服务器 (497720537@qq.com) ...
[2026-05-25 08:35:52]  正在连接 QQ-备用 邮箱服务器 (shouqianbadavid@qq.com) ...
[2026-05-25 08:36:28]  正在连接 QQ-主 邮箱服务器 (497720537@qq.com) ...
[2026-05-25 08:36:29]  正在连接 QQ-备用 邮箱服务器 (shouqianbadavid@qq.com) ...
[2026-05-25 08:37:05]  正在连接 QQ-主 邮箱服务器 (497720537@qq.com) ...
[2026-05-25 08:37:06]  正在连接 QQ-备用 邮箱服务器 (shouqianbadavid@qq.com) ...
[2026-05-25 08:37:42]  正在连接 QQ-主 邮箱服务器 (497720537@qq.com) ...
[2026-05-25 08:37:42]  正在连接 QQ-备用 邮箱服务器 (shouqianbadavid@qq.com) ...
[2026-05-25 08:38:18]  正在连接 QQ-主 邮箱服务器 (497720537@qq.com) ...
[2026-05-25 08:38:19]  正在连接 QQ-备用 邮箱服务器 (shouqianbadavid@qq.com) ...
[2026-05-25 08:38:54]  正在连接 QQ-主 邮箱服务器 (497720537@qq.com) ...
[2026-05-25 08:38:55]  正在连接 QQ-备用 邮箱服务器 (shouqianbadavid@qq.com) ...
[2026-05-25 08:39:31]  正在连接 QQ-主 邮箱服务器 (497720537@qq.com) ...
[2026-05-25 08:39:32]  正在连接 QQ-备用 邮箱服务器 (shouqianbadavid@qq.com) ...
[2026-05-25 08:40:07]  正在连接 QQ-主 邮箱服务器 (497720537@qq.com) ...
[2026-05-25 08:40:08]  正在连接 QQ-备用 邮箱服务器 (shouqianbadavid@qq.com) ...
[2026-05-25 08:40:44]  正在连接 QQ-主 邮箱服务器 (497720537@qq.com) ...
[2026-05-25 08:40:45]  正在连接 QQ-备用 邮箱服务器 (shouqianbadavid@qq.com) ...
[2026-05-25 08:41:20]  正在连接 QQ-主 邮箱服务器 (497720537@qq.com) ...
[2026-05-25 08:41:21]  正在连接 QQ-备用 邮箱服务器 (shouqianbadavid@qq.com) ...
[2026-05-25 08:41:57]  正在连接 QQ-主 邮箱服务器 (497720537@qq.com) ...
[2026-05-25 08:41:57]  正在连接 QQ-备用 邮箱服务器 (shouqianbadavid@qq.com) ...
[2026-05-25 08:42:33]  正在连接 QQ-主 邮箱服务器 (497720537@qq.com) ...
[2026-05-25 08:42:34]  正在连接 QQ-备用 邮箱服务器 (shouqianbadavid@qq.com) ...
[2026-05-25 08:43:10]  正在连接 QQ-主 邮箱服务器 (497720537@qq.com) ...
[2026-05-25 08:43:10]  正在连接 QQ-备用 邮箱服务器 (shouqianbadavid@qq.com) ...
[2026-05-25 08:43:46]  正在连接 QQ-主 邮箱服务器 (497720537@qq.com) ...
[2026-05-25 08:43:47]  正在连接 QQ-备用 邮箱服务器 (shouqianbadavid@qq.com) ...
[2026-05-25 08:44:23]  正在连接 QQ-主 邮箱服务器 (497720537@qq.com) ...
[2026-05-25 08:44:23]  正在连接 QQ-备用 邮箱服务器 (shouqianbadavid@qq.com) ...
[2026-05-25 08:44:59]  正在连接 QQ-主 邮箱服务器 (497720537@qq.com) ...
[2026-05-25 08:45:00]  正在连接 QQ-备用 邮箱服务器 (shouqianbadavid@qq.com) ...
[2026-05-25 08:45:35]  正在连接 QQ-主 邮箱服务器 (497720537@qq.com) ...
[2026-05-25 08:45:36]  正在连接 QQ-备用 邮箱服务器 (shouqianbadavid@qq.com) ...
[2026-05-25 08:46:11]  正在连接 QQ-主 邮箱服务器 (497720537@qq.com) ...
[2026-05-25 08:46:12]  正在连接 QQ-备用 邮箱服务器 (shouqianbadavid@qq.com) ...
[2026-05-25 08:46:48]  正在连接 QQ-主 邮箱服务器 (497720537@qq.com) ...
[2026-05-25 08:46:49]  正在连接 QQ-备用 邮箱服务器 (shouqianbadavid@qq.com) ...
[2026-05-25 08:47:25]  正在连接 QQ-主 邮箱服务器 (497720537@qq.com) ...
[2026-05-25 08:47:26]  正在连接 QQ-备用 邮箱服务器 (shouqianbadavid@qq.com) ...
[2026-05-25 08:48:01]  正在连接 QQ-主 邮箱服务器 (497720537@qq.com) ...
[2026-05-25 08:48:02]  正在连接 QQ-备用 邮箱服务器 (shouqianbadavid@qq.com) ...
[2026-05-25 08:48:38]  正在连接 QQ-主 邮箱服务器 (497720537@qq.com) ...
[2026-05-25 08:48:39]  正在连接 QQ-备用 邮箱服务器 (shouqianbadavid@qq.com) ...
[2026-05-25 08:49:15]  正在连接 QQ-主 邮箱服务器 (497720537@qq.com) ...
[2026-05-25 08:49:15]  正在连接 QQ-备用 邮箱服务器 (shouqianbadavid@qq.com) ...
[2026-05-25 08:49:51]  正在连接 QQ-主 邮箱服务器 (497720537@qq.com) ...
[2026-05-25 08:49:52]  正在连接 QQ-备用 邮箱服务器 (shouqianbadavid@qq.com) ...
[2026-05-25 08:50:28]  正在连接 QQ-主 邮箱服务器 (497720537@qq.com) ...
[2026-05-25 08:50:29]  正在连接 QQ-备用 邮箱服务器 (shouqianbadavid@qq.com) ...
[2026-05-25 08:51:04]  正在连接 QQ-主 邮箱服务器 (497720537@qq.com) ...
[2026-05-25 08:51:05]  正在连接 QQ-备用 邮箱服务器 (shouqianbadavid@qq.com) ...
[2026-05-25 08:51:41]  正在连接 QQ-主 邮箱服务器 (497720537@qq.com) ...
[2026-05-25 08:51:42]  正在连接 QQ-备用 邮箱服务器 (shouqianbadavid@qq.com) ...
[2026-05-25 08:52:18]  正在连接 QQ-主 邮箱服务器 (497720537@qq.com) ...
[2026-05-25 08:52:18]  正在连接 QQ-备用 邮箱服务器 (shouqianbadavid@qq.com) ...
[2026-05-25 08:52:54]  正在连接 QQ-主 邮箱服务器 (497720537@qq.com) ...
[2026-05-25 08:52:54]  正在连接 QQ-备用 邮箱服务器 (shouqianbadavid@qq.com) ...
[2026-05-25 08:53:30]  正在连接 QQ-主 邮箱服务器 (497720537@qq.com) ...
[2026-05-25 08:53:31]  正在连接 QQ-备用 邮箱服务器 (shouqianbadavid@qq.com) ...
[2026-05-25 08:54:07]  正在连接 QQ-主 邮箱服务器 (497720537@qq.com) ...
[2026-05-25 08:54:07]  正在连接 QQ-备用 邮箱服务器 (shouqianbadavid@qq.com) ...
[2026-05-25 08:54:43]  正在连接 QQ-主 邮箱服务器 (497720537@qq.com) ...
[2026-05-25 08:54:44]  正在连接 QQ-备用 邮箱服务器 (shouqianbadavid@qq.com) ...
[2026-05-25 08:55:19]  正在连接 QQ-主 邮箱服务器 (497720537@qq.com) ...
[2026-05-25 08:55:20]  正在连接 QQ-备用 邮箱服务器 (shouqianbadavid@qq.com) ...
[2026-05-25 08:55:56]  正在连接 QQ-主 邮箱服务器 (497720537@qq.com) ...
[2026-05-25 08:55:57]  正在连接 QQ-备用 邮箱服务器 (shouqianbadavid@qq.com) ...
[2026-05-25 08:56:33]  正在连接 QQ-主 邮箱服务器 (497720537@qq.com) ...
[2026-05-25 08:56:33]  正在连接 QQ-备用 邮箱服务器 (shouqianbadavid@qq.com) ...
[2026-05-25 08:57:09]  正在连接 QQ-主 邮箱服务器 (497720537@qq.com) ...
[2026-05-25 08:57:09]  正在连接 QQ-备用 邮箱服务器 (shouqianbadavid@qq.com) ...
[2026-05-25 08:57:45]  正在连接 QQ-主 邮箱服务器 (497720537@qq.com) ...
[2026-05-25 08:57:47]  正在连接 QQ-备用 邮箱服务器 (shouqianbadavid@qq.com) ...
[2026-05-25 08:58:22]  正在连接 QQ-主 邮箱服务器 (497720537@qq.com) ...
[2026-05-25 08:58:23]  正在连接 QQ-备用 邮箱服务器 (shouqianbadavid@qq.com) ...
[2026-05-25 08:58:59]  正在连接 QQ-主 邮箱服务器 (497720537@qq.com) ...
[2026-05-25 08:59:00]  正在连接 QQ-备用 邮箱服务器 (shouqianbadavid@qq.com) ...
[2026-05-25 08:59:35]  正在连接 QQ-主 邮箱服务器 (497720537@qq.com) ...
[2026-05-25 08:59:36]  正在连接 QQ-备用 邮箱服务器 (shouqianbadavid@qq.com) ...
[2026-05-25 09:00:12]  正在连接 QQ-主 邮箱服务器 (497720537@qq.com) ...
[2026-05-25 09:00:13]  正在连接 QQ-备用 邮箱服务器 (shouqianbadavid@qq.com) ...
[2026-05-25 09:00:48]  正在连接 QQ-主 邮箱服务器 (497720537@qq.com) ...
[2026-05-25 09:00:49]  正在连接 QQ-备用 邮箱服务器 (shouqianbadavid@qq.com) ...
[2026-05-25 09:01:25]  正在连接 QQ-主 邮箱服务器 (497720537@qq.com) ...
[2026-05-25 09:01:25]  正在连接 QQ-备用 邮箱服务器 (shouqianbadavid@qq.com) ...
[2026-05-25 09:02:01]  正在连接 QQ-主 邮箱服务器 (497720537@qq.com) ...
[2026-05-25 09:02:02]  正在连接 QQ-备用 邮箱服务器 (shouqianbadavid@qq.com) ...
[2026-05-25 09:02:38]  正在连接 QQ-主 邮箱服务器 (497720537@qq.com) ...
[2026-05-25 09:02:38]  正在连接 QQ-备用 邮箱服务器 (shouqianbadavid@qq.com) ...
[2026-05-25 09:03:14]  正在连接 QQ-主 邮箱服务器 (497720537@qq.com) ...
[2026-05-25 09:03:15]  正在连接 QQ-备用 邮箱服务器 (shouqianbadavid@qq.com) ...
[2026-05-25 09:03:51]  正在连接 QQ-主 邮箱服务器 (497720537@qq.com) ...
[2026-05-25 09:03:52]  正在连接 QQ-备用 邮箱服务器 (shouqianbadavid@qq.com) ...
[2026-05-25 09:04:27]  正在连接 QQ-主 邮箱服务器 (497720537@qq.com) ...
[2026-05-25 09:04:28]  正在连接 QQ-备用 邮箱服务器 (shouqianbadavid@qq.com) ...
[2026-05-25 09:05:04]  正在连接 QQ-主 邮箱服务器 (497720537@qq.com) ...
[2026-05-25 09:05:05]  正在连接 QQ-备用 邮箱服务器 (shouqianbadavid@qq.com) ...
[2026-05-25 09:05:40]  正在连接 QQ-主 邮箱服务器 (497720537@qq.com) ...
[2026-05-25 09:05:41]  正在连接 QQ-备用 邮箱服务器 (shouqianbadavid@qq.com) ...
[2026-05-25 09:06:17]  正在连接 QQ-主 邮箱服务器 (497720537@qq.com) ...
[2026-05-25 09:06:18]  正在连接 QQ-备用 邮箱服务器 (shouqianbadavid@qq.com) ...
[2026-05-25 09:06:54]  正在连接 QQ-主 邮箱服务器 (497720537@qq.com) ...
[2026-05-25 09:06:54]  正在连接 QQ-备用 邮箱服务器 (shouqianbadavid@qq.com) ...
[2026-05-25 09:07:31]  正在连接 QQ-主 邮箱服务器 (497720537@qq.com) ...
[2026-05-25 09:07:31]  正在连接 QQ-备用 邮箱服务器 (shouqianbadavid@qq.com) ...
[2026-05-25 09:08:07]  正在连接 QQ-主 邮箱服务器 (497720537@qq.com) ...
[2026-05-25 09:08:08]  正在连接 QQ-备用 邮箱服务器 (shouqianbadavid@qq.com) ...
[2026-05-25 09:08:43]  正在连接 QQ-主 邮箱服务器 (497720537@qq.com) ...
[2026-05-25 09:08:44]  正在连接 QQ-备用 邮箱服务器 (shouqianbadavid@qq.com) ...
[2026-05-25 09:09:20]  正在连接 QQ-主 邮箱服务器 (497720537@qq.com) ...
[2026-05-25 09:09:20]  正在连接 QQ-备用 邮箱服务器 (shouqianbadavid@qq.com) ...
[2026-05-25 09:09:56]  正在连接 QQ-主 邮箱服务器 (497720537@qq.com) ...
[2026-05-25 09:09:57]  正在连接 QQ-备用 邮箱服务器 (shouqianbadavid@qq.com) ...
[2026-05-25 09:10:33]  正在连接 QQ-主 邮箱服务器 (497720537@qq.com) ...
[2026-05-25 09:10:33]  正在连接 QQ-备用 邮箱服务器 (shouqianbadavid@qq.com) ...
[2026-05-25 09:11:09]  正在连接 QQ-主 邮箱服务器 (497720537@qq.com) ...
[2026-05-25 09:11:10]  正在连接 QQ-备用 邮箱服务器 (shouqianbadavid@qq.com) ...
[2026-05-25 09:11:46]  正在连接 QQ-主 邮箱服务器 (497720537@qq.com) ...
[2026-05-25 09:11:46]  正在连接 QQ-备用 邮箱服务器 (shouqianbadavid@qq.com) ...
[2026-05-25 09:12:22]  正在连接 QQ-主 邮箱服务器 (497720537@qq.com) ...
[2026-05-25 09:12:23]  正在连接 QQ-备用 邮箱服务器 (shouqianbadavid@qq.com) ...
[2026-05-25 09:12:58]  正在连接 QQ-主 邮箱服务器 (497720537@qq.com) ...
[2026-05-25 09:12:59]  正在连接 QQ-备用 邮箱服务器 (shouqianbadavid@qq.com) ...
[2026-05-25 09:13:35]  正在连接 QQ-主 邮箱服务器 (497720537@qq.com) ...
[2026-05-25 09:13:36]  正在连接 QQ-备用 邮箱服务器 (shouqianbadavid@qq.com) ...
[2026-05-25 09:14:12]  正在连接 QQ-主 邮箱服务器 (497720537@qq.com) ...
[2026-05-25 09:14:13]  正在连接 QQ-备用 邮箱服务器 (shouqianbadavid@qq.com) ...
[2026-05-25 09:14:48]  正在连接 QQ-主 邮箱服务器 (497720537@qq.com) ...
[2026-05-25 09:14:49]  正在连接 QQ-备用 邮箱服务器 (shouqianbadavid@qq.com) ...
[2026-05-25 09:15:24]  正在连接 QQ-主 邮箱服务器 (497720537@qq.com) ...
[2026-05-25 09:15:25]  正在连接 QQ-备用 邮箱服务器 (shouqianbadavid@qq.com) ...
[2026-05-25 09:16:01]  正在连接 QQ-主 邮箱服务器 (497720537@qq.com) ...
[2026-05-25 09:16:02]  正在连接 QQ-备用 邮箱服务器 (shouqianbadavid@qq.com) ...
[2026-05-25 09:16:38]  正在连接 QQ-主 邮箱服务器 (497720537@qq.com) ...
[2026-05-25 09:16:38]  正在连接 QQ-备用 邮箱服务器 (shouqianbadavid@qq.com) ...
[2026-05-25 09:17:14]  正在连接 QQ-主 邮箱服务器 (497720537@qq.com) ...
[2026-05-25 09:17:16]  正在连接 QQ-备用 邮箱服务器 (shouqianbadavid@qq.com) ...
[2026-05-25 09:17:52]  正在连接 QQ-主 邮箱服务器 (497720537@qq.com) ...
[2026-05-25 09:17:52]  正在连接 QQ-备用 邮箱服务器 (shouqianbadavid@qq.com) ...
[2026-05-25 09:18:28]  正在连接 QQ-主 邮箱服务器 (497720537@qq.com) ...
[2026-05-25 09:18:29]  正在连接 QQ-备用 邮箱服务器 (shouqianbadavid@qq.com) ...
[2026-05-25 09:19:05]  正在连接 QQ-主 邮箱服务器 (497720537@qq.com) ...
[2026-05-25 09:19:06]  正在连接 QQ-备用 邮箱服务器 (shouqianbadavid@qq.com) ...
[2026-05-25 09:19:41]  正在连接 QQ-主 邮箱服务器 (497720537@qq.com) ...
[2026-05-25 09:19:42]  正在连接 QQ-备用 邮箱服务器 (shouqianbadavid@qq.com) ...
[2026-05-25 09:20:18]  正在连接 QQ-主 邮箱服务器 (497720537@qq.com) ...
[2026-05-25 09:20:18]  正在连接 QQ-备用 邮箱服务器 (shouqianbadavid@qq.com) ...
[2026-05-25 09:20:54]  正在连接 QQ-主 邮箱服务器 (497720537@qq.com) ...
[2026-05-25 09:20:55]  正在连接 QQ-备用 邮箱服务器 (shouqianbadavid@qq.com) ...
[2026-05-25 09:21:31]  正在连接 QQ-主 邮箱服务器 (497720537@qq.com) ...
[2026-05-25 09:21:31]  正在连接 QQ-备用 邮箱服务器 (shouqianbadavid@qq.com) ...
[2026-05-25 09:22:07]  正在连接 QQ-主 邮箱服务器 (497720537@qq.com) ...
[2026-05-25 09:22:08]  正在连接 QQ-备用 邮箱服务器 (shouqianbadavid@qq.com) ...
[2026-05-25 09:22:44]  正在连接 QQ-主 邮箱服务器 (497720537@qq.com) ...
[2026-05-25 09:22:45]  正在连接 QQ-备用 邮箱服务器 (shouqianbadavid@qq.com) ...
[2026-05-25 09:23:20]  正在连接 QQ-主 邮箱服务器 (497720537@qq.com) ...
[2026-05-25 09:23:21]  正在连接 QQ-备用 邮箱服务器 (shouqianbadavid@qq.com) ...
[2026-05-25 09:23:57]  正在连接 QQ-主 邮箱服务器 (497720537@qq.com) ...
[2026-05-25 09:23:57]  正在连接 QQ-备用 邮箱服务器 (shouqianbadavid@qq.com) ...
[2026-05-25 09:24:33]  正在连接 QQ-主 邮箱服务器 (497720537@qq.com) ...
[2026-05-25 09:24:34]  正在连接 QQ-备用 邮箱服务器 (shouqianbadavid@qq.com) ...
[2026-05-25 09:25:09]  正在连接 QQ-主 邮箱服务器 (497720537@qq.com) ...
[2026-05-25 09:25:10]  正在连接 QQ-备用 邮箱服务器 (shouqianbadavid@qq.com) ...
[2026-05-25 09:25:46]  正在连接 QQ-主 邮箱服务器 (497720537@qq.com) ...
[2026-05-25 09:25:47]  正在连接 QQ-备用 邮箱服务器 (shouqianbadavid@qq.com) ...
[2026-05-25 09:26:23]  正在连接 QQ-主 邮箱服务器 (497720537@qq.com) ...
[2026-05-25 09:26:24]  正在连接 QQ-备用 邮箱服务器 (shouqianbadavid@qq.com) ...
[2026-05-25 09:27:00]  正在连接 QQ-主 邮箱服务器 (497720537@qq.com) ...
[2026-05-25 09:27:01]  正在连接 QQ-备用 邮箱服务器 (shouqianbadavid@qq.com) ...
[2026-05-25 09:27:37]  正在连接 QQ-主 邮箱服务器 (497720537@qq.com) ...
[2026-05-25 09:27:37]  正在连接 QQ-备用 邮箱服务器 (shouqianbadavid@qq.com) ...
[2026-05-25 09:28:13]  正在连接 QQ-主 邮箱服务器 (497720537@qq.com) ...
[2026-05-25 09:28:14]  正在连接 QQ-备用 邮箱服务器 (shouqianbadavid@qq.com) ...
[2026-05-25 09:28:50]  正在连接 QQ-主 邮箱服务器 (497720537@qq.com) ...
[2026-05-25 09:28:50]  正在连接 QQ-备用 邮箱服务器 (shouqianbadavid@qq.com) ...
[2026-05-25 09:29:26]  正在连接 QQ-主 邮箱服务器 (497720537@qq.com) ...
[2026-05-25 09:29:27]  正在连接 QQ-备用 邮箱服务器 (shouqianbadavid@qq.com) ...
[2026-05-25 09:30:03]  正在连接 QQ-主 邮箱服务器 (497720537@qq.com) ...
[2026-05-25 09:30:04]  正在连接 QQ-备用 邮箱服务器 (shouqianbadavid@qq.com) ...
[2026-05-25 09:30:40]  正在连接 QQ-主 邮箱服务器 (497720537@qq.com) ...
[2026-05-25 09:30:40]  正在连接 QQ-备用 邮箱服务器 (shouqianbadavid@qq.com) ...
[2026-05-25 09:31:16]  正在连接 QQ-主 邮箱服务器 (497720537@qq.com) ...
[2026-05-25 09:31:17]  正在连接 QQ-备用 邮箱服务器 (shouqianbadavid@qq.com) ...
[2026-05-25 09:31:53]  正在连接 QQ-主 邮箱服务器 (497720537@qq.com) ...
[2026-05-25 09:31:53]  正在连接 QQ-备用 邮箱服务器 (shouqianbadavid@qq.com) ...
[2026-05-25 09:32:29]  正在连接 QQ-主 邮箱服务器 (497720537@qq.com) ...
[2026-05-25 09:32:30]  正在连接 QQ-备用 邮箱服务器 (shouqianbadavid@qq.com) ...
[2026-05-25 09:33:06]  正在连接 QQ-主 邮箱服务器 (497720537@qq.com) ...
[2026-05-25 09:33:06]  正在连接 QQ-备用 邮箱服务器 (shouqianbadavid@qq.com) ...
[2026-05-25 09:33:42]  正在连接 QQ-主 邮箱服务器 (497720537@qq.com) ...
[2026-05-25 09:33:42]  正在连接 QQ-备用 邮箱服务器 (shouqianbadavid@qq.com) ...
[2026-05-25 09:34:18]  正在连接 QQ-主 邮箱服务器 (497720537@qq.com) ...
[2026-05-25 09:34:19]  正在连接 QQ-备用 邮箱服务器 (shouqianbadavid@qq.com) ...
[2026-05-25 09:34:54]  正在连接 QQ-主 邮箱服务器 (497720537@qq.com) ...
[2026-05-25 09:34:55]  正在连接 QQ-备用 邮箱服务器 (shouqianbadavid@qq.com) ...
[2026-05-25 09:35:31]  正在连接 QQ-主 邮箱服务器 (497720537@qq.com) ...
[2026-05-25 09:35:32]  正在连接 QQ-备用 邮箱服务器 (shouqianbadavid@qq.com) ...
[2026-05-25 09:36:08]  正在连接 QQ-主 邮箱服务器 (497720537@qq.com) ...
[2026-05-25 09:36:08]  正在连接 QQ-备用 邮箱服务器 (shouqianbadavid@qq.com) ...
[2026-05-25 09:36:44]  正在连接 QQ-主 邮箱服务器 (497720537@qq.com) ...
[2026-05-25 09:36:45]  正在连接 QQ-备用 邮箱服务器 (shouqianbadavid@qq.com) ...
[2026-05-25 09:37:20]  正在连接 QQ-主 邮箱服务器 (497720537@qq.com) ...
[2026-05-25 09:37:21]  正在连接 QQ-备用 邮箱服务器 (shouqianbadavid@qq.com) ...
[2026-05-25 09:37:56]  正在连接 QQ-主 邮箱服务器 (497720537@qq.com) ...
[2026-05-25 09:37:58]  正在连接 QQ-备用 邮箱服务器 (shouqianbadavid@qq.com) ...
[2026-05-25 09:38:34]  正在连接 QQ-主 邮箱服务器 (497720537@qq.com) ...
[2026-05-25 09:38:34]  正在连接 QQ-备用 邮箱服务器 (shouqianbadavid@qq.com) ...
[2026-05-25 09:39:10]  正在连接 QQ-主 邮箱服务器 (497720537@qq.com) ...
[2026-05-25 09:39:10]  正在连接 QQ-备用 邮箱服务器 (shouqianbadavid@qq.com) ...
[2026-05-25 09:39:46]  正在连接 QQ-主 邮箱服务器 (497720537@qq.com) ...
[2026-05-25 09:39:46]  正在连接 QQ-备用 邮箱服务器 (shouqianbadavid@qq.com) ...
[2026-05-25 09:40:22]  正在连接 QQ-主 邮箱服务器 (497720537@qq.com) ...
[2026-05-25 09:40:23]  正在连接 QQ-备用 邮箱服务器 (shouqianbadavid@qq.com) ...
[2026-05-25 09:40:58]  正在连接 QQ-主 邮箱服务器 (497720537@qq.com) ...
[2026-05-25 09:40:59]  正在连接 QQ-备用 邮箱服务器 (shouqianbadavid@qq.com) ...
[2026-05-25 09:41:34]  正在连接 QQ-主 邮箱服务器 (497720537@qq.com) ...
[2026-05-25 09:41:35]  正在连接 QQ-备用 邮箱服务器 (shouqianbadavid@qq.com) ...
[2026-05-25 09:42:10]  正在连接 QQ-主 邮箱服务器 (497720537@qq.com) ...
[2026-05-25 09:42:11]  正在连接 QQ-备用 邮箱服务器 (shouqianbadavid@qq.com) ...
[2026-05-25 09:42:47]  正在连接 QQ-主 邮箱服务器 (497720537@qq.com) ...
[2026-05-25 09:42:47]  正在连接 QQ-备用 邮箱服务器 (shouqianbadavid@qq.com) ...
[2026-05-25 09:43:23]  正在连接 QQ-主 邮箱服务器 (497720537@qq.com) ...
[2026-05-25 09:43:24]  正在连接 QQ-备用 邮箱服务器 (shouqianbadavid@qq.com) ...
[2026-05-25 09:43:59]  正在连接 QQ-主 邮箱服务器 (497720537@qq.com) ...
[2026-05-25 09:44:00]  正在连接 QQ-备用 邮箱服务器 (shouqianbadavid@qq.com) ...
[2026-05-25 09:44:36]  正在连接 QQ-主 邮箱服务器 (497720537@qq.com) ...
[2026-05-25 09:44:36]  正在连接 QQ-备用 邮箱服务器 (shouqianbadavid@qq.com) ...
[2026-05-25 09:45:12]  正在连接 QQ-主 邮箱服务器 (497720537@qq.com) ...
[2026-05-25 09:45:13]  正在连接 QQ-备用 邮箱服务器 (shouqianbadavid@qq.com) ...
[2026-05-25 09:45:48]  正在连接 QQ-主 邮箱服务器 (497720537@qq.com) ...
[2026-05-25 09:45:49]  正在连接 QQ-备用 邮箱服务器 (shouqianbadavid@qq.com) ...
[2026-05-25 09:45:50]  QQ-备用 正在解析因子: =?utf-8?b?QWxwaGFQaWxvdCDlpIfku73kv6Hlj7cgKGFscGhhX3NpZ25hbF90aHJfMjAyNjA1MjVfMDk0NS5qc29uKSBb5aSHUVEt6Ieq5L+dXQ==?=
[2026-05-25 09:45:50]  发现表格，共 14 行数据
[2026-05-25 09:45:50]  动态索引映射: ['股票代码', '股票名称', '信号', '当前价格', '量比', '来源过滤']
[2026-05-25 09:45:50]  [行1] 解析成功: SHSE.600989 [宝丰能源] SELL @ 25.71 (VR:0.21)
[2026-05-25 09:45:50]  [行2] 解析成功: SHSE.688689 [银河微电] BUY @ 41.3 (VR:0.14)
[2026-05-25 09:45:50]  [行3] 解析成功: SZSE.002455 [百川股份] SELL @ 9.66 (VR:0.43)
[2026-05-25 09:45:50]  [行4] 解析成功: SZSE.300037 [新宙邦] SELL @ 72.33 (VR:0.09)
[2026-05-25 09:45:50]  [行5] 解析成功: SZSE.301419 [瑞可达] SELL @ 46.48 (VR:0.84)
[2026-05-25 09:45:50]  [行6] 解析成功: SZSE.301071 [力量钻石] SELL @ 66.07 (VR:0.32)
[2026-05-25 09:45:50]  [行7] 解析成功: SZSE.300930 [屹通新材] SELL @ 33.57 (VR:0.22)
[2026-05-25 09:45:50]  [行8] 解析成功: SZSE.301389 [隆扬电子] SELL @ 81.48 (VR:0.73)
[2026-05-25 09:45:50]  [行9] 解析成功: SHSE.688700 [东威科技] BUY @ 82.85 (VR:1.2)
[2026-05-25 09:45:50]  [行10] 解析成功: SHSE.688689 [银河微电] BUY @ 42.26 (VR:0.07)
[2026-05-25 09:45:50]  [行11] 解析成功: SZSE.300037 [新宙邦] SELL @ 71.8 (VR:0.6)
[2026-05-25 09:45:50]  [行12] 解析成功: SZSE.301419 [瑞可达] SELL @ 46.36 (VR:0.95)
[2026-05-25 09:45:50]  [行13] 解析成功: SZSE.300930 [屹通新材] SELL @ 33.41 (VR:1.31)
[2026-05-25 09:45:50]  [行14] 解析成功: SZSE.301389 [隆扬电子] SELL @ 80.89 (VR:0.34)
[2026-05-25 09:45:50] 成功保存 14 条因子至: signal_batch_20260525_094550_139122.txt
[2026-05-25 09:45:50]  QQ-备用 邮件 1030 处理完成
[2026-05-25 09:45:50]  QQ-备用 本轮共成功处理 1 封有效信号邮件
[2026-05-25 09:46:25]  正在连接 QQ-主 邮箱服务器 (497720537@qq.com) ...
[2026-05-25 09:46:26]  正在连接 QQ-备用 邮箱服务器 (shouqianbadavid@qq.com) ...
[2026-05-25 09:47:01]  正在连接 QQ-主 邮箱服务器 (497720537@qq.com) ...
[2026-05-25 09:47:02]  正在连接 QQ-备用 邮箱服务器 (shouqianbadavid@qq.com) ...
[2026-05-25 09:47:38]  正在连接 QQ-主 邮箱服务器 (497720537@qq.com) ...
[2026-05-25 09:47:39]  正在连接 QQ-备用 邮箱服务器 (shouqianbadavid@qq.com) ...
[2026-05-25 09:48:14]  正在连接 QQ-主 邮箱服务器 (497720537@qq.com) ...
[2026-05-25 09:48:15]  正在连接 QQ-备用 邮箱服务器 (shouqianbadavid@qq.com) ...
[2026-05-25 09:48:50]  正在连接 QQ-主 邮箱服务器 (497720537@qq.com) ...
[2026-05-25 09:48:51]  正在连接 QQ-备用 邮箱服务器 (shouqianbadavid@qq.com) ...
[2026-05-25 09:49:27]  正在连接 QQ-主 邮箱服务器 (497720537@qq.com) ...
[2026-05-25 09:49:27]  正在连接 QQ-备用 邮箱服务器 (shouqianbadavid@qq.com) ...
[2026-05-25 09:50:03]  正在连接 QQ-主 邮箱服务器 (497720537@qq.com) ...
[2026-05-25 09:50:03]  正在连接 QQ-备用 邮箱服务器 (shouqianbadavid@qq.com) ...
[2026-05-25 09:50:39]  正在连接 QQ-主 邮箱服务器 (497720537@qq.com) ...
[2026-05-25 09:50:40]  正在连接 QQ-备用 邮箱服务器 (shouqianbadavid@qq.com) ...
[2026-05-25 09:51:16]  正在连接 QQ-主 邮箱服务器 (497720537@qq.com) ...
[2026-05-25 09:51:16]  正在连接 QQ-备用 邮箱服务器 (shouqianbadavid@qq.com) ...
[2026-05-25 09:51:52]  正在连接 QQ-主 邮箱服务器 (497720537@qq.com) ...
[2026-05-25 09:51:53]  正在连接 QQ-备用 邮箱服务器 (shouqianbadavid@qq.com) ...
[2026-05-25 09:52:28]  正在连接 QQ-主 邮箱服务器 (497720537@qq.com) ...
[2026-05-25 09:52:29]  正在连接 QQ-备用 邮箱服务器 (shouqianbadavid@qq.com) ...
[2026-05-25 09:53:04]  正在连接 QQ-主 邮箱服务器 (497720537@qq.com) ...
[2026-05-25 09:53:05]  正在连接 QQ-备用 邮箱服务器 (shouqianbadavid@qq.com) ...
[2026-05-25 09:53:41]  正在连接 QQ-主 邮箱服务器 (497720537@qq.com) ...
[2026-05-25 09:53:41]  正在连接 QQ-备用 邮箱服务器 (shouqianbadavid@qq.com) ...
[2026-05-25 09:54:17]  正在连接 QQ-主 邮箱服务器 (497720537@qq.com) ...
[2026-05-25 09:54:17]  正在连接 QQ-备用 邮箱服务器 (shouqianbadavid@qq.com) ...
[2026-05-25 09:54:53]  正在连接 QQ-主 邮箱服务器 (497720537@qq.com) ...
[2026-05-25 09:54:53]  正在连接 QQ-备用 邮箱服务器 (shouqianbadavid@qq.com) ...
[2026-05-25 09:55:29]  正在连接 QQ-主 邮箱服务器 (497720537@qq.com) ...
[2026-05-25 09:55:29]  正在连接 QQ-备用 邮箱服务器 (shouqianbadavid@qq.com) ...
[2026-05-25 09:56:05]  正在连接 QQ-主 邮箱服务器 (497720537@qq.com) ...
[2026-05-25 09:56:05]  正在连接 QQ-备用 邮箱服务器 (shouqianbadavid@qq.com) ...
[2026-05-25 09:56:41]  正在连接 QQ-主 邮箱服务器 (497720537@qq.com) ...
[2026-05-25 09:56:42]  正在连接 QQ-备用 邮箱服务器 (shouqianbadavid@qq.com) ...
[2026-05-25 09:57:17]  正在连接 QQ-主 邮箱服务器 (497720537@qq.com) ...
[2026-05-25 09:57:18]  正在连接 QQ-备用 邮箱服务器 (shouqianbadavid@qq.com) ...
[2026-05-25 09:57:53]  正在连接 QQ-主 邮箱服务器 (497720537@qq.com) ...
[2026-05-25 09:57:54]  正在连接 QQ-备用 邮箱服务器 (shouqianbadavid@qq.com) ...
[2026-05-25 09:58:30]  正在连接 QQ-主 邮箱服务器 (497720537@qq.com) ...
[2026-05-25 09:58:30]  正在连接 QQ-备用 邮箱服务器 (shouqianbadavid@qq.com) ...
[2026-05-25 09:59:06]  正在连接 QQ-主 邮箱服务器 (497720537@qq.com) ...
[2026-05-25 09:59:07]  正在连接 QQ-备用 邮箱服务器 (shouqianbadavid@qq.com) ...
[2026-05-25 09:59:42]  正在连接 QQ-主 邮箱服务器 (497720537@qq.com) ...
[2026-05-25 09:59:43]  QQ-主 正在解析因子: =?utf-8?b?QWxwaGFQaWxvdCDlrp7ml7bkv6Hlj7cgKGFscGhhX3NpZ25hbF90aHJfMjAyNjA1MjVfMDk1OS5qc29uKSBb5Li7UVEt5a+55aSWXQ==?=
[2026-05-25 09:59:43]  发现表格，共 15 行数据
[2026-05-25 09:59:43]  动态索引映射: ['股票代码', '股票名称', '信号', '当前价格', '量比', '来源过滤']
[2026-05-25 09:59:43]  [行1] 解析成功: SZSE.002980 [华盛昌] SELL @ 126.73 (VR:0.66)
[2026-05-25 09:59:43]  [行2] 解析成功: SZSE.301220 [亚香股份] SELL @ 40.27 (VR:0.2)
[2026-05-25 09:59:43]  [行3] 解析成功: SZSE.300782 [卓胜微] SELL @ 125.0 (VR:0.98)
[2026-05-25 09:59:43]  [行4] 解析成功: SZSE.301281 [利源制药] SELL @ 41.56 (VR:0.63)
[2026-05-25 09:59:43]  [行5] 解析成功: SZSE.001309 [德利明] BUY @ 666.0 (VR:0.67)
[2026-05-25 09:59:43]  [行6] 解析成功: SZSE.300054 [鼎龙股份] SELL @ 71.55 (VR:0.65)
[2026-05-25 09:59:43]  [行7] 解析成功: SZSE.300054 [鼎龙股份] SELL @ 71.14 (VR:0.3)
[2026-05-25 09:59:43]  [行8] 解析成功: SZSE.002980 [华盛昌] SELL @ 125.42 (VR:0.57)
[2026-05-25 09:59:43]  [行9] 解析成功: SZSE.301220 [亚香股份] BUY @ 40.31 (VR:0.03)
[2026-05-25 09:59:43]  [行10] 解析成功: SZSE.301281 [利源制药] SELL @ 41.4 (VR:2.42)
[2026-05-25 09:59:43]  [行11] 解析成功: SZSE.001309 [德利明] BUY @ 670.05 (VR:0.39)
[2026-05-25 09:59:43]  [行12] 解析成功: SZSE.300054 [鼎龙股份] SELL @ 71.2 (VR:0.08)
[2026-05-25 09:59:43]  [行13] 解析成功: SZSE.002422 [科伦药业] SELL @ 34.15 (VR:1.15)
[2026-05-25 09:59:43]  [行14] 解析成功: SZSE.300936 [中英科技] SELL @ 93.32 (VR:0.36)
[2026-05-25 09:59:43]  [行15] 解析成功: SZSE.300054 [鼎龙股份] SELL @ 70.51 (VR:0.31)
[2026-05-25 09:59:43] 成功保存 15 条因子至: signal_batch_20260525_095943_487037.txt
[2026-05-25 09:59:43]  QQ-主 邮件 3169 处理完成
[2026-05-25 09:59:43]  QQ-主 本轮共成功处理 1 封有效信号邮件
[2026-05-25 09:59:43]  正在连接 QQ-备用 邮箱服务器 (shouqianbadavid@qq.com) ...
[2026-05-25 10:00:19]  正在连接 QQ-主 邮箱服务器 (497720537@qq.com) ...
[2026-05-25 10:00:20]  正在连接 QQ-备用 邮箱服务器 (shouqianbadavid@qq.com) ...
[2026-05-25 10:00:20]  QQ-备用 正在解析因子: =?utf-8?b?QWxwaGFQaWxvdCDlpIfku73kv6Hlj7cgKGFscGhhX3NpZ25hbF90aHJfMjAyNjA1MjVfMDk1OS5qc29uKSBb5aSHUVEt6Ieq5L+dXQ==?=
[2026-05-25 10:00:20]  发现表格，共 15 行数据
[2026-05-25 10:00:20]  动态索引映射: ['股票代码', '股票名称', '信号', '当前价格', '量比', '来源过滤']
[2026-05-25 10:00:20]  [行1] 解析成功: SZSE.002980 [华盛昌] SELL @ 126.73 (VR:0.66)
[2026-05-25 10:00:20]  [行2] 解析成功: SZSE.301220 [亚香股份] SELL @ 40.27 (VR:0.2)
[2026-05-25 10:00:20]  [行3] 解析成功: SZSE.300782 [卓胜微] SELL @ 125.0 (VR:0.98)
[2026-05-25 10:00:20]  [行4] 解析成功: SZSE.301281 [利源制药] SELL @ 41.56 (VR:0.63)
[2026-05-25 10:00:20]  [行5] 解析成功: SZSE.001309 [德利明] BUY @ 666.0 (VR:0.67)
[2026-05-25 10:00:20]  [行6] 解析成功: SZSE.300054 [鼎龙股份] SELL @ 71.55 (VR:0.65)
[2026-05-25 10:00:20]  [行7] 解析成功: SZSE.300054 [鼎龙股份] SELL @ 71.14 (VR:0.3)
[2026-05-25 10:00:20]  [行8] 解析成功: SZSE.002980 [华盛昌] SELL @ 125.42 (VR:0.57)
[2026-05-25 10:00:20]  [行9] 解析成功: SZSE.301220 [亚香股份] BUY @ 40.31 (VR:0.03)
[2026-05-25 10:00:20]  [行10] 解析成功: SZSE.301281 [利源制药] SELL @ 41.4 (VR:2.42)
[2026-05-25 10:00:20]  [行11] 解析成功: SZSE.001309 [德利明] BUY @ 670.05 (VR:0.39)
[2026-05-25 10:00:20]  [行12] 解析成功: SZSE.300054 [鼎龙股份] SELL @ 71.2 (VR:0.08)
[2026-05-25 10:00:20]  [行13] 解析成功: SZSE.002422 [科伦药业] SELL @ 34.15 (VR:1.15)
[2026-05-25 10:00:20]  [行14] 解析成功: SZSE.300936 [中英科技] SELL @ 93.32 (VR:0.36)
[2026-05-25 10:00:20]  [行15] 解析成功: SZSE.300054 [鼎龙股份] SELL @ 70.51 (VR:0.31)
[2026-05-25 10:00:20] 成功保存 15 条因子至: signal_batch_20260525_100020_974494.txt
[2026-05-25 10:00:21]  QQ-备用 邮件 1031 处理完成
[2026-05-25 10:00:21]  QQ-备用 本轮共成功处理 1 封有效信号邮件
[2026-05-25 10:00:56]  正在连接 QQ-主 邮箱服务器 (497720537@qq.com) ...
[2026-05-25 10:00:57]  正在连接 QQ-备用 邮箱服务器 (shouqianbadavid@qq.com) ...
[2026-05-25 10:01:32]  正在连接 QQ-主 邮箱服务器 (497720537@qq.com) ...
[2026-05-25 10:01:33]  正在连接 QQ-备用 邮箱服务器 (shouqianbadavid@qq.com) ...
[2026-05-25 10:02:09]  正在连接 QQ-主 邮箱服务器 (497720537@qq.com) ...
[2026-05-25 10:02:10]  正在连接 QQ-备用 邮箱服务器 (shouqianbadavid@qq.com) ...
[2026-05-25 10:02:46]  正在连接 QQ-主 邮箱服务器 (497720537@qq.com) ...
[2026-05-25 10:02:46]  正在连接 QQ-备用 邮箱服务器 (shouqianbadavid@qq.com) ...
[2026-05-25 10:03:21]  正在连接 QQ-主 邮箱服务器 (497720537@qq.com) ...
[2026-05-25 10:03:22]  正在连接 QQ-备用 邮箱服务器 (shouqianbadavid@qq.com) ...
[2026-05-25 10:03:58]  正在连接 QQ-主 邮箱服务器 (497720537@qq.com) ...
[2026-05-25 10:03:58]  正在连接 QQ-备用 邮箱服务器 (shouqianbadavid@qq.com) ...
[2026-05-25 10:04:34]  正在连接 QQ-主 邮箱服务器 (497720537@qq.com) ...
[2026-05-25 10:04:34]  正在连接 QQ-备用 邮箱服务器 (shouqianbadavid@qq.com) ...
[2026-05-25 10:05:10]  正在连接 QQ-主 邮箱服务器 (497720537@qq.com) ...
[2026-05-25 10:05:11]  正在连接 QQ-备用 邮箱服务器 (shouqianbadavid@qq.com) ...
[2026-05-25 10:05:47]  正在连接 QQ-主 邮箱服务器 (497720537@qq.com) ...
[2026-05-25 10:05:47]  正在连接 QQ-备用 邮箱服务器 (shouqianbadavid@qq.com) ...
[2026-05-25 10:06:23]  正在连接 QQ-主 邮箱服务器 (497720537@qq.com) ...
[2026-05-25 10:06:23]  正在连接 QQ-备用 邮箱服务器 (shouqianbadavid@qq.com) ...
[2026-05-25 10:06:59]  正在连接 QQ-主 邮箱服务器 (497720537@qq.com) ...
[2026-05-25 10:06:59]  正在连接 QQ-备用 邮箱服务器 (shouqianbadavid@qq.com) ...
[2026-05-25 10:07:35]  正在连接 QQ-主 邮箱服务器 (497720537@qq.com) ...
[2026-05-25 10:07:35]  正在连接 QQ-备用 邮箱服务器 (shouqianbadavid@qq.com) ...
[2026-05-25 10:08:11]  正在连接 QQ-主 邮箱服务器 (497720537@qq.com) ...
[2026-05-25 10:08:11]  正在连接 QQ-备用 邮箱服务器 (shouqianbadavid@qq.com) ...
[2026-05-25 10:08:47]  正在连接 QQ-主 邮箱服务器 (497720537@qq.com) ...
[2026-05-25 10:08:47]  正在连接 QQ-备用 邮箱服务器 (shouqianbadavid@qq.com) ...
[2026-05-25 10:09:23]  正在连接 QQ-主 邮箱服务器 (497720537@qq.com) ...
[2026-05-25 10:09:23]  正在连接 QQ-备用 邮箱服务器 (shouqianbadavid@qq.com) ...
[2026-05-25 10:09:59]  正在连接 QQ-主 邮箱服务器 (497720537@qq.com) ...
[2026-05-25 10:10:00]  正在连接 QQ-备用 邮箱服务器 (shouqianbadavid@qq.com) ...
[2026-05-25 10:10:35]  正在连接 QQ-主 邮箱服务器 (497720537@qq.com) ...
[2026-05-25 10:10:36]  正在连接 QQ-备用 邮箱服务器 (shouqianbadavid@qq.com) ...
[2026-05-25 10:11:12]  正在连接 QQ-主 邮箱服务器 (497720537@qq.com) ...
[2026-05-25 10:11:12]  正在连接 QQ-备用 邮箱服务器 (shouqianbadavid@qq.com) ...
[2026-05-25 10:11:48]  正在连接 QQ-主 邮箱服务器 (497720537@qq.com) ...
[2026-05-25 10:11:49]  正在连接 QQ-备用 邮箱服务器 (shouqianbadavid@qq.com) ...
[2026-05-25 10:12:24]  正在连接 QQ-主 邮箱服务器 (497720537@qq.com) ...
[2026-05-25 10:12:25]  正在连接 QQ-备用 邮箱服务器 (shouqianbadavid@qq.com) ...
[2026-05-25 10:13:00]  正在连接 QQ-主 邮箱服务器 (497720537@qq.com) ...
[2026-05-25 10:13:01]  正在连接 QQ-备用 邮箱服务器 (shouqianbadavid@qq.com) ...
[2026-05-25 10:13:37]  正在连接 QQ-主 邮箱服务器 (497720537@qq.com) ...
[2026-05-25 10:13:37]  正在连接 QQ-备用 邮箱服务器 (shouqianbadavid@qq.com) ...
[2026-05-25 10:14:13]  正在连接 QQ-主 邮箱服务器 (497720537@qq.com) ...
[2026-05-25 10:14:14]  正在连接 QQ-备用 邮箱服务器 (shouqianbadavid@qq.com) ...
[2026-05-25 10:14:49]  正在连接 QQ-主 邮箱服务器 (497720537@qq.com) ...
[2026-05-25 10:14:50]  正在连接 QQ-备用 邮箱服务器 (shouqianbadavid@qq.com) ...
[2026-05-25 10:15:26]  正在连接 QQ-主 邮箱服务器 (497720537@qq.com) ...
[2026-05-25 10:15:26]  正在连接 QQ-备用 邮箱服务器 (shouqianbadavid@qq.com) ...
[2026-05-25 10:16:02]  正在连接 QQ-主 邮箱服务器 (497720537@qq.com) ...
[2026-05-25 10:16:03]  正在连接 QQ-备用 邮箱服务器 (shouqianbadavid@qq.com) ...
[2026-05-25 10:16:38]  正在连接 QQ-主 邮箱服务器 (497720537@qq.com) ...
[2026-05-25 10:16:39]  正在连接 QQ-备用 邮箱服务器 (shouqianbadavid@qq.com) ...
[2026-05-25 10:17:15]  正在连接 QQ-主 邮箱服务器 (497720537@qq.com) ...
[2026-05-25 10:17:16]  正在连接 QQ-备用 邮箱服务器 (shouqianbadavid@qq.com) ...
[2026-05-25 10:17:51]  正在连接 QQ-主 邮箱服务器 (497720537@qq.com) ...
[2026-05-25 10:17:52]  正在连接 QQ-备用 邮箱服务器 (shouqianbadavid@qq.com) ...
[2026-05-25 10:18:27]  正在连接 QQ-主 邮箱服务器 (497720537@qq.com) ...
[2026-05-25 10:18:28]  正在连接 QQ-备用 邮箱服务器 (shouqianbadavid@qq.com) ...
[2026-05-25 10:19:03]  正在连接 QQ-主 邮箱服务器 (497720537@qq.com) ...
[2026-05-25 10:19:04]  正在连接 QQ-备用 邮箱服务器 (shouqianbadavid@qq.com) ...
[2026-05-25 10:19:39]  正在连接 QQ-主 邮箱服务器 (497720537@qq.com) ...
[2026-05-25 10:19:40]  正在连接 QQ-备用 邮箱服务器 (shouqianbadavid@qq.com) ...
[2026-05-25 10:20:15]  正在连接 QQ-主 邮箱服务器 (497720537@qq.com) ...
[2026-05-25 10:20:16]  正在连接 QQ-备用 邮箱服务器 (shouqianbadavid@qq.com) ...
[2026-05-25 10:20:52]  正在连接 QQ-主 邮箱服务器 (497720537@qq.com) ...
[2026-05-25 10:20:52]  正在连接 QQ-备用 邮箱服务器 (shouqianbadavid@qq.com) ...
[2026-05-25 10:20:53]  QQ-备用 正在解析因子: =?utf-8?b?QWxwaGFQaWxvdCDlpIfku73kv6Hlj7cgKGFscGhhX3NpZ25hbF90aHJfMjAyNjA1MjVfMTAyMC5qc29uKSBb5aSHUVEt6Ieq5L+dXQ==?=
[2026-05-25 10:20:53]  发现表格，共 13 行数据
[2026-05-25 10:20:53]  动态索引映射: ['股票代码', '股票名称', '信号', '当前价格', '量比', '来源过滤']
[2026-05-25 10:20:53]  [行1] 解析成功: SZSE.300308 [中际旭创] BUY @ 1033.95 (VR:0.56)
[2026-05-25 10:20:53]  [行2] 解析成功: SZSE.300433 [蓝思科技] BUY @ 39.15 (VR:0.03)
[2026-05-25 10:20:53]  [行3] 解析成功: SZSE.300054 [鼎龙股份] BUY @ 70.8 (VR:0.03)
[2026-05-25 10:20:53]  [行4] 解析成功: SZSE.002828 [贝肯能源] BUY @ 9.97 (VR:1.41)
[2026-05-25 10:20:53]  [行5] 解析成功: SZSE.002364 [中恒电器] SELL @ 55.7 (VR:0.64)
[2026-05-25 10:20:53]  [行6] 解析成功: SZSE.300352 [北信源] BUY @ 3.35 (VR:0.25)
[2026-05-25 10:20:53]  [行7] 解析成功: SZSE.000338 [潍柴动力] BUY @ 33.71 (VR:0.44)
[2026-05-25 10:20:53]  [行8] 解析成功: SZSE.300308 [中际旭创] BUY @ 1040.75 (VR:0.37)
[2026-05-25 10:20:53]  [行9] 解析成功: SZSE.300433 [蓝思科技] BUY @ 39.45 (VR:0.65)
[2026-05-25 10:20:53]  [行10] 解析成功: SZSE.300054 [鼎龙股份] BUY @ 71.42 (VR:0.68)
[2026-05-25 10:20:53]  [行11] 解析成功: SZSE.001258 [立新能源] SELL @ 10.3 (VR:0.43)
[2026-05-25 10:20:53]  [行12] 解析成功: SZSE.300352 [北信源] BUY @ 3.36 (VR:0.39)
[2026-05-25 10:20:53]  [行13] 解析成功: SZSE.000338 [潍柴动力] BUY @ 34.02 (VR:0.16)
[2026-05-25 10:20:53] 成功保存 13 条因子至: signal_batch_20260525_102053_679802.txt
[2026-05-25 10:20:53]  QQ-备用 邮件 1032 处理完成
[2026-05-25 10:20:53]  QQ-备用 本轮共成功处理 1 封有效信号邮件
[2026-05-25 10:21:29]  正在连接 QQ-主 邮箱服务器 (497720537@qq.com) ...
[2026-05-25 10:21:29]  正在连接 QQ-备用 邮箱服务器 (shouqianbadavid@qq.com) ...
[2026-05-25 10:22:05]  正在连接 QQ-主 邮箱服务器 (497720537@qq.com) ...
[2026-05-25 10:22:05]  正在连接 QQ-备用 邮箱服务器 (shouqianbadavid@qq.com) ...
[2026-05-25 10:22:41]  正在连接 QQ-主 邮箱服务器 (497720537@qq.com) ...
[2026-05-25 10:22:42]  正在连接 QQ-备用 邮箱服务器 (shouqianbadavid@qq.com) ...
[2026-05-25 10:23:17]  正在连接 QQ-主 邮箱服务器 (497720537@qq.com) ...
[2026-05-25 10:23:18]  正在连接 QQ-备用 邮箱服务器 (shouqianbadavid@qq.com) ...
[2026-05-25 10:23:54]  正在连接 QQ-主 邮箱服务器 (497720537@qq.com) ...
[2026-05-25 10:23:54]  正在连接 QQ-备用 邮箱服务器 (shouqianbadavid@qq.com) ...
[2026-05-25 10:24:30]  正在连接 QQ-主 邮箱服务器 (497720537@qq.com) ...
[2026-05-25 10:24:30]  正在连接 QQ-备用 邮箱服务器 (shouqianbadavid@qq.com) ...
[2026-05-25 10:25:06]  正在连接 QQ-主 邮箱服务器 (497720537@qq.com) ...
[2026-05-25 10:25:07]  正在连接 QQ-备用 邮箱服务器 (shouqianbadavid@qq.com) ...
[2026-05-25 10:25:42]  正在连接 QQ-主 邮箱服务器 (497720537@qq.com) ...
[2026-05-25 10:25:43]  正在连接 QQ-备用 邮箱服务器 (shouqianbadavid@qq.com) ...
[2026-05-25 10:26:19]  正在连接 QQ-主 邮箱服务器 (497720537@qq.com) ...
[2026-05-25 10:26:19]  正在连接 QQ-备用 邮箱服务器 (shouqianbadavid@qq.com) ...
[2026-05-25 10:26:55]  正在连接 QQ-主 邮箱服务器 (497720537@qq.com) ...
[2026-05-25 10:26:59]  正在连接 QQ-备用 邮箱服务器 (shouqianbadavid@qq.com) ...
[2026-05-25 10:27:34]  正在连接 QQ-主 邮箱服务器 (497720537@qq.com) ...
[2026-05-25 10:27:35]  正在连接 QQ-备用 邮箱服务器 (shouqianbadavid@qq.com) ...
[2026-05-25 10:28:11]  正在连接 QQ-主 邮箱服务器 (497720537@qq.com) ...
[2026-05-25 10:28:11]  正在连接 QQ-备用 邮箱服务器 (shouqianbadavid@qq.com) ...
[2026-05-25 10:28:47]  正在连接 QQ-主 邮箱服务器 (497720537@qq.com) ...
[2026-05-25 10:28:48]  正在连接 QQ-备用 邮箱服务器 (shouqianbadavid@qq.com) ...
[2026-05-25 10:29:23]  正在连接 QQ-主 邮箱服务器 (497720537@qq.com) ...
[2026-05-25 10:29:24]  正在连接 QQ-备用 邮箱服务器 (shouqianbadavid@qq.com) ...
[2026-05-25 10:29:59]  正在连接 QQ-主 邮箱服务器 (497720537@qq.com) ...
[2026-05-25 10:30:00]  正在连接 QQ-备用 邮箱服务器 (shouqianbadavid@qq.com) ...
[2026-05-25 10:30:36]  正在连接 QQ-主 邮箱服务器 (497720537@qq.com) ...
[2026-05-25 10:30:36]  正在连接 QQ-备用 邮箱服务器 (shouqianbadavid@qq.com) ...
[2026-05-25 10:31:12]  正在连接 QQ-主 邮箱服务器 (497720537@qq.com) ...
[2026-05-25 10:31:13]  正在连接 QQ-备用 邮箱服务器 (shouqianbadavid@qq.com) ...
[2026-05-25 10:31:48]  正在连接 QQ-主 邮箱服务器 (497720537@qq.com) ...
[2026-05-25 10:31:49]  正在连接 QQ-备用 邮箱服务器 (shouqianbadavid@qq.com) ...
[2026-05-25 10:32:24]  正在连接 QQ-主 邮箱服务器 (497720537@qq.com) ...
[2026-05-25 10:32:25]  正在连接 QQ-备用 邮箱服务器 (shouqianbadavid@qq.com) ...
[2026-05-25 10:33:00]  正在连接 QQ-主 邮箱服务器 (497720537@qq.com) ...
[2026-05-25 10:33:01]  正在连接 QQ-备用 邮箱服务器 (shouqianbadavid@qq.com) ...
[2026-05-25 10:33:37]  正在连接 QQ-主 邮箱服务器 (497720537@qq.com) ...
[2026-05-25 10:33:37]  正在连接 QQ-备用 邮箱服务器 (shouqianbadavid@qq.com) ...
[2026-05-25 10:34:13]  正在连接 QQ-主 邮箱服务器 (497720537@qq.com) ...
[2026-05-25 10:34:14]  正在连接 QQ-备用 邮箱服务器 (shouqianbadavid@qq.com) ...
[2026-05-25 10:34:49]  正在连接 QQ-主 邮箱服务器 (497720537@qq.com) ...
[2026-05-25 10:34:50]  正在连接 QQ-备用 邮箱服务器 (shouqianbadavid@qq.com) ...
[2026-05-25 10:35:25]  正在连接 QQ-主 邮箱服务器 (497720537@qq.com) ...
[2026-05-25 10:35:26]  正在连接 QQ-备用 邮箱服务器 (shouqianbadavid@qq.com) ...
[2026-05-25 10:35:27]  QQ-备用 正在解析因子: =?utf-8?b?QWxwaGFQaWxvdCDlpIfku73kv6Hlj7cgKGFscGhhX3NpZ25hbF90aHJfMjAyNjA1MjVfMTAzNC5qc29uKSBb5aSHUVEt6Ieq5L+dXQ==?=
[2026-05-25 10:35:27]  发现表格，共 4 行数据
[2026-05-25 10:35:27]  动态索引映射: ['股票代码', '股票名称', '信号', '当前价格', '量比', '来源过滤']
[2026-05-25 10:35:27]  [行1] 解析成功: SZSE.301018 [申菱环境] BUY @ 161.65 (VR:0.29)
[2026-05-25 10:35:27]  [行2] 解析成功: SZSE.300345 [华民股份] SELL @ 6.3 (VR:0.02)
[2026-05-25 10:35:27]  [行3] 解析成功: SZSE.301018 [申菱环境] BUY @ 161.98 (VR:0.04)
[2026-05-25 10:35:27]  [行4] 解析成功: SZSE.300345 [华民股份] SELL @ 6.29 (VR:0.03)
[2026-05-25 10:35:27] 成功保存 4 条因子至: signal_batch_20260525_103527_349459.txt
[2026-05-25 10:35:27]  QQ-备用 邮件 1033 处理完成
[2026-05-25 10:35:27]  QQ-备用 本轮共成功处理 1 封有效信号邮件
[2026-05-25 10:36:02]  正在连接 QQ-主 邮箱服务器 (497720537@qq.com) ...
[2026-05-25 10:36:03]  正在连接 QQ-备用 邮箱服务器 (shouqianbadavid@qq.com) ...
[2026-05-25 10:36:38]  正在连接 QQ-主 邮箱服务器 (497720537@qq.com) ...
[2026-05-25 10:36:39]  正在连接 QQ-备用 邮箱服务器 (shouqianbadavid@qq.com) ...
[2026-05-25 10:37:15]  正在连接 QQ-主 邮箱服务器 (497720537@qq.com) ...
[2026-05-25 10:37:16]  正在连接 QQ-备用 邮箱服务器 (shouqianbadavid@qq.com) ...
[2026-05-25 10:37:51]  正在连接 QQ-主 邮箱服务器 (497720537@qq.com) ...
[2026-05-25 10:37:52]  正在连接 QQ-备用 邮箱服务器 (shouqianbadavid@qq.com) ...
[2026-05-25 10:38:28]  正在连接 QQ-主 邮箱服务器 (497720537@qq.com) ...
[2026-05-25 10:38:28]  正在连接 QQ-备用 邮箱服务器 (shouqianbadavid@qq.com) ...
[2026-05-25 10:39:04]  正在连接 QQ-主 邮箱服务器 (497720537@qq.com) ...
[2026-05-25 10:39:04]  正在连接 QQ-备用 邮箱服务器 (shouqianbadavid@qq.com) ...
[2026-05-25 10:39:40]  正在连接 QQ-主 邮箱服务器 (497720537@qq.com) ...
[2026-05-25 10:39:41]  正在连接 QQ-备用 邮箱服务器 (shouqianbadavid@qq.com) ...
[2026-05-25 10:40:16]  正在连接 QQ-主 邮箱服务器 (497720537@qq.com) ...
[2026-05-25 10:40:17]  正在连接 QQ-备用 邮箱服务器 (shouqianbadavid@qq.com) ...
[2026-05-25 10:40:52]  正在连接 QQ-主 邮箱服务器 (497720537@qq.com) ...
[2026-05-25 10:40:53]  正在连接 QQ-备用 邮箱服务器 (shouqianbadavid@qq.com) ...
[2026-05-25 10:41:29]  正在连接 QQ-主 邮箱服务器 (497720537@qq.com) ...
[2026-05-25 10:41:29]  正在连接 QQ-备用 邮箱服务器 (shouqianbadavid@qq.com) ...
[2026-05-25 10:42:05]  正在连接 QQ-主 邮箱服务器 (497720537@qq.com) ...
[2026-05-25 10:42:06]  正在连接 QQ-备用 邮箱服务器 (shouqianbadavid@qq.com) ...
[2026-05-25 10:42:41]  正在连接 QQ-主 邮箱服务器 (497720537@qq.com) ...
[2026-05-25 10:42:42]  正在连接 QQ-备用 邮箱服务器 (shouqianbadavid@qq.com) ...
[2026-05-25 10:43:18]  正在连接 QQ-主 邮箱服务器 (497720537@qq.com) ...
[2026-05-25 10:43:18]  正在连接 QQ-备用 邮箱服务器 (shouqianbadavid@qq.com) ...
[2026-05-25 10:43:54]  正在连接 QQ-主 邮箱服务器 (497720537@qq.com) ...
[2026-05-25 10:43:55]  正在连接 QQ-备用 邮箱服务器 (shouqianbadavid@qq.com) ...
[2026-05-25 10:44:30]  正在连接 QQ-主 邮箱服务器 (497720537@qq.com) ...
[2026-05-25 10:44:31]  正在连接 QQ-备用 邮箱服务器 (shouqianbadavid@qq.com) ...
[2026-05-25 10:45:07]  正在连接 QQ-主 邮箱服务器 (497720537@qq.com) ...
[2026-05-25 10:45:07]  正在连接 QQ-备用 邮箱服务器 (shouqianbadavid@qq.com) ...
[2026-05-25 10:45:43]  正在连接 QQ-主 邮箱服务器 (497720537@qq.com) ...
[2026-05-25 10:45:44]  正在连接 QQ-备用 邮箱服务器 (shouqianbadavid@qq.com) ...
[2026-05-25 10:46:20]  正在连接 QQ-主 邮箱服务器 (497720537@qq.com) ...
[2026-05-25 10:46:20]  正在连接 QQ-备用 邮箱服务器 (shouqianbadavid@qq.com) ...
[2026-05-25 10:46:56]  正在连接 QQ-主 邮箱服务器 (497720537@qq.com) ...
[2026-05-25 10:46:56]  正在连接 QQ-备用 邮箱服务器 (shouqianbadavid@qq.com) ...
[2026-05-25 10:47:32]  正在连接 QQ-主 邮箱服务器 (497720537@qq.com) ...
[2026-05-25 10:47:33]  正在连接 QQ-备用 邮箱服务器 (shouqianbadavid@qq.com) ...
[2026-05-25 10:48:08]  正在连接 QQ-主 邮箱服务器 (497720537@qq.com) ...
[2026-05-25 10:48:09]  正在连接 QQ-备用 邮箱服务器 (shouqianbadavid@qq.com) ...
[2026-05-25 10:48:45]  正在连接 QQ-主 邮箱服务器 (497720537@qq.com) ...
[2026-05-25 10:48:45]  QQ-主 正在解析因子: =?utf-8?b?QWxwaGFQaWxvdCDlrp7ml7bkv6Hlj7cgKGFscGhhX3NpZ25hbF90aHJfMjAyNjA1MjVfMTA0OC5qc29uKSBb5Li7UVEt5a+55aSWXQ==?=
[2026-05-25 10:48:45]  发现表格，共 8 行数据
[2026-05-25 10:48:45]  动态索引映射: ['股票代码', '股票名称', '信号', '当前价格', '量比', '来源过滤']
[2026-05-25 10:48:45]  [行1] 解析成功: SHSE.600353 [旭光电子] BUY @ 23.75 (VR:0.07)
[2026-05-25 10:48:45]  [行2] 解析成功: SHSE.600707 [彩虹股份] BUY @ 11.53 (VR:4.94)
[2026-05-25 10:48:45]  [行3] 解析成功: SZSE.301361 [新洁能源] SELL @ 44.55 (VR:3.07)
[2026-05-25 10:48:45]  [行4] 解析成功: SZSE.300142 [沃森生物] SELL @ 14.1 (VR:0.61)
[2026-05-25 10:48:45]  [行5] 解析成功: SHSE.600353 [旭光电子] BUY @ 23.91 (VR:0.81)
[2026-05-25 10:48:45]  [行6] 解析成功: SHSE.600707 [彩虹股份] BUY @ 11.72 (VR:3.78)
[2026-05-25 10:48:45]  [行7] 解析成功: SZSE.301361 [新洁能源] SELL @ 43.87 (VR:7.4)
[2026-05-25 10:48:45]  [行8] 解析成功: SZSE.300142 [沃森生物] SELL @ 14.08 (VR:0.4)
[2026-05-25 10:48:45] 成功保存 8 条因子至: signal_batch_20260525_104845_655919.txt
[2026-05-25 10:48:45]  QQ-主 邮件 3172 处理完成
[2026-05-25 10:48:45]  QQ-主 本轮共成功处理 1 封有效信号邮件
[2026-05-25 10:48:46]  正在连接 QQ-备用 邮箱服务器 (shouqianbadavid@qq.com) ...
[2026-05-25 10:48:46]  QQ-备用 正在解析因子: =?utf-8?b?QWxwaGFQaWxvdCDlpIfku73kv6Hlj7cgKGFscGhhX3NpZ25hbF90aHJfMjAyNjA1MjVfMTA0OC5qc29uKSBb5aSHUVEt6Ieq5L+dXQ==?=
[2026-05-25 10:48:46]  发现表格，共 8 行数据
[2026-05-25 10:48:46]  动态索引映射: ['股票代码', '股票名称', '信号', '当前价格', '量比', '来源过滤']
[2026-05-25 10:48:46]  [行1] 解析成功: SHSE.600353 [旭光电子] BUY @ 23.75 (VR:0.07)
[2026-05-25 10:48:46]  [行2] 解析成功: SHSE.600707 [彩虹股份] BUY @ 11.53 (VR:4.94)
[2026-05-25 10:48:46]  [行3] 解析成功: SZSE.301361 [新洁能源] SELL @ 44.55 (VR:3.07)
[2026-05-25 10:48:46]  [行4] 解析成功: SZSE.300142 [沃森生物] SELL @ 14.1 (VR:0.61)
[2026-05-25 10:48:46]  [行5] 解析成功: SHSE.600353 [旭光电子] BUY @ 23.91 (VR:0.81)
[2026-05-25 10:48:46]  [行6] 解析成功: SHSE.600707 [彩虹股份] BUY @ 11.72 (VR:3.78)
[2026-05-25 10:48:46]  [行7] 解析成功: SZSE.301361 [新洁能源] SELL @ 43.87 (VR:7.4)
[2026-05-25 10:48:46]  [行8] 解析成功: SZSE.300142 [沃森生物] SELL @ 14.08 (VR:0.4)
[2026-05-25 10:48:46] 成功保存 8 条因子至: signal_batch_20260525_104846_961241.txt
[2026-05-25 10:48:47]  QQ-备用 邮件 1034 处理完成
[2026-05-25 10:48:47]  QQ-备用 本轮共成功处理 1 封有效信号邮件
[2026-05-25 10:49:22]  正在连接 QQ-主 邮箱服务器 (497720537@qq.com) ...
[2026-05-25 10:49:23]  正在连接 QQ-备用 邮箱服务器 (shouqianbadavid@qq.com) ...
[2026-05-25 10:49:58]  正在连接 QQ-主 邮箱服务器 (497720537@qq.com) ...
[2026-05-25 10:49:59]  正在连接 QQ-备用 邮箱服务器 (shouqianbadavid@qq.com) ...
[2026-05-25 10:50:35]  正在连接 QQ-主 邮箱服务器 (497720537@qq.com) ...
[2026-05-25 10:50:36]  正在连接 QQ-备用 邮箱服务器 (shouqianbadavid@qq.com) ...
[2026-05-25 10:51:11]  正在连接 QQ-主 邮箱服务器 (497720537@qq.com) ...
[2026-05-25 10:51:12]  正在连接 QQ-备用 邮箱服务器 (shouqianbadavid@qq.com) ...
[2026-05-25 10:51:48]  正在连接 QQ-主 邮箱服务器 (497720537@qq.com) ...
[2026-05-25 10:51:48]  正在连接 QQ-备用 邮箱服务器 (shouqianbadavid@qq.com) ...
[2026-05-25 10:52:24]  正在连接 QQ-主 邮箱服务器 (497720537@qq.com) ...
[2026-05-25 10:52:24]  正在连接 QQ-备用 邮箱服务器 (shouqianbadavid@qq.com) ...
[2026-05-25 10:53:00]  正在连接 QQ-主 邮箱服务器 (497720537@qq.com) ...
[2026-05-25 10:53:01]  正在连接 QQ-备用 邮箱服务器 (shouqianbadavid@qq.com) ...
[2026-05-25 10:53:36]  正在连接 QQ-主 邮箱服务器 (497720537@qq.com) ...
[2026-05-25 10:53:37]  正在连接 QQ-备用 邮箱服务器 (shouqianbadavid@qq.com) ...
[2026-05-25 10:54:13]  正在连接 QQ-主 邮箱服务器 (497720537@qq.com) ...
[2026-05-25 10:54:13]  正在连接 QQ-备用 邮箱服务器 (shouqianbadavid@qq.com) ...
[2026-05-25 10:54:49]  正在连接 QQ-主 邮箱服务器 (497720537@qq.com) ...
[2026-05-25 10:54:49]  正在连接 QQ-备用 邮箱服务器 (shouqianbadavid@qq.com) ...
[2026-05-25 10:55:25]  正在连接 QQ-主 邮箱服务器 (497720537@qq.com) ...
[2026-05-25 10:55:26]  正在连接 QQ-备用 邮箱服务器 (shouqianbadavid@qq.com) ...
[2026-05-25 10:56:01]  正在连接 QQ-主 邮箱服务器 (497720537@qq.com) ...
[2026-05-25 10:56:02]  正在连接 QQ-备用 邮箱服务器 (shouqianbadavid@qq.com) ...
[2026-05-25 10:56:38]  正在连接 QQ-主 邮箱服务器 (497720537@qq.com) ...
[2026-05-25 10:56:38]  正在连接 QQ-备用 邮箱服务器 (shouqianbadavid@qq.com) ...
[2026-05-25 10:57:14]  正在连接 QQ-主 邮箱服务器 (497720537@qq.com) ...
[2026-05-25 10:57:15]  正在连接 QQ-备用 邮箱服务器 (shouqianbadavid@qq.com) ...
[2026-05-25 10:57:50]  正在连接 QQ-主 邮箱服务器 (497720537@qq.com) ...
[2026-05-25 10:57:51]  正在连接 QQ-备用 邮箱服务器 (shouqianbadavid@qq.com) ...
[2026-05-25 10:58:27]  正在连接 QQ-主 邮箱服务器 (497720537@qq.com) ...
[2026-05-25 10:58:27]  正在连接 QQ-备用 邮箱服务器 (shouqianbadavid@qq.com) ...
[2026-05-25 10:59:03]  正在连接 QQ-主 邮箱服务器 (497720537@qq.com) ...
[2026-05-25 10:59:04]  正在连接 QQ-备用 邮箱服务器 (shouqianbadavid@qq.com) ...
[2026-05-25 10:59:39]  正在连接 QQ-主 邮箱服务器 (497720537@qq.com) ...
[2026-05-25 10:59:40]  正在连接 QQ-备用 邮箱服务器 (shouqianbadavid@qq.com) ...
[2026-05-25 11:00:15]  正在连接 QQ-主 邮箱服务器 (497720537@qq.com) ...
[2026-05-25 11:00:16]  正在连接 QQ-备用 邮箱服务器 (shouqianbadavid@qq.com) ...
[2026-05-25 11:00:52]  正在连接 QQ-主 邮箱服务器 (497720537@qq.com) ...
[2026-05-25 11:00:52]  正在连接 QQ-备用 邮箱服务器 (shouqianbadavid@qq.com) ...
[2026-05-25 11:01:28]  正在连接 QQ-主 邮箱服务器 (497720537@qq.com) ...
[2026-05-25 11:01:28]  正在连接 QQ-备用 邮箱服务器 (shouqianbadavid@qq.com) ...
[2026-05-25 11:02:04]  正在连接 QQ-主 邮箱服务器 (497720537@qq.com) ...
[2026-05-25 11:02:04]  正在连接 QQ-备用 邮箱服务器 (shouqianbadavid@qq.com) ...
[2026-05-25 11:02:40]  正在连接 QQ-主 邮箱服务器 (497720537@qq.com) ...
[2026-05-25 11:02:41]  正在连接 QQ-备用 邮箱服务器 (shouqianbadavid@qq.com) ...
[2026-05-25 11:03:17]  正在连接 QQ-主 邮箱服务器 (497720537@qq.com) ...
[2026-05-25 11:03:17]  QQ-主 正在解析因子: =?utf-8?b?QWxwaGFQaWxvdCDlrp7ml7bkv6Hlj7cgKGFscGhhX3NpZ25hbF90aHJfMjAyNjA1MjVfMTEwMi5qc29uKSBb5Li7UVEt5a+55aSWXQ==?=
[2026-05-25 11:03:17]  发现表格，共 8 行数据
[2026-05-25 11:03:17]  动态索引映射: ['股票代码', '股票名称', '信号', '当前价格', '量比', '来源过滤']
[2026-05-25 11:03:17]  [行1] 解析成功: SHSE.688689 [银河微电] BUY @ 43.52 (VR:0.95)
[2026-05-25 11:03:17]  [行2] 解析成功: SZSE.003035 [南网能源] BUY @ 7.07 (VR:1.87)
[2026-05-25 11:03:17]  [行3] 解析成功: SZSE.002611 [东方精工] BUY @ 19.29 (VR:1.8)
[2026-05-25 11:03:17]  [行4] 解析成功: SZSE.301071 [力量钻石] BUY @ 69.0 (VR:1.4)
[2026-05-25 11:03:17]  [行5] 解析成功: SHSE.688689 [银河微电] BUY @ 43.58 (VR:0.4)
[2026-05-25 11:03:17]  [行6] 解析成功: SZSE.003035 [南网能源] BUY @ 7.08 (VR:1.33)
[2026-05-25 11:03:17]  [行7] 解析成功: SZSE.002611 [东方精工] BUY @ 19.38 (VR:1.14)
[2026-05-25 11:03:17]  [行8] 解析成功: SZSE.301071 [力量钻石] BUY @ 69.41 (VR:0.05)
[2026-05-25 11:03:17] 成功保存 8 条因子至: signal_batch_20260525_110317_873485.txt
[2026-05-25 11:03:18]  QQ-主 邮件 3173 处理完成
[2026-05-25 11:03:18]  QQ-主 本轮共成功处理 1 封有效信号邮件
[2026-05-25 11:03:18]  正在连接 QQ-备用 邮箱服务器 (shouqianbadavid@qq.com) ...
[2026-05-25 11:03:19]  QQ-备用 正在解析因子: =?utf-8?b?QWxwaGFQaWxvdCDlpIfku73kv6Hlj7cgKGFscGhhX3NpZ25hbF90aHJfMjAyNjA1MjVfMTEwMi5qc29uKSBb5aSHUVEt6Ieq5L+dXQ==?=
[2026-05-25 11:03:19]  发现表格，共 8 行数据
[2026-05-25 11:03:19]  动态索引映射: ['股票代码', '股票名称', '信号', '当前价格', '量比', '来源过滤']
[2026-05-25 11:03:19]  [行1] 解析成功: SHSE.688689 [银河微电] BUY @ 43.52 (VR:0.95)
[2026-05-25 11:03:19]  [行2] 解析成功: SZSE.003035 [南网能源] BUY @ 7.07 (VR:1.87)
[2026-05-25 11:03:19]  [行3] 解析成功: SZSE.002611 [东方精工] BUY @ 19.29 (VR:1.8)
[2026-05-25 11:03:19]  [行4] 解析成功: SZSE.301071 [力量钻石] BUY @ 69.0 (VR:1.4)
[2026-05-25 11:03:19]  [行5] 解析成功: SHSE.688689 [银河微电] BUY @ 43.58 (VR:0.4)
[2026-05-25 11:03:19]  [行6] 解析成功: SZSE.003035 [南网能源] BUY @ 7.08 (VR:1.33)
[2026-05-25 11:03:19]  [行7] 解析成功: SZSE.002611 [东方精工] BUY @ 19.38 (VR:1.14)
[2026-05-25 11:03:19]  [行8] 解析成功: SZSE.301071 [力量钻石] BUY @ 69.41 (VR:0.05)
[2026-05-25 11:03:19] 成功保存 8 条因子至: signal_batch_20260525_110319_061231.txt
[2026-05-25 11:03:19]  QQ-备用 邮件 1035 处理完成
[2026-05-25 11:03:19]  QQ-备用 本轮共成功处理 1 封有效信号邮件
[2026-05-25 11:03:54]  正在连接 QQ-主 邮箱服务器 (497720537@qq.com) ...
[2026-05-25 11:03:55]  正在连接 QQ-备用 邮箱服务器 (shouqianbadavid@qq.com) ...
[2026-05-25 11:04:31]  正在连接 QQ-主 邮箱服务器 (497720537@qq.com) ...
[2026-05-25 11:04:31]  正在连接 QQ-备用 邮箱服务器 (shouqianbadavid@qq.com) ...
[2026-05-25 11:05:07]  正在连接 QQ-主 邮箱服务器 (497720537@qq.com) ...
[2026-05-25 11:05:08]  正在连接 QQ-备用 邮箱服务器 (shouqianbadavid@qq.com) ...
[2026-05-25 11:05:43]  正在连接 QQ-主 邮箱服务器 (497720537@qq.com) ...
[2026-05-25 11:05:44]  正在连接 QQ-备用 邮箱服务器 (shouqianbadavid@qq.com) ...
[2026-05-25 11:06:19]  正在连接 QQ-主 邮箱服务器 (497720537@qq.com) ...
[2026-05-25 11:06:20]  正在连接 QQ-备用 邮箱服务器 (shouqianbadavid@qq.com) ...
[2026-05-25 11:06:56]  正在连接 QQ-主 邮箱服务器 (497720537@qq.com) ...
[2026-05-25 11:06:56]  正在连接 QQ-备用 邮箱服务器 (shouqianbadavid@qq.com) ...
[2026-05-25 11:07:32]  正在连接 QQ-主 邮箱服务器 (497720537@qq.com) ...
[2026-05-25 11:07:32]  正在连接 QQ-备用 邮箱服务器 (shouqianbadavid@qq.com) ...
[2026-05-25 11:08:08]  正在连接 QQ-主 邮箱服务器 (497720537@qq.com) ...
[2026-05-25 11:08:08]  正在连接 QQ-备用 邮箱服务器 (shouqianbadavid@qq.com) ...
[2026-05-25 11:08:44]  正在连接 QQ-主 邮箱服务器 (497720537@qq.com) ...
[2026-05-25 11:08:45]  正在连接 QQ-备用 邮箱服务器 (shouqianbadavid@qq.com) ...
[2026-05-25 11:09:20]  正在连接 QQ-主 邮箱服务器 (497720537@qq.com) ...
[2026-05-25 11:09:20]  正在连接 QQ-备用 邮箱服务器 (shouqianbadavid@qq.com) ...
[2026-05-25 11:09:56]  正在连接 QQ-主 邮箱服务器 (497720537@qq.com) ...
[2026-05-25 11:09:57]  正在连接 QQ-备用 邮箱服务器 (shouqianbadavid@qq.com) ...
[2026-05-25 11:10:32]  正在连接 QQ-主 邮箱服务器 (497720537@qq.com) ...
[2026-05-25 11:10:33]  正在连接 QQ-备用 邮箱服务器 (shouqianbadavid@qq.com) ...
[2026-05-25 11:11:09]  正在连接 QQ-主 邮箱服务器 (497720537@qq.com) ...
[2026-05-25 11:11:09]  正在连接 QQ-备用 邮箱服务器 (shouqianbadavid@qq.com) ...
[2026-05-25 11:11:45]  正在连接 QQ-主 邮箱服务器 (497720537@qq.com) ...
[2026-05-25 11:11:45]  正在连接 QQ-备用 邮箱服务器 (shouqianbadavid@qq.com) ...
[2026-05-25 11:12:21]  正在连接 QQ-主 邮箱服务器 (497720537@qq.com) ...
[2026-05-25 11:12:22]  正在连接 QQ-备用 邮箱服务器 (shouqianbadavid@qq.com) ...
[2026-05-25 11:12:58]  正在连接 QQ-主 邮箱服务器 (497720537@qq.com) ...
[2026-05-25 11:12:58]  正在连接 QQ-备用 邮箱服务器 (shouqianbadavid@qq.com) ...
[2026-05-25 11:13:34]  正在连接 QQ-主 邮箱服务器 (497720537@qq.com) ...
[2026-05-25 11:13:35]  正在连接 QQ-备用 邮箱服务器 (shouqianbadavid@qq.com) ...
[2026-05-25 11:14:10]  正在连接 QQ-主 邮箱服务器 (497720537@qq.com) ...
[2026-05-25 11:14:11]  正在连接 QQ-备用 邮箱服务器 (shouqianbadavid@qq.com) ...
[2026-05-25 11:14:47]  正在连接 QQ-主 邮箱服务器 (497720537@qq.com) ...
[2026-05-25 11:14:47]  正在连接 QQ-备用 邮箱服务器 (shouqianbadavid@qq.com) ...
[2026-05-25 11:15:23]  正在连接 QQ-主 邮箱服务器 (497720537@qq.com) ...
[2026-05-25 11:15:24]  正在连接 QQ-备用 邮箱服务器 (shouqianbadavid@qq.com) ...
[2026-05-25 11:15:59]  正在连接 QQ-主 邮箱服务器 (497720537@qq.com) ...
[2026-05-25 11:16:00]  正在连接 QQ-备用 邮箱服务器 (shouqianbadavid@qq.com) ...
[2026-05-25 11:16:36]  正在连接 QQ-主 邮箱服务器 (497720537@qq.com) ...
[2026-05-25 11:16:37]  QQ-主 正在解析因子: =?utf-8?b?QWxwaGFQaWxvdCDlrp7ml7bkv6Hlj7cgKGFscGhhX3NpZ25hbF90aHJfMjAyNjA1MjVfMTExNi5qc29uKSBb5Li7UVEt5a+55aSWXQ==?=
[2026-05-25 11:16:37]  发现表格，共 2 行数据
[2026-05-25 11:16:37]  动态索引映射: ['股票代码', '股票名称', '信号', '当前价格', '量比', '来源过滤']
[2026-05-25 11:16:37]  [行1] 解析成功: SZSE.001309 [德利明] BUY @ 686.0 (VR:1.53)
[2026-05-25 11:16:37]  [行2] 解析成功: SZSE.001309 [德利明] BUY @ 689.0 (VR:1.16)
[2026-05-25 11:16:37] 成功保存 2 条因子至: signal_batch_20260525_111637_239874.txt
[2026-05-25 11:16:37]  QQ-主 邮件 3174 处理完成
[2026-05-25 11:16:37]  QQ-主 本轮共成功处理 1 封有效信号邮件
[2026-05-25 11:16:37]  正在连接 QQ-备用 邮箱服务器 (shouqianbadavid@qq.com) ...
[2026-05-25 11:16:38]  QQ-备用 正在解析因子: =?utf-8?b?QWxwaGFQaWxvdCDlpIfku73kv6Hlj7cgKGFscGhhX3NpZ25hbF90aHJfMjAyNjA1MjVfMTExNi5qc29uKSBb5aSHUVEt6Ieq5L+dXQ==?=
[2026-05-25 11:16:38]  发现表格，共 2 行数据
[2026-05-25 11:16:38]  动态索引映射: ['股票代码', '股票名称', '信号', '当前价格', '量比', '来源过滤']
[2026-05-25 11:16:38]  [行1] 解析成功: SZSE.001309 [德利明] BUY @ 686.0 (VR:1.53)
[2026-05-25 11:16:38]  [行2] 解析成功: SZSE.001309 [德利明] BUY @ 689.0 (VR:1.16)
[2026-05-25 11:16:38] 成功保存 2 条因子至: signal_batch_20260525_111638_581731.txt
[2026-05-25 11:16:38]  QQ-备用 邮件 1036 处理完成
[2026-05-25 11:16:38]  QQ-备用 本轮共成功处理 1 封有效信号邮件
[2026-05-25 11:17:13]  正在连接 QQ-主 邮箱服务器 (497720537@qq.com) ...
[2026-05-25 11:17:14]  正在连接 QQ-备用 邮箱服务器 (shouqianbadavid@qq.com) ...
[2026-05-25 11:17:50]  正在连接 QQ-主 邮箱服务器 (497720537@qq.com) ...
[2026-05-25 11:17:50]  正在连接 QQ-备用 邮箱服务器 (shouqianbadavid@qq.com) ...
[2026-05-25 11:18:26]  正在连接 QQ-主 邮箱服务器 (497720537@qq.com) ...
[2026-05-25 11:18:27]  正在连接 QQ-备用 邮箱服务器 (shouqianbadavid@qq.com) ...
[2026-05-25 11:19:03]  正在连接 QQ-主 邮箱服务器 (497720537@qq.com) ...
[2026-05-25 11:19:04]  正在连接 QQ-备用 邮箱服务器 (shouqianbadavid@qq.com) ...
[2026-05-25 11:19:40]  正在连接 QQ-主 邮箱服务器 (497720537@qq.com) ...
[2026-05-25 11:19:40]  正在连接 QQ-备用 邮箱服务器 (shouqianbadavid@qq.com) ...
[2026-05-25 11:20:16]  正在连接 QQ-主 邮箱服务器 (497720537@qq.com) ...
[2026-05-25 11:20:17]  正在连接 QQ-备用 邮箱服务器 (shouqianbadavid@qq.com) ...
[2026-05-25 11:20:52]  正在连接 QQ-主 邮箱服务器 (497720537@qq.com) ...
[2026-05-25 11:20:53]  正在连接 QQ-备用 邮箱服务器 (shouqianbadavid@qq.com) ...
[2026-05-25 11:21:29]  正在连接 QQ-主 邮箱服务器 (497720537@qq.com) ...
[2026-05-25 11:21:30]  正在连接 QQ-备用 邮箱服务器 (shouqianbadavid@qq.com) ...
[2026-05-25 11:22:05]  正在连接 QQ-主 邮箱服务器 (497720537@qq.com) ...
[2026-05-25 11:22:06]  正在连接 QQ-备用 邮箱服务器 (shouqianbadavid@qq.com) ...
[2026-05-25 11:22:41]  正在连接 QQ-主 邮箱服务器 (497720537@qq.com) ...
[2026-05-25 11:22:42]  正在连接 QQ-备用 邮箱服务器 (shouqianbadavid@qq.com) ...
[2026-05-25 11:23:18]  正在连接 QQ-主 邮箱服务器 (497720537@qq.com) ...
[2026-05-25 11:23:19]  正在连接 QQ-备用 邮箱服务器 (shouqianbadavid@qq.com) ...
[2026-05-25 11:23:54]  正在连接 QQ-主 邮箱服务器 (497720537@qq.com) ...
[2026-05-25 11:23:55]  正在连接 QQ-备用 邮箱服务器 (shouqianbadavid@qq.com) ...
[2026-05-25 11:24:31]  正在连接 QQ-主 邮箱服务器 (497720537@qq.com) ...
[2026-05-25 11:24:31]  正在连接 QQ-备用 邮箱服务器 (shouqianbadavid@qq.com) ...
[2026-05-25 11:25:07]  正在连接 QQ-主 邮箱服务器 (497720537@qq.com) ...
[2026-05-25 11:25:07]  正在连接 QQ-备用 邮箱服务器 (shouqianbadavid@qq.com) ...
[2026-05-25 11:25:43]  正在连接 QQ-主 邮箱服务器 (497720537@qq.com) ...
[2026-05-25 11:25:43]  正在连接 QQ-备用 邮箱服务器 (shouqianbadavid@qq.com) ...
[2026-05-25 11:26:19]  正在连接 QQ-主 邮箱服务器 (497720537@qq.com) ...
[2026-05-25 11:26:20]  正在连接 QQ-备用 邮箱服务器 (shouqianbadavid@qq.com) ...
[2026-05-25 11:26:56]  正在连接 QQ-主 邮箱服务器 (497720537@qq.com) ...
[2026-05-25 11:26:57]  正在连接 QQ-备用 邮箱服务器 (shouqianbadavid@qq.com) ...
[2026-05-25 11:27:32]  正在连接 QQ-主 邮箱服务器 (497720537@qq.com) ...
[2026-05-25 11:27:33]  正在连接 QQ-备用 邮箱服务器 (shouqianbadavid@qq.com) ...
[2026-05-25 11:28:09]  正在连接 QQ-主 邮箱服务器 (497720537@qq.com) ...
[2026-05-25 11:28:09]  正在连接 QQ-备用 邮箱服务器 (shouqianbadavid@qq.com) ...
[2026-05-25 11:28:45]  正在连接 QQ-主 邮箱服务器 (497720537@qq.com) ...
[2026-05-25 11:28:45]  正在连接 QQ-备用 邮箱服务器 (shouqianbadavid@qq.com) ...
[2026-05-25 11:29:21]  正在连接 QQ-主 邮箱服务器 (497720537@qq.com) ...
[2026-05-25 11:29:22]  正在连接 QQ-备用 邮箱服务器 (shouqianbadavid@qq.com) ...
[2026-05-25 11:29:57]  正在连接 QQ-主 邮箱服务器 (497720537@qq.com) ...
[2026-05-25 11:29:58]  正在连接 QQ-备用 邮箱服务器 (shouqianbadavid@qq.com) ...
[2026-05-25 11:30:34]  正在连接 QQ-主 邮箱服务器 (497720537@qq.com) ...
[2026-05-25 11:30:34]  正在连接 QQ-备用 邮箱服务器 (shouqianbadavid@qq.com) ...
[2026-05-25 11:31:10]  正在连接 QQ-主 邮箱服务器 (497720537@qq.com) ...
[2026-05-25 11:31:11]  正在连接 QQ-备用 邮箱服务器 (shouqianbadavid@qq.com) ...
[2026-05-25 11:31:46]  正在连接 QQ-主 邮箱服务器 (497720537@qq.com) ...
[2026-05-25 11:31:47]  QQ-主 正在解析因子: =?utf-8?b?QWxwaGFQaWxvdCDlrp7ml7bkv6Hlj7cgKGFscGhhX3NpZ25hbF90aHJfMjAyNjA1MjVfMTEzMS5qc29uKSBb5Li7UVEt5a+55aSWXQ==?=
[2026-05-25 11:31:47]  发现表格，共 4 行数据
[2026-05-25 11:31:47]  动态索引映射: ['股票代码', '股票名称', '信号', '当前价格', '量比', '来源过滤']
[2026-05-25 11:31:47]  [行1] 解析成功: SZSE.300308 [中际旭创] BUY @ 1065.49 (VR:0.02)
[2026-05-25 11:31:47]  [行2] 解析成功: SZSE.300352 [北信源] SELL @ 3.38 (VR:0.13)
[2026-05-25 11:31:47]  [行3] 解析成功: SZSE.300308 [中际旭创] BUY @ 1069.99 (VR:1.61)
[2026-05-25 11:31:47]  [行4] 解析成功: SZSE.300352 [北信源] SELL @ 3.37 (VR:0.23)
[2026-05-25 11:31:47] 成功保存 4 条因子至: signal_batch_20260525_113147_190859.txt
[2026-05-25 11:31:47]  QQ-主 邮件 3175 处理完成
[2026-05-25 11:31:47]  QQ-主 本轮共成功处理 1 封有效信号邮件
[2026-05-25 11:31:47]  正在连接 QQ-备用 邮箱服务器 (shouqianbadavid@qq.com) ...
[2026-05-25 11:32:23]  正在连接 QQ-主 邮箱服务器 (497720537@qq.com) ...
[2026-05-25 11:32:23]  正在连接 QQ-备用 邮箱服务器 (shouqianbadavid@qq.com) ...
[2026-05-25 11:32:24]  QQ-备用 正在解析因子: =?utf-8?b?QWxwaGFQaWxvdCDlpIfku73kv6Hlj7cgKGFscGhhX3NpZ25hbF90aHJfMjAyNjA1MjVfMTEzMS5qc29uKSBb5aSHUVEt6Ieq5L+dXQ==?=
[2026-05-25 11:32:24]  发现表格，共 4 行数据
[2026-05-25 11:32:24]  动态索引映射: ['股票代码', '股票名称', '信号', '当前价格', '量比', '来源过滤']
[2026-05-25 11:32:24]  [行1] 解析成功: SZSE.300308 [中际旭创] BUY @ 1065.49 (VR:0.02)
[2026-05-25 11:32:24]  [行2] 解析成功: SZSE.300352 [北信源] SELL @ 3.38 (VR:0.13)
[2026-05-25 11:32:24]  [行3] 解析成功: SZSE.300308 [中际旭创] BUY @ 1069.99 (VR:1.61)
[2026-05-25 11:32:24]  [行4] 解析成功: SZSE.300352 [北信源] SELL @ 3.37 (VR:0.23)
[2026-05-25 11:32:24] 成功保存 4 条因子至: signal_batch_20260525_113224_702929.txt
[2026-05-25 11:32:25]  QQ-备用 邮件 1037 处理完成
[2026-05-25 11:32:25]  QQ-备用 本轮共成功处理 1 封有效信号邮件
[2026-05-25 11:33:00]  正在连接 QQ-主 邮箱服务器 (497720537@qq.com) ...
[2026-05-25 11:33:01]  正在连接 QQ-备用 邮箱服务器 (shouqianbadavid@qq.com) ...
[2026-05-25 11:33:36]  正在连接 QQ-主 邮箱服务器 (497720537@qq.com) ...
[2026-05-25 11:33:37]  正在连接 QQ-备用 邮箱服务器 (shouqianbadavid@qq.com) ...
[2026-05-25 11:34:13]  正在连接 QQ-主 邮箱服务器 (497720537@qq.com) ...
[2026-05-25 11:34:13]  正在连接 QQ-备用 邮箱服务器 (shouqianbadavid@qq.com) ...
[2026-05-25 11:34:49]  正在连接 QQ-主 邮箱服务器 (497720537@qq.com) ...
[2026-05-25 11:34:49]  正在连接 QQ-备用 邮箱服务器 (shouqianbadavid@qq.com) ...
[2026-05-25 11:35:25]  正在连接 QQ-主 邮箱服务器 (497720537@qq.com) ...
[2026-05-25 11:35:26]  正在连接 QQ-备用 邮箱服务器 (shouqianbadavid@qq.com) ...
[2026-05-25 11:36:02]  正在连接 QQ-主 邮箱服务器 (497720537@qq.com) ...
[2026-05-25 11:36:02]  正在连接 QQ-备用 邮箱服务器 (shouqianbadavid@qq.com) ...
[2026-05-25 11:36:38]  正在连接 QQ-主 邮箱服务器 (497720537@qq.com) ...
[2026-05-25 11:36:39]  正在连接 QQ-备用 邮箱服务器 (shouqianbadavid@qq.com) ...
[2026-05-25 11:37:15]  正在连接 QQ-主 邮箱服务器 (497720537@qq.com) ...
[2026-05-25 11:37:15]  正在连接 QQ-备用 邮箱服务器 (shouqianbadavid@qq.com) ...
[2026-05-25 11:37:51]  正在连接 QQ-主 邮箱服务器 (497720537@qq.com) ...
[2026-05-25 11:37:52]  正在连接 QQ-备用 邮箱服务器 (shouqianbadavid@qq.com) ...
[2026-05-25 11:38:27]  正在连接 QQ-主 邮箱服务器 (497720537@qq.com) ...
[2026-05-25 11:38:28]  正在连接 QQ-备用 邮箱服务器 (shouqianbadavid@qq.com) ...
[2026-05-25 11:39:04]  正在连接 QQ-主 邮箱服务器 (497720537@qq.com) ...
[2026-05-25 11:39:04]  正在连接 QQ-备用 邮箱服务器 (shouqianbadavid@qq.com) ...
[2026-05-25 11:39:40]  正在连接 QQ-主 邮箱服务器 (497720537@qq.com) ...
[2026-05-25 11:39:40]  正在连接 QQ-备用 邮箱服务器 (shouqianbadavid@qq.com) ...
[2026-05-25 11:40:16]  正在连接 QQ-主 邮箱服务器 (497720537@qq.com) ...
[2026-05-25 11:40:17]  正在连接 QQ-备用 邮箱服务器 (shouqianbadavid@qq.com) ...
[2026-05-25 11:40:52]  正在连接 QQ-主 邮箱服务器 (497720537@qq.com) ...
[2026-05-25 11:40:53]  正在连接 QQ-备用 邮箱服务器 (shouqianbadavid@qq.com) ...
[2026-05-25 11:41:29]  正在连接 QQ-主 邮箱服务器 (497720537@qq.com) ...
[2026-05-25 11:41:29]  正在连接 QQ-备用 邮箱服务器 (shouqianbadavid@qq.com) ...
[2026-05-25 11:42:05]  正在连接 QQ-主 邮箱服务器 (497720537@qq.com) ...
[2026-05-25 11:42:05]  正在连接 QQ-备用 邮箱服务器 (shouqianbadavid@qq.com) ...
[2026-05-25 11:42:41]  正在连接 QQ-主 邮箱服务器 (497720537@qq.com) ...
[2026-05-25 11:42:42]  正在连接 QQ-备用 邮箱服务器 (shouqianbadavid@qq.com) ...
[2026-05-25 11:43:17]  正在连接 QQ-主 邮箱服务器 (497720537@qq.com) ...
[2026-05-25 11:43:19]  正在连接 QQ-备用 邮箱服务器 (shouqianbadavid@qq.com) ...
[2026-05-25 11:43:54]  正在连接 QQ-主 邮箱服务器 (497720537@qq.com) ...
[2026-05-25 11:43:55]  正在连接 QQ-备用 邮箱服务器 (shouqianbadavid@qq.com) ...
[2026-05-25 11:44:31]  正在连接 QQ-主 邮箱服务器 (497720537@qq.com) ...
[2026-05-25 11:44:32]  正在连接 QQ-备用 邮箱服务器 (shouqianbadavid@qq.com) ...
[2026-05-25 11:45:07]  正在连接 QQ-主 邮箱服务器 (497720537@qq.com) ...
[2026-05-25 11:45:08]  正在连接 QQ-备用 邮箱服务器 (shouqianbadavid@qq.com) ...
[2026-05-25 11:45:44]  正在连接 QQ-主 邮箱服务器 (497720537@qq.com) ...
[2026-05-25 11:45:45]  正在连接 QQ-备用 邮箱服务器 (shouqianbadavid@qq.com) ...
[2026-05-25 11:46:20]  正在连接 QQ-主 邮箱服务器 (497720537@qq.com) ...
[2026-05-25 11:46:21]  正在连接 QQ-备用 邮箱服务器 (shouqianbadavid@qq.com) ...
[2026-05-25 11:46:57]  正在连接 QQ-主 邮箱服务器 (497720537@qq.com) ...
[2026-05-25 11:46:57]  正在连接 QQ-备用 邮箱服务器 (shouqianbadavid@qq.com) ...
[2026-05-25 11:47:33]  正在连接 QQ-主 邮箱服务器 (497720537@qq.com) ...
[2026-05-25 11:47:34]  正在连接 QQ-备用 邮箱服务器 (shouqianbadavid@qq.com) ...
[2026-05-25 11:48:10]  正在连接 QQ-主 邮箱服务器 (497720537@qq.com) ...
[2026-05-25 11:48:10]  正在连接 QQ-备用 邮箱服务器 (shouqianbadavid@qq.com) ...
[2026-05-25 11:48:46]  正在连接 QQ-主 邮箱服务器 (497720537@qq.com) ...
[2026-05-25 11:48:47]  正在连接 QQ-备用 邮箱服务器 (shouqianbadavid@qq.com) ...
[2026-05-25 11:49:22]  正在连接 QQ-主 邮箱服务器 (497720537@qq.com) ...
[2026-05-25 11:49:23]  正在连接 QQ-备用 邮箱服务器 (shouqianbadavid@qq.com) ...
[2026-05-25 11:49:59]  正在连接 QQ-主 邮箱服务器 (497720537@qq.com) ...
[2026-05-25 11:50:00]  正在连接 QQ-备用 邮箱服务器 (shouqianbadavid@qq.com) ...
[2026-05-25 11:50:35]  正在连接 QQ-主 邮箱服务器 (497720537@qq.com) ...
[2026-05-25 11:50:36]  正在连接 QQ-备用 邮箱服务器 (shouqianbadavid@qq.com) ...
[2026-05-25 11:51:12]  正在连接 QQ-主 邮箱服务器 (497720537@qq.com) ...
[2026-05-25 11:51:13]  正在连接 QQ-备用 邮箱服务器 (shouqianbadavid@qq.com) ...
[2026-05-25 11:51:49]  正在连接 QQ-主 邮箱服务器 (497720537@qq.com) ...
[2026-05-25 11:51:50]  正在连接 QQ-备用 邮箱服务器 (shouqianbadavid@qq.com) ...
[2026-05-25 11:52:25]  正在连接 QQ-主 邮箱服务器 (497720537@qq.com) ...
[2026-05-25 11:52:26]  正在连接 QQ-备用 邮箱服务器 (shouqianbadavid@qq.com) ...
[2026-05-25 11:53:02]  正在连接 QQ-主 邮箱服务器 (497720537@qq.com) ...
[2026-05-25 11:53:03]  正在连接 QQ-备用 邮箱服务器 (shouqianbadavid@qq.com) ...
[2026-05-25 11:53:39]  正在连接 QQ-主 邮箱服务器 (497720537@qq.com) ...
[2026-05-25 11:53:40]  正在连接 QQ-备用 邮箱服务器 (shouqianbadavid@qq.com) ...
[2026-05-25 11:54:15]  正在连接 QQ-主 邮箱服务器 (497720537@qq.com) ...
[2026-05-25 11:54:16]  正在连接 QQ-备用 邮箱服务器 (shouqianbadavid@qq.com) ...
[2026-05-25 11:54:52]  正在连接 QQ-主 邮箱服务器 (497720537@qq.com) ...
[2026-05-25 11:54:52]  正在连接 QQ-备用 邮箱服务器 (shouqianbadavid@qq.com) ...
[2026-05-25 11:55:28]  正在连接 QQ-主 邮箱服务器 (497720537@qq.com) ...
[2026-05-25 11:55:28]  正在连接 QQ-备用 邮箱服务器 (shouqianbadavid@qq.com) ...
[2026-05-25 11:56:04]  正在连接 QQ-主 邮箱服务器 (497720537@qq.com) ...
[2026-05-25 11:56:05]  正在连接 QQ-备用 邮箱服务器 (shouqianbadavid@qq.com) ...
[2026-05-25 11:56:41]  正在连接 QQ-主 邮箱服务器 (497720537@qq.com) ...
[2026-05-25 11:56:41]  正在连接 QQ-备用 邮箱服务器 (shouqianbadavid@qq.com) ...
[2026-05-25 11:57:17]  正在连接 QQ-主 邮箱服务器 (497720537@qq.com) ...
[2026-05-25 11:57:18]  正在连接 QQ-备用 邮箱服务器 (shouqianbadavid@qq.com) ...
[2026-05-25 11:57:54]  正在连接 QQ-主 邮箱服务器 (497720537@qq.com) ...
[2026-05-25 11:57:55]  正在连接 QQ-备用 邮箱服务器 (shouqianbadavid@qq.com) ...
[2026-05-25 11:58:30]  正在连接 QQ-主 邮箱服务器 (497720537@qq.com) ...
[2026-05-25 11:58:31]  正在连接 QQ-备用 邮箱服务器 (shouqianbadavid@qq.com) ...
[2026-05-25 11:59:07]  正在连接 QQ-主 邮箱服务器 (497720537@qq.com) ...
[2026-05-25 11:59:08]  正在连接 QQ-备用 邮箱服务器 (shouqianbadavid@qq.com) ...
[2026-05-25 11:59:44]  正在连接 QQ-主 邮箱服务器 (497720537@qq.com) ...
[2026-05-25 11:59:44]  正在连接 QQ-备用 邮箱服务器 (shouqianbadavid@qq.com) ...
[2026-05-25 12:00:20]  正在连接 QQ-主 邮箱服务器 (497720537@qq.com) ...
[2026-05-25 12:00:21]  正在连接 QQ-备用 邮箱服务器 (shouqianbadavid@qq.com) ...
[2026-05-25 12:00:57]  正在连接 QQ-主 邮箱服务器 (497720537@qq.com) ...
[2026-05-25 12:00:57]  正在连接 QQ-备用 邮箱服务器 (shouqianbadavid@qq.com) ...
[2026-05-25 12:01:33]  正在连接 QQ-主 邮箱服务器 (497720537@qq.com) ...
[2026-05-25 12:01:33]  正在连接 QQ-备用 邮箱服务器 (shouqianbadavid@qq.com) ...
[2026-05-25 12:02:09]  正在连接 QQ-主 邮箱服务器 (497720537@qq.com) ...
[2026-05-25 12:02:10]  正在连接 QQ-备用 邮箱服务器 (shouqianbadavid@qq.com) ...
[2026-05-25 12:02:46]  正在连接 QQ-主 邮箱服务器 (497720537@qq.com) ...
[2026-05-25 12:02:46]  正在连接 QQ-备用 邮箱服务器 (shouqianbadavid@qq.com) ...
[2026-05-25 12:03:22]  正在连接 QQ-主 邮箱服务器 (497720537@qq.com) ...
[2026-05-25 12:03:23]  正在连接 QQ-备用 邮箱服务器 (shouqianbadavid@qq.com) ...
[2026-05-25 12:03:59]  正在连接 QQ-主 邮箱服务器 (497720537@qq.com) ...
[2026-05-25 12:03:59]  正在连接 QQ-备用 邮箱服务器 (shouqianbadavid@qq.com) ...
[2026-05-25 12:04:35]  正在连接 QQ-主 邮箱服务器 (497720537@qq.com) ...
[2026-05-25 12:04:36]  正在连接 QQ-备用 邮箱服务器 (shouqianbadavid@qq.com) ...
[2026-05-25 12:05:12]  正在连接 QQ-主 邮箱服务器 (497720537@qq.com) ...
[2026-05-25 12:05:12]  正在连接 QQ-备用 邮箱服务器 (shouqianbadavid@qq.com) ...
[2026-05-25 12:05:48]  正在连接 QQ-主 邮箱服务器 (497720537@qq.com) ...
[2026-05-25 12:05:49]  正在连接 QQ-备用 邮箱服务器 (shouqianbadavid@qq.com) ...
[2026-05-25 12:06:24]  正在连接 QQ-主 邮箱服务器 (497720537@qq.com) ...
[2026-05-25 12:06:25]  正在连接 QQ-备用 邮箱服务器 (shouqianbadavid@qq.com) ...
[2026-05-25 12:07:01]  正在连接 QQ-主 邮箱服务器 (497720537@qq.com) ...
[2026-05-25 12:07:02]  正在连接 QQ-备用 邮箱服务器 (shouqianbadavid@qq.com) ...
[2026-05-25 12:07:37]  正在连接 QQ-主 邮箱服务器 (497720537@qq.com) ...
[2026-05-25 12:07:38]  正在连接 QQ-备用 邮箱服务器 (shouqianbadavid@qq.com) ...
[2026-05-25 12:08:14]  正在连接 QQ-主 邮箱服务器 (497720537@qq.com) ...
[2026-05-25 12:08:14]  正在连接 QQ-备用 邮箱服务器 (shouqianbadavid@qq.com) ...
[2026-05-25 12:08:50]  正在连接 QQ-主 邮箱服务器 (497720537@qq.com) ...
[2026-05-25 12:08:50]  正在连接 QQ-备用 邮箱服务器 (shouqianbadavid@qq.com) ...
[2026-05-25 12:09:26]  正在连接 QQ-主 邮箱服务器 (497720537@qq.com) ...
[2026-05-25 12:09:27]  正在连接 QQ-备用 邮箱服务器 (shouqianbadavid@qq.com) ...
[2026-05-25 12:10:03]  正在连接 QQ-主 邮箱服务器 (497720537@qq.com) ...
[2026-05-25 12:10:04]  正在连接 QQ-备用 邮箱服务器 (shouqianbadavid@qq.com) ...
[2026-05-25 12:10:39]  正在连接 QQ-主 邮箱服务器 (497720537@qq.com) ...
[2026-05-25 12:10:40]  正在连接 QQ-备用 邮箱服务器 (shouqianbadavid@qq.com) ...
[2026-05-25 12:11:16]  正在连接 QQ-主 邮箱服务器 (497720537@qq.com) ...
[2026-05-25 12:11:17]  正在连接 QQ-备用 邮箱服务器 (shouqianbadavid@qq.com) ...
[2026-05-25 12:11:53]  正在连接 QQ-主 邮箱服务器 (497720537@qq.com) ...
[2026-05-25 12:11:53]  正在连接 QQ-备用 邮箱服务器 (shouqianbadavid@qq.com) ...
[2026-05-25 12:12:29]  正在连接 QQ-主 邮箱服务器 (497720537@qq.com) ...
[2026-05-25 12:12:30]  正在连接 QQ-备用 邮箱服务器 (shouqianbadavid@qq.com) ...
[2026-05-25 12:13:06]  正在连接 QQ-主 邮箱服务器 (497720537@qq.com) ...
[2026-05-25 12:13:06]  正在连接 QQ-备用 邮箱服务器 (shouqianbadavid@qq.com) ...
[2026-05-25 12:13:42]  正在连接 QQ-主 邮箱服务器 (497720537@qq.com) ...
[2026-05-25 12:13:43]  正在连接 QQ-备用 邮箱服务器 (shouqianbadavid@qq.com) ...
[2026-05-25 12:14:18]  正在连接 QQ-主 邮箱服务器 (497720537@qq.com) ...
[2026-05-25 12:14:19]  正在连接 QQ-备用 邮箱服务器 (shouqianbadavid@qq.com) ...
[2026-05-25 12:14:55]  正在连接 QQ-主 邮箱服务器 (497720537@qq.com) ...
[2026-05-25 12:14:56]  正在连接 QQ-备用 邮箱服务器 (shouqianbadavid@qq.com) ...
[2026-05-25 12:15:32]  正在连接 QQ-主 邮箱服务器 (497720537@qq.com) ...
[2026-05-25 12:15:33]  正在连接 QQ-备用 邮箱服务器 (shouqianbadavid@qq.com) ...
[2026-05-25 12:16:09]  正在连接 QQ-主 邮箱服务器 (497720537@qq.com) ...
[2026-05-25 12:16:09]  正在连接 QQ-备用 邮箱服务器 (shouqianbadavid@qq.com) ...
[2026-05-25 12:16:45]  正在连接 QQ-主 邮箱服务器 (497720537@qq.com) ...
[2026-05-25 12:16:46]  正在连接 QQ-备用 邮箱服务器 (shouqianbadavid@qq.com) ...
[2026-05-25 12:17:22]  正在连接 QQ-主 邮箱服务器 (497720537@qq.com) ...
[2026-05-25 12:17:22]  正在连接 QQ-备用 邮箱服务器 (shouqianbadavid@qq.com) ...
[2026-05-25 12:17:58]  正在连接 QQ-主 邮箱服务器 (497720537@qq.com) ...
[2026-05-25 12:17:59]  正在连接 QQ-备用 邮箱服务器 (shouqianbadavid@qq.com) ...
[2026-05-25 12:18:34]  正在连接 QQ-主 邮箱服务器 (497720537@qq.com) ...
[2026-05-25 12:18:35]  正在连接 QQ-备用 邮箱服务器 (shouqianbadavid@qq.com) ...
[2026-05-25 12:19:11]  正在连接 QQ-主 邮箱服务器 (497720537@qq.com) ...
[2026-05-25 12:19:12]  正在连接 QQ-备用 邮箱服务器 (shouqianbadavid@qq.com) ...
[2026-05-25 12:19:48]  正在连接 QQ-主 邮箱服务器 (497720537@qq.com) ...
[2026-05-25 12:19:48]  正在连接 QQ-备用 邮箱服务器 (shouqianbadavid@qq.com) ...
[2026-05-25 12:20:24]  正在连接 QQ-主 邮箱服务器 (497720537@qq.com) ...
[2026-05-25 12:20:25]  正在连接 QQ-备用 邮箱服务器 (shouqianbadavid@qq.com) ...
[2026-05-25 12:21:00]  正在连接 QQ-主 邮箱服务器 (497720537@qq.com) ...
[2026-05-25 12:21:01]  正在连接 QQ-备用 邮箱服务器 (shouqianbadavid@qq.com) ...
[2026-05-25 12:21:37]  正在连接 QQ-主 邮箱服务器 (497720537@qq.com) ...
[2026-05-25 12:21:38]  正在连接 QQ-备用 邮箱服务器 (shouqianbadavid@qq.com) ...
[2026-05-25 12:22:13]  正在连接 QQ-主 邮箱服务器 (497720537@qq.com) ...
[2026-05-25 12:22:14]  正在连接 QQ-备用 邮箱服务器 (shouqianbadavid@qq.com) ...
[2026-05-25 12:22:50]  正在连接 QQ-主 邮箱服务器 (497720537@qq.com) ...
[2026-05-25 12:22:51]  正在连接 QQ-备用 邮箱服务器 (shouqianbadavid@qq.com) ...
[2026-05-25 12:23:27]  正在连接 QQ-主 邮箱服务器 (497720537@qq.com) ...
[2026-05-25 12:23:27]  正在连接 QQ-备用 邮箱服务器 (shouqianbadavid@qq.com) ...
[2026-05-25 12:24:03]  正在连接 QQ-主 邮箱服务器 (497720537@qq.com) ...
[2026-05-25 12:24:04]  正在连接 QQ-备用 邮箱服务器 (shouqianbadavid@qq.com) ...
[2026-05-25 12:24:40]  正在连接 QQ-主 邮箱服务器 (497720537@qq.com) ...
[2026-05-25 12:24:40]  正在连接 QQ-备用 邮箱服务器 (shouqianbadavid@qq.com) ...
[2026-05-25 12:25:16]  正在连接 QQ-主 邮箱服务器 (497720537@qq.com) ...
[2026-05-25 12:25:17]  正在连接 QQ-备用 邮箱服务器 (shouqianbadavid@qq.com) ...
[2026-05-25 12:25:53]  正在连接 QQ-主 邮箱服务器 (497720537@qq.com) ...
[2026-05-25 12:25:54]  正在连接 QQ-备用 邮箱服务器 (shouqianbadavid@qq.com) ...
[2026-05-25 12:26:30]  正在连接 QQ-主 邮箱服务器 (497720537@qq.com) ...
[2026-05-25 12:26:31]  正在连接 QQ-备用 邮箱服务器 (shouqianbadavid@qq.com) ...
[2026-05-25 12:27:06]  正在连接 QQ-主 邮箱服务器 (497720537@qq.com) ...
[2026-05-25 12:27:07]  正在连接 QQ-备用 邮箱服务器 (shouqianbadavid@qq.com) ...
[2026-05-25 12:27:43]  正在连接 QQ-主 邮箱服务器 (497720537@qq.com) ...
[2026-05-25 12:27:44]  正在连接 QQ-备用 邮箱服务器 (shouqianbadavid@qq.com) ...
[2026-05-25 12:28:19]  正在连接 QQ-主 邮箱服务器 (497720537@qq.com) ...
[2026-05-25 12:28:20]  正在连接 QQ-备用 邮箱服务器 (shouqianbadavid@qq.com) ...
[2026-05-25 12:28:56]  正在连接 QQ-主 邮箱服务器 (497720537@qq.com) ...
[2026-05-25 12:28:57]  正在连接 QQ-备用 邮箱服务器 (shouqianbadavid@qq.com) ...
[2026-05-25 12:29:33]  正在连接 QQ-主 邮箱服务器 (497720537@qq.com) ...
[2026-05-25 12:29:33]  正在连接 QQ-备用 邮箱服务器 (shouqianbadavid@qq.com) ...
[2026-05-25 12:30:09]  正在连接 QQ-主 邮箱服务器 (497720537@qq.com) ...
[2026-05-25 12:30:10]  正在连接 QQ-备用 邮箱服务器 (shouqianbadavid@qq.com) ...
[2026-05-25 12:30:45]  正在连接 QQ-主 邮箱服务器 (497720537@qq.com) ...
[2026-05-25 12:30:46]  正在连接 QQ-备用 邮箱服务器 (shouqianbadavid@qq.com) ...
[2026-05-25 12:31:22]  正在连接 QQ-主 邮箱服务器 (497720537@qq.com) ...
[2026-05-25 12:31:23]  正在连接 QQ-备用 邮箱服务器 (shouqianbadavid@qq.com) ...
[2026-05-25 12:31:59]  正在连接 QQ-主 邮箱服务器 (497720537@qq.com) ...
[2026-05-25 12:32:00]  正在连接 QQ-备用 邮箱服务器 (shouqianbadavid@qq.com) ...
[2026-05-25 12:32:36]  正在连接 QQ-主 邮箱服务器 (497720537@qq.com) ...
[2026-05-25 12:32:36]  正在连接 QQ-备用 邮箱服务器 (shouqianbadavid@qq.com) ...
[2026-05-25 12:33:12]  正在连接 QQ-主 邮箱服务器 (497720537@qq.com) ...
[2026-05-25 12:33:13]  正在连接 QQ-备用 邮箱服务器 (shouqianbadavid@qq.com) ...
[2026-05-25 12:33:49]  正在连接 QQ-主 邮箱服务器 (497720537@qq.com) ...
[2026-05-25 12:33:49]  正在连接 QQ-备用 邮箱服务器 (shouqianbadavid@qq.com) ...
[2026-05-25 12:34:25]  正在连接 QQ-主 邮箱服务器 (497720537@qq.com) ...
[2026-05-25 12:34:26]  正在连接 QQ-备用 邮箱服务器 (shouqianbadavid@qq.com) ...
[2026-05-25 12:35:02]  正在连接 QQ-主 邮箱服务器 (497720537@qq.com) ...
[2026-05-25 12:35:03]  正在连接 QQ-备用 邮箱服务器 (shouqianbadavid@qq.com) ...
[2026-05-25 12:35:39]  正在连接 QQ-主 邮箱服务器 (497720537@qq.com) ...
[2026-05-25 12:35:39]  正在连接 QQ-备用 邮箱服务器 (shouqianbadavid@qq.com) ...
[2026-05-25 12:36:15]  正在连接 QQ-主 邮箱服务器 (497720537@qq.com) ...
[2026-05-25 12:36:16]  正在连接 QQ-备用 邮箱服务器 (shouqianbadavid@qq.com) ...
[2026-05-25 12:36:52]  正在连接 QQ-主 邮箱服务器 (497720537@qq.com) ...
[2026-05-25 12:36:53]  正在连接 QQ-备用 邮箱服务器 (shouqianbadavid@qq.com) ...
[2026-05-25 12:37:28]  正在连接 QQ-主 邮箱服务器 (497720537@qq.com) ...
[2026-05-25 12:37:29]  正在连接 QQ-备用 邮箱服务器 (shouqianbadavid@qq.com) ...
[2026-05-25 12:38:05]  正在连接 QQ-主 邮箱服务器 (497720537@qq.com) ...
[2026-05-25 12:38:06]  正在连接 QQ-备用 邮箱服务器 (shouqianbadavid@qq.com) ...
[2026-05-25 12:38:41]  正在连接 QQ-主 邮箱服务器 (497720537@qq.com) ...
[2026-05-25 12:38:42]  正在连接 QQ-备用 邮箱服务器 (shouqianbadavid@qq.com) ...
[2026-05-25 12:39:18]  正在连接 QQ-主 邮箱服务器 (497720537@qq.com) ...
[2026-05-25 12:39:18]  正在连接 QQ-备用 邮箱服务器 (shouqianbadavid@qq.com) ...
[2026-05-25 12:39:54]  正在连接 QQ-主 邮箱服务器 (497720537@qq.com) ...
[2026-05-25 12:39:55]  正在连接 QQ-备用 邮箱服务器 (shouqianbadavid@qq.com) ...
[2026-05-25 12:40:31]  正在连接 QQ-主 邮箱服务器 (497720537@qq.com) ...
[2026-05-25 12:40:31]  正在连接 QQ-备用 邮箱服务器 (shouqianbadavid@qq.com) ...
[2026-05-25 12:41:07]  正在连接 QQ-主 邮箱服务器 (497720537@qq.com) ...
[2026-05-25 12:41:10]  正在连接 QQ-备用 邮箱服务器 (shouqianbadavid@qq.com) ...
[2026-05-25 12:41:46]  正在连接 QQ-主 邮箱服务器 (497720537@qq.com) ...
[2026-05-25 12:41:46]  正在连接 QQ-备用 邮箱服务器 (shouqianbadavid@qq.com) ...
[2026-05-25 12:42:22]  正在连接 QQ-主 邮箱服务器 (497720537@qq.com) ...
[2026-05-25 12:42:23]  正在连接 QQ-备用 邮箱服务器 (shouqianbadavid@qq.com) ...
[2026-05-25 12:42:58]  正在连接 QQ-主 邮箱服务器 (497720537@qq.com) ...
[2026-05-25 12:42:59]  正在连接 QQ-备用 邮箱服务器 (shouqianbadavid@qq.com) ...
[2026-05-25 12:43:35]  正在连接 QQ-主 邮箱服务器 (497720537@qq.com) ...
[2026-05-25 12:43:35]  正在连接 QQ-备用 邮箱服务器 (shouqianbadavid@qq.com) ...
[2026-05-25 12:44:11]  正在连接 QQ-主 邮箱服务器 (497720537@qq.com) ...
[2026-05-25 12:44:12]  正在连接 QQ-备用 邮箱服务器 (shouqianbadavid@qq.com) ...
[2026-05-25 12:44:48]  正在连接 QQ-主 邮箱服务器 (497720537@qq.com) ...
[2026-05-25 12:44:48]  正在连接 QQ-备用 邮箱服务器 (shouqianbadavid@qq.com) ...
[2026-05-25 12:45:24]  正在连接 QQ-主 邮箱服务器 (497720537@qq.com) ...
[2026-05-25 12:45:24]  正在连接 QQ-备用 邮箱服务器 (shouqianbadavid@qq.com) ...
[2026-05-25 12:46:00]  正在连接 QQ-主 邮箱服务器 (497720537@qq.com) ...
[2026-05-25 12:46:01]  正在连接 QQ-备用 邮箱服务器 (shouqianbadavid@qq.com) ...
[2026-05-25 12:46:37]  正在连接 QQ-主 邮箱服务器 (497720537@qq.com) ...
[2026-05-25 12:46:37]  正在连接 QQ-备用 邮箱服务器 (shouqianbadavid@qq.com) ...
[2026-05-25 12:47:13]  正在连接 QQ-主 邮箱服务器 (497720537@qq.com) ...
[2026-05-25 12:47:14]  正在连接 QQ-备用 邮箱服务器 (shouqianbadavid@qq.com) ...
[2026-05-25 12:47:50]  正在连接 QQ-主 邮箱服务器 (497720537@qq.com) ...
[2026-05-25 12:47:51]  正在连接 QQ-备用 邮箱服务器 (shouqianbadavid@qq.com) ...
[2026-05-25 12:48:26]  正在连接 QQ-主 邮箱服务器 (497720537@qq.com) ...
[2026-05-25 12:48:27]  正在连接 QQ-备用 邮箱服务器 (shouqianbadavid@qq.com) ...
[2026-05-25 12:49:03]  正在连接 QQ-主 邮箱服务器 (497720537@qq.com) ...
[2026-05-25 12:49:04]  正在连接 QQ-备用 邮箱服务器 (shouqianbadavid@qq.com) ...
[2026-05-25 12:49:39]  正在连接 QQ-主 邮箱服务器 (497720537@qq.com) ...
[2026-05-25 12:49:40]  正在连接 QQ-备用 邮箱服务器 (shouqianbadavid@qq.com) ...
[2026-05-25 12:50:16]  正在连接 QQ-主 邮箱服务器 (497720537@qq.com) ...
[2026-05-25 12:50:17]  正在连接 QQ-备用 邮箱服务器 (shouqianbadavid@qq.com) ...
[2026-05-25 12:50:52]  正在连接 QQ-主 邮箱服务器 (497720537@qq.com) ...
[2026-05-25 12:50:53]  正在连接 QQ-备用 邮箱服务器 (shouqianbadavid@qq.com) ...
[2026-05-25 12:51:29]  正在连接 QQ-主 邮箱服务器 (497720537@qq.com) ...
[2026-05-25 12:51:30]  正在连接 QQ-备用 邮箱服务器 (shouqianbadavid@qq.com) ...
[2026-05-25 12:52:05]  正在连接 QQ-主 邮箱服务器 (497720537@qq.com) ...
[2026-05-25 12:52:06]  正在连接 QQ-备用 邮箱服务器 (shouqianbadavid@qq.com) ...
[2026-05-25 12:52:42]  正在连接 QQ-主 邮箱服务器 (497720537@qq.com) ...
[2026-05-25 12:52:43]  正在连接 QQ-备用 邮箱服务器 (shouqianbadavid@qq.com) ...
[2026-05-25 12:53:18]  正在连接 QQ-主 邮箱服务器 (497720537@qq.com) ...
[2026-05-25 12:53:19]  正在连接 QQ-备用 邮箱服务器 (shouqianbadavid@qq.com) ...
[2026-05-25 12:53:55]  正在连接 QQ-主 邮箱服务器 (497720537@qq.com) ...
[2026-05-25 12:53:56]  正在连接 QQ-备用 邮箱服务器 (shouqianbadavid@qq.com) ...
[2026-05-25 12:54:31]  正在连接 QQ-主 邮箱服务器 (497720537@qq.com) ...
[2026-05-25 12:54:32]  正在连接 QQ-备用 邮箱服务器 (shouqianbadavid@qq.com) ...
[2026-05-25 12:55:08]  正在连接 QQ-主 邮箱服务器 (497720537@qq.com) ...
[2026-05-25 12:55:09]  正在连接 QQ-备用 邮箱服务器 (shouqianbadavid@qq.com) ...
[2026-05-25 12:55:44]  正在连接 QQ-主 邮箱服务器 (497720537@qq.com) ...
[2026-05-25 12:55:45]  正在连接 QQ-备用 邮箱服务器 (shouqianbadavid@qq.com) ...
[2026-05-25 12:56:21]  正在连接 QQ-主 邮箱服务器 (497720537@qq.com) ...
[2026-05-25 12:56:22]  正在连接 QQ-备用 邮箱服务器 (shouqianbadavid@qq.com) ...
[2026-05-25 12:56:57]  正在连接 QQ-主 邮箱服务器 (497720537@qq.com) ...
[2026-05-25 12:56:58]  正在连接 QQ-备用 邮箱服务器 (shouqianbadavid@qq.com) ...
[2026-05-25 12:57:34]  正在连接 QQ-主 邮箱服务器 (497720537@qq.com) ...
[2026-05-25 12:57:35]  正在连接 QQ-备用 邮箱服务器 (shouqianbadavid@qq.com) ...
[2026-05-25 12:58:10]  正在连接 QQ-主 邮箱服务器 (497720537@qq.com) ...
[2026-05-25 12:58:11]  正在连接 QQ-备用 邮箱服务器 (shouqianbadavid@qq.com) ...
[2026-05-25 12:58:47]  正在连接 QQ-主 邮箱服务器 (497720537@qq.com) ...
[2026-05-25 12:58:48]  正在连接 QQ-备用 邮箱服务器 (shouqianbadavid@qq.com) ...
[2026-05-25 12:59:24]  正在连接 QQ-主 邮箱服务器 (497720537@qq.com) ...
[2026-05-25 12:59:25]  正在连接 QQ-备用 邮箱服务器 (shouqianbadavid@qq.com) ...
[2026-05-25 13:00:00]  正在连接 QQ-主 邮箱服务器 (497720537@qq.com) ...
[2026-05-25 13:00:01]  正在连接 QQ-备用 邮箱服务器 (shouqianbadavid@qq.com) ...
[2026-05-25 13:00:37]  正在连接 QQ-主 邮箱服务器 (497720537@qq.com) ...
[2026-05-25 13:00:38]  正在连接 QQ-备用 邮箱服务器 (shouqianbadavid@qq.com) ...
[2026-05-25 13:01:14]  正在连接 QQ-主 邮箱服务器 (497720537@qq.com) ...
[2026-05-25 13:01:15]  正在连接 QQ-备用 邮箱服务器 (shouqianbadavid@qq.com) ...
[2026-05-25 13:01:51]  正在连接 QQ-主 邮箱服务器 (497720537@qq.com) ...
[2026-05-25 13:01:52]  正在连接 QQ-备用 邮箱服务器 (shouqianbadavid@qq.com) ...
[2026-05-25 13:02:28]  正在连接 QQ-主 邮箱服务器 (497720537@qq.com) ...
[2026-05-25 13:02:28]  正在连接 QQ-备用 邮箱服务器 (shouqianbadavid@qq.com) ...
[2026-05-25 13:03:04]  正在连接 QQ-主 邮箱服务器 (497720537@qq.com) ...
[2026-05-25 13:03:05]  正在连接 QQ-备用 邮箱服务器 (shouqianbadavid@qq.com) ...
[2026-05-25 13:03:41]  正在连接 QQ-主 邮箱服务器 (497720537@qq.com) ...
[2026-05-25 13:03:41]  正在连接 QQ-备用 邮箱服务器 (shouqianbadavid@qq.com) ...
[2026-05-25 13:04:17]  正在连接 QQ-主 邮箱服务器 (497720537@qq.com) ...
[2026-05-25 13:04:17]  正在连接 QQ-备用 邮箱服务器 (shouqianbadavid@qq.com) ...
[2026-05-25 13:04:53]  正在连接 QQ-主 邮箱服务器 (497720537@qq.com) ...
[2026-05-25 13:04:53]  正在连接 QQ-备用 邮箱服务器 (shouqianbadavid@qq.com) ...
[2026-05-25 13:05:29]  正在连接 QQ-主 邮箱服务器 (497720537@qq.com) ...
[2026-05-25 13:05:29]  正在连接 QQ-备用 邮箱服务器 (shouqianbadavid@qq.com) ...
[2026-05-25 13:06:05]  正在连接 QQ-主 邮箱服务器 (497720537@qq.com) ...
[2026-05-25 13:06:06]  正在连接 QQ-备用 邮箱服务器 (shouqianbadavid@qq.com) ...
[2026-05-25 13:06:41]  正在连接 QQ-主 邮箱服务器 (497720537@qq.com) ...
[2026-05-25 13:06:42]  正在连接 QQ-备用 邮箱服务器 (shouqianbadavid@qq.com) ...
[2026-05-25 13:07:17]  正在连接 QQ-主 邮箱服务器 (497720537@qq.com) ...
[2026-05-25 13:07:18]  正在连接 QQ-备用 邮箱服务器 (shouqianbadavid@qq.com) ...
[2026-05-25 13:07:54]  正在连接 QQ-主 邮箱服务器 (497720537@qq.com) ...
[2026-05-25 13:07:55]  正在连接 QQ-备用 邮箱服务器 (shouqianbadavid@qq.com) ...
[2026-05-25 13:08:30]  正在连接 QQ-主 邮箱服务器 (497720537@qq.com) ...
[2026-05-25 13:08:32]  正在连接 QQ-备用 邮箱服务器 (shouqianbadavid@qq.com) ...
[2026-05-25 13:09:07]  正在连接 QQ-主 邮箱服务器 (497720537@qq.com) ...
[2026-05-25 13:09:08]  正在连接 QQ-备用 邮箱服务器 (shouqianbadavid@qq.com) ...
[2026-05-25 13:09:43]  正在连接 QQ-主 邮箱服务器 (497720537@qq.com) ...
[2026-05-25 13:09:44]  正在连接 QQ-备用 邮箱服务器 (shouqianbadavid@qq.com) ...
[2026-05-25 13:10:20]  正在连接 QQ-主 邮箱服务器 (497720537@qq.com) ...
[2026-05-25 13:10:20]  正在连接 QQ-备用 邮箱服务器 (shouqianbadavid@qq.com) ...
[2026-05-25 13:10:56]  正在连接 QQ-主 邮箱服务器 (497720537@qq.com) ...
[2026-05-25 13:10:56]  正在连接 QQ-备用 邮箱服务器 (shouqianbadavid@qq.com) ...
[2026-05-25 13:11:32]  正在连接 QQ-主 邮箱服务器 (497720537@qq.com) ...
[2026-05-25 13:11:32]  正在连接 QQ-备用 邮箱服务器 (shouqianbadavid@qq.com) ...
[2026-05-25 13:12:08]  正在连接 QQ-主 邮箱服务器 (497720537@qq.com) ...
[2026-05-25 13:12:08]  正在连接 QQ-备用 邮箱服务器 (shouqianbadavid@qq.com) ...
[2026-05-25 13:12:45]  正在连接 QQ-主 邮箱服务器 (497720537@qq.com) ...
[2026-05-25 13:12:45]  正在连接 QQ-备用 邮箱服务器 (shouqianbadavid@qq.com) ...
[2026-05-25 13:13:21]  正在连接 QQ-主 邮箱服务器 (497720537@qq.com) ...
[2026-05-25 13:13:21]  正在连接 QQ-备用 邮箱服务器 (shouqianbadavid@qq.com) ...
[2026-05-25 13:13:57]  正在连接 QQ-主 邮箱服务器 (497720537@qq.com) ...
[2026-05-25 13:13:57]  正在连接 QQ-备用 邮箱服务器 (shouqianbadavid@qq.com) ...
[2026-05-25 13:14:33]  正在连接 QQ-主 邮箱服务器 (497720537@qq.com) ...
[2026-05-25 13:14:33]  正在连接 QQ-备用 邮箱服务器 (shouqianbadavid@qq.com) ...
[2026-05-25 13:15:09]  正在连接 QQ-主 邮箱服务器 (497720537@qq.com) ...
[2026-05-25 13:15:10]  QQ-主 正在解析因子: =?utf-8?b?QWxwaGFQaWxvdCDlrp7ml7bkv6Hlj7cgKGFscGhhX3NpZ25hbF90aHJfMjAyNjA1MjVfMTMxNC5qc29uKSBb5Li7UVEt5a+55aSWXQ==?=
[2026-05-25 13:15:10]  发现表格，共 4 行数据
[2026-05-25 13:15:10]  动态索引映射: ['股票代码', '股票名称', '信号', '当前价格', '量比', '来源过滤']
[2026-05-25 13:15:10]  [行1] 解析成功: SZSE.301419 [瑞可达] BUY @ 46.02 (VR:1.34)
[2026-05-25 13:15:10]  [行2] 解析成功: SZSE.301071 [力量钻石] BUY @ 70.87 (VR:1.87)
[2026-05-25 13:15:10]  [行3] 解析成功: SZSE.301419 [瑞可达] BUY @ 46.22 (VR:0.02)
[2026-05-25 13:15:10]  [行4] 解析成功: SZSE.301071 [力量钻石] BUY @ 71.49 (VR:4.54)
[2026-05-25 13:15:10] 成功保存 4 条因子至: signal_batch_20260525_131510_452688.txt
[2026-05-25 13:15:10]  QQ-主 邮件 3177 处理完成
[2026-05-25 13:15:10]  QQ-主 本轮共成功处理 1 封有效信号邮件
[2026-05-25 13:15:10]  正在连接 QQ-备用 邮箱服务器 (shouqianbadavid@qq.com) ...
[2026-05-25 13:15:46]  正在连接 QQ-主 邮箱服务器 (497720537@qq.com) ...
[2026-05-25 13:15:46]  正在连接 QQ-备用 邮箱服务器 (shouqianbadavid@qq.com) ...
[2026-05-25 13:15:47]  QQ-备用 正在解析因子: =?utf-8?b?QWxwaGFQaWxvdCDlpIfku73kv6Hlj7cgKGFscGhhX3NpZ25hbF90aHJfMjAyNjA1MjVfMTMxNC5qc29uKSBb5aSHUVEt6Ieq5L+dXQ==?=
[2026-05-25 13:15:47]  发现表格，共 4 行数据
[2026-05-25 13:15:47]  动态索引映射: ['股票代码', '股票名称', '信号', '当前价格', '量比', '来源过滤']
[2026-05-25 13:15:47]  [行1] 解析成功: SZSE.301419 [瑞可达] BUY @ 46.02 (VR:1.34)
[2026-05-25 13:15:47]  [行2] 解析成功: SZSE.301071 [力量钻石] BUY @ 70.87 (VR:1.87)
[2026-05-25 13:15:47]  [行3] 解析成功: SZSE.301419 [瑞可达] BUY @ 46.22 (VR:0.02)
[2026-05-25 13:15:47]  [行4] 解析成功: SZSE.301071 [力量钻石] BUY @ 71.49 (VR:4.54)
[2026-05-25 13:15:47] 成功保存 4 条因子至: signal_batch_20260525_131547_529996.txt
[2026-05-25 13:15:47]  QQ-备用 邮件 1038 处理完成
[2026-05-25 13:15:47]  QQ-备用 本轮共成功处理 1 封有效信号邮件
[2026-05-25 13:16:22]  正在连接 QQ-主 邮箱服务器 (497720537@qq.com) ...
[2026-05-25 13:16:23]  正在连接 QQ-备用 邮箱服务器 (shouqianbadavid@qq.com) ...
[2026-05-25 13:16:58]  正在连接 QQ-主 邮箱服务器 (497720537@qq.com) ...
[2026-05-25 13:16:59]  正在连接 QQ-备用 邮箱服务器 (shouqianbadavid@qq.com) ...
[2026-05-25 13:17:35]  正在连接 QQ-主 邮箱服务器 (497720537@qq.com) ...
[2026-05-25 13:17:35]  正在连接 QQ-备用 邮箱服务器 (shouqianbadavid@qq.com) ...
[2026-05-25 13:18:11]  正在连接 QQ-主 邮箱服务器 (497720537@qq.com) ...
[2026-05-25 13:18:12]  正在连接 QQ-备用 邮箱服务器 (shouqianbadavid@qq.com) ...
[2026-05-25 13:18:48]  正在连接 QQ-主 邮箱服务器 (497720537@qq.com) ...
[2026-05-25 13:18:48]  正在连接 QQ-备用 邮箱服务器 (shouqianbadavid@qq.com) ...
[2026-05-25 13:19:24]  正在连接 QQ-主 邮箱服务器 (497720537@qq.com) ...
[2026-05-25 13:19:25]  正在连接 QQ-备用 邮箱服务器 (shouqianbadavid@qq.com) ...
[2026-05-25 13:20:00]  正在连接 QQ-主 邮箱服务器 (497720537@qq.com) ...
[2026-05-25 13:20:01]  正在连接 QQ-备用 邮箱服务器 (shouqianbadavid@qq.com) ...
[2026-05-25 13:20:37]  正在连接 QQ-主 邮箱服务器 (497720537@qq.com) ...
[2026-05-25 13:20:37]  正在连接 QQ-备用 邮箱服务器 (shouqianbadavid@qq.com) ...
[2026-05-25 13:21:13]  正在连接 QQ-主 邮箱服务器 (497720537@qq.com) ...
[2026-05-25 13:21:13]  正在连接 QQ-备用 邮箱服务器 (shouqianbadavid@qq.com) ...
[2026-05-25 13:21:49]  正在连接 QQ-主 邮箱服务器 (497720537@qq.com) ...
[2026-05-25 13:21:50]  正在连接 QQ-备用 邮箱服务器 (shouqianbadavid@qq.com) ...
[2026-05-25 13:22:25]  正在连接 QQ-主 邮箱服务器 (497720537@qq.com) ...
[2026-05-25 13:22:26]  正在连接 QQ-备用 邮箱服务器 (shouqianbadavid@qq.com) ...
[2026-05-25 13:23:01]  正在连接 QQ-主 邮箱服务器 (497720537@qq.com) ...
[2026-05-25 13:23:02]  正在连接 QQ-备用 邮箱服务器 (shouqianbadavid@qq.com) ...
[2026-05-25 13:23:38]  正在连接 QQ-主 邮箱服务器 (497720537@qq.com) ...
[2026-05-25 13:23:38]  正在连接 QQ-备用 邮箱服务器 (shouqianbadavid@qq.com) ...
[2026-05-25 13:24:14]  正在连接 QQ-主 邮箱服务器 (497720537@qq.com) ...
[2026-05-25 13:24:15]  正在连接 QQ-备用 邮箱服务器 (shouqianbadavid@qq.com) ...
[2026-05-25 13:24:50]  正在连接 QQ-主 邮箱服务器 (497720537@qq.com) ...
[2026-05-25 13:24:51]  正在连接 QQ-备用 邮箱服务器 (shouqianbadavid@qq.com) ...
[2026-05-25 13:25:27]  正在连接 QQ-主 邮箱服务器 (497720537@qq.com) ...
[2026-05-25 13:25:28]  正在连接 QQ-备用 邮箱服务器 (shouqianbadavid@qq.com) ...
[2026-05-25 13:26:03]  正在连接 QQ-主 邮箱服务器 (497720537@qq.com) ...
[2026-05-25 13:26:04]  正在连接 QQ-备用 邮箱服务器 (shouqianbadavid@qq.com) ...
[2026-05-25 13:26:39]  正在连接 QQ-主 邮箱服务器 (497720537@qq.com) ...
[2026-05-25 13:26:40]  正在连接 QQ-备用 邮箱服务器 (shouqianbadavid@qq.com) ...
[2026-05-25 13:27:16]  正在连接 QQ-主 邮箱服务器 (497720537@qq.com) ...
[2026-05-25 13:27:16]  正在连接 QQ-备用 邮箱服务器 (shouqianbadavid@qq.com) ...
[2026-05-25 13:27:52]  正在连接 QQ-主 邮箱服务器 (497720537@qq.com) ...
[2026-05-25 13:27:53]  正在连接 QQ-备用 邮箱服务器 (shouqianbadavid@qq.com) ...
[2026-05-25 13:27:54]  QQ-备用 正在解析因子: =?utf-8?b?QWxwaGFQaWxvdCDlpIfku73kv6Hlj7cgKGFscGhhX3NpZ25hbF90aHJfMjAyNjA1MjVfMTMyNy5qc29uKSBb5aSHUVEt6Ieq5L+dXQ==?=
[2026-05-25 13:27:54]  发现表格，共 8 行数据
[2026-05-25 13:27:54]  动态索引映射: ['股票代码', '股票名称', '信号', '当前价格', '量比', '来源过滤']
[2026-05-25 13:27:54]  [行1] 解析成功: SZSE.300672 [国科微] BUY @ 333.31 (VR:1.68)
[2026-05-25 13:27:54]  [行2] 解析成功: SZSE.001309 [德利明] SELL @ 691.11 (VR:0.16)
[2026-05-25 13:27:54]  [行3] 解析成功: SZSE.300054 [鼎龙股份] BUY @ 77.49 (VR:0.55)
[2026-05-25 13:27:54]  [行4] 解析成功: SZSE.300054 [鼎龙股份] BUY @ 77.2 (VR:0.48)
[2026-05-25 13:27:54]  [行5] 解析成功: SZSE.300672 [国科微] BUY @ 333.72 (VR:0.71)
[2026-05-25 13:27:54]  [行6] 解析成功: SZSE.001309 [德利明] SELL @ 689.0 (VR:0.09)
[2026-05-25 13:27:54]  [行7] 解析成功: SZSE.300054 [鼎龙股份] BUY @ 76.75 (VR:0.62)
[2026-05-25 13:27:54]  [行8] 解析成功: SZSE.300054 [鼎龙股份] BUY @ 76.76 (VR:2.68)
[2026-05-25 13:27:54] 成功保存 8 条因子至: signal_batch_20260525_132754_036743.txt
[2026-05-25 13:27:54]  QQ-备用 邮件 1039 处理完成
[2026-05-25 13:27:54]  QQ-备用 本轮共成功处理 1 封有效信号邮件
[2026-05-25 13:28:29]  正在连接 QQ-主 邮箱服务器 (497720537@qq.com) ...
[2026-05-25 13:28:30]  正在连接 QQ-备用 邮箱服务器 (shouqianbadavid@qq.com) ...
[2026-05-25 13:29:05]  正在连接 QQ-主 邮箱服务器 (497720537@qq.com) ...
[2026-05-25 13:29:06]  正在连接 QQ-备用 邮箱服务器 (shouqianbadavid@qq.com) ...
[2026-05-25 13:29:41]  正在连接 QQ-主 邮箱服务器 (497720537@qq.com) ...
[2026-05-25 13:29:42]  正在连接 QQ-备用 邮箱服务器 (shouqianbadavid@qq.com) ...
[2026-05-25 13:30:18]  正在连接 QQ-主 邮箱服务器 (497720537@qq.com) ...
[2026-05-25 13:30:19]  正在连接 QQ-备用 邮箱服务器 (shouqianbadavid@qq.com) ...
[2026-05-25 13:30:54]  正在连接 QQ-主 邮箱服务器 (497720537@qq.com) ...
[2026-05-25 13:30:55]  正在连接 QQ-备用 邮箱服务器 (shouqianbadavid@qq.com) ...
[2026-05-25 13:31:31]  正在连接 QQ-主 邮箱服务器 (497720537@qq.com) ...
[2026-05-25 13:31:31]  正在连接 QQ-备用 邮箱服务器 (shouqianbadavid@qq.com) ...
[2026-05-25 13:32:07]  正在连接 QQ-主 邮箱服务器 (497720537@qq.com) ...
[2026-05-25 13:32:08]  正在连接 QQ-备用 邮箱服务器 (shouqianbadavid@qq.com) ...
[2026-05-25 13:32:44]  正在连接 QQ-主 邮箱服务器 (497720537@qq.com) ...
[2026-05-25 13:32:44]  正在连接 QQ-备用 邮箱服务器 (shouqianbadavid@qq.com) ...
[2026-05-25 13:33:20]  正在连接 QQ-主 邮箱服务器 (497720537@qq.com) ...
[2026-05-25 13:33:21]  正在连接 QQ-备用 邮箱服务器 (shouqianbadavid@qq.com) ...
[2026-05-25 13:33:56]  正在连接 QQ-主 邮箱服务器 (497720537@qq.com) ...
[2026-05-25 13:33:57]  正在连接 QQ-备用 邮箱服务器 (shouqianbadavid@qq.com) ...
[2026-05-25 13:34:33]  正在连接 QQ-主 邮箱服务器 (497720537@qq.com) ...
[2026-05-25 13:34:34]  正在连接 QQ-备用 邮箱服务器 (shouqianbadavid@qq.com) ...
[2026-05-25 13:35:09]  正在连接 QQ-主 邮箱服务器 (497720537@qq.com) ...
[2026-05-25 13:35:10]  正在连接 QQ-备用 邮箱服务器 (shouqianbadavid@qq.com) ...
[2026-05-25 13:35:45]  正在连接 QQ-主 邮箱服务器 (497720537@qq.com) ...
[2026-05-25 13:35:46]  正在连接 QQ-备用 邮箱服务器 (shouqianbadavid@qq.com) ...
[2026-05-25 13:36:22]  正在连接 QQ-主 邮箱服务器 (497720537@qq.com) ...
[2026-05-25 13:36:22]  正在连接 QQ-备用 邮箱服务器 (shouqianbadavid@qq.com) ...
[2026-05-25 13:36:58]  正在连接 QQ-主 邮箱服务器 (497720537@qq.com) ...
[2026-05-25 13:36:59]  正在连接 QQ-备用 邮箱服务器 (shouqianbadavid@qq.com) ...
[2026-05-25 13:37:34]  正在连接 QQ-主 邮箱服务器 (497720537@qq.com) ...
[2026-05-25 13:37:35]  正在连接 QQ-备用 邮箱服务器 (shouqianbadavid@qq.com) ...
[2026-05-25 13:38:11]  正在连接 QQ-主 邮箱服务器 (497720537@qq.com) ...
[2026-05-25 13:38:12]  正在连接 QQ-备用 邮箱服务器 (shouqianbadavid@qq.com) ...
[2026-05-25 13:38:48]  正在连接 QQ-主 邮箱服务器 (497720537@qq.com) ...
[2026-05-25 13:38:49]  正在连接 QQ-备用 邮箱服务器 (shouqianbadavid@qq.com) ...
[2026-05-25 13:39:24]  正在连接 QQ-主 邮箱服务器 (497720537@qq.com) ...
[2026-05-25 13:39:25]  正在连接 QQ-备用 邮箱服务器 (shouqianbadavid@qq.com) ...
[2026-05-25 13:40:01]  正在连接 QQ-主 邮箱服务器 (497720537@qq.com) ...
[2026-05-25 13:40:01]  正在连接 QQ-备用 邮箱服务器 (shouqianbadavid@qq.com) ...
[2026-05-25 13:40:37]  正在连接 QQ-主 邮箱服务器 (497720537@qq.com) ...
[2026-05-25 13:40:37]  正在连接 QQ-备用 邮箱服务器 (shouqianbadavid@qq.com) ...
[2026-05-25 13:41:13]  正在连接 QQ-主 邮箱服务器 (497720537@qq.com) ...
[2026-05-25 13:41:14]  正在连接 QQ-备用 邮箱服务器 (shouqianbadavid@qq.com) ...
[2026-05-25 13:41:49]  正在连接 QQ-主 邮箱服务器 (497720537@qq.com) ...
[2026-05-25 13:41:50]  正在连接 QQ-备用 邮箱服务器 (shouqianbadavid@qq.com) ...
[2026-05-25 13:42:26]  正在连接 QQ-主 邮箱服务器 (497720537@qq.com) ...
[2026-05-25 13:42:26]  正在连接 QQ-备用 邮箱服务器 (shouqianbadavid@qq.com) ...
[2026-05-25 13:43:02]  正在连接 QQ-主 邮箱服务器 (497720537@qq.com) ...
[2026-05-25 13:43:03]  正在连接 QQ-备用 邮箱服务器 (shouqianbadavid@qq.com) ...
[2026-05-25 13:43:38]  正在连接 QQ-主 邮箱服务器 (497720537@qq.com) ...
[2026-05-25 13:43:39]  正在连接 QQ-备用 邮箱服务器 (shouqianbadavid@qq.com) ...
[2026-05-25 13:44:14]  正在连接 QQ-主 邮箱服务器 (497720537@qq.com) ...
[2026-05-25 13:44:15]  正在连接 QQ-备用 邮箱服务器 (shouqianbadavid@qq.com) ...
[2026-05-25 13:44:51]  正在连接 QQ-主 邮箱服务器 (497720537@qq.com) ...
[2026-05-25 13:44:51]  正在连接 QQ-备用 邮箱服务器 (shouqianbadavid@qq.com) ...
[2026-05-25 13:45:27]  正在连接 QQ-主 邮箱服务器 (497720537@qq.com) ...
[2026-05-25 13:45:28]  正在连接 QQ-备用 邮箱服务器 (shouqianbadavid@qq.com) ...
[2026-05-25 13:46:03]  正在连接 QQ-主 邮箱服务器 (497720537@qq.com) ...
[2026-05-25 13:46:04]  正在连接 QQ-备用 邮箱服务器 (shouqianbadavid@qq.com) ...
[2026-05-25 13:46:39]  正在连接 QQ-主 邮箱服务器 (497720537@qq.com) ...
[2026-05-25 13:46:40]  正在连接 QQ-备用 邮箱服务器 (shouqianbadavid@qq.com) ...
[2026-05-25 13:47:16]  正在连接 QQ-主 邮箱服务器 (497720537@qq.com) ...
[2026-05-25 13:47:16]  QQ-主 正在解析因子: =?utf-8?b?QWxwaGFQaWxvdCDlrp7ml7bkv6Hlj7cgKGFscGhhX3NpZ25hbF90aHJfMjAyNjA1MjVfMTM0Ny5qc29uKSBb5Li7UVEt5a+55aSWXQ==?=
[2026-05-25 13:47:16]  发现表格，共 12 行数据
[2026-05-25 13:47:16]  动态索引映射: ['股票代码', '股票名称', '信号', '当前价格', '量比', '来源过滤']
[2026-05-25 13:47:16]  [行1] 解析成功: SZSE.300308 [中际旭创] BUY @ 1061.2 (VR:0.85)
[2026-05-25 13:47:16]  [行2] 解析成功: SZSE.300433 [蓝思科技] BUY @ 39.73 (VR:0.25)
[2026-05-25 13:47:16]  [行3] 解析成功: SZSE.300054 [鼎龙股份] SELL @ 76.55 (VR:1.3)
[2026-05-25 13:47:16]  [行4] 解析成功: SZSE.002364 [中恒电器] BUY @ 55.85 (VR:1.6)
[2026-05-25 13:47:16]  [行5] 解析成功: SZSE.300352 [北信源] BUY @ 3.33 (VR:0.57)
[2026-05-25 13:47:16]  [行6] 解析成功: SZSE.000338 [潍柴动力] BUY @ 34.7 (VR:0.07)
[2026-05-25 13:47:16]  [行7] 解析成功: SHSE.688392 [娇成超声] SELL @ 163.48 (VR:0.12)
[2026-05-25 13:47:16]  [行8] 解析成功: SZSE.300308 [中际旭创] BUY @ 1067.22 (VR:0.24)
[2026-05-25 13:47:16]  [行9] 解析成功: SZSE.300054 [鼎龙股份] SELL @ 75.75 (VR:1.04)
[2026-05-25 13:47:16]  [行10] 解析成功: SZSE.002364 [中恒电器] BUY @ 55.88 (VR:0.32)
[2026-05-25 13:47:16]  [行11] 解析成功: SZSE.300352 [北信源] BUY @ 3.34 (VR:0.02)
[2026-05-25 13:47:16]  [行12] 解析成功: SZSE.000338 [潍柴动力] BUY @ 34.81 (VR:0.27)
[2026-05-25 13:47:16] 成功保存 12 条因子至: signal_batch_20260525_134716_657752.txt
[2026-05-25 13:47:16]  QQ-主 邮件 3179 处理完成
[2026-05-25 13:47:16]  QQ-主 本轮共成功处理 1 封有效信号邮件
[2026-05-25 13:47:17]  正在连接 QQ-备用 邮箱服务器 (shouqianbadavid@qq.com) ...
[2026-05-25 13:47:17]  QQ-备用 正在解析因子: =?utf-8?b?QWxwaGFQaWxvdCDlpIfku73kv6Hlj7cgKGFscGhhX3NpZ25hbF90aHJfMjAyNjA1MjVfMTM0Ny5qc29uKSBb5aSHUVEt6Ieq5L+dXQ==?=
[2026-05-25 13:47:17]  发现表格，共 12 行数据
[2026-05-25 13:47:17]  动态索引映射: ['股票代码', '股票名称', '信号', '当前价格', '量比', '来源过滤']
[2026-05-25 13:47:17]  [行1] 解析成功: SZSE.300308 [中际旭创] BUY @ 1061.2 (VR:0.85)
[2026-05-25 13:47:17]  [行2] 解析成功: SZSE.300433 [蓝思科技] BUY @ 39.73 (VR:0.25)
[2026-05-25 13:47:17]  [行3] 解析成功: SZSE.300054 [鼎龙股份] SELL @ 76.55 (VR:1.3)
[2026-05-25 13:47:17]  [行4] 解析成功: SZSE.002364 [中恒电器] BUY @ 55.85 (VR:1.6)
[2026-05-25 13:47:17]  [行5] 解析成功: SZSE.300352 [北信源] BUY @ 3.33 (VR:0.57)
[2026-05-25 13:47:17]  [行6] 解析成功: SZSE.000338 [潍柴动力] BUY @ 34.7 (VR:0.07)
[2026-05-25 13:47:17]  [行7] 解析成功: SHSE.688392 [娇成超声] SELL @ 163.48 (VR:0.12)
[2026-05-25 13:47:17]  [行8] 解析成功: SZSE.300308 [中际旭创] BUY @ 1067.22 (VR:0.24)
[2026-05-25 13:47:17]  [行9] 解析成功: SZSE.300054 [鼎龙股份] SELL @ 75.75 (VR:1.04)
[2026-05-25 13:47:17]  [行10] 解析成功: SZSE.002364 [中恒电器] BUY @ 55.88 (VR:0.32)
[2026-05-25 13:47:17]  [行11] 解析成功: SZSE.300352 [北信源] BUY @ 3.34 (VR:0.02)
[2026-05-25 13:47:17]  [行12] 解析成功: SZSE.000338 [潍柴动力] BUY @ 34.81 (VR:0.27)
[2026-05-25 13:47:17] 成功保存 12 条因子至: signal_batch_20260525_134717_953819.txt
[2026-05-25 13:47:18]  QQ-备用 邮件 1040 处理完成
[2026-05-25 13:47:18]  QQ-备用 本轮共成功处理 1 封有效信号邮件
[2026-05-25 13:47:53]  正在连接 QQ-主 邮箱服务器 (497720537@qq.com) ...
[2026-05-25 13:47:53]  正在连接 QQ-备用 邮箱服务器 (shouqianbadavid@qq.com) ...
[2026-05-25 13:48:29]  正在连接 QQ-主 邮箱服务器 (497720537@qq.com) ...
[2026-05-25 13:48:29]  正在连接 QQ-备用 邮箱服务器 (shouqianbadavid@qq.com) ...
[2026-05-25 13:49:05]  正在连接 QQ-主 邮箱服务器 (497720537@qq.com) ...
[2026-05-25 13:49:06]  正在连接 QQ-备用 邮箱服务器 (shouqianbadavid@qq.com) ...
[2026-05-25 13:49:42]  正在连接 QQ-主 邮箱服务器 (497720537@qq.com) ...
[2026-05-25 13:49:42]  正在连接 QQ-备用 邮箱服务器 (shouqianbadavid@qq.com) ...
[2026-05-25 13:50:18]  正在连接 QQ-主 邮箱服务器 (497720537@qq.com) ...
[2026-05-25 13:50:19]  正在连接 QQ-备用 邮箱服务器 (shouqianbadavid@qq.com) ...
[2026-05-25 13:50:54]  正在连接 QQ-主 邮箱服务器 (497720537@qq.com) ...
[2026-05-25 13:50:55]  正在连接 QQ-备用 邮箱服务器 (shouqianbadavid@qq.com) ...
[2026-05-25 13:51:30]  正在连接 QQ-主 邮箱服务器 (497720537@qq.com) ...
[2026-05-25 13:51:31]  正在连接 QQ-备用 邮箱服务器 (shouqianbadavid@qq.com) ...
[2026-05-25 13:52:07]  正在连接 QQ-主 邮箱服务器 (497720537@qq.com) ...
[2026-05-25 13:52:07]  正在连接 QQ-备用 邮箱服务器 (shouqianbadavid@qq.com) ...
[2026-05-25 13:52:43]  正在连接 QQ-主 邮箱服务器 (497720537@qq.com) ...
[2026-05-25 13:52:43]  正在连接 QQ-备用 邮箱服务器 (shouqianbadavid@qq.com) ...
[2026-05-25 13:53:19]  正在连接 QQ-主 邮箱服务器 (497720537@qq.com) ...
[2026-05-25 13:53:20]  正在连接 QQ-备用 邮箱服务器 (shouqianbadavid@qq.com) ...
[2026-05-25 13:53:55]  正在连接 QQ-主 邮箱服务器 (497720537@qq.com) ...
[2026-05-25 13:53:56]  正在连接 QQ-备用 邮箱服务器 (shouqianbadavid@qq.com) ...
[2026-05-25 13:54:31]  正在连接 QQ-主 邮箱服务器 (497720537@qq.com) ...
[2026-05-25 13:54:32]  正在连接 QQ-备用 邮箱服务器 (shouqianbadavid@qq.com) ...
[2026-05-25 13:55:08]  正在连接 QQ-主 邮箱服务器 (497720537@qq.com) ...
[2026-05-25 13:55:08]  正在连接 QQ-备用 邮箱服务器 (shouqianbadavid@qq.com) ...
[2026-05-25 13:55:44]  正在连接 QQ-主 邮箱服务器 (497720537@qq.com) ...
[2026-05-25 13:55:44]  正在连接 QQ-备用 邮箱服务器 (shouqianbadavid@qq.com) ...
[2026-05-25 13:56:20]  正在连接 QQ-主 邮箱服务器 (497720537@qq.com) ...
[2026-05-25 13:56:20]  正在连接 QQ-备用 邮箱服务器 (shouqianbadavid@qq.com) ...
[2026-05-25 13:56:56]  正在连接 QQ-主 邮箱服务器 (497720537@qq.com) ...
[2026-05-25 13:56:56]  正在连接 QQ-备用 邮箱服务器 (shouqianbadavid@qq.com) ...
[2026-05-25 13:57:32]  正在连接 QQ-主 邮箱服务器 (497720537@qq.com) ...
[2026-05-25 13:57:33]  正在连接 QQ-备用 邮箱服务器 (shouqianbadavid@qq.com) ...
[2026-05-25 13:58:09]  正在连接 QQ-主 邮箱服务器 (497720537@qq.com) ...
[2026-05-25 13:58:09]  正在连接 QQ-备用 邮箱服务器 (shouqianbadavid@qq.com) ...
[2026-05-25 13:58:45]  正在连接 QQ-主 邮箱服务器 (497720537@qq.com) ...
[2026-05-25 13:58:46]  正在连接 QQ-备用 邮箱服务器 (shouqianbadavid@qq.com) ...
[2026-05-25 13:59:21]  正在连接 QQ-主 邮箱服务器 (497720537@qq.com) ...
[2026-05-25 13:59:22]  正在连接 QQ-备用 邮箱服务器 (shouqianbadavid@qq.com) ...
[2026-05-25 13:59:57]  正在连接 QQ-主 邮箱服务器 (497720537@qq.com) ...
[2026-05-25 13:59:58]  正在连接 QQ-备用 邮箱服务器 (shouqianbadavid@qq.com) ...
[2026-05-25 14:00:33]  正在连接 QQ-主 邮箱服务器 (497720537@qq.com) ...
[2026-05-25 14:00:34]  正在连接 QQ-备用 邮箱服务器 (shouqianbadavid@qq.com) ...
[2026-05-25 14:01:09]  正在连接 QQ-主 邮箱服务器 (497720537@qq.com) ...
[2026-05-25 14:01:10]  正在连接 QQ-备用 邮箱服务器 (shouqianbadavid@qq.com) ...
[2026-05-25 14:01:46]  正在连接 QQ-主 邮箱服务器 (497720537@qq.com) ...
[2026-05-25 14:01:46]  正在连接 QQ-备用 邮箱服务器 (shouqianbadavid@qq.com) ...
[2026-05-25 14:02:22]  正在连接 QQ-主 邮箱服务器 (497720537@qq.com) ...
[2026-05-25 14:02:23]  正在连接 QQ-备用 邮箱服务器 (shouqianbadavid@qq.com) ...
[2026-05-25 14:02:59]  正在连接 QQ-主 邮箱服务器 (497720537@qq.com) ...
[2026-05-25 14:02:59]  正在连接 QQ-备用 邮箱服务器 (shouqianbadavid@qq.com) ...
[2026-05-25 14:03:35]  正在连接 QQ-主 邮箱服务器 (497720537@qq.com) ...
[2026-05-25 14:03:35]  正在连接 QQ-备用 邮箱服务器 (shouqianbadavid@qq.com) ...
[2026-05-25 14:04:11]  正在连接 QQ-主 邮箱服务器 (497720537@qq.com) ...
[2026-05-25 14:04:12]  正在连接 QQ-备用 邮箱服务器 (shouqianbadavid@qq.com) ...
[2026-05-25 14:04:47]  正在连接 QQ-主 邮箱服务器 (497720537@qq.com) ...
[2026-05-25 14:04:48]  正在连接 QQ-备用 邮箱服务器 (shouqianbadavid@qq.com) ...
[2026-05-25 14:05:24]  正在连接 QQ-主 邮箱服务器 (497720537@qq.com) ...
[2026-05-25 14:05:24]  正在连接 QQ-备用 邮箱服务器 (shouqianbadavid@qq.com) ...
[2026-05-25 14:06:00]  正在连接 QQ-主 邮箱服务器 (497720537@qq.com) ...
[2026-05-25 14:06:00]  正在连接 QQ-备用 邮箱服务器 (shouqianbadavid@qq.com) ...
[2026-05-25 14:06:36]  正在连接 QQ-主 邮箱服务器 (497720537@qq.com) ...
[2026-05-25 14:06:37]  正在连接 QQ-备用 邮箱服务器 (shouqianbadavid@qq.com) ...
[2026-05-25 14:07:13]  正在连接 QQ-主 邮箱服务器 (497720537@qq.com) ...
[2026-05-25 14:07:13]  正在连接 QQ-备用 邮箱服务器 (shouqianbadavid@qq.com) ...
[2026-05-25 14:07:49]  正在连接 QQ-主 邮箱服务器 (497720537@qq.com) ...
[2026-05-25 14:07:49]  正在连接 QQ-备用 邮箱服务器 (shouqianbadavid@qq.com) ...
[2026-05-25 14:08:25]  正在连接 QQ-主 邮箱服务器 (497720537@qq.com) ...
[2026-05-25 14:08:25]  正在连接 QQ-备用 邮箱服务器 (shouqianbadavid@qq.com) ...
[2026-05-25 14:09:01]  正在连接 QQ-主 邮箱服务器 (497720537@qq.com) ...
[2026-05-25 14:09:01]  QQ-主 正在解析因子: =?utf-8?b?QWxwaGFQaWxvdCDlrp7ml7bkv6Hlj7cgKGFscGhhX3NpZ25hbF90aHJfMjAyNjA1MjVfMTQwOC5qc29uKSBb5Li7UVEt5a+55aSWXQ==?=
[2026-05-25 14:09:01]  发现表格，共 11 行数据
[2026-05-25 14:09:01]  动态索引映射: ['股票代码', '股票名称', '信号', '当前价格', '量比', '来源过滤']
[2026-05-25 14:09:01]  [行1] 解析成功: SZSE.300259 [新天科技] SELL @ 6.77 (VR:0.05)
[2026-05-25 14:09:01]  [行2] 解析成功: SZSE.301120 [新特电器] BUY @ 23.16 (VR:0.1)
[2026-05-25 14:09:01]  [行3] 解析成功: SZSE.301329 [信音电子] BUY @ 26.43 (VR:0.09)
[2026-05-25 14:09:01]  [行4] 解析成功: SZSE.301226 [祥明智能] BUY @ 40.14 (VR:0.46)
[2026-05-25 14:09:01]  [行5] 解析成功: SZSE.300345 [华民股份] BUY @ 6.2 (VR:0.23)
[2026-05-25 14:09:01]  [行6] 解析成功: SHSE.601669 [中国电建] SELL @ 5.52 (VR:0.04)
[2026-05-25 14:09:01]  [行7] 解析成功: SZSE.300259 [新天科技] SELL @ 6.69 (VR:0.88)
[2026-05-25 14:09:01]  [行8] 解析成功: SZSE.301120 [新特电器] BUY @ 23.18 (VR:0.25)
[2026-05-25 14:09:01]  [行9] 解析成功: SZSE.301329 [信音电子] BUY @ 26.47 (VR:1.26)
[2026-05-25 14:09:01]  [行10] 解析成功: SZSE.301667 [纳百川] BUY @ 102.84 (VR:0.25)
[2026-05-25 14:09:01]  [行11] 解析成功: SZSE.300345 [华民股份] BUY @ 6.22 (VR:0.11)
[2026-05-25 14:09:01] 成功保存 11 条因子至: signal_batch_20260525_140901_943900.txt
[2026-05-25 14:09:02]  QQ-主 邮件 3180 处理完成
[2026-05-25 14:09:02]  QQ-主 本轮共成功处理 1 封有效信号邮件
[2026-05-25 14:09:02]  正在连接 QQ-备用 邮箱服务器 (shouqianbadavid@qq.com) ...
[2026-05-25 14:09:03]  QQ-备用 正在解析因子: =?utf-8?b?QWxwaGFQaWxvdCDlpIfku73kv6Hlj7cgKGFscGhhX3NpZ25hbF90aHJfMjAyNjA1MjVfMTQwOC5qc29uKSBb5aSHUVEt6Ieq5L+dXQ==?=
[2026-05-25 14:09:03]  发现表格，共 11 行数据
[2026-05-25 14:09:03]  动态索引映射: ['股票代码', '股票名称', '信号', '当前价格', '量比', '来源过滤']
[2026-05-25 14:09:03]  [行1] 解析成功: SZSE.300259 [新天科技] SELL @ 6.77 (VR:0.05)
[2026-05-25 14:09:03]  [行2] 解析成功: SZSE.301120 [新特电器] BUY @ 23.16 (VR:0.1)
[2026-05-25 14:09:03]  [行3] 解析成功: SZSE.301329 [信音电子] BUY @ 26.43 (VR:0.09)
[2026-05-25 14:09:03]  [行4] 解析成功: SZSE.301226 [祥明智能] BUY @ 40.14 (VR:0.46)
[2026-05-25 14:09:03]  [行5] 解析成功: SZSE.300345 [华民股份] BUY @ 6.2 (VR:0.23)
[2026-05-25 14:09:03]  [行6] 解析成功: SHSE.601669 [中国电建] SELL @ 5.52 (VR:0.04)
[2026-05-25 14:09:03]  [行7] 解析成功: SZSE.300259 [新天科技] SELL @ 6.69 (VR:0.88)
[2026-05-25 14:09:03]  [行8] 解析成功: SZSE.301120 [新特电器] BUY @ 23.18 (VR:0.25)
[2026-05-25 14:09:03]  [行9] 解析成功: SZSE.301329 [信音电子] BUY @ 26.47 (VR:1.26)
[2026-05-25 14:09:03]  [行10] 解析成功: SZSE.301667 [纳百川] BUY @ 102.84 (VR:0.25)
[2026-05-25 14:09:03]  [行11] 解析成功: SZSE.300345 [华民股份] BUY @ 6.22 (VR:0.11)
[2026-05-25 14:09:03] 成功保存 11 条因子至: signal_batch_20260525_140903_045204.txt
[2026-05-25 14:09:03]  QQ-备用 邮件 1041 处理完成
[2026-05-25 14:09:03]  QQ-备用 本轮共成功处理 1 封有效信号邮件
[2026-05-25 14:09:38]  正在连接 QQ-主 邮箱服务器 (497720537@qq.com) ...
[2026-05-25 14:09:38]  正在连接 QQ-备用 邮箱服务器 (shouqianbadavid@qq.com) ...
[2026-05-25 14:10:14]  正在连接 QQ-主 邮箱服务器 (497720537@qq.com) ...
[2026-05-25 14:10:14]  正在连接 QQ-备用 邮箱服务器 (shouqianbadavid@qq.com) ...
[2026-05-25 14:10:50]  正在连接 QQ-主 邮箱服务器 (497720537@qq.com) ...
[2026-05-25 14:10:51]  正在连接 QQ-备用 邮箱服务器 (shouqianbadavid@qq.com) ...
[2026-05-25 14:11:27]  正在连接 QQ-主 邮箱服务器 (497720537@qq.com) ...
[2026-05-25 14:11:28]  正在连接 QQ-备用 邮箱服务器 (shouqianbadavid@qq.com) ...
[2026-05-25 14:12:03]  正在连接 QQ-主 邮箱服务器 (497720537@qq.com) ...
[2026-05-25 14:12:04]  正在连接 QQ-备用 邮箱服务器 (shouqianbadavid@qq.com) ...
[2026-05-25 14:12:40]  正在连接 QQ-主 邮箱服务器 (497720537@qq.com) ...
[2026-05-25 14:12:40]  正在连接 QQ-备用 邮箱服务器 (shouqianbadavid@qq.com) ...
[2026-05-25 14:13:16]  正在连接 QQ-主 邮箱服务器 (497720537@qq.com) ...
[2026-05-25 14:13:17]  正在连接 QQ-备用 邮箱服务器 (shouqianbadavid@qq.com) ...
[2026-05-25 14:13:53]  正在连接 QQ-主 邮箱服务器 (497720537@qq.com) ...
[2026-05-25 14:13:53]  正在连接 QQ-备用 邮箱服务器 (shouqianbadavid@qq.com) ...
[2026-05-25 14:14:29]  正在连接 QQ-主 邮箱服务器 (497720537@qq.com) ...
[2026-05-25 14:14:30]  正在连接 QQ-备用 邮箱服务器 (shouqianbadavid@qq.com) ...
[2026-05-25 14:15:05]  正在连接 QQ-主 邮箱服务器 (497720537@qq.com) ...
[2026-05-25 14:15:06]  正在连接 QQ-备用 邮箱服务器 (shouqianbadavid@qq.com) ...
[2026-05-25 14:15:42]  正在连接 QQ-主 邮箱服务器 (497720537@qq.com) ...
[2026-05-25 14:15:42]  正在连接 QQ-备用 邮箱服务器 (shouqianbadavid@qq.com) ...
[2026-05-25 14:16:18]  正在连接 QQ-主 邮箱服务器 (497720537@qq.com) ...
[2026-05-25 14:16:19]  正在连接 QQ-备用 邮箱服务器 (shouqianbadavid@qq.com) ...
[2026-05-25 14:16:54]  正在连接 QQ-主 邮箱服务器 (497720537@qq.com) ...
[2026-05-25 14:16:54]  正在连接 QQ-备用 邮箱服务器 (shouqianbadavid@qq.com) ...
[2026-05-25 14:17:30]  正在连接 QQ-主 邮箱服务器 (497720537@qq.com) ...
[2026-05-25 14:17:31]  正在连接 QQ-备用 邮箱服务器 (shouqianbadavid@qq.com) ...
[2026-05-25 14:18:07]  正在连接 QQ-主 邮箱服务器 (497720537@qq.com) ...
[2026-05-25 14:18:07]  正在连接 QQ-备用 邮箱服务器 (shouqianbadavid@qq.com) ...
[2026-05-25 14:18:43]  正在连接 QQ-主 邮箱服务器 (497720537@qq.com) ...
[2026-05-25 14:18:43]  正在连接 QQ-备用 邮箱服务器 (shouqianbadavid@qq.com) ...
[2026-05-25 14:19:19]  正在连接 QQ-主 邮箱服务器 (497720537@qq.com) ...
[2026-05-25 14:19:19]  正在连接 QQ-备用 邮箱服务器 (shouqianbadavid@qq.com) ...
[2026-05-25 14:19:55]  正在连接 QQ-主 邮箱服务器 (497720537@qq.com) ...
[2026-05-25 14:19:55]  正在连接 QQ-备用 邮箱服务器 (shouqianbadavid@qq.com) ...
[2026-05-25 14:20:31]  正在连接 QQ-主 邮箱服务器 (497720537@qq.com) ...
[2026-05-25 14:20:32]  正在连接 QQ-备用 邮箱服务器 (shouqianbadavid@qq.com) ...
[2026-05-25 14:21:08]  正在连接 QQ-主 邮箱服务器 (497720537@qq.com) ...
[2026-05-25 14:21:08]  正在连接 QQ-备用 邮箱服务器 (shouqianbadavid@qq.com) ...
[2026-05-25 14:21:44]  正在连接 QQ-主 邮箱服务器 (497720537@qq.com) ...
[2026-05-25 14:21:45]  正在连接 QQ-备用 邮箱服务器 (shouqianbadavid@qq.com) ...
[2026-05-25 14:22:21]  正在连接 QQ-主 邮箱服务器 (497720537@qq.com) ...
[2026-05-25 14:22:21]  正在连接 QQ-备用 邮箱服务器 (shouqianbadavid@qq.com) ...
[2026-05-25 14:22:57]  正在连接 QQ-主 邮箱服务器 (497720537@qq.com) ...
[2026-05-25 14:22:57]  正在连接 QQ-备用 邮箱服务器 (shouqianbadavid@qq.com) ...
[2026-05-25 14:23:33]  正在连接 QQ-主 邮箱服务器 (497720537@qq.com) ...
[2026-05-25 14:23:34]  正在连接 QQ-备用 邮箱服务器 (shouqianbadavid@qq.com) ...
[2026-05-25 14:24:09]  正在连接 QQ-主 邮箱服务器 (497720537@qq.com) ...
[2026-05-25 14:24:10]  正在连接 QQ-备用 邮箱服务器 (shouqianbadavid@qq.com) ...
[2026-05-25 14:24:46]  正在连接 QQ-主 邮箱服务器 (497720537@qq.com) ...
[2026-05-25 14:24:46]  正在连接 QQ-备用 邮箱服务器 (shouqianbadavid@qq.com) ...
[2026-05-25 14:25:22]  正在连接 QQ-主 邮箱服务器 (497720537@qq.com) ...
[2026-05-25 14:25:23]  正在连接 QQ-备用 邮箱服务器 (shouqianbadavid@qq.com) ...
[2026-05-25 14:25:58]  正在连接 QQ-主 邮箱服务器 (497720537@qq.com) ...
[2026-05-25 14:25:59]  正在连接 QQ-备用 邮箱服务器 (shouqianbadavid@qq.com) ...
[2026-05-25 14:26:34]  正在连接 QQ-主 邮箱服务器 (497720537@qq.com) ...
[2026-05-25 14:26:35]  正在连接 QQ-备用 邮箱服务器 (shouqianbadavid@qq.com) ...
[2026-05-25 14:27:10]  正在连接 QQ-主 邮箱服务器 (497720537@qq.com) ...
[2026-05-25 14:27:11]  正在连接 QQ-备用 邮箱服务器 (shouqianbadavid@qq.com) ...
[2026-05-25 14:27:47]  正在连接 QQ-主 邮箱服务器 (497720537@qq.com) ...
[2026-05-25 14:27:47]  正在连接 QQ-备用 邮箱服务器 (shouqianbadavid@qq.com) ...
[2026-05-25 14:28:23]  正在连接 QQ-主 邮箱服务器 (497720537@qq.com) ...
[2026-05-25 14:28:24]  正在连接 QQ-备用 邮箱服务器 (shouqianbadavid@qq.com) ...
[2026-05-25 14:28:59]  正在连接 QQ-主 邮箱服务器 (497720537@qq.com) ...
[2026-05-25 14:29:00]  正在连接 QQ-备用 邮箱服务器 (shouqianbadavid@qq.com) ...
[2026-05-25 14:29:35]  正在连接 QQ-主 邮箱服务器 (497720537@qq.com) ...
[2026-05-25 14:29:36]  正在连接 QQ-备用 邮箱服务器 (shouqianbadavid@qq.com) ...
[2026-05-25 14:29:37]  QQ-备用 正在解析因子: =?utf-8?b?QWxwaGFQaWxvdCDlpIfku73kv6Hlj7cgKGFscGhhX3NpZ25hbF90aHJfMjAyNjA1MjVfMTQyOS5qc29uKSBb5aSHUVEt6Ieq5L+dXQ==?=
[2026-05-25 14:29:37]  发现表格，共 8 行数据
[2026-05-25 14:29:37]  动态索引映射: ['股票代码', '股票名称', '信号', '当前价格', '量比', '来源过滤']
[2026-05-25 14:29:37]  [行1] 解析成功: SZSE.301658 [首航新能] SELL @ 38.96 (VR:0.02)
[2026-05-25 14:29:37]  [行2] 解析成功: SZSE.300811 [铂力特] SELL @ 130.05 (VR:1.74)
[2026-05-25 14:29:37]  [行3] 解析成功: SZSE.001258 [立新能源] SELL @ 10.23 (VR:0.6)
[2026-05-25 14:29:37]  [行4] 解析成功: SZSE.300142 [沃森生物] BUY @ 14.21 (VR:1.53)
[2026-05-25 14:29:37]  [行5] 解析成功: SZSE.301658 [首航新能] SELL @ 38.89 (VR:0.56)
[2026-05-25 14:29:37]  [行6] 解析成功: SZSE.300811 [铂力特] SELL @ 129.1 (VR:0.43)
[2026-05-25 14:29:37]  [行7] 解析成功: SZSE.300720 [海川智能] BUY @ 70.19 (VR:1.02)
[2026-05-25 14:29:37]  [行8] 解析成功: SZSE.001258 [立新能源] SELL @ 10.21 (VR:0.11)
[2026-05-25 14:29:37] 成功保存 8 条因子至: signal_batch_20260525_142937_459508.txt
[2026-05-25 14:29:37]  QQ-备用 邮件 1042 处理完成
[2026-05-25 14:29:37]  QQ-备用 本轮共成功处理 1 封有效信号邮件
[2026-05-25 14:30:12]  正在连接 QQ-主 邮箱服务器 (497720537@qq.com) ...
[2026-05-25 14:30:14]  正在连接 QQ-备用 邮箱服务器 (shouqianbadavid@qq.com) ...
[2026-05-25 14:30:49]  正在连接 QQ-主 邮箱服务器 (497720537@qq.com) ...
[2026-05-25 14:30:50]  正在连接 QQ-备用 邮箱服务器 (shouqianbadavid@qq.com) ...
[2026-05-25 14:31:26]  正在连接 QQ-主 邮箱服务器 (497720537@qq.com) ...
[2026-05-25 14:31:27]  正在连接 QQ-备用 邮箱服务器 (shouqianbadavid@qq.com) ...
[2026-05-25 14:32:03]  正在连接 QQ-主 邮箱服务器 (497720537@qq.com) ...
[2026-05-25 14:32:03]  正在连接 QQ-备用 邮箱服务器 (shouqianbadavid@qq.com) ...
[2026-05-25 14:32:39]  正在连接 QQ-主 邮箱服务器 (497720537@qq.com) ...
[2026-05-25 14:32:39]  正在连接 QQ-备用 邮箱服务器 (shouqianbadavid@qq.com) ...
[2026-05-25 14:33:15]  正在连接 QQ-主 邮箱服务器 (497720537@qq.com) ...
[2026-05-25 14:33:16]  正在连接 QQ-备用 邮箱服务器 (shouqianbadavid@qq.com) ...
[2026-05-25 14:33:51]  正在连接 QQ-主 邮箱服务器 (497720537@qq.com) ...
[2026-05-25 14:33:52]  正在连接 QQ-备用 邮箱服务器 (shouqianbadavid@qq.com) ...
[2026-05-25 14:34:27]  正在连接 QQ-主 邮箱服务器 (497720537@qq.com) ...
[2026-05-25 14:34:28]  正在连接 QQ-备用 邮箱服务器 (shouqianbadavid@qq.com) ...
[2026-05-25 14:35:04]  正在连接 QQ-主 邮箱服务器 (497720537@qq.com) ...
[2026-05-25 14:35:04]  正在连接 QQ-备用 邮箱服务器 (shouqianbadavid@qq.com) ...
[2026-05-25 14:35:40]  正在连接 QQ-主 邮箱服务器 (497720537@qq.com) ...
[2026-05-25 14:35:40]  正在连接 QQ-备用 邮箱服务器 (shouqianbadavid@qq.com) ...
[2026-05-25 14:36:16]  正在连接 QQ-主 邮箱服务器 (497720537@qq.com) ...
[2026-05-25 14:36:16]  正在连接 QQ-备用 邮箱服务器 (shouqianbadavid@qq.com) ...
[2026-05-25 14:36:52]  正在连接 QQ-主 邮箱服务器 (497720537@qq.com) ...
[2026-05-25 14:36:53]  正在连接 QQ-备用 邮箱服务器 (shouqianbadavid@qq.com) ...
[2026-05-25 14:37:28]  正在连接 QQ-主 邮箱服务器 (497720537@qq.com) ...
[2026-05-25 14:37:29]  正在连接 QQ-备用 邮箱服务器 (shouqianbadavid@qq.com) ...
[2026-05-25 14:38:04]  正在连接 QQ-主 邮箱服务器 (497720537@qq.com) ...
[2026-05-25 14:38:05]  正在连接 QQ-备用 邮箱服务器 (shouqianbadavid@qq.com) ...
[2026-05-25 14:38:41]  正在连接 QQ-主 邮箱服务器 (497720537@qq.com) ...
[2026-05-25 14:38:41]  正在连接 QQ-备用 邮箱服务器 (shouqianbadavid@qq.com) ...
[2026-05-25 14:39:17]  正在连接 QQ-主 邮箱服务器 (497720537@qq.com) ...
[2026-05-25 14:39:18]  正在连接 QQ-备用 邮箱服务器 (shouqianbadavid@qq.com) ...
[2026-05-25 14:39:53]  正在连接 QQ-主 邮箱服务器 (497720537@qq.com) ...
[2026-05-25 14:39:53]  正在连接 QQ-备用 邮箱服务器 (shouqianbadavid@qq.com) ...
[2026-05-25 14:40:29]  正在连接 QQ-主 邮箱服务器 (497720537@qq.com) ...
[2026-05-25 14:40:30]  正在连接 QQ-备用 邮箱服务器 (shouqianbadavid@qq.com) ...
[2026-05-25 14:41:06]  正在连接 QQ-主 邮箱服务器 (497720537@qq.com) ...
[2026-05-25 14:41:06]  正在连接 QQ-备用 邮箱服务器 (shouqianbadavid@qq.com) ...
[2026-05-25 14:41:42]  正在连接 QQ-主 邮箱服务器 (497720537@qq.com) ...
[2026-05-25 14:41:42]  正在连接 QQ-备用 邮箱服务器 (shouqianbadavid@qq.com) ...
[2026-05-25 14:42:18]  正在连接 QQ-主 邮箱服务器 (497720537@qq.com) ...
[2026-05-25 14:42:19]  正在连接 QQ-备用 邮箱服务器 (shouqianbadavid@qq.com) ...
[2026-05-25 14:42:54]  正在连接 QQ-主 邮箱服务器 (497720537@qq.com) ...
[2026-05-25 14:42:55]  正在连接 QQ-备用 邮箱服务器 (shouqianbadavid@qq.com) ...
[2026-05-25 14:43:30]  正在连接 QQ-主 邮箱服务器 (497720537@qq.com) ...
[2026-05-25 14:43:31]  正在连接 QQ-备用 邮箱服务器 (shouqianbadavid@qq.com) ...
[2026-05-25 14:44:07]  正在连接 QQ-主 邮箱服务器 (497720537@qq.com) ...
[2026-05-25 14:44:08]  QQ-主 正在解析因子: =?utf-8?b?QWxwaGFQaWxvdCDlrp7ml7bkv6Hlj7cgKGFscGhhX3NpZ25hbF90aHJfMjAyNjA1MjVfMTQ0My5qc29uKSBb5Li7UVEt5a+55aSWXQ==?=
[2026-05-25 14:44:08]  发现表格，共 10 行数据
[2026-05-25 14:44:08]  动态索引映射: ['股票代码', '股票名称', '信号', '当前价格', '量比', '来源过滤']
[2026-05-25 14:44:08]  [行1] 解析成功: SHSE.600989 [宝丰能源] BUY @ 24.75 (VR:0.56)
[2026-05-25 14:44:08]  [行2] 解析成功: SHSE.688689 [银河微电] BUY @ 43.82 (VR:0.22)
[2026-05-25 14:44:08]  [行3] 解析成功: SZSE.300037 [新宙邦] BUY @ 68.24 (VR:0.19)
[2026-05-25 14:44:08]  [行4] 解析成功: SZSE.301071 [力量钻石] BUY @ 73.99 (VR:0.32)
[2026-05-25 14:44:08]  [行5] 解析成功: SZSE.300449 [汉邦高科] SELL @ 8.48 (VR:1.41)
[2026-05-25 14:44:08]  [行6] 解析成功: SHSE.600989 [宝丰能源] BUY @ 24.8 (VR:0.79)
[2026-05-25 14:44:08]  [行7] 解析成功: SHSE.688689 [银河微电] BUY @ 43.88 (VR:0.05)
[2026-05-25 14:44:08]  [行8] 解析成功: SZSE.300037 [新宙邦] BUY @ 68.3 (VR:0.68)
[2026-05-25 14:44:08]  [行9] 解析成功: SZSE.301071 [力量钻石] BUY @ 74.01 (VR:0.55)
[2026-05-25 14:44:08]  [行10] 解析成功: SZSE.300449 [汉邦高科] SELL @ 8.47 (VR:0.33)
[2026-05-25 14:44:08] 成功保存 10 条因子至: signal_batch_20260525_144408_270614.txt
[2026-05-25 14:44:08]  QQ-主 邮件 3182 处理完成
[2026-05-25 14:44:08]  QQ-主 本轮共成功处理 1 封有效信号邮件
[2026-05-25 14:44:08]  正在连接 QQ-备用 邮箱服务器 (shouqianbadavid@qq.com) ...
[2026-05-25 14:44:09]  QQ-备用 正在解析因子: =?utf-8?b?QWxwaGFQaWxvdCDlpIfku73kv6Hlj7cgKGFscGhhX3NpZ25hbF90aHJfMjAyNjA1MjVfMTQ0My5qc29uKSBb5aSHUVEt6Ieq5L+dXQ==?=
[2026-05-25 14:44:09]  发现表格，共 10 行数据
[2026-05-25 14:44:09]  动态索引映射: ['股票代码', '股票名称', '信号', '当前价格', '量比', '来源过滤']
[2026-05-25 14:44:09]  [行1] 解析成功: SHSE.600989 [宝丰能源] BUY @ 24.75 (VR:0.56)
[2026-05-25 14:44:09]  [行2] 解析成功: SHSE.688689 [银河微电] BUY @ 43.82 (VR:0.22)
[2026-05-25 14:44:09]  [行3] 解析成功: SZSE.300037 [新宙邦] BUY @ 68.24 (VR:0.19)
[2026-05-25 14:44:09]  [行4] 解析成功: SZSE.301071 [力量钻石] BUY @ 73.99 (VR:0.32)
[2026-05-25 14:44:09]  [行5] 解析成功: SZSE.300449 [汉邦高科] SELL @ 8.48 (VR:1.41)
[2026-05-25 14:44:09]  [行6] 解析成功: SHSE.600989 [宝丰能源] BUY @ 24.8 (VR:0.79)
[2026-05-25 14:44:09]  [行7] 解析成功: SHSE.688689 [银河微电] BUY @ 43.88 (VR:0.05)
[2026-05-25 14:44:09]  [行8] 解析成功: SZSE.300037 [新宙邦] BUY @ 68.3 (VR:0.68)
[2026-05-25 14:44:09]  [行9] 解析成功: SZSE.301071 [力量钻石] BUY @ 74.01 (VR:0.55)
[2026-05-25 14:44:09]  [行10] 解析成功: SZSE.300449 [汉邦高科] SELL @ 8.47 (VR:0.33)
[2026-05-25 14:44:09] 成功保存 10 条因子至: signal_batch_20260525_144409_760811.txt
[2026-05-25 14:44:10]  QQ-备用 邮件 1043 处理完成
[2026-05-25 14:44:10]  QQ-备用 本轮共成功处理 1 封有效信号邮件
[2026-05-25 14:44:45]  正在连接 QQ-主 邮箱服务器 (497720537@qq.com) ...
[2026-05-25 14:44:46]  正在连接 QQ-备用 邮箱服务器 (shouqianbadavid@qq.com) ...
[2026-05-25 14:45:22]  正在连接 QQ-主 邮箱服务器 (497720537@qq.com) ...
[2026-05-25 14:45:22]  正在连接 QQ-备用 邮箱服务器 (shouqianbadavid@qq.com) ...
[2026-05-25 14:45:58]  正在连接 QQ-主 邮箱服务器 (497720537@qq.com) ...
[2026-05-25 14:45:59]  正在连接 QQ-备用 邮箱服务器 (shouqianbadavid@qq.com) ...
[2026-05-25 14:46:34]  正在连接 QQ-主 邮箱服务器 (497720537@qq.com) ...
[2026-05-25 14:46:35]  正在连接 QQ-备用 邮箱服务器 (shouqianbadavid@qq.com) ...
[2026-05-25 14:47:11]  正在连接 QQ-主 邮箱服务器 (497720537@qq.com) ...
[2026-05-25 14:47:11]  正在连接 QQ-备用 邮箱服务器 (shouqianbadavid@qq.com) ...
[2026-05-25 14:47:47]  正在连接 QQ-主 邮箱服务器 (497720537@qq.com) ...
[2026-05-25 14:47:47]  正在连接 QQ-备用 邮箱服务器 (shouqianbadavid@qq.com) ...
[2026-05-25 14:48:23]  正在连接 QQ-主 邮箱服务器 (497720537@qq.com) ...
[2026-05-25 14:48:24]  正在连接 QQ-备用 邮箱服务器 (shouqianbadavid@qq.com) ...
[2026-05-25 14:48:59]  正在连接 QQ-主 邮箱服务器 (497720537@qq.com) ...
[2026-05-25 14:49:00]  正在连接 QQ-备用 邮箱服务器 (shouqianbadavid@qq.com) ...
[2026-05-25 14:49:35]  正在连接 QQ-主 邮箱服务器 (497720537@qq.com) ...
[2026-05-25 14:49:36]  正在连接 QQ-备用 邮箱服务器 (shouqianbadavid@qq.com) ...
[2026-05-25 14:50:12]  正在连接 QQ-主 邮箱服务器 (497720537@qq.com) ...
[2026-05-25 14:50:12]  正在连接 QQ-备用 邮箱服务器 (shouqianbadavid@qq.com) ...
[2026-05-25 14:50:48]  正在连接 QQ-主 邮箱服务器 (497720537@qq.com) ...
[2026-05-25 14:50:48]  正在连接 QQ-备用 邮箱服务器 (shouqianbadavid@qq.com) ...
[2026-05-25 14:51:24]  正在连接 QQ-主 邮箱服务器 (497720537@qq.com) ...
[2026-05-25 14:51:24]  正在连接 QQ-备用 邮箱服务器 (shouqianbadavid@qq.com) ...
[2026-05-25 14:52:00]  正在连接 QQ-主 邮箱服务器 (497720537@qq.com) ...
[2026-05-25 14:52:00]  正在连接 QQ-备用 邮箱服务器 (shouqianbadavid@qq.com) ...
[2026-05-25 14:52:36]  正在连接 QQ-主 邮箱服务器 (497720537@qq.com) ...
[2026-05-25 14:52:36]  正在连接 QQ-备用 邮箱服务器 (shouqianbadavid@qq.com) ...
[2026-05-25 14:53:12]  正在连接 QQ-主 邮箱服务器 (497720537@qq.com) ...
[2026-05-25 14:53:13]  正在连接 QQ-备用 邮箱服务器 (shouqianbadavid@qq.com) ...
[2026-05-25 14:53:48]  正在连接 QQ-主 邮箱服务器 (497720537@qq.com) ...
[2026-05-25 14:53:49]  正在连接 QQ-备用 邮箱服务器 (shouqianbadavid@qq.com) ...
[2026-05-25 14:54:24]  正在连接 QQ-主 邮箱服务器 (497720537@qq.com) ...
[2026-05-25 14:54:25]  正在连接 QQ-备用 邮箱服务器 (shouqianbadavid@qq.com) ...
[2026-05-25 14:55:00]  正在连接 QQ-主 邮箱服务器 (497720537@qq.com) ...
[2026-05-25 14:55:01]  正在连接 QQ-备用 邮箱服务器 (shouqianbadavid@qq.com) ...
[2026-05-25 14:55:36]  正在连接 QQ-主 邮箱服务器 (497720537@qq.com) ...
[2026-05-25 14:55:37]  正在连接 QQ-备用 邮箱服务器 (shouqianbadavid@qq.com) ...
[2026-05-25 14:56:12]  正在连接 QQ-主 邮箱服务器 (497720537@qq.com) ...
[2026-05-25 14:56:13]  正在连接 QQ-备用 邮箱服务器 (shouqianbadavid@qq.com) ...
[2026-05-25 14:56:14]  QQ-备用 正在解析因子: =?utf-8?b?QWxwaGFQaWxvdCDlpIfku73kv6Hlj7cgKGFscGhhX3NpZ25hbF90aHJfMjAyNjA1MjVfMTQ1NS5qc29uKSBb5aSHUVEt6Ieq5L+dXQ==?=
[2026-05-25 14:56:14]  发现表格，共 8 行数据
[2026-05-25 14:56:14]  动态索引映射: ['股票代码', '股票名称', '信号', '当前价格', '量比', '来源过滤']
[2026-05-25 14:56:14]  [行1] 解析成功: SZSE.301220 [亚香股份] BUY @ 39.37 (VR:0.08)
[2026-05-25 14:56:14]  [行2] 解析成功: SZSE.300782 [卓胜微] BUY @ 122.8 (VR:0.29)
[2026-05-25 14:56:14]  [行3] 解析成功: SZSE.001309 [德利明] SELL @ 694.99 (VR:0.42)
[2026-05-25 14:56:14]  [行4] 解析成功: SZSE.300666 [江丰电子] BUY @ 207.33 (VR:0.01)
[2026-05-25 14:56:14]  [行5] 解析成功: SZSE.301220 [亚香股份] BUY @ 39.41 (VR:0.73)
[2026-05-25 14:56:14]  [行6] 解析成功: SZSE.300782 [卓胜微] BUY @ 123.0 (VR:0.37)
[2026-05-25 14:56:14]  [行7] 解析成功: SZSE.001309 [德利明] SELL @ 694.5 (VR:0.67)
[2026-05-25 14:56:14]  [行8] 解析成功: SZSE.300666 [江丰电子] BUY @ 207.94 (VR:0.63)
[2026-05-25 14:56:14] 成功保存 8 条因子至: signal_batch_20260525_145614_192258.txt
[2026-05-25 14:56:14]  QQ-备用 邮件 1044 处理完成
[2026-05-25 14:56:14]  QQ-备用 本轮共成功处理 1 封有效信号邮件
[2026-05-25 14:56:49]  正在连接 QQ-主 邮箱服务器 (497720537@qq.com) ...
[2026-05-25 14:56:50]  正在连接 QQ-备用 邮箱服务器 (shouqianbadavid@qq.com) ...
[2026-05-25 14:57:26]  正在连接 QQ-主 邮箱服务器 (497720537@qq.com) ...
[2026-05-25 14:57:26]  正在连接 QQ-备用 邮箱服务器 (shouqianbadavid@qq.com) ...
[2026-05-25 14:58:02]  正在连接 QQ-主 邮箱服务器 (497720537@qq.com) ...
[2026-05-25 14:58:03]  正在连接 QQ-备用 邮箱服务器 (shouqianbadavid@qq.com) ...
[2026-05-25 14:58:38]  正在连接 QQ-主 邮箱服务器 (497720537@qq.com) ...
[2026-05-25 14:58:39]  正在连接 QQ-备用 邮箱服务器 (shouqianbadavid@qq.com) ...
[2026-05-25 14:59:14]  正在连接 QQ-主 邮箱服务器 (497720537@qq.com) ...
[2026-05-25 14:59:15]  正在连接 QQ-备用 邮箱服务器 (shouqianbadavid@qq.com) ...
[2026-05-25 14:59:51]  正在连接 QQ-主 邮箱服务器 (497720537@qq.com) ...
[2026-05-25 14:59:51]  正在连接 QQ-备用 邮箱服务器 (shouqianbadavid@qq.com) ...
[2026-05-25 15:00:27]  正在连接 QQ-主 邮箱服务器 (497720537@qq.com) ...
[2026-05-25 15:00:27]  正在连接 QQ-备用 邮箱服务器 (shouqianbadavid@qq.com) ...
[2026-05-25 15:01:03]  正在连接 QQ-主 邮箱服务器 (497720537@qq.com) ...
[2026-05-25 15:01:03]  正在连接 QQ-备用 邮箱服务器 (shouqianbadavid@qq.com) ...
[2026-05-25 15:01:39]  正在连接 QQ-主 邮箱服务器 (497720537@qq.com) ...
[2026-05-25 15:01:40]  正在连接 QQ-备用 邮箱服务器 (shouqianbadavid@qq.com) ...
[2026-05-25 15:02:15]  正在连接 QQ-主 邮箱服务器 (497720537@qq.com) ...
[2026-05-25 15:02:16]  正在连接 QQ-备用 邮箱服务器 (shouqianbadavid@qq.com) ...
[2026-05-25 15:02:51]  正在连接 QQ-主 邮箱服务器 (497720537@qq.com) ...
[2026-05-25 15:02:52]  正在连接 QQ-备用 邮箱服务器 (shouqianbadavid@qq.com) ...
[2026-05-25 15:03:28]  正在连接 QQ-主 邮箱服务器 (497720537@qq.com) ...
[2026-05-25 15:03:28]  正在连接 QQ-备用 邮箱服务器 (shouqianbadavid@qq.com) ...
[2026-05-25 15:04:04]  正在连接 QQ-主 邮箱服务器 (497720537@qq.com) ...
[2026-05-25 15:04:05]  正在连接 QQ-备用 邮箱服务器 (shouqianbadavid@qq.com) ...
[2026-05-25 15:04:40]  正在连接 QQ-主 邮箱服务器 (497720537@qq.com) ...
[2026-05-25 15:04:41]  正在连接 QQ-备用 邮箱服务器 (shouqianbadavid@qq.com) ...
[2026-05-25 15:05:16]  正在连接 QQ-主 邮箱服务器 (497720537@qq.com) ...
[2026-05-25 15:05:17]  正在连接 QQ-备用 邮箱服务器 (shouqianbadavid@qq.com) ...
[2026-05-25 15:05:52]  正在连接 QQ-主 邮箱服务器 (497720537@qq.com) ...
[2026-05-25 15:05:53]  正在连接 QQ-备用 邮箱服务器 (shouqianbadavid@qq.com) ...
[2026-05-25 15:06:28]  正在连接 QQ-主 邮箱服务器 (497720537@qq.com) ...
[2026-05-25 15:06:29]  正在连接 QQ-备用 邮箱服务器 (shouqianbadavid@qq.com) ...
[2026-05-25 15:07:04]  正在连接 QQ-主 邮箱服务器 (497720537@qq.com) ...
[2026-05-25 15:07:05]  正在连接 QQ-备用 邮箱服务器 (shouqianbadavid@qq.com) ...
[2026-05-25 15:07:40]  正在连接 QQ-主 邮箱服务器 (497720537@qq.com) ...
[2026-05-25 15:07:41]  正在连接 QQ-备用 邮箱服务器 (shouqianbadavid@qq.com) ...
[2026-05-25 15:08:16]  正在连接 QQ-主 邮箱服务器 (497720537@qq.com) ...
[2026-05-25 15:08:17]  QQ-主 正在解析因子: =?utf-8?b?QWxwaGFQaWxvdCDlrp7ml7bkv6Hlj7cgKGFscGhhX3NpZ25hbF90aHJfMjAyNjA1MjVfMTUwNy5qc29uKSBb5Li7UVEt5a+55aSWXQ==?=
[2026-05-25 15:08:17]  发现表格，共 2 行数据
[2026-05-25 15:08:17]  动态索引映射: ['股票代码', '股票名称', '信号', '当前价格', '量比', '来源过滤']
[2026-05-25 15:08:17]  [行1] 解析成功: SZSE.300433 [蓝思科技] SELL @ 39.54 (VR:0.41)
[2026-05-25 15:08:17]  [行2] 解析成功: SZSE.300433 [蓝思科技] SELL @ 39.52 (VR:nan)
[2026-05-25 15:08:17] 成功保存 2 条因子至: signal_batch_20260525_150817_308011.txt
[2026-05-25 15:08:17]  QQ-主 邮件 3184 处理完成
[2026-05-25 15:08:17]  QQ-主 本轮共成功处理 1 封有效信号邮件
[2026-05-25 15:08:17]  正在连接 QQ-备用 邮箱服务器 (shouqianbadavid@qq.com) ...
[2026-05-25 15:08:18]  QQ-备用 正在解析因子: =?utf-8?b?QWxwaGFQaWxvdCDlpIfku73kv6Hlj7cgKGFscGhhX3NpZ25hbF90aHJfMjAyNjA1MjVfMTUwNy5qc29uKSBb5aSHUVEt6Ieq5L+dXQ==?=
[2026-05-25 15:08:18]  发现表格，共 2 行数据
[2026-05-25 15:08:18]  动态索引映射: ['股票代码', '股票名称', '信号', '当前价格', '量比', '来源过滤']
[2026-05-25 15:08:18]  [行1] 解析成功: SZSE.300433 [蓝思科技] SELL @ 39.54 (VR:0.41)
[2026-05-25 15:08:18]  [行2] 解析成功: SZSE.300433 [蓝思科技] SELL @ 39.52 (VR:nan)
[2026-05-25 15:08:18] 成功保存 2 条因子至: signal_batch_20260525_150818_121411.txt
[2026-05-25 15:08:18]  QQ-备用 邮件 1045 处理完成
[2026-05-25 15:08:18]  QQ-备用 本轮共成功处理 1 封有效信号邮件
[2026-05-25 15:08:53]  正在连接 QQ-主 邮箱服务器 (497720537@qq.com) ...
[2026-05-25 15:08:54]  正在连接 QQ-备用 邮箱服务器 (shouqianbadavid@qq.com) ...
[2026-05-25 15:09:30]  正在连接 QQ-主 邮箱服务器 (497720537@qq.com) ...
[2026-05-25 15:09:30]  正在连接 QQ-备用 邮箱服务器 (shouqianbadavid@qq.com) ...
[2026-05-25 15:10:06]  正在连接 QQ-主 邮箱服务器 (497720537@qq.com) ...
[2026-05-25 15:10:07]  正在连接 QQ-备用 邮箱服务器 (shouqianbadavid@qq.com) ...
[2026-05-25 15:10:42]  正在连接 QQ-主 邮箱服务器 (497720537@qq.com) ...
[2026-05-25 15:10:43]  正在连接 QQ-备用 邮箱服务器 (shouqianbadavid@qq.com) ...
[2026-05-25 15:11:18]  正在连接 QQ-主 邮箱服务器 (497720537@qq.com) ...
[2026-05-25 15:11:19]  正在连接 QQ-备用 邮箱服务器 (shouqianbadavid@qq.com) ...
[2026-05-25 15:11:54]  正在连接 QQ-主 邮箱服务器 (497720537@qq.com) ...
[2026-05-25 15:11:55]  正在连接 QQ-备用 邮箱服务器 (shouqianbadavid@qq.com) ...
[2026-05-25 15:12:31]  正在连接 QQ-主 邮箱服务器 (497720537@qq.com) ...
[2026-05-25 15:12:31]  正在连接 QQ-备用 邮箱服务器 (shouqianbadavid@qq.com) ...
