[2026-05-28 06:10:57]  AlphaPilot 监听服务 (Pro 多邮箱版) 启动...
[2026-05-28 06:10:57]  信号保存目录: D:\mpython\signals
[2026-05-28 06:10:57]  日志文件: D:\mpython\logs_receiver\receiver_20260528.log
[2026-05-28 06:10:57]  正在连接 QQ-主 邮箱服务器 (497720537@qq.com) ...
[2026-05-28 06:10:58]  正在连接 QQ-备用 邮箱服务器 (shouqianbadavid@qq.com) ...
[2026-05-28 06:11:34]  正在连接 QQ-主 邮箱服务器 (497720537@qq.com) ...
[2026-05-28 06:11:35]  正在连接 QQ-备用 邮箱服务器 (shouqianbadavid@qq.com) ...
[2026-05-28 06:12:11]  正在连接 QQ-主 邮箱服务器 (497720537@qq.com) ...
[2026-05-28 06:12:12]  正在连接 QQ-备用 邮箱服务器 (shouqianbadavid@qq.com) ...
[2026-05-28 06:12:47]  正在连接 QQ-主 邮箱服务器 (497720537@qq.com) ...
[2026-05-28 06:12:48]  正在连接 QQ-备用 邮箱服务器 (shouqianbadavid@qq.com) ...
[2026-05-28 06:13:24]  正在连接 QQ-主 邮箱服务器 (497720537@qq.com) ...
[2026-05-28 06:13:24]  正在连接 QQ-备用 邮箱服务器 (shouqianbadavid@qq.com) ...
[2026-05-28 06:14:00]  正在连接 QQ-主 邮箱服务器 (497720537@qq.com) ...
[2026-05-28 06:14:03]  正在连接 QQ-备用 邮箱服务器 (shouqianbadavid@qq.com) ...
[2026-05-28 06:14:39]  正在连接 QQ-主 邮箱服务器 (497720537@qq.com) ...
[2026-05-28 06:14:40]  正在连接 QQ-备用 邮箱服务器 (shouqianbadavid@qq.com) ...
[2026-05-28 06:15:16]  正在连接 QQ-主 邮箱服务器 (497720537@qq.com) ...
[2026-05-28 06:15:16]  正在连接 QQ-备用 邮箱服务器 (shouqianbadavid@qq.com) ...
[2026-05-28 06:15:52]  正在连接 QQ-主 邮箱服务器 (497720537@qq.com) ...
[2026-05-28 06:15:53]  正在连接 QQ-备用 邮箱服务器 (shouqianbadavid@qq.com) ...
[2026-05-28 06:16:29]  正在连接 QQ-主 邮箱服务器 (497720537@qq.com) ...
[2026-05-28 06:16:30]  正在连接 QQ-备用 邮箱服务器 (shouqianbadavid@qq.com) ...
[2026-05-28 06:17:05]  正在连接 QQ-主 邮箱服务器 (497720537@qq.com) ...
[2026-05-28 06:17:06]  正在连接 QQ-备用 邮箱服务器 (shouqianbadavid@qq.com) ...
[2026-05-28 06:17:42]  正在连接 QQ-主 邮箱服务器 (497720537@qq.com) ...
[2026-05-28 06:17:42]  正在连接 QQ-备用 邮箱服务器 (shouqianbadavid@qq.com) ...
[2026-05-28 06:18:18]  正在连接 QQ-主 邮箱服务器 (497720537@qq.com) ...
[2026-05-28 06:18:19]  正在连接 QQ-备用 邮箱服务器 (shouqianbadavid@qq.com) ...
[2026-05-28 06:18:55]  正在连接 QQ-主 邮箱服务器 (497720537@qq.com) ...
[2026-05-28 06:18:55]  正在连接 QQ-备用 邮箱服务器 (shouqianbadavid@qq.com) ...
[2026-05-28 06:19:31]  正在连接 QQ-主 邮箱服务器 (497720537@qq.com) ...
[2026-05-28 06:19:32]  正在连接 QQ-备用 邮箱服务器 (shouqianbadavid@qq.com) ...
[2026-05-28 06:20:08]  正在连接 QQ-主 邮箱服务器 (497720537@qq.com) ...
[2026-05-28 06:20:08]  正在连接 QQ-备用 邮箱服务器 (shouqianbadavid@qq.com) ...
[2026-05-28 06:20:44]  正在连接 QQ-主 邮箱服务器 (497720537@qq.com) ...
[2026-05-28 06:20:45]  正在连接 QQ-备用 邮箱服务器 (shouqianbadavid@qq.com) ...
[2026-05-28 06:21:21]  正在连接 QQ-主 邮箱服务器 (497720537@qq.com) ...
[2026-05-28 06:21:22]  正在连接 QQ-备用 邮箱服务器 (shouqianbadavid@qq.com) ...
[2026-05-28 06:21:58]  正在连接 QQ-主 邮箱服务器 (497720537@qq.com) ...
[2026-05-28 06:21:58]  正在连接 QQ-备用 邮箱服务器 (shouqianbadavid@qq.com) ...
[2026-05-28 06:22:34]  正在连接 QQ-主 邮箱服务器 (497720537@qq.com) ...
[2026-05-28 06:22:35]  正在连接 QQ-备用 邮箱服务器 (shouqianbadavid@qq.com) ...
[2026-05-28 06:23:10]  正在连接 QQ-主 邮箱服务器 (497720537@qq.com) ...
[2026-05-28 06:23:11]  正在连接 QQ-备用 邮箱服务器 (shouqianbadavid@qq.com) ...
[2026-05-28 06:23:46]  正在连接 QQ-主 邮箱服务器 (497720537@qq.com) ...
[2026-05-28 06:23:47]  正在连接 QQ-备用 邮箱服务器 (shouqianbadavid@qq.com) ...
[2026-05-28 06:24:23]  正在连接 QQ-主 邮箱服务器 (497720537@qq.com) ...
[2026-05-28 06:24:24]  正在连接 QQ-备用 邮箱服务器 (shouqianbadavid@qq.com) ...
[2026-05-28 06:25:00]  正在连接 QQ-主 邮箱服务器 (497720537@qq.com) ...
[2026-05-28 06:25:00]  正在连接 QQ-备用 邮箱服务器 (shouqianbadavid@qq.com) ...
[2026-05-28 06:25:36]  正在连接 QQ-主 邮箱服务器 (497720537@qq.com) ...
[2026-05-28 06:25:37]  正在连接 QQ-备用 邮箱服务器 (shouqianbadavid@qq.com) ...
[2026-05-28 06:26:12]  正在连接 QQ-主 邮箱服务器 (497720537@qq.com) ...
[2026-05-28 06:26:13]  正在连接 QQ-备用 邮箱服务器 (shouqianbadavid@qq.com) ...
[2026-05-28 06:26:49]  正在连接 QQ-主 邮箱服务器 (497720537@qq.com) ...
[2026-05-28 06:26:50]  正在连接 QQ-备用 邮箱服务器 (shouqianbadavid@qq.com) ...
[2026-05-28 06:27:26]  正在连接 QQ-主 邮箱服务器 (497720537@qq.com) ...
[2026-05-28 06:27:27]  正在连接 QQ-备用 邮箱服务器 (shouqianbadavid@qq.com) ...
[2026-05-28 06:28:03]  正在连接 QQ-主 邮箱服务器 (497720537@qq.com) ...
[2026-05-28 06:28:04]  正在连接 QQ-备用 邮箱服务器 (shouqianbadavid@qq.com) ...
[2026-05-28 06:28:39]  正在连接 QQ-主 邮箱服务器 (497720537@qq.com) ...
[2026-05-28 06:28:40]  正在连接 QQ-备用 邮箱服务器 (shouqianbadavid@qq.com) ...
[2026-05-28 06:29:16]  正在连接 QQ-主 邮箱服务器 (497720537@qq.com) ...
[2026-05-28 06:29:16]  正在连接 QQ-备用 邮箱服务器 (shouqianbadavid@qq.com) ...
[2026-05-28 06:29:52]  正在连接 QQ-主 邮箱服务器 (497720537@qq.com) ...
[2026-05-28 06:29:53]  正在连接 QQ-备用 邮箱服务器 (shouqianbadavid@qq.com) ...
[2026-05-28 06:30:29]  正在连接 QQ-主 邮箱服务器 (497720537@qq.com) ...
[2026-05-28 06:30:30]  正在连接 QQ-备用 邮箱服务器 (shouqianbadavid@qq.com) ...
[2026-05-28 06:31:05]  正在连接 QQ-主 邮箱服务器 (497720537@qq.com) ...
[2026-05-28 06:31:06]  正在连接 QQ-备用 邮箱服务器 (shouqianbadavid@qq.com) ...
[2026-05-28 06:31:42]  正在连接 QQ-主 邮箱服务器 (497720537@qq.com) ...
[2026-05-28 06:31:43]  正在连接 QQ-备用 邮箱服务器 (shouqianbadavid@qq.com) ...
[2026-05-28 06:32:19]  正在连接 QQ-主 邮箱服务器 (497720537@qq.com) ...
[2026-05-28 06:32:19]  正在连接 QQ-备用 邮箱服务器 (shouqianbadavid@qq.com) ...
[2026-05-28 06:32:55]  正在连接 QQ-主 邮箱服务器 (497720537@qq.com) ...
[2026-05-28 06:32:56]  正在连接 QQ-备用 邮箱服务器 (shouqianbadavid@qq.com) ...
[2026-05-28 06:33:32]  正在连接 QQ-主 邮箱服务器 (497720537@qq.com) ...
[2026-05-28 06:33:33]  正在连接 QQ-备用 邮箱服务器 (shouqianbadavid@qq.com) ...
[2026-05-28 06:34:08]  正在连接 QQ-主 邮箱服务器 (497720537@qq.com) ...
[2026-05-28 06:34:09]  正在连接 QQ-备用 邮箱服务器 (shouqianbadavid@qq.com) ...
[2026-05-28 06:34:45]  正在连接 QQ-主 邮箱服务器 (497720537@qq.com) ...
[2026-05-28 06:34:46]  正在连接 QQ-备用 邮箱服务器 (shouqianbadavid@qq.com) ...
[2026-05-28 06:35:21]  正在连接 QQ-主 邮箱服务器 (497720537@qq.com) ...
[2026-05-28 06:35:22]  正在连接 QQ-备用 邮箱服务器 (shouqianbadavid@qq.com) ...
[2026-05-28 06:35:58]  正在连接 QQ-主 邮箱服务器 (497720537@qq.com) ...
[2026-05-28 06:35:58]  正在连接 QQ-备用 邮箱服务器 (shouqianbadavid@qq.com) ...
[2026-05-28 06:36:34]  正在连接 QQ-主 邮箱服务器 (497720537@qq.com) ...
[2026-05-28 06:36:35]  正在连接 QQ-备用 邮箱服务器 (shouqianbadavid@qq.com) ...
[2026-05-28 06:37:11]  正在连接 QQ-主 邮箱服务器 (497720537@qq.com) ...
[2026-05-28 06:37:11]  正在连接 QQ-备用 邮箱服务器 (shouqianbadavid@qq.com) ...
[2026-05-28 06:37:47]  正在连接 QQ-主 邮箱服务器 (497720537@qq.com) ...
[2026-05-28 06:37:48]  正在连接 QQ-备用 邮箱服务器 (shouqianbadavid@qq.com) ...
[2026-05-28 06:38:24]  正在连接 QQ-主 邮箱服务器 (497720537@qq.com) ...
[2026-05-28 06:38:24]  正在连接 QQ-备用 邮箱服务器 (shouqianbadavid@qq.com) ...
[2026-05-28 06:39:00]  正在连接 QQ-主 邮箱服务器 (497720537@qq.com) ...
[2026-05-28 06:39:00]  正在连接 QQ-备用 邮箱服务器 (shouqianbadavid@qq.com) ...
[2026-05-28 06:39:36]  正在连接 QQ-主 邮箱服务器 (497720537@qq.com) ...
[2026-05-28 06:39:36]  正在连接 QQ-备用 邮箱服务器 (shouqianbadavid@qq.com) ...
[2026-05-28 06:40:12]  正在连接 QQ-主 邮箱服务器 (497720537@qq.com) ...
[2026-05-28 06:40:14]  正在连接 QQ-备用 邮箱服务器 (shouqianbadavid@qq.com) ...
[2026-05-28 06:40:50]  正在连接 QQ-主 邮箱服务器 (497720537@qq.com) ...
[2026-05-28 06:40:50]  正在连接 QQ-备用 邮箱服务器 (shouqianbadavid@qq.com) ...
[2026-05-28 06:41:26]  正在连接 QQ-主 邮箱服务器 (497720537@qq.com) ...
[2026-05-28 06:41:27]  正在连接 QQ-备用 邮箱服务器 (shouqianbadavid@qq.com) ...
[2026-05-28 06:42:03]  正在连接 QQ-主 邮箱服务器 (497720537@qq.com) ...
[2026-05-28 06:42:03]  正在连接 QQ-备用 邮箱服务器 (shouqianbadavid@qq.com) ...
[2026-05-28 06:42:39]  正在连接 QQ-主 邮箱服务器 (497720537@qq.com) ...
[2026-05-28 06:42:39]  正在连接 QQ-备用 邮箱服务器 (shouqianbadavid@qq.com) ...
[2026-05-28 06:43:15]  正在连接 QQ-主 邮箱服务器 (497720537@qq.com) ...
[2026-05-28 06:43:16]  正在连接 QQ-备用 邮箱服务器 (shouqianbadavid@qq.com) ...
[2026-05-28 06:43:52]  正在连接 QQ-主 邮箱服务器 (497720537@qq.com) ...
[2026-05-28 06:43:52]  正在连接 QQ-备用 邮箱服务器 (shouqianbadavid@qq.com) ...
[2026-05-28 06:44:28]  正在连接 QQ-主 邮箱服务器 (497720537@qq.com) ...
[2026-05-28 06:44:29]  正在连接 QQ-备用 邮箱服务器 (shouqianbadavid@qq.com) ...
[2026-05-28 06:45:04]  正在连接 QQ-主 邮箱服务器 (497720537@qq.com) ...
[2026-05-28 06:45:05]  正在连接 QQ-备用 邮箱服务器 (shouqianbadavid@qq.com) ...
[2026-05-28 06:45:41]  正在连接 QQ-主 邮箱服务器 (497720537@qq.com) ...
[2026-05-28 06:45:42]  正在连接 QQ-备用 邮箱服务器 (shouqianbadavid@qq.com) ...
[2026-05-28 06:46:17]  正在连接 QQ-主 邮箱服务器 (497720537@qq.com) ...
[2026-05-28 06:46:18]  正在连接 QQ-备用 邮箱服务器 (shouqianbadavid@qq.com) ...
[2026-05-28 06:46:54]  正在连接 QQ-主 邮箱服务器 (497720537@qq.com) ...
[2026-05-28 06:46:55]  正在连接 QQ-备用 邮箱服务器 (shouqianbadavid@qq.com) ...
[2026-05-28 06:47:31]  正在连接 QQ-主 邮箱服务器 (497720537@qq.com) ...
[2026-05-28 06:47:31]  正在连接 QQ-备用 邮箱服务器 (shouqianbadavid@qq.com) ...
[2026-05-28 06:48:07]  正在连接 QQ-主 邮箱服务器 (497720537@qq.com) ...
[2026-05-28 06:48:08]  正在连接 QQ-备用 邮箱服务器 (shouqianbadavid@qq.com) ...
[2026-05-28 06:48:44]  正在连接 QQ-主 邮箱服务器 (497720537@qq.com) ...
[2026-05-28 06:48:44]  正在连接 QQ-备用 邮箱服务器 (shouqianbadavid@qq.com) ...
[2026-05-28 06:49:20]  正在连接 QQ-主 邮箱服务器 (497720537@qq.com) ...
[2026-05-28 06:49:23]  正在连接 QQ-备用 邮箱服务器 (shouqianbadavid@qq.com) ...
[2026-05-28 06:49:59]  正在连接 QQ-主 邮箱服务器 (497720537@qq.com) ...
[2026-05-28 06:50:00]  正在连接 QQ-备用 邮箱服务器 (shouqianbadavid@qq.com) ...
[2026-05-28 06:50:35]  正在连接 QQ-主 邮箱服务器 (497720537@qq.com) ...
[2026-05-28 06:50:36]  正在连接 QQ-备用 邮箱服务器 (shouqianbadavid@qq.com) ...
[2026-05-28 06:51:12]  正在连接 QQ-主 邮箱服务器 (497720537@qq.com) ...
[2026-05-28 06:51:13]  正在连接 QQ-备用 邮箱服务器 (shouqianbadavid@qq.com) ...
[2026-05-28 06:51:49]  正在连接 QQ-主 邮箱服务器 (497720537@qq.com) ...
[2026-05-28 06:51:49]  正在连接 QQ-备用 邮箱服务器 (shouqianbadavid@qq.com) ...
[2026-05-28 06:52:25]  正在连接 QQ-主 邮箱服务器 (497720537@qq.com) ...
[2026-05-28 06:52:26]  正在连接 QQ-备用 邮箱服务器 (shouqianbadavid@qq.com) ...
[2026-05-28 06:53:02]  正在连接 QQ-主 邮箱服务器 (497720537@qq.com) ...
[2026-05-28 06:53:02]  正在连接 QQ-备用 邮箱服务器 (shouqianbadavid@qq.com) ...
[2026-05-28 06:53:38]  正在连接 QQ-主 邮箱服务器 (497720537@qq.com) ...
[2026-05-28 06:53:39]  正在连接 QQ-备用 邮箱服务器 (shouqianbadavid@qq.com) ...
[2026-05-28 06:54:15]  正在连接 QQ-主 邮箱服务器 (497720537@qq.com) ...
[2026-05-28 06:54:15]  正在连接 QQ-备用 邮箱服务器 (shouqianbadavid@qq.com) ...
[2026-05-28 06:54:51]  正在连接 QQ-主 邮箱服务器 (497720537@qq.com) ...
[2026-05-28 06:54:52]  正在连接 QQ-备用 邮箱服务器 (shouqianbadavid@qq.com) ...
[2026-05-28 06:55:27]  正在连接 QQ-主 邮箱服务器 (497720537@qq.com) ...
[2026-05-28 06:55:28]  正在连接 QQ-备用 邮箱服务器 (shouqianbadavid@qq.com) ...
[2026-05-28 06:56:03]  正在连接 QQ-主 邮箱服务器 (497720537@qq.com) ...
[2026-05-28 06:56:04]  正在连接 QQ-备用 邮箱服务器 (shouqianbadavid@qq.com) ...
[2026-05-28 06:56:40]  正在连接 QQ-主 邮箱服务器 (497720537@qq.com) ...
[2026-05-28 06:56:40]  正在连接 QQ-备用 邮箱服务器 (shouqianbadavid@qq.com) ...
[2026-05-28 06:57:16]  正在连接 QQ-主 邮箱服务器 (497720537@qq.com) ...
[2026-05-28 06:57:17]  正在连接 QQ-备用 邮箱服务器 (shouqianbadavid@qq.com) ...
[2026-05-28 06:57:52]  正在连接 QQ-主 邮箱服务器 (497720537@qq.com) ...
[2026-05-28 06:57:53]  正在连接 QQ-备用 邮箱服务器 (shouqianbadavid@qq.com) ...
[2026-05-28 06:58:29]  正在连接 QQ-主 邮箱服务器 (497720537@qq.com) ...
[2026-05-28 06:58:30]  正在连接 QQ-备用 邮箱服务器 (shouqianbadavid@qq.com) ...
[2026-05-28 06:59:06]  正在连接 QQ-主 邮箱服务器 (497720537@qq.com) ...
[2026-05-28 06:59:06]  正在连接 QQ-备用 邮箱服务器 (shouqianbadavid@qq.com) ...
[2026-05-28 06:59:42]  正在连接 QQ-主 邮箱服务器 (497720537@qq.com) ...
[2026-05-28 06:59:43]  正在连接 QQ-备用 邮箱服务器 (shouqianbadavid@qq.com) ...
[2026-05-28 07:00:19]  正在连接 QQ-主 邮箱服务器 (497720537@qq.com) ...
[2026-05-28 07:00:19]  正在连接 QQ-备用 邮箱服务器 (shouqianbadavid@qq.com) ...
[2026-05-28 07:00:55]  正在连接 QQ-主 邮箱服务器 (497720537@qq.com) ...
[2026-05-28 07:00:56]  正在连接 QQ-备用 邮箱服务器 (shouqianbadavid@qq.com) ...
[2026-05-28 07:01:32]  正在连接 QQ-主 邮箱服务器 (497720537@qq.com) ...
[2026-05-28 07:01:32]  正在连接 QQ-备用 邮箱服务器 (shouqianbadavid@qq.com) ...
[2026-05-28 07:02:08]  正在连接 QQ-主 邮箱服务器 (497720537@qq.com) ...
[2026-05-28 07:02:09]  正在连接 QQ-备用 邮箱服务器 (shouqianbadavid@qq.com) ...
[2026-05-28 07:02:44]  正在连接 QQ-主 邮箱服务器 (497720537@qq.com) ...
[2026-05-28 07:02:45]  正在连接 QQ-备用 邮箱服务器 (shouqianbadavid@qq.com) ...
[2026-05-28 07:03:21]  正在连接 QQ-主 邮箱服务器 (497720537@qq.com) ...
[2026-05-28 07:03:22]  正在连接 QQ-备用 邮箱服务器 (shouqianbadavid@qq.com) ...
[2026-05-28 07:03:58]  正在连接 QQ-主 邮箱服务器 (497720537@qq.com) ...
[2026-05-28 07:03:58]  正在连接 QQ-备用 邮箱服务器 (shouqianbadavid@qq.com) ...
[2026-05-28 07:04:34]  正在连接 QQ-主 邮箱服务器 (497720537@qq.com) ...
[2026-05-28 07:04:35]  正在连接 QQ-备用 邮箱服务器 (shouqianbadavid@qq.com) ...
[2026-05-28 07:05:11]  正在连接 QQ-主 邮箱服务器 (497720537@qq.com) ...
[2026-05-28 07:05:12]  正在连接 QQ-备用 邮箱服务器 (shouqianbadavid@qq.com) ...
[2026-05-28 07:05:48]  正在连接 QQ-主 邮箱服务器 (497720537@qq.com) ...
[2026-05-28 07:05:48]  正在连接 QQ-备用 邮箱服务器 (shouqianbadavid@qq.com) ...
[2026-05-28 07:06:24]  正在连接 QQ-主 邮箱服务器 (497720537@qq.com) ...
[2026-05-28 07:06:25]  正在连接 QQ-备用 邮箱服务器 (shouqianbadavid@qq.com) ...
[2026-05-28 07:07:00]  正在连接 QQ-主 邮箱服务器 (497720537@qq.com) ...
[2026-05-28 07:07:01]  正在连接 QQ-备用 邮箱服务器 (shouqianbadavid@qq.com) ...
[2026-05-28 07:07:37]  正在连接 QQ-主 邮箱服务器 (497720537@qq.com) ...
[2026-05-28 07:07:37]  正在连接 QQ-备用 邮箱服务器 (shouqianbadavid@qq.com) ...
[2026-05-28 07:08:13]  正在连接 QQ-主 邮箱服务器 (497720537@qq.com) ...
[2026-05-28 07:08:14]  正在连接 QQ-备用 邮箱服务器 (shouqianbadavid@qq.com) ...
[2026-05-28 07:08:49]  正在连接 QQ-主 邮箱服务器 (497720537@qq.com) ...
[2026-05-28 07:08:50]  正在连接 QQ-备用 邮箱服务器 (shouqianbadavid@qq.com) ...
[2026-05-28 07:09:26]  正在连接 QQ-主 邮箱服务器 (497720537@qq.com) ...
[2026-05-28 07:09:27]  正在连接 QQ-备用 邮箱服务器 (shouqianbadavid@qq.com) ...
[2026-05-28 07:10:03]  正在连接 QQ-主 邮箱服务器 (497720537@qq.com) ...
[2026-05-28 07:10:03]  正在连接 QQ-备用 邮箱服务器 (shouqianbadavid@qq.com) ...
[2026-05-28 07:10:39]  正在连接 QQ-主 邮箱服务器 (497720537@qq.com) ...
[2026-05-28 07:10:40]  正在连接 QQ-备用 邮箱服务器 (shouqianbadavid@qq.com) ...
[2026-05-28 07:11:16]  正在连接 QQ-主 邮箱服务器 (497720537@qq.com) ...
[2026-05-28 07:11:16]  正在连接 QQ-备用 邮箱服务器 (shouqianbadavid@qq.com) ...
[2026-05-28 07:11:52]  正在连接 QQ-主 邮箱服务器 (497720537@qq.com) ...
[2026-05-28 07:11:53]  正在连接 QQ-备用 邮箱服务器 (shouqianbadavid@qq.com) ...
[2026-05-28 07:12:28]  正在连接 QQ-主 邮箱服务器 (497720537@qq.com) ...
[2026-05-28 07:12:29]  正在连接 QQ-备用 邮箱服务器 (shouqianbadavid@qq.com) ...
[2026-05-28 07:13:05]  正在连接 QQ-主 邮箱服务器 (497720537@qq.com) ...
[2026-05-28 07:13:06]  正在连接 QQ-备用 邮箱服务器 (shouqianbadavid@qq.com) ...
[2026-05-28 07:13:42]  正在连接 QQ-主 邮箱服务器 (497720537@qq.com) ...
[2026-05-28 07:13:43]  正在连接 QQ-备用 邮箱服务器 (shouqianbadavid@qq.com) ...
[2026-05-28 07:14:19]  正在连接 QQ-主 邮箱服务器 (497720537@qq.com) ...
[2026-05-28 07:14:20]  正在连接 QQ-备用 邮箱服务器 (shouqianbadavid@qq.com) ...
[2026-05-28 07:14:56]  正在连接 QQ-主 邮箱服务器 (497720537@qq.com) ...
[2026-05-28 07:14:56]  正在连接 QQ-备用 邮箱服务器 (shouqianbadavid@qq.com) ...
[2026-05-28 07:15:32]  正在连接 QQ-主 邮箱服务器 (497720537@qq.com) ...
[2026-05-28 07:15:33]  正在连接 QQ-备用 邮箱服务器 (shouqianbadavid@qq.com) ...
[2026-05-28 07:16:09]  正在连接 QQ-主 邮箱服务器 (497720537@qq.com) ...
[2026-05-28 07:16:09]  正在连接 QQ-备用 邮箱服务器 (shouqianbadavid@qq.com) ...
[2026-05-28 07:16:45]  正在连接 QQ-主 邮箱服务器 (497720537@qq.com) ...
[2026-05-28 07:16:46]  正在连接 QQ-备用 邮箱服务器 (shouqianbadavid@qq.com) ...
[2026-05-28 07:17:22]  正在连接 QQ-主 邮箱服务器 (497720537@qq.com) ...
[2026-05-28 07:17:22]  正在连接 QQ-备用 邮箱服务器 (shouqianbadavid@qq.com) ...
[2026-05-28 07:17:58]  正在连接 QQ-主 邮箱服务器 (497720537@qq.com) ...
[2026-05-28 07:17:59]  正在连接 QQ-备用 邮箱服务器 (shouqianbadavid@qq.com) ...
[2026-05-28 07:18:35]  正在连接 QQ-主 邮箱服务器 (497720537@qq.com) ...
[2026-05-28 07:18:35]  正在连接 QQ-备用 邮箱服务器 (shouqianbadavid@qq.com) ...
[2026-05-28 07:19:11]  正在连接 QQ-主 邮箱服务器 (497720537@qq.com) ...
[2026-05-28 07:19:12]  正在连接 QQ-备用 邮箱服务器 (shouqianbadavid@qq.com) ...
[2026-05-28 07:19:48]  正在连接 QQ-主 邮箱服务器 (497720537@qq.com) ...
[2026-05-28 07:19:48]  正在连接 QQ-备用 邮箱服务器 (shouqianbadavid@qq.com) ...
[2026-05-28 07:20:24]  正在连接 QQ-主 邮箱服务器 (497720537@qq.com) ...
[2026-05-28 07:20:25]  正在连接 QQ-备用 邮箱服务器 (shouqianbadavid@qq.com) ...
[2026-05-28 07:21:01]  正在连接 QQ-主 邮箱服务器 (497720537@qq.com) ...
[2026-05-28 07:21:02]  正在连接 QQ-备用 邮箱服务器 (shouqianbadavid@qq.com) ...
[2026-05-28 07:21:37]  正在连接 QQ-主 邮箱服务器 (497720537@qq.com) ...
[2026-05-28 07:21:38]  正在连接 QQ-备用 邮箱服务器 (shouqianbadavid@qq.com) ...
[2026-05-28 07:22:13]  正在连接 QQ-主 邮箱服务器 (497720537@qq.com) ...
[2026-05-28 07:22:14]  正在连接 QQ-备用 邮箱服务器 (shouqianbadavid@qq.com) ...
[2026-05-28 07:22:50]  正在连接 QQ-主 邮箱服务器 (497720537@qq.com) ...
[2026-05-28 07:22:51]  正在连接 QQ-备用 邮箱服务器 (shouqianbadavid@qq.com) ...
[2026-05-28 07:23:27]  正在连接 QQ-主 邮箱服务器 (497720537@qq.com) ...
[2026-05-28 07:23:27]  正在连接 QQ-备用 邮箱服务器 (shouqianbadavid@qq.com) ...
[2026-05-28 07:24:03]  正在连接 QQ-主 邮箱服务器 (497720537@qq.com) ...
[2026-05-28 07:24:04]  正在连接 QQ-备用 邮箱服务器 (shouqianbadavid@qq.com) ...
[2026-05-28 07:24:40]  正在连接 QQ-主 邮箱服务器 (497720537@qq.com) ...
[2026-05-28 07:24:40]  正在连接 QQ-备用 邮箱服务器 (shouqianbadavid@qq.com) ...
[2026-05-28 07:25:16]  正在连接 QQ-主 邮箱服务器 (497720537@qq.com) ...
[2026-05-28 07:25:17]  正在连接 QQ-备用 邮箱服务器 (shouqianbadavid@qq.com) ...
[2026-05-28 07:25:53]  正在连接 QQ-主 邮箱服务器 (497720537@qq.com) ...
[2026-05-28 07:25:55]  正在连接 QQ-备用 邮箱服务器 (shouqianbadavid@qq.com) ...
[2026-05-28 07:26:31]  正在连接 QQ-主 邮箱服务器 (497720537@qq.com) ...
[2026-05-28 07:26:31]  正在连接 QQ-备用 邮箱服务器 (shouqianbadavid@qq.com) ...
[2026-05-28 07:27:07]  正在连接 QQ-主 邮箱服务器 (497720537@qq.com) ...
[2026-05-28 07:27:08]  正在连接 QQ-备用 邮箱服务器 (shouqianbadavid@qq.com) ...
[2026-05-28 07:27:44]  正在连接 QQ-主 邮箱服务器 (497720537@qq.com) ...
[2026-05-28 07:27:44]  正在连接 QQ-备用 邮箱服务器 (shouqianbadavid@qq.com) ...
[2026-05-28 07:28:20]  正在连接 QQ-主 邮箱服务器 (497720537@qq.com) ...
[2026-05-28 07:28:21]  正在连接 QQ-备用 邮箱服务器 (shouqianbadavid@qq.com) ...
[2026-05-28 07:28:57]  正在连接 QQ-主 邮箱服务器 (497720537@qq.com) ...
[2026-05-28 07:28:58]  正在连接 QQ-备用 邮箱服务器 (shouqianbadavid@qq.com) ...
[2026-05-28 07:29:33]  正在连接 QQ-主 邮箱服务器 (497720537@qq.com) ...
[2026-05-28 07:29:34]  正在连接 QQ-备用 邮箱服务器 (shouqianbadavid@qq.com) ...
[2026-05-28 07:30:09]  正在连接 QQ-主 邮箱服务器 (497720537@qq.com) ...
[2026-05-28 07:30:10]  正在连接 QQ-备用 邮箱服务器 (shouqianbadavid@qq.com) ...
[2026-05-28 07:30:46]  正在连接 QQ-主 邮箱服务器 (497720537@qq.com) ...
[2026-05-28 07:30:47]  正在连接 QQ-备用 邮箱服务器 (shouqianbadavid@qq.com) ...
[2026-05-28 07:31:22]  正在连接 QQ-主 邮箱服务器 (497720537@qq.com) ...
[2026-05-28 07:31:23]  正在连接 QQ-备用 邮箱服务器 (shouqianbadavid@qq.com) ...
[2026-05-28 07:31:59]  正在连接 QQ-主 邮箱服务器 (497720537@qq.com) ...
[2026-05-28 07:31:59]  正在连接 QQ-备用 邮箱服务器 (shouqianbadavid@qq.com) ...
[2026-05-28 07:32:35]  正在连接 QQ-主 邮箱服务器 (497720537@qq.com) ...
[2026-05-28 07:32:38]  正在连接 QQ-备用 邮箱服务器 (shouqianbadavid@qq.com) ...
[2026-05-28 07:33:14]  正在连接 QQ-主 邮箱服务器 (497720537@qq.com) ...
[2026-05-28 07:33:15]  正在连接 QQ-备用 邮箱服务器 (shouqianbadavid@qq.com) ...
[2026-05-28 07:33:50]  正在连接 QQ-主 邮箱服务器 (497720537@qq.com) ...
[2026-05-28 07:33:51]  正在连接 QQ-备用 邮箱服务器 (shouqianbadavid@qq.com) ...
[2026-05-28 07:34:26]  正在连接 QQ-主 邮箱服务器 (497720537@qq.com) ...
[2026-05-28 07:34:27]  正在连接 QQ-备用 邮箱服务器 (shouqianbadavid@qq.com) ...
[2026-05-28 07:35:03]  正在连接 QQ-主 邮箱服务器 (497720537@qq.com) ...
[2026-05-28 07:35:03]  正在连接 QQ-备用 邮箱服务器 (shouqianbadavid@qq.com) ...
[2026-05-28 07:35:39]  正在连接 QQ-主 邮箱服务器 (497720537@qq.com) ...
[2026-05-28 07:35:40]  正在连接 QQ-备用 邮箱服务器 (shouqianbadavid@qq.com) ...
[2026-05-28 07:36:15]  正在连接 QQ-主 邮箱服务器 (497720537@qq.com) ...
[2026-05-28 07:36:16]  正在连接 QQ-备用 邮箱服务器 (shouqianbadavid@qq.com) ...
[2026-05-28 07:36:52]  正在连接 QQ-主 邮箱服务器 (497720537@qq.com) ...
[2026-05-28 07:36:52]  正在连接 QQ-备用 邮箱服务器 (shouqianbadavid@qq.com) ...
[2026-05-28 07:37:28]  正在连接 QQ-主 邮箱服务器 (497720537@qq.com) ...
[2026-05-28 07:37:28]  正在连接 QQ-备用 邮箱服务器 (shouqianbadavid@qq.com) ...
[2026-05-28 07:38:04]  正在连接 QQ-主 邮箱服务器 (497720537@qq.com) ...
[2026-05-28 07:38:05]  正在连接 QQ-备用 邮箱服务器 (shouqianbadavid@qq.com) ...
[2026-05-28 07:38:40]  正在连接 QQ-主 邮箱服务器 (497720537@qq.com) ...
[2026-05-28 07:38:41]  正在连接 QQ-备用 邮箱服务器 (shouqianbadavid@qq.com) ...
[2026-05-28 07:39:17]  正在连接 QQ-主 邮箱服务器 (497720537@qq.com) ...
[2026-05-28 07:39:18]  正在连接 QQ-备用 邮箱服务器 (shouqianbadavid@qq.com) ...
[2026-05-28 07:39:53]  正在连接 QQ-主 邮箱服务器 (497720537@qq.com) ...
[2026-05-28 07:39:57]  正在连接 QQ-备用 邮箱服务器 (shouqianbadavid@qq.com) ...
[2026-05-28 07:40:32]  正在连接 QQ-主 邮箱服务器 (497720537@qq.com) ...
[2026-05-28 07:40:33]  正在连接 QQ-备用 邮箱服务器 (shouqianbadavid@qq.com) ...
[2026-05-28 07:41:09]  正在连接 QQ-主 邮箱服务器 (497720537@qq.com) ...
[2026-05-28 07:41:10]  正在连接 QQ-备用 邮箱服务器 (shouqianbadavid@qq.com) ...
[2026-05-28 07:41:46]  正在连接 QQ-主 邮箱服务器 (497720537@qq.com) ...
[2026-05-28 07:41:46]  正在连接 QQ-备用 邮箱服务器 (shouqianbadavid@qq.com) ...
[2026-05-28 07:42:22]  正在连接 QQ-主 邮箱服务器 (497720537@qq.com) ...
[2026-05-28 07:42:22]  正在连接 QQ-备用 邮箱服务器 (shouqianbadavid@qq.com) ...
[2026-05-28 07:42:58]  正在连接 QQ-主 邮箱服务器 (497720537@qq.com) ...
[2026-05-28 07:42:58]  正在连接 QQ-备用 邮箱服务器 (shouqianbadavid@qq.com) ...
[2026-05-28 07:43:34]  正在连接 QQ-主 邮箱服务器 (497720537@qq.com) ...
[2026-05-28 07:43:35]  正在连接 QQ-备用 邮箱服务器 (shouqianbadavid@qq.com) ...
[2026-05-28 07:44:10]  正在连接 QQ-主 邮箱服务器 (497720537@qq.com) ...
[2026-05-28 07:44:11]  正在连接 QQ-备用 邮箱服务器 (shouqianbadavid@qq.com) ...
[2026-05-28 07:44:47]  正在连接 QQ-主 邮箱服务器 (497720537@qq.com) ...
[2026-05-28 07:44:48]  正在连接 QQ-备用 邮箱服务器 (shouqianbadavid@qq.com) ...
[2026-05-28 07:45:24]  正在连接 QQ-主 邮箱服务器 (497720537@qq.com) ...
[2026-05-28 07:45:25]  正在连接 QQ-备用 邮箱服务器 (shouqianbadavid@qq.com) ...
[2026-05-28 07:46:00]  正在连接 QQ-主 邮箱服务器 (497720537@qq.com) ...
[2026-05-28 07:46:01]  正在连接 QQ-备用 邮箱服务器 (shouqianbadavid@qq.com) ...
[2026-05-28 07:46:37]  正在连接 QQ-主 邮箱服务器 (497720537@qq.com) ...
[2026-05-28 07:46:38]  正在连接 QQ-备用 邮箱服务器 (shouqianbadavid@qq.com) ...
[2026-05-28 07:47:13]  正在连接 QQ-主 邮箱服务器 (497720537@qq.com) ...
[2026-05-28 07:47:14]  正在连接 QQ-备用 邮箱服务器 (shouqianbadavid@qq.com) ...
[2026-05-28 07:47:50]  正在连接 QQ-主 邮箱服务器 (497720537@qq.com) ...
[2026-05-28 07:47:50]  正在连接 QQ-备用 邮箱服务器 (shouqianbadavid@qq.com) ...
[2026-05-28 07:48:26]  正在连接 QQ-主 邮箱服务器 (497720537@qq.com) ...
[2026-05-28 07:48:27]  正在连接 QQ-备用 邮箱服务器 (shouqianbadavid@qq.com) ...
[2026-05-28 07:49:03]  正在连接 QQ-主 邮箱服务器 (497720537@qq.com) ...
[2026-05-28 07:49:03]  正在连接 QQ-备用 邮箱服务器 (shouqianbadavid@qq.com) ...
[2026-05-28 07:49:39]  正在连接 QQ-主 邮箱服务器 (497720537@qq.com) ...
[2026-05-28 07:49:40]  正在连接 QQ-备用 邮箱服务器 (shouqianbadavid@qq.com) ...
[2026-05-28 07:50:15]  正在连接 QQ-主 邮箱服务器 (497720537@qq.com) ...
[2026-05-28 07:50:16]  正在连接 QQ-备用 邮箱服务器 (shouqianbadavid@qq.com) ...
[2026-05-28 07:50:52]  正在连接 QQ-主 邮箱服务器 (497720537@qq.com) ...
[2026-05-28 07:50:52]  正在连接 QQ-备用 邮箱服务器 (shouqianbadavid@qq.com) ...
[2026-05-28 07:51:28]  正在连接 QQ-主 邮箱服务器 (497720537@qq.com) ...
[2026-05-28 07:51:29]  正在连接 QQ-备用 邮箱服务器 (shouqianbadavid@qq.com) ...
[2026-05-28 07:52:05]  正在连接 QQ-主 邮箱服务器 (497720537@qq.com) ...
[2026-05-28 07:52:05]  正在连接 QQ-备用 邮箱服务器 (shouqianbadavid@qq.com) ...
[2026-05-28 07:52:41]  正在连接 QQ-主 邮箱服务器 (497720537@qq.com) ...
[2026-05-28 07:52:42]  正在连接 QQ-备用 邮箱服务器 (shouqianbadavid@qq.com) ...
[2026-05-28 07:53:17]  正在连接 QQ-主 邮箱服务器 (497720537@qq.com) ...
[2026-05-28 07:53:18]  正在连接 QQ-备用 邮箱服务器 (shouqianbadavid@qq.com) ...
[2026-05-28 07:53:54]  正在连接 QQ-主 邮箱服务器 (497720537@qq.com) ...
[2026-05-28 07:53:54]  正在连接 QQ-备用 邮箱服务器 (shouqianbadavid@qq.com) ...
[2026-05-28 07:54:30]  正在连接 QQ-主 邮箱服务器 (497720537@qq.com) ...
[2026-05-28 07:54:31]  正在连接 QQ-备用 邮箱服务器 (shouqianbadavid@qq.com) ...
[2026-05-28 07:55:07]  正在连接 QQ-主 邮箱服务器 (497720537@qq.com) ...
[2026-05-28 07:55:08]  正在连接 QQ-备用 邮箱服务器 (shouqianbadavid@qq.com) ...
[2026-05-28 07:55:43]  正在连接 QQ-主 邮箱服务器 (497720537@qq.com) ...
[2026-05-28 07:55:44]  正在连接 QQ-备用 邮箱服务器 (shouqianbadavid@qq.com) ...
[2026-05-28 07:56:20]  正在连接 QQ-主 邮箱服务器 (497720537@qq.com) ...
[2026-05-28 07:56:20]  正在连接 QQ-备用 邮箱服务器 (shouqianbadavid@qq.com) ...
[2026-05-28 07:56:56]  正在连接 QQ-主 邮箱服务器 (497720537@qq.com) ...
[2026-05-28 07:56:57]  正在连接 QQ-备用 邮箱服务器 (shouqianbadavid@qq.com) ...
[2026-05-28 07:57:33]  正在连接 QQ-主 邮箱服务器 (497720537@qq.com) ...
[2026-05-28 07:57:33]  正在连接 QQ-备用 邮箱服务器 (shouqianbadavid@qq.com) ...
[2026-05-28 07:58:09]  正在连接 QQ-主 邮箱服务器 (497720537@qq.com) ...
[2026-05-28 07:58:10]  正在连接 QQ-备用 邮箱服务器 (shouqianbadavid@qq.com) ...
[2026-05-28 07:58:46]  正在连接 QQ-主 邮箱服务器 (497720537@qq.com) ...
[2026-05-28 07:58:47]  正在连接 QQ-备用 邮箱服务器 (shouqianbadavid@qq.com) ...
[2026-05-28 07:59:22]  正在连接 QQ-主 邮箱服务器 (497720537@qq.com) ...
[2026-05-28 07:59:23]  正在连接 QQ-备用 邮箱服务器 (shouqianbadavid@qq.com) ...
[2026-05-28 07:59:59]  正在连接 QQ-主 邮箱服务器 (497720537@qq.com) ...
[2026-05-28 08:00:00]  正在连接 QQ-备用 邮箱服务器 (shouqianbadavid@qq.com) ...
[2026-05-28 08:00:36]  正在连接 QQ-主 邮箱服务器 (497720537@qq.com) ...
[2026-05-28 08:00:36]  正在连接 QQ-备用 邮箱服务器 (shouqianbadavid@qq.com) ...
[2026-05-28 08:01:12]  正在连接 QQ-主 邮箱服务器 (497720537@qq.com) ...
[2026-05-28 08:01:12]  正在连接 QQ-备用 邮箱服务器 (shouqianbadavid@qq.com) ...
[2026-05-28 08:01:49]  正在连接 QQ-主 邮箱服务器 (497720537@qq.com) ...
[2026-05-28 08:01:50]  正在连接 QQ-备用 邮箱服务器 (shouqianbadavid@qq.com) ...
[2026-05-28 08:02:25]  正在连接 QQ-主 邮箱服务器 (497720537@qq.com) ...
[2026-05-28 08:02:26]  正在连接 QQ-备用 邮箱服务器 (shouqianbadavid@qq.com) ...
[2026-05-28 08:03:02]  正在连接 QQ-主 邮箱服务器 (497720537@qq.com) ...
[2026-05-28 08:03:03]  正在连接 QQ-备用 邮箱服务器 (shouqianbadavid@qq.com) ...
[2026-05-28 08:03:38]  正在连接 QQ-主 邮箱服务器 (497720537@qq.com) ...
[2026-05-28 08:03:39]  正在连接 QQ-备用 邮箱服务器 (shouqianbadavid@qq.com) ...
[2026-05-28 08:04:15]  正在连接 QQ-主 邮箱服务器 (497720537@qq.com) ...
[2026-05-28 08:04:16]  正在连接 QQ-备用 邮箱服务器 (shouqianbadavid@qq.com) ...
[2026-05-28 08:04:52]  正在连接 QQ-主 邮箱服务器 (497720537@qq.com) ...
[2026-05-28 08:04:52]  正在连接 QQ-备用 邮箱服务器 (shouqianbadavid@qq.com) ...
[2026-05-28 08:05:28]  正在连接 QQ-主 邮箱服务器 (497720537@qq.com) ...
[2026-05-28 08:05:29]  正在连接 QQ-备用 邮箱服务器 (shouqianbadavid@qq.com) ...
[2026-05-28 08:06:04]  正在连接 QQ-主 邮箱服务器 (497720537@qq.com) ...
[2026-05-28 08:06:05]  正在连接 QQ-备用 邮箱服务器 (shouqianbadavid@qq.com) ...
[2026-05-28 08:06:41]  正在连接 QQ-主 邮箱服务器 (497720537@qq.com) ...
[2026-05-28 08:06:41]  正在连接 QQ-备用 邮箱服务器 (shouqianbadavid@qq.com) ...
[2026-05-28 08:07:17]  正在连接 QQ-主 邮箱服务器 (497720537@qq.com) ...
[2026-05-28 08:07:17]  正在连接 QQ-备用 邮箱服务器 (shouqianbadavid@qq.com) ...
[2026-05-28 08:07:53]  正在连接 QQ-主 邮箱服务器 (497720537@qq.com) ...
[2026-05-28 08:07:54]  正在连接 QQ-备用 邮箱服务器 (shouqianbadavid@qq.com) ...
[2026-05-28 08:08:30]  正在连接 QQ-主 邮箱服务器 (497720537@qq.com) ...
[2026-05-28 08:08:30]  正在连接 QQ-备用 邮箱服务器 (shouqianbadavid@qq.com) ...
[2026-05-28 08:09:06]  正在连接 QQ-主 邮箱服务器 (497720537@qq.com) ...
[2026-05-28 08:09:07]  正在连接 QQ-备用 邮箱服务器 (shouqianbadavid@qq.com) ...
[2026-05-28 08:09:42]  正在连接 QQ-主 邮箱服务器 (497720537@qq.com) ...
[2026-05-28 08:09:43]  正在连接 QQ-备用 邮箱服务器 (shouqianbadavid@qq.com) ...
[2026-05-28 08:10:19]  正在连接 QQ-主 邮箱服务器 (497720537@qq.com) ...
[2026-05-28 08:10:20]  正在连接 QQ-备用 邮箱服务器 (shouqianbadavid@qq.com) ...
[2026-05-28 08:10:55]  正在连接 QQ-主 邮箱服务器 (497720537@qq.com) ...
[2026-05-28 08:10:56]  正在连接 QQ-备用 邮箱服务器 (shouqianbadavid@qq.com) ...
[2026-05-28 08:11:32]  正在连接 QQ-主 邮箱服务器 (497720537@qq.com) ...
[2026-05-28 08:11:33]  正在连接 QQ-备用 邮箱服务器 (shouqianbadavid@qq.com) ...
[2026-05-28 08:12:08]  正在连接 QQ-主 邮箱服务器 (497720537@qq.com) ...
[2026-05-28 08:12:09]  正在连接 QQ-备用 邮箱服务器 (shouqianbadavid@qq.com) ...
[2026-05-28 08:12:45]  正在连接 QQ-主 邮箱服务器 (497720537@qq.com) ...
[2026-05-28 08:12:45]  正在连接 QQ-备用 邮箱服务器 (shouqianbadavid@qq.com) ...
[2026-05-28 08:13:21]  正在连接 QQ-主 邮箱服务器 (497720537@qq.com) ...
[2026-05-28 08:13:22]  正在连接 QQ-备用 邮箱服务器 (shouqianbadavid@qq.com) ...
[2026-05-28 08:13:57]  正在连接 QQ-主 邮箱服务器 (497720537@qq.com) ...
[2026-05-28 08:13:58]  正在连接 QQ-备用 邮箱服务器 (shouqianbadavid@qq.com) ...
[2026-05-28 08:14:34]  正在连接 QQ-主 邮箱服务器 (497720537@qq.com) ...
[2026-05-28 08:14:35]  正在连接 QQ-备用 邮箱服务器 (shouqianbadavid@qq.com) ...
[2026-05-28 08:15:11]  正在连接 QQ-主 邮箱服务器 (497720537@qq.com) ...
[2026-05-28 08:15:11]  正在连接 QQ-备用 邮箱服务器 (shouqianbadavid@qq.com) ...
[2026-05-28 08:15:47]  正在连接 QQ-主 邮箱服务器 (497720537@qq.com) ...
[2026-05-28 08:15:48]  正在连接 QQ-备用 邮箱服务器 (shouqianbadavid@qq.com) ...
[2026-05-28 08:16:24]  正在连接 QQ-主 邮箱服务器 (497720537@qq.com) ...
[2026-05-28 08:16:25]  正在连接 QQ-备用 邮箱服务器 (shouqianbadavid@qq.com) ...
[2026-05-28 08:17:00]  正在连接 QQ-主 邮箱服务器 (497720537@qq.com) ...
[2026-05-28 08:17:01]  正在连接 QQ-备用 邮箱服务器 (shouqianbadavid@qq.com) ...
[2026-05-28 08:17:37]  正在连接 QQ-主 邮箱服务器 (497720537@qq.com) ...
[2026-05-28 08:17:38]  正在连接 QQ-备用 邮箱服务器 (shouqianbadavid@qq.com) ...
[2026-05-28 08:18:13]  正在连接 QQ-主 邮箱服务器 (497720537@qq.com) ...
[2026-05-28 08:18:14]  正在连接 QQ-备用 邮箱服务器 (shouqianbadavid@qq.com) ...
[2026-05-28 08:18:50]  正在连接 QQ-主 邮箱服务器 (497720537@qq.com) ...
[2026-05-28 08:18:51]  正在连接 QQ-备用 邮箱服务器 (shouqianbadavid@qq.com) ...
[2026-05-28 08:19:26]  正在连接 QQ-主 邮箱服务器 (497720537@qq.com) ...
[2026-05-28 08:19:27]  正在连接 QQ-备用 邮箱服务器 (shouqianbadavid@qq.com) ...
[2026-05-28 08:20:03]  正在连接 QQ-主 邮箱服务器 (497720537@qq.com) ...
[2026-05-28 08:20:03]  正在连接 QQ-备用 邮箱服务器 (shouqianbadavid@qq.com) ...
[2026-05-28 08:20:39]  正在连接 QQ-主 邮箱服务器 (497720537@qq.com) ...
[2026-05-28 08:20:40]  正在连接 QQ-备用 邮箱服务器 (shouqianbadavid@qq.com) ...
[2026-05-28 08:21:16]  正在连接 QQ-主 邮箱服务器 (497720537@qq.com) ...
[2026-05-28 08:21:16]  正在连接 QQ-备用 邮箱服务器 (shouqianbadavid@qq.com) ...
[2026-05-28 08:21:52]  正在连接 QQ-主 邮箱服务器 (497720537@qq.com) ...
[2026-05-28 08:21:53]  正在连接 QQ-备用 邮箱服务器 (shouqianbadavid@qq.com) ...
[2026-05-28 08:22:28]  正在连接 QQ-主 邮箱服务器 (497720537@qq.com) ...
[2026-05-28 08:22:29]  正在连接 QQ-备用 邮箱服务器 (shouqianbadavid@qq.com) ...
[2026-05-28 08:23:05]  正在连接 QQ-主 邮箱服务器 (497720537@qq.com) ...
[2026-05-28 08:23:06]  正在连接 QQ-备用 邮箱服务器 (shouqianbadavid@qq.com) ...
[2026-05-28 08:23:42]  正在连接 QQ-主 邮箱服务器 (497720537@qq.com) ...
[2026-05-28 08:23:42]  正在连接 QQ-备用 邮箱服务器 (shouqianbadavid@qq.com) ...
[2026-05-28 08:24:18]  正在连接 QQ-主 邮箱服务器 (497720537@qq.com) ...
[2026-05-28 08:24:18]  正在连接 QQ-备用 邮箱服务器 (shouqianbadavid@qq.com) ...
[2026-05-28 08:24:54]  正在连接 QQ-主 邮箱服务器 (497720537@qq.com) ...
[2026-05-28 08:24:55]  正在连接 QQ-备用 邮箱服务器 (shouqianbadavid@qq.com) ...
[2026-05-28 08:25:31]  正在连接 QQ-主 邮箱服务器 (497720537@qq.com) ...
[2026-05-28 08:25:32]  正在连接 QQ-备用 邮箱服务器 (shouqianbadavid@qq.com) ...
[2026-05-28 08:26:07]  正在连接 QQ-主 邮箱服务器 (497720537@qq.com) ...
[2026-05-28 08:26:08]  正在连接 QQ-备用 邮箱服务器 (shouqianbadavid@qq.com) ...
[2026-05-28 08:26:44]  正在连接 QQ-主 邮箱服务器 (497720537@qq.com) ...
[2026-05-28 08:26:44]  正在连接 QQ-备用 邮箱服务器 (shouqianbadavid@qq.com) ...
[2026-05-28 08:27:20]  正在连接 QQ-主 邮箱服务器 (497720537@qq.com) ...
[2026-05-28 08:27:22]  正在连接 QQ-备用 邮箱服务器 (shouqianbadavid@qq.com) ...
[2026-05-28 08:27:57]  正在连接 QQ-主 邮箱服务器 (497720537@qq.com) ...
[2026-05-28 08:27:58]  正在连接 QQ-备用 邮箱服务器 (shouqianbadavid@qq.com) ...
[2026-05-28 08:28:34]  正在连接 QQ-主 邮箱服务器 (497720537@qq.com) ...
[2026-05-28 08:28:35]  正在连接 QQ-备用 邮箱服务器 (shouqianbadavid@qq.com) ...
[2026-05-28 08:29:10]  正在连接 QQ-主 邮箱服务器 (497720537@qq.com) ...
[2026-05-28 08:29:11]  正在连接 QQ-备用 邮箱服务器 (shouqianbadavid@qq.com) ...
[2026-05-28 08:29:47]  正在连接 QQ-主 邮箱服务器 (497720537@qq.com) ...
[2026-05-28 08:29:47]  正在连接 QQ-备用 邮箱服务器 (shouqianbadavid@qq.com) ...
[2026-05-28 08:30:23]  正在连接 QQ-主 邮箱服务器 (497720537@qq.com) ...
[2026-05-28 08:30:24]  正在连接 QQ-备用 邮箱服务器 (shouqianbadavid@qq.com) ...
[2026-05-28 08:31:00]  正在连接 QQ-主 邮箱服务器 (497720537@qq.com) ...
[2026-05-28 08:31:00]  正在连接 QQ-备用 邮箱服务器 (shouqianbadavid@qq.com) ...
[2026-05-28 08:31:36]  正在连接 QQ-主 邮箱服务器 (497720537@qq.com) ...
[2026-05-28 08:31:37]  正在连接 QQ-备用 邮箱服务器 (shouqianbadavid@qq.com) ...
[2026-05-28 08:32:12]  正在连接 QQ-主 邮箱服务器 (497720537@qq.com) ...
[2026-05-28 08:32:13]  正在连接 QQ-备用 邮箱服务器 (shouqianbadavid@qq.com) ...
[2026-05-28 08:32:49]  正在连接 QQ-主 邮箱服务器 (497720537@qq.com) ...
[2026-05-28 08:32:50]  正在连接 QQ-备用 邮箱服务器 (shouqianbadavid@qq.com) ...
[2026-05-28 08:33:27]  正在连接 QQ-主 邮箱服务器 (497720537@qq.com) ...
[2026-05-28 08:33:27]  正在连接 QQ-备用 邮箱服务器 (shouqianbadavid@qq.com) ...
[2026-05-28 08:34:04]  正在连接 QQ-主 邮箱服务器 (497720537@qq.com) ...
[2026-05-28 08:34:05]  正在连接 QQ-备用 邮箱服务器 (shouqianbadavid@qq.com) ...
[2026-05-28 08:34:41]  正在连接 QQ-主 邮箱服务器 (497720537@qq.com) ...
[2026-05-28 08:34:41]  正在连接 QQ-备用 邮箱服务器 (shouqianbadavid@qq.com) ...
[2026-05-28 08:35:17]  正在连接 QQ-主 邮箱服务器 (497720537@qq.com) ...
[2026-05-28 08:35:18]  正在连接 QQ-备用 邮箱服务器 (shouqianbadavid@qq.com) ...
[2026-05-28 08:35:54]  正在连接 QQ-主 邮箱服务器 (497720537@qq.com) ...
[2026-05-28 08:35:54]  正在连接 QQ-备用 邮箱服务器 (shouqianbadavid@qq.com) ...
[2026-05-28 08:36:30]  正在连接 QQ-主 邮箱服务器 (497720537@qq.com) ...
[2026-05-28 08:36:31]  正在连接 QQ-备用 邮箱服务器 (shouqianbadavid@qq.com) ...
[2026-05-28 08:37:06]  正在连接 QQ-主 邮箱服务器 (497720537@qq.com) ...
[2026-05-28 08:37:07]  正在连接 QQ-备用 邮箱服务器 (shouqianbadavid@qq.com) ...
[2026-05-28 08:37:43]  正在连接 QQ-主 邮箱服务器 (497720537@qq.com) ...
[2026-05-28 08:37:43]  正在连接 QQ-备用 邮箱服务器 (shouqianbadavid@qq.com) ...
[2026-05-28 08:38:19]  正在连接 QQ-主 邮箱服务器 (497720537@qq.com) ...
[2026-05-28 08:38:20]  正在连接 QQ-备用 邮箱服务器 (shouqianbadavid@qq.com) ...
[2026-05-28 08:38:56]  正在连接 QQ-主 邮箱服务器 (497720537@qq.com) ...
[2026-05-28 08:38:56]  正在连接 QQ-备用 邮箱服务器 (shouqianbadavid@qq.com) ...
[2026-05-28 08:39:32]  正在连接 QQ-主 邮箱服务器 (497720537@qq.com) ...
[2026-05-28 08:39:33]  正在连接 QQ-备用 邮箱服务器 (shouqianbadavid@qq.com) ...
[2026-05-28 08:40:08]  正在连接 QQ-主 邮箱服务器 (497720537@qq.com) ...
[2026-05-28 08:40:09]  正在连接 QQ-备用 邮箱服务器 (shouqianbadavid@qq.com) ...
[2026-05-28 08:40:45]  正在连接 QQ-主 邮箱服务器 (497720537@qq.com) ...
[2026-05-28 08:40:46]  正在连接 QQ-备用 邮箱服务器 (shouqianbadavid@qq.com) ...
[2026-05-28 08:41:21]  正在连接 QQ-主 邮箱服务器 (497720537@qq.com) ...
[2026-05-28 08:41:22]  正在连接 QQ-备用 邮箱服务器 (shouqianbadavid@qq.com) ...
[2026-05-28 08:41:57]  正在连接 QQ-主 邮箱服务器 (497720537@qq.com) ...
[2026-05-28 08:41:58]  正在连接 QQ-备用 邮箱服务器 (shouqianbadavid@qq.com) ...
[2026-05-28 08:42:34]  正在连接 QQ-主 邮箱服务器 (497720537@qq.com) ...
[2026-05-28 08:42:35]  正在连接 QQ-备用 邮箱服务器 (shouqianbadavid@qq.com) ...
[2026-05-28 08:43:10]  正在连接 QQ-主 邮箱服务器 (497720537@qq.com) ...
[2026-05-28 08:43:11]  正在连接 QQ-备用 邮箱服务器 (shouqianbadavid@qq.com) ...
[2026-05-28 08:43:47]  正在连接 QQ-主 邮箱服务器 (497720537@qq.com) ...
[2026-05-28 08:43:48]  正在连接 QQ-备用 邮箱服务器 (shouqianbadavid@qq.com) ...
[2026-05-28 08:44:23]  正在连接 QQ-主 邮箱服务器 (497720537@qq.com) ...
[2026-05-28 08:44:24]  正在连接 QQ-备用 邮箱服务器 (shouqianbadavid@qq.com) ...
[2026-05-28 08:45:00]  正在连接 QQ-主 邮箱服务器 (497720537@qq.com) ...
[2026-05-28 08:45:00]  正在连接 QQ-备用 邮箱服务器 (shouqianbadavid@qq.com) ...
[2026-05-28 08:45:36]  正在连接 QQ-主 邮箱服务器 (497720537@qq.com) ...
[2026-05-28 08:45:37]  正在连接 QQ-备用 邮箱服务器 (shouqianbadavid@qq.com) ...
[2026-05-28 08:46:13]  正在连接 QQ-主 邮箱服务器 (497720537@qq.com) ...
[2026-05-28 08:46:13]  正在连接 QQ-备用 邮箱服务器 (shouqianbadavid@qq.com) ...
[2026-05-28 08:46:49]  正在连接 QQ-主 邮箱服务器 (497720537@qq.com) ...
[2026-05-28 08:46:50]  正在连接 QQ-备用 邮箱服务器 (shouqianbadavid@qq.com) ...
[2026-05-28 08:47:26]  正在连接 QQ-主 邮箱服务器 (497720537@qq.com) ...
[2026-05-28 08:47:26]  正在连接 QQ-备用 邮箱服务器 (shouqianbadavid@qq.com) ...
[2026-05-28 08:48:02]  正在连接 QQ-主 邮箱服务器 (497720537@qq.com) ...
[2026-05-28 08:48:03]  正在连接 QQ-备用 邮箱服务器 (shouqianbadavid@qq.com) ...
[2026-05-28 08:48:40]  正在连接 QQ-主 邮箱服务器 (497720537@qq.com) ...
[2026-05-28 08:48:40]  正在连接 QQ-备用 邮箱服务器 (shouqianbadavid@qq.com) ...
[2026-05-28 08:49:16]  正在连接 QQ-主 邮箱服务器 (497720537@qq.com) ...
[2026-05-28 08:49:17]  正在连接 QQ-备用 邮箱服务器 (shouqianbadavid@qq.com) ...
[2026-05-28 08:49:52]  正在连接 QQ-主 邮箱服务器 (497720537@qq.com) ...
[2026-05-28 08:49:53]  正在连接 QQ-备用 邮箱服务器 (shouqianbadavid@qq.com) ...
[2026-05-28 08:50:29]  正在连接 QQ-主 邮箱服务器 (497720537@qq.com) ...
[2026-05-28 08:50:30]  正在连接 QQ-备用 邮箱服务器 (shouqianbadavid@qq.com) ...
[2026-05-28 08:51:06]  正在连接 QQ-主 邮箱服务器 (497720537@qq.com) ...
[2026-05-28 08:51:07]  正在连接 QQ-备用 邮箱服务器 (shouqianbadavid@qq.com) ...
[2026-05-28 08:51:43]  正在连接 QQ-主 邮箱服务器 (497720537@qq.com) ...
[2026-05-28 08:51:44]  正在连接 QQ-备用 邮箱服务器 (shouqianbadavid@qq.com) ...
[2026-05-28 08:52:20]  正在连接 QQ-主 邮箱服务器 (497720537@qq.com) ...
[2026-05-28 08:52:21]  正在连接 QQ-备用 邮箱服务器 (shouqianbadavid@qq.com) ...
[2026-05-28 08:52:57]  正在连接 QQ-主 邮箱服务器 (497720537@qq.com) ...
[2026-05-28 08:52:57]  正在连接 QQ-备用 邮箱服务器 (shouqianbadavid@qq.com) ...
[2026-05-28 08:53:33]  正在连接 QQ-主 邮箱服务器 (497720537@qq.com) ...
[2026-05-28 08:53:34]  正在连接 QQ-备用 邮箱服务器 (shouqianbadavid@qq.com) ...
[2026-05-28 08:54:09]  正在连接 QQ-主 邮箱服务器 (497720537@qq.com) ...
[2026-05-28 08:54:10]  正在连接 QQ-备用 邮箱服务器 (shouqianbadavid@qq.com) ...
[2026-05-28 08:54:46]  正在连接 QQ-主 邮箱服务器 (497720537@qq.com) ...
[2026-05-28 08:54:47]  正在连接 QQ-备用 邮箱服务器 (shouqianbadavid@qq.com) ...
[2026-05-28 08:55:22]  正在连接 QQ-主 邮箱服务器 (497720537@qq.com) ...
[2026-05-28 08:55:23]  正在连接 QQ-备用 邮箱服务器 (shouqianbadavid@qq.com) ...
[2026-05-28 08:55:59]  正在连接 QQ-主 邮箱服务器 (497720537@qq.com) ...
[2026-05-28 08:55:59]  正在连接 QQ-备用 邮箱服务器 (shouqianbadavid@qq.com) ...
[2026-05-28 08:56:35]  正在连接 QQ-主 邮箱服务器 (497720537@qq.com) ...
[2026-05-28 08:56:36]  正在连接 QQ-备用 邮箱服务器 (shouqianbadavid@qq.com) ...
[2026-05-28 08:57:12]  正在连接 QQ-主 邮箱服务器 (497720537@qq.com) ...
[2026-05-28 08:57:13]  正在连接 QQ-备用 邮箱服务器 (shouqianbadavid@qq.com) ...
[2026-05-28 08:57:49]  正在连接 QQ-主 邮箱服务器 (497720537@qq.com) ...
[2026-05-28 08:57:49]  正在连接 QQ-备用 邮箱服务器 (shouqianbadavid@qq.com) ...
[2026-05-28 08:58:25]  正在连接 QQ-主 邮箱服务器 (497720537@qq.com) ...
[2026-05-28 08:58:26]  正在连接 QQ-备用 邮箱服务器 (shouqianbadavid@qq.com) ...
[2026-05-28 08:59:02]  正在连接 QQ-主 邮箱服务器 (497720537@qq.com) ...
[2026-05-28 08:59:02]  正在连接 QQ-备用 邮箱服务器 (shouqianbadavid@qq.com) ...
[2026-05-28 08:59:38]  正在连接 QQ-主 邮箱服务器 (497720537@qq.com) ...
[2026-05-28 08:59:39]  正在连接 QQ-备用 邮箱服务器 (shouqianbadavid@qq.com) ...
[2026-05-28 09:00:14]  正在连接 QQ-主 邮箱服务器 (497720537@qq.com) ...
[2026-05-28 09:00:15]  正在连接 QQ-备用 邮箱服务器 (shouqianbadavid@qq.com) ...
[2026-05-28 09:00:51]  正在连接 QQ-主 邮箱服务器 (497720537@qq.com) ...
[2026-05-28 09:00:52]  正在连接 QQ-备用 邮箱服务器 (shouqianbadavid@qq.com) ...
[2026-05-28 09:01:28]  正在连接 QQ-主 邮箱服务器 (497720537@qq.com) ...
[2026-05-28 09:01:28]  正在连接 QQ-备用 邮箱服务器 (shouqianbadavid@qq.com) ...
[2026-05-28 09:02:04]  正在连接 QQ-主 邮箱服务器 (497720537@qq.com) ...
[2026-05-28 09:02:05]  正在连接 QQ-备用 邮箱服务器 (shouqianbadavid@qq.com) ...
[2026-05-28 09:02:41]  正在连接 QQ-主 邮箱服务器 (497720537@qq.com) ...
[2026-05-28 09:02:42]  正在连接 QQ-备用 邮箱服务器 (shouqianbadavid@qq.com) ...
[2026-05-28 09:03:17]  正在连接 QQ-主 邮箱服务器 (497720537@qq.com) ...
[2026-05-28 09:03:21]  正在连接 QQ-备用 邮箱服务器 (shouqianbadavid@qq.com) ...
[2026-05-28 09:03:56]  正在连接 QQ-主 邮箱服务器 (497720537@qq.com) ...
[2026-05-28 09:03:57]  正在连接 QQ-备用 邮箱服务器 (shouqianbadavid@qq.com) ...
[2026-05-28 09:04:33]  正在连接 QQ-主 邮箱服务器 (497720537@qq.com) ...
[2026-05-28 09:04:33]  正在连接 QQ-备用 邮箱服务器 (shouqianbadavid@qq.com) ...
[2026-05-28 09:05:09]  正在连接 QQ-主 邮箱服务器 (497720537@qq.com) ...
[2026-05-28 09:05:10]  正在连接 QQ-备用 邮箱服务器 (shouqianbadavid@qq.com) ...
[2026-05-28 09:05:45]  正在连接 QQ-主 邮箱服务器 (497720537@qq.com) ...
[2026-05-28 09:05:46]  正在连接 QQ-备用 邮箱服务器 (shouqianbadavid@qq.com) ...
[2026-05-28 09:06:22]  正在连接 QQ-主 邮箱服务器 (497720537@qq.com) ...
[2026-05-28 09:06:23]  正在连接 QQ-备用 邮箱服务器 (shouqianbadavid@qq.com) ...
[2026-05-28 09:06:58]  正在连接 QQ-主 邮箱服务器 (497720537@qq.com) ...
[2026-05-28 09:06:59]  正在连接 QQ-备用 邮箱服务器 (shouqianbadavid@qq.com) ...
[2026-05-28 09:07:35]  正在连接 QQ-主 邮箱服务器 (497720537@qq.com) ...
[2026-05-28 09:07:36]  正在连接 QQ-备用 邮箱服务器 (shouqianbadavid@qq.com) ...
[2026-05-28 09:08:12]  正在连接 QQ-主 邮箱服务器 (497720537@qq.com) ...
[2026-05-28 09:08:12]  正在连接 QQ-备用 邮箱服务器 (shouqianbadavid@qq.com) ...
[2026-05-28 09:08:48]  正在连接 QQ-主 邮箱服务器 (497720537@qq.com) ...
[2026-05-28 09:08:49]  正在连接 QQ-备用 邮箱服务器 (shouqianbadavid@qq.com) ...
[2026-05-28 09:09:24]  正在连接 QQ-主 邮箱服务器 (497720537@qq.com) ...
[2026-05-28 09:09:25]  正在连接 QQ-备用 邮箱服务器 (shouqianbadavid@qq.com) ...
[2026-05-28 09:10:01]  正在连接 QQ-主 邮箱服务器 (497720537@qq.com) ...
[2026-05-28 09:10:02]  正在连接 QQ-备用 邮箱服务器 (shouqianbadavid@qq.com) ...
[2026-05-28 09:10:38]  正在连接 QQ-主 邮箱服务器 (497720537@qq.com) ...
[2026-05-28 09:10:38]  正在连接 QQ-备用 邮箱服务器 (shouqianbadavid@qq.com) ...
[2026-05-28 09:11:14]  正在连接 QQ-主 邮箱服务器 (497720537@qq.com) ...
[2026-05-28 09:11:15]  正在连接 QQ-备用 邮箱服务器 (shouqianbadavid@qq.com) ...
[2026-05-28 09:11:50]  正在连接 QQ-主 邮箱服务器 (497720537@qq.com) ...
[2026-05-28 09:11:51]  正在连接 QQ-备用 邮箱服务器 (shouqianbadavid@qq.com) ...
[2026-05-28 09:12:27]  正在连接 QQ-主 邮箱服务器 (497720537@qq.com) ...
[2026-05-28 09:12:28]  正在连接 QQ-备用 邮箱服务器 (shouqianbadavid@qq.com) ...
[2026-05-28 09:13:04]  正在连接 QQ-主 邮箱服务器 (497720537@qq.com) ...
[2026-05-28 09:13:05]  正在连接 QQ-备用 邮箱服务器 (shouqianbadavid@qq.com) ...
[2026-05-28 09:13:40]  正在连接 QQ-主 邮箱服务器 (497720537@qq.com) ...
[2026-05-28 09:13:41]  正在连接 QQ-备用 邮箱服务器 (shouqianbadavid@qq.com) ...
[2026-05-28 09:14:16]  正在连接 QQ-主 邮箱服务器 (497720537@qq.com) ...
[2026-05-28 09:14:17]  正在连接 QQ-备用 邮箱服务器 (shouqianbadavid@qq.com) ...
[2026-05-28 09:14:53]  正在连接 QQ-主 邮箱服务器 (497720537@qq.com) ...
[2026-05-28 09:14:53]  正在连接 QQ-备用 邮箱服务器 (shouqianbadavid@qq.com) ...
[2026-05-28 09:15:29]  正在连接 QQ-主 邮箱服务器 (497720537@qq.com) ...
[2026-05-28 09:15:30]  正在连接 QQ-备用 邮箱服务器 (shouqianbadavid@qq.com) ...
[2026-05-28 09:16:06]  正在连接 QQ-主 邮箱服务器 (497720537@qq.com) ...
[2026-05-28 09:16:07]  正在连接 QQ-备用 邮箱服务器 (shouqianbadavid@qq.com) ...
[2026-05-28 09:16:43]  正在连接 QQ-主 邮箱服务器 (497720537@qq.com) ...
[2026-05-28 09:16:44]  正在连接 QQ-备用 邮箱服务器 (shouqianbadavid@qq.com) ...
[2026-05-28 09:17:19]  正在连接 QQ-主 邮箱服务器 (497720537@qq.com) ...
[2026-05-28 09:17:20]  正在连接 QQ-备用 邮箱服务器 (shouqianbadavid@qq.com) ...
[2026-05-28 09:17:56]  正在连接 QQ-主 邮箱服务器 (497720537@qq.com) ...
[2026-05-28 09:17:57]  正在连接 QQ-备用 邮箱服务器 (shouqianbadavid@qq.com) ...
[2026-05-28 09:18:33]  正在连接 QQ-主 邮箱服务器 (497720537@qq.com) ...
[2026-05-28 09:18:33]  正在连接 QQ-备用 邮箱服务器 (shouqianbadavid@qq.com) ...
[2026-05-28 09:19:09]  正在连接 QQ-主 邮箱服务器 (497720537@qq.com) ...
[2026-05-28 09:19:10]  正在连接 QQ-备用 邮箱服务器 (shouqianbadavid@qq.com) ...
[2026-05-28 09:19:45]  正在连接 QQ-主 邮箱服务器 (497720537@qq.com) ...
[2026-05-28 09:19:46]  正在连接 QQ-备用 邮箱服务器 (shouqianbadavid@qq.com) ...
[2026-05-28 09:20:22]  正在连接 QQ-主 邮箱服务器 (497720537@qq.com) ...
[2026-05-28 09:20:22]  正在连接 QQ-备用 邮箱服务器 (shouqianbadavid@qq.com) ...
[2026-05-28 09:20:58]  正在连接 QQ-主 邮箱服务器 (497720537@qq.com) ...
[2026-05-28 09:20:59]  正在连接 QQ-备用 邮箱服务器 (shouqianbadavid@qq.com) ...
[2026-05-28 09:21:35]  正在连接 QQ-主 邮箱服务器 (497720537@qq.com) ...
[2026-05-28 09:21:36]  正在连接 QQ-备用 邮箱服务器 (shouqianbadavid@qq.com) ...
[2026-05-28 09:22:12]  正在连接 QQ-主 邮箱服务器 (497720537@qq.com) ...
[2026-05-28 09:22:12]  正在连接 QQ-备用 邮箱服务器 (shouqianbadavid@qq.com) ...
[2026-05-28 09:22:49]  正在连接 QQ-主 邮箱服务器 (497720537@qq.com) ...
[2026-05-28 09:22:49]  正在连接 QQ-备用 邮箱服务器 (shouqianbadavid@qq.com) ...
[2026-05-28 09:23:25]  正在连接 QQ-主 邮箱服务器 (497720537@qq.com) ...
[2026-05-28 09:23:26]  正在连接 QQ-备用 邮箱服务器 (shouqianbadavid@qq.com) ...
[2026-05-28 09:24:01]  正在连接 QQ-主 邮箱服务器 (497720537@qq.com) ...
[2026-05-28 09:24:02]  正在连接 QQ-备用 邮箱服务器 (shouqianbadavid@qq.com) ...
[2026-05-28 09:24:37]  正在连接 QQ-主 邮箱服务器 (497720537@qq.com) ...
[2026-05-28 09:24:38]  正在连接 QQ-备用 邮箱服务器 (shouqianbadavid@qq.com) ...
[2026-05-28 09:25:14]  正在连接 QQ-主 邮箱服务器 (497720537@qq.com) ...
[2026-05-28 09:25:14]  正在连接 QQ-备用 邮箱服务器 (shouqianbadavid@qq.com) ...
[2026-05-28 09:25:50]  正在连接 QQ-主 邮箱服务器 (497720537@qq.com) ...
[2026-05-28 09:25:51]  正在连接 QQ-备用 邮箱服务器 (shouqianbadavid@qq.com) ...
[2026-05-28 09:26:26]  正在连接 QQ-主 邮箱服务器 (497720537@qq.com) ...
[2026-05-28 09:26:27]  正在连接 QQ-备用 邮箱服务器 (shouqianbadavid@qq.com) ...
[2026-05-28 09:27:03]  正在连接 QQ-主 邮箱服务器 (497720537@qq.com) ...
[2026-05-28 09:27:03]  正在连接 QQ-备用 邮箱服务器 (shouqianbadavid@qq.com) ...
[2026-05-28 09:27:39]  正在连接 QQ-主 邮箱服务器 (497720537@qq.com) ...
[2026-05-28 09:27:40]  正在连接 QQ-备用 邮箱服务器 (shouqianbadavid@qq.com) ...
[2026-05-28 09:28:16]  正在连接 QQ-主 邮箱服务器 (497720537@qq.com) ...
[2026-05-28 09:28:17]  正在连接 QQ-备用 邮箱服务器 (shouqianbadavid@qq.com) ...
[2026-05-28 09:28:53]  正在连接 QQ-主 邮箱服务器 (497720537@qq.com) ...
[2026-05-28 09:28:54]  正在连接 QQ-备用 邮箱服务器 (shouqianbadavid@qq.com) ...
[2026-05-28 09:29:29]  正在连接 QQ-主 邮箱服务器 (497720537@qq.com) ...
[2026-05-28 09:29:30]  正在连接 QQ-备用 邮箱服务器 (shouqianbadavid@qq.com) ...
[2026-05-28 09:30:06]  正在连接 QQ-主 邮箱服务器 (497720537@qq.com) ...
[2026-05-28 09:30:07]  正在连接 QQ-备用 邮箱服务器 (shouqianbadavid@qq.com) ...
[2026-05-28 09:30:43]  正在连接 QQ-主 邮箱服务器 (497720537@qq.com) ...
[2026-05-28 09:30:43]  正在连接 QQ-备用 邮箱服务器 (shouqianbadavid@qq.com) ...
[2026-05-28 09:31:19]  正在连接 QQ-主 邮箱服务器 (497720537@qq.com) ...
[2026-05-28 09:31:20]  正在连接 QQ-备用 邮箱服务器 (shouqianbadavid@qq.com) ...
[2026-05-28 09:31:55]  正在连接 QQ-主 邮箱服务器 (497720537@qq.com) ...
[2026-05-28 09:31:56]  正在连接 QQ-备用 邮箱服务器 (shouqianbadavid@qq.com) ...
[2026-05-28 09:32:32]  正在连接 QQ-主 邮箱服务器 (497720537@qq.com) ...
[2026-05-28 09:32:33]  正在连接 QQ-备用 邮箱服务器 (shouqianbadavid@qq.com) ...
[2026-05-28 09:33:08]  正在连接 QQ-主 邮箱服务器 (497720537@qq.com) ...
[2026-05-28 09:33:09]  正在连接 QQ-备用 邮箱服务器 (shouqianbadavid@qq.com) ...
[2026-05-28 09:33:45]  正在连接 QQ-主 邮箱服务器 (497720537@qq.com) ...
[2026-05-28 09:33:46]  正在连接 QQ-备用 邮箱服务器 (shouqianbadavid@qq.com) ...
[2026-05-28 09:34:21]  正在连接 QQ-主 邮箱服务器 (497720537@qq.com) ...
[2026-05-28 09:34:22]  正在连接 QQ-备用 邮箱服务器 (shouqianbadavid@qq.com) ...
[2026-05-28 09:34:57]  正在连接 QQ-主 邮箱服务器 (497720537@qq.com) ...
[2026-05-28 09:34:58]  正在连接 QQ-备用 邮箱服务器 (shouqianbadavid@qq.com) ...
[2026-05-28 09:35:33]  正在连接 QQ-主 邮箱服务器 (497720537@qq.com) ...
[2026-05-28 09:35:34]  正在连接 QQ-备用 邮箱服务器 (shouqianbadavid@qq.com) ...
[2026-05-28 09:36:10]  正在连接 QQ-主 邮箱服务器 (497720537@qq.com) ...
[2026-05-28 09:36:10]  正在连接 QQ-备用 邮箱服务器 (shouqianbadavid@qq.com) ...
[2026-05-28 09:36:46]  正在连接 QQ-主 邮箱服务器 (497720537@qq.com) ...
[2026-05-28 09:36:47]  正在连接 QQ-备用 邮箱服务器 (shouqianbadavid@qq.com) ...
[2026-05-28 09:37:23]  正在连接 QQ-主 邮箱服务器 (497720537@qq.com) ...
[2026-05-28 09:37:23]  QQ-主 正在解析因子: =?utf-8?b?QWxwaGFQaWxvdCDlrp7ml7bkv6Hlj7cgKGFscGhhX3NpZ25hbF90aHJfMjAyNjA1MjhfMDkzNy5qc29uKSBb5Li7UVEt5a+55aSWXQ==?=
[2026-05-28 09:37:23]  发现表格，共 7 行数据
[2026-05-28 09:37:23]  动态索引映射: ['股票代码', '股票名称', '信号', '当前价格', '量比', '来源过滤']
[2026-05-28 09:37:23]  [行1] 解析成功: SZSE.003035 [南网能源] BUY @ 6.99 (VR:0.12)
[2026-05-28 09:37:23]  [行2] 解析成功: SZSE.300037 [新宙邦] SELL @ 76.69 (VR:0.99)
[2026-05-28 09:37:23]  [行3] 解析成功: SZSE.300346 [南大光电] BUY @ 54.36 (VR:0.81)
[2026-05-28 09:37:23]  [行4] 解析成功: SHSE.688700 [东威科技] BUY @ 87.29 (VR:0.08)
[2026-05-28 09:37:23]  [行5] 解析成功: SZSE.003035 [南网能源] BUY @ 7.1 (VR:2.7)
[2026-05-28 09:37:23]  [行6] 解析成功: SZSE.300037 [新宙邦] SELL @ 76.43 (VR:0.66)
[2026-05-28 09:37:23]  [行7] 解析成功: SZSE.300346 [南大光电] BUY @ 54.75 (VR:0.48)
[2026-05-28 09:37:23] 成功保存 7 条因子至: signal_batch_20260528_093723_675743.txt
[2026-05-28 09:37:23]  QQ-主 邮件 3264 处理完成
[2026-05-28 09:37:23]  QQ-主 本轮共成功处理 1 封有效信号邮件
[2026-05-28 09:37:24]  正在连接 QQ-备用 邮箱服务器 (shouqianbadavid@qq.com) ...
[2026-05-28 09:37:59]  正在连接 QQ-主 邮箱服务器 (497720537@qq.com) ...
[2026-05-28 09:38:00]  正在连接 QQ-备用 邮箱服务器 (shouqianbadavid@qq.com) ...
[2026-05-28 09:38:01]  QQ-备用 正在解析因子: =?utf-8?b?QWxwaGFQaWxvdCDlpIfku73kv6Hlj7cgKGFscGhhX3NpZ25hbF90aHJfMjAyNjA1MjhfMDkzNy5qc29uKSBb5aSHUVEt6Ieq5L+dXQ==?=
[2026-05-28 09:38:01]  发现表格，共 7 行数据
[2026-05-28 09:38:01]  动态索引映射: ['股票代码', '股票名称', '信号', '当前价格', '量比', '来源过滤']
[2026-05-28 09:38:01]  [行1] 解析成功: SZSE.003035 [南网能源] BUY @ 6.99 (VR:0.12)
[2026-05-28 09:38:01]  [行2] 解析成功: SZSE.300037 [新宙邦] SELL @ 76.69 (VR:0.99)
[2026-05-28 09:38:01]  [行3] 解析成功: SZSE.300346 [南大光电] BUY @ 54.36 (VR:0.81)
[2026-05-28 09:38:01]  [行4] 解析成功: SHSE.688700 [东威科技] BUY @ 87.29 (VR:0.08)
[2026-05-28 09:38:01]  [行5] 解析成功: SZSE.003035 [南网能源] BUY @ 7.1 (VR:2.7)
[2026-05-28 09:38:01]  [行6] 解析成功: SZSE.300037 [新宙邦] SELL @ 76.43 (VR:0.66)
[2026-05-28 09:38:01]  [行7] 解析成功: SZSE.300346 [南大光电] BUY @ 54.75 (VR:0.48)
[2026-05-28 09:38:01] 成功保存 7 条因子至: signal_batch_20260528_093801_424684.txt
[2026-05-28 09:38:01]  QQ-备用 邮件 1118 处理完成
[2026-05-28 09:38:01]  QQ-备用 本轮共成功处理 1 封有效信号邮件
[2026-05-28 09:38:37]  正在连接 QQ-主 邮箱服务器 (497720537@qq.com) ...
[2026-05-28 09:38:37]  正在连接 QQ-备用 邮箱服务器 (shouqianbadavid@qq.com) ...
[2026-05-28 09:39:13]  正在连接 QQ-主 邮箱服务器 (497720537@qq.com) ...
[2026-05-28 09:39:13]  正在连接 QQ-备用 邮箱服务器 (shouqianbadavid@qq.com) ...
[2026-05-28 09:39:49]  正在连接 QQ-主 邮箱服务器 (497720537@qq.com) ...
[2026-05-28 09:39:49]  正在连接 QQ-备用 邮箱服务器 (shouqianbadavid@qq.com) ...
[2026-05-28 09:40:25]  正在连接 QQ-主 邮箱服务器 (497720537@qq.com) ...
[2026-05-28 09:40:25]  正在连接 QQ-备用 邮箱服务器 (shouqianbadavid@qq.com) ...
[2026-05-28 09:41:01]  正在连接 QQ-主 邮箱服务器 (497720537@qq.com) ...
[2026-05-28 09:41:01]  正在连接 QQ-备用 邮箱服务器 (shouqianbadavid@qq.com) ...
[2026-05-28 09:41:37]  正在连接 QQ-主 邮箱服务器 (497720537@qq.com) ...
[2026-05-28 09:41:38]  正在连接 QQ-备用 邮箱服务器 (shouqianbadavid@qq.com) ...
[2026-05-28 09:42:13]  正在连接 QQ-主 邮箱服务器 (497720537@qq.com) ...
[2026-05-28 09:42:14]  正在连接 QQ-备用 邮箱服务器 (shouqianbadavid@qq.com) ...
[2026-05-28 09:42:49]  正在连接 QQ-主 邮箱服务器 (497720537@qq.com) ...
[2026-05-28 09:42:50]  正在连接 QQ-备用 邮箱服务器 (shouqianbadavid@qq.com) ...
[2026-05-28 09:43:26]  正在连接 QQ-主 邮箱服务器 (497720537@qq.com) ...
[2026-05-28 09:43:26]  QQ-主 正在解析因子: =?utf-8?b?QWxwaGFQaWxvdCDlrp7ml7bkv6Hlj7cgKGFscGhhX3NpZ25hbF90aHJfMjAyNjA1MjhfMDk0My5qc29uKSBb5Li7UVEt5a+55aSWXQ==?=
[2026-05-28 09:43:26]  发现表格，共 9 行数据
[2026-05-28 09:43:26]  动态索引映射: ['股票代码', '股票名称', '信号', '当前价格', '量比', '来源过滤']
[2026-05-28 09:43:26]  [行1] 解析成功: SZSE.300672 [国科微] SELL @ 338.09 (VR:1.95)
[2026-05-28 09:43:26]  [行2] 解析成功: SZSE.001309 [德利明] SELL @ 641.97 (VR:0.04)
[2026-05-28 09:43:26]  [行3] 解析成功: SZSE.300054 [鼎龙股份] BUY @ 72.29 (VR:0.26)
[2026-05-28 09:43:26]  [行4] 解析成功: SZSE.300666 [江丰电子] BUY @ 188.66 (VR:1.33)
[2026-05-28 09:43:26]  [行5] 解析成功: SZSE.300054 [鼎龙股份] BUY @ 72.78 (VR:0.04)
[2026-05-28 09:43:26]  [行6] 解析成功: SZSE.300672 [国科微] SELL @ 338.0 (VR:0.7)
[2026-05-28 09:43:26]  [行7] 解析成功: SZSE.001309 [德利明] SELL @ 640.46 (VR:0.26)
[2026-05-28 09:43:26]  [行8] 解析成功: SZSE.300054 [鼎龙股份] BUY @ 72.68 (VR:0.3)
[2026-05-28 09:43:26]  [行9] 解析成功: SZSE.300054 [鼎龙股份] BUY @ 73.05 (VR:0.04)
[2026-05-28 09:43:26] 成功保存 9 条因子至: signal_batch_20260528_094326_928415.txt
[2026-05-28 09:43:27]  QQ-主 邮件 3265 处理完成
[2026-05-28 09:43:27]  QQ-主 本轮共成功处理 1 封有效信号邮件
[2026-05-28 09:43:27]  正在连接 QQ-备用 邮箱服务器 (shouqianbadavid@qq.com) ...
[2026-05-28 09:44:02]  正在连接 QQ-主 邮箱服务器 (497720537@qq.com) ...
[2026-05-28 09:44:03]  正在连接 QQ-备用 邮箱服务器 (shouqianbadavid@qq.com) ...
[2026-05-28 09:44:03]  QQ-备用 正在解析因子: =?utf-8?b?QWxwaGFQaWxvdCDlpIfku73kv6Hlj7cgKGFscGhhX3NpZ25hbF90aHJfMjAyNjA1MjhfMDk0My5qc29uKSBb5aSHUVEt6Ieq5L+dXQ==?=
[2026-05-28 09:44:03]  发现表格，共 9 行数据
[2026-05-28 09:44:03]  动态索引映射: ['股票代码', '股票名称', '信号', '当前价格', '量比', '来源过滤']
[2026-05-28 09:44:03]  [行1] 解析成功: SZSE.300672 [国科微] SELL @ 338.09 (VR:1.95)
[2026-05-28 09:44:03]  [行2] 解析成功: SZSE.001309 [德利明] SELL @ 641.97 (VR:0.04)
[2026-05-28 09:44:03]  [行3] 解析成功: SZSE.300054 [鼎龙股份] BUY @ 72.29 (VR:0.26)
[2026-05-28 09:44:03]  [行4] 解析成功: SZSE.300666 [江丰电子] BUY @ 188.66 (VR:1.33)
[2026-05-28 09:44:03]  [行5] 解析成功: SZSE.300054 [鼎龙股份] BUY @ 72.78 (VR:0.04)
[2026-05-28 09:44:03]  [行6] 解析成功: SZSE.300672 [国科微] SELL @ 338.0 (VR:0.7)
[2026-05-28 09:44:03]  [行7] 解析成功: SZSE.001309 [德利明] SELL @ 640.46 (VR:0.26)
[2026-05-28 09:44:03]  [行8] 解析成功: SZSE.300054 [鼎龙股份] BUY @ 72.68 (VR:0.3)
[2026-05-28 09:44:03]  [行9] 解析成功: SZSE.300054 [鼎龙股份] BUY @ 73.05 (VR:0.04)
[2026-05-28 09:44:03] 成功保存 9 条因子至: signal_batch_20260528_094403_985181.txt
[2026-05-28 09:44:04]  QQ-备用 邮件 1119 处理完成
[2026-05-28 09:44:04]  QQ-备用 本轮共成功处理 1 封有效信号邮件
[2026-05-28 09:44:39]  正在连接 QQ-主 邮箱服务器 (497720537@qq.com) ...
[2026-05-28 09:44:39]  正在连接 QQ-备用 邮箱服务器 (shouqianbadavid@qq.com) ...
[2026-05-28 09:45:15]  正在连接 QQ-主 邮箱服务器 (497720537@qq.com) ...
[2026-05-28 09:45:16]  正在连接 QQ-备用 邮箱服务器 (shouqianbadavid@qq.com) ...
[2026-05-28 09:45:52]  正在连接 QQ-主 邮箱服务器 (497720537@qq.com) ...
[2026-05-28 09:45:52]  正在连接 QQ-备用 邮箱服务器 (shouqianbadavid@qq.com) ...
[2026-05-28 09:46:28]  正在连接 QQ-主 邮箱服务器 (497720537@qq.com) ...
[2026-05-28 09:46:28]  正在连接 QQ-备用 邮箱服务器 (shouqianbadavid@qq.com) ...
[2026-05-28 09:47:04]  正在连接 QQ-主 邮箱服务器 (497720537@qq.com) ...
[2026-05-28 09:47:04]  正在连接 QQ-备用 邮箱服务器 (shouqianbadavid@qq.com) ...
[2026-05-28 09:47:40]  正在连接 QQ-主 邮箱服务器 (497720537@qq.com) ...
[2026-05-28 09:47:41]  正在连接 QQ-备用 邮箱服务器 (shouqianbadavid@qq.com) ...
[2026-05-28 09:48:16]  正在连接 QQ-主 邮箱服务器 (497720537@qq.com) ...
[2026-05-28 09:48:17]  正在连接 QQ-备用 邮箱服务器 (shouqianbadavid@qq.com) ...
[2026-05-28 09:48:53]  正在连接 QQ-主 邮箱服务器 (497720537@qq.com) ...
[2026-05-28 09:48:53]  正在连接 QQ-备用 邮箱服务器 (shouqianbadavid@qq.com) ...
[2026-05-28 09:49:29]  正在连接 QQ-主 邮箱服务器 (497720537@qq.com) ...
[2026-05-28 09:49:29]  正在连接 QQ-备用 邮箱服务器 (shouqianbadavid@qq.com) ...
[2026-05-28 09:50:05]  正在连接 QQ-主 邮箱服务器 (497720537@qq.com) ...
[2026-05-28 09:50:06]  QQ-主 正在解析因子: =?GBK?B?MjAyNsTqMDXUwjI3yNW358/Vycy7p8fltaU=?=
[2026-05-28 09:50:06]  QQ-主 邮件 3266 无 HTML 表格
[2026-05-28 09:50:06]  正在连接 QQ-备用 邮箱服务器 (shouqianbadavid@qq.com) ...
[2026-05-28 09:50:42]  正在连接 QQ-主 邮箱服务器 (497720537@qq.com) ...
[2026-05-28 09:50:43]  正在连接 QQ-备用 邮箱服务器 (shouqianbadavid@qq.com) ...
[2026-05-28 09:51:18]  正在连接 QQ-主 邮箱服务器 (497720537@qq.com) ...
[2026-05-28 09:51:19]  正在连接 QQ-备用 邮箱服务器 (shouqianbadavid@qq.com) ...
[2026-05-28 09:51:19]  QQ-备用 正在解析因子: =?utf-8?b?QWxwaGFQaWxvdCDlpIfku73kv6Hlj7cgKGFscGhhX3NpZ25hbF90aHJfMjAyNjA1MjhfMDk1MC5qc29uKSBb5aSHUVEt6Ieq5L+dXQ==?=
[2026-05-28 09:51:19]  发现表格，共 15 行数据
[2026-05-28 09:51:20]  动态索引映射: ['股票代码', '股票名称', '信号', '当前价格', '量比', '来源过滤']
[2026-05-28 09:51:20]  [行1] 解析成功: SHSE.688392 [娇成超声] BUY @ 155.1 (VR:0.24)
[2026-05-28 09:51:20]  [行2] 解析成功: SHSE.600699 [均胜电子] BUY @ 29.12 (VR:0.12)
[2026-05-28 09:51:20]  [行3] 解析成功: SHSE.600151 [航天机电] SELL @ 14.68 (VR:1.96)
[2026-05-28 09:51:20]  [行4] 解析成功: SZSE.300308 [中际旭创] SELL @ 1096.29 (VR:0.72)
[2026-05-28 09:51:20]  [行5] 解析成功: SZSE.300936 [中英科技] SELL @ 91.32 (VR:2.41)
[2026-05-28 09:51:20]  [行6] 解析成功: SZSE.000407 [胜利股份] BUY @ 4.18 (VR:0.12)
[2026-05-28 09:51:20]  [行7] 解析成功: SZSE.001258 [立新能源] SELL @ 9.91 (VR:1.77)
[2026-05-28 09:51:20]  [行8] 解析成功: SZSE.300352 [北信源] SELL @ 3.06 (VR:0.0)
[2026-05-28 09:51:20]  [行9] 解析成功: SHSE.600699 [均胜电子] BUY @ 29.3 (VR:0.19)
[2026-05-28 09:51:20]  [行10] 解析成功: SHSE.600151 [航天机电] SELL @ 14.59 (VR:2.58)
[2026-05-28 09:51:20]  [行11] 解析成功: SZSE.300308 [中际旭创] SELL @ 1092.42 (VR:1.01)
[2026-05-28 09:51:20]  [行12] 解析成功: SZSE.300433 [蓝思科技] BUY @ 40.84 (VR:0.08)
[2026-05-28 09:51:20]  [行13] 解析成功: SZSE.300936 [中英科技] SELL @ 90.26 (VR:0.28)
[2026-05-28 09:51:20]  [行14] 解析成功: SZSE.000407 [胜利股份] BUY @ 4.19 (VR:0.23)
[2026-05-28 09:51:20]  [行15] 解析成功: SZSE.300352 [北信源] SELL @ 3.05 (VR:0.1)
[2026-05-28 09:51:20] 成功保存 15 条因子至: signal_batch_20260528_095120_019598.txt
[2026-05-28 09:51:20]  QQ-备用 邮件 1120 处理完成
[2026-05-28 09:51:20]  QQ-备用 本轮共成功处理 1 封有效信号邮件
[2026-05-28 09:51:55]  正在连接 QQ-主 邮箱服务器 (497720537@qq.com) ...
[2026-05-28 09:51:56]  正在连接 QQ-备用 邮箱服务器 (shouqianbadavid@qq.com) ...
[2026-05-28 09:52:32]  正在连接 QQ-主 邮箱服务器 (497720537@qq.com) ...
[2026-05-28 09:52:32]  正在连接 QQ-备用 邮箱服务器 (shouqianbadavid@qq.com) ...
[2026-05-28 09:53:08]  正在连接 QQ-主 邮箱服务器 (497720537@qq.com) ...
[2026-05-28 09:53:08]  正在连接 QQ-备用 邮箱服务器 (shouqianbadavid@qq.com) ...
[2026-05-28 09:53:44]  正在连接 QQ-主 邮箱服务器 (497720537@qq.com) ...
[2026-05-28 09:53:45]  正在连接 QQ-备用 邮箱服务器 (shouqianbadavid@qq.com) ...
[2026-05-28 09:54:20]  正在连接 QQ-主 邮箱服务器 (497720537@qq.com) ...
[2026-05-28 09:54:21]  正在连接 QQ-备用 邮箱服务器 (shouqianbadavid@qq.com) ...
[2026-05-28 09:54:56]  正在连接 QQ-主 邮箱服务器 (497720537@qq.com) ...
[2026-05-28 09:54:57]  正在连接 QQ-备用 邮箱服务器 (shouqianbadavid@qq.com) ...
[2026-05-28 09:55:32]  正在连接 QQ-主 邮箱服务器 (497720537@qq.com) ...
[2026-05-28 09:55:33]  正在连接 QQ-备用 邮箱服务器 (shouqianbadavid@qq.com) ...
[2026-05-28 09:56:09]  正在连接 QQ-主 邮箱服务器 (497720537@qq.com) ...
[2026-05-28 09:56:09]  正在连接 QQ-备用 邮箱服务器 (shouqianbadavid@qq.com) ...
[2026-05-28 09:56:45]  正在连接 QQ-主 邮箱服务器 (497720537@qq.com) ...
[2026-05-28 09:56:46]  正在连接 QQ-备用 邮箱服务器 (shouqianbadavid@qq.com) ...
[2026-05-28 09:57:21]  正在连接 QQ-主 邮箱服务器 (497720537@qq.com) ...
[2026-05-28 09:57:22]  QQ-主 正在解析因子: =?utf-8?b?QWxwaGFQaWxvdCDlrp7ml7bkv6Hlj7cgKGFscGhhX3NpZ25hbF90aHJfMjAyNjA1MjhfMDk1Ny5qc29uKSBb5Li7UVEt5a+55aSWXQ==?=
[2026-05-28 09:57:22]  发现表格，共 11 行数据
[2026-05-28 09:57:22]  动态索引映射: ['股票代码', '股票名称', '信号', '当前价格', '量比', '来源过滤']
[2026-05-28 09:57:22]  [行1] 解析成功: SHSE.600722 [金牛化工] SELL @ 10.49 (VR:0.2)
[2026-05-28 09:57:22]  [行2] 解析成功: SZSE.301158 [万集科技] SELL @ 16.62 (VR:0.31)
[2026-05-28 09:57:22]  [行3] 解析成功: SZSE.300259 [新天科技] BUY @ 7.28 (VR:0.94)
[2026-05-28 09:57:22]  [行4] 解析成功: SZSE.300739 [明阳电路] BUY @ 35.96 (VR:0.05)
[2026-05-28 09:57:22]  [行5] 解析成功: SZSE.300195 [长荣股份] SELL @ 6.03 (VR:0.46)
[2026-05-28 09:57:22]  [行6] 解析成功: SZSE.301226 [祥明智能] BUY @ 40.67 (VR:1.75)
[2026-05-28 09:57:22]  [行7] 解析成功: SZSE.301667 [纳百川] BUY @ 102.98 (VR:1.14)
[2026-05-28 09:57:22]  [行8] 解析成功: SZSE.301158 [万集科技] SELL @ 16.59 (VR:0.46)
[2026-05-28 09:57:22]  [行9] 解析成功: SZSE.301018 [申菱环境] SELL @ 152.77 (VR:0.5)
[2026-05-28 09:57:22]  [行10] 解析成功: SZSE.301226 [祥明智能] BUY @ 40.71 (VR:1.73)
[2026-05-28 09:57:22]  [行11] 解析成功: SZSE.300345 [华民股份] SELL @ 6.04 (VR:0.17)
[2026-05-28 09:57:22] 成功保存 11 条因子至: signal_batch_20260528_095722_299515.txt
[2026-05-28 09:57:22]  QQ-主 邮件 3268 处理完成
[2026-05-28 09:57:22]  QQ-主 本轮共成功处理 1 封有效信号邮件
[2026-05-28 09:57:22]  正在连接 QQ-备用 邮箱服务器 (shouqianbadavid@qq.com) ...
[2026-05-28 09:57:23]  QQ-备用 正在解析因子: =?utf-8?b?QWxwaGFQaWxvdCDlpIfku73kv6Hlj7cgKGFscGhhX3NpZ25hbF90aHJfMjAyNjA1MjhfMDk1Ny5qc29uKSBb5aSHUVEt6Ieq5L+dXQ==?=
[2026-05-28 09:57:23]  发现表格，共 11 行数据
[2026-05-28 09:57:23]  动态索引映射: ['股票代码', '股票名称', '信号', '当前价格', '量比', '来源过滤']
[2026-05-28 09:57:23]  [行1] 解析成功: SHSE.600722 [金牛化工] SELL @ 10.49 (VR:0.2)
[2026-05-28 09:57:23]  [行2] 解析成功: SZSE.301158 [万集科技] SELL @ 16.62 (VR:0.31)
[2026-05-28 09:57:23]  [行3] 解析成功: SZSE.300259 [新天科技] BUY @ 7.28 (VR:0.94)
[2026-05-28 09:57:23]  [行4] 解析成功: SZSE.300739 [明阳电路] BUY @ 35.96 (VR:0.05)
[2026-05-28 09:57:23]  [行5] 解析成功: SZSE.300195 [长荣股份] SELL @ 6.03 (VR:0.46)
[2026-05-28 09:57:23]  [行6] 解析成功: SZSE.301226 [祥明智能] BUY @ 40.67 (VR:1.75)
[2026-05-28 09:57:23]  [行7] 解析成功: SZSE.301667 [纳百川] BUY @ 102.98 (VR:1.14)
[2026-05-28 09:57:23]  [行8] 解析成功: SZSE.301158 [万集科技] SELL @ 16.59 (VR:0.46)
[2026-05-28 09:57:23]  [行9] 解析成功: SZSE.301018 [申菱环境] SELL @ 152.77 (VR:0.5)
[2026-05-28 09:57:23]  [行10] 解析成功: SZSE.301226 [祥明智能] BUY @ 40.71 (VR:1.73)
[2026-05-28 09:57:23]  [行11] 解析成功: SZSE.300345 [华民股份] SELL @ 6.04 (VR:0.17)
[2026-05-28 09:57:23] 成功保存 11 条因子至: signal_batch_20260528_095723_287554.txt
[2026-05-28 09:57:23]  QQ-备用 邮件 1121 处理完成
[2026-05-28 09:57:23]  QQ-备用 本轮共成功处理 1 封有效信号邮件
[2026-05-28 09:57:58]  正在连接 QQ-主 邮箱服务器 (497720537@qq.com) ...
[2026-05-28 09:57:58]  正在连接 QQ-备用 邮箱服务器 (shouqianbadavid@qq.com) ...
[2026-05-28 09:58:34]  正在连接 QQ-主 邮箱服务器 (497720537@qq.com) ...
[2026-05-28 09:58:35]  正在连接 QQ-备用 邮箱服务器 (shouqianbadavid@qq.com) ...
[2026-05-28 09:59:10]  正在连接 QQ-主 邮箱服务器 (497720537@qq.com) ...
[2026-05-28 09:59:12]  正在连接 QQ-备用 邮箱服务器 (shouqianbadavid@qq.com) ...
[2026-05-28 09:59:47]  正在连接 QQ-主 邮箱服务器 (497720537@qq.com) ...
[2026-05-28 09:59:48]  正在连接 QQ-备用 邮箱服务器 (shouqianbadavid@qq.com) ...
[2026-05-28 10:00:24]  正在连接 QQ-主 邮箱服务器 (497720537@qq.com) ...
[2026-05-28 10:00:24]  正在连接 QQ-备用 邮箱服务器 (shouqianbadavid@qq.com) ...
[2026-05-28 10:01:00]  正在连接 QQ-主 邮箱服务器 (497720537@qq.com) ...
[2026-05-28 10:01:01]  正在连接 QQ-备用 邮箱服务器 (shouqianbadavid@qq.com) ...
[2026-05-28 10:01:36]  正在连接 QQ-主 邮箱服务器 (497720537@qq.com) ...
[2026-05-28 10:01:37]  正在连接 QQ-备用 邮箱服务器 (shouqianbadavid@qq.com) ...
[2026-05-28 10:02:13]  正在连接 QQ-主 邮箱服务器 (497720537@qq.com) ...
[2026-05-28 10:02:13]  正在连接 QQ-备用 邮箱服务器 (shouqianbadavid@qq.com) ...
[2026-05-28 10:02:49]  正在连接 QQ-主 邮箱服务器 (497720537@qq.com) ...
[2026-05-28 10:02:49]  正在连接 QQ-备用 邮箱服务器 (shouqianbadavid@qq.com) ...
[2026-05-28 10:03:25]  正在连接 QQ-主 邮箱服务器 (497720537@qq.com) ...
[2026-05-28 10:03:25]  正在连接 QQ-备用 邮箱服务器 (shouqianbadavid@qq.com) ...
[2026-05-28 10:04:01]  正在连接 QQ-主 邮箱服务器 (497720537@qq.com) ...
[2026-05-28 10:04:02]  QQ-主 正在解析因子: =?utf-8?b?QWxwaGFQaWxvdCDlrp7ml7bkv6Hlj7cgKGFscGhhX3NpZ25hbF90aHJfMjAyNjA1MjhfMTAwMy5qc29uKSBb5Li7UVEt5a+55aSWXQ==?=
[2026-05-28 10:04:02]  发现表格，共 11 行数据
[2026-05-28 10:04:02]  动态索引映射: ['股票代码', '股票名称', '信号', '当前价格', '量比', '来源过滤']
[2026-05-28 10:04:02]  [行1] 解析成功: SHSE.600353 [旭光电子] SELL @ 23.4 (VR:1.14)
[2026-05-28 10:04:02]  [行2] 解析成功: SZSE.300868 [绿盟科技] BUY @ 112.32 (VR:0.55)
[2026-05-28 10:04:02]  [行3] 解析成功: SZSE.300626 [华测导航] BUY @ 38.78 (VR:0.79)
[2026-05-28 10:04:02]  [行4] 解析成功: SZSE.300811 [铂力特] SELL @ 86.66 (VR:0.53)
[2026-05-28 10:04:02]  [行5] 解析成功: SZSE.300720 [海川智能] SELL @ 61.53 (VR:0.01)
[2026-05-28 10:04:02]  [行6] 解析成功: SZSE.001258 [立新能源] BUY @ 10.12 (VR:0.03)
[2026-05-28 10:04:02]  [行7] 解析成功: SZSE.300868 [绿盟科技] BUY @ 112.68 (VR:0.03)
[2026-05-28 10:04:02]  [行8] 解析成功: SZSE.300626 [华测导航] BUY @ 38.83 (VR:0.72)
[2026-05-28 10:04:02]  [行9] 解析成功: SZSE.300811 [铂力特] SELL @ 86.64 (VR:0.17)
[2026-05-28 10:04:02]  [行10] 解析成功: SZSE.300720 [海川智能] SELL @ 61.73 (VR:0.48)
[2026-05-28 10:04:02]  [行11] 解析成功: SZSE.301358 [湖南裕能] SELL @ 86.78 (VR:0.28)
[2026-05-28 10:04:02] 成功保存 11 条因子至: signal_batch_20260528_100402_325069.txt
[2026-05-28 10:04:02]  QQ-主 邮件 3269 处理完成
[2026-05-28 10:04:02]  QQ-主 本轮共成功处理 1 封有效信号邮件
[2026-05-28 10:04:02]  正在连接 QQ-备用 邮箱服务器 (shouqianbadavid@qq.com) ...
[2026-05-28 10:04:38]  正在连接 QQ-主 邮箱服务器 (497720537@qq.com) ...
[2026-05-28 10:04:38]  正在连接 QQ-备用 邮箱服务器 (shouqianbadavid@qq.com) ...
[2026-05-28 10:04:39]  QQ-备用 正在解析因子: =?utf-8?b?QWxwaGFQaWxvdCDlpIfku73kv6Hlj7cgKGFscGhhX3NpZ25hbF90aHJfMjAyNjA1MjhfMTAwMy5qc29uKSBb5aSHUVEt6Ieq5L+dXQ==?=
[2026-05-28 10:04:39]  发现表格，共 11 行数据
[2026-05-28 10:04:39]  动态索引映射: ['股票代码', '股票名称', '信号', '当前价格', '量比', '来源过滤']
[2026-05-28 10:04:39]  [行1] 解析成功: SHSE.600353 [旭光电子] SELL @ 23.4 (VR:1.14)
[2026-05-28 10:04:39]  [行2] 解析成功: SZSE.300868 [绿盟科技] BUY @ 112.32 (VR:0.55)
[2026-05-28 10:04:39]  [行3] 解析成功: SZSE.300626 [华测导航] BUY @ 38.78 (VR:0.79)
[2026-05-28 10:04:39]  [行4] 解析成功: SZSE.300811 [铂力特] SELL @ 86.66 (VR:0.53)
[2026-05-28 10:04:39]  [行5] 解析成功: SZSE.300720 [海川智能] SELL @ 61.53 (VR:0.01)
[2026-05-28 10:04:39]  [行6] 解析成功: SZSE.001258 [立新能源] BUY @ 10.12 (VR:0.03)
[2026-05-28 10:04:39]  [行7] 解析成功: SZSE.300868 [绿盟科技] BUY @ 112.68 (VR:0.03)
[2026-05-28 10:04:39]  [行8] 解析成功: SZSE.300626 [华测导航] BUY @ 38.83 (VR:0.72)
[2026-05-28 10:04:39]  [行9] 解析成功: SZSE.300811 [铂力特] SELL @ 86.64 (VR:0.17)
[2026-05-28 10:04:39]  [行10] 解析成功: SZSE.300720 [海川智能] SELL @ 61.73 (VR:0.48)
[2026-05-28 10:04:39]  [行11] 解析成功: SZSE.301358 [湖南裕能] SELL @ 86.78 (VR:0.28)
[2026-05-28 10:04:39] 成功保存 11 条因子至: signal_batch_20260528_100439_584045.txt
[2026-05-28 10:04:39]  QQ-备用 邮件 1122 处理完成
[2026-05-28 10:04:39]  QQ-备用 本轮共成功处理 1 封有效信号邮件
[2026-05-28 10:05:14]  正在连接 QQ-主 邮箱服务器 (497720537@qq.com) ...
[2026-05-28 10:05:15]  正在连接 QQ-备用 邮箱服务器 (shouqianbadavid@qq.com) ...
[2026-05-28 10:05:50]  正在连接 QQ-主 邮箱服务器 (497720537@qq.com) ...
[2026-05-28 10:05:51]  正在连接 QQ-备用 邮箱服务器 (shouqianbadavid@qq.com) ...
[2026-05-28 10:06:27]  正在连接 QQ-主 邮箱服务器 (497720537@qq.com) ...
[2026-05-28 10:06:27]  正在连接 QQ-备用 邮箱服务器 (shouqianbadavid@qq.com) ...
[2026-05-28 10:07:03]  正在连接 QQ-主 邮箱服务器 (497720537@qq.com) ...
[2026-05-28 10:07:03]  正在连接 QQ-备用 邮箱服务器 (shouqianbadavid@qq.com) ...
[2026-05-28 10:07:39]  正在连接 QQ-主 邮箱服务器 (497720537@qq.com) ...
[2026-05-28 10:07:40]  正在连接 QQ-备用 邮箱服务器 (shouqianbadavid@qq.com) ...
[2026-05-28 10:08:16]  正在连接 QQ-主 邮箱服务器 (497720537@qq.com) ...
[2026-05-28 10:08:16]  正在连接 QQ-备用 邮箱服务器 (shouqianbadavid@qq.com) ...
[2026-05-28 10:08:52]  正在连接 QQ-主 邮箱服务器 (497720537@qq.com) ...
[2026-05-28 10:08:53]  正在连接 QQ-备用 邮箱服务器 (shouqianbadavid@qq.com) ...
[2026-05-28 10:09:28]  正在连接 QQ-主 邮箱服务器 (497720537@qq.com) ...
[2026-05-28 10:09:29]  正在连接 QQ-备用 邮箱服务器 (shouqianbadavid@qq.com) ...
[2026-05-28 10:10:04]  正在连接 QQ-主 邮箱服务器 (497720537@qq.com) ...
[2026-05-28 10:10:05]  正在连接 QQ-备用 邮箱服务器 (shouqianbadavid@qq.com) ...
[2026-05-28 10:10:40]  正在连接 QQ-主 邮箱服务器 (497720537@qq.com) ...
[2026-05-28 10:10:41]  正在连接 QQ-备用 邮箱服务器 (shouqianbadavid@qq.com) ...
[2026-05-28 10:11:16]  正在连接 QQ-主 邮箱服务器 (497720537@qq.com) ...
[2026-05-28 10:11:17]  正在连接 QQ-备用 邮箱服务器 (shouqianbadavid@qq.com) ...
[2026-05-28 10:11:53]  正在连接 QQ-主 邮箱服务器 (497720537@qq.com) ...
[2026-05-28 10:11:53]  QQ-主 正在解析因子: =?utf-8?b?QWxwaGFQaWxvdCDlrp7ml7bkv6Hlj7cgKGFscGhhX3NpZ25hbF90aHJfMjAyNjA1MjhfMTAxMS5qc29uKSBb5Li7UVEt5a+55aSWXQ==?=
[2026-05-28 10:11:53]  发现表格，共 23 行数据
[2026-05-28 10:11:53]  动态索引映射: ['股票代码', '股票名称', '信号', '当前价格', '量比', '来源过滤']
[2026-05-28 10:11:53]  [行1] 解析成功: SHSE.601016 [节能风电] BUY @ 4.95 (VR:0.42)
[2026-05-28 10:11:53]  [行2] 解析成功: SHSE.600989 [宝丰能源] BUY @ 24.72 (VR:0.2)
[2026-05-28 10:11:53]  [行3] 解析成功: SHSE.688700 [东威科技] SELL @ 86.4 (VR:0.26)
[2026-05-28 10:11:53]  [行4] 解析成功: SHSE.688689 [银河微电] SELL @ 42.75 (VR:0.41)
[2026-05-28 10:11:53]  [行5] 解析成功: SZSE.002455 [百川股份] BUY @ 8.85 (VR:0.54)
[2026-05-28 10:11:53]  [行6] 解析成功: SZSE.003035 [南网能源] SELL @ 7.2 (VR:0.77)
[2026-05-28 10:11:53]  [行7] 解析成功: SZSE.300037 [新宙邦] BUY @ 74.86 (VR:0.16)
[2026-05-28 10:11:53]  [行8] 解析成功: SZSE.002611 [东方精工] SELL @ 17.57 (VR:1.81)
[2026-05-28 10:11:53]  [行9] 解析成功: SZSE.301419 [瑞可达] BUY @ 39.19 (VR:0.74)
[2026-05-28 10:11:53]  [行10] 解析成功: SZSE.301071 [力量钻石] SELL @ 81.65 (VR:0.75)
[2026-05-28 10:11:53]  [行11] 解析成功: SZSE.300930 [屹通新材] SELL @ 33.11 (VR:1.36)
[2026-05-28 10:11:53]  [行12] 解析成功: SZSE.301389 [隆扬电子] SELL @ 85.6 (VR:0.18)
[2026-05-28 10:11:53]  [行13] 解析成功: SHSE.601016 [节能风电] BUY @ 4.97 (VR:0.18)
[2026-05-28 10:11:53]  [行14] 解析成功: SHSE.600989 [宝丰能源] BUY @ 24.76 (VR:0.19)
[2026-05-28 10:11:53]  [行15] 解析成功: SHSE.688700 [东威科技] BUY @ 86.02 (VR:0.25)
[2026-05-28 10:11:53]  [行16] 解析成功: SHSE.688689 [银河微电] SELL @ 42.6 (VR:0.86)
[2026-05-28 10:11:53]  [行17] 解析成功: SZSE.002611 [东方精工] SELL @ 17.54 (VR:0.26)
[2026-05-28 10:11:53]  [行18] 解析成功: SZSE.301419 [瑞可达] BUY @ 39.29 (VR:1.32)
[2026-05-28 10:11:53]  [行19] 解析成功: SZSE.300346 [南大光电] BUY @ 57.4 (VR:1.52)
[2026-05-28 10:11:53]  [行20] 解析成功: SZSE.301071 [力量钻石] SELL @ 81.59 (VR:0.56)
[2026-05-28 10:11:53]  [行21] 解析成功: SZSE.300930 [屹通新材] SELL @ 33.0 (VR:3.24)
[2026-05-28 10:11:53]  [行22] 解析成功: SZSE.300449 [汉邦高科] BUY @ 8.11 (VR:0.77)
[2026-05-28 10:11:53]  [行23] 解析成功: SZSE.301389 [隆扬电子] SELL @ 85.51 (VR:0.6)
[2026-05-28 10:11:54] 成功保存 23 条因子至: signal_batch_20260528_101154_002994.txt
[2026-05-28 10:11:54]  QQ-主 邮件 3270 处理完成
[2026-05-28 10:11:54]  QQ-主 本轮共成功处理 1 封有效信号邮件
[2026-05-28 10:11:54]  正在连接 QQ-备用 邮箱服务器 (shouqianbadavid@qq.com) ...
[2026-05-28 10:11:55]  QQ-备用 正在解析因子: =?utf-8?b?QWxwaGFQaWxvdCDlpIfku73kv6Hlj7cgKGFscGhhX3NpZ25hbF90aHJfMjAyNjA1MjhfMTAxMS5qc29uKSBb5aSHUVEt6Ieq5L+dXQ==?=
[2026-05-28 10:11:55]  发现表格，共 23 行数据
[2026-05-28 10:11:55]  动态索引映射: ['股票代码', '股票名称', '信号', '当前价格', '量比', '来源过滤']
[2026-05-28 10:11:55]  [行1] 解析成功: SHSE.601016 [节能风电] BUY @ 4.95 (VR:0.42)
[2026-05-28 10:11:55]  [行2] 解析成功: SHSE.600989 [宝丰能源] BUY @ 24.72 (VR:0.2)
[2026-05-28 10:11:55]  [行3] 解析成功: SHSE.688700 [东威科技] SELL @ 86.4 (VR:0.26)
[2026-05-28 10:11:55]  [行4] 解析成功: SHSE.688689 [银河微电] SELL @ 42.75 (VR:0.41)
[2026-05-28 10:11:55]  [行5] 解析成功: SZSE.002455 [百川股份] BUY @ 8.85 (VR:0.54)
[2026-05-28 10:11:55]  [行6] 解析成功: SZSE.003035 [南网能源] SELL @ 7.2 (VR:0.77)
[2026-05-28 10:11:55]  [行7] 解析成功: SZSE.300037 [新宙邦] BUY @ 74.86 (VR:0.16)
[2026-05-28 10:11:55]  [行8] 解析成功: SZSE.002611 [东方精工] SELL @ 17.57 (VR:1.81)
[2026-05-28 10:11:55]  [行9] 解析成功: SZSE.301419 [瑞可达] BUY @ 39.19 (VR:0.74)
[2026-05-28 10:11:55]  [行10] 解析成功: SZSE.301071 [力量钻石] SELL @ 81.65 (VR:0.75)
[2026-05-28 10:11:55]  [行11] 解析成功: SZSE.300930 [屹通新材] SELL @ 33.11 (VR:1.36)
[2026-05-28 10:11:55]  [行12] 解析成功: SZSE.301389 [隆扬电子] SELL @ 85.6 (VR:0.18)
[2026-05-28 10:11:55]  [行13] 解析成功: SHSE.601016 [节能风电] BUY @ 4.97 (VR:0.18)
[2026-05-28 10:11:55]  [行14] 解析成功: SHSE.600989 [宝丰能源] BUY @ 24.76 (VR:0.19)
[2026-05-28 10:11:55]  [行15] 解析成功: SHSE.688700 [东威科技] BUY @ 86.02 (VR:0.25)
[2026-05-28 10:11:55]  [行16] 解析成功: SHSE.688689 [银河微电] SELL @ 42.6 (VR:0.86)
[2026-05-28 10:11:55]  [行17] 解析成功: SZSE.002611 [东方精工] SELL @ 17.54 (VR:0.26)
[2026-05-28 10:11:55]  [行18] 解析成功: SZSE.301419 [瑞可达] BUY @ 39.29 (VR:1.32)
[2026-05-28 10:11:55]  [行19] 解析成功: SZSE.300346 [南大光电] BUY @ 57.4 (VR:1.52)
[2026-05-28 10:11:55]  [行20] 解析成功: SZSE.301071 [力量钻石] SELL @ 81.59 (VR:0.56)
[2026-05-28 10:11:55]  [行21] 解析成功: SZSE.300930 [屹通新材] SELL @ 33.0 (VR:3.24)
[2026-05-28 10:11:55]  [行22] 解析成功: SZSE.300449 [汉邦高科] BUY @ 8.11 (VR:0.77)
[2026-05-28 10:11:55]  [行23] 解析成功: SZSE.301389 [隆扬电子] SELL @ 85.51 (VR:0.6)
[2026-05-28 10:11:55] 成功保存 23 条因子至: signal_batch_20260528_101155_055965.txt
[2026-05-28 10:11:55]  QQ-备用 邮件 1123 处理完成
[2026-05-28 10:11:55]  QQ-备用 本轮共成功处理 1 封有效信号邮件
[2026-05-28 10:12:30]  正在连接 QQ-主 邮箱服务器 (497720537@qq.com) ...
[2026-05-28 10:12:31]  正在连接 QQ-备用 邮箱服务器 (shouqianbadavid@qq.com) ...
[2026-05-28 10:13:06]  正在连接 QQ-主 邮箱服务器 (497720537@qq.com) ...
[2026-05-28 10:13:07]  正在连接 QQ-备用 邮箱服务器 (shouqianbadavid@qq.com) ...
[2026-05-28 10:13:43]  正在连接 QQ-主 邮箱服务器 (497720537@qq.com) ...
[2026-05-28 10:13:44]  正在连接 QQ-备用 邮箱服务器 (shouqianbadavid@qq.com) ...
[2026-05-28 10:14:20]  正在连接 QQ-主 邮箱服务器 (497720537@qq.com) ...
[2026-05-28 10:14:20]  正在连接 QQ-备用 邮箱服务器 (shouqianbadavid@qq.com) ...
[2026-05-28 10:14:56]  正在连接 QQ-主 邮箱服务器 (497720537@qq.com) ...
[2026-05-28 10:14:56]  正在连接 QQ-备用 邮箱服务器 (shouqianbadavid@qq.com) ...
[2026-05-28 10:15:32]  正在连接 QQ-主 邮箱服务器 (497720537@qq.com) ...
[2026-05-28 10:15:33]  正在连接 QQ-备用 邮箱服务器 (shouqianbadavid@qq.com) ...
[2026-05-28 10:16:08]  正在连接 QQ-主 邮箱服务器 (497720537@qq.com) ...
[2026-05-28 10:16:09]  正在连接 QQ-备用 邮箱服务器 (shouqianbadavid@qq.com) ...
[2026-05-28 10:16:45]  正在连接 QQ-主 邮箱服务器 (497720537@qq.com) ...
[2026-05-28 10:16:45]  正在连接 QQ-备用 邮箱服务器 (shouqianbadavid@qq.com) ...
[2026-05-28 10:17:21]  正在连接 QQ-主 邮箱服务器 (497720537@qq.com) ...
[2026-05-28 10:17:21]  正在连接 QQ-备用 邮箱服务器 (shouqianbadavid@qq.com) ...
[2026-05-28 10:17:57]  正在连接 QQ-主 邮箱服务器 (497720537@qq.com) ...
[2026-05-28 10:17:58]  正在连接 QQ-备用 邮箱服务器 (shouqianbadavid@qq.com) ...
[2026-05-28 10:18:33]  正在连接 QQ-主 邮箱服务器 (497720537@qq.com) ...
[2026-05-28 10:18:34]  QQ-主 正在解析因子: =?utf-8?b?QWxwaGFQaWxvdCDlrp7ml7bkv6Hlj7cgKGFscGhhX3NpZ25hbF90aHJfMjAyNjA1MjhfMTAxNy5qc29uKSBb5Li7UVEt5a+55aSWXQ==?=
[2026-05-28 10:18:34]  发现表格，共 17 行数据
[2026-05-28 10:18:34]  动态索引映射: ['股票代码', '股票名称', '信号', '当前价格', '量比', '来源过滤']
[2026-05-28 10:18:34]  [行1] 解析成功: SZSE.002980 [华盛昌] BUY @ 108.64 (VR:0.07)
[2026-05-28 10:18:34]  [行2] 解析成功: SZSE.300672 [国科微] SELL @ 345.03 (VR:0.31)
[2026-05-28 10:18:34]  [行3] 解析成功: SZSE.300782 [卓胜微] SELL @ 115.47 (VR:0.27)
[2026-05-28 10:18:34]  [行4] 解析成功: SZSE.001309 [德利明] BUY @ 665.05 (VR:0.58)
[2026-05-28 10:18:34]  [行5] 解析成功: SZSE.300054 [鼎龙股份] SELL @ 74.5 (VR:0.0)
[2026-05-28 10:18:34]  [行6] 解析成功: SZSE.002422 [科伦药业] SELL @ 35.35 (VR:0.07)
[2026-05-28 10:18:34]  [行7] 解析成功: SZSE.300953 [震裕科技] BUY @ 161.56 (VR:0.4)
[2026-05-28 10:18:34]  [行8] 解析成功: SZSE.300054 [鼎龙股份] SELL @ 74.72 (VR:0.29)
[2026-05-28 10:18:34]  [行9] 解析成功: SZSE.002980 [华盛昌] BUY @ 108.79 (VR:0.33)
[2026-05-28 10:18:34]  [行10] 解析成功: SZSE.301220 [亚香股份] SELL @ 37.24 (VR:4.91)
[2026-05-28 10:18:34]  [行11] 解析成功: SZSE.300868 [杰美特] BUY @ 113.51 (VR:0.95)
[2026-05-28 10:18:34]  [行12] 解析成功: SZSE.300782 [卓胜微] SELL @ 114.92 (VR:0.21)
[2026-05-28 10:18:34]  [行13] 解析成功: SZSE.001309 [德利明] BUY @ 665.88 (VR:0.89)
[2026-05-28 10:18:34]  [行14] 解析成功: SZSE.300054 [鼎龙股份] SELL @ 74.9 (VR:0.88)
[2026-05-28 10:18:34]  [行15] 解析成功: SZSE.300936 [中英科技] BUY @ 91.62 (VR:0.03)
[2026-05-28 10:18:34]  [行16] 解析成功: SZSE.300953 [震裕科技] BUY @ 162.08 (VR:0.09)
[2026-05-28 10:18:34]  [行17] 解析成功: SZSE.300054 [鼎龙股份] SELL @ 74.6 (VR:0.91)
[2026-05-28 10:18:34] 成功保存 17 条因子至: signal_batch_20260528_101834_523282.txt
[2026-05-28 10:18:34]  QQ-主 邮件 3271 处理完成
[2026-05-28 10:18:34]  QQ-主 本轮共成功处理 1 封有效信号邮件
[2026-05-28 10:18:35]  正在连接 QQ-备用 邮箱服务器 (shouqianbadavid@qq.com) ...
[2026-05-28 10:19:10]  正在连接 QQ-主 邮箱服务器 (497720537@qq.com) ...
[2026-05-28 10:19:11]  正在连接 QQ-备用 邮箱服务器 (shouqianbadavid@qq.com) ...
[2026-05-28 10:19:11]  QQ-备用 正在解析因子: =?utf-8?b?QWxwaGFQaWxvdCDlpIfku73kv6Hlj7cgKGFscGhhX3NpZ25hbF90aHJfMjAyNjA1MjhfMTAxNy5qc29uKSBb5aSHUVEt6Ieq5L+dXQ==?=
[2026-05-28 10:19:11]  发现表格，共 17 行数据
[2026-05-28 10:19:11]  动态索引映射: ['股票代码', '股票名称', '信号', '当前价格', '量比', '来源过滤']
[2026-05-28 10:19:11]  [行1] 解析成功: SZSE.002980 [华盛昌] BUY @ 108.64 (VR:0.07)
[2026-05-28 10:19:11]  [行2] 解析成功: SZSE.300672 [国科微] SELL @ 345.03 (VR:0.31)
[2026-05-28 10:19:11]  [行3] 解析成功: SZSE.300782 [卓胜微] SELL @ 115.47 (VR:0.27)
[2026-05-28 10:19:11]  [行4] 解析成功: SZSE.001309 [德利明] BUY @ 665.05 (VR:0.58)
[2026-05-28 10:19:11]  [行5] 解析成功: SZSE.300054 [鼎龙股份] SELL @ 74.5 (VR:0.0)
[2026-05-28 10:19:11]  [行6] 解析成功: SZSE.002422 [科伦药业] SELL @ 35.35 (VR:0.07)
[2026-05-28 10:19:11]  [行7] 解析成功: SZSE.300953 [震裕科技] BUY @ 161.56 (VR:0.4)
[2026-05-28 10:19:11]  [行8] 解析成功: SZSE.300054 [鼎龙股份] SELL @ 74.72 (VR:0.29)
[2026-05-28 10:19:11]  [行9] 解析成功: SZSE.002980 [华盛昌] BUY @ 108.79 (VR:0.33)
[2026-05-28 10:19:11]  [行10] 解析成功: SZSE.301220 [亚香股份] SELL @ 37.24 (VR:4.91)
[2026-05-28 10:19:11]  [行11] 解析成功: SZSE.300868 [杰美特] BUY @ 113.51 (VR:0.95)
[2026-05-28 10:19:11]  [行12] 解析成功: SZSE.300782 [卓胜微] SELL @ 114.92 (VR:0.21)
[2026-05-28 10:19:11]  [行13] 解析成功: SZSE.001309 [德利明] BUY @ 665.88 (VR:0.89)
[2026-05-28 10:19:11]  [行14] 解析成功: SZSE.300054 [鼎龙股份] SELL @ 74.9 (VR:0.88)
[2026-05-28 10:19:11]  [行15] 解析成功: SZSE.300936 [中英科技] BUY @ 91.62 (VR:0.03)
[2026-05-28 10:19:11]  [行16] 解析成功: SZSE.300953 [震裕科技] BUY @ 162.08 (VR:0.09)
[2026-05-28 10:19:11]  [行17] 解析成功: SZSE.300054 [鼎龙股份] SELL @ 74.6 (VR:0.91)
[2026-05-28 10:19:11] 成功保存 17 条因子至: signal_batch_20260528_101911_874380.txt
[2026-05-28 10:19:12]  QQ-备用 邮件 1124 处理完成
[2026-05-28 10:19:12]  QQ-备用 本轮共成功处理 1 封有效信号邮件
[2026-05-28 10:19:47]  正在连接 QQ-主 邮箱服务器 (497720537@qq.com) ...
[2026-05-28 10:19:47]  正在连接 QQ-备用 邮箱服务器 (shouqianbadavid@qq.com) ...
[2026-05-28 10:20:23]  正在连接 QQ-主 邮箱服务器 (497720537@qq.com) ...
[2026-05-28 10:20:24]  正在连接 QQ-备用 邮箱服务器 (shouqianbadavid@qq.com) ...
[2026-05-28 10:20:59]  正在连接 QQ-主 邮箱服务器 (497720537@qq.com) ...
[2026-05-28 10:21:00]  正在连接 QQ-备用 邮箱服务器 (shouqianbadavid@qq.com) ...
[2026-05-28 10:21:35]  正在连接 QQ-主 邮箱服务器 (497720537@qq.com) ...
[2026-05-28 10:21:36]  正在连接 QQ-备用 邮箱服务器 (shouqianbadavid@qq.com) ...
[2026-05-28 10:22:12]  正在连接 QQ-主 邮箱服务器 (497720537@qq.com) ...
[2026-05-28 10:22:12]  正在连接 QQ-备用 邮箱服务器 (shouqianbadavid@qq.com) ...
[2026-05-28 10:22:48]  正在连接 QQ-主 邮箱服务器 (497720537@qq.com) ...
[2026-05-28 10:22:48]  正在连接 QQ-备用 邮箱服务器 (shouqianbadavid@qq.com) ...
[2026-05-28 10:23:24]  正在连接 QQ-主 邮箱服务器 (497720537@qq.com) ...
[2026-05-28 10:23:24]  正在连接 QQ-备用 邮箱服务器 (shouqianbadavid@qq.com) ...
[2026-05-28 10:24:00]  正在连接 QQ-主 邮箱服务器 (497720537@qq.com) ...
[2026-05-28 10:24:00]  正在连接 QQ-备用 邮箱服务器 (shouqianbadavid@qq.com) ...
[2026-05-28 10:24:36]  正在连接 QQ-主 邮箱服务器 (497720537@qq.com) ...
[2026-05-28 10:24:37]  正在连接 QQ-备用 邮箱服务器 (shouqianbadavid@qq.com) ...
[2026-05-28 10:25:12]  正在连接 QQ-主 邮箱服务器 (497720537@qq.com) ...
[2026-05-28 10:25:13]  QQ-主 正在解析因子: =?utf-8?b?QWxwaGFQaWxvdCDlrp7ml7bkv6Hlj7cgKGFscGhhX3NpZ25hbF90aHJfMjAyNjA1MjhfMTAyNC5qc29uKSBb5Li7UVEt5a+55aSWXQ==?=
[2026-05-28 10:25:13]  发现表格，共 12 行数据
[2026-05-28 10:25:13]  动态索引映射: ['股票代码', '股票名称', '信号', '当前价格', '量比', '来源过滤']
[2026-05-28 10:25:13]  [行1] 解析成功: SHSE.688392 [娇成超声] SELL @ 154.05 (VR:0.14)
[2026-05-28 10:25:13]  [行2] 解析成功: SZSE.300433 [蓝思科技] SELL @ 40.93 (VR:1.55)
[2026-05-28 10:25:13]  [行3] 解析成功: SZSE.300054 [鼎龙股份] SELL @ 74.18 (VR:0.02)
[2026-05-28 10:25:13]  [行4] 解析成功: SZSE.002364 [中恒电器] SELL @ 56.66 (VR:0.56)
[2026-05-28 10:25:13]  [行5] 解析成功: SZSE.300352 [北信源] BUY @ 3.08 (VR:0.09)
[2026-05-28 10:25:13]  [行6] 解析成功: SHSE.688392 [娇成超声] SELL @ 153.86 (VR:0.17)
[2026-05-28 10:25:13]  [行7] 解析成功: SHSE.600699 [均胜电子] SELL @ 28.16 (VR:0.83)
[2026-05-28 10:25:13]  [行8] 解析成功: SZSE.300433 [蓝思科技] SELL @ 40.84 (VR:0.09)
[2026-05-28 10:25:13]  [行9] 解析成功: SZSE.300054 [鼎龙股份] SELL @ 73.9 (VR:0.37)
[2026-05-28 10:25:13]  [行10] 解析成功: SZSE.300666 [江丰电子] BUY @ 197.02 (VR:2.01)
[2026-05-28 10:25:13]  [行11] 解析成功: SZSE.300936 [中英科技] BUY @ 92.28 (VR:0.52)
[2026-05-28 10:25:13]  [行12] 解析成功: SZSE.300352 [北信源] BUY @ 3.09 (VR:0.23)
[2026-05-28 10:25:13] 成功保存 12 条因子至: signal_batch_20260528_102513_391422.txt
[2026-05-28 10:25:13]  QQ-主 邮件 3272 处理完成
[2026-05-28 10:25:13]  QQ-主 本轮共成功处理 1 封有效信号邮件
[2026-05-28 10:25:13]  正在连接 QQ-备用 邮箱服务器 (shouqianbadavid@qq.com) ...
[2026-05-28 10:25:14]  QQ-备用 正在解析因子: =?utf-8?b?QWxwaGFQaWxvdCDlpIfku73kv6Hlj7cgKGFscGhhX3NpZ25hbF90aHJfMjAyNjA1MjhfMTAyNC5qc29uKSBb5aSHUVEt6Ieq5L+dXQ==?=
[2026-05-28 10:25:14]  发现表格，共 12 行数据
[2026-05-28 10:25:14]  动态索引映射: ['股票代码', '股票名称', '信号', '当前价格', '量比', '来源过滤']
[2026-05-28 10:25:14]  [行1] 解析成功: SHSE.688392 [娇成超声] SELL @ 154.05 (VR:0.14)
[2026-05-28 10:25:14]  [行2] 解析成功: SZSE.300433 [蓝思科技] SELL @ 40.93 (VR:1.55)
[2026-05-28 10:25:14]  [行3] 解析成功: SZSE.300054 [鼎龙股份] SELL @ 74.18 (VR:0.02)
[2026-05-28 10:25:14]  [行4] 解析成功: SZSE.002364 [中恒电器] SELL @ 56.66 (VR:0.56)
[2026-05-28 10:25:14]  [行5] 解析成功: SZSE.300352 [北信源] BUY @ 3.08 (VR:0.09)
[2026-05-28 10:25:14]  [行6] 解析成功: SHSE.688392 [娇成超声] SELL @ 153.86 (VR:0.17)
[2026-05-28 10:25:14]  [行7] 解析成功: SHSE.600699 [均胜电子] SELL @ 28.16 (VR:0.83)
[2026-05-28 10:25:14]  [行8] 解析成功: SZSE.300433 [蓝思科技] SELL @ 40.84 (VR:0.09)
[2026-05-28 10:25:14]  [行9] 解析成功: SZSE.300054 [鼎龙股份] SELL @ 73.9 (VR:0.37)
[2026-05-28 10:25:14]  [行10] 解析成功: SZSE.300666 [江丰电子] BUY @ 197.02 (VR:2.01)
[2026-05-28 10:25:14]  [行11] 解析成功: SZSE.300936 [中英科技] BUY @ 92.28 (VR:0.52)
[2026-05-28 10:25:14]  [行12] 解析成功: SZSE.300352 [北信源] BUY @ 3.09 (VR:0.23)
[2026-05-28 10:25:14] 成功保存 12 条因子至: signal_batch_20260528_102514_506875.txt
[2026-05-28 10:25:14]  QQ-备用 邮件 1125 处理完成
[2026-05-28 10:25:14]  QQ-备用 本轮共成功处理 1 封有效信号邮件
[2026-05-28 10:25:49]  正在连接 QQ-主 邮箱服务器 (497720537@qq.com) ...
[2026-05-28 10:25:50]  正在连接 QQ-备用 邮箱服务器 (shouqianbadavid@qq.com) ...
[2026-05-28 10:26:25]  正在连接 QQ-主 邮箱服务器 (497720537@qq.com) ...
[2026-05-28 10:26:26]  正在连接 QQ-备用 邮箱服务器 (shouqianbadavid@qq.com) ...
[2026-05-28 10:27:01]  正在连接 QQ-主 邮箱服务器 (497720537@qq.com) ...
[2026-05-28 10:27:02]  正在连接 QQ-备用 邮箱服务器 (shouqianbadavid@qq.com) ...
[2026-05-28 10:27:38]  正在连接 QQ-主 邮箱服务器 (497720537@qq.com) ...
[2026-05-28 10:27:38]  正在连接 QQ-备用 邮箱服务器 (shouqianbadavid@qq.com) ...
[2026-05-28 10:28:14]  正在连接 QQ-主 邮箱服务器 (497720537@qq.com) ...
[2026-05-28 10:28:15]  正在连接 QQ-备用 邮箱服务器 (shouqianbadavid@qq.com) ...
[2026-05-28 10:28:50]  正在连接 QQ-主 邮箱服务器 (497720537@qq.com) ...
[2026-05-28 10:28:51]  正在连接 QQ-备用 邮箱服务器 (shouqianbadavid@qq.com) ...
[2026-05-28 10:29:27]  正在连接 QQ-主 邮箱服务器 (497720537@qq.com) ...
[2026-05-28 10:29:27]  正在连接 QQ-备用 邮箱服务器 (shouqianbadavid@qq.com) ...
[2026-05-28 10:30:03]  正在连接 QQ-主 邮箱服务器 (497720537@qq.com) ...
[2026-05-28 10:30:03]  正在连接 QQ-备用 邮箱服务器 (shouqianbadavid@qq.com) ...
[2026-05-28 10:30:39]  正在连接 QQ-主 邮箱服务器 (497720537@qq.com) ...
[2026-05-28 10:30:40]  QQ-主 正在解析因子: =?utf-8?b?QWxwaGFQaWxvdCDlrp7ml7bkv6Hlj7cgKGFscGhhX3NpZ25hbF90aHJfMjAyNjA1MjhfMTAzMC5qc29uKSBb5Li7UVEt5a+55aSWXQ==?=
[2026-05-28 10:30:40]  发现表格，共 2 行数据
[2026-05-28 10:30:40]  动态索引映射: ['股票代码', '股票名称', '信号', '当前价格', '量比', '来源过滤']
[2026-05-28 10:30:40]  [行1] 解析成功: SZSE.300259 [新天科技] BUY @ 7.3 (VR:0.72)
[2026-05-28 10:30:40]  [行2] 解析成功: SZSE.300259 [新天科技] BUY @ 7.39 (VR:0.46)
[2026-05-28 10:30:40] 成功保存 2 条因子至: signal_batch_20260528_103040_010677.txt
[2026-05-28 10:30:40]  QQ-主 邮件 3273 处理完成
[2026-05-28 10:30:40]  QQ-主 本轮共成功处理 1 封有效信号邮件
[2026-05-28 10:30:40]  正在连接 QQ-备用 邮箱服务器 (shouqianbadavid@qq.com) ...
[2026-05-28 10:31:16]  正在连接 QQ-主 邮箱服务器 (497720537@qq.com) ...
[2026-05-28 10:31:16]  正在连接 QQ-备用 邮箱服务器 (shouqianbadavid@qq.com) ...
[2026-05-28 10:31:17]  QQ-备用 正在解析因子: =?utf-8?b?QWxwaGFQaWxvdCDlpIfku73kv6Hlj7cgKGFscGhhX3NpZ25hbF90aHJfMjAyNjA1MjhfMTAzMC5qc29uKSBb5aSHUVEt6Ieq5L+dXQ==?=
[2026-05-28 10:31:17]  发现表格，共 2 行数据
[2026-05-28 10:31:17]  动态索引映射: ['股票代码', '股票名称', '信号', '当前价格', '量比', '来源过滤']
[2026-05-28 10:31:17]  [行1] 解析成功: SZSE.300259 [新天科技] BUY @ 7.3 (VR:0.72)
[2026-05-28 10:31:17]  [行2] 解析成功: SZSE.300259 [新天科技] BUY @ 7.39 (VR:0.46)
[2026-05-28 10:31:17] 成功保存 2 条因子至: signal_batch_20260528_103117_535770.txt
[2026-05-28 10:31:17]  QQ-备用 邮件 1126 处理完成
[2026-05-28 10:31:17]  QQ-备用 本轮共成功处理 1 封有效信号邮件
[2026-05-28 10:31:52]  正在连接 QQ-主 邮箱服务器 (497720537@qq.com) ...
[2026-05-28 10:31:54]  正在连接 QQ-备用 邮箱服务器 (shouqianbadavid@qq.com) ...
[2026-05-28 10:32:29]  正在连接 QQ-主 邮箱服务器 (497720537@qq.com) ...
[2026-05-28 10:32:30]  正在连接 QQ-备用 邮箱服务器 (shouqianbadavid@qq.com) ...
[2026-05-28 10:33:06]  正在连接 QQ-主 邮箱服务器 (497720537@qq.com) ...
[2026-05-28 10:33:06]  正在连接 QQ-备用 邮箱服务器 (shouqianbadavid@qq.com) ...
[2026-05-28 10:33:42]  正在连接 QQ-主 邮箱服务器 (497720537@qq.com) ...
[2026-05-28 10:33:42]  正在连接 QQ-备用 邮箱服务器 (shouqianbadavid@qq.com) ...
[2026-05-28 10:34:18]  正在连接 QQ-主 邮箱服务器 (497720537@qq.com) ...
[2026-05-28 10:34:19]  正在连接 QQ-备用 邮箱服务器 (shouqianbadavid@qq.com) ...
[2026-05-28 10:34:54]  正在连接 QQ-主 邮箱服务器 (497720537@qq.com) ...
[2026-05-28 10:34:55]  正在连接 QQ-备用 邮箱服务器 (shouqianbadavid@qq.com) ...
[2026-05-28 10:35:30]  正在连接 QQ-主 邮箱服务器 (497720537@qq.com) ...
[2026-05-28 10:35:31]  QQ-主 正在解析因子: =?utf-8?b?QWxwaGFQaWxvdCDlrp7ml7bkv6Hlj7cgKGFscGhhX3NpZ25hbF90aHJfMjAyNjA1MjhfMTAzNS5qc29uKSBb5Li7UVEt5a+55aSWXQ==?=
[2026-05-28 10:35:31]  发现表格，共 6 行数据
[2026-05-28 10:35:31]  动态索引映射: ['股票代码', '股票名称', '信号', '当前价格', '量比', '来源过滤']
[2026-05-28 10:35:31]  [行1] 解析成功: SZSE.300868 [绿盟科技] SELL @ 113.31 (VR:0.02)
[2026-05-28 10:35:31]  [行2] 解析成功: SZSE.300626 [华测导航] SELL @ 38.62 (VR:0.1)
[2026-05-28 10:35:31]  [行3] 解析成功: SZSE.300811 [铂力特] BUY @ 87.49 (VR:1.43)
[2026-05-28 10:35:31]  [行4] 解析成功: SZSE.300868 [绿盟科技] SELL @ 113.05 (VR:0.18)
[2026-05-28 10:35:31]  [行5] 解析成功: SZSE.300626 [华测导航] SELL @ 38.46 (VR:0.16)
[2026-05-28 10:35:31]  [行6] 解析成功: SZSE.300811 [铂力特] BUY @ 87.92 (VR:0.09)
[2026-05-28 10:35:31] 成功保存 6 条因子至: signal_batch_20260528_103531_459185.txt
[2026-05-28 10:35:31]  QQ-主 邮件 3274 处理完成
[2026-05-28 10:35:31]  QQ-主 本轮共成功处理 1 封有效信号邮件
[2026-05-28 10:35:31]  正在连接 QQ-备用 邮箱服务器 (shouqianbadavid@qq.com) ...
[2026-05-28 10:36:07]  正在连接 QQ-主 邮箱服务器 (497720537@qq.com) ...
[2026-05-28 10:36:07]  正在连接 QQ-备用 邮箱服务器 (shouqianbadavid@qq.com) ...
[2026-05-28 10:36:08]  QQ-备用 正在解析因子: =?utf-8?b?QWxwaGFQaWxvdCDlpIfku73kv6Hlj7cgKGFscGhhX3NpZ25hbF90aHJfMjAyNjA1MjhfMTAzNS5qc29uKSBb5aSHUVEt6Ieq5L+dXQ==?=
[2026-05-28 10:36:08]  发现表格，共 6 行数据
[2026-05-28 10:36:08]  动态索引映射: ['股票代码', '股票名称', '信号', '当前价格', '量比', '来源过滤']
[2026-05-28 10:36:08]  [行1] 解析成功: SZSE.300868 [绿盟科技] SELL @ 113.31 (VR:0.02)
[2026-05-28 10:36:08]  [行2] 解析成功: SZSE.300626 [华测导航] SELL @ 38.62 (VR:0.1)
[2026-05-28 10:36:08]  [行3] 解析成功: SZSE.300811 [铂力特] BUY @ 87.49 (VR:1.43)
[2026-05-28 10:36:08]  [行4] 解析成功: SZSE.300868 [绿盟科技] SELL @ 113.05 (VR:0.18)
[2026-05-28 10:36:08]  [行5] 解析成功: SZSE.300626 [华测导航] SELL @ 38.46 (VR:0.16)
[2026-05-28 10:36:08]  [行6] 解析成功: SZSE.300811 [铂力特] BUY @ 87.92 (VR:0.09)
[2026-05-28 10:36:08] 成功保存 6 条因子至: signal_batch_20260528_103608_580297.txt
[2026-05-28 10:36:08]  QQ-备用 邮件 1127 处理完成
[2026-05-28 10:36:08]  QQ-备用 本轮共成功处理 1 封有效信号邮件
[2026-05-28 10:36:43]  正在连接 QQ-主 邮箱服务器 (497720537@qq.com) ...
[2026-05-28 10:36:45]  正在连接 QQ-备用 邮箱服务器 (shouqianbadavid@qq.com) ...
[2026-05-28 10:37:20]  正在连接 QQ-主 邮箱服务器 (497720537@qq.com) ...
[2026-05-28 10:37:21]  正在连接 QQ-备用 邮箱服务器 (shouqianbadavid@qq.com) ...
[2026-05-28 10:37:57]  正在连接 QQ-主 邮箱服务器 (497720537@qq.com) ...
[2026-05-28 10:37:57]  正在连接 QQ-备用 邮箱服务器 (shouqianbadavid@qq.com) ...
[2026-05-28 10:38:33]  正在连接 QQ-主 邮箱服务器 (497720537@qq.com) ...
[2026-05-28 10:38:34]  正在连接 QQ-备用 邮箱服务器 (shouqianbadavid@qq.com) ...
[2026-05-28 10:39:09]  正在连接 QQ-主 邮箱服务器 (497720537@qq.com) ...
[2026-05-28 10:39:10]  正在连接 QQ-备用 邮箱服务器 (shouqianbadavid@qq.com) ...
[2026-05-28 10:39:45]  正在连接 QQ-主 邮箱服务器 (497720537@qq.com) ...
[2026-05-28 10:39:46]  正在连接 QQ-备用 邮箱服务器 (shouqianbadavid@qq.com) ...
[2026-05-28 10:40:21]  正在连接 QQ-主 邮箱服务器 (497720537@qq.com) ...
[2026-05-28 10:40:22]  正在连接 QQ-备用 邮箱服务器 (shouqianbadavid@qq.com) ...
[2026-05-28 10:40:57]  正在连接 QQ-主 邮箱服务器 (497720537@qq.com) ...
[2026-05-28 10:40:58]  正在连接 QQ-备用 邮箱服务器 (shouqianbadavid@qq.com) ...
[2026-05-28 10:40:59]  QQ-备用 正在解析因子: =?utf-8?b?QWxwaGFQaWxvdCDlpIfku73kv6Hlj7cgKGFscGhhX3NpZ25hbF90aHJfMjAyNjA1MjhfMTA0MC5qc29uKSBb5aSHUVEt6Ieq5L+dXQ==?=
[2026-05-28 10:40:59]  发现表格，共 10 行数据
[2026-05-28 10:40:59]  动态索引映射: ['股票代码', '股票名称', '信号', '当前价格', '量比', '来源过滤']
[2026-05-28 10:40:59]  [行1] 解析成功: SHSE.688689 [银河微电] SELL @ 42.55 (VR:0.48)
[2026-05-28 10:40:59]  [行2] 解析成功: SZSE.300763 [锦浪科技] BUY @ 120.11 (VR:0.3)
[2026-05-28 10:40:59]  [行3] 解析成功: SZSE.300037 [新宙邦] BUY @ 76.21 (VR:0.41)
[2026-05-28 10:40:59]  [行4] 解析成功: SZSE.301071 [力量钻石] BUY @ 82.52 (VR:0.3)
[2026-05-28 10:40:59]  [行5] 解析成功: SZSE.300449 [汉邦高科] BUY @ 8.05 (VR:1.54)
[2026-05-28 10:40:59]  [行6] 解析成功: SHSE.688689 [银河微电] SELL @ 42.5 (VR:1.22)
[2026-05-28 10:40:59]  [行7] 解析成功: SZSE.300763 [锦浪科技] BUY @ 120.6 (VR:0.79)
[2026-05-28 10:40:59]  [行8] 解析成功: SZSE.300037 [新宙邦] BUY @ 76.24 (VR:0.18)
[2026-05-28 10:40:59]  [行9] 解析成功: SZSE.301071 [力量钻石] BUY @ 82.77 (VR:1.53)
[2026-05-28 10:40:59]  [行10] 解析成功: SZSE.300449 [汉邦高科] BUY @ 8.08 (VR:0.01)
[2026-05-28 10:40:59] 成功保存 10 条因子至: signal_batch_20260528_104059_232105.txt
[2026-05-28 10:40:59]  QQ-备用 邮件 1128 处理完成
[2026-05-28 10:40:59]  QQ-备用 本轮共成功处理 1 封有效信号邮件
[2026-05-28 10:41:34]  正在连接 QQ-主 邮箱服务器 (497720537@qq.com) ...
[2026-05-28 10:41:35]  正在连接 QQ-备用 邮箱服务器 (shouqianbadavid@qq.com) ...
[2026-05-28 10:42:11]  正在连接 QQ-主 邮箱服务器 (497720537@qq.com) ...
[2026-05-28 10:42:11]  正在连接 QQ-备用 邮箱服务器 (shouqianbadavid@qq.com) ...
[2026-05-28 10:42:47]  正在连接 QQ-主 邮箱服务器 (497720537@qq.com) ...
[2026-05-28 10:42:47]  正在连接 QQ-备用 邮箱服务器 (shouqianbadavid@qq.com) ...
[2026-05-28 10:43:23]  正在连接 QQ-主 邮箱服务器 (497720537@qq.com) ...
[2026-05-28 10:43:23]  正在连接 QQ-备用 邮箱服务器 (shouqianbadavid@qq.com) ...
[2026-05-28 10:43:59]  正在连接 QQ-主 邮箱服务器 (497720537@qq.com) ...
[2026-05-28 10:43:59]  正在连接 QQ-备用 邮箱服务器 (shouqianbadavid@qq.com) ...
[2026-05-28 10:44:35]  正在连接 QQ-主 邮箱服务器 (497720537@qq.com) ...
[2026-05-28 10:44:35]  正在连接 QQ-备用 邮箱服务器 (shouqianbadavid@qq.com) ...
[2026-05-28 10:45:11]  正在连接 QQ-主 邮箱服务器 (497720537@qq.com) ...
[2026-05-28 10:45:12]  正在连接 QQ-备用 邮箱服务器 (shouqianbadavid@qq.com) ...
[2026-05-28 10:45:47]  正在连接 QQ-主 邮箱服务器 (497720537@qq.com) ...
[2026-05-28 10:45:48]  正在连接 QQ-备用 邮箱服务器 (shouqianbadavid@qq.com) ...
[2026-05-28 10:45:49]  QQ-备用 正在解析因子: =?utf-8?b?QWxwaGFQaWxvdCDlpIfku73kv6Hlj7cgKGFscGhhX3NpZ25hbF90aHJfMjAyNjA1MjhfMTA0NS5qc29uKSBb5aSHUVEt6Ieq5L+dXQ==?=
[2026-05-28 10:45:49]  发现表格，共 14 行数据
[2026-05-28 10:45:49]  动态索引映射: ['股票代码', '股票名称', '信号', '当前价格', '量比', '来源过滤']
[2026-05-28 10:45:49]  [行1] 解析成功: SZSE.002980 [华盛昌] SELL @ 111.97 (VR:1.0)
[2026-05-28 10:45:49]  [行2] 解析成功: SZSE.001309 [德利明] SELL @ 658.0 (VR:0.39)
[2026-05-28 10:45:49]  [行3] 解析成功: SZSE.300054 [鼎龙股份] SELL @ 74.2 (VR:0.75)
[2026-05-28 10:45:49]  [行4] 解析成功: SZSE.002422 [科伦药业] BUY @ 35.51 (VR:0.14)
[2026-05-28 10:45:49]  [行5] 解析成功: SZSE.300936 [中英科技] BUY @ 92.25 (VR:0.04)
[2026-05-28 10:45:49]  [行6] 解析成功: SZSE.300953 [震裕科技] SELL @ 162.0 (VR:0.38)
[2026-05-28 10:45:49]  [行7] 解析成功: SZSE.300054 [鼎龙股份] SELL @ 73.91 (VR:0.49)
[2026-05-28 10:45:49]  [行8] 解析成功: SZSE.002980 [华盛昌] SELL @ 110.65 (VR:0.99)
[2026-05-28 10:45:49]  [行9] 解析成功: SZSE.001309 [德利明] SELL @ 656.4 (VR:0.43)
[2026-05-28 10:45:49]  [行10] 解析成功: SZSE.300054 [鼎龙股份] SELL @ 73.7 (VR:0.51)
[2026-05-28 10:45:49]  [行11] 解析成功: SZSE.002422 [科伦药业] BUY @ 35.53 (VR:0.23)
[2026-05-28 10:45:49]  [行12] 解析成功: SZSE.300936 [中英科技] BUY @ 92.57 (VR:0.41)
[2026-05-28 10:45:49]  [行13] 解析成功: SZSE.300953 [震裕科技] SELL @ 161.97 (VR:0.67)
[2026-05-28 10:45:49]  [行14] 解析成功: SZSE.300054 [鼎龙股份] SELL @ 73.56 (VR:0.26)
[2026-05-28 10:45:49] 成功保存 14 条因子至: signal_batch_20260528_104549_138121.txt
[2026-05-28 10:45:49]  QQ-备用 邮件 1129 处理完成
[2026-05-28 10:45:49]  QQ-备用 本轮共成功处理 1 封有效信号邮件
[2026-05-28 10:46:24]  正在连接 QQ-主 邮箱服务器 (497720537@qq.com) ...
[2026-05-28 10:46:25]  正在连接 QQ-备用 邮箱服务器 (shouqianbadavid@qq.com) ...
[2026-05-28 10:47:01]  正在连接 QQ-主 邮箱服务器 (497720537@qq.com) ...
[2026-05-28 10:47:01]  正在连接 QQ-备用 邮箱服务器 (shouqianbadavid@qq.com) ...
[2026-05-28 10:47:37]  正在连接 QQ-主 邮箱服务器 (497720537@qq.com) ...
[2026-05-28 10:47:37]  正在连接 QQ-备用 邮箱服务器 (shouqianbadavid@qq.com) ...
[2026-05-28 10:48:13]  正在连接 QQ-主 邮箱服务器 (497720537@qq.com) ...
[2026-05-28 10:48:14]  正在连接 QQ-备用 邮箱服务器 (shouqianbadavid@qq.com) ...
[2026-05-28 10:48:49]  正在连接 QQ-主 邮箱服务器 (497720537@qq.com) ...
[2026-05-28 10:48:54]  正在连接 QQ-备用 邮箱服务器 (shouqianbadavid@qq.com) ...
[2026-05-28 10:49:29]  正在连接 QQ-主 邮箱服务器 (497720537@qq.com) ...
[2026-05-28 10:49:30]  正在连接 QQ-备用 邮箱服务器 (shouqianbadavid@qq.com) ...
[2026-05-28 10:50:05]  正在连接 QQ-主 邮箱服务器 (497720537@qq.com) ...
[2026-05-28 10:50:06]  正在连接 QQ-备用 邮箱服务器 (shouqianbadavid@qq.com) ...
[2026-05-28 10:50:41]  正在连接 QQ-主 邮箱服务器 (497720537@qq.com) ...
[2026-05-28 10:50:42]  QQ-主 正在解析因子: =?utf-8?b?QWxwaGFQaWxvdCDlrp7ml7bkv6Hlj7cgKGFscGhhX3NpZ25hbF90aHJfMjAyNjA1MjhfMTA1MC5qc29uKSBb5Li7UVEt5a+55aSWXQ==?=
[2026-05-28 10:50:42]  发现表格，共 6 行数据
[2026-05-28 10:50:42]  动态索引映射: ['股票代码', '股票名称', '信号', '当前价格', '量比', '来源过滤']
[2026-05-28 10:50:42]  [行1] 解析成功: SZSE.300433 [蓝思科技] BUY @ 40.7 (VR:0.67)
[2026-05-28 10:50:42]  [行2] 解析成功: SZSE.300054 [鼎龙股份] BUY @ 73.3 (VR:0.19)
[2026-05-28 10:50:42]  [行3] 解析成功: SZSE.002364 [中恒电器] BUY @ 58.63 (VR:0.31)
[2026-05-28 10:50:42]  [行4] 解析成功: SZSE.300433 [蓝思科技] BUY @ 40.74 (VR:0.32)
[2026-05-28 10:50:42]  [行5] 解析成功: SZSE.300054 [鼎龙股份] BUY @ 73.55 (VR:0.13)
[2026-05-28 10:50:42]  [行6] 解析成功: SZSE.002364 [中恒电器] BUY @ 58.7 (VR:0.99)
[2026-05-28 10:50:42] 成功保存 6 条因子至: signal_batch_20260528_105042_814650.txt
[2026-05-28 10:50:43]  QQ-主 邮件 3277 处理完成
[2026-05-28 10:50:43]  QQ-主 本轮共成功处理 1 封有效信号邮件
[2026-05-28 10:50:43]  正在连接 QQ-备用 邮箱服务器 (shouqianbadavid@qq.com) ...
[2026-05-28 10:50:43]  QQ-备用 正在解析因子: =?utf-8?b?QWxwaGFQaWxvdCDlpIfku73kv6Hlj7cgKGFscGhhX3NpZ25hbF90aHJfMjAyNjA1MjhfMTA1MC5qc29uKSBb5aSHUVEt6Ieq5L+dXQ==?=
[2026-05-28 10:50:43]  发现表格，共 6 行数据
[2026-05-28 10:50:43]  动态索引映射: ['股票代码', '股票名称', '信号', '当前价格', '量比', '来源过滤']
[2026-05-28 10:50:43]  [行1] 解析成功: SZSE.300433 [蓝思科技] BUY @ 40.7 (VR:0.67)
[2026-05-28 10:50:43]  [行2] 解析成功: SZSE.300054 [鼎龙股份] BUY @ 73.3 (VR:0.19)
[2026-05-28 10:50:43]  [行3] 解析成功: SZSE.002364 [中恒电器] BUY @ 58.63 (VR:0.31)
[2026-05-28 10:50:43]  [行4] 解析成功: SZSE.300433 [蓝思科技] BUY @ 40.74 (VR:0.32)
[2026-05-28 10:50:43]  [行5] 解析成功: SZSE.300054 [鼎龙股份] BUY @ 73.55 (VR:0.13)
[2026-05-28 10:50:43]  [行6] 解析成功: SZSE.002364 [中恒电器] BUY @ 58.7 (VR:0.99)
[2026-05-28 10:50:43] 成功保存 6 条因子至: signal_batch_20260528_105043_869236.txt
[2026-05-28 10:50:44]  QQ-备用 邮件 1130 处理完成
[2026-05-28 10:50:44]  QQ-备用 本轮共成功处理 1 封有效信号邮件
[2026-05-28 10:51:19]  正在连接 QQ-主 邮箱服务器 (497720537@qq.com) ...
[2026-05-28 10:51:20]  正在连接 QQ-备用 邮箱服务器 (shouqianbadavid@qq.com) ...
[2026-05-28 10:51:56]  正在连接 QQ-主 邮箱服务器 (497720537@qq.com) ...
[2026-05-28 10:51:56]  正在连接 QQ-备用 邮箱服务器 (shouqianbadavid@qq.com) ...
[2026-05-28 10:52:32]  正在连接 QQ-主 邮箱服务器 (497720537@qq.com) ...
[2026-05-28 10:52:33]  正在连接 QQ-备用 邮箱服务器 (shouqianbadavid@qq.com) ...
[2026-05-28 10:53:08]  正在连接 QQ-主 邮箱服务器 (497720537@qq.com) ...
[2026-05-28 10:53:09]  正在连接 QQ-备用 邮箱服务器 (shouqianbadavid@qq.com) ...
[2026-05-28 10:53:44]  正在连接 QQ-主 邮箱服务器 (497720537@qq.com) ...
[2026-05-28 10:53:45]  正在连接 QQ-备用 邮箱服务器 (shouqianbadavid@qq.com) ...
[2026-05-28 10:54:20]  正在连接 QQ-主 邮箱服务器 (497720537@qq.com) ...
[2026-05-28 10:54:21]  正在连接 QQ-备用 邮箱服务器 (shouqianbadavid@qq.com) ...
[2026-05-28 10:54:56]  正在连接 QQ-主 邮箱服务器 (497720537@qq.com) ...
[2026-05-28 10:54:57]  正在连接 QQ-备用 邮箱服务器 (shouqianbadavid@qq.com) ...
[2026-05-28 10:55:32]  正在连接 QQ-主 邮箱服务器 (497720537@qq.com) ...
[2026-05-28 10:55:33]  正在连接 QQ-备用 邮箱服务器 (shouqianbadavid@qq.com) ...
[2026-05-28 10:56:08]  正在连接 QQ-主 邮箱服务器 (497720537@qq.com) ...
[2026-05-28 10:56:09]  QQ-主 正在解析因子: =?utf-8?b?QWxwaGFQaWxvdCDlrp7ml7bkv6Hlj7cgKGFscGhhX3NpZ25hbF90aHJfMjAyNjA1MjhfMTA1NS5qc29uKSBb5Li7UVEt5a+55aSWXQ==?=
[2026-05-28 10:56:09]  发现表格，共 8 行数据
[2026-05-28 10:56:09]  动态索引映射: ['股票代码', '股票名称', '信号', '当前价格', '量比', '来源过滤']
[2026-05-28 10:56:09]  [行1] 解析成功: SZSE.300259 [新天科技] BUY @ 7.24 (VR:0.24)
[2026-05-28 10:56:09]  [行2] 解析成功: SZSE.301018 [申菱环境] BUY @ 149.9 (VR:0.25)
[2026-05-28 10:56:09]  [行3] 解析成功: SZSE.301120 [新特电器] BUY @ 24.93 (VR:6.08)
[2026-05-28 10:56:09]  [行4] 解析成功: SZSE.300345 [华民股份] SELL @ 6.17 (VR:0.66)
[2026-05-28 10:56:09]  [行5] 解析成功: SZSE.300259 [新天科技] BUY @ 7.3 (VR:1.43)
[2026-05-28 10:56:09]  [行6] 解析成功: SZSE.301018 [申菱环境] BUY @ 149.98 (VR:0.06)
[2026-05-28 10:56:09]  [行7] 解析成功: SZSE.301120 [新特电器] BUY @ 25.17 (VR:2.85)
[2026-05-28 10:56:09]  [行8] 解析成功: SZSE.300345 [华民股份] SELL @ 6.15 (VR:1.53)
[2026-05-28 10:56:10] 成功保存 8 条因子至: signal_batch_20260528_105610_003647.txt
[2026-05-28 10:56:10]  QQ-主 邮件 3278 处理完成
[2026-05-28 10:56:10]  QQ-主 本轮共成功处理 1 封有效信号邮件
[2026-05-28 10:56:10]  正在连接 QQ-备用 邮箱服务器 (shouqianbadavid@qq.com) ...
[2026-05-28 10:56:45]  正在连接 QQ-主 邮箱服务器 (497720537@qq.com) ...
[2026-05-28 10:56:46]  正在连接 QQ-备用 邮箱服务器 (shouqianbadavid@qq.com) ...
[2026-05-28 10:56:47]  QQ-备用 正在解析因子: =?utf-8?b?QWxwaGFQaWxvdCDlpIfku73kv6Hlj7cgKGFscGhhX3NpZ25hbF90aHJfMjAyNjA1MjhfMTA1NS5qc29uKSBb5aSHUVEt6Ieq5L+dXQ==?=
[2026-05-28 10:56:47]  发现表格，共 8 行数据
[2026-05-28 10:56:47]  动态索引映射: ['股票代码', '股票名称', '信号', '当前价格', '量比', '来源过滤']
[2026-05-28 10:56:47]  [行1] 解析成功: SZSE.300259 [新天科技] BUY @ 7.24 (VR:0.24)
[2026-05-28 10:56:47]  [行2] 解析成功: SZSE.301018 [申菱环境] BUY @ 149.9 (VR:0.25)
[2026-05-28 10:56:47]  [行3] 解析成功: SZSE.301120 [新特电器] BUY @ 24.93 (VR:6.08)
[2026-05-28 10:56:47]  [行4] 解析成功: SZSE.300345 [华民股份] SELL @ 6.17 (VR:0.66)
[2026-05-28 10:56:47]  [行5] 解析成功: SZSE.300259 [新天科技] BUY @ 7.3 (VR:1.43)
[2026-05-28 10:56:47]  [行6] 解析成功: SZSE.301018 [申菱环境] BUY @ 149.98 (VR:0.06)
[2026-05-28 10:56:47]  [行7] 解析成功: SZSE.301120 [新特电器] BUY @ 25.17 (VR:2.85)
[2026-05-28 10:56:47]  [行8] 解析成功: SZSE.300345 [华民股份] SELL @ 6.15 (VR:1.53)
[2026-05-28 10:56:47] 成功保存 8 条因子至: signal_batch_20260528_105647_236264.txt
[2026-05-28 10:56:47]  QQ-备用 邮件 1131 处理完成
[2026-05-28 10:56:47]  QQ-备用 本轮共成功处理 1 封有效信号邮件
[2026-05-28 10:57:22]  正在连接 QQ-主 邮箱服务器 (497720537@qq.com) ...
[2026-05-28 10:57:23]  正在连接 QQ-备用 邮箱服务器 (shouqianbadavid@qq.com) ...
[2026-05-28 10:57:58]  正在连接 QQ-主 邮箱服务器 (497720537@qq.com) ...
[2026-05-28 10:57:59]  正在连接 QQ-备用 邮箱服务器 (shouqianbadavid@qq.com) ...
[2026-05-28 10:58:35]  正在连接 QQ-主 邮箱服务器 (497720537@qq.com) ...
[2026-05-28 10:58:35]  正在连接 QQ-备用 邮箱服务器 (shouqianbadavid@qq.com) ...
[2026-05-28 10:59:11]  正在连接 QQ-主 邮箱服务器 (497720537@qq.com) ...
[2026-05-28 10:59:11]  正在连接 QQ-备用 邮箱服务器 (shouqianbadavid@qq.com) ...
[2026-05-28 10:59:47]  正在连接 QQ-主 邮箱服务器 (497720537@qq.com) ...
[2026-05-28 10:59:47]  正在连接 QQ-备用 邮箱服务器 (shouqianbadavid@qq.com) ...
[2026-05-28 11:00:23]  正在连接 QQ-主 邮箱服务器 (497720537@qq.com) ...
[2026-05-28 11:00:23]  正在连接 QQ-备用 邮箱服务器 (shouqianbadavid@qq.com) ...
[2026-05-28 11:00:59]  正在连接 QQ-主 邮箱服务器 (497720537@qq.com) ...
[2026-05-28 11:01:00]  QQ-主 正在解析因子: =?utf-8?b?QWxwaGFQaWxvdCDlrp7ml7bkv6Hlj7cgKGFscGhhX3NpZ25hbF90aHJfMjAyNjA1MjhfMTEwMC5qc29uKSBb5Li7UVEt5a+55aSWXQ==?=
[2026-05-28 11:01:00]  发现表格，共 8 行数据
[2026-05-28 11:01:00]  动态索引映射: ['股票代码', '股票名称', '信号', '当前价格', '量比', '来源过滤']
[2026-05-28 11:01:00]  [行1] 解析成功: SZSE.300626 [华测导航] SELL @ 38.58 (VR:0.35)
[2026-05-28 11:01:00]  [行2] 解析成功: SZSE.301658 [首航新能] BUY @ 38.13 (VR:1.66)
[2026-05-28 11:01:00]  [行3] 解析成功: SZSE.300811 [铂力特] SELL @ 87.32 (VR:0.34)
[2026-05-28 11:01:00]  [行4] 解析成功: SZSE.300142 [沃森生物] SELL @ 13.08 (VR:0.0)
[2026-05-28 11:01:00]  [行5] 解析成功: SZSE.300626 [华测导航] SELL @ 38.47 (VR:0.04)
[2026-05-28 11:01:00]  [行6] 解析成功: SZSE.301658 [首航新能] BUY @ 38.2 (VR:0.22)
[2026-05-28 11:01:00]  [行7] 解析成功: SZSE.300811 [铂力特] SELL @ 87.19 (VR:0.39)
[2026-05-28 11:01:00]  [行8] 解析成功: SZSE.300142 [沃森生物] SELL @ 13.07 (VR:0.45)
[2026-05-28 11:01:00] 成功保存 8 条因子至: signal_batch_20260528_110100_091393.txt
[2026-05-28 11:01:00]  QQ-主 邮件 3279 处理完成
[2026-05-28 11:01:00]  QQ-主 本轮共成功处理 1 封有效信号邮件
[2026-05-28 11:01:00]  正在连接 QQ-备用 邮箱服务器 (shouqianbadavid@qq.com) ...
[2026-05-28 11:01:35]  正在连接 QQ-主 邮箱服务器 (497720537@qq.com) ...
[2026-05-28 11:01:36]  正在连接 QQ-备用 邮箱服务器 (shouqianbadavid@qq.com) ...
[2026-05-28 11:01:37]  QQ-备用 正在解析因子: =?utf-8?b?QWxwaGFQaWxvdCDlpIfku73kv6Hlj7cgKGFscGhhX3NpZ25hbF90aHJfMjAyNjA1MjhfMTEwMC5qc29uKSBb5aSHUVEt6Ieq5L+dXQ==?=
[2026-05-28 11:01:37]  发现表格，共 8 行数据
[2026-05-28 11:01:37]  动态索引映射: ['股票代码', '股票名称', '信号', '当前价格', '量比', '来源过滤']
[2026-05-28 11:01:37]  [行1] 解析成功: SZSE.300626 [华测导航] SELL @ 38.58 (VR:0.35)
[2026-05-28 11:01:37]  [行2] 解析成功: SZSE.301658 [首航新能] BUY @ 38.13 (VR:1.66)
[2026-05-28 11:01:37]  [行3] 解析成功: SZSE.300811 [铂力特] SELL @ 87.32 (VR:0.34)
[2026-05-28 11:01:37]  [行4] 解析成功: SZSE.300142 [沃森生物] SELL @ 13.08 (VR:0.0)
[2026-05-28 11:01:37]  [行5] 解析成功: SZSE.300626 [华测导航] SELL @ 38.47 (VR:0.04)
[2026-05-28 11:01:37]  [行6] 解析成功: SZSE.301658 [首航新能] BUY @ 38.2 (VR:0.22)
[2026-05-28 11:01:37]  [行7] 解析成功: SZSE.300811 [铂力特] SELL @ 87.19 (VR:0.39)
[2026-05-28 11:01:37]  [行8] 解析成功: SZSE.300142 [沃森生物] SELL @ 13.07 (VR:0.45)
[2026-05-28 11:01:37] 成功保存 8 条因子至: signal_batch_20260528_110137_470039.txt
[2026-05-28 11:01:37]  QQ-备用 邮件 1132 处理完成
[2026-05-28 11:01:37]  QQ-备用 本轮共成功处理 1 封有效信号邮件
[2026-05-28 11:02:12]  正在连接 QQ-主 邮箱服务器 (497720537@qq.com) ...
[2026-05-28 11:02:13]  正在连接 QQ-备用 邮箱服务器 (shouqianbadavid@qq.com) ...
[2026-05-28 11:02:49]  正在连接 QQ-主 邮箱服务器 (497720537@qq.com) ...
[2026-05-28 11:02:50]  正在连接 QQ-备用 邮箱服务器 (shouqianbadavid@qq.com) ...
[2026-05-28 11:03:25]  正在连接 QQ-主 邮箱服务器 (497720537@qq.com) ...
[2026-05-28 11:03:26]  正在连接 QQ-备用 邮箱服务器 (shouqianbadavid@qq.com) ...
[2026-05-28 11:04:02]  正在连接 QQ-主 邮箱服务器 (497720537@qq.com) ...
[2026-05-28 11:04:02]  正在连接 QQ-备用 邮箱服务器 (shouqianbadavid@qq.com) ...
[2026-05-28 11:04:38]  正在连接 QQ-主 邮箱服务器 (497720537@qq.com) ...
[2026-05-28 11:04:38]  正在连接 QQ-备用 邮箱服务器 (shouqianbadavid@qq.com) ...
[2026-05-28 11:05:14]  正在连接 QQ-主 邮箱服务器 (497720537@qq.com) ...
[2026-05-28 11:05:16]  正在连接 QQ-备用 邮箱服务器 (shouqianbadavid@qq.com) ...
[2026-05-28 11:05:52]  正在连接 QQ-主 邮箱服务器 (497720537@qq.com) ...
[2026-05-28 11:05:52]  正在连接 QQ-备用 邮箱服务器 (shouqianbadavid@qq.com) ...
[2026-05-28 11:06:28]  正在连接 QQ-主 邮箱服务器 (497720537@qq.com) ...
[2026-05-28 11:06:28]  QQ-主 正在解析因子: =?utf-8?b?QWxwaGFQaWxvdCDlrp7ml7bkv6Hlj7cgKGFscGhhX3NpZ25hbF90aHJfMjAyNjA1MjhfMTEwNS5qc29uKSBb5Li7UVEt5a+55aSWXQ==?=
[2026-05-28 11:06:28]  发现表格，共 8 行数据
[2026-05-28 11:06:28]  动态索引映射: ['股票代码', '股票名称', '信号', '当前价格', '量比', '来源过滤']
[2026-05-28 11:06:28]  [行1] 解析成功: SHSE.688700 [东威科技] BUY @ 87.6 (VR:0.11)
[2026-05-28 11:06:28]  [行2] 解析成功: SHSE.688689 [银河微电] BUY @ 42.12 (VR:0.12)
[2026-05-28 11:06:28]  [行3] 解析成功: SZSE.002455 [百川股份] BUY @ 8.88 (VR:0.51)
[2026-05-28 11:06:28]  [行4] 解析成功: SZSE.300930 [屹通新材] BUY @ 34.11 (VR:0.2)
[2026-05-28 11:06:28]  [行5] 解析成功: SHSE.688700 [东威科技] BUY @ 87.98 (VR:0.05)
[2026-05-28 11:06:28]  [行6] 解析成功: SHSE.688689 [银河微电] BUY @ 42.4 (VR:0.45)
[2026-05-28 11:06:28]  [行7] 解析成功: SZSE.002455 [百川股份] BUY @ 8.9 (VR:0.05)
[2026-05-28 11:06:28]  [行8] 解析成功: SZSE.300930 [屹通新材] BUY @ 34.13 (VR:0.06)
[2026-05-28 11:06:28] 成功保存 8 条因子至: signal_batch_20260528_110628_898246.txt
[2026-05-28 11:06:29]  QQ-主 邮件 3280 处理完成
[2026-05-28 11:06:29]  QQ-主 本轮共成功处理 1 封有效信号邮件
[2026-05-28 11:06:29]  正在连接 QQ-备用 邮箱服务器 (shouqianbadavid@qq.com) ...
[2026-05-28 11:06:29]  QQ-备用 正在解析因子: =?utf-8?b?QWxwaGFQaWxvdCDlpIfku73kv6Hlj7cgKGFscGhhX3NpZ25hbF90aHJfMjAyNjA1MjhfMTEwNS5qc29uKSBb5aSHUVEt6Ieq5L+dXQ==?=
[2026-05-28 11:06:30]  发现表格，共 8 行数据
[2026-05-28 11:06:30]  动态索引映射: ['股票代码', '股票名称', '信号', '当前价格', '量比', '来源过滤']
[2026-05-28 11:06:30]  [行1] 解析成功: SHSE.688700 [东威科技] BUY @ 87.6 (VR:0.11)
[2026-05-28 11:06:30]  [行2] 解析成功: SHSE.688689 [银河微电] BUY @ 42.12 (VR:0.12)
[2026-05-28 11:06:30]  [行3] 解析成功: SZSE.002455 [百川股份] BUY @ 8.88 (VR:0.51)
[2026-05-28 11:06:30]  [行4] 解析成功: SZSE.300930 [屹通新材] BUY @ 34.11 (VR:0.2)
[2026-05-28 11:06:30]  [行5] 解析成功: SHSE.688700 [东威科技] BUY @ 87.98 (VR:0.05)
[2026-05-28 11:06:30]  [行6] 解析成功: SHSE.688689 [银河微电] BUY @ 42.4 (VR:0.45)
[2026-05-28 11:06:30]  [行7] 解析成功: SZSE.002455 [百川股份] BUY @ 8.9 (VR:0.05)
[2026-05-28 11:06:30]  [行8] 解析成功: SZSE.300930 [屹通新材] BUY @ 34.13 (VR:0.06)
[2026-05-28 11:06:30] 成功保存 8 条因子至: signal_batch_20260528_110630_014219.txt
[2026-05-28 11:06:30]  QQ-备用 邮件 1133 处理完成
[2026-05-28 11:06:30]  QQ-备用 本轮共成功处理 1 封有效信号邮件
[2026-05-28 11:07:05]  正在连接 QQ-主 邮箱服务器 (497720537@qq.com) ...
[2026-05-28 11:07:06]  正在连接 QQ-备用 邮箱服务器 (shouqianbadavid@qq.com) ...
[2026-05-28 11:07:41]  正在连接 QQ-主 邮箱服务器 (497720537@qq.com) ...
[2026-05-28 11:07:43]  正在连接 QQ-备用 邮箱服务器 (shouqianbadavid@qq.com) ...
[2026-05-28 11:08:18]  正在连接 QQ-主 邮箱服务器 (497720537@qq.com) ...
[2026-05-28 11:08:19]  正在连接 QQ-备用 邮箱服务器 (shouqianbadavid@qq.com) ...
[2026-05-28 11:08:55]  正在连接 QQ-主 邮箱服务器 (497720537@qq.com) ...
[2026-05-28 11:08:56]  正在连接 QQ-备用 邮箱服务器 (shouqianbadavid@qq.com) ...
[2026-05-28 11:09:31]  正在连接 QQ-主 邮箱服务器 (497720537@qq.com) ...
[2026-05-28 11:09:32]  正在连接 QQ-备用 邮箱服务器 (shouqianbadavid@qq.com) ...
[2026-05-28 11:10:08]  正在连接 QQ-主 邮箱服务器 (497720537@qq.com) ...
[2026-05-28 11:10:08]  正在连接 QQ-备用 邮箱服务器 (shouqianbadavid@qq.com) ...
[2026-05-28 11:10:44]  正在连接 QQ-主 邮箱服务器 (497720537@qq.com) ...
[2026-05-28 11:10:44]  QQ-主 正在解析因子: =?utf-8?b?QWxwaGFQaWxvdCDlrp7ml7bkv6Hlj7cgKGFscGhhX3NpZ25hbF90aHJfMjAyNjA1MjhfMTExMC5qc29uKSBb5Li7UVEt5a+55aSWXQ==?=
[2026-05-28 11:10:44]  发现表格，共 16 行数据
[2026-05-28 11:10:44]  动态索引映射: ['股票代码', '股票名称', '信号', '当前价格', '量比', '来源过滤']
[2026-05-28 11:10:44]  [行1] 解析成功: SZSE.002980 [华盛昌] BUY @ 112.18 (VR:1.07)
[2026-05-28 11:10:44]  [行2] 解析成功: SZSE.301220 [亚香股份] BUY @ 37.26 (VR:0.12)
[2026-05-28 11:10:44]  [行3] 解析成功: SZSE.300672 [国科微] BUY @ 348.02 (VR:0.04)
[2026-05-28 11:10:44]  [行4] 解析成功: SZSE.001309 [德利明] BUY @ 652.86 (VR:0.09)
[2026-05-28 11:10:44]  [行5] 解析成功: SZSE.300054 [鼎龙股份] BUY @ 72.7 (VR:0.36)
[2026-05-28 11:10:44]  [行6] 解析成功: SZSE.300666 [江丰电子] BUY @ 196.97 (VR:1.22)
[2026-05-28 11:10:44]  [行7] 解析成功: SZSE.300953 [震裕科技] BUY @ 162.6 (VR:0.3)
[2026-05-28 11:10:44]  [行8] 解析成功: SZSE.300054 [鼎龙股份] BUY @ 72.73 (VR:0.01)
[2026-05-28 11:10:44]  [行9] 解析成功: SZSE.002980 [华盛昌] BUY @ 113.8 (VR:0.87)
[2026-05-28 11:10:44]  [行10] 解析成功: SZSE.301220 [亚香股份] BUY @ 37.28 (VR:0.22)
[2026-05-28 11:10:44]  [行11] 解析成功: SZSE.300672 [国科微] BUY @ 349.5 (VR:0.05)
[2026-05-28 11:10:44]  [行12] 解析成功: SZSE.001309 [德利明] BUY @ 654.42 (VR:0.0)
[2026-05-28 11:10:44]  [行13] 解析成功: SZSE.300054 [鼎龙股份] BUY @ 73.28 (VR:0.14)
[2026-05-28 11:10:44]  [行14] 解析成功: SZSE.300666 [江丰电子] BUY @ 198.5 (VR:2.0)
[2026-05-28 11:10:44]  [行15] 解析成功: SZSE.300953 [震裕科技] BUY @ 162.92 (VR:0.8)
[2026-05-28 11:10:44]  [行16] 解析成功: SZSE.300054 [鼎龙股份] BUY @ 73.44 (VR:0.0)
[2026-05-28 11:10:44] 成功保存 16 条因子至: signal_batch_20260528_111044_820612.txt
[2026-05-28 11:10:44]  QQ-主 邮件 3281 处理完成
[2026-05-28 11:10:44]  QQ-主 本轮共成功处理 1 封有效信号邮件
[2026-05-28 11:10:45]  正在连接 QQ-备用 邮箱服务器 (shouqianbadavid@qq.com) ...
[2026-05-28 11:11:20]  正在连接 QQ-主 邮箱服务器 (497720537@qq.com) ...
[2026-05-28 11:11:21]  正在连接 QQ-备用 邮箱服务器 (shouqianbadavid@qq.com) ...
[2026-05-28 11:11:22]  QQ-备用 正在解析因子: =?utf-8?b?QWxwaGFQaWxvdCDlpIfku73kv6Hlj7cgKGFscGhhX3NpZ25hbF90aHJfMjAyNjA1MjhfMTExMC5qc29uKSBb5aSHUVEt6Ieq5L+dXQ==?=
[2026-05-28 11:11:22]  发现表格，共 16 行数据
[2026-05-28 11:11:22]  动态索引映射: ['股票代码', '股票名称', '信号', '当前价格', '量比', '来源过滤']
[2026-05-28 11:11:22]  [行1] 解析成功: SZSE.002980 [华盛昌] BUY @ 112.18 (VR:1.07)
[2026-05-28 11:11:22]  [行2] 解析成功: SZSE.301220 [亚香股份] BUY @ 37.26 (VR:0.12)
[2026-05-28 11:11:22]  [行3] 解析成功: SZSE.300672 [国科微] BUY @ 348.02 (VR:0.04)
[2026-05-28 11:11:22]  [行4] 解析成功: SZSE.001309 [德利明] BUY @ 652.86 (VR:0.09)
[2026-05-28 11:11:22]  [行5] 解析成功: SZSE.300054 [鼎龙股份] BUY @ 72.7 (VR:0.36)
[2026-05-28 11:11:22]  [行6] 解析成功: SZSE.300666 [江丰电子] BUY @ 196.97 (VR:1.22)
[2026-05-28 11:11:22]  [行7] 解析成功: SZSE.300953 [震裕科技] BUY @ 162.6 (VR:0.3)
[2026-05-28 11:11:22]  [行8] 解析成功: SZSE.300054 [鼎龙股份] BUY @ 72.73 (VR:0.01)
[2026-05-28 11:11:22]  [行9] 解析成功: SZSE.002980 [华盛昌] BUY @ 113.8 (VR:0.87)
[2026-05-28 11:11:22]  [行10] 解析成功: SZSE.301220 [亚香股份] BUY @ 37.28 (VR:0.22)
[2026-05-28 11:11:22]  [行11] 解析成功: SZSE.300672 [国科微] BUY @ 349.5 (VR:0.05)
[2026-05-28 11:11:22]  [行12] 解析成功: SZSE.001309 [德利明] BUY @ 654.42 (VR:0.0)
[2026-05-28 11:11:22]  [行13] 解析成功: SZSE.300054 [鼎龙股份] BUY @ 73.28 (VR:0.14)
[2026-05-28 11:11:22]  [行14] 解析成功: SZSE.300666 [江丰电子] BUY @ 198.5 (VR:2.0)
[2026-05-28 11:11:22]  [行15] 解析成功: SZSE.300953 [震裕科技] BUY @ 162.92 (VR:0.8)
[2026-05-28 11:11:22]  [行16] 解析成功: SZSE.300054 [鼎龙股份] BUY @ 73.44 (VR:0.0)
[2026-05-28 11:11:22] 成功保存 16 条因子至: signal_batch_20260528_111122_101552.txt
[2026-05-28 11:11:22]  QQ-备用 邮件 1134 处理完成
[2026-05-28 11:11:22]  QQ-备用 本轮共成功处理 1 封有效信号邮件
[2026-05-28 11:11:57]  正在连接 QQ-主 邮箱服务器 (497720537@qq.com) ...
[2026-05-28 11:11:58]  正在连接 QQ-备用 邮箱服务器 (shouqianbadavid@qq.com) ...
[2026-05-28 11:12:33]  正在连接 QQ-主 邮箱服务器 (497720537@qq.com) ...
[2026-05-28 11:12:34]  正在连接 QQ-备用 邮箱服务器 (shouqianbadavid@qq.com) ...
[2026-05-28 11:13:10]  正在连接 QQ-主 邮箱服务器 (497720537@qq.com) ...
[2026-05-28 11:13:11]  正在连接 QQ-备用 邮箱服务器 (shouqianbadavid@qq.com) ...
[2026-05-28 11:13:46]  正在连接 QQ-主 邮箱服务器 (497720537@qq.com) ...
[2026-05-28 11:13:47]  正在连接 QQ-备用 邮箱服务器 (shouqianbadavid@qq.com) ...
[2026-05-28 11:14:22]  正在连接 QQ-主 邮箱服务器 (497720537@qq.com) ...
[2026-05-28 11:14:23]  正在连接 QQ-备用 邮箱服务器 (shouqianbadavid@qq.com) ...
[2026-05-28 11:14:58]  正在连接 QQ-主 邮箱服务器 (497720537@qq.com) ...
[2026-05-28 11:14:59]  正在连接 QQ-备用 邮箱服务器 (shouqianbadavid@qq.com) ...
[2026-05-28 11:15:35]  正在连接 QQ-主 邮箱服务器 (497720537@qq.com) ...
[2026-05-28 11:15:35]  正在连接 QQ-备用 邮箱服务器 (shouqianbadavid@qq.com) ...
[2026-05-28 11:16:11]  正在连接 QQ-主 邮箱服务器 (497720537@qq.com) ...
[2026-05-28 11:16:12]  正在连接 QQ-备用 邮箱服务器 (shouqianbadavid@qq.com) ...
[2026-05-28 11:16:13]  QQ-备用 正在解析因子: =?utf-8?b?QWxwaGFQaWxvdCDlpIfku73kv6Hlj7cgKGFscGhhX3NpZ25hbF90aHJfMjAyNjA1MjhfMTExNS5qc29uKSBb5aSHUVEt6Ieq5L+dXQ==?=
[2026-05-28 11:16:13]  发现表格，共 8 行数据
[2026-05-28 11:16:13]  动态索引映射: ['股票代码', '股票名称', '信号', '当前价格', '量比', '来源过滤']
[2026-05-28 11:16:13]  [行1] 解析成功: SZSE.300054 [鼎龙股份] BUY @ 73.48 (VR:0.29)
[2026-05-28 11:16:13]  [行2] 解析成功: SZSE.001258 [立新能源] SELL @ 10.41 (VR:0.55)
[2026-05-28 11:16:13]  [行3] 解析成功: SZSE.002364 [中恒电器] BUY @ 57.5 (VR:0.55)
[2026-05-28 11:16:13]  [行4] 解析成功: SZSE.000338 [潍柴动力] BUY @ 35.07 (VR:0.9)
[2026-05-28 11:16:13]  [行5] 解析成功: SZSE.300054 [鼎龙股份] BUY @ 73.84 (VR:0.0)
[2026-05-28 11:16:13]  [行6] 解析成功: SZSE.001258 [立新能源] SELL @ 10.4 (VR:1.8)
[2026-05-28 11:16:13]  [行7] 解析成功: SZSE.002364 [中恒电器] BUY @ 57.91 (VR:0.87)
[2026-05-28 11:16:13]  [行8] 解析成功: SZSE.000338 [潍柴动力] BUY @ 35.11 (VR:0.13)
[2026-05-28 11:16:13] 成功保存 8 条因子至: signal_batch_20260528_111613_094787.txt
[2026-05-28 11:16:13]  QQ-备用 邮件 1135 处理完成
[2026-05-28 11:16:13]  QQ-备用 本轮共成功处理 1 封有效信号邮件
[2026-05-28 11:16:48]  正在连接 QQ-主 邮箱服务器 (497720537@qq.com) ...
[2026-05-28 11:16:49]  正在连接 QQ-备用 邮箱服务器 (shouqianbadavid@qq.com) ...
[2026-05-28 11:17:24]  正在连接 QQ-主 邮箱服务器 (497720537@qq.com) ...
[2026-05-28 11:17:25]  正在连接 QQ-备用 邮箱服务器 (shouqianbadavid@qq.com) ...
[2026-05-28 11:18:01]  正在连接 QQ-主 邮箱服务器 (497720537@qq.com) ...
[2026-05-28 11:18:01]  正在连接 QQ-备用 邮箱服务器 (shouqianbadavid@qq.com) ...
[2026-05-28 11:18:37]  正在连接 QQ-主 邮箱服务器 (497720537@qq.com) ...
[2026-05-28 11:18:37]  正在连接 QQ-备用 邮箱服务器 (shouqianbadavid@qq.com) ...
[2026-05-28 11:19:13]  正在连接 QQ-主 邮箱服务器 (497720537@qq.com) ...
[2026-05-28 11:19:13]  正在连接 QQ-备用 邮箱服务器 (shouqianbadavid@qq.com) ...
[2026-05-28 11:19:49]  正在连接 QQ-主 邮箱服务器 (497720537@qq.com) ...
[2026-05-28 11:19:50]  正在连接 QQ-备用 邮箱服务器 (shouqianbadavid@qq.com) ...
[2026-05-28 11:20:25]  正在连接 QQ-主 邮箱服务器 (497720537@qq.com) ...
[2026-05-28 11:20:26]  正在连接 QQ-备用 邮箱服务器 (shouqianbadavid@qq.com) ...
[2026-05-28 11:21:01]  正在连接 QQ-主 邮箱服务器 (497720537@qq.com) ...
[2026-05-28 11:21:03]  正在连接 QQ-备用 邮箱服务器 (shouqianbadavid@qq.com) ...
[2026-05-28 11:21:03]  QQ-备用 正在解析因子: =?utf-8?b?QWxwaGFQaWxvdCDlpIfku73kv6Hlj7cgKGFscGhhX3NpZ25hbF90aHJfMjAyNjA1MjhfMTEyMC5qc29uKSBb5aSHUVEt6Ieq5L+dXQ==?=
[2026-05-28 11:21:03]  发现表格，共 12 行数据
[2026-05-28 11:21:03]  动态索引映射: ['股票代码', '股票名称', '信号', '当前价格', '量比', '来源过滤']
[2026-05-28 11:21:03]  [行1] 解析成功: SHSE.601669 [中国电建] SELL @ 5.3 (VR:0.34)
[2026-05-28 11:21:03]  [行2] 解析成功: SZSE.301158 [万集科技] SELL @ 16.58 (VR:0.07)
[2026-05-28 11:21:03]  [行3] 解析成功: SZSE.300259 [新天科技] BUY @ 7.2 (VR:1.07)
[2026-05-28 11:21:03]  [行4] 解析成功: SZSE.300739 [明阳电路] SELL @ 38.6 (VR:0.09)
[2026-05-28 11:21:03]  [行5] 解析成功: SZSE.301171 [易点天下] BUY @ 37.63 (VR:0.1)
[2026-05-28 11:21:03]  [行6] 解析成功: SZSE.300345 [华民股份] BUY @ 6.29 (VR:0.02)
[2026-05-28 11:21:03]  [行7] 解析成功: SHSE.601669 [中国电建] SELL @ 5.29 (VR:0.01)
[2026-05-28 11:21:03]  [行8] 解析成功: SZSE.301158 [万集科技] SELL @ 16.57 (VR:0.0)
[2026-05-28 11:21:03]  [行9] 解析成功: SZSE.300259 [新天科技] BUY @ 7.24 (VR:0.36)
[2026-05-28 11:21:03]  [行10] 解析成功: SZSE.300739 [明阳电路] SELL @ 38.59 (VR:1.48)
[2026-05-28 11:21:03]  [行11] 解析成功: SZSE.301171 [易点天下] BUY @ 37.68 (VR:1.2)
[2026-05-28 11:21:03]  [行12] 解析成功: SZSE.300345 [华民股份] BUY @ 6.38 (VR:15.18)
[2026-05-28 11:21:03] 成功保存 12 条因子至: signal_batch_20260528_112103_853176.txt
[2026-05-28 11:21:03]  QQ-备用 邮件 1136 处理完成
[2026-05-28 11:21:04]  QQ-备用 本轮共成功处理 1 封有效信号邮件
[2026-05-28 11:21:39]  正在连接 QQ-主 邮箱服务器 (497720537@qq.com) ...
[2026-05-28 11:21:39]  正在连接 QQ-备用 邮箱服务器 (shouqianbadavid@qq.com) ...
[2026-05-28 11:22:15]  正在连接 QQ-主 邮箱服务器 (497720537@qq.com) ...
[2026-05-28 11:22:16]  正在连接 QQ-备用 邮箱服务器 (shouqianbadavid@qq.com) ...
[2026-05-28 11:22:52]  正在连接 QQ-主 邮箱服务器 (497720537@qq.com) ...
[2026-05-28 11:22:53]  正在连接 QQ-备用 邮箱服务器 (shouqianbadavid@qq.com) ...
[2026-05-28 11:23:28]  正在连接 QQ-主 邮箱服务器 (497720537@qq.com) ...
[2026-05-28 11:23:29]  正在连接 QQ-备用 邮箱服务器 (shouqianbadavid@qq.com) ...
[2026-05-28 11:24:05]  正在连接 QQ-主 邮箱服务器 (497720537@qq.com) ...
[2026-05-28 11:24:05]  正在连接 QQ-备用 邮箱服务器 (shouqianbadavid@qq.com) ...
[2026-05-28 11:24:41]  正在连接 QQ-主 邮箱服务器 (497720537@qq.com) ...
[2026-05-28 11:24:42]  正在连接 QQ-备用 邮箱服务器 (shouqianbadavid@qq.com) ...
[2026-05-28 11:25:17]  正在连接 QQ-主 邮箱服务器 (497720537@qq.com) ...
[2026-05-28 11:25:18]  正在连接 QQ-备用 邮箱服务器 (shouqianbadavid@qq.com) ...
[2026-05-28 11:25:54]  正在连接 QQ-主 邮箱服务器 (497720537@qq.com) ...
[2026-05-28 11:25:54]  正在连接 QQ-备用 邮箱服务器 (shouqianbadavid@qq.com) ...
[2026-05-28 11:26:30]  正在连接 QQ-主 邮箱服务器 (497720537@qq.com) ...
[2026-05-28 11:26:30]  QQ-主 正在解析因子: =?utf-8?b?QWxwaGFQaWxvdCDlrp7ml7bkv6Hlj7cgKGFscGhhX3NpZ25hbF90aHJfMjAyNjA1MjhfMTEyNi5qc29uKSBb5Li7UVEt5a+55aSWXQ==?=
[2026-05-28 11:26:30]  发现表格，共 8 行数据
[2026-05-28 11:26:30]  动态索引映射: ['股票代码', '股票名称', '信号', '当前价格', '量比', '来源过滤']
[2026-05-28 11:26:30]  [行1] 解析成功: SHSE.603920 [世运电路] SELL @ 65.91 (VR:2.11)
[2026-05-28 11:26:30]  [行2] 解析成功: SZSE.301419 [德赛西威] BUY @ 37.91 (VR:3.45)
[2026-05-28 11:26:30]  [行3] 解析成功: SZSE.301658 [首航新能] BUY @ 38.49 (VR:0.14)
[2026-05-28 11:26:30]  [行4] 解析成功: SZSE.300720 [海川智能] BUY @ 62.6 (VR:0.35)
[2026-05-28 11:26:30]  [行5] 解析成功: SHSE.603920 [世运电路] SELL @ 65.86 (VR:0.04)
[2026-05-28 11:26:30]  [行6] 解析成功: SZSE.301419 [德赛西威] BUY @ 38.1 (VR:0.53)
[2026-05-28 11:26:30]  [行7] 解析成功: SZSE.301658 [首航新能] BUY @ 38.55 (VR:0.02)
[2026-05-28 11:26:30]  [行8] 解析成功: SZSE.300720 [海川智能] BUY @ 62.88 (VR:0.12)
[2026-05-28 11:26:30] 成功保存 8 条因子至: signal_batch_20260528_112630_539212.txt
[2026-05-28 11:26:30]  QQ-主 邮件 3284 处理完成
[2026-05-28 11:26:30]  QQ-主 本轮共成功处理 1 封有效信号邮件
[2026-05-28 11:26:30]  正在连接 QQ-备用 邮箱服务器 (shouqianbadavid@qq.com) ...
[2026-05-28 11:27:06]  正在连接 QQ-主 邮箱服务器 (497720537@qq.com) ...
[2026-05-28 11:27:07]  正在连接 QQ-备用 邮箱服务器 (shouqianbadavid@qq.com) ...
[2026-05-28 11:27:08]  QQ-备用 正在解析因子: =?utf-8?b?QWxwaGFQaWxvdCDlpIfku73kv6Hlj7cgKGFscGhhX3NpZ25hbF90aHJfMjAyNjA1MjhfMTEyNi5qc29uKSBb5aSHUVEt6Ieq5L+dXQ==?=
[2026-05-28 11:27:08]  发现表格，共 8 行数据
[2026-05-28 11:27:08]  动态索引映射: ['股票代码', '股票名称', '信号', '当前价格', '量比', '来源过滤']
[2026-05-28 11:27:08]  [行1] 解析成功: SHSE.603920 [世运电路] SELL @ 65.91 (VR:2.11)
[2026-05-28 11:27:08]  [行2] 解析成功: SZSE.301419 [德赛西威] BUY @ 37.91 (VR:3.45)
[2026-05-28 11:27:08]  [行3] 解析成功: SZSE.301658 [首航新能] BUY @ 38.49 (VR:0.14)
[2026-05-28 11:27:08]  [行4] 解析成功: SZSE.300720 [海川智能] BUY @ 62.6 (VR:0.35)
[2026-05-28 11:27:08]  [行5] 解析成功: SHSE.603920 [世运电路] SELL @ 65.86 (VR:0.04)
[2026-05-28 11:27:08]  [行6] 解析成功: SZSE.301419 [德赛西威] BUY @ 38.1 (VR:0.53)
[2026-05-28 11:27:08]  [行7] 解析成功: SZSE.301658 [首航新能] BUY @ 38.55 (VR:0.02)
[2026-05-28 11:27:08]  [行8] 解析成功: SZSE.300720 [海川智能] BUY @ 62.88 (VR:0.12)
[2026-05-28 11:27:08] 成功保存 8 条因子至: signal_batch_20260528_112708_419763.txt
[2026-05-28 11:27:08]  QQ-备用 邮件 1137 处理完成
[2026-05-28 11:27:08]  QQ-备用 本轮共成功处理 1 封有效信号邮件
[2026-05-28 11:27:43]  正在连接 QQ-主 邮箱服务器 (497720537@qq.com) ...
[2026-05-28 11:27:44]  正在连接 QQ-备用 邮箱服务器 (shouqianbadavid@qq.com) ...
[2026-05-28 11:28:19]  正在连接 QQ-主 邮箱服务器 (497720537@qq.com) ...
[2026-05-28 11:28:20]  正在连接 QQ-备用 邮箱服务器 (shouqianbadavid@qq.com) ...
[2026-05-28 11:28:56]  正在连接 QQ-主 邮箱服务器 (497720537@qq.com) ...
[2026-05-28 11:28:56]  正在连接 QQ-备用 邮箱服务器 (shouqianbadavid@qq.com) ...
[2026-05-28 11:29:32]  正在连接 QQ-主 邮箱服务器 (497720537@qq.com) ...
[2026-05-28 11:29:32]  正在连接 QQ-备用 邮箱服务器 (shouqianbadavid@qq.com) ...
[2026-05-28 11:30:08]  正在连接 QQ-主 邮箱服务器 (497720537@qq.com) ...
[2026-05-28 11:30:08]  QQ-主 正在解析因子: =?UTF-8?B?5bmz6KGh5b+D5oOF57O75YiX5YiG5Lqr5LqG6KeG6aKR?=
[2026-05-28 11:30:08]  发现表格，共 27 行数据
[2026-05-28 11:30:08]  表头映射失败，未找到指定列名。当前表头: ['看看视频内容吧。平衡心情系列分享了 1 个视频5月27日 15:00查看视频此邮件发给497720537@qq.com。 如果不希望再收到 Meta 的这类邮件，请退订。Meta Platforms, Inc., Attention: Community Support, 1 Meta Way, Menlo Park, CA 94025为保护你的主页安全，请勿转发这封邮件。详细了解', '看看视频内容吧。平衡心情系列分享了 1 个视频5月27日 15:00查看视频此邮件发给497720537@qq.com。 如果不希望再收到 Meta 的这类邮件，请退订。Meta Platforms, Inc., Attention: Community Support, 1 Meta Way, Menlo Park, CA 94025为保护你的主页安全，请勿转发这封邮件。详细了解', '看看视频内容吧。平衡心情系列分享了 1 个视频5月27日 15:00查看视频此邮件发给497720537@qq.com。 如果不希望再收到 Meta 的这类邮件，请退订。Meta Platforms, Inc., Attention: Community Support, 1 Meta Way, Menlo Park, CA 94025为保护你的主页安全，请勿转发这封邮件。详细了解', '', '看看视频内容吧。', '', '', '', '', '', '', '', '', '', '', '', '', '', '', '平衡心情系列分享了 1 个视频5月27日 15:00查看视频', '', '平衡心情系列分享了 1 个视频5月27日 15:00查看视频', '平衡心情系列分享了 1 个视频5月27日 15:00查看视频', '', '', '平衡心情系列分享了 1 个视频5月27日 15:00查看视频', '平衡心情系列分享了 1 个视频5月27日 15:00', '平衡心情系列分享了 1 个视频', '', '5月27日 15:00', '', '查看视频', '查看视频', '', '', '', '此邮件发给497720537@qq.com。 如果不希望再收到 Meta 的这类邮件，请退订。Meta Platforms, Inc., Attention: Community Support, 1 Meta Way, Menlo Park, CA 94025', '', '此邮件发给497720537@qq.com。 如果不希望再收到 Meta 的这类邮件，请退订。Meta Platforms, Inc., Attention: Community Support, 1 Meta Way, Menlo Park, CA 94025', '', '', '为保护你的主页安全，请勿转发这封邮件。详细了解', '为保护你的主页安全，请勿转发这封邮件。详细了解', '', '']
[2026-05-28 11:30:08] QQ-主 邮件 3285 无有效信号
[2026-05-28 11:30:09]  正在连接 QQ-备用 邮箱服务器 (shouqianbadavid@qq.com) ...
[2026-05-28 11:30:44]  正在连接 QQ-主 邮箱服务器 (497720537@qq.com) ...
[2026-05-28 11:30:45]  正在连接 QQ-备用 邮箱服务器 (shouqianbadavid@qq.com) ...
[2026-05-28 11:31:21]  正在连接 QQ-主 邮箱服务器 (497720537@qq.com) ...
[2026-05-28 11:31:21]  正在连接 QQ-备用 邮箱服务器 (shouqianbadavid@qq.com) ...
[2026-05-28 11:31:57]  正在连接 QQ-主 邮箱服务器 (497720537@qq.com) ...
[2026-05-28 11:31:58]  正在连接 QQ-备用 邮箱服务器 (shouqianbadavid@qq.com) ...
[2026-05-28 11:31:59]  QQ-备用 正在解析因子: =?utf-8?b?QWxwaGFQaWxvdCDlpIfku73kv6Hlj7cgKGFscGhhX3NpZ25hbF90aHJfMjAyNjA1MjhfMTEzMS5qc29uKSBb5aSHUVEt6Ieq5L+dXQ==?=
[2026-05-28 11:31:59]  发现表格，共 8 行数据
[2026-05-28 11:31:59]  动态索引映射: ['股票代码', '股票名称', '信号', '当前价格', '量比', '来源过滤']
[2026-05-28 11:31:59]  [行1] 解析成功: SHSE.688700 [东威科技] BUY @ 87.93 (VR:0.14)
[2026-05-28 11:31:59]  [行2] 解析成功: SHSE.688689 [银河微电] BUY @ 43.09 (VR:0.09)
[2026-05-28 11:31:59]  [行3] 解析成功: SZSE.301071 [力量钻石] BUY @ 82.29 (VR:0.27)
[2026-05-28 11:31:59]  [行4] 解析成功: SZSE.301389 [隆扬电子] BUY @ 91.58 (VR:7.05)
[2026-05-28 11:31:59]  [行5] 解析成功: SHSE.688700 [东威科技] BUY @ 88.53 (VR:0.57)
[2026-05-28 11:31:59]  [行6] 解析成功: SHSE.688689 [银河微电] BUY @ 43.29 (VR:0.75)
[2026-05-28 11:31:59]  [行7] 解析成功: SZSE.301071 [力量钻石] BUY @ 82.59 (VR:0.52)
[2026-05-28 11:31:59]  [行8] 解析成功: SZSE.301389 [隆扬电子] BUY @ 91.63 (VR:0.63)
[2026-05-28 11:31:59] 成功保存 8 条因子至: signal_batch_20260528_113159_062663.txt
[2026-05-28 11:31:59]  QQ-备用 邮件 1138 处理完成
[2026-05-28 11:31:59]  QQ-备用 本轮共成功处理 1 封有效信号邮件
[2026-05-28 11:32:34]  正在连接 QQ-主 邮箱服务器 (497720537@qq.com) ...
[2026-05-28 11:32:34]  正在连接 QQ-备用 邮箱服务器 (shouqianbadavid@qq.com) ...
[2026-05-28 11:33:10]  正在连接 QQ-主 邮箱服务器 (497720537@qq.com) ...
[2026-05-28 11:33:11]  正在连接 QQ-备用 邮箱服务器 (shouqianbadavid@qq.com) ...
[2026-05-28 11:33:46]  正在连接 QQ-主 邮箱服务器 (497720537@qq.com) ...
[2026-05-28 11:33:47]  正在连接 QQ-备用 邮箱服务器 (shouqianbadavid@qq.com) ...
[2026-05-28 11:34:22]  正在连接 QQ-主 邮箱服务器 (497720537@qq.com) ...
[2026-05-28 11:34:23]  正在连接 QQ-备用 邮箱服务器 (shouqianbadavid@qq.com) ...
[2026-05-28 11:34:59]  正在连接 QQ-主 邮箱服务器 (497720537@qq.com) ...
[2026-05-28 11:34:59]  正在连接 QQ-备用 邮箱服务器 (shouqianbadavid@qq.com) ...
[2026-05-28 11:35:35]  正在连接 QQ-主 邮箱服务器 (497720537@qq.com) ...
[2026-05-28 11:35:35]  正在连接 QQ-备用 邮箱服务器 (shouqianbadavid@qq.com) ...
[2026-05-28 11:36:11]  正在连接 QQ-主 邮箱服务器 (497720537@qq.com) ...
[2026-05-28 11:36:11]  正在连接 QQ-备用 邮箱服务器 (shouqianbadavid@qq.com) ...
[2026-05-28 11:36:47]  正在连接 QQ-主 邮箱服务器 (497720537@qq.com) ...
[2026-05-28 11:36:48]  正在连接 QQ-备用 邮箱服务器 (shouqianbadavid@qq.com) ...
[2026-05-28 11:37:23]  正在连接 QQ-主 邮箱服务器 (497720537@qq.com) ...
[2026-05-28 11:37:23]  正在连接 QQ-备用 邮箱服务器 (shouqianbadavid@qq.com) ...
[2026-05-28 11:37:59]  正在连接 QQ-主 邮箱服务器 (497720537@qq.com) ...
[2026-05-28 11:38:00]  正在连接 QQ-备用 邮箱服务器 (shouqianbadavid@qq.com) ...
[2026-05-28 11:38:35]  正在连接 QQ-主 邮箱服务器 (497720537@qq.com) ...
[2026-05-28 11:38:36]  正在连接 QQ-备用 邮箱服务器 (shouqianbadavid@qq.com) ...
[2026-05-28 11:39:11]  正在连接 QQ-主 邮箱服务器 (497720537@qq.com) ...
[2026-05-28 11:39:12]  正在连接 QQ-备用 邮箱服务器 (shouqianbadavid@qq.com) ...
[2026-05-28 11:39:48]  正在连接 QQ-主 邮箱服务器 (497720537@qq.com) ...
[2026-05-28 11:39:48]  正在连接 QQ-备用 邮箱服务器 (shouqianbadavid@qq.com) ...
[2026-05-28 11:40:24]  正在连接 QQ-主 邮箱服务器 (497720537@qq.com) ...
[2026-05-28 11:40:24]  正在连接 QQ-备用 邮箱服务器 (shouqianbadavid@qq.com) ...
[2026-05-28 11:41:00]  正在连接 QQ-主 邮箱服务器 (497720537@qq.com) ...
[2026-05-28 11:41:01]  正在连接 QQ-备用 邮箱服务器 (shouqianbadavid@qq.com) ...
[2026-05-28 11:41:37]  正在连接 QQ-主 邮箱服务器 (497720537@qq.com) ...
[2026-05-28 11:41:37]  正在连接 QQ-备用 邮箱服务器 (shouqianbadavid@qq.com) ...
[2026-05-28 11:42:13]  正在连接 QQ-主 邮箱服务器 (497720537@qq.com) ...
[2026-05-28 11:42:14]  正在连接 QQ-备用 邮箱服务器 (shouqianbadavid@qq.com) ...
[2026-05-28 11:42:49]  正在连接 QQ-主 邮箱服务器 (497720537@qq.com) ...
[2026-05-28 11:42:50]  正在连接 QQ-备用 邮箱服务器 (shouqianbadavid@qq.com) ...
[2026-05-28 11:43:25]  正在连接 QQ-主 邮箱服务器 (497720537@qq.com) ...
[2026-05-28 11:43:26]  正在连接 QQ-备用 邮箱服务器 (shouqianbadavid@qq.com) ...
[2026-05-28 11:44:02]  正在连接 QQ-主 邮箱服务器 (497720537@qq.com) ...
[2026-05-28 11:44:02]  正在连接 QQ-备用 邮箱服务器 (shouqianbadavid@qq.com) ...
[2026-05-28 11:44:38]  正在连接 QQ-主 邮箱服务器 (497720537@qq.com) ...
[2026-05-28 11:44:39]  正在连接 QQ-备用 邮箱服务器 (shouqianbadavid@qq.com) ...
[2026-05-28 11:45:14]  正在连接 QQ-主 邮箱服务器 (497720537@qq.com) ...
[2026-05-28 11:45:15]  正在连接 QQ-备用 邮箱服务器 (shouqianbadavid@qq.com) ...
[2026-05-28 11:45:51]  正在连接 QQ-主 邮箱服务器 (497720537@qq.com) ...
[2026-05-28 11:45:51]  正在连接 QQ-备用 邮箱服务器 (shouqianbadavid@qq.com) ...
[2026-05-28 11:46:27]  正在连接 QQ-主 邮箱服务器 (497720537@qq.com) ...
[2026-05-28 11:46:28]  正在连接 QQ-备用 邮箱服务器 (shouqianbadavid@qq.com) ...
[2026-05-28 11:47:04]  正在连接 QQ-主 邮箱服务器 (497720537@qq.com) ...
[2026-05-28 11:47:04]  正在连接 QQ-备用 邮箱服务器 (shouqianbadavid@qq.com) ...
[2026-05-28 11:47:40]  正在连接 QQ-主 邮箱服务器 (497720537@qq.com) ...
[2026-05-28 11:47:41]  正在连接 QQ-备用 邮箱服务器 (shouqianbadavid@qq.com) ...
[2026-05-28 11:48:16]  正在连接 QQ-主 邮箱服务器 (497720537@qq.com) ...
[2026-05-28 11:48:17]  正在连接 QQ-备用 邮箱服务器 (shouqianbadavid@qq.com) ...
[2026-05-28 11:48:53]  正在连接 QQ-主 邮箱服务器 (497720537@qq.com) ...
[2026-05-28 11:48:54]  正在连接 QQ-备用 邮箱服务器 (shouqianbadavid@qq.com) ...
[2026-05-28 11:49:29]  正在连接 QQ-主 邮箱服务器 (497720537@qq.com) ...
[2026-05-28 11:49:30]  正在连接 QQ-备用 邮箱服务器 (shouqianbadavid@qq.com) ...
[2026-05-28 11:50:06]  正在连接 QQ-主 邮箱服务器 (497720537@qq.com) ...
[2026-05-28 11:50:07]  正在连接 QQ-备用 邮箱服务器 (shouqianbadavid@qq.com) ...
[2026-05-28 11:50:42]  正在连接 QQ-主 邮箱服务器 (497720537@qq.com) ...
[2026-05-28 11:50:43]  正在连接 QQ-备用 邮箱服务器 (shouqianbadavid@qq.com) ...
[2026-05-28 11:51:19]  正在连接 QQ-主 邮箱服务器 (497720537@qq.com) ...
[2026-05-28 11:51:19]  正在连接 QQ-备用 邮箱服务器 (shouqianbadavid@qq.com) ...
[2026-05-28 11:51:55]  正在连接 QQ-主 邮箱服务器 (497720537@qq.com) ...
[2026-05-28 11:51:56]  正在连接 QQ-备用 邮箱服务器 (shouqianbadavid@qq.com) ...
[2026-05-28 11:52:31]  正在连接 QQ-主 邮箱服务器 (497720537@qq.com) ...
[2026-05-28 11:52:32]  正在连接 QQ-备用 邮箱服务器 (shouqianbadavid@qq.com) ...
[2026-05-28 11:53:07]  正在连接 QQ-主 邮箱服务器 (497720537@qq.com) ...
[2026-05-28 11:53:08]  正在连接 QQ-备用 邮箱服务器 (shouqianbadavid@qq.com) ...
[2026-05-28 11:53:44]  正在连接 QQ-主 邮箱服务器 (497720537@qq.com) ...
[2026-05-28 11:53:45]  正在连接 QQ-备用 邮箱服务器 (shouqianbadavid@qq.com) ...
[2026-05-28 11:54:20]  正在连接 QQ-主 邮箱服务器 (497720537@qq.com) ...
[2026-05-28 11:54:21]  正在连接 QQ-备用 邮箱服务器 (shouqianbadavid@qq.com) ...
[2026-05-28 11:54:57]  正在连接 QQ-主 邮箱服务器 (497720537@qq.com) ...
[2026-05-28 11:54:57]  正在连接 QQ-备用 邮箱服务器 (shouqianbadavid@qq.com) ...
[2026-05-28 11:55:33]  正在连接 QQ-主 邮箱服务器 (497720537@qq.com) ...
[2026-05-28 11:55:34]  正在连接 QQ-备用 邮箱服务器 (shouqianbadavid@qq.com) ...
[2026-05-28 11:56:10]  正在连接 QQ-主 邮箱服务器 (497720537@qq.com) ...
[2026-05-28 11:56:11]  正在连接 QQ-备用 邮箱服务器 (shouqianbadavid@qq.com) ...
[2026-05-28 11:56:47]  正在连接 QQ-主 邮箱服务器 (497720537@qq.com) ...
[2026-05-28 11:56:47]  正在连接 QQ-备用 邮箱服务器 (shouqianbadavid@qq.com) ...
[2026-05-28 11:57:23]  正在连接 QQ-主 邮箱服务器 (497720537@qq.com) ...
[2026-05-28 11:57:24]  正在连接 QQ-备用 邮箱服务器 (shouqianbadavid@qq.com) ...
[2026-05-28 11:58:00]  正在连接 QQ-主 邮箱服务器 (497720537@qq.com) ...
[2026-05-28 11:58:00]  正在连接 QQ-备用 邮箱服务器 (shouqianbadavid@qq.com) ...
[2026-05-28 11:58:36]  正在连接 QQ-主 邮箱服务器 (497720537@qq.com) ...
[2026-05-28 11:58:37]  正在连接 QQ-备用 邮箱服务器 (shouqianbadavid@qq.com) ...
[2026-05-28 11:59:13]  正在连接 QQ-主 邮箱服务器 (497720537@qq.com) ...
[2026-05-28 11:59:14]  正在连接 QQ-备用 邮箱服务器 (shouqianbadavid@qq.com) ...
[2026-05-28 11:59:50]  正在连接 QQ-主 邮箱服务器 (497720537@qq.com) ...
[2026-05-28 11:59:50]  正在连接 QQ-备用 邮箱服务器 (shouqianbadavid@qq.com) ...
[2026-05-28 12:00:26]  正在连接 QQ-主 邮箱服务器 (497720537@qq.com) ...
[2026-05-28 12:00:27]  正在连接 QQ-备用 邮箱服务器 (shouqianbadavid@qq.com) ...
[2026-05-28 12:01:03]  正在连接 QQ-主 邮箱服务器 (497720537@qq.com) ...
[2026-05-28 12:01:03]  正在连接 QQ-备用 邮箱服务器 (shouqianbadavid@qq.com) ...
[2026-05-28 12:01:39]  正在连接 QQ-主 邮箱服务器 (497720537@qq.com) ...
[2026-05-28 12:01:40]  正在连接 QQ-备用 邮箱服务器 (shouqianbadavid@qq.com) ...
[2026-05-28 12:02:16]  正在连接 QQ-主 邮箱服务器 (497720537@qq.com) ...
[2026-05-28 12:02:17]  正在连接 QQ-备用 邮箱服务器 (shouqianbadavid@qq.com) ...
[2026-05-28 12:02:53]  正在连接 QQ-主 邮箱服务器 (497720537@qq.com) ...
[2026-05-28 12:02:54]  正在连接 QQ-备用 邮箱服务器 (shouqianbadavid@qq.com) ...
[2026-05-28 12:03:29]  正在连接 QQ-主 邮箱服务器 (497720537@qq.com) ...
[2026-05-28 12:03:30]  正在连接 QQ-备用 邮箱服务器 (shouqianbadavid@qq.com) ...
[2026-05-28 12:04:06]  正在连接 QQ-主 邮箱服务器 (497720537@qq.com) ...
[2026-05-28 12:04:06]  正在连接 QQ-备用 邮箱服务器 (shouqianbadavid@qq.com) ...
[2026-05-28 12:04:43]  正在连接 QQ-主 邮箱服务器 (497720537@qq.com) ...
[2026-05-28 12:04:44]  正在连接 QQ-备用 邮箱服务器 (shouqianbadavid@qq.com) ...
[2026-05-28 12:05:20]  正在连接 QQ-主 邮箱服务器 (497720537@qq.com) ...
[2026-05-28 12:05:21]  正在连接 QQ-备用 邮箱服务器 (shouqianbadavid@qq.com) ...
[2026-05-28 12:05:56]  正在连接 QQ-主 邮箱服务器 (497720537@qq.com) ...
[2026-05-28 12:05:57]  正在连接 QQ-备用 邮箱服务器 (shouqianbadavid@qq.com) ...
[2026-05-28 12:06:33]  正在连接 QQ-主 邮箱服务器 (497720537@qq.com) ...
[2026-05-28 12:06:33]  正在连接 QQ-备用 邮箱服务器 (shouqianbadavid@qq.com) ...
[2026-05-28 12:07:09]  正在连接 QQ-主 邮箱服务器 (497720537@qq.com) ...
[2026-05-28 12:07:09]  正在连接 QQ-备用 邮箱服务器 (shouqianbadavid@qq.com) ...
[2026-05-28 12:07:45]  正在连接 QQ-主 邮箱服务器 (497720537@qq.com) ...
[2026-05-28 12:07:46]  正在连接 QQ-备用 邮箱服务器 (shouqianbadavid@qq.com) ...
[2026-05-28 12:08:22]  正在连接 QQ-主 邮箱服务器 (497720537@qq.com) ...
[2026-05-28 12:08:23]  正在连接 QQ-备用 邮箱服务器 (shouqianbadavid@qq.com) ...
[2026-05-28 12:08:58]  正在连接 QQ-主 邮箱服务器 (497720537@qq.com) ...
[2026-05-28 12:08:59]  正在连接 QQ-备用 邮箱服务器 (shouqianbadavid@qq.com) ...
[2026-05-28 12:09:35]  正在连接 QQ-主 邮箱服务器 (497720537@qq.com) ...
[2026-05-28 12:09:36]  正在连接 QQ-备用 邮箱服务器 (shouqianbadavid@qq.com) ...
[2026-05-28 12:10:11]  正在连接 QQ-主 邮箱服务器 (497720537@qq.com) ...
[2026-05-28 12:10:12]  正在连接 QQ-备用 邮箱服务器 (shouqianbadavid@qq.com) ...
[2026-05-28 12:10:48]  正在连接 QQ-主 邮箱服务器 (497720537@qq.com) ...
[2026-05-28 12:10:48]  正在连接 QQ-备用 邮箱服务器 (shouqianbadavid@qq.com) ...
[2026-05-28 12:11:24]  正在连接 QQ-主 邮箱服务器 (497720537@qq.com) ...
[2026-05-28 12:11:25]  正在连接 QQ-备用 邮箱服务器 (shouqianbadavid@qq.com) ...
[2026-05-28 12:12:01]  正在连接 QQ-主 邮箱服务器 (497720537@qq.com) ...
[2026-05-28 12:12:02]  正在连接 QQ-备用 邮箱服务器 (shouqianbadavid@qq.com) ...
[2026-05-28 12:12:38]  正在连接 QQ-主 邮箱服务器 (497720537@qq.com) ...
[2026-05-28 12:12:38]  正在连接 QQ-备用 邮箱服务器 (shouqianbadavid@qq.com) ...
[2026-05-28 12:13:14]  正在连接 QQ-主 邮箱服务器 (497720537@qq.com) ...
[2026-05-28 12:13:15]  正在连接 QQ-备用 邮箱服务器 (shouqianbadavid@qq.com) ...
[2026-05-28 12:13:51]  正在连接 QQ-主 邮箱服务器 (497720537@qq.com) ...
[2026-05-28 12:13:51]  正在连接 QQ-备用 邮箱服务器 (shouqianbadavid@qq.com) ...
[2026-05-28 12:14:27]  正在连接 QQ-主 邮箱服务器 (497720537@qq.com) ...
[2026-05-28 12:14:28]  正在连接 QQ-备用 邮箱服务器 (shouqianbadavid@qq.com) ...
[2026-05-28 12:15:03]  正在连接 QQ-主 邮箱服务器 (497720537@qq.com) ...
[2026-05-28 12:15:04]  正在连接 QQ-备用 邮箱服务器 (shouqianbadavid@qq.com) ...
[2026-05-28 12:15:40]  正在连接 QQ-主 邮箱服务器 (497720537@qq.com) ...
[2026-05-28 12:15:40]  正在连接 QQ-备用 邮箱服务器 (shouqianbadavid@qq.com) ...
[2026-05-28 12:16:16]  正在连接 QQ-主 邮箱服务器 (497720537@qq.com) ...
[2026-05-28 12:16:17]  正在连接 QQ-备用 邮箱服务器 (shouqianbadavid@qq.com) ...
[2026-05-28 12:16:53]  正在连接 QQ-主 邮箱服务器 (497720537@qq.com) ...
[2026-05-28 12:16:54]  正在连接 QQ-备用 邮箱服务器 (shouqianbadavid@qq.com) ...
[2026-05-28 12:17:29]  正在连接 QQ-主 邮箱服务器 (497720537@qq.com) ...
[2026-05-28 12:17:30]  正在连接 QQ-备用 邮箱服务器 (shouqianbadavid@qq.com) ...
[2026-05-28 12:18:06]  正在连接 QQ-主 邮箱服务器 (497720537@qq.com) ...
[2026-05-28 12:18:06]  正在连接 QQ-备用 邮箱服务器 (shouqianbadavid@qq.com) ...
[2026-05-28 12:18:42]  正在连接 QQ-主 邮箱服务器 (497720537@qq.com) ...
[2026-05-28 12:18:43]  正在连接 QQ-备用 邮箱服务器 (shouqianbadavid@qq.com) ...
[2026-05-28 12:19:18]  正在连接 QQ-主 邮箱服务器 (497720537@qq.com) ...
[2026-05-28 12:19:19]  正在连接 QQ-备用 邮箱服务器 (shouqianbadavid@qq.com) ...
[2026-05-28 12:19:55]  正在连接 QQ-主 邮箱服务器 (497720537@qq.com) ...
[2026-05-28 12:19:55]  正在连接 QQ-备用 邮箱服务器 (shouqianbadavid@qq.com) ...
[2026-05-28 12:20:31]  正在连接 QQ-主 邮箱服务器 (497720537@qq.com) ...
[2026-05-28 12:20:32]  正在连接 QQ-备用 邮箱服务器 (shouqianbadavid@qq.com) ...
[2026-05-28 12:21:08]  正在连接 QQ-主 邮箱服务器 (497720537@qq.com) ...
[2026-05-28 12:21:09]  正在连接 QQ-备用 邮箱服务器 (shouqianbadavid@qq.com) ...
[2026-05-28 12:21:44]  正在连接 QQ-主 邮箱服务器 (497720537@qq.com) ...
[2026-05-28 12:21:45]  正在连接 QQ-备用 邮箱服务器 (shouqianbadavid@qq.com) ...
[2026-05-28 12:22:21]  正在连接 QQ-主 邮箱服务器 (497720537@qq.com) ...
[2026-05-28 12:22:22]  正在连接 QQ-备用 邮箱服务器 (shouqianbadavid@qq.com) ...
[2026-05-28 12:22:58]  正在连接 QQ-主 邮箱服务器 (497720537@qq.com) ...
[2026-05-28 12:22:59]  正在连接 QQ-备用 邮箱服务器 (shouqianbadavid@qq.com) ...
[2026-05-28 12:23:34]  正在连接 QQ-主 邮箱服务器 (497720537@qq.com) ...
[2026-05-28 12:23:35]  正在连接 QQ-备用 邮箱服务器 (shouqianbadavid@qq.com) ...
[2026-05-28 12:24:11]  正在连接 QQ-主 邮箱服务器 (497720537@qq.com) ...
[2026-05-28 12:24:11]  正在连接 QQ-备用 邮箱服务器 (shouqianbadavid@qq.com) ...
[2026-05-28 12:24:48]  正在连接 QQ-主 邮箱服务器 (497720537@qq.com) ...
[2026-05-28 12:24:48]  正在连接 QQ-备用 邮箱服务器 (shouqianbadavid@qq.com) ...
[2026-05-28 12:25:24]  正在连接 QQ-主 邮箱服务器 (497720537@qq.com) ...
[2026-05-28 12:25:25]  正在连接 QQ-备用 邮箱服务器 (shouqianbadavid@qq.com) ...
[2026-05-28 12:26:01]  正在连接 QQ-主 邮箱服务器 (497720537@qq.com) ...
[2026-05-28 12:26:01]  正在连接 QQ-备用 邮箱服务器 (shouqianbadavid@qq.com) ...
[2026-05-28 12:26:37]  正在连接 QQ-主 邮箱服务器 (497720537@qq.com) ...
[2026-05-28 12:26:38]  正在连接 QQ-备用 邮箱服务器 (shouqianbadavid@qq.com) ...
[2026-05-28 12:27:14]  正在连接 QQ-主 邮箱服务器 (497720537@qq.com) ...
[2026-05-28 12:27:14]  正在连接 QQ-备用 邮箱服务器 (shouqianbadavid@qq.com) ...
[2026-05-28 12:27:50]  正在连接 QQ-主 邮箱服务器 (497720537@qq.com) ...
[2026-05-28 12:27:51]  正在连接 QQ-备用 邮箱服务器 (shouqianbadavid@qq.com) ...
[2026-05-28 12:28:27]  正在连接 QQ-主 邮箱服务器 (497720537@qq.com) ...
[2026-05-28 12:28:27]  正在连接 QQ-备用 邮箱服务器 (shouqianbadavid@qq.com) ...
[2026-05-28 12:29:03]  正在连接 QQ-主 邮箱服务器 (497720537@qq.com) ...
[2026-05-28 12:29:04]  正在连接 QQ-备用 邮箱服务器 (shouqianbadavid@qq.com) ...
[2026-05-28 12:29:40]  正在连接 QQ-主 邮箱服务器 (497720537@qq.com) ...
[2026-05-28 12:29:40]  正在连接 QQ-备用 邮箱服务器 (shouqianbadavid@qq.com) ...
[2026-05-28 12:30:16]  正在连接 QQ-主 邮箱服务器 (497720537@qq.com) ...
[2026-05-28 12:30:17]  正在连接 QQ-备用 邮箱服务器 (shouqianbadavid@qq.com) ...
[2026-05-28 12:30:52]  正在连接 QQ-主 邮箱服务器 (497720537@qq.com) ...
[2026-05-28 12:30:53]  正在连接 QQ-备用 邮箱服务器 (shouqianbadavid@qq.com) ...
[2026-05-28 12:31:28]  正在连接 QQ-主 邮箱服务器 (497720537@qq.com) ...
[2026-05-28 12:31:29]  正在连接 QQ-备用 邮箱服务器 (shouqianbadavid@qq.com) ...
[2026-05-28 12:32:05]  正在连接 QQ-主 邮箱服务器 (497720537@qq.com) ...
[2026-05-28 12:32:06]  正在连接 QQ-备用 邮箱服务器 (shouqianbadavid@qq.com) ...
[2026-05-28 12:32:41]  正在连接 QQ-主 邮箱服务器 (497720537@qq.com) ...
[2026-05-28 12:32:42]  正在连接 QQ-备用 邮箱服务器 (shouqianbadavid@qq.com) ...
[2026-05-28 12:33:18]  正在连接 QQ-主 邮箱服务器 (497720537@qq.com) ...
[2026-05-28 12:33:18]  正在连接 QQ-备用 邮箱服务器 (shouqianbadavid@qq.com) ...
[2026-05-28 12:33:54]  正在连接 QQ-主 邮箱服务器 (497720537@qq.com) ...
[2026-05-28 12:33:55]  正在连接 QQ-备用 邮箱服务器 (shouqianbadavid@qq.com) ...
[2026-05-28 12:34:30]  正在连接 QQ-主 邮箱服务器 (497720537@qq.com) ...
[2026-05-28 12:34:31]  正在连接 QQ-备用 邮箱服务器 (shouqianbadavid@qq.com) ...
[2026-05-28 12:35:07]  正在连接 QQ-主 邮箱服务器 (497720537@qq.com) ...
[2026-05-28 12:35:07]  正在连接 QQ-备用 邮箱服务器 (shouqianbadavid@qq.com) ...
[2026-05-28 12:35:43]  正在连接 QQ-主 邮箱服务器 (497720537@qq.com) ...
[2026-05-28 12:35:44]  正在连接 QQ-备用 邮箱服务器 (shouqianbadavid@qq.com) ...
[2026-05-28 12:36:19]  正在连接 QQ-主 邮箱服务器 (497720537@qq.com) ...
[2026-05-28 12:36:20]  正在连接 QQ-备用 邮箱服务器 (shouqianbadavid@qq.com) ...
[2026-05-28 12:36:56]  正在连接 QQ-主 邮箱服务器 (497720537@qq.com) ...
[2026-05-28 12:36:57]  正在连接 QQ-备用 邮箱服务器 (shouqianbadavid@qq.com) ...
[2026-05-28 12:37:33]  正在连接 QQ-主 邮箱服务器 (497720537@qq.com) ...
[2026-05-28 12:37:33]  正在连接 QQ-备用 邮箱服务器 (shouqianbadavid@qq.com) ...
[2026-05-28 12:38:09]  正在连接 QQ-主 邮箱服务器 (497720537@qq.com) ...
[2026-05-28 12:38:10]  正在连接 QQ-备用 邮箱服务器 (shouqianbadavid@qq.com) ...
[2026-05-28 12:38:45]  正在连接 QQ-主 邮箱服务器 (497720537@qq.com) ...
[2026-05-28 12:38:46]  正在连接 QQ-备用 邮箱服务器 (shouqianbadavid@qq.com) ...
[2026-05-28 12:39:22]  正在连接 QQ-主 邮箱服务器 (497720537@qq.com) ...
[2026-05-28 12:39:22]  正在连接 QQ-备用 邮箱服务器 (shouqianbadavid@qq.com) ...
[2026-05-28 12:39:58]  正在连接 QQ-主 邮箱服务器 (497720537@qq.com) ...
[2026-05-28 12:39:59]  正在连接 QQ-备用 邮箱服务器 (shouqianbadavid@qq.com) ...
[2026-05-28 12:40:35]  正在连接 QQ-主 邮箱服务器 (497720537@qq.com) ...
[2026-05-28 12:40:36]  正在连接 QQ-备用 邮箱服务器 (shouqianbadavid@qq.com) ...
[2026-05-28 12:41:12]  正在连接 QQ-主 邮箱服务器 (497720537@qq.com) ...
[2026-05-28 12:41:12]  正在连接 QQ-备用 邮箱服务器 (shouqianbadavid@qq.com) ...
[2026-05-28 12:41:48]  正在连接 QQ-主 邮箱服务器 (497720537@qq.com) ...
[2026-05-28 12:41:49]  正在连接 QQ-备用 邮箱服务器 (shouqianbadavid@qq.com) ...
[2026-05-28 12:42:24]  正在连接 QQ-主 邮箱服务器 (497720537@qq.com) ...
[2026-05-28 12:42:25]  正在连接 QQ-备用 邮箱服务器 (shouqianbadavid@qq.com) ...
[2026-05-28 12:43:01]  正在连接 QQ-主 邮箱服务器 (497720537@qq.com) ...
[2026-05-28 12:43:01]  正在连接 QQ-备用 邮箱服务器 (shouqianbadavid@qq.com) ...
[2026-05-28 12:43:37]  正在连接 QQ-主 邮箱服务器 (497720537@qq.com) ...
[2026-05-28 12:43:38]  正在连接 QQ-备用 邮箱服务器 (shouqianbadavid@qq.com) ...
[2026-05-28 12:44:14]  正在连接 QQ-主 邮箱服务器 (497720537@qq.com) ...
[2026-05-28 12:44:15]  正在连接 QQ-备用 邮箱服务器 (shouqianbadavid@qq.com) ...
[2026-05-28 12:44:51]  正在连接 QQ-主 邮箱服务器 (497720537@qq.com) ...
[2026-05-28 12:44:51]  正在连接 QQ-备用 邮箱服务器 (shouqianbadavid@qq.com) ...
[2026-05-28 12:45:27]  正在连接 QQ-主 邮箱服务器 (497720537@qq.com) ...
[2026-05-28 12:45:28]  正在连接 QQ-备用 邮箱服务器 (shouqianbadavid@qq.com) ...
[2026-05-28 12:46:04]  正在连接 QQ-主 邮箱服务器 (497720537@qq.com) ...
[2026-05-28 12:46:05]  正在连接 QQ-备用 邮箱服务器 (shouqianbadavid@qq.com) ...
[2026-05-28 12:46:40]  正在连接 QQ-主 邮箱服务器 (497720537@qq.com) ...
[2026-05-28 12:46:41]  正在连接 QQ-备用 邮箱服务器 (shouqianbadavid@qq.com) ...
[2026-05-28 12:47:16]  正在连接 QQ-主 邮箱服务器 (497720537@qq.com) ...
[2026-05-28 12:47:17]  正在连接 QQ-备用 邮箱服务器 (shouqianbadavid@qq.com) ...
[2026-05-28 12:47:53]  正在连接 QQ-主 邮箱服务器 (497720537@qq.com) ...
[2026-05-28 12:47:54]  正在连接 QQ-备用 邮箱服务器 (shouqianbadavid@qq.com) ...
[2026-05-28 12:48:29]  正在连接 QQ-主 邮箱服务器 (497720537@qq.com) ...
[2026-05-28 12:48:30]  正在连接 QQ-备用 邮箱服务器 (shouqianbadavid@qq.com) ...
[2026-05-28 12:49:06]  正在连接 QQ-主 邮箱服务器 (497720537@qq.com) ...
[2026-05-28 12:49:06]  正在连接 QQ-备用 邮箱服务器 (shouqianbadavid@qq.com) ...
[2026-05-28 12:49:42]  正在连接 QQ-主 邮箱服务器 (497720537@qq.com) ...
[2026-05-28 12:49:43]  正在连接 QQ-备用 邮箱服务器 (shouqianbadavid@qq.com) ...
[2026-05-28 12:50:18]  正在连接 QQ-主 邮箱服务器 (497720537@qq.com) ...
[2026-05-28 12:50:19]  正在连接 QQ-备用 邮箱服务器 (shouqianbadavid@qq.com) ...
[2026-05-28 12:50:55]  正在连接 QQ-主 邮箱服务器 (497720537@qq.com) ...
[2026-05-28 12:50:56]  正在连接 QQ-备用 邮箱服务器 (shouqianbadavid@qq.com) ...
[2026-05-28 12:51:32]  正在连接 QQ-主 邮箱服务器 (497720537@qq.com) ...
[2026-05-28 12:51:33]  正在连接 QQ-备用 邮箱服务器 (shouqianbadavid@qq.com) ...
[2026-05-28 12:52:08]  正在连接 QQ-主 邮箱服务器 (497720537@qq.com) ...
[2026-05-28 12:52:09]  正在连接 QQ-备用 邮箱服务器 (shouqianbadavid@qq.com) ...
[2026-05-28 12:52:45]  正在连接 QQ-主 邮箱服务器 (497720537@qq.com) ...
[2026-05-28 12:52:45]  正在连接 QQ-备用 邮箱服务器 (shouqianbadavid@qq.com) ...
[2026-05-28 12:53:21]  正在连接 QQ-主 邮箱服务器 (497720537@qq.com) ...
[2026-05-28 12:53:22]  正在连接 QQ-备用 邮箱服务器 (shouqianbadavid@qq.com) ...
[2026-05-28 12:53:58]  正在连接 QQ-主 邮箱服务器 (497720537@qq.com) ...
[2026-05-28 12:53:59]  正在连接 QQ-备用 邮箱服务器 (shouqianbadavid@qq.com) ...
[2026-05-28 12:54:35]  正在连接 QQ-主 邮箱服务器 (497720537@qq.com) ...
[2026-05-28 12:54:36]  正在连接 QQ-备用 邮箱服务器 (shouqianbadavid@qq.com) ...
[2026-05-28 12:55:11]  正在连接 QQ-主 邮箱服务器 (497720537@qq.com) ...
[2026-05-28 12:55:12]  正在连接 QQ-备用 邮箱服务器 (shouqianbadavid@qq.com) ...
[2026-05-28 12:55:48]  正在连接 QQ-主 邮箱服务器 (497720537@qq.com) ...
[2026-05-28 12:55:49]  正在连接 QQ-备用 邮箱服务器 (shouqianbadavid@qq.com) ...
[2026-05-28 12:56:25]  正在连接 QQ-主 邮箱服务器 (497720537@qq.com) ...
[2026-05-28 12:56:25]  正在连接 QQ-备用 邮箱服务器 (shouqianbadavid@qq.com) ...
[2026-05-28 12:57:01]  正在连接 QQ-主 邮箱服务器 (497720537@qq.com) ...
[2026-05-28 12:57:02]  正在连接 QQ-备用 邮箱服务器 (shouqianbadavid@qq.com) ...
[2026-05-28 12:57:37]  正在连接 QQ-主 邮箱服务器 (497720537@qq.com) ...
[2026-05-28 12:57:38]  正在连接 QQ-备用 邮箱服务器 (shouqianbadavid@qq.com) ...
[2026-05-28 12:58:14]  正在连接 QQ-主 邮箱服务器 (497720537@qq.com) ...
[2026-05-28 12:58:15]  正在连接 QQ-备用 邮箱服务器 (shouqianbadavid@qq.com) ...
[2026-05-28 12:58:51]  正在连接 QQ-主 邮箱服务器 (497720537@qq.com) ...
[2026-05-28 12:58:51]  正在连接 QQ-备用 邮箱服务器 (shouqianbadavid@qq.com) ...
[2026-05-28 12:59:27]  正在连接 QQ-主 邮箱服务器 (497720537@qq.com) ...
[2026-05-28 12:59:28]  正在连接 QQ-备用 邮箱服务器 (shouqianbadavid@qq.com) ...
[2026-05-28 13:00:04]  正在连接 QQ-主 邮箱服务器 (497720537@qq.com) ...
[2026-05-28 13:00:04]  正在连接 QQ-备用 邮箱服务器 (shouqianbadavid@qq.com) ...
[2026-05-28 13:00:40]  正在连接 QQ-主 邮箱服务器 (497720537@qq.com) ...
[2026-05-28 13:00:41]  正在连接 QQ-备用 邮箱服务器 (shouqianbadavid@qq.com) ...
[2026-05-28 13:01:16]  正在连接 QQ-主 邮箱服务器 (497720537@qq.com) ...
[2026-05-28 13:01:17]  正在连接 QQ-备用 邮箱服务器 (shouqianbadavid@qq.com) ...
[2026-05-28 13:01:52]  正在连接 QQ-主 邮箱服务器 (497720537@qq.com) ...
[2026-05-28 13:01:53]  正在连接 QQ-备用 邮箱服务器 (shouqianbadavid@qq.com) ...
[2026-05-28 13:02:29]  正在连接 QQ-主 邮箱服务器 (497720537@qq.com) ...
[2026-05-28 13:02:30]  正在连接 QQ-备用 邮箱服务器 (shouqianbadavid@qq.com) ...
[2026-05-28 13:03:05]  正在连接 QQ-主 邮箱服务器 (497720537@qq.com) ...
[2026-05-28 13:03:06]  正在连接 QQ-备用 邮箱服务器 (shouqianbadavid@qq.com) ...
[2026-05-28 13:03:41]  正在连接 QQ-主 邮箱服务器 (497720537@qq.com) ...
[2026-05-28 13:03:42]  正在连接 QQ-备用 邮箱服务器 (shouqianbadavid@qq.com) ...
[2026-05-28 13:04:17]  正在连接 QQ-主 邮箱服务器 (497720537@qq.com) ...
[2026-05-28 13:04:18]  正在连接 QQ-备用 邮箱服务器 (shouqianbadavid@qq.com) ...
[2026-05-28 13:04:54]  正在连接 QQ-主 邮箱服务器 (497720537@qq.com) ...
[2026-05-28 13:04:54]  QQ-主 正在解析因子: =?utf-8?b?QWxwaGFQaWxvdCDlrp7ml7bkv6Hlj7cgKGFscGhhX3NpZ25hbF90aHJfMjAyNjA1MjhfMTMwNC5qc29uKSBb5Li7UVEt5a+55aSWXQ==?=
[2026-05-28 13:04:54]  发现表格，共 4 行数据
[2026-05-28 13:04:54]  动态索引映射: ['股票代码', '股票名称', '信号', '当前价格', '量比', '来源过滤']
[2026-05-28 13:04:54]  [行1] 解析成功: SZSE.300449 [汉邦高科] BUY @ 7.98 (VR:0.36)
[2026-05-28 13:04:54]  [行2] 解析成功: SZSE.301389 [隆扬电子] SELL @ 90.97 (VR:1.09)
[2026-05-28 13:04:54]  [行3] 解析成功: SZSE.300449 [汉邦高科] BUY @ 7.99 (VR:0.01)
[2026-05-28 13:04:54]  [行4] 解析成功: SZSE.301389 [隆扬电子] SELL @ 90.43 (VR:1.13)
[2026-05-28 13:04:54] 成功保存 4 条因子至: signal_batch_20260528_130454_697063.txt
[2026-05-28 13:04:54]  QQ-主 邮件 3287 处理完成
[2026-05-28 13:04:54]  QQ-主 本轮共成功处理 1 封有效信号邮件
[2026-05-28 13:04:54]  正在连接 QQ-备用 邮箱服务器 (shouqianbadavid@qq.com) ...
[2026-05-28 13:05:30]  正在连接 QQ-主 邮箱服务器 (497720537@qq.com) ...
[2026-05-28 13:05:31]  正在连接 QQ-备用 邮箱服务器 (shouqianbadavid@qq.com) ...
[2026-05-28 13:05:31]  QQ-备用 正在解析因子: =?utf-8?b?QWxwaGFQaWxvdCDlpIfku73kv6Hlj7cgKGFscGhhX3NpZ25hbF90aHJfMjAyNjA1MjhfMTMwNC5qc29uKSBb5aSHUVEt6Ieq5L+dXQ==?=
[2026-05-28 13:05:31]  发现表格，共 4 行数据
[2026-05-28 13:05:31]  动态索引映射: ['股票代码', '股票名称', '信号', '当前价格', '量比', '来源过滤']
[2026-05-28 13:05:31]  [行1] 解析成功: SZSE.300449 [汉邦高科] BUY @ 7.98 (VR:0.36)
[2026-05-28 13:05:31]  [行2] 解析成功: SZSE.301389 [隆扬电子] SELL @ 90.97 (VR:1.09)
[2026-05-28 13:05:31]  [行3] 解析成功: SZSE.300449 [汉邦高科] BUY @ 7.99 (VR:0.01)
[2026-05-28 13:05:31]  [行4] 解析成功: SZSE.301389 [隆扬电子] SELL @ 90.43 (VR:1.13)
[2026-05-28 13:05:31] 成功保存 4 条因子至: signal_batch_20260528_130531_749638.txt
[2026-05-28 13:05:31]  QQ-备用 邮件 1139 处理完成
[2026-05-28 13:05:31]  QQ-备用 本轮共成功处理 1 封有效信号邮件
[2026-05-28 13:06:07]  正在连接 QQ-主 邮箱服务器 (497720537@qq.com) ...
[2026-05-28 13:06:08]  正在连接 QQ-备用 邮箱服务器 (shouqianbadavid@qq.com) ...
[2026-05-28 13:06:43]  正在连接 QQ-主 邮箱服务器 (497720537@qq.com) ...
[2026-05-28 13:06:44]  正在连接 QQ-备用 邮箱服务器 (shouqianbadavid@qq.com) ...
[2026-05-28 13:07:20]  正在连接 QQ-主 邮箱服务器 (497720537@qq.com) ...
[2026-05-28 13:07:20]  正在连接 QQ-备用 邮箱服务器 (shouqianbadavid@qq.com) ...
[2026-05-28 13:07:56]  正在连接 QQ-主 邮箱服务器 (497720537@qq.com) ...
[2026-05-28 13:07:57]  正在连接 QQ-备用 邮箱服务器 (shouqianbadavid@qq.com) ...
[2026-05-28 13:08:32]  正在连接 QQ-主 邮箱服务器 (497720537@qq.com) ...
[2026-05-28 13:08:33]  正在连接 QQ-备用 邮箱服务器 (shouqianbadavid@qq.com) ...
[2026-05-28 13:09:08]  正在连接 QQ-主 邮箱服务器 (497720537@qq.com) ...
[2026-05-28 13:09:09]  QQ-主 正在解析因子: =?utf-8?b?QWxwaGFQaWxvdCDlrp7ml7bkv6Hlj7cgKGFscGhhX3NpZ25hbF90aHJfMjAyNjA1MjhfMTMwOC5qc29uKSBb5Li7UVEt5a+55aSWXQ==?=
[2026-05-28 13:09:09]  发现表格，共 14 行数据
[2026-05-28 13:09:09]  动态索引映射: ['股票代码', '股票名称', '信号', '当前价格', '量比', '来源过滤']
[2026-05-28 13:09:09]  [行1] 解析成功: SZSE.300672 [国科微] BUY @ 343.37 (VR:0.64)
[2026-05-28 13:09:09]  [行2] 解析成功: SZSE.300868 [杰美特] BUY @ 112.29 (VR:0.74)
[2026-05-28 13:09:09]  [行3] 解析成功: SZSE.001309 [德利明] BUY @ 656.1 (VR:0.87)
[2026-05-28 13:09:09]  [行4] 解析成功: SZSE.300054 [鼎龙股份] BUY @ 74.1 (VR:0.77)
[2026-05-28 13:09:09]  [行5] 解析成功: SZSE.300936 [中英科技] BUY @ 91.83 (VR:0.2)
[2026-05-28 13:09:09]  [行6] 解析成功: SZSE.300953 [震裕科技] BUY @ 162.55 (VR:0.08)
[2026-05-28 13:09:09]  [行7] 解析成功: SZSE.300054 [鼎龙股份] BUY @ 73.86 (VR:0.55)
[2026-05-28 13:09:09]  [行8] 解析成功: SZSE.300672 [国科微] BUY @ 344.1 (VR:0.0)
[2026-05-28 13:09:09]  [行9] 解析成功: SZSE.300868 [杰美特] BUY @ 112.72 (VR:1.42)
[2026-05-28 13:09:09]  [行10] 解析成功: SZSE.001309 [德利明] BUY @ 657.5 (VR:0.27)
[2026-05-28 13:09:09]  [行11] 解析成功: SZSE.300054 [鼎龙股份] BUY @ 74.0 (VR:0.33)
[2026-05-28 13:09:09]  [行12] 解析成功: SZSE.300936 [中英科技] BUY @ 91.84 (VR:0.03)
[2026-05-28 13:09:09]  [行13] 解析成功: SZSE.300953 [震裕科技] BUY @ 162.72 (VR:1.03)
[2026-05-28 13:09:09]  [行14] 解析成功: SZSE.300054 [鼎龙股份] BUY @ 74.1 (VR:0.2)
[2026-05-28 13:09:09] 成功保存 14 条因子至: signal_batch_20260528_130909_331607.txt
[2026-05-28 13:09:09]  QQ-主 邮件 3288 处理完成
[2026-05-28 13:09:09]  QQ-主 本轮共成功处理 1 封有效信号邮件
[2026-05-28 13:09:09]  正在连接 QQ-备用 邮箱服务器 (shouqianbadavid@qq.com) ...
[2026-05-28 13:09:10]  QQ-备用 正在解析因子: =?utf-8?b?QWxwaGFQaWxvdCDlpIfku73kv6Hlj7cgKGFscGhhX3NpZ25hbF90aHJfMjAyNjA1MjhfMTMwOC5qc29uKSBb5aSHUVEt6Ieq5L+dXQ==?=
[2026-05-28 13:09:10]  发现表格，共 14 行数据
[2026-05-28 13:09:10]  动态索引映射: ['股票代码', '股票名称', '信号', '当前价格', '量比', '来源过滤']
[2026-05-28 13:09:10]  [行1] 解析成功: SZSE.300672 [国科微] BUY @ 343.37 (VR:0.64)
[2026-05-28 13:09:10]  [行2] 解析成功: SZSE.300868 [杰美特] BUY @ 112.29 (VR:0.74)
[2026-05-28 13:09:10]  [行3] 解析成功: SZSE.001309 [德利明] BUY @ 656.1 (VR:0.87)
[2026-05-28 13:09:10]  [行4] 解析成功: SZSE.300054 [鼎龙股份] BUY @ 74.1 (VR:0.77)
[2026-05-28 13:09:10]  [行5] 解析成功: SZSE.300936 [中英科技] BUY @ 91.83 (VR:0.2)
[2026-05-28 13:09:10]  [行6] 解析成功: SZSE.300953 [震裕科技] BUY @ 162.55 (VR:0.08)
[2026-05-28 13:09:10]  [行7] 解析成功: SZSE.300054 [鼎龙股份] BUY @ 73.86 (VR:0.55)
[2026-05-28 13:09:10]  [行8] 解析成功: SZSE.300672 [国科微] BUY @ 344.1 (VR:0.0)
[2026-05-28 13:09:10]  [行9] 解析成功: SZSE.300868 [杰美特] BUY @ 112.72 (VR:1.42)
[2026-05-28 13:09:10]  [行10] 解析成功: SZSE.001309 [德利明] BUY @ 657.5 (VR:0.27)
[2026-05-28 13:09:10]  [行11] 解析成功: SZSE.300054 [鼎龙股份] BUY @ 74.0 (VR:0.33)
[2026-05-28 13:09:10]  [行12] 解析成功: SZSE.300936 [中英科技] BUY @ 91.84 (VR:0.03)
[2026-05-28 13:09:10]  [行13] 解析成功: SZSE.300953 [震裕科技] BUY @ 162.72 (VR:1.03)
[2026-05-28 13:09:10]  [行14] 解析成功: SZSE.300054 [鼎龙股份] BUY @ 74.1 (VR:0.2)
[2026-05-28 13:09:10] 成功保存 14 条因子至: signal_batch_20260528_130910_200697.txt
[2026-05-28 13:09:10]  QQ-备用 邮件 1140 处理完成
[2026-05-28 13:09:10]  QQ-备用 本轮共成功处理 1 封有效信号邮件
[2026-05-28 13:09:45]  正在连接 QQ-主 邮箱服务器 (497720537@qq.com) ...
[2026-05-28 13:09:46]  正在连接 QQ-备用 邮箱服务器 (shouqianbadavid@qq.com) ...
[2026-05-28 13:10:21]  正在连接 QQ-主 邮箱服务器 (497720537@qq.com) ...
[2026-05-28 13:10:22]  正在连接 QQ-备用 邮箱服务器 (shouqianbadavid@qq.com) ...
[2026-05-28 13:10:58]  正在连接 QQ-主 邮箱服务器 (497720537@qq.com) ...
[2026-05-28 13:10:59]  正在连接 QQ-备用 邮箱服务器 (shouqianbadavid@qq.com) ...
[2026-05-28 13:11:34]  正在连接 QQ-主 邮箱服务器 (497720537@qq.com) ...
[2026-05-28 13:11:35]  正在连接 QQ-备用 邮箱服务器 (shouqianbadavid@qq.com) ...
[2026-05-28 13:12:10]  正在连接 QQ-主 邮箱服务器 (497720537@qq.com) ...
[2026-05-28 13:12:11]  正在连接 QQ-备用 邮箱服务器 (shouqianbadavid@qq.com) ...
[2026-05-28 13:12:46]  正在连接 QQ-主 邮箱服务器 (497720537@qq.com) ...
[2026-05-28 13:12:47]  正在连接 QQ-备用 邮箱服务器 (shouqianbadavid@qq.com) ...
[2026-05-28 13:13:23]  正在连接 QQ-主 邮箱服务器 (497720537@qq.com) ...
[2026-05-28 13:13:23]  正在连接 QQ-备用 邮箱服务器 (shouqianbadavid@qq.com) ...
[2026-05-28 13:13:59]  正在连接 QQ-主 邮箱服务器 (497720537@qq.com) ...
[2026-05-28 13:14:00]  正在连接 QQ-备用 邮箱服务器 (shouqianbadavid@qq.com) ...
[2026-05-28 13:14:01]  QQ-备用 正在解析因子: =?utf-8?b?QWxwaGFQaWxvdCDlpIfku73kv6Hlj7cgKGFscGhhX3NpZ25hbF90aHJfMjAyNjA1MjhfMTMxMy5qc29uKSBb5aSHUVEt6Ieq5L+dXQ==?=
[2026-05-28 13:14:01]  发现表格，共 8 行数据
[2026-05-28 13:14:01]  动态索引映射: ['股票代码', '股票名称', '信号', '当前价格', '量比', '来源过滤']
[2026-05-28 13:14:01]  [行1] 解析成功: SZSE.300054 [鼎龙股份] SELL @ 74.49 (VR:0.39)
[2026-05-28 13:14:01]  [行2] 解析成功: SZSE.000407 [胜利股份] SELL @ 4.16 (VR:0.41)
[2026-05-28 13:14:01]  [行3] 解析成功: SZSE.001258 [立新能源] SELL @ 10.33 (VR:1.09)
[2026-05-28 13:14:01]  [行4] 解析成功: SZSE.300352 [北信源] SELL @ 3.06 (VR:0.53)
[2026-05-28 13:14:01]  [行5] 解析成功: SZSE.300054 [鼎龙股份] SELL @ 73.74 (VR:0.38)
[2026-05-28 13:14:01]  [行6] 解析成功: SZSE.000407 [胜利股份] SELL @ 4.15 (VR:0.03)
[2026-05-28 13:14:01]  [行7] 解析成功: SZSE.001258 [立新能源] SELL @ 10.23 (VR:1.48)
[2026-05-28 13:14:01]  [行8] 解析成功: SZSE.300352 [北信源] SELL @ 3.05 (VR:1.26)
[2026-05-28 13:14:01] 成功保存 8 条因子至: signal_batch_20260528_131401_039097.txt
[2026-05-28 13:14:01]  QQ-备用 邮件 1141 处理完成
[2026-05-28 13:14:01]  QQ-备用 本轮共成功处理 1 封有效信号邮件
[2026-05-28 13:14:36]  正在连接 QQ-主 邮箱服务器 (497720537@qq.com) ...
[2026-05-28 13:14:36]  正在连接 QQ-备用 邮箱服务器 (shouqianbadavid@qq.com) ...
[2026-05-28 13:15:12]  正在连接 QQ-主 邮箱服务器 (497720537@qq.com) ...
[2026-05-28 13:15:13]  正在连接 QQ-备用 邮箱服务器 (shouqianbadavid@qq.com) ...
[2026-05-28 13:15:49]  正在连接 QQ-主 邮箱服务器 (497720537@qq.com) ...
[2026-05-28 13:15:50]  正在连接 QQ-备用 邮箱服务器 (shouqianbadavid@qq.com) ...
[2026-05-28 13:16:25]  正在连接 QQ-主 邮箱服务器 (497720537@qq.com) ...
[2026-05-28 13:16:26]  正在连接 QQ-备用 邮箱服务器 (shouqianbadavid@qq.com) ...
[2026-05-28 13:17:02]  正在连接 QQ-主 邮箱服务器 (497720537@qq.com) ...
[2026-05-28 13:17:02]  正在连接 QQ-备用 邮箱服务器 (shouqianbadavid@qq.com) ...
[2026-05-28 13:17:38]  正在连接 QQ-主 邮箱服务器 (497720537@qq.com) ...
[2026-05-28 13:17:38]  正在连接 QQ-备用 邮箱服务器 (shouqianbadavid@qq.com) ...
[2026-05-28 13:18:14]  正在连接 QQ-主 邮箱服务器 (497720537@qq.com) ...
[2026-05-28 13:18:15]  QQ-主 正在解析因子: =?utf-8?b?QWxwaGFQaWxvdCDlrp7ml7bkv6Hlj7cgKGFscGhhX3NpZ25hbF90aHJfMjAyNjA1MjhfMTMxNy5qc29uKSBb5Li7UVEt5a+55aSWXQ==?=
[2026-05-28 13:18:15]  发现表格，共 4 行数据
[2026-05-28 13:18:15]  动态索引映射: ['股票代码', '股票名称', '信号', '当前价格', '量比', '来源过滤']
[2026-05-28 13:18:15]  [行1] 解析成功: SZSE.300259 [新天科技] SELL @ 7.13 (VR:0.45)
[2026-05-28 13:18:15]  [行2] 解析成功: SZSE.301226 [祥明智能] SELL @ 40.6 (VR:0.19)
[2026-05-28 13:18:15]  [行3] 解析成功: SZSE.300259 [新天科技] SELL @ 7.12 (VR:0.09)
[2026-05-28 13:18:15]  [行4] 解析成功: SZSE.301226 [祥明智能] SELL @ 40.59 (VR:0.05)
[2026-05-28 13:18:15] 成功保存 4 条因子至: signal_batch_20260528_131815_584841.txt
[2026-05-28 13:18:15]  QQ-主 邮件 3290 处理完成
[2026-05-28 13:18:15]  QQ-主 本轮共成功处理 1 封有效信号邮件
[2026-05-28 13:18:15]  正在连接 QQ-备用 邮箱服务器 (shouqianbadavid@qq.com) ...
[2026-05-28 13:18:51]  正在连接 QQ-主 邮箱服务器 (497720537@qq.com) ...
[2026-05-28 13:18:52]  正在连接 QQ-备用 邮箱服务器 (shouqianbadavid@qq.com) ...
[2026-05-28 13:18:52]  QQ-备用 正在解析因子: =?utf-8?b?QWxwaGFQaWxvdCDlpIfku73kv6Hlj7cgKGFscGhhX3NpZ25hbF90aHJfMjAyNjA1MjhfMTMxNy5qc29uKSBb5aSHUVEt6Ieq5L+dXQ==?=
[2026-05-28 13:18:52]  发现表格，共 4 行数据
[2026-05-28 13:18:52]  动态索引映射: ['股票代码', '股票名称', '信号', '当前价格', '量比', '来源过滤']
[2026-05-28 13:18:52]  [行1] 解析成功: SZSE.300259 [新天科技] SELL @ 7.13 (VR:0.45)
[2026-05-28 13:18:52]  [行2] 解析成功: SZSE.301226 [祥明智能] SELL @ 40.6 (VR:0.19)
[2026-05-28 13:18:52]  [行3] 解析成功: SZSE.300259 [新天科技] SELL @ 7.12 (VR:0.09)
[2026-05-28 13:18:52]  [行4] 解析成功: SZSE.301226 [祥明智能] SELL @ 40.59 (VR:0.05)
[2026-05-28 13:18:52] 成功保存 4 条因子至: signal_batch_20260528_131852_866591.txt
[2026-05-28 13:18:53]  QQ-备用 邮件 1142 处理完成
[2026-05-28 13:18:53]  QQ-备用 本轮共成功处理 1 封有效信号邮件
[2026-05-28 13:19:28]  正在连接 QQ-主 邮箱服务器 (497720537@qq.com) ...
[2026-05-28 13:19:28]  正在连接 QQ-备用 邮箱服务器 (shouqianbadavid@qq.com) ...
[2026-05-28 13:20:04]  正在连接 QQ-主 邮箱服务器 (497720537@qq.com) ...
[2026-05-28 13:20:04]  正在连接 QQ-备用 邮箱服务器 (shouqianbadavid@qq.com) ...
[2026-05-28 13:20:40]  正在连接 QQ-主 邮箱服务器 (497720537@qq.com) ...
[2026-05-28 13:20:41]  正在连接 QQ-备用 邮箱服务器 (shouqianbadavid@qq.com) ...
[2026-05-28 13:21:16]  正在连接 QQ-主 邮箱服务器 (497720537@qq.com) ...
[2026-05-28 13:21:17]  正在连接 QQ-备用 邮箱服务器 (shouqianbadavid@qq.com) ...
[2026-05-28 13:21:53]  正在连接 QQ-主 邮箱服务器 (497720537@qq.com) ...
[2026-05-28 13:21:53]  正在连接 QQ-备用 邮箱服务器 (shouqianbadavid@qq.com) ...
[2026-05-28 13:22:29]  正在连接 QQ-主 邮箱服务器 (497720537@qq.com) ...
[2026-05-28 13:22:30]  正在连接 QQ-备用 邮箱服务器 (shouqianbadavid@qq.com) ...
[2026-05-28 13:22:31]  QQ-备用 正在解析因子: =?utf-8?b?QWxwaGFQaWxvdCDlpIfku73kv6Hlj7cgKGFscGhhX3NpZ25hbF90aHJfMjAyNjA1MjhfMTMyMi5qc29uKSBb5aSHUVEt6Ieq5L+dXQ==?=
[2026-05-28 13:22:31]  发现表格，共 10 行数据
[2026-05-28 13:22:31]  动态索引映射: ['股票代码', '股票名称', '信号', '当前价格', '量比', '来源过滤']
[2026-05-28 13:22:31]  [行1] 解析成功: SZSE.300868 [绿盟科技] BUY @ 113.0 (VR:1.09)
[2026-05-28 13:22:31]  [行2] 解析成功: SZSE.300626 [华测导航] BUY @ 37.66 (VR:0.49)
[2026-05-28 13:22:31]  [行3] 解析成功: SZSE.301658 [首航新能] BUY @ 38.03 (VR:0.58)
[2026-05-28 13:22:31]  [行4] 解析成功: SZSE.300811 [铂力特] BUY @ 88.96 (VR:0.22)
[2026-05-28 13:22:31]  [行5] 解析成功: SZSE.300142 [沃森生物] BUY @ 13.03 (VR:0.88)
[2026-05-28 13:22:31]  [行6] 解析成功: SZSE.300868 [绿盟科技] BUY @ 113.42 (VR:2.02)
[2026-05-28 13:22:31]  [行7] 解析成功: SZSE.300626 [华测导航] BUY @ 37.7 (VR:0.11)
[2026-05-28 13:22:31]  [行8] 解析成功: SZSE.301658 [首航新能] BUY @ 38.1 (VR:0.29)
[2026-05-28 13:22:31]  [行9] 解析成功: SZSE.300811 [铂力特] BUY @ 89.08 (VR:0.3)
[2026-05-28 13:22:31]  [行10] 解析成功: SZSE.300142 [沃森生物] BUY @ 13.05 (VR:0.44)
[2026-05-28 13:22:31] 成功保存 10 条因子至: signal_batch_20260528_132231_289599.txt
[2026-05-28 13:22:31]  QQ-备用 邮件 1143 处理完成
[2026-05-28 13:22:31]  QQ-备用 本轮共成功处理 1 封有效信号邮件
[2026-05-28 13:22:38]  AlphaPilot 监听服务 (Pro 多邮箱版) 启动...
[2026-05-28 13:22:38]  信号保存目录: D:\mpython\signals
[2026-05-28 13:22:38]  日志文件: D:\mpython\logs_receiver\receiver_20260528.log
[2026-05-28 13:22:38]  正在连接 QQ-主 邮箱服务器 (497720537@qq.com) ...
[2026-05-28 13:22:39]  正在连接 QQ-备用 邮箱服务器 (shouqianbadavid@qq.com) ...
[2026-05-28 13:23:11]  AlphaPilot 监听服务 (Pro 多邮箱版) 启动...
[2026-05-28 13:23:11]  信号保存目录: D:\mpython\signals
[2026-05-28 13:23:11]  日志文件: D:\mpython\logs_receiver\receiver_20260528.log
[2026-05-28 13:23:11]  正在连接 QQ-主 邮箱服务器 (497720537@qq.com) ...
[2026-05-28 13:23:12]  正在连接 QQ-备用 邮箱服务器 (shouqianbadavid@qq.com) ...
[2026-05-28 13:23:47]  正在连接 QQ-主 邮箱服务器 (497720537@qq.com) ...
[2026-05-28 13:23:48]  正在连接 QQ-备用 邮箱服务器 (shouqianbadavid@qq.com) ...
[2026-05-28 13:24:24]  正在连接 QQ-主 邮箱服务器 (497720537@qq.com) ...
[2026-05-28 13:24:24]  正在连接 QQ-备用 邮箱服务器 (shouqianbadavid@qq.com) ...
[2026-05-28 13:25:00]  正在连接 QQ-主 邮箱服务器 (497720537@qq.com) ...
[2026-05-28 13:25:01]  正在连接 QQ-备用 邮箱服务器 (shouqianbadavid@qq.com) ...
[2026-05-28 13:25:37]  正在连接 QQ-主 邮箱服务器 (497720537@qq.com) ...
[2026-05-28 13:25:38]  正在连接 QQ-备用 邮箱服务器 (shouqianbadavid@qq.com) ...
[2026-05-28 13:26:14]  正在连接 QQ-主 邮箱服务器 (497720537@qq.com) ...
[2026-05-28 13:26:15]  正在连接 QQ-备用 邮箱服务器 (shouqianbadavid@qq.com) ...
[2026-05-28 13:26:50]  正在连接 QQ-主 邮箱服务器 (497720537@qq.com) ...
[2026-05-28 13:26:51]  正在连接 QQ-备用 邮箱服务器 (shouqianbadavid@qq.com) ...
[2026-05-28 13:27:26]  正在连接 QQ-主 邮箱服务器 (497720537@qq.com) ...
[2026-05-28 13:27:27]  QQ-主 正在解析因子: =?utf-8?b?QWxwaGFQaWxvdCDlrp7ml7bkv6Hlj7cgKGFscGhhX3NpZ25hbF90aHJfMjAyNjA1MjhfMTMyNy5qc29uKSBb5Li7UVEt5a+55aSWXQ==?=
[2026-05-28 13:27:27]  发现表格，共 10 行数据
[2026-05-28 13:27:27]  动态索引映射: ['股票代码', '股票名称', '信号', '当前价格', '量比', '来源过滤']
[2026-05-28 13:27:27]  [行1] 解析成功: SHSE.600989 [宝丰能源] BUY @ 24.97 (VR:0.32)
[2026-05-28 13:27:27]  [行2] 解析成功: SHSE.688700 [东威科技] BUY @ 89.61 (VR:1.13)
[2026-05-28 13:27:27]  [行3] 解析成功: SHSE.688689 [银河微电] BUY @ 42.31 (VR:0.77)
[2026-05-28 13:27:27]  [行4] 解析成功: SZSE.300763 [锦浪科技] BUY @ 117.87 (VR:0.67)
[2026-05-28 13:27:27]  [行5] 解析成功: SZSE.301071 [力量钻石] BUY @ 81.75 (VR:0.14)
[2026-05-28 13:27:27]  [行6] 解析成功: SHSE.600989 [宝丰能源] BUY @ 25.0 (VR:0.12)
[2026-05-28 13:27:27]  [行7] 解析成功: SHSE.688700 [东威科技] BUY @ 91.02 (VR:0.71)
[2026-05-28 13:27:27]  [行8] 解析成功: SHSE.688689 [银河微电] BUY @ 42.72 (VR:0.06)
[2026-05-28 13:27:27]  [行9] 解析成功: SZSE.300763 [锦浪科技] BUY @ 117.98 (VR:0.51)
[2026-05-28 13:27:27]  [行10] 解析成功: SZSE.301071 [力量钻石] BUY @ 81.86 (VR:0.41)
[2026-05-28 13:27:27] 成功保存 10 条因子至: signal_batch_20260528_132727_530215.txt
[2026-05-28 13:27:27]  QQ-主 邮件 3292 处理完成
[2026-05-28 13:27:27]  QQ-主 本轮共成功处理 1 封有效信号邮件
[2026-05-28 13:27:27]  正在连接 QQ-备用 邮箱服务器 (shouqianbadavid@qq.com) ...
[2026-05-28 13:28:03]  正在连接 QQ-主 邮箱服务器 (497720537@qq.com) ...
[2026-05-28 13:28:03]  正在连接 QQ-备用 邮箱服务器 (shouqianbadavid@qq.com) ...
[2026-05-28 13:28:04]  QQ-备用 正在解析因子: =?utf-8?b?QWxwaGFQaWxvdCDlpIfku73kv6Hlj7cgKGFscGhhX3NpZ25hbF90aHJfMjAyNjA1MjhfMTMyNy5qc29uKSBb5aSHUVEt6Ieq5L+dXQ==?=
[2026-05-28 13:28:04]  发现表格，共 10 行数据
[2026-05-28 13:28:04]  动态索引映射: ['股票代码', '股票名称', '信号', '当前价格', '量比', '来源过滤']
[2026-05-28 13:28:04]  [行1] 解析成功: SHSE.600989 [宝丰能源] BUY @ 24.97 (VR:0.32)
[2026-05-28 13:28:04]  [行2] 解析成功: SHSE.688700 [东威科技] BUY @ 89.61 (VR:1.13)
[2026-05-28 13:28:04]  [行3] 解析成功: SHSE.688689 [银河微电] BUY @ 42.31 (VR:0.77)
[2026-05-28 13:28:04]  [行4] 解析成功: SZSE.300763 [锦浪科技] BUY @ 117.87 (VR:0.67)
[2026-05-28 13:28:04]  [行5] 解析成功: SZSE.301071 [力量钻石] BUY @ 81.75 (VR:0.14)
[2026-05-28 13:28:04]  [行6] 解析成功: SHSE.600989 [宝丰能源] BUY @ 25.0 (VR:0.12)
[2026-05-28 13:28:04]  [行7] 解析成功: SHSE.688700 [东威科技] BUY @ 91.02 (VR:0.71)
[2026-05-28 13:28:04]  [行8] 解析成功: SHSE.688689 [银河微电] BUY @ 42.72 (VR:0.06)
[2026-05-28 13:28:04]  [行9] 解析成功: SZSE.300763 [锦浪科技] BUY @ 117.98 (VR:0.51)
[2026-05-28 13:28:04]  [行10] 解析成功: SZSE.301071 [力量钻石] BUY @ 81.86 (VR:0.41)
[2026-05-28 13:28:04] 成功保存 10 条因子至: signal_batch_20260528_132804_511283.txt
[2026-05-28 13:28:04]  QQ-备用 邮件 1144 处理完成
[2026-05-28 13:28:04]  QQ-备用 本轮共成功处理 1 封有效信号邮件
[2026-05-28 13:28:39]  正在连接 QQ-主 邮箱服务器 (497720537@qq.com) ...
[2026-05-28 13:28:40]  正在连接 QQ-备用 邮箱服务器 (shouqianbadavid@qq.com) ...
[2026-05-28 13:29:16]  正在连接 QQ-主 邮箱服务器 (497720537@qq.com) ...
[2026-05-28 13:29:16]  正在连接 QQ-备用 邮箱服务器 (shouqianbadavid@qq.com) ...
[2026-05-28 13:29:52]  正在连接 QQ-主 邮箱服务器 (497720537@qq.com) ...
[2026-05-28 13:29:53]  正在连接 QQ-备用 邮箱服务器 (shouqianbadavid@qq.com) ...
[2026-05-28 13:30:29]  正在连接 QQ-主 邮箱服务器 (497720537@qq.com) ...
[2026-05-28 13:30:29]  正在连接 QQ-备用 邮箱服务器 (shouqianbadavid@qq.com) ...
[2026-05-28 13:31:05]  正在连接 QQ-主 邮箱服务器 (497720537@qq.com) ...
[2026-05-28 13:31:05]  正在连接 QQ-备用 邮箱服务器 (shouqianbadavid@qq.com) ...
[2026-05-28 13:31:41]  正在连接 QQ-主 邮箱服务器 (497720537@qq.com) ...
[2026-05-28 13:31:42]  QQ-主 正在解析因子: =?utf-8?b?QWxwaGFQaWxvdCDlrp7ml7bkv6Hlj7cgKGFscGhhX3NpZ25hbF90aHJfMjAyNjA1MjhfMTMzMS5qc29uKSBb5Li7UVEt5a+55aSWXQ==?=
[2026-05-28 13:31:42]  发现表格，共 18 行数据
[2026-05-28 13:31:42]  动态索引映射: ['股票代码', '股票名称', '信号', '当前价格', '量比', '来源过滤']
[2026-05-28 13:31:42]  [行1] 解析成功: SZSE.002980 [华盛昌] SELL @ 114.05 (VR:0.61)
[2026-05-28 13:31:42]  [行2] 解析成功: SZSE.301220 [亚香股份] BUY @ 37.25 (VR:1.11)
[2026-05-28 13:31:42]  [行3] 解析成功: SZSE.300672 [国科微] BUY @ 348.98 (VR:0.66)
[2026-05-28 13:31:42]  [行4] 解析成功: SZSE.001309 [德利明] SELL @ 667.01 (VR:0.61)
[2026-05-28 13:31:42]  [行5] 解析成功: SZSE.300054 [鼎龙股份] BUY @ 74.94 (VR:0.52)
[2026-05-28 13:31:42]  [行6] 解析成功: SZSE.002422 [科伦药业] SELL @ 35.28 (VR:0.25)
[2026-05-28 13:31:42]  [行7] 解析成功: SZSE.300953 [震裕科技] SELL @ 163.91 (VR:1.47)
[2026-05-28 13:31:42]  [行8] 解析成功: SZSE.300568 [星源材质] SELL @ 16.94 (VR:2.02)
[2026-05-28 13:31:42]  [行9] 解析成功: SZSE.300054 [鼎龙股份] BUY @ 74.93 (VR:1.44)
[2026-05-28 13:31:42]  [行10] 解析成功: SZSE.002980 [华盛昌] SELL @ 113.85 (VR:0.05)
[2026-05-28 13:31:42]  [行11] 解析成功: SZSE.301220 [亚香股份] BUY @ 37.28 (VR:2.17)
[2026-05-28 13:31:42]  [行12] 解析成功: SZSE.300672 [国科微] BUY @ 350.65 (VR:0.13)
[2026-05-28 13:31:42]  [行13] 解析成功: SZSE.001309 [德利明] SELL @ 665.34 (VR:2.16)
[2026-05-28 13:31:42]  [行14] 解析成功: SZSE.300054 [鼎龙股份] BUY @ 74.9 (VR:1.14)
[2026-05-28 13:31:42]  [行15] 解析成功: SZSE.002422 [科伦药业] SELL @ 35.23 (VR:0.49)
[2026-05-28 13:31:42]  [行16] 解析成功: SZSE.300953 [震裕科技] SELL @ 163.55 (VR:0.44)
[2026-05-28 13:31:42]  [行17] 解析成功: SZSE.300568 [星源材质] SELL @ 16.83 (VR:0.35)
[2026-05-28 13:31:42]  [行18] 解析成功: SZSE.300054 [鼎龙股份] BUY @ 75.25 (VR:7.02)
[2026-05-28 13:31:42] 成功保存 18 条因子至: signal_batch_20260528_133142_663420.txt
[2026-05-28 13:31:42]  QQ-主 邮件 3293 处理完成
[2026-05-28 13:31:42]  QQ-主 本轮共成功处理 1 封有效信号邮件
[2026-05-28 13:31:43]  正在连接 QQ-备用 邮箱服务器 (shouqianbadavid@qq.com) ...
[2026-05-28 13:31:43]  QQ-备用 正在解析因子: =?utf-8?b?QWxwaGFQaWxvdCDlpIfku73kv6Hlj7cgKGFscGhhX3NpZ25hbF90aHJfMjAyNjA1MjhfMTMzMS5qc29uKSBb5aSHUVEt6Ieq5L+dXQ==?=
[2026-05-28 13:31:43]  发现表格，共 18 行数据
[2026-05-28 13:31:43]  动态索引映射: ['股票代码', '股票名称', '信号', '当前价格', '量比', '来源过滤']
[2026-05-28 13:31:43]  [行1] 解析成功: SZSE.002980 [华盛昌] SELL @ 114.05 (VR:0.61)
[2026-05-28 13:31:43]  [行2] 解析成功: SZSE.301220 [亚香股份] BUY @ 37.25 (VR:1.11)
[2026-05-28 13:31:43]  [行3] 解析成功: SZSE.300672 [国科微] BUY @ 348.98 (VR:0.66)
[2026-05-28 13:31:43]  [行4] 解析成功: SZSE.001309 [德利明] SELL @ 667.01 (VR:0.61)
[2026-05-28 13:31:43]  [行5] 解析成功: SZSE.300054 [鼎龙股份] BUY @ 74.94 (VR:0.52)
[2026-05-28 13:31:43]  [行6] 解析成功: SZSE.002422 [科伦药业] SELL @ 35.28 (VR:0.25)
[2026-05-28 13:31:43]  [行7] 解析成功: SZSE.300953 [震裕科技] SELL @ 163.91 (VR:1.47)
[2026-05-28 13:31:43]  [行8] 解析成功: SZSE.300568 [星源材质] SELL @ 16.94 (VR:2.02)
[2026-05-28 13:31:43]  [行9] 解析成功: SZSE.300054 [鼎龙股份] BUY @ 74.93 (VR:1.44)
[2026-05-28 13:31:43]  [行10] 解析成功: SZSE.002980 [华盛昌] SELL @ 113.85 (VR:0.05)
[2026-05-28 13:31:43]  [行11] 解析成功: SZSE.301220 [亚香股份] BUY @ 37.28 (VR:2.17)
[2026-05-28 13:31:43]  [行12] 解析成功: SZSE.300672 [国科微] BUY @ 350.65 (VR:0.13)
[2026-05-28 13:31:43]  [行13] 解析成功: SZSE.001309 [德利明] SELL @ 665.34 (VR:2.16)
[2026-05-28 13:31:43]  [行14] 解析成功: SZSE.300054 [鼎龙股份] BUY @ 74.9 (VR:1.14)
[2026-05-28 13:31:43]  [行15] 解析成功: SZSE.002422 [科伦药业] SELL @ 35.23 (VR:0.49)
[2026-05-28 13:31:43]  [行16] 解析成功: SZSE.300953 [震裕科技] SELL @ 163.55 (VR:0.44)
[2026-05-28 13:31:43]  [行17] 解析成功: SZSE.300568 [星源材质] SELL @ 16.83 (VR:0.35)
[2026-05-28 13:31:43]  [行18] 解析成功: SZSE.300054 [鼎龙股份] BUY @ 75.25 (VR:7.02)
[2026-05-28 13:31:43] 成功保存 18 条因子至: signal_batch_20260528_133143_962201.txt
[2026-05-28 13:31:44]  QQ-备用 邮件 1145 处理完成
[2026-05-28 13:31:44]  QQ-备用 本轮共成功处理 1 封有效信号邮件
[2026-05-28 13:32:19]  正在连接 QQ-主 邮箱服务器 (497720537@qq.com) ...
[2026-05-28 13:32:19]  正在连接 QQ-备用 邮箱服务器 (shouqianbadavid@qq.com) ...
[2026-05-28 13:32:55]  正在连接 QQ-主 邮箱服务器 (497720537@qq.com) ...
[2026-05-28 13:32:56]  正在连接 QQ-备用 邮箱服务器 (shouqianbadavid@qq.com) ...
[2026-05-28 13:33:32]  正在连接 QQ-主 邮箱服务器 (497720537@qq.com) ...
[2026-05-28 13:33:32]  正在连接 QQ-备用 邮箱服务器 (shouqianbadavid@qq.com) ...
[2026-05-28 13:34:08]  正在连接 QQ-主 邮箱服务器 (497720537@qq.com) ...
[2026-05-28 13:34:08]  正在连接 QQ-备用 邮箱服务器 (shouqianbadavid@qq.com) ...
[2026-05-28 13:34:44]  正在连接 QQ-主 邮箱服务器 (497720537@qq.com) ...
[2026-05-28 13:34:44]  正在连接 QQ-备用 邮箱服务器 (shouqianbadavid@qq.com) ...
[2026-05-28 13:35:20]  正在连接 QQ-主 邮箱服务器 (497720537@qq.com) ...
[2026-05-28 13:35:21]  正在连接 QQ-备用 邮箱服务器 (shouqianbadavid@qq.com) ...
[2026-05-28 13:35:56]  正在连接 QQ-主 邮箱服务器 (497720537@qq.com) ...
[2026-05-28 13:35:57]  正在连接 QQ-备用 邮箱服务器 (shouqianbadavid@qq.com) ...
[2026-05-28 13:36:33]  正在连接 QQ-主 邮箱服务器 (497720537@qq.com) ...
[2026-05-28 13:36:33]  正在连接 QQ-备用 邮箱服务器 (shouqianbadavid@qq.com) ...
[2026-05-28 13:37:09]  正在连接 QQ-主 邮箱服务器 (497720537@qq.com) ...
[2026-05-28 13:37:09]  正在连接 QQ-备用 邮箱服务器 (shouqianbadavid@qq.com) ...
[2026-05-28 13:37:45]  正在连接 QQ-主 邮箱服务器 (497720537@qq.com) ...
[2026-05-28 13:37:46]  正在连接 QQ-备用 邮箱服务器 (shouqianbadavid@qq.com) ...
[2026-05-28 13:38:21]  正在连接 QQ-主 邮箱服务器 (497720537@qq.com) ...
[2026-05-28 13:38:22]  正在连接 QQ-备用 邮箱服务器 (shouqianbadavid@qq.com) ...
[2026-05-28 13:38:58]  正在连接 QQ-主 邮箱服务器 (497720537@qq.com) ...
[2026-05-28 13:38:59]  正在连接 QQ-备用 邮箱服务器 (shouqianbadavid@qq.com) ...
[2026-05-28 13:39:00]  QQ-备用 正在解析因子: =?utf-8?b?QWxwaGFQaWxvdCDlpIfku73kv6Hlj7cgKGFscGhhX3NpZ25hbF90aHJfMjAyNjA1MjhfMTMzNy5qc29uKSBb5aSHUVEt6Ieq5L+dXQ==?=
[2026-05-28 13:39:00]  发现表格，共 15 行数据
[2026-05-28 13:39:00]  动态索引映射: ['股票代码', '股票名称', '信号', '当前价格', '量比', '来源过滤']
[2026-05-28 13:39:00]  [行1] 解析成功: SZSE.300308 [中际旭创] SELL @ 1179.79 (VR:3.37)
[2026-05-28 13:39:00]  [行2] 解析成功: SZSE.300433 [蓝思科技] BUY @ 40.18 (VR:1.05)
[2026-05-28 13:39:00]  [行3] 解析成功: SZSE.300054 [鼎龙股份] BUY @ 75.1 (VR:2.44)
[2026-05-28 13:39:00]  [行4] 解析成功: SZSE.002422 [科伦药业] BUY @ 35.29 (VR:0.08)
[2026-05-28 13:39:00]  [行5] 解析成功: SZSE.000407 [胜利股份] BUY @ 4.16 (VR:0.0)
[2026-05-28 13:39:00]  [行6] 解析成功: SZSE.001258 [立新能源] BUY @ 10.17 (VR:1.53)
[2026-05-28 13:39:00]  [行7] 解析成功: SZSE.000338 [潍柴动力] BUY @ 35.19 (VR:0.29)
[2026-05-28 13:39:00]  [行8] 解析成功: SZSE.300308 [中际旭创] SELL @ 1177.0 (VR:2.9)
[2026-05-28 13:39:00]  [行9] 解析成功: SZSE.300433 [蓝思科技] BUY @ 40.53 (VR:1.91)
[2026-05-28 13:39:00]  [行10] 解析成功: SZSE.300921 [南凌科技] BUY @ 27.96 (VR:0.16)
[2026-05-28 13:39:00]  [行11] 解析成功: SZSE.300054 [鼎龙股份] BUY @ 75.1 (VR:0.12)
[2026-05-28 13:39:00]  [行12] 解析成功: SZSE.002422 [科伦药业] BUY @ 35.29 (VR:0.11)
[2026-05-28 13:39:00]  [行13] 解析成功: SZSE.300936 [中英科技] SELL @ 93.68 (VR:0.38)
[2026-05-28 13:39:00]  [行14] 解析成功: SZSE.000407 [胜利股份] BUY @ 4.17 (VR:0.04)
[2026-05-28 13:39:00]  [行15] 解析成功: SZSE.001258 [立新能源] BUY @ 10.2 (VR:0.8)
[2026-05-28 13:39:00] 成功保存 15 条因子至: signal_batch_20260528_133900_498128.txt
[2026-05-28 13:39:00]  QQ-备用 邮件 1146 处理完成
[2026-05-28 13:39:00]  QQ-备用 本轮共成功处理 1 封有效信号邮件
[2026-05-28 13:39:35]  正在连接 QQ-主 邮箱服务器 (497720537@qq.com) ...
[2026-05-28 13:39:36]  正在连接 QQ-备用 邮箱服务器 (shouqianbadavid@qq.com) ...
[2026-05-28 13:40:12]  正在连接 QQ-主 邮箱服务器 (497720537@qq.com) ...
[2026-05-28 13:40:12]  正在连接 QQ-备用 邮箱服务器 (shouqianbadavid@qq.com) ...
[2026-05-28 13:40:48]  正在连接 QQ-主 邮箱服务器 (497720537@qq.com) ...
[2026-05-28 13:40:48]  正在连接 QQ-备用 邮箱服务器 (shouqianbadavid@qq.com) ...
[2026-05-28 13:41:24]  正在连接 QQ-主 邮箱服务器 (497720537@qq.com) ...
[2026-05-28 13:41:25]  正在连接 QQ-备用 邮箱服务器 (shouqianbadavid@qq.com) ...
[2026-05-28 13:42:00]  正在连接 QQ-主 邮箱服务器 (497720537@qq.com) ...
[2026-05-28 13:42:01]  正在连接 QQ-备用 邮箱服务器 (shouqianbadavid@qq.com) ...
[2026-05-28 13:42:37]  正在连接 QQ-主 邮箱服务器 (497720537@qq.com) ...
[2026-05-28 13:42:37]  正在连接 QQ-备用 邮箱服务器 (shouqianbadavid@qq.com) ...
[2026-05-28 13:43:13]  正在连接 QQ-主 邮箱服务器 (497720537@qq.com) ...
[2026-05-28 13:43:14]  正在连接 QQ-备用 邮箱服务器 (shouqianbadavid@qq.com) ...
[2026-05-28 13:43:49]  正在连接 QQ-主 邮箱服务器 (497720537@qq.com) ...
[2026-05-28 13:43:50]  正在连接 QQ-备用 邮箱服务器 (shouqianbadavid@qq.com) ...
[2026-05-28 13:44:26]  正在连接 QQ-主 邮箱服务器 (497720537@qq.com) ...
[2026-05-28 13:44:26]  正在连接 QQ-备用 邮箱服务器 (shouqianbadavid@qq.com) ...
[2026-05-28 13:45:02]  正在连接 QQ-主 邮箱服务器 (497720537@qq.com) ...
[2026-05-28 13:45:03]  正在连接 QQ-备用 邮箱服务器 (shouqianbadavid@qq.com) ...
[2026-05-28 13:45:38]  正在连接 QQ-主 邮箱服务器 (497720537@qq.com) ...
[2026-05-28 13:45:39]  QQ-主 正在解析因子: =?utf-8?b?QWxwaGFQaWxvdCDlrp7ml7bkv6Hlj7cgKGFscGhhX3NpZ25hbF90aHJfMjAyNjA1MjhfMTM0NC5qc29uKSBb5Li7UVEt5a+55aSWXQ==?=
[2026-05-28 13:45:39]  发现表格，共 20 行数据
[2026-05-28 13:45:39]  动态索引映射: ['股票代码', '股票名称', '信号', '当前价格', '量比', '来源过滤']
[2026-05-28 13:45:39]  [行1] 解析成功: SHSE.601669 [中国电建] BUY @ 5.28 (VR:0.74)
[2026-05-28 13:45:39]  [行2] 解析成功: SHSE.600722 [金牛化工] BUY @ 10.53 (VR:3.55)
[2026-05-28 13:45:39]  [行3] 解析成功: SZSE.000685 [中山公用] BUY @ 11.43 (VR:0.39)
[2026-05-28 13:45:39]  [行4] 解析成功: SZSE.301158 [万集科技] BUY @ 16.9 (VR:1.0)
[2026-05-28 13:45:39]  [行5] 解析成功: SZSE.300259 [新天科技] BUY @ 7.16 (VR:0.87)
[2026-05-28 13:45:39]  [行6] 解析成功: SZSE.301018 [申菱环境] BUY @ 153.22 (VR:0.98)
[2026-05-28 13:45:39]  [行7] 解析成功: SZSE.300739 [明阳电路] SELL @ 38.97 (VR:0.65)
[2026-05-28 13:45:39]  [行8] 解析成功: SZSE.300195 [长荣股份] BUY @ 6.08 (VR:0.36)
[2026-05-28 13:45:39]  [行9] 解析成功: SZSE.301226 [祥明智能] BUY @ 40.94 (VR:2.38)
[2026-05-28 13:45:39]  [行10] 解析成功: SZSE.301667 [纳百川] BUY @ 100.66 (VR:0.46)
[2026-05-28 13:45:39]  [行11] 解析成功: SZSE.300345 [华民股份] SELL @ 6.37 (VR:4.14)
[2026-05-28 13:45:39]  [行12] 解析成功: SHSE.601669 [中国电建] BUY @ 5.28 (VR:0.06)
[2026-05-28 13:45:39]  [行13] 解析成功: SZSE.000685 [中山公用] BUY @ 11.46 (VR:0.83)
[2026-05-28 13:45:39]  [行14] 解析成功: SZSE.301158 [万集科技] BUY @ 16.94 (VR:2.9)
[2026-05-28 13:45:39]  [行15] 解析成功: SZSE.300259 [新天科技] BUY @ 7.18 (VR:0.75)
[2026-05-28 13:45:39]  [行16] 解析成功: SZSE.301018 [申菱环境] BUY @ 154.0 (VR:0.21)
[2026-05-28 13:45:39]  [行17] 解析成功: SZSE.300739 [明阳电路] SELL @ 38.66 (VR:0.22)
[2026-05-28 13:45:39]  [行18] 解析成功: SZSE.300195 [长荣股份] BUY @ 6.1 (VR:2.22)
[2026-05-28 13:45:39]  [行19] 解析成功: SZSE.301667 [纳百川] BUY @ 100.95 (VR:0.5)
[2026-05-28 13:45:39]  [行20] 解析成功: SZSE.300345 [华民股份] SELL @ 6.36 (VR:0.83)
[2026-05-28 13:45:39] 成功保存 20 条因子至: signal_batch_20260528_134539_546235.txt
[2026-05-28 13:45:39]  QQ-主 邮件 3295 处理完成
[2026-05-28 13:45:39]  QQ-主 本轮共成功处理 1 封有效信号邮件
[2026-05-28 13:45:40]  正在连接 QQ-备用 邮箱服务器 (shouqianbadavid@qq.com) ...
[2026-05-28 13:46:15]  正在连接 QQ-主 邮箱服务器 (497720537@qq.com) ...
[2026-05-28 13:46:16]  正在连接 QQ-备用 邮箱服务器 (shouqianbadavid@qq.com) ...
[2026-05-28 13:46:17]  QQ-备用 正在解析因子: =?utf-8?b?QWxwaGFQaWxvdCDlpIfku73kv6Hlj7cgKGFscGhhX3NpZ25hbF90aHJfMjAyNjA1MjhfMTM0NC5qc29uKSBb5aSHUVEt6Ieq5L+dXQ==?=
[2026-05-28 13:46:17]  发现表格，共 20 行数据
[2026-05-28 13:46:17]  动态索引映射: ['股票代码', '股票名称', '信号', '当前价格', '量比', '来源过滤']
[2026-05-28 13:46:17]  [行1] 解析成功: SHSE.601669 [中国电建] BUY @ 5.28 (VR:0.74)
[2026-05-28 13:46:17]  [行2] 解析成功: SHSE.600722 [金牛化工] BUY @ 10.53 (VR:3.55)
[2026-05-28 13:46:17]  [行3] 解析成功: SZSE.000685 [中山公用] BUY @ 11.43 (VR:0.39)
[2026-05-28 13:46:17]  [行4] 解析成功: SZSE.301158 [万集科技] BUY @ 16.9 (VR:1.0)
[2026-05-28 13:46:17]  [行5] 解析成功: SZSE.300259 [新天科技] BUY @ 7.16 (VR:0.87)
[2026-05-28 13:46:17]  [行6] 解析成功: SZSE.301018 [申菱环境] BUY @ 153.22 (VR:0.98)
[2026-05-28 13:46:17]  [行7] 解析成功: SZSE.300739 [明阳电路] SELL @ 38.97 (VR:0.65)
[2026-05-28 13:46:17]  [行8] 解析成功: SZSE.300195 [长荣股份] BUY @ 6.08 (VR:0.36)
[2026-05-28 13:46:17]  [行9] 解析成功: SZSE.301226 [祥明智能] BUY @ 40.94 (VR:2.38)
[2026-05-28 13:46:17]  [行10] 解析成功: SZSE.301667 [纳百川] BUY @ 100.66 (VR:0.46)
[2026-05-28 13:46:17]  [行11] 解析成功: SZSE.300345 [华民股份] SELL @ 6.37 (VR:4.14)
[2026-05-28 13:46:17]  [行12] 解析成功: SHSE.601669 [中国电建] BUY @ 5.28 (VR:0.06)
[2026-05-28 13:46:17]  [行13] 解析成功: SZSE.000685 [中山公用] BUY @ 11.46 (VR:0.83)
[2026-05-28 13:46:17]  [行14] 解析成功: SZSE.301158 [万集科技] BUY @ 16.94 (VR:2.9)
[2026-05-28 13:46:17]  [行15] 解析成功: SZSE.300259 [新天科技] BUY @ 7.18 (VR:0.75)
[2026-05-28 13:46:17]  [行16] 解析成功: SZSE.301018 [申菱环境] BUY @ 154.0 (VR:0.21)
[2026-05-28 13:46:17]  [行17] 解析成功: SZSE.300739 [明阳电路] SELL @ 38.66 (VR:0.22)
[2026-05-28 13:46:17]  [行18] 解析成功: SZSE.300195 [长荣股份] BUY @ 6.1 (VR:2.22)
[2026-05-28 13:46:17]  [行19] 解析成功: SZSE.301667 [纳百川] BUY @ 100.95 (VR:0.5)
[2026-05-28 13:46:17]  [行20] 解析成功: SZSE.300345 [华民股份] SELL @ 6.36 (VR:0.83)
[2026-05-28 13:46:17] 成功保存 20 条因子至: signal_batch_20260528_134617_487840.txt
[2026-05-28 13:46:17]  QQ-备用 邮件 1147 处理完成
[2026-05-28 13:46:17]  QQ-备用 本轮共成功处理 1 封有效信号邮件
[2026-05-28 13:46:52]  正在连接 QQ-主 邮箱服务器 (497720537@qq.com) ...
[2026-05-28 13:46:53]  正在连接 QQ-备用 邮箱服务器 (shouqianbadavid@qq.com) ...
[2026-05-28 13:47:28]  正在连接 QQ-主 邮箱服务器 (497720537@qq.com) ...
[2026-05-28 13:47:29]  正在连接 QQ-备用 邮箱服务器 (shouqianbadavid@qq.com) ...
[2026-05-28 13:48:05]  正在连接 QQ-主 邮箱服务器 (497720537@qq.com) ...
[2026-05-28 13:48:05]  正在连接 QQ-备用 邮箱服务器 (shouqianbadavid@qq.com) ...
[2026-05-28 13:48:41]  正在连接 QQ-主 邮箱服务器 (497720537@qq.com) ...
[2026-05-28 13:48:41]  正在连接 QQ-备用 邮箱服务器 (shouqianbadavid@qq.com) ...
[2026-05-28 13:49:17]  正在连接 QQ-主 邮箱服务器 (497720537@qq.com) ...
[2026-05-28 13:49:17]  正在连接 QQ-备用 邮箱服务器 (shouqianbadavid@qq.com) ...
[2026-05-28 13:49:53]  正在连接 QQ-主 邮箱服务器 (497720537@qq.com) ...
[2026-05-28 13:49:53]  正在连接 QQ-备用 邮箱服务器 (shouqianbadavid@qq.com) ...
[2026-05-28 13:50:29]  正在连接 QQ-主 邮箱服务器 (497720537@qq.com) ...
[2026-05-28 13:50:30]  正在连接 QQ-备用 邮箱服务器 (shouqianbadavid@qq.com) ...
[2026-05-28 13:51:05]  正在连接 QQ-主 邮箱服务器 (497720537@qq.com) ...
[2026-05-28 13:51:06]  正在连接 QQ-备用 邮箱服务器 (shouqianbadavid@qq.com) ...
[2026-05-28 13:51:41]  正在连接 QQ-主 邮箱服务器 (497720537@qq.com) ...
[2026-05-28 13:51:42]  QQ-主 正在解析因子: =?utf-8?b?QWxwaGFQaWxvdCDlrp7ml7bkv6Hlj7cgKGFscGhhX3NpZ25hbF90aHJfMjAyNjA1MjhfMTM1MS5qc29uKSBb5Li7UVEt5a+55aSWXQ==?=
[2026-05-28 13:51:42]  发现表格，共 18 行数据
[2026-05-28 13:51:42]  动态索引映射: ['股票代码', '股票名称', '信号', '当前价格', '量比', '来源过滤']
[2026-05-28 13:51:42]  [行1] 解析成功: SZSE.300868 [绿盟科技] SELL @ 113.71 (VR:1.05)
[2026-05-28 13:51:42]  [行2] 解析成功: SZSE.301419 [德赛西威] BUY @ 39.24 (VR:1.78)
[2026-05-28 13:51:42]  [行3] 解析成功: SZSE.300626 [华测导航] SELL @ 38.02 (VR:0.25)
[2026-05-28 13:51:42]  [行4] 解析成功: SZSE.301658 [首航新能] BUY @ 38.65 (VR:0.27)
[2026-05-28 13:51:42]  [行5] 解析成功: SZSE.300811 [铂力特] SELL @ 90.01 (VR:0.67)
[2026-05-28 13:51:42]  [行6] 解析成功: SZSE.001258 [立新能源] BUY @ 10.23 (VR:1.56)
[2026-05-28 13:51:42]  [行7] 解析成功: SZSE.300142 [沃森生物] SELL @ 13.32 (VR:0.8)
[2026-05-28 13:51:42]  [行8] 解析成功: SZSE.300014 [亿纬锂能] BUY @ 65.84 (VR:0.29)
[2026-05-28 13:51:42]  [行9] 解析成功: SZSE.300868 [绿盟科技] SELL @ 113.5 (VR:0.6)
[2026-05-28 13:51:42]  [行10] 解析成功: SZSE.301419 [德赛西威] BUY @ 39.32 (VR:0.66)
[2026-05-28 13:51:42]  [行11] 解析成功: SZSE.300626 [华测导航] SELL @ 37.89 (VR:0.09)
[2026-05-28 13:51:42]  [行12] 解析成功: SZSE.301210 [金杨精密] BUY @ 42.12 (VR:1.09)
[2026-05-28 13:51:42]  [行13] 解析成功: SZSE.301658 [首航新能] BUY @ 38.66 (VR:0.41)
[2026-05-28 13:51:42]  [行14] 解析成功: SZSE.300811 [铂力特] SELL @ 89.87 (VR:0.42)
[2026-05-28 13:51:42]  [行15] 解析成功: SZSE.001258 [立新能源] BUY @ 10.25 (VR:0.99)
[2026-05-28 13:51:42]  [行16] 解析成功: SZSE.301358 [湖南裕能] BUY @ 87.98 (VR:1.39)
[2026-05-28 13:51:42]  [行17] 解析成功: SZSE.300142 [沃森生物] SELL @ 13.31 (VR:0.44)
[2026-05-28 13:51:42]  [行18] 解析成功: SZSE.300014 [亿纬锂能] BUY @ 65.93 (VR:0.79)
[2026-05-28 13:51:42] 成功保存 18 条因子至: signal_batch_20260528_135142_798332.txt
[2026-05-28 13:51:43]  QQ-主 邮件 3296 处理完成
[2026-05-28 13:51:43]  QQ-主 本轮共成功处理 1 封有效信号邮件
[2026-05-28 13:51:43]  正在连接 QQ-备用 邮箱服务器 (shouqianbadavid@qq.com) ...
[2026-05-28 13:52:18]  正在连接 QQ-主 邮箱服务器 (497720537@qq.com) ...
[2026-05-28 13:52:19]  正在连接 QQ-备用 邮箱服务器 (shouqianbadavid@qq.com) ...
[2026-05-28 13:52:19]  QQ-备用 正在解析因子: =?utf-8?b?QWxwaGFQaWxvdCDlpIfku73kv6Hlj7cgKGFscGhhX3NpZ25hbF90aHJfMjAyNjA1MjhfMTM1MS5qc29uKSBb5aSHUVEt6Ieq5L+dXQ==?=
[2026-05-28 13:52:19]  发现表格，共 18 行数据
[2026-05-28 13:52:19]  动态索引映射: ['股票代码', '股票名称', '信号', '当前价格', '量比', '来源过滤']
[2026-05-28 13:52:19]  [行1] 解析成功: SZSE.300868 [绿盟科技] SELL @ 113.71 (VR:1.05)
[2026-05-28 13:52:19]  [行2] 解析成功: SZSE.301419 [德赛西威] BUY @ 39.24 (VR:1.78)
[2026-05-28 13:52:19]  [行3] 解析成功: SZSE.300626 [华测导航] SELL @ 38.02 (VR:0.25)
[2026-05-28 13:52:19]  [行4] 解析成功: SZSE.301658 [首航新能] BUY @ 38.65 (VR:0.27)
[2026-05-28 13:52:19]  [行5] 解析成功: SZSE.300811 [铂力特] SELL @ 90.01 (VR:0.67)
[2026-05-28 13:52:19]  [行6] 解析成功: SZSE.001258 [立新能源] BUY @ 10.23 (VR:1.56)
[2026-05-28 13:52:19]  [行7] 解析成功: SZSE.300142 [沃森生物] SELL @ 13.32 (VR:0.8)
[2026-05-28 13:52:19]  [行8] 解析成功: SZSE.300014 [亿纬锂能] BUY @ 65.84 (VR:0.29)
[2026-05-28 13:52:19]  [行9] 解析成功: SZSE.300868 [绿盟科技] SELL @ 113.5 (VR:0.6)
[2026-05-28 13:52:19]  [行10] 解析成功: SZSE.301419 [德赛西威] BUY @ 39.32 (VR:0.66)
[2026-05-28 13:52:19]  [行11] 解析成功: SZSE.300626 [华测导航] SELL @ 37.89 (VR:0.09)
[2026-05-28 13:52:19]  [行12] 解析成功: SZSE.301210 [金杨精密] BUY @ 42.12 (VR:1.09)
[2026-05-28 13:52:19]  [行13] 解析成功: SZSE.301658 [首航新能] BUY @ 38.66 (VR:0.41)
[2026-05-28 13:52:19]  [行14] 解析成功: SZSE.300811 [铂力特] SELL @ 89.87 (VR:0.42)
[2026-05-28 13:52:19]  [行15] 解析成功: SZSE.001258 [立新能源] BUY @ 10.25 (VR:0.99)
[2026-05-28 13:52:19]  [行16] 解析成功: SZSE.301358 [湖南裕能] BUY @ 87.98 (VR:1.39)
[2026-05-28 13:52:19]  [行17] 解析成功: SZSE.300142 [沃森生物] SELL @ 13.31 (VR:0.44)
[2026-05-28 13:52:19]  [行18] 解析成功: SZSE.300014 [亿纬锂能] BUY @ 65.93 (VR:0.79)
[2026-05-28 13:52:19] 成功保存 18 条因子至: signal_batch_20260528_135219_980615.txt
[2026-05-28 13:52:20]  QQ-备用 邮件 1148 处理完成
[2026-05-28 13:52:20]  QQ-备用 本轮共成功处理 1 封有效信号邮件
[2026-05-28 13:52:55]  正在连接 QQ-主 邮箱服务器 (497720537@qq.com) ...
[2026-05-28 13:52:55]  正在连接 QQ-备用 邮箱服务器 (shouqianbadavid@qq.com) ...
[2026-05-28 13:53:31]  正在连接 QQ-主 邮箱服务器 (497720537@qq.com) ...
[2026-05-28 13:53:32]  正在连接 QQ-备用 邮箱服务器 (shouqianbadavid@qq.com) ...
[2026-05-28 13:54:08]  正在连接 QQ-主 邮箱服务器 (497720537@qq.com) ...
[2026-05-28 13:54:09]  正在连接 QQ-备用 邮箱服务器 (shouqianbadavid@qq.com) ...
[2026-05-28 13:54:44]  正在连接 QQ-主 邮箱服务器 (497720537@qq.com) ...
[2026-05-28 13:54:45]  正在连接 QQ-备用 邮箱服务器 (shouqianbadavid@qq.com) ...
[2026-05-28 13:55:20]  正在连接 QQ-主 邮箱服务器 (497720537@qq.com) ...
[2026-05-28 13:55:21]  正在连接 QQ-备用 邮箱服务器 (shouqianbadavid@qq.com) ...
[2026-05-28 13:55:56]  正在连接 QQ-主 邮箱服务器 (497720537@qq.com) ...
[2026-05-28 13:55:57]  正在连接 QQ-备用 邮箱服务器 (shouqianbadavid@qq.com) ...
[2026-05-28 13:56:32]  正在连接 QQ-主 邮箱服务器 (497720537@qq.com) ...
[2026-05-28 13:56:33]  正在连接 QQ-备用 邮箱服务器 (shouqianbadavid@qq.com) ...
[2026-05-28 13:57:08]  正在连接 QQ-主 邮箱服务器 (497720537@qq.com) ...
[2026-05-28 13:57:09]  正在连接 QQ-备用 邮箱服务器 (shouqianbadavid@qq.com) ...
[2026-05-28 13:57:45]  正在连接 QQ-主 邮箱服务器 (497720537@qq.com) ...
[2026-05-28 13:57:45]  正在连接 QQ-备用 邮箱服务器 (shouqianbadavid@qq.com) ...
[2026-05-28 13:58:21]  正在连接 QQ-主 邮箱服务器 (497720537@qq.com) ...
[2026-05-28 13:58:22]  正在连接 QQ-备用 邮箱服务器 (shouqianbadavid@qq.com) ...
[2026-05-28 13:58:22]  QQ-备用 正在解析因子: =?utf-8?b?QWxwaGFQaWxvdCDlpIfku73kv6Hlj7cgKGFscGhhX3NpZ25hbF90aHJfMjAyNjA1MjhfMTM1Ny5qc29uKSBb5aSHUVEt6Ieq5L+dXQ==?=
[2026-05-28 13:58:22]  发现表格，共 10 行数据
[2026-05-28 13:58:22]  动态索引映射: ['股票代码', '股票名称', '信号', '当前价格', '量比', '来源过滤']
[2026-05-28 13:58:22]  [行1] 解析成功: SHSE.600989 [宝丰能源] SELL @ 25.06 (VR:0.11)
[2026-05-28 13:58:22]  [行2] 解析成功: SHSE.688689 [银河微电] BUY @ 43.2 (VR:0.04)
[2026-05-28 13:58:22]  [行3] 解析成功: SZSE.002455 [百川股份] SELL @ 8.94 (VR:0.16)
[2026-05-28 13:58:22]  [行4] 解析成功: SHSE.601016 [节能风电] SELL @ 4.91 (VR:0.3)
[2026-05-28 13:58:22]  [行5] 解析成功: SHSE.600989 [宝丰能源] SELL @ 25.0 (VR:0.24)
[2026-05-28 13:58:22]  [行6] 解析成功: SHSE.688700 [东威科技] BUY @ 90.0 (VR:0.82)
[2026-05-28 13:58:22]  [行7] 解析成功: SHSE.688689 [银河微电] BUY @ 43.28 (VR:2.03)
[2026-05-28 13:58:22]  [行8] 解析成功: SZSE.002455 [百川股份] SELL @ 8.93 (VR:0.28)
[2026-05-28 13:58:22]  [行9] 解析成功: SZSE.301071 [力量钻石] SELL @ 82.5 (VR:0.23)
[2026-05-28 13:58:22]  [行10] 解析成功: SZSE.300643 [万通智控] BUY @ 17.39 (VR:2.05)
[2026-05-28 13:58:22] 成功保存 10 条因子至: signal_batch_20260528_135822_992754.txt
[2026-05-28 13:58:23]  QQ-备用 邮件 1149 处理完成
[2026-05-28 13:58:23]  QQ-备用 本轮共成功处理 1 封有效信号邮件
[2026-05-28 13:58:58]  正在连接 QQ-主 邮箱服务器 (497720537@qq.com) ...
[2026-05-28 13:58:58]  正在连接 QQ-备用 邮箱服务器 (shouqianbadavid@qq.com) ...
[2026-05-28 13:59:34]  正在连接 QQ-主 邮箱服务器 (497720537@qq.com) ...
[2026-05-28 13:59:34]  正在连接 QQ-备用 邮箱服务器 (shouqianbadavid@qq.com) ...
[2026-05-28 14:00:10]  正在连接 QQ-主 邮箱服务器 (497720537@qq.com) ...
[2026-05-28 14:00:10]  正在连接 QQ-备用 邮箱服务器 (shouqianbadavid@qq.com) ...
[2026-05-28 14:00:46]  正在连接 QQ-主 邮箱服务器 (497720537@qq.com) ...
[2026-05-28 14:00:47]  正在连接 QQ-备用 邮箱服务器 (shouqianbadavid@qq.com) ...
[2026-05-28 14:01:22]  正在连接 QQ-主 邮箱服务器 (497720537@qq.com) ...
[2026-05-28 14:01:23]  正在连接 QQ-备用 邮箱服务器 (shouqianbadavid@qq.com) ...
[2026-05-28 14:01:59]  正在连接 QQ-主 邮箱服务器 (497720537@qq.com) ...
[2026-05-28 14:02:00]  正在连接 QQ-备用 邮箱服务器 (shouqianbadavid@qq.com) ...
[2026-05-28 14:02:00]  QQ-备用 正在解析因子: =?utf-8?b?QWxwaGFQaWxvdCDlpIfku73kv6Hlj7cgKGFscGhhX3NpZ25hbF90aHJfMjAyNjA1MjhfMTQwMS5qc29uKSBb5aSHUVEt6Ieq5L+dXQ==?=
[2026-05-28 14:02:00]  发现表格，共 15 行数据
[2026-05-28 14:02:00]  动态索引映射: ['股票代码', '股票名称', '信号', '当前价格', '量比', '来源过滤']
[2026-05-28 14:02:00]  [行1] 解析成功: SZSE.002980 [华盛昌] BUY @ 115.5 (VR:0.88)
[2026-05-28 14:02:00]  [行2] 解析成功: SZSE.300672 [国科微] BUY @ 350.27 (VR:0.19)
[2026-05-28 14:02:00]  [行3] 解析成功: SZSE.300868 [杰美特] BUY @ 113.0 (VR:0.57)
[2026-05-28 14:02:00]  [行4] 解析成功: SZSE.300782 [卓胜微] SELL @ 116.51 (VR:0.31)
[2026-05-28 14:02:00]  [行5] 解析成功: SZSE.001309 [德利明] BUY @ 659.0 (VR:0.04)
[2026-05-28 14:02:00]  [行6] 解析成功: SZSE.300054 [鼎龙股份] BUY @ 74.51 (VR:0.08)
[2026-05-28 14:02:00]  [行7] 解析成功: SZSE.300953 [震裕科技] SELL @ 162.45 (VR:0.4)
[2026-05-28 14:02:00]  [行8] 解析成功: SZSE.300054 [鼎龙股份] BUY @ 74.51 (VR:0.5)
[2026-05-28 14:02:00]  [行9] 解析成功: SZSE.300672 [国科微] BUY @ 350.59 (VR:0.36)
[2026-05-28 14:02:00]  [行10] 解析成功: SZSE.300868 [杰美特] BUY @ 113.07 (VR:0.99)
[2026-05-28 14:02:00]  [行11] 解析成功: SZSE.300782 [卓胜微] SELL @ 116.45 (VR:0.78)
[2026-05-28 14:02:00]  [行12] 解析成功: SZSE.001309 [德利明] BUY @ 659.69 (VR:0.16)
[2026-05-28 14:02:00]  [行13] 解析成功: SZSE.300054 [鼎龙股份] BUY @ 74.38 (VR:0.23)
[2026-05-28 14:02:00]  [行14] 解析成功: SZSE.300953 [震裕科技] SELL @ 162.32 (VR:1.17)
[2026-05-28 14:02:00]  [行15] 解析成功: SZSE.300054 [鼎龙股份] BUY @ 74.49 (VR:0.82)
[2026-05-28 14:02:00] 成功保存 15 条因子至: signal_batch_20260528_140200_952872.txt
[2026-05-28 14:02:01]  QQ-备用 邮件 1150 处理完成
[2026-05-28 14:02:01]  QQ-备用 本轮共成功处理 1 封有效信号邮件
[2026-05-28 14:02:36]  正在连接 QQ-主 邮箱服务器 (497720537@qq.com) ...
[2026-05-28 14:02:36]  正在连接 QQ-备用 邮箱服务器 (shouqianbadavid@qq.com) ...
[2026-05-28 14:03:12]  正在连接 QQ-主 邮箱服务器 (497720537@qq.com) ...
[2026-05-28 14:03:13]  正在连接 QQ-备用 邮箱服务器 (shouqianbadavid@qq.com) ...
[2026-05-28 14:03:49]  正在连接 QQ-主 邮箱服务器 (497720537@qq.com) ...
[2026-05-28 14:03:49]  正在连接 QQ-备用 邮箱服务器 (shouqianbadavid@qq.com) ...
[2026-05-28 14:04:25]  正在连接 QQ-主 邮箱服务器 (497720537@qq.com) ...
[2026-05-28 14:04:26]  正在连接 QQ-备用 邮箱服务器 (shouqianbadavid@qq.com) ...
[2026-05-28 14:05:02]  正在连接 QQ-主 邮箱服务器 (497720537@qq.com) ...
[2026-05-28 14:05:02]  正在连接 QQ-备用 邮箱服务器 (shouqianbadavid@qq.com) ...
[2026-05-28 14:05:38]  正在连接 QQ-主 邮箱服务器 (497720537@qq.com) ...
[2026-05-28 14:05:38]  正在连接 QQ-备用 邮箱服务器 (shouqianbadavid@qq.com) ...
[2026-05-28 14:06:14]  正在连接 QQ-主 邮箱服务器 (497720537@qq.com) ...
[2026-05-28 14:06:15]  正在连接 QQ-备用 邮箱服务器 (shouqianbadavid@qq.com) ...
[2026-05-28 14:06:50]  正在连接 QQ-主 邮箱服务器 (497720537@qq.com) ...
[2026-05-28 14:06:51]  正在连接 QQ-备用 邮箱服务器 (shouqianbadavid@qq.com) ...
[2026-05-28 14:07:27]  正在连接 QQ-主 邮箱服务器 (497720537@qq.com) ...
[2026-05-28 14:07:27]  正在连接 QQ-备用 邮箱服务器 (shouqianbadavid@qq.com) ...
[2026-05-28 14:08:03]  正在连接 QQ-主 邮箱服务器 (497720537@qq.com) ...
[2026-05-28 14:08:04]  正在连接 QQ-备用 邮箱服务器 (shouqianbadavid@qq.com) ...
[2026-05-28 14:08:05]  QQ-备用 正在解析因子: =?utf-8?b?QWxwaGFQaWxvdCDlpIfku73kv6Hlj7cgKGFscGhhX3NpZ25hbF90aHJfMjAyNjA1MjhfMTQwNy5qc29uKSBb5aSHUVEt6Ieq5L+dXQ==?=
[2026-05-28 14:08:05]  发现表格，共 21 行数据
[2026-05-28 14:08:05]  动态索引映射: ['股票代码', '股票名称', '信号', '当前价格', '量比', '来源过滤']
[2026-05-28 14:08:05]  [行1] 解析成功: SHSE.688392 [娇成超声] BUY @ 157.2 (VR:0.42)
[2026-05-28 14:08:05]  [行2] 解析成功: SHSE.600699 [均胜电子] BUY @ 28.9 (VR:0.1)
[2026-05-28 14:08:05]  [行3] 解析成功: SZSE.300308 [中际旭创] BUY @ 1179.41 (VR:0.21)
[2026-05-28 14:08:05]  [行4] 解析成功: SZSE.300433 [蓝思科技] BUY @ 41.03 (VR:0.24)
[2026-05-28 14:08:05]  [行5] 解析成功: SZSE.300921 [南凌科技] BUY @ 28.36 (VR:0.26)
[2026-05-28 14:08:05]  [行6] 解析成功: SZSE.300054 [鼎龙股份] SELL @ 74.67 (VR:0.2)
[2026-05-28 14:08:05]  [行7] 解析成功: SZSE.001258 [立新能源] BUY @ 10.26 (VR:0.93)
[2026-05-28 14:08:05]  [行8] 解析成功: SZSE.002364 [中恒电器] SELL @ 58.61 (VR:0.13)
[2026-05-28 14:08:05]  [行9] 解析成功: SZSE.300352 [北信源] BUY @ 3.1 (VR:0.46)
[2026-05-28 14:08:05]  [行10] 解析成功: SZSE.000338 [潍柴动力] BUY @ 35.25 (VR:1.74)
[2026-05-28 14:08:05]  [行11] 解析成功: SHSE.688392 [娇成超声] BUY @ 157.39 (VR:0.08)
[2026-05-28 14:08:05]  [行12] 解析成功: SHSE.600699 [均胜电子] BUY @ 28.95 (VR:0.43)
[2026-05-28 14:08:05]  [行13] 解析成功: SHSE.600151 [航天机电] BUY @ 15.03 (VR:1.33)
[2026-05-28 14:08:05]  [行14] 解析成功: SZSE.300308 [中际旭创] BUY @ 1183.01 (VR:1.04)
[2026-05-28 14:08:05]  [行15] 解析成功: SZSE.300433 [蓝思科技] BUY @ 41.15 (VR:0.63)
[2026-05-28 14:08:05]  [行16] 解析成功: SZSE.300921 [南凌科技] BUY @ 28.4 (VR:2.78)
[2026-05-28 14:08:05]  [行17] 解析成功: SZSE.300054 [鼎龙股份] SELL @ 74.56 (VR:0.53)
[2026-05-28 14:08:05]  [行18] 解析成功: SZSE.002828 [贝肯能源] BUY @ 9.68 (VR:0.64)
[2026-05-28 14:08:05]  [行19] 解析成功: SZSE.001258 [立新能源] BUY @ 10.27 (VR:0.13)
[2026-05-28 14:08:05]  [行20] 解析成功: SZSE.002364 [中恒电器] SELL @ 58.59 (VR:0.67)
[2026-05-28 14:08:05]  [行21] 解析成功: SZSE.300352 [北信源] BUY @ 3.11 (VR:1.71)
[2026-05-28 14:08:05] 成功保存 21 条因子至: signal_batch_20260528_140805_334565.txt
[2026-05-28 14:08:05]  QQ-备用 邮件 1151 处理完成
[2026-05-28 14:08:05]  QQ-备用 本轮共成功处理 1 封有效信号邮件
[2026-05-28 14:08:40]  正在连接 QQ-主 邮箱服务器 (497720537@qq.com) ...
[2026-05-28 14:08:41]  正在连接 QQ-备用 邮箱服务器 (shouqianbadavid@qq.com) ...
[2026-05-28 14:09:16]  正在连接 QQ-主 邮箱服务器 (497720537@qq.com) ...
[2026-05-28 14:09:17]  正在连接 QQ-备用 邮箱服务器 (shouqianbadavid@qq.com) ...
[2026-05-28 14:09:54]  正在连接 QQ-主 邮箱服务器 (497720537@qq.com) ...
[2026-05-28 14:09:54]  正在连接 QQ-备用 邮箱服务器 (shouqianbadavid@qq.com) ...
[2026-05-28 14:10:30]  正在连接 QQ-主 邮箱服务器 (497720537@qq.com) ...
[2026-05-28 14:10:30]  正在连接 QQ-备用 邮箱服务器 (shouqianbadavid@qq.com) ...
[2026-05-28 14:11:06]  正在连接 QQ-主 邮箱服务器 (497720537@qq.com) ...
[2026-05-28 14:11:07]  正在连接 QQ-备用 邮箱服务器 (shouqianbadavid@qq.com) ...
[2026-05-28 14:11:42]  正在连接 QQ-主 邮箱服务器 (497720537@qq.com) ...
[2026-05-28 14:11:43]  正在连接 QQ-备用 邮箱服务器 (shouqianbadavid@qq.com) ...
[2026-05-28 14:12:18]  正在连接 QQ-主 邮箱服务器 (497720537@qq.com) ...
[2026-05-28 14:12:19]  正在连接 QQ-备用 邮箱服务器 (shouqianbadavid@qq.com) ...
[2026-05-28 14:30:10]  AlphaPilot 监听服务 (Pro 多邮箱版) 启动...
[2026-05-28 14:30:10]  信号保存目录: D:\mpython\signals
[2026-05-28 14:30:10]  日志文件: D:\mpython\logs_receiver\receiver_20260528.log
[2026-05-28 14:30:10]  正在连接 QQ-主 邮箱服务器 (497720537@qq.com) ...
[2026-05-28 14:30:11]  QQ-主 正在解析因子: =?utf-8?b?QWxwaGFQaWxvdCDlrp7ml7bkv6Hlj7cgKGFscGhhX3NpZ25hbF90aHJfMjAyNjA1MjhfMTQxNy5qc29uKSBb5Li7UVEt5a+55aSWXQ==?=
[2026-05-28 14:30:11]  发现表格，共 17 行数据
[2026-05-28 14:30:11]  动态索引映射: ['股票代码', '股票名称', '信号', '当前价格', '量比', '来源过滤']
[2026-05-28 14:30:11]  [行1] 解析成功: SHSE.600353 [旭光电子] SELL @ 23.75 (VR:0.84)
[2026-05-28 14:30:11]  [行2] 解析成功: SHSE.601138 [工业富联] SELL @ 75.04 (VR:0.31)
[2026-05-28 14:30:11]  [行3] 解析成功: SZSE.300868 [绿盟科技] SELL @ 113.49 (VR:0.34)
[2026-05-28 14:30:11]  [行4] 解析成功: SZSE.300565 [科信技术] SELL @ 13.77 (VR:0.75)
[2026-05-28 14:30:11]  [行5] 解析成功: SZSE.300626 [华测导航] BUY @ 36.88 (VR:1.22)
[2026-05-28 14:30:11]  [行6] 解析成功: SZSE.301361 [新洁能源] SELL @ 39.18 (VR:0.05)
[2026-05-28 14:30:11]  [行7] 解析成功: SZSE.300811 [铂力特] SELL @ 89.39 (VR:0.15)
[2026-05-28 14:30:11]  [行8] 解析成功: SZSE.300720 [海川智能] SELL @ 63.16 (VR:0.12)
[2026-05-28 14:30:11]  [行9] 解析成功: SZSE.300014 [亿纬锂能] SELL @ 65.78 (VR:0.01)
[2026-05-28 14:30:11]  [行10] 解析成功: SHSE.600353 [旭光电子] SELL @ 23.7 (VR:0.0)
[2026-05-28 14:30:11]  [行11] 解析成功: SHSE.601138 [工业富联] SELL @ 74.89 (VR:0.42)
[2026-05-28 14:30:11]  [行12] 解析成功: SZSE.300868 [绿盟科技] SELL @ 113.38 (VR:0.65)
[2026-05-28 14:30:11]  [行13] 解析成功: SZSE.300565 [科信技术] SELL @ 13.75 (VR:0.96)
[2026-05-28 14:30:11]  [行14] 解析成功: SZSE.300626 [华测导航] BUY @ 36.95 (VR:1.21)
[2026-05-28 14:30:11]  [行15] 解析成功: SZSE.300811 [铂力特] SELL @ 89.23 (VR:0.77)
[2026-05-28 14:30:11]  [行16] 解析成功: SZSE.300720 [海川智能] SELL @ 63.01 (VR:0.1)
[2026-05-28 14:30:11]  [行17] 解析成功: SZSE.300014 [亿纬锂能] SELL @ 65.79 (VR:0.45)
[2026-05-28 14:30:11] 成功保存 17 条因子至: signal_batch_20260528_143011_961790.txt
[2026-05-28 14:30:12]  QQ-主 邮件 3301 处理完成
[2026-05-28 14:30:12]  QQ-主 正在解析因子: =?utf-8?b?QWxwaGFQaWxvdCDlrp7ml7bkv6Hlj7cgKGFscGhhX3NpZ25hbF90aHJfMjAyNjA1MjhfMTQyOC5qc29uKSBb5Li7UVEt5a+55aSWXQ==?=
[2026-05-28 14:30:12]  发现表格，共 16 行数据
[2026-05-28 14:30:12]  动态索引映射: ['股票代码', '股票名称', '信号', '当前价格', '量比', '来源过滤']
[2026-05-28 14:30:12]  [行1] 解析成功: SZSE.002980 [华盛昌] BUY @ 114.21 (VR:0.59)
[2026-05-28 14:30:12]  [行2] 解析成功: SZSE.300672 [国科微] BUY @ 347.9 (VR:0.38)
[2026-05-28 14:30:12]  [行3] 解析成功: SZSE.300868 [杰美特] SELL @ 114.3 (VR:1.36)
[2026-05-28 14:30:12]  [行4] 解析成功: SZSE.300782 [卓胜微] BUY @ 117.61 (VR:0.68)
[2026-05-28 14:30:12]  [行5] 解析成功: SZSE.001309 [德利明] BUY @ 659.0 (VR:0.05)
[2026-05-28 14:30:12]  [行6] 解析成功: SZSE.300054 [鼎龙股份] SELL @ 74.1 (VR:0.18)
[2026-05-28 14:30:12]  [行7] 解析成功: SZSE.300953 [震裕科技] BUY @ 163.37 (VR:0.21)
[2026-05-28 14:30:12]  [行8] 解析成功: SZSE.300054 [鼎龙股份] SELL @ 74.12 (VR:0.77)
[2026-05-28 14:30:12]  [行9] 解析成功: SZSE.002980 [华盛昌] BUY @ 114.53 (VR:3.72)
[2026-05-28 14:30:12]  [行10] 解析成功: SZSE.300672 [国科微] BUY @ 348.95 (VR:0.03)
[2026-05-28 14:30:12]  [行11] 解析成功: SZSE.300868 [杰美特] SELL @ 114.29 (VR:0.01)
[2026-05-28 14:30:12]  [行12] 解析成功: SZSE.300782 [卓胜微] BUY @ 117.95 (VR:0.35)
[2026-05-28 14:30:12]  [行13] 解析成功: SZSE.001309 [德利明] BUY @ 659.97 (VR:0.27)
[2026-05-28 14:30:12]  [行14] 解析成功: SZSE.300054 [鼎龙股份] SELL @ 74.08 (VR:0.72)
[2026-05-28 14:30:12]  [行15] 解析成功: SZSE.300953 [震裕科技] BUY @ 163.64 (VR:0.04)
[2026-05-28 14:30:12]  [行16] 解析成功: SZSE.300054 [鼎龙股份] SELL @ 74.0 (VR:0.16)
[2026-05-28 14:30:12] 成功保存 16 条因子至: signal_batch_20260528_143012_901302.txt
[2026-05-28 14:30:13]  QQ-主 邮件 3303 处理完成
[2026-05-28 14:30:13]  QQ-主 本轮共成功处理 2 封有效信号邮件
[2026-05-28 14:30:13]  正在连接 QQ-备用 邮箱服务器 (shouqianbadavid@qq.com) ...
[2026-05-28 14:30:15]  QQ-备用 正在解析因子: =?utf-8?b?QWxwaGFQaWxvdCDlpIfku73kv6Hlj7cgKGFscGhhX3NpZ25hbF90aHJfMjAyNjA1MjhfMTQxMi5qc29uKSBb5aSHUVEt6Ieq5L+dXQ==?=
[2026-05-28 14:30:15]  发现表格，共 17 行数据
[2026-05-28 14:30:15]  动态索引映射: ['股票代码', '股票名称', '信号', '当前价格', '量比', '来源过滤']
[2026-05-28 14:30:15]  [行1] 解析成功: SHSE.601669 [中国电建] SELL @ 5.26 (VR:1.09)
[2026-05-28 14:30:15]  [行2] 解析成功: SZSE.301158 [万集科技] BUY @ 17.24 (VR:0.74)
[2026-05-28 14:30:15]  [行3] 解析成功: SZSE.300259 [新天科技] BUY @ 7.17 (VR:0.48)
[2026-05-28 14:30:15]  [行4] 解析成功: SZSE.301329 [信音电子] SELL @ 27.36 (VR:5.52)
[2026-05-28 14:30:15]  [行5] 解析成功: SZSE.300739 [明阳电路] SELL @ 38.66 (VR:0.33)
[2026-05-28 14:30:15]  [行6] 解析成功: SZSE.301171 [易点天下] BUY @ 38.9 (VR:0.21)
[2026-05-28 14:30:15]  [行7] 解析成功: SZSE.301226 [祥明智能] BUY @ 41.39 (VR:1.15)
[2026-05-28 14:30:15]  [行8] 解析成功: SZSE.300345 [华民股份] BUY @ 6.35 (VR:0.27)
[2026-05-28 14:30:15]  [行9] 解析成功: SHSE.601669 [中国电建] SELL @ 5.25 (VR:1.82)
[2026-05-28 14:30:15]  [行10] 解析成功: SZSE.301158 [万集科技] BUY @ 17.28 (VR:0.39)
[2026-05-28 14:30:15]  [行11] 解析成功: SZSE.300259 [新天科技] BUY @ 7.18 (VR:0.18)
[2026-05-28 14:30:15]  [行12] 解析成功: SZSE.301329 [信音电子] SELL @ 27.31 (VR:1.39)
[2026-05-28 14:30:15]  [行13] 解析成功: SZSE.300739 [明阳电路] SELL @ 38.53 (VR:0.96)
[2026-05-28 14:30:15]  [行14] 解析成功: SZSE.301171 [易点天下] BUY @ 38.96 (VR:0.5)
[2026-05-28 14:30:15]  [行15] 解析成功: SZSE.300195 [长荣股份] SELL @ 6.15 (VR:0.97)
[2026-05-28 14:30:15]  [行16] 解析成功: SZSE.301226 [祥明智能] BUY @ 41.4 (VR:1.83)
[2026-05-28 14:30:15]  [行17] 解析成功: SZSE.300345 [华民股份] BUY @ 6.37 (VR:0.46)
[2026-05-28 14:30:15] 成功保存 17 条因子至: signal_batch_20260528_143015_147594.txt
[2026-05-28 14:30:15]  QQ-备用 邮件 1152 处理完成
[2026-05-28 14:30:16]  QQ-备用 正在解析因子: =?utf-8?b?QWxwaGFQaWxvdCDlpIfku73kv6Hlj7cgKGFscGhhX3NpZ25hbF90aHJfMjAyNjA1MjhfMTQxNy5qc29uKSBb5aSHUVEt6Ieq5L+dXQ==?=
[2026-05-28 14:30:16]  发现表格，共 17 行数据
[2026-05-28 14:30:16]  动态索引映射: ['股票代码', '股票名称', '信号', '当前价格', '量比', '来源过滤']
[2026-05-28 14:30:16]  [行1] 解析成功: SHSE.600353 [旭光电子] SELL @ 23.75 (VR:0.84)
[2026-05-28 14:30:16]  [行2] 解析成功: SHSE.601138 [工业富联] SELL @ 75.04 (VR:0.31)
[2026-05-28 14:30:16]  [行3] 解析成功: SZSE.300868 [绿盟科技] SELL @ 113.49 (VR:0.34)
[2026-05-28 14:30:16]  [行4] 解析成功: SZSE.300565 [科信技术] SELL @ 13.77 (VR:0.75)
[2026-05-28 14:30:16]  [行5] 解析成功: SZSE.300626 [华测导航] BUY @ 36.88 (VR:1.22)
[2026-05-28 14:30:16]  [行6] 解析成功: SZSE.301361 [新洁能源] SELL @ 39.18 (VR:0.05)
[2026-05-28 14:30:16]  [行7] 解析成功: SZSE.300811 [铂力特] SELL @ 89.39 (VR:0.15)
[2026-05-28 14:30:16]  [行8] 解析成功: SZSE.300720 [海川智能] SELL @ 63.16 (VR:0.12)
[2026-05-28 14:30:16]  [行9] 解析成功: SZSE.300014 [亿纬锂能] SELL @ 65.78 (VR:0.01)
[2026-05-28 14:30:16]  [行10] 解析成功: SHSE.600353 [旭光电子] SELL @ 23.7 (VR:0.0)
[2026-05-28 14:30:16]  [行11] 解析成功: SHSE.601138 [工业富联] SELL @ 74.89 (VR:0.42)
[2026-05-28 14:30:16]  [行12] 解析成功: SZSE.300868 [绿盟科技] SELL @ 113.38 (VR:0.65)
[2026-05-28 14:30:16]  [行13] 解析成功: SZSE.300565 [科信技术] SELL @ 13.75 (VR:0.96)
[2026-05-28 14:30:16]  [行14] 解析成功: SZSE.300626 [华测导航] BUY @ 36.95 (VR:1.21)
[2026-05-28 14:30:16]  [行15] 解析成功: SZSE.300811 [铂力特] SELL @ 89.23 (VR:0.77)
[2026-05-28 14:30:16]  [行16] 解析成功: SZSE.300720 [海川智能] SELL @ 63.01 (VR:0.1)
[2026-05-28 14:30:16]  [行17] 解析成功: SZSE.300014 [亿纬锂能] SELL @ 65.79 (VR:0.45)
[2026-05-28 14:30:16] 成功保存 17 条因子至: signal_batch_20260528_143016_082424.txt
[2026-05-28 14:30:16]  QQ-备用 邮件 1153 处理完成
[2026-05-28 14:30:16]  QQ-备用 正在解析因子: =?utf-8?b?QWxwaGFQaWxvdCDlpIfku73kv6Hlj7cgKGFscGhhX3NpZ25hbF90aHJfMjAyNjA1MjhfMTQyMi5qc29uKSBb5aSHUVEt6Ieq5L+dXQ==?=
[2026-05-28 14:30:16]  发现表格，共 11 行数据
[2026-05-28 14:30:16]  动态索引映射: ['股票代码', '股票名称', '信号', '当前价格', '量比', '来源过滤']
[2026-05-28 14:30:16]  [行1] 解析成功: SHSE.688700 [东威科技] SELL @ 88.96 (VR:0.04)
[2026-05-28 14:30:16]  [行2] 解析成功: SZSE.003035 [南网能源] SELL @ 7.24 (VR:0.47)
[2026-05-28 14:30:16]  [行3] 解析成功: SZSE.300037 [新宙邦] BUY @ 80.25 (VR:1.54)
[2026-05-28 14:30:16]  [行4] 解析成功: SZSE.301419 [瑞可达] SELL @ 39.16 (VR:0.74)
[2026-05-28 14:30:16]  [行5] 解析成功: SZSE.301071 [力量钻石] BUY @ 82.93 (VR:0.41)
[2026-05-28 14:30:16]  [行6] 解析成功: SZSE.301389 [隆扬电子] SELL @ 91.15 (VR:0.27)
[2026-05-28 14:30:16]  [行7] 解析成功: SHSE.688700 [东威科技] SELL @ 88.63 (VR:1.05)
[2026-05-28 14:30:16]  [行8] 解析成功: SZSE.300763 [锦浪科技] SELL @ 120.39 (VR:0.0)
[2026-05-28 14:30:16]  [行9] 解析成功: SZSE.300037 [新宙邦] BUY @ 80.3 (VR:0.74)
[2026-05-28 14:30:16]  [行10] 解析成功: SZSE.301071 [力量钻石] BUY @ 82.96 (VR:0.51)
[2026-05-28 14:30:16]  [行11] 解析成功: SZSE.301389 [隆扬电子] SELL @ 90.89 (VR:0.19)
[2026-05-28 14:30:16] 成功保存 11 条因子至: signal_batch_20260528_143016_646850.txt
[2026-05-28 14:30:16]  QQ-备用 邮件 1154 处理完成
[2026-05-28 14:30:17]  QQ-备用 正在解析因子: =?utf-8?b?QWxwaGFQaWxvdCDlpIfku73kv6Hlj7cgKGFscGhhX3NpZ25hbF90aHJfMjAyNjA1MjhfMTQyOC5qc29uKSBb5aSHUVEt6Ieq5L+dXQ==?=
[2026-05-28 14:30:17]  发现表格，共 16 行数据
[2026-05-28 14:30:17]  动态索引映射: ['股票代码', '股票名称', '信号', '当前价格', '量比', '来源过滤']
[2026-05-28 14:30:17]  [行1] 解析成功: SZSE.002980 [华盛昌] BUY @ 114.21 (VR:0.59)
[2026-05-28 14:30:17]  [行2] 解析成功: SZSE.300672 [国科微] BUY @ 347.9 (VR:0.38)
[2026-05-28 14:30:17]  [行3] 解析成功: SZSE.300868 [杰美特] SELL @ 114.3 (VR:1.36)
[2026-05-28 14:30:17]  [行4] 解析成功: SZSE.300782 [卓胜微] BUY @ 117.61 (VR:0.68)
[2026-05-28 14:30:17]  [行5] 解析成功: SZSE.001309 [德利明] BUY @ 659.0 (VR:0.05)
[2026-05-28 14:30:17]  [行6] 解析成功: SZSE.300054 [鼎龙股份] SELL @ 74.1 (VR:0.18)
[2026-05-28 14:30:17]  [行7] 解析成功: SZSE.300953 [震裕科技] BUY @ 163.37 (VR:0.21)
[2026-05-28 14:30:17]  [行8] 解析成功: SZSE.300054 [鼎龙股份] SELL @ 74.12 (VR:0.77)
[2026-05-28 14:30:17]  [行9] 解析成功: SZSE.002980 [华盛昌] BUY @ 114.53 (VR:3.72)
[2026-05-28 14:30:17]  [行10] 解析成功: SZSE.300672 [国科微] BUY @ 348.95 (VR:0.03)
[2026-05-28 14:30:17]  [行11] 解析成功: SZSE.300868 [杰美特] SELL @ 114.29 (VR:0.01)
[2026-05-28 14:30:17]  [行12] 解析成功: SZSE.300782 [卓胜微] BUY @ 117.95 (VR:0.35)
[2026-05-28 14:30:17]  [行13] 解析成功: SZSE.001309 [德利明] BUY @ 659.97 (VR:0.27)
[2026-05-28 14:30:17]  [行14] 解析成功: SZSE.300054 [鼎龙股份] SELL @ 74.08 (VR:0.72)
[2026-05-28 14:30:17]  [行15] 解析成功: SZSE.300953 [震裕科技] BUY @ 163.64 (VR:0.04)
[2026-05-28 14:30:17]  [行16] 解析成功: SZSE.300054 [鼎龙股份] SELL @ 74.0 (VR:0.16)
[2026-05-28 14:30:17] 成功保存 16 条因子至: signal_batch_20260528_143017_259421.txt
[2026-05-28 14:30:17]  QQ-备用 邮件 1155 处理完成
[2026-05-28 14:30:17]  QQ-备用 本轮共成功处理 4 封有效信号邮件
[2026-05-28 14:30:52]  正在连接 QQ-主 邮箱服务器 (497720537@qq.com) ...
[2026-05-28 14:30:53]  正在连接 QQ-备用 邮箱服务器 (shouqianbadavid@qq.com) ...
[2026-05-28 14:31:29]  正在连接 QQ-主 邮箱服务器 (497720537@qq.com) ...
[2026-05-28 14:31:30]  正在连接 QQ-备用 邮箱服务器 (shouqianbadavid@qq.com) ...
[2026-05-28 14:32:06]  正在连接 QQ-主 邮箱服务器 (497720537@qq.com) ...
[2026-05-28 14:32:06]  正在连接 QQ-备用 邮箱服务器 (shouqianbadavid@qq.com) ...
[2026-05-28 14:32:42]  正在连接 QQ-主 邮箱服务器 (497720537@qq.com) ...
[2026-05-28 14:32:43]  正在连接 QQ-备用 邮箱服务器 (shouqianbadavid@qq.com) ...
[2026-05-28 14:33:18]  正在连接 QQ-主 邮箱服务器 (497720537@qq.com) ...
[2026-05-28 14:33:19]  正在连接 QQ-备用 邮箱服务器 (shouqianbadavid@qq.com) ...
[2026-05-28 14:33:55]  正在连接 QQ-主 邮箱服务器 (497720537@qq.com) ...
[2026-05-28 14:33:56]  正在连接 QQ-备用 邮箱服务器 (shouqianbadavid@qq.com) ...
[2026-05-28 14:34:31]  正在连接 QQ-主 邮箱服务器 (497720537@qq.com) ...
[2026-05-28 14:34:32]  正在连接 QQ-备用 邮箱服务器 (shouqianbadavid@qq.com) ...
[2026-05-28 14:34:33]  QQ-备用 正在解析因子: =?utf-8?b?QWxwaGFQaWxvdCDlpIfku73kv6Hlj7cgKGFscGhhX3NpZ25hbF90aHJfMjAyNjA1MjhfMTQzMy5qc29uKSBb5aSHUVEt6Ieq5L+dXQ==?=
[2026-05-28 14:34:33]  发现表格，共 16 行数据
[2026-05-28 14:34:33]  动态索引映射: ['股票代码', '股票名称', '信号', '当前价格', '量比', '来源过滤']
[2026-05-28 14:34:33]  [行1] 解析成功: SZSE.300308 [中际旭创] BUY @ 1192.99 (VR:1.02)
[2026-05-28 14:34:33]  [行2] 解析成功: SZSE.300433 [蓝思科技] BUY @ 40.65 (VR:0.08)
[2026-05-28 14:34:33]  [行3] 解析成功: SZSE.300921 [南凌科技] SELL @ 28.22 (VR:0.11)
[2026-05-28 14:34:33]  [行4] 解析成功: SZSE.300054 [鼎龙股份] BUY @ 73.8 (VR:0.35)
[2026-05-28 14:34:33]  [行5] 解析成功: SZSE.300936 [中英科技] BUY @ 99.09 (VR:0.43)
[2026-05-28 14:34:33]  [行6] 解析成功: SZSE.002828 [贝肯能源] BUY @ 9.65 (VR:0.05)
[2026-05-28 14:34:33]  [行7] 解析成功: SZSE.300048 [合康新能] SELL @ 5.98 (VR:0.01)
[2026-05-28 14:34:33]  [行8] 解析成功: SZSE.000338 [潍柴动力] BUY @ 35.36 (VR:0.12)
[2026-05-28 14:34:33]  [行9] 解析成功: SZSE.300433 [蓝思科技] BUY @ 40.83 (VR:0.13)
[2026-05-28 14:34:33]  [行10] 解析成功: SZSE.300921 [南凌科技] SELL @ 28.21 (VR:0.27)
[2026-05-28 14:34:33]  [行11] 解析成功: SZSE.300054 [鼎龙股份] BUY @ 73.82 (VR:0.64)
[2026-05-28 14:34:33]  [行12] 解析成功: SZSE.300936 [中英科技] BUY @ 99.33 (VR:0.39)
[2026-05-28 14:34:33]  [行13] 解析成功: SZSE.002828 [贝肯能源] BUY @ 9.66 (VR:0.19)
[2026-05-28 14:34:33]  [行14] 解析成功: SZSE.001258 [立新能源] SELL @ 10.29 (VR:0.06)
[2026-05-28 14:34:33]  [行15] 解析成功: SZSE.002364 [中恒电器] SELL @ 58.46 (VR:0.22)
[2026-05-28 14:34:33]  [行16] 解析成功: SZSE.000338 [潍柴动力] BUY @ 35.42 (VR:1.09)
[2026-05-28 14:34:33] 成功保存 16 条因子至: signal_batch_20260528_143433_499989.txt
[2026-05-28 14:34:33]  QQ-备用 邮件 1156 处理完成
[2026-05-28 14:34:33]  QQ-备用 本轮共成功处理 1 封有效信号邮件
[2026-05-28 14:35:08]  正在连接 QQ-主 邮箱服务器 (497720537@qq.com) ...
[2026-05-28 14:35:09]  正在连接 QQ-备用 邮箱服务器 (shouqianbadavid@qq.com) ...
[2026-05-28 14:35:45]  正在连接 QQ-主 邮箱服务器 (497720537@qq.com) ...
[2026-05-28 14:35:46]  正在连接 QQ-备用 邮箱服务器 (shouqianbadavid@qq.com) ...
[2026-05-28 14:36:22]  正在连接 QQ-主 邮箱服务器 (497720537@qq.com) ...
[2026-05-28 14:36:23]  正在连接 QQ-备用 邮箱服务器 (shouqianbadavid@qq.com) ...
[2026-05-28 14:36:58]  正在连接 QQ-主 邮箱服务器 (497720537@qq.com) ...
[2026-05-28 14:36:59]  正在连接 QQ-备用 邮箱服务器 (shouqianbadavid@qq.com) ...
[2026-05-28 14:37:35]  正在连接 QQ-主 邮箱服务器 (497720537@qq.com) ...
[2026-05-28 14:37:35]  QQ-主 正在解析因子: =?utf-8?b?QWxwaGFQaWxvdCDlrp7ml7bkv6Hlj7cgKGFscGhhX3NpZ25hbF90aHJfMjAyNjA1MjhfMTQzNy5qc29uKSBb5Li7UVEt5a+55aSWXQ==?=
[2026-05-28 14:37:35]  发现表格，共 10 行数据
[2026-05-28 14:37:35]  动态索引映射: ['股票代码', '股票名称', '信号', '当前价格', '量比', '来源过滤']
[2026-05-28 14:37:35]  [行1] 解析成功: SZSE.000685 [中山公用] BUY @ 11.43 (VR:0.04)
[2026-05-28 14:37:35]  [行2] 解析成功: SZSE.301158 [万集科技] BUY @ 17.18 (VR:0.19)
[2026-05-28 14:37:35]  [行3] 解析成功: SZSE.300259 [新天科技] SELL @ 7.02 (VR:0.41)
[2026-05-28 14:37:35]  [行4] 解析成功: SZSE.301329 [信音电子] BUY @ 27.4 (VR:1.01)
[2026-05-28 14:37:35]  [行5] 解析成功: SZSE.301171 [易点天下] SELL @ 38.99 (VR:0.79)
[2026-05-28 14:37:35]  [行6] 解析成功: SZSE.000685 [中山公用] BUY @ 11.44 (VR:0.14)
[2026-05-28 14:37:35]  [行7] 解析成功: SZSE.301158 [万集科技] BUY @ 17.19 (VR:1.01)
[2026-05-28 14:37:35]  [行8] 解析成功: SZSE.300259 [新天科技] SELL @ 7.01 (VR:2.01)
[2026-05-28 14:37:35]  [行9] 解析成功: SZSE.301329 [信音电子] BUY @ 27.44 (VR:0.32)
[2026-05-28 14:37:35]  [行10] 解析成功: SZSE.301171 [易点天下] SELL @ 38.9 (VR:0.42)
[2026-05-28 14:37:35] 成功保存 10 条因子至: signal_batch_20260528_143735_862455.txt
[2026-05-28 14:37:36]  QQ-主 邮件 3305 处理完成
[2026-05-28 14:37:36]  QQ-主 本轮共成功处理 1 封有效信号邮件
[2026-05-28 14:37:36]  正在连接 QQ-备用 邮箱服务器 (shouqianbadavid@qq.com) ...
[2026-05-28 14:38:11]  正在连接 QQ-主 邮箱服务器 (497720537@qq.com) ...
[2026-05-28 14:38:13]  正在连接 QQ-备用 邮箱服务器 (shouqianbadavid@qq.com) ...
[2026-05-28 14:38:14]  QQ-备用 正在解析因子: =?utf-8?b?QWxwaGFQaWxvdCDlpIfku73kv6Hlj7cgKGFscGhhX3NpZ25hbF90aHJfMjAyNjA1MjhfMTQzNy5qc29uKSBb5aSHUVEt6Ieq5L+dXQ==?=
[2026-05-28 14:38:14]  发现表格，共 10 行数据
[2026-05-28 14:38:14]  动态索引映射: ['股票代码', '股票名称', '信号', '当前价格', '量比', '来源过滤']
[2026-05-28 14:38:14]  [行1] 解析成功: SZSE.000685 [中山公用] BUY @ 11.43 (VR:0.04)
[2026-05-28 14:38:14]  [行2] 解析成功: SZSE.301158 [万集科技] BUY @ 17.18 (VR:0.19)
[2026-05-28 14:38:14]  [行3] 解析成功: SZSE.300259 [新天科技] SELL @ 7.02 (VR:0.41)
[2026-05-28 14:38:14]  [行4] 解析成功: SZSE.301329 [信音电子] BUY @ 27.4 (VR:1.01)
[2026-05-28 14:38:14]  [行5] 解析成功: SZSE.301171 [易点天下] SELL @ 38.99 (VR:0.79)
[2026-05-28 14:38:14]  [行6] 解析成功: SZSE.000685 [中山公用] BUY @ 11.44 (VR:0.14)
[2026-05-28 14:38:14]  [行7] 解析成功: SZSE.301158 [万集科技] BUY @ 17.19 (VR:1.01)
[2026-05-28 14:38:14]  [行8] 解析成功: SZSE.300259 [新天科技] SELL @ 7.01 (VR:2.01)
[2026-05-28 14:38:14]  [行9] 解析成功: SZSE.301329 [信音电子] BUY @ 27.44 (VR:0.32)
[2026-05-28 14:38:14]  [行10] 解析成功: SZSE.301171 [易点天下] SELL @ 38.9 (VR:0.42)
[2026-05-28 14:38:14] 成功保存 10 条因子至: signal_batch_20260528_143814_259585.txt
[2026-05-28 14:38:14]  QQ-备用 邮件 1157 处理完成
[2026-05-28 14:38:14]  QQ-备用 本轮共成功处理 1 封有效信号邮件
[2026-05-28 14:38:49]  正在连接 QQ-主 邮箱服务器 (497720537@qq.com) ...
[2026-05-28 14:38:50]  正在连接 QQ-备用 邮箱服务器 (shouqianbadavid@qq.com) ...
[2026-05-28 14:39:25]  正在连接 QQ-主 邮箱服务器 (497720537@qq.com) ...
[2026-05-28 14:39:26]  正在连接 QQ-备用 邮箱服务器 (shouqianbadavid@qq.com) ...
[2026-05-28 14:40:02]  正在连接 QQ-主 邮箱服务器 (497720537@qq.com) ...
[2026-05-28 14:40:03]  正在连接 QQ-备用 邮箱服务器 (shouqianbadavid@qq.com) ...
[2026-05-28 14:40:38]  正在连接 QQ-主 邮箱服务器 (497720537@qq.com) ...
[2026-05-28 14:40:39]  正在连接 QQ-备用 邮箱服务器 (shouqianbadavid@qq.com) ...
[2026-05-28 14:40:40]  QQ-备用 正在解析因子: =?utf-8?b?QWxwaGFQaWxvdCDlpIfku73kv6Hlj7cgKGFscGhhX3NpZ25hbF90aHJfMjAyNjA1MjhfMTQ0MC5qc29uKSBb5aSHUVEt6Ieq5L+dXQ==?=
[2026-05-28 14:40:40]  发现表格，共 8 行数据
[2026-05-28 14:40:40]  动态索引映射: ['股票代码', '股票名称', '信号', '当前价格', '量比', '来源过滤']
[2026-05-28 14:40:40]  [行1] 解析成功: SHSE.601138 [工业富联] SELL @ 75.5 (VR:0.52)
[2026-05-28 14:40:40]  [行2] 解析成功: SZSE.300565 [科信技术] SELL @ 13.69 (VR:1.31)
[2026-05-28 14:40:40]  [行3] 解析成功: SZSE.300811 [铂力特] SELL @ 89.72 (VR:0.55)
[2026-05-28 14:40:40]  [行4] 解析成功: SZSE.300142 [沃森生物] SELL @ 13.29 (VR:0.21)
[2026-05-28 14:40:40]  [行5] 解析成功: SHSE.601138 [工业富联] SELL @ 75.31 (VR:1.16)
[2026-05-28 14:40:40]  [行6] 解析成功: SZSE.300565 [科信技术] SELL @ 13.67 (VR:0.71)
[2026-05-28 14:40:40]  [行7] 解析成功: SZSE.300811 [铂力特] SELL @ 89.56 (VR:0.27)
[2026-05-28 14:40:40]  [行8] 解析成功: SZSE.300142 [沃森生物] SELL @ 13.28 (VR:0.1)
[2026-05-28 14:40:41] 成功保存 8 条因子至: signal_batch_20260528_144040_999889.txt
[2026-05-28 14:40:41]  QQ-备用 邮件 1158 处理完成
[2026-05-28 14:40:41]  QQ-备用 本轮共成功处理 1 封有效信号邮件
[2026-05-28 14:41:16]  正在连接 QQ-主 邮箱服务器 (497720537@qq.com) ...
[2026-05-28 14:41:17]  正在连接 QQ-备用 邮箱服务器 (shouqianbadavid@qq.com) ...
[2026-05-28 14:41:53]  正在连接 QQ-主 邮箱服务器 (497720537@qq.com) ...
[2026-05-28 14:41:53]  正在连接 QQ-备用 邮箱服务器 (shouqianbadavid@qq.com) ...
[2026-05-28 14:42:29]  正在连接 QQ-主 邮箱服务器 (497720537@qq.com) ...
[2026-05-28 14:42:30]  正在连接 QQ-备用 邮箱服务器 (shouqianbadavid@qq.com) ...
[2026-05-28 14:43:06]  正在连接 QQ-主 邮箱服务器 (497720537@qq.com) ...
[2026-05-28 14:43:07]  正在连接 QQ-备用 邮箱服务器 (shouqianbadavid@qq.com) ...
[2026-05-28 14:43:43]  正在连接 QQ-主 邮箱服务器 (497720537@qq.com) ...
[2026-05-28 14:43:43]  正在连接 QQ-备用 邮箱服务器 (shouqianbadavid@qq.com) ...
[2026-05-28 14:44:19]  正在连接 QQ-主 邮箱服务器 (497720537@qq.com) ...
[2026-05-28 14:44:20]  正在连接 QQ-备用 邮箱服务器 (shouqianbadavid@qq.com) ...
[2026-05-28 14:44:55]  正在连接 QQ-主 邮箱服务器 (497720537@qq.com) ...
[2026-05-28 14:44:56]  QQ-主 正在解析因子: =?utf-8?b?QWxwaGFQaWxvdCDlrp7ml7bkv6Hlj7cgKGFscGhhX3NpZ25hbF90aHJfMjAyNjA1MjhfMTQ0NC5qc29uKSBb5Li7UVEt5a+55aSWXQ==?=
[2026-05-28 14:44:56]  发现表格，共 2 行数据
[2026-05-28 14:44:56]  动态索引映射: ['股票代码', '股票名称', '信号', '当前价格', '量比', '来源过滤']
[2026-05-28 14:44:56]  [行1] 解析成功: SZSE.301389 [隆扬电子] SELL @ 91.48 (VR:0.36)
[2026-05-28 14:44:56]  [行2] 解析成功: SZSE.301389 [隆扬电子] SELL @ 91.28 (VR:0.02)
[2026-05-28 14:44:56] 成功保存 2 条因子至: signal_batch_20260528_144456_705183.txt
[2026-05-28 14:44:56]  QQ-主 邮件 3307 处理完成
[2026-05-28 14:44:56]  QQ-主 本轮共成功处理 1 封有效信号邮件
[2026-05-28 14:44:57]  正在连接 QQ-备用 邮箱服务器 (shouqianbadavid@qq.com) ...
[2026-05-28 14:45:32]  正在连接 QQ-主 邮箱服务器 (497720537@qq.com) ...
[2026-05-28 14:45:33]  正在连接 QQ-备用 邮箱服务器 (shouqianbadavid@qq.com) ...
[2026-05-28 14:45:34]  QQ-备用 正在解析因子: =?utf-8?b?QWxwaGFQaWxvdCDlpIfku73kv6Hlj7cgKGFscGhhX3NpZ25hbF90aHJfMjAyNjA1MjhfMTQ0NC5qc29uKSBb5aSHUVEt6Ieq5L+dXQ==?=
[2026-05-28 14:45:34]  发现表格，共 2 行数据
[2026-05-28 14:45:34]  动态索引映射: ['股票代码', '股票名称', '信号', '当前价格', '量比', '来源过滤']
[2026-05-28 14:45:34]  [行1] 解析成功: SZSE.301389 [隆扬电子] SELL @ 91.48 (VR:0.36)
[2026-05-28 14:45:34]  [行2] 解析成功: SZSE.301389 [隆扬电子] SELL @ 91.28 (VR:0.02)
[2026-05-28 14:45:34] 成功保存 2 条因子至: signal_batch_20260528_144534_990159.txt
[2026-05-28 14:45:35]  QQ-备用 邮件 1159 处理完成
[2026-05-28 14:45:35]  QQ-备用 本轮共成功处理 1 封有效信号邮件
[2026-05-28 14:46:10]  正在连接 QQ-主 邮箱服务器 (497720537@qq.com) ...
[2026-05-28 14:46:11]  正在连接 QQ-备用 邮箱服务器 (shouqianbadavid@qq.com) ...
[2026-05-28 14:46:46]  正在连接 QQ-主 邮箱服务器 (497720537@qq.com) ...
[2026-05-28 14:46:47]  正在连接 QQ-备用 邮箱服务器 (shouqianbadavid@qq.com) ...
[2026-05-28 14:47:23]  正在连接 QQ-主 邮箱服务器 (497720537@qq.com) ...
[2026-05-28 14:47:24]  QQ-主 正在解析因子: =?utf-8?b?QWxwaGFQaWxvdCDlrp7ml7bkv6Hlj7cgKGFscGhhX3NpZ25hbF90aHJfMjAyNjA1MjhfMTQ0Ny5qc29uKSBb5Li7UVEt5a+55aSWXQ==?=
[2026-05-28 14:47:24]  发现表格，共 14 行数据
[2026-05-28 14:47:24]  动态索引映射: ['股票代码', '股票名称', '信号', '当前价格', '量比', '来源过滤']
[2026-05-28 14:47:24]  [行1] 解析成功: SZSE.301220 [亚香股份] SELL @ 37.53 (VR:0.32)
[2026-05-28 14:47:24]  [行2] 解析成功: SZSE.300672 [国科微] SELL @ 347.49 (VR:0.21)
[2026-05-28 14:47:24]  [行3] 解析成功: SZSE.300782 [卓胜微] BUY @ 116.55 (VR:0.64)
[2026-05-28 14:47:24]  [行4] 解析成功: SZSE.001309 [德利明] SELL @ 657.15 (VR:0.01)
[2026-05-28 14:47:24]  [行5] 解析成功: SZSE.300054 [鼎龙股份] SELL @ 74.03 (VR:0.16)
[2026-05-28 14:47:24]  [行6] 解析成功: SZSE.300953 [震裕科技] BUY @ 163.99 (VR:0.48)
[2026-05-28 14:47:24]  [行7] 解析成功: SZSE.300054 [鼎龙股份] SELL @ 74.0 (VR:0.58)
[2026-05-28 14:47:24]  [行8] 解析成功: SZSE.301220 [亚香股份] SELL @ 37.47 (VR:0.1)
[2026-05-28 14:47:24]  [行9] 解析成功: SZSE.300672 [国科微] SELL @ 347.31 (VR:0.01)
[2026-05-28 14:47:24]  [行10] 解析成功: SZSE.300782 [卓胜微] BUY @ 116.69 (VR:0.03)
[2026-05-28 14:47:24]  [行11] 解析成功: SZSE.001309 [德利明] SELL @ 656.94 (VR:0.24)
[2026-05-28 14:47:24]  [行12] 解析成功: SZSE.300054 [鼎龙股份] SELL @ 73.99 (VR:0.66)
[2026-05-28 14:47:24]  [行13] 解析成功: SZSE.300953 [震裕科技] BUY @ 164.02 (VR:1.02)
[2026-05-28 14:47:24]  [行14] 解析成功: SZSE.300054 [鼎龙股份] SELL @ 73.98 (VR:0.01)
[2026-05-28 14:47:24] 成功保存 14 条因子至: signal_batch_20260528_144724_075108.txt
[2026-05-28 14:47:24]  QQ-主 邮件 3308 处理完成
[2026-05-28 14:47:24]  QQ-主 本轮共成功处理 1 封有效信号邮件
[2026-05-28 14:47:24]  正在连接 QQ-备用 邮箱服务器 (shouqianbadavid@qq.com) ...
[2026-05-28 14:48:00]  正在连接 QQ-主 邮箱服务器 (497720537@qq.com) ...
[2026-05-28 14:48:01]  正在连接 QQ-备用 邮箱服务器 (shouqianbadavid@qq.com) ...
[2026-05-28 14:48:02]  QQ-备用 正在解析因子: =?utf-8?b?QWxwaGFQaWxvdCDlpIfku73kv6Hlj7cgKGFscGhhX3NpZ25hbF90aHJfMjAyNjA1MjhfMTQ0Ny5qc29uKSBb5aSHUVEt6Ieq5L+dXQ==?=
[2026-05-28 14:48:02]  发现表格，共 14 行数据
[2026-05-28 14:48:02]  动态索引映射: ['股票代码', '股票名称', '信号', '当前价格', '量比', '来源过滤']
[2026-05-28 14:48:02]  [行1] 解析成功: SZSE.301220 [亚香股份] SELL @ 37.53 (VR:0.32)
[2026-05-28 14:48:02]  [行2] 解析成功: SZSE.300672 [国科微] SELL @ 347.49 (VR:0.21)
[2026-05-28 14:48:02]  [行3] 解析成功: SZSE.300782 [卓胜微] BUY @ 116.55 (VR:0.64)
[2026-05-28 14:48:02]  [行4] 解析成功: SZSE.001309 [德利明] SELL @ 657.15 (VR:0.01)
[2026-05-28 14:48:02]  [行5] 解析成功: SZSE.300054 [鼎龙股份] SELL @ 74.03 (VR:0.16)
[2026-05-28 14:48:02]  [行6] 解析成功: SZSE.300953 [震裕科技] BUY @ 163.99 (VR:0.48)
[2026-05-28 14:48:02]  [行7] 解析成功: SZSE.300054 [鼎龙股份] SELL @ 74.0 (VR:0.58)
[2026-05-28 14:48:02]  [行8] 解析成功: SZSE.301220 [亚香股份] SELL @ 37.47 (VR:0.1)
[2026-05-28 14:48:02]  [行9] 解析成功: SZSE.300672 [国科微] SELL @ 347.31 (VR:0.01)
[2026-05-28 14:48:02]  [行10] 解析成功: SZSE.300782 [卓胜微] BUY @ 116.69 (VR:0.03)
[2026-05-28 14:48:02]  [行11] 解析成功: SZSE.001309 [德利明] SELL @ 656.94 (VR:0.24)
[2026-05-28 14:48:02]  [行12] 解析成功: SZSE.300054 [鼎龙股份] SELL @ 73.99 (VR:0.66)
[2026-05-28 14:48:02]  [行13] 解析成功: SZSE.300953 [震裕科技] BUY @ 164.02 (VR:1.02)
[2026-05-28 14:48:02]  [行14] 解析成功: SZSE.300054 [鼎龙股份] SELL @ 73.98 (VR:0.01)
[2026-05-28 14:48:02] 成功保存 14 条因子至: signal_batch_20260528_144802_163790.txt
[2026-05-28 14:48:02]  QQ-备用 邮件 1160 处理完成
[2026-05-28 14:48:02]  QQ-备用 本轮共成功处理 1 封有效信号邮件
[2026-05-28 14:48:37]  正在连接 QQ-主 邮箱服务器 (497720537@qq.com) ...
[2026-05-28 14:48:38]  正在连接 QQ-备用 邮箱服务器 (shouqianbadavid@qq.com) ...
[2026-05-28 14:49:14]  正在连接 QQ-主 邮箱服务器 (497720537@qq.com) ...
[2026-05-28 14:49:15]  正在连接 QQ-备用 邮箱服务器 (shouqianbadavid@qq.com) ...
[2026-05-28 14:49:50]  正在连接 QQ-主 邮箱服务器 (497720537@qq.com) ...
[2026-05-28 14:49:51]  正在连接 QQ-备用 邮箱服务器 (shouqianbadavid@qq.com) ...
[2026-05-28 14:50:27]  正在连接 QQ-主 邮箱服务器 (497720537@qq.com) ...
[2026-05-28 14:50:28]  正在连接 QQ-备用 邮箱服务器 (shouqianbadavid@qq.com) ...
[2026-05-28 14:51:03]  正在连接 QQ-主 邮箱服务器 (497720537@qq.com) ...
[2026-05-28 14:51:04]  QQ-主 正在解析因子: =?utf-8?b?QWxwaGFQaWxvdCDlrp7ml7bkv6Hlj7cgKGFscGhhX3NpZ25hbF90aHJfMjAyNjA1MjhfMTQ1MC5qc29uKSBb5Li7UVEt5a+55aSWXQ==?=
[2026-05-28 14:51:04]  发现表格，共 12 行数据
[2026-05-28 14:51:04]  动态索引映射: ['股票代码', '股票名称', '信号', '当前价格', '量比', '来源过滤']
[2026-05-28 14:51:04]  [行1] 解析成功: SHSE.688392 [娇成超声] SELL @ 156.48 (VR:0.6)
[2026-05-28 14:51:04]  [行2] 解析成功: SZSE.300308 [中际旭创] SELL @ 1198.96 (VR:2.18)
[2026-05-28 14:51:04]  [行3] 解析成功: SZSE.300433 [蓝思科技] SELL @ 40.42 (VR:0.04)
[2026-05-28 14:51:04]  [行4] 解析成功: SZSE.300054 [鼎龙股份] BUY @ 74.0 (VR:0.01)
[2026-05-28 14:51:04]  [行5] 解析成功: SZSE.000407 [胜利股份] SELL @ 4.23 (VR:0.68)
[2026-05-28 14:51:04]  [行6] 解析成功: SZSE.001258 [立新能源] BUY @ 10.28 (VR:0.15)
[2026-05-28 14:51:04]  [行7] 解析成功: SHSE.688392 [娇成超声] SELL @ 156.46 (VR:0.04)
[2026-05-28 14:51:04]  [行8] 解析成功: SZSE.300308 [中际旭创] SELL @ 1196.62 (VR:0.77)
[2026-05-28 14:51:04]  [行9] 解析成功: SZSE.300433 [蓝思科技] SELL @ 40.33 (VR:0.51)
[2026-05-28 14:51:04]  [行10] 解析成功: SZSE.300054 [鼎龙股份] BUY @ 74.09 (VR:0.2)
[2026-05-28 14:51:04]  [行11] 解析成功: SZSE.000407 [胜利股份] SELL @ 4.22 (VR:0.16)
[2026-05-28 14:51:04]  [行12] 解析成功: SZSE.001258 [立新能源] BUY @ 10.29 (VR:0.1)
[2026-05-28 14:51:04] 成功保存 12 条因子至: signal_batch_20260528_145104_392246.txt
[2026-05-28 14:51:04]  QQ-主 邮件 3309 处理完成
[2026-05-28 14:51:04]  QQ-主 本轮共成功处理 1 封有效信号邮件
[2026-05-28 14:51:04]  正在连接 QQ-备用 邮箱服务器 (shouqianbadavid@qq.com) ...
[2026-05-28 14:51:40]  正在连接 QQ-主 邮箱服务器 (497720537@qq.com) ...
[2026-05-28 14:51:41]  正在连接 QQ-备用 邮箱服务器 (shouqianbadavid@qq.com) ...
[2026-05-28 14:51:42]  QQ-备用 正在解析因子: =?utf-8?b?QWxwaGFQaWxvdCDlpIfku73kv6Hlj7cgKGFscGhhX3NpZ25hbF90aHJfMjAyNjA1MjhfMTQ1MC5qc29uKSBb5aSHUVEt6Ieq5L+dXQ==?=
[2026-05-28 14:51:42]  发现表格，共 12 行数据
[2026-05-28 14:51:42]  动态索引映射: ['股票代码', '股票名称', '信号', '当前价格', '量比', '来源过滤']
[2026-05-28 14:51:42]  [行1] 解析成功: SHSE.688392 [娇成超声] SELL @ 156.48 (VR:0.6)
[2026-05-28 14:51:42]  [行2] 解析成功: SZSE.300308 [中际旭创] SELL @ 1198.96 (VR:2.18)
[2026-05-28 14:51:42]  [行3] 解析成功: SZSE.300433 [蓝思科技] SELL @ 40.42 (VR:0.04)
[2026-05-28 14:51:42]  [行4] 解析成功: SZSE.300054 [鼎龙股份] BUY @ 74.0 (VR:0.01)
[2026-05-28 14:51:42]  [行5] 解析成功: SZSE.000407 [胜利股份] SELL @ 4.23 (VR:0.68)
[2026-05-28 14:51:42]  [行6] 解析成功: SZSE.001258 [立新能源] BUY @ 10.28 (VR:0.15)
[2026-05-28 14:51:42]  [行7] 解析成功: SHSE.688392 [娇成超声] SELL @ 156.46 (VR:0.04)
[2026-05-28 14:51:42]  [行8] 解析成功: SZSE.300308 [中际旭创] SELL @ 1196.62 (VR:0.77)
[2026-05-28 14:51:42]  [行9] 解析成功: SZSE.300433 [蓝思科技] SELL @ 40.33 (VR:0.51)
[2026-05-28 14:51:42]  [行10] 解析成功: SZSE.300054 [鼎龙股份] BUY @ 74.09 (VR:0.2)
[2026-05-28 14:51:42]  [行11] 解析成功: SZSE.000407 [胜利股份] SELL @ 4.22 (VR:0.16)
[2026-05-28 14:51:42]  [行12] 解析成功: SZSE.001258 [立新能源] BUY @ 10.29 (VR:0.1)
[2026-05-28 14:51:42] 成功保存 12 条因子至: signal_batch_20260528_145142_303955.txt
[2026-05-28 14:51:42]  QQ-备用 邮件 1161 处理完成
[2026-05-28 14:51:42]  QQ-备用 本轮共成功处理 1 封有效信号邮件
[2026-05-28 14:52:17]  正在连接 QQ-主 邮箱服务器 (497720537@qq.com) ...
[2026-05-28 14:52:18]  正在连接 QQ-备用 邮箱服务器 (shouqianbadavid@qq.com) ...
[2026-05-28 14:52:53]  正在连接 QQ-主 邮箱服务器 (497720537@qq.com) ...
[2026-05-28 14:52:55]  正在连接 QQ-备用 邮箱服务器 (shouqianbadavid@qq.com) ...
[2026-05-28 14:53:31]  正在连接 QQ-主 邮箱服务器 (497720537@qq.com) ...
[2026-05-28 14:53:31]  QQ-主 因子处理主循环异常: [Errno 11001] getaddrinfo failed
[2026-05-28 14:53:48]  正在连接 QQ-备用 邮箱服务器 (shouqianbadavid@qq.com) ...
[2026-05-28 14:53:48]  QQ-备用 因子处理主循环异常: [Errno 11001] getaddrinfo failed
[2026-05-28 14:54:34]  正在连接 QQ-主 邮箱服务器 (497720537@qq.com) ...
[2026-05-28 14:54:35]  QQ-主 正在解析因子: =?utf-8?b?QWxwaGFQaWxvdCDlrp7ml7bkv6Hlj7cgKGFscGhhX3NpZ25hbF90aHJfMjAyNjA1MjhfMTQ1NC5qc29uKSBb5Li7UVEt5a+55aSWXQ==?=
[2026-05-28 14:54:35]  发现表格，共 10 行数据
[2026-05-28 14:54:35]  动态索引映射: ['股票代码', '股票名称', '信号', '当前价格', '量比', '来源过滤']
[2026-05-28 14:54:35]  [行1] 解析成功: SHSE.600722 [金牛化工] SELL @ 10.58 (VR:0.04)
[2026-05-28 14:54:35]  [行2] 解析成功: SZSE.300259 [新天科技] BUY @ 7.08 (VR:0.44)
[2026-05-28 14:54:35]  [行3] 解析成功: SZSE.301018 [申菱环境] BUY @ 154.6 (VR:1.15)
[2026-05-28 14:54:35]  [行4] 解析成功: SZSE.301329 [信音电子] SELL @ 27.31 (VR:1.71)
[2026-05-28 14:54:35]  [行5] 解析成功: SZSE.301171 [易点天下] BUY @ 38.78 (VR:0.02)
[2026-05-28 14:54:35]  [行6] 解析成功: SHSE.600722 [金牛化工] SELL @ 10.57 (VR:0.52)
[2026-05-28 14:54:35]  [行7] 解析成功: SZSE.300259 [新天科技] BUY @ 7.13 (VR:0.08)
[2026-05-28 14:54:35]  [行8] 解析成功: SZSE.301018 [申菱环境] BUY @ 154.78 (VR:1.02)
[2026-05-28 14:54:35]  [行9] 解析成功: SZSE.301329 [信音电子] SELL @ 27.27 (VR:0.1)
[2026-05-28 14:54:35]  [行10] 解析成功: SZSE.301171 [易点天下] BUY @ 38.82 (VR:0.36)
[2026-05-28 14:54:35] 成功保存 10 条因子至: signal_batch_20260528_145435_652999.txt
[2026-05-28 14:54:35]  QQ-主 邮件 3310 处理完成
[2026-05-28 14:54:35]  QQ-主 本轮共成功处理 1 封有效信号邮件
[2026-05-28 14:54:36]  正在连接 QQ-备用 邮箱服务器 (shouqianbadavid@qq.com) ...
[2026-05-28 14:54:37]  QQ-备用 正在解析因子: =?utf-8?b?QWxwaGFQaWxvdCDlpIfku73kv6Hlj7cgKGFscGhhX3NpZ25hbF90aHJfMjAyNjA1MjhfMTQ1NC5qc29uKSBb5aSHUVEt6Ieq5L+dXQ==?=
[2026-05-28 14:54:37]  发现表格，共 10 行数据
[2026-05-28 14:54:37]  动态索引映射: ['股票代码', '股票名称', '信号', '当前价格', '量比', '来源过滤']
[2026-05-28 14:54:37]  [行1] 解析成功: SHSE.600722 [金牛化工] SELL @ 10.58 (VR:0.04)
[2026-05-28 14:54:37]  [行2] 解析成功: SZSE.300259 [新天科技] BUY @ 7.08 (VR:0.44)
[2026-05-28 14:54:37]  [行3] 解析成功: SZSE.301018 [申菱环境] BUY @ 154.6 (VR:1.15)
[2026-05-28 14:54:37]  [行4] 解析成功: SZSE.301329 [信音电子] SELL @ 27.31 (VR:1.71)
[2026-05-28 14:54:37]  [行5] 解析成功: SZSE.301171 [易点天下] BUY @ 38.78 (VR:0.02)
[2026-05-28 14:54:37]  [行6] 解析成功: SHSE.600722 [金牛化工] SELL @ 10.57 (VR:0.52)
[2026-05-28 14:54:37]  [行7] 解析成功: SZSE.300259 [新天科技] BUY @ 7.13 (VR:0.08)
[2026-05-28 14:54:37]  [行8] 解析成功: SZSE.301018 [申菱环境] BUY @ 154.78 (VR:1.02)
[2026-05-28 14:54:37]  [行9] 解析成功: SZSE.301329 [信音电子] SELL @ 27.27 (VR:0.1)
[2026-05-28 14:54:37]  [行10] 解析成功: SZSE.301171 [易点天下] BUY @ 38.82 (VR:0.36)
[2026-05-28 14:54:37] 成功保存 10 条因子至: signal_batch_20260528_145437_049290.txt
[2026-05-28 14:54:37]  QQ-备用 邮件 1162 处理完成
[2026-05-28 14:54:37]  QQ-备用 本轮共成功处理 1 封有效信号邮件
[2026-05-28 14:55:12]  正在连接 QQ-主 邮箱服务器 (497720537@qq.com) ...
[2026-05-28 14:55:13]  正在连接 QQ-备用 邮箱服务器 (shouqianbadavid@qq.com) ...
[2026-05-28 14:55:49]  正在连接 QQ-主 邮箱服务器 (497720537@qq.com) ...
[2026-05-28 14:55:50]  正在连接 QQ-备用 邮箱服务器 (shouqianbadavid@qq.com) ...
[2026-05-28 14:56:25]  正在连接 QQ-主 邮箱服务器 (497720537@qq.com) ...
[2026-05-28 14:56:26]  正在连接 QQ-备用 邮箱服务器 (shouqianbadavid@qq.com) ...
[2026-05-28 14:57:02]  正在连接 QQ-主 邮箱服务器 (497720537@qq.com) ...
[2026-05-28 14:57:03]  正在连接 QQ-备用 邮箱服务器 (shouqianbadavid@qq.com) ...
[2026-05-28 14:57:38]  正在连接 QQ-主 邮箱服务器 (497720537@qq.com) ...
[2026-05-28 14:57:39]  QQ-主 正在解析因子: =?utf-8?b?QWxwaGFQaWxvdCDlrp7ml7bkv6Hlj7cgKGFscGhhX3NpZ25hbF90aHJfMjAyNjA1MjhfMTQ1Ny5qc29uKSBb5Li7UVEt5a+55aSWXQ==?=
[2026-05-28 14:57:39]  发现表格，共 10 行数据
[2026-05-28 14:57:39]  动态索引映射: ['股票代码', '股票名称', '信号', '当前价格', '量比', '来源过滤']
[2026-05-28 14:57:39]  [行1] 解析成功: SHSE.600353 [旭光电子] BUY @ 23.9 (VR:0.43)
[2026-05-28 14:57:39]  [行2] 解析成功: SHSE.601138 [工业富联] BUY @ 74.91 (VR:0.79)
[2026-05-28 14:57:39]  [行3] 解析成功: SZSE.300868 [绿盟科技] BUY @ 113.51 (VR:1.91)
[2026-05-28 14:57:39]  [行4] 解析成功: SZSE.300811 [铂力特] BUY @ 89.33 (VR:0.27)
[2026-05-28 14:57:39]  [行5] 解析成功: SZSE.300014 [亿纬锂能] BUY @ 65.82 (VR:0.97)
[2026-05-28 14:57:39]  [行6] 解析成功: SHSE.600353 [旭光电子] BUY @ 23.92 (VR:2.13)
[2026-05-28 14:57:39]  [行7] 解析成功: SHSE.601138 [工业富联] BUY @ 74.99 (VR:0.11)
[2026-05-28 14:57:39]  [行8] 解析成功: SZSE.300868 [绿盟科技] BUY @ 113.56 (VR:0.21)
[2026-05-28 14:57:39]  [行9] 解析成功: SZSE.300811 [铂力特] BUY @ 89.45 (VR:0.97)
[2026-05-28 14:57:39]  [行10] 解析成功: SZSE.300014 [亿纬锂能] BUY @ 65.84 (VR:1.04)
[2026-05-28 14:57:39] 成功保存 10 条因子至: signal_batch_20260528_145739_331117.txt
[2026-05-28 14:57:39]  QQ-主 邮件 3311 处理完成
[2026-05-28 14:57:39]  QQ-主 本轮共成功处理 1 封有效信号邮件
[2026-05-28 14:57:39]  正在连接 QQ-备用 邮箱服务器 (shouqianbadavid@qq.com) ...
[2026-05-28 15:00:55]  正在连接 QQ-主 邮箱服务器 (497720537@qq.com) ...
[2026-05-28 15:00:55]  QQ-主 因子处理主循环异常: [Errno 11001] getaddrinfo failed
[2026-05-28 15:06:01]  正在连接 QQ-备用 邮箱服务器 (shouqianbadavid@qq.com) ...
[2026-05-28 15:06:01]  QQ-备用 因子处理主循环异常: [Errno 11001] getaddrinfo failed
[2026-05-28 18:39:01]  AlphaPilot 监听服务 (Pro 多邮箱版) 启动...
[2026-05-28 18:39:01]  信号保存目录: D:\mpython\signals
[2026-05-28 18:39:01]  日志文件: D:\mpython\logs_receiver\receiver_20260528.log
[2026-05-28 18:39:01]  正在连接 QQ-主 邮箱服务器 (497720537@qq.com) ...
[2026-05-28 18:39:02]  QQ-主 正在解析因子: =?utf-8?b?QWxwaGFQaWxvdCDlrp7ml7bkv6Hlj7cgKGFscGhhX3NpZ25hbF90aHJfMjAyNjA1MjhfMTUwMS5qc29uKSBb5Li7UVEt5a+55aSWXQ==?=
[2026-05-28 18:39:02]  发现表格，共 2 行数据
[2026-05-28 18:39:02]  动态索引映射: ['股票代码', '股票名称', '信号', '当前价格', '量比', '来源过滤']
[2026-05-28 18:39:02]  [行1] 解析成功: SZSE.301389 [隆扬电子] BUY @ 90.8 (VR:1.02)
[2026-05-28 18:39:02]  [行2] 解析成功: SZSE.301389 [隆扬电子] BUY @ 90.88 (VR:nan)
[2026-05-28 18:39:02] 成功保存 2 条因子至: signal_batch_20260528_183902_604757.txt
[2026-05-28 18:39:02]  QQ-主 邮件 3312 处理完成
[2026-05-28 18:39:02]  QQ-主 正在解析因子: =?UTF-8?B?4o+wIOe+veavm+eQg+S4lueVjCBCYWRtaW50?=
 =?UTF-8?B?b24gV29ybGQg5Y+R5biD55qE5LiA5p2h5b+r?=
 =?UTF-8?B?5ouN5Y2z5bCG6L+H5pyf?=
[2026-05-28 18:39:02]  发现表格，共 38 行数据
[2026-05-28 18:39:02]  表头映射失败，未找到指定列名。当前表头: ['The story will expire 今天 21:59, so don’t miss out on the opportunity to see it.在过期前查看羽毛球世界 Badminton World最近的快拍。羽毛球世界 Badminton Worldadded to their story.5月27日 21:59查看快拍查看其他快拍此邮件发给497720537@qq.com。 如果不希望再收到 Meta 的这类邮件，请退订。Meta Platforms, Inc., Attention: Community Support, 1 Meta Way, Menlo Park, CA 94025为保护你的主页安全，请勿转发这封邮件。详细了解', 'The story will expire 今天 21:59, so don’t miss out on the opportunity to see it.在过期前查看羽毛球世界 Badminton World最近的快拍。羽毛球世界 Badminton Worldadded to their story.5月27日 21:59查看快拍查看其他快拍此邮件发给497720537@qq.com。 如果不希望再收到 Meta 的这类邮件，请退订。Meta Platforms, Inc., Attention: Community Support, 1 Meta Way, Menlo Park, CA 94025为保护你的主页安全，请勿转发这封邮件。详细了解', 'The story will expire 今天 21:59, so don’t miss out on the opportunity to see it.在过期前查看羽毛球世界 Badminton World最近的快拍。羽毛球世界 Badminton Worldadded to their story.5月27日 21:59查看快拍查看其他快拍此邮件发给497720537@qq.com。 如果不希望再收到 Meta 的这类邮件，请退订。Meta Platforms, Inc., Attention: Community Support, 1 Meta Way, Menlo Park, CA 94025为保护你的主页安全，请勿转发这封邮件。详细了解', '', 'The story will expire 今天 21:59, so don’t miss out on the opportunity to see it.', '', '', '', '', '', '', '', '', '', '', '', '', '', '', '在过期前查看羽毛球世界 Badminton World最近的快拍。羽毛球世界 Badminton Worldadded to their story.5月27日 21:59查看快拍', '', '在过期前查看羽毛球世界 Badminton World最近的快拍。', '羽毛球世界 Badminton Worldadded to their story.5月27日 21:59查看快拍', '羽毛球世界 Badminton Worldadded to their story.5月27日 21:59查看快拍', '', '羽毛球世界 Badminton Worldadded to their story.5月27日 21:59查看快拍', '羽毛球世界 Badminton Worldadded to their story.5月27日 21:59查看快拍', '羽毛球世界 Badminton Worldadded to their story.5月27日 21:59查看快拍', '', '', '羽毛球世界 Badminton Worldadded to their story.5月27日 21:59查看快拍', '羽毛球世界 Badminton Worldadded to their story.5月27日 21:59', '羽毛球世界 Badminton Worldadded to their story.', '', '5月27日 21:59', '', '查看快拍', '查看快拍', '', '', '', '查看其他快拍', '', '查看其他快拍', '查看其他快拍', '', '', '', '', '此邮件发给497720537@qq.com。 如果不希望再收到 Meta 的这类邮件，请退订。Meta Platforms, Inc., Attention: Community Support, 1 Meta Way, Menlo Park, CA 94025', '', '此邮件发给497720537@qq.com。 如果不希望再收到 Meta 的这类邮件，请退订。Meta Platforms, Inc., Attention: Community Support, 1 Meta Way, Menlo Park, CA 94025', '', '', '为保护你的主页安全，请勿转发这封邮件。详细了解', '为保护你的主页安全，请勿转发这封邮件。详细了解', '', '']
[2026-05-28 18:39:02] QQ-主 邮件 3313 无有效信号
[2026-05-28 18:39:03]  QQ-主 本轮共成功处理 1 封有效信号邮件
[2026-05-28 18:39:03]  正在连接 QQ-备用 邮箱服务器 (shouqianbadavid@qq.com) ...
[2026-05-28 18:39:03]  QQ-备用 正在解析因子: =?utf-8?b?QWxwaGFQaWxvdCDlpIfku73kv6Hlj7cgKGFscGhhX3NpZ25hbF90aHJfMjAyNjA1MjhfMTQ1Ny5qc29uKSBb5aSHUVEt6Ieq5L+dXQ==?=
[2026-05-28 18:39:03]  发现表格，共 10 行数据
[2026-05-28 18:39:03]  动态索引映射: ['股票代码', '股票名称', '信号', '当前价格', '量比', '来源过滤']
[2026-05-28 18:39:03]  [行1] 解析成功: SHSE.600353 [旭光电子] BUY @ 23.9 (VR:0.43)
[2026-05-28 18:39:03]  [行2] 解析成功: SHSE.601138 [工业富联] BUY @ 74.91 (VR:0.79)
[2026-05-28 18:39:03]  [行3] 解析成功: SZSE.300868 [绿盟科技] BUY @ 113.51 (VR:1.91)
[2026-05-28 18:39:03]  [行4] 解析成功: SZSE.300811 [铂力特] BUY @ 89.33 (VR:0.27)
[2026-05-28 18:39:03]  [行5] 解析成功: SZSE.300014 [亿纬锂能] BUY @ 65.82 (VR:0.97)
[2026-05-28 18:39:03]  [行6] 解析成功: SHSE.600353 [旭光电子] BUY @ 23.92 (VR:2.13)
[2026-05-28 18:39:03]  [行7] 解析成功: SHSE.601138 [工业富联] BUY @ 74.99 (VR:0.11)
[2026-05-28 18:39:03]  [行8] 解析成功: SZSE.300868 [绿盟科技] BUY @ 113.56 (VR:0.21)
[2026-05-28 18:39:03]  [行9] 解析成功: SZSE.300811 [铂力特] BUY @ 89.45 (VR:0.97)
[2026-05-28 18:39:03]  [行10] 解析成功: SZSE.300014 [亿纬锂能] BUY @ 65.84 (VR:1.04)
[2026-05-28 18:39:04] 成功保存 10 条因子至: signal_batch_20260528_183904_003742.txt
[2026-05-28 18:39:04]  QQ-备用 邮件 1163 处理完成
[2026-05-28 18:39:04]  QQ-备用 正在解析因子: =?utf-8?b?QWxwaGFQaWxvdCDlpIfku73kv6Hlj7cgKGFscGhhX3NpZ25hbF90aHJfMjAyNjA1MjhfMTUwMS5qc29uKSBb5aSHUVEt6Ieq5L+dXQ==?=
[2026-05-28 18:39:04]  发现表格，共 2 行数据
[2026-05-28 18:39:04]  动态索引映射: ['股票代码', '股票名称', '信号', '当前价格', '量比', '来源过滤']
[2026-05-28 18:39:04]  [行1] 解析成功: SZSE.301389 [隆扬电子] BUY @ 90.8 (VR:1.02)
[2026-05-28 18:39:04]  [行2] 解析成功: SZSE.301389 [隆扬电子] BUY @ 90.88 (VR:nan)
[2026-05-28 18:39:04] 成功保存 2 条因子至: signal_batch_20260528_183904_323438.txt
[2026-05-28 18:39:04]  QQ-备用 邮件 1164 处理完成
[2026-05-28 18:39:04]  QQ-备用 本轮共成功处理 2 封有效信号邮件
[2026-05-28 18:39:39]  正在连接 QQ-主 邮箱服务器 (497720537@qq.com) ...
[2026-05-28 18:39:40]  正在连接 QQ-备用 邮箱服务器 (shouqianbadavid@qq.com) ...
[2026-05-28 18:40:15]  正在连接 QQ-主 邮箱服务器 (497720537@qq.com) ...
[2026-05-28 18:40:17]  正在连接 QQ-备用 邮箱服务器 (shouqianbadavid@qq.com) ...
[2026-05-28 18:40:40]  AlphaPilot 监听服务 (Pro 多邮箱版) 启动...
[2026-05-28 18:40:40]  信号保存目录: D:\mpython\signals
[2026-05-28 18:40:40]  日志文件: D:\mpython\logs_receiver\receiver_20260528.log
[2026-05-28 18:40:40]  正在连接 QQ-主 邮箱服务器 (497720537@qq.com) ...
[2026-05-28 18:40:41]  正在连接 QQ-备用 邮箱服务器 (shouqianbadavid@qq.com) ...
[2026-05-28 18:41:16]  正在连接 QQ-主 邮箱服务器 (497720537@qq.com) ...
[2026-05-28 18:41:17]  正在连接 QQ-备用 邮箱服务器 (shouqianbadavid@qq.com) ...
[2026-05-28 18:41:41]  AlphaPilot 监听服务 (Pro 多邮箱版) 启动...
[2026-05-28 18:41:41]  信号保存目录: D:\mpython\signals
[2026-05-28 18:41:41]  日志文件: D:\mpython\logs_receiver\receiver_20260528.log
[2026-05-28 18:41:41]  正在连接 QQ-主 邮箱服务器 (497720537@qq.com) ...
[2026-05-28 18:41:42]  正在连接 QQ-备用 邮箱服务器 (shouqianbadavid@qq.com) ...
[2026-05-28 18:42:17]  正在连接 QQ-主 邮箱服务器 (497720537@qq.com) ...
[2026-05-28 18:42:18]  正在连接 QQ-备用 邮箱服务器 (shouqianbadavid@qq.com) ...
[2026-05-28 18:42:54]  正在连接 QQ-主 邮箱服务器 (497720537@qq.com) ...
[2026-05-28 18:42:54]  正在连接 QQ-备用 邮箱服务器 (shouqianbadavid@qq.com) ...
