[2026-05-18 02:55:13]  AlphaPilot 监听服务 (Pro 多邮箱版) 启动...
[2026-05-18 02:55:13]  信号保存目录: D:\mpython\signals
[2026-05-18 02:55:13]  日志文件: D:\mpython\logs_receiver\receiver_20260518.log
[2026-05-18 02:55:13]  正在连接 QQ-主 邮箱服务器 (497720537@qq.com) ...
[2026-05-18 02:55:14]  QQ-主 正在解析因子: =?UTF-8?B?5bCx5piv54ix5q2j5aa577ya4oCc5Zac5qyi5ZOq5LiA5qy+77yf4oCd?=
[2026-05-18 02:55:14]  发现表格，共 27 行数据
[2026-05-18 02:55:14]  表头映射失败，未找到指定列名。当前表头: ['查看最新动态。就是爱正妹分享了 1 张照片5月11日 01:38查看帖子此邮件发给497720537@qq.com。 如果不希望再收到 Meta 的这类邮件，请退订。Meta Platforms, Inc., Attention: Community Support, 1 Meta Way, Menlo Park, CA 94025为保护你的主页安全，请勿转发这封邮件。详细了解', '查看最新动态。就是爱正妹分享了 1 张照片5月11日 01:38查看帖子此邮件发给497720537@qq.com。 如果不希望再收到 Meta 的这类邮件，请退订。Meta Platforms, Inc., Attention: Community Support, 1 Meta Way, Menlo Park, CA 94025为保护你的主页安全，请勿转发这封邮件。详细了解', '查看最新动态。就是爱正妹分享了 1 张照片5月11日 01:38查看帖子此邮件发给497720537@qq.com。 如果不希望再收到 Meta 的这类邮件，请退订。Meta Platforms, Inc., Attention: Community Support, 1 Meta Way, Menlo Park, CA 94025为保护你的主页安全，请勿转发这封邮件。详细了解', '', '查看最新动态。', '', '', '', '', '', '', '', '', '', '', '', '', '', '', '就是爱正妹分享了 1 张照片5月11日 01:38查看帖子', '', '就是爱正妹分享了 1 张照片5月11日 01:38查看帖子', '就是爱正妹分享了 1 张照片5月11日 01:38查看帖子', '', '', '就是爱正妹分享了 1 张照片5月11日 01:38查看帖子', '就是爱正妹分享了 1 张照片5月11日 01:38', '就是爱正妹分享了 1 张照片', '', '5月11日 01:38', '', '', '查看帖子', '查看帖子', '', '', '', '此邮件发给497720537@qq.com。 如果不希望再收到 Meta 的这类邮件，请退订。Meta Platforms, Inc., Attention: Community Support, 1 Meta Way, Menlo Park, CA 94025', '', '此邮件发给497720537@qq.com。 如果不希望再收到 Meta 的这类邮件，请退订。Meta Platforms, Inc., Attention: Community Support, 1 Meta Way, Menlo Park, CA 94025', '', '', '为保护你的主页安全，请勿转发这封邮件。详细了解', '为保护你的主页安全，请勿转发这封邮件。详细了解', '', '']
[2026-05-18 02:55:14] QQ-主 邮件 3592 无有效信号
[2026-05-18 02:55:15]  QQ-主 正在解析因子: =?UTF-8?B?5YWz5LqOIEJlbiBQaW5nIOWSjOWFtuS7lg==?=
 =?UTF-8?B?5aW95Y+L77yaMyDmnaHmtojmga/jgIHlj6blpJYgOTgg?=
 =?UTF-8?B?5p2h5paw6YCa55+l44CBNTMg6aG55a+G5Y+L5Yqo5oCB5pu05paw?=
 =?UTF-8?B?44CBMjAg5Liq54Wn54mH5qCH6K6w5ZKMNCDkuKrliqDlpb0=?=
 =?UTF-8?B?5Y+L6K+35rGC44CC?=
[2026-05-18 02:55:15]  发现表格，共 54 行数据
[2026-05-18 02:55:15]  表头映射失败，未找到指定列名。当前表头: ['David Liang，请查看有关 Ben Ping 和 Jojo Liang 的未读消息和其他通知。\u200c\u2003 \u200c\u2003 \u200c\u2003 \u200c\u2003 \u200c\u2003 \u200c\u2003 \u200c\u2003 \u200c\u2003 \u200c\u2003 \u200c\u2003 \u200c\u2003 \u200c\u2003 \u200c\u2003 \u200c\u2003 \u200c\u2003 \u200c\u2003 \u200c\u2003 \u200c\u2003 \u200c\u2003 \u200c\u2003 \u200c\u2003 \u200c\u2003 \u200c\u2003 \u200c\u2003 \u200c\u2003 \u200c\u2003 \u200c\u2003 \u200c\u2003 \u200c\u2003 \u200c\u2003 \u200c\u2003 \u200c\u2003 \u200c\u2003 \u200c\u2003 \u200c\u2003 \u200c\u2003 \u200c\u2003 \u200c\u2003 \u200c\u2003 \u200c\u2003 \u200c\u2003 \u200c\u2003 \u200c\u2003 \u200c\u2003 \u200c\u2003 \u200c\u2003 \u200c\u2003 \u200c\u2003 \u200c\u2003 \u200c\u2003 \u200c\u2003 \u200c\u2003 \u200c\u2003 \u200c\u2003 \u200c\u2003 \u200c\u2003 \u200c\u2003 \u200c\u2003 \u200c\u2003 \u200c\u2003 \u200c\u2003 \u200c\u2003 \u200c\u2003 \u200c\u2003 \u200c\u2003 \u200c\u2003 \u200c\u2003 \u200c\u2003 \u200c\u2003 \u200c\u2003 \u200c\u2003 \u200c\u2003 \u200c\u2003 \u200c\u2003 \u200c\u2003 \u200c\u2003 \u200c\u2003 \u200c\u2003 \u200c\u2003 \u200c\u2003 \u200c\u2003 \u200c\u2003 \u200c\u2003 \u200c\u2003 \u200c\u2003 \u200c\u2003 \u200c\u2003 \u200c\u2003 \u200c\u2003 \u200c\u2003 \u200c\u2003 \u200c\u2003 \u200c\u2003 \u200c\u2003 \u200c\u2003 \u200c\u2003 \u200c\u2003 \u200c\u2003 \u200c\u2003 \u200c\u2003 \u200c\u2003 \u200c\u2003 \u200c\u2003 \u200c\u2003 \u200c\u2003 \u200c\u2003 \u200c\u2003 \u200c\u2003 \u200c\u2003 \u200c\u2003 \u200c\u2003 \u200c\u2003 \u200c\u2003 \u200c\u2003 \u200c\u2003 \u200c\u2003 \u200c\u2003 \u200c\u2003 \u200c\u2003 \u200c\u2003 \u200c\u2003 \u200c\u2003 \u200c\u2003 \u200c\u2003 \u200c\u2003 \u200c\u2003 \u200c\u2003 \u200c\u2003 \u200c\u2003 \u200c\u2003 \u200c\u2003 \u200c\u2003 \u200c\u2003 \u200c\u2003 \u200c\u2003 \u200c\u2003 \u200c\u2003 \u200c\u2003 \u200c\u2003 \u200c\u2003 \u200c\u2003 \u200c\u2003 \u200c\u2003 \u200c\u2003 \u200c\u2003 \u200c\u2003 \u200c\u2003 \u200c\u2003 \u200c\u2003 \u200c\u2003 \u200c\u2003 \u200c\u2003 \u200c\u2003 \u200c\u2003 \u200c\u2003 \u200c\u2003 \u200c\u2003 \u200c\u2003 \u200c\u2003 \u200c\u2003 \u200c\u2003 \u200c\u2003 \u200c\u2003 \u200c\u2003 \u200c\u2003 \u200c\u2003 \u200c\u2003 \u200c\u2003 \u200c\u2003 \u200c\u2003 \u200c\u2003 \u200c\u2003 \u200c\u2003 \u200c\u2003 \u200c\u2003 \u200c\u2003 \u200c\u2003 \u200c\u2003 \u200c\u2003 \u200c\u2003 \u200c\u2003 \u200c\u2003 \u200c\u2003 \u200c\u2003 \u200c\u2003 \u200c\u2003 \u200c\u2003 \u200c\u2003 \u200c\u2003 \u200c\u2003 \u200c\u2003 \u200c\u2003 \u200c\u2003 \u200c\u2003 \u200c\u2003 \u200c\u2003 \u200c\u2003 \u200c\u2003 \u200c\u2003 \u200c\u2003 \u200c\u2003 \u200c\u2003 \u200c\u2003 \u200c\u2003 \u200c\u2003 \u200c\u2003 \u200c\u2003 \u200c\u2003 \u200c\u2003 \u200c\u2003 \u200c\u2003 \u200c\u2003 \u200c\u2003 \u200c\u2003 \u200c\u2003 \u200c\u2003 \u200c\u2003 \u200c\u2003 \u200c\u2003 \u200c\u2003 \u200c\u2003 \u200c\u2003 \u200c\u2003 \u200c\u2003 \u200c\u2003 \u200c\u2003 \u200c\u2003 \u200c\u2003 \u200c\u2003 \u200c\u2003 \u200c\u2003 \u200c\u2003 \u200c\u2003 \u200c\u2003 \u200c\u2003 \u200c\u2003 \u200c\u2003 \u200c\u2003 \u200c\u2003 \u200c\u2003 \u200c\u2003 \u200c\u2003 \u200c\u2003 \u200c\u2003 \u200c\u2003 \u200c\u2003 \u200c\u2003 \u200c\u2003 \u200c\u2003 \u200c\u2003 \u200c\u2003 \u200c\u2003 \u200c\u2003 \u200c\u2003 \u200c\u2003 \u200c\u2003 \u200c\u2003 \u200c\u2003 \u200c\u2003 \u200c\u2003 \u200c\u2003 \u200c\u2003 \u200c\u2003 \u200c\u2003 \u200c\u2003 \u200c\u2003 \u200c\u2003 \u200c\u2003 \u200c\u2003 \u200c\u2003 \u200c\u2003 \u200c\u2003 \u200c\u2003 \u200c\u2003 \u200c\u2003 \u200c\u2003 \u200c\u2003 \u200c\u2003 \u200c\u2003 \u200c\u2003 \u200c\u2003 \u200c\u2003 \u200c\u2003 \u200c\u2003 \u200c\u2003 \u200c\u2003 \u200c\u2003 \u200c\u2003 \u200c\u2003 \u200c\u2003 \u200c\u2003 \u200c\u2003 \u200c\u2003 \u200c\u2003 \u200c\u2003 \u200c\u2003 \u200c\u2003 \u200c\u2003 \u200c\u2003 \u200cDavid Liang你有 178 条未读通知待查看通知Pro Visa - 小老板给你发送了3条消息4个加好友请求David Liang和其他 2 位用户在20张照片中标记了你Ch Lee和其他 24 位用户有53条密友动态更新98条新通知查看通知前往\xa0Facebook这封邮件：有用|没用此邮件发给497720537@qq.com。 如果不希望再收到 Meta 的这类邮件，请退订。Meta Platforms, Inc., Attention: Community Support, 1 Meta Way, Menlo Park, CA 94025为保护你的主页安全，请勿转发这封邮件。详细了解', 'David Liang，请查看有关 Ben Ping 和 Jojo Liang 的未读消息和其他通知。\u200c\u2003 \u200c\u2003 \u200c\u2003 \u200c\u2003 \u200c\u2003 \u200c\u2003 \u200c\u2003 \u200c\u2003 \u200c\u2003 \u200c\u2003 \u200c\u2003 \u200c\u2003 \u200c\u2003 \u200c\u2003 \u200c\u2003 \u200c\u2003 \u200c\u2003 \u200c\u2003 \u200c\u2003 \u200c\u2003 \u200c\u2003 \u200c\u2003 \u200c\u2003 \u200c\u2003 \u200c\u2003 \u200c\u2003 \u200c\u2003 \u200c\u2003 \u200c\u2003 \u200c\u2003 \u200c\u2003 \u200c\u2003 \u200c\u2003 \u200c\u2003 \u200c\u2003 \u200c\u2003 \u200c\u2003 \u200c\u2003 \u200c\u2003 \u200c\u2003 \u200c\u2003 \u200c\u2003 \u200c\u2003 \u200c\u2003 \u200c\u2003 \u200c\u2003 \u200c\u2003 \u200c\u2003 \u200c\u2003 \u200c\u2003 \u200c\u2003 \u200c\u2003 \u200c\u2003 \u200c\u2003 \u200c\u2003 \u200c\u2003 \u200c\u2003 \u200c\u2003 \u200c\u2003 \u200c\u2003 \u200c\u2003 \u200c\u2003 \u200c\u2003 \u200c\u2003 \u200c\u2003 \u200c\u2003 \u200c\u2003 \u200c\u2003 \u200c\u2003 \u200c\u2003 \u200c\u2003 \u200c\u2003 \u200c\u2003 \u200c\u2003 \u200c\u2003 \u200c\u2003 \u200c\u2003 \u200c\u2003 \u200c\u2003 \u200c\u2003 \u200c\u2003 \u200c\u2003 \u200c\u2003 \u200c\u2003 \u200c\u2003 \u200c\u2003 \u200c\u2003 \u200c\u2003 \u200c\u2003 \u200c\u2003 \u200c\u2003 \u200c\u2003 \u200c\u2003 \u200c\u2003 \u200c\u2003 \u200c\u2003 \u200c\u2003 \u200c\u2003 \u200c\u2003 \u200c\u2003 \u200c\u2003 \u200c\u2003 \u200c\u2003 \u200c\u2003 \u200c\u2003 \u200c\u2003 \u200c\u2003 \u200c\u2003 \u200c\u2003 \u200c\u2003 \u200c\u2003 \u200c\u2003 \u200c\u2003 \u200c\u2003 \u200c\u2003 \u200c\u2003 \u200c\u2003 \u200c\u2003 \u200c\u2003 \u200c\u2003 \u200c\u2003 \u200c\u2003 \u200c\u2003 \u200c\u2003 \u200c\u2003 \u200c\u2003 \u200c\u2003 \u200c\u2003 \u200c\u2003 \u200c\u2003 \u200c\u2003 \u200c\u2003 \u200c\u2003 \u200c\u2003 \u200c\u2003 \u200c\u2003 \u200c\u2003 \u200c\u2003 \u200c\u2003 \u200c\u2003 \u200c\u2003 \u200c\u2003 \u200c\u2003 \u200c\u2003 \u200c\u2003 \u200c\u2003 \u200c\u2003 \u200c\u2003 \u200c\u2003 \u200c\u2003 \u200c\u2003 \u200c\u2003 \u200c\u2003 \u200c\u2003 \u200c\u2003 \u200c\u2003 \u200c\u2003 \u200c\u2003 \u200c\u2003 \u200c\u2003 \u200c\u2003 \u200c\u2003 \u200c\u2003 \u200c\u2003 \u200c\u2003 \u200c\u2003 \u200c\u2003 \u200c\u2003 \u200c\u2003 \u200c\u2003 \u200c\u2003 \u200c\u2003 \u200c\u2003 \u200c\u2003 \u200c\u2003 \u200c\u2003 \u200c\u2003 \u200c\u2003 \u200c\u2003 \u200c\u2003 \u200c\u2003 \u200c\u2003 \u200c\u2003 \u200c\u2003 \u200c\u2003 \u200c\u2003 \u200c\u2003 \u200c\u2003 \u200c\u2003 \u200c\u2003 \u200c\u2003 \u200c\u2003 \u200c\u2003 \u200c\u2003 \u200c\u2003 \u200c\u2003 \u200c\u2003 \u200c\u2003 \u200c\u2003 \u200c\u2003 \u200c\u2003 \u200c\u2003 \u200c\u2003 \u200c\u2003 \u200c\u2003 \u200c\u2003 \u200c\u2003 \u200c\u2003 \u200c\u2003 \u200c\u2003 \u200c\u2003 \u200c\u2003 \u200c\u2003 \u200c\u2003 \u200c\u2003 \u200c\u2003 \u200c\u2003 \u200c\u2003 \u200c\u2003 \u200c\u2003 \u200c\u2003 \u200c\u2003 \u200c\u2003 \u200c\u2003 \u200c\u2003 \u200c\u2003 \u200c\u2003 \u200c\u2003 \u200c\u2003 \u200c\u2003 \u200c\u2003 \u200c\u2003 \u200c\u2003 \u200c\u2003 \u200c\u2003 \u200c\u2003 \u200c\u2003 \u200c\u2003 \u200c\u2003 \u200c\u2003 \u200c\u2003 \u200c\u2003 \u200c\u2003 \u200c\u2003 \u200c\u2003 \u200c\u2003 \u200c\u2003 \u200c\u2003 \u200c\u2003 \u200c\u2003 \u200c\u2003 \u200c\u2003 \u200c\u2003 \u200c\u2003 \u200c\u2003 \u200c\u2003 \u200c\u2003 \u200c\u2003 \u200c\u2003 \u200c\u2003 \u200c\u2003 \u200c\u2003 \u200c\u2003 \u200c\u2003 \u200c\u2003 \u200c\u2003 \u200c\u2003 \u200c\u2003 \u200c\u2003 \u200c\u2003 \u200c\u2003 \u200c\u2003 \u200c\u2003 \u200c\u2003 \u200c\u2003 \u200c\u2003 \u200c\u2003 \u200c\u2003 \u200c\u2003 \u200c\u2003 \u200c\u2003 \u200c\u2003 \u200c\u2003 \u200c\u2003 \u200c\u2003 \u200c\u2003 \u200c\u2003 \u200c\u2003 \u200c\u2003 \u200c\u2003 \u200c\u2003 \u200c\u2003 \u200c\u2003 \u200c\u2003 \u200c\u2003 \u200c\u2003 \u200c\u2003 \u200c\u2003 \u200c\u2003 \u200cDavid Liang你有 178 条未读通知待查看通知Pro Visa - 小老板给你发送了3条消息4个加好友请求David Liang和其他 2 位用户在20张照片中标记了你Ch Lee和其他 24 位用户有53条密友动态更新98条新通知查看通知前往\xa0Facebook这封邮件：有用|没用此邮件发给497720537@qq.com。 如果不希望再收到 Meta 的这类邮件，请退订。Meta Platforms, Inc., Attention: Community Support, 1 Meta Way, Menlo Park, CA 94025为保护你的主页安全，请勿转发这封邮件。详细了解', 'David Liang，请查看有关 Ben Ping 和 Jojo Liang 的未读消息和其他通知。\u200c\u2003 \u200c\u2003 \u200c\u2003 \u200c\u2003 \u200c\u2003 \u200c\u2003 \u200c\u2003 \u200c\u2003 \u200c\u2003 \u200c\u2003 \u200c\u2003 \u200c\u2003 \u200c\u2003 \u200c\u2003 \u200c\u2003 \u200c\u2003 \u200c\u2003 \u200c\u2003 \u200c\u2003 \u200c\u2003 \u200c\u2003 \u200c\u2003 \u200c\u2003 \u200c\u2003 \u200c\u2003 \u200c\u2003 \u200c\u2003 \u200c\u2003 \u200c\u2003 \u200c\u2003 \u200c\u2003 \u200c\u2003 \u200c\u2003 \u200c\u2003 \u200c\u2003 \u200c\u2003 \u200c\u2003 \u200c\u2003 \u200c\u2003 \u200c\u2003 \u200c\u2003 \u200c\u2003 \u200c\u2003 \u200c\u2003 \u200c\u2003 \u200c\u2003 \u200c\u2003 \u200c\u2003 \u200c\u2003 \u200c\u2003 \u200c\u2003 \u200c\u2003 \u200c\u2003 \u200c\u2003 \u200c\u2003 \u200c\u2003 \u200c\u2003 \u200c\u2003 \u200c\u2003 \u200c\u2003 \u200c\u2003 \u200c\u2003 \u200c\u2003 \u200c\u2003 \u200c\u2003 \u200c\u2003 \u200c\u2003 \u200c\u2003 \u200c\u2003 \u200c\u2003 \u200c\u2003 \u200c\u2003 \u200c\u2003 \u200c\u2003 \u200c\u2003 \u200c\u2003 \u200c\u2003 \u200c\u2003 \u200c\u2003 \u200c\u2003 \u200c\u2003 \u200c\u2003 \u200c\u2003 \u200c\u2003 \u200c\u2003 \u200c\u2003 \u200c\u2003 \u200c\u2003 \u200c\u2003 \u200c\u2003 \u200c\u2003 \u200c\u2003 \u200c\u2003 \u200c\u2003 \u200c\u2003 \u200c\u2003 \u200c\u2003 \u200c\u2003 \u200c\u2003 \u200c\u2003 \u200c\u2003 \u200c\u2003 \u200c\u2003 \u200c\u2003 \u200c\u2003 \u200c\u2003 \u200c\u2003 \u200c\u2003 \u200c\u2003 \u200c\u2003 \u200c\u2003 \u200c\u2003 \u200c\u2003 \u200c\u2003 \u200c\u2003 \u200c\u2003 \u200c\u2003 \u200c\u2003 \u200c\u2003 \u200c\u2003 \u200c\u2003 \u200c\u2003 \u200c\u2003 \u200c\u2003 \u200c\u2003 \u200c\u2003 \u200c\u2003 \u200c\u2003 \u200c\u2003 \u200c\u2003 \u200c\u2003 \u200c\u2003 \u200c\u2003 \u200c\u2003 \u200c\u2003 \u200c\u2003 \u200c\u2003 \u200c\u2003 \u200c\u2003 \u200c\u2003 \u200c\u2003 \u200c\u2003 \u200c\u2003 \u200c\u2003 \u200c\u2003 \u200c\u2003 \u200c\u2003 \u200c\u2003 \u200c\u2003 \u200c\u2003 \u200c\u2003 \u200c\u2003 \u200c\u2003 \u200c\u2003 \u200c\u2003 \u200c\u2003 \u200c\u2003 \u200c\u2003 \u200c\u2003 \u200c\u2003 \u200c\u2003 \u200c\u2003 \u200c\u2003 \u200c\u2003 \u200c\u2003 \u200c\u2003 \u200c\u2003 \u200c\u2003 \u200c\u2003 \u200c\u2003 \u200c\u2003 \u200c\u2003 \u200c\u2003 \u200c\u2003 \u200c\u2003 \u200c\u2003 \u200c\u2003 \u200c\u2003 \u200c\u2003 \u200c\u2003 \u200c\u2003 \u200c\u2003 \u200c\u2003 \u200c\u2003 \u200c\u2003 \u200c\u2003 \u200c\u2003 \u200c\u2003 \u200c\u2003 \u200c\u2003 \u200c\u2003 \u200c\u2003 \u200c\u2003 \u200c\u2003 \u200c\u2003 \u200c\u2003 \u200c\u2003 \u200c\u2003 \u200c\u2003 \u200c\u2003 \u200c\u2003 \u200c\u2003 \u200c\u2003 \u200c\u2003 \u200c\u2003 \u200c\u2003 \u200c\u2003 \u200c\u2003 \u200c\u2003 \u200c\u2003 \u200c\u2003 \u200c\u2003 \u200c\u2003 \u200c\u2003 \u200c\u2003 \u200c\u2003 \u200c\u2003 \u200c\u2003 \u200c\u2003 \u200c\u2003 \u200c\u2003 \u200c\u2003 \u200c\u2003 \u200c\u2003 \u200c\u2003 \u200c\u2003 \u200c\u2003 \u200c\u2003 \u200c\u2003 \u200c\u2003 \u200c\u2003 \u200c\u2003 \u200c\u2003 \u200c\u2003 \u200c\u2003 \u200c\u2003 \u200c\u2003 \u200c\u2003 \u200c\u2003 \u200c\u2003 \u200c\u2003 \u200c\u2003 \u200c\u2003 \u200c\u2003 \u200c\u2003 \u200c\u2003 \u200c\u2003 \u200c\u2003 \u200c\u2003 \u200c\u2003 \u200c\u2003 \u200c\u2003 \u200c\u2003 \u200c\u2003 \u200c\u2003 \u200c\u2003 \u200c\u2003 \u200c\u2003 \u200c\u2003 \u200c\u2003 \u200c\u2003 \u200c\u2003 \u200c\u2003 \u200c\u2003 \u200c\u2003 \u200c\u2003 \u200c\u2003 \u200c\u2003 \u200c\u2003 \u200c\u2003 \u200c\u2003 \u200c\u2003 \u200c\u2003 \u200c\u2003 \u200c\u2003 \u200c\u2003 \u200c\u2003 \u200c\u2003 \u200c\u2003 \u200c\u2003 \u200c\u2003 \u200c\u2003 \u200c\u2003 \u200c\u2003 \u200c\u2003 \u200c\u2003 \u200c\u2003 \u200c\u2003 \u200c\u2003 \u200c\u2003 \u200c\u2003 \u200c\u2003 \u200c\u2003 \u200c\u2003 \u200c\u2003 \u200c\u2003 \u200c\u2003 \u200c\u2003 \u200c\u2003 \u200cDavid Liang你有 178 条未读通知待查看通知Pro Visa - 小老板给你发送了3条消息4个加好友请求David Liang和其他 2 位用户在20张照片中标记了你Ch Lee和其他 24 位用户有53条密友动态更新98条新通知查看通知前往\xa0Facebook这封邮件：有用|没用此邮件发给497720537@qq.com。 如果不希望再收到 Meta 的这类邮件，请退订。Meta Platforms, Inc., Attention: Community Support, 1 Meta Way, Menlo Park, CA 94025为保护你的主页安全，请勿转发这封邮件。详细了解', '', 'David Liang，请查看有关 Ben Ping 和 Jojo Liang 的未读消息和其他通知。\u200c\u2003 \u200c\u2003 \u200c\u2003 \u200c\u2003 \u200c\u2003 \u200c\u2003 \u200c\u2003 \u200c\u2003 \u200c\u2003 \u200c\u2003 \u200c\u2003 \u200c\u2003 \u200c\u2003 \u200c\u2003 \u200c\u2003 \u200c\u2003 \u200c\u2003 \u200c\u2003 \u200c\u2003 \u200c\u2003 \u200c\u2003 \u200c\u2003 \u200c\u2003 \u200c\u2003 \u200c\u2003 \u200c\u2003 \u200c\u2003 \u200c\u2003 \u200c\u2003 \u200c\u2003 \u200c\u2003 \u200c\u2003 \u200c\u2003 \u200c\u2003 \u200c\u2003 \u200c\u2003 \u200c\u2003 \u200c\u2003 \u200c\u2003 \u200c\u2003 \u200c\u2003 \u200c\u2003 \u200c\u2003 \u200c\u2003 \u200c\u2003 \u200c\u2003 \u200c\u2003 \u200c\u2003 \u200c\u2003 \u200c\u2003 \u200c\u2003 \u200c\u2003 \u200c\u2003 \u200c\u2003 \u200c\u2003 \u200c\u2003 \u200c\u2003 \u200c\u2003 \u200c\u2003 \u200c\u2003 \u200c\u2003 \u200c\u2003 \u200c\u2003 \u200c\u2003 \u200c\u2003 \u200c\u2003 \u200c\u2003 \u200c\u2003 \u200c\u2003 \u200c\u2003 \u200c\u2003 \u200c\u2003 \u200c\u2003 \u200c\u2003 \u200c\u2003 \u200c\u2003 \u200c\u2003 \u200c\u2003 \u200c\u2003 \u200c\u2003 \u200c\u2003 \u200c\u2003 \u200c\u2003 \u200c\u2003 \u200c\u2003 \u200c\u2003 \u200c\u2003 \u200c\u2003 \u200c\u2003 \u200c\u2003 \u200c\u2003 \u200c\u2003 \u200c\u2003 \u200c\u2003 \u200c\u2003 \u200c\u2003 \u200c\u2003 \u200c\u2003 \u200c\u2003 \u200c\u2003 \u200c\u2003 \u200c\u2003 \u200c\u2003 \u200c\u2003 \u200c\u2003 \u200c\u2003 \u200c\u2003 \u200c\u2003 \u200c\u2003 \u200c\u2003 \u200c\u2003 \u200c\u2003 \u200c\u2003 \u200c\u2003 \u200c\u2003 \u200c\u2003 \u200c\u2003 \u200c\u2003 \u200c\u2003 \u200c\u2003 \u200c\u2003 \u200c\u2003 \u200c\u2003 \u200c\u2003 \u200c\u2003 \u200c\u2003 \u200c\u2003 \u200c\u2003 \u200c\u2003 \u200c\u2003 \u200c\u2003 \u200c\u2003 \u200c\u2003 \u200c\u2003 \u200c\u2003 \u200c\u2003 \u200c\u2003 \u200c\u2003 \u200c\u2003 \u200c\u2003 \u200c\u2003 \u200c\u2003 \u200c\u2003 \u200c\u2003 \u200c\u2003 \u200c\u2003 \u200c\u2003 \u200c\u2003 \u200c\u2003 \u200c\u2003 \u200c\u2003 \u200c\u2003 \u200c\u2003 \u200c\u2003 \u200c\u2003 \u200c\u2003 \u200c\u2003 \u200c\u2003 \u200c\u2003 \u200c\u2003 \u200c\u2003 \u200c\u2003 \u200c\u2003 \u200c\u2003 \u200c\u2003 \u200c\u2003 \u200c\u2003 \u200c\u2003 \u200c\u2003 \u200c\u2003 \u200c\u2003 \u200c\u2003 \u200c\u2003 \u200c\u2003 \u200c\u2003 \u200c\u2003 \u200c\u2003 \u200c\u2003 \u200c\u2003 \u200c\u2003 \u200c\u2003 \u200c\u2003 \u200c\u2003 \u200c\u2003 \u200c\u2003 \u200c\u2003 \u200c\u2003 \u200c\u2003 \u200c\u2003 \u200c\u2003 \u200c\u2003 \u200c\u2003 \u200c\u2003 \u200c\u2003 \u200c\u2003 \u200c\u2003 \u200c\u2003 \u200c\u2003 \u200c\u2003 \u200c\u2003 \u200c\u2003 \u200c\u2003 \u200c\u2003 \u200c\u2003 \u200c\u2003 \u200c\u2003 \u200c\u2003 \u200c\u2003 \u200c\u2003 \u200c\u2003 \u200c\u2003 \u200c\u2003 \u200c\u2003 \u200c\u2003 \u200c\u2003 \u200c\u2003 \u200c\u2003 \u200c\u2003 \u200c\u2003 \u200c\u2003 \u200c\u2003 \u200c\u2003 \u200c\u2003 \u200c\u2003 \u200c\u2003 \u200c\u2003 \u200c\u2003 \u200c\u2003 \u200c\u2003 \u200c\u2003 \u200c\u2003 \u200c\u2003 \u200c\u2003 \u200c\u2003 \u200c\u2003 \u200c\u2003 \u200c\u2003 \u200c\u2003 \u200c\u2003 \u200c\u2003 \u200c\u2003 \u200c\u2003 \u200c\u2003 \u200c\u2003 \u200c\u2003 \u200c\u2003 \u200c\u2003 \u200c\u2003 \u200c\u2003 \u200c\u2003 \u200c\u2003 \u200c\u2003 \u200c\u2003 \u200c\u2003 \u200c\u2003 \u200c\u2003 \u200c\u2003 \u200c\u2003 \u200c\u2003 \u200c\u2003 \u200c\u2003 \u200c\u2003 \u200c\u2003 \u200c\u2003 \u200c\u2003 \u200c\u2003 \u200c\u2003 \u200c\u2003 \u200c\u2003 \u200c\u2003 \u200c\u2003 \u200c\u2003 \u200c\u2003 \u200c\u2003 \u200c\u2003 \u200c\u2003 \u200c\u2003 \u200c\u2003 \u200c\u2003 \u200c\u2003 \u200c\u2003 \u200c\u2003 \u200c\u2003 \u200c\u2003 \u200c\u2003 \u200c\u2003 \u200c\u2003 \u200c\u2003 \u200c\u2003 \u200c\u2003 \u200c\u2003 \u200c\u2003 \u200c\u2003 \u200c\u2003 \u200c\u2003 \u200c\u2003 \u200c\u2003 \u200c\u2003 \u200c\u2003 \u200c', '', 'David Liang', '', '', 'David Liang', 'David Liang', '', '', '', '', '', '你有 178 条未读通知待查看通知Pro Visa - 小老板给你发送了3条消息4个加好友请求David Liang和其他 2 位用户在20张照片中标记了你Ch Lee和其他 24 位用户有53条密友动态更新98条新通知', '', '你有 178 条未读通知待查看', '', '通知Pro Visa - 小老板给你发送了3条消息4个加好友请求David Liang和其他 2 位用户在20张照片中标记了你Ch Lee和其他 24 位用户有53条密友动态更新98条新通知', 'Pro Visa - 小老板给你发送了3条消息', '', '', 'Pro Visa - 小老板给你发送了3条消息', 'Pro Visa - 小老板给你发送了3条消息', '', '4个加好友请求', '', '', '4个加好友请求', '4个加好友请求', '', 'David Liang和其他 2 位用户在20张照片中标记了你', '', '', 'David Liang和其他 2 位用户在20张照片中标记了你', 'David Liang和其他 2 位用户在20张照片中标记了你', '', '', '', 'Ch Lee和其他 24 位用户有53条密友动态更新', '', '', 'Ch Lee和其他 24 位用户有53条密友动态更新', 'Ch Lee和其他 24 位用户有53条密友动态更新', '', '', '', '', '', '98条新通知', '', '', '98条新通知', '98条新通知', '', '', '', '', '查看通知前往\xa0Facebook', '', '查看通知', '查看通知', '', '前往\xa0Facebook', '前往\xa0Facebook', '', '', '', '', '这封邮件：有用|没用', '这封邮件：有用|没用', '', '', '', '此邮件发给497720537@qq.com。 如果不希望再收到 Meta 的这类邮件，请退订。Meta Platforms, Inc., Attention: Community Support, 1 Meta Way, Menlo Park, CA 94025', '', '此邮件发给497720537@qq.com。 如果不希望再收到 Meta 的这类邮件，请退订。Meta Platforms, Inc., Attention: Community Support, 1 Meta Way, Menlo Park, CA 94025', '', '', '为保护你的主页安全，请勿转发这封邮件。详细了解', '为保护你的主页安全，请勿转发这封邮件。详细了解', '', '']
[2026-05-18 02:55:15] QQ-主 邮件 3593 无有效信号
[2026-05-18 02:55:15]  QQ-主 正在解析因子: =?UTF-8?B?5aSn5a625aW977yaTWVlIFRhbSDmnInmlrDliqg=?=
 =?UTF-8?B?5oCB?=
[2026-05-18 02:55:15]  发现表格，共 22 行数据
[2026-05-18 02:55:15]  表头映射失败，未找到指定列名。当前表头: ['看看 TA 发布了什么吧。大家好：Mee Tam有新动态5月16日 17:08查看此邮件发给497720537@qq.com。 如果不希望再收到 Meta 的这类邮件，请退订。Meta Platforms, Inc., Attention: Community Support, 1 Meta Way, Menlo Park, CA 94025为保护你的主页安全，请勿转发这封邮件。详细了解', '', '看看 TA 发布了什么吧。', '', '', '', '', '', '', '', '', '', '', '', '', '', '', '大家好：Mee Tam有新动态5月16日 17:08查看', '', '大家好：Mee Tam有新动态5月16日 17:08查看', '大家好：Mee Tam有新动态5月16日 17:08查看', '', '', '大家好：Mee Tam有新动态5月16日 17:08查看', '大家好：Mee Tam有新动态', '5月16日 17:08', '', '查看', '', '', '', '', '此邮件发给497720537@qq.com。 如果不希望再收到 Meta 的这类邮件，请退订。Meta Platforms, Inc., Attention: Community Support, 1 Meta Way, Menlo Park, CA 94025', '', '此邮件发给497720537@qq.com。 如果不希望再收到 Meta 的这类邮件，请退订。Meta Platforms, Inc., Attention: Community Support, 1 Meta Way, Menlo Park, CA 94025', '', '', '为保护你的主页安全，请勿转发这封邮件。详细了解', '为保护你的主页安全，请勿转发这封邮件。详细了解', '', '']
[2026-05-18 02:55:15] QQ-主 邮件 3594 无有效信号
[2026-05-18 02:55:15]  QQ-主 正在解析因子: Get 50% off Pro
[2026-05-18 02:55:15]  发现表格，共 31 行数据
[2026-05-18 02:55:15]  表头映射失败，未找到指定列名。当前表头: ['MAY 13-1850% off ProIt\'s easier to reach your career goals with 50% off annual Pro membership. Access 700+ courses, projects, certification prep, and so much more. Use codeMAYFLOWERSat checkout—don’t miss out!Join ProPRO FEATURE:Certification pathsPrepare for top industry certifications from AWS, Microsoft, CompTIA, and more.Reach your career goals with ProJoin Pro now*50% Off offer valid from May 13, 2026 at 12:00:00 am Eastern Time ("ET") and ends at 11:59:59 pm ET on May 18, 2026. Discount is only applicable to new annual subscription plans (excluding Codecademy Plus, Student, Teams, and All Access), and cannot be combined with any other offer. Discount applies to the first year of a new subscription, after which the subscription will auto-renew for subsequent years at the regular price. Code valid one time only. Discount applies to certain products and not all products are available in all countries. Discount is not applicable to taxes. Codecademy reserves the right to modify or cancel this promotion at any time without notice. Any subscription plan purchases are subject to Codecademy\'sTerms of Service.View Web Version|Email Preferences|Unsubscribe|Privacy PolicyView Web VersionEmail PreferencesUnsubscribePrivacy PolicyCopyright Codecademy. All rights reserved.300 Innovative Way, Suite 2210, Nashua, NH 03062', '', '', '', "MAY 13-1850% off ProIt's easier to reach your career goals with 50% off annual Pro membership. Access 700+ courses, projects, certification prep, and so much more. Use codeMAYFLOWERSat checkout—don’t miss out!Join Pro", "MAY 13-1850% off ProIt's easier to reach your career goals with 50% off annual Pro membership. Access 700+ courses, projects, certification prep, and so much more. Use codeMAYFLOWERSat checkout—don’t miss out!Join Pro", 'MAY 13-18', 'MAY 13-18', 'MAY 13-18', '50% off Pro', "It's easier to reach your career goals with 50% off annual Pro membership. Access 700+ courses, projects, certification prep, and so much more. Use codeMAYFLOWERSat checkout—don’t miss out!", 'Join Pro', 'PRO FEATURE:Certification pathsPrepare for top industry certifications from AWS, Microsoft, CompTIA, and more.', 'PRO FEATURE:Certification pathsPrepare for top industry certifications from AWS, Microsoft, CompTIA, and more.', 'PRO FEATURE:', 'Certification paths', 'Prepare for top industry certifications from AWS, Microsoft, CompTIA, and more.', '', '', 'Reach your career goals with ProJoin Pro now', 'Reach your career goals with ProJoin Pro now', 'Reach your career goals with Pro', 'Join Pro now', '*50% Off offer valid from May 13, 2026 at 12:00:00 am Eastern Time ("ET") and ends at 11:59:59 pm ET on May 18, 2026. Discount is only applicable to new annual subscription plans (excluding Codecademy Plus, Student, Teams, and All Access), and cannot be combined with any other offer. Discount applies to the first year of a new subscription, after which the subscription will auto-renew for subsequent years at the regular price. Code valid one time only. Discount applies to certain products and not all products are available in all countries. Discount is not applicable to taxes. Codecademy reserves the right to modify or cancel this promotion at any time without notice. Any subscription plan purchases are subject to Codecademy\'sTerms of Service.', '*50% Off offer valid from May 13, 2026 at 12:00:00 am Eastern Time ("ET") and ends at 11:59:59 pm ET on May 18, 2026. Discount is only applicable to new annual subscription plans (excluding Codecademy Plus, Student, Teams, and All Access), and cannot be combined with any other offer. Discount applies to the first year of a new subscription, after which the subscription will auto-renew for subsequent years at the regular price. Code valid one time only. Discount applies to certain products and not all products are available in all countries. Discount is not applicable to taxes. Codecademy reserves the right to modify or cancel this promotion at any time without notice. Any subscription plan purchases are subject to Codecademy\'sTerms of Service.', '*50% Off offer valid from May 13, 2026 at 12:00:00 am Eastern Time ("ET") and ends at 11:59:59 pm ET on May 18, 2026. Discount is only applicable to new annual subscription plans (excluding Codecademy Plus, Student, Teams, and All Access), and cannot be combined with any other offer. Discount applies to the first year of a new subscription, after which the subscription will auto-renew for subsequent years at the regular price. Code valid one time only. Discount applies to certain products and not all products are available in all countries. Discount is not applicable to taxes. Codecademy reserves the right to modify or cancel this promotion at any time without notice. Any subscription plan purchases are subject to Codecademy\'sTerms of Service.', 'View Web Version|Email Preferences|Unsubscribe|Privacy PolicyView Web VersionEmail PreferencesUnsubscribePrivacy PolicyCopyright Codecademy. All rights reserved.300 Innovative Way, Suite 2210, Nashua, NH 03062', 'View Web Version|Email Preferences|Unsubscribe|Privacy PolicyView Web VersionEmail PreferencesUnsubscribePrivacy PolicyCopyright Codecademy. All rights reserved.300 Innovative Way, Suite 2210, Nashua, NH 03062', 'View Web Version|Email Preferences|Unsubscribe|Privacy Policy', 'View Web Version|Email Preferences|Unsubscribe|Privacy Policy', 'View Web VersionEmail PreferencesUnsubscribePrivacy Policy', 'View Web VersionEmail PreferencesUnsubscribePrivacy Policy', 'Copyright Codecademy. All rights reserved.300 Innovative Way, Suite 2210, Nashua, NH 03062']
[2026-05-18 02:55:15] QQ-主 邮件 3595 无有效信号
[2026-05-18 02:55:16]  正在连接 QQ-备用 邮箱服务器 (shouqianbadavid@qq.com) ...
[2026-05-18 02:55:51]  正在连接 QQ-主 邮箱服务器 (497720537@qq.com) ...
[2026-05-18 02:55:52]  正在连接 QQ-备用 邮箱服务器 (shouqianbadavid@qq.com) ...
[2026-05-18 02:56:28]  正在连接 QQ-主 邮箱服务器 (497720537@qq.com) ...
[2026-05-18 02:56:29]  正在连接 QQ-备用 邮箱服务器 (shouqianbadavid@qq.com) ...
[2026-05-18 02:57:05]  正在连接 QQ-主 邮箱服务器 (497720537@qq.com) ...
[2026-05-18 02:57:05]  正在连接 QQ-备用 邮箱服务器 (shouqianbadavid@qq.com) ...
[2026-05-18 02:57:41]  正在连接 QQ-主 邮箱服务器 (497720537@qq.com) ...
[2026-05-18 02:57:41]  正在连接 QQ-备用 邮箱服务器 (shouqianbadavid@qq.com) ...
[2026-05-18 02:58:17]  正在连接 QQ-主 邮箱服务器 (497720537@qq.com) ...
[2026-05-18 02:58:17]  正在连接 QQ-备用 邮箱服务器 (shouqianbadavid@qq.com) ...
[2026-05-18 02:58:53]  正在连接 QQ-主 邮箱服务器 (497720537@qq.com) ...
[2026-05-18 02:58:53]  正在连接 QQ-备用 邮箱服务器 (shouqianbadavid@qq.com) ...
[2026-05-18 02:59:29]  正在连接 QQ-主 邮箱服务器 (497720537@qq.com) ...
[2026-05-18 02:59:29]  正在连接 QQ-备用 邮箱服务器 (shouqianbadavid@qq.com) ...
[2026-05-18 03:00:05]  正在连接 QQ-主 邮箱服务器 (497720537@qq.com) ...
[2026-05-18 03:00:06]  正在连接 QQ-备用 邮箱服务器 (shouqianbadavid@qq.com) ...
[2026-05-18 03:00:41]  正在连接 QQ-主 邮箱服务器 (497720537@qq.com) ...
[2026-05-18 03:00:42]  正在连接 QQ-备用 邮箱服务器 (shouqianbadavid@qq.com) ...
[2026-05-18 03:01:18]  正在连接 QQ-主 邮箱服务器 (497720537@qq.com) ...
[2026-05-18 03:01:18]  正在连接 QQ-备用 邮箱服务器 (shouqianbadavid@qq.com) ...
[2026-05-18 03:01:54]  正在连接 QQ-主 邮箱服务器 (497720537@qq.com) ...
[2026-05-18 03:01:55]  正在连接 QQ-备用 邮箱服务器 (shouqianbadavid@qq.com) ...
[2026-05-18 03:02:31]  正在连接 QQ-主 邮箱服务器 (497720537@qq.com) ...
[2026-05-18 03:02:31]  正在连接 QQ-备用 邮箱服务器 (shouqianbadavid@qq.com) ...
[2026-05-18 03:03:07]  正在连接 QQ-主 邮箱服务器 (497720537@qq.com) ...
[2026-05-18 03:03:08]  正在连接 QQ-备用 邮箱服务器 (shouqianbadavid@qq.com) ...
[2026-05-18 03:03:43]  正在连接 QQ-主 邮箱服务器 (497720537@qq.com) ...
[2026-05-18 03:03:44]  正在连接 QQ-备用 邮箱服务器 (shouqianbadavid@qq.com) ...
[2026-05-18 03:04:20]  正在连接 QQ-主 邮箱服务器 (497720537@qq.com) ...
[2026-05-18 03:04:20]  正在连接 QQ-备用 邮箱服务器 (shouqianbadavid@qq.com) ...
[2026-05-18 03:04:56]  正在连接 QQ-主 邮箱服务器 (497720537@qq.com) ...
[2026-05-18 03:04:57]  正在连接 QQ-备用 邮箱服务器 (shouqianbadavid@qq.com) ...
[2026-05-18 03:05:32]  正在连接 QQ-主 邮箱服务器 (497720537@qq.com) ...
[2026-05-18 03:05:33]  正在连接 QQ-备用 邮箱服务器 (shouqianbadavid@qq.com) ...
[2026-05-18 03:06:09]  正在连接 QQ-主 邮箱服务器 (497720537@qq.com) ...
[2026-05-18 03:06:10]  正在连接 QQ-备用 邮箱服务器 (shouqianbadavid@qq.com) ...
[2026-05-18 03:06:46]  正在连接 QQ-主 邮箱服务器 (497720537@qq.com) ...
[2026-05-18 03:06:46]  正在连接 QQ-备用 邮箱服务器 (shouqianbadavid@qq.com) ...
[2026-05-18 03:07:22]  正在连接 QQ-主 邮箱服务器 (497720537@qq.com) ...
[2026-05-18 03:07:22]  正在连接 QQ-备用 邮箱服务器 (shouqianbadavid@qq.com) ...
[2026-05-18 03:07:58]  正在连接 QQ-主 邮箱服务器 (497720537@qq.com) ...
[2026-05-18 03:07:58]  正在连接 QQ-备用 邮箱服务器 (shouqianbadavid@qq.com) ...
[2026-05-18 03:08:34]  正在连接 QQ-主 邮箱服务器 (497720537@qq.com) ...
[2026-05-18 03:08:34]  正在连接 QQ-备用 邮箱服务器 (shouqianbadavid@qq.com) ...
[2026-05-18 03:09:10]  正在连接 QQ-主 邮箱服务器 (497720537@qq.com) ...
[2026-05-18 03:09:11]  正在连接 QQ-备用 邮箱服务器 (shouqianbadavid@qq.com) ...
[2026-05-18 03:09:47]  正在连接 QQ-主 邮箱服务器 (497720537@qq.com) ...
[2026-05-18 03:09:47]  正在连接 QQ-备用 邮箱服务器 (shouqianbadavid@qq.com) ...
[2026-05-18 03:10:23]  正在连接 QQ-主 邮箱服务器 (497720537@qq.com) ...
[2026-05-18 03:10:24]  正在连接 QQ-备用 邮箱服务器 (shouqianbadavid@qq.com) ...
[2026-05-18 03:11:00]  正在连接 QQ-主 邮箱服务器 (497720537@qq.com) ...
[2026-05-18 03:11:00]  正在连接 QQ-备用 邮箱服务器 (shouqianbadavid@qq.com) ...
[2026-05-18 03:11:36]  正在连接 QQ-主 邮箱服务器 (497720537@qq.com) ...
[2026-05-18 03:11:37]  正在连接 QQ-备用 邮箱服务器 (shouqianbadavid@qq.com) ...
[2026-05-18 03:12:13]  正在连接 QQ-主 邮箱服务器 (497720537@qq.com) ...
[2026-05-18 03:12:14]  正在连接 QQ-备用 邮箱服务器 (shouqianbadavid@qq.com) ...
[2026-05-18 03:12:50]  正在连接 QQ-主 邮箱服务器 (497720537@qq.com) ...
[2026-05-18 03:12:50]  正在连接 QQ-备用 邮箱服务器 (shouqianbadavid@qq.com) ...
[2026-05-18 03:13:26]  正在连接 QQ-主 邮箱服务器 (497720537@qq.com) ...
[2026-05-18 03:13:27]  正在连接 QQ-备用 邮箱服务器 (shouqianbadavid@qq.com) ...
[2026-05-18 03:14:03]  正在连接 QQ-主 邮箱服务器 (497720537@qq.com) ...
[2026-05-18 03:14:03]  正在连接 QQ-备用 邮箱服务器 (shouqianbadavid@qq.com) ...
[2026-05-18 03:14:39]  正在连接 QQ-主 邮箱服务器 (497720537@qq.com) ...
[2026-05-18 03:14:40]  正在连接 QQ-备用 邮箱服务器 (shouqianbadavid@qq.com) ...
[2026-05-18 03:15:15]  正在连接 QQ-主 邮箱服务器 (497720537@qq.com) ...
[2026-05-18 03:15:16]  正在连接 QQ-备用 邮箱服务器 (shouqianbadavid@qq.com) ...
[2026-05-18 03:15:51]  正在连接 QQ-主 邮箱服务器 (497720537@qq.com) ...
[2026-05-18 03:15:52]  正在连接 QQ-备用 邮箱服务器 (shouqianbadavid@qq.com) ...
[2026-05-18 03:16:27]  正在连接 QQ-主 邮箱服务器 (497720537@qq.com) ...
[2026-05-18 03:16:28]  正在连接 QQ-备用 邮箱服务器 (shouqianbadavid@qq.com) ...
[2026-05-18 03:17:04]  正在连接 QQ-主 邮箱服务器 (497720537@qq.com) ...
[2026-05-18 03:17:04]  正在连接 QQ-备用 邮箱服务器 (shouqianbadavid@qq.com) ...
[2026-05-18 03:17:40]  正在连接 QQ-主 邮箱服务器 (497720537@qq.com) ...
[2026-05-18 03:17:41]  正在连接 QQ-备用 邮箱服务器 (shouqianbadavid@qq.com) ...
[2026-05-18 03:18:17]  正在连接 QQ-主 邮箱服务器 (497720537@qq.com) ...
[2026-05-18 03:18:17]  正在连接 QQ-备用 邮箱服务器 (shouqianbadavid@qq.com) ...
[2026-05-18 03:18:53]  正在连接 QQ-主 邮箱服务器 (497720537@qq.com) ...
[2026-05-18 03:18:54]  正在连接 QQ-备用 邮箱服务器 (shouqianbadavid@qq.com) ...
[2026-05-18 03:19:30]  正在连接 QQ-主 邮箱服务器 (497720537@qq.com) ...
[2026-05-18 03:19:30]  正在连接 QQ-备用 邮箱服务器 (shouqianbadavid@qq.com) ...
[2026-05-18 03:20:06]  正在连接 QQ-主 邮箱服务器 (497720537@qq.com) ...
[2026-05-18 03:20:06]  正在连接 QQ-备用 邮箱服务器 (shouqianbadavid@qq.com) ...
[2026-05-18 03:20:42]  正在连接 QQ-主 邮箱服务器 (497720537@qq.com) ...
[2026-05-18 03:20:43]  正在连接 QQ-备用 邮箱服务器 (shouqianbadavid@qq.com) ...
[2026-05-18 03:42:20]  AlphaPilot 监听服务 (Pro 多邮箱版) 启动...
[2026-05-18 03:42:20]  信号保存目录: D:\mpython\signals
[2026-05-18 03:42:20]  日志文件: D:\mpython\logs_receiver\receiver_20260518.log
[2026-05-18 03:42:20]  正在连接 QQ-主 邮箱服务器 (497720537@qq.com) ...
[2026-05-18 03:42:21]  正在连接 QQ-备用 邮箱服务器 (shouqianbadavid@qq.com) ...
[2026-05-18 03:42:56]  正在连接 QQ-主 邮箱服务器 (497720537@qq.com) ...
[2026-05-18 03:42:57]  正在连接 QQ-备用 邮箱服务器 (shouqianbadavid@qq.com) ...
[2026-05-18 03:43:33]  正在连接 QQ-主 邮箱服务器 (497720537@qq.com) ...
[2026-05-18 03:43:33]  正在连接 QQ-备用 邮箱服务器 (shouqianbadavid@qq.com) ...
[2026-05-18 03:44:09]  正在连接 QQ-主 邮箱服务器 (497720537@qq.com) ...
[2026-05-18 03:44:10]  正在连接 QQ-备用 邮箱服务器 (shouqianbadavid@qq.com) ...
[2026-05-18 03:44:46]  正在连接 QQ-主 邮箱服务器 (497720537@qq.com) ...
[2026-05-18 03:44:47]  正在连接 QQ-备用 邮箱服务器 (shouqianbadavid@qq.com) ...
[2026-05-18 03:45:22]  正在连接 QQ-主 邮箱服务器 (497720537@qq.com) ...
[2026-05-18 03:45:23]  正在连接 QQ-备用 邮箱服务器 (shouqianbadavid@qq.com) ...
[2026-05-18 03:45:59]  正在连接 QQ-主 邮箱服务器 (497720537@qq.com) ...
[2026-05-18 03:46:00]  正在连接 QQ-备用 邮箱服务器 (shouqianbadavid@qq.com) ...
[2026-05-18 03:46:35]  正在连接 QQ-主 邮箱服务器 (497720537@qq.com) ...
[2026-05-18 03:46:36]  正在连接 QQ-备用 邮箱服务器 (shouqianbadavid@qq.com) ...
[2026-05-18 03:47:12]  正在连接 QQ-主 邮箱服务器 (497720537@qq.com) ...
[2026-05-18 03:47:12]  正在连接 QQ-备用 邮箱服务器 (shouqianbadavid@qq.com) ...
[2026-05-18 03:47:48]  正在连接 QQ-主 邮箱服务器 (497720537@qq.com) ...
[2026-05-18 03:47:48]  正在连接 QQ-备用 邮箱服务器 (shouqianbadavid@qq.com) ...
[2026-05-18 03:48:24]  正在连接 QQ-主 邮箱服务器 (497720537@qq.com) ...
[2026-05-18 03:48:25]  正在连接 QQ-备用 邮箱服务器 (shouqianbadavid@qq.com) ...
[2026-05-18 03:49:01]  正在连接 QQ-主 邮箱服务器 (497720537@qq.com) ...
[2026-05-18 03:49:01]  正在连接 QQ-备用 邮箱服务器 (shouqianbadavid@qq.com) ...
[2026-05-18 03:49:37]  正在连接 QQ-主 邮箱服务器 (497720537@qq.com) ...
[2026-05-18 03:49:38]  正在连接 QQ-备用 邮箱服务器 (shouqianbadavid@qq.com) ...
[2026-05-18 03:50:14]  正在连接 QQ-主 邮箱服务器 (497720537@qq.com) ...
[2026-05-18 03:50:14]  正在连接 QQ-备用 邮箱服务器 (shouqianbadavid@qq.com) ...
[2026-05-18 03:50:50]  正在连接 QQ-主 邮箱服务器 (497720537@qq.com) ...
[2026-05-18 03:50:51]  正在连接 QQ-备用 邮箱服务器 (shouqianbadavid@qq.com) ...
[2026-05-18 03:51:26]  正在连接 QQ-主 邮箱服务器 (497720537@qq.com) ...
[2026-05-18 03:51:27]  正在连接 QQ-备用 邮箱服务器 (shouqianbadavid@qq.com) ...
[2026-05-18 03:52:03]  正在连接 QQ-主 邮箱服务器 (497720537@qq.com) ...
[2026-05-18 03:52:04]  正在连接 QQ-备用 邮箱服务器 (shouqianbadavid@qq.com) ...
[2026-05-18 03:52:39]  正在连接 QQ-主 邮箱服务器 (497720537@qq.com) ...
[2026-05-18 03:52:40]  正在连接 QQ-备用 邮箱服务器 (shouqianbadavid@qq.com) ...
[2026-05-18 03:53:15]  正在连接 QQ-主 邮箱服务器 (497720537@qq.com) ...
[2026-05-18 03:53:16]  正在连接 QQ-备用 邮箱服务器 (shouqianbadavid@qq.com) ...
[2026-05-18 03:53:52]  正在连接 QQ-主 邮箱服务器 (497720537@qq.com) ...
[2026-05-18 03:53:52]  正在连接 QQ-备用 邮箱服务器 (shouqianbadavid@qq.com) ...
[2026-05-18 03:54:28]  正在连接 QQ-主 邮箱服务器 (497720537@qq.com) ...
[2026-05-18 03:54:28]  正在连接 QQ-备用 邮箱服务器 (shouqianbadavid@qq.com) ...
[2026-05-18 03:55:04]  正在连接 QQ-主 邮箱服务器 (497720537@qq.com) ...
[2026-05-18 03:55:05]  正在连接 QQ-备用 邮箱服务器 (shouqianbadavid@qq.com) ...
[2026-05-18 03:55:40]  正在连接 QQ-主 邮箱服务器 (497720537@qq.com) ...
[2026-05-18 03:55:41]  正在连接 QQ-备用 邮箱服务器 (shouqianbadavid@qq.com) ...
[2026-05-18 03:56:17]  正在连接 QQ-主 邮箱服务器 (497720537@qq.com) ...
[2026-05-18 03:56:17]  正在连接 QQ-备用 邮箱服务器 (shouqianbadavid@qq.com) ...
[2026-05-18 03:56:53]  正在连接 QQ-主 邮箱服务器 (497720537@qq.com) ...
[2026-05-18 03:56:54]  正在连接 QQ-备用 邮箱服务器 (shouqianbadavid@qq.com) ...
[2026-05-18 03:57:30]  正在连接 QQ-主 邮箱服务器 (497720537@qq.com) ...
[2026-05-18 03:57:30]  正在连接 QQ-备用 邮箱服务器 (shouqianbadavid@qq.com) ...
[2026-05-18 03:58:06]  正在连接 QQ-主 邮箱服务器 (497720537@qq.com) ...
[2026-05-18 03:58:06]  正在连接 QQ-备用 邮箱服务器 (shouqianbadavid@qq.com) ...
[2026-05-18 03:58:42]  正在连接 QQ-主 邮箱服务器 (497720537@qq.com) ...
[2026-05-18 03:58:42]  正在连接 QQ-备用 邮箱服务器 (shouqianbadavid@qq.com) ...
[2026-05-18 03:59:18]  正在连接 QQ-主 邮箱服务器 (497720537@qq.com) ...
[2026-05-18 03:59:19]  正在连接 QQ-备用 邮箱服务器 (shouqianbadavid@qq.com) ...
[2026-05-18 03:59:54]  正在连接 QQ-主 邮箱服务器 (497720537@qq.com) ...
[2026-05-18 03:59:55]  正在连接 QQ-备用 邮箱服务器 (shouqianbadavid@qq.com) ...
[2026-05-18 04:00:31]  正在连接 QQ-主 邮箱服务器 (497720537@qq.com) ...
[2026-05-18 04:00:31]  正在连接 QQ-备用 邮箱服务器 (shouqianbadavid@qq.com) ...
[2026-05-18 04:01:07]  正在连接 QQ-主 邮箱服务器 (497720537@qq.com) ...
[2026-05-18 04:01:08]  正在连接 QQ-备用 邮箱服务器 (shouqianbadavid@qq.com) ...
[2026-05-18 04:01:43]  正在连接 QQ-主 邮箱服务器 (497720537@qq.com) ...
[2026-05-18 04:01:44]  正在连接 QQ-备用 邮箱服务器 (shouqianbadavid@qq.com) ...
[2026-05-18 04:02:20]  正在连接 QQ-主 邮箱服务器 (497720537@qq.com) ...
[2026-05-18 04:02:21]  正在连接 QQ-备用 邮箱服务器 (shouqianbadavid@qq.com) ...
[2026-05-18 04:02:56]  正在连接 QQ-主 邮箱服务器 (497720537@qq.com) ...
[2026-05-18 04:02:57]  正在连接 QQ-备用 邮箱服务器 (shouqianbadavid@qq.com) ...
[2026-05-18 04:03:33]  正在连接 QQ-主 邮箱服务器 (497720537@qq.com) ...
[2026-05-18 04:03:34]  正在连接 QQ-备用 邮箱服务器 (shouqianbadavid@qq.com) ...
[2026-05-18 04:04:09]  正在连接 QQ-主 邮箱服务器 (497720537@qq.com) ...
[2026-05-18 04:04:10]  正在连接 QQ-备用 邮箱服务器 (shouqianbadavid@qq.com) ...
[2026-05-18 04:04:46]  正在连接 QQ-主 邮箱服务器 (497720537@qq.com) ...
[2026-05-18 04:04:46]  正在连接 QQ-备用 邮箱服务器 (shouqianbadavid@qq.com) ...
[2026-05-18 04:05:22]  正在连接 QQ-主 邮箱服务器 (497720537@qq.com) ...
[2026-05-18 04:05:23]  正在连接 QQ-备用 邮箱服务器 (shouqianbadavid@qq.com) ...
[2026-05-18 04:05:59]  正在连接 QQ-主 邮箱服务器 (497720537@qq.com) ...
[2026-05-18 04:05:59]  正在连接 QQ-备用 邮箱服务器 (shouqianbadavid@qq.com) ...
[2026-05-18 04:06:35]  正在连接 QQ-主 邮箱服务器 (497720537@qq.com) ...
[2026-05-18 04:06:36]  正在连接 QQ-备用 邮箱服务器 (shouqianbadavid@qq.com) ...
[2026-05-18 04:07:12]  正在连接 QQ-主 邮箱服务器 (497720537@qq.com) ...
[2026-05-18 04:07:12]  正在连接 QQ-备用 邮箱服务器 (shouqianbadavid@qq.com) ...
[2026-05-18 04:07:48]  正在连接 QQ-主 邮箱服务器 (497720537@qq.com) ...
[2026-05-18 04:07:49]  正在连接 QQ-备用 邮箱服务器 (shouqianbadavid@qq.com) ...
[2026-05-18 04:08:25]  正在连接 QQ-主 邮箱服务器 (497720537@qq.com) ...
[2026-05-18 04:08:25]  正在连接 QQ-备用 邮箱服务器 (shouqianbadavid@qq.com) ...
[2026-05-18 04:09:01]  正在连接 QQ-主 邮箱服务器 (497720537@qq.com) ...
[2026-05-18 04:09:02]  正在连接 QQ-备用 邮箱服务器 (shouqianbadavid@qq.com) ...
[2026-05-18 04:09:37]  正在连接 QQ-主 邮箱服务器 (497720537@qq.com) ...
[2026-05-18 04:09:38]  正在连接 QQ-备用 邮箱服务器 (shouqianbadavid@qq.com) ...
[2026-05-18 04:10:13]  正在连接 QQ-主 邮箱服务器 (497720537@qq.com) ...
[2026-05-18 04:10:14]  正在连接 QQ-备用 邮箱服务器 (shouqianbadavid@qq.com) ...
[2026-05-18 04:10:50]  正在连接 QQ-主 邮箱服务器 (497720537@qq.com) ...
[2026-05-18 04:10:50]  正在连接 QQ-备用 邮箱服务器 (shouqianbadavid@qq.com) ...
[2026-05-18 04:11:26]  正在连接 QQ-主 邮箱服务器 (497720537@qq.com) ...
[2026-05-18 04:11:27]  正在连接 QQ-备用 邮箱服务器 (shouqianbadavid@qq.com) ...
[2026-05-18 04:12:03]  正在连接 QQ-主 邮箱服务器 (497720537@qq.com) ...
[2026-05-18 04:12:03]  正在连接 QQ-备用 邮箱服务器 (shouqianbadavid@qq.com) ...
[2026-05-18 04:12:39]  正在连接 QQ-主 邮箱服务器 (497720537@qq.com) ...
[2026-05-18 04:12:40]  正在连接 QQ-备用 邮箱服务器 (shouqianbadavid@qq.com) ...
[2026-05-18 04:13:15]  正在连接 QQ-主 邮箱服务器 (497720537@qq.com) ...
[2026-05-18 04:13:16]  正在连接 QQ-备用 邮箱服务器 (shouqianbadavid@qq.com) ...
[2026-05-18 04:13:51]  正在连接 QQ-主 邮箱服务器 (497720537@qq.com) ...
[2026-05-18 04:13:52]  正在连接 QQ-备用 邮箱服务器 (shouqianbadavid@qq.com) ...
[2026-05-18 04:14:28]  正在连接 QQ-主 邮箱服务器 (497720537@qq.com) ...
[2026-05-18 04:14:28]  正在连接 QQ-备用 邮箱服务器 (shouqianbadavid@qq.com) ...
[2026-05-18 04:15:04]  正在连接 QQ-主 邮箱服务器 (497720537@qq.com) ...
[2026-05-18 04:15:05]  正在连接 QQ-备用 邮箱服务器 (shouqianbadavid@qq.com) ...
[2026-05-18 04:15:41]  正在连接 QQ-主 邮箱服务器 (497720537@qq.com) ...
[2026-05-18 04:15:41]  正在连接 QQ-备用 邮箱服务器 (shouqianbadavid@qq.com) ...
[2026-05-18 04:16:17]  正在连接 QQ-主 邮箱服务器 (497720537@qq.com) ...
[2026-05-18 04:16:18]  正在连接 QQ-备用 邮箱服务器 (shouqianbadavid@qq.com) ...
[2026-05-18 04:16:53]  正在连接 QQ-主 邮箱服务器 (497720537@qq.com) ...
[2026-05-18 04:16:54]  正在连接 QQ-备用 邮箱服务器 (shouqianbadavid@qq.com) ...
[2026-05-18 04:17:29]  正在连接 QQ-主 邮箱服务器 (497720537@qq.com) ...
[2026-05-18 04:17:30]  正在连接 QQ-备用 邮箱服务器 (shouqianbadavid@qq.com) ...
[2026-05-18 04:18:06]  正在连接 QQ-主 邮箱服务器 (497720537@qq.com) ...
[2026-05-18 04:18:06]  正在连接 QQ-备用 邮箱服务器 (shouqianbadavid@qq.com) ...
[2026-05-18 04:18:42]  正在连接 QQ-主 邮箱服务器 (497720537@qq.com) ...
[2026-05-18 04:18:43]  正在连接 QQ-备用 邮箱服务器 (shouqianbadavid@qq.com) ...
[2026-05-18 04:19:18]  正在连接 QQ-主 邮箱服务器 (497720537@qq.com) ...
[2026-05-18 04:19:19]  正在连接 QQ-备用 邮箱服务器 (shouqianbadavid@qq.com) ...
[2026-05-18 04:19:55]  正在连接 QQ-主 邮箱服务器 (497720537@qq.com) ...
[2026-05-18 04:19:57]  正在连接 QQ-备用 邮箱服务器 (shouqianbadavid@qq.com) ...
[2026-05-18 04:20:32]  正在连接 QQ-主 邮箱服务器 (497720537@qq.com) ...
[2026-05-18 04:20:33]  正在连接 QQ-备用 邮箱服务器 (shouqianbadavid@qq.com) ...
[2026-05-18 04:21:09]  正在连接 QQ-主 邮箱服务器 (497720537@qq.com) ...
[2026-05-18 04:21:09]  正在连接 QQ-备用 邮箱服务器 (shouqianbadavid@qq.com) ...
[2026-05-18 04:21:45]  正在连接 QQ-主 邮箱服务器 (497720537@qq.com) ...
[2026-05-18 04:21:46]  正在连接 QQ-备用 邮箱服务器 (shouqianbadavid@qq.com) ...
[2026-05-18 04:22:22]  正在连接 QQ-主 邮箱服务器 (497720537@qq.com) ...
[2026-05-18 04:22:22]  正在连接 QQ-备用 邮箱服务器 (shouqianbadavid@qq.com) ...
[2026-05-18 04:22:58]  正在连接 QQ-主 邮箱服务器 (497720537@qq.com) ...
[2026-05-18 04:22:59]  正在连接 QQ-备用 邮箱服务器 (shouqianbadavid@qq.com) ...
[2026-05-18 04:23:35]  正在连接 QQ-主 邮箱服务器 (497720537@qq.com) ...
[2026-05-18 04:23:35]  正在连接 QQ-备用 邮箱服务器 (shouqianbadavid@qq.com) ...
[2026-05-18 04:24:11]  正在连接 QQ-主 邮箱服务器 (497720537@qq.com) ...
[2026-05-18 04:24:12]  正在连接 QQ-备用 邮箱服务器 (shouqianbadavid@qq.com) ...
[2026-05-18 04:24:48]  正在连接 QQ-主 邮箱服务器 (497720537@qq.com) ...
[2026-05-18 04:24:48]  正在连接 QQ-备用 邮箱服务器 (shouqianbadavid@qq.com) ...
[2026-05-18 04:25:24]  正在连接 QQ-主 邮箱服务器 (497720537@qq.com) ...
[2026-05-18 04:25:24]  正在连接 QQ-备用 邮箱服务器 (shouqianbadavid@qq.com) ...
[2026-05-18 04:26:00]  正在连接 QQ-主 邮箱服务器 (497720537@qq.com) ...
[2026-05-18 04:26:01]  正在连接 QQ-备用 邮箱服务器 (shouqianbadavid@qq.com) ...
[2026-05-18 04:26:36]  正在连接 QQ-主 邮箱服务器 (497720537@qq.com) ...
[2026-05-18 04:26:37]  正在连接 QQ-备用 邮箱服务器 (shouqianbadavid@qq.com) ...
[2026-05-18 04:27:13]  正在连接 QQ-主 邮箱服务器 (497720537@qq.com) ...
[2026-05-18 04:27:13]  正在连接 QQ-备用 邮箱服务器 (shouqianbadavid@qq.com) ...
[2026-05-18 04:27:49]  正在连接 QQ-主 邮箱服务器 (497720537@qq.com) ...
[2026-05-18 04:27:50]  正在连接 QQ-备用 邮箱服务器 (shouqianbadavid@qq.com) ...
[2026-05-18 04:28:26]  正在连接 QQ-主 邮箱服务器 (497720537@qq.com) ...
[2026-05-18 04:28:26]  正在连接 QQ-备用 邮箱服务器 (shouqianbadavid@qq.com) ...
[2026-05-18 04:29:02]  正在连接 QQ-主 邮箱服务器 (497720537@qq.com) ...
[2026-05-18 04:29:02]  正在连接 QQ-备用 邮箱服务器 (shouqianbadavid@qq.com) ...
[2026-05-18 04:29:38]  正在连接 QQ-主 邮箱服务器 (497720537@qq.com) ...
[2026-05-18 04:29:39]  正在连接 QQ-备用 邮箱服务器 (shouqianbadavid@qq.com) ...
[2026-05-18 04:30:15]  正在连接 QQ-主 邮箱服务器 (497720537@qq.com) ...
[2026-05-18 04:30:15]  正在连接 QQ-备用 邮箱服务器 (shouqianbadavid@qq.com) ...
[2026-05-18 04:30:51]  正在连接 QQ-主 邮箱服务器 (497720537@qq.com) ...
[2026-05-18 04:30:52]  正在连接 QQ-备用 邮箱服务器 (shouqianbadavid@qq.com) ...
[2026-05-18 04:31:27]  正在连接 QQ-主 邮箱服务器 (497720537@qq.com) ...
[2026-05-18 04:31:28]  正在连接 QQ-备用 邮箱服务器 (shouqianbadavid@qq.com) ...
[2026-05-18 04:32:04]  正在连接 QQ-主 邮箱服务器 (497720537@qq.com) ...
[2026-05-18 04:32:05]  正在连接 QQ-备用 邮箱服务器 (shouqianbadavid@qq.com) ...
[2026-05-18 04:32:40]  正在连接 QQ-主 邮箱服务器 (497720537@qq.com) ...
[2026-05-18 04:32:41]  正在连接 QQ-备用 邮箱服务器 (shouqianbadavid@qq.com) ...
[2026-05-18 04:33:16]  正在连接 QQ-主 邮箱服务器 (497720537@qq.com) ...
[2026-05-18 04:33:17]  正在连接 QQ-备用 邮箱服务器 (shouqianbadavid@qq.com) ...
[2026-05-18 04:33:52]  正在连接 QQ-主 邮箱服务器 (497720537@qq.com) ...
[2026-05-18 04:33:53]  正在连接 QQ-备用 邮箱服务器 (shouqianbadavid@qq.com) ...
[2026-05-18 04:34:29]  正在连接 QQ-主 邮箱服务器 (497720537@qq.com) ...
[2026-05-18 04:34:29]  正在连接 QQ-备用 邮箱服务器 (shouqianbadavid@qq.com) ...
[2026-05-18 04:35:05]  正在连接 QQ-主 邮箱服务器 (497720537@qq.com) ...
[2026-05-18 04:35:06]  正在连接 QQ-备用 邮箱服务器 (shouqianbadavid@qq.com) ...
[2026-05-18 04:35:41]  正在连接 QQ-主 邮箱服务器 (497720537@qq.com) ...
[2026-05-18 04:35:42]  正在连接 QQ-备用 邮箱服务器 (shouqianbadavid@qq.com) ...
[2026-05-18 04:36:18]  正在连接 QQ-主 邮箱服务器 (497720537@qq.com) ...
[2026-05-18 04:36:18]  正在连接 QQ-备用 邮箱服务器 (shouqianbadavid@qq.com) ...
[2026-05-18 04:36:54]  正在连接 QQ-主 邮箱服务器 (497720537@qq.com) ...
[2026-05-18 04:36:55]  正在连接 QQ-备用 邮箱服务器 (shouqianbadavid@qq.com) ...
[2026-05-18 04:37:31]  正在连接 QQ-主 邮箱服务器 (497720537@qq.com) ...
[2026-05-18 04:37:31]  正在连接 QQ-备用 邮箱服务器 (shouqianbadavid@qq.com) ...
[2026-05-18 04:38:07]  正在连接 QQ-主 邮箱服务器 (497720537@qq.com) ...
[2026-05-18 04:38:07]  正在连接 QQ-备用 邮箱服务器 (shouqianbadavid@qq.com) ...
[2026-05-18 04:38:43]  正在连接 QQ-主 邮箱服务器 (497720537@qq.com) ...
[2026-05-18 04:38:44]  正在连接 QQ-备用 邮箱服务器 (shouqianbadavid@qq.com) ...
[2026-05-18 04:39:19]  正在连接 QQ-主 邮箱服务器 (497720537@qq.com) ...
[2026-05-18 04:39:20]  正在连接 QQ-备用 邮箱服务器 (shouqianbadavid@qq.com) ...
[2026-05-18 04:39:56]  正在连接 QQ-主 邮箱服务器 (497720537@qq.com) ...
[2026-05-18 04:39:56]  正在连接 QQ-备用 邮箱服务器 (shouqianbadavid@qq.com) ...
[2026-05-18 04:40:32]  正在连接 QQ-主 邮箱服务器 (497720537@qq.com) ...
[2026-05-18 04:40:33]  正在连接 QQ-备用 邮箱服务器 (shouqianbadavid@qq.com) ...
[2026-05-18 04:41:09]  正在连接 QQ-主 邮箱服务器 (497720537@qq.com) ...
[2026-05-18 04:41:09]  正在连接 QQ-备用 邮箱服务器 (shouqianbadavid@qq.com) ...
[2026-05-18 04:41:45]  正在连接 QQ-主 邮箱服务器 (497720537@qq.com) ...
[2026-05-18 04:41:46]  正在连接 QQ-备用 邮箱服务器 (shouqianbadavid@qq.com) ...
[2026-05-18 04:42:22]  正在连接 QQ-主 邮箱服务器 (497720537@qq.com) ...
[2026-05-18 04:42:22]  正在连接 QQ-备用 邮箱服务器 (shouqianbadavid@qq.com) ...
[2026-05-18 04:42:58]  正在连接 QQ-主 邮箱服务器 (497720537@qq.com) ...
[2026-05-18 04:42:59]  正在连接 QQ-备用 邮箱服务器 (shouqianbadavid@qq.com) ...
[2026-05-18 04:43:35]  正在连接 QQ-主 邮箱服务器 (497720537@qq.com) ...
[2026-05-18 04:43:36]  正在连接 QQ-备用 邮箱服务器 (shouqianbadavid@qq.com) ...
[2026-05-18 04:44:12]  正在连接 QQ-主 邮箱服务器 (497720537@qq.com) ...
[2026-05-18 04:44:12]  正在连接 QQ-备用 邮箱服务器 (shouqianbadavid@qq.com) ...
[2026-05-18 04:44:48]  正在连接 QQ-主 邮箱服务器 (497720537@qq.com) ...
[2026-05-18 04:44:49]  正在连接 QQ-备用 邮箱服务器 (shouqianbadavid@qq.com) ...
[2026-05-18 04:45:25]  正在连接 QQ-主 邮箱服务器 (497720537@qq.com) ...
[2026-05-18 04:45:26]  正在连接 QQ-备用 邮箱服务器 (shouqianbadavid@qq.com) ...
[2026-05-18 04:46:01]  正在连接 QQ-主 邮箱服务器 (497720537@qq.com) ...
[2026-05-18 04:46:02]  正在连接 QQ-备用 邮箱服务器 (shouqianbadavid@qq.com) ...
[2026-05-18 04:46:38]  正在连接 QQ-主 邮箱服务器 (497720537@qq.com) ...
[2026-05-18 04:46:38]  正在连接 QQ-备用 邮箱服务器 (shouqianbadavid@qq.com) ...
[2026-05-18 04:47:14]  正在连接 QQ-主 邮箱服务器 (497720537@qq.com) ...
[2026-05-18 04:47:15]  正在连接 QQ-备用 邮箱服务器 (shouqianbadavid@qq.com) ...
[2026-05-18 04:47:51]  正在连接 QQ-主 邮箱服务器 (497720537@qq.com) ...
[2026-05-18 04:47:51]  正在连接 QQ-备用 邮箱服务器 (shouqianbadavid@qq.com) ...
[2026-05-18 04:48:27]  正在连接 QQ-主 邮箱服务器 (497720537@qq.com) ...
[2026-05-18 04:48:28]  正在连接 QQ-备用 邮箱服务器 (shouqianbadavid@qq.com) ...
[2026-05-18 04:49:04]  正在连接 QQ-主 邮箱服务器 (497720537@qq.com) ...
[2026-05-18 04:49:04]  正在连接 QQ-备用 邮箱服务器 (shouqianbadavid@qq.com) ...
[2026-05-18 04:49:40]  正在连接 QQ-主 邮箱服务器 (497720537@qq.com) ...
[2026-05-18 04:49:41]  正在连接 QQ-备用 邮箱服务器 (shouqianbadavid@qq.com) ...
[2026-05-18 04:50:16]  正在连接 QQ-主 邮箱服务器 (497720537@qq.com) ...
[2026-05-18 04:50:17]  正在连接 QQ-备用 邮箱服务器 (shouqianbadavid@qq.com) ...
[2026-05-18 04:50:53]  正在连接 QQ-主 邮箱服务器 (497720537@qq.com) ...
[2026-05-18 04:50:54]  正在连接 QQ-备用 邮箱服务器 (shouqianbadavid@qq.com) ...
[2026-05-18 04:51:29]  正在连接 QQ-主 邮箱服务器 (497720537@qq.com) ...
[2026-05-18 04:51:30]  正在连接 QQ-备用 邮箱服务器 (shouqianbadavid@qq.com) ...
[2026-05-18 04:52:06]  正在连接 QQ-主 邮箱服务器 (497720537@qq.com) ...
[2026-05-18 04:52:07]  正在连接 QQ-备用 邮箱服务器 (shouqianbadavid@qq.com) ...
[2026-05-18 04:52:42]  正在连接 QQ-主 邮箱服务器 (497720537@qq.com) ...
[2026-05-18 04:52:43]  正在连接 QQ-备用 邮箱服务器 (shouqianbadavid@qq.com) ...
[2026-05-18 04:53:19]  正在连接 QQ-主 邮箱服务器 (497720537@qq.com) ...
[2026-05-18 04:53:20]  正在连接 QQ-备用 邮箱服务器 (shouqianbadavid@qq.com) ...
[2026-05-18 04:53:56]  正在连接 QQ-主 邮箱服务器 (497720537@qq.com) ...
[2026-05-18 04:53:56]  正在连接 QQ-备用 邮箱服务器 (shouqianbadavid@qq.com) ...
[2026-05-18 04:54:32]  正在连接 QQ-主 邮箱服务器 (497720537@qq.com) ...
[2026-05-18 04:54:32]  正在连接 QQ-备用 邮箱服务器 (shouqianbadavid@qq.com) ...
[2026-05-18 04:55:08]  正在连接 QQ-主 邮箱服务器 (497720537@qq.com) ...
[2026-05-18 04:55:09]  正在连接 QQ-备用 邮箱服务器 (shouqianbadavid@qq.com) ...
[2026-05-18 04:55:44]  正在连接 QQ-主 邮箱服务器 (497720537@qq.com) ...
[2026-05-18 04:55:45]  正在连接 QQ-备用 邮箱服务器 (shouqianbadavid@qq.com) ...
[2026-05-18 04:56:21]  正在连接 QQ-主 邮箱服务器 (497720537@qq.com) ...
[2026-05-18 04:56:22]  正在连接 QQ-备用 邮箱服务器 (shouqianbadavid@qq.com) ...
[2026-05-18 04:56:57]  正在连接 QQ-主 邮箱服务器 (497720537@qq.com) ...
[2026-05-18 04:56:58]  正在连接 QQ-备用 邮箱服务器 (shouqianbadavid@qq.com) ...
[2026-05-18 04:57:34]  正在连接 QQ-主 邮箱服务器 (497720537@qq.com) ...
[2026-05-18 04:57:34]  正在连接 QQ-备用 邮箱服务器 (shouqianbadavid@qq.com) ...
[2026-05-18 04:58:10]  正在连接 QQ-主 邮箱服务器 (497720537@qq.com) ...
[2026-05-18 04:58:11]  正在连接 QQ-备用 邮箱服务器 (shouqianbadavid@qq.com) ...
[2026-05-18 04:58:47]  正在连接 QQ-主 邮箱服务器 (497720537@qq.com) ...
[2026-05-18 04:58:47]  正在连接 QQ-备用 邮箱服务器 (shouqianbadavid@qq.com) ...
[2026-05-18 04:59:23]  正在连接 QQ-主 邮箱服务器 (497720537@qq.com) ...
[2026-05-18 04:59:24]  正在连接 QQ-备用 邮箱服务器 (shouqianbadavid@qq.com) ...
[2026-05-18 04:59:59]  正在连接 QQ-主 邮箱服务器 (497720537@qq.com) ...
[2026-05-18 05:00:00]  正在连接 QQ-备用 邮箱服务器 (shouqianbadavid@qq.com) ...
[2026-05-18 05:00:36]  正在连接 QQ-主 邮箱服务器 (497720537@qq.com) ...
[2026-05-18 05:00:37]  正在连接 QQ-备用 邮箱服务器 (shouqianbadavid@qq.com) ...
[2026-05-18 05:01:12]  正在连接 QQ-主 邮箱服务器 (497720537@qq.com) ...
[2026-05-18 05:01:13]  正在连接 QQ-备用 邮箱服务器 (shouqianbadavid@qq.com) ...
[2026-05-18 05:01:48]  正在连接 QQ-主 邮箱服务器 (497720537@qq.com) ...
[2026-05-18 05:01:49]  正在连接 QQ-备用 邮箱服务器 (shouqianbadavid@qq.com) ...
[2026-05-18 05:02:25]  正在连接 QQ-主 邮箱服务器 (497720537@qq.com) ...
[2026-05-18 05:02:25]  正在连接 QQ-备用 邮箱服务器 (shouqianbadavid@qq.com) ...
[2026-05-18 05:03:01]  正在连接 QQ-主 邮箱服务器 (497720537@qq.com) ...
[2026-05-18 05:03:02]  正在连接 QQ-备用 邮箱服务器 (shouqianbadavid@qq.com) ...
[2026-05-18 05:03:37]  正在连接 QQ-主 邮箱服务器 (497720537@qq.com) ...
[2026-05-18 05:03:38]  正在连接 QQ-备用 邮箱服务器 (shouqianbadavid@qq.com) ...
[2026-05-18 05:04:14]  正在连接 QQ-主 邮箱服务器 (497720537@qq.com) ...
[2026-05-18 05:04:15]  正在连接 QQ-备用 邮箱服务器 (shouqianbadavid@qq.com) ...
[2026-05-18 05:04:50]  正在连接 QQ-主 邮箱服务器 (497720537@qq.com) ...
[2026-05-18 05:04:51]  正在连接 QQ-备用 邮箱服务器 (shouqianbadavid@qq.com) ...
[2026-05-18 05:05:27]  正在连接 QQ-主 邮箱服务器 (497720537@qq.com) ...
[2026-05-18 05:05:27]  正在连接 QQ-备用 邮箱服务器 (shouqianbadavid@qq.com) ...
[2026-05-18 05:06:03]  正在连接 QQ-主 邮箱服务器 (497720537@qq.com) ...
[2026-05-18 05:06:03]  正在连接 QQ-备用 邮箱服务器 (shouqianbadavid@qq.com) ...
[2026-05-18 05:06:39]  正在连接 QQ-主 邮箱服务器 (497720537@qq.com) ...
[2026-05-18 05:06:40]  正在连接 QQ-备用 邮箱服务器 (shouqianbadavid@qq.com) ...
[2026-05-18 05:07:16]  正在连接 QQ-主 邮箱服务器 (497720537@qq.com) ...
[2026-05-18 05:07:17]  正在连接 QQ-备用 邮箱服务器 (shouqianbadavid@qq.com) ...
[2026-05-18 05:07:52]  正在连接 QQ-主 邮箱服务器 (497720537@qq.com) ...
[2026-05-18 05:07:53]  正在连接 QQ-备用 邮箱服务器 (shouqianbadavid@qq.com) ...
[2026-05-18 05:08:29]  正在连接 QQ-主 邮箱服务器 (497720537@qq.com) ...
[2026-05-18 05:08:29]  正在连接 QQ-备用 邮箱服务器 (shouqianbadavid@qq.com) ...
[2026-05-18 05:09:05]  正在连接 QQ-主 邮箱服务器 (497720537@qq.com) ...
[2026-05-18 05:09:06]  正在连接 QQ-备用 邮箱服务器 (shouqianbadavid@qq.com) ...
[2026-05-18 05:09:42]  正在连接 QQ-主 邮箱服务器 (497720537@qq.com) ...
[2026-05-18 05:09:43]  正在连接 QQ-备用 邮箱服务器 (shouqianbadavid@qq.com) ...
[2026-05-18 05:10:18]  正在连接 QQ-主 邮箱服务器 (497720537@qq.com) ...
[2026-05-18 05:10:19]  正在连接 QQ-备用 邮箱服务器 (shouqianbadavid@qq.com) ...
[2026-05-18 05:10:55]  正在连接 QQ-主 邮箱服务器 (497720537@qq.com) ...
[2026-05-18 05:10:56]  正在连接 QQ-备用 邮箱服务器 (shouqianbadavid@qq.com) ...
[2026-05-18 05:11:31]  正在连接 QQ-主 邮箱服务器 (497720537@qq.com) ...
[2026-05-18 05:11:32]  正在连接 QQ-备用 邮箱服务器 (shouqianbadavid@qq.com) ...
[2026-05-18 05:12:08]  正在连接 QQ-主 邮箱服务器 (497720537@qq.com) ...
[2026-05-18 05:12:08]  正在连接 QQ-备用 邮箱服务器 (shouqianbadavid@qq.com) ...
[2026-05-18 05:12:44]  正在连接 QQ-主 邮箱服务器 (497720537@qq.com) ...
[2026-05-18 05:12:45]  正在连接 QQ-备用 邮箱服务器 (shouqianbadavid@qq.com) ...
[2026-05-18 05:13:20]  正在连接 QQ-主 邮箱服务器 (497720537@qq.com) ...
[2026-05-18 05:13:21]  正在连接 QQ-备用 邮箱服务器 (shouqianbadavid@qq.com) ...
[2026-05-18 05:13:57]  正在连接 QQ-主 邮箱服务器 (497720537@qq.com) ...
[2026-05-18 05:13:58]  正在连接 QQ-备用 邮箱服务器 (shouqianbadavid@qq.com) ...
[2026-05-18 05:14:34]  正在连接 QQ-主 邮箱服务器 (497720537@qq.com) ...
[2026-05-18 05:14:34]  正在连接 QQ-备用 邮箱服务器 (shouqianbadavid@qq.com) ...
[2026-05-18 05:15:10]  正在连接 QQ-主 邮箱服务器 (497720537@qq.com) ...
[2026-05-18 05:15:11]  正在连接 QQ-备用 邮箱服务器 (shouqianbadavid@qq.com) ...
[2026-05-18 05:15:47]  正在连接 QQ-主 邮箱服务器 (497720537@qq.com) ...
[2026-05-18 05:15:47]  正在连接 QQ-备用 邮箱服务器 (shouqianbadavid@qq.com) ...
[2026-05-18 05:16:23]  正在连接 QQ-主 邮箱服务器 (497720537@qq.com) ...
[2026-05-18 05:16:23]  正在连接 QQ-备用 邮箱服务器 (shouqianbadavid@qq.com) ...
[2026-05-18 05:16:59]  正在连接 QQ-主 邮箱服务器 (497720537@qq.com) ...
[2026-05-18 05:17:00]  正在连接 QQ-备用 邮箱服务器 (shouqianbadavid@qq.com) ...
[2026-05-18 05:17:36]  正在连接 QQ-主 邮箱服务器 (497720537@qq.com) ...
[2026-05-18 05:17:37]  正在连接 QQ-备用 邮箱服务器 (shouqianbadavid@qq.com) ...
[2026-05-18 05:18:12]  正在连接 QQ-主 邮箱服务器 (497720537@qq.com) ...
[2026-05-18 05:18:13]  正在连接 QQ-备用 邮箱服务器 (shouqianbadavid@qq.com) ...
[2026-05-18 05:18:49]  正在连接 QQ-主 邮箱服务器 (497720537@qq.com) ...
[2026-05-18 05:18:49]  正在连接 QQ-备用 邮箱服务器 (shouqianbadavid@qq.com) ...
[2026-05-18 05:19:25]  正在连接 QQ-主 邮箱服务器 (497720537@qq.com) ...
[2026-05-18 05:19:25]  正在连接 QQ-备用 邮箱服务器 (shouqianbadavid@qq.com) ...
[2026-05-18 05:20:01]  正在连接 QQ-主 邮箱服务器 (497720537@qq.com) ...
[2026-05-18 05:20:02]  正在连接 QQ-备用 邮箱服务器 (shouqianbadavid@qq.com) ...
[2026-05-18 05:20:37]  正在连接 QQ-主 邮箱服务器 (497720537@qq.com) ...
[2026-05-18 05:20:38]  正在连接 QQ-备用 邮箱服务器 (shouqianbadavid@qq.com) ...
[2026-05-18 05:21:14]  正在连接 QQ-主 邮箱服务器 (497720537@qq.com) ...
[2026-05-18 05:21:14]  正在连接 QQ-备用 邮箱服务器 (shouqianbadavid@qq.com) ...
[2026-05-18 05:21:50]  正在连接 QQ-主 邮箱服务器 (497720537@qq.com) ...
[2026-05-18 05:21:51]  正在连接 QQ-备用 邮箱服务器 (shouqianbadavid@qq.com) ...
[2026-05-18 05:22:27]  正在连接 QQ-主 邮箱服务器 (497720537@qq.com) ...
[2026-05-18 05:22:27]  正在连接 QQ-备用 邮箱服务器 (shouqianbadavid@qq.com) ...
[2026-05-18 05:23:03]  正在连接 QQ-主 邮箱服务器 (497720537@qq.com) ...
[2026-05-18 05:23:04]  正在连接 QQ-备用 邮箱服务器 (shouqianbadavid@qq.com) ...
[2026-05-18 05:23:40]  正在连接 QQ-主 邮箱服务器 (497720537@qq.com) ...
[2026-05-18 05:23:40]  正在连接 QQ-备用 邮箱服务器 (shouqianbadavid@qq.com) ...
[2026-05-18 05:24:16]  正在连接 QQ-主 邮箱服务器 (497720537@qq.com) ...
[2026-05-18 05:24:17]  正在连接 QQ-备用 邮箱服务器 (shouqianbadavid@qq.com) ...
[2026-05-18 05:24:53]  正在连接 QQ-主 邮箱服务器 (497720537@qq.com) ...
[2026-05-18 05:24:54]  正在连接 QQ-备用 邮箱服务器 (shouqianbadavid@qq.com) ...
[2026-05-18 05:25:29]  正在连接 QQ-主 邮箱服务器 (497720537@qq.com) ...
[2026-05-18 05:25:30]  正在连接 QQ-备用 邮箱服务器 (shouqianbadavid@qq.com) ...
[2026-05-18 05:26:06]  正在连接 QQ-主 邮箱服务器 (497720537@qq.com) ...
[2026-05-18 05:26:07]  正在连接 QQ-备用 邮箱服务器 (shouqianbadavid@qq.com) ...
[2026-05-18 05:26:43]  正在连接 QQ-主 邮箱服务器 (497720537@qq.com) ...
[2026-05-18 05:26:44]  正在连接 QQ-备用 邮箱服务器 (shouqianbadavid@qq.com) ...
[2026-05-18 05:27:19]  正在连接 QQ-主 邮箱服务器 (497720537@qq.com) ...
[2026-05-18 05:27:20]  正在连接 QQ-备用 邮箱服务器 (shouqianbadavid@qq.com) ...
[2026-05-18 05:27:56]  正在连接 QQ-主 邮箱服务器 (497720537@qq.com) ...
[2026-05-18 05:27:57]  正在连接 QQ-备用 邮箱服务器 (shouqianbadavid@qq.com) ...
[2026-05-18 05:28:33]  正在连接 QQ-主 邮箱服务器 (497720537@qq.com) ...
[2026-05-18 05:28:33]  正在连接 QQ-备用 邮箱服务器 (shouqianbadavid@qq.com) ...
[2026-05-18 05:29:09]  正在连接 QQ-主 邮箱服务器 (497720537@qq.com) ...
[2026-05-18 05:29:10]  正在连接 QQ-备用 邮箱服务器 (shouqianbadavid@qq.com) ...
[2026-05-18 05:29:46]  正在连接 QQ-主 邮箱服务器 (497720537@qq.com) ...
[2026-05-18 05:29:46]  正在连接 QQ-备用 邮箱服务器 (shouqianbadavid@qq.com) ...
[2026-05-18 05:30:22]  正在连接 QQ-主 邮箱服务器 (497720537@qq.com) ...
[2026-05-18 05:30:23]  正在连接 QQ-备用 邮箱服务器 (shouqianbadavid@qq.com) ...
[2026-05-18 05:30:59]  正在连接 QQ-主 邮箱服务器 (497720537@qq.com) ...
[2026-05-18 05:30:59]  正在连接 QQ-备用 邮箱服务器 (shouqianbadavid@qq.com) ...
[2026-05-18 05:31:35]  正在连接 QQ-主 邮箱服务器 (497720537@qq.com) ...
[2026-05-18 05:31:36]  正在连接 QQ-备用 邮箱服务器 (shouqianbadavid@qq.com) ...
[2026-05-18 05:32:12]  正在连接 QQ-主 邮箱服务器 (497720537@qq.com) ...
[2026-05-18 05:32:12]  正在连接 QQ-备用 邮箱服务器 (shouqianbadavid@qq.com) ...
[2026-05-18 05:32:48]  正在连接 QQ-主 邮箱服务器 (497720537@qq.com) ...
[2026-05-18 05:32:48]  正在连接 QQ-备用 邮箱服务器 (shouqianbadavid@qq.com) ...
[2026-05-18 05:33:24]  正在连接 QQ-主 邮箱服务器 (497720537@qq.com) ...
[2026-05-18 05:33:26]  正在连接 QQ-备用 邮箱服务器 (shouqianbadavid@qq.com) ...
[2026-05-18 05:34:02]  正在连接 QQ-主 邮箱服务器 (497720537@qq.com) ...
[2026-05-18 05:34:02]  正在连接 QQ-备用 邮箱服务器 (shouqianbadavid@qq.com) ...
[2026-05-18 05:34:38]  正在连接 QQ-主 邮箱服务器 (497720537@qq.com) ...
[2026-05-18 05:34:38]  正在连接 QQ-备用 邮箱服务器 (shouqianbadavid@qq.com) ...
[2026-05-18 05:35:14]  正在连接 QQ-主 邮箱服务器 (497720537@qq.com) ...
[2026-05-18 05:35:14]  正在连接 QQ-备用 邮箱服务器 (shouqianbadavid@qq.com) ...
[2026-05-18 05:35:50]  正在连接 QQ-主 邮箱服务器 (497720537@qq.com) ...
[2026-05-18 05:35:51]  正在连接 QQ-备用 邮箱服务器 (shouqianbadavid@qq.com) ...
[2026-05-18 05:36:27]  正在连接 QQ-主 邮箱服务器 (497720537@qq.com) ...
[2026-05-18 05:36:27]  正在连接 QQ-备用 邮箱服务器 (shouqianbadavid@qq.com) ...
[2026-05-18 05:37:03]  正在连接 QQ-主 邮箱服务器 (497720537@qq.com) ...
[2026-05-18 05:37:04]  正在连接 QQ-备用 邮箱服务器 (shouqianbadavid@qq.com) ...
[2026-05-18 05:37:39]  正在连接 QQ-主 邮箱服务器 (497720537@qq.com) ...
[2026-05-18 05:37:40]  正在连接 QQ-备用 邮箱服务器 (shouqianbadavid@qq.com) ...
[2026-05-18 05:38:15]  正在连接 QQ-主 邮箱服务器 (497720537@qq.com) ...
[2026-05-18 05:38:16]  正在连接 QQ-备用 邮箱服务器 (shouqianbadavid@qq.com) ...
[2026-05-18 05:38:51]  正在连接 QQ-主 邮箱服务器 (497720537@qq.com) ...
[2026-05-18 05:38:52]  正在连接 QQ-备用 邮箱服务器 (shouqianbadavid@qq.com) ...
[2026-05-18 05:39:28]  正在连接 QQ-主 邮箱服务器 (497720537@qq.com) ...
[2026-05-18 05:39:28]  正在连接 QQ-备用 邮箱服务器 (shouqianbadavid@qq.com) ...
[2026-05-18 05:40:04]  正在连接 QQ-主 邮箱服务器 (497720537@qq.com) ...
[2026-05-18 05:40:04]  正在连接 QQ-备用 邮箱服务器 (shouqianbadavid@qq.com) ...
[2026-05-18 05:40:40]  正在连接 QQ-主 邮箱服务器 (497720537@qq.com) ...
[2026-05-18 05:40:40]  正在连接 QQ-备用 邮箱服务器 (shouqianbadavid@qq.com) ...
[2026-05-18 05:41:16]  正在连接 QQ-主 邮箱服务器 (497720537@qq.com) ...
[2026-05-18 05:41:17]  正在连接 QQ-备用 邮箱服务器 (shouqianbadavid@qq.com) ...
[2026-05-18 05:41:52]  正在连接 QQ-主 邮箱服务器 (497720537@qq.com) ...
[2026-05-18 05:41:53]  正在连接 QQ-备用 邮箱服务器 (shouqianbadavid@qq.com) ...
[2026-05-18 05:42:29]  正在连接 QQ-主 邮箱服务器 (497720537@qq.com) ...
[2026-05-18 05:42:29]  正在连接 QQ-备用 邮箱服务器 (shouqianbadavid@qq.com) ...
[2026-05-18 05:43:05]  正在连接 QQ-主 邮箱服务器 (497720537@qq.com) ...
[2026-05-18 05:43:06]  正在连接 QQ-备用 邮箱服务器 (shouqianbadavid@qq.com) ...
[2026-05-18 05:43:41]  正在连接 QQ-主 邮箱服务器 (497720537@qq.com) ...
[2026-05-18 05:43:42]  正在连接 QQ-备用 邮箱服务器 (shouqianbadavid@qq.com) ...
[2026-05-18 05:44:18]  正在连接 QQ-主 邮箱服务器 (497720537@qq.com) ...
[2026-05-18 05:44:18]  正在连接 QQ-备用 邮箱服务器 (shouqianbadavid@qq.com) ...
[2026-05-18 05:44:54]  正在连接 QQ-主 邮箱服务器 (497720537@qq.com) ...
[2026-05-18 05:44:55]  正在连接 QQ-备用 邮箱服务器 (shouqianbadavid@qq.com) ...
[2026-05-18 05:45:30]  正在连接 QQ-主 邮箱服务器 (497720537@qq.com) ...
[2026-05-18 05:45:31]  正在连接 QQ-备用 邮箱服务器 (shouqianbadavid@qq.com) ...
[2026-05-18 05:46:07]  正在连接 QQ-主 邮箱服务器 (497720537@qq.com) ...
[2026-05-18 05:46:08]  正在连接 QQ-备用 邮箱服务器 (shouqianbadavid@qq.com) ...
[2026-05-18 05:46:44]  正在连接 QQ-主 邮箱服务器 (497720537@qq.com) ...
[2026-05-18 05:46:44]  正在连接 QQ-备用 邮箱服务器 (shouqianbadavid@qq.com) ...
[2026-05-18 05:47:20]  正在连接 QQ-主 邮箱服务器 (497720537@qq.com) ...
[2026-05-18 05:47:21]  正在连接 QQ-备用 邮箱服务器 (shouqianbadavid@qq.com) ...
[2026-05-18 05:47:57]  正在连接 QQ-主 邮箱服务器 (497720537@qq.com) ...
[2026-05-18 05:47:58]  正在连接 QQ-备用 邮箱服务器 (shouqianbadavid@qq.com) ...
[2026-05-18 05:48:33]  正在连接 QQ-主 邮箱服务器 (497720537@qq.com) ...
[2026-05-18 05:48:34]  正在连接 QQ-备用 邮箱服务器 (shouqianbadavid@qq.com) ...
[2026-05-18 05:49:10]  正在连接 QQ-主 邮箱服务器 (497720537@qq.com) ...
[2026-05-18 05:49:11]  正在连接 QQ-备用 邮箱服务器 (shouqianbadavid@qq.com) ...
[2026-05-18 05:49:46]  正在连接 QQ-主 邮箱服务器 (497720537@qq.com) ...
[2026-05-18 05:49:46]  正在连接 QQ-备用 邮箱服务器 (shouqianbadavid@qq.com) ...
[2026-05-18 05:50:22]  正在连接 QQ-主 邮箱服务器 (497720537@qq.com) ...
[2026-05-18 05:50:23]  正在连接 QQ-备用 邮箱服务器 (shouqianbadavid@qq.com) ...
[2026-05-18 05:50:58]  正在连接 QQ-主 邮箱服务器 (497720537@qq.com) ...
[2026-05-18 05:50:59]  正在连接 QQ-备用 邮箱服务器 (shouqianbadavid@qq.com) ...
[2026-05-18 05:51:35]  正在连接 QQ-主 邮箱服务器 (497720537@qq.com) ...
[2026-05-18 05:51:35]  正在连接 QQ-备用 邮箱服务器 (shouqianbadavid@qq.com) ...
[2026-05-18 05:52:11]  正在连接 QQ-主 邮箱服务器 (497720537@qq.com) ...
[2026-05-18 05:52:12]  正在连接 QQ-备用 邮箱服务器 (shouqianbadavid@qq.com) ...
[2026-05-18 05:52:48]  正在连接 QQ-主 邮箱服务器 (497720537@qq.com) ...
[2026-05-18 05:52:48]  正在连接 QQ-备用 邮箱服务器 (shouqianbadavid@qq.com) ...
[2026-05-18 05:53:23]  正在连接 QQ-主 邮箱服务器 (497720537@qq.com) ...
[2026-05-18 05:53:24]  正在连接 QQ-备用 邮箱服务器 (shouqianbadavid@qq.com) ...
[2026-05-18 05:54:00]  正在连接 QQ-主 邮箱服务器 (497720537@qq.com) ...
[2026-05-18 05:54:00]  正在连接 QQ-备用 邮箱服务器 (shouqianbadavid@qq.com) ...
[2026-05-18 05:54:36]  正在连接 QQ-主 邮箱服务器 (497720537@qq.com) ...
[2026-05-18 05:54:37]  正在连接 QQ-备用 邮箱服务器 (shouqianbadavid@qq.com) ...
[2026-05-18 05:55:13]  正在连接 QQ-主 邮箱服务器 (497720537@qq.com) ...
[2026-05-18 05:55:13]  正在连接 QQ-备用 邮箱服务器 (shouqianbadavid@qq.com) ...
[2026-05-18 05:55:49]  正在连接 QQ-主 邮箱服务器 (497720537@qq.com) ...
[2026-05-18 05:55:49]  正在连接 QQ-备用 邮箱服务器 (shouqianbadavid@qq.com) ...
[2026-05-18 05:56:25]  正在连接 QQ-主 邮箱服务器 (497720537@qq.com) ...
[2026-05-18 05:56:26]  正在连接 QQ-备用 邮箱服务器 (shouqianbadavid@qq.com) ...
[2026-05-18 05:57:02]  正在连接 QQ-主 邮箱服务器 (497720537@qq.com) ...
[2026-05-18 05:57:02]  正在连接 QQ-备用 邮箱服务器 (shouqianbadavid@qq.com) ...
[2026-05-18 05:57:38]  正在连接 QQ-主 邮箱服务器 (497720537@qq.com) ...
[2026-05-18 05:57:38]  正在连接 QQ-备用 邮箱服务器 (shouqianbadavid@qq.com) ...
[2026-05-18 05:58:14]  正在连接 QQ-主 邮箱服务器 (497720537@qq.com) ...
[2026-05-18 05:58:15]  正在连接 QQ-备用 邮箱服务器 (shouqianbadavid@qq.com) ...
[2026-05-18 05:58:50]  正在连接 QQ-主 邮箱服务器 (497720537@qq.com) ...
[2026-05-18 05:58:51]  正在连接 QQ-备用 邮箱服务器 (shouqianbadavid@qq.com) ...
[2026-05-18 05:59:26]  正在连接 QQ-主 邮箱服务器 (497720537@qq.com) ...
[2026-05-18 05:59:27]  正在连接 QQ-备用 邮箱服务器 (shouqianbadavid@qq.com) ...
[2026-05-18 06:00:03]  正在连接 QQ-主 邮箱服务器 (497720537@qq.com) ...
[2026-05-18 06:00:03]  正在连接 QQ-备用 邮箱服务器 (shouqianbadavid@qq.com) ...
[2026-05-18 06:00:39]  正在连接 QQ-主 邮箱服务器 (497720537@qq.com) ...
[2026-05-18 06:00:40]  正在连接 QQ-备用 邮箱服务器 (shouqianbadavid@qq.com) ...
[2026-05-18 06:01:16]  正在连接 QQ-主 邮箱服务器 (497720537@qq.com) ...
[2026-05-18 06:01:16]  正在连接 QQ-备用 邮箱服务器 (shouqianbadavid@qq.com) ...
[2026-05-18 06:01:52]  正在连接 QQ-主 邮箱服务器 (497720537@qq.com) ...
[2026-05-18 06:01:53]  正在连接 QQ-备用 邮箱服务器 (shouqianbadavid@qq.com) ...
[2026-05-18 06:02:28]  正在连接 QQ-主 邮箱服务器 (497720537@qq.com) ...
[2026-05-18 06:02:29]  正在连接 QQ-备用 邮箱服务器 (shouqianbadavid@qq.com) ...
[2026-05-18 06:03:05]  正在连接 QQ-主 邮箱服务器 (497720537@qq.com) ...
[2026-05-18 06:03:05]  正在连接 QQ-备用 邮箱服务器 (shouqianbadavid@qq.com) ...
[2026-05-18 06:03:41]  正在连接 QQ-主 邮箱服务器 (497720537@qq.com) ...
[2026-05-18 06:03:41]  正在连接 QQ-备用 邮箱服务器 (shouqianbadavid@qq.com) ...
[2026-05-18 06:04:17]  正在连接 QQ-主 邮箱服务器 (497720537@qq.com) ...
[2026-05-18 06:04:18]  正在连接 QQ-备用 邮箱服务器 (shouqianbadavid@qq.com) ...
[2026-05-18 06:04:54]  正在连接 QQ-主 邮箱服务器 (497720537@qq.com) ...
[2026-05-18 06:04:54]  正在连接 QQ-备用 邮箱服务器 (shouqianbadavid@qq.com) ...
[2026-05-18 06:05:30]  正在连接 QQ-主 邮箱服务器 (497720537@qq.com) ...
[2026-05-18 06:05:31]  正在连接 QQ-备用 邮箱服务器 (shouqianbadavid@qq.com) ...
[2026-05-18 06:06:07]  正在连接 QQ-主 邮箱服务器 (497720537@qq.com) ...
[2026-05-18 06:06:07]  正在连接 QQ-备用 邮箱服务器 (shouqianbadavid@qq.com) ...
[2026-05-18 06:06:43]  正在连接 QQ-主 邮箱服务器 (497720537@qq.com) ...
[2026-05-18 06:06:44]  正在连接 QQ-备用 邮箱服务器 (shouqianbadavid@qq.com) ...
[2026-05-18 06:07:19]  正在连接 QQ-主 邮箱服务器 (497720537@qq.com) ...
[2026-05-18 06:07:20]  正在连接 QQ-备用 邮箱服务器 (shouqianbadavid@qq.com) ...
[2026-05-18 06:07:56]  正在连接 QQ-主 邮箱服务器 (497720537@qq.com) ...
[2026-05-18 06:07:56]  正在连接 QQ-备用 邮箱服务器 (shouqianbadavid@qq.com) ...
[2026-05-18 06:08:32]  正在连接 QQ-主 邮箱服务器 (497720537@qq.com) ...
[2026-05-18 06:08:32]  正在连接 QQ-备用 邮箱服务器 (shouqianbadavid@qq.com) ...
[2026-05-18 06:09:08]  正在连接 QQ-主 邮箱服务器 (497720537@qq.com) ...
[2026-05-18 06:09:09]  正在连接 QQ-备用 邮箱服务器 (shouqianbadavid@qq.com) ...
[2026-05-18 06:09:45]  正在连接 QQ-主 邮箱服务器 (497720537@qq.com) ...
[2026-05-18 06:09:45]  正在连接 QQ-备用 邮箱服务器 (shouqianbadavid@qq.com) ...
[2026-05-18 06:10:21]  正在连接 QQ-主 邮箱服务器 (497720537@qq.com) ...
[2026-05-18 06:10:22]  正在连接 QQ-备用 邮箱服务器 (shouqianbadavid@qq.com) ...
[2026-05-18 06:10:58]  正在连接 QQ-主 邮箱服务器 (497720537@qq.com) ...
[2026-05-18 06:10:58]  正在连接 QQ-备用 邮箱服务器 (shouqianbadavid@qq.com) ...
[2026-05-18 06:11:34]  正在连接 QQ-主 邮箱服务器 (497720537@qq.com) ...
[2026-05-18 06:11:35]  正在连接 QQ-备用 邮箱服务器 (shouqianbadavid@qq.com) ...
[2026-05-18 06:12:11]  正在连接 QQ-主 邮箱服务器 (497720537@qq.com) ...
[2026-05-18 06:12:11]  正在连接 QQ-备用 邮箱服务器 (shouqianbadavid@qq.com) ...
[2026-05-18 06:12:47]  正在连接 QQ-主 邮箱服务器 (497720537@qq.com) ...
[2026-05-18 06:12:48]  正在连接 QQ-备用 邮箱服务器 (shouqianbadavid@qq.com) ...
[2026-05-18 06:13:24]  正在连接 QQ-主 邮箱服务器 (497720537@qq.com) ...
[2026-05-18 06:13:25]  正在连接 QQ-备用 邮箱服务器 (shouqianbadavid@qq.com) ...
[2026-05-18 06:14:01]  正在连接 QQ-主 邮箱服务器 (497720537@qq.com) ...
[2026-05-18 06:14:01]  正在连接 QQ-备用 邮箱服务器 (shouqianbadavid@qq.com) ...
[2026-05-18 06:14:37]  正在连接 QQ-主 邮箱服务器 (497720537@qq.com) ...
[2026-05-18 06:14:38]  正在连接 QQ-备用 邮箱服务器 (shouqianbadavid@qq.com) ...
[2026-05-18 06:15:13]  正在连接 QQ-主 邮箱服务器 (497720537@qq.com) ...
[2026-05-18 06:15:14]  正在连接 QQ-备用 邮箱服务器 (shouqianbadavid@qq.com) ...
[2026-05-18 06:15:50]  正在连接 QQ-主 邮箱服务器 (497720537@qq.com) ...
[2026-05-18 06:15:50]  正在连接 QQ-备用 邮箱服务器 (shouqianbadavid@qq.com) ...
[2026-05-18 06:16:26]  正在连接 QQ-主 邮箱服务器 (497720537@qq.com) ...
[2026-05-18 06:16:27]  正在连接 QQ-备用 邮箱服务器 (shouqianbadavid@qq.com) ...
[2026-05-18 06:17:03]  正在连接 QQ-主 邮箱服务器 (497720537@qq.com) ...
[2026-05-18 06:17:03]  正在连接 QQ-备用 邮箱服务器 (shouqianbadavid@qq.com) ...
[2026-05-18 06:17:39]  正在连接 QQ-主 邮箱服务器 (497720537@qq.com) ...
[2026-05-18 06:17:40]  正在连接 QQ-备用 邮箱服务器 (shouqianbadavid@qq.com) ...
[2026-05-18 06:18:16]  正在连接 QQ-主 邮箱服务器 (497720537@qq.com) ...
[2026-05-18 06:18:16]  正在连接 QQ-备用 邮箱服务器 (shouqianbadavid@qq.com) ...
[2026-05-18 06:18:52]  正在连接 QQ-主 邮箱服务器 (497720537@qq.com) ...
[2026-05-18 06:18:53]  正在连接 QQ-备用 邮箱服务器 (shouqianbadavid@qq.com) ...
[2026-05-18 06:19:29]  正在连接 QQ-主 邮箱服务器 (497720537@qq.com) ...
[2026-05-18 06:19:29]  正在连接 QQ-备用 邮箱服务器 (shouqianbadavid@qq.com) ...
[2026-05-18 06:20:05]  正在连接 QQ-主 邮箱服务器 (497720537@qq.com) ...
[2026-05-18 06:20:06]  正在连接 QQ-备用 邮箱服务器 (shouqianbadavid@qq.com) ...
[2026-05-18 06:20:42]  正在连接 QQ-主 邮箱服务器 (497720537@qq.com) ...
[2026-05-18 06:20:42]  正在连接 QQ-备用 邮箱服务器 (shouqianbadavid@qq.com) ...
[2026-05-18 06:21:18]  正在连接 QQ-主 邮箱服务器 (497720537@qq.com) ...
[2026-05-18 06:21:19]  正在连接 QQ-备用 邮箱服务器 (shouqianbadavid@qq.com) ...
[2026-05-18 06:21:54]  正在连接 QQ-主 邮箱服务器 (497720537@qq.com) ...
[2026-05-18 06:21:55]  正在连接 QQ-备用 邮箱服务器 (shouqianbadavid@qq.com) ...
[2026-05-18 06:22:31]  正在连接 QQ-主 邮箱服务器 (497720537@qq.com) ...
[2026-05-18 06:22:31]  正在连接 QQ-备用 邮箱服务器 (shouqianbadavid@qq.com) ...
[2026-05-18 06:23:07]  正在连接 QQ-主 邮箱服务器 (497720537@qq.com) ...
[2026-05-18 06:23:08]  正在连接 QQ-备用 邮箱服务器 (shouqianbadavid@qq.com) ...
[2026-05-18 06:23:44]  正在连接 QQ-主 邮箱服务器 (497720537@qq.com) ...
[2026-05-18 06:23:44]  正在连接 QQ-备用 邮箱服务器 (shouqianbadavid@qq.com) ...
[2026-05-18 06:24:20]  正在连接 QQ-主 邮箱服务器 (497720537@qq.com) ...
[2026-05-18 06:24:21]  正在连接 QQ-备用 邮箱服务器 (shouqianbadavid@qq.com) ...
[2026-05-18 06:24:56]  正在连接 QQ-主 邮箱服务器 (497720537@qq.com) ...
[2026-05-18 06:24:57]  正在连接 QQ-备用 邮箱服务器 (shouqianbadavid@qq.com) ...
[2026-05-18 06:25:33]  正在连接 QQ-主 邮箱服务器 (497720537@qq.com) ...
[2026-05-18 06:25:34]  正在连接 QQ-备用 邮箱服务器 (shouqianbadavid@qq.com) ...
[2026-05-18 06:26:09]  正在连接 QQ-主 邮箱服务器 (497720537@qq.com) ...
[2026-05-18 06:26:10]  正在连接 QQ-备用 邮箱服务器 (shouqianbadavid@qq.com) ...
[2026-05-18 06:26:46]  正在连接 QQ-主 邮箱服务器 (497720537@qq.com) ...
[2026-05-18 06:26:47]  正在连接 QQ-备用 邮箱服务器 (shouqianbadavid@qq.com) ...
[2026-05-18 06:27:22]  正在连接 QQ-主 邮箱服务器 (497720537@qq.com) ...
[2026-05-18 06:27:23]  正在连接 QQ-备用 邮箱服务器 (shouqianbadavid@qq.com) ...
[2026-05-18 06:27:59]  正在连接 QQ-主 邮箱服务器 (497720537@qq.com) ...
[2026-05-18 06:28:00]  正在连接 QQ-备用 邮箱服务器 (shouqianbadavid@qq.com) ...
[2026-05-18 06:28:35]  正在连接 QQ-主 邮箱服务器 (497720537@qq.com) ...
[2026-05-18 06:28:36]  正在连接 QQ-备用 邮箱服务器 (shouqianbadavid@qq.com) ...
[2026-05-18 06:29:12]  正在连接 QQ-主 邮箱服务器 (497720537@qq.com) ...
[2026-05-18 06:29:13]  正在连接 QQ-备用 邮箱服务器 (shouqianbadavid@qq.com) ...
[2026-05-18 06:29:48]  正在连接 QQ-主 邮箱服务器 (497720537@qq.com) ...
[2026-05-18 06:29:49]  正在连接 QQ-备用 邮箱服务器 (shouqianbadavid@qq.com) ...
[2026-05-18 06:30:25]  正在连接 QQ-主 邮箱服务器 (497720537@qq.com) ...
[2026-05-18 06:30:26]  正在连接 QQ-备用 邮箱服务器 (shouqianbadavid@qq.com) ...
[2026-05-18 06:31:01]  正在连接 QQ-主 邮箱服务器 (497720537@qq.com) ...
[2026-05-18 06:31:02]  正在连接 QQ-备用 邮箱服务器 (shouqianbadavid@qq.com) ...
[2026-05-18 06:31:38]  正在连接 QQ-主 邮箱服务器 (497720537@qq.com) ...
[2026-05-18 06:31:39]  正在连接 QQ-备用 邮箱服务器 (shouqianbadavid@qq.com) ...
[2026-05-18 06:32:15]  正在连接 QQ-主 邮箱服务器 (497720537@qq.com) ...
[2026-05-18 06:32:15]  正在连接 QQ-备用 邮箱服务器 (shouqianbadavid@qq.com) ...
[2026-05-18 06:32:51]  正在连接 QQ-主 邮箱服务器 (497720537@qq.com) ...
[2026-05-18 06:32:52]  正在连接 QQ-备用 邮箱服务器 (shouqianbadavid@qq.com) ...
[2026-05-18 06:33:28]  正在连接 QQ-主 邮箱服务器 (497720537@qq.com) ...
[2026-05-18 06:33:28]  正在连接 QQ-备用 邮箱服务器 (shouqianbadavid@qq.com) ...
[2026-05-18 06:34:04]  正在连接 QQ-主 邮箱服务器 (497720537@qq.com) ...
[2026-05-18 06:34:05]  正在连接 QQ-备用 邮箱服务器 (shouqianbadavid@qq.com) ...
[2026-05-18 06:34:40]  正在连接 QQ-主 邮箱服务器 (497720537@qq.com) ...
[2026-05-18 06:34:41]  正在连接 QQ-备用 邮箱服务器 (shouqianbadavid@qq.com) ...
[2026-05-18 06:35:18]  正在连接 QQ-主 邮箱服务器 (497720537@qq.com) ...
[2026-05-18 06:35:18]  正在连接 QQ-备用 邮箱服务器 (shouqianbadavid@qq.com) ...
[2026-05-18 06:35:54]  正在连接 QQ-主 邮箱服务器 (497720537@qq.com) ...
[2026-05-18 06:35:55]  正在连接 QQ-备用 邮箱服务器 (shouqianbadavid@qq.com) ...
[2026-05-18 06:36:31]  正在连接 QQ-主 邮箱服务器 (497720537@qq.com) ...
[2026-05-18 06:36:31]  正在连接 QQ-备用 邮箱服务器 (shouqianbadavid@qq.com) ...
[2026-05-18 06:37:07]  正在连接 QQ-主 邮箱服务器 (497720537@qq.com) ...
[2026-05-18 06:37:08]  正在连接 QQ-备用 邮箱服务器 (shouqianbadavid@qq.com) ...
[2026-05-18 06:37:43]  正在连接 QQ-主 邮箱服务器 (497720537@qq.com) ...
[2026-05-18 06:37:44]  正在连接 QQ-备用 邮箱服务器 (shouqianbadavid@qq.com) ...
[2026-05-18 06:38:20]  正在连接 QQ-主 邮箱服务器 (497720537@qq.com) ...
[2026-05-18 06:38:21]  正在连接 QQ-备用 邮箱服务器 (shouqianbadavid@qq.com) ...
[2026-05-18 06:38:57]  正在连接 QQ-主 邮箱服务器 (497720537@qq.com) ...
[2026-05-18 06:38:58]  正在连接 QQ-备用 邮箱服务器 (shouqianbadavid@qq.com) ...
[2026-05-18 06:39:34]  正在连接 QQ-主 邮箱服务器 (497720537@qq.com) ...
[2026-05-18 06:39:34]  正在连接 QQ-备用 邮箱服务器 (shouqianbadavid@qq.com) ...
[2026-05-18 06:40:10]  正在连接 QQ-主 邮箱服务器 (497720537@qq.com) ...
[2026-05-18 06:40:11]  正在连接 QQ-备用 邮箱服务器 (shouqianbadavid@qq.com) ...
[2026-05-18 06:40:46]  正在连接 QQ-主 邮箱服务器 (497720537@qq.com) ...
[2026-05-18 06:40:47]  正在连接 QQ-备用 邮箱服务器 (shouqianbadavid@qq.com) ...
[2026-05-18 06:41:23]  正在连接 QQ-主 邮箱服务器 (497720537@qq.com) ...
[2026-05-18 06:41:24]  正在连接 QQ-备用 邮箱服务器 (shouqianbadavid@qq.com) ...
[2026-05-18 06:41:59]  正在连接 QQ-主 邮箱服务器 (497720537@qq.com) ...
[2026-05-18 06:42:00]  正在连接 QQ-备用 邮箱服务器 (shouqianbadavid@qq.com) ...
[2026-05-18 06:42:36]  正在连接 QQ-主 邮箱服务器 (497720537@qq.com) ...
[2026-05-18 06:42:36]  正在连接 QQ-备用 邮箱服务器 (shouqianbadavid@qq.com) ...
[2026-05-18 06:43:12]  正在连接 QQ-主 邮箱服务器 (497720537@qq.com) ...
[2026-05-18 06:43:13]  正在连接 QQ-备用 邮箱服务器 (shouqianbadavid@qq.com) ...
[2026-05-18 06:43:48]  正在连接 QQ-主 邮箱服务器 (497720537@qq.com) ...
[2026-05-18 06:43:49]  正在连接 QQ-备用 邮箱服务器 (shouqianbadavid@qq.com) ...
[2026-05-18 06:44:24]  正在连接 QQ-主 邮箱服务器 (497720537@qq.com) ...
[2026-05-18 06:44:25]  正在连接 QQ-备用 邮箱服务器 (shouqianbadavid@qq.com) ...
[2026-05-18 06:45:01]  正在连接 QQ-主 邮箱服务器 (497720537@qq.com) ...
[2026-05-18 06:45:02]  正在连接 QQ-备用 邮箱服务器 (shouqianbadavid@qq.com) ...
[2026-05-18 06:45:37]  正在连接 QQ-主 邮箱服务器 (497720537@qq.com) ...
[2026-05-18 06:45:39]  正在连接 QQ-备用 邮箱服务器 (shouqianbadavid@qq.com) ...
[2026-05-18 06:46:14]  正在连接 QQ-主 邮箱服务器 (497720537@qq.com) ...
[2026-05-18 06:46:15]  正在连接 QQ-备用 邮箱服务器 (shouqianbadavid@qq.com) ...
[2026-05-18 06:46:51]  正在连接 QQ-主 邮箱服务器 (497720537@qq.com) ...
[2026-05-18 06:46:51]  正在连接 QQ-备用 邮箱服务器 (shouqianbadavid@qq.com) ...
[2026-05-18 06:47:27]  正在连接 QQ-主 邮箱服务器 (497720537@qq.com) ...
[2026-05-18 06:47:28]  正在连接 QQ-备用 邮箱服务器 (shouqianbadavid@qq.com) ...
[2026-05-18 06:48:03]  正在连接 QQ-主 邮箱服务器 (497720537@qq.com) ...
[2026-05-18 06:48:04]  正在连接 QQ-备用 邮箱服务器 (shouqianbadavid@qq.com) ...
[2026-05-18 06:48:40]  正在连接 QQ-主 邮箱服务器 (497720537@qq.com) ...
[2026-05-18 06:48:41]  正在连接 QQ-备用 邮箱服务器 (shouqianbadavid@qq.com) ...
[2026-05-18 06:49:17]  正在连接 QQ-主 邮箱服务器 (497720537@qq.com) ...
[2026-05-18 06:49:18]  正在连接 QQ-备用 邮箱服务器 (shouqianbadavid@qq.com) ...
[2026-05-18 06:49:53]  正在连接 QQ-主 邮箱服务器 (497720537@qq.com) ...
[2026-05-18 06:49:54]  正在连接 QQ-备用 邮箱服务器 (shouqianbadavid@qq.com) ...
[2026-05-18 06:50:30]  正在连接 QQ-主 邮箱服务器 (497720537@qq.com) ...
[2026-05-18 06:50:30]  正在连接 QQ-备用 邮箱服务器 (shouqianbadavid@qq.com) ...
[2026-05-18 06:51:06]  正在连接 QQ-主 邮箱服务器 (497720537@qq.com) ...
[2026-05-18 06:51:07]  正在连接 QQ-备用 邮箱服务器 (shouqianbadavid@qq.com) ...
[2026-05-18 06:51:43]  正在连接 QQ-主 邮箱服务器 (497720537@qq.com) ...
[2026-05-18 06:51:43]  正在连接 QQ-备用 邮箱服务器 (shouqianbadavid@qq.com) ...
[2026-05-18 06:52:19]  正在连接 QQ-主 邮箱服务器 (497720537@qq.com) ...
[2026-05-18 06:52:20]  正在连接 QQ-备用 邮箱服务器 (shouqianbadavid@qq.com) ...
[2026-05-18 06:52:55]  正在连接 QQ-主 邮箱服务器 (497720537@qq.com) ...
[2026-05-18 06:52:56]  正在连接 QQ-备用 邮箱服务器 (shouqianbadavid@qq.com) ...
[2026-05-18 06:53:31]  正在连接 QQ-主 邮箱服务器 (497720537@qq.com) ...
[2026-05-18 06:53:32]  正在连接 QQ-备用 邮箱服务器 (shouqianbadavid@qq.com) ...
[2026-05-18 06:54:08]  正在连接 QQ-主 邮箱服务器 (497720537@qq.com) ...
[2026-05-18 06:54:08]  正在连接 QQ-备用 邮箱服务器 (shouqianbadavid@qq.com) ...
[2026-05-18 06:54:44]  正在连接 QQ-主 邮箱服务器 (497720537@qq.com) ...
[2026-05-18 06:54:45]  正在连接 QQ-备用 邮箱服务器 (shouqianbadavid@qq.com) ...
[2026-05-18 06:55:20]  正在连接 QQ-主 邮箱服务器 (497720537@qq.com) ...
[2026-05-18 06:55:21]  正在连接 QQ-备用 邮箱服务器 (shouqianbadavid@qq.com) ...
[2026-05-18 06:55:57]  正在连接 QQ-主 邮箱服务器 (497720537@qq.com) ...
[2026-05-18 06:55:57]  正在连接 QQ-备用 邮箱服务器 (shouqianbadavid@qq.com) ...
[2026-05-18 06:56:33]  正在连接 QQ-主 邮箱服务器 (497720537@qq.com) ...
[2026-05-18 06:56:34]  正在连接 QQ-备用 邮箱服务器 (shouqianbadavid@qq.com) ...
[2026-05-18 06:57:10]  正在连接 QQ-主 邮箱服务器 (497720537@qq.com) ...
[2026-05-18 06:57:10]  正在连接 QQ-备用 邮箱服务器 (shouqianbadavid@qq.com) ...
[2026-05-18 06:57:46]  正在连接 QQ-主 邮箱服务器 (497720537@qq.com) ...
[2026-05-18 06:57:47]  正在连接 QQ-备用 邮箱服务器 (shouqianbadavid@qq.com) ...
[2026-05-18 06:58:22]  正在连接 QQ-主 邮箱服务器 (497720537@qq.com) ...
[2026-05-18 06:58:23]  正在连接 QQ-备用 邮箱服务器 (shouqianbadavid@qq.com) ...
[2026-05-18 06:58:59]  正在连接 QQ-主 邮箱服务器 (497720537@qq.com) ...
[2026-05-18 06:59:00]  正在连接 QQ-备用 邮箱服务器 (shouqianbadavid@qq.com) ...
[2026-05-18 06:59:36]  正在连接 QQ-主 邮箱服务器 (497720537@qq.com) ...
[2026-05-18 06:59:36]  正在连接 QQ-备用 邮箱服务器 (shouqianbadavid@qq.com) ...
[2026-05-18 07:00:12]  正在连接 QQ-主 邮箱服务器 (497720537@qq.com) ...
[2026-05-18 07:00:13]  正在连接 QQ-备用 邮箱服务器 (shouqianbadavid@qq.com) ...
[2026-05-18 07:00:49]  正在连接 QQ-主 邮箱服务器 (497720537@qq.com) ...
[2026-05-18 07:00:49]  正在连接 QQ-备用 邮箱服务器 (shouqianbadavid@qq.com) ...
[2026-05-18 07:01:25]  正在连接 QQ-主 邮箱服务器 (497720537@qq.com) ...
[2026-05-18 07:01:26]  正在连接 QQ-备用 邮箱服务器 (shouqianbadavid@qq.com) ...
[2026-05-18 07:02:01]  正在连接 QQ-主 邮箱服务器 (497720537@qq.com) ...
[2026-05-18 07:02:02]  正在连接 QQ-备用 邮箱服务器 (shouqianbadavid@qq.com) ...
[2026-05-18 07:02:38]  正在连接 QQ-主 邮箱服务器 (497720537@qq.com) ...
[2026-05-18 07:02:39]  正在连接 QQ-备用 邮箱服务器 (shouqianbadavid@qq.com) ...
[2026-05-18 07:03:14]  正在连接 QQ-主 邮箱服务器 (497720537@qq.com) ...
[2026-05-18 07:03:15]  正在连接 QQ-备用 邮箱服务器 (shouqianbadavid@qq.com) ...
[2026-05-18 07:03:51]  正在连接 QQ-主 邮箱服务器 (497720537@qq.com) ...
[2026-05-18 07:03:52]  正在连接 QQ-备用 邮箱服务器 (shouqianbadavid@qq.com) ...
[2026-05-18 07:04:28]  正在连接 QQ-主 邮箱服务器 (497720537@qq.com) ...
[2026-05-18 07:04:28]  正在连接 QQ-备用 邮箱服务器 (shouqianbadavid@qq.com) ...
[2026-05-18 07:05:04]  正在连接 QQ-主 邮箱服务器 (497720537@qq.com) ...
[2026-05-18 07:05:05]  正在连接 QQ-备用 邮箱服务器 (shouqianbadavid@qq.com) ...
[2026-05-18 07:05:41]  正在连接 QQ-主 邮箱服务器 (497720537@qq.com) ...
[2026-05-18 07:05:41]  正在连接 QQ-备用 邮箱服务器 (shouqianbadavid@qq.com) ...
[2026-05-18 07:06:17]  正在连接 QQ-主 邮箱服务器 (497720537@qq.com) ...
[2026-05-18 07:06:57]  QQ-主 因子处理主循环异常: timed out
[2026-05-18 07:07:07]  正在连接 QQ-备用 邮箱服务器 (shouqianbadavid@qq.com) ...
[2026-05-18 07:07:43]  正在连接 QQ-主 邮箱服务器 (497720537@qq.com) ...
[2026-05-18 07:07:44]  正在连接 QQ-备用 邮箱服务器 (shouqianbadavid@qq.com) ...
[2026-05-18 07:08:19]  正在连接 QQ-主 邮箱服务器 (497720537@qq.com) ...
[2026-05-18 07:08:20]  正在连接 QQ-备用 邮箱服务器 (shouqianbadavid@qq.com) ...
[2026-05-18 07:08:55]  正在连接 QQ-主 邮箱服务器 (497720537@qq.com) ...
[2026-05-18 07:08:56]  正在连接 QQ-备用 邮箱服务器 (shouqianbadavid@qq.com) ...
[2026-05-18 07:09:32]  正在连接 QQ-主 邮箱服务器 (497720537@qq.com) ...
[2026-05-18 07:09:33]  正在连接 QQ-备用 邮箱服务器 (shouqianbadavid@qq.com) ...
[2026-05-18 07:10:08]  正在连接 QQ-主 邮箱服务器 (497720537@qq.com) ...
[2026-05-18 07:10:12]  正在连接 QQ-备用 邮箱服务器 (shouqianbadavid@qq.com) ...
[2026-05-18 07:10:48]  正在连接 QQ-主 邮箱服务器 (497720537@qq.com) ...
[2026-05-18 07:10:48]  正在连接 QQ-备用 邮箱服务器 (shouqianbadavid@qq.com) ...
[2026-05-18 07:11:24]  正在连接 QQ-主 邮箱服务器 (497720537@qq.com) ...
[2026-05-18 07:11:25]  正在连接 QQ-备用 邮箱服务器 (shouqianbadavid@qq.com) ...
[2026-05-18 07:12:00]  正在连接 QQ-主 邮箱服务器 (497720537@qq.com) ...
[2026-05-18 07:12:01]  正在连接 QQ-备用 邮箱服务器 (shouqianbadavid@qq.com) ...
[2026-05-18 07:12:37]  正在连接 QQ-主 邮箱服务器 (497720537@qq.com) ...
[2026-05-18 07:12:37]  正在连接 QQ-备用 邮箱服务器 (shouqianbadavid@qq.com) ...
[2026-05-18 07:13:13]  正在连接 QQ-主 邮箱服务器 (497720537@qq.com) ...
[2026-05-18 07:13:14]  正在连接 QQ-备用 邮箱服务器 (shouqianbadavid@qq.com) ...
[2026-05-18 07:13:50]  正在连接 QQ-主 邮箱服务器 (497720537@qq.com) ...
[2026-05-18 07:13:50]  正在连接 QQ-备用 邮箱服务器 (shouqianbadavid@qq.com) ...
[2026-05-18 07:14:26]  正在连接 QQ-主 邮箱服务器 (497720537@qq.com) ...
[2026-05-18 07:14:27]  正在连接 QQ-备用 邮箱服务器 (shouqianbadavid@qq.com) ...
[2026-05-18 07:15:02]  正在连接 QQ-主 邮箱服务器 (497720537@qq.com) ...
[2026-05-18 07:15:03]  正在连接 QQ-备用 邮箱服务器 (shouqianbadavid@qq.com) ...
[2026-05-18 07:15:41]  正在连接 QQ-主 邮箱服务器 (497720537@qq.com) ...
[2026-05-18 07:15:42]  正在连接 QQ-备用 邮箱服务器 (shouqianbadavid@qq.com) ...
[2026-05-18 07:16:17]  正在连接 QQ-主 邮箱服务器 (497720537@qq.com) ...
[2026-05-18 07:16:18]  正在连接 QQ-备用 邮箱服务器 (shouqianbadavid@qq.com) ...
[2026-05-18 07:16:54]  正在连接 QQ-主 邮箱服务器 (497720537@qq.com) ...
[2026-05-18 07:16:54]  正在连接 QQ-备用 邮箱服务器 (shouqianbadavid@qq.com) ...
[2026-05-18 07:17:30]  正在连接 QQ-主 邮箱服务器 (497720537@qq.com) ...
[2026-05-18 07:17:31]  正在连接 QQ-备用 邮箱服务器 (shouqianbadavid@qq.com) ...
[2026-05-18 07:18:07]  正在连接 QQ-主 邮箱服务器 (497720537@qq.com) ...
[2026-05-18 07:18:07]  正在连接 QQ-备用 邮箱服务器 (shouqianbadavid@qq.com) ...
[2026-05-18 07:18:43]  正在连接 QQ-主 邮箱服务器 (497720537@qq.com) ...
[2026-05-18 07:18:44]  正在连接 QQ-备用 邮箱服务器 (shouqianbadavid@qq.com) ...
[2026-05-18 07:19:19]  正在连接 QQ-主 邮箱服务器 (497720537@qq.com) ...
[2026-05-18 07:19:20]  正在连接 QQ-备用 邮箱服务器 (shouqianbadavid@qq.com) ...
[2026-05-18 07:19:56]  正在连接 QQ-主 邮箱服务器 (497720537@qq.com) ...
[2026-05-18 07:19:57]  正在连接 QQ-备用 邮箱服务器 (shouqianbadavid@qq.com) ...
[2026-05-18 07:20:33]  正在连接 QQ-主 邮箱服务器 (497720537@qq.com) ...
[2026-05-18 07:20:33]  正在连接 QQ-备用 邮箱服务器 (shouqianbadavid@qq.com) ...
[2026-05-18 07:21:09]  正在连接 QQ-主 邮箱服务器 (497720537@qq.com) ...
[2026-05-18 07:21:20]  QQ-主 因子处理主循环异常: [Errno 11001] getaddrinfo failed
[2026-05-18 07:21:30]  正在连接 QQ-备用 邮箱服务器 (shouqianbadavid@qq.com) ...
[2026-05-18 07:21:31]  QQ-备用 因子处理主循环异常: [Errno 11001] getaddrinfo failed
[2026-05-18 07:22:16]  正在连接 QQ-主 邮箱服务器 (497720537@qq.com) ...
[2026-05-18 07:22:16]  正在连接 QQ-备用 邮箱服务器 (shouqianbadavid@qq.com) ...
[2026-05-18 07:22:52]  正在连接 QQ-主 邮箱服务器 (497720537@qq.com) ...
[2026-05-18 07:22:53]  正在连接 QQ-备用 邮箱服务器 (shouqianbadavid@qq.com) ...
[2026-05-18 07:23:29]  正在连接 QQ-主 邮箱服务器 (497720537@qq.com) ...
[2026-05-18 07:23:30]  正在连接 QQ-备用 邮箱服务器 (shouqianbadavid@qq.com) ...
[2026-05-18 07:24:05]  正在连接 QQ-主 邮箱服务器 (497720537@qq.com) ...
[2026-05-18 07:24:06]  正在连接 QQ-备用 邮箱服务器 (shouqianbadavid@qq.com) ...
[2026-05-18 07:24:42]  正在连接 QQ-主 邮箱服务器 (497720537@qq.com) ...
[2026-05-18 07:24:43]  正在连接 QQ-备用 邮箱服务器 (shouqianbadavid@qq.com) ...
[2026-05-18 07:25:19]  正在连接 QQ-主 邮箱服务器 (497720537@qq.com) ...
[2026-05-18 07:25:19]  正在连接 QQ-备用 邮箱服务器 (shouqianbadavid@qq.com) ...
[2026-05-18 07:25:55]  正在连接 QQ-主 邮箱服务器 (497720537@qq.com) ...
[2026-05-18 07:25:56]  正在连接 QQ-备用 邮箱服务器 (shouqianbadavid@qq.com) ...
[2026-05-18 07:26:32]  正在连接 QQ-主 邮箱服务器 (497720537@qq.com) ...
[2026-05-18 07:26:32]  正在连接 QQ-备用 邮箱服务器 (shouqianbadavid@qq.com) ...
[2026-05-18 07:27:08]  正在连接 QQ-主 邮箱服务器 (497720537@qq.com) ...
[2026-05-18 07:27:09]  正在连接 QQ-备用 邮箱服务器 (shouqianbadavid@qq.com) ...
[2026-05-18 07:27:44]  正在连接 QQ-主 邮箱服务器 (497720537@qq.com) ...
[2026-05-18 07:27:45]  正在连接 QQ-备用 邮箱服务器 (shouqianbadavid@qq.com) ...
[2026-05-18 07:28:21]  正在连接 QQ-主 邮箱服务器 (497720537@qq.com) ...
[2026-05-18 07:28:22]  正在连接 QQ-备用 邮箱服务器 (shouqianbadavid@qq.com) ...
[2026-05-18 07:28:58]  正在连接 QQ-主 邮箱服务器 (497720537@qq.com) ...
[2026-05-18 07:28:58]  正在连接 QQ-备用 邮箱服务器 (shouqianbadavid@qq.com) ...
[2026-05-18 07:29:34]  正在连接 QQ-主 邮箱服务器 (497720537@qq.com) ...
[2026-05-18 07:29:35]  正在连接 QQ-备用 邮箱服务器 (shouqianbadavid@qq.com) ...
[2026-05-18 07:30:11]  正在连接 QQ-主 邮箱服务器 (497720537@qq.com) ...
[2026-05-18 07:30:11]  正在连接 QQ-备用 邮箱服务器 (shouqianbadavid@qq.com) ...
[2026-05-18 07:30:47]  正在连接 QQ-主 邮箱服务器 (497720537@qq.com) ...
[2026-05-18 07:30:48]  正在连接 QQ-备用 邮箱服务器 (shouqianbadavid@qq.com) ...
[2026-05-18 07:31:24]  正在连接 QQ-主 邮箱服务器 (497720537@qq.com) ...
[2026-05-18 07:31:25]  正在连接 QQ-备用 邮箱服务器 (shouqianbadavid@qq.com) ...
[2026-05-18 07:32:00]  正在连接 QQ-主 邮箱服务器 (497720537@qq.com) ...
[2026-05-18 07:32:01]  正在连接 QQ-备用 邮箱服务器 (shouqianbadavid@qq.com) ...
[2026-05-18 07:32:37]  正在连接 QQ-主 邮箱服务器 (497720537@qq.com) ...
[2026-05-18 07:32:38]  正在连接 QQ-备用 邮箱服务器 (shouqianbadavid@qq.com) ...
[2026-05-18 07:33:13]  正在连接 QQ-主 邮箱服务器 (497720537@qq.com) ...
[2026-05-18 07:33:14]  正在连接 QQ-备用 邮箱服务器 (shouqianbadavid@qq.com) ...
[2026-05-18 07:33:50]  正在连接 QQ-主 邮箱服务器 (497720537@qq.com) ...
[2026-05-18 07:33:51]  正在连接 QQ-备用 邮箱服务器 (shouqianbadavid@qq.com) ...
[2026-05-18 07:34:26]  正在连接 QQ-主 邮箱服务器 (497720537@qq.com) ...
[2026-05-18 07:34:27]  正在连接 QQ-备用 邮箱服务器 (shouqianbadavid@qq.com) ...
[2026-05-18 07:35:03]  正在连接 QQ-主 邮箱服务器 (497720537@qq.com) ...
[2026-05-18 07:35:04]  正在连接 QQ-备用 邮箱服务器 (shouqianbadavid@qq.com) ...
[2026-05-18 07:35:39]  正在连接 QQ-主 邮箱服务器 (497720537@qq.com) ...
[2026-05-18 07:35:40]  正在连接 QQ-备用 邮箱服务器 (shouqianbadavid@qq.com) ...
[2026-05-18 07:36:16]  正在连接 QQ-主 邮箱服务器 (497720537@qq.com) ...
[2026-05-18 07:36:37]  正在连接 QQ-备用 邮箱服务器 (shouqianbadavid@qq.com) ...
[2026-05-18 07:37:13]  正在连接 QQ-主 邮箱服务器 (497720537@qq.com) ...
[2026-05-18 07:37:13]  正在连接 QQ-备用 邮箱服务器 (shouqianbadavid@qq.com) ...
[2026-05-18 07:37:49]  正在连接 QQ-主 邮箱服务器 (497720537@qq.com) ...
[2026-05-18 07:37:50]  正在连接 QQ-备用 邮箱服务器 (shouqianbadavid@qq.com) ...
[2026-05-18 07:38:25]  正在连接 QQ-主 邮箱服务器 (497720537@qq.com) ...
[2026-05-18 07:38:26]  正在连接 QQ-备用 邮箱服务器 (shouqianbadavid@qq.com) ...
[2026-05-18 07:39:02]  正在连接 QQ-主 邮箱服务器 (497720537@qq.com) ...
[2026-05-18 07:39:03]  正在连接 QQ-备用 邮箱服务器 (shouqianbadavid@qq.com) ...
[2026-05-18 07:39:38]  正在连接 QQ-主 邮箱服务器 (497720537@qq.com) ...
[2026-05-18 07:39:39]  正在连接 QQ-备用 邮箱服务器 (shouqianbadavid@qq.com) ...
[2026-05-18 07:40:15]  正在连接 QQ-主 邮箱服务器 (497720537@qq.com) ...
[2026-05-18 07:40:36]  正在连接 QQ-备用 邮箱服务器 (shouqianbadavid@qq.com) ...
[2026-05-18 07:41:12]  正在连接 QQ-主 邮箱服务器 (497720537@qq.com) ...
[2026-05-18 07:41:13]  正在连接 QQ-备用 邮箱服务器 (shouqianbadavid@qq.com) ...
[2026-05-18 07:41:48]  正在连接 QQ-主 邮箱服务器 (497720537@qq.com) ...
[2026-05-18 07:41:49]  正在连接 QQ-备用 邮箱服务器 (shouqianbadavid@qq.com) ...
[2026-05-18 07:42:25]  正在连接 QQ-主 邮箱服务器 (497720537@qq.com) ...
[2026-05-18 07:42:26]  正在连接 QQ-备用 邮箱服务器 (shouqianbadavid@qq.com) ...
[2026-05-18 07:43:02]  正在连接 QQ-主 邮箱服务器 (497720537@qq.com) ...
[2026-05-18 07:43:02]  正在连接 QQ-备用 邮箱服务器 (shouqianbadavid@qq.com) ...
[2026-05-18 07:43:38]  正在连接 QQ-主 邮箱服务器 (497720537@qq.com) ...
[2026-05-18 07:43:39]  正在连接 QQ-备用 邮箱服务器 (shouqianbadavid@qq.com) ...
[2026-05-18 07:44:14]  正在连接 QQ-主 邮箱服务器 (497720537@qq.com) ...
[2026-05-18 07:44:15]  正在连接 QQ-备用 邮箱服务器 (shouqianbadavid@qq.com) ...
[2026-05-18 07:44:50]  正在连接 QQ-主 邮箱服务器 (497720537@qq.com) ...
[2026-05-18 07:44:51]  正在连接 QQ-备用 邮箱服务器 (shouqianbadavid@qq.com) ...
[2026-05-18 07:45:27]  正在连接 QQ-主 邮箱服务器 (497720537@qq.com) ...
[2026-05-18 07:45:27]  正在连接 QQ-备用 邮箱服务器 (shouqianbadavid@qq.com) ...
[2026-05-18 07:46:03]  正在连接 QQ-主 邮箱服务器 (497720537@qq.com) ...
[2026-05-18 07:46:03]  正在连接 QQ-备用 邮箱服务器 (shouqianbadavid@qq.com) ...
[2026-05-18 07:46:39]  正在连接 QQ-主 邮箱服务器 (497720537@qq.com) ...
[2026-05-18 07:46:40]  正在连接 QQ-备用 邮箱服务器 (shouqianbadavid@qq.com) ...
[2026-05-18 07:47:15]  正在连接 QQ-主 邮箱服务器 (497720537@qq.com) ...
[2026-05-18 07:47:38]  正在连接 QQ-备用 邮箱服务器 (shouqianbadavid@qq.com) ...
[2026-05-18 07:48:14]  正在连接 QQ-主 邮箱服务器 (497720537@qq.com) ...
[2026-05-18 07:48:14]  正在连接 QQ-备用 邮箱服务器 (shouqianbadavid@qq.com) ...
[2026-05-18 07:48:50]  正在连接 QQ-主 邮箱服务器 (497720537@qq.com) ...
[2026-05-18 07:48:51]  正在连接 QQ-备用 邮箱服务器 (shouqianbadavid@qq.com) ...
[2026-05-18 07:49:26]  正在连接 QQ-主 邮箱服务器 (497720537@qq.com) ...
[2026-05-18 07:49:27]  正在连接 QQ-备用 邮箱服务器 (shouqianbadavid@qq.com) ...
[2026-05-18 07:50:02]  正在连接 QQ-主 邮箱服务器 (497720537@qq.com) ...
[2026-05-18 07:50:03]  正在连接 QQ-备用 邮箱服务器 (shouqianbadavid@qq.com) ...
[2026-05-18 07:50:39]  正在连接 QQ-主 邮箱服务器 (497720537@qq.com) ...
[2026-05-18 07:50:39]  正在连接 QQ-备用 邮箱服务器 (shouqianbadavid@qq.com) ...
[2026-05-18 07:51:15]  正在连接 QQ-主 邮箱服务器 (497720537@qq.com) ...
[2026-05-18 07:51:16]  正在连接 QQ-备用 邮箱服务器 (shouqianbadavid@qq.com) ...
[2026-05-18 07:51:51]  正在连接 QQ-主 邮箱服务器 (497720537@qq.com) ...
[2026-05-18 07:51:52]  正在连接 QQ-备用 邮箱服务器 (shouqianbadavid@qq.com) ...
[2026-05-18 07:52:27]  正在连接 QQ-主 邮箱服务器 (497720537@qq.com) ...
[2026-05-18 07:52:28]  正在连接 QQ-备用 邮箱服务器 (shouqianbadavid@qq.com) ...
[2026-05-18 07:53:04]  正在连接 QQ-主 邮箱服务器 (497720537@qq.com) ...
[2026-05-18 07:53:04]  正在连接 QQ-备用 邮箱服务器 (shouqianbadavid@qq.com) ...
[2026-05-18 07:53:40]  正在连接 QQ-主 邮箱服务器 (497720537@qq.com) ...
[2026-05-18 07:53:41]  正在连接 QQ-备用 邮箱服务器 (shouqianbadavid@qq.com) ...
[2026-05-18 07:54:16]  正在连接 QQ-主 邮箱服务器 (497720537@qq.com) ...
[2026-05-18 07:54:17]  正在连接 QQ-备用 邮箱服务器 (shouqianbadavid@qq.com) ...
[2026-05-18 07:54:53]  正在连接 QQ-主 邮箱服务器 (497720537@qq.com) ...
[2026-05-18 07:54:53]  正在连接 QQ-备用 邮箱服务器 (shouqianbadavid@qq.com) ...
[2026-05-18 07:55:29]  正在连接 QQ-主 邮箱服务器 (497720537@qq.com) ...
[2026-05-18 07:55:37]  正在连接 QQ-备用 邮箱服务器 (shouqianbadavid@qq.com) ...
[2026-05-18 07:56:13]  正在连接 QQ-主 邮箱服务器 (497720537@qq.com) ...
[2026-05-18 07:56:13]  正在连接 QQ-备用 邮箱服务器 (shouqianbadavid@qq.com) ...
[2026-05-18 07:56:49]  正在连接 QQ-主 邮箱服务器 (497720537@qq.com) ...
[2026-05-18 07:56:49]  正在连接 QQ-备用 邮箱服务器 (shouqianbadavid@qq.com) ...
[2026-05-18 07:57:25]  正在连接 QQ-主 邮箱服务器 (497720537@qq.com) ...
[2026-05-18 07:57:26]  正在连接 QQ-备用 邮箱服务器 (shouqianbadavid@qq.com) ...
[2026-05-18 07:58:02]  正在连接 QQ-主 邮箱服务器 (497720537@qq.com) ...
[2026-05-18 07:58:02]  正在连接 QQ-备用 邮箱服务器 (shouqianbadavid@qq.com) ...
[2026-05-18 07:58:38]  正在连接 QQ-主 邮箱服务器 (497720537@qq.com) ...
[2026-05-18 07:58:39]  正在连接 QQ-备用 邮箱服务器 (shouqianbadavid@qq.com) ...
[2026-05-18 07:59:15]  正在连接 QQ-主 邮箱服务器 (497720537@qq.com) ...
[2026-05-18 07:59:16]  正在连接 QQ-备用 邮箱服务器 (shouqianbadavid@qq.com) ...
[2026-05-18 07:59:51]  正在连接 QQ-主 邮箱服务器 (497720537@qq.com) ...
[2026-05-18 07:59:52]  正在连接 QQ-备用 邮箱服务器 (shouqianbadavid@qq.com) ...
[2026-05-18 08:00:28]  正在连接 QQ-主 邮箱服务器 (497720537@qq.com) ...
[2026-05-18 08:00:28]  正在连接 QQ-备用 邮箱服务器 (shouqianbadavid@qq.com) ...
[2026-05-18 08:01:04]  正在连接 QQ-主 邮箱服务器 (497720537@qq.com) ...
[2026-05-18 08:01:04]  正在连接 QQ-备用 邮箱服务器 (shouqianbadavid@qq.com) ...
[2026-05-18 08:01:40]  正在连接 QQ-主 邮箱服务器 (497720537@qq.com) ...
[2026-05-18 08:01:40]  正在连接 QQ-备用 邮箱服务器 (shouqianbadavid@qq.com) ...
[2026-05-18 08:02:16]  正在连接 QQ-主 邮箱服务器 (497720537@qq.com) ...
[2026-05-18 08:02:17]  正在连接 QQ-备用 邮箱服务器 (shouqianbadavid@qq.com) ...
[2026-05-18 08:02:52]  正在连接 QQ-主 邮箱服务器 (497720537@qq.com) ...
[2026-05-18 08:02:53]  正在连接 QQ-备用 邮箱服务器 (shouqianbadavid@qq.com) ...
[2026-05-18 08:03:29]  正在连接 QQ-主 邮箱服务器 (497720537@qq.com) ...
[2026-05-18 08:03:29]  正在连接 QQ-备用 邮箱服务器 (shouqianbadavid@qq.com) ...
[2026-05-18 08:04:05]  正在连接 QQ-主 邮箱服务器 (497720537@qq.com) ...
[2026-05-18 08:04:06]  正在连接 QQ-备用 邮箱服务器 (shouqianbadavid@qq.com) ...
[2026-05-18 08:04:42]  正在连接 QQ-主 邮箱服务器 (497720537@qq.com) ...
[2026-05-18 08:04:43]  正在连接 QQ-备用 邮箱服务器 (shouqianbadavid@qq.com) ...
[2026-05-18 08:05:18]  正在连接 QQ-主 邮箱服务器 (497720537@qq.com) ...
[2026-05-18 08:05:19]  正在连接 QQ-备用 邮箱服务器 (shouqianbadavid@qq.com) ...
[2026-05-18 08:05:54]  正在连接 QQ-主 邮箱服务器 (497720537@qq.com) ...
[2026-05-18 08:05:55]  正在连接 QQ-备用 邮箱服务器 (shouqianbadavid@qq.com) ...
[2026-05-18 08:06:31]  正在连接 QQ-主 邮箱服务器 (497720537@qq.com) ...
[2026-05-18 08:06:42]  QQ-主 因子处理主循环异常: [Errno 11001] getaddrinfo failed
[2026-05-18 08:06:52]  正在连接 QQ-备用 邮箱服务器 (shouqianbadavid@qq.com) ...
[2026-05-18 08:06:53]  QQ-备用 因子处理主循环异常: [Errno 11001] getaddrinfo failed
[2026-05-18 08:07:38]  正在连接 QQ-主 邮箱服务器 (497720537@qq.com) ...
[2026-05-18 08:07:39]  正在连接 QQ-备用 邮箱服务器 (shouqianbadavid@qq.com) ...
[2026-05-18 08:08:14]  正在连接 QQ-主 邮箱服务器 (497720537@qq.com) ...
[2026-05-18 08:08:15]  正在连接 QQ-备用 邮箱服务器 (shouqianbadavid@qq.com) ...
[2026-05-18 08:08:51]  正在连接 QQ-主 邮箱服务器 (497720537@qq.com) ...
[2026-05-18 08:08:52]  正在连接 QQ-备用 邮箱服务器 (shouqianbadavid@qq.com) ...
[2026-05-18 08:09:27]  正在连接 QQ-主 邮箱服务器 (497720537@qq.com) ...
[2026-05-18 08:09:28]  正在连接 QQ-备用 邮箱服务器 (shouqianbadavid@qq.com) ...
[2026-05-18 08:10:04]  正在连接 QQ-主 邮箱服务器 (497720537@qq.com) ...
[2026-05-18 08:10:05]  正在连接 QQ-备用 邮箱服务器 (shouqianbadavid@qq.com) ...
[2026-05-18 08:10:25]  QQ-备用 因子处理主循环异常: The read operation timed out
[2026-05-18 08:11:10]  正在连接 QQ-主 邮箱服务器 (497720537@qq.com) ...
[2026-05-18 08:11:11]  正在连接 QQ-备用 邮箱服务器 (shouqianbadavid@qq.com) ...
[2026-05-18 08:11:47]  正在连接 QQ-主 邮箱服务器 (497720537@qq.com) ...
[2026-05-18 08:11:47]  正在连接 QQ-备用 邮箱服务器 (shouqianbadavid@qq.com) ...
[2026-05-18 08:12:23]  正在连接 QQ-主 邮箱服务器 (497720537@qq.com) ...
[2026-05-18 08:12:24]  正在连接 QQ-备用 邮箱服务器 (shouqianbadavid@qq.com) ...
[2026-05-18 08:12:59]  正在连接 QQ-主 邮箱服务器 (497720537@qq.com) ...
[2026-05-18 08:13:00]  正在连接 QQ-备用 邮箱服务器 (shouqianbadavid@qq.com) ...
[2026-05-18 08:13:36]  正在连接 QQ-主 邮箱服务器 (497720537@qq.com) ...
[2026-05-18 08:13:37]  正在连接 QQ-备用 邮箱服务器 (shouqianbadavid@qq.com) ...
[2026-05-18 08:14:12]  正在连接 QQ-主 邮箱服务器 (497720537@qq.com) ...
[2026-05-18 08:14:13]  正在连接 QQ-备用 邮箱服务器 (shouqianbadavid@qq.com) ...
[2026-05-18 08:14:49]  正在连接 QQ-主 邮箱服务器 (497720537@qq.com) ...
[2026-05-18 08:14:50]  正在连接 QQ-备用 邮箱服务器 (shouqianbadavid@qq.com) ...
[2026-05-18 08:15:26]  正在连接 QQ-主 邮箱服务器 (497720537@qq.com) ...
[2026-05-18 08:15:26]  正在连接 QQ-备用 邮箱服务器 (shouqianbadavid@qq.com) ...
[2026-05-18 08:16:02]  正在连接 QQ-主 邮箱服务器 (497720537@qq.com) ...
[2026-05-18 08:16:03]  正在连接 QQ-备用 邮箱服务器 (shouqianbadavid@qq.com) ...
[2026-05-18 08:16:39]  正在连接 QQ-主 邮箱服务器 (497720537@qq.com) ...
[2026-05-18 08:16:39]  正在连接 QQ-备用 邮箱服务器 (shouqianbadavid@qq.com) ...
[2026-05-18 08:17:15]  正在连接 QQ-主 邮箱服务器 (497720537@qq.com) ...
[2026-05-18 08:17:38]  正在连接 QQ-备用 邮箱服务器 (shouqianbadavid@qq.com) ...
[2026-05-18 08:18:14]  正在连接 QQ-主 邮箱服务器 (497720537@qq.com) ...
[2026-05-18 08:18:15]  正在连接 QQ-备用 邮箱服务器 (shouqianbadavid@qq.com) ...
[2026-05-18 08:18:50]  正在连接 QQ-主 邮箱服务器 (497720537@qq.com) ...
[2026-05-18 08:18:51]  正在连接 QQ-备用 邮箱服务器 (shouqianbadavid@qq.com) ...
[2026-05-18 08:19:26]  正在连接 QQ-主 邮箱服务器 (497720537@qq.com) ...
[2026-05-18 08:19:27]  正在连接 QQ-备用 邮箱服务器 (shouqianbadavid@qq.com) ...
[2026-05-18 08:20:03]  正在连接 QQ-主 邮箱服务器 (497720537@qq.com) ...
[2026-05-18 08:20:03]  正在连接 QQ-备用 邮箱服务器 (shouqianbadavid@qq.com) ...
[2026-05-18 08:20:39]  正在连接 QQ-主 邮箱服务器 (497720537@qq.com) ...
[2026-05-18 08:20:40]  正在连接 QQ-备用 邮箱服务器 (shouqianbadavid@qq.com) ...
[2026-05-18 08:21:16]  正在连接 QQ-主 邮箱服务器 (497720537@qq.com) ...
[2026-05-18 08:21:17]  正在连接 QQ-备用 邮箱服务器 (shouqianbadavid@qq.com) ...
[2026-05-18 08:21:52]  正在连接 QQ-主 邮箱服务器 (497720537@qq.com) ...
[2026-05-18 08:21:53]  正在连接 QQ-备用 邮箱服务器 (shouqianbadavid@qq.com) ...
[2026-05-18 08:22:29]  正在连接 QQ-主 邮箱服务器 (497720537@qq.com) ...
[2026-05-18 08:22:30]  正在连接 QQ-备用 邮箱服务器 (shouqianbadavid@qq.com) ...
[2026-05-18 08:23:06]  正在连接 QQ-主 邮箱服务器 (497720537@qq.com) ...
[2026-05-18 08:23:07]  正在连接 QQ-备用 邮箱服务器 (shouqianbadavid@qq.com) ...
[2026-05-18 08:23:42]  正在连接 QQ-主 邮箱服务器 (497720537@qq.com) ...
[2026-05-18 08:23:43]  正在连接 QQ-备用 邮箱服务器 (shouqianbadavid@qq.com) ...
[2026-05-18 08:24:19]  正在连接 QQ-主 邮箱服务器 (497720537@qq.com) ...
[2026-05-18 08:24:20]  正在连接 QQ-备用 邮箱服务器 (shouqianbadavid@qq.com) ...
[2026-05-18 08:24:55]  正在连接 QQ-主 邮箱服务器 (497720537@qq.com) ...
[2026-05-18 08:24:56]  正在连接 QQ-备用 邮箱服务器 (shouqianbadavid@qq.com) ...
[2026-05-18 08:25:32]  正在连接 QQ-主 邮箱服务器 (497720537@qq.com) ...
[2026-05-18 08:25:37]  正在连接 QQ-备用 邮箱服务器 (shouqianbadavid@qq.com) ...
[2026-05-18 08:26:12]  正在连接 QQ-主 邮箱服务器 (497720537@qq.com) ...
[2026-05-18 08:26:13]  正在连接 QQ-备用 邮箱服务器 (shouqianbadavid@qq.com) ...
[2026-05-18 08:26:49]  正在连接 QQ-主 邮箱服务器 (497720537@qq.com) ...
[2026-05-18 08:26:49]  正在连接 QQ-备用 邮箱服务器 (shouqianbadavid@qq.com) ...
[2026-05-18 08:27:25]  正在连接 QQ-主 邮箱服务器 (497720537@qq.com) ...
[2026-05-18 08:27:26]  正在连接 QQ-备用 邮箱服务器 (shouqianbadavid@qq.com) ...
[2026-05-18 08:28:02]  正在连接 QQ-主 邮箱服务器 (497720537@qq.com) ...
[2026-05-18 08:28:02]  正在连接 QQ-备用 邮箱服务器 (shouqianbadavid@qq.com) ...
[2026-05-18 08:28:38]  正在连接 QQ-主 邮箱服务器 (497720537@qq.com) ...
[2026-05-18 08:28:39]  正在连接 QQ-备用 邮箱服务器 (shouqianbadavid@qq.com) ...
[2026-05-18 08:29:15]  正在连接 QQ-主 邮箱服务器 (497720537@qq.com) ...
[2026-05-18 08:29:15]  正在连接 QQ-备用 邮箱服务器 (shouqianbadavid@qq.com) ...
[2026-05-18 08:29:51]  正在连接 QQ-主 邮箱服务器 (497720537@qq.com) ...
[2026-05-18 08:29:52]  正在连接 QQ-备用 邮箱服务器 (shouqianbadavid@qq.com) ...
[2026-05-18 08:30:28]  正在连接 QQ-主 邮箱服务器 (497720537@qq.com) ...
[2026-05-18 08:30:28]  正在连接 QQ-备用 邮箱服务器 (shouqianbadavid@qq.com) ...
[2026-05-18 08:31:04]  正在连接 QQ-主 邮箱服务器 (497720537@qq.com) ...
[2026-05-18 08:31:05]  正在连接 QQ-备用 邮箱服务器 (shouqianbadavid@qq.com) ...
[2026-05-18 08:31:40]  正在连接 QQ-主 邮箱服务器 (497720537@qq.com) ...
[2026-05-18 08:31:41]  正在连接 QQ-备用 邮箱服务器 (shouqianbadavid@qq.com) ...
[2026-05-18 08:32:17]  正在连接 QQ-主 邮箱服务器 (497720537@qq.com) ...
[2026-05-18 08:32:29]  QQ-主 因子处理主循环异常: [Errno 11001] getaddrinfo failed
[2026-05-18 08:32:39]  正在连接 QQ-备用 邮箱服务器 (shouqianbadavid@qq.com) ...
[2026-05-18 08:33:14]  正在连接 QQ-主 邮箱服务器 (497720537@qq.com) ...
[2026-05-18 08:33:15]  正在连接 QQ-备用 邮箱服务器 (shouqianbadavid@qq.com) ...
[2026-05-18 08:33:50]  正在连接 QQ-主 邮箱服务器 (497720537@qq.com) ...
[2026-05-18 08:33:51]  正在连接 QQ-备用 邮箱服务器 (shouqianbadavid@qq.com) ...
[2026-05-18 08:34:27]  正在连接 QQ-主 邮箱服务器 (497720537@qq.com) ...
[2026-05-18 08:34:27]  正在连接 QQ-备用 邮箱服务器 (shouqianbadavid@qq.com) ...
[2026-05-18 08:35:03]  正在连接 QQ-主 邮箱服务器 (497720537@qq.com) ...
[2026-05-18 08:35:04]  正在连接 QQ-备用 邮箱服务器 (shouqianbadavid@qq.com) ...
[2026-05-18 08:35:40]  正在连接 QQ-主 邮箱服务器 (497720537@qq.com) ...
[2026-05-18 08:35:40]  正在连接 QQ-备用 邮箱服务器 (shouqianbadavid@qq.com) ...
[2026-05-18 08:36:16]  正在连接 QQ-主 邮箱服务器 (497720537@qq.com) ...
[2026-05-18 08:36:27]  QQ-主 因子处理主循环异常: [Errno 11001] getaddrinfo failed
[2026-05-18 08:36:37]  正在连接 QQ-备用 邮箱服务器 (shouqianbadavid@qq.com) ...
[2026-05-18 08:37:13]  正在连接 QQ-主 邮箱服务器 (497720537@qq.com) ...
[2026-05-18 08:37:13]  正在连接 QQ-备用 邮箱服务器 (shouqianbadavid@qq.com) ...
[2026-05-18 08:37:49]  正在连接 QQ-主 邮箱服务器 (497720537@qq.com) ...
[2026-05-18 08:37:50]  正在连接 QQ-备用 邮箱服务器 (shouqianbadavid@qq.com) ...
[2026-05-18 08:38:26]  正在连接 QQ-主 邮箱服务器 (497720537@qq.com) ...
[2026-05-18 08:38:26]  正在连接 QQ-备用 邮箱服务器 (shouqianbadavid@qq.com) ...
[2026-05-18 08:39:02]  正在连接 QQ-主 邮箱服务器 (497720537@qq.com) ...
[2026-05-18 08:39:03]  正在连接 QQ-备用 邮箱服务器 (shouqianbadavid@qq.com) ...
[2026-05-18 08:39:39]  正在连接 QQ-主 邮箱服务器 (497720537@qq.com) ...
[2026-05-18 08:39:40]  正在连接 QQ-备用 邮箱服务器 (shouqianbadavid@qq.com) ...
[2026-05-18 08:40:16]  正在连接 QQ-主 邮箱服务器 (497720537@qq.com) ...
[2026-05-18 08:40:22]  正在连接 QQ-备用 邮箱服务器 (shouqianbadavid@qq.com) ...
[2026-05-18 08:40:58]  正在连接 QQ-主 邮箱服务器 (497720537@qq.com) ...
[2026-05-18 08:40:59]  正在连接 QQ-备用 邮箱服务器 (shouqianbadavid@qq.com) ...
[2026-05-18 08:41:35]  正在连接 QQ-主 邮箱服务器 (497720537@qq.com) ...
[2026-05-18 08:41:35]  正在连接 QQ-备用 邮箱服务器 (shouqianbadavid@qq.com) ...
[2026-05-18 08:42:11]  正在连接 QQ-主 邮箱服务器 (497720537@qq.com) ...
[2026-05-18 08:42:12]  正在连接 QQ-备用 邮箱服务器 (shouqianbadavid@qq.com) ...
[2026-05-18 08:42:48]  正在连接 QQ-主 邮箱服务器 (497720537@qq.com) ...
[2026-05-18 08:42:48]  正在连接 QQ-备用 邮箱服务器 (shouqianbadavid@qq.com) ...
[2026-05-18 08:43:24]  正在连接 QQ-主 邮箱服务器 (497720537@qq.com) ...
[2026-05-18 08:43:25]  正在连接 QQ-备用 邮箱服务器 (shouqianbadavid@qq.com) ...
[2026-05-18 08:44:01]  正在连接 QQ-主 邮箱服务器 (497720537@qq.com) ...
[2026-05-18 08:44:02]  正在连接 QQ-备用 邮箱服务器 (shouqianbadavid@qq.com) ...
[2026-05-18 08:44:37]  正在连接 QQ-主 邮箱服务器 (497720537@qq.com) ...
[2026-05-18 08:44:38]  正在连接 QQ-备用 邮箱服务器 (shouqianbadavid@qq.com) ...
[2026-05-18 08:45:14]  正在连接 QQ-主 邮箱服务器 (497720537@qq.com) ...
[2026-05-18 08:45:14]  正在连接 QQ-备用 邮箱服务器 (shouqianbadavid@qq.com) ...
[2026-05-18 08:45:50]  正在连接 QQ-主 邮箱服务器 (497720537@qq.com) ...
[2026-05-18 08:45:51]  正在连接 QQ-备用 邮箱服务器 (shouqianbadavid@qq.com) ...
[2026-05-18 08:46:26]  正在连接 QQ-主 邮箱服务器 (497720537@qq.com) ...
[2026-05-18 08:46:27]  正在连接 QQ-备用 邮箱服务器 (shouqianbadavid@qq.com) ...
[2026-05-18 08:47:02]  正在连接 QQ-主 邮箱服务器 (497720537@qq.com) ...
[2026-05-18 08:47:03]  正在连接 QQ-备用 邮箱服务器 (shouqianbadavid@qq.com) ...
[2026-05-18 08:47:39]  正在连接 QQ-主 邮箱服务器 (497720537@qq.com) ...
[2026-05-18 08:47:39]  正在连接 QQ-备用 邮箱服务器 (shouqianbadavid@qq.com) ...
[2026-05-18 08:48:15]  正在连接 QQ-主 邮箱服务器 (497720537@qq.com) ...
[2026-05-18 08:48:16]  正在连接 QQ-备用 邮箱服务器 (shouqianbadavid@qq.com) ...
[2026-05-18 08:48:52]  正在连接 QQ-主 邮箱服务器 (497720537@qq.com) ...
[2026-05-18 08:48:53]  正在连接 QQ-备用 邮箱服务器 (shouqianbadavid@qq.com) ...
[2026-05-18 08:49:29]  正在连接 QQ-主 邮箱服务器 (497720537@qq.com) ...
[2026-05-18 08:49:30]  正在连接 QQ-备用 邮箱服务器 (shouqianbadavid@qq.com) ...
[2026-05-18 08:50:05]  正在连接 QQ-主 邮箱服务器 (497720537@qq.com) ...
[2026-05-18 08:50:06]  正在连接 QQ-备用 邮箱服务器 (shouqianbadavid@qq.com) ...
[2026-05-18 08:50:42]  正在连接 QQ-主 邮箱服务器 (497720537@qq.com) ...
[2026-05-18 08:50:43]  正在连接 QQ-备用 邮箱服务器 (shouqianbadavid@qq.com) ...
[2026-05-18 08:51:18]  正在连接 QQ-主 邮箱服务器 (497720537@qq.com) ...
[2026-05-18 08:51:19]  正在连接 QQ-备用 邮箱服务器 (shouqianbadavid@qq.com) ...
[2026-05-18 08:51:55]  正在连接 QQ-主 邮箱服务器 (497720537@qq.com) ...
[2026-05-18 08:51:55]  正在连接 QQ-备用 邮箱服务器 (shouqianbadavid@qq.com) ...
[2026-05-18 08:52:31]  正在连接 QQ-主 邮箱服务器 (497720537@qq.com) ...
[2026-05-18 08:52:32]  正在连接 QQ-备用 邮箱服务器 (shouqianbadavid@qq.com) ...
[2026-05-18 08:53:08]  正在连接 QQ-主 邮箱服务器 (497720537@qq.com) ...
[2026-05-18 08:53:08]  正在连接 QQ-备用 邮箱服务器 (shouqianbadavid@qq.com) ...
[2026-05-18 08:53:44]  正在连接 QQ-主 邮箱服务器 (497720537@qq.com) ...
[2026-05-18 08:53:44]  正在连接 QQ-备用 邮箱服务器 (shouqianbadavid@qq.com) ...
[2026-05-18 08:54:20]  正在连接 QQ-主 邮箱服务器 (497720537@qq.com) ...
[2026-05-18 08:54:21]  正在连接 QQ-备用 邮箱服务器 (shouqianbadavid@qq.com) ...
[2026-05-18 08:54:57]  正在连接 QQ-主 邮箱服务器 (497720537@qq.com) ...
[2026-05-18 08:54:57]  正在连接 QQ-备用 邮箱服务器 (shouqianbadavid@qq.com) ...
[2026-05-18 08:55:33]  正在连接 QQ-主 邮箱服务器 (497720537@qq.com) ...
[2026-05-18 08:55:34]  正在连接 QQ-备用 邮箱服务器 (shouqianbadavid@qq.com) ...
[2026-05-18 08:56:10]  正在连接 QQ-主 邮箱服务器 (497720537@qq.com) ...
[2026-05-18 08:56:10]  正在连接 QQ-备用 邮箱服务器 (shouqianbadavid@qq.com) ...
[2026-05-18 08:56:46]  正在连接 QQ-主 邮箱服务器 (497720537@qq.com) ...
[2026-05-18 08:56:47]  正在连接 QQ-备用 邮箱服务器 (shouqianbadavid@qq.com) ...
[2026-05-18 08:57:22]  正在连接 QQ-主 邮箱服务器 (497720537@qq.com) ...
[2026-05-18 08:57:23]  正在连接 QQ-备用 邮箱服务器 (shouqianbadavid@qq.com) ...
[2026-05-18 08:57:59]  正在连接 QQ-主 邮箱服务器 (497720537@qq.com) ...
[2026-05-18 08:58:00]  正在连接 QQ-备用 邮箱服务器 (shouqianbadavid@qq.com) ...
[2026-05-18 08:58:35]  正在连接 QQ-主 邮箱服务器 (497720537@qq.com) ...
[2026-05-18 08:58:36]  正在连接 QQ-备用 邮箱服务器 (shouqianbadavid@qq.com) ...
[2026-05-18 08:59:12]  正在连接 QQ-主 邮箱服务器 (497720537@qq.com) ...
[2026-05-18 08:59:12]  正在连接 QQ-备用 邮箱服务器 (shouqianbadavid@qq.com) ...
[2026-05-18 08:59:48]  正在连接 QQ-主 邮箱服务器 (497720537@qq.com) ...
[2026-05-18 08:59:49]  正在连接 QQ-备用 邮箱服务器 (shouqianbadavid@qq.com) ...
[2026-05-18 09:00:25]  正在连接 QQ-主 邮箱服务器 (497720537@qq.com) ...
[2026-05-18 09:00:26]  正在连接 QQ-备用 邮箱服务器 (shouqianbadavid@qq.com) ...
[2026-05-18 09:01:02]  正在连接 QQ-主 邮箱服务器 (497720537@qq.com) ...
[2026-05-18 09:01:02]  正在连接 QQ-备用 邮箱服务器 (shouqianbadavid@qq.com) ...
[2026-05-18 09:01:39]  正在连接 QQ-主 邮箱服务器 (497720537@qq.com) ...
[2026-05-18 09:01:39]  正在连接 QQ-备用 邮箱服务器 (shouqianbadavid@qq.com) ...
[2026-05-18 09:02:15]  正在连接 QQ-主 邮箱服务器 (497720537@qq.com) ...
[2026-05-18 09:02:55]  QQ-主 因子处理主循环异常: timed out
[2026-05-18 09:03:05]  正在连接 QQ-备用 邮箱服务器 (shouqianbadavid@qq.com) ...
[2026-05-18 09:03:41]  正在连接 QQ-主 邮箱服务器 (497720537@qq.com) ...
[2026-05-18 09:03:42]  正在连接 QQ-备用 邮箱服务器 (shouqianbadavid@qq.com) ...
[2026-05-18 09:04:17]  正在连接 QQ-主 邮箱服务器 (497720537@qq.com) ...
[2026-05-18 09:04:18]  正在连接 QQ-备用 邮箱服务器 (shouqianbadavid@qq.com) ...
[2026-05-18 09:04:54]  正在连接 QQ-主 邮箱服务器 (497720537@qq.com) ...
[2026-05-18 09:04:55]  正在连接 QQ-备用 邮箱服务器 (shouqianbadavid@qq.com) ...
[2026-05-18 09:05:30]  正在连接 QQ-主 邮箱服务器 (497720537@qq.com) ...
[2026-05-18 09:05:31]  正在连接 QQ-备用 邮箱服务器 (shouqianbadavid@qq.com) ...
[2026-05-18 09:06:07]  正在连接 QQ-主 邮箱服务器 (497720537@qq.com) ...
[2026-05-18 09:06:27]  QQ-主 因子处理主循环异常: The read operation timed out
[2026-05-18 09:06:37]  正在连接 QQ-备用 邮箱服务器 (shouqianbadavid@qq.com) ...
[2026-05-18 09:07:13]  正在连接 QQ-主 邮箱服务器 (497720537@qq.com) ...
[2026-05-18 09:07:13]  正在连接 QQ-备用 邮箱服务器 (shouqianbadavid@qq.com) ...
[2026-05-18 09:07:49]  正在连接 QQ-主 邮箱服务器 (497720537@qq.com) ...
[2026-05-18 09:07:50]  正在连接 QQ-备用 邮箱服务器 (shouqianbadavid@qq.com) ...
[2026-05-18 09:08:26]  正在连接 QQ-主 邮箱服务器 (497720537@qq.com) ...
[2026-05-18 09:08:26]  正在连接 QQ-备用 邮箱服务器 (shouqianbadavid@qq.com) ...
[2026-05-18 09:09:02]  正在连接 QQ-主 邮箱服务器 (497720537@qq.com) ...
[2026-05-18 09:09:02]  正在连接 QQ-备用 邮箱服务器 (shouqianbadavid@qq.com) ...
[2026-05-18 09:09:38]  正在连接 QQ-主 邮箱服务器 (497720537@qq.com) ...
[2026-05-18 09:09:39]  正在连接 QQ-备用 邮箱服务器 (shouqianbadavid@qq.com) ...
[2026-05-18 09:10:15]  正在连接 QQ-主 邮箱服务器 (497720537@qq.com) ...
[2026-05-18 09:10:36]  正在连接 QQ-备用 邮箱服务器 (shouqianbadavid@qq.com) ...
[2026-05-18 09:11:11]  正在连接 QQ-主 邮箱服务器 (497720537@qq.com) ...
[2026-05-18 09:11:12]  正在连接 QQ-备用 邮箱服务器 (shouqianbadavid@qq.com) ...
[2026-05-18 09:11:48]  正在连接 QQ-主 邮箱服务器 (497720537@qq.com) ...
[2026-05-18 09:11:49]  正在连接 QQ-备用 邮箱服务器 (shouqianbadavid@qq.com) ...
[2026-05-18 09:12:24]  正在连接 QQ-主 邮箱服务器 (497720537@qq.com) ...
[2026-05-18 09:12:25]  正在连接 QQ-备用 邮箱服务器 (shouqianbadavid@qq.com) ...
[2026-05-18 09:13:01]  正在连接 QQ-主 邮箱服务器 (497720537@qq.com) ...
[2026-05-18 09:13:02]  正在连接 QQ-备用 邮箱服务器 (shouqianbadavid@qq.com) ...
[2026-05-18 09:13:37]  正在连接 QQ-主 邮箱服务器 (497720537@qq.com) ...
[2026-05-18 09:13:38]  正在连接 QQ-备用 邮箱服务器 (shouqianbadavid@qq.com) ...
[2026-05-18 09:14:14]  正在连接 QQ-主 邮箱服务器 (497720537@qq.com) ...
[2026-05-18 09:14:15]  正在连接 QQ-备用 邮箱服务器 (shouqianbadavid@qq.com) ...
[2026-05-18 09:14:50]  正在连接 QQ-主 邮箱服务器 (497720537@qq.com) ...
[2026-05-18 09:14:51]  正在连接 QQ-备用 邮箱服务器 (shouqianbadavid@qq.com) ...
[2026-05-18 09:15:27]  正在连接 QQ-主 邮箱服务器 (497720537@qq.com) ...
[2026-05-18 09:15:27]  正在连接 QQ-备用 邮箱服务器 (shouqianbadavid@qq.com) ...
[2026-05-18 09:16:03]  正在连接 QQ-主 邮箱服务器 (497720537@qq.com) ...
[2026-05-18 09:16:04]  正在连接 QQ-备用 邮箱服务器 (shouqianbadavid@qq.com) ...
[2026-05-18 09:16:40]  正在连接 QQ-主 邮箱服务器 (497720537@qq.com) ...
[2026-05-18 09:16:40]  正在连接 QQ-备用 邮箱服务器 (shouqianbadavid@qq.com) ...
[2026-05-18 09:17:16]  正在连接 QQ-主 邮箱服务器 (497720537@qq.com) ...
[2026-05-18 09:17:27]  QQ-主 因子处理主循环异常: [Errno 11001] getaddrinfo failed
[2026-05-18 09:17:37]  正在连接 QQ-备用 邮箱服务器 (shouqianbadavid@qq.com) ...
[2026-05-18 09:17:38]  QQ-备用 因子处理主循环异常: [Errno 11001] getaddrinfo failed
[2026-05-18 09:18:23]  正在连接 QQ-主 邮箱服务器 (497720537@qq.com) ...
[2026-05-18 09:18:24]  正在连接 QQ-备用 邮箱服务器 (shouqianbadavid@qq.com) ...
[2026-05-18 09:19:00]  正在连接 QQ-主 邮箱服务器 (497720537@qq.com) ...
[2026-05-18 09:19:00]  正在连接 QQ-备用 邮箱服务器 (shouqianbadavid@qq.com) ...
[2026-05-18 09:19:36]  正在连接 QQ-主 邮箱服务器 (497720537@qq.com) ...
[2026-05-18 09:19:37]  正在连接 QQ-备用 邮箱服务器 (shouqianbadavid@qq.com) ...
[2026-05-18 09:20:12]  正在连接 QQ-主 邮箱服务器 (497720537@qq.com) ...
[2026-05-18 09:20:13]  正在连接 QQ-备用 邮箱服务器 (shouqianbadavid@qq.com) ...
[2026-05-18 09:20:49]  正在连接 QQ-主 邮箱服务器 (497720537@qq.com) ...
[2026-05-18 09:20:50]  正在连接 QQ-备用 邮箱服务器 (shouqianbadavid@qq.com) ...
[2026-05-18 09:21:26]  正在连接 QQ-主 邮箱服务器 (497720537@qq.com) ...
[2026-05-18 09:21:37]  QQ-主 因子处理主循环异常: [Errno 11001] getaddrinfo failed
[2026-05-18 09:21:47]  正在连接 QQ-备用 邮箱服务器 (shouqianbadavid@qq.com) ...
[2026-05-18 09:22:22]  正在连接 QQ-主 邮箱服务器 (497720537@qq.com) ...
[2026-05-18 09:22:23]  正在连接 QQ-备用 邮箱服务器 (shouqianbadavid@qq.com) ...
[2026-05-18 09:22:59]  正在连接 QQ-主 邮箱服务器 (497720537@qq.com) ...
[2026-05-18 09:23:00]  正在连接 QQ-备用 邮箱服务器 (shouqianbadavid@qq.com) ...
[2026-05-18 09:23:36]  正在连接 QQ-主 邮箱服务器 (497720537@qq.com) ...
[2026-05-18 09:23:36]  正在连接 QQ-备用 邮箱服务器 (shouqianbadavid@qq.com) ...
[2026-05-18 09:24:12]  正在连接 QQ-主 邮箱服务器 (497720537@qq.com) ...
[2026-05-18 09:24:13]  正在连接 QQ-备用 邮箱服务器 (shouqianbadavid@qq.com) ...
[2026-05-18 09:24:48]  正在连接 QQ-主 邮箱服务器 (497720537@qq.com) ...
[2026-05-18 09:24:49]  正在连接 QQ-备用 邮箱服务器 (shouqianbadavid@qq.com) ...
[2026-05-18 09:25:25]  正在连接 QQ-主 邮箱服务器 (497720537@qq.com) ...
[2026-05-18 09:25:25]  正在连接 QQ-备用 邮箱服务器 (shouqianbadavid@qq.com) ...
[2026-05-18 09:26:01]  正在连接 QQ-主 邮箱服务器 (497720537@qq.com) ...
[2026-05-18 09:26:02]  正在连接 QQ-备用 邮箱服务器 (shouqianbadavid@qq.com) ...
[2026-05-18 09:26:38]  正在连接 QQ-主 邮箱服务器 (497720537@qq.com) ...
[2026-05-18 09:26:38]  正在连接 QQ-备用 邮箱服务器 (shouqianbadavid@qq.com) ...
[2026-05-18 09:27:14]  正在连接 QQ-主 邮箱服务器 (497720537@qq.com) ...
[2026-05-18 09:27:15]  正在连接 QQ-备用 邮箱服务器 (shouqianbadavid@qq.com) ...
[2026-05-18 09:27:51]  正在连接 QQ-主 邮箱服务器 (497720537@qq.com) ...
[2026-05-18 09:27:52]  正在连接 QQ-备用 邮箱服务器 (shouqianbadavid@qq.com) ...
[2026-05-18 09:28:28]  正在连接 QQ-主 邮箱服务器 (497720537@qq.com) ...
[2026-05-18 09:28:28]  正在连接 QQ-备用 邮箱服务器 (shouqianbadavid@qq.com) ...
[2026-05-18 09:29:04]  正在连接 QQ-主 邮箱服务器 (497720537@qq.com) ...
[2026-05-18 09:29:05]  正在连接 QQ-备用 邮箱服务器 (shouqianbadavid@qq.com) ...
[2026-05-18 09:29:41]  正在连接 QQ-主 邮箱服务器 (497720537@qq.com) ...
[2026-05-18 09:29:41]  正在连接 QQ-备用 邮箱服务器 (shouqianbadavid@qq.com) ...
[2026-05-18 09:30:17]  正在连接 QQ-主 邮箱服务器 (497720537@qq.com) ...
[2026-05-18 09:30:18]  正在连接 QQ-备用 邮箱服务器 (shouqianbadavid@qq.com) ...
[2026-05-18 09:30:54]  正在连接 QQ-主 邮箱服务器 (497720537@qq.com) ...
[2026-05-18 09:30:54]  正在连接 QQ-备用 邮箱服务器 (shouqianbadavid@qq.com) ...
[2026-05-18 09:31:30]  正在连接 QQ-主 邮箱服务器 (497720537@qq.com) ...
[2026-05-18 09:31:31]  正在连接 QQ-备用 邮箱服务器 (shouqianbadavid@qq.com) ...
[2026-05-18 09:32:07]  正在连接 QQ-主 邮箱服务器 (497720537@qq.com) ...
[2026-05-18 09:32:07]  正在连接 QQ-备用 邮箱服务器 (shouqianbadavid@qq.com) ...
[2026-05-18 09:32:43]  正在连接 QQ-主 邮箱服务器 (497720537@qq.com) ...
[2026-05-18 09:32:43]  正在连接 QQ-备用 邮箱服务器 (shouqianbadavid@qq.com) ...
[2026-05-18 09:33:19]  正在连接 QQ-主 邮箱服务器 (497720537@qq.com) ...
[2026-05-18 09:33:20]  正在连接 QQ-备用 邮箱服务器 (shouqianbadavid@qq.com) ...
[2026-05-18 09:33:55]  正在连接 QQ-主 邮箱服务器 (497720537@qq.com) ...
[2026-05-18 09:33:56]  正在连接 QQ-备用 邮箱服务器 (shouqianbadavid@qq.com) ...
[2026-05-18 09:34:32]  正在连接 QQ-主 邮箱服务器 (497720537@qq.com) ...
[2026-05-18 09:34:32]  正在连接 QQ-备用 邮箱服务器 (shouqianbadavid@qq.com) ...
[2026-05-18 09:35:08]  正在连接 QQ-主 邮箱服务器 (497720537@qq.com) ...
[2026-05-18 09:35:09]  正在连接 QQ-备用 邮箱服务器 (shouqianbadavid@qq.com) ...
[2026-05-18 09:35:44]  正在连接 QQ-主 邮箱服务器 (497720537@qq.com) ...
[2026-05-18 09:35:45]  正在连接 QQ-备用 邮箱服务器 (shouqianbadavid@qq.com) ...
[2026-05-18 09:36:21]  正在连接 QQ-主 邮箱服务器 (497720537@qq.com) ...
[2026-05-18 09:36:21]  正在连接 QQ-备用 邮箱服务器 (shouqianbadavid@qq.com) ...
[2026-05-18 09:36:57]  正在连接 QQ-主 邮箱服务器 (497720537@qq.com) ...
[2026-05-18 09:37:08]  QQ-主 因子处理主循环异常: [Errno 11001] getaddrinfo failed
[2026-05-18 09:37:18]  正在连接 QQ-备用 邮箱服务器 (shouqianbadavid@qq.com) ...
[2026-05-18 09:37:54]  正在连接 QQ-主 邮箱服务器 (497720537@qq.com) ...
[2026-05-18 09:37:54]  正在连接 QQ-备用 邮箱服务器 (shouqianbadavid@qq.com) ...
[2026-05-18 09:38:30]  正在连接 QQ-主 邮箱服务器 (497720537@qq.com) ...
[2026-05-18 09:38:31]  正在连接 QQ-备用 邮箱服务器 (shouqianbadavid@qq.com) ...
[2026-05-18 09:39:06]  正在连接 QQ-主 邮箱服务器 (497720537@qq.com) ...
[2026-05-18 09:39:07]  正在连接 QQ-备用 邮箱服务器 (shouqianbadavid@qq.com) ...
[2026-05-18 09:39:42]  正在连接 QQ-主 邮箱服务器 (497720537@qq.com) ...
[2026-05-18 09:39:43]  正在连接 QQ-备用 邮箱服务器 (shouqianbadavid@qq.com) ...
[2026-05-18 09:40:19]  正在连接 QQ-主 邮箱服务器 (497720537@qq.com) ...
[2026-05-18 09:40:20]  正在连接 QQ-备用 邮箱服务器 (shouqianbadavid@qq.com) ...
[2026-05-18 09:40:55]  正在连接 QQ-主 邮箱服务器 (497720537@qq.com) ...
[2026-05-18 09:41:11]  正在连接 QQ-备用 邮箱服务器 (shouqianbadavid@qq.com) ...
[2026-05-18 09:41:46]  正在连接 QQ-主 邮箱服务器 (497720537@qq.com) ...
[2026-05-18 09:41:47]  正在连接 QQ-备用 邮箱服务器 (shouqianbadavid@qq.com) ...
[2026-05-18 09:42:23]  正在连接 QQ-主 邮箱服务器 (497720537@qq.com) ...
[2026-05-18 09:42:24]  正在连接 QQ-备用 邮箱服务器 (shouqianbadavid@qq.com) ...
[2026-05-18 09:43:00]  正在连接 QQ-主 邮箱服务器 (497720537@qq.com) ...
[2026-05-18 09:43:00]  正在连接 QQ-备用 邮箱服务器 (shouqianbadavid@qq.com) ...
[2026-05-18 09:43:36]  正在连接 QQ-主 邮箱服务器 (497720537@qq.com) ...
[2026-05-18 09:43:37]  QQ-主 正在解析因子: =?utf-8?b?QWxwaGFQaWxvdCDlrp7ml7bkv6Hlj7cgKGFscGhhX3NpZ25hbF90aHJfMjAyNjA1MThfMDk0My5qc29uKSBb5Li7UVEt5a+55aSWXQ==?=
[2026-05-18 09:43:37]  发现表格，共 16 行数据
[2026-05-18 09:43:37]  动态索引映射: ['股票代码', '股票名称', '信号', '当前价格', '量比', '来源过滤']
[2026-05-18 09:43:37]  [行1] 解析成功: SZSE.300763 [锦浪科技] BUY @ 97.07 (VR:1.12)
[2026-05-18 09:43:37]  [行2] 解析成功: SZSE.300285 [国瓷材料] SELL @ 38.71 (VR:1.07)
[2026-05-18 09:43:37]  [行3] 解析成功: SZSE.002015 [协鑫能科] BUY @ 21.79 (VR:0.35)
[2026-05-18 09:43:37]  [行4] 解析成功: SZSE.301667 [纳百川] SELL @ 101.9 (VR:0.11)
[2026-05-18 09:43:37]  [行5] 解析成功: SHSE.688295 [奥林德] SELL @ 53.0 (VR:0.27)
[2026-05-18 09:43:37]  [行6] 解析成功: SHSE.688295 [中复神鹰] SELL @ 53.48 (VR:0.33)
[2026-05-18 09:43:37]  [行7] 解析成功: SZSE.300782 [卓胜微] BUY @ 128.38 (VR:0.93)
[2026-05-18 09:43:37]  [行8] 解析成功: SZSE.301281 [利源制药] BUY @ 38.22 (VR:0.73)
[2026-05-18 09:43:37]  [行9] 解析成功: SZSE.300763 [锦浪科技] BUY @ 100.32 (VR:2.52)
[2026-05-18 09:43:37]  [行10] 解析成功: SZSE.300285 [国瓷材料] SELL @ 38.66 (VR:1.03)
[2026-05-18 09:43:37]  [行11] 解析成功: SZSE.002015 [协鑫能科] BUY @ 21.82 (VR:0.17)
[2026-05-18 09:43:37]  [行12] 解析成功: SZSE.000533 [顺钠股份] BUY @ 13.73 (VR:0.14)
[2026-05-18 09:43:37]  [行13] 解析成功: SZSE.300345 [华民股份] SELL @ 6.85 (VR:0.06)
[2026-05-18 09:43:37]  [行14] 解析成功: SZSE.002445 [中南文化] SELL @ 3.95 (VR:1.03)
[2026-05-18 09:43:37]  [行15] 解析成功: SZSE.300782 [卓胜微] BUY @ 129.85 (VR:0.34)
[2026-05-18 09:43:37]  [行16] 解析成功: SZSE.301281 [利源制药] BUY @ 38.28 (VR:0.04)
[2026-05-18 09:43:37] 成功保存 16 条因子至: signal_batch_20260518_094337_080754.txt
[2026-05-18 09:43:37]  QQ-主 邮件 3596 处理完成
[2026-05-18 09:43:37]  QQ-主 本轮共成功处理 1 封有效信号邮件
[2026-05-18 09:43:37]  正在连接 QQ-备用 邮箱服务器 (shouqianbadavid@qq.com) ...
[2026-05-18 09:43:38]  QQ-备用 正在解析因子: =?utf-8?b?QWxwaGFQaWxvdCDlpIfku73kv6Hlj7cgKGFscGhhX3NpZ25hbF90aHJfMjAyNjA1MThfMDk0My5qc29uKSBb5aSHUVEt6Ieq5L+dXQ==?=
[2026-05-18 09:43:38]  发现表格，共 16 行数据
[2026-05-18 09:43:38]  动态索引映射: ['股票代码', '股票名称', '信号', '当前价格', '量比', '来源过滤']
[2026-05-18 09:43:38]  [行1] 解析成功: SZSE.300763 [锦浪科技] BUY @ 97.07 (VR:1.12)
[2026-05-18 09:43:38]  [行2] 解析成功: SZSE.300285 [国瓷材料] SELL @ 38.71 (VR:1.07)
[2026-05-18 09:43:38]  [行3] 解析成功: SZSE.002015 [协鑫能科] BUY @ 21.79 (VR:0.35)
[2026-05-18 09:43:38]  [行4] 解析成功: SZSE.301667 [纳百川] SELL @ 101.9 (VR:0.11)
[2026-05-18 09:43:38]  [行5] 解析成功: SHSE.688295 [奥林德] SELL @ 53.0 (VR:0.27)
[2026-05-18 09:43:38]  [行6] 解析成功: SHSE.688295 [中复神鹰] SELL @ 53.48 (VR:0.33)
[2026-05-18 09:43:38]  [行7] 解析成功: SZSE.300782 [卓胜微] BUY @ 128.38 (VR:0.93)
[2026-05-18 09:43:38]  [行8] 解析成功: SZSE.301281 [利源制药] BUY @ 38.22 (VR:0.73)
[2026-05-18 09:43:38]  [行9] 解析成功: SZSE.300763 [锦浪科技] BUY @ 100.32 (VR:2.52)
[2026-05-18 09:43:38]  [行10] 解析成功: SZSE.300285 [国瓷材料] SELL @ 38.66 (VR:1.03)
[2026-05-18 09:43:38]  [行11] 解析成功: SZSE.002015 [协鑫能科] BUY @ 21.82 (VR:0.17)
[2026-05-18 09:43:38]  [行12] 解析成功: SZSE.000533 [顺钠股份] BUY @ 13.73 (VR:0.14)
[2026-05-18 09:43:38]  [行13] 解析成功: SZSE.300345 [华民股份] SELL @ 6.85 (VR:0.06)
[2026-05-18 09:43:38]  [行14] 解析成功: SZSE.002445 [中南文化] SELL @ 3.95 (VR:1.03)
[2026-05-18 09:43:38]  [行15] 解析成功: SZSE.300782 [卓胜微] BUY @ 129.85 (VR:0.34)
[2026-05-18 09:43:38]  [行16] 解析成功: SZSE.301281 [利源制药] BUY @ 38.28 (VR:0.04)
[2026-05-18 09:43:38] 成功保存 16 条因子至: signal_batch_20260518_094338_349353.txt
[2026-05-18 09:43:38]  QQ-备用 邮件 898 处理完成
[2026-05-18 09:43:38]  QQ-备用 本轮共成功处理 1 封有效信号邮件
[2026-05-18 09:44:13]  正在连接 QQ-主 邮箱服务器 (497720537@qq.com) ...
[2026-05-18 09:44:14]  正在连接 QQ-备用 邮箱服务器 (shouqianbadavid@qq.com) ...
[2026-05-18 09:44:49]  正在连接 QQ-主 邮箱服务器 (497720537@qq.com) ...
[2026-05-18 09:44:50]  正在连接 QQ-备用 邮箱服务器 (shouqianbadavid@qq.com) ...
[2026-05-18 09:45:26]  正在连接 QQ-主 邮箱服务器 (497720537@qq.com) ...
[2026-05-18 09:45:27]  正在连接 QQ-备用 邮箱服务器 (shouqianbadavid@qq.com) ...
[2026-05-18 09:46:02]  正在连接 QQ-主 邮箱服务器 (497720537@qq.com) ...
[2026-05-18 09:46:03]  正在连接 QQ-备用 邮箱服务器 (shouqianbadavid@qq.com) ...
[2026-05-18 09:46:39]  正在连接 QQ-主 邮箱服务器 (497720537@qq.com) ...
[2026-05-18 09:46:39]  正在连接 QQ-备用 邮箱服务器 (shouqianbadavid@qq.com) ...
[2026-05-18 09:47:15]  正在连接 QQ-主 邮箱服务器 (497720537@qq.com) ...
[2026-05-18 09:47:15]  正在连接 QQ-备用 邮箱服务器 (shouqianbadavid@qq.com) ...
[2026-05-18 09:47:51]  正在连接 QQ-主 邮箱服务器 (497720537@qq.com) ...
[2026-05-18 09:47:52]  正在连接 QQ-备用 邮箱服务器 (shouqianbadavid@qq.com) ...
[2026-05-18 09:48:28]  正在连接 QQ-主 邮箱服务器 (497720537@qq.com) ...
[2026-05-18 09:48:28]  正在连接 QQ-备用 邮箱服务器 (shouqianbadavid@qq.com) ...
[2026-05-18 09:49:04]  正在连接 QQ-主 邮箱服务器 (497720537@qq.com) ...
[2026-05-18 09:49:04]  正在连接 QQ-备用 邮箱服务器 (shouqianbadavid@qq.com) ...
[2026-05-18 09:49:40]  正在连接 QQ-主 邮箱服务器 (497720537@qq.com) ...
[2026-05-18 09:49:41]  正在连接 QQ-备用 邮箱服务器 (shouqianbadavid@qq.com) ...
[2026-05-18 09:50:16]  正在连接 QQ-主 邮箱服务器 (497720537@qq.com) ...
[2026-05-18 09:50:17]  正在连接 QQ-备用 邮箱服务器 (shouqianbadavid@qq.com) ...
[2026-05-18 09:50:53]  正在连接 QQ-主 邮箱服务器 (497720537@qq.com) ...
[2026-05-18 09:50:54]  正在连接 QQ-备用 邮箱服务器 (shouqianbadavid@qq.com) ...
[2026-05-18 09:51:30]  正在连接 QQ-主 邮箱服务器 (497720537@qq.com) ...
[2026-05-18 09:51:37]  正在连接 QQ-备用 邮箱服务器 (shouqianbadavid@qq.com) ...
[2026-05-18 09:52:13]  正在连接 QQ-主 邮箱服务器 (497720537@qq.com) ...
[2026-05-18 09:52:14]  正在连接 QQ-备用 邮箱服务器 (shouqianbadavid@qq.com) ...
[2026-05-18 09:52:50]  正在连接 QQ-主 邮箱服务器 (497720537@qq.com) ...
[2026-05-18 09:52:50]  正在连接 QQ-备用 邮箱服务器 (shouqianbadavid@qq.com) ...
[2026-05-18 09:53:26]  正在连接 QQ-主 邮箱服务器 (497720537@qq.com) ...
[2026-05-18 09:53:27]  正在连接 QQ-备用 邮箱服务器 (shouqianbadavid@qq.com) ...
[2026-05-18 09:54:02]  正在连接 QQ-主 邮箱服务器 (497720537@qq.com) ...
[2026-05-18 09:54:03]  正在连接 QQ-备用 邮箱服务器 (shouqianbadavid@qq.com) ...
[2026-05-18 09:54:38]  正在连接 QQ-主 邮箱服务器 (497720537@qq.com) ...
[2026-05-18 09:54:39]  正在连接 QQ-备用 邮箱服务器 (shouqianbadavid@qq.com) ...
[2026-05-18 09:55:14]  正在连接 QQ-主 邮箱服务器 (497720537@qq.com) ...
[2026-05-18 09:55:15]  正在连接 QQ-备用 邮箱服务器 (shouqianbadavid@qq.com) ...
[2026-05-18 09:55:51]  正在连接 QQ-主 邮箱服务器 (497720537@qq.com) ...
[2026-05-18 09:55:51]  正在连接 QQ-备用 邮箱服务器 (shouqianbadavid@qq.com) ...
[2026-05-18 09:56:27]  正在连接 QQ-主 邮箱服务器 (497720537@qq.com) ...
[2026-05-18 09:56:28]  正在连接 QQ-备用 邮箱服务器 (shouqianbadavid@qq.com) ...
[2026-05-18 09:57:03]  正在连接 QQ-主 邮箱服务器 (497720537@qq.com) ...
[2026-05-18 09:57:04]  正在连接 QQ-备用 邮箱服务器 (shouqianbadavid@qq.com) ...
[2026-05-18 09:57:39]  正在连接 QQ-主 邮箱服务器 (497720537@qq.com) ...
[2026-05-18 09:57:40]  正在连接 QQ-备用 邮箱服务器 (shouqianbadavid@qq.com) ...
[2026-05-18 09:58:16]  正在连接 QQ-主 邮箱服务器 (497720537@qq.com) ...
[2026-05-18 09:58:16]  QQ-主 正在解析因子: =?utf-8?b?QWxwaGFQaWxvdCDlrp7ml7bkv6Hlj7cgKGFscGhhX3NpZ25hbF90aHJfMjAyNjA1MThfMDk1Ny5qc29uKSBb5Li7UVEt5a+55aSWXQ==?=
[2026-05-18 09:58:16]  发现表格，共 23 行数据
[2026-05-18 09:58:16]  动态索引映射: ['股票代码', '股票名称', '信号', '当前价格', '量比', '来源过滤']
[2026-05-18 09:58:16]  [行1] 解析成功: SZSE.002460 [赣锋锂业] BUY @ 79.55 (VR:0.33)
[2026-05-18 09:58:16]  [行2] 解析成功: SZSE.002498 [汉缆股份] BUY @ 9.67 (VR:0.2)
[2026-05-18 09:58:16]  [行3] 解析成功: SZSE.300352 [北信源] SELL @ 3.1 (VR:0.79)
[2026-05-18 09:58:16]  [行4] 解析成功: SZSE.002046 [国机精工] BUY @ 55.02 (VR:0.37)
[2026-05-18 09:58:16]  [行5] 解析成功: SZSE.000682 [东方电子] BUY @ 13.5 (VR:1.56)
[2026-05-18 09:58:16]  [行6] 解析成功: SZSE.000407 [胜利股份] BUY @ 4.61 (VR:3.57)
[2026-05-18 09:58:16]  [行7] 解析成功: SZSE.000536 [华映科技] BUY @ 3.88 (VR:0.32)
[2026-05-18 09:58:16]  [行8] 解析成功: SZSE.300693 [盛弘股份] SELL @ 60.05 (VR:0.11)
[2026-05-18 09:58:16]  [行9] 解析成功: SZSE.001309 [德利明] BUY @ 730.48 (VR:0.28)
[2026-05-18 09:58:16]  [行10] 解析成功: SHSE.688617 [惠泰医疗] BUY @ 229.2 (VR:1.56)
[2026-05-18 09:58:16]  [行11] 解析成功: SHSE.688617 [惠泰医疗] BUY @ 229.29 (VR:1.61)
[2026-05-18 09:58:16]  [行12] 解析成功: SZSE.002460 [赣锋锂业] BUY @ 80.13 (VR:1.82)
[2026-05-18 09:58:16]  [行13] 解析成功: SZSE.002498 [汉缆股份] BUY @ 9.75 (VR:1.13)
[2026-05-18 09:58:16]  [行14] 解析成功: SZSE.002364 [中恒电器] BUY @ 48.73 (VR:0.16)
[2026-05-18 09:58:16]  [行15] 解析成功: SZSE.000537 [绿发电力] BUY @ 10.89 (VR:0.8)
[2026-05-18 09:58:16]  [行16] 解析成功: SZSE.002046 [国机精工] BUY @ 55.37 (VR:0.18)
[2026-05-18 09:58:16]  [行17] 解析成功: SZSE.000407 [胜利股份] BUY @ 4.63 (VR:0.43)
[2026-05-18 09:58:16]  [行18] 解析成功: SZSE.000536 [华映科技] BUY @ 3.91 (VR:0.85)
[2026-05-18 09:58:16]  [行19] 解析成功: SZSE.300693 [盛弘股份] SELL @ 59.75 (VR:0.72)
[2026-05-18 09:58:16]  [行20] 解析成功: SZSE.001309 [德利明] BUY @ 736.78 (VR:0.4)
[2026-05-18 09:58:16]  [行21] 解析成功: SZSE.002285 [世联行] BUY @ 3.06 (VR:0.09)
[2026-05-18 09:58:16]  [行22] 解析成功: SHSE.688617 [惠泰医疗] BUY @ 228.57 (VR:1.06)
[2026-05-18 09:58:16]  [行23] 解析成功: SHSE.688617 [惠泰医疗] BUY @ 228.89 (VR:2.16)
[2026-05-18 09:58:16] 成功保存 23 条因子至: signal_batch_20260518_095816_873839.txt
[2026-05-18 09:58:17]  QQ-主 邮件 3597 处理完成
[2026-05-18 09:58:17]  QQ-主 本轮共成功处理 1 封有效信号邮件
[2026-05-18 09:58:17]  正在连接 QQ-备用 邮箱服务器 (shouqianbadavid@qq.com) ...
[2026-05-18 09:58:52]  正在连接 QQ-主 邮箱服务器 (497720537@qq.com) ...
[2026-05-18 09:58:53]  正在连接 QQ-备用 邮箱服务器 (shouqianbadavid@qq.com) ...
[2026-05-18 09:58:54]  QQ-备用 正在解析因子: =?utf-8?b?QWxwaGFQaWxvdCDlpIfku73kv6Hlj7cgKGFscGhhX3NpZ25hbF90aHJfMjAyNjA1MThfMDk1Ny5qc29uKSBb5aSHUVEt6Ieq5L+dXQ==?=
[2026-05-18 09:58:54]  发现表格，共 23 行数据
[2026-05-18 09:58:54]  动态索引映射: ['股票代码', '股票名称', '信号', '当前价格', '量比', '来源过滤']
[2026-05-18 09:58:54]  [行1] 解析成功: SZSE.002460 [赣锋锂业] BUY @ 79.55 (VR:0.33)
[2026-05-18 09:58:54]  [行2] 解析成功: SZSE.002498 [汉缆股份] BUY @ 9.67 (VR:0.2)
[2026-05-18 09:58:54]  [行3] 解析成功: SZSE.300352 [北信源] SELL @ 3.1 (VR:0.79)
[2026-05-18 09:58:54]  [行4] 解析成功: SZSE.002046 [国机精工] BUY @ 55.02 (VR:0.37)
[2026-05-18 09:58:54]  [行5] 解析成功: SZSE.000682 [东方电子] BUY @ 13.5 (VR:1.56)
[2026-05-18 09:58:54]  [行6] 解析成功: SZSE.000407 [胜利股份] BUY @ 4.61 (VR:3.57)
[2026-05-18 09:58:54]  [行7] 解析成功: SZSE.000536 [华映科技] BUY @ 3.88 (VR:0.32)
[2026-05-18 09:58:54]  [行8] 解析成功: SZSE.300693 [盛弘股份] SELL @ 60.05 (VR:0.11)
[2026-05-18 09:58:54]  [行9] 解析成功: SZSE.001309 [德利明] BUY @ 730.48 (VR:0.28)
[2026-05-18 09:58:54]  [行10] 解析成功: SHSE.688617 [惠泰医疗] BUY @ 229.2 (VR:1.56)
[2026-05-18 09:58:54]  [行11] 解析成功: SHSE.688617 [惠泰医疗] BUY @ 229.29 (VR:1.61)
[2026-05-18 09:58:54]  [行12] 解析成功: SZSE.002460 [赣锋锂业] BUY @ 80.13 (VR:1.82)
[2026-05-18 09:58:54]  [行13] 解析成功: SZSE.002498 [汉缆股份] BUY @ 9.75 (VR:1.13)
[2026-05-18 09:58:54]  [行14] 解析成功: SZSE.002364 [中恒电器] BUY @ 48.73 (VR:0.16)
[2026-05-18 09:58:54]  [行15] 解析成功: SZSE.000537 [绿发电力] BUY @ 10.89 (VR:0.8)
[2026-05-18 09:58:54]  [行16] 解析成功: SZSE.002046 [国机精工] BUY @ 55.37 (VR:0.18)
[2026-05-18 09:58:54]  [行17] 解析成功: SZSE.000407 [胜利股份] BUY @ 4.63 (VR:0.43)
[2026-05-18 09:58:54]  [行18] 解析成功: SZSE.000536 [华映科技] BUY @ 3.91 (VR:0.85)
[2026-05-18 09:58:54]  [行19] 解析成功: SZSE.300693 [盛弘股份] SELL @ 59.75 (VR:0.72)
[2026-05-18 09:58:54]  [行20] 解析成功: SZSE.001309 [德利明] BUY @ 736.78 (VR:0.4)
[2026-05-18 09:58:54]  [行21] 解析成功: SZSE.002285 [世联行] BUY @ 3.06 (VR:0.09)
[2026-05-18 09:58:54]  [行22] 解析成功: SHSE.688617 [惠泰医疗] BUY @ 228.57 (VR:1.06)
[2026-05-18 09:58:54]  [行23] 解析成功: SHSE.688617 [惠泰医疗] BUY @ 228.89 (VR:2.16)
[2026-05-18 09:58:54] 成功保存 23 条因子至: signal_batch_20260518_095854_304623.txt
[2026-05-18 09:58:54]  QQ-备用 邮件 899 处理完成
[2026-05-18 09:58:54]  QQ-备用 本轮共成功处理 1 封有效信号邮件
[2026-05-18 09:59:29]  正在连接 QQ-主 邮箱服务器 (497720537@qq.com) ...
[2026-05-18 09:59:31]  正在连接 QQ-备用 邮箱服务器 (shouqianbadavid@qq.com) ...
[2026-05-18 10:00:06]  正在连接 QQ-主 邮箱服务器 (497720537@qq.com) ...
[2026-05-18 10:00:07]  正在连接 QQ-备用 邮箱服务器 (shouqianbadavid@qq.com) ...
[2026-05-18 10:00:43]  正在连接 QQ-主 邮箱服务器 (497720537@qq.com) ...
[2026-05-18 10:00:43]  正在连接 QQ-备用 邮箱服务器 (shouqianbadavid@qq.com) ...
[2026-05-18 10:01:19]  正在连接 QQ-主 邮箱服务器 (497720537@qq.com) ...
[2026-05-18 10:01:20]  正在连接 QQ-备用 邮箱服务器 (shouqianbadavid@qq.com) ...
[2026-05-18 10:01:56]  正在连接 QQ-主 邮箱服务器 (497720537@qq.com) ...
[2026-05-18 10:01:56]  正在连接 QQ-备用 邮箱服务器 (shouqianbadavid@qq.com) ...
[2026-05-18 10:02:32]  正在连接 QQ-主 邮箱服务器 (497720537@qq.com) ...
[2026-05-18 10:02:39]  正在连接 QQ-备用 邮箱服务器 (shouqianbadavid@qq.com) ...
[2026-05-18 10:03:15]  正在连接 QQ-主 邮箱服务器 (497720537@qq.com) ...
[2026-05-18 10:03:15]  正在连接 QQ-备用 邮箱服务器 (shouqianbadavid@qq.com) ...
[2026-05-18 10:03:51]  正在连接 QQ-主 邮箱服务器 (497720537@qq.com) ...
[2026-05-18 10:03:51]  正在连接 QQ-备用 邮箱服务器 (shouqianbadavid@qq.com) ...
[2026-05-18 10:04:27]  正在连接 QQ-主 邮箱服务器 (497720537@qq.com) ...
[2026-05-18 10:04:27]  正在连接 QQ-备用 邮箱服务器 (shouqianbadavid@qq.com) ...
[2026-05-18 10:05:03]  正在连接 QQ-主 邮箱服务器 (497720537@qq.com) ...
[2026-05-18 10:05:04]  正在连接 QQ-备用 邮箱服务器 (shouqianbadavid@qq.com) ...
[2026-05-18 10:05:39]  正在连接 QQ-主 邮箱服务器 (497720537@qq.com) ...
[2026-05-18 10:05:40]  正在连接 QQ-备用 邮箱服务器 (shouqianbadavid@qq.com) ...
[2026-05-18 10:06:15]  正在连接 QQ-主 邮箱服务器 (497720537@qq.com) ...
[2026-05-18 10:06:26]  QQ-主 因子处理主循环异常: [Errno 11001] getaddrinfo failed
[2026-05-18 10:06:36]  正在连接 QQ-备用 邮箱服务器 (shouqianbadavid@qq.com) ...
[2026-05-18 10:06:37]  QQ-备用 因子处理主循环异常: [Errno 11001] getaddrinfo failed
[2026-05-18 10:07:22]  正在连接 QQ-主 邮箱服务器 (497720537@qq.com) ...
[2026-05-18 10:07:23]  正在连接 QQ-备用 邮箱服务器 (shouqianbadavid@qq.com) ...
[2026-05-18 10:07:59]  正在连接 QQ-主 邮箱服务器 (497720537@qq.com) ...
[2026-05-18 10:07:59]  正在连接 QQ-备用 邮箱服务器 (shouqianbadavid@qq.com) ...
[2026-05-18 10:08:35]  正在连接 QQ-主 邮箱服务器 (497720537@qq.com) ...
[2026-05-18 10:08:36]  正在连接 QQ-备用 邮箱服务器 (shouqianbadavid@qq.com) ...
[2026-05-18 10:09:12]  正在连接 QQ-主 邮箱服务器 (497720537@qq.com) ...
[2026-05-18 10:09:12]  正在连接 QQ-备用 邮箱服务器 (shouqianbadavid@qq.com) ...
[2026-05-18 10:09:48]  正在连接 QQ-主 邮箱服务器 (497720537@qq.com) ...
[2026-05-18 10:09:49]  正在连接 QQ-备用 邮箱服务器 (shouqianbadavid@qq.com) ...
[2026-05-18 10:10:24]  正在连接 QQ-主 邮箱服务器 (497720537@qq.com) ...
[2026-05-18 10:10:25]  正在连接 QQ-备用 邮箱服务器 (shouqianbadavid@qq.com) ...
[2026-05-18 10:11:00]  正在连接 QQ-主 邮箱服务器 (497720537@qq.com) ...
[2026-05-18 10:11:01]  正在连接 QQ-备用 邮箱服务器 (shouqianbadavid@qq.com) ...
[2026-05-18 10:11:37]  正在连接 QQ-主 邮箱服务器 (497720537@qq.com) ...
[2026-05-18 10:11:37]  QQ-主 正在解析因子: =?utf-8?b?QWxwaGFQaWxvdCDlrp7ml7bkv6Hlj7cgKGFscGhhX3NpZ25hbF90aHJfMjAyNjA1MThfMTAxMS5qc29uKSBb5Li7UVEt5a+55aSWXQ==?=
[2026-05-18 10:11:37]  发现表格，共 28 行数据
[2026-05-18 10:11:37]  动态索引映射: ['股票代码', '股票名称', '信号', '当前价格', '量比', '来源过滤']
[2026-05-18 10:11:37]  [行1] 解析成功: SZSE.002455 [百川股份] SELL @ 9.96 (VR:0.15)
[2026-05-18 10:11:37]  [行2] 解析成功: SZSE.003035 [南网能源] SELL @ 7.46 (VR:0.07)
[2026-05-18 10:11:37]  [行3] 解析成功: SZSE.002202 [金风科技] BUY @ 25.97 (VR:0.37)
[2026-05-18 10:11:37]  [行4] 解析成功: SZSE.300207 [欣旺达] BUY @ 25.3 (VR:0.01)
[2026-05-18 10:11:37]  [行5] 解析成功: SZSE.300677 [英科医疗] SELL @ 51.6 (VR:0.19)
[2026-05-18 10:11:37]  [行6] 解析成功: SZSE.002506 [协鑫集成] BUY @ 4.45 (VR:0.02)
[2026-05-18 10:11:37]  [行7] 解析成功: SZSE.300285 [国瓷材料] BUY @ 39.13 (VR:0.64)
[2026-05-18 10:11:37]  [行8] 解析成功: SZSE.300393 [中来股份] BUY @ 11.58 (VR:0.2)
[2026-05-18 10:11:37]  [行9] 解析成功: SZSE.301278 [快克股份] BUY @ 40.09 (VR:0.04)
[2026-05-18 10:11:37]  [行10] 解析成功: SZSE.301419 [瑞可达] BUY @ 42.31 (VR:0.3)
[2026-05-18 10:11:37]  [行11] 解析成功: SZSE.300930 [屹通新材] BUY @ 33.44 (VR:1.09)
[2026-05-18 10:11:37]  [行12] 解析成功: SZSE.300868 [杰美特] SELL @ 92.63 (VR:0.51)
[2026-05-18 10:11:37]  [行13] 解析成功: SZSE.002455 [百川股份] SELL @ 9.95 (VR:0.66)
[2026-05-18 10:11:37]  [行14] 解析成功: SZSE.003035 [南网能源] SELL @ 7.45 (VR:0.29)
[2026-05-18 10:11:37]  [行15] 解析成功: SZSE.002202 [金风科技] BUY @ 26.22 (VR:0.09)
[2026-05-18 10:11:37]  [行16] 解析成功: SZSE.300037 [新宙邦] BUY @ 62.6 (VR:0.2)
[2026-05-18 10:11:37]  [行17] 解析成功: SZSE.300207 [欣旺达] BUY @ 25.4 (VR:0.29)
[2026-05-18 10:11:37]  [行18] 解析成功: SZSE.300274 [阳光电源] BUY @ 153.53 (VR:0.45)
[2026-05-18 10:11:37]  [行19] 解析成功: SZSE.002506 [协鑫集成] BUY @ 4.47 (VR:0.54)
[2026-05-18 10:11:37]  [行20] 解析成功: SZSE.300285 [国瓷材料] BUY @ 39.4 (VR:1.18)
[2026-05-18 10:11:37]  [行21] 解析成功: SZSE.002195 [岩山科技] BUY @ 8.47 (VR:0.01)
[2026-05-18 10:11:37]  [行22] 解析成功: SZSE.300393 [中来股份] BUY @ 11.6 (VR:0.09)
[2026-05-18 10:11:37]  [行23] 解析成功: SZSE.301278 [快克股份] BUY @ 40.21 (VR:0.07)
[2026-05-18 10:11:37]  [行24] 解析成功: SZSE.301419 [瑞可达] BUY @ 42.47 (VR:0.72)
[2026-05-18 10:11:37]  [行25] 解析成功: SZSE.300930 [屹通新材] BUY @ 33.52 (VR:0.62)
[2026-05-18 10:11:37]  [行26] 解析成功: SZSE.300868 [杰美特] SELL @ 92.6 (VR:0.3)
[2026-05-18 10:11:37]  [行27] 解析成功: SZSE.300953 [震裕科技] SELL @ 240.78 (VR:0.95)
[2026-05-18 10:11:37]  [行28] 解析成功: SZSE.300054 [鼎龙股份] SELL @ 73.1 (VR:0.03)
[2026-05-18 10:11:37] 成功保存 28 条因子至: signal_batch_20260518_101137_975924.txt
[2026-05-18 10:11:38]  QQ-主 邮件 3598 处理完成
[2026-05-18 10:11:38]  QQ-主 本轮共成功处理 1 封有效信号邮件
[2026-05-18 10:11:38]  正在连接 QQ-备用 邮箱服务器 (shouqianbadavid@qq.com) ...
[2026-05-18 10:12:14]  正在连接 QQ-主 邮箱服务器 (497720537@qq.com) ...
[2026-05-18 10:12:15]  正在连接 QQ-备用 邮箱服务器 (shouqianbadavid@qq.com) ...
[2026-05-18 10:12:16]  QQ-备用 正在解析因子: =?utf-8?b?QWxwaGFQaWxvdCDlpIfku73kv6Hlj7cgKGFscGhhX3NpZ25hbF90aHJfMjAyNjA1MThfMTAxMS5qc29uKSBb5aSHUVEt6Ieq5L+dXQ==?=
[2026-05-18 10:12:16]  发现表格，共 28 行数据
[2026-05-18 10:12:16]  动态索引映射: ['股票代码', '股票名称', '信号', '当前价格', '量比', '来源过滤']
[2026-05-18 10:12:16]  [行1] 解析成功: SZSE.002455 [百川股份] SELL @ 9.96 (VR:0.15)
[2026-05-18 10:12:16]  [行2] 解析成功: SZSE.003035 [南网能源] SELL @ 7.46 (VR:0.07)
[2026-05-18 10:12:16]  [行3] 解析成功: SZSE.002202 [金风科技] BUY @ 25.97 (VR:0.37)
[2026-05-18 10:12:16]  [行4] 解析成功: SZSE.300207 [欣旺达] BUY @ 25.3 (VR:0.01)
[2026-05-18 10:12:16]  [行5] 解析成功: SZSE.300677 [英科医疗] SELL @ 51.6 (VR:0.19)
[2026-05-18 10:12:16]  [行6] 解析成功: SZSE.002506 [协鑫集成] BUY @ 4.45 (VR:0.02)
[2026-05-18 10:12:16]  [行7] 解析成功: SZSE.300285 [国瓷材料] BUY @ 39.13 (VR:0.64)
[2026-05-18 10:12:16]  [行8] 解析成功: SZSE.300393 [中来股份] BUY @ 11.58 (VR:0.2)
[2026-05-18 10:12:16]  [行9] 解析成功: SZSE.301278 [快克股份] BUY @ 40.09 (VR:0.04)
[2026-05-18 10:12:16]  [行10] 解析成功: SZSE.301419 [瑞可达] BUY @ 42.31 (VR:0.3)
[2026-05-18 10:12:16]  [行11] 解析成功: SZSE.300930 [屹通新材] BUY @ 33.44 (VR:1.09)
[2026-05-18 10:12:16]  [行12] 解析成功: SZSE.300868 [杰美特] SELL @ 92.63 (VR:0.51)
[2026-05-18 10:12:16]  [行13] 解析成功: SZSE.002455 [百川股份] SELL @ 9.95 (VR:0.66)
[2026-05-18 10:12:16]  [行14] 解析成功: SZSE.003035 [南网能源] SELL @ 7.45 (VR:0.29)
[2026-05-18 10:12:16]  [行15] 解析成功: SZSE.002202 [金风科技] BUY @ 26.22 (VR:0.09)
[2026-05-18 10:12:16]  [行16] 解析成功: SZSE.300037 [新宙邦] BUY @ 62.6 (VR:0.2)
[2026-05-18 10:12:16]  [行17] 解析成功: SZSE.300207 [欣旺达] BUY @ 25.4 (VR:0.29)
[2026-05-18 10:12:16]  [行18] 解析成功: SZSE.300274 [阳光电源] BUY @ 153.53 (VR:0.45)
[2026-05-18 10:12:16]  [行19] 解析成功: SZSE.002506 [协鑫集成] BUY @ 4.47 (VR:0.54)
[2026-05-18 10:12:16]  [行20] 解析成功: SZSE.300285 [国瓷材料] BUY @ 39.4 (VR:1.18)
[2026-05-18 10:12:16]  [行21] 解析成功: SZSE.002195 [岩山科技] BUY @ 8.47 (VR:0.01)
[2026-05-18 10:12:16]  [行22] 解析成功: SZSE.300393 [中来股份] BUY @ 11.6 (VR:0.09)
[2026-05-18 10:12:16]  [行23] 解析成功: SZSE.301278 [快克股份] BUY @ 40.21 (VR:0.07)
[2026-05-18 10:12:16]  [行24] 解析成功: SZSE.301419 [瑞可达] BUY @ 42.47 (VR:0.72)
[2026-05-18 10:12:16]  [行25] 解析成功: SZSE.300930 [屹通新材] BUY @ 33.52 (VR:0.62)
[2026-05-18 10:12:16]  [行26] 解析成功: SZSE.300868 [杰美特] SELL @ 92.6 (VR:0.3)
[2026-05-18 10:12:16]  [行27] 解析成功: SZSE.300953 [震裕科技] SELL @ 240.78 (VR:0.95)
[2026-05-18 10:12:16]  [行28] 解析成功: SZSE.300054 [鼎龙股份] SELL @ 73.1 (VR:0.03)
[2026-05-18 10:12:16] 成功保存 28 条因子至: signal_batch_20260518_101216_249034.txt
[2026-05-18 10:12:16]  QQ-备用 邮件 900 处理完成
[2026-05-18 10:12:16]  QQ-备用 本轮共成功处理 1 封有效信号邮件
[2026-05-18 10:12:51]  正在连接 QQ-主 邮箱服务器 (497720537@qq.com) ...
[2026-05-18 10:12:52]  正在连接 QQ-备用 邮箱服务器 (shouqianbadavid@qq.com) ...
[2026-05-18 10:13:27]  正在连接 QQ-主 邮箱服务器 (497720537@qq.com) ...
[2026-05-18 10:13:28]  正在连接 QQ-备用 邮箱服务器 (shouqianbadavid@qq.com) ...
[2026-05-18 10:14:04]  正在连接 QQ-主 邮箱服务器 (497720537@qq.com) ...
[2026-05-18 10:14:04]  正在连接 QQ-备用 邮箱服务器 (shouqianbadavid@qq.com) ...
[2026-05-18 10:14:40]  正在连接 QQ-主 邮箱服务器 (497720537@qq.com) ...
[2026-05-18 10:14:41]  正在连接 QQ-备用 邮箱服务器 (shouqianbadavid@qq.com) ...
[2026-05-18 10:15:17]  正在连接 QQ-主 邮箱服务器 (497720537@qq.com) ...
[2026-05-18 10:15:17]  正在连接 QQ-备用 邮箱服务器 (shouqianbadavid@qq.com) ...
[2026-05-18 10:15:53]  正在连接 QQ-主 邮箱服务器 (497720537@qq.com) ...
[2026-05-18 10:15:54]  正在连接 QQ-备用 邮箱服务器 (shouqianbadavid@qq.com) ...
[2026-05-18 10:16:29]  正在连接 QQ-主 邮箱服务器 (497720537@qq.com) ...
[2026-05-18 10:16:30]  正在连接 QQ-备用 邮箱服务器 (shouqianbadavid@qq.com) ...
[2026-05-18 10:17:05]  正在连接 QQ-主 邮箱服务器 (497720537@qq.com) ...
[2026-05-18 10:17:06]  正在连接 QQ-备用 邮箱服务器 (shouqianbadavid@qq.com) ...
[2026-05-18 10:17:41]  正在连接 QQ-主 邮箱服务器 (497720537@qq.com) ...
[2026-05-18 10:17:42]  正在连接 QQ-备用 邮箱服务器 (shouqianbadavid@qq.com) ...
[2026-05-18 10:18:18]  正在连接 QQ-主 邮箱服务器 (497720537@qq.com) ...
[2026-05-18 10:18:18]  正在连接 QQ-备用 邮箱服务器 (shouqianbadavid@qq.com) ...
[2026-05-18 10:18:54]  正在连接 QQ-主 邮箱服务器 (497720537@qq.com) ...
[2026-05-18 10:18:54]  正在连接 QQ-备用 邮箱服务器 (shouqianbadavid@qq.com) ...
[2026-05-18 10:19:30]  正在连接 QQ-主 邮箱服务器 (497720537@qq.com) ...
[2026-05-18 10:19:30]  正在连接 QQ-备用 邮箱服务器 (shouqianbadavid@qq.com) ...
[2026-05-18 10:20:06]  正在连接 QQ-主 邮箱服务器 (497720537@qq.com) ...
[2026-05-18 10:20:07]  正在连接 QQ-备用 邮箱服务器 (shouqianbadavid@qq.com) ...
[2026-05-18 10:20:42]  正在连接 QQ-主 邮箱服务器 (497720537@qq.com) ...
[2026-05-18 10:20:43]  正在连接 QQ-备用 邮箱服务器 (shouqianbadavid@qq.com) ...
[2026-05-18 10:21:18]  正在连接 QQ-主 邮箱服务器 (497720537@qq.com) ...
[2026-05-18 10:21:39]  QQ-主 正在解析因子: =?utf-8?b?QWxwaGFQaWxvdCDlrp7ml7bkv6Hlj7cgKGFscGhhX3NpZ25hbF90aHJfMjAyNjA1MThfMTAyMS5qc29uKSBb5Li7UVEt5a+55aSWXQ==?=
[2026-05-18 10:21:39]  发现表格，共 20 行数据
[2026-05-18 10:21:39]  动态索引映射: ['股票代码', '股票名称', '信号', '当前价格', '量比', '来源过滤']
[2026-05-18 10:21:39]  [行1] 解析成功: SZSE.300722 [新余国科] BUY @ 26.68 (VR:0.34)
[2026-05-18 10:21:39]  [行2] 解析成功: SZSE.300259 [新天科技] BUY @ 6.29 (VR:7.96)
[2026-05-18 10:21:39]  [行3] 解析成功: SZSE.300641 [正丹股份] BUY @ 16.35 (VR:0.35)
[2026-05-18 10:21:39]  [行4] 解析成功: SZSE.301389 [隆扬电子] BUY @ 72.75 (VR:0.87)
[2026-05-18 10:21:39]  [行5] 解析成功: SHSE.603353 [和顺电气] BUY @ 45.22 (VR:0.55)
[2026-05-18 10:21:39]  [行6] 解析成功: SHSE.688700 [东威科技] SELL @ 74.29 (VR:0.04)
[2026-05-18 10:21:39]  [行7] 解析成功: SHSE.688689 [银河微电] SELL @ 43.15 (VR:0.26)
[2026-05-18 10:21:39]  [行8] 解析成功: SZSE.300243 [瑞丰光电] BUY @ 19.24 (VR:0.43)
[2026-05-18 10:21:39]  [行9] 解析成功: SZSE.301220 [亚香股份] BUY @ 40.92 (VR:0.22)
[2026-05-18 10:21:39]  [行10] 解析成功: SZSE.300672 [国科微] SELL @ 245.49 (VR:0.34)
[2026-05-18 10:21:39]  [行11] 解析成功: SZSE.300722 [新余国科] BUY @ 26.72 (VR:0.54)
[2026-05-18 10:21:39]  [行12] 解析成功: SZSE.300259 [新天科技] BUY @ 6.31 (VR:12.66)
[2026-05-18 10:21:39]  [行13] 解析成功: SZSE.300641 [正丹股份] BUY @ 16.38 (VR:0.11)
[2026-05-18 10:21:39]  [行14] 解析成功: SZSE.301329 [信音电子] BUY @ 26.25 (VR:0.33)
[2026-05-18 10:21:39]  [行15] 解析成功: SZSE.301389 [隆扬电子] BUY @ 74.37 (VR:0.73)
[2026-05-18 10:21:39]  [行16] 解析成功: SZSE.301449 [天溯计量] SELL @ 69.33 (VR:0.65)
[2026-05-18 10:21:39]  [行17] 解析成功: SHSE.603353 [和顺电气] BUY @ 45.26 (VR:0.19)
[2026-05-18 10:21:39]  [行18] 解析成功: SZSE.300243 [瑞丰光电] BUY @ 19.42 (VR:2.35)
[2026-05-18 10:21:39]  [行19] 解析成功: SZSE.301220 [亚香股份] BUY @ 40.93 (VR:0.96)
[2026-05-18 10:21:39]  [行20] 解析成功: SZSE.300672 [国科微] SELL @ 244.09 (VR:1.92)
[2026-05-18 10:21:39] 成功保存 20 条因子至: signal_batch_20260518_102139_784851.txt
[2026-05-18 10:21:40]  QQ-主 邮件 3599 处理完成
[2026-05-18 10:21:40]  QQ-主 本轮共成功处理 1 封有效信号邮件
[2026-05-18 10:21:40]  正在连接 QQ-备用 邮箱服务器 (shouqianbadavid@qq.com) ...
[2026-05-18 10:22:15]  正在连接 QQ-主 邮箱服务器 (497720537@qq.com) ...
[2026-05-18 10:22:16]  正在连接 QQ-备用 邮箱服务器 (shouqianbadavid@qq.com) ...
[2026-05-18 10:22:51]  正在连接 QQ-主 邮箱服务器 (497720537@qq.com) ...
[2026-05-18 10:22:52]  正在连接 QQ-备用 邮箱服务器 (shouqianbadavid@qq.com) ...
[2026-05-18 10:22:53]  QQ-备用 正在解析因子: =?utf-8?b?QWxwaGFQaWxvdCDlpIfku73kv6Hlj7cgKGFscGhhX3NpZ25hbF90aHJfMjAyNjA1MThfMTAyMS5qc29uKSBb5aSHUVEt6Ieq5L+dXQ==?=
[2026-05-18 10:22:53]  发现表格，共 20 行数据
[2026-05-18 10:22:53]  动态索引映射: ['股票代码', '股票名称', '信号', '当前价格', '量比', '来源过滤']
[2026-05-18 10:22:53]  [行1] 解析成功: SZSE.300722 [新余国科] BUY @ 26.68 (VR:0.34)
[2026-05-18 10:22:53]  [行2] 解析成功: SZSE.300259 [新天科技] BUY @ 6.29 (VR:7.96)
[2026-05-18 10:22:53]  [行3] 解析成功: SZSE.300641 [正丹股份] BUY @ 16.35 (VR:0.35)
[2026-05-18 10:22:53]  [行4] 解析成功: SZSE.301389 [隆扬电子] BUY @ 72.75 (VR:0.87)
[2026-05-18 10:22:53]  [行5] 解析成功: SHSE.603353 [和顺电气] BUY @ 45.22 (VR:0.55)
[2026-05-18 10:22:53]  [行6] 解析成功: SHSE.688700 [东威科技] SELL @ 74.29 (VR:0.04)
[2026-05-18 10:22:53]  [行7] 解析成功: SHSE.688689 [银河微电] SELL @ 43.15 (VR:0.26)
[2026-05-18 10:22:53]  [行8] 解析成功: SZSE.300243 [瑞丰光电] BUY @ 19.24 (VR:0.43)
[2026-05-18 10:22:53]  [行9] 解析成功: SZSE.301220 [亚香股份] BUY @ 40.92 (VR:0.22)
[2026-05-18 10:22:53]  [行10] 解析成功: SZSE.300672 [国科微] SELL @ 245.49 (VR:0.34)
[2026-05-18 10:22:53]  [行11] 解析成功: SZSE.300722 [新余国科] BUY @ 26.72 (VR:0.54)
[2026-05-18 10:22:53]  [行12] 解析成功: SZSE.300259 [新天科技] BUY @ 6.31 (VR:12.66)
[2026-05-18 10:22:53]  [行13] 解析成功: SZSE.300641 [正丹股份] BUY @ 16.38 (VR:0.11)
[2026-05-18 10:22:53]  [行14] 解析成功: SZSE.301329 [信音电子] BUY @ 26.25 (VR:0.33)
[2026-05-18 10:22:53]  [行15] 解析成功: SZSE.301389 [隆扬电子] BUY @ 74.37 (VR:0.73)
[2026-05-18 10:22:53]  [行16] 解析成功: SZSE.301449 [天溯计量] SELL @ 69.33 (VR:0.65)
[2026-05-18 10:22:53]  [行17] 解析成功: SHSE.603353 [和顺电气] BUY @ 45.26 (VR:0.19)
[2026-05-18 10:22:53]  [行18] 解析成功: SZSE.300243 [瑞丰光电] BUY @ 19.42 (VR:2.35)
[2026-05-18 10:22:53]  [行19] 解析成功: SZSE.301220 [亚香股份] BUY @ 40.93 (VR:0.96)
[2026-05-18 10:22:53]  [行20] 解析成功: SZSE.300672 [国科微] SELL @ 244.09 (VR:1.92)
[2026-05-18 10:22:53] 成功保存 20 条因子至: signal_batch_20260518_102253_481937.txt
[2026-05-18 10:22:53]  QQ-备用 邮件 901 处理完成
[2026-05-18 10:22:53]  QQ-备用 本轮共成功处理 1 封有效信号邮件
[2026-05-18 10:23:29]  正在连接 QQ-主 邮箱服务器 (497720537@qq.com) ...
[2026-05-18 10:23:29]  正在连接 QQ-备用 邮箱服务器 (shouqianbadavid@qq.com) ...
[2026-05-18 10:24:05]  正在连接 QQ-主 邮箱服务器 (497720537@qq.com) ...
[2026-05-18 10:24:06]  正在连接 QQ-备用 邮箱服务器 (shouqianbadavid@qq.com) ...
[2026-05-18 10:24:41]  正在连接 QQ-主 邮箱服务器 (497720537@qq.com) ...
[2026-05-18 10:24:42]  正在连接 QQ-备用 邮箱服务器 (shouqianbadavid@qq.com) ...
[2026-05-18 10:25:17]  正在连接 QQ-主 邮箱服务器 (497720537@qq.com) ...
[2026-05-18 10:25:38]  正在连接 QQ-备用 邮箱服务器 (shouqianbadavid@qq.com) ...
[2026-05-18 10:26:13]  正在连接 QQ-主 邮箱服务器 (497720537@qq.com) ...
[2026-05-18 10:26:14]  正在连接 QQ-备用 邮箱服务器 (shouqianbadavid@qq.com) ...
[2026-05-18 10:26:50]  正在连接 QQ-主 邮箱服务器 (497720537@qq.com) ...
[2026-05-18 10:26:50]  正在连接 QQ-备用 邮箱服务器 (shouqianbadavid@qq.com) ...
[2026-05-18 10:27:26]  正在连接 QQ-主 邮箱服务器 (497720537@qq.com) ...
[2026-05-18 10:27:27]  正在连接 QQ-备用 邮箱服务器 (shouqianbadavid@qq.com) ...
[2026-05-18 10:28:02]  正在连接 QQ-主 邮箱服务器 (497720537@qq.com) ...
[2026-05-18 10:28:03]  正在连接 QQ-备用 邮箱服务器 (shouqianbadavid@qq.com) ...
[2026-05-18 10:28:39]  正在连接 QQ-主 邮箱服务器 (497720537@qq.com) ...
[2026-05-18 10:28:40]  正在连接 QQ-备用 邮箱服务器 (shouqianbadavid@qq.com) ...
[2026-05-18 10:29:15]  正在连接 QQ-主 邮箱服务器 (497720537@qq.com) ...
[2026-05-18 10:29:16]  正在连接 QQ-备用 邮箱服务器 (shouqianbadavid@qq.com) ...
[2026-05-18 10:29:52]  正在连接 QQ-主 邮箱服务器 (497720537@qq.com) ...
[2026-05-18 10:29:53]  正在连接 QQ-备用 邮箱服务器 (shouqianbadavid@qq.com) ...
[2026-05-18 10:30:28]  正在连接 QQ-主 邮箱服务器 (497720537@qq.com) ...
[2026-05-18 10:30:29]  QQ-主 正在解析因子: =?utf-8?b?QWxwaGFQaWxvdCDlrp7ml7bkv6Hlj7cgKGFscGhhX3NpZ25hbF90aHJfMjAyNjA1MThfMTAzMC5qc29uKSBb5Li7UVEt5a+55aSWXQ==?=
[2026-05-18 10:30:29]  发现表格，共 9 行数据
[2026-05-18 10:30:29]  动态索引映射: ['股票代码', '股票名称', '信号', '当前价格', '量比', '来源过滤']
[2026-05-18 10:30:29]  [行1] 解析成功: SZSE.300763 [锦浪科技] BUY @ 105.61 (VR:0.94)
[2026-05-18 10:30:29]  [行2] 解析成功: SZSE.300285 [国瓷材料] BUY @ 39.79 (VR:2.63)
[2026-05-18 10:30:29]  [行3] 解析成功: SZSE.002015 [协鑫能科] BUY @ 21.55 (VR:1.6)
[2026-05-18 10:30:29]  [行4] 解析成功: SZSE.300345 [华民股份] SELL @ 6.89 (VR:0.1)
[2026-05-18 10:30:29]  [行5] 解析成功: SHSE.600722 [金牛化工] BUY @ 12.68 (VR:0.07)
[2026-05-18 10:30:29]  [行6] 解析成功: SZSE.300285 [国瓷材料] BUY @ 39.86 (VR:1.15)
[2026-05-18 10:30:29]  [行7] 解析成功: SZSE.002015 [协鑫能科] BUY @ 21.58 (VR:0.34)
[2026-05-18 10:30:29]  [行8] 解析成功: SZSE.300345 [华民股份] SELL @ 6.88 (VR:0.02)
[2026-05-18 10:30:29]  [行9] 解析成功: SHSE.600722 [金牛化工] BUY @ 12.7 (VR:0.29)
[2026-05-18 10:30:29] 成功保存 9 条因子至: signal_batch_20260518_103029_364257.txt
[2026-05-18 10:30:29]  QQ-主 邮件 3600 处理完成
[2026-05-18 10:30:29]  QQ-主 本轮共成功处理 1 封有效信号邮件
[2026-05-18 10:30:29]  正在连接 QQ-备用 邮箱服务器 (shouqianbadavid@qq.com) ...
[2026-05-18 10:30:30]  QQ-备用 正在解析因子: =?utf-8?b?QWxwaGFQaWxvdCDlpIfku73kv6Hlj7cgKGFscGhhX3NpZ25hbF90aHJfMjAyNjA1MThfMTAzMC5qc29uKSBb5aSHUVEt6Ieq5L+dXQ==?=
[2026-05-18 10:30:30]  发现表格，共 9 行数据
[2026-05-18 10:30:30]  动态索引映射: ['股票代码', '股票名称', '信号', '当前价格', '量比', '来源过滤']
[2026-05-18 10:30:30]  [行1] 解析成功: SZSE.300763 [锦浪科技] BUY @ 105.61 (VR:0.94)
[2026-05-18 10:30:30]  [行2] 解析成功: SZSE.300285 [国瓷材料] BUY @ 39.79 (VR:2.63)
[2026-05-18 10:30:30]  [行3] 解析成功: SZSE.002015 [协鑫能科] BUY @ 21.55 (VR:1.6)
[2026-05-18 10:30:30]  [行4] 解析成功: SZSE.300345 [华民股份] SELL @ 6.89 (VR:0.1)
[2026-05-18 10:30:30]  [行5] 解析成功: SHSE.600722 [金牛化工] BUY @ 12.68 (VR:0.07)
[2026-05-18 10:30:30]  [行6] 解析成功: SZSE.300285 [国瓷材料] BUY @ 39.86 (VR:1.15)
[2026-05-18 10:30:30]  [行7] 解析成功: SZSE.002015 [协鑫能科] BUY @ 21.58 (VR:0.34)
[2026-05-18 10:30:30]  [行8] 解析成功: SZSE.300345 [华民股份] SELL @ 6.88 (VR:0.02)
[2026-05-18 10:30:30]  [行9] 解析成功: SHSE.600722 [金牛化工] BUY @ 12.7 (VR:0.29)
[2026-05-18 10:30:30] 成功保存 9 条因子至: signal_batch_20260518_103030_310909.txt
[2026-05-18 10:30:30]  QQ-备用 邮件 902 处理完成
[2026-05-18 10:30:30]  QQ-备用 本轮共成功处理 1 封有效信号邮件
[2026-05-18 10:31:05]  正在连接 QQ-主 邮箱服务器 (497720537@qq.com) ...
[2026-05-18 10:31:06]  正在连接 QQ-备用 邮箱服务器 (shouqianbadavid@qq.com) ...
[2026-05-18 10:31:42]  正在连接 QQ-主 邮箱服务器 (497720537@qq.com) ...
[2026-05-18 10:31:42]  正在连接 QQ-备用 邮箱服务器 (shouqianbadavid@qq.com) ...
[2026-05-18 10:32:18]  正在连接 QQ-主 邮箱服务器 (497720537@qq.com) ...
[2026-05-18 10:32:39]  正在连接 QQ-备用 邮箱服务器 (shouqianbadavid@qq.com) ...
[2026-05-18 10:33:15]  正在连接 QQ-主 邮箱服务器 (497720537@qq.com) ...
[2026-05-18 10:33:15]  正在连接 QQ-备用 邮箱服务器 (shouqianbadavid@qq.com) ...
[2026-05-18 10:33:51]  正在连接 QQ-主 邮箱服务器 (497720537@qq.com) ...
[2026-05-18 10:33:52]  正在连接 QQ-备用 邮箱服务器 (shouqianbadavid@qq.com) ...
[2026-05-18 10:34:28]  正在连接 QQ-主 邮箱服务器 (497720537@qq.com) ...
[2026-05-18 10:34:29]  正在连接 QQ-备用 邮箱服务器 (shouqianbadavid@qq.com) ...
[2026-05-18 10:35:04]  正在连接 QQ-主 邮箱服务器 (497720537@qq.com) ...
[2026-05-18 10:35:05]  正在连接 QQ-备用 邮箱服务器 (shouqianbadavid@qq.com) ...
[2026-05-18 10:35:40]  正在连接 QQ-主 邮箱服务器 (497720537@qq.com) ...
[2026-05-18 10:35:41]  正在连接 QQ-备用 邮箱服务器 (shouqianbadavid@qq.com) ...
[2026-05-18 10:36:17]  正在连接 QQ-主 邮箱服务器 (497720537@qq.com) ...
[2026-05-18 10:36:17]  正在连接 QQ-备用 邮箱服务器 (shouqianbadavid@qq.com) ...
[2026-05-18 10:36:53]  正在连接 QQ-主 邮箱服务器 (497720537@qq.com) ...
[2026-05-18 10:37:04]  QQ-主 因子处理主循环异常: [Errno 11001] getaddrinfo failed
[2026-05-18 10:37:14]  正在连接 QQ-备用 邮箱服务器 (shouqianbadavid@qq.com) ...
[2026-05-18 10:37:50]  正在连接 QQ-主 邮箱服务器 (497720537@qq.com) ...
[2026-05-18 10:37:51]  正在连接 QQ-备用 邮箱服务器 (shouqianbadavid@qq.com) ...
[2026-05-18 10:38:26]  正在连接 QQ-主 邮箱服务器 (497720537@qq.com) ...
[2026-05-18 10:38:27]  正在连接 QQ-备用 邮箱服务器 (shouqianbadavid@qq.com) ...
[2026-05-18 10:39:03]  正在连接 QQ-主 邮箱服务器 (497720537@qq.com) ...
[2026-05-18 10:39:04]  正在连接 QQ-备用 邮箱服务器 (shouqianbadavid@qq.com) ...
[2026-05-18 10:39:39]  正在连接 QQ-主 邮箱服务器 (497720537@qq.com) ...
[2026-05-18 10:39:40]  正在连接 QQ-备用 邮箱服务器 (shouqianbadavid@qq.com) ...
[2026-05-18 10:40:16]  正在连接 QQ-主 邮箱服务器 (497720537@qq.com) ...
[2026-05-18 10:40:27]  QQ-主 因子处理主循环异常: [Errno 11001] getaddrinfo failed
[2026-05-18 10:40:37]  正在连接 QQ-备用 邮箱服务器 (shouqianbadavid@qq.com) ...
[2026-05-18 10:40:38]  QQ-备用 正在解析因子: =?utf-8?b?QWxwaGFQaWxvdCDlpIfku73kv6Hlj7cgKGFscGhhX3NpZ25hbF90aHJfMjAyNjA1MThfMTA0MC5qc29uKSBb5aSHUVEt6Ieq5L+dXQ==?=
[2026-05-18 10:40:38]  发现表格，共 22 行数据
[2026-05-18 10:40:38]  动态索引映射: ['股票代码', '股票名称', '信号', '当前价格', '量比', '来源过滤']
[2026-05-18 10:40:38]  [行1] 解析成功: SZSE.002498 [汉缆股份] SELL @ 9.69 (VR:0.41)
[2026-05-18 10:40:38]  [行2] 解析成功: SZSE.002364 [中恒电器] SELL @ 49.24 (VR:0.36)
[2026-05-18 10:40:38]  [行3] 解析成功: SZSE.000537 [绿发电力] BUY @ 10.95 (VR:0.09)
[2026-05-18 10:40:38]  [行4] 解析成功: SZSE.002475 [立讯精密] BUY @ 73.45 (VR:1.14)
[2026-05-18 10:40:38]  [行5] 解析成功: SZSE.300048 [合康新能] SELL @ 6.25 (VR:0.16)
[2026-05-18 10:40:38]  [行6] 解析成功: SZSE.002046 [国机精工] SELL @ 54.36 (VR:0.76)
[2026-05-18 10:40:38]  [行7] 解析成功: SZSE.000536 [华映科技] SELL @ 3.89 (VR:0.04)
[2026-05-18 10:40:38]  [行8] 解析成功: SZSE.300432 [富临精工] BUY @ 24.89 (VR:0.27)
[2026-05-18 10:40:38]  [行9] 解析成功: SHSE.688617 [惠泰医疗] BUY @ 227.33 (VR:0.04)
[2026-05-18 10:40:38]  [行10] 解析成功: SHSE.688331 [荣昌生物] BUY @ 112.87 (VR:0.05)
[2026-05-18 10:40:38]  [行11] 解析成功: SHSE.688617 [惠泰医疗] BUY @ 227.21 (VR:1.15)
[2026-05-18 10:40:38]  [行12] 解析成功: SZSE.002498 [汉缆股份] SELL @ 9.66 (VR:0.3)
[2026-05-18 10:40:38]  [行13] 解析成功: SZSE.002364 [中恒电器] SELL @ 49.13 (VR:0.77)
[2026-05-18 10:40:38]  [行14] 解析成功: SZSE.000537 [绿发电力] BUY @ 11.03 (VR:1.91)
[2026-05-18 10:40:38]  [行15] 解析成功: SZSE.002475 [立讯精密] BUY @ 73.55 (VR:0.3)
[2026-05-18 10:40:38]  [行16] 解析成功: SZSE.300048 [合康新能] SELL @ 6.23 (VR:0.03)
[2026-05-18 10:40:38]  [行17] 解析成功: SZSE.002046 [国机精工] SELL @ 54.17 (VR:0.51)
[2026-05-18 10:40:38]  [行18] 解析成功: SZSE.000536 [华映科技] SELL @ 3.88 (VR:0.27)
[2026-05-18 10:40:38]  [行19] 解析成功: SZSE.300432 [富临精工] BUY @ 24.91 (VR:0.06)
[2026-05-18 10:40:38]  [行20] 解析成功: SHSE.688617 [惠泰医疗] BUY @ 226.88 (VR:4.18)
[2026-05-18 10:40:38]  [行21] 解析成功: SHSE.688331 [荣昌生物] BUY @ 112.92 (VR:0.27)
[2026-05-18 10:40:38]  [行22] 解析成功: SHSE.688617 [惠泰医疗] BUY @ 227.06 (VR:4.32)
[2026-05-18 10:40:38] 成功保存 22 条因子至: signal_batch_20260518_104038_357115.txt
[2026-05-18 10:40:38]  QQ-备用 邮件 903 处理完成
[2026-05-18 10:40:38]  QQ-备用 本轮共成功处理 1 封有效信号邮件
[2026-05-18 10:41:13]  正在连接 QQ-主 邮箱服务器 (497720537@qq.com) ...
[2026-05-18 10:41:14]  QQ-主 正在解析因子: =?utf-8?b?QWxwaGFQaWxvdCDlrp7ml7bkv6Hlj7cgKGFscGhhX3NpZ25hbF90aHJfMjAyNjA1MThfMTA0MC5qc29uKSBb5Li7UVEt5a+55aSWXQ==?=
[2026-05-18 10:41:14]  发现表格，共 22 行数据
[2026-05-18 10:41:14]  动态索引映射: ['股票代码', '股票名称', '信号', '当前价格', '量比', '来源过滤']
[2026-05-18 10:41:14]  [行1] 解析成功: SZSE.002498 [汉缆股份] SELL @ 9.69 (VR:0.41)
[2026-05-18 10:41:14]  [行2] 解析成功: SZSE.002364 [中恒电器] SELL @ 49.24 (VR:0.36)
[2026-05-18 10:41:14]  [行3] 解析成功: SZSE.000537 [绿发电力] BUY @ 10.95 (VR:0.09)
[2026-05-18 10:41:14]  [行4] 解析成功: SZSE.002475 [立讯精密] BUY @ 73.45 (VR:1.14)
[2026-05-18 10:41:14]  [行5] 解析成功: SZSE.300048 [合康新能] SELL @ 6.25 (VR:0.16)
[2026-05-18 10:41:14]  [行6] 解析成功: SZSE.002046 [国机精工] SELL @ 54.36 (VR:0.76)
[2026-05-18 10:41:14]  [行7] 解析成功: SZSE.000536 [华映科技] SELL @ 3.89 (VR:0.04)
[2026-05-18 10:41:14]  [行8] 解析成功: SZSE.300432 [富临精工] BUY @ 24.89 (VR:0.27)
[2026-05-18 10:41:14]  [行9] 解析成功: SHSE.688617 [惠泰医疗] BUY @ 227.33 (VR:0.04)
[2026-05-18 10:41:14]  [行10] 解析成功: SHSE.688331 [荣昌生物] BUY @ 112.87 (VR:0.05)
[2026-05-18 10:41:14]  [行11] 解析成功: SHSE.688617 [惠泰医疗] BUY @ 227.21 (VR:1.15)
[2026-05-18 10:41:14]  [行12] 解析成功: SZSE.002498 [汉缆股份] SELL @ 9.66 (VR:0.3)
[2026-05-18 10:41:14]  [行13] 解析成功: SZSE.002364 [中恒电器] SELL @ 49.13 (VR:0.77)
[2026-05-18 10:41:14]  [行14] 解析成功: SZSE.000537 [绿发电力] BUY @ 11.03 (VR:1.91)
[2026-05-18 10:41:14]  [行15] 解析成功: SZSE.002475 [立讯精密] BUY @ 73.55 (VR:0.3)
[2026-05-18 10:41:14]  [行16] 解析成功: SZSE.300048 [合康新能] SELL @ 6.23 (VR:0.03)
[2026-05-18 10:41:14]  [行17] 解析成功: SZSE.002046 [国机精工] SELL @ 54.17 (VR:0.51)
[2026-05-18 10:41:14]  [行18] 解析成功: SZSE.000536 [华映科技] SELL @ 3.88 (VR:0.27)
[2026-05-18 10:41:14]  [行19] 解析成功: SZSE.300432 [富临精工] BUY @ 24.91 (VR:0.06)
[2026-05-18 10:41:14]  [行20] 解析成功: SHSE.688617 [惠泰医疗] BUY @ 226.88 (VR:4.18)
[2026-05-18 10:41:14]  [行21] 解析成功: SHSE.688331 [荣昌生物] BUY @ 112.92 (VR:0.27)
[2026-05-18 10:41:14]  [行22] 解析成功: SHSE.688617 [惠泰医疗] BUY @ 227.06 (VR:4.32)
[2026-05-18 10:41:14] 成功保存 22 条因子至: signal_batch_20260518_104114_278154.txt
[2026-05-18 10:41:14]  QQ-主 邮件 3601 处理完成
[2026-05-18 10:41:14]  QQ-主 本轮共成功处理 1 封有效信号邮件
[2026-05-18 10:41:14]  正在连接 QQ-备用 邮箱服务器 (shouqianbadavid@qq.com) ...
[2026-05-18 10:41:50]  正在连接 QQ-主 邮箱服务器 (497720537@qq.com) ...
[2026-05-18 10:41:50]  正在连接 QQ-备用 邮箱服务器 (shouqianbadavid@qq.com) ...
[2026-05-18 10:42:26]  正在连接 QQ-主 邮箱服务器 (497720537@qq.com) ...
[2026-05-18 10:42:27]  正在连接 QQ-备用 邮箱服务器 (shouqianbadavid@qq.com) ...
[2026-05-18 10:43:03]  正在连接 QQ-主 邮箱服务器 (497720537@qq.com) ...
[2026-05-18 10:43:04]  正在连接 QQ-备用 邮箱服务器 (shouqianbadavid@qq.com) ...
[2026-05-18 10:43:39]  正在连接 QQ-主 邮箱服务器 (497720537@qq.com) ...
[2026-05-18 10:43:40]  正在连接 QQ-备用 邮箱服务器 (shouqianbadavid@qq.com) ...
[2026-05-18 10:44:15]  正在连接 QQ-主 邮箱服务器 (497720537@qq.com) ...
[2026-05-18 10:44:16]  正在连接 QQ-备用 邮箱服务器 (shouqianbadavid@qq.com) ...
[2026-05-18 10:44:52]  正在连接 QQ-主 邮箱服务器 (497720537@qq.com) ...
[2026-05-18 10:44:53]  正在连接 QQ-备用 邮箱服务器 (shouqianbadavid@qq.com) ...
[2026-05-18 10:45:28]  正在连接 QQ-主 邮箱服务器 (497720537@qq.com) ...
[2026-05-18 10:45:29]  正在连接 QQ-备用 邮箱服务器 (shouqianbadavid@qq.com) ...
[2026-05-18 10:46:05]  正在连接 QQ-主 邮箱服务器 (497720537@qq.com) ...
[2026-05-18 10:46:06]  正在连接 QQ-备用 邮箱服务器 (shouqianbadavid@qq.com) ...
[2026-05-18 10:46:41]  正在连接 QQ-主 邮箱服务器 (497720537@qq.com) ...
[2026-05-18 10:46:42]  正在连接 QQ-备用 邮箱服务器 (shouqianbadavid@qq.com) ...
[2026-05-18 10:47:17]  正在连接 QQ-主 邮箱服务器 (497720537@qq.com) ...
[2026-05-18 10:47:18]  正在连接 QQ-备用 邮箱服务器 (shouqianbadavid@qq.com) ...
[2026-05-18 10:47:54]  正在连接 QQ-主 邮箱服务器 (497720537@qq.com) ...
[2026-05-18 10:47:54]  正在连接 QQ-备用 邮箱服务器 (shouqianbadavid@qq.com) ...
[2026-05-18 10:48:30]  正在连接 QQ-主 邮箱服务器 (497720537@qq.com) ...
[2026-05-18 10:48:30]  正在连接 QQ-备用 邮箱服务器 (shouqianbadavid@qq.com) ...
[2026-05-18 10:49:06]  正在连接 QQ-主 邮箱服务器 (497720537@qq.com) ...
[2026-05-18 10:49:06]  QQ-主 正在解析因子: =?utf-8?b?QWxwaGFQaWxvdCDlrp7ml7bkv6Hlj7cgKGFscGhhX3NpZ25hbF90aHJfMjAyNjA1MThfMTA0OC5qc29uKSBb5Li7UVEt5a+55aSWXQ==?=
[2026-05-18 10:49:06]  发现表格，共 16 行数据
[2026-05-18 10:49:06]  动态索引映射: ['股票代码', '股票名称', '信号', '当前价格', '量比', '来源过滤']
[2026-05-18 10:49:06]  [行1] 解析成功: SZSE.003035 [南网能源] SELL @ 7.39 (VR:0.01)
[2026-05-18 10:49:06]  [行2] 解析成功: SZSE.300274 [阳光电源] SELL @ 152.99 (VR:0.03)
[2026-05-18 10:49:06]  [行3] 解析成功: SZSE.301071 [力量钻石] SELL @ 63.11 (VR:0.07)
[2026-05-18 10:49:06]  [行4] 解析成功: SZSE.300930 [屹通新材] BUY @ 33.3 (VR:0.2)
[2026-05-18 10:49:06]  [行5] 解析成功: SZSE.300449 [汉邦高科] SELL @ 9.87 (VR:0.1)
[2026-05-18 10:49:06]  [行6] 解析成功: SZSE.300868 [杰美特] BUY @ 91.21 (VR:0.82)
[2026-05-18 10:49:06]  [行7] 解析成功: SZSE.300953 [震裕科技] BUY @ 239.93 (VR:0.06)
[2026-05-18 10:49:06]  [行8] 解析成功: SZSE.300054 [鼎龙股份] SELL @ 72.28 (VR:0.34)
[2026-05-18 10:49:06]  [行9] 解析成功: SZSE.003035 [南网能源] SELL @ 7.37 (VR:0.03)
[2026-05-18 10:49:06]  [行10] 解析成功: SZSE.300274 [阳光电源] SELL @ 152.64 (VR:0.84)
[2026-05-18 10:49:06]  [行11] 解析成功: SZSE.301071 [力量钻石] SELL @ 62.88 (VR:0.15)
[2026-05-18 10:49:06]  [行12] 解析成功: SZSE.300930 [屹通新材] BUY @ 33.34 (VR:1.01)
[2026-05-18 10:49:06]  [行13] 解析成功: SZSE.300449 [汉邦高科] SELL @ 9.84 (VR:0.99)
[2026-05-18 10:49:06]  [行14] 解析成功: SZSE.300868 [杰美特] BUY @ 91.82 (VR:0.07)
[2026-05-18 10:49:06]  [行15] 解析成功: SZSE.300953 [震裕科技] BUY @ 240.0 (VR:0.12)
[2026-05-18 10:49:06]  [行16] 解析成功: SZSE.300054 [鼎龙股份] SELL @ 72.16 (VR:0.27)
[2026-05-18 10:49:06] 成功保存 16 条因子至: signal_batch_20260518_104906_824118.txt
[2026-05-18 10:49:06]  QQ-主 邮件 3602 处理完成
[2026-05-18 10:49:06]  QQ-主 本轮共成功处理 1 封有效信号邮件
[2026-05-18 10:49:07]  正在连接 QQ-备用 邮箱服务器 (shouqianbadavid@qq.com) ...
[2026-05-18 10:49:07]  QQ-备用 正在解析因子: =?utf-8?b?QWxwaGFQaWxvdCDlpIfku73kv6Hlj7cgKGFscGhhX3NpZ25hbF90aHJfMjAyNjA1MThfMTA0OC5qc29uKSBb5aSHUVEt6Ieq5L+dXQ==?=
[2026-05-18 10:49:07]  发现表格，共 16 行数据
[2026-05-18 10:49:07]  动态索引映射: ['股票代码', '股票名称', '信号', '当前价格', '量比', '来源过滤']
[2026-05-18 10:49:07]  [行1] 解析成功: SZSE.003035 [南网能源] SELL @ 7.39 (VR:0.01)
[2026-05-18 10:49:07]  [行2] 解析成功: SZSE.300274 [阳光电源] SELL @ 152.99 (VR:0.03)
[2026-05-18 10:49:07]  [行3] 解析成功: SZSE.301071 [力量钻石] SELL @ 63.11 (VR:0.07)
[2026-05-18 10:49:07]  [行4] 解析成功: SZSE.300930 [屹通新材] BUY @ 33.3 (VR:0.2)
[2026-05-18 10:49:07]  [行5] 解析成功: SZSE.300449 [汉邦高科] SELL @ 9.87 (VR:0.1)
[2026-05-18 10:49:07]  [行6] 解析成功: SZSE.300868 [杰美特] BUY @ 91.21 (VR:0.82)
[2026-05-18 10:49:07]  [行7] 解析成功: SZSE.300953 [震裕科技] BUY @ 239.93 (VR:0.06)
[2026-05-18 10:49:07]  [行8] 解析成功: SZSE.300054 [鼎龙股份] SELL @ 72.28 (VR:0.34)
[2026-05-18 10:49:07]  [行9] 解析成功: SZSE.003035 [南网能源] SELL @ 7.37 (VR:0.03)
[2026-05-18 10:49:07]  [行10] 解析成功: SZSE.300274 [阳光电源] SELL @ 152.64 (VR:0.84)
[2026-05-18 10:49:07]  [行11] 解析成功: SZSE.301071 [力量钻石] SELL @ 62.88 (VR:0.15)
[2026-05-18 10:49:07]  [行12] 解析成功: SZSE.300930 [屹通新材] BUY @ 33.34 (VR:1.01)
[2026-05-18 10:49:07]  [行13] 解析成功: SZSE.300449 [汉邦高科] SELL @ 9.84 (VR:0.99)
[2026-05-18 10:49:07]  [行14] 解析成功: SZSE.300868 [杰美特] BUY @ 91.82 (VR:0.07)
[2026-05-18 10:49:07]  [行15] 解析成功: SZSE.300953 [震裕科技] BUY @ 240.0 (VR:0.12)
[2026-05-18 10:49:07]  [行16] 解析成功: SZSE.300054 [鼎龙股份] SELL @ 72.16 (VR:0.27)
[2026-05-18 10:49:07] 成功保存 16 条因子至: signal_batch_20260518_104907_693620.txt
[2026-05-18 10:49:07]  QQ-备用 邮件 904 处理完成
[2026-05-18 10:49:07]  QQ-备用 本轮共成功处理 1 封有效信号邮件
[2026-05-18 10:49:42]  正在连接 QQ-主 邮箱服务器 (497720537@qq.com) ...
[2026-05-18 10:49:44]  正在连接 QQ-备用 邮箱服务器 (shouqianbadavid@qq.com) ...
[2026-05-18 10:50:19]  正在连接 QQ-主 邮箱服务器 (497720537@qq.com) ...
[2026-05-18 10:50:20]  正在连接 QQ-备用 邮箱服务器 (shouqianbadavid@qq.com) ...
[2026-05-18 10:50:55]  正在连接 QQ-主 邮箱服务器 (497720537@qq.com) ...
[2026-05-18 10:50:56]  正在连接 QQ-备用 邮箱服务器 (shouqianbadavid@qq.com) ...
[2026-05-18 10:51:32]  正在连接 QQ-主 邮箱服务器 (497720537@qq.com) ...
[2026-05-18 10:51:32]  正在连接 QQ-备用 邮箱服务器 (shouqianbadavid@qq.com) ...
[2026-05-18 10:52:08]  正在连接 QQ-主 邮箱服务器 (497720537@qq.com) ...
[2026-05-18 10:52:08]  正在连接 QQ-备用 邮箱服务器 (shouqianbadavid@qq.com) ...
[2026-05-18 10:52:44]  正在连接 QQ-主 邮箱服务器 (497720537@qq.com) ...
[2026-05-18 10:52:45]  正在连接 QQ-备用 邮箱服务器 (shouqianbadavid@qq.com) ...
[2026-05-18 10:53:21]  正在连接 QQ-主 邮箱服务器 (497720537@qq.com) ...
[2026-05-18 10:53:21]  正在连接 QQ-备用 邮箱服务器 (shouqianbadavid@qq.com) ...
[2026-05-18 10:53:57]  正在连接 QQ-主 邮箱服务器 (497720537@qq.com) ...
[2026-05-18 10:53:58]  正在连接 QQ-备用 邮箱服务器 (shouqianbadavid@qq.com) ...
[2026-05-18 10:54:33]  正在连接 QQ-主 邮箱服务器 (497720537@qq.com) ...
[2026-05-18 10:54:34]  正在连接 QQ-备用 邮箱服务器 (shouqianbadavid@qq.com) ...
[2026-05-18 10:55:10]  正在连接 QQ-主 邮箱服务器 (497720537@qq.com) ...
[2026-05-18 10:55:10]  正在连接 QQ-备用 邮箱服务器 (shouqianbadavid@qq.com) ...
[2026-05-18 10:55:46]  正在连接 QQ-主 邮箱服务器 (497720537@qq.com) ...
[2026-05-18 10:55:47]  QQ-主 正在解析因子: =?utf-8?b?QWxwaGFQaWxvdCDlrp7ml7bkv6Hlj7cgKGFscGhhX3NpZ25hbF90aHJfMjAyNjA1MThfMTA1NS5qc29uKSBb5Li7UVEt5a+55aSWXQ==?=
[2026-05-18 10:55:47]  发现表格，共 4 行数据
[2026-05-18 10:55:47]  动态索引映射: ['股票代码', '股票名称', '信号', '当前价格', '量比', '来源过滤']
[2026-05-18 10:55:47]  [行1] 解析成功: SZSE.300468 [四方精创] SELL @ 27.71 (VR:0.66)
[2026-05-18 10:55:47]  [行2] 解析成功: SZSE.301220 [亚香股份] SELL @ 40.93 (VR:0.02)
[2026-05-18 10:55:47]  [行3] 解析成功: SZSE.300468 [四方精创] SELL @ 27.63 (VR:0.69)
[2026-05-18 10:55:47]  [行4] 解析成功: SZSE.301220 [亚香股份] SELL @ 40.9 (VR:3.01)
[2026-05-18 10:55:47] 成功保存 4 条因子至: signal_batch_20260518_105547_125524.txt
[2026-05-18 10:55:47]  QQ-主 邮件 3603 处理完成
[2026-05-18 10:55:47]  QQ-主 本轮共成功处理 1 封有效信号邮件
[2026-05-18 10:55:47]  正在连接 QQ-备用 邮箱服务器 (shouqianbadavid@qq.com) ...
[2026-05-18 10:56:22]  正在连接 QQ-主 邮箱服务器 (497720537@qq.com) ...
[2026-05-18 10:56:23]  正在连接 QQ-备用 邮箱服务器 (shouqianbadavid@qq.com) ...
[2026-05-18 10:56:24]  QQ-备用 正在解析因子: =?utf-8?b?QWxwaGFQaWxvdCDlpIfku73kv6Hlj7cgKGFscGhhX3NpZ25hbF90aHJfMjAyNjA1MThfMTA1NS5qc29uKSBb5aSHUVEt6Ieq5L+dXQ==?=
[2026-05-18 10:56:24]  发现表格，共 4 行数据
[2026-05-18 10:56:24]  动态索引映射: ['股票代码', '股票名称', '信号', '当前价格', '量比', '来源过滤']
[2026-05-18 10:56:24]  [行1] 解析成功: SZSE.300468 [四方精创] SELL @ 27.71 (VR:0.66)
[2026-05-18 10:56:24]  [行2] 解析成功: SZSE.301220 [亚香股份] SELL @ 40.93 (VR:0.02)
[2026-05-18 10:56:24]  [行3] 解析成功: SZSE.300468 [四方精创] SELL @ 27.63 (VR:0.69)
[2026-05-18 10:56:24]  [行4] 解析成功: SZSE.301220 [亚香股份] SELL @ 40.9 (VR:3.01)
[2026-05-18 10:56:24] 成功保存 4 条因子至: signal_batch_20260518_105624_143099.txt
[2026-05-18 10:56:24]  QQ-备用 邮件 905 处理完成
[2026-05-18 10:56:24]  QQ-备用 本轮共成功处理 1 封有效信号邮件
[2026-05-18 10:56:59]  正在连接 QQ-主 邮箱服务器 (497720537@qq.com) ...
[2026-05-18 10:57:00]  正在连接 QQ-备用 邮箱服务器 (shouqianbadavid@qq.com) ...
[2026-05-18 10:57:36]  正在连接 QQ-主 邮箱服务器 (497720537@qq.com) ...
[2026-05-18 10:57:37]  正在连接 QQ-备用 邮箱服务器 (shouqianbadavid@qq.com) ...
[2026-05-18 10:58:12]  正在连接 QQ-主 邮箱服务器 (497720537@qq.com) ...
[2026-05-18 10:58:13]  正在连接 QQ-备用 邮箱服务器 (shouqianbadavid@qq.com) ...
[2026-05-18 10:58:48]  正在连接 QQ-主 邮箱服务器 (497720537@qq.com) ...
[2026-05-18 10:58:49]  正在连接 QQ-备用 邮箱服务器 (shouqianbadavid@qq.com) ...
[2026-05-18 10:59:25]  正在连接 QQ-主 邮箱服务器 (497720537@qq.com) ...
[2026-05-18 10:59:25]  正在连接 QQ-备用 邮箱服务器 (shouqianbadavid@qq.com) ...
[2026-05-18 11:00:01]  正在连接 QQ-主 邮箱服务器 (497720537@qq.com) ...
[2026-05-18 11:00:02]  正在连接 QQ-备用 邮箱服务器 (shouqianbadavid@qq.com) ...
[2026-05-18 11:00:37]  正在连接 QQ-主 邮箱服务器 (497720537@qq.com) ...
[2026-05-18 11:00:38]  正在连接 QQ-备用 邮箱服务器 (shouqianbadavid@qq.com) ...
[2026-05-18 11:01:14]  正在连接 QQ-主 邮箱服务器 (497720537@qq.com) ...
[2026-05-18 11:01:14]  正在连接 QQ-备用 邮箱服务器 (shouqianbadavid@qq.com) ...
[2026-05-18 11:01:50]  正在连接 QQ-主 邮箱服务器 (497720537@qq.com) ...
[2026-05-18 11:01:51]  正在连接 QQ-备用 邮箱服务器 (shouqianbadavid@qq.com) ...
[2026-05-18 11:02:26]  正在连接 QQ-主 邮箱服务器 (497720537@qq.com) ...
[2026-05-18 11:02:27]  正在连接 QQ-备用 邮箱服务器 (shouqianbadavid@qq.com) ...
[2026-05-18 11:03:03]  正在连接 QQ-主 邮箱服务器 (497720537@qq.com) ...
[2026-05-18 11:03:03]  正在连接 QQ-备用 邮箱服务器 (shouqianbadavid@qq.com) ...
[2026-05-18 11:03:39]  正在连接 QQ-主 邮箱服务器 (497720537@qq.com) ...
[2026-05-18 11:03:40]  QQ-主 正在解析因子: =?utf-8?b?QWxwaGFQaWxvdCDlrp7ml7bkv6Hlj7cgKGFscGhhX3NpZ25hbF90aHJfMjAyNjA1MThfMTEwMy5qc29uKSBb5Li7UVEt5a+55aSWXQ==?=
[2026-05-18 11:03:40]  发现表格，共 8 行数据
[2026-05-18 11:03:40]  动态索引映射: ['股票代码', '股票名称', '信号', '当前价格', '量比', '来源过滤']
[2026-05-18 11:03:40]  [行1] 解析成功: SZSE.300763 [锦浪科技] SELL @ 103.68 (VR:0.11)
[2026-05-18 11:03:40]  [行2] 解析成功: SZSE.000958 [电投产融] SELL @ 6.05 (VR:0.0)
[2026-05-18 11:03:40]  [行3] 解析成功: SZSE.002015 [协鑫能科] BUY @ 21.64 (VR:0.17)
[2026-05-18 11:03:40]  [行4] 解析成功: SHSE.600726 [华电能源] BUY @ 7.05 (VR:0.3)
[2026-05-18 11:03:40]  [行5] 解析成功: SZSE.300763 [锦浪科技] SELL @ 103.61 (VR:0.61)
[2026-05-18 11:03:40]  [行6] 解析成功: SZSE.000958 [电投产融] SELL @ 6.03 (VR:0.12)
[2026-05-18 11:03:40]  [行7] 解析成功: SZSE.002015 [协鑫能科] BUY @ 21.74 (VR:0.03)
[2026-05-18 11:03:40]  [行8] 解析成功: SHSE.600726 [华电能源] BUY @ 7.07 (VR:0.3)
[2026-05-18 11:03:40] 成功保存 8 条因子至: signal_batch_20260518_110340_121606.txt
[2026-05-18 11:03:40]  QQ-主 邮件 3604 处理完成
[2026-05-18 11:03:40]  QQ-主 本轮共成功处理 1 封有效信号邮件
[2026-05-18 11:03:40]  正在连接 QQ-备用 邮箱服务器 (shouqianbadavid@qq.com) ...
[2026-05-18 11:03:41]  QQ-备用 正在解析因子: =?utf-8?b?QWxwaGFQaWxvdCDlpIfku73kv6Hlj7cgKGFscGhhX3NpZ25hbF90aHJfMjAyNjA1MThfMTEwMy5qc29uKSBb5aSHUVEt6Ieq5L+dXQ==?=
[2026-05-18 11:03:41]  发现表格，共 8 行数据
[2026-05-18 11:03:41]  动态索引映射: ['股票代码', '股票名称', '信号', '当前价格', '量比', '来源过滤']
[2026-05-18 11:03:41]  [行1] 解析成功: SZSE.300763 [锦浪科技] SELL @ 103.68 (VR:0.11)
[2026-05-18 11:03:41]  [行2] 解析成功: SZSE.000958 [电投产融] SELL @ 6.05 (VR:0.0)
[2026-05-18 11:03:41]  [行3] 解析成功: SZSE.002015 [协鑫能科] BUY @ 21.64 (VR:0.17)
[2026-05-18 11:03:41]  [行4] 解析成功: SHSE.600726 [华电能源] BUY @ 7.05 (VR:0.3)
[2026-05-18 11:03:41]  [行5] 解析成功: SZSE.300763 [锦浪科技] SELL @ 103.61 (VR:0.61)
[2026-05-18 11:03:41]  [行6] 解析成功: SZSE.000958 [电投产融] SELL @ 6.03 (VR:0.12)
[2026-05-18 11:03:41]  [行7] 解析成功: SZSE.002015 [协鑫能科] BUY @ 21.74 (VR:0.03)
[2026-05-18 11:03:41]  [行8] 解析成功: SHSE.600726 [华电能源] BUY @ 7.07 (VR:0.3)
[2026-05-18 11:03:41] 成功保存 8 条因子至: signal_batch_20260518_110341_182626.txt
[2026-05-18 11:03:41]  QQ-备用 邮件 906 处理完成
[2026-05-18 11:03:41]  QQ-备用 本轮共成功处理 1 封有效信号邮件
[2026-05-18 11:04:16]  正在连接 QQ-主 邮箱服务器 (497720537@qq.com) ...
[2026-05-18 11:04:17]  正在连接 QQ-备用 邮箱服务器 (shouqianbadavid@qq.com) ...
[2026-05-18 11:04:53]  正在连接 QQ-主 邮箱服务器 (497720537@qq.com) ...
[2026-05-18 11:04:53]  正在连接 QQ-备用 邮箱服务器 (shouqianbadavid@qq.com) ...
[2026-05-18 11:05:29]  正在连接 QQ-主 邮箱服务器 (497720537@qq.com) ...
[2026-05-18 11:05:30]  正在连接 QQ-备用 邮箱服务器 (shouqianbadavid@qq.com) ...
[2026-05-18 11:06:05]  正在连接 QQ-主 邮箱服务器 (497720537@qq.com) ...
[2026-05-18 11:06:06]  正在连接 QQ-备用 邮箱服务器 (shouqianbadavid@qq.com) ...
[2026-05-18 11:06:41]  正在连接 QQ-主 邮箱服务器 (497720537@qq.com) ...
[2026-05-18 11:06:42]  正在连接 QQ-备用 邮箱服务器 (shouqianbadavid@qq.com) ...
[2026-05-18 11:07:18]  正在连接 QQ-主 邮箱服务器 (497720537@qq.com) ...
[2026-05-18 11:07:18]  正在连接 QQ-备用 邮箱服务器 (shouqianbadavid@qq.com) ...
[2026-05-18 11:07:54]  正在连接 QQ-主 邮箱服务器 (497720537@qq.com) ...
[2026-05-18 11:07:55]  正在连接 QQ-备用 邮箱服务器 (shouqianbadavid@qq.com) ...
[2026-05-18 11:08:30]  正在连接 QQ-主 邮箱服务器 (497720537@qq.com) ...
[2026-05-18 11:08:31]  正在连接 QQ-备用 邮箱服务器 (shouqianbadavid@qq.com) ...
[2026-05-18 11:09:06]  正在连接 QQ-主 邮箱服务器 (497720537@qq.com) ...
[2026-05-18 11:09:07]  正在连接 QQ-备用 邮箱服务器 (shouqianbadavid@qq.com) ...
[2026-05-18 11:09:42]  正在连接 QQ-主 邮箱服务器 (497720537@qq.com) ...
[2026-05-18 11:09:43]  正在连接 QQ-备用 邮箱服务器 (shouqianbadavid@qq.com) ...
[2026-05-18 11:10:19]  正在连接 QQ-主 邮箱服务器 (497720537@qq.com) ...
[2026-05-18 11:10:30]  QQ-主 因子处理主循环异常: [Errno 11001] getaddrinfo failed
[2026-05-18 11:10:40]  正在连接 QQ-备用 邮箱服务器 (shouqianbadavid@qq.com) ...
[2026-05-18 11:11:15]  正在连接 QQ-主 邮箱服务器 (497720537@qq.com) ...
[2026-05-18 11:11:16]  正在连接 QQ-备用 邮箱服务器 (shouqianbadavid@qq.com) ...
[2026-05-18 11:11:51]  正在连接 QQ-主 邮箱服务器 (497720537@qq.com) ...
[2026-05-18 11:11:52]  正在连接 QQ-备用 邮箱服务器 (shouqianbadavid@qq.com) ...
[2026-05-18 11:12:28]  正在连接 QQ-主 邮箱服务器 (497720537@qq.com) ...
[2026-05-18 11:12:29]  正在连接 QQ-备用 邮箱服务器 (shouqianbadavid@qq.com) ...
[2026-05-18 11:13:04]  正在连接 QQ-主 邮箱服务器 (497720537@qq.com) ...
[2026-05-18 11:13:05]  QQ-主 正在解析因子: =?utf-8?b?QWxwaGFQaWxvdCDlrp7ml7bkv6Hlj7cgKGFscGhhX3NpZ25hbF90aHJfMjAyNjA1MThfMTExMi5qc29uKSBb5Li7UVEt5a+55aSWXQ==?=
[2026-05-18 11:13:05]  发现表格，共 10 行数据
[2026-05-18 11:13:05]  动态索引映射: ['股票代码', '股票名称', '信号', '当前价格', '量比', '来源过滤']
[2026-05-18 11:13:05]  [行1] 解析成功: SZSE.002498 [汉缆股份] BUY @ 9.7 (VR:0.03)
[2026-05-18 11:13:05]  [行2] 解析成功: SZSE.002364 [中恒电器] BUY @ 49.71 (VR:0.89)
[2026-05-18 11:13:05]  [行3] 解析成功: SZSE.002298 [中电鑫龙] SELL @ 11.68 (VR:4.17)
[2026-05-18 11:13:05]  [行4] 解析成功: SZSE.300048 [合康新能] BUY @ 6.21 (VR:0.13)
[2026-05-18 11:13:05]  [行5] 解析成功: SZSE.000536 [华映科技] BUY @ 3.88 (VR:0.12)
[2026-05-18 11:13:05]  [行6] 解析成功: SZSE.002498 [汉缆股份] BUY @ 9.74 (VR:2.05)
[2026-05-18 11:13:05]  [行7] 解析成功: SZSE.002364 [中恒电器] BUY @ 49.95 (VR:1.63)
[2026-05-18 11:13:05]  [行8] 解析成功: SZSE.002298 [中电鑫龙] SELL @ 11.63 (VR:0.08)
[2026-05-18 11:13:05]  [行9] 解析成功: SZSE.300048 [合康新能] BUY @ 6.22 (VR:3.18)
[2026-05-18 11:13:05]  [行10] 解析成功: SZSE.000536 [华映科技] BUY @ 3.9 (VR:2.01)
[2026-05-18 11:13:05] 成功保存 10 条因子至: signal_batch_20260518_111305_092937.txt
[2026-05-18 11:13:05]  QQ-主 邮件 3605 处理完成
[2026-05-18 11:13:05]  QQ-主 本轮共成功处理 1 封有效信号邮件
[2026-05-18 11:13:05]  正在连接 QQ-备用 邮箱服务器 (shouqianbadavid@qq.com) ...
[2026-05-18 11:13:06]  QQ-备用 正在解析因子: =?utf-8?b?QWxwaGFQaWxvdCDlpIfku73kv6Hlj7cgKGFscGhhX3NpZ25hbF90aHJfMjAyNjA1MThfMTExMi5qc29uKSBb5aSHUVEt6Ieq5L+dXQ==?=
[2026-05-18 11:13:06]  发现表格，共 10 行数据
[2026-05-18 11:13:06]  动态索引映射: ['股票代码', '股票名称', '信号', '当前价格', '量比', '来源过滤']
[2026-05-18 11:13:06]  [行1] 解析成功: SZSE.002498 [汉缆股份] BUY @ 9.7 (VR:0.03)
[2026-05-18 11:13:06]  [行2] 解析成功: SZSE.002364 [中恒电器] BUY @ 49.71 (VR:0.89)
[2026-05-18 11:13:06]  [行3] 解析成功: SZSE.002298 [中电鑫龙] SELL @ 11.68 (VR:4.17)
[2026-05-18 11:13:06]  [行4] 解析成功: SZSE.300048 [合康新能] BUY @ 6.21 (VR:0.13)
[2026-05-18 11:13:06]  [行5] 解析成功: SZSE.000536 [华映科技] BUY @ 3.88 (VR:0.12)
[2026-05-18 11:13:06]  [行6] 解析成功: SZSE.002498 [汉缆股份] BUY @ 9.74 (VR:2.05)
[2026-05-18 11:13:06]  [行7] 解析成功: SZSE.002364 [中恒电器] BUY @ 49.95 (VR:1.63)
[2026-05-18 11:13:06]  [行8] 解析成功: SZSE.002298 [中电鑫龙] SELL @ 11.63 (VR:0.08)
[2026-05-18 11:13:06]  [行9] 解析成功: SZSE.300048 [合康新能] BUY @ 6.22 (VR:3.18)
[2026-05-18 11:13:06]  [行10] 解析成功: SZSE.000536 [华映科技] BUY @ 3.9 (VR:2.01)
[2026-05-18 11:13:06] 成功保存 10 条因子至: signal_batch_20260518_111306_435638.txt
[2026-05-18 11:13:06]  QQ-备用 邮件 907 处理完成
[2026-05-18 11:13:06]  QQ-备用 本轮共成功处理 1 封有效信号邮件
[2026-05-18 11:13:41]  正在连接 QQ-主 邮箱服务器 (497720537@qq.com) ...
[2026-05-18 11:13:42]  正在连接 QQ-备用 邮箱服务器 (shouqianbadavid@qq.com) ...
[2026-05-18 11:14:18]  正在连接 QQ-主 邮箱服务器 (497720537@qq.com) ...
[2026-05-18 11:14:18]  正在连接 QQ-备用 邮箱服务器 (shouqianbadavid@qq.com) ...
[2026-05-18 11:14:54]  正在连接 QQ-主 邮箱服务器 (497720537@qq.com) ...
[2026-05-18 11:14:55]  正在连接 QQ-备用 邮箱服务器 (shouqianbadavid@qq.com) ...
[2026-05-18 11:15:30]  正在连接 QQ-主 邮箱服务器 (497720537@qq.com) ...
[2026-05-18 11:15:31]  正在连接 QQ-备用 邮箱服务器 (shouqianbadavid@qq.com) ...
[2026-05-18 11:16:06]  正在连接 QQ-主 邮箱服务器 (497720537@qq.com) ...
[2026-05-18 11:16:07]  正在连接 QQ-备用 邮箱服务器 (shouqianbadavid@qq.com) ...
[2026-05-18 11:16:43]  正在连接 QQ-主 邮箱服务器 (497720537@qq.com) ...
[2026-05-18 11:16:43]  正在连接 QQ-备用 邮箱服务器 (shouqianbadavid@qq.com) ...
[2026-05-18 11:17:19]  正在连接 QQ-主 邮箱服务器 (497720537@qq.com) ...
[2026-05-18 11:17:19]  正在连接 QQ-备用 邮箱服务器 (shouqianbadavid@qq.com) ...
[2026-05-18 11:17:55]  正在连接 QQ-主 邮箱服务器 (497720537@qq.com) ...
[2026-05-18 11:17:55]  正在连接 QQ-备用 邮箱服务器 (shouqianbadavid@qq.com) ...
[2026-05-18 11:18:31]  正在连接 QQ-主 邮箱服务器 (497720537@qq.com) ...
[2026-05-18 11:18:31]  正在连接 QQ-备用 邮箱服务器 (shouqianbadavid@qq.com) ...
[2026-05-18 11:19:07]  正在连接 QQ-主 邮箱服务器 (497720537@qq.com) ...
[2026-05-18 11:19:08]  正在连接 QQ-备用 邮箱服务器 (shouqianbadavid@qq.com) ...
[2026-05-18 11:19:44]  正在连接 QQ-主 邮箱服务器 (497720537@qq.com) ...
[2026-05-18 11:19:45]  正在连接 QQ-备用 邮箱服务器 (shouqianbadavid@qq.com) ...
[2026-05-18 11:20:20]  正在连接 QQ-主 邮箱服务器 (497720537@qq.com) ...
[2026-05-18 11:20:21]  正在连接 QQ-备用 邮箱服务器 (shouqianbadavid@qq.com) ...
[2026-05-18 11:20:56]  正在连接 QQ-主 邮箱服务器 (497720537@qq.com) ...
[2026-05-18 11:20:57]  正在连接 QQ-备用 邮箱服务器 (shouqianbadavid@qq.com) ...
[2026-05-18 11:21:33]  正在连接 QQ-主 邮箱服务器 (497720537@qq.com) ...
[2026-05-18 11:21:40]  QQ-主 正在解析因子: =?utf-8?b?QWxwaGFQaWxvdCDlrp7ml7bkv6Hlj7cgKGFscGhhX3NpZ25hbF90aHJfMjAyNjA1MThfMTEyMS5qc29uKSBb5Li7UVEt5a+55aSWXQ==?=
[2026-05-18 11:21:40]  发现表格，共 8 行数据
[2026-05-18 11:21:40]  动态索引映射: ['股票代码', '股票名称', '信号', '当前价格', '量比', '来源过滤']
[2026-05-18 11:21:40]  [行1] 解析成功: SZSE.002455 [百川股份] SELL @ 9.92 (VR:0.27)
[2026-05-18 11:21:40]  [行2] 解析成功: SZSE.002506 [协鑫集成] BUY @ 4.33 (VR:0.6)
[2026-05-18 11:21:40]  [行3] 解析成功: SZSE.300449 [汉邦高科] SELL @ 9.85 (VR:0.04)
[2026-05-18 11:21:40]  [行4] 解析成功: SZSE.300953 [震裕科技] BUY @ 236.67 (VR:0.47)
[2026-05-18 11:21:40]  [行5] 解析成功: SZSE.002455 [百川股份] SELL @ 9.91 (VR:0.86)
[2026-05-18 11:21:40]  [行6] 解析成功: SZSE.002506 [协鑫集成] BUY @ 4.34 (VR:0.43)
[2026-05-18 11:21:40]  [行7] 解析成功: SZSE.300449 [汉邦高科] SELL @ 9.82 (VR:0.32)
[2026-05-18 11:21:40]  [行8] 解析成功: SZSE.300953 [震裕科技] BUY @ 238.5 (VR:0.25)
[2026-05-18 11:21:40] 成功保存 8 条因子至: signal_batch_20260518_112140_820245.txt
[2026-05-18 11:21:41]  QQ-主 邮件 3606 处理完成
[2026-05-18 11:21:41]  QQ-主 本轮共成功处理 1 封有效信号邮件
[2026-05-18 11:21:41]  正在连接 QQ-备用 邮箱服务器 (shouqianbadavid@qq.com) ...
[2026-05-18 11:21:41]  QQ-备用 正在解析因子: =?utf-8?b?QWxwaGFQaWxvdCDlpIfku73kv6Hlj7cgKGFscGhhX3NpZ25hbF90aHJfMjAyNjA1MThfMTEyMS5qc29uKSBb5aSHUVEt6Ieq5L+dXQ==?=
[2026-05-18 11:21:41]  发现表格，共 8 行数据
[2026-05-18 11:21:41]  动态索引映射: ['股票代码', '股票名称', '信号', '当前价格', '量比', '来源过滤']
[2026-05-18 11:21:41]  [行1] 解析成功: SZSE.002455 [百川股份] SELL @ 9.92 (VR:0.27)
[2026-05-18 11:21:41]  [行2] 解析成功: SZSE.002506 [协鑫集成] BUY @ 4.33 (VR:0.6)
[2026-05-18 11:21:41]  [行3] 解析成功: SZSE.300449 [汉邦高科] SELL @ 9.85 (VR:0.04)
[2026-05-18 11:21:41]  [行4] 解析成功: SZSE.300953 [震裕科技] BUY @ 236.67 (VR:0.47)
[2026-05-18 11:21:41]  [行5] 解析成功: SZSE.002455 [百川股份] SELL @ 9.91 (VR:0.86)
[2026-05-18 11:21:41]  [行6] 解析成功: SZSE.002506 [协鑫集成] BUY @ 4.34 (VR:0.43)
[2026-05-18 11:21:41]  [行7] 解析成功: SZSE.300449 [汉邦高科] SELL @ 9.82 (VR:0.32)
[2026-05-18 11:21:41]  [行8] 解析成功: SZSE.300953 [震裕科技] BUY @ 238.5 (VR:0.25)
[2026-05-18 11:21:41] 成功保存 8 条因子至: signal_batch_20260518_112141_752380.txt
[2026-05-18 11:21:41]  QQ-备用 邮件 908 处理完成
[2026-05-18 11:21:41]  QQ-备用 本轮共成功处理 1 封有效信号邮件
[2026-05-18 11:22:17]  正在连接 QQ-主 邮箱服务器 (497720537@qq.com) ...
[2026-05-18 11:22:17]  正在连接 QQ-备用 邮箱服务器 (shouqianbadavid@qq.com) ...
[2026-05-18 11:22:53]  正在连接 QQ-主 邮箱服务器 (497720537@qq.com) ...
[2026-05-18 11:22:53]  正在连接 QQ-备用 邮箱服务器 (shouqianbadavid@qq.com) ...
[2026-05-18 11:23:29]  正在连接 QQ-主 邮箱服务器 (497720537@qq.com) ...
[2026-05-18 11:23:30]  正在连接 QQ-备用 邮箱服务器 (shouqianbadavid@qq.com) ...
[2026-05-18 11:24:06]  正在连接 QQ-主 邮箱服务器 (497720537@qq.com) ...
[2026-05-18 11:24:06]  正在连接 QQ-备用 邮箱服务器 (shouqianbadavid@qq.com) ...
[2026-05-18 11:24:42]  正在连接 QQ-主 邮箱服务器 (497720537@qq.com) ...
[2026-05-18 11:24:42]  正在连接 QQ-备用 邮箱服务器 (shouqianbadavid@qq.com) ...
[2026-05-18 11:25:18]  正在连接 QQ-主 邮箱服务器 (497720537@qq.com) ...
[2026-05-18 11:25:18]  正在连接 QQ-备用 邮箱服务器 (shouqianbadavid@qq.com) ...
[2026-05-18 11:25:54]  正在连接 QQ-主 邮箱服务器 (497720537@qq.com) ...
[2026-05-18 11:25:55]  正在连接 QQ-备用 邮箱服务器 (shouqianbadavid@qq.com) ...
[2026-05-18 11:26:30]  正在连接 QQ-主 邮箱服务器 (497720537@qq.com) ...
[2026-05-18 11:26:31]  正在连接 QQ-备用 邮箱服务器 (shouqianbadavid@qq.com) ...
[2026-05-18 11:27:07]  正在连接 QQ-主 邮箱服务器 (497720537@qq.com) ...
[2026-05-18 11:27:07]  正在连接 QQ-备用 邮箱服务器 (shouqianbadavid@qq.com) ...
[2026-05-18 11:27:43]  正在连接 QQ-主 邮箱服务器 (497720537@qq.com) ...
[2026-05-18 11:27:43]  正在连接 QQ-备用 邮箱服务器 (shouqianbadavid@qq.com) ...
[2026-05-18 11:28:19]  正在连接 QQ-主 邮箱服务器 (497720537@qq.com) ...
[2026-05-18 11:28:20]  QQ-主 正在解析因子: =?utf-8?b?QWxwaGFQaWxvdCDlrp7ml7bkv6Hlj7cgKGFscGhhX3NpZ25hbF90aHJfMjAyNjA1MThfMTEyNy5qc29uKSBb5Li7UVEt5a+55aSWXQ==?=
[2026-05-18 11:28:20]  发现表格，共 6 行数据
[2026-05-18 11:28:20]  动态索引映射: ['股票代码', '股票名称', '信号', '当前价格', '量比', '来源过滤']
[2026-05-18 11:28:20]  [行1] 解析成功: SZSE.301389 [隆扬电子] SELL @ 73.41 (VR:0.61)
[2026-05-18 11:28:20]  [行2] 解析成功: SHSE.688689 [银河微电] BUY @ 42.42 (VR:0.27)
[2026-05-18 11:28:20]  [行3] 解析成功: SZSE.300672 [国科微] BUY @ 246.71 (VR:0.02)
[2026-05-18 11:28:20]  [行4] 解析成功: SZSE.301389 [隆扬电子] SELL @ 73.17 (VR:0.1)
[2026-05-18 11:28:20]  [行5] 解析成功: SHSE.688689 [银河微电] BUY @ 42.52 (VR:0.33)
[2026-05-18 11:28:20]  [行6] 解析成功: SZSE.300672 [国科微] BUY @ 247.33 (VR:0.27)
[2026-05-18 11:28:20] 成功保存 6 条因子至: signal_batch_20260518_112820_118082.txt
[2026-05-18 11:28:20]  QQ-主 邮件 3607 处理完成
[2026-05-18 11:28:20]  QQ-主 本轮共成功处理 1 封有效信号邮件
[2026-05-18 11:28:20]  正在连接 QQ-备用 邮箱服务器 (shouqianbadavid@qq.com) ...
[2026-05-18 11:28:56]  正在连接 QQ-主 邮箱服务器 (497720537@qq.com) ...
[2026-05-18 11:28:57]  正在连接 QQ-备用 邮箱服务器 (shouqianbadavid@qq.com) ...
[2026-05-18 11:28:57]  QQ-备用 正在解析因子: =?utf-8?b?QWxwaGFQaWxvdCDlpIfku73kv6Hlj7cgKGFscGhhX3NpZ25hbF90aHJfMjAyNjA1MThfMTEyNy5qc29uKSBb5aSHUVEt6Ieq5L+dXQ==?=
[2026-05-18 11:28:57]  发现表格，共 6 行数据
[2026-05-18 11:28:57]  动态索引映射: ['股票代码', '股票名称', '信号', '当前价格', '量比', '来源过滤']
[2026-05-18 11:28:57]  [行1] 解析成功: SZSE.301389 [隆扬电子] SELL @ 73.41 (VR:0.61)
[2026-05-18 11:28:57]  [行2] 解析成功: SHSE.688689 [银河微电] BUY @ 42.42 (VR:0.27)
[2026-05-18 11:28:57]  [行3] 解析成功: SZSE.300672 [国科微] BUY @ 246.71 (VR:0.02)
[2026-05-18 11:28:57]  [行4] 解析成功: SZSE.301389 [隆扬电子] SELL @ 73.17 (VR:0.1)
[2026-05-18 11:28:57]  [行5] 解析成功: SHSE.688689 [银河微电] BUY @ 42.52 (VR:0.33)
[2026-05-18 11:28:57]  [行6] 解析成功: SZSE.300672 [国科微] BUY @ 247.33 (VR:0.27)
[2026-05-18 11:28:57] 成功保存 6 条因子至: signal_batch_20260518_112857_870342.txt
[2026-05-18 11:28:58]  QQ-备用 邮件 909 处理完成
[2026-05-18 11:28:58]  QQ-备用 本轮共成功处理 1 封有效信号邮件
[2026-05-18 11:29:33]  正在连接 QQ-主 邮箱服务器 (497720537@qq.com) ...
[2026-05-18 11:29:33]  正在连接 QQ-备用 邮箱服务器 (shouqianbadavid@qq.com) ...
[2026-05-18 11:30:09]  正在连接 QQ-主 邮箱服务器 (497720537@qq.com) ...
[2026-05-18 11:30:11]  正在连接 QQ-备用 邮箱服务器 (shouqianbadavid@qq.com) ...
[2026-05-18 11:30:47]  正在连接 QQ-主 邮箱服务器 (497720537@qq.com) ...
[2026-05-18 11:30:47]  正在连接 QQ-备用 邮箱服务器 (shouqianbadavid@qq.com) ...
[2026-05-18 11:31:23]  正在连接 QQ-主 邮箱服务器 (497720537@qq.com) ...
[2026-05-18 11:31:23]  正在连接 QQ-备用 邮箱服务器 (shouqianbadavid@qq.com) ...
[2026-05-18 11:31:59]  正在连接 QQ-主 邮箱服务器 (497720537@qq.com) ...
[2026-05-18 11:32:00]  正在连接 QQ-备用 邮箱服务器 (shouqianbadavid@qq.com) ...
[2026-05-18 11:32:35]  正在连接 QQ-主 邮箱服务器 (497720537@qq.com) ...
[2026-05-18 11:32:36]  正在连接 QQ-备用 邮箱服务器 (shouqianbadavid@qq.com) ...
[2026-05-18 11:33:12]  正在连接 QQ-主 邮箱服务器 (497720537@qq.com) ...
[2026-05-18 11:33:12]  正在连接 QQ-备用 邮箱服务器 (shouqianbadavid@qq.com) ...
[2026-05-18 11:33:48]  正在连接 QQ-主 邮箱服务器 (497720537@qq.com) ...
[2026-05-18 11:33:49]  正在连接 QQ-备用 邮箱服务器 (shouqianbadavid@qq.com) ...
[2026-05-18 11:34:25]  正在连接 QQ-主 邮箱服务器 (497720537@qq.com) ...
[2026-05-18 11:34:26]  正在连接 QQ-备用 邮箱服务器 (shouqianbadavid@qq.com) ...
[2026-05-18 11:35:01]  正在连接 QQ-主 邮箱服务器 (497720537@qq.com) ...
[2026-05-18 11:35:02]  正在连接 QQ-备用 邮箱服务器 (shouqianbadavid@qq.com) ...
[2026-05-18 11:35:38]  正在连接 QQ-主 邮箱服务器 (497720537@qq.com) ...
[2026-05-18 11:35:38]  正在连接 QQ-备用 邮箱服务器 (shouqianbadavid@qq.com) ...
[2026-05-18 11:36:14]  正在连接 QQ-主 邮箱服务器 (497720537@qq.com) ...
[2026-05-18 11:36:38]  QQ-主 正在解析因子: =?utf-8?b?QWxwaGFQaWxvdCDlrp7ml7bkv6Hlj7cgKGFscGhhX3NpZ25hbF90aHJfMjAyNjA1MThfMTEzNi5qc29uKSBb5Li7UVEt5a+55aSWXQ==?=
[2026-05-18 11:36:38]  发现表格，共 4 行数据
[2026-05-18 11:36:38]  动态索引映射: ['股票代码', '股票名称', '信号', '当前价格', '量比', '来源过滤']
[2026-05-18 11:36:38]  [行1] 解析成功: SZSE.300195 [长荣股份] BUY @ 6.68 (VR:2.04)
[2026-05-18 11:36:38]  [行2] 解析成功: SZSE.300285 [国瓷材料] BUY @ 39.22 (VR:1.77)
[2026-05-18 11:36:38]  [行3] 解析成功: SZSE.300195 [长荣股份] BUY @ 6.69 (VR:0.53)
[2026-05-18 11:36:38]  [行4] 解析成功: SZSE.300285 [国瓷材料] BUY @ 39.25 (VR:1.17)
[2026-05-18 11:36:38] 成功保存 4 条因子至: signal_batch_20260518_113638_697456.txt
[2026-05-18 11:36:38]  QQ-主 邮件 3608 处理完成
[2026-05-18 11:36:38]  QQ-主 本轮共成功处理 1 封有效信号邮件
[2026-05-18 11:36:39]  正在连接 QQ-备用 邮箱服务器 (shouqianbadavid@qq.com) ...
[2026-05-18 11:36:39]  QQ-备用 正在解析因子: =?utf-8?b?QWxwaGFQaWxvdCDlpIfku73kv6Hlj7cgKGFscGhhX3NpZ25hbF90aHJfMjAyNjA1MThfMTEzNi5qc29uKSBb5aSHUVEt6Ieq5L+dXQ==?=
[2026-05-18 11:36:39]  发现表格，共 4 行数据
[2026-05-18 11:36:39]  动态索引映射: ['股票代码', '股票名称', '信号', '当前价格', '量比', '来源过滤']
[2026-05-18 11:36:39]  [行1] 解析成功: SZSE.300195 [长荣股份] BUY @ 6.68 (VR:2.04)
[2026-05-18 11:36:39]  [行2] 解析成功: SZSE.300285 [国瓷材料] BUY @ 39.22 (VR:1.77)
[2026-05-18 11:36:39]  [行3] 解析成功: SZSE.300195 [长荣股份] BUY @ 6.69 (VR:0.53)
[2026-05-18 11:36:39]  [行4] 解析成功: SZSE.300285 [国瓷材料] BUY @ 39.25 (VR:1.17)
[2026-05-18 11:36:39] 成功保存 4 条因子至: signal_batch_20260518_113639_825310.txt
[2026-05-18 11:36:39]  QQ-备用 邮件 910 处理完成
[2026-05-18 11:36:39]  QQ-备用 本轮共成功处理 1 封有效信号邮件
[2026-05-18 11:37:15]  正在连接 QQ-主 邮箱服务器 (497720537@qq.com) ...
[2026-05-18 11:37:16]  正在连接 QQ-备用 邮箱服务器 (shouqianbadavid@qq.com) ...
[2026-05-18 11:37:51]  正在连接 QQ-主 邮箱服务器 (497720537@qq.com) ...
[2026-05-18 11:37:52]  正在连接 QQ-备用 邮箱服务器 (shouqianbadavid@qq.com) ...
[2026-05-18 11:38:28]  正在连接 QQ-主 邮箱服务器 (497720537@qq.com) ...
[2026-05-18 11:38:29]  正在连接 QQ-备用 邮箱服务器 (shouqianbadavid@qq.com) ...
[2026-05-18 11:39:04]  正在连接 QQ-主 邮箱服务器 (497720537@qq.com) ...
[2026-05-18 11:39:05]  正在连接 QQ-备用 邮箱服务器 (shouqianbadavid@qq.com) ...
[2026-05-18 11:39:41]  正在连接 QQ-主 邮箱服务器 (497720537@qq.com) ...
[2026-05-18 11:39:42]  正在连接 QQ-备用 邮箱服务器 (shouqianbadavid@qq.com) ...
[2026-05-18 11:40:18]  正在连接 QQ-主 邮箱服务器 (497720537@qq.com) ...
[2026-05-18 11:40:18]  正在连接 QQ-备用 邮箱服务器 (shouqianbadavid@qq.com) ...
[2026-05-18 11:40:54]  正在连接 QQ-主 邮箱服务器 (497720537@qq.com) ...
[2026-05-18 11:40:55]  正在连接 QQ-备用 邮箱服务器 (shouqianbadavid@qq.com) ...
[2026-05-18 11:41:31]  正在连接 QQ-主 邮箱服务器 (497720537@qq.com) ...
[2026-05-18 11:41:31]  正在连接 QQ-备用 邮箱服务器 (shouqianbadavid@qq.com) ...
[2026-05-18 11:42:07]  正在连接 QQ-主 邮箱服务器 (497720537@qq.com) ...
[2026-05-18 11:42:08]  正在连接 QQ-备用 邮箱服务器 (shouqianbadavid@qq.com) ...
[2026-05-18 11:42:44]  正在连接 QQ-主 邮箱服务器 (497720537@qq.com) ...
[2026-05-18 11:42:45]  正在连接 QQ-备用 邮箱服务器 (shouqianbadavid@qq.com) ...
[2026-05-18 11:43:21]  正在连接 QQ-主 邮箱服务器 (497720537@qq.com) ...
[2026-05-18 11:43:21]  正在连接 QQ-备用 邮箱服务器 (shouqianbadavid@qq.com) ...
[2026-05-18 11:43:57]  正在连接 QQ-主 邮箱服务器 (497720537@qq.com) ...
[2026-05-18 11:43:58]  正在连接 QQ-备用 邮箱服务器 (shouqianbadavid@qq.com) ...
[2026-05-18 11:44:33]  正在连接 QQ-主 邮箱服务器 (497720537@qq.com) ...
[2026-05-18 11:44:34]  正在连接 QQ-备用 邮箱服务器 (shouqianbadavid@qq.com) ...
[2026-05-18 11:45:10]  正在连接 QQ-主 邮箱服务器 (497720537@qq.com) ...
[2026-05-18 11:45:11]  正在连接 QQ-备用 邮箱服务器 (shouqianbadavid@qq.com) ...
[2026-05-18 11:45:47]  正在连接 QQ-主 邮箱服务器 (497720537@qq.com) ...
[2026-05-18 11:45:47]  正在连接 QQ-备用 邮箱服务器 (shouqianbadavid@qq.com) ...
[2026-05-18 11:46:23]  正在连接 QQ-主 邮箱服务器 (497720537@qq.com) ...
[2026-05-18 11:46:24]  正在连接 QQ-备用 邮箱服务器 (shouqianbadavid@qq.com) ...
[2026-05-18 11:46:59]  正在连接 QQ-主 邮箱服务器 (497720537@qq.com) ...
[2026-05-18 11:47:00]  正在连接 QQ-备用 邮箱服务器 (shouqianbadavid@qq.com) ...
[2026-05-18 11:47:36]  正在连接 QQ-主 邮箱服务器 (497720537@qq.com) ...
[2026-05-18 11:47:44]  正在连接 QQ-备用 邮箱服务器 (shouqianbadavid@qq.com) ...
[2026-05-18 11:47:55]  QQ-备用 因子处理主循环异常: [Errno 11001] getaddrinfo failed
[2026-05-18 11:48:40]  正在连接 QQ-主 邮箱服务器 (497720537@qq.com) ...
[2026-05-18 11:48:40]  正在连接 QQ-备用 邮箱服务器 (shouqianbadavid@qq.com) ...
[2026-05-18 11:49:16]  正在连接 QQ-主 邮箱服务器 (497720537@qq.com) ...
[2026-05-18 11:49:17]  正在连接 QQ-备用 邮箱服务器 (shouqianbadavid@qq.com) ...
[2026-05-18 11:49:53]  正在连接 QQ-主 邮箱服务器 (497720537@qq.com) ...
[2026-05-18 11:49:53]  正在连接 QQ-备用 邮箱服务器 (shouqianbadavid@qq.com) ...
[2026-05-18 11:50:29]  正在连接 QQ-主 邮箱服务器 (497720537@qq.com) ...
[2026-05-18 11:50:30]  正在连接 QQ-备用 邮箱服务器 (shouqianbadavid@qq.com) ...
[2026-05-18 11:51:06]  正在连接 QQ-主 邮箱服务器 (497720537@qq.com) ...
[2026-05-18 11:51:07]  正在连接 QQ-备用 邮箱服务器 (shouqianbadavid@qq.com) ...
[2026-05-18 11:51:49]  正在连接 QQ-主 邮箱服务器 (497720537@qq.com) ...
[2026-05-18 11:51:50]  正在连接 QQ-备用 邮箱服务器 (shouqianbadavid@qq.com) ...
[2026-05-18 11:52:25]  正在连接 QQ-主 邮箱服务器 (497720537@qq.com) ...
[2026-05-18 11:52:26]  正在连接 QQ-备用 邮箱服务器 (shouqianbadavid@qq.com) ...
[2026-05-18 11:53:02]  正在连接 QQ-主 邮箱服务器 (497720537@qq.com) ...
[2026-05-18 11:53:02]  正在连接 QQ-备用 邮箱服务器 (shouqianbadavid@qq.com) ...
[2026-05-18 11:53:38]  正在连接 QQ-主 邮箱服务器 (497720537@qq.com) ...
[2026-05-18 11:53:39]  正在连接 QQ-备用 邮箱服务器 (shouqianbadavid@qq.com) ...
[2026-05-18 11:54:15]  正在连接 QQ-主 邮箱服务器 (497720537@qq.com) ...
[2026-05-18 11:54:16]  正在连接 QQ-备用 邮箱服务器 (shouqianbadavid@qq.com) ...
[2026-05-18 11:54:51]  正在连接 QQ-主 邮箱服务器 (497720537@qq.com) ...
[2026-05-18 11:54:52]  正在连接 QQ-备用 邮箱服务器 (shouqianbadavid@qq.com) ...
[2026-05-18 11:55:28]  正在连接 QQ-主 邮箱服务器 (497720537@qq.com) ...
[2026-05-18 11:55:36]  正在连接 QQ-备用 邮箱服务器 (shouqianbadavid@qq.com) ...
[2026-05-18 11:56:12]  正在连接 QQ-主 邮箱服务器 (497720537@qq.com) ...
[2026-05-18 11:56:12]  正在连接 QQ-备用 邮箱服务器 (shouqianbadavid@qq.com) ...
[2026-05-18 11:56:48]  正在连接 QQ-主 邮箱服务器 (497720537@qq.com) ...
[2026-05-18 11:56:49]  正在连接 QQ-备用 邮箱服务器 (shouqianbadavid@qq.com) ...
[2026-05-18 11:57:25]  正在连接 QQ-主 邮箱服务器 (497720537@qq.com) ...
[2026-05-18 11:57:26]  正在连接 QQ-备用 邮箱服务器 (shouqianbadavid@qq.com) ...
[2026-05-18 11:58:01]  正在连接 QQ-主 邮箱服务器 (497720537@qq.com) ...
[2026-05-18 11:58:02]  正在连接 QQ-备用 邮箱服务器 (shouqianbadavid@qq.com) ...
[2026-05-18 11:58:39]  正在连接 QQ-主 邮箱服务器 (497720537@qq.com) ...
[2026-05-18 11:58:39]  正在连接 QQ-备用 邮箱服务器 (shouqianbadavid@qq.com) ...
[2026-05-18 11:59:15]  正在连接 QQ-主 邮箱服务器 (497720537@qq.com) ...
[2026-05-18 11:59:16]  正在连接 QQ-备用 邮箱服务器 (shouqianbadavid@qq.com) ...
[2026-05-18 11:59:51]  正在连接 QQ-主 邮箱服务器 (497720537@qq.com) ...
[2026-05-18 11:59:52]  正在连接 QQ-备用 邮箱服务器 (shouqianbadavid@qq.com) ...
[2026-05-18 12:00:28]  正在连接 QQ-主 邮箱服务器 (497720537@qq.com) ...
[2026-05-18 12:00:29]  正在连接 QQ-备用 邮箱服务器 (shouqianbadavid@qq.com) ...
[2026-05-18 12:01:05]  正在连接 QQ-主 邮箱服务器 (497720537@qq.com) ...
[2026-05-18 12:01:06]  正在连接 QQ-备用 邮箱服务器 (shouqianbadavid@qq.com) ...
[2026-05-18 12:01:42]  正在连接 QQ-主 邮箱服务器 (497720537@qq.com) ...
[2026-05-18 12:01:42]  正在连接 QQ-备用 邮箱服务器 (shouqianbadavid@qq.com) ...
[2026-05-18 12:02:18]  正在连接 QQ-主 邮箱服务器 (497720537@qq.com) ...
[2026-05-18 12:02:19]  正在连接 QQ-备用 邮箱服务器 (shouqianbadavid@qq.com) ...
[2026-05-18 12:02:55]  正在连接 QQ-主 邮箱服务器 (497720537@qq.com) ...
[2026-05-18 12:02:55]  正在连接 QQ-备用 邮箱服务器 (shouqianbadavid@qq.com) ...
[2026-05-18 12:03:31]  正在连接 QQ-主 邮箱服务器 (497720537@qq.com) ...
[2026-05-18 12:03:32]  正在连接 QQ-备用 邮箱服务器 (shouqianbadavid@qq.com) ...
[2026-05-18 12:04:08]  正在连接 QQ-主 邮箱服务器 (497720537@qq.com) ...
[2026-05-18 12:04:08]  正在连接 QQ-备用 邮箱服务器 (shouqianbadavid@qq.com) ...
[2026-05-18 12:04:44]  正在连接 QQ-主 邮箱服务器 (497720537@qq.com) ...
[2026-05-18 12:04:45]  正在连接 QQ-备用 邮箱服务器 (shouqianbadavid@qq.com) ...
[2026-05-18 12:05:20]  正在连接 QQ-主 邮箱服务器 (497720537@qq.com) ...
[2026-05-18 12:05:21]  正在连接 QQ-备用 邮箱服务器 (shouqianbadavid@qq.com) ...
[2026-05-18 12:05:57]  正在连接 QQ-主 邮箱服务器 (497720537@qq.com) ...
[2026-05-18 12:05:58]  正在连接 QQ-备用 邮箱服务器 (shouqianbadavid@qq.com) ...
[2026-05-18 12:06:34]  正在连接 QQ-主 邮箱服务器 (497720537@qq.com) ...
[2026-05-18 12:06:35]  正在连接 QQ-备用 邮箱服务器 (shouqianbadavid@qq.com) ...
[2026-05-18 12:07:10]  正在连接 QQ-主 邮箱服务器 (497720537@qq.com) ...
[2026-05-18 12:07:11]  正在连接 QQ-备用 邮箱服务器 (shouqianbadavid@qq.com) ...
[2026-05-18 12:07:47]  正在连接 QQ-主 邮箱服务器 (497720537@qq.com) ...
[2026-05-18 12:07:47]  正在连接 QQ-备用 邮箱服务器 (shouqianbadavid@qq.com) ...
[2026-05-18 12:08:23]  正在连接 QQ-主 邮箱服务器 (497720537@qq.com) ...
[2026-05-18 12:08:24]  正在连接 QQ-备用 邮箱服务器 (shouqianbadavid@qq.com) ...
[2026-05-18 12:09:00]  正在连接 QQ-主 邮箱服务器 (497720537@qq.com) ...
[2026-05-18 12:09:01]  正在连接 QQ-备用 邮箱服务器 (shouqianbadavid@qq.com) ...
[2026-05-18 12:09:36]  正在连接 QQ-主 邮箱服务器 (497720537@qq.com) ...
[2026-05-18 12:09:37]  正在连接 QQ-备用 邮箱服务器 (shouqianbadavid@qq.com) ...
[2026-05-18 12:10:13]  正在连接 QQ-主 邮箱服务器 (497720537@qq.com) ...
[2026-05-18 12:10:24]  QQ-主 因子处理主循环异常: [Errno 11001] getaddrinfo failed
[2026-05-18 12:10:34]  正在连接 QQ-备用 邮箱服务器 (shouqianbadavid@qq.com) ...
[2026-05-18 12:11:10]  正在连接 QQ-主 邮箱服务器 (497720537@qq.com) ...
[2026-05-18 12:11:11]  正在连接 QQ-备用 邮箱服务器 (shouqianbadavid@qq.com) ...
[2026-05-18 12:11:47]  正在连接 QQ-主 邮箱服务器 (497720537@qq.com) ...
[2026-05-18 12:11:48]  正在连接 QQ-备用 邮箱服务器 (shouqianbadavid@qq.com) ...
[2026-05-18 12:12:23]  正在连接 QQ-主 邮箱服务器 (497720537@qq.com) ...
[2026-05-18 12:12:24]  正在连接 QQ-备用 邮箱服务器 (shouqianbadavid@qq.com) ...
[2026-05-18 12:13:00]  正在连接 QQ-主 邮箱服务器 (497720537@qq.com) ...
[2026-05-18 12:13:01]  正在连接 QQ-备用 邮箱服务器 (shouqianbadavid@qq.com) ...
[2026-05-18 12:13:37]  正在连接 QQ-主 邮箱服务器 (497720537@qq.com) ...
[2026-05-18 12:13:38]  正在连接 QQ-备用 邮箱服务器 (shouqianbadavid@qq.com) ...
[2026-05-18 12:14:14]  正在连接 QQ-主 邮箱服务器 (497720537@qq.com) ...
[2026-05-18 12:14:14]  正在连接 QQ-备用 邮箱服务器 (shouqianbadavid@qq.com) ...
[2026-05-18 12:14:50]  正在连接 QQ-主 邮箱服务器 (497720537@qq.com) ...
[2026-05-18 12:14:51]  正在连接 QQ-备用 邮箱服务器 (shouqianbadavid@qq.com) ...
[2026-05-18 12:15:27]  正在连接 QQ-主 邮箱服务器 (497720537@qq.com) ...
[2026-05-18 12:15:27]  正在连接 QQ-备用 邮箱服务器 (shouqianbadavid@qq.com) ...
[2026-05-18 12:16:03]  正在连接 QQ-主 邮箱服务器 (497720537@qq.com) ...
[2026-05-18 12:16:03]  正在连接 QQ-备用 邮箱服务器 (shouqianbadavid@qq.com) ...
[2026-05-18 12:16:39]  正在连接 QQ-主 邮箱服务器 (497720537@qq.com) ...
[2026-05-18 12:16:40]  正在连接 QQ-备用 邮箱服务器 (shouqianbadavid@qq.com) ...
[2026-05-18 12:17:16]  正在连接 QQ-主 邮箱服务器 (497720537@qq.com) ...
[2026-05-18 12:17:16]  正在连接 QQ-备用 邮箱服务器 (shouqianbadavid@qq.com) ...
[2026-05-18 12:17:52]  正在连接 QQ-主 邮箱服务器 (497720537@qq.com) ...
[2026-05-18 12:17:56]  正在连接 QQ-备用 邮箱服务器 (shouqianbadavid@qq.com) ...
[2026-05-18 12:18:31]  正在连接 QQ-主 邮箱服务器 (497720537@qq.com) ...
[2026-05-18 12:18:32]  正在连接 QQ-备用 邮箱服务器 (shouqianbadavid@qq.com) ...
[2026-05-18 12:19:08]  正在连接 QQ-主 邮箱服务器 (497720537@qq.com) ...
[2026-05-18 12:19:09]  正在连接 QQ-备用 邮箱服务器 (shouqianbadavid@qq.com) ...
[2026-05-18 12:19:44]  正在连接 QQ-主 邮箱服务器 (497720537@qq.com) ...
[2026-05-18 12:19:45]  正在连接 QQ-备用 邮箱服务器 (shouqianbadavid@qq.com) ...
[2026-05-18 12:20:20]  正在连接 QQ-主 邮箱服务器 (497720537@qq.com) ...
[2026-05-18 12:20:21]  正在连接 QQ-备用 邮箱服务器 (shouqianbadavid@qq.com) ...
[2026-05-18 12:20:57]  正在连接 QQ-主 邮箱服务器 (497720537@qq.com) ...
[2026-05-18 12:20:58]  正在连接 QQ-备用 邮箱服务器 (shouqianbadavid@qq.com) ...
[2026-05-18 12:21:34]  正在连接 QQ-主 邮箱服务器 (497720537@qq.com) ...
[2026-05-18 12:21:34]  正在连接 QQ-备用 邮箱服务器 (shouqianbadavid@qq.com) ...
[2026-05-18 12:22:10]  正在连接 QQ-主 邮箱服务器 (497720537@qq.com) ...
[2026-05-18 12:22:11]  正在连接 QQ-备用 邮箱服务器 (shouqianbadavid@qq.com) ...
[2026-05-18 12:22:47]  正在连接 QQ-主 邮箱服务器 (497720537@qq.com) ...
[2026-05-18 12:22:47]  正在连接 QQ-备用 邮箱服务器 (shouqianbadavid@qq.com) ...
[2026-05-18 12:23:23]  正在连接 QQ-主 邮箱服务器 (497720537@qq.com) ...
[2026-05-18 12:23:24]  正在连接 QQ-备用 邮箱服务器 (shouqianbadavid@qq.com) ...
[2026-05-18 12:23:59]  正在连接 QQ-主 邮箱服务器 (497720537@qq.com) ...
[2026-05-18 12:24:00]  正在连接 QQ-备用 邮箱服务器 (shouqianbadavid@qq.com) ...
[2026-05-18 12:24:36]  正在连接 QQ-主 邮箱服务器 (497720537@qq.com) ...
[2026-05-18 12:24:37]  正在连接 QQ-备用 邮箱服务器 (shouqianbadavid@qq.com) ...
[2026-05-18 12:25:13]  正在连接 QQ-主 邮箱服务器 (497720537@qq.com) ...
[2026-05-18 12:25:14]  正在连接 QQ-备用 邮箱服务器 (shouqianbadavid@qq.com) ...
[2026-05-18 12:25:49]  正在连接 QQ-主 邮箱服务器 (497720537@qq.com) ...
[2026-05-18 12:25:50]  正在连接 QQ-备用 邮箱服务器 (shouqianbadavid@qq.com) ...
[2026-05-18 12:26:26]  正在连接 QQ-主 邮箱服务器 (497720537@qq.com) ...
[2026-05-18 12:26:26]  正在连接 QQ-备用 邮箱服务器 (shouqianbadavid@qq.com) ...
[2026-05-18 12:27:02]  正在连接 QQ-主 邮箱服务器 (497720537@qq.com) ...
[2026-05-18 12:27:02]  正在连接 QQ-备用 邮箱服务器 (shouqianbadavid@qq.com) ...
[2026-05-18 12:27:38]  正在连接 QQ-主 邮箱服务器 (497720537@qq.com) ...
[2026-05-18 12:27:39]  正在连接 QQ-备用 邮箱服务器 (shouqianbadavid@qq.com) ...
[2026-05-18 12:28:14]  正在连接 QQ-主 邮箱服务器 (497720537@qq.com) ...
[2026-05-18 12:28:15]  正在连接 QQ-备用 邮箱服务器 (shouqianbadavid@qq.com) ...
[2026-05-18 12:28:51]  正在连接 QQ-主 邮箱服务器 (497720537@qq.com) ...
[2026-05-18 12:28:51]  正在连接 QQ-备用 邮箱服务器 (shouqianbadavid@qq.com) ...
[2026-05-18 12:29:27]  正在连接 QQ-主 邮箱服务器 (497720537@qq.com) ...
[2026-05-18 12:29:28]  正在连接 QQ-备用 邮箱服务器 (shouqianbadavid@qq.com) ...
[2026-05-18 12:30:03]  正在连接 QQ-主 邮箱服务器 (497720537@qq.com) ...
[2026-05-18 12:30:04]  正在连接 QQ-备用 邮箱服务器 (shouqianbadavid@qq.com) ...
[2026-05-18 12:30:40]  正在连接 QQ-主 邮箱服务器 (497720537@qq.com) ...
[2026-05-18 12:30:41]  正在连接 QQ-备用 邮箱服务器 (shouqianbadavid@qq.com) ...
[2026-05-18 12:31:17]  正在连接 QQ-主 邮箱服务器 (497720537@qq.com) ...
[2026-05-18 12:31:17]  正在连接 QQ-备用 邮箱服务器 (shouqianbadavid@qq.com) ...
[2026-05-18 12:31:53]  正在连接 QQ-主 邮箱服务器 (497720537@qq.com) ...
[2026-05-18 12:31:54]  正在连接 QQ-备用 邮箱服务器 (shouqianbadavid@qq.com) ...
[2026-05-18 12:32:30]  正在连接 QQ-主 邮箱服务器 (497720537@qq.com) ...
[2026-05-18 12:32:31]  正在连接 QQ-备用 邮箱服务器 (shouqianbadavid@qq.com) ...
[2026-05-18 12:33:07]  正在连接 QQ-主 邮箱服务器 (497720537@qq.com) ...
[2026-05-18 12:33:07]  正在连接 QQ-备用 邮箱服务器 (shouqianbadavid@qq.com) ...
[2026-05-18 12:33:43]  正在连接 QQ-主 邮箱服务器 (497720537@qq.com) ...
[2026-05-18 12:33:44]  正在连接 QQ-备用 邮箱服务器 (shouqianbadavid@qq.com) ...
[2026-05-18 12:34:20]  正在连接 QQ-主 邮箱服务器 (497720537@qq.com) ...
[2026-05-18 12:34:20]  正在连接 QQ-备用 邮箱服务器 (shouqianbadavid@qq.com) ...
[2026-05-18 12:34:56]  正在连接 QQ-主 邮箱服务器 (497720537@qq.com) ...
[2026-05-18 12:34:56]  正在连接 QQ-备用 邮箱服务器 (shouqianbadavid@qq.com) ...
[2026-05-18 12:35:32]  正在连接 QQ-主 邮箱服务器 (497720537@qq.com) ...
[2026-05-18 12:35:33]  正在连接 QQ-备用 邮箱服务器 (shouqianbadavid@qq.com) ...
[2026-05-18 12:36:09]  正在连接 QQ-主 邮箱服务器 (497720537@qq.com) ...
[2026-05-18 12:36:20]  QQ-主 因子处理主循环异常: [Errno 11001] getaddrinfo failed
[2026-05-18 12:36:30]  正在连接 QQ-备用 邮箱服务器 (shouqianbadavid@qq.com) ...
[2026-05-18 12:37:13]  正在连接 QQ-主 邮箱服务器 (497720537@qq.com) ...
[2026-05-18 12:37:13]  正在连接 QQ-备用 邮箱服务器 (shouqianbadavid@qq.com) ...
[2026-05-18 12:37:49]  正在连接 QQ-主 邮箱服务器 (497720537@qq.com) ...
[2026-05-18 12:37:49]  正在连接 QQ-备用 邮箱服务器 (shouqianbadavid@qq.com) ...
[2026-05-18 12:38:25]  正在连接 QQ-主 邮箱服务器 (497720537@qq.com) ...
[2026-05-18 12:38:26]  正在连接 QQ-备用 邮箱服务器 (shouqianbadavid@qq.com) ...
[2026-05-18 12:39:02]  正在连接 QQ-主 邮箱服务器 (497720537@qq.com) ...
[2026-05-18 12:39:02]  正在连接 QQ-备用 邮箱服务器 (shouqianbadavid@qq.com) ...
[2026-05-18 12:39:38]  正在连接 QQ-主 邮箱服务器 (497720537@qq.com) ...
[2026-05-18 12:39:39]  正在连接 QQ-备用 邮箱服务器 (shouqianbadavid@qq.com) ...
[2026-05-18 12:40:15]  正在连接 QQ-主 邮箱服务器 (497720537@qq.com) ...
[2026-05-18 12:40:26]  QQ-主 因子处理主循环异常: [Errno 11001] getaddrinfo failed
[2026-05-18 12:40:36]  正在连接 QQ-备用 邮箱服务器 (shouqianbadavid@qq.com) ...
[2026-05-18 12:41:11]  正在连接 QQ-主 邮箱服务器 (497720537@qq.com) ...
[2026-05-18 12:41:12]  正在连接 QQ-备用 邮箱服务器 (shouqianbadavid@qq.com) ...
[2026-05-18 12:41:48]  正在连接 QQ-主 邮箱服务器 (497720537@qq.com) ...
[2026-05-18 12:41:49]  正在连接 QQ-备用 邮箱服务器 (shouqianbadavid@qq.com) ...
[2026-05-18 12:42:24]  正在连接 QQ-主 邮箱服务器 (497720537@qq.com) ...
[2026-05-18 12:42:25]  正在连接 QQ-备用 邮箱服务器 (shouqianbadavid@qq.com) ...
[2026-05-18 12:43:01]  正在连接 QQ-主 邮箱服务器 (497720537@qq.com) ...
[2026-05-18 12:43:01]  正在连接 QQ-备用 邮箱服务器 (shouqianbadavid@qq.com) ...
[2026-05-18 12:43:37]  正在连接 QQ-主 邮箱服务器 (497720537@qq.com) ...
[2026-05-18 12:43:38]  正在连接 QQ-备用 邮箱服务器 (shouqianbadavid@qq.com) ...
[2026-05-18 12:44:13]  正在连接 QQ-主 邮箱服务器 (497720537@qq.com) ...
[2026-05-18 12:44:14]  正在连接 QQ-备用 邮箱服务器 (shouqianbadavid@qq.com) ...
[2026-05-18 12:44:50]  正在连接 QQ-主 邮箱服务器 (497720537@qq.com) ...
[2026-05-18 12:44:50]  正在连接 QQ-备用 邮箱服务器 (shouqianbadavid@qq.com) ...
[2026-05-18 12:45:26]  正在连接 QQ-主 邮箱服务器 (497720537@qq.com) ...
[2026-05-18 12:45:27]  正在连接 QQ-备用 邮箱服务器 (shouqianbadavid@qq.com) ...
[2026-05-18 12:46:03]  正在连接 QQ-主 邮箱服务器 (497720537@qq.com) ...
[2026-05-18 12:46:04]  正在连接 QQ-备用 邮箱服务器 (shouqianbadavid@qq.com) ...
[2026-05-18 12:46:40]  正在连接 QQ-主 邮箱服务器 (497720537@qq.com) ...
[2026-05-18 12:46:41]  正在连接 QQ-备用 邮箱服务器 (shouqianbadavid@qq.com) ...
[2026-05-18 12:47:16]  正在连接 QQ-主 邮箱服务器 (497720537@qq.com) ...
[2026-05-18 12:47:17]  正在连接 QQ-备用 邮箱服务器 (shouqianbadavid@qq.com) ...
[2026-05-18 12:47:52]  正在连接 QQ-主 邮箱服务器 (497720537@qq.com) ...
[2026-05-18 12:47:53]  正在连接 QQ-备用 邮箱服务器 (shouqianbadavid@qq.com) ...
[2026-05-18 12:48:29]  正在连接 QQ-主 邮箱服务器 (497720537@qq.com) ...
[2026-05-18 12:48:30]  正在连接 QQ-备用 邮箱服务器 (shouqianbadavid@qq.com) ...
[2026-05-18 12:49:06]  正在连接 QQ-主 邮箱服务器 (497720537@qq.com) ...
[2026-05-18 12:49:06]  正在连接 QQ-备用 邮箱服务器 (shouqianbadavid@qq.com) ...
[2026-05-18 12:49:42]  正在连接 QQ-主 邮箱服务器 (497720537@qq.com) ...
[2026-05-18 12:49:43]  正在连接 QQ-备用 邮箱服务器 (shouqianbadavid@qq.com) ...
[2026-05-18 12:50:19]  正在连接 QQ-主 邮箱服务器 (497720537@qq.com) ...
[2026-05-18 12:50:20]  正在连接 QQ-备用 邮箱服务器 (shouqianbadavid@qq.com) ...
[2026-05-18 12:50:55]  正在连接 QQ-主 邮箱服务器 (497720537@qq.com) ...
[2026-05-18 12:50:56]  正在连接 QQ-备用 邮箱服务器 (shouqianbadavid@qq.com) ...
[2026-05-18 12:51:32]  正在连接 QQ-主 邮箱服务器 (497720537@qq.com) ...
[2026-05-18 12:51:38]  正在连接 QQ-备用 邮箱服务器 (shouqianbadavid@qq.com) ...
[2026-05-18 12:52:14]  正在连接 QQ-主 邮箱服务器 (497720537@qq.com) ...
[2026-05-18 12:52:15]  正在连接 QQ-备用 邮箱服务器 (shouqianbadavid@qq.com) ...
[2026-05-18 12:52:51]  正在连接 QQ-主 邮箱服务器 (497720537@qq.com) ...
[2026-05-18 12:52:52]  正在连接 QQ-备用 邮箱服务器 (shouqianbadavid@qq.com) ...
[2026-05-18 12:53:27]  正在连接 QQ-主 邮箱服务器 (497720537@qq.com) ...
[2026-05-18 12:53:28]  正在连接 QQ-备用 邮箱服务器 (shouqianbadavid@qq.com) ...
[2026-05-18 12:54:04]  正在连接 QQ-主 邮箱服务器 (497720537@qq.com) ...
[2026-05-18 12:54:05]  正在连接 QQ-备用 邮箱服务器 (shouqianbadavid@qq.com) ...
[2026-05-18 12:54:41]  正在连接 QQ-主 邮箱服务器 (497720537@qq.com) ...
[2026-05-18 12:54:41]  正在连接 QQ-备用 邮箱服务器 (shouqianbadavid@qq.com) ...
[2026-05-18 12:55:17]  正在连接 QQ-主 邮箱服务器 (497720537@qq.com) ...
[2026-05-18 12:55:28]  QQ-主 因子处理主循环异常: [Errno 11001] getaddrinfo failed
[2026-05-18 12:55:38]  正在连接 QQ-备用 邮箱服务器 (shouqianbadavid@qq.com) ...
[2026-05-18 12:56:14]  正在连接 QQ-主 邮箱服务器 (497720537@qq.com) ...
[2026-05-18 12:56:15]  正在连接 QQ-备用 邮箱服务器 (shouqianbadavid@qq.com) ...
[2026-05-18 12:56:51]  正在连接 QQ-主 邮箱服务器 (497720537@qq.com) ...
[2026-05-18 12:56:51]  正在连接 QQ-备用 邮箱服务器 (shouqianbadavid@qq.com) ...
[2026-05-18 12:57:27]  正在连接 QQ-主 邮箱服务器 (497720537@qq.com) ...
[2026-05-18 12:57:28]  正在连接 QQ-备用 邮箱服务器 (shouqianbadavid@qq.com) ...
[2026-05-18 12:58:03]  正在连接 QQ-主 邮箱服务器 (497720537@qq.com) ...
[2026-05-18 12:58:04]  正在连接 QQ-备用 邮箱服务器 (shouqianbadavid@qq.com) ...
[2026-05-18 12:58:40]  正在连接 QQ-主 邮箱服务器 (497720537@qq.com) ...
[2026-05-18 12:58:41]  正在连接 QQ-备用 邮箱服务器 (shouqianbadavid@qq.com) ...
[2026-05-18 12:59:17]  正在连接 QQ-主 邮箱服务器 (497720537@qq.com) ...
[2026-05-18 12:59:17]  正在连接 QQ-备用 邮箱服务器 (shouqianbadavid@qq.com) ...
[2026-05-18 12:59:53]  正在连接 QQ-主 邮箱服务器 (497720537@qq.com) ...
[2026-05-18 12:59:54]  正在连接 QQ-备用 邮箱服务器 (shouqianbadavid@qq.com) ...
[2026-05-18 13:00:30]  正在连接 QQ-主 邮箱服务器 (497720537@qq.com) ...
[2026-05-18 13:00:30]  正在连接 QQ-备用 邮箱服务器 (shouqianbadavid@qq.com) ...
[2026-05-18 13:01:06]  正在连接 QQ-主 邮箱服务器 (497720537@qq.com) ...
[2026-05-18 13:01:07]  正在连接 QQ-备用 邮箱服务器 (shouqianbadavid@qq.com) ...
[2026-05-18 13:01:42]  正在连接 QQ-主 邮箱服务器 (497720537@qq.com) ...
[2026-05-18 13:01:43]  正在连接 QQ-备用 邮箱服务器 (shouqianbadavid@qq.com) ...
[2026-05-18 13:02:19]  正在连接 QQ-主 邮箱服务器 (497720537@qq.com) ...
[2026-05-18 13:02:30]  QQ-主 因子处理主循环异常: [Errno 11001] getaddrinfo failed
[2026-05-18 13:02:40]  正在连接 QQ-备用 邮箱服务器 (shouqianbadavid@qq.com) ...
[2026-05-18 13:02:41]  QQ-备用 因子处理主循环异常: [Errno 11001] getaddrinfo failed
[2026-05-18 13:03:26]  正在连接 QQ-主 邮箱服务器 (497720537@qq.com) ...
[2026-05-18 13:03:26]  正在连接 QQ-备用 邮箱服务器 (shouqianbadavid@qq.com) ...
[2026-05-18 13:04:02]  正在连接 QQ-主 邮箱服务器 (497720537@qq.com) ...
[2026-05-18 13:04:03]  正在连接 QQ-备用 邮箱服务器 (shouqianbadavid@qq.com) ...
[2026-05-18 13:04:39]  正在连接 QQ-主 邮箱服务器 (497720537@qq.com) ...
[2026-05-18 13:04:40]  正在连接 QQ-备用 邮箱服务器 (shouqianbadavid@qq.com) ...
[2026-05-18 13:05:16]  正在连接 QQ-主 邮箱服务器 (497720537@qq.com) ...
[2026-05-18 13:05:16]  正在连接 QQ-备用 邮箱服务器 (shouqianbadavid@qq.com) ...
[2026-05-18 13:05:52]  正在连接 QQ-主 邮箱服务器 (497720537@qq.com) ...
[2026-05-18 13:05:52]  正在连接 QQ-备用 邮箱服务器 (shouqianbadavid@qq.com) ...
[2026-05-18 13:06:28]  正在连接 QQ-主 邮箱服务器 (497720537@qq.com) ...
[2026-05-18 13:06:29]  正在连接 QQ-备用 邮箱服务器 (shouqianbadavid@qq.com) ...
[2026-05-18 13:07:04]  正在连接 QQ-主 邮箱服务器 (497720537@qq.com) ...
[2026-05-18 13:07:05]  正在连接 QQ-备用 邮箱服务器 (shouqianbadavid@qq.com) ...
[2026-05-18 13:07:41]  正在连接 QQ-主 邮箱服务器 (497720537@qq.com) ...
[2026-05-18 13:07:41]  正在连接 QQ-备用 邮箱服务器 (shouqianbadavid@qq.com) ...
[2026-05-18 13:08:17]  正在连接 QQ-主 邮箱服务器 (497720537@qq.com) ...
[2026-05-18 13:08:17]  QQ-主 正在解析因子: =?utf-8?b?QWxwaGFQaWxvdCDlrp7ml7bkv6Hlj7cgKGFscGhhX3NpZ25hbF90aHJfMjAyNjA1MThfMTMwNy5qc29uKSBb5Li7UVEt5a+55aSWXQ==?=
[2026-05-18 13:08:17]  发现表格，共 10 行数据
[2026-05-18 13:08:17]  动态索引映射: ['股票代码', '股票名称', '信号', '当前价格', '量比', '来源过滤']
[2026-05-18 13:08:17]  [行1] 解析成功: SZSE.300285 [国瓷材料] BUY @ 39.28 (VR:0.28)
[2026-05-18 13:08:17]  [行2] 解析成功: SZSE.002015 [协鑫能科] BUY @ 21.72 (VR:0.41)
[2026-05-18 13:08:17]  [行3] 解析成功: SZSE.301226 [祥明智能] SELL @ 41.66 (VR:0.02)
[2026-05-18 13:08:17]  [行4] 解析成功: SHSE.600722 [金牛化工] BUY @ 12.75 (VR:0.08)
[2026-05-18 13:08:17]  [行5] 解析成功: SHSE.601016 [节能风电] SELL @ 5.06 (VR:0.05)
[2026-05-18 13:08:17]  [行6] 解析成功: SZSE.300285 [国瓷材料] BUY @ 39.33 (VR:0.6)
[2026-05-18 13:08:17]  [行7] 解析成功: SZSE.002015 [协鑫能科] BUY @ 21.94 (VR:1.41)
[2026-05-18 13:08:17]  [行8] 解析成功: SZSE.301226 [祥明智能] SELL @ 41.53 (VR:0.15)
[2026-05-18 13:08:17]  [行9] 解析成功: SHSE.600722 [金牛化工] BUY @ 12.79 (VR:0.18)
[2026-05-18 13:08:17]  [行10] 解析成功: SHSE.601016 [节能风电] SELL @ 5.03 (VR:0.69)
[2026-05-18 13:08:17] 成功保存 10 条因子至: signal_batch_20260518_130817_904703.txt
[2026-05-18 13:08:18]  QQ-主 邮件 3609 处理完成
[2026-05-18 13:08:18]  QQ-主 本轮共成功处理 1 封有效信号邮件
[2026-05-18 13:08:18]  正在连接 QQ-备用 邮箱服务器 (shouqianbadavid@qq.com) ...
[2026-05-18 13:08:19]  QQ-备用 正在解析因子: =?utf-8?b?QWxwaGFQaWxvdCDlpIfku73kv6Hlj7cgKGFscGhhX3NpZ25hbF90aHJfMjAyNjA1MThfMTMwNy5qc29uKSBb5aSHUVEt6Ieq5L+dXQ==?=
[2026-05-18 13:08:19]  发现表格，共 10 行数据
[2026-05-18 13:08:19]  动态索引映射: ['股票代码', '股票名称', '信号', '当前价格', '量比', '来源过滤']
[2026-05-18 13:08:19]  [行1] 解析成功: SZSE.300285 [国瓷材料] BUY @ 39.28 (VR:0.28)
[2026-05-18 13:08:19]  [行2] 解析成功: SZSE.002015 [协鑫能科] BUY @ 21.72 (VR:0.41)
[2026-05-18 13:08:19]  [行3] 解析成功: SZSE.301226 [祥明智能] SELL @ 41.66 (VR:0.02)
[2026-05-18 13:08:19]  [行4] 解析成功: SHSE.600722 [金牛化工] BUY @ 12.75 (VR:0.08)
[2026-05-18 13:08:19]  [行5] 解析成功: SHSE.601016 [节能风电] SELL @ 5.06 (VR:0.05)
[2026-05-18 13:08:19]  [行6] 解析成功: SZSE.300285 [国瓷材料] BUY @ 39.33 (VR:0.6)
[2026-05-18 13:08:19]  [行7] 解析成功: SZSE.002015 [协鑫能科] BUY @ 21.94 (VR:1.41)
[2026-05-18 13:08:19]  [行8] 解析成功: SZSE.301226 [祥明智能] SELL @ 41.53 (VR:0.15)
[2026-05-18 13:08:19]  [行9] 解析成功: SHSE.600722 [金牛化工] BUY @ 12.79 (VR:0.18)
[2026-05-18 13:08:19]  [行10] 解析成功: SHSE.601016 [节能风电] SELL @ 5.03 (VR:0.69)
[2026-05-18 13:08:19] 成功保存 10 条因子至: signal_batch_20260518_130819_194722.txt
[2026-05-18 13:08:19]  QQ-备用 邮件 911 处理完成
[2026-05-18 13:08:19]  QQ-备用 本轮共成功处理 1 封有效信号邮件
[2026-05-18 13:08:54]  正在连接 QQ-主 邮箱服务器 (497720537@qq.com) ...
[2026-05-18 13:08:55]  正在连接 QQ-备用 邮箱服务器 (shouqianbadavid@qq.com) ...
[2026-05-18 13:09:30]  正在连接 QQ-主 邮箱服务器 (497720537@qq.com) ...
[2026-05-18 13:09:31]  正在连接 QQ-备用 邮箱服务器 (shouqianbadavid@qq.com) ...
[2026-05-18 13:10:06]  正在连接 QQ-主 邮箱服务器 (497720537@qq.com) ...
[2026-05-18 13:10:12]  正在连接 QQ-备用 邮箱服务器 (shouqianbadavid@qq.com) ...
[2026-05-18 13:10:47]  正在连接 QQ-主 邮箱服务器 (497720537@qq.com) ...
[2026-05-18 13:10:48]  正在连接 QQ-备用 邮箱服务器 (shouqianbadavid@qq.com) ...
[2026-05-18 13:11:24]  正在连接 QQ-主 邮箱服务器 (497720537@qq.com) ...
[2026-05-18 13:11:25]  正在连接 QQ-备用 邮箱服务器 (shouqianbadavid@qq.com) ...
[2026-05-18 13:12:00]  正在连接 QQ-主 邮箱服务器 (497720537@qq.com) ...
[2026-05-18 13:12:01]  正在连接 QQ-备用 邮箱服务器 (shouqianbadavid@qq.com) ...
[2026-05-18 13:12:37]  正在连接 QQ-主 邮箱服务器 (497720537@qq.com) ...
[2026-05-18 13:12:37]  正在连接 QQ-备用 邮箱服务器 (shouqianbadavid@qq.com) ...
[2026-05-18 13:13:13]  正在连接 QQ-主 邮箱服务器 (497720537@qq.com) ...
[2026-05-18 13:13:13]  正在连接 QQ-备用 邮箱服务器 (shouqianbadavid@qq.com) ...
[2026-05-18 13:13:49]  正在连接 QQ-主 邮箱服务器 (497720537@qq.com) ...
[2026-05-18 13:13:50]  正在连接 QQ-备用 邮箱服务器 (shouqianbadavid@qq.com) ...
[2026-05-18 13:14:26]  正在连接 QQ-主 邮箱服务器 (497720537@qq.com) ...
[2026-05-18 13:14:26]  正在连接 QQ-备用 邮箱服务器 (shouqianbadavid@qq.com) ...
[2026-05-18 13:15:02]  正在连接 QQ-主 邮箱服务器 (497720537@qq.com) ...
[2026-05-18 13:15:02]  正在连接 QQ-备用 邮箱服务器 (shouqianbadavid@qq.com) ...
[2026-05-18 13:15:38]  正在连接 QQ-主 邮箱服务器 (497720537@qq.com) ...
[2026-05-18 13:15:38]  正在连接 QQ-备用 邮箱服务器 (shouqianbadavid@qq.com) ...
[2026-05-18 13:16:14]  正在连接 QQ-主 邮箱服务器 (497720537@qq.com) ...
[2026-05-18 13:16:15]  正在连接 QQ-备用 邮箱服务器 (shouqianbadavid@qq.com) ...
[2026-05-18 13:16:50]  正在连接 QQ-主 邮箱服务器 (497720537@qq.com) ...
[2026-05-18 13:16:51]  正在连接 QQ-备用 邮箱服务器 (shouqianbadavid@qq.com) ...
[2026-05-18 13:17:27]  正在连接 QQ-主 邮箱服务器 (497720537@qq.com) ...
[2026-05-18 13:17:27]  正在连接 QQ-备用 邮箱服务器 (shouqianbadavid@qq.com) ...
[2026-05-18 13:18:03]  正在连接 QQ-主 邮箱服务器 (497720537@qq.com) ...
[2026-05-18 13:18:03]  正在连接 QQ-备用 邮箱服务器 (shouqianbadavid@qq.com) ...
[2026-05-18 13:18:39]  正在连接 QQ-主 邮箱服务器 (497720537@qq.com) ...
[2026-05-18 13:18:40]  QQ-主 正在解析因子: =?utf-8?b?QWxwaGFQaWxvdCDlrp7ml7bkv6Hlj7cgKGFscGhhX3NpZ25hbF90aHJfMjAyNjA1MThfMTMxOC5qc29uKSBb5Li7UVEt5a+55aSWXQ==?=
[2026-05-18 13:18:40]  发现表格，共 16 行数据
[2026-05-18 13:18:40]  动态索引映射: ['股票代码', '股票名称', '信号', '当前价格', '量比', '来源过滤']
[2026-05-18 13:18:40]  [行1] 解析成功: SZSE.002498 [汉缆股份] SELL @ 9.64 (VR:0.02)
[2026-05-18 13:18:40]  [行2] 解析成功: SZSE.002364 [中恒电器] BUY @ 49.1 (VR:0.61)
[2026-05-18 13:18:40]  [行3] 解析成功: SZSE.000537 [绿发电力] BUY @ 11.17 (VR:0.54)
[2026-05-18 13:18:40]  [行4] 解析成功: SZSE.002046 [国机精工] SELL @ 53.0 (VR:0.62)
[2026-05-18 13:18:40]  [行5] 解析成功: SZSE.000536 [华映科技] BUY @ 3.93 (VR:0.95)
[2026-05-18 13:18:40]  [行6] 解析成功: SZSE.002240 [盛新锂能] SELL @ 51.4 (VR:0.49)
[2026-05-18 13:18:40]  [行7] 解析成功: SZSE.002285 [世联行] SELL @ 3.13 (VR:0.06)
[2026-05-18 13:18:40]  [行8] 解析成功: SHSE.688331 [荣昌生物] SELL @ 112.69 (VR:0.1)
[2026-05-18 13:18:40]  [行9] 解析成功: SZSE.002498 [汉缆股份] SELL @ 9.62 (VR:1.59)
[2026-05-18 13:18:40]  [行10] 解析成功: SZSE.002364 [中恒电器] BUY @ 49.57 (VR:0.25)
[2026-05-18 13:18:40]  [行11] 解析成功: SZSE.000537 [绿发电力] BUY @ 11.2 (VR:0.34)
[2026-05-18 13:18:40]  [行12] 解析成功: SZSE.002046 [国机精工] SELL @ 52.81 (VR:0.93)
[2026-05-18 13:18:40]  [行13] 解析成功: SZSE.000536 [华映科技] BUY @ 3.94 (VR:0.32)
[2026-05-18 13:18:40]  [行14] 解析成功: SZSE.002240 [盛新锂能] SELL @ 51.23 (VR:0.46)
[2026-05-18 13:18:40]  [行15] 解析成功: SZSE.002285 [世联行] SELL @ 3.12 (VR:0.01)
[2026-05-18 13:18:40]  [行16] 解析成功: SHSE.688331 [荣昌生物] SELL @ 112.48 (VR:0.31)
[2026-05-18 13:18:40] 成功保存 16 条因子至: signal_batch_20260518_131840_400664.txt
[2026-05-18 13:18:40]  QQ-主 邮件 3610 处理完成
[2026-05-18 13:18:40]  QQ-主 本轮共成功处理 1 封有效信号邮件
[2026-05-18 13:18:40]  正在连接 QQ-备用 邮箱服务器 (shouqianbadavid@qq.com) ...
[2026-05-18 13:18:41]  QQ-备用 正在解析因子: =?utf-8?b?QWxwaGFQaWxvdCDlpIfku73kv6Hlj7cgKGFscGhhX3NpZ25hbF90aHJfMjAyNjA1MThfMTMxOC5qc29uKSBb5aSHUVEt6Ieq5L+dXQ==?=
[2026-05-18 13:18:41]  发现表格，共 16 行数据
[2026-05-18 13:18:41]  动态索引映射: ['股票代码', '股票名称', '信号', '当前价格', '量比', '来源过滤']
[2026-05-18 13:18:41]  [行1] 解析成功: SZSE.002498 [汉缆股份] SELL @ 9.64 (VR:0.02)
[2026-05-18 13:18:41]  [行2] 解析成功: SZSE.002364 [中恒电器] BUY @ 49.1 (VR:0.61)
[2026-05-18 13:18:41]  [行3] 解析成功: SZSE.000537 [绿发电力] BUY @ 11.17 (VR:0.54)
[2026-05-18 13:18:41]  [行4] 解析成功: SZSE.002046 [国机精工] SELL @ 53.0 (VR:0.62)
[2026-05-18 13:18:41]  [行5] 解析成功: SZSE.000536 [华映科技] BUY @ 3.93 (VR:0.95)
[2026-05-18 13:18:41]  [行6] 解析成功: SZSE.002240 [盛新锂能] SELL @ 51.4 (VR:0.49)
[2026-05-18 13:18:41]  [行7] 解析成功: SZSE.002285 [世联行] SELL @ 3.13 (VR:0.06)
[2026-05-18 13:18:41]  [行8] 解析成功: SHSE.688331 [荣昌生物] SELL @ 112.69 (VR:0.1)
[2026-05-18 13:18:41]  [行9] 解析成功: SZSE.002498 [汉缆股份] SELL @ 9.62 (VR:1.59)
[2026-05-18 13:18:41]  [行10] 解析成功: SZSE.002364 [中恒电器] BUY @ 49.57 (VR:0.25)
[2026-05-18 13:18:41]  [行11] 解析成功: SZSE.000537 [绿发电力] BUY @ 11.2 (VR:0.34)
[2026-05-18 13:18:41]  [行12] 解析成功: SZSE.002046 [国机精工] SELL @ 52.81 (VR:0.93)
[2026-05-18 13:18:41]  [行13] 解析成功: SZSE.000536 [华映科技] BUY @ 3.94 (VR:0.32)
[2026-05-18 13:18:41]  [行14] 解析成功: SZSE.002240 [盛新锂能] SELL @ 51.23 (VR:0.46)
[2026-05-18 13:18:41]  [行15] 解析成功: SZSE.002285 [世联行] SELL @ 3.12 (VR:0.01)
[2026-05-18 13:18:41]  [行16] 解析成功: SHSE.688331 [荣昌生物] SELL @ 112.48 (VR:0.31)
[2026-05-18 13:18:41] 成功保存 16 条因子至: signal_batch_20260518_131841_736637.txt
[2026-05-18 13:18:41]  QQ-备用 邮件 912 处理完成
[2026-05-18 13:18:41]  QQ-备用 本轮共成功处理 1 封有效信号邮件
[2026-05-18 13:19:17]  正在连接 QQ-主 邮箱服务器 (497720537@qq.com) ...
[2026-05-18 13:19:17]  正在连接 QQ-备用 邮箱服务器 (shouqianbadavid@qq.com) ...
[2026-05-18 13:19:53]  正在连接 QQ-主 邮箱服务器 (497720537@qq.com) ...
[2026-05-18 13:19:54]  正在连接 QQ-备用 邮箱服务器 (shouqianbadavid@qq.com) ...
[2026-05-18 13:20:30]  正在连接 QQ-主 邮箱服务器 (497720537@qq.com) ...
[2026-05-18 13:20:30]  正在连接 QQ-备用 邮箱服务器 (shouqianbadavid@qq.com) ...
[2026-05-18 13:21:05]  正在连接 QQ-主 邮箱服务器 (497720537@qq.com) ...
[2026-05-18 13:21:06]  正在连接 QQ-备用 邮箱服务器 (shouqianbadavid@qq.com) ...
[2026-05-18 13:21:42]  正在连接 QQ-主 邮箱服务器 (497720537@qq.com) ...
[2026-05-18 13:21:42]  正在连接 QQ-备用 邮箱服务器 (shouqianbadavid@qq.com) ...
[2026-05-18 13:22:18]  正在连接 QQ-主 邮箱服务器 (497720537@qq.com) ...
[2026-05-18 13:22:19]  正在连接 QQ-备用 邮箱服务器 (shouqianbadavid@qq.com) ...
[2026-05-18 13:22:54]  正在连接 QQ-主 邮箱服务器 (497720537@qq.com) ...
[2026-05-18 13:22:55]  正在连接 QQ-备用 邮箱服务器 (shouqianbadavid@qq.com) ...
[2026-05-18 13:23:31]  正在连接 QQ-主 邮箱服务器 (497720537@qq.com) ...
[2026-05-18 13:23:32]  正在连接 QQ-备用 邮箱服务器 (shouqianbadavid@qq.com) ...
[2026-05-18 13:24:08]  正在连接 QQ-主 邮箱服务器 (497720537@qq.com) ...
[2026-05-18 13:24:08]  正在连接 QQ-备用 邮箱服务器 (shouqianbadavid@qq.com) ...
[2026-05-18 13:24:44]  正在连接 QQ-主 邮箱服务器 (497720537@qq.com) ...
[2026-05-18 13:24:44]  正在连接 QQ-备用 邮箱服务器 (shouqianbadavid@qq.com) ...
[2026-05-18 13:25:20]  正在连接 QQ-主 邮箱服务器 (497720537@qq.com) ...
[2026-05-18 13:25:21]  正在连接 QQ-备用 邮箱服务器 (shouqianbadavid@qq.com) ...
[2026-05-18 13:25:57]  正在连接 QQ-主 邮箱服务器 (497720537@qq.com) ...
[2026-05-18 13:25:58]  正在连接 QQ-备用 邮箱服务器 (shouqianbadavid@qq.com) ...
[2026-05-18 13:26:34]  正在连接 QQ-主 邮箱服务器 (497720537@qq.com) ...
[2026-05-18 13:26:34]  正在连接 QQ-备用 邮箱服务器 (shouqianbadavid@qq.com) ...
[2026-05-18 13:27:10]  正在连接 QQ-主 邮箱服务器 (497720537@qq.com) ...
[2026-05-18 13:27:10]  QQ-主 正在解析因子: =?utf-8?b?QWxwaGFQaWxvdCDlrp7ml7bkv6Hlj7cgKGFscGhhX3NpZ25hbF90aHJfMjAyNjA1MThfMTMyNy5qc29uKSBb5Li7UVEt5a+55aSWXQ==?=
[2026-05-18 13:27:10]  发现表格，共 12 行数据
[2026-05-18 13:27:10]  动态索引映射: ['股票代码', '股票名称', '信号', '当前价格', '量比', '来源过滤']
[2026-05-18 13:27:10]  [行1] 解析成功: SZSE.002202 [金风科技] SELL @ 25.9 (VR:0.29)
[2026-05-18 13:27:10]  [行2] 解析成功: SZSE.300207 [欣旺达] SELL @ 25.22 (VR:0.22)
[2026-05-18 13:27:10]  [行3] 解析成功: SZSE.300677 [英科医疗] BUY @ 51.55 (VR:0.38)
[2026-05-18 13:27:10]  [行4] 解析成功: SZSE.002506 [协鑫集成] SELL @ 4.34 (VR:0.04)
[2026-05-18 13:27:10]  [行5] 解析成功: SZSE.300449 [汉邦高科] SELL @ 9.69 (VR:2.53)
[2026-05-18 13:27:10]  [行6] 解析成功: SZSE.300054 [鼎龙股份] BUY @ 71.56 (VR:0.51)
[2026-05-18 13:27:10]  [行7] 解析成功: SZSE.002202 [金风科技] SELL @ 25.89 (VR:0.07)
[2026-05-18 13:27:10]  [行8] 解析成功: SZSE.300207 [欣旺达] SELL @ 25.15 (VR:0.39)
[2026-05-18 13:27:10]  [行9] 解析成功: SZSE.300677 [英科医疗] BUY @ 51.93 (VR:1.13)
[2026-05-18 13:27:10]  [行10] 解析成功: SZSE.002506 [协鑫集成] SELL @ 4.33 (VR:0.04)
[2026-05-18 13:27:10]  [行11] 解析成功: SZSE.300449 [汉邦高科] SELL @ 9.68 (VR:0.64)
[2026-05-18 13:27:10]  [行12] 解析成功: SZSE.300054 [鼎龙股份] BUY @ 71.86 (VR:0.41)
[2026-05-18 13:27:10] 成功保存 12 条因子至: signal_batch_20260518_132710_965520.txt
[2026-05-18 13:27:11]  QQ-主 邮件 3611 处理完成
[2026-05-18 13:27:11]  QQ-主 本轮共成功处理 1 封有效信号邮件
[2026-05-18 13:27:11]  正在连接 QQ-备用 邮箱服务器 (shouqianbadavid@qq.com) ...
[2026-05-18 13:27:11]  QQ-备用 正在解析因子: =?utf-8?b?QWxwaGFQaWxvdCDlpIfku73kv6Hlj7cgKGFscGhhX3NpZ25hbF90aHJfMjAyNjA1MThfMTMyNy5qc29uKSBb5aSHUVEt6Ieq5L+dXQ==?=
[2026-05-18 13:27:11]  发现表格，共 12 行数据
[2026-05-18 13:27:11]  动态索引映射: ['股票代码', '股票名称', '信号', '当前价格', '量比', '来源过滤']
[2026-05-18 13:27:11]  [行1] 解析成功: SZSE.002202 [金风科技] SELL @ 25.9 (VR:0.29)
[2026-05-18 13:27:11]  [行2] 解析成功: SZSE.300207 [欣旺达] SELL @ 25.22 (VR:0.22)
[2026-05-18 13:27:11]  [行3] 解析成功: SZSE.300677 [英科医疗] BUY @ 51.55 (VR:0.38)
[2026-05-18 13:27:11]  [行4] 解析成功: SZSE.002506 [协鑫集成] SELL @ 4.34 (VR:0.04)
[2026-05-18 13:27:11]  [行5] 解析成功: SZSE.300449 [汉邦高科] SELL @ 9.69 (VR:2.53)
[2026-05-18 13:27:11]  [行6] 解析成功: SZSE.300054 [鼎龙股份] BUY @ 71.56 (VR:0.51)
[2026-05-18 13:27:11]  [行7] 解析成功: SZSE.002202 [金风科技] SELL @ 25.89 (VR:0.07)
[2026-05-18 13:27:11]  [行8] 解析成功: SZSE.300207 [欣旺达] SELL @ 25.15 (VR:0.39)
[2026-05-18 13:27:11]  [行9] 解析成功: SZSE.300677 [英科医疗] BUY @ 51.93 (VR:1.13)
[2026-05-18 13:27:11]  [行10] 解析成功: SZSE.002506 [协鑫集成] SELL @ 4.33 (VR:0.04)
[2026-05-18 13:27:11]  [行11] 解析成功: SZSE.300449 [汉邦高科] SELL @ 9.68 (VR:0.64)
[2026-05-18 13:27:11]  [行12] 解析成功: SZSE.300054 [鼎龙股份] BUY @ 71.86 (VR:0.41)
[2026-05-18 13:27:11] 成功保存 12 条因子至: signal_batch_20260518_132711_974422.txt
[2026-05-18 13:27:12]  QQ-备用 邮件 913 处理完成
[2026-05-18 13:27:12]  QQ-备用 本轮共成功处理 1 封有效信号邮件
[2026-05-18 13:27:47]  正在连接 QQ-主 邮箱服务器 (497720537@qq.com) ...
[2026-05-18 13:27:47]  正在连接 QQ-备用 邮箱服务器 (shouqianbadavid@qq.com) ...
[2026-05-18 13:28:23]  正在连接 QQ-主 邮箱服务器 (497720537@qq.com) ...
[2026-05-18 13:28:24]  正在连接 QQ-备用 邮箱服务器 (shouqianbadavid@qq.com) ...
[2026-05-18 13:29:00]  正在连接 QQ-主 邮箱服务器 (497720537@qq.com) ...
[2026-05-18 13:29:00]  正在连接 QQ-备用 邮箱服务器 (shouqianbadavid@qq.com) ...
[2026-05-18 13:29:36]  正在连接 QQ-主 邮箱服务器 (497720537@qq.com) ...
[2026-05-18 13:29:38]  正在连接 QQ-备用 邮箱服务器 (shouqianbadavid@qq.com) ...
[2026-05-18 13:30:13]  正在连接 QQ-主 邮箱服务器 (497720537@qq.com) ...
[2026-05-18 13:30:14]  正在连接 QQ-备用 邮箱服务器 (shouqianbadavid@qq.com) ...
[2026-05-18 13:30:49]  正在连接 QQ-主 邮箱服务器 (497720537@qq.com) ...
[2026-05-18 13:30:50]  正在连接 QQ-备用 邮箱服务器 (shouqianbadavid@qq.com) ...
[2026-05-18 13:31:25]  正在连接 QQ-主 邮箱服务器 (497720537@qq.com) ...
[2026-05-18 13:31:26]  正在连接 QQ-备用 邮箱服务器 (shouqianbadavid@qq.com) ...
[2026-05-18 13:32:02]  正在连接 QQ-主 邮箱服务器 (497720537@qq.com) ...
[2026-05-18 13:32:03]  正在连接 QQ-备用 邮箱服务器 (shouqianbadavid@qq.com) ...
[2026-05-18 13:32:38]  正在连接 QQ-主 邮箱服务器 (497720537@qq.com) ...
[2026-05-18 13:32:39]  正在连接 QQ-备用 邮箱服务器 (shouqianbadavid@qq.com) ...
[2026-05-18 13:33:15]  正在连接 QQ-主 邮箱服务器 (497720537@qq.com) ...
[2026-05-18 13:33:15]  正在连接 QQ-备用 邮箱服务器 (shouqianbadavid@qq.com) ...
[2026-05-18 13:33:51]  正在连接 QQ-主 邮箱服务器 (497720537@qq.com) ...
[2026-05-18 13:33:52]  正在连接 QQ-备用 邮箱服务器 (shouqianbadavid@qq.com) ...
[2026-05-18 13:34:27]  正在连接 QQ-主 邮箱服务器 (497720537@qq.com) ...
[2026-05-18 13:34:28]  QQ-主 正在解析因子: =?utf-8?b?QWxwaGFQaWxvdCDlrp7ml7bkv6Hlj7cgKGFscGhhX3NpZ25hbF90aHJfMjAyNjA1MThfMTMzNC5qc29uKSBb5Li7UVEt5a+55aSWXQ==?=
[2026-05-18 13:34:28]  发现表格，共 14 行数据
[2026-05-18 13:34:28]  动态索引映射: ['股票代码', '股票名称', '信号', '当前价格', '量比', '来源过滤']
[2026-05-18 13:34:28]  [行1] 解析成功: SZSE.300722 [新余国科] BUY @ 26.4 (VR:0.11)
[2026-05-18 13:34:28]  [行2] 解析成功: SZSE.300641 [正丹股份] BUY @ 16.29 (VR:0.01)
[2026-05-18 13:34:28]  [行3] 解析成功: SZSE.301389 [隆扬电子] BUY @ 74.01 (VR:0.19)
[2026-05-18 13:34:28]  [行4] 解析成功: SHSE.603353 [和顺电气] BUY @ 45.6 (VR:2.62)
[2026-05-18 13:34:28]  [行5] 解析成功: SHSE.688700 [东威科技] SELL @ 73.45 (VR:0.07)
[2026-05-18 13:34:28]  [行6] 解析成功: SHSE.603538 [美诺华] BUY @ 50.36 (VR:0.07)
[2026-05-18 13:34:28]  [行7] 解析成功: SZSE.300243 [瑞丰光电] BUY @ 19.28 (VR:0.12)
[2026-05-18 13:34:28]  [行8] 解析成功: SZSE.300722 [新余国科] BUY @ 26.41 (VR:0.81)
[2026-05-18 13:34:28]  [行9] 解析成功: SZSE.300641 [正丹股份] BUY @ 16.31 (VR:0.12)
[2026-05-18 13:34:28]  [行10] 解析成功: SZSE.301389 [隆扬电子] BUY @ 74.26 (VR:0.4)
[2026-05-18 13:34:28]  [行11] 解析成功: SHSE.603353 [和顺电气] BUY @ 45.62 (VR:0.55)
[2026-05-18 13:34:28]  [行12] 解析成功: SHSE.688700 [东威科技] SELL @ 73.39 (VR:0.17)
[2026-05-18 13:34:28]  [行13] 解析成功: SHSE.603538 [美诺华] BUY @ 50.43 (VR:0.06)
[2026-05-18 13:34:28]  [行14] 解析成功: SZSE.300243 [瑞丰光电] BUY @ 19.34 (VR:0.07)
[2026-05-18 13:34:28] 成功保存 14 条因子至: signal_batch_20260518_133428_389365.txt
[2026-05-18 13:34:28]  QQ-主 邮件 3612 处理完成
[2026-05-18 13:34:28]  QQ-主 本轮共成功处理 1 封有效信号邮件
[2026-05-18 13:34:28]  正在连接 QQ-备用 邮箱服务器 (shouqianbadavid@qq.com) ...
[2026-05-18 13:34:29]  QQ-备用 正在解析因子: =?utf-8?b?QWxwaGFQaWxvdCDlpIfku73kv6Hlj7cgKGFscGhhX3NpZ25hbF90aHJfMjAyNjA1MThfMTMzNC5qc29uKSBb5aSHUVEt6Ieq5L+dXQ==?=
[2026-05-18 13:34:29]  发现表格，共 14 行数据
[2026-05-18 13:34:29]  动态索引映射: ['股票代码', '股票名称', '信号', '当前价格', '量比', '来源过滤']
[2026-05-18 13:34:29]  [行1] 解析成功: SZSE.300722 [新余国科] BUY @ 26.4 (VR:0.11)
[2026-05-18 13:34:29]  [行2] 解析成功: SZSE.300641 [正丹股份] BUY @ 16.29 (VR:0.01)
[2026-05-18 13:34:29]  [行3] 解析成功: SZSE.301389 [隆扬电子] BUY @ 74.01 (VR:0.19)
[2026-05-18 13:34:29]  [行4] 解析成功: SHSE.603353 [和顺电气] BUY @ 45.6 (VR:2.62)
[2026-05-18 13:34:29]  [行5] 解析成功: SHSE.688700 [东威科技] SELL @ 73.45 (VR:0.07)
[2026-05-18 13:34:29]  [行6] 解析成功: SHSE.603538 [美诺华] BUY @ 50.36 (VR:0.07)
[2026-05-18 13:34:29]  [行7] 解析成功: SZSE.300243 [瑞丰光电] BUY @ 19.28 (VR:0.12)
[2026-05-18 13:34:29]  [行8] 解析成功: SZSE.300722 [新余国科] BUY @ 26.41 (VR:0.81)
[2026-05-18 13:34:29]  [行9] 解析成功: SZSE.300641 [正丹股份] BUY @ 16.31 (VR:0.12)
[2026-05-18 13:34:29]  [行10] 解析成功: SZSE.301389 [隆扬电子] BUY @ 74.26 (VR:0.4)
[2026-05-18 13:34:29]  [行11] 解析成功: SHSE.603353 [和顺电气] BUY @ 45.62 (VR:0.55)
[2026-05-18 13:34:29]  [行12] 解析成功: SHSE.688700 [东威科技] SELL @ 73.39 (VR:0.17)
[2026-05-18 13:34:29]  [行13] 解析成功: SHSE.603538 [美诺华] BUY @ 50.43 (VR:0.06)
[2026-05-18 13:34:29]  [行14] 解析成功: SZSE.300243 [瑞丰光电] BUY @ 19.34 (VR:0.07)
[2026-05-18 13:34:29] 成功保存 14 条因子至: signal_batch_20260518_133429_630110.txt
[2026-05-18 13:34:29]  QQ-备用 邮件 914 处理完成
[2026-05-18 13:34:29]  QQ-备用 本轮共成功处理 1 封有效信号邮件
[2026-05-18 13:35:05]  正在连接 QQ-主 邮箱服务器 (497720537@qq.com) ...
[2026-05-18 13:35:05]  正在连接 QQ-备用 邮箱服务器 (shouqianbadavid@qq.com) ...
[2026-05-18 13:35:41]  正在连接 QQ-主 邮箱服务器 (497720537@qq.com) ...
[2026-05-18 13:35:41]  正在连接 QQ-备用 邮箱服务器 (shouqianbadavid@qq.com) ...
[2026-05-18 13:36:17]  正在连接 QQ-主 邮箱服务器 (497720537@qq.com) ...
[2026-05-18 13:36:21]  正在连接 QQ-备用 邮箱服务器 (shouqianbadavid@qq.com) ...
[2026-05-18 13:36:57]  正在连接 QQ-主 邮箱服务器 (497720537@qq.com) ...
[2026-05-18 13:36:58]  正在连接 QQ-备用 邮箱服务器 (shouqianbadavid@qq.com) ...
[2026-05-18 13:37:33]  正在连接 QQ-主 邮箱服务器 (497720537@qq.com) ...
[2026-05-18 13:37:34]  正在连接 QQ-备用 邮箱服务器 (shouqianbadavid@qq.com) ...
[2026-05-18 13:38:10]  正在连接 QQ-主 邮箱服务器 (497720537@qq.com) ...
[2026-05-18 13:38:11]  正在连接 QQ-备用 邮箱服务器 (shouqianbadavid@qq.com) ...
[2026-05-18 13:38:47]  正在连接 QQ-主 邮箱服务器 (497720537@qq.com) ...
[2026-05-18 13:38:47]  正在连接 QQ-备用 邮箱服务器 (shouqianbadavid@qq.com) ...
[2026-05-18 13:39:23]  正在连接 QQ-主 邮箱服务器 (497720537@qq.com) ...
[2026-05-18 13:39:24]  正在连接 QQ-备用 邮箱服务器 (shouqianbadavid@qq.com) ...
[2026-05-18 13:39:59]  正在连接 QQ-主 邮箱服务器 (497720537@qq.com) ...
[2026-05-18 13:40:00]  正在连接 QQ-备用 邮箱服务器 (shouqianbadavid@qq.com) ...
[2026-05-18 13:40:35]  正在连接 QQ-主 邮箱服务器 (497720537@qq.com) ...
[2026-05-18 13:40:36]  正在连接 QQ-备用 邮箱服务器 (shouqianbadavid@qq.com) ...
[2026-05-18 13:41:11]  正在连接 QQ-主 邮箱服务器 (497720537@qq.com) ...
[2026-05-18 13:41:12]  正在连接 QQ-备用 邮箱服务器 (shouqianbadavid@qq.com) ...
[2026-05-18 13:41:48]  正在连接 QQ-主 邮箱服务器 (497720537@qq.com) ...
[2026-05-18 13:41:48]  正在连接 QQ-备用 邮箱服务器 (shouqianbadavid@qq.com) ...
[2026-05-18 13:42:25]  正在连接 QQ-主 邮箱服务器 (497720537@qq.com) ...
[2026-05-18 13:42:25]  正在连接 QQ-备用 邮箱服务器 (shouqianbadavid@qq.com) ...
[2026-05-18 13:43:01]  正在连接 QQ-主 邮箱服务器 (497720537@qq.com) ...
[2026-05-18 13:43:02]  正在连接 QQ-备用 邮箱服务器 (shouqianbadavid@qq.com) ...
[2026-05-18 13:43:38]  正在连接 QQ-主 邮箱服务器 (497720537@qq.com) ...
[2026-05-18 13:43:38]  正在连接 QQ-备用 邮箱服务器 (shouqianbadavid@qq.com) ...
[2026-05-18 13:44:14]  正在连接 QQ-主 邮箱服务器 (497720537@qq.com) ...
[2026-05-18 13:44:14]  正在连接 QQ-备用 邮箱服务器 (shouqianbadavid@qq.com) ...
[2026-05-18 13:44:50]  正在连接 QQ-主 邮箱服务器 (497720537@qq.com) ...
[2026-05-18 13:44:51]  正在连接 QQ-备用 邮箱服务器 (shouqianbadavid@qq.com) ...
[2026-05-18 13:45:26]  正在连接 QQ-主 邮箱服务器 (497720537@qq.com) ...
[2026-05-18 13:45:27]  正在连接 QQ-备用 邮箱服务器 (shouqianbadavid@qq.com) ...
[2026-05-18 13:46:02]  正在连接 QQ-主 邮箱服务器 (497720537@qq.com) ...
[2026-05-18 13:46:03]  正在连接 QQ-备用 邮箱服务器 (shouqianbadavid@qq.com) ...
[2026-05-18 13:46:39]  正在连接 QQ-主 邮箱服务器 (497720537@qq.com) ...
[2026-05-18 13:46:40]  QQ-主 正在解析因子: =?utf-8?b?QWxwaGFQaWxvdCDlrp7ml7bkv6Hlj7cgKGFscGhhX3NpZ25hbF90aHJfMjAyNjA1MThfMTM0Ni5qc29uKSBb5Li7UVEt5a+55aSWXQ==?=
[2026-05-18 13:46:40]  发现表格，共 19 行数据
[2026-05-18 13:46:40]  动态索引映射: ['股票代码', '股票名称', '信号', '当前价格', '量比', '来源过滤']
[2026-05-18 13:46:40]  [行1] 解析成功: SZSE.300195 [长荣股份] BUY @ 6.93 (VR:3.82)
[2026-05-18 13:46:40]  [行2] 解析成功: SZSE.002015 [协鑫能科] BUY @ 21.57 (VR:0.14)
[2026-05-18 13:46:40]  [行3] 解析成功: SZSE.000533 [顺钠股份] BUY @ 13.35 (VR:0.26)
[2026-05-18 13:46:40]  [行4] 解析成功: SZSE.301226 [祥明智能] BUY @ 41.45 (VR:0.06)
[2026-05-18 13:46:40]  [行5] 解析成功: SHSE.688295 [奥林德] BUY @ 54.4 (VR:0.09)
[2026-05-18 13:46:40]  [行6] 解析成功: SHSE.600722 [金牛化工] SELL @ 12.87 (VR:0.06)
[2026-05-18 13:46:40]  [行7] 解析成功: SHSE.601016 [节能风电] BUY @ 5.02 (VR:0.06)
[2026-05-18 13:46:40]  [行8] 解析成功: SHSE.688295 [中复神鹰] BUY @ 54.4 (VR:0.51)
[2026-05-18 13:46:40]  [行9] 解析成功: SZSE.301281 [利源制药] BUY @ 38.22 (VR:0.03)
[2026-05-18 13:46:40]  [行10] 解析成功: SZSE.300195 [长荣股份] BUY @ 6.95 (VR:1.01)
[2026-05-18 13:46:40]  [行11] 解析成功: SZSE.002015 [协鑫能科] BUY @ 21.6 (VR:0.21)
[2026-05-18 13:46:40]  [行12] 解析成功: SZSE.000533 [顺钠股份] BUY @ 13.39 (VR:0.11)
[2026-05-18 13:46:40]  [行13] 解析成功: SZSE.301226 [祥明智能] BUY @ 41.49 (VR:0.09)
[2026-05-18 13:46:40]  [行14] 解析成功: SZSE.301667 [纳百川] SELL @ 104.37 (VR:1.02)
[2026-05-18 13:46:40]  [行15] 解析成功: SHSE.688295 [奥林德] BUY @ 54.41 (VR:0.47)
[2026-05-18 13:46:40]  [行16] 解析成功: SHSE.600722 [金牛化工] SELL @ 12.86 (VR:0.02)
[2026-05-18 13:46:40]  [行17] 解析成功: SHSE.601016 [节能风电] BUY @ 5.03 (VR:0.07)
[2026-05-18 13:46:40]  [行18] 解析成功: SHSE.688295 [中复神鹰] BUY @ 54.46 (VR:0.1)
[2026-05-18 13:46:40]  [行19] 解析成功: SZSE.301281 [利源制药] BUY @ 38.24 (VR:0.49)
[2026-05-18 13:46:40] 成功保存 19 条因子至: signal_batch_20260518_134640_403519.txt
[2026-05-18 13:46:40]  QQ-主 邮件 3613 处理完成
[2026-05-18 13:46:40]  QQ-主 本轮共成功处理 1 封有效信号邮件
[2026-05-18 13:46:41]  正在连接 QQ-备用 邮箱服务器 (shouqianbadavid@qq.com) ...
[2026-05-18 13:47:16]  正在连接 QQ-主 邮箱服务器 (497720537@qq.com) ...
[2026-05-18 13:47:17]  正在连接 QQ-备用 邮箱服务器 (shouqianbadavid@qq.com) ...
[2026-05-18 13:47:53]  正在连接 QQ-主 邮箱服务器 (497720537@qq.com) ...
[2026-05-18 13:47:53]  正在连接 QQ-备用 邮箱服务器 (shouqianbadavid@qq.com) ...
[2026-05-18 13:47:54]  QQ-备用 正在解析因子: =?utf-8?b?QWxwaGFQaWxvdCDlpIfku73kv6Hlj7cgKGFscGhhX3NpZ25hbF90aHJfMjAyNjA1MThfMTM0Ni5qc29uKSBb5aSHUVEt6Ieq5L+dXQ==?=
[2026-05-18 13:47:54]  发现表格，共 19 行数据
[2026-05-18 13:47:54]  动态索引映射: ['股票代码', '股票名称', '信号', '当前价格', '量比', '来源过滤']
[2026-05-18 13:47:54]  [行1] 解析成功: SZSE.300195 [长荣股份] BUY @ 6.93 (VR:3.82)
[2026-05-18 13:47:54]  [行2] 解析成功: SZSE.002015 [协鑫能科] BUY @ 21.57 (VR:0.14)
[2026-05-18 13:47:54]  [行3] 解析成功: SZSE.000533 [顺钠股份] BUY @ 13.35 (VR:0.26)
[2026-05-18 13:47:54]  [行4] 解析成功: SZSE.301226 [祥明智能] BUY @ 41.45 (VR:0.06)
[2026-05-18 13:47:54]  [行5] 解析成功: SHSE.688295 [奥林德] BUY @ 54.4 (VR:0.09)
[2026-05-18 13:47:54]  [行6] 解析成功: SHSE.600722 [金牛化工] SELL @ 12.87 (VR:0.06)
[2026-05-18 13:47:54]  [行7] 解析成功: SHSE.601016 [节能风电] BUY @ 5.02 (VR:0.06)
[2026-05-18 13:47:54]  [行8] 解析成功: SHSE.688295 [中复神鹰] BUY @ 54.4 (VR:0.51)
[2026-05-18 13:47:54]  [行9] 解析成功: SZSE.301281 [利源制药] BUY @ 38.22 (VR:0.03)
[2026-05-18 13:47:54]  [行10] 解析成功: SZSE.300195 [长荣股份] BUY @ 6.95 (VR:1.01)
[2026-05-18 13:47:54]  [行11] 解析成功: SZSE.002015 [协鑫能科] BUY @ 21.6 (VR:0.21)
[2026-05-18 13:47:54]  [行12] 解析成功: SZSE.000533 [顺钠股份] BUY @ 13.39 (VR:0.11)
[2026-05-18 13:47:54]  [行13] 解析成功: SZSE.301226 [祥明智能] BUY @ 41.49 (VR:0.09)
[2026-05-18 13:47:54]  [行14] 解析成功: SZSE.301667 [纳百川] SELL @ 104.37 (VR:1.02)
[2026-05-18 13:47:54]  [行15] 解析成功: SHSE.688295 [奥林德] BUY @ 54.41 (VR:0.47)
[2026-05-18 13:47:54]  [行16] 解析成功: SHSE.600722 [金牛化工] SELL @ 12.86 (VR:0.02)
[2026-05-18 13:47:54]  [行17] 解析成功: SHSE.601016 [节能风电] BUY @ 5.03 (VR:0.07)
[2026-05-18 13:47:54]  [行18] 解析成功: SHSE.688295 [中复神鹰] BUY @ 54.46 (VR:0.1)
[2026-05-18 13:47:54]  [行19] 解析成功: SZSE.301281 [利源制药] BUY @ 38.24 (VR:0.49)
[2026-05-18 13:47:54] 成功保存 19 条因子至: signal_batch_20260518_134754_805587.txt
[2026-05-18 13:47:55]  QQ-备用 邮件 915 处理完成
[2026-05-18 13:47:55]  QQ-备用 本轮共成功处理 1 封有效信号邮件
[2026-05-18 13:48:30]  正在连接 QQ-主 邮箱服务器 (497720537@qq.com) ...
[2026-05-18 13:48:31]  正在连接 QQ-备用 邮箱服务器 (shouqianbadavid@qq.com) ...
[2026-05-18 13:49:06]  正在连接 QQ-主 邮箱服务器 (497720537@qq.com) ...
[2026-05-18 13:49:07]  正在连接 QQ-备用 邮箱服务器 (shouqianbadavid@qq.com) ...
[2026-05-18 13:49:43]  正在连接 QQ-主 邮箱服务器 (497720537@qq.com) ...
[2026-05-18 13:49:43]  正在连接 QQ-备用 邮箱服务器 (shouqianbadavid@qq.com) ...
[2026-05-18 13:50:19]  正在连接 QQ-主 邮箱服务器 (497720537@qq.com) ...
[2026-05-18 13:50:20]  正在连接 QQ-备用 邮箱服务器 (shouqianbadavid@qq.com) ...
[2026-05-18 13:50:55]  正在连接 QQ-主 邮箱服务器 (497720537@qq.com) ...
[2026-05-18 13:50:56]  正在连接 QQ-备用 邮箱服务器 (shouqianbadavid@qq.com) ...
[2026-05-18 13:51:31]  正在连接 QQ-主 邮箱服务器 (497720537@qq.com) ...
[2026-05-18 13:51:32]  正在连接 QQ-备用 邮箱服务器 (shouqianbadavid@qq.com) ...
[2026-05-18 13:52:08]  正在连接 QQ-主 邮箱服务器 (497720537@qq.com) ...
[2026-05-18 13:52:08]  正在连接 QQ-备用 邮箱服务器 (shouqianbadavid@qq.com) ...
[2026-05-18 13:52:44]  正在连接 QQ-主 邮箱服务器 (497720537@qq.com) ...
[2026-05-18 13:52:44]  正在连接 QQ-备用 邮箱服务器 (shouqianbadavid@qq.com) ...
[2026-05-18 13:53:20]  正在连接 QQ-主 邮箱服务器 (497720537@qq.com) ...
[2026-05-18 13:53:21]  正在连接 QQ-备用 邮箱服务器 (shouqianbadavid@qq.com) ...
[2026-05-18 13:53:56]  正在连接 QQ-主 邮箱服务器 (497720537@qq.com) ...
[2026-05-18 13:53:57]  正在连接 QQ-备用 邮箱服务器 (shouqianbadavid@qq.com) ...
[2026-05-18 13:54:33]  正在连接 QQ-主 邮箱服务器 (497720537@qq.com) ...
[2026-05-18 13:54:33]  正在连接 QQ-备用 邮箱服务器 (shouqianbadavid@qq.com) ...
[2026-05-18 13:55:09]  正在连接 QQ-主 邮箱服务器 (497720537@qq.com) ...
[2026-05-18 13:55:11]  正在连接 QQ-备用 邮箱服务器 (shouqianbadavid@qq.com) ...
[2026-05-18 13:55:47]  正在连接 QQ-主 邮箱服务器 (497720537@qq.com) ...
[2026-05-18 13:55:47]  正在连接 QQ-备用 邮箱服务器 (shouqianbadavid@qq.com) ...
[2026-05-18 13:56:23]  正在连接 QQ-主 邮箱服务器 (497720537@qq.com) ...
[2026-05-18 13:56:24]  正在连接 QQ-备用 邮箱服务器 (shouqianbadavid@qq.com) ...
[2026-05-18 13:56:59]  正在连接 QQ-主 邮箱服务器 (497720537@qq.com) ...
[2026-05-18 13:57:00]  正在连接 QQ-备用 邮箱服务器 (shouqianbadavid@qq.com) ...
[2026-05-18 13:57:35]  正在连接 QQ-主 邮箱服务器 (497720537@qq.com) ...
[2026-05-18 13:57:36]  正在连接 QQ-备用 邮箱服务器 (shouqianbadavid@qq.com) ...
[2026-05-18 13:58:12]  正在连接 QQ-主 邮箱服务器 (497720537@qq.com) ...
[2026-05-18 13:58:13]  正在连接 QQ-备用 邮箱服务器 (shouqianbadavid@qq.com) ...
[2026-05-18 13:58:48]  正在连接 QQ-主 邮箱服务器 (497720537@qq.com) ...
[2026-05-18 13:58:49]  正在连接 QQ-备用 邮箱服务器 (shouqianbadavid@qq.com) ...
[2026-05-18 13:59:24]  正在连接 QQ-主 邮箱服务器 (497720537@qq.com) ...
[2026-05-18 13:59:25]  正在连接 QQ-备用 邮箱服务器 (shouqianbadavid@qq.com) ...
[2026-05-18 14:00:01]  正在连接 QQ-主 邮箱服务器 (497720537@qq.com) ...
[2026-05-18 14:00:01]  QQ-主 正在解析因子: =?UTF-8?B?5YWz5LqOIEJlbiBQaW5nIOWSjOWFtuS7lg==?=
 =?UTF-8?B?5aW95Y+L77yaMyDmnaHmtojmga/jgIHlj6blpJYgOTkg?=
 =?UTF-8?B?5p2h5paw6YCa55+l44CBNCDkuKrliqDlpb3lj4vor7fmsYLjgIEy?=
 =?UTF-8?B?MCDkuKrnhafniYfmoIforrDlkow1MyDpobnlr4blj4vliqg=?=
 =?UTF-8?B?5oCB5pu05paw44CC?=
[2026-05-18 14:00:01]  发现表格，共 54 行数据
[2026-05-18 14:00:01]  表头映射失败，未找到指定列名。当前表头: ['David Liang，请查看有关 Ben Ping 和 Jojo Liang 的未读消息和其他通知。\u200c\u2003 \u200c\u2003 \u200c\u2003 \u200c\u2003 \u200c\u2003 \u200c\u2003 \u200c\u2003 \u200c\u2003 \u200c\u2003 \u200c\u2003 \u200c\u2003 \u200c\u2003 \u200c\u2003 \u200c\u2003 \u200c\u2003 \u200c\u2003 \u200c\u2003 \u200c\u2003 \u200c\u2003 \u200c\u2003 \u200c\u2003 \u200c\u2003 \u200c\u2003 \u200c\u2003 \u200c\u2003 \u200c\u2003 \u200c\u2003 \u200c\u2003 \u200c\u2003 \u200c\u2003 \u200c\u2003 \u200c\u2003 \u200c\u2003 \u200c\u2003 \u200c\u2003 \u200c\u2003 \u200c\u2003 \u200c\u2003 \u200c\u2003 \u200c\u2003 \u200c\u2003 \u200c\u2003 \u200c\u2003 \u200c\u2003 \u200c\u2003 \u200c\u2003 \u200c\u2003 \u200c\u2003 \u200c\u2003 \u200c\u2003 \u200c\u2003 \u200c\u2003 \u200c\u2003 \u200c\u2003 \u200c\u2003 \u200c\u2003 \u200c\u2003 \u200c\u2003 \u200c\u2003 \u200c\u2003 \u200c\u2003 \u200c\u2003 \u200c\u2003 \u200c\u2003 \u200c\u2003 \u200c\u2003 \u200c\u2003 \u200c\u2003 \u200c\u2003 \u200c\u2003 \u200c\u2003 \u200c\u2003 \u200c\u2003 \u200c\u2003 \u200c\u2003 \u200c\u2003 \u200c\u2003 \u200c\u2003 \u200c\u2003 \u200c\u2003 \u200c\u2003 \u200c\u2003 \u200c\u2003 \u200c\u2003 \u200c\u2003 \u200c\u2003 \u200c\u2003 \u200c\u2003 \u200c\u2003 \u200c\u2003 \u200c\u2003 \u200c\u2003 \u200c\u2003 \u200c\u2003 \u200c\u2003 \u200c\u2003 \u200c\u2003 \u200c\u2003 \u200c\u2003 \u200c\u2003 \u200c\u2003 \u200c\u2003 \u200c\u2003 \u200c\u2003 \u200c\u2003 \u200c\u2003 \u200c\u2003 \u200c\u2003 \u200c\u2003 \u200c\u2003 \u200c\u2003 \u200c\u2003 \u200c\u2003 \u200c\u2003 \u200c\u2003 \u200c\u2003 \u200c\u2003 \u200c\u2003 \u200c\u2003 \u200c\u2003 \u200c\u2003 \u200c\u2003 \u200c\u2003 \u200c\u2003 \u200c\u2003 \u200c\u2003 \u200c\u2003 \u200c\u2003 \u200c\u2003 \u200c\u2003 \u200c\u2003 \u200c\u2003 \u200c\u2003 \u200c\u2003 \u200c\u2003 \u200c\u2003 \u200c\u2003 \u200c\u2003 \u200c\u2003 \u200c\u2003 \u200c\u2003 \u200c\u2003 \u200c\u2003 \u200c\u2003 \u200c\u2003 \u200c\u2003 \u200c\u2003 \u200c\u2003 \u200c\u2003 \u200c\u2003 \u200c\u2003 \u200c\u2003 \u200c\u2003 \u200c\u2003 \u200c\u2003 \u200c\u2003 \u200c\u2003 \u200c\u2003 \u200c\u2003 \u200c\u2003 \u200c\u2003 \u200c\u2003 \u200c\u2003 \u200c\u2003 \u200c\u2003 \u200c\u2003 \u200c\u2003 \u200c\u2003 \u200c\u2003 \u200c\u2003 \u200c\u2003 \u200c\u2003 \u200c\u2003 \u200c\u2003 \u200c\u2003 \u200c\u2003 \u200c\u2003 \u200c\u2003 \u200c\u2003 \u200c\u2003 \u200c\u2003 \u200c\u2003 \u200c\u2003 \u200c\u2003 \u200c\u2003 \u200c\u2003 \u200c\u2003 \u200c\u2003 \u200c\u2003 \u200c\u2003 \u200c\u2003 \u200c\u2003 \u200c\u2003 \u200c\u2003 \u200c\u2003 \u200c\u2003 \u200c\u2003 \u200c\u2003 \u200c\u2003 \u200c\u2003 \u200c\u2003 \u200c\u2003 \u200c\u2003 \u200c\u2003 \u200c\u2003 \u200c\u2003 \u200c\u2003 \u200c\u2003 \u200c\u2003 \u200c\u2003 \u200c\u2003 \u200c\u2003 \u200c\u2003 \u200c\u2003 \u200c\u2003 \u200c\u2003 \u200c\u2003 \u200c\u2003 \u200c\u2003 \u200c\u2003 \u200c\u2003 \u200c\u2003 \u200c\u2003 \u200c\u2003 \u200c\u2003 \u200c\u2003 \u200c\u2003 \u200c\u2003 \u200c\u2003 \u200c\u2003 \u200c\u2003 \u200c\u2003 \u200c\u2003 \u200c\u2003 \u200c\u2003 \u200c\u2003 \u200c\u2003 \u200c\u2003 \u200c\u2003 \u200c\u2003 \u200c\u2003 \u200c\u2003 \u200c\u2003 \u200c\u2003 \u200c\u2003 \u200c\u2003 \u200c\u2003 \u200c\u2003 \u200c\u2003 \u200c\u2003 \u200c\u2003 \u200c\u2003 \u200c\u2003 \u200c\u2003 \u200c\u2003 \u200c\u2003 \u200c\u2003 \u200c\u2003 \u200c\u2003 \u200c\u2003 \u200c\u2003 \u200c\u2003 \u200c\u2003 \u200c\u2003 \u200c\u2003 \u200c\u2003 \u200c\u2003 \u200c\u2003 \u200c\u2003 \u200c\u2003 \u200c\u2003 \u200c\u2003 \u200c\u2003 \u200c\u2003 \u200c\u2003 \u200c\u2003 \u200c\u2003 \u200c\u2003 \u200c\u2003 \u200c\u2003 \u200c\u2003 \u200c\u2003 \u200c\u2003 \u200c\u2003 \u200c\u2003 \u200c\u2003 \u200c\u2003 \u200c\u2003 \u200c\u2003 \u200c\u2003 \u200c\u2003 \u200c\u2003 \u200c\u2003 \u200c\u2003 \u200c\u2003 \u200c\u2003 \u200c\u2003 \u200c\u2003 \u200c\u2003 \u200cDavid Liang你有 179 条未读通知待查看通知Pro Visa - 小老板给你发送了3条消息4个加好友请求黃枫銘和其他 2 位用户在20张照片中标记了你Chotika Decho和其他 25 位用户有53条密友动态更新99条新通知查看通知前往\xa0Facebook这封邮件：有用|没用此邮件发给497720537@qq.com。 如果不希望再收到 Meta 的这类邮件，请退订。Meta Platforms, Inc., Attention: Community Support, 1 Meta Way, Menlo Park, CA 94025为保护你的主页安全，请勿转发这封邮件。详细了解', 'David Liang，请查看有关 Ben Ping 和 Jojo Liang 的未读消息和其他通知。\u200c\u2003 \u200c\u2003 \u200c\u2003 \u200c\u2003 \u200c\u2003 \u200c\u2003 \u200c\u2003 \u200c\u2003 \u200c\u2003 \u200c\u2003 \u200c\u2003 \u200c\u2003 \u200c\u2003 \u200c\u2003 \u200c\u2003 \u200c\u2003 \u200c\u2003 \u200c\u2003 \u200c\u2003 \u200c\u2003 \u200c\u2003 \u200c\u2003 \u200c\u2003 \u200c\u2003 \u200c\u2003 \u200c\u2003 \u200c\u2003 \u200c\u2003 \u200c\u2003 \u200c\u2003 \u200c\u2003 \u200c\u2003 \u200c\u2003 \u200c\u2003 \u200c\u2003 \u200c\u2003 \u200c\u2003 \u200c\u2003 \u200c\u2003 \u200c\u2003 \u200c\u2003 \u200c\u2003 \u200c\u2003 \u200c\u2003 \u200c\u2003 \u200c\u2003 \u200c\u2003 \u200c\u2003 \u200c\u2003 \u200c\u2003 \u200c\u2003 \u200c\u2003 \u200c\u2003 \u200c\u2003 \u200c\u2003 \u200c\u2003 \u200c\u2003 \u200c\u2003 \u200c\u2003 \u200c\u2003 \u200c\u2003 \u200c\u2003 \u200c\u2003 \u200c\u2003 \u200c\u2003 \u200c\u2003 \u200c\u2003 \u200c\u2003 \u200c\u2003 \u200c\u2003 \u200c\u2003 \u200c\u2003 \u200c\u2003 \u200c\u2003 \u200c\u2003 \u200c\u2003 \u200c\u2003 \u200c\u2003 \u200c\u2003 \u200c\u2003 \u200c\u2003 \u200c\u2003 \u200c\u2003 \u200c\u2003 \u200c\u2003 \u200c\u2003 \u200c\u2003 \u200c\u2003 \u200c\u2003 \u200c\u2003 \u200c\u2003 \u200c\u2003 \u200c\u2003 \u200c\u2003 \u200c\u2003 \u200c\u2003 \u200c\u2003 \u200c\u2003 \u200c\u2003 \u200c\u2003 \u200c\u2003 \u200c\u2003 \u200c\u2003 \u200c\u2003 \u200c\u2003 \u200c\u2003 \u200c\u2003 \u200c\u2003 \u200c\u2003 \u200c\u2003 \u200c\u2003 \u200c\u2003 \u200c\u2003 \u200c\u2003 \u200c\u2003 \u200c\u2003 \u200c\u2003 \u200c\u2003 \u200c\u2003 \u200c\u2003 \u200c\u2003 \u200c\u2003 \u200c\u2003 \u200c\u2003 \u200c\u2003 \u200c\u2003 \u200c\u2003 \u200c\u2003 \u200c\u2003 \u200c\u2003 \u200c\u2003 \u200c\u2003 \u200c\u2003 \u200c\u2003 \u200c\u2003 \u200c\u2003 \u200c\u2003 \u200c\u2003 \u200c\u2003 \u200c\u2003 \u200c\u2003 \u200c\u2003 \u200c\u2003 \u200c\u2003 \u200c\u2003 \u200c\u2003 \u200c\u2003 \u200c\u2003 \u200c\u2003 \u200c\u2003 \u200c\u2003 \u200c\u2003 \u200c\u2003 \u200c\u2003 \u200c\u2003 \u200c\u2003 \u200c\u2003 \u200c\u2003 \u200c\u2003 \u200c\u2003 \u200c\u2003 \u200c\u2003 \u200c\u2003 \u200c\u2003 \u200c\u2003 \u200c\u2003 \u200c\u2003 \u200c\u2003 \u200c\u2003 \u200c\u2003 \u200c\u2003 \u200c\u2003 \u200c\u2003 \u200c\u2003 \u200c\u2003 \u200c\u2003 \u200c\u2003 \u200c\u2003 \u200c\u2003 \u200c\u2003 \u200c\u2003 \u200c\u2003 \u200c\u2003 \u200c\u2003 \u200c\u2003 \u200c\u2003 \u200c\u2003 \u200c\u2003 \u200c\u2003 \u200c\u2003 \u200c\u2003 \u200c\u2003 \u200c\u2003 \u200c\u2003 \u200c\u2003 \u200c\u2003 \u200c\u2003 \u200c\u2003 \u200c\u2003 \u200c\u2003 \u200c\u2003 \u200c\u2003 \u200c\u2003 \u200c\u2003 \u200c\u2003 \u200c\u2003 \u200c\u2003 \u200c\u2003 \u200c\u2003 \u200c\u2003 \u200c\u2003 \u200c\u2003 \u200c\u2003 \u200c\u2003 \u200c\u2003 \u200c\u2003 \u200c\u2003 \u200c\u2003 \u200c\u2003 \u200c\u2003 \u200c\u2003 \u200c\u2003 \u200c\u2003 \u200c\u2003 \u200c\u2003 \u200c\u2003 \u200c\u2003 \u200c\u2003 \u200c\u2003 \u200c\u2003 \u200c\u2003 \u200c\u2003 \u200c\u2003 \u200c\u2003 \u200c\u2003 \u200c\u2003 \u200c\u2003 \u200c\u2003 \u200c\u2003 \u200c\u2003 \u200c\u2003 \u200c\u2003 \u200c\u2003 \u200c\u2003 \u200c\u2003 \u200c\u2003 \u200c\u2003 \u200c\u2003 \u200c\u2003 \u200c\u2003 \u200c\u2003 \u200c\u2003 \u200c\u2003 \u200c\u2003 \u200c\u2003 \u200c\u2003 \u200c\u2003 \u200c\u2003 \u200c\u2003 \u200c\u2003 \u200c\u2003 \u200c\u2003 \u200c\u2003 \u200c\u2003 \u200c\u2003 \u200c\u2003 \u200c\u2003 \u200c\u2003 \u200c\u2003 \u200c\u2003 \u200c\u2003 \u200c\u2003 \u200c\u2003 \u200c\u2003 \u200c\u2003 \u200c\u2003 \u200c\u2003 \u200c\u2003 \u200c\u2003 \u200c\u2003 \u200c\u2003 \u200c\u2003 \u200c\u2003 \u200c\u2003 \u200c\u2003 \u200c\u2003 \u200c\u2003 \u200c\u2003 \u200c\u2003 \u200c\u2003 \u200c\u2003 \u200c\u2003 \u200c\u2003 \u200c\u2003 \u200c\u2003 \u200c\u2003 \u200c\u2003 \u200c\u2003 \u200c\u2003 \u200cDavid Liang你有 179 条未读通知待查看通知Pro Visa - 小老板给你发送了3条消息4个加好友请求黃枫銘和其他 2 位用户在20张照片中标记了你Chotika Decho和其他 25 位用户有53条密友动态更新99条新通知查看通知前往\xa0Facebook这封邮件：有用|没用此邮件发给497720537@qq.com。 如果不希望再收到 Meta 的这类邮件，请退订。Meta Platforms, Inc., Attention: Community Support, 1 Meta Way, Menlo Park, CA 94025为保护你的主页安全，请勿转发这封邮件。详细了解', 'David Liang，请查看有关 Ben Ping 和 Jojo Liang 的未读消息和其他通知。\u200c\u2003 \u200c\u2003 \u200c\u2003 \u200c\u2003 \u200c\u2003 \u200c\u2003 \u200c\u2003 \u200c\u2003 \u200c\u2003 \u200c\u2003 \u200c\u2003 \u200c\u2003 \u200c\u2003 \u200c\u2003 \u200c\u2003 \u200c\u2003 \u200c\u2003 \u200c\u2003 \u200c\u2003 \u200c\u2003 \u200c\u2003 \u200c\u2003 \u200c\u2003 \u200c\u2003 \u200c\u2003 \u200c\u2003 \u200c\u2003 \u200c\u2003 \u200c\u2003 \u200c\u2003 \u200c\u2003 \u200c\u2003 \u200c\u2003 \u200c\u2003 \u200c\u2003 \u200c\u2003 \u200c\u2003 \u200c\u2003 \u200c\u2003 \u200c\u2003 \u200c\u2003 \u200c\u2003 \u200c\u2003 \u200c\u2003 \u200c\u2003 \u200c\u2003 \u200c\u2003 \u200c\u2003 \u200c\u2003 \u200c\u2003 \u200c\u2003 \u200c\u2003 \u200c\u2003 \u200c\u2003 \u200c\u2003 \u200c\u2003 \u200c\u2003 \u200c\u2003 \u200c\u2003 \u200c\u2003 \u200c\u2003 \u200c\u2003 \u200c\u2003 \u200c\u2003 \u200c\u2003 \u200c\u2003 \u200c\u2003 \u200c\u2003 \u200c\u2003 \u200c\u2003 \u200c\u2003 \u200c\u2003 \u200c\u2003 \u200c\u2003 \u200c\u2003 \u200c\u2003 \u200c\u2003 \u200c\u2003 \u200c\u2003 \u200c\u2003 \u200c\u2003 \u200c\u2003 \u200c\u2003 \u200c\u2003 \u200c\u2003 \u200c\u2003 \u200c\u2003 \u200c\u2003 \u200c\u2003 \u200c\u2003 \u200c\u2003 \u200c\u2003 \u200c\u2003 \u200c\u2003 \u200c\u2003 \u200c\u2003 \u200c\u2003 \u200c\u2003 \u200c\u2003 \u200c\u2003 \u200c\u2003 \u200c\u2003 \u200c\u2003 \u200c\u2003 \u200c\u2003 \u200c\u2003 \u200c\u2003 \u200c\u2003 \u200c\u2003 \u200c\u2003 \u200c\u2003 \u200c\u2003 \u200c\u2003 \u200c\u2003 \u200c\u2003 \u200c\u2003 \u200c\u2003 \u200c\u2003 \u200c\u2003 \u200c\u2003 \u200c\u2003 \u200c\u2003 \u200c\u2003 \u200c\u2003 \u200c\u2003 \u200c\u2003 \u200c\u2003 \u200c\u2003 \u200c\u2003 \u200c\u2003 \u200c\u2003 \u200c\u2003 \u200c\u2003 \u200c\u2003 \u200c\u2003 \u200c\u2003 \u200c\u2003 \u200c\u2003 \u200c\u2003 \u200c\u2003 \u200c\u2003 \u200c\u2003 \u200c\u2003 \u200c\u2003 \u200c\u2003 \u200c\u2003 \u200c\u2003 \u200c\u2003 \u200c\u2003 \u200c\u2003 \u200c\u2003 \u200c\u2003 \u200c\u2003 \u200c\u2003 \u200c\u2003 \u200c\u2003 \u200c\u2003 \u200c\u2003 \u200c\u2003 \u200c\u2003 \u200c\u2003 \u200c\u2003 \u200c\u2003 \u200c\u2003 \u200c\u2003 \u200c\u2003 \u200c\u2003 \u200c\u2003 \u200c\u2003 \u200c\u2003 \u200c\u2003 \u200c\u2003 \u200c\u2003 \u200c\u2003 \u200c\u2003 \u200c\u2003 \u200c\u2003 \u200c\u2003 \u200c\u2003 \u200c\u2003 \u200c\u2003 \u200c\u2003 \u200c\u2003 \u200c\u2003 \u200c\u2003 \u200c\u2003 \u200c\u2003 \u200c\u2003 \u200c\u2003 \u200c\u2003 \u200c\u2003 \u200c\u2003 \u200c\u2003 \u200c\u2003 \u200c\u2003 \u200c\u2003 \u200c\u2003 \u200c\u2003 \u200c\u2003 \u200c\u2003 \u200c\u2003 \u200c\u2003 \u200c\u2003 \u200c\u2003 \u200c\u2003 \u200c\u2003 \u200c\u2003 \u200c\u2003 \u200c\u2003 \u200c\u2003 \u200c\u2003 \u200c\u2003 \u200c\u2003 \u200c\u2003 \u200c\u2003 \u200c\u2003 \u200c\u2003 \u200c\u2003 \u200c\u2003 \u200c\u2003 \u200c\u2003 \u200c\u2003 \u200c\u2003 \u200c\u2003 \u200c\u2003 \u200c\u2003 \u200c\u2003 \u200c\u2003 \u200c\u2003 \u200c\u2003 \u200c\u2003 \u200c\u2003 \u200c\u2003 \u200c\u2003 \u200c\u2003 \u200c\u2003 \u200c\u2003 \u200c\u2003 \u200c\u2003 \u200c\u2003 \u200c\u2003 \u200c\u2003 \u200c\u2003 \u200c\u2003 \u200c\u2003 \u200c\u2003 \u200c\u2003 \u200c\u2003 \u200c\u2003 \u200c\u2003 \u200c\u2003 \u200c\u2003 \u200c\u2003 \u200c\u2003 \u200c\u2003 \u200c\u2003 \u200c\u2003 \u200c\u2003 \u200c\u2003 \u200c\u2003 \u200c\u2003 \u200c\u2003 \u200c\u2003 \u200c\u2003 \u200c\u2003 \u200c\u2003 \u200c\u2003 \u200c\u2003 \u200c\u2003 \u200c\u2003 \u200c\u2003 \u200c\u2003 \u200c\u2003 \u200c\u2003 \u200c\u2003 \u200c\u2003 \u200c\u2003 \u200c\u2003 \u200c\u2003 \u200c\u2003 \u200c\u2003 \u200c\u2003 \u200c\u2003 \u200c\u2003 \u200c\u2003 \u200c\u2003 \u200c\u2003 \u200c\u2003 \u200c\u2003 \u200c\u2003 \u200c\u2003 \u200c\u2003 \u200c\u2003 \u200c\u2003 \u200c\u2003 \u200c\u2003 \u200c\u2003 \u200c\u2003 \u200c\u2003 \u200cDavid Liang你有 179 条未读通知待查看通知Pro Visa - 小老板给你发送了3条消息4个加好友请求黃枫銘和其他 2 位用户在20张照片中标记了你Chotika Decho和其他 25 位用户有53条密友动态更新99条新通知查看通知前往\xa0Facebook这封邮件：有用|没用此邮件发给497720537@qq.com。 如果不希望再收到 Meta 的这类邮件，请退订。Meta Platforms, Inc., Attention: Community Support, 1 Meta Way, Menlo Park, CA 94025为保护你的主页安全，请勿转发这封邮件。详细了解', '', 'David Liang，请查看有关 Ben Ping 和 Jojo Liang 的未读消息和其他通知。\u200c\u2003 \u200c\u2003 \u200c\u2003 \u200c\u2003 \u200c\u2003 \u200c\u2003 \u200c\u2003 \u200c\u2003 \u200c\u2003 \u200c\u2003 \u200c\u2003 \u200c\u2003 \u200c\u2003 \u200c\u2003 \u200c\u2003 \u200c\u2003 \u200c\u2003 \u200c\u2003 \u200c\u2003 \u200c\u2003 \u200c\u2003 \u200c\u2003 \u200c\u2003 \u200c\u2003 \u200c\u2003 \u200c\u2003 \u200c\u2003 \u200c\u2003 \u200c\u2003 \u200c\u2003 \u200c\u2003 \u200c\u2003 \u200c\u2003 \u200c\u2003 \u200c\u2003 \u200c\u2003 \u200c\u2003 \u200c\u2003 \u200c\u2003 \u200c\u2003 \u200c\u2003 \u200c\u2003 \u200c\u2003 \u200c\u2003 \u200c\u2003 \u200c\u2003 \u200c\u2003 \u200c\u2003 \u200c\u2003 \u200c\u2003 \u200c\u2003 \u200c\u2003 \u200c\u2003 \u200c\u2003 \u200c\u2003 \u200c\u2003 \u200c\u2003 \u200c\u2003 \u200c\u2003 \u200c\u2003 \u200c\u2003 \u200c\u2003 \u200c\u2003 \u200c\u2003 \u200c\u2003 \u200c\u2003 \u200c\u2003 \u200c\u2003 \u200c\u2003 \u200c\u2003 \u200c\u2003 \u200c\u2003 \u200c\u2003 \u200c\u2003 \u200c\u2003 \u200c\u2003 \u200c\u2003 \u200c\u2003 \u200c\u2003 \u200c\u2003 \u200c\u2003 \u200c\u2003 \u200c\u2003 \u200c\u2003 \u200c\u2003 \u200c\u2003 \u200c\u2003 \u200c\u2003 \u200c\u2003 \u200c\u2003 \u200c\u2003 \u200c\u2003 \u200c\u2003 \u200c\u2003 \u200c\u2003 \u200c\u2003 \u200c\u2003 \u200c\u2003 \u200c\u2003 \u200c\u2003 \u200c\u2003 \u200c\u2003 \u200c\u2003 \u200c\u2003 \u200c\u2003 \u200c\u2003 \u200c\u2003 \u200c\u2003 \u200c\u2003 \u200c\u2003 \u200c\u2003 \u200c\u2003 \u200c\u2003 \u200c\u2003 \u200c\u2003 \u200c\u2003 \u200c\u2003 \u200c\u2003 \u200c\u2003 \u200c\u2003 \u200c\u2003 \u200c\u2003 \u200c\u2003 \u200c\u2003 \u200c\u2003 \u200c\u2003 \u200c\u2003 \u200c\u2003 \u200c\u2003 \u200c\u2003 \u200c\u2003 \u200c\u2003 \u200c\u2003 \u200c\u2003 \u200c\u2003 \u200c\u2003 \u200c\u2003 \u200c\u2003 \u200c\u2003 \u200c\u2003 \u200c\u2003 \u200c\u2003 \u200c\u2003 \u200c\u2003 \u200c\u2003 \u200c\u2003 \u200c\u2003 \u200c\u2003 \u200c\u2003 \u200c\u2003 \u200c\u2003 \u200c\u2003 \u200c\u2003 \u200c\u2003 \u200c\u2003 \u200c\u2003 \u200c\u2003 \u200c\u2003 \u200c\u2003 \u200c\u2003 \u200c\u2003 \u200c\u2003 \u200c\u2003 \u200c\u2003 \u200c\u2003 \u200c\u2003 \u200c\u2003 \u200c\u2003 \u200c\u2003 \u200c\u2003 \u200c\u2003 \u200c\u2003 \u200c\u2003 \u200c\u2003 \u200c\u2003 \u200c\u2003 \u200c\u2003 \u200c\u2003 \u200c\u2003 \u200c\u2003 \u200c\u2003 \u200c\u2003 \u200c\u2003 \u200c\u2003 \u200c\u2003 \u200c\u2003 \u200c\u2003 \u200c\u2003 \u200c\u2003 \u200c\u2003 \u200c\u2003 \u200c\u2003 \u200c\u2003 \u200c\u2003 \u200c\u2003 \u200c\u2003 \u200c\u2003 \u200c\u2003 \u200c\u2003 \u200c\u2003 \u200c\u2003 \u200c\u2003 \u200c\u2003 \u200c\u2003 \u200c\u2003 \u200c\u2003 \u200c\u2003 \u200c\u2003 \u200c\u2003 \u200c\u2003 \u200c\u2003 \u200c\u2003 \u200c\u2003 \u200c\u2003 \u200c\u2003 \u200c\u2003 \u200c\u2003 \u200c\u2003 \u200c\u2003 \u200c\u2003 \u200c\u2003 \u200c\u2003 \u200c\u2003 \u200c\u2003 \u200c\u2003 \u200c\u2003 \u200c\u2003 \u200c\u2003 \u200c\u2003 \u200c\u2003 \u200c\u2003 \u200c\u2003 \u200c\u2003 \u200c\u2003 \u200c\u2003 \u200c\u2003 \u200c\u2003 \u200c\u2003 \u200c\u2003 \u200c\u2003 \u200c\u2003 \u200c\u2003 \u200c\u2003 \u200c\u2003 \u200c\u2003 \u200c\u2003 \u200c\u2003 \u200c\u2003 \u200c\u2003 \u200c\u2003 \u200c\u2003 \u200c\u2003 \u200c\u2003 \u200c\u2003 \u200c\u2003 \u200c\u2003 \u200c\u2003 \u200c\u2003 \u200c\u2003 \u200c\u2003 \u200c\u2003 \u200c\u2003 \u200c\u2003 \u200c\u2003 \u200c\u2003 \u200c\u2003 \u200c\u2003 \u200c\u2003 \u200c\u2003 \u200c\u2003 \u200c\u2003 \u200c\u2003 \u200c\u2003 \u200c\u2003 \u200c\u2003 \u200c\u2003 \u200c\u2003 \u200c\u2003 \u200c\u2003 \u200c\u2003 \u200c\u2003 \u200c\u2003 \u200c\u2003 \u200c\u2003 \u200c\u2003 \u200c\u2003 \u200c\u2003 \u200c\u2003 \u200c\u2003 \u200c\u2003 \u200c\u2003 \u200c\u2003 \u200c\u2003 \u200c\u2003 \u200c\u2003 \u200c\u2003 \u200c\u2003 \u200c\u2003 \u200c\u2003 \u200c', '', 'David Liang', '', '', 'David Liang', 'David Liang', '', '', '', '', '', '你有 179 条未读通知待查看通知Pro Visa - 小老板给你发送了3条消息4个加好友请求黃枫銘和其他 2 位用户在20张照片中标记了你Chotika Decho和其他 25 位用户有53条密友动态更新99条新通知', '', '你有 179 条未读通知待查看', '', '通知Pro Visa - 小老板给你发送了3条消息4个加好友请求黃枫銘和其他 2 位用户在20张照片中标记了你Chotika Decho和其他 25 位用户有53条密友动态更新99条新通知', 'Pro Visa - 小老板给你发送了3条消息', '', '', 'Pro Visa - 小老板给你发送了3条消息', 'Pro Visa - 小老板给你发送了3条消息', '', '4个加好友请求', '', '', '4个加好友请求', '4个加好友请求', '', '黃枫銘和其他 2 位用户在20张照片中标记了你', '', '', '黃枫銘和其他 2 位用户在20张照片中标记了你', '黃枫銘和其他 2 位用户在20张照片中标记了你', '', '', '', 'Chotika Decho和其他 25 位用户有53条密友动态更新', '', '', 'Chotika Decho和其他 25 位用户有53条密友动态更新', 'Chotika Decho和其他 25 位用户有53条密友动态更新', '', '', '', '', '', '99条新通知', '', '', '99条新通知', '99条新通知', '', '', '', '', '查看通知前往\xa0Facebook', '', '查看通知', '查看通知', '', '前往\xa0Facebook', '前往\xa0Facebook', '', '', '', '', '这封邮件：有用|没用', '这封邮件：有用|没用', '', '', '', '此邮件发给497720537@qq.com。 如果不希望再收到 Meta 的这类邮件，请退订。Meta Platforms, Inc., Attention: Community Support, 1 Meta Way, Menlo Park, CA 94025', '', '此邮件发给497720537@qq.com。 如果不希望再收到 Meta 的这类邮件，请退订。Meta Platforms, Inc., Attention: Community Support, 1 Meta Way, Menlo Park, CA 94025', '', '', '为保护你的主页安全，请勿转发这封邮件。详细了解', '为保护你的主页安全，请勿转发这封邮件。详细了解', '', '']
[2026-05-18 14:00:01] QQ-主 邮件 3614 无有效信号
[2026-05-18 14:00:01]  正在连接 QQ-备用 邮箱服务器 (shouqianbadavid@qq.com) ...
[2026-05-18 14:00:37]  正在连接 QQ-主 邮箱服务器 (497720537@qq.com) ...
[2026-05-18 14:00:38]  正在连接 QQ-备用 邮箱服务器 (shouqianbadavid@qq.com) ...
[2026-05-18 14:01:13]  正在连接 QQ-主 邮箱服务器 (497720537@qq.com) ...
[2026-05-18 14:01:14]  QQ-主 正在解析因子: =?utf-8?b?QWxwaGFQaWxvdCDlrp7ml7bkv6Hlj7cgKGFscGhhX3NpZ25hbF90aHJfMjAyNjA1MThfMTQwMC5qc29uKSBb5Li7UVEt5a+55aSWXQ==?=
[2026-05-18 14:01:14]  发现表格，共 16 行数据
[2026-05-18 14:01:14]  动态索引映射: ['股票代码', '股票名称', '信号', '当前价格', '量比', '来源过滤']
[2026-05-18 14:01:14]  [行1] 解析成功: SZSE.002460 [赣锋锂业] SELL @ 78.98 (VR:0.24)
[2026-05-18 14:01:14]  [行2] 解析成功: SZSE.002498 [汉缆股份] SELL @ 9.64 (VR:0.58)
[2026-05-18 14:01:14]  [行3] 解析成功: SZSE.002364 [中恒电器] SELL @ 49.5 (VR:0.03)
[2026-05-18 14:01:14]  [行4] 解析成功: SZSE.002240 [盛新锂能] SELL @ 51.25 (VR:0.17)
[2026-05-18 14:01:14]  [行5] 解析成功: SZSE.300693 [盛弘股份] SELL @ 59.61 (VR:0.09)
[2026-05-18 14:01:14]  [行6] 解析成功: SZSE.001309 [德利明] BUY @ 719.08 (VR:0.2)
[2026-05-18 14:01:14]  [行7] 解析成功: SZSE.300432 [富临精工] SELL @ 24.38 (VR:1.03)
[2026-05-18 14:01:14]  [行8] 解析成功: SZSE.002460 [赣锋锂业] SELL @ 78.93 (VR:0.11)
[2026-05-18 14:01:14]  [行9] 解析成功: SZSE.002498 [汉缆股份] SELL @ 9.63 (VR:0.18)
[2026-05-18 14:01:14]  [行10] 解析成功: SZSE.002364 [中恒电器] SELL @ 49.48 (VR:0.39)
[2026-05-18 14:01:14]  [行11] 解析成功: SZSE.000537 [绿发电力] BUY @ 11.21 (VR:0.85)
[2026-05-18 14:01:14]  [行12] 解析成功: SZSE.002475 [立讯精密] BUY @ 72.71 (VR:0.02)
[2026-05-18 14:01:14]  [行13] 解析成功: SZSE.300352 [北信源] SELL @ 3.18 (VR:0.04)
[2026-05-18 14:01:14]  [行14] 解析成功: SZSE.002240 [盛新锂能] SELL @ 51.12 (VR:0.19)
[2026-05-18 14:01:14]  [行15] 解析成功: SZSE.300693 [盛弘股份] SELL @ 59.4 (VR:0.07)
[2026-05-18 14:01:14]  [行16] 解析成功: SZSE.001309 [德利明] BUY @ 719.97 (VR:0.17)
[2026-05-18 14:01:14] 成功保存 16 条因子至: signal_batch_20260518_140114_223983.txt
[2026-05-18 14:01:14]  QQ-主 邮件 3615 处理完成
[2026-05-18 14:01:14]  QQ-主 本轮共成功处理 1 封有效信号邮件
[2026-05-18 14:01:14]  正在连接 QQ-备用 邮箱服务器 (shouqianbadavid@qq.com) ...
[2026-05-18 14:01:15]  QQ-备用 正在解析因子: =?utf-8?b?QWxwaGFQaWxvdCDlpIfku73kv6Hlj7cgKGFscGhhX3NpZ25hbF90aHJfMjAyNjA1MThfMTQwMC5qc29uKSBb5aSHUVEt6Ieq5L+dXQ==?=
[2026-05-18 14:01:15]  发现表格，共 16 行数据
[2026-05-18 14:01:15]  动态索引映射: ['股票代码', '股票名称', '信号', '当前价格', '量比', '来源过滤']
[2026-05-18 14:01:15]  [行1] 解析成功: SZSE.002460 [赣锋锂业] SELL @ 78.98 (VR:0.24)
[2026-05-18 14:01:15]  [行2] 解析成功: SZSE.002498 [汉缆股份] SELL @ 9.64 (VR:0.58)
[2026-05-18 14:01:15]  [行3] 解析成功: SZSE.002364 [中恒电器] SELL @ 49.5 (VR:0.03)
[2026-05-18 14:01:15]  [行4] 解析成功: SZSE.002240 [盛新锂能] SELL @ 51.25 (VR:0.17)
[2026-05-18 14:01:15]  [行5] 解析成功: SZSE.300693 [盛弘股份] SELL @ 59.61 (VR:0.09)
[2026-05-18 14:01:15]  [行6] 解析成功: SZSE.001309 [德利明] BUY @ 719.08 (VR:0.2)
[2026-05-18 14:01:15]  [行7] 解析成功: SZSE.300432 [富临精工] SELL @ 24.38 (VR:1.03)
[2026-05-18 14:01:15]  [行8] 解析成功: SZSE.002460 [赣锋锂业] SELL @ 78.93 (VR:0.11)
[2026-05-18 14:01:15]  [行9] 解析成功: SZSE.002498 [汉缆股份] SELL @ 9.63 (VR:0.18)
[2026-05-18 14:01:15]  [行10] 解析成功: SZSE.002364 [中恒电器] SELL @ 49.48 (VR:0.39)
[2026-05-18 14:01:15]  [行11] 解析成功: SZSE.000537 [绿发电力] BUY @ 11.21 (VR:0.85)
[2026-05-18 14:01:15]  [行12] 解析成功: SZSE.002475 [立讯精密] BUY @ 72.71 (VR:0.02)
[2026-05-18 14:01:15]  [行13] 解析成功: SZSE.300352 [北信源] SELL @ 3.18 (VR:0.04)
[2026-05-18 14:01:15]  [行14] 解析成功: SZSE.002240 [盛新锂能] SELL @ 51.12 (VR:0.19)
[2026-05-18 14:01:15]  [行15] 解析成功: SZSE.300693 [盛弘股份] SELL @ 59.4 (VR:0.07)
[2026-05-18 14:01:15]  [行16] 解析成功: SZSE.001309 [德利明] BUY @ 719.97 (VR:0.17)
[2026-05-18 14:01:15] 成功保存 16 条因子至: signal_batch_20260518_140115_367016.txt
[2026-05-18 14:01:15]  QQ-备用 邮件 916 处理完成
[2026-05-18 14:01:15]  QQ-备用 本轮共成功处理 1 封有效信号邮件
[2026-05-18 14:01:50]  正在连接 QQ-主 邮箱服务器 (497720537@qq.com) ...
[2026-05-18 14:01:51]  正在连接 QQ-备用 邮箱服务器 (shouqianbadavid@qq.com) ...
[2026-05-18 14:02:26]  正在连接 QQ-主 邮箱服务器 (497720537@qq.com) ...
[2026-05-18 14:02:27]  正在连接 QQ-备用 邮箱服务器 (shouqianbadavid@qq.com) ...
[2026-05-18 14:03:03]  正在连接 QQ-主 邮箱服务器 (497720537@qq.com) ...
[2026-05-18 14:03:04]  正在连接 QQ-备用 邮箱服务器 (shouqianbadavid@qq.com) ...
[2026-05-18 14:03:40]  正在连接 QQ-主 邮箱服务器 (497720537@qq.com) ...
[2026-05-18 14:03:41]  正在连接 QQ-备用 邮箱服务器 (shouqianbadavid@qq.com) ...
[2026-05-18 14:04:17]  正在连接 QQ-主 邮箱服务器 (497720537@qq.com) ...
[2026-05-18 14:04:17]  正在连接 QQ-备用 邮箱服务器 (shouqianbadavid@qq.com) ...
[2026-05-18 14:04:53]  正在连接 QQ-主 邮箱服务器 (497720537@qq.com) ...
[2026-05-18 14:04:53]  正在连接 QQ-备用 邮箱服务器 (shouqianbadavid@qq.com) ...
[2026-05-18 14:05:29]  正在连接 QQ-主 邮箱服务器 (497720537@qq.com) ...
[2026-05-18 14:05:30]  正在连接 QQ-备用 邮箱服务器 (shouqianbadavid@qq.com) ...
[2026-05-18 14:06:06]  正在连接 QQ-主 邮箱服务器 (497720537@qq.com) ...
[2026-05-18 14:06:07]  正在连接 QQ-备用 邮箱服务器 (shouqianbadavid@qq.com) ...
[2026-05-18 14:06:42]  正在连接 QQ-主 邮箱服务器 (497720537@qq.com) ...
[2026-05-18 14:06:43]  正在连接 QQ-备用 邮箱服务器 (shouqianbadavid@qq.com) ...
[2026-05-18 14:07:19]  正在连接 QQ-主 邮箱服务器 (497720537@qq.com) ...
[2026-05-18 14:07:19]  正在连接 QQ-备用 邮箱服务器 (shouqianbadavid@qq.com) ...
[2026-05-18 14:07:55]  正在连接 QQ-主 邮箱服务器 (497720537@qq.com) ...
[2026-05-18 14:07:56]  正在连接 QQ-备用 邮箱服务器 (shouqianbadavid@qq.com) ...
[2026-05-18 14:08:31]  正在连接 QQ-主 邮箱服务器 (497720537@qq.com) ...
[2026-05-18 14:08:32]  正在连接 QQ-备用 邮箱服务器 (shouqianbadavid@qq.com) ...
[2026-05-18 14:09:08]  正在连接 QQ-主 邮箱服务器 (497720537@qq.com) ...
[2026-05-18 14:09:09]  正在连接 QQ-备用 邮箱服务器 (shouqianbadavid@qq.com) ...
[2026-05-18 14:09:44]  正在连接 QQ-主 邮箱服务器 (497720537@qq.com) ...
[2026-05-18 14:09:45]  正在连接 QQ-备用 邮箱服务器 (shouqianbadavid@qq.com) ...
[2026-05-18 14:10:21]  正在连接 QQ-主 邮箱服务器 (497720537@qq.com) ...
[2026-05-18 14:10:21]  正在连接 QQ-备用 邮箱服务器 (shouqianbadavid@qq.com) ...
[2026-05-18 14:10:57]  正在连接 QQ-主 邮箱服务器 (497720537@qq.com) ...
[2026-05-18 14:10:58]  正在连接 QQ-备用 邮箱服务器 (shouqianbadavid@qq.com) ...
[2026-05-18 14:11:33]  正在连接 QQ-主 邮箱服务器 (497720537@qq.com) ...
[2026-05-18 14:11:34]  正在连接 QQ-备用 邮箱服务器 (shouqianbadavid@qq.com) ...
[2026-05-18 14:12:10]  正在连接 QQ-主 邮箱服务器 (497720537@qq.com) ...
[2026-05-18 14:12:10]  正在连接 QQ-备用 邮箱服务器 (shouqianbadavid@qq.com) ...
[2026-05-18 14:12:46]  正在连接 QQ-主 邮箱服务器 (497720537@qq.com) ...
[2026-05-18 14:12:46]  QQ-主 正在解析因子: =?utf-8?b?QWxwaGFQaWxvdCDlrp7ml7bkv6Hlj7cgKGFscGhhX3NpZ25hbF90aHJfMjAyNjA1MThfMTQxMi5qc29uKSBb5Li7UVEt5a+55aSWXQ==?=
[2026-05-18 14:12:46]  发现表格，共 16 行数据
[2026-05-18 14:12:46]  动态索引映射: ['股票代码', '股票名称', '信号', '当前价格', '量比', '来源过滤']
[2026-05-18 14:12:46]  [行1] 解析成功: SHSE.600989 [宝丰能源] SELL @ 29.14 (VR:1.39)
[2026-05-18 14:12:46]  [行2] 解析成功: SZSE.002455 [百川股份] SELL @ 9.86 (VR:0.68)
[2026-05-18 14:12:46]  [行3] 解析成功: SZSE.301165 [锐捷网络] SELL @ 95.05 (VR:0.23)
[2026-05-18 14:12:46]  [行4] 解析成功: SZSE.300274 [阳光电源] BUY @ 150.64 (VR:1.38)
[2026-05-18 14:12:46]  [行5] 解析成功: SZSE.002506 [协鑫集成] SELL @ 4.34 (VR:0.57)
[2026-05-18 14:12:46]  [行6] 解析成功: SZSE.300285 [国瓷材料] SELL @ 38.68 (VR:0.47)
[2026-05-18 14:12:46]  [行7] 解析成功: SZSE.300449 [汉邦高科] SELL @ 9.74 (VR:0.57)
[2026-05-18 14:12:46]  [行8] 解析成功: SZSE.300953 [震裕科技] SELL @ 242.5 (VR:0.37)
[2026-05-18 14:12:46]  [行9] 解析成功: SHSE.600989 [宝丰能源] SELL @ 29.1 (VR:2.06)
[2026-05-18 14:12:46]  [行10] 解析成功: SZSE.002455 [百川股份] SELL @ 9.83 (VR:1.23)
[2026-05-18 14:12:46]  [行11] 解析成功: SZSE.301165 [锐捷网络] SELL @ 94.88 (VR:0.21)
[2026-05-18 14:12:46]  [行12] 解析成功: SZSE.300274 [阳光电源] BUY @ 150.83 (VR:2.93)
[2026-05-18 14:12:46]  [行13] 解析成功: SZSE.002506 [协鑫集成] SELL @ 4.32 (VR:0.91)
[2026-05-18 14:12:46]  [行14] 解析成功: SZSE.300285 [国瓷材料] SELL @ 38.67 (VR:0.19)
[2026-05-18 14:12:46]  [行15] 解析成功: SZSE.300449 [汉邦高科] SELL @ 9.72 (VR:0.84)
[2026-05-18 14:12:46]  [行16] 解析成功: SZSE.300953 [震裕科技] SELL @ 242.1 (VR:0.36)
[2026-05-18 14:12:46] 成功保存 16 条因子至: signal_batch_20260518_141246_990885.txt
[2026-05-18 14:12:47]  QQ-主 邮件 3616 处理完成
[2026-05-18 14:12:47]  QQ-主 本轮共成功处理 1 封有效信号邮件
[2026-05-18 14:12:47]  正在连接 QQ-备用 邮箱服务器 (shouqianbadavid@qq.com) ...
[2026-05-18 14:13:22]  正在连接 QQ-主 邮箱服务器 (497720537@qq.com) ...
[2026-05-18 14:13:23]  正在连接 QQ-备用 邮箱服务器 (shouqianbadavid@qq.com) ...
[2026-05-18 14:13:24]  QQ-备用 正在解析因子: =?utf-8?b?QWxwaGFQaWxvdCDlpIfku73kv6Hlj7cgKGFscGhhX3NpZ25hbF90aHJfMjAyNjA1MThfMTQxMi5qc29uKSBb5aSHUVEt6Ieq5L+dXQ==?=
[2026-05-18 14:13:24]  发现表格，共 16 行数据
[2026-05-18 14:13:24]  动态索引映射: ['股票代码', '股票名称', '信号', '当前价格', '量比', '来源过滤']
[2026-05-18 14:13:24]  [行1] 解析成功: SHSE.600989 [宝丰能源] SELL @ 29.14 (VR:1.39)
[2026-05-18 14:13:24]  [行2] 解析成功: SZSE.002455 [百川股份] SELL @ 9.86 (VR:0.68)
[2026-05-18 14:13:24]  [行3] 解析成功: SZSE.301165 [锐捷网络] SELL @ 95.05 (VR:0.23)
[2026-05-18 14:13:24]  [行4] 解析成功: SZSE.300274 [阳光电源] BUY @ 150.64 (VR:1.38)
[2026-05-18 14:13:24]  [行5] 解析成功: SZSE.002506 [协鑫集成] SELL @ 4.34 (VR:0.57)
[2026-05-18 14:13:24]  [行6] 解析成功: SZSE.300285 [国瓷材料] SELL @ 38.68 (VR:0.47)
[2026-05-18 14:13:24]  [行7] 解析成功: SZSE.300449 [汉邦高科] SELL @ 9.74 (VR:0.57)
[2026-05-18 14:13:24]  [行8] 解析成功: SZSE.300953 [震裕科技] SELL @ 242.5 (VR:0.37)
[2026-05-18 14:13:24]  [行9] 解析成功: SHSE.600989 [宝丰能源] SELL @ 29.1 (VR:2.06)
[2026-05-18 14:13:24]  [行10] 解析成功: SZSE.002455 [百川股份] SELL @ 9.83 (VR:1.23)
[2026-05-18 14:13:24]  [行11] 解析成功: SZSE.301165 [锐捷网络] SELL @ 94.88 (VR:0.21)
[2026-05-18 14:13:24]  [行12] 解析成功: SZSE.300274 [阳光电源] BUY @ 150.83 (VR:2.93)
[2026-05-18 14:13:24]  [行13] 解析成功: SZSE.002506 [协鑫集成] SELL @ 4.32 (VR:0.91)
[2026-05-18 14:13:24]  [行14] 解析成功: SZSE.300285 [国瓷材料] SELL @ 38.67 (VR:0.19)
[2026-05-18 14:13:24]  [行15] 解析成功: SZSE.300449 [汉邦高科] SELL @ 9.72 (VR:0.84)
[2026-05-18 14:13:24]  [行16] 解析成功: SZSE.300953 [震裕科技] SELL @ 242.1 (VR:0.36)
[2026-05-18 14:13:24] 成功保存 16 条因子至: signal_batch_20260518_141324_600282.txt
[2026-05-18 14:13:24]  QQ-备用 邮件 917 处理完成
[2026-05-18 14:13:24]  QQ-备用 本轮共成功处理 1 封有效信号邮件
[2026-05-18 14:14:00]  正在连接 QQ-主 邮箱服务器 (497720537@qq.com) ...
[2026-05-18 14:14:00]  正在连接 QQ-备用 邮箱服务器 (shouqianbadavid@qq.com) ...
[2026-05-18 14:14:36]  正在连接 QQ-主 邮箱服务器 (497720537@qq.com) ...
[2026-05-18 14:14:37]  正在连接 QQ-备用 邮箱服务器 (shouqianbadavid@qq.com) ...
[2026-05-18 14:15:13]  正在连接 QQ-主 邮箱服务器 (497720537@qq.com) ...
[2026-05-18 14:15:14]  正在连接 QQ-备用 邮箱服务器 (shouqianbadavid@qq.com) ...
[2026-05-18 14:15:49]  正在连接 QQ-主 邮箱服务器 (497720537@qq.com) ...
[2026-05-18 14:15:50]  正在连接 QQ-备用 邮箱服务器 (shouqianbadavid@qq.com) ...
[2026-05-18 14:16:26]  正在连接 QQ-主 邮箱服务器 (497720537@qq.com) ...
[2026-05-18 14:16:26]  正在连接 QQ-备用 邮箱服务器 (shouqianbadavid@qq.com) ...
[2026-05-18 14:17:02]  正在连接 QQ-主 邮箱服务器 (497720537@qq.com) ...
[2026-05-18 14:17:02]  正在连接 QQ-备用 邮箱服务器 (shouqianbadavid@qq.com) ...
[2026-05-18 14:17:38]  正在连接 QQ-主 邮箱服务器 (497720537@qq.com) ...
[2026-05-18 14:17:39]  正在连接 QQ-备用 邮箱服务器 (shouqianbadavid@qq.com) ...
[2026-05-18 14:18:15]  正在连接 QQ-主 邮箱服务器 (497720537@qq.com) ...
[2026-05-18 14:18:15]  正在连接 QQ-备用 邮箱服务器 (shouqianbadavid@qq.com) ...
[2026-05-18 14:18:51]  正在连接 QQ-主 邮箱服务器 (497720537@qq.com) ...
[2026-05-18 14:18:52]  正在连接 QQ-备用 邮箱服务器 (shouqianbadavid@qq.com) ...
[2026-05-18 14:19:27]  正在连接 QQ-主 邮箱服务器 (497720537@qq.com) ...
[2026-05-18 14:19:28]  正在连接 QQ-备用 邮箱服务器 (shouqianbadavid@qq.com) ...
[2026-05-18 14:20:03]  正在连接 QQ-主 邮箱服务器 (497720537@qq.com) ...
[2026-05-18 14:20:04]  正在连接 QQ-备用 邮箱服务器 (shouqianbadavid@qq.com) ...
[2026-05-18 14:20:40]  正在连接 QQ-主 邮箱服务器 (497720537@qq.com) ...
[2026-05-18 14:20:40]  正在连接 QQ-备用 邮箱服务器 (shouqianbadavid@qq.com) ...
[2026-05-18 14:21:16]  正在连接 QQ-主 邮箱服务器 (497720537@qq.com) ...
[2026-05-18 14:21:17]  正在连接 QQ-备用 邮箱服务器 (shouqianbadavid@qq.com) ...
[2026-05-18 14:21:53]  正在连接 QQ-主 邮箱服务器 (497720537@qq.com) ...
[2026-05-18 14:21:54]  正在连接 QQ-备用 邮箱服务器 (shouqianbadavid@qq.com) ...
[2026-05-18 14:22:29]  正在连接 QQ-主 邮箱服务器 (497720537@qq.com) ...
[2026-05-18 14:22:30]  正在连接 QQ-备用 邮箱服务器 (shouqianbadavid@qq.com) ...
[2026-05-18 14:23:06]  正在连接 QQ-主 邮箱服务器 (497720537@qq.com) ...
[2026-05-18 14:23:06]  正在连接 QQ-备用 邮箱服务器 (shouqianbadavid@qq.com) ...
[2026-05-18 14:23:42]  正在连接 QQ-主 邮箱服务器 (497720537@qq.com) ...
[2026-05-18 14:23:42]  QQ-主 正在解析因子: =?utf-8?b?QWxwaGFQaWxvdCDlrp7ml7bkv6Hlj7cgKGFscGhhX3NpZ25hbF90aHJfMjAyNjA1MThfMTQyMy5qc29uKSBb5Li7UVEt5a+55aSWXQ==?=
[2026-05-18 14:23:42]  发现表格，共 19 行数据
[2026-05-18 14:23:42]  动态索引映射: ['股票代码', '股票名称', '信号', '当前价格', '量比', '来源过滤']
[2026-05-18 14:23:42]  [行1] 解析成功: SZSE.300722 [新余国科] SELL @ 26.3 (VR:0.06)
[2026-05-18 14:23:42]  [行2] 解析成功: SZSE.300259 [新天科技] BUY @ 6.17 (VR:0.52)
[2026-05-18 14:23:42]  [行3] 解析成功: SZSE.301389 [隆扬电子] SELL @ 73.66 (VR:0.18)
[2026-05-18 14:23:42]  [行4] 解析成功: SZSE.300468 [四方精创] SELL @ 27.47 (VR:0.39)
[2026-05-18 14:23:42]  [行5] 解析成功: SHSE.688689 [银河微电] BUY @ 42.24 (VR:0.08)
[2026-05-18 14:23:42]  [行6] 解析成功: SHSE.603538 [美诺华] BUY @ 49.99 (VR:0.09)
[2026-05-18 14:23:42]  [行7] 解析成功: SZSE.300243 [瑞丰光电] BUY @ 19.34 (VR:0.08)
[2026-05-18 14:23:42]  [行8] 解析成功: SZSE.300672 [国科微] BUY @ 244.5 (VR:0.21)
[2026-05-18 14:23:42]  [行9] 解析成功: SZSE.300722 [新余国科] SELL @ 26.29 (VR:0.01)
[2026-05-18 14:23:42]  [行10] 解析成功: SZSE.300259 [新天科技] BUY @ 6.2 (VR:1.19)
[2026-05-18 14:23:42]  [行11] 解析成功: SZSE.300641 [正丹股份] BUY @ 16.22 (VR:0.12)
[2026-05-18 14:23:42]  [行12] 解析成功: SZSE.301389 [隆扬电子] SELL @ 73.63 (VR:0.34)
[2026-05-18 14:23:42]  [行13] 解析成功: SZSE.300468 [四方精创] SELL @ 27.46 (VR:0.35)
[2026-05-18 14:23:42]  [行14] 解析成功: SZSE.301449 [天溯计量] BUY @ 70.52 (VR:1.56)
[2026-05-18 14:23:42]  [行15] 解析成功: SHSE.688700 [东威科技] BUY @ 72.99 (VR:0.03)
[2026-05-18 14:23:42]  [行16] 解析成功: SHSE.688689 [银河微电] BUY @ 42.31 (VR:0.06)
[2026-05-18 14:23:42]  [行17] 解析成功: SHSE.603538 [美诺华] BUY @ 50.06 (VR:0.15)
[2026-05-18 14:23:42]  [行18] 解析成功: SZSE.300243 [瑞丰光电] SELL @ 19.32 (VR:0.27)
[2026-05-18 14:23:42]  [行19] 解析成功: SZSE.300672 [国科微] BUY @ 245.0 (VR:0.5)
[2026-05-18 14:23:42] 成功保存 19 条因子至: signal_batch_20260518_142342_846690.txt
[2026-05-18 14:23:43]  QQ-主 邮件 3617 处理完成
[2026-05-18 14:23:43]  QQ-主 本轮共成功处理 1 封有效信号邮件
[2026-05-18 14:23:43]  正在连接 QQ-备用 邮箱服务器 (shouqianbadavid@qq.com) ...
[2026-05-18 14:24:19]  正在连接 QQ-主 邮箱服务器 (497720537@qq.com) ...
[2026-05-18 14:24:19]  正在连接 QQ-备用 邮箱服务器 (shouqianbadavid@qq.com) ...
[2026-05-18 14:24:20]  QQ-备用 正在解析因子: =?utf-8?b?QWxwaGFQaWxvdCDlpIfku73kv6Hlj7cgKGFscGhhX3NpZ25hbF90aHJfMjAyNjA1MThfMTQyMy5qc29uKSBb5aSHUVEt6Ieq5L+dXQ==?=
[2026-05-18 14:24:20]  发现表格，共 19 行数据
[2026-05-18 14:24:20]  动态索引映射: ['股票代码', '股票名称', '信号', '当前价格', '量比', '来源过滤']
[2026-05-18 14:24:20]  [行1] 解析成功: SZSE.300722 [新余国科] SELL @ 26.3 (VR:0.06)
[2026-05-18 14:24:20]  [行2] 解析成功: SZSE.300259 [新天科技] BUY @ 6.17 (VR:0.52)
[2026-05-18 14:24:20]  [行3] 解析成功: SZSE.301389 [隆扬电子] SELL @ 73.66 (VR:0.18)
[2026-05-18 14:24:20]  [行4] 解析成功: SZSE.300468 [四方精创] SELL @ 27.47 (VR:0.39)
[2026-05-18 14:24:20]  [行5] 解析成功: SHSE.688689 [银河微电] BUY @ 42.24 (VR:0.08)
[2026-05-18 14:24:20]  [行6] 解析成功: SHSE.603538 [美诺华] BUY @ 49.99 (VR:0.09)
[2026-05-18 14:24:20]  [行7] 解析成功: SZSE.300243 [瑞丰光电] BUY @ 19.34 (VR:0.08)
[2026-05-18 14:24:20]  [行8] 解析成功: SZSE.300672 [国科微] BUY @ 244.5 (VR:0.21)
[2026-05-18 14:24:20]  [行9] 解析成功: SZSE.300722 [新余国科] SELL @ 26.29 (VR:0.01)
[2026-05-18 14:24:20]  [行10] 解析成功: SZSE.300259 [新天科技] BUY @ 6.2 (VR:1.19)
[2026-05-18 14:24:20]  [行11] 解析成功: SZSE.300641 [正丹股份] BUY @ 16.22 (VR:0.12)
[2026-05-18 14:24:20]  [行12] 解析成功: SZSE.301389 [隆扬电子] SELL @ 73.63 (VR:0.34)
[2026-05-18 14:24:20]  [行13] 解析成功: SZSE.300468 [四方精创] SELL @ 27.46 (VR:0.35)
[2026-05-18 14:24:20]  [行14] 解析成功: SZSE.301449 [天溯计量] BUY @ 70.52 (VR:1.56)
[2026-05-18 14:24:20]  [行15] 解析成功: SHSE.688700 [东威科技] BUY @ 72.99 (VR:0.03)
[2026-05-18 14:24:20]  [行16] 解析成功: SHSE.688689 [银河微电] BUY @ 42.31 (VR:0.06)
[2026-05-18 14:24:20]  [行17] 解析成功: SHSE.603538 [美诺华] BUY @ 50.06 (VR:0.15)
[2026-05-18 14:24:20]  [行18] 解析成功: SZSE.300243 [瑞丰光电] SELL @ 19.32 (VR:0.27)
[2026-05-18 14:24:20]  [行19] 解析成功: SZSE.300672 [国科微] BUY @ 245.0 (VR:0.5)
[2026-05-18 14:24:20] 成功保存 19 条因子至: signal_batch_20260518_142420_241170.txt
[2026-05-18 14:24:20]  QQ-备用 邮件 918 处理完成
[2026-05-18 14:24:20]  QQ-备用 本轮共成功处理 1 封有效信号邮件
[2026-05-18 14:24:55]  正在连接 QQ-主 邮箱服务器 (497720537@qq.com) ...
[2026-05-18 14:24:56]  正在连接 QQ-备用 邮箱服务器 (shouqianbadavid@qq.com) ...
[2026-05-18 14:25:32]  正在连接 QQ-主 邮箱服务器 (497720537@qq.com) ...
[2026-05-18 14:25:33]  正在连接 QQ-备用 邮箱服务器 (shouqianbadavid@qq.com) ...
[2026-05-18 14:26:08]  正在连接 QQ-主 邮箱服务器 (497720537@qq.com) ...
[2026-05-18 14:26:09]  正在连接 QQ-备用 邮箱服务器 (shouqianbadavid@qq.com) ...
[2026-05-18 14:26:45]  正在连接 QQ-主 邮箱服务器 (497720537@qq.com) ...
[2026-05-18 14:26:45]  正在连接 QQ-备用 邮箱服务器 (shouqianbadavid@qq.com) ...
[2026-05-18 14:27:21]  正在连接 QQ-主 邮箱服务器 (497720537@qq.com) ...
[2026-05-18 14:27:21]  正在连接 QQ-备用 邮箱服务器 (shouqianbadavid@qq.com) ...
[2026-05-18 14:27:57]  正在连接 QQ-主 邮箱服务器 (497720537@qq.com) ...
[2026-05-18 14:27:58]  正在连接 QQ-备用 邮箱服务器 (shouqianbadavid@qq.com) ...
[2026-05-18 14:28:33]  正在连接 QQ-主 邮箱服务器 (497720537@qq.com) ...
[2026-05-18 14:28:34]  正在连接 QQ-备用 邮箱服务器 (shouqianbadavid@qq.com) ...
[2026-05-18 14:29:10]  正在连接 QQ-主 邮箱服务器 (497720537@qq.com) ...
[2026-05-18 14:29:11]  正在连接 QQ-备用 邮箱服务器 (shouqianbadavid@qq.com) ...
[2026-05-18 14:29:46]  正在连接 QQ-主 邮箱服务器 (497720537@qq.com) ...
[2026-05-18 14:29:47]  正在连接 QQ-备用 邮箱服务器 (shouqianbadavid@qq.com) ...
[2026-05-18 14:30:23]  正在连接 QQ-主 邮箱服务器 (497720537@qq.com) ...
[2026-05-18 14:30:24]  正在连接 QQ-备用 邮箱服务器 (shouqianbadavid@qq.com) ...
[2026-05-18 14:31:00]  正在连接 QQ-主 邮箱服务器 (497720537@qq.com) ...
[2026-05-18 14:31:00]  正在连接 QQ-备用 邮箱服务器 (shouqianbadavid@qq.com) ...
[2026-05-18 14:31:36]  正在连接 QQ-主 邮箱服务器 (497720537@qq.com) ...
[2026-05-18 14:31:36]  正在连接 QQ-备用 邮箱服务器 (shouqianbadavid@qq.com) ...
[2026-05-18 14:32:12]  正在连接 QQ-主 邮箱服务器 (497720537@qq.com) ...
[2026-05-18 14:32:12]  正在连接 QQ-备用 邮箱服务器 (shouqianbadavid@qq.com) ...
[2026-05-18 14:32:48]  正在连接 QQ-主 邮箱服务器 (497720537@qq.com) ...
[2026-05-18 14:32:49]  正在连接 QQ-备用 邮箱服务器 (shouqianbadavid@qq.com) ...
[2026-05-18 14:33:24]  正在连接 QQ-主 邮箱服务器 (497720537@qq.com) ...
[2026-05-18 14:33:25]  正在连接 QQ-备用 邮箱服务器 (shouqianbadavid@qq.com) ...
[2026-05-18 14:34:00]  正在连接 QQ-主 邮箱服务器 (497720537@qq.com) ...
[2026-05-18 14:34:01]  正在连接 QQ-备用 邮箱服务器 (shouqianbadavid@qq.com) ...
[2026-05-18 14:34:37]  正在连接 QQ-主 邮箱服务器 (497720537@qq.com) ...
[2026-05-18 14:34:38]  正在连接 QQ-备用 邮箱服务器 (shouqianbadavid@qq.com) ...
[2026-05-18 14:35:13]  正在连接 QQ-主 邮箱服务器 (497720537@qq.com) ...
[2026-05-18 14:35:14]  QQ-主 正在解析因子: =?utf-8?b?QWxwaGFQaWxvdCDlrp7ml7bkv6Hlj7cgKGFscGhhX3NpZ25hbF90aHJfMjAyNjA1MThfMTQzNC5qc29uKSBb5Li7UVEt5a+55aSWXQ==?=
[2026-05-18 14:35:14]  发现表格，共 15 行数据
[2026-05-18 14:35:14]  动态索引映射: ['股票代码', '股票名称', '信号', '当前价格', '量比', '来源过滤']
[2026-05-18 14:35:14]  [行1] 解析成功: SZSE.300195 [长荣股份] BUY @ 6.84 (VR:3.17)
[2026-05-18 14:35:14]  [行2] 解析成功: SZSE.300285 [国瓷材料] SELL @ 38.94 (VR:0.13)
[2026-05-18 14:35:14]  [行3] 解析成功: SZSE.002015 [协鑫能科] BUY @ 21.44 (VR:0.17)
[2026-05-18 14:35:14]  [行4] 解析成功: SZSE.000533 [顺钠股份] BUY @ 13.33 (VR:0.0)
[2026-05-18 14:35:14]  [行5] 解析成功: SZSE.301226 [祥明智能] SELL @ 41.15 (VR:0.19)
[2026-05-18 14:35:14]  [行6] 解析成功: SHSE.688295 [奥林德] SELL @ 53.8 (VR:0.22)
[2026-05-18 14:35:14]  [行7] 解析成功: SZSE.300782 [卓胜微] SELL @ 130.66 (VR:0.02)
[2026-05-18 14:35:14]  [行8] 解析成功: SZSE.301281 [利源制药] SELL @ 38.13 (VR:0.09)
[2026-05-18 14:35:14]  [行9] 解析成功: SZSE.002015 [协鑫能科] SELL @ 21.38 (VR:0.36)
[2026-05-18 14:35:14]  [行10] 解析成功: SZSE.000912 [泸天化] SELL @ 4.21 (VR:0.78)
[2026-05-18 14:35:14]  [行11] 解析成功: SZSE.301226 [祥明智能] SELL @ 41.05 (VR:0.14)
[2026-05-18 14:35:14]  [行12] 解析成功: SZSE.301667 [纳百川] SELL @ 103.8 (VR:1.1)
[2026-05-18 14:35:14]  [行13] 解析成功: SHSE.688295 [中复神鹰] SELL @ 53.6 (VR:0.79)
[2026-05-18 14:35:14]  [行14] 解析成功: SZSE.300782 [卓胜微] SELL @ 130.42 (VR:0.84)
[2026-05-18 14:35:14]  [行15] 解析成功: SZSE.301281 [利源制药] SELL @ 38.1 (VR:0.24)
[2026-05-18 14:35:14] 成功保存 15 条因子至: signal_batch_20260518_143514_581480.txt
[2026-05-18 14:35:14]  QQ-主 邮件 3618 处理完成
[2026-05-18 14:35:14]  QQ-主 本轮共成功处理 1 封有效信号邮件
[2026-05-18 14:35:15]  正在连接 QQ-备用 邮箱服务器 (shouqianbadavid@qq.com) ...
[2026-05-18 14:35:15]  QQ-备用 正在解析因子: =?utf-8?b?QWxwaGFQaWxvdCDlpIfku73kv6Hlj7cgKGFscGhhX3NpZ25hbF90aHJfMjAyNjA1MThfMTQzNC5qc29uKSBb5aSHUVEt6Ieq5L+dXQ==?=
[2026-05-18 14:35:15]  发现表格，共 15 行数据
[2026-05-18 14:35:15]  动态索引映射: ['股票代码', '股票名称', '信号', '当前价格', '量比', '来源过滤']
[2026-05-18 14:35:15]  [行1] 解析成功: SZSE.300195 [长荣股份] BUY @ 6.84 (VR:3.17)
[2026-05-18 14:35:15]  [行2] 解析成功: SZSE.300285 [国瓷材料] SELL @ 38.94 (VR:0.13)
[2026-05-18 14:35:15]  [行3] 解析成功: SZSE.002015 [协鑫能科] BUY @ 21.44 (VR:0.17)
[2026-05-18 14:35:15]  [行4] 解析成功: SZSE.000533 [顺钠股份] BUY @ 13.33 (VR:0.0)
[2026-05-18 14:35:15]  [行5] 解析成功: SZSE.301226 [祥明智能] SELL @ 41.15 (VR:0.19)
[2026-05-18 14:35:15]  [行6] 解析成功: SHSE.688295 [奥林德] SELL @ 53.8 (VR:0.22)
[2026-05-18 14:35:15]  [行7] 解析成功: SZSE.300782 [卓胜微] SELL @ 130.66 (VR:0.02)
[2026-05-18 14:35:15]  [行8] 解析成功: SZSE.301281 [利源制药] SELL @ 38.13 (VR:0.09)
[2026-05-18 14:35:15]  [行9] 解析成功: SZSE.002015 [协鑫能科] SELL @ 21.38 (VR:0.36)
[2026-05-18 14:35:15]  [行10] 解析成功: SZSE.000912 [泸天化] SELL @ 4.21 (VR:0.78)
[2026-05-18 14:35:15]  [行11] 解析成功: SZSE.301226 [祥明智能] SELL @ 41.05 (VR:0.14)
[2026-05-18 14:35:15]  [行12] 解析成功: SZSE.301667 [纳百川] SELL @ 103.8 (VR:1.1)
[2026-05-18 14:35:15]  [行13] 解析成功: SHSE.688295 [中复神鹰] SELL @ 53.6 (VR:0.79)
[2026-05-18 14:35:15]  [行14] 解析成功: SZSE.300782 [卓胜微] SELL @ 130.42 (VR:0.84)
[2026-05-18 14:35:15]  [行15] 解析成功: SZSE.301281 [利源制药] SELL @ 38.1 (VR:0.24)
[2026-05-18 14:35:15] 成功保存 15 条因子至: signal_batch_20260518_143515_882809.txt
[2026-05-18 14:35:16]  QQ-备用 邮件 919 处理完成
[2026-05-18 14:35:16]  QQ-备用 本轮共成功处理 1 封有效信号邮件
[2026-05-18 14:35:51]  正在连接 QQ-主 邮箱服务器 (497720537@qq.com) ...
[2026-05-18 14:35:51]  正在连接 QQ-备用 邮箱服务器 (shouqianbadavid@qq.com) ...
[2026-05-18 14:36:27]  正在连接 QQ-主 邮箱服务器 (497720537@qq.com) ...
[2026-05-18 14:36:27]  正在连接 QQ-备用 邮箱服务器 (shouqianbadavid@qq.com) ...
[2026-05-18 14:37:03]  正在连接 QQ-主 邮箱服务器 (497720537@qq.com) ...
[2026-05-18 14:37:04]  正在连接 QQ-备用 邮箱服务器 (shouqianbadavid@qq.com) ...
[2026-05-18 14:37:40]  正在连接 QQ-主 邮箱服务器 (497720537@qq.com) ...
[2026-05-18 14:37:41]  正在连接 QQ-备用 邮箱服务器 (shouqianbadavid@qq.com) ...
[2026-05-18 14:38:16]  正在连接 QQ-主 邮箱服务器 (497720537@qq.com) ...
[2026-05-18 14:38:17]  正在连接 QQ-备用 邮箱服务器 (shouqianbadavid@qq.com) ...
[2026-05-18 14:38:52]  正在连接 QQ-主 邮箱服务器 (497720537@qq.com) ...
[2026-05-18 14:38:53]  正在连接 QQ-备用 邮箱服务器 (shouqianbadavid@qq.com) ...
[2026-05-18 14:39:29]  正在连接 QQ-主 邮箱服务器 (497720537@qq.com) ...
[2026-05-18 14:39:30]  正在连接 QQ-备用 邮箱服务器 (shouqianbadavid@qq.com) ...
[2026-05-18 14:40:05]  正在连接 QQ-主 邮箱服务器 (497720537@qq.com) ...
[2026-05-18 14:40:06]  正在连接 QQ-备用 邮箱服务器 (shouqianbadavid@qq.com) ...
[2026-05-18 14:40:42]  正在连接 QQ-主 邮箱服务器 (497720537@qq.com) ...
[2026-05-18 14:40:42]  正在连接 QQ-备用 邮箱服务器 (shouqianbadavid@qq.com) ...
[2026-05-18 14:41:18]  正在连接 QQ-主 邮箱服务器 (497720537@qq.com) ...
[2026-05-18 14:41:18]  正在连接 QQ-备用 邮箱服务器 (shouqianbadavid@qq.com) ...
[2026-05-18 14:41:54]  正在连接 QQ-主 邮箱服务器 (497720537@qq.com) ...
[2026-05-18 14:41:55]  正在连接 QQ-备用 邮箱服务器 (shouqianbadavid@qq.com) ...
[2026-05-18 14:42:30]  正在连接 QQ-主 邮箱服务器 (497720537@qq.com) ...
[2026-05-18 14:42:31]  正在连接 QQ-备用 邮箱服务器 (shouqianbadavid@qq.com) ...
[2026-05-18 14:43:07]  正在连接 QQ-主 邮箱服务器 (497720537@qq.com) ...
[2026-05-18 14:43:08]  正在连接 QQ-备用 邮箱服务器 (shouqianbadavid@qq.com) ...
[2026-05-18 14:43:43]  正在连接 QQ-主 邮箱服务器 (497720537@qq.com) ...
[2026-05-18 14:43:44]  正在连接 QQ-备用 邮箱服务器 (shouqianbadavid@qq.com) ...
[2026-05-18 14:44:20]  正在连接 QQ-主 邮箱服务器 (497720537@qq.com) ...
[2026-05-18 14:44:20]  正在连接 QQ-备用 邮箱服务器 (shouqianbadavid@qq.com) ...
[2026-05-18 14:44:56]  正在连接 QQ-主 邮箱服务器 (497720537@qq.com) ...
[2026-05-18 14:44:57]  正在连接 QQ-备用 邮箱服务器 (shouqianbadavid@qq.com) ...
[2026-05-18 14:45:32]  正在连接 QQ-主 邮箱服务器 (497720537@qq.com) ...
[2026-05-18 14:45:33]  QQ-主 正在解析因子: =?utf-8?b?QWxwaGFQaWxvdCDlrp7ml7bkv6Hlj7cgKGFscGhhX3NpZ25hbF90aHJfMjAyNjA1MThfMTQ0NS5qc29uKSBb5Li7UVEt5a+55aSWXQ==?=
[2026-05-18 14:45:33]  发现表格，共 12 行数据
[2026-05-18 14:45:33]  动态索引映射: ['股票代码', '股票名称', '信号', '当前价格', '量比', '来源过滤']
[2026-05-18 14:45:33]  [行1] 解析成功: SZSE.002300 [太阳电缆] SELL @ 10.17 (VR:0.63)
[2026-05-18 14:45:33]  [行2] 解析成功: SZSE.002460 [赣锋锂业] BUY @ 78.76 (VR:0.36)
[2026-05-18 14:45:33]  [行3] 解析成功: SZSE.002364 [中恒电器] SELL @ 49.19 (VR:0.47)
[2026-05-18 14:45:33]  [行4] 解析成功: SZSE.002475 [立讯精密] SELL @ 72.53 (VR:0.08)
[2026-05-18 14:45:33]  [行5] 解析成功: SZSE.002046 [国机精工] SELL @ 52.54 (VR:0.03)
[2026-05-18 14:45:33]  [行6] 解析成功: SZSE.002240 [盛新锂能] BUY @ 51.13 (VR:0.49)
[2026-05-18 14:45:33]  [行7] 解析成功: SZSE.002300 [太阳电缆] SELL @ 10.16 (VR:0.68)
[2026-05-18 14:45:33]  [行8] 解析成功: SZSE.002460 [赣锋锂业] BUY @ 78.9 (VR:0.74)
[2026-05-18 14:45:33]  [行9] 解析成功: SZSE.002364 [中恒电器] SELL @ 49.05 (VR:1.04)
[2026-05-18 14:45:33]  [行10] 解析成功: SZSE.002475 [立讯精密] SELL @ 72.36 (VR:0.75)
[2026-05-18 14:45:33]  [行11] 解析成功: SZSE.002046 [国机精工] SELL @ 52.38 (VR:1.01)
[2026-05-18 14:45:33]  [行12] 解析成功: SZSE.002240 [盛新锂能] BUY @ 51.14 (VR:0.68)
[2026-05-18 14:45:33] 成功保存 12 条因子至: signal_batch_20260518_144533_781041.txt
[2026-05-18 14:45:34]  QQ-主 邮件 3619 处理完成
[2026-05-18 14:45:34]  QQ-主 本轮共成功处理 1 封有效信号邮件
[2026-05-18 14:45:34]  正在连接 QQ-备用 邮箱服务器 (shouqianbadavid@qq.com) ...
[2026-05-18 14:46:09]  正在连接 QQ-主 邮箱服务器 (497720537@qq.com) ...
[2026-05-18 14:46:10]  正在连接 QQ-备用 邮箱服务器 (shouqianbadavid@qq.com) ...
[2026-05-18 14:46:11]  QQ-备用 正在解析因子: =?utf-8?b?QWxwaGFQaWxvdCDlpIfku73kv6Hlj7cgKGFscGhhX3NpZ25hbF90aHJfMjAyNjA1MThfMTQ0NS5qc29uKSBb5aSHUVEt6Ieq5L+dXQ==?=
[2026-05-18 14:46:11]  发现表格，共 12 行数据
[2026-05-18 14:46:11]  动态索引映射: ['股票代码', '股票名称', '信号', '当前价格', '量比', '来源过滤']
[2026-05-18 14:46:11]  [行1] 解析成功: SZSE.002300 [太阳电缆] SELL @ 10.17 (VR:0.63)
[2026-05-18 14:46:11]  [行2] 解析成功: SZSE.002460 [赣锋锂业] BUY @ 78.76 (VR:0.36)
[2026-05-18 14:46:11]  [行3] 解析成功: SZSE.002364 [中恒电器] SELL @ 49.19 (VR:0.47)
[2026-05-18 14:46:11]  [行4] 解析成功: SZSE.002475 [立讯精密] SELL @ 72.53 (VR:0.08)
[2026-05-18 14:46:11]  [行5] 解析成功: SZSE.002046 [国机精工] SELL @ 52.54 (VR:0.03)
[2026-05-18 14:46:11]  [行6] 解析成功: SZSE.002240 [盛新锂能] BUY @ 51.13 (VR:0.49)
[2026-05-18 14:46:11]  [行7] 解析成功: SZSE.002300 [太阳电缆] SELL @ 10.16 (VR:0.68)
[2026-05-18 14:46:11]  [行8] 解析成功: SZSE.002460 [赣锋锂业] BUY @ 78.9 (VR:0.74)
[2026-05-18 14:46:11]  [行9] 解析成功: SZSE.002364 [中恒电器] SELL @ 49.05 (VR:1.04)
[2026-05-18 14:46:11]  [行10] 解析成功: SZSE.002475 [立讯精密] SELL @ 72.36 (VR:0.75)
[2026-05-18 14:46:11]  [行11] 解析成功: SZSE.002046 [国机精工] SELL @ 52.38 (VR:1.01)
[2026-05-18 14:46:11]  [行12] 解析成功: SZSE.002240 [盛新锂能] BUY @ 51.14 (VR:0.68)
[2026-05-18 14:46:11] 成功保存 12 条因子至: signal_batch_20260518_144611_179805.txt
[2026-05-18 14:46:11]  QQ-备用 邮件 920 处理完成
[2026-05-18 14:46:11]  QQ-备用 本轮共成功处理 1 封有效信号邮件
[2026-05-18 14:46:46]  正在连接 QQ-主 邮箱服务器 (497720537@qq.com) ...
[2026-05-18 14:46:48]  正在连接 QQ-备用 邮箱服务器 (shouqianbadavid@qq.com) ...
[2026-05-18 14:47:23]  正在连接 QQ-主 邮箱服务器 (497720537@qq.com) ...
[2026-05-18 14:47:24]  正在连接 QQ-备用 邮箱服务器 (shouqianbadavid@qq.com) ...
[2026-05-18 14:48:00]  正在连接 QQ-主 邮箱服务器 (497720537@qq.com) ...
[2026-05-18 14:48:00]  正在连接 QQ-备用 邮箱服务器 (shouqianbadavid@qq.com) ...
[2026-05-18 14:48:36]  正在连接 QQ-主 邮箱服务器 (497720537@qq.com) ...
[2026-05-18 14:48:37]  正在连接 QQ-备用 邮箱服务器 (shouqianbadavid@qq.com) ...
[2026-05-18 14:49:12]  正在连接 QQ-主 邮箱服务器 (497720537@qq.com) ...
[2026-05-18 14:49:13]  正在连接 QQ-备用 邮箱服务器 (shouqianbadavid@qq.com) ...
[2026-05-18 14:49:48]  正在连接 QQ-主 邮箱服务器 (497720537@qq.com) ...
[2026-05-18 14:49:49]  正在连接 QQ-备用 邮箱服务器 (shouqianbadavid@qq.com) ...
[2026-05-18 14:50:25]  正在连接 QQ-主 邮箱服务器 (497720537@qq.com) ...
[2026-05-18 14:50:26]  正在连接 QQ-备用 邮箱服务器 (shouqianbadavid@qq.com) ...
[2026-05-18 14:51:01]  正在连接 QQ-主 邮箱服务器 (497720537@qq.com) ...
[2026-05-18 14:51:02]  正在连接 QQ-备用 邮箱服务器 (shouqianbadavid@qq.com) ...
[2026-05-18 14:51:37]  正在连接 QQ-主 邮箱服务器 (497720537@qq.com) ...
[2026-05-18 14:51:39]  正在连接 QQ-备用 邮箱服务器 (shouqianbadavid@qq.com) ...
[2026-05-18 14:52:14]  正在连接 QQ-主 邮箱服务器 (497720537@qq.com) ...
[2026-05-18 14:52:15]  正在连接 QQ-备用 邮箱服务器 (shouqianbadavid@qq.com) ...
[2026-05-18 14:52:51]  正在连接 QQ-主 邮箱服务器 (497720537@qq.com) ...
[2026-05-18 14:52:51]  正在连接 QQ-备用 邮箱服务器 (shouqianbadavid@qq.com) ...
[2026-05-18 14:53:27]  正在连接 QQ-主 邮箱服务器 (497720537@qq.com) ...
[2026-05-18 14:53:27]  正在连接 QQ-备用 邮箱服务器 (shouqianbadavid@qq.com) ...
[2026-05-18 14:54:03]  正在连接 QQ-主 邮箱服务器 (497720537@qq.com) ...
[2026-05-18 14:54:04]  正在连接 QQ-备用 邮箱服务器 (shouqianbadavid@qq.com) ...
[2026-05-18 14:54:39]  正在连接 QQ-主 邮箱服务器 (497720537@qq.com) ...
[2026-05-18 14:54:40]  正在连接 QQ-备用 邮箱服务器 (shouqianbadavid@qq.com) ...
[2026-05-18 14:55:15]  正在连接 QQ-主 邮箱服务器 (497720537@qq.com) ...
[2026-05-18 14:55:16]  正在连接 QQ-备用 邮箱服务器 (shouqianbadavid@qq.com) ...
[2026-05-18 14:55:52]  正在连接 QQ-主 邮箱服务器 (497720537@qq.com) ...
[2026-05-18 14:55:52]  QQ-主 正在解析因子: =?utf-8?b?QWxwaGFQaWxvdCDlrp7ml7bkv6Hlj7cgKGFscGhhX3NpZ25hbF90aHJfMjAyNjA1MThfMTQ1NS5qc29uKSBb5Li7UVEt5a+55aSWXQ==?=
[2026-05-18 14:55:52]  发现表格，共 16 行数据
[2026-05-18 14:55:52]  动态索引映射: ['股票代码', '股票名称', '信号', '当前价格', '量比', '来源过滤']
[2026-05-18 14:55:52]  [行1] 解析成功: SZSE.002202 [金风科技] BUY @ 25.7 (VR:0.13)
[2026-05-18 14:55:52]  [行2] 解析成功: SZSE.301165 [锐捷网络] BUY @ 94.87 (VR:0.46)
[2026-05-18 14:55:52]  [行3] 解析成功: SZSE.002506 [协鑫集成] BUY @ 4.33 (VR:0.2)
[2026-05-18 14:55:52]  [行4] 解析成功: SZSE.002195 [岩山科技] BUY @ 8.35 (VR:0.61)
[2026-05-18 14:55:52]  [行5] 解析成功: SZSE.301419 [瑞可达] BUY @ 42.36 (VR:0.21)
[2026-05-18 14:55:52]  [行6] 解析成功: SZSE.300449 [汉邦高科] BUY @ 9.79 (VR:2.09)
[2026-05-18 14:55:52]  [行7] 解析成功: SZSE.300868 [杰美特] BUY @ 90.48 (VR:0.16)
[2026-05-18 14:55:52]  [行8] 解析成功: SZSE.300054 [鼎龙股份] BUY @ 72.46 (VR:0.67)
[2026-05-18 14:55:52]  [行9] 解析成功: SZSE.002202 [金风科技] BUY @ 25.73 (VR:0.42)
[2026-05-18 14:55:52]  [行10] 解析成功: SZSE.301165 [锐捷网络] BUY @ 95.0 (VR:0.38)
[2026-05-18 14:55:52]  [行11] 解析成功: SZSE.002506 [协鑫集成] BUY @ 4.34 (VR:0.13)
[2026-05-18 14:55:52]  [行12] 解析成功: SZSE.002195 [岩山科技] BUY @ 8.38 (VR:0.6)
[2026-05-18 14:55:52]  [行13] 解析成功: SZSE.301419 [瑞可达] BUY @ 42.41 (VR:0.23)
[2026-05-18 14:55:52]  [行14] 解析成功: SZSE.300449 [汉邦高科] BUY @ 9.8 (VR:0.12)
[2026-05-18 14:55:52]  [行15] 解析成功: SZSE.300868 [杰美特] BUY @ 90.65 (VR:0.14)
[2026-05-18 14:55:52]  [行16] 解析成功: SZSE.300054 [鼎龙股份] BUY @ 72.66 (VR:0.89)
[2026-05-18 14:55:52] 成功保存 16 条因子至: signal_batch_20260518_145552_981182.txt
[2026-05-18 14:55:53]  QQ-主 邮件 3620 处理完成
[2026-05-18 14:55:53]  QQ-主 本轮共成功处理 1 封有效信号邮件
[2026-05-18 14:55:53]  正在连接 QQ-备用 邮箱服务器 (shouqianbadavid@qq.com) ...
[2026-05-18 14:55:54]  QQ-备用 正在解析因子: =?utf-8?b?QWxwaGFQaWxvdCDlpIfku73kv6Hlj7cgKGFscGhhX3NpZ25hbF90aHJfMjAyNjA1MThfMTQ1NS5qc29uKSBb5aSHUVEt6Ieq5L+dXQ==?=
[2026-05-18 14:55:54]  发现表格，共 16 行数据
[2026-05-18 14:55:54]  动态索引映射: ['股票代码', '股票名称', '信号', '当前价格', '量比', '来源过滤']
[2026-05-18 14:55:54]  [行1] 解析成功: SZSE.002202 [金风科技] BUY @ 25.7 (VR:0.13)
[2026-05-18 14:55:54]  [行2] 解析成功: SZSE.301165 [锐捷网络] BUY @ 94.87 (VR:0.46)
[2026-05-18 14:55:54]  [行3] 解析成功: SZSE.002506 [协鑫集成] BUY @ 4.33 (VR:0.2)
[2026-05-18 14:55:54]  [行4] 解析成功: SZSE.002195 [岩山科技] BUY @ 8.35 (VR:0.61)
[2026-05-18 14:55:54]  [行5] 解析成功: SZSE.301419 [瑞可达] BUY @ 42.36 (VR:0.21)
[2026-05-18 14:55:54]  [行6] 解析成功: SZSE.300449 [汉邦高科] BUY @ 9.79 (VR:2.09)
[2026-05-18 14:55:54]  [行7] 解析成功: SZSE.300868 [杰美特] BUY @ 90.48 (VR:0.16)
[2026-05-18 14:55:54]  [行8] 解析成功: SZSE.300054 [鼎龙股份] BUY @ 72.46 (VR:0.67)
[2026-05-18 14:55:54]  [行9] 解析成功: SZSE.002202 [金风科技] BUY @ 25.73 (VR:0.42)
[2026-05-18 14:55:54]  [行10] 解析成功: SZSE.301165 [锐捷网络] BUY @ 95.0 (VR:0.38)
[2026-05-18 14:55:54]  [行11] 解析成功: SZSE.002506 [协鑫集成] BUY @ 4.34 (VR:0.13)
[2026-05-18 14:55:54]  [行12] 解析成功: SZSE.002195 [岩山科技] BUY @ 8.38 (VR:0.6)
[2026-05-18 14:55:54]  [行13] 解析成功: SZSE.301419 [瑞可达] BUY @ 42.41 (VR:0.23)
[2026-05-18 14:55:54]  [行14] 解析成功: SZSE.300449 [汉邦高科] BUY @ 9.8 (VR:0.12)
[2026-05-18 14:55:54]  [行15] 解析成功: SZSE.300868 [杰美特] BUY @ 90.65 (VR:0.14)
[2026-05-18 14:55:54]  [行16] 解析成功: SZSE.300054 [鼎龙股份] BUY @ 72.66 (VR:0.89)
[2026-05-18 14:55:54] 成功保存 16 条因子至: signal_batch_20260518_145554_518485.txt
[2026-05-18 14:55:54]  QQ-备用 邮件 921 处理完成
[2026-05-18 14:55:54]  QQ-备用 本轮共成功处理 1 封有效信号邮件
[2026-05-18 14:56:29]  正在连接 QQ-主 邮箱服务器 (497720537@qq.com) ...
[2026-05-18 14:56:30]  正在连接 QQ-备用 邮箱服务器 (shouqianbadavid@qq.com) ...
[2026-05-18 14:57:06]  正在连接 QQ-主 邮箱服务器 (497720537@qq.com) ...
[2026-05-18 14:57:06]  正在连接 QQ-备用 邮箱服务器 (shouqianbadavid@qq.com) ...
[2026-05-18 14:57:42]  正在连接 QQ-主 邮箱服务器 (497720537@qq.com) ...
[2026-05-18 14:57:43]  正在连接 QQ-备用 邮箱服务器 (shouqianbadavid@qq.com) ...
[2026-05-18 14:58:18]  正在连接 QQ-主 邮箱服务器 (497720537@qq.com) ...
[2026-05-18 14:58:19]  正在连接 QQ-备用 邮箱服务器 (shouqianbadavid@qq.com) ...
[2026-05-18 14:58:55]  正在连接 QQ-主 邮箱服务器 (497720537@qq.com) ...
[2026-05-18 14:58:56]  正在连接 QQ-备用 邮箱服务器 (shouqianbadavid@qq.com) ...
[2026-05-18 14:59:31]  正在连接 QQ-主 邮箱服务器 (497720537@qq.com) ...
[2026-05-18 14:59:32]  正在连接 QQ-备用 邮箱服务器 (shouqianbadavid@qq.com) ...
[2026-05-18 15:00:08]  正在连接 QQ-主 邮箱服务器 (497720537@qq.com) ...
[2026-05-18 15:00:09]  正在连接 QQ-备用 邮箱服务器 (shouqianbadavid@qq.com) ...
[2026-05-18 15:00:45]  正在连接 QQ-主 邮箱服务器 (497720537@qq.com) ...
[2026-05-18 15:00:46]  正在连接 QQ-备用 邮箱服务器 (shouqianbadavid@qq.com) ...
[2026-05-18 15:01:21]  正在连接 QQ-主 邮箱服务器 (497720537@qq.com) ...
[2026-05-18 15:01:22]  正在连接 QQ-备用 邮箱服务器 (shouqianbadavid@qq.com) ...
[2026-05-18 15:01:58]  正在连接 QQ-主 邮箱服务器 (497720537@qq.com) ...
[2026-05-18 15:01:58]  正在连接 QQ-备用 邮箱服务器 (shouqianbadavid@qq.com) ...
[2026-05-18 15:02:34]  正在连接 QQ-主 邮箱服务器 (497720537@qq.com) ...
[2026-05-18 15:02:35]  正在连接 QQ-备用 邮箱服务器 (shouqianbadavid@qq.com) ...
[2026-05-18 15:03:11]  正在连接 QQ-主 邮箱服务器 (497720537@qq.com) ...
[2026-05-18 15:03:11]  QQ-主 正在解析因子: =?utf-8?b?QWxwaGFQaWxvdCDlrp7ml7bkv6Hlj7cgKGFscGhhX3NpZ25hbF90aHJfMjAyNjA1MThfMTUwMy5qc29uKSBb5Li7UVEt5a+55aSWXQ==?=
[2026-05-18 15:03:11]  发现表格，共 2 行数据
[2026-05-18 15:03:11]  动态索引映射: ['股票代码', '股票名称', '信号', '当前价格', '量比', '来源过滤']
[2026-05-18 15:03:11]  [行1] 解析成功: SHSE.603353 [和顺电气] BUY @ 46.26 (VR:2.18)
[2026-05-18 15:03:11]  [行2] 解析成功: SHSE.603353 [和顺电气] BUY @ 46.28 (VR:nan)
[2026-05-18 15:03:11] 成功保存 2 条因子至: signal_batch_20260518_150311_858179.txt
[2026-05-18 15:03:12]  QQ-主 邮件 3621 处理完成
[2026-05-18 15:03:12]  QQ-主 本轮共成功处理 1 封有效信号邮件
[2026-05-18 15:03:12]  正在连接 QQ-备用 邮箱服务器 (shouqianbadavid@qq.com) ...
[2026-05-18 15:03:12]  QQ-备用 正在解析因子: =?utf-8?b?QWxwaGFQaWxvdCDlpIfku73kv6Hlj7cgKGFscGhhX3NpZ25hbF90aHJfMjAyNjA1MThfMTUwMy5qc29uKSBb5aSHUVEt6Ieq5L+dXQ==?=
[2026-05-18 15:03:12]  发现表格，共 2 行数据
[2026-05-18 15:03:12]  动态索引映射: ['股票代码', '股票名称', '信号', '当前价格', '量比', '来源过滤']
[2026-05-18 15:03:12]  [行1] 解析成功: SHSE.603353 [和顺电气] BUY @ 46.26 (VR:2.18)
[2026-05-18 15:03:12]  [行2] 解析成功: SHSE.603353 [和顺电气] BUY @ 46.28 (VR:nan)
[2026-05-18 15:03:12] 成功保存 2 条因子至: signal_batch_20260518_150312_869509.txt
[2026-05-18 15:03:13]  QQ-备用 邮件 922 处理完成
[2026-05-18 15:03:13]  QQ-备用 本轮共成功处理 1 封有效信号邮件
[2026-05-18 15:03:48]  正在连接 QQ-主 邮箱服务器 (497720537@qq.com) ...
[2026-05-18 15:03:49]  正在连接 QQ-备用 邮箱服务器 (shouqianbadavid@qq.com) ...
[2026-05-18 15:04:25]  正在连接 QQ-主 邮箱服务器 (497720537@qq.com) ...
[2026-05-18 15:04:25]  正在连接 QQ-备用 邮箱服务器 (shouqianbadavid@qq.com) ...
[2026-05-18 15:05:01]  正在连接 QQ-主 邮箱服务器 (497720537@qq.com) ...
[2026-05-18 15:05:02]  正在连接 QQ-备用 邮箱服务器 (shouqianbadavid@qq.com) ...
[2026-05-18 15:05:37]  正在连接 QQ-主 邮箱服务器 (497720537@qq.com) ...
[2026-05-18 15:05:38]  正在连接 QQ-备用 邮箱服务器 (shouqianbadavid@qq.com) ...
[2026-05-18 15:06:14]  正在连接 QQ-主 邮箱服务器 (497720537@qq.com) ...
[2026-05-18 15:06:14]  正在连接 QQ-备用 邮箱服务器 (shouqianbadavid@qq.com) ...
[2026-05-18 15:06:50]  正在连接 QQ-主 邮箱服务器 (497720537@qq.com) ...
[2026-05-18 15:06:50]  正在连接 QQ-备用 邮箱服务器 (shouqianbadavid@qq.com) ...
[2026-05-18 15:07:26]  正在连接 QQ-主 邮箱服务器 (497720537@qq.com) ...
[2026-05-18 15:07:27]  正在连接 QQ-备用 邮箱服务器 (shouqianbadavid@qq.com) ...
[2026-05-18 15:08:02]  正在连接 QQ-主 邮箱服务器 (497720537@qq.com) ...
[2026-05-18 15:08:03]  正在连接 QQ-备用 邮箱服务器 (shouqianbadavid@qq.com) ...
[2026-05-18 15:08:39]  正在连接 QQ-主 邮箱服务器 (497720537@qq.com) ...
[2026-05-18 15:08:39]  正在连接 QQ-备用 邮箱服务器 (shouqianbadavid@qq.com) ...
[2026-05-18 15:09:15]  正在连接 QQ-主 邮箱服务器 (497720537@qq.com) ...
[2026-05-18 15:09:15]  正在连接 QQ-备用 邮箱服务器 (shouqianbadavid@qq.com) ...
[2026-05-18 15:09:51]  正在连接 QQ-主 邮箱服务器 (497720537@qq.com) ...
[2026-05-18 15:09:51]  正在连接 QQ-备用 邮箱服务器 (shouqianbadavid@qq.com) ...
[2026-05-18 15:10:27]  正在连接 QQ-主 邮箱服务器 (497720537@qq.com) ...
[2026-05-18 15:10:28]  正在连接 QQ-备用 邮箱服务器 (shouqianbadavid@qq.com) ...
[2026-05-18 15:11:04]  正在连接 QQ-主 邮箱服务器 (497720537@qq.com) ...
[2026-05-18 15:11:04]  正在连接 QQ-备用 邮箱服务器 (shouqianbadavid@qq.com) ...
[2026-05-18 15:11:40]  正在连接 QQ-主 邮箱服务器 (497720537@qq.com) ...
[2026-05-18 15:11:41]  正在连接 QQ-备用 邮箱服务器 (shouqianbadavid@qq.com) ...
[2026-05-18 15:12:16]  正在连接 QQ-主 邮箱服务器 (497720537@qq.com) ...
[2026-05-18 15:12:17]  正在连接 QQ-备用 邮箱服务器 (shouqianbadavid@qq.com) ...
[2026-05-18 15:12:53]  正在连接 QQ-主 邮箱服务器 (497720537@qq.com) ...
[2026-05-18 15:12:53]  正在连接 QQ-备用 邮箱服务器 (shouqianbadavid@qq.com) ...
[2026-05-18 15:13:29]  正在连接 QQ-主 邮箱服务器 (497720537@qq.com) ...
[2026-05-18 15:13:30]  正在连接 QQ-备用 邮箱服务器 (shouqianbadavid@qq.com) ...
[2026-05-18 15:14:06]  正在连接 QQ-主 邮箱服务器 (497720537@qq.com) ...
[2026-05-18 15:14:07]  正在连接 QQ-备用 邮箱服务器 (shouqianbadavid@qq.com) ...
[2026-05-18 15:14:42]  正在连接 QQ-主 邮箱服务器 (497720537@qq.com) ...
[2026-05-18 15:14:43]  正在连接 QQ-备用 邮箱服务器 (shouqianbadavid@qq.com) ...
[2026-05-18 15:15:19]  正在连接 QQ-主 邮箱服务器 (497720537@qq.com) ...
[2026-05-18 15:15:20]  正在连接 QQ-备用 邮箱服务器 (shouqianbadavid@qq.com) ...
[2026-05-18 15:15:55]  正在连接 QQ-主 邮箱服务器 (497720537@qq.com) ...
[2026-05-18 15:15:56]  正在连接 QQ-备用 邮箱服务器 (shouqianbadavid@qq.com) ...
[2026-05-18 15:16:32]  正在连接 QQ-主 邮箱服务器 (497720537@qq.com) ...
[2026-05-18 15:16:33]  正在连接 QQ-备用 邮箱服务器 (shouqianbadavid@qq.com) ...
[2026-05-18 15:17:08]  正在连接 QQ-主 邮箱服务器 (497720537@qq.com) ...
[2026-05-18 15:17:16]  正在连接 QQ-备用 邮箱服务器 (shouqianbadavid@qq.com) ...
[2026-05-18 15:17:52]  正在连接 QQ-主 邮箱服务器 (497720537@qq.com) ...
[2026-05-18 15:17:53]  正在连接 QQ-备用 邮箱服务器 (shouqianbadavid@qq.com) ...
[2026-05-18 15:18:28]  正在连接 QQ-主 邮箱服务器 (497720537@qq.com) ...
[2026-05-18 15:18:29]  正在连接 QQ-备用 邮箱服务器 (shouqianbadavid@qq.com) ...
[2026-05-18 15:19:05]  正在连接 QQ-主 邮箱服务器 (497720537@qq.com) ...
[2026-05-18 15:19:05]  正在连接 QQ-备用 邮箱服务器 (shouqianbadavid@qq.com) ...
[2026-05-18 15:19:41]  正在连接 QQ-主 邮箱服务器 (497720537@qq.com) ...
[2026-05-18 15:19:42]  正在连接 QQ-备用 邮箱服务器 (shouqianbadavid@qq.com) ...
[2026-05-18 15:20:18]  正在连接 QQ-主 邮箱服务器 (497720537@qq.com) ...
[2026-05-18 15:20:18]  正在连接 QQ-备用 邮箱服务器 (shouqianbadavid@qq.com) ...
[2026-05-18 15:20:54]  正在连接 QQ-主 邮箱服务器 (497720537@qq.com) ...
[2026-05-18 15:20:55]  正在连接 QQ-备用 邮箱服务器 (shouqianbadavid@qq.com) ...
[2026-05-18 15:21:31]  正在连接 QQ-主 邮箱服务器 (497720537@qq.com) ...
[2026-05-18 15:21:32]  正在连接 QQ-备用 邮箱服务器 (shouqianbadavid@qq.com) ...
[2026-05-18 15:22:08]  正在连接 QQ-主 邮箱服务器 (497720537@qq.com) ...
[2026-05-18 15:22:08]  正在连接 QQ-备用 邮箱服务器 (shouqianbadavid@qq.com) ...
[2026-05-18 15:22:44]  正在连接 QQ-主 邮箱服务器 (497720537@qq.com) ...
[2026-05-18 15:22:45]  正在连接 QQ-备用 邮箱服务器 (shouqianbadavid@qq.com) ...
[2026-05-18 15:23:21]  正在连接 QQ-主 邮箱服务器 (497720537@qq.com) ...
[2026-05-18 15:23:22]  正在连接 QQ-备用 邮箱服务器 (shouqianbadavid@qq.com) ...
[2026-05-18 15:23:58]  正在连接 QQ-主 邮箱服务器 (497720537@qq.com) ...
[2026-05-18 15:23:58]  正在连接 QQ-备用 邮箱服务器 (shouqianbadavid@qq.com) ...
[2026-05-18 15:24:34]  正在连接 QQ-主 邮箱服务器 (497720537@qq.com) ...
[2026-05-18 15:24:35]  正在连接 QQ-备用 邮箱服务器 (shouqianbadavid@qq.com) ...
[2026-05-18 15:25:11]  正在连接 QQ-主 邮箱服务器 (497720537@qq.com) ...
[2026-05-18 15:25:12]  正在连接 QQ-备用 邮箱服务器 (shouqianbadavid@qq.com) ...
[2026-05-18 15:25:48]  正在连接 QQ-主 邮箱服务器 (497720537@qq.com) ...
[2026-05-18 15:25:48]  正在连接 QQ-备用 邮箱服务器 (shouqianbadavid@qq.com) ...
[2026-05-18 15:26:24]  正在连接 QQ-主 邮箱服务器 (497720537@qq.com) ...
[2026-05-18 15:26:25]  正在连接 QQ-备用 邮箱服务器 (shouqianbadavid@qq.com) ...
[2026-05-18 15:27:01]  正在连接 QQ-主 邮箱服务器 (497720537@qq.com) ...
[2026-05-18 15:27:02]  正在连接 QQ-备用 邮箱服务器 (shouqianbadavid@qq.com) ...
[2026-05-18 15:27:38]  正在连接 QQ-主 邮箱服务器 (497720537@qq.com) ...
[2026-05-18 15:27:38]  正在连接 QQ-备用 邮箱服务器 (shouqianbadavid@qq.com) ...
[2026-05-18 15:28:14]  正在连接 QQ-主 邮箱服务器 (497720537@qq.com) ...
[2026-05-18 15:28:15]  正在连接 QQ-备用 邮箱服务器 (shouqianbadavid@qq.com) ...
[2026-05-18 15:28:51]  正在连接 QQ-主 邮箱服务器 (497720537@qq.com) ...
[2026-05-18 15:28:51]  正在连接 QQ-备用 邮箱服务器 (shouqianbadavid@qq.com) ...
[2026-05-18 16:53:49]  AlphaPilot 监听服务 (Pro 多邮箱版) 启动...
[2026-05-18 16:53:49]  信号保存目录: D:\mpython\signals
[2026-05-18 16:53:49]  日志文件: D:\mpython\logs_receiver\receiver_20260518.log
[2026-05-18 16:53:49]  正在连接 QQ-主 邮箱服务器 (497720537@qq.com) ...
[2026-05-18 16:53:50]  正在连接 QQ-备用 邮箱服务器 (shouqianbadavid@qq.com) ...
[2026-05-18 16:54:26]  正在连接 QQ-主 邮箱服务器 (497720537@qq.com) ...
[2026-05-18 16:54:47]  正在连接 QQ-备用 邮箱服务器 (shouqianbadavid@qq.com) ...
[2026-05-18 16:55:23]  正在连接 QQ-主 邮箱服务器 (497720537@qq.com) ...
[2026-05-18 16:55:23]  正在连接 QQ-备用 邮箱服务器 (shouqianbadavid@qq.com) ...
[2026-05-18 16:55:59]  正在连接 QQ-主 邮箱服务器 (497720537@qq.com) ...
[2026-05-18 16:56:00]  正在连接 QQ-备用 邮箱服务器 (shouqianbadavid@qq.com) ...
[2026-05-18 16:56:36]  正在连接 QQ-主 邮箱服务器 (497720537@qq.com) ...
[2026-05-18 16:56:37]  正在连接 QQ-备用 邮箱服务器 (shouqianbadavid@qq.com) ...
[2026-05-18 16:57:12]  正在连接 QQ-主 邮箱服务器 (497720537@qq.com) ...
[2026-05-18 16:57:13]  正在连接 QQ-备用 邮箱服务器 (shouqianbadavid@qq.com) ...
[2026-05-18 16:57:49]  正在连接 QQ-主 邮箱服务器 (497720537@qq.com) ...
[2026-05-18 16:57:50]  正在连接 QQ-备用 邮箱服务器 (shouqianbadavid@qq.com) ...
