[2026-05-12 03:35:26]  AlphaPilot 监听服务 (Pro 多邮箱版) 启动...
[2026-05-12 03:35:26]  信号保存目录: D:\mpython\signals
[2026-05-12 03:35:26]  日志文件: D:\mpython\logs_receiver\receiver_20260512.log
[2026-05-12 03:35:26]  正在连接 QQ-主 邮箱服务器 (497720537@qq.com) ...
[2026-05-12 03:35:27]  QQ-主 正在解析因子: =?UTF-8?B?8J+SrCDpu4Pmnqvpipjor4TorrrkuobkuIDmnaEgUmVlbA==?=
 =?UTF-8?B?c++8jOS9oOi/mOayoeeci+i/h+WTpg==?=
[2026-05-12 03:35:27]  发现表格，共 30 行数据
[2026-05-12 03:35:27]  表头映射失败，未找到指定列名。当前表头: ['RCB SP800 thách thức mọi giới hạn!!...\u200c\u2003 \u200c\u2003 \u200c\u2003 \u200c\u2003 \u200c\u2003 \u200c\u2003 \u200c\u2003 \u200c\u2003 \u200c\u2003 \u200c\u2003 \u200c\u2003 \u200c\u2003 \u200c\u2003 \u200c\u2003 \u200c\u2003 \u200c\u2003 \u200c\u2003 \u200c\u2003 \u200c\u2003 \u200c\u2003 \u200c\u2003 \u200c\u2003 \u200c\u2003 \u200c\u2003 \u200c\u2003 \u200c\u2003 \u200c\u2003 \u200c\u2003 \u200c\u2003 \u200c\u2003 \u200c\u2003 \u200c\u2003 \u200c\u2003 \u200c\u2003 \u200c\u2003 \u200c\u2003 \u200c\u2003 \u200c\u2003 \u200c\u2003 \u200c\u2003 \u200c\u2003 \u200c\u2003 \u200c\u2003 \u200c\u2003 \u200c\u2003 \u200c\u2003 \u200c\u2003 \u200c\u2003 \u200c\u2003 \u200c\u2003 \u200c\u2003 \u200c\u2003 \u200c\u2003 \u200c\u2003 \u200c\u2003 \u200c\u2003 \u200c\u2003 \u200c\u2003 \u200c\u2003 \u200c\u2003 \u200c\u2003 \u200c\u2003 \u200c\u2003 \u200c\u2003 \u200c\u2003 \u200c\u2003 \u200c\u2003 \u200c\u2003 \u200c\u2003 \u200c\u2003 \u200c\u2003 \u200c\u2003 \u200c\u2003 \u200c\u2003 \u200c\u2003 \u200c\u2003 \u200c\u2003 \u200c\u2003 \u200c\u2003 \u200c\u2003 \u200c\u2003 \u200c\u2003 \u200c\u2003 \u200c\u2003 \u200c\u2003 \u200c\u2003 \u200c\u2003 \u200c\u2003 \u200c\u2003 \u200c\u2003 \u200c\u2003 \u200c\u2003 \u200c\u2003 \u200c\u2003 \u200c\u2003 \u200c\u2003 \u200c\u2003 \u200c\u2003 \u200c\u2003 \u200c\u2003 \u200c\u2003 \u200c\u2003 \u200c\u2003 \u200c\u2003 \u200c\u2003 \u200c\u2003 \u200c\u2003 \u200c\u2003 \u200c\u2003 \u200c\u2003 \u200c\u2003 \u200c\u2003 \u200c\u2003 \u200c\u2003 \u200c\u2003 \u200c\u2003 \u200c\u2003 \u200c\u2003 \u200c\u2003 \u200c\u2003 \u200c\u2003 \u200c\u2003 \u200c\u2003 \u200c\u2003 \u200c\u2003 \u200c\u2003 \u200c\u2003 \u200c\u2003 \u200c\u2003 \u200c\u2003 \u200c\u2003 \u200c\u2003 \u200c\u2003 \u200c\u2003 \u200c\u2003 \u200c\u2003 \u200c\u2003 \u200c\u2003 \u200c\u2003 \u200c\u2003 \u200c\u2003 \u200c\u2003 \u200c\u2003 \u200c\u2003 \u200c\u2003 \u200c\u2003 \u200c\u2003 \u200c\u2003 \u200c\u2003 \u200c\u2003 \u200c\u2003 \u200c\u2003 \u200c\u2003 \u200c\u2003 \u200c\u2003 \u200c\u2003 \u200c\u2003 \u200c\u2003 \u200c\u2003 \u200c\u2003 \u200c\u2003 \u200c\u2003 \u200c\u2003 \u200c\u2003 \u200c\u2003 \u200c\u2003 \u200c\u2003 \u200c\u2003 \u200c\u2003 \u200c\u2003 \u200c\u2003 \u200c\u2003 \u200c\u2003 \u200c\u2003 \u200c\u2003 \u200c\u2003 \u200c\u2003 \u200c\u2003 \u200c\u2003 \u200c\u2003 \u200c\u2003 \u200c\u2003 \u200c\u2003 \u200c\u2003 \u200c\u2003 \u200c\u2003 \u200c\u2003 \u200c\u2003 \u200c\u2003 \u200c\u2003 \u200c\u2003 \u200c\u2003 \u200c\u2003 \u200c\u2003 \u200c\u2003 \u200c\u2003 \u200c\u2003 \u200c\u2003 \u200c\u2003 \u200c\u2003 \u200c\u2003 \u200c\u2003 \u200c\u2003 \u200c\u2003 \u200c\u2003 \u200c\u2003 \u200c\u2003 \u200c\u2003 \u200c\u2003 \u200c\u2003 \u200c\u2003 \u200c\u2003 \u200c\u2003 \u200c\u2003 \u200c\u2003 \u200c\u2003 \u200c\u2003 \u200c\u2003 \u200c\u2003 \u200c\u2003 \u200c\u2003 \u200c\u2003 \u200c\u2003 \u200c\u2003 \u200c\u2003 \u200c\u2003 \u200c\u2003 \u200c\u2003 \u200c\u2003 \u200c\u2003 \u200c\u2003 \u200c\u2003 \u200c\u2003 \u200c\u2003 \u200c\u2003 \u200c\u2003 \u200c\u2003 \u200c\u2003 \u200c\u2003 \u200c\u2003 \u200c\u2003 \u200c\u2003 \u200c\u2003 \u200c\u2003 \u200c\u2003 \u200c\u2003 \u200c\u2003 \u200c\u2003 \u200c\u2003 \u200c\u2003 \u200c\u2003 \u200c\u2003 \u200c\u2003 \u200c\u2003 \u200c\u2003 \u200c\u2003 \u200c\u2003 \u200c\u2003 \u200c\u2003 \u200c\u2003 \u200c\u2003 \u200c\u2003 \u200c\u2003 \u200c\u2003 \u200c\u2003 \u200c\u2003 \u200c\u2003 \u200c\u2003 \u200c\u2003 \u200c\u2003 \u200c\u2003 \u200c\u2003 \u200c\u2003 \u200c\u2003 \u200c\u2003 \u200c\u2003 \u200c\u2003 \u200c\u2003 \u200c\u2003 \u200c\u2003 \u200c\u2003 \u200c\u2003 \u200c\u2003 \u200c\u2003 \u200c\u2003 \u200c\u2003 \u200c\u2003 \u200c\u2003 \u200c\u2003 \u200c\u2003 \u200c\u2003 \u200c\u2003 \u200c\u2003 \u200c\u2003 \u200c\u2003 \u200c\u2003 \u200c\u2003 \u200c\u2003 \u200c\u2003 \u200c💬黃枫銘评论了一条Reels，你还没看过哦。5月6日 20:55查看黃枫銘和其他 25 位用户留下心情此邮件发给497720537@qq.com。 如果不希望再收到 Meta 的这类邮件，请退订。Meta Platforms, Inc., Attention: Community Support, 1 Meta Way, Menlo Park, CA 94025为保护你的主页安全，请勿转发这封邮件。详细了解', 'RCB SP800 thách thức mọi giới hạn!!...\u200c\u2003 \u200c\u2003 \u200c\u2003 \u200c\u2003 \u200c\u2003 \u200c\u2003 \u200c\u2003 \u200c\u2003 \u200c\u2003 \u200c\u2003 \u200c\u2003 \u200c\u2003 \u200c\u2003 \u200c\u2003 \u200c\u2003 \u200c\u2003 \u200c\u2003 \u200c\u2003 \u200c\u2003 \u200c\u2003 \u200c\u2003 \u200c\u2003 \u200c\u2003 \u200c\u2003 \u200c\u2003 \u200c\u2003 \u200c\u2003 \u200c\u2003 \u200c\u2003 \u200c\u2003 \u200c\u2003 \u200c\u2003 \u200c\u2003 \u200c\u2003 \u200c\u2003 \u200c\u2003 \u200c\u2003 \u200c\u2003 \u200c\u2003 \u200c\u2003 \u200c\u2003 \u200c\u2003 \u200c\u2003 \u200c\u2003 \u200c\u2003 \u200c\u2003 \u200c\u2003 \u200c\u2003 \u200c\u2003 \u200c\u2003 \u200c\u2003 \u200c\u2003 \u200c\u2003 \u200c\u2003 \u200c\u2003 \u200c\u2003 \u200c\u2003 \u200c\u2003 \u200c\u2003 \u200c\u2003 \u200c\u2003 \u200c\u2003 \u200c\u2003 \u200c\u2003 \u200c\u2003 \u200c\u2003 \u200c\u2003 \u200c\u2003 \u200c\u2003 \u200c\u2003 \u200c\u2003 \u200c\u2003 \u200c\u2003 \u200c\u2003 \u200c\u2003 \u200c\u2003 \u200c\u2003 \u200c\u2003 \u200c\u2003 \u200c\u2003 \u200c\u2003 \u200c\u2003 \u200c\u2003 \u200c\u2003 \u200c\u2003 \u200c\u2003 \u200c\u2003 \u200c\u2003 \u200c\u2003 \u200c\u2003 \u200c\u2003 \u200c\u2003 \u200c\u2003 \u200c\u2003 \u200c\u2003 \u200c\u2003 \u200c\u2003 \u200c\u2003 \u200c\u2003 \u200c\u2003 \u200c\u2003 \u200c\u2003 \u200c\u2003 \u200c\u2003 \u200c\u2003 \u200c\u2003 \u200c\u2003 \u200c\u2003 \u200c\u2003 \u200c\u2003 \u200c\u2003 \u200c\u2003 \u200c\u2003 \u200c\u2003 \u200c\u2003 \u200c\u2003 \u200c\u2003 \u200c\u2003 \u200c\u2003 \u200c\u2003 \u200c\u2003 \u200c\u2003 \u200c\u2003 \u200c\u2003 \u200c\u2003 \u200c\u2003 \u200c\u2003 \u200c\u2003 \u200c\u2003 \u200c\u2003 \u200c\u2003 \u200c\u2003 \u200c\u2003 \u200c\u2003 \u200c\u2003 \u200c\u2003 \u200c\u2003 \u200c\u2003 \u200c\u2003 \u200c\u2003 \u200c\u2003 \u200c\u2003 \u200c\u2003 \u200c\u2003 \u200c\u2003 \u200c\u2003 \u200c\u2003 \u200c\u2003 \u200c\u2003 \u200c\u2003 \u200c\u2003 \u200c\u2003 \u200c\u2003 \u200c\u2003 \u200c\u2003 \u200c\u2003 \u200c\u2003 \u200c\u2003 \u200c\u2003 \u200c\u2003 \u200c\u2003 \u200c\u2003 \u200c\u2003 \u200c\u2003 \u200c\u2003 \u200c\u2003 \u200c\u2003 \u200c\u2003 \u200c\u2003 \u200c\u2003 \u200c\u2003 \u200c\u2003 \u200c\u2003 \u200c\u2003 \u200c\u2003 \u200c\u2003 \u200c\u2003 \u200c\u2003 \u200c\u2003 \u200c\u2003 \u200c\u2003 \u200c\u2003 \u200c\u2003 \u200c\u2003 \u200c\u2003 \u200c\u2003 \u200c\u2003 \u200c\u2003 \u200c\u2003 \u200c\u2003 \u200c\u2003 \u200c\u2003 \u200c\u2003 \u200c\u2003 \u200c\u2003 \u200c\u2003 \u200c\u2003 \u200c\u2003 \u200c\u2003 \u200c\u2003 \u200c\u2003 \u200c\u2003 \u200c\u2003 \u200c\u2003 \u200c\u2003 \u200c\u2003 \u200c\u2003 \u200c\u2003 \u200c\u2003 \u200c\u2003 \u200c\u2003 \u200c\u2003 \u200c\u2003 \u200c\u2003 \u200c\u2003 \u200c\u2003 \u200c\u2003 \u200c\u2003 \u200c\u2003 \u200c\u2003 \u200c\u2003 \u200c\u2003 \u200c\u2003 \u200c\u2003 \u200c\u2003 \u200c\u2003 \u200c\u2003 \u200c\u2003 \u200c\u2003 \u200c\u2003 \u200c\u2003 \u200c\u2003 \u200c\u2003 \u200c\u2003 \u200c\u2003 \u200c\u2003 \u200c\u2003 \u200c\u2003 \u200c\u2003 \u200c\u2003 \u200c\u2003 \u200c\u2003 \u200c\u2003 \u200c\u2003 \u200c\u2003 \u200c\u2003 \u200c\u2003 \u200c\u2003 \u200c\u2003 \u200c\u2003 \u200c\u2003 \u200c\u2003 \u200c\u2003 \u200c\u2003 \u200c\u2003 \u200c\u2003 \u200c\u2003 \u200c\u2003 \u200c\u2003 \u200c\u2003 \u200c\u2003 \u200c\u2003 \u200c\u2003 \u200c\u2003 \u200c\u2003 \u200c\u2003 \u200c\u2003 \u200c\u2003 \u200c\u2003 \u200c\u2003 \u200c\u2003 \u200c\u2003 \u200c\u2003 \u200c\u2003 \u200c\u2003 \u200c\u2003 \u200c\u2003 \u200c\u2003 \u200c\u2003 \u200c\u2003 \u200c\u2003 \u200c\u2003 \u200c\u2003 \u200c\u2003 \u200c\u2003 \u200c\u2003 \u200c\u2003 \u200c\u2003 \u200c\u2003 \u200c\u2003 \u200c\u2003 \u200c\u2003 \u200c\u2003 \u200c\u2003 \u200c\u2003 \u200c\u2003 \u200c\u2003 \u200c\u2003 \u200c\u2003 \u200c💬黃枫銘评论了一条Reels，你还没看过哦。5月6日 20:55查看黃枫銘和其他 25 位用户留下心情此邮件发给497720537@qq.com。 如果不希望再收到 Meta 的这类邮件，请退订。Meta Platforms, Inc., Attention: Community Support, 1 Meta Way, Menlo Park, CA 94025为保护你的主页安全，请勿转发这封邮件。详细了解', 'RCB SP800 thách thức mọi giới hạn!!...\u200c\u2003 \u200c\u2003 \u200c\u2003 \u200c\u2003 \u200c\u2003 \u200c\u2003 \u200c\u2003 \u200c\u2003 \u200c\u2003 \u200c\u2003 \u200c\u2003 \u200c\u2003 \u200c\u2003 \u200c\u2003 \u200c\u2003 \u200c\u2003 \u200c\u2003 \u200c\u2003 \u200c\u2003 \u200c\u2003 \u200c\u2003 \u200c\u2003 \u200c\u2003 \u200c\u2003 \u200c\u2003 \u200c\u2003 \u200c\u2003 \u200c\u2003 \u200c\u2003 \u200c\u2003 \u200c\u2003 \u200c\u2003 \u200c\u2003 \u200c\u2003 \u200c\u2003 \u200c\u2003 \u200c\u2003 \u200c\u2003 \u200c\u2003 \u200c\u2003 \u200c\u2003 \u200c\u2003 \u200c\u2003 \u200c\u2003 \u200c\u2003 \u200c\u2003 \u200c\u2003 \u200c\u2003 \u200c\u2003 \u200c\u2003 \u200c\u2003 \u200c\u2003 \u200c\u2003 \u200c\u2003 \u200c\u2003 \u200c\u2003 \u200c\u2003 \u200c\u2003 \u200c\u2003 \u200c\u2003 \u200c\u2003 \u200c\u2003 \u200c\u2003 \u200c\u2003 \u200c\u2003 \u200c\u2003 \u200c\u2003 \u200c\u2003 \u200c\u2003 \u200c\u2003 \u200c\u2003 \u200c\u2003 \u200c\u2003 \u200c\u2003 \u200c\u2003 \u200c\u2003 \u200c\u2003 \u200c\u2003 \u200c\u2003 \u200c\u2003 \u200c\u2003 \u200c\u2003 \u200c\u2003 \u200c\u2003 \u200c\u2003 \u200c\u2003 \u200c\u2003 \u200c\u2003 \u200c\u2003 \u200c\u2003 \u200c\u2003 \u200c\u2003 \u200c\u2003 \u200c\u2003 \u200c\u2003 \u200c\u2003 \u200c\u2003 \u200c\u2003 \u200c\u2003 \u200c\u2003 \u200c\u2003 \u200c\u2003 \u200c\u2003 \u200c\u2003 \u200c\u2003 \u200c\u2003 \u200c\u2003 \u200c\u2003 \u200c\u2003 \u200c\u2003 \u200c\u2003 \u200c\u2003 \u200c\u2003 \u200c\u2003 \u200c\u2003 \u200c\u2003 \u200c\u2003 \u200c\u2003 \u200c\u2003 \u200c\u2003 \u200c\u2003 \u200c\u2003 \u200c\u2003 \u200c\u2003 \u200c\u2003 \u200c\u2003 \u200c\u2003 \u200c\u2003 \u200c\u2003 \u200c\u2003 \u200c\u2003 \u200c\u2003 \u200c\u2003 \u200c\u2003 \u200c\u2003 \u200c\u2003 \u200c\u2003 \u200c\u2003 \u200c\u2003 \u200c\u2003 \u200c\u2003 \u200c\u2003 \u200c\u2003 \u200c\u2003 \u200c\u2003 \u200c\u2003 \u200c\u2003 \u200c\u2003 \u200c\u2003 \u200c\u2003 \u200c\u2003 \u200c\u2003 \u200c\u2003 \u200c\u2003 \u200c\u2003 \u200c\u2003 \u200c\u2003 \u200c\u2003 \u200c\u2003 \u200c\u2003 \u200c\u2003 \u200c\u2003 \u200c\u2003 \u200c\u2003 \u200c\u2003 \u200c\u2003 \u200c\u2003 \u200c\u2003 \u200c\u2003 \u200c\u2003 \u200c\u2003 \u200c\u2003 \u200c\u2003 \u200c\u2003 \u200c\u2003 \u200c\u2003 \u200c\u2003 \u200c\u2003 \u200c\u2003 \u200c\u2003 \u200c\u2003 \u200c\u2003 \u200c\u2003 \u200c\u2003 \u200c\u2003 \u200c\u2003 \u200c\u2003 \u200c\u2003 \u200c\u2003 \u200c\u2003 \u200c\u2003 \u200c\u2003 \u200c\u2003 \u200c\u2003 \u200c\u2003 \u200c\u2003 \u200c\u2003 \u200c\u2003 \u200c\u2003 \u200c\u2003 \u200c\u2003 \u200c\u2003 \u200c\u2003 \u200c\u2003 \u200c\u2003 \u200c\u2003 \u200c\u2003 \u200c\u2003 \u200c\u2003 \u200c\u2003 \u200c\u2003 \u200c\u2003 \u200c\u2003 \u200c\u2003 \u200c\u2003 \u200c\u2003 \u200c\u2003 \u200c\u2003 \u200c\u2003 \u200c\u2003 \u200c\u2003 \u200c\u2003 \u200c\u2003 \u200c\u2003 \u200c\u2003 \u200c\u2003 \u200c\u2003 \u200c\u2003 \u200c\u2003 \u200c\u2003 \u200c\u2003 \u200c\u2003 \u200c\u2003 \u200c\u2003 \u200c\u2003 \u200c\u2003 \u200c\u2003 \u200c\u2003 \u200c\u2003 \u200c\u2003 \u200c\u2003 \u200c\u2003 \u200c\u2003 \u200c\u2003 \u200c\u2003 \u200c\u2003 \u200c\u2003 \u200c\u2003 \u200c\u2003 \u200c\u2003 \u200c\u2003 \u200c\u2003 \u200c\u2003 \u200c\u2003 \u200c\u2003 \u200c\u2003 \u200c\u2003 \u200c\u2003 \u200c\u2003 \u200c\u2003 \u200c\u2003 \u200c\u2003 \u200c\u2003 \u200c\u2003 \u200c\u2003 \u200c\u2003 \u200c\u2003 \u200c\u2003 \u200c\u2003 \u200c\u2003 \u200c\u2003 \u200c\u2003 \u200c\u2003 \u200c\u2003 \u200c\u2003 \u200c\u2003 \u200c\u2003 \u200c\u2003 \u200c\u2003 \u200c\u2003 \u200c\u2003 \u200c\u2003 \u200c\u2003 \u200c\u2003 \u200c\u2003 \u200c\u2003 \u200c\u2003 \u200c\u2003 \u200c\u2003 \u200c\u2003 \u200c\u2003 \u200c\u2003 \u200c\u2003 \u200c\u2003 \u200c\u2003 \u200c\u2003 \u200c\u2003 \u200c\u2003 \u200c\u2003 \u200c💬黃枫銘评论了一条Reels，你还没看过哦。5月6日 20:55查看黃枫銘和其他 25 位用户留下心情此邮件发给497720537@qq.com。 如果不希望再收到 Meta 的这类邮件，请退订。Meta Platforms, Inc., Attention: Community Support, 1 Meta Way, Menlo Park, CA 94025为保护你的主页安全，请勿转发这封邮件。详细了解', '', 'RCB SP800 thách thức mọi giới hạn!!...\u200c\u2003 \u200c\u2003 \u200c\u2003 \u200c\u2003 \u200c\u2003 \u200c\u2003 \u200c\u2003 \u200c\u2003 \u200c\u2003 \u200c\u2003 \u200c\u2003 \u200c\u2003 \u200c\u2003 \u200c\u2003 \u200c\u2003 \u200c\u2003 \u200c\u2003 \u200c\u2003 \u200c\u2003 \u200c\u2003 \u200c\u2003 \u200c\u2003 \u200c\u2003 \u200c\u2003 \u200c\u2003 \u200c\u2003 \u200c\u2003 \u200c\u2003 \u200c\u2003 \u200c\u2003 \u200c\u2003 \u200c\u2003 \u200c\u2003 \u200c\u2003 \u200c\u2003 \u200c\u2003 \u200c\u2003 \u200c\u2003 \u200c\u2003 \u200c\u2003 \u200c\u2003 \u200c\u2003 \u200c\u2003 \u200c\u2003 \u200c\u2003 \u200c\u2003 \u200c\u2003 \u200c\u2003 \u200c\u2003 \u200c\u2003 \u200c\u2003 \u200c\u2003 \u200c\u2003 \u200c\u2003 \u200c\u2003 \u200c\u2003 \u200c\u2003 \u200c\u2003 \u200c\u2003 \u200c\u2003 \u200c\u2003 \u200c\u2003 \u200c\u2003 \u200c\u2003 \u200c\u2003 \u200c\u2003 \u200c\u2003 \u200c\u2003 \u200c\u2003 \u200c\u2003 \u200c\u2003 \u200c\u2003 \u200c\u2003 \u200c\u2003 \u200c\u2003 \u200c\u2003 \u200c\u2003 \u200c\u2003 \u200c\u2003 \u200c\u2003 \u200c\u2003 \u200c\u2003 \u200c\u2003 \u200c\u2003 \u200c\u2003 \u200c\u2003 \u200c\u2003 \u200c\u2003 \u200c\u2003 \u200c\u2003 \u200c\u2003 \u200c\u2003 \u200c\u2003 \u200c\u2003 \u200c\u2003 \u200c\u2003 \u200c\u2003 \u200c\u2003 \u200c\u2003 \u200c\u2003 \u200c\u2003 \u200c\u2003 \u200c\u2003 \u200c\u2003 \u200c\u2003 \u200c\u2003 \u200c\u2003 \u200c\u2003 \u200c\u2003 \u200c\u2003 \u200c\u2003 \u200c\u2003 \u200c\u2003 \u200c\u2003 \u200c\u2003 \u200c\u2003 \u200c\u2003 \u200c\u2003 \u200c\u2003 \u200c\u2003 \u200c\u2003 \u200c\u2003 \u200c\u2003 \u200c\u2003 \u200c\u2003 \u200c\u2003 \u200c\u2003 \u200c\u2003 \u200c\u2003 \u200c\u2003 \u200c\u2003 \u200c\u2003 \u200c\u2003 \u200c\u2003 \u200c\u2003 \u200c\u2003 \u200c\u2003 \u200c\u2003 \u200c\u2003 \u200c\u2003 \u200c\u2003 \u200c\u2003 \u200c\u2003 \u200c\u2003 \u200c\u2003 \u200c\u2003 \u200c\u2003 \u200c\u2003 \u200c\u2003 \u200c\u2003 \u200c\u2003 \u200c\u2003 \u200c\u2003 \u200c\u2003 \u200c\u2003 \u200c\u2003 \u200c\u2003 \u200c\u2003 \u200c\u2003 \u200c\u2003 \u200c\u2003 \u200c\u2003 \u200c\u2003 \u200c\u2003 \u200c\u2003 \u200c\u2003 \u200c\u2003 \u200c\u2003 \u200c\u2003 \u200c\u2003 \u200c\u2003 \u200c\u2003 \u200c\u2003 \u200c\u2003 \u200c\u2003 \u200c\u2003 \u200c\u2003 \u200c\u2003 \u200c\u2003 \u200c\u2003 \u200c\u2003 \u200c\u2003 \u200c\u2003 \u200c\u2003 \u200c\u2003 \u200c\u2003 \u200c\u2003 \u200c\u2003 \u200c\u2003 \u200c\u2003 \u200c\u2003 \u200c\u2003 \u200c\u2003 \u200c\u2003 \u200c\u2003 \u200c\u2003 \u200c\u2003 \u200c\u2003 \u200c\u2003 \u200c\u2003 \u200c\u2003 \u200c\u2003 \u200c\u2003 \u200c\u2003 \u200c\u2003 \u200c\u2003 \u200c\u2003 \u200c\u2003 \u200c\u2003 \u200c\u2003 \u200c\u2003 \u200c\u2003 \u200c\u2003 \u200c\u2003 \u200c\u2003 \u200c\u2003 \u200c\u2003 \u200c\u2003 \u200c\u2003 \u200c\u2003 \u200c\u2003 \u200c\u2003 \u200c\u2003 \u200c\u2003 \u200c\u2003 \u200c\u2003 \u200c\u2003 \u200c\u2003 \u200c\u2003 \u200c\u2003 \u200c\u2003 \u200c\u2003 \u200c\u2003 \u200c\u2003 \u200c\u2003 \u200c\u2003 \u200c\u2003 \u200c\u2003 \u200c\u2003 \u200c\u2003 \u200c\u2003 \u200c\u2003 \u200c\u2003 \u200c\u2003 \u200c\u2003 \u200c\u2003 \u200c\u2003 \u200c\u2003 \u200c\u2003 \u200c\u2003 \u200c\u2003 \u200c\u2003 \u200c\u2003 \u200c\u2003 \u200c\u2003 \u200c\u2003 \u200c\u2003 \u200c\u2003 \u200c\u2003 \u200c\u2003 \u200c\u2003 \u200c\u2003 \u200c\u2003 \u200c\u2003 \u200c\u2003 \u200c\u2003 \u200c\u2003 \u200c\u2003 \u200c\u2003 \u200c\u2003 \u200c\u2003 \u200c\u2003 \u200c\u2003 \u200c\u2003 \u200c\u2003 \u200c\u2003 \u200c\u2003 \u200c\u2003 \u200c\u2003 \u200c\u2003 \u200c\u2003 \u200c\u2003 \u200c\u2003 \u200c\u2003 \u200c\u2003 \u200c\u2003 \u200c\u2003 \u200c\u2003 \u200c\u2003 \u200c\u2003 \u200c\u2003 \u200c\u2003 \u200c\u2003 \u200c\u2003 \u200c\u2003 \u200c\u2003 \u200c\u2003 \u200c\u2003 \u200c\u2003 \u200c', '', '', '', '', '', '', '', '', '', '', '', '', '', '', '💬黃枫銘评论了一条Reels，你还没看过哦。5月6日 20:55查看黃枫銘和其他 25 位用户留下心情', '', '💬黃枫銘评论了一条Reels，你还没看过哦。5月6日 20:55查看黃枫銘和其他 25 位用户留下心情', '💬黃枫銘评论了一条Reels，你还没看过哦。5月6日 20:55查看', '', '', '💬黃枫銘评论了一条Reels，你还没看过哦。5月6日 20:55查看', '💬黃枫銘评论了一条Reels，你还没看过哦。5月6日 20:55', '💬黃枫銘评论了一条Reels，你还没看过哦。', '', '5月6日 20:55', '', '查看', '查看', '', '黃枫銘和其他 25 位用户留下心情', '', '', '黃枫銘和其他 25 位用户留下心情', '', '', '', '此邮件发给497720537@qq.com。 如果不希望再收到 Meta 的这类邮件，请退订。Meta Platforms, Inc., Attention: Community Support, 1 Meta Way, Menlo Park, CA 94025', '', '此邮件发给497720537@qq.com。 如果不希望再收到 Meta 的这类邮件，请退订。Meta Platforms, Inc., Attention: Community Support, 1 Meta Way, Menlo Park, CA 94025', '', '', '为保护你的主页安全，请勿转发这封邮件。详细了解', '为保护你的主页安全，请勿转发这封邮件。详细了解', '', '']
[2026-05-12 03:35:27] QQ-主 邮件 3489 无有效信号
[2026-05-12 03:35:28]  正在连接 QQ-备用 邮箱服务器 (shouqianbadavid@qq.com) ...
[2026-05-12 03:36:03]  正在连接 QQ-主 邮箱服务器 (497720537@qq.com) ...
[2026-05-12 03:36:04]  正在连接 QQ-备用 邮箱服务器 (shouqianbadavid@qq.com) ...
[2026-05-12 03:36:40]  正在连接 QQ-主 邮箱服务器 (497720537@qq.com) ...
[2026-05-12 03:36:41]  正在连接 QQ-备用 邮箱服务器 (shouqianbadavid@qq.com) ...
[2026-05-12 03:37:17]  正在连接 QQ-主 邮箱服务器 (497720537@qq.com) ...
[2026-05-12 03:37:17]  正在连接 QQ-备用 邮箱服务器 (shouqianbadavid@qq.com) ...
[2026-05-12 03:37:53]  正在连接 QQ-主 邮箱服务器 (497720537@qq.com) ...
[2026-05-12 03:37:54]  正在连接 QQ-备用 邮箱服务器 (shouqianbadavid@qq.com) ...
[2026-05-12 03:38:29]  正在连接 QQ-主 邮箱服务器 (497720537@qq.com) ...
[2026-05-12 03:38:30]  正在连接 QQ-备用 邮箱服务器 (shouqianbadavid@qq.com) ...
[2026-05-12 03:39:06]  正在连接 QQ-主 邮箱服务器 (497720537@qq.com) ...
[2026-05-12 03:39:07]  正在连接 QQ-备用 邮箱服务器 (shouqianbadavid@qq.com) ...
[2026-05-12 03:39:43]  正在连接 QQ-主 邮箱服务器 (497720537@qq.com) ...
[2026-05-12 03:39:44]  正在连接 QQ-备用 邮箱服务器 (shouqianbadavid@qq.com) ...
[2026-05-12 03:40:19]  正在连接 QQ-主 邮箱服务器 (497720537@qq.com) ...
[2026-05-12 03:40:20]  正在连接 QQ-备用 邮箱服务器 (shouqianbadavid@qq.com) ...
[2026-05-12 03:40:56]  正在连接 QQ-主 邮箱服务器 (497720537@qq.com) ...
[2026-05-12 03:40:57]  正在连接 QQ-备用 邮箱服务器 (shouqianbadavid@qq.com) ...
[2026-05-12 03:41:33]  正在连接 QQ-主 邮箱服务器 (497720537@qq.com) ...
[2026-05-12 03:41:33]  正在连接 QQ-备用 邮箱服务器 (shouqianbadavid@qq.com) ...
[2026-05-12 03:42:09]  正在连接 QQ-主 邮箱服务器 (497720537@qq.com) ...
[2026-05-12 03:42:10]  正在连接 QQ-备用 邮箱服务器 (shouqianbadavid@qq.com) ...
[2026-05-12 03:42:46]  正在连接 QQ-主 邮箱服务器 (497720537@qq.com) ...
[2026-05-12 03:42:46]  正在连接 QQ-备用 邮箱服务器 (shouqianbadavid@qq.com) ...
[2026-05-12 03:43:22]  正在连接 QQ-主 邮箱服务器 (497720537@qq.com) ...
[2026-05-12 03:43:23]  正在连接 QQ-备用 邮箱服务器 (shouqianbadavid@qq.com) ...
[2026-05-12 03:43:58]  正在连接 QQ-主 邮箱服务器 (497720537@qq.com) ...
[2026-05-12 03:43:59]  正在连接 QQ-备用 邮箱服务器 (shouqianbadavid@qq.com) ...
[2026-05-12 03:44:35]  正在连接 QQ-主 邮箱服务器 (497720537@qq.com) ...
[2026-05-12 03:44:36]  正在连接 QQ-备用 邮箱服务器 (shouqianbadavid@qq.com) ...
[2026-05-12 03:45:12]  正在连接 QQ-主 邮箱服务器 (497720537@qq.com) ...
[2026-05-12 03:45:12]  正在连接 QQ-备用 邮箱服务器 (shouqianbadavid@qq.com) ...
[2026-05-12 03:45:48]  正在连接 QQ-主 邮箱服务器 (497720537@qq.com) ...
[2026-05-12 03:45:49]  正在连接 QQ-备用 邮箱服务器 (shouqianbadavid@qq.com) ...
[2026-05-12 03:46:24]  正在连接 QQ-主 邮箱服务器 (497720537@qq.com) ...
[2026-05-12 03:46:25]  正在连接 QQ-备用 邮箱服务器 (shouqianbadavid@qq.com) ...
[2026-05-12 03:47:01]  正在连接 QQ-主 邮箱服务器 (497720537@qq.com) ...
[2026-05-12 03:47:02]  正在连接 QQ-备用 邮箱服务器 (shouqianbadavid@qq.com) ...
[2026-05-12 03:47:37]  正在连接 QQ-主 邮箱服务器 (497720537@qq.com) ...
[2026-05-12 03:47:38]  正在连接 QQ-备用 邮箱服务器 (shouqianbadavid@qq.com) ...
[2026-05-12 03:48:14]  正在连接 QQ-主 邮箱服务器 (497720537@qq.com) ...
[2026-05-12 03:48:15]  正在连接 QQ-备用 邮箱服务器 (shouqianbadavid@qq.com) ...
[2026-05-12 03:48:50]  正在连接 QQ-主 邮箱服务器 (497720537@qq.com) ...
[2026-05-12 03:48:51]  正在连接 QQ-备用 邮箱服务器 (shouqianbadavid@qq.com) ...
[2026-05-12 03:49:26]  正在连接 QQ-主 邮箱服务器 (497720537@qq.com) ...
[2026-05-12 03:49:27]  正在连接 QQ-备用 邮箱服务器 (shouqianbadavid@qq.com) ...
[2026-05-12 03:50:03]  正在连接 QQ-主 邮箱服务器 (497720537@qq.com) ...
[2026-05-12 03:50:04]  正在连接 QQ-备用 邮箱服务器 (shouqianbadavid@qq.com) ...
[2026-05-12 03:50:39]  正在连接 QQ-主 邮箱服务器 (497720537@qq.com) ...
[2026-05-12 03:50:40]  正在连接 QQ-备用 邮箱服务器 (shouqianbadavid@qq.com) ...
[2026-05-12 03:51:16]  正在连接 QQ-主 邮箱服务器 (497720537@qq.com) ...
[2026-05-12 03:51:17]  正在连接 QQ-备用 邮箱服务器 (shouqianbadavid@qq.com) ...
[2026-05-12 03:51:53]  正在连接 QQ-主 邮箱服务器 (497720537@qq.com) ...
[2026-05-12 03:51:53]  正在连接 QQ-备用 邮箱服务器 (shouqianbadavid@qq.com) ...
[2026-05-12 03:52:29]  正在连接 QQ-主 邮箱服务器 (497720537@qq.com) ...
[2026-05-12 03:52:30]  正在连接 QQ-备用 邮箱服务器 (shouqianbadavid@qq.com) ...
[2026-05-12 03:53:05]  正在连接 QQ-主 邮箱服务器 (497720537@qq.com) ...
[2026-05-12 03:53:06]  正在连接 QQ-备用 邮箱服务器 (shouqianbadavid@qq.com) ...
[2026-05-12 03:53:42]  正在连接 QQ-主 邮箱服务器 (497720537@qq.com) ...
[2026-05-12 03:53:42]  正在连接 QQ-备用 邮箱服务器 (shouqianbadavid@qq.com) ...
[2026-05-12 03:54:18]  正在连接 QQ-主 邮箱服务器 (497720537@qq.com) ...
[2026-05-12 03:54:18]  正在连接 QQ-备用 邮箱服务器 (shouqianbadavid@qq.com) ...
[2026-05-12 03:54:54]  正在连接 QQ-主 邮箱服务器 (497720537@qq.com) ...
[2026-05-12 03:54:55]  正在连接 QQ-备用 邮箱服务器 (shouqianbadavid@qq.com) ...
[2026-05-12 03:55:31]  正在连接 QQ-主 邮箱服务器 (497720537@qq.com) ...
[2026-05-12 03:55:31]  正在连接 QQ-备用 邮箱服务器 (shouqianbadavid@qq.com) ...
[2026-05-12 03:56:07]  正在连接 QQ-主 邮箱服务器 (497720537@qq.com) ...
[2026-05-12 03:56:08]  正在连接 QQ-备用 邮箱服务器 (shouqianbadavid@qq.com) ...
[2026-05-12 03:56:44]  正在连接 QQ-主 邮箱服务器 (497720537@qq.com) ...
[2026-05-12 03:56:44]  正在连接 QQ-备用 邮箱服务器 (shouqianbadavid@qq.com) ...
[2026-05-12 03:57:20]  正在连接 QQ-主 邮箱服务器 (497720537@qq.com) ...
[2026-05-12 03:57:21]  正在连接 QQ-备用 邮箱服务器 (shouqianbadavid@qq.com) ...
[2026-05-12 03:57:57]  正在连接 QQ-主 邮箱服务器 (497720537@qq.com) ...
[2026-05-12 03:57:57]  正在连接 QQ-备用 邮箱服务器 (shouqianbadavid@qq.com) ...
[2026-05-12 03:58:33]  正在连接 QQ-主 邮箱服务器 (497720537@qq.com) ...
[2026-05-12 03:58:34]  正在连接 QQ-备用 邮箱服务器 (shouqianbadavid@qq.com) ...
[2026-05-12 03:59:10]  正在连接 QQ-主 邮箱服务器 (497720537@qq.com) ...
[2026-05-12 03:59:10]  正在连接 QQ-备用 邮箱服务器 (shouqianbadavid@qq.com) ...
[2026-05-12 03:59:46]  正在连接 QQ-主 邮箱服务器 (497720537@qq.com) ...
[2026-05-12 03:59:47]  正在连接 QQ-备用 邮箱服务器 (shouqianbadavid@qq.com) ...
[2026-05-12 04:00:22]  正在连接 QQ-主 邮箱服务器 (497720537@qq.com) ...
[2026-05-12 04:00:23]  正在连接 QQ-备用 邮箱服务器 (shouqianbadavid@qq.com) ...
[2026-05-12 04:00:59]  正在连接 QQ-主 邮箱服务器 (497720537@qq.com) ...
[2026-05-12 04:01:00]  正在连接 QQ-备用 邮箱服务器 (shouqianbadavid@qq.com) ...
[2026-05-12 04:01:35]  正在连接 QQ-主 邮箱服务器 (497720537@qq.com) ...
[2026-05-12 04:01:36]  正在连接 QQ-备用 邮箱服务器 (shouqianbadavid@qq.com) ...
[2026-05-12 04:02:12]  正在连接 QQ-主 邮箱服务器 (497720537@qq.com) ...
[2026-05-12 04:02:13]  正在连接 QQ-备用 邮箱服务器 (shouqianbadavid@qq.com) ...
[2026-05-12 04:02:48]  正在连接 QQ-主 邮箱服务器 (497720537@qq.com) ...
[2026-05-12 04:02:49]  正在连接 QQ-备用 邮箱服务器 (shouqianbadavid@qq.com) ...
[2026-05-12 04:03:25]  正在连接 QQ-主 邮箱服务器 (497720537@qq.com) ...
[2026-05-12 04:03:26]  正在连接 QQ-备用 邮箱服务器 (shouqianbadavid@qq.com) ...
[2026-05-12 04:04:02]  正在连接 QQ-主 邮箱服务器 (497720537@qq.com) ...
[2026-05-12 04:04:02]  正在连接 QQ-备用 邮箱服务器 (shouqianbadavid@qq.com) ...
[2026-05-12 04:04:38]  正在连接 QQ-主 邮箱服务器 (497720537@qq.com) ...
[2026-05-12 04:04:39]  正在连接 QQ-备用 邮箱服务器 (shouqianbadavid@qq.com) ...
[2026-05-12 04:05:14]  正在连接 QQ-主 邮箱服务器 (497720537@qq.com) ...
[2026-05-12 04:05:15]  正在连接 QQ-备用 邮箱服务器 (shouqianbadavid@qq.com) ...
[2026-05-12 04:05:51]  正在连接 QQ-主 邮箱服务器 (497720537@qq.com) ...
[2026-05-12 04:05:51]  正在连接 QQ-备用 邮箱服务器 (shouqianbadavid@qq.com) ...
[2026-05-12 04:06:27]  正在连接 QQ-主 邮箱服务器 (497720537@qq.com) ...
[2026-05-12 04:06:28]  正在连接 QQ-备用 邮箱服务器 (shouqianbadavid@qq.com) ...
[2026-05-12 04:07:04]  正在连接 QQ-主 邮箱服务器 (497720537@qq.com) ...
[2026-05-12 04:07:05]  正在连接 QQ-备用 邮箱服务器 (shouqianbadavid@qq.com) ...
[2026-05-12 04:07:40]  正在连接 QQ-主 邮箱服务器 (497720537@qq.com) ...
[2026-05-12 04:07:41]  正在连接 QQ-备用 邮箱服务器 (shouqianbadavid@qq.com) ...
[2026-05-12 04:08:17]  正在连接 QQ-主 邮箱服务器 (497720537@qq.com) ...
[2026-05-12 04:08:17]  正在连接 QQ-备用 邮箱服务器 (shouqianbadavid@qq.com) ...
[2026-05-12 04:08:53]  正在连接 QQ-主 邮箱服务器 (497720537@qq.com) ...
[2026-05-12 04:08:54]  正在连接 QQ-备用 邮箱服务器 (shouqianbadavid@qq.com) ...
[2026-05-12 04:09:30]  正在连接 QQ-主 邮箱服务器 (497720537@qq.com) ...
[2026-05-12 04:09:31]  正在连接 QQ-备用 邮箱服务器 (shouqianbadavid@qq.com) ...
[2026-05-12 04:10:07]  正在连接 QQ-主 邮箱服务器 (497720537@qq.com) ...
[2026-05-12 04:10:07]  正在连接 QQ-备用 邮箱服务器 (shouqianbadavid@qq.com) ...
[2026-05-12 04:10:43]  正在连接 QQ-主 邮箱服务器 (497720537@qq.com) ...
[2026-05-12 04:10:44]  正在连接 QQ-备用 邮箱服务器 (shouqianbadavid@qq.com) ...
[2026-05-12 04:11:20]  正在连接 QQ-主 邮箱服务器 (497720537@qq.com) ...
[2026-05-12 04:11:20]  正在连接 QQ-备用 邮箱服务器 (shouqianbadavid@qq.com) ...
[2026-05-12 04:11:56]  正在连接 QQ-主 邮箱服务器 (497720537@qq.com) ...
[2026-05-12 04:11:56]  正在连接 QQ-备用 邮箱服务器 (shouqianbadavid@qq.com) ...
[2026-05-12 04:12:32]  正在连接 QQ-主 邮箱服务器 (497720537@qq.com) ...
[2026-05-12 04:12:33]  正在连接 QQ-备用 邮箱服务器 (shouqianbadavid@qq.com) ...
[2026-05-12 04:13:08]  正在连接 QQ-主 邮箱服务器 (497720537@qq.com) ...
[2026-05-12 04:13:09]  正在连接 QQ-备用 邮箱服务器 (shouqianbadavid@qq.com) ...
[2026-05-12 04:13:45]  正在连接 QQ-主 邮箱服务器 (497720537@qq.com) ...
[2026-05-12 04:13:45]  正在连接 QQ-备用 邮箱服务器 (shouqianbadavid@qq.com) ...
[2026-05-12 04:14:21]  正在连接 QQ-主 邮箱服务器 (497720537@qq.com) ...
[2026-05-12 04:14:22]  正在连接 QQ-备用 邮箱服务器 (shouqianbadavid@qq.com) ...
[2026-05-12 04:14:57]  正在连接 QQ-主 邮箱服务器 (497720537@qq.com) ...
[2026-05-12 04:14:58]  正在连接 QQ-备用 邮箱服务器 (shouqianbadavid@qq.com) ...
[2026-05-12 04:15:34]  正在连接 QQ-主 邮箱服务器 (497720537@qq.com) ...
[2026-05-12 04:15:35]  正在连接 QQ-备用 邮箱服务器 (shouqianbadavid@qq.com) ...
[2026-05-12 04:16:10]  正在连接 QQ-主 邮箱服务器 (497720537@qq.com) ...
[2026-05-12 04:16:11]  正在连接 QQ-备用 邮箱服务器 (shouqianbadavid@qq.com) ...
[2026-05-12 04:16:47]  正在连接 QQ-主 邮箱服务器 (497720537@qq.com) ...
[2026-05-12 04:16:48]  正在连接 QQ-备用 邮箱服务器 (shouqianbadavid@qq.com) ...
[2026-05-12 04:17:23]  正在连接 QQ-主 邮箱服务器 (497720537@qq.com) ...
[2026-05-12 04:17:24]  正在连接 QQ-备用 邮箱服务器 (shouqianbadavid@qq.com) ...
[2026-05-12 04:17:59]  正在连接 QQ-主 邮箱服务器 (497720537@qq.com) ...
[2026-05-12 04:18:00]  正在连接 QQ-备用 邮箱服务器 (shouqianbadavid@qq.com) ...
[2026-05-12 04:18:35]  正在连接 QQ-主 邮箱服务器 (497720537@qq.com) ...
[2026-05-12 04:18:36]  正在连接 QQ-备用 邮箱服务器 (shouqianbadavid@qq.com) ...
[2026-05-12 04:19:12]  正在连接 QQ-主 邮箱服务器 (497720537@qq.com) ...
[2026-05-12 04:19:12]  正在连接 QQ-备用 邮箱服务器 (shouqianbadavid@qq.com) ...
[2026-05-12 04:19:49]  正在连接 QQ-主 邮箱服务器 (497720537@qq.com) ...
[2026-05-12 04:19:49]  正在连接 QQ-备用 邮箱服务器 (shouqianbadavid@qq.com) ...
[2026-05-12 04:20:25]  正在连接 QQ-主 邮箱服务器 (497720537@qq.com) ...
[2026-05-12 04:20:26]  正在连接 QQ-备用 邮箱服务器 (shouqianbadavid@qq.com) ...
[2026-05-12 04:21:01]  正在连接 QQ-主 邮箱服务器 (497720537@qq.com) ...
[2026-05-12 04:21:02]  正在连接 QQ-备用 邮箱服务器 (shouqianbadavid@qq.com) ...
[2026-05-12 04:21:38]  正在连接 QQ-主 邮箱服务器 (497720537@qq.com) ...
[2026-05-12 04:21:39]  正在连接 QQ-备用 邮箱服务器 (shouqianbadavid@qq.com) ...
[2026-05-12 04:22:15]  正在连接 QQ-主 邮箱服务器 (497720537@qq.com) ...
[2026-05-12 04:22:16]  正在连接 QQ-备用 邮箱服务器 (shouqianbadavid@qq.com) ...
[2026-05-12 04:22:52]  正在连接 QQ-主 邮箱服务器 (497720537@qq.com) ...
[2026-05-12 04:22:53]  正在连接 QQ-备用 邮箱服务器 (shouqianbadavid@qq.com) ...
[2026-05-12 04:23:29]  正在连接 QQ-主 邮箱服务器 (497720537@qq.com) ...
[2026-05-12 04:23:30]  正在连接 QQ-备用 邮箱服务器 (shouqianbadavid@qq.com) ...
[2026-05-12 04:24:06]  正在连接 QQ-主 邮箱服务器 (497720537@qq.com) ...
[2026-05-12 04:24:07]  正在连接 QQ-备用 邮箱服务器 (shouqianbadavid@qq.com) ...
[2026-05-12 04:24:42]  正在连接 QQ-主 邮箱服务器 (497720537@qq.com) ...
[2026-05-12 04:24:43]  正在连接 QQ-备用 邮箱服务器 (shouqianbadavid@qq.com) ...
[2026-05-12 04:25:19]  正在连接 QQ-主 邮箱服务器 (497720537@qq.com) ...
[2026-05-12 04:25:20]  正在连接 QQ-备用 邮箱服务器 (shouqianbadavid@qq.com) ...
[2026-05-12 04:25:56]  正在连接 QQ-主 邮箱服务器 (497720537@qq.com) ...
[2026-05-12 04:25:57]  正在连接 QQ-备用 邮箱服务器 (shouqianbadavid@qq.com) ...
[2026-05-12 04:26:32]  正在连接 QQ-主 邮箱服务器 (497720537@qq.com) ...
[2026-05-12 04:26:33]  正在连接 QQ-备用 邮箱服务器 (shouqianbadavid@qq.com) ...
[2026-05-12 04:27:10]  正在连接 QQ-主 邮箱服务器 (497720537@qq.com) ...
[2026-05-12 04:27:10]  正在连接 QQ-备用 邮箱服务器 (shouqianbadavid@qq.com) ...
[2026-05-12 04:27:46]  正在连接 QQ-主 邮箱服务器 (497720537@qq.com) ...
[2026-05-12 04:27:47]  正在连接 QQ-备用 邮箱服务器 (shouqianbadavid@qq.com) ...
[2026-05-12 04:28:22]  正在连接 QQ-主 邮箱服务器 (497720537@qq.com) ...
[2026-05-12 04:28:23]  正在连接 QQ-备用 邮箱服务器 (shouqianbadavid@qq.com) ...
[2026-05-12 04:28:59]  正在连接 QQ-主 邮箱服务器 (497720537@qq.com) ...
[2026-05-12 04:29:00]  正在连接 QQ-备用 邮箱服务器 (shouqianbadavid@qq.com) ...
[2026-05-12 04:29:36]  正在连接 QQ-主 邮箱服务器 (497720537@qq.com) ...
[2026-05-12 04:29:37]  正在连接 QQ-备用 邮箱服务器 (shouqianbadavid@qq.com) ...
[2026-05-12 04:30:13]  正在连接 QQ-主 邮箱服务器 (497720537@qq.com) ...
[2026-05-12 04:30:13]  正在连接 QQ-备用 邮箱服务器 (shouqianbadavid@qq.com) ...
[2026-05-12 04:30:49]  正在连接 QQ-主 邮箱服务器 (497720537@qq.com) ...
[2026-05-12 04:30:50]  正在连接 QQ-备用 邮箱服务器 (shouqianbadavid@qq.com) ...
[2026-05-12 04:31:26]  正在连接 QQ-主 邮箱服务器 (497720537@qq.com) ...
[2026-05-12 04:31:27]  正在连接 QQ-备用 邮箱服务器 (shouqianbadavid@qq.com) ...
[2026-05-12 04:32:03]  正在连接 QQ-主 邮箱服务器 (497720537@qq.com) ...
[2026-05-12 04:32:04]  正在连接 QQ-备用 邮箱服务器 (shouqianbadavid@qq.com) ...
[2026-05-12 04:32:39]  正在连接 QQ-主 邮箱服务器 (497720537@qq.com) ...
[2026-05-12 04:32:40]  正在连接 QQ-备用 邮箱服务器 (shouqianbadavid@qq.com) ...
[2026-05-12 04:33:16]  正在连接 QQ-主 邮箱服务器 (497720537@qq.com) ...
[2026-05-12 04:33:17]  正在连接 QQ-备用 邮箱服务器 (shouqianbadavid@qq.com) ...
[2026-05-12 04:33:53]  正在连接 QQ-主 邮箱服务器 (497720537@qq.com) ...
[2026-05-12 04:33:54]  正在连接 QQ-备用 邮箱服务器 (shouqianbadavid@qq.com) ...
[2026-05-12 04:34:30]  正在连接 QQ-主 邮箱服务器 (497720537@qq.com) ...
[2026-05-12 04:34:30]  正在连接 QQ-备用 邮箱服务器 (shouqianbadavid@qq.com) ...
[2026-05-12 04:35:06]  正在连接 QQ-主 邮箱服务器 (497720537@qq.com) ...
[2026-05-12 04:35:07]  正在连接 QQ-备用 邮箱服务器 (shouqianbadavid@qq.com) ...
[2026-05-12 04:35:43]  正在连接 QQ-主 邮箱服务器 (497720537@qq.com) ...
[2026-05-12 04:35:44]  正在连接 QQ-备用 邮箱服务器 (shouqianbadavid@qq.com) ...
[2026-05-12 04:36:19]  正在连接 QQ-主 邮箱服务器 (497720537@qq.com) ...
[2026-05-12 04:36:20]  正在连接 QQ-备用 邮箱服务器 (shouqianbadavid@qq.com) ...
[2026-05-12 04:36:56]  正在连接 QQ-主 邮箱服务器 (497720537@qq.com) ...
[2026-05-12 04:36:57]  正在连接 QQ-备用 邮箱服务器 (shouqianbadavid@qq.com) ...
[2026-05-12 04:37:33]  正在连接 QQ-主 邮箱服务器 (497720537@qq.com) ...
[2026-05-12 04:37:34]  正在连接 QQ-备用 邮箱服务器 (shouqianbadavid@qq.com) ...
[2026-05-12 04:38:09]  正在连接 QQ-主 邮箱服务器 (497720537@qq.com) ...
[2026-05-12 04:38:10]  正在连接 QQ-备用 邮箱服务器 (shouqianbadavid@qq.com) ...
[2026-05-12 04:38:46]  正在连接 QQ-主 邮箱服务器 (497720537@qq.com) ...
[2026-05-12 04:38:46]  正在连接 QQ-备用 邮箱服务器 (shouqianbadavid@qq.com) ...
[2026-05-12 04:39:22]  正在连接 QQ-主 邮箱服务器 (497720537@qq.com) ...
[2026-05-12 04:39:23]  正在连接 QQ-备用 邮箱服务器 (shouqianbadavid@qq.com) ...
[2026-05-12 04:39:59]  正在连接 QQ-主 邮箱服务器 (497720537@qq.com) ...
[2026-05-12 04:39:59]  正在连接 QQ-备用 邮箱服务器 (shouqianbadavid@qq.com) ...
[2026-05-12 04:40:35]  正在连接 QQ-主 邮箱服务器 (497720537@qq.com) ...
[2026-05-12 04:40:36]  正在连接 QQ-备用 邮箱服务器 (shouqianbadavid@qq.com) ...
[2026-05-12 04:41:12]  正在连接 QQ-主 邮箱服务器 (497720537@qq.com) ...
[2026-05-12 04:41:12]  正在连接 QQ-备用 邮箱服务器 (shouqianbadavid@qq.com) ...
[2026-05-12 04:41:48]  正在连接 QQ-主 邮箱服务器 (497720537@qq.com) ...
[2026-05-12 04:41:49]  正在连接 QQ-备用 邮箱服务器 (shouqianbadavid@qq.com) ...
[2026-05-12 04:42:24]  正在连接 QQ-主 邮箱服务器 (497720537@qq.com) ...
[2026-05-12 04:42:25]  正在连接 QQ-备用 邮箱服务器 (shouqianbadavid@qq.com) ...
[2026-05-12 04:43:01]  正在连接 QQ-主 邮箱服务器 (497720537@qq.com) ...
[2026-05-12 04:43:01]  正在连接 QQ-备用 邮箱服务器 (shouqianbadavid@qq.com) ...
[2026-05-12 04:43:37]  正在连接 QQ-主 邮箱服务器 (497720537@qq.com) ...
[2026-05-12 04:43:38]  正在连接 QQ-备用 邮箱服务器 (shouqianbadavid@qq.com) ...
[2026-05-12 04:44:13]  正在连接 QQ-主 邮箱服务器 (497720537@qq.com) ...
[2026-05-12 04:44:14]  正在连接 QQ-备用 邮箱服务器 (shouqianbadavid@qq.com) ...
[2026-05-12 04:44:50]  正在连接 QQ-主 邮箱服务器 (497720537@qq.com) ...
[2026-05-12 04:44:50]  正在连接 QQ-备用 邮箱服务器 (shouqianbadavid@qq.com) ...
[2026-05-12 04:45:26]  正在连接 QQ-主 邮箱服务器 (497720537@qq.com) ...
[2026-05-12 04:45:27]  正在连接 QQ-备用 邮箱服务器 (shouqianbadavid@qq.com) ...
[2026-05-12 04:46:02]  正在连接 QQ-主 邮箱服务器 (497720537@qq.com) ...
[2026-05-12 04:46:03]  正在连接 QQ-备用 邮箱服务器 (shouqianbadavid@qq.com) ...
[2026-05-12 04:46:39]  正在连接 QQ-主 邮箱服务器 (497720537@qq.com) ...
[2026-05-12 04:46:40]  正在连接 QQ-备用 邮箱服务器 (shouqianbadavid@qq.com) ...
[2026-05-12 04:47:15]  正在连接 QQ-主 邮箱服务器 (497720537@qq.com) ...
[2026-05-12 04:47:16]  正在连接 QQ-备用 邮箱服务器 (shouqianbadavid@qq.com) ...
[2026-05-12 04:47:52]  正在连接 QQ-主 邮箱服务器 (497720537@qq.com) ...
[2026-05-12 04:47:53]  正在连接 QQ-备用 邮箱服务器 (shouqianbadavid@qq.com) ...
[2026-05-12 04:48:28]  正在连接 QQ-主 邮箱服务器 (497720537@qq.com) ...
[2026-05-12 04:48:29]  正在连接 QQ-备用 邮箱服务器 (shouqianbadavid@qq.com) ...
[2026-05-12 04:49:04]  正在连接 QQ-主 邮箱服务器 (497720537@qq.com) ...
[2026-05-12 04:49:05]  正在连接 QQ-备用 邮箱服务器 (shouqianbadavid@qq.com) ...
[2026-05-12 04:49:41]  正在连接 QQ-主 邮箱服务器 (497720537@qq.com) ...
[2026-05-12 04:49:42]  正在连接 QQ-备用 邮箱服务器 (shouqianbadavid@qq.com) ...
[2026-05-12 04:50:18]  正在连接 QQ-主 邮箱服务器 (497720537@qq.com) ...
[2026-05-12 04:50:19]  正在连接 QQ-备用 邮箱服务器 (shouqianbadavid@qq.com) ...
[2026-05-12 04:50:55]  正在连接 QQ-主 邮箱服务器 (497720537@qq.com) ...
[2026-05-12 04:50:56]  正在连接 QQ-备用 邮箱服务器 (shouqianbadavid@qq.com) ...
[2026-05-12 04:51:31]  正在连接 QQ-主 邮箱服务器 (497720537@qq.com) ...
[2026-05-12 04:51:32]  正在连接 QQ-备用 邮箱服务器 (shouqianbadavid@qq.com) ...
[2026-05-12 04:52:08]  正在连接 QQ-主 邮箱服务器 (497720537@qq.com) ...
[2026-05-12 04:52:08]  正在连接 QQ-备用 邮箱服务器 (shouqianbadavid@qq.com) ...
[2026-05-12 04:52:44]  正在连接 QQ-主 邮箱服务器 (497720537@qq.com) ...
[2026-05-12 04:52:45]  正在连接 QQ-备用 邮箱服务器 (shouqianbadavid@qq.com) ...
[2026-05-12 04:53:21]  正在连接 QQ-主 邮箱服务器 (497720537@qq.com) ...
[2026-05-12 04:53:22]  正在连接 QQ-备用 邮箱服务器 (shouqianbadavid@qq.com) ...
[2026-05-12 04:53:58]  正在连接 QQ-主 邮箱服务器 (497720537@qq.com) ...
[2026-05-12 04:53:59]  正在连接 QQ-备用 邮箱服务器 (shouqianbadavid@qq.com) ...
[2026-05-12 04:54:35]  正在连接 QQ-主 邮箱服务器 (497720537@qq.com) ...
[2026-05-12 04:54:36]  正在连接 QQ-备用 邮箱服务器 (shouqianbadavid@qq.com) ...
[2026-05-12 04:55:11]  正在连接 QQ-主 邮箱服务器 (497720537@qq.com) ...
[2026-05-12 04:55:12]  正在连接 QQ-备用 邮箱服务器 (shouqianbadavid@qq.com) ...
[2026-05-12 04:55:48]  正在连接 QQ-主 邮箱服务器 (497720537@qq.com) ...
[2026-05-12 04:55:49]  正在连接 QQ-备用 邮箱服务器 (shouqianbadavid@qq.com) ...
[2026-05-12 04:56:25]  正在连接 QQ-主 邮箱服务器 (497720537@qq.com) ...
[2026-05-12 04:56:25]  正在连接 QQ-备用 邮箱服务器 (shouqianbadavid@qq.com) ...
[2026-05-12 04:57:01]  正在连接 QQ-主 邮箱服务器 (497720537@qq.com) ...
[2026-05-12 04:57:02]  正在连接 QQ-备用 邮箱服务器 (shouqianbadavid@qq.com) ...
[2026-05-12 04:57:38]  正在连接 QQ-主 邮箱服务器 (497720537@qq.com) ...
[2026-05-12 04:57:38]  正在连接 QQ-备用 邮箱服务器 (shouqianbadavid@qq.com) ...
[2026-05-12 04:58:14]  正在连接 QQ-主 邮箱服务器 (497720537@qq.com) ...
[2026-05-12 04:58:15]  正在连接 QQ-备用 邮箱服务器 (shouqianbadavid@qq.com) ...
[2026-05-12 04:58:51]  正在连接 QQ-主 邮箱服务器 (497720537@qq.com) ...
[2026-05-12 04:58:52]  正在连接 QQ-备用 邮箱服务器 (shouqianbadavid@qq.com) ...
[2026-05-12 04:59:27]  正在连接 QQ-主 邮箱服务器 (497720537@qq.com) ...
[2026-05-12 04:59:28]  正在连接 QQ-备用 邮箱服务器 (shouqianbadavid@qq.com) ...
[2026-05-12 05:00:04]  正在连接 QQ-主 邮箱服务器 (497720537@qq.com) ...
[2026-05-12 05:00:05]  正在连接 QQ-备用 邮箱服务器 (shouqianbadavid@qq.com) ...
[2026-05-12 05:00:40]  正在连接 QQ-主 邮箱服务器 (497720537@qq.com) ...
[2026-05-12 05:00:41]  正在连接 QQ-备用 邮箱服务器 (shouqianbadavid@qq.com) ...
[2026-05-12 05:01:17]  正在连接 QQ-主 邮箱服务器 (497720537@qq.com) ...
[2026-05-12 05:01:18]  正在连接 QQ-备用 邮箱服务器 (shouqianbadavid@qq.com) ...
[2026-05-12 05:01:54]  正在连接 QQ-主 邮箱服务器 (497720537@qq.com) ...
[2026-05-12 05:01:54]  正在连接 QQ-备用 邮箱服务器 (shouqianbadavid@qq.com) ...
[2026-05-12 05:02:30]  正在连接 QQ-主 邮箱服务器 (497720537@qq.com) ...
[2026-05-12 05:02:31]  正在连接 QQ-备用 邮箱服务器 (shouqianbadavid@qq.com) ...
[2026-05-12 05:03:07]  正在连接 QQ-主 邮箱服务器 (497720537@qq.com) ...
[2026-05-12 05:03:07]  正在连接 QQ-备用 邮箱服务器 (shouqianbadavid@qq.com) ...
[2026-05-12 05:03:43]  正在连接 QQ-主 邮箱服务器 (497720537@qq.com) ...
[2026-05-12 05:03:43]  正在连接 QQ-备用 邮箱服务器 (shouqianbadavid@qq.com) ...
[2026-05-12 05:04:20]  正在连接 QQ-主 邮箱服务器 (497720537@qq.com) ...
[2026-05-12 05:04:20]  正在连接 QQ-备用 邮箱服务器 (shouqianbadavid@qq.com) ...
[2026-05-12 05:04:56]  正在连接 QQ-主 邮箱服务器 (497720537@qq.com) ...
[2026-05-12 05:04:57]  正在连接 QQ-备用 邮箱服务器 (shouqianbadavid@qq.com) ...
[2026-05-12 05:05:33]  正在连接 QQ-主 邮箱服务器 (497720537@qq.com) ...
[2026-05-12 05:05:34]  正在连接 QQ-备用 邮箱服务器 (shouqianbadavid@qq.com) ...
[2026-05-12 05:06:10]  正在连接 QQ-主 邮箱服务器 (497720537@qq.com) ...
[2026-05-12 05:06:10]  正在连接 QQ-备用 邮箱服务器 (shouqianbadavid@qq.com) ...
[2026-05-12 05:06:46]  正在连接 QQ-主 邮箱服务器 (497720537@qq.com) ...
[2026-05-12 05:06:47]  正在连接 QQ-备用 邮箱服务器 (shouqianbadavid@qq.com) ...
[2026-05-12 05:07:23]  正在连接 QQ-主 邮箱服务器 (497720537@qq.com) ...
[2026-05-12 05:07:23]  正在连接 QQ-备用 邮箱服务器 (shouqianbadavid@qq.com) ...
[2026-05-12 05:07:59]  正在连接 QQ-主 邮箱服务器 (497720537@qq.com) ...
[2026-05-12 05:08:00]  正在连接 QQ-备用 邮箱服务器 (shouqianbadavid@qq.com) ...
[2026-05-12 05:08:36]  正在连接 QQ-主 邮箱服务器 (497720537@qq.com) ...
[2026-05-12 05:08:37]  正在连接 QQ-备用 邮箱服务器 (shouqianbadavid@qq.com) ...
[2026-05-12 05:09:12]  正在连接 QQ-主 邮箱服务器 (497720537@qq.com) ...
[2026-05-12 05:09:13]  正在连接 QQ-备用 邮箱服务器 (shouqianbadavid@qq.com) ...
[2026-05-12 05:09:49]  正在连接 QQ-主 邮箱服务器 (497720537@qq.com) ...
[2026-05-12 05:09:50]  正在连接 QQ-备用 邮箱服务器 (shouqianbadavid@qq.com) ...
[2026-05-12 05:10:25]  正在连接 QQ-主 邮箱服务器 (497720537@qq.com) ...
[2026-05-12 05:10:26]  正在连接 QQ-备用 邮箱服务器 (shouqianbadavid@qq.com) ...
[2026-05-12 05:11:02]  正在连接 QQ-主 邮箱服务器 (497720537@qq.com) ...
[2026-05-12 05:11:03]  正在连接 QQ-备用 邮箱服务器 (shouqianbadavid@qq.com) ...
[2026-05-12 05:11:39]  正在连接 QQ-主 邮箱服务器 (497720537@qq.com) ...
[2026-05-12 05:11:39]  正在连接 QQ-备用 邮箱服务器 (shouqianbadavid@qq.com) ...
[2026-05-12 05:12:15]  正在连接 QQ-主 邮箱服务器 (497720537@qq.com) ...
[2026-05-12 05:12:16]  正在连接 QQ-备用 邮箱服务器 (shouqianbadavid@qq.com) ...
[2026-05-12 05:12:52]  正在连接 QQ-主 邮箱服务器 (497720537@qq.com) ...
[2026-05-12 05:12:52]  正在连接 QQ-备用 邮箱服务器 (shouqianbadavid@qq.com) ...
[2026-05-12 05:13:28]  正在连接 QQ-主 邮箱服务器 (497720537@qq.com) ...
[2026-05-12 05:13:29]  正在连接 QQ-备用 邮箱服务器 (shouqianbadavid@qq.com) ...
[2026-05-12 05:14:05]  正在连接 QQ-主 邮箱服务器 (497720537@qq.com) ...
[2026-05-12 05:14:05]  正在连接 QQ-备用 邮箱服务器 (shouqianbadavid@qq.com) ...
[2026-05-12 05:14:41]  正在连接 QQ-主 邮箱服务器 (497720537@qq.com) ...
[2026-05-12 05:14:42]  正在连接 QQ-备用 邮箱服务器 (shouqianbadavid@qq.com) ...
[2026-05-12 05:15:18]  正在连接 QQ-主 邮箱服务器 (497720537@qq.com) ...
[2026-05-12 05:15:18]  正在连接 QQ-备用 邮箱服务器 (shouqianbadavid@qq.com) ...
[2026-05-12 05:15:54]  正在连接 QQ-主 邮箱服务器 (497720537@qq.com) ...
[2026-05-12 05:15:54]  正在连接 QQ-备用 邮箱服务器 (shouqianbadavid@qq.com) ...
[2026-05-12 05:16:30]  正在连接 QQ-主 邮箱服务器 (497720537@qq.com) ...
[2026-05-12 05:16:31]  正在连接 QQ-备用 邮箱服务器 (shouqianbadavid@qq.com) ...
[2026-05-12 05:17:07]  正在连接 QQ-主 邮箱服务器 (497720537@qq.com) ...
[2026-05-12 05:17:08]  正在连接 QQ-备用 邮箱服务器 (shouqianbadavid@qq.com) ...
[2026-05-12 05:17:43]  正在连接 QQ-主 邮箱服务器 (497720537@qq.com) ...
[2026-05-12 05:17:44]  正在连接 QQ-备用 邮箱服务器 (shouqianbadavid@qq.com) ...
[2026-05-12 05:18:20]  正在连接 QQ-主 邮箱服务器 (497720537@qq.com) ...
[2026-05-12 05:18:21]  正在连接 QQ-备用 邮箱服务器 (shouqianbadavid@qq.com) ...
[2026-05-12 05:18:57]  正在连接 QQ-主 邮箱服务器 (497720537@qq.com) ...
[2026-05-12 05:18:58]  正在连接 QQ-备用 邮箱服务器 (shouqianbadavid@qq.com) ...
[2026-05-12 05:19:34]  正在连接 QQ-主 邮箱服务器 (497720537@qq.com) ...
[2026-05-12 05:19:35]  正在连接 QQ-备用 邮箱服务器 (shouqianbadavid@qq.com) ...
[2026-05-12 05:20:11]  正在连接 QQ-主 邮箱服务器 (497720537@qq.com) ...
[2026-05-12 05:20:11]  正在连接 QQ-备用 邮箱服务器 (shouqianbadavid@qq.com) ...
[2026-05-12 05:20:47]  正在连接 QQ-主 邮箱服务器 (497720537@qq.com) ...
[2026-05-12 05:20:48]  正在连接 QQ-备用 邮箱服务器 (shouqianbadavid@qq.com) ...
[2026-05-12 05:21:24]  正在连接 QQ-主 邮箱服务器 (497720537@qq.com) ...
[2026-05-12 05:21:24]  正在连接 QQ-备用 邮箱服务器 (shouqianbadavid@qq.com) ...
[2026-05-12 05:22:00]  正在连接 QQ-主 邮箱服务器 (497720537@qq.com) ...
[2026-05-12 05:22:01]  正在连接 QQ-备用 邮箱服务器 (shouqianbadavid@qq.com) ...
[2026-05-12 05:22:36]  正在连接 QQ-主 邮箱服务器 (497720537@qq.com) ...
[2026-05-12 05:22:37]  正在连接 QQ-备用 邮箱服务器 (shouqianbadavid@qq.com) ...
[2026-05-12 05:23:13]  正在连接 QQ-主 邮箱服务器 (497720537@qq.com) ...
[2026-05-12 05:23:14]  正在连接 QQ-备用 邮箱服务器 (shouqianbadavid@qq.com) ...
[2026-05-12 05:23:49]  正在连接 QQ-主 邮箱服务器 (497720537@qq.com) ...
[2026-05-12 05:23:50]  正在连接 QQ-备用 邮箱服务器 (shouqianbadavid@qq.com) ...
[2026-05-12 05:24:26]  正在连接 QQ-主 邮箱服务器 (497720537@qq.com) ...
[2026-05-12 05:24:27]  正在连接 QQ-备用 邮箱服务器 (shouqianbadavid@qq.com) ...
[2026-05-12 05:25:02]  正在连接 QQ-主 邮箱服务器 (497720537@qq.com) ...
[2026-05-12 05:25:03]  正在连接 QQ-备用 邮箱服务器 (shouqianbadavid@qq.com) ...
[2026-05-12 05:25:39]  正在连接 QQ-主 邮箱服务器 (497720537@qq.com) ...
[2026-05-12 05:25:40]  正在连接 QQ-备用 邮箱服务器 (shouqianbadavid@qq.com) ...
[2026-05-12 05:26:15]  正在连接 QQ-主 邮箱服务器 (497720537@qq.com) ...
[2026-05-12 05:26:16]  正在连接 QQ-备用 邮箱服务器 (shouqianbadavid@qq.com) ...
[2026-05-12 05:26:51]  正在连接 QQ-主 邮箱服务器 (497720537@qq.com) ...
[2026-05-12 05:26:52]  正在连接 QQ-备用 邮箱服务器 (shouqianbadavid@qq.com) ...
[2026-05-12 05:27:28]  正在连接 QQ-主 邮箱服务器 (497720537@qq.com) ...
[2026-05-12 05:27:28]  正在连接 QQ-备用 邮箱服务器 (shouqianbadavid@qq.com) ...
[2026-05-12 05:28:04]  正在连接 QQ-主 邮箱服务器 (497720537@qq.com) ...
[2026-05-12 05:28:05]  正在连接 QQ-备用 邮箱服务器 (shouqianbadavid@qq.com) ...
[2026-05-12 05:28:40]  正在连接 QQ-主 邮箱服务器 (497720537@qq.com) ...
[2026-05-12 05:28:41]  正在连接 QQ-备用 邮箱服务器 (shouqianbadavid@qq.com) ...
[2026-05-12 05:29:17]  正在连接 QQ-主 邮箱服务器 (497720537@qq.com) ...
[2026-05-12 05:29:18]  正在连接 QQ-备用 邮箱服务器 (shouqianbadavid@qq.com) ...
[2026-05-12 05:29:53]  正在连接 QQ-主 邮箱服务器 (497720537@qq.com) ...
[2026-05-12 05:29:54]  正在连接 QQ-备用 邮箱服务器 (shouqianbadavid@qq.com) ...
[2026-05-12 05:30:30]  正在连接 QQ-主 邮箱服务器 (497720537@qq.com) ...
[2026-05-12 05:30:30]  正在连接 QQ-备用 邮箱服务器 (shouqianbadavid@qq.com) ...
[2026-05-12 05:31:06]  正在连接 QQ-主 邮箱服务器 (497720537@qq.com) ...
[2026-05-12 05:31:07]  正在连接 QQ-备用 邮箱服务器 (shouqianbadavid@qq.com) ...
[2026-05-12 05:31:43]  正在连接 QQ-主 邮箱服务器 (497720537@qq.com) ...
[2026-05-12 05:31:43]  正在连接 QQ-备用 邮箱服务器 (shouqianbadavid@qq.com) ...
[2026-05-12 05:32:19]  正在连接 QQ-主 邮箱服务器 (497720537@qq.com) ...
[2026-05-12 05:32:20]  正在连接 QQ-备用 邮箱服务器 (shouqianbadavid@qq.com) ...
[2026-05-12 05:32:56]  正在连接 QQ-主 邮箱服务器 (497720537@qq.com) ...
[2026-05-12 05:32:57]  正在连接 QQ-备用 邮箱服务器 (shouqianbadavid@qq.com) ...
[2026-05-12 05:33:32]  正在连接 QQ-主 邮箱服务器 (497720537@qq.com) ...
[2026-05-12 05:33:33]  正在连接 QQ-备用 邮箱服务器 (shouqianbadavid@qq.com) ...
[2026-05-12 05:34:09]  正在连接 QQ-主 邮箱服务器 (497720537@qq.com) ...
[2026-05-12 05:34:09]  正在连接 QQ-备用 邮箱服务器 (shouqianbadavid@qq.com) ...
[2026-05-12 05:34:45]  正在连接 QQ-主 邮箱服务器 (497720537@qq.com) ...
[2026-05-12 05:34:46]  正在连接 QQ-备用 邮箱服务器 (shouqianbadavid@qq.com) ...
[2026-05-12 05:35:21]  正在连接 QQ-主 邮箱服务器 (497720537@qq.com) ...
[2026-05-12 05:35:22]  正在连接 QQ-备用 邮箱服务器 (shouqianbadavid@qq.com) ...
[2026-05-12 05:35:58]  正在连接 QQ-主 邮箱服务器 (497720537@qq.com) ...
[2026-05-12 05:35:59]  正在连接 QQ-备用 邮箱服务器 (shouqianbadavid@qq.com) ...
[2026-05-12 05:36:35]  正在连接 QQ-主 邮箱服务器 (497720537@qq.com) ...
[2026-05-12 05:36:35]  正在连接 QQ-备用 邮箱服务器 (shouqianbadavid@qq.com) ...
[2026-05-12 05:37:11]  正在连接 QQ-主 邮箱服务器 (497720537@qq.com) ...
[2026-05-12 05:37:11]  正在连接 QQ-备用 邮箱服务器 (shouqianbadavid@qq.com) ...
[2026-05-12 05:37:47]  正在连接 QQ-主 邮箱服务器 (497720537@qq.com) ...
[2026-05-12 05:37:48]  正在连接 QQ-备用 邮箱服务器 (shouqianbadavid@qq.com) ...
[2026-05-12 05:38:23]  正在连接 QQ-主 邮箱服务器 (497720537@qq.com) ...
[2026-05-12 05:38:24]  正在连接 QQ-备用 邮箱服务器 (shouqianbadavid@qq.com) ...
[2026-05-12 05:39:00]  正在连接 QQ-主 邮箱服务器 (497720537@qq.com) ...
[2026-05-12 05:39:01]  正在连接 QQ-备用 邮箱服务器 (shouqianbadavid@qq.com) ...
[2026-05-12 05:39:37]  正在连接 QQ-主 邮箱服务器 (497720537@qq.com) ...
[2026-05-12 05:39:37]  正在连接 QQ-备用 邮箱服务器 (shouqianbadavid@qq.com) ...
[2026-05-12 05:40:13]  正在连接 QQ-主 邮箱服务器 (497720537@qq.com) ...
[2026-05-12 05:40:14]  正在连接 QQ-备用 邮箱服务器 (shouqianbadavid@qq.com) ...
[2026-05-12 05:40:50]  正在连接 QQ-主 邮箱服务器 (497720537@qq.com) ...
[2026-05-12 05:40:51]  正在连接 QQ-备用 邮箱服务器 (shouqianbadavid@qq.com) ...
[2026-05-12 05:41:26]  正在连接 QQ-主 邮箱服务器 (497720537@qq.com) ...
[2026-05-12 05:41:27]  正在连接 QQ-备用 邮箱服务器 (shouqianbadavid@qq.com) ...
[2026-05-12 05:42:03]  正在连接 QQ-主 邮箱服务器 (497720537@qq.com) ...
[2026-05-12 05:42:04]  正在连接 QQ-备用 邮箱服务器 (shouqianbadavid@qq.com) ...
[2026-05-12 05:42:39]  正在连接 QQ-主 邮箱服务器 (497720537@qq.com) ...
[2026-05-12 05:42:40]  正在连接 QQ-备用 邮箱服务器 (shouqianbadavid@qq.com) ...
[2026-05-12 05:43:16]  正在连接 QQ-主 邮箱服务器 (497720537@qq.com) ...
[2026-05-12 05:43:16]  正在连接 QQ-备用 邮箱服务器 (shouqianbadavid@qq.com) ...
[2026-05-12 05:43:52]  正在连接 QQ-主 邮箱服务器 (497720537@qq.com) ...
[2026-05-12 05:43:53]  正在连接 QQ-备用 邮箱服务器 (shouqianbadavid@qq.com) ...
[2026-05-12 05:44:28]  正在连接 QQ-主 邮箱服务器 (497720537@qq.com) ...
[2026-05-12 05:44:29]  正在连接 QQ-备用 邮箱服务器 (shouqianbadavid@qq.com) ...
[2026-05-12 05:45:05]  正在连接 QQ-主 邮箱服务器 (497720537@qq.com) ...
[2026-05-12 05:45:05]  正在连接 QQ-备用 邮箱服务器 (shouqianbadavid@qq.com) ...
[2026-05-12 05:45:41]  正在连接 QQ-主 邮箱服务器 (497720537@qq.com) ...
[2026-05-12 05:45:42]  正在连接 QQ-备用 邮箱服务器 (shouqianbadavid@qq.com) ...
[2026-05-12 05:46:18]  正在连接 QQ-主 邮箱服务器 (497720537@qq.com) ...
[2026-05-12 05:46:18]  正在连接 QQ-备用 邮箱服务器 (shouqianbadavid@qq.com) ...
[2026-05-12 05:46:54]  正在连接 QQ-主 邮箱服务器 (497720537@qq.com) ...
[2026-05-12 05:46:55]  正在连接 QQ-备用 邮箱服务器 (shouqianbadavid@qq.com) ...
[2026-05-12 05:47:30]  正在连接 QQ-主 邮箱服务器 (497720537@qq.com) ...
[2026-05-12 05:47:31]  正在连接 QQ-备用 邮箱服务器 (shouqianbadavid@qq.com) ...
[2026-05-12 05:48:07]  正在连接 QQ-主 邮箱服务器 (497720537@qq.com) ...
[2026-05-12 05:48:07]  正在连接 QQ-备用 邮箱服务器 (shouqianbadavid@qq.com) ...
[2026-05-12 05:48:43]  正在连接 QQ-主 邮箱服务器 (497720537@qq.com) ...
[2026-05-12 05:48:44]  正在连接 QQ-备用 邮箱服务器 (shouqianbadavid@qq.com) ...
[2026-05-12 05:49:20]  正在连接 QQ-主 邮箱服务器 (497720537@qq.com) ...
[2026-05-12 05:49:20]  正在连接 QQ-备用 邮箱服务器 (shouqianbadavid@qq.com) ...
[2026-05-12 05:49:56]  正在连接 QQ-主 邮箱服务器 (497720537@qq.com) ...
[2026-05-12 05:49:57]  正在连接 QQ-备用 邮箱服务器 (shouqianbadavid@qq.com) ...
[2026-05-12 05:50:32]  正在连接 QQ-主 邮箱服务器 (497720537@qq.com) ...
[2026-05-12 05:50:33]  正在连接 QQ-备用 邮箱服务器 (shouqianbadavid@qq.com) ...
[2026-05-12 05:51:09]  正在连接 QQ-主 邮箱服务器 (497720537@qq.com) ...
[2026-05-12 05:51:10]  正在连接 QQ-备用 邮箱服务器 (shouqianbadavid@qq.com) ...
[2026-05-12 05:51:45]  正在连接 QQ-主 邮箱服务器 (497720537@qq.com) ...
[2026-05-12 05:51:46]  正在连接 QQ-备用 邮箱服务器 (shouqianbadavid@qq.com) ...
[2026-05-12 05:52:22]  正在连接 QQ-主 邮箱服务器 (497720537@qq.com) ...
[2026-05-12 05:52:23]  正在连接 QQ-备用 邮箱服务器 (shouqianbadavid@qq.com) ...
[2026-05-12 05:52:58]  正在连接 QQ-主 邮箱服务器 (497720537@qq.com) ...
[2026-05-12 05:52:59]  正在连接 QQ-备用 邮箱服务器 (shouqianbadavid@qq.com) ...
[2026-05-12 05:53:35]  正在连接 QQ-主 邮箱服务器 (497720537@qq.com) ...
[2026-05-12 05:53:36]  正在连接 QQ-备用 邮箱服务器 (shouqianbadavid@qq.com) ...
[2026-05-12 05:54:12]  正在连接 QQ-主 邮箱服务器 (497720537@qq.com) ...
[2026-05-12 05:54:12]  正在连接 QQ-备用 邮箱服务器 (shouqianbadavid@qq.com) ...
[2026-05-12 05:54:48]  正在连接 QQ-主 邮箱服务器 (497720537@qq.com) ...
[2026-05-12 05:54:49]  正在连接 QQ-备用 邮箱服务器 (shouqianbadavid@qq.com) ...
[2026-05-12 05:55:24]  正在连接 QQ-主 邮箱服务器 (497720537@qq.com) ...
[2026-05-12 05:55:25]  正在连接 QQ-备用 邮箱服务器 (shouqianbadavid@qq.com) ...
[2026-05-12 05:56:01]  正在连接 QQ-主 邮箱服务器 (497720537@qq.com) ...
[2026-05-12 05:56:01]  正在连接 QQ-备用 邮箱服务器 (shouqianbadavid@qq.com) ...
[2026-05-12 05:56:37]  正在连接 QQ-主 邮箱服务器 (497720537@qq.com) ...
[2026-05-12 05:56:38]  正在连接 QQ-备用 邮箱服务器 (shouqianbadavid@qq.com) ...
[2026-05-12 05:57:13]  正在连接 QQ-主 邮箱服务器 (497720537@qq.com) ...
[2026-05-12 05:57:14]  正在连接 QQ-备用 邮箱服务器 (shouqianbadavid@qq.com) ...
[2026-05-12 05:57:50]  正在连接 QQ-主 邮箱服务器 (497720537@qq.com) ...
[2026-05-12 05:57:51]  正在连接 QQ-备用 邮箱服务器 (shouqianbadavid@qq.com) ...
[2026-05-12 05:58:26]  正在连接 QQ-主 邮箱服务器 (497720537@qq.com) ...
[2026-05-12 05:58:27]  正在连接 QQ-备用 邮箱服务器 (shouqianbadavid@qq.com) ...
[2026-05-12 05:59:03]  正在连接 QQ-主 邮箱服务器 (497720537@qq.com) ...
[2026-05-12 05:59:04]  正在连接 QQ-备用 邮箱服务器 (shouqianbadavid@qq.com) ...
[2026-05-12 05:59:40]  正在连接 QQ-主 邮箱服务器 (497720537@qq.com) ...
[2026-05-12 05:59:40]  正在连接 QQ-备用 邮箱服务器 (shouqianbadavid@qq.com) ...
[2026-05-12 06:00:16]  正在连接 QQ-主 邮箱服务器 (497720537@qq.com) ...
[2026-05-12 06:00:16]  正在连接 QQ-备用 邮箱服务器 (shouqianbadavid@qq.com) ...
[2026-05-12 06:00:52]  正在连接 QQ-主 邮箱服务器 (497720537@qq.com) ...
[2026-05-12 06:00:53]  正在连接 QQ-备用 邮箱服务器 (shouqianbadavid@qq.com) ...
[2026-05-12 06:01:29]  正在连接 QQ-主 邮箱服务器 (497720537@qq.com) ...
[2026-05-12 06:01:30]  正在连接 QQ-备用 邮箱服务器 (shouqianbadavid@qq.com) ...
[2026-05-12 06:02:06]  正在连接 QQ-主 邮箱服务器 (497720537@qq.com) ...
[2026-05-12 06:02:07]  正在连接 QQ-备用 邮箱服务器 (shouqianbadavid@qq.com) ...
[2026-05-12 06:02:43]  正在连接 QQ-主 邮箱服务器 (497720537@qq.com) ...
[2026-05-12 06:02:43]  正在连接 QQ-备用 邮箱服务器 (shouqianbadavid@qq.com) ...
[2026-05-12 06:03:19]  正在连接 QQ-主 邮箱服务器 (497720537@qq.com) ...
[2026-05-12 06:03:20]  正在连接 QQ-备用 邮箱服务器 (shouqianbadavid@qq.com) ...
[2026-05-12 06:03:56]  正在连接 QQ-主 邮箱服务器 (497720537@qq.com) ...
[2026-05-12 06:03:57]  正在连接 QQ-备用 邮箱服务器 (shouqianbadavid@qq.com) ...
[2026-05-12 06:04:33]  正在连接 QQ-主 邮箱服务器 (497720537@qq.com) ...
[2026-05-12 06:04:34]  正在连接 QQ-备用 邮箱服务器 (shouqianbadavid@qq.com) ...
[2026-05-12 06:05:09]  正在连接 QQ-主 邮箱服务器 (497720537@qq.com) ...
[2026-05-12 06:05:10]  正在连接 QQ-备用 邮箱服务器 (shouqianbadavid@qq.com) ...
[2026-05-12 06:05:46]  正在连接 QQ-主 邮箱服务器 (497720537@qq.com) ...
[2026-05-12 06:05:46]  正在连接 QQ-备用 邮箱服务器 (shouqianbadavid@qq.com) ...
[2026-05-12 06:06:22]  正在连接 QQ-主 邮箱服务器 (497720537@qq.com) ...
[2026-05-12 06:06:23]  正在连接 QQ-备用 邮箱服务器 (shouqianbadavid@qq.com) ...
[2026-05-12 06:06:59]  正在连接 QQ-主 邮箱服务器 (497720537@qq.com) ...
[2026-05-12 06:07:00]  正在连接 QQ-备用 邮箱服务器 (shouqianbadavid@qq.com) ...
[2026-05-12 06:07:35]  正在连接 QQ-主 邮箱服务器 (497720537@qq.com) ...
[2026-05-12 06:07:36]  正在连接 QQ-备用 邮箱服务器 (shouqianbadavid@qq.com) ...
[2026-05-12 06:08:12]  正在连接 QQ-主 邮箱服务器 (497720537@qq.com) ...
[2026-05-12 06:08:12]  正在连接 QQ-备用 邮箱服务器 (shouqianbadavid@qq.com) ...
[2026-05-12 06:08:48]  正在连接 QQ-主 邮箱服务器 (497720537@qq.com) ...
[2026-05-12 06:08:49]  正在连接 QQ-备用 邮箱服务器 (shouqianbadavid@qq.com) ...
[2026-05-12 06:09:25]  正在连接 QQ-主 邮箱服务器 (497720537@qq.com) ...
[2026-05-12 06:09:25]  正在连接 QQ-备用 邮箱服务器 (shouqianbadavid@qq.com) ...
[2026-05-12 06:10:01]  正在连接 QQ-主 邮箱服务器 (497720537@qq.com) ...
[2026-05-12 06:10:02]  正在连接 QQ-备用 邮箱服务器 (shouqianbadavid@qq.com) ...
[2026-05-12 06:10:38]  正在连接 QQ-主 邮箱服务器 (497720537@qq.com) ...
[2026-05-12 06:10:38]  正在连接 QQ-备用 邮箱服务器 (shouqianbadavid@qq.com) ...
[2026-05-12 06:11:14]  正在连接 QQ-主 邮箱服务器 (497720537@qq.com) ...
[2026-05-12 06:11:15]  正在连接 QQ-备用 邮箱服务器 (shouqianbadavid@qq.com) ...
[2026-05-12 06:11:51]  正在连接 QQ-主 邮箱服务器 (497720537@qq.com) ...
[2026-05-12 06:11:51]  正在连接 QQ-备用 邮箱服务器 (shouqianbadavid@qq.com) ...
[2026-05-12 06:12:27]  正在连接 QQ-主 邮箱服务器 (497720537@qq.com) ...
[2026-05-12 06:12:27]  正在连接 QQ-备用 邮箱服务器 (shouqianbadavid@qq.com) ...
[2026-05-12 06:13:03]  正在连接 QQ-主 邮箱服务器 (497720537@qq.com) ...
[2026-05-12 06:13:03]  正在连接 QQ-备用 邮箱服务器 (shouqianbadavid@qq.com) ...
[2026-05-12 06:13:39]  正在连接 QQ-主 邮箱服务器 (497720537@qq.com) ...
[2026-05-12 06:13:40]  正在连接 QQ-备用 邮箱服务器 (shouqianbadavid@qq.com) ...
[2026-05-12 06:14:15]  正在连接 QQ-主 邮箱服务器 (497720537@qq.com) ...
[2026-05-12 06:14:16]  正在连接 QQ-备用 邮箱服务器 (shouqianbadavid@qq.com) ...
[2026-05-12 06:14:52]  正在连接 QQ-主 邮箱服务器 (497720537@qq.com) ...
[2026-05-12 06:14:53]  正在连接 QQ-备用 邮箱服务器 (shouqianbadavid@qq.com) ...
[2026-05-12 06:15:28]  正在连接 QQ-主 邮箱服务器 (497720537@qq.com) ...
[2026-05-12 06:15:29]  正在连接 QQ-备用 邮箱服务器 (shouqianbadavid@qq.com) ...
[2026-05-12 06:16:05]  正在连接 QQ-主 邮箱服务器 (497720537@qq.com) ...
[2026-05-12 06:16:06]  正在连接 QQ-备用 邮箱服务器 (shouqianbadavid@qq.com) ...
[2026-05-12 06:16:41]  正在连接 QQ-主 邮箱服务器 (497720537@qq.com) ...
[2026-05-12 06:16:42]  正在连接 QQ-备用 邮箱服务器 (shouqianbadavid@qq.com) ...
[2026-05-12 06:17:18]  正在连接 QQ-主 邮箱服务器 (497720537@qq.com) ...
[2026-05-12 06:17:18]  正在连接 QQ-备用 邮箱服务器 (shouqianbadavid@qq.com) ...
[2026-05-12 06:17:54]  正在连接 QQ-主 邮箱服务器 (497720537@qq.com) ...
[2026-05-12 06:17:55]  正在连接 QQ-备用 邮箱服务器 (shouqianbadavid@qq.com) ...
[2026-05-12 06:18:31]  正在连接 QQ-主 邮箱服务器 (497720537@qq.com) ...
[2026-05-12 06:18:31]  正在连接 QQ-备用 邮箱服务器 (shouqianbadavid@qq.com) ...
[2026-05-12 06:19:07]  正在连接 QQ-主 邮箱服务器 (497720537@qq.com) ...
[2026-05-12 06:19:08]  正在连接 QQ-备用 邮箱服务器 (shouqianbadavid@qq.com) ...
[2026-05-12 06:19:44]  正在连接 QQ-主 邮箱服务器 (497720537@qq.com) ...
[2026-05-12 06:19:44]  正在连接 QQ-备用 邮箱服务器 (shouqianbadavid@qq.com) ...
[2026-05-12 06:20:20]  正在连接 QQ-主 邮箱服务器 (497720537@qq.com) ...
[2026-05-12 06:20:22]  QQ-主 因子处理主循环异常: [Errno 11001] getaddrinfo failed
[2026-05-12 06:20:32]  正在连接 QQ-备用 邮箱服务器 (shouqianbadavid@qq.com) ...
[2026-05-12 06:21:08]  正在连接 QQ-主 邮箱服务器 (497720537@qq.com) ...
[2026-05-12 06:21:08]  正在连接 QQ-备用 邮箱服务器 (shouqianbadavid@qq.com) ...
[2026-05-12 06:21:44]  正在连接 QQ-主 邮箱服务器 (497720537@qq.com) ...
[2026-05-12 06:21:45]  正在连接 QQ-备用 邮箱服务器 (shouqianbadavid@qq.com) ...
[2026-05-12 06:22:21]  正在连接 QQ-主 邮箱服务器 (497720537@qq.com) ...
[2026-05-12 06:22:21]  正在连接 QQ-备用 邮箱服务器 (shouqianbadavid@qq.com) ...
[2026-05-12 06:22:57]  正在连接 QQ-主 邮箱服务器 (497720537@qq.com) ...
[2026-05-12 06:22:58]  正在连接 QQ-备用 邮箱服务器 (shouqianbadavid@qq.com) ...
[2026-05-12 06:23:33]  正在连接 QQ-主 邮箱服务器 (497720537@qq.com) ...
[2026-05-12 06:23:34]  正在连接 QQ-备用 邮箱服务器 (shouqianbadavid@qq.com) ...
[2026-05-12 06:24:10]  正在连接 QQ-主 邮箱服务器 (497720537@qq.com) ...
[2026-05-12 06:24:11]  正在连接 QQ-备用 邮箱服务器 (shouqianbadavid@qq.com) ...
[2026-05-12 06:24:46]  正在连接 QQ-主 邮箱服务器 (497720537@qq.com) ...
[2026-05-12 06:24:47]  正在连接 QQ-备用 邮箱服务器 (shouqianbadavid@qq.com) ...
[2026-05-12 06:25:23]  正在连接 QQ-主 邮箱服务器 (497720537@qq.com) ...
[2026-05-12 06:25:24]  正在连接 QQ-备用 邮箱服务器 (shouqianbadavid@qq.com) ...
[2026-05-12 06:26:00]  正在连接 QQ-主 邮箱服务器 (497720537@qq.com) ...
[2026-05-12 06:26:00]  正在连接 QQ-备用 邮箱服务器 (shouqianbadavid@qq.com) ...
[2026-05-12 06:26:36]  正在连接 QQ-主 邮箱服务器 (497720537@qq.com) ...
[2026-05-12 06:26:37]  正在连接 QQ-备用 邮箱服务器 (shouqianbadavid@qq.com) ...
[2026-05-12 06:27:13]  正在连接 QQ-主 邮箱服务器 (497720537@qq.com) ...
[2026-05-12 06:27:13]  正在连接 QQ-备用 邮箱服务器 (shouqianbadavid@qq.com) ...
[2026-05-12 06:27:49]  正在连接 QQ-主 邮箱服务器 (497720537@qq.com) ...
[2026-05-12 06:27:55]  正在连接 QQ-备用 邮箱服务器 (shouqianbadavid@qq.com) ...
[2026-05-12 06:28:31]  正在连接 QQ-主 邮箱服务器 (497720537@qq.com) ...
[2026-05-12 06:28:32]  正在连接 QQ-备用 邮箱服务器 (shouqianbadavid@qq.com) ...
[2026-05-12 06:29:07]  正在连接 QQ-主 邮箱服务器 (497720537@qq.com) ...
[2026-05-12 06:29:08]  正在连接 QQ-备用 邮箱服务器 (shouqianbadavid@qq.com) ...
[2026-05-12 06:29:43]  正在连接 QQ-主 邮箱服务器 (497720537@qq.com) ...
[2026-05-12 06:29:44]  正在连接 QQ-备用 邮箱服务器 (shouqianbadavid@qq.com) ...
[2026-05-12 06:30:20]  正在连接 QQ-主 邮箱服务器 (497720537@qq.com) ...
[2026-05-12 06:30:21]  正在连接 QQ-备用 邮箱服务器 (shouqianbadavid@qq.com) ...
[2026-05-12 06:30:57]  正在连接 QQ-主 邮箱服务器 (497720537@qq.com) ...
[2026-05-12 06:31:05]  正在连接 QQ-备用 邮箱服务器 (shouqianbadavid@qq.com) ...
[2026-05-12 06:31:40]  正在连接 QQ-主 邮箱服务器 (497720537@qq.com) ...
[2026-05-12 06:31:41]  正在连接 QQ-备用 邮箱服务器 (shouqianbadavid@qq.com) ...
[2026-05-12 06:32:17]  正在连接 QQ-主 邮箱服务器 (497720537@qq.com) ...
[2026-05-12 06:32:17]  正在连接 QQ-备用 邮箱服务器 (shouqianbadavid@qq.com) ...
[2026-05-12 06:32:53]  正在连接 QQ-主 邮箱服务器 (497720537@qq.com) ...
[2026-05-12 06:32:54]  正在连接 QQ-备用 邮箱服务器 (shouqianbadavid@qq.com) ...
[2026-05-12 06:33:30]  正在连接 QQ-主 邮箱服务器 (497720537@qq.com) ...
[2026-05-12 06:33:31]  正在连接 QQ-备用 邮箱服务器 (shouqianbadavid@qq.com) ...
[2026-05-12 06:34:06]  正在连接 QQ-主 邮箱服务器 (497720537@qq.com) ...
[2026-05-12 06:34:07]  正在连接 QQ-备用 邮箱服务器 (shouqianbadavid@qq.com) ...
[2026-05-12 06:34:43]  正在连接 QQ-主 邮箱服务器 (497720537@qq.com) ...
[2026-05-12 06:34:44]  正在连接 QQ-备用 邮箱服务器 (shouqianbadavid@qq.com) ...
[2026-05-12 06:35:20]  正在连接 QQ-主 邮箱服务器 (497720537@qq.com) ...
[2026-05-12 06:35:20]  正在连接 QQ-备用 邮箱服务器 (shouqianbadavid@qq.com) ...
[2026-05-12 06:35:56]  正在连接 QQ-主 邮箱服务器 (497720537@qq.com) ...
[2026-05-12 06:35:57]  正在连接 QQ-备用 邮箱服务器 (shouqianbadavid@qq.com) ...
[2026-05-12 06:36:33]  正在连接 QQ-主 邮箱服务器 (497720537@qq.com) ...
[2026-05-12 06:36:33]  正在连接 QQ-备用 邮箱服务器 (shouqianbadavid@qq.com) ...
[2026-05-12 06:37:09]  正在连接 QQ-主 邮箱服务器 (497720537@qq.com) ...
[2026-05-12 06:37:10]  正在连接 QQ-备用 邮箱服务器 (shouqianbadavid@qq.com) ...
[2026-05-12 06:37:45]  正在连接 QQ-主 邮箱服务器 (497720537@qq.com) ...
[2026-05-12 06:37:46]  正在连接 QQ-备用 邮箱服务器 (shouqianbadavid@qq.com) ...
[2026-05-12 06:38:22]  正在连接 QQ-主 邮箱服务器 (497720537@qq.com) ...
[2026-05-12 06:38:23]  正在连接 QQ-备用 邮箱服务器 (shouqianbadavid@qq.com) ...
[2026-05-12 06:38:58]  正在连接 QQ-主 邮箱服务器 (497720537@qq.com) ...
[2026-05-12 06:39:09]  QQ-主 因子处理主循环异常: [Errno 11001] getaddrinfo failed
[2026-05-12 06:39:19]  正在连接 QQ-备用 邮箱服务器 (shouqianbadavid@qq.com) ...
[2026-05-12 06:39:20]  QQ-备用 因子处理主循环异常: [Errno 11001] getaddrinfo failed
[2026-05-12 06:40:05]  正在连接 QQ-主 邮箱服务器 (497720537@qq.com) ...
[2026-05-12 06:40:06]  正在连接 QQ-备用 邮箱服务器 (shouqianbadavid@qq.com) ...
[2026-05-12 06:40:42]  正在连接 QQ-主 邮箱服务器 (497720537@qq.com) ...
[2026-05-12 06:40:43]  正在连接 QQ-备用 邮箱服务器 (shouqianbadavid@qq.com) ...
[2026-05-12 06:41:18]  正在连接 QQ-主 邮箱服务器 (497720537@qq.com) ...
[2026-05-12 06:41:19]  正在连接 QQ-备用 邮箱服务器 (shouqianbadavid@qq.com) ...
[2026-05-12 06:41:55]  正在连接 QQ-主 邮箱服务器 (497720537@qq.com) ...
[2026-05-12 06:41:55]  正在连接 QQ-备用 邮箱服务器 (shouqianbadavid@qq.com) ...
[2026-05-12 06:42:31]  正在连接 QQ-主 邮箱服务器 (497720537@qq.com) ...
[2026-05-12 06:42:32]  正在连接 QQ-备用 邮箱服务器 (shouqianbadavid@qq.com) ...
[2026-05-12 06:43:07]  正在连接 QQ-主 邮箱服务器 (497720537@qq.com) ...
[2026-05-12 06:43:18]  QQ-主 因子处理主循环异常: [Errno 11001] getaddrinfo failed
[2026-05-12 06:43:28]  正在连接 QQ-备用 邮箱服务器 (shouqianbadavid@qq.com) ...
[2026-05-12 06:44:04]  正在连接 QQ-主 邮箱服务器 (497720537@qq.com) ...
[2026-05-12 06:44:05]  正在连接 QQ-备用 邮箱服务器 (shouqianbadavid@qq.com) ...
[2026-05-12 06:44:41]  正在连接 QQ-主 邮箱服务器 (497720537@qq.com) ...
[2026-05-12 06:44:41]  正在连接 QQ-备用 邮箱服务器 (shouqianbadavid@qq.com) ...
[2026-05-12 06:45:17]  正在连接 QQ-主 邮箱服务器 (497720537@qq.com) ...
[2026-05-12 06:45:18]  正在连接 QQ-备用 邮箱服务器 (shouqianbadavid@qq.com) ...
[2026-05-12 06:45:54]  正在连接 QQ-主 邮箱服务器 (497720537@qq.com) ...
[2026-05-12 06:45:55]  正在连接 QQ-备用 邮箱服务器 (shouqianbadavid@qq.com) ...
[2026-05-12 06:46:31]  正在连接 QQ-主 邮箱服务器 (497720537@qq.com) ...
[2026-05-12 06:46:38]  正在连接 QQ-备用 邮箱服务器 (shouqianbadavid@qq.com) ...
[2026-05-12 06:47:14]  正在连接 QQ-主 邮箱服务器 (497720537@qq.com) ...
[2026-05-12 06:47:15]  正在连接 QQ-备用 邮箱服务器 (shouqianbadavid@qq.com) ...
[2026-05-12 06:47:51]  正在连接 QQ-主 邮箱服务器 (497720537@qq.com) ...
[2026-05-12 06:47:51]  正在连接 QQ-备用 邮箱服务器 (shouqianbadavid@qq.com) ...
[2026-05-12 06:48:27]  正在连接 QQ-主 邮箱服务器 (497720537@qq.com) ...
[2026-05-12 06:48:28]  正在连接 QQ-备用 邮箱服务器 (shouqianbadavid@qq.com) ...
[2026-05-12 06:49:03]  正在连接 QQ-主 邮箱服务器 (497720537@qq.com) ...
[2026-05-12 06:49:04]  正在连接 QQ-备用 邮箱服务器 (shouqianbadavid@qq.com) ...
[2026-05-12 06:49:40]  正在连接 QQ-主 邮箱服务器 (497720537@qq.com) ...
[2026-05-12 06:49:41]  正在连接 QQ-备用 邮箱服务器 (shouqianbadavid@qq.com) ...
[2026-05-12 06:50:17]  正在连接 QQ-主 邮箱服务器 (497720537@qq.com) ...
[2026-05-12 06:50:18]  正在连接 QQ-备用 邮箱服务器 (shouqianbadavid@qq.com) ...
[2026-05-12 06:50:54]  正在连接 QQ-主 邮箱服务器 (497720537@qq.com) ...
[2026-05-12 06:51:05]  QQ-主 因子处理主循环异常: [Errno 11001] getaddrinfo failed
[2026-05-12 06:51:15]  正在连接 QQ-备用 邮箱服务器 (shouqianbadavid@qq.com) ...
[2026-05-12 06:51:50]  正在连接 QQ-主 邮箱服务器 (497720537@qq.com) ...
[2026-05-12 06:51:51]  正在连接 QQ-备用 邮箱服务器 (shouqianbadavid@qq.com) ...
[2026-05-12 06:52:27]  正在连接 QQ-主 邮箱服务器 (497720537@qq.com) ...
[2026-05-12 06:52:28]  正在连接 QQ-备用 邮箱服务器 (shouqianbadavid@qq.com) ...
[2026-05-12 06:53:03]  正在连接 QQ-主 邮箱服务器 (497720537@qq.com) ...
[2026-05-12 06:53:04]  正在连接 QQ-备用 邮箱服务器 (shouqianbadavid@qq.com) ...
[2026-05-12 06:53:40]  正在连接 QQ-主 邮箱服务器 (497720537@qq.com) ...
[2026-05-12 06:53:40]  正在连接 QQ-备用 邮箱服务器 (shouqianbadavid@qq.com) ...
[2026-05-12 06:54:16]  正在连接 QQ-主 邮箱服务器 (497720537@qq.com) ...
[2026-05-12 06:54:17]  正在连接 QQ-备用 邮箱服务器 (shouqianbadavid@qq.com) ...
[2026-05-12 06:54:53]  正在连接 QQ-主 邮箱服务器 (497720537@qq.com) ...
[2026-05-12 06:54:54]  正在连接 QQ-备用 邮箱服务器 (shouqianbadavid@qq.com) ...
[2026-05-12 06:55:29]  正在连接 QQ-主 邮箱服务器 (497720537@qq.com) ...
[2026-05-12 06:55:30]  正在连接 QQ-备用 邮箱服务器 (shouqianbadavid@qq.com) ...
[2026-05-12 06:56:06]  正在连接 QQ-主 邮箱服务器 (497720537@qq.com) ...
[2026-05-12 06:56:07]  正在连接 QQ-备用 邮箱服务器 (shouqianbadavid@qq.com) ...
[2026-05-12 06:56:42]  正在连接 QQ-主 邮箱服务器 (497720537@qq.com) ...
[2026-05-12 06:56:43]  正在连接 QQ-备用 邮箱服务器 (shouqianbadavid@qq.com) ...
[2026-05-12 06:57:19]  正在连接 QQ-主 邮箱服务器 (497720537@qq.com) ...
[2026-05-12 06:57:20]  正在连接 QQ-备用 邮箱服务器 (shouqianbadavid@qq.com) ...
[2026-05-12 06:57:55]  正在连接 QQ-主 邮箱服务器 (497720537@qq.com) ...
[2026-05-12 06:57:56]  正在连接 QQ-备用 邮箱服务器 (shouqianbadavid@qq.com) ...
[2026-05-12 06:58:32]  正在连接 QQ-主 邮箱服务器 (497720537@qq.com) ...
[2026-05-12 06:58:33]  正在连接 QQ-备用 邮箱服务器 (shouqianbadavid@qq.com) ...
[2026-05-12 06:59:08]  正在连接 QQ-主 邮箱服务器 (497720537@qq.com) ...
[2026-05-12 06:59:09]  正在连接 QQ-备用 邮箱服务器 (shouqianbadavid@qq.com) ...
[2026-05-12 06:59:45]  正在连接 QQ-主 邮箱服务器 (497720537@qq.com) ...
[2026-05-12 06:59:46]  正在连接 QQ-备用 邮箱服务器 (shouqianbadavid@qq.com) ...
[2026-05-12 07:00:21]  正在连接 QQ-主 邮箱服务器 (497720537@qq.com) ...
[2026-05-12 07:00:22]  正在连接 QQ-备用 邮箱服务器 (shouqianbadavid@qq.com) ...
[2026-05-12 07:00:58]  正在连接 QQ-主 邮箱服务器 (497720537@qq.com) ...
[2026-05-12 07:01:01]  正在连接 QQ-备用 邮箱服务器 (shouqianbadavid@qq.com) ...
[2026-05-12 07:01:37]  正在连接 QQ-主 邮箱服务器 (497720537@qq.com) ...
[2026-05-12 07:01:38]  正在连接 QQ-备用 邮箱服务器 (shouqianbadavid@qq.com) ...
[2026-05-12 07:02:13]  正在连接 QQ-主 邮箱服务器 (497720537@qq.com) ...
[2026-05-12 07:02:14]  正在连接 QQ-备用 邮箱服务器 (shouqianbadavid@qq.com) ...
[2026-05-12 07:02:50]  正在连接 QQ-主 邮箱服务器 (497720537@qq.com) ...
[2026-05-12 07:02:50]  正在连接 QQ-备用 邮箱服务器 (shouqianbadavid@qq.com) ...
[2026-05-12 07:03:26]  正在连接 QQ-主 邮箱服务器 (497720537@qq.com) ...
[2026-05-12 07:03:27]  正在连接 QQ-备用 邮箱服务器 (shouqianbadavid@qq.com) ...
[2026-05-12 07:04:03]  正在连接 QQ-主 邮箱服务器 (497720537@qq.com) ...
[2026-05-12 07:04:03]  正在连接 QQ-备用 邮箱服务器 (shouqianbadavid@qq.com) ...
[2026-05-12 07:04:39]  正在连接 QQ-主 邮箱服务器 (497720537@qq.com) ...
[2026-05-12 07:04:39]  正在连接 QQ-备用 邮箱服务器 (shouqianbadavid@qq.com) ...
[2026-05-12 07:05:15]  正在连接 QQ-主 邮箱服务器 (497720537@qq.com) ...
[2026-05-12 07:05:16]  正在连接 QQ-备用 邮箱服务器 (shouqianbadavid@qq.com) ...
[2026-05-12 07:05:52]  正在连接 QQ-主 邮箱服务器 (497720537@qq.com) ...
[2026-05-12 07:05:52]  正在连接 QQ-备用 邮箱服务器 (shouqianbadavid@qq.com) ...
[2026-05-12 07:06:28]  正在连接 QQ-主 邮箱服务器 (497720537@qq.com) ...
[2026-05-12 07:06:29]  正在连接 QQ-备用 邮箱服务器 (shouqianbadavid@qq.com) ...
[2026-05-12 07:07:04]  正在连接 QQ-主 邮箱服务器 (497720537@qq.com) ...
[2026-05-12 07:07:05]  正在连接 QQ-备用 邮箱服务器 (shouqianbadavid@qq.com) ...
[2026-05-12 07:07:41]  正在连接 QQ-主 邮箱服务器 (497720537@qq.com) ...
[2026-05-12 07:07:42]  正在连接 QQ-备用 邮箱服务器 (shouqianbadavid@qq.com) ...
[2026-05-12 07:08:17]  正在连接 QQ-主 邮箱服务器 (497720537@qq.com) ...
[2026-05-12 07:08:18]  正在连接 QQ-备用 邮箱服务器 (shouqianbadavid@qq.com) ...
[2026-05-12 07:08:54]  正在连接 QQ-主 邮箱服务器 (497720537@qq.com) ...
[2026-05-12 07:08:55]  正在连接 QQ-备用 邮箱服务器 (shouqianbadavid@qq.com) ...
[2026-05-12 07:09:31]  正在连接 QQ-主 邮箱服务器 (497720537@qq.com) ...
[2026-05-12 07:09:32]  正在连接 QQ-备用 邮箱服务器 (shouqianbadavid@qq.com) ...
[2026-05-12 07:10:07]  正在连接 QQ-主 邮箱服务器 (497720537@qq.com) ...
[2026-05-12 07:10:08]  正在连接 QQ-备用 邮箱服务器 (shouqianbadavid@qq.com) ...
[2026-05-12 07:10:44]  正在连接 QQ-主 邮箱服务器 (497720537@qq.com) ...
[2026-05-12 07:10:44]  正在连接 QQ-备用 邮箱服务器 (shouqianbadavid@qq.com) ...
[2026-05-12 07:11:20]  正在连接 QQ-主 邮箱服务器 (497720537@qq.com) ...
[2026-05-12 07:11:21]  正在连接 QQ-备用 邮箱服务器 (shouqianbadavid@qq.com) ...
[2026-05-12 07:11:57]  正在连接 QQ-主 邮箱服务器 (497720537@qq.com) ...
[2026-05-12 07:11:57]  正在连接 QQ-备用 邮箱服务器 (shouqianbadavid@qq.com) ...
[2026-05-12 07:12:33]  正在连接 QQ-主 邮箱服务器 (497720537@qq.com) ...
[2026-05-12 07:12:34]  正在连接 QQ-备用 邮箱服务器 (shouqianbadavid@qq.com) ...
[2026-05-12 07:13:10]  正在连接 QQ-主 邮箱服务器 (497720537@qq.com) ...
[2026-05-12 07:13:21]  QQ-主 因子处理主循环异常: [Errno 11001] getaddrinfo failed
[2026-05-12 07:13:31]  正在连接 QQ-备用 邮箱服务器 (shouqianbadavid@qq.com) ...
[2026-05-12 07:13:32]  QQ-备用 因子处理主循环异常: [Errno 11001] getaddrinfo failed
[2026-05-12 07:14:17]  正在连接 QQ-主 邮箱服务器 (497720537@qq.com) ...
[2026-05-12 07:14:18]  正在连接 QQ-备用 邮箱服务器 (shouqianbadavid@qq.com) ...
[2026-05-12 07:14:55]  正在连接 QQ-主 邮箱服务器 (497720537@qq.com) ...
[2026-05-12 07:14:55]  正在连接 QQ-备用 邮箱服务器 (shouqianbadavid@qq.com) ...
[2026-05-12 07:15:31]  正在连接 QQ-主 邮箱服务器 (497720537@qq.com) ...
[2026-05-12 07:15:32]  正在连接 QQ-备用 邮箱服务器 (shouqianbadavid@qq.com) ...
[2026-05-12 07:16:08]  正在连接 QQ-主 邮箱服务器 (497720537@qq.com) ...
[2026-05-12 07:16:29]  正在连接 QQ-备用 邮箱服务器 (shouqianbadavid@qq.com) ...
[2026-05-12 07:17:05]  正在连接 QQ-主 邮箱服务器 (497720537@qq.com) ...
[2026-05-12 07:17:05]  正在连接 QQ-备用 邮箱服务器 (shouqianbadavid@qq.com) ...
[2026-05-12 07:17:41]  正在连接 QQ-主 邮箱服务器 (497720537@qq.com) ...
[2026-05-12 07:17:42]  正在连接 QQ-备用 邮箱服务器 (shouqianbadavid@qq.com) ...
[2026-05-12 07:18:17]  正在连接 QQ-主 邮箱服务器 (497720537@qq.com) ...
[2026-05-12 07:18:18]  正在连接 QQ-备用 邮箱服务器 (shouqianbadavid@qq.com) ...
[2026-05-12 07:18:54]  正在连接 QQ-主 邮箱服务器 (497720537@qq.com) ...
[2026-05-12 07:18:56]  正在连接 QQ-备用 邮箱服务器 (shouqianbadavid@qq.com) ...
[2026-05-12 07:19:31]  正在连接 QQ-主 邮箱服务器 (497720537@qq.com) ...
[2026-05-12 07:19:32]  正在连接 QQ-备用 邮箱服务器 (shouqianbadavid@qq.com) ...
[2026-05-12 07:20:08]  正在连接 QQ-主 邮箱服务器 (497720537@qq.com) ...
[2026-05-12 07:20:24]  正在连接 QQ-备用 邮箱服务器 (shouqianbadavid@qq.com) ...
[2026-05-12 07:20:59]  正在连接 QQ-主 邮箱服务器 (497720537@qq.com) ...
[2026-05-12 07:21:00]  正在连接 QQ-备用 邮箱服务器 (shouqianbadavid@qq.com) ...
[2026-05-12 07:21:36]  正在连接 QQ-主 邮箱服务器 (497720537@qq.com) ...
[2026-05-12 07:21:37]  正在连接 QQ-备用 邮箱服务器 (shouqianbadavid@qq.com) ...
[2026-05-12 07:22:12]  正在连接 QQ-主 邮箱服务器 (497720537@qq.com) ...
[2026-05-12 07:22:13]  正在连接 QQ-备用 邮箱服务器 (shouqianbadavid@qq.com) ...
[2026-05-12 07:22:49]  正在连接 QQ-主 邮箱服务器 (497720537@qq.com) ...
[2026-05-12 07:22:50]  正在连接 QQ-备用 邮箱服务器 (shouqianbadavid@qq.com) ...
[2026-05-12 07:23:26]  正在连接 QQ-主 邮箱服务器 (497720537@qq.com) ...
[2026-05-12 07:23:26]  正在连接 QQ-备用 邮箱服务器 (shouqianbadavid@qq.com) ...
[2026-05-12 07:24:02]  正在连接 QQ-主 邮箱服务器 (497720537@qq.com) ...
[2026-05-12 07:24:03]  正在连接 QQ-备用 邮箱服务器 (shouqianbadavid@qq.com) ...
[2026-05-12 07:24:39]  正在连接 QQ-主 邮箱服务器 (497720537@qq.com) ...
[2026-05-12 07:24:40]  正在连接 QQ-备用 邮箱服务器 (shouqianbadavid@qq.com) ...
[2026-05-12 07:25:15]  正在连接 QQ-主 邮箱服务器 (497720537@qq.com) ...
[2026-05-12 07:25:16]  正在连接 QQ-备用 邮箱服务器 (shouqianbadavid@qq.com) ...
[2026-05-12 07:25:52]  正在连接 QQ-主 邮箱服务器 (497720537@qq.com) ...
[2026-05-12 07:25:53]  正在连接 QQ-备用 邮箱服务器 (shouqianbadavid@qq.com) ...
[2026-05-12 07:26:28]  正在连接 QQ-主 邮箱服务器 (497720537@qq.com) ...
[2026-05-12 07:26:29]  正在连接 QQ-备用 邮箱服务器 (shouqianbadavid@qq.com) ...
[2026-05-12 07:27:04]  正在连接 QQ-主 邮箱服务器 (497720537@qq.com) ...
[2026-05-12 07:27:05]  正在连接 QQ-备用 邮箱服务器 (shouqianbadavid@qq.com) ...
[2026-05-12 07:27:41]  正在连接 QQ-主 邮箱服务器 (497720537@qq.com) ...
[2026-05-12 07:27:42]  正在连接 QQ-备用 邮箱服务器 (shouqianbadavid@qq.com) ...
[2026-05-12 07:28:17]  正在连接 QQ-主 邮箱服务器 (497720537@qq.com) ...
[2026-05-12 07:28:18]  正在连接 QQ-备用 邮箱服务器 (shouqianbadavid@qq.com) ...
[2026-05-12 07:28:54]  正在连接 QQ-主 邮箱服务器 (497720537@qq.com) ...
[2026-05-12 07:28:54]  正在连接 QQ-备用 邮箱服务器 (shouqianbadavid@qq.com) ...
[2026-05-12 07:29:30]  正在连接 QQ-主 邮箱服务器 (497720537@qq.com) ...
[2026-05-12 07:29:31]  正在连接 QQ-备用 邮箱服务器 (shouqianbadavid@qq.com) ...
[2026-05-12 07:30:07]  正在连接 QQ-主 邮箱服务器 (497720537@qq.com) ...
[2026-05-12 07:30:07]  正在连接 QQ-备用 邮箱服务器 (shouqianbadavid@qq.com) ...
[2026-05-12 07:30:43]  正在连接 QQ-主 邮箱服务器 (497720537@qq.com) ...
[2026-05-12 07:30:44]  正在连接 QQ-备用 邮箱服务器 (shouqianbadavid@qq.com) ...
[2026-05-12 07:31:20]  正在连接 QQ-主 邮箱服务器 (497720537@qq.com) ...
[2026-05-12 07:31:21]  正在连接 QQ-备用 邮箱服务器 (shouqianbadavid@qq.com) ...
[2026-05-12 07:31:57]  正在连接 QQ-主 邮箱服务器 (497720537@qq.com) ...
[2026-05-12 07:31:57]  正在连接 QQ-备用 邮箱服务器 (shouqianbadavid@qq.com) ...
[2026-05-12 07:32:33]  正在连接 QQ-主 邮箱服务器 (497720537@qq.com) ...
[2026-05-12 07:32:33]  正在连接 QQ-备用 邮箱服务器 (shouqianbadavid@qq.com) ...
[2026-05-12 07:33:09]  正在连接 QQ-主 邮箱服务器 (497720537@qq.com) ...
[2026-05-12 07:33:10]  正在连接 QQ-备用 邮箱服务器 (shouqianbadavid@qq.com) ...
[2026-05-12 07:33:46]  正在连接 QQ-主 邮箱服务器 (497720537@qq.com) ...
[2026-05-12 07:33:46]  正在连接 QQ-备用 邮箱服务器 (shouqianbadavid@qq.com) ...
[2026-05-12 07:34:22]  正在连接 QQ-主 邮箱服务器 (497720537@qq.com) ...
[2026-05-12 07:34:23]  正在连接 QQ-备用 邮箱服务器 (shouqianbadavid@qq.com) ...
[2026-05-12 07:34:59]  正在连接 QQ-主 邮箱服务器 (497720537@qq.com) ...
[2026-05-12 07:35:10]  QQ-主 因子处理主循环异常: [Errno 11001] getaddrinfo failed
[2026-05-12 07:35:20]  正在连接 QQ-备用 邮箱服务器 (shouqianbadavid@qq.com) ...
[2026-05-12 07:35:21]  QQ-备用 因子处理主循环异常: [Errno 11001] getaddrinfo failed
[2026-05-12 07:36:06]  正在连接 QQ-主 邮箱服务器 (497720537@qq.com) ...
[2026-05-12 07:36:07]  正在连接 QQ-备用 邮箱服务器 (shouqianbadavid@qq.com) ...
[2026-05-12 07:36:42]  正在连接 QQ-主 邮箱服务器 (497720537@qq.com) ...
[2026-05-12 07:36:43]  正在连接 QQ-备用 邮箱服务器 (shouqianbadavid@qq.com) ...
[2026-05-12 07:37:19]  正在连接 QQ-主 邮箱服务器 (497720537@qq.com) ...
[2026-05-12 07:37:19]  正在连接 QQ-备用 邮箱服务器 (shouqianbadavid@qq.com) ...
[2026-05-12 07:37:55]  正在连接 QQ-主 邮箱服务器 (497720537@qq.com) ...
[2026-05-12 07:37:56]  正在连接 QQ-备用 邮箱服务器 (shouqianbadavid@qq.com) ...
[2026-05-12 07:38:32]  正在连接 QQ-主 邮箱服务器 (497720537@qq.com) ...
[2026-05-12 07:38:32]  正在连接 QQ-备用 邮箱服务器 (shouqianbadavid@qq.com) ...
[2026-05-12 07:39:08]  正在连接 QQ-主 邮箱服务器 (497720537@qq.com) ...
[2026-05-12 07:39:19]  QQ-主 因子处理主循环异常: [Errno 11001] getaddrinfo failed
[2026-05-12 07:39:29]  正在连接 QQ-备用 邮箱服务器 (shouqianbadavid@qq.com) ...
[2026-05-12 07:40:05]  正在连接 QQ-主 邮箱服务器 (497720537@qq.com) ...
[2026-05-12 07:40:05]  正在连接 QQ-备用 邮箱服务器 (shouqianbadavid@qq.com) ...
[2026-05-12 07:40:41]  正在连接 QQ-主 邮箱服务器 (497720537@qq.com) ...
[2026-05-12 07:40:43]  正在连接 QQ-备用 邮箱服务器 (shouqianbadavid@qq.com) ...
[2026-05-12 07:41:18]  正在连接 QQ-主 邮箱服务器 (497720537@qq.com) ...
[2026-05-12 07:41:19]  正在连接 QQ-备用 邮箱服务器 (shouqianbadavid@qq.com) ...
[2026-05-12 07:41:55]  正在连接 QQ-主 邮箱服务器 (497720537@qq.com) ...
[2026-05-12 07:41:56]  正在连接 QQ-备用 邮箱服务器 (shouqianbadavid@qq.com) ...
[2026-05-12 07:42:31]  正在连接 QQ-主 邮箱服务器 (497720537@qq.com) ...
[2026-05-12 07:42:32]  正在连接 QQ-备用 邮箱服务器 (shouqianbadavid@qq.com) ...
[2026-05-12 07:43:08]  正在连接 QQ-主 邮箱服务器 (497720537@qq.com) ...
[2026-05-12 07:43:19]  QQ-主 因子处理主循环异常: [Errno 11001] getaddrinfo failed
[2026-05-12 07:43:29]  正在连接 QQ-备用 邮箱服务器 (shouqianbadavid@qq.com) ...
[2026-05-12 07:43:30]  QQ-备用 因子处理主循环异常: [Errno 11001] getaddrinfo failed
[2026-05-12 07:44:15]  正在连接 QQ-主 邮箱服务器 (497720537@qq.com) ...
[2026-05-12 07:44:15]  正在连接 QQ-备用 邮箱服务器 (shouqianbadavid@qq.com) ...
[2026-05-12 07:44:51]  正在连接 QQ-主 邮箱服务器 (497720537@qq.com) ...
[2026-05-12 07:44:52]  正在连接 QQ-备用 邮箱服务器 (shouqianbadavid@qq.com) ...
[2026-05-12 07:45:28]  正在连接 QQ-主 邮箱服务器 (497720537@qq.com) ...
[2026-05-12 07:45:28]  正在连接 QQ-备用 邮箱服务器 (shouqianbadavid@qq.com) ...
[2026-05-12 07:46:05]  正在连接 QQ-主 邮箱服务器 (497720537@qq.com) ...
[2026-05-12 07:46:05]  正在连接 QQ-备用 邮箱服务器 (shouqianbadavid@qq.com) ...
[2026-05-12 07:46:49]  正在连接 QQ-主 邮箱服务器 (497720537@qq.com) ...
[2026-05-12 07:46:49]  正在连接 QQ-备用 邮箱服务器 (shouqianbadavid@qq.com) ...
[2026-05-12 07:47:25]  正在连接 QQ-主 邮箱服务器 (497720537@qq.com) ...
[2026-05-12 07:47:26]  正在连接 QQ-备用 邮箱服务器 (shouqianbadavid@qq.com) ...
[2026-05-12 07:48:01]  正在连接 QQ-主 邮箱服务器 (497720537@qq.com) ...
[2026-05-12 07:48:02]  正在连接 QQ-备用 邮箱服务器 (shouqianbadavid@qq.com) ...
[2026-05-12 07:48:38]  正在连接 QQ-主 邮箱服务器 (497720537@qq.com) ...
[2026-05-12 07:48:39]  正在连接 QQ-备用 邮箱服务器 (shouqianbadavid@qq.com) ...
[2026-05-12 07:49:14]  正在连接 QQ-主 邮箱服务器 (497720537@qq.com) ...
[2026-05-12 07:49:15]  正在连接 QQ-备用 邮箱服务器 (shouqianbadavid@qq.com) ...
[2026-05-12 07:49:51]  正在连接 QQ-主 邮箱服务器 (497720537@qq.com) ...
[2026-05-12 07:49:52]  正在连接 QQ-备用 邮箱服务器 (shouqianbadavid@qq.com) ...
[2026-05-12 07:50:28]  正在连接 QQ-主 邮箱服务器 (497720537@qq.com) ...
[2026-05-12 07:50:28]  正在连接 QQ-备用 邮箱服务器 (shouqianbadavid@qq.com) ...
[2026-05-12 07:51:04]  正在连接 QQ-主 邮箱服务器 (497720537@qq.com) ...
[2026-05-12 07:51:05]  正在连接 QQ-备用 邮箱服务器 (shouqianbadavid@qq.com) ...
[2026-05-12 07:51:41]  正在连接 QQ-主 邮箱服务器 (497720537@qq.com) ...
[2026-05-12 07:51:41]  正在连接 QQ-备用 邮箱服务器 (shouqianbadavid@qq.com) ...
[2026-05-12 07:52:17]  正在连接 QQ-主 邮箱服务器 (497720537@qq.com) ...
[2026-05-12 07:52:18]  正在连接 QQ-备用 邮箱服务器 (shouqianbadavid@qq.com) ...
[2026-05-12 07:52:54]  正在连接 QQ-主 邮箱服务器 (497720537@qq.com) ...
[2026-05-12 07:52:54]  正在连接 QQ-备用 邮箱服务器 (shouqianbadavid@qq.com) ...
[2026-05-12 07:53:30]  正在连接 QQ-主 邮箱服务器 (497720537@qq.com) ...
[2026-05-12 07:53:31]  正在连接 QQ-备用 邮箱服务器 (shouqianbadavid@qq.com) ...
[2026-05-12 07:54:07]  正在连接 QQ-主 邮箱服务器 (497720537@qq.com) ...
[2026-05-12 07:54:07]  正在连接 QQ-备用 邮箱服务器 (shouqianbadavid@qq.com) ...
[2026-05-12 07:54:43]  正在连接 QQ-主 邮箱服务器 (497720537@qq.com) ...
[2026-05-12 07:54:44]  正在连接 QQ-备用 邮箱服务器 (shouqianbadavid@qq.com) ...
[2026-05-12 07:55:20]  正在连接 QQ-主 邮箱服务器 (497720537@qq.com) ...
[2026-05-12 07:55:21]  正在连接 QQ-备用 邮箱服务器 (shouqianbadavid@qq.com) ...
[2026-05-12 07:55:56]  正在连接 QQ-主 邮箱服务器 (497720537@qq.com) ...
[2026-05-12 07:55:57]  正在连接 QQ-备用 邮箱服务器 (shouqianbadavid@qq.com) ...
[2026-05-12 07:56:33]  正在连接 QQ-主 邮箱服务器 (497720537@qq.com) ...
[2026-05-12 07:56:34]  正在连接 QQ-备用 邮箱服务器 (shouqianbadavid@qq.com) ...
[2026-05-12 07:57:10]  正在连接 QQ-主 邮箱服务器 (497720537@qq.com) ...
[2026-05-12 07:57:10]  正在连接 QQ-备用 邮箱服务器 (shouqianbadavid@qq.com) ...
[2026-05-12 07:57:46]  正在连接 QQ-主 邮箱服务器 (497720537@qq.com) ...
[2026-05-12 07:57:47]  正在连接 QQ-备用 邮箱服务器 (shouqianbadavid@qq.com) ...
[2026-05-12 07:58:23]  正在连接 QQ-主 邮箱服务器 (497720537@qq.com) ...
[2026-05-12 07:58:34]  QQ-主 因子处理主循环异常: [Errno 11001] getaddrinfo failed
[2026-05-12 07:58:44]  正在连接 QQ-备用 邮箱服务器 (shouqianbadavid@qq.com) ...
[2026-05-12 07:58:45]  QQ-备用 因子处理主循环异常: [Errno 11001] getaddrinfo failed
[2026-05-12 07:59:30]  正在连接 QQ-主 邮箱服务器 (497720537@qq.com) ...
[2026-05-12 07:59:30]  正在连接 QQ-备用 邮箱服务器 (shouqianbadavid@qq.com) ...
[2026-05-12 08:00:06]  正在连接 QQ-主 邮箱服务器 (497720537@qq.com) ...
[2026-05-12 08:00:07]  正在连接 QQ-备用 邮箱服务器 (shouqianbadavid@qq.com) ...
[2026-05-12 08:00:42]  正在连接 QQ-主 邮箱服务器 (497720537@qq.com) ...
[2026-05-12 08:00:43]  正在连接 QQ-备用 邮箱服务器 (shouqianbadavid@qq.com) ...
[2026-05-12 08:01:19]  正在连接 QQ-主 邮箱服务器 (497720537@qq.com) ...
[2026-05-12 08:01:19]  正在连接 QQ-备用 邮箱服务器 (shouqianbadavid@qq.com) ...
[2026-05-12 08:01:55]  正在连接 QQ-主 邮箱服务器 (497720537@qq.com) ...
[2026-05-12 08:01:56]  正在连接 QQ-备用 邮箱服务器 (shouqianbadavid@qq.com) ...
[2026-05-12 08:02:32]  正在连接 QQ-主 邮箱服务器 (497720537@qq.com) ...
[2026-05-12 08:02:32]  正在连接 QQ-备用 邮箱服务器 (shouqianbadavid@qq.com) ...
[2026-05-12 08:03:08]  正在连接 QQ-主 邮箱服务器 (497720537@qq.com) ...
[2026-05-12 08:03:09]  正在连接 QQ-备用 邮箱服务器 (shouqianbadavid@qq.com) ...
[2026-05-12 08:03:45]  正在连接 QQ-主 邮箱服务器 (497720537@qq.com) ...
[2026-05-12 08:03:45]  正在连接 QQ-备用 邮箱服务器 (shouqianbadavid@qq.com) ...
[2026-05-12 08:04:21]  正在连接 QQ-主 邮箱服务器 (497720537@qq.com) ...
[2026-05-12 08:04:21]  正在连接 QQ-备用 邮箱服务器 (shouqianbadavid@qq.com) ...
[2026-05-12 08:04:57]  正在连接 QQ-主 邮箱服务器 (497720537@qq.com) ...
[2026-05-12 08:04:58]  正在连接 QQ-备用 邮箱服务器 (shouqianbadavid@qq.com) ...
[2026-05-12 08:05:34]  正在连接 QQ-主 邮箱服务器 (497720537@qq.com) ...
[2026-05-12 08:05:34]  正在连接 QQ-备用 邮箱服务器 (shouqianbadavid@qq.com) ...
[2026-05-12 08:06:10]  正在连接 QQ-主 邮箱服务器 (497720537@qq.com) ...
[2026-05-12 08:06:11]  正在连接 QQ-备用 邮箱服务器 (shouqianbadavid@qq.com) ...
[2026-05-12 08:06:47]  正在连接 QQ-主 邮箱服务器 (497720537@qq.com) ...
[2026-05-12 08:06:48]  正在连接 QQ-备用 邮箱服务器 (shouqianbadavid@qq.com) ...
[2026-05-12 08:07:23]  正在连接 QQ-主 邮箱服务器 (497720537@qq.com) ...
[2026-05-12 08:07:24]  正在连接 QQ-备用 邮箱服务器 (shouqianbadavid@qq.com) ...
[2026-05-12 08:08:00]  正在连接 QQ-主 邮箱服务器 (497720537@qq.com) ...
[2026-05-12 08:08:00]  正在连接 QQ-备用 邮箱服务器 (shouqianbadavid@qq.com) ...
[2026-05-12 08:08:36]  正在连接 QQ-主 邮箱服务器 (497720537@qq.com) ...
[2026-05-12 08:08:37]  正在连接 QQ-备用 邮箱服务器 (shouqianbadavid@qq.com) ...
[2026-05-12 08:09:13]  正在连接 QQ-主 邮箱服务器 (497720537@qq.com) ...
[2026-05-12 08:09:13]  正在连接 QQ-备用 邮箱服务器 (shouqianbadavid@qq.com) ...
[2026-05-12 08:09:49]  正在连接 QQ-主 邮箱服务器 (497720537@qq.com) ...
[2026-05-12 08:09:50]  正在连接 QQ-备用 邮箱服务器 (shouqianbadavid@qq.com) ...
[2026-05-12 08:10:26]  正在连接 QQ-主 邮箱服务器 (497720537@qq.com) ...
[2026-05-12 08:10:27]  正在连接 QQ-备用 邮箱服务器 (shouqianbadavid@qq.com) ...
[2026-05-12 08:11:02]  正在连接 QQ-主 邮箱服务器 (497720537@qq.com) ...
[2026-05-12 08:11:03]  正在连接 QQ-备用 邮箱服务器 (shouqianbadavid@qq.com) ...
[2026-05-12 08:11:39]  正在连接 QQ-主 邮箱服务器 (497720537@qq.com) ...
[2026-05-12 08:11:39]  正在连接 QQ-备用 邮箱服务器 (shouqianbadavid@qq.com) ...
[2026-05-12 08:12:15]  正在连接 QQ-主 邮箱服务器 (497720537@qq.com) ...
[2026-05-12 08:12:16]  正在连接 QQ-备用 邮箱服务器 (shouqianbadavid@qq.com) ...
[2026-05-12 08:12:51]  正在连接 QQ-主 邮箱服务器 (497720537@qq.com) ...
[2026-05-12 08:13:02]  QQ-主 因子处理主循环异常: [Errno 11001] getaddrinfo failed
[2026-05-12 08:13:12]  正在连接 QQ-备用 邮箱服务器 (shouqianbadavid@qq.com) ...
[2026-05-12 08:13:13]  QQ-备用 因子处理主循环异常: [Errno 11001] getaddrinfo failed
[2026-05-12 08:13:58]  正在连接 QQ-主 邮箱服务器 (497720537@qq.com) ...
[2026-05-12 08:13:59]  正在连接 QQ-备用 邮箱服务器 (shouqianbadavid@qq.com) ...
[2026-05-12 08:14:35]  正在连接 QQ-主 邮箱服务器 (497720537@qq.com) ...
[2026-05-12 08:14:36]  正在连接 QQ-备用 邮箱服务器 (shouqianbadavid@qq.com) ...
[2026-05-12 08:15:11]  正在连接 QQ-主 邮箱服务器 (497720537@qq.com) ...
[2026-05-12 08:15:12]  正在连接 QQ-备用 邮箱服务器 (shouqianbadavid@qq.com) ...
[2026-05-12 08:15:48]  正在连接 QQ-主 邮箱服务器 (497720537@qq.com) ...
[2026-05-12 08:15:48]  正在连接 QQ-备用 邮箱服务器 (shouqianbadavid@qq.com) ...
[2026-05-12 08:16:24]  正在连接 QQ-主 邮箱服务器 (497720537@qq.com) ...
[2026-05-12 08:16:24]  QQ-主 因子处理主循环异常: [Errno 11001] getaddrinfo failed
[2026-05-12 08:16:34]  正在连接 QQ-备用 邮箱服务器 (shouqianbadavid@qq.com) ...
[2026-05-12 08:17:10]  正在连接 QQ-主 邮箱服务器 (497720537@qq.com) ...
[2026-05-12 08:17:10]  正在连接 QQ-备用 邮箱服务器 (shouqianbadavid@qq.com) ...
[2026-05-12 08:17:46]  正在连接 QQ-主 邮箱服务器 (497720537@qq.com) ...
[2026-05-12 08:17:47]  正在连接 QQ-备用 邮箱服务器 (shouqianbadavid@qq.com) ...
[2026-05-12 08:18:22]  正在连接 QQ-主 邮箱服务器 (497720537@qq.com) ...
[2026-05-12 08:18:23]  正在连接 QQ-备用 邮箱服务器 (shouqianbadavid@qq.com) ...
[2026-05-12 08:18:59]  正在连接 QQ-主 邮箱服务器 (497720537@qq.com) ...
[2026-05-12 08:19:00]  正在连接 QQ-备用 邮箱服务器 (shouqianbadavid@qq.com) ...
[2026-05-12 08:19:35]  正在连接 QQ-主 邮箱服务器 (497720537@qq.com) ...
[2026-05-12 08:19:36]  正在连接 QQ-备用 邮箱服务器 (shouqianbadavid@qq.com) ...
[2026-05-12 08:20:12]  正在连接 QQ-主 邮箱服务器 (497720537@qq.com) ...
[2026-05-12 08:20:23]  QQ-主 因子处理主循环异常: [Errno 11001] getaddrinfo failed
[2026-05-12 08:20:33]  正在连接 QQ-备用 邮箱服务器 (shouqianbadavid@qq.com) ...
[2026-05-12 08:21:09]  正在连接 QQ-主 邮箱服务器 (497720537@qq.com) ...
[2026-05-12 08:21:10]  正在连接 QQ-备用 邮箱服务器 (shouqianbadavid@qq.com) ...
[2026-05-12 08:21:46]  正在连接 QQ-主 邮箱服务器 (497720537@qq.com) ...
[2026-05-12 08:21:46]  正在连接 QQ-备用 邮箱服务器 (shouqianbadavid@qq.com) ...
[2026-05-12 08:22:22]  正在连接 QQ-主 邮箱服务器 (497720537@qq.com) ...
[2026-05-12 08:22:23]  正在连接 QQ-备用 邮箱服务器 (shouqianbadavid@qq.com) ...
[2026-05-12 08:22:59]  正在连接 QQ-主 邮箱服务器 (497720537@qq.com) ...
[2026-05-12 08:23:00]  正在连接 QQ-备用 邮箱服务器 (shouqianbadavid@qq.com) ...
[2026-05-12 08:23:36]  正在连接 QQ-主 邮箱服务器 (497720537@qq.com) ...
[2026-05-12 08:23:37]  正在连接 QQ-备用 邮箱服务器 (shouqianbadavid@qq.com) ...
[2026-05-12 08:24:13]  正在连接 QQ-主 邮箱服务器 (497720537@qq.com) ...
[2026-05-12 08:24:14]  正在连接 QQ-备用 邮箱服务器 (shouqianbadavid@qq.com) ...
[2026-05-12 08:24:50]  正在连接 QQ-主 邮箱服务器 (497720537@qq.com) ...
[2026-05-12 08:24:51]  正在连接 QQ-备用 邮箱服务器 (shouqianbadavid@qq.com) ...
[2026-05-12 08:25:27]  正在连接 QQ-主 邮箱服务器 (497720537@qq.com) ...
[2026-05-12 08:25:27]  正在连接 QQ-备用 邮箱服务器 (shouqianbadavid@qq.com) ...
[2026-05-12 08:26:03]  正在连接 QQ-主 邮箱服务器 (497720537@qq.com) ...
[2026-05-12 08:26:04]  正在连接 QQ-备用 邮箱服务器 (shouqianbadavid@qq.com) ...
[2026-05-12 08:26:39]  正在连接 QQ-主 邮箱服务器 (497720537@qq.com) ...
[2026-05-12 08:26:40]  正在连接 QQ-备用 邮箱服务器 (shouqianbadavid@qq.com) ...
[2026-05-12 08:27:16]  正在连接 QQ-主 邮箱服务器 (497720537@qq.com) ...
[2026-05-12 08:27:16]  正在连接 QQ-备用 邮箱服务器 (shouqianbadavid@qq.com) ...
[2026-05-12 08:27:52]  正在连接 QQ-主 邮箱服务器 (497720537@qq.com) ...
[2026-05-12 08:28:20]  正在连接 QQ-备用 邮箱服务器 (shouqianbadavid@qq.com) ...
[2026-05-12 08:28:55]  正在连接 QQ-主 邮箱服务器 (497720537@qq.com) ...
[2026-05-12 08:28:56]  正在连接 QQ-备用 邮箱服务器 (shouqianbadavid@qq.com) ...
[2026-05-12 08:29:32]  正在连接 QQ-主 邮箱服务器 (497720537@qq.com) ...
[2026-05-12 08:29:32]  正在连接 QQ-备用 邮箱服务器 (shouqianbadavid@qq.com) ...
[2026-05-12 08:30:08]  正在连接 QQ-主 邮箱服务器 (497720537@qq.com) ...
[2026-05-12 08:30:09]  正在连接 QQ-备用 邮箱服务器 (shouqianbadavid@qq.com) ...
[2026-05-12 08:30:44]  正在连接 QQ-主 邮箱服务器 (497720537@qq.com) ...
[2026-05-12 08:30:45]  正在连接 QQ-备用 邮箱服务器 (shouqianbadavid@qq.com) ...
[2026-05-12 08:31:20]  正在连接 QQ-主 邮箱服务器 (497720537@qq.com) ...
[2026-05-12 08:31:21]  正在连接 QQ-备用 邮箱服务器 (shouqianbadavid@qq.com) ...
[2026-05-12 08:31:56]  正在连接 QQ-主 邮箱服务器 (497720537@qq.com) ...
[2026-05-12 08:31:57]  正在连接 QQ-备用 邮箱服务器 (shouqianbadavid@qq.com) ...
[2026-05-12 08:32:33]  正在连接 QQ-主 邮箱服务器 (497720537@qq.com) ...
[2026-05-12 08:32:34]  正在连接 QQ-备用 邮箱服务器 (shouqianbadavid@qq.com) ...
[2026-05-12 08:33:10]  正在连接 QQ-主 邮箱服务器 (497720537@qq.com) ...
[2026-05-12 08:33:10]  正在连接 QQ-备用 邮箱服务器 (shouqianbadavid@qq.com) ...
[2026-05-12 08:33:46]  正在连接 QQ-主 邮箱服务器 (497720537@qq.com) ...
[2026-05-12 08:33:46]  正在连接 QQ-备用 邮箱服务器 (shouqianbadavid@qq.com) ...
[2026-05-12 08:34:22]  正在连接 QQ-主 邮箱服务器 (497720537@qq.com) ...
[2026-05-12 08:34:23]  正在连接 QQ-备用 邮箱服务器 (shouqianbadavid@qq.com) ...
[2026-05-12 08:34:59]  正在连接 QQ-主 邮箱服务器 (497720537@qq.com) ...
[2026-05-12 08:35:24]  正在连接 QQ-备用 邮箱服务器 (shouqianbadavid@qq.com) ...
[2026-05-12 08:36:00]  正在连接 QQ-主 邮箱服务器 (497720537@qq.com) ...
[2026-05-12 08:36:01]  正在连接 QQ-备用 邮箱服务器 (shouqianbadavid@qq.com) ...
[2026-05-12 08:36:37]  正在连接 QQ-主 邮箱服务器 (497720537@qq.com) ...
[2026-05-12 08:36:38]  正在连接 QQ-备用 邮箱服务器 (shouqianbadavid@qq.com) ...
[2026-05-12 08:37:13]  正在连接 QQ-主 邮箱服务器 (497720537@qq.com) ...
[2026-05-12 08:37:14]  正在连接 QQ-备用 邮箱服务器 (shouqianbadavid@qq.com) ...
[2026-05-12 08:37:50]  正在连接 QQ-主 邮箱服务器 (497720537@qq.com) ...
[2026-05-12 08:37:50]  正在连接 QQ-备用 邮箱服务器 (shouqianbadavid@qq.com) ...
[2026-05-12 08:38:26]  正在连接 QQ-主 邮箱服务器 (497720537@qq.com) ...
[2026-05-12 08:38:27]  正在连接 QQ-备用 邮箱服务器 (shouqianbadavid@qq.com) ...
[2026-05-12 08:39:02]  正在连接 QQ-主 邮箱服务器 (497720537@qq.com) ...
[2026-05-12 08:39:23]  正在连接 QQ-备用 邮箱服务器 (shouqianbadavid@qq.com) ...
[2026-05-12 08:39:59]  正在连接 QQ-主 邮箱服务器 (497720537@qq.com) ...
[2026-05-12 08:40:00]  正在连接 QQ-备用 邮箱服务器 (shouqianbadavid@qq.com) ...
[2026-05-12 08:40:36]  正在连接 QQ-主 邮箱服务器 (497720537@qq.com) ...
[2026-05-12 08:40:36]  正在连接 QQ-备用 邮箱服务器 (shouqianbadavid@qq.com) ...
[2026-05-12 08:41:12]  正在连接 QQ-主 邮箱服务器 (497720537@qq.com) ...
[2026-05-12 08:41:13]  正在连接 QQ-备用 邮箱服务器 (shouqianbadavid@qq.com) ...
[2026-05-12 08:41:48]  正在连接 QQ-主 邮箱服务器 (497720537@qq.com) ...
[2026-05-12 08:41:49]  正在连接 QQ-备用 邮箱服务器 (shouqianbadavid@qq.com) ...
[2026-05-12 08:42:25]  正在连接 QQ-主 邮箱服务器 (497720537@qq.com) ...
[2026-05-12 08:42:26]  正在连接 QQ-备用 邮箱服务器 (shouqianbadavid@qq.com) ...
[2026-05-12 08:43:02]  正在连接 QQ-主 邮箱服务器 (497720537@qq.com) ...
[2026-05-12 08:43:04]  正在连接 QQ-备用 邮箱服务器 (shouqianbadavid@qq.com) ...
[2026-05-12 08:43:40]  正在连接 QQ-主 邮箱服务器 (497720537@qq.com) ...
[2026-05-12 08:43:41]  正在连接 QQ-备用 邮箱服务器 (shouqianbadavid@qq.com) ...
[2026-05-12 08:44:17]  正在连接 QQ-主 邮箱服务器 (497720537@qq.com) ...
[2026-05-12 08:44:18]  正在连接 QQ-备用 邮箱服务器 (shouqianbadavid@qq.com) ...
[2026-05-12 08:44:53]  正在连接 QQ-主 邮箱服务器 (497720537@qq.com) ...
[2026-05-12 08:44:54]  正在连接 QQ-备用 邮箱服务器 (shouqianbadavid@qq.com) ...
[2026-05-12 08:45:29]  正在连接 QQ-主 邮箱服务器 (497720537@qq.com) ...
[2026-05-12 08:45:30]  正在连接 QQ-备用 邮箱服务器 (shouqianbadavid@qq.com) ...
[2026-05-12 08:46:06]  正在连接 QQ-主 邮箱服务器 (497720537@qq.com) ...
[2026-05-12 08:46:07]  正在连接 QQ-备用 邮箱服务器 (shouqianbadavid@qq.com) ...
[2026-05-12 08:46:50]  正在连接 QQ-主 邮箱服务器 (497720537@qq.com) ...
[2026-05-12 08:46:50]  正在连接 QQ-备用 邮箱服务器 (shouqianbadavid@qq.com) ...
[2026-05-12 08:47:26]  正在连接 QQ-主 邮箱服务器 (497720537@qq.com) ...
[2026-05-12 08:47:27]  正在连接 QQ-备用 邮箱服务器 (shouqianbadavid@qq.com) ...
[2026-05-12 08:48:03]  正在连接 QQ-主 邮箱服务器 (497720537@qq.com) ...
[2026-05-12 08:48:04]  正在连接 QQ-备用 邮箱服务器 (shouqianbadavid@qq.com) ...
[2026-05-12 08:48:39]  正在连接 QQ-主 邮箱服务器 (497720537@qq.com) ...
[2026-05-12 08:48:40]  正在连接 QQ-备用 邮箱服务器 (shouqianbadavid@qq.com) ...
[2026-05-12 08:49:16]  正在连接 QQ-主 邮箱服务器 (497720537@qq.com) ...
[2026-05-12 08:49:16]  正在连接 QQ-备用 邮箱服务器 (shouqianbadavid@qq.com) ...
[2026-05-12 08:49:52]  正在连接 QQ-主 邮箱服务器 (497720537@qq.com) ...
[2026-05-12 08:49:53]  正在连接 QQ-备用 邮箱服务器 (shouqianbadavid@qq.com) ...
[2026-05-12 08:50:29]  正在连接 QQ-主 邮箱服务器 (497720537@qq.com) ...
[2026-05-12 08:50:29]  正在连接 QQ-备用 邮箱服务器 (shouqianbadavid@qq.com) ...
[2026-05-12 08:51:05]  正在连接 QQ-主 邮箱服务器 (497720537@qq.com) ...
[2026-05-12 08:51:06]  正在连接 QQ-备用 邮箱服务器 (shouqianbadavid@qq.com) ...
[2026-05-12 08:51:41]  正在连接 QQ-主 邮箱服务器 (497720537@qq.com) ...
[2026-05-12 08:51:42]  正在连接 QQ-备用 邮箱服务器 (shouqianbadavid@qq.com) ...
[2026-05-12 08:52:18]  正在连接 QQ-主 邮箱服务器 (497720537@qq.com) ...
[2026-05-12 08:52:19]  正在连接 QQ-备用 邮箱服务器 (shouqianbadavid@qq.com) ...
[2026-05-12 08:52:55]  正在连接 QQ-主 邮箱服务器 (497720537@qq.com) ...
[2026-05-12 08:52:56]  正在连接 QQ-备用 邮箱服务器 (shouqianbadavid@qq.com) ...
[2026-05-12 08:53:32]  正在连接 QQ-主 邮箱服务器 (497720537@qq.com) ...
[2026-05-12 08:53:32]  正在连接 QQ-备用 邮箱服务器 (shouqianbadavid@qq.com) ...
[2026-05-12 08:54:08]  正在连接 QQ-主 邮箱服务器 (497720537@qq.com) ...
[2026-05-12 08:54:19]  QQ-主 因子处理主循环异常: [Errno 11001] getaddrinfo failed
[2026-05-12 08:54:29]  正在连接 QQ-备用 邮箱服务器 (shouqianbadavid@qq.com) ...
[2026-05-12 08:55:05]  正在连接 QQ-主 邮箱服务器 (497720537@qq.com) ...
[2026-05-12 08:55:05]  正在连接 QQ-备用 邮箱服务器 (shouqianbadavid@qq.com) ...
[2026-05-12 08:55:41]  正在连接 QQ-主 邮箱服务器 (497720537@qq.com) ...
[2026-05-12 08:55:41]  正在连接 QQ-备用 邮箱服务器 (shouqianbadavid@qq.com) ...
[2026-05-12 08:56:17]  正在连接 QQ-主 邮箱服务器 (497720537@qq.com) ...
[2026-05-12 08:56:18]  正在连接 QQ-备用 邮箱服务器 (shouqianbadavid@qq.com) ...
[2026-05-12 08:56:54]  正在连接 QQ-主 邮箱服务器 (497720537@qq.com) ...
[2026-05-12 08:56:55]  正在连接 QQ-备用 邮箱服务器 (shouqianbadavid@qq.com) ...
[2026-05-12 08:57:30]  正在连接 QQ-主 邮箱服务器 (497720537@qq.com) ...
[2026-05-12 08:57:31]  正在连接 QQ-备用 邮箱服务器 (shouqianbadavid@qq.com) ...
[2026-05-12 08:58:07]  正在连接 QQ-主 邮箱服务器 (497720537@qq.com) ...
[2026-05-12 08:58:08]  正在连接 QQ-备用 邮箱服务器 (shouqianbadavid@qq.com) ...
[2026-05-12 08:58:44]  正在连接 QQ-主 邮箱服务器 (497720537@qq.com) ...
[2026-05-12 08:58:45]  正在连接 QQ-备用 邮箱服务器 (shouqianbadavid@qq.com) ...
[2026-05-12 08:59:20]  正在连接 QQ-主 邮箱服务器 (497720537@qq.com) ...
[2026-05-12 08:59:21]  正在连接 QQ-备用 邮箱服务器 (shouqianbadavid@qq.com) ...
[2026-05-12 08:59:57]  正在连接 QQ-主 邮箱服务器 (497720537@qq.com) ...
[2026-05-12 08:59:58]  正在连接 QQ-备用 邮箱服务器 (shouqianbadavid@qq.com) ...
[2026-05-12 09:00:34]  正在连接 QQ-主 邮箱服务器 (497720537@qq.com) ...
[2026-05-12 09:00:34]  正在连接 QQ-备用 邮箱服务器 (shouqianbadavid@qq.com) ...
[2026-05-12 09:01:10]  正在连接 QQ-主 邮箱服务器 (497720537@qq.com) ...
[2026-05-12 09:01:26]  正在连接 QQ-备用 邮箱服务器 (shouqianbadavid@qq.com) ...
[2026-05-12 09:02:01]  正在连接 QQ-主 邮箱服务器 (497720537@qq.com) ...
[2026-05-12 09:02:02]  正在连接 QQ-备用 邮箱服务器 (shouqianbadavid@qq.com) ...
[2026-05-12 09:02:38]  正在连接 QQ-主 邮箱服务器 (497720537@qq.com) ...
[2026-05-12 09:02:38]  正在连接 QQ-备用 邮箱服务器 (shouqianbadavid@qq.com) ...
[2026-05-12 09:03:14]  正在连接 QQ-主 邮箱服务器 (497720537@qq.com) ...
[2026-05-12 09:03:15]  正在连接 QQ-备用 邮箱服务器 (shouqianbadavid@qq.com) ...
[2026-05-12 09:03:51]  正在连接 QQ-主 邮箱服务器 (497720537@qq.com) ...
[2026-05-12 09:03:51]  正在连接 QQ-备用 邮箱服务器 (shouqianbadavid@qq.com) ...
[2026-05-12 09:04:27]  正在连接 QQ-主 邮箱服务器 (497720537@qq.com) ...
[2026-05-12 09:04:28]  正在连接 QQ-备用 邮箱服务器 (shouqianbadavid@qq.com) ...
[2026-05-12 09:05:03]  正在连接 QQ-主 邮箱服务器 (497720537@qq.com) ...
[2026-05-12 09:05:04]  正在连接 QQ-备用 邮箱服务器 (shouqianbadavid@qq.com) ...
[2026-05-12 09:05:40]  正在连接 QQ-主 邮箱服务器 (497720537@qq.com) ...
[2026-05-12 09:05:41]  正在连接 QQ-备用 邮箱服务器 (shouqianbadavid@qq.com) ...
[2026-05-12 09:06:17]  正在连接 QQ-主 邮箱服务器 (497720537@qq.com) ...
[2026-05-12 09:06:17]  正在连接 QQ-备用 邮箱服务器 (shouqianbadavid@qq.com) ...
[2026-05-12 09:06:53]  正在连接 QQ-主 邮箱服务器 (497720537@qq.com) ...
[2026-05-12 09:06:54]  正在连接 QQ-备用 邮箱服务器 (shouqianbadavid@qq.com) ...
[2026-05-12 09:07:29]  正在连接 QQ-主 邮箱服务器 (497720537@qq.com) ...
[2026-05-12 09:07:30]  正在连接 QQ-备用 邮箱服务器 (shouqianbadavid@qq.com) ...
[2026-05-12 09:08:06]  正在连接 QQ-主 邮箱服务器 (497720537@qq.com) ...
[2026-05-12 09:08:06]  正在连接 QQ-备用 邮箱服务器 (shouqianbadavid@qq.com) ...
[2026-05-12 09:08:42]  正在连接 QQ-主 邮箱服务器 (497720537@qq.com) ...
[2026-05-12 09:08:43]  正在连接 QQ-备用 邮箱服务器 (shouqianbadavid@qq.com) ...
[2026-05-12 09:09:19]  正在连接 QQ-主 邮箱服务器 (497720537@qq.com) ...
[2026-05-12 09:09:20]  正在连接 QQ-备用 邮箱服务器 (shouqianbadavid@qq.com) ...
[2026-05-12 09:09:55]  正在连接 QQ-主 邮箱服务器 (497720537@qq.com) ...
[2026-05-12 09:09:56]  正在连接 QQ-备用 邮箱服务器 (shouqianbadavid@qq.com) ...
[2026-05-12 09:10:32]  正在连接 QQ-主 邮箱服务器 (497720537@qq.com) ...
[2026-05-12 09:10:32]  正在连接 QQ-备用 邮箱服务器 (shouqianbadavid@qq.com) ...
[2026-05-12 09:11:08]  正在连接 QQ-主 邮箱服务器 (497720537@qq.com) ...
[2026-05-12 09:11:09]  正在连接 QQ-备用 邮箱服务器 (shouqianbadavid@qq.com) ...
[2026-05-12 09:11:45]  正在连接 QQ-主 邮箱服务器 (497720537@qq.com) ...
[2026-05-12 09:11:46]  正在连接 QQ-备用 邮箱服务器 (shouqianbadavid@qq.com) ...
[2026-05-12 09:12:21]  正在连接 QQ-主 邮箱服务器 (497720537@qq.com) ...
[2026-05-12 09:12:22]  正在连接 QQ-备用 邮箱服务器 (shouqianbadavid@qq.com) ...
[2026-05-12 09:12:58]  正在连接 QQ-主 邮箱服务器 (497720537@qq.com) ...
[2026-05-12 09:13:38]  QQ-主 因子处理主循环异常: timed out
[2026-05-12 09:13:48]  正在连接 QQ-备用 邮箱服务器 (shouqianbadavid@qq.com) ...
[2026-05-12 09:14:23]  正在连接 QQ-主 邮箱服务器 (497720537@qq.com) ...
[2026-05-12 09:14:24]  正在连接 QQ-备用 邮箱服务器 (shouqianbadavid@qq.com) ...
[2026-05-12 09:15:00]  正在连接 QQ-主 邮箱服务器 (497720537@qq.com) ...
[2026-05-12 09:15:00]  正在连接 QQ-备用 邮箱服务器 (shouqianbadavid@qq.com) ...
[2026-05-12 09:15:36]  正在连接 QQ-主 邮箱服务器 (497720537@qq.com) ...
[2026-05-12 09:15:37]  正在连接 QQ-备用 邮箱服务器 (shouqianbadavid@qq.com) ...
[2026-05-12 09:16:12]  正在连接 QQ-主 邮箱服务器 (497720537@qq.com) ...
[2026-05-12 09:16:13]  正在连接 QQ-备用 邮箱服务器 (shouqianbadavid@qq.com) ...
[2026-05-12 09:16:49]  正在连接 QQ-主 邮箱服务器 (497720537@qq.com) ...
[2026-05-12 09:16:50]  正在连接 QQ-备用 邮箱服务器 (shouqianbadavid@qq.com) ...
[2026-05-12 09:17:26]  正在连接 QQ-主 邮箱服务器 (497720537@qq.com) ...
[2026-05-12 09:17:26]  正在连接 QQ-备用 邮箱服务器 (shouqianbadavid@qq.com) ...
[2026-05-12 09:18:02]  正在连接 QQ-主 邮箱服务器 (497720537@qq.com) ...
[2026-05-12 09:18:03]  正在连接 QQ-备用 邮箱服务器 (shouqianbadavid@qq.com) ...
[2026-05-12 09:18:39]  正在连接 QQ-主 邮箱服务器 (497720537@qq.com) ...
[2026-05-12 09:18:39]  正在连接 QQ-备用 邮箱服务器 (shouqianbadavid@qq.com) ...
[2026-05-12 09:19:15]  正在连接 QQ-主 邮箱服务器 (497720537@qq.com) ...
[2026-05-12 09:19:16]  正在连接 QQ-备用 邮箱服务器 (shouqianbadavid@qq.com) ...
[2026-05-12 09:19:52]  正在连接 QQ-主 邮箱服务器 (497720537@qq.com) ...
[2026-05-12 09:19:53]  正在连接 QQ-备用 邮箱服务器 (shouqianbadavid@qq.com) ...
[2026-05-12 09:20:13]  QQ-备用 因子处理主循环异常: The read operation timed out
[2026-05-12 09:20:58]  正在连接 QQ-主 邮箱服务器 (497720537@qq.com) ...
[2026-05-12 09:20:59]  正在连接 QQ-备用 邮箱服务器 (shouqianbadavid@qq.com) ...
[2026-05-12 09:21:34]  正在连接 QQ-主 邮箱服务器 (497720537@qq.com) ...
[2026-05-12 09:21:35]  正在连接 QQ-备用 邮箱服务器 (shouqianbadavid@qq.com) ...
[2026-05-12 09:22:11]  正在连接 QQ-主 邮箱服务器 (497720537@qq.com) ...
[2026-05-12 09:22:12]  正在连接 QQ-备用 邮箱服务器 (shouqianbadavid@qq.com) ...
[2026-05-12 09:22:47]  正在连接 QQ-主 邮箱服务器 (497720537@qq.com) ...
[2026-05-12 09:22:48]  正在连接 QQ-备用 邮箱服务器 (shouqianbadavid@qq.com) ...
[2026-05-12 09:23:24]  正在连接 QQ-主 邮箱服务器 (497720537@qq.com) ...
[2026-05-12 09:23:25]  正在连接 QQ-备用 邮箱服务器 (shouqianbadavid@qq.com) ...
[2026-05-12 09:24:00]  正在连接 QQ-主 邮箱服务器 (497720537@qq.com) ...
[2026-05-12 09:24:01]  正在连接 QQ-备用 邮箱服务器 (shouqianbadavid@qq.com) ...
[2026-05-12 09:24:37]  正在连接 QQ-主 邮箱服务器 (497720537@qq.com) ...
[2026-05-12 09:24:38]  正在连接 QQ-备用 邮箱服务器 (shouqianbadavid@qq.com) ...
[2026-05-12 09:25:14]  正在连接 QQ-主 邮箱服务器 (497720537@qq.com) ...
[2026-05-12 09:25:14]  正在连接 QQ-备用 邮箱服务器 (shouqianbadavid@qq.com) ...
[2026-05-12 09:25:50]  正在连接 QQ-主 邮箱服务器 (497720537@qq.com) ...
[2026-05-12 09:25:51]  正在连接 QQ-备用 邮箱服务器 (shouqianbadavid@qq.com) ...
[2026-05-12 09:26:26]  正在连接 QQ-主 邮箱服务器 (497720537@qq.com) ...
[2026-05-12 09:26:27]  正在连接 QQ-备用 邮箱服务器 (shouqianbadavid@qq.com) ...
[2026-05-12 09:27:03]  正在连接 QQ-主 邮箱服务器 (497720537@qq.com) ...
[2026-05-12 09:27:04]  正在连接 QQ-备用 邮箱服务器 (shouqianbadavid@qq.com) ...
[2026-05-12 09:27:40]  正在连接 QQ-主 邮箱服务器 (497720537@qq.com) ...
[2026-05-12 09:27:41]  正在连接 QQ-备用 邮箱服务器 (shouqianbadavid@qq.com) ...
[2026-05-12 09:28:16]  正在连接 QQ-主 邮箱服务器 (497720537@qq.com) ...
[2026-05-12 09:28:17]  正在连接 QQ-备用 邮箱服务器 (shouqianbadavid@qq.com) ...
[2026-05-12 09:28:53]  正在连接 QQ-主 邮箱服务器 (497720537@qq.com) ...
[2026-05-12 09:28:54]  正在连接 QQ-备用 邮箱服务器 (shouqianbadavid@qq.com) ...
[2026-05-12 09:29:30]  正在连接 QQ-主 邮箱服务器 (497720537@qq.com) ...
[2026-05-12 09:29:31]  正在连接 QQ-备用 邮箱服务器 (shouqianbadavid@qq.com) ...
[2026-05-12 09:30:07]  正在连接 QQ-主 邮箱服务器 (497720537@qq.com) ...
[2026-05-12 09:30:08]  正在连接 QQ-备用 邮箱服务器 (shouqianbadavid@qq.com) ...
[2026-05-12 09:30:43]  正在连接 QQ-主 邮箱服务器 (497720537@qq.com) ...
[2026-05-12 09:30:44]  正在连接 QQ-备用 邮箱服务器 (shouqianbadavid@qq.com) ...
[2026-05-12 09:31:20]  正在连接 QQ-主 邮箱服务器 (497720537@qq.com) ...
[2026-05-12 09:31:28]  正在连接 QQ-备用 邮箱服务器 (shouqianbadavid@qq.com) ...
[2026-05-12 09:32:03]  正在连接 QQ-主 邮箱服务器 (497720537@qq.com) ...
[2026-05-12 09:32:03]  正在连接 QQ-备用 邮箱服务器 (shouqianbadavid@qq.com) ...
[2026-05-12 09:32:39]  正在连接 QQ-主 邮箱服务器 (497720537@qq.com) ...
[2026-05-12 09:32:40]  正在连接 QQ-备用 邮箱服务器 (shouqianbadavid@qq.com) ...
[2026-05-12 09:33:15]  正在连接 QQ-主 邮箱服务器 (497720537@qq.com) ...
[2026-05-12 09:33:16]  正在连接 QQ-备用 邮箱服务器 (shouqianbadavid@qq.com) ...
[2026-05-12 09:33:51]  正在连接 QQ-主 邮箱服务器 (497720537@qq.com) ...
[2026-05-12 09:33:52]  正在连接 QQ-备用 邮箱服务器 (shouqianbadavid@qq.com) ...
[2026-05-12 09:34:27]  正在连接 QQ-主 邮箱服务器 (497720537@qq.com) ...
[2026-05-12 09:34:28]  正在连接 QQ-备用 邮箱服务器 (shouqianbadavid@qq.com) ...
[2026-05-12 09:35:04]  正在连接 QQ-主 邮箱服务器 (497720537@qq.com) ...
[2026-05-12 09:35:06]  正在连接 QQ-备用 邮箱服务器 (shouqianbadavid@qq.com) ...
[2026-05-12 09:35:42]  正在连接 QQ-主 邮箱服务器 (497720537@qq.com) ...
[2026-05-12 09:35:43]  正在连接 QQ-备用 邮箱服务器 (shouqianbadavid@qq.com) ...
[2026-05-12 09:36:18]  正在连接 QQ-主 邮箱服务器 (497720537@qq.com) ...
[2026-05-12 09:36:19]  正在连接 QQ-备用 邮箱服务器 (shouqianbadavid@qq.com) ...
[2026-05-12 09:36:55]  正在连接 QQ-主 邮箱服务器 (497720537@qq.com) ...
[2026-05-12 09:36:55]  正在连接 QQ-备用 邮箱服务器 (shouqianbadavid@qq.com) ...
[2026-05-12 09:37:31]  正在连接 QQ-主 邮箱服务器 (497720537@qq.com) ...
[2026-05-12 09:37:31]  正在连接 QQ-备用 邮箱服务器 (shouqianbadavid@qq.com) ...
[2026-05-12 09:38:07]  正在连接 QQ-主 邮箱服务器 (497720537@qq.com) ...
[2026-05-12 09:38:07]  正在连接 QQ-备用 邮箱服务器 (shouqianbadavid@qq.com) ...
[2026-05-12 09:38:43]  正在连接 QQ-主 邮箱服务器 (497720537@qq.com) ...
[2026-05-12 09:38:44]  正在连接 QQ-备用 邮箱服务器 (shouqianbadavid@qq.com) ...
[2026-05-12 09:39:20]  正在连接 QQ-主 邮箱服务器 (497720537@qq.com) ...
[2026-05-12 09:39:31]  QQ-主 因子处理主循环异常: [Errno 11001] getaddrinfo failed
[2026-05-12 09:39:41]  正在连接 QQ-备用 邮箱服务器 (shouqianbadavid@qq.com) ...
[2026-05-12 09:39:42]  QQ-备用 因子处理主循环异常: [Errno 11001] getaddrinfo failed
[2026-05-12 09:40:27]  正在连接 QQ-主 邮箱服务器 (497720537@qq.com) ...
[2026-05-12 09:40:27]  正在连接 QQ-备用 邮箱服务器 (shouqianbadavid@qq.com) ...
[2026-05-12 09:41:03]  正在连接 QQ-主 邮箱服务器 (497720537@qq.com) ...
[2026-05-12 09:41:04]  正在连接 QQ-备用 邮箱服务器 (shouqianbadavid@qq.com) ...
[2026-05-12 09:41:39]  正在连接 QQ-主 邮箱服务器 (497720537@qq.com) ...
[2026-05-12 09:41:40]  QQ-主 正在解析因子: =?utf-8?b?QWxwaGFQaWxvdCDlrp7ml7bkv6Hlj7cgKGFscGhhX3NpZ25hbF90aHJfMjAyNjA1MTJfMDk0MS5qc29uKSBb5Li7UVEt5a+55aSWXQ==?=
[2026-05-12 09:41:40]  发现表格，共 21 行数据
[2026-05-12 09:41:40]  动态索引映射: ['股票代码', '股票名称', '信号', '当前价格', '量比', '来源过滤']
[2026-05-12 09:41:40]  [行1] 解析成功: SZSE.002015 [协鑫能科] BUY @ 20.18 (VR:0.1)
[2026-05-12 09:41:40]  [行2] 解析成功: SHSE.688295 [奥林德] SELL @ 61.48 (VR:0.01)
[2026-05-12 09:41:40]  [行3] 解析成功: SHSE.600722 [金牛化工] BUY @ 14.35 (VR:0.71)
[2026-05-12 09:41:40]  [行4] 解析成功: SHSE.601016 [节能风电] BUY @ 5.0 (VR:0.51)
[2026-05-12 09:41:40]  [行5] 解析成功: SHSE.600726 [华电能源] BUY @ 7.37 (VR:0.8)
[2026-05-12 09:41:40]  [行6] 解析成功: SHSE.688295 [中复神鹰] SELL @ 61.5 (VR:0.64)
[2026-05-12 09:41:40]  [行7] 解析成功: SZSE.300782 [卓胜微] SELL @ 108.25 (VR:1.05)
[2026-05-12 09:41:40]  [行8] 解析成功: SZSE.300724 [捷佳伟创] SELL @ 94.88 (VR:0.78)
[2026-05-12 09:41:40]  [行9] 解析成功: SZSE.300813 [泰林生物] BUY @ 25.46 (VR:1.26)
[2026-05-12 09:41:40]  [行10] 解析成功: SZSE.002015 [协鑫能科] BUY @ 20.47 (VR:0.22)
[2026-05-12 09:41:40]  [行11] 解析成功: SZSE.301226 [祥明智能] BUY @ 41.92 (VR:0.21)
[2026-05-12 09:41:40]  [行12] 解析成功: SZSE.301667 [纳百川] SELL @ 115.9 (VR:0.41)
[2026-05-12 09:41:40]  [行13] 解析成功: SZSE.300345 [华民股份] SELL @ 7.28 (VR:3.43)
[2026-05-12 09:41:40]  [行14] 解析成功: SHSE.688295 [奥林德] SELL @ 60.59 (VR:0.57)
[2026-05-12 09:41:40]  [行15] 解析成功: SHSE.601016 [节能风电] BUY @ 5.08 (VR:0.31)
[2026-05-12 09:41:40]  [行16] 解析成功: SHSE.600726 [华电能源] BUY @ 7.67 (VR:0.17)
[2026-05-12 09:41:40]  [行17] 解析成功: SHSE.688295 [中复神鹰] SELL @ 60.2 (VR:1.88)
[2026-05-12 09:41:40]  [行18] 解析成功: SZSE.300782 [卓胜微] SELL @ 106.75 (VR:0.99)
[2026-05-12 09:41:40]  [行19] 解析成功: SZSE.300724 [捷佳伟创] SELL @ 94.12 (VR:0.15)
[2026-05-12 09:41:40]  [行20] 解析成功: SZSE.300813 [泰林生物] BUY @ 25.48 (VR:0.37)
[2026-05-12 09:41:40]  [行21] 解析成功: SZSE.301281 [利源制药] BUY @ 42.42 (VR:2.26)
[2026-05-12 09:41:40] 成功保存 21 条因子至: signal_batch_20260512_094140_756137.txt
[2026-05-12 09:41:41]  QQ-主 邮件 3490 处理完成
[2026-05-12 09:41:41]  QQ-主 本轮共成功处理 1 封有效信号邮件
[2026-05-12 09:41:41]  正在连接 QQ-备用 邮箱服务器 (shouqianbadavid@qq.com) ...
[2026-05-12 09:41:41]  QQ-备用 正在解析因子: =?utf-8?b?QWxwaGFQaWxvdCDlpIfku73kv6Hlj7cgKGFscGhhX3NpZ25hbF90aHJfMjAyNjA1MTJfMDk0MS5qc29uKSBb5aSHUVEt6Ieq5L+dXQ==?=
[2026-05-12 09:41:41]  发现表格，共 21 行数据
[2026-05-12 09:41:41]  动态索引映射: ['股票代码', '股票名称', '信号', '当前价格', '量比', '来源过滤']
[2026-05-12 09:41:41]  [行1] 解析成功: SZSE.002015 [协鑫能科] BUY @ 20.18 (VR:0.1)
[2026-05-12 09:41:41]  [行2] 解析成功: SHSE.688295 [奥林德] SELL @ 61.48 (VR:0.01)
[2026-05-12 09:41:41]  [行3] 解析成功: SHSE.600722 [金牛化工] BUY @ 14.35 (VR:0.71)
[2026-05-12 09:41:41]  [行4] 解析成功: SHSE.601016 [节能风电] BUY @ 5.0 (VR:0.51)
[2026-05-12 09:41:41]  [行5] 解析成功: SHSE.600726 [华电能源] BUY @ 7.37 (VR:0.8)
[2026-05-12 09:41:41]  [行6] 解析成功: SHSE.688295 [中复神鹰] SELL @ 61.5 (VR:0.64)
[2026-05-12 09:41:41]  [行7] 解析成功: SZSE.300782 [卓胜微] SELL @ 108.25 (VR:1.05)
[2026-05-12 09:41:41]  [行8] 解析成功: SZSE.300724 [捷佳伟创] SELL @ 94.88 (VR:0.78)
[2026-05-12 09:41:41]  [行9] 解析成功: SZSE.300813 [泰林生物] BUY @ 25.46 (VR:1.26)
[2026-05-12 09:41:41]  [行10] 解析成功: SZSE.002015 [协鑫能科] BUY @ 20.47 (VR:0.22)
[2026-05-12 09:41:41]  [行11] 解析成功: SZSE.301226 [祥明智能] BUY @ 41.92 (VR:0.21)
[2026-05-12 09:41:41]  [行12] 解析成功: SZSE.301667 [纳百川] SELL @ 115.9 (VR:0.41)
[2026-05-12 09:41:41]  [行13] 解析成功: SZSE.300345 [华民股份] SELL @ 7.28 (VR:3.43)
[2026-05-12 09:41:41]  [行14] 解析成功: SHSE.688295 [奥林德] SELL @ 60.59 (VR:0.57)
[2026-05-12 09:41:41]  [行15] 解析成功: SHSE.601016 [节能风电] BUY @ 5.08 (VR:0.31)
[2026-05-12 09:41:41]  [行16] 解析成功: SHSE.600726 [华电能源] BUY @ 7.67 (VR:0.17)
[2026-05-12 09:41:41]  [行17] 解析成功: SHSE.688295 [中复神鹰] SELL @ 60.2 (VR:1.88)
[2026-05-12 09:41:41]  [行18] 解析成功: SZSE.300782 [卓胜微] SELL @ 106.75 (VR:0.99)
[2026-05-12 09:41:41]  [行19] 解析成功: SZSE.300724 [捷佳伟创] SELL @ 94.12 (VR:0.15)
[2026-05-12 09:41:41]  [行20] 解析成功: SZSE.300813 [泰林生物] BUY @ 25.48 (VR:0.37)
[2026-05-12 09:41:41]  [行21] 解析成功: SZSE.301281 [利源制药] BUY @ 42.42 (VR:2.26)
[2026-05-12 09:41:41] 成功保存 21 条因子至: signal_batch_20260512_094141_842447.txt
[2026-05-12 09:41:42]  QQ-备用 邮件 804 处理完成
[2026-05-12 09:41:42]  QQ-备用 本轮共成功处理 1 封有效信号邮件
[2026-05-12 09:42:17]  正在连接 QQ-主 邮箱服务器 (497720537@qq.com) ...
[2026-05-12 09:42:17]  正在连接 QQ-备用 邮箱服务器 (shouqianbadavid@qq.com) ...
[2026-05-12 09:42:53]  正在连接 QQ-主 邮箱服务器 (497720537@qq.com) ...
[2026-05-12 09:43:04]  QQ-主 因子处理主循环异常: [Errno 11001] getaddrinfo failed
[2026-05-12 09:43:14]  正在连接 QQ-备用 邮箱服务器 (shouqianbadavid@qq.com) ...
[2026-05-12 09:43:50]  正在连接 QQ-主 邮箱服务器 (497720537@qq.com) ...
[2026-05-12 09:43:51]  正在连接 QQ-备用 邮箱服务器 (shouqianbadavid@qq.com) ...
[2026-05-12 09:44:27]  正在连接 QQ-主 邮箱服务器 (497720537@qq.com) ...
[2026-05-12 09:44:28]  正在连接 QQ-备用 邮箱服务器 (shouqianbadavid@qq.com) ...
[2026-05-12 09:45:04]  正在连接 QQ-主 邮箱服务器 (497720537@qq.com) ...
[2026-05-12 09:45:05]  正在连接 QQ-备用 邮箱服务器 (shouqianbadavid@qq.com) ...
[2026-05-12 09:45:41]  正在连接 QQ-主 邮箱服务器 (497720537@qq.com) ...
[2026-05-12 09:45:41]  正在连接 QQ-备用 邮箱服务器 (shouqianbadavid@qq.com) ...
[2026-05-12 09:46:17]  正在连接 QQ-主 邮箱服务器 (497720537@qq.com) ...
[2026-05-12 09:46:28]  QQ-主 因子处理主循环异常: [Errno 11001] getaddrinfo failed
[2026-05-12 09:46:38]  正在连接 QQ-备用 邮箱服务器 (shouqianbadavid@qq.com) ...
[2026-05-12 09:46:39]  QQ-备用 因子处理主循环异常: [Errno 11001] getaddrinfo failed
[2026-05-12 09:47:24]  正在连接 QQ-主 邮箱服务器 (497720537@qq.com) ...
[2026-05-12 09:47:25]  正在连接 QQ-备用 邮箱服务器 (shouqianbadavid@qq.com) ...
[2026-05-12 09:48:01]  正在连接 QQ-主 邮箱服务器 (497720537@qq.com) ...
[2026-05-12 09:48:02]  正在连接 QQ-备用 邮箱服务器 (shouqianbadavid@qq.com) ...
[2026-05-12 09:48:37]  正在连接 QQ-主 邮箱服务器 (497720537@qq.com) ...
[2026-05-12 09:48:38]  正在连接 QQ-备用 邮箱服务器 (shouqianbadavid@qq.com) ...
[2026-05-12 09:49:13]  正在连接 QQ-主 邮箱服务器 (497720537@qq.com) ...
[2026-05-12 09:49:14]  正在连接 QQ-备用 邮箱服务器 (shouqianbadavid@qq.com) ...
[2026-05-12 09:49:49]  正在连接 QQ-主 邮箱服务器 (497720537@qq.com) ...
[2026-05-12 09:49:50]  正在连接 QQ-备用 邮箱服务器 (shouqianbadavid@qq.com) ...
[2026-05-12 09:50:26]  正在连接 QQ-主 邮箱服务器 (497720537@qq.com) ...
[2026-05-12 09:50:27]  正在连接 QQ-备用 邮箱服务器 (shouqianbadavid@qq.com) ...
[2026-05-12 09:51:02]  正在连接 QQ-主 邮箱服务器 (497720537@qq.com) ...
[2026-05-12 09:51:03]  正在连接 QQ-备用 邮箱服务器 (shouqianbadavid@qq.com) ...
[2026-05-12 09:51:39]  正在连接 QQ-主 邮箱服务器 (497720537@qq.com) ...
[2026-05-12 09:51:39]  正在连接 QQ-备用 邮箱服务器 (shouqianbadavid@qq.com) ...
[2026-05-12 09:52:15]  正在连接 QQ-主 邮箱服务器 (497720537@qq.com) ...
[2026-05-12 09:52:15]  正在连接 QQ-备用 邮箱服务器 (shouqianbadavid@qq.com) ...
[2026-05-12 09:52:51]  正在连接 QQ-主 邮箱服务器 (497720537@qq.com) ...
[2026-05-12 09:52:52]  QQ-主 正在解析因子: =?utf-8?b?QWxwaGFQaWxvdCDlrp7ml7bkv6Hlj7cgKGFscGhhX3NpZ25hbF90aHJfMjAyNjA1MTJfMDk1Mi5qc29uKSBb5Li7UVEt5a+55aSWXQ==?=
[2026-05-12 09:52:52]  发现表格，共 16 行数据
[2026-05-12 09:52:52]  动态索引映射: ['股票代码', '股票名称', '信号', '当前价格', '量比', '来源过滤']
[2026-05-12 09:52:52]  [行1] 解析成功: SZSE.002498 [汉缆股份] BUY @ 9.31 (VR:1.23)
[2026-05-12 09:52:52]  [行2] 解析成功: SHSE.600699 [均胜电子] BUY @ 28.42 (VR:0.53)
[2026-05-12 09:52:52]  [行3] 解析成功: SZSE.000537 [绿发电力] BUY @ 10.82 (VR:0.45)
[2026-05-12 09:52:52]  [行4] 解析成功: SZSE.002679 [福建金森] SELL @ 11.03 (VR:0.11)
[2026-05-12 09:52:52]  [行5] 解析成功: SZSE.002925 [盈趣科技] BUY @ 20.35 (VR:0.68)
[2026-05-12 09:52:52]  [行6] 解析成功: SZSE.002429 [兆驰股份] SELL @ 13.26 (VR:0.0)
[2026-05-12 09:52:52]  [行7] 解析成功: SZSE.001309 [德利明] BUY @ 615.49 (VR:0.67)
[2026-05-12 09:52:52]  [行8] 解析成功: SHSE.688617 [惠泰医疗] BUY @ 236.1 (VR:1.19)
[2026-05-12 09:52:52]  [行9] 解析成功: SZSE.000592 [平潭发展] BUY @ 11.83 (VR:2.08)
[2026-05-12 09:52:52]  [行10] 解析成功: SZSE.002683 [宏大爆破] SELL @ 39.99 (VR:0.12)
[2026-05-12 09:52:52]  [行11] 解析成功: SZSE.002460 [赣锋锂业] SELL @ 83.51 (VR:0.74)
[2026-05-12 09:52:52]  [行12] 解析成功: SZSE.000537 [绿发电力] BUY @ 11.01 (VR:2.55)
[2026-05-12 09:52:52]  [行13] 解析成功: SZSE.002925 [盈趣科技] BUY @ 20.41 (VR:1.21)
[2026-05-12 09:52:52]  [行14] 解析成功: SZSE.000536 [华映科技] BUY @ 4.09 (VR:1.48)
[2026-05-12 09:52:52]  [行15] 解析成功: SZSE.002240 [盛新锂能] SELL @ 56.45 (VR:0.0)
[2026-05-12 09:52:52]  [行16] 解析成功: SZSE.001309 [德利明] BUY @ 619.01 (VR:0.2)
[2026-05-12 09:52:52] 成功保存 16 条因子至: signal_batch_20260512_095252_148153.txt
[2026-05-12 09:52:52]  QQ-主 邮件 3491 处理完成
[2026-05-12 09:52:52]  QQ-主 本轮共成功处理 1 封有效信号邮件
[2026-05-12 09:52:52]  正在连接 QQ-备用 邮箱服务器 (shouqianbadavid@qq.com) ...
[2026-05-12 09:53:27]  正在连接 QQ-主 邮箱服务器 (497720537@qq.com) ...
[2026-05-12 09:53:28]  正在连接 QQ-备用 邮箱服务器 (shouqianbadavid@qq.com) ...
[2026-05-12 09:53:29]  QQ-备用 正在解析因子: =?utf-8?b?QWxwaGFQaWxvdCDlpIfku73kv6Hlj7cgKGFscGhhX3NpZ25hbF90aHJfMjAyNjA1MTJfMDk1Mi5qc29uKSBb5aSHUVEt6Ieq5L+dXQ==?=
[2026-05-12 09:53:29]  发现表格，共 16 行数据
[2026-05-12 09:53:29]  动态索引映射: ['股票代码', '股票名称', '信号', '当前价格', '量比', '来源过滤']
[2026-05-12 09:53:29]  [行1] 解析成功: SZSE.002498 [汉缆股份] BUY @ 9.31 (VR:1.23)
[2026-05-12 09:53:29]  [行2] 解析成功: SHSE.600699 [均胜电子] BUY @ 28.42 (VR:0.53)
[2026-05-12 09:53:29]  [行3] 解析成功: SZSE.000537 [绿发电力] BUY @ 10.82 (VR:0.45)
[2026-05-12 09:53:29]  [行4] 解析成功: SZSE.002679 [福建金森] SELL @ 11.03 (VR:0.11)
[2026-05-12 09:53:29]  [行5] 解析成功: SZSE.002925 [盈趣科技] BUY @ 20.35 (VR:0.68)
[2026-05-12 09:53:29]  [行6] 解析成功: SZSE.002429 [兆驰股份] SELL @ 13.26 (VR:0.0)
[2026-05-12 09:53:29]  [行7] 解析成功: SZSE.001309 [德利明] BUY @ 615.49 (VR:0.67)
[2026-05-12 09:53:29]  [行8] 解析成功: SHSE.688617 [惠泰医疗] BUY @ 236.1 (VR:1.19)
[2026-05-12 09:53:29]  [行9] 解析成功: SZSE.000592 [平潭发展] BUY @ 11.83 (VR:2.08)
[2026-05-12 09:53:29]  [行10] 解析成功: SZSE.002683 [宏大爆破] SELL @ 39.99 (VR:0.12)
[2026-05-12 09:53:29]  [行11] 解析成功: SZSE.002460 [赣锋锂业] SELL @ 83.51 (VR:0.74)
[2026-05-12 09:53:29]  [行12] 解析成功: SZSE.000537 [绿发电力] BUY @ 11.01 (VR:2.55)
[2026-05-12 09:53:29]  [行13] 解析成功: SZSE.002925 [盈趣科技] BUY @ 20.41 (VR:1.21)
[2026-05-12 09:53:29]  [行14] 解析成功: SZSE.000536 [华映科技] BUY @ 4.09 (VR:1.48)
[2026-05-12 09:53:29]  [行15] 解析成功: SZSE.002240 [盛新锂能] SELL @ 56.45 (VR:0.0)
[2026-05-12 09:53:29]  [行16] 解析成功: SZSE.001309 [德利明] BUY @ 619.01 (VR:0.2)
[2026-05-12 09:53:29] 成功保存 16 条因子至: signal_batch_20260512_095329_317297.txt
[2026-05-12 09:53:29]  QQ-备用 邮件 805 处理完成
[2026-05-12 09:53:29]  QQ-备用 本轮共成功处理 1 封有效信号邮件
[2026-05-12 09:54:04]  正在连接 QQ-主 邮箱服务器 (497720537@qq.com) ...
[2026-05-12 09:54:07]  正在连接 QQ-备用 邮箱服务器 (shouqianbadavid@qq.com) ...
[2026-05-12 09:54:42]  正在连接 QQ-主 邮箱服务器 (497720537@qq.com) ...
[2026-05-12 09:54:43]  正在连接 QQ-备用 邮箱服务器 (shouqianbadavid@qq.com) ...
[2026-05-12 09:55:19]  正在连接 QQ-主 邮箱服务器 (497720537@qq.com) ...
[2026-05-12 09:55:20]  正在连接 QQ-备用 邮箱服务器 (shouqianbadavid@qq.com) ...
[2026-05-12 09:55:55]  正在连接 QQ-主 邮箱服务器 (497720537@qq.com) ...
[2026-05-12 09:55:56]  正在连接 QQ-备用 邮箱服务器 (shouqianbadavid@qq.com) ...
[2026-05-12 09:56:32]  正在连接 QQ-主 邮箱服务器 (497720537@qq.com) ...
[2026-05-12 09:56:32]  正在连接 QQ-备用 邮箱服务器 (shouqianbadavid@qq.com) ...
[2026-05-12 09:57:08]  正在连接 QQ-主 邮箱服务器 (497720537@qq.com) ...
[2026-05-12 09:57:09]  正在连接 QQ-备用 邮箱服务器 (shouqianbadavid@qq.com) ...
[2026-05-12 09:57:44]  正在连接 QQ-主 邮箱服务器 (497720537@qq.com) ...
[2026-05-12 09:57:45]  正在连接 QQ-备用 邮箱服务器 (shouqianbadavid@qq.com) ...
[2026-05-12 09:58:21]  正在连接 QQ-主 邮箱服务器 (497720537@qq.com) ...
[2026-05-12 09:58:21]  正在连接 QQ-备用 邮箱服务器 (shouqianbadavid@qq.com) ...
[2026-05-12 09:58:57]  正在连接 QQ-主 邮箱服务器 (497720537@qq.com) ...
[2026-05-12 09:58:58]  正在连接 QQ-备用 邮箱服务器 (shouqianbadavid@qq.com) ...
[2026-05-12 09:59:33]  正在连接 QQ-主 邮箱服务器 (497720537@qq.com) ...
[2026-05-12 09:59:34]  正在连接 QQ-备用 邮箱服务器 (shouqianbadavid@qq.com) ...
[2026-05-12 10:00:09]  正在连接 QQ-主 邮箱服务器 (497720537@qq.com) ...
[2026-05-12 10:00:10]  QQ-主 正在解析因子: =?utf-8?b?QWxwaGFQaWxvdCDlrp7ml7bkv6Hlj7cgKGFscGhhX3NpZ25hbF90aHJfMjAyNjA1MTJfMDk1OS5qc29uKSBb5Li7UVEt5a+55aSWXQ==?=
[2026-05-12 10:00:10]  发现表格，共 18 行数据
[2026-05-12 10:00:10]  动态索引映射: ['股票代码', '股票名称', '信号', '当前价格', '量比', '来源过滤']
[2026-05-12 10:00:10]  [行1] 解析成功: SZSE.300037 [新宙邦] SELL @ 64.6 (VR:0.09)
[2026-05-12 10:00:10]  [行2] 解析成功: SZSE.300677 [英科医疗] BUY @ 53.37 (VR:0.15)
[2026-05-12 10:00:10]  [行3] 解析成功: SZSE.002506 [协鑫集成] BUY @ 4.26 (VR:0.23)
[2026-05-12 10:00:10]  [行4] 解析成功: SZSE.300285 [国瓷材料] BUY @ 38.44 (VR:3.52)
[2026-05-12 10:00:10]  [行5] 解析成功: SZSE.300393 [中来股份] SELL @ 12.42 (VR:0.07)
[2026-05-12 10:00:10]  [行6] 解析成功: SZSE.301278 [快克股份] SELL @ 41.21 (VR:0.04)
[2026-05-12 10:00:10]  [行7] 解析成功: SZSE.300643 [万通智控] SELL @ 18.78 (VR:0.18)
[2026-05-12 10:00:10]  [行8] 解析成功: SZSE.300054 [鼎龙股份] SELL @ 65.48 (VR:0.03)
[2026-05-12 10:00:10]  [行9] 解析成功: SZSE.003035 [南网能源] BUY @ 7.83 (VR:0.57)
[2026-05-12 10:00:10]  [行10] 解析成功: SZSE.002202 [金风科技] SELL @ 27.45 (VR:0.64)
[2026-05-12 10:00:10]  [行11] 解析成功: SZSE.300677 [英科医疗] BUY @ 53.49 (VR:0.51)
[2026-05-12 10:00:10]  [行12] 解析成功: SZSE.002506 [协鑫集成] BUY @ 4.28 (VR:0.02)
[2026-05-12 10:00:10]  [行13] 解析成功: SZSE.300285 [国瓷材料] BUY @ 38.92 (VR:0.1)
[2026-05-12 10:00:10]  [行14] 解析成功: SZSE.301278 [快克股份] SELL @ 41.12 (VR:0.01)
[2026-05-12 10:00:10]  [行15] 解析成功: SZSE.300930 [屹通新材] SELL @ 33.53 (VR:4.21)
[2026-05-12 10:00:10]  [行16] 解析成功: SZSE.300868 [杰美特] BUY @ 98.58 (VR:0.05)
[2026-05-12 10:00:10]  [行17] 解析成功: SZSE.300390 [天华超净] BUY @ 100.76 (VR:0.15)
[2026-05-12 10:00:10]  [行18] 解析成功: SZSE.300054 [鼎龙股份] SELL @ 65.34 (VR:0.27)
[2026-05-12 10:00:10] 成功保存 18 条因子至: signal_batch_20260512_100010_442207.txt
[2026-05-12 10:00:10]  QQ-主 邮件 3492 处理完成
[2026-05-12 10:00:10]  QQ-主 本轮共成功处理 1 封有效信号邮件
[2026-05-12 10:00:10]  正在连接 QQ-备用 邮箱服务器 (shouqianbadavid@qq.com) ...
[2026-05-12 10:00:46]  正在连接 QQ-主 邮箱服务器 (497720537@qq.com) ...
[2026-05-12 10:00:47]  正在连接 QQ-备用 邮箱服务器 (shouqianbadavid@qq.com) ...
[2026-05-12 10:00:47]  QQ-备用 正在解析因子: =?utf-8?b?QWxwaGFQaWxvdCDlpIfku73kv6Hlj7cgKGFscGhhX3NpZ25hbF90aHJfMjAyNjA1MTJfMDk1OS5qc29uKSBb5aSHUVEt6Ieq5L+dXQ==?=
[2026-05-12 10:00:47]  发现表格，共 18 行数据
[2026-05-12 10:00:47]  动态索引映射: ['股票代码', '股票名称', '信号', '当前价格', '量比', '来源过滤']
[2026-05-12 10:00:47]  [行1] 解析成功: SZSE.300037 [新宙邦] SELL @ 64.6 (VR:0.09)
[2026-05-12 10:00:47]  [行2] 解析成功: SZSE.300677 [英科医疗] BUY @ 53.37 (VR:0.15)
[2026-05-12 10:00:47]  [行3] 解析成功: SZSE.002506 [协鑫集成] BUY @ 4.26 (VR:0.23)
[2026-05-12 10:00:47]  [行4] 解析成功: SZSE.300285 [国瓷材料] BUY @ 38.44 (VR:3.52)
[2026-05-12 10:00:47]  [行5] 解析成功: SZSE.300393 [中来股份] SELL @ 12.42 (VR:0.07)
[2026-05-12 10:00:47]  [行6] 解析成功: SZSE.301278 [快克股份] SELL @ 41.21 (VR:0.04)
[2026-05-12 10:00:47]  [行7] 解析成功: SZSE.300643 [万通智控] SELL @ 18.78 (VR:0.18)
[2026-05-12 10:00:47]  [行8] 解析成功: SZSE.300054 [鼎龙股份] SELL @ 65.48 (VR:0.03)
[2026-05-12 10:00:47]  [行9] 解析成功: SZSE.003035 [南网能源] BUY @ 7.83 (VR:0.57)
[2026-05-12 10:00:47]  [行10] 解析成功: SZSE.002202 [金风科技] SELL @ 27.45 (VR:0.64)
[2026-05-12 10:00:47]  [行11] 解析成功: SZSE.300677 [英科医疗] BUY @ 53.49 (VR:0.51)
[2026-05-12 10:00:47]  [行12] 解析成功: SZSE.002506 [协鑫集成] BUY @ 4.28 (VR:0.02)
[2026-05-12 10:00:47]  [行13] 解析成功: SZSE.300285 [国瓷材料] BUY @ 38.92 (VR:0.1)
[2026-05-12 10:00:47]  [行14] 解析成功: SZSE.301278 [快克股份] SELL @ 41.12 (VR:0.01)
[2026-05-12 10:00:47]  [行15] 解析成功: SZSE.300930 [屹通新材] SELL @ 33.53 (VR:4.21)
[2026-05-12 10:00:47]  [行16] 解析成功: SZSE.300868 [杰美特] BUY @ 98.58 (VR:0.05)
[2026-05-12 10:00:47]  [行17] 解析成功: SZSE.300390 [天华超净] BUY @ 100.76 (VR:0.15)
[2026-05-12 10:00:47]  [行18] 解析成功: SZSE.300054 [鼎龙股份] SELL @ 65.34 (VR:0.27)
[2026-05-12 10:00:47] 成功保存 18 条因子至: signal_batch_20260512_100047_738531.txt
[2026-05-12 10:00:48]  QQ-备用 邮件 806 处理完成
[2026-05-12 10:00:48]  QQ-备用 本轮共成功处理 1 封有效信号邮件
[2026-05-12 10:01:23]  正在连接 QQ-主 邮箱服务器 (497720537@qq.com) ...
[2026-05-12 10:01:23]  正在连接 QQ-备用 邮箱服务器 (shouqianbadavid@qq.com) ...
[2026-05-12 10:01:59]  正在连接 QQ-主 邮箱服务器 (497720537@qq.com) ...
[2026-05-12 10:02:00]  正在连接 QQ-备用 邮箱服务器 (shouqianbadavid@qq.com) ...
[2026-05-12 10:02:36]  正在连接 QQ-主 邮箱服务器 (497720537@qq.com) ...
[2026-05-12 10:02:37]  正在连接 QQ-备用 邮箱服务器 (shouqianbadavid@qq.com) ...
[2026-05-12 10:03:12]  正在连接 QQ-主 邮箱服务器 (497720537@qq.com) ...
[2026-05-12 10:03:13]  正在连接 QQ-备用 邮箱服务器 (shouqianbadavid@qq.com) ...
[2026-05-12 10:03:49]  正在连接 QQ-主 邮箱服务器 (497720537@qq.com) ...
[2026-05-12 10:03:50]  正在连接 QQ-备用 邮箱服务器 (shouqianbadavid@qq.com) ...
[2026-05-12 10:04:25]  正在连接 QQ-主 邮箱服务器 (497720537@qq.com) ...
[2026-05-12 10:04:26]  正在连接 QQ-备用 邮箱服务器 (shouqianbadavid@qq.com) ...
[2026-05-12 10:05:02]  正在连接 QQ-主 邮箱服务器 (497720537@qq.com) ...
[2026-05-12 10:05:02]  正在连接 QQ-备用 邮箱服务器 (shouqianbadavid@qq.com) ...
[2026-05-12 10:05:38]  正在连接 QQ-主 邮箱服务器 (497720537@qq.com) ...
[2026-05-12 10:05:38]  QQ-主 正在解析因子: =?utf-8?b?QWxwaGFQaWxvdCDlrp7ml7bkv6Hlj7cgKGFscGhhX3NpZ25hbF90aHJfMjAyNjA1MTJfMTAwNS5qc29uKSBb5Li7UVEt5a+55aSWXQ==?=
[2026-05-12 10:05:38]  发现表格，共 13 行数据
[2026-05-12 10:05:38]  动态索引映射: ['股票代码', '股票名称', '信号', '当前价格', '量比', '来源过滤']
[2026-05-12 10:05:38]  [行1] 解析成功: SZSE.300641 [正丹股份] SELL @ 17.38 (VR:0.08)
[2026-05-12 10:05:38]  [行2] 解析成功: SZSE.301389 [隆扬电子] SELL @ 76.62 (VR:0.0)
[2026-05-12 10:05:38]  [行3] 解析成功: SHSE.603353 [和顺电气] SELL @ 53.91 (VR:0.42)
[2026-05-12 10:05:38]  [行4] 解析成功: SHSE.688700 [东威科技] BUY @ 65.7 (VR:0.14)
[2026-05-12 10:05:38]  [行5] 解析成功: SHSE.688689 [银河微电] BUY @ 40.25 (VR:0.82)
[2026-05-12 10:05:38]  [行6] 解析成功: SHSE.603538 [美诺华] BUY @ 55.16 (VR:0.64)
[2026-05-12 10:05:38]  [行7] 解析成功: SZSE.300672 [国科微] SELL @ 235.66 (VR:0.34)
[2026-05-12 10:05:38]  [行8] 解析成功: SZSE.300641 [正丹股份] SELL @ 17.37 (VR:0.96)
[2026-05-12 10:05:38]  [行9] 解析成功: SZSE.301329 [信音电子] SELL @ 26.46 (VR:1.13)
[2026-05-12 10:05:38]  [行10] 解析成功: SZSE.301389 [隆扬电子] SELL @ 75.83 (VR:0.47)
[2026-05-12 10:05:38]  [行11] 解析成功: SZSE.300468 [四方精创] SELL @ 29.21 (VR:0.52)
[2026-05-12 10:05:38]  [行12] 解析成功: SHSE.603538 [美诺华] BUY @ 55.33 (VR:0.19)
[2026-05-12 10:05:38]  [行13] 解析成功: SZSE.300672 [国科微] SELL @ 235.36 (VR:0.93)
[2026-05-12 10:05:38] 成功保存 13 条因子至: signal_batch_20260512_100538_923658.txt
[2026-05-12 10:05:39]  QQ-主 邮件 3493 处理完成
[2026-05-12 10:05:39]  QQ-主 本轮共成功处理 1 封有效信号邮件
[2026-05-12 10:05:39]  正在连接 QQ-备用 邮箱服务器 (shouqianbadavid@qq.com) ...
[2026-05-12 10:05:39]  QQ-备用 正在解析因子: =?utf-8?b?QWxwaGFQaWxvdCDlpIfku73kv6Hlj7cgKGFscGhhX3NpZ25hbF90aHJfMjAyNjA1MTJfMTAwNS5qc29uKSBb5aSHUVEt6Ieq5L+dXQ==?=
[2026-05-12 10:05:39]  发现表格，共 13 行数据
[2026-05-12 10:05:39]  动态索引映射: ['股票代码', '股票名称', '信号', '当前价格', '量比', '来源过滤']
[2026-05-12 10:05:39]  [行1] 解析成功: SZSE.300641 [正丹股份] SELL @ 17.38 (VR:0.08)
[2026-05-12 10:05:39]  [行2] 解析成功: SZSE.301389 [隆扬电子] SELL @ 76.62 (VR:0.0)
[2026-05-12 10:05:39]  [行3] 解析成功: SHSE.603353 [和顺电气] SELL @ 53.91 (VR:0.42)
[2026-05-12 10:05:39]  [行4] 解析成功: SHSE.688700 [东威科技] BUY @ 65.7 (VR:0.14)
[2026-05-12 10:05:39]  [行5] 解析成功: SHSE.688689 [银河微电] BUY @ 40.25 (VR:0.82)
[2026-05-12 10:05:39]  [行6] 解析成功: SHSE.603538 [美诺华] BUY @ 55.16 (VR:0.64)
[2026-05-12 10:05:39]  [行7] 解析成功: SZSE.300672 [国科微] SELL @ 235.66 (VR:0.34)
[2026-05-12 10:05:39]  [行8] 解析成功: SZSE.300641 [正丹股份] SELL @ 17.37 (VR:0.96)
[2026-05-12 10:05:39]  [行9] 解析成功: SZSE.301329 [信音电子] SELL @ 26.46 (VR:1.13)
[2026-05-12 10:05:39]  [行10] 解析成功: SZSE.301389 [隆扬电子] SELL @ 75.83 (VR:0.47)
[2026-05-12 10:05:39]  [行11] 解析成功: SZSE.300468 [四方精创] SELL @ 29.21 (VR:0.52)
[2026-05-12 10:05:39]  [行12] 解析成功: SHSE.603538 [美诺华] BUY @ 55.33 (VR:0.19)
[2026-05-12 10:05:39]  [行13] 解析成功: SZSE.300672 [国科微] SELL @ 235.36 (VR:0.93)
[2026-05-12 10:05:39] 成功保存 13 条因子至: signal_batch_20260512_100539_925664.txt
[2026-05-12 10:05:40]  QQ-备用 邮件 807 处理完成
[2026-05-12 10:05:40]  QQ-备用 本轮共成功处理 1 封有效信号邮件
[2026-05-12 10:06:15]  正在连接 QQ-主 邮箱服务器 (497720537@qq.com) ...
[2026-05-12 10:06:15]  正在连接 QQ-备用 邮箱服务器 (shouqianbadavid@qq.com) ...
[2026-05-12 10:06:51]  正在连接 QQ-主 邮箱服务器 (497720537@qq.com) ...
[2026-05-12 10:06:52]  正在连接 QQ-备用 邮箱服务器 (shouqianbadavid@qq.com) ...
[2026-05-12 10:07:27]  正在连接 QQ-主 邮箱服务器 (497720537@qq.com) ...
[2026-05-12 10:07:28]  正在连接 QQ-备用 邮箱服务器 (shouqianbadavid@qq.com) ...
[2026-05-12 10:08:03]  正在连接 QQ-主 邮箱服务器 (497720537@qq.com) ...
[2026-05-12 10:08:04]  正在连接 QQ-备用 邮箱服务器 (shouqianbadavid@qq.com) ...
[2026-05-12 10:08:40]  正在连接 QQ-主 邮箱服务器 (497720537@qq.com) ...
[2026-05-12 10:08:41]  正在连接 QQ-备用 邮箱服务器 (shouqianbadavid@qq.com) ...
[2026-05-12 10:09:16]  正在连接 QQ-主 邮箱服务器 (497720537@qq.com) ...
[2026-05-12 10:09:17]  正在连接 QQ-备用 邮箱服务器 (shouqianbadavid@qq.com) ...
[2026-05-12 10:09:52]  正在连接 QQ-主 邮箱服务器 (497720537@qq.com) ...
[2026-05-12 10:09:53]  正在连接 QQ-备用 邮箱服务器 (shouqianbadavid@qq.com) ...
[2026-05-12 10:10:28]  正在连接 QQ-主 邮箱服务器 (497720537@qq.com) ...
[2026-05-12 10:10:29]  正在连接 QQ-备用 邮箱服务器 (shouqianbadavid@qq.com) ...
[2026-05-12 10:11:05]  正在连接 QQ-主 邮箱服务器 (497720537@qq.com) ...
[2026-05-12 10:11:06]  正在连接 QQ-备用 邮箱服务器 (shouqianbadavid@qq.com) ...
[2026-05-12 10:11:41]  正在连接 QQ-主 邮箱服务器 (497720537@qq.com) ...
[2026-05-12 10:11:42]  正在连接 QQ-备用 邮箱服务器 (shouqianbadavid@qq.com) ...
[2026-05-12 10:12:18]  正在连接 QQ-主 邮箱服务器 (497720537@qq.com) ...
[2026-05-12 10:12:19]  正在连接 QQ-备用 邮箱服务器 (shouqianbadavid@qq.com) ...
[2026-05-12 10:12:54]  正在连接 QQ-主 邮箱服务器 (497720537@qq.com) ...
[2026-05-12 10:13:06]  QQ-主 正在解析因子: =?utf-8?b?QWxwaGFQaWxvdCDlrp7ml7bkv6Hlj7cgKGFscGhhX3NpZ25hbF90aHJfMjAyNjA1MTJfMTAxMi5qc29uKSBb5Li7UVEt5a+55aSWXQ==?=
[2026-05-12 10:13:06]  发现表格，共 14 行数据
[2026-05-12 10:13:06]  动态索引映射: ['股票代码', '股票名称', '信号', '当前价格', '量比', '来源过滤']
[2026-05-12 10:13:06]  [行1] 解析成功: SZSE.300285 [国瓷材料] BUY @ 39.02 (VR:0.44)
[2026-05-12 10:13:06]  [行2] 解析成功: SZSE.002015 [协鑫能科] BUY @ 20.78 (VR:0.36)
[2026-05-12 10:13:06]  [行3] 解析成功: SZSE.000533 [顺钠股份] BUY @ 13.34 (VR:0.42)
[2026-05-12 10:13:06]  [行4] 解析成功: SZSE.301667 [纳百川] SELL @ 114.25 (VR:1.1)
[2026-05-12 10:13:06]  [行5] 解析成功: SHSE.601868 [中国能建] BUY @ 3.23 (VR:0.04)
[2026-05-12 10:13:06]  [行6] 解析成功: SZSE.300724 [捷佳伟创] BUY @ 93.11 (VR:0.86)
[2026-05-12 10:13:06]  [行7] 解析成功: SZSE.300813 [泰林生物] SELL @ 25.05 (VR:1.84)
[2026-05-12 10:13:06]  [行8] 解析成功: SZSE.300285 [国瓷材料] SELL @ 38.88 (VR:0.12)
[2026-05-12 10:13:06]  [行9] 解析成功: SZSE.000958 [电投产融] BUY @ 6.3 (VR:10.21)
[2026-05-12 10:13:06]  [行10] 解析成功: SZSE.002015 [协鑫能科] BUY @ 21.08 (VR:0.03)
[2026-05-12 10:13:06]  [行11] 解析成功: SZSE.000533 [顺钠股份] BUY @ 13.38 (VR:0.16)
[2026-05-12 10:13:06]  [行12] 解析成功: SZSE.301667 [纳百川] SELL @ 113.89 (VR:0.26)
[2026-05-12 10:13:06]  [行13] 解析成功: SHSE.600722 [金牛化工] SELL @ 12.83 (VR:0.18)
[2026-05-12 10:13:06]  [行14] 解析成功: SZSE.300813 [泰林生物] SELL @ 25.02 (VR:2.43)
[2026-05-12 10:13:06] 成功保存 14 条因子至: signal_batch_20260512_101306_741738.txt
[2026-05-12 10:13:06]  QQ-主 邮件 3494 处理完成
[2026-05-12 10:13:06]  QQ-主 本轮共成功处理 1 封有效信号邮件
[2026-05-12 10:13:07]  正在连接 QQ-备用 邮箱服务器 (shouqianbadavid@qq.com) ...
[2026-05-12 10:13:08]  QQ-备用 正在解析因子: =?utf-8?b?QWxwaGFQaWxvdCDlpIfku73kv6Hlj7cgKGFscGhhX3NpZ25hbF90aHJfMjAyNjA1MTJfMTAxMi5qc29uKSBb5aSHUVEt6Ieq5L+dXQ==?=
[2026-05-12 10:13:08]  发现表格，共 14 行数据
[2026-05-12 10:13:08]  动态索引映射: ['股票代码', '股票名称', '信号', '当前价格', '量比', '来源过滤']
[2026-05-12 10:13:08]  [行1] 解析成功: SZSE.300285 [国瓷材料] BUY @ 39.02 (VR:0.44)
[2026-05-12 10:13:08]  [行2] 解析成功: SZSE.002015 [协鑫能科] BUY @ 20.78 (VR:0.36)
[2026-05-12 10:13:08]  [行3] 解析成功: SZSE.000533 [顺钠股份] BUY @ 13.34 (VR:0.42)
[2026-05-12 10:13:08]  [行4] 解析成功: SZSE.301667 [纳百川] SELL @ 114.25 (VR:1.1)
[2026-05-12 10:13:08]  [行5] 解析成功: SHSE.601868 [中国能建] BUY @ 3.23 (VR:0.04)
[2026-05-12 10:13:08]  [行6] 解析成功: SZSE.300724 [捷佳伟创] BUY @ 93.11 (VR:0.86)
[2026-05-12 10:13:08]  [行7] 解析成功: SZSE.300813 [泰林生物] SELL @ 25.05 (VR:1.84)
[2026-05-12 10:13:08]  [行8] 解析成功: SZSE.300285 [国瓷材料] SELL @ 38.88 (VR:0.12)
[2026-05-12 10:13:08]  [行9] 解析成功: SZSE.000958 [电投产融] BUY @ 6.3 (VR:10.21)
[2026-05-12 10:13:08]  [行10] 解析成功: SZSE.002015 [协鑫能科] BUY @ 21.08 (VR:0.03)
[2026-05-12 10:13:08]  [行11] 解析成功: SZSE.000533 [顺钠股份] BUY @ 13.38 (VR:0.16)
[2026-05-12 10:13:08]  [行12] 解析成功: SZSE.301667 [纳百川] SELL @ 113.89 (VR:0.26)
[2026-05-12 10:13:08]  [行13] 解析成功: SHSE.600722 [金牛化工] SELL @ 12.83 (VR:0.18)
[2026-05-12 10:13:08]  [行14] 解析成功: SZSE.300813 [泰林生物] SELL @ 25.02 (VR:2.43)
[2026-05-12 10:13:08] 成功保存 14 条因子至: signal_batch_20260512_101308_220372.txt
[2026-05-12 10:13:08]  QQ-备用 邮件 808 处理完成
[2026-05-12 10:13:08]  QQ-备用 本轮共成功处理 1 封有效信号邮件
[2026-05-12 10:13:43]  正在连接 QQ-主 邮箱服务器 (497720537@qq.com) ...
[2026-05-12 10:13:44]  正在连接 QQ-备用 邮箱服务器 (shouqianbadavid@qq.com) ...
[2026-05-12 10:14:20]  正在连接 QQ-主 邮箱服务器 (497720537@qq.com) ...
[2026-05-12 10:14:20]  正在连接 QQ-备用 邮箱服务器 (shouqianbadavid@qq.com) ...
[2026-05-12 10:14:56]  正在连接 QQ-主 邮箱服务器 (497720537@qq.com) ...
[2026-05-12 10:14:57]  正在连接 QQ-备用 邮箱服务器 (shouqianbadavid@qq.com) ...
[2026-05-12 10:15:32]  正在连接 QQ-主 邮箱服务器 (497720537@qq.com) ...
[2026-05-12 10:15:33]  正在连接 QQ-备用 邮箱服务器 (shouqianbadavid@qq.com) ...
[2026-05-12 10:16:09]  正在连接 QQ-主 邮箱服务器 (497720537@qq.com) ...
[2026-05-12 10:16:09]  正在连接 QQ-备用 邮箱服务器 (shouqianbadavid@qq.com) ...
[2026-05-12 10:16:45]  正在连接 QQ-主 邮箱服务器 (497720537@qq.com) ...
[2026-05-12 10:16:46]  正在连接 QQ-备用 邮箱服务器 (shouqianbadavid@qq.com) ...
[2026-05-12 10:17:21]  正在连接 QQ-主 邮箱服务器 (497720537@qq.com) ...
[2026-05-12 10:17:22]  正在连接 QQ-备用 邮箱服务器 (shouqianbadavid@qq.com) ...
[2026-05-12 10:17:58]  正在连接 QQ-主 邮箱服务器 (497720537@qq.com) ...
[2026-05-12 10:17:58]  正在连接 QQ-备用 邮箱服务器 (shouqianbadavid@qq.com) ...
[2026-05-12 10:18:34]  正在连接 QQ-主 邮箱服务器 (497720537@qq.com) ...
[2026-05-12 10:18:35]  正在连接 QQ-备用 邮箱服务器 (shouqianbadavid@qq.com) ...
[2026-05-12 10:19:11]  正在连接 QQ-主 邮箱服务器 (497720537@qq.com) ...
[2026-05-12 10:19:11]  正在连接 QQ-备用 邮箱服务器 (shouqianbadavid@qq.com) ...
[2026-05-12 10:19:47]  正在连接 QQ-主 邮箱服务器 (497720537@qq.com) ...
[2026-05-12 10:19:48]  正在连接 QQ-备用 邮箱服务器 (shouqianbadavid@qq.com) ...
[2026-05-12 10:20:23]  正在连接 QQ-主 邮箱服务器 (497720537@qq.com) ...
[2026-05-12 10:20:24]  正在连接 QQ-备用 邮箱服务器 (shouqianbadavid@qq.com) ...
[2026-05-12 10:20:59]  正在连接 QQ-主 邮箱服务器 (497720537@qq.com) ...
[2026-05-12 10:21:00]  正在连接 QQ-备用 邮箱服务器 (shouqianbadavid@qq.com) ...
[2026-05-12 10:21:35]  正在连接 QQ-主 邮箱服务器 (497720537@qq.com) ...
[2026-05-12 10:21:36]  QQ-主 正在解析因子: =?utf-8?b?QWxwaGFQaWxvdCDlrp7ml7bkv6Hlj7cgKGFscGhhX3NpZ25hbF90aHJfMjAyNjA1MTJfMTAyMS5qc29uKSBb5Li7UVEt5a+55aSWXQ==?=
[2026-05-12 10:21:36]  发现表格，共 21 行数据
[2026-05-12 10:21:36]  动态索引映射: ['股票代码', '股票名称', '信号', '当前价格', '量比', '来源过滤']
[2026-05-12 10:21:36]  [行1] 解析成功: SZSE.002460 [赣锋锂业] BUY @ 83.62 (VR:0.19)
[2026-05-12 10:21:36]  [行2] 解析成功: SZSE.002475 [立讯精密] SELL @ 77.68 (VR:0.22)
[2026-05-12 10:21:36]  [行3] 解析成功: SZSE.002679 [福建金森] BUY @ 11.08 (VR:2.36)
[2026-05-12 10:21:36]  [行4] 解析成功: SZSE.300048 [合康新能] BUY @ 6.43 (VR:2.58)
[2026-05-12 10:21:36]  [行5] 解析成功: SZSE.002429 [兆驰股份] SELL @ 13.4 (VR:0.52)
[2026-05-12 10:21:36]  [行6] 解析成功: SZSE.002240 [盛新锂能] BUY @ 56.59 (VR:0.2)
[2026-05-12 10:21:36]  [行7] 解析成功: SZSE.001309 [德利明] BUY @ 614.09 (VR:0.39)
[2026-05-12 10:21:36]  [行8] 解析成功: SZSE.002285 [世联行] BUY @ 3.36 (VR:1.06)
[2026-05-12 10:21:36]  [行9] 解析成功: SHSE.688617 [惠泰医疗] BUY @ 236.63 (VR:0.19)
[2026-05-12 10:21:36]  [行10] 解析成功: SHSE.688617 [惠泰医疗] BUY @ 236.63 (VR:0.19)
[2026-05-12 10:21:36]  [行11] 解析成功: SZSE.002683 [宏大爆破] SELL @ 39.99 (VR:0.04)
[2026-05-12 10:21:36]  [行12] 解析成功: SZSE.002460 [赣锋锂业] BUY @ 83.89 (VR:0.46)
[2026-05-12 10:21:36]  [行13] 解析成功: SZSE.002498 [汉缆股份] BUY @ 9.78 (VR:1.51)
[2026-05-12 10:21:36]  [行14] 解析成功: SZSE.002475 [立讯精密] SELL @ 77.65 (VR:0.06)
[2026-05-12 10:21:36]  [行15] 解析成功: SZSE.000338 [潍柴动力] BUY @ 32.43 (VR:0.3)
[2026-05-12 10:21:36]  [行16] 解析成功: SZSE.002429 [兆驰股份] SELL @ 13.32 (VR:1.56)
[2026-05-12 10:21:36]  [行17] 解析成功: SZSE.300346 [南大光电] SELL @ 54.91 (VR:0.07)
[2026-05-12 10:21:36]  [行18] 解析成功: SZSE.002240 [盛新锂能] BUY @ 56.84 (VR:0.08)
[2026-05-12 10:21:36]  [行19] 解析成功: SZSE.001309 [德利明] BUY @ 617.0 (VR:0.27)
[2026-05-12 10:21:36]  [行20] 解析成功: SHSE.688617 [惠泰医疗] BUY @ 237.04 (VR:1.33)
[2026-05-12 10:21:36]  [行21] 解析成功: SHSE.688617 [惠泰医疗] BUY @ 237.04 (VR:1.33)
[2026-05-12 10:21:36] 成功保存 21 条因子至: signal_batch_20260512_102136_711608.txt
[2026-05-12 10:21:37]  QQ-主 邮件 3495 处理完成
[2026-05-12 10:21:37]  QQ-主 本轮共成功处理 1 封有效信号邮件
[2026-05-12 10:21:37]  正在连接 QQ-备用 邮箱服务器 (shouqianbadavid@qq.com) ...
[2026-05-12 10:21:38]  QQ-备用 正在解析因子: =?utf-8?b?QWxwaGFQaWxvdCDlpIfku73kv6Hlj7cgKGFscGhhX3NpZ25hbF90aHJfMjAyNjA1MTJfMTAyMS5qc29uKSBb5aSHUVEt6Ieq5L+dXQ==?=
[2026-05-12 10:21:38]  发现表格，共 21 行数据
[2026-05-12 10:21:38]  动态索引映射: ['股票代码', '股票名称', '信号', '当前价格', '量比', '来源过滤']
[2026-05-12 10:21:38]  [行1] 解析成功: SZSE.002460 [赣锋锂业] BUY @ 83.62 (VR:0.19)
[2026-05-12 10:21:38]  [行2] 解析成功: SZSE.002475 [立讯精密] SELL @ 77.68 (VR:0.22)
[2026-05-12 10:21:38]  [行3] 解析成功: SZSE.002679 [福建金森] BUY @ 11.08 (VR:2.36)
[2026-05-12 10:21:38]  [行4] 解析成功: SZSE.300048 [合康新能] BUY @ 6.43 (VR:2.58)
[2026-05-12 10:21:38]  [行5] 解析成功: SZSE.002429 [兆驰股份] SELL @ 13.4 (VR:0.52)
[2026-05-12 10:21:38]  [行6] 解析成功: SZSE.002240 [盛新锂能] BUY @ 56.59 (VR:0.2)
[2026-05-12 10:21:38]  [行7] 解析成功: SZSE.001309 [德利明] BUY @ 614.09 (VR:0.39)
[2026-05-12 10:21:38]  [行8] 解析成功: SZSE.002285 [世联行] BUY @ 3.36 (VR:1.06)
[2026-05-12 10:21:38]  [行9] 解析成功: SHSE.688617 [惠泰医疗] BUY @ 236.63 (VR:0.19)
[2026-05-12 10:21:38]  [行10] 解析成功: SHSE.688617 [惠泰医疗] BUY @ 236.63 (VR:0.19)
[2026-05-12 10:21:38]  [行11] 解析成功: SZSE.002683 [宏大爆破] SELL @ 39.99 (VR:0.04)
[2026-05-12 10:21:38]  [行12] 解析成功: SZSE.002460 [赣锋锂业] BUY @ 83.89 (VR:0.46)
[2026-05-12 10:21:38]  [行13] 解析成功: SZSE.002498 [汉缆股份] BUY @ 9.78 (VR:1.51)
[2026-05-12 10:21:38]  [行14] 解析成功: SZSE.002475 [立讯精密] SELL @ 77.65 (VR:0.06)
[2026-05-12 10:21:38]  [行15] 解析成功: SZSE.000338 [潍柴动力] BUY @ 32.43 (VR:0.3)
[2026-05-12 10:21:38]  [行16] 解析成功: SZSE.002429 [兆驰股份] SELL @ 13.32 (VR:1.56)
[2026-05-12 10:21:38]  [行17] 解析成功: SZSE.300346 [南大光电] SELL @ 54.91 (VR:0.07)
[2026-05-12 10:21:38]  [行18] 解析成功: SZSE.002240 [盛新锂能] BUY @ 56.84 (VR:0.08)
[2026-05-12 10:21:38]  [行19] 解析成功: SZSE.001309 [德利明] BUY @ 617.0 (VR:0.27)
[2026-05-12 10:21:38]  [行20] 解析成功: SHSE.688617 [惠泰医疗] BUY @ 237.04 (VR:1.33)
[2026-05-12 10:21:38]  [行21] 解析成功: SHSE.688617 [惠泰医疗] BUY @ 237.04 (VR:1.33)
[2026-05-12 10:21:38] 成功保存 21 条因子至: signal_batch_20260512_102138_073998.txt
[2026-05-12 10:21:38]  QQ-备用 邮件 809 处理完成
[2026-05-12 10:21:38]  QQ-备用 本轮共成功处理 1 封有效信号邮件
[2026-05-12 10:22:13]  正在连接 QQ-主 邮箱服务器 (497720537@qq.com) ...
[2026-05-12 10:22:14]  正在连接 QQ-备用 邮箱服务器 (shouqianbadavid@qq.com) ...
[2026-05-12 10:22:49]  正在连接 QQ-主 邮箱服务器 (497720537@qq.com) ...
[2026-05-12 10:22:50]  正在连接 QQ-备用 邮箱服务器 (shouqianbadavid@qq.com) ...
[2026-05-12 10:23:26]  正在连接 QQ-主 邮箱服务器 (497720537@qq.com) ...
[2026-05-12 10:23:27]  正在连接 QQ-备用 邮箱服务器 (shouqianbadavid@qq.com) ...
[2026-05-12 10:24:02]  正在连接 QQ-主 邮箱服务器 (497720537@qq.com) ...
[2026-05-12 10:24:03]  正在连接 QQ-备用 邮箱服务器 (shouqianbadavid@qq.com) ...
[2026-05-12 10:24:39]  正在连接 QQ-主 邮箱服务器 (497720537@qq.com) ...
[2026-05-12 10:24:40]  正在连接 QQ-备用 邮箱服务器 (shouqianbadavid@qq.com) ...
[2026-05-12 10:25:15]  正在连接 QQ-主 邮箱服务器 (497720537@qq.com) ...
[2026-05-12 10:25:16]  正在连接 QQ-备用 邮箱服务器 (shouqianbadavid@qq.com) ...
[2026-05-12 10:25:52]  正在连接 QQ-主 邮箱服务器 (497720537@qq.com) ...
[2026-05-12 10:25:52]  正在连接 QQ-备用 邮箱服务器 (shouqianbadavid@qq.com) ...
[2026-05-12 10:26:28]  正在连接 QQ-主 邮箱服务器 (497720537@qq.com) ...
[2026-05-12 10:26:29]  正在连接 QQ-备用 邮箱服务器 (shouqianbadavid@qq.com) ...
[2026-05-12 10:27:04]  正在连接 QQ-主 邮箱服务器 (497720537@qq.com) ...
[2026-05-12 10:27:05]  正在连接 QQ-备用 邮箱服务器 (shouqianbadavid@qq.com) ...
[2026-05-12 10:27:40]  正在连接 QQ-主 邮箱服务器 (497720537@qq.com) ...
[2026-05-12 10:27:41]  正在连接 QQ-备用 邮箱服务器 (shouqianbadavid@qq.com) ...
[2026-05-12 10:28:16]  正在连接 QQ-主 邮箱服务器 (497720537@qq.com) ...
[2026-05-12 10:28:17]  正在连接 QQ-备用 邮箱服务器 (shouqianbadavid@qq.com) ...
[2026-05-12 10:28:53]  正在连接 QQ-主 邮箱服务器 (497720537@qq.com) ...
[2026-05-12 10:28:53]  正在连接 QQ-备用 邮箱服务器 (shouqianbadavid@qq.com) ...
[2026-05-12 10:29:29]  正在连接 QQ-主 邮箱服务器 (497720537@qq.com) ...
[2026-05-12 10:29:30]  正在连接 QQ-备用 邮箱服务器 (shouqianbadavid@qq.com) ...
[2026-05-12 10:30:05]  正在连接 QQ-主 邮箱服务器 (497720537@qq.com) ...
[2026-05-12 10:30:06]  正在连接 QQ-备用 邮箱服务器 (shouqianbadavid@qq.com) ...
[2026-05-12 10:30:41]  正在连接 QQ-主 邮箱服务器 (497720537@qq.com) ...
[2026-05-12 10:30:42]  QQ-主 正在解析因子: =?utf-8?b?QWxwaGFQaWxvdCDlrp7ml7bkv6Hlj7cgKGFscGhhX3NpZ25hbF90aHJfMjAyNjA1MTJfMTAzMC5qc29uKSBb5Li7UVEt5a+55aSWXQ==?=
[2026-05-12 10:30:42]  发现表格，共 17 行数据
[2026-05-12 10:30:42]  动态索引映射: ['股票代码', '股票名称', '信号', '当前价格', '量比', '来源过滤']
[2026-05-12 10:30:42]  [行1] 解析成功: SZSE.300274 [阳光电源] BUY @ 141.48 (VR:0.08)
[2026-05-12 10:30:42]  [行2] 解析成功: SZSE.002506 [协鑫集成] BUY @ 4.33 (VR:0.26)
[2026-05-12 10:30:42]  [行3] 解析成功: SZSE.300285 [国瓷材料] BUY @ 39.46 (VR:0.65)
[2026-05-12 10:30:42]  [行4] 解析成功: SZSE.300228 [富瑞特装] SELL @ 9.98 (VR:0.75)
[2026-05-12 10:30:42]  [行5] 解析成功: SZSE.301071 [力量钻石] SELL @ 54.57 (VR:0.44)
[2026-05-12 10:30:42]  [行6] 解析成功: SZSE.300868 [杰美特] SELL @ 97.87 (VR:0.09)
[2026-05-12 10:30:42]  [行7] 解析成功: SZSE.300390 [天华超净] SELL @ 101.25 (VR:0.04)
[2026-05-12 10:30:42]  [行8] 解析成功: SZSE.300054 [鼎龙股份] BUY @ 65.1 (VR:0.17)
[2026-05-12 10:30:42]  [行9] 解析成功: SZSE.003035 [南网能源] BUY @ 7.97 (VR:0.0)
[2026-05-12 10:30:42]  [行10] 解析成功: SZSE.300677 [英科医疗] SELL @ 53.3 (VR:0.25)
[2026-05-12 10:30:42]  [行11] 解析成功: SZSE.300274 [阳光电源] BUY @ 141.84 (VR:0.26)
[2026-05-12 10:30:42]  [行12] 解析成功: SZSE.002506 [协鑫集成] BUY @ 4.34 (VR:0.22)
[2026-05-12 10:30:42]  [行13] 解析成功: SZSE.300285 [国瓷材料] BUY @ 39.55 (VR:2.16)
[2026-05-12 10:30:42]  [行14] 解析成功: SZSE.301071 [力量钻石] SELL @ 54.4 (VR:1.33)
[2026-05-12 10:30:42]  [行15] 解析成功: SZSE.300868 [杰美特] SELL @ 97.73 (VR:0.98)
[2026-05-12 10:30:42]  [行16] 解析成功: SZSE.300390 [天华超净] SELL @ 100.79 (VR:0.82)
[2026-05-12 10:30:42]  [行17] 解析成功: SZSE.300054 [鼎龙股份] BUY @ 65.14 (VR:0.02)
[2026-05-12 10:30:42] 成功保存 17 条因子至: signal_batch_20260512_103042_744992.txt
[2026-05-12 10:30:42]  QQ-主 邮件 3496 处理完成
[2026-05-12 10:30:42]  QQ-主 本轮共成功处理 1 封有效信号邮件
[2026-05-12 10:30:42]  正在连接 QQ-备用 邮箱服务器 (shouqianbadavid@qq.com) ...
[2026-05-12 10:31:18]  正在连接 QQ-主 邮箱服务器 (497720537@qq.com) ...
[2026-05-12 10:31:26]  正在连接 QQ-备用 邮箱服务器 (shouqianbadavid@qq.com) ...
[2026-05-12 10:31:26]  QQ-备用 正在解析因子: =?utf-8?b?QWxwaGFQaWxvdCDlpIfku73kv6Hlj7cgKGFscGhhX3NpZ25hbF90aHJfMjAyNjA1MTJfMTAzMC5qc29uKSBb5aSHUVEt6Ieq5L+dXQ==?=
[2026-05-12 10:31:26]  发现表格，共 17 行数据
[2026-05-12 10:31:26]  动态索引映射: ['股票代码', '股票名称', '信号', '当前价格', '量比', '来源过滤']
[2026-05-12 10:31:26]  [行1] 解析成功: SZSE.300274 [阳光电源] BUY @ 141.48 (VR:0.08)
[2026-05-12 10:31:26]  [行2] 解析成功: SZSE.002506 [协鑫集成] BUY @ 4.33 (VR:0.26)
[2026-05-12 10:31:26]  [行3] 解析成功: SZSE.300285 [国瓷材料] BUY @ 39.46 (VR:0.65)
[2026-05-12 10:31:26]  [行4] 解析成功: SZSE.300228 [富瑞特装] SELL @ 9.98 (VR:0.75)
[2026-05-12 10:31:26]  [行5] 解析成功: SZSE.301071 [力量钻石] SELL @ 54.57 (VR:0.44)
[2026-05-12 10:31:26]  [行6] 解析成功: SZSE.300868 [杰美特] SELL @ 97.87 (VR:0.09)
[2026-05-12 10:31:26]  [行7] 解析成功: SZSE.300390 [天华超净] SELL @ 101.25 (VR:0.04)
[2026-05-12 10:31:26]  [行8] 解析成功: SZSE.300054 [鼎龙股份] BUY @ 65.1 (VR:0.17)
[2026-05-12 10:31:26]  [行9] 解析成功: SZSE.003035 [南网能源] BUY @ 7.97 (VR:0.0)
[2026-05-12 10:31:26]  [行10] 解析成功: SZSE.300677 [英科医疗] SELL @ 53.3 (VR:0.25)
[2026-05-12 10:31:26]  [行11] 解析成功: SZSE.300274 [阳光电源] BUY @ 141.84 (VR:0.26)
[2026-05-12 10:31:26]  [行12] 解析成功: SZSE.002506 [协鑫集成] BUY @ 4.34 (VR:0.22)
[2026-05-12 10:31:26]  [行13] 解析成功: SZSE.300285 [国瓷材料] BUY @ 39.55 (VR:2.16)
[2026-05-12 10:31:26]  [行14] 解析成功: SZSE.301071 [力量钻石] SELL @ 54.4 (VR:1.33)
[2026-05-12 10:31:26]  [行15] 解析成功: SZSE.300868 [杰美特] SELL @ 97.73 (VR:0.98)
[2026-05-12 10:31:26]  [行16] 解析成功: SZSE.300390 [天华超净] SELL @ 100.79 (VR:0.82)
[2026-05-12 10:31:26]  [行17] 解析成功: SZSE.300054 [鼎龙股份] BUY @ 65.14 (VR:0.02)
[2026-05-12 10:31:26] 成功保存 17 条因子至: signal_batch_20260512_103126_882643.txt
[2026-05-12 10:31:27]  QQ-备用 邮件 810 处理完成
[2026-05-12 10:31:27]  QQ-备用 本轮共成功处理 1 封有效信号邮件
[2026-05-12 10:32:02]  正在连接 QQ-主 邮箱服务器 (497720537@qq.com) ...
[2026-05-12 10:32:03]  正在连接 QQ-备用 邮箱服务器 (shouqianbadavid@qq.com) ...
[2026-05-12 10:32:38]  正在连接 QQ-主 邮箱服务器 (497720537@qq.com) ...
[2026-05-12 10:32:39]  正在连接 QQ-备用 邮箱服务器 (shouqianbadavid@qq.com) ...
[2026-05-12 10:33:15]  正在连接 QQ-主 邮箱服务器 (497720537@qq.com) ...
[2026-05-12 10:33:16]  正在连接 QQ-备用 邮箱服务器 (shouqianbadavid@qq.com) ...
[2026-05-12 10:33:52]  正在连接 QQ-主 邮箱服务器 (497720537@qq.com) ...
[2026-05-12 10:33:52]  正在连接 QQ-备用 邮箱服务器 (shouqianbadavid@qq.com) ...
[2026-05-12 10:34:28]  正在连接 QQ-主 邮箱服务器 (497720537@qq.com) ...
[2026-05-12 10:34:28]  正在连接 QQ-备用 邮箱服务器 (shouqianbadavid@qq.com) ...
[2026-05-12 10:35:05]  正在连接 QQ-主 邮箱服务器 (497720537@qq.com) ...
[2026-05-12 10:35:16]  QQ-主 因子处理主循环异常: [Errno 11001] getaddrinfo failed
[2026-05-12 10:35:26]  正在连接 QQ-备用 邮箱服务器 (shouqianbadavid@qq.com) ...
[2026-05-12 10:36:02]  正在连接 QQ-主 邮箱服务器 (497720537@qq.com) ...
[2026-05-12 10:36:02]  正在连接 QQ-备用 邮箱服务器 (shouqianbadavid@qq.com) ...
[2026-05-12 10:36:38]  正在连接 QQ-主 邮箱服务器 (497720537@qq.com) ...
[2026-05-12 10:36:39]  正在连接 QQ-备用 邮箱服务器 (shouqianbadavid@qq.com) ...
[2026-05-12 10:37:14]  正在连接 QQ-主 邮箱服务器 (497720537@qq.com) ...
[2026-05-12 10:37:15]  QQ-主 正在解析因子: =?utf-8?b?QWxwaGFQaWxvdCDlrp7ml7bkv6Hlj7cgKGFscGhhX3NpZ25hbF90aHJfMjAyNjA1MTJfMTAzNy5qc29uKSBb5Li7UVEt5a+55aSWXQ==?=
[2026-05-12 10:37:15]  发现表格，共 10 行数据
[2026-05-12 10:37:15]  动态索引映射: ['股票代码', '股票名称', '信号', '当前价格', '量比', '来源过滤']
[2026-05-12 10:37:15]  [行1] 解析成功: SZSE.300722 [新余国科] SELL @ 28.44 (VR:0.04)
[2026-05-12 10:37:15]  [行2] 解析成功: SZSE.300641 [正丹股份] SELL @ 17.19 (VR:4.81)
[2026-05-12 10:37:15]  [行3] 解析成功: SZSE.301389 [隆扬电子] SELL @ 75.83 (VR:1.21)
[2026-05-12 10:37:15]  [行4] 解析成功: SHSE.688689 [银河微电] BUY @ 39.79 (VR:0.07)
[2026-05-12 10:37:15]  [行5] 解析成功: SHSE.603538 [美诺华] SELL @ 53.71 (VR:1.3)
[2026-05-12 10:37:15]  [行6] 解析成功: SZSE.300722 [新余国科] SELL @ 28.41 (VR:0.08)
[2026-05-12 10:37:15]  [行7] 解析成功: SZSE.300641 [正丹股份] SELL @ 17.14 (VR:0.61)
[2026-05-12 10:37:15]  [行8] 解析成功: SZSE.301389 [隆扬电子] SELL @ 75.71 (VR:0.4)
[2026-05-12 10:37:15]  [行9] 解析成功: SHSE.688689 [银河微电] BUY @ 39.88 (VR:0.66)
[2026-05-12 10:37:15]  [行10] 解析成功: SHSE.603538 [美诺华] SELL @ 53.49 (VR:0.76)
[2026-05-12 10:37:15] 成功保存 10 条因子至: signal_batch_20260512_103715_560475.txt
[2026-05-12 10:37:15]  QQ-主 邮件 3497 处理完成
[2026-05-12 10:37:15]  QQ-主 本轮共成功处理 1 封有效信号邮件
[2026-05-12 10:37:15]  正在连接 QQ-备用 邮箱服务器 (shouqianbadavid@qq.com) ...
[2026-05-12 10:37:51]  正在连接 QQ-主 邮箱服务器 (497720537@qq.com) ...
[2026-05-12 10:37:52]  正在连接 QQ-备用 邮箱服务器 (shouqianbadavid@qq.com) ...
[2026-05-12 10:37:53]  QQ-备用 正在解析因子: =?utf-8?b?QWxwaGFQaWxvdCDlpIfku73kv6Hlj7cgKGFscGhhX3NpZ25hbF90aHJfMjAyNjA1MTJfMTAzNy5qc29uKSBb5aSHUVEt6Ieq5L+dXQ==?=
[2026-05-12 10:37:53]  发现表格，共 10 行数据
[2026-05-12 10:37:53]  动态索引映射: ['股票代码', '股票名称', '信号', '当前价格', '量比', '来源过滤']
[2026-05-12 10:37:53]  [行1] 解析成功: SZSE.300722 [新余国科] SELL @ 28.44 (VR:0.04)
[2026-05-12 10:37:53]  [行2] 解析成功: SZSE.300641 [正丹股份] SELL @ 17.19 (VR:4.81)
[2026-05-12 10:37:53]  [行3] 解析成功: SZSE.301389 [隆扬电子] SELL @ 75.83 (VR:1.21)
[2026-05-12 10:37:53]  [行4] 解析成功: SHSE.688689 [银河微电] BUY @ 39.79 (VR:0.07)
[2026-05-12 10:37:53]  [行5] 解析成功: SHSE.603538 [美诺华] SELL @ 53.71 (VR:1.3)
[2026-05-12 10:37:53]  [行6] 解析成功: SZSE.300722 [新余国科] SELL @ 28.41 (VR:0.08)
[2026-05-12 10:37:53]  [行7] 解析成功: SZSE.300641 [正丹股份] SELL @ 17.14 (VR:0.61)
[2026-05-12 10:37:53]  [行8] 解析成功: SZSE.301389 [隆扬电子] SELL @ 75.71 (VR:0.4)
[2026-05-12 10:37:53]  [行9] 解析成功: SHSE.688689 [银河微电] BUY @ 39.88 (VR:0.66)
[2026-05-12 10:37:53]  [行10] 解析成功: SHSE.603538 [美诺华] SELL @ 53.49 (VR:0.76)
[2026-05-12 10:37:53] 成功保存 10 条因子至: signal_batch_20260512_103753_265633.txt
[2026-05-12 10:37:53]  QQ-备用 邮件 811 处理完成
[2026-05-12 10:37:53]  QQ-备用 本轮共成功处理 1 封有效信号邮件
[2026-05-12 10:38:28]  正在连接 QQ-主 邮箱服务器 (497720537@qq.com) ...
[2026-05-12 10:38:29]  正在连接 QQ-备用 邮箱服务器 (shouqianbadavid@qq.com) ...
[2026-05-12 10:39:05]  正在连接 QQ-主 邮箱服务器 (497720537@qq.com) ...
[2026-05-12 10:39:05]  正在连接 QQ-备用 邮箱服务器 (shouqianbadavid@qq.com) ...
[2026-05-12 10:39:41]  正在连接 QQ-主 邮箱服务器 (497720537@qq.com) ...
[2026-05-12 10:39:42]  正在连接 QQ-备用 邮箱服务器 (shouqianbadavid@qq.com) ...
[2026-05-12 10:40:17]  正在连接 QQ-主 邮箱服务器 (497720537@qq.com) ...
[2026-05-12 10:40:18]  正在连接 QQ-备用 邮箱服务器 (shouqianbadavid@qq.com) ...
[2026-05-12 10:40:53]  正在连接 QQ-主 邮箱服务器 (497720537@qq.com) ...
[2026-05-12 10:40:54]  正在连接 QQ-备用 邮箱服务器 (shouqianbadavid@qq.com) ...
[2026-05-12 10:41:29]  正在连接 QQ-主 邮箱服务器 (497720537@qq.com) ...
[2026-05-12 10:41:30]  正在连接 QQ-备用 邮箱服务器 (shouqianbadavid@qq.com) ...
[2026-05-12 10:42:06]  正在连接 QQ-主 邮箱服务器 (497720537@qq.com) ...
[2026-05-12 10:42:06]  正在连接 QQ-备用 邮箱服务器 (shouqianbadavid@qq.com) ...
[2026-05-12 10:42:42]  正在连接 QQ-主 邮箱服务器 (497720537@qq.com) ...
[2026-05-12 10:42:43]  正在连接 QQ-备用 邮箱服务器 (shouqianbadavid@qq.com) ...
[2026-05-12 10:43:18]  正在连接 QQ-主 邮箱服务器 (497720537@qq.com) ...
[2026-05-12 10:43:19]  正在连接 QQ-备用 邮箱服务器 (shouqianbadavid@qq.com) ...
[2026-05-12 10:43:54]  正在连接 QQ-主 邮箱服务器 (497720537@qq.com) ...
[2026-05-12 10:43:55]  QQ-主 正在解析因子: =?utf-8?b?QWxwaGFQaWxvdCDlrp7ml7bkv6Hlj7cgKGFscGhhX3NpZ25hbF90aHJfMjAyNjA1MTJfMTA0My5qc29uKSBb5Li7UVEt5a+55aSWXQ==?=
[2026-05-12 10:43:55]  发现表格，共 8 行数据
[2026-05-12 10:43:55]  动态索引映射: ['股票代码', '股票名称', '信号', '当前价格', '量比', '来源过滤']
[2026-05-12 10:43:55]  [行1] 解析成功: SZSE.300285 [国瓷材料] BUY @ 39.17 (VR:0.67)
[2026-05-12 10:43:55]  [行2] 解析成功: SZSE.002015 [协鑫能科] SELL @ 21.17 (VR:0.06)
[2026-05-12 10:43:55]  [行3] 解析成功: SZSE.300345 [华民股份] SELL @ 7.25 (VR:0.31)
[2026-05-12 10:43:55]  [行4] 解析成功: SZSE.300866 [安克创新] BUY @ 127.99 (VR:0.04)
[2026-05-12 10:43:55]  [行5] 解析成功: SZSE.300285 [国瓷材料] BUY @ 39.65 (VR:4.64)
[2026-05-12 10:43:55]  [行6] 解析成功: SZSE.002015 [协鑫能科] SELL @ 21.13 (VR:0.03)
[2026-05-12 10:43:55]  [行7] 解析成功: SZSE.300345 [华民股份] SELL @ 7.24 (VR:0.32)
[2026-05-12 10:43:55]  [行8] 解析成功: SZSE.300866 [安克创新] BUY @ 128.08 (VR:0.01)
[2026-05-12 10:43:55] 成功保存 8 条因子至: signal_batch_20260512_104355_578216.txt
[2026-05-12 10:43:55]  QQ-主 邮件 3498 处理完成
[2026-05-12 10:43:55]  QQ-主 本轮共成功处理 1 封有效信号邮件
[2026-05-12 10:43:55]  正在连接 QQ-备用 邮箱服务器 (shouqianbadavid@qq.com) ...
[2026-05-12 10:43:56]  QQ-备用 正在解析因子: =?utf-8?b?QWxwaGFQaWxvdCDlpIfku73kv6Hlj7cgKGFscGhhX3NpZ25hbF90aHJfMjAyNjA1MTJfMTA0My5qc29uKSBb5aSHUVEt6Ieq5L+dXQ==?=
[2026-05-12 10:43:56]  发现表格，共 8 行数据
[2026-05-12 10:43:56]  动态索引映射: ['股票代码', '股票名称', '信号', '当前价格', '量比', '来源过滤']
[2026-05-12 10:43:56]  [行1] 解析成功: SZSE.300285 [国瓷材料] BUY @ 39.17 (VR:0.67)
[2026-05-12 10:43:56]  [行2] 解析成功: SZSE.002015 [协鑫能科] SELL @ 21.17 (VR:0.06)
[2026-05-12 10:43:56]  [行3] 解析成功: SZSE.300345 [华民股份] SELL @ 7.25 (VR:0.31)
[2026-05-12 10:43:56]  [行4] 解析成功: SZSE.300866 [安克创新] BUY @ 127.99 (VR:0.04)
[2026-05-12 10:43:56]  [行5] 解析成功: SZSE.300285 [国瓷材料] BUY @ 39.65 (VR:4.64)
[2026-05-12 10:43:56]  [行6] 解析成功: SZSE.002015 [协鑫能科] SELL @ 21.13 (VR:0.03)
[2026-05-12 10:43:56]  [行7] 解析成功: SZSE.300345 [华民股份] SELL @ 7.24 (VR:0.32)
[2026-05-12 10:43:56]  [行8] 解析成功: SZSE.300866 [安克创新] BUY @ 128.08 (VR:0.01)
[2026-05-12 10:43:56] 成功保存 8 条因子至: signal_batch_20260512_104356_839742.txt
[2026-05-12 10:43:57]  QQ-备用 邮件 812 处理完成
[2026-05-12 10:43:57]  QQ-备用 本轮共成功处理 1 封有效信号邮件
[2026-05-12 10:44:32]  正在连接 QQ-主 邮箱服务器 (497720537@qq.com) ...
[2026-05-12 10:44:32]  正在连接 QQ-备用 邮箱服务器 (shouqianbadavid@qq.com) ...
[2026-05-12 10:45:08]  正在连接 QQ-主 邮箱服务器 (497720537@qq.com) ...
[2026-05-12 10:45:09]  正在连接 QQ-备用 邮箱服务器 (shouqianbadavid@qq.com) ...
[2026-05-12 10:45:44]  正在连接 QQ-主 邮箱服务器 (497720537@qq.com) ...
[2026-05-12 10:45:45]  正在连接 QQ-备用 邮箱服务器 (shouqianbadavid@qq.com) ...
[2026-05-12 10:46:21]  正在连接 QQ-主 邮箱服务器 (497720537@qq.com) ...
[2026-05-12 10:46:32]  QQ-主 因子处理主循环异常: [Errno 11001] getaddrinfo failed
[2026-05-12 10:46:42]  正在连接 QQ-备用 邮箱服务器 (shouqianbadavid@qq.com) ...
[2026-05-12 10:46:43]  QQ-备用 因子处理主循环异常: [Errno 11001] getaddrinfo failed
[2026-05-12 10:47:28]  正在连接 QQ-主 邮箱服务器 (497720537@qq.com) ...
[2026-05-12 10:47:29]  正在连接 QQ-备用 邮箱服务器 (shouqianbadavid@qq.com) ...
[2026-05-12 10:48:04]  正在连接 QQ-主 邮箱服务器 (497720537@qq.com) ...
[2026-05-12 10:48:05]  正在连接 QQ-备用 邮箱服务器 (shouqianbadavid@qq.com) ...
[2026-05-12 10:48:41]  正在连接 QQ-主 邮箱服务器 (497720537@qq.com) ...
[2026-05-12 10:48:41]  QQ-主 正在解析因子: =?utf-8?q?=E6=94=AF=E6=8C=81=E7=BB=93=E6=B1=87=E6=8F=90=E7=8E=B0=E8=87=B3=E6=B3=95=E4=BA=BA=E6=94=AF=E4=BB=98=E5=AE=9D=E8=B4=A6=E5=8F=B7=EF=BC=81?=
[2026-05-12 10:48:41] QQ-主 邮件 3499 无有效信号
[2026-05-12 10:48:41]  正在连接 QQ-备用 邮箱服务器 (shouqianbadavid@qq.com) ...
[2026-05-12 10:49:17]  正在连接 QQ-主 邮箱服务器 (497720537@qq.com) ...
[2026-05-12 10:49:17]  正在连接 QQ-备用 邮箱服务器 (shouqianbadavid@qq.com) ...
[2026-05-12 10:49:53]  正在连接 QQ-主 邮箱服务器 (497720537@qq.com) ...
[2026-05-12 10:49:54]  正在连接 QQ-备用 邮箱服务器 (shouqianbadavid@qq.com) ...
[2026-05-12 10:50:29]  正在连接 QQ-主 邮箱服务器 (497720537@qq.com) ...
[2026-05-12 10:50:30]  QQ-主 正在解析因子: =?utf-8?b?QWxwaGFQaWxvdCDlrp7ml7bkv6Hlj7cgKGFscGhhX3NpZ25hbF90aHJfMjAyNjA1MTJfMTA1MC5qc29uKSBb5Li7UVEt5a+55aSWXQ==?=
[2026-05-12 10:50:30]  发现表格，共 8 行数据
[2026-05-12 10:50:30]  动态索引映射: ['股票代码', '股票名称', '信号', '当前价格', '量比', '来源过滤']
[2026-05-12 10:50:30]  [行1] 解析成功: SZSE.002460 [赣锋锂业] BUY @ 84.04 (VR:1.08)
[2026-05-12 10:50:30]  [行2] 解析成功: SZSE.000682 [东方电子] SELL @ 13.67 (VR:1.57)
[2026-05-12 10:50:30]  [行3] 解析成功: SZSE.300693 [盛弘股份] SELL @ 63.28 (VR:0.29)
[2026-05-12 10:50:30]  [行4] 解析成功: SZSE.001309 [德利明] SELL @ 621.5 (VR:0.62)
[2026-05-12 10:50:30]  [行5] 解析成功: SZSE.002460 [赣锋锂业] BUY @ 84.05 (VR:0.25)
[2026-05-12 10:50:30]  [行6] 解析成功: SZSE.000682 [东方电子] SELL @ 13.65 (VR:1.1)
[2026-05-12 10:50:30]  [行7] 解析成功: SZSE.300693 [盛弘股份] SELL @ 63.17 (VR:0.04)
[2026-05-12 10:50:30]  [行8] 解析成功: SZSE.001309 [德利明] SELL @ 619.93 (VR:0.09)
[2026-05-12 10:50:30] 成功保存 8 条因子至: signal_batch_20260512_105030_513881.txt
[2026-05-12 10:50:30]  QQ-主 邮件 3500 处理完成
[2026-05-12 10:50:30]  QQ-主 本轮共成功处理 1 封有效信号邮件
[2026-05-12 10:50:30]  正在连接 QQ-备用 邮箱服务器 (shouqianbadavid@qq.com) ...
[2026-05-12 10:51:06]  正在连接 QQ-主 邮箱服务器 (497720537@qq.com) ...
[2026-05-12 10:51:07]  正在连接 QQ-备用 邮箱服务器 (shouqianbadavid@qq.com) ...
[2026-05-12 10:51:08]  QQ-备用 正在解析因子: =?utf-8?b?QWxwaGFQaWxvdCDlpIfku73kv6Hlj7cgKGFscGhhX3NpZ25hbF90aHJfMjAyNjA1MTJfMTA1MC5qc29uKSBb5aSHUVEt6Ieq5L+dXQ==?=
[2026-05-12 10:51:08]  发现表格，共 8 行数据
[2026-05-12 10:51:08]  动态索引映射: ['股票代码', '股票名称', '信号', '当前价格', '量比', '来源过滤']
[2026-05-12 10:51:08]  [行1] 解析成功: SZSE.002460 [赣锋锂业] BUY @ 84.04 (VR:1.08)
[2026-05-12 10:51:08]  [行2] 解析成功: SZSE.000682 [东方电子] SELL @ 13.67 (VR:1.57)
[2026-05-12 10:51:08]  [行3] 解析成功: SZSE.300693 [盛弘股份] SELL @ 63.28 (VR:0.29)
[2026-05-12 10:51:08]  [行4] 解析成功: SZSE.001309 [德利明] SELL @ 621.5 (VR:0.62)
[2026-05-12 10:51:08]  [行5] 解析成功: SZSE.002460 [赣锋锂业] BUY @ 84.05 (VR:0.25)
[2026-05-12 10:51:08]  [行6] 解析成功: SZSE.000682 [东方电子] SELL @ 13.65 (VR:1.1)
[2026-05-12 10:51:08]  [行7] 解析成功: SZSE.300693 [盛弘股份] SELL @ 63.17 (VR:0.04)
[2026-05-12 10:51:08]  [行8] 解析成功: SZSE.001309 [德利明] SELL @ 619.93 (VR:0.09)
[2026-05-12 10:51:08] 成功保存 8 条因子至: signal_batch_20260512_105108_131984.txt
[2026-05-12 10:51:08]  QQ-备用 邮件 813 处理完成
[2026-05-12 10:51:08]  QQ-备用 本轮共成功处理 1 封有效信号邮件
[2026-05-12 10:51:43]  正在连接 QQ-主 邮箱服务器 (497720537@qq.com) ...
[2026-05-12 10:51:44]  正在连接 QQ-备用 邮箱服务器 (shouqianbadavid@qq.com) ...
[2026-05-12 10:52:19]  正在连接 QQ-主 邮箱服务器 (497720537@qq.com) ...
[2026-05-12 10:52:20]  正在连接 QQ-备用 邮箱服务器 (shouqianbadavid@qq.com) ...
[2026-05-12 10:52:56]  正在连接 QQ-主 邮箱服务器 (497720537@qq.com) ...
[2026-05-12 10:52:57]  正在连接 QQ-备用 邮箱服务器 (shouqianbadavid@qq.com) ...
[2026-05-12 10:53:33]  正在连接 QQ-主 邮箱服务器 (497720537@qq.com) ...
[2026-05-12 10:53:33]  正在连接 QQ-备用 邮箱服务器 (shouqianbadavid@qq.com) ...
[2026-05-12 10:54:09]  正在连接 QQ-主 邮箱服务器 (497720537@qq.com) ...
[2026-05-12 10:54:10]  正在连接 QQ-备用 邮箱服务器 (shouqianbadavid@qq.com) ...
[2026-05-12 10:54:46]  正在连接 QQ-主 邮箱服务器 (497720537@qq.com) ...
[2026-05-12 10:54:46]  正在连接 QQ-备用 邮箱服务器 (shouqianbadavid@qq.com) ...
[2026-05-12 10:55:22]  正在连接 QQ-主 邮箱服务器 (497720537@qq.com) ...
[2026-05-12 10:55:23]  正在连接 QQ-备用 邮箱服务器 (shouqianbadavid@qq.com) ...
[2026-05-12 10:55:59]  正在连接 QQ-主 邮箱服务器 (497720537@qq.com) ...
[2026-05-12 10:55:59]  QQ-主 正在解析因子: =?utf-8?b?QWxwaGFQaWxvdCDlrp7ml7bkv6Hlj7cgKGFscGhhX3NpZ25hbF90aHJfMjAyNjA1MTJfMTA1NS5qc29uKSBb5Li7UVEt5a+55aSWXQ==?=
[2026-05-12 10:55:59]  发现表格，共 12 行数据
[2026-05-12 10:55:59]  动态索引映射: ['股票代码', '股票名称', '信号', '当前价格', '量比', '来源过滤']
[2026-05-12 10:55:59]  [行1] 解析成功: SZSE.003035 [南网能源] BUY @ 7.96 (VR:1.32)
[2026-05-12 10:55:59]  [行2] 解析成功: SZSE.300207 [欣旺达] BUY @ 26.57 (VR:0.28)
[2026-05-12 10:55:59]  [行3] 解析成功: SZSE.300274 [阳光电源] BUY @ 143.24 (VR:0.13)
[2026-05-12 10:55:59]  [行4] 解析成功: SZSE.002506 [协鑫集成] BUY @ 4.36 (VR:0.02)
[2026-05-12 10:55:59]  [行5] 解析成功: SZSE.300285 [国瓷材料] BUY @ 39.8 (VR:0.63)
[2026-05-12 10:55:59]  [行6] 解析成功: SZSE.300390 [天华超净] SELL @ 101.8 (VR:0.13)
[2026-05-12 10:55:59]  [行7] 解析成功: SZSE.003035 [南网能源] BUY @ 7.97 (VR:1.06)
[2026-05-12 10:55:59]  [行8] 解析成功: SZSE.300207 [欣旺达] BUY @ 26.59 (VR:0.16)
[2026-05-12 10:55:59]  [行9] 解析成功: SZSE.300274 [阳光电源] BUY @ 143.25 (VR:0.54)
[2026-05-12 10:55:59]  [行10] 解析成功: SZSE.002506 [协鑫集成] BUY @ 4.38 (VR:0.3)
[2026-05-12 10:55:59]  [行11] 解析成功: SZSE.300285 [国瓷材料] BUY @ 40.12 (VR:15.87)
[2026-05-12 10:55:59]  [行12] 解析成功: SZSE.300390 [天华超净] SELL @ 101.67 (VR:0.44)
[2026-05-12 10:55:59] 成功保存 12 条因子至: signal_batch_20260512_105559_945253.txt
[2026-05-12 10:56:00]  QQ-主 邮件 3501 处理完成
[2026-05-12 10:56:00]  QQ-主 本轮共成功处理 1 封有效信号邮件
[2026-05-12 10:56:00]  正在连接 QQ-备用 邮箱服务器 (shouqianbadavid@qq.com) ...
[2026-05-12 10:56:00]  QQ-备用 正在解析因子: =?utf-8?b?QWxwaGFQaWxvdCDlpIfku73kv6Hlj7cgKGFscGhhX3NpZ25hbF90aHJfMjAyNjA1MTJfMTA1NS5qc29uKSBb5aSHUVEt6Ieq5L+dXQ==?=
[2026-05-12 10:56:00]  发现表格，共 12 行数据
[2026-05-12 10:56:00]  动态索引映射: ['股票代码', '股票名称', '信号', '当前价格', '量比', '来源过滤']
[2026-05-12 10:56:00]  [行1] 解析成功: SZSE.003035 [南网能源] BUY @ 7.96 (VR:1.32)
[2026-05-12 10:56:00]  [行2] 解析成功: SZSE.300207 [欣旺达] BUY @ 26.57 (VR:0.28)
[2026-05-12 10:56:00]  [行3] 解析成功: SZSE.300274 [阳光电源] BUY @ 143.24 (VR:0.13)
[2026-05-12 10:56:00]  [行4] 解析成功: SZSE.002506 [协鑫集成] BUY @ 4.36 (VR:0.02)
[2026-05-12 10:56:00]  [行5] 解析成功: SZSE.300285 [国瓷材料] BUY @ 39.8 (VR:0.63)
[2026-05-12 10:56:00]  [行6] 解析成功: SZSE.300390 [天华超净] SELL @ 101.8 (VR:0.13)
[2026-05-12 10:56:00]  [行7] 解析成功: SZSE.003035 [南网能源] BUY @ 7.97 (VR:1.06)
[2026-05-12 10:56:00]  [行8] 解析成功: SZSE.300207 [欣旺达] BUY @ 26.59 (VR:0.16)
[2026-05-12 10:56:00]  [行9] 解析成功: SZSE.300274 [阳光电源] BUY @ 143.25 (VR:0.54)
[2026-05-12 10:56:00]  [行10] 解析成功: SZSE.002506 [协鑫集成] BUY @ 4.38 (VR:0.3)
[2026-05-12 10:56:00]  [行11] 解析成功: SZSE.300285 [国瓷材料] BUY @ 40.12 (VR:15.87)
[2026-05-12 10:56:00]  [行12] 解析成功: SZSE.300390 [天华超净] SELL @ 101.67 (VR:0.44)
[2026-05-12 10:56:00] 成功保存 12 条因子至: signal_batch_20260512_105600_988062.txt
[2026-05-12 10:56:01]  QQ-备用 邮件 814 处理完成
[2026-05-12 10:56:01]  QQ-备用 本轮共成功处理 1 封有效信号邮件
[2026-05-12 10:56:36]  正在连接 QQ-主 邮箱服务器 (497720537@qq.com) ...
[2026-05-12 10:56:36]  正在连接 QQ-备用 邮箱服务器 (shouqianbadavid@qq.com) ...
[2026-05-12 10:57:12]  正在连接 QQ-主 邮箱服务器 (497720537@qq.com) ...
[2026-05-12 10:57:13]  正在连接 QQ-备用 邮箱服务器 (shouqianbadavid@qq.com) ...
[2026-05-12 10:57:49]  正在连接 QQ-主 邮箱服务器 (497720537@qq.com) ...
[2026-05-12 10:57:56]  正在连接 QQ-备用 邮箱服务器 (shouqianbadavid@qq.com) ...
[2026-05-12 10:58:32]  正在连接 QQ-主 邮箱服务器 (497720537@qq.com) ...
[2026-05-12 10:58:33]  正在连接 QQ-备用 邮箱服务器 (shouqianbadavid@qq.com) ...
[2026-05-12 10:59:09]  正在连接 QQ-主 邮箱服务器 (497720537@qq.com) ...
[2026-05-12 10:59:09]  正在连接 QQ-备用 邮箱服务器 (shouqianbadavid@qq.com) ...
[2026-05-12 10:59:45]  正在连接 QQ-主 邮箱服务器 (497720537@qq.com) ...
[2026-05-12 10:59:46]  正在连接 QQ-备用 邮箱服务器 (shouqianbadavid@qq.com) ...
[2026-05-12 11:00:21]  正在连接 QQ-主 邮箱服务器 (497720537@qq.com) ...
[2026-05-12 11:00:22]  QQ-主 正在解析因子: =?utf-8?b?QWxwaGFQaWxvdCDlrp7ml7bkv6Hlj7cgKGFscGhhX3NpZ25hbF90aHJfMjAyNjA1MTJfMTA1OS5qc29uKSBb5Li7UVEt5a+55aSWXQ==?=
[2026-05-12 11:00:22]  发现表格，共 12 行数据
[2026-05-12 11:00:22]  动态索引映射: ['股票代码', '股票名称', '信号', '当前价格', '量比', '来源过滤']
[2026-05-12 11:00:22]  [行1] 解析成功: SZSE.300722 [新余国科] SELL @ 28.47 (VR:0.02)
[2026-05-12 11:00:22]  [行2] 解析成功: SZSE.300641 [正丹股份] SELL @ 17.17 (VR:0.04)
[2026-05-12 11:00:22]  [行3] 解析成功: SZSE.301389 [隆扬电子] SELL @ 75.0 (VR:1.15)
[2026-05-12 11:00:22]  [行4] 解析成功: SZSE.300468 [四方精创] BUY @ 29.16 (VR:0.6)
[2026-05-12 11:00:22]  [行5] 解析成功: SZSE.301449 [天溯计量] SELL @ 71.78 (VR:0.21)
[2026-05-12 11:00:22]  [行6] 解析成功: SHSE.603353 [和顺电气] BUY @ 54.35 (VR:0.1)
[2026-05-12 11:00:22]  [行7] 解析成功: SZSE.300722 [新余国科] SELL @ 28.46 (VR:0.2)
[2026-05-12 11:00:22]  [行8] 解析成功: SZSE.300641 [正丹股份] SELL @ 17.15 (VR:1.05)
[2026-05-12 11:00:22]  [行9] 解析成功: SZSE.301389 [隆扬电子] SELL @ 74.83 (VR:0.26)
[2026-05-12 11:00:22]  [行10] 解析成功: SZSE.300468 [四方精创] BUY @ 29.17 (VR:0.37)
[2026-05-12 11:00:22]  [行11] 解析成功: SZSE.301449 [天溯计量] SELL @ 71.66 (VR:0.32)
[2026-05-12 11:00:22]  [行12] 解析成功: SHSE.603353 [和顺电气] BUY @ 54.52 (VR:0.15)
[2026-05-12 11:00:22] 成功保存 12 条因子至: signal_batch_20260512_110022_726301.txt
[2026-05-12 11:00:22]  QQ-主 邮件 3502 处理完成
[2026-05-12 11:00:22]  QQ-主 本轮共成功处理 1 封有效信号邮件
[2026-05-12 11:00:23]  正在连接 QQ-备用 邮箱服务器 (shouqianbadavid@qq.com) ...
[2026-05-12 11:00:23]  QQ-备用 正在解析因子: =?utf-8?b?QWxwaGFQaWxvdCDlpIfku73kv6Hlj7cgKGFscGhhX3NpZ25hbF90aHJfMjAyNjA1MTJfMTA1OS5qc29uKSBb5aSHUVEt6Ieq5L+dXQ==?=
[2026-05-12 11:00:23]  发现表格，共 12 行数据
[2026-05-12 11:00:23]  动态索引映射: ['股票代码', '股票名称', '信号', '当前价格', '量比', '来源过滤']
[2026-05-12 11:00:23]  [行1] 解析成功: SZSE.300722 [新余国科] SELL @ 28.47 (VR:0.02)
[2026-05-12 11:00:23]  [行2] 解析成功: SZSE.300641 [正丹股份] SELL @ 17.17 (VR:0.04)
[2026-05-12 11:00:23]  [行3] 解析成功: SZSE.301389 [隆扬电子] SELL @ 75.0 (VR:1.15)
[2026-05-12 11:00:23]  [行4] 解析成功: SZSE.300468 [四方精创] BUY @ 29.16 (VR:0.6)
[2026-05-12 11:00:23]  [行5] 解析成功: SZSE.301449 [天溯计量] SELL @ 71.78 (VR:0.21)
[2026-05-12 11:00:23]  [行6] 解析成功: SHSE.603353 [和顺电气] BUY @ 54.35 (VR:0.1)
[2026-05-12 11:00:23]  [行7] 解析成功: SZSE.300722 [新余国科] SELL @ 28.46 (VR:0.2)
[2026-05-12 11:00:23]  [行8] 解析成功: SZSE.300641 [正丹股份] SELL @ 17.15 (VR:1.05)
[2026-05-12 11:00:23]  [行9] 解析成功: SZSE.301389 [隆扬电子] SELL @ 74.83 (VR:0.26)
[2026-05-12 11:00:23]  [行10] 解析成功: SZSE.300468 [四方精创] BUY @ 29.17 (VR:0.37)
[2026-05-12 11:00:23]  [行11] 解析成功: SZSE.301449 [天溯计量] SELL @ 71.66 (VR:0.32)
[2026-05-12 11:00:23]  [行12] 解析成功: SHSE.603353 [和顺电气] BUY @ 54.52 (VR:0.15)
[2026-05-12 11:00:23] 成功保存 12 条因子至: signal_batch_20260512_110023_861288.txt
[2026-05-12 11:00:24]  QQ-备用 邮件 815 处理完成
[2026-05-12 11:00:24]  QQ-备用 本轮共成功处理 1 封有效信号邮件
[2026-05-12 11:00:59]  正在连接 QQ-主 邮箱服务器 (497720537@qq.com) ...
[2026-05-12 11:01:10]  QQ-主 因子处理主循环异常: [Errno 11001] getaddrinfo failed
[2026-05-12 11:01:20]  正在连接 QQ-备用 邮箱服务器 (shouqianbadavid@qq.com) ...
[2026-05-12 11:01:21]  QQ-备用 因子处理主循环异常: [Errno 11001] getaddrinfo failed
[2026-05-12 11:02:06]  正在连接 QQ-主 邮箱服务器 (497720537@qq.com) ...
[2026-05-12 11:02:07]  正在连接 QQ-备用 邮箱服务器 (shouqianbadavid@qq.com) ...
[2026-05-12 11:02:43]  正在连接 QQ-主 邮箱服务器 (497720537@qq.com) ...
[2026-05-12 11:02:44]  正在连接 QQ-备用 邮箱服务器 (shouqianbadavid@qq.com) ...
[2026-05-12 11:03:20]  正在连接 QQ-主 邮箱服务器 (497720537@qq.com) ...
[2026-05-12 11:03:20]  正在连接 QQ-备用 邮箱服务器 (shouqianbadavid@qq.com) ...
[2026-05-12 11:03:56]  正在连接 QQ-主 邮箱服务器 (497720537@qq.com) ...
[2026-05-12 11:03:57]  正在连接 QQ-备用 邮箱服务器 (shouqianbadavid@qq.com) ...
[2026-05-12 11:04:32]  正在连接 QQ-主 邮箱服务器 (497720537@qq.com) ...
[2026-05-12 11:04:33]  正在连接 QQ-备用 邮箱服务器 (shouqianbadavid@qq.com) ...
[2026-05-12 11:05:09]  正在连接 QQ-主 邮箱服务器 (497720537@qq.com) ...
[2026-05-12 11:05:09]  正在连接 QQ-备用 邮箱服务器 (shouqianbadavid@qq.com) ...
[2026-05-12 11:05:45]  正在连接 QQ-主 邮箱服务器 (497720537@qq.com) ...
[2026-05-12 11:05:45]  QQ-主 正在解析因子: =?utf-8?b?QWxwaGFQaWxvdCDlrp7ml7bkv6Hlj7cgKGFscGhhX3NpZ25hbF90aHJfMjAyNjA1MTJfMTEwNS5qc29uKSBb5Li7UVEt5a+55aSWXQ==?=
[2026-05-12 11:05:45]  发现表格，共 8 行数据
[2026-05-12 11:05:45]  动态索引映射: ['股票代码', '股票名称', '信号', '当前价格', '量比', '来源过滤']
[2026-05-12 11:05:45]  [行1] 解析成功: SZSE.002015 [协鑫能科] BUY @ 21.55 (VR:1.42)
[2026-05-12 11:05:45]  [行2] 解析成功: SZSE.300345 [华民股份] SELL @ 7.21 (VR:2.01)
[2026-05-12 11:05:45]  [行3] 解析成功: SZSE.300724 [捷佳伟创] SELL @ 93.46 (VR:0.26)
[2026-05-12 11:05:45]  [行4] 解析成功: SZSE.301281 [利源制药] BUY @ 41.57 (VR:0.08)
[2026-05-12 11:05:45]  [行5] 解析成功: SZSE.002015 [协鑫能科] BUY @ 21.62 (VR:1.42)
[2026-05-12 11:05:45]  [行6] 解析成功: SZSE.300345 [华民股份] SELL @ 7.2 (VR:1.09)
[2026-05-12 11:05:45]  [行7] 解析成功: SZSE.300724 [捷佳伟创] SELL @ 93.42 (VR:0.69)
[2026-05-12 11:05:45]  [行8] 解析成功: SZSE.301281 [利源制药] BUY @ 41.74 (VR:1.9)
[2026-05-12 11:05:46] 成功保存 8 条因子至: signal_batch_20260512_110546_005674.txt
[2026-05-12 11:05:46]  QQ-主 邮件 3503 处理完成
[2026-05-12 11:05:46]  QQ-主 本轮共成功处理 1 封有效信号邮件
[2026-05-12 11:05:46]  正在连接 QQ-备用 邮箱服务器 (shouqianbadavid@qq.com) ...
[2026-05-12 11:05:47]  QQ-备用 正在解析因子: =?utf-8?b?QWxwaGFQaWxvdCDlpIfku73kv6Hlj7cgKGFscGhhX3NpZ25hbF90aHJfMjAyNjA1MTJfMTEwNS5qc29uKSBb5aSHUVEt6Ieq5L+dXQ==?=
[2026-05-12 11:05:47]  发现表格，共 8 行数据
[2026-05-12 11:05:47]  动态索引映射: ['股票代码', '股票名称', '信号', '当前价格', '量比', '来源过滤']
[2026-05-12 11:05:47]  [行1] 解析成功: SZSE.002015 [协鑫能科] BUY @ 21.55 (VR:1.42)
[2026-05-12 11:05:47]  [行2] 解析成功: SZSE.300345 [华民股份] SELL @ 7.21 (VR:2.01)
[2026-05-12 11:05:47]  [行3] 解析成功: SZSE.300724 [捷佳伟创] SELL @ 93.46 (VR:0.26)
[2026-05-12 11:05:47]  [行4] 解析成功: SZSE.301281 [利源制药] BUY @ 41.57 (VR:0.08)
[2026-05-12 11:05:47]  [行5] 解析成功: SZSE.002015 [协鑫能科] BUY @ 21.62 (VR:1.42)
[2026-05-12 11:05:47]  [行6] 解析成功: SZSE.300345 [华民股份] SELL @ 7.2 (VR:1.09)
[2026-05-12 11:05:47]  [行7] 解析成功: SZSE.300724 [捷佳伟创] SELL @ 93.42 (VR:0.69)
[2026-05-12 11:05:47]  [行8] 解析成功: SZSE.301281 [利源制药] BUY @ 41.74 (VR:1.9)
[2026-05-12 11:05:47] 成功保存 8 条因子至: signal_batch_20260512_110547_058324.txt
[2026-05-12 11:05:47]  QQ-备用 邮件 816 处理完成
[2026-05-12 11:05:47]  QQ-备用 本轮共成功处理 1 封有效信号邮件
[2026-05-12 11:06:22]  正在连接 QQ-主 邮箱服务器 (497720537@qq.com) ...
[2026-05-12 11:06:23]  正在连接 QQ-备用 邮箱服务器 (shouqianbadavid@qq.com) ...
[2026-05-12 11:06:58]  正在连接 QQ-主 邮箱服务器 (497720537@qq.com) ...
[2026-05-12 11:06:59]  正在连接 QQ-备用 邮箱服务器 (shouqianbadavid@qq.com) ...
[2026-05-12 11:07:35]  正在连接 QQ-主 邮箱服务器 (497720537@qq.com) ...
[2026-05-12 11:07:36]  正在连接 QQ-备用 邮箱服务器 (shouqianbadavid@qq.com) ...
[2026-05-12 11:08:12]  正在连接 QQ-主 邮箱服务器 (497720537@qq.com) ...
[2026-05-12 11:08:12]  正在连接 QQ-备用 邮箱服务器 (shouqianbadavid@qq.com) ...
[2026-05-12 11:08:48]  正在连接 QQ-主 邮箱服务器 (497720537@qq.com) ...
[2026-05-12 11:08:49]  正在连接 QQ-备用 邮箱服务器 (shouqianbadavid@qq.com) ...
[2026-05-12 11:09:25]  正在连接 QQ-主 邮箱服务器 (497720537@qq.com) ...
[2026-05-12 11:09:25]  正在连接 QQ-备用 邮箱服务器 (shouqianbadavid@qq.com) ...
[2026-05-12 11:10:01]  正在连接 QQ-主 邮箱服务器 (497720537@qq.com) ...
[2026-05-12 11:10:02]  正在连接 QQ-备用 邮箱服务器 (shouqianbadavid@qq.com) ...
[2026-05-12 11:10:37]  正在连接 QQ-主 邮箱服务器 (497720537@qq.com) ...
[2026-05-12 11:10:38]  正在连接 QQ-备用 邮箱服务器 (shouqianbadavid@qq.com) ...
[2026-05-12 11:11:14]  正在连接 QQ-主 邮箱服务器 (497720537@qq.com) ...
[2026-05-12 11:11:14]  正在连接 QQ-备用 邮箱服务器 (shouqianbadavid@qq.com) ...
[2026-05-12 11:11:50]  正在连接 QQ-主 邮箱服务器 (497720537@qq.com) ...
[2026-05-12 11:11:51]  正在连接 QQ-备用 邮箱服务器 (shouqianbadavid@qq.com) ...
[2026-05-12 11:12:26]  正在连接 QQ-主 邮箱服务器 (497720537@qq.com) ...
[2026-05-12 11:12:26]  正在连接 QQ-备用 邮箱服务器 (shouqianbadavid@qq.com) ...
[2026-05-12 11:13:02]  正在连接 QQ-主 邮箱服务器 (497720537@qq.com) ...
[2026-05-12 11:13:03]  QQ-主 正在解析因子: =?utf-8?b?QWxwaGFQaWxvdCDlrp7ml7bkv6Hlj7cgKGFscGhhX3NpZ25hbF90aHJfMjAyNjA1MTJfMTExMi5qc29uKSBb5Li7UVEt5a+55aSWXQ==?=
[2026-05-12 11:13:03]  发现表格，共 14 行数据
[2026-05-12 11:13:03]  动态索引映射: ['股票代码', '股票名称', '信号', '当前价格', '量比', '来源过滤']
[2026-05-12 11:13:03]  [行1] 解析成功: SZSE.002475 [立讯精密] BUY @ 76.56 (VR:0.34)
[2026-05-12 11:13:03]  [行2] 解析成功: SZSE.000338 [潍柴动力] SELL @ 33.02 (VR:0.36)
[2026-05-12 11:13:03]  [行3] 解析成功: SZSE.002429 [兆驰股份] BUY @ 13.34 (VR:0.09)
[2026-05-12 11:13:03]  [行4] 解析成功: SZSE.002240 [盛新锂能] BUY @ 56.44 (VR:0.86)
[2026-05-12 11:13:03]  [行5] 解析成功: SZSE.001309 [德利明] BUY @ 620.0 (VR:0.97)
[2026-05-12 11:13:03]  [行6] 解析成功: SHSE.688617 [惠泰医疗] BUY @ 234.8 (VR:0.06)
[2026-05-12 11:13:03]  [行7] 解析成功: SHSE.688617 [惠泰医疗] BUY @ 234.8 (VR:0.06)
[2026-05-12 11:13:03]  [行8] 解析成功: SZSE.002475 [立讯精密] BUY @ 76.68 (VR:0.71)
[2026-05-12 11:13:03]  [行9] 解析成功: SZSE.000338 [潍柴动力] SELL @ 32.97 (VR:0.48)
[2026-05-12 11:13:03]  [行10] 解析成功: SZSE.002429 [兆驰股份] BUY @ 13.41 (VR:0.43)
[2026-05-12 11:13:03]  [行11] 解析成功: SZSE.002240 [盛新锂能] BUY @ 56.48 (VR:0.06)
[2026-05-12 11:13:03]  [行12] 解析成功: SZSE.001309 [德利明] BUY @ 620.69 (VR:0.44)
[2026-05-12 11:13:03]  [行13] 解析成功: SHSE.688617 [惠泰医疗] BUY @ 235.04 (VR:0.39)
[2026-05-12 11:13:03]  [行14] 解析成功: SHSE.688617 [惠泰医疗] BUY @ 235.08 (VR:0.12)
[2026-05-12 11:13:03] 成功保存 14 条因子至: signal_batch_20260512_111303_203654.txt
[2026-05-12 11:13:03]  QQ-主 邮件 3504 处理完成
[2026-05-12 11:13:03]  QQ-主 本轮共成功处理 1 封有效信号邮件
[2026-05-12 11:13:03]  正在连接 QQ-备用 邮箱服务器 (shouqianbadavid@qq.com) ...
[2026-05-12 11:13:04]  QQ-备用 正在解析因子: =?utf-8?b?QWxwaGFQaWxvdCDlpIfku73kv6Hlj7cgKGFscGhhX3NpZ25hbF90aHJfMjAyNjA1MTJfMTExMi5qc29uKSBb5aSHUVEt6Ieq5L+dXQ==?=
[2026-05-12 11:13:04]  发现表格，共 14 行数据
[2026-05-12 11:13:04]  动态索引映射: ['股票代码', '股票名称', '信号', '当前价格', '量比', '来源过滤']
[2026-05-12 11:13:04]  [行1] 解析成功: SZSE.002475 [立讯精密] BUY @ 76.56 (VR:0.34)
[2026-05-12 11:13:04]  [行2] 解析成功: SZSE.000338 [潍柴动力] SELL @ 33.02 (VR:0.36)
[2026-05-12 11:13:04]  [行3] 解析成功: SZSE.002429 [兆驰股份] BUY @ 13.34 (VR:0.09)
[2026-05-12 11:13:04]  [行4] 解析成功: SZSE.002240 [盛新锂能] BUY @ 56.44 (VR:0.86)
[2026-05-12 11:13:04]  [行5] 解析成功: SZSE.001309 [德利明] BUY @ 620.0 (VR:0.97)
[2026-05-12 11:13:04]  [行6] 解析成功: SHSE.688617 [惠泰医疗] BUY @ 234.8 (VR:0.06)
[2026-05-12 11:13:04]  [行7] 解析成功: SHSE.688617 [惠泰医疗] BUY @ 234.8 (VR:0.06)
[2026-05-12 11:13:04]  [行8] 解析成功: SZSE.002475 [立讯精密] BUY @ 76.68 (VR:0.71)
[2026-05-12 11:13:04]  [行9] 解析成功: SZSE.000338 [潍柴动力] SELL @ 32.97 (VR:0.48)
[2026-05-12 11:13:04]  [行10] 解析成功: SZSE.002429 [兆驰股份] BUY @ 13.41 (VR:0.43)
[2026-05-12 11:13:04]  [行11] 解析成功: SZSE.002240 [盛新锂能] BUY @ 56.48 (VR:0.06)
[2026-05-12 11:13:04]  [行12] 解析成功: SZSE.001309 [德利明] BUY @ 620.69 (VR:0.44)
[2026-05-12 11:13:04]  [行13] 解析成功: SHSE.688617 [惠泰医疗] BUY @ 235.04 (VR:0.39)
[2026-05-12 11:13:04]  [行14] 解析成功: SHSE.688617 [惠泰医疗] BUY @ 235.08 (VR:0.12)
[2026-05-12 11:13:04] 成功保存 14 条因子至: signal_batch_20260512_111304_168821.txt
[2026-05-12 11:13:04]  QQ-备用 邮件 817 处理完成
[2026-05-12 11:13:04]  QQ-备用 本轮共成功处理 1 封有效信号邮件
[2026-05-12 11:13:39]  正在连接 QQ-主 邮箱服务器 (497720537@qq.com) ...
[2026-05-12 11:13:40]  正在连接 QQ-备用 邮箱服务器 (shouqianbadavid@qq.com) ...
[2026-05-12 11:14:15]  正在连接 QQ-主 邮箱服务器 (497720537@qq.com) ...
[2026-05-12 11:14:17]  正在连接 QQ-备用 邮箱服务器 (shouqianbadavid@qq.com) ...
[2026-05-12 11:14:52]  正在连接 QQ-主 邮箱服务器 (497720537@qq.com) ...
[2026-05-12 11:14:53]  正在连接 QQ-备用 邮箱服务器 (shouqianbadavid@qq.com) ...
[2026-05-12 11:15:29]  正在连接 QQ-主 邮箱服务器 (497720537@qq.com) ...
[2026-05-12 11:15:29]  QQ-主 正在解析因子: =?UTF-8?B?8J+SrCDpu4Pmnqvpipjor4TorrrkuobkuIDlvKDnhafniYfvvIzkvaDov5g=?=
 =?UTF-8?B?5rKh55yL6L+H5ZOm?=
[2026-05-12 11:15:29]  发现表格，共 30 行数据
[2026-05-12 11:15:29]  表头映射失败，未找到指定列名。当前表头: ['快快长大•慢慢变老「一家五口」\u200c\u2003 \u200c\u2003 \u200c\u2003 \u200c\u2003 \u200c\u2003 \u200c\u2003 \u200c\u2003 \u200c\u2003 \u200c\u2003 \u200c\u2003 \u200c\u2003 \u200c\u2003 \u200c\u2003 \u200c\u2003 \u200c\u2003 \u200c\u2003 \u200c\u2003 \u200c\u2003 \u200c\u2003 \u200c\u2003 \u200c\u2003 \u200c\u2003 \u200c\u2003 \u200c\u2003 \u200c\u2003 \u200c\u2003 \u200c\u2003 \u200c\u2003 \u200c\u2003 \u200c\u2003 \u200c\u2003 \u200c\u2003 \u200c\u2003 \u200c\u2003 \u200c\u2003 \u200c\u2003 \u200c\u2003 \u200c\u2003 \u200c\u2003 \u200c\u2003 \u200c\u2003 \u200c\u2003 \u200c\u2003 \u200c\u2003 \u200c\u2003 \u200c\u2003 \u200c\u2003 \u200c\u2003 \u200c\u2003 \u200c\u2003 \u200c\u2003 \u200c\u2003 \u200c\u2003 \u200c\u2003 \u200c\u2003 \u200c\u2003 \u200c\u2003 \u200c\u2003 \u200c\u2003 \u200c\u2003 \u200c\u2003 \u200c\u2003 \u200c\u2003 \u200c\u2003 \u200c\u2003 \u200c\u2003 \u200c\u2003 \u200c\u2003 \u200c\u2003 \u200c\u2003 \u200c\u2003 \u200c\u2003 \u200c\u2003 \u200c\u2003 \u200c\u2003 \u200c\u2003 \u200c\u2003 \u200c\u2003 \u200c\u2003 \u200c\u2003 \u200c\u2003 \u200c\u2003 \u200c\u2003 \u200c\u2003 \u200c\u2003 \u200c\u2003 \u200c\u2003 \u200c\u2003 \u200c\u2003 \u200c\u2003 \u200c\u2003 \u200c\u2003 \u200c\u2003 \u200c\u2003 \u200c\u2003 \u200c\u2003 \u200c\u2003 \u200c\u2003 \u200c\u2003 \u200c\u2003 \u200c\u2003 \u200c\u2003 \u200c\u2003 \u200c\u2003 \u200c\u2003 \u200c\u2003 \u200c\u2003 \u200c\u2003 \u200c\u2003 \u200c\u2003 \u200c\u2003 \u200c\u2003 \u200c\u2003 \u200c\u2003 \u200c\u2003 \u200c\u2003 \u200c\u2003 \u200c\u2003 \u200c\u2003 \u200c\u2003 \u200c\u2003 \u200c\u2003 \u200c\u2003 \u200c\u2003 \u200c\u2003 \u200c\u2003 \u200c\u2003 \u200c\u2003 \u200c\u2003 \u200c\u2003 \u200c\u2003 \u200c\u2003 \u200c\u2003 \u200c\u2003 \u200c\u2003 \u200c\u2003 \u200c\u2003 \u200c\u2003 \u200c\u2003 \u200c\u2003 \u200c\u2003 \u200c\u2003 \u200c\u2003 \u200c\u2003 \u200c\u2003 \u200c\u2003 \u200c\u2003 \u200c\u2003 \u200c\u2003 \u200c\u2003 \u200c\u2003 \u200c\u2003 \u200c\u2003 \u200c\u2003 \u200c\u2003 \u200c\u2003 \u200c\u2003 \u200c\u2003 \u200c\u2003 \u200c\u2003 \u200c\u2003 \u200c\u2003 \u200c\u2003 \u200c\u2003 \u200c\u2003 \u200c\u2003 \u200c\u2003 \u200c\u2003 \u200c\u2003 \u200c\u2003 \u200c\u2003 \u200c\u2003 \u200c\u2003 \u200c\u2003 \u200c\u2003 \u200c\u2003 \u200c\u2003 \u200c\u2003 \u200c\u2003 \u200c\u2003 \u200c\u2003 \u200c\u2003 \u200c\u2003 \u200c\u2003 \u200c\u2003 \u200c\u2003 \u200c\u2003 \u200c\u2003 \u200c\u2003 \u200c\u2003 \u200c\u2003 \u200c\u2003 \u200c\u2003 \u200c\u2003 \u200c\u2003 \u200c\u2003 \u200c\u2003 \u200c\u2003 \u200c\u2003 \u200c\u2003 \u200c\u2003 \u200c\u2003 \u200c\u2003 \u200c\u2003 \u200c\u2003 \u200c\u2003 \u200c\u2003 \u200c\u2003 \u200c\u2003 \u200c\u2003 \u200c\u2003 \u200c\u2003 \u200c\u2003 \u200c\u2003 \u200c\u2003 \u200c\u2003 \u200c\u2003 \u200c\u2003 \u200c\u2003 \u200c\u2003 \u200c\u2003 \u200c\u2003 \u200c\u2003 \u200c\u2003 \u200c\u2003 \u200c\u2003 \u200c\u2003 \u200c\u2003 \u200c\u2003 \u200c\u2003 \u200c\u2003 \u200c\u2003 \u200c\u2003 \u200c\u2003 \u200c\u2003 \u200c\u2003 \u200c\u2003 \u200c\u2003 \u200c\u2003 \u200c\u2003 \u200c\u2003 \u200c\u2003 \u200c\u2003 \u200c\u2003 \u200c\u2003 \u200c\u2003 \u200c\u2003 \u200c\u2003 \u200c\u2003 \u200c\u2003 \u200c\u2003 \u200c\u2003 \u200c\u2003 \u200c\u2003 \u200c\u2003 \u200c\u2003 \u200c\u2003 \u200c\u2003 \u200c\u2003 \u200c\u2003 \u200c\u2003 \u200c\u2003 \u200c\u2003 \u200c\u2003 \u200c\u2003 \u200c\u2003 \u200c\u2003 \u200c\u2003 \u200c\u2003 \u200c\u2003 \u200c\u2003 \u200c\u2003 \u200c\u2003 \u200c\u2003 \u200c\u2003 \u200c\u2003 \u200c\u2003 \u200c\u2003 \u200c\u2003 \u200c\u2003 \u200c\u2003 \u200c\u2003 \u200c\u2003 \u200c\u2003 \u200c\u2003 \u200c\u2003 \u200c\u2003 \u200c\u2003 \u200c\u2003 \u200c\u2003 \u200c\u2003 \u200c\u2003 \u200c\u2003 \u200c\u2003 \u200c\u2003 \u200c\u2003 \u200c\u2003 \u200c\u2003 \u200c\u2003 \u200c💬黃枫銘评论了一张照片，你还没看过哦。5月8日 10:52查看67 位用户留下心情此邮件发给497720537@qq.com。 如果不希望再收到 Meta 的这类邮件，请退订。Meta Platforms, Inc., Attention: Community Support, 1 Meta Way, Menlo Park, CA 94025为保护你的主页安全，请勿转发这封邮件。详细了解', '快快长大•慢慢变老「一家五口」\u200c\u2003 \u200c\u2003 \u200c\u2003 \u200c\u2003 \u200c\u2003 \u200c\u2003 \u200c\u2003 \u200c\u2003 \u200c\u2003 \u200c\u2003 \u200c\u2003 \u200c\u2003 \u200c\u2003 \u200c\u2003 \u200c\u2003 \u200c\u2003 \u200c\u2003 \u200c\u2003 \u200c\u2003 \u200c\u2003 \u200c\u2003 \u200c\u2003 \u200c\u2003 \u200c\u2003 \u200c\u2003 \u200c\u2003 \u200c\u2003 \u200c\u2003 \u200c\u2003 \u200c\u2003 \u200c\u2003 \u200c\u2003 \u200c\u2003 \u200c\u2003 \u200c\u2003 \u200c\u2003 \u200c\u2003 \u200c\u2003 \u200c\u2003 \u200c\u2003 \u200c\u2003 \u200c\u2003 \u200c\u2003 \u200c\u2003 \u200c\u2003 \u200c\u2003 \u200c\u2003 \u200c\u2003 \u200c\u2003 \u200c\u2003 \u200c\u2003 \u200c\u2003 \u200c\u2003 \u200c\u2003 \u200c\u2003 \u200c\u2003 \u200c\u2003 \u200c\u2003 \u200c\u2003 \u200c\u2003 \u200c\u2003 \u200c\u2003 \u200c\u2003 \u200c\u2003 \u200c\u2003 \u200c\u2003 \u200c\u2003 \u200c\u2003 \u200c\u2003 \u200c\u2003 \u200c\u2003 \u200c\u2003 \u200c\u2003 \u200c\u2003 \u200c\u2003 \u200c\u2003 \u200c\u2003 \u200c\u2003 \u200c\u2003 \u200c\u2003 \u200c\u2003 \u200c\u2003 \u200c\u2003 \u200c\u2003 \u200c\u2003 \u200c\u2003 \u200c\u2003 \u200c\u2003 \u200c\u2003 \u200c\u2003 \u200c\u2003 \u200c\u2003 \u200c\u2003 \u200c\u2003 \u200c\u2003 \u200c\u2003 \u200c\u2003 \u200c\u2003 \u200c\u2003 \u200c\u2003 \u200c\u2003 \u200c\u2003 \u200c\u2003 \u200c\u2003 \u200c\u2003 \u200c\u2003 \u200c\u2003 \u200c\u2003 \u200c\u2003 \u200c\u2003 \u200c\u2003 \u200c\u2003 \u200c\u2003 \u200c\u2003 \u200c\u2003 \u200c\u2003 \u200c\u2003 \u200c\u2003 \u200c\u2003 \u200c\u2003 \u200c\u2003 \u200c\u2003 \u200c\u2003 \u200c\u2003 \u200c\u2003 \u200c\u2003 \u200c\u2003 \u200c\u2003 \u200c\u2003 \u200c\u2003 \u200c\u2003 \u200c\u2003 \u200c\u2003 \u200c\u2003 \u200c\u2003 \u200c\u2003 \u200c\u2003 \u200c\u2003 \u200c\u2003 \u200c\u2003 \u200c\u2003 \u200c\u2003 \u200c\u2003 \u200c\u2003 \u200c\u2003 \u200c\u2003 \u200c\u2003 \u200c\u2003 \u200c\u2003 \u200c\u2003 \u200c\u2003 \u200c\u2003 \u200c\u2003 \u200c\u2003 \u200c\u2003 \u200c\u2003 \u200c\u2003 \u200c\u2003 \u200c\u2003 \u200c\u2003 \u200c\u2003 \u200c\u2003 \u200c\u2003 \u200c\u2003 \u200c\u2003 \u200c\u2003 \u200c\u2003 \u200c\u2003 \u200c\u2003 \u200c\u2003 \u200c\u2003 \u200c\u2003 \u200c\u2003 \u200c\u2003 \u200c\u2003 \u200c\u2003 \u200c\u2003 \u200c\u2003 \u200c\u2003 \u200c\u2003 \u200c\u2003 \u200c\u2003 \u200c\u2003 \u200c\u2003 \u200c\u2003 \u200c\u2003 \u200c\u2003 \u200c\u2003 \u200c\u2003 \u200c\u2003 \u200c\u2003 \u200c\u2003 \u200c\u2003 \u200c\u2003 \u200c\u2003 \u200c\u2003 \u200c\u2003 \u200c\u2003 \u200c\u2003 \u200c\u2003 \u200c\u2003 \u200c\u2003 \u200c\u2003 \u200c\u2003 \u200c\u2003 \u200c\u2003 \u200c\u2003 \u200c\u2003 \u200c\u2003 \u200c\u2003 \u200c\u2003 \u200c\u2003 \u200c\u2003 \u200c\u2003 \u200c\u2003 \u200c\u2003 \u200c\u2003 \u200c\u2003 \u200c\u2003 \u200c\u2003 \u200c\u2003 \u200c\u2003 \u200c\u2003 \u200c\u2003 \u200c\u2003 \u200c\u2003 \u200c\u2003 \u200c\u2003 \u200c\u2003 \u200c\u2003 \u200c\u2003 \u200c\u2003 \u200c\u2003 \u200c\u2003 \u200c\u2003 \u200c\u2003 \u200c\u2003 \u200c\u2003 \u200c\u2003 \u200c\u2003 \u200c\u2003 \u200c\u2003 \u200c\u2003 \u200c\u2003 \u200c\u2003 \u200c\u2003 \u200c\u2003 \u200c\u2003 \u200c\u2003 \u200c\u2003 \u200c\u2003 \u200c\u2003 \u200c\u2003 \u200c\u2003 \u200c\u2003 \u200c\u2003 \u200c\u2003 \u200c\u2003 \u200c\u2003 \u200c\u2003 \u200c\u2003 \u200c\u2003 \u200c\u2003 \u200c\u2003 \u200c\u2003 \u200c\u2003 \u200c\u2003 \u200c\u2003 \u200c\u2003 \u200c\u2003 \u200c\u2003 \u200c\u2003 \u200c\u2003 \u200c\u2003 \u200c\u2003 \u200c\u2003 \u200c\u2003 \u200c\u2003 \u200c\u2003 \u200c\u2003 \u200c\u2003 \u200c\u2003 \u200c\u2003 \u200c\u2003 \u200c\u2003 \u200c\u2003 \u200c\u2003 \u200c\u2003 \u200c\u2003 \u200c\u2003 \u200c\u2003 \u200c\u2003 \u200c\u2003 \u200c\u2003 \u200c\u2003 \u200c\u2003 \u200c\u2003 \u200c\u2003 \u200c\u2003 \u200c💬黃枫銘评论了一张照片，你还没看过哦。5月8日 10:52查看67 位用户留下心情此邮件发给497720537@qq.com。 如果不希望再收到 Meta 的这类邮件，请退订。Meta Platforms, Inc., Attention: Community Support, 1 Meta Way, Menlo Park, CA 94025为保护你的主页安全，请勿转发这封邮件。详细了解', '快快长大•慢慢变老「一家五口」\u200c\u2003 \u200c\u2003 \u200c\u2003 \u200c\u2003 \u200c\u2003 \u200c\u2003 \u200c\u2003 \u200c\u2003 \u200c\u2003 \u200c\u2003 \u200c\u2003 \u200c\u2003 \u200c\u2003 \u200c\u2003 \u200c\u2003 \u200c\u2003 \u200c\u2003 \u200c\u2003 \u200c\u2003 \u200c\u2003 \u200c\u2003 \u200c\u2003 \u200c\u2003 \u200c\u2003 \u200c\u2003 \u200c\u2003 \u200c\u2003 \u200c\u2003 \u200c\u2003 \u200c\u2003 \u200c\u2003 \u200c\u2003 \u200c\u2003 \u200c\u2003 \u200c\u2003 \u200c\u2003 \u200c\u2003 \u200c\u2003 \u200c\u2003 \u200c\u2003 \u200c\u2003 \u200c\u2003 \u200c\u2003 \u200c\u2003 \u200c\u2003 \u200c\u2003 \u200c\u2003 \u200c\u2003 \u200c\u2003 \u200c\u2003 \u200c\u2003 \u200c\u2003 \u200c\u2003 \u200c\u2003 \u200c\u2003 \u200c\u2003 \u200c\u2003 \u200c\u2003 \u200c\u2003 \u200c\u2003 \u200c\u2003 \u200c\u2003 \u200c\u2003 \u200c\u2003 \u200c\u2003 \u200c\u2003 \u200c\u2003 \u200c\u2003 \u200c\u2003 \u200c\u2003 \u200c\u2003 \u200c\u2003 \u200c\u2003 \u200c\u2003 \u200c\u2003 \u200c\u2003 \u200c\u2003 \u200c\u2003 \u200c\u2003 \u200c\u2003 \u200c\u2003 \u200c\u2003 \u200c\u2003 \u200c\u2003 \u200c\u2003 \u200c\u2003 \u200c\u2003 \u200c\u2003 \u200c\u2003 \u200c\u2003 \u200c\u2003 \u200c\u2003 \u200c\u2003 \u200c\u2003 \u200c\u2003 \u200c\u2003 \u200c\u2003 \u200c\u2003 \u200c\u2003 \u200c\u2003 \u200c\u2003 \u200c\u2003 \u200c\u2003 \u200c\u2003 \u200c\u2003 \u200c\u2003 \u200c\u2003 \u200c\u2003 \u200c\u2003 \u200c\u2003 \u200c\u2003 \u200c\u2003 \u200c\u2003 \u200c\u2003 \u200c\u2003 \u200c\u2003 \u200c\u2003 \u200c\u2003 \u200c\u2003 \u200c\u2003 \u200c\u2003 \u200c\u2003 \u200c\u2003 \u200c\u2003 \u200c\u2003 \u200c\u2003 \u200c\u2003 \u200c\u2003 \u200c\u2003 \u200c\u2003 \u200c\u2003 \u200c\u2003 \u200c\u2003 \u200c\u2003 \u200c\u2003 \u200c\u2003 \u200c\u2003 \u200c\u2003 \u200c\u2003 \u200c\u2003 \u200c\u2003 \u200c\u2003 \u200c\u2003 \u200c\u2003 \u200c\u2003 \u200c\u2003 \u200c\u2003 \u200c\u2003 \u200c\u2003 \u200c\u2003 \u200c\u2003 \u200c\u2003 \u200c\u2003 \u200c\u2003 \u200c\u2003 \u200c\u2003 \u200c\u2003 \u200c\u2003 \u200c\u2003 \u200c\u2003 \u200c\u2003 \u200c\u2003 \u200c\u2003 \u200c\u2003 \u200c\u2003 \u200c\u2003 \u200c\u2003 \u200c\u2003 \u200c\u2003 \u200c\u2003 \u200c\u2003 \u200c\u2003 \u200c\u2003 \u200c\u2003 \u200c\u2003 \u200c\u2003 \u200c\u2003 \u200c\u2003 \u200c\u2003 \u200c\u2003 \u200c\u2003 \u200c\u2003 \u200c\u2003 \u200c\u2003 \u200c\u2003 \u200c\u2003 \u200c\u2003 \u200c\u2003 \u200c\u2003 \u200c\u2003 \u200c\u2003 \u200c\u2003 \u200c\u2003 \u200c\u2003 \u200c\u2003 \u200c\u2003 \u200c\u2003 \u200c\u2003 \u200c\u2003 \u200c\u2003 \u200c\u2003 \u200c\u2003 \u200c\u2003 \u200c\u2003 \u200c\u2003 \u200c\u2003 \u200c\u2003 \u200c\u2003 \u200c\u2003 \u200c\u2003 \u200c\u2003 \u200c\u2003 \u200c\u2003 \u200c\u2003 \u200c\u2003 \u200c\u2003 \u200c\u2003 \u200c\u2003 \u200c\u2003 \u200c\u2003 \u200c\u2003 \u200c\u2003 \u200c\u2003 \u200c\u2003 \u200c\u2003 \u200c\u2003 \u200c\u2003 \u200c\u2003 \u200c\u2003 \u200c\u2003 \u200c\u2003 \u200c\u2003 \u200c\u2003 \u200c\u2003 \u200c\u2003 \u200c\u2003 \u200c\u2003 \u200c\u2003 \u200c\u2003 \u200c\u2003 \u200c\u2003 \u200c\u2003 \u200c\u2003 \u200c\u2003 \u200c\u2003 \u200c\u2003 \u200c\u2003 \u200c\u2003 \u200c\u2003 \u200c\u2003 \u200c\u2003 \u200c\u2003 \u200c\u2003 \u200c\u2003 \u200c\u2003 \u200c\u2003 \u200c\u2003 \u200c\u2003 \u200c\u2003 \u200c\u2003 \u200c\u2003 \u200c\u2003 \u200c\u2003 \u200c\u2003 \u200c\u2003 \u200c\u2003 \u200c\u2003 \u200c\u2003 \u200c\u2003 \u200c\u2003 \u200c\u2003 \u200c\u2003 \u200c\u2003 \u200c\u2003 \u200c\u2003 \u200c\u2003 \u200c\u2003 \u200c\u2003 \u200c\u2003 \u200c\u2003 \u200c\u2003 \u200c\u2003 \u200c\u2003 \u200c\u2003 \u200c\u2003 \u200c\u2003 \u200c\u2003 \u200c\u2003 \u200c\u2003 \u200c\u2003 \u200c\u2003 \u200c\u2003 \u200c\u2003 \u200c\u2003 \u200c\u2003 \u200c\u2003 \u200c\u2003 \u200c\u2003 \u200c\u2003 \u200c💬黃枫銘评论了一张照片，你还没看过哦。5月8日 10:52查看67 位用户留下心情此邮件发给497720537@qq.com。 如果不希望再收到 Meta 的这类邮件，请退订。Meta Platforms, Inc., Attention: Community Support, 1 Meta Way, Menlo Park, CA 94025为保护你的主页安全，请勿转发这封邮件。详细了解', '', '快快长大•慢慢变老「一家五口」\u200c\u2003 \u200c\u2003 \u200c\u2003 \u200c\u2003 \u200c\u2003 \u200c\u2003 \u200c\u2003 \u200c\u2003 \u200c\u2003 \u200c\u2003 \u200c\u2003 \u200c\u2003 \u200c\u2003 \u200c\u2003 \u200c\u2003 \u200c\u2003 \u200c\u2003 \u200c\u2003 \u200c\u2003 \u200c\u2003 \u200c\u2003 \u200c\u2003 \u200c\u2003 \u200c\u2003 \u200c\u2003 \u200c\u2003 \u200c\u2003 \u200c\u2003 \u200c\u2003 \u200c\u2003 \u200c\u2003 \u200c\u2003 \u200c\u2003 \u200c\u2003 \u200c\u2003 \u200c\u2003 \u200c\u2003 \u200c\u2003 \u200c\u2003 \u200c\u2003 \u200c\u2003 \u200c\u2003 \u200c\u2003 \u200c\u2003 \u200c\u2003 \u200c\u2003 \u200c\u2003 \u200c\u2003 \u200c\u2003 \u200c\u2003 \u200c\u2003 \u200c\u2003 \u200c\u2003 \u200c\u2003 \u200c\u2003 \u200c\u2003 \u200c\u2003 \u200c\u2003 \u200c\u2003 \u200c\u2003 \u200c\u2003 \u200c\u2003 \u200c\u2003 \u200c\u2003 \u200c\u2003 \u200c\u2003 \u200c\u2003 \u200c\u2003 \u200c\u2003 \u200c\u2003 \u200c\u2003 \u200c\u2003 \u200c\u2003 \u200c\u2003 \u200c\u2003 \u200c\u2003 \u200c\u2003 \u200c\u2003 \u200c\u2003 \u200c\u2003 \u200c\u2003 \u200c\u2003 \u200c\u2003 \u200c\u2003 \u200c\u2003 \u200c\u2003 \u200c\u2003 \u200c\u2003 \u200c\u2003 \u200c\u2003 \u200c\u2003 \u200c\u2003 \u200c\u2003 \u200c\u2003 \u200c\u2003 \u200c\u2003 \u200c\u2003 \u200c\u2003 \u200c\u2003 \u200c\u2003 \u200c\u2003 \u200c\u2003 \u200c\u2003 \u200c\u2003 \u200c\u2003 \u200c\u2003 \u200c\u2003 \u200c\u2003 \u200c\u2003 \u200c\u2003 \u200c\u2003 \u200c\u2003 \u200c\u2003 \u200c\u2003 \u200c\u2003 \u200c\u2003 \u200c\u2003 \u200c\u2003 \u200c\u2003 \u200c\u2003 \u200c\u2003 \u200c\u2003 \u200c\u2003 \u200c\u2003 \u200c\u2003 \u200c\u2003 \u200c\u2003 \u200c\u2003 \u200c\u2003 \u200c\u2003 \u200c\u2003 \u200c\u2003 \u200c\u2003 \u200c\u2003 \u200c\u2003 \u200c\u2003 \u200c\u2003 \u200c\u2003 \u200c\u2003 \u200c\u2003 \u200c\u2003 \u200c\u2003 \u200c\u2003 \u200c\u2003 \u200c\u2003 \u200c\u2003 \u200c\u2003 \u200c\u2003 \u200c\u2003 \u200c\u2003 \u200c\u2003 \u200c\u2003 \u200c\u2003 \u200c\u2003 \u200c\u2003 \u200c\u2003 \u200c\u2003 \u200c\u2003 \u200c\u2003 \u200c\u2003 \u200c\u2003 \u200c\u2003 \u200c\u2003 \u200c\u2003 \u200c\u2003 \u200c\u2003 \u200c\u2003 \u200c\u2003 \u200c\u2003 \u200c\u2003 \u200c\u2003 \u200c\u2003 \u200c\u2003 \u200c\u2003 \u200c\u2003 \u200c\u2003 \u200c\u2003 \u200c\u2003 \u200c\u2003 \u200c\u2003 \u200c\u2003 \u200c\u2003 \u200c\u2003 \u200c\u2003 \u200c\u2003 \u200c\u2003 \u200c\u2003 \u200c\u2003 \u200c\u2003 \u200c\u2003 \u200c\u2003 \u200c\u2003 \u200c\u2003 \u200c\u2003 \u200c\u2003 \u200c\u2003 \u200c\u2003 \u200c\u2003 \u200c\u2003 \u200c\u2003 \u200c\u2003 \u200c\u2003 \u200c\u2003 \u200c\u2003 \u200c\u2003 \u200c\u2003 \u200c\u2003 \u200c\u2003 \u200c\u2003 \u200c\u2003 \u200c\u2003 \u200c\u2003 \u200c\u2003 \u200c\u2003 \u200c\u2003 \u200c\u2003 \u200c\u2003 \u200c\u2003 \u200c\u2003 \u200c\u2003 \u200c\u2003 \u200c\u2003 \u200c\u2003 \u200c\u2003 \u200c\u2003 \u200c\u2003 \u200c\u2003 \u200c\u2003 \u200c\u2003 \u200c\u2003 \u200c\u2003 \u200c\u2003 \u200c\u2003 \u200c\u2003 \u200c\u2003 \u200c\u2003 \u200c\u2003 \u200c\u2003 \u200c\u2003 \u200c\u2003 \u200c\u2003 \u200c\u2003 \u200c\u2003 \u200c\u2003 \u200c\u2003 \u200c\u2003 \u200c\u2003 \u200c\u2003 \u200c\u2003 \u200c\u2003 \u200c\u2003 \u200c\u2003 \u200c\u2003 \u200c\u2003 \u200c\u2003 \u200c\u2003 \u200c\u2003 \u200c\u2003 \u200c\u2003 \u200c\u2003 \u200c\u2003 \u200c\u2003 \u200c\u2003 \u200c\u2003 \u200c\u2003 \u200c\u2003 \u200c\u2003 \u200c\u2003 \u200c\u2003 \u200c\u2003 \u200c\u2003 \u200c\u2003 \u200c\u2003 \u200c\u2003 \u200c\u2003 \u200c\u2003 \u200c\u2003 \u200c\u2003 \u200c\u2003 \u200c\u2003 \u200c\u2003 \u200c\u2003 \u200c\u2003 \u200c\u2003 \u200c\u2003 \u200c\u2003 \u200c\u2003 \u200c\u2003 \u200c\u2003 \u200c\u2003 \u200c\u2003 \u200c\u2003 \u200c\u2003 \u200c\u2003 \u200c\u2003 \u200c\u2003 \u200c\u2003 \u200c\u2003 \u200c\u2003 \u200c', '', '', '', '', '', '', '', '', '', '', '', '', '', '', '💬黃枫銘评论了一张照片，你还没看过哦。5月8日 10:52查看67 位用户留下心情', '', '💬黃枫銘评论了一张照片，你还没看过哦。5月8日 10:52查看67 位用户留下心情', '💬黃枫銘评论了一张照片，你还没看过哦。5月8日 10:52查看', '', '', '💬黃枫銘评论了一张照片，你还没看过哦。5月8日 10:52查看', '💬黃枫銘评论了一张照片，你还没看过哦。5月8日 10:52', '💬黃枫銘评论了一张照片，你还没看过哦。', '', '5月8日 10:52', '', '查看', '查看', '', '67 位用户留下心情', '', '', '67 位用户留下心情', '', '', '', '此邮件发给497720537@qq.com。 如果不希望再收到 Meta 的这类邮件，请退订。Meta Platforms, Inc., Attention: Community Support, 1 Meta Way, Menlo Park, CA 94025', '', '此邮件发给497720537@qq.com。 如果不希望再收到 Meta 的这类邮件，请退订。Meta Platforms, Inc., Attention: Community Support, 1 Meta Way, Menlo Park, CA 94025', '', '', '为保护你的主页安全，请勿转发这封邮件。详细了解', '为保护你的主页安全，请勿转发这封邮件。详细了解', '', '']
[2026-05-12 11:15:29] QQ-主 邮件 3505 无有效信号
[2026-05-12 11:15:30]  正在连接 QQ-备用 邮箱服务器 (shouqianbadavid@qq.com) ...
[2026-05-12 11:16:06]  正在连接 QQ-主 邮箱服务器 (497720537@qq.com) ...
[2026-05-12 11:16:06]  正在连接 QQ-备用 邮箱服务器 (shouqianbadavid@qq.com) ...
[2026-05-12 11:16:41]  正在连接 QQ-主 邮箱服务器 (497720537@qq.com) ...
[2026-05-12 11:16:42]  正在连接 QQ-备用 邮箱服务器 (shouqianbadavid@qq.com) ...
[2026-05-12 11:17:18]  正在连接 QQ-主 邮箱服务器 (497720537@qq.com) ...
[2026-05-12 11:17:19]  正在连接 QQ-备用 邮箱服务器 (shouqianbadavid@qq.com) ...
[2026-05-12 11:17:54]  正在连接 QQ-主 邮箱服务器 (497720537@qq.com) ...
[2026-05-12 11:17:55]  正在连接 QQ-备用 邮箱服务器 (shouqianbadavid@qq.com) ...
[2026-05-12 11:18:31]  正在连接 QQ-主 邮箱服务器 (497720537@qq.com) ...
[2026-05-12 11:18:31]  正在连接 QQ-备用 邮箱服务器 (shouqianbadavid@qq.com) ...
[2026-05-12 11:19:07]  正在连接 QQ-主 邮箱服务器 (497720537@qq.com) ...
[2026-05-12 11:19:07]  QQ-主 正在解析因子: =?utf-8?b?QWxwaGFQaWxvdCDlrp7ml7bkv6Hlj7cgKGFscGhhX3NpZ25hbF90aHJfMjAyNjA1MTJfMTExOS5qc29uKSBb5Li7UVEt5a+55aSWXQ==?=
[2026-05-12 11:19:07]  发现表格，共 8 行数据
[2026-05-12 11:19:07]  动态索引映射: ['股票代码', '股票名称', '信号', '当前价格', '量比', '来源过滤']
[2026-05-12 11:19:07]  [行1] 解析成功: SZSE.003035 [南网能源] SELL @ 7.9 (VR:1.3)
[2026-05-12 11:19:07]  [行2] 解析成功: SZSE.301071 [力量钻石] SELL @ 53.65 (VR:1.01)
[2026-05-12 11:19:07]  [行3] 解析成功: SZSE.300868 [杰美特] SELL @ 98.19 (VR:0.01)
[2026-05-12 11:19:07]  [行4] 解析成功: SZSE.300054 [鼎龙股份] SELL @ 65.18 (VR:0.27)
[2026-05-12 11:19:07]  [行5] 解析成功: SZSE.003035 [南网能源] SELL @ 7.89 (VR:1.09)
[2026-05-12 11:19:07]  [行6] 解析成功: SZSE.301071 [力量钻石] SELL @ 53.49 (VR:1.66)
[2026-05-12 11:19:07]  [行7] 解析成功: SZSE.300868 [杰美特] SELL @ 97.81 (VR:0.01)
[2026-05-12 11:19:07]  [行8] 解析成功: SZSE.300054 [鼎龙股份] SELL @ 65.01 (VR:0.65)
[2026-05-12 11:19:07] 成功保存 8 条因子至: signal_batch_20260512_111907_546868.txt
[2026-05-12 11:19:07]  QQ-主 邮件 3506 处理完成
[2026-05-12 11:19:07]  QQ-主 本轮共成功处理 1 封有效信号邮件
[2026-05-12 11:19:08]  正在连接 QQ-备用 邮箱服务器 (shouqianbadavid@qq.com) ...
[2026-05-12 11:19:08]  QQ-备用 正在解析因子: =?utf-8?b?QWxwaGFQaWxvdCDlpIfku73kv6Hlj7cgKGFscGhhX3NpZ25hbF90aHJfMjAyNjA1MTJfMTExOS5qc29uKSBb5aSHUVEt6Ieq5L+dXQ==?=
[2026-05-12 11:19:08]  发现表格，共 8 行数据
[2026-05-12 11:19:08]  动态索引映射: ['股票代码', '股票名称', '信号', '当前价格', '量比', '来源过滤']
[2026-05-12 11:19:08]  [行1] 解析成功: SZSE.003035 [南网能源] SELL @ 7.9 (VR:1.3)
[2026-05-12 11:19:08]  [行2] 解析成功: SZSE.301071 [力量钻石] SELL @ 53.65 (VR:1.01)
[2026-05-12 11:19:08]  [行3] 解析成功: SZSE.300868 [杰美特] SELL @ 98.19 (VR:0.01)
[2026-05-12 11:19:08]  [行4] 解析成功: SZSE.300054 [鼎龙股份] SELL @ 65.18 (VR:0.27)
[2026-05-12 11:19:08]  [行5] 解析成功: SZSE.003035 [南网能源] SELL @ 7.89 (VR:1.09)
[2026-05-12 11:19:08]  [行6] 解析成功: SZSE.301071 [力量钻石] SELL @ 53.49 (VR:1.66)
[2026-05-12 11:19:08]  [行7] 解析成功: SZSE.300868 [杰美特] SELL @ 97.81 (VR:0.01)
[2026-05-12 11:19:08]  [行8] 解析成功: SZSE.300054 [鼎龙股份] SELL @ 65.01 (VR:0.65)
[2026-05-12 11:19:08] 成功保存 8 条因子至: signal_batch_20260512_111908_726987.txt
[2026-05-12 11:19:08]  QQ-备用 邮件 818 处理完成
[2026-05-12 11:19:08]  QQ-备用 本轮共成功处理 1 封有效信号邮件
[2026-05-12 11:19:44]  正在连接 QQ-主 邮箱服务器 (497720537@qq.com) ...
[2026-05-12 11:19:44]  正在连接 QQ-备用 邮箱服务器 (shouqianbadavid@qq.com) ...
[2026-05-12 11:20:19]  正在连接 QQ-主 邮箱服务器 (497720537@qq.com) ...
[2026-05-12 11:20:20]  正在连接 QQ-备用 邮箱服务器 (shouqianbadavid@qq.com) ...
[2026-05-12 11:20:56]  正在连接 QQ-主 邮箱服务器 (497720537@qq.com) ...
[2026-05-12 11:20:56]  正在连接 QQ-备用 邮箱服务器 (shouqianbadavid@qq.com) ...
[2026-05-12 11:21:32]  正在连接 QQ-主 邮箱服务器 (497720537@qq.com) ...
[2026-05-12 11:21:32]  正在连接 QQ-备用 邮箱服务器 (shouqianbadavid@qq.com) ...
[2026-05-12 11:22:08]  正在连接 QQ-主 邮箱服务器 (497720537@qq.com) ...
[2026-05-12 11:22:09]  正在连接 QQ-备用 邮箱服务器 (shouqianbadavid@qq.com) ...
[2026-05-12 11:22:44]  正在连接 QQ-主 邮箱服务器 (497720537@qq.com) ...
[2026-05-12 11:22:45]  正在连接 QQ-备用 邮箱服务器 (shouqianbadavid@qq.com) ...
[2026-05-12 11:23:21]  正在连接 QQ-主 邮箱服务器 (497720537@qq.com) ...
[2026-05-12 11:23:22]  正在连接 QQ-备用 邮箱服务器 (shouqianbadavid@qq.com) ...
[2026-05-12 11:23:58]  正在连接 QQ-主 邮箱服务器 (497720537@qq.com) ...
[2026-05-12 11:23:58]  正在连接 QQ-备用 邮箱服务器 (shouqianbadavid@qq.com) ...
[2026-05-12 11:24:34]  正在连接 QQ-主 邮箱服务器 (497720537@qq.com) ...
[2026-05-12 11:24:35]  正在连接 QQ-备用 邮箱服务器 (shouqianbadavid@qq.com) ...
[2026-05-12 11:25:10]  正在连接 QQ-主 邮箱服务器 (497720537@qq.com) ...
[2026-05-12 11:25:11]  正在连接 QQ-备用 邮箱服务器 (shouqianbadavid@qq.com) ...
[2026-05-12 11:25:47]  正在连接 QQ-主 邮箱服务器 (497720537@qq.com) ...
[2026-05-12 11:25:47]  QQ-主 正在解析因子: =?utf-8?b?QWxwaGFQaWxvdCDlrp7ml7bkv6Hlj7cgKGFscGhhX3NpZ25hbF90aHJfMjAyNjA1MTJfMTEyNS5qc29uKSBb5Li7UVEt5a+55aSWXQ==?=
[2026-05-12 11:25:47]  发现表格，共 10 行数据
[2026-05-12 11:25:47]  动态索引映射: ['股票代码', '股票名称', '信号', '当前价格', '量比', '来源过滤']
[2026-05-12 11:25:47]  [行1] 解析成功: SZSE.300641 [正丹股份] SELL @ 17.11 (VR:31.79)
[2026-05-12 11:25:47]  [行2] 解析成功: SZSE.301389 [隆扬电子] BUY @ 75.7 (VR:0.2)
[2026-05-12 11:25:47]  [行3] 解析成功: SZSE.300468 [四方精创] SELL @ 29.04 (VR:2.18)
[2026-05-12 11:25:47]  [行4] 解析成功: SHSE.603538 [美诺华] BUY @ 52.46 (VR:0.18)
[2026-05-12 11:25:47]  [行5] 解析成功: SZSE.301220 [亚香股份] SELL @ 41.6 (VR:2.42)
[2026-05-12 11:25:47]  [行6] 解析成功: SZSE.300641 [正丹股份] SELL @ 17.08 (VR:3.65)
[2026-05-12 11:25:47]  [行7] 解析成功: SZSE.301389 [隆扬电子] BUY @ 76.01 (VR:0.2)
[2026-05-12 11:25:47]  [行8] 解析成功: SZSE.300468 [四方精创] SELL @ 28.96 (VR:1.92)
[2026-05-12 11:25:47]  [行9] 解析成功: SHSE.603538 [美诺华] BUY @ 52.63 (VR:0.35)
[2026-05-12 11:25:47]  [行10] 解析成功: SZSE.301220 [亚香股份] SELL @ 41.59 (VR:3.04)
[2026-05-12 11:25:47] 成功保存 10 条因子至: signal_batch_20260512_112547_868282.txt
[2026-05-12 11:25:47]  QQ-主 邮件 3507 处理完成
[2026-05-12 11:25:47]  QQ-主 本轮共成功处理 1 封有效信号邮件
[2026-05-12 11:25:48]  正在连接 QQ-备用 邮箱服务器 (shouqianbadavid@qq.com) ...
[2026-05-12 11:26:23]  正在连接 QQ-主 邮箱服务器 (497720537@qq.com) ...
[2026-05-12 11:26:24]  正在连接 QQ-备用 邮箱服务器 (shouqianbadavid@qq.com) ...
[2026-05-12 11:26:25]  QQ-备用 正在解析因子: =?utf-8?b?QWxwaGFQaWxvdCDlpIfku73kv6Hlj7cgKGFscGhhX3NpZ25hbF90aHJfMjAyNjA1MTJfMTEyNS5qc29uKSBb5aSHUVEt6Ieq5L+dXQ==?=
[2026-05-12 11:26:25]  发现表格，共 10 行数据
[2026-05-12 11:26:25]  动态索引映射: ['股票代码', '股票名称', '信号', '当前价格', '量比', '来源过滤']
[2026-05-12 11:26:25]  [行1] 解析成功: SZSE.300641 [正丹股份] SELL @ 17.11 (VR:31.79)
[2026-05-12 11:26:25]  [行2] 解析成功: SZSE.301389 [隆扬电子] BUY @ 75.7 (VR:0.2)
[2026-05-12 11:26:25]  [行3] 解析成功: SZSE.300468 [四方精创] SELL @ 29.04 (VR:2.18)
[2026-05-12 11:26:25]  [行4] 解析成功: SHSE.603538 [美诺华] BUY @ 52.46 (VR:0.18)
[2026-05-12 11:26:25]  [行5] 解析成功: SZSE.301220 [亚香股份] SELL @ 41.6 (VR:2.42)
[2026-05-12 11:26:25]  [行6] 解析成功: SZSE.300641 [正丹股份] SELL @ 17.08 (VR:3.65)
[2026-05-12 11:26:25]  [行7] 解析成功: SZSE.301389 [隆扬电子] BUY @ 76.01 (VR:0.2)
[2026-05-12 11:26:25]  [行8] 解析成功: SZSE.300468 [四方精创] SELL @ 28.96 (VR:1.92)
[2026-05-12 11:26:25]  [行9] 解析成功: SHSE.603538 [美诺华] BUY @ 52.63 (VR:0.35)
[2026-05-12 11:26:25]  [行10] 解析成功: SZSE.301220 [亚香股份] SELL @ 41.59 (VR:3.04)
[2026-05-12 11:26:25] 成功保存 10 条因子至: signal_batch_20260512_112625_313003.txt
[2026-05-12 11:26:25]  QQ-备用 邮件 819 处理完成
[2026-05-12 11:26:25]  QQ-备用 本轮共成功处理 1 封有效信号邮件
[2026-05-12 11:27:00]  正在连接 QQ-主 邮箱服务器 (497720537@qq.com) ...
[2026-05-12 11:27:01]  正在连接 QQ-备用 邮箱服务器 (shouqianbadavid@qq.com) ...
[2026-05-12 11:27:36]  正在连接 QQ-主 邮箱服务器 (497720537@qq.com) ...
[2026-05-12 11:27:37]  正在连接 QQ-备用 邮箱服务器 (shouqianbadavid@qq.com) ...
[2026-05-12 11:28:12]  正在连接 QQ-主 邮箱服务器 (497720537@qq.com) ...
[2026-05-12 11:28:13]  正在连接 QQ-备用 邮箱服务器 (shouqianbadavid@qq.com) ...
[2026-05-12 11:28:49]  正在连接 QQ-主 邮箱服务器 (497720537@qq.com) ...
[2026-05-12 11:28:50]  正在连接 QQ-备用 邮箱服务器 (shouqianbadavid@qq.com) ...
[2026-05-12 11:29:25]  正在连接 QQ-主 邮箱服务器 (497720537@qq.com) ...
[2026-05-12 11:29:26]  正在连接 QQ-备用 邮箱服务器 (shouqianbadavid@qq.com) ...
[2026-05-12 11:30:01]  正在连接 QQ-主 邮箱服务器 (497720537@qq.com) ...
[2026-05-12 11:30:02]  正在连接 QQ-备用 邮箱服务器 (shouqianbadavid@qq.com) ...
[2026-05-12 11:30:38]  正在连接 QQ-主 邮箱服务器 (497720537@qq.com) ...
[2026-05-12 11:30:38]  正在连接 QQ-备用 邮箱服务器 (shouqianbadavid@qq.com) ...
[2026-05-12 11:31:14]  正在连接 QQ-主 邮箱服务器 (497720537@qq.com) ...
[2026-05-12 11:31:15]  正在连接 QQ-备用 邮箱服务器 (shouqianbadavid@qq.com) ...
[2026-05-12 11:31:51]  正在连接 QQ-主 邮箱服务器 (497720537@qq.com) ...
[2026-05-12 11:31:51]  正在连接 QQ-备用 邮箱服务器 (shouqianbadavid@qq.com) ...
[2026-05-12 11:32:27]  正在连接 QQ-主 邮箱服务器 (497720537@qq.com) ...
[2026-05-12 11:32:28]  正在连接 QQ-备用 邮箱服务器 (shouqianbadavid@qq.com) ...
[2026-05-12 11:33:03]  正在连接 QQ-主 邮箱服务器 (497720537@qq.com) ...
[2026-05-12 11:33:04]  正在连接 QQ-备用 邮箱服务器 (shouqianbadavid@qq.com) ...
[2026-05-12 11:33:39]  正在连接 QQ-主 邮箱服务器 (497720537@qq.com) ...
[2026-05-12 11:33:40]  正在连接 QQ-备用 邮箱服务器 (shouqianbadavid@qq.com) ...
[2026-05-12 11:34:16]  正在连接 QQ-主 邮箱服务器 (497720537@qq.com) ...
[2026-05-12 11:34:17]  正在连接 QQ-备用 邮箱服务器 (shouqianbadavid@qq.com) ...
[2026-05-12 11:34:52]  正在连接 QQ-主 邮箱服务器 (497720537@qq.com) ...
[2026-05-12 11:35:01]  QQ-主 正在解析因子: =?utf-8?b?QWxwaGFQaWxvdCDlrp7ml7bkv6Hlj7cgKGFscGhhX3NpZ25hbF90aHJfMjAyNjA1MTJfMTEzNC5qc29uKSBb5Li7UVEt5a+55aSWXQ==?=
[2026-05-12 11:35:01]  发现表格，共 18 行数据
[2026-05-12 11:35:01]  动态索引映射: ['股票代码', '股票名称', '信号', '当前价格', '量比', '来源过滤']
[2026-05-12 11:35:01]  [行1] 解析成功: SZSE.300195 [长荣股份] BUY @ 6.81 (VR:0.0)
[2026-05-12 11:35:01]  [行2] 解析成功: SZSE.300285 [国瓷材料] BUY @ 39.7 (VR:0.87)
[2026-05-12 11:35:01]  [行3] 解析成功: SZSE.002015 [协鑫能科] BUY @ 21.34 (VR:0.02)
[2026-05-12 11:35:01]  [行4] 解析成功: SZSE.301226 [祥明智能] BUY @ 41.12 (VR:0.66)
[2026-05-12 11:35:01]  [行5] 解析成功: SZSE.300345 [华民股份] SELL @ 7.14 (VR:0.53)
[2026-05-12 11:35:01]  [行6] 解析成功: SHSE.600726 [华电能源] BUY @ 7.65 (VR:0.83)
[2026-05-12 11:35:01]  [行7] 解析成功: SZSE.300866 [安克创新] BUY @ 128.06 (VR:0.07)
[2026-05-12 11:35:01]  [行8] 解析成功: SZSE.300724 [捷佳伟创] BUY @ 92.63 (VR:1.01)
[2026-05-12 11:35:01]  [行9] 解析成功: SZSE.300813 [泰林生物] SELL @ 24.8 (VR:2.02)
[2026-05-12 11:35:01]  [行10] 解析成功: SZSE.300195 [长荣股份] BUY @ 6.82 (VR:0.4)
[2026-05-12 11:35:01]  [行11] 解析成功: SZSE.300285 [国瓷材料] BUY @ 39.92 (VR:2.93)
[2026-05-12 11:35:01]  [行12] 解析成功: SZSE.002015 [协鑫能科] BUY @ 21.45 (VR:0.31)
[2026-05-12 11:35:01]  [行13] 解析成功: SZSE.301226 [祥明智能] BUY @ 41.15 (VR:1.04)
[2026-05-12 11:35:01]  [行14] 解析成功: SZSE.300345 [华民股份] SELL @ 7.13 (VR:1.7)
[2026-05-12 11:35:01]  [行15] 解析成功: SHSE.600726 [华电能源] BUY @ 7.72 (VR:0.77)
[2026-05-12 11:35:01]  [行16] 解析成功: SZSE.300866 [安克创新] BUY @ 128.3 (VR:0.33)
[2026-05-12 11:35:01]  [行17] 解析成功: SZSE.300724 [捷佳伟创] BUY @ 92.66 (VR:1.14)
[2026-05-12 11:35:01]  [行18] 解析成功: SZSE.300813 [泰林生物] SELL @ 24.78 (VR:2.93)
[2026-05-12 11:35:01] 成功保存 18 条因子至: signal_batch_20260512_113501_169468.txt
[2026-05-12 11:35:01]  QQ-主 邮件 3508 处理完成
[2026-05-12 11:35:01]  QQ-主 本轮共成功处理 1 封有效信号邮件
[2026-05-12 11:35:01]  正在连接 QQ-备用 邮箱服务器 (shouqianbadavid@qq.com) ...
[2026-05-12 11:35:07]  QQ-备用 正在解析因子: =?utf-8?b?QWxwaGFQaWxvdCDlpIfku73kv6Hlj7cgKGFscGhhX3NpZ25hbF90aHJfMjAyNjA1MTJfMTEzNC5qc29uKSBb5aSHUVEt6Ieq5L+dXQ==?=
[2026-05-12 11:35:07]  发现表格，共 18 行数据
[2026-05-12 11:35:07]  动态索引映射: ['股票代码', '股票名称', '信号', '当前价格', '量比', '来源过滤']
[2026-05-12 11:35:07]  [行1] 解析成功: SZSE.300195 [长荣股份] BUY @ 6.81 (VR:0.0)
[2026-05-12 11:35:07]  [行2] 解析成功: SZSE.300285 [国瓷材料] BUY @ 39.7 (VR:0.87)
[2026-05-12 11:35:07]  [行3] 解析成功: SZSE.002015 [协鑫能科] BUY @ 21.34 (VR:0.02)
[2026-05-12 11:35:07]  [行4] 解析成功: SZSE.301226 [祥明智能] BUY @ 41.12 (VR:0.66)
[2026-05-12 11:35:07]  [行5] 解析成功: SZSE.300345 [华民股份] SELL @ 7.14 (VR:0.53)
[2026-05-12 11:35:07]  [行6] 解析成功: SHSE.600726 [华电能源] BUY @ 7.65 (VR:0.83)
[2026-05-12 11:35:07]  [行7] 解析成功: SZSE.300866 [安克创新] BUY @ 128.06 (VR:0.07)
[2026-05-12 11:35:07]  [行8] 解析成功: SZSE.300724 [捷佳伟创] BUY @ 92.63 (VR:1.01)
[2026-05-12 11:35:07]  [行9] 解析成功: SZSE.300813 [泰林生物] SELL @ 24.8 (VR:2.02)
[2026-05-12 11:35:07]  [行10] 解析成功: SZSE.300195 [长荣股份] BUY @ 6.82 (VR:0.4)
[2026-05-12 11:35:07]  [行11] 解析成功: SZSE.300285 [国瓷材料] BUY @ 39.92 (VR:2.93)
[2026-05-12 11:35:07]  [行12] 解析成功: SZSE.002015 [协鑫能科] BUY @ 21.45 (VR:0.31)
[2026-05-12 11:35:07]  [行13] 解析成功: SZSE.301226 [祥明智能] BUY @ 41.15 (VR:1.04)
[2026-05-12 11:35:07]  [行14] 解析成功: SZSE.300345 [华民股份] SELL @ 7.13 (VR:1.7)
[2026-05-12 11:35:07]  [行15] 解析成功: SHSE.600726 [华电能源] BUY @ 7.72 (VR:0.77)
[2026-05-12 11:35:07]  [行16] 解析成功: SZSE.300866 [安克创新] BUY @ 128.3 (VR:0.33)
[2026-05-12 11:35:07]  [行17] 解析成功: SZSE.300724 [捷佳伟创] BUY @ 92.66 (VR:1.14)
[2026-05-12 11:35:07]  [行18] 解析成功: SZSE.300813 [泰林生物] SELL @ 24.78 (VR:2.93)
[2026-05-12 11:35:07] 成功保存 18 条因子至: signal_batch_20260512_113507_433807.txt
[2026-05-12 11:35:07]  QQ-备用 邮件 820 处理完成
[2026-05-12 11:35:07]  QQ-备用 本轮共成功处理 1 封有效信号邮件
[2026-05-12 11:35:42]  正在连接 QQ-主 邮箱服务器 (497720537@qq.com) ...
[2026-05-12 11:35:43]  正在连接 QQ-备用 邮箱服务器 (shouqianbadavid@qq.com) ...
[2026-05-12 11:36:19]  正在连接 QQ-主 邮箱服务器 (497720537@qq.com) ...
[2026-05-12 11:36:20]  正在连接 QQ-备用 邮箱服务器 (shouqianbadavid@qq.com) ...
[2026-05-12 11:36:55]  正在连接 QQ-主 邮箱服务器 (497720537@qq.com) ...
[2026-05-12 11:36:56]  正在连接 QQ-备用 邮箱服务器 (shouqianbadavid@qq.com) ...
[2026-05-12 11:37:31]  正在连接 QQ-主 邮箱服务器 (497720537@qq.com) ...
[2026-05-12 11:37:32]  正在连接 QQ-备用 邮箱服务器 (shouqianbadavid@qq.com) ...
[2026-05-12 11:38:08]  正在连接 QQ-主 邮箱服务器 (497720537@qq.com) ...
[2026-05-12 11:38:09]  正在连接 QQ-备用 邮箱服务器 (shouqianbadavid@qq.com) ...
[2026-05-12 11:38:45]  正在连接 QQ-主 邮箱服务器 (497720537@qq.com) ...
[2026-05-12 11:38:46]  正在连接 QQ-备用 邮箱服务器 (shouqianbadavid@qq.com) ...
[2026-05-12 11:39:21]  正在连接 QQ-主 邮箱服务器 (497720537@qq.com) ...
[2026-05-12 11:39:22]  正在连接 QQ-备用 邮箱服务器 (shouqianbadavid@qq.com) ...
[2026-05-12 11:39:58]  正在连接 QQ-主 邮箱服务器 (497720537@qq.com) ...
[2026-05-12 11:39:59]  正在连接 QQ-备用 邮箱服务器 (shouqianbadavid@qq.com) ...
[2026-05-12 11:40:35]  正在连接 QQ-主 邮箱服务器 (497720537@qq.com) ...
[2026-05-12 11:40:35]  正在连接 QQ-备用 邮箱服务器 (shouqianbadavid@qq.com) ...
[2026-05-12 11:41:12]  正在连接 QQ-主 邮箱服务器 (497720537@qq.com) ...
[2026-05-12 11:41:13]  正在连接 QQ-备用 邮箱服务器 (shouqianbadavid@qq.com) ...
[2026-05-12 11:41:49]  正在连接 QQ-主 邮箱服务器 (497720537@qq.com) ...
[2026-05-12 11:41:49]  正在连接 QQ-备用 邮箱服务器 (shouqianbadavid@qq.com) ...
[2026-05-12 11:42:25]  正在连接 QQ-主 邮箱服务器 (497720537@qq.com) ...
[2026-05-12 11:42:26]  正在连接 QQ-备用 邮箱服务器 (shouqianbadavid@qq.com) ...
[2026-05-12 11:43:02]  正在连接 QQ-主 邮箱服务器 (497720537@qq.com) ...
[2026-05-12 11:43:04]  正在连接 QQ-备用 邮箱服务器 (shouqianbadavid@qq.com) ...
[2026-05-12 11:43:39]  正在连接 QQ-主 邮箱服务器 (497720537@qq.com) ...
[2026-05-12 11:43:40]  正在连接 QQ-备用 邮箱服务器 (shouqianbadavid@qq.com) ...
[2026-05-12 11:44:16]  正在连接 QQ-主 邮箱服务器 (497720537@qq.com) ...
[2026-05-12 11:44:17]  正在连接 QQ-备用 邮箱服务器 (shouqianbadavid@qq.com) ...
[2026-05-12 11:44:52]  正在连接 QQ-主 邮箱服务器 (497720537@qq.com) ...
[2026-05-12 11:44:53]  正在连接 QQ-备用 邮箱服务器 (shouqianbadavid@qq.com) ...
[2026-05-12 11:45:29]  正在连接 QQ-主 邮箱服务器 (497720537@qq.com) ...
[2026-05-12 11:45:30]  正在连接 QQ-备用 邮箱服务器 (shouqianbadavid@qq.com) ...
[2026-05-12 11:46:06]  正在连接 QQ-主 邮箱服务器 (497720537@qq.com) ...
[2026-05-12 11:46:06]  正在连接 QQ-备用 邮箱服务器 (shouqianbadavid@qq.com) ...
[2026-05-12 11:46:43]  正在连接 QQ-主 邮箱服务器 (497720537@qq.com) ...
[2026-05-12 11:46:43]  正在连接 QQ-备用 邮箱服务器 (shouqianbadavid@qq.com) ...
[2026-05-12 11:47:19]  正在连接 QQ-主 邮箱服务器 (497720537@qq.com) ...
[2026-05-12 11:47:20]  正在连接 QQ-备用 邮箱服务器 (shouqianbadavid@qq.com) ...
[2026-05-12 11:47:56]  正在连接 QQ-主 邮箱服务器 (497720537@qq.com) ...
[2026-05-12 11:47:56]  正在连接 QQ-备用 邮箱服务器 (shouqianbadavid@qq.com) ...
[2026-05-12 11:48:32]  正在连接 QQ-主 邮箱服务器 (497720537@qq.com) ...
[2026-05-12 11:48:33]  正在连接 QQ-备用 邮箱服务器 (shouqianbadavid@qq.com) ...
[2026-05-12 11:49:09]  正在连接 QQ-主 邮箱服务器 (497720537@qq.com) ...
[2026-05-12 11:49:10]  正在连接 QQ-备用 邮箱服务器 (shouqianbadavid@qq.com) ...
[2026-05-12 11:49:46]  正在连接 QQ-主 邮箱服务器 (497720537@qq.com) ...
[2026-05-12 11:49:47]  正在连接 QQ-备用 邮箱服务器 (shouqianbadavid@qq.com) ...
[2026-05-12 11:50:22]  正在连接 QQ-主 邮箱服务器 (497720537@qq.com) ...
[2026-05-12 11:50:23]  正在连接 QQ-备用 邮箱服务器 (shouqianbadavid@qq.com) ...
[2026-05-12 11:50:59]  正在连接 QQ-主 邮箱服务器 (497720537@qq.com) ...
[2026-05-12 11:51:00]  正在连接 QQ-备用 邮箱服务器 (shouqianbadavid@qq.com) ...
[2026-05-12 11:51:36]  正在连接 QQ-主 邮箱服务器 (497720537@qq.com) ...
[2026-05-12 11:51:37]  正在连接 QQ-备用 邮箱服务器 (shouqianbadavid@qq.com) ...
[2026-05-12 11:52:13]  正在连接 QQ-主 邮箱服务器 (497720537@qq.com) ...
[2026-05-12 11:52:13]  正在连接 QQ-备用 邮箱服务器 (shouqianbadavid@qq.com) ...
[2026-05-12 11:52:49]  正在连接 QQ-主 邮箱服务器 (497720537@qq.com) ...
[2026-05-12 11:52:50]  正在连接 QQ-备用 邮箱服务器 (shouqianbadavid@qq.com) ...
[2026-05-12 11:53:26]  正在连接 QQ-主 邮箱服务器 (497720537@qq.com) ...
[2026-05-12 11:53:27]  正在连接 QQ-备用 邮箱服务器 (shouqianbadavid@qq.com) ...
[2026-05-12 11:54:03]  正在连接 QQ-主 邮箱服务器 (497720537@qq.com) ...
[2026-05-12 11:54:05]  正在连接 QQ-备用 邮箱服务器 (shouqianbadavid@qq.com) ...
[2026-05-12 11:54:41]  正在连接 QQ-主 邮箱服务器 (497720537@qq.com) ...
[2026-05-12 11:54:42]  正在连接 QQ-备用 邮箱服务器 (shouqianbadavid@qq.com) ...
[2026-05-12 11:55:17]  正在连接 QQ-主 邮箱服务器 (497720537@qq.com) ...
[2026-05-12 11:55:18]  正在连接 QQ-备用 邮箱服务器 (shouqianbadavid@qq.com) ...
[2026-05-12 11:55:54]  正在连接 QQ-主 邮箱服务器 (497720537@qq.com) ...
[2026-05-12 11:55:55]  正在连接 QQ-备用 邮箱服务器 (shouqianbadavid@qq.com) ...
[2026-05-12 11:56:31]  正在连接 QQ-主 邮箱服务器 (497720537@qq.com) ...
[2026-05-12 11:56:31]  正在连接 QQ-备用 邮箱服务器 (shouqianbadavid@qq.com) ...
[2026-05-12 11:57:07]  正在连接 QQ-主 邮箱服务器 (497720537@qq.com) ...
[2026-05-12 11:57:08]  正在连接 QQ-备用 邮箱服务器 (shouqianbadavid@qq.com) ...
[2026-05-12 11:57:44]  正在连接 QQ-主 邮箱服务器 (497720537@qq.com) ...
[2026-05-12 11:57:45]  正在连接 QQ-备用 邮箱服务器 (shouqianbadavid@qq.com) ...
[2026-05-12 11:58:21]  正在连接 QQ-主 邮箱服务器 (497720537@qq.com) ...
[2026-05-12 11:58:22]  正在连接 QQ-备用 邮箱服务器 (shouqianbadavid@qq.com) ...
[2026-05-12 11:58:57]  正在连接 QQ-主 邮箱服务器 (497720537@qq.com) ...
[2026-05-12 11:58:58]  正在连接 QQ-备用 邮箱服务器 (shouqianbadavid@qq.com) ...
[2026-05-12 11:59:34]  正在连接 QQ-主 邮箱服务器 (497720537@qq.com) ...
[2026-05-12 11:59:35]  正在连接 QQ-备用 邮箱服务器 (shouqianbadavid@qq.com) ...
[2026-05-12 12:00:10]  正在连接 QQ-主 邮箱服务器 (497720537@qq.com) ...
[2026-05-12 12:00:11]  正在连接 QQ-备用 邮箱服务器 (shouqianbadavid@qq.com) ...
[2026-05-12 12:00:47]  正在连接 QQ-主 邮箱服务器 (497720537@qq.com) ...
[2026-05-12 12:00:48]  正在连接 QQ-备用 邮箱服务器 (shouqianbadavid@qq.com) ...
[2026-05-12 12:01:24]  正在连接 QQ-主 邮箱服务器 (497720537@qq.com) ...
[2026-05-12 12:01:24]  正在连接 QQ-备用 邮箱服务器 (shouqianbadavid@qq.com) ...
[2026-05-12 12:02:00]  正在连接 QQ-主 邮箱服务器 (497720537@qq.com) ...
[2026-05-12 12:02:01]  正在连接 QQ-备用 邮箱服务器 (shouqianbadavid@qq.com) ...
[2026-05-12 12:02:36]  正在连接 QQ-主 邮箱服务器 (497720537@qq.com) ...
[2026-05-12 12:02:37]  正在连接 QQ-备用 邮箱服务器 (shouqianbadavid@qq.com) ...
[2026-05-12 12:03:13]  正在连接 QQ-主 邮箱服务器 (497720537@qq.com) ...
[2026-05-12 12:03:14]  正在连接 QQ-备用 邮箱服务器 (shouqianbadavid@qq.com) ...
[2026-05-12 12:03:50]  正在连接 QQ-主 邮箱服务器 (497720537@qq.com) ...
[2026-05-12 12:03:51]  正在连接 QQ-备用 邮箱服务器 (shouqianbadavid@qq.com) ...
[2026-05-12 12:04:26]  正在连接 QQ-主 邮箱服务器 (497720537@qq.com) ...
[2026-05-12 12:04:27]  正在连接 QQ-备用 邮箱服务器 (shouqianbadavid@qq.com) ...
[2026-05-12 12:05:03]  正在连接 QQ-主 邮箱服务器 (497720537@qq.com) ...
[2026-05-12 12:05:04]  正在连接 QQ-备用 邮箱服务器 (shouqianbadavid@qq.com) ...
[2026-05-12 12:05:40]  正在连接 QQ-主 邮箱服务器 (497720537@qq.com) ...
[2026-05-12 12:05:40]  正在连接 QQ-备用 邮箱服务器 (shouqianbadavid@qq.com) ...
[2026-05-12 12:06:16]  正在连接 QQ-主 邮箱服务器 (497720537@qq.com) ...
[2026-05-12 12:06:17]  正在连接 QQ-备用 邮箱服务器 (shouqianbadavid@qq.com) ...
[2026-05-12 12:06:52]  正在连接 QQ-主 邮箱服务器 (497720537@qq.com) ...
[2026-05-12 12:06:53]  正在连接 QQ-备用 邮箱服务器 (shouqianbadavid@qq.com) ...
[2026-05-12 12:07:29]  正在连接 QQ-主 邮箱服务器 (497720537@qq.com) ...
[2026-05-12 12:07:30]  正在连接 QQ-备用 邮箱服务器 (shouqianbadavid@qq.com) ...
[2026-05-12 12:08:06]  正在连接 QQ-主 邮箱服务器 (497720537@qq.com) ...
[2026-05-12 12:08:06]  正在连接 QQ-备用 邮箱服务器 (shouqianbadavid@qq.com) ...
[2026-05-12 12:08:42]  正在连接 QQ-主 邮箱服务器 (497720537@qq.com) ...
[2026-05-12 12:08:43]  正在连接 QQ-备用 邮箱服务器 (shouqianbadavid@qq.com) ...
[2026-05-12 12:09:18]  正在连接 QQ-主 邮箱服务器 (497720537@qq.com) ...
[2026-05-12 12:09:19]  正在连接 QQ-备用 邮箱服务器 (shouqianbadavid@qq.com) ...
[2026-05-12 12:09:55]  正在连接 QQ-主 邮箱服务器 (497720537@qq.com) ...
[2026-05-12 12:09:56]  正在连接 QQ-备用 邮箱服务器 (shouqianbadavid@qq.com) ...
[2026-05-12 12:10:32]  正在连接 QQ-主 邮箱服务器 (497720537@qq.com) ...
[2026-05-12 12:10:32]  正在连接 QQ-备用 邮箱服务器 (shouqianbadavid@qq.com) ...
[2026-05-12 12:11:08]  正在连接 QQ-主 邮箱服务器 (497720537@qq.com) ...
[2026-05-12 12:11:09]  正在连接 QQ-备用 邮箱服务器 (shouqianbadavid@qq.com) ...
[2026-05-12 12:11:45]  正在连接 QQ-主 邮箱服务器 (497720537@qq.com) ...
[2026-05-12 12:11:46]  正在连接 QQ-备用 邮箱服务器 (shouqianbadavid@qq.com) ...
[2026-05-12 12:12:22]  正在连接 QQ-主 邮箱服务器 (497720537@qq.com) ...
[2026-05-12 12:12:22]  正在连接 QQ-备用 邮箱服务器 (shouqianbadavid@qq.com) ...
[2026-05-12 12:12:58]  正在连接 QQ-主 邮箱服务器 (497720537@qq.com) ...
[2026-05-12 12:13:06]  正在连接 QQ-备用 邮箱服务器 (shouqianbadavid@qq.com) ...
[2026-05-12 12:13:41]  正在连接 QQ-主 邮箱服务器 (497720537@qq.com) ...
[2026-05-12 12:13:42]  正在连接 QQ-备用 邮箱服务器 (shouqianbadavid@qq.com) ...
[2026-05-12 12:14:18]  正在连接 QQ-主 邮箱服务器 (497720537@qq.com) ...
[2026-05-12 12:14:18]  正在连接 QQ-备用 邮箱服务器 (shouqianbadavid@qq.com) ...
[2026-05-12 12:14:54]  正在连接 QQ-主 邮箱服务器 (497720537@qq.com) ...
[2026-05-12 12:14:55]  正在连接 QQ-备用 邮箱服务器 (shouqianbadavid@qq.com) ...
[2026-05-12 12:15:30]  正在连接 QQ-主 邮箱服务器 (497720537@qq.com) ...
[2026-05-12 12:15:31]  正在连接 QQ-备用 邮箱服务器 (shouqianbadavid@qq.com) ...
[2026-05-12 12:16:07]  正在连接 QQ-主 邮箱服务器 (497720537@qq.com) ...
[2026-05-12 12:16:23]  正在连接 QQ-备用 邮箱服务器 (shouqianbadavid@qq.com) ...
[2026-05-12 12:16:58]  正在连接 QQ-主 邮箱服务器 (497720537@qq.com) ...
[2026-05-12 12:16:59]  正在连接 QQ-备用 邮箱服务器 (shouqianbadavid@qq.com) ...
[2026-05-12 12:17:35]  正在连接 QQ-主 邮箱服务器 (497720537@qq.com) ...
[2026-05-12 12:17:35]  正在连接 QQ-备用 邮箱服务器 (shouqianbadavid@qq.com) ...
[2026-05-12 12:18:11]  正在连接 QQ-主 邮箱服务器 (497720537@qq.com) ...
[2026-05-12 12:18:12]  正在连接 QQ-备用 邮箱服务器 (shouqianbadavid@qq.com) ...
[2026-05-12 12:18:48]  正在连接 QQ-主 邮箱服务器 (497720537@qq.com) ...
[2026-05-12 12:18:49]  正在连接 QQ-备用 邮箱服务器 (shouqianbadavid@qq.com) ...
[2026-05-12 12:19:25]  正在连接 QQ-主 邮箱服务器 (497720537@qq.com) ...
[2026-05-12 12:19:26]  正在连接 QQ-备用 邮箱服务器 (shouqianbadavid@qq.com) ...
[2026-05-12 12:20:02]  正在连接 QQ-主 邮箱服务器 (497720537@qq.com) ...
[2026-05-12 12:20:03]  正在连接 QQ-备用 邮箱服务器 (shouqianbadavid@qq.com) ...
[2026-05-12 12:20:39]  正在连接 QQ-主 邮箱服务器 (497720537@qq.com) ...
[2026-05-12 12:20:39]  正在连接 QQ-备用 邮箱服务器 (shouqianbadavid@qq.com) ...
[2026-05-12 12:21:15]  正在连接 QQ-主 邮箱服务器 (497720537@qq.com) ...
[2026-05-12 12:21:16]  正在连接 QQ-备用 邮箱服务器 (shouqianbadavid@qq.com) ...
[2026-05-12 12:21:52]  正在连接 QQ-主 邮箱服务器 (497720537@qq.com) ...
[2026-05-12 12:21:53]  正在连接 QQ-备用 邮箱服务器 (shouqianbadavid@qq.com) ...
[2026-05-12 12:22:28]  正在连接 QQ-主 邮箱服务器 (497720537@qq.com) ...
[2026-05-12 12:22:29]  正在连接 QQ-备用 邮箱服务器 (shouqianbadavid@qq.com) ...
[2026-05-12 12:23:05]  正在连接 QQ-主 邮箱服务器 (497720537@qq.com) ...
[2026-05-12 12:23:06]  正在连接 QQ-备用 邮箱服务器 (shouqianbadavid@qq.com) ...
[2026-05-12 12:23:41]  正在连接 QQ-主 邮箱服务器 (497720537@qq.com) ...
[2026-05-12 12:23:42]  正在连接 QQ-备用 邮箱服务器 (shouqianbadavid@qq.com) ...
[2026-05-12 12:24:18]  正在连接 QQ-主 邮箱服务器 (497720537@qq.com) ...
[2026-05-12 12:24:18]  正在连接 QQ-备用 邮箱服务器 (shouqianbadavid@qq.com) ...
[2026-05-12 12:24:54]  正在连接 QQ-主 邮箱服务器 (497720537@qq.com) ...
[2026-05-12 12:24:55]  正在连接 QQ-备用 邮箱服务器 (shouqianbadavid@qq.com) ...
[2026-05-12 12:25:31]  正在连接 QQ-主 邮箱服务器 (497720537@qq.com) ...
[2026-05-12 12:25:32]  正在连接 QQ-备用 邮箱服务器 (shouqianbadavid@qq.com) ...
[2026-05-12 12:26:07]  正在连接 QQ-主 邮箱服务器 (497720537@qq.com) ...
[2026-05-12 12:26:08]  正在连接 QQ-备用 邮箱服务器 (shouqianbadavid@qq.com) ...
[2026-05-12 12:26:44]  正在连接 QQ-主 邮箱服务器 (497720537@qq.com) ...
[2026-05-12 12:26:45]  正在连接 QQ-备用 邮箱服务器 (shouqianbadavid@qq.com) ...
[2026-05-12 12:27:20]  正在连接 QQ-主 邮箱服务器 (497720537@qq.com) ...
[2026-05-12 12:27:21]  正在连接 QQ-备用 邮箱服务器 (shouqianbadavid@qq.com) ...
[2026-05-12 12:27:57]  正在连接 QQ-主 邮箱服务器 (497720537@qq.com) ...
[2026-05-12 12:28:04]  正在连接 QQ-备用 邮箱服务器 (shouqianbadavid@qq.com) ...
[2026-05-12 12:28:40]  正在连接 QQ-主 邮箱服务器 (497720537@qq.com) ...
[2026-05-12 12:28:40]  正在连接 QQ-备用 邮箱服务器 (shouqianbadavid@qq.com) ...
[2026-05-12 12:29:16]  正在连接 QQ-主 邮箱服务器 (497720537@qq.com) ...
[2026-05-12 12:29:17]  正在连接 QQ-备用 邮箱服务器 (shouqianbadavid@qq.com) ...
[2026-05-12 12:29:53]  正在连接 QQ-主 邮箱服务器 (497720537@qq.com) ...
[2026-05-12 12:29:54]  正在连接 QQ-备用 邮箱服务器 (shouqianbadavid@qq.com) ...
[2026-05-12 12:30:30]  正在连接 QQ-主 邮箱服务器 (497720537@qq.com) ...
[2026-05-12 12:30:30]  正在连接 QQ-备用 邮箱服务器 (shouqianbadavid@qq.com) ...
[2026-05-12 12:31:06]  正在连接 QQ-主 邮箱服务器 (497720537@qq.com) ...
[2026-05-12 12:31:07]  正在连接 QQ-备用 邮箱服务器 (shouqianbadavid@qq.com) ...
[2026-05-12 12:31:43]  正在连接 QQ-主 邮箱服务器 (497720537@qq.com) ...
[2026-05-12 12:31:44]  正在连接 QQ-备用 邮箱服务器 (shouqianbadavid@qq.com) ...
[2026-05-12 12:32:19]  正在连接 QQ-主 邮箱服务器 (497720537@qq.com) ...
[2026-05-12 12:32:20]  正在连接 QQ-备用 邮箱服务器 (shouqianbadavid@qq.com) ...
[2026-05-12 12:32:56]  正在连接 QQ-主 邮箱服务器 (497720537@qq.com) ...
[2026-05-12 12:32:57]  正在连接 QQ-备用 邮箱服务器 (shouqianbadavid@qq.com) ...
[2026-05-12 12:33:33]  正在连接 QQ-主 邮箱服务器 (497720537@qq.com) ...
[2026-05-12 12:33:34]  正在连接 QQ-备用 邮箱服务器 (shouqianbadavid@qq.com) ...
[2026-05-12 12:34:09]  正在连接 QQ-主 邮箱服务器 (497720537@qq.com) ...
[2026-05-12 12:34:10]  正在连接 QQ-备用 邮箱服务器 (shouqianbadavid@qq.com) ...
[2026-05-12 12:34:46]  正在连接 QQ-主 邮箱服务器 (497720537@qq.com) ...
[2026-05-12 12:34:47]  正在连接 QQ-备用 邮箱服务器 (shouqianbadavid@qq.com) ...
[2026-05-12 12:35:22]  正在连接 QQ-主 邮箱服务器 (497720537@qq.com) ...
[2026-05-12 12:35:23]  正在连接 QQ-备用 邮箱服务器 (shouqianbadavid@qq.com) ...
[2026-05-12 12:35:59]  正在连接 QQ-主 邮箱服务器 (497720537@qq.com) ...
[2026-05-12 12:36:00]  正在连接 QQ-备用 邮箱服务器 (shouqianbadavid@qq.com) ...
[2026-05-12 12:36:36]  正在连接 QQ-主 邮箱服务器 (497720537@qq.com) ...
[2026-05-12 12:36:36]  正在连接 QQ-备用 邮箱服务器 (shouqianbadavid@qq.com) ...
[2026-05-12 12:37:12]  正在连接 QQ-主 邮箱服务器 (497720537@qq.com) ...
[2026-05-12 12:37:13]  正在连接 QQ-备用 邮箱服务器 (shouqianbadavid@qq.com) ...
[2026-05-12 12:37:49]  正在连接 QQ-主 邮箱服务器 (497720537@qq.com) ...
[2026-05-12 12:37:50]  正在连接 QQ-备用 邮箱服务器 (shouqianbadavid@qq.com) ...
[2026-05-12 12:38:26]  正在连接 QQ-主 邮箱服务器 (497720537@qq.com) ...
[2026-05-12 12:38:26]  正在连接 QQ-备用 邮箱服务器 (shouqianbadavid@qq.com) ...
[2026-05-12 12:39:02]  正在连接 QQ-主 邮箱服务器 (497720537@qq.com) ...
[2026-05-12 12:39:05]  正在连接 QQ-备用 邮箱服务器 (shouqianbadavid@qq.com) ...
[2026-05-12 12:39:41]  正在连接 QQ-主 邮箱服务器 (497720537@qq.com) ...
[2026-05-12 12:39:41]  正在连接 QQ-备用 邮箱服务器 (shouqianbadavid@qq.com) ...
[2026-05-12 12:40:17]  正在连接 QQ-主 邮箱服务器 (497720537@qq.com) ...
[2026-05-12 12:40:18]  正在连接 QQ-备用 邮箱服务器 (shouqianbadavid@qq.com) ...
[2026-05-12 12:40:54]  正在连接 QQ-主 邮箱服务器 (497720537@qq.com) ...
[2026-05-12 12:40:55]  正在连接 QQ-备用 邮箱服务器 (shouqianbadavid@qq.com) ...
[2026-05-12 12:41:31]  正在连接 QQ-主 邮箱服务器 (497720537@qq.com) ...
[2026-05-12 12:41:31]  正在连接 QQ-备用 邮箱服务器 (shouqianbadavid@qq.com) ...
[2026-05-12 12:42:07]  正在连接 QQ-主 邮箱服务器 (497720537@qq.com) ...
[2026-05-12 12:42:08]  正在连接 QQ-备用 邮箱服务器 (shouqianbadavid@qq.com) ...
[2026-05-12 12:42:44]  正在连接 QQ-主 邮箱服务器 (497720537@qq.com) ...
[2026-05-12 12:42:45]  正在连接 QQ-备用 邮箱服务器 (shouqianbadavid@qq.com) ...
[2026-05-12 12:43:21]  正在连接 QQ-主 邮箱服务器 (497720537@qq.com) ...
[2026-05-12 12:43:21]  正在连接 QQ-备用 邮箱服务器 (shouqianbadavid@qq.com) ...
[2026-05-12 12:43:57]  正在连接 QQ-主 邮箱服务器 (497720537@qq.com) ...
[2026-05-12 12:43:58]  正在连接 QQ-备用 邮箱服务器 (shouqianbadavid@qq.com) ...
[2026-05-12 12:44:34]  正在连接 QQ-主 邮箱服务器 (497720537@qq.com) ...
[2026-05-12 12:44:35]  正在连接 QQ-备用 邮箱服务器 (shouqianbadavid@qq.com) ...
[2026-05-12 12:45:11]  正在连接 QQ-主 邮箱服务器 (497720537@qq.com) ...
[2026-05-12 12:45:11]  正在连接 QQ-备用 邮箱服务器 (shouqianbadavid@qq.com) ...
[2026-05-12 12:45:47]  正在连接 QQ-主 邮箱服务器 (497720537@qq.com) ...
[2026-05-12 12:45:48]  正在连接 QQ-备用 邮箱服务器 (shouqianbadavid@qq.com) ...
[2026-05-12 12:46:24]  正在连接 QQ-主 邮箱服务器 (497720537@qq.com) ...
[2026-05-12 12:46:25]  正在连接 QQ-备用 邮箱服务器 (shouqianbadavid@qq.com) ...
[2026-05-12 12:47:00]  正在连接 QQ-主 邮箱服务器 (497720537@qq.com) ...
[2026-05-12 12:47:01]  正在连接 QQ-备用 邮箱服务器 (shouqianbadavid@qq.com) ...
[2026-05-12 12:47:37]  正在连接 QQ-主 邮箱服务器 (497720537@qq.com) ...
[2026-05-12 12:47:37]  正在连接 QQ-备用 邮箱服务器 (shouqianbadavid@qq.com) ...
[2026-05-12 12:48:13]  正在连接 QQ-主 邮箱服务器 (497720537@qq.com) ...
[2026-05-12 12:48:14]  正在连接 QQ-备用 邮箱服务器 (shouqianbadavid@qq.com) ...
[2026-05-12 12:48:49]  正在连接 QQ-主 邮箱服务器 (497720537@qq.com) ...
[2026-05-12 12:48:50]  正在连接 QQ-备用 邮箱服务器 (shouqianbadavid@qq.com) ...
[2026-05-12 12:49:26]  正在连接 QQ-主 邮箱服务器 (497720537@qq.com) ...
[2026-05-12 12:49:26]  正在连接 QQ-备用 邮箱服务器 (shouqianbadavid@qq.com) ...
[2026-05-12 12:50:02]  正在连接 QQ-主 邮箱服务器 (497720537@qq.com) ...
[2026-05-12 12:50:03]  正在连接 QQ-备用 邮箱服务器 (shouqianbadavid@qq.com) ...
[2026-05-12 12:50:39]  正在连接 QQ-主 邮箱服务器 (497720537@qq.com) ...
[2026-05-12 12:50:39]  正在连接 QQ-备用 邮箱服务器 (shouqianbadavid@qq.com) ...
[2026-05-12 12:51:15]  正在连接 QQ-主 邮箱服务器 (497720537@qq.com) ...
[2026-05-12 12:51:16]  正在连接 QQ-备用 邮箱服务器 (shouqianbadavid@qq.com) ...
[2026-05-12 12:51:52]  正在连接 QQ-主 邮箱服务器 (497720537@qq.com) ...
[2026-05-12 12:51:52]  正在连接 QQ-备用 邮箱服务器 (shouqianbadavid@qq.com) ...
[2026-05-12 12:52:28]  正在连接 QQ-主 邮箱服务器 (497720537@qq.com) ...
[2026-05-12 12:52:29]  正在连接 QQ-备用 邮箱服务器 (shouqianbadavid@qq.com) ...
[2026-05-12 12:53:04]  正在连接 QQ-主 邮箱服务器 (497720537@qq.com) ...
[2026-05-12 12:53:05]  正在连接 QQ-备用 邮箱服务器 (shouqianbadavid@qq.com) ...
[2026-05-12 12:53:41]  正在连接 QQ-主 邮箱服务器 (497720537@qq.com) ...
[2026-05-12 12:53:42]  正在连接 QQ-备用 邮箱服务器 (shouqianbadavid@qq.com) ...
[2026-05-12 12:54:18]  正在连接 QQ-主 邮箱服务器 (497720537@qq.com) ...
[2026-05-12 12:54:19]  正在连接 QQ-备用 邮箱服务器 (shouqianbadavid@qq.com) ...
[2026-05-12 12:54:54]  正在连接 QQ-主 邮箱服务器 (497720537@qq.com) ...
[2026-05-12 12:54:55]  正在连接 QQ-备用 邮箱服务器 (shouqianbadavid@qq.com) ...
[2026-05-12 12:55:31]  正在连接 QQ-主 邮箱服务器 (497720537@qq.com) ...
[2026-05-12 12:55:32]  正在连接 QQ-备用 邮箱服务器 (shouqianbadavid@qq.com) ...
[2026-05-12 12:56:07]  正在连接 QQ-主 邮箱服务器 (497720537@qq.com) ...
[2026-05-12 12:56:08]  正在连接 QQ-备用 邮箱服务器 (shouqianbadavid@qq.com) ...
[2026-05-12 12:56:44]  正在连接 QQ-主 邮箱服务器 (497720537@qq.com) ...
[2026-05-12 12:56:45]  正在连接 QQ-备用 邮箱服务器 (shouqianbadavid@qq.com) ...
[2026-05-12 12:57:21]  正在连接 QQ-主 邮箱服务器 (497720537@qq.com) ...
[2026-05-12 12:57:21]  正在连接 QQ-备用 邮箱服务器 (shouqianbadavid@qq.com) ...
[2026-05-12 12:57:57]  正在连接 QQ-主 邮箱服务器 (497720537@qq.com) ...
[2026-05-12 12:57:58]  正在连接 QQ-备用 邮箱服务器 (shouqianbadavid@qq.com) ...
[2026-05-12 12:58:34]  正在连接 QQ-主 邮箱服务器 (497720537@qq.com) ...
[2026-05-12 12:58:35]  正在连接 QQ-备用 邮箱服务器 (shouqianbadavid@qq.com) ...
[2026-05-12 12:59:11]  正在连接 QQ-主 邮箱服务器 (497720537@qq.com) ...
[2026-05-12 12:59:12]  正在连接 QQ-备用 邮箱服务器 (shouqianbadavid@qq.com) ...
[2026-05-12 12:59:47]  正在连接 QQ-主 邮箱服务器 (497720537@qq.com) ...
[2026-05-12 12:59:48]  正在连接 QQ-备用 邮箱服务器 (shouqianbadavid@qq.com) ...
[2026-05-12 13:00:24]  正在连接 QQ-主 邮箱服务器 (497720537@qq.com) ...
[2026-05-12 13:00:25]  正在连接 QQ-备用 邮箱服务器 (shouqianbadavid@qq.com) ...
[2026-05-12 13:01:00]  正在连接 QQ-主 邮箱服务器 (497720537@qq.com) ...
[2026-05-12 13:01:23]  正在连接 QQ-备用 邮箱服务器 (shouqianbadavid@qq.com) ...
[2026-05-12 13:01:59]  正在连接 QQ-主 邮箱服务器 (497720537@qq.com) ...
[2026-05-12 13:02:00]  正在连接 QQ-备用 邮箱服务器 (shouqianbadavid@qq.com) ...
[2026-05-12 13:02:36]  正在连接 QQ-主 邮箱服务器 (497720537@qq.com) ...
[2026-05-12 13:02:36]  正在连接 QQ-备用 邮箱服务器 (shouqianbadavid@qq.com) ...
[2026-05-12 13:03:12]  正在连接 QQ-主 邮箱服务器 (497720537@qq.com) ...
[2026-05-12 13:03:12]  正在连接 QQ-备用 邮箱服务器 (shouqianbadavid@qq.com) ...
[2026-05-12 13:03:48]  正在连接 QQ-主 邮箱服务器 (497720537@qq.com) ...
[2026-05-12 13:03:49]  正在连接 QQ-备用 邮箱服务器 (shouqianbadavid@qq.com) ...
[2026-05-12 13:04:25]  正在连接 QQ-主 邮箱服务器 (497720537@qq.com) ...
[2026-05-12 13:04:25]  正在连接 QQ-备用 邮箱服务器 (shouqianbadavid@qq.com) ...
[2026-05-12 13:05:01]  正在连接 QQ-主 邮箱服务器 (497720537@qq.com) ...
[2026-05-12 13:05:01]  正在连接 QQ-备用 邮箱服务器 (shouqianbadavid@qq.com) ...
[2026-05-12 13:05:37]  正在连接 QQ-主 邮箱服务器 (497720537@qq.com) ...
[2026-05-12 13:05:37]  正在连接 QQ-备用 邮箱服务器 (shouqianbadavid@qq.com) ...
[2026-05-12 13:06:13]  正在连接 QQ-主 邮箱服务器 (497720537@qq.com) ...
[2026-05-12 13:06:14]  正在连接 QQ-备用 邮箱服务器 (shouqianbadavid@qq.com) ...
[2026-05-12 13:06:50]  正在连接 QQ-主 邮箱服务器 (497720537@qq.com) ...
[2026-05-12 13:06:50]  正在连接 QQ-备用 邮箱服务器 (shouqianbadavid@qq.com) ...
[2026-05-12 13:07:26]  正在连接 QQ-主 邮箱服务器 (497720537@qq.com) ...
[2026-05-12 13:07:27]  正在连接 QQ-备用 邮箱服务器 (shouqianbadavid@qq.com) ...
[2026-05-12 13:08:03]  正在连接 QQ-主 邮箱服务器 (497720537@qq.com) ...
[2026-05-12 13:08:03]  正在连接 QQ-备用 邮箱服务器 (shouqianbadavid@qq.com) ...
[2026-05-12 13:08:39]  正在连接 QQ-主 邮箱服务器 (497720537@qq.com) ...
[2026-05-12 13:08:40]  正在连接 QQ-备用 邮箱服务器 (shouqianbadavid@qq.com) ...
[2026-05-12 13:09:16]  正在连接 QQ-主 邮箱服务器 (497720537@qq.com) ...
[2026-05-12 13:09:16]  正在连接 QQ-备用 邮箱服务器 (shouqianbadavid@qq.com) ...
[2026-05-12 13:09:52]  正在连接 QQ-主 邮箱服务器 (497720537@qq.com) ...
[2026-05-12 13:09:53]  QQ-主 正在解析因子: =?utf-8?b?QWxwaGFQaWxvdCDlrp7ml7bkv6Hlj7cgKGFscGhhX3NpZ25hbF90aHJfMjAyNjA1MTJfMTMwOS5qc29uKSBb5Li7UVEt5a+55aSWXQ==?=
[2026-05-12 13:09:53]  发现表格，共 8 行数据
[2026-05-12 13:09:53]  动态索引映射: ['股票代码', '股票名称', '信号', '当前价格', '量比', '来源过滤']
[2026-05-12 13:09:53]  [行1] 解析成功: SZSE.002015 [协鑫能科] SELL @ 21.34 (VR:0.16)
[2026-05-12 13:09:53]  [行2] 解析成功: SZSE.300345 [华民股份] SELL @ 7.12 (VR:0.39)
[2026-05-12 13:09:53]  [行3] 解析成功: SZSE.300866 [安克创新] BUY @ 127.83 (VR:0.08)
[2026-05-12 13:09:53]  [行4] 解析成功: SZSE.300813 [泰林生物] BUY @ 24.74 (VR:0.67)
[2026-05-12 13:09:53]  [行5] 解析成功: SZSE.002015 [协鑫能科] SELL @ 21.28 (VR:0.54)
[2026-05-12 13:09:53]  [行6] 解析成功: SZSE.300345 [华民股份] SELL @ 7.11 (VR:0.18)
[2026-05-12 13:09:53]  [行7] 解析成功: SZSE.300866 [安克创新] BUY @ 127.99 (VR:0.43)
[2026-05-12 13:09:53]  [行8] 解析成功: SZSE.300813 [泰林生物] BUY @ 24.78 (VR:5.6)
[2026-05-12 13:09:53] 成功保存 8 条因子至: signal_batch_20260512_130953_039150.txt
[2026-05-12 13:09:53]  QQ-主 邮件 3509 处理完成
[2026-05-12 13:09:53]  QQ-主 本轮共成功处理 1 封有效信号邮件
[2026-05-12 13:09:53]  正在连接 QQ-备用 邮箱服务器 (shouqianbadavid@qq.com) ...
[2026-05-12 13:09:54]  QQ-备用 正在解析因子: =?utf-8?b?QWxwaGFQaWxvdCDlpIfku73kv6Hlj7cgKGFscGhhX3NpZ25hbF90aHJfMjAyNjA1MTJfMTMwOS5qc29uKSBb5aSHUVEt6Ieq5L+dXQ==?=
[2026-05-12 13:09:54]  发现表格，共 8 行数据
[2026-05-12 13:09:54]  动态索引映射: ['股票代码', '股票名称', '信号', '当前价格', '量比', '来源过滤']
[2026-05-12 13:09:54]  [行1] 解析成功: SZSE.002015 [协鑫能科] SELL @ 21.34 (VR:0.16)
[2026-05-12 13:09:54]  [行2] 解析成功: SZSE.300345 [华民股份] SELL @ 7.12 (VR:0.39)
[2026-05-12 13:09:54]  [行3] 解析成功: SZSE.300866 [安克创新] BUY @ 127.83 (VR:0.08)
[2026-05-12 13:09:54]  [行4] 解析成功: SZSE.300813 [泰林生物] BUY @ 24.74 (VR:0.67)
[2026-05-12 13:09:54]  [行5] 解析成功: SZSE.002015 [协鑫能科] SELL @ 21.28 (VR:0.54)
[2026-05-12 13:09:54]  [行6] 解析成功: SZSE.300345 [华民股份] SELL @ 7.11 (VR:0.18)
[2026-05-12 13:09:54]  [行7] 解析成功: SZSE.300866 [安克创新] BUY @ 127.99 (VR:0.43)
[2026-05-12 13:09:54]  [行8] 解析成功: SZSE.300813 [泰林生物] BUY @ 24.78 (VR:5.6)
[2026-05-12 13:09:54] 成功保存 8 条因子至: signal_batch_20260512_130954_222445.txt
[2026-05-12 13:09:54]  QQ-备用 邮件 821 处理完成
[2026-05-12 13:09:54]  QQ-备用 本轮共成功处理 1 封有效信号邮件
[2026-05-12 13:10:29]  正在连接 QQ-主 邮箱服务器 (497720537@qq.com) ...
[2026-05-12 13:10:30]  正在连接 QQ-备用 邮箱服务器 (shouqianbadavid@qq.com) ...
[2026-05-12 13:11:05]  正在连接 QQ-主 邮箱服务器 (497720537@qq.com) ...
[2026-05-12 13:11:06]  正在连接 QQ-备用 邮箱服务器 (shouqianbadavid@qq.com) ...
[2026-05-12 13:11:42]  正在连接 QQ-主 邮箱服务器 (497720537@qq.com) ...
[2026-05-12 13:11:43]  正在连接 QQ-备用 邮箱服务器 (shouqianbadavid@qq.com) ...
[2026-05-12 13:12:19]  正在连接 QQ-主 邮箱服务器 (497720537@qq.com) ...
[2026-05-12 13:12:19]  正在连接 QQ-备用 邮箱服务器 (shouqianbadavid@qq.com) ...
[2026-05-12 13:12:55]  正在连接 QQ-主 邮箱服务器 (497720537@qq.com) ...
[2026-05-12 13:12:55]  正在连接 QQ-备用 邮箱服务器 (shouqianbadavid@qq.com) ...
[2026-05-12 13:13:31]  正在连接 QQ-主 邮箱服务器 (497720537@qq.com) ...
[2026-05-12 13:13:32]  正在连接 QQ-备用 邮箱服务器 (shouqianbadavid@qq.com) ...
[2026-05-12 13:14:07]  正在连接 QQ-主 邮箱服务器 (497720537@qq.com) ...
[2026-05-12 13:14:08]  正在连接 QQ-备用 邮箱服务器 (shouqianbadavid@qq.com) ...
[2026-05-12 13:14:44]  正在连接 QQ-主 邮箱服务器 (497720537@qq.com) ...
[2026-05-12 13:14:44]  正在连接 QQ-备用 邮箱服务器 (shouqianbadavid@qq.com) ...
[2026-05-12 13:15:20]  正在连接 QQ-主 邮箱服务器 (497720537@qq.com) ...
[2026-05-12 13:15:20]  正在连接 QQ-备用 邮箱服务器 (shouqianbadavid@qq.com) ...
[2026-05-12 13:15:56]  正在连接 QQ-主 邮箱服务器 (497720537@qq.com) ...
[2026-05-12 13:16:07]  QQ-主 因子处理主循环异常: [Errno 11001] getaddrinfo failed
[2026-05-12 13:16:17]  正在连接 QQ-备用 邮箱服务器 (shouqianbadavid@qq.com) ...
[2026-05-12 13:17:00]  正在连接 QQ-主 邮箱服务器 (497720537@qq.com) ...
[2026-05-12 13:17:01]  正在连接 QQ-备用 邮箱服务器 (shouqianbadavid@qq.com) ...
[2026-05-12 13:17:36]  正在连接 QQ-主 邮箱服务器 (497720537@qq.com) ...
[2026-05-12 13:17:37]  正在连接 QQ-备用 邮箱服务器 (shouqianbadavid@qq.com) ...
[2026-05-12 13:18:12]  正在连接 QQ-主 邮箱服务器 (497720537@qq.com) ...
[2026-05-12 13:18:13]  正在连接 QQ-备用 邮箱服务器 (shouqianbadavid@qq.com) ...
[2026-05-12 13:18:49]  正在连接 QQ-主 邮箱服务器 (497720537@qq.com) ...
[2026-05-12 13:18:49]  正在连接 QQ-备用 邮箱服务器 (shouqianbadavid@qq.com) ...
[2026-05-12 13:19:25]  正在连接 QQ-主 邮箱服务器 (497720537@qq.com) ...
[2026-05-12 13:19:25]  QQ-主 正在解析因子: =?utf-8?b?QWxwaGFQaWxvdCDlrp7ml7bkv6Hlj7cgKGFscGhhX3NpZ25hbF90aHJfMjAyNjA1MTJfMTMxOS5qc29uKSBb5Li7UVEt5a+55aSWXQ==?=
[2026-05-12 13:19:25]  发现表格，共 14 行数据
[2026-05-12 13:19:25]  动态索引映射: ['股票代码', '股票名称', '信号', '当前价格', '量比', '来源过滤']
[2026-05-12 13:19:25]  [行1] 解析成功: SZSE.002460 [赣锋锂业] BUY @ 83.04 (VR:1.85)
[2026-05-12 13:19:25]  [行2] 解析成功: SZSE.000537 [绿发电力] SELL @ 11.16 (VR:0.04)
[2026-05-12 13:19:25]  [行3] 解析成功: SZSE.000338 [潍柴动力] BUY @ 32.7 (VR:0.44)
[2026-05-12 13:19:25]  [行4] 解析成功: SZSE.002429 [兆驰股份] BUY @ 13.28 (VR:0.26)
[2026-05-12 13:19:25]  [行5] 解析成功: SZSE.002240 [盛新锂能] BUY @ 56.28 (VR:0.2)
[2026-05-12 13:19:25]  [行6] 解析成功: SZSE.001309 [德利明] BUY @ 613.84 (VR:0.95)
[2026-05-12 13:19:25]  [行7] 解析成功: SZSE.300432 [富临精工] BUY @ 27.4 (VR:1.22)
[2026-05-12 13:19:25]  [行8] 解析成功: SZSE.002460 [赣锋锂业] BUY @ 83.18 (VR:0.89)
[2026-05-12 13:19:25]  [行9] 解析成功: SZSE.000537 [绿发电力] SELL @ 11.13 (VR:0.21)
[2026-05-12 13:19:25]  [行10] 解析成功: SZSE.000338 [潍柴动力] BUY @ 32.73 (VR:0.57)
[2026-05-12 13:19:25]  [行11] 解析成功: SZSE.002429 [兆驰股份] BUY @ 13.33 (VR:0.18)
[2026-05-12 13:19:25]  [行12] 解析成功: SZSE.002240 [盛新锂能] BUY @ 56.39 (VR:0.37)
[2026-05-12 13:19:25]  [行13] 解析成功: SZSE.001309 [德利明] BUY @ 620.85 (VR:0.5)
[2026-05-12 13:19:25]  [行14] 解析成功: SZSE.300432 [富临精工] BUY @ 27.44 (VR:0.15)
[2026-05-12 13:19:25] 成功保存 14 条因子至: signal_batch_20260512_131925_937097.txt
[2026-05-12 13:19:26]  QQ-主 邮件 3510 处理完成
[2026-05-12 13:19:26]  QQ-主 本轮共成功处理 1 封有效信号邮件
[2026-05-12 13:19:26]  正在连接 QQ-备用 邮箱服务器 (shouqianbadavid@qq.com) ...
[2026-05-12 13:20:01]  正在连接 QQ-主 邮箱服务器 (497720537@qq.com) ...
[2026-05-12 13:20:09]  正在连接 QQ-备用 邮箱服务器 (shouqianbadavid@qq.com) ...
[2026-05-12 13:20:09]  QQ-备用 正在解析因子: =?utf-8?b?QWxwaGFQaWxvdCDlpIfku73kv6Hlj7cgKGFscGhhX3NpZ25hbF90aHJfMjAyNjA1MTJfMTMxOS5qc29uKSBb5aSHUVEt6Ieq5L+dXQ==?=
[2026-05-12 13:20:09]  发现表格，共 14 行数据
[2026-05-12 13:20:09]  动态索引映射: ['股票代码', '股票名称', '信号', '当前价格', '量比', '来源过滤']
[2026-05-12 13:20:09]  [行1] 解析成功: SZSE.002460 [赣锋锂业] BUY @ 83.04 (VR:1.85)
[2026-05-12 13:20:09]  [行2] 解析成功: SZSE.000537 [绿发电力] SELL @ 11.16 (VR:0.04)
[2026-05-12 13:20:09]  [行3] 解析成功: SZSE.000338 [潍柴动力] BUY @ 32.7 (VR:0.44)
[2026-05-12 13:20:09]  [行4] 解析成功: SZSE.002429 [兆驰股份] BUY @ 13.28 (VR:0.26)
[2026-05-12 13:20:09]  [行5] 解析成功: SZSE.002240 [盛新锂能] BUY @ 56.28 (VR:0.2)
[2026-05-12 13:20:09]  [行6] 解析成功: SZSE.001309 [德利明] BUY @ 613.84 (VR:0.95)
[2026-05-12 13:20:09]  [行7] 解析成功: SZSE.300432 [富临精工] BUY @ 27.4 (VR:1.22)
[2026-05-12 13:20:09]  [行8] 解析成功: SZSE.002460 [赣锋锂业] BUY @ 83.18 (VR:0.89)
[2026-05-12 13:20:09]  [行9] 解析成功: SZSE.000537 [绿发电力] SELL @ 11.13 (VR:0.21)
[2026-05-12 13:20:09]  [行10] 解析成功: SZSE.000338 [潍柴动力] BUY @ 32.73 (VR:0.57)
[2026-05-12 13:20:09]  [行11] 解析成功: SZSE.002429 [兆驰股份] BUY @ 13.33 (VR:0.18)
[2026-05-12 13:20:09]  [行12] 解析成功: SZSE.002240 [盛新锂能] BUY @ 56.39 (VR:0.37)
[2026-05-12 13:20:09]  [行13] 解析成功: SZSE.001309 [德利明] BUY @ 620.85 (VR:0.5)
[2026-05-12 13:20:09]  [行14] 解析成功: SZSE.300432 [富临精工] BUY @ 27.44 (VR:0.15)
[2026-05-12 13:20:10] 成功保存 14 条因子至: signal_batch_20260512_132010_007169.txt
[2026-05-12 13:20:10]  QQ-备用 邮件 822 处理完成
[2026-05-12 13:20:10]  QQ-备用 本轮共成功处理 1 封有效信号邮件
[2026-05-12 13:20:45]  正在连接 QQ-主 邮箱服务器 (497720537@qq.com) ...
[2026-05-12 13:20:45]  正在连接 QQ-备用 邮箱服务器 (shouqianbadavid@qq.com) ...
[2026-05-12 13:21:21]  正在连接 QQ-主 邮箱服务器 (497720537@qq.com) ...
[2026-05-12 13:21:22]  正在连接 QQ-备用 邮箱服务器 (shouqianbadavid@qq.com) ...
[2026-05-12 13:21:58]  正在连接 QQ-主 邮箱服务器 (497720537@qq.com) ...
[2026-05-12 13:21:58]  正在连接 QQ-备用 邮箱服务器 (shouqianbadavid@qq.com) ...
[2026-05-12 13:22:34]  正在连接 QQ-主 邮箱服务器 (497720537@qq.com) ...
[2026-05-12 13:22:34]  正在连接 QQ-备用 邮箱服务器 (shouqianbadavid@qq.com) ...
[2026-05-12 13:23:10]  正在连接 QQ-主 邮箱服务器 (497720537@qq.com) ...
[2026-05-12 13:23:11]  正在连接 QQ-备用 邮箱服务器 (shouqianbadavid@qq.com) ...
[2026-05-12 13:23:47]  正在连接 QQ-主 邮箱服务器 (497720537@qq.com) ...
[2026-05-12 13:23:47]  正在连接 QQ-备用 邮箱服务器 (shouqianbadavid@qq.com) ...
[2026-05-12 13:24:23]  正在连接 QQ-主 邮箱服务器 (497720537@qq.com) ...
[2026-05-12 13:24:23]  正在连接 QQ-备用 邮箱服务器 (shouqianbadavid@qq.com) ...
[2026-05-12 13:24:59]  正在连接 QQ-主 邮箱服务器 (497720537@qq.com) ...
[2026-05-12 13:24:59]  正在连接 QQ-备用 邮箱服务器 (shouqianbadavid@qq.com) ...
[2026-05-12 13:25:35]  正在连接 QQ-主 邮箱服务器 (497720537@qq.com) ...
[2026-05-12 13:25:36]  正在连接 QQ-备用 邮箱服务器 (shouqianbadavid@qq.com) ...
[2026-05-12 13:26:11]  正在连接 QQ-主 邮箱服务器 (497720537@qq.com) ...
[2026-05-12 13:26:12]  正在连接 QQ-备用 邮箱服务器 (shouqianbadavid@qq.com) ...
[2026-05-12 13:26:47]  正在连接 QQ-主 邮箱服务器 (497720537@qq.com) ...
[2026-05-12 13:26:48]  正在连接 QQ-备用 邮箱服务器 (shouqianbadavid@qq.com) ...
[2026-05-12 13:27:23]  正在连接 QQ-主 邮箱服务器 (497720537@qq.com) ...
[2026-05-12 13:27:24]  QQ-主 正在解析因子: =?utf-8?b?QWxwaGFQaWxvdCDlrp7ml7bkv6Hlj7cgKGFscGhhX3NpZ25hbF90aHJfMjAyNjA1MTJfMTMyNy5qc29uKSBb5Li7UVEt5a+55aSWXQ==?=
[2026-05-12 13:27:24]  发现表格，共 18 行数据
[2026-05-12 13:27:24]  动态索引映射: ['股票代码', '股票名称', '信号', '当前价格', '量比', '来源过滤']
[2026-05-12 13:27:24]  [行1] 解析成功: SHSE.600989 [宝丰能源] BUY @ 28.12 (VR:0.44)
[2026-05-12 13:27:24]  [行2] 解析成功: SZSE.003035 [南网能源] SELL @ 7.94 (VR:1.93)
[2026-05-12 13:27:24]  [行3] 解析成功: SZSE.300207 [欣旺达] SELL @ 26.31 (VR:0.21)
[2026-05-12 13:27:24]  [行4] 解析成功: SZSE.300274 [阳光电源] SELL @ 142.11 (VR:0.96)
[2026-05-12 13:27:24]  [行5] 解析成功: SZSE.002506 [协鑫集成] SELL @ 4.31 (VR:0.11)
[2026-05-12 13:27:24]  [行6] 解析成功: SZSE.301278 [快克股份] SELL @ 40.61 (VR:0.38)
[2026-05-12 13:27:24]  [行7] 解析成功: SZSE.301071 [力量钻石] BUY @ 53.85 (VR:0.4)
[2026-05-12 13:27:24]  [行8] 解析成功: SZSE.300868 [杰美特] SELL @ 96.1 (VR:0.55)
[2026-05-12 13:27:24]  [行9] 解析成功: SZSE.300953 [震裕科技] BUY @ 237.33 (VR:0.96)
[2026-05-12 13:27:24]  [行10] 解析成功: SHSE.600989 [宝丰能源] BUY @ 28.15 (VR:0.11)
[2026-05-12 13:27:24]  [行11] 解析成功: SZSE.003035 [南网能源] SELL @ 7.91 (VR:0.83)
[2026-05-12 13:27:24]  [行12] 解析成功: SZSE.300207 [欣旺达] SELL @ 26.3 (VR:0.0)
[2026-05-12 13:27:24]  [行13] 解析成功: SZSE.300274 [阳光电源] SELL @ 141.87 (VR:0.05)
[2026-05-12 13:27:24]  [行14] 解析成功: SZSE.002506 [协鑫集成] SELL @ 4.3 (VR:0.06)
[2026-05-12 13:27:24]  [行15] 解析成功: SZSE.301278 [快克股份] SELL @ 40.57 (VR:2.16)
[2026-05-12 13:27:24]  [行16] 解析成功: SZSE.301071 [力量钻石] BUY @ 54.2 (VR:0.64)
[2026-05-12 13:27:24]  [行17] 解析成功: SZSE.300868 [杰美特] SELL @ 95.88 (VR:0.92)
[2026-05-12 13:27:24]  [行18] 解析成功: SZSE.300953 [震裕科技] BUY @ 237.97 (VR:0.16)
[2026-05-12 13:27:24] 成功保存 18 条因子至: signal_batch_20260512_132724_405173.txt
[2026-05-12 13:27:24]  QQ-主 邮件 3511 处理完成
[2026-05-12 13:27:24]  QQ-主 本轮共成功处理 1 封有效信号邮件
[2026-05-12 13:27:24]  正在连接 QQ-备用 邮箱服务器 (shouqianbadavid@qq.com) ...
[2026-05-12 13:27:25]  QQ-备用 正在解析因子: =?utf-8?b?QWxwaGFQaWxvdCDlpIfku73kv6Hlj7cgKGFscGhhX3NpZ25hbF90aHJfMjAyNjA1MTJfMTMyNy5qc29uKSBb5aSHUVEt6Ieq5L+dXQ==?=
[2026-05-12 13:27:25]  发现表格，共 18 行数据
[2026-05-12 13:27:25]  动态索引映射: ['股票代码', '股票名称', '信号', '当前价格', '量比', '来源过滤']
[2026-05-12 13:27:25]  [行1] 解析成功: SHSE.600989 [宝丰能源] BUY @ 28.12 (VR:0.44)
[2026-05-12 13:27:25]  [行2] 解析成功: SZSE.003035 [南网能源] SELL @ 7.94 (VR:1.93)
[2026-05-12 13:27:25]  [行3] 解析成功: SZSE.300207 [欣旺达] SELL @ 26.31 (VR:0.21)
[2026-05-12 13:27:25]  [行4] 解析成功: SZSE.300274 [阳光电源] SELL @ 142.11 (VR:0.96)
[2026-05-12 13:27:25]  [行5] 解析成功: SZSE.002506 [协鑫集成] SELL @ 4.31 (VR:0.11)
[2026-05-12 13:27:25]  [行6] 解析成功: SZSE.301278 [快克股份] SELL @ 40.61 (VR:0.38)
[2026-05-12 13:27:25]  [行7] 解析成功: SZSE.301071 [力量钻石] BUY @ 53.85 (VR:0.4)
[2026-05-12 13:27:25]  [行8] 解析成功: SZSE.300868 [杰美特] SELL @ 96.1 (VR:0.55)
[2026-05-12 13:27:25]  [行9] 解析成功: SZSE.300953 [震裕科技] BUY @ 237.33 (VR:0.96)
[2026-05-12 13:27:25]  [行10] 解析成功: SHSE.600989 [宝丰能源] BUY @ 28.15 (VR:0.11)
[2026-05-12 13:27:25]  [行11] 解析成功: SZSE.003035 [南网能源] SELL @ 7.91 (VR:0.83)
[2026-05-12 13:27:25]  [行12] 解析成功: SZSE.300207 [欣旺达] SELL @ 26.3 (VR:0.0)
[2026-05-12 13:27:25]  [行13] 解析成功: SZSE.300274 [阳光电源] SELL @ 141.87 (VR:0.05)
[2026-05-12 13:27:25]  [行14] 解析成功: SZSE.002506 [协鑫集成] SELL @ 4.3 (VR:0.06)
[2026-05-12 13:27:25]  [行15] 解析成功: SZSE.301278 [快克股份] SELL @ 40.57 (VR:2.16)
[2026-05-12 13:27:25]  [行16] 解析成功: SZSE.301071 [力量钻石] BUY @ 54.2 (VR:0.64)
[2026-05-12 13:27:25]  [行17] 解析成功: SZSE.300868 [杰美特] SELL @ 95.88 (VR:0.92)
[2026-05-12 13:27:25]  [行18] 解析成功: SZSE.300953 [震裕科技] BUY @ 237.97 (VR:0.16)
[2026-05-12 13:27:25] 成功保存 18 条因子至: signal_batch_20260512_132725_907091.txt
[2026-05-12 13:27:26]  QQ-备用 邮件 823 处理完成
[2026-05-12 13:27:26]  QQ-备用 本轮共成功处理 1 封有效信号邮件
[2026-05-12 13:28:01]  正在连接 QQ-主 邮箱服务器 (497720537@qq.com) ...
[2026-05-12 13:28:02]  正在连接 QQ-备用 邮箱服务器 (shouqianbadavid@qq.com) ...
[2026-05-12 13:28:37]  正在连接 QQ-主 邮箱服务器 (497720537@qq.com) ...
[2026-05-12 13:28:38]  正在连接 QQ-备用 邮箱服务器 (shouqianbadavid@qq.com) ...
[2026-05-12 13:29:14]  正在连接 QQ-主 邮箱服务器 (497720537@qq.com) ...
[2026-05-12 13:29:15]  正在连接 QQ-备用 邮箱服务器 (shouqianbadavid@qq.com) ...
[2026-05-12 13:29:50]  正在连接 QQ-主 邮箱服务器 (497720537@qq.com) ...
[2026-05-12 13:29:51]  正在连接 QQ-备用 邮箱服务器 (shouqianbadavid@qq.com) ...
[2026-05-12 13:30:26]  正在连接 QQ-主 邮箱服务器 (497720537@qq.com) ...
[2026-05-12 13:30:27]  正在连接 QQ-备用 邮箱服务器 (shouqianbadavid@qq.com) ...
[2026-05-12 13:31:03]  正在连接 QQ-主 邮箱服务器 (497720537@qq.com) ...
[2026-05-12 13:31:14]  QQ-主 因子处理主循环异常: [Errno 11001] getaddrinfo failed
[2026-05-12 13:31:24]  正在连接 QQ-备用 邮箱服务器 (shouqianbadavid@qq.com) ...
[2026-05-12 13:31:25]  QQ-备用 因子处理主循环异常: [Errno 11001] getaddrinfo failed
[2026-05-12 13:32:10]  正在连接 QQ-主 邮箱服务器 (497720537@qq.com) ...
[2026-05-12 13:32:10]  正在连接 QQ-备用 邮箱服务器 (shouqianbadavid@qq.com) ...
[2026-05-12 13:32:46]  正在连接 QQ-主 邮箱服务器 (497720537@qq.com) ...
[2026-05-12 13:32:47]  正在连接 QQ-备用 邮箱服务器 (shouqianbadavid@qq.com) ...
[2026-05-12 13:33:23]  正在连接 QQ-主 邮箱服务器 (497720537@qq.com) ...
[2026-05-12 13:33:23]  QQ-主 正在解析因子: =?utf-8?b?QWxwaGFQaWxvdCDlrp7ml7bkv6Hlj7cgKGFscGhhX3NpZ25hbF90aHJfMjAyNjA1MTJfMTMzMy5qc29uKSBb5Li7UVEt5a+55aSWXQ==?=
[2026-05-12 13:33:23]  发现表格，共 26 行数据
[2026-05-12 13:33:23]  动态索引映射: ['股票代码', '股票名称', '信号', '当前价格', '量比', '来源过滤']
[2026-05-12 13:33:23]  [行1] 解析成功: SZSE.300722 [新余国科] BUY @ 28.28 (VR:0.22)
[2026-05-12 13:33:23]  [行2] 解析成功: SZSE.300641 [正丹股份] SELL @ 17.09 (VR:0.0)
[2026-05-12 13:33:23]  [行3] 解析成功: SZSE.300739 [明阳电路] SELL @ 29.92 (VR:0.15)
[2026-05-12 13:33:23]  [行4] 解析成功: SZSE.301389 [隆扬电子] BUY @ 75.0 (VR:0.21)
[2026-05-12 13:33:23]  [行5] 解析成功: SZSE.301449 [天溯计量] SELL @ 71.41 (VR:0.42)
[2026-05-12 13:33:23]  [行6] 解析成功: SHSE.688700 [东威科技] SELL @ 65.95 (VR:0.02)
[2026-05-12 13:33:23]  [行7] 解析成功: SHSE.688689 [银河微电] SELL @ 39.77 (VR:0.12)
[2026-05-12 13:33:23]  [行8] 解析成功: SHSE.603538 [美诺华] SELL @ 52.86 (VR:0.19)
[2026-05-12 13:33:23]  [行9] 解析成功: SZSE.300243 [瑞丰光电] BUY @ 18.72 (VR:1.65)
[2026-05-12 13:33:23]  [行10] 解析成功: SZSE.002980 [华盛昌] SELL @ 84.93 (VR:0.2)
[2026-05-12 13:33:23]  [行11] 解析成功: SZSE.301220 [亚香股份] BUY @ 41.85 (VR:0.11)
[2026-05-12 13:33:23]  [行12] 解析成功: SZSE.300185 [通裕重工] SELL @ 3.29 (VR:0.25)
[2026-05-12 13:33:23]  [行13] 解析成功: SZSE.300672 [国科微] BUY @ 235.53 (VR:0.58)
[2026-05-12 13:33:23]  [行14] 解析成功: SZSE.300722 [新余国科] BUY @ 28.29 (VR:0.05)
[2026-05-12 13:33:23]  [行15] 解析成功: SZSE.300641 [正丹股份] SELL @ 17.05 (VR:0.75)
[2026-05-12 13:33:23]  [行16] 解析成功: SZSE.300739 [明阳电路] SELL @ 29.89 (VR:0.1)
[2026-05-12 13:33:23]  [行17] 解析成功: SZSE.301389 [隆扬电子] BUY @ 75.26 (VR:0.04)
[2026-05-12 13:33:23]  [行18] 解析成功: SZSE.301449 [天溯计量] SELL @ 71.31 (VR:0.06)
[2026-05-12 13:33:23]  [行19] 解析成功: SHSE.688700 [东威科技] SELL @ 65.77 (VR:0.48)
[2026-05-12 13:33:23]  [行20] 解析成功: SHSE.688689 [银河微电] SELL @ 39.75 (VR:0.16)
[2026-05-12 13:33:23]  [行21] 解析成功: SHSE.603538 [美诺华] SELL @ 52.72 (VR:0.45)
[2026-05-12 13:33:23]  [行22] 解析成功: SZSE.300243 [瑞丰光电] BUY @ 18.86 (VR:0.83)
[2026-05-12 13:33:23]  [行23] 解析成功: SZSE.002980 [华盛昌] SELL @ 84.46 (VR:0.14)
[2026-05-12 13:33:23]  [行24] 解析成功: SZSE.301220 [亚香股份] BUY @ 41.9 (VR:0.22)
[2026-05-12 13:33:23]  [行25] 解析成功: SZSE.300185 [通裕重工] SELL @ 3.28 (VR:0.32)
[2026-05-12 13:33:23]  [行26] 解析成功: SZSE.300672 [国科微] BUY @ 236.5 (VR:0.78)
[2026-05-12 13:33:23] 成功保存 26 条因子至: signal_batch_20260512_133323_673313.txt
[2026-05-12 13:33:23]  QQ-主 邮件 3512 处理完成
[2026-05-12 13:33:23]  QQ-主 本轮共成功处理 1 封有效信号邮件
[2026-05-12 13:33:23]  正在连接 QQ-备用 邮箱服务器 (shouqianbadavid@qq.com) ...
[2026-05-12 13:33:24]  QQ-备用 正在解析因子: =?utf-8?b?QWxwaGFQaWxvdCDlpIfku73kv6Hlj7cgKGFscGhhX3NpZ25hbF90aHJfMjAyNjA1MTJfMTMzMy5qc29uKSBb5aSHUVEt6Ieq5L+dXQ==?=
[2026-05-12 13:33:24]  发现表格，共 26 行数据
[2026-05-12 13:33:24]  动态索引映射: ['股票代码', '股票名称', '信号', '当前价格', '量比', '来源过滤']
[2026-05-12 13:33:24]  [行1] 解析成功: SZSE.300722 [新余国科] BUY @ 28.28 (VR:0.22)
[2026-05-12 13:33:24]  [行2] 解析成功: SZSE.300641 [正丹股份] SELL @ 17.09 (VR:0.0)
[2026-05-12 13:33:24]  [行3] 解析成功: SZSE.300739 [明阳电路] SELL @ 29.92 (VR:0.15)
[2026-05-12 13:33:24]  [行4] 解析成功: SZSE.301389 [隆扬电子] BUY @ 75.0 (VR:0.21)
[2026-05-12 13:33:24]  [行5] 解析成功: SZSE.301449 [天溯计量] SELL @ 71.41 (VR:0.42)
[2026-05-12 13:33:24]  [行6] 解析成功: SHSE.688700 [东威科技] SELL @ 65.95 (VR:0.02)
[2026-05-12 13:33:24]  [行7] 解析成功: SHSE.688689 [银河微电] SELL @ 39.77 (VR:0.12)
[2026-05-12 13:33:24]  [行8] 解析成功: SHSE.603538 [美诺华] SELL @ 52.86 (VR:0.19)
[2026-05-12 13:33:24]  [行9] 解析成功: SZSE.300243 [瑞丰光电] BUY @ 18.72 (VR:1.65)
[2026-05-12 13:33:24]  [行10] 解析成功: SZSE.002980 [华盛昌] SELL @ 84.93 (VR:0.2)
[2026-05-12 13:33:24]  [行11] 解析成功: SZSE.301220 [亚香股份] BUY @ 41.85 (VR:0.11)
[2026-05-12 13:33:24]  [行12] 解析成功: SZSE.300185 [通裕重工] SELL @ 3.29 (VR:0.25)
[2026-05-12 13:33:24]  [行13] 解析成功: SZSE.300672 [国科微] BUY @ 235.53 (VR:0.58)
[2026-05-12 13:33:24]  [行14] 解析成功: SZSE.300722 [新余国科] BUY @ 28.29 (VR:0.05)
[2026-05-12 13:33:24]  [行15] 解析成功: SZSE.300641 [正丹股份] SELL @ 17.05 (VR:0.75)
[2026-05-12 13:33:24]  [行16] 解析成功: SZSE.300739 [明阳电路] SELL @ 29.89 (VR:0.1)
[2026-05-12 13:33:24]  [行17] 解析成功: SZSE.301389 [隆扬电子] BUY @ 75.26 (VR:0.04)
[2026-05-12 13:33:24]  [行18] 解析成功: SZSE.301449 [天溯计量] SELL @ 71.31 (VR:0.06)
[2026-05-12 13:33:24]  [行19] 解析成功: SHSE.688700 [东威科技] SELL @ 65.77 (VR:0.48)
[2026-05-12 13:33:24]  [行20] 解析成功: SHSE.688689 [银河微电] SELL @ 39.75 (VR:0.16)
[2026-05-12 13:33:24]  [行21] 解析成功: SHSE.603538 [美诺华] SELL @ 52.72 (VR:0.45)
[2026-05-12 13:33:24]  [行22] 解析成功: SZSE.300243 [瑞丰光电] BUY @ 18.86 (VR:0.83)
[2026-05-12 13:33:24]  [行23] 解析成功: SZSE.002980 [华盛昌] SELL @ 84.46 (VR:0.14)
[2026-05-12 13:33:24]  [行24] 解析成功: SZSE.301220 [亚香股份] BUY @ 41.9 (VR:0.22)
[2026-05-12 13:33:24]  [行25] 解析成功: SZSE.300185 [通裕重工] SELL @ 3.28 (VR:0.32)
[2026-05-12 13:33:24]  [行26] 解析成功: SZSE.300672 [国科微] BUY @ 236.5 (VR:0.78)
[2026-05-12 13:33:24] 成功保存 26 条因子至: signal_batch_20260512_133324_692488.txt
[2026-05-12 13:33:24]  QQ-备用 邮件 824 处理完成
[2026-05-12 13:33:24]  QQ-备用 本轮共成功处理 1 封有效信号邮件
[2026-05-12 13:34:00]  正在连接 QQ-主 邮箱服务器 (497720537@qq.com) ...
[2026-05-12 13:34:00]  正在连接 QQ-备用 邮箱服务器 (shouqianbadavid@qq.com) ...
[2026-05-12 13:34:36]  正在连接 QQ-主 邮箱服务器 (497720537@qq.com) ...
[2026-05-12 13:34:37]  正在连接 QQ-备用 邮箱服务器 (shouqianbadavid@qq.com) ...
[2026-05-12 13:35:13]  正在连接 QQ-主 邮箱服务器 (497720537@qq.com) ...
[2026-05-12 13:35:14]  正在连接 QQ-备用 邮箱服务器 (shouqianbadavid@qq.com) ...
[2026-05-12 13:35:49]  正在连接 QQ-主 邮箱服务器 (497720537@qq.com) ...
[2026-05-12 13:35:50]  正在连接 QQ-备用 邮箱服务器 (shouqianbadavid@qq.com) ...
[2026-05-12 13:36:26]  正在连接 QQ-主 邮箱服务器 (497720537@qq.com) ...
[2026-05-12 13:36:26]  正在连接 QQ-备用 邮箱服务器 (shouqianbadavid@qq.com) ...
[2026-05-12 13:37:02]  正在连接 QQ-主 邮箱服务器 (497720537@qq.com) ...
[2026-05-12 13:37:03]  正在连接 QQ-备用 邮箱服务器 (shouqianbadavid@qq.com) ...
[2026-05-12 13:37:38]  正在连接 QQ-主 邮箱服务器 (497720537@qq.com) ...
[2026-05-12 13:37:39]  正在连接 QQ-备用 邮箱服务器 (shouqianbadavid@qq.com) ...
[2026-05-12 13:38:15]  正在连接 QQ-主 邮箱服务器 (497720537@qq.com) ...
[2026-05-12 13:38:16]  正在连接 QQ-备用 邮箱服务器 (shouqianbadavid@qq.com) ...
[2026-05-12 13:38:51]  正在连接 QQ-主 邮箱服务器 (497720537@qq.com) ...
[2026-05-12 13:38:52]  正在连接 QQ-备用 邮箱服务器 (shouqianbadavid@qq.com) ...
[2026-05-12 13:39:40]  正在连接 QQ-主 邮箱服务器 (497720537@qq.com) ...
[2026-05-12 13:39:40]  正在连接 QQ-备用 邮箱服务器 (shouqianbadavid@qq.com) ...
[2026-05-12 13:40:16]  正在连接 QQ-主 邮箱服务器 (497720537@qq.com) ...
[2026-05-12 13:40:17]  正在连接 QQ-备用 邮箱服务器 (shouqianbadavid@qq.com) ...
[2026-05-12 13:40:52]  正在连接 QQ-主 邮箱服务器 (497720537@qq.com) ...
[2026-05-12 13:40:53]  正在连接 QQ-备用 邮箱服务器 (shouqianbadavid@qq.com) ...
[2026-05-12 13:41:29]  正在连接 QQ-主 邮箱服务器 (497720537@qq.com) ...
[2026-05-12 13:41:30]  正在连接 QQ-备用 邮箱服务器 (shouqianbadavid@qq.com) ...
[2026-05-12 13:42:05]  正在连接 QQ-主 邮箱服务器 (497720537@qq.com) ...
[2026-05-12 13:42:06]  正在连接 QQ-备用 邮箱服务器 (shouqianbadavid@qq.com) ...
[2026-05-12 13:42:41]  正在连接 QQ-主 邮箱服务器 (497720537@qq.com) ...
[2026-05-12 13:42:42]  正在连接 QQ-备用 邮箱服务器 (shouqianbadavid@qq.com) ...
[2026-05-12 13:43:18]  正在连接 QQ-主 邮箱服务器 (497720537@qq.com) ...
[2026-05-12 13:43:18]  正在连接 QQ-备用 邮箱服务器 (shouqianbadavid@qq.com) ...
[2026-05-12 13:43:54]  正在连接 QQ-主 邮箱服务器 (497720537@qq.com) ...
[2026-05-12 13:43:54]  正在连接 QQ-备用 邮箱服务器 (shouqianbadavid@qq.com) ...
[2026-05-12 13:44:30]  正在连接 QQ-主 邮箱服务器 (497720537@qq.com) ...
[2026-05-12 13:44:30]  正在连接 QQ-备用 邮箱服务器 (shouqianbadavid@qq.com) ...
[2026-05-12 13:45:06]  正在连接 QQ-主 邮箱服务器 (497720537@qq.com) ...
[2026-05-12 13:45:07]  正在连接 QQ-备用 邮箱服务器 (shouqianbadavid@qq.com) ...
[2026-05-12 13:45:43]  正在连接 QQ-主 邮箱服务器 (497720537@qq.com) ...
[2026-05-12 13:45:43]  QQ-主 正在解析因子: =?utf-8?b?QWxwaGFQaWxvdCDlrp7ml7bkv6Hlj7cgKGFscGhhX3NpZ25hbF90aHJfMjAyNjA1MTJfMTM0NS5qc29uKSBb5Li7UVEt5a+55aSWXQ==?=
[2026-05-12 13:45:43]  发现表格，共 24 行数据
[2026-05-12 13:45:43]  动态索引映射: ['股票代码', '股票名称', '信号', '当前价格', '量比', '来源过滤']
[2026-05-12 13:45:43]  [行1] 解析成功: SZSE.300195 [长荣股份] SELL @ 6.8 (VR:0.01)
[2026-05-12 13:45:43]  [行2] 解析成功: SZSE.300763 [锦浪科技] SELL @ 101.12 (VR:0.77)
[2026-05-12 13:45:43]  [行3] 解析成功: SZSE.002015 [协鑫能科] BUY @ 21.27 (VR:0.02)
[2026-05-12 13:45:43]  [行4] 解析成功: SZSE.301226 [祥明智能] BUY @ 41.36 (VR:0.06)
[2026-05-12 13:45:43]  [行5] 解析成功: SZSE.301667 [纳百川] SELL @ 112.94 (VR:0.3)
[2026-05-12 13:45:43]  [行6] 解析成功: SZSE.300345 [华民股份] SELL @ 7.1 (VR:0.51)
[2026-05-12 13:45:43]  [行7] 解析成功: SHSE.688295 [奥林德] SELL @ 59.5 (VR:0.04)
[2026-05-12 13:45:43]  [行8] 解析成功: SHSE.600722 [金牛化工] SELL @ 12.68 (VR:1.89)
[2026-05-12 13:45:43]  [行9] 解析成功: SHSE.601016 [节能风电] SELL @ 5.14 (VR:0.59)
[2026-05-12 13:45:43]  [行10] 解析成功: SHSE.688295 [中复神鹰] SELL @ 59.51 (VR:0.23)
[2026-05-12 13:45:43]  [行11] 解析成功: SZSE.300782 [卓胜微] BUY @ 110.56 (VR:0.04)
[2026-05-12 13:45:43]  [行12] 解析成功: SZSE.300866 [安克创新] SELL @ 128.43 (VR:0.3)
[2026-05-12 13:45:43]  [行13] 解析成功: SZSE.300813 [泰林生物] SELL @ 24.74 (VR:0.67)
[2026-05-12 13:45:43]  [行14] 解析成功: SZSE.300763 [锦浪科技] SELL @ 101.02 (VR:0.49)
[2026-05-12 13:45:43]  [行15] 解析成功: SZSE.300285 [国瓷材料] SELL @ 40.45 (VR:0.18)
[2026-05-12 13:45:43]  [行16] 解析成功: SZSE.002015 [协鑫能科] BUY @ 21.28 (VR:0.28)
[2026-05-12 13:45:43]  [行17] 解析成功: SZSE.000912 [泸天化] SELL @ 4.33 (VR:0.1)
[2026-05-12 13:45:43]  [行18] 解析成功: SZSE.301226 [祥明智能] BUY @ 41.37 (VR:1.09)
[2026-05-12 13:45:43]  [行19] 解析成功: SZSE.301667 [纳百川] SELL @ 112.39 (VR:0.34)
[2026-05-12 13:45:43]  [行20] 解析成功: SZSE.300345 [华民股份] SELL @ 7.09 (VR:0.1)
[2026-05-12 13:45:43]  [行21] 解析成功: SHSE.688295 [奥林德] SELL @ 59.62 (VR:0.15)
[2026-05-12 13:45:43]  [行22] 解析成功: SHSE.688295 [中复神鹰] SELL @ 59.56 (VR:0.18)
[2026-05-12 13:45:43]  [行23] 解析成功: SZSE.300866 [安克创新] SELL @ 128.3 (VR:0.23)
[2026-05-12 13:45:43]  [行24] 解析成功: SZSE.300813 [泰林生物] SELL @ 24.71 (VR:0.65)
[2026-05-12 13:45:43] 成功保存 24 条因子至: signal_batch_20260512_134543_732598.txt
[2026-05-12 13:45:43]  QQ-主 邮件 3513 处理完成
[2026-05-12 13:45:43]  QQ-主 本轮共成功处理 1 封有效信号邮件
[2026-05-12 13:45:44]  正在连接 QQ-备用 邮箱服务器 (shouqianbadavid@qq.com) ...
[2026-05-12 13:46:19]  正在连接 QQ-主 邮箱服务器 (497720537@qq.com) ...
[2026-05-12 13:46:20]  正在连接 QQ-备用 邮箱服务器 (shouqianbadavid@qq.com) ...
[2026-05-12 13:46:21]  QQ-备用 正在解析因子: =?utf-8?b?QWxwaGFQaWxvdCDlpIfku73kv6Hlj7cgKGFscGhhX3NpZ25hbF90aHJfMjAyNjA1MTJfMTM0NS5qc29uKSBb5aSHUVEt6Ieq5L+dXQ==?=
[2026-05-12 13:46:21]  发现表格，共 24 行数据
[2026-05-12 13:46:21]  动态索引映射: ['股票代码', '股票名称', '信号', '当前价格', '量比', '来源过滤']
[2026-05-12 13:46:21]  [行1] 解析成功: SZSE.300195 [长荣股份] SELL @ 6.8 (VR:0.01)
[2026-05-12 13:46:21]  [行2] 解析成功: SZSE.300763 [锦浪科技] SELL @ 101.12 (VR:0.77)
[2026-05-12 13:46:21]  [行3] 解析成功: SZSE.002015 [协鑫能科] BUY @ 21.27 (VR:0.02)
[2026-05-12 13:46:21]  [行4] 解析成功: SZSE.301226 [祥明智能] BUY @ 41.36 (VR:0.06)
[2026-05-12 13:46:21]  [行5] 解析成功: SZSE.301667 [纳百川] SELL @ 112.94 (VR:0.3)
[2026-05-12 13:46:21]  [行6] 解析成功: SZSE.300345 [华民股份] SELL @ 7.1 (VR:0.51)
[2026-05-12 13:46:21]  [行7] 解析成功: SHSE.688295 [奥林德] SELL @ 59.5 (VR:0.04)
[2026-05-12 13:46:21]  [行8] 解析成功: SHSE.600722 [金牛化工] SELL @ 12.68 (VR:1.89)
[2026-05-12 13:46:21]  [行9] 解析成功: SHSE.601016 [节能风电] SELL @ 5.14 (VR:0.59)
[2026-05-12 13:46:21]  [行10] 解析成功: SHSE.688295 [中复神鹰] SELL @ 59.51 (VR:0.23)
[2026-05-12 13:46:21]  [行11] 解析成功: SZSE.300782 [卓胜微] BUY @ 110.56 (VR:0.04)
[2026-05-12 13:46:21]  [行12] 解析成功: SZSE.300866 [安克创新] SELL @ 128.43 (VR:0.3)
[2026-05-12 13:46:21]  [行13] 解析成功: SZSE.300813 [泰林生物] SELL @ 24.74 (VR:0.67)
[2026-05-12 13:46:21]  [行14] 解析成功: SZSE.300763 [锦浪科技] SELL @ 101.02 (VR:0.49)
[2026-05-12 13:46:21]  [行15] 解析成功: SZSE.300285 [国瓷材料] SELL @ 40.45 (VR:0.18)
[2026-05-12 13:46:21]  [行16] 解析成功: SZSE.002015 [协鑫能科] BUY @ 21.28 (VR:0.28)
[2026-05-12 13:46:21]  [行17] 解析成功: SZSE.000912 [泸天化] SELL @ 4.33 (VR:0.1)
[2026-05-12 13:46:21]  [行18] 解析成功: SZSE.301226 [祥明智能] BUY @ 41.37 (VR:1.09)
[2026-05-12 13:46:21]  [行19] 解析成功: SZSE.301667 [纳百川] SELL @ 112.39 (VR:0.34)
[2026-05-12 13:46:21]  [行20] 解析成功: SZSE.300345 [华民股份] SELL @ 7.09 (VR:0.1)
[2026-05-12 13:46:21]  [行21] 解析成功: SHSE.688295 [奥林德] SELL @ 59.62 (VR:0.15)
[2026-05-12 13:46:21]  [行22] 解析成功: SHSE.688295 [中复神鹰] SELL @ 59.56 (VR:0.18)
[2026-05-12 13:46:21]  [行23] 解析成功: SZSE.300866 [安克创新] SELL @ 128.3 (VR:0.23)
[2026-05-12 13:46:21]  [行24] 解析成功: SZSE.300813 [泰林生物] SELL @ 24.71 (VR:0.65)
[2026-05-12 13:46:21] 成功保存 24 条因子至: signal_batch_20260512_134621_093109.txt
[2026-05-12 13:46:21]  QQ-备用 邮件 825 处理完成
[2026-05-12 13:46:21]  QQ-备用 本轮共成功处理 1 封有效信号邮件
[2026-05-12 13:46:56]  正在连接 QQ-主 邮箱服务器 (497720537@qq.com) ...
[2026-05-12 13:46:57]  正在连接 QQ-备用 邮箱服务器 (shouqianbadavid@qq.com) ...
[2026-05-12 13:47:32]  正在连接 QQ-主 邮箱服务器 (497720537@qq.com) ...
[2026-05-12 13:47:33]  正在连接 QQ-备用 邮箱服务器 (shouqianbadavid@qq.com) ...
[2026-05-12 13:48:09]  正在连接 QQ-主 邮箱服务器 (497720537@qq.com) ...
[2026-05-12 13:48:09]  正在连接 QQ-备用 邮箱服务器 (shouqianbadavid@qq.com) ...
[2026-05-12 13:48:45]  正在连接 QQ-主 邮箱服务器 (497720537@qq.com) ...
[2026-05-12 13:48:46]  正在连接 QQ-备用 邮箱服务器 (shouqianbadavid@qq.com) ...
[2026-05-12 13:49:21]  正在连接 QQ-主 邮箱服务器 (497720537@qq.com) ...
[2026-05-12 13:49:22]  正在连接 QQ-备用 邮箱服务器 (shouqianbadavid@qq.com) ...
[2026-05-12 13:49:57]  正在连接 QQ-主 邮箱服务器 (497720537@qq.com) ...
[2026-05-12 13:49:58]  正在连接 QQ-备用 邮箱服务器 (shouqianbadavid@qq.com) ...
[2026-05-12 13:50:34]  正在连接 QQ-主 邮箱服务器 (497720537@qq.com) ...
[2026-05-12 13:50:35]  正在连接 QQ-备用 邮箱服务器 (shouqianbadavid@qq.com) ...
[2026-05-12 13:51:10]  正在连接 QQ-主 邮箱服务器 (497720537@qq.com) ...
[2026-05-12 13:51:11]  正在连接 QQ-备用 邮箱服务器 (shouqianbadavid@qq.com) ...
[2026-05-12 13:51:46]  正在连接 QQ-主 邮箱服务器 (497720537@qq.com) ...
[2026-05-12 13:51:47]  正在连接 QQ-备用 邮箱服务器 (shouqianbadavid@qq.com) ...
[2026-05-12 13:52:22]  正在连接 QQ-主 邮箱服务器 (497720537@qq.com) ...
[2026-05-12 13:52:23]  正在连接 QQ-备用 邮箱服务器 (shouqianbadavid@qq.com) ...
[2026-05-12 13:52:59]  正在连接 QQ-主 邮箱服务器 (497720537@qq.com) ...
[2026-05-12 13:53:00]  正在连接 QQ-备用 邮箱服务器 (shouqianbadavid@qq.com) ...
[2026-05-12 13:53:35]  正在连接 QQ-主 邮箱服务器 (497720537@qq.com) ...
[2026-05-12 13:53:36]  正在连接 QQ-备用 邮箱服务器 (shouqianbadavid@qq.com) ...
[2026-05-12 13:54:11]  正在连接 QQ-主 邮箱服务器 (497720537@qq.com) ...
[2026-05-12 13:54:12]  正在连接 QQ-备用 邮箱服务器 (shouqianbadavid@qq.com) ...
[2026-05-12 13:54:48]  正在连接 QQ-主 邮箱服务器 (497720537@qq.com) ...
[2026-05-12 13:54:49]  正在连接 QQ-备用 邮箱服务器 (shouqianbadavid@qq.com) ...
[2026-05-12 13:55:24]  正在连接 QQ-主 邮箱服务器 (497720537@qq.com) ...
[2026-05-12 13:55:25]  正在连接 QQ-备用 邮箱服务器 (shouqianbadavid@qq.com) ...
[2026-05-12 13:56:00]  正在连接 QQ-主 邮箱服务器 (497720537@qq.com) ...
[2026-05-12 13:56:01]  正在连接 QQ-备用 邮箱服务器 (shouqianbadavid@qq.com) ...
[2026-05-12 13:56:37]  正在连接 QQ-主 邮箱服务器 (497720537@qq.com) ...
[2026-05-12 13:56:37]  正在连接 QQ-备用 邮箱服务器 (shouqianbadavid@qq.com) ...
[2026-05-12 13:57:13]  正在连接 QQ-主 邮箱服务器 (497720537@qq.com) ...
[2026-05-12 13:57:14]  正在连接 QQ-备用 邮箱服务器 (shouqianbadavid@qq.com) ...
[2026-05-12 13:57:49]  正在连接 QQ-主 邮箱服务器 (497720537@qq.com) ...
[2026-05-12 13:57:50]  正在连接 QQ-备用 邮箱服务器 (shouqianbadavid@qq.com) ...
[2026-05-12 13:58:26]  正在连接 QQ-主 邮箱服务器 (497720537@qq.com) ...
[2026-05-12 13:58:26]  正在连接 QQ-备用 邮箱服务器 (shouqianbadavid@qq.com) ...
[2026-05-12 13:59:02]  正在连接 QQ-主 邮箱服务器 (497720537@qq.com) ...
[2026-05-12 13:59:03]  正在连接 QQ-备用 邮箱服务器 (shouqianbadavid@qq.com) ...
[2026-05-12 13:59:39]  正在连接 QQ-主 邮箱服务器 (497720537@qq.com) ...
[2026-05-12 13:59:39]  正在连接 QQ-备用 邮箱服务器 (shouqianbadavid@qq.com) ...
[2026-05-12 14:00:15]  正在连接 QQ-主 邮箱服务器 (497720537@qq.com) ...
[2026-05-12 14:00:15]  QQ-主 正在解析因子: =?utf-8?b?QWxwaGFQaWxvdCDlrp7ml7bkv6Hlj7cgKGFscGhhX3NpZ25hbF90aHJfMjAyNjA1MTJfMTQwMC5qc29uKSBb5Li7UVEt5a+55aSWXQ==?=
[2026-05-12 14:00:15]  发现表格，共 30 行数据
[2026-05-12 14:00:15]  动态索引映射: ['股票代码', '股票名称', '信号', '当前价格', '量比', '来源过滤']
[2026-05-12 14:00:15]  [行1] 解析成功: SZSE.002460 [赣锋锂业] BUY @ 83.17 (VR:0.04)
[2026-05-12 14:00:15]  [行2] 解析成功: SZSE.002364 [中恒电器] BUY @ 43.76 (VR:0.31)
[2026-05-12 14:00:15]  [行3] 解析成功: SZSE.000537 [绿发电力] SELL @ 11.2 (VR:2.07)
[2026-05-12 14:00:15]  [行4] 解析成功: SZSE.002298 [中电鑫龙] BUY @ 11.19 (VR:1.41)
[2026-05-12 14:00:15]  [行5] 解析成功: SZSE.002475 [立讯精密] SELL @ 77.45 (VR:0.07)
[2026-05-12 14:00:15]  [行6] 解析成功: SZSE.300352 [北信源] SELL @ 3.66 (VR:0.3)
[2026-05-12 14:00:15]  [行7] 解析成功: SZSE.000338 [潍柴动力] BUY @ 32.4 (VR:1.54)
[2026-05-12 14:00:15]  [行8] 解析成功: SZSE.002925 [盈趣科技] BUY @ 20.34 (VR:0.8)
[2026-05-12 14:00:15]  [行9] 解析成功: SZSE.002046 [国机精工] BUY @ 57.26 (VR:1.34)
[2026-05-12 14:00:15]  [行10] 解析成功: SZSE.002429 [兆驰股份] SELL @ 13.38 (VR:0.04)
[2026-05-12 14:00:15]  [行11] 解析成功: SZSE.002240 [盛新锂能] SELL @ 56.28 (VR:0.46)
[2026-05-12 14:00:15]  [行12] 解析成功: SZSE.001309 [德利明] SELL @ 617.79 (VR:0.36)
[2026-05-12 14:00:15]  [行13] 解析成功: SHSE.688617 [惠泰医疗] SELL @ 238.21 (VR:0.3)
[2026-05-12 14:00:15]  [行14] 解析成功: SHSE.688331 [荣昌生物] SELL @ 123.06 (VR:0.8)
[2026-05-12 14:00:15]  [行15] 解析成功: SHSE.688617 [惠泰医疗] SELL @ 238.21 (VR:0.34)
[2026-05-12 14:00:15]  [行16] 解析成功: SZSE.002460 [赣锋锂业] BUY @ 83.33 (VR:0.29)
[2026-05-12 14:00:15]  [行17] 解析成功: SZSE.002364 [中恒电器] BUY @ 43.81 (VR:0.4)
[2026-05-12 14:00:15]  [行18] 解析成功: SZSE.000537 [绿发电力] SELL @ 11.16 (VR:1.48)
[2026-05-12 14:00:15]  [行19] 解析成功: SZSE.002298 [中电鑫龙] BUY @ 11.21 (VR:0.08)
[2026-05-12 14:00:15]  [行20] 解析成功: SZSE.002475 [立讯精密] SELL @ 77.33 (VR:0.23)
[2026-05-12 14:00:15]  [行21] 解析成功: SZSE.000338 [潍柴动力] BUY @ 32.45 (VR:0.23)
[2026-05-12 14:00:15]  [行22] 解析成功: SZSE.002925 [盈趣科技] BUY @ 20.35 (VR:0.96)
[2026-05-12 14:00:15]  [行23] 解析成功: SZSE.002046 [国机精工] BUY @ 57.43 (VR:0.51)
[2026-05-12 14:00:15]  [行24] 解析成功: SZSE.002429 [兆驰股份] SELL @ 13.36 (VR:0.02)
[2026-05-12 14:00:15]  [行25] 解析成功: SZSE.002828 [贝肯能源] SELL @ 11.39 (VR:0.09)
[2026-05-12 14:00:15]  [行26] 解析成功: SZSE.300432 [富临精工] BUY @ 27.33 (VR:0.26)
[2026-05-12 14:00:15]  [行27] 解析成功: SHSE.688617 [惠泰医疗] SELL @ 237.12 (VR:0.26)
[2026-05-12 14:00:15]  [行28] 解析成功: SHSE.688331 [荣昌生物] SELL @ 122.5 (VR:1.23)
[2026-05-12 14:00:15]  [行29] 解析成功: SHSE.688617 [惠泰医疗] SELL @ 236.68 (VR:0.08)
[2026-05-12 14:00:15]  [行30] 解析成功: SZSE.000592 [平潭发展] SELL @ 11.95 (VR:0.1)
[2026-05-12 14:00:15] 成功保存 30 条因子至: signal_batch_20260512_140015_875740.txt
[2026-05-12 14:00:16]  QQ-主 邮件 3514 处理完成
[2026-05-12 14:00:16]  QQ-主 本轮共成功处理 1 封有效信号邮件
[2026-05-12 14:00:16]  正在连接 QQ-备用 邮箱服务器 (shouqianbadavid@qq.com) ...
[2026-05-12 14:00:52]  正在连接 QQ-主 邮箱服务器 (497720537@qq.com) ...
[2026-05-12 14:00:52]  正在连接 QQ-备用 邮箱服务器 (shouqianbadavid@qq.com) ...
[2026-05-12 14:00:53]  QQ-备用 正在解析因子: =?utf-8?b?QWxwaGFQaWxvdCDlpIfku73kv6Hlj7cgKGFscGhhX3NpZ25hbF90aHJfMjAyNjA1MTJfMTQwMC5qc29uKSBb5aSHUVEt6Ieq5L+dXQ==?=
[2026-05-12 14:00:53]  发现表格，共 30 行数据
[2026-05-12 14:00:53]  动态索引映射: ['股票代码', '股票名称', '信号', '当前价格', '量比', '来源过滤']
[2026-05-12 14:00:53]  [行1] 解析成功: SZSE.002460 [赣锋锂业] BUY @ 83.17 (VR:0.04)
[2026-05-12 14:00:53]  [行2] 解析成功: SZSE.002364 [中恒电器] BUY @ 43.76 (VR:0.31)
[2026-05-12 14:00:53]  [行3] 解析成功: SZSE.000537 [绿发电力] SELL @ 11.2 (VR:2.07)
[2026-05-12 14:00:53]  [行4] 解析成功: SZSE.002298 [中电鑫龙] BUY @ 11.19 (VR:1.41)
[2026-05-12 14:00:53]  [行5] 解析成功: SZSE.002475 [立讯精密] SELL @ 77.45 (VR:0.07)
[2026-05-12 14:00:53]  [行6] 解析成功: SZSE.300352 [北信源] SELL @ 3.66 (VR:0.3)
[2026-05-12 14:00:53]  [行7] 解析成功: SZSE.000338 [潍柴动力] BUY @ 32.4 (VR:1.54)
[2026-05-12 14:00:53]  [行8] 解析成功: SZSE.002925 [盈趣科技] BUY @ 20.34 (VR:0.8)
[2026-05-12 14:00:53]  [行9] 解析成功: SZSE.002046 [国机精工] BUY @ 57.26 (VR:1.34)
[2026-05-12 14:00:53]  [行10] 解析成功: SZSE.002429 [兆驰股份] SELL @ 13.38 (VR:0.04)
[2026-05-12 14:00:53]  [行11] 解析成功: SZSE.002240 [盛新锂能] SELL @ 56.28 (VR:0.46)
[2026-05-12 14:00:53]  [行12] 解析成功: SZSE.001309 [德利明] SELL @ 617.79 (VR:0.36)
[2026-05-12 14:00:53]  [行13] 解析成功: SHSE.688617 [惠泰医疗] SELL @ 238.21 (VR:0.3)
[2026-05-12 14:00:53]  [行14] 解析成功: SHSE.688331 [荣昌生物] SELL @ 123.06 (VR:0.8)
[2026-05-12 14:00:53]  [行15] 解析成功: SHSE.688617 [惠泰医疗] SELL @ 238.21 (VR:0.34)
[2026-05-12 14:00:53]  [行16] 解析成功: SZSE.002460 [赣锋锂业] BUY @ 83.33 (VR:0.29)
[2026-05-12 14:00:53]  [行17] 解析成功: SZSE.002364 [中恒电器] BUY @ 43.81 (VR:0.4)
[2026-05-12 14:00:53]  [行18] 解析成功: SZSE.000537 [绿发电力] SELL @ 11.16 (VR:1.48)
[2026-05-12 14:00:53]  [行19] 解析成功: SZSE.002298 [中电鑫龙] BUY @ 11.21 (VR:0.08)
[2026-05-12 14:00:53]  [行20] 解析成功: SZSE.002475 [立讯精密] SELL @ 77.33 (VR:0.23)
[2026-05-12 14:00:53]  [行21] 解析成功: SZSE.000338 [潍柴动力] BUY @ 32.45 (VR:0.23)
[2026-05-12 14:00:53]  [行22] 解析成功: SZSE.002925 [盈趣科技] BUY @ 20.35 (VR:0.96)
[2026-05-12 14:00:53]  [行23] 解析成功: SZSE.002046 [国机精工] BUY @ 57.43 (VR:0.51)
[2026-05-12 14:00:53]  [行24] 解析成功: SZSE.002429 [兆驰股份] SELL @ 13.36 (VR:0.02)
[2026-05-12 14:00:53]  [行25] 解析成功: SZSE.002828 [贝肯能源] SELL @ 11.39 (VR:0.09)
[2026-05-12 14:00:53]  [行26] 解析成功: SZSE.300432 [富临精工] BUY @ 27.33 (VR:0.26)
[2026-05-12 14:00:53]  [行27] 解析成功: SHSE.688617 [惠泰医疗] SELL @ 237.12 (VR:0.26)
[2026-05-12 14:00:53]  [行28] 解析成功: SHSE.688331 [荣昌生物] SELL @ 122.5 (VR:1.23)
[2026-05-12 14:00:53]  [行29] 解析成功: SHSE.688617 [惠泰医疗] SELL @ 236.68 (VR:0.08)
[2026-05-12 14:00:53]  [行30] 解析成功: SZSE.000592 [平潭发展] SELL @ 11.95 (VR:0.1)
[2026-05-12 14:00:53] 成功保存 30 条因子至: signal_batch_20260512_140053_267872.txt
[2026-05-12 14:00:53]  QQ-备用 邮件 826 处理完成
[2026-05-12 14:00:53]  QQ-备用 本轮共成功处理 1 封有效信号邮件
[2026-05-12 14:01:28]  正在连接 QQ-主 邮箱服务器 (497720537@qq.com) ...
[2026-05-12 14:01:30]  正在连接 QQ-备用 邮箱服务器 (shouqianbadavid@qq.com) ...
[2026-05-12 14:02:05]  正在连接 QQ-主 邮箱服务器 (497720537@qq.com) ...
[2026-05-12 14:02:06]  正在连接 QQ-备用 邮箱服务器 (shouqianbadavid@qq.com) ...
[2026-05-12 14:02:42]  正在连接 QQ-主 邮箱服务器 (497720537@qq.com) ...
[2026-05-12 14:02:43]  正在连接 QQ-备用 邮箱服务器 (shouqianbadavid@qq.com) ...
[2026-05-12 14:03:18]  正在连接 QQ-主 邮箱服务器 (497720537@qq.com) ...
[2026-05-12 14:03:19]  正在连接 QQ-备用 邮箱服务器 (shouqianbadavid@qq.com) ...
[2026-05-12 14:03:54]  正在连接 QQ-主 邮箱服务器 (497720537@qq.com) ...
[2026-05-12 14:03:55]  正在连接 QQ-备用 邮箱服务器 (shouqianbadavid@qq.com) ...
[2026-05-12 14:04:31]  正在连接 QQ-主 邮箱服务器 (497720537@qq.com) ...
[2026-05-12 14:04:31]  正在连接 QQ-备用 邮箱服务器 (shouqianbadavid@qq.com) ...
[2026-05-12 14:05:07]  正在连接 QQ-主 邮箱服务器 (497720537@qq.com) ...
[2026-05-12 14:05:08]  正在连接 QQ-备用 邮箱服务器 (shouqianbadavid@qq.com) ...
[2026-05-12 14:05:43]  正在连接 QQ-主 邮箱服务器 (497720537@qq.com) ...
[2026-05-12 14:05:44]  正在连接 QQ-备用 邮箱服务器 (shouqianbadavid@qq.com) ...
[2026-05-12 14:06:19]  正在连接 QQ-主 邮箱服务器 (497720537@qq.com) ...
[2026-05-12 14:06:20]  正在连接 QQ-备用 邮箱服务器 (shouqianbadavid@qq.com) ...
[2026-05-12 14:06:56]  正在连接 QQ-主 邮箱服务器 (497720537@qq.com) ...
[2026-05-12 14:06:56]  正在连接 QQ-备用 邮箱服务器 (shouqianbadavid@qq.com) ...
[2026-05-12 14:07:32]  正在连接 QQ-主 邮箱服务器 (497720537@qq.com) ...
[2026-05-12 14:07:32]  正在连接 QQ-备用 邮箱服务器 (shouqianbadavid@qq.com) ...
[2026-05-12 14:08:08]  正在连接 QQ-主 邮箱服务器 (497720537@qq.com) ...
[2026-05-12 14:08:09]  正在连接 QQ-备用 邮箱服务器 (shouqianbadavid@qq.com) ...
[2026-05-12 14:08:45]  正在连接 QQ-主 邮箱服务器 (497720537@qq.com) ...
[2026-05-12 14:08:45]  正在连接 QQ-备用 邮箱服务器 (shouqianbadavid@qq.com) ...
[2026-05-12 14:09:21]  正在连接 QQ-主 邮箱服务器 (497720537@qq.com) ...
[2026-05-12 14:09:22]  正在连接 QQ-备用 邮箱服务器 (shouqianbadavid@qq.com) ...
[2026-05-12 14:09:57]  正在连接 QQ-主 邮箱服务器 (497720537@qq.com) ...
[2026-05-12 14:09:58]  正在连接 QQ-备用 邮箱服务器 (shouqianbadavid@qq.com) ...
[2026-05-12 14:10:33]  正在连接 QQ-主 邮箱服务器 (497720537@qq.com) ...
[2026-05-12 14:10:34]  正在连接 QQ-备用 邮箱服务器 (shouqianbadavid@qq.com) ...
[2026-05-12 14:11:09]  正在连接 QQ-主 邮箱服务器 (497720537@qq.com) ...
[2026-05-12 14:11:10]  正在连接 QQ-备用 邮箱服务器 (shouqianbadavid@qq.com) ...
[2026-05-12 14:11:45]  正在连接 QQ-主 邮箱服务器 (497720537@qq.com) ...
[2026-05-12 14:11:46]  正在连接 QQ-备用 邮箱服务器 (shouqianbadavid@qq.com) ...
[2026-05-12 14:12:22]  正在连接 QQ-主 邮箱服务器 (497720537@qq.com) ...
[2026-05-12 14:12:22]  正在连接 QQ-备用 邮箱服务器 (shouqianbadavid@qq.com) ...
[2026-05-12 14:12:58]  正在连接 QQ-主 邮箱服务器 (497720537@qq.com) ...
[2026-05-12 14:12:58]  正在连接 QQ-备用 邮箱服务器 (shouqianbadavid@qq.com) ...
[2026-05-12 14:13:34]  正在连接 QQ-主 邮箱服务器 (497720537@qq.com) ...
[2026-05-12 14:13:35]  正在连接 QQ-备用 邮箱服务器 (shouqianbadavid@qq.com) ...
[2026-05-12 14:14:10]  正在连接 QQ-主 邮箱服务器 (497720537@qq.com) ...
[2026-05-12 14:14:11]  QQ-主 正在解析因子: =?utf-8?b?QWxwaGFQaWxvdCDlrp7ml7bkv6Hlj7cgKGFscGhhX3NpZ25hbF90aHJfMjAyNjA1MTJfMTQxMy5qc29uKSBb5Li7UVEt5a+55aSWXQ==?=
[2026-05-12 14:14:11]  发现表格，共 23 行数据
[2026-05-12 14:14:11]  动态索引映射: ['股票代码', '股票名称', '信号', '当前价格', '量比', '来源过滤']
[2026-05-12 14:14:11]  [行1] 解析成功: SHSE.600989 [宝丰能源] BUY @ 28.07 (VR:0.74)
[2026-05-12 14:14:11]  [行2] 解析成功: SZSE.003035 [南网能源] BUY @ 7.86 (VR:0.52)
[2026-05-12 14:14:11]  [行3] 解析成功: SZSE.300207 [欣旺达] SELL @ 26.34 (VR:0.57)
[2026-05-12 14:14:11]  [行4] 解析成功: SZSE.300274 [阳光电源] SELL @ 140.25 (VR:1.37)
[2026-05-12 14:14:11]  [行5] 解析成功: SZSE.300285 [国瓷材料] BUY @ 40.54 (VR:0.05)
[2026-05-12 14:14:11]  [行6] 解析成功: SZSE.301278 [快克股份] SELL @ 40.68 (VR:0.4)
[2026-05-12 14:14:11]  [行7] 解析成功: SZSE.301071 [力量钻石] SELL @ 54.29 (VR:0.02)
[2026-05-12 14:14:11]  [行8] 解析成功: SZSE.300930 [屹通新材] BUY @ 32.87 (VR:4.31)
[2026-05-12 14:14:11]  [行9] 解析成功: SZSE.300643 [万通智控] BUY @ 18.55 (VR:0.28)
[2026-05-12 14:14:11]  [行10] 解析成功: SZSE.300390 [天华超净] SELL @ 101.29 (VR:0.47)
[2026-05-12 14:14:11]  [行11] 解析成功: SZSE.300953 [震裕科技] SELL @ 234.57 (VR:0.62)
[2026-05-12 14:14:11]  [行12] 解析成功: SZSE.300568 [星源材质] SELL @ 18.11 (VR:0.23)
[2026-05-12 14:14:11]  [行13] 解析成功: SZSE.301171 [易点天下] BUY @ 42.28 (VR:0.15)
[2026-05-12 14:14:11]  [行14] 解析成功: SHSE.600989 [宝丰能源] BUY @ 28.08 (VR:0.35)
[2026-05-12 14:14:11]  [行15] 解析成功: SZSE.003035 [南网能源] BUY @ 7.87 (VR:0.18)
[2026-05-12 14:14:11]  [行16] 解析成功: SZSE.300037 [新宙邦] BUY @ 64.4 (VR:0.05)
[2026-05-12 14:14:11]  [行17] 解析成功: SZSE.300207 [欣旺达] SELL @ 26.32 (VR:0.1)
[2026-05-12 14:14:11]  [行18] 解析成功: SZSE.300274 [阳光电源] SELL @ 140.21 (VR:1.29)
[2026-05-12 14:14:11]  [行19] 解析成功: SZSE.301278 [快克股份] SELL @ 40.67 (VR:0.01)
[2026-05-12 14:14:11]  [行20] 解析成功: SZSE.301071 [力量钻石] SELL @ 54.26 (VR:0.11)
[2026-05-12 14:14:11]  [行21] 解析成功: SZSE.300390 [天华超净] SELL @ 101.19 (VR:0.14)
[2026-05-12 14:14:11]  [行22] 解析成功: SZSE.300953 [震裕科技] SELL @ 233.87 (VR:1.78)
[2026-05-12 14:14:11]  [行23] 解析成功: SZSE.300568 [星源材质] SELL @ 18.05 (VR:2.25)
[2026-05-12 14:14:11] 成功保存 23 条因子至: signal_batch_20260512_141411_320595.txt
[2026-05-12 14:14:11]  QQ-主 邮件 3515 处理完成
[2026-05-12 14:14:11]  QQ-主 本轮共成功处理 1 封有效信号邮件
[2026-05-12 14:14:11]  正在连接 QQ-备用 邮箱服务器 (shouqianbadavid@qq.com) ...
[2026-05-12 14:14:12]  QQ-备用 正在解析因子: =?utf-8?b?QWxwaGFQaWxvdCDlpIfku73kv6Hlj7cgKGFscGhhX3NpZ25hbF90aHJfMjAyNjA1MTJfMTQxMy5qc29uKSBb5aSHUVEt6Ieq5L+dXQ==?=
[2026-05-12 14:14:12]  发现表格，共 23 行数据
[2026-05-12 14:14:12]  动态索引映射: ['股票代码', '股票名称', '信号', '当前价格', '量比', '来源过滤']
[2026-05-12 14:14:12]  [行1] 解析成功: SHSE.600989 [宝丰能源] BUY @ 28.07 (VR:0.74)
[2026-05-12 14:14:12]  [行2] 解析成功: SZSE.003035 [南网能源] BUY @ 7.86 (VR:0.52)
[2026-05-12 14:14:12]  [行3] 解析成功: SZSE.300207 [欣旺达] SELL @ 26.34 (VR:0.57)
[2026-05-12 14:14:12]  [行4] 解析成功: SZSE.300274 [阳光电源] SELL @ 140.25 (VR:1.37)
[2026-05-12 14:14:12]  [行5] 解析成功: SZSE.300285 [国瓷材料] BUY @ 40.54 (VR:0.05)
[2026-05-12 14:14:12]  [行6] 解析成功: SZSE.301278 [快克股份] SELL @ 40.68 (VR:0.4)
[2026-05-12 14:14:12]  [行7] 解析成功: SZSE.301071 [力量钻石] SELL @ 54.29 (VR:0.02)
[2026-05-12 14:14:12]  [行8] 解析成功: SZSE.300930 [屹通新材] BUY @ 32.87 (VR:4.31)
[2026-05-12 14:14:12]  [行9] 解析成功: SZSE.300643 [万通智控] BUY @ 18.55 (VR:0.28)
[2026-05-12 14:14:12]  [行10] 解析成功: SZSE.300390 [天华超净] SELL @ 101.29 (VR:0.47)
[2026-05-12 14:14:12]  [行11] 解析成功: SZSE.300953 [震裕科技] SELL @ 234.57 (VR:0.62)
[2026-05-12 14:14:12]  [行12] 解析成功: SZSE.300568 [星源材质] SELL @ 18.11 (VR:0.23)
[2026-05-12 14:14:12]  [行13] 解析成功: SZSE.301171 [易点天下] BUY @ 42.28 (VR:0.15)
[2026-05-12 14:14:12]  [行14] 解析成功: SHSE.600989 [宝丰能源] BUY @ 28.08 (VR:0.35)
[2026-05-12 14:14:12]  [行15] 解析成功: SZSE.003035 [南网能源] BUY @ 7.87 (VR:0.18)
[2026-05-12 14:14:12]  [行16] 解析成功: SZSE.300037 [新宙邦] BUY @ 64.4 (VR:0.05)
[2026-05-12 14:14:12]  [行17] 解析成功: SZSE.300207 [欣旺达] SELL @ 26.32 (VR:0.1)
[2026-05-12 14:14:12]  [行18] 解析成功: SZSE.300274 [阳光电源] SELL @ 140.21 (VR:1.29)
[2026-05-12 14:14:12]  [行19] 解析成功: SZSE.301278 [快克股份] SELL @ 40.67 (VR:0.01)
[2026-05-12 14:14:12]  [行20] 解析成功: SZSE.301071 [力量钻石] SELL @ 54.26 (VR:0.11)
[2026-05-12 14:14:12]  [行21] 解析成功: SZSE.300390 [天华超净] SELL @ 101.19 (VR:0.14)
[2026-05-12 14:14:12]  [行22] 解析成功: SZSE.300953 [震裕科技] SELL @ 233.87 (VR:1.78)
[2026-05-12 14:14:12]  [行23] 解析成功: SZSE.300568 [星源材质] SELL @ 18.05 (VR:2.25)
[2026-05-12 14:14:12] 成功保存 23 条因子至: signal_batch_20260512_141412_421236.txt
[2026-05-12 14:14:12]  QQ-备用 邮件 827 处理完成
[2026-05-12 14:14:12]  QQ-备用 本轮共成功处理 1 封有效信号邮件
[2026-05-12 14:14:47]  正在连接 QQ-主 邮箱服务器 (497720537@qq.com) ...
[2026-05-12 14:14:48]  正在连接 QQ-备用 邮箱服务器 (shouqianbadavid@qq.com) ...
[2026-05-12 14:15:23]  正在连接 QQ-主 邮箱服务器 (497720537@qq.com) ...
[2026-05-12 14:15:24]  正在连接 QQ-备用 邮箱服务器 (shouqianbadavid@qq.com) ...
[2026-05-12 14:16:00]  正在连接 QQ-主 邮箱服务器 (497720537@qq.com) ...
[2026-05-12 14:16:06]  正在连接 QQ-备用 邮箱服务器 (shouqianbadavid@qq.com) ...
[2026-05-12 14:16:42]  正在连接 QQ-主 邮箱服务器 (497720537@qq.com) ...
[2026-05-12 14:16:42]  正在连接 QQ-备用 邮箱服务器 (shouqianbadavid@qq.com) ...
[2026-05-12 14:17:18]  正在连接 QQ-主 邮箱服务器 (497720537@qq.com) ...
[2026-05-12 14:17:19]  正在连接 QQ-备用 邮箱服务器 (shouqianbadavid@qq.com) ...
[2026-05-12 14:17:54]  正在连接 QQ-主 邮箱服务器 (497720537@qq.com) ...
[2026-05-12 14:17:55]  正在连接 QQ-备用 邮箱服务器 (shouqianbadavid@qq.com) ...
[2026-05-12 14:18:30]  正在连接 QQ-主 邮箱服务器 (497720537@qq.com) ...
[2026-05-12 14:18:31]  正在连接 QQ-备用 邮箱服务器 (shouqianbadavid@qq.com) ...
[2026-05-12 14:19:07]  正在连接 QQ-主 邮箱服务器 (497720537@qq.com) ...
[2026-05-12 14:19:07]  正在连接 QQ-备用 邮箱服务器 (shouqianbadavid@qq.com) ...
[2026-05-12 14:19:43]  正在连接 QQ-主 邮箱服务器 (497720537@qq.com) ...
[2026-05-12 14:19:44]  正在连接 QQ-备用 邮箱服务器 (shouqianbadavid@qq.com) ...
[2026-05-12 14:20:19]  正在连接 QQ-主 邮箱服务器 (497720537@qq.com) ...
[2026-05-12 14:20:20]  正在连接 QQ-备用 邮箱服务器 (shouqianbadavid@qq.com) ...
[2026-05-12 14:20:55]  正在连接 QQ-主 邮箱服务器 (497720537@qq.com) ...
[2026-05-12 14:20:56]  正在连接 QQ-备用 邮箱服务器 (shouqianbadavid@qq.com) ...
[2026-05-12 14:21:31]  正在连接 QQ-主 邮箱服务器 (497720537@qq.com) ...
[2026-05-12 14:21:32]  正在连接 QQ-备用 邮箱服务器 (shouqianbadavid@qq.com) ...
[2026-05-12 14:22:08]  正在连接 QQ-主 邮箱服务器 (497720537@qq.com) ...
[2026-05-12 14:22:08]  正在连接 QQ-备用 邮箱服务器 (shouqianbadavid@qq.com) ...
[2026-05-12 14:22:44]  正在连接 QQ-主 邮箱服务器 (497720537@qq.com) ...
[2026-05-12 14:22:45]  正在连接 QQ-备用 邮箱服务器 (shouqianbadavid@qq.com) ...
[2026-05-12 14:23:20]  正在连接 QQ-主 邮箱服务器 (497720537@qq.com) ...
[2026-05-12 14:23:21]  正在连接 QQ-备用 邮箱服务器 (shouqianbadavid@qq.com) ...
[2026-05-12 14:23:57]  正在连接 QQ-主 邮箱服务器 (497720537@qq.com) ...
[2026-05-12 14:23:58]  正在连接 QQ-备用 邮箱服务器 (shouqianbadavid@qq.com) ...
[2026-05-12 14:24:33]  正在连接 QQ-主 邮箱服务器 (497720537@qq.com) ...
[2026-05-12 14:24:34]  正在连接 QQ-备用 邮箱服务器 (shouqianbadavid@qq.com) ...
[2026-05-12 14:24:35]  QQ-备用 正在解析因子: =?utf-8?b?QWxwaGFQaWxvdCDlpIfku73kv6Hlj7cgKGFscGhhX3NpZ25hbF90aHJfMjAyNjA1MTJfMTQyMy5qc29uKSBb5aSHUVEt6Ieq5L+dXQ==?=
[2026-05-12 14:24:35]  发现表格，共 25 行数据
[2026-05-12 14:24:35]  动态索引映射: ['股票代码', '股票名称', '信号', '当前价格', '量比', '来源过滤']
[2026-05-12 14:24:35]  [行1] 解析成功: SZSE.300722 [新余国科] SELL @ 28.44 (VR:0.01)
[2026-05-12 14:24:35]  [行2] 解析成功: SZSE.301158 [万集科技] SELL @ 26.5 (VR:0.22)
[2026-05-12 14:24:35]  [行3] 解析成功: SZSE.301018 [申菱环境] SELL @ 135.63 (VR:0.12)
[2026-05-12 14:24:35]  [行4] 解析成功: SZSE.300641 [正丹股份] SELL @ 17.01 (VR:1.44)
[2026-05-12 14:24:35]  [行5] 解析成功: SZSE.300739 [明阳电路] BUY @ 29.87 (VR:0.71)
[2026-05-12 14:24:35]  [行6] 解析成功: SZSE.301389 [隆扬电子] BUY @ 75.06 (VR:0.25)
[2026-05-12 14:24:35]  [行7] 解析成功: SZSE.301449 [天溯计量] SELL @ 71.04 (VR:0.24)
[2026-05-12 14:24:35]  [行8] 解析成功: SHSE.603353 [和顺电气] BUY @ 52.71 (VR:0.11)
[2026-05-12 14:24:35]  [行9] 解析成功: SHSE.688700 [东威科技] SELL @ 65.97 (VR:0.58)
[2026-05-12 14:24:35]  [行10] 解析成功: SHSE.603538 [美诺华] SELL @ 53.9 (VR:1.64)
[2026-05-12 14:24:35]  [行11] 解析成功: SZSE.300243 [瑞丰光电] BUY @ 19.19 (VR:0.33)
[2026-05-12 14:24:35]  [行12] 解析成功: SZSE.002980 [华盛昌] BUY @ 82.38 (VR:0.37)
[2026-05-12 14:24:35]  [行13] 解析成功: SZSE.300672 [国科微] BUY @ 230.71 (VR:2.84)
[2026-05-12 14:24:35]  [行14] 解析成功: SZSE.300722 [新余国科] SELL @ 28.43 (VR:0.21)
[2026-05-12 14:24:35]  [行15] 解析成功: SZSE.301158 [万集科技] SELL @ 26.49 (VR:2.22)
[2026-05-12 14:24:35]  [行16] 解析成功: SZSE.300641 [正丹股份] SELL @ 17.0 (VR:0.07)
[2026-05-12 14:24:35]  [行17] 解析成功: SZSE.300739 [明阳电路] BUY @ 29.93 (VR:0.01)
[2026-05-12 14:24:35]  [行18] 解析成功: SZSE.301389 [隆扬电子] BUY @ 75.13 (VR:0.25)
[2026-05-12 14:24:35]  [行19] 解析成功: SZSE.301449 [天溯计量] SELL @ 71.02 (VR:0.49)
[2026-05-12 14:24:35]  [行20] 解析成功: SHSE.603353 [和顺电气] BUY @ 52.93 (VR:0.09)
[2026-05-12 14:24:35]  [行21] 解析成功: SHSE.688700 [东威科技] SELL @ 65.89 (VR:0.47)
[2026-05-12 14:24:35]  [行22] 解析成功: SHSE.603538 [美诺华] SELL @ 53.65 (VR:0.74)
[2026-05-12 14:24:35]  [行23] 解析成功: SZSE.300243 [瑞丰光电] BUY @ 19.2 (VR:0.05)
[2026-05-12 14:24:35]  [行24] 解析成功: SZSE.002980 [华盛昌] BUY @ 82.64 (VR:0.14)
[2026-05-12 14:24:35]  [行25] 解析成功: SZSE.300672 [国科微] BUY @ 231.65 (VR:0.31)
[2026-05-12 14:24:35] 成功保存 25 条因子至: signal_batch_20260512_142435_116394.txt
[2026-05-12 14:24:35]  QQ-备用 邮件 828 处理完成
[2026-05-12 14:24:35]  QQ-备用 本轮共成功处理 1 封有效信号邮件
[2026-05-12 14:25:10]  正在连接 QQ-主 邮箱服务器 (497720537@qq.com) ...
[2026-05-12 14:25:11]  正在连接 QQ-备用 邮箱服务器 (shouqianbadavid@qq.com) ...
[2026-05-12 14:25:46]  正在连接 QQ-主 邮箱服务器 (497720537@qq.com) ...
[2026-05-12 14:25:47]  正在连接 QQ-备用 邮箱服务器 (shouqianbadavid@qq.com) ...
[2026-05-12 14:26:23]  正在连接 QQ-主 邮箱服务器 (497720537@qq.com) ...
[2026-05-12 14:26:23]  正在连接 QQ-备用 邮箱服务器 (shouqianbadavid@qq.com) ...
[2026-05-12 14:26:59]  正在连接 QQ-主 邮箱服务器 (497720537@qq.com) ...
[2026-05-12 14:26:59]  正在连接 QQ-备用 邮箱服务器 (shouqianbadavid@qq.com) ...
[2026-05-12 14:27:35]  正在连接 QQ-主 邮箱服务器 (497720537@qq.com) ...
[2026-05-12 14:27:35]  正在连接 QQ-备用 邮箱服务器 (shouqianbadavid@qq.com) ...
[2026-05-12 14:28:11]  正在连接 QQ-主 邮箱服务器 (497720537@qq.com) ...
[2026-05-12 14:28:11]  正在连接 QQ-备用 邮箱服务器 (shouqianbadavid@qq.com) ...
[2026-05-12 14:28:47]  正在连接 QQ-主 邮箱服务器 (497720537@qq.com) ...
[2026-05-12 14:28:47]  正在连接 QQ-备用 邮箱服务器 (shouqianbadavid@qq.com) ...
[2026-05-12 14:29:23]  正在连接 QQ-主 邮箱服务器 (497720537@qq.com) ...
[2026-05-12 14:29:23]  正在连接 QQ-备用 邮箱服务器 (shouqianbadavid@qq.com) ...
[2026-05-12 14:29:59]  正在连接 QQ-主 邮箱服务器 (497720537@qq.com) ...
[2026-05-12 14:30:00]  正在连接 QQ-备用 邮箱服务器 (shouqianbadavid@qq.com) ...
[2026-05-12 14:30:35]  正在连接 QQ-主 邮箱服务器 (497720537@qq.com) ...
[2026-05-12 14:30:36]  正在连接 QQ-备用 邮箱服务器 (shouqianbadavid@qq.com) ...
[2026-05-12 14:31:12]  正在连接 QQ-主 邮箱服务器 (497720537@qq.com) ...
[2026-05-12 14:31:13]  正在连接 QQ-备用 邮箱服务器 (shouqianbadavid@qq.com) ...
[2026-05-12 14:31:49]  正在连接 QQ-主 邮箱服务器 (497720537@qq.com) ...
[2026-05-12 14:31:49]  正在连接 QQ-备用 邮箱服务器 (shouqianbadavid@qq.com) ...
[2026-05-12 14:32:25]  正在连接 QQ-主 邮箱服务器 (497720537@qq.com) ...
[2026-05-12 14:32:26]  正在连接 QQ-备用 邮箱服务器 (shouqianbadavid@qq.com) ...
[2026-05-12 14:33:01]  正在连接 QQ-主 邮箱服务器 (497720537@qq.com) ...
[2026-05-12 14:33:02]  正在连接 QQ-备用 邮箱服务器 (shouqianbadavid@qq.com) ...
[2026-05-12 14:33:38]  正在连接 QQ-主 邮箱服务器 (497720537@qq.com) ...
[2026-05-12 14:33:38]  正在连接 QQ-备用 邮箱服务器 (shouqianbadavid@qq.com) ...
[2026-05-12 14:34:14]  正在连接 QQ-主 邮箱服务器 (497720537@qq.com) ...
[2026-05-12 14:34:15]  正在连接 QQ-备用 邮箱服务器 (shouqianbadavid@qq.com) ...
[2026-05-12 14:34:50]  正在连接 QQ-主 邮箱服务器 (497720537@qq.com) ...
[2026-05-12 14:34:51]  正在连接 QQ-备用 邮箱服务器 (shouqianbadavid@qq.com) ...
[2026-05-12 14:35:27]  正在连接 QQ-主 邮箱服务器 (497720537@qq.com) ...
[2026-05-12 14:35:27]  QQ-主 正在解析因子: =?utf-8?b?QWxwaGFQaWxvdCDlrp7ml7bkv6Hlj7cgKGFscGhhX3NpZ25hbF90aHJfMjAyNjA1MTJfMTQzNS5qc29uKSBb5Li7UVEt5a+55aSWXQ==?=
[2026-05-12 14:35:27]  发现表格，共 23 行数据
[2026-05-12 14:35:27]  动态索引映射: ['股票代码', '股票名称', '信号', '当前价格', '量比', '来源过滤']
[2026-05-12 14:35:27]  [行1] 解析成功: SZSE.300195 [长荣股份] BUY @ 6.81 (VR:0.29)
[2026-05-12 14:35:27]  [行2] 解析成功: SZSE.300763 [锦浪科技] SELL @ 100.65 (VR:0.33)
[2026-05-12 14:35:27]  [行3] 解析成功: SZSE.002015 [协鑫能科] SELL @ 21.29 (VR:0.65)
[2026-05-12 14:35:27]  [行4] 解析成功: SZSE.000533 [顺钠股份] SELL @ 13.43 (VR:0.14)
[2026-05-12 14:35:27]  [行5] 解析成功: SZSE.301226 [祥明智能] BUY @ 41.59 (VR:0.8)
[2026-05-12 14:35:27]  [行6] 解析成功: SZSE.301667 [纳百川] SELL @ 112.3 (VR:0.24)
[2026-05-12 14:35:27]  [行7] 解析成功: SZSE.300345 [华民股份] BUY @ 7.14 (VR:0.64)
[2026-05-12 14:35:27]  [行8] 解析成功: SHSE.688295 [奥林德] SELL @ 59.54 (VR:0.32)
[2026-05-12 14:35:27]  [行9] 解析成功: SZSE.002445 [中南文化] BUY @ 3.93 (VR:0.31)
[2026-05-12 14:35:27]  [行10] 解析成功: SHSE.600821 [金发科技] SELL @ 9.05 (VR:0.29)
[2026-05-12 14:35:27]  [行11] 解析成功: SHSE.601016 [节能风电] SELL @ 5.11 (VR:0.04)
[2026-05-12 14:35:27]  [行12] 解析成功: SHSE.600726 [华电能源] SELL @ 7.6 (VR:0.06)
[2026-05-12 14:35:27]  [行13] 解析成功: SHSE.688295 [中复神鹰] SELL @ 59.52 (VR:0.13)
[2026-05-12 14:35:27]  [行14] 解析成功: SZSE.300813 [泰林生物] SELL @ 24.87 (VR:0.02)
[2026-05-12 14:35:27]  [行15] 解析成功: SZSE.300763 [锦浪科技] SELL @ 100.48 (VR:0.18)
[2026-05-12 14:35:27]  [行16] 解析成功: SZSE.002015 [协鑫能科] SELL @ 21.27 (VR:0.71)
[2026-05-12 14:35:27]  [行17] 解析成功: SZSE.000533 [顺钠股份] SELL @ 13.42 (VR:0.5)
[2026-05-12 14:35:27]  [行18] 解析成功: SZSE.301667 [纳百川] SELL @ 112.07 (VR:0.38)
[2026-05-12 14:35:27]  [行19] 解析成功: SHSE.688295 [奥林德] SELL @ 59.6 (VR:0.52)
[2026-05-12 14:35:27]  [行20] 解析成功: SZSE.002445 [中南文化] BUY @ 3.94 (VR:1.14)
[2026-05-12 14:35:27]  [行21] 解析成功: SHSE.600821 [金发科技] SELL @ 9.02 (VR:0.32)
[2026-05-12 14:35:27]  [行22] 解析成功: SHSE.688295 [中复神鹰] SELL @ 59.58 (VR:0.32)
[2026-05-12 14:35:27]  [行23] 解析成功: SZSE.300813 [泰林生物] SELL @ 24.8 (VR:0.07)
[2026-05-12 14:35:27] 成功保存 23 条因子至: signal_batch_20260512_143527_953652.txt
[2026-05-12 14:35:28]  QQ-主 邮件 3516 处理完成
[2026-05-12 14:35:28]  QQ-主 本轮共成功处理 1 封有效信号邮件
[2026-05-12 14:35:28]  正在连接 QQ-备用 邮箱服务器 (shouqianbadavid@qq.com) ...
[2026-05-12 14:35:29]  QQ-备用 正在解析因子: =?utf-8?b?QWxwaGFQaWxvdCDlpIfku73kv6Hlj7cgKGFscGhhX3NpZ25hbF90aHJfMjAyNjA1MTJfMTQzNS5qc29uKSBb5aSHUVEt6Ieq5L+dXQ==?=
[2026-05-12 14:35:29]  发现表格，共 23 行数据
[2026-05-12 14:35:29]  动态索引映射: ['股票代码', '股票名称', '信号', '当前价格', '量比', '来源过滤']
[2026-05-12 14:35:29]  [行1] 解析成功: SZSE.300195 [长荣股份] BUY @ 6.81 (VR:0.29)
[2026-05-12 14:35:29]  [行2] 解析成功: SZSE.300763 [锦浪科技] SELL @ 100.65 (VR:0.33)
[2026-05-12 14:35:29]  [行3] 解析成功: SZSE.002015 [协鑫能科] SELL @ 21.29 (VR:0.65)
[2026-05-12 14:35:29]  [行4] 解析成功: SZSE.000533 [顺钠股份] SELL @ 13.43 (VR:0.14)
[2026-05-12 14:35:29]  [行5] 解析成功: SZSE.301226 [祥明智能] BUY @ 41.59 (VR:0.8)
[2026-05-12 14:35:29]  [行6] 解析成功: SZSE.301667 [纳百川] SELL @ 112.3 (VR:0.24)
[2026-05-12 14:35:29]  [行7] 解析成功: SZSE.300345 [华民股份] BUY @ 7.14 (VR:0.64)
[2026-05-12 14:35:29]  [行8] 解析成功: SHSE.688295 [奥林德] SELL @ 59.54 (VR:0.32)
[2026-05-12 14:35:29]  [行9] 解析成功: SZSE.002445 [中南文化] BUY @ 3.93 (VR:0.31)
[2026-05-12 14:35:29]  [行10] 解析成功: SHSE.600821 [金发科技] SELL @ 9.05 (VR:0.29)
[2026-05-12 14:35:29]  [行11] 解析成功: SHSE.601016 [节能风电] SELL @ 5.11 (VR:0.04)
[2026-05-12 14:35:29]  [行12] 解析成功: SHSE.600726 [华电能源] SELL @ 7.6 (VR:0.06)
[2026-05-12 14:35:29]  [行13] 解析成功: SHSE.688295 [中复神鹰] SELL @ 59.52 (VR:0.13)
[2026-05-12 14:35:29]  [行14] 解析成功: SZSE.300813 [泰林生物] SELL @ 24.87 (VR:0.02)
[2026-05-12 14:35:29]  [行15] 解析成功: SZSE.300763 [锦浪科技] SELL @ 100.48 (VR:0.18)
[2026-05-12 14:35:29]  [行16] 解析成功: SZSE.002015 [协鑫能科] SELL @ 21.27 (VR:0.71)
[2026-05-12 14:35:29]  [行17] 解析成功: SZSE.000533 [顺钠股份] SELL @ 13.42 (VR:0.5)
[2026-05-12 14:35:29]  [行18] 解析成功: SZSE.301667 [纳百川] SELL @ 112.07 (VR:0.38)
[2026-05-12 14:35:29]  [行19] 解析成功: SHSE.688295 [奥林德] SELL @ 59.6 (VR:0.52)
[2026-05-12 14:35:29]  [行20] 解析成功: SZSE.002445 [中南文化] BUY @ 3.94 (VR:1.14)
[2026-05-12 14:35:29]  [行21] 解析成功: SHSE.600821 [金发科技] SELL @ 9.02 (VR:0.32)
[2026-05-12 14:35:29]  [行22] 解析成功: SHSE.688295 [中复神鹰] SELL @ 59.58 (VR:0.32)
[2026-05-12 14:35:29]  [行23] 解析成功: SZSE.300813 [泰林生物] SELL @ 24.8 (VR:0.07)
[2026-05-12 14:35:29] 成功保存 23 条因子至: signal_batch_20260512_143529_127756.txt
[2026-05-12 14:35:29]  QQ-备用 邮件 829 处理完成
[2026-05-12 14:35:29]  QQ-备用 本轮共成功处理 1 封有效信号邮件
[2026-05-12 14:36:04]  正在连接 QQ-主 邮箱服务器 (497720537@qq.com) ...
[2026-05-12 14:36:05]  正在连接 QQ-备用 邮箱服务器 (shouqianbadavid@qq.com) ...
[2026-05-12 14:36:41]  正在连接 QQ-主 邮箱服务器 (497720537@qq.com) ...
[2026-05-12 14:36:41]  正在连接 QQ-备用 邮箱服务器 (shouqianbadavid@qq.com) ...
[2026-05-12 14:37:17]  正在连接 QQ-主 邮箱服务器 (497720537@qq.com) ...
[2026-05-12 14:37:18]  正在连接 QQ-备用 邮箱服务器 (shouqianbadavid@qq.com) ...
[2026-05-12 14:37:54]  正在连接 QQ-主 邮箱服务器 (497720537@qq.com) ...
[2026-05-12 14:37:55]  正在连接 QQ-备用 邮箱服务器 (shouqianbadavid@qq.com) ...
[2026-05-12 14:38:30]  正在连接 QQ-主 邮箱服务器 (497720537@qq.com) ...
[2026-05-12 14:38:31]  正在连接 QQ-备用 邮箱服务器 (shouqianbadavid@qq.com) ...
[2026-05-12 14:39:07]  正在连接 QQ-主 邮箱服务器 (497720537@qq.com) ...
[2026-05-12 14:39:07]  正在连接 QQ-备用 邮箱服务器 (shouqianbadavid@qq.com) ...
[2026-05-12 14:39:43]  正在连接 QQ-主 邮箱服务器 (497720537@qq.com) ...
[2026-05-12 14:39:43]  正在连接 QQ-备用 邮箱服务器 (shouqianbadavid@qq.com) ...
[2026-05-12 14:40:19]  正在连接 QQ-主 邮箱服务器 (497720537@qq.com) ...
[2026-05-12 14:40:20]  正在连接 QQ-备用 邮箱服务器 (shouqianbadavid@qq.com) ...
[2026-05-12 14:40:55]  正在连接 QQ-主 邮箱服务器 (497720537@qq.com) ...
[2026-05-12 14:40:56]  正在连接 QQ-备用 邮箱服务器 (shouqianbadavid@qq.com) ...
[2026-05-12 14:41:31]  正在连接 QQ-主 邮箱服务器 (497720537@qq.com) ...
[2026-05-12 14:41:32]  正在连接 QQ-备用 邮箱服务器 (shouqianbadavid@qq.com) ...
[2026-05-12 14:42:07]  正在连接 QQ-主 邮箱服务器 (497720537@qq.com) ...
[2026-05-12 14:42:08]  正在连接 QQ-备用 邮箱服务器 (shouqianbadavid@qq.com) ...
[2026-05-12 14:42:43]  正在连接 QQ-主 邮箱服务器 (497720537@qq.com) ...
[2026-05-12 14:42:44]  正在连接 QQ-备用 邮箱服务器 (shouqianbadavid@qq.com) ...
[2026-05-12 14:43:20]  正在连接 QQ-主 邮箱服务器 (497720537@qq.com) ...
[2026-05-12 14:43:20]  正在连接 QQ-备用 邮箱服务器 (shouqianbadavid@qq.com) ...
[2026-05-12 14:43:56]  正在连接 QQ-主 邮箱服务器 (497720537@qq.com) ...
[2026-05-12 14:43:56]  正在连接 QQ-备用 邮箱服务器 (shouqianbadavid@qq.com) ...
[2026-05-12 14:44:32]  正在连接 QQ-主 邮箱服务器 (497720537@qq.com) ...
[2026-05-12 14:44:33]  正在连接 QQ-备用 邮箱服务器 (shouqianbadavid@qq.com) ...
[2026-05-12 14:45:08]  正在连接 QQ-主 邮箱服务器 (497720537@qq.com) ...
[2026-05-12 14:45:09]  QQ-主 正在解析因子: =?utf-8?b?QWxwaGFQaWxvdCDlrp7ml7bkv6Hlj7cgKGFscGhhX3NpZ25hbF90aHJfMjAyNjA1MTJfMTQ0NC5qc29uKSBb5Li7UVEt5a+55aSWXQ==?=
[2026-05-12 14:45:09]  发现表格，共 16 行数据
[2026-05-12 14:45:09]  动态索引映射: ['股票代码', '股票名称', '信号', '当前价格', '量比', '来源过滤']
[2026-05-12 14:45:09]  [行1] 解析成功: SZSE.002460 [赣锋锂业] BUY @ 83.57 (VR:0.53)
[2026-05-12 14:45:09]  [行2] 解析成功: SZSE.002364 [中恒电器] SELL @ 43.93 (VR:0.39)
[2026-05-12 14:45:09]  [行3] 解析成功: SZSE.002925 [盈趣科技] BUY @ 20.38 (VR:0.76)
[2026-05-12 14:45:09]  [行4] 解析成功: SZSE.002046 [国机精工] BUY @ 57.38 (VR:0.25)
[2026-05-12 14:45:09]  [行5] 解析成功: SZSE.002429 [兆驰股份] BUY @ 13.48 (VR:0.55)
[2026-05-12 14:45:09]  [行6] 解析成功: SZSE.000682 [东方电子] BUY @ 13.49 (VR:0.37)
[2026-05-12 14:45:09]  [行7] 解析成功: SZSE.300693 [盛弘股份] BUY @ 62.36 (VR:0.51)
[2026-05-12 14:45:09]  [行8] 解析成功: SZSE.300432 [富临精工] SELL @ 27.55 (VR:0.03)
[2026-05-12 14:45:09]  [行9] 解析成功: SZSE.002460 [赣锋锂业] BUY @ 83.71 (VR:0.1)
[2026-05-12 14:45:09]  [行10] 解析成功: SZSE.002364 [中恒电器] SELL @ 43.91 (VR:0.93)
[2026-05-12 14:45:09]  [行11] 解析成功: SZSE.002925 [盈趣科技] BUY @ 20.39 (VR:0.33)
[2026-05-12 14:45:09]  [行12] 解析成功: SZSE.002046 [国机精工] BUY @ 57.42 (VR:0.1)
[2026-05-12 14:45:09]  [行13] 解析成功: SZSE.002429 [兆驰股份] BUY @ 13.5 (VR:0.83)
[2026-05-12 14:45:09]  [行14] 解析成功: SZSE.000682 [东方电子] BUY @ 13.5 (VR:0.3)
[2026-05-12 14:45:09]  [行15] 解析成功: SZSE.300693 [盛弘股份] BUY @ 62.58 (VR:0.09)
[2026-05-12 14:45:09]  [行16] 解析成功: SZSE.300432 [富临精工] SELL @ 27.54 (VR:0.66)
[2026-05-12 14:45:09] 成功保存 16 条因子至: signal_batch_20260512_144509_179183.txt
[2026-05-12 14:45:09]  QQ-主 邮件 3517 处理完成
[2026-05-12 14:45:09]  QQ-主 本轮共成功处理 1 封有效信号邮件
[2026-05-12 14:45:09]  正在连接 QQ-备用 邮箱服务器 (shouqianbadavid@qq.com) ...
[2026-05-12 14:45:10]  QQ-备用 正在解析因子: =?utf-8?b?QWxwaGFQaWxvdCDlpIfku73kv6Hlj7cgKGFscGhhX3NpZ25hbF90aHJfMjAyNjA1MTJfMTQ0NC5qc29uKSBb5aSHUVEt6Ieq5L+dXQ==?=
[2026-05-12 14:45:10]  发现表格，共 16 行数据
[2026-05-12 14:45:10]  动态索引映射: ['股票代码', '股票名称', '信号', '当前价格', '量比', '来源过滤']
[2026-05-12 14:45:10]  [行1] 解析成功: SZSE.002460 [赣锋锂业] BUY @ 83.57 (VR:0.53)
[2026-05-12 14:45:10]  [行2] 解析成功: SZSE.002364 [中恒电器] SELL @ 43.93 (VR:0.39)
[2026-05-12 14:45:10]  [行3] 解析成功: SZSE.002925 [盈趣科技] BUY @ 20.38 (VR:0.76)
[2026-05-12 14:45:10]  [行4] 解析成功: SZSE.002046 [国机精工] BUY @ 57.38 (VR:0.25)
[2026-05-12 14:45:10]  [行5] 解析成功: SZSE.002429 [兆驰股份] BUY @ 13.48 (VR:0.55)
[2026-05-12 14:45:10]  [行6] 解析成功: SZSE.000682 [东方电子] BUY @ 13.49 (VR:0.37)
[2026-05-12 14:45:10]  [行7] 解析成功: SZSE.300693 [盛弘股份] BUY @ 62.36 (VR:0.51)
[2026-05-12 14:45:10]  [行8] 解析成功: SZSE.300432 [富临精工] SELL @ 27.55 (VR:0.03)
[2026-05-12 14:45:10]  [行9] 解析成功: SZSE.002460 [赣锋锂业] BUY @ 83.71 (VR:0.1)
[2026-05-12 14:45:10]  [行10] 解析成功: SZSE.002364 [中恒电器] SELL @ 43.91 (VR:0.93)
[2026-05-12 14:45:10]  [行11] 解析成功: SZSE.002925 [盈趣科技] BUY @ 20.39 (VR:0.33)
[2026-05-12 14:45:10]  [行12] 解析成功: SZSE.002046 [国机精工] BUY @ 57.42 (VR:0.1)
[2026-05-12 14:45:10]  [行13] 解析成功: SZSE.002429 [兆驰股份] BUY @ 13.5 (VR:0.83)
[2026-05-12 14:45:10]  [行14] 解析成功: SZSE.000682 [东方电子] BUY @ 13.5 (VR:0.3)
[2026-05-12 14:45:10]  [行15] 解析成功: SZSE.300693 [盛弘股份] BUY @ 62.58 (VR:0.09)
[2026-05-12 14:45:10]  [行16] 解析成功: SZSE.300432 [富临精工] SELL @ 27.54 (VR:0.66)
[2026-05-12 14:45:10] 成功保存 16 条因子至: signal_batch_20260512_144510_098563.txt
[2026-05-12 14:45:10]  QQ-备用 邮件 830 处理完成
[2026-05-12 14:45:10]  QQ-备用 本轮共成功处理 1 封有效信号邮件
[2026-05-12 14:45:45]  正在连接 QQ-主 邮箱服务器 (497720537@qq.com) ...
[2026-05-12 14:45:46]  正在连接 QQ-备用 邮箱服务器 (shouqianbadavid@qq.com) ...
[2026-05-12 14:46:21]  正在连接 QQ-主 邮箱服务器 (497720537@qq.com) ...
[2026-05-12 14:46:23]  正在连接 QQ-备用 邮箱服务器 (shouqianbadavid@qq.com) ...
[2026-05-12 14:46:59]  正在连接 QQ-主 邮箱服务器 (497720537@qq.com) ...
[2026-05-12 14:47:00]  正在连接 QQ-备用 邮箱服务器 (shouqianbadavid@qq.com) ...
[2026-05-12 14:47:35]  正在连接 QQ-主 邮箱服务器 (497720537@qq.com) ...
[2026-05-12 14:47:36]  正在连接 QQ-备用 邮箱服务器 (shouqianbadavid@qq.com) ...
[2026-05-12 14:48:11]  正在连接 QQ-主 邮箱服务器 (497720537@qq.com) ...
[2026-05-12 14:48:12]  正在连接 QQ-备用 邮箱服务器 (shouqianbadavid@qq.com) ...
[2026-05-12 14:48:47]  正在连接 QQ-主 邮箱服务器 (497720537@qq.com) ...
[2026-05-12 14:48:48]  正在连接 QQ-备用 邮箱服务器 (shouqianbadavid@qq.com) ...
[2026-05-12 14:49:24]  正在连接 QQ-主 邮箱服务器 (497720537@qq.com) ...
[2026-05-12 14:49:25]  正在连接 QQ-备用 邮箱服务器 (shouqianbadavid@qq.com) ...
[2026-05-12 14:50:00]  正在连接 QQ-主 邮箱服务器 (497720537@qq.com) ...
[2026-05-12 14:50:01]  正在连接 QQ-备用 邮箱服务器 (shouqianbadavid@qq.com) ...
[2026-05-12 14:50:36]  正在连接 QQ-主 邮箱服务器 (497720537@qq.com) ...
[2026-05-12 14:50:37]  正在连接 QQ-备用 邮箱服务器 (shouqianbadavid@qq.com) ...
[2026-05-12 14:51:13]  正在连接 QQ-主 邮箱服务器 (497720537@qq.com) ...
[2026-05-12 14:51:13]  正在连接 QQ-备用 邮箱服务器 (shouqianbadavid@qq.com) ...
[2026-05-12 14:51:49]  正在连接 QQ-主 邮箱服务器 (497720537@qq.com) ...
[2026-05-12 14:51:51]  正在连接 QQ-备用 邮箱服务器 (shouqianbadavid@qq.com) ...
[2026-05-12 14:52:27]  正在连接 QQ-主 邮箱服务器 (497720537@qq.com) ...
[2026-05-12 14:52:27]  正在连接 QQ-备用 邮箱服务器 (shouqianbadavid@qq.com) ...
[2026-05-12 14:53:03]  正在连接 QQ-主 邮箱服务器 (497720537@qq.com) ...
[2026-05-12 14:53:04]  QQ-主 正在解析因子: =?utf-8?b?QWxwaGFQaWxvdCDlrp7ml7bkv6Hlj7cgKGFscGhhX3NpZ25hbF90aHJfMjAyNjA1MTJfMTQ1Mi5qc29uKSBb5Li7UVEt5a+55aSWXQ==?=
[2026-05-12 14:53:04]  发现表格，共 20 行数据
[2026-05-12 14:53:04]  动态索引映射: ['股票代码', '股票名称', '信号', '当前价格', '量比', '来源过滤']
[2026-05-12 14:53:04]  [行1] 解析成功: SZSE.002455 [百川股份] SELL @ 10.0 (VR:0.01)
[2026-05-12 14:53:04]  [行2] 解析成功: SZSE.003035 [南网能源] SELL @ 7.88 (VR:0.18)
[2026-05-12 14:53:04]  [行3] 解析成功: SZSE.300207 [欣旺达] SELL @ 26.34 (VR:0.56)
[2026-05-12 14:53:04]  [行4] 解析成功: SZSE.002506 [协鑫集成] SELL @ 4.31 (VR:0.09)
[2026-05-12 14:53:04]  [行5] 解析成功: SZSE.300393 [中来股份] SELL @ 12.3 (VR:1.09)
[2026-05-12 14:53:04]  [行6] 解析成功: SZSE.301278 [快克股份] SELL @ 40.89 (VR:0.5)
[2026-05-12 14:53:04]  [行7] 解析成功: SZSE.301419 [瑞可达] BUY @ 44.8 (VR:0.51)
[2026-05-12 14:53:04]  [行8] 解析成功: SZSE.300930 [屹通新材] SELL @ 32.97 (VR:0.58)
[2026-05-12 14:53:04]  [行9] 解析成功: SZSE.300643 [万通智控] SELL @ 18.55 (VR:0.28)
[2026-05-12 14:53:04]  [行10] 解析成功: SZSE.300953 [震裕科技] SELL @ 234.0 (VR:0.47)
[2026-05-12 14:53:04]  [行11] 解析成功: SZSE.002455 [百川股份] SELL @ 9.99 (VR:0.28)
[2026-05-12 14:53:04]  [行12] 解析成功: SZSE.003035 [南网能源] SELL @ 7.87 (VR:0.28)
[2026-05-12 14:53:04]  [行13] 解析成功: SZSE.300207 [欣旺达] SELL @ 26.29 (VR:0.6)
[2026-05-12 14:53:04]  [行14] 解析成功: SZSE.002506 [协鑫集成] SELL @ 4.3 (VR:0.03)
[2026-05-12 14:53:04]  [行15] 解析成功: SZSE.300393 [中来股份] SELL @ 12.29 (VR:1.67)
[2026-05-12 14:53:04]  [行16] 解析成功: SZSE.301278 [快克股份] SELL @ 40.86 (VR:0.24)
[2026-05-12 14:53:04]  [行17] 解析成功: SZSE.301419 [瑞可达] BUY @ 44.92 (VR:7.34)
[2026-05-12 14:53:04]  [行18] 解析成功: SZSE.300930 [屹通新材] SELL @ 32.93 (VR:0.2)
[2026-05-12 14:53:04]  [行19] 解析成功: SZSE.300643 [万通智控] SELL @ 18.53 (VR:0.13)
[2026-05-12 14:53:04]  [行20] 解析成功: SZSE.300953 [震裕科技] SELL @ 233.91 (VR:1.4)
[2026-05-12 14:53:04] 成功保存 20 条因子至: signal_batch_20260512_145304_037674.txt
[2026-05-12 14:53:04]  QQ-主 邮件 3518 处理完成
[2026-05-12 14:53:04]  QQ-主 本轮共成功处理 1 封有效信号邮件
[2026-05-12 14:53:04]  正在连接 QQ-备用 邮箱服务器 (shouqianbadavid@qq.com) ...
[2026-05-12 14:53:39]  正在连接 QQ-主 邮箱服务器 (497720537@qq.com) ...
[2026-05-12 14:53:40]  正在连接 QQ-备用 邮箱服务器 (shouqianbadavid@qq.com) ...
[2026-05-12 14:53:40]  QQ-备用 正在解析因子: =?utf-8?b?QWxwaGFQaWxvdCDlpIfku73kv6Hlj7cgKGFscGhhX3NpZ25hbF90aHJfMjAyNjA1MTJfMTQ1Mi5qc29uKSBb5aSHUVEt6Ieq5L+dXQ==?=
[2026-05-12 14:53:40]  发现表格，共 20 行数据
[2026-05-12 14:53:40]  动态索引映射: ['股票代码', '股票名称', '信号', '当前价格', '量比', '来源过滤']
[2026-05-12 14:53:40]  [行1] 解析成功: SZSE.002455 [百川股份] SELL @ 10.0 (VR:0.01)
[2026-05-12 14:53:40]  [行2] 解析成功: SZSE.003035 [南网能源] SELL @ 7.88 (VR:0.18)
[2026-05-12 14:53:40]  [行3] 解析成功: SZSE.300207 [欣旺达] SELL @ 26.34 (VR:0.56)
[2026-05-12 14:53:40]  [行4] 解析成功: SZSE.002506 [协鑫集成] SELL @ 4.31 (VR:0.09)
[2026-05-12 14:53:40]  [行5] 解析成功: SZSE.300393 [中来股份] SELL @ 12.3 (VR:1.09)
[2026-05-12 14:53:40]  [行6] 解析成功: SZSE.301278 [快克股份] SELL @ 40.89 (VR:0.5)
[2026-05-12 14:53:40]  [行7] 解析成功: SZSE.301419 [瑞可达] BUY @ 44.8 (VR:0.51)
[2026-05-12 14:53:40]  [行8] 解析成功: SZSE.300930 [屹通新材] SELL @ 32.97 (VR:0.58)
[2026-05-12 14:53:40]  [行9] 解析成功: SZSE.300643 [万通智控] SELL @ 18.55 (VR:0.28)
[2026-05-12 14:53:40]  [行10] 解析成功: SZSE.300953 [震裕科技] SELL @ 234.0 (VR:0.47)
[2026-05-12 14:53:40]  [行11] 解析成功: SZSE.002455 [百川股份] SELL @ 9.99 (VR:0.28)
[2026-05-12 14:53:40]  [行12] 解析成功: SZSE.003035 [南网能源] SELL @ 7.87 (VR:0.28)
[2026-05-12 14:53:40]  [行13] 解析成功: SZSE.300207 [欣旺达] SELL @ 26.29 (VR:0.6)
[2026-05-12 14:53:40]  [行14] 解析成功: SZSE.002506 [协鑫集成] SELL @ 4.3 (VR:0.03)
[2026-05-12 14:53:40]  [行15] 解析成功: SZSE.300393 [中来股份] SELL @ 12.29 (VR:1.67)
[2026-05-12 14:53:40]  [行16] 解析成功: SZSE.301278 [快克股份] SELL @ 40.86 (VR:0.24)
[2026-05-12 14:53:40]  [行17] 解析成功: SZSE.301419 [瑞可达] BUY @ 44.92 (VR:7.34)
[2026-05-12 14:53:40]  [行18] 解析成功: SZSE.300930 [屹通新材] SELL @ 32.93 (VR:0.2)
[2026-05-12 14:53:40]  [行19] 解析成功: SZSE.300643 [万通智控] SELL @ 18.53 (VR:0.13)
[2026-05-12 14:53:40]  [行20] 解析成功: SZSE.300953 [震裕科技] SELL @ 233.91 (VR:1.4)
[2026-05-12 14:53:40] 成功保存 20 条因子至: signal_batch_20260512_145340_952304.txt
[2026-05-12 14:53:41]  QQ-备用 邮件 831 处理完成
[2026-05-12 14:53:41]  QQ-备用 本轮共成功处理 1 封有效信号邮件
[2026-05-12 14:54:16]  正在连接 QQ-主 邮箱服务器 (497720537@qq.com) ...
[2026-05-12 14:54:17]  正在连接 QQ-备用 邮箱服务器 (shouqianbadavid@qq.com) ...
[2026-05-12 14:54:52]  正在连接 QQ-主 邮箱服务器 (497720537@qq.com) ...
[2026-05-12 14:54:53]  正在连接 QQ-备用 邮箱服务器 (shouqianbadavid@qq.com) ...
[2026-05-12 14:55:28]  正在连接 QQ-主 邮箱服务器 (497720537@qq.com) ...
[2026-05-12 14:55:29]  正在连接 QQ-备用 邮箱服务器 (shouqianbadavid@qq.com) ...
[2026-05-12 14:56:05]  正在连接 QQ-主 邮箱服务器 (497720537@qq.com) ...
[2026-05-12 14:56:05]  正在连接 QQ-备用 邮箱服务器 (shouqianbadavid@qq.com) ...
[2026-05-12 14:56:41]  正在连接 QQ-主 邮箱服务器 (497720537@qq.com) ...
[2026-05-12 14:56:41]  正在连接 QQ-备用 邮箱服务器 (shouqianbadavid@qq.com) ...
[2026-05-12 14:57:17]  正在连接 QQ-主 邮箱服务器 (497720537@qq.com) ...
[2026-05-12 14:57:18]  正在连接 QQ-备用 邮箱服务器 (shouqianbadavid@qq.com) ...
[2026-05-12 14:57:53]  正在连接 QQ-主 邮箱服务器 (497720537@qq.com) ...
[2026-05-12 14:57:54]  正在连接 QQ-备用 邮箱服务器 (shouqianbadavid@qq.com) ...
[2026-05-12 14:58:29]  正在连接 QQ-主 邮箱服务器 (497720537@qq.com) ...
[2026-05-12 14:58:30]  正在连接 QQ-备用 邮箱服务器 (shouqianbadavid@qq.com) ...
[2026-05-12 14:59:06]  正在连接 QQ-主 邮箱服务器 (497720537@qq.com) ...
[2026-05-12 14:59:07]  QQ-主 正在解析因子: =?utf-8?b?QWxwaGFQaWxvdCDlrp7ml7bkv6Hlj7cgKGFscGhhX3NpZ25hbF90aHJfMjAyNjA1MTJfMTQ1OC5qc29uKSBb5Li7UVEt5a+55aSWXQ==?=
[2026-05-12 14:59:07]  发现表格，共 28 行数据
[2026-05-12 14:59:07]  动态索引映射: ['股票代码', '股票名称', '信号', '当前价格', '量比', '来源过滤']
[2026-05-12 14:59:07]  [行1] 解析成功: SZSE.300722 [新余国科] BUY @ 28.51 (VR:0.02)
[2026-05-12 14:59:07]  [行2] 解析成功: SZSE.301158 [万集科技] BUY @ 26.59 (VR:0.79)
[2026-05-12 14:59:07]  [行3] 解析成功: SZSE.301120 [新特电器] BUY @ 20.59 (VR:0.32)
[2026-05-12 14:59:07]  [行4] 解析成功: SZSE.300641 [正丹股份] SELL @ 17.04 (VR:0.71)
[2026-05-12 14:59:07]  [行5] 解析成功: SZSE.301389 [隆扬电子] SELL @ 76.25 (VR:0.99)
[2026-05-12 14:59:07]  [行6] 解析成功: SZSE.301449 [天溯计量] BUY @ 71.35 (VR:0.41)
[2026-05-12 14:59:07]  [行7] 解析成功: SHSE.603353 [和顺电气] BUY @ 53.32 (VR:0.08)
[2026-05-12 14:59:07]  [行8] 解析成功: SHSE.688700 [东威科技] BUY @ 66.6 (VR:0.24)
[2026-05-12 14:59:07]  [行9] 解析成功: SHSE.603538 [美诺华] SELL @ 54.55 (VR:0.45)
[2026-05-12 14:59:07]  [行10] 解析成功: SZSE.300243 [瑞丰光电] SELL @ 19.33 (VR:1.42)
[2026-05-12 14:59:07]  [行11] 解析成功: SZSE.002980 [华盛昌] BUY @ 82.41 (VR:1.23)
[2026-05-12 14:59:07]  [行12] 解析成功: SZSE.301220 [亚香股份] SELL @ 41.51 (VR:0.11)
[2026-05-12 14:59:07]  [行13] 解析成功: SZSE.300185 [通裕重工] SELL @ 3.3 (VR:0.27)
[2026-05-12 14:59:07]  [行14] 解析成功: SZSE.300672 [国科微] SELL @ 233.57 (VR:0.29)
[2026-05-12 14:59:07]  [行15] 解析成功: SZSE.300722 [新余国科] BUY @ 28.52 (VR:0.12)
[2026-05-12 14:59:07]  [行16] 解析成功: SZSE.301158 [万集科技] BUY @ 26.6 (VR:0.54)
[2026-05-12 14:59:07]  [行17] 解析成功: SZSE.301120 [新特电器] BUY @ 20.6 (VR:0.24)
[2026-05-12 14:59:07]  [行18] 解析成功: SZSE.300641 [正丹股份] SELL @ 17.0 (VR:0.8)
[2026-05-12 14:59:07]  [行19] 解析成功: SZSE.301389 [隆扬电子] SELL @ 75.9 (VR:1.12)
[2026-05-12 14:59:07]  [行20] 解析成功: SZSE.301449 [天溯计量] BUY @ 71.45 (VR:0.47)
[2026-05-12 14:59:07]  [行21] 解析成功: SHSE.603353 [和顺电气] BUY @ 53.39 (VR:0.56)
[2026-05-12 14:59:07]  [行22] 解析成功: SHSE.688700 [东威科技] BUY @ 66.82 (VR:1.05)
[2026-05-12 14:59:07]  [行23] 解析成功: SHSE.603538 [美诺华] SELL @ 54.23 (VR:0.93)
[2026-05-12 14:59:07]  [行24] 解析成功: SZSE.300243 [瑞丰光电] SELL @ 19.11 (VR:1.32)
[2026-05-12 14:59:07]  [行25] 解析成功: SZSE.002980 [华盛昌] BUY @ 82.48 (VR:0.9)
[2026-05-12 14:59:07]  [行26] 解析成功: SZSE.301220 [亚香股份] SELL @ 41.45 (VR:1.5)
[2026-05-12 14:59:07]  [行27] 解析成功: SZSE.300185 [通裕重工] SELL @ 3.29 (VR:1.29)
[2026-05-12 14:59:07]  [行28] 解析成功: SZSE.300672 [国科微] SELL @ 233.38 (VR:0.59)
[2026-05-12 14:59:07] 成功保存 28 条因子至: signal_batch_20260512_145907_358813.txt
[2026-05-12 14:59:07]  QQ-主 邮件 3519 处理完成
[2026-05-12 14:59:07]  QQ-主 本轮共成功处理 1 封有效信号邮件
[2026-05-12 14:59:07]  正在连接 QQ-备用 邮箱服务器 (shouqianbadavid@qq.com) ...
[2026-05-12 14:59:43]  正在连接 QQ-主 邮箱服务器 (497720537@qq.com) ...
[2026-05-12 14:59:43]  正在连接 QQ-备用 邮箱服务器 (shouqianbadavid@qq.com) ...
[2026-05-12 14:59:44]  QQ-备用 正在解析因子: =?utf-8?b?QWxwaGFQaWxvdCDlpIfku73kv6Hlj7cgKGFscGhhX3NpZ25hbF90aHJfMjAyNjA1MTJfMTQ1OC5qc29uKSBb5aSHUVEt6Ieq5L+dXQ==?=
[2026-05-12 14:59:44]  发现表格，共 28 行数据
[2026-05-12 14:59:44]  动态索引映射: ['股票代码', '股票名称', '信号', '当前价格', '量比', '来源过滤']
[2026-05-12 14:59:44]  [行1] 解析成功: SZSE.300722 [新余国科] BUY @ 28.51 (VR:0.02)
[2026-05-12 14:59:44]  [行2] 解析成功: SZSE.301158 [万集科技] BUY @ 26.59 (VR:0.79)
[2026-05-12 14:59:44]  [行3] 解析成功: SZSE.301120 [新特电器] BUY @ 20.59 (VR:0.32)
[2026-05-12 14:59:44]  [行4] 解析成功: SZSE.300641 [正丹股份] SELL @ 17.04 (VR:0.71)
[2026-05-12 14:59:44]  [行5] 解析成功: SZSE.301389 [隆扬电子] SELL @ 76.25 (VR:0.99)
[2026-05-12 14:59:44]  [行6] 解析成功: SZSE.301449 [天溯计量] BUY @ 71.35 (VR:0.41)
[2026-05-12 14:59:44]  [行7] 解析成功: SHSE.603353 [和顺电气] BUY @ 53.32 (VR:0.08)
[2026-05-12 14:59:44]  [行8] 解析成功: SHSE.688700 [东威科技] BUY @ 66.6 (VR:0.24)
[2026-05-12 14:59:44]  [行9] 解析成功: SHSE.603538 [美诺华] SELL @ 54.55 (VR:0.45)
[2026-05-12 14:59:44]  [行10] 解析成功: SZSE.300243 [瑞丰光电] SELL @ 19.33 (VR:1.42)
[2026-05-12 14:59:44]  [行11] 解析成功: SZSE.002980 [华盛昌] BUY @ 82.41 (VR:1.23)
[2026-05-12 14:59:44]  [行12] 解析成功: SZSE.301220 [亚香股份] SELL @ 41.51 (VR:0.11)
[2026-05-12 14:59:44]  [行13] 解析成功: SZSE.300185 [通裕重工] SELL @ 3.3 (VR:0.27)
[2026-05-12 14:59:44]  [行14] 解析成功: SZSE.300672 [国科微] SELL @ 233.57 (VR:0.29)
[2026-05-12 14:59:44]  [行15] 解析成功: SZSE.300722 [新余国科] BUY @ 28.52 (VR:0.12)
[2026-05-12 14:59:44]  [行16] 解析成功: SZSE.301158 [万集科技] BUY @ 26.6 (VR:0.54)
[2026-05-12 14:59:44]  [行17] 解析成功: SZSE.301120 [新特电器] BUY @ 20.6 (VR:0.24)
[2026-05-12 14:59:44]  [行18] 解析成功: SZSE.300641 [正丹股份] SELL @ 17.0 (VR:0.8)
[2026-05-12 14:59:44]  [行19] 解析成功: SZSE.301389 [隆扬电子] SELL @ 75.9 (VR:1.12)
[2026-05-12 14:59:44]  [行20] 解析成功: SZSE.301449 [天溯计量] BUY @ 71.45 (VR:0.47)
[2026-05-12 14:59:44]  [行21] 解析成功: SHSE.603353 [和顺电气] BUY @ 53.39 (VR:0.56)
[2026-05-12 14:59:44]  [行22] 解析成功: SHSE.688700 [东威科技] BUY @ 66.82 (VR:1.05)
[2026-05-12 14:59:44]  [行23] 解析成功: SHSE.603538 [美诺华] SELL @ 54.23 (VR:0.93)
[2026-05-12 14:59:44]  [行24] 解析成功: SZSE.300243 [瑞丰光电] SELL @ 19.11 (VR:1.32)
[2026-05-12 14:59:44]  [行25] 解析成功: SZSE.002980 [华盛昌] BUY @ 82.48 (VR:0.9)
[2026-05-12 14:59:44]  [行26] 解析成功: SZSE.301220 [亚香股份] SELL @ 41.45 (VR:1.5)
[2026-05-12 14:59:44]  [行27] 解析成功: SZSE.300185 [通裕重工] SELL @ 3.29 (VR:1.29)
[2026-05-12 14:59:44]  [行28] 解析成功: SZSE.300672 [国科微] SELL @ 233.38 (VR:0.59)
[2026-05-12 14:59:44] 成功保存 28 条因子至: signal_batch_20260512_145944_781489.txt
[2026-05-12 14:59:45]  QQ-备用 邮件 832 处理完成
[2026-05-12 14:59:45]  QQ-备用 本轮共成功处理 1 封有效信号邮件
[2026-05-12 15:00:20]  正在连接 QQ-主 邮箱服务器 (497720537@qq.com) ...
[2026-05-12 15:00:20]  正在连接 QQ-备用 邮箱服务器 (shouqianbadavid@qq.com) ...
[2026-05-12 15:00:56]  正在连接 QQ-主 邮箱服务器 (497720537@qq.com) ...
[2026-05-12 15:01:08]  正在连接 QQ-备用 邮箱服务器 (shouqianbadavid@qq.com) ...
[2026-05-12 15:01:44]  正在连接 QQ-主 邮箱服务器 (497720537@qq.com) ...
[2026-05-12 15:01:45]  正在连接 QQ-备用 邮箱服务器 (shouqianbadavid@qq.com) ...
[2026-05-12 15:02:20]  正在连接 QQ-主 邮箱服务器 (497720537@qq.com) ...
[2026-05-12 15:02:21]  正在连接 QQ-备用 邮箱服务器 (shouqianbadavid@qq.com) ...
[2026-05-12 15:02:57]  正在连接 QQ-主 邮箱服务器 (497720537@qq.com) ...
[2026-05-12 15:02:57]  正在连接 QQ-备用 邮箱服务器 (shouqianbadavid@qq.com) ...
[2026-05-12 15:03:33]  正在连接 QQ-主 邮箱服务器 (497720537@qq.com) ...
[2026-05-12 15:03:34]  正在连接 QQ-备用 邮箱服务器 (shouqianbadavid@qq.com) ...
[2026-05-12 15:04:10]  正在连接 QQ-主 邮箱服务器 (497720537@qq.com) ...
[2026-05-12 15:04:11]  正在连接 QQ-备用 邮箱服务器 (shouqianbadavid@qq.com) ...
[2026-05-12 15:04:46]  正在连接 QQ-主 邮箱服务器 (497720537@qq.com) ...
[2026-05-12 15:04:47]  正在连接 QQ-备用 邮箱服务器 (shouqianbadavid@qq.com) ...
[2026-05-12 15:05:23]  正在连接 QQ-主 邮箱服务器 (497720537@qq.com) ...
[2026-05-12 15:05:24]  正在连接 QQ-备用 邮箱服务器 (shouqianbadavid@qq.com) ...
[2026-05-12 15:06:00]  正在连接 QQ-主 邮箱服务器 (497720537@qq.com) ...
[2026-05-12 15:06:00]  正在连接 QQ-备用 邮箱服务器 (shouqianbadavid@qq.com) ...
[2026-05-12 15:06:36]  正在连接 QQ-主 邮箱服务器 (497720537@qq.com) ...
[2026-05-12 15:06:37]  正在连接 QQ-备用 邮箱服务器 (shouqianbadavid@qq.com) ...
[2026-05-12 15:07:13]  正在连接 QQ-主 邮箱服务器 (497720537@qq.com) ...
[2026-05-12 15:07:14]  QQ-主 正在解析因子: =?utf-8?b?QWxwaGFQaWxvdCDlrp7ml7bkv6Hlj7cgKGFscGhhX3NpZ25hbF90aHJfMjAyNjA1MTJfMTUwNi5qc29uKSBb5Li7UVEt5a+55aSWXQ==?=
[2026-05-12 15:07:14]  发现表格，共 8 行数据
[2026-05-12 15:07:14]  动态索引映射: ['股票代码', '股票名称', '信号', '当前价格', '量比', '来源过滤']
[2026-05-12 15:07:14]  [行1] 解析成功: SZSE.300763 [锦浪科技] SELL @ 100.45 (VR:0.81)
[2026-05-12 15:07:14]  [行2] 解析成功: SZSE.002015 [协鑫能科] BUY @ 21.22 (VR:1.19)
[2026-05-12 15:07:14]  [行3] 解析成功: SZSE.301667 [纳百川] SELL @ 112.88 (VR:0.58)
[2026-05-12 15:07:14]  [行4] 解析成功: SZSE.300345 [华民股份] SELL @ 7.13 (VR:0.68)
[2026-05-12 15:07:14]  [行5] 解析成功: SZSE.300763 [锦浪科技] SELL @ 100.43 (VR:nan)
[2026-05-12 15:07:14]  [行6] 解析成功: SZSE.002015 [协鑫能科] BUY @ 21.26 (VR:nan)
[2026-05-12 15:07:14]  [行7] 解析成功: SZSE.301667 [纳百川] SELL @ 112.81 (VR:nan)
[2026-05-12 15:07:14]  [行8] 解析成功: SZSE.300345 [华民股份] SELL @ 7.12 (VR:nan)
[2026-05-12 15:07:14] 成功保存 8 条因子至: signal_batch_20260512_150714_276230.txt
[2026-05-12 15:07:14]  QQ-主 邮件 3520 处理完成
[2026-05-12 15:07:14]  QQ-主 本轮共成功处理 1 封有效信号邮件
[2026-05-12 15:07:14]  正在连接 QQ-备用 邮箱服务器 (shouqianbadavid@qq.com) ...
[2026-05-12 15:07:15]  QQ-备用 正在解析因子: =?utf-8?b?QWxwaGFQaWxvdCDlpIfku73kv6Hlj7cgKGFscGhhX3NpZ25hbF90aHJfMjAyNjA1MTJfMTUwNi5qc29uKSBb5aSHUVEt6Ieq5L+dXQ==?=
[2026-05-12 15:07:15]  发现表格，共 8 行数据
[2026-05-12 15:07:15]  动态索引映射: ['股票代码', '股票名称', '信号', '当前价格', '量比', '来源过滤']
[2026-05-12 15:07:15]  [行1] 解析成功: SZSE.300763 [锦浪科技] SELL @ 100.45 (VR:0.81)
[2026-05-12 15:07:15]  [行2] 解析成功: SZSE.002015 [协鑫能科] BUY @ 21.22 (VR:1.19)
[2026-05-12 15:07:15]  [行3] 解析成功: SZSE.301667 [纳百川] SELL @ 112.88 (VR:0.58)
[2026-05-12 15:07:15]  [行4] 解析成功: SZSE.300345 [华民股份] SELL @ 7.13 (VR:0.68)
[2026-05-12 15:07:15]  [行5] 解析成功: SZSE.300763 [锦浪科技] SELL @ 100.43 (VR:nan)
[2026-05-12 15:07:15]  [行6] 解析成功: SZSE.002015 [协鑫能科] BUY @ 21.26 (VR:nan)
[2026-05-12 15:07:15]  [行7] 解析成功: SZSE.301667 [纳百川] SELL @ 112.81 (VR:nan)
[2026-05-12 15:07:15]  [行8] 解析成功: SZSE.300345 [华民股份] SELL @ 7.12 (VR:nan)
[2026-05-12 15:07:15] 成功保存 8 条因子至: signal_batch_20260512_150715_590576.txt
[2026-05-12 15:07:15]  QQ-备用 邮件 833 处理完成
[2026-05-12 15:07:15]  QQ-备用 本轮共成功处理 1 封有效信号邮件
[2026-05-12 15:07:50]  正在连接 QQ-主 邮箱服务器 (497720537@qq.com) ...
[2026-05-12 15:07:51]  正在连接 QQ-备用 邮箱服务器 (shouqianbadavid@qq.com) ...
[2026-05-12 15:08:27]  正在连接 QQ-主 邮箱服务器 (497720537@qq.com) ...
[2026-05-12 15:08:28]  正在连接 QQ-备用 邮箱服务器 (shouqianbadavid@qq.com) ...
[2026-05-12 15:09:04]  正在连接 QQ-主 邮箱服务器 (497720537@qq.com) ...
[2026-05-12 15:09:05]  正在连接 QQ-备用 邮箱服务器 (shouqianbadavid@qq.com) ...
[2026-05-12 15:09:41]  正在连接 QQ-主 邮箱服务器 (497720537@qq.com) ...
[2026-05-12 15:09:41]  正在连接 QQ-备用 邮箱服务器 (shouqianbadavid@qq.com) ...
[2026-05-12 15:10:17]  正在连接 QQ-主 邮箱服务器 (497720537@qq.com) ...
[2026-05-12 15:10:18]  正在连接 QQ-备用 邮箱服务器 (shouqianbadavid@qq.com) ...
[2026-05-12 15:10:54]  正在连接 QQ-主 邮箱服务器 (497720537@qq.com) ...
[2026-05-12 15:10:55]  正在连接 QQ-备用 邮箱服务器 (shouqianbadavid@qq.com) ...
[2026-05-12 15:11:30]  正在连接 QQ-主 邮箱服务器 (497720537@qq.com) ...
[2026-05-12 15:11:31]  正在连接 QQ-备用 邮箱服务器 (shouqianbadavid@qq.com) ...
[2026-05-12 15:12:07]  正在连接 QQ-主 邮箱服务器 (497720537@qq.com) ...
[2026-05-12 15:12:08]  正在连接 QQ-备用 邮箱服务器 (shouqianbadavid@qq.com) ...
[2026-05-12 15:12:44]  正在连接 QQ-主 邮箱服务器 (497720537@qq.com) ...
[2026-05-12 15:12:44]  正在连接 QQ-备用 邮箱服务器 (shouqianbadavid@qq.com) ...
[2026-05-12 15:13:20]  正在连接 QQ-主 邮箱服务器 (497720537@qq.com) ...
[2026-05-12 15:13:21]  正在连接 QQ-备用 邮箱服务器 (shouqianbadavid@qq.com) ...
