[2026-06-26 00:34:04]  AlphaPilot 监听服务 (Pro 多邮箱版) 启动...
[2026-06-26 00:34:04]  信号保存目录: D:\mpython\signals
[2026-06-26 00:34:04]  日志文件: D:\mpython\logs_receiver\receiver_20260626.log
[2026-06-26 00:34:04]  正在连接 QQ-主 邮箱服务器 (497720537@qq.com) ...
[2026-06-26 00:34:05]  QQ-主 正在解析因子: =?utf-8?b?QWxwaGFQaWxvdCDlrp7ml7bkv6Hlj7cgKGFscGhhX3NpZ25hbF90aHJfMjAyNjA2MjVfMTQzMi5qc29uKSBb5Li7UVEt5a+55aSWXQ==?=
[2026-06-26 00:34:05]  发现表格，共 27 行数据
[2026-06-26 00:34:05]  动态索引映射: ['股票代码', '股票名称', '信号', '当前价格', '量比', '来源过滤']
[2026-06-26 00:34:05]  [行1] 解析成功: SHSE.688216 [气派科技] BUY @ 39.3 (VR:0.17)
[2026-06-26 00:34:05]  [行2] 解析成功: SHSE.688308 [欧科亿] BUY @ 193.5 (VR:0.2)
[2026-06-26 00:34:05]  [行3] 解析成功: SHSE.688721 [龙图光罩] SELL @ 52.3 (VR:0.27)
[2026-06-26 00:34:05]  [行4] 解析成功: SHSE.688249 [晶合集成] SELL @ 58.12 (VR:0.46)
[2026-06-26 00:34:05]  [行5] 解析成功: SZSE.301362 [民爆光电] SELL @ 191.2 (VR:0.18)
[2026-06-26 00:34:05]  [行6] 解析成功: SZSE.300221 [银禧科技] SELL @ 16.54 (VR:0.26)
[2026-06-26 00:34:05]  [行7] 解析成功: SZSE.300420 [五洋自控] BUY @ 8.99 (VR:0.07)
[2026-06-26 00:34:05]  [行8] 解析成功: SZSE.300661 [圣邦股份] BUY @ 138.81 (VR:1.66)
[2026-06-26 00:34:05]  [行9] 解析成功: SZSE.300780 [德恩精工] SELL @ 31.21 (VR:0.31)
[2026-06-26 00:34:05]  [行10] 解析成功: SZSE.301195 [北路智控] BUY @ 28.37 (VR:0.37)
[2026-06-26 00:34:05]  [行11] 解析成功: SZSE.300497 [富祥股份] BUY @ 22.43 (VR:1.03)
[2026-06-26 00:34:05]  [行12] 解析成功: SZSE.301183 [东田微] BUY @ 261.8 (VR:0.41)
[2026-06-26 00:34:05]  [行13] 解析成功: SZSE.300304 [云意电气] BUY @ 19.34 (VR:0.26)
[2026-06-26 00:34:05]  [行14] 解析成功: SZSE.300852 [四会富仕] SELL @ 59.77 (VR:0.38)
[2026-06-26 00:34:05]  [行15] 解析成功: SHSE.688216 [气派科技] BUY @ 39.31 (VR:0.48)
[2026-06-26 00:34:05]  [行16] 解析成功: SHSE.688308 [欧科亿] BUY @ 193.96 (VR:0.26)
[2026-06-26 00:34:05]  [行17] 解析成功: SHSE.688249 [晶合集成] SELL @ 58.23 (VR:0.02)
[2026-06-26 00:34:05]  [行18] 解析成功: SZSE.301362 [民爆光电] SELL @ 190.99 (VR:0.14)
[2026-06-26 00:34:05]  [行19] 解析成功: SZSE.300221 [银禧科技] SELL @ 16.51 (VR:0.34)
[2026-06-26 00:34:05]  [行20] 解析成功: SZSE.300420 [五洋自控] BUY @ 9.01 (VR:0.19)
[2026-06-26 00:34:05]  [行21] 解析成功: SZSE.300661 [圣邦股份] BUY @ 138.91 (VR:0.52)
[2026-06-26 00:34:05]  [行22] 解析成功: SZSE.300780 [德恩精工] SELL @ 31.14 (VR:0.73)
[2026-06-26 00:34:05]  [行23] 解析成功: SZSE.301195 [北路智控] BUY @ 28.37 (VR:0.4)
[2026-06-26 00:34:05]  [行24] 解析成功: SZSE.300497 [富祥股份] BUY @ 22.44 (VR:1.22)
[2026-06-26 00:34:05]  [行25] 解析成功: SZSE.301183 [东田微] BUY @ 262.0 (VR:1.37)
[2026-06-26 00:34:05]  [行26] 解析成功: SZSE.300304 [云意电气] BUY @ 19.4 (VR:0.3)
[2026-06-26 00:34:05]  [行27] 解析成功: SZSE.300852 [四会富仕] SELL @ 59.65 (VR:0.81)
[2026-06-26 00:34:05] 成功保存 27 条因子至: signal_batch_20260626_003405_597120.txt
[2026-06-26 00:34:05]  QQ-主 邮件 4835 处理完成
[2026-06-26 00:34:05]  QQ-主 正在解析因子: =?utf-8?b?QWxwaGFQaWxvdCDlrp7ml7bkv6Hlj7cgKGFscGhhX3NpZ25hbF90aHJfMjAyNjA2MjVfMTQzNS5qc29uKSBb5Li7UVEt5a+55aSWXQ==?=
[2026-06-26 00:34:05]  发现表格，共 14 行数据
[2026-06-26 00:34:05]  动态索引映射: ['股票代码', '股票名称', '信号', '当前价格', '量比', '来源过滤']
[2026-06-26 00:34:05]  [行1] 解析成功: SHSE.601138 [工业富联] SELL @ 77.0 (VR:0.02)
[2026-06-26 00:34:05]  [行2] 解析成功: SZSE.300720 [海川智能] BUY @ 80.47 (VR:0.13)
[2026-06-26 00:34:05]  [行3] 解析成功: SZSE.300308 [中际旭创] SELL @ 1329.46 (VR:0.9)
[2026-06-26 00:34:05]  [行4] 解析成功: SZSE.300433 [蓝思科技] BUY @ 55.9 (VR:0.36)
[2026-06-26 00:34:05]  [行5] 解析成功: SZSE.300936 [中英科技] BUY @ 120.18 (VR:1.05)
[2026-06-26 00:34:05]  [行6] 解析成功: SZSE.000958 [电投产融] BUY @ 5.61 (VR:0.57)
[2026-06-26 00:34:05]  [行7] 解析成功: SZSE.301226 [祥明智能] BUY @ 32.25 (VR:4.51)
[2026-06-26 00:34:05]  [行8] 解析成功: SHSE.601138 [工业富联] SELL @ 76.95 (VR:0.2)
[2026-06-26 00:34:05]  [行9] 解析成功: SZSE.300720 [海川智能] BUY @ 80.57 (VR:0.14)
[2026-06-26 00:34:05]  [行10] 解析成功: SZSE.300308 [中际旭创] SELL @ 1327.12 (VR:1.23)
[2026-06-26 00:34:05]  [行11] 解析成功: SZSE.300433 [蓝思科技] BUY @ 55.91 (VR:0.52)
[2026-06-26 00:34:05]  [行12] 解析成功: SZSE.300936 [中英科技] BUY @ 120.22 (VR:0.34)
[2026-06-26 00:34:05]  [行13] 解析成功: SZSE.000958 [电投产融] BUY @ 5.62 (VR:0.8)
[2026-06-26 00:34:05]  [行14] 解析成功: SZSE.301226 [祥明智能] BUY @ 32.3 (VR:1.18)
[2026-06-26 00:34:05] 成功保存 14 条因子至: signal_batch_20260626_003405_869416.txt
[2026-06-26 00:34:06]  QQ-主 邮件 4836 处理完成
[2026-06-26 00:34:06]  QQ-主 正在解析因子: =?utf-8?b?QWxwaGFQaWxvdCDlrp7ml7bkv6Hlj7cgKGFscGhhX3NpZ25hbF90aHJfMjAyNjA2MjVfMTQzOC5qc29uKSBb5Li7UVEt5a+55aSWXQ==?=
[2026-06-26 00:34:06]  发现表格，共 12 行数据
[2026-06-26 00:34:06]  动态索引映射: ['股票代码', '股票名称', '信号', '当前价格', '量比', '来源过滤']
[2026-06-26 00:34:06]  [行1] 解析成功: SHSE.688102 [斯瑞新材] BUY @ 40.46 (VR:0.11)
[2026-06-26 00:34:06]  [行2] 解析成功: SZSE.300689 [澄天伟业] SELL @ 61.44 (VR:0.76)
[2026-06-26 00:34:06]  [行3] 解析成功: SZSE.301045 [天禄科技] SELL @ 66.51 (VR:0.16)
[2026-06-26 00:34:06]  [行4] 解析成功: SZSE.301188 [力诺药包] BUY @ 66.11 (VR:0.3)
[2026-06-26 00:34:06]  [行5] 解析成功: SZSE.300679 [电连技术] BUY @ 66.29 (VR:0.32)
[2026-06-26 00:34:06]  [行6] 解析成功: SZSE.300620 [光库科技] SELL @ 395.63 (VR:0.74)
[2026-06-26 00:34:06]  [行7] 解析成功: SHSE.688102 [斯瑞新材] BUY @ 40.5 (VR:0.19)
[2026-06-26 00:34:06]  [行8] 解析成功: SZSE.300689 [澄天伟业] SELL @ 61.42 (VR:0.94)
[2026-06-26 00:34:06]  [行9] 解析成功: SZSE.301045 [天禄科技] SELL @ 66.46 (VR:0.09)
[2026-06-26 00:34:06]  [行10] 解析成功: SZSE.301188 [力诺药包] BUY @ 66.3 (VR:0.42)
[2026-06-26 00:34:06]  [行11] 解析成功: SZSE.300679 [电连技术] BUY @ 66.31 (VR:0.59)
[2026-06-26 00:34:06]  [行12] 解析成功: SZSE.300620 [光库科技] SELL @ 395.11 (VR:0.07)
[2026-06-26 00:34:06] 成功保存 12 条因子至: signal_batch_20260626_003406_198128.txt
[2026-06-26 00:34:06]  QQ-主 邮件 4837 处理完成
[2026-06-26 00:34:06]  QQ-主 正在解析因子: =?utf-8?b?QWxwaGFQaWxvdCDlrp7ml7bkv6Hlj7cgKGFscGhhX3NpZ25hbF90aHJfMjAyNjA2MjVfMTQ0MS5qc29uKSBb5Li7UVEt5a+55aSWXQ==?=
[2026-06-26 00:34:06]  发现表格，共 22 行数据
[2026-06-26 00:34:06]  动态索引映射: ['股票代码', '股票名称', '信号', '当前价格', '量比', '来源过滤']
[2026-06-26 00:34:06]  [行1] 解析成功: SHSE.603618 [杭电股份] SELL @ 57.01 (VR:2.38)
[2026-06-26 00:34:06]  [行2] 解析成功: SHSE.600259 [中稀有色] SELL @ 104.63 (VR:0.29)
[2026-06-26 00:34:06]  [行3] 解析成功: SHSE.603175 [超颖电子] BUY @ 91.4 (VR:0.01)
[2026-06-26 00:34:06]  [行4] 解析成功: SHSE.600909 [华安证券] SELL @ 11.93 (VR:0.09)
[2026-06-26 00:34:06]  [行5] 解析成功: SHSE.600460 [士兰微] BUY @ 49.62 (VR:0.08)
[2026-06-26 00:34:06]  [行6] 解析成功: SZSE.002378 [章源钨业] SELL @ 38.18 (VR:0.31)
[2026-06-26 00:34:06]  [行7] 解析成功: SZSE.002768 [国恩股份] BUY @ 52.92 (VR:0.42)
[2026-06-26 00:34:06]  [行8] 解析成功: SZSE.001339 [智微智能] SELL @ 137.28 (VR:0.47)
[2026-06-26 00:34:06]  [行9] 解析成功: SZSE.003031 [中瓷电子] SELL @ 195.59 (VR:1.99)
[2026-06-26 00:34:06]  [行10] 解析成功: SZSE.002643 [万润股份] SELL @ 19.06 (VR:1.64)
[2026-06-26 00:34:06]  [行11] 解析成功: SZSE.002937 [兴瑞科技] BUY @ 42.7 (VR:0.53)
[2026-06-26 00:34:06]  [行12] 解析成功: SHSE.603618 [杭电股份] SELL @ 56.8 (VR:0.19)
[2026-06-26 00:34:06]  [行13] 解析成功: SHSE.600259 [中稀有色] SELL @ 104.49 (VR:0.5)
[2026-06-26 00:34:06]  [行14] 解析成功: SHSE.603175 [超颖电子] BUY @ 92.9 (VR:3.24)
[2026-06-26 00:34:06]  [行15] 解析成功: SHSE.600909 [华安证券] SELL @ 11.88 (VR:0.38)
[2026-06-26 00:34:06]  [行16] 解析成功: SHSE.600460 [士兰微] BUY @ 49.68 (VR:0.31)
[2026-06-26 00:34:06]  [行17] 解析成功: SZSE.002378 [章源钨业] SELL @ 38.17 (VR:0.34)
[2026-06-26 00:34:06]  [行18] 解析成功: SZSE.002768 [国恩股份] BUY @ 53.04 (VR:2.33)
[2026-06-26 00:34:06]  [行19] 解析成功: SZSE.001339 [智微智能] SELL @ 137.1 (VR:0.61)
[2026-06-26 00:34:06]  [行20] 解析成功: SZSE.003031 [中瓷电子] SELL @ 195.39 (VR:1.36)
[2026-06-26 00:34:06]  [行21] 解析成功: SZSE.002643 [万润股份] SELL @ 19.05 (VR:0.69)
[2026-06-26 00:34:06]  [行22] 解析成功: SZSE.002937 [兴瑞科技] BUY @ 42.8 (VR:0.03)
[2026-06-26 00:34:06] 成功保存 22 条因子至: signal_batch_20260626_003406_488953.txt
[2026-06-26 00:34:06]  QQ-主 邮件 4838 处理完成
[2026-06-26 00:34:06]  QQ-主 正在解析因子: =?utf-8?b?QWxwaGFQaWxvdCDlrp7ml7bkv6Hlj7cgKGFscGhhX3NpZ25hbF90aHJfMjAyNjA2MjVfMTQ1OC5qc29uKSBb5Li7UVEt5a+55aSWXQ==?=
[2026-06-26 00:34:06]  发现表格，共 26 行数据
[2026-06-26 00:34:06]  动态索引映射: ['股票代码', '股票名称', '信号', '当前价格', '量比', '来源过滤']
[2026-06-26 00:34:06]  [行1] 解析成功: SHSE.688700 [东威科技] BUY @ 92.88 (VR:1.18)
[2026-06-26 00:34:06]  [行2] 解析成功: SHSE.688511 [天微电子] SELL @ 31.6 (VR:0.47)
[2026-06-26 00:34:06]  [行3] 解析成功: SHSE.688386 [泛亚微透] BUY @ 90.99 (VR:0.47)
[2026-06-26 00:34:06]  [行4] 解析成功: SHSE.688059 [华锐精密] BUY @ 208.95 (VR:0.44)
[2026-06-26 00:34:06]  [行5] 解析成功: SZSE.300037 [新宙邦] BUY @ 90.27 (VR:0.1)
[2026-06-26 00:34:06]  [行6] 解析成功: SZSE.300449 [汉邦高科] BUY @ 7.93 (VR:0.25)
[2026-06-26 00:34:06]  [行7] 解析成功: SZSE.300868 [杰美特] BUY @ 158.38 (VR:0.78)
[2026-06-26 00:34:06]  [行8] 解析成功: SZSE.300285 [国瓷材料] SELL @ 98.27 (VR:0.35)
[2026-06-26 00:34:06]  [行9] 解析成功: SZSE.301252 [同星科技] SELL @ 44.59 (VR:0.21)
[2026-06-26 00:34:06]  [行10] 解析成功: SZSE.301392 [汇成真空] SELL @ 226.59 (VR:0.5)
[2026-06-26 00:34:06]  [行11] 解析成功: SZSE.300319 [麦捷科技] BUY @ 30.06 (VR:1.04)
[2026-06-26 00:34:06]  [行12] 解析成功: SZSE.300234 [开尔新材] BUY @ 11.39 (VR:0.71)
[2026-06-26 00:34:06]  [行13] 解析成功: SZSE.300214 [日科化学] BUY @ 9.76 (VR:1.15)
[2026-06-26 00:34:06]  [行14] 解析成功: SHSE.688700 [东威科技] BUY @ 93.0 (VR:1.0)
[2026-06-26 00:34:06]  [行15] 解析成功: SHSE.688511 [天微电子] SELL @ 31.59 (VR:0.7)
[2026-06-26 00:34:06]  [行16] 解析成功: SHSE.688386 [泛亚微透] BUY @ 91.0 (VR:4.24)
[2026-06-26 00:34:06]  [行17] 解析成功: SHSE.688059 [华锐精密] BUY @ 209.48 (VR:0.77)
[2026-06-26 00:34:06]  [行18] 解析成功: SZSE.300037 [新宙邦] BUY @ 90.3 (VR:0.78)
[2026-06-26 00:34:06]  [行19] 解析成功: SZSE.300449 [汉邦高科] BUY @ 7.94 (VR:0.46)
[2026-06-26 00:34:06]  [行20] 解析成功: SZSE.300868 [杰美特] BUY @ 158.39 (VR:1.28)
[2026-06-26 00:34:06]  [行21] 解析成功: SZSE.300285 [国瓷材料] SELL @ 98.25 (VR:0.66)
[2026-06-26 00:34:06]  [行22] 解析成功: SZSE.301252 [同星科技] SELL @ 44.55 (VR:0.44)
[2026-06-26 00:34:06]  [行23] 解析成功: SZSE.301392 [汇成真空] SELL @ 226.0 (VR:1.02)
[2026-06-26 00:34:06]  [行24] 解析成功: SZSE.300319 [麦捷科技] BUY @ 30.09 (VR:1.33)
[2026-06-26 00:34:06]  [行25] 解析成功: SZSE.300234 [开尔新材] BUY @ 11.4 (VR:0.97)
[2026-06-26 00:34:06]  [行26] 解析成功: SZSE.300214 [日科化学] BUY @ 9.79 (VR:1.22)
[2026-06-26 00:34:06] 成功保存 26 条因子至: signal_batch_20260626_003406_722153.txt
[2026-06-26 00:34:06]  QQ-主 邮件 4844 处理完成
[2026-06-26 00:34:07]  QQ-主 正在解析因子: =?UTF-8?B?YmF5YXJsYWjvvJrigJxUYWsgcA==?=
 =?UTF-8?B?YXlhaCBwZW5pbmcga2Vw?=
 =?UTF-8?B?YWxhLC4uLuKAnQ==?=
[2026-06-26 00:34:07]  发现表格，共 27 行数据
[2026-06-26 00:34:07]  表头映射失败，未找到指定列名。当前表头: ['看看视频内容吧。bayarlah分享了 1 个视频6月24日 13:09查看视频此邮件发给497720537@qq.com。 如果不希望再收到 Meta 的这类邮件，请退订。Meta Platforms, Inc., Attention: Community Support, 1 Meta Way, Menlo Park, CA 94025为保护你的主页安全，请勿转发这封邮件。详细了解', '看看视频内容吧。bayarlah分享了 1 个视频6月24日 13:09查看视频此邮件发给497720537@qq.com。 如果不希望再收到 Meta 的这类邮件，请退订。Meta Platforms, Inc., Attention: Community Support, 1 Meta Way, Menlo Park, CA 94025为保护你的主页安全，请勿转发这封邮件。详细了解', '看看视频内容吧。bayarlah分享了 1 个视频6月24日 13:09查看视频此邮件发给497720537@qq.com。 如果不希望再收到 Meta 的这类邮件，请退订。Meta Platforms, Inc., Attention: Community Support, 1 Meta Way, Menlo Park, CA 94025为保护你的主页安全，请勿转发这封邮件。详细了解', '', '看看视频内容吧。', '', '', '', '', '', '', '', '', '', '', '', '', '', '', 'bayarlah分享了 1 个视频6月24日 13:09查看视频', '', 'bayarlah分享了 1 个视频6月24日 13:09查看视频', 'bayarlah分享了 1 个视频6月24日 13:09查看视频', '', '', 'bayarlah分享了 1 个视频6月24日 13:09查看视频', 'bayarlah分享了 1 个视频6月24日 13:09', 'bayarlah分享了 1 个视频', '', '6月24日 13:09', '', '查看视频', '查看视频', '', '', '', '此邮件发给497720537@qq.com。 如果不希望再收到 Meta 的这类邮件，请退订。Meta Platforms, Inc., Attention: Community Support, 1 Meta Way, Menlo Park, CA 94025', '', '此邮件发给497720537@qq.com。 如果不希望再收到 Meta 的这类邮件，请退订。Meta Platforms, Inc., Attention: Community Support, 1 Meta Way, Menlo Park, CA 94025', '', '', '为保护你的主页安全，请勿转发这封邮件。详细了解', '为保护你的主页安全，请勿转发这封邮件。详细了解', '', '']
[2026-06-26 00:34:07] QQ-主 邮件 4845 无有效信号
[2026-06-26 00:34:07]  QQ-主 正在解析因子: Sale extended: You have one more chance
[2026-06-26 00:34:07]  发现表格，共 46 行数据
[2026-06-26 00:34:07]  表头映射失败，未找到指定列名。当前表头: ['ONE-DAY SALE EXTENSION50% off ProHate missing a sale? We’re giving you one more day to get a full year of Pro for less. Don\'t forget to use codeSUMMERUPSKILLat checkout.Join Pro nowBuild in-demand skills to reach your goalsGuided career pathsBuild a solid foundation for a new career with any of our beginner-friendly career paths.Portfolio projectsApply what you\'re learning to create robust, recruiter-ready projects for your portfolio.Professional certificationsProve your proficiency and show prospective employers you’ve got what it takes.Learn as you build with ProJoin Pro now*50% Off offer valid from June 22, 2026 at 12:00:00 am Eastern Time ("ET") and ends at 11:59:59 pm ET on June 25, 2026. Discount is only applicable to new annual subscription plans (excluding Codecademy Plus, Student, Teams, and All Access), and cannot be combined with any other offer. Discount applies to the first year of a new subscription, after which the subscription will auto-renew for subsequent years at the regular price. Code valid one time only. Discount applies to certain products and not all products are available in all countries. Discount is not applicable to taxes. Codecademy reserves the right to modify or cancel this promotion at any time without notice. Any subscription plan purchases are subject to Codecademy\'sTerms of Service.View Web Version|Email Preferences|Unsubscribe|Privacy PolicyView Web VersionEmail PreferencesUnsubscribePrivacy PolicyCopyright Codecademy. All rights reserved.300 Innovative Way, Suite 2210, Nashua, NH 03062', '', '', '', "ONE-DAY SALE EXTENSION50% off ProHate missing a sale? We’re giving you one more day to get a full year of Pro for less. Don't forget to use codeSUMMERUPSKILLat checkout.Join Pro now", "ONE-DAY SALE EXTENSION50% off ProHate missing a sale? We’re giving you one more day to get a full year of Pro for less. Don't forget to use codeSUMMERUPSKILLat checkout.Join Pro now", 'ONE-DAY SALE EXTENSION', 'ONE-DAY SALE EXTENSION', 'ONE-DAY SALE EXTENSION', '50% off Pro', "Hate missing a sale? We’re giving you one more day to get a full year of Pro for less. Don't forget to use codeSUMMERUPSKILLat checkout.", 'Join Pro now', 'Build in-demand skills to reach your goals', 'Build in-demand skills to reach your goals', 'Build in-demand skills to reach your goals', 'Guided career pathsBuild a solid foundation for a new career with any of our beginner-friendly career paths.', '', '', '', 'Guided career pathsBuild a solid foundation for a new career with any of our beginner-friendly career paths.', 'Guided career paths', 'Build a solid foundation for a new career with any of our beginner-friendly career paths.', "Portfolio projectsApply what you're learning to create robust, recruiter-ready projects for your portfolio.", '', '', '', "Portfolio projectsApply what you're learning to create robust, recruiter-ready projects for your portfolio.", 'Portfolio projects', "Apply what you're learning to create robust, recruiter-ready projects for your portfolio.", 'Professional certificationsProve your proficiency and show prospective employers you’ve got what it takes.', '', '', '', 'Professional certificationsProve your proficiency and show prospective employers you’ve got what it takes.', 'Professional certifications', 'Prove your proficiency and show prospective employers you’ve got what it takes.', 'Learn as you build with ProJoin Pro now', 'Learn as you build with ProJoin Pro now', 'Learn as you build with Pro', 'Join Pro now', '*50% Off offer valid from June 22, 2026 at 12:00:00 am Eastern Time ("ET") and ends at 11:59:59 pm ET on June 25, 2026. Discount is only applicable to new annual subscription plans (excluding Codecademy Plus, Student, Teams, and All Access), and cannot be combined with any other offer. Discount applies to the first year of a new subscription, after which the subscription will auto-renew for subsequent years at the regular price. Code valid one time only. Discount applies to certain products and not all products are available in all countries. Discount is not applicable to taxes. Codecademy reserves the right to modify or cancel this promotion at any time without notice. Any subscription plan purchases are subject to Codecademy\'sTerms of Service.', '*50% Off offer valid from June 22, 2026 at 12:00:00 am Eastern Time ("ET") and ends at 11:59:59 pm ET on June 25, 2026. Discount is only applicable to new annual subscription plans (excluding Codecademy Plus, Student, Teams, and All Access), and cannot be combined with any other offer. Discount applies to the first year of a new subscription, after which the subscription will auto-renew for subsequent years at the regular price. Code valid one time only. Discount applies to certain products and not all products are available in all countries. Discount is not applicable to taxes. Codecademy reserves the right to modify or cancel this promotion at any time without notice. Any subscription plan purchases are subject to Codecademy\'sTerms of Service.', '*50% Off offer valid from June 22, 2026 at 12:00:00 am Eastern Time ("ET") and ends at 11:59:59 pm ET on June 25, 2026. Discount is only applicable to new annual subscription plans (excluding Codecademy Plus, Student, Teams, and All Access), and cannot be combined with any other offer. Discount applies to the first year of a new subscription, after which the subscription will auto-renew for subsequent years at the regular price. Code valid one time only. Discount applies to certain products and not all products are available in all countries. Discount is not applicable to taxes. Codecademy reserves the right to modify or cancel this promotion at any time without notice. Any subscription plan purchases are subject to Codecademy\'sTerms of Service.', 'View Web Version|Email Preferences|Unsubscribe|Privacy PolicyView Web VersionEmail PreferencesUnsubscribePrivacy PolicyCopyright Codecademy. All rights reserved.300 Innovative Way, Suite 2210, Nashua, NH 03062', 'View Web Version|Email Preferences|Unsubscribe|Privacy PolicyView Web VersionEmail PreferencesUnsubscribePrivacy PolicyCopyright Codecademy. All rights reserved.300 Innovative Way, Suite 2210, Nashua, NH 03062', 'View Web Version|Email Preferences|Unsubscribe|Privacy Policy', 'View Web Version|Email Preferences|Unsubscribe|Privacy Policy', 'View Web VersionEmail PreferencesUnsubscribePrivacy Policy', 'View Web VersionEmail PreferencesUnsubscribePrivacy Policy', 'Copyright Codecademy. All rights reserved.300 Innovative Way, Suite 2210, Nashua, NH 03062']
[2026-06-26 00:34:07] QQ-主 邮件 4846 无有效信号
[2026-06-26 00:34:07]  QQ-主 本轮共成功处理 5 封有效信号邮件
[2026-06-26 00:34:08]  正在连接 QQ-备用 邮箱服务器 (shouqianbadavid@qq.com) ...
[2026-06-26 00:34:09]  QQ-备用 正在解析因子: =?utf-8?b?QWxwaGFQaWxvdCDlpIfku73kv6Hlj7cgKGFscGhhX3NpZ25hbF90aHJfMjAyNjA2MjVfMTQyOC5qc29uKSBb5aSHUVEt6Ieq5L+dXQ==?=
[2026-06-26 00:34:09]  发现表格，共 27 行数据
[2026-06-26 00:34:09]  动态索引映射: ['股票代码', '股票名称', '信号', '当前价格', '量比', '来源过滤']
[2026-06-26 00:34:09]  [行1] 解析成功: SHSE.601016 [节能风电] SELL @ 3.57 (VR:1.1)
[2026-06-26 00:34:09]  [行2] 解析成功: SHSE.688700 [东威科技] BUY @ 92.47 (VR:0.42)
[2026-06-26 00:34:09]  [行3] 解析成功: SHSE.688777 [中控技术] SELL @ 119.01 (VR:0.52)
[2026-06-26 00:34:09]  [行4] 解析成功: SHSE.688286 [敏芯股份] BUY @ 104.5 (VR:4.76)
[2026-06-26 00:34:09]  [行5] 解析成功: SHSE.688386 [泛亚微透] SELL @ 91.97 (VR:3.17)
[2026-06-26 00:34:09]  [行6] 解析成功: SHSE.688059 [华锐精密] BUY @ 208.85 (VR:0.15)
[2026-06-26 00:34:09]  [行7] 解析成功: SZSE.300037 [新宙邦] SELL @ 90.51 (VR:0.52)
[2026-06-26 00:34:09]  [行8] 解析成功: SZSE.300643 [万通智控] SELL @ 19.04 (VR:0.04)
[2026-06-26 00:34:09]  [行9] 解析成功: SZSE.300868 [杰美特] BUY @ 159.05 (VR:0.32)
[2026-06-26 00:34:09]  [行10] 解析成功: SZSE.300285 [国瓷材料] BUY @ 99.99 (VR:0.07)
[2026-06-26 00:34:09]  [行11] 解析成功: SZSE.301252 [同星科技] SELL @ 44.59 (VR:0.3)
[2026-06-26 00:34:09]  [行12] 解析成功: SZSE.301392 [汇成真空] BUY @ 226.93 (VR:0.06)
[2026-06-26 00:34:09]  [行13] 解析成功: SZSE.300319 [麦捷科技] BUY @ 30.23 (VR:0.12)
[2026-06-26 00:34:09]  [行14] 解析成功: SZSE.300234 [开尔新材] SELL @ 11.53 (VR:0.64)
[2026-06-26 00:34:09]  [行15] 解析成功: SHSE.601016 [节能风电] SELL @ 3.56 (VR:0.44)
[2026-06-26 00:34:09]  [行16] 解析成功: SHSE.688700 [东威科技] BUY @ 92.59 (VR:0.52)
[2026-06-26 00:34:09]  [行17] 解析成功: SHSE.688777 [中控技术] SELL @ 119.0 (VR:1.22)
[2026-06-26 00:34:09]  [行18] 解析成功: SHSE.688386 [泛亚微透] SELL @ 91.66 (VR:0.53)
[2026-06-26 00:34:09]  [行19] 解析成功: SHSE.688059 [华锐精密] BUY @ 208.95 (VR:0.14)
[2026-06-26 00:34:09]  [行20] 解析成功: SZSE.300643 [万通智控] SELL @ 19.02 (VR:1.22)
[2026-06-26 00:34:09]  [行21] 解析成功: SZSE.300449 [汉邦高科] SELL @ 7.89 (VR:0.41)
[2026-06-26 00:34:09]  [行22] 解析成功: SZSE.300868 [杰美特] BUY @ 159.22 (VR:0.31)
[2026-06-26 00:34:09]  [行23] 解析成功: SZSE.300285 [国瓷材料] BUY @ 100.0 (VR:0.06)
[2026-06-26 00:34:09]  [行24] 解析成功: SZSE.301252 [同星科技] SELL @ 44.55 (VR:0.52)
[2026-06-26 00:34:09]  [行25] 解析成功: SZSE.301392 [汇成真空] BUY @ 227.3 (VR:0.23)
[2026-06-26 00:34:09]  [行26] 解析成功: SZSE.300319 [麦捷科技] BUY @ 30.31 (VR:0.24)
[2026-06-26 00:34:09]  [行27] 解析成功: SZSE.300234 [开尔新材] SELL @ 11.48 (VR:0.18)
[2026-06-26 00:34:09] 成功保存 27 条因子至: signal_batch_20260626_003409_447336.txt
[2026-06-26 00:34:09]  QQ-备用 邮件 2607 处理完成
[2026-06-26 00:34:09]  QQ-备用 正在解析因子: =?utf-8?b?QWxwaGFQaWxvdCDlpIfku73kv6Hlj7cgKGFscGhhX3NpZ25hbF90aHJfMjAyNjA2MjVfMTQzMi5qc29uKSBb5aSHUVEt6Ieq5L+dXQ==?=
[2026-06-26 00:34:09]  发现表格，共 27 行数据
[2026-06-26 00:34:09]  动态索引映射: ['股票代码', '股票名称', '信号', '当前价格', '量比', '来源过滤']
[2026-06-26 00:34:09]  [行1] 解析成功: SHSE.688216 [气派科技] BUY @ 39.3 (VR:0.17)
[2026-06-26 00:34:09]  [行2] 解析成功: SHSE.688308 [欧科亿] BUY @ 193.5 (VR:0.2)
[2026-06-26 00:34:09]  [行3] 解析成功: SHSE.688721 [龙图光罩] SELL @ 52.3 (VR:0.27)
[2026-06-26 00:34:09]  [行4] 解析成功: SHSE.688249 [晶合集成] SELL @ 58.12 (VR:0.46)
[2026-06-26 00:34:09]  [行5] 解析成功: SZSE.301362 [民爆光电] SELL @ 191.2 (VR:0.18)
[2026-06-26 00:34:09]  [行6] 解析成功: SZSE.300221 [银禧科技] SELL @ 16.54 (VR:0.26)
[2026-06-26 00:34:09]  [行7] 解析成功: SZSE.300420 [五洋自控] BUY @ 8.99 (VR:0.07)
[2026-06-26 00:34:09]  [行8] 解析成功: SZSE.300661 [圣邦股份] BUY @ 138.81 (VR:1.66)
[2026-06-26 00:34:09]  [行9] 解析成功: SZSE.300780 [德恩精工] SELL @ 31.21 (VR:0.31)
[2026-06-26 00:34:09]  [行10] 解析成功: SZSE.301195 [北路智控] BUY @ 28.37 (VR:0.37)
[2026-06-26 00:34:09]  [行11] 解析成功: SZSE.300497 [富祥股份] BUY @ 22.43 (VR:1.03)
[2026-06-26 00:34:09]  [行12] 解析成功: SZSE.301183 [东田微] BUY @ 261.8 (VR:0.41)
[2026-06-26 00:34:09]  [行13] 解析成功: SZSE.300304 [云意电气] BUY @ 19.34 (VR:0.26)
[2026-06-26 00:34:09]  [行14] 解析成功: SZSE.300852 [四会富仕] SELL @ 59.77 (VR:0.38)
[2026-06-26 00:34:09]  [行15] 解析成功: SHSE.688216 [气派科技] BUY @ 39.31 (VR:0.48)
[2026-06-26 00:34:09]  [行16] 解析成功: SHSE.688308 [欧科亿] BUY @ 193.96 (VR:0.26)
[2026-06-26 00:34:09]  [行17] 解析成功: SHSE.688249 [晶合集成] SELL @ 58.23 (VR:0.02)
[2026-06-26 00:34:09]  [行18] 解析成功: SZSE.301362 [民爆光电] SELL @ 190.99 (VR:0.14)
[2026-06-26 00:34:09]  [行19] 解析成功: SZSE.300221 [银禧科技] SELL @ 16.51 (VR:0.34)
[2026-06-26 00:34:09]  [行20] 解析成功: SZSE.300420 [五洋自控] BUY @ 9.01 (VR:0.19)
[2026-06-26 00:34:09]  [行21] 解析成功: SZSE.300661 [圣邦股份] BUY @ 138.91 (VR:0.52)
[2026-06-26 00:34:09]  [行22] 解析成功: SZSE.300780 [德恩精工] SELL @ 31.14 (VR:0.73)
[2026-06-26 00:34:09]  [行23] 解析成功: SZSE.301195 [北路智控] BUY @ 28.37 (VR:0.4)
[2026-06-26 00:34:09]  [行24] 解析成功: SZSE.300497 [富祥股份] BUY @ 22.44 (VR:1.22)
[2026-06-26 00:34:09]  [行25] 解析成功: SZSE.301183 [东田微] BUY @ 262.0 (VR:1.37)
[2026-06-26 00:34:09]  [行26] 解析成功: SZSE.300304 [云意电气] BUY @ 19.4 (VR:0.3)
[2026-06-26 00:34:09]  [行27] 解析成功: SZSE.300852 [四会富仕] SELL @ 59.65 (VR:0.81)
[2026-06-26 00:34:09] 成功保存 27 条因子至: signal_batch_20260626_003409_706698.txt
[2026-06-26 00:34:09]  QQ-备用 邮件 2608 处理完成
[2026-06-26 00:34:09]  QQ-备用 正在解析因子: =?utf-8?b?QWxwaGFQaWxvdCDlpIfku73kv6Hlj7cgKGFscGhhX3NpZ25hbF90aHJfMjAyNjA2MjVfMTQzNS5qc29uKSBb5aSHUVEt6Ieq5L+dXQ==?=
[2026-06-26 00:34:09]  发现表格，共 14 行数据
[2026-06-26 00:34:09]  动态索引映射: ['股票代码', '股票名称', '信号', '当前价格', '量比', '来源过滤']
[2026-06-26 00:34:09]  [行1] 解析成功: SHSE.601138 [工业富联] SELL @ 77.0 (VR:0.02)
[2026-06-26 00:34:09]  [行2] 解析成功: SZSE.300720 [海川智能] BUY @ 80.47 (VR:0.13)
[2026-06-26 00:34:09]  [行3] 解析成功: SZSE.300308 [中际旭创] SELL @ 1329.46 (VR:0.9)
[2026-06-26 00:34:09]  [行4] 解析成功: SZSE.300433 [蓝思科技] BUY @ 55.9 (VR:0.36)
[2026-06-26 00:34:09]  [行5] 解析成功: SZSE.300936 [中英科技] BUY @ 120.18 (VR:1.05)
[2026-06-26 00:34:09]  [行6] 解析成功: SZSE.000958 [电投产融] BUY @ 5.61 (VR:0.57)
[2026-06-26 00:34:09]  [行7] 解析成功: SZSE.301226 [祥明智能] BUY @ 32.25 (VR:4.51)
[2026-06-26 00:34:09]  [行8] 解析成功: SHSE.601138 [工业富联] SELL @ 76.95 (VR:0.2)
[2026-06-26 00:34:09]  [行9] 解析成功: SZSE.300720 [海川智能] BUY @ 80.57 (VR:0.14)
[2026-06-26 00:34:09]  [行10] 解析成功: SZSE.300308 [中际旭创] SELL @ 1327.12 (VR:1.23)
[2026-06-26 00:34:09]  [行11] 解析成功: SZSE.300433 [蓝思科技] BUY @ 55.91 (VR:0.52)
[2026-06-26 00:34:09]  [行12] 解析成功: SZSE.300936 [中英科技] BUY @ 120.22 (VR:0.34)
[2026-06-26 00:34:09]  [行13] 解析成功: SZSE.000958 [电投产融] BUY @ 5.62 (VR:0.8)
[2026-06-26 00:34:09]  [行14] 解析成功: SZSE.301226 [祥明智能] BUY @ 32.3 (VR:1.18)
[2026-06-26 00:34:09] 成功保存 14 条因子至: signal_batch_20260626_003409_954011.txt
[2026-06-26 00:34:10]  QQ-备用 邮件 2609 处理完成
[2026-06-26 00:34:10]  QQ-备用 正在解析因子: =?utf-8?b?QWxwaGFQaWxvdCDlpIfku73kv6Hlj7cgKGFscGhhX3NpZ25hbF90aHJfMjAyNjA2MjVfMTQzOC5qc29uKSBb5aSHUVEt6Ieq5L+dXQ==?=
[2026-06-26 00:34:10]  发现表格，共 12 行数据
[2026-06-26 00:34:10]  动态索引映射: ['股票代码', '股票名称', '信号', '当前价格', '量比', '来源过滤']
[2026-06-26 00:34:10]  [行1] 解析成功: SHSE.688102 [斯瑞新材] BUY @ 40.46 (VR:0.11)
[2026-06-26 00:34:10]  [行2] 解析成功: SZSE.300689 [澄天伟业] SELL @ 61.44 (VR:0.76)
[2026-06-26 00:34:10]  [行3] 解析成功: SZSE.301045 [天禄科技] SELL @ 66.51 (VR:0.16)
[2026-06-26 00:34:10]  [行4] 解析成功: SZSE.301188 [力诺药包] BUY @ 66.11 (VR:0.3)
[2026-06-26 00:34:10]  [行5] 解析成功: SZSE.300679 [电连技术] BUY @ 66.29 (VR:0.32)
[2026-06-26 00:34:10]  [行6] 解析成功: SZSE.300620 [光库科技] SELL @ 395.63 (VR:0.74)
[2026-06-26 00:34:10]  [行7] 解析成功: SHSE.688102 [斯瑞新材] BUY @ 40.5 (VR:0.19)
[2026-06-26 00:34:10]  [行8] 解析成功: SZSE.300689 [澄天伟业] SELL @ 61.42 (VR:0.94)
[2026-06-26 00:34:10]  [行9] 解析成功: SZSE.301045 [天禄科技] SELL @ 66.46 (VR:0.09)
[2026-06-26 00:34:10]  [行10] 解析成功: SZSE.301188 [力诺药包] BUY @ 66.3 (VR:0.42)
[2026-06-26 00:34:10]  [行11] 解析成功: SZSE.300679 [电连技术] BUY @ 66.31 (VR:0.59)
[2026-06-26 00:34:10]  [行12] 解析成功: SZSE.300620 [光库科技] SELL @ 395.11 (VR:0.07)
[2026-06-26 00:34:10] 成功保存 12 条因子至: signal_batch_20260626_003410_198171.txt
[2026-06-26 00:34:10]  QQ-备用 邮件 2610 处理完成
[2026-06-26 00:34:10]  QQ-备用 正在解析因子: =?utf-8?b?QWxwaGFQaWxvdCDlpIfku73kv6Hlj7cgKGFscGhhX3NpZ25hbF90aHJfMjAyNjA2MjVfMTQ0MS5qc29uKSBb5aSHUVEt6Ieq5L+dXQ==?=
[2026-06-26 00:34:10]  发现表格，共 22 行数据
[2026-06-26 00:34:10]  动态索引映射: ['股票代码', '股票名称', '信号', '当前价格', '量比', '来源过滤']
[2026-06-26 00:34:10]  [行1] 解析成功: SHSE.603618 [杭电股份] SELL @ 57.01 (VR:2.38)
[2026-06-26 00:34:10]  [行2] 解析成功: SHSE.600259 [中稀有色] SELL @ 104.63 (VR:0.29)
[2026-06-26 00:34:10]  [行3] 解析成功: SHSE.603175 [超颖电子] BUY @ 91.4 (VR:0.01)
[2026-06-26 00:34:10]  [行4] 解析成功: SHSE.600909 [华安证券] SELL @ 11.93 (VR:0.09)
[2026-06-26 00:34:10]  [行5] 解析成功: SHSE.600460 [士兰微] BUY @ 49.62 (VR:0.08)
[2026-06-26 00:34:10]  [行6] 解析成功: SZSE.002378 [章源钨业] SELL @ 38.18 (VR:0.31)
[2026-06-26 00:34:10]  [行7] 解析成功: SZSE.002768 [国恩股份] BUY @ 52.92 (VR:0.42)
[2026-06-26 00:34:10]  [行8] 解析成功: SZSE.001339 [智微智能] SELL @ 137.28 (VR:0.47)
[2026-06-26 00:34:10]  [行9] 解析成功: SZSE.003031 [中瓷电子] SELL @ 195.59 (VR:1.99)
[2026-06-26 00:34:10]  [行10] 解析成功: SZSE.002643 [万润股份] SELL @ 19.06 (VR:1.64)
[2026-06-26 00:34:10]  [行11] 解析成功: SZSE.002937 [兴瑞科技] BUY @ 42.7 (VR:0.53)
[2026-06-26 00:34:10]  [行12] 解析成功: SHSE.603618 [杭电股份] SELL @ 56.8 (VR:0.19)
[2026-06-26 00:34:10]  [行13] 解析成功: SHSE.600259 [中稀有色] SELL @ 104.49 (VR:0.5)
[2026-06-26 00:34:10]  [行14] 解析成功: SHSE.603175 [超颖电子] BUY @ 92.9 (VR:3.24)
[2026-06-26 00:34:10]  [行15] 解析成功: SHSE.600909 [华安证券] SELL @ 11.88 (VR:0.38)
[2026-06-26 00:34:10]  [行16] 解析成功: SHSE.600460 [士兰微] BUY @ 49.68 (VR:0.31)
[2026-06-26 00:34:10]  [行17] 解析成功: SZSE.002378 [章源钨业] SELL @ 38.17 (VR:0.34)
[2026-06-26 00:34:10]  [行18] 解析成功: SZSE.002768 [国恩股份] BUY @ 53.04 (VR:2.33)
[2026-06-26 00:34:10]  [行19] 解析成功: SZSE.001339 [智微智能] SELL @ 137.1 (VR:0.61)
[2026-06-26 00:34:10]  [行20] 解析成功: SZSE.003031 [中瓷电子] SELL @ 195.39 (VR:1.36)
[2026-06-26 00:34:10]  [行21] 解析成功: SZSE.002643 [万润股份] SELL @ 19.05 (VR:0.69)
[2026-06-26 00:34:10]  [行22] 解析成功: SZSE.002937 [兴瑞科技] BUY @ 42.8 (VR:0.03)
[2026-06-26 00:34:10] 成功保存 22 条因子至: signal_batch_20260626_003410_459614.txt
[2026-06-26 00:34:10]  QQ-备用 邮件 2611 处理完成
[2026-06-26 00:34:10]  QQ-备用 正在解析因子: =?utf-8?b?QWxwaGFQaWxvdCDlpIfku73kv6Hlj7cgKGFscGhhX3NpZ25hbF90aHJfMjAyNjA2MjVfMTQ0NC5qc29uKSBb5aSHUVEt6Ieq5L+dXQ==?=
[2026-06-26 00:34:10]  发现表格，共 18 行数据
[2026-06-26 00:34:10]  动态索引映射: ['股票代码', '股票名称', '信号', '当前价格', '量比', '来源过滤']
[2026-06-26 00:34:10]  [行1] 解析成功: SHSE.688777 [中控技术] BUY @ 119.05 (VR:1.07)
[2026-06-26 00:34:10]  [行2] 解析成功: SHSE.688286 [敏芯股份] BUY @ 103.65 (VR:0.95)
[2026-06-26 00:34:10]  [行3] 解析成功: SHSE.688386 [泛亚微透] SELL @ 91.13 (VR:1.7)
[2026-06-26 00:34:10]  [行4] 解析成功: SHSE.688059 [华锐精密] BUY @ 208.95 (VR:0.02)
[2026-06-26 00:34:10]  [行5] 解析成功: SZSE.300449 [汉邦高科] BUY @ 7.92 (VR:0.05)
[2026-06-26 00:34:10]  [行6] 解析成功: SZSE.300285 [国瓷材料] BUY @ 98.99 (VR:0.41)
[2026-06-26 00:34:10]  [行7] 解析成功: SZSE.301252 [同星科技] SELL @ 44.53 (VR:0.36)
[2026-06-26 00:34:10]  [行8] 解析成功: SZSE.301392 [汇成真空] BUY @ 227.39 (VR:0.57)
[2026-06-26 00:34:10]  [行9] 解析成功: SZSE.300234 [开尔新材] BUY @ 11.36 (VR:0.39)
[2026-06-26 00:34:10]  [行10] 解析成功: SHSE.688777 [中控技术] BUY @ 119.12 (VR:1.64)
[2026-06-26 00:34:10]  [行11] 解析成功: SHSE.688286 [敏芯股份] BUY @ 103.99 (VR:0.16)
[2026-06-26 00:34:10]  [行12] 解析成功: SHSE.688386 [泛亚微透] SELL @ 91.0 (VR:0.06)
[2026-06-26 00:34:10]  [行13] 解析成功: SHSE.688059 [华锐精密] BUY @ 209.21 (VR:0.03)
[2026-06-26 00:34:10]  [行14] 解析成功: SZSE.300449 [汉邦高科] BUY @ 7.93 (VR:1.14)
[2026-06-26 00:34:10]  [行15] 解析成功: SZSE.300285 [国瓷材料] BUY @ 99.46 (VR:0.76)
[2026-06-26 00:34:10]  [行16] 解析成功: SZSE.301252 [同星科技] SELL @ 44.51 (VR:0.14)
[2026-06-26 00:34:10]  [行17] 解析成功: SZSE.301392 [汇成真空] BUY @ 227.41 (VR:0.35)
[2026-06-26 00:34:10]  [行18] 解析成功: SZSE.300234 [开尔新材] BUY @ 11.37 (VR:1.03)
[2026-06-26 00:34:10] 成功保存 18 条因子至: signal_batch_20260626_003410_689893.txt
[2026-06-26 00:34:10]  QQ-备用 邮件 2612 处理完成
[2026-06-26 00:34:10]  QQ-备用 正在解析因子: =?utf-8?b?QWxwaGFQaWxvdCDlpIfku73kv6Hlj7cgKGFscGhhX3NpZ25hbF90aHJfMjAyNjA2MjVfMTQ0Ni5qc29uKSBb5aSHUVEt6Ieq5L+dXQ==?=
[2026-06-26 00:34:11]  发现表格，共 26 行数据
[2026-06-26 00:34:11]  动态索引映射: ['股票代码', '股票名称', '信号', '当前价格', '量比', '来源过滤']
[2026-06-26 00:34:11]  [行1] 解析成功: SHSE.688216 [气派科技] SELL @ 39.49 (VR:0.25)
[2026-06-26 00:34:11]  [行2] 解析成功: SZSE.300088 [长信科技] SELL @ 10.23 (VR:0.99)
[2026-06-26 00:34:11]  [行3] 解析成功: SZSE.300709 [精研科技] BUY @ 65.19 (VR:1.13)
[2026-06-26 00:34:11]  [行4] 解析成功: SZSE.301362 [民爆光电] SELL @ 190.1 (VR:0.94)
[2026-06-26 00:34:11]  [行5] 解析成功: SZSE.300221 [银禧科技] BUY @ 16.58 (VR:0.1)
[2026-06-26 00:34:11]  [行6] 解析成功: SZSE.300420 [五洋自控] BUY @ 8.99 (VR:0.17)
[2026-06-26 00:34:11]  [行7] 解析成功: SZSE.301323 [新莱福] BUY @ 85.83 (VR:0.0)
[2026-06-26 00:34:11]  [行8] 解析成功: SZSE.300661 [圣邦股份] BUY @ 138.42 (VR:0.06)
[2026-06-26 00:34:11]  [行9] 解析成功: SZSE.300780 [德恩精工] SELL @ 30.85 (VR:0.58)
[2026-06-26 00:34:11]  [行10] 解析成功: SZSE.301195 [北路智控] SELL @ 28.33 (VR:0.46)
[2026-06-26 00:34:11]  [行11] 解析成功: SZSE.300497 [富祥股份] SELL @ 22.52 (VR:0.65)
[2026-06-26 00:34:11]  [行12] 解析成功: SZSE.300304 [云意电气] SELL @ 19.38 (VR:0.18)
[2026-06-26 00:34:11]  [行13] 解析成功: SZSE.300852 [四会富仕] BUY @ 59.62 (VR:0.35)
[2026-06-26 00:34:11]  [行14] 解析成功: SHSE.688216 [气派科技] SELL @ 39.46 (VR:0.15)
[2026-06-26 00:34:11]  [行15] 解析成功: SZSE.300088 [长信科技] SELL @ 10.22 (VR:0.71)
[2026-06-26 00:34:11]  [行16] 解析成功: SZSE.300709 [精研科技] BUY @ 65.22 (VR:0.12)
[2026-06-26 00:34:11]  [行17] 解析成功: SZSE.301362 [民爆光电] SELL @ 189.62 (VR:0.13)
[2026-06-26 00:34:11]  [行18] 解析成功: SZSE.300221 [银禧科技] BUY @ 16.6 (VR:0.17)
[2026-06-26 00:34:11]  [行19] 解析成功: SZSE.300420 [五洋自控] BUY @ 9.01 (VR:0.25)
[2026-06-26 00:34:11]  [行20] 解析成功: SZSE.301323 [新莱福] BUY @ 85.86 (VR:0.2)
[2026-06-26 00:34:11]  [行21] 解析成功: SZSE.300661 [圣邦股份] BUY @ 138.59 (VR:0.4)
[2026-06-26 00:34:11]  [行22] 解析成功: SZSE.300780 [德恩精工] SELL @ 30.72 (VR:1.01)
[2026-06-26 00:34:11]  [行23] 解析成功: SZSE.301195 [北路智控] SELL @ 28.32 (VR:0.21)
[2026-06-26 00:34:11]  [行24] 解析成功: SZSE.300497 [富祥股份] SELL @ 22.47 (VR:0.29)
[2026-06-26 00:34:11]  [行25] 解析成功: SZSE.300304 [云意电气] SELL @ 19.36 (VR:0.2)
[2026-06-26 00:34:11]  [行26] 解析成功: SZSE.300852 [四会富仕] BUY @ 59.69 (VR:0.52)
[2026-06-26 00:34:11] 成功保存 26 条因子至: signal_batch_20260626_003411_054630.txt
[2026-06-26 00:34:11]  QQ-备用 邮件 2613 处理完成
[2026-06-26 00:34:11]  QQ-备用 正在解析因子: =?utf-8?b?QWxwaGFQaWxvdCDlpIfku73kv6Hlj7cgKGFscGhhX3NpZ25hbF90aHJfMjAyNjA2MjVfMTQ0OS5qc29uKSBb5aSHUVEt6Ieq5L+dXQ==?=
[2026-06-26 00:34:11]  发现表格，共 12 行数据
[2026-06-26 00:34:11]  动态索引映射: ['股票代码', '股票名称', '信号', '当前价格', '量比', '来源过滤']
[2026-06-26 00:34:11]  [行1] 解析成功: SHSE.600353 [旭光电子] BUY @ 48.04 (VR:0.2)
[2026-06-26 00:34:11]  [行2] 解析成功: SHSE.601138 [工业富联] BUY @ 76.96 (VR:0.12)
[2026-06-26 00:34:11]  [行3] 解析成功: SZSE.300811 [铂力特] SELL @ 99.19 (VR:1.2)
[2026-06-26 00:34:11]  [行4] 解析成功: SZSE.300346 [南大光电] BUY @ 74.48 (VR:0.43)
[2026-06-26 00:34:11]  [行5] 解析成功: SZSE.300930 [屹通新材] BUY @ 30.57 (VR:0.27)
[2026-06-26 00:34:11]  [行6] 解析成功: SZSE.300433 [蓝思科技] BUY @ 55.76 (VR:0.9)
[2026-06-26 00:34:11]  [行7] 解析成功: SHSE.600353 [旭光电子] BUY @ 48.27 (VR:0.93)
[2026-06-26 00:34:11]  [行8] 解析成功: SHSE.601138 [工业富联] BUY @ 76.99 (VR:0.42)
[2026-06-26 00:34:11]  [行9] 解析成功: SZSE.300811 [铂力特] SELL @ 99.1 (VR:0.37)
[2026-06-26 00:34:11]  [行10] 解析成功: SZSE.300346 [南大光电] BUY @ 74.65 (VR:0.58)
[2026-06-26 00:34:11]  [行11] 解析成功: SZSE.300930 [屹通新材] BUY @ 30.58 (VR:0.23)
[2026-06-26 00:34:11]  [行12] 解析成功: SZSE.300433 [蓝思科技] BUY @ 55.79 (VR:0.39)
[2026-06-26 00:34:11] 成功保存 12 条因子至: signal_batch_20260626_003411_284277.txt
[2026-06-26 00:34:11]  QQ-备用 邮件 2614 处理完成
[2026-06-26 00:34:11]  QQ-备用 正在解析因子: =?utf-8?b?QWxwaGFQaWxvdCDlpIfku73kv6Hlj7cgKGFscGhhX3NpZ25hbF90aHJfMjAyNjA2MjVfMTQ1Mi5qc29uKSBb5aSHUVEt6Ieq5L+dXQ==?=
[2026-06-26 00:34:11]  发现表格，共 20 行数据
[2026-06-26 00:34:11]  动态索引映射: ['股票代码', '股票名称', '信号', '当前价格', '量比', '来源过滤']
[2026-06-26 00:34:11]  [行1] 解析成功: SHSE.688110 [东芯股份] BUY @ 179.77 (VR:2.33)
[2026-06-26 00:34:11]  [行2] 解析成功: SHSE.688102 [斯瑞新材] BUY @ 40.45 (VR:0.82)
[2026-06-26 00:34:11]  [行3] 解析成功: SHSE.688227 [品高股份] BUY @ 104.99 (VR:0.35)
[2026-06-26 00:34:11]  [行4] 解析成功: SZSE.300689 [澄天伟业] SELL @ 61.27 (VR:0.13)
[2026-06-26 00:34:11]  [行5] 解析成功: SZSE.301188 [力诺药包] SELL @ 66.37 (VR:0.12)
[2026-06-26 00:34:11]  [行6] 解析成功: SZSE.300679 [电连技术] BUY @ 66.31 (VR:0.63)
[2026-06-26 00:34:11]  [行7] 解析成功: SZSE.301013 [利和兴] SELL @ 85.11 (VR:0.87)
[2026-06-26 00:34:11]  [行8] 解析成功: SZSE.300620 [光库科技] SELL @ 395.66 (VR:0.68)
[2026-06-26 00:34:11]  [行9] 解析成功: SZSE.300921 [南凌科技] BUY @ 21.3 (VR:0.06)
[2026-06-26 00:34:11]  [行10] 解析成功: SZSE.300857 [协创数据] BUY @ 341.76 (VR:0.45)
[2026-06-26 00:34:11]  [行11] 解析成功: SHSE.688110 [东芯股份] BUY @ 179.8 (VR:0.21)
[2026-06-26 00:34:11]  [行12] 解析成功: SHSE.688102 [斯瑞新材] BUY @ 40.46 (VR:0.27)
[2026-06-26 00:34:11]  [行13] 解析成功: SHSE.688227 [品高股份] BUY @ 105.31 (VR:0.72)
[2026-06-26 00:34:11]  [行14] 解析成功: SZSE.300689 [澄天伟业] SELL @ 61.26 (VR:0.97)
[2026-06-26 00:34:11]  [行15] 解析成功: SZSE.301188 [力诺药包] SELL @ 66.35 (VR:0.37)
[2026-06-26 00:34:11]  [行16] 解析成功: SZSE.300679 [电连技术] BUY @ 66.52 (VR:0.78)
[2026-06-26 00:34:11]  [行17] 解析成功: SZSE.301013 [利和兴] SELL @ 85.08 (VR:0.76)
[2026-06-26 00:34:11]  [行18] 解析成功: SZSE.300620 [光库科技] SELL @ 395.51 (VR:1.17)
[2026-06-26 00:34:11]  [行19] 解析成功: SZSE.300921 [南凌科技] BUY @ 21.33 (VR:0.09)
[2026-06-26 00:34:11]  [行20] 解析成功: SZSE.300857 [协创数据] BUY @ 341.81 (VR:0.22)
[2026-06-26 00:34:11] 成功保存 20 条因子至: signal_batch_20260626_003411_536620.txt
[2026-06-26 00:34:11]  QQ-备用 邮件 2615 处理完成
[2026-06-26 00:34:11]  QQ-备用 正在解析因子: =?utf-8?b?QWxwaGFQaWxvdCDlpIfku73kv6Hlj7cgKGFscGhhX3NpZ25hbF90aHJfMjAyNjA2MjVfMTQ1NS5qc29uKSBb5aSHUVEt6Ieq5L+dXQ==?=
[2026-06-26 00:34:11]  发现表格，共 26 行数据
[2026-06-26 00:34:11]  动态索引映射: ['股票代码', '股票名称', '信号', '当前价格', '量比', '来源过滤']
[2026-06-26 00:34:11]  [行1] 解析成功: SHSE.603773 [沃格光电] BUY @ 169.99 (VR:2.3)
[2026-06-26 00:34:11]  [行2] 解析成功: SHSE.603618 [杭电股份] BUY @ 57.0 (VR:1.3)
[2026-06-26 00:34:11]  [行3] 解析成功: SHSE.605111 [新洁能] BUY @ 80.73 (VR:2.4)
[2026-06-26 00:34:11]  [行4] 解析成功: SHSE.600259 [中稀有色] BUY @ 104.13 (VR:1.32)
[2026-06-26 00:34:11]  [行5] 解析成功: SHSE.600909 [华安证券] BUY @ 11.94 (VR:1.76)
[2026-06-26 00:34:11]  [行6] 解析成功: SHSE.600460 [士兰微] BUY @ 49.78 (VR:0.22)
[2026-06-26 00:34:11]  [行7] 解析成功: SZSE.002768 [国恩股份] BUY @ 53.05 (VR:0.32)
[2026-06-26 00:34:11]  [行8] 解析成功: SZSE.001339 [智微智能] BUY @ 137.1 (VR:0.65)
[2026-06-26 00:34:11]  [行9] 解析成功: SZSE.000593 [德龙汇能] BUY @ 23.2 (VR:0.51)
[2026-06-26 00:34:11]  [行10] 解析成功: SZSE.002552 [宝鼎科技] BUY @ 72.44 (VR:0.46)
[2026-06-26 00:34:11]  [行11] 解析成功: SZSE.003031 [中瓷电子] SELL @ 195.94 (VR:0.74)
[2026-06-26 00:34:11]  [行12] 解析成功: SZSE.002937 [兴瑞科技] BUY @ 42.9 (VR:0.35)
[2026-06-26 00:34:11]  [行13] 解析成功: SZSE.000920 [沃顿科技] BUY @ 13.37 (VR:0.78)
[2026-06-26 00:34:11]  [行14] 解析成功: SHSE.603773 [沃格光电] BUY @ 170.19 (VR:1.14)
[2026-06-26 00:34:11]  [行15] 解析成功: SHSE.603618 [杭电股份] BUY @ 57.02 (VR:1.39)
[2026-06-26 00:34:11]  [行16] 解析成功: SHSE.605111 [新洁能] BUY @ 80.75 (VR:0.29)
[2026-06-26 00:34:11]  [行17] 解析成功: SHSE.600259 [中稀有色] BUY @ 104.38 (VR:0.21)
[2026-06-26 00:34:11]  [行18] 解析成功: SHSE.600909 [华安证券] BUY @ 11.97 (VR:0.41)
[2026-06-26 00:34:11]  [行19] 解析成功: SHSE.600460 [士兰微] BUY @ 49.89 (VR:0.4)
[2026-06-26 00:34:11]  [行20] 解析成功: SZSE.002768 [国恩股份] BUY @ 53.15 (VR:0.64)
[2026-06-26 00:34:11]  [行21] 解析成功: SZSE.001339 [智微智能] BUY @ 137.29 (VR:1.03)
[2026-06-26 00:34:11]  [行22] 解析成功: SZSE.000593 [德龙汇能] BUY @ 23.33 (VR:1.53)
[2026-06-26 00:34:11]  [行23] 解析成功: SZSE.002552 [宝鼎科技] BUY @ 72.58 (VR:0.41)
[2026-06-26 00:34:11]  [行24] 解析成功: SZSE.003031 [中瓷电子] SELL @ 195.66 (VR:1.86)
[2026-06-26 00:34:11]  [行25] 解析成功: SZSE.002937 [兴瑞科技] BUY @ 42.97 (VR:0.0)
[2026-06-26 00:34:11]  [行26] 解析成功: SZSE.000920 [沃顿科技] BUY @ 13.4 (VR:0.87)
[2026-06-26 00:34:11] 成功保存 26 条因子至: signal_batch_20260626_003411_788035.txt
[2026-06-26 00:34:12]  QQ-备用 邮件 2616 处理完成
[2026-06-26 00:34:12]  QQ-备用 正在解析因子: =?utf-8?b?QWxwaGFQaWxvdCDlpIfku73kv6Hlj7cgKGFscGhhX3NpZ25hbF90aHJfMjAyNjA2MjVfMTQ1OC5qc29uKSBb5aSHUVEt6Ieq5L+dXQ==?=
[2026-06-26 00:34:12]  发现表格，共 26 行数据
[2026-06-26 00:34:12]  动态索引映射: ['股票代码', '股票名称', '信号', '当前价格', '量比', '来源过滤']
[2026-06-26 00:34:12]  [行1] 解析成功: SHSE.688700 [东威科技] BUY @ 92.88 (VR:1.18)
[2026-06-26 00:34:12]  [行2] 解析成功: SHSE.688511 [天微电子] SELL @ 31.6 (VR:0.47)
[2026-06-26 00:34:12]  [行3] 解析成功: SHSE.688386 [泛亚微透] BUY @ 90.99 (VR:0.47)
[2026-06-26 00:34:12]  [行4] 解析成功: SHSE.688059 [华锐精密] BUY @ 208.95 (VR:0.44)
[2026-06-26 00:34:12]  [行5] 解析成功: SZSE.300037 [新宙邦] BUY @ 90.27 (VR:0.1)
[2026-06-26 00:34:12]  [行6] 解析成功: SZSE.300449 [汉邦高科] BUY @ 7.93 (VR:0.25)
[2026-06-26 00:34:12]  [行7] 解析成功: SZSE.300868 [杰美特] BUY @ 158.38 (VR:0.78)
[2026-06-26 00:34:12]  [行8] 解析成功: SZSE.300285 [国瓷材料] SELL @ 98.27 (VR:0.35)
[2026-06-26 00:34:12]  [行9] 解析成功: SZSE.301252 [同星科技] SELL @ 44.59 (VR:0.21)
[2026-06-26 00:34:12]  [行10] 解析成功: SZSE.301392 [汇成真空] SELL @ 226.59 (VR:0.5)
[2026-06-26 00:34:12]  [行11] 解析成功: SZSE.300319 [麦捷科技] BUY @ 30.06 (VR:1.04)
[2026-06-26 00:34:12]  [行12] 解析成功: SZSE.300234 [开尔新材] BUY @ 11.39 (VR:0.71)
[2026-06-26 00:34:12]  [行13] 解析成功: SZSE.300214 [日科化学] BUY @ 9.76 (VR:1.15)
[2026-06-26 00:34:12]  [行14] 解析成功: SHSE.688700 [东威科技] BUY @ 93.0 (VR:1.0)
[2026-06-26 00:34:12]  [行15] 解析成功: SHSE.688511 [天微电子] SELL @ 31.59 (VR:0.7)
[2026-06-26 00:34:12]  [行16] 解析成功: SHSE.688386 [泛亚微透] BUY @ 91.0 (VR:4.24)
[2026-06-26 00:34:12]  [行17] 解析成功: SHSE.688059 [华锐精密] BUY @ 209.48 (VR:0.77)
[2026-06-26 00:34:12]  [行18] 解析成功: SZSE.300037 [新宙邦] BUY @ 90.3 (VR:0.78)
[2026-06-26 00:34:12]  [行19] 解析成功: SZSE.300449 [汉邦高科] BUY @ 7.94 (VR:0.46)
[2026-06-26 00:34:12]  [行20] 解析成功: SZSE.300868 [杰美特] BUY @ 158.39 (VR:1.28)
[2026-06-26 00:34:12]  [行21] 解析成功: SZSE.300285 [国瓷材料] SELL @ 98.25 (VR:0.66)
[2026-06-26 00:34:12]  [行22] 解析成功: SZSE.301252 [同星科技] SELL @ 44.55 (VR:0.44)
[2026-06-26 00:34:12]  [行23] 解析成功: SZSE.301392 [汇成真空] SELL @ 226.0 (VR:1.02)
[2026-06-26 00:34:12]  [行24] 解析成功: SZSE.300319 [麦捷科技] BUY @ 30.09 (VR:1.33)
[2026-06-26 00:34:12]  [行25] 解析成功: SZSE.300234 [开尔新材] BUY @ 11.4 (VR:0.97)
[2026-06-26 00:34:12]  [行26] 解析成功: SZSE.300214 [日科化学] BUY @ 9.79 (VR:1.22)
[2026-06-26 00:34:12] 成功保存 26 条因子至: signal_batch_20260626_003412_137981.txt
[2026-06-26 00:34:12]  QQ-备用 邮件 2617 处理完成
[2026-06-26 00:34:12]  QQ-备用 本轮共成功处理 11 封有效信号邮件
[2026-06-26 00:34:47]  正在连接 QQ-主 邮箱服务器 (497720537@qq.com) ...
[2026-06-26 00:34:48]  正在连接 QQ-备用 邮箱服务器 (shouqianbadavid@qq.com) ...
[2026-06-26 00:35:24]  正在连接 QQ-主 邮箱服务器 (497720537@qq.com) ...
[2026-06-26 00:35:24]  正在连接 QQ-备用 邮箱服务器 (shouqianbadavid@qq.com) ...
[2026-06-26 00:36:00]  正在连接 QQ-主 邮箱服务器 (497720537@qq.com) ...
[2026-06-26 00:36:00]  正在连接 QQ-备用 邮箱服务器 (shouqianbadavid@qq.com) ...
[2026-06-26 00:36:36]  正在连接 QQ-主 邮箱服务器 (497720537@qq.com) ...
[2026-06-26 00:36:36]  正在连接 QQ-备用 邮箱服务器 (shouqianbadavid@qq.com) ...
[2026-06-26 09:31:50]  AlphaPilot 监听服务 (Pro 多邮箱版) 启动...
[2026-06-26 09:31:50]  信号保存目录: D:\mpython\signals
[2026-06-26 09:31:50]  日志文件: D:\mpython\logs_receiver\receiver_20260626.log
[2026-06-26 09:31:50]  正在连接 QQ-主 邮箱服务器 (497720537@qq.com) ...
[2026-06-26 09:31:51]  正在连接 QQ-备用 邮箱服务器 (shouqianbadavid@qq.com) ...
[2026-06-26 09:32:27]  正在连接 QQ-主 邮箱服务器 (497720537@qq.com) ...
[2026-06-26 09:32:27]  正在连接 QQ-备用 邮箱服务器 (shouqianbadavid@qq.com) ...
[2026-06-26 09:33:03]  正在连接 QQ-主 邮箱服务器 (497720537@qq.com) ...
[2026-06-26 09:33:03]  正在连接 QQ-备用 邮箱服务器 (shouqianbadavid@qq.com) ...
[2026-06-26 09:33:38]  正在连接 QQ-主 邮箱服务器 (497720537@qq.com) ...
[2026-06-26 09:33:39]  正在连接 QQ-备用 邮箱服务器 (shouqianbadavid@qq.com) ...
[2026-06-26 09:34:14]  正在连接 QQ-主 邮箱服务器 (497720537@qq.com) ...
[2026-06-26 09:34:15]  正在连接 QQ-备用 邮箱服务器 (shouqianbadavid@qq.com) ...
[2026-06-26 09:34:50]  正在连接 QQ-主 邮箱服务器 (497720537@qq.com) ...
[2026-06-26 09:34:50]  正在连接 QQ-备用 邮箱服务器 (shouqianbadavid@qq.com) ...
[2026-06-26 09:35:26]  正在连接 QQ-主 邮箱服务器 (497720537@qq.com) ...
[2026-06-26 09:35:26]  正在连接 QQ-备用 邮箱服务器 (shouqianbadavid@qq.com) ...
[2026-06-26 09:36:02]  正在连接 QQ-主 邮箱服务器 (497720537@qq.com) ...
[2026-06-26 09:36:02]  QQ-主 正在解析因子: =?utf-8?b?QWxwaGFQaWxvdCDlrp7ml7bkv6Hlj7cgKGFscGhhX3NpZ25hbF90aHJfMjAyNjA2MjZfMDkzNS5qc29uKSBb5Li7UVEt5a+55aSWXQ==?=
[2026-06-26 09:36:02]  发现表格，共 22 行数据
[2026-06-26 09:36:02]  动态索引映射: ['股票代码', '股票名称', '信号', '当前价格', '量比', '来源过滤']
[2026-06-26 09:36:02]  [行1] 解析成功: SHSE.688110 [东芯股份] BUY @ 180.88 (VR:0.4)
[2026-06-26 09:36:02]  [行2] 解析成功: SHSE.688665 [四方光电] BUY @ 58.27 (VR:0.4)
[2026-06-26 09:36:02]  [行3] 解析成功: SHSE.688002 [睿创微纳] BUY @ 146.73 (VR:0.89)
[2026-06-26 09:36:02]  [行4] 解析成功: SHSE.688102 [斯瑞新材] SELL @ 39.15 (VR:0.22)
[2026-06-26 09:36:02]  [行5] 解析成功: SHSE.688227 [品高股份] SELL @ 101.1 (VR:0.5)
[2026-06-26 09:36:02]  [行6] 解析成功: SZSE.301188 [力诺药包] BUY @ 67.25 (VR:0.83)
[2026-06-26 09:36:02]  [行7] 解析成功: SZSE.301322 [绿通科技] SELL @ 59.2 (VR:1.38)
[2026-06-26 09:36:02]  [行8] 解析成功: SZSE.300376 [易事特] BUY @ 5.35 (VR:0.37)
[2026-06-26 09:36:02]  [行9] 解析成功: SZSE.300620 [光库科技] BUY @ 387.01 (VR:0.04)
[2026-06-26 09:36:02]  [行10] 解析成功: SZSE.000636 [风华高科] SELL @ 79.36 (VR:0.56)
[2026-06-26 09:36:02]  [行11] 解析成功: SHSE.688110 [东芯股份] BUY @ 183.18 (VR:0.22)
[2026-06-26 09:36:02]  [行12] 解析成功: SHSE.688665 [四方光电] BUY @ 58.4 (VR:0.32)
[2026-06-26 09:36:02]  [行13] 解析成功: SHSE.688002 [睿创微纳] BUY @ 146.86 (VR:0.5)
[2026-06-26 09:36:02]  [行14] 解析成功: SHSE.688102 [斯瑞新材] SELL @ 39.01 (VR:0.66)
[2026-06-26 09:36:02]  [行15] 解析成功: SHSE.688227 [品高股份] SELL @ 101.09 (VR:0.75)
[2026-06-26 09:36:02]  [行16] 解析成功: SZSE.301188 [力诺药包] BUY @ 68.82 (VR:1.13)
[2026-06-26 09:36:02]  [行17] 解析成功: SZSE.301322 [绿通科技] SELL @ 58.54 (VR:2.61)
[2026-06-26 09:36:02]  [行18] 解析成功: SZSE.301013 [利和兴] SELL @ 78.1 (VR:0.6)
[2026-06-26 09:36:02]  [行19] 解析成功: SZSE.300376 [易事特] BUY @ 5.35 (VR:0.31)
[2026-06-26 09:36:02]  [行20] 解析成功: SZSE.300620 [光库科技] BUY @ 389.0 (VR:0.06)
[2026-06-26 09:36:02]  [行21] 解析成功: SZSE.300790 [宇瞳光学] SELL @ 26.44 (VR:0.06)
[2026-06-26 09:36:02]  [行22] 解析成功: SZSE.000636 [风华高科] SELL @ 79.34 (VR:0.52)
[2026-06-26 09:36:02] 成功保存 22 条因子至: signal_batch_20260626_093602_740611.txt
[2026-06-26 09:36:02]  QQ-主 邮件 4847 处理完成
[2026-06-26 09:36:02]  QQ-主 本轮共成功处理 1 封有效信号邮件
[2026-06-26 09:36:02]  正在连接 QQ-备用 邮箱服务器 (shouqianbadavid@qq.com) ...
[2026-06-26 09:36:38]  正在连接 QQ-主 邮箱服务器 (497720537@qq.com) ...
[2026-06-26 09:36:39]  正在连接 QQ-备用 邮箱服务器 (shouqianbadavid@qq.com) ...
[2026-06-26 09:36:40]  QQ-备用 正在解析因子: =?utf-8?b?QWxwaGFQaWxvdCDlpIfku73kv6Hlj7cgKGFscGhhX3NpZ25hbF90aHJfMjAyNjA2MjZfMDkzNS5qc29uKSBb5aSHUVEt6Ieq5L+dXQ==?=
[2026-06-26 09:36:40]  发现表格，共 22 行数据
[2026-06-26 09:36:40]  动态索引映射: ['股票代码', '股票名称', '信号', '当前价格', '量比', '来源过滤']
[2026-06-26 09:36:40]  [行1] 解析成功: SHSE.688110 [东芯股份] BUY @ 180.88 (VR:0.4)
[2026-06-26 09:36:40]  [行2] 解析成功: SHSE.688665 [四方光电] BUY @ 58.27 (VR:0.4)
[2026-06-26 09:36:40]  [行3] 解析成功: SHSE.688002 [睿创微纳] BUY @ 146.73 (VR:0.89)
[2026-06-26 09:36:40]  [行4] 解析成功: SHSE.688102 [斯瑞新材] SELL @ 39.15 (VR:0.22)
[2026-06-26 09:36:40]  [行5] 解析成功: SHSE.688227 [品高股份] SELL @ 101.1 (VR:0.5)
[2026-06-26 09:36:40]  [行6] 解析成功: SZSE.301188 [力诺药包] BUY @ 67.25 (VR:0.83)
[2026-06-26 09:36:40]  [行7] 解析成功: SZSE.301322 [绿通科技] SELL @ 59.2 (VR:1.38)
[2026-06-26 09:36:40]  [行8] 解析成功: SZSE.300376 [易事特] BUY @ 5.35 (VR:0.37)
[2026-06-26 09:36:40]  [行9] 解析成功: SZSE.300620 [光库科技] BUY @ 387.01 (VR:0.04)
[2026-06-26 09:36:40]  [行10] 解析成功: SZSE.000636 [风华高科] SELL @ 79.36 (VR:0.56)
[2026-06-26 09:36:40]  [行11] 解析成功: SHSE.688110 [东芯股份] BUY @ 183.18 (VR:0.22)
[2026-06-26 09:36:40]  [行12] 解析成功: SHSE.688665 [四方光电] BUY @ 58.4 (VR:0.32)
[2026-06-26 09:36:40]  [行13] 解析成功: SHSE.688002 [睿创微纳] BUY @ 146.86 (VR:0.5)
[2026-06-26 09:36:40]  [行14] 解析成功: SHSE.688102 [斯瑞新材] SELL @ 39.01 (VR:0.66)
[2026-06-26 09:36:40]  [行15] 解析成功: SHSE.688227 [品高股份] SELL @ 101.09 (VR:0.75)
[2026-06-26 09:36:40]  [行16] 解析成功: SZSE.301188 [力诺药包] BUY @ 68.82 (VR:1.13)
[2026-06-26 09:36:40]  [行17] 解析成功: SZSE.301322 [绿通科技] SELL @ 58.54 (VR:2.61)
[2026-06-26 09:36:40]  [行18] 解析成功: SZSE.301013 [利和兴] SELL @ 78.1 (VR:0.6)
[2026-06-26 09:36:40]  [行19] 解析成功: SZSE.300376 [易事特] BUY @ 5.35 (VR:0.31)
[2026-06-26 09:36:40]  [行20] 解析成功: SZSE.300620 [光库科技] BUY @ 389.0 (VR:0.06)
[2026-06-26 09:36:40]  [行21] 解析成功: SZSE.300790 [宇瞳光学] SELL @ 26.44 (VR:0.06)
[2026-06-26 09:36:40]  [行22] 解析成功: SZSE.000636 [风华高科] SELL @ 79.34 (VR:0.52)
[2026-06-26 09:36:40] 成功保存 22 条因子至: signal_batch_20260626_093640_157382.txt
[2026-06-26 09:36:40]  QQ-备用 邮件 2618 处理完成
[2026-06-26 09:36:40]  QQ-备用 本轮共成功处理 1 封有效信号邮件
[2026-06-26 09:37:15]  正在连接 QQ-主 邮箱服务器 (497720537@qq.com) ...
[2026-06-26 09:37:15]  正在连接 QQ-备用 邮箱服务器 (shouqianbadavid@qq.com) ...
[2026-06-26 09:37:51]  正在连接 QQ-主 邮箱服务器 (497720537@qq.com) ...
[2026-06-26 09:37:51]  正在连接 QQ-备用 邮箱服务器 (shouqianbadavid@qq.com) ...
[2026-06-26 09:38:27]  正在连接 QQ-主 邮箱服务器 (497720537@qq.com) ...
[2026-06-26 09:38:48]  正在连接 QQ-备用 邮箱服务器 (shouqianbadavid@qq.com) ...
[2026-06-26 09:39:23]  正在连接 QQ-主 邮箱服务器 (497720537@qq.com) ...
[2026-06-26 09:39:24]  正在连接 QQ-备用 邮箱服务器 (shouqianbadavid@qq.com) ...
[2026-06-26 09:39:59]  正在连接 QQ-主 邮箱服务器 (497720537@qq.com) ...
[2026-06-26 09:40:00]  QQ-主 正在解析因子: =?utf-8?b?QWxwaGFQaWxvdCDlrp7ml7bkv6Hlj7cgKGFscGhhX3NpZ25hbF90aHJfMjAyNjA2MjZfMDkzOS5qc29uKSBb5Li7UVEt5a+55aSWXQ==?=
[2026-06-26 09:40:00]  发现表格，共 33 行数据
[2026-06-26 09:40:00]  动态索引映射: ['股票代码', '股票名称', '信号', '当前价格', '量比', '来源过滤']
[2026-06-26 09:40:00]  [行1] 解析成功: SHSE.603773 [沃格光电] BUY @ 168.69 (VR:0.35)
[2026-06-26 09:40:00]  [行2] 解析成功: SHSE.603618 [杭电股份] SELL @ 56.1 (VR:0.33)
[2026-06-26 09:40:00]  [行3] 解析成功: SHSE.605111 [新洁能] BUY @ 86.3 (VR:1.23)
[2026-06-26 09:40:00]  [行4] 解析成功: SHSE.603175 [超颖电子] BUY @ 90.56 (VR:0.47)
[2026-06-26 09:40:00]  [行5] 解析成功: SHSE.600909 [华安证券] BUY @ 12.44 (VR:1.33)
[2026-06-26 09:40:00]  [行6] 解析成功: SHSE.603206 [嘉环科技] SELL @ 17.15 (VR:0.21)
[2026-06-26 09:40:00]  [行7] 解析成功: SZSE.002718 [友邦吊顶] BUY @ 114.82 (VR:0.12)
[2026-06-26 09:40:00]  [行8] 解析成功: SZSE.002378 [章源钨业] BUY @ 37.96 (VR:0.11)
[2026-06-26 09:40:00]  [行9] 解析成功: SZSE.001339 [智微智能] SELL @ 134.5 (VR:0.26)
[2026-06-26 09:40:00]  [行10] 解析成功: SZSE.000593 [德龙汇能] BUY @ 22.56 (VR:0.32)
[2026-06-26 09:40:00]  [行11] 解析成功: SZSE.002552 [宝鼎科技] BUY @ 68.61 (VR:0.56)
[2026-06-26 09:40:00]  [行12] 解析成功: SZSE.003031 [中瓷电子] SELL @ 189.0 (VR:0.2)
[2026-06-26 09:40:00]  [行13] 解析成功: SZSE.002643 [万润股份] SELL @ 19.98 (VR:1.82)
[2026-06-26 09:40:00]  [行14] 解析成功: SZSE.001282 [三联锻造] BUY @ 20.86 (VR:0.21)
[2026-06-26 09:40:00]  [行15] 解析成功: SZSE.002937 [兴瑞科技] SELL @ 42.69 (VR:0.15)
[2026-06-26 09:40:00]  [行16] 解析成功: SZSE.000920 [沃顿科技] SELL @ 13.65 (VR:0.5)
[2026-06-26 09:40:00]  [行17] 解析成功: SZSE.000823 [超声电子] BUY @ 28.46 (VR:0.07)
[2026-06-26 09:40:00]  [行18] 解析成功: SHSE.603773 [沃格光电] BUY @ 168.99 (VR:0.08)
[2026-06-26 09:40:00]  [行19] 解析成功: SHSE.603618 [杭电股份] SELL @ 55.93 (VR:0.08)
[2026-06-26 09:40:00]  [行20] 解析成功: SHSE.603175 [超颖电子] BUY @ 90.99 (VR:0.2)
[2026-06-26 09:40:00]  [行21] 解析成功: SHSE.600909 [华安证券] BUY @ 12.51 (VR:0.39)
[2026-06-26 09:40:00]  [行22] 解析成功: SHSE.603206 [嘉环科技] SELL @ 17.04 (VR:0.5)
[2026-06-26 09:40:00]  [行23] 解析成功: SZSE.002718 [友邦吊顶] BUY @ 115.3 (VR:0.22)
[2026-06-26 09:40:00]  [行24] 解析成功: SZSE.002378 [章源钨业] BUY @ 38.24 (VR:0.24)
[2026-06-26 09:40:00]  [行25] 解析成功: SZSE.001339 [智微智能] SELL @ 134.35 (VR:0.23)
[2026-06-26 09:40:00]  [行26] 解析成功: SZSE.000593 [德龙汇能] BUY @ 22.61 (VR:1.08)
[2026-06-26 09:40:00]  [行27] 解析成功: SZSE.002552 [宝鼎科技] BUY @ 68.98 (VR:0.26)
[2026-06-26 09:40:00]  [行28] 解析成功: SZSE.003031 [中瓷电子] SELL @ 187.5 (VR:0.87)
[2026-06-26 09:40:00]  [行29] 解析成功: SZSE.002643 [万润股份] SELL @ 19.96 (VR:0.94)
[2026-06-26 09:40:00]  [行30] 解析成功: SZSE.001282 [三联锻造] BUY @ 20.91 (VR:0.18)
[2026-06-26 09:40:00]  [行31] 解析成功: SZSE.002937 [兴瑞科技] SELL @ 42.67 (VR:1.04)
[2026-06-26 09:40:00]  [行32] 解析成功: SZSE.000920 [沃顿科技] SELL @ 13.53 (VR:0.41)
[2026-06-26 09:40:00]  [行33] 解析成功: SZSE.000823 [超声电子] BUY @ 28.46 (VR:0.01)
[2026-06-26 09:40:00] 成功保存 33 条因子至: signal_batch_20260626_094000_102395.txt
[2026-06-26 09:40:00]  QQ-主 邮件 4848 处理完成
[2026-06-26 09:40:00]  QQ-主 本轮共成功处理 1 封有效信号邮件
[2026-06-26 09:40:00]  正在连接 QQ-备用 邮箱服务器 (shouqianbadavid@qq.com) ...
[2026-06-26 09:40:01]  QQ-备用 正在解析因子: =?utf-8?b?QWxwaGFQaWxvdCDlpIfku73kv6Hlj7cgKGFscGhhX3NpZ25hbF90aHJfMjAyNjA2MjZfMDkzOS5qc29uKSBb5aSHUVEt6Ieq5L+dXQ==?=
[2026-06-26 09:40:01]  发现表格，共 33 行数据
[2026-06-26 09:40:01]  动态索引映射: ['股票代码', '股票名称', '信号', '当前价格', '量比', '来源过滤']
[2026-06-26 09:40:01]  [行1] 解析成功: SHSE.603773 [沃格光电] BUY @ 168.69 (VR:0.35)
[2026-06-26 09:40:01]  [行2] 解析成功: SHSE.603618 [杭电股份] SELL @ 56.1 (VR:0.33)
[2026-06-26 09:40:01]  [行3] 解析成功: SHSE.605111 [新洁能] BUY @ 86.3 (VR:1.23)
[2026-06-26 09:40:01]  [行4] 解析成功: SHSE.603175 [超颖电子] BUY @ 90.56 (VR:0.47)
[2026-06-26 09:40:01]  [行5] 解析成功: SHSE.600909 [华安证券] BUY @ 12.44 (VR:1.33)
[2026-06-26 09:40:01]  [行6] 解析成功: SHSE.603206 [嘉环科技] SELL @ 17.15 (VR:0.21)
[2026-06-26 09:40:01]  [行7] 解析成功: SZSE.002718 [友邦吊顶] BUY @ 114.82 (VR:0.12)
[2026-06-26 09:40:01]  [行8] 解析成功: SZSE.002378 [章源钨业] BUY @ 37.96 (VR:0.11)
[2026-06-26 09:40:01]  [行9] 解析成功: SZSE.001339 [智微智能] SELL @ 134.5 (VR:0.26)
[2026-06-26 09:40:01]  [行10] 解析成功: SZSE.000593 [德龙汇能] BUY @ 22.56 (VR:0.32)
[2026-06-26 09:40:01]  [行11] 解析成功: SZSE.002552 [宝鼎科技] BUY @ 68.61 (VR:0.56)
[2026-06-26 09:40:01]  [行12] 解析成功: SZSE.003031 [中瓷电子] SELL @ 189.0 (VR:0.2)
[2026-06-26 09:40:01]  [行13] 解析成功: SZSE.002643 [万润股份] SELL @ 19.98 (VR:1.82)
[2026-06-26 09:40:01]  [行14] 解析成功: SZSE.001282 [三联锻造] BUY @ 20.86 (VR:0.21)
[2026-06-26 09:40:01]  [行15] 解析成功: SZSE.002937 [兴瑞科技] SELL @ 42.69 (VR:0.15)
[2026-06-26 09:40:01]  [行16] 解析成功: SZSE.000920 [沃顿科技] SELL @ 13.65 (VR:0.5)
[2026-06-26 09:40:01]  [行17] 解析成功: SZSE.000823 [超声电子] BUY @ 28.46 (VR:0.07)
[2026-06-26 09:40:01]  [行18] 解析成功: SHSE.603773 [沃格光电] BUY @ 168.99 (VR:0.08)
[2026-06-26 09:40:01]  [行19] 解析成功: SHSE.603618 [杭电股份] SELL @ 55.93 (VR:0.08)
[2026-06-26 09:40:01]  [行20] 解析成功: SHSE.603175 [超颖电子] BUY @ 90.99 (VR:0.2)
[2026-06-26 09:40:01]  [行21] 解析成功: SHSE.600909 [华安证券] BUY @ 12.51 (VR:0.39)
[2026-06-26 09:40:01]  [行22] 解析成功: SHSE.603206 [嘉环科技] SELL @ 17.04 (VR:0.5)
[2026-06-26 09:40:01]  [行23] 解析成功: SZSE.002718 [友邦吊顶] BUY @ 115.3 (VR:0.22)
[2026-06-26 09:40:01]  [行24] 解析成功: SZSE.002378 [章源钨业] BUY @ 38.24 (VR:0.24)
[2026-06-26 09:40:01]  [行25] 解析成功: SZSE.001339 [智微智能] SELL @ 134.35 (VR:0.23)
[2026-06-26 09:40:01]  [行26] 解析成功: SZSE.000593 [德龙汇能] BUY @ 22.61 (VR:1.08)
[2026-06-26 09:40:01]  [行27] 解析成功: SZSE.002552 [宝鼎科技] BUY @ 68.98 (VR:0.26)
[2026-06-26 09:40:01]  [行28] 解析成功: SZSE.003031 [中瓷电子] SELL @ 187.5 (VR:0.87)
[2026-06-26 09:40:01]  [行29] 解析成功: SZSE.002643 [万润股份] SELL @ 19.96 (VR:0.94)
[2026-06-26 09:40:01]  [行30] 解析成功: SZSE.001282 [三联锻造] BUY @ 20.91 (VR:0.18)
[2026-06-26 09:40:01]  [行31] 解析成功: SZSE.002937 [兴瑞科技] SELL @ 42.67 (VR:1.04)
[2026-06-26 09:40:01]  [行32] 解析成功: SZSE.000920 [沃顿科技] SELL @ 13.53 (VR:0.41)
[2026-06-26 09:40:01]  [行33] 解析成功: SZSE.000823 [超声电子] BUY @ 28.46 (VR:0.01)
[2026-06-26 09:40:01] 成功保存 33 条因子至: signal_batch_20260626_094001_088151.txt
[2026-06-26 09:40:01]  QQ-备用 邮件 2619 处理完成
[2026-06-26 09:40:01]  QQ-备用 本轮共成功处理 1 封有效信号邮件
[2026-06-26 09:40:36]  正在连接 QQ-主 邮箱服务器 (497720537@qq.com) ...
[2026-06-26 09:40:36]  正在连接 QQ-备用 邮箱服务器 (shouqianbadavid@qq.com) ...
[2026-06-26 09:41:12]  正在连接 QQ-主 邮箱服务器 (497720537@qq.com) ...
[2026-06-26 09:41:13]  正在连接 QQ-备用 邮箱服务器 (shouqianbadavid@qq.com) ...
[2026-06-26 09:41:49]  正在连接 QQ-主 邮箱服务器 (497720537@qq.com) ...
[2026-06-26 09:42:00]  QQ-主 因子处理主循环异常: [Errno 11001] getaddrinfo failed
[2026-06-26 09:42:10]  正在连接 QQ-备用 邮箱服务器 (shouqianbadavid@qq.com) ...
[2026-06-26 09:42:21]  QQ-备用 因子处理主循环异常: [Errno 11001] getaddrinfo failed
[2026-06-26 09:43:06]  正在连接 QQ-主 邮箱服务器 (497720537@qq.com) ...
[2026-06-26 09:43:06]  QQ-主 正在解析因子: =?utf-8?b?QWxwaGFQaWxvdCDlrp7ml7bkv6Hlj7cgKGFscGhhX3NpZ25hbF90aHJfMjAyNjA2MjZfMDk0Mi5qc29uKSBb5Li7UVEt5a+55aSWXQ==?=
[2026-06-26 09:43:06]  发现表格，共 26 行数据
[2026-06-26 09:43:06]  动态索引映射: ['股票代码', '股票名称', '信号', '当前价格', '量比', '来源过滤']
[2026-06-26 09:43:06]  [行1] 解析成功: SHSE.601016 [节能风电] BUY @ 3.76 (VR:1.43)
[2026-06-26 09:43:06]  [行2] 解析成功: SHSE.688286 [敏芯股份] BUY @ 107.45 (VR:1.39)
[2026-06-26 09:43:06]  [行3] 解析成功: SHSE.688511 [天微电子] SELL @ 30.53 (VR:0.53)
[2026-06-26 09:43:06]  [行4] 解析成功: SHSE.688386 [泛亚微透] BUY @ 92.38 (VR:1.16)
[2026-06-26 09:43:06]  [行5] 解析成功: SHSE.688059 [华锐精密] SELL @ 206.3 (VR:0.44)
[2026-06-26 09:43:06]  [行6] 解析成功: SZSE.300037 [新宙邦] SELL @ 88.7 (VR:0.09)
[2026-06-26 09:43:06]  [行7] 解析成功: SZSE.300643 [万通智控] SELL @ 18.72 (VR:0.03)
[2026-06-26 09:43:06]  [行8] 解析成功: SZSE.300868 [杰美特] BUY @ 162.28 (VR:1.24)
[2026-06-26 09:43:06]  [行9] 解析成功: SZSE.300285 [国瓷材料] SELL @ 95.99 (VR:0.38)
[2026-06-26 09:43:06]  [行10] 解析成功: SZSE.301252 [同星科技] BUY @ 43.3 (VR:0.16)
[2026-06-26 09:43:06]  [行11] 解析成功: SZSE.301392 [汇成真空] BUY @ 235.79 (VR:0.58)
[2026-06-26 09:43:06]  [行12] 解析成功: SZSE.300319 [麦捷科技] SELL @ 32.86 (VR:0.85)
[2026-06-26 09:43:06]  [行13] 解析成功: SZSE.300234 [开尔新材] SELL @ 11.31 (VR:0.11)
[2026-06-26 09:43:06]  [行14] 解析成功: SZSE.300214 [日科化学] SELL @ 10.36 (VR:0.8)
[2026-06-26 09:43:06]  [行15] 解析成功: SHSE.601016 [节能风电] BUY @ 3.8 (VR:3.27)
[2026-06-26 09:43:06]  [行16] 解析成功: SHSE.688286 [敏芯股份] BUY @ 107.53 (VR:1.3)
[2026-06-26 09:43:06]  [行17] 解析成功: SHSE.688511 [天微电子] SELL @ 30.44 (VR:0.3)
[2026-06-26 09:43:06]  [行18] 解析成功: SHSE.688386 [泛亚微透] BUY @ 92.58 (VR:2.54)
[2026-06-26 09:43:06]  [行19] 解析成功: SHSE.688059 [华锐精密] SELL @ 205.94 (VR:0.23)
[2026-06-26 09:43:06]  [行20] 解析成功: SZSE.300037 [新宙邦] SELL @ 88.6 (VR:0.06)
[2026-06-26 09:43:06]  [行21] 解析成功: SZSE.002980 [华盛昌] BUY @ 131.24 (VR:0.76)
[2026-06-26 09:43:06]  [行22] 解析成功: SZSE.300285 [国瓷材料] SELL @ 95.85 (VR:0.23)
[2026-06-26 09:43:06]  [行23] 解析成功: SZSE.301252 [同星科技] BUY @ 43.5 (VR:1.14)
[2026-06-26 09:43:06]  [行24] 解析成功: SZSE.301392 [汇成真空] BUY @ 238.0 (VR:1.15)
[2026-06-26 09:43:06]  [行25] 解析成功: SZSE.300319 [麦捷科技] SELL @ 32.66 (VR:0.32)
[2026-06-26 09:43:06]  [行26] 解析成功: SZSE.300214 [日科化学] SELL @ 10.31 (VR:0.51)
[2026-06-26 09:43:06] 成功保存 26 条因子至: signal_batch_20260626_094306_642974.txt
[2026-06-26 09:43:06]  QQ-主 邮件 4849 处理完成
[2026-06-26 09:43:06]  QQ-主 本轮共成功处理 1 封有效信号邮件
[2026-06-26 09:43:06]  正在连接 QQ-备用 邮箱服务器 (shouqianbadavid@qq.com) ...
[2026-06-26 09:43:07]  QQ-备用 正在解析因子: =?utf-8?b?QWxwaGFQaWxvdCDlpIfku73kv6Hlj7cgKGFscGhhX3NpZ25hbF90aHJfMjAyNjA2MjZfMDk0Mi5qc29uKSBb5aSHUVEt6Ieq5L+dXQ==?=
[2026-06-26 09:43:07]  发现表格，共 26 行数据
[2026-06-26 09:43:07]  动态索引映射: ['股票代码', '股票名称', '信号', '当前价格', '量比', '来源过滤']
[2026-06-26 09:43:07]  [行1] 解析成功: SHSE.601016 [节能风电] BUY @ 3.76 (VR:1.43)
[2026-06-26 09:43:07]  [行2] 解析成功: SHSE.688286 [敏芯股份] BUY @ 107.45 (VR:1.39)
[2026-06-26 09:43:07]  [行3] 解析成功: SHSE.688511 [天微电子] SELL @ 30.53 (VR:0.53)
[2026-06-26 09:43:07]  [行4] 解析成功: SHSE.688386 [泛亚微透] BUY @ 92.38 (VR:1.16)
[2026-06-26 09:43:07]  [行5] 解析成功: SHSE.688059 [华锐精密] SELL @ 206.3 (VR:0.44)
[2026-06-26 09:43:07]  [行6] 解析成功: SZSE.300037 [新宙邦] SELL @ 88.7 (VR:0.09)
[2026-06-26 09:43:07]  [行7] 解析成功: SZSE.300643 [万通智控] SELL @ 18.72 (VR:0.03)
[2026-06-26 09:43:07]  [行8] 解析成功: SZSE.300868 [杰美特] BUY @ 162.28 (VR:1.24)
[2026-06-26 09:43:07]  [行9] 解析成功: SZSE.300285 [国瓷材料] SELL @ 95.99 (VR:0.38)
[2026-06-26 09:43:07]  [行10] 解析成功: SZSE.301252 [同星科技] BUY @ 43.3 (VR:0.16)
[2026-06-26 09:43:07]  [行11] 解析成功: SZSE.301392 [汇成真空] BUY @ 235.79 (VR:0.58)
[2026-06-26 09:43:07]  [行12] 解析成功: SZSE.300319 [麦捷科技] SELL @ 32.86 (VR:0.85)
[2026-06-26 09:43:07]  [行13] 解析成功: SZSE.300234 [开尔新材] SELL @ 11.31 (VR:0.11)
[2026-06-26 09:43:07]  [行14] 解析成功: SZSE.300214 [日科化学] SELL @ 10.36 (VR:0.8)
[2026-06-26 09:43:07]  [行15] 解析成功: SHSE.601016 [节能风电] BUY @ 3.8 (VR:3.27)
[2026-06-26 09:43:07]  [行16] 解析成功: SHSE.688286 [敏芯股份] BUY @ 107.53 (VR:1.3)
[2026-06-26 09:43:07]  [行17] 解析成功: SHSE.688511 [天微电子] SELL @ 30.44 (VR:0.3)
[2026-06-26 09:43:07]  [行18] 解析成功: SHSE.688386 [泛亚微透] BUY @ 92.58 (VR:2.54)
[2026-06-26 09:43:07]  [行19] 解析成功: SHSE.688059 [华锐精密] SELL @ 205.94 (VR:0.23)
[2026-06-26 09:43:07]  [行20] 解析成功: SZSE.300037 [新宙邦] SELL @ 88.6 (VR:0.06)
[2026-06-26 09:43:07]  [行21] 解析成功: SZSE.002980 [华盛昌] BUY @ 131.24 (VR:0.76)
[2026-06-26 09:43:07]  [行22] 解析成功: SZSE.300285 [国瓷材料] SELL @ 95.85 (VR:0.23)
[2026-06-26 09:43:07]  [行23] 解析成功: SZSE.301252 [同星科技] BUY @ 43.5 (VR:1.14)
[2026-06-26 09:43:07]  [行24] 解析成功: SZSE.301392 [汇成真空] BUY @ 238.0 (VR:1.15)
[2026-06-26 09:43:07]  [行25] 解析成功: SZSE.300319 [麦捷科技] SELL @ 32.66 (VR:0.32)
[2026-06-26 09:43:07]  [行26] 解析成功: SZSE.300214 [日科化学] SELL @ 10.31 (VR:0.51)
[2026-06-26 09:43:07] 成功保存 26 条因子至: signal_batch_20260626_094307_655685.txt
[2026-06-26 09:43:07]  QQ-备用 邮件 2620 处理完成
[2026-06-26 09:43:07]  QQ-备用 本轮共成功处理 1 封有效信号邮件
[2026-06-26 09:43:42]  正在连接 QQ-主 邮箱服务器 (497720537@qq.com) ...
[2026-06-26 09:43:43]  正在连接 QQ-备用 邮箱服务器 (shouqianbadavid@qq.com) ...
[2026-06-26 09:44:19]  正在连接 QQ-主 邮箱服务器 (497720537@qq.com) ...
[2026-06-26 09:44:30]  QQ-主 因子处理主循环异常: [Errno 11001] getaddrinfo failed
[2026-06-26 09:44:40]  正在连接 QQ-备用 邮箱服务器 (shouqianbadavid@qq.com) ...
[2026-06-26 09:44:41]  QQ-备用 因子处理主循环异常: [Errno 11001] getaddrinfo failed
[2026-06-26 09:45:26]  正在连接 QQ-主 邮箱服务器 (497720537@qq.com) ...
[2026-06-26 09:45:26]  正在连接 QQ-备用 邮箱服务器 (shouqianbadavid@qq.com) ...
[2026-06-26 09:46:02]  正在连接 QQ-主 邮箱服务器 (497720537@qq.com) ...
[2026-06-26 09:46:02]  正在连接 QQ-备用 邮箱服务器 (shouqianbadavid@qq.com) ...
[2026-06-26 09:46:38]  正在连接 QQ-主 邮箱服务器 (497720537@qq.com) ...
[2026-06-26 09:46:38]  QQ-主 正在解析因子: =?utf-8?b?QWxwaGFQaWxvdCDlrp7ml7bkv6Hlj7cgKGFscGhhX3NpZ25hbF90aHJfMjAyNjA2MjZfMDk0Ni5qc29uKSBb5Li7UVEt5a+55aSWXQ==?=
[2026-06-26 09:46:38]  发现表格，共 21 行数据
[2026-06-26 09:46:38]  动态索引映射: ['股票代码', '股票名称', '信号', '当前价格', '量比', '来源过滤']
[2026-06-26 09:46:38]  [行1] 解析成功: SHSE.688216 [气派科技] BUY @ 40.59 (VR:2.55)
[2026-06-26 09:46:38]  [行2] 解析成功: SHSE.688308 [欧科亿] SELL @ 185.4 (VR:0.14)
[2026-06-26 09:46:38]  [行3] 解析成功: SHSE.688138 [清溢光电] BUY @ 40.8 (VR:0.11)
[2026-06-26 09:46:38]  [行4] 解析成功: SZSE.300088 [长信科技] SELL @ 11.44 (VR:2.18)
[2026-06-26 09:46:38]  [行5] 解析成功: SZSE.300221 [银禧科技] BUY @ 16.03 (VR:0.41)
[2026-06-26 09:46:38]  [行6] 解析成功: SZSE.301323 [新莱福] BUY @ 83.39 (VR:0.86)
[2026-06-26 09:46:38]  [行7] 解析成功: SZSE.300661 [圣邦股份] BUY @ 137.65 (VR:0.36)
[2026-06-26 09:46:38]  [行8] 解析成功: SZSE.300780 [德恩精工] BUY @ 32.51 (VR:0.88)
[2026-06-26 09:46:38]  [行9] 解析成功: SZSE.300497 [富祥股份] SELL @ 21.88 (VR:0.92)
[2026-06-26 09:46:38]  [行10] 解析成功: SHSE.688721 [龙图光罩] BUY @ 52.77 (VR:0.2)
[2026-06-26 09:46:38]  [行11] 解析成功: SHSE.688733 [壹石通] BUY @ 41.65 (VR:0.18)
[2026-06-26 09:46:38]  [行12] 解析成功: SHSE.688249 [晶合集成] BUY @ 60.84 (VR:0.4)
[2026-06-26 09:46:38]  [行13] 解析成功: SZSE.300196 [长海股份] BUY @ 33.24 (VR:0.23)
[2026-06-26 09:46:38]  [行14] 解析成功: SZSE.300088 [长信科技] SELL @ 11.42 (VR:0.71)
[2026-06-26 09:46:38]  [行15] 解析成功: SZSE.300709 [精研科技] BUY @ 65.66 (VR:0.55)
[2026-06-26 09:46:38]  [行16] 解析成功: SZSE.301362 [民爆光电] BUY @ 200.45 (VR:0.78)
[2026-06-26 09:46:38]  [行17] 解析成功: SZSE.300221 [银禧科技] BUY @ 16.1 (VR:0.31)
[2026-06-26 09:46:38]  [行18] 解析成功: SZSE.300420 [五洋自控] SELL @ 8.83 (VR:0.34)
[2026-06-26 09:46:38]  [行19] 解析成功: SZSE.301195 [北路智控] BUY @ 27.61 (VR:0.58)
[2026-06-26 09:46:38]  [行20] 解析成功: SZSE.300304 [云意电气] BUY @ 19.63 (VR:0.46)
[2026-06-26 09:46:38]  [行21] 解析成功: SZSE.300852 [四会富仕] BUY @ 58.03 (VR:0.48)
[2026-06-26 09:46:38] 成功保存 21 条因子至: signal_batch_20260626_094638_670062.txt
[2026-06-26 09:46:38]  QQ-主 邮件 4850 处理完成
[2026-06-26 09:46:38]  QQ-主 本轮共成功处理 1 封有效信号邮件
[2026-06-26 09:46:38]  正在连接 QQ-备用 邮箱服务器 (shouqianbadavid@qq.com) ...
[2026-06-26 09:46:39]  QQ-备用 正在解析因子: =?utf-8?b?QWxwaGFQaWxvdCDlpIfku73kv6Hlj7cgKGFscGhhX3NpZ25hbF90aHJfMjAyNjA2MjZfMDk0Ni5qc29uKSBb5aSHUVEt6Ieq5L+dXQ==?=
[2026-06-26 09:46:39]  发现表格，共 21 行数据
[2026-06-26 09:46:39]  动态索引映射: ['股票代码', '股票名称', '信号', '当前价格', '量比', '来源过滤']
[2026-06-26 09:46:39]  [行1] 解析成功: SHSE.688216 [气派科技] BUY @ 40.59 (VR:2.55)
[2026-06-26 09:46:39]  [行2] 解析成功: SHSE.688308 [欧科亿] SELL @ 185.4 (VR:0.14)
[2026-06-26 09:46:39]  [行3] 解析成功: SHSE.688138 [清溢光电] BUY @ 40.8 (VR:0.11)
[2026-06-26 09:46:39]  [行4] 解析成功: SZSE.300088 [长信科技] SELL @ 11.44 (VR:2.18)
[2026-06-26 09:46:39]  [行5] 解析成功: SZSE.300221 [银禧科技] BUY @ 16.03 (VR:0.41)
[2026-06-26 09:46:39]  [行6] 解析成功: SZSE.301323 [新莱福] BUY @ 83.39 (VR:0.86)
[2026-06-26 09:46:39]  [行7] 解析成功: SZSE.300661 [圣邦股份] BUY @ 137.65 (VR:0.36)
[2026-06-26 09:46:39]  [行8] 解析成功: SZSE.300780 [德恩精工] BUY @ 32.51 (VR:0.88)
[2026-06-26 09:46:39]  [行9] 解析成功: SZSE.300497 [富祥股份] SELL @ 21.88 (VR:0.92)
[2026-06-26 09:46:39]  [行10] 解析成功: SHSE.688721 [龙图光罩] BUY @ 52.77 (VR:0.2)
[2026-06-26 09:46:39]  [行11] 解析成功: SHSE.688733 [壹石通] BUY @ 41.65 (VR:0.18)
[2026-06-26 09:46:39]  [行12] 解析成功: SHSE.688249 [晶合集成] BUY @ 60.84 (VR:0.4)
[2026-06-26 09:46:39]  [行13] 解析成功: SZSE.300196 [长海股份] BUY @ 33.24 (VR:0.23)
[2026-06-26 09:46:39]  [行14] 解析成功: SZSE.300088 [长信科技] SELL @ 11.42 (VR:0.71)
[2026-06-26 09:46:39]  [行15] 解析成功: SZSE.300709 [精研科技] BUY @ 65.66 (VR:0.55)
[2026-06-26 09:46:39]  [行16] 解析成功: SZSE.301362 [民爆光电] BUY @ 200.45 (VR:0.78)
[2026-06-26 09:46:39]  [行17] 解析成功: SZSE.300221 [银禧科技] BUY @ 16.1 (VR:0.31)
[2026-06-26 09:46:39]  [行18] 解析成功: SZSE.300420 [五洋自控] SELL @ 8.83 (VR:0.34)
[2026-06-26 09:46:39]  [行19] 解析成功: SZSE.301195 [北路智控] BUY @ 27.61 (VR:0.58)
[2026-06-26 09:46:39]  [行20] 解析成功: SZSE.300304 [云意电气] BUY @ 19.63 (VR:0.46)
[2026-06-26 09:46:39]  [行21] 解析成功: SZSE.300852 [四会富仕] BUY @ 58.03 (VR:0.48)
[2026-06-26 09:46:39] 成功保存 21 条因子至: signal_batch_20260626_094639_606403.txt
[2026-06-26 09:46:39]  QQ-备用 邮件 2621 处理完成
[2026-06-26 09:46:39]  QQ-备用 本轮共成功处理 1 封有效信号邮件
[2026-06-26 09:47:14]  正在连接 QQ-主 邮箱服务器 (497720537@qq.com) ...
[2026-06-26 09:47:18]  正在连接 QQ-备用 邮箱服务器 (shouqianbadavid@qq.com) ...
[2026-06-26 09:47:54]  正在连接 QQ-主 邮箱服务器 (497720537@qq.com) ...
[2026-06-26 09:47:54]  正在连接 QQ-备用 邮箱服务器 (shouqianbadavid@qq.com) ...
[2026-06-26 09:48:29]  正在连接 QQ-主 邮箱服务器 (497720537@qq.com) ...
[2026-06-26 09:48:30]  正在连接 QQ-备用 邮箱服务器 (shouqianbadavid@qq.com) ...
[2026-06-26 09:49:06]  正在连接 QQ-主 邮箱服务器 (497720537@qq.com) ...
[2026-06-26 09:49:06]  正在连接 QQ-备用 邮箱服务器 (shouqianbadavid@qq.com) ...
[2026-06-26 09:49:42]  正在连接 QQ-主 邮箱服务器 (497720537@qq.com) ...
[2026-06-26 09:49:42]  QQ-主 正在解析因子: =?utf-8?b?QWxwaGFQaWxvdCDlrp7ml7bkv6Hlj7cgKGFscGhhX3NpZ25hbF90aHJfMjAyNjA2MjZfMDk0OS5qc29uKSBb5Li7UVEt5a+55aSWXQ==?=
[2026-06-26 09:49:42]  发现表格，共 14 行数据
[2026-06-26 09:49:42]  动态索引映射: ['股票代码', '股票名称', '信号', '当前价格', '量比', '来源过滤']
[2026-06-26 09:49:42]  [行1] 解析成功: SHSE.600353 [旭光电子] BUY @ 46.71 (VR:0.38)
[2026-06-26 09:49:42]  [行2] 解析成功: SZSE.300811 [铂力特] SELL @ 102.27 (VR:0.46)
[2026-06-26 09:49:42]  [行3] 解析成功: SZSE.300308 [中际旭创] SELL @ 1261.48 (VR:3.04)
[2026-06-26 09:49:42]  [行4] 解析成功: SZSE.300930 [屹通新材] BUY @ 29.5 (VR:0.66)
[2026-06-26 09:49:42]  [行5] 解析成功: SZSE.300936 [中英科技] SELL @ 102.8 (VR:0.0)
[2026-06-26 09:49:42]  [行6] 解析成功: SZSE.000510 [新金路] BUY @ 25.23 (VR:0.0)
[2026-06-26 09:49:42]  [行7] 解析成功: SZSE.300259 [新天科技] BUY @ 5.98 (VR:0.01)
[2026-06-26 09:49:42]  [行8] 解析成功: SHSE.600353 [旭光电子] BUY @ 47.5 (VR:1.27)
[2026-06-26 09:49:42]  [行9] 解析成功: SZSE.300811 [铂力特] SELL @ 101.51 (VR:0.72)
[2026-06-26 09:49:42]  [行10] 解析成功: SZSE.300308 [中际旭创] SELL @ 1255.55 (VR:2.88)
[2026-06-26 09:49:42]  [行11] 解析成功: SZSE.300346 [南大光电] SELL @ 79.2 (VR:1.15)
[2026-06-26 09:49:42]  [行12] 解析成功: SZSE.300930 [屹通新材] BUY @ 29.65 (VR:0.41)
[2026-06-26 09:49:42]  [行13] 解析成功: SZSE.000958 [电投产融] BUY @ 5.65 (VR:0.7)
[2026-06-26 09:49:42]  [行14] 解析成功: SZSE.300259 [新天科技] BUY @ 6.05 (VR:1.78)
[2026-06-26 09:49:42] 成功保存 14 条因子至: signal_batch_20260626_094942_603955.txt
[2026-06-26 09:49:42]  QQ-主 邮件 4851 处理完成
[2026-06-26 09:49:42]  QQ-主 本轮共成功处理 1 封有效信号邮件
[2026-06-26 09:49:42]  正在连接 QQ-备用 邮箱服务器 (shouqianbadavid@qq.com) ...
[2026-06-26 09:50:18]  正在连接 QQ-主 邮箱服务器 (497720537@qq.com) ...
[2026-06-26 09:50:18]  正在连接 QQ-备用 邮箱服务器 (shouqianbadavid@qq.com) ...
[2026-06-26 09:50:19]  QQ-备用 正在解析因子: =?utf-8?b?QWxwaGFQaWxvdCDlpIfku73kv6Hlj7cgKGFscGhhX3NpZ25hbF90aHJfMjAyNjA2MjZfMDk0OS5qc29uKSBb5aSHUVEt6Ieq5L+dXQ==?=
[2026-06-26 09:50:19]  发现表格，共 14 行数据
[2026-06-26 09:50:19]  动态索引映射: ['股票代码', '股票名称', '信号', '当前价格', '量比', '来源过滤']
[2026-06-26 09:50:19]  [行1] 解析成功: SHSE.600353 [旭光电子] BUY @ 46.71 (VR:0.38)
[2026-06-26 09:50:19]  [行2] 解析成功: SZSE.300811 [铂力特] SELL @ 102.27 (VR:0.46)
[2026-06-26 09:50:19]  [行3] 解析成功: SZSE.300308 [中际旭创] SELL @ 1261.48 (VR:3.04)
[2026-06-26 09:50:19]  [行4] 解析成功: SZSE.300930 [屹通新材] BUY @ 29.5 (VR:0.66)
[2026-06-26 09:50:19]  [行5] 解析成功: SZSE.300936 [中英科技] SELL @ 102.8 (VR:0.0)
[2026-06-26 09:50:19]  [行6] 解析成功: SZSE.000510 [新金路] BUY @ 25.23 (VR:0.0)
[2026-06-26 09:50:19]  [行7] 解析成功: SZSE.300259 [新天科技] BUY @ 5.98 (VR:0.01)
[2026-06-26 09:50:19]  [行8] 解析成功: SHSE.600353 [旭光电子] BUY @ 47.5 (VR:1.27)
[2026-06-26 09:50:19]  [行9] 解析成功: SZSE.300811 [铂力特] SELL @ 101.51 (VR:0.72)
[2026-06-26 09:50:19]  [行10] 解析成功: SZSE.300308 [中际旭创] SELL @ 1255.55 (VR:2.88)
[2026-06-26 09:50:19]  [行11] 解析成功: SZSE.300346 [南大光电] SELL @ 79.2 (VR:1.15)
[2026-06-26 09:50:19]  [行12] 解析成功: SZSE.300930 [屹通新材] BUY @ 29.65 (VR:0.41)
[2026-06-26 09:50:19]  [行13] 解析成功: SZSE.000958 [电投产融] BUY @ 5.65 (VR:0.7)
[2026-06-26 09:50:19]  [行14] 解析成功: SZSE.300259 [新天科技] BUY @ 6.05 (VR:1.78)
[2026-06-26 09:50:19] 成功保存 14 条因子至: signal_batch_20260626_095019_362883.txt
[2026-06-26 09:50:19]  QQ-备用 邮件 2622 处理完成
[2026-06-26 09:50:19]  QQ-备用 本轮共成功处理 1 封有效信号邮件
[2026-06-26 09:50:54]  正在连接 QQ-主 邮箱服务器 (497720537@qq.com) ...
[2026-06-26 09:50:55]  正在连接 QQ-备用 邮箱服务器 (shouqianbadavid@qq.com) ...
[2026-06-26 09:51:30]  正在连接 QQ-主 邮箱服务器 (497720537@qq.com) ...
[2026-06-26 09:51:31]  正在连接 QQ-备用 邮箱服务器 (shouqianbadavid@qq.com) ...
[2026-06-26 09:52:06]  正在连接 QQ-主 邮箱服务器 (497720537@qq.com) ...
[2026-06-26 09:52:07]  正在连接 QQ-备用 邮箱服务器 (shouqianbadavid@qq.com) ...
[2026-06-26 09:52:43]  正在连接 QQ-主 邮箱服务器 (497720537@qq.com) ...
[2026-06-26 09:52:43]  正在连接 QQ-备用 邮箱服务器 (shouqianbadavid@qq.com) ...
[2026-06-26 09:53:19]  正在连接 QQ-主 邮箱服务器 (497720537@qq.com) ...
[2026-06-26 09:53:34]  QQ-主 正在解析因子: =?utf-8?b?QWxwaGFQaWxvdCDlrp7ml7bkv6Hlj7cgKGFscGhhX3NpZ25hbF90aHJfMjAyNjA2MjZfMDk1My5qc29uKSBb5Li7UVEt5a+55aSWXQ==?=
[2026-06-26 09:53:34]  发现表格，共 34 行数据
[2026-06-26 09:53:34]  动态索引映射: ['股票代码', '股票名称', '信号', '当前价格', '量比', '来源过滤']
[2026-06-26 09:53:34]  [行1] 解析成功: SHSE.688110 [东芯股份] SELL @ 178.92 (VR:1.06)
[2026-06-26 09:53:34]  [行2] 解析成功: SHSE.688665 [四方光电] SELL @ 58.33 (VR:0.92)
[2026-06-26 09:53:34]  [行3] 解析成功: SHSE.688002 [睿创微纳] BUY @ 145.13 (VR:1.39)
[2026-06-26 09:53:34]  [行4] 解析成功: SHSE.688521 [芯原股份] BUY @ 326.88 (VR:0.85)
[2026-06-26 09:53:34]  [行5] 解析成功: SHSE.688227 [品高股份] SELL @ 99.62 (VR:1.12)
[2026-06-26 09:53:34]  [行6] 解析成功: SZSE.300689 [澄天伟业] SELL @ 63.88 (VR:0.97)
[2026-06-26 09:53:34]  [行7] 解析成功: SZSE.301045 [天禄科技] SELL @ 66.99 (VR:0.56)
[2026-06-26 09:53:34]  [行8] 解析成功: SZSE.301188 [力诺药包] BUY @ 73.81 (VR:0.0)
[2026-06-26 09:53:34]  [行9] 解析成功: SZSE.301322 [绿通科技] SELL @ 59.08 (VR:0.25)
[2026-06-26 09:53:34]  [行10] 解析成功: SZSE.300679 [电连技术] BUY @ 65.4 (VR:0.24)
[2026-06-26 09:53:34]  [行11] 解析成功: SZSE.301013 [利和兴] SELL @ 76.15 (VR:0.17)
[2026-06-26 09:53:34]  [行12] 解析成功: SZSE.300376 [易事特] SELL @ 5.37 (VR:0.07)
[2026-06-26 09:53:34]  [行13] 解析成功: SZSE.300620 [光库科技] BUY @ 384.0 (VR:0.34)
[2026-06-26 09:53:34]  [行14] 解析成功: SZSE.300790 [宇瞳光学] SELL @ 27.27 (VR:1.33)
[2026-06-26 09:53:34]  [行15] 解析成功: SZSE.300990 [同飞股份] BUY @ 106.1 (VR:0.37)
[2026-06-26 09:53:34]  [行16] 解析成功: SZSE.300857 [协创数据] SELL @ 335.72 (VR:0.36)
[2026-06-26 09:53:34]  [行17] 解析成功: SZSE.000636 [风华高科] BUY @ 78.5 (VR:0.21)
[2026-06-26 09:53:34]  [行18] 解析成功: SHSE.688110 [东芯股份] SELL @ 178.78 (VR:0.66)
[2026-06-26 09:53:34]  [行19] 解析成功: SHSE.688665 [四方光电] SELL @ 58.18 (VR:0.65)
[2026-06-26 09:53:34]  [行20] 解析成功: SHSE.688002 [睿创微纳] BUY @ 145.25 (VR:0.38)
[2026-06-26 09:53:34]  [行21] 解析成功: SHSE.688521 [芯原股份] BUY @ 327.06 (VR:0.01)
[2026-06-26 09:53:34]  [行22] 解析成功: SHSE.688227 [品高股份] SELL @ 99.43 (VR:0.08)
[2026-06-26 09:53:34]  [行23] 解析成功: SZSE.300689 [澄天伟业] SELL @ 63.7 (VR:0.67)
[2026-06-26 09:53:34]  [行24] 解析成功: SZSE.301045 [天禄科技] SELL @ 66.98 (VR:0.7)
[2026-06-26 09:53:34]  [行25] 解析成功: SZSE.301188 [力诺药包] BUY @ 74.2 (VR:0.05)
[2026-06-26 09:53:34]  [行26] 解析成功: SZSE.300806 [斯迪克] SELL @ 118.76 (VR:0.41)
[2026-06-26 09:53:34]  [行27] 解析成功: SZSE.301322 [绿通科技] SELL @ 58.83 (VR:0.06)
[2026-06-26 09:53:34]  [行28] 解析成功: SZSE.300679 [电连技术] BUY @ 65.56 (VR:0.46)
[2026-06-26 09:53:34]  [行29] 解析成功: SZSE.300376 [易事特] SELL @ 5.35 (VR:0.09)
[2026-06-26 09:53:34]  [行30] 解析成功: SZSE.300620 [光库科技] BUY @ 384.01 (VR:0.29)
[2026-06-26 09:53:34]  [行31] 解析成功: SZSE.300790 [宇瞳光学] SELL @ 27.17 (VR:0.62)
[2026-06-26 09:53:34]  [行32] 解析成功: SZSE.300990 [同飞股份] BUY @ 106.41 (VR:0.61)
[2026-06-26 09:53:34]  [行33] 解析成功: SZSE.300857 [协创数据] SELL @ 335.7 (VR:0.33)
[2026-06-26 09:53:34]  [行34] 解析成功: SZSE.000636 [风华高科] BUY @ 79.03 (VR:0.27)
[2026-06-26 09:53:34] 成功保存 34 条因子至: signal_batch_20260626_095334_733414.txt
[2026-06-26 09:53:34]  QQ-主 邮件 4852 处理完成
[2026-06-26 09:53:34]  QQ-主 本轮共成功处理 1 封有效信号邮件
[2026-06-26 09:53:34]  正在连接 QQ-备用 邮箱服务器 (shouqianbadavid@qq.com) ...
[2026-06-26 09:53:35]  QQ-备用 正在解析因子: =?utf-8?b?QWxwaGFQaWxvdCDlpIfku73kv6Hlj7cgKGFscGhhX3NpZ25hbF90aHJfMjAyNjA2MjZfMDk1My5qc29uKSBb5aSHUVEt6Ieq5L+dXQ==?=
[2026-06-26 09:53:35]  发现表格，共 34 行数据
[2026-06-26 09:53:35]  动态索引映射: ['股票代码', '股票名称', '信号', '当前价格', '量比', '来源过滤']
[2026-06-26 09:53:35]  [行1] 解析成功: SHSE.688110 [东芯股份] SELL @ 178.92 (VR:1.06)
[2026-06-26 09:53:35]  [行2] 解析成功: SHSE.688665 [四方光电] SELL @ 58.33 (VR:0.92)
[2026-06-26 09:53:35]  [行3] 解析成功: SHSE.688002 [睿创微纳] BUY @ 145.13 (VR:1.39)
[2026-06-26 09:53:35]  [行4] 解析成功: SHSE.688521 [芯原股份] BUY @ 326.88 (VR:0.85)
[2026-06-26 09:53:35]  [行5] 解析成功: SHSE.688227 [品高股份] SELL @ 99.62 (VR:1.12)
[2026-06-26 09:53:35]  [行6] 解析成功: SZSE.300689 [澄天伟业] SELL @ 63.88 (VR:0.97)
[2026-06-26 09:53:35]  [行7] 解析成功: SZSE.301045 [天禄科技] SELL @ 66.99 (VR:0.56)
[2026-06-26 09:53:35]  [行8] 解析成功: SZSE.301188 [力诺药包] BUY @ 73.81 (VR:0.0)
[2026-06-26 09:53:35]  [行9] 解析成功: SZSE.301322 [绿通科技] SELL @ 59.08 (VR:0.25)
[2026-06-26 09:53:35]  [行10] 解析成功: SZSE.300679 [电连技术] BUY @ 65.4 (VR:0.24)
[2026-06-26 09:53:35]  [行11] 解析成功: SZSE.301013 [利和兴] SELL @ 76.15 (VR:0.17)
[2026-06-26 09:53:35]  [行12] 解析成功: SZSE.300376 [易事特] SELL @ 5.37 (VR:0.07)
[2026-06-26 09:53:35]  [行13] 解析成功: SZSE.300620 [光库科技] BUY @ 384.0 (VR:0.34)
[2026-06-26 09:53:35]  [行14] 解析成功: SZSE.300790 [宇瞳光学] SELL @ 27.27 (VR:1.33)
[2026-06-26 09:53:35]  [行15] 解析成功: SZSE.300990 [同飞股份] BUY @ 106.1 (VR:0.37)
[2026-06-26 09:53:35]  [行16] 解析成功: SZSE.300857 [协创数据] SELL @ 335.72 (VR:0.36)
[2026-06-26 09:53:35]  [行17] 解析成功: SZSE.000636 [风华高科] BUY @ 78.5 (VR:0.21)
[2026-06-26 09:53:35]  [行18] 解析成功: SHSE.688110 [东芯股份] SELL @ 178.78 (VR:0.66)
[2026-06-26 09:53:35]  [行19] 解析成功: SHSE.688665 [四方光电] SELL @ 58.18 (VR:0.65)
[2026-06-26 09:53:35]  [行20] 解析成功: SHSE.688002 [睿创微纳] BUY @ 145.25 (VR:0.38)
[2026-06-26 09:53:35]  [行21] 解析成功: SHSE.688521 [芯原股份] BUY @ 327.06 (VR:0.01)
[2026-06-26 09:53:35]  [行22] 解析成功: SHSE.688227 [品高股份] SELL @ 99.43 (VR:0.08)
[2026-06-26 09:53:35]  [行23] 解析成功: SZSE.300689 [澄天伟业] SELL @ 63.7 (VR:0.67)
[2026-06-26 09:53:35]  [行24] 解析成功: SZSE.301045 [天禄科技] SELL @ 66.98 (VR:0.7)
[2026-06-26 09:53:35]  [行25] 解析成功: SZSE.301188 [力诺药包] BUY @ 74.2 (VR:0.05)
[2026-06-26 09:53:35]  [行26] 解析成功: SZSE.300806 [斯迪克] SELL @ 118.76 (VR:0.41)
[2026-06-26 09:53:35]  [行27] 解析成功: SZSE.301322 [绿通科技] SELL @ 58.83 (VR:0.06)
[2026-06-26 09:53:35]  [行28] 解析成功: SZSE.300679 [电连技术] BUY @ 65.56 (VR:0.46)
[2026-06-26 09:53:35]  [行29] 解析成功: SZSE.300376 [易事特] SELL @ 5.35 (VR:0.09)
[2026-06-26 09:53:35]  [行30] 解析成功: SZSE.300620 [光库科技] BUY @ 384.01 (VR:0.29)
[2026-06-26 09:53:35]  [行31] 解析成功: SZSE.300790 [宇瞳光学] SELL @ 27.17 (VR:0.62)
[2026-06-26 09:53:35]  [行32] 解析成功: SZSE.300990 [同飞股份] BUY @ 106.41 (VR:0.61)
[2026-06-26 09:53:35]  [行33] 解析成功: SZSE.300857 [协创数据] SELL @ 335.7 (VR:0.33)
[2026-06-26 09:53:35]  [行34] 解析成功: SZSE.000636 [风华高科] BUY @ 79.03 (VR:0.27)
[2026-06-26 09:53:35] 成功保存 34 条因子至: signal_batch_20260626_095335_639584.txt
[2026-06-26 09:53:35]  QQ-备用 邮件 2623 处理完成
[2026-06-26 09:53:35]  QQ-备用 本轮共成功处理 1 封有效信号邮件
[2026-06-26 09:54:10]  正在连接 QQ-主 邮箱服务器 (497720537@qq.com) ...
[2026-06-26 09:54:11]  正在连接 QQ-备用 邮箱服务器 (shouqianbadavid@qq.com) ...
[2026-06-26 09:54:46]  正在连接 QQ-主 邮箱服务器 (497720537@qq.com) ...
[2026-06-26 09:54:47]  正在连接 QQ-备用 邮箱服务器 (shouqianbadavid@qq.com) ...
[2026-06-26 09:55:22]  正在连接 QQ-主 邮箱服务器 (497720537@qq.com) ...
[2026-06-26 09:55:23]  正在连接 QQ-备用 邮箱服务器 (shouqianbadavid@qq.com) ...
[2026-06-26 09:55:58]  正在连接 QQ-主 邮箱服务器 (497720537@qq.com) ...
[2026-06-26 09:55:59]  正在连接 QQ-备用 邮箱服务器 (shouqianbadavid@qq.com) ...
[2026-06-26 09:56:34]  正在连接 QQ-主 邮箱服务器 (497720537@qq.com) ...
[2026-06-26 09:56:45]  QQ-主 因子处理主循环异常: [Errno 11001] getaddrinfo failed
[2026-06-26 09:56:55]  正在连接 QQ-备用 邮箱服务器 (shouqianbadavid@qq.com) ...
[2026-06-26 09:57:31]  正在连接 QQ-主 邮箱服务器 (497720537@qq.com) ...
[2026-06-26 09:57:32]  QQ-主 正在解析因子: =?utf-8?b?QWxwaGFQaWxvdCDlrp7ml7bkv6Hlj7cgKGFscGhhX3NpZ25hbF90aHJfMjAyNjA2MjZfMDk1Ny5qc29uKSBb5Li7UVEt5a+55aSWXQ==?=
[2026-06-26 09:57:32]  发现表格，共 32 行数据
[2026-06-26 09:57:32]  动态索引映射: ['股票代码', '股票名称', '信号', '当前价格', '量比', '来源过滤']
[2026-06-26 09:57:32]  [行1] 解析成功: SHSE.603773 [沃格光电] SELL @ 178.99 (VR:0.79)
[2026-06-26 09:57:32]  [行2] 解析成功: SHSE.603618 [杭电股份] SELL @ 53.78 (VR:1.07)
[2026-06-26 09:57:32]  [行3] 解析成功: SHSE.605111 [新洁能] SELL @ 84.61 (VR:0.79)
[2026-06-26 09:57:32]  [行4] 解析成功: SHSE.600259 [中稀有色] BUY @ 102.81 (VR:0.08)
[2026-06-26 09:57:32]  [行5] 解析成功: SHSE.603175 [超颖电子] BUY @ 90.1 (VR:3.95)
[2026-06-26 09:57:32]  [行6] 解析成功: SHSE.600909 [华安证券] BUY @ 12.73 (VR:2.58)
[2026-06-26 09:57:32]  [行7] 解析成功: SHSE.600460 [士兰微] SELL @ 52.25 (VR:1.38)
[2026-06-26 09:57:32]  [行8] 解析成功: SZSE.002718 [友邦吊顶] SELL @ 113.5 (VR:0.51)
[2026-06-26 09:57:32]  [行9] 解析成功: SZSE.002768 [国恩股份] BUY @ 52.41 (VR:1.09)
[2026-06-26 09:57:32]  [行10] 解析成功: SZSE.001339 [智微智能] BUY @ 130.99 (VR:2.43)
[2026-06-26 09:57:32]  [行11] 解析成功: SZSE.000593 [德龙汇能] BUY @ 22.52 (VR:0.02)
[2026-06-26 09:57:32]  [行12] 解析成功: SZSE.002552 [宝鼎科技] SELL @ 69.24 (VR:0.02)
[2026-06-26 09:57:32]  [行13] 解析成功: SZSE.003031 [中瓷电子] BUY @ 185.9 (VR:0.07)
[2026-06-26 09:57:32]  [行14] 解析成功: SZSE.002643 [万润股份] BUY @ 19.97 (VR:0.09)
[2026-06-26 09:57:32]  [行15] 解析成功: SZSE.001282 [三联锻造] SELL @ 20.31 (VR:0.05)
[2026-06-26 09:57:32]  [行16] 解析成功: SZSE.002937 [兴瑞科技] BUY @ 42.43 (VR:0.06)
[2026-06-26 09:57:32]  [行17] 解析成功: SZSE.000920 [沃顿科技] SELL @ 14.23 (VR:0.9)
[2026-06-26 09:57:32]  [行18] 解析成功: SHSE.603773 [沃格光电] SELL @ 178.45 (VR:0.87)
[2026-06-26 09:57:32]  [行19] 解析成功: SHSE.603618 [杭电股份] SELL @ 53.65 (VR:0.79)
[2026-06-26 09:57:32]  [行20] 解析成功: SHSE.605111 [新洁能] SELL @ 84.6 (VR:0.82)
[2026-06-26 09:57:32]  [行21] 解析成功: SHSE.600259 [中稀有色] BUY @ 102.95 (VR:0.18)
[2026-06-26 09:57:32]  [行22] 解析成功: SHSE.603175 [超颖电子] BUY @ 90.7 (VR:1.28)
[2026-06-26 09:57:32]  [行23] 解析成功: SHSE.600460 [士兰微] SELL @ 52.2 (VR:1.17)
[2026-06-26 09:57:32]  [行24] 解析成功: SZSE.002768 [国恩股份] BUY @ 52.63 (VR:0.21)
[2026-06-26 09:57:32]  [行25] 解析成功: SZSE.001339 [智微智能] BUY @ 131.54 (VR:2.53)
[2026-06-26 09:57:32]  [行26] 解析成功: SZSE.000593 [德龙汇能] BUY @ 22.54 (VR:0.01)
[2026-06-26 09:57:32]  [行27] 解析成功: SZSE.002552 [宝鼎科技] SELL @ 69.13 (VR:0.04)
[2026-06-26 09:57:32]  [行28] 解析成功: SZSE.003031 [中瓷电子] BUY @ 187.22 (VR:0.06)
[2026-06-26 09:57:32]  [行29] 解析成功: SZSE.002643 [万润股份] BUY @ 20.02 (VR:0.01)
[2026-06-26 09:57:32]  [行30] 解析成功: SZSE.001282 [三联锻造] SELL @ 20.31 (VR:0.1)
[2026-06-26 09:57:32]  [行31] 解析成功: SZSE.002937 [兴瑞科技] BUY @ 42.44 (VR:0.08)
[2026-06-26 09:57:32]  [行32] 解析成功: SZSE.000920 [沃顿科技] SELL @ 14.22 (VR:0.11)
[2026-06-26 09:57:32] 成功保存 32 条因子至: signal_batch_20260626_095732_181489.txt
[2026-06-26 09:57:32]  QQ-主 邮件 4853 处理完成
[2026-06-26 09:57:32]  QQ-主 本轮共成功处理 1 封有效信号邮件
[2026-06-26 09:57:32]  正在连接 QQ-备用 邮箱服务器 (shouqianbadavid@qq.com) ...
[2026-06-26 09:58:07]  正在连接 QQ-主 邮箱服务器 (497720537@qq.com) ...
[2026-06-26 09:58:08]  正在连接 QQ-备用 邮箱服务器 (shouqianbadavid@qq.com) ...
[2026-06-26 09:58:08]  QQ-备用 正在解析因子: =?utf-8?b?QWxwaGFQaWxvdCDlpIfku73kv6Hlj7cgKGFscGhhX3NpZ25hbF90aHJfMjAyNjA2MjZfMDk1Ny5qc29uKSBb5aSHUVEt6Ieq5L+dXQ==?=
[2026-06-26 09:58:08]  发现表格，共 32 行数据
[2026-06-26 09:58:08]  动态索引映射: ['股票代码', '股票名称', '信号', '当前价格', '量比', '来源过滤']
[2026-06-26 09:58:08]  [行1] 解析成功: SHSE.603773 [沃格光电] SELL @ 178.99 (VR:0.79)
[2026-06-26 09:58:08]  [行2] 解析成功: SHSE.603618 [杭电股份] SELL @ 53.78 (VR:1.07)
[2026-06-26 09:58:08]  [行3] 解析成功: SHSE.605111 [新洁能] SELL @ 84.61 (VR:0.79)
[2026-06-26 09:58:08]  [行4] 解析成功: SHSE.600259 [中稀有色] BUY @ 102.81 (VR:0.08)
[2026-06-26 09:58:08]  [行5] 解析成功: SHSE.603175 [超颖电子] BUY @ 90.1 (VR:3.95)
[2026-06-26 09:58:08]  [行6] 解析成功: SHSE.600909 [华安证券] BUY @ 12.73 (VR:2.58)
[2026-06-26 09:58:08]  [行7] 解析成功: SHSE.600460 [士兰微] SELL @ 52.25 (VR:1.38)
[2026-06-26 09:58:08]  [行8] 解析成功: SZSE.002718 [友邦吊顶] SELL @ 113.5 (VR:0.51)
[2026-06-26 09:58:08]  [行9] 解析成功: SZSE.002768 [国恩股份] BUY @ 52.41 (VR:1.09)
[2026-06-26 09:58:08]  [行10] 解析成功: SZSE.001339 [智微智能] BUY @ 130.99 (VR:2.43)
[2026-06-26 09:58:08]  [行11] 解析成功: SZSE.000593 [德龙汇能] BUY @ 22.52 (VR:0.02)
[2026-06-26 09:58:08]  [行12] 解析成功: SZSE.002552 [宝鼎科技] SELL @ 69.24 (VR:0.02)
[2026-06-26 09:58:08]  [行13] 解析成功: SZSE.003031 [中瓷电子] BUY @ 185.9 (VR:0.07)
[2026-06-26 09:58:08]  [行14] 解析成功: SZSE.002643 [万润股份] BUY @ 19.97 (VR:0.09)
[2026-06-26 09:58:08]  [行15] 解析成功: SZSE.001282 [三联锻造] SELL @ 20.31 (VR:0.05)
[2026-06-26 09:58:08]  [行16] 解析成功: SZSE.002937 [兴瑞科技] BUY @ 42.43 (VR:0.06)
[2026-06-26 09:58:08]  [行17] 解析成功: SZSE.000920 [沃顿科技] SELL @ 14.23 (VR:0.9)
[2026-06-26 09:58:08]  [行18] 解析成功: SHSE.603773 [沃格光电] SELL @ 178.45 (VR:0.87)
[2026-06-26 09:58:08]  [行19] 解析成功: SHSE.603618 [杭电股份] SELL @ 53.65 (VR:0.79)
[2026-06-26 09:58:08]  [行20] 解析成功: SHSE.605111 [新洁能] SELL @ 84.6 (VR:0.82)
[2026-06-26 09:58:08]  [行21] 解析成功: SHSE.600259 [中稀有色] BUY @ 102.95 (VR:0.18)
[2026-06-26 09:58:08]  [行22] 解析成功: SHSE.603175 [超颖电子] BUY @ 90.7 (VR:1.28)
[2026-06-26 09:58:08]  [行23] 解析成功: SHSE.600460 [士兰微] SELL @ 52.2 (VR:1.17)
[2026-06-26 09:58:08]  [行24] 解析成功: SZSE.002768 [国恩股份] BUY @ 52.63 (VR:0.21)
[2026-06-26 09:58:08]  [行25] 解析成功: SZSE.001339 [智微智能] BUY @ 131.54 (VR:2.53)
[2026-06-26 09:58:08]  [行26] 解析成功: SZSE.000593 [德龙汇能] BUY @ 22.54 (VR:0.01)
[2026-06-26 09:58:08]  [行27] 解析成功: SZSE.002552 [宝鼎科技] SELL @ 69.13 (VR:0.04)
[2026-06-26 09:58:08]  [行28] 解析成功: SZSE.003031 [中瓷电子] BUY @ 187.22 (VR:0.06)
[2026-06-26 09:58:08]  [行29] 解析成功: SZSE.002643 [万润股份] BUY @ 20.02 (VR:0.01)
[2026-06-26 09:58:08]  [行30] 解析成功: SZSE.001282 [三联锻造] SELL @ 20.31 (VR:0.1)
[2026-06-26 09:58:08]  [行31] 解析成功: SZSE.002937 [兴瑞科技] BUY @ 42.44 (VR:0.08)
[2026-06-26 09:58:08]  [行32] 解析成功: SZSE.000920 [沃顿科技] SELL @ 14.22 (VR:0.11)
[2026-06-26 09:58:08] 成功保存 32 条因子至: signal_batch_20260626_095808_892884.txt
[2026-06-26 09:58:09]  QQ-备用 邮件 2624 处理完成
[2026-06-26 09:58:09]  QQ-备用 本轮共成功处理 1 封有效信号邮件
[2026-06-26 09:58:44]  正在连接 QQ-主 邮箱服务器 (497720537@qq.com) ...
[2026-06-26 09:58:44]  正在连接 QQ-备用 邮箱服务器 (shouqianbadavid@qq.com) ...
[2026-06-26 09:59:19]  正在连接 QQ-主 邮箱服务器 (497720537@qq.com) ...
[2026-06-26 09:59:23]  正在连接 QQ-备用 邮箱服务器 (shouqianbadavid@qq.com) ...
[2026-06-26 09:59:59]  正在连接 QQ-主 邮箱服务器 (497720537@qq.com) ...
[2026-06-26 10:00:00]  正在连接 QQ-备用 邮箱服务器 (shouqianbadavid@qq.com) ...
[2026-06-26 10:00:35]  正在连接 QQ-主 邮箱服务器 (497720537@qq.com) ...
[2026-06-26 10:00:36]  QQ-主 正在解析因子: =?utf-8?b?QWxwaGFQaWxvdCDlrp7ml7bkv6Hlj7cgKGFscGhhX3NpZ25hbF90aHJfMjAyNjA2MjZfMTAwMC5qc29uKSBb5Li7UVEt5a+55aSWXQ==?=
[2026-06-26 10:00:36]  发现表格，共 24 行数据
[2026-06-26 10:00:36]  动态索引映射: ['股票代码', '股票名称', '信号', '当前价格', '量比', '来源过滤']
[2026-06-26 10:00:36]  [行1] 解析成功: SHSE.688700 [东威科技] BUY @ 89.56 (VR:0.42)
[2026-06-26 10:00:36]  [行2] 解析成功: SHSE.688777 [中控技术] SELL @ 119.0 (VR:0.2)
[2026-06-26 10:00:36]  [行3] 解析成功: SHSE.688286 [敏芯股份] SELL @ 103.86 (VR:0.26)
[2026-06-26 10:00:36]  [行4] 解析成功: SHSE.688511 [天微电子] BUY @ 30.37 (VR:1.17)
[2026-06-26 10:00:36]  [行5] 解析成功: SHSE.688386 [泛亚微透] SELL @ 91.59 (VR:0.73)
[2026-06-26 10:00:36]  [行6] 解析成功: SHSE.688059 [华锐精密] BUY @ 205.53 (VR:0.22)
[2026-06-26 10:00:36]  [行7] 解析成功: SZSE.300037 [新宙邦] BUY @ 88.56 (VR:0.27)
[2026-06-26 10:00:36]  [行8] 解析成功: SZSE.301281 [利源制药] SELL @ 44.01 (VR:0.43)
[2026-06-26 10:00:36]  [行9] 解析成功: SZSE.300285 [国瓷材料] SELL @ 97.66 (VR:0.98)
[2026-06-26 10:00:36]  [行10] 解析成功: SZSE.301392 [汇成真空] BUY @ 250.17 (VR:0.09)
[2026-06-26 10:00:36]  [行11] 解析成功: SZSE.300319 [麦捷科技] BUY @ 32.29 (VR:0.14)
[2026-06-26 10:00:36]  [行12] 解析成功: SHSE.688700 [东威科技] BUY @ 89.75 (VR:0.23)
[2026-06-26 10:00:36]  [行13] 解析成功: SHSE.688777 [中控技术] SELL @ 118.98 (VR:0.07)
[2026-06-26 10:00:36]  [行14] 解析成功: SHSE.688286 [敏芯股份] SELL @ 103.5 (VR:0.16)
[2026-06-26 10:00:36]  [行15] 解析成功: SHSE.688511 [天微电子] BUY @ 30.44 (VR:0.03)
[2026-06-26 10:00:36]  [行16] 解析成功: SHSE.688386 [泛亚微透] SELL @ 91.44 (VR:0.2)
[2026-06-26 10:00:36]  [行17] 解析成功: SHSE.688059 [华锐精密] BUY @ 206.27 (VR:0.26)
[2026-06-26 10:00:36]  [行18] 解析成功: SZSE.300037 [新宙邦] BUY @ 88.63 (VR:0.28)
[2026-06-26 10:00:36]  [行19] 解析成功: SZSE.300449 [汉邦高科] BUY @ 7.74 (VR:4.45)
[2026-06-26 10:00:36]  [行20] 解析成功: SZSE.301281 [利源制药] SELL @ 43.95 (VR:0.29)
[2026-06-26 10:00:36]  [行21] 解析成功: SZSE.300285 [国瓷材料] SELL @ 97.49 (VR:0.64)
[2026-06-26 10:00:36]  [行22] 解析成功: SZSE.301392 [汇成真空] BUY @ 250.98 (VR:0.13)
[2026-06-26 10:00:36]  [行23] 解析成功: SZSE.300319 [麦捷科技] BUY @ 32.49 (VR:0.06)
[2026-06-26 10:00:36]  [行24] 解析成功: SZSE.300214 [日科化学] BUY @ 10.29 (VR:0.02)
[2026-06-26 10:00:36] 成功保存 24 条因子至: signal_batch_20260626_100036_136131.txt
[2026-06-26 10:00:36]  QQ-主 邮件 4854 处理完成
[2026-06-26 10:00:36]  QQ-主 本轮共成功处理 1 封有效信号邮件
[2026-06-26 10:00:36]  正在连接 QQ-备用 邮箱服务器 (shouqianbadavid@qq.com) ...
[2026-06-26 10:00:37]  QQ-备用 正在解析因子: =?utf-8?b?QWxwaGFQaWxvdCDlpIfku73kv6Hlj7cgKGFscGhhX3NpZ25hbF90aHJfMjAyNjA2MjZfMTAwMC5qc29uKSBb5aSHUVEt6Ieq5L+dXQ==?=
[2026-06-26 10:00:37]  发现表格，共 24 行数据
[2026-06-26 10:00:37]  动态索引映射: ['股票代码', '股票名称', '信号', '当前价格', '量比', '来源过滤']
[2026-06-26 10:00:37]  [行1] 解析成功: SHSE.688700 [东威科技] BUY @ 89.56 (VR:0.42)
[2026-06-26 10:00:37]  [行2] 解析成功: SHSE.688777 [中控技术] SELL @ 119.0 (VR:0.2)
[2026-06-26 10:00:37]  [行3] 解析成功: SHSE.688286 [敏芯股份] SELL @ 103.86 (VR:0.26)
[2026-06-26 10:00:37]  [行4] 解析成功: SHSE.688511 [天微电子] BUY @ 30.37 (VR:1.17)
[2026-06-26 10:00:37]  [行5] 解析成功: SHSE.688386 [泛亚微透] SELL @ 91.59 (VR:0.73)
[2026-06-26 10:00:37]  [行6] 解析成功: SHSE.688059 [华锐精密] BUY @ 205.53 (VR:0.22)
[2026-06-26 10:00:37]  [行7] 解析成功: SZSE.300037 [新宙邦] BUY @ 88.56 (VR:0.27)
[2026-06-26 10:00:37]  [行8] 解析成功: SZSE.301281 [利源制药] SELL @ 44.01 (VR:0.43)
[2026-06-26 10:00:37]  [行9] 解析成功: SZSE.300285 [国瓷材料] SELL @ 97.66 (VR:0.98)
[2026-06-26 10:00:37]  [行10] 解析成功: SZSE.301392 [汇成真空] BUY @ 250.17 (VR:0.09)
[2026-06-26 10:00:37]  [行11] 解析成功: SZSE.300319 [麦捷科技] BUY @ 32.29 (VR:0.14)
[2026-06-26 10:00:37]  [行12] 解析成功: SHSE.688700 [东威科技] BUY @ 89.75 (VR:0.23)
[2026-06-26 10:00:37]  [行13] 解析成功: SHSE.688777 [中控技术] SELL @ 118.98 (VR:0.07)
[2026-06-26 10:00:37]  [行14] 解析成功: SHSE.688286 [敏芯股份] SELL @ 103.5 (VR:0.16)
[2026-06-26 10:00:37]  [行15] 解析成功: SHSE.688511 [天微电子] BUY @ 30.44 (VR:0.03)
[2026-06-26 10:00:37]  [行16] 解析成功: SHSE.688386 [泛亚微透] SELL @ 91.44 (VR:0.2)
[2026-06-26 10:00:37]  [行17] 解析成功: SHSE.688059 [华锐精密] BUY @ 206.27 (VR:0.26)
[2026-06-26 10:00:37]  [行18] 解析成功: SZSE.300037 [新宙邦] BUY @ 88.63 (VR:0.28)
[2026-06-26 10:00:37]  [行19] 解析成功: SZSE.300449 [汉邦高科] BUY @ 7.74 (VR:4.45)
[2026-06-26 10:00:37]  [行20] 解析成功: SZSE.301281 [利源制药] SELL @ 43.95 (VR:0.29)
[2026-06-26 10:00:37]  [行21] 解析成功: SZSE.300285 [国瓷材料] SELL @ 97.49 (VR:0.64)
[2026-06-26 10:00:37]  [行22] 解析成功: SZSE.301392 [汇成真空] BUY @ 250.98 (VR:0.13)
[2026-06-26 10:00:37]  [行23] 解析成功: SZSE.300319 [麦捷科技] BUY @ 32.49 (VR:0.06)
[2026-06-26 10:00:37]  [行24] 解析成功: SZSE.300214 [日科化学] BUY @ 10.29 (VR:0.02)
[2026-06-26 10:00:37] 成功保存 24 条因子至: signal_batch_20260626_100037_529681.txt
[2026-06-26 10:00:37]  QQ-备用 邮件 2625 处理完成
[2026-06-26 10:00:37]  QQ-备用 本轮共成功处理 1 封有效信号邮件
[2026-06-26 10:01:12]  正在连接 QQ-主 邮箱服务器 (497720537@qq.com) ...
[2026-06-26 10:01:13]  正在连接 QQ-备用 邮箱服务器 (shouqianbadavid@qq.com) ...
[2026-06-26 10:01:48]  正在连接 QQ-主 邮箱服务器 (497720537@qq.com) ...
[2026-06-26 10:01:49]  正在连接 QQ-备用 邮箱服务器 (shouqianbadavid@qq.com) ...
[2026-06-26 10:02:24]  正在连接 QQ-主 邮箱服务器 (497720537@qq.com) ...
[2026-06-26 10:02:25]  正在连接 QQ-备用 邮箱服务器 (shouqianbadavid@qq.com) ...
[2026-06-26 10:03:01]  正在连接 QQ-主 邮箱服务器 (497720537@qq.com) ...
[2026-06-26 10:03:01]  正在连接 QQ-备用 邮箱服务器 (shouqianbadavid@qq.com) ...
[2026-06-26 10:03:37]  正在连接 QQ-主 邮箱服务器 (497720537@qq.com) ...
[2026-06-26 10:03:37]  正在连接 QQ-备用 邮箱服务器 (shouqianbadavid@qq.com) ...
[2026-06-26 10:04:12]  正在连接 QQ-主 邮箱服务器 (497720537@qq.com) ...
[2026-06-26 10:04:13]  正在连接 QQ-备用 邮箱服务器 (shouqianbadavid@qq.com) ...
[2026-06-26 10:04:48]  正在连接 QQ-主 邮箱服务器 (497720537@qq.com) ...
[2026-06-26 10:04:49]  QQ-主 正在解析因子: =?utf-8?b?QWxwaGFQaWxvdCDlrp7ml7bkv6Hlj7cgKGFscGhhX3NpZ25hbF90aHJfMjAyNjA2MjZfMTAwNC5qc29uKSBb5Li7UVEt5a+55aSWXQ==?=
[2026-06-26 10:04:49]  发现表格，共 27 行数据
[2026-06-26 10:04:49]  动态索引映射: ['股票代码', '股票名称', '信号', '当前价格', '量比', '来源过滤']
[2026-06-26 10:04:49]  [行1] 解析成功: SHSE.688308 [欧科亿] BUY @ 184.5 (VR:0.25)
[2026-06-26 10:04:49]  [行2] 解析成功: SHSE.688721 [龙图光罩] BUY @ 52.22 (VR:0.21)
[2026-06-26 10:04:49]  [行3] 解析成功: SHSE.688733 [壹石通] SELL @ 41.16 (VR:0.4)
[2026-06-26 10:04:49]  [行4] 解析成功: SZSE.300196 [长海股份] BUY @ 32.19 (VR:0.4)
[2026-06-26 10:04:49]  [行5] 解析成功: SZSE.300088 [长信科技] BUY @ 11.55 (VR:2.18)
[2026-06-26 10:04:49]  [行6] 解析成功: SZSE.301362 [民爆光电] SELL @ 198.41 (VR:0.12)
[2026-06-26 10:04:49]  [行7] 解析成功: SZSE.300221 [银禧科技] BUY @ 15.8 (VR:0.03)
[2026-06-26 10:04:49]  [行8] 解析成功: SZSE.301323 [新莱福] BUY @ 82.32 (VR:0.04)
[2026-06-26 10:04:49]  [行9] 解析成功: SZSE.300780 [德恩精工] BUY @ 33.2 (VR:0.19)
[2026-06-26 10:04:49]  [行10] 解析成功: SZSE.301195 [北路智控] BUY @ 27.0 (VR:0.21)
[2026-06-26 10:04:49]  [行11] 解析成功: SZSE.300497 [富祥股份] SELL @ 21.2 (VR:0.71)
[2026-06-26 10:04:49]  [行12] 解析成功: SZSE.300304 [云意电气] BUY @ 19.35 (VR:0.68)
[2026-06-26 10:04:49]  [行13] 解析成功: SHSE.688216 [气派科技] BUY @ 40.17 (VR:0.19)
[2026-06-26 10:04:49]  [行14] 解析成功: SHSE.688308 [欧科亿] BUY @ 184.98 (VR:0.2)
[2026-06-26 10:04:49]  [行15] 解析成功: SHSE.688721 [龙图光罩] BUY @ 52.36 (VR:0.76)
[2026-06-26 10:04:49]  [行16] 解析成功: SHSE.688249 [晶合集成] BUY @ 60.12 (VR:1.66)
[2026-06-26 10:04:49]  [行17] 解析成功: SHSE.688138 [清溢光电] BUY @ 40.7 (VR:0.39)
[2026-06-26 10:04:49]  [行18] 解析成功: SZSE.300196 [长海股份] BUY @ 32.42 (VR:0.53)
[2026-06-26 10:04:49]  [行19] 解析成功: SZSE.300088 [长信科技] BUY @ 11.63 (VR:2.4)
[2026-06-26 10:04:49]  [行20] 解析成功: SZSE.300709 [精研科技] SELL @ 64.26 (VR:0.04)
[2026-06-26 10:04:49]  [行21] 解析成功: SZSE.301362 [民爆光电] SELL @ 197.79 (VR:0.07)
[2026-06-26 10:04:49]  [行22] 解析成功: SZSE.300221 [银禧科技] BUY @ 15.83 (VR:0.02)
[2026-06-26 10:04:49]  [行23] 解析成功: SZSE.301323 [新莱福] BUY @ 82.57 (VR:0.09)
[2026-06-26 10:04:49]  [行24] 解析成功: SZSE.300780 [德恩精工] BUY @ 33.25 (VR:0.12)
[2026-06-26 10:04:49]  [行25] 解析成功: SZSE.301195 [北路智控] BUY @ 27.01 (VR:0.51)
[2026-06-26 10:04:49]  [行26] 解析成功: SZSE.300497 [富祥股份] SELL @ 21.08 (VR:0.45)
[2026-06-26 10:04:49]  [行27] 解析成功: SZSE.300304 [云意电气] BUY @ 19.37 (VR:0.13)
[2026-06-26 10:04:49] 成功保存 27 条因子至: signal_batch_20260626_100449_852000.txt
[2026-06-26 10:04:49]  QQ-主 邮件 4855 处理完成
[2026-06-26 10:04:49]  QQ-主 本轮共成功处理 1 封有效信号邮件
[2026-06-26 10:04:50]  正在连接 QQ-备用 邮箱服务器 (shouqianbadavid@qq.com) ...
[2026-06-26 10:05:25]  正在连接 QQ-主 邮箱服务器 (497720537@qq.com) ...
[2026-06-26 10:05:25]  正在连接 QQ-备用 邮箱服务器 (shouqianbadavid@qq.com) ...
[2026-06-26 10:05:26]  QQ-备用 正在解析因子: =?utf-8?b?QWxwaGFQaWxvdCDlpIfku73kv6Hlj7cgKGFscGhhX3NpZ25hbF90aHJfMjAyNjA2MjZfMTAwNC5qc29uKSBb5aSHUVEt6Ieq5L+dXQ==?=
[2026-06-26 10:05:26]  发现表格，共 27 行数据
[2026-06-26 10:05:26]  动态索引映射: ['股票代码', '股票名称', '信号', '当前价格', '量比', '来源过滤']
[2026-06-26 10:05:26]  [行1] 解析成功: SHSE.688308 [欧科亿] BUY @ 184.5 (VR:0.25)
[2026-06-26 10:05:26]  [行2] 解析成功: SHSE.688721 [龙图光罩] BUY @ 52.22 (VR:0.21)
[2026-06-26 10:05:26]  [行3] 解析成功: SHSE.688733 [壹石通] SELL @ 41.16 (VR:0.4)
[2026-06-26 10:05:26]  [行4] 解析成功: SZSE.300196 [长海股份] BUY @ 32.19 (VR:0.4)
[2026-06-26 10:05:26]  [行5] 解析成功: SZSE.300088 [长信科技] BUY @ 11.55 (VR:2.18)
[2026-06-26 10:05:26]  [行6] 解析成功: SZSE.301362 [民爆光电] SELL @ 198.41 (VR:0.12)
[2026-06-26 10:05:26]  [行7] 解析成功: SZSE.300221 [银禧科技] BUY @ 15.8 (VR:0.03)
[2026-06-26 10:05:26]  [行8] 解析成功: SZSE.301323 [新莱福] BUY @ 82.32 (VR:0.04)
[2026-06-26 10:05:26]  [行9] 解析成功: SZSE.300780 [德恩精工] BUY @ 33.2 (VR:0.19)
[2026-06-26 10:05:26]  [行10] 解析成功: SZSE.301195 [北路智控] BUY @ 27.0 (VR:0.21)
[2026-06-26 10:05:26]  [行11] 解析成功: SZSE.300497 [富祥股份] SELL @ 21.2 (VR:0.71)
[2026-06-26 10:05:26]  [行12] 解析成功: SZSE.300304 [云意电气] BUY @ 19.35 (VR:0.68)
[2026-06-26 10:05:26]  [行13] 解析成功: SHSE.688216 [气派科技] BUY @ 40.17 (VR:0.19)
[2026-06-26 10:05:26]  [行14] 解析成功: SHSE.688308 [欧科亿] BUY @ 184.98 (VR:0.2)
[2026-06-26 10:05:26]  [行15] 解析成功: SHSE.688721 [龙图光罩] BUY @ 52.36 (VR:0.76)
[2026-06-26 10:05:26]  [行16] 解析成功: SHSE.688249 [晶合集成] BUY @ 60.12 (VR:1.66)
[2026-06-26 10:05:26]  [行17] 解析成功: SHSE.688138 [清溢光电] BUY @ 40.7 (VR:0.39)
[2026-06-26 10:05:26]  [行18] 解析成功: SZSE.300196 [长海股份] BUY @ 32.42 (VR:0.53)
[2026-06-26 10:05:26]  [行19] 解析成功: SZSE.300088 [长信科技] BUY @ 11.63 (VR:2.4)
[2026-06-26 10:05:26]  [行20] 解析成功: SZSE.300709 [精研科技] SELL @ 64.26 (VR:0.04)
[2026-06-26 10:05:26]  [行21] 解析成功: SZSE.301362 [民爆光电] SELL @ 197.79 (VR:0.07)
[2026-06-26 10:05:26]  [行22] 解析成功: SZSE.300221 [银禧科技] BUY @ 15.83 (VR:0.02)
[2026-06-26 10:05:26]  [行23] 解析成功: SZSE.301323 [新莱福] BUY @ 82.57 (VR:0.09)
[2026-06-26 10:05:26]  [行24] 解析成功: SZSE.300780 [德恩精工] BUY @ 33.25 (VR:0.12)
[2026-06-26 10:05:26]  [行25] 解析成功: SZSE.301195 [北路智控] BUY @ 27.01 (VR:0.51)
[2026-06-26 10:05:26]  [行26] 解析成功: SZSE.300497 [富祥股份] SELL @ 21.08 (VR:0.45)
[2026-06-26 10:05:26]  [行27] 解析成功: SZSE.300304 [云意电气] BUY @ 19.37 (VR:0.13)
[2026-06-26 10:05:26] 成功保存 27 条因子至: signal_batch_20260626_100526_640342.txt
[2026-06-26 10:05:26]  QQ-备用 邮件 2626 处理完成
[2026-06-26 10:05:26]  QQ-备用 本轮共成功处理 1 封有效信号邮件
[2026-06-26 10:06:01]  正在连接 QQ-主 邮箱服务器 (497720537@qq.com) ...
[2026-06-26 10:06:03]  正在连接 QQ-备用 邮箱服务器 (shouqianbadavid@qq.com) ...
[2026-06-26 10:06:39]  正在连接 QQ-主 邮箱服务器 (497720537@qq.com) ...
[2026-06-26 10:06:39]  正在连接 QQ-备用 邮箱服务器 (shouqianbadavid@qq.com) ...
[2026-06-26 10:07:15]  正在连接 QQ-主 邮箱服务器 (497720537@qq.com) ...
[2026-06-26 10:07:15]  正在连接 QQ-备用 邮箱服务器 (shouqianbadavid@qq.com) ...
[2026-06-26 10:07:51]  正在连接 QQ-主 邮箱服务器 (497720537@qq.com) ...
[2026-06-26 10:07:51]  QQ-主 正在解析因子: =?utf-8?b?QWxwaGFQaWxvdCDlrp7ml7bkv6Hlj7cgKGFscGhhX3NpZ25hbF90aHJfMjAyNjA2MjZfMTAwNy5qc29uKSBb5Li7UVEt5a+55aSWXQ==?=
[2026-06-26 10:07:51]  发现表格，共 14 行数据
[2026-06-26 10:07:51]  动态索引映射: ['股票代码', '股票名称', '信号', '当前价格', '量比', '来源过滤']
[2026-06-26 10:07:51]  [行1] 解析成功: SZSE.300308 [中际旭创] BUY @ 1266.02 (VR:1.13)
[2026-06-26 10:07:51]  [行2] 解析成功: SZSE.300346 [南大光电] BUY @ 79.98 (VR:0.47)
[2026-06-26 10:07:51]  [行3] 解析成功: SZSE.300930 [屹通新材] SELL @ 29.35 (VR:0.27)
[2026-06-26 10:07:51]  [行4] 解析成功: SZSE.300936 [中英科技] BUY @ 103.89 (VR:1.15)
[2026-06-26 10:07:51]  [行5] 解析成功: SZSE.300259 [新天科技] SELL @ 5.84 (VR:0.05)
[2026-06-26 10:07:51]  [行6] 解析成功: SZSE.300739 [明阳电路] BUY @ 34.26 (VR:0.08)
[2026-06-26 10:07:51]  [行7] 解析成功: SZSE.300345 [华民股份] SELL @ 5.96 (VR:0.2)
[2026-06-26 10:07:51]  [行8] 解析成功: SHSE.688392 [娇成超声] BUY @ 186.0 (VR:0.51)
[2026-06-26 10:07:51]  [行9] 解析成功: SZSE.300346 [南大光电] BUY @ 79.99 (VR:0.53)
[2026-06-26 10:07:51]  [行10] 解析成功: SZSE.300930 [屹通新材] SELL @ 29.34 (VR:0.24)
[2026-06-26 10:07:51]  [行11] 解析成功: SZSE.300936 [中英科技] BUY @ 104.82 (VR:2.05)
[2026-06-26 10:07:51]  [行12] 解析成功: SZSE.300259 [新天科技] SELL @ 5.8 (VR:0.2)
[2026-06-26 10:07:51]  [行13] 解析成功: SZSE.300739 [明阳电路] BUY @ 34.41 (VR:0.15)
[2026-06-26 10:07:51]  [行14] 解析成功: SZSE.300345 [华民股份] SELL @ 5.94 (VR:0.04)
[2026-06-26 10:07:51] 成功保存 14 条因子至: signal_batch_20260626_100751_943219.txt
[2026-06-26 10:07:52]  QQ-主 邮件 4856 处理完成
[2026-06-26 10:07:52]  QQ-主 本轮共成功处理 1 封有效信号邮件
[2026-06-26 10:07:52]  正在连接 QQ-备用 邮箱服务器 (shouqianbadavid@qq.com) ...
[2026-06-26 10:07:52]  QQ-备用 正在解析因子: =?utf-8?b?QWxwaGFQaWxvdCDlpIfku73kv6Hlj7cgKGFscGhhX3NpZ25hbF90aHJfMjAyNjA2MjZfMTAwNy5qc29uKSBb5aSHUVEt6Ieq5L+dXQ==?=
[2026-06-26 10:07:52]  发现表格，共 14 行数据
[2026-06-26 10:07:52]  动态索引映射: ['股票代码', '股票名称', '信号', '当前价格', '量比', '来源过滤']
[2026-06-26 10:07:52]  [行1] 解析成功: SZSE.300308 [中际旭创] BUY @ 1266.02 (VR:1.13)
[2026-06-26 10:07:52]  [行2] 解析成功: SZSE.300346 [南大光电] BUY @ 79.98 (VR:0.47)
[2026-06-26 10:07:52]  [行3] 解析成功: SZSE.300930 [屹通新材] SELL @ 29.35 (VR:0.27)
[2026-06-26 10:07:52]  [行4] 解析成功: SZSE.300936 [中英科技] BUY @ 103.89 (VR:1.15)
[2026-06-26 10:07:52]  [行5] 解析成功: SZSE.300259 [新天科技] SELL @ 5.84 (VR:0.05)
[2026-06-26 10:07:52]  [行6] 解析成功: SZSE.300739 [明阳电路] BUY @ 34.26 (VR:0.08)
[2026-06-26 10:07:52]  [行7] 解析成功: SZSE.300345 [华民股份] SELL @ 5.96 (VR:0.2)
[2026-06-26 10:07:52]  [行8] 解析成功: SHSE.688392 [娇成超声] BUY @ 186.0 (VR:0.51)
[2026-06-26 10:07:52]  [行9] 解析成功: SZSE.300346 [南大光电] BUY @ 79.99 (VR:0.53)
[2026-06-26 10:07:52]  [行10] 解析成功: SZSE.300930 [屹通新材] SELL @ 29.34 (VR:0.24)
[2026-06-26 10:07:52]  [行11] 解析成功: SZSE.300936 [中英科技] BUY @ 104.82 (VR:2.05)
[2026-06-26 10:07:52]  [行12] 解析成功: SZSE.300259 [新天科技] SELL @ 5.8 (VR:0.2)
[2026-06-26 10:07:52]  [行13] 解析成功: SZSE.300739 [明阳电路] BUY @ 34.41 (VR:0.15)
[2026-06-26 10:07:52]  [行14] 解析成功: SZSE.300345 [华民股份] SELL @ 5.94 (VR:0.04)
[2026-06-26 10:07:52] 成功保存 14 条因子至: signal_batch_20260626_100752_846752.txt
[2026-06-26 10:07:52]  QQ-备用 邮件 2627 处理完成
[2026-06-26 10:07:52]  QQ-备用 本轮共成功处理 1 封有效信号邮件
[2026-06-26 10:08:28]  正在连接 QQ-主 邮箱服务器 (497720537@qq.com) ...
[2026-06-26 10:08:39]  QQ-主 因子处理主循环异常: [Errno 11001] getaddrinfo failed
[2026-06-26 10:08:49]  正在连接 QQ-备用 邮箱服务器 (shouqianbadavid@qq.com) ...
[2026-06-26 10:09:24]  正在连接 QQ-主 邮箱服务器 (497720537@qq.com) ...
[2026-06-26 10:09:26]  正在连接 QQ-备用 邮箱服务器 (shouqianbadavid@qq.com) ...
[2026-06-26 10:10:01]  正在连接 QQ-主 邮箱服务器 (497720537@qq.com) ...
[2026-06-26 10:10:02]  正在连接 QQ-备用 邮箱服务器 (shouqianbadavid@qq.com) ...
[2026-06-26 10:10:37]  正在连接 QQ-主 邮箱服务器 (497720537@qq.com) ...
[2026-06-26 10:10:38]  正在连接 QQ-备用 邮箱服务器 (shouqianbadavid@qq.com) ...
[2026-06-26 10:11:13]  正在连接 QQ-主 邮箱服务器 (497720537@qq.com) ...
[2026-06-26 10:11:14]  正在连接 QQ-备用 邮箱服务器 (shouqianbadavid@qq.com) ...
[2026-06-26 10:11:49]  正在连接 QQ-主 邮箱服务器 (497720537@qq.com) ...
[2026-06-26 10:11:50]  QQ-主 正在解析因子: =?utf-8?b?QWxwaGFQaWxvdCDlrp7ml7bkv6Hlj7cgKGFscGhhX3NpZ25hbF90aHJfMjAyNjA2MjZfMTAxMS5qc29uKSBb5Li7UVEt5a+55aSWXQ==?=
[2026-06-26 10:11:50]  发现表格，共 35 行数据
[2026-06-26 10:11:50]  动态索引映射: ['股票代码', '股票名称', '信号', '当前价格', '量比', '来源过滤']
[2026-06-26 10:11:50]  [行1] 解析成功: SHSE.688110 [东芯股份] BUY @ 177.3 (VR:0.96)
[2026-06-26 10:11:50]  [行2] 解析成功: SHSE.688665 [四方光电] BUY @ 60.18 (VR:2.85)
[2026-06-26 10:11:50]  [行3] 解析成功: SHSE.688002 [睿创微纳] BUY @ 145.46 (VR:0.77)
[2026-06-26 10:11:50]  [行4] 解析成功: SHSE.688102 [斯瑞新材] BUY @ 42.6 (VR:2.96)
[2026-06-26 10:11:50]  [行5] 解析成功: SHSE.688521 [芯原股份] BUY @ 337.67 (VR:0.17)
[2026-06-26 10:11:50]  [行6] 解析成功: SHSE.688227 [品高股份] BUY @ 99.67 (VR:0.02)
[2026-06-26 10:11:50]  [行7] 解析成功: SZSE.300689 [澄天伟业] BUY @ 63.87 (VR:1.06)
[2026-06-26 10:11:50]  [行8] 解析成功: SZSE.301045 [天禄科技] SELL @ 67.34 (VR:0.9)
[2026-06-26 10:11:50]  [行9] 解析成功: SZSE.301188 [力诺药包] SELL @ 75.47 (VR:0.48)
[2026-06-26 10:11:50]  [行10] 解析成功: SZSE.301322 [绿通科技] SELL @ 57.67 (VR:0.4)
[2026-06-26 10:11:50]  [行11] 解析成功: SZSE.300679 [电连技术] SELL @ 66.14 (VR:0.28)
[2026-06-26 10:11:50]  [行12] 解析成功: SZSE.301013 [利和兴] BUY @ 75.52 (VR:0.27)
[2026-06-26 10:11:50]  [行13] 解析成功: SZSE.300620 [光库科技] BUY @ 388.0 (VR:0.5)
[2026-06-26 10:11:50]  [行14] 解析成功: SZSE.300790 [宇瞳光学] SELL @ 27.02 (VR:0.34)
[2026-06-26 10:11:50]  [行15] 解析成功: SZSE.300990 [同飞股份] SELL @ 108.78 (VR:0.43)
[2026-06-26 10:11:50]  [行16] 解析成功: SZSE.300921 [南凌科技] BUY @ 21.67 (VR:1.33)
[2026-06-26 10:11:50]  [行17] 解析成功: SZSE.000636 [风华高科] SELL @ 79.66 (VR:0.69)
[2026-06-26 10:11:50]  [行18] 解析成功: SHSE.688110 [东芯股份] BUY @ 177.67 (VR:0.82)
[2026-06-26 10:11:50]  [行19] 解析成功: SHSE.688665 [四方光电] BUY @ 60.29 (VR:4.87)
[2026-06-26 10:11:50]  [行20] 解析成功: SHSE.688002 [睿创微纳] BUY @ 145.65 (VR:1.24)
[2026-06-26 10:11:50]  [行21] 解析成功: SHSE.688102 [斯瑞新材] BUY @ 42.88 (VR:0.41)
[2026-06-26 10:11:50]  [行22] 解析成功: SHSE.688521 [芯原股份] BUY @ 337.88 (VR:0.27)
[2026-06-26 10:11:50]  [行23] 解析成功: SHSE.688227 [品高股份] BUY @ 99.98 (VR:0.04)
[2026-06-26 10:11:50]  [行24] 解析成功: SZSE.300689 [澄天伟业] BUY @ 63.89 (VR:0.01)
[2026-06-26 10:11:50]  [行25] 解析成功: SZSE.301045 [天禄科技] SELL @ 67.04 (VR:0.02)
[2026-06-26 10:11:50]  [行26] 解析成功: SZSE.301188 [力诺药包] SELL @ 75.3 (VR:0.57)
[2026-06-26 10:11:50]  [行27] 解析成功: SZSE.300806 [斯迪克] BUY @ 118.33 (VR:0.14)
[2026-06-26 10:11:50]  [行28] 解析成功: SZSE.301322 [绿通科技] SELL @ 57.66 (VR:0.25)
[2026-06-26 10:11:50]  [行29] 解析成功: SZSE.300679 [电连技术] SELL @ 66.13 (VR:0.14)
[2026-06-26 10:11:50]  [行30] 解析成功: SZSE.301013 [利和兴] BUY @ 75.63 (VR:0.28)
[2026-06-26 10:11:50]  [行31] 解析成功: SZSE.300620 [光库科技] BUY @ 388.0 (VR:1.08)
[2026-06-26 10:11:50]  [行32] 解析成功: SZSE.300790 [宇瞳光学] SELL @ 26.98 (VR:0.36)
[2026-06-26 10:11:50]  [行33] 解析成功: SZSE.300990 [同飞股份] SELL @ 108.1 (VR:1.93)
[2026-06-26 10:11:50]  [行34] 解析成功: SZSE.300921 [南凌科技] BUY @ 21.77 (VR:0.38)
[2026-06-26 10:11:50]  [行35] 解析成功: SZSE.000636 [风华高科] SELL @ 79.51 (VR:1.01)
[2026-06-26 10:11:50] 成功保存 35 条因子至: signal_batch_20260626_101150_140821.txt
[2026-06-26 10:11:50]  QQ-主 邮件 4857 处理完成
[2026-06-26 10:11:50]  QQ-主 本轮共成功处理 1 封有效信号邮件
[2026-06-26 10:11:50]  正在连接 QQ-备用 邮箱服务器 (shouqianbadavid@qq.com) ...
[2026-06-26 10:12:25]  正在连接 QQ-主 邮箱服务器 (497720537@qq.com) ...
[2026-06-26 10:12:26]  正在连接 QQ-备用 邮箱服务器 (shouqianbadavid@qq.com) ...
[2026-06-26 10:12:26]  QQ-备用 正在解析因子: =?utf-8?b?QWxwaGFQaWxvdCDlpIfku73kv6Hlj7cgKGFscGhhX3NpZ25hbF90aHJfMjAyNjA2MjZfMTAxMS5qc29uKSBb5aSHUVEt6Ieq5L+dXQ==?=
[2026-06-26 10:12:26]  发现表格，共 35 行数据
[2026-06-26 10:12:26]  动态索引映射: ['股票代码', '股票名称', '信号', '当前价格', '量比', '来源过滤']
[2026-06-26 10:12:26]  [行1] 解析成功: SHSE.688110 [东芯股份] BUY @ 177.3 (VR:0.96)
[2026-06-26 10:12:26]  [行2] 解析成功: SHSE.688665 [四方光电] BUY @ 60.18 (VR:2.85)
[2026-06-26 10:12:26]  [行3] 解析成功: SHSE.688002 [睿创微纳] BUY @ 145.46 (VR:0.77)
[2026-06-26 10:12:26]  [行4] 解析成功: SHSE.688102 [斯瑞新材] BUY @ 42.6 (VR:2.96)
[2026-06-26 10:12:26]  [行5] 解析成功: SHSE.688521 [芯原股份] BUY @ 337.67 (VR:0.17)
[2026-06-26 10:12:26]  [行6] 解析成功: SHSE.688227 [品高股份] BUY @ 99.67 (VR:0.02)
[2026-06-26 10:12:26]  [行7] 解析成功: SZSE.300689 [澄天伟业] BUY @ 63.87 (VR:1.06)
[2026-06-26 10:12:26]  [行8] 解析成功: SZSE.301045 [天禄科技] SELL @ 67.34 (VR:0.9)
[2026-06-26 10:12:26]  [行9] 解析成功: SZSE.301188 [力诺药包] SELL @ 75.47 (VR:0.48)
[2026-06-26 10:12:26]  [行10] 解析成功: SZSE.301322 [绿通科技] SELL @ 57.67 (VR:0.4)
[2026-06-26 10:12:26]  [行11] 解析成功: SZSE.300679 [电连技术] SELL @ 66.14 (VR:0.28)
[2026-06-26 10:12:26]  [行12] 解析成功: SZSE.301013 [利和兴] BUY @ 75.52 (VR:0.27)
[2026-06-26 10:12:26]  [行13] 解析成功: SZSE.300620 [光库科技] BUY @ 388.0 (VR:0.5)
[2026-06-26 10:12:26]  [行14] 解析成功: SZSE.300790 [宇瞳光学] SELL @ 27.02 (VR:0.34)
[2026-06-26 10:12:26]  [行15] 解析成功: SZSE.300990 [同飞股份] SELL @ 108.78 (VR:0.43)
[2026-06-26 10:12:26]  [行16] 解析成功: SZSE.300921 [南凌科技] BUY @ 21.67 (VR:1.33)
[2026-06-26 10:12:26]  [行17] 解析成功: SZSE.000636 [风华高科] SELL @ 79.66 (VR:0.69)
[2026-06-26 10:12:26]  [行18] 解析成功: SHSE.688110 [东芯股份] BUY @ 177.67 (VR:0.82)
[2026-06-26 10:12:26]  [行19] 解析成功: SHSE.688665 [四方光电] BUY @ 60.29 (VR:4.87)
[2026-06-26 10:12:26]  [行20] 解析成功: SHSE.688002 [睿创微纳] BUY @ 145.65 (VR:1.24)
[2026-06-26 10:12:26]  [行21] 解析成功: SHSE.688102 [斯瑞新材] BUY @ 42.88 (VR:0.41)
[2026-06-26 10:12:26]  [行22] 解析成功: SHSE.688521 [芯原股份] BUY @ 337.88 (VR:0.27)
[2026-06-26 10:12:26]  [行23] 解析成功: SHSE.688227 [品高股份] BUY @ 99.98 (VR:0.04)
[2026-06-26 10:12:26]  [行24] 解析成功: SZSE.300689 [澄天伟业] BUY @ 63.89 (VR:0.01)
[2026-06-26 10:12:26]  [行25] 解析成功: SZSE.301045 [天禄科技] SELL @ 67.04 (VR:0.02)
[2026-06-26 10:12:26]  [行26] 解析成功: SZSE.301188 [力诺药包] SELL @ 75.3 (VR:0.57)
[2026-06-26 10:12:26]  [行27] 解析成功: SZSE.300806 [斯迪克] BUY @ 118.33 (VR:0.14)
[2026-06-26 10:12:26]  [行28] 解析成功: SZSE.301322 [绿通科技] SELL @ 57.66 (VR:0.25)
[2026-06-26 10:12:26]  [行29] 解析成功: SZSE.300679 [电连技术] SELL @ 66.13 (VR:0.14)
[2026-06-26 10:12:26]  [行30] 解析成功: SZSE.301013 [利和兴] BUY @ 75.63 (VR:0.28)
[2026-06-26 10:12:26]  [行31] 解析成功: SZSE.300620 [光库科技] BUY @ 388.0 (VR:1.08)
[2026-06-26 10:12:26]  [行32] 解析成功: SZSE.300790 [宇瞳光学] SELL @ 26.98 (VR:0.36)
[2026-06-26 10:12:26]  [行33] 解析成功: SZSE.300990 [同飞股份] SELL @ 108.1 (VR:1.93)
[2026-06-26 10:12:26]  [行34] 解析成功: SZSE.300921 [南凌科技] BUY @ 21.77 (VR:0.38)
[2026-06-26 10:12:26]  [行35] 解析成功: SZSE.000636 [风华高科] SELL @ 79.51 (VR:1.01)
[2026-06-26 10:12:26] 成功保存 35 条因子至: signal_batch_20260626_101226_992855.txt
[2026-06-26 10:12:27]  QQ-备用 邮件 2628 处理完成
[2026-06-26 10:12:27]  QQ-备用 本轮共成功处理 1 封有效信号邮件
[2026-06-26 10:13:02]  正在连接 QQ-主 邮箱服务器 (497720537@qq.com) ...
[2026-06-26 10:13:02]  正在连接 QQ-备用 邮箱服务器 (shouqianbadavid@qq.com) ...
[2026-06-26 10:13:38]  正在连接 QQ-主 邮箱服务器 (497720537@qq.com) ...
[2026-06-26 10:13:39]  正在连接 QQ-备用 邮箱服务器 (shouqianbadavid@qq.com) ...
[2026-06-26 10:14:14]  正在连接 QQ-主 邮箱服务器 (497720537@qq.com) ...
[2026-06-26 10:14:15]  正在连接 QQ-备用 邮箱服务器 (shouqianbadavid@qq.com) ...
[2026-06-26 10:14:50]  正在连接 QQ-主 邮箱服务器 (497720537@qq.com) ...
[2026-06-26 10:14:51]  正在连接 QQ-备用 邮箱服务器 (shouqianbadavid@qq.com) ...
[2026-06-26 10:15:27]  正在连接 QQ-主 邮箱服务器 (497720537@qq.com) ...
[2026-06-26 10:15:27]  正在连接 QQ-备用 邮箱服务器 (shouqianbadavid@qq.com) ...
[2026-06-26 10:16:02]  正在连接 QQ-主 邮箱服务器 (497720537@qq.com) ...
[2026-06-26 10:16:06]  QQ-主 正在解析因子: =?utf-8?b?QWxwaGFQaWxvdCDlrp7ml7bkv6Hlj7cgKGFscGhhX3NpZ25hbF90aHJfMjAyNjA2MjZfMTAxNS5qc29uKSBb5Li7UVEt5a+55aSWXQ==?=
[2026-06-26 10:16:06]  发现表格，共 31 行数据
[2026-06-26 10:16:06]  动态索引映射: ['股票代码', '股票名称', '信号', '当前价格', '量比', '来源过滤']
[2026-06-26 10:16:06]  [行1] 解析成功: SHSE.603773 [沃格光电] BUY @ 180.47 (VR:3.18)
[2026-06-26 10:16:06]  [行2] 解析成功: SHSE.603618 [杭电股份] SELL @ 53.24 (VR:1.05)
[2026-06-26 10:16:06]  [行3] 解析成功: SHSE.605111 [新洁能] SELL @ 83.7 (VR:1.8)
[2026-06-26 10:16:06]  [行4] 解析成功: SHSE.600259 [中稀有色] BUY @ 101.43 (VR:0.4)
[2026-06-26 10:16:06]  [行5] 解析成功: SHSE.603175 [超颖电子] SELL @ 92.53 (VR:1.66)
[2026-06-26 10:16:06]  [行6] 解析成功: SHSE.600909 [华安证券] SELL @ 12.61 (VR:0.73)
[2026-06-26 10:16:06]  [行7] 解析成功: SHSE.600460 [士兰微] BUY @ 52.23 (VR:1.24)
[2026-06-26 10:16:06]  [行8] 解析成功: SHSE.603206 [嘉环科技] BUY @ 16.62 (VR:0.29)
[2026-06-26 10:16:06]  [行9] 解析成功: SZSE.002718 [友邦吊顶] BUY @ 113.51 (VR:0.08)
[2026-06-26 10:16:06]  [行10] 解析成功: SZSE.002378 [章源钨业] BUY @ 37.2 (VR:0.19)
[2026-06-26 10:16:06]  [行11] 解析成功: SZSE.003031 [中瓷电子] SELL @ 187.99 (VR:0.45)
[2026-06-26 10:16:06]  [行12] 解析成功: SZSE.002643 [万润股份] BUY @ 19.84 (VR:0.84)
[2026-06-26 10:16:06]  [行13] 解析成功: SZSE.001282 [三联锻造] BUY @ 20.17 (VR:0.16)
[2026-06-26 10:16:06]  [行14] 解析成功: SZSE.000920 [沃顿科技] BUY @ 13.98 (VR:0.44)
[2026-06-26 10:16:06]  [行15] 解析成功: SHSE.603773 [沃格光电] BUY @ 182.58 (VR:3.2)
[2026-06-26 10:16:06]  [行16] 解析成功: SHSE.603618 [杭电股份] SELL @ 53.08 (VR:2.37)
[2026-06-26 10:16:06]  [行17] 解析成功: SHSE.605111 [新洁能] SELL @ 83.53 (VR:1.25)
[2026-06-26 10:16:06]  [行18] 解析成功: SHSE.600259 [中稀有色] BUY @ 101.82 (VR:0.48)
[2026-06-26 10:16:06]  [行19] 解析成功: SHSE.603175 [超颖电子] SELL @ 92.41 (VR:0.42)
[2026-06-26 10:16:06]  [行20] 解析成功: SHSE.600909 [华安证券] SELL @ 12.58 (VR:0.13)
[2026-06-26 10:16:06]  [行21] 解析成功: SHSE.600460 [士兰微] BUY @ 52.39 (VR:0.16)
[2026-06-26 10:16:06]  [行22] 解析成功: SHSE.603206 [嘉环科技] BUY @ 16.68 (VR:0.41)
[2026-06-26 10:16:06]  [行23] 解析成功: SZSE.002718 [友邦吊顶] BUY @ 113.61 (VR:0.58)
[2026-06-26 10:16:06]  [行24] 解析成功: SZSE.002378 [章源钨业] BUY @ 37.25 (VR:0.34)
[2026-06-26 10:16:06]  [行25] 解析成功: SZSE.002768 [国恩股份] BUY @ 52.53 (VR:0.21)
[2026-06-26 10:16:06]  [行26] 解析成功: SZSE.001339 [智微智能] SELL @ 132.71 (VR:0.14)
[2026-06-26 10:16:06]  [行27] 解析成功: SZSE.002552 [宝鼎科技] BUY @ 70.08 (VR:0.55)
[2026-06-26 10:16:06]  [行28] 解析成功: SZSE.003031 [中瓷电子] SELL @ 187.99 (VR:0.19)
[2026-06-26 10:16:06]  [行29] 解析成功: SZSE.002643 [万润股份] BUY @ 19.88 (VR:0.8)
[2026-06-26 10:16:06]  [行30] 解析成功: SZSE.001282 [三联锻造] BUY @ 20.22 (VR:0.48)
[2026-06-26 10:16:06]  [行31] 解析成功: SZSE.000920 [沃顿科技] BUY @ 13.99 (VR:0.56)
[2026-06-26 10:16:06] 成功保存 31 条因子至: signal_batch_20260626_101606_467041.txt
[2026-06-26 10:16:06]  QQ-主 邮件 4858 处理完成
[2026-06-26 10:16:06]  QQ-主 本轮共成功处理 1 封有效信号邮件
[2026-06-26 10:16:06]  正在连接 QQ-备用 邮箱服务器 (shouqianbadavid@qq.com) ...
[2026-06-26 10:16:07]  QQ-备用 正在解析因子: =?utf-8?b?QWxwaGFQaWxvdCDlpIfku73kv6Hlj7cgKGFscGhhX3NpZ25hbF90aHJfMjAyNjA2MjZfMTAxNS5qc29uKSBb5aSHUVEt6Ieq5L+dXQ==?=
[2026-06-26 10:16:07]  发现表格，共 31 行数据
[2026-06-26 10:16:07]  动态索引映射: ['股票代码', '股票名称', '信号', '当前价格', '量比', '来源过滤']
[2026-06-26 10:16:07]  [行1] 解析成功: SHSE.603773 [沃格光电] BUY @ 180.47 (VR:3.18)
[2026-06-26 10:16:07]  [行2] 解析成功: SHSE.603618 [杭电股份] SELL @ 53.24 (VR:1.05)
[2026-06-26 10:16:07]  [行3] 解析成功: SHSE.605111 [新洁能] SELL @ 83.7 (VR:1.8)
[2026-06-26 10:16:07]  [行4] 解析成功: SHSE.600259 [中稀有色] BUY @ 101.43 (VR:0.4)
[2026-06-26 10:16:07]  [行5] 解析成功: SHSE.603175 [超颖电子] SELL @ 92.53 (VR:1.66)
[2026-06-26 10:16:07]  [行6] 解析成功: SHSE.600909 [华安证券] SELL @ 12.61 (VR:0.73)
[2026-06-26 10:16:07]  [行7] 解析成功: SHSE.600460 [士兰微] BUY @ 52.23 (VR:1.24)
[2026-06-26 10:16:07]  [行8] 解析成功: SHSE.603206 [嘉环科技] BUY @ 16.62 (VR:0.29)
[2026-06-26 10:16:07]  [行9] 解析成功: SZSE.002718 [友邦吊顶] BUY @ 113.51 (VR:0.08)
[2026-06-26 10:16:07]  [行10] 解析成功: SZSE.002378 [章源钨业] BUY @ 37.2 (VR:0.19)
[2026-06-26 10:16:07]  [行11] 解析成功: SZSE.003031 [中瓷电子] SELL @ 187.99 (VR:0.45)
[2026-06-26 10:16:07]  [行12] 解析成功: SZSE.002643 [万润股份] BUY @ 19.84 (VR:0.84)
[2026-06-26 10:16:07]  [行13] 解析成功: SZSE.001282 [三联锻造] BUY @ 20.17 (VR:0.16)
[2026-06-26 10:16:07]  [行14] 解析成功: SZSE.000920 [沃顿科技] BUY @ 13.98 (VR:0.44)
[2026-06-26 10:16:07]  [行15] 解析成功: SHSE.603773 [沃格光电] BUY @ 182.58 (VR:3.2)
[2026-06-26 10:16:07]  [行16] 解析成功: SHSE.603618 [杭电股份] SELL @ 53.08 (VR:2.37)
[2026-06-26 10:16:07]  [行17] 解析成功: SHSE.605111 [新洁能] SELL @ 83.53 (VR:1.25)
[2026-06-26 10:16:07]  [行18] 解析成功: SHSE.600259 [中稀有色] BUY @ 101.82 (VR:0.48)
[2026-06-26 10:16:07]  [行19] 解析成功: SHSE.603175 [超颖电子] SELL @ 92.41 (VR:0.42)
[2026-06-26 10:16:07]  [行20] 解析成功: SHSE.600909 [华安证券] SELL @ 12.58 (VR:0.13)
[2026-06-26 10:16:07]  [行21] 解析成功: SHSE.600460 [士兰微] BUY @ 52.39 (VR:0.16)
[2026-06-26 10:16:07]  [行22] 解析成功: SHSE.603206 [嘉环科技] BUY @ 16.68 (VR:0.41)
[2026-06-26 10:16:07]  [行23] 解析成功: SZSE.002718 [友邦吊顶] BUY @ 113.61 (VR:0.58)
[2026-06-26 10:16:07]  [行24] 解析成功: SZSE.002378 [章源钨业] BUY @ 37.25 (VR:0.34)
[2026-06-26 10:16:07]  [行25] 解析成功: SZSE.002768 [国恩股份] BUY @ 52.53 (VR:0.21)
[2026-06-26 10:16:07]  [行26] 解析成功: SZSE.001339 [智微智能] SELL @ 132.71 (VR:0.14)
[2026-06-26 10:16:07]  [行27] 解析成功: SZSE.002552 [宝鼎科技] BUY @ 70.08 (VR:0.55)
[2026-06-26 10:16:07]  [行28] 解析成功: SZSE.003031 [中瓷电子] SELL @ 187.99 (VR:0.19)
[2026-06-26 10:16:07]  [行29] 解析成功: SZSE.002643 [万润股份] BUY @ 19.88 (VR:0.8)
[2026-06-26 10:16:07]  [行30] 解析成功: SZSE.001282 [三联锻造] BUY @ 20.22 (VR:0.48)
[2026-06-26 10:16:07]  [行31] 解析成功: SZSE.000920 [沃顿科技] BUY @ 13.99 (VR:0.56)
[2026-06-26 10:16:07] 成功保存 31 条因子至: signal_batch_20260626_101607_395250.txt
[2026-06-26 10:16:07]  QQ-备用 邮件 2629 处理完成
[2026-06-26 10:16:07]  QQ-备用 本轮共成功处理 1 封有效信号邮件
[2026-06-26 10:16:42]  正在连接 QQ-主 邮箱服务器 (497720537@qq.com) ...
[2026-06-26 10:16:43]  正在连接 QQ-备用 邮箱服务器 (shouqianbadavid@qq.com) ...
[2026-06-26 10:17:18]  正在连接 QQ-主 邮箱服务器 (497720537@qq.com) ...
[2026-06-26 10:17:18]  正在连接 QQ-备用 邮箱服务器 (shouqianbadavid@qq.com) ...
[2026-06-26 10:17:54]  正在连接 QQ-主 邮箱服务器 (497720537@qq.com) ...
[2026-06-26 10:17:55]  正在连接 QQ-备用 邮箱服务器 (shouqianbadavid@qq.com) ...
[2026-06-26 10:18:31]  正在连接 QQ-主 邮箱服务器 (497720537@qq.com) ...
[2026-06-26 10:18:35]  正在连接 QQ-备用 邮箱服务器 (shouqianbadavid@qq.com) ...
[2026-06-26 10:19:10]  正在连接 QQ-主 邮箱服务器 (497720537@qq.com) ...
[2026-06-26 10:19:11]  正在连接 QQ-备用 邮箱服务器 (shouqianbadavid@qq.com) ...
[2026-06-26 10:19:46]  正在连接 QQ-主 邮箱服务器 (497720537@qq.com) ...
[2026-06-26 10:19:47]  QQ-主 正在解析因子: =?utf-8?b?QWxwaGFQaWxvdCDlrp7ml7bkv6Hlj7cgKGFscGhhX3NpZ25hbF90aHJfMjAyNjA2MjZfMTAxOS5qc29uKSBb5Li7UVEt5a+55aSWXQ==?=
[2026-06-26 10:19:47]  发现表格，共 25 行数据
[2026-06-26 10:19:47]  动态索引映射: ['股票代码', '股票名称', '信号', '当前价格', '量比', '来源过滤']
[2026-06-26 10:19:47]  [行1] 解析成功: SHSE.688700 [东威科技] BUY @ 95.78 (VR:4.87)
[2026-06-26 10:19:47]  [行2] 解析成功: SHSE.688777 [中控技术] BUY @ 118.89 (VR:0.83)
[2026-06-26 10:19:47]  [行3] 解析成功: SHSE.688286 [敏芯股份] SELL @ 104.81 (VR:0.55)
[2026-06-26 10:19:47]  [行4] 解析成功: SHSE.688059 [华锐精密] SELL @ 210.92 (VR:0.13)
[2026-06-26 10:19:47]  [行5] 解析成功: SZSE.300037 [新宙邦] BUY @ 87.53 (VR:0.25)
[2026-06-26 10:19:47]  [行6] 解析成功: SZSE.300449 [汉邦高科] BUY @ 7.69 (VR:0.14)
[2026-06-26 10:19:47]  [行7] 解析成功: SZSE.002980 [华盛昌] SELL @ 129.12 (VR:0.49)
[2026-06-26 10:19:47]  [行8] 解析成功: SZSE.301281 [利源制药] BUY @ 44.57 (VR:1.58)
[2026-06-26 10:19:47]  [行9] 解析成功: SZSE.301252 [同星科技] BUY @ 42.94 (VR:0.32)
[2026-06-26 10:19:47]  [行10] 解析成功: SZSE.301392 [汇成真空] BUY @ 245.2 (VR:0.86)
[2026-06-26 10:19:47]  [行11] 解析成功: SZSE.300319 [麦捷科技] BUY @ 32.77 (VR:0.55)
[2026-06-26 10:19:47]  [行12] 解析成功: SZSE.300214 [日科化学] BUY @ 10.3 (VR:1.52)
[2026-06-26 10:19:47]  [行13] 解析成功: SHSE.688700 [东威科技] BUY @ 96.48 (VR:2.19)
[2026-06-26 10:19:47]  [行14] 解析成功: SHSE.688777 [中控技术] BUY @ 119.0 (VR:0.07)
[2026-06-26 10:19:47]  [行15] 解析成功: SHSE.688286 [敏芯股份] SELL @ 104.53 (VR:0.12)
[2026-06-26 10:19:47]  [行16] 解析成功: SHSE.688511 [天微电子] SELL @ 30.51 (VR:0.05)
[2026-06-26 10:19:47]  [行17] 解析成功: SHSE.688059 [华锐精密] SELL @ 210.62 (VR:0.17)
[2026-06-26 10:19:47]  [行18] 解析成功: SZSE.300037 [新宙邦] BUY @ 87.7 (VR:0.12)
[2026-06-26 10:19:47]  [行19] 解析成功: SZSE.300449 [汉邦高科] BUY @ 7.7 (VR:0.1)
[2026-06-26 10:19:47]  [行20] 解析成功: SZSE.301281 [利源制药] BUY @ 44.89 (VR:0.82)
[2026-06-26 10:19:47]  [行21] 解析成功: SZSE.300285 [国瓷材料] BUY @ 100.0 (VR:0.58)
[2026-06-26 10:19:47]  [行22] 解析成功: SZSE.301252 [同星科技] BUY @ 43.23 (VR:0.48)
[2026-06-26 10:19:47]  [行23] 解析成功: SZSE.301392 [汇成真空] BUY @ 245.9 (VR:0.54)
[2026-06-26 10:19:47]  [行24] 解析成功: SZSE.300319 [麦捷科技] BUY @ 32.79 (VR:0.48)
[2026-06-26 10:19:47]  [行25] 解析成功: SZSE.300214 [日科化学] BUY @ 10.32 (VR:0.56)
[2026-06-26 10:19:47] 成功保存 25 条因子至: signal_batch_20260626_101947_169819.txt
[2026-06-26 10:19:47]  QQ-主 邮件 4859 处理完成
[2026-06-26 10:19:47]  QQ-主 本轮共成功处理 1 封有效信号邮件
[2026-06-26 10:19:47]  正在连接 QQ-备用 邮箱服务器 (shouqianbadavid@qq.com) ...
[2026-06-26 10:19:48]  QQ-备用 正在解析因子: =?utf-8?b?QWxwaGFQaWxvdCDlpIfku73kv6Hlj7cgKGFscGhhX3NpZ25hbF90aHJfMjAyNjA2MjZfMTAxOS5qc29uKSBb5aSHUVEt6Ieq5L+dXQ==?=
[2026-06-26 10:19:48]  发现表格，共 25 行数据
[2026-06-26 10:19:48]  动态索引映射: ['股票代码', '股票名称', '信号', '当前价格', '量比', '来源过滤']
[2026-06-26 10:19:48]  [行1] 解析成功: SHSE.688700 [东威科技] BUY @ 95.78 (VR:4.87)
[2026-06-26 10:19:48]  [行2] 解析成功: SHSE.688777 [中控技术] BUY @ 118.89 (VR:0.83)
[2026-06-26 10:19:48]  [行3] 解析成功: SHSE.688286 [敏芯股份] SELL @ 104.81 (VR:0.55)
[2026-06-26 10:19:48]  [行4] 解析成功: SHSE.688059 [华锐精密] SELL @ 210.92 (VR:0.13)
[2026-06-26 10:19:48]  [行5] 解析成功: SZSE.300037 [新宙邦] BUY @ 87.53 (VR:0.25)
[2026-06-26 10:19:48]  [行6] 解析成功: SZSE.300449 [汉邦高科] BUY @ 7.69 (VR:0.14)
[2026-06-26 10:19:48]  [行7] 解析成功: SZSE.002980 [华盛昌] SELL @ 129.12 (VR:0.49)
[2026-06-26 10:19:48]  [行8] 解析成功: SZSE.301281 [利源制药] BUY @ 44.57 (VR:1.58)
[2026-06-26 10:19:48]  [行9] 解析成功: SZSE.301252 [同星科技] BUY @ 42.94 (VR:0.32)
[2026-06-26 10:19:48]  [行10] 解析成功: SZSE.301392 [汇成真空] BUY @ 245.2 (VR:0.86)
[2026-06-26 10:19:48]  [行11] 解析成功: SZSE.300319 [麦捷科技] BUY @ 32.77 (VR:0.55)
[2026-06-26 10:19:48]  [行12] 解析成功: SZSE.300214 [日科化学] BUY @ 10.3 (VR:1.52)
[2026-06-26 10:19:48]  [行13] 解析成功: SHSE.688700 [东威科技] BUY @ 96.48 (VR:2.19)
[2026-06-26 10:19:48]  [行14] 解析成功: SHSE.688777 [中控技术] BUY @ 119.0 (VR:0.07)
[2026-06-26 10:19:48]  [行15] 解析成功: SHSE.688286 [敏芯股份] SELL @ 104.53 (VR:0.12)
[2026-06-26 10:19:48]  [行16] 解析成功: SHSE.688511 [天微电子] SELL @ 30.51 (VR:0.05)
[2026-06-26 10:19:48]  [行17] 解析成功: SHSE.688059 [华锐精密] SELL @ 210.62 (VR:0.17)
[2026-06-26 10:19:48]  [行18] 解析成功: SZSE.300037 [新宙邦] BUY @ 87.7 (VR:0.12)
[2026-06-26 10:19:48]  [行19] 解析成功: SZSE.300449 [汉邦高科] BUY @ 7.7 (VR:0.1)
[2026-06-26 10:19:48]  [行20] 解析成功: SZSE.301281 [利源制药] BUY @ 44.89 (VR:0.82)
[2026-06-26 10:19:48]  [行21] 解析成功: SZSE.300285 [国瓷材料] BUY @ 100.0 (VR:0.58)
[2026-06-26 10:19:48]  [行22] 解析成功: SZSE.301252 [同星科技] BUY @ 43.23 (VR:0.48)
[2026-06-26 10:19:48]  [行23] 解析成功: SZSE.301392 [汇成真空] BUY @ 245.9 (VR:0.54)
[2026-06-26 10:19:48]  [行24] 解析成功: SZSE.300319 [麦捷科技] BUY @ 32.79 (VR:0.48)
[2026-06-26 10:19:48]  [行25] 解析成功: SZSE.300214 [日科化学] BUY @ 10.32 (VR:0.56)
[2026-06-26 10:19:48] 成功保存 25 条因子至: signal_batch_20260626_101948_174581.txt
[2026-06-26 10:19:48]  QQ-备用 邮件 2630 处理完成
[2026-06-26 10:19:48]  QQ-备用 本轮共成功处理 1 封有效信号邮件
[2026-06-26 10:20:23]  正在连接 QQ-主 邮箱服务器 (497720537@qq.com) ...
[2026-06-26 10:20:24]  正在连接 QQ-备用 邮箱服务器 (shouqianbadavid@qq.com) ...
[2026-06-26 10:20:59]  正在连接 QQ-主 邮箱服务器 (497720537@qq.com) ...
[2026-06-26 10:21:03]  正在连接 QQ-备用 邮箱服务器 (shouqianbadavid@qq.com) ...
[2026-06-26 10:21:39]  正在连接 QQ-主 邮箱服务器 (497720537@qq.com) ...
[2026-06-26 10:21:39]  正在连接 QQ-备用 邮箱服务器 (shouqianbadavid@qq.com) ...
[2026-06-26 10:22:15]  正在连接 QQ-主 邮箱服务器 (497720537@qq.com) ...
[2026-06-26 10:22:15]  正在连接 QQ-备用 邮箱服务器 (shouqianbadavid@qq.com) ...
[2026-06-26 10:22:51]  正在连接 QQ-主 邮箱服务器 (497720537@qq.com) ...
[2026-06-26 10:22:51]  正在连接 QQ-备用 邮箱服务器 (shouqianbadavid@qq.com) ...
[2026-06-26 10:23:27]  正在连接 QQ-主 邮箱服务器 (497720537@qq.com) ...
[2026-06-26 10:23:27]  QQ-主 正在解析因子: =?utf-8?b?QWxwaGFQaWxvdCDlrp7ml7bkv6Hlj7cgKGFscGhhX3NpZ25hbF90aHJfMjAyNjA2MjZfMTAyMy5qc29uKSBb5Li7UVEt5a+55aSWXQ==?=
[2026-06-26 10:23:27]  发现表格，共 36 行数据
[2026-06-26 10:23:27]  动态索引映射: ['股票代码', '股票名称', '信号', '当前价格', '量比', '来源过滤']
[2026-06-26 10:23:27]  [行1] 解析成功: SHSE.688216 [气派科技] SELL @ 40.21 (VR:0.57)
[2026-06-26 10:23:27]  [行2] 解析成功: SHSE.688308 [欧科亿] SELL @ 184.95 (VR:0.26)
[2026-06-26 10:23:27]  [行3] 解析成功: SHSE.688721 [龙图光罩] BUY @ 53.02 (VR:0.56)
[2026-06-26 10:23:27]  [行4] 解析成功: SHSE.688249 [晶合集成] BUY @ 58.2 (VR:0.28)
[2026-06-26 10:23:27]  [行5] 解析成功: SHSE.688138 [清溢光电] SELL @ 42.5 (VR:0.3)
[2026-06-26 10:23:27]  [行6] 解析成功: SZSE.300088 [长信科技] SELL @ 12.35 (VR:0.07)
[2026-06-26 10:23:27]  [行7] 解析成功: SZSE.300709 [精研科技] BUY @ 65.33 (VR:0.01)
[2026-06-26 10:23:27]  [行8] 解析成功: SZSE.301362 [民爆光电] SELL @ 198.6 (VR:0.02)
[2026-06-26 10:23:27]  [行9] 解析成功: SZSE.300221 [银禧科技] BUY @ 15.88 (VR:0.08)
[2026-06-26 10:23:27]  [行10] 解析成功: SZSE.300420 [五洋自控] BUY @ 8.93 (VR:0.16)
[2026-06-26 10:23:27]  [行11] 解析成功: SZSE.301323 [新莱福] BUY @ 82.88 (VR:0.03)
[2026-06-26 10:23:27]  [行12] 解析成功: SZSE.300661 [圣邦股份] SELL @ 135.64 (VR:0.28)
[2026-06-26 10:23:27]  [行13] 解析成功: SZSE.300780 [德恩精工] BUY @ 33.65 (VR:0.51)
[2026-06-26 10:23:27]  [行14] 解析成功: SZSE.301195 [北路智控] BUY @ 27.64 (VR:2.49)
[2026-06-26 10:23:27]  [行15] 解析成功: SZSE.300497 [富祥股份] BUY @ 20.79 (VR:0.77)
[2026-06-26 10:23:27]  [行16] 解析成功: SZSE.301183 [东田微] BUY @ 258.42 (VR:0.16)
[2026-06-26 10:23:27]  [行17] 解析成功: SZSE.300304 [云意电气] SELL @ 19.4 (VR:0.28)
[2026-06-26 10:23:27]  [行18] 解析成功: SZSE.300852 [四会富仕] BUY @ 59.18 (VR:0.35)
[2026-06-26 10:23:27]  [行19] 解析成功: SHSE.688216 [气派科技] SELL @ 40.14 (VR:1.17)
[2026-06-26 10:23:27]  [行20] 解析成功: SHSE.688308 [欧科亿] SELL @ 184.43 (VR:0.23)
[2026-06-26 10:23:27]  [行21] 解析成功: SHSE.688721 [龙图光罩] BUY @ 53.32 (VR:2.02)
[2026-06-26 10:23:27]  [行22] 解析成功: SHSE.688249 [晶合集成] BUY @ 58.24 (VR:0.0)
[2026-06-26 10:23:27]  [行23] 解析成功: SHSE.688138 [清溢光电] SELL @ 42.35 (VR:0.09)
[2026-06-26 10:23:27]  [行24] 解析成功: SZSE.300088 [长信科技] SELL @ 12.34 (VR:0.03)
[2026-06-26 10:23:27]  [行25] 解析成功: SZSE.300709 [精研科技] BUY @ 65.35 (VR:0.42)
[2026-06-26 10:23:27]  [行26] 解析成功: SZSE.301362 [民爆光电] SELL @ 198.23 (VR:0.23)
[2026-06-26 10:23:27]  [行27] 解析成功: SZSE.300221 [银禧科技] BUY @ 15.91 (VR:0.03)
[2026-06-26 10:23:27]  [行28] 解析成功: SZSE.300420 [五洋自控] BUY @ 8.96 (VR:0.33)
[2026-06-26 10:23:27]  [行29] 解析成功: SZSE.301323 [新莱福] BUY @ 82.95 (VR:0.16)
[2026-06-26 10:23:27]  [行30] 解析成功: SZSE.300661 [圣邦股份] SELL @ 135.02 (VR:0.38)
[2026-06-26 10:23:27]  [行31] 解析成功: SZSE.300780 [德恩精工] BUY @ 33.68 (VR:0.67)
[2026-06-26 10:23:27]  [行32] 解析成功: SZSE.301195 [北路智控] BUY @ 27.91 (VR:0.73)
[2026-06-26 10:23:27]  [行33] 解析成功: SZSE.300497 [富祥股份] BUY @ 20.92 (VR:0.62)
[2026-06-26 10:23:27]  [行34] 解析成功: SZSE.301183 [东田微] BUY @ 258.6 (VR:0.34)
[2026-06-26 10:23:27]  [行35] 解析成功: SZSE.300304 [云意电气] SELL @ 19.39 (VR:3.95)
[2026-06-26 10:23:27]  [行36] 解析成功: SZSE.300852 [四会富仕] BUY @ 59.21 (VR:0.19)
[2026-06-26 10:23:27] 成功保存 36 条因子至: signal_batch_20260626_102327_724778.txt
[2026-06-26 10:23:27]  QQ-主 邮件 4860 处理完成
[2026-06-26 10:23:27]  QQ-主 本轮共成功处理 1 封有效信号邮件
[2026-06-26 10:23:27]  正在连接 QQ-备用 邮箱服务器 (shouqianbadavid@qq.com) ...
[2026-06-26 10:23:28]  QQ-备用 正在解析因子: =?utf-8?b?QWxwaGFQaWxvdCDlpIfku73kv6Hlj7cgKGFscGhhX3NpZ25hbF90aHJfMjAyNjA2MjZfMTAyMy5qc29uKSBb5aSHUVEt6Ieq5L+dXQ==?=
[2026-06-26 10:23:28]  发现表格，共 36 行数据
[2026-06-26 10:23:28]  动态索引映射: ['股票代码', '股票名称', '信号', '当前价格', '量比', '来源过滤']
[2026-06-26 10:23:28]  [行1] 解析成功: SHSE.688216 [气派科技] SELL @ 40.21 (VR:0.57)
[2026-06-26 10:23:28]  [行2] 解析成功: SHSE.688308 [欧科亿] SELL @ 184.95 (VR:0.26)
[2026-06-26 10:23:28]  [行3] 解析成功: SHSE.688721 [龙图光罩] BUY @ 53.02 (VR:0.56)
[2026-06-26 10:23:28]  [行4] 解析成功: SHSE.688249 [晶合集成] BUY @ 58.2 (VR:0.28)
[2026-06-26 10:23:28]  [行5] 解析成功: SHSE.688138 [清溢光电] SELL @ 42.5 (VR:0.3)
[2026-06-26 10:23:28]  [行6] 解析成功: SZSE.300088 [长信科技] SELL @ 12.35 (VR:0.07)
[2026-06-26 10:23:28]  [行7] 解析成功: SZSE.300709 [精研科技] BUY @ 65.33 (VR:0.01)
[2026-06-26 10:23:28]  [行8] 解析成功: SZSE.301362 [民爆光电] SELL @ 198.6 (VR:0.02)
[2026-06-26 10:23:28]  [行9] 解析成功: SZSE.300221 [银禧科技] BUY @ 15.88 (VR:0.08)
[2026-06-26 10:23:28]  [行10] 解析成功: SZSE.300420 [五洋自控] BUY @ 8.93 (VR:0.16)
[2026-06-26 10:23:28]  [行11] 解析成功: SZSE.301323 [新莱福] BUY @ 82.88 (VR:0.03)
[2026-06-26 10:23:28]  [行12] 解析成功: SZSE.300661 [圣邦股份] SELL @ 135.64 (VR:0.28)
[2026-06-26 10:23:28]  [行13] 解析成功: SZSE.300780 [德恩精工] BUY @ 33.65 (VR:0.51)
[2026-06-26 10:23:28]  [行14] 解析成功: SZSE.301195 [北路智控] BUY @ 27.64 (VR:2.49)
[2026-06-26 10:23:28]  [行15] 解析成功: SZSE.300497 [富祥股份] BUY @ 20.79 (VR:0.77)
[2026-06-26 10:23:28]  [行16] 解析成功: SZSE.301183 [东田微] BUY @ 258.42 (VR:0.16)
[2026-06-26 10:23:28]  [行17] 解析成功: SZSE.300304 [云意电气] SELL @ 19.4 (VR:0.28)
[2026-06-26 10:23:28]  [行18] 解析成功: SZSE.300852 [四会富仕] BUY @ 59.18 (VR:0.35)
[2026-06-26 10:23:28]  [行19] 解析成功: SHSE.688216 [气派科技] SELL @ 40.14 (VR:1.17)
[2026-06-26 10:23:28]  [行20] 解析成功: SHSE.688308 [欧科亿] SELL @ 184.43 (VR:0.23)
[2026-06-26 10:23:28]  [行21] 解析成功: SHSE.688721 [龙图光罩] BUY @ 53.32 (VR:2.02)
[2026-06-26 10:23:28]  [行22] 解析成功: SHSE.688249 [晶合集成] BUY @ 58.24 (VR:0.0)
[2026-06-26 10:23:28]  [行23] 解析成功: SHSE.688138 [清溢光电] SELL @ 42.35 (VR:0.09)
[2026-06-26 10:23:28]  [行24] 解析成功: SZSE.300088 [长信科技] SELL @ 12.34 (VR:0.03)
[2026-06-26 10:23:28]  [行25] 解析成功: SZSE.300709 [精研科技] BUY @ 65.35 (VR:0.42)
[2026-06-26 10:23:28]  [行26] 解析成功: SZSE.301362 [民爆光电] SELL @ 198.23 (VR:0.23)
[2026-06-26 10:23:28]  [行27] 解析成功: SZSE.300221 [银禧科技] BUY @ 15.91 (VR:0.03)
[2026-06-26 10:23:28]  [行28] 解析成功: SZSE.300420 [五洋自控] BUY @ 8.96 (VR:0.33)
[2026-06-26 10:23:28]  [行29] 解析成功: SZSE.301323 [新莱福] BUY @ 82.95 (VR:0.16)
[2026-06-26 10:23:28]  [行30] 解析成功: SZSE.300661 [圣邦股份] SELL @ 135.02 (VR:0.38)
[2026-06-26 10:23:28]  [行31] 解析成功: SZSE.300780 [德恩精工] BUY @ 33.68 (VR:0.67)
[2026-06-26 10:23:28]  [行32] 解析成功: SZSE.301195 [北路智控] BUY @ 27.91 (VR:0.73)
[2026-06-26 10:23:28]  [行33] 解析成功: SZSE.300497 [富祥股份] BUY @ 20.92 (VR:0.62)
[2026-06-26 10:23:28]  [行34] 解析成功: SZSE.301183 [东田微] BUY @ 258.6 (VR:0.34)
[2026-06-26 10:23:28]  [行35] 解析成功: SZSE.300304 [云意电气] SELL @ 19.39 (VR:3.95)
[2026-06-26 10:23:28]  [行36] 解析成功: SZSE.300852 [四会富仕] BUY @ 59.21 (VR:0.19)
[2026-06-26 10:23:28] 成功保存 36 条因子至: signal_batch_20260626_102328_632402.txt
[2026-06-26 10:23:28]  QQ-备用 邮件 2631 处理完成
[2026-06-26 10:23:28]  QQ-备用 本轮共成功处理 1 封有效信号邮件
[2026-06-26 10:24:03]  正在连接 QQ-主 邮箱服务器 (497720537@qq.com) ...
[2026-06-26 10:24:04]  正在连接 QQ-备用 邮箱服务器 (shouqianbadavid@qq.com) ...
[2026-06-26 10:24:39]  正在连接 QQ-主 邮箱服务器 (497720537@qq.com) ...
[2026-06-26 10:24:40]  正在连接 QQ-备用 邮箱服务器 (shouqianbadavid@qq.com) ...
[2026-06-26 10:25:15]  正在连接 QQ-主 邮箱服务器 (497720537@qq.com) ...
[2026-06-26 10:25:16]  正在连接 QQ-备用 邮箱服务器 (shouqianbadavid@qq.com) ...
[2026-06-26 10:25:52]  正在连接 QQ-主 邮箱服务器 (497720537@qq.com) ...
[2026-06-26 10:25:52]  正在连接 QQ-备用 邮箱服务器 (shouqianbadavid@qq.com) ...
[2026-06-26 10:26:28]  正在连接 QQ-主 邮箱服务器 (497720537@qq.com) ...
[2026-06-26 10:26:39]  QQ-主 因子处理主循环异常: [Errno 11001] getaddrinfo failed
[2026-06-26 10:26:49]  正在连接 QQ-备用 邮箱服务器 (shouqianbadavid@qq.com) ...
[2026-06-26 10:26:56]  QQ-备用 正在解析因子: =?utf-8?b?QWxwaGFQaWxvdCDlpIfku73kv6Hlj7cgKGFscGhhX3NpZ25hbF90aHJfMjAyNjA2MjZfMTAyNi5qc29uKSBb5aSHUVEt6Ieq5L+dXQ==?=
[2026-06-26 10:26:56]  发现表格，共 17 行数据
[2026-06-26 10:26:56]  动态索引映射: ['股票代码', '股票名称', '信号', '当前价格', '量比', '来源过滤']
[2026-06-26 10:26:56]  [行1] 解析成功: SHSE.600353 [旭光电子] BUY @ 48.05 (VR:0.36)
[2026-06-26 10:26:56]  [行2] 解析成功: SHSE.688392 [娇成超声] BUY @ 192.0 (VR:1.39)
[2026-06-26 10:26:56]  [行3] 解析成功: SZSE.300720 [海川智能] BUY @ 88.16 (VR:1.54)
[2026-06-26 10:26:56]  [行4] 解析成功: SZSE.300308 [中际旭创] SELL @ 1256.99 (VR:0.86)
[2026-06-26 10:26:56]  [行5] 解析成功: SZSE.300346 [南大光电] SELL @ 79.2 (VR:0.0)
[2026-06-26 10:26:56]  [行6] 解析成功: SZSE.300930 [屹通新材] BUY @ 29.87 (VR:3.01)
[2026-06-26 10:26:56]  [行7] 解析成功: SZSE.300936 [中英科技] SELL @ 104.5 (VR:0.03)
[2026-06-26 10:26:56]  [行8] 解析成功: SZSE.300739 [明阳电路] SELL @ 34.6 (VR:0.63)
[2026-06-26 10:26:56]  [行9] 解析成功: SHSE.600353 [旭光电子] BUY @ 48.19 (VR:0.94)
[2026-06-26 10:26:56]  [行10] 解析成功: SHSE.688392 [娇成超声] BUY @ 193.5 (VR:1.15)
[2026-06-26 10:26:56]  [行11] 解析成功: SZSE.300720 [海川智能] BUY @ 88.75 (VR:4.83)
[2026-06-26 10:26:56]  [行12] 解析成功: SZSE.300308 [中际旭创] SELL @ 1256.0 (VR:0.69)
[2026-06-26 10:26:56]  [行13] 解析成功: SZSE.300346 [南大光电] SELL @ 79.29 (VR:0.01)
[2026-06-26 10:26:56]  [行14] 解析成功: SZSE.300930 [屹通新材] BUY @ 29.91 (VR:0.01)
[2026-06-26 10:26:56]  [行15] 解析成功: SZSE.300936 [中英科技] SELL @ 103.66 (VR:0.07)
[2026-06-26 10:26:56]  [行16] 解析成功: SZSE.300739 [明阳电路] SELL @ 34.47 (VR:0.36)
[2026-06-26 10:26:56]  [行17] 解析成功: SZSE.301171 [易点天下] BUY @ 34.16 (VR:1.47)
[2026-06-26 10:26:56] 成功保存 17 条因子至: signal_batch_20260626_102656_884743.txt
[2026-06-26 10:26:57]  QQ-备用 邮件 2632 处理完成
[2026-06-26 10:26:57]  QQ-备用 本轮共成功处理 1 封有效信号邮件
[2026-06-26 10:27:32]  正在连接 QQ-主 邮箱服务器 (497720537@qq.com) ...
[2026-06-26 10:27:33]  QQ-主 正在解析因子: =?utf-8?b?QWxwaGFQaWxvdCDlrp7ml7bkv6Hlj7cgKGFscGhhX3NpZ25hbF90aHJfMjAyNjA2MjZfMTAyNi5qc29uKSBb5Li7UVEt5a+55aSWXQ==?=
[2026-06-26 10:27:33]  发现表格，共 17 行数据
[2026-06-26 10:27:33]  动态索引映射: ['股票代码', '股票名称', '信号', '当前价格', '量比', '来源过滤']
[2026-06-26 10:27:33]  [行1] 解析成功: SHSE.600353 [旭光电子] BUY @ 48.05 (VR:0.36)
[2026-06-26 10:27:33]  [行2] 解析成功: SHSE.688392 [娇成超声] BUY @ 192.0 (VR:1.39)
[2026-06-26 10:27:33]  [行3] 解析成功: SZSE.300720 [海川智能] BUY @ 88.16 (VR:1.54)
[2026-06-26 10:27:33]  [行4] 解析成功: SZSE.300308 [中际旭创] SELL @ 1256.99 (VR:0.86)
[2026-06-26 10:27:33]  [行5] 解析成功: SZSE.300346 [南大光电] SELL @ 79.2 (VR:0.0)
[2026-06-26 10:27:33]  [行6] 解析成功: SZSE.300930 [屹通新材] BUY @ 29.87 (VR:3.01)
[2026-06-26 10:27:33]  [行7] 解析成功: SZSE.300936 [中英科技] SELL @ 104.5 (VR:0.03)
[2026-06-26 10:27:33]  [行8] 解析成功: SZSE.300739 [明阳电路] SELL @ 34.6 (VR:0.63)
[2026-06-26 10:27:33]  [行9] 解析成功: SHSE.600353 [旭光电子] BUY @ 48.19 (VR:0.94)
[2026-06-26 10:27:33]  [行10] 解析成功: SHSE.688392 [娇成超声] BUY @ 193.5 (VR:1.15)
[2026-06-26 10:27:33]  [行11] 解析成功: SZSE.300720 [海川智能] BUY @ 88.75 (VR:4.83)
[2026-06-26 10:27:33]  [行12] 解析成功: SZSE.300308 [中际旭创] SELL @ 1256.0 (VR:0.69)
[2026-06-26 10:27:33]  [行13] 解析成功: SZSE.300346 [南大光电] SELL @ 79.29 (VR:0.01)
[2026-06-26 10:27:33]  [行14] 解析成功: SZSE.300930 [屹通新材] BUY @ 29.91 (VR:0.01)
[2026-06-26 10:27:33]  [行15] 解析成功: SZSE.300936 [中英科技] SELL @ 103.66 (VR:0.07)
[2026-06-26 10:27:33]  [行16] 解析成功: SZSE.300739 [明阳电路] SELL @ 34.47 (VR:0.36)
[2026-06-26 10:27:33]  [行17] 解析成功: SZSE.301171 [易点天下] BUY @ 34.16 (VR:1.47)
[2026-06-26 10:27:33] 成功保存 17 条因子至: signal_batch_20260626_102733_132603.txt
[2026-06-26 10:27:33]  QQ-主 邮件 4861 处理完成
[2026-06-26 10:27:33]  QQ-主 本轮共成功处理 1 封有效信号邮件
[2026-06-26 10:27:33]  正在连接 QQ-备用 邮箱服务器 (shouqianbadavid@qq.com) ...
[2026-06-26 10:28:08]  正在连接 QQ-主 邮箱服务器 (497720537@qq.com) ...
[2026-06-26 10:28:09]  正在连接 QQ-备用 邮箱服务器 (shouqianbadavid@qq.com) ...
[2026-06-26 10:28:44]  正在连接 QQ-主 邮箱服务器 (497720537@qq.com) ...
[2026-06-26 10:28:45]  正在连接 QQ-备用 邮箱服务器 (shouqianbadavid@qq.com) ...
[2026-06-26 10:29:20]  正在连接 QQ-主 邮箱服务器 (497720537@qq.com) ...
[2026-06-26 10:29:22]  正在连接 QQ-备用 邮箱服务器 (shouqianbadavid@qq.com) ...
[2026-06-26 10:29:58]  正在连接 QQ-主 邮箱服务器 (497720537@qq.com) ...
[2026-06-26 10:29:58]  正在连接 QQ-备用 邮箱服务器 (shouqianbadavid@qq.com) ...
[2026-06-26 10:30:34]  正在连接 QQ-主 邮箱服务器 (497720537@qq.com) ...
[2026-06-26 10:30:34]  QQ-主 正在解析因子: =?utf-8?b?QWxwaGFQaWxvdCDlrp7ml7bkv6Hlj7cgKGFscGhhX3NpZ25hbF90aHJfMjAyNjA2MjZfMTAzMC5qc29uKSBb5Li7UVEt5a+55aSWXQ==?=
[2026-06-26 10:30:34]  发现表格，共 24 行数据
[2026-06-26 10:30:34]  动态索引映射: ['股票代码', '股票名称', '信号', '当前价格', '量比', '来源过滤']
[2026-06-26 10:30:34]  [行1] 解析成功: SHSE.688110 [东芯股份] SELL @ 175.26 (VR:0.24)
[2026-06-26 10:30:34]  [行2] 解析成功: SHSE.688665 [四方光电] SELL @ 60.92 (VR:0.13)
[2026-06-26 10:30:34]  [行3] 解析成功: SHSE.688002 [睿创微纳] SELL @ 145.19 (VR:0.31)
[2026-06-26 10:30:34]  [行4] 解析成功: SHSE.688102 [斯瑞新材] BUY @ 43.2 (VR:0.52)
[2026-06-26 10:30:34]  [行5] 解析成功: SHSE.688521 [芯原股份] SELL @ 334.2 (VR:0.15)
[2026-06-26 10:30:34]  [行6] 解析成功: SZSE.300689 [澄天伟业] SELL @ 63.37 (VR:0.13)
[2026-06-26 10:30:34]  [行7] 解析成功: SZSE.301188 [力诺药包] SELL @ 74.06 (VR:0.83)
[2026-06-26 10:30:34]  [行8] 解析成功: SZSE.300806 [斯迪克] SELL @ 117.87 (VR:0.78)
[2026-06-26 10:30:34]  [行9] 解析成功: SZSE.301322 [绿通科技] SELL @ 57.46 (VR:0.71)
[2026-06-26 10:30:34]  [行10] 解析成功: SZSE.300679 [电连技术] SELL @ 66.2 (VR:0.31)
[2026-06-26 10:30:34]  [行11] 解析成功: SZSE.300376 [易事特] SELL @ 5.29 (VR:0.14)
[2026-06-26 10:30:34]  [行12] 解析成功: SZSE.300620 [光库科技] SELL @ 375.0 (VR:0.03)
[2026-06-26 10:30:34]  [行13] 解析成功: SZSE.300790 [宇瞳光学] BUY @ 26.92 (VR:0.03)
[2026-06-26 10:30:34]  [行14] 解析成功: SZSE.300990 [同飞股份] SELL @ 107.46 (VR:0.02)
[2026-06-26 10:30:34]  [行15] 解析成功: SZSE.000636 [风华高科] BUY @ 80.33 (VR:0.6)
[2026-06-26 10:30:34]  [行16] 解析成功: SHSE.688665 [四方光电] SELL @ 60.72 (VR:0.03)
[2026-06-26 10:30:34]  [行17] 解析成功: SHSE.688102 [斯瑞新材] BUY @ 43.28 (VR:1.67)
[2026-06-26 10:30:34]  [行18] 解析成功: SZSE.301188 [力诺药包] SELL @ 73.5 (VR:1.55)
[2026-06-26 10:30:34]  [行19] 解析成功: SZSE.300806 [斯迪克] SELL @ 117.52 (VR:0.18)
[2026-06-26 10:30:34]  [行20] 解析成功: SZSE.301322 [绿通科技] SELL @ 57.42 (VR:0.12)
[2026-06-26 10:30:34]  [行21] 解析成功: SZSE.300679 [电连技术] SELL @ 66.0 (VR:0.39)
[2026-06-26 10:30:34]  [行22] 解析成功: SZSE.300790 [宇瞳光学] BUY @ 27.04 (VR:1.18)
[2026-06-26 10:30:34]  [行23] 解析成功: SZSE.300990 [同飞股份] SELL @ 107.0 (VR:0.09)
[2026-06-26 10:30:34]  [行24] 解析成功: SZSE.000636 [风华高科] BUY @ 80.5 (VR:0.2)
[2026-06-26 10:30:34] 成功保存 24 条因子至: signal_batch_20260626_103034_563142.txt
[2026-06-26 10:30:34]  QQ-主 邮件 4862 处理完成
[2026-06-26 10:30:34]  QQ-主 本轮共成功处理 1 封有效信号邮件
[2026-06-26 10:30:34]  正在连接 QQ-备用 邮箱服务器 (shouqianbadavid@qq.com) ...
[2026-06-26 10:30:36]  QQ-备用 正在解析因子: =?utf-8?b?QWxwaGFQaWxvdCDlpIfku73kv6Hlj7cgKGFscGhhX3NpZ25hbF90aHJfMjAyNjA2MjZfMTAzMC5qc29uKSBb5aSHUVEt6Ieq5L+dXQ==?=
[2026-06-26 10:30:36]  发现表格，共 24 行数据
[2026-06-26 10:30:36]  动态索引映射: ['股票代码', '股票名称', '信号', '当前价格', '量比', '来源过滤']
[2026-06-26 10:30:36]  [行1] 解析成功: SHSE.688110 [东芯股份] SELL @ 175.26 (VR:0.24)
[2026-06-26 10:30:36]  [行2] 解析成功: SHSE.688665 [四方光电] SELL @ 60.92 (VR:0.13)
[2026-06-26 10:30:36]  [行3] 解析成功: SHSE.688002 [睿创微纳] SELL @ 145.19 (VR:0.31)
[2026-06-26 10:30:36]  [行4] 解析成功: SHSE.688102 [斯瑞新材] BUY @ 43.2 (VR:0.52)
[2026-06-26 10:30:36]  [行5] 解析成功: SHSE.688521 [芯原股份] SELL @ 334.2 (VR:0.15)
[2026-06-26 10:30:36]  [行6] 解析成功: SZSE.300689 [澄天伟业] SELL @ 63.37 (VR:0.13)
[2026-06-26 10:30:36]  [行7] 解析成功: SZSE.301188 [力诺药包] SELL @ 74.06 (VR:0.83)
[2026-06-26 10:30:36]  [行8] 解析成功: SZSE.300806 [斯迪克] SELL @ 117.87 (VR:0.78)
[2026-06-26 10:30:36]  [行9] 解析成功: SZSE.301322 [绿通科技] SELL @ 57.46 (VR:0.71)
[2026-06-26 10:30:36]  [行10] 解析成功: SZSE.300679 [电连技术] SELL @ 66.2 (VR:0.31)
[2026-06-26 10:30:36]  [行11] 解析成功: SZSE.300376 [易事特] SELL @ 5.29 (VR:0.14)
[2026-06-26 10:30:36]  [行12] 解析成功: SZSE.300620 [光库科技] SELL @ 375.0 (VR:0.03)
[2026-06-26 10:30:36]  [行13] 解析成功: SZSE.300790 [宇瞳光学] BUY @ 26.92 (VR:0.03)
[2026-06-26 10:30:36]  [行14] 解析成功: SZSE.300990 [同飞股份] SELL @ 107.46 (VR:0.02)
[2026-06-26 10:30:36]  [行15] 解析成功: SZSE.000636 [风华高科] BUY @ 80.33 (VR:0.6)
[2026-06-26 10:30:36]  [行16] 解析成功: SHSE.688665 [四方光电] SELL @ 60.72 (VR:0.03)
[2026-06-26 10:30:36]  [行17] 解析成功: SHSE.688102 [斯瑞新材] BUY @ 43.28 (VR:1.67)
[2026-06-26 10:30:36]  [行18] 解析成功: SZSE.301188 [力诺药包] SELL @ 73.5 (VR:1.55)
[2026-06-26 10:30:36]  [行19] 解析成功: SZSE.300806 [斯迪克] SELL @ 117.52 (VR:0.18)
[2026-06-26 10:30:36]  [行20] 解析成功: SZSE.301322 [绿通科技] SELL @ 57.42 (VR:0.12)
[2026-06-26 10:30:36]  [行21] 解析成功: SZSE.300679 [电连技术] SELL @ 66.0 (VR:0.39)
[2026-06-26 10:30:36]  [行22] 解析成功: SZSE.300790 [宇瞳光学] BUY @ 27.04 (VR:1.18)
[2026-06-26 10:30:36]  [行23] 解析成功: SZSE.300990 [同飞股份] SELL @ 107.0 (VR:0.09)
[2026-06-26 10:30:36]  [行24] 解析成功: SZSE.000636 [风华高科] BUY @ 80.5 (VR:0.2)
[2026-06-26 10:30:36] 成功保存 24 条因子至: signal_batch_20260626_103036_207379.txt
[2026-06-26 10:30:36]  QQ-备用 邮件 2633 处理完成
[2026-06-26 10:30:36]  QQ-备用 本轮共成功处理 1 封有效信号邮件
[2026-06-26 10:31:11]  正在连接 QQ-主 邮箱服务器 (497720537@qq.com) ...
[2026-06-26 10:31:11]  正在连接 QQ-备用 邮箱服务器 (shouqianbadavid@qq.com) ...
[2026-06-26 10:31:47]  正在连接 QQ-主 邮箱服务器 (497720537@qq.com) ...
[2026-06-26 10:31:47]  正在连接 QQ-备用 邮箱服务器 (shouqianbadavid@qq.com) ...
[2026-06-26 10:32:23]  正在连接 QQ-主 邮箱服务器 (497720537@qq.com) ...
[2026-06-26 10:32:24]  正在连接 QQ-备用 邮箱服务器 (shouqianbadavid@qq.com) ...
[2026-06-26 10:32:59]  正在连接 QQ-主 邮箱服务器 (497720537@qq.com) ...
[2026-06-26 10:33:00]  QQ-主 正在解析因子: =?utf-8?b?QWxwaGFQaWxvdCDlrp7ml7bkv6Hlj7cgKGFscGhhX3NpZ25hbF90aHJfMjAyNjA2MjZfMTAzMi5qc29uKSBb5Li7UVEt5a+55aSWXQ==?=
[2026-06-26 10:33:00]  发现表格，共 12 行数据
[2026-06-26 10:33:00]  动态索引映射: ['股票代码', '股票名称', '信号', '当前价格', '量比', '来源过滤']
[2026-06-26 10:33:00]  [行1] 解析成功: SHSE.603618 [杭电股份] SELL @ 52.93 (VR:0.54)
[2026-06-26 10:33:00]  [行2] 解析成功: SHSE.603206 [嘉环科技] BUY @ 16.7 (VR:0.83)
[2026-06-26 10:33:00]  [行3] 解析成功: SZSE.002718 [友邦吊顶] SELL @ 114.2 (VR:0.03)
[2026-06-26 10:33:00]  [行4] 解析成功: SZSE.002378 [章源钨业] BUY @ 37.2 (VR:0.31)
[2026-06-26 10:33:00]  [行5] 解析成功: SZSE.002768 [国恩股份] SELL @ 52.06 (VR:0.24)
[2026-06-26 10:33:00]  [行6] 解析成功: SZSE.000593 [德龙汇能] BUY @ 22.55 (VR:0.01)
[2026-06-26 10:33:00]  [行7] 解析成功: SHSE.603618 [杭电股份] SELL @ 52.92 (VR:0.47)
[2026-06-26 10:33:00]  [行8] 解析成功: SHSE.603206 [嘉环科技] BUY @ 16.73 (VR:1.08)
[2026-06-26 10:33:00]  [行9] 解析成功: SZSE.002718 [友邦吊顶] SELL @ 114.17 (VR:0.18)
[2026-06-26 10:33:00]  [行10] 解析成功: SZSE.002378 [章源钨业] BUY @ 37.26 (VR:0.45)
[2026-06-26 10:33:00]  [行11] 解析成功: SZSE.002768 [国恩股份] SELL @ 51.91 (VR:2.69)
[2026-06-26 10:33:00]  [行12] 解析成功: SZSE.000593 [德龙汇能] BUY @ 22.6 (VR:0.23)
[2026-06-26 10:33:00] 成功保存 12 条因子至: signal_batch_20260626_103300_118599.txt
[2026-06-26 10:33:00]  QQ-主 邮件 4863 处理完成
[2026-06-26 10:33:00]  QQ-主 本轮共成功处理 1 封有效信号邮件
[2026-06-26 10:33:00]  正在连接 QQ-备用 邮箱服务器 (shouqianbadavid@qq.com) ...
[2026-06-26 10:33:01]  QQ-备用 正在解析因子: =?utf-8?b?QWxwaGFQaWxvdCDlpIfku73kv6Hlj7cgKGFscGhhX3NpZ25hbF90aHJfMjAyNjA2MjZfMTAzMi5qc29uKSBb5aSHUVEt6Ieq5L+dXQ==?=
[2026-06-26 10:33:01]  发现表格，共 12 行数据
[2026-06-26 10:33:01]  动态索引映射: ['股票代码', '股票名称', '信号', '当前价格', '量比', '来源过滤']
[2026-06-26 10:33:01]  [行1] 解析成功: SHSE.603618 [杭电股份] SELL @ 52.93 (VR:0.54)
[2026-06-26 10:33:01]  [行2] 解析成功: SHSE.603206 [嘉环科技] BUY @ 16.7 (VR:0.83)
[2026-06-26 10:33:01]  [行3] 解析成功: SZSE.002718 [友邦吊顶] SELL @ 114.2 (VR:0.03)
[2026-06-26 10:33:01]  [行4] 解析成功: SZSE.002378 [章源钨业] BUY @ 37.2 (VR:0.31)
[2026-06-26 10:33:01]  [行5] 解析成功: SZSE.002768 [国恩股份] SELL @ 52.06 (VR:0.24)
[2026-06-26 10:33:01]  [行6] 解析成功: SZSE.000593 [德龙汇能] BUY @ 22.55 (VR:0.01)
[2026-06-26 10:33:01]  [行7] 解析成功: SHSE.603618 [杭电股份] SELL @ 52.92 (VR:0.47)
[2026-06-26 10:33:01]  [行8] 解析成功: SHSE.603206 [嘉环科技] BUY @ 16.73 (VR:1.08)
[2026-06-26 10:33:01]  [行9] 解析成功: SZSE.002718 [友邦吊顶] SELL @ 114.17 (VR:0.18)
[2026-06-26 10:33:01]  [行10] 解析成功: SZSE.002378 [章源钨业] BUY @ 37.26 (VR:0.45)
[2026-06-26 10:33:01]  [行11] 解析成功: SZSE.002768 [国恩股份] SELL @ 51.91 (VR:2.69)
[2026-06-26 10:33:01]  [行12] 解析成功: SZSE.000593 [德龙汇能] BUY @ 22.6 (VR:0.23)
[2026-06-26 10:33:01] 成功保存 12 条因子至: signal_batch_20260626_103301_132788.txt
[2026-06-26 10:33:01]  QQ-备用 邮件 2634 处理完成
[2026-06-26 10:33:01]  QQ-备用 本轮共成功处理 1 封有效信号邮件
[2026-06-26 10:33:36]  正在连接 QQ-主 邮箱服务器 (497720537@qq.com) ...
[2026-06-26 10:33:39]  正在连接 QQ-备用 邮箱服务器 (shouqianbadavid@qq.com) ...
[2026-06-26 10:34:15]  正在连接 QQ-主 邮箱服务器 (497720537@qq.com) ...
[2026-06-26 10:34:15]  正在连接 QQ-备用 邮箱服务器 (shouqianbadavid@qq.com) ...
[2026-06-26 10:34:51]  正在连接 QQ-主 邮箱服务器 (497720537@qq.com) ...
[2026-06-26 10:34:52]  正在连接 QQ-备用 邮箱服务器 (shouqianbadavid@qq.com) ...
[2026-06-26 10:35:27]  正在连接 QQ-主 邮箱服务器 (497720537@qq.com) ...
[2026-06-26 10:35:28]  QQ-主 正在解析因子: =?utf-8?b?QWxwaGFQaWxvdCDlrp7ml7bkv6Hlj7cgKGFscGhhX3NpZ25hbF90aHJfMjAyNjA2MjZfMTAzNS5qc29uKSBb5Li7UVEt5a+55aSWXQ==?=
[2026-06-26 10:35:28]  发现表格，共 22 行数据
[2026-06-26 10:35:28]  动态索引映射: ['股票代码', '股票名称', '信号', '当前价格', '量比', '来源过滤']
[2026-06-26 10:35:28]  [行1] 解析成功: SHSE.688777 [中控技术] SELL @ 118.34 (VR:0.14)
[2026-06-26 10:35:28]  [行2] 解析成功: SHSE.688286 [敏芯股份] BUY @ 103.79 (VR:0.01)
[2026-06-26 10:35:28]  [行3] 解析成功: SHSE.688386 [泛亚微透] SELL @ 91.42 (VR:0.3)
[2026-06-26 10:35:28]  [行4] 解析成功: SHSE.688059 [华锐精密] BUY @ 208.5 (VR:0.14)
[2026-06-26 10:35:28]  [行5] 解析成功: SZSE.300037 [新宙邦] BUY @ 86.38 (VR:0.26)
[2026-06-26 10:35:28]  [行6] 解析成功: SZSE.300449 [汉邦高科] BUY @ 7.74 (VR:1.2)
[2026-06-26 10:35:28]  [行7] 解析成功: SZSE.301281 [利源制药] BUY @ 44.42 (VR:0.37)
[2026-06-26 10:35:28]  [行8] 解析成功: SZSE.300285 [国瓷材料] SELL @ 102.4 (VR:1.11)
[2026-06-26 10:35:28]  [行9] 解析成功: SZSE.301252 [同星科技] SELL @ 43.18 (VR:0.9)
[2026-06-26 10:35:28]  [行10] 解析成功: SZSE.301392 [汇成真空] SELL @ 241.7 (VR:0.28)
[2026-06-26 10:35:28]  [行11] 解析成功: SZSE.300234 [开尔新材] SELL @ 11.32 (VR:0.61)
[2026-06-26 10:35:28]  [行12] 解析成功: SHSE.688777 [中控技术] SELL @ 118.03 (VR:0.04)
[2026-06-26 10:35:28]  [行13] 解析成功: SHSE.688286 [敏芯股份] BUY @ 104.98 (VR:0.49)
[2026-06-26 10:35:28]  [行14] 解析成功: SHSE.688386 [泛亚微透] SELL @ 91.25 (VR:0.35)
[2026-06-26 10:35:28]  [行15] 解析成功: SHSE.688059 [华锐精密] BUY @ 208.87 (VR:0.07)
[2026-06-26 10:35:28]  [行16] 解析成功: SZSE.300037 [新宙邦] BUY @ 86.51 (VR:0.47)
[2026-06-26 10:35:28]  [行17] 解析成功: SZSE.300449 [汉邦高科] BUY @ 7.79 (VR:0.41)
[2026-06-26 10:35:28]  [行18] 解析成功: SZSE.301281 [利源制药] BUY @ 44.5 (VR:0.24)
[2026-06-26 10:35:28]  [行19] 解析成功: SZSE.300285 [国瓷材料] SELL @ 101.9 (VR:1.45)
[2026-06-26 10:35:28]  [行20] 解析成功: SZSE.301252 [同星科技] SELL @ 43.01 (VR:0.86)
[2026-06-26 10:35:28]  [行21] 解析成功: SZSE.301392 [汇成真空] SELL @ 240.72 (VR:0.29)
[2026-06-26 10:35:28]  [行22] 解析成功: SZSE.300234 [开尔新材] SELL @ 11.27 (VR:0.28)
[2026-06-26 10:35:28] 成功保存 22 条因子至: signal_batch_20260626_103528_095203.txt
[2026-06-26 10:35:28]  QQ-主 邮件 4864 处理完成
[2026-06-26 10:35:28]  QQ-主 本轮共成功处理 1 封有效信号邮件
[2026-06-26 10:35:28]  正在连接 QQ-备用 邮箱服务器 (shouqianbadavid@qq.com) ...
[2026-06-26 10:35:28]  QQ-备用 正在解析因子: =?utf-8?b?QWxwaGFQaWxvdCDlpIfku73kv6Hlj7cgKGFscGhhX3NpZ25hbF90aHJfMjAyNjA2MjZfMTAzNS5qc29uKSBb5aSHUVEt6Ieq5L+dXQ==?=
[2026-06-26 10:35:28]  发现表格，共 22 行数据
[2026-06-26 10:35:28]  动态索引映射: ['股票代码', '股票名称', '信号', '当前价格', '量比', '来源过滤']
[2026-06-26 10:35:29]  [行1] 解析成功: SHSE.688777 [中控技术] SELL @ 118.34 (VR:0.14)
[2026-06-26 10:35:29]  [行2] 解析成功: SHSE.688286 [敏芯股份] BUY @ 103.79 (VR:0.01)
[2026-06-26 10:35:29]  [行3] 解析成功: SHSE.688386 [泛亚微透] SELL @ 91.42 (VR:0.3)
[2026-06-26 10:35:29]  [行4] 解析成功: SHSE.688059 [华锐精密] BUY @ 208.5 (VR:0.14)
[2026-06-26 10:35:29]  [行5] 解析成功: SZSE.300037 [新宙邦] BUY @ 86.38 (VR:0.26)
[2026-06-26 10:35:29]  [行6] 解析成功: SZSE.300449 [汉邦高科] BUY @ 7.74 (VR:1.2)
[2026-06-26 10:35:29]  [行7] 解析成功: SZSE.301281 [利源制药] BUY @ 44.42 (VR:0.37)
[2026-06-26 10:35:29]  [行8] 解析成功: SZSE.300285 [国瓷材料] SELL @ 102.4 (VR:1.11)
[2026-06-26 10:35:29]  [行9] 解析成功: SZSE.301252 [同星科技] SELL @ 43.18 (VR:0.9)
[2026-06-26 10:35:29]  [行10] 解析成功: SZSE.301392 [汇成真空] SELL @ 241.7 (VR:0.28)
[2026-06-26 10:35:29]  [行11] 解析成功: SZSE.300234 [开尔新材] SELL @ 11.32 (VR:0.61)
[2026-06-26 10:35:29]  [行12] 解析成功: SHSE.688777 [中控技术] SELL @ 118.03 (VR:0.04)
[2026-06-26 10:35:29]  [行13] 解析成功: SHSE.688286 [敏芯股份] BUY @ 104.98 (VR:0.49)
[2026-06-26 10:35:29]  [行14] 解析成功: SHSE.688386 [泛亚微透] SELL @ 91.25 (VR:0.35)
[2026-06-26 10:35:29]  [行15] 解析成功: SHSE.688059 [华锐精密] BUY @ 208.87 (VR:0.07)
[2026-06-26 10:35:29]  [行16] 解析成功: SZSE.300037 [新宙邦] BUY @ 86.51 (VR:0.47)
[2026-06-26 10:35:29]  [行17] 解析成功: SZSE.300449 [汉邦高科] BUY @ 7.79 (VR:0.41)
[2026-06-26 10:35:29]  [行18] 解析成功: SZSE.301281 [利源制药] BUY @ 44.5 (VR:0.24)
[2026-06-26 10:35:29]  [行19] 解析成功: SZSE.300285 [国瓷材料] SELL @ 101.9 (VR:1.45)
[2026-06-26 10:35:29]  [行20] 解析成功: SZSE.301252 [同星科技] SELL @ 43.01 (VR:0.86)
[2026-06-26 10:35:29]  [行21] 解析成功: SZSE.301392 [汇成真空] SELL @ 240.72 (VR:0.29)
[2026-06-26 10:35:29]  [行22] 解析成功: SZSE.300234 [开尔新材] SELL @ 11.27 (VR:0.28)
[2026-06-26 10:35:29] 成功保存 22 条因子至: signal_batch_20260626_103529_023959.txt
[2026-06-26 10:35:29]  QQ-备用 邮件 2635 处理完成
[2026-06-26 10:35:29]  QQ-备用 本轮共成功处理 1 封有效信号邮件
[2026-06-26 10:36:04]  正在连接 QQ-主 邮箱服务器 (497720537@qq.com) ...
[2026-06-26 10:36:09]  正在连接 QQ-备用 邮箱服务器 (shouqianbadavid@qq.com) ...
[2026-06-26 10:36:45]  正在连接 QQ-主 邮箱服务器 (497720537@qq.com) ...
[2026-06-26 10:36:45]  正在连接 QQ-备用 邮箱服务器 (shouqianbadavid@qq.com) ...
[2026-06-26 10:37:21]  正在连接 QQ-主 邮箱服务器 (497720537@qq.com) ...
[2026-06-26 10:37:22]  正在连接 QQ-备用 邮箱服务器 (shouqianbadavid@qq.com) ...
[2026-06-26 10:37:57]  正在连接 QQ-主 邮箱服务器 (497720537@qq.com) ...
[2026-06-26 10:37:58]  QQ-主 正在解析因子: =?utf-8?b?QWxwaGFQaWxvdCDlrp7ml7bkv6Hlj7cgKGFscGhhX3NpZ25hbF90aHJfMjAyNjA2MjZfMTAzNy5qc29uKSBb5Li7UVEt5a+55aSWXQ==?=
[2026-06-26 10:37:58]  发现表格，共 20 行数据
[2026-06-26 10:37:58]  动态索引映射: ['股票代码', '股票名称', '信号', '当前价格', '量比', '来源过滤']
[2026-06-26 10:37:58]  [行1] 解析成功: SHSE.688308 [欧科亿] BUY @ 183.64 (VR:0.23)
[2026-06-26 10:37:58]  [行2] 解析成功: SHSE.688249 [晶合集成] BUY @ 56.63 (VR:0.94)
[2026-06-26 10:37:58]  [行3] 解析成功: SHSE.688138 [清溢光电] SELL @ 41.93 (VR:0.43)
[2026-06-26 10:37:58]  [行4] 解析成功: SZSE.300709 [精研科技] SELL @ 64.14 (VR:0.96)
[2026-06-26 10:37:58]  [行5] 解析成功: SZSE.301362 [民爆光电] SELL @ 194.98 (VR:0.04)
[2026-06-26 10:37:58]  [行6] 解析成功: SZSE.301323 [新莱福] SELL @ 82.24 (VR:0.56)
[2026-06-26 10:37:58]  [行7] 解析成功: SZSE.301195 [北路智控] BUY @ 27.74 (VR:0.23)
[2026-06-26 10:37:58]  [行8] 解析成功: SZSE.300497 [富祥股份] BUY @ 20.69 (VR:0.22)
[2026-06-26 10:37:58]  [行9] 解析成功: SZSE.300304 [云意电气] SELL @ 19.36 (VR:0.06)
[2026-06-26 10:37:58]  [行10] 解析成功: SZSE.300852 [四会富仕] SELL @ 58.93 (VR:0.18)
[2026-06-26 10:37:58]  [行11] 解析成功: SHSE.688308 [欧科亿] BUY @ 184.31 (VR:0.26)
[2026-06-26 10:37:58]  [行12] 解析成功: SHSE.688249 [晶合集成] BUY @ 56.84 (VR:0.42)
[2026-06-26 10:37:58]  [行13] 解析成功: SHSE.688138 [清溢光电] SELL @ 41.84 (VR:0.14)
[2026-06-26 10:37:58]  [行14] 解析成功: SZSE.300709 [精研科技] SELL @ 64.05 (VR:2.26)
[2026-06-26 10:37:58]  [行15] 解析成功: SZSE.301362 [民爆光电] SELL @ 194.55 (VR:0.04)
[2026-06-26 10:37:58]  [行16] 解析成功: SZSE.301323 [新莱福] SELL @ 82.11 (VR:0.01)
[2026-06-26 10:37:58]  [行17] 解析成功: SZSE.301195 [北路智控] BUY @ 27.75 (VR:0.52)
[2026-06-26 10:37:58]  [行18] 解析成功: SZSE.300497 [富祥股份] BUY @ 20.7 (VR:0.09)
[2026-06-26 10:37:58]  [行19] 解析成功: SZSE.300304 [云意电气] SELL @ 19.35 (VR:0.47)
[2026-06-26 10:37:58]  [行20] 解析成功: SZSE.300852 [四会富仕] SELL @ 58.87 (VR:0.16)
[2026-06-26 10:37:58] 成功保存 20 条因子至: signal_batch_20260626_103758_408047.txt
[2026-06-26 10:37:58]  QQ-主 邮件 4865 处理完成
[2026-06-26 10:37:58]  QQ-主 本轮共成功处理 1 封有效信号邮件
[2026-06-26 10:37:58]  正在连接 QQ-备用 邮箱服务器 (shouqianbadavid@qq.com) ...
[2026-06-26 10:38:34]  正在连接 QQ-主 邮箱服务器 (497720537@qq.com) ...
[2026-06-26 10:39:10]  正在连接 QQ-备用 邮箱服务器 (shouqianbadavid@qq.com) ...
[2026-06-26 10:39:11]  QQ-备用 正在解析因子: =?utf-8?b?QWxwaGFQaWxvdCDlpIfku73kv6Hlj7cgKGFscGhhX3NpZ25hbF90aHJfMjAyNjA2MjZfMTAzNy5qc29uKSBb5aSHUVEt6Ieq5L+dXQ==?=
[2026-06-26 10:39:11]  发现表格，共 20 行数据
[2026-06-26 10:39:11]  动态索引映射: ['股票代码', '股票名称', '信号', '当前价格', '量比', '来源过滤']
[2026-06-26 10:39:11]  [行1] 解析成功: SHSE.688308 [欧科亿] BUY @ 183.64 (VR:0.23)
[2026-06-26 10:39:11]  [行2] 解析成功: SHSE.688249 [晶合集成] BUY @ 56.63 (VR:0.94)
[2026-06-26 10:39:11]  [行3] 解析成功: SHSE.688138 [清溢光电] SELL @ 41.93 (VR:0.43)
[2026-06-26 10:39:11]  [行4] 解析成功: SZSE.300709 [精研科技] SELL @ 64.14 (VR:0.96)
[2026-06-26 10:39:11]  [行5] 解析成功: SZSE.301362 [民爆光电] SELL @ 194.98 (VR:0.04)
[2026-06-26 10:39:11]  [行6] 解析成功: SZSE.301323 [新莱福] SELL @ 82.24 (VR:0.56)
[2026-06-26 10:39:11]  [行7] 解析成功: SZSE.301195 [北路智控] BUY @ 27.74 (VR:0.23)
[2026-06-26 10:39:11]  [行8] 解析成功: SZSE.300497 [富祥股份] BUY @ 20.69 (VR:0.22)
[2026-06-26 10:39:11]  [行9] 解析成功: SZSE.300304 [云意电气] SELL @ 19.36 (VR:0.06)
[2026-06-26 10:39:11]  [行10] 解析成功: SZSE.300852 [四会富仕] SELL @ 58.93 (VR:0.18)
[2026-06-26 10:39:11]  [行11] 解析成功: SHSE.688308 [欧科亿] BUY @ 184.31 (VR:0.26)
[2026-06-26 10:39:11]  [行12] 解析成功: SHSE.688249 [晶合集成] BUY @ 56.84 (VR:0.42)
[2026-06-26 10:39:11]  [行13] 解析成功: SHSE.688138 [清溢光电] SELL @ 41.84 (VR:0.14)
[2026-06-26 10:39:11]  [行14] 解析成功: SZSE.300709 [精研科技] SELL @ 64.05 (VR:2.26)
[2026-06-26 10:39:11]  [行15] 解析成功: SZSE.301362 [民爆光电] SELL @ 194.55 (VR:0.04)
[2026-06-26 10:39:11]  [行16] 解析成功: SZSE.301323 [新莱福] SELL @ 82.11 (VR:0.01)
[2026-06-26 10:39:11]  [行17] 解析成功: SZSE.301195 [北路智控] BUY @ 27.75 (VR:0.52)
[2026-06-26 10:39:11]  [行18] 解析成功: SZSE.300497 [富祥股份] BUY @ 20.7 (VR:0.09)
[2026-06-26 10:39:11]  [行19] 解析成功: SZSE.300304 [云意电气] SELL @ 19.35 (VR:0.47)
[2026-06-26 10:39:11]  [行20] 解析成功: SZSE.300852 [四会富仕] SELL @ 58.87 (VR:0.16)
[2026-06-26 10:39:11] 成功保存 20 条因子至: signal_batch_20260626_103911_317410.txt
[2026-06-26 10:39:11]  QQ-备用 邮件 2636 处理完成
[2026-06-26 10:39:11]  QQ-备用 本轮共成功处理 1 封有效信号邮件
[2026-06-26 10:39:46]  正在连接 QQ-主 邮箱服务器 (497720537@qq.com) ...
[2026-06-26 10:39:47]  正在连接 QQ-备用 邮箱服务器 (shouqianbadavid@qq.com) ...
[2026-06-26 10:40:22]  正在连接 QQ-主 邮箱服务器 (497720537@qq.com) ...
[2026-06-26 10:40:23]  QQ-主 正在解析因子: =?utf-8?b?QWxwaGFQaWxvdCDlrp7ml7bkv6Hlj7cgKGFscGhhX3NpZ25hbF90aHJfMjAyNjA2MjZfMTA0MC5qc29uKSBb5Li7UVEt5a+55aSWXQ==?=
[2026-06-26 10:40:23]  发现表格，共 16 行数据
[2026-06-26 10:40:23]  动态索引映射: ['股票代码', '股票名称', '信号', '当前价格', '量比', '来源过滤']
[2026-06-26 10:40:23]  [行1] 解析成功: SZSE.300308 [中际旭创] BUY @ 1248.25 (VR:0.94)
[2026-06-26 10:40:23]  [行2] 解析成功: SZSE.300346 [南大光电] BUY @ 78.72 (VR:0.3)
[2026-06-26 10:40:23]  [行3] 解析成功: SZSE.300930 [屹通新材] SELL @ 29.63 (VR:0.69)
[2026-06-26 10:40:23]  [行4] 解析成功: SZSE.300666 [江丰电子] BUY @ 349.5 (VR:0.22)
[2026-06-26 10:40:23]  [行5] 解析成功: SZSE.000510 [新金路] BUY @ 24.97 (VR:0.53)
[2026-06-26 10:40:23]  [行6] 解析成功: SZSE.300259 [新天科技] BUY @ 5.77 (VR:0.83)
[2026-06-26 10:40:23]  [行7] 解析成功: SZSE.301018 [申菱环境] SELL @ 112.68 (VR:0.84)
[2026-06-26 10:40:23]  [行8] 解析成功: SZSE.300739 [明阳电路] BUY @ 34.0 (VR:0.7)
[2026-06-26 10:40:23]  [行9] 解析成功: SZSE.300308 [中际旭创] BUY @ 1251.0 (VR:0.06)
[2026-06-26 10:40:23]  [行10] 解析成功: SZSE.300346 [南大光电] BUY @ 78.75 (VR:0.27)
[2026-06-26 10:40:23]  [行11] 解析成功: SZSE.300930 [屹通新材] SELL @ 29.57 (VR:0.08)
[2026-06-26 10:40:23]  [行12] 解析成功: SZSE.300666 [江丰电子] BUY @ 350.0 (VR:0.33)
[2026-06-26 10:40:23]  [行13] 解析成功: SZSE.000510 [新金路] BUY @ 25.0 (VR:0.84)
[2026-06-26 10:40:23]  [行14] 解析成功: SZSE.300259 [新天科技] BUY @ 5.85 (VR:5.53)
[2026-06-26 10:40:23]  [行15] 解析成功: SZSE.301018 [申菱环境] SELL @ 112.33 (VR:1.82)
[2026-06-26 10:40:23]  [行16] 解析成功: SZSE.300739 [明阳电路] BUY @ 34.02 (VR:0.51)
[2026-06-26 10:40:23] 成功保存 16 条因子至: signal_batch_20260626_104023_365282.txt
[2026-06-26 10:40:23]  QQ-主 邮件 4866 处理完成
[2026-06-26 10:40:23]  QQ-主 本轮共成功处理 1 封有效信号邮件
[2026-06-26 10:40:23]  正在连接 QQ-备用 邮箱服务器 (shouqianbadavid@qq.com) ...
[2026-06-26 10:40:24]  QQ-备用 正在解析因子: =?utf-8?b?QWxwaGFQaWxvdCDlpIfku73kv6Hlj7cgKGFscGhhX3NpZ25hbF90aHJfMjAyNjA2MjZfMTA0MC5qc29uKSBb5aSHUVEt6Ieq5L+dXQ==?=
[2026-06-26 10:40:24]  发现表格，共 16 行数据
[2026-06-26 10:40:24]  动态索引映射: ['股票代码', '股票名称', '信号', '当前价格', '量比', '来源过滤']
[2026-06-26 10:40:24]  [行1] 解析成功: SZSE.300308 [中际旭创] BUY @ 1248.25 (VR:0.94)
[2026-06-26 10:40:24]  [行2] 解析成功: SZSE.300346 [南大光电] BUY @ 78.72 (VR:0.3)
[2026-06-26 10:40:24]  [行3] 解析成功: SZSE.300930 [屹通新材] SELL @ 29.63 (VR:0.69)
[2026-06-26 10:40:24]  [行4] 解析成功: SZSE.300666 [江丰电子] BUY @ 349.5 (VR:0.22)
[2026-06-26 10:40:24]  [行5] 解析成功: SZSE.000510 [新金路] BUY @ 24.97 (VR:0.53)
[2026-06-26 10:40:24]  [行6] 解析成功: SZSE.300259 [新天科技] BUY @ 5.77 (VR:0.83)
[2026-06-26 10:40:24]  [行7] 解析成功: SZSE.301018 [申菱环境] SELL @ 112.68 (VR:0.84)
[2026-06-26 10:40:24]  [行8] 解析成功: SZSE.300739 [明阳电路] BUY @ 34.0 (VR:0.7)
[2026-06-26 10:40:24]  [行9] 解析成功: SZSE.300308 [中际旭创] BUY @ 1251.0 (VR:0.06)
[2026-06-26 10:40:24]  [行10] 解析成功: SZSE.300346 [南大光电] BUY @ 78.75 (VR:0.27)
[2026-06-26 10:40:24]  [行11] 解析成功: SZSE.300930 [屹通新材] SELL @ 29.57 (VR:0.08)
[2026-06-26 10:40:24]  [行12] 解析成功: SZSE.300666 [江丰电子] BUY @ 350.0 (VR:0.33)
[2026-06-26 10:40:24]  [行13] 解析成功: SZSE.000510 [新金路] BUY @ 25.0 (VR:0.84)
[2026-06-26 10:40:24]  [行14] 解析成功: SZSE.300259 [新天科技] BUY @ 5.85 (VR:5.53)
[2026-06-26 10:40:24]  [行15] 解析成功: SZSE.301018 [申菱环境] SELL @ 112.33 (VR:1.82)
[2026-06-26 10:40:24]  [行16] 解析成功: SZSE.300739 [明阳电路] BUY @ 34.02 (VR:0.51)
[2026-06-26 10:40:24] 成功保存 16 条因子至: signal_batch_20260626_104024_280971.txt
[2026-06-26 10:40:24]  QQ-备用 邮件 2637 处理完成
[2026-06-26 10:40:24]  QQ-备用 本轮共成功处理 1 封有效信号邮件
[2026-06-26 10:40:59]  正在连接 QQ-主 邮箱服务器 (497720537@qq.com) ...
[2026-06-26 10:41:00]  正在连接 QQ-备用 邮箱服务器 (shouqianbadavid@qq.com) ...
[2026-06-26 10:41:35]  正在连接 QQ-主 邮箱服务器 (497720537@qq.com) ...
[2026-06-26 10:41:38]  正在连接 QQ-备用 邮箱服务器 (shouqianbadavid@qq.com) ...
[2026-06-26 10:42:15]  正在连接 QQ-主 邮箱服务器 (497720537@qq.com) ...
[2026-06-26 10:42:16]  正在连接 QQ-备用 邮箱服务器 (shouqianbadavid@qq.com) ...
[2026-06-26 10:42:51]  正在连接 QQ-主 邮箱服务器 (497720537@qq.com) ...
[2026-06-26 10:42:52]  正在连接 QQ-备用 邮箱服务器 (shouqianbadavid@qq.com) ...
[2026-06-26 10:43:27]  正在连接 QQ-主 邮箱服务器 (497720537@qq.com) ...
[2026-06-26 10:43:27]  QQ-主 正在解析因子: =?utf-8?b?QWxwaGFQaWxvdCDlrp7ml7bkv6Hlj7cgKGFscGhhX3NpZ25hbF90aHJfMjAyNjA2MjZfMTA0Mi5qc29uKSBb5Li7UVEt5a+55aSWXQ==?=
[2026-06-26 10:43:27]  发现表格，共 22 行数据
[2026-06-26 10:43:27]  动态索引映射: ['股票代码', '股票名称', '信号', '当前价格', '量比', '来源过滤']
[2026-06-26 10:43:27]  [行1] 解析成功: SHSE.688665 [四方光电] BUY @ 60.76 (VR:0.65)
[2026-06-26 10:43:27]  [行2] 解析成功: SHSE.688002 [睿创微纳] BUY @ 143.71 (VR:1.24)
[2026-06-26 10:43:27]  [行3] 解析成功: SHSE.688102 [斯瑞新材] BUY @ 44.42 (VR:4.67)
[2026-06-26 10:43:27]  [行4] 解析成功: SZSE.301188 [力诺药包] BUY @ 73.65 (VR:0.01)
[2026-06-26 10:43:27]  [行5] 解析成功: SZSE.300806 [斯迪克] SELL @ 116.85 (VR:0.41)
[2026-06-26 10:43:27]  [行6] 解析成功: SZSE.300679 [电连技术] SELL @ 65.25 (VR:0.14)
[2026-06-26 10:43:27]  [行7] 解析成功: SZSE.300620 [光库科技] BUY @ 369.89 (VR:0.87)
[2026-06-26 10:43:27]  [行8] 解析成功: SZSE.300790 [宇瞳光学] BUY @ 27.08 (VR:0.57)
[2026-06-26 10:43:27]  [行9] 解析成功: SZSE.300990 [同飞股份] SELL @ 105.92 (VR:0.31)
[2026-06-26 10:43:27]  [行10] 解析成功: SZSE.300857 [协创数据] BUY @ 334.25 (VR:0.27)
[2026-06-26 10:43:27]  [行11] 解析成功: SZSE.000636 [风华高科] SELL @ 79.55 (VR:0.33)
[2026-06-26 10:43:27]  [行12] 解析成功: SHSE.688665 [四方光电] BUY @ 61.38 (VR:6.02)
[2026-06-26 10:43:27]  [行13] 解析成功: SHSE.688002 [睿创微纳] BUY @ 143.8 (VR:1.61)
[2026-06-26 10:43:27]  [行14] 解析成功: SHSE.688102 [斯瑞新材] BUY @ 44.43 (VR:4.78)
[2026-06-26 10:43:27]  [行15] 解析成功: SZSE.301188 [力诺药包] BUY @ 73.85 (VR:0.04)
[2026-06-26 10:43:27]  [行16] 解析成功: SZSE.300806 [斯迪克] SELL @ 116.65 (VR:0.41)
[2026-06-26 10:43:27]  [行17] 解析成功: SZSE.300679 [电连技术] SELL @ 65.22 (VR:0.1)
[2026-06-26 10:43:27]  [行18] 解析成功: SZSE.300620 [光库科技] BUY @ 369.91 (VR:0.53)
[2026-06-26 10:43:27]  [行19] 解析成功: SZSE.300790 [宇瞳光学] BUY @ 27.3 (VR:2.16)
[2026-06-26 10:43:27]  [行20] 解析成功: SZSE.300990 [同飞股份] SELL @ 105.86 (VR:0.53)
[2026-06-26 10:43:27]  [行21] 解析成功: SZSE.300857 [协创数据] BUY @ 334.26 (VR:0.24)
[2026-06-26 10:43:27]  [行22] 解析成功: SZSE.000636 [风华高科] SELL @ 79.45 (VR:0.2)
[2026-06-26 10:43:28] 成功保存 22 条因子至: signal_batch_20260626_104328_022143.txt
[2026-06-26 10:43:28]  QQ-主 邮件 4867 处理完成
[2026-06-26 10:43:28]  QQ-主 本轮共成功处理 1 封有效信号邮件
[2026-06-26 10:43:28]  正在连接 QQ-备用 邮箱服务器 (shouqianbadavid@qq.com) ...
[2026-06-26 10:44:03]  正在连接 QQ-主 邮箱服务器 (497720537@qq.com) ...
[2026-06-26 10:44:07]  正在连接 QQ-备用 邮箱服务器 (shouqianbadavid@qq.com) ...
[2026-06-26 10:44:08]  QQ-备用 正在解析因子: =?utf-8?b?QWxwaGFQaWxvdCDlpIfku73kv6Hlj7cgKGFscGhhX3NpZ25hbF90aHJfMjAyNjA2MjZfMTA0Mi5qc29uKSBb5aSHUVEt6Ieq5L+dXQ==?=
[2026-06-26 10:44:08]  发现表格，共 22 行数据
[2026-06-26 10:44:08]  动态索引映射: ['股票代码', '股票名称', '信号', '当前价格', '量比', '来源过滤']
[2026-06-26 10:44:08]  [行1] 解析成功: SHSE.688665 [四方光电] BUY @ 60.76 (VR:0.65)
[2026-06-26 10:44:08]  [行2] 解析成功: SHSE.688002 [睿创微纳] BUY @ 143.71 (VR:1.24)
[2026-06-26 10:44:08]  [行3] 解析成功: SHSE.688102 [斯瑞新材] BUY @ 44.42 (VR:4.67)
[2026-06-26 10:44:08]  [行4] 解析成功: SZSE.301188 [力诺药包] BUY @ 73.65 (VR:0.01)
[2026-06-26 10:44:08]  [行5] 解析成功: SZSE.300806 [斯迪克] SELL @ 116.85 (VR:0.41)
[2026-06-26 10:44:08]  [行6] 解析成功: SZSE.300679 [电连技术] SELL @ 65.25 (VR:0.14)
[2026-06-26 10:44:08]  [行7] 解析成功: SZSE.300620 [光库科技] BUY @ 369.89 (VR:0.87)
[2026-06-26 10:44:08]  [行8] 解析成功: SZSE.300790 [宇瞳光学] BUY @ 27.08 (VR:0.57)
[2026-06-26 10:44:08]  [行9] 解析成功: SZSE.300990 [同飞股份] SELL @ 105.92 (VR:0.31)
[2026-06-26 10:44:08]  [行10] 解析成功: SZSE.300857 [协创数据] BUY @ 334.25 (VR:0.27)
[2026-06-26 10:44:08]  [行11] 解析成功: SZSE.000636 [风华高科] SELL @ 79.55 (VR:0.33)
[2026-06-26 10:44:08]  [行12] 解析成功: SHSE.688665 [四方光电] BUY @ 61.38 (VR:6.02)
[2026-06-26 10:44:08]  [行13] 解析成功: SHSE.688002 [睿创微纳] BUY @ 143.8 (VR:1.61)
[2026-06-26 10:44:08]  [行14] 解析成功: SHSE.688102 [斯瑞新材] BUY @ 44.43 (VR:4.78)
[2026-06-26 10:44:08]  [行15] 解析成功: SZSE.301188 [力诺药包] BUY @ 73.85 (VR:0.04)
[2026-06-26 10:44:08]  [行16] 解析成功: SZSE.300806 [斯迪克] SELL @ 116.65 (VR:0.41)
[2026-06-26 10:44:08]  [行17] 解析成功: SZSE.300679 [电连技术] SELL @ 65.22 (VR:0.1)
[2026-06-26 10:44:08]  [行18] 解析成功: SZSE.300620 [光库科技] BUY @ 369.91 (VR:0.53)
[2026-06-26 10:44:08]  [行19] 解析成功: SZSE.300790 [宇瞳光学] BUY @ 27.3 (VR:2.16)
[2026-06-26 10:44:08]  [行20] 解析成功: SZSE.300990 [同飞股份] SELL @ 105.86 (VR:0.53)
[2026-06-26 10:44:08]  [行21] 解析成功: SZSE.300857 [协创数据] BUY @ 334.26 (VR:0.24)
[2026-06-26 10:44:08]  [行22] 解析成功: SZSE.000636 [风华高科] SELL @ 79.45 (VR:0.2)
[2026-06-26 10:44:08] 成功保存 22 条因子至: signal_batch_20260626_104408_794806.txt
[2026-06-26 10:44:08]  QQ-备用 邮件 2638 处理完成
[2026-06-26 10:44:08]  QQ-备用 本轮共成功处理 1 封有效信号邮件
[2026-06-26 10:44:44]  正在连接 QQ-主 邮箱服务器 (497720537@qq.com) ...
[2026-06-26 10:44:45]  正在连接 QQ-备用 邮箱服务器 (shouqianbadavid@qq.com) ...
[2026-06-26 10:45:20]  正在连接 QQ-主 邮箱服务器 (497720537@qq.com) ...
[2026-06-26 10:45:21]  正在连接 QQ-备用 邮箱服务器 (shouqianbadavid@qq.com) ...
[2026-06-26 10:45:56]  正在连接 QQ-主 邮箱服务器 (497720537@qq.com) ...
[2026-06-26 10:45:57]  QQ-主 正在解析因子: =?utf-8?b?QWxwaGFQaWxvdCDlrp7ml7bkv6Hlj7cgKGFscGhhX3NpZ25hbF90aHJfMjAyNjA2MjZfMTA0NS5qc29uKSBb5Li7UVEt5a+55aSWXQ==?=
[2026-06-26 10:45:57]  发现表格，共 28 行数据
[2026-06-26 10:45:57]  动态索引映射: ['股票代码', '股票名称', '信号', '当前价格', '量比', '来源过滤']
[2026-06-26 10:45:57]  [行1] 解析成功: SHSE.603618 [杭电股份] SELL @ 52.39 (VR:0.33)
[2026-06-26 10:45:57]  [行2] 解析成功: SHSE.605111 [新洁能] BUY @ 82.7 (VR:0.24)
[2026-06-26 10:45:57]  [行3] 解析成功: SHSE.600259 [中稀有色] BUY @ 100.98 (VR:0.49)
[2026-06-26 10:45:57]  [行4] 解析成功: SHSE.603175 [超颖电子] BUY @ 90.42 (VR:0.34)
[2026-06-26 10:45:57]  [行5] 解析成功: SHSE.600909 [华安证券] BUY @ 12.29 (VR:2.69)
[2026-06-26 10:45:57]  [行6] 解析成功: SHSE.600460 [士兰微] SELL @ 50.94 (VR:0.34)
[2026-06-26 10:45:57]  [行7] 解析成功: SZSE.002718 [友邦吊顶] BUY @ 113.38 (VR:0.28)
[2026-06-26 10:45:57]  [行8] 解析成功: SZSE.002378 [章源钨业] BUY @ 36.85 (VR:0.71)
[2026-06-26 10:45:57]  [行9] 解析成功: SZSE.001339 [智微智能] BUY @ 131.1 (VR:0.08)
[2026-06-26 10:45:57]  [行10] 解析成功: SZSE.000593 [德龙汇能] BUY @ 22.35 (VR:1.54)
[2026-06-26 10:45:57]  [行11] 解析成功: SZSE.003031 [中瓷电子] BUY @ 183.53 (VR:0.09)
[2026-06-26 10:45:57]  [行12] 解析成功: SZSE.002643 [万润股份] SELL @ 19.65 (VR:0.02)
[2026-06-26 10:45:57]  [行13] 解析成功: SZSE.002937 [兴瑞科技] BUY @ 42.81 (VR:0.22)
[2026-06-26 10:45:57]  [行14] 解析成功: SZSE.000920 [沃顿科技] SELL @ 14.22 (VR:0.22)
[2026-06-26 10:45:57]  [行15] 解析成功: SHSE.603618 [杭电股份] SELL @ 52.31 (VR:0.47)
[2026-06-26 10:45:57]  [行16] 解析成功: SHSE.605111 [新洁能] BUY @ 82.89 (VR:0.3)
[2026-06-26 10:45:57]  [行17] 解析成功: SHSE.600259 [中稀有色] BUY @ 101.15 (VR:0.23)
[2026-06-26 10:45:57]  [行18] 解析成功: SHSE.603175 [超颖电子] BUY @ 90.44 (VR:0.17)
[2026-06-26 10:45:57]  [行19] 解析成功: SHSE.600909 [华安证券] BUY @ 12.34 (VR:0.6)
[2026-06-26 10:45:57]  [行20] 解析成功: SHSE.600460 [士兰微] SELL @ 50.91 (VR:1.02)
[2026-06-26 10:45:57]  [行21] 解析成功: SZSE.002718 [友邦吊顶] BUY @ 113.42 (VR:0.54)
[2026-06-26 10:45:57]  [行22] 解析成功: SZSE.002378 [章源钨业] BUY @ 37.07 (VR:0.51)
[2026-06-26 10:45:57]  [行23] 解析成功: SZSE.001339 [智微智能] BUY @ 131.16 (VR:0.04)
[2026-06-26 10:45:57]  [行24] 解析成功: SZSE.000593 [德龙汇能] BUY @ 22.36 (VR:0.26)
[2026-06-26 10:45:57]  [行25] 解析成功: SZSE.003031 [中瓷电子] BUY @ 184.51 (VR:0.13)
[2026-06-26 10:45:57]  [行26] 解析成功: SZSE.002643 [万润股份] SELL @ 19.61 (VR:0.38)
[2026-06-26 10:45:57]  [行27] 解析成功: SZSE.002937 [兴瑞科技] BUY @ 42.9 (VR:0.08)
[2026-06-26 10:45:57]  [行28] 解析成功: SZSE.000920 [沃顿科技] SELL @ 14.15 (VR:0.13)
[2026-06-26 10:45:57] 成功保存 28 条因子至: signal_batch_20260626_104557_324435.txt
[2026-06-26 10:45:57]  QQ-主 邮件 4868 处理完成
[2026-06-26 10:45:57]  QQ-主 本轮共成功处理 1 封有效信号邮件
[2026-06-26 10:45:57]  正在连接 QQ-备用 邮箱服务器 (shouqianbadavid@qq.com) ...
[2026-06-26 10:46:32]  正在连接 QQ-主 邮箱服务器 (497720537@qq.com) ...
[2026-06-26 10:46:36]  正在连接 QQ-备用 邮箱服务器 (shouqianbadavid@qq.com) ...
[2026-06-26 10:46:37]  QQ-备用 正在解析因子: =?utf-8?b?QWxwaGFQaWxvdCDlpIfku73kv6Hlj7cgKGFscGhhX3NpZ25hbF90aHJfMjAyNjA2MjZfMTA0NS5qc29uKSBb5aSHUVEt6Ieq5L+dXQ==?=
[2026-06-26 10:46:37]  发现表格，共 28 行数据
[2026-06-26 10:46:37]  动态索引映射: ['股票代码', '股票名称', '信号', '当前价格', '量比', '来源过滤']
[2026-06-26 10:46:37]  [行1] 解析成功: SHSE.603618 [杭电股份] SELL @ 52.39 (VR:0.33)
[2026-06-26 10:46:37]  [行2] 解析成功: SHSE.605111 [新洁能] BUY @ 82.7 (VR:0.24)
[2026-06-26 10:46:37]  [行3] 解析成功: SHSE.600259 [中稀有色] BUY @ 100.98 (VR:0.49)
[2026-06-26 10:46:37]  [行4] 解析成功: SHSE.603175 [超颖电子] BUY @ 90.42 (VR:0.34)
[2026-06-26 10:46:37]  [行5] 解析成功: SHSE.600909 [华安证券] BUY @ 12.29 (VR:2.69)
[2026-06-26 10:46:37]  [行6] 解析成功: SHSE.600460 [士兰微] SELL @ 50.94 (VR:0.34)
[2026-06-26 10:46:37]  [行7] 解析成功: SZSE.002718 [友邦吊顶] BUY @ 113.38 (VR:0.28)
[2026-06-26 10:46:37]  [行8] 解析成功: SZSE.002378 [章源钨业] BUY @ 36.85 (VR:0.71)
[2026-06-26 10:46:37]  [行9] 解析成功: SZSE.001339 [智微智能] BUY @ 131.1 (VR:0.08)
[2026-06-26 10:46:37]  [行10] 解析成功: SZSE.000593 [德龙汇能] BUY @ 22.35 (VR:1.54)
[2026-06-26 10:46:37]  [行11] 解析成功: SZSE.003031 [中瓷电子] BUY @ 183.53 (VR:0.09)
[2026-06-26 10:46:37]  [行12] 解析成功: SZSE.002643 [万润股份] SELL @ 19.65 (VR:0.02)
[2026-06-26 10:46:37]  [行13] 解析成功: SZSE.002937 [兴瑞科技] BUY @ 42.81 (VR:0.22)
[2026-06-26 10:46:37]  [行14] 解析成功: SZSE.000920 [沃顿科技] SELL @ 14.22 (VR:0.22)
[2026-06-26 10:46:37]  [行15] 解析成功: SHSE.603618 [杭电股份] SELL @ 52.31 (VR:0.47)
[2026-06-26 10:46:37]  [行16] 解析成功: SHSE.605111 [新洁能] BUY @ 82.89 (VR:0.3)
[2026-06-26 10:46:37]  [行17] 解析成功: SHSE.600259 [中稀有色] BUY @ 101.15 (VR:0.23)
[2026-06-26 10:46:37]  [行18] 解析成功: SHSE.603175 [超颖电子] BUY @ 90.44 (VR:0.17)
[2026-06-26 10:46:37]  [行19] 解析成功: SHSE.600909 [华安证券] BUY @ 12.34 (VR:0.6)
[2026-06-26 10:46:37]  [行20] 解析成功: SHSE.600460 [士兰微] SELL @ 50.91 (VR:1.02)
[2026-06-26 10:46:37]  [行21] 解析成功: SZSE.002718 [友邦吊顶] BUY @ 113.42 (VR:0.54)
[2026-06-26 10:46:37]  [行22] 解析成功: SZSE.002378 [章源钨业] BUY @ 37.07 (VR:0.51)
[2026-06-26 10:46:37]  [行23] 解析成功: SZSE.001339 [智微智能] BUY @ 131.16 (VR:0.04)
[2026-06-26 10:46:37]  [行24] 解析成功: SZSE.000593 [德龙汇能] BUY @ 22.36 (VR:0.26)
[2026-06-26 10:46:37]  [行25] 解析成功: SZSE.003031 [中瓷电子] BUY @ 184.51 (VR:0.13)
[2026-06-26 10:46:37]  [行26] 解析成功: SZSE.002643 [万润股份] SELL @ 19.61 (VR:0.38)
[2026-06-26 10:46:37]  [行27] 解析成功: SZSE.002937 [兴瑞科技] BUY @ 42.9 (VR:0.08)
[2026-06-26 10:46:37]  [行28] 解析成功: SZSE.000920 [沃顿科技] SELL @ 14.15 (VR:0.13)
[2026-06-26 10:46:37] 成功保存 28 条因子至: signal_batch_20260626_104637_671690.txt
[2026-06-26 10:46:37]  QQ-备用 邮件 2639 处理完成
[2026-06-26 10:46:37]  QQ-备用 本轮共成功处理 1 封有效信号邮件
[2026-06-26 10:47:12]  正在连接 QQ-主 邮箱服务器 (497720537@qq.com) ...
[2026-06-26 10:47:14]  正在连接 QQ-备用 邮箱服务器 (shouqianbadavid@qq.com) ...
[2026-06-26 10:47:49]  正在连接 QQ-主 邮箱服务器 (497720537@qq.com) ...
[2026-06-26 10:47:50]  正在连接 QQ-备用 邮箱服务器 (shouqianbadavid@qq.com) ...
[2026-06-26 10:48:25]  正在连接 QQ-主 邮箱服务器 (497720537@qq.com) ...
[2026-06-26 10:48:26]  正在连接 QQ-备用 邮箱服务器 (shouqianbadavid@qq.com) ...
[2026-06-26 10:49:01]  正在连接 QQ-主 邮箱服务器 (497720537@qq.com) ...
[2026-06-26 10:49:05]  QQ-主 正在解析因子: =?utf-8?b?QWxwaGFQaWxvdCDlrp7ml7bkv6Hlj7cgKGFscGhhX3NpZ25hbF90aHJfMjAyNjA2MjZfMTA0OC5qc29uKSBb5Li7UVEt5a+55aSWXQ==?=
[2026-06-26 10:49:05]  发现表格，共 14 行数据
[2026-06-26 10:49:05]  动态索引映射: ['股票代码', '股票名称', '信号', '当前价格', '量比', '来源过滤']
[2026-06-26 10:49:05]  [行1] 解析成功: SHSE.688777 [中控技术] BUY @ 116.2 (VR:0.11)
[2026-06-26 10:49:05]  [行2] 解析成功: SHSE.688286 [敏芯股份] SELL @ 104.38 (VR:0.02)
[2026-06-26 10:49:05]  [行3] 解析成功: SHSE.688386 [泛亚微透] SELL @ 91.14 (VR:0.21)
[2026-06-26 10:49:05]  [行4] 解析成功: SZSE.002980 [华盛昌] SELL @ 127.56 (VR:0.06)
[2026-06-26 10:49:05]  [行5] 解析成功: SZSE.300285 [国瓷材料] SELL @ 100.12 (VR:0.84)
[2026-06-26 10:49:05]  [行6] 解析成功: SZSE.301252 [同星科技] SELL @ 42.87 (VR:0.41)
[2026-06-26 10:49:05]  [行7] 解析成功: SZSE.301392 [汇成真空] BUY @ 238.51 (VR:0.45)
[2026-06-26 10:49:05]  [行8] 解析成功: SHSE.688777 [中控技术] BUY @ 116.25 (VR:0.72)
[2026-06-26 10:49:05]  [行9] 解析成功: SHSE.688286 [敏芯股份] SELL @ 103.99 (VR:0.24)
[2026-06-26 10:49:05]  [行10] 解析成功: SHSE.688386 [泛亚微透] SELL @ 91.1 (VR:0.04)
[2026-06-26 10:49:05]  [行11] 解析成功: SZSE.002980 [华盛昌] SELL @ 127.26 (VR:0.25)
[2026-06-26 10:49:05]  [行12] 解析成功: SZSE.300285 [国瓷材料] SELL @ 100.01 (VR:0.72)
[2026-06-26 10:49:05]  [行13] 解析成功: SZSE.301252 [同星科技] SELL @ 42.74 (VR:4.03)
[2026-06-26 10:49:05]  [行14] 解析成功: SZSE.301392 [汇成真空] BUY @ 238.72 (VR:0.34)
[2026-06-26 10:49:05] 成功保存 14 条因子至: signal_batch_20260626_104905_900589.txt
[2026-06-26 10:49:06]  QQ-主 邮件 4869 处理完成
[2026-06-26 10:49:06]  QQ-主 本轮共成功处理 1 封有效信号邮件
[2026-06-26 10:49:06]  正在连接 QQ-备用 邮箱服务器 (shouqianbadavid@qq.com) ...
[2026-06-26 10:49:06]  QQ-备用 正在解析因子: =?utf-8?b?QWxwaGFQaWxvdCDlpIfku73kv6Hlj7cgKGFscGhhX3NpZ25hbF90aHJfMjAyNjA2MjZfMTA0OC5qc29uKSBb5aSHUVEt6Ieq5L+dXQ==?=
[2026-06-26 10:49:06]  发现表格，共 14 行数据
[2026-06-26 10:49:06]  动态索引映射: ['股票代码', '股票名称', '信号', '当前价格', '量比', '来源过滤']
[2026-06-26 10:49:06]  [行1] 解析成功: SHSE.688777 [中控技术] BUY @ 116.2 (VR:0.11)
[2026-06-26 10:49:06]  [行2] 解析成功: SHSE.688286 [敏芯股份] SELL @ 104.38 (VR:0.02)
[2026-06-26 10:49:06]  [行3] 解析成功: SHSE.688386 [泛亚微透] SELL @ 91.14 (VR:0.21)
[2026-06-26 10:49:06]  [行4] 解析成功: SZSE.002980 [华盛昌] SELL @ 127.56 (VR:0.06)
[2026-06-26 10:49:06]  [行5] 解析成功: SZSE.300285 [国瓷材料] SELL @ 100.12 (VR:0.84)
[2026-06-26 10:49:06]  [行6] 解析成功: SZSE.301252 [同星科技] SELL @ 42.87 (VR:0.41)
[2026-06-26 10:49:06]  [行7] 解析成功: SZSE.301392 [汇成真空] BUY @ 238.51 (VR:0.45)
[2026-06-26 10:49:06]  [行8] 解析成功: SHSE.688777 [中控技术] BUY @ 116.25 (VR:0.72)
[2026-06-26 10:49:06]  [行9] 解析成功: SHSE.688286 [敏芯股份] SELL @ 103.99 (VR:0.24)
[2026-06-26 10:49:06]  [行10] 解析成功: SHSE.688386 [泛亚微透] SELL @ 91.1 (VR:0.04)
[2026-06-26 10:49:06]  [行11] 解析成功: SZSE.002980 [华盛昌] SELL @ 127.26 (VR:0.25)
[2026-06-26 10:49:06]  [行12] 解析成功: SZSE.300285 [国瓷材料] SELL @ 100.01 (VR:0.72)
[2026-06-26 10:49:06]  [行13] 解析成功: SZSE.301252 [同星科技] SELL @ 42.74 (VR:4.03)
[2026-06-26 10:49:06]  [行14] 解析成功: SZSE.301392 [汇成真空] BUY @ 238.72 (VR:0.34)
[2026-06-26 10:49:06] 成功保存 14 条因子至: signal_batch_20260626_104906_847510.txt
[2026-06-26 10:49:06]  QQ-备用 邮件 2640 处理完成
[2026-06-26 10:49:06]  QQ-备用 本轮共成功处理 1 封有效信号邮件
[2026-06-26 10:49:42]  正在连接 QQ-主 邮箱服务器 (497720537@qq.com) ...
[2026-06-26 10:49:43]  正在连接 QQ-备用 邮箱服务器 (shouqianbadavid@qq.com) ...
[2026-06-26 10:50:18]  正在连接 QQ-主 邮箱服务器 (497720537@qq.com) ...
[2026-06-26 10:50:19]  正在连接 QQ-备用 邮箱服务器 (shouqianbadavid@qq.com) ...
[2026-06-26 10:50:54]  正在连接 QQ-主 邮箱服务器 (497720537@qq.com) ...
[2026-06-26 10:50:55]  正在连接 QQ-备用 邮箱服务器 (shouqianbadavid@qq.com) ...
[2026-06-26 10:51:30]  正在连接 QQ-主 邮箱服务器 (497720537@qq.com) ...
[2026-06-26 10:51:31]  QQ-主 正在解析因子: =?utf-8?b?QWxwaGFQaWxvdCDlrp7ml7bkv6Hlj7cgKGFscGhhX3NpZ25hbF90aHJfMjAyNjA2MjZfMTA1MS5qc29uKSBb5Li7UVEt5a+55aSWXQ==?=
[2026-06-26 10:51:31]  发现表格，共 22 行数据
[2026-06-26 10:51:31]  动态索引映射: ['股票代码', '股票名称', '信号', '当前价格', '量比', '来源过滤']
[2026-06-26 10:51:31]  [行1] 解析成功: SHSE.688308 [欧科亿] SELL @ 182.45 (VR:0.73)
[2026-06-26 10:51:31]  [行2] 解析成功: SHSE.688138 [清溢光电] BUY @ 41.6 (VR:0.84)
[2026-06-26 10:51:31]  [行3] 解析成功: SZSE.300088 [长信科技] SELL @ 11.83 (VR:0.78)
[2026-06-26 10:51:31]  [行4] 解析成功: SZSE.300709 [精研科技] SELL @ 62.47 (VR:0.2)
[2026-06-26 10:51:31]  [行5] 解析成功: SZSE.301362 [民爆光电] BUY @ 192.1 (VR:0.06)
[2026-06-26 10:51:31]  [行6] 解析成功: SZSE.300221 [银禧科技] SELL @ 15.71 (VR:0.21)
[2026-06-26 10:51:31]  [行7] 解析成功: SZSE.301323 [新莱福] SELL @ 81.18 (VR:0.1)
[2026-06-26 10:51:31]  [行8] 解析成功: SZSE.300780 [德恩精工] BUY @ 33.03 (VR:0.88)
[2026-06-26 10:51:31]  [行9] 解析成功: SZSE.301195 [北路智控] SELL @ 27.3 (VR:0.17)
[2026-06-26 10:51:31]  [行10] 解析成功: SZSE.300304 [云意电气] SELL @ 18.99 (VR:1.71)
[2026-06-26 10:51:31]  [行11] 解析成功: SZSE.300852 [四会富仕] SELL @ 58.27 (VR:0.46)
[2026-06-26 10:51:31]  [行12] 解析成功: SHSE.688308 [欧科亿] SELL @ 182.0 (VR:1.98)
[2026-06-26 10:51:31]  [行13] 解析成功: SHSE.688138 [清溢光电] BUY @ 41.66 (VR:0.07)
[2026-06-26 10:51:31]  [行14] 解析成功: SZSE.300088 [长信科技] SELL @ 11.8 (VR:0.48)
[2026-06-26 10:51:31]  [行15] 解析成功: SZSE.300709 [精研科技] SELL @ 62.39 (VR:1.1)
[2026-06-26 10:51:31]  [行16] 解析成功: SZSE.301362 [民爆光电] BUY @ 192.41 (VR:0.31)
[2026-06-26 10:51:31]  [行17] 解析成功: SZSE.300221 [银禧科技] SELL @ 15.69 (VR:0.1)
[2026-06-26 10:51:31]  [行18] 解析成功: SZSE.301323 [新莱福] SELL @ 81.11 (VR:3.09)
[2026-06-26 10:51:31]  [行19] 解析成功: SZSE.300780 [德恩精工] BUY @ 33.06 (VR:0.39)
[2026-06-26 10:51:31]  [行20] 解析成功: SZSE.301195 [北路智控] SELL @ 27.25 (VR:0.31)
[2026-06-26 10:51:31]  [行21] 解析成功: SZSE.300304 [云意电气] SELL @ 18.96 (VR:2.81)
[2026-06-26 10:51:31]  [行22] 解析成功: SZSE.300852 [四会富仕] SELL @ 58.16 (VR:0.73)
[2026-06-26 10:51:31] 成功保存 22 条因子至: signal_batch_20260626_105131_053525.txt
[2026-06-26 10:51:31]  QQ-主 邮件 4870 处理完成
[2026-06-26 10:51:31]  QQ-主 本轮共成功处理 1 封有效信号邮件
[2026-06-26 10:51:31]  正在连接 QQ-备用 邮箱服务器 (shouqianbadavid@qq.com) ...
[2026-06-26 10:51:31]  QQ-备用 正在解析因子: =?utf-8?b?QWxwaGFQaWxvdCDlpIfku73kv6Hlj7cgKGFscGhhX3NpZ25hbF90aHJfMjAyNjA2MjZfMTA1MS5qc29uKSBb5aSHUVEt6Ieq5L+dXQ==?=
[2026-06-26 10:51:31]  发现表格，共 22 行数据
[2026-06-26 10:51:31]  动态索引映射: ['股票代码', '股票名称', '信号', '当前价格', '量比', '来源过滤']
[2026-06-26 10:51:31]  [行1] 解析成功: SHSE.688308 [欧科亿] SELL @ 182.45 (VR:0.73)
[2026-06-26 10:51:31]  [行2] 解析成功: SHSE.688138 [清溢光电] BUY @ 41.6 (VR:0.84)
[2026-06-26 10:51:31]  [行3] 解析成功: SZSE.300088 [长信科技] SELL @ 11.83 (VR:0.78)
[2026-06-26 10:51:31]  [行4] 解析成功: SZSE.300709 [精研科技] SELL @ 62.47 (VR:0.2)
[2026-06-26 10:51:31]  [行5] 解析成功: SZSE.301362 [民爆光电] BUY @ 192.1 (VR:0.06)
[2026-06-26 10:51:31]  [行6] 解析成功: SZSE.300221 [银禧科技] SELL @ 15.71 (VR:0.21)
[2026-06-26 10:51:31]  [行7] 解析成功: SZSE.301323 [新莱福] SELL @ 81.18 (VR:0.1)
[2026-06-26 10:51:31]  [行8] 解析成功: SZSE.300780 [德恩精工] BUY @ 33.03 (VR:0.88)
[2026-06-26 10:51:31]  [行9] 解析成功: SZSE.301195 [北路智控] SELL @ 27.3 (VR:0.17)
[2026-06-26 10:51:31]  [行10] 解析成功: SZSE.300304 [云意电气] SELL @ 18.99 (VR:1.71)
[2026-06-26 10:51:31]  [行11] 解析成功: SZSE.300852 [四会富仕] SELL @ 58.27 (VR:0.46)
[2026-06-26 10:51:31]  [行12] 解析成功: SHSE.688308 [欧科亿] SELL @ 182.0 (VR:1.98)
[2026-06-26 10:51:31]  [行13] 解析成功: SHSE.688138 [清溢光电] BUY @ 41.66 (VR:0.07)
[2026-06-26 10:51:31]  [行14] 解析成功: SZSE.300088 [长信科技] SELL @ 11.8 (VR:0.48)
[2026-06-26 10:51:31]  [行15] 解析成功: SZSE.300709 [精研科技] SELL @ 62.39 (VR:1.1)
[2026-06-26 10:51:31]  [行16] 解析成功: SZSE.301362 [民爆光电] BUY @ 192.41 (VR:0.31)
[2026-06-26 10:51:31]  [行17] 解析成功: SZSE.300221 [银禧科技] SELL @ 15.69 (VR:0.1)
[2026-06-26 10:51:31]  [行18] 解析成功: SZSE.301323 [新莱福] SELL @ 81.11 (VR:3.09)
[2026-06-26 10:51:31]  [行19] 解析成功: SZSE.300780 [德恩精工] BUY @ 33.06 (VR:0.39)
[2026-06-26 10:51:31]  [行20] 解析成功: SZSE.301195 [北路智控] SELL @ 27.25 (VR:0.31)
[2026-06-26 10:51:31]  [行21] 解析成功: SZSE.300304 [云意电气] SELL @ 18.96 (VR:2.81)
[2026-06-26 10:51:31]  [行22] 解析成功: SZSE.300852 [四会富仕] SELL @ 58.16 (VR:0.73)
[2026-06-26 10:51:31] 本批信号内容已存在（哈希重复），跳过保存（防双邮箱重复）
[2026-06-26 10:51:31]  QQ-备用 邮件 2641 保存因子失败
[2026-06-26 10:52:07]  正在连接 QQ-主 邮箱服务器 (497720537@qq.com) ...
[2026-06-26 10:52:08]  正在连接 QQ-备用 邮箱服务器 (shouqianbadavid@qq.com) ...
[2026-06-26 10:52:08]  QQ-备用 正在解析因子: =?utf-8?b?QWxwaGFQaWxvdCDlpIfku73kv6Hlj7cgKGFscGhhX3NpZ25hbF90aHJfMjAyNjA2MjZfMTA1MS5qc29uKSBb5aSHUVEt6Ieq5L+dXQ==?=
[2026-06-26 10:52:08]  发现表格，共 22 行数据
[2026-06-26 10:52:08]  动态索引映射: ['股票代码', '股票名称', '信号', '当前价格', '量比', '来源过滤']
[2026-06-26 10:52:08]  [行1] 解析成功: SHSE.688308 [欧科亿] SELL @ 182.45 (VR:0.73)
[2026-06-26 10:52:08]  [行2] 解析成功: SHSE.688138 [清溢光电] BUY @ 41.6 (VR:0.84)
[2026-06-26 10:52:08]  [行3] 解析成功: SZSE.300088 [长信科技] SELL @ 11.83 (VR:0.78)
[2026-06-26 10:52:08]  [行4] 解析成功: SZSE.300709 [精研科技] SELL @ 62.47 (VR:0.2)
[2026-06-26 10:52:08]  [行5] 解析成功: SZSE.301362 [民爆光电] BUY @ 192.1 (VR:0.06)
[2026-06-26 10:52:08]  [行6] 解析成功: SZSE.300221 [银禧科技] SELL @ 15.71 (VR:0.21)
[2026-06-26 10:52:08]  [行7] 解析成功: SZSE.301323 [新莱福] SELL @ 81.18 (VR:0.1)
[2026-06-26 10:52:08]  [行8] 解析成功: SZSE.300780 [德恩精工] BUY @ 33.03 (VR:0.88)
[2026-06-26 10:52:08]  [行9] 解析成功: SZSE.301195 [北路智控] SELL @ 27.3 (VR:0.17)
[2026-06-26 10:52:08]  [行10] 解析成功: SZSE.300304 [云意电气] SELL @ 18.99 (VR:1.71)
[2026-06-26 10:52:08]  [行11] 解析成功: SZSE.300852 [四会富仕] SELL @ 58.27 (VR:0.46)
[2026-06-26 10:52:08]  [行12] 解析成功: SHSE.688308 [欧科亿] SELL @ 182.0 (VR:1.98)
[2026-06-26 10:52:08]  [行13] 解析成功: SHSE.688138 [清溢光电] BUY @ 41.66 (VR:0.07)
[2026-06-26 10:52:08]  [行14] 解析成功: SZSE.300088 [长信科技] SELL @ 11.8 (VR:0.48)
[2026-06-26 10:52:08]  [行15] 解析成功: SZSE.300709 [精研科技] SELL @ 62.39 (VR:1.1)
[2026-06-26 10:52:08]  [行16] 解析成功: SZSE.301362 [民爆光电] BUY @ 192.41 (VR:0.31)
[2026-06-26 10:52:08]  [行17] 解析成功: SZSE.300221 [银禧科技] SELL @ 15.69 (VR:0.1)
[2026-06-26 10:52:08]  [行18] 解析成功: SZSE.301323 [新莱福] SELL @ 81.11 (VR:3.09)
[2026-06-26 10:52:08]  [行19] 解析成功: SZSE.300780 [德恩精工] BUY @ 33.06 (VR:0.39)
[2026-06-26 10:52:08]  [行20] 解析成功: SZSE.301195 [北路智控] SELL @ 27.25 (VR:0.31)
[2026-06-26 10:52:08]  [行21] 解析成功: SZSE.300304 [云意电气] SELL @ 18.96 (VR:2.81)
[2026-06-26 10:52:08]  [行22] 解析成功: SZSE.300852 [四会富仕] SELL @ 58.16 (VR:0.73)
[2026-06-26 10:52:08] 成功保存 22 条因子至: signal_batch_20260626_105208_616535.txt
[2026-06-26 10:52:08]  QQ-备用 邮件 2641 处理完成
[2026-06-26 10:52:08]  QQ-备用 本轮共成功处理 1 封有效信号邮件
[2026-06-26 10:52:43]  正在连接 QQ-主 邮箱服务器 (497720537@qq.com) ...
[2026-06-26 10:52:44]  正在连接 QQ-备用 邮箱服务器 (shouqianbadavid@qq.com) ...
[2026-06-26 10:53:19]  正在连接 QQ-主 邮箱服务器 (497720537@qq.com) ...
[2026-06-26 10:53:30]  QQ-主 因子处理主循环异常: [Errno 11001] getaddrinfo failed
[2026-06-26 10:53:40]  正在连接 QQ-备用 邮箱服务器 (shouqianbadavid@qq.com) ...
[2026-06-26 10:53:42]  QQ-备用 因子处理主循环异常: [Errno 11001] getaddrinfo failed
[2026-06-26 10:54:27]  正在连接 QQ-主 邮箱服务器 (497720537@qq.com) ...
[2026-06-26 10:54:28]  QQ-主 正在解析因子: =?utf-8?b?QWxwaGFQaWxvdCDlrp7ml7bkv6Hlj7cgKGFscGhhX3NpZ25hbF90aHJfMjAyNjA2MjZfMTA1My5qc29uKSBb5Li7UVEt5a+55aSWXQ==?=
[2026-06-26 10:54:28]  发现表格，共 10 行数据
[2026-06-26 10:54:28]  动态索引映射: ['股票代码', '股票名称', '信号', '当前价格', '量比', '来源过滤']
[2026-06-26 10:54:28]  [行1] 解析成功: SZSE.300930 [屹通新材] SELL @ 29.28 (VR:0.35)
[2026-06-26 10:54:28]  [行2] 解析成功: SZSE.300666 [江丰电子] BUY @ 343.1 (VR:2.12)
[2026-06-26 10:54:28]  [行3] 解析成功: SZSE.300936 [中英科技] BUY @ 102.42 (VR:0.13)
[2026-06-26 10:54:28]  [行4] 解析成功: SZSE.300259 [新天科技] SELL @ 5.81 (VR:0.02)
[2026-06-26 10:54:28]  [行5] 解析成功: SZSE.300739 [明阳电路] SELL @ 33.99 (VR:0.12)
[2026-06-26 10:54:28]  [行6] 解析成功: SZSE.300930 [屹通新材] SELL @ 29.21 (VR:1.45)
[2026-06-26 10:54:28]  [行7] 解析成功: SZSE.300666 [江丰电子] BUY @ 344.99 (VR:1.37)
[2026-06-26 10:54:28]  [行8] 解析成功: SZSE.300936 [中英科技] BUY @ 102.53 (VR:0.04)
[2026-06-26 10:54:28]  [行9] 解析成功: SZSE.300259 [新天科技] SELL @ 5.8 (VR:0.01)
[2026-06-26 10:54:28]  [行10] 解析成功: SZSE.300739 [明阳电路] SELL @ 33.8 (VR:0.66)
[2026-06-26 10:54:28] 成功保存 10 条因子至: signal_batch_20260626_105428_226930.txt
[2026-06-26 10:54:28]  QQ-主 邮件 4871 处理完成
[2026-06-26 10:54:28]  QQ-主 本轮共成功处理 1 封有效信号邮件
[2026-06-26 10:54:28]  正在连接 QQ-备用 邮箱服务器 (shouqianbadavid@qq.com) ...
[2026-06-26 10:54:29]  QQ-备用 正在解析因子: =?utf-8?b?QWxwaGFQaWxvdCDlpIfku73kv6Hlj7cgKGFscGhhX3NpZ25hbF90aHJfMjAyNjA2MjZfMTA1My5qc29uKSBb5aSHUVEt6Ieq5L+dXQ==?=
[2026-06-26 10:54:29]  发现表格，共 10 行数据
[2026-06-26 10:54:29]  动态索引映射: ['股票代码', '股票名称', '信号', '当前价格', '量比', '来源过滤']
[2026-06-26 10:54:29]  [行1] 解析成功: SZSE.300930 [屹通新材] SELL @ 29.28 (VR:0.35)
[2026-06-26 10:54:29]  [行2] 解析成功: SZSE.300666 [江丰电子] BUY @ 343.1 (VR:2.12)
[2026-06-26 10:54:29]  [行3] 解析成功: SZSE.300936 [中英科技] BUY @ 102.42 (VR:0.13)
[2026-06-26 10:54:29]  [行4] 解析成功: SZSE.300259 [新天科技] SELL @ 5.81 (VR:0.02)
[2026-06-26 10:54:29]  [行5] 解析成功: SZSE.300739 [明阳电路] SELL @ 33.99 (VR:0.12)
[2026-06-26 10:54:29]  [行6] 解析成功: SZSE.300930 [屹通新材] SELL @ 29.21 (VR:1.45)
[2026-06-26 10:54:29]  [行7] 解析成功: SZSE.300666 [江丰电子] BUY @ 344.99 (VR:1.37)
[2026-06-26 10:54:29]  [行8] 解析成功: SZSE.300936 [中英科技] BUY @ 102.53 (VR:0.04)
[2026-06-26 10:54:29]  [行9] 解析成功: SZSE.300259 [新天科技] SELL @ 5.8 (VR:0.01)
[2026-06-26 10:54:29]  [行10] 解析成功: SZSE.300739 [明阳电路] SELL @ 33.8 (VR:0.66)
[2026-06-26 10:54:29] 成功保存 10 条因子至: signal_batch_20260626_105429_330809.txt
[2026-06-26 10:54:29]  QQ-备用 邮件 2642 处理完成
[2026-06-26 10:54:29]  QQ-备用 本轮共成功处理 1 封有效信号邮件
[2026-06-26 10:55:04]  正在连接 QQ-主 邮箱服务器 (497720537@qq.com) ...
[2026-06-26 10:55:05]  正在连接 QQ-备用 邮箱服务器 (shouqianbadavid@qq.com) ...
[2026-06-26 10:55:40]  正在连接 QQ-主 邮箱服务器 (497720537@qq.com) ...
[2026-06-26 10:55:40]  正在连接 QQ-备用 邮箱服务器 (shouqianbadavid@qq.com) ...
[2026-06-26 10:56:17]  正在连接 QQ-主 邮箱服务器 (497720537@qq.com) ...
[2026-06-26 10:56:18]  正在连接 QQ-备用 邮箱服务器 (shouqianbadavid@qq.com) ...
[2026-06-26 10:56:53]  正在连接 QQ-主 邮箱服务器 (497720537@qq.com) ...
[2026-06-26 10:56:53]  QQ-主 正在解析因子: =?utf-8?b?QWxwaGFQaWxvdCDlrp7ml7bkv6Hlj7cgKGFscGhhX3NpZ25hbF90aHJfMjAyNjA2MjZfMTA1Ni5qc29uKSBb5Li7UVEt5a+55aSWXQ==?=
[2026-06-26 10:56:53]  发现表格，共 12 行数据
[2026-06-26 10:56:53]  动态索引映射: ['股票代码', '股票名称', '信号', '当前价格', '量比', '来源过滤']
[2026-06-26 10:56:53]  [行1] 解析成功: SHSE.688665 [四方光电] SELL @ 60.5 (VR:0.14)
[2026-06-26 10:56:53]  [行2] 解析成功: SZSE.300806 [斯迪克] SELL @ 115.29 (VR:1.24)
[2026-06-26 10:56:53]  [行3] 解析成功: SZSE.301322 [绿通科技] BUY @ 57.19 (VR:2.99)
[2026-06-26 10:56:53]  [行4] 解析成功: SZSE.300679 [电连技术] SELL @ 64.18 (VR:0.56)
[2026-06-26 10:56:53]  [行5] 解析成功: SZSE.300790 [宇瞳光学] SELL @ 27.01 (VR:0.93)
[2026-06-26 10:56:53]  [行6] 解析成功: SZSE.000636 [风华高科] SELL @ 78.05 (VR:1.29)
[2026-06-26 10:56:53]  [行7] 解析成功: SHSE.688665 [四方光电] SELL @ 60.4 (VR:1.23)
[2026-06-26 10:56:53]  [行8] 解析成功: SZSE.300806 [斯迪克] SELL @ 114.91 (VR:1.61)
[2026-06-26 10:56:53]  [行9] 解析成功: SZSE.301322 [绿通科技] BUY @ 57.35 (VR:1.62)
[2026-06-26 10:56:53]  [行10] 解析成功: SZSE.300679 [电连技术] SELL @ 64.0 (VR:1.4)
[2026-06-26 10:56:53]  [行11] 解析成功: SZSE.300790 [宇瞳光学] SELL @ 26.96 (VR:0.42)
[2026-06-26 10:56:53]  [行12] 解析成功: SZSE.000636 [风华高科] SELL @ 77.84 (VR:0.43)
[2026-06-26 10:56:53] 成功保存 12 条因子至: signal_batch_20260626_105653_913318.txt
[2026-06-26 10:56:54]  QQ-主 邮件 4872 处理完成
[2026-06-26 10:56:54]  QQ-主 本轮共成功处理 1 封有效信号邮件
[2026-06-26 10:56:54]  正在连接 QQ-备用 邮箱服务器 (shouqianbadavid@qq.com) ...
[2026-06-26 10:56:54]  QQ-备用 正在解析因子: =?utf-8?b?QWxwaGFQaWxvdCDlpIfku73kv6Hlj7cgKGFscGhhX3NpZ25hbF90aHJfMjAyNjA2MjZfMTA1Ni5qc29uKSBb5aSHUVEt6Ieq5L+dXQ==?=
[2026-06-26 10:56:54]  发现表格，共 12 行数据
[2026-06-26 10:56:54]  动态索引映射: ['股票代码', '股票名称', '信号', '当前价格', '量比', '来源过滤']
[2026-06-26 10:56:54]  [行1] 解析成功: SHSE.688665 [四方光电] SELL @ 60.5 (VR:0.14)
[2026-06-26 10:56:54]  [行2] 解析成功: SZSE.300806 [斯迪克] SELL @ 115.29 (VR:1.24)
[2026-06-26 10:56:54]  [行3] 解析成功: SZSE.301322 [绿通科技] BUY @ 57.19 (VR:2.99)
[2026-06-26 10:56:54]  [行4] 解析成功: SZSE.300679 [电连技术] SELL @ 64.18 (VR:0.56)
[2026-06-26 10:56:54]  [行5] 解析成功: SZSE.300790 [宇瞳光学] SELL @ 27.01 (VR:0.93)
[2026-06-26 10:56:54]  [行6] 解析成功: SZSE.000636 [风华高科] SELL @ 78.05 (VR:1.29)
[2026-06-26 10:56:54]  [行7] 解析成功: SHSE.688665 [四方光电] SELL @ 60.4 (VR:1.23)
[2026-06-26 10:56:54]  [行8] 解析成功: SZSE.300806 [斯迪克] SELL @ 114.91 (VR:1.61)
[2026-06-26 10:56:54]  [行9] 解析成功: SZSE.301322 [绿通科技] BUY @ 57.35 (VR:1.62)
[2026-06-26 10:56:54]  [行10] 解析成功: SZSE.300679 [电连技术] SELL @ 64.0 (VR:1.4)
[2026-06-26 10:56:54]  [行11] 解析成功: SZSE.300790 [宇瞳光学] SELL @ 26.96 (VR:0.42)
[2026-06-26 10:56:54]  [行12] 解析成功: SZSE.000636 [风华高科] SELL @ 77.84 (VR:0.43)
[2026-06-26 10:56:54] 成功保存 12 条因子至: signal_batch_20260626_105654_799846.txt
[2026-06-26 10:56:54]  QQ-备用 邮件 2643 处理完成
[2026-06-26 10:56:54]  QQ-备用 本轮共成功处理 1 封有效信号邮件
[2026-06-26 10:57:30]  正在连接 QQ-主 邮箱服务器 (497720537@qq.com) ...
[2026-06-26 10:57:30]  正在连接 QQ-备用 邮箱服务器 (shouqianbadavid@qq.com) ...
[2026-06-26 10:58:05]  正在连接 QQ-主 邮箱服务器 (497720537@qq.com) ...
[2026-06-26 10:58:06]  正在连接 QQ-备用 邮箱服务器 (shouqianbadavid@qq.com) ...
[2026-06-26 10:58:41]  正在连接 QQ-主 邮箱服务器 (497720537@qq.com) ...
[2026-06-26 10:58:52]  QQ-主 因子处理主循环异常: [Errno 11001] getaddrinfo failed
[2026-06-26 10:59:02]  正在连接 QQ-备用 邮箱服务器 (shouqianbadavid@qq.com) ...
[2026-06-26 10:59:38]  正在连接 QQ-主 邮箱服务器 (497720537@qq.com) ...
[2026-06-26 10:59:38]  QQ-主 正在解析因子: =?utf-8?b?QWxwaGFQaWxvdCDlrp7ml7bkv6Hlj7cgKGFscGhhX3NpZ25hbF90aHJfMjAyNjA2MjZfMTA1OS5qc29uKSBb5Li7UVEt5a+55aSWXQ==?=
[2026-06-26 10:59:38]  发现表格，共 30 行数据
[2026-06-26 10:59:38]  动态索引映射: ['股票代码', '股票名称', '信号', '当前价格', '量比', '来源过滤']
[2026-06-26 10:59:38]  [行1] 解析成功: SHSE.603618 [杭电股份] SELL @ 51.68 (VR:0.9)
[2026-06-26 10:59:38]  [行2] 解析成功: SHSE.603175 [超颖电子] SELL @ 89.22 (VR:0.36)
[2026-06-26 10:59:38]  [行3] 解析成功: SHSE.600909 [华安证券] BUY @ 12.1 (VR:2.11)
[2026-06-26 10:59:38]  [行4] 解析成功: SHSE.600460 [士兰微] SELL @ 50.03 (VR:0.19)
[2026-06-26 10:59:38]  [行5] 解析成功: SHSE.603206 [嘉环科技] SELL @ 16.43 (VR:0.18)
[2026-06-26 10:59:38]  [行6] 解析成功: SZSE.002718 [友邦吊顶] SELL @ 111.8 (VR:2.31)
[2026-06-26 10:59:38]  [行7] 解析成功: SZSE.002378 [章源钨业] SELL @ 36.0 (VR:0.76)
[2026-06-26 10:59:38]  [行8] 解析成功: SZSE.002768 [国恩股份] BUY @ 50.98 (VR:0.8)
[2026-06-26 10:59:38]  [行9] 解析成功: SZSE.001339 [智微智能] BUY @ 129.31 (VR:1.0)
[2026-06-26 10:59:38]  [行10] 解析成功: SZSE.000593 [德龙汇能] BUY @ 22.1 (VR:0.18)
[2026-06-26 10:59:38]  [行11] 解析成功: SZSE.003031 [中瓷电子] BUY @ 178.78 (VR:1.48)
[2026-06-26 10:59:38]  [行12] 解析成功: SZSE.002643 [万润股份] BUY @ 19.37 (VR:1.38)
[2026-06-26 10:59:38]  [行13] 解析成功: SZSE.001282 [三联锻造] BUY @ 19.96 (VR:0.17)
[2026-06-26 10:59:38]  [行14] 解析成功: SZSE.002937 [兴瑞科技] BUY @ 41.93 (VR:2.97)
[2026-06-26 10:59:38]  [行15] 解析成功: SZSE.000920 [沃顿科技] BUY @ 13.86 (VR:1.02)
[2026-06-26 10:59:38]  [行16] 解析成功: SHSE.603618 [杭电股份] SELL @ 51.48 (VR:4.41)
[2026-06-26 10:59:38]  [行17] 解析成功: SHSE.603175 [超颖电子] SELL @ 88.9 (VR:0.28)
[2026-06-26 10:59:38]  [行18] 解析成功: SHSE.600909 [华安证券] BUY @ 12.14 (VR:0.46)
[2026-06-26 10:59:38]  [行19] 解析成功: SHSE.600460 [士兰微] SELL @ 49.81 (VR:1.91)
[2026-06-26 10:59:38]  [行20] 解析成功: SHSE.603206 [嘉环科技] SELL @ 16.41 (VR:0.42)
[2026-06-26 10:59:38]  [行21] 解析成功: SZSE.002718 [友邦吊顶] SELL @ 111.79 (VR:0.19)
[2026-06-26 10:59:38]  [行22] 解析成功: SZSE.002378 [章源钨业] SELL @ 35.89 (VR:1.19)
[2026-06-26 10:59:38]  [行23] 解析成功: SZSE.002768 [国恩股份] BUY @ 51.09 (VR:1.86)
[2026-06-26 10:59:38]  [行24] 解析成功: SZSE.001339 [智微智能] BUY @ 129.41 (VR:1.58)
[2026-06-26 10:59:38]  [行25] 解析成功: SZSE.000593 [德龙汇能] BUY @ 22.11 (VR:0.35)
[2026-06-26 10:59:38]  [行26] 解析成功: SZSE.003031 [中瓷电子] BUY @ 179.99 (VR:2.7)
[2026-06-26 10:59:38]  [行27] 解析成功: SZSE.002643 [万润股份] BUY @ 19.43 (VR:2.5)
[2026-06-26 10:59:38]  [行28] 解析成功: SZSE.001282 [三联锻造] BUY @ 19.98 (VR:0.26)
[2026-06-26 10:59:38]  [行29] 解析成功: SZSE.002937 [兴瑞科技] BUY @ 42.11 (VR:3.18)
[2026-06-26 10:59:38]  [行30] 解析成功: SZSE.000920 [沃顿科技] BUY @ 13.94 (VR:0.91)
[2026-06-26 10:59:38] 成功保存 30 条因子至: signal_batch_20260626_105938_780676.txt
[2026-06-26 10:59:38]  QQ-主 邮件 4873 处理完成
[2026-06-26 10:59:38]  QQ-主 本轮共成功处理 1 封有效信号邮件
[2026-06-26 10:59:39]  正在连接 QQ-备用 邮箱服务器 (shouqianbadavid@qq.com) ...
[2026-06-26 11:00:14]  正在连接 QQ-主 邮箱服务器 (497720537@qq.com) ...
[2026-06-26 11:00:14]  正在连接 QQ-备用 邮箱服务器 (shouqianbadavid@qq.com) ...
[2026-06-26 11:00:15]  QQ-备用 正在解析因子: =?utf-8?b?QWxwaGFQaWxvdCDlpIfku73kv6Hlj7cgKGFscGhhX3NpZ25hbF90aHJfMjAyNjA2MjZfMTA1OS5qc29uKSBb5aSHUVEt6Ieq5L+dXQ==?=
[2026-06-26 11:00:15]  发现表格，共 30 行数据
[2026-06-26 11:00:15]  动态索引映射: ['股票代码', '股票名称', '信号', '当前价格', '量比', '来源过滤']
[2026-06-26 11:00:15]  [行1] 解析成功: SHSE.603618 [杭电股份] SELL @ 51.68 (VR:0.9)
[2026-06-26 11:00:15]  [行2] 解析成功: SHSE.603175 [超颖电子] SELL @ 89.22 (VR:0.36)
[2026-06-26 11:00:15]  [行3] 解析成功: SHSE.600909 [华安证券] BUY @ 12.1 (VR:2.11)
[2026-06-26 11:00:15]  [行4] 解析成功: SHSE.600460 [士兰微] SELL @ 50.03 (VR:0.19)
[2026-06-26 11:00:15]  [行5] 解析成功: SHSE.603206 [嘉环科技] SELL @ 16.43 (VR:0.18)
[2026-06-26 11:00:15]  [行6] 解析成功: SZSE.002718 [友邦吊顶] SELL @ 111.8 (VR:2.31)
[2026-06-26 11:00:15]  [行7] 解析成功: SZSE.002378 [章源钨业] SELL @ 36.0 (VR:0.76)
[2026-06-26 11:00:15]  [行8] 解析成功: SZSE.002768 [国恩股份] BUY @ 50.98 (VR:0.8)
[2026-06-26 11:00:15]  [行9] 解析成功: SZSE.001339 [智微智能] BUY @ 129.31 (VR:1.0)
[2026-06-26 11:00:15]  [行10] 解析成功: SZSE.000593 [德龙汇能] BUY @ 22.1 (VR:0.18)
[2026-06-26 11:00:15]  [行11] 解析成功: SZSE.003031 [中瓷电子] BUY @ 178.78 (VR:1.48)
[2026-06-26 11:00:15]  [行12] 解析成功: SZSE.002643 [万润股份] BUY @ 19.37 (VR:1.38)
[2026-06-26 11:00:15]  [行13] 解析成功: SZSE.001282 [三联锻造] BUY @ 19.96 (VR:0.17)
[2026-06-26 11:00:15]  [行14] 解析成功: SZSE.002937 [兴瑞科技] BUY @ 41.93 (VR:2.97)
[2026-06-26 11:00:15]  [行15] 解析成功: SZSE.000920 [沃顿科技] BUY @ 13.86 (VR:1.02)
[2026-06-26 11:00:15]  [行16] 解析成功: SHSE.603618 [杭电股份] SELL @ 51.48 (VR:4.41)
[2026-06-26 11:00:15]  [行17] 解析成功: SHSE.603175 [超颖电子] SELL @ 88.9 (VR:0.28)
[2026-06-26 11:00:15]  [行18] 解析成功: SHSE.600909 [华安证券] BUY @ 12.14 (VR:0.46)
[2026-06-26 11:00:15]  [行19] 解析成功: SHSE.600460 [士兰微] SELL @ 49.81 (VR:1.91)
[2026-06-26 11:00:15]  [行20] 解析成功: SHSE.603206 [嘉环科技] SELL @ 16.41 (VR:0.42)
[2026-06-26 11:00:15]  [行21] 解析成功: SZSE.002718 [友邦吊顶] SELL @ 111.79 (VR:0.19)
[2026-06-26 11:00:15]  [行22] 解析成功: SZSE.002378 [章源钨业] SELL @ 35.89 (VR:1.19)
[2026-06-26 11:00:15]  [行23] 解析成功: SZSE.002768 [国恩股份] BUY @ 51.09 (VR:1.86)
[2026-06-26 11:00:15]  [行24] 解析成功: SZSE.001339 [智微智能] BUY @ 129.41 (VR:1.58)
[2026-06-26 11:00:15]  [行25] 解析成功: SZSE.000593 [德龙汇能] BUY @ 22.11 (VR:0.35)
[2026-06-26 11:00:15]  [行26] 解析成功: SZSE.003031 [中瓷电子] BUY @ 179.99 (VR:2.7)
[2026-06-26 11:00:15]  [行27] 解析成功: SZSE.002643 [万润股份] BUY @ 19.43 (VR:2.5)
[2026-06-26 11:00:15]  [行28] 解析成功: SZSE.001282 [三联锻造] BUY @ 19.98 (VR:0.26)
[2026-06-26 11:00:15]  [行29] 解析成功: SZSE.002937 [兴瑞科技] BUY @ 42.11 (VR:3.18)
[2026-06-26 11:00:15]  [行30] 解析成功: SZSE.000920 [沃顿科技] BUY @ 13.94 (VR:0.91)
[2026-06-26 11:00:15] 成功保存 30 条因子至: signal_batch_20260626_110015_551927.txt
[2026-06-26 11:00:15]  QQ-备用 邮件 2644 处理完成
[2026-06-26 11:00:15]  QQ-备用 本轮共成功处理 1 封有效信号邮件
[2026-06-26 11:00:50]  正在连接 QQ-主 邮箱服务器 (497720537@qq.com) ...
[2026-06-26 11:00:51]  正在连接 QQ-备用 邮箱服务器 (shouqianbadavid@qq.com) ...
[2026-06-26 11:01:26]  正在连接 QQ-主 邮箱服务器 (497720537@qq.com) ...
[2026-06-26 11:01:29]  正在连接 QQ-备用 邮箱服务器 (shouqianbadavid@qq.com) ...
[2026-06-26 11:02:05]  正在连接 QQ-主 邮箱服务器 (497720537@qq.com) ...
[2026-06-26 11:02:05]  QQ-主 正在解析因子: =?utf-8?b?QWxwaGFQaWxvdCDlrp7ml7bkv6Hlj7cgKGFscGhhX3NpZ25hbF90aHJfMjAyNjA2MjZfMTEwMS5qc29uKSBb5Li7UVEt5a+55aSWXQ==?=
[2026-06-26 11:02:05]  发现表格，共 24 行数据
[2026-06-26 11:02:05]  动态索引映射: ['股票代码', '股票名称', '信号', '当前价格', '量比', '来源过滤']
[2026-06-26 11:02:05]  [行1] 解析成功: SHSE.688700 [东威科技] BUY @ 93.25 (VR:0.9)
[2026-06-26 11:02:05]  [行2] 解析成功: SHSE.688777 [中控技术] BUY @ 115.14 (VR:2.57)
[2026-06-26 11:02:05]  [行3] 解析成功: SHSE.688286 [敏芯股份] BUY @ 102.98 (VR:0.38)
[2026-06-26 11:02:05]  [行4] 解析成功: SHSE.688511 [天微电子] BUY @ 29.74 (VR:0.31)
[2026-06-26 11:02:05]  [行5] 解析成功: SHSE.688386 [泛亚微透] BUY @ 90.91 (VR:0.08)
[2026-06-26 11:02:05]  [行6] 解析成功: SHSE.688059 [华锐精密] BUY @ 202.91 (VR:0.93)
[2026-06-26 11:02:05]  [行7] 解析成功: SZSE.300449 [汉邦高科] BUY @ 7.63 (VR:1.19)
[2026-06-26 11:02:05]  [行8] 解析成功: SZSE.002980 [华盛昌] SELL @ 125.01 (VR:2.44)
[2026-06-26 11:02:05]  [行9] 解析成功: SZSE.300285 [国瓷材料] SELL @ 99.87 (VR:0.31)
[2026-06-26 11:02:05]  [行10] 解析成功: SZSE.301252 [同星科技] BUY @ 42.22 (VR:0.04)
[2026-06-26 11:02:05]  [行11] 解析成功: SZSE.301392 [汇成真空] SELL @ 238.0 (VR:0.57)
[2026-06-26 11:02:05]  [行12] 解析成功: SZSE.300234 [开尔新材] BUY @ 11.13 (VR:0.95)
[2026-06-26 11:02:05]  [行13] 解析成功: SHSE.688700 [东威科技] BUY @ 93.34 (VR:1.32)
[2026-06-26 11:02:05]  [行14] 解析成功: SHSE.688777 [中控技术] BUY @ 116.1 (VR:2.53)
[2026-06-26 11:02:05]  [行15] 解析成功: SHSE.688286 [敏芯股份] BUY @ 103.67 (VR:0.16)
[2026-06-26 11:02:05]  [行16] 解析成功: SHSE.688511 [天微电子] BUY @ 29.75 (VR:0.29)
[2026-06-26 11:02:05]  [行17] 解析成功: SHSE.688386 [泛亚微透] BUY @ 91.07 (VR:0.25)
[2026-06-26 11:02:05]  [行18] 解析成功: SHSE.688059 [华锐精密] BUY @ 203.34 (VR:0.46)
[2026-06-26 11:02:05]  [行19] 解析成功: SZSE.300449 [汉邦高科] BUY @ 7.65 (VR:0.15)
[2026-06-26 11:02:05]  [行20] 解析成功: SZSE.002980 [华盛昌] SELL @ 124.8 (VR:0.39)
[2026-06-26 11:02:05]  [行21] 解析成功: SZSE.300285 [国瓷材料] SELL @ 99.33 (VR:0.19)
[2026-06-26 11:02:05]  [行22] 解析成功: SZSE.301252 [同星科技] BUY @ 42.23 (VR:0.75)
[2026-06-26 11:02:05]  [行23] 解析成功: SZSE.301392 [汇成真空] SELL @ 237.37 (VR:0.89)
[2026-06-26 11:02:05]  [行24] 解析成功: SZSE.300234 [开尔新材] BUY @ 11.14 (VR:0.06)
[2026-06-26 11:02:05] 成功保存 24 条因子至: signal_batch_20260626_110205_924559.txt
[2026-06-26 11:02:06]  QQ-主 邮件 4874 处理完成
[2026-06-26 11:02:06]  QQ-主 本轮共成功处理 1 封有效信号邮件
[2026-06-26 11:02:06]  正在连接 QQ-备用 邮箱服务器 (shouqianbadavid@qq.com) ...
[2026-06-26 11:02:41]  正在连接 QQ-主 邮箱服务器 (497720537@qq.com) ...
[2026-06-26 11:02:41]  正在连接 QQ-备用 邮箱服务器 (shouqianbadavid@qq.com) ...
[2026-06-26 11:02:42]  QQ-备用 正在解析因子: =?utf-8?b?QWxwaGFQaWxvdCDlpIfku73kv6Hlj7cgKGFscGhhX3NpZ25hbF90aHJfMjAyNjA2MjZfMTEwMS5qc29uKSBb5aSHUVEt6Ieq5L+dXQ==?=
[2026-06-26 11:02:42]  发现表格，共 24 行数据
[2026-06-26 11:02:42]  动态索引映射: ['股票代码', '股票名称', '信号', '当前价格', '量比', '来源过滤']
[2026-06-26 11:02:42]  [行1] 解析成功: SHSE.688700 [东威科技] BUY @ 93.25 (VR:0.9)
[2026-06-26 11:02:42]  [行2] 解析成功: SHSE.688777 [中控技术] BUY @ 115.14 (VR:2.57)
[2026-06-26 11:02:42]  [行3] 解析成功: SHSE.688286 [敏芯股份] BUY @ 102.98 (VR:0.38)
[2026-06-26 11:02:42]  [行4] 解析成功: SHSE.688511 [天微电子] BUY @ 29.74 (VR:0.31)
[2026-06-26 11:02:42]  [行5] 解析成功: SHSE.688386 [泛亚微透] BUY @ 90.91 (VR:0.08)
[2026-06-26 11:02:42]  [行6] 解析成功: SHSE.688059 [华锐精密] BUY @ 202.91 (VR:0.93)
[2026-06-26 11:02:42]  [行7] 解析成功: SZSE.300449 [汉邦高科] BUY @ 7.63 (VR:1.19)
[2026-06-26 11:02:42]  [行8] 解析成功: SZSE.002980 [华盛昌] SELL @ 125.01 (VR:2.44)
[2026-06-26 11:02:42]  [行9] 解析成功: SZSE.300285 [国瓷材料] SELL @ 99.87 (VR:0.31)
[2026-06-26 11:02:42]  [行10] 解析成功: SZSE.301252 [同星科技] BUY @ 42.22 (VR:0.04)
[2026-06-26 11:02:42]  [行11] 解析成功: SZSE.301392 [汇成真空] SELL @ 238.0 (VR:0.57)
[2026-06-26 11:02:42]  [行12] 解析成功: SZSE.300234 [开尔新材] BUY @ 11.13 (VR:0.95)
[2026-06-26 11:02:42]  [行13] 解析成功: SHSE.688700 [东威科技] BUY @ 93.34 (VR:1.32)
[2026-06-26 11:02:42]  [行14] 解析成功: SHSE.688777 [中控技术] BUY @ 116.1 (VR:2.53)
[2026-06-26 11:02:42]  [行15] 解析成功: SHSE.688286 [敏芯股份] BUY @ 103.67 (VR:0.16)
[2026-06-26 11:02:42]  [行16] 解析成功: SHSE.688511 [天微电子] BUY @ 29.75 (VR:0.29)
[2026-06-26 11:02:42]  [行17] 解析成功: SHSE.688386 [泛亚微透] BUY @ 91.07 (VR:0.25)
[2026-06-26 11:02:42]  [行18] 解析成功: SHSE.688059 [华锐精密] BUY @ 203.34 (VR:0.46)
[2026-06-26 11:02:42]  [行19] 解析成功: SZSE.300449 [汉邦高科] BUY @ 7.65 (VR:0.15)
[2026-06-26 11:02:42]  [行20] 解析成功: SZSE.002980 [华盛昌] SELL @ 124.8 (VR:0.39)
[2026-06-26 11:02:42]  [行21] 解析成功: SZSE.300285 [国瓷材料] SELL @ 99.33 (VR:0.19)
[2026-06-26 11:02:42]  [行22] 解析成功: SZSE.301252 [同星科技] BUY @ 42.23 (VR:0.75)
[2026-06-26 11:02:42]  [行23] 解析成功: SZSE.301392 [汇成真空] SELL @ 237.37 (VR:0.89)
[2026-06-26 11:02:42]  [行24] 解析成功: SZSE.300234 [开尔新材] BUY @ 11.14 (VR:0.06)
[2026-06-26 11:02:42] 成功保存 24 条因子至: signal_batch_20260626_110242_704245.txt
[2026-06-26 11:02:42]  QQ-备用 邮件 2645 处理完成
[2026-06-26 11:02:42]  QQ-备用 本轮共成功处理 1 封有效信号邮件
[2026-06-26 11:03:17]  正在连接 QQ-主 邮箱服务器 (497720537@qq.com) ...
[2026-06-26 11:03:18]  正在连接 QQ-备用 邮箱服务器 (shouqianbadavid@qq.com) ...
[2026-06-26 11:03:53]  正在连接 QQ-主 邮箱服务器 (497720537@qq.com) ...
[2026-06-26 11:03:54]  正在连接 QQ-备用 邮箱服务器 (shouqianbadavid@qq.com) ...
[2026-06-26 11:04:30]  正在连接 QQ-主 邮箱服务器 (497720537@qq.com) ...
[2026-06-26 11:04:30]  QQ-主 正在解析因子: =?utf-8?b?QWxwaGFQaWxvdCDlrp7ml7bkv6Hlj7cgKGFscGhhX3NpZ25hbF90aHJfMjAyNjA2MjZfMTEwNC5qc29uKSBb5Li7UVEt5a+55aSWXQ==?=
[2026-06-26 11:04:30]  发现表格，共 24 行数据
[2026-06-26 11:04:30]  动态索引映射: ['股票代码', '股票名称', '信号', '当前价格', '量比', '来源过滤']
[2026-06-26 11:04:30]  [行1] 解析成功: SHSE.688308 [欧科亿] SELL @ 180.53 (VR:0.27)
[2026-06-26 11:04:30]  [行2] 解析成功: SHSE.688733 [壹石通] BUY @ 39.33 (VR:0.26)
[2026-06-26 11:04:30]  [行3] 解析成功: SHSE.688249 [晶合集成] BUY @ 56.18 (VR:0.46)
[2026-06-26 11:04:30]  [行4] 解析成功: SHSE.688138 [清溢光电] BUY @ 41.62 (VR:0.36)
[2026-06-26 11:04:30]  [行5] 解析成功: SZSE.300196 [长海股份] BUY @ 32.08 (VR:0.4)
[2026-06-26 11:04:30]  [行6] 解析成功: SZSE.300088 [长信科技] SELL @ 11.82 (VR:0.25)
[2026-06-26 11:04:30]  [行7] 解析成功: SZSE.301362 [民爆光电] SELL @ 192.27 (VR:0.28)
[2026-06-26 11:04:30]  [行8] 解析成功: SZSE.300221 [银禧科技] SELL @ 15.57 (VR:0.56)
[2026-06-26 11:04:30]  [行9] 解析成功: SZSE.300780 [德恩精工] BUY @ 33.16 (VR:1.37)
[2026-06-26 11:04:30]  [行10] 解析成功: SZSE.301195 [北路智控] SELL @ 27.03 (VR:4.49)
[2026-06-26 11:04:30]  [行11] 解析成功: SZSE.300304 [云意电气] SELL @ 18.95 (VR:0.46)
[2026-06-26 11:04:30]  [行12] 解析成功: SZSE.300852 [四会富仕] SELL @ 57.22 (VR:0.16)
[2026-06-26 11:04:30]  [行13] 解析成功: SHSE.688308 [欧科亿] SELL @ 180.0 (VR:0.53)
[2026-06-26 11:04:30]  [行14] 解析成功: SHSE.688733 [壹石通] BUY @ 39.38 (VR:0.05)
[2026-06-26 11:04:30]  [行15] 解析成功: SHSE.688249 [晶合集成] BUY @ 56.26 (VR:0.31)
[2026-06-26 11:04:30]  [行16] 解析成功: SHSE.688138 [清溢光电] BUY @ 41.75 (VR:0.2)
[2026-06-26 11:04:30]  [行17] 解析成功: SZSE.300196 [长海股份] BUY @ 32.3 (VR:1.13)
[2026-06-26 11:04:30]  [行18] 解析成功: SZSE.300088 [长信科技] SELL @ 11.76 (VR:0.88)
[2026-06-26 11:04:30]  [行19] 解析成功: SZSE.301362 [民爆光电] SELL @ 192.0 (VR:1.98)
[2026-06-26 11:04:30]  [行20] 解析成功: SZSE.300221 [银禧科技] SELL @ 15.52 (VR:0.89)
[2026-06-26 11:04:30]  [行21] 解析成功: SZSE.300780 [德恩精工] BUY @ 33.17 (VR:1.49)
[2026-06-26 11:04:30]  [行22] 解析成功: SZSE.301195 [北路智控] SELL @ 27.02 (VR:1.77)
[2026-06-26 11:04:30]  [行23] 解析成功: SZSE.300304 [云意电气] SELL @ 18.92 (VR:0.06)
[2026-06-26 11:04:30]  [行24] 解析成功: SZSE.300852 [四会富仕] SELL @ 56.93 (VR:0.08)
[2026-06-26 11:04:30] 成功保存 24 条因子至: signal_batch_20260626_110430_965188.txt
[2026-06-26 11:04:31]  QQ-主 邮件 4875 处理完成
[2026-06-26 11:04:31]  QQ-主 本轮共成功处理 1 封有效信号邮件
[2026-06-26 11:04:31]  正在连接 QQ-备用 邮箱服务器 (shouqianbadavid@qq.com) ...
[2026-06-26 11:05:06]  正在连接 QQ-主 邮箱服务器 (497720537@qq.com) ...
[2026-06-26 11:05:07]  正在连接 QQ-备用 邮箱服务器 (shouqianbadavid@qq.com) ...
[2026-06-26 11:05:07]  QQ-备用 正在解析因子: =?utf-8?b?QWxwaGFQaWxvdCDlpIfku73kv6Hlj7cgKGFscGhhX3NpZ25hbF90aHJfMjAyNjA2MjZfMTEwNC5qc29uKSBb5aSHUVEt6Ieq5L+dXQ==?=
[2026-06-26 11:05:07]  发现表格，共 24 行数据
[2026-06-26 11:05:07]  动态索引映射: ['股票代码', '股票名称', '信号', '当前价格', '量比', '来源过滤']
[2026-06-26 11:05:07]  [行1] 解析成功: SHSE.688308 [欧科亿] SELL @ 180.53 (VR:0.27)
[2026-06-26 11:05:07]  [行2] 解析成功: SHSE.688733 [壹石通] BUY @ 39.33 (VR:0.26)
[2026-06-26 11:05:07]  [行3] 解析成功: SHSE.688249 [晶合集成] BUY @ 56.18 (VR:0.46)
[2026-06-26 11:05:07]  [行4] 解析成功: SHSE.688138 [清溢光电] BUY @ 41.62 (VR:0.36)
[2026-06-26 11:05:07]  [行5] 解析成功: SZSE.300196 [长海股份] BUY @ 32.08 (VR:0.4)
[2026-06-26 11:05:07]  [行6] 解析成功: SZSE.300088 [长信科技] SELL @ 11.82 (VR:0.25)
[2026-06-26 11:05:07]  [行7] 解析成功: SZSE.301362 [民爆光电] SELL @ 192.27 (VR:0.28)
[2026-06-26 11:05:07]  [行8] 解析成功: SZSE.300221 [银禧科技] SELL @ 15.57 (VR:0.56)
[2026-06-26 11:05:07]  [行9] 解析成功: SZSE.300780 [德恩精工] BUY @ 33.16 (VR:1.37)
[2026-06-26 11:05:07]  [行10] 解析成功: SZSE.301195 [北路智控] SELL @ 27.03 (VR:4.49)
[2026-06-26 11:05:07]  [行11] 解析成功: SZSE.300304 [云意电气] SELL @ 18.95 (VR:0.46)
[2026-06-26 11:05:07]  [行12] 解析成功: SZSE.300852 [四会富仕] SELL @ 57.22 (VR:0.16)
[2026-06-26 11:05:07]  [行13] 解析成功: SHSE.688308 [欧科亿] SELL @ 180.0 (VR:0.53)
[2026-06-26 11:05:07]  [行14] 解析成功: SHSE.688733 [壹石通] BUY @ 39.38 (VR:0.05)
[2026-06-26 11:05:07]  [行15] 解析成功: SHSE.688249 [晶合集成] BUY @ 56.26 (VR:0.31)
[2026-06-26 11:05:07]  [行16] 解析成功: SHSE.688138 [清溢光电] BUY @ 41.75 (VR:0.2)
[2026-06-26 11:05:07]  [行17] 解析成功: SZSE.300196 [长海股份] BUY @ 32.3 (VR:1.13)
[2026-06-26 11:05:07]  [行18] 解析成功: SZSE.300088 [长信科技] SELL @ 11.76 (VR:0.88)
[2026-06-26 11:05:07]  [行19] 解析成功: SZSE.301362 [民爆光电] SELL @ 192.0 (VR:1.98)
[2026-06-26 11:05:07]  [行20] 解析成功: SZSE.300221 [银禧科技] SELL @ 15.52 (VR:0.89)
[2026-06-26 11:05:07]  [行21] 解析成功: SZSE.300780 [德恩精工] BUY @ 33.17 (VR:1.49)
[2026-06-26 11:05:07]  [行22] 解析成功: SZSE.301195 [北路智控] SELL @ 27.02 (VR:1.77)
[2026-06-26 11:05:07]  [行23] 解析成功: SZSE.300304 [云意电气] SELL @ 18.92 (VR:0.06)
[2026-06-26 11:05:07]  [行24] 解析成功: SZSE.300852 [四会富仕] SELL @ 56.93 (VR:0.08)
[2026-06-26 11:05:07] 成功保存 24 条因子至: signal_batch_20260626_110507_899186.txt
[2026-06-26 11:05:08]  QQ-备用 邮件 2646 处理完成
[2026-06-26 11:05:08]  QQ-备用 本轮共成功处理 1 封有效信号邮件
[2026-06-26 11:05:43]  正在连接 QQ-主 邮箱服务器 (497720537@qq.com) ...
[2026-06-26 11:06:15]  正在连接 QQ-备用 邮箱服务器 (shouqianbadavid@qq.com) ...
[2026-06-26 11:06:50]  正在连接 QQ-主 邮箱服务器 (497720537@qq.com) ...
[2026-06-26 11:06:51]  QQ-主 正在解析因子: =?UTF-8?B?5L2g5pyJIDE2NSDmnaHlhbPkuo7mooHmjK/lvLrlkozlhbY=?=
 =?UTF-8?B?5LuW55So5oi355qE6YCa55+l?=
[2026-06-26 11:06:51]  发现表格，共 54 行数据
[2026-06-26 11:06:51]  表头映射失败，未找到指定列名。当前表头: ['David Liang，请查看有关梁振强和黃枫銘的未读消息和其他通知。\u200c\u2003 \u200c\u2003 \u200c\u2003 \u200c\u2003 \u200c\u2003 \u200c\u2003 \u200c\u2003 \u200c\u2003 \u200c\u2003 \u200c\u2003 \u200c\u2003 \u200c\u2003 \u200c\u2003 \u200c\u2003 \u200c\u2003 \u200c\u2003 \u200c\u2003 \u200c\u2003 \u200c\u2003 \u200c\u2003 \u200c\u2003 \u200c\u2003 \u200c\u2003 \u200c\u2003 \u200c\u2003 \u200c\u2003 \u200c\u2003 \u200c\u2003 \u200c\u2003 \u200c\u2003 \u200c\u2003 \u200c\u2003 \u200c\u2003 \u200c\u2003 \u200c\u2003 \u200c\u2003 \u200c\u2003 \u200c\u2003 \u200c\u2003 \u200c\u2003 \u200c\u2003 \u200c\u2003 \u200c\u2003 \u200c\u2003 \u200c\u2003 \u200c\u2003 \u200c\u2003 \u200c\u2003 \u200c\u2003 \u200c\u2003 \u200c\u2003 \u200c\u2003 \u200c\u2003 \u200c\u2003 \u200c\u2003 \u200c\u2003 \u200c\u2003 \u200c\u2003 \u200c\u2003 \u200c\u2003 \u200c\u2003 \u200c\u2003 \u200c\u2003 \u200c\u2003 \u200c\u2003 \u200c\u2003 \u200c\u2003 \u200c\u2003 \u200c\u2003 \u200c\u2003 \u200c\u2003 \u200c\u2003 \u200c\u2003 \u200c\u2003 \u200c\u2003 \u200c\u2003 \u200c\u2003 \u200c\u2003 \u200c\u2003 \u200c\u2003 \u200c\u2003 \u200c\u2003 \u200c\u2003 \u200c\u2003 \u200c\u2003 \u200c\u2003 \u200c\u2003 \u200c\u2003 \u200c\u2003 \u200c\u2003 \u200c\u2003 \u200c\u2003 \u200c\u2003 \u200c\u2003 \u200c\u2003 \u200c\u2003 \u200c\u2003 \u200c\u2003 \u200c\u2003 \u200c\u2003 \u200c\u2003 \u200c\u2003 \u200c\u2003 \u200c\u2003 \u200c\u2003 \u200c\u2003 \u200c\u2003 \u200c\u2003 \u200c\u2003 \u200c\u2003 \u200c\u2003 \u200c\u2003 \u200c\u2003 \u200c\u2003 \u200c\u2003 \u200c\u2003 \u200c\u2003 \u200c\u2003 \u200c\u2003 \u200c\u2003 \u200c\u2003 \u200c\u2003 \u200c\u2003 \u200c\u2003 \u200c\u2003 \u200c\u2003 \u200c\u2003 \u200c\u2003 \u200c\u2003 \u200c\u2003 \u200c\u2003 \u200c\u2003 \u200c\u2003 \u200c\u2003 \u200c\u2003 \u200c\u2003 \u200c\u2003 \u200c\u2003 \u200c\u2003 \u200c\u2003 \u200c\u2003 \u200c\u2003 \u200c\u2003 \u200c\u2003 \u200c\u2003 \u200c\u2003 \u200c\u2003 \u200c\u2003 \u200c\u2003 \u200c\u2003 \u200c\u2003 \u200c\u2003 \u200c\u2003 \u200c\u2003 \u200c\u2003 \u200c\u2003 \u200c\u2003 \u200c\u2003 \u200c\u2003 \u200c\u2003 \u200c\u2003 \u200c\u2003 \u200c\u2003 \u200c\u2003 \u200c\u2003 \u200c\u2003 \u200c\u2003 \u200c\u2003 \u200c\u2003 \u200c\u2003 \u200c\u2003 \u200c\u2003 \u200c\u2003 \u200c\u2003 \u200c\u2003 \u200c\u2003 \u200c\u2003 \u200c\u2003 \u200c\u2003 \u200c\u2003 \u200c\u2003 \u200c\u2003 \u200c\u2003 \u200c\u2003 \u200c\u2003 \u200c\u2003 \u200c\u2003 \u200c\u2003 \u200c\u2003 \u200c\u2003 \u200c\u2003 \u200c\u2003 \u200c\u2003 \u200c\u2003 \u200c\u2003 \u200c\u2003 \u200c\u2003 \u200c\u2003 \u200c\u2003 \u200c\u2003 \u200c\u2003 \u200c\u2003 \u200c\u2003 \u200c\u2003 \u200c\u2003 \u200c\u2003 \u200c\u2003 \u200c\u2003 \u200c\u2003 \u200c\u2003 \u200c\u2003 \u200c\u2003 \u200c\u2003 \u200c\u2003 \u200c\u2003 \u200c\u2003 \u200c\u2003 \u200c\u2003 \u200c\u2003 \u200c\u2003 \u200c\u2003 \u200c\u2003 \u200c\u2003 \u200c\u2003 \u200c\u2003 \u200c\u2003 \u200c\u2003 \u200c\u2003 \u200c\u2003 \u200c\u2003 \u200c\u2003 \u200c\u2003 \u200c\u2003 \u200c\u2003 \u200c\u2003 \u200c\u2003 \u200c\u2003 \u200c\u2003 \u200c\u2003 \u200c\u2003 \u200c\u2003 \u200c\u2003 \u200c\u2003 \u200c\u2003 \u200c\u2003 \u200c\u2003 \u200c\u2003 \u200c\u2003 \u200c\u2003 \u200c\u2003 \u200c\u2003 \u200c\u2003 \u200c\u2003 \u200c\u2003 \u200c\u2003 \u200c\u2003 \u200c\u2003 \u200c\u2003 \u200c\u2003 \u200c\u2003 \u200c\u2003 \u200c\u2003 \u200c\u2003 \u200c\u2003 \u200c\u2003 \u200c\u2003 \u200c\u2003 \u200c\u2003 \u200c\u2003 \u200c\u2003 \u200c\u2003 \u200c\u2003 \u200c\u2003 \u200c\u2003 \u200c\u2003 \u200c\u2003 \u200c\u2003 \u200c\u2003 \u200c\u2003 \u200c\u2003 \u200c\u2003 \u200c\u2003 \u200c\u2003 \u200c\u2003 \u200c\u2003 \u200c\u2003 \u200c\u2003 \u200c\u2003 \u200c\u2003 \u200c\u2003 \u200c\u2003 \u200c\u2003 \u200c\u2003 \u200c\u2003 \u200c\u2003 \u200c\u2003 \u200c\u2003 \u200c\u2003 \u200c\u2003 \u200cDavid Liang你有 165 条未读通知待查看通知Pro Visa - 小老板给你发送了3条消息3个加好友请求黃枫銘和其他 2 位用户在20张照片中标记了你Ple Chatchay和其他 24 位用户有41条密友动态更新98条新通知查看通知前往\xa0Facebook这封邮件：有用|没用此邮件发给497720537@qq.com。 如果不希望再收到 Meta 的这类邮件，请退订。Meta Platforms, Inc., Attention: Community Support, 1 Meta Way, Menlo Park, CA 94025为保护你的主页安全，请勿转发这封邮件。详细了解', 'David Liang，请查看有关梁振强和黃枫銘的未读消息和其他通知。\u200c\u2003 \u200c\u2003 \u200c\u2003 \u200c\u2003 \u200c\u2003 \u200c\u2003 \u200c\u2003 \u200c\u2003 \u200c\u2003 \u200c\u2003 \u200c\u2003 \u200c\u2003 \u200c\u2003 \u200c\u2003 \u200c\u2003 \u200c\u2003 \u200c\u2003 \u200c\u2003 \u200c\u2003 \u200c\u2003 \u200c\u2003 \u200c\u2003 \u200c\u2003 \u200c\u2003 \u200c\u2003 \u200c\u2003 \u200c\u2003 \u200c\u2003 \u200c\u2003 \u200c\u2003 \u200c\u2003 \u200c\u2003 \u200c\u2003 \u200c\u2003 \u200c\u2003 \u200c\u2003 \u200c\u2003 \u200c\u2003 \u200c\u2003 \u200c\u2003 \u200c\u2003 \u200c\u2003 \u200c\u2003 \u200c\u2003 \u200c\u2003 \u200c\u2003 \u200c\u2003 \u200c\u2003 \u200c\u2003 \u200c\u2003 \u200c\u2003 \u200c\u2003 \u200c\u2003 \u200c\u2003 \u200c\u2003 \u200c\u2003 \u200c\u2003 \u200c\u2003 \u200c\u2003 \u200c\u2003 \u200c\u2003 \u200c\u2003 \u200c\u2003 \u200c\u2003 \u200c\u2003 \u200c\u2003 \u200c\u2003 \u200c\u2003 \u200c\u2003 \u200c\u2003 \u200c\u2003 \u200c\u2003 \u200c\u2003 \u200c\u2003 \u200c\u2003 \u200c\u2003 \u200c\u2003 \u200c\u2003 \u200c\u2003 \u200c\u2003 \u200c\u2003 \u200c\u2003 \u200c\u2003 \u200c\u2003 \u200c\u2003 \u200c\u2003 \u200c\u2003 \u200c\u2003 \u200c\u2003 \u200c\u2003 \u200c\u2003 \u200c\u2003 \u200c\u2003 \u200c\u2003 \u200c\u2003 \u200c\u2003 \u200c\u2003 \u200c\u2003 \u200c\u2003 \u200c\u2003 \u200c\u2003 \u200c\u2003 \u200c\u2003 \u200c\u2003 \u200c\u2003 \u200c\u2003 \u200c\u2003 \u200c\u2003 \u200c\u2003 \u200c\u2003 \u200c\u2003 \u200c\u2003 \u200c\u2003 \u200c\u2003 \u200c\u2003 \u200c\u2003 \u200c\u2003 \u200c\u2003 \u200c\u2003 \u200c\u2003 \u200c\u2003 \u200c\u2003 \u200c\u2003 \u200c\u2003 \u200c\u2003 \u200c\u2003 \u200c\u2003 \u200c\u2003 \u200c\u2003 \u200c\u2003 \u200c\u2003 \u200c\u2003 \u200c\u2003 \u200c\u2003 \u200c\u2003 \u200c\u2003 \u200c\u2003 \u200c\u2003 \u200c\u2003 \u200c\u2003 \u200c\u2003 \u200c\u2003 \u200c\u2003 \u200c\u2003 \u200c\u2003 \u200c\u2003 \u200c\u2003 \u200c\u2003 \u200c\u2003 \u200c\u2003 \u200c\u2003 \u200c\u2003 \u200c\u2003 \u200c\u2003 \u200c\u2003 \u200c\u2003 \u200c\u2003 \u200c\u2003 \u200c\u2003 \u200c\u2003 \u200c\u2003 \u200c\u2003 \u200c\u2003 \u200c\u2003 \u200c\u2003 \u200c\u2003 \u200c\u2003 \u200c\u2003 \u200c\u2003 \u200c\u2003 \u200c\u2003 \u200c\u2003 \u200c\u2003 \u200c\u2003 \u200c\u2003 \u200c\u2003 \u200c\u2003 \u200c\u2003 \u200c\u2003 \u200c\u2003 \u200c\u2003 \u200c\u2003 \u200c\u2003 \u200c\u2003 \u200c\u2003 \u200c\u2003 \u200c\u2003 \u200c\u2003 \u200c\u2003 \u200c\u2003 \u200c\u2003 \u200c\u2003 \u200c\u2003 \u200c\u2003 \u200c\u2003 \u200c\u2003 \u200c\u2003 \u200c\u2003 \u200c\u2003 \u200c\u2003 \u200c\u2003 \u200c\u2003 \u200c\u2003 \u200c\u2003 \u200c\u2003 \u200c\u2003 \u200c\u2003 \u200c\u2003 \u200c\u2003 \u200c\u2003 \u200c\u2003 \u200c\u2003 \u200c\u2003 \u200c\u2003 \u200c\u2003 \u200c\u2003 \u200c\u2003 \u200c\u2003 \u200c\u2003 \u200c\u2003 \u200c\u2003 \u200c\u2003 \u200c\u2003 \u200c\u2003 \u200c\u2003 \u200c\u2003 \u200c\u2003 \u200c\u2003 \u200c\u2003 \u200c\u2003 \u200c\u2003 \u200c\u2003 \u200c\u2003 \u200c\u2003 \u200c\u2003 \u200c\u2003 \u200c\u2003 \u200c\u2003 \u200c\u2003 \u200c\u2003 \u200c\u2003 \u200c\u2003 \u200c\u2003 \u200c\u2003 \u200c\u2003 \u200c\u2003 \u200c\u2003 \u200c\u2003 \u200c\u2003 \u200c\u2003 \u200c\u2003 \u200c\u2003 \u200c\u2003 \u200c\u2003 \u200c\u2003 \u200c\u2003 \u200c\u2003 \u200c\u2003 \u200c\u2003 \u200c\u2003 \u200c\u2003 \u200c\u2003 \u200c\u2003 \u200c\u2003 \u200c\u2003 \u200c\u2003 \u200c\u2003 \u200c\u2003 \u200c\u2003 \u200c\u2003 \u200c\u2003 \u200c\u2003 \u200c\u2003 \u200c\u2003 \u200c\u2003 \u200c\u2003 \u200c\u2003 \u200c\u2003 \u200c\u2003 \u200c\u2003 \u200c\u2003 \u200c\u2003 \u200c\u2003 \u200c\u2003 \u200c\u2003 \u200c\u2003 \u200c\u2003 \u200c\u2003 \u200c\u2003 \u200c\u2003 \u200c\u2003 \u200c\u2003 \u200c\u2003 \u200c\u2003 \u200c\u2003 \u200c\u2003 \u200c\u2003 \u200c\u2003 \u200c\u2003 \u200cDavid Liang你有 165 条未读通知待查看通知Pro Visa - 小老板给你发送了3条消息3个加好友请求黃枫銘和其他 2 位用户在20张照片中标记了你Ple Chatchay和其他 24 位用户有41条密友动态更新98条新通知查看通知前往\xa0Facebook这封邮件：有用|没用此邮件发给497720537@qq.com。 如果不希望再收到 Meta 的这类邮件，请退订。Meta Platforms, Inc., Attention: Community Support, 1 Meta Way, Menlo Park, CA 94025为保护你的主页安全，请勿转发这封邮件。详细了解', 'David Liang，请查看有关梁振强和黃枫銘的未读消息和其他通知。\u200c\u2003 \u200c\u2003 \u200c\u2003 \u200c\u2003 \u200c\u2003 \u200c\u2003 \u200c\u2003 \u200c\u2003 \u200c\u2003 \u200c\u2003 \u200c\u2003 \u200c\u2003 \u200c\u2003 \u200c\u2003 \u200c\u2003 \u200c\u2003 \u200c\u2003 \u200c\u2003 \u200c\u2003 \u200c\u2003 \u200c\u2003 \u200c\u2003 \u200c\u2003 \u200c\u2003 \u200c\u2003 \u200c\u2003 \u200c\u2003 \u200c\u2003 \u200c\u2003 \u200c\u2003 \u200c\u2003 \u200c\u2003 \u200c\u2003 \u200c\u2003 \u200c\u2003 \u200c\u2003 \u200c\u2003 \u200c\u2003 \u200c\u2003 \u200c\u2003 \u200c\u2003 \u200c\u2003 \u200c\u2003 \u200c\u2003 \u200c\u2003 \u200c\u2003 \u200c\u2003 \u200c\u2003 \u200c\u2003 \u200c\u2003 \u200c\u2003 \u200c\u2003 \u200c\u2003 \u200c\u2003 \u200c\u2003 \u200c\u2003 \u200c\u2003 \u200c\u2003 \u200c\u2003 \u200c\u2003 \u200c\u2003 \u200c\u2003 \u200c\u2003 \u200c\u2003 \u200c\u2003 \u200c\u2003 \u200c\u2003 \u200c\u2003 \u200c\u2003 \u200c\u2003 \u200c\u2003 \u200c\u2003 \u200c\u2003 \u200c\u2003 \u200c\u2003 \u200c\u2003 \u200c\u2003 \u200c\u2003 \u200c\u2003 \u200c\u2003 \u200c\u2003 \u200c\u2003 \u200c\u2003 \u200c\u2003 \u200c\u2003 \u200c\u2003 \u200c\u2003 \u200c\u2003 \u200c\u2003 \u200c\u2003 \u200c\u2003 \u200c\u2003 \u200c\u2003 \u200c\u2003 \u200c\u2003 \u200c\u2003 \u200c\u2003 \u200c\u2003 \u200c\u2003 \u200c\u2003 \u200c\u2003 \u200c\u2003 \u200c\u2003 \u200c\u2003 \u200c\u2003 \u200c\u2003 \u200c\u2003 \u200c\u2003 \u200c\u2003 \u200c\u2003 \u200c\u2003 \u200c\u2003 \u200c\u2003 \u200c\u2003 \u200c\u2003 \u200c\u2003 \u200c\u2003 \u200c\u2003 \u200c\u2003 \u200c\u2003 \u200c\u2003 \u200c\u2003 \u200c\u2003 \u200c\u2003 \u200c\u2003 \u200c\u2003 \u200c\u2003 \u200c\u2003 \u200c\u2003 \u200c\u2003 \u200c\u2003 \u200c\u2003 \u200c\u2003 \u200c\u2003 \u200c\u2003 \u200c\u2003 \u200c\u2003 \u200c\u2003 \u200c\u2003 \u200c\u2003 \u200c\u2003 \u200c\u2003 \u200c\u2003 \u200c\u2003 \u200c\u2003 \u200c\u2003 \u200c\u2003 \u200c\u2003 \u200c\u2003 \u200c\u2003 \u200c\u2003 \u200c\u2003 \u200c\u2003 \u200c\u2003 \u200c\u2003 \u200c\u2003 \u200c\u2003 \u200c\u2003 \u200c\u2003 \u200c\u2003 \u200c\u2003 \u200c\u2003 \u200c\u2003 \u200c\u2003 \u200c\u2003 \u200c\u2003 \u200c\u2003 \u200c\u2003 \u200c\u2003 \u200c\u2003 \u200c\u2003 \u200c\u2003 \u200c\u2003 \u200c\u2003 \u200c\u2003 \u200c\u2003 \u200c\u2003 \u200c\u2003 \u200c\u2003 \u200c\u2003 \u200c\u2003 \u200c\u2003 \u200c\u2003 \u200c\u2003 \u200c\u2003 \u200c\u2003 \u200c\u2003 \u200c\u2003 \u200c\u2003 \u200c\u2003 \u200c\u2003 \u200c\u2003 \u200c\u2003 \u200c\u2003 \u200c\u2003 \u200c\u2003 \u200c\u2003 \u200c\u2003 \u200c\u2003 \u200c\u2003 \u200c\u2003 \u200c\u2003 \u200c\u2003 \u200c\u2003 \u200c\u2003 \u200c\u2003 \u200c\u2003 \u200c\u2003 \u200c\u2003 \u200c\u2003 \u200c\u2003 \u200c\u2003 \u200c\u2003 \u200c\u2003 \u200c\u2003 \u200c\u2003 \u200c\u2003 \u200c\u2003 \u200c\u2003 \u200c\u2003 \u200c\u2003 \u200c\u2003 \u200c\u2003 \u200c\u2003 \u200c\u2003 \u200c\u2003 \u200c\u2003 \u200c\u2003 \u200c\u2003 \u200c\u2003 \u200c\u2003 \u200c\u2003 \u200c\u2003 \u200c\u2003 \u200c\u2003 \u200c\u2003 \u200c\u2003 \u200c\u2003 \u200c\u2003 \u200c\u2003 \u200c\u2003 \u200c\u2003 \u200c\u2003 \u200c\u2003 \u200c\u2003 \u200c\u2003 \u200c\u2003 \u200c\u2003 \u200c\u2003 \u200c\u2003 \u200c\u2003 \u200c\u2003 \u200c\u2003 \u200c\u2003 \u200c\u2003 \u200c\u2003 \u200c\u2003 \u200c\u2003 \u200c\u2003 \u200c\u2003 \u200c\u2003 \u200c\u2003 \u200c\u2003 \u200c\u2003 \u200c\u2003 \u200c\u2003 \u200c\u2003 \u200c\u2003 \u200c\u2003 \u200c\u2003 \u200c\u2003 \u200c\u2003 \u200c\u2003 \u200c\u2003 \u200c\u2003 \u200c\u2003 \u200c\u2003 \u200c\u2003 \u200c\u2003 \u200c\u2003 \u200c\u2003 \u200c\u2003 \u200c\u2003 \u200c\u2003 \u200c\u2003 \u200c\u2003 \u200c\u2003 \u200c\u2003 \u200c\u2003 \u200c\u2003 \u200c\u2003 \u200c\u2003 \u200c\u2003 \u200c\u2003 \u200c\u2003 \u200c\u2003 \u200c\u2003 \u200c\u2003 \u200c\u2003 \u200cDavid Liang你有 165 条未读通知待查看通知Pro Visa - 小老板给你发送了3条消息3个加好友请求黃枫銘和其他 2 位用户在20张照片中标记了你Ple Chatchay和其他 24 位用户有41条密友动态更新98条新通知查看通知前往\xa0Facebook这封邮件：有用|没用此邮件发给497720537@qq.com。 如果不希望再收到 Meta 的这类邮件，请退订。Meta Platforms, Inc., Attention: Community Support, 1 Meta Way, Menlo Park, CA 94025为保护你的主页安全，请勿转发这封邮件。详细了解', '', 'David Liang，请查看有关梁振强和黃枫銘的未读消息和其他通知。\u200c\u2003 \u200c\u2003 \u200c\u2003 \u200c\u2003 \u200c\u2003 \u200c\u2003 \u200c\u2003 \u200c\u2003 \u200c\u2003 \u200c\u2003 \u200c\u2003 \u200c\u2003 \u200c\u2003 \u200c\u2003 \u200c\u2003 \u200c\u2003 \u200c\u2003 \u200c\u2003 \u200c\u2003 \u200c\u2003 \u200c\u2003 \u200c\u2003 \u200c\u2003 \u200c\u2003 \u200c\u2003 \u200c\u2003 \u200c\u2003 \u200c\u2003 \u200c\u2003 \u200c\u2003 \u200c\u2003 \u200c\u2003 \u200c\u2003 \u200c\u2003 \u200c\u2003 \u200c\u2003 \u200c\u2003 \u200c\u2003 \u200c\u2003 \u200c\u2003 \u200c\u2003 \u200c\u2003 \u200c\u2003 \u200c\u2003 \u200c\u2003 \u200c\u2003 \u200c\u2003 \u200c\u2003 \u200c\u2003 \u200c\u2003 \u200c\u2003 \u200c\u2003 \u200c\u2003 \u200c\u2003 \u200c\u2003 \u200c\u2003 \u200c\u2003 \u200c\u2003 \u200c\u2003 \u200c\u2003 \u200c\u2003 \u200c\u2003 \u200c\u2003 \u200c\u2003 \u200c\u2003 \u200c\u2003 \u200c\u2003 \u200c\u2003 \u200c\u2003 \u200c\u2003 \u200c\u2003 \u200c\u2003 \u200c\u2003 \u200c\u2003 \u200c\u2003 \u200c\u2003 \u200c\u2003 \u200c\u2003 \u200c\u2003 \u200c\u2003 \u200c\u2003 \u200c\u2003 \u200c\u2003 \u200c\u2003 \u200c\u2003 \u200c\u2003 \u200c\u2003 \u200c\u2003 \u200c\u2003 \u200c\u2003 \u200c\u2003 \u200c\u2003 \u200c\u2003 \u200c\u2003 \u200c\u2003 \u200c\u2003 \u200c\u2003 \u200c\u2003 \u200c\u2003 \u200c\u2003 \u200c\u2003 \u200c\u2003 \u200c\u2003 \u200c\u2003 \u200c\u2003 \u200c\u2003 \u200c\u2003 \u200c\u2003 \u200c\u2003 \u200c\u2003 \u200c\u2003 \u200c\u2003 \u200c\u2003 \u200c\u2003 \u200c\u2003 \u200c\u2003 \u200c\u2003 \u200c\u2003 \u200c\u2003 \u200c\u2003 \u200c\u2003 \u200c\u2003 \u200c\u2003 \u200c\u2003 \u200c\u2003 \u200c\u2003 \u200c\u2003 \u200c\u2003 \u200c\u2003 \u200c\u2003 \u200c\u2003 \u200c\u2003 \u200c\u2003 \u200c\u2003 \u200c\u2003 \u200c\u2003 \u200c\u2003 \u200c\u2003 \u200c\u2003 \u200c\u2003 \u200c\u2003 \u200c\u2003 \u200c\u2003 \u200c\u2003 \u200c\u2003 \u200c\u2003 \u200c\u2003 \u200c\u2003 \u200c\u2003 \u200c\u2003 \u200c\u2003 \u200c\u2003 \u200c\u2003 \u200c\u2003 \u200c\u2003 \u200c\u2003 \u200c\u2003 \u200c\u2003 \u200c\u2003 \u200c\u2003 \u200c\u2003 \u200c\u2003 \u200c\u2003 \u200c\u2003 \u200c\u2003 \u200c\u2003 \u200c\u2003 \u200c\u2003 \u200c\u2003 \u200c\u2003 \u200c\u2003 \u200c\u2003 \u200c\u2003 \u200c\u2003 \u200c\u2003 \u200c\u2003 \u200c\u2003 \u200c\u2003 \u200c\u2003 \u200c\u2003 \u200c\u2003 \u200c\u2003 \u200c\u2003 \u200c\u2003 \u200c\u2003 \u200c\u2003 \u200c\u2003 \u200c\u2003 \u200c\u2003 \u200c\u2003 \u200c\u2003 \u200c\u2003 \u200c\u2003 \u200c\u2003 \u200c\u2003 \u200c\u2003 \u200c\u2003 \u200c\u2003 \u200c\u2003 \u200c\u2003 \u200c\u2003 \u200c\u2003 \u200c\u2003 \u200c\u2003 \u200c\u2003 \u200c\u2003 \u200c\u2003 \u200c\u2003 \u200c\u2003 \u200c\u2003 \u200c\u2003 \u200c\u2003 \u200c\u2003 \u200c\u2003 \u200c\u2003 \u200c\u2003 \u200c\u2003 \u200c\u2003 \u200c\u2003 \u200c\u2003 \u200c\u2003 \u200c\u2003 \u200c\u2003 \u200c\u2003 \u200c\u2003 \u200c\u2003 \u200c\u2003 \u200c\u2003 \u200c\u2003 \u200c\u2003 \u200c\u2003 \u200c\u2003 \u200c\u2003 \u200c\u2003 \u200c\u2003 \u200c\u2003 \u200c\u2003 \u200c\u2003 \u200c\u2003 \u200c\u2003 \u200c\u2003 \u200c\u2003 \u200c\u2003 \u200c\u2003 \u200c\u2003 \u200c\u2003 \u200c\u2003 \u200c\u2003 \u200c\u2003 \u200c\u2003 \u200c\u2003 \u200c\u2003 \u200c\u2003 \u200c\u2003 \u200c\u2003 \u200c\u2003 \u200c\u2003 \u200c\u2003 \u200c\u2003 \u200c\u2003 \u200c\u2003 \u200c\u2003 \u200c\u2003 \u200c\u2003 \u200c\u2003 \u200c\u2003 \u200c\u2003 \u200c\u2003 \u200c\u2003 \u200c\u2003 \u200c\u2003 \u200c\u2003 \u200c\u2003 \u200c\u2003 \u200c\u2003 \u200c\u2003 \u200c\u2003 \u200c\u2003 \u200c\u2003 \u200c\u2003 \u200c\u2003 \u200c\u2003 \u200c\u2003 \u200c\u2003 \u200c\u2003 \u200c\u2003 \u200c\u2003 \u200c\u2003 \u200c\u2003 \u200c\u2003 \u200c\u2003 \u200c\u2003 \u200c\u2003 \u200c\u2003 \u200c\u2003 \u200c\u2003 \u200c\u2003 \u200c\u2003 \u200c\u2003 \u200c', '', 'David Liang', '', '', 'David Liang', 'David Liang', '', '', '', '', '', '你有 165 条未读通知待查看通知Pro Visa - 小老板给你发送了3条消息3个加好友请求黃枫銘和其他 2 位用户在20张照片中标记了你Ple Chatchay和其他 24 位用户有41条密友动态更新98条新通知', '', '你有 165 条未读通知待查看', '', '通知Pro Visa - 小老板给你发送了3条消息3个加好友请求黃枫銘和其他 2 位用户在20张照片中标记了你Ple Chatchay和其他 24 位用户有41条密友动态更新98条新通知', 'Pro Visa - 小老板给你发送了3条消息', '', '', 'Pro Visa - 小老板给你发送了3条消息', 'Pro Visa - 小老板给你发送了3条消息', '', '3个加好友请求', '', '', '3个加好友请求', '3个加好友请求', '', '黃枫銘和其他 2 位用户在20张照片中标记了你', '', '', '黃枫銘和其他 2 位用户在20张照片中标记了你', '黃枫銘和其他 2 位用户在20张照片中标记了你', '', '', '', 'Ple Chatchay和其他 24 位用户有41条密友动态更新', '', '', 'Ple Chatchay和其他 24 位用户有41条密友动态更新', 'Ple Chatchay和其他 24 位用户有41条密友动态更新', '', '', '', '', '', '98条新通知', '', '', '98条新通知', '98条新通知', '', '', '', '', '查看通知前往\xa0Facebook', '', '查看通知', '查看通知', '', '前往\xa0Facebook', '前往\xa0Facebook', '', '', '', '', '这封邮件：有用|没用', '这封邮件：有用|没用', '', '', '', '此邮件发给497720537@qq.com。 如果不希望再收到 Meta 的这类邮件，请退订。Meta Platforms, Inc., Attention: Community Support, 1 Meta Way, Menlo Park, CA 94025', '', '此邮件发给497720537@qq.com。 如果不希望再收到 Meta 的这类邮件，请退订。Meta Platforms, Inc., Attention: Community Support, 1 Meta Way, Menlo Park, CA 94025', '', '', '为保护你的主页安全，请勿转发这封邮件。详细了解', '为保护你的主页安全，请勿转发这封邮件。详细了解', '', '']
[2026-06-26 11:06:51] QQ-主 邮件 4876 无有效信号
[2026-06-26 11:06:51]  正在连接 QQ-备用 邮箱服务器 (shouqianbadavid@qq.com) ...
[2026-06-26 11:07:27]  正在连接 QQ-主 邮箱服务器 (497720537@qq.com) ...
[2026-06-26 11:07:27]  QQ-主 正在解析因子: =?utf-8?b?QWxwaGFQaWxvdCDlrp7ml7bkv6Hlj7cgKGFscGhhX3NpZ25hbF90aHJfMjAyNjA2MjZfMTEwNi5qc29uKSBb5Li7UVEt5a+55aSWXQ==?=
[2026-06-26 11:07:27]  发现表格，共 18 行数据
[2026-06-26 11:07:27]  动态索引映射: ['股票代码', '股票名称', '信号', '当前价格', '量比', '来源过滤']
[2026-06-26 11:07:27]  [行1] 解析成功: SHSE.601138 [工业富联] BUY @ 70.93 (VR:1.56)
[2026-06-26 11:07:27]  [行2] 解析成功: SZSE.300811 [铂力特] SELL @ 96.75 (VR:1.49)
[2026-06-26 11:07:27]  [行3] 解析成功: SZSE.300308 [中际旭创] SELL @ 1241.68 (VR:3.44)
[2026-06-26 11:07:27]  [行4] 解析成功: SZSE.300346 [南大光电] BUY @ 78.0 (VR:0.98)
[2026-06-26 11:07:27]  [行5] 解析成功: SZSE.300930 [屹通新材] SELL @ 29.0 (VR:1.94)
[2026-06-26 11:07:27]  [行6] 解析成功: SZSE.300666 [江丰电子] BUY @ 343.77 (VR:0.13)
[2026-06-26 11:07:27]  [行7] 解析成功: SZSE.300259 [新天科技] SELL @ 5.76 (VR:0.25)
[2026-06-26 11:07:27]  [行8] 解析成功: SZSE.300739 [明阳电路] BUY @ 34.29 (VR:0.82)
[2026-06-26 11:07:27]  [行9] 解析成功: SZSE.301226 [祥明智能] BUY @ 30.8 (VR:3.75)
[2026-06-26 11:07:27]  [行10] 解析成功: SHSE.601138 [工业富联] BUY @ 70.97 (VR:1.17)
[2026-06-26 11:07:27]  [行11] 解析成功: SZSE.300811 [铂力特] SELL @ 96.46 (VR:2.31)
[2026-06-26 11:07:27]  [行12] 解析成功: SZSE.300308 [中际旭创] SELL @ 1240.21 (VR:2.23)
[2026-06-26 11:07:27]  [行13] 解析成功: SZSE.300346 [南大光电] BUY @ 78.43 (VR:0.61)
[2026-06-26 11:07:27]  [行14] 解析成功: SZSE.300930 [屹通新材] SELL @ 28.99 (VR:0.14)
[2026-06-26 11:07:27]  [行15] 解析成功: SZSE.300666 [江丰电子] BUY @ 344.14 (VR:0.14)
[2026-06-26 11:07:27]  [行16] 解析成功: SZSE.300259 [新天科技] SELL @ 5.73 (VR:0.27)
[2026-06-26 11:07:27]  [行17] 解析成功: SZSE.300739 [明阳电路] BUY @ 34.49 (VR:0.68)
[2026-06-26 11:07:27]  [行18] 解析成功: SZSE.301226 [祥明智能] BUY @ 30.84 (VR:0.55)
[2026-06-26 11:07:27] 成功保存 18 条因子至: signal_batch_20260626_110727_626321.txt
[2026-06-26 11:07:27]  QQ-主 邮件 4877 处理完成
[2026-06-26 11:07:27]  QQ-主 本轮共成功处理 1 封有效信号邮件
[2026-06-26 11:07:27]  正在连接 QQ-备用 邮箱服务器 (shouqianbadavid@qq.com) ...
[2026-06-26 11:07:28]  QQ-备用 正在解析因子: =?utf-8?b?QWxwaGFQaWxvdCDlpIfku73kv6Hlj7cgKGFscGhhX3NpZ25hbF90aHJfMjAyNjA2MjZfMTEwNi5qc29uKSBb5aSHUVEt6Ieq5L+dXQ==?=
[2026-06-26 11:07:28]  发现表格，共 18 行数据
[2026-06-26 11:07:28]  动态索引映射: ['股票代码', '股票名称', '信号', '当前价格', '量比', '来源过滤']
[2026-06-26 11:07:28]  [行1] 解析成功: SHSE.601138 [工业富联] BUY @ 70.93 (VR:1.56)
[2026-06-26 11:07:28]  [行2] 解析成功: SZSE.300811 [铂力特] SELL @ 96.75 (VR:1.49)
[2026-06-26 11:07:28]  [行3] 解析成功: SZSE.300308 [中际旭创] SELL @ 1241.68 (VR:3.44)
[2026-06-26 11:07:28]  [行4] 解析成功: SZSE.300346 [南大光电] BUY @ 78.0 (VR:0.98)
[2026-06-26 11:07:28]  [行5] 解析成功: SZSE.300930 [屹通新材] SELL @ 29.0 (VR:1.94)
[2026-06-26 11:07:28]  [行6] 解析成功: SZSE.300666 [江丰电子] BUY @ 343.77 (VR:0.13)
[2026-06-26 11:07:28]  [行7] 解析成功: SZSE.300259 [新天科技] SELL @ 5.76 (VR:0.25)
[2026-06-26 11:07:28]  [行8] 解析成功: SZSE.300739 [明阳电路] BUY @ 34.29 (VR:0.82)
[2026-06-26 11:07:28]  [行9] 解析成功: SZSE.301226 [祥明智能] BUY @ 30.8 (VR:3.75)
[2026-06-26 11:07:28]  [行10] 解析成功: SHSE.601138 [工业富联] BUY @ 70.97 (VR:1.17)
[2026-06-26 11:07:28]  [行11] 解析成功: SZSE.300811 [铂力特] SELL @ 96.46 (VR:2.31)
[2026-06-26 11:07:28]  [行12] 解析成功: SZSE.300308 [中际旭创] SELL @ 1240.21 (VR:2.23)
[2026-06-26 11:07:28]  [行13] 解析成功: SZSE.300346 [南大光电] BUY @ 78.43 (VR:0.61)
[2026-06-26 11:07:28]  [行14] 解析成功: SZSE.300930 [屹通新材] SELL @ 28.99 (VR:0.14)
[2026-06-26 11:07:28]  [行15] 解析成功: SZSE.300666 [江丰电子] BUY @ 344.14 (VR:0.14)
[2026-06-26 11:07:28]  [行16] 解析成功: SZSE.300259 [新天科技] SELL @ 5.73 (VR:0.27)
[2026-06-26 11:07:28]  [行17] 解析成功: SZSE.300739 [明阳电路] BUY @ 34.49 (VR:0.68)
[2026-06-26 11:07:28]  [行18] 解析成功: SZSE.301226 [祥明智能] BUY @ 30.84 (VR:0.55)
[2026-06-26 11:07:28] 成功保存 18 条因子至: signal_batch_20260626_110728_580940.txt
[2026-06-26 11:07:28]  QQ-备用 邮件 2647 处理完成
[2026-06-26 11:07:28]  QQ-备用 本轮共成功处理 1 封有效信号邮件
[2026-06-26 11:08:03]  正在连接 QQ-主 邮箱服务器 (497720537@qq.com) ...
[2026-06-26 11:08:04]  正在连接 QQ-备用 邮箱服务器 (shouqianbadavid@qq.com) ...
[2026-06-26 11:08:39]  正在连接 QQ-主 邮箱服务器 (497720537@qq.com) ...
[2026-06-26 11:08:48]  正在连接 QQ-备用 邮箱服务器 (shouqianbadavid@qq.com) ...
[2026-06-26 11:09:24]  正在连接 QQ-主 邮箱服务器 (497720537@qq.com) ...
[2026-06-26 11:09:24]  正在连接 QQ-备用 邮箱服务器 (shouqianbadavid@qq.com) ...
[2026-06-26 11:10:00]  正在连接 QQ-主 邮箱服务器 (497720537@qq.com) ...
[2026-06-26 11:10:00]  QQ-主 正在解析因子: =?utf-8?b?QWxwaGFQaWxvdCDlrp7ml7bkv6Hlj7cgKGFscGhhX3NpZ25hbF90aHJfMjAyNjA2MjZfMTEwOS5qc29uKSBb5Li7UVEt5a+55aSWXQ==?=
[2026-06-26 11:10:00]  发现表格，共 30 行数据
[2026-06-26 11:10:00]  动态索引映射: ['股票代码', '股票名称', '信号', '当前价格', '量比', '来源过滤']
[2026-06-26 11:10:00]  [行1] 解析成功: SHSE.688110 [东芯股份] BUY @ 173.52 (VR:1.62)
[2026-06-26 11:10:00]  [行2] 解析成功: SHSE.688102 [斯瑞新材] BUY @ 43.81 (VR:0.77)
[2026-06-26 11:10:00]  [行3] 解析成功: SHSE.688521 [芯原股份] BUY @ 326.07 (VR:0.68)
[2026-06-26 11:10:00]  [行4] 解析成功: SZSE.300689 [澄天伟业] BUY @ 61.45 (VR:0.87)
[2026-06-26 11:10:00]  [行5] 解析成功: SZSE.301045 [天禄科技] BUY @ 66.4 (VR:3.42)
[2026-06-26 11:10:00]  [行6] 解析成功: SZSE.301188 [力诺药包] BUY @ 71.46 (VR:1.65)
[2026-06-26 11:10:00]  [行7] 解析成功: SZSE.300806 [斯迪克] BUY @ 114.68 (VR:0.91)
[2026-06-26 11:10:00]  [行8] 解析成功: SZSE.301322 [绿通科技] BUY @ 57.03 (VR:0.85)
[2026-06-26 11:10:00]  [行9] 解析成功: SZSE.300679 [电连技术] BUY @ 63.89 (VR:0.02)
[2026-06-26 11:10:00]  [行10] 解析成功: SZSE.300620 [光库科技] BUY @ 364.4 (VR:0.17)
[2026-06-26 11:10:00]  [行11] 解析成功: SZSE.300790 [宇瞳光学] SELL @ 27.1 (VR:0.38)
[2026-06-26 11:10:00]  [行12] 解析成功: SZSE.300990 [同飞股份] BUY @ 103.46 (VR:0.94)
[2026-06-26 11:10:00]  [行13] 解析成功: SZSE.300921 [南凌科技] BUY @ 20.81 (VR:0.28)
[2026-06-26 11:10:00]  [行14] 解析成功: SZSE.300857 [协创数据] BUY @ 329.81 (VR:0.23)
[2026-06-26 11:10:00]  [行15] 解析成功: SZSE.000636 [风华高科] BUY @ 77.87 (VR:0.52)
[2026-06-26 11:10:00]  [行16] 解析成功: SHSE.688110 [东芯股份] BUY @ 173.92 (VR:0.19)
[2026-06-26 11:10:00]  [行17] 解析成功: SHSE.688102 [斯瑞新材] BUY @ 43.86 (VR:1.58)
[2026-06-26 11:10:00]  [行18] 解析成功: SHSE.688521 [芯原股份] BUY @ 326.66 (VR:0.33)
[2026-06-26 11:10:00]  [行19] 解析成功: SZSE.300689 [澄天伟业] BUY @ 61.63 (VR:0.33)
[2026-06-26 11:10:00]  [行20] 解析成功: SZSE.301045 [天禄科技] BUY @ 66.56 (VR:2.32)
[2026-06-26 11:10:00]  [行21] 解析成功: SZSE.301188 [力诺药包] BUY @ 71.66 (VR:1.64)
[2026-06-26 11:10:00]  [行22] 解析成功: SZSE.300806 [斯迪克] BUY @ 114.94 (VR:0.6)
[2026-06-26 11:10:00]  [行23] 解析成功: SZSE.301322 [绿通科技] BUY @ 57.12 (VR:0.05)
[2026-06-26 11:10:00]  [行24] 解析成功: SZSE.300679 [电连技术] BUY @ 63.99 (VR:0.06)
[2026-06-26 11:10:00]  [行25] 解析成功: SZSE.300620 [光库科技] BUY @ 365.32 (VR:0.37)
[2026-06-26 11:10:00]  [行26] 解析成功: SZSE.300790 [宇瞳光学] SELL @ 27.08 (VR:0.91)
[2026-06-26 11:10:00]  [行27] 解析成功: SZSE.300990 [同飞股份] BUY @ 103.83 (VR:0.58)
[2026-06-26 11:10:00]  [行28] 解析成功: SZSE.300921 [南凌科技] BUY @ 20.85 (VR:0.07)
[2026-06-26 11:10:00]  [行29] 解析成功: SZSE.300857 [协创数据] BUY @ 331.59 (VR:0.6)
[2026-06-26 11:10:00]  [行30] 解析成功: SZSE.000636 [风华高科] BUY @ 78.0 (VR:0.92)
[2026-06-26 11:10:00] 成功保存 30 条因子至: signal_batch_20260626_111000_691495.txt
[2026-06-26 11:10:00]  QQ-主 邮件 4878 处理完成
[2026-06-26 11:10:00]  QQ-主 本轮共成功处理 1 封有效信号邮件
[2026-06-26 11:10:00]  正在连接 QQ-备用 邮箱服务器 (shouqianbadavid@qq.com) ...
[2026-06-26 11:10:01]  QQ-备用 正在解析因子: =?utf-8?b?QWxwaGFQaWxvdCDlpIfku73kv6Hlj7cgKGFscGhhX3NpZ25hbF90aHJfMjAyNjA2MjZfMTEwOS5qc29uKSBb5aSHUVEt6Ieq5L+dXQ==?=
[2026-06-26 11:10:01]  发现表格，共 30 行数据
[2026-06-26 11:10:01]  动态索引映射: ['股票代码', '股票名称', '信号', '当前价格', '量比', '来源过滤']
[2026-06-26 11:10:01]  [行1] 解析成功: SHSE.688110 [东芯股份] BUY @ 173.52 (VR:1.62)
[2026-06-26 11:10:01]  [行2] 解析成功: SHSE.688102 [斯瑞新材] BUY @ 43.81 (VR:0.77)
[2026-06-26 11:10:01]  [行3] 解析成功: SHSE.688521 [芯原股份] BUY @ 326.07 (VR:0.68)
[2026-06-26 11:10:01]  [行4] 解析成功: SZSE.300689 [澄天伟业] BUY @ 61.45 (VR:0.87)
[2026-06-26 11:10:01]  [行5] 解析成功: SZSE.301045 [天禄科技] BUY @ 66.4 (VR:3.42)
[2026-06-26 11:10:01]  [行6] 解析成功: SZSE.301188 [力诺药包] BUY @ 71.46 (VR:1.65)
[2026-06-26 11:10:01]  [行7] 解析成功: SZSE.300806 [斯迪克] BUY @ 114.68 (VR:0.91)
[2026-06-26 11:10:01]  [行8] 解析成功: SZSE.301322 [绿通科技] BUY @ 57.03 (VR:0.85)
[2026-06-26 11:10:01]  [行9] 解析成功: SZSE.300679 [电连技术] BUY @ 63.89 (VR:0.02)
[2026-06-26 11:10:01]  [行10] 解析成功: SZSE.300620 [光库科技] BUY @ 364.4 (VR:0.17)
[2026-06-26 11:10:01]  [行11] 解析成功: SZSE.300790 [宇瞳光学] SELL @ 27.1 (VR:0.38)
[2026-06-26 11:10:01]  [行12] 解析成功: SZSE.300990 [同飞股份] BUY @ 103.46 (VR:0.94)
[2026-06-26 11:10:01]  [行13] 解析成功: SZSE.300921 [南凌科技] BUY @ 20.81 (VR:0.28)
[2026-06-26 11:10:01]  [行14] 解析成功: SZSE.300857 [协创数据] BUY @ 329.81 (VR:0.23)
[2026-06-26 11:10:01]  [行15] 解析成功: SZSE.000636 [风华高科] BUY @ 77.87 (VR:0.52)
[2026-06-26 11:10:01]  [行16] 解析成功: SHSE.688110 [东芯股份] BUY @ 173.92 (VR:0.19)
[2026-06-26 11:10:01]  [行17] 解析成功: SHSE.688102 [斯瑞新材] BUY @ 43.86 (VR:1.58)
[2026-06-26 11:10:01]  [行18] 解析成功: SHSE.688521 [芯原股份] BUY @ 326.66 (VR:0.33)
[2026-06-26 11:10:01]  [行19] 解析成功: SZSE.300689 [澄天伟业] BUY @ 61.63 (VR:0.33)
[2026-06-26 11:10:01]  [行20] 解析成功: SZSE.301045 [天禄科技] BUY @ 66.56 (VR:2.32)
[2026-06-26 11:10:01]  [行21] 解析成功: SZSE.301188 [力诺药包] BUY @ 71.66 (VR:1.64)
[2026-06-26 11:10:01]  [行22] 解析成功: SZSE.300806 [斯迪克] BUY @ 114.94 (VR:0.6)
[2026-06-26 11:10:01]  [行23] 解析成功: SZSE.301322 [绿通科技] BUY @ 57.12 (VR:0.05)
[2026-06-26 11:10:01]  [行24] 解析成功: SZSE.300679 [电连技术] BUY @ 63.99 (VR:0.06)
[2026-06-26 11:10:01]  [行25] 解析成功: SZSE.300620 [光库科技] BUY @ 365.32 (VR:0.37)
[2026-06-26 11:10:01]  [行26] 解析成功: SZSE.300790 [宇瞳光学] SELL @ 27.08 (VR:0.91)
[2026-06-26 11:10:01]  [行27] 解析成功: SZSE.300990 [同飞股份] BUY @ 103.83 (VR:0.58)
[2026-06-26 11:10:01]  [行28] 解析成功: SZSE.300921 [南凌科技] BUY @ 20.85 (VR:0.07)
[2026-06-26 11:10:01]  [行29] 解析成功: SZSE.300857 [协创数据] BUY @ 331.59 (VR:0.6)
[2026-06-26 11:10:01]  [行30] 解析成功: SZSE.000636 [风华高科] BUY @ 78.0 (VR:0.92)
[2026-06-26 11:10:01] 成功保存 30 条因子至: signal_batch_20260626_111001_690371.txt
[2026-06-26 11:10:01]  QQ-备用 邮件 2648 处理完成
[2026-06-26 11:10:01]  QQ-备用 本轮共成功处理 1 封有效信号邮件
[2026-06-26 11:10:36]  正在连接 QQ-主 邮箱服务器 (497720537@qq.com) ...
[2026-06-26 11:10:37]  正在连接 QQ-备用 邮箱服务器 (shouqianbadavid@qq.com) ...
[2026-06-26 11:11:12]  正在连接 QQ-主 邮箱服务器 (497720537@qq.com) ...
[2026-06-26 11:11:13]  正在连接 QQ-备用 邮箱服务器 (shouqianbadavid@qq.com) ...
[2026-06-26 11:11:49]  正在连接 QQ-主 邮箱服务器 (497720537@qq.com) ...
[2026-06-26 11:11:49]  正在连接 QQ-备用 邮箱服务器 (shouqianbadavid@qq.com) ...
[2026-06-26 11:12:25]  正在连接 QQ-主 邮箱服务器 (497720537@qq.com) ...
[2026-06-26 11:12:25]  正在连接 QQ-备用 邮箱服务器 (shouqianbadavid@qq.com) ...
[2026-06-26 11:13:01]  正在连接 QQ-主 邮箱服务器 (497720537@qq.com) ...
[2026-06-26 11:13:01]  QQ-主 正在解析因子: =?utf-8?b?QWxwaGFQaWxvdCDlrp7ml7bkv6Hlj7cgKGFscGhhX3NpZ25hbF90aHJfMjAyNjA2MjZfMTExMi5qc29uKSBb5Li7UVEt5a+55aSWXQ==?=
[2026-06-26 11:13:01]  发现表格，共 24 行数据
[2026-06-26 11:13:01]  动态索引映射: ['股票代码', '股票名称', '信号', '当前价格', '量比', '来源过滤']
[2026-06-26 11:13:01]  [行1] 解析成功: SHSE.603773 [沃格光电] BUY @ 178.81 (VR:1.12)
[2026-06-26 11:13:01]  [行2] 解析成功: SHSE.603618 [杭电股份] BUY @ 51.47 (VR:8.16)
[2026-06-26 11:13:01]  [行3] 解析成功: SHSE.603175 [超颖电子] SELL @ 88.6 (VR:0.46)
[2026-06-26 11:13:01]  [行4] 解析成功: SHSE.600909 [华安证券] BUY @ 12.26 (VR:1.62)
[2026-06-26 11:13:01]  [行5] 解析成功: SHSE.600460 [士兰微] SELL @ 50.06 (VR:0.9)
[2026-06-26 11:13:01]  [行6] 解析成功: SHSE.603206 [嘉环科技] SELL @ 16.4 (VR:0.21)
[2026-06-26 11:13:01]  [行7] 解析成功: SZSE.002718 [友邦吊顶] BUY @ 111.74 (VR:0.81)
[2026-06-26 11:13:01]  [行8] 解析成功: SZSE.002378 [章源钨业] SELL @ 36.68 (VR:0.18)
[2026-06-26 11:13:01]  [行9] 解析成功: SZSE.001339 [智微智能] SELL @ 129.21 (VR:0.41)
[2026-06-26 11:13:01]  [行10] 解析成功: SZSE.000593 [德龙汇能] SELL @ 22.03 (VR:0.87)
[2026-06-26 11:13:01]  [行11] 解析成功: SZSE.002552 [宝鼎科技] BUY @ 66.99 (VR:0.92)
[2026-06-26 11:13:01]  [行12] 解析成功: SZSE.001282 [三联锻造] SELL @ 19.84 (VR:0.33)
[2026-06-26 11:13:01]  [行13] 解析成功: SHSE.603773 [沃格光电] BUY @ 179.68 (VR:0.13)
[2026-06-26 11:13:01]  [行14] 解析成功: SHSE.603618 [杭电股份] BUY @ 51.48 (VR:0.49)
[2026-06-26 11:13:01]  [行15] 解析成功: SHSE.603175 [超颖电子] SELL @ 88.5 (VR:1.52)
[2026-06-26 11:13:01]  [行16] 解析成功: SHSE.600909 [华安证券] BUY @ 12.32 (VR:3.06)
[2026-06-26 11:13:01]  [行17] 解析成功: SHSE.600460 [士兰微] SELL @ 49.9 (VR:1.32)
[2026-06-26 11:13:01]  [行18] 解析成功: SHSE.603206 [嘉环科技] SELL @ 16.35 (VR:0.46)
[2026-06-26 11:13:01]  [行19] 解析成功: SZSE.002718 [友邦吊顶] BUY @ 111.75 (VR:1.82)
[2026-06-26 11:13:01]  [行20] 解析成功: SZSE.002378 [章源钨业] SELL @ 36.67 (VR:0.86)
[2026-06-26 11:13:01]  [行21] 解析成功: SZSE.001339 [智微智能] SELL @ 128.62 (VR:1.88)
[2026-06-26 11:13:01]  [行22] 解析成功: SZSE.000593 [德龙汇能] SELL @ 21.97 (VR:1.21)
[2026-06-26 11:13:01]  [行23] 解析成功: SZSE.002552 [宝鼎科技] BUY @ 67.01 (VR:0.82)
[2026-06-26 11:13:01]  [行24] 解析成功: SZSE.001282 [三联锻造] SELL @ 19.78 (VR:0.03)
[2026-06-26 11:13:01] 成功保存 24 条因子至: signal_batch_20260626_111301_753013.txt
[2026-06-26 11:13:01]  QQ-主 邮件 4879 处理完成
[2026-06-26 11:13:01]  QQ-主 本轮共成功处理 1 封有效信号邮件
[2026-06-26 11:13:01]  正在连接 QQ-备用 邮箱服务器 (shouqianbadavid@qq.com) ...
[2026-06-26 11:13:37]  正在连接 QQ-主 邮箱服务器 (497720537@qq.com) ...
[2026-06-26 11:13:45]  正在连接 QQ-备用 邮箱服务器 (shouqianbadavid@qq.com) ...
[2026-06-26 11:13:46]  QQ-备用 正在解析因子: =?utf-8?b?QWxwaGFQaWxvdCDlpIfku73kv6Hlj7cgKGFscGhhX3NpZ25hbF90aHJfMjAyNjA2MjZfMTExMi5qc29uKSBb5aSHUVEt6Ieq5L+dXQ==?=
[2026-06-26 11:13:46]  发现表格，共 24 行数据
[2026-06-26 11:13:46]  动态索引映射: ['股票代码', '股票名称', '信号', '当前价格', '量比', '来源过滤']
[2026-06-26 11:13:46]  [行1] 解析成功: SHSE.603773 [沃格光电] BUY @ 178.81 (VR:1.12)
[2026-06-26 11:13:46]  [行2] 解析成功: SHSE.603618 [杭电股份] BUY @ 51.47 (VR:8.16)
[2026-06-26 11:13:46]  [行3] 解析成功: SHSE.603175 [超颖电子] SELL @ 88.6 (VR:0.46)
[2026-06-26 11:13:46]  [行4] 解析成功: SHSE.600909 [华安证券] BUY @ 12.26 (VR:1.62)
[2026-06-26 11:13:46]  [行5] 解析成功: SHSE.600460 [士兰微] SELL @ 50.06 (VR:0.9)
[2026-06-26 11:13:46]  [行6] 解析成功: SHSE.603206 [嘉环科技] SELL @ 16.4 (VR:0.21)
[2026-06-26 11:13:46]  [行7] 解析成功: SZSE.002718 [友邦吊顶] BUY @ 111.74 (VR:0.81)
[2026-06-26 11:13:46]  [行8] 解析成功: SZSE.002378 [章源钨业] SELL @ 36.68 (VR:0.18)
[2026-06-26 11:13:46]  [行9] 解析成功: SZSE.001339 [智微智能] SELL @ 129.21 (VR:0.41)
[2026-06-26 11:13:46]  [行10] 解析成功: SZSE.000593 [德龙汇能] SELL @ 22.03 (VR:0.87)
[2026-06-26 11:13:46]  [行11] 解析成功: SZSE.002552 [宝鼎科技] BUY @ 66.99 (VR:0.92)
[2026-06-26 11:13:46]  [行12] 解析成功: SZSE.001282 [三联锻造] SELL @ 19.84 (VR:0.33)
[2026-06-26 11:13:46]  [行13] 解析成功: SHSE.603773 [沃格光电] BUY @ 179.68 (VR:0.13)
[2026-06-26 11:13:46]  [行14] 解析成功: SHSE.603618 [杭电股份] BUY @ 51.48 (VR:0.49)
[2026-06-26 11:13:46]  [行15] 解析成功: SHSE.603175 [超颖电子] SELL @ 88.5 (VR:1.52)
[2026-06-26 11:13:46]  [行16] 解析成功: SHSE.600909 [华安证券] BUY @ 12.32 (VR:3.06)
[2026-06-26 11:13:46]  [行17] 解析成功: SHSE.600460 [士兰微] SELL @ 49.9 (VR:1.32)
[2026-06-26 11:13:46]  [行18] 解析成功: SHSE.603206 [嘉环科技] SELL @ 16.35 (VR:0.46)
[2026-06-26 11:13:46]  [行19] 解析成功: SZSE.002718 [友邦吊顶] BUY @ 111.75 (VR:1.82)
[2026-06-26 11:13:46]  [行20] 解析成功: SZSE.002378 [章源钨业] SELL @ 36.67 (VR:0.86)
[2026-06-26 11:13:46]  [行21] 解析成功: SZSE.001339 [智微智能] SELL @ 128.62 (VR:1.88)
[2026-06-26 11:13:46]  [行22] 解析成功: SZSE.000593 [德龙汇能] SELL @ 21.97 (VR:1.21)
[2026-06-26 11:13:46]  [行23] 解析成功: SZSE.002552 [宝鼎科技] BUY @ 67.01 (VR:0.82)
[2026-06-26 11:13:46]  [行24] 解析成功: SZSE.001282 [三联锻造] SELL @ 19.78 (VR:0.03)
[2026-06-26 11:13:46] 成功保存 24 条因子至: signal_batch_20260626_111346_548263.txt
[2026-06-26 11:13:46]  QQ-备用 邮件 2649 处理完成
[2026-06-26 11:13:46]  QQ-备用 本轮共成功处理 1 封有效信号邮件
[2026-06-26 11:14:21]  正在连接 QQ-主 邮箱服务器 (497720537@qq.com) ...
[2026-06-26 11:14:22]  正在连接 QQ-备用 邮箱服务器 (shouqianbadavid@qq.com) ...
[2026-06-26 11:14:57]  正在连接 QQ-主 邮箱服务器 (497720537@qq.com) ...
[2026-06-26 11:14:58]  正在连接 QQ-备用 邮箱服务器 (shouqianbadavid@qq.com) ...
[2026-06-26 11:15:33]  正在连接 QQ-主 邮箱服务器 (497720537@qq.com) ...
[2026-06-26 11:15:34]  QQ-主 正在解析因子: =?utf-8?b?QWxwaGFQaWxvdCDlrp7ml7bkv6Hlj7cgKGFscGhhX3NpZ25hbF90aHJfMjAyNjA2MjZfMTExNS5qc29uKSBb5Li7UVEt5a+55aSWXQ==?=
[2026-06-26 11:15:34]  发现表格，共 14 行数据
[2026-06-26 11:15:34]  动态索引映射: ['股票代码', '股票名称', '信号', '当前价格', '量比', '来源过滤']
[2026-06-26 11:15:34]  [行1] 解析成功: SHSE.688700 [东威科技] BUY @ 91.47 (VR:1.73)
[2026-06-26 11:15:34]  [行2] 解析成功: SHSE.688777 [中控技术] BUY @ 115.44 (VR:1.21)
[2026-06-26 11:15:34]  [行3] 解析成功: SHSE.688286 [敏芯股份] BUY @ 102.1 (VR:0.47)
[2026-06-26 11:15:34]  [行4] 解析成功: SHSE.688511 [天微电子] BUY @ 29.41 (VR:1.09)
[2026-06-26 11:15:34]  [行5] 解析成功: SZSE.002980 [华盛昌] SELL @ 121.91 (VR:4.09)
[2026-06-26 11:15:34]  [行6] 解析成功: SZSE.301392 [汇成真空] BUY @ 242.58 (VR:0.61)
[2026-06-26 11:15:34]  [行7] 解析成功: SZSE.300234 [开尔新材] SELL @ 11.09 (VR:1.13)
[2026-06-26 11:15:34]  [行8] 解析成功: SHSE.688700 [东威科技] BUY @ 91.7 (VR:1.23)
[2026-06-26 11:15:34]  [行9] 解析成功: SHSE.688777 [中控技术] BUY @ 115.64 (VR:0.39)
[2026-06-26 11:15:34]  [行10] 解析成功: SHSE.688286 [敏芯股份] BUY @ 102.18 (VR:2.91)
[2026-06-26 11:15:34]  [行11] 解析成功: SHSE.688511 [天微电子] BUY @ 29.46 (VR:0.22)
[2026-06-26 11:15:34]  [行12] 解析成功: SZSE.002980 [华盛昌] SELL @ 121.86 (VR:2.83)
[2026-06-26 11:15:34]  [行13] 解析成功: SZSE.301392 [汇成真空] BUY @ 243.58 (VR:0.81)
[2026-06-26 11:15:34]  [行14] 解析成功: SZSE.300234 [开尔新材] SELL @ 11.08 (VR:1.06)
[2026-06-26 11:15:34] 成功保存 14 条因子至: signal_batch_20260626_111534_472566.txt
[2026-06-26 11:15:34]  QQ-主 邮件 4880 处理完成
[2026-06-26 11:15:34]  QQ-主 本轮共成功处理 1 封有效信号邮件
[2026-06-26 11:15:34]  正在连接 QQ-备用 邮箱服务器 (shouqianbadavid@qq.com) ...
[2026-06-26 11:16:10]  正在连接 QQ-主 邮箱服务器 (497720537@qq.com) ...
[2026-06-26 11:16:14]  正在连接 QQ-备用 邮箱服务器 (shouqianbadavid@qq.com) ...
[2026-06-26 11:16:15]  QQ-备用 正在解析因子: =?utf-8?b?QWxwaGFQaWxvdCDlpIfku73kv6Hlj7cgKGFscGhhX3NpZ25hbF90aHJfMjAyNjA2MjZfMTExNS5qc29uKSBb5aSHUVEt6Ieq5L+dXQ==?=
[2026-06-26 11:16:15]  发现表格，共 14 行数据
[2026-06-26 11:16:15]  动态索引映射: ['股票代码', '股票名称', '信号', '当前价格', '量比', '来源过滤']
[2026-06-26 11:16:15]  [行1] 解析成功: SHSE.688700 [东威科技] BUY @ 91.47 (VR:1.73)
[2026-06-26 11:16:15]  [行2] 解析成功: SHSE.688777 [中控技术] BUY @ 115.44 (VR:1.21)
[2026-06-26 11:16:15]  [行3] 解析成功: SHSE.688286 [敏芯股份] BUY @ 102.1 (VR:0.47)
[2026-06-26 11:16:15]  [行4] 解析成功: SHSE.688511 [天微电子] BUY @ 29.41 (VR:1.09)
[2026-06-26 11:16:15]  [行5] 解析成功: SZSE.002980 [华盛昌] SELL @ 121.91 (VR:4.09)
[2026-06-26 11:16:15]  [行6] 解析成功: SZSE.301392 [汇成真空] BUY @ 242.58 (VR:0.61)
[2026-06-26 11:16:15]  [行7] 解析成功: SZSE.300234 [开尔新材] SELL @ 11.09 (VR:1.13)
[2026-06-26 11:16:15]  [行8] 解析成功: SHSE.688700 [东威科技] BUY @ 91.7 (VR:1.23)
[2026-06-26 11:16:15]  [行9] 解析成功: SHSE.688777 [中控技术] BUY @ 115.64 (VR:0.39)
[2026-06-26 11:16:15]  [行10] 解析成功: SHSE.688286 [敏芯股份] BUY @ 102.18 (VR:2.91)
[2026-06-26 11:16:15]  [行11] 解析成功: SHSE.688511 [天微电子] BUY @ 29.46 (VR:0.22)
[2026-06-26 11:16:15]  [行12] 解析成功: SZSE.002980 [华盛昌] SELL @ 121.86 (VR:2.83)
[2026-06-26 11:16:15]  [行13] 解析成功: SZSE.301392 [汇成真空] BUY @ 243.58 (VR:0.81)
[2026-06-26 11:16:15]  [行14] 解析成功: SZSE.300234 [开尔新材] SELL @ 11.08 (VR:1.06)
[2026-06-26 11:16:15] 成功保存 14 条因子至: signal_batch_20260626_111615_130782.txt
[2026-06-26 11:16:15]  QQ-备用 邮件 2650 处理完成
[2026-06-26 11:16:15]  QQ-备用 本轮共成功处理 1 封有效信号邮件
[2026-06-26 11:16:50]  正在连接 QQ-主 邮箱服务器 (497720537@qq.com) ...
[2026-06-26 11:16:50]  正在连接 QQ-备用 邮箱服务器 (shouqianbadavid@qq.com) ...
[2026-06-26 11:17:26]  正在连接 QQ-主 邮箱服务器 (497720537@qq.com) ...
[2026-06-26 11:17:26]  正在连接 QQ-备用 邮箱服务器 (shouqianbadavid@qq.com) ...
[2026-06-26 11:18:02]  正在连接 QQ-主 邮箱服务器 (497720537@qq.com) ...
[2026-06-26 11:18:02]  QQ-主 正在解析因子: =?utf-8?b?QWxwaGFQaWxvdCDlrp7ml7bkv6Hlj7cgKGFscGhhX3NpZ25hbF90aHJfMjAyNjA2MjZfMTExNy5qc29uKSBb5Li7UVEt5a+55aSWXQ==?=
[2026-06-26 11:18:02]  发现表格，共 34 行数据
[2026-06-26 11:18:02]  动态索引映射: ['股票代码', '股票名称', '信号', '当前价格', '量比', '来源过滤']
[2026-06-26 11:18:02]  [行1] 解析成功: SHSE.688216 [气派科技] BUY @ 38.36 (VR:0.67)
[2026-06-26 11:18:02]  [行2] 解析成功: SHSE.688308 [欧科亿] SELL @ 180.07 (VR:0.33)
[2026-06-26 11:18:02]  [行3] 解析成功: SHSE.688733 [壹石通] BUY @ 38.8 (VR:1.88)
[2026-06-26 11:18:02]  [行4] 解析成功: SHSE.688138 [清溢光电] SELL @ 41.96 (VR:1.04)
[2026-06-26 11:18:02]  [行5] 解析成功: SZSE.300196 [长海股份] BUY @ 32.03 (VR:0.65)
[2026-06-26 11:18:02]  [行6] 解析成功: SZSE.300088 [长信科技] BUY @ 11.75 (VR:0.96)
[2026-06-26 11:18:02]  [行7] 解析成功: SZSE.300709 [精研科技] BUY @ 62.12 (VR:1.74)
[2026-06-26 11:18:02]  [行8] 解析成功: SZSE.301362 [民爆光电] BUY @ 189.9 (VR:0.39)
[2026-06-26 11:18:02]  [行9] 解析成功: SZSE.300221 [银禧科技] BUY @ 15.46 (VR:2.97)
[2026-06-26 11:18:02]  [行10] 解析成功: SZSE.300420 [五洋自控] BUY @ 9.04 (VR:3.68)
[2026-06-26 11:18:02]  [行11] 解析成功: SZSE.301323 [新莱福] BUY @ 79.92 (VR:0.09)
[2026-06-26 11:18:02]  [行12] 解析成功: SZSE.300661 [圣邦股份] BUY @ 130.65 (VR:0.49)
[2026-06-26 11:18:02]  [行13] 解析成功: SZSE.300780 [德恩精工] BUY @ 33.7 (VR:0.31)
[2026-06-26 11:18:02]  [行14] 解析成功: SZSE.301195 [北路智控] BUY @ 26.78 (VR:0.23)
[2026-06-26 11:18:02]  [行15] 解析成功: SZSE.301183 [东田微] BUY @ 248.84 (VR:0.87)
[2026-06-26 11:18:02]  [行16] 解析成功: SZSE.300304 [云意电气] BUY @ 18.94 (VR:0.32)
[2026-06-26 11:18:02]  [行17] 解析成功: SZSE.300852 [四会富仕] BUY @ 56.71 (VR:0.21)
[2026-06-26 11:18:02]  [行18] 解析成功: SHSE.688216 [气派科技] BUY @ 38.53 (VR:0.89)
[2026-06-26 11:18:02]  [行19] 解析成功: SHSE.688308 [欧科亿] SELL @ 180.0 (VR:0.35)
[2026-06-26 11:18:02]  [行20] 解析成功: SHSE.688733 [壹石通] BUY @ 38.82 (VR:1.03)
[2026-06-26 11:18:02]  [行21] 解析成功: SHSE.688138 [清溢光电] SELL @ 41.52 (VR:1.47)
[2026-06-26 11:18:02]  [行22] 解析成功: SZSE.300196 [长海股份] BUY @ 32.04 (VR:1.06)
[2026-06-26 11:18:02]  [行23] 解析成功: SZSE.300088 [长信科技] BUY @ 11.8 (VR:0.01)
[2026-06-26 11:18:02]  [行24] 解析成功: SZSE.300709 [精研科技] BUY @ 62.19 (VR:0.58)
[2026-06-26 11:18:02]  [行25] 解析成功: SZSE.301362 [民爆光电] BUY @ 190.02 (VR:0.06)
[2026-06-26 11:18:02]  [行26] 解析成功: SZSE.300221 [银禧科技] BUY @ 15.48 (VR:0.09)
[2026-06-26 11:18:02]  [行27] 解析成功: SZSE.300420 [五洋自控] BUY @ 9.07 (VR:0.26)
[2026-06-26 11:18:02]  [行28] 解析成功: SZSE.301323 [新莱福] BUY @ 80.0 (VR:0.27)
[2026-06-26 11:18:02]  [行29] 解析成功: SZSE.300661 [圣邦股份] BUY @ 131.28 (VR:1.49)
[2026-06-26 11:18:02]  [行30] 解析成功: SZSE.300780 [德恩精工] BUY @ 33.78 (VR:1.56)
[2026-06-26 11:18:02]  [行31] 解析成功: SZSE.301195 [北路智控] BUY @ 26.8 (VR:0.41)
[2026-06-26 11:18:02]  [行32] 解析成功: SZSE.301183 [东田微] BUY @ 249.28 (VR:0.69)
[2026-06-26 11:18:02]  [行33] 解析成功: SZSE.300304 [云意电气] BUY @ 18.96 (VR:0.19)
[2026-06-26 11:18:02]  [行34] 解析成功: SZSE.300852 [四会富仕] BUY @ 56.72 (VR:0.37)
[2026-06-26 11:18:02] 成功保存 34 条因子至: signal_batch_20260626_111802_870369.txt
[2026-06-26 11:18:03]  QQ-主 邮件 4881 处理完成
[2026-06-26 11:18:03]  QQ-主 本轮共成功处理 1 封有效信号邮件
[2026-06-26 11:18:03]  正在连接 QQ-备用 邮箱服务器 (shouqianbadavid@qq.com) ...
[2026-06-26 11:18:38]  正在连接 QQ-主 邮箱服务器 (497720537@qq.com) ...
[2026-06-26 11:18:42]  正在连接 QQ-备用 邮箱服务器 (shouqianbadavid@qq.com) ...
[2026-06-26 11:18:43]  QQ-备用 正在解析因子: =?utf-8?b?QWxwaGFQaWxvdCDlpIfku73kv6Hlj7cgKGFscGhhX3NpZ25hbF90aHJfMjAyNjA2MjZfMTExNy5qc29uKSBb5aSHUVEt6Ieq5L+dXQ==?=
[2026-06-26 11:18:43]  发现表格，共 34 行数据
[2026-06-26 11:18:43]  动态索引映射: ['股票代码', '股票名称', '信号', '当前价格', '量比', '来源过滤']
[2026-06-26 11:18:43]  [行1] 解析成功: SHSE.688216 [气派科技] BUY @ 38.36 (VR:0.67)
[2026-06-26 11:18:43]  [行2] 解析成功: SHSE.688308 [欧科亿] SELL @ 180.07 (VR:0.33)
[2026-06-26 11:18:43]  [行3] 解析成功: SHSE.688733 [壹石通] BUY @ 38.8 (VR:1.88)
[2026-06-26 11:18:43]  [行4] 解析成功: SHSE.688138 [清溢光电] SELL @ 41.96 (VR:1.04)
[2026-06-26 11:18:43]  [行5] 解析成功: SZSE.300196 [长海股份] BUY @ 32.03 (VR:0.65)
[2026-06-26 11:18:43]  [行6] 解析成功: SZSE.300088 [长信科技] BUY @ 11.75 (VR:0.96)
[2026-06-26 11:18:43]  [行7] 解析成功: SZSE.300709 [精研科技] BUY @ 62.12 (VR:1.74)
[2026-06-26 11:18:43]  [行8] 解析成功: SZSE.301362 [民爆光电] BUY @ 189.9 (VR:0.39)
[2026-06-26 11:18:43]  [行9] 解析成功: SZSE.300221 [银禧科技] BUY @ 15.46 (VR:2.97)
[2026-06-26 11:18:43]  [行10] 解析成功: SZSE.300420 [五洋自控] BUY @ 9.04 (VR:3.68)
[2026-06-26 11:18:43]  [行11] 解析成功: SZSE.301323 [新莱福] BUY @ 79.92 (VR:0.09)
[2026-06-26 11:18:43]  [行12] 解析成功: SZSE.300661 [圣邦股份] BUY @ 130.65 (VR:0.49)
[2026-06-26 11:18:43]  [行13] 解析成功: SZSE.300780 [德恩精工] BUY @ 33.7 (VR:0.31)
[2026-06-26 11:18:43]  [行14] 解析成功: SZSE.301195 [北路智控] BUY @ 26.78 (VR:0.23)
[2026-06-26 11:18:43]  [行15] 解析成功: SZSE.301183 [东田微] BUY @ 248.84 (VR:0.87)
[2026-06-26 11:18:43]  [行16] 解析成功: SZSE.300304 [云意电气] BUY @ 18.94 (VR:0.32)
[2026-06-26 11:18:43]  [行17] 解析成功: SZSE.300852 [四会富仕] BUY @ 56.71 (VR:0.21)
[2026-06-26 11:18:43]  [行18] 解析成功: SHSE.688216 [气派科技] BUY @ 38.53 (VR:0.89)
[2026-06-26 11:18:43]  [行19] 解析成功: SHSE.688308 [欧科亿] SELL @ 180.0 (VR:0.35)
[2026-06-26 11:18:43]  [行20] 解析成功: SHSE.688733 [壹石通] BUY @ 38.82 (VR:1.03)
[2026-06-26 11:18:43]  [行21] 解析成功: SHSE.688138 [清溢光电] SELL @ 41.52 (VR:1.47)
[2026-06-26 11:18:43]  [行22] 解析成功: SZSE.300196 [长海股份] BUY @ 32.04 (VR:1.06)
[2026-06-26 11:18:43]  [行23] 解析成功: SZSE.300088 [长信科技] BUY @ 11.8 (VR:0.01)
[2026-06-26 11:18:43]  [行24] 解析成功: SZSE.300709 [精研科技] BUY @ 62.19 (VR:0.58)
[2026-06-26 11:18:43]  [行25] 解析成功: SZSE.301362 [民爆光电] BUY @ 190.02 (VR:0.06)
[2026-06-26 11:18:43]  [行26] 解析成功: SZSE.300221 [银禧科技] BUY @ 15.48 (VR:0.09)
[2026-06-26 11:18:43]  [行27] 解析成功: SZSE.300420 [五洋自控] BUY @ 9.07 (VR:0.26)
[2026-06-26 11:18:43]  [行28] 解析成功: SZSE.301323 [新莱福] BUY @ 80.0 (VR:0.27)
[2026-06-26 11:18:43]  [行29] 解析成功: SZSE.300661 [圣邦股份] BUY @ 131.28 (VR:1.49)
[2026-06-26 11:18:43]  [行30] 解析成功: SZSE.300780 [德恩精工] BUY @ 33.78 (VR:1.56)
[2026-06-26 11:18:43]  [行31] 解析成功: SZSE.301195 [北路智控] BUY @ 26.8 (VR:0.41)
[2026-06-26 11:18:43]  [行32] 解析成功: SZSE.301183 [东田微] BUY @ 249.28 (VR:0.69)
[2026-06-26 11:18:43]  [行33] 解析成功: SZSE.300304 [云意电气] BUY @ 18.96 (VR:0.19)
[2026-06-26 11:18:43]  [行34] 解析成功: SZSE.300852 [四会富仕] BUY @ 56.72 (VR:0.37)
[2026-06-26 11:18:43] 成功保存 34 条因子至: signal_batch_20260626_111843_466565.txt
[2026-06-26 11:18:43]  QQ-备用 邮件 2651 处理完成
[2026-06-26 11:18:43]  QQ-备用 本轮共成功处理 1 封有效信号邮件
[2026-06-26 11:19:18]  正在连接 QQ-主 邮箱服务器 (497720537@qq.com) ...
[2026-06-26 11:19:19]  正在连接 QQ-备用 邮箱服务器 (shouqianbadavid@qq.com) ...
[2026-06-26 19:10:14]  AlphaPilot 监听服务 (Pro 多邮箱版) 启动...
[2026-06-26 19:10:14]  信号保存目录: D:\mpython\signals
[2026-06-26 19:10:14]  日志文件: D:\mpython\logs_receiver\receiver_20260626.log
[2026-06-26 19:10:14]  正在连接 QQ-主 邮箱服务器 (497720537@qq.com) ...
[2026-06-26 19:10:15]  QQ-主 正在解析因子: =?utf-8?b?QWxwaGFQaWxvdCDlrp7ml7bkv6Hlj7cgKGFscGhhX3NpZ25hbF90aHJfMjAyNjA2MjZfMTEyMC5qc29uKSBb5Li7UVEt5a+55aSWXQ==?=
[2026-06-26 19:10:15]  发现表格，共 24 行数据
[2026-06-26 19:10:15]  动态索引映射: ['股票代码', '股票名称', '信号', '当前价格', '量比', '来源过滤']
[2026-06-26 19:10:15]  [行1] 解析成功: SHSE.600353 [旭光电子] BUY @ 47.93 (VR:0.22)
[2026-06-26 19:10:15]  [行2] 解析成功: SZSE.300811 [铂力特] BUY @ 96.6 (VR:0.28)
[2026-06-26 19:10:15]  [行3] 解析成功: SZSE.300720 [海川智能] BUY @ 85.56 (VR:3.86)
[2026-06-26 19:10:15]  [行4] 解析成功: SZSE.300346 [南大光电] BUY @ 78.3 (VR:0.69)
[2026-06-26 19:10:15]  [行5] 解析成功: SZSE.300930 [屹通新材] SELL @ 29.05 (VR:0.08)
[2026-06-26 19:10:15]  [行6] 解析成功: SZSE.300433 [蓝思科技] BUY @ 55.78 (VR:0.6)
[2026-06-26 19:10:15]  [行7] 解析成功: SZSE.300666 [江丰电子] BUY @ 352.0 (VR:0.82)
[2026-06-26 19:10:15]  [行8] 解析成功: SZSE.000958 [电投产融] SELL @ 5.61 (VR:0.47)
[2026-06-26 19:10:15]  [行9] 解析成功: SZSE.300259 [新天科技] BUY @ 5.72 (VR:1.71)
[2026-06-26 19:10:15]  [行10] 解析成功: SZSE.300739 [明阳电路] SELL @ 34.29 (VR:0.69)
[2026-06-26 19:10:15]  [行11] 解析成功: SZSE.301171 [易点天下] SELL @ 33.04 (VR:0.19)
[2026-06-26 19:10:15]  [行12] 解析成功: SZSE.301226 [祥明智能] SELL @ 30.83 (VR:0.09)
[2026-06-26 19:10:15]  [行13] 解析成功: SHSE.600353 [旭光电子] BUY @ 47.94 (VR:0.35)
[2026-06-26 19:10:15]  [行14] 解析成功: SZSE.300811 [铂力特] BUY @ 96.99 (VR:0.42)
[2026-06-26 19:10:15]  [行15] 解析成功: SZSE.300720 [海川智能] BUY @ 85.72 (VR:0.2)
[2026-06-26 19:10:15]  [行16] 解析成功: SZSE.300346 [南大光电] BUY @ 78.4 (VR:0.44)
[2026-06-26 19:10:15]  [行17] 解析成功: SZSE.300930 [屹通新材] SELL @ 28.99 (VR:0.09)
[2026-06-26 19:10:15]  [行18] 解析成功: SZSE.300433 [蓝思科技] BUY @ 55.81 (VR:0.56)
[2026-06-26 19:10:15]  [行19] 解析成功: SZSE.300666 [江丰电子] BUY @ 354.99 (VR:2.2)
[2026-06-26 19:10:15]  [行20] 解析成功: SZSE.000958 [电投产融] SELL @ 5.6 (VR:0.06)
[2026-06-26 19:10:15]  [行21] 解析成功: SZSE.300259 [新天科技] BUY @ 5.73 (VR:0.91)
[2026-06-26 19:10:15]  [行22] 解析成功: SZSE.300739 [明阳电路] SELL @ 34.26 (VR:0.09)
[2026-06-26 19:10:15]  [行23] 解析成功: SZSE.301171 [易点天下] SELL @ 32.99 (VR:0.36)
[2026-06-26 19:10:15]  [行24] 解析成功: SZSE.301226 [祥明智能] SELL @ 30.8 (VR:0.18)
[2026-06-26 19:10:15] 成功保存 24 条因子至: signal_batch_20260626_191015_427761.txt
[2026-06-26 19:10:15]  QQ-主 邮件 4882 处理完成
[2026-06-26 19:10:15]  QQ-主 正在解析因子: =?utf-8?b?QWxwaGFQaWxvdCDlrp7ml7bkv6Hlj7cgKGFscGhhX3NpZ25hbF90aHJfMjAyNjA2MjZfMTEyMy5qc29uKSBb5Li7UVEt5a+55aSWXQ==?=
[2026-06-26 19:10:15]  发现表格，共 18 行数据
[2026-06-26 19:10:15]  动态索引映射: ['股票代码', '股票名称', '信号', '当前价格', '量比', '来源过滤']
[2026-06-26 19:10:15]  [行1] 解析成功: SHSE.688665 [四方光电] SELL @ 61.47 (VR:0.8)
[2026-06-26 19:10:15]  [行2] 解析成功: SZSE.300689 [澄天伟业] SELL @ 62.1 (VR:3.02)
[2026-06-26 19:10:15]  [行3] 解析成功: SZSE.301188 [力诺药包] SELL @ 72.53 (VR:0.22)
[2026-06-26 19:10:15]  [行4] 解析成功: SZSE.300806 [斯迪克] SELL @ 114.88 (VR:0.16)
[2026-06-26 19:10:15]  [行5] 解析成功: SZSE.300679 [电连技术] SELL @ 64.41 (VR:0.46)
[2026-06-26 19:10:15]  [行6] 解析成功: SZSE.300790 [宇瞳光学] SELL @ 26.47 (VR:0.03)
[2026-06-26 19:10:15]  [行7] 解析成功: SZSE.300990 [同飞股份] SELL @ 103.83 (VR:0.13)
[2026-06-26 19:10:15]  [行8] 解析成功: SZSE.300921 [南凌科技] SELL @ 20.71 (VR:0.09)
[2026-06-26 19:10:15]  [行9] 解析成功: SZSE.000636 [风华高科] SELL @ 78.46 (VR:0.19)
[2026-06-26 19:10:15]  [行10] 解析成功: SHSE.688665 [四方光电] SELL @ 61.11 (VR:2.07)
[2026-06-26 19:10:15]  [行11] 解析成功: SZSE.300689 [澄天伟业] SELL @ 61.81 (VR:0.19)
[2026-06-26 19:10:15]  [行12] 解析成功: SZSE.301188 [力诺药包] SELL @ 72.28 (VR:0.46)
[2026-06-26 19:10:15]  [行13] 解析成功: SZSE.300806 [斯迪克] SELL @ 114.3 (VR:0.36)
[2026-06-26 19:10:15]  [行14] 解析成功: SZSE.300679 [电连技术] SELL @ 64.37 (VR:0.24)
[2026-06-26 19:10:15]  [行15] 解析成功: SZSE.300790 [宇瞳光学] SELL @ 26.36 (VR:0.03)
[2026-06-26 19:10:15]  [行16] 解析成功: SZSE.300990 [同飞股份] SELL @ 103.69 (VR:0.02)
[2026-06-26 19:10:15]  [行17] 解析成功: SZSE.300921 [南凌科技] SELL @ 20.66 (VR:0.03)
[2026-06-26 19:10:15]  [行18] 解析成功: SZSE.000636 [风华高科] SELL @ 78.14 (VR:0.13)
[2026-06-26 19:10:15] 成功保存 18 条因子至: signal_batch_20260626_191015_700886.txt
[2026-06-26 19:10:15]  QQ-主 邮件 4883 处理完成
[2026-06-26 19:10:16]  QQ-主 正在解析因子: =?utf-8?b?QWxwaGFQaWxvdCDlrp7ml7bkv6Hlj7cgKGFscGhhX3NpZ25hbF90aHJfMjAyNjA2MjZfMTEyNi5qc29uKSBb5Li7UVEt5a+55aSWXQ==?=
[2026-06-26 19:10:16]  发现表格，共 22 行数据
[2026-06-26 19:10:16]  动态索引映射: ['股票代码', '股票名称', '信号', '当前价格', '量比', '来源过滤']
[2026-06-26 19:10:16]  [行1] 解析成功: SHSE.603175 [超颖电子] SELL @ 88.12 (VR:0.01)
[2026-06-26 19:10:16]  [行2] 解析成功: SHSE.600460 [士兰微] SELL @ 49.52 (VR:0.07)
[2026-06-26 19:10:16]  [行3] 解析成功: SZSE.002718 [友邦吊顶] SELL @ 111.79 (VR:0.1)
[2026-06-26 19:10:16]  [行4] 解析成功: SZSE.002378 [章源钨业] BUY @ 36.43 (VR:0.17)
[2026-06-26 19:10:16]  [行5] 解析成功: SZSE.001339 [智微智能] SELL @ 128.28 (VR:0.24)
[2026-06-26 19:10:16]  [行6] 解析成功: SZSE.000593 [德龙汇能] SELL @ 21.86 (VR:0.24)
[2026-06-26 19:10:16]  [行7] 解析成功: SZSE.003031 [中瓷电子] BUY @ 176.67 (VR:2.61)
[2026-06-26 19:10:16]  [行8] 解析成功: SZSE.002643 [万润股份] BUY @ 19.56 (VR:0.31)
[2026-06-26 19:10:16]  [行9] 解析成功: SZSE.001282 [三联锻造] SELL @ 19.77 (VR:1.35)
[2026-06-26 19:10:16]  [行10] 解析成功: SZSE.002937 [兴瑞科技] BUY @ 42.53 (VR:0.43)
[2026-06-26 19:10:16]  [行11] 解析成功: SZSE.000920 [沃顿科技] BUY @ 14.02 (VR:0.23)
[2026-06-26 19:10:16]  [行12] 解析成功: SHSE.603175 [超颖电子] SELL @ 87.94 (VR:0.02)
[2026-06-26 19:10:16]  [行13] 解析成功: SHSE.600460 [士兰微] SELL @ 49.36 (VR:0.07)
[2026-06-26 19:10:16]  [行14] 解析成功: SZSE.002718 [友邦吊顶] SELL @ 111.67 (VR:0.08)
[2026-06-26 19:10:16]  [行15] 解析成功: SZSE.002378 [章源钨业] BUY @ 36.46 (VR:0.12)
[2026-06-26 19:10:16]  [行16] 解析成功: SZSE.001339 [智微智能] SELL @ 128.27 (VR:0.16)
[2026-06-26 19:10:16]  [行17] 解析成功: SZSE.000593 [德龙汇能] SELL @ 21.83 (VR:0.96)
[2026-06-26 19:10:16]  [行18] 解析成功: SZSE.003031 [中瓷电子] BUY @ 177.75 (VR:0.91)
[2026-06-26 19:10:16]  [行19] 解析成功: SZSE.002643 [万润股份] BUY @ 19.63 (VR:0.58)
[2026-06-26 19:10:16]  [行20] 解析成功: SZSE.001282 [三联锻造] SELL @ 19.75 (VR:1.66)
[2026-06-26 19:10:16]  [行21] 解析成功: SZSE.002937 [兴瑞科技] BUY @ 42.57 (VR:0.31)
[2026-06-26 19:10:16]  [行22] 解析成功: SZSE.000920 [沃顿科技] BUY @ 14.03 (VR:0.12)
[2026-06-26 19:10:16] 成功保存 22 条因子至: signal_batch_20260626_191016_034945.txt
[2026-06-26 19:10:16]  QQ-主 邮件 4884 处理完成
[2026-06-26 19:10:16]  QQ-主 正在解析因子: =?utf-8?b?QWxwaGFQaWxvdCDlrp7ml7bkv6Hlj7cgKGFscGhhX3NpZ25hbF90aHJfMjAyNjA2MjZfMTEyOC5qc29uKSBb5Li7UVEt5a+55aSWXQ==?=
[2026-06-26 19:10:16]  发现表格，共 18 行数据
[2026-06-26 19:10:16]  动态索引映射: ['股票代码', '股票名称', '信号', '当前价格', '量比', '来源过滤']
[2026-06-26 19:10:16]  [行1] 解析成功: SHSE.688700 [东威科技] BUY @ 91.52 (VR:0.29)
[2026-06-26 19:10:16]  [行2] 解析成功: SHSE.688777 [中控技术] SELL @ 119.18 (VR:2.01)
[2026-06-26 19:10:16]  [行3] 解析成功: SHSE.688511 [天微电子] BUY @ 29.45 (VR:0.08)
[2026-06-26 19:10:16]  [行4] 解析成功: SHSE.688386 [泛亚微透] BUY @ 93.0 (VR:1.29)
[2026-06-26 19:10:16]  [行5] 解析成功: SHSE.688059 [华锐精密] BUY @ 205.0 (VR:0.83)
[2026-06-26 19:10:16]  [行6] 解析成功: SZSE.002980 [华盛昌] SELL @ 122.3 (VR:1.77)
[2026-06-26 19:10:16]  [行7] 解析成功: SZSE.301281 [利源制药] BUY @ 43.65 (VR:1.16)
[2026-06-26 19:10:16]  [行8] 解析成功: SZSE.301392 [汇成真空] BUY @ 243.75 (VR:0.06)
[2026-06-26 19:10:16]  [行9] 解析成功: SZSE.300234 [开尔新材] SELL @ 11.09 (VR:0.14)
[2026-06-26 19:10:16]  [行10] 解析成功: SHSE.688700 [东威科技] BUY @ 91.99 (VR:0.29)
[2026-06-26 19:10:16]  [行11] 解析成功: SHSE.688777 [中控技术] SELL @ 118.9 (VR:2.18)
[2026-06-26 19:10:16]  [行12] 解析成功: SHSE.688511 [天微电子] BUY @ 29.59 (VR:0.45)
[2026-06-26 19:10:16]  [行13] 解析成功: SHSE.688386 [泛亚微透] BUY @ 93.01 (VR:0.23)
[2026-06-26 19:10:16]  [行14] 解析成功: SHSE.688059 [华锐精密] BUY @ 205.69 (VR:0.08)
[2026-06-26 19:10:16]  [行15] 解析成功: SZSE.002980 [华盛昌] SELL @ 122.0 (VR:1.86)
[2026-06-26 19:10:16]  [行16] 解析成功: SZSE.301281 [利源制药] BUY @ 43.77 (VR:0.46)
[2026-06-26 19:10:16]  [行17] 解析成功: SZSE.301392 [汇成真空] BUY @ 244.2 (VR:0.23)
[2026-06-26 19:10:16]  [行18] 解析成功: SZSE.300234 [开尔新材] SELL @ 11.07 (VR:0.45)
[2026-06-26 19:10:16] 成功保存 18 条因子至: signal_batch_20260626_191016_260553.txt
[2026-06-26 19:10:16]  QQ-主 邮件 4885 处理完成
[2026-06-26 19:10:16]  QQ-主 正在解析因子: =?utf-8?b?QWxwaGFQaWxvdCDlrp7ml7bkv6Hlj7cgKGFscGhhX3NpZ25hbF90aHJfMjAyNjA2MjZfMTEzMS5qc29uKSBb5Li7UVEt5a+55aSWXQ==?=
[2026-06-26 19:10:16]  发现表格，共 26 行数据
[2026-06-26 19:10:16]  动态索引映射: ['股票代码', '股票名称', '信号', '当前价格', '量比', '来源过滤']
[2026-06-26 19:10:16]  [行1] 解析成功: SHSE.688216 [气派科技] BUY @ 39.22 (VR:2.76)
[2026-06-26 19:10:16]  [行2] 解析成功: SHSE.688308 [欧科亿] BUY @ 181.8 (VR:0.83)
[2026-06-26 19:10:16]  [行3] 解析成功: SHSE.688721 [龙图光罩] BUY @ 53.42 (VR:0.06)
[2026-06-26 19:10:16]  [行4] 解析成功: SHSE.688138 [清溢光电] BUY @ 42.28 (VR:0.79)
[2026-06-26 19:10:16]  [行5] 解析成功: SZSE.300709 [精研科技] SELL @ 62.21 (VR:0.48)
[2026-06-26 19:10:16]  [行6] 解析成功: SZSE.301362 [民爆光电] BUY @ 189.52 (VR:0.13)
[2026-06-26 19:10:16]  [行7] 解析成功: SZSE.300221 [银禧科技] BUY @ 15.48 (VR:0.19)
[2026-06-26 19:10:16]  [行8] 解析成功: SZSE.300661 [圣邦股份] BUY @ 131.84 (VR:1.95)
[2026-06-26 19:10:16]  [行9] 解析成功: SZSE.300780 [德恩精工] BUY @ 34.2 (VR:0.33)
[2026-06-26 19:10:16]  [行10] 解析成功: SZSE.301195 [北路智控] SELL @ 26.84 (VR:0.58)
[2026-06-26 19:10:16]  [行11] 解析成功: SZSE.300497 [富祥股份] BUY @ 20.6 (VR:0.85)
[2026-06-26 19:10:16]  [行12] 解析成功: SZSE.300304 [云意电气] BUY @ 18.99 (VR:0.35)
[2026-06-26 19:10:16]  [行13] 解析成功: SZSE.300852 [四会富仕] SELL @ 57.04 (VR:0.45)
[2026-06-26 19:10:16]  [行14] 解析成功: SHSE.688216 [气派科技] BUY @ 39.41 (VR:1.98)
[2026-06-26 19:10:16]  [行15] 解析成功: SHSE.688308 [欧科亿] BUY @ 182.7 (VR:0.44)
[2026-06-26 19:10:16]  [行16] 解析成功: SHSE.688721 [龙图光罩] BUY @ 53.45 (VR:3.24)
[2026-06-26 19:10:16]  [行17] 解析成功: SHSE.688138 [清溢光电] BUY @ 42.43 (VR:1.65)
[2026-06-26 19:10:16]  [行18] 解析成功: SZSE.300709 [精研科技] SELL @ 62.02 (VR:1.55)
[2026-06-26 19:10:16]  [行19] 解析成功: SZSE.301362 [民爆光电] BUY @ 189.9 (VR:0.82)
[2026-06-26 19:10:16]  [行20] 解析成功: SZSE.300221 [银禧科技] BUY @ 15.5 (VR:0.63)
[2026-06-26 19:10:16]  [行21] 解析成功: SZSE.300661 [圣邦股份] BUY @ 132.17 (VR:2.39)
[2026-06-26 19:10:16]  [行22] 解析成功: SZSE.300780 [德恩精工] BUY @ 34.21 (VR:0.61)
[2026-06-26 19:10:16]  [行23] 解析成功: SZSE.301195 [北路智控] SELL @ 26.73 (VR:1.37)
[2026-06-26 19:10:16]  [行24] 解析成功: SZSE.300497 [富祥股份] BUY @ 20.71 (VR:5.97)
[2026-06-26 19:10:16]  [行25] 解析成功: SZSE.300304 [云意电气] BUY @ 19.0 (VR:0.37)
[2026-06-26 19:10:16]  [行26] 解析成功: SZSE.300852 [四会富仕] SELL @ 57.02 (VR:0.56)
[2026-06-26 19:10:16] 成功保存 26 条因子至: signal_batch_20260626_191016_499948.txt
[2026-06-26 19:10:16]  QQ-主 邮件 4886 处理完成
[2026-06-26 19:10:16]  QQ-主 正在解析因子: =?utf-8?b?QWxwaGFQaWxvdCDlrp7ml7bkv6Hlj7cgKGFscGhhX3NpZ25hbF90aHJfMjAyNjA2MjZfMTMwMi5qc29uKSBb5Li7UVEt5a+55aSWXQ==?=
[2026-06-26 19:10:16]  发现表格，共 16 行数据
[2026-06-26 19:10:16]  动态索引映射: ['股票代码', '股票名称', '信号', '当前价格', '量比', '来源过滤']
[2026-06-26 19:10:16]  [行1] 解析成功: SHSE.688665 [四方光电] SELL @ 61.3 (VR:0.3)
[2026-06-26 19:10:16]  [行2] 解析成功: SHSE.688002 [睿创微纳] SELL @ 142.66 (VR:0.08)
[2026-06-26 19:10:16]  [行3] 解析成功: SHSE.688227 [品高股份] SELL @ 97.12 (VR:0.1)
[2026-06-26 19:10:16]  [行4] 解析成功: SZSE.301188 [力诺药包] BUY @ 71.61 (VR:0.35)
[2026-06-26 19:10:16]  [行5] 解析成功: SZSE.300679 [电连技术] SELL @ 64.29 (VR:0.15)
[2026-06-26 19:10:16]  [行6] 解析成功: SZSE.300790 [宇瞳光学] SELL @ 27.22 (VR:0.59)
[2026-06-26 19:10:16]  [行7] 解析成功: SZSE.300990 [同飞股份] SELL @ 103.8 (VR:0.14)
[2026-06-26 19:10:16]  [行8] 解析成功: SZSE.300921 [南凌科技] BUY @ 20.73 (VR:0.13)
[2026-06-26 19:10:16]  [行9] 解析成功: SHSE.688665 [四方光电] SELL @ 61.26 (VR:0.05)
[2026-06-26 19:10:16]  [行10] 解析成功: SHSE.688002 [睿创微纳] SELL @ 142.2 (VR:0.08)
[2026-06-26 19:10:16]  [行11] 解析成功: SHSE.688227 [品高股份] SELL @ 96.17 (VR:0.31)
[2026-06-26 19:10:16]  [行12] 解析成功: SZSE.301188 [力诺药包] BUY @ 71.67 (VR:0.14)
[2026-06-26 19:10:16]  [行13] 解析成功: SZSE.300679 [电连技术] SELL @ 64.08 (VR:0.17)
[2026-06-26 19:10:16]  [行14] 解析成功: SZSE.300790 [宇瞳光学] SELL @ 26.96 (VR:0.03)
[2026-06-26 19:10:16]  [行15] 解析成功: SZSE.300990 [同飞股份] SELL @ 103.59 (VR:0.19)
[2026-06-26 19:10:16]  [行16] 解析成功: SZSE.300921 [南凌科技] BUY @ 20.83 (VR:0.47)
[2026-06-26 19:10:16] 成功保存 16 条因子至: signal_batch_20260626_191016_855300.txt
[2026-06-26 19:10:16]  QQ-主 邮件 4887 处理完成
[2026-06-26 19:10:17]  QQ-主 正在解析因子: =?utf-8?b?QWxwaGFQaWxvdCDlrp7ml7bkv6Hlj7cgKGFscGhhX3NpZ25hbF90aHJfMjAyNjA2MjZfMTMwNC5qc29uKSBb5Li7UVEt5a+55aSWXQ==?=
[2026-06-26 19:10:17]  发现表格，共 24 行数据
[2026-06-26 19:10:17]  动态索引映射: ['股票代码', '股票名称', '信号', '当前价格', '量比', '来源过滤']
[2026-06-26 19:10:17]  [行1] 解析成功: SHSE.603175 [超颖电子] BUY @ 88.08 (VR:0.89)
[2026-06-26 19:10:17]  [行2] 解析成功: SHSE.600460 [士兰微] BUY @ 49.69 (VR:0.09)
[2026-06-26 19:10:17]  [行3] 解析成功: SHSE.603206 [嘉环科技] BUY @ 16.41 (VR:0.63)
[2026-06-26 19:10:17]  [行4] 解析成功: SZSE.002718 [友邦吊顶] BUY @ 111.45 (VR:0.31)
[2026-06-26 19:10:17]  [行5] 解析成功: SZSE.002378 [章源钨业] SELL @ 36.53 (VR:0.12)
[2026-06-26 19:10:17]  [行6] 解析成功: SZSE.002768 [国恩股份] BUY @ 51.25 (VR:0.19)
[2026-06-26 19:10:17]  [行7] 解析成功: SZSE.001339 [智微智能] SELL @ 128.83 (VR:0.41)
[2026-06-26 19:10:17]  [行8] 解析成功: SZSE.000593 [德龙汇能] BUY @ 21.77 (VR:0.12)
[2026-06-26 19:10:17]  [行9] 解析成功: SZSE.002552 [宝鼎科技] BUY @ 66.62 (VR:0.08)
[2026-06-26 19:10:17]  [行10] 解析成功: SZSE.003031 [中瓷电子] BUY @ 180.81 (VR:0.4)
[2026-06-26 19:10:17]  [行11] 解析成功: SZSE.001282 [三联锻造] SELL @ 19.83 (VR:0.27)
[2026-06-26 19:10:17]  [行12] 解析成功: SZSE.000920 [沃顿科技] BUY @ 14.12 (VR:0.23)
[2026-06-26 19:10:17]  [行13] 解析成功: SHSE.603175 [超颖电子] BUY @ 88.36 (VR:0.01)
[2026-06-26 19:10:17]  [行14] 解析成功: SHSE.600460 [士兰微] BUY @ 49.79 (VR:0.0)
[2026-06-26 19:10:17]  [行15] 解析成功: SHSE.603206 [嘉环科技] BUY @ 16.48 (VR:0.01)
[2026-06-26 19:10:17]  [行16] 解析成功: SZSE.002718 [友邦吊顶] BUY @ 112.36 (VR:1.43)
[2026-06-26 19:10:17]  [行17] 解析成功: SZSE.002378 [章源钨业] SELL @ 36.5 (VR:0.04)
[2026-06-26 19:10:17]  [行18] 解析成功: SZSE.002768 [国恩股份] BUY @ 51.32 (VR:0.08)
[2026-06-26 19:10:17]  [行19] 解析成功: SZSE.001339 [智微智能] SELL @ 128.68 (VR:0.49)
[2026-06-26 19:10:17]  [行20] 解析成功: SZSE.000593 [德龙汇能] BUY @ 21.84 (VR:0.07)
[2026-06-26 19:10:17]  [行21] 解析成功: SZSE.002552 [宝鼎科技] BUY @ 66.7 (VR:0.06)
[2026-06-26 19:10:17]  [行22] 解析成功: SZSE.003031 [中瓷电子] BUY @ 180.93 (VR:0.39)
[2026-06-26 19:10:17]  [行23] 解析成功: SZSE.001282 [三联锻造] SELL @ 19.82 (VR:0.57)
[2026-06-26 19:10:17]  [行24] 解析成功: SZSE.000920 [沃顿科技] BUY @ 14.13 (VR:0.18)
[2026-06-26 19:10:17] 成功保存 24 条因子至: signal_batch_20260626_191017_105636.txt
[2026-06-26 19:10:17]  QQ-主 邮件 4888 处理完成
[2026-06-26 19:10:17]  QQ-主 正在解析因子: =?utf-8?b?QWxwaGFQaWxvdCDlrp7ml7bkv6Hlj7cgKGFscGhhX3NpZ25hbF90aHJfMjAyNjA2MjZfMTMwNy5qc29uKSBb5Li7UVEt5a+55aSWXQ==?=
[2026-06-26 19:10:17]  发现表格，共 16 行数据
[2026-06-26 19:10:17]  动态索引映射: ['股票代码', '股票名称', '信号', '当前价格', '量比', '来源过滤']
[2026-06-26 19:10:17]  [行1] 解析成功: SHSE.688700 [东威科技] SELL @ 93.67 (VR:1.27)
[2026-06-26 19:10:17]  [行2] 解析成功: SHSE.688386 [泛亚微透] BUY @ 91.11 (VR:0.44)
[2026-06-26 19:10:17]  [行3] 解析成功: SZSE.300037 [新宙邦] BUY @ 83.86 (VR:0.54)
[2026-06-26 19:10:17]  [行4] 解析成功: SZSE.002980 [华盛昌] SELL @ 121.25 (VR:0.68)
[2026-06-26 19:10:17]  [行5] 解析成功: SZSE.301281 [利源制药] BUY @ 44.61 (VR:0.17)
[2026-06-26 19:10:17]  [行6] 解析成功: SZSE.300285 [国瓷材料] SELL @ 100.37 (VR:0.31)
[2026-06-26 19:10:17]  [行7] 解析成功: SZSE.300234 [开尔新材] BUY @ 11.06 (VR:0.67)
[2026-06-26 19:10:17]  [行8] 解析成功: SZSE.300214 [日科化学] BUY @ 10.36 (VR:0.08)
[2026-06-26 19:10:17]  [行9] 解析成功: SHSE.688700 [东威科技] SELL @ 93.57 (VR:0.47)
[2026-06-26 19:10:17]  [行10] 解析成功: SHSE.688386 [泛亚微透] BUY @ 91.36 (VR:0.47)
[2026-06-26 19:10:17]  [行11] 解析成功: SZSE.300037 [新宙邦] BUY @ 83.92 (VR:0.19)
[2026-06-26 19:10:17]  [行12] 解析成功: SZSE.002980 [华盛昌] SELL @ 120.4 (VR:1.71)
[2026-06-26 19:10:17]  [行13] 解析成功: SZSE.301281 [利源制药] BUY @ 44.73 (VR:1.82)
[2026-06-26 19:10:17]  [行14] 解析成功: SZSE.300285 [国瓷材料] SELL @ 100.06 (VR:0.0)
[2026-06-26 19:10:17]  [行15] 解析成功: SZSE.300234 [开尔新材] BUY @ 11.14 (VR:0.18)
[2026-06-26 19:10:17]  [行16] 解析成功: SZSE.300214 [日科化学] BUY @ 10.42 (VR:0.15)
[2026-06-26 19:10:17] 成功保存 16 条因子至: signal_batch_20260626_191017_348319.txt
[2026-06-26 19:10:17]  QQ-主 邮件 4889 处理完成
[2026-06-26 19:10:17]  QQ-主 正在解析因子: =?utf-8?b?QWxwaGFQaWxvdCDlrp7ml7bkv6Hlj7cgKGFscGhhX3NpZ25hbF90aHJfMjAyNjA2MjZfMTMwOS5qc29uKSBb5Li7UVEt5a+55aSWXQ==?=
[2026-06-26 19:10:17]  发现表格，共 28 行数据
[2026-06-26 19:10:17]  动态索引映射: ['股票代码', '股票名称', '信号', '当前价格', '量比', '来源过滤']
[2026-06-26 19:10:17]  [行1] 解析成功: SHSE.688308 [欧科亿] BUY @ 184.35 (VR:1.59)
[2026-06-26 19:10:17]  [行2] 解析成功: SHSE.688721 [龙图光罩] SELL @ 53.23 (VR:0.48)
[2026-06-26 19:10:17]  [行3] 解析成功: SHSE.688249 [晶合集成] BUY @ 56.13 (VR:0.43)
[2026-06-26 19:10:17]  [行4] 解析成功: SHSE.688138 [清溢光电] SELL @ 42.3 (VR:0.2)
[2026-06-26 19:10:17]  [行5] 解析成功: SZSE.300088 [长信科技] BUY @ 11.65 (VR:1.34)
[2026-06-26 19:10:17]  [行6] 解析成功: SZSE.300709 [精研科技] BUY @ 61.22 (VR:2.59)
[2026-06-26 19:10:17]  [行7] 解析成功: SZSE.301362 [民爆光电] BUY @ 192.68 (VR:1.11)
[2026-06-26 19:10:17]  [行8] 解析成功: SZSE.300221 [银禧科技] BUY @ 15.44 (VR:0.09)
[2026-06-26 19:10:17]  [行9] 解析成功: SZSE.300420 [五洋自控] BUY @ 9.11 (VR:0.13)
[2026-06-26 19:10:17]  [行10] 解析成功: SZSE.300661 [圣邦股份] BUY @ 131.77 (VR:0.25)
[2026-06-26 19:10:17]  [行11] 解析成功: SZSE.300780 [德恩精工] BUY @ 33.73 (VR:0.25)
[2026-06-26 19:10:17]  [行12] 解析成功: SZSE.301195 [北路智控] SELL @ 26.74 (VR:0.82)
[2026-06-26 19:10:17]  [行13] 解析成功: SZSE.300304 [云意电气] SELL @ 19.09 (VR:0.4)
[2026-06-26 19:10:17]  [行14] 解析成功: SZSE.300852 [四会富仕] SELL @ 57.03 (VR:0.17)
[2026-06-26 19:10:17]  [行15] 解析成功: SHSE.688308 [欧科亿] BUY @ 184.83 (VR:0.28)
[2026-06-26 19:10:17]  [行16] 解析成功: SHSE.688721 [龙图光罩] SELL @ 53.04 (VR:0.72)
[2026-06-26 19:10:17]  [行17] 解析成功: SHSE.688249 [晶合集成] BUY @ 56.15 (VR:0.75)
[2026-06-26 19:10:17]  [行18] 解析成功: SHSE.688138 [清溢光电] SELL @ 42.18 (VR:0.01)
[2026-06-26 19:10:17]  [行19] 解析成功: SZSE.300088 [长信科技] BUY @ 11.68 (VR:0.02)
[2026-06-26 19:10:17]  [行20] 解析成功: SZSE.300709 [精研科技] BUY @ 61.72 (VR:0.34)
[2026-06-26 19:10:17]  [行21] 解析成功: SZSE.301362 [民爆光电] BUY @ 193.67 (VR:0.01)
[2026-06-26 19:10:17]  [行22] 解析成功: SZSE.300221 [银禧科技] BUY @ 15.51 (VR:0.01)
[2026-06-26 19:10:17]  [行23] 解析成功: SZSE.300420 [五洋自控] BUY @ 9.12 (VR:0.67)
[2026-06-26 19:10:17]  [行24] 解析成功: SZSE.300661 [圣邦股份] BUY @ 131.79 (VR:0.32)
[2026-06-26 19:10:17]  [行25] 解析成功: SZSE.300780 [德恩精工] BUY @ 33.84 (VR:0.11)
[2026-06-26 19:10:17]  [行26] 解析成功: SZSE.301195 [北路智控] SELL @ 26.73 (VR:0.38)
[2026-06-26 19:10:17]  [行27] 解析成功: SZSE.300304 [云意电气] SELL @ 19.08 (VR:0.1)
[2026-06-26 19:10:17]  [行28] 解析成功: SZSE.300852 [四会富仕] SELL @ 56.86 (VR:0.43)
[2026-06-26 19:10:17] 成功保存 28 条因子至: signal_batch_20260626_191017_589235.txt
[2026-06-26 19:10:17]  QQ-主 邮件 4890 处理完成
[2026-06-26 19:10:17]  QQ-主 正在解析因子: =?utf-8?b?QWxwaGFQaWxvdCDlrp7ml7bkv6Hlj7cgKGFscGhhX3NpZ25hbF90aHJfMjAyNjA2MjZfMTMxMi5qc29uKSBb5Li7UVEt5a+55aSWXQ==?=
[2026-06-26 19:10:17]  发现表格，共 20 行数据
[2026-06-26 19:10:17]  动态索引映射: ['股票代码', '股票名称', '信号', '当前价格', '量比', '来源过滤']
[2026-06-26 19:10:17]  [行1] 解析成功: SZSE.300811 [铂力特] SELL @ 96.6 (VR:0.06)
[2026-06-26 19:10:17]  [行2] 解析成功: SZSE.300720 [海川智能] BUY @ 87.09 (VR:0.45)
[2026-06-26 19:10:17]  [行3] 解析成功: SZSE.300930 [屹通新材] BUY @ 29.21 (VR:0.2)
[2026-06-26 19:10:17]  [行4] 解析成功: SZSE.300433 [蓝思科技] BUY @ 55.62 (VR:0.73)
[2026-06-26 19:10:17]  [行5] 解析成功: SZSE.300666 [江丰电子] SELL @ 351.56 (VR:0.07)
[2026-06-26 19:10:17]  [行6] 解析成功: SZSE.000510 [新金路] BUY @ 24.39 (VR:0.38)
[2026-06-26 19:10:17]  [行7] 解析成功: SZSE.000958 [电投产融] SELL @ 5.61 (VR:0.2)
[2026-06-26 19:10:17]  [行8] 解析成功: SZSE.300739 [明阳电路] BUY @ 34.35 (VR:0.3)
[2026-06-26 19:10:17]  [行9] 解析成功: SZSE.301171 [易点天下] BUY @ 33.06 (VR:0.0)
[2026-06-26 19:10:17]  [行10] 解析成功: SZSE.301226 [祥明智能] BUY @ 30.79 (VR:0.68)
[2026-06-26 19:10:17]  [行11] 解析成功: SZSE.300811 [铂力特] SELL @ 96.57 (VR:0.05)
[2026-06-26 19:10:17]  [行12] 解析成功: SZSE.300720 [海川智能] BUY @ 87.81 (VR:4.61)
[2026-06-26 19:10:17]  [行13] 解析成功: SZSE.300930 [屹通新材] BUY @ 29.24 (VR:0.02)
[2026-06-26 19:10:17]  [行14] 解析成功: SZSE.300433 [蓝思科技] BUY @ 55.75 (VR:0.31)
[2026-06-26 19:10:17]  [行15] 解析成功: SZSE.300666 [江丰电子] SELL @ 350.01 (VR:0.89)
[2026-06-26 19:10:17]  [行16] 解析成功: SZSE.000510 [新金路] BUY @ 24.53 (VR:0.69)
[2026-06-26 19:10:17]  [行17] 解析成功: SZSE.000958 [电投产融] SELL @ 5.6 (VR:0.46)
[2026-06-26 19:10:17]  [行18] 解析成功: SZSE.300739 [明阳电路] BUY @ 34.5 (VR:0.01)
[2026-06-26 19:10:17]  [行19] 解析成功: SZSE.301171 [易点天下] BUY @ 33.09 (VR:0.12)
[2026-06-26 19:10:17]  [行20] 解析成功: SZSE.301226 [祥明智能] BUY @ 30.8 (VR:0.06)
[2026-06-26 19:10:17] 成功保存 20 条因子至: signal_batch_20260626_191017_813259.txt
[2026-06-26 19:10:17]  QQ-主 邮件 4891 处理完成
[2026-06-26 19:10:18]  QQ-主 正在解析因子: =?utf-8?b?QWxwaGFQaWxvdCDlrp7ml7bkv6Hlj7cgKGFscGhhX3NpZ25hbF90aHJfMjAyNjA2MjZfMTMxNS5qc29uKSBb5Li7UVEt5a+55aSWXQ==?=
[2026-06-26 19:10:18]  发现表格，共 22 行数据
[2026-06-26 19:10:18]  动态索引映射: ['股票代码', '股票名称', '信号', '当前价格', '量比', '来源过滤']
[2026-06-26 19:10:18]  [行1] 解析成功: SHSE.688665 [四方光电] SELL @ 62.0 (VR:2.36)
[2026-06-26 19:10:18]  [行2] 解析成功: SHSE.688002 [睿创微纳] BUY @ 142.29 (VR:0.02)
[2026-06-26 19:10:18]  [行3] 解析成功: SHSE.688227 [品高股份] BUY @ 98.25 (VR:0.05)
[2026-06-26 19:10:18]  [行4] 解析成功: SZSE.301045 [天禄科技] BUY @ 69.0 (VR:0.87)
[2026-06-26 19:10:18]  [行5] 解析成功: SZSE.301188 [力诺药包] SELL @ 71.57 (VR:0.02)
[2026-06-26 19:10:18]  [行6] 解析成功: SZSE.300806 [斯迪克] BUY @ 115.52 (VR:0.31)
[2026-06-26 19:10:18]  [行7] 解析成功: SZSE.300679 [电连技术] SELL @ 64.5 (VR:0.17)
[2026-06-26 19:10:18]  [行8] 解析成功: SZSE.300790 [宇瞳光学] BUY @ 26.7 (VR:0.4)
[2026-06-26 19:10:18]  [行9] 解析成功: SZSE.300990 [同飞股份] SELL @ 103.43 (VR:1.14)
[2026-06-26 19:10:18]  [行10] 解析成功: SZSE.300857 [协创数据] BUY @ 328.99 (VR:0.0)
[2026-06-26 19:10:18]  [行11] 解析成功: SZSE.000636 [风华高科] SELL @ 77.84 (VR:0.1)
[2026-06-26 19:10:18]  [行12] 解析成功: SHSE.688665 [四方光电] SELL @ 61.94 (VR:0.24)
[2026-06-26 19:10:18]  [行13] 解析成功: SHSE.688002 [睿创微纳] BUY @ 142.57 (VR:0.2)
[2026-06-26 19:10:18]  [行14] 解析成功: SHSE.688227 [品高股份] BUY @ 98.41 (VR:0.1)
[2026-06-26 19:10:18]  [行15] 解析成功: SZSE.301045 [天禄科技] BUY @ 69.79 (VR:6.13)
[2026-06-26 19:10:18]  [行16] 解析成功: SZSE.301188 [力诺药包] SELL @ 71.39 (VR:0.21)
[2026-06-26 19:10:18]  [行17] 解析成功: SZSE.300806 [斯迪克] BUY @ 115.74 (VR:0.36)
[2026-06-26 19:10:18]  [行18] 解析成功: SZSE.300679 [电连技术] SELL @ 64.49 (VR:0.33)
[2026-06-26 19:10:18]  [行19] 解析成功: SZSE.300790 [宇瞳光学] BUY @ 26.73 (VR:0.44)
[2026-06-26 19:10:18]  [行20] 解析成功: SZSE.300990 [同飞股份] SELL @ 103.32 (VR:0.0)
[2026-06-26 19:10:18]  [行21] 解析成功: SZSE.300857 [协创数据] BUY @ 329.01 (VR:0.01)
[2026-06-26 19:10:18]  [行22] 解析成功: SZSE.000636 [风华高科] SELL @ 77.83 (VR:0.12)
[2026-06-26 19:10:18] 成功保存 22 条因子至: signal_batch_20260626_191018_040673.txt
[2026-06-26 19:10:18]  QQ-主 邮件 4892 处理完成
[2026-06-26 19:10:18]  QQ-主 正在解析因子: =?utf-8?b?QWxwaGFQaWxvdCDlrp7ml7bkv6Hlj7cgKGFscGhhX3NpZ25hbF90aHJfMjAyNjA2MjZfMTMxOC5qc29uKSBb5Li7UVEt5a+55aSWXQ==?=
[2026-06-26 19:10:18]  发现表格，共 22 行数据
[2026-06-26 19:10:18]  动态索引映射: ['股票代码', '股票名称', '信号', '当前价格', '量比', '来源过滤']
[2026-06-26 19:10:18]  [行1] 解析成功: SHSE.603618 [杭电股份] BUY @ 51.55 (VR:0.44)
[2026-06-26 19:10:18]  [行2] 解析成功: SHSE.605111 [新洁能] BUY @ 82.89 (VR:0.77)
[2026-06-26 19:10:18]  [行3] 解析成功: SHSE.603175 [超颖电子] SELL @ 89.16 (VR:0.33)
[2026-06-26 19:10:18]  [行4] 解析成功: SHSE.600909 [华安证券] BUY @ 12.29 (VR:0.05)
[2026-06-26 19:10:18]  [行5] 解析成功: SHSE.600460 [士兰微] BUY @ 49.9 (VR:0.78)
[2026-06-26 19:10:18]  [行6] 解析成功: SHSE.603206 [嘉环科技] SELL @ 16.72 (VR:0.09)
[2026-06-26 19:10:18]  [行7] 解析成功: SZSE.002378 [章源钨业] BUY @ 36.88 (VR:0.0)
[2026-06-26 19:10:18]  [行8] 解析成功: SZSE.001339 [智微智能] SELL @ 129.12 (VR:0.15)
[2026-06-26 19:10:18]  [行9] 解析成功: SZSE.000593 [德龙汇能] SELL @ 21.81 (VR:0.07)
[2026-06-26 19:10:18]  [行10] 解析成功: SZSE.003031 [中瓷电子] BUY @ 181.5 (VR:0.2)
[2026-06-26 19:10:18]  [行11] 解析成功: SZSE.001282 [三联锻造] SELL @ 19.77 (VR:0.64)
[2026-06-26 19:10:18]  [行12] 解析成功: SHSE.603618 [杭电股份] BUY @ 51.7 (VR:0.04)
[2026-06-26 19:10:18]  [行13] 解析成功: SHSE.605111 [新洁能] BUY @ 83.11 (VR:0.02)
[2026-06-26 19:10:18]  [行14] 解析成功: SHSE.603175 [超颖电子] SELL @ 88.98 (VR:0.03)
[2026-06-26 19:10:18]  [行15] 解析成功: SHSE.600909 [华安证券] BUY @ 12.31 (VR:0.33)
[2026-06-26 19:10:18]  [行16] 解析成功: SHSE.600460 [士兰微] BUY @ 49.93 (VR:1.02)
[2026-06-26 19:10:18]  [行17] 解析成功: SHSE.603206 [嘉环科技] SELL @ 16.67 (VR:0.53)
[2026-06-26 19:10:18]  [行18] 解析成功: SZSE.002378 [章源钨业] BUY @ 36.99 (VR:0.2)
[2026-06-26 19:10:18]  [行19] 解析成功: SZSE.001339 [智微智能] SELL @ 129.0 (VR:0.48)
[2026-06-26 19:10:18]  [行20] 解析成功: SZSE.000593 [德龙汇能] SELL @ 21.74 (VR:0.68)
[2026-06-26 19:10:18]  [行21] 解析成功: SZSE.003031 [中瓷电子] BUY @ 181.8 (VR:0.56)
[2026-06-26 19:10:18]  [行22] 解析成功: SZSE.001282 [三联锻造] SELL @ 19.71 (VR:0.43)
[2026-06-26 19:10:18] 成功保存 22 条因子至: signal_batch_20260626_191018_281760.txt
[2026-06-26 19:10:18]  QQ-主 邮件 4893 处理完成
[2026-06-26 19:10:18]  QQ-主 正在解析因子: =?utf-8?b?QWxwaGFQaWxvdCDlrp7ml7bkv6Hlj7cgKGFscGhhX3NpZ25hbF90aHJfMjAyNjA2MjZfMTMyMC5qc29uKSBb5Li7UVEt5a+55aSWXQ==?=
[2026-06-26 19:10:18]  发现表格，共 18 行数据
[2026-06-26 19:10:18]  动态索引映射: ['股票代码', '股票名称', '信号', '当前价格', '量比', '来源过滤']
[2026-06-26 19:10:18]  [行1] 解析成功: SHSE.688700 [东威科技] BUY @ 93.84 (VR:0.41)
[2026-06-26 19:10:18]  [行2] 解析成功: SHSE.688777 [中控技术] BUY @ 117.99 (VR:0.29)
[2026-06-26 19:10:18]  [行3] 解析成功: SHSE.688286 [敏芯股份] SELL @ 102.28 (VR:0.04)
[2026-06-26 19:10:18]  [行4] 解析成功: SZSE.300037 [新宙邦] BUY @ 83.9 (VR:0.37)
[2026-06-26 19:10:18]  [行5] 解析成功: SZSE.002980 [华盛昌] BUY @ 119.92 (VR:0.01)
[2026-06-26 19:10:18]  [行6] 解析成功: SZSE.301252 [同星科技] BUY @ 42.36 (VR:0.19)
[2026-06-26 19:10:18]  [行7] 解析成功: SZSE.301392 [汇成真空] BUY @ 245.84 (VR:0.53)
[2026-06-26 19:10:18]  [行8] 解析成功: SZSE.300319 [麦捷科技] BUY @ 31.17 (VR:0.19)
[2026-06-26 19:10:18]  [行9] 解析成功: SZSE.300234 [开尔新材] SELL @ 11.1 (VR:0.6)
[2026-06-26 19:10:18]  [行10] 解析成功: SHSE.688700 [东威科技] BUY @ 94.21 (VR:0.8)
[2026-06-26 19:10:18]  [行11] 解析成功: SHSE.688777 [中控技术] BUY @ 118.28 (VR:0.7)
[2026-06-26 19:10:18]  [行12] 解析成功: SHSE.688286 [敏芯股份] SELL @ 102.27 (VR:0.14)
[2026-06-26 19:10:18]  [行13] 解析成功: SZSE.300037 [新宙邦] BUY @ 83.95 (VR:0.49)
[2026-06-26 19:10:18]  [行14] 解析成功: SZSE.002980 [华盛昌] BUY @ 120.08 (VR:0.39)
[2026-06-26 19:10:18]  [行15] 解析成功: SZSE.301252 [同星科技] BUY @ 42.49 (VR:0.24)
[2026-06-26 19:10:18]  [行16] 解析成功: SZSE.301392 [汇成真空] BUY @ 246.28 (VR:0.31)
[2026-06-26 19:10:18]  [行17] 解析成功: SZSE.300319 [麦捷科技] BUY @ 31.2 (VR:0.29)
[2026-06-26 19:10:18]  [行18] 解析成功: SZSE.300234 [开尔新材] SELL @ 11.07 (VR:0.98)
[2026-06-26 19:10:18] 成功保存 18 条因子至: signal_batch_20260626_191018_512469.txt
[2026-06-26 19:10:18]  QQ-主 邮件 4894 处理完成
[2026-06-26 19:10:18]  QQ-主 正在解析因子: =?utf-8?b?QWxwaGFQaWxvdCDlrp7ml7bkv6Hlj7cgKGFscGhhX3NpZ25hbF90aHJfMjAyNjA2MjZfMTMyMy5qc29uKSBb5Li7UVEt5a+55aSWXQ==?=
[2026-06-26 19:10:18]  发现表格，共 24 行数据
[2026-06-26 19:10:18]  动态索引映射: ['股票代码', '股票名称', '信号', '当前价格', '量比', '来源过滤']
[2026-06-26 19:10:18]  [行1] 解析成功: SHSE.688216 [气派科技] BUY @ 39.45 (VR:0.1)
[2026-06-26 19:10:18]  [行2] 解析成功: SHSE.688308 [欧科亿] SELL @ 184.5 (VR:0.37)
[2026-06-26 19:10:18]  [行3] 解析成功: SHSE.688733 [壹石通] BUY @ 39.16 (VR:0.38)
[2026-06-26 19:10:18]  [行4] 解析成功: SHSE.688249 [晶合集成] BUY @ 57.12 (VR:0.36)
[2026-06-26 19:10:18]  [行5] 解析成功: SHSE.688138 [清溢光电] BUY @ 42.64 (VR:0.87)
[2026-06-26 19:10:18]  [行6] 解析成功: SZSE.300088 [长信科技] BUY @ 11.73 (VR:0.44)
[2026-06-26 19:10:18]  [行7] 解析成功: SZSE.301362 [民爆光电] SELL @ 193.62 (VR:0.45)
[2026-06-26 19:10:18]  [行8] 解析成功: SZSE.300221 [银禧科技] SELL @ 15.56 (VR:0.76)
[2026-06-26 19:10:18]  [行9] 解析成功: SZSE.300420 [五洋自控] BUY @ 9.31 (VR:1.96)
[2026-06-26 19:10:18]  [行10] 解析成功: SZSE.300661 [圣邦股份] BUY @ 132.98 (VR:1.48)
[2026-06-26 19:10:18]  [行11] 解析成功: SZSE.301195 [北路智控] SELL @ 26.79 (VR:2.64)
[2026-06-26 19:10:18]  [行12] 解析成功: SZSE.300852 [四会富仕] BUY @ 57.09 (VR:0.26)
[2026-06-26 19:10:18]  [行13] 解析成功: SHSE.688216 [气派科技] BUY @ 39.6 (VR:0.12)
[2026-06-26 19:10:18]  [行14] 解析成功: SHSE.688308 [欧科亿] SELL @ 183.88 (VR:0.91)
[2026-06-26 19:10:18]  [行15] 解析成功: SHSE.688733 [壹石通] BUY @ 39.17 (VR:0.52)
[2026-06-26 19:10:18]  [行16] 解析成功: SHSE.688249 [晶合集成] BUY @ 57.29 (VR:0.45)
[2026-06-26 19:10:18]  [行17] 解析成功: SHSE.688138 [清溢光电] BUY @ 42.7 (VR:0.84)
[2026-06-26 19:10:18]  [行18] 解析成功: SZSE.300088 [长信科技] BUY @ 11.75 (VR:0.18)
[2026-06-26 19:10:18]  [行19] 解析成功: SZSE.301362 [民爆光电] SELL @ 193.0 (VR:0.29)
[2026-06-26 19:10:18]  [行20] 解析成功: SZSE.300221 [银禧科技] SELL @ 15.49 (VR:1.22)
[2026-06-26 19:10:18]  [行21] 解析成功: SZSE.300420 [五洋自控] BUY @ 9.35 (VR:2.58)
[2026-06-26 19:10:18]  [行22] 解析成功: SZSE.300661 [圣邦股份] BUY @ 133.24 (VR:1.12)
[2026-06-26 19:10:18]  [行23] 解析成功: SZSE.301195 [北路智控] SELL @ 26.75 (VR:0.04)
[2026-06-26 19:10:18]  [行24] 解析成功: SZSE.300852 [四会富仕] BUY @ 57.12 (VR:0.65)
[2026-06-26 19:10:18] 成功保存 24 条因子至: signal_batch_20260626_191018_746956.txt
[2026-06-26 19:10:18]  QQ-主 邮件 4895 处理完成
[2026-06-26 19:10:18]  QQ-主 正在解析因子: =?utf-8?b?QWxwaGFQaWxvdCDlrp7ml7bkv6Hlj7cgKGFscGhhX3NpZ25hbF90aHJfMjAyNjA2MjZfMTMyNS5qc29uKSBb5Li7UVEt5a+55aSWXQ==?=
[2026-06-26 19:10:18]  发现表格，共 14 行数据
[2026-06-26 19:10:18]  动态索引映射: ['股票代码', '股票名称', '信号', '当前价格', '量比', '来源过滤']
[2026-06-26 19:10:18]  [行1] 解析成功: SZSE.300811 [铂力特] SELL @ 96.36 (VR:0.95)
[2026-06-26 19:10:18]  [行2] 解析成功: SZSE.300930 [屹通新材] SELL @ 29.15 (VR:0.21)
[2026-06-26 19:10:18]  [行3] 解析成功: SZSE.300433 [蓝思科技] BUY @ 56.37 (VR:0.8)
[2026-06-26 19:10:18]  [行4] 解析成功: SZSE.300666 [江丰电子] SELL @ 364.87 (VR:0.31)
[2026-06-26 19:10:18]  [行5] 解析成功: SZSE.000958 [电投产融] SELL @ 5.63 (VR:0.1)
[2026-06-26 19:10:18]  [行6] 解析成功: SZSE.300259 [新天科技] SELL @ 5.71 (VR:0.39)
[2026-06-26 19:10:18]  [行7] 解析成功: SZSE.301171 [易点天下] SELL @ 33.13 (VR:0.27)
[2026-06-26 19:10:18]  [行8] 解析成功: SZSE.300811 [铂力特] SELL @ 96.2 (VR:1.02)
[2026-06-26 19:10:18]  [行9] 解析成功: SZSE.300930 [屹通新材] SELL @ 29.13 (VR:0.06)
[2026-06-26 19:10:18]  [行10] 解析成功: SZSE.300433 [蓝思科技] BUY @ 56.63 (VR:0.15)
[2026-06-26 19:10:18]  [行11] 解析成功: SZSE.300666 [江丰电子] SELL @ 361.55 (VR:0.1)
[2026-06-26 19:10:18]  [行12] 解析成功: SZSE.000958 [电投产融] SELL @ 5.61 (VR:0.42)
[2026-06-26 19:10:18]  [行13] 解析成功: SZSE.300259 [新天科技] SELL @ 5.7 (VR:0.48)
[2026-06-26 19:10:18]  [行14] 解析成功: SZSE.301171 [易点天下] SELL @ 33.02 (VR:0.16)
[2026-06-26 19:10:18] 成功保存 14 条因子至: signal_batch_20260626_191018_969114.txt
[2026-06-26 19:10:19]  QQ-主 邮件 4896 处理完成
[2026-06-26 19:10:19]  QQ-主 正在解析因子: =?utf-8?b?QWxwaGFQaWxvdCDlrp7ml7bkv6Hlj7cgKGFscGhhX3NpZ25hbF90aHJfMjAyNjA2MjZfMTMyOC5qc29uKSBb5Li7UVEt5a+55aSWXQ==?=
[2026-06-26 19:10:19]  发现表格，共 24 行数据
[2026-06-26 19:10:19]  动态索引映射: ['股票代码', '股票名称', '信号', '当前价格', '量比', '来源过滤']
[2026-06-26 19:10:19]  [行1] 解析成功: SHSE.688665 [四方光电] BUY @ 61.9 (VR:0.12)
[2026-06-26 19:10:19]  [行2] 解析成功: SHSE.688227 [品高股份] BUY @ 98.21 (VR:0.5)
[2026-06-26 19:10:19]  [行3] 解析成功: SZSE.300689 [澄天伟业] SELL @ 62.69 (VR:2.8)
[2026-06-26 19:10:19]  [行4] 解析成功: SZSE.301045 [天禄科技] BUY @ 69.31 (VR:0.63)
[2026-06-26 19:10:19]  [行5] 解析成功: SZSE.301188 [力诺药包] BUY @ 71.3 (VR:0.21)
[2026-06-26 19:10:19]  [行6] 解析成功: SZSE.300806 [斯迪克] SELL @ 117.28 (VR:1.38)
[2026-06-26 19:10:19]  [行7] 解析成功: SZSE.301322 [绿通科技] BUY @ 57.17 (VR:0.33)
[2026-06-26 19:10:19]  [行8] 解析成功: SZSE.300679 [电连技术] SELL @ 65.56 (VR:0.84)
[2026-06-26 19:10:19]  [行9] 解析成功: SZSE.300790 [宇瞳光学] BUY @ 26.73 (VR:0.02)
[2026-06-26 19:10:19]  [行10] 解析成功: SZSE.300990 [同飞股份] BUY @ 104.28 (VR:0.19)
[2026-06-26 19:10:19]  [行11] 解析成功: SZSE.300921 [南凌科技] SELL @ 21.03 (VR:0.28)
[2026-06-26 19:10:19]  [行12] 解析成功: SZSE.000636 [风华高科] SELL @ 79.36 (VR:0.09)
[2026-06-26 19:10:19]  [行13] 解析成功: SHSE.688665 [四方光电] BUY @ 62.01 (VR:0.13)
[2026-06-26 19:10:19]  [行14] 解析成功: SHSE.688227 [品高股份] BUY @ 98.48 (VR:0.13)
[2026-06-26 19:10:19]  [行15] 解析成功: SZSE.300689 [澄天伟业] SELL @ 62.63 (VR:2.44)
[2026-06-26 19:10:19]  [行16] 解析成功: SZSE.301045 [天禄科技] BUY @ 69.6 (VR:2.75)
[2026-06-26 19:10:19]  [行17] 解析成功: SZSE.301188 [力诺药包] BUY @ 72.01 (VR:0.81)
[2026-06-26 19:10:19]  [行18] 解析成功: SZSE.300806 [斯迪克] SELL @ 116.87 (VR:1.31)
[2026-06-26 19:10:19]  [行19] 解析成功: SZSE.301322 [绿通科技] BUY @ 57.21 (VR:0.1)
[2026-06-26 19:10:19]  [行20] 解析成功: SZSE.300679 [电连技术] SELL @ 65.27 (VR:0.55)
[2026-06-26 19:10:19]  [行21] 解析成功: SZSE.300790 [宇瞳光学] BUY @ 26.87 (VR:0.13)
[2026-06-26 19:10:19]  [行22] 解析成功: SZSE.300990 [同飞股份] BUY @ 104.47 (VR:0.16)
[2026-06-26 19:10:19]  [行23] 解析成功: SZSE.300921 [南凌科技] SELL @ 21.01 (VR:0.02)
[2026-06-26 19:10:19]  [行24] 解析成功: SZSE.000636 [风华高科] SELL @ 78.98 (VR:0.31)
[2026-06-26 19:10:19] 成功保存 24 条因子至: signal_batch_20260626_191019_191173.txt
[2026-06-26 19:10:19]  QQ-主 邮件 4897 处理完成
[2026-06-26 19:10:19]  QQ-主 正在解析因子: =?utf-8?b?QWxwaGFQaWxvdCDlrp7ml7bkv6Hlj7cgKGFscGhhX3NpZ25hbF90aHJfMjAyNjA2MjZfMTMzMS5qc29uKSBb5Li7UVEt5a+55aSWXQ==?=
[2026-06-26 19:10:19]  发现表格，共 28 行数据
[2026-06-26 19:10:19]  动态索引映射: ['股票代码', '股票名称', '信号', '当前价格', '量比', '来源过滤']
[2026-06-26 19:10:19]  [行1] 解析成功: SHSE.603618 [杭电股份] SELL @ 52.11 (VR:7.07)
[2026-06-26 19:10:19]  [行2] 解析成功: SHSE.603175 [超颖电子] SELL @ 88.9 (VR:0.06)
[2026-06-26 19:10:19]  [行3] 解析成功: SHSE.600460 [士兰微] SELL @ 49.55 (VR:0.1)
[2026-06-26 19:10:19]  [行4] 解析成功: SHSE.603206 [嘉环科技] SELL @ 16.59 (VR:0.23)
[2026-06-26 19:10:19]  [行5] 解析成功: SZSE.002718 [友邦吊顶] BUY @ 113.1 (VR:0.09)
[2026-06-26 19:10:19]  [行6] 解析成功: SZSE.002378 [章源钨业] SELL @ 36.9 (VR:0.1)
[2026-06-26 19:10:19]  [行7] 解析成功: SZSE.002768 [国恩股份] BUY @ 51.73 (VR:0.31)
[2026-06-26 19:10:19]  [行8] 解析成功: SZSE.001339 [智微智能] BUY @ 128.85 (VR:0.25)
[2026-06-26 19:10:19]  [行9] 解析成功: SZSE.000593 [德龙汇能] SELL @ 21.75 (VR:0.6)
[2026-06-26 19:10:19]  [行10] 解析成功: SZSE.002552 [宝鼎科技] BUY @ 66.67 (VR:0.21)
[2026-06-26 19:10:19]  [行11] 解析成功: SZSE.003031 [中瓷电子] BUY @ 181.25 (VR:1.47)
[2026-06-26 19:10:19]  [行12] 解析成功: SZSE.001282 [三联锻造] SELL @ 19.74 (VR:0.41)
[2026-06-26 19:10:19]  [行13] 解析成功: SZSE.002937 [兴瑞科技] BUY @ 43.16 (VR:0.2)
[2026-06-26 19:10:19]  [行14] 解析成功: SZSE.000920 [沃顿科技] SELL @ 14.35 (VR:1.14)
[2026-06-26 19:10:19]  [行15] 解析成功: SHSE.603618 [杭电股份] SELL @ 52.06 (VR:0.39)
[2026-06-26 19:10:19]  [行16] 解析成功: SHSE.603175 [超颖电子] SELL @ 88.74 (VR:0.14)
[2026-06-26 19:10:19]  [行17] 解析成功: SHSE.600460 [士兰微] SELL @ 49.54 (VR:0.41)
[2026-06-26 19:10:19]  [行18] 解析成功: SHSE.603206 [嘉环科技] SELL @ 16.57 (VR:0.19)
[2026-06-26 19:10:19]  [行19] 解析成功: SZSE.002718 [友邦吊顶] BUY @ 113.17 (VR:0.05)
[2026-06-26 19:10:19]  [行20] 解析成功: SZSE.002378 [章源钨业] SELL @ 36.78 (VR:0.14)
[2026-06-26 19:10:19]  [行21] 解析成功: SZSE.002768 [国恩股份] BUY @ 51.78 (VR:0.14)
[2026-06-26 19:10:19]  [行22] 解析成功: SZSE.001339 [智微智能] BUY @ 128.88 (VR:0.38)
[2026-06-26 19:10:19]  [行23] 解析成功: SZSE.000593 [德龙汇能] SELL @ 21.71 (VR:0.38)
[2026-06-26 19:10:19]  [行24] 解析成功: SZSE.002552 [宝鼎科技] BUY @ 66.69 (VR:0.12)
[2026-06-26 19:10:19]  [行25] 解析成功: SZSE.003031 [中瓷电子] BUY @ 182.69 (VR:0.5)
[2026-06-26 19:10:19]  [行26] 解析成功: SZSE.001282 [三联锻造] SELL @ 19.72 (VR:0.12)
[2026-06-26 19:10:19]  [行27] 解析成功: SZSE.002937 [兴瑞科技] BUY @ 43.21 (VR:0.23)
[2026-06-26 19:10:19]  [行28] 解析成功: SZSE.000920 [沃顿科技] SELL @ 14.34 (VR:2.18)
[2026-06-26 19:10:19] 成功保存 28 条因子至: signal_batch_20260626_191019_428558.txt
[2026-06-26 19:10:19]  QQ-主 邮件 4898 处理完成
[2026-06-26 19:10:19]  QQ-主 正在解析因子: =?utf-8?b?QWxwaGFQaWxvdCDlrp7ml7bkv6Hlj7cgKGFscGhhX3NpZ25hbF90aHJfMjAyNjA2MjZfMTMzMy5qc29uKSBb5Li7UVEt5a+55aSWXQ==?=
[2026-06-26 19:10:19]  发现表格，共 26 行数据
[2026-06-26 19:10:19]  动态索引映射: ['股票代码', '股票名称', '信号', '当前价格', '量比', '来源过滤']
[2026-06-26 19:10:19]  [行1] 解析成功: SHSE.688700 [东威科技] SELL @ 94.85 (VR:0.26)
[2026-06-26 19:10:19]  [行2] 解析成功: SHSE.688777 [中控技术] BUY @ 118.25 (VR:0.32)
[2026-06-26 19:10:19]  [行3] 解析成功: SHSE.688286 [敏芯股份] BUY @ 102.11 (VR:0.41)
[2026-06-26 19:10:19]  [行4] 解析成功: SHSE.688511 [天微电子] BUY @ 29.29 (VR:0.04)
[2026-06-26 19:10:19]  [行5] 解析成功: SHSE.688059 [华锐精密] BUY @ 204.46 (VR:0.54)
[2026-06-26 19:10:19]  [行6] 解析成功: SZSE.002980 [华盛昌] BUY @ 120.58 (VR:0.2)
[2026-06-26 19:10:19]  [行7] 解析成功: SZSE.301281 [利源制药] BUY @ 44.95 (VR:0.07)
[2026-06-26 19:10:19]  [行8] 解析成功: SZSE.300285 [国瓷材料] BUY @ 100.82 (VR:0.1)
[2026-06-26 19:10:19]  [行9] 解析成功: SZSE.301252 [同星科技] BUY @ 42.4 (VR:0.2)
[2026-06-26 19:10:19]  [行10] 解析成功: SZSE.301392 [汇成真空] SELL @ 246.5 (VR:0.53)
[2026-06-26 19:10:19]  [行11] 解析成功: SZSE.300319 [麦捷科技] BUY @ 31.26 (VR:0.07)
[2026-06-26 19:10:19]  [行12] 解析成功: SZSE.300234 [开尔新材] BUY @ 11.11 (VR:0.02)
[2026-06-26 19:10:19]  [行13] 解析成功: SZSE.300214 [日科化学] BUY @ 10.34 (VR:0.12)
[2026-06-26 19:10:19]  [行14] 解析成功: SHSE.688700 [东威科技] SELL @ 94.42 (VR:0.44)
[2026-06-26 19:10:19]  [行15] 解析成功: SHSE.688777 [中控技术] BUY @ 118.38 (VR:0.32)
[2026-06-26 19:10:19]  [行16] 解析成功: SHSE.688286 [敏芯股份] BUY @ 102.98 (VR:2.31)
[2026-06-26 19:10:19]  [行17] 解析成功: SHSE.688511 [天微电子] BUY @ 29.34 (VR:0.37)
[2026-06-26 19:10:19]  [行18] 解析成功: SHSE.688059 [华锐精密] BUY @ 204.77 (VR:0.28)
[2026-06-26 19:10:19]  [行19] 解析成功: SZSE.002980 [华盛昌] BUY @ 121.07 (VR:0.3)
[2026-06-26 19:10:19]  [行20] 解析成功: SZSE.301281 [利源制药] BUY @ 45.03 (VR:0.43)
[2026-06-26 19:10:19]  [行21] 解析成功: SZSE.300285 [国瓷材料] BUY @ 101.67 (VR:0.14)
[2026-06-26 19:10:19]  [行22] 解析成功: SZSE.301252 [同星科技] BUY @ 42.54 (VR:0.09)
[2026-06-26 19:10:19]  [行23] 解析成功: SZSE.301392 [汇成真空] SELL @ 246.41 (VR:0.11)
[2026-06-26 19:10:19]  [行24] 解析成功: SZSE.300319 [麦捷科技] BUY @ 31.4 (VR:0.24)
[2026-06-26 19:10:19]  [行25] 解析成功: SZSE.300234 [开尔新材] BUY @ 11.2 (VR:0.22)
[2026-06-26 19:10:19]  [行26] 解析成功: SZSE.300214 [日科化学] BUY @ 10.36 (VR:0.32)
[2026-06-26 19:10:19] 成功保存 26 条因子至: signal_batch_20260626_191019_675479.txt
[2026-06-26 19:10:19]  QQ-主 邮件 4899 处理完成
[2026-06-26 19:10:19]  QQ-主 正在解析因子: =?utf-8?b?QWxwaGFQaWxvdCDlrp7ml7bkv6Hlj7cgKGFscGhhX3NpZ25hbF90aHJfMjAyNjA2MjZfMTMzNy5qc29uKSBb5Li7UVEt5a+55aSWXQ==?=
[2026-06-26 19:10:19]  发现表格，共 28 行数据
[2026-06-26 19:10:19]  动态索引映射: ['股票代码', '股票名称', '信号', '当前价格', '量比', '来源过滤']
[2026-06-26 19:10:19]  [行1] 解析成功: SHSE.688216 [气派科技] SELL @ 39.5 (VR:0.64)
[2026-06-26 19:10:19]  [行2] 解析成功: SHSE.688308 [欧科亿] BUY @ 183.24 (VR:0.11)
[2026-06-26 19:10:19]  [行3] 解析成功: SHSE.688721 [龙图光罩] BUY @ 53.15 (VR:0.16)
[2026-06-26 19:10:19]  [行4] 解析成功: SHSE.688733 [壹石通] BUY @ 39.14 (VR:0.04)
[2026-06-26 19:10:19]  [行5] 解析成功: SHSE.688138 [清溢光电] BUY @ 43.99 (VR:0.43)
[2026-06-26 19:10:19]  [行6] 解析成功: SZSE.300088 [长信科技] SELL @ 11.6 (VR:0.24)
[2026-06-26 19:10:19]  [行7] 解析成功: SZSE.300709 [精研科技] SELL @ 62.0 (VR:1.26)
[2026-06-26 19:10:19]  [行8] 解析成功: SZSE.301362 [民爆光电] BUY @ 192.01 (VR:0.01)
[2026-06-26 19:10:19]  [行9] 解析成功: SZSE.300420 [五洋自控] BUY @ 9.7 (VR:7.83)
[2026-06-26 19:10:19]  [行10] 解析成功: SZSE.300661 [圣邦股份] BUY @ 133.08 (VR:0.64)
[2026-06-26 19:10:19]  [行11] 解析成功: SZSE.300780 [德恩精工] BUY @ 33.67 (VR:0.85)
[2026-06-26 19:10:19]  [行12] 解析成功: SZSE.301195 [北路智控] BUY @ 26.58 (VR:0.72)
[2026-06-26 19:10:19]  [行13] 解析成功: SZSE.300304 [云意电气] BUY @ 19.39 (VR:1.77)
[2026-06-26 19:10:19]  [行14] 解析成功: SZSE.300852 [四会富仕] BUY @ 57.06 (VR:0.11)
[2026-06-26 19:10:19]  [行15] 解析成功: SHSE.688216 [气派科技] SELL @ 39.49 (VR:0.08)
[2026-06-26 19:10:19]  [行16] 解析成功: SHSE.688308 [欧科亿] BUY @ 184.34 (VR:0.25)
[2026-06-26 19:10:19]  [行17] 解析成功: SHSE.688721 [龙图光罩] BUY @ 53.52 (VR:2.2)
[2026-06-26 19:10:19]  [行18] 解析成功: SHSE.688733 [壹石通] BUY @ 39.2 (VR:0.15)
[2026-06-26 19:10:19]  [行19] 解析成功: SHSE.688138 [清溢光电] BUY @ 44.71 (VR:4.16)
[2026-06-26 19:10:19]  [行20] 解析成功: SZSE.300088 [长信科技] SELL @ 11.58 (VR:1.06)
[2026-06-26 19:10:19]  [行21] 解析成功: SZSE.300709 [精研科技] SELL @ 61.78 (VR:0.26)
[2026-06-26 19:10:19]  [行22] 解析成功: SZSE.301362 [民爆光电] BUY @ 192.36 (VR:0.19)
[2026-06-26 19:10:19]  [行23] 解析成功: SZSE.300420 [五洋自控] BUY @ 9.79 (VR:6.41)
[2026-06-26 19:10:19]  [行24] 解析成功: SZSE.300661 [圣邦股份] BUY @ 133.15 (VR:1.1)
[2026-06-26 19:10:19]  [行25] 解析成功: SZSE.300780 [德恩精工] BUY @ 33.68 (VR:2.09)
[2026-06-26 19:10:19]  [行26] 解析成功: SZSE.301195 [北路智控] BUY @ 26.6 (VR:5.18)
[2026-06-26 19:10:19]  [行27] 解析成功: SZSE.300304 [云意电气] BUY @ 19.46 (VR:1.65)
[2026-06-26 19:10:19]  [行28] 解析成功: SZSE.300852 [四会富仕] BUY @ 57.19 (VR:0.07)
[2026-06-26 19:10:19] 成功保存 28 条因子至: signal_batch_20260626_191019_930946.txt
[2026-06-26 19:10:20]  QQ-主 邮件 4900 处理完成
[2026-06-26 19:10:20]  QQ-主 正在解析因子: =?utf-8?b?QWxwaGFQaWxvdCDlrp7ml7bkv6Hlj7cgKGFscGhhX3NpZ25hbF90aHJfMjAyNjA2MjZfMTM0MS5qc29uKSBb5Li7UVEt5a+55aSWXQ==?=
[2026-06-26 19:10:20]  发现表格，共 22 行数据
[2026-06-26 19:10:20]  动态索引映射: ['股票代码', '股票名称', '信号', '当前价格', '量比', '来源过滤']
[2026-06-26 19:10:20]  [行1] 解析成功: SHSE.600353 [旭光电子] BUY @ 47.55 (VR:1.55)
[2026-06-26 19:10:20]  [行2] 解析成功: SHSE.688392 [娇成超声] SELL @ 192.17 (VR:0.12)
[2026-06-26 19:10:20]  [行3] 解析成功: SZSE.300308 [中际旭创] BUY @ 1274.2 (VR:0.27)
[2026-06-26 19:10:20]  [行4] 解析成功: SZSE.300346 [南大光电] SELL @ 79.42 (VR:0.99)
[2026-06-26 19:10:20]  [行5] 解析成功: SZSE.300930 [屹通新材] SELL @ 29.16 (VR:0.09)
[2026-06-26 19:10:20]  [行6] 解析成功: SZSE.300433 [蓝思科技] SELL @ 56.81 (VR:0.62)
[2026-06-26 19:10:20]  [行7] 解析成功: SZSE.300666 [江丰电子] SELL @ 358.0 (VR:0.37)
[2026-06-26 19:10:20]  [行8] 解析成功: SZSE.300259 [新天科技] SELL @ 5.67 (VR:1.58)
[2026-06-26 19:10:20]  [行9] 解析成功: SZSE.300739 [明阳电路] BUY @ 34.29 (VR:0.87)
[2026-06-26 19:10:20]  [行10] 解析成功: SZSE.301171 [易点天下] SELL @ 33.26 (VR:0.14)
[2026-06-26 19:10:20]  [行11] 解析成功: SZSE.301226 [祥明智能] SELL @ 30.52 (VR:3.57)
[2026-06-26 19:10:20]  [行12] 解析成功: SHSE.600353 [旭光电子] BUY @ 47.69 (VR:1.59)
[2026-06-26 19:10:20]  [行13] 解析成功: SHSE.688392 [娇成超声] SELL @ 192.09 (VR:0.34)
[2026-06-26 19:10:20]  [行14] 解析成功: SZSE.300346 [南大光电] SELL @ 79.1 (VR:0.49)
[2026-06-26 19:10:20]  [行15] 解析成功: SZSE.300930 [屹通新材] SELL @ 29.12 (VR:0.35)
[2026-06-26 19:10:20]  [行16] 解析成功: SZSE.300433 [蓝思科技] SELL @ 56.6 (VR:0.42)
[2026-06-26 19:10:20]  [行17] 解析成功: SZSE.300666 [江丰电子] SELL @ 357.96 (VR:0.21)
[2026-06-26 19:10:20]  [行18] 解析成功: SZSE.300936 [中英科技] BUY @ 104.0 (VR:1.14)
[2026-06-26 19:10:20]  [行19] 解析成功: SZSE.300259 [新天科技] SELL @ 5.66 (VR:1.15)
[2026-06-26 19:10:20]  [行20] 解析成功: SZSE.300739 [明阳电路] BUY @ 34.3 (VR:0.27)
[2026-06-26 19:10:20]  [行21] 解析成功: SZSE.301171 [易点天下] SELL @ 33.2 (VR:0.67)
[2026-06-26 19:10:20]  [行22] 解析成功: SZSE.301226 [祥明智能] SELL @ 30.49 (VR:2.15)
[2026-06-26 19:10:20] 成功保存 22 条因子至: signal_batch_20260626_191020_163620.txt
[2026-06-26 19:10:20]  QQ-主 邮件 4901 处理完成
[2026-06-26 19:10:20]  QQ-主 正在解析因子: =?utf-8?b?QWxwaGFQaWxvdCDlrp7ml7bkv6Hlj7cgKGFscGhhX3NpZ25hbF90aHJfMjAyNjA2MjZfMTM0NS5qc29uKSBb5Li7UVEt5a+55aSWXQ==?=
[2026-06-26 19:10:20]  发现表格，共 38 行数据
[2026-06-26 19:10:20]  动态索引映射: ['股票代码', '股票名称', '信号', '当前价格', '量比', '来源过滤']
[2026-06-26 19:10:20]  [行1] 解析成功: SHSE.688110 [东芯股份] BUY @ 179.23 (VR:0.23)
[2026-06-26 19:10:20]  [行2] 解析成功: SHSE.688665 [四方光电] BUY @ 62.54 (VR:0.26)
[2026-06-26 19:10:20]  [行3] 解析成功: SHSE.688002 [睿创微纳] BUY @ 142.5 (VR:1.04)
[2026-06-26 19:10:20]  [行4] 解析成功: SHSE.688102 [斯瑞新材] BUY @ 44.72 (VR:0.4)
[2026-06-26 19:10:20]  [行5] 解析成功: SHSE.688521 [芯原股份] BUY @ 339.45 (VR:0.25)
[2026-06-26 19:10:20]  [行6] 解析成功: SHSE.688227 [品高股份] BUY @ 98.68 (VR:0.13)
[2026-06-26 19:10:20]  [行7] 解析成功: SZSE.300689 [澄天伟业] BUY @ 62.9 (VR:0.69)
[2026-06-26 19:10:20]  [行8] 解析成功: SZSE.301045 [天禄科技] BUY @ 69.86 (VR:1.36)
[2026-06-26 19:10:20]  [行9] 解析成功: SZSE.301188 [力诺药包] SELL @ 71.77 (VR:0.03)
[2026-06-26 19:10:20]  [行10] 解析成功: SZSE.300806 [斯迪克] BUY @ 116.77 (VR:0.11)
[2026-06-26 19:10:20]  [行11] 解析成功: SZSE.301322 [绿通科技] BUY @ 57.44 (VR:0.56)
[2026-06-26 19:10:20]  [行12] 解析成功: SZSE.300679 [电连技术] BUY @ 64.98 (VR:0.18)
[2026-06-26 19:10:20]  [行13] 解析成功: SZSE.300376 [易事特] BUY @ 5.25 (VR:0.03)
[2026-06-26 19:10:20]  [行14] 解析成功: SZSE.300620 [光库科技] BUY @ 367.12 (VR:0.35)
[2026-06-26 19:10:20]  [行15] 解析成功: SZSE.300790 [宇瞳光学] SELL @ 26.87 (VR:0.4)
[2026-06-26 19:10:20]  [行16] 解析成功: SZSE.300990 [同飞股份] BUY @ 103.99 (VR:0.49)
[2026-06-26 19:10:20]  [行17] 解析成功: SZSE.300921 [南凌科技] BUY @ 20.98 (VR:0.21)
[2026-06-26 19:10:20]  [行18] 解析成功: SZSE.300857 [协创数据] BUY @ 336.68 (VR:0.31)
[2026-06-26 19:10:20]  [行19] 解析成功: SZSE.000636 [风华高科] BUY @ 79.5 (VR:0.72)
[2026-06-26 19:10:20]  [行20] 解析成功: SHSE.688110 [东芯股份] BUY @ 179.69 (VR:1.09)
[2026-06-26 19:10:20]  [行21] 解析成功: SHSE.688665 [四方光电] BUY @ 62.85 (VR:9.76)
[2026-06-26 19:10:20]  [行22] 解析成功: SHSE.688002 [睿创微纳] BUY @ 142.78 (VR:0.74)
[2026-06-26 19:10:20]  [行23] 解析成功: SHSE.688102 [斯瑞新材] BUY @ 44.81 (VR:1.34)
[2026-06-26 19:10:20]  [行24] 解析成功: SHSE.688521 [芯原股份] BUY @ 340.0 (VR:0.68)
[2026-06-26 19:10:20]  [行25] 解析成功: SHSE.688227 [品高股份] BUY @ 98.73 (VR:0.14)
[2026-06-26 19:10:20]  [行26] 解析成功: SZSE.300689 [澄天伟业] BUY @ 62.96 (VR:0.41)
[2026-06-26 19:10:20]  [行27] 解析成功: SZSE.301045 [天禄科技] BUY @ 69.96 (VR:2.15)
[2026-06-26 19:10:20]  [行28] 解析成功: SZSE.301188 [力诺药包] SELL @ 71.56 (VR:0.04)
[2026-06-26 19:10:20]  [行29] 解析成功: SZSE.300806 [斯迪克] BUY @ 117.66 (VR:0.25)
[2026-06-26 19:10:20]  [行30] 解析成功: SZSE.301322 [绿通科技] BUY @ 57.51 (VR:0.08)
[2026-06-26 19:10:20]  [行31] 解析成功: SZSE.300679 [电连技术] BUY @ 65.09 (VR:0.03)
[2026-06-26 19:10:20]  [行32] 解析成功: SZSE.300376 [易事特] BUY @ 5.27 (VR:0.14)
[2026-06-26 19:10:20]  [行33] 解析成功: SZSE.300620 [光库科技] BUY @ 367.39 (VR:0.61)
[2026-06-26 19:10:20]  [行34] 解析成功: SZSE.300790 [宇瞳光学] SELL @ 26.84 (VR:0.28)
[2026-06-26 19:10:20]  [行35] 解析成功: SZSE.300990 [同飞股份] BUY @ 104.2 (VR:0.36)
[2026-06-26 19:10:20]  [行36] 解析成功: SZSE.300921 [南凌科技] BUY @ 21.0 (VR:0.42)
[2026-06-26 19:10:20]  [行37] 解析成功: SZSE.300857 [协创数据] BUY @ 336.7 (VR:0.75)
[2026-06-26 19:10:20]  [行38] 解析成功: SZSE.000636 [风华高科] BUY @ 79.61 (VR:0.92)
[2026-06-26 19:10:20] 成功保存 38 条因子至: signal_batch_20260626_191020_470925.txt
[2026-06-26 19:10:20]  QQ-主 邮件 4902 处理完成
[2026-06-26 19:10:20]  QQ-主 正在解析因子: =?utf-8?b?QWxwaGFQaWxvdCDlrp7ml7bkv6Hlj7cgKGFscGhhX3NpZ25hbF90aHJfMjAyNjA2MjZfMTM0OS5qc29uKSBb5Li7UVEt5a+55aSWXQ==?=
[2026-06-26 19:10:20]  发现表格，共 33 行数据
[2026-06-26 19:10:20]  动态索引映射: ['股票代码', '股票名称', '信号', '当前价格', '量比', '来源过滤']
[2026-06-26 19:10:20]  [行1] 解析成功: SHSE.603618 [杭电股份] SELL @ 52.34 (VR:0.61)
[2026-06-26 19:10:20]  [行2] 解析成功: SHSE.605111 [新洁能] BUY @ 84.1 (VR:5.58)
[2026-06-26 19:10:20]  [行3] 解析成功: SHSE.603175 [超颖电子] SELL @ 89.67 (VR:0.84)
[2026-06-26 19:10:20]  [行4] 解析成功: SHSE.600909 [华安证券] BUY @ 12.24 (VR:1.49)
[2026-06-26 19:10:20]  [行5] 解析成功: SHSE.600460 [士兰微] BUY @ 50.72 (VR:1.23)
[2026-06-26 19:10:20]  [行6] 解析成功: SHSE.603206 [嘉环科技] BUY @ 16.52 (VR:1.67)
[2026-06-26 19:10:20]  [行7] 解析成功: SZSE.002718 [友邦吊顶] SELL @ 112.85 (VR:0.13)
[2026-06-26 19:10:20]  [行8] 解析成功: SZSE.002378 [章源钨业] SELL @ 37.5 (VR:1.07)
[2026-06-26 19:10:20]  [行9] 解析成功: SZSE.001339 [智微智能] BUY @ 129.16 (VR:0.21)
[2026-06-26 19:10:20]  [行10] 解析成功: SZSE.000593 [德龙汇能] BUY @ 21.74 (VR:0.12)
[2026-06-26 19:10:20]  [行11] 解析成功: SZSE.002552 [宝鼎科技] SELL @ 66.91 (VR:0.26)
[2026-06-26 19:10:20]  [行12] 解析成功: SZSE.003031 [中瓷电子] SELL @ 182.95 (VR:0.56)
[2026-06-26 19:10:20]  [行13] 解析成功: SZSE.002643 [万润股份] BUY @ 19.61 (VR:1.47)
[2026-06-26 19:10:20]  [行14] 解析成功: SZSE.001282 [三联锻造] BUY @ 19.96 (VR:0.14)
[2026-06-26 19:10:20]  [行15] 解析成功: SZSE.002937 [兴瑞科技] BUY @ 43.64 (VR:0.11)
[2026-06-26 19:10:20]  [行16] 解析成功: SZSE.000920 [沃顿科技] SELL @ 14.25 (VR:0.09)
[2026-06-26 19:10:20]  [行17] 解析成功: SHSE.603618 [杭电股份] SELL @ 52.2 (VR:0.64)
[2026-06-26 19:10:20]  [行18] 解析成功: SHSE.605111 [新洁能] BUY @ 84.49 (VR:2.49)
[2026-06-26 19:10:20]  [行19] 解析成功: SHSE.603175 [超颖电子] SELL @ 89.4 (VR:0.5)
[2026-06-26 19:10:20]  [行20] 解析成功: SHSE.600909 [华安证券] BUY @ 12.26 (VR:0.02)
[2026-06-26 19:10:20]  [行21] 解析成功: SHSE.600460 [士兰微] BUY @ 50.77 (VR:0.02)
[2026-06-26 19:10:20]  [行22] 解析成功: SHSE.603206 [嘉环科技] BUY @ 16.57 (VR:0.05)
[2026-06-26 19:10:20]  [行23] 解析成功: SZSE.002718 [友邦吊顶] SELL @ 112.77 (VR:0.06)
[2026-06-26 19:10:20]  [行24] 解析成功: SZSE.002378 [章源钨业] SELL @ 37.35 (VR:0.0)
[2026-06-26 19:10:20]  [行25] 解析成功: SZSE.002768 [国恩股份] SELL @ 51.6 (VR:0.9)
[2026-06-26 19:10:20]  [行26] 解析成功: SZSE.001339 [智微智能] BUY @ 129.25 (VR:0.33)
[2026-06-26 19:10:20]  [行27] 解析成功: SZSE.000593 [德龙汇能] BUY @ 21.74 (VR:0.16)
[2026-06-26 19:10:20]  [行28] 解析成功: SZSE.002552 [宝鼎科技] SELL @ 66.91 (VR:0.2)
[2026-06-26 19:10:20]  [行29] 解析成功: SZSE.003031 [中瓷电子] SELL @ 182.91 (VR:0.79)
[2026-06-26 19:10:20]  [行30] 解析成功: SZSE.002643 [万润股份] BUY @ 19.62 (VR:1.19)
[2026-06-26 19:10:20]  [行31] 解析成功: SZSE.001282 [三联锻造] BUY @ 20.15 (VR:2.23)
[2026-06-26 19:10:20]  [行32] 解析成功: SZSE.002937 [兴瑞科技] BUY @ 43.66 (VR:0.96)
[2026-06-26 19:10:20]  [行33] 解析成功: SZSE.000920 [沃顿科技] SELL @ 14.25 (VR:0.28)
[2026-06-26 19:10:20] 成功保存 33 条因子至: signal_batch_20260626_191020_732496.txt
[2026-06-26 19:10:20]  QQ-主 邮件 4903 处理完成
[2026-06-26 19:10:20]  QQ-主 正在解析因子: =?utf-8?b?QWxwaGFQaWxvdCDlrp7ml7bkv6Hlj7cgKGFscGhhX3NpZ25hbF90aHJfMjAyNjA2MjZfMTM1My5qc29uKSBb5Li7UVEt5a+55aSWXQ==?=
[2026-06-26 19:10:20]  发现表格，共 27 行数据
[2026-06-26 19:10:20]  动态索引映射: ['股票代码', '股票名称', '信号', '当前价格', '量比', '来源过滤']
[2026-06-26 19:10:20]  [行1] 解析成功: SHSE.688700 [东威科技] BUY @ 95.33 (VR:0.34)
[2026-06-26 19:10:20]  [行2] 解析成功: SHSE.688777 [中控技术] BUY @ 119.5 (VR:0.35)
[2026-06-26 19:10:20]  [行3] 解析成功: SHSE.688286 [敏芯股份] BUY @ 103.82 (VR:0.05)
[2026-06-26 19:10:20]  [行4] 解析成功: SHSE.688386 [泛亚微透] BUY @ 92.77 (VR:0.77)
[2026-06-26 19:10:20]  [行5] 解析成功: SHSE.688059 [华锐精密] SELL @ 205.27 (VR:1.07)
[2026-06-26 19:10:20]  [行6] 解析成功: SZSE.300037 [新宙邦] BUY @ 85.05 (VR:1.16)
[2026-06-26 19:10:20]  [行7] 解析成功: SZSE.002980 [华盛昌] BUY @ 121.3 (VR:0.45)
[2026-06-26 19:10:20]  [行8] 解析成功: SZSE.300868 [杰美特] BUY @ 153.53 (VR:0.26)
[2026-06-26 19:10:20]  [行9] 解析成功: SZSE.301281 [利源制药] BUY @ 45.68 (VR:0.85)
[2026-06-26 19:10:20]  [行10] 解析成功: SZSE.300285 [国瓷材料] SELL @ 105.24 (VR:2.1)
[2026-06-26 19:10:20]  [行11] 解析成功: SZSE.301252 [同星科技] BUY @ 42.59 (VR:0.17)
[2026-06-26 19:10:20]  [行12] 解析成功: SZSE.301392 [汇成真空] BUY @ 246.25 (VR:1.36)
[2026-06-26 19:10:20]  [行13] 解析成功: SZSE.300234 [开尔新材] BUY @ 11.2 (VR:0.42)
[2026-06-26 19:10:20]  [行14] 解析成功: SHSE.688700 [东威科技] BUY @ 95.47 (VR:0.04)
[2026-06-26 19:10:20]  [行15] 解析成功: SHSE.688777 [中控技术] BUY @ 119.65 (VR:0.03)
[2026-06-26 19:10:20]  [行16] 解析成功: SHSE.688286 [敏芯股份] BUY @ 103.94 (VR:0.03)
[2026-06-26 19:10:20]  [行17] 解析成功: SHSE.688386 [泛亚微透] BUY @ 93.22 (VR:0.13)
[2026-06-26 19:10:20]  [行18] 解析成功: SHSE.688059 [华锐精密] SELL @ 205.27 (VR:0.09)
[2026-06-26 19:10:20]  [行19] 解析成功: SZSE.300037 [新宙邦] BUY @ 85.75 (VR:0.48)
[2026-06-26 19:10:20]  [行20] 解析成功: SZSE.301419 [瑞可达] SELL @ 45.11 (VR:0.4)
[2026-06-26 19:10:20]  [行21] 解析成功: SZSE.002980 [华盛昌] BUY @ 121.58 (VR:0.27)
[2026-06-26 19:10:20]  [行22] 解析成功: SZSE.300868 [杰美特] BUY @ 153.69 (VR:0.14)
[2026-06-26 19:10:20]  [行23] 解析成功: SZSE.301281 [利源制药] BUY @ 45.89 (VR:0.59)
[2026-06-26 19:10:20]  [行24] 解析成功: SZSE.300285 [国瓷材料] SELL @ 104.84 (VR:2.3)
[2026-06-26 19:10:20]  [行25] 解析成功: SZSE.301252 [同星科技] BUY @ 42.6 (VR:0.67)
[2026-06-26 19:10:20]  [行26] 解析成功: SZSE.301392 [汇成真空] BUY @ 246.45 (VR:1.27)
[2026-06-26 19:10:20]  [行27] 解析成功: SZSE.300234 [开尔新材] BUY @ 11.23 (VR:0.85)
[2026-06-26 19:10:20] 成功保存 27 条因子至: signal_batch_20260626_191020_977484.txt
[2026-06-26 19:10:21]  QQ-主 邮件 4904 处理完成
[2026-06-26 19:10:21]  QQ-主 正在解析因子: =?utf-8?b?QWxwaGFQaWxvdCDlrp7ml7bkv6Hlj7cgKGFscGhhX3NpZ25hbF90aHJfMjAyNjA2MjZfMTM1Ny5qc29uKSBb5Li7UVEt5a+55aSWXQ==?=
[2026-06-26 19:10:21]  发现表格，共 33 行数据
[2026-06-26 19:10:21]  动态索引映射: ['股票代码', '股票名称', '信号', '当前价格', '量比', '来源过滤']
[2026-06-26 19:10:21]  [行1] 解析成功: SHSE.688216 [气派科技] BUY @ 40.19 (VR:2.73)
[2026-06-26 19:10:21]  [行2] 解析成功: SHSE.688308 [欧科亿] BUY @ 185.83 (VR:1.02)
[2026-06-26 19:10:21]  [行3] 解析成功: SHSE.688721 [龙图光罩] SELL @ 54.98 (VR:1.88)
[2026-06-26 19:10:21]  [行4] 解析成功: SHSE.688733 [壹石通] SELL @ 39.47 (VR:0.0)
[2026-06-26 19:10:21]  [行5] 解析成功: SHSE.688138 [清溢光电] SELL @ 43.47 (VR:0.32)
[2026-06-26 19:10:21]  [行6] 解析成功: SZSE.300196 [长海股份] BUY @ 33.3 (VR:0.84)
[2026-06-26 19:10:21]  [行7] 解析成功: SZSE.300088 [长信科技] BUY @ 11.73 (VR:0.15)
[2026-06-26 19:10:21]  [行8] 解析成功: SZSE.300709 [精研科技] SELL @ 62.49 (VR:1.14)
[2026-06-26 19:10:21]  [行9] 解析成功: SZSE.301362 [民爆光电] BUY @ 192.7 (VR:0.02)
[2026-06-26 19:10:21]  [行10] 解析成功: SZSE.300420 [五洋自控] SELL @ 9.83 (VR:0.58)
[2026-06-26 19:10:21]  [行11] 解析成功: SZSE.301323 [新莱福] BUY @ 86.03 (VR:0.47)
[2026-06-26 19:10:21]  [行12] 解析成功: SZSE.300661 [圣邦股份] BUY @ 132.85 (VR:0.45)
[2026-06-26 19:10:21]  [行13] 解析成功: SZSE.300780 [德恩精工] BUY @ 33.54 (VR:0.26)
[2026-06-26 19:10:21]  [行14] 解析成功: SZSE.301195 [北路智控] BUY @ 26.58 (VR:0.2)
[2026-06-26 19:10:21]  [行15] 解析成功: SZSE.300497 [富祥股份] BUY @ 20.92 (VR:0.27)
[2026-06-26 19:10:21]  [行16] 解析成功: SZSE.300304 [云意电气] SELL @ 19.85 (VR:1.15)
[2026-06-26 19:10:21]  [行17] 解析成功: SZSE.300852 [四会富仕] SELL @ 57.3 (VR:1.5)
[2026-06-26 19:10:21]  [行18] 解析成功: SHSE.688216 [气派科技] BUY @ 40.2 (VR:0.03)
[2026-06-26 19:10:21]  [行19] 解析成功: SHSE.688308 [欧科亿] BUY @ 186.0 (VR:0.13)
[2026-06-26 19:10:21]  [行20] 解析成功: SHSE.688721 [龙图光罩] SELL @ 54.69 (VR:1.23)
[2026-06-26 19:10:21]  [行21] 解析成功: SHSE.688138 [清溢光电] SELL @ 43.21 (VR:0.46)
[2026-06-26 19:10:21]  [行22] 解析成功: SZSE.300196 [长海股份] BUY @ 33.5 (VR:2.4)
[2026-06-26 19:10:21]  [行23] 解析成功: SZSE.300088 [长信科技] BUY @ 11.73 (VR:0.23)
[2026-06-26 19:10:21]  [行24] 解析成功: SZSE.300709 [精研科技] SELL @ 62.48 (VR:0.2)
[2026-06-26 19:10:21]  [行25] 解析成功: SZSE.301362 [民爆光电] BUY @ 192.76 (VR:0.34)
[2026-06-26 19:10:21]  [行26] 解析成功: SZSE.300420 [五洋自控] SELL @ 9.78 (VR:0.46)
[2026-06-26 19:10:21]  [行27] 解析成功: SZSE.301323 [新莱福] BUY @ 86.29 (VR:0.93)
[2026-06-26 19:10:21]  [行28] 解析成功: SZSE.300661 [圣邦股份] BUY @ 132.99 (VR:0.96)
[2026-06-26 19:10:21]  [行29] 解析成功: SZSE.300780 [德恩精工] BUY @ 33.55 (VR:0.09)
[2026-06-26 19:10:21]  [行30] 解析成功: SZSE.301195 [北路智控] BUY @ 26.59 (VR:0.27)
[2026-06-26 19:10:21]  [行31] 解析成功: SZSE.300497 [富祥股份] BUY @ 20.93 (VR:0.26)
[2026-06-26 19:10:21]  [行32] 解析成功: SZSE.300304 [云意电气] SELL @ 19.83 (VR:0.62)
[2026-06-26 19:10:21]  [行33] 解析成功: SZSE.300852 [四会富仕] SELL @ 57.24 (VR:0.33)
[2026-06-26 19:10:21] 成功保存 33 条因子至: signal_batch_20260626_191021_227636.txt
[2026-06-26 19:10:21]  QQ-主 邮件 4905 处理完成
[2026-06-26 19:10:21]  QQ-主 正在解析因子: =?utf-8?b?QWxwaGFQaWxvdCDlrp7ml7bkv6Hlj7cgKGFscGhhX3NpZ25hbF90aHJfMjAyNjA2MjZfMTQwMC5qc29uKSBb5Li7UVEt5a+55aSWXQ==?=
[2026-06-26 19:10:21]  发现表格，共 18 行数据
[2026-06-26 19:10:21]  动态索引映射: ['股票代码', '股票名称', '信号', '当前价格', '量比', '来源过滤']
[2026-06-26 19:10:21]  [行1] 解析成功: SZSE.300346 [南大光电] SELL @ 79.79 (VR:0.01)
[2026-06-26 19:10:21]  [行2] 解析成功: SZSE.300930 [屹通新材] SELL @ 29.37 (VR:0.29)
[2026-06-26 19:10:21]  [行3] 解析成功: SZSE.300433 [蓝思科技] BUY @ 56.75 (VR:0.01)
[2026-06-26 19:10:21]  [行4] 解析成功: SZSE.300666 [江丰电子] SELL @ 361.45 (VR:0.01)
[2026-06-26 19:10:21]  [行5] 解析成功: SZSE.300259 [新天科技] BUY @ 5.68 (VR:0.26)
[2026-06-26 19:10:21]  [行6] 解析成功: SZSE.301018 [申菱环境] SELL @ 109.24 (VR:0.23)
[2026-06-26 19:10:21]  [行7] 解析成功: SZSE.300739 [明阳电路] BUY @ 34.49 (VR:0.33)
[2026-06-26 19:10:21]  [行8] 解析成功: SZSE.301171 [易点天下] BUY @ 33.18 (VR:0.29)
[2026-06-26 19:10:21]  [行9] 解析成功: SZSE.301226 [祥明智能] BUY @ 30.57 (VR:0.11)
[2026-06-26 19:10:21]  [行10] 解析成功: SZSE.300346 [南大光电] SELL @ 79.92 (VR:0.0)
[2026-06-26 19:10:21]  [行11] 解析成功: SZSE.300930 [屹通新材] SELL @ 29.35 (VR:0.78)
[2026-06-26 19:10:21]  [行12] 解析成功: SZSE.300433 [蓝思科技] BUY @ 56.76 (VR:0.17)
[2026-06-26 19:10:21]  [行13] 解析成功: SZSE.300666 [江丰电子] SELL @ 360.16 (VR:0.09)
[2026-06-26 19:10:21]  [行14] 解析成功: SZSE.300259 [新天科技] BUY @ 5.68 (VR:0.31)
[2026-06-26 19:10:21]  [行15] 解析成功: SZSE.301018 [申菱环境] SELL @ 109.0 (VR:0.45)
[2026-06-26 19:10:21]  [行16] 解析成功: SZSE.300739 [明阳电路] BUY @ 34.49 (VR:0.29)
[2026-06-26 19:10:21]  [行17] 解析成功: SZSE.301171 [易点天下] BUY @ 33.19 (VR:0.74)
[2026-06-26 19:10:21]  [行18] 解析成功: SZSE.301226 [祥明智能] BUY @ 30.6 (VR:0.73)
[2026-06-26 19:10:21] 成功保存 18 条因子至: signal_batch_20260626_191021_474349.txt
[2026-06-26 19:10:21]  QQ-主 邮件 4906 处理完成
[2026-06-26 19:10:21]  QQ-主 正在解析因子: =?utf-8?b?QWxwaGFQaWxvdCDlrp7ml7bkv6Hlj7cgKGFscGhhX3NpZ25hbF90aHJfMjAyNjA2MjZfMTQwNS5qc29uKSBb5Li7UVEt5a+55aSWXQ==?=
[2026-06-26 19:10:21]  发现表格，共 35 行数据
[2026-06-26 19:10:21]  动态索引映射: ['股票代码', '股票名称', '信号', '当前价格', '量比', '来源过滤']
[2026-06-26 19:10:21]  [行1] 解析成功: SHSE.688110 [东芯股份] BUY @ 185.9 (VR:5.82)
[2026-06-26 19:10:21]  [行2] 解析成功: SHSE.688665 [四方光电] SELL @ 64.2 (VR:3.31)
[2026-06-26 19:10:21]  [行3] 解析成功: SHSE.688002 [睿创微纳] BUY @ 144.01 (VR:0.38)
[2026-06-26 19:10:21]  [行4] 解析成功: SHSE.688102 [斯瑞新材] BUY @ 44.17 (VR:0.26)
[2026-06-26 19:10:21]  [行5] 解析成功: SHSE.688227 [品高股份] BUY @ 98.0 (VR:0.24)
[2026-06-26 19:10:21]  [行6] 解析成功: SZSE.301045 [天禄科技] SELL @ 69.52 (VR:0.62)
[2026-06-26 19:10:21]  [行7] 解析成功: SZSE.300806 [斯迪克] SELL @ 117.21 (VR:0.03)
[2026-06-26 19:10:21]  [行8] 解析成功: SZSE.301322 [绿通科技] SELL @ 57.25 (VR:0.11)
[2026-06-26 19:10:21]  [行9] 解析成功: SZSE.300679 [电连技术] BUY @ 64.19 (VR:0.07)
[2026-06-26 19:10:21]  [行10] 解析成功: SZSE.301013 [利和兴] SELL @ 75.32 (VR:0.02)
[2026-06-26 19:10:21]  [行11] 解析成功: SZSE.300376 [易事特] SELL @ 5.23 (VR:0.21)
[2026-06-26 19:10:21]  [行12] 解析成功: SZSE.300620 [光库科技] SELL @ 365.68 (VR:0.19)
[2026-06-26 19:10:21]  [行13] 解析成功: SZSE.300790 [宇瞳光学] BUY @ 26.36 (VR:0.17)
[2026-06-26 19:10:21]  [行14] 解析成功: SZSE.300990 [同飞股份] SELL @ 103.49 (VR:0.44)
[2026-06-26 19:10:21]  [行15] 解析成功: SZSE.300921 [南凌科技] SELL @ 21.08 (VR:0.09)
[2026-06-26 19:10:21]  [行16] 解析成功: SZSE.300857 [协创数据] BUY @ 335.55 (VR:0.1)
[2026-06-26 19:10:21]  [行17] 解析成功: SZSE.000636 [风华高科] SELL @ 79.32 (VR:0.45)
[2026-06-26 19:10:21]  [行18] 解析成功: SHSE.688110 [东芯股份] BUY @ 186.95 (VR:2.3)
[2026-06-26 19:10:21]  [行19] 解析成功: SHSE.688665 [四方光电] SELL @ 64.04 (VR:5.97)
[2026-06-26 19:10:21]  [行20] 解析成功: SHSE.688002 [睿创微纳] BUY @ 144.22 (VR:0.36)
[2026-06-26 19:10:21]  [行21] 解析成功: SHSE.688102 [斯瑞新材] BUY @ 44.29 (VR:3.32)
[2026-06-26 19:10:21]  [行22] 解析成功: SHSE.688521 [芯原股份] SELL @ 340.8 (VR:0.95)
[2026-06-26 19:10:21]  [行23] 解析成功: SHSE.688227 [品高股份] BUY @ 98.18 (VR:0.4)
[2026-06-26 19:10:21]  [行24] 解析成功: SZSE.301045 [天禄科技] SELL @ 69.52 (VR:0.83)
[2026-06-26 19:10:21]  [行25] 解析成功: SZSE.300806 [斯迪克] SELL @ 117.13 (VR:0.01)
[2026-06-26 19:10:21]  [行26] 解析成功: SZSE.301322 [绿通科技] SELL @ 57.21 (VR:0.01)
[2026-06-26 19:10:21]  [行27] 解析成功: SZSE.300679 [电连技术] BUY @ 64.25 (VR:0.0)
[2026-06-26 19:10:21]  [行28] 解析成功: SZSE.301013 [利和兴] SELL @ 75.18 (VR:0.0)
[2026-06-26 19:10:21]  [行29] 解析成功: SZSE.300376 [易事特] SELL @ 5.23 (VR:0.68)
[2026-06-26 19:10:21]  [行30] 解析成功: SZSE.300620 [光库科技] SELL @ 365.66 (VR:0.14)
[2026-06-26 19:10:21]  [行31] 解析成功: SZSE.300790 [宇瞳光学] BUY @ 26.37 (VR:0.06)
[2026-06-26 19:10:21]  [行32] 解析成功: SZSE.300990 [同飞股份] SELL @ 103.33 (VR:0.05)
[2026-06-26 19:10:21]  [行33] 解析成功: SZSE.300921 [南凌科技] SELL @ 21.03 (VR:0.01)
[2026-06-26 19:10:21]  [行34] 解析成功: SZSE.300857 [协创数据] BUY @ 336.22 (VR:0.06)
[2026-06-26 19:10:21]  [行35] 解析成功: SZSE.000636 [风华高科] SELL @ 79.15 (VR:0.14)
[2026-06-26 19:10:21] 成功保存 35 条因子至: signal_batch_20260626_191021_720525.txt
[2026-06-26 19:10:21]  QQ-主 邮件 4907 处理完成
[2026-06-26 19:10:21]  QQ-主 正在解析因子: =?utf-8?b?QWxwaGFQaWxvdCDlrp7ml7bkv6Hlj7cgKGFscGhhX3NpZ25hbF90aHJfMjAyNjA2MjZfMTQwOS5qc29uKSBb5Li7UVEt5a+55aSWXQ==?=
[2026-06-26 19:10:21]  发现表格，共 32 行数据
[2026-06-26 19:10:21]  动态索引映射: ['股票代码', '股票名称', '信号', '当前价格', '量比', '来源过滤']
[2026-06-26 19:10:21]  [行1] 解析成功: SHSE.603773 [沃格光电] SELL @ 179.89 (VR:0.36)
[2026-06-26 19:10:21]  [行2] 解析成功: SHSE.603618 [杭电股份] SELL @ 52.05 (VR:0.16)
[2026-06-26 19:10:21]  [行3] 解析成功: SHSE.605111 [新洁能] SELL @ 84.13 (VR:0.4)
[2026-06-26 19:10:21]  [行4] 解析成功: SHSE.600259 [中稀有色] BUY @ 100.39 (VR:0.29)
[2026-06-26 19:10:21]  [行5] 解析成功: SHSE.603175 [超颖电子] SELL @ 89.61 (VR:0.75)
[2026-06-26 19:10:21]  [行6] 解析成功: SHSE.600909 [华安证券] SELL @ 12.23 (VR:0.9)
[2026-06-26 19:10:21]  [行7] 解析成功: SHSE.600460 [士兰微] SELL @ 50.66 (VR:0.23)
[2026-06-26 19:10:21]  [行8] 解析成功: SZSE.002718 [友邦吊顶] SELL @ 112.62 (VR:0.52)
[2026-06-26 19:10:21]  [行9] 解析成功: SZSE.002378 [章源钨业] SELL @ 37.03 (VR:0.33)
[2026-06-26 19:10:21]  [行10] 解析成功: SZSE.001339 [智微智能] SELL @ 129.6 (VR:0.67)
[2026-06-26 19:10:21]  [行11] 解析成功: SZSE.000593 [德龙汇能] SELL @ 21.82 (VR:0.62)
[2026-06-26 19:10:21]  [行12] 解析成功: SZSE.002552 [宝鼎科技] BUY @ 66.25 (VR:0.01)
[2026-06-26 19:10:21]  [行13] 解析成功: SZSE.003031 [中瓷电子] SELL @ 182.25 (VR:0.02)
[2026-06-26 19:10:21]  [行14] 解析成功: SZSE.002643 [万润股份] SELL @ 19.61 (VR:0.09)
[2026-06-26 19:10:21]  [行15] 解析成功: SZSE.001282 [三联锻造] SELL @ 19.88 (VR:0.03)
[2026-06-26 19:10:21]  [行16] 解析成功: SZSE.000920 [沃顿科技] BUY @ 14.33 (VR:0.33)
[2026-06-26 19:10:21]  [行17] 解析成功: SHSE.603773 [沃格光电] SELL @ 179.88 (VR:0.29)
[2026-06-26 19:10:21]  [行18] 解析成功: SHSE.603618 [杭电股份] SELL @ 52.0 (VR:0.74)
[2026-06-26 19:10:21]  [行19] 解析成功: SHSE.605111 [新洁能] SELL @ 84.13 (VR:0.36)
[2026-06-26 19:10:21]  [行20] 解析成功: SHSE.600259 [中稀有色] BUY @ 100.5 (VR:0.1)
[2026-06-26 19:10:21]  [行21] 解析成功: SHSE.603175 [超颖电子] SELL @ 89.6 (VR:0.16)
[2026-06-26 19:10:21]  [行22] 解析成功: SHSE.600909 [华安证券] SELL @ 12.2 (VR:0.86)
[2026-06-26 19:10:21]  [行23] 解析成功: SHSE.600460 [士兰微] SELL @ 50.62 (VR:0.47)
[2026-06-26 19:10:21]  [行24] 解析成功: SZSE.002718 [友邦吊顶] SELL @ 112.51 (VR:0.32)
[2026-06-26 19:10:21]  [行25] 解析成功: SZSE.002378 [章源钨业] SELL @ 37.0 (VR:0.2)
[2026-06-26 19:10:21]  [行26] 解析成功: SZSE.002768 [国恩股份] SELL @ 51.62 (VR:0.11)
[2026-06-26 19:10:21]  [行27] 解析成功: SZSE.001339 [智微智能] SELL @ 129.22 (VR:0.46)
[2026-06-26 19:10:21]  [行28] 解析成功: SZSE.000593 [德龙汇能] SELL @ 21.79 (VR:1.15)
[2026-06-26 19:10:21]  [行29] 解析成功: SZSE.002552 [宝鼎科技] BUY @ 66.53 (VR:0.07)
[2026-06-26 19:10:21]  [行30] 解析成功: SZSE.003031 [中瓷电子] SELL @ 181.88 (VR:0.24)
[2026-06-26 19:10:21]  [行31] 解析成功: SZSE.002643 [万润股份] SELL @ 19.59 (VR:0.22)
[2026-06-26 19:10:21]  [行32] 解析成功: SZSE.001282 [三联锻造] SELL @ 19.85 (VR:0.02)
[2026-06-26 19:10:21] 成功保存 32 条因子至: signal_batch_20260626_191021_952457.txt
[2026-06-26 19:10:22]  QQ-主 邮件 4908 处理完成
[2026-06-26 19:10:22]  QQ-主 正在解析因子: =?utf-8?b?QWxwaGFQaWxvdCDlrp7ml7bkv6Hlj7cgKGFscGhhX3NpZ25hbF90aHJfMjAyNjA2MjZfMTQxMy5qc29uKSBb5Li7UVEt5a+55aSWXQ==?=
[2026-06-26 19:10:22]  发现表格，共 26 行数据
[2026-06-26 19:10:22]  动态索引映射: ['股票代码', '股票名称', '信号', '当前价格', '量比', '来源过滤']
[2026-06-26 19:10:22]  [行1] 解析成功: SHSE.688700 [东威科技] SELL @ 94.18 (VR:0.43)
[2026-06-26 19:10:22]  [行2] 解析成功: SHSE.688777 [中控技术] SELL @ 120.46 (VR:0.57)
[2026-06-26 19:10:22]  [行3] 解析成功: SHSE.688286 [敏芯股份] SELL @ 103.2 (VR:1.16)
[2026-06-26 19:10:22]  [行4] 解析成功: SHSE.688511 [天微电子] BUY @ 29.25 (VR:0.09)
[2026-06-26 19:10:22]  [行5] 解析成功: SHSE.688386 [泛亚微透] SELL @ 92.77 (VR:0.62)
[2026-06-26 19:10:22]  [行6] 解析成功: SHSE.688059 [华锐精密] BUY @ 203.73 (VR:0.09)
[2026-06-26 19:10:22]  [行7] 解析成功: SZSE.300449 [汉邦高科] BUY @ 7.58 (VR:0.35)
[2026-06-26 19:10:22]  [行8] 解析成功: SZSE.002980 [华盛昌] BUY @ 120.33 (VR:0.15)
[2026-06-26 19:10:22]  [行9] 解析成功: SZSE.301252 [同星科技] SELL @ 42.1 (VR:0.17)
[2026-06-26 19:10:22]  [行10] 解析成功: SZSE.301392 [汇成真空] SELL @ 245.26 (VR:0.22)
[2026-06-26 19:10:22]  [行11] 解析成功: SZSE.300319 [麦捷科技] SELL @ 31.32 (VR:0.47)
[2026-06-26 19:10:22]  [行12] 解析成功: SZSE.300214 [日科化学] BUY @ 10.27 (VR:0.45)
[2026-06-26 19:10:22]  [行13] 解析成功: SHSE.688700 [东威科技] SELL @ 94.05 (VR:0.38)
[2026-06-26 19:10:22]  [行14] 解析成功: SHSE.688777 [中控技术] SELL @ 120.23 (VR:0.66)
[2026-06-26 19:10:22]  [行15] 解析成功: SHSE.688286 [敏芯股份] SELL @ 103.11 (VR:0.63)
[2026-06-26 19:10:22]  [行16] 解析成功: SHSE.688511 [天微电子] BUY @ 29.26 (VR:0.9)
[2026-06-26 19:10:22]  [行17] 解析成功: SHSE.688386 [泛亚微透] SELL @ 92.74 (VR:0.15)
[2026-06-26 19:10:22]  [行18] 解析成功: SHSE.688059 [华锐精密] BUY @ 204.01 (VR:0.07)
[2026-06-26 19:10:22]  [行19] 解析成功: SZSE.300449 [汉邦高科] BUY @ 7.59 (VR:0.0)
[2026-06-26 19:10:22]  [行20] 解析成功: SZSE.002980 [华盛昌] BUY @ 120.57 (VR:0.44)
[2026-06-26 19:10:22]  [行21] 解析成功: SZSE.301281 [利源制药] SELL @ 45.59 (VR:0.44)
[2026-06-26 19:10:22]  [行22] 解析成功: SZSE.300285 [国瓷材料] SELL @ 103.88 (VR:0.37)
[2026-06-26 19:10:22]  [行23] 解析成功: SZSE.301252 [同星科技] SELL @ 42.05 (VR:0.8)
[2026-06-26 19:10:22]  [行24] 解析成功: SZSE.301392 [汇成真空] SELL @ 244.94 (VR:0.22)
[2026-06-26 19:10:22]  [行25] 解析成功: SZSE.300319 [麦捷科技] SELL @ 31.25 (VR:1.36)
[2026-06-26 19:10:22]  [行26] 解析成功: SZSE.300214 [日科化学] BUY @ 10.28 (VR:0.4)
[2026-06-26 19:10:22] 成功保存 26 条因子至: signal_batch_20260626_191022_187172.txt
[2026-06-26 19:10:22]  QQ-主 邮件 4909 处理完成
[2026-06-26 19:10:22]  QQ-主 正在解析因子: =?utf-8?b?QWxwaGFQaWxvdCDlrp7ml7bkv6Hlj7cgKGFscGhhX3NpZ25hbF90aHJfMjAyNjA2MjZfMTQxNy5qc29uKSBb5Li7UVEt5a+55aSWXQ==?=
[2026-06-26 19:10:22]  发现表格，共 35 行数据
[2026-06-26 19:10:22]  动态索引映射: ['股票代码', '股票名称', '信号', '当前价格', '量比', '来源过滤']
[2026-06-26 19:10:22]  [行1] 解析成功: SHSE.688216 [气派科技] BUY @ 39.66 (VR:1.06)
[2026-06-26 19:10:22]  [行2] 解析成功: SHSE.688308 [欧科亿] BUY @ 183.58 (VR:0.14)
[2026-06-26 19:10:22]  [行3] 解析成功: SHSE.688721 [龙图光罩] BUY @ 53.98 (VR:1.09)
[2026-06-26 19:10:22]  [行4] 解析成功: SHSE.688733 [壹石通] BUY @ 38.8 (VR:0.09)
[2026-06-26 19:10:22]  [行5] 解析成功: SHSE.688138 [清溢光电] BUY @ 42.84 (VR:0.05)
[2026-06-26 19:10:22]  [行6] 解析成功: SZSE.300196 [长海股份] BUY @ 32.76 (VR:0.04)
[2026-06-26 19:10:22]  [行7] 解析成功: SZSE.300709 [精研科技] BUY @ 61.67 (VR:0.83)
[2026-06-26 19:10:22]  [行8] 解析成功: SZSE.301362 [民爆光电] SELL @ 191.0 (VR:0.18)
[2026-06-26 19:10:22]  [行9] 解析成功: SZSE.300221 [银禧科技] BUY @ 15.48 (VR:2.55)
[2026-06-26 19:10:22]  [行10] 解析成功: SZSE.300420 [五洋自控] BUY @ 9.71 (VR:0.47)
[2026-06-26 19:10:22]  [行11] 解析成功: SZSE.301323 [新莱福] BUY @ 85.68 (VR:0.3)
[2026-06-26 19:10:22]  [行12] 解析成功: SZSE.300661 [圣邦股份] BUY @ 131.25 (VR:0.46)
[2026-06-26 19:10:22]  [行13] 解析成功: SZSE.300780 [德恩精工] SELL @ 33.2 (VR:0.23)
[2026-06-26 19:10:22]  [行14] 解析成功: SZSE.301195 [北路智控] BUY @ 26.32 (VR:0.5)
[2026-06-26 19:10:22]  [行15] 解析成功: SZSE.300497 [富祥股份] BUY @ 20.65 (VR:0.85)
[2026-06-26 19:10:22]  [行16] 解析成功: SZSE.301183 [东田微] BUY @ 245.09 (VR:1.03)
[2026-06-26 19:10:22]  [行17] 解析成功: SZSE.300304 [云意电气] BUY @ 19.66 (VR:0.96)
[2026-06-26 19:10:22]  [行18] 解析成功: SZSE.300852 [四会富仕] SELL @ 56.55 (VR:0.24)
[2026-06-26 19:10:22]  [行19] 解析成功: SHSE.688216 [气派科技] BUY @ 39.68 (VR:0.16)
[2026-06-26 19:10:22]  [行20] 解析成功: SHSE.688308 [欧科亿] BUY @ 183.6 (VR:0.02)
[2026-06-26 19:10:22]  [行21] 解析成功: SHSE.688721 [龙图光罩] BUY @ 54.02 (VR:0.27)
[2026-06-26 19:10:22]  [行22] 解析成功: SHSE.688733 [壹石通] BUY @ 38.96 (VR:0.03)
[2026-06-26 19:10:22]  [行23] 解析成功: SHSE.688138 [清溢光电] BUY @ 43.08 (VR:0.31)
[2026-06-26 19:10:22]  [行24] 解析成功: SZSE.300196 [长海股份] BUY @ 32.79 (VR:0.39)
[2026-06-26 19:10:22]  [行25] 解析成功: SZSE.300709 [精研科技] BUY @ 61.75 (VR:0.54)
[2026-06-26 19:10:22]  [行26] 解析成功: SZSE.301362 [民爆光电] SELL @ 190.61 (VR:0.09)
[2026-06-26 19:10:22]  [行27] 解析成功: SZSE.300221 [银禧科技] BUY @ 15.49 (VR:0.27)
[2026-06-26 19:10:22]  [行28] 解析成功: SZSE.301323 [新莱福] BUY @ 85.75 (VR:0.16)
[2026-06-26 19:10:22]  [行29] 解析成功: SZSE.300661 [圣邦股份] BUY @ 131.39 (VR:0.4)
[2026-06-26 19:10:22]  [行30] 解析成功: SZSE.300780 [德恩精工] SELL @ 33.18 (VR:0.11)
[2026-06-26 19:10:22]  [行31] 解析成功: SZSE.301195 [北路智控] BUY @ 26.33 (VR:1.0)
[2026-06-26 19:10:22]  [行32] 解析成功: SZSE.300497 [富祥股份] BUY @ 20.69 (VR:1.15)
[2026-06-26 19:10:22]  [行33] 解析成功: SZSE.301183 [东田微] BUY @ 245.8 (VR:0.53)
[2026-06-26 19:10:22]  [行34] 解析成功: SZSE.300304 [云意电气] BUY @ 19.75 (VR:0.99)
[2026-06-26 19:10:22]  [行35] 解析成功: SZSE.300852 [四会富仕] SELL @ 56.52 (VR:0.01)
[2026-06-26 19:10:22] 成功保存 35 条因子至: signal_batch_20260626_191022_429132.txt
[2026-06-26 19:10:22]  QQ-主 邮件 4910 处理完成
[2026-06-26 19:10:22]  QQ-主 正在解析因子: =?utf-8?B?6aG65b635Yac5ZWG6ZO26KGM5L+h55So5Y2h55S15a2Q6LSm5Y2V?=
[2026-06-26 19:10:22] QQ-主 邮件 4911 无有效信号
[2026-06-26 19:10:22]  QQ-主 正在解析因子: =?utf-8?b?QWxwaGFQaWxvdCDlrp7ml7bkv6Hlj7cgKGFscGhhX3NpZ25hbF90aHJfMjAyNjA2MjZfMTQyMS5qc29uKSBb5Li7UVEt5a+55aSWXQ==?=
[2026-06-26 19:10:22]  发现表格，共 23 行数据
[2026-06-26 19:10:22]  动态索引映射: ['股票代码', '股票名称', '信号', '当前价格', '量比', '来源过滤']
[2026-06-26 19:10:22]  [行1] 解析成功: SZSE.300811 [铂力特] SELL @ 95.31 (VR:0.07)
[2026-06-26 19:10:22]  [行2] 解析成功: SZSE.300720 [海川智能] SELL @ 88.13 (VR:0.06)
[2026-06-26 19:10:22]  [行3] 解析成功: SZSE.300346 [南大光电] SELL @ 78.77 (VR:0.7)
[2026-06-26 19:10:22]  [行4] 解析成功: SZSE.300930 [屹通新材] SELL @ 29.13 (VR:0.02)
[2026-06-26 19:10:22]  [行5] 解析成功: SZSE.300433 [蓝思科技] SELL @ 56.0 (VR:0.74)
[2026-06-26 19:10:22]  [行6] 解析成功: SZSE.300666 [江丰电子] SELL @ 357.0 (VR:0.61)
[2026-06-26 19:10:22]  [行7] 解析成功: SZSE.000510 [新金路] SELL @ 25.27 (VR:0.82)
[2026-06-26 19:10:22]  [行8] 解析成功: SZSE.300259 [新天科技] SELL @ 5.62 (VR:0.47)
[2026-06-26 19:10:22]  [行9] 解析成功: SZSE.300739 [明阳电路] SELL @ 34.08 (VR:1.11)
[2026-06-26 19:10:22]  [行10] 解析成功: SZSE.301171 [易点天下] SELL @ 32.9 (VR:1.08)
[2026-06-26 19:10:22]  [行11] 解析成功: SZSE.300345 [华民股份] BUY @ 5.95 (VR:0.18)
[2026-06-26 19:10:22]  [行12] 解析成功: SZSE.300811 [铂力特] SELL @ 95.3 (VR:0.29)
[2026-06-26 19:10:22]  [行13] 解析成功: SZSE.300720 [海川智能] SELL @ 88.08 (VR:0.33)
[2026-06-26 19:10:22]  [行14] 解析成功: SZSE.300346 [南大光电] SELL @ 78.52 (VR:0.22)
[2026-06-26 19:10:22]  [行15] 解析成功: SZSE.300930 [屹通新材] SELL @ 29.11 (VR:0.18)
[2026-06-26 19:10:22]  [行16] 解析成功: SZSE.300433 [蓝思科技] SELL @ 55.99 (VR:0.49)
[2026-06-26 19:10:22]  [行17] 解析成功: SZSE.300666 [江丰电子] SELL @ 356.9 (VR:0.45)
[2026-06-26 19:10:22]  [行18] 解析成功: SZSE.000510 [新金路] SELL @ 25.25 (VR:0.16)
[2026-06-26 19:10:22]  [行19] 解析成功: SZSE.300259 [新天科技] SELL @ 5.61 (VR:0.45)
[2026-06-26 19:10:22]  [行20] 解析成功: SZSE.300739 [明阳电路] SELL @ 33.98 (VR:0.86)
[2026-06-26 19:10:22]  [行21] 解析成功: SZSE.301171 [易点天下] SELL @ 32.88 (VR:0.11)
[2026-06-26 19:10:22]  [行22] 解析成功: SZSE.301226 [祥明智能] BUY @ 30.41 (VR:1.12)
[2026-06-26 19:10:22]  [行23] 解析成功: SZSE.300345 [华民股份] BUY @ 5.96 (VR:0.45)
[2026-06-26 19:10:22] 成功保存 23 条因子至: signal_batch_20260626_191022_937387.txt
[2026-06-26 19:10:23]  QQ-主 邮件 4912 处理完成
[2026-06-26 19:10:23]  QQ-主 正在解析因子: =?utf-8?b?QWxwaGFQaWxvdCDlrp7ml7bkv6Hlj7cgKGFscGhhX3NpZ25hbF90aHJfMjAyNjA2MjZfMTQyOC5qc29uKSBb5Li7UVEt5a+55aSWXQ==?=
[2026-06-26 19:10:23]  发现表格，共 27 行数据
[2026-06-26 19:10:23]  动态索引映射: ['股票代码', '股票名称', '信号', '当前价格', '量比', '来源过滤']
[2026-06-26 19:10:23]  [行1] 解析成功: SHSE.688110 [东芯股份] SELL @ 185.35 (VR:0.21)
[2026-06-26 19:10:23]  [行2] 解析成功: SHSE.688002 [睿创微纳] SELL @ 143.29 (VR:0.62)
[2026-06-26 19:10:23]  [行3] 解析成功: SHSE.688521 [芯原股份] SELL @ 338.87 (VR:0.53)
[2026-06-26 19:10:23]  [行4] 解析成功: SZSE.301188 [力诺药包] BUY @ 71.36 (VR:0.03)
[2026-06-26 19:10:23]  [行5] 解析成功: SZSE.300806 [斯迪克] SELL @ 115.91 (VR:0.05)
[2026-06-26 19:10:23]  [行6] 解析成功: SZSE.300679 [电连技术] BUY @ 63.9 (VR:0.17)
[2026-06-26 19:10:23]  [行7] 解析成功: SZSE.301013 [利和兴] SELL @ 74.88 (VR:0.18)
[2026-06-26 19:10:23]  [行8] 解析成功: SZSE.300620 [光库科技] BUY @ 363.4 (VR:0.24)
[2026-06-26 19:10:23]  [行9] 解析成功: SZSE.300790 [宇瞳光学] SELL @ 26.16 (VR:0.74)
[2026-06-26 19:10:23]  [行10] 解析成功: SZSE.300990 [同飞股份] BUY @ 102.98 (VR:0.52)
[2026-06-26 19:10:23]  [行11] 解析成功: SZSE.300921 [南凌科技] BUY @ 20.98 (VR:0.13)
[2026-06-26 19:10:23]  [行12] 解析成功: SZSE.300857 [协创数据] BUY @ 332.85 (VR:0.26)
[2026-06-26 19:10:23]  [行13] 解析成功: SZSE.000636 [风华高科] BUY @ 78.24 (VR:0.08)
[2026-06-26 19:10:23]  [行14] 解析成功: SHSE.688002 [睿创微纳] SELL @ 143.25 (VR:0.55)
[2026-06-26 19:10:23]  [行15] 解析成功: SHSE.688102 [斯瑞新材] SELL @ 43.96 (VR:0.14)
[2026-06-26 19:10:23]  [行16] 解析成功: SHSE.688521 [芯原股份] SELL @ 338.36 (VR:0.23)
[2026-06-26 19:10:23]  [行17] 解析成功: SZSE.300689 [澄天伟业] BUY @ 62.76 (VR:0.3)
[2026-06-26 19:10:23]  [行18] 解析成功: SZSE.301188 [力诺药包] BUY @ 71.43 (VR:1.0)
[2026-06-26 19:10:23]  [行19] 解析成功: SZSE.300806 [斯迪克] SELL @ 115.82 (VR:0.61)
[2026-06-26 19:10:23]  [行20] 解析成功: SZSE.300679 [电连技术] BUY @ 63.92 (VR:0.16)
[2026-06-26 19:10:23]  [行21] 解析成功: SZSE.301013 [利和兴] SELL @ 74.18 (VR:1.17)
[2026-06-26 19:10:23]  [行22] 解析成功: SZSE.300620 [光库科技] BUY @ 363.6 (VR:0.05)
[2026-06-26 19:10:23]  [行23] 解析成功: SZSE.300790 [宇瞳光学] SELL @ 26.14 (VR:1.24)
[2026-06-26 19:10:23]  [行24] 解析成功: SZSE.300990 [同飞股份] BUY @ 103.13 (VR:0.14)
[2026-06-26 19:10:23]  [行25] 解析成功: SZSE.300921 [南凌科技] BUY @ 21.0 (VR:0.27)
[2026-06-26 19:10:23]  [行26] 解析成功: SZSE.300857 [协创数据] BUY @ 333.33 (VR:0.48)
[2026-06-26 19:10:23]  [行27] 解析成功: SZSE.000636 [风华高科] BUY @ 78.47 (VR:1.01)
[2026-06-26 19:10:23] 成功保存 27 条因子至: signal_batch_20260626_191023_187555.txt
[2026-06-26 19:10:23]  QQ-主 邮件 4913 处理完成
[2026-06-26 19:10:23]  QQ-主 正在解析因子: =?utf-8?b?QWxwaGFQaWxvdCDlrp7ml7bkv6Hlj7cgKGFscGhhX3NpZ25hbF90aHJfMjAyNjA2MjZfMTQzMi5qc29uKSBb5Li7UVEt5a+55aSWXQ==?=
[2026-06-26 19:10:23]  发现表格，共 32 行数据
[2026-06-26 19:10:23]  动态索引映射: ['股票代码', '股票名称', '信号', '当前价格', '量比', '来源过滤']
[2026-06-26 19:10:23]  [行1] 解析成功: SHSE.603773 [沃格光电] SELL @ 179.18 (VR:0.21)
[2026-06-26 19:10:23]  [行2] 解析成功: SHSE.603618 [杭电股份] SELL @ 52.55 (VR:0.24)
[2026-06-26 19:10:23]  [行3] 解析成功: SHSE.605111 [新洁能] BUY @ 83.8 (VR:0.16)
[2026-06-26 19:10:23]  [行4] 解析成功: SHSE.600259 [中稀有色] BUY @ 99.74 (VR:0.31)
[2026-06-26 19:10:23]  [行5] 解析成功: SHSE.603175 [超颖电子] BUY @ 89.22 (VR:0.33)
[2026-06-26 19:10:23]  [行6] 解析成功: SHSE.600909 [华安证券] BUY @ 11.92 (VR:2.94)
[2026-06-26 19:10:23]  [行7] 解析成功: SHSE.600460 [士兰微] BUY @ 50.18 (VR:0.81)
[2026-06-26 19:10:23]  [行8] 解析成功: SHSE.603206 [嘉环科技] SELL @ 16.56 (VR:0.12)
[2026-06-26 19:10:23]  [行9] 解析成功: SZSE.002718 [友邦吊顶] BUY @ 111.88 (VR:1.18)
[2026-06-26 19:10:23]  [行10] 解析成功: SZSE.002378 [章源钨业] SELL @ 36.75 (VR:0.31)
[2026-06-26 19:10:23]  [行11] 解析成功: SZSE.002768 [国恩股份] SELL @ 51.41 (VR:0.13)
[2026-06-26 19:10:23]  [行12] 解析成功: SZSE.001339 [智微智能] SELL @ 128.74 (VR:0.17)
[2026-06-26 19:10:23]  [行13] 解析成功: SZSE.000593 [德龙汇能] SELL @ 22.04 (VR:0.73)
[2026-06-26 19:10:23]  [行14] 解析成功: SZSE.002643 [万润股份] SELL @ 19.53 (VR:0.55)
[2026-06-26 19:10:23]  [行15] 解析成功: SZSE.002937 [兴瑞科技] SELL @ 45.51 (VR:0.95)
[2026-06-26 19:10:23]  [行16] 解析成功: SHSE.603773 [沃格光电] SELL @ 179.02 (VR:0.34)
[2026-06-26 19:10:23]  [行17] 解析成功: SHSE.603618 [杭电股份] SELL @ 52.38 (VR:0.06)
[2026-06-26 19:10:23]  [行18] 解析成功: SHSE.605111 [新洁能] BUY @ 83.84 (VR:0.03)
[2026-06-26 19:10:23]  [行19] 解析成功: SHSE.600259 [中稀有色] BUY @ 99.88 (VR:0.16)
[2026-06-26 19:10:23]  [行20] 解析成功: SHSE.603175 [超颖电子] BUY @ 89.24 (VR:0.17)
[2026-06-26 19:10:23]  [行21] 解析成功: SHSE.600909 [华安证券] BUY @ 12.01 (VR:0.51)
[2026-06-26 19:10:23]  [行22] 解析成功: SHSE.600460 [士兰微] BUY @ 50.21 (VR:0.23)
[2026-06-26 19:10:23]  [行23] 解析成功: SHSE.603206 [嘉环科技] SELL @ 16.54 (VR:0.85)
[2026-06-26 19:10:23]  [行24] 解析成功: SZSE.002718 [友邦吊顶] BUY @ 112.07 (VR:1.31)
[2026-06-26 19:10:23]  [行25] 解析成功: SZSE.002378 [章源钨业] SELL @ 36.66 (VR:0.27)
[2026-06-26 19:10:23]  [行26] 解析成功: SZSE.002768 [国恩股份] SELL @ 51.34 (VR:0.64)
[2026-06-26 19:10:23]  [行27] 解析成功: SZSE.001339 [智微智能] SELL @ 128.48 (VR:1.67)
[2026-06-26 19:10:23]  [行28] 解析成功: SZSE.000593 [德龙汇能] SELL @ 22.01 (VR:0.72)
[2026-06-26 19:10:23]  [行29] 解析成功: SZSE.002552 [宝鼎科技] SELL @ 66.28 (VR:0.45)
[2026-06-26 19:10:23]  [行30] 解析成功: SZSE.002643 [万润股份] SELL @ 19.49 (VR:1.11)
[2026-06-26 19:10:23]  [行31] 解析成功: SZSE.002937 [兴瑞科技] SELL @ 45.33 (VR:1.6)
[2026-06-26 19:10:23]  [行32] 解析成功: SZSE.000920 [沃顿科技] SELL @ 14.29 (VR:0.14)
[2026-06-26 19:10:23] 成功保存 32 条因子至: signal_batch_20260626_191023_438845.txt
[2026-06-26 19:10:23]  QQ-主 邮件 4914 处理完成
[2026-06-26 19:10:23]  QQ-主 正在解析因子: =?utf-8?b?QWxwaGFQaWxvdCDlrp7ml7bkv6Hlj7cgKGFscGhhX3NpZ25hbF90aHJfMjAyNjA2MjZfMTQzNS5qc29uKSBb5Li7UVEt5a+55aSWXQ==?=
[2026-06-26 19:10:23]  发现表格，共 14 行数据
[2026-06-26 19:10:23]  动态索引映射: ['股票代码', '股票名称', '信号', '当前价格', '量比', '来源过滤']
[2026-06-26 19:10:23]  [行1] 解析成功: SHSE.688700 [东威科技] SELL @ 93.66 (VR:0.27)
[2026-06-26 19:10:23]  [行2] 解析成功: SHSE.688777 [中控技术] SELL @ 119.21 (VR:0.15)
[2026-06-26 19:10:23]  [行3] 解析成功: SHSE.688286 [敏芯股份] BUY @ 102.13 (VR:0.34)
[2026-06-26 19:10:23]  [行4] 解析成功: SHSE.688386 [泛亚微透] BUY @ 94.08 (VR:3.53)
[2026-06-26 19:10:23]  [行5] 解析成功: SZSE.002980 [华盛昌] SELL @ 119.23 (VR:1.27)
[2026-06-26 19:10:23]  [行6] 解析成功: SZSE.301392 [汇成真空] BUY @ 244.01 (VR:0.97)
[2026-06-26 19:10:23]  [行7] 解析成功: SZSE.300319 [麦捷科技] BUY @ 30.98 (VR:0.56)
[2026-06-26 19:10:23]  [行8] 解析成功: SHSE.688700 [东威科技] SELL @ 93.57 (VR:0.03)
[2026-06-26 19:10:23]  [行9] 解析成功: SHSE.688777 [中控技术] SELL @ 119.2 (VR:0.15)
[2026-06-26 19:10:23]  [行10] 解析成功: SHSE.688286 [敏芯股份] BUY @ 102.3 (VR:0.09)
[2026-06-26 19:10:23]  [行11] 解析成功: SHSE.688386 [泛亚微透] BUY @ 94.34 (VR:4.14)
[2026-06-26 19:10:23]  [行12] 解析成功: SZSE.002980 [华盛昌] SELL @ 118.95 (VR:0.6)
[2026-06-26 19:10:23]  [行13] 解析成功: SZSE.301392 [汇成真空] BUY @ 244.6 (VR:1.62)
[2026-06-26 19:10:23]  [行14] 解析成功: SZSE.300319 [麦捷科技] BUY @ 31.09 (VR:0.77)
[2026-06-26 19:10:23] 成功保存 14 条因子至: signal_batch_20260626_191023_676893.txt
[2026-06-26 19:10:23]  QQ-主 邮件 4915 处理完成
[2026-06-26 19:10:23]  QQ-主 正在解析因子: =?utf-8?b?QWxwaGFQaWxvdCDlrp7ml7bkv6Hlj7cgKGFscGhhX3NpZ25hbF90aHJfMjAyNjA2MjZfMTQzNy5qc29uKSBb5Li7UVEt5a+55aSWXQ==?=
[2026-06-26 19:10:23]  发现表格，共 30 行数据
[2026-06-26 19:10:23]  动态索引映射: ['股票代码', '股票名称', '信号', '当前价格', '量比', '来源过滤']
[2026-06-26 19:10:23]  [行1] 解析成功: SHSE.688216 [气派科技] BUY @ 39.91 (VR:0.52)
[2026-06-26 19:10:23]  [行2] 解析成功: SHSE.688308 [欧科亿] BUY @ 185.0 (VR:0.3)
[2026-06-26 19:10:23]  [行3] 解析成功: SHSE.688721 [龙图光罩] BUY @ 54.41 (VR:0.32)
[2026-06-26 19:10:23]  [行4] 解析成功: SHSE.688733 [壹石通] BUY @ 39.1 (VR:0.31)
[2026-06-26 19:10:23]  [行5] 解析成功: SHSE.688249 [晶合集成] BUY @ 58.35 (VR:0.46)
[2026-06-26 19:10:23]  [行6] 解析成功: SHSE.688138 [清溢光电] BUY @ 42.68 (VR:1.1)
[2026-06-26 19:10:23]  [行7] 解析成功: SZSE.300088 [长信科技] BUY @ 11.73 (VR:0.97)
[2026-06-26 19:10:23]  [行8] 解析成功: SZSE.300709 [精研科技] SELL @ 61.86 (VR:0.14)
[2026-06-26 19:10:23]  [行9] 解析成功: SZSE.301362 [民爆光电] SELL @ 190.01 (VR:0.19)
[2026-06-26 19:10:23]  [行10] 解析成功: SZSE.300221 [银禧科技] BUY @ 15.57 (VR:0.07)
[2026-06-26 19:10:23]  [行11] 解析成功: SZSE.301323 [新莱福] BUY @ 87.34 (VR:0.7)
[2026-06-26 19:10:23]  [行12] 解析成功: SZSE.300780 [德恩精工] BUY @ 32.89 (VR:0.5)
[2026-06-26 19:10:23]  [行13] 解析成功: SZSE.301195 [北路智控] SELL @ 26.47 (VR:0.31)
[2026-06-26 19:10:23]  [行14] 解析成功: SZSE.300304 [云意电气] BUY @ 19.56 (VR:0.23)
[2026-06-26 19:10:23]  [行15] 解析成功: SZSE.300852 [四会富仕] SELL @ 56.54 (VR:2.77)
[2026-06-26 19:10:23]  [行16] 解析成功: SHSE.688216 [气派科技] BUY @ 39.98 (VR:0.22)
[2026-06-26 19:10:23]  [行17] 解析成功: SHSE.688308 [欧科亿] BUY @ 185.07 (VR:0.86)
[2026-06-26 19:10:23]  [行18] 解析成功: SHSE.688721 [龙图光罩] BUY @ 54.46 (VR:0.6)
[2026-06-26 19:10:23]  [行19] 解析成功: SHSE.688733 [壹石通] BUY @ 39.2 (VR:2.59)
[2026-06-26 19:10:23]  [行20] 解析成功: SHSE.688249 [晶合集成] BUY @ 58.69 (VR:1.3)
[2026-06-26 19:10:23]  [行21] 解析成功: SHSE.688138 [清溢光电] BUY @ 42.79 (VR:1.01)
[2026-06-26 19:10:23]  [行22] 解析成功: SZSE.300088 [长信科技] BUY @ 11.75 (VR:0.28)
[2026-06-26 19:10:23]  [行23] 解析成功: SZSE.300709 [精研科技] SELL @ 61.82 (VR:0.18)
[2026-06-26 19:10:23]  [行24] 解析成功: SZSE.301362 [民爆光电] SELL @ 190.0 (VR:0.83)
[2026-06-26 19:10:23]  [行25] 解析成功: SZSE.300221 [银禧科技] BUY @ 15.59 (VR:0.16)
[2026-06-26 19:10:23]  [行26] 解析成功: SZSE.301323 [新莱福] BUY @ 87.45 (VR:2.44)
[2026-06-26 19:10:23]  [行27] 解析成功: SZSE.300780 [德恩精工] BUY @ 32.9 (VR:0.52)
[2026-06-26 19:10:23]  [行28] 解析成功: SZSE.301195 [北路智控] SELL @ 26.46 (VR:0.35)
[2026-06-26 19:10:23]  [行29] 解析成功: SZSE.300304 [云意电气] BUY @ 19.63 (VR:0.39)
[2026-06-26 19:10:23]  [行30] 解析成功: SZSE.300852 [四会富仕] SELL @ 56.51 (VR:0.54)
[2026-06-26 19:10:23] 成功保存 30 条因子至: signal_batch_20260626_191023_921993.txt
[2026-06-26 19:10:24]  QQ-主 邮件 4916 处理完成
[2026-06-26 19:10:24]  QQ-主 正在解析因子: =?utf-8?b?QWxwaGFQaWxvdCDlrp7ml7bkv6Hlj7cgKGFscGhhX3NpZ25hbF90aHJfMjAyNjA2MjZfMTQ0MC5qc29uKSBb5Li7UVEt5a+55aSWXQ==?=
[2026-06-26 19:10:24]  发现表格，共 24 行数据
[2026-06-26 19:10:24]  动态索引映射: ['股票代码', '股票名称', '信号', '当前价格', '量比', '来源过滤']
[2026-06-26 19:10:24]  [行1] 解析成功: SHSE.600353 [旭光电子] BUY @ 47.72 (VR:0.3)
[2026-06-26 19:10:24]  [行2] 解析成功: SHSE.688392 [娇成超声] BUY @ 200.99 (VR:1.24)
[2026-06-26 19:10:24]  [行3] 解析成功: SZSE.300811 [铂力特] BUY @ 95.43 (VR:0.1)
[2026-06-26 19:10:24]  [行4] 解析成功: SZSE.300720 [海川智能] BUY @ 88.69 (VR:0.82)
[2026-06-26 19:10:24]  [行5] 解析成功: SZSE.300346 [南大光电] BUY @ 78.65 (VR:0.26)
[2026-06-26 19:10:24]  [行6] 解析成功: SZSE.300930 [屹通新材] BUY @ 29.29 (VR:0.07)
[2026-06-26 19:10:24]  [行7] 解析成功: SZSE.300433 [蓝思科技] BUY @ 55.79 (VR:0.73)
[2026-06-26 19:10:24]  [行8] 解析成功: SZSE.300666 [江丰电子] SELL @ 355.1 (VR:0.84)
[2026-06-26 19:10:24]  [行9] 解析成功: SZSE.300936 [中英科技] BUY @ 99.8 (VR:3.27)
[2026-06-26 19:10:24]  [行10] 解析成功: SZSE.300739 [明阳电路] BUY @ 34.03 (VR:0.0)
[2026-06-26 19:10:24]  [行11] 解析成功: SZSE.301171 [易点天下] BUY @ 33.12 (VR:0.44)
[2026-06-26 19:10:24]  [行12] 解析成功: SZSE.301226 [祥明智能] SELL @ 30.64 (VR:0.17)
[2026-06-26 19:10:24]  [行13] 解析成功: SHSE.600353 [旭光电子] BUY @ 47.77 (VR:0.5)
[2026-06-26 19:10:24]  [行14] 解析成功: SHSE.688392 [娇成超声] BUY @ 201.88 (VR:1.08)
[2026-06-26 19:10:24]  [行15] 解析成功: SZSE.300811 [铂力特] BUY @ 95.77 (VR:0.1)
[2026-06-26 19:10:24]  [行16] 解析成功: SZSE.300720 [海川智能] BUY @ 89.03 (VR:1.13)
[2026-06-26 19:10:24]  [行17] 解析成功: SZSE.300346 [南大光电] BUY @ 78.7 (VR:0.68)
[2026-06-26 19:10:24]  [行18] 解析成功: SZSE.300930 [屹通新材] BUY @ 29.37 (VR:0.19)
[2026-06-26 19:10:24]  [行19] 解析成功: SZSE.300433 [蓝思科技] BUY @ 55.82 (VR:0.76)
[2026-06-26 19:10:24]  [行20] 解析成功: SZSE.300666 [江丰电子] SELL @ 354.97 (VR:0.38)
[2026-06-26 19:10:24]  [行21] 解析成功: SZSE.300936 [中英科技] BUY @ 100.66 (VR:1.53)
[2026-06-26 19:10:24]  [行22] 解析成功: SZSE.300739 [明阳电路] BUY @ 34.08 (VR:0.22)
[2026-06-26 19:10:24]  [行23] 解析成功: SZSE.301171 [易点天下] BUY @ 33.17 (VR:0.15)
[2026-06-26 19:10:24]  [行24] 解析成功: SZSE.301226 [祥明智能] SELL @ 30.61 (VR:0.16)
[2026-06-26 19:10:24] 成功保存 24 条因子至: signal_batch_20260626_191024_168306.txt
[2026-06-26 19:10:24]  QQ-主 邮件 4917 处理完成
[2026-06-26 19:10:24]  QQ-主 正在解析因子: =?utf-8?b?QWxwaGFQaWxvdCDlrp7ml7bkv6Hlj7cgKGFscGhhX3NpZ25hbF90aHJfMjAyNjA2MjZfMTQ0My5qc29uKSBb5Li7UVEt5a+55aSWXQ==?=
[2026-06-26 19:10:24]  发现表格，共 22 行数据
[2026-06-26 19:10:24]  动态索引映射: ['股票代码', '股票名称', '信号', '当前价格', '量比', '来源过滤']
[2026-06-26 19:10:24]  [行1] 解析成功: SHSE.688665 [四方光电] SELL @ 64.02 (VR:0.15)
[2026-06-26 19:10:24]  [行2] 解析成功: SHSE.688002 [睿创微纳] BUY @ 143.83 (VR:0.01)
[2026-06-26 19:10:24]  [行3] 解析成功: SZSE.301188 [力诺药包] SELL @ 71.4 (VR:0.19)
[2026-06-26 19:10:24]  [行4] 解析成功: SZSE.300806 [斯迪克] BUY @ 115.38 (VR:0.45)
[2026-06-26 19:10:24]  [行5] 解析成功: SZSE.300679 [电连技术] SELL @ 64.08 (VR:0.37)
[2026-06-26 19:10:24]  [行6] 解析成功: SZSE.301013 [利和兴] SELL @ 74.72 (VR:1.18)
[2026-06-26 19:10:24]  [行7] 解析成功: SZSE.300620 [光库科技] BUY @ 365.0 (VR:1.85)
[2026-06-26 19:10:24]  [行8] 解析成功: SZSE.300790 [宇瞳光学] BUY @ 26.1 (VR:0.44)
[2026-06-26 19:10:24]  [行9] 解析成功: SZSE.300990 [同飞股份] SELL @ 103.17 (VR:0.01)
[2026-06-26 19:10:24]  [行10] 解析成功: SZSE.300921 [南凌科技] SELL @ 21.09 (VR:0.01)
[2026-06-26 19:10:24]  [行11] 解析成功: SZSE.300857 [协创数据] BUY @ 332.4 (VR:0.02)
[2026-06-26 19:10:24]  [行12] 解析成功: SHSE.688665 [四方光电] SELL @ 63.9 (VR:0.42)
[2026-06-26 19:10:24]  [行13] 解析成功: SHSE.688002 [睿创微纳] BUY @ 143.99 (VR:0.27)
[2026-06-26 19:10:24]  [行14] 解析成功: SZSE.301188 [力诺药包] SELL @ 71.29 (VR:0.49)
[2026-06-26 19:10:24]  [行15] 解析成功: SZSE.300806 [斯迪克] BUY @ 115.47 (VR:0.81)
[2026-06-26 19:10:24]  [行16] 解析成功: SZSE.300679 [电连技术] SELL @ 63.96 (VR:0.34)
[2026-06-26 19:10:24]  [行17] 解析成功: SZSE.301013 [利和兴] SELL @ 74.28 (VR:0.43)
[2026-06-26 19:10:24]  [行18] 解析成功: SZSE.300620 [光库科技] BUY @ 365.19 (VR:0.3)
[2026-06-26 19:10:24]  [行19] 解析成功: SZSE.300790 [宇瞳光学] BUY @ 26.12 (VR:0.1)
[2026-06-26 19:10:24]  [行20] 解析成功: SZSE.300990 [同飞股份] SELL @ 103.08 (VR:0.01)
[2026-06-26 19:10:24]  [行21] 解析成功: SZSE.300921 [南凌科技] SELL @ 21.08 (VR:0.01)
[2026-06-26 19:10:24]  [行22] 解析成功: SZSE.300857 [协创数据] BUY @ 332.84 (VR:0.02)
[2026-06-26 19:10:24] 成功保存 22 条因子至: signal_batch_20260626_191024_415793.txt
[2026-06-26 19:10:24]  QQ-主 邮件 4918 处理完成
[2026-06-26 19:10:24]  QQ-主 正在解析因子: =?utf-8?b?QWxwaGFQaWxvdCDlrp7ml7bkv6Hlj7cgKGFscGhhX3NpZ25hbF90aHJfMjAyNjA2MjZfMTQ0NS5qc29uKSBb5Li7UVEt5a+55aSWXQ==?=
[2026-06-26 19:10:24]  发现表格，共 22 行数据
[2026-06-26 19:10:24]  动态索引映射: ['股票代码', '股票名称', '信号', '当前价格', '量比', '来源过滤']
[2026-06-26 19:10:24]  [行1] 解析成功: SHSE.603773 [沃格光电] BUY @ 178.9 (VR:0.6)
[2026-06-26 19:10:24]  [行2] 解析成功: SHSE.603618 [杭电股份] SELL @ 52.49 (VR:0.48)
[2026-06-26 19:10:24]  [行3] 解析成功: SHSE.603175 [超颖电子] SELL @ 89.33 (VR:0.35)
[2026-06-26 19:10:24]  [行4] 解析成功: SHSE.600460 [士兰微] BUY @ 50.65 (VR:0.7)
[2026-06-26 19:10:24]  [行5] 解析成功: SHSE.603206 [嘉环科技] BUY @ 16.59 (VR:0.88)
[2026-06-26 19:10:24]  [行6] 解析成功: SZSE.002718 [友邦吊顶] SELL @ 112.28 (VR:0.06)
[2026-06-26 19:10:24]  [行7] 解析成功: SZSE.002378 [章源钨业] BUY @ 36.6 (VR:0.05)
[2026-06-26 19:10:24]  [行8] 解析成功: SZSE.002768 [国恩股份] BUY @ 51.26 (VR:0.01)
[2026-06-26 19:10:24]  [行9] 解析成功: SZSE.001339 [智微智能] BUY @ 128.69 (VR:0.06)
[2026-06-26 19:10:24]  [行10] 解析成功: SZSE.000593 [德龙汇能] BUY @ 22.0 (VR:0.02)
[2026-06-26 19:10:24]  [行11] 解析成功: SZSE.002937 [兴瑞科技] BUY @ 45.41 (VR:0.9)
[2026-06-26 19:10:24]  [行12] 解析成功: SHSE.603773 [沃格光电] BUY @ 179.12 (VR:0.66)
[2026-06-26 19:10:24]  [行13] 解析成功: SHSE.603618 [杭电股份] SELL @ 52.48 (VR:0.27)
[2026-06-26 19:10:24]  [行14] 解析成功: SHSE.603175 [超颖电子] SELL @ 89.31 (VR:0.92)
[2026-06-26 19:10:24]  [行15] 解析成功: SHSE.600460 [士兰微] BUY @ 50.69 (VR:0.02)
[2026-06-26 19:10:24]  [行16] 解析成功: SHSE.603206 [嘉环科技] BUY @ 16.6 (VR:0.01)
[2026-06-26 19:10:24]  [行17] 解析成功: SZSE.002718 [友邦吊顶] SELL @ 111.88 (VR:0.1)
[2026-06-26 19:10:24]  [行18] 解析成功: SZSE.002378 [章源钨业] BUY @ 36.63 (VR:0.1)
[2026-06-26 19:10:24]  [行19] 解析成功: SZSE.002768 [国恩股份] BUY @ 51.29 (VR:0.06)
[2026-06-26 19:10:24]  [行20] 解析成功: SZSE.001339 [智微智能] BUY @ 128.71 (VR:0.14)
[2026-06-26 19:10:24]  [行21] 解析成功: SZSE.000593 [德龙汇能] BUY @ 22.02 (VR:0.15)
[2026-06-26 19:10:24]  [行22] 解析成功: SZSE.002937 [兴瑞科技] BUY @ 45.5 (VR:0.58)
[2026-06-26 19:10:24] 成功保存 22 条因子至: signal_batch_20260626_191024_668029.txt
[2026-06-26 19:10:24]  QQ-主 邮件 4919 处理完成
[2026-06-26 19:10:24]  QQ-主 正在解析因子: =?utf-8?b?QWxwaGFQaWxvdCDlrp7ml7bkv6Hlj7cgKGFscGhhX3NpZ25hbF90aHJfMjAyNjA2MjZfMTQ0OC5qc29uKSBb5Li7UVEt5a+55aSWXQ==?=
[2026-06-26 19:10:24]  发现表格，共 22 行数据
[2026-06-26 19:10:24]  动态索引映射: ['股票代码', '股票名称', '信号', '当前价格', '量比', '来源过滤']
[2026-06-26 19:10:24]  [行1] 解析成功: SHSE.688700 [东威科技] BUY @ 94.61 (VR:0.03)
[2026-06-26 19:10:24]  [行2] 解析成功: SHSE.688777 [中控技术] BUY @ 119.77 (VR:0.71)
[2026-06-26 19:10:24]  [行3] 解析成功: SHSE.688286 [敏芯股份] SELL @ 102.58 (VR:0.3)
[2026-06-26 19:10:24]  [行4] 解析成功: SHSE.688059 [华锐精密] BUY @ 203.29 (VR:0.79)
[2026-06-26 19:10:24]  [行5] 解析成功: SZSE.301419 [瑞可达] BUY @ 46.48 (VR:0.88)
[2026-06-26 19:10:24]  [行6] 解析成功: SZSE.300643 [万通智控] SELL @ 18.73 (VR:1.4)
[2026-06-26 19:10:24]  [行7] 解析成功: SZSE.002980 [华盛昌] BUY @ 117.43 (VR:1.29)
[2026-06-26 19:10:24]  [行8] 解析成功: SZSE.301281 [利源制药] BUY @ 45.68 (VR:0.32)
[2026-06-26 19:10:24]  [行9] 解析成功: SZSE.300285 [国瓷材料] BUY @ 103.86 (VR:0.51)
[2026-06-26 19:10:24]  [行10] 解析成功: SZSE.301392 [汇成真空] BUY @ 244.94 (VR:0.08)
[2026-06-26 19:10:24]  [行11] 解析成功: SZSE.300234 [开尔新材] SELL @ 11.19 (VR:0.01)
[2026-06-26 19:10:24]  [行12] 解析成功: SHSE.688700 [东威科技] BUY @ 95.0 (VR:0.13)
[2026-06-26 19:10:24]  [行13] 解析成功: SHSE.688777 [中控技术] BUY @ 119.79 (VR:0.1)
[2026-06-26 19:10:24]  [行14] 解析成功: SHSE.688286 [敏芯股份] SELL @ 102.46 (VR:0.15)
[2026-06-26 19:10:24]  [行15] 解析成功: SHSE.688059 [华锐精密] BUY @ 203.35 (VR:0.58)
[2026-06-26 19:10:24]  [行16] 解析成功: SZSE.301419 [瑞可达] BUY @ 46.61 (VR:0.63)
[2026-06-26 19:10:24]  [行17] 解析成功: SZSE.300643 [万通智控] SELL @ 18.69 (VR:1.27)
[2026-06-26 19:10:24]  [行18] 解析成功: SZSE.002980 [华盛昌] BUY @ 118.11 (VR:3.57)
[2026-06-26 19:10:24]  [行19] 解析成功: SZSE.301281 [利源制药] BUY @ 45.73 (VR:0.49)
[2026-06-26 19:10:24]  [行20] 解析成功: SZSE.300285 [国瓷材料] BUY @ 103.95 (VR:0.54)
[2026-06-26 19:10:24]  [行21] 解析成功: SZSE.301392 [汇成真空] BUY @ 245.18 (VR:0.05)
[2026-06-26 19:10:24]  [行22] 解析成功: SZSE.300234 [开尔新材] SELL @ 11.18 (VR:0.15)
[2026-06-26 19:10:24] 成功保存 22 条因子至: signal_batch_20260626_191024_904035.txt
[2026-06-26 19:10:25]  QQ-主 邮件 4920 处理完成
[2026-06-26 19:10:25]  QQ-主 正在解析因子: =?utf-8?b?QWxwaGFQaWxvdCDlrp7ml7bkv6Hlj7cgKGFscGhhX3NpZ25hbF90aHJfMjAyNjA2MjZfMTQ1MC5qc29uKSBb5Li7UVEt5a+55aSWXQ==?=
[2026-06-26 19:10:25]  发现表格，共 24 行数据
[2026-06-26 19:10:25]  动态索引映射: ['股票代码', '股票名称', '信号', '当前价格', '量比', '来源过滤']
[2026-06-26 19:10:25]  [行1] 解析成功: SHSE.688308 [欧科亿] SELL @ 191.1 (VR:0.79)
[2026-06-26 19:10:25]  [行2] 解析成功: SHSE.688721 [龙图光罩] SELL @ 54.2 (VR:1.22)
[2026-06-26 19:10:25]  [行3] 解析成功: SHSE.688249 [晶合集成] BUY @ 58.64 (VR:0.55)
[2026-06-26 19:10:25]  [行4] 解析成功: SZSE.300088 [长信科技] SELL @ 11.72 (VR:0.04)
[2026-06-26 19:10:25]  [行5] 解析成功: SZSE.300709 [精研科技] BUY @ 61.65 (VR:0.28)
[2026-06-26 19:10:25]  [行6] 解析成功: SZSE.301362 [民爆光电] BUY @ 191.2 (VR:0.01)
[2026-06-26 19:10:25]  [行7] 解析成功: SZSE.300420 [五洋自控] SELL @ 9.71 (VR:0.28)
[2026-06-26 19:10:25]  [行8] 解析成功: SZSE.300661 [圣邦股份] BUY @ 131.63 (VR:0.23)
[2026-06-26 19:10:25]  [行9] 解析成功: SZSE.300780 [德恩精工] BUY @ 33.09 (VR:0.27)
[2026-06-26 19:10:25]  [行10] 解析成功: SZSE.300497 [富祥股份] BUY @ 20.71 (VR:0.85)
[2026-06-26 19:10:25]  [行11] 解析成功: SZSE.300304 [云意电气] BUY @ 19.62 (VR:0.36)
[2026-06-26 19:10:25]  [行12] 解析成功: SZSE.300852 [四会富仕] SELL @ 56.69 (VR:0.24)
[2026-06-26 19:10:25]  [行13] 解析成功: SHSE.688308 [欧科亿] SELL @ 191.0 (VR:0.92)
[2026-06-26 19:10:25]  [行14] 解析成功: SHSE.688721 [龙图光罩] SELL @ 54.14 (VR:0.44)
[2026-06-26 19:10:25]  [行15] 解析成功: SHSE.688249 [晶合集成] BUY @ 58.66 (VR:0.54)
[2026-06-26 19:10:25]  [行16] 解析成功: SZSE.300088 [长信科技] SELL @ 11.71 (VR:0.08)
[2026-06-26 19:10:25]  [行17] 解析成功: SZSE.300709 [精研科技] BUY @ 61.68 (VR:0.28)
[2026-06-26 19:10:25]  [行18] 解析成功: SZSE.301362 [民爆光电] BUY @ 191.3 (VR:0.09)
[2026-06-26 19:10:25]  [行19] 解析成功: SZSE.300420 [五洋自控] SELL @ 9.7 (VR:0.37)
[2026-06-26 19:10:25]  [行20] 解析成功: SZSE.300661 [圣邦股份] BUY @ 131.72 (VR:0.47)
[2026-06-26 19:10:25]  [行21] 解析成功: SZSE.300780 [德恩精工] BUY @ 33.11 (VR:0.22)
[2026-06-26 19:10:25]  [行22] 解析成功: SZSE.300497 [富祥股份] BUY @ 20.72 (VR:0.65)
[2026-06-26 19:10:25]  [行23] 解析成功: SZSE.300304 [云意电气] BUY @ 19.66 (VR:0.16)
[2026-06-26 19:10:25]  [行24] 解析成功: SZSE.300852 [四会富仕] SELL @ 56.62 (VR:0.94)
[2026-06-26 19:10:25] 成功保存 24 条因子至: signal_batch_20260626_191025_141870.txt
[2026-06-26 19:10:25]  QQ-主 邮件 4921 处理完成
[2026-06-26 19:10:25]  QQ-主 正在解析因子: =?utf-8?b?QWxwaGFQaWxvdCDlrp7ml7bkv6Hlj7cgKGFscGhhX3NpZ25hbF90aHJfMjAyNjA2MjZfMTQ1My5qc29uKSBb5Li7UVEt5a+55aSWXQ==?=
[2026-06-26 19:10:25]  发现表格，共 22 行数据
[2026-06-26 19:10:25]  动态索引映射: ['股票代码', '股票名称', '信号', '当前价格', '量比', '来源过滤']
[2026-06-26 19:10:25]  [行1] 解析成功: SZSE.300811 [铂力特] SELL @ 95.19 (VR:0.26)
[2026-06-26 19:10:25]  [行2] 解析成功: SZSE.300720 [海川智能] BUY @ 88.9 (VR:1.04)
[2026-06-26 19:10:25]  [行3] 解析成功: SZSE.300308 [中际旭创] SELL @ 1259.42 (VR:0.29)
[2026-06-26 19:10:25]  [行4] 解析成功: SZSE.300930 [屹通新材] SELL @ 29.19 (VR:0.43)
[2026-06-26 19:10:25]  [行5] 解析成功: SZSE.300433 [蓝思科技] SELL @ 55.81 (VR:0.41)
[2026-06-26 19:10:25]  [行6] 解析成功: SZSE.300666 [江丰电子] SELL @ 356.02 (VR:0.76)
[2026-06-26 19:10:25]  [行7] 解析成功: SZSE.300936 [中英科技] BUY @ 97.11 (VR:2.41)
[2026-06-26 19:10:25]  [行8] 解析成功: SZSE.300259 [新天科技] BUY @ 5.57 (VR:0.46)
[2026-06-26 19:10:25]  [行9] 解析成功: SZSE.300739 [明阳电路] SELL @ 34.16 (VR:0.14)
[2026-06-26 19:10:25]  [行10] 解析成功: SZSE.301171 [易点天下] SELL @ 32.93 (VR:0.15)
[2026-06-26 19:10:25]  [行11] 解析成功: SZSE.301226 [祥明智能] SELL @ 30.4 (VR:0.12)
[2026-06-26 19:10:25]  [行12] 解析成功: SZSE.300811 [铂力特] SELL @ 95.11 (VR:0.32)
[2026-06-26 19:10:25]  [行13] 解析成功: SZSE.300720 [海川智能] BUY @ 88.93 (VR:0.28)
[2026-06-26 19:10:25]  [行14] 解析成功: SZSE.300308 [中际旭创] SELL @ 1257.38 (VR:0.43)
[2026-06-26 19:10:25]  [行15] 解析成功: SZSE.300930 [屹通新材] SELL @ 29.15 (VR:0.31)
[2026-06-26 19:10:25]  [行16] 解析成功: SZSE.300433 [蓝思科技] SELL @ 55.77 (VR:0.84)
[2026-06-26 19:10:25]  [行17] 解析成功: SZSE.300666 [江丰电子] SELL @ 354.75 (VR:0.6)
[2026-06-26 19:10:25]  [行18] 解析成功: SZSE.300936 [中英科技] BUY @ 97.2 (VR:1.17)
[2026-06-26 19:10:25]  [行19] 解析成功: SZSE.300259 [新天科技] BUY @ 5.61 (VR:1.07)
[2026-06-26 19:10:25]  [行20] 解析成功: SZSE.300739 [明阳电路] SELL @ 34.09 (VR:0.12)
[2026-06-26 19:10:25]  [行21] 解析成功: SZSE.301171 [易点天下] SELL @ 32.88 (VR:0.11)
[2026-06-26 19:10:25]  [行22] 解析成功: SZSE.301226 [祥明智能] SELL @ 30.39 (VR:0.64)
[2026-06-26 19:10:25] 成功保存 22 条因子至: signal_batch_20260626_191025_383017.txt
[2026-06-26 19:10:25]  QQ-主 邮件 4922 处理完成
[2026-06-26 19:10:25]  QQ-主 正在解析因子: =?utf-8?b?QWxwaGFQaWxvdCDlrp7ml7bkv6Hlj7cgKGFscGhhX3NpZ25hbF90aHJfMjAyNjA2MjZfMTQ1Ni5qc29uKSBb5Li7UVEt5a+55aSWXQ==?=
[2026-06-26 19:10:25]  发现表格，共 24 行数据
[2026-06-26 19:10:25]  动态索引映射: ['股票代码', '股票名称', '信号', '当前价格', '量比', '来源过滤']
[2026-06-26 19:10:25]  [行1] 解析成功: SHSE.688110 [东芯股份] BUY @ 191.16 (VR:1.5)
[2026-06-26 19:10:25]  [行2] 解析成功: SHSE.688665 [四方光电] BUY @ 63.81 (VR:2.49)
[2026-06-26 19:10:25]  [行3] 解析成功: SZSE.301188 [力诺药包] SELL @ 70.88 (VR:0.05)
[2026-06-26 19:10:25]  [行4] 解析成功: SZSE.300806 [斯迪克] BUY @ 115.35 (VR:0.35)
[2026-06-26 19:10:25]  [行5] 解析成功: SZSE.300679 [电连技术] SELL @ 63.42 (VR:0.94)
[2026-06-26 19:10:25]  [行6] 解析成功: SZSE.301013 [利和兴] SELL @ 73.25 (VR:0.44)
[2026-06-26 19:10:25]  [行7] 解析成功: SZSE.300620 [光库科技] BUY @ 362.3 (VR:0.66)
[2026-06-26 19:10:25]  [行8] 解析成功: SZSE.300790 [宇瞳光学] SELL @ 26.02 (VR:0.45)
[2026-06-26 19:10:25]  [行9] 解析成功: SZSE.300990 [同飞股份] BUY @ 102.88 (VR:0.52)
[2026-06-26 19:10:25]  [行10] 解析成功: SZSE.300921 [南凌科技] SELL @ 20.95 (VR:0.21)
[2026-06-26 19:10:25]  [行11] 解析成功: SZSE.300857 [协创数据] BUY @ 332.56 (VR:0.66)
[2026-06-26 19:10:25]  [行12] 解析成功: SZSE.000636 [风华高科] BUY @ 77.75 (VR:0.92)
[2026-06-26 19:10:25]  [行13] 解析成功: SHSE.688110 [东芯股份] BUY @ 191.22 (VR:1.93)
[2026-06-26 19:10:25]  [行14] 解析成功: SHSE.688665 [四方光电] BUY @ 63.88 (VR:0.89)
[2026-06-26 19:10:25]  [行15] 解析成功: SZSE.301188 [力诺药包] SELL @ 70.87 (VR:0.38)
[2026-06-26 19:10:25]  [行16] 解析成功: SZSE.300806 [斯迪克] BUY @ 115.59 (VR:0.37)
[2026-06-26 19:10:25]  [行17] 解析成功: SZSE.300679 [电连技术] SELL @ 63.41 (VR:0.51)
[2026-06-26 19:10:25]  [行18] 解析成功: SZSE.301013 [利和兴] SELL @ 73.22 (VR:0.35)
[2026-06-26 19:10:25]  [行19] 解析成功: SZSE.300620 [光库科技] BUY @ 362.67 (VR:0.55)
[2026-06-26 19:10:25]  [行20] 解析成功: SZSE.300790 [宇瞳光学] SELL @ 26.0 (VR:0.4)
[2026-06-26 19:10:25]  [行21] 解析成功: SZSE.300990 [同飞股份] BUY @ 103.05 (VR:1.06)
[2026-06-26 19:10:25]  [行22] 解析成功: SZSE.300921 [南凌科技] SELL @ 20.72 (VR:1.58)
[2026-06-26 19:10:25]  [行23] 解析成功: SZSE.300857 [协创数据] BUY @ 333.0 (VR:0.52)
[2026-06-26 19:10:25]  [行24] 解析成功: SZSE.000636 [风华高科] BUY @ 78.1 (VR:0.62)
[2026-06-26 19:10:25] 成功保存 24 条因子至: signal_batch_20260626_191025_608014.txt
[2026-06-26 19:10:25]  QQ-主 邮件 4923 处理完成
[2026-06-26 19:10:25]  QQ-主 正在解析因子: =?utf-8?b?QWxwaGFQaWxvdCDlrp7ml7bkv6Hlj7cgKGFscGhhX3NpZ25hbF90aHJfMjAyNjA2MjZfMTQ1OC5qc29uKSBb5Li7UVEt5a+55aSWXQ==?=
[2026-06-26 19:10:25]  发现表格，共 18 行数据
[2026-06-26 19:10:25]  动态索引映射: ['股票代码', '股票名称', '信号', '当前价格', '量比', '来源过滤']
[2026-06-26 19:10:25]  [行1] 解析成功: SHSE.603618 [杭电股份] SELL @ 52.06 (VR:0.31)
[2026-06-26 19:10:25]  [行2] 解析成功: SHSE.600259 [中稀有色] BUY @ 99.4 (VR:0.88)
[2026-06-26 19:10:25]  [行3] 解析成功: SHSE.603175 [超颖电子] BUY @ 88.9 (VR:0.37)
[2026-06-26 19:10:25]  [行4] 解析成功: SHSE.600909 [华安证券] BUY @ 12.11 (VR:1.11)
[2026-06-26 19:10:25]  [行5] 解析成功: SHSE.603206 [嘉环科技] SELL @ 16.51 (VR:0.76)
[2026-06-26 19:10:25]  [行6] 解析成功: SZSE.002718 [友邦吊顶] SELL @ 112.38 (VR:2.11)
[2026-06-26 19:10:25]  [行7] 解析成功: SZSE.002378 [章源钨业] SELL @ 36.21 (VR:0.63)
[2026-06-26 19:10:25]  [行8] 解析成功: SZSE.001339 [智微智能] SELL @ 128.24 (VR:1.32)
[2026-06-26 19:10:25]  [行9] 解析成功: SZSE.000593 [德龙汇能] SELL @ 21.89 (VR:0.61)
[2026-06-26 19:10:25]  [行10] 解析成功: SHSE.603618 [杭电股份] SELL @ 52.01 (VR:1.3)
[2026-06-26 19:10:25]  [行11] 解析成功: SHSE.600259 [中稀有色] BUY @ 99.42 (VR:1.72)
[2026-06-26 19:10:25]  [行12] 解析成功: SHSE.603175 [超颖电子] BUY @ 88.92 (VR:1.11)
[2026-06-26 19:10:25]  [行13] 解析成功: SHSE.600909 [华安证券] BUY @ 12.13 (VR:2.14)
[2026-06-26 19:10:25]  [行14] 解析成功: SHSE.603206 [嘉环科技] SELL @ 16.5 (VR:1.19)
[2026-06-26 19:10:25]  [行15] 解析成功: SZSE.002718 [友邦吊顶] SELL @ 112.0 (VR:2.94)
[2026-06-26 19:10:25]  [行16] 解析成功: SZSE.002378 [章源钨业] SELL @ 36.19 (VR:0.79)
[2026-06-26 19:10:25]  [行17] 解析成功: SZSE.001339 [智微智能] SELL @ 128.2 (VR:1.41)
[2026-06-26 19:10:25]  [行18] 解析成功: SZSE.000593 [德龙汇能] SELL @ 21.88 (VR:0.64)
[2026-06-26 19:10:25] 成功保存 18 条因子至: signal_batch_20260626_191025_875877.txt
[2026-06-26 19:10:26]  QQ-主 邮件 4924 处理完成
[2026-06-26 19:10:26]  QQ-主 正在解析因子: =?UTF-8?B?YmF5YXJsYWjvvJrigJxQZXJuYQ==?=
 =?UTF-8?B?aCB0YWsgamFkaSBrZXMu?=
 =?UTF-8?B?Li7igJ0=?=
[2026-06-26 19:10:26]  发现表格，共 27 行数据
[2026-06-26 19:10:26]  表头映射失败，未找到指定列名。当前表头: ['看看视频内容吧。bayarlah分享了 1 个视频6月25日 13:18查看视频此邮件发给497720537@qq.com。 如果不希望再收到 Meta 的这类邮件，请退订。Meta Platforms, Inc., Attention: Community Support, 1 Meta Way, Menlo Park, CA 94025为保护你的主页安全，请勿转发这封邮件。详细了解', '看看视频内容吧。bayarlah分享了 1 个视频6月25日 13:18查看视频此邮件发给497720537@qq.com。 如果不希望再收到 Meta 的这类邮件，请退订。Meta Platforms, Inc., Attention: Community Support, 1 Meta Way, Menlo Park, CA 94025为保护你的主页安全，请勿转发这封邮件。详细了解', '看看视频内容吧。bayarlah分享了 1 个视频6月25日 13:18查看视频此邮件发给497720537@qq.com。 如果不希望再收到 Meta 的这类邮件，请退订。Meta Platforms, Inc., Attention: Community Support, 1 Meta Way, Menlo Park, CA 94025为保护你的主页安全，请勿转发这封邮件。详细了解', '', '看看视频内容吧。', '', '', '', '', '', '', '', '', '', '', '', '', '', '', 'bayarlah分享了 1 个视频6月25日 13:18查看视频', '', 'bayarlah分享了 1 个视频6月25日 13:18查看视频', 'bayarlah分享了 1 个视频6月25日 13:18查看视频', '', '', 'bayarlah分享了 1 个视频6月25日 13:18查看视频', 'bayarlah分享了 1 个视频6月25日 13:18', 'bayarlah分享了 1 个视频', '', '6月25日 13:18', '', '查看视频', '查看视频', '', '', '', '此邮件发给497720537@qq.com。 如果不希望再收到 Meta 的这类邮件，请退订。Meta Platforms, Inc., Attention: Community Support, 1 Meta Way, Menlo Park, CA 94025', '', '此邮件发给497720537@qq.com。 如果不希望再收到 Meta 的这类邮件，请退订。Meta Platforms, Inc., Attention: Community Support, 1 Meta Way, Menlo Park, CA 94025', '', '', '为保护你的主页安全，请勿转发这封邮件。详细了解', '为保护你的主页安全，请勿转发这封邮件。详细了解', '', '']
[2026-06-26 19:10:26] QQ-主 邮件 4925 无有效信号
[2026-06-26 19:10:26]  QQ-主 本轮共成功处理 42 封有效信号邮件
[2026-06-26 19:10:26]  正在连接 QQ-备用 邮箱服务器 (shouqianbadavid@qq.com) ...
[2026-06-26 19:10:27]  QQ-备用 正在解析因子: =?utf-8?b?QWxwaGFQaWxvdCDlpIfku73kv6Hlj7cgKGFscGhhX3NpZ25hbF90aHJfMjAyNjA2MjZfMTEyMC5qc29uKSBb5aSHUVEt6Ieq5L+dXQ==?=
[2026-06-26 19:10:27]  发现表格，共 24 行数据
[2026-06-26 19:10:27]  动态索引映射: ['股票代码', '股票名称', '信号', '当前价格', '量比', '来源过滤']
[2026-06-26 19:10:27]  [行1] 解析成功: SHSE.600353 [旭光电子] BUY @ 47.93 (VR:0.22)
[2026-06-26 19:10:27]  [行2] 解析成功: SZSE.300811 [铂力特] BUY @ 96.6 (VR:0.28)
[2026-06-26 19:10:27]  [行3] 解析成功: SZSE.300720 [海川智能] BUY @ 85.56 (VR:3.86)
[2026-06-26 19:10:27]  [行4] 解析成功: SZSE.300346 [南大光电] BUY @ 78.3 (VR:0.69)
[2026-06-26 19:10:27]  [行5] 解析成功: SZSE.300930 [屹通新材] SELL @ 29.05 (VR:0.08)
[2026-06-26 19:10:27]  [行6] 解析成功: SZSE.300433 [蓝思科技] BUY @ 55.78 (VR:0.6)
[2026-06-26 19:10:27]  [行7] 解析成功: SZSE.300666 [江丰电子] BUY @ 352.0 (VR:0.82)
[2026-06-26 19:10:27]  [行8] 解析成功: SZSE.000958 [电投产融] SELL @ 5.61 (VR:0.47)
[2026-06-26 19:10:27]  [行9] 解析成功: SZSE.300259 [新天科技] BUY @ 5.72 (VR:1.71)
[2026-06-26 19:10:27]  [行10] 解析成功: SZSE.300739 [明阳电路] SELL @ 34.29 (VR:0.69)
[2026-06-26 19:10:27]  [行11] 解析成功: SZSE.301171 [易点天下] SELL @ 33.04 (VR:0.19)
[2026-06-26 19:10:27]  [行12] 解析成功: SZSE.301226 [祥明智能] SELL @ 30.83 (VR:0.09)
[2026-06-26 19:10:27]  [行13] 解析成功: SHSE.600353 [旭光电子] BUY @ 47.94 (VR:0.35)
[2026-06-26 19:10:27]  [行14] 解析成功: SZSE.300811 [铂力特] BUY @ 96.99 (VR:0.42)
[2026-06-26 19:10:27]  [行15] 解析成功: SZSE.300720 [海川智能] BUY @ 85.72 (VR:0.2)
[2026-06-26 19:10:27]  [行16] 解析成功: SZSE.300346 [南大光电] BUY @ 78.4 (VR:0.44)
[2026-06-26 19:10:27]  [行17] 解析成功: SZSE.300930 [屹通新材] SELL @ 28.99 (VR:0.09)
[2026-06-26 19:10:27]  [行18] 解析成功: SZSE.300433 [蓝思科技] BUY @ 55.81 (VR:0.56)
[2026-06-26 19:10:27]  [行19] 解析成功: SZSE.300666 [江丰电子] BUY @ 354.99 (VR:2.2)
[2026-06-26 19:10:27]  [行20] 解析成功: SZSE.000958 [电投产融] SELL @ 5.6 (VR:0.06)
[2026-06-26 19:10:27]  [行21] 解析成功: SZSE.300259 [新天科技] BUY @ 5.73 (VR:0.91)
[2026-06-26 19:10:27]  [行22] 解析成功: SZSE.300739 [明阳电路] SELL @ 34.26 (VR:0.09)
[2026-06-26 19:10:27]  [行23] 解析成功: SZSE.301171 [易点天下] SELL @ 32.99 (VR:0.36)
[2026-06-26 19:10:27]  [行24] 解析成功: SZSE.301226 [祥明智能] SELL @ 30.8 (VR:0.18)
[2026-06-26 19:10:27] 成功保存 24 条因子至: signal_batch_20260626_191027_155434.txt
[2026-06-26 19:10:27]  QQ-备用 邮件 2652 处理完成
[2026-06-26 19:10:27]  QQ-备用 正在解析因子: =?utf-8?b?QWxwaGFQaWxvdCDlpIfku73kv6Hlj7cgKGFscGhhX3NpZ25hbF90aHJfMjAyNjA2MjZfMTEyMy5qc29uKSBb5aSHUVEt6Ieq5L+dXQ==?=
[2026-06-26 19:10:27]  发现表格，共 18 行数据
[2026-06-26 19:10:27]  动态索引映射: ['股票代码', '股票名称', '信号', '当前价格', '量比', '来源过滤']
[2026-06-26 19:10:27]  [行1] 解析成功: SHSE.688665 [四方光电] SELL @ 61.47 (VR:0.8)
[2026-06-26 19:10:27]  [行2] 解析成功: SZSE.300689 [澄天伟业] SELL @ 62.1 (VR:3.02)
[2026-06-26 19:10:27]  [行3] 解析成功: SZSE.301188 [力诺药包] SELL @ 72.53 (VR:0.22)
[2026-06-26 19:10:27]  [行4] 解析成功: SZSE.300806 [斯迪克] SELL @ 114.88 (VR:0.16)
[2026-06-26 19:10:27]  [行5] 解析成功: SZSE.300679 [电连技术] SELL @ 64.41 (VR:0.46)
[2026-06-26 19:10:27]  [行6] 解析成功: SZSE.300790 [宇瞳光学] SELL @ 26.47 (VR:0.03)
[2026-06-26 19:10:27]  [行7] 解析成功: SZSE.300990 [同飞股份] SELL @ 103.83 (VR:0.13)
[2026-06-26 19:10:27]  [行8] 解析成功: SZSE.300921 [南凌科技] SELL @ 20.71 (VR:0.09)
[2026-06-26 19:10:27]  [行9] 解析成功: SZSE.000636 [风华高科] SELL @ 78.46 (VR:0.19)
[2026-06-26 19:10:27]  [行10] 解析成功: SHSE.688665 [四方光电] SELL @ 61.11 (VR:2.07)
[2026-06-26 19:10:27]  [行11] 解析成功: SZSE.300689 [澄天伟业] SELL @ 61.81 (VR:0.19)
[2026-06-26 19:10:27]  [行12] 解析成功: SZSE.301188 [力诺药包] SELL @ 72.28 (VR:0.46)
[2026-06-26 19:10:27]  [行13] 解析成功: SZSE.300806 [斯迪克] SELL @ 114.3 (VR:0.36)
[2026-06-26 19:10:27]  [行14] 解析成功: SZSE.300679 [电连技术] SELL @ 64.37 (VR:0.24)
[2026-06-26 19:10:27]  [行15] 解析成功: SZSE.300790 [宇瞳光学] SELL @ 26.36 (VR:0.03)
[2026-06-26 19:10:27]  [行16] 解析成功: SZSE.300990 [同飞股份] SELL @ 103.69 (VR:0.02)
[2026-06-26 19:10:27]  [行17] 解析成功: SZSE.300921 [南凌科技] SELL @ 20.66 (VR:0.03)
[2026-06-26 19:10:27]  [行18] 解析成功: SZSE.000636 [风华高科] SELL @ 78.14 (VR:0.13)
[2026-06-26 19:10:27] 成功保存 18 条因子至: signal_batch_20260626_191027_442316.txt
[2026-06-26 19:10:27]  QQ-备用 邮件 2653 处理完成
[2026-06-26 19:10:27]  QQ-备用 正在解析因子: =?utf-8?b?QWxwaGFQaWxvdCDlpIfku73kv6Hlj7cgKGFscGhhX3NpZ25hbF90aHJfMjAyNjA2MjZfMTEyNi5qc29uKSBb5aSHUVEt6Ieq5L+dXQ==?=
[2026-06-26 19:10:27]  发现表格，共 22 行数据
[2026-06-26 19:10:27]  动态索引映射: ['股票代码', '股票名称', '信号', '当前价格', '量比', '来源过滤']
[2026-06-26 19:10:27]  [行1] 解析成功: SHSE.603175 [超颖电子] SELL @ 88.12 (VR:0.01)
[2026-06-26 19:10:27]  [行2] 解析成功: SHSE.600460 [士兰微] SELL @ 49.52 (VR:0.07)
[2026-06-26 19:10:27]  [行3] 解析成功: SZSE.002718 [友邦吊顶] SELL @ 111.79 (VR:0.1)
[2026-06-26 19:10:27]  [行4] 解析成功: SZSE.002378 [章源钨业] BUY @ 36.43 (VR:0.17)
[2026-06-26 19:10:27]  [行5] 解析成功: SZSE.001339 [智微智能] SELL @ 128.28 (VR:0.24)
[2026-06-26 19:10:27]  [行6] 解析成功: SZSE.000593 [德龙汇能] SELL @ 21.86 (VR:0.24)
[2026-06-26 19:10:27]  [行7] 解析成功: SZSE.003031 [中瓷电子] BUY @ 176.67 (VR:2.61)
[2026-06-26 19:10:27]  [行8] 解析成功: SZSE.002643 [万润股份] BUY @ 19.56 (VR:0.31)
[2026-06-26 19:10:27]  [行9] 解析成功: SZSE.001282 [三联锻造] SELL @ 19.77 (VR:1.35)
[2026-06-26 19:10:27]  [行10] 解析成功: SZSE.002937 [兴瑞科技] BUY @ 42.53 (VR:0.43)
[2026-06-26 19:10:27]  [行11] 解析成功: SZSE.000920 [沃顿科技] BUY @ 14.02 (VR:0.23)
[2026-06-26 19:10:27]  [行12] 解析成功: SHSE.603175 [超颖电子] SELL @ 87.94 (VR:0.02)
[2026-06-26 19:10:27]  [行13] 解析成功: SHSE.600460 [士兰微] SELL @ 49.36 (VR:0.07)
[2026-06-26 19:10:27]  [行14] 解析成功: SZSE.002718 [友邦吊顶] SELL @ 111.67 (VR:0.08)
[2026-06-26 19:10:27]  [行15] 解析成功: SZSE.002378 [章源钨业] BUY @ 36.46 (VR:0.12)
[2026-06-26 19:10:27]  [行16] 解析成功: SZSE.001339 [智微智能] SELL @ 128.27 (VR:0.16)
[2026-06-26 19:10:27]  [行17] 解析成功: SZSE.000593 [德龙汇能] SELL @ 21.83 (VR:0.96)
[2026-06-26 19:10:27]  [行18] 解析成功: SZSE.003031 [中瓷电子] BUY @ 177.75 (VR:0.91)
[2026-06-26 19:10:27]  [行19] 解析成功: SZSE.002643 [万润股份] BUY @ 19.63 (VR:0.58)
[2026-06-26 19:10:27]  [行20] 解析成功: SZSE.001282 [三联锻造] SELL @ 19.75 (VR:1.66)
[2026-06-26 19:10:27]  [行21] 解析成功: SZSE.002937 [兴瑞科技] BUY @ 42.57 (VR:0.31)
[2026-06-26 19:10:27]  [行22] 解析成功: SZSE.000920 [沃顿科技] BUY @ 14.03 (VR:0.12)
[2026-06-26 19:10:27] 成功保存 22 条因子至: signal_batch_20260626_191027_672859.txt
[2026-06-26 19:10:27]  QQ-备用 邮件 2654 处理完成
[2026-06-26 19:10:27]  QQ-备用 正在解析因子: =?utf-8?b?QWxwaGFQaWxvdCDlpIfku73kv6Hlj7cgKGFscGhhX3NpZ25hbF90aHJfMjAyNjA2MjZfMTEyOC5qc29uKSBb5aSHUVEt6Ieq5L+dXQ==?=
[2026-06-26 19:10:27]  发现表格，共 18 行数据
[2026-06-26 19:10:27]  动态索引映射: ['股票代码', '股票名称', '信号', '当前价格', '量比', '来源过滤']
[2026-06-26 19:10:28]  [行1] 解析成功: SHSE.688700 [东威科技] BUY @ 91.52 (VR:0.29)
[2026-06-26 19:10:28]  [行2] 解析成功: SHSE.688777 [中控技术] SELL @ 119.18 (VR:2.01)
[2026-06-26 19:10:28]  [行3] 解析成功: SHSE.688511 [天微电子] BUY @ 29.45 (VR:0.08)
[2026-06-26 19:10:28]  [行4] 解析成功: SHSE.688386 [泛亚微透] BUY @ 93.0 (VR:1.29)
[2026-06-26 19:10:28]  [行5] 解析成功: SHSE.688059 [华锐精密] BUY @ 205.0 (VR:0.83)
[2026-06-26 19:10:28]  [行6] 解析成功: SZSE.002980 [华盛昌] SELL @ 122.3 (VR:1.77)
[2026-06-26 19:10:28]  [行7] 解析成功: SZSE.301281 [利源制药] BUY @ 43.65 (VR:1.16)
[2026-06-26 19:10:28]  [行8] 解析成功: SZSE.301392 [汇成真空] BUY @ 243.75 (VR:0.06)
[2026-06-26 19:10:28]  [行9] 解析成功: SZSE.300234 [开尔新材] SELL @ 11.09 (VR:0.14)
[2026-06-26 19:10:28]  [行10] 解析成功: SHSE.688700 [东威科技] BUY @ 91.99 (VR:0.29)
[2026-06-26 19:10:28]  [行11] 解析成功: SHSE.688777 [中控技术] SELL @ 118.9 (VR:2.18)
[2026-06-26 19:10:28]  [行12] 解析成功: SHSE.688511 [天微电子] BUY @ 29.59 (VR:0.45)
[2026-06-26 19:10:28]  [行13] 解析成功: SHSE.688386 [泛亚微透] BUY @ 93.01 (VR:0.23)
[2026-06-26 19:10:28]  [行14] 解析成功: SHSE.688059 [华锐精密] BUY @ 205.69 (VR:0.08)
[2026-06-26 19:10:28]  [行15] 解析成功: SZSE.002980 [华盛昌] SELL @ 122.0 (VR:1.86)
[2026-06-26 19:10:28]  [行16] 解析成功: SZSE.301281 [利源制药] BUY @ 43.77 (VR:0.46)
[2026-06-26 19:10:28]  [行17] 解析成功: SZSE.301392 [汇成真空] BUY @ 244.2 (VR:0.23)
[2026-06-26 19:10:28]  [行18] 解析成功: SZSE.300234 [开尔新材] SELL @ 11.07 (VR:0.45)
[2026-06-26 19:10:28] 成功保存 18 条因子至: signal_batch_20260626_191028_015381.txt
[2026-06-26 19:10:28]  QQ-备用 邮件 2655 处理完成
[2026-06-26 19:10:28]  QQ-备用 正在解析因子: =?utf-8?b?QWxwaGFQaWxvdCDlpIfku73kv6Hlj7cgKGFscGhhX3NpZ25hbF90aHJfMjAyNjA2MjZfMTEzMS5qc29uKSBb5aSHUVEt6Ieq5L+dXQ==?=
[2026-06-26 19:10:28]  发现表格，共 26 行数据
[2026-06-26 19:10:28]  动态索引映射: ['股票代码', '股票名称', '信号', '当前价格', '量比', '来源过滤']
[2026-06-26 19:10:28]  [行1] 解析成功: SHSE.688216 [气派科技] BUY @ 39.22 (VR:2.76)
[2026-06-26 19:10:28]  [行2] 解析成功: SHSE.688308 [欧科亿] BUY @ 181.8 (VR:0.83)
[2026-06-26 19:10:28]  [行3] 解析成功: SHSE.688721 [龙图光罩] BUY @ 53.42 (VR:0.06)
[2026-06-26 19:10:28]  [行4] 解析成功: SHSE.688138 [清溢光电] BUY @ 42.28 (VR:0.79)
[2026-06-26 19:10:28]  [行5] 解析成功: SZSE.300709 [精研科技] SELL @ 62.21 (VR:0.48)
[2026-06-26 19:10:28]  [行6] 解析成功: SZSE.301362 [民爆光电] BUY @ 189.52 (VR:0.13)
[2026-06-26 19:10:28]  [行7] 解析成功: SZSE.300221 [银禧科技] BUY @ 15.48 (VR:0.19)
[2026-06-26 19:10:28]  [行8] 解析成功: SZSE.300661 [圣邦股份] BUY @ 131.84 (VR:1.95)
[2026-06-26 19:10:28]  [行9] 解析成功: SZSE.300780 [德恩精工] BUY @ 34.2 (VR:0.33)
[2026-06-26 19:10:28]  [行10] 解析成功: SZSE.301195 [北路智控] SELL @ 26.84 (VR:0.58)
[2026-06-26 19:10:28]  [行11] 解析成功: SZSE.300497 [富祥股份] BUY @ 20.6 (VR:0.85)
[2026-06-26 19:10:28]  [行12] 解析成功: SZSE.300304 [云意电气] BUY @ 18.99 (VR:0.35)
[2026-06-26 19:10:28]  [行13] 解析成功: SZSE.300852 [四会富仕] SELL @ 57.04 (VR:0.45)
[2026-06-26 19:10:28]  [行14] 解析成功: SHSE.688216 [气派科技] BUY @ 39.41 (VR:1.98)
[2026-06-26 19:10:28]  [行15] 解析成功: SHSE.688308 [欧科亿] BUY @ 182.7 (VR:0.44)
[2026-06-26 19:10:28]  [行16] 解析成功: SHSE.688721 [龙图光罩] BUY @ 53.45 (VR:3.24)
[2026-06-26 19:10:28]  [行17] 解析成功: SHSE.688138 [清溢光电] BUY @ 42.43 (VR:1.65)
[2026-06-26 19:10:28]  [行18] 解析成功: SZSE.300709 [精研科技] SELL @ 62.02 (VR:1.55)
[2026-06-26 19:10:28]  [行19] 解析成功: SZSE.301362 [民爆光电] BUY @ 189.9 (VR:0.82)
[2026-06-26 19:10:28]  [行20] 解析成功: SZSE.300221 [银禧科技] BUY @ 15.5 (VR:0.63)
[2026-06-26 19:10:28]  [行21] 解析成功: SZSE.300661 [圣邦股份] BUY @ 132.17 (VR:2.39)
[2026-06-26 19:10:28]  [行22] 解析成功: SZSE.300780 [德恩精工] BUY @ 34.21 (VR:0.61)
[2026-06-26 19:10:28]  [行23] 解析成功: SZSE.301195 [北路智控] SELL @ 26.73 (VR:1.37)
[2026-06-26 19:10:28]  [行24] 解析成功: SZSE.300497 [富祥股份] BUY @ 20.71 (VR:5.97)
[2026-06-26 19:10:28]  [行25] 解析成功: SZSE.300304 [云意电气] BUY @ 19.0 (VR:0.37)
[2026-06-26 19:10:28]  [行26] 解析成功: SZSE.300852 [四会富仕] SELL @ 57.02 (VR:0.56)
[2026-06-26 19:10:28] 成功保存 26 条因子至: signal_batch_20260626_191028_269895.txt
[2026-06-26 19:10:28]  QQ-备用 邮件 2656 处理完成
[2026-06-26 19:10:28]  QQ-备用 正在解析因子: =?utf-8?b?QWxwaGFQaWxvdCDlpIfku73kv6Hlj7cgKGFscGhhX3NpZ25hbF90aHJfMjAyNjA2MjZfMTMwMi5qc29uKSBb5aSHUVEt6Ieq5L+dXQ==?=
[2026-06-26 19:10:28]  发现表格，共 16 行数据
[2026-06-26 19:10:28]  动态索引映射: ['股票代码', '股票名称', '信号', '当前价格', '量比', '来源过滤']
[2026-06-26 19:10:28]  [行1] 解析成功: SHSE.688665 [四方光电] SELL @ 61.3 (VR:0.3)
[2026-06-26 19:10:28]  [行2] 解析成功: SHSE.688002 [睿创微纳] SELL @ 142.66 (VR:0.08)
[2026-06-26 19:10:28]  [行3] 解析成功: SHSE.688227 [品高股份] SELL @ 97.12 (VR:0.1)
[2026-06-26 19:10:28]  [行4] 解析成功: SZSE.301188 [力诺药包] BUY @ 71.61 (VR:0.35)
[2026-06-26 19:10:28]  [行5] 解析成功: SZSE.300679 [电连技术] SELL @ 64.29 (VR:0.15)
[2026-06-26 19:10:28]  [行6] 解析成功: SZSE.300790 [宇瞳光学] SELL @ 27.22 (VR:0.59)
[2026-06-26 19:10:28]  [行7] 解析成功: SZSE.300990 [同飞股份] SELL @ 103.8 (VR:0.14)
[2026-06-26 19:10:28]  [行8] 解析成功: SZSE.300921 [南凌科技] BUY @ 20.73 (VR:0.13)
[2026-06-26 19:10:28]  [行9] 解析成功: SHSE.688665 [四方光电] SELL @ 61.26 (VR:0.05)
[2026-06-26 19:10:28]  [行10] 解析成功: SHSE.688002 [睿创微纳] SELL @ 142.2 (VR:0.08)
[2026-06-26 19:10:28]  [行11] 解析成功: SHSE.688227 [品高股份] SELL @ 96.17 (VR:0.31)
[2026-06-26 19:10:28]  [行12] 解析成功: SZSE.301188 [力诺药包] BUY @ 71.67 (VR:0.14)
[2026-06-26 19:10:28]  [行13] 解析成功: SZSE.300679 [电连技术] SELL @ 64.08 (VR:0.17)
[2026-06-26 19:10:28]  [行14] 解析成功: SZSE.300790 [宇瞳光学] SELL @ 26.96 (VR:0.03)
[2026-06-26 19:10:28]  [行15] 解析成功: SZSE.300990 [同飞股份] SELL @ 103.59 (VR:0.19)
[2026-06-26 19:10:28]  [行16] 解析成功: SZSE.300921 [南凌科技] BUY @ 20.83 (VR:0.47)
[2026-06-26 19:10:28] 成功保存 16 条因子至: signal_batch_20260626_191028_590081.txt
[2026-06-26 19:10:28]  QQ-备用 邮件 2657 处理完成
[2026-06-26 19:10:28]  QQ-备用 正在解析因子: =?utf-8?b?QWxwaGFQaWxvdCDlpIfku73kv6Hlj7cgKGFscGhhX3NpZ25hbF90aHJfMjAyNjA2MjZfMTMwNC5qc29uKSBb5aSHUVEt6Ieq5L+dXQ==?=
[2026-06-26 19:10:28]  发现表格，共 24 行数据
[2026-06-26 19:10:28]  动态索引映射: ['股票代码', '股票名称', '信号', '当前价格', '量比', '来源过滤']
[2026-06-26 19:10:28]  [行1] 解析成功: SHSE.603175 [超颖电子] BUY @ 88.08 (VR:0.89)
[2026-06-26 19:10:28]  [行2] 解析成功: SHSE.600460 [士兰微] BUY @ 49.69 (VR:0.09)
[2026-06-26 19:10:28]  [行3] 解析成功: SHSE.603206 [嘉环科技] BUY @ 16.41 (VR:0.63)
[2026-06-26 19:10:28]  [行4] 解析成功: SZSE.002718 [友邦吊顶] BUY @ 111.45 (VR:0.31)
[2026-06-26 19:10:28]  [行5] 解析成功: SZSE.002378 [章源钨业] SELL @ 36.53 (VR:0.12)
[2026-06-26 19:10:28]  [行6] 解析成功: SZSE.002768 [国恩股份] BUY @ 51.25 (VR:0.19)
[2026-06-26 19:10:28]  [行7] 解析成功: SZSE.001339 [智微智能] SELL @ 128.83 (VR:0.41)
[2026-06-26 19:10:28]  [行8] 解析成功: SZSE.000593 [德龙汇能] BUY @ 21.77 (VR:0.12)
[2026-06-26 19:10:28]  [行9] 解析成功: SZSE.002552 [宝鼎科技] BUY @ 66.62 (VR:0.08)
[2026-06-26 19:10:28]  [行10] 解析成功: SZSE.003031 [中瓷电子] BUY @ 180.81 (VR:0.4)
[2026-06-26 19:10:28]  [行11] 解析成功: SZSE.001282 [三联锻造] SELL @ 19.83 (VR:0.27)
[2026-06-26 19:10:28]  [行12] 解析成功: SZSE.000920 [沃顿科技] BUY @ 14.12 (VR:0.23)
[2026-06-26 19:10:28]  [行13] 解析成功: SHSE.603175 [超颖电子] BUY @ 88.36 (VR:0.01)
[2026-06-26 19:10:28]  [行14] 解析成功: SHSE.600460 [士兰微] BUY @ 49.79 (VR:0.0)
[2026-06-26 19:10:28]  [行15] 解析成功: SHSE.603206 [嘉环科技] BUY @ 16.48 (VR:0.01)
[2026-06-26 19:10:28]  [行16] 解析成功: SZSE.002718 [友邦吊顶] BUY @ 112.36 (VR:1.43)
[2026-06-26 19:10:28]  [行17] 解析成功: SZSE.002378 [章源钨业] SELL @ 36.5 (VR:0.04)
[2026-06-26 19:10:28]  [行18] 解析成功: SZSE.002768 [国恩股份] BUY @ 51.32 (VR:0.08)
[2026-06-26 19:10:28]  [行19] 解析成功: SZSE.001339 [智微智能] SELL @ 128.68 (VR:0.49)
[2026-06-26 19:10:28]  [行20] 解析成功: SZSE.000593 [德龙汇能] BUY @ 21.84 (VR:0.07)
[2026-06-26 19:10:28]  [行21] 解析成功: SZSE.002552 [宝鼎科技] BUY @ 66.7 (VR:0.06)
[2026-06-26 19:10:28]  [行22] 解析成功: SZSE.003031 [中瓷电子] BUY @ 180.93 (VR:0.39)
[2026-06-26 19:10:28]  [行23] 解析成功: SZSE.001282 [三联锻造] SELL @ 19.82 (VR:0.57)
[2026-06-26 19:10:28]  [行24] 解析成功: SZSE.000920 [沃顿科技] BUY @ 14.13 (VR:0.18)
[2026-06-26 19:10:28] 成功保存 24 条因子至: signal_batch_20260626_191028_853196.txt
[2026-06-26 19:10:28]  QQ-备用 邮件 2658 处理完成
[2026-06-26 19:10:29]  QQ-备用 正在解析因子: =?utf-8?b?QWxwaGFQaWxvdCDlpIfku73kv6Hlj7cgKGFscGhhX3NpZ25hbF90aHJfMjAyNjA2MjZfMTMwNy5qc29uKSBb5aSHUVEt6Ieq5L+dXQ==?=
[2026-06-26 19:10:29]  发现表格，共 16 行数据
[2026-06-26 19:10:29]  动态索引映射: ['股票代码', '股票名称', '信号', '当前价格', '量比', '来源过滤']
[2026-06-26 19:10:29]  [行1] 解析成功: SHSE.688700 [东威科技] SELL @ 93.67 (VR:1.27)
[2026-06-26 19:10:29]  [行2] 解析成功: SHSE.688386 [泛亚微透] BUY @ 91.11 (VR:0.44)
[2026-06-26 19:10:29]  [行3] 解析成功: SZSE.300037 [新宙邦] BUY @ 83.86 (VR:0.54)
[2026-06-26 19:10:29]  [行4] 解析成功: SZSE.002980 [华盛昌] SELL @ 121.25 (VR:0.68)
[2026-06-26 19:10:29]  [行5] 解析成功: SZSE.301281 [利源制药] BUY @ 44.61 (VR:0.17)
[2026-06-26 19:10:29]  [行6] 解析成功: SZSE.300285 [国瓷材料] SELL @ 100.37 (VR:0.31)
[2026-06-26 19:10:29]  [行7] 解析成功: SZSE.300234 [开尔新材] BUY @ 11.06 (VR:0.67)
[2026-06-26 19:10:29]  [行8] 解析成功: SZSE.300214 [日科化学] BUY @ 10.36 (VR:0.08)
[2026-06-26 19:10:29]  [行9] 解析成功: SHSE.688700 [东威科技] SELL @ 93.57 (VR:0.47)
[2026-06-26 19:10:29]  [行10] 解析成功: SHSE.688386 [泛亚微透] BUY @ 91.36 (VR:0.47)
[2026-06-26 19:10:29]  [行11] 解析成功: SZSE.300037 [新宙邦] BUY @ 83.92 (VR:0.19)
[2026-06-26 19:10:29]  [行12] 解析成功: SZSE.002980 [华盛昌] SELL @ 120.4 (VR:1.71)
[2026-06-26 19:10:29]  [行13] 解析成功: SZSE.301281 [利源制药] BUY @ 44.73 (VR:1.82)
[2026-06-26 19:10:29]  [行14] 解析成功: SZSE.300285 [国瓷材料] SELL @ 100.06 (VR:0.0)
[2026-06-26 19:10:29]  [行15] 解析成功: SZSE.300234 [开尔新材] BUY @ 11.14 (VR:0.18)
[2026-06-26 19:10:29]  [行16] 解析成功: SZSE.300214 [日科化学] BUY @ 10.42 (VR:0.15)
[2026-06-26 19:10:29] 成功保存 16 条因子至: signal_batch_20260626_191029_074600.txt
[2026-06-26 19:10:29]  QQ-备用 邮件 2659 处理完成
[2026-06-26 19:10:29]  QQ-备用 正在解析因子: =?utf-8?b?QWxwaGFQaWxvdCDlpIfku73kv6Hlj7cgKGFscGhhX3NpZ25hbF90aHJfMjAyNjA2MjZfMTMwOS5qc29uKSBb5aSHUVEt6Ieq5L+dXQ==?=
[2026-06-26 19:10:29]  发现表格，共 28 行数据
[2026-06-26 19:10:29]  动态索引映射: ['股票代码', '股票名称', '信号', '当前价格', '量比', '来源过滤']
[2026-06-26 19:10:29]  [行1] 解析成功: SHSE.688308 [欧科亿] BUY @ 184.35 (VR:1.59)
[2026-06-26 19:10:29]  [行2] 解析成功: SHSE.688721 [龙图光罩] SELL @ 53.23 (VR:0.48)
[2026-06-26 19:10:29]  [行3] 解析成功: SHSE.688249 [晶合集成] BUY @ 56.13 (VR:0.43)
[2026-06-26 19:10:29]  [行4] 解析成功: SHSE.688138 [清溢光电] SELL @ 42.3 (VR:0.2)
[2026-06-26 19:10:29]  [行5] 解析成功: SZSE.300088 [长信科技] BUY @ 11.65 (VR:1.34)
[2026-06-26 19:10:29]  [行6] 解析成功: SZSE.300709 [精研科技] BUY @ 61.22 (VR:2.59)
[2026-06-26 19:10:29]  [行7] 解析成功: SZSE.301362 [民爆光电] BUY @ 192.68 (VR:1.11)
[2026-06-26 19:10:29]  [行8] 解析成功: SZSE.300221 [银禧科技] BUY @ 15.44 (VR:0.09)
[2026-06-26 19:10:29]  [行9] 解析成功: SZSE.300420 [五洋自控] BUY @ 9.11 (VR:0.13)
[2026-06-26 19:10:29]  [行10] 解析成功: SZSE.300661 [圣邦股份] BUY @ 131.77 (VR:0.25)
[2026-06-26 19:10:29]  [行11] 解析成功: SZSE.300780 [德恩精工] BUY @ 33.73 (VR:0.25)
[2026-06-26 19:10:29]  [行12] 解析成功: SZSE.301195 [北路智控] SELL @ 26.74 (VR:0.82)
[2026-06-26 19:10:29]  [行13] 解析成功: SZSE.300304 [云意电气] SELL @ 19.09 (VR:0.4)
[2026-06-26 19:10:29]  [行14] 解析成功: SZSE.300852 [四会富仕] SELL @ 57.03 (VR:0.17)
[2026-06-26 19:10:29]  [行15] 解析成功: SHSE.688308 [欧科亿] BUY @ 184.83 (VR:0.28)
[2026-06-26 19:10:29]  [行16] 解析成功: SHSE.688721 [龙图光罩] SELL @ 53.04 (VR:0.72)
[2026-06-26 19:10:29]  [行17] 解析成功: SHSE.688249 [晶合集成] BUY @ 56.15 (VR:0.75)
[2026-06-26 19:10:29]  [行18] 解析成功: SHSE.688138 [清溢光电] SELL @ 42.18 (VR:0.01)
[2026-06-26 19:10:29]  [行19] 解析成功: SZSE.300088 [长信科技] BUY @ 11.68 (VR:0.02)
[2026-06-26 19:10:29]  [行20] 解析成功: SZSE.300709 [精研科技] BUY @ 61.72 (VR:0.34)
[2026-06-26 19:10:29]  [行21] 解析成功: SZSE.301362 [民爆光电] BUY @ 193.67 (VR:0.01)
[2026-06-26 19:10:29]  [行22] 解析成功: SZSE.300221 [银禧科技] BUY @ 15.51 (VR:0.01)
[2026-06-26 19:10:29]  [行23] 解析成功: SZSE.300420 [五洋自控] BUY @ 9.12 (VR:0.67)
[2026-06-26 19:10:29]  [行24] 解析成功: SZSE.300661 [圣邦股份] BUY @ 131.79 (VR:0.32)
[2026-06-26 19:10:29]  [行25] 解析成功: SZSE.300780 [德恩精工] BUY @ 33.84 (VR:0.11)
[2026-06-26 19:10:29]  [行26] 解析成功: SZSE.301195 [北路智控] SELL @ 26.73 (VR:0.38)
[2026-06-26 19:10:29]  [行27] 解析成功: SZSE.300304 [云意电气] SELL @ 19.08 (VR:0.1)
[2026-06-26 19:10:29]  [行28] 解析成功: SZSE.300852 [四会富仕] SELL @ 56.86 (VR:0.43)
[2026-06-26 19:10:29] 成功保存 28 条因子至: signal_batch_20260626_191029_426580.txt
[2026-06-26 19:10:29]  QQ-备用 邮件 2660 处理完成
[2026-06-26 19:10:29]  QQ-备用 正在解析因子: =?utf-8?b?QWxwaGFQaWxvdCDlpIfku73kv6Hlj7cgKGFscGhhX3NpZ25hbF90aHJfMjAyNjA2MjZfMTMxMi5qc29uKSBb5aSHUVEt6Ieq5L+dXQ==?=
[2026-06-26 19:10:29]  发现表格，共 20 行数据
[2026-06-26 19:10:29]  动态索引映射: ['股票代码', '股票名称', '信号', '当前价格', '量比', '来源过滤']
[2026-06-26 19:10:29]  [行1] 解析成功: SZSE.300811 [铂力特] SELL @ 96.6 (VR:0.06)
[2026-06-26 19:10:29]  [行2] 解析成功: SZSE.300720 [海川智能] BUY @ 87.09 (VR:0.45)
[2026-06-26 19:10:29]  [行3] 解析成功: SZSE.300930 [屹通新材] BUY @ 29.21 (VR:0.2)
[2026-06-26 19:10:29]  [行4] 解析成功: SZSE.300433 [蓝思科技] BUY @ 55.62 (VR:0.73)
[2026-06-26 19:10:29]  [行5] 解析成功: SZSE.300666 [江丰电子] SELL @ 351.56 (VR:0.07)
[2026-06-26 19:10:29]  [行6] 解析成功: SZSE.000510 [新金路] BUY @ 24.39 (VR:0.38)
[2026-06-26 19:10:29]  [行7] 解析成功: SZSE.000958 [电投产融] SELL @ 5.61 (VR:0.2)
[2026-06-26 19:10:29]  [行8] 解析成功: SZSE.300739 [明阳电路] BUY @ 34.35 (VR:0.3)
[2026-06-26 19:10:29]  [行9] 解析成功: SZSE.301171 [易点天下] BUY @ 33.06 (VR:0.0)
[2026-06-26 19:10:29]  [行10] 解析成功: SZSE.301226 [祥明智能] BUY @ 30.79 (VR:0.68)
[2026-06-26 19:10:29]  [行11] 解析成功: SZSE.300811 [铂力特] SELL @ 96.57 (VR:0.05)
[2026-06-26 19:10:29]  [行12] 解析成功: SZSE.300720 [海川智能] BUY @ 87.81 (VR:4.61)
[2026-06-26 19:10:29]  [行13] 解析成功: SZSE.300930 [屹通新材] BUY @ 29.24 (VR:0.02)
[2026-06-26 19:10:29]  [行14] 解析成功: SZSE.300433 [蓝思科技] BUY @ 55.75 (VR:0.31)
[2026-06-26 19:10:29]  [行15] 解析成功: SZSE.300666 [江丰电子] SELL @ 350.01 (VR:0.89)
[2026-06-26 19:10:29]  [行16] 解析成功: SZSE.000510 [新金路] BUY @ 24.53 (VR:0.69)
[2026-06-26 19:10:29]  [行17] 解析成功: SZSE.000958 [电投产融] SELL @ 5.6 (VR:0.46)
[2026-06-26 19:10:29]  [行18] 解析成功: SZSE.300739 [明阳电路] BUY @ 34.5 (VR:0.01)
[2026-06-26 19:10:29]  [行19] 解析成功: SZSE.301171 [易点天下] BUY @ 33.09 (VR:0.12)
[2026-06-26 19:10:29]  [行20] 解析成功: SZSE.301226 [祥明智能] BUY @ 30.8 (VR:0.06)
[2026-06-26 19:10:29] 成功保存 20 条因子至: signal_batch_20260626_191029_664449.txt
[2026-06-26 19:10:29]  QQ-备用 邮件 2661 处理完成
[2026-06-26 19:10:29]  QQ-备用 正在解析因子: =?utf-8?b?QWxwaGFQaWxvdCDlpIfku73kv6Hlj7cgKGFscGhhX3NpZ25hbF90aHJfMjAyNjA2MjZfMTMxNS5qc29uKSBb5aSHUVEt6Ieq5L+dXQ==?=
[2026-06-26 19:10:29]  发现表格，共 22 行数据
[2026-06-26 19:10:29]  动态索引映射: ['股票代码', '股票名称', '信号', '当前价格', '量比', '来源过滤']
[2026-06-26 19:10:29]  [行1] 解析成功: SHSE.688665 [四方光电] SELL @ 62.0 (VR:2.36)
[2026-06-26 19:10:29]  [行2] 解析成功: SHSE.688002 [睿创微纳] BUY @ 142.29 (VR:0.02)
[2026-06-26 19:10:29]  [行3] 解析成功: SHSE.688227 [品高股份] BUY @ 98.25 (VR:0.05)
[2026-06-26 19:10:29]  [行4] 解析成功: SZSE.301045 [天禄科技] BUY @ 69.0 (VR:0.87)
[2026-06-26 19:10:29]  [行5] 解析成功: SZSE.301188 [力诺药包] SELL @ 71.57 (VR:0.02)
[2026-06-26 19:10:29]  [行6] 解析成功: SZSE.300806 [斯迪克] BUY @ 115.52 (VR:0.31)
[2026-06-26 19:10:29]  [行7] 解析成功: SZSE.300679 [电连技术] SELL @ 64.5 (VR:0.17)
[2026-06-26 19:10:29]  [行8] 解析成功: SZSE.300790 [宇瞳光学] BUY @ 26.7 (VR:0.4)
[2026-06-26 19:10:29]  [行9] 解析成功: SZSE.300990 [同飞股份] SELL @ 103.43 (VR:1.14)
[2026-06-26 19:10:29]  [行10] 解析成功: SZSE.300857 [协创数据] BUY @ 328.99 (VR:0.0)
[2026-06-26 19:10:29]  [行11] 解析成功: SZSE.000636 [风华高科] SELL @ 77.84 (VR:0.1)
[2026-06-26 19:10:29]  [行12] 解析成功: SHSE.688665 [四方光电] SELL @ 61.94 (VR:0.24)
[2026-06-26 19:10:29]  [行13] 解析成功: SHSE.688002 [睿创微纳] BUY @ 142.57 (VR:0.2)
[2026-06-26 19:10:29]  [行14] 解析成功: SHSE.688227 [品高股份] BUY @ 98.41 (VR:0.1)
[2026-06-26 19:10:29]  [行15] 解析成功: SZSE.301045 [天禄科技] BUY @ 69.79 (VR:6.13)
[2026-06-26 19:10:29]  [行16] 解析成功: SZSE.301188 [力诺药包] SELL @ 71.39 (VR:0.21)
[2026-06-26 19:10:29]  [行17] 解析成功: SZSE.300806 [斯迪克] BUY @ 115.74 (VR:0.36)
[2026-06-26 19:10:29]  [行18] 解析成功: SZSE.300679 [电连技术] SELL @ 64.49 (VR:0.33)
[2026-06-26 19:10:29]  [行19] 解析成功: SZSE.300790 [宇瞳光学] BUY @ 26.73 (VR:0.44)
[2026-06-26 19:10:29]  [行20] 解析成功: SZSE.300990 [同飞股份] SELL @ 103.32 (VR:0.0)
[2026-06-26 19:10:29]  [行21] 解析成功: SZSE.300857 [协创数据] BUY @ 329.01 (VR:0.01)
[2026-06-26 19:10:29]  [行22] 解析成功: SZSE.000636 [风华高科] SELL @ 77.83 (VR:0.12)
[2026-06-26 19:10:29] 成功保存 22 条因子至: signal_batch_20260626_191029_955867.txt
[2026-06-26 19:10:30]  QQ-备用 邮件 2662 处理完成
[2026-06-26 19:10:30]  QQ-备用 正在解析因子: =?utf-8?b?QWxwaGFQaWxvdCDlpIfku73kv6Hlj7cgKGFscGhhX3NpZ25hbF90aHJfMjAyNjA2MjZfMTMxOC5qc29uKSBb5aSHUVEt6Ieq5L+dXQ==?=
[2026-06-26 19:10:30]  发现表格，共 22 行数据
[2026-06-26 19:10:30]  动态索引映射: ['股票代码', '股票名称', '信号', '当前价格', '量比', '来源过滤']
[2026-06-26 19:10:30]  [行1] 解析成功: SHSE.603618 [杭电股份] BUY @ 51.55 (VR:0.44)
[2026-06-26 19:10:30]  [行2] 解析成功: SHSE.605111 [新洁能] BUY @ 82.89 (VR:0.77)
[2026-06-26 19:10:30]  [行3] 解析成功: SHSE.603175 [超颖电子] SELL @ 89.16 (VR:0.33)
[2026-06-26 19:10:30]  [行4] 解析成功: SHSE.600909 [华安证券] BUY @ 12.29 (VR:0.05)
[2026-06-26 19:10:30]  [行5] 解析成功: SHSE.600460 [士兰微] BUY @ 49.9 (VR:0.78)
[2026-06-26 19:10:30]  [行6] 解析成功: SHSE.603206 [嘉环科技] SELL @ 16.72 (VR:0.09)
[2026-06-26 19:10:30]  [行7] 解析成功: SZSE.002378 [章源钨业] BUY @ 36.88 (VR:0.0)
[2026-06-26 19:10:30]  [行8] 解析成功: SZSE.001339 [智微智能] SELL @ 129.12 (VR:0.15)
[2026-06-26 19:10:30]  [行9] 解析成功: SZSE.000593 [德龙汇能] SELL @ 21.81 (VR:0.07)
[2026-06-26 19:10:30]  [行10] 解析成功: SZSE.003031 [中瓷电子] BUY @ 181.5 (VR:0.2)
[2026-06-26 19:10:30]  [行11] 解析成功: SZSE.001282 [三联锻造] SELL @ 19.77 (VR:0.64)
[2026-06-26 19:10:30]  [行12] 解析成功: SHSE.603618 [杭电股份] BUY @ 51.7 (VR:0.04)
[2026-06-26 19:10:30]  [行13] 解析成功: SHSE.605111 [新洁能] BUY @ 83.11 (VR:0.02)
[2026-06-26 19:10:30]  [行14] 解析成功: SHSE.603175 [超颖电子] SELL @ 88.98 (VR:0.03)
[2026-06-26 19:10:30]  [行15] 解析成功: SHSE.600909 [华安证券] BUY @ 12.31 (VR:0.33)
[2026-06-26 19:10:30]  [行16] 解析成功: SHSE.600460 [士兰微] BUY @ 49.93 (VR:1.02)
[2026-06-26 19:10:30]  [行17] 解析成功: SHSE.603206 [嘉环科技] SELL @ 16.67 (VR:0.53)
[2026-06-26 19:10:30]  [行18] 解析成功: SZSE.002378 [章源钨业] BUY @ 36.99 (VR:0.2)
[2026-06-26 19:10:30]  [行19] 解析成功: SZSE.001339 [智微智能] SELL @ 129.0 (VR:0.48)
[2026-06-26 19:10:30]  [行20] 解析成功: SZSE.000593 [德龙汇能] SELL @ 21.74 (VR:0.68)
[2026-06-26 19:10:30]  [行21] 解析成功: SZSE.003031 [中瓷电子] BUY @ 181.8 (VR:0.56)
[2026-06-26 19:10:30]  [行22] 解析成功: SZSE.001282 [三联锻造] SELL @ 19.71 (VR:0.43)
[2026-06-26 19:10:30] 成功保存 22 条因子至: signal_batch_20260626_191030_196800.txt
[2026-06-26 19:10:30]  QQ-备用 邮件 2663 处理完成
[2026-06-26 19:10:30]  QQ-备用 正在解析因子: =?utf-8?b?QWxwaGFQaWxvdCDlpIfku73kv6Hlj7cgKGFscGhhX3NpZ25hbF90aHJfMjAyNjA2MjZfMTMyMC5qc29uKSBb5aSHUVEt6Ieq5L+dXQ==?=
[2026-06-26 19:10:30]  发现表格，共 18 行数据
[2026-06-26 19:10:30]  动态索引映射: ['股票代码', '股票名称', '信号', '当前价格', '量比', '来源过滤']
[2026-06-26 19:10:30]  [行1] 解析成功: SHSE.688700 [东威科技] BUY @ 93.84 (VR:0.41)
[2026-06-26 19:10:30]  [行2] 解析成功: SHSE.688777 [中控技术] BUY @ 117.99 (VR:0.29)
[2026-06-26 19:10:30]  [行3] 解析成功: SHSE.688286 [敏芯股份] SELL @ 102.28 (VR:0.04)
[2026-06-26 19:10:30]  [行4] 解析成功: SZSE.300037 [新宙邦] BUY @ 83.9 (VR:0.37)
[2026-06-26 19:10:30]  [行5] 解析成功: SZSE.002980 [华盛昌] BUY @ 119.92 (VR:0.01)
[2026-06-26 19:10:30]  [行6] 解析成功: SZSE.301252 [同星科技] BUY @ 42.36 (VR:0.19)
[2026-06-26 19:10:30]  [行7] 解析成功: SZSE.301392 [汇成真空] BUY @ 245.84 (VR:0.53)
[2026-06-26 19:10:30]  [行8] 解析成功: SZSE.300319 [麦捷科技] BUY @ 31.17 (VR:0.19)
[2026-06-26 19:10:30]  [行9] 解析成功: SZSE.300234 [开尔新材] SELL @ 11.1 (VR:0.6)
[2026-06-26 19:10:30]  [行10] 解析成功: SHSE.688700 [东威科技] BUY @ 94.21 (VR:0.8)
[2026-06-26 19:10:30]  [行11] 解析成功: SHSE.688777 [中控技术] BUY @ 118.28 (VR:0.7)
[2026-06-26 19:10:30]  [行12] 解析成功: SHSE.688286 [敏芯股份] SELL @ 102.27 (VR:0.14)
[2026-06-26 19:10:30]  [行13] 解析成功: SZSE.300037 [新宙邦] BUY @ 83.95 (VR:0.49)
[2026-06-26 19:10:30]  [行14] 解析成功: SZSE.002980 [华盛昌] BUY @ 120.08 (VR:0.39)
[2026-06-26 19:10:30]  [行15] 解析成功: SZSE.301252 [同星科技] BUY @ 42.49 (VR:0.24)
[2026-06-26 19:10:30]  [行16] 解析成功: SZSE.301392 [汇成真空] BUY @ 246.28 (VR:0.31)
[2026-06-26 19:10:30]  [行17] 解析成功: SZSE.300319 [麦捷科技] BUY @ 31.2 (VR:0.29)
[2026-06-26 19:10:30]  [行18] 解析成功: SZSE.300234 [开尔新材] SELL @ 11.07 (VR:0.98)
[2026-06-26 19:10:30] 成功保存 18 条因子至: signal_batch_20260626_191030_421931.txt
[2026-06-26 19:10:30]  QQ-备用 邮件 2664 处理完成
[2026-06-26 19:10:30]  QQ-备用 正在解析因子: =?utf-8?b?QWxwaGFQaWxvdCDlpIfku73kv6Hlj7cgKGFscGhhX3NpZ25hbF90aHJfMjAyNjA2MjZfMTMyMy5qc29uKSBb5aSHUVEt6Ieq5L+dXQ==?=
[2026-06-26 19:10:30]  发现表格，共 24 行数据
[2026-06-26 19:10:30]  动态索引映射: ['股票代码', '股票名称', '信号', '当前价格', '量比', '来源过滤']
[2026-06-26 19:10:30]  [行1] 解析成功: SHSE.688216 [气派科技] BUY @ 39.45 (VR:0.1)
[2026-06-26 19:10:30]  [行2] 解析成功: SHSE.688308 [欧科亿] SELL @ 184.5 (VR:0.37)
[2026-06-26 19:10:30]  [行3] 解析成功: SHSE.688733 [壹石通] BUY @ 39.16 (VR:0.38)
[2026-06-26 19:10:30]  [行4] 解析成功: SHSE.688249 [晶合集成] BUY @ 57.12 (VR:0.36)
[2026-06-26 19:10:30]  [行5] 解析成功: SHSE.688138 [清溢光电] BUY @ 42.64 (VR:0.87)
[2026-06-26 19:10:30]  [行6] 解析成功: SZSE.300088 [长信科技] BUY @ 11.73 (VR:0.44)
[2026-06-26 19:10:30]  [行7] 解析成功: SZSE.301362 [民爆光电] SELL @ 193.62 (VR:0.45)
[2026-06-26 19:10:30]  [行8] 解析成功: SZSE.300221 [银禧科技] SELL @ 15.56 (VR:0.76)
[2026-06-26 19:10:30]  [行9] 解析成功: SZSE.300420 [五洋自控] BUY @ 9.31 (VR:1.96)
[2026-06-26 19:10:30]  [行10] 解析成功: SZSE.300661 [圣邦股份] BUY @ 132.98 (VR:1.48)
[2026-06-26 19:10:30]  [行11] 解析成功: SZSE.301195 [北路智控] SELL @ 26.79 (VR:2.64)
[2026-06-26 19:10:30]  [行12] 解析成功: SZSE.300852 [四会富仕] BUY @ 57.09 (VR:0.26)
[2026-06-26 19:10:30]  [行13] 解析成功: SHSE.688216 [气派科技] BUY @ 39.6 (VR:0.12)
[2026-06-26 19:10:30]  [行14] 解析成功: SHSE.688308 [欧科亿] SELL @ 183.88 (VR:0.91)
[2026-06-26 19:10:30]  [行15] 解析成功: SHSE.688733 [壹石通] BUY @ 39.17 (VR:0.52)
[2026-06-26 19:10:30]  [行16] 解析成功: SHSE.688249 [晶合集成] BUY @ 57.29 (VR:0.45)
[2026-06-26 19:10:30]  [行17] 解析成功: SHSE.688138 [清溢光电] BUY @ 42.7 (VR:0.84)
[2026-06-26 19:10:30]  [行18] 解析成功: SZSE.300088 [长信科技] BUY @ 11.75 (VR:0.18)
[2026-06-26 19:10:30]  [行19] 解析成功: SZSE.301362 [民爆光电] SELL @ 193.0 (VR:0.29)
[2026-06-26 19:10:30]  [行20] 解析成功: SZSE.300221 [银禧科技] SELL @ 15.49 (VR:1.22)
[2026-06-26 19:10:30]  [行21] 解析成功: SZSE.300420 [五洋自控] BUY @ 9.35 (VR:2.58)
[2026-06-26 19:10:30]  [行22] 解析成功: SZSE.300661 [圣邦股份] BUY @ 133.24 (VR:1.12)
[2026-06-26 19:10:30]  [行23] 解析成功: SZSE.301195 [北路智控] SELL @ 26.75 (VR:0.04)
[2026-06-26 19:10:30]  [行24] 解析成功: SZSE.300852 [四会富仕] BUY @ 57.12 (VR:0.65)
[2026-06-26 19:10:30] 成功保存 24 条因子至: signal_batch_20260626_191030_685101.txt
[2026-06-26 19:10:30]  QQ-备用 邮件 2665 处理完成
[2026-06-26 19:10:30]  QQ-备用 正在解析因子: =?utf-8?b?QWxwaGFQaWxvdCDlpIfku73kv6Hlj7cgKGFscGhhX3NpZ25hbF90aHJfMjAyNjA2MjZfMTMyNS5qc29uKSBb5aSHUVEt6Ieq5L+dXQ==?=
[2026-06-26 19:10:30]  发现表格，共 14 行数据
[2026-06-26 19:10:30]  动态索引映射: ['股票代码', '股票名称', '信号', '当前价格', '量比', '来源过滤']
[2026-06-26 19:10:30]  [行1] 解析成功: SZSE.300811 [铂力特] SELL @ 96.36 (VR:0.95)
[2026-06-26 19:10:30]  [行2] 解析成功: SZSE.300930 [屹通新材] SELL @ 29.15 (VR:0.21)
[2026-06-26 19:10:30]  [行3] 解析成功: SZSE.300433 [蓝思科技] BUY @ 56.37 (VR:0.8)
[2026-06-26 19:10:30]  [行4] 解析成功: SZSE.300666 [江丰电子] SELL @ 364.87 (VR:0.31)
[2026-06-26 19:10:30]  [行5] 解析成功: SZSE.000958 [电投产融] SELL @ 5.63 (VR:0.1)
[2026-06-26 19:10:30]  [行6] 解析成功: SZSE.300259 [新天科技] SELL @ 5.71 (VR:0.39)
[2026-06-26 19:10:30]  [行7] 解析成功: SZSE.301171 [易点天下] SELL @ 33.13 (VR:0.27)
[2026-06-26 19:10:30]  [行8] 解析成功: SZSE.300811 [铂力特] SELL @ 96.2 (VR:1.02)
[2026-06-26 19:10:30]  [行9] 解析成功: SZSE.300930 [屹通新材] SELL @ 29.13 (VR:0.06)
[2026-06-26 19:10:30]  [行10] 解析成功: SZSE.300433 [蓝思科技] BUY @ 56.63 (VR:0.15)
[2026-06-26 19:10:30]  [行11] 解析成功: SZSE.300666 [江丰电子] SELL @ 361.55 (VR:0.1)
[2026-06-26 19:10:30]  [行12] 解析成功: SZSE.000958 [电投产融] SELL @ 5.61 (VR:0.42)
[2026-06-26 19:10:30]  [行13] 解析成功: SZSE.300259 [新天科技] SELL @ 5.7 (VR:0.48)
[2026-06-26 19:10:30]  [行14] 解析成功: SZSE.301171 [易点天下] SELL @ 33.02 (VR:0.16)
[2026-06-26 19:10:30] 成功保存 14 条因子至: signal_batch_20260626_191030_971926.txt
[2026-06-26 19:10:31]  QQ-备用 邮件 2666 处理完成
[2026-06-26 19:10:31]  QQ-备用 正在解析因子: =?utf-8?b?QWxwaGFQaWxvdCDlpIfku73kv6Hlj7cgKGFscGhhX3NpZ25hbF90aHJfMjAyNjA2MjZfMTMyOC5qc29uKSBb5aSHUVEt6Ieq5L+dXQ==?=
[2026-06-26 19:10:31]  发现表格，共 24 行数据
[2026-06-26 19:10:31]  动态索引映射: ['股票代码', '股票名称', '信号', '当前价格', '量比', '来源过滤']
[2026-06-26 19:10:31]  [行1] 解析成功: SHSE.688665 [四方光电] BUY @ 61.9 (VR:0.12)
[2026-06-26 19:10:31]  [行2] 解析成功: SHSE.688227 [品高股份] BUY @ 98.21 (VR:0.5)
[2026-06-26 19:10:31]  [行3] 解析成功: SZSE.300689 [澄天伟业] SELL @ 62.69 (VR:2.8)
[2026-06-26 19:10:31]  [行4] 解析成功: SZSE.301045 [天禄科技] BUY @ 69.31 (VR:0.63)
[2026-06-26 19:10:31]  [行5] 解析成功: SZSE.301188 [力诺药包] BUY @ 71.3 (VR:0.21)
[2026-06-26 19:10:31]  [行6] 解析成功: SZSE.300806 [斯迪克] SELL @ 117.28 (VR:1.38)
[2026-06-26 19:10:31]  [行7] 解析成功: SZSE.301322 [绿通科技] BUY @ 57.17 (VR:0.33)
[2026-06-26 19:10:31]  [行8] 解析成功: SZSE.300679 [电连技术] SELL @ 65.56 (VR:0.84)
[2026-06-26 19:10:31]  [行9] 解析成功: SZSE.300790 [宇瞳光学] BUY @ 26.73 (VR:0.02)
[2026-06-26 19:10:31]  [行10] 解析成功: SZSE.300990 [同飞股份] BUY @ 104.28 (VR:0.19)
[2026-06-26 19:10:31]  [行11] 解析成功: SZSE.300921 [南凌科技] SELL @ 21.03 (VR:0.28)
[2026-06-26 19:10:31]  [行12] 解析成功: SZSE.000636 [风华高科] SELL @ 79.36 (VR:0.09)
[2026-06-26 19:10:31]  [行13] 解析成功: SHSE.688665 [四方光电] BUY @ 62.01 (VR:0.13)
[2026-06-26 19:10:31]  [行14] 解析成功: SHSE.688227 [品高股份] BUY @ 98.48 (VR:0.13)
[2026-06-26 19:10:31]  [行15] 解析成功: SZSE.300689 [澄天伟业] SELL @ 62.63 (VR:2.44)
[2026-06-26 19:10:31]  [行16] 解析成功: SZSE.301045 [天禄科技] BUY @ 69.6 (VR:2.75)
[2026-06-26 19:10:31]  [行17] 解析成功: SZSE.301188 [力诺药包] BUY @ 72.01 (VR:0.81)
[2026-06-26 19:10:31]  [行18] 解析成功: SZSE.300806 [斯迪克] SELL @ 116.87 (VR:1.31)
[2026-06-26 19:10:31]  [行19] 解析成功: SZSE.301322 [绿通科技] BUY @ 57.21 (VR:0.1)
[2026-06-26 19:10:31]  [行20] 解析成功: SZSE.300679 [电连技术] SELL @ 65.27 (VR:0.55)
[2026-06-26 19:10:31]  [行21] 解析成功: SZSE.300790 [宇瞳光学] BUY @ 26.87 (VR:0.13)
[2026-06-26 19:10:31]  [行22] 解析成功: SZSE.300990 [同飞股份] BUY @ 104.47 (VR:0.16)
[2026-06-26 19:10:31]  [行23] 解析成功: SZSE.300921 [南凌科技] SELL @ 21.01 (VR:0.02)
[2026-06-26 19:10:31]  [行24] 解析成功: SZSE.000636 [风华高科] SELL @ 78.98 (VR:0.31)
[2026-06-26 19:10:31] 成功保存 24 条因子至: signal_batch_20260626_191031_216114.txt
[2026-06-26 19:10:31]  QQ-备用 邮件 2667 处理完成
[2026-06-26 19:10:31]  QQ-备用 正在解析因子: =?utf-8?b?QWxwaGFQaWxvdCDlpIfku73kv6Hlj7cgKGFscGhhX3NpZ25hbF90aHJfMjAyNjA2MjZfMTMzMS5qc29uKSBb5aSHUVEt6Ieq5L+dXQ==?=
[2026-06-26 19:10:31]  发现表格，共 28 行数据
[2026-06-26 19:10:31]  动态索引映射: ['股票代码', '股票名称', '信号', '当前价格', '量比', '来源过滤']
[2026-06-26 19:10:31]  [行1] 解析成功: SHSE.603618 [杭电股份] SELL @ 52.11 (VR:7.07)
[2026-06-26 19:10:31]  [行2] 解析成功: SHSE.603175 [超颖电子] SELL @ 88.9 (VR:0.06)
[2026-06-26 19:10:31]  [行3] 解析成功: SHSE.600460 [士兰微] SELL @ 49.55 (VR:0.1)
[2026-06-26 19:10:31]  [行4] 解析成功: SHSE.603206 [嘉环科技] SELL @ 16.59 (VR:0.23)
[2026-06-26 19:10:31]  [行5] 解析成功: SZSE.002718 [友邦吊顶] BUY @ 113.1 (VR:0.09)
[2026-06-26 19:10:31]  [行6] 解析成功: SZSE.002378 [章源钨业] SELL @ 36.9 (VR:0.1)
[2026-06-26 19:10:31]  [行7] 解析成功: SZSE.002768 [国恩股份] BUY @ 51.73 (VR:0.31)
[2026-06-26 19:10:31]  [行8] 解析成功: SZSE.001339 [智微智能] BUY @ 128.85 (VR:0.25)
[2026-06-26 19:10:31]  [行9] 解析成功: SZSE.000593 [德龙汇能] SELL @ 21.75 (VR:0.6)
[2026-06-26 19:10:31]  [行10] 解析成功: SZSE.002552 [宝鼎科技] BUY @ 66.67 (VR:0.21)
[2026-06-26 19:10:31]  [行11] 解析成功: SZSE.003031 [中瓷电子] BUY @ 181.25 (VR:1.47)
[2026-06-26 19:10:31]  [行12] 解析成功: SZSE.001282 [三联锻造] SELL @ 19.74 (VR:0.41)
[2026-06-26 19:10:31]  [行13] 解析成功: SZSE.002937 [兴瑞科技] BUY @ 43.16 (VR:0.2)
[2026-06-26 19:10:31]  [行14] 解析成功: SZSE.000920 [沃顿科技] SELL @ 14.35 (VR:1.14)
[2026-06-26 19:10:31]  [行15] 解析成功: SHSE.603618 [杭电股份] SELL @ 52.06 (VR:0.39)
[2026-06-26 19:10:31]  [行16] 解析成功: SHSE.603175 [超颖电子] SELL @ 88.74 (VR:0.14)
[2026-06-26 19:10:31]  [行17] 解析成功: SHSE.600460 [士兰微] SELL @ 49.54 (VR:0.41)
[2026-06-26 19:10:31]  [行18] 解析成功: SHSE.603206 [嘉环科技] SELL @ 16.57 (VR:0.19)
[2026-06-26 19:10:31]  [行19] 解析成功: SZSE.002718 [友邦吊顶] BUY @ 113.17 (VR:0.05)
[2026-06-26 19:10:31]  [行20] 解析成功: SZSE.002378 [章源钨业] SELL @ 36.78 (VR:0.14)
[2026-06-26 19:10:31]  [行21] 解析成功: SZSE.002768 [国恩股份] BUY @ 51.78 (VR:0.14)
[2026-06-26 19:10:31]  [行22] 解析成功: SZSE.001339 [智微智能] BUY @ 128.88 (VR:0.38)
[2026-06-26 19:10:31]  [行23] 解析成功: SZSE.000593 [德龙汇能] SELL @ 21.71 (VR:0.38)
[2026-06-26 19:10:31]  [行24] 解析成功: SZSE.002552 [宝鼎科技] BUY @ 66.69 (VR:0.12)
[2026-06-26 19:10:31]  [行25] 解析成功: SZSE.003031 [中瓷电子] BUY @ 182.69 (VR:0.5)
[2026-06-26 19:10:31]  [行26] 解析成功: SZSE.001282 [三联锻造] SELL @ 19.72 (VR:0.12)
[2026-06-26 19:10:31]  [行27] 解析成功: SZSE.002937 [兴瑞科技] BUY @ 43.21 (VR:0.23)
[2026-06-26 19:10:31]  [行28] 解析成功: SZSE.000920 [沃顿科技] SELL @ 14.34 (VR:2.18)
[2026-06-26 19:10:31] 成功保存 28 条因子至: signal_batch_20260626_191031_452706.txt
[2026-06-26 19:10:31]  QQ-备用 邮件 2668 处理完成
[2026-06-26 19:10:31]  QQ-备用 正在解析因子: =?utf-8?b?QWxwaGFQaWxvdCDlpIfku73kv6Hlj7cgKGFscGhhX3NpZ25hbF90aHJfMjAyNjA2MjZfMTMzMy5qc29uKSBb5aSHUVEt6Ieq5L+dXQ==?=
[2026-06-26 19:10:31]  发现表格，共 26 行数据
[2026-06-26 19:10:31]  动态索引映射: ['股票代码', '股票名称', '信号', '当前价格', '量比', '来源过滤']
[2026-06-26 19:10:31]  [行1] 解析成功: SHSE.688700 [东威科技] SELL @ 94.85 (VR:0.26)
[2026-06-26 19:10:31]  [行2] 解析成功: SHSE.688777 [中控技术] BUY @ 118.25 (VR:0.32)
[2026-06-26 19:10:31]  [行3] 解析成功: SHSE.688286 [敏芯股份] BUY @ 102.11 (VR:0.41)
[2026-06-26 19:10:31]  [行4] 解析成功: SHSE.688511 [天微电子] BUY @ 29.29 (VR:0.04)
[2026-06-26 19:10:31]  [行5] 解析成功: SHSE.688059 [华锐精密] BUY @ 204.46 (VR:0.54)
[2026-06-26 19:10:31]  [行6] 解析成功: SZSE.002980 [华盛昌] BUY @ 120.58 (VR:0.2)
[2026-06-26 19:10:31]  [行7] 解析成功: SZSE.301281 [利源制药] BUY @ 44.95 (VR:0.07)
[2026-06-26 19:10:31]  [行8] 解析成功: SZSE.300285 [国瓷材料] BUY @ 100.82 (VR:0.1)
[2026-06-26 19:10:31]  [行9] 解析成功: SZSE.301252 [同星科技] BUY @ 42.4 (VR:0.2)
[2026-06-26 19:10:31]  [行10] 解析成功: SZSE.301392 [汇成真空] SELL @ 246.5 (VR:0.53)
[2026-06-26 19:10:31]  [行11] 解析成功: SZSE.300319 [麦捷科技] BUY @ 31.26 (VR:0.07)
[2026-06-26 19:10:31]  [行12] 解析成功: SZSE.300234 [开尔新材] BUY @ 11.11 (VR:0.02)
[2026-06-26 19:10:31]  [行13] 解析成功: SZSE.300214 [日科化学] BUY @ 10.34 (VR:0.12)
[2026-06-26 19:10:31]  [行14] 解析成功: SHSE.688700 [东威科技] SELL @ 94.42 (VR:0.44)
[2026-06-26 19:10:31]  [行15] 解析成功: SHSE.688777 [中控技术] BUY @ 118.38 (VR:0.32)
[2026-06-26 19:10:31]  [行16] 解析成功: SHSE.688286 [敏芯股份] BUY @ 102.98 (VR:2.31)
[2026-06-26 19:10:31]  [行17] 解析成功: SHSE.688511 [天微电子] BUY @ 29.34 (VR:0.37)
[2026-06-26 19:10:31]  [行18] 解析成功: SHSE.688059 [华锐精密] BUY @ 204.77 (VR:0.28)
[2026-06-26 19:10:31]  [行19] 解析成功: SZSE.002980 [华盛昌] BUY @ 121.07 (VR:0.3)
[2026-06-26 19:10:31]  [行20] 解析成功: SZSE.301281 [利源制药] BUY @ 45.03 (VR:0.43)
[2026-06-26 19:10:31]  [行21] 解析成功: SZSE.300285 [国瓷材料] BUY @ 101.67 (VR:0.14)
[2026-06-26 19:10:31]  [行22] 解析成功: SZSE.301252 [同星科技] BUY @ 42.54 (VR:0.09)
[2026-06-26 19:10:31]  [行23] 解析成功: SZSE.301392 [汇成真空] SELL @ 246.41 (VR:0.11)
[2026-06-26 19:10:31]  [行24] 解析成功: SZSE.300319 [麦捷科技] BUY @ 31.4 (VR:0.24)
[2026-06-26 19:10:31]  [行25] 解析成功: SZSE.300234 [开尔新材] BUY @ 11.2 (VR:0.22)
[2026-06-26 19:10:31]  [行26] 解析成功: SZSE.300214 [日科化学] BUY @ 10.36 (VR:0.32)
[2026-06-26 19:10:31] 成功保存 26 条因子至: signal_batch_20260626_191031_665080.txt
[2026-06-26 19:10:31]  QQ-备用 邮件 2669 处理完成
[2026-06-26 19:10:31]  QQ-备用 正在解析因子: =?utf-8?b?QWxwaGFQaWxvdCDlpIfku73kv6Hlj7cgKGFscGhhX3NpZ25hbF90aHJfMjAyNjA2MjZfMTMzNy5qc29uKSBb5aSHUVEt6Ieq5L+dXQ==?=
[2026-06-26 19:10:31]  发现表格，共 28 行数据
[2026-06-26 19:10:31]  动态索引映射: ['股票代码', '股票名称', '信号', '当前价格', '量比', '来源过滤']
[2026-06-26 19:10:31]  [行1] 解析成功: SHSE.688216 [气派科技] SELL @ 39.5 (VR:0.64)
[2026-06-26 19:10:31]  [行2] 解析成功: SHSE.688308 [欧科亿] BUY @ 183.24 (VR:0.11)
[2026-06-26 19:10:31]  [行3] 解析成功: SHSE.688721 [龙图光罩] BUY @ 53.15 (VR:0.16)
[2026-06-26 19:10:31]  [行4] 解析成功: SHSE.688733 [壹石通] BUY @ 39.14 (VR:0.04)
[2026-06-26 19:10:31]  [行5] 解析成功: SHSE.688138 [清溢光电] BUY @ 43.99 (VR:0.43)
[2026-06-26 19:10:31]  [行6] 解析成功: SZSE.300088 [长信科技] SELL @ 11.6 (VR:0.24)
[2026-06-26 19:10:31]  [行7] 解析成功: SZSE.300709 [精研科技] SELL @ 62.0 (VR:1.26)
[2026-06-26 19:10:31]  [行8] 解析成功: SZSE.301362 [民爆光电] BUY @ 192.01 (VR:0.01)
[2026-06-26 19:10:31]  [行9] 解析成功: SZSE.300420 [五洋自控] BUY @ 9.7 (VR:7.83)
[2026-06-26 19:10:31]  [行10] 解析成功: SZSE.300661 [圣邦股份] BUY @ 133.08 (VR:0.64)
[2026-06-26 19:10:31]  [行11] 解析成功: SZSE.300780 [德恩精工] BUY @ 33.67 (VR:0.85)
[2026-06-26 19:10:31]  [行12] 解析成功: SZSE.301195 [北路智控] BUY @ 26.58 (VR:0.72)
[2026-06-26 19:10:31]  [行13] 解析成功: SZSE.300304 [云意电气] BUY @ 19.39 (VR:1.77)
[2026-06-26 19:10:31]  [行14] 解析成功: SZSE.300852 [四会富仕] BUY @ 57.06 (VR:0.11)
[2026-06-26 19:10:31]  [行15] 解析成功: SHSE.688216 [气派科技] SELL @ 39.49 (VR:0.08)
[2026-06-26 19:10:31]  [行16] 解析成功: SHSE.688308 [欧科亿] BUY @ 184.34 (VR:0.25)
[2026-06-26 19:10:31]  [行17] 解析成功: SHSE.688721 [龙图光罩] BUY @ 53.52 (VR:2.2)
[2026-06-26 19:10:31]  [行18] 解析成功: SHSE.688733 [壹石通] BUY @ 39.2 (VR:0.15)
[2026-06-26 19:10:31]  [行19] 解析成功: SHSE.688138 [清溢光电] BUY @ 44.71 (VR:4.16)
[2026-06-26 19:10:31]  [行20] 解析成功: SZSE.300088 [长信科技] SELL @ 11.58 (VR:1.06)
[2026-06-26 19:10:31]  [行21] 解析成功: SZSE.300709 [精研科技] SELL @ 61.78 (VR:0.26)
[2026-06-26 19:10:31]  [行22] 解析成功: SZSE.301362 [民爆光电] BUY @ 192.36 (VR:0.19)
[2026-06-26 19:10:31]  [行23] 解析成功: SZSE.300420 [五洋自控] BUY @ 9.79 (VR:6.41)
[2026-06-26 19:10:31]  [行24] 解析成功: SZSE.300661 [圣邦股份] BUY @ 133.15 (VR:1.1)
[2026-06-26 19:10:31]  [行25] 解析成功: SZSE.300780 [德恩精工] BUY @ 33.68 (VR:2.09)
[2026-06-26 19:10:31]  [行26] 解析成功: SZSE.301195 [北路智控] BUY @ 26.6 (VR:5.18)
[2026-06-26 19:10:31]  [行27] 解析成功: SZSE.300304 [云意电气] BUY @ 19.46 (VR:1.65)
[2026-06-26 19:10:31]  [行28] 解析成功: SZSE.300852 [四会富仕] BUY @ 57.19 (VR:0.07)
[2026-06-26 19:10:31] 成功保存 28 条因子至: signal_batch_20260626_191031_910761.txt
[2026-06-26 19:10:32]  QQ-备用 邮件 2670 处理完成
[2026-06-26 19:10:32]  QQ-备用 正在解析因子: =?utf-8?b?QWxwaGFQaWxvdCDlpIfku73kv6Hlj7cgKGFscGhhX3NpZ25hbF90aHJfMjAyNjA2MjZfMTM0MS5qc29uKSBb5aSHUVEt6Ieq5L+dXQ==?=
[2026-06-26 19:10:32]  发现表格，共 22 行数据
[2026-06-26 19:10:32]  动态索引映射: ['股票代码', '股票名称', '信号', '当前价格', '量比', '来源过滤']
[2026-06-26 19:10:32]  [行1] 解析成功: SHSE.600353 [旭光电子] BUY @ 47.55 (VR:1.55)
[2026-06-26 19:10:32]  [行2] 解析成功: SHSE.688392 [娇成超声] SELL @ 192.17 (VR:0.12)
[2026-06-26 19:10:32]  [行3] 解析成功: SZSE.300308 [中际旭创] BUY @ 1274.2 (VR:0.27)
[2026-06-26 19:10:32]  [行4] 解析成功: SZSE.300346 [南大光电] SELL @ 79.42 (VR:0.99)
[2026-06-26 19:10:32]  [行5] 解析成功: SZSE.300930 [屹通新材] SELL @ 29.16 (VR:0.09)
[2026-06-26 19:10:32]  [行6] 解析成功: SZSE.300433 [蓝思科技] SELL @ 56.81 (VR:0.62)
[2026-06-26 19:10:32]  [行7] 解析成功: SZSE.300666 [江丰电子] SELL @ 358.0 (VR:0.37)
[2026-06-26 19:10:32]  [行8] 解析成功: SZSE.300259 [新天科技] SELL @ 5.67 (VR:1.58)
[2026-06-26 19:10:32]  [行9] 解析成功: SZSE.300739 [明阳电路] BUY @ 34.29 (VR:0.87)
[2026-06-26 19:10:32]  [行10] 解析成功: SZSE.301171 [易点天下] SELL @ 33.26 (VR:0.14)
[2026-06-26 19:10:32]  [行11] 解析成功: SZSE.301226 [祥明智能] SELL @ 30.52 (VR:3.57)
[2026-06-26 19:10:32]  [行12] 解析成功: SHSE.600353 [旭光电子] BUY @ 47.69 (VR:1.59)
[2026-06-26 19:10:32]  [行13] 解析成功: SHSE.688392 [娇成超声] SELL @ 192.09 (VR:0.34)
[2026-06-26 19:10:32]  [行14] 解析成功: SZSE.300346 [南大光电] SELL @ 79.1 (VR:0.49)
[2026-06-26 19:10:32]  [行15] 解析成功: SZSE.300930 [屹通新材] SELL @ 29.12 (VR:0.35)
[2026-06-26 19:10:32]  [行16] 解析成功: SZSE.300433 [蓝思科技] SELL @ 56.6 (VR:0.42)
[2026-06-26 19:10:32]  [行17] 解析成功: SZSE.300666 [江丰电子] SELL @ 357.96 (VR:0.21)
[2026-06-26 19:10:32]  [行18] 解析成功: SZSE.300936 [中英科技] BUY @ 104.0 (VR:1.14)
[2026-06-26 19:10:32]  [行19] 解析成功: SZSE.300259 [新天科技] SELL @ 5.66 (VR:1.15)
[2026-06-26 19:10:32]  [行20] 解析成功: SZSE.300739 [明阳电路] BUY @ 34.3 (VR:0.27)
[2026-06-26 19:10:32]  [行21] 解析成功: SZSE.301171 [易点天下] SELL @ 33.2 (VR:0.67)
[2026-06-26 19:10:32]  [行22] 解析成功: SZSE.301226 [祥明智能] SELL @ 30.49 (VR:2.15)
[2026-06-26 19:10:32] 成功保存 22 条因子至: signal_batch_20260626_191032_149254.txt
[2026-06-26 19:10:32]  QQ-备用 邮件 2671 处理完成
[2026-06-26 19:10:32]  QQ-备用 正在解析因子: =?utf-8?b?QWxwaGFQaWxvdCDlpIfku73kv6Hlj7cgKGFscGhhX3NpZ25hbF90aHJfMjAyNjA2MjZfMTM0NS5qc29uKSBb5aSHUVEt6Ieq5L+dXQ==?=
[2026-06-26 19:10:32]  发现表格，共 38 行数据
[2026-06-26 19:10:32]  动态索引映射: ['股票代码', '股票名称', '信号', '当前价格', '量比', '来源过滤']
[2026-06-26 19:10:32]  [行1] 解析成功: SHSE.688110 [东芯股份] BUY @ 179.23 (VR:0.23)
[2026-06-26 19:10:32]  [行2] 解析成功: SHSE.688665 [四方光电] BUY @ 62.54 (VR:0.26)
[2026-06-26 19:10:32]  [行3] 解析成功: SHSE.688002 [睿创微纳] BUY @ 142.5 (VR:1.04)
[2026-06-26 19:10:32]  [行4] 解析成功: SHSE.688102 [斯瑞新材] BUY @ 44.72 (VR:0.4)
[2026-06-26 19:10:32]  [行5] 解析成功: SHSE.688521 [芯原股份] BUY @ 339.45 (VR:0.25)
[2026-06-26 19:10:32]  [行6] 解析成功: SHSE.688227 [品高股份] BUY @ 98.68 (VR:0.13)
[2026-06-26 19:10:32]  [行7] 解析成功: SZSE.300689 [澄天伟业] BUY @ 62.9 (VR:0.69)
[2026-06-26 19:10:32]  [行8] 解析成功: SZSE.301045 [天禄科技] BUY @ 69.86 (VR:1.36)
[2026-06-26 19:10:32]  [行9] 解析成功: SZSE.301188 [力诺药包] SELL @ 71.77 (VR:0.03)
[2026-06-26 19:10:32]  [行10] 解析成功: SZSE.300806 [斯迪克] BUY @ 116.77 (VR:0.11)
[2026-06-26 19:10:32]  [行11] 解析成功: SZSE.301322 [绿通科技] BUY @ 57.44 (VR:0.56)
[2026-06-26 19:10:32]  [行12] 解析成功: SZSE.300679 [电连技术] BUY @ 64.98 (VR:0.18)
[2026-06-26 19:10:32]  [行13] 解析成功: SZSE.300376 [易事特] BUY @ 5.25 (VR:0.03)
[2026-06-26 19:10:32]  [行14] 解析成功: SZSE.300620 [光库科技] BUY @ 367.12 (VR:0.35)
[2026-06-26 19:10:32]  [行15] 解析成功: SZSE.300790 [宇瞳光学] SELL @ 26.87 (VR:0.4)
[2026-06-26 19:10:32]  [行16] 解析成功: SZSE.300990 [同飞股份] BUY @ 103.99 (VR:0.49)
[2026-06-26 19:10:32]  [行17] 解析成功: SZSE.300921 [南凌科技] BUY @ 20.98 (VR:0.21)
[2026-06-26 19:10:32]  [行18] 解析成功: SZSE.300857 [协创数据] BUY @ 336.68 (VR:0.31)
[2026-06-26 19:10:32]  [行19] 解析成功: SZSE.000636 [风华高科] BUY @ 79.5 (VR:0.72)
[2026-06-26 19:10:32]  [行20] 解析成功: SHSE.688110 [东芯股份] BUY @ 179.69 (VR:1.09)
[2026-06-26 19:10:32]  [行21] 解析成功: SHSE.688665 [四方光电] BUY @ 62.85 (VR:9.76)
[2026-06-26 19:10:32]  [行22] 解析成功: SHSE.688002 [睿创微纳] BUY @ 142.78 (VR:0.74)
[2026-06-26 19:10:32]  [行23] 解析成功: SHSE.688102 [斯瑞新材] BUY @ 44.81 (VR:1.34)
[2026-06-26 19:10:32]  [行24] 解析成功: SHSE.688521 [芯原股份] BUY @ 340.0 (VR:0.68)
[2026-06-26 19:10:32]  [行25] 解析成功: SHSE.688227 [品高股份] BUY @ 98.73 (VR:0.14)
[2026-06-26 19:10:32]  [行26] 解析成功: SZSE.300689 [澄天伟业] BUY @ 62.96 (VR:0.41)
[2026-06-26 19:10:32]  [行27] 解析成功: SZSE.301045 [天禄科技] BUY @ 69.96 (VR:2.15)
[2026-06-26 19:10:32]  [行28] 解析成功: SZSE.301188 [力诺药包] SELL @ 71.56 (VR:0.04)
[2026-06-26 19:10:32]  [行29] 解析成功: SZSE.300806 [斯迪克] BUY @ 117.66 (VR:0.25)
[2026-06-26 19:10:32]  [行30] 解析成功: SZSE.301322 [绿通科技] BUY @ 57.51 (VR:0.08)
[2026-06-26 19:10:32]  [行31] 解析成功: SZSE.300679 [电连技术] BUY @ 65.09 (VR:0.03)
[2026-06-26 19:10:32]  [行32] 解析成功: SZSE.300376 [易事特] BUY @ 5.27 (VR:0.14)
[2026-06-26 19:10:32]  [行33] 解析成功: SZSE.300620 [光库科技] BUY @ 367.39 (VR:0.61)
[2026-06-26 19:10:32]  [行34] 解析成功: SZSE.300790 [宇瞳光学] SELL @ 26.84 (VR:0.28)
[2026-06-26 19:10:32]  [行35] 解析成功: SZSE.300990 [同飞股份] BUY @ 104.2 (VR:0.36)
[2026-06-26 19:10:32]  [行36] 解析成功: SZSE.300921 [南凌科技] BUY @ 21.0 (VR:0.42)
[2026-06-26 19:10:32]  [行37] 解析成功: SZSE.300857 [协创数据] BUY @ 336.7 (VR:0.75)
[2026-06-26 19:10:32]  [行38] 解析成功: SZSE.000636 [风华高科] BUY @ 79.61 (VR:0.92)
[2026-06-26 19:10:32] 成功保存 38 条因子至: signal_batch_20260626_191032_385613.txt
[2026-06-26 19:10:32]  QQ-备用 邮件 2672 处理完成
[2026-06-26 19:10:32]  QQ-备用 正在解析因子: =?utf-8?b?QWxwaGFQaWxvdCDlpIfku73kv6Hlj7cgKGFscGhhX3NpZ25hbF90aHJfMjAyNjA2MjZfMTM0OS5qc29uKSBb5aSHUVEt6Ieq5L+dXQ==?=
[2026-06-26 19:10:32]  发现表格，共 33 行数据
[2026-06-26 19:10:32]  动态索引映射: ['股票代码', '股票名称', '信号', '当前价格', '量比', '来源过滤']
[2026-06-26 19:10:32]  [行1] 解析成功: SHSE.603618 [杭电股份] SELL @ 52.34 (VR:0.61)
[2026-06-26 19:10:32]  [行2] 解析成功: SHSE.605111 [新洁能] BUY @ 84.1 (VR:5.58)
[2026-06-26 19:10:32]  [行3] 解析成功: SHSE.603175 [超颖电子] SELL @ 89.67 (VR:0.84)
[2026-06-26 19:10:32]  [行4] 解析成功: SHSE.600909 [华安证券] BUY @ 12.24 (VR:1.49)
[2026-06-26 19:10:32]  [行5] 解析成功: SHSE.600460 [士兰微] BUY @ 50.72 (VR:1.23)
[2026-06-26 19:10:32]  [行6] 解析成功: SHSE.603206 [嘉环科技] BUY @ 16.52 (VR:1.67)
[2026-06-26 19:10:32]  [行7] 解析成功: SZSE.002718 [友邦吊顶] SELL @ 112.85 (VR:0.13)
[2026-06-26 19:10:32]  [行8] 解析成功: SZSE.002378 [章源钨业] SELL @ 37.5 (VR:1.07)
[2026-06-26 19:10:32]  [行9] 解析成功: SZSE.001339 [智微智能] BUY @ 129.16 (VR:0.21)
[2026-06-26 19:10:32]  [行10] 解析成功: SZSE.000593 [德龙汇能] BUY @ 21.74 (VR:0.12)
[2026-06-26 19:10:32]  [行11] 解析成功: SZSE.002552 [宝鼎科技] SELL @ 66.91 (VR:0.26)
[2026-06-26 19:10:32]  [行12] 解析成功: SZSE.003031 [中瓷电子] SELL @ 182.95 (VR:0.56)
[2026-06-26 19:10:32]  [行13] 解析成功: SZSE.002643 [万润股份] BUY @ 19.61 (VR:1.47)
[2026-06-26 19:10:32]  [行14] 解析成功: SZSE.001282 [三联锻造] BUY @ 19.96 (VR:0.14)
[2026-06-26 19:10:32]  [行15] 解析成功: SZSE.002937 [兴瑞科技] BUY @ 43.64 (VR:0.11)
[2026-06-26 19:10:32]  [行16] 解析成功: SZSE.000920 [沃顿科技] SELL @ 14.25 (VR:0.09)
[2026-06-26 19:10:32]  [行17] 解析成功: SHSE.603618 [杭电股份] SELL @ 52.2 (VR:0.64)
[2026-06-26 19:10:32]  [行18] 解析成功: SHSE.605111 [新洁能] BUY @ 84.49 (VR:2.49)
[2026-06-26 19:10:32]  [行19] 解析成功: SHSE.603175 [超颖电子] SELL @ 89.4 (VR:0.5)
[2026-06-26 19:10:32]  [行20] 解析成功: SHSE.600909 [华安证券] BUY @ 12.26 (VR:0.02)
[2026-06-26 19:10:32]  [行21] 解析成功: SHSE.600460 [士兰微] BUY @ 50.77 (VR:0.02)
[2026-06-26 19:10:32]  [行22] 解析成功: SHSE.603206 [嘉环科技] BUY @ 16.57 (VR:0.05)
[2026-06-26 19:10:32]  [行23] 解析成功: SZSE.002718 [友邦吊顶] SELL @ 112.77 (VR:0.06)
[2026-06-26 19:10:32]  [行24] 解析成功: SZSE.002378 [章源钨业] SELL @ 37.35 (VR:0.0)
[2026-06-26 19:10:32]  [行25] 解析成功: SZSE.002768 [国恩股份] SELL @ 51.6 (VR:0.9)
[2026-06-26 19:10:32]  [行26] 解析成功: SZSE.001339 [智微智能] BUY @ 129.25 (VR:0.33)
[2026-06-26 19:10:32]  [行27] 解析成功: SZSE.000593 [德龙汇能] BUY @ 21.74 (VR:0.16)
[2026-06-26 19:10:32]  [行28] 解析成功: SZSE.002552 [宝鼎科技] SELL @ 66.91 (VR:0.2)
[2026-06-26 19:10:32]  [行29] 解析成功: SZSE.003031 [中瓷电子] SELL @ 182.91 (VR:0.79)
[2026-06-26 19:10:32]  [行30] 解析成功: SZSE.002643 [万润股份] BUY @ 19.62 (VR:1.19)
[2026-06-26 19:10:32]  [行31] 解析成功: SZSE.001282 [三联锻造] BUY @ 20.15 (VR:2.23)
[2026-06-26 19:10:32]  [行32] 解析成功: SZSE.002937 [兴瑞科技] BUY @ 43.66 (VR:0.96)
[2026-06-26 19:10:32]  [行33] 解析成功: SZSE.000920 [沃顿科技] SELL @ 14.25 (VR:0.28)
[2026-06-26 19:10:32] 成功保存 33 条因子至: signal_batch_20260626_191032_612103.txt
[2026-06-26 19:10:32]  QQ-备用 邮件 2673 处理完成
[2026-06-26 19:10:32]  QQ-备用 正在解析因子: =?utf-8?b?QWxwaGFQaWxvdCDlpIfku73kv6Hlj7cgKGFscGhhX3NpZ25hbF90aHJfMjAyNjA2MjZfMTM1My5qc29uKSBb5aSHUVEt6Ieq5L+dXQ==?=
[2026-06-26 19:10:32]  发现表格，共 27 行数据
[2026-06-26 19:10:32]  动态索引映射: ['股票代码', '股票名称', '信号', '当前价格', '量比', '来源过滤']
[2026-06-26 19:10:32]  [行1] 解析成功: SHSE.688700 [东威科技] BUY @ 95.33 (VR:0.34)
[2026-06-26 19:10:32]  [行2] 解析成功: SHSE.688777 [中控技术] BUY @ 119.5 (VR:0.35)
[2026-06-26 19:10:32]  [行3] 解析成功: SHSE.688286 [敏芯股份] BUY @ 103.82 (VR:0.05)
[2026-06-26 19:10:32]  [行4] 解析成功: SHSE.688386 [泛亚微透] BUY @ 92.77 (VR:0.77)
[2026-06-26 19:10:32]  [行5] 解析成功: SHSE.688059 [华锐精密] SELL @ 205.27 (VR:1.07)
[2026-06-26 19:10:32]  [行6] 解析成功: SZSE.300037 [新宙邦] BUY @ 85.05 (VR:1.16)
[2026-06-26 19:10:32]  [行7] 解析成功: SZSE.002980 [华盛昌] BUY @ 121.3 (VR:0.45)
[2026-06-26 19:10:32]  [行8] 解析成功: SZSE.300868 [杰美特] BUY @ 153.53 (VR:0.26)
[2026-06-26 19:10:32]  [行9] 解析成功: SZSE.301281 [利源制药] BUY @ 45.68 (VR:0.85)
[2026-06-26 19:10:32]  [行10] 解析成功: SZSE.300285 [国瓷材料] SELL @ 105.24 (VR:2.1)
[2026-06-26 19:10:32]  [行11] 解析成功: SZSE.301252 [同星科技] BUY @ 42.59 (VR:0.17)
[2026-06-26 19:10:32]  [行12] 解析成功: SZSE.301392 [汇成真空] BUY @ 246.25 (VR:1.36)
[2026-06-26 19:10:32]  [行13] 解析成功: SZSE.300234 [开尔新材] BUY @ 11.2 (VR:0.42)
[2026-06-26 19:10:32]  [行14] 解析成功: SHSE.688700 [东威科技] BUY @ 95.47 (VR:0.04)
[2026-06-26 19:10:32]  [行15] 解析成功: SHSE.688777 [中控技术] BUY @ 119.65 (VR:0.03)
[2026-06-26 19:10:32]  [行16] 解析成功: SHSE.688286 [敏芯股份] BUY @ 103.94 (VR:0.03)
[2026-06-26 19:10:32]  [行17] 解析成功: SHSE.688386 [泛亚微透] BUY @ 93.22 (VR:0.13)
[2026-06-26 19:10:32]  [行18] 解析成功: SHSE.688059 [华锐精密] SELL @ 205.27 (VR:0.09)
[2026-06-26 19:10:32]  [行19] 解析成功: SZSE.300037 [新宙邦] BUY @ 85.75 (VR:0.48)
[2026-06-26 19:10:32]  [行20] 解析成功: SZSE.301419 [瑞可达] SELL @ 45.11 (VR:0.4)
[2026-06-26 19:10:32]  [行21] 解析成功: SZSE.002980 [华盛昌] BUY @ 121.58 (VR:0.27)
[2026-06-26 19:10:32]  [行22] 解析成功: SZSE.300868 [杰美特] BUY @ 153.69 (VR:0.14)
[2026-06-26 19:10:32]  [行23] 解析成功: SZSE.301281 [利源制药] BUY @ 45.89 (VR:0.59)
[2026-06-26 19:10:32]  [行24] 解析成功: SZSE.300285 [国瓷材料] SELL @ 104.84 (VR:2.3)
[2026-06-26 19:10:32]  [行25] 解析成功: SZSE.301252 [同星科技] BUY @ 42.6 (VR:0.67)
[2026-06-26 19:10:32]  [行26] 解析成功: SZSE.301392 [汇成真空] BUY @ 246.45 (VR:1.27)
[2026-06-26 19:10:32]  [行27] 解析成功: SZSE.300234 [开尔新材] BUY @ 11.23 (VR:0.85)
[2026-06-26 19:10:32] 成功保存 27 条因子至: signal_batch_20260626_191032_923634.txt
[2026-06-26 19:10:33]  QQ-备用 邮件 2674 处理完成
[2026-06-26 19:10:33]  QQ-备用 正在解析因子: =?utf-8?b?QWxwaGFQaWxvdCDlpIfku73kv6Hlj7cgKGFscGhhX3NpZ25hbF90aHJfMjAyNjA2MjZfMTM1Ny5qc29uKSBb5aSHUVEt6Ieq5L+dXQ==?=
[2026-06-26 19:10:33]  发现表格，共 33 行数据
[2026-06-26 19:10:33]  动态索引映射: ['股票代码', '股票名称', '信号', '当前价格', '量比', '来源过滤']
[2026-06-26 19:10:33]  [行1] 解析成功: SHSE.688216 [气派科技] BUY @ 40.19 (VR:2.73)
[2026-06-26 19:10:33]  [行2] 解析成功: SHSE.688308 [欧科亿] BUY @ 185.83 (VR:1.02)
[2026-06-26 19:10:33]  [行3] 解析成功: SHSE.688721 [龙图光罩] SELL @ 54.98 (VR:1.88)
[2026-06-26 19:10:33]  [行4] 解析成功: SHSE.688733 [壹石通] SELL @ 39.47 (VR:0.0)
[2026-06-26 19:10:33]  [行5] 解析成功: SHSE.688138 [清溢光电] SELL @ 43.47 (VR:0.32)
[2026-06-26 19:10:33]  [行6] 解析成功: SZSE.300196 [长海股份] BUY @ 33.3 (VR:0.84)
[2026-06-26 19:10:33]  [行7] 解析成功: SZSE.300088 [长信科技] BUY @ 11.73 (VR:0.15)
[2026-06-26 19:10:33]  [行8] 解析成功: SZSE.300709 [精研科技] SELL @ 62.49 (VR:1.14)
[2026-06-26 19:10:33]  [行9] 解析成功: SZSE.301362 [民爆光电] BUY @ 192.7 (VR:0.02)
[2026-06-26 19:10:33]  [行10] 解析成功: SZSE.300420 [五洋自控] SELL @ 9.83 (VR:0.58)
[2026-06-26 19:10:33]  [行11] 解析成功: SZSE.301323 [新莱福] BUY @ 86.03 (VR:0.47)
[2026-06-26 19:10:33]  [行12] 解析成功: SZSE.300661 [圣邦股份] BUY @ 132.85 (VR:0.45)
[2026-06-26 19:10:33]  [行13] 解析成功: SZSE.300780 [德恩精工] BUY @ 33.54 (VR:0.26)
[2026-06-26 19:10:33]  [行14] 解析成功: SZSE.301195 [北路智控] BUY @ 26.58 (VR:0.2)
[2026-06-26 19:10:33]  [行15] 解析成功: SZSE.300497 [富祥股份] BUY @ 20.92 (VR:0.27)
[2026-06-26 19:10:33]  [行16] 解析成功: SZSE.300304 [云意电气] SELL @ 19.85 (VR:1.15)
[2026-06-26 19:10:33]  [行17] 解析成功: SZSE.300852 [四会富仕] SELL @ 57.3 (VR:1.5)
[2026-06-26 19:10:33]  [行18] 解析成功: SHSE.688216 [气派科技] BUY @ 40.2 (VR:0.03)
[2026-06-26 19:10:33]  [行19] 解析成功: SHSE.688308 [欧科亿] BUY @ 186.0 (VR:0.13)
[2026-06-26 19:10:33]  [行20] 解析成功: SHSE.688721 [龙图光罩] SELL @ 54.69 (VR:1.23)
[2026-06-26 19:10:33]  [行21] 解析成功: SHSE.688138 [清溢光电] SELL @ 43.21 (VR:0.46)
[2026-06-26 19:10:33]  [行22] 解析成功: SZSE.300196 [长海股份] BUY @ 33.5 (VR:2.4)
[2026-06-26 19:10:33]  [行23] 解析成功: SZSE.300088 [长信科技] BUY @ 11.73 (VR:0.23)
[2026-06-26 19:10:33]  [行24] 解析成功: SZSE.300709 [精研科技] SELL @ 62.48 (VR:0.2)
[2026-06-26 19:10:33]  [行25] 解析成功: SZSE.301362 [民爆光电] BUY @ 192.76 (VR:0.34)
[2026-06-26 19:10:33]  [行26] 解析成功: SZSE.300420 [五洋自控] SELL @ 9.78 (VR:0.46)
[2026-06-26 19:10:33]  [行27] 解析成功: SZSE.301323 [新莱福] BUY @ 86.29 (VR:0.93)
[2026-06-26 19:10:33]  [行28] 解析成功: SZSE.300661 [圣邦股份] BUY @ 132.99 (VR:0.96)
[2026-06-26 19:10:33]  [行29] 解析成功: SZSE.300780 [德恩精工] BUY @ 33.55 (VR:0.09)
[2026-06-26 19:10:33]  [行30] 解析成功: SZSE.301195 [北路智控] BUY @ 26.59 (VR:0.27)
[2026-06-26 19:10:33]  [行31] 解析成功: SZSE.300497 [富祥股份] BUY @ 20.93 (VR:0.26)
[2026-06-26 19:10:33]  [行32] 解析成功: SZSE.300304 [云意电气] SELL @ 19.83 (VR:0.62)
[2026-06-26 19:10:33]  [行33] 解析成功: SZSE.300852 [四会富仕] SELL @ 57.24 (VR:0.33)
[2026-06-26 19:10:33] 成功保存 33 条因子至: signal_batch_20260626_191033_148948.txt
[2026-06-26 19:10:33]  QQ-备用 邮件 2675 处理完成
[2026-06-26 19:10:33]  QQ-备用 正在解析因子: =?utf-8?b?QWxwaGFQaWxvdCDlpIfku73kv6Hlj7cgKGFscGhhX3NpZ25hbF90aHJfMjAyNjA2MjZfMTQwMC5qc29uKSBb5aSHUVEt6Ieq5L+dXQ==?=
[2026-06-26 19:10:33]  发现表格，共 18 行数据
[2026-06-26 19:10:33]  动态索引映射: ['股票代码', '股票名称', '信号', '当前价格', '量比', '来源过滤']
[2026-06-26 19:10:33]  [行1] 解析成功: SZSE.300346 [南大光电] SELL @ 79.79 (VR:0.01)
[2026-06-26 19:10:33]  [行2] 解析成功: SZSE.300930 [屹通新材] SELL @ 29.37 (VR:0.29)
[2026-06-26 19:10:33]  [行3] 解析成功: SZSE.300433 [蓝思科技] BUY @ 56.75 (VR:0.01)
[2026-06-26 19:10:33]  [行4] 解析成功: SZSE.300666 [江丰电子] SELL @ 361.45 (VR:0.01)
[2026-06-26 19:10:33]  [行5] 解析成功: SZSE.300259 [新天科技] BUY @ 5.68 (VR:0.26)
[2026-06-26 19:10:33]  [行6] 解析成功: SZSE.301018 [申菱环境] SELL @ 109.24 (VR:0.23)
[2026-06-26 19:10:33]  [行7] 解析成功: SZSE.300739 [明阳电路] BUY @ 34.49 (VR:0.33)
[2026-06-26 19:10:33]  [行8] 解析成功: SZSE.301171 [易点天下] BUY @ 33.18 (VR:0.29)
[2026-06-26 19:10:33]  [行9] 解析成功: SZSE.301226 [祥明智能] BUY @ 30.57 (VR:0.11)
[2026-06-26 19:10:33]  [行10] 解析成功: SZSE.300346 [南大光电] SELL @ 79.92 (VR:0.0)
[2026-06-26 19:10:33]  [行11] 解析成功: SZSE.300930 [屹通新材] SELL @ 29.35 (VR:0.78)
[2026-06-26 19:10:33]  [行12] 解析成功: SZSE.300433 [蓝思科技] BUY @ 56.76 (VR:0.17)
[2026-06-26 19:10:33]  [行13] 解析成功: SZSE.300666 [江丰电子] SELL @ 360.16 (VR:0.09)
[2026-06-26 19:10:33]  [行14] 解析成功: SZSE.300259 [新天科技] BUY @ 5.68 (VR:0.31)
[2026-06-26 19:10:33]  [行15] 解析成功: SZSE.301018 [申菱环境] SELL @ 109.0 (VR:0.45)
[2026-06-26 19:10:33]  [行16] 解析成功: SZSE.300739 [明阳电路] BUY @ 34.49 (VR:0.29)
[2026-06-26 19:10:33]  [行17] 解析成功: SZSE.301171 [易点天下] BUY @ 33.19 (VR:0.74)
[2026-06-26 19:10:33]  [行18] 解析成功: SZSE.301226 [祥明智能] BUY @ 30.6 (VR:0.73)
[2026-06-26 19:10:33] 成功保存 18 条因子至: signal_batch_20260626_191033_379976.txt
[2026-06-26 19:10:33]  QQ-备用 邮件 2676 处理完成
[2026-06-26 19:10:33]  QQ-备用 正在解析因子: =?utf-8?b?QWxwaGFQaWxvdCDlpIfku73kv6Hlj7cgKGFscGhhX3NpZ25hbF90aHJfMjAyNjA2MjZfMTQwNS5qc29uKSBb5aSHUVEt6Ieq5L+dXQ==?=
[2026-06-26 19:10:33]  发现表格，共 35 行数据
[2026-06-26 19:10:33]  动态索引映射: ['股票代码', '股票名称', '信号', '当前价格', '量比', '来源过滤']
[2026-06-26 19:10:33]  [行1] 解析成功: SHSE.688110 [东芯股份] BUY @ 185.9 (VR:5.82)
[2026-06-26 19:10:33]  [行2] 解析成功: SHSE.688665 [四方光电] SELL @ 64.2 (VR:3.31)
[2026-06-26 19:10:33]  [行3] 解析成功: SHSE.688002 [睿创微纳] BUY @ 144.01 (VR:0.38)
[2026-06-26 19:10:33]  [行4] 解析成功: SHSE.688102 [斯瑞新材] BUY @ 44.17 (VR:0.26)
[2026-06-26 19:10:33]  [行5] 解析成功: SHSE.688227 [品高股份] BUY @ 98.0 (VR:0.24)
[2026-06-26 19:10:33]  [行6] 解析成功: SZSE.301045 [天禄科技] SELL @ 69.52 (VR:0.62)
[2026-06-26 19:10:33]  [行7] 解析成功: SZSE.300806 [斯迪克] SELL @ 117.21 (VR:0.03)
[2026-06-26 19:10:33]  [行8] 解析成功: SZSE.301322 [绿通科技] SELL @ 57.25 (VR:0.11)
[2026-06-26 19:10:33]  [行9] 解析成功: SZSE.300679 [电连技术] BUY @ 64.19 (VR:0.07)
[2026-06-26 19:10:33]  [行10] 解析成功: SZSE.301013 [利和兴] SELL @ 75.32 (VR:0.02)
[2026-06-26 19:10:33]  [行11] 解析成功: SZSE.300376 [易事特] SELL @ 5.23 (VR:0.21)
[2026-06-26 19:10:33]  [行12] 解析成功: SZSE.300620 [光库科技] SELL @ 365.68 (VR:0.19)
[2026-06-26 19:10:33]  [行13] 解析成功: SZSE.300790 [宇瞳光学] BUY @ 26.36 (VR:0.17)
[2026-06-26 19:10:33]  [行14] 解析成功: SZSE.300990 [同飞股份] SELL @ 103.49 (VR:0.44)
[2026-06-26 19:10:33]  [行15] 解析成功: SZSE.300921 [南凌科技] SELL @ 21.08 (VR:0.09)
[2026-06-26 19:10:33]  [行16] 解析成功: SZSE.300857 [协创数据] BUY @ 335.55 (VR:0.1)
[2026-06-26 19:10:33]  [行17] 解析成功: SZSE.000636 [风华高科] SELL @ 79.32 (VR:0.45)
[2026-06-26 19:10:33]  [行18] 解析成功: SHSE.688110 [东芯股份] BUY @ 186.95 (VR:2.3)
[2026-06-26 19:10:33]  [行19] 解析成功: SHSE.688665 [四方光电] SELL @ 64.04 (VR:5.97)
[2026-06-26 19:10:33]  [行20] 解析成功: SHSE.688002 [睿创微纳] BUY @ 144.22 (VR:0.36)
[2026-06-26 19:10:33]  [行21] 解析成功: SHSE.688102 [斯瑞新材] BUY @ 44.29 (VR:3.32)
[2026-06-26 19:10:33]  [行22] 解析成功: SHSE.688521 [芯原股份] SELL @ 340.8 (VR:0.95)
[2026-06-26 19:10:33]  [行23] 解析成功: SHSE.688227 [品高股份] BUY @ 98.18 (VR:0.4)
[2026-06-26 19:10:33]  [行24] 解析成功: SZSE.301045 [天禄科技] SELL @ 69.52 (VR:0.83)
[2026-06-26 19:10:33]  [行25] 解析成功: SZSE.300806 [斯迪克] SELL @ 117.13 (VR:0.01)
[2026-06-26 19:10:33]  [行26] 解析成功: SZSE.301322 [绿通科技] SELL @ 57.21 (VR:0.01)
[2026-06-26 19:10:33]  [行27] 解析成功: SZSE.300679 [电连技术] BUY @ 64.25 (VR:0.0)
[2026-06-26 19:10:33]  [行28] 解析成功: SZSE.301013 [利和兴] SELL @ 75.18 (VR:0.0)
[2026-06-26 19:10:33]  [行29] 解析成功: SZSE.300376 [易事特] SELL @ 5.23 (VR:0.68)
[2026-06-26 19:10:33]  [行30] 解析成功: SZSE.300620 [光库科技] SELL @ 365.66 (VR:0.14)
[2026-06-26 19:10:33]  [行31] 解析成功: SZSE.300790 [宇瞳光学] BUY @ 26.37 (VR:0.06)
[2026-06-26 19:10:33]  [行32] 解析成功: SZSE.300990 [同飞股份] SELL @ 103.33 (VR:0.05)
[2026-06-26 19:10:33]  [行33] 解析成功: SZSE.300921 [南凌科技] SELL @ 21.03 (VR:0.01)
[2026-06-26 19:10:33]  [行34] 解析成功: SZSE.300857 [协创数据] BUY @ 336.22 (VR:0.06)
[2026-06-26 19:10:33]  [行35] 解析成功: SZSE.000636 [风华高科] SELL @ 79.15 (VR:0.14)
[2026-06-26 19:10:33] 成功保存 35 条因子至: signal_batch_20260626_191033_626546.txt
[2026-06-26 19:10:33]  QQ-备用 邮件 2677 处理完成
[2026-06-26 19:10:33]  QQ-备用 正在解析因子: =?utf-8?b?QWxwaGFQaWxvdCDlpIfku73kv6Hlj7cgKGFscGhhX3NpZ25hbF90aHJfMjAyNjA2MjZfMTQwOS5qc29uKSBb5aSHUVEt6Ieq5L+dXQ==?=
[2026-06-26 19:10:33]  发现表格，共 32 行数据
[2026-06-26 19:10:33]  动态索引映射: ['股票代码', '股票名称', '信号', '当前价格', '量比', '来源过滤']
[2026-06-26 19:10:33]  [行1] 解析成功: SHSE.603773 [沃格光电] SELL @ 179.89 (VR:0.36)
[2026-06-26 19:10:33]  [行2] 解析成功: SHSE.603618 [杭电股份] SELL @ 52.05 (VR:0.16)
[2026-06-26 19:10:33]  [行3] 解析成功: SHSE.605111 [新洁能] SELL @ 84.13 (VR:0.4)
[2026-06-26 19:10:33]  [行4] 解析成功: SHSE.600259 [中稀有色] BUY @ 100.39 (VR:0.29)
[2026-06-26 19:10:33]  [行5] 解析成功: SHSE.603175 [超颖电子] SELL @ 89.61 (VR:0.75)
[2026-06-26 19:10:33]  [行6] 解析成功: SHSE.600909 [华安证券] SELL @ 12.23 (VR:0.9)
[2026-06-26 19:10:33]  [行7] 解析成功: SHSE.600460 [士兰微] SELL @ 50.66 (VR:0.23)
[2026-06-26 19:10:33]  [行8] 解析成功: SZSE.002718 [友邦吊顶] SELL @ 112.62 (VR:0.52)
[2026-06-26 19:10:33]  [行9] 解析成功: SZSE.002378 [章源钨业] SELL @ 37.03 (VR:0.33)
[2026-06-26 19:10:33]  [行10] 解析成功: SZSE.001339 [智微智能] SELL @ 129.6 (VR:0.67)
[2026-06-26 19:10:33]  [行11] 解析成功: SZSE.000593 [德龙汇能] SELL @ 21.82 (VR:0.62)
[2026-06-26 19:10:33]  [行12] 解析成功: SZSE.002552 [宝鼎科技] BUY @ 66.25 (VR:0.01)
[2026-06-26 19:10:33]  [行13] 解析成功: SZSE.003031 [中瓷电子] SELL @ 182.25 (VR:0.02)
[2026-06-26 19:10:33]  [行14] 解析成功: SZSE.002643 [万润股份] SELL @ 19.61 (VR:0.09)
[2026-06-26 19:10:33]  [行15] 解析成功: SZSE.001282 [三联锻造] SELL @ 19.88 (VR:0.03)
[2026-06-26 19:10:33]  [行16] 解析成功: SZSE.000920 [沃顿科技] BUY @ 14.33 (VR:0.33)
[2026-06-26 19:10:33]  [行17] 解析成功: SHSE.603773 [沃格光电] SELL @ 179.88 (VR:0.29)
[2026-06-26 19:10:33]  [行18] 解析成功: SHSE.603618 [杭电股份] SELL @ 52.0 (VR:0.74)
[2026-06-26 19:10:33]  [行19] 解析成功: SHSE.605111 [新洁能] SELL @ 84.13 (VR:0.36)
[2026-06-26 19:10:33]  [行20] 解析成功: SHSE.600259 [中稀有色] BUY @ 100.5 (VR:0.1)
[2026-06-26 19:10:33]  [行21] 解析成功: SHSE.603175 [超颖电子] SELL @ 89.6 (VR:0.16)
[2026-06-26 19:10:33]  [行22] 解析成功: SHSE.600909 [华安证券] SELL @ 12.2 (VR:0.86)
[2026-06-26 19:10:33]  [行23] 解析成功: SHSE.600460 [士兰微] SELL @ 50.62 (VR:0.47)
[2026-06-26 19:10:33]  [行24] 解析成功: SZSE.002718 [友邦吊顶] SELL @ 112.51 (VR:0.32)
[2026-06-26 19:10:33]  [行25] 解析成功: SZSE.002378 [章源钨业] SELL @ 37.0 (VR:0.2)
[2026-06-26 19:10:33]  [行26] 解析成功: SZSE.002768 [国恩股份] SELL @ 51.62 (VR:0.11)
[2026-06-26 19:10:33]  [行27] 解析成功: SZSE.001339 [智微智能] SELL @ 129.22 (VR:0.46)
[2026-06-26 19:10:33]  [行28] 解析成功: SZSE.000593 [德龙汇能] SELL @ 21.79 (VR:1.15)
[2026-06-26 19:10:33]  [行29] 解析成功: SZSE.002552 [宝鼎科技] BUY @ 66.53 (VR:0.07)
[2026-06-26 19:10:33]  [行30] 解析成功: SZSE.003031 [中瓷电子] SELL @ 181.88 (VR:0.24)
[2026-06-26 19:10:33]  [行31] 解析成功: SZSE.002643 [万润股份] SELL @ 19.59 (VR:0.22)
[2026-06-26 19:10:33]  [行32] 解析成功: SZSE.001282 [三联锻造] SELL @ 19.85 (VR:0.02)
[2026-06-26 19:10:33] 成功保存 32 条因子至: signal_batch_20260626_191033_851532.txt
[2026-06-26 19:10:33]  QQ-备用 邮件 2678 处理完成
[2026-06-26 19:10:34]  QQ-备用 正在解析因子: =?utf-8?b?QWxwaGFQaWxvdCDlpIfku73kv6Hlj7cgKGFscGhhX3NpZ25hbF90aHJfMjAyNjA2MjZfMTQxMy5qc29uKSBb5aSHUVEt6Ieq5L+dXQ==?=
[2026-06-26 19:10:34]  发现表格，共 26 行数据
[2026-06-26 19:10:34]  动态索引映射: ['股票代码', '股票名称', '信号', '当前价格', '量比', '来源过滤']
[2026-06-26 19:10:34]  [行1] 解析成功: SHSE.688700 [东威科技] SELL @ 94.18 (VR:0.43)
[2026-06-26 19:10:34]  [行2] 解析成功: SHSE.688777 [中控技术] SELL @ 120.46 (VR:0.57)
[2026-06-26 19:10:34]  [行3] 解析成功: SHSE.688286 [敏芯股份] SELL @ 103.2 (VR:1.16)
[2026-06-26 19:10:34]  [行4] 解析成功: SHSE.688511 [天微电子] BUY @ 29.25 (VR:0.09)
[2026-06-26 19:10:34]  [行5] 解析成功: SHSE.688386 [泛亚微透] SELL @ 92.77 (VR:0.62)
[2026-06-26 19:10:34]  [行6] 解析成功: SHSE.688059 [华锐精密] BUY @ 203.73 (VR:0.09)
[2026-06-26 19:10:34]  [行7] 解析成功: SZSE.300449 [汉邦高科] BUY @ 7.58 (VR:0.35)
[2026-06-26 19:10:34]  [行8] 解析成功: SZSE.002980 [华盛昌] BUY @ 120.33 (VR:0.15)
[2026-06-26 19:10:34]  [行9] 解析成功: SZSE.301252 [同星科技] SELL @ 42.1 (VR:0.17)
[2026-06-26 19:10:34]  [行10] 解析成功: SZSE.301392 [汇成真空] SELL @ 245.26 (VR:0.22)
[2026-06-26 19:10:34]  [行11] 解析成功: SZSE.300319 [麦捷科技] SELL @ 31.32 (VR:0.47)
[2026-06-26 19:10:34]  [行12] 解析成功: SZSE.300214 [日科化学] BUY @ 10.27 (VR:0.45)
[2026-06-26 19:10:34]  [行13] 解析成功: SHSE.688700 [东威科技] SELL @ 94.05 (VR:0.38)
[2026-06-26 19:10:34]  [行14] 解析成功: SHSE.688777 [中控技术] SELL @ 120.23 (VR:0.66)
[2026-06-26 19:10:34]  [行15] 解析成功: SHSE.688286 [敏芯股份] SELL @ 103.11 (VR:0.63)
[2026-06-26 19:10:34]  [行16] 解析成功: SHSE.688511 [天微电子] BUY @ 29.26 (VR:0.9)
[2026-06-26 19:10:34]  [行17] 解析成功: SHSE.688386 [泛亚微透] SELL @ 92.74 (VR:0.15)
[2026-06-26 19:10:34]  [行18] 解析成功: SHSE.688059 [华锐精密] BUY @ 204.01 (VR:0.07)
[2026-06-26 19:10:34]  [行19] 解析成功: SZSE.300449 [汉邦高科] BUY @ 7.59 (VR:0.0)
[2026-06-26 19:10:34]  [行20] 解析成功: SZSE.002980 [华盛昌] BUY @ 120.57 (VR:0.44)
[2026-06-26 19:10:34]  [行21] 解析成功: SZSE.301281 [利源制药] SELL @ 45.59 (VR:0.44)
[2026-06-26 19:10:34]  [行22] 解析成功: SZSE.300285 [国瓷材料] SELL @ 103.88 (VR:0.37)
[2026-06-26 19:10:34]  [行23] 解析成功: SZSE.301252 [同星科技] SELL @ 42.05 (VR:0.8)
[2026-06-26 19:10:34]  [行24] 解析成功: SZSE.301392 [汇成真空] SELL @ 244.94 (VR:0.22)
[2026-06-26 19:10:34]  [行25] 解析成功: SZSE.300319 [麦捷科技] SELL @ 31.25 (VR:1.36)
[2026-06-26 19:10:34]  [行26] 解析成功: SZSE.300214 [日科化学] BUY @ 10.28 (VR:0.4)
[2026-06-26 19:10:34] 成功保存 26 条因子至: signal_batch_20260626_191034_092829.txt
[2026-06-26 19:10:34]  QQ-备用 邮件 2679 处理完成
[2026-06-26 19:10:34]  QQ-备用 正在解析因子: =?utf-8?b?QWxwaGFQaWxvdCDlpIfku73kv6Hlj7cgKGFscGhhX3NpZ25hbF90aHJfMjAyNjA2MjZfMTQxNy5qc29uKSBb5aSHUVEt6Ieq5L+dXQ==?=
[2026-06-26 19:10:34]  发现表格，共 35 行数据
[2026-06-26 19:10:34]  动态索引映射: ['股票代码', '股票名称', '信号', '当前价格', '量比', '来源过滤']
[2026-06-26 19:10:34]  [行1] 解析成功: SHSE.688216 [气派科技] BUY @ 39.66 (VR:1.06)
[2026-06-26 19:10:34]  [行2] 解析成功: SHSE.688308 [欧科亿] BUY @ 183.58 (VR:0.14)
[2026-06-26 19:10:34]  [行3] 解析成功: SHSE.688721 [龙图光罩] BUY @ 53.98 (VR:1.09)
[2026-06-26 19:10:34]  [行4] 解析成功: SHSE.688733 [壹石通] BUY @ 38.8 (VR:0.09)
[2026-06-26 19:10:34]  [行5] 解析成功: SHSE.688138 [清溢光电] BUY @ 42.84 (VR:0.05)
[2026-06-26 19:10:34]  [行6] 解析成功: SZSE.300196 [长海股份] BUY @ 32.76 (VR:0.04)
[2026-06-26 19:10:34]  [行7] 解析成功: SZSE.300709 [精研科技] BUY @ 61.67 (VR:0.83)
[2026-06-26 19:10:34]  [行8] 解析成功: SZSE.301362 [民爆光电] SELL @ 191.0 (VR:0.18)
[2026-06-26 19:10:34]  [行9] 解析成功: SZSE.300221 [银禧科技] BUY @ 15.48 (VR:2.55)
[2026-06-26 19:10:34]  [行10] 解析成功: SZSE.300420 [五洋自控] BUY @ 9.71 (VR:0.47)
[2026-06-26 19:10:34]  [行11] 解析成功: SZSE.301323 [新莱福] BUY @ 85.68 (VR:0.3)
[2026-06-26 19:10:34]  [行12] 解析成功: SZSE.300661 [圣邦股份] BUY @ 131.25 (VR:0.46)
[2026-06-26 19:10:34]  [行13] 解析成功: SZSE.300780 [德恩精工] SELL @ 33.2 (VR:0.23)
[2026-06-26 19:10:34]  [行14] 解析成功: SZSE.301195 [北路智控] BUY @ 26.32 (VR:0.5)
[2026-06-26 19:10:34]  [行15] 解析成功: SZSE.300497 [富祥股份] BUY @ 20.65 (VR:0.85)
[2026-06-26 19:10:34]  [行16] 解析成功: SZSE.301183 [东田微] BUY @ 245.09 (VR:1.03)
[2026-06-26 19:10:34]  [行17] 解析成功: SZSE.300304 [云意电气] BUY @ 19.66 (VR:0.96)
[2026-06-26 19:10:34]  [行18] 解析成功: SZSE.300852 [四会富仕] SELL @ 56.55 (VR:0.24)
[2026-06-26 19:10:34]  [行19] 解析成功: SHSE.688216 [气派科技] BUY @ 39.68 (VR:0.16)
[2026-06-26 19:10:34]  [行20] 解析成功: SHSE.688308 [欧科亿] BUY @ 183.6 (VR:0.02)
[2026-06-26 19:10:34]  [行21] 解析成功: SHSE.688721 [龙图光罩] BUY @ 54.02 (VR:0.27)
[2026-06-26 19:10:34]  [行22] 解析成功: SHSE.688733 [壹石通] BUY @ 38.96 (VR:0.03)
[2026-06-26 19:10:34]  [行23] 解析成功: SHSE.688138 [清溢光电] BUY @ 43.08 (VR:0.31)
[2026-06-26 19:10:34]  [行24] 解析成功: SZSE.300196 [长海股份] BUY @ 32.79 (VR:0.39)
[2026-06-26 19:10:34]  [行25] 解析成功: SZSE.300709 [精研科技] BUY @ 61.75 (VR:0.54)
[2026-06-26 19:10:34]  [行26] 解析成功: SZSE.301362 [民爆光电] SELL @ 190.61 (VR:0.09)
[2026-06-26 19:10:34]  [行27] 解析成功: SZSE.300221 [银禧科技] BUY @ 15.49 (VR:0.27)
[2026-06-26 19:10:34]  [行28] 解析成功: SZSE.301323 [新莱福] BUY @ 85.75 (VR:0.16)
[2026-06-26 19:10:34]  [行29] 解析成功: SZSE.300661 [圣邦股份] BUY @ 131.39 (VR:0.4)
[2026-06-26 19:10:34]  [行30] 解析成功: SZSE.300780 [德恩精工] SELL @ 33.18 (VR:0.11)
[2026-06-26 19:10:34]  [行31] 解析成功: SZSE.301195 [北路智控] BUY @ 26.33 (VR:1.0)
[2026-06-26 19:10:34]  [行32] 解析成功: SZSE.300497 [富祥股份] BUY @ 20.69 (VR:1.15)
[2026-06-26 19:10:34]  [行33] 解析成功: SZSE.301183 [东田微] BUY @ 245.8 (VR:0.53)
[2026-06-26 19:10:34]  [行34] 解析成功: SZSE.300304 [云意电气] BUY @ 19.75 (VR:0.99)
[2026-06-26 19:10:34]  [行35] 解析成功: SZSE.300852 [四会富仕] SELL @ 56.52 (VR:0.01)
[2026-06-26 19:10:34] 成功保存 35 条因子至: signal_batch_20260626_191034_350957.txt
[2026-06-26 19:10:34]  QQ-备用 邮件 2680 处理完成
[2026-06-26 19:10:34]  QQ-备用 正在解析因子: =?utf-8?b?QWxwaGFQaWxvdCDlpIfku73kv6Hlj7cgKGFscGhhX3NpZ25hbF90aHJfMjAyNjA2MjZfMTQyMS5qc29uKSBb5aSHUVEt6Ieq5L+dXQ==?=
[2026-06-26 19:10:34]  发现表格，共 23 行数据
[2026-06-26 19:10:34]  动态索引映射: ['股票代码', '股票名称', '信号', '当前价格', '量比', '来源过滤']
[2026-06-26 19:10:34]  [行1] 解析成功: SZSE.300811 [铂力特] SELL @ 95.31 (VR:0.07)
[2026-06-26 19:10:34]  [行2] 解析成功: SZSE.300720 [海川智能] SELL @ 88.13 (VR:0.06)
[2026-06-26 19:10:34]  [行3] 解析成功: SZSE.300346 [南大光电] SELL @ 78.77 (VR:0.7)
[2026-06-26 19:10:34]  [行4] 解析成功: SZSE.300930 [屹通新材] SELL @ 29.13 (VR:0.02)
[2026-06-26 19:10:34]  [行5] 解析成功: SZSE.300433 [蓝思科技] SELL @ 56.0 (VR:0.74)
[2026-06-26 19:10:34]  [行6] 解析成功: SZSE.300666 [江丰电子] SELL @ 357.0 (VR:0.61)
[2026-06-26 19:10:34]  [行7] 解析成功: SZSE.000510 [新金路] SELL @ 25.27 (VR:0.82)
[2026-06-26 19:10:34]  [行8] 解析成功: SZSE.300259 [新天科技] SELL @ 5.62 (VR:0.47)
[2026-06-26 19:10:34]  [行9] 解析成功: SZSE.300739 [明阳电路] SELL @ 34.08 (VR:1.11)
[2026-06-26 19:10:34]  [行10] 解析成功: SZSE.301171 [易点天下] SELL @ 32.9 (VR:1.08)
[2026-06-26 19:10:34]  [行11] 解析成功: SZSE.300345 [华民股份] BUY @ 5.95 (VR:0.18)
[2026-06-26 19:10:34]  [行12] 解析成功: SZSE.300811 [铂力特] SELL @ 95.3 (VR:0.29)
[2026-06-26 19:10:34]  [行13] 解析成功: SZSE.300720 [海川智能] SELL @ 88.08 (VR:0.33)
[2026-06-26 19:10:34]  [行14] 解析成功: SZSE.300346 [南大光电] SELL @ 78.52 (VR:0.22)
[2026-06-26 19:10:34]  [行15] 解析成功: SZSE.300930 [屹通新材] SELL @ 29.11 (VR:0.18)
[2026-06-26 19:10:34]  [行16] 解析成功: SZSE.300433 [蓝思科技] SELL @ 55.99 (VR:0.49)
[2026-06-26 19:10:34]  [行17] 解析成功: SZSE.300666 [江丰电子] SELL @ 356.9 (VR:0.45)
[2026-06-26 19:10:34]  [行18] 解析成功: SZSE.000510 [新金路] SELL @ 25.25 (VR:0.16)
[2026-06-26 19:10:34]  [行19] 解析成功: SZSE.300259 [新天科技] SELL @ 5.61 (VR:0.45)
[2026-06-26 19:10:34]  [行20] 解析成功: SZSE.300739 [明阳电路] SELL @ 33.98 (VR:0.86)
[2026-06-26 19:10:34]  [行21] 解析成功: SZSE.301171 [易点天下] SELL @ 32.88 (VR:0.11)
[2026-06-26 19:10:34]  [行22] 解析成功: SZSE.301226 [祥明智能] BUY @ 30.41 (VR:1.12)
[2026-06-26 19:10:34]  [行23] 解析成功: SZSE.300345 [华民股份] BUY @ 5.96 (VR:0.45)
[2026-06-26 19:10:34] 成功保存 23 条因子至: signal_batch_20260626_191034_586753.txt
[2026-06-26 19:10:34]  QQ-备用 邮件 2681 处理完成
[2026-06-26 19:10:34]  QQ-备用 正在解析因子: =?utf-8?b?QWxwaGFQaWxvdCDlpIfku73kv6Hlj7cgKGFscGhhX3NpZ25hbF90aHJfMjAyNjA2MjZfMTQyOC5qc29uKSBb5aSHUVEt6Ieq5L+dXQ==?=
[2026-06-26 19:10:34]  发现表格，共 27 行数据
[2026-06-26 19:10:34]  动态索引映射: ['股票代码', '股票名称', '信号', '当前价格', '量比', '来源过滤']
[2026-06-26 19:10:34]  [行1] 解析成功: SHSE.688110 [东芯股份] SELL @ 185.35 (VR:0.21)
[2026-06-26 19:10:34]  [行2] 解析成功: SHSE.688002 [睿创微纳] SELL @ 143.29 (VR:0.62)
[2026-06-26 19:10:34]  [行3] 解析成功: SHSE.688521 [芯原股份] SELL @ 338.87 (VR:0.53)
[2026-06-26 19:10:34]  [行4] 解析成功: SZSE.301188 [力诺药包] BUY @ 71.36 (VR:0.03)
[2026-06-26 19:10:34]  [行5] 解析成功: SZSE.300806 [斯迪克] SELL @ 115.91 (VR:0.05)
[2026-06-26 19:10:34]  [行6] 解析成功: SZSE.300679 [电连技术] BUY @ 63.9 (VR:0.17)
[2026-06-26 19:10:34]  [行7] 解析成功: SZSE.301013 [利和兴] SELL @ 74.88 (VR:0.18)
[2026-06-26 19:10:34]  [行8] 解析成功: SZSE.300620 [光库科技] BUY @ 363.4 (VR:0.24)
[2026-06-26 19:10:34]  [行9] 解析成功: SZSE.300790 [宇瞳光学] SELL @ 26.16 (VR:0.74)
[2026-06-26 19:10:34]  [行10] 解析成功: SZSE.300990 [同飞股份] BUY @ 102.98 (VR:0.52)
[2026-06-26 19:10:34]  [行11] 解析成功: SZSE.300921 [南凌科技] BUY @ 20.98 (VR:0.13)
[2026-06-26 19:10:34]  [行12] 解析成功: SZSE.300857 [协创数据] BUY @ 332.85 (VR:0.26)
[2026-06-26 19:10:34]  [行13] 解析成功: SZSE.000636 [风华高科] BUY @ 78.24 (VR:0.08)
[2026-06-26 19:10:34]  [行14] 解析成功: SHSE.688002 [睿创微纳] SELL @ 143.25 (VR:0.55)
[2026-06-26 19:10:34]  [行15] 解析成功: SHSE.688102 [斯瑞新材] SELL @ 43.96 (VR:0.14)
[2026-06-26 19:10:34]  [行16] 解析成功: SHSE.688521 [芯原股份] SELL @ 338.36 (VR:0.23)
[2026-06-26 19:10:34]  [行17] 解析成功: SZSE.300689 [澄天伟业] BUY @ 62.76 (VR:0.3)
[2026-06-26 19:10:34]  [行18] 解析成功: SZSE.301188 [力诺药包] BUY @ 71.43 (VR:1.0)
[2026-06-26 19:10:34]  [行19] 解析成功: SZSE.300806 [斯迪克] SELL @ 115.82 (VR:0.61)
[2026-06-26 19:10:34]  [行20] 解析成功: SZSE.300679 [电连技术] BUY @ 63.92 (VR:0.16)
[2026-06-26 19:10:34]  [行21] 解析成功: SZSE.301013 [利和兴] SELL @ 74.18 (VR:1.17)
[2026-06-26 19:10:34]  [行22] 解析成功: SZSE.300620 [光库科技] BUY @ 363.6 (VR:0.05)
[2026-06-26 19:10:34]  [行23] 解析成功: SZSE.300790 [宇瞳光学] SELL @ 26.14 (VR:1.24)
[2026-06-26 19:10:34]  [行24] 解析成功: SZSE.300990 [同飞股份] BUY @ 103.13 (VR:0.14)
[2026-06-26 19:10:34]  [行25] 解析成功: SZSE.300921 [南凌科技] BUY @ 21.0 (VR:0.27)
[2026-06-26 19:10:34]  [行26] 解析成功: SZSE.300857 [协创数据] BUY @ 333.33 (VR:0.48)
[2026-06-26 19:10:34]  [行27] 解析成功: SZSE.000636 [风华高科] BUY @ 78.47 (VR:1.01)
[2026-06-26 19:10:34] 成功保存 27 条因子至: signal_batch_20260626_191034_826068.txt
[2026-06-26 19:10:34]  QQ-备用 邮件 2682 处理完成
[2026-06-26 19:10:35]  QQ-备用 正在解析因子: =?utf-8?b?QWxwaGFQaWxvdCDlpIfku73kv6Hlj7cgKGFscGhhX3NpZ25hbF90aHJfMjAyNjA2MjZfMTQzMi5qc29uKSBb5aSHUVEt6Ieq5L+dXQ==?=
[2026-06-26 19:10:35]  发现表格，共 32 行数据
[2026-06-26 19:10:35]  动态索引映射: ['股票代码', '股票名称', '信号', '当前价格', '量比', '来源过滤']
[2026-06-26 19:10:35]  [行1] 解析成功: SHSE.603773 [沃格光电] SELL @ 179.18 (VR:0.21)
[2026-06-26 19:10:35]  [行2] 解析成功: SHSE.603618 [杭电股份] SELL @ 52.55 (VR:0.24)
[2026-06-26 19:10:35]  [行3] 解析成功: SHSE.605111 [新洁能] BUY @ 83.8 (VR:0.16)
[2026-06-26 19:10:35]  [行4] 解析成功: SHSE.600259 [中稀有色] BUY @ 99.74 (VR:0.31)
[2026-06-26 19:10:35]  [行5] 解析成功: SHSE.603175 [超颖电子] BUY @ 89.22 (VR:0.33)
[2026-06-26 19:10:35]  [行6] 解析成功: SHSE.600909 [华安证券] BUY @ 11.92 (VR:2.94)
[2026-06-26 19:10:35]  [行7] 解析成功: SHSE.600460 [士兰微] BUY @ 50.18 (VR:0.81)
[2026-06-26 19:10:35]  [行8] 解析成功: SHSE.603206 [嘉环科技] SELL @ 16.56 (VR:0.12)
[2026-06-26 19:10:35]  [行9] 解析成功: SZSE.002718 [友邦吊顶] BUY @ 111.88 (VR:1.18)
[2026-06-26 19:10:35]  [行10] 解析成功: SZSE.002378 [章源钨业] SELL @ 36.75 (VR:0.31)
[2026-06-26 19:10:35]  [行11] 解析成功: SZSE.002768 [国恩股份] SELL @ 51.41 (VR:0.13)
[2026-06-26 19:10:35]  [行12] 解析成功: SZSE.001339 [智微智能] SELL @ 128.74 (VR:0.17)
[2026-06-26 19:10:35]  [行13] 解析成功: SZSE.000593 [德龙汇能] SELL @ 22.04 (VR:0.73)
[2026-06-26 19:10:35]  [行14] 解析成功: SZSE.002643 [万润股份] SELL @ 19.53 (VR:0.55)
[2026-06-26 19:10:35]  [行15] 解析成功: SZSE.002937 [兴瑞科技] SELL @ 45.51 (VR:0.95)
[2026-06-26 19:10:35]  [行16] 解析成功: SHSE.603773 [沃格光电] SELL @ 179.02 (VR:0.34)
[2026-06-26 19:10:35]  [行17] 解析成功: SHSE.603618 [杭电股份] SELL @ 52.38 (VR:0.06)
[2026-06-26 19:10:35]  [行18] 解析成功: SHSE.605111 [新洁能] BUY @ 83.84 (VR:0.03)
[2026-06-26 19:10:35]  [行19] 解析成功: SHSE.600259 [中稀有色] BUY @ 99.88 (VR:0.16)
[2026-06-26 19:10:35]  [行20] 解析成功: SHSE.603175 [超颖电子] BUY @ 89.24 (VR:0.17)
[2026-06-26 19:10:35]  [行21] 解析成功: SHSE.600909 [华安证券] BUY @ 12.01 (VR:0.51)
[2026-06-26 19:10:35]  [行22] 解析成功: SHSE.600460 [士兰微] BUY @ 50.21 (VR:0.23)
[2026-06-26 19:10:35]  [行23] 解析成功: SHSE.603206 [嘉环科技] SELL @ 16.54 (VR:0.85)
[2026-06-26 19:10:35]  [行24] 解析成功: SZSE.002718 [友邦吊顶] BUY @ 112.07 (VR:1.31)
[2026-06-26 19:10:35]  [行25] 解析成功: SZSE.002378 [章源钨业] SELL @ 36.66 (VR:0.27)
[2026-06-26 19:10:35]  [行26] 解析成功: SZSE.002768 [国恩股份] SELL @ 51.34 (VR:0.64)
[2026-06-26 19:10:35]  [行27] 解析成功: SZSE.001339 [智微智能] SELL @ 128.48 (VR:1.67)
[2026-06-26 19:10:35]  [行28] 解析成功: SZSE.000593 [德龙汇能] SELL @ 22.01 (VR:0.72)
[2026-06-26 19:10:35]  [行29] 解析成功: SZSE.002552 [宝鼎科技] SELL @ 66.28 (VR:0.45)
[2026-06-26 19:10:35]  [行30] 解析成功: SZSE.002643 [万润股份] SELL @ 19.49 (VR:1.11)
[2026-06-26 19:10:35]  [行31] 解析成功: SZSE.002937 [兴瑞科技] SELL @ 45.33 (VR:1.6)
[2026-06-26 19:10:35]  [行32] 解析成功: SZSE.000920 [沃顿科技] SELL @ 14.29 (VR:0.14)
[2026-06-26 19:10:35] 成功保存 32 条因子至: signal_batch_20260626_191035_047630.txt
[2026-06-26 19:10:35]  QQ-备用 邮件 2683 处理完成
[2026-06-26 19:10:35]  QQ-备用 正在解析因子: =?utf-8?b?QWxwaGFQaWxvdCDlpIfku73kv6Hlj7cgKGFscGhhX3NpZ25hbF90aHJfMjAyNjA2MjZfMTQzNS5qc29uKSBb5aSHUVEt6Ieq5L+dXQ==?=
[2026-06-26 19:10:35]  发现表格，共 14 行数据
[2026-06-26 19:10:35]  动态索引映射: ['股票代码', '股票名称', '信号', '当前价格', '量比', '来源过滤']
[2026-06-26 19:10:35]  [行1] 解析成功: SHSE.688700 [东威科技] SELL @ 93.66 (VR:0.27)
[2026-06-26 19:10:35]  [行2] 解析成功: SHSE.688777 [中控技术] SELL @ 119.21 (VR:0.15)
[2026-06-26 19:10:35]  [行3] 解析成功: SHSE.688286 [敏芯股份] BUY @ 102.13 (VR:0.34)
[2026-06-26 19:10:35]  [行4] 解析成功: SHSE.688386 [泛亚微透] BUY @ 94.08 (VR:3.53)
[2026-06-26 19:10:35]  [行5] 解析成功: SZSE.002980 [华盛昌] SELL @ 119.23 (VR:1.27)
[2026-06-26 19:10:35]  [行6] 解析成功: SZSE.301392 [汇成真空] BUY @ 244.01 (VR:0.97)
[2026-06-26 19:10:35]  [行7] 解析成功: SZSE.300319 [麦捷科技] BUY @ 30.98 (VR:0.56)
[2026-06-26 19:10:35]  [行8] 解析成功: SHSE.688700 [东威科技] SELL @ 93.57 (VR:0.03)
[2026-06-26 19:10:35]  [行9] 解析成功: SHSE.688777 [中控技术] SELL @ 119.2 (VR:0.15)
[2026-06-26 19:10:35]  [行10] 解析成功: SHSE.688286 [敏芯股份] BUY @ 102.3 (VR:0.09)
[2026-06-26 19:10:35]  [行11] 解析成功: SHSE.688386 [泛亚微透] BUY @ 94.34 (VR:4.14)
[2026-06-26 19:10:35]  [行12] 解析成功: SZSE.002980 [华盛昌] SELL @ 118.95 (VR:0.6)
[2026-06-26 19:10:35]  [行13] 解析成功: SZSE.301392 [汇成真空] BUY @ 244.6 (VR:1.62)
[2026-06-26 19:10:35]  [行14] 解析成功: SZSE.300319 [麦捷科技] BUY @ 31.09 (VR:0.77)
[2026-06-26 19:10:35] 成功保存 14 条因子至: signal_batch_20260626_191035_297464.txt
[2026-06-26 19:10:35]  QQ-备用 邮件 2684 处理完成
[2026-06-26 19:10:35]  QQ-备用 正在解析因子: =?utf-8?b?QWxwaGFQaWxvdCDlpIfku73kv6Hlj7cgKGFscGhhX3NpZ25hbF90aHJfMjAyNjA2MjZfMTQzNy5qc29uKSBb5aSHUVEt6Ieq5L+dXQ==?=
[2026-06-26 19:10:35]  发现表格，共 30 行数据
[2026-06-26 19:10:35]  动态索引映射: ['股票代码', '股票名称', '信号', '当前价格', '量比', '来源过滤']
[2026-06-26 19:10:35]  [行1] 解析成功: SHSE.688216 [气派科技] BUY @ 39.91 (VR:0.52)
[2026-06-26 19:10:35]  [行2] 解析成功: SHSE.688308 [欧科亿] BUY @ 185.0 (VR:0.3)
[2026-06-26 19:10:35]  [行3] 解析成功: SHSE.688721 [龙图光罩] BUY @ 54.41 (VR:0.32)
[2026-06-26 19:10:35]  [行4] 解析成功: SHSE.688733 [壹石通] BUY @ 39.1 (VR:0.31)
[2026-06-26 19:10:35]  [行5] 解析成功: SHSE.688249 [晶合集成] BUY @ 58.35 (VR:0.46)
[2026-06-26 19:10:35]  [行6] 解析成功: SHSE.688138 [清溢光电] BUY @ 42.68 (VR:1.1)
[2026-06-26 19:10:35]  [行7] 解析成功: SZSE.300088 [长信科技] BUY @ 11.73 (VR:0.97)
[2026-06-26 19:10:35]  [行8] 解析成功: SZSE.300709 [精研科技] SELL @ 61.86 (VR:0.14)
[2026-06-26 19:10:35]  [行9] 解析成功: SZSE.301362 [民爆光电] SELL @ 190.01 (VR:0.19)
[2026-06-26 19:10:35]  [行10] 解析成功: SZSE.300221 [银禧科技] BUY @ 15.57 (VR:0.07)
[2026-06-26 19:10:35]  [行11] 解析成功: SZSE.301323 [新莱福] BUY @ 87.34 (VR:0.7)
[2026-06-26 19:10:35]  [行12] 解析成功: SZSE.300780 [德恩精工] BUY @ 32.89 (VR:0.5)
[2026-06-26 19:10:35]  [行13] 解析成功: SZSE.301195 [北路智控] SELL @ 26.47 (VR:0.31)
[2026-06-26 19:10:35]  [行14] 解析成功: SZSE.300304 [云意电气] BUY @ 19.56 (VR:0.23)
[2026-06-26 19:10:35]  [行15] 解析成功: SZSE.300852 [四会富仕] SELL @ 56.54 (VR:2.77)
[2026-06-26 19:10:35]  [行16] 解析成功: SHSE.688216 [气派科技] BUY @ 39.98 (VR:0.22)
[2026-06-26 19:10:35]  [行17] 解析成功: SHSE.688308 [欧科亿] BUY @ 185.07 (VR:0.86)
[2026-06-26 19:10:35]  [行18] 解析成功: SHSE.688721 [龙图光罩] BUY @ 54.46 (VR:0.6)
[2026-06-26 19:10:35]  [行19] 解析成功: SHSE.688733 [壹石通] BUY @ 39.2 (VR:2.59)
[2026-06-26 19:10:35]  [行20] 解析成功: SHSE.688249 [晶合集成] BUY @ 58.69 (VR:1.3)
[2026-06-26 19:10:35]  [行21] 解析成功: SHSE.688138 [清溢光电] BUY @ 42.79 (VR:1.01)
[2026-06-26 19:10:35]  [行22] 解析成功: SZSE.300088 [长信科技] BUY @ 11.75 (VR:0.28)
[2026-06-26 19:10:35]  [行23] 解析成功: SZSE.300709 [精研科技] SELL @ 61.82 (VR:0.18)
[2026-06-26 19:10:35]  [行24] 解析成功: SZSE.301362 [民爆光电] SELL @ 190.0 (VR:0.83)
[2026-06-26 19:10:35]  [行25] 解析成功: SZSE.300221 [银禧科技] BUY @ 15.59 (VR:0.16)
[2026-06-26 19:10:35]  [行26] 解析成功: SZSE.301323 [新莱福] BUY @ 87.45 (VR:2.44)
[2026-06-26 19:10:35]  [行27] 解析成功: SZSE.300780 [德恩精工] BUY @ 32.9 (VR:0.52)
[2026-06-26 19:10:35]  [行28] 解析成功: SZSE.301195 [北路智控] SELL @ 26.46 (VR:0.35)
[2026-06-26 19:10:35]  [行29] 解析成功: SZSE.300304 [云意电气] BUY @ 19.63 (VR:0.39)
[2026-06-26 19:10:35]  [行30] 解析成功: SZSE.300852 [四会富仕] SELL @ 56.51 (VR:0.54)
[2026-06-26 19:10:35] 成功保存 30 条因子至: signal_batch_20260626_191035_544999.txt
[2026-06-26 19:10:35]  QQ-备用 邮件 2685 处理完成
[2026-06-26 19:10:35]  QQ-备用 正在解析因子: =?utf-8?b?QWxwaGFQaWxvdCDlpIfku73kv6Hlj7cgKGFscGhhX3NpZ25hbF90aHJfMjAyNjA2MjZfMTQ0MC5qc29uKSBb5aSHUVEt6Ieq5L+dXQ==?=
[2026-06-26 19:10:35]  发现表格，共 24 行数据
[2026-06-26 19:10:35]  动态索引映射: ['股票代码', '股票名称', '信号', '当前价格', '量比', '来源过滤']
[2026-06-26 19:10:35]  [行1] 解析成功: SHSE.600353 [旭光电子] BUY @ 47.72 (VR:0.3)
[2026-06-26 19:10:35]  [行2] 解析成功: SHSE.688392 [娇成超声] BUY @ 200.99 (VR:1.24)
[2026-06-26 19:10:35]  [行3] 解析成功: SZSE.300811 [铂力特] BUY @ 95.43 (VR:0.1)
[2026-06-26 19:10:35]  [行4] 解析成功: SZSE.300720 [海川智能] BUY @ 88.69 (VR:0.82)
[2026-06-26 19:10:35]  [行5] 解析成功: SZSE.300346 [南大光电] BUY @ 78.65 (VR:0.26)
[2026-06-26 19:10:35]  [行6] 解析成功: SZSE.300930 [屹通新材] BUY @ 29.29 (VR:0.07)
[2026-06-26 19:10:35]  [行7] 解析成功: SZSE.300433 [蓝思科技] BUY @ 55.79 (VR:0.73)
[2026-06-26 19:10:35]  [行8] 解析成功: SZSE.300666 [江丰电子] SELL @ 355.1 (VR:0.84)
[2026-06-26 19:10:35]  [行9] 解析成功: SZSE.300936 [中英科技] BUY @ 99.8 (VR:3.27)
[2026-06-26 19:10:35]  [行10] 解析成功: SZSE.300739 [明阳电路] BUY @ 34.03 (VR:0.0)
[2026-06-26 19:10:35]  [行11] 解析成功: SZSE.301171 [易点天下] BUY @ 33.12 (VR:0.44)
[2026-06-26 19:10:35]  [行12] 解析成功: SZSE.301226 [祥明智能] SELL @ 30.64 (VR:0.17)
[2026-06-26 19:10:35]  [行13] 解析成功: SHSE.600353 [旭光电子] BUY @ 47.77 (VR:0.5)
[2026-06-26 19:10:35]  [行14] 解析成功: SHSE.688392 [娇成超声] BUY @ 201.88 (VR:1.08)
[2026-06-26 19:10:35]  [行15] 解析成功: SZSE.300811 [铂力特] BUY @ 95.77 (VR:0.1)
[2026-06-26 19:10:35]  [行16] 解析成功: SZSE.300720 [海川智能] BUY @ 89.03 (VR:1.13)
[2026-06-26 19:10:35]  [行17] 解析成功: SZSE.300346 [南大光电] BUY @ 78.7 (VR:0.68)
[2026-06-26 19:10:35]  [行18] 解析成功: SZSE.300930 [屹通新材] BUY @ 29.37 (VR:0.19)
[2026-06-26 19:10:35]  [行19] 解析成功: SZSE.300433 [蓝思科技] BUY @ 55.82 (VR:0.76)
[2026-06-26 19:10:35]  [行20] 解析成功: SZSE.300666 [江丰电子] SELL @ 354.97 (VR:0.38)
[2026-06-26 19:10:35]  [行21] 解析成功: SZSE.300936 [中英科技] BUY @ 100.66 (VR:1.53)
[2026-06-26 19:10:35]  [行22] 解析成功: SZSE.300739 [明阳电路] BUY @ 34.08 (VR:0.22)
[2026-06-26 19:10:35]  [行23] 解析成功: SZSE.301171 [易点天下] BUY @ 33.17 (VR:0.15)
[2026-06-26 19:10:35]  [行24] 解析成功: SZSE.301226 [祥明智能] SELL @ 30.61 (VR:0.16)
[2026-06-26 19:10:35] 成功保存 24 条因子至: signal_batch_20260626_191035_776190.txt
[2026-06-26 19:10:35]  QQ-备用 邮件 2686 处理完成
[2026-06-26 19:10:35]  QQ-备用 正在解析因子: =?utf-8?b?QWxwaGFQaWxvdCDlpIfku73kv6Hlj7cgKGFscGhhX3NpZ25hbF90aHJfMjAyNjA2MjZfMTQ0My5qc29uKSBb5aSHUVEt6Ieq5L+dXQ==?=
[2026-06-26 19:10:35]  发现表格，共 22 行数据
[2026-06-26 19:10:35]  动态索引映射: ['股票代码', '股票名称', '信号', '当前价格', '量比', '来源过滤']
[2026-06-26 19:10:35]  [行1] 解析成功: SHSE.688665 [四方光电] SELL @ 64.02 (VR:0.15)
[2026-06-26 19:10:35]  [行2] 解析成功: SHSE.688002 [睿创微纳] BUY @ 143.83 (VR:0.01)
[2026-06-26 19:10:35]  [行3] 解析成功: SZSE.301188 [力诺药包] SELL @ 71.4 (VR:0.19)
[2026-06-26 19:10:35]  [行4] 解析成功: SZSE.300806 [斯迪克] BUY @ 115.38 (VR:0.45)
[2026-06-26 19:10:35]  [行5] 解析成功: SZSE.300679 [电连技术] SELL @ 64.08 (VR:0.37)
[2026-06-26 19:10:35]  [行6] 解析成功: SZSE.301013 [利和兴] SELL @ 74.72 (VR:1.18)
[2026-06-26 19:10:35]  [行7] 解析成功: SZSE.300620 [光库科技] BUY @ 365.0 (VR:1.85)
[2026-06-26 19:10:35]  [行8] 解析成功: SZSE.300790 [宇瞳光学] BUY @ 26.1 (VR:0.44)
[2026-06-26 19:10:35]  [行9] 解析成功: SZSE.300990 [同飞股份] SELL @ 103.17 (VR:0.01)
[2026-06-26 19:10:35]  [行10] 解析成功: SZSE.300921 [南凌科技] SELL @ 21.09 (VR:0.01)
[2026-06-26 19:10:35]  [行11] 解析成功: SZSE.300857 [协创数据] BUY @ 332.4 (VR:0.02)
[2026-06-26 19:10:35]  [行12] 解析成功: SHSE.688665 [四方光电] SELL @ 63.9 (VR:0.42)
[2026-06-26 19:10:35]  [行13] 解析成功: SHSE.688002 [睿创微纳] BUY @ 143.99 (VR:0.27)
[2026-06-26 19:10:35]  [行14] 解析成功: SZSE.301188 [力诺药包] SELL @ 71.29 (VR:0.49)
[2026-06-26 19:10:35]  [行15] 解析成功: SZSE.300806 [斯迪克] BUY @ 115.47 (VR:0.81)
[2026-06-26 19:10:35]  [行16] 解析成功: SZSE.300679 [电连技术] SELL @ 63.96 (VR:0.34)
[2026-06-26 19:10:35]  [行17] 解析成功: SZSE.301013 [利和兴] SELL @ 74.28 (VR:0.43)
[2026-06-26 19:10:35]  [行18] 解析成功: SZSE.300620 [光库科技] BUY @ 365.19 (VR:0.3)
[2026-06-26 19:10:35]  [行19] 解析成功: SZSE.300790 [宇瞳光学] BUY @ 26.12 (VR:0.1)
[2026-06-26 19:10:35]  [行20] 解析成功: SZSE.300990 [同飞股份] SELL @ 103.08 (VR:0.01)
[2026-06-26 19:10:35]  [行21] 解析成功: SZSE.300921 [南凌科技] SELL @ 21.08 (VR:0.01)
[2026-06-26 19:10:35]  [行22] 解析成功: SZSE.300857 [协创数据] BUY @ 332.84 (VR:0.02)
[2026-06-26 19:10:36] 成功保存 22 条因子至: signal_batch_20260626_191036_000463.txt
[2026-06-26 19:10:36]  QQ-备用 邮件 2687 处理完成
[2026-06-26 19:10:36]  QQ-备用 正在解析因子: =?utf-8?b?QWxwaGFQaWxvdCDlpIfku73kv6Hlj7cgKGFscGhhX3NpZ25hbF90aHJfMjAyNjA2MjZfMTQ0NS5qc29uKSBb5aSHUVEt6Ieq5L+dXQ==?=
[2026-06-26 19:10:36]  发现表格，共 22 行数据
[2026-06-26 19:10:36]  动态索引映射: ['股票代码', '股票名称', '信号', '当前价格', '量比', '来源过滤']
[2026-06-26 19:10:36]  [行1] 解析成功: SHSE.603773 [沃格光电] BUY @ 178.9 (VR:0.6)
[2026-06-26 19:10:36]  [行2] 解析成功: SHSE.603618 [杭电股份] SELL @ 52.49 (VR:0.48)
[2026-06-26 19:10:36]  [行3] 解析成功: SHSE.603175 [超颖电子] SELL @ 89.33 (VR:0.35)
[2026-06-26 19:10:36]  [行4] 解析成功: SHSE.600460 [士兰微] BUY @ 50.65 (VR:0.7)
[2026-06-26 19:10:36]  [行5] 解析成功: SHSE.603206 [嘉环科技] BUY @ 16.59 (VR:0.88)
[2026-06-26 19:10:36]  [行6] 解析成功: SZSE.002718 [友邦吊顶] SELL @ 112.28 (VR:0.06)
[2026-06-26 19:10:36]  [行7] 解析成功: SZSE.002378 [章源钨业] BUY @ 36.6 (VR:0.05)
[2026-06-26 19:10:36]  [行8] 解析成功: SZSE.002768 [国恩股份] BUY @ 51.26 (VR:0.01)
[2026-06-26 19:10:36]  [行9] 解析成功: SZSE.001339 [智微智能] BUY @ 128.69 (VR:0.06)
[2026-06-26 19:10:36]  [行10] 解析成功: SZSE.000593 [德龙汇能] BUY @ 22.0 (VR:0.02)
[2026-06-26 19:10:36]  [行11] 解析成功: SZSE.002937 [兴瑞科技] BUY @ 45.41 (VR:0.9)
[2026-06-26 19:10:36]  [行12] 解析成功: SHSE.603773 [沃格光电] BUY @ 179.12 (VR:0.66)
[2026-06-26 19:10:36]  [行13] 解析成功: SHSE.603618 [杭电股份] SELL @ 52.48 (VR:0.27)
[2026-06-26 19:10:36]  [行14] 解析成功: SHSE.603175 [超颖电子] SELL @ 89.31 (VR:0.92)
[2026-06-26 19:10:36]  [行15] 解析成功: SHSE.600460 [士兰微] BUY @ 50.69 (VR:0.02)
[2026-06-26 19:10:36]  [行16] 解析成功: SHSE.603206 [嘉环科技] BUY @ 16.6 (VR:0.01)
[2026-06-26 19:10:36]  [行17] 解析成功: SZSE.002718 [友邦吊顶] SELL @ 111.88 (VR:0.1)
[2026-06-26 19:10:36]  [行18] 解析成功: SZSE.002378 [章源钨业] BUY @ 36.63 (VR:0.1)
[2026-06-26 19:10:36]  [行19] 解析成功: SZSE.002768 [国恩股份] BUY @ 51.29 (VR:0.06)
[2026-06-26 19:10:36]  [行20] 解析成功: SZSE.001339 [智微智能] BUY @ 128.71 (VR:0.14)
[2026-06-26 19:10:36]  [行21] 解析成功: SZSE.000593 [德龙汇能] BUY @ 22.02 (VR:0.15)
[2026-06-26 19:10:36]  [行22] 解析成功: SZSE.002937 [兴瑞科技] BUY @ 45.5 (VR:0.58)
[2026-06-26 19:10:36] 成功保存 22 条因子至: signal_batch_20260626_191036_240126.txt
[2026-06-26 19:10:36]  QQ-备用 邮件 2688 处理完成
[2026-06-26 19:10:36]  QQ-备用 正在解析因子: =?utf-8?b?QWxwaGFQaWxvdCDlpIfku73kv6Hlj7cgKGFscGhhX3NpZ25hbF90aHJfMjAyNjA2MjZfMTQ0OC5qc29uKSBb5aSHUVEt6Ieq5L+dXQ==?=
[2026-06-26 19:10:36]  发现表格，共 22 行数据
[2026-06-26 19:10:36]  动态索引映射: ['股票代码', '股票名称', '信号', '当前价格', '量比', '来源过滤']
[2026-06-26 19:10:36]  [行1] 解析成功: SHSE.688700 [东威科技] BUY @ 94.61 (VR:0.03)
[2026-06-26 19:10:36]  [行2] 解析成功: SHSE.688777 [中控技术] BUY @ 119.77 (VR:0.71)
[2026-06-26 19:10:36]  [行3] 解析成功: SHSE.688286 [敏芯股份] SELL @ 102.58 (VR:0.3)
[2026-06-26 19:10:36]  [行4] 解析成功: SHSE.688059 [华锐精密] BUY @ 203.29 (VR:0.79)
[2026-06-26 19:10:36]  [行5] 解析成功: SZSE.301419 [瑞可达] BUY @ 46.48 (VR:0.88)
[2026-06-26 19:10:36]  [行6] 解析成功: SZSE.300643 [万通智控] SELL @ 18.73 (VR:1.4)
[2026-06-26 19:10:36]  [行7] 解析成功: SZSE.002980 [华盛昌] BUY @ 117.43 (VR:1.29)
[2026-06-26 19:10:36]  [行8] 解析成功: SZSE.301281 [利源制药] BUY @ 45.68 (VR:0.32)
[2026-06-26 19:10:36]  [行9] 解析成功: SZSE.300285 [国瓷材料] BUY @ 103.86 (VR:0.51)
[2026-06-26 19:10:36]  [行10] 解析成功: SZSE.301392 [汇成真空] BUY @ 244.94 (VR:0.08)
[2026-06-26 19:10:36]  [行11] 解析成功: SZSE.300234 [开尔新材] SELL @ 11.19 (VR:0.01)
[2026-06-26 19:10:36]  [行12] 解析成功: SHSE.688700 [东威科技] BUY @ 95.0 (VR:0.13)
[2026-06-26 19:10:36]  [行13] 解析成功: SHSE.688777 [中控技术] BUY @ 119.79 (VR:0.1)
[2026-06-26 19:10:36]  [行14] 解析成功: SHSE.688286 [敏芯股份] SELL @ 102.46 (VR:0.15)
[2026-06-26 19:10:36]  [行15] 解析成功: SHSE.688059 [华锐精密] BUY @ 203.35 (VR:0.58)
[2026-06-26 19:10:36]  [行16] 解析成功: SZSE.301419 [瑞可达] BUY @ 46.61 (VR:0.63)
[2026-06-26 19:10:36]  [行17] 解析成功: SZSE.300643 [万通智控] SELL @ 18.69 (VR:1.27)
[2026-06-26 19:10:36]  [行18] 解析成功: SZSE.002980 [华盛昌] BUY @ 118.11 (VR:3.57)
[2026-06-26 19:10:36]  [行19] 解析成功: SZSE.301281 [利源制药] BUY @ 45.73 (VR:0.49)
[2026-06-26 19:10:36]  [行20] 解析成功: SZSE.300285 [国瓷材料] BUY @ 103.95 (VR:0.54)
[2026-06-26 19:10:36]  [行21] 解析成功: SZSE.301392 [汇成真空] BUY @ 245.18 (VR:0.05)
[2026-06-26 19:10:36]  [行22] 解析成功: SZSE.300234 [开尔新材] SELL @ 11.18 (VR:0.15)
[2026-06-26 19:10:36] 成功保存 22 条因子至: signal_batch_20260626_191036_485208.txt
[2026-06-26 19:10:36]  QQ-备用 邮件 2689 处理完成
[2026-06-26 19:10:36]  QQ-备用 正在解析因子: =?utf-8?b?QWxwaGFQaWxvdCDlpIfku73kv6Hlj7cgKGFscGhhX3NpZ25hbF90aHJfMjAyNjA2MjZfMTQ1MC5qc29uKSBb5aSHUVEt6Ieq5L+dXQ==?=
[2026-06-26 19:10:36]  发现表格，共 24 行数据
[2026-06-26 19:10:36]  动态索引映射: ['股票代码', '股票名称', '信号', '当前价格', '量比', '来源过滤']
[2026-06-26 19:10:36]  [行1] 解析成功: SHSE.688308 [欧科亿] SELL @ 191.1 (VR:0.79)
[2026-06-26 19:10:36]  [行2] 解析成功: SHSE.688721 [龙图光罩] SELL @ 54.2 (VR:1.22)
[2026-06-26 19:10:36]  [行3] 解析成功: SHSE.688249 [晶合集成] BUY @ 58.64 (VR:0.55)
[2026-06-26 19:10:36]  [行4] 解析成功: SZSE.300088 [长信科技] SELL @ 11.72 (VR:0.04)
[2026-06-26 19:10:36]  [行5] 解析成功: SZSE.300709 [精研科技] BUY @ 61.65 (VR:0.28)
[2026-06-26 19:10:36]  [行6] 解析成功: SZSE.301362 [民爆光电] BUY @ 191.2 (VR:0.01)
[2026-06-26 19:10:36]  [行7] 解析成功: SZSE.300420 [五洋自控] SELL @ 9.71 (VR:0.28)
[2026-06-26 19:10:36]  [行8] 解析成功: SZSE.300661 [圣邦股份] BUY @ 131.63 (VR:0.23)
[2026-06-26 19:10:36]  [行9] 解析成功: SZSE.300780 [德恩精工] BUY @ 33.09 (VR:0.27)
[2026-06-26 19:10:36]  [行10] 解析成功: SZSE.300497 [富祥股份] BUY @ 20.71 (VR:0.85)
[2026-06-26 19:10:36]  [行11] 解析成功: SZSE.300304 [云意电气] BUY @ 19.62 (VR:0.36)
[2026-06-26 19:10:36]  [行12] 解析成功: SZSE.300852 [四会富仕] SELL @ 56.69 (VR:0.24)
[2026-06-26 19:10:36]  [行13] 解析成功: SHSE.688308 [欧科亿] SELL @ 191.0 (VR:0.92)
[2026-06-26 19:10:36]  [行14] 解析成功: SHSE.688721 [龙图光罩] SELL @ 54.14 (VR:0.44)
[2026-06-26 19:10:36]  [行15] 解析成功: SHSE.688249 [晶合集成] BUY @ 58.66 (VR:0.54)
[2026-06-26 19:10:36]  [行16] 解析成功: SZSE.300088 [长信科技] SELL @ 11.71 (VR:0.08)
[2026-06-26 19:10:36]  [行17] 解析成功: SZSE.300709 [精研科技] BUY @ 61.68 (VR:0.28)
[2026-06-26 19:10:36]  [行18] 解析成功: SZSE.301362 [民爆光电] BUY @ 191.3 (VR:0.09)
[2026-06-26 19:10:36]  [行19] 解析成功: SZSE.300420 [五洋自控] SELL @ 9.7 (VR:0.37)
[2026-06-26 19:10:36]  [行20] 解析成功: SZSE.300661 [圣邦股份] BUY @ 131.72 (VR:0.47)
[2026-06-26 19:10:36]  [行21] 解析成功: SZSE.300780 [德恩精工] BUY @ 33.11 (VR:0.22)
[2026-06-26 19:10:36]  [行22] 解析成功: SZSE.300497 [富祥股份] BUY @ 20.72 (VR:0.65)
[2026-06-26 19:10:36]  [行23] 解析成功: SZSE.300304 [云意电气] BUY @ 19.66 (VR:0.16)
[2026-06-26 19:10:36]  [行24] 解析成功: SZSE.300852 [四会富仕] SELL @ 56.62 (VR:0.94)
[2026-06-26 19:10:36] 成功保存 24 条因子至: signal_batch_20260626_191036_731493.txt
[2026-06-26 19:10:36]  QQ-备用 邮件 2690 处理完成
[2026-06-26 19:10:36]  QQ-备用 正在解析因子: =?utf-8?b?QWxwaGFQaWxvdCDlpIfku73kv6Hlj7cgKGFscGhhX3NpZ25hbF90aHJfMjAyNjA2MjZfMTQ1My5qc29uKSBb5aSHUVEt6Ieq5L+dXQ==?=
[2026-06-26 19:10:36]  发现表格，共 22 行数据
[2026-06-26 19:10:36]  动态索引映射: ['股票代码', '股票名称', '信号', '当前价格', '量比', '来源过滤']
[2026-06-26 19:10:36]  [行1] 解析成功: SZSE.300811 [铂力特] SELL @ 95.19 (VR:0.26)
[2026-06-26 19:10:36]  [行2] 解析成功: SZSE.300720 [海川智能] BUY @ 88.9 (VR:1.04)
[2026-06-26 19:10:36]  [行3] 解析成功: SZSE.300308 [中际旭创] SELL @ 1259.42 (VR:0.29)
[2026-06-26 19:10:36]  [行4] 解析成功: SZSE.300930 [屹通新材] SELL @ 29.19 (VR:0.43)
[2026-06-26 19:10:36]  [行5] 解析成功: SZSE.300433 [蓝思科技] SELL @ 55.81 (VR:0.41)
[2026-06-26 19:10:36]  [行6] 解析成功: SZSE.300666 [江丰电子] SELL @ 356.02 (VR:0.76)
[2026-06-26 19:10:36]  [行7] 解析成功: SZSE.300936 [中英科技] BUY @ 97.11 (VR:2.41)
[2026-06-26 19:10:36]  [行8] 解析成功: SZSE.300259 [新天科技] BUY @ 5.57 (VR:0.46)
[2026-06-26 19:10:36]  [行9] 解析成功: SZSE.300739 [明阳电路] SELL @ 34.16 (VR:0.14)
[2026-06-26 19:10:36]  [行10] 解析成功: SZSE.301171 [易点天下] SELL @ 32.93 (VR:0.15)
[2026-06-26 19:10:36]  [行11] 解析成功: SZSE.301226 [祥明智能] SELL @ 30.4 (VR:0.12)
[2026-06-26 19:10:36]  [行12] 解析成功: SZSE.300811 [铂力特] SELL @ 95.11 (VR:0.32)
[2026-06-26 19:10:36]  [行13] 解析成功: SZSE.300720 [海川智能] BUY @ 88.93 (VR:0.28)
[2026-06-26 19:10:36]  [行14] 解析成功: SZSE.300308 [中际旭创] SELL @ 1257.38 (VR:0.43)
[2026-06-26 19:10:36]  [行15] 解析成功: SZSE.300930 [屹通新材] SELL @ 29.15 (VR:0.31)
[2026-06-26 19:10:36]  [行16] 解析成功: SZSE.300433 [蓝思科技] SELL @ 55.77 (VR:0.84)
[2026-06-26 19:10:36]  [行17] 解析成功: SZSE.300666 [江丰电子] SELL @ 354.75 (VR:0.6)
[2026-06-26 19:10:36]  [行18] 解析成功: SZSE.300936 [中英科技] BUY @ 97.2 (VR:1.17)
[2026-06-26 19:10:36]  [行19] 解析成功: SZSE.300259 [新天科技] BUY @ 5.61 (VR:1.07)
[2026-06-26 19:10:36]  [行20] 解析成功: SZSE.300739 [明阳电路] SELL @ 34.09 (VR:0.12)
[2026-06-26 19:10:36]  [行21] 解析成功: SZSE.301171 [易点天下] SELL @ 32.88 (VR:0.11)
[2026-06-26 19:10:36]  [行22] 解析成功: SZSE.301226 [祥明智能] SELL @ 30.39 (VR:0.64)
[2026-06-26 19:10:37] 成功保存 22 条因子至: signal_batch_20260626_191037_003867.txt
[2026-06-26 19:10:37]  QQ-备用 邮件 2691 处理完成
[2026-06-26 19:10:37]  QQ-备用 正在解析因子: =?utf-8?b?QWxwaGFQaWxvdCDlpIfku73kv6Hlj7cgKGFscGhhX3NpZ25hbF90aHJfMjAyNjA2MjZfMTQ1Ni5qc29uKSBb5aSHUVEt6Ieq5L+dXQ==?=
[2026-06-26 19:10:37]  发现表格，共 24 行数据
[2026-06-26 19:10:37]  动态索引映射: ['股票代码', '股票名称', '信号', '当前价格', '量比', '来源过滤']
[2026-06-26 19:10:37]  [行1] 解析成功: SHSE.688110 [东芯股份] BUY @ 191.16 (VR:1.5)
[2026-06-26 19:10:37]  [行2] 解析成功: SHSE.688665 [四方光电] BUY @ 63.81 (VR:2.49)
[2026-06-26 19:10:37]  [行3] 解析成功: SZSE.301188 [力诺药包] SELL @ 70.88 (VR:0.05)
[2026-06-26 19:10:37]  [行4] 解析成功: SZSE.300806 [斯迪克] BUY @ 115.35 (VR:0.35)
[2026-06-26 19:10:37]  [行5] 解析成功: SZSE.300679 [电连技术] SELL @ 63.42 (VR:0.94)
[2026-06-26 19:10:37]  [行6] 解析成功: SZSE.301013 [利和兴] SELL @ 73.25 (VR:0.44)
[2026-06-26 19:10:37]  [行7] 解析成功: SZSE.300620 [光库科技] BUY @ 362.3 (VR:0.66)
[2026-06-26 19:10:37]  [行8] 解析成功: SZSE.300790 [宇瞳光学] SELL @ 26.02 (VR:0.45)
[2026-06-26 19:10:37]  [行9] 解析成功: SZSE.300990 [同飞股份] BUY @ 102.88 (VR:0.52)
[2026-06-26 19:10:37]  [行10] 解析成功: SZSE.300921 [南凌科技] SELL @ 20.95 (VR:0.21)
[2026-06-26 19:10:37]  [行11] 解析成功: SZSE.300857 [协创数据] BUY @ 332.56 (VR:0.66)
[2026-06-26 19:10:37]  [行12] 解析成功: SZSE.000636 [风华高科] BUY @ 77.75 (VR:0.92)
[2026-06-26 19:10:37]  [行13] 解析成功: SHSE.688110 [东芯股份] BUY @ 191.22 (VR:1.93)
[2026-06-26 19:10:37]  [行14] 解析成功: SHSE.688665 [四方光电] BUY @ 63.88 (VR:0.89)
[2026-06-26 19:10:37]  [行15] 解析成功: SZSE.301188 [力诺药包] SELL @ 70.87 (VR:0.38)
[2026-06-26 19:10:37]  [行16] 解析成功: SZSE.300806 [斯迪克] BUY @ 115.59 (VR:0.37)
[2026-06-26 19:10:37]  [行17] 解析成功: SZSE.300679 [电连技术] SELL @ 63.41 (VR:0.51)
[2026-06-26 19:10:37]  [行18] 解析成功: SZSE.301013 [利和兴] SELL @ 73.22 (VR:0.35)
[2026-06-26 19:10:37]  [行19] 解析成功: SZSE.300620 [光库科技] BUY @ 362.67 (VR:0.55)
[2026-06-26 19:10:37]  [行20] 解析成功: SZSE.300790 [宇瞳光学] SELL @ 26.0 (VR:0.4)
[2026-06-26 19:10:37]  [行21] 解析成功: SZSE.300990 [同飞股份] BUY @ 103.05 (VR:1.06)
[2026-06-26 19:10:37]  [行22] 解析成功: SZSE.300921 [南凌科技] SELL @ 20.72 (VR:1.58)
[2026-06-26 19:10:37]  [行23] 解析成功: SZSE.300857 [协创数据] BUY @ 333.0 (VR:0.52)
[2026-06-26 19:10:37]  [行24] 解析成功: SZSE.000636 [风华高科] BUY @ 78.1 (VR:0.62)
[2026-06-26 19:10:37] 成功保存 24 条因子至: signal_batch_20260626_191037_279530.txt
[2026-06-26 19:10:37]  QQ-备用 邮件 2692 处理完成
[2026-06-26 19:10:37]  QQ-备用 正在解析因子: =?utf-8?b?QWxwaGFQaWxvdCDlpIfku73kv6Hlj7cgKGFscGhhX3NpZ25hbF90aHJfMjAyNjA2MjZfMTQ1OC5qc29uKSBb5aSHUVEt6Ieq5L+dXQ==?=
[2026-06-26 19:10:37]  发现表格，共 18 行数据
[2026-06-26 19:10:37]  动态索引映射: ['股票代码', '股票名称', '信号', '当前价格', '量比', '来源过滤']
[2026-06-26 19:10:37]  [行1] 解析成功: SHSE.603618 [杭电股份] SELL @ 52.06 (VR:0.31)
[2026-06-26 19:10:37]  [行2] 解析成功: SHSE.600259 [中稀有色] BUY @ 99.4 (VR:0.88)
[2026-06-26 19:10:37]  [行3] 解析成功: SHSE.603175 [超颖电子] BUY @ 88.9 (VR:0.37)
[2026-06-26 19:10:37]  [行4] 解析成功: SHSE.600909 [华安证券] BUY @ 12.11 (VR:1.11)
[2026-06-26 19:10:37]  [行5] 解析成功: SHSE.603206 [嘉环科技] SELL @ 16.51 (VR:0.76)
[2026-06-26 19:10:37]  [行6] 解析成功: SZSE.002718 [友邦吊顶] SELL @ 112.38 (VR:2.11)
[2026-06-26 19:10:37]  [行7] 解析成功: SZSE.002378 [章源钨业] SELL @ 36.21 (VR:0.63)
[2026-06-26 19:10:37]  [行8] 解析成功: SZSE.001339 [智微智能] SELL @ 128.24 (VR:1.32)
[2026-06-26 19:10:37]  [行9] 解析成功: SZSE.000593 [德龙汇能] SELL @ 21.89 (VR:0.61)
[2026-06-26 19:10:37]  [行10] 解析成功: SHSE.603618 [杭电股份] SELL @ 52.01 (VR:1.3)
[2026-06-26 19:10:37]  [行11] 解析成功: SHSE.600259 [中稀有色] BUY @ 99.42 (VR:1.72)
[2026-06-26 19:10:37]  [行12] 解析成功: SHSE.603175 [超颖电子] BUY @ 88.92 (VR:1.11)
[2026-06-26 19:10:37]  [行13] 解析成功: SHSE.600909 [华安证券] BUY @ 12.13 (VR:2.14)
[2026-06-26 19:10:37]  [行14] 解析成功: SHSE.603206 [嘉环科技] SELL @ 16.5 (VR:1.19)
[2026-06-26 19:10:37]  [行15] 解析成功: SZSE.002718 [友邦吊顶] SELL @ 112.0 (VR:2.94)
[2026-06-26 19:10:37]  [行16] 解析成功: SZSE.002378 [章源钨业] SELL @ 36.19 (VR:0.79)
[2026-06-26 19:10:37]  [行17] 解析成功: SZSE.001339 [智微智能] SELL @ 128.2 (VR:1.41)
[2026-06-26 19:10:37]  [行18] 解析成功: SZSE.000593 [德龙汇能] SELL @ 21.88 (VR:0.64)
[2026-06-26 19:10:37] 成功保存 18 条因子至: signal_batch_20260626_191037_509450.txt
[2026-06-26 19:10:37]  QQ-备用 邮件 2693 处理完成
[2026-06-26 19:10:37]  QQ-备用 本轮共成功处理 42 封有效信号邮件
[2026-06-26 19:11:12]  正在连接 QQ-主 邮箱服务器 (497720537@qq.com) ...
[2026-06-26 19:11:13]  正在连接 QQ-备用 邮箱服务器 (shouqianbadavid@qq.com) ...
[2026-06-26 19:11:49]  正在连接 QQ-主 邮箱服务器 (497720537@qq.com) ...
[2026-06-26 19:11:50]  正在连接 QQ-备用 邮箱服务器 (shouqianbadavid@qq.com) ...
[2026-06-26 19:15:53]  AlphaPilot 监听服务 (Pro 多邮箱版) 启动...
[2026-06-26 19:15:53]  信号保存目录: D:\mpython\signals
[2026-06-26 19:15:53]  日志文件: D:\mpython\logs_receiver\receiver_20260626.log
[2026-06-26 19:15:53]  正在连接 QQ-主 邮箱服务器 (497720537@qq.com) ...
[2026-06-26 19:15:54]  正在连接 QQ-备用 邮箱服务器 (shouqianbadavid@qq.com) ...
[2026-06-26 19:16:29]  正在连接 QQ-主 邮箱服务器 (497720537@qq.com) ...
[2026-06-26 19:16:30]  正在连接 QQ-备用 邮箱服务器 (shouqianbadavid@qq.com) ...
[2026-06-26 19:17:05]  正在连接 QQ-主 邮箱服务器 (497720537@qq.com) ...
[2026-06-26 19:17:06]  正在连接 QQ-备用 邮箱服务器 (shouqianbadavid@qq.com) ...
[2026-06-26 19:17:42]  正在连接 QQ-主 邮箱服务器 (497720537@qq.com) ...
[2026-06-26 19:17:42]  正在连接 QQ-备用 邮箱服务器 (shouqianbadavid@qq.com) ...
[2026-06-26 19:18:18]  正在连接 QQ-主 邮箱服务器 (497720537@qq.com) ...
[2026-06-26 19:18:18]  正在连接 QQ-备用 邮箱服务器 (shouqianbadavid@qq.com) ...
[2026-06-26 19:18:54]  正在连接 QQ-主 邮箱服务器 (497720537@qq.com) ...
[2026-06-26 19:18:55]  正在连接 QQ-备用 邮箱服务器 (shouqianbadavid@qq.com) ...
[2026-06-26 19:19:30]  正在连接 QQ-主 邮箱服务器 (497720537@qq.com) ...
[2026-06-26 19:19:31]  正在连接 QQ-备用 邮箱服务器 (shouqianbadavid@qq.com) ...
[2026-06-26 19:20:07]  正在连接 QQ-主 邮箱服务器 (497720537@qq.com) ...
[2026-06-26 19:20:07]  正在连接 QQ-备用 邮箱服务器 (shouqianbadavid@qq.com) ...
[2026-06-26 19:20:43]  正在连接 QQ-主 邮箱服务器 (497720537@qq.com) ...
[2026-06-26 19:20:44]  正在连接 QQ-备用 邮箱服务器 (shouqianbadavid@qq.com) ...
[2026-06-26 20:38:24]  AlphaPilot 监听服务 (Pro 多邮箱版) 启动...
[2026-06-26 20:38:24]  信号保存目录: D:\mpython\signals
[2026-06-26 20:38:24]  日志文件: D:\mpython\logs_receiver\receiver_20260626.log
[2026-06-26 20:38:24]  正在连接 QQ-主 邮箱服务器 (497720537@qq.com) ...
[2026-06-26 20:38:25]  正在连接 QQ-备用 邮箱服务器 (shouqianbadavid@qq.com) ...
[2026-06-26 20:39:01]  正在连接 QQ-主 邮箱服务器 (497720537@qq.com) ...
[2026-06-26 20:39:01]  正在连接 QQ-备用 邮箱服务器 (shouqianbadavid@qq.com) ...
[2026-06-26 20:39:37]  正在连接 QQ-主 邮箱服务器 (497720537@qq.com) ...
[2026-06-26 20:39:38]  正在连接 QQ-备用 邮箱服务器 (shouqianbadavid@qq.com) ...
[2026-06-26 20:40:14]  正在连接 QQ-主 邮箱服务器 (497720537@qq.com) ...
[2026-06-26 20:40:14]  正在连接 QQ-备用 邮箱服务器 (shouqianbadavid@qq.com) ...
[2026-06-26 20:40:50]  正在连接 QQ-主 邮箱服务器 (497720537@qq.com) ...
[2026-06-26 20:40:51]  正在连接 QQ-备用 邮箱服务器 (shouqianbadavid@qq.com) ...
[2026-06-26 20:41:27]  正在连接 QQ-主 邮箱服务器 (497720537@qq.com) ...
[2026-06-26 20:41:27]  正在连接 QQ-备用 邮箱服务器 (shouqianbadavid@qq.com) ...
[2026-06-26 20:42:03]  正在连接 QQ-主 邮箱服务器 (497720537@qq.com) ...
[2026-06-26 20:42:04]  正在连接 QQ-备用 邮箱服务器 (shouqianbadavid@qq.com) ...
[2026-06-26 20:42:40]  正在连接 QQ-主 邮箱服务器 (497720537@qq.com) ...
[2026-06-26 20:42:40]  正在连接 QQ-备用 邮箱服务器 (shouqianbadavid@qq.com) ...
[2026-06-26 20:43:16]  正在连接 QQ-主 邮箱服务器 (497720537@qq.com) ...
[2026-06-26 20:43:17]  正在连接 QQ-备用 邮箱服务器 (shouqianbadavid@qq.com) ...
[2026-06-26 20:43:53]  正在连接 QQ-主 邮箱服务器 (497720537@qq.com) ...
[2026-06-26 20:43:53]  正在连接 QQ-备用 邮箱服务器 (shouqianbadavid@qq.com) ...
[2026-06-26 20:44:29]  正在连接 QQ-主 邮箱服务器 (497720537@qq.com) ...
[2026-06-26 20:44:29]  正在连接 QQ-备用 邮箱服务器 (shouqianbadavid@qq.com) ...
[2026-06-26 20:45:05]  正在连接 QQ-主 邮箱服务器 (497720537@qq.com) ...
[2026-06-26 20:45:06]  正在连接 QQ-备用 邮箱服务器 (shouqianbadavid@qq.com) ...
[2026-06-26 20:45:42]  正在连接 QQ-主 邮箱服务器 (497720537@qq.com) ...
[2026-06-26 20:45:42]  正在连接 QQ-备用 邮箱服务器 (shouqianbadavid@qq.com) ...
[2026-06-26 20:46:18]  正在连接 QQ-主 邮箱服务器 (497720537@qq.com) ...
[2026-06-26 20:46:19]  正在连接 QQ-备用 邮箱服务器 (shouqianbadavid@qq.com) ...
[2026-06-26 20:46:54]  正在连接 QQ-主 邮箱服务器 (497720537@qq.com) ...
[2026-06-26 20:46:55]  正在连接 QQ-备用 邮箱服务器 (shouqianbadavid@qq.com) ...
[2026-06-26 20:47:31]  正在连接 QQ-主 邮箱服务器 (497720537@qq.com) ...
[2026-06-26 20:47:32]  正在连接 QQ-备用 邮箱服务器 (shouqianbadavid@qq.com) ...
[2026-06-26 20:48:07]  正在连接 QQ-主 邮箱服务器 (497720537@qq.com) ...
[2026-06-26 20:48:08]  正在连接 QQ-备用 邮箱服务器 (shouqianbadavid@qq.com) ...
[2026-06-26 20:48:43]  正在连接 QQ-主 邮箱服务器 (497720537@qq.com) ...
[2026-06-26 20:48:44]  正在连接 QQ-备用 邮箱服务器 (shouqianbadavid@qq.com) ...
[2026-06-26 20:49:19]  正在连接 QQ-主 邮箱服务器 (497720537@qq.com) ...
[2026-06-26 20:49:20]  正在连接 QQ-备用 邮箱服务器 (shouqianbadavid@qq.com) ...
[2026-06-26 20:49:55]  正在连接 QQ-主 邮箱服务器 (497720537@qq.com) ...
[2026-06-26 20:49:56]  正在连接 QQ-备用 邮箱服务器 (shouqianbadavid@qq.com) ...
[2026-06-26 20:50:32]  正在连接 QQ-主 邮箱服务器 (497720537@qq.com) ...
[2026-06-26 20:50:33]  正在连接 QQ-备用 邮箱服务器 (shouqianbadavid@qq.com) ...
[2026-06-26 20:51:09]  正在连接 QQ-主 邮箱服务器 (497720537@qq.com) ...
[2026-06-26 20:51:09]  正在连接 QQ-备用 邮箱服务器 (shouqianbadavid@qq.com) ...
[2026-06-26 20:51:44]  正在连接 QQ-主 邮箱服务器 (497720537@qq.com) ...
[2026-06-26 20:51:45]  正在连接 QQ-备用 邮箱服务器 (shouqianbadavid@qq.com) ...
[2026-06-26 20:52:20]  正在连接 QQ-主 邮箱服务器 (497720537@qq.com) ...
[2026-06-26 20:52:21]  正在连接 QQ-备用 邮箱服务器 (shouqianbadavid@qq.com) ...
[2026-06-26 20:52:56]  正在连接 QQ-主 邮箱服务器 (497720537@qq.com) ...
[2026-06-26 20:52:57]  正在连接 QQ-备用 邮箱服务器 (shouqianbadavid@qq.com) ...
[2026-06-26 20:53:33]  正在连接 QQ-主 邮箱服务器 (497720537@qq.com) ...
[2026-06-26 20:53:33]  正在连接 QQ-备用 邮箱服务器 (shouqianbadavid@qq.com) ...
[2026-06-26 20:54:09]  正在连接 QQ-主 邮箱服务器 (497720537@qq.com) ...
[2026-06-26 20:54:09]  正在连接 QQ-备用 邮箱服务器 (shouqianbadavid@qq.com) ...
[2026-06-26 20:54:44]  正在连接 QQ-主 邮箱服务器 (497720537@qq.com) ...
[2026-06-26 20:54:45]  正在连接 QQ-备用 邮箱服务器 (shouqianbadavid@qq.com) ...
[2026-06-26 20:55:20]  正在连接 QQ-主 邮箱服务器 (497720537@qq.com) ...
[2026-06-26 20:55:21]  正在连接 QQ-备用 邮箱服务器 (shouqianbadavid@qq.com) ...
[2026-06-26 20:55:57]  正在连接 QQ-主 邮箱服务器 (497720537@qq.com) ...
[2026-06-26 20:55:57]  正在连接 QQ-备用 邮箱服务器 (shouqianbadavid@qq.com) ...
[2026-06-26 20:56:32]  正在连接 QQ-主 邮箱服务器 (497720537@qq.com) ...
[2026-06-26 20:56:33]  正在连接 QQ-备用 邮箱服务器 (shouqianbadavid@qq.com) ...
[2026-06-26 20:57:09]  正在连接 QQ-主 邮箱服务器 (497720537@qq.com) ...
[2026-06-26 20:57:09]  正在连接 QQ-备用 邮箱服务器 (shouqianbadavid@qq.com) ...
[2026-06-26 20:57:44]  正在连接 QQ-主 邮箱服务器 (497720537@qq.com) ...
[2026-06-26 20:57:45]  正在连接 QQ-备用 邮箱服务器 (shouqianbadavid@qq.com) ...
[2026-06-26 20:58:20]  正在连接 QQ-主 邮箱服务器 (497720537@qq.com) ...
[2026-06-26 20:58:21]  正在连接 QQ-备用 邮箱服务器 (shouqianbadavid@qq.com) ...
[2026-06-26 20:58:56]  正在连接 QQ-主 邮箱服务器 (497720537@qq.com) ...
[2026-06-26 20:58:56]  正在连接 QQ-备用 邮箱服务器 (shouqianbadavid@qq.com) ...
[2026-06-26 20:59:32]  正在连接 QQ-主 邮箱服务器 (497720537@qq.com) ...
[2026-06-26 20:59:32]  正在连接 QQ-备用 邮箱服务器 (shouqianbadavid@qq.com) ...
[2026-06-26 21:00:08]  正在连接 QQ-主 邮箱服务器 (497720537@qq.com) ...
[2026-06-26 21:00:09]  正在连接 QQ-备用 邮箱服务器 (shouqianbadavid@qq.com) ...
[2026-06-26 21:00:44]  正在连接 QQ-主 邮箱服务器 (497720537@qq.com) ...
[2026-06-26 21:00:45]  正在连接 QQ-备用 邮箱服务器 (shouqianbadavid@qq.com) ...
[2026-06-26 21:01:20]  正在连接 QQ-主 邮箱服务器 (497720537@qq.com) ...
[2026-06-26 21:01:20]  正在连接 QQ-备用 邮箱服务器 (shouqianbadavid@qq.com) ...
[2026-06-26 21:01:56]  正在连接 QQ-主 邮箱服务器 (497720537@qq.com) ...
[2026-06-26 21:01:56]  正在连接 QQ-备用 邮箱服务器 (shouqianbadavid@qq.com) ...
[2026-06-26 21:02:32]  正在连接 QQ-主 邮箱服务器 (497720537@qq.com) ...
[2026-06-26 21:02:32]  正在连接 QQ-备用 邮箱服务器 (shouqianbadavid@qq.com) ...
[2026-06-26 21:03:08]  正在连接 QQ-主 邮箱服务器 (497720537@qq.com) ...
[2026-06-26 21:03:08]  正在连接 QQ-备用 邮箱服务器 (shouqianbadavid@qq.com) ...
[2026-06-26 21:03:44]  正在连接 QQ-主 邮箱服务器 (497720537@qq.com) ...
[2026-06-26 21:03:44]  正在连接 QQ-备用 邮箱服务器 (shouqianbadavid@qq.com) ...
[2026-06-26 21:04:19]  正在连接 QQ-主 邮箱服务器 (497720537@qq.com) ...
[2026-06-26 21:04:20]  正在连接 QQ-备用 邮箱服务器 (shouqianbadavid@qq.com) ...
[2026-06-26 21:04:55]  正在连接 QQ-主 邮箱服务器 (497720537@qq.com) ...
[2026-06-26 21:04:56]  正在连接 QQ-备用 邮箱服务器 (shouqianbadavid@qq.com) ...
[2026-06-26 21:05:31]  正在连接 QQ-主 邮箱服务器 (497720537@qq.com) ...
[2026-06-26 21:05:32]  正在连接 QQ-备用 邮箱服务器 (shouqianbadavid@qq.com) ...
[2026-06-26 21:06:07]  正在连接 QQ-主 邮箱服务器 (497720537@qq.com) ...
[2026-06-26 21:06:07]  正在连接 QQ-备用 邮箱服务器 (shouqianbadavid@qq.com) ...
[2026-06-26 21:06:43]  正在连接 QQ-主 邮箱服务器 (497720537@qq.com) ...
[2026-06-26 21:06:45]  正在连接 QQ-备用 邮箱服务器 (shouqianbadavid@qq.com) ...
[2026-06-26 21:07:21]  正在连接 QQ-主 邮箱服务器 (497720537@qq.com) ...
[2026-06-26 21:07:21]  正在连接 QQ-备用 邮箱服务器 (shouqianbadavid@qq.com) ...
[2026-06-26 21:07:57]  正在连接 QQ-主 邮箱服务器 (497720537@qq.com) ...
[2026-06-26 21:07:58]  正在连接 QQ-备用 邮箱服务器 (shouqianbadavid@qq.com) ...
[2026-06-26 21:08:34]  正在连接 QQ-主 邮箱服务器 (497720537@qq.com) ...
[2026-06-26 21:08:34]  正在连接 QQ-备用 邮箱服务器 (shouqianbadavid@qq.com) ...
[2026-06-26 21:09:10]  正在连接 QQ-主 邮箱服务器 (497720537@qq.com) ...
[2026-06-26 21:09:11]  正在连接 QQ-备用 邮箱服务器 (shouqianbadavid@qq.com) ...
[2026-06-26 21:09:46]  正在连接 QQ-主 邮箱服务器 (497720537@qq.com) ...
[2026-06-26 21:09:47]  正在连接 QQ-备用 邮箱服务器 (shouqianbadavid@qq.com) ...
[2026-06-26 21:10:23]  正在连接 QQ-主 邮箱服务器 (497720537@qq.com) ...
[2026-06-26 21:10:23]  正在连接 QQ-备用 邮箱服务器 (shouqianbadavid@qq.com) ...
[2026-06-26 21:10:59]  正在连接 QQ-主 邮箱服务器 (497720537@qq.com) ...
[2026-06-26 21:11:00]  正在连接 QQ-备用 邮箱服务器 (shouqianbadavid@qq.com) ...
[2026-06-26 21:11:35]  正在连接 QQ-主 邮箱服务器 (497720537@qq.com) ...
[2026-06-26 21:11:36]  正在连接 QQ-备用 邮箱服务器 (shouqianbadavid@qq.com) ...
[2026-06-26 21:12:12]  正在连接 QQ-主 邮箱服务器 (497720537@qq.com) ...
[2026-06-26 21:12:12]  正在连接 QQ-备用 邮箱服务器 (shouqianbadavid@qq.com) ...
[2026-06-26 21:12:48]  正在连接 QQ-主 邮箱服务器 (497720537@qq.com) ...
[2026-06-26 21:12:49]  正在连接 QQ-备用 邮箱服务器 (shouqianbadavid@qq.com) ...
[2026-06-26 21:13:25]  正在连接 QQ-主 邮箱服务器 (497720537@qq.com) ...
[2026-06-26 21:13:26]  正在连接 QQ-备用 邮箱服务器 (shouqianbadavid@qq.com) ...
[2026-06-26 21:14:02]  正在连接 QQ-主 邮箱服务器 (497720537@qq.com) ...
[2026-06-26 21:14:02]  正在连接 QQ-备用 邮箱服务器 (shouqianbadavid@qq.com) ...
[2026-06-26 21:14:38]  正在连接 QQ-主 邮箱服务器 (497720537@qq.com) ...
[2026-06-26 21:14:38]  正在连接 QQ-备用 邮箱服务器 (shouqianbadavid@qq.com) ...
[2026-06-26 21:15:14]  正在连接 QQ-主 邮箱服务器 (497720537@qq.com) ...
[2026-06-26 21:15:14]  正在连接 QQ-备用 邮箱服务器 (shouqianbadavid@qq.com) ...
[2026-06-26 21:15:50]  正在连接 QQ-主 邮箱服务器 (497720537@qq.com) ...
[2026-06-26 21:15:50]  正在连接 QQ-备用 邮箱服务器 (shouqianbadavid@qq.com) ...
[2026-06-26 21:16:26]  正在连接 QQ-主 邮箱服务器 (497720537@qq.com) ...
[2026-06-26 21:16:26]  正在连接 QQ-备用 邮箱服务器 (shouqianbadavid@qq.com) ...
[2026-06-26 21:17:02]  正在连接 QQ-主 邮箱服务器 (497720537@qq.com) ...
[2026-06-26 21:17:03]  正在连接 QQ-备用 邮箱服务器 (shouqianbadavid@qq.com) ...
[2026-06-26 21:17:39]  正在连接 QQ-主 邮箱服务器 (497720537@qq.com) ...
[2026-06-26 21:17:39]  正在连接 QQ-备用 邮箱服务器 (shouqianbadavid@qq.com) ...
[2026-06-26 21:18:15]  正在连接 QQ-主 邮箱服务器 (497720537@qq.com) ...
[2026-06-26 21:18:15]  正在连接 QQ-备用 邮箱服务器 (shouqianbadavid@qq.com) ...
[2026-06-26 21:18:51]  正在连接 QQ-主 邮箱服务器 (497720537@qq.com) ...
[2026-06-26 21:18:52]  正在连接 QQ-备用 邮箱服务器 (shouqianbadavid@qq.com) ...
[2026-06-26 21:19:28]  正在连接 QQ-主 邮箱服务器 (497720537@qq.com) ...
[2026-06-26 21:19:28]  正在连接 QQ-备用 邮箱服务器 (shouqianbadavid@qq.com) ...
[2026-06-26 21:20:04]  正在连接 QQ-主 邮箱服务器 (497720537@qq.com) ...
[2026-06-26 21:20:04]  正在连接 QQ-备用 邮箱服务器 (shouqianbadavid@qq.com) ...
[2026-06-26 21:20:40]  正在连接 QQ-主 邮箱服务器 (497720537@qq.com) ...
[2026-06-26 21:20:41]  正在连接 QQ-备用 邮箱服务器 (shouqianbadavid@qq.com) ...
[2026-06-26 21:21:16]  正在连接 QQ-主 邮箱服务器 (497720537@qq.com) ...
[2026-06-26 21:21:17]  正在连接 QQ-备用 邮箱服务器 (shouqianbadavid@qq.com) ...
[2026-06-26 21:21:53]  正在连接 QQ-主 邮箱服务器 (497720537@qq.com) ...
[2026-06-26 21:21:53]  正在连接 QQ-备用 邮箱服务器 (shouqianbadavid@qq.com) ...
[2026-06-26 21:22:29]  正在连接 QQ-主 邮箱服务器 (497720537@qq.com) ...
[2026-06-26 21:22:30]  正在连接 QQ-备用 邮箱服务器 (shouqianbadavid@qq.com) ...
[2026-06-26 21:23:05]  正在连接 QQ-主 邮箱服务器 (497720537@qq.com) ...
[2026-06-26 21:23:06]  正在连接 QQ-备用 邮箱服务器 (shouqianbadavid@qq.com) ...
[2026-06-26 21:23:42]  正在连接 QQ-主 邮箱服务器 (497720537@qq.com) ...
[2026-06-26 21:23:42]  正在连接 QQ-备用 邮箱服务器 (shouqianbadavid@qq.com) ...
[2026-06-26 21:24:18]  正在连接 QQ-主 邮箱服务器 (497720537@qq.com) ...
[2026-06-26 21:24:19]  正在连接 QQ-备用 邮箱服务器 (shouqianbadavid@qq.com) ...
[2026-06-26 21:24:55]  正在连接 QQ-主 邮箱服务器 (497720537@qq.com) ...
[2026-06-26 21:24:55]  正在连接 QQ-备用 邮箱服务器 (shouqianbadavid@qq.com) ...
[2026-06-26 21:25:31]  正在连接 QQ-主 邮箱服务器 (497720537@qq.com) ...
[2026-06-26 21:25:32]  正在连接 QQ-备用 邮箱服务器 (shouqianbadavid@qq.com) ...
[2026-06-26 21:26:07]  正在连接 QQ-主 邮箱服务器 (497720537@qq.com) ...
[2026-06-26 21:26:08]  正在连接 QQ-备用 邮箱服务器 (shouqianbadavid@qq.com) ...
[2026-06-26 21:26:44]  正在连接 QQ-主 邮箱服务器 (497720537@qq.com) ...
[2026-06-26 21:26:44]  正在连接 QQ-备用 邮箱服务器 (shouqianbadavid@qq.com) ...
[2026-06-26 21:27:20]  正在连接 QQ-主 邮箱服务器 (497720537@qq.com) ...
[2026-06-26 21:27:21]  正在连接 QQ-备用 邮箱服务器 (shouqianbadavid@qq.com) ...
[2026-06-26 21:27:57]  正在连接 QQ-主 邮箱服务器 (497720537@qq.com) ...
[2026-06-26 21:27:57]  正在连接 QQ-备用 邮箱服务器 (shouqianbadavid@qq.com) ...
[2026-06-26 21:28:32]  正在连接 QQ-主 邮箱服务器 (497720537@qq.com) ...
[2026-06-26 21:28:33]  正在连接 QQ-备用 邮箱服务器 (shouqianbadavid@qq.com) ...
[2026-06-26 21:29:09]  正在连接 QQ-主 邮箱服务器 (497720537@qq.com) ...
[2026-06-26 21:29:09]  正在连接 QQ-备用 邮箱服务器 (shouqianbadavid@qq.com) ...
[2026-06-26 21:29:45]  正在连接 QQ-主 邮箱服务器 (497720537@qq.com) ...
[2026-06-26 21:29:46]  正在连接 QQ-备用 邮箱服务器 (shouqianbadavid@qq.com) ...
[2026-06-26 21:30:21]  正在连接 QQ-主 邮箱服务器 (497720537@qq.com) ...
[2026-06-26 21:30:22]  正在连接 QQ-备用 邮箱服务器 (shouqianbadavid@qq.com) ...
[2026-06-26 21:30:58]  正在连接 QQ-主 邮箱服务器 (497720537@qq.com) ...
[2026-06-26 21:30:58]  正在连接 QQ-备用 邮箱服务器 (shouqianbadavid@qq.com) ...
[2026-06-26 21:31:34]  正在连接 QQ-主 邮箱服务器 (497720537@qq.com) ...
[2026-06-26 21:31:34]  正在连接 QQ-备用 邮箱服务器 (shouqianbadavid@qq.com) ...
[2026-06-26 21:32:10]  正在连接 QQ-主 邮箱服务器 (497720537@qq.com) ...
[2026-06-26 21:32:11]  正在连接 QQ-备用 邮箱服务器 (shouqianbadavid@qq.com) ...
[2026-06-26 21:32:46]  正在连接 QQ-主 邮箱服务器 (497720537@qq.com) ...
[2026-06-26 21:32:47]  正在连接 QQ-备用 邮箱服务器 (shouqianbadavid@qq.com) ...
[2026-06-26 21:33:22]  正在连接 QQ-主 邮箱服务器 (497720537@qq.com) ...
[2026-06-26 21:33:23]  正在连接 QQ-备用 邮箱服务器 (shouqianbadavid@qq.com) ...
[2026-06-26 21:33:58]  正在连接 QQ-主 邮箱服务器 (497720537@qq.com) ...
[2026-06-26 21:33:59]  正在连接 QQ-备用 邮箱服务器 (shouqianbadavid@qq.com) ...
[2026-06-26 21:34:34]  正在连接 QQ-主 邮箱服务器 (497720537@qq.com) ...
[2026-06-26 21:34:35]  正在连接 QQ-备用 邮箱服务器 (shouqianbadavid@qq.com) ...
[2026-06-26 21:35:11]  正在连接 QQ-主 邮箱服务器 (497720537@qq.com) ...
[2026-06-26 21:35:11]  正在连接 QQ-备用 邮箱服务器 (shouqianbadavid@qq.com) ...
[2026-06-26 21:35:47]  正在连接 QQ-主 邮箱服务器 (497720537@qq.com) ...
[2026-06-26 21:35:48]  正在连接 QQ-备用 邮箱服务器 (shouqianbadavid@qq.com) ...
[2026-06-26 21:36:24]  正在连接 QQ-主 邮箱服务器 (497720537@qq.com) ...
[2026-06-26 21:36:24]  正在连接 QQ-备用 邮箱服务器 (shouqianbadavid@qq.com) ...
[2026-06-26 21:37:00]  正在连接 QQ-主 邮箱服务器 (497720537@qq.com) ...
[2026-06-26 21:37:01]  正在连接 QQ-备用 邮箱服务器 (shouqianbadavid@qq.com) ...
[2026-06-26 21:37:37]  正在连接 QQ-主 邮箱服务器 (497720537@qq.com) ...
[2026-06-26 21:37:37]  正在连接 QQ-备用 邮箱服务器 (shouqianbadavid@qq.com) ...
[2026-06-26 21:38:13]  正在连接 QQ-主 邮箱服务器 (497720537@qq.com) ...
[2026-06-26 21:38:14]  正在连接 QQ-备用 邮箱服务器 (shouqianbadavid@qq.com) ...
[2026-06-26 21:38:49]  正在连接 QQ-主 邮箱服务器 (497720537@qq.com) ...
[2026-06-26 21:38:50]  正在连接 QQ-备用 邮箱服务器 (shouqianbadavid@qq.com) ...
[2026-06-26 21:39:26]  正在连接 QQ-主 邮箱服务器 (497720537@qq.com) ...
[2026-06-26 21:39:26]  正在连接 QQ-备用 邮箱服务器 (shouqianbadavid@qq.com) ...
[2026-06-26 21:40:02]  正在连接 QQ-主 邮箱服务器 (497720537@qq.com) ...
[2026-06-26 21:40:03]  正在连接 QQ-备用 邮箱服务器 (shouqianbadavid@qq.com) ...
[2026-06-26 21:40:38]  正在连接 QQ-主 邮箱服务器 (497720537@qq.com) ...
[2026-06-26 21:40:39]  正在连接 QQ-备用 邮箱服务器 (shouqianbadavid@qq.com) ...
[2026-06-26 21:41:15]  正在连接 QQ-主 邮箱服务器 (497720537@qq.com) ...
[2026-06-26 21:41:16]  正在连接 QQ-备用 邮箱服务器 (shouqianbadavid@qq.com) ...
[2026-06-26 21:41:51]  正在连接 QQ-主 邮箱服务器 (497720537@qq.com) ...
[2026-06-26 21:41:52]  正在连接 QQ-备用 邮箱服务器 (shouqianbadavid@qq.com) ...
[2026-06-26 21:42:28]  正在连接 QQ-主 邮箱服务器 (497720537@qq.com) ...
[2026-06-26 21:42:28]  正在连接 QQ-备用 邮箱服务器 (shouqianbadavid@qq.com) ...
[2026-06-26 21:43:04]  正在连接 QQ-主 邮箱服务器 (497720537@qq.com) ...
[2026-06-26 21:43:05]  正在连接 QQ-备用 邮箱服务器 (shouqianbadavid@qq.com) ...
[2026-06-26 21:43:40]  正在连接 QQ-主 邮箱服务器 (497720537@qq.com) ...
[2026-06-26 21:43:41]  正在连接 QQ-备用 邮箱服务器 (shouqianbadavid@qq.com) ...
[2026-06-26 21:44:17]  正在连接 QQ-主 邮箱服务器 (497720537@qq.com) ...
[2026-06-26 21:44:17]  正在连接 QQ-备用 邮箱服务器 (shouqianbadavid@qq.com) ...
[2026-06-26 21:44:53]  正在连接 QQ-主 邮箱服务器 (497720537@qq.com) ...
[2026-06-26 21:44:54]  正在连接 QQ-备用 邮箱服务器 (shouqianbadavid@qq.com) ...
[2026-06-26 21:45:29]  正在连接 QQ-主 邮箱服务器 (497720537@qq.com) ...
[2026-06-26 21:45:30]  正在连接 QQ-备用 邮箱服务器 (shouqianbadavid@qq.com) ...
[2026-06-26 21:46:06]  正在连接 QQ-主 邮箱服务器 (497720537@qq.com) ...
[2026-06-26 21:46:07]  正在连接 QQ-备用 邮箱服务器 (shouqianbadavid@qq.com) ...
[2026-06-26 21:46:43]  正在连接 QQ-主 邮箱服务器 (497720537@qq.com) ...
[2026-06-26 21:46:43]  正在连接 QQ-备用 邮箱服务器 (shouqianbadavid@qq.com) ...
[2026-06-26 21:47:19]  正在连接 QQ-主 邮箱服务器 (497720537@qq.com) ...
[2026-06-26 21:47:20]  正在连接 QQ-备用 邮箱服务器 (shouqianbadavid@qq.com) ...
[2026-06-26 21:47:55]  正在连接 QQ-主 邮箱服务器 (497720537@qq.com) ...
[2026-06-26 21:47:56]  正在连接 QQ-备用 邮箱服务器 (shouqianbadavid@qq.com) ...
[2026-06-26 21:48:32]  正在连接 QQ-主 邮箱服务器 (497720537@qq.com) ...
[2026-06-26 21:48:32]  正在连接 QQ-备用 邮箱服务器 (shouqianbadavid@qq.com) ...
[2026-06-26 21:49:08]  正在连接 QQ-主 邮箱服务器 (497720537@qq.com) ...
[2026-06-26 21:49:09]  正在连接 QQ-备用 邮箱服务器 (shouqianbadavid@qq.com) ...
[2026-06-26 21:49:45]  正在连接 QQ-主 邮箱服务器 (497720537@qq.com) ...
[2026-06-26 21:49:45]  正在连接 QQ-备用 邮箱服务器 (shouqianbadavid@qq.com) ...
[2026-06-26 21:50:21]  正在连接 QQ-主 邮箱服务器 (497720537@qq.com) ...
[2026-06-26 21:50:21]  正在连接 QQ-备用 邮箱服务器 (shouqianbadavid@qq.com) ...
[2026-06-26 21:50:57]  正在连接 QQ-主 邮箱服务器 (497720537@qq.com) ...
[2026-06-26 21:50:58]  正在连接 QQ-备用 邮箱服务器 (shouqianbadavid@qq.com) ...
[2026-06-26 21:51:34]  正在连接 QQ-主 邮箱服务器 (497720537@qq.com) ...
[2026-06-26 21:51:34]  正在连接 QQ-备用 邮箱服务器 (shouqianbadavid@qq.com) ...
[2026-06-26 21:52:10]  正在连接 QQ-主 邮箱服务器 (497720537@qq.com) ...
[2026-06-26 21:52:11]  正在连接 QQ-备用 邮箱服务器 (shouqianbadavid@qq.com) ...
[2026-06-26 21:52:46]  正在连接 QQ-主 邮箱服务器 (497720537@qq.com) ...
[2026-06-26 21:52:47]  正在连接 QQ-备用 邮箱服务器 (shouqianbadavid@qq.com) ...
[2026-06-26 21:53:23]  正在连接 QQ-主 邮箱服务器 (497720537@qq.com) ...
[2026-06-26 21:53:23]  正在连接 QQ-备用 邮箱服务器 (shouqianbadavid@qq.com) ...
[2026-06-26 21:53:59]  正在连接 QQ-主 邮箱服务器 (497720537@qq.com) ...
[2026-06-26 21:53:59]  正在连接 QQ-备用 邮箱服务器 (shouqianbadavid@qq.com) ...
[2026-06-26 21:54:35]  正在连接 QQ-主 邮箱服务器 (497720537@qq.com) ...
[2026-06-26 21:54:36]  正在连接 QQ-备用 邮箱服务器 (shouqianbadavid@qq.com) ...
[2026-06-26 21:55:12]  正在连接 QQ-主 邮箱服务器 (497720537@qq.com) ...
[2026-06-26 21:55:12]  正在连接 QQ-备用 邮箱服务器 (shouqianbadavid@qq.com) ...
[2026-06-26 21:55:49]  正在连接 QQ-主 邮箱服务器 (497720537@qq.com) ...
[2026-06-26 21:55:50]  正在连接 QQ-备用 邮箱服务器 (shouqianbadavid@qq.com) ...
[2026-06-26 21:56:25]  正在连接 QQ-主 邮箱服务器 (497720537@qq.com) ...
[2026-06-26 21:56:25]  正在连接 QQ-备用 邮箱服务器 (shouqianbadavid@qq.com) ...
[2026-06-26 21:57:01]  正在连接 QQ-主 邮箱服务器 (497720537@qq.com) ...
[2026-06-26 21:57:02]  正在连接 QQ-备用 邮箱服务器 (shouqianbadavid@qq.com) ...
[2026-06-26 21:57:37]  正在连接 QQ-主 邮箱服务器 (497720537@qq.com) ...
[2026-06-26 21:57:38]  正在连接 QQ-备用 邮箱服务器 (shouqianbadavid@qq.com) ...
[2026-06-26 21:58:13]  正在连接 QQ-主 邮箱服务器 (497720537@qq.com) ...
[2026-06-26 21:58:14]  正在连接 QQ-备用 邮箱服务器 (shouqianbadavid@qq.com) ...
[2026-06-26 21:58:50]  正在连接 QQ-主 邮箱服务器 (497720537@qq.com) ...
[2026-06-26 21:58:50]  正在连接 QQ-备用 邮箱服务器 (shouqianbadavid@qq.com) ...
[2026-06-26 21:59:26]  正在连接 QQ-主 邮箱服务器 (497720537@qq.com) ...
[2026-06-26 21:59:27]  正在连接 QQ-备用 邮箱服务器 (shouqianbadavid@qq.com) ...
[2026-06-26 22:00:02]  正在连接 QQ-主 邮箱服务器 (497720537@qq.com) ...
[2026-06-26 22:00:03]  正在连接 QQ-备用 邮箱服务器 (shouqianbadavid@qq.com) ...
[2026-06-26 22:00:39]  正在连接 QQ-主 邮箱服务器 (497720537@qq.com) ...
[2026-06-26 22:00:39]  正在连接 QQ-备用 邮箱服务器 (shouqianbadavid@qq.com) ...
[2026-06-26 22:01:15]  正在连接 QQ-主 邮箱服务器 (497720537@qq.com) ...
[2026-06-26 22:01:16]  正在连接 QQ-备用 邮箱服务器 (shouqianbadavid@qq.com) ...
[2026-06-26 22:01:51]  正在连接 QQ-主 邮箱服务器 (497720537@qq.com) ...
[2026-06-26 22:01:52]  正在连接 QQ-备用 邮箱服务器 (shouqianbadavid@qq.com) ...
[2026-06-26 22:02:28]  正在连接 QQ-主 邮箱服务器 (497720537@qq.com) ...
[2026-06-26 22:02:29]  正在连接 QQ-备用 邮箱服务器 (shouqianbadavid@qq.com) ...
[2026-06-26 22:03:04]  正在连接 QQ-主 邮箱服务器 (497720537@qq.com) ...
[2026-06-26 22:03:05]  正在连接 QQ-备用 邮箱服务器 (shouqianbadavid@qq.com) ...
[2026-06-26 22:03:41]  正在连接 QQ-主 邮箱服务器 (497720537@qq.com) ...
[2026-06-26 22:03:42]  正在连接 QQ-备用 邮箱服务器 (shouqianbadavid@qq.com) ...
[2026-06-26 22:04:17]  正在连接 QQ-主 邮箱服务器 (497720537@qq.com) ...
[2026-06-26 22:04:18]  正在连接 QQ-备用 邮箱服务器 (shouqianbadavid@qq.com) ...
[2026-06-26 22:04:53]  正在连接 QQ-主 邮箱服务器 (497720537@qq.com) ...
[2026-06-26 22:04:54]  正在连接 QQ-备用 邮箱服务器 (shouqianbadavid@qq.com) ...
[2026-06-26 22:05:30]  正在连接 QQ-主 邮箱服务器 (497720537@qq.com) ...
[2026-06-26 22:05:30]  正在连接 QQ-备用 邮箱服务器 (shouqianbadavid@qq.com) ...
[2026-06-26 22:06:06]  正在连接 QQ-主 邮箱服务器 (497720537@qq.com) ...
[2026-06-26 22:06:07]  正在连接 QQ-备用 邮箱服务器 (shouqianbadavid@qq.com) ...
[2026-06-26 22:06:42]  正在连接 QQ-主 邮箱服务器 (497720537@qq.com) ...
[2026-06-26 22:06:43]  正在连接 QQ-备用 邮箱服务器 (shouqianbadavid@qq.com) ...
[2026-06-26 22:07:19]  正在连接 QQ-主 邮箱服务器 (497720537@qq.com) ...
[2026-06-26 22:07:20]  正在连接 QQ-备用 邮箱服务器 (shouqianbadavid@qq.com) ...
[2026-06-26 22:07:55]  正在连接 QQ-主 邮箱服务器 (497720537@qq.com) ...
[2026-06-26 22:07:56]  正在连接 QQ-备用 邮箱服务器 (shouqianbadavid@qq.com) ...
[2026-06-26 22:08:31]  正在连接 QQ-主 邮箱服务器 (497720537@qq.com) ...
[2026-06-26 22:08:32]  正在连接 QQ-备用 邮箱服务器 (shouqianbadavid@qq.com) ...
[2026-06-26 22:09:07]  正在连接 QQ-主 邮箱服务器 (497720537@qq.com) ...
[2026-06-26 22:09:08]  正在连接 QQ-备用 邮箱服务器 (shouqianbadavid@qq.com) ...
[2026-06-26 22:09:44]  正在连接 QQ-主 邮箱服务器 (497720537@qq.com) ...
[2026-06-26 22:09:44]  正在连接 QQ-备用 邮箱服务器 (shouqianbadavid@qq.com) ...
[2026-06-26 22:10:20]  正在连接 QQ-主 邮箱服务器 (497720537@qq.com) ...
[2026-06-26 22:10:20]  正在连接 QQ-备用 邮箱服务器 (shouqianbadavid@qq.com) ...
[2026-06-26 22:10:56]  正在连接 QQ-主 邮箱服务器 (497720537@qq.com) ...
[2026-06-26 22:10:57]  正在连接 QQ-备用 邮箱服务器 (shouqianbadavid@qq.com) ...
[2026-06-26 22:11:32]  正在连接 QQ-主 邮箱服务器 (497720537@qq.com) ...
[2026-06-26 22:11:33]  正在连接 QQ-备用 邮箱服务器 (shouqianbadavid@qq.com) ...
[2026-06-26 22:12:09]  正在连接 QQ-主 邮箱服务器 (497720537@qq.com) ...
[2026-06-26 22:12:09]  正在连接 QQ-备用 邮箱服务器 (shouqianbadavid@qq.com) ...
[2026-06-26 22:12:45]  正在连接 QQ-主 邮箱服务器 (497720537@qq.com) ...
[2026-06-26 22:12:45]  正在连接 QQ-备用 邮箱服务器 (shouqianbadavid@qq.com) ...
[2026-06-26 22:13:21]  正在连接 QQ-主 邮箱服务器 (497720537@qq.com) ...
[2026-06-26 22:13:22]  正在连接 QQ-备用 邮箱服务器 (shouqianbadavid@qq.com) ...
[2026-06-26 22:13:57]  正在连接 QQ-主 邮箱服务器 (497720537@qq.com) ...
[2026-06-26 22:13:58]  正在连接 QQ-备用 邮箱服务器 (shouqianbadavid@qq.com) ...
[2026-06-26 22:14:33]  正在连接 QQ-主 邮箱服务器 (497720537@qq.com) ...
[2026-06-26 22:14:34]  正在连接 QQ-备用 邮箱服务器 (shouqianbadavid@qq.com) ...
[2026-06-26 22:15:09]  正在连接 QQ-主 邮箱服务器 (497720537@qq.com) ...
[2026-06-26 22:15:10]  正在连接 QQ-备用 邮箱服务器 (shouqianbadavid@qq.com) ...
[2026-06-26 22:15:46]  正在连接 QQ-主 邮箱服务器 (497720537@qq.com) ...
[2026-06-26 22:15:46]  正在连接 QQ-备用 邮箱服务器 (shouqianbadavid@qq.com) ...
[2026-06-26 22:16:22]  正在连接 QQ-主 邮箱服务器 (497720537@qq.com) ...
[2026-06-26 22:16:23]  正在连接 QQ-备用 邮箱服务器 (shouqianbadavid@qq.com) ...
[2026-06-26 22:16:58]  正在连接 QQ-主 邮箱服务器 (497720537@qq.com) ...
[2026-06-26 22:16:59]  正在连接 QQ-备用 邮箱服务器 (shouqianbadavid@qq.com) ...
[2026-06-26 22:17:35]  正在连接 QQ-主 邮箱服务器 (497720537@qq.com) ...
[2026-06-26 22:17:35]  正在连接 QQ-备用 邮箱服务器 (shouqianbadavid@qq.com) ...
[2026-06-26 22:18:11]  正在连接 QQ-主 邮箱服务器 (497720537@qq.com) ...
[2026-06-26 22:18:12]  正在连接 QQ-备用 邮箱服务器 (shouqianbadavid@qq.com) ...
[2026-06-26 22:18:47]  正在连接 QQ-主 邮箱服务器 (497720537@qq.com) ...
[2026-06-26 22:18:48]  正在连接 QQ-备用 邮箱服务器 (shouqianbadavid@qq.com) ...
[2026-06-26 22:19:24]  正在连接 QQ-主 邮箱服务器 (497720537@qq.com) ...
[2026-06-26 22:19:24]  正在连接 QQ-备用 邮箱服务器 (shouqianbadavid@qq.com) ...
[2026-06-26 22:20:00]  正在连接 QQ-主 邮箱服务器 (497720537@qq.com) ...
[2026-06-26 22:20:01]  正在连接 QQ-备用 邮箱服务器 (shouqianbadavid@qq.com) ...
[2026-06-26 22:20:36]  正在连接 QQ-主 邮箱服务器 (497720537@qq.com) ...
[2026-06-26 22:20:37]  正在连接 QQ-备用 邮箱服务器 (shouqianbadavid@qq.com) ...
[2026-06-26 22:21:13]  正在连接 QQ-主 邮箱服务器 (497720537@qq.com) ...
[2026-06-26 22:21:13]  正在连接 QQ-备用 邮箱服务器 (shouqianbadavid@qq.com) ...
[2026-06-26 22:21:49]  正在连接 QQ-主 邮箱服务器 (497720537@qq.com) ...
[2026-06-26 22:21:50]  正在连接 QQ-备用 邮箱服务器 (shouqianbadavid@qq.com) ...
[2026-06-26 22:22:25]  正在连接 QQ-主 邮箱服务器 (497720537@qq.com) ...
[2026-06-26 22:22:26]  正在连接 QQ-备用 邮箱服务器 (shouqianbadavid@qq.com) ...
[2026-06-26 22:23:02]  正在连接 QQ-主 邮箱服务器 (497720537@qq.com) ...
[2026-06-26 22:23:02]  正在连接 QQ-备用 邮箱服务器 (shouqianbadavid@qq.com) ...
[2026-06-26 22:23:37]  正在连接 QQ-主 邮箱服务器 (497720537@qq.com) ...
[2026-06-26 22:23:38]  正在连接 QQ-备用 邮箱服务器 (shouqianbadavid@qq.com) ...
[2026-06-26 22:24:14]  正在连接 QQ-主 邮箱服务器 (497720537@qq.com) ...
[2026-06-26 22:24:14]  正在连接 QQ-备用 邮箱服务器 (shouqianbadavid@qq.com) ...
[2026-06-26 22:24:50]  正在连接 QQ-主 邮箱服务器 (497720537@qq.com) ...
[2026-06-26 22:24:51]  正在连接 QQ-备用 邮箱服务器 (shouqianbadavid@qq.com) ...
[2026-06-26 22:25:26]  正在连接 QQ-主 邮箱服务器 (497720537@qq.com) ...
[2026-06-26 22:25:27]  正在连接 QQ-备用 邮箱服务器 (shouqianbadavid@qq.com) ...
[2026-06-26 22:26:03]  正在连接 QQ-主 邮箱服务器 (497720537@qq.com) ...
[2026-06-26 22:26:03]  正在连接 QQ-备用 邮箱服务器 (shouqianbadavid@qq.com) ...
[2026-06-26 22:26:39]  正在连接 QQ-主 邮箱服务器 (497720537@qq.com) ...
[2026-06-26 22:26:39]  正在连接 QQ-备用 邮箱服务器 (shouqianbadavid@qq.com) ...
[2026-06-26 22:27:15]  正在连接 QQ-主 邮箱服务器 (497720537@qq.com) ...
[2026-06-26 22:27:16]  正在连接 QQ-备用 邮箱服务器 (shouqianbadavid@qq.com) ...
[2026-06-26 22:27:51]  正在连接 QQ-主 邮箱服务器 (497720537@qq.com) ...
[2026-06-26 22:27:52]  正在连接 QQ-备用 邮箱服务器 (shouqianbadavid@qq.com) ...
[2026-06-26 22:28:28]  正在连接 QQ-主 邮箱服务器 (497720537@qq.com) ...
[2026-06-26 22:28:28]  正在连接 QQ-备用 邮箱服务器 (shouqianbadavid@qq.com) ...
[2026-06-26 22:29:04]  正在连接 QQ-主 邮箱服务器 (497720537@qq.com) ...
[2026-06-26 22:29:05]  正在连接 QQ-备用 邮箱服务器 (shouqianbadavid@qq.com) ...
[2026-06-26 22:29:40]  正在连接 QQ-主 邮箱服务器 (497720537@qq.com) ...
[2026-06-26 22:29:41]  正在连接 QQ-备用 邮箱服务器 (shouqianbadavid@qq.com) ...
[2026-06-26 22:30:16]  正在连接 QQ-主 邮箱服务器 (497720537@qq.com) ...
[2026-06-26 22:30:17]  正在连接 QQ-备用 邮箱服务器 (shouqianbadavid@qq.com) ...
[2026-06-26 22:30:53]  正在连接 QQ-主 邮箱服务器 (497720537@qq.com) ...
[2026-06-26 22:30:53]  正在连接 QQ-备用 邮箱服务器 (shouqianbadavid@qq.com) ...
[2026-06-26 22:31:29]  正在连接 QQ-主 邮箱服务器 (497720537@qq.com) ...
[2026-06-26 22:31:30]  正在连接 QQ-备用 邮箱服务器 (shouqianbadavid@qq.com) ...
[2026-06-26 22:32:06]  正在连接 QQ-主 邮箱服务器 (497720537@qq.com) ...
[2026-06-26 22:32:06]  正在连接 QQ-备用 邮箱服务器 (shouqianbadavid@qq.com) ...
[2026-06-26 22:32:42]  正在连接 QQ-主 邮箱服务器 (497720537@qq.com) ...
[2026-06-26 22:32:43]  正在连接 QQ-备用 邮箱服务器 (shouqianbadavid@qq.com) ...
[2026-06-26 22:33:19]  正在连接 QQ-主 邮箱服务器 (497720537@qq.com) ...
[2026-06-26 22:33:19]  正在连接 QQ-备用 邮箱服务器 (shouqianbadavid@qq.com) ...
[2026-06-26 22:33:55]  正在连接 QQ-主 邮箱服务器 (497720537@qq.com) ...
[2026-06-26 22:33:56]  正在连接 QQ-备用 邮箱服务器 (shouqianbadavid@qq.com) ...
[2026-06-26 22:34:32]  正在连接 QQ-主 邮箱服务器 (497720537@qq.com) ...
[2026-06-26 22:34:32]  正在连接 QQ-备用 邮箱服务器 (shouqianbadavid@qq.com) ...
[2026-06-26 22:35:08]  正在连接 QQ-主 邮箱服务器 (497720537@qq.com) ...
[2026-06-26 22:35:09]  正在连接 QQ-备用 邮箱服务器 (shouqianbadavid@qq.com) ...
[2026-06-26 22:35:45]  正在连接 QQ-主 邮箱服务器 (497720537@qq.com) ...
[2026-06-26 22:35:45]  正在连接 QQ-备用 邮箱服务器 (shouqianbadavid@qq.com) ...
[2026-06-26 22:36:21]  正在连接 QQ-主 邮箱服务器 (497720537@qq.com) ...
[2026-06-26 22:36:22]  正在连接 QQ-备用 邮箱服务器 (shouqianbadavid@qq.com) ...
[2026-06-26 22:36:57]  正在连接 QQ-主 邮箱服务器 (497720537@qq.com) ...
[2026-06-26 22:36:58]  正在连接 QQ-备用 邮箱服务器 (shouqianbadavid@qq.com) ...
[2026-06-26 22:37:34]  正在连接 QQ-主 邮箱服务器 (497720537@qq.com) ...
[2026-06-26 22:37:34]  正在连接 QQ-备用 邮箱服务器 (shouqianbadavid@qq.com) ...
[2026-06-26 22:38:10]  正在连接 QQ-主 邮箱服务器 (497720537@qq.com) ...
[2026-06-26 22:38:11]  正在连接 QQ-备用 邮箱服务器 (shouqianbadavid@qq.com) ...
[2026-06-26 22:38:46]  正在连接 QQ-主 邮箱服务器 (497720537@qq.com) ...
[2026-06-26 22:38:47]  正在连接 QQ-备用 邮箱服务器 (shouqianbadavid@qq.com) ...
[2026-06-26 22:39:23]  正在连接 QQ-主 邮箱服务器 (497720537@qq.com) ...
[2026-06-26 22:39:23]  正在连接 QQ-备用 邮箱服务器 (shouqianbadavid@qq.com) ...
[2026-06-26 22:39:59]  正在连接 QQ-主 邮箱服务器 (497720537@qq.com) ...
[2026-06-26 22:39:59]  正在连接 QQ-备用 邮箱服务器 (shouqianbadavid@qq.com) ...
[2026-06-26 22:40:34]  正在连接 QQ-主 邮箱服务器 (497720537@qq.com) ...
[2026-06-26 22:40:35]  正在连接 QQ-备用 邮箱服务器 (shouqianbadavid@qq.com) ...
[2026-06-26 22:41:11]  正在连接 QQ-主 邮箱服务器 (497720537@qq.com) ...
[2026-06-26 22:41:11]  正在连接 QQ-备用 邮箱服务器 (shouqianbadavid@qq.com) ...
[2026-06-26 22:41:47]  正在连接 QQ-主 邮箱服务器 (497720537@qq.com) ...
[2026-06-26 22:41:48]  正在连接 QQ-备用 邮箱服务器 (shouqianbadavid@qq.com) ...
[2026-06-26 22:42:24]  正在连接 QQ-主 邮箱服务器 (497720537@qq.com) ...
[2026-06-26 22:42:24]  正在连接 QQ-备用 邮箱服务器 (shouqianbadavid@qq.com) ...
[2026-06-26 22:43:00]  正在连接 QQ-主 邮箱服务器 (497720537@qq.com) ...
[2026-06-26 22:43:00]  正在连接 QQ-备用 邮箱服务器 (shouqianbadavid@qq.com) ...
[2026-06-26 22:43:36]  正在连接 QQ-主 邮箱服务器 (497720537@qq.com) ...
[2026-06-26 22:43:36]  正在连接 QQ-备用 邮箱服务器 (shouqianbadavid@qq.com) ...
[2026-06-26 22:44:12]  正在连接 QQ-主 邮箱服务器 (497720537@qq.com) ...
[2026-06-26 22:44:13]  正在连接 QQ-备用 邮箱服务器 (shouqianbadavid@qq.com) ...
[2026-06-26 22:44:49]  正在连接 QQ-主 邮箱服务器 (497720537@qq.com) ...
[2026-06-26 22:44:49]  正在连接 QQ-备用 邮箱服务器 (shouqianbadavid@qq.com) ...
[2026-06-26 22:45:25]  正在连接 QQ-主 邮箱服务器 (497720537@qq.com) ...
[2026-06-26 22:45:25]  正在连接 QQ-备用 邮箱服务器 (shouqianbadavid@qq.com) ...
[2026-06-26 22:46:01]  正在连接 QQ-主 邮箱服务器 (497720537@qq.com) ...
[2026-06-26 22:46:02]  正在连接 QQ-备用 邮箱服务器 (shouqianbadavid@qq.com) ...
[2026-06-26 22:46:37]  正在连接 QQ-主 邮箱服务器 (497720537@qq.com) ...
[2026-06-26 22:46:38]  正在连接 QQ-备用 邮箱服务器 (shouqianbadavid@qq.com) ...
[2026-06-26 22:47:14]  正在连接 QQ-主 邮箱服务器 (497720537@qq.com) ...
[2026-06-26 22:47:15]  正在连接 QQ-备用 邮箱服务器 (shouqianbadavid@qq.com) ...
[2026-06-26 22:47:50]  正在连接 QQ-主 邮箱服务器 (497720537@qq.com) ...
[2026-06-26 22:47:51]  正在连接 QQ-备用 邮箱服务器 (shouqianbadavid@qq.com) ...
[2026-06-26 22:48:26]  正在连接 QQ-主 邮箱服务器 (497720537@qq.com) ...
[2026-06-26 22:48:27]  正在连接 QQ-备用 邮箱服务器 (shouqianbadavid@qq.com) ...
[2026-06-26 22:49:03]  正在连接 QQ-主 邮箱服务器 (497720537@qq.com) ...
[2026-06-26 22:49:04]  正在连接 QQ-备用 邮箱服务器 (shouqianbadavid@qq.com) ...
[2026-06-26 22:49:39]  正在连接 QQ-主 邮箱服务器 (497720537@qq.com) ...
[2026-06-26 22:49:40]  正在连接 QQ-备用 邮箱服务器 (shouqianbadavid@qq.com) ...
[2026-06-26 22:50:16]  正在连接 QQ-主 邮箱服务器 (497720537@qq.com) ...
[2026-06-26 22:50:17]  正在连接 QQ-备用 邮箱服务器 (shouqianbadavid@qq.com) ...
[2026-06-26 22:50:52]  正在连接 QQ-主 邮箱服务器 (497720537@qq.com) ...
[2026-06-26 22:50:53]  正在连接 QQ-备用 邮箱服务器 (shouqianbadavid@qq.com) ...
[2026-06-26 22:51:29]  正在连接 QQ-主 邮箱服务器 (497720537@qq.com) ...
[2026-06-26 22:51:30]  正在连接 QQ-备用 邮箱服务器 (shouqianbadavid@qq.com) ...
[2026-06-26 22:52:05]  正在连接 QQ-主 邮箱服务器 (497720537@qq.com) ...
[2026-06-26 22:52:06]  正在连接 QQ-备用 邮箱服务器 (shouqianbadavid@qq.com) ...
[2026-06-26 22:52:42]  正在连接 QQ-主 邮箱服务器 (497720537@qq.com) ...
[2026-06-26 22:52:42]  正在连接 QQ-备用 邮箱服务器 (shouqianbadavid@qq.com) ...
[2026-06-26 22:53:18]  正在连接 QQ-主 邮箱服务器 (497720537@qq.com) ...
[2026-06-26 22:53:19]  正在连接 QQ-备用 邮箱服务器 (shouqianbadavid@qq.com) ...
[2026-06-26 22:53:54]  正在连接 QQ-主 邮箱服务器 (497720537@qq.com) ...
[2026-06-26 22:53:55]  正在连接 QQ-备用 邮箱服务器 (shouqianbadavid@qq.com) ...
[2026-06-26 22:54:31]  正在连接 QQ-主 邮箱服务器 (497720537@qq.com) ...
[2026-06-26 22:54:32]  正在连接 QQ-备用 邮箱服务器 (shouqianbadavid@qq.com) ...
[2026-06-26 22:55:07]  正在连接 QQ-主 邮箱服务器 (497720537@qq.com) ...
[2026-06-26 22:55:08]  正在连接 QQ-备用 邮箱服务器 (shouqianbadavid@qq.com) ...
[2026-06-26 22:55:44]  正在连接 QQ-主 邮箱服务器 (497720537@qq.com) ...
[2026-06-26 22:55:45]  正在连接 QQ-备用 邮箱服务器 (shouqianbadavid@qq.com) ...
[2026-06-26 22:56:20]  正在连接 QQ-主 邮箱服务器 (497720537@qq.com) ...
[2026-06-26 22:56:21]  正在连接 QQ-备用 邮箱服务器 (shouqianbadavid@qq.com) ...
[2026-06-26 22:56:57]  正在连接 QQ-主 邮箱服务器 (497720537@qq.com) ...
[2026-06-26 22:56:57]  正在连接 QQ-备用 邮箱服务器 (shouqianbadavid@qq.com) ...
[2026-06-26 22:57:33]  正在连接 QQ-主 邮箱服务器 (497720537@qq.com) ...
[2026-06-26 22:57:34]  正在连接 QQ-备用 邮箱服务器 (shouqianbadavid@qq.com) ...
[2026-06-26 22:58:10]  正在连接 QQ-主 邮箱服务器 (497720537@qq.com) ...
[2026-06-26 22:58:10]  正在连接 QQ-备用 邮箱服务器 (shouqianbadavid@qq.com) ...
[2026-06-26 22:58:46]  正在连接 QQ-主 邮箱服务器 (497720537@qq.com) ...
[2026-06-26 22:58:47]  正在连接 QQ-备用 邮箱服务器 (shouqianbadavid@qq.com) ...
[2026-06-26 22:59:23]  正在连接 QQ-主 邮箱服务器 (497720537@qq.com) ...
[2026-06-26 22:59:23]  正在连接 QQ-备用 邮箱服务器 (shouqianbadavid@qq.com) ...
[2026-06-26 22:59:59]  正在连接 QQ-主 邮箱服务器 (497720537@qq.com) ...
[2026-06-26 23:00:00]  正在连接 QQ-备用 邮箱服务器 (shouqianbadavid@qq.com) ...
[2026-06-26 23:00:36]  正在连接 QQ-主 邮箱服务器 (497720537@qq.com) ...
[2026-06-26 23:00:36]  正在连接 QQ-备用 邮箱服务器 (shouqianbadavid@qq.com) ...
[2026-06-26 23:01:12]  正在连接 QQ-主 邮箱服务器 (497720537@qq.com) ...
[2026-06-26 23:01:13]  正在连接 QQ-备用 邮箱服务器 (shouqianbadavid@qq.com) ...
[2026-06-26 23:01:49]  正在连接 QQ-主 邮箱服务器 (497720537@qq.com) ...
[2026-06-26 23:01:50]  正在连接 QQ-备用 邮箱服务器 (shouqianbadavid@qq.com) ...
[2026-06-26 23:02:25]  正在连接 QQ-主 邮箱服务器 (497720537@qq.com) ...
[2026-06-26 23:02:26]  正在连接 QQ-备用 邮箱服务器 (shouqianbadavid@qq.com) ...
[2026-06-26 23:03:02]  正在连接 QQ-主 邮箱服务器 (497720537@qq.com) ...
[2026-06-26 23:03:03]  正在连接 QQ-备用 邮箱服务器 (shouqianbadavid@qq.com) ...
[2026-06-26 23:03:39]  正在连接 QQ-主 邮箱服务器 (497720537@qq.com) ...
[2026-06-26 23:03:39]  正在连接 QQ-备用 邮箱服务器 (shouqianbadavid@qq.com) ...
[2026-06-26 23:04:15]  正在连接 QQ-主 邮箱服务器 (497720537@qq.com) ...
[2026-06-26 23:04:16]  正在连接 QQ-备用 邮箱服务器 (shouqianbadavid@qq.com) ...
[2026-06-26 23:04:51]  正在连接 QQ-主 邮箱服务器 (497720537@qq.com) ...
[2026-06-26 23:04:53]  正在连接 QQ-备用 邮箱服务器 (shouqianbadavid@qq.com) ...
[2026-06-26 23:05:29]  正在连接 QQ-主 邮箱服务器 (497720537@qq.com) ...
[2026-06-26 23:05:29]  正在连接 QQ-备用 邮箱服务器 (shouqianbadavid@qq.com) ...
[2026-06-26 23:06:05]  正在连接 QQ-主 邮箱服务器 (497720537@qq.com) ...
[2026-06-26 23:06:06]  正在连接 QQ-备用 邮箱服务器 (shouqianbadavid@qq.com) ...
[2026-06-26 23:06:42]  正在连接 QQ-主 邮箱服务器 (497720537@qq.com) ...
[2026-06-26 23:06:42]  正在连接 QQ-备用 邮箱服务器 (shouqianbadavid@qq.com) ...
[2026-06-26 23:07:19]  正在连接 QQ-主 邮箱服务器 (497720537@qq.com) ...
[2026-06-26 23:07:19]  正在连接 QQ-备用 邮箱服务器 (shouqianbadavid@qq.com) ...
[2026-06-26 23:07:55]  正在连接 QQ-主 邮箱服务器 (497720537@qq.com) ...
[2026-06-26 23:07:55]  正在连接 QQ-备用 邮箱服务器 (shouqianbadavid@qq.com) ...
[2026-06-26 23:08:31]  正在连接 QQ-主 邮箱服务器 (497720537@qq.com) ...
[2026-06-26 23:08:32]  正在连接 QQ-备用 邮箱服务器 (shouqianbadavid@qq.com) ...
[2026-06-26 23:09:07]  正在连接 QQ-主 邮箱服务器 (497720537@qq.com) ...
[2026-06-26 23:09:08]  正在连接 QQ-备用 邮箱服务器 (shouqianbadavid@qq.com) ...
[2026-06-26 23:09:43]  正在连接 QQ-主 邮箱服务器 (497720537@qq.com) ...
[2026-06-26 23:09:44]  正在连接 QQ-备用 邮箱服务器 (shouqianbadavid@qq.com) ...
[2026-06-26 23:10:20]  正在连接 QQ-主 邮箱服务器 (497720537@qq.com) ...
[2026-06-26 23:10:20]  正在连接 QQ-备用 邮箱服务器 (shouqianbadavid@qq.com) ...
[2026-06-26 23:10:56]  正在连接 QQ-主 邮箱服务器 (497720537@qq.com) ...
[2026-06-26 23:10:57]  正在连接 QQ-备用 邮箱服务器 (shouqianbadavid@qq.com) ...
[2026-06-26 23:11:32]  正在连接 QQ-主 邮箱服务器 (497720537@qq.com) ...
[2026-06-26 23:11:33]  正在连接 QQ-备用 邮箱服务器 (shouqianbadavid@qq.com) ...
[2026-06-26 23:12:08]  正在连接 QQ-主 邮箱服务器 (497720537@qq.com) ...
[2026-06-26 23:12:09]  正在连接 QQ-备用 邮箱服务器 (shouqianbadavid@qq.com) ...
[2026-06-26 23:12:45]  正在连接 QQ-主 邮箱服务器 (497720537@qq.com) ...
[2026-06-26 23:12:45]  正在连接 QQ-备用 邮箱服务器 (shouqianbadavid@qq.com) ...
[2026-06-26 23:13:21]  正在连接 QQ-主 邮箱服务器 (497720537@qq.com) ...
[2026-06-26 23:13:22]  正在连接 QQ-备用 邮箱服务器 (shouqianbadavid@qq.com) ...
[2026-06-26 23:13:58]  正在连接 QQ-主 邮箱服务器 (497720537@qq.com) ...
[2026-06-26 23:13:58]  正在连接 QQ-备用 邮箱服务器 (shouqianbadavid@qq.com) ...
[2026-06-26 23:14:34]  正在连接 QQ-主 邮箱服务器 (497720537@qq.com) ...
[2026-06-26 23:14:35]  正在连接 QQ-备用 邮箱服务器 (shouqianbadavid@qq.com) ...
[2026-06-26 23:15:10]  正在连接 QQ-主 邮箱服务器 (497720537@qq.com) ...
[2026-06-26 23:15:11]  正在连接 QQ-备用 邮箱服务器 (shouqianbadavid@qq.com) ...
[2026-06-26 23:15:46]  正在连接 QQ-主 邮箱服务器 (497720537@qq.com) ...
[2026-06-26 23:15:47]  正在连接 QQ-备用 邮箱服务器 (shouqianbadavid@qq.com) ...
[2026-06-26 23:16:23]  正在连接 QQ-主 邮箱服务器 (497720537@qq.com) ...
[2026-06-26 23:16:23]  正在连接 QQ-备用 邮箱服务器 (shouqianbadavid@qq.com) ...
[2026-06-26 23:16:59]  正在连接 QQ-主 邮箱服务器 (497720537@qq.com) ...
[2026-06-26 23:17:00]  正在连接 QQ-备用 邮箱服务器 (shouqianbadavid@qq.com) ...
[2026-06-26 23:17:36]  正在连接 QQ-主 邮箱服务器 (497720537@qq.com) ...
[2026-06-26 23:17:36]  正在连接 QQ-备用 邮箱服务器 (shouqianbadavid@qq.com) ...
[2026-06-26 23:18:12]  正在连接 QQ-主 邮箱服务器 (497720537@qq.com) ...
[2026-06-26 23:18:12]  正在连接 QQ-备用 邮箱服务器 (shouqianbadavid@qq.com) ...
[2026-06-26 23:18:48]  正在连接 QQ-主 邮箱服务器 (497720537@qq.com) ...
[2026-06-26 23:18:49]  正在连接 QQ-备用 邮箱服务器 (shouqianbadavid@qq.com) ...
[2026-06-26 23:19:24]  正在连接 QQ-主 邮箱服务器 (497720537@qq.com) ...
[2026-06-26 23:19:25]  正在连接 QQ-备用 邮箱服务器 (shouqianbadavid@qq.com) ...
[2026-06-26 23:20:01]  正在连接 QQ-主 邮箱服务器 (497720537@qq.com) ...
[2026-06-26 23:20:01]  正在连接 QQ-备用 邮箱服务器 (shouqianbadavid@qq.com) ...
[2026-06-26 23:20:37]  正在连接 QQ-主 邮箱服务器 (497720537@qq.com) ...
[2026-06-26 23:20:39]  正在连接 QQ-备用 邮箱服务器 (shouqianbadavid@qq.com) ...
[2026-06-26 23:21:14]  正在连接 QQ-主 邮箱服务器 (497720537@qq.com) ...
[2026-06-26 23:21:15]  正在连接 QQ-备用 邮箱服务器 (shouqianbadavid@qq.com) ...
[2026-06-26 23:21:51]  正在连接 QQ-主 邮箱服务器 (497720537@qq.com) ...
[2026-06-26 23:21:52]  正在连接 QQ-备用 邮箱服务器 (shouqianbadavid@qq.com) ...
[2026-06-26 23:22:28]  正在连接 QQ-主 邮箱服务器 (497720537@qq.com) ...
[2026-06-26 23:22:28]  正在连接 QQ-备用 邮箱服务器 (shouqianbadavid@qq.com) ...
[2026-06-26 23:23:04]  正在连接 QQ-主 邮箱服务器 (497720537@qq.com) ...
[2026-06-26 23:23:05]  正在连接 QQ-备用 邮箱服务器 (shouqianbadavid@qq.com) ...
[2026-06-26 23:23:40]  正在连接 QQ-主 邮箱服务器 (497720537@qq.com) ...
[2026-06-26 23:23:41]  正在连接 QQ-备用 邮箱服务器 (shouqianbadavid@qq.com) ...
[2026-06-26 23:24:17]  正在连接 QQ-主 邮箱服务器 (497720537@qq.com) ...
[2026-06-26 23:24:17]  正在连接 QQ-备用 邮箱服务器 (shouqianbadavid@qq.com) ...
[2026-06-26 23:24:53]  正在连接 QQ-主 邮箱服务器 (497720537@qq.com) ...
[2026-06-26 23:24:54]  正在连接 QQ-备用 邮箱服务器 (shouqianbadavid@qq.com) ...
[2026-06-26 23:25:30]  正在连接 QQ-主 邮箱服务器 (497720537@qq.com) ...
[2026-06-26 23:25:30]  正在连接 QQ-备用 邮箱服务器 (shouqianbadavid@qq.com) ...
[2026-06-26 23:26:06]  正在连接 QQ-主 邮箱服务器 (497720537@qq.com) ...
[2026-06-26 23:26:06]  正在连接 QQ-备用 邮箱服务器 (shouqianbadavid@qq.com) ...
[2026-06-26 23:26:42]  正在连接 QQ-主 邮箱服务器 (497720537@qq.com) ...
[2026-06-26 23:26:43]  正在连接 QQ-备用 邮箱服务器 (shouqianbadavid@qq.com) ...
[2026-06-26 23:27:18]  正在连接 QQ-主 邮箱服务器 (497720537@qq.com) ...
[2026-06-26 23:27:19]  正在连接 QQ-备用 邮箱服务器 (shouqianbadavid@qq.com) ...
[2026-06-26 23:27:54]  正在连接 QQ-主 邮箱服务器 (497720537@qq.com) ...
[2026-06-26 23:27:55]  正在连接 QQ-备用 邮箱服务器 (shouqianbadavid@qq.com) ...
[2026-06-26 23:28:31]  正在连接 QQ-主 邮箱服务器 (497720537@qq.com) ...
[2026-06-26 23:28:31]  正在连接 QQ-备用 邮箱服务器 (shouqianbadavid@qq.com) ...
[2026-06-26 23:29:07]  正在连接 QQ-主 邮箱服务器 (497720537@qq.com) ...
[2026-06-26 23:29:08]  正在连接 QQ-备用 邮箱服务器 (shouqianbadavid@qq.com) ...
[2026-06-26 23:29:43]  正在连接 QQ-主 邮箱服务器 (497720537@qq.com) ...
[2026-06-26 23:29:44]  正在连接 QQ-备用 邮箱服务器 (shouqianbadavid@qq.com) ...
[2026-06-26 23:30:19]  正在连接 QQ-主 邮箱服务器 (497720537@qq.com) ...
[2026-06-26 23:30:20]  正在连接 QQ-备用 邮箱服务器 (shouqianbadavid@qq.com) ...
[2026-06-26 23:30:56]  正在连接 QQ-主 邮箱服务器 (497720537@qq.com) ...
[2026-06-26 23:30:56]  正在连接 QQ-备用 邮箱服务器 (shouqianbadavid@qq.com) ...
[2026-06-26 23:31:32]  正在连接 QQ-主 邮箱服务器 (497720537@qq.com) ...
[2026-06-26 23:31:33]  正在连接 QQ-备用 邮箱服务器 (shouqianbadavid@qq.com) ...
[2026-06-26 23:32:08]  正在连接 QQ-主 邮箱服务器 (497720537@qq.com) ...
[2026-06-26 23:32:09]  正在连接 QQ-备用 邮箱服务器 (shouqianbadavid@qq.com) ...
[2026-06-26 23:32:45]  正在连接 QQ-主 邮箱服务器 (497720537@qq.com) ...
[2026-06-26 23:32:45]  正在连接 QQ-备用 邮箱服务器 (shouqianbadavid@qq.com) ...
[2026-06-26 23:33:21]  正在连接 QQ-主 邮箱服务器 (497720537@qq.com) ...
[2026-06-26 23:33:21]  正在连接 QQ-备用 邮箱服务器 (shouqianbadavid@qq.com) ...
[2026-06-26 23:33:57]  正在连接 QQ-主 邮箱服务器 (497720537@qq.com) ...
[2026-06-26 23:33:58]  正在连接 QQ-备用 邮箱服务器 (shouqianbadavid@qq.com) ...
[2026-06-26 23:34:34]  正在连接 QQ-主 邮箱服务器 (497720537@qq.com) ...
[2026-06-26 23:34:35]  正在连接 QQ-备用 邮箱服务器 (shouqianbadavid@qq.com) ...
[2026-06-26 23:35:10]  正在连接 QQ-主 邮箱服务器 (497720537@qq.com) ...
[2026-06-26 23:35:11]  正在连接 QQ-备用 邮箱服务器 (shouqianbadavid@qq.com) ...
[2026-06-26 23:35:47]  正在连接 QQ-主 邮箱服务器 (497720537@qq.com) ...
[2026-06-26 23:35:48]  正在连接 QQ-备用 邮箱服务器 (shouqianbadavid@qq.com) ...
[2026-06-26 23:36:23]  正在连接 QQ-主 邮箱服务器 (497720537@qq.com) ...
[2026-06-26 23:36:24]  正在连接 QQ-备用 邮箱服务器 (shouqianbadavid@qq.com) ...
[2026-06-26 23:37:00]  正在连接 QQ-主 邮箱服务器 (497720537@qq.com) ...
[2026-06-26 23:37:01]  正在连接 QQ-备用 邮箱服务器 (shouqianbadavid@qq.com) ...
[2026-06-26 23:37:36]  正在连接 QQ-主 邮箱服务器 (497720537@qq.com) ...
[2026-06-26 23:37:37]  正在连接 QQ-备用 邮箱服务器 (shouqianbadavid@qq.com) ...
[2026-06-26 23:38:13]  正在连接 QQ-主 邮箱服务器 (497720537@qq.com) ...
[2026-06-26 23:38:13]  正在连接 QQ-备用 邮箱服务器 (shouqianbadavid@qq.com) ...
[2026-06-26 23:38:49]  正在连接 QQ-主 邮箱服务器 (497720537@qq.com) ...
[2026-06-26 23:38:49]  正在连接 QQ-备用 邮箱服务器 (shouqianbadavid@qq.com) ...
[2026-06-26 23:39:25]  正在连接 QQ-主 邮箱服务器 (497720537@qq.com) ...
[2026-06-26 23:39:26]  正在连接 QQ-备用 邮箱服务器 (shouqianbadavid@qq.com) ...
[2026-06-26 23:40:01]  正在连接 QQ-主 邮箱服务器 (497720537@qq.com) ...
[2026-06-26 23:40:02]  正在连接 QQ-备用 邮箱服务器 (shouqianbadavid@qq.com) ...
[2026-06-26 23:40:37]  正在连接 QQ-主 邮箱服务器 (497720537@qq.com) ...
[2026-06-26 23:40:38]  正在连接 QQ-备用 邮箱服务器 (shouqianbadavid@qq.com) ...
[2026-06-26 23:41:13]  正在连接 QQ-主 邮箱服务器 (497720537@qq.com) ...
[2026-06-26 23:41:14]  正在连接 QQ-备用 邮箱服务器 (shouqianbadavid@qq.com) ...
[2026-06-26 23:41:50]  正在连接 QQ-主 邮箱服务器 (497720537@qq.com) ...
[2026-06-26 23:41:50]  正在连接 QQ-备用 邮箱服务器 (shouqianbadavid@qq.com) ...
[2026-06-26 23:42:26]  正在连接 QQ-主 邮箱服务器 (497720537@qq.com) ...
[2026-06-26 23:42:26]  正在连接 QQ-备用 邮箱服务器 (shouqianbadavid@qq.com) ...
[2026-06-26 23:43:02]  正在连接 QQ-主 邮箱服务器 (497720537@qq.com) ...
[2026-06-26 23:43:02]  正在连接 QQ-备用 邮箱服务器 (shouqianbadavid@qq.com) ...
[2026-06-26 23:43:38]  正在连接 QQ-主 邮箱服务器 (497720537@qq.com) ...
[2026-06-26 23:43:39]  正在连接 QQ-备用 邮箱服务器 (shouqianbadavid@qq.com) ...
[2026-06-26 23:44:14]  正在连接 QQ-主 邮箱服务器 (497720537@qq.com) ...
[2026-06-26 23:44:15]  正在连接 QQ-备用 邮箱服务器 (shouqianbadavid@qq.com) ...
[2026-06-26 23:44:50]  正在连接 QQ-主 邮箱服务器 (497720537@qq.com) ...
[2026-06-26 23:44:51]  正在连接 QQ-备用 邮箱服务器 (shouqianbadavid@qq.com) ...
[2026-06-26 23:45:26]  正在连接 QQ-主 邮箱服务器 (497720537@qq.com) ...
[2026-06-26 23:45:27]  正在连接 QQ-备用 邮箱服务器 (shouqianbadavid@qq.com) ...
[2026-06-26 23:46:02]  正在连接 QQ-主 邮箱服务器 (497720537@qq.com) ...
[2026-06-26 23:46:03]  正在连接 QQ-备用 邮箱服务器 (shouqianbadavid@qq.com) ...
[2026-06-26 23:46:38]  正在连接 QQ-主 邮箱服务器 (497720537@qq.com) ...
[2026-06-26 23:46:39]  正在连接 QQ-备用 邮箱服务器 (shouqianbadavid@qq.com) ...
[2026-06-26 23:47:15]  正在连接 QQ-主 邮箱服务器 (497720537@qq.com) ...
[2026-06-26 23:47:15]  正在连接 QQ-备用 邮箱服务器 (shouqianbadavid@qq.com) ...
[2026-06-26 23:47:51]  正在连接 QQ-主 邮箱服务器 (497720537@qq.com) ...
[2026-06-26 23:47:51]  正在连接 QQ-备用 邮箱服务器 (shouqianbadavid@qq.com) ...
[2026-06-26 23:48:27]  正在连接 QQ-主 邮箱服务器 (497720537@qq.com) ...
[2026-06-26 23:48:28]  正在连接 QQ-备用 邮箱服务器 (shouqianbadavid@qq.com) ...
[2026-06-26 23:49:03]  正在连接 QQ-主 邮箱服务器 (497720537@qq.com) ...
[2026-06-26 23:49:04]  正在连接 QQ-备用 邮箱服务器 (shouqianbadavid@qq.com) ...
[2026-06-26 23:49:39]  正在连接 QQ-主 邮箱服务器 (497720537@qq.com) ...
[2026-06-26 23:49:40]  正在连接 QQ-备用 邮箱服务器 (shouqianbadavid@qq.com) ...
[2026-06-26 23:50:16]  正在连接 QQ-主 邮箱服务器 (497720537@qq.com) ...
[2026-06-26 23:50:16]  正在连接 QQ-备用 邮箱服务器 (shouqianbadavid@qq.com) ...
[2026-06-26 23:50:52]  正在连接 QQ-主 邮箱服务器 (497720537@qq.com) ...
[2026-06-26 23:50:52]  正在连接 QQ-备用 邮箱服务器 (shouqianbadavid@qq.com) ...
[2026-06-26 23:51:28]  正在连接 QQ-主 邮箱服务器 (497720537@qq.com) ...
[2026-06-26 23:51:29]  正在连接 QQ-备用 邮箱服务器 (shouqianbadavid@qq.com) ...
[2026-06-26 23:52:05]  正在连接 QQ-主 邮箱服务器 (497720537@qq.com) ...
[2026-06-26 23:52:05]  正在连接 QQ-备用 邮箱服务器 (shouqianbadavid@qq.com) ...
[2026-06-26 23:52:41]  正在连接 QQ-主 邮箱服务器 (497720537@qq.com) ...
[2026-06-26 23:52:41]  正在连接 QQ-备用 邮箱服务器 (shouqianbadavid@qq.com) ...
[2026-06-26 23:53:17]  正在连接 QQ-主 邮箱服务器 (497720537@qq.com) ...
[2026-06-26 23:53:18]  正在连接 QQ-备用 邮箱服务器 (shouqianbadavid@qq.com) ...
[2026-06-26 23:53:54]  正在连接 QQ-主 邮箱服务器 (497720537@qq.com) ...
[2026-06-26 23:53:54]  正在连接 QQ-备用 邮箱服务器 (shouqianbadavid@qq.com) ...
[2026-06-26 23:54:30]  正在连接 QQ-主 邮箱服务器 (497720537@qq.com) ...
[2026-06-26 23:54:30]  正在连接 QQ-备用 邮箱服务器 (shouqianbadavid@qq.com) ...
[2026-06-26 23:55:06]  正在连接 QQ-主 邮箱服务器 (497720537@qq.com) ...
[2026-06-26 23:55:07]  正在连接 QQ-备用 邮箱服务器 (shouqianbadavid@qq.com) ...
[2026-06-26 23:55:42]  正在连接 QQ-主 邮箱服务器 (497720537@qq.com) ...
[2026-06-26 23:55:53]  正在连接 QQ-备用 邮箱服务器 (shouqianbadavid@qq.com) ...
[2026-06-26 23:56:29]  正在连接 QQ-主 邮箱服务器 (497720537@qq.com) ...
[2026-06-26 23:56:29]  正在连接 QQ-备用 邮箱服务器 (shouqianbadavid@qq.com) ...
[2026-06-26 23:57:05]  正在连接 QQ-主 邮箱服务器 (497720537@qq.com) ...
[2026-06-26 23:57:06]  正在连接 QQ-备用 邮箱服务器 (shouqianbadavid@qq.com) ...
[2026-06-26 23:57:41]  正在连接 QQ-主 邮箱服务器 (497720537@qq.com) ...
[2026-06-26 23:57:42]  正在连接 QQ-备用 邮箱服务器 (shouqianbadavid@qq.com) ...
[2026-06-26 23:58:18]  正在连接 QQ-主 邮箱服务器 (497720537@qq.com) ...
[2026-06-26 23:58:18]  正在连接 QQ-备用 邮箱服务器 (shouqianbadavid@qq.com) ...
[2026-06-26 23:58:54]  正在连接 QQ-主 邮箱服务器 (497720537@qq.com) ...
[2026-06-26 23:58:55]  正在连接 QQ-备用 邮箱服务器 (shouqianbadavid@qq.com) ...
[2026-06-26 23:59:31]  正在连接 QQ-主 邮箱服务器 (497720537@qq.com) ...
[2026-06-26 23:59:32]  正在连接 QQ-备用 邮箱服务器 (shouqianbadavid@qq.com) ...
[2026-06-27 00:00:07]  正在连接 QQ-主 邮箱服务器 (497720537@qq.com) ...
[2026-06-27 00:00:08]  正在连接 QQ-备用 邮箱服务器 (shouqianbadavid@qq.com) ...
[2026-06-27 00:00:44]  正在连接 QQ-主 邮箱服务器 (497720537@qq.com) ...
[2026-06-27 00:00:44]  正在连接 QQ-备用 邮箱服务器 (shouqianbadavid@qq.com) ...
[2026-06-27 00:01:20]  正在连接 QQ-主 邮箱服务器 (497720537@qq.com) ...
[2026-06-27 00:01:21]  正在连接 QQ-备用 邮箱服务器 (shouqianbadavid@qq.com) ...
[2026-06-27 00:01:56]  正在连接 QQ-主 邮箱服务器 (497720537@qq.com) ...
[2026-06-27 00:01:57]  正在连接 QQ-备用 邮箱服务器 (shouqianbadavid@qq.com) ...
[2026-06-27 00:02:32]  正在连接 QQ-主 邮箱服务器 (497720537@qq.com) ...
[2026-06-27 00:02:33]  正在连接 QQ-备用 邮箱服务器 (shouqianbadavid@qq.com) ...
[2026-06-27 00:03:09]  正在连接 QQ-主 邮箱服务器 (497720537@qq.com) ...
[2026-06-27 00:03:09]  正在连接 QQ-备用 邮箱服务器 (shouqianbadavid@qq.com) ...
[2026-06-27 00:03:45]  正在连接 QQ-主 邮箱服务器 (497720537@qq.com) ...
[2026-06-27 00:03:46]  正在连接 QQ-备用 邮箱服务器 (shouqianbadavid@qq.com) ...
[2026-06-27 00:04:21]  正在连接 QQ-主 邮箱服务器 (497720537@qq.com) ...
[2026-06-27 00:04:22]  正在连接 QQ-备用 邮箱服务器 (shouqianbadavid@qq.com) ...
[2026-06-27 00:04:58]  正在连接 QQ-主 邮箱服务器 (497720537@qq.com) ...
[2026-06-27 00:04:58]  正在连接 QQ-备用 邮箱服务器 (shouqianbadavid@qq.com) ...
[2026-06-27 00:05:34]  正在连接 QQ-主 邮箱服务器 (497720537@qq.com) ...
[2026-06-27 00:05:35]  正在连接 QQ-备用 邮箱服务器 (shouqianbadavid@qq.com) ...
[2026-06-27 00:06:11]  正在连接 QQ-主 邮箱服务器 (497720537@qq.com) ...
[2026-06-27 00:06:11]  正在连接 QQ-备用 邮箱服务器 (shouqianbadavid@qq.com) ...
[2026-06-27 00:06:47]  正在连接 QQ-主 邮箱服务器 (497720537@qq.com) ...
[2026-06-27 00:06:47]  正在连接 QQ-备用 邮箱服务器 (shouqianbadavid@qq.com) ...
[2026-06-27 00:07:23]  正在连接 QQ-主 邮箱服务器 (497720537@qq.com) ...
[2026-06-27 00:07:24]  正在连接 QQ-备用 邮箱服务器 (shouqianbadavid@qq.com) ...
[2026-06-27 00:07:59]  正在连接 QQ-主 邮箱服务器 (497720537@qq.com) ...
[2026-06-27 00:08:00]  正在连接 QQ-备用 邮箱服务器 (shouqianbadavid@qq.com) ...
[2026-06-27 00:08:36]  正在连接 QQ-主 邮箱服务器 (497720537@qq.com) ...
[2026-06-27 00:08:37]  正在连接 QQ-备用 邮箱服务器 (shouqianbadavid@qq.com) ...
[2026-06-27 00:09:13]  正在连接 QQ-主 邮箱服务器 (497720537@qq.com) ...
[2026-06-27 00:09:14]  正在连接 QQ-备用 邮箱服务器 (shouqianbadavid@qq.com) ...
[2026-06-27 00:09:49]  正在连接 QQ-主 邮箱服务器 (497720537@qq.com) ...
[2026-06-27 00:09:50]  正在连接 QQ-备用 邮箱服务器 (shouqianbadavid@qq.com) ...
[2026-06-27 00:10:26]  正在连接 QQ-主 邮箱服务器 (497720537@qq.com) ...
[2026-06-27 00:10:26]  正在连接 QQ-备用 邮箱服务器 (shouqianbadavid@qq.com) ...
[2026-06-27 00:11:02]  正在连接 QQ-主 邮箱服务器 (497720537@qq.com) ...
[2026-06-27 00:11:03]  正在连接 QQ-备用 邮箱服务器 (shouqianbadavid@qq.com) ...
[2026-06-27 00:11:38]  正在连接 QQ-主 邮箱服务器 (497720537@qq.com) ...
[2026-06-27 00:11:39]  正在连接 QQ-备用 邮箱服务器 (shouqianbadavid@qq.com) ...
[2026-06-27 00:12:15]  正在连接 QQ-主 邮箱服务器 (497720537@qq.com) ...
[2026-06-27 00:12:16]  正在连接 QQ-备用 邮箱服务器 (shouqianbadavid@qq.com) ...
[2026-06-27 00:12:51]  正在连接 QQ-主 邮箱服务器 (497720537@qq.com) ...
[2026-06-27 00:12:52]  正在连接 QQ-备用 邮箱服务器 (shouqianbadavid@qq.com) ...
[2026-06-27 00:13:28]  正在连接 QQ-主 邮箱服务器 (497720537@qq.com) ...
[2026-06-27 00:13:29]  正在连接 QQ-备用 邮箱服务器 (shouqianbadavid@qq.com) ...
[2026-06-27 00:14:04]  正在连接 QQ-主 邮箱服务器 (497720537@qq.com) ...
[2026-06-27 00:14:05]  正在连接 QQ-备用 邮箱服务器 (shouqianbadavid@qq.com) ...
[2026-06-27 00:14:41]  正在连接 QQ-主 邮箱服务器 (497720537@qq.com) ...
[2026-06-27 00:14:41]  正在连接 QQ-备用 邮箱服务器 (shouqianbadavid@qq.com) ...
[2026-06-27 00:15:17]  正在连接 QQ-主 邮箱服务器 (497720537@qq.com) ...
[2026-06-27 00:15:17]  正在连接 QQ-备用 邮箱服务器 (shouqianbadavid@qq.com) ...
[2026-06-27 00:15:53]  正在连接 QQ-主 邮箱服务器 (497720537@qq.com) ...
[2026-06-27 00:15:54]  正在连接 QQ-备用 邮箱服务器 (shouqianbadavid@qq.com) ...
[2026-06-27 00:16:29]  正在连接 QQ-主 邮箱服务器 (497720537@qq.com) ...
[2026-06-27 00:16:30]  正在连接 QQ-备用 邮箱服务器 (shouqianbadavid@qq.com) ...
[2026-06-27 00:17:07]  正在连接 QQ-主 邮箱服务器 (497720537@qq.com) ...
[2026-06-27 00:17:07]  正在连接 QQ-备用 邮箱服务器 (shouqianbadavid@qq.com) ...
[2026-06-27 00:17:43]  正在连接 QQ-主 邮箱服务器 (497720537@qq.com) ...
[2026-06-27 00:17:44]  正在连接 QQ-备用 邮箱服务器 (shouqianbadavid@qq.com) ...
[2026-06-27 00:18:19]  正在连接 QQ-主 邮箱服务器 (497720537@qq.com) ...
[2026-06-27 00:18:20]  正在连接 QQ-备用 邮箱服务器 (shouqianbadavid@qq.com) ...
[2026-06-27 00:18:56]  正在连接 QQ-主 邮箱服务器 (497720537@qq.com) ...
[2026-06-27 00:18:56]  正在连接 QQ-备用 邮箱服务器 (shouqianbadavid@qq.com) ...
[2026-06-27 00:19:31]  正在连接 QQ-主 邮箱服务器 (497720537@qq.com) ...
[2026-06-27 00:19:32]  正在连接 QQ-备用 邮箱服务器 (shouqianbadavid@qq.com) ...
[2026-06-27 00:20:08]  正在连接 QQ-主 邮箱服务器 (497720537@qq.com) ...
[2026-06-27 00:20:08]  正在连接 QQ-备用 邮箱服务器 (shouqianbadavid@qq.com) ...
[2026-06-27 00:20:44]  正在连接 QQ-主 邮箱服务器 (497720537@qq.com) ...
[2026-06-27 00:20:44]  正在连接 QQ-备用 邮箱服务器 (shouqianbadavid@qq.com) ...
[2026-06-27 00:21:20]  正在连接 QQ-主 邮箱服务器 (497720537@qq.com) ...
[2026-06-27 00:21:20]  正在连接 QQ-备用 邮箱服务器 (shouqianbadavid@qq.com) ...
[2026-06-27 00:21:56]  正在连接 QQ-主 邮箱服务器 (497720537@qq.com) ...
[2026-06-27 00:21:56]  正在连接 QQ-备用 邮箱服务器 (shouqianbadavid@qq.com) ...
[2026-06-27 00:22:32]  正在连接 QQ-主 邮箱服务器 (497720537@qq.com) ...
[2026-06-27 00:22:32]  正在连接 QQ-备用 邮箱服务器 (shouqianbadavid@qq.com) ...
[2026-06-27 00:23:08]  正在连接 QQ-主 邮箱服务器 (497720537@qq.com) ...
[2026-06-27 00:23:09]  正在连接 QQ-备用 邮箱服务器 (shouqianbadavid@qq.com) ...
[2026-06-27 00:23:44]  正在连接 QQ-主 邮箱服务器 (497720537@qq.com) ...
[2026-06-27 00:23:45]  正在连接 QQ-备用 邮箱服务器 (shouqianbadavid@qq.com) ...
[2026-06-27 00:24:20]  正在连接 QQ-主 邮箱服务器 (497720537@qq.com) ...
[2026-06-27 00:24:21]  正在连接 QQ-备用 邮箱服务器 (shouqianbadavid@qq.com) ...
[2026-06-27 00:24:56]  正在连接 QQ-主 邮箱服务器 (497720537@qq.com) ...
[2026-06-27 00:24:57]  正在连接 QQ-备用 邮箱服务器 (shouqianbadavid@qq.com) ...
[2026-06-27 00:25:32]  正在连接 QQ-主 邮箱服务器 (497720537@qq.com) ...
[2026-06-27 00:25:33]  正在连接 QQ-备用 邮箱服务器 (shouqianbadavid@qq.com) ...
[2026-06-27 00:26:09]  正在连接 QQ-主 邮箱服务器 (497720537@qq.com) ...
[2026-06-27 00:26:09]  正在连接 QQ-备用 邮箱服务器 (shouqianbadavid@qq.com) ...
[2026-06-27 00:26:45]  正在连接 QQ-主 邮箱服务器 (497720537@qq.com) ...
[2026-06-27 00:26:46]  正在连接 QQ-备用 邮箱服务器 (shouqianbadavid@qq.com) ...
[2026-06-27 00:27:21]  正在连接 QQ-主 邮箱服务器 (497720537@qq.com) ...
[2026-06-27 00:27:22]  正在连接 QQ-备用 邮箱服务器 (shouqianbadavid@qq.com) ...
[2026-06-27 00:27:58]  正在连接 QQ-主 邮箱服务器 (497720537@qq.com) ...
[2026-06-27 00:27:58]  正在连接 QQ-备用 邮箱服务器 (shouqianbadavid@qq.com) ...
[2026-06-27 00:28:34]  正在连接 QQ-主 邮箱服务器 (497720537@qq.com) ...
[2026-06-27 00:28:34]  正在连接 QQ-备用 邮箱服务器 (shouqianbadavid@qq.com) ...
[2026-06-27 00:29:10]  正在连接 QQ-主 邮箱服务器 (497720537@qq.com) ...
[2026-06-27 00:29:11]  正在连接 QQ-备用 邮箱服务器 (shouqianbadavid@qq.com) ...
[2026-06-27 00:29:46]  正在连接 QQ-主 邮箱服务器 (497720537@qq.com) ...
[2026-06-27 00:29:47]  正在连接 QQ-备用 邮箱服务器 (shouqianbadavid@qq.com) ...
[2026-06-27 00:30:23]  正在连接 QQ-主 邮箱服务器 (497720537@qq.com) ...
[2026-06-27 00:30:23]  正在连接 QQ-备用 邮箱服务器 (shouqianbadavid@qq.com) ...
[2026-06-27 00:30:59]  正在连接 QQ-主 邮箱服务器 (497720537@qq.com) ...
[2026-06-27 00:31:00]  正在连接 QQ-备用 邮箱服务器 (shouqianbadavid@qq.com) ...
[2026-06-27 00:31:35]  正在连接 QQ-主 邮箱服务器 (497720537@qq.com) ...
[2026-06-27 00:31:36]  正在连接 QQ-备用 邮箱服务器 (shouqianbadavid@qq.com) ...
[2026-06-27 00:32:11]  正在连接 QQ-主 邮箱服务器 (497720537@qq.com) ...
[2026-06-27 00:32:12]  正在连接 QQ-备用 邮箱服务器 (shouqianbadavid@qq.com) ...
[2026-06-27 00:32:47]  正在连接 QQ-主 邮箱服务器 (497720537@qq.com) ...
[2026-06-27 00:32:48]  正在连接 QQ-备用 邮箱服务器 (shouqianbadavid@qq.com) ...
[2026-06-27 00:33:24]  正在连接 QQ-主 邮箱服务器 (497720537@qq.com) ...
[2026-06-27 00:33:24]  正在连接 QQ-备用 邮箱服务器 (shouqianbadavid@qq.com) ...
[2026-06-27 00:33:59]  正在连接 QQ-主 邮箱服务器 (497720537@qq.com) ...
[2026-06-27 00:34:00]  正在连接 QQ-备用 邮箱服务器 (shouqianbadavid@qq.com) ...
[2026-06-27 00:34:36]  正在连接 QQ-主 邮箱服务器 (497720537@qq.com) ...
[2026-06-27 00:34:36]  正在连接 QQ-备用 邮箱服务器 (shouqianbadavid@qq.com) ...
[2026-06-27 00:35:12]  正在连接 QQ-主 邮箱服务器 (497720537@qq.com) ...
[2026-06-27 00:35:12]  正在连接 QQ-备用 邮箱服务器 (shouqianbadavid@qq.com) ...
[2026-06-27 00:35:48]  正在连接 QQ-主 邮箱服务器 (497720537@qq.com) ...
[2026-06-27 00:35:49]  正在连接 QQ-备用 邮箱服务器 (shouqianbadavid@qq.com) ...
[2026-06-27 00:36:24]  正在连接 QQ-主 邮箱服务器 (497720537@qq.com) ...
[2026-06-27 00:36:25]  正在连接 QQ-备用 邮箱服务器 (shouqianbadavid@qq.com) ...
[2026-06-27 00:37:01]  正在连接 QQ-主 邮箱服务器 (497720537@qq.com) ...
[2026-06-27 00:37:01]  正在连接 QQ-备用 邮箱服务器 (shouqianbadavid@qq.com) ...
[2026-06-27 00:37:37]  正在连接 QQ-主 邮箱服务器 (497720537@qq.com) ...
[2026-06-27 00:37:38]  正在连接 QQ-备用 邮箱服务器 (shouqianbadavid@qq.com) ...
[2026-06-27 00:38:13]  正在连接 QQ-主 邮箱服务器 (497720537@qq.com) ...
[2026-06-27 00:38:14]  正在连接 QQ-备用 邮箱服务器 (shouqianbadavid@qq.com) ...
[2026-06-27 00:38:50]  正在连接 QQ-主 邮箱服务器 (497720537@qq.com) ...
[2026-06-27 00:38:51]  正在连接 QQ-备用 邮箱服务器 (shouqianbadavid@qq.com) ...
[2026-06-27 00:39:26]  正在连接 QQ-主 邮箱服务器 (497720537@qq.com) ...
[2026-06-27 00:39:27]  正在连接 QQ-备用 邮箱服务器 (shouqianbadavid@qq.com) ...
[2026-06-27 00:40:03]  正在连接 QQ-主 邮箱服务器 (497720537@qq.com) ...
[2026-06-27 00:40:03]  正在连接 QQ-备用 邮箱服务器 (shouqianbadavid@qq.com) ...
[2026-06-27 00:40:39]  正在连接 QQ-主 邮箱服务器 (497720537@qq.com) ...
[2026-06-27 00:40:40]  正在连接 QQ-备用 邮箱服务器 (shouqianbadavid@qq.com) ...
[2026-06-27 00:41:15]  正在连接 QQ-主 邮箱服务器 (497720537@qq.com) ...
[2026-06-27 00:41:16]  正在连接 QQ-备用 邮箱服务器 (shouqianbadavid@qq.com) ...
[2026-06-27 00:41:52]  正在连接 QQ-主 邮箱服务器 (497720537@qq.com) ...
[2026-06-27 00:41:52]  正在连接 QQ-备用 邮箱服务器 (shouqianbadavid@qq.com) ...
[2026-06-27 00:42:28]  正在连接 QQ-主 邮箱服务器 (497720537@qq.com) ...
[2026-06-27 00:42:29]  正在连接 QQ-备用 邮箱服务器 (shouqianbadavid@qq.com) ...
[2026-06-27 00:43:04]  正在连接 QQ-主 邮箱服务器 (497720537@qq.com) ...
[2026-06-27 00:43:05]  正在连接 QQ-备用 邮箱服务器 (shouqianbadavid@qq.com) ...
[2026-06-27 00:43:40]  正在连接 QQ-主 邮箱服务器 (497720537@qq.com) ...
[2026-06-27 00:43:41]  正在连接 QQ-备用 邮箱服务器 (shouqianbadavid@qq.com) ...
[2026-06-27 00:44:16]  正在连接 QQ-主 邮箱服务器 (497720537@qq.com) ...
[2026-06-27 00:44:17]  正在连接 QQ-备用 邮箱服务器 (shouqianbadavid@qq.com) ...
[2026-06-27 00:44:53]  正在连接 QQ-主 邮箱服务器 (497720537@qq.com) ...
[2026-06-27 00:44:53]  正在连接 QQ-备用 邮箱服务器 (shouqianbadavid@qq.com) ...
[2026-06-27 00:45:29]  正在连接 QQ-主 邮箱服务器 (497720537@qq.com) ...
[2026-06-27 00:45:29]  正在连接 QQ-备用 邮箱服务器 (shouqianbadavid@qq.com) ...
[2026-06-27 00:46:05]  正在连接 QQ-主 邮箱服务器 (497720537@qq.com) ...
[2026-06-27 00:46:06]  正在连接 QQ-备用 邮箱服务器 (shouqianbadavid@qq.com) ...
[2026-06-27 00:46:41]  正在连接 QQ-主 邮箱服务器 (497720537@qq.com) ...
[2026-06-27 00:46:42]  正在连接 QQ-备用 邮箱服务器 (shouqianbadavid@qq.com) ...
[2026-06-27 00:47:17]  正在连接 QQ-主 邮箱服务器 (497720537@qq.com) ...
[2026-06-27 00:47:18]  正在连接 QQ-备用 邮箱服务器 (shouqianbadavid@qq.com) ...
[2026-06-27 00:47:54]  正在连接 QQ-主 邮箱服务器 (497720537@qq.com) ...
[2026-06-27 00:47:54]  正在连接 QQ-备用 邮箱服务器 (shouqianbadavid@qq.com) ...
[2026-06-27 00:48:30]  正在连接 QQ-主 邮箱服务器 (497720537@qq.com) ...
[2026-06-27 00:48:30]  正在连接 QQ-备用 邮箱服务器 (shouqianbadavid@qq.com) ...
[2026-06-27 00:49:06]  正在连接 QQ-主 邮箱服务器 (497720537@qq.com) ...
[2026-06-27 00:49:07]  正在连接 QQ-备用 邮箱服务器 (shouqianbadavid@qq.com) ...
[2026-06-27 00:49:42]  正在连接 QQ-主 邮箱服务器 (497720537@qq.com) ...
[2026-06-27 00:49:43]  正在连接 QQ-备用 邮箱服务器 (shouqianbadavid@qq.com) ...
[2026-06-27 00:50:19]  正在连接 QQ-主 邮箱服务器 (497720537@qq.com) ...
[2026-06-27 00:50:19]  正在连接 QQ-备用 邮箱服务器 (shouqianbadavid@qq.com) ...
[2026-06-27 00:50:55]  正在连接 QQ-主 邮箱服务器 (497720537@qq.com) ...
[2026-06-27 00:50:56]  正在连接 QQ-备用 邮箱服务器 (shouqianbadavid@qq.com) ...
[2026-06-27 00:51:31]  正在连接 QQ-主 邮箱服务器 (497720537@qq.com) ...
[2026-06-27 00:51:32]  正在连接 QQ-备用 邮箱服务器 (shouqianbadavid@qq.com) ...
[2026-06-27 00:52:07]  正在连接 QQ-主 邮箱服务器 (497720537@qq.com) ...
[2026-06-27 00:52:08]  正在连接 QQ-备用 邮箱服务器 (shouqianbadavid@qq.com) ...
[2026-06-27 00:52:44]  正在连接 QQ-主 邮箱服务器 (497720537@qq.com) ...
[2026-06-27 00:52:44]  正在连接 QQ-备用 邮箱服务器 (shouqianbadavid@qq.com) ...
