[2026-05-06 05:15:26]  AlphaPilot 监听服务 (Pro 多邮箱版) 启动...
[2026-05-06 05:15:26]  信号保存目录: D:\mpython\signals
[2026-05-06 05:15:26]  日志文件: D:\mpython\logs_receiver\receiver_20260506.log
[2026-05-06 05:15:26]  正在连接 QQ-主 邮箱服务器 (497720537@qq.com) ...
[2026-05-06 05:15:30]  正在连接 QQ-备用 邮箱服务器 (shouqianbadavid@qq.com) ...
[2026-05-06 05:15:31]  QQ-备用 正在解析因子: =?utf-8?B?5L2g5pyJIDEg5Liq5Lit6L2s56uZ5paH5Lu25Y2z?=
 =?utf-8?B?5bCG6L+H5pyf77yM6L+H5pyf5bCG5peg5rOV57ut?=
 =?utf-8?B?5pyf5oiW5oGi5aSN77yM5aaC5pyJ6ZyA6KaB77yM?=
 =?utf-8?B?6K+35YmN5b6A5aSE55CG44CC?=
[2026-05-06 05:15:31]  QQ-备用 邮件 678 无 HTML 表格
[2026-05-06 05:16:06]  正在连接 QQ-主 邮箱服务器 (497720537@qq.com) ...
[2026-05-06 05:16:07]  正在连接 QQ-备用 邮箱服务器 (shouqianbadavid@qq.com) ...
[2026-05-06 05:16:43]  正在连接 QQ-主 邮箱服务器 (497720537@qq.com) ...
[2026-05-06 05:16:43]  正在连接 QQ-备用 邮箱服务器 (shouqianbadavid@qq.com) ...
[2026-05-06 05:17:19]  正在连接 QQ-主 邮箱服务器 (497720537@qq.com) ...
[2026-05-06 05:17:19]  正在连接 QQ-备用 邮箱服务器 (shouqianbadavid@qq.com) ...
[2026-05-06 05:17:55]  正在连接 QQ-主 邮箱服务器 (497720537@qq.com) ...
[2026-05-06 05:17:56]  正在连接 QQ-备用 邮箱服务器 (shouqianbadavid@qq.com) ...
[2026-05-06 05:18:32]  正在连接 QQ-主 邮箱服务器 (497720537@qq.com) ...
[2026-05-06 05:18:32]  正在连接 QQ-备用 邮箱服务器 (shouqianbadavid@qq.com) ...
[2026-05-06 05:19:08]  正在连接 QQ-主 邮箱服务器 (497720537@qq.com) ...
[2026-05-06 05:19:09]  正在连接 QQ-备用 邮箱服务器 (shouqianbadavid@qq.com) ...
[2026-05-06 05:19:44]  正在连接 QQ-主 邮箱服务器 (497720537@qq.com) ...
[2026-05-06 05:19:45]  正在连接 QQ-备用 邮箱服务器 (shouqianbadavid@qq.com) ...
[2026-05-06 05:20:21]  正在连接 QQ-主 邮箱服务器 (497720537@qq.com) ...
[2026-05-06 05:20:22]  正在连接 QQ-备用 邮箱服务器 (shouqianbadavid@qq.com) ...
[2026-05-06 05:20:57]  正在连接 QQ-主 邮箱服务器 (497720537@qq.com) ...
[2026-05-06 05:20:58]  正在连接 QQ-备用 邮箱服务器 (shouqianbadavid@qq.com) ...
[2026-05-06 05:21:34]  正在连接 QQ-主 邮箱服务器 (497720537@qq.com) ...
[2026-05-06 05:21:34]  正在连接 QQ-备用 邮箱服务器 (shouqianbadavid@qq.com) ...
[2026-05-06 05:22:10]  正在连接 QQ-主 邮箱服务器 (497720537@qq.com) ...
[2026-05-06 05:22:11]  正在连接 QQ-备用 邮箱服务器 (shouqianbadavid@qq.com) ...
[2026-05-06 05:22:47]  正在连接 QQ-主 邮箱服务器 (497720537@qq.com) ...
[2026-05-06 05:22:47]  正在连接 QQ-备用 邮箱服务器 (shouqianbadavid@qq.com) ...
[2026-05-06 05:23:23]  正在连接 QQ-主 邮箱服务器 (497720537@qq.com) ...
[2026-05-06 05:23:24]  正在连接 QQ-备用 邮箱服务器 (shouqianbadavid@qq.com) ...
[2026-05-06 05:24:00]  正在连接 QQ-主 邮箱服务器 (497720537@qq.com) ...
[2026-05-06 05:24:00]  正在连接 QQ-备用 邮箱服务器 (shouqianbadavid@qq.com) ...
[2026-05-06 05:24:36]  正在连接 QQ-主 邮箱服务器 (497720537@qq.com) ...
[2026-05-06 05:24:37]  正在连接 QQ-备用 邮箱服务器 (shouqianbadavid@qq.com) ...
[2026-05-06 05:25:12]  正在连接 QQ-主 邮箱服务器 (497720537@qq.com) ...
[2026-05-06 05:25:13]  正在连接 QQ-备用 邮箱服务器 (shouqianbadavid@qq.com) ...
[2026-05-06 05:25:49]  正在连接 QQ-主 邮箱服务器 (497720537@qq.com) ...
[2026-05-06 05:25:49]  正在连接 QQ-备用 邮箱服务器 (shouqianbadavid@qq.com) ...
[2026-05-06 05:26:25]  正在连接 QQ-主 邮箱服务器 (497720537@qq.com) ...
[2026-05-06 05:26:26]  正在连接 QQ-备用 邮箱服务器 (shouqianbadavid@qq.com) ...
[2026-05-06 05:49:20]  正在连接 QQ-主 邮箱服务器 (497720537@qq.com) ...
[2026-05-06 05:49:22]  正在连接 QQ-备用 邮箱服务器 (shouqianbadavid@qq.com) ...
[2026-05-06 05:49:58]  正在连接 QQ-主 邮箱服务器 (497720537@qq.com) ...
[2026-05-06 05:49:58]  正在连接 QQ-备用 邮箱服务器 (shouqianbadavid@qq.com) ...
[2026-05-06 05:50:34]  正在连接 QQ-主 邮箱服务器 (497720537@qq.com) ...
[2026-05-06 05:50:35]  正在连接 QQ-备用 邮箱服务器 (shouqianbadavid@qq.com) ...
[2026-05-06 05:51:10]  正在连接 QQ-主 邮箱服务器 (497720537@qq.com) ...
[2026-05-06 05:51:11]  正在连接 QQ-备用 邮箱服务器 (shouqianbadavid@qq.com) ...
[2026-05-06 05:51:47]  正在连接 QQ-主 邮箱服务器 (497720537@qq.com) ...
[2026-05-06 05:51:48]  正在连接 QQ-备用 邮箱服务器 (shouqianbadavid@qq.com) ...
[2026-05-06 05:52:23]  正在连接 QQ-主 邮箱服务器 (497720537@qq.com) ...
[2026-05-06 05:52:24]  正在连接 QQ-备用 邮箱服务器 (shouqianbadavid@qq.com) ...
[2026-05-06 05:53:00]  正在连接 QQ-主 邮箱服务器 (497720537@qq.com) ...
[2026-05-06 05:53:00]  正在连接 QQ-备用 邮箱服务器 (shouqianbadavid@qq.com) ...
[2026-05-06 05:53:36]  正在连接 QQ-主 邮箱服务器 (497720537@qq.com) ...
[2026-05-06 05:53:37]  正在连接 QQ-备用 邮箱服务器 (shouqianbadavid@qq.com) ...
[2026-05-06 05:54:13]  正在连接 QQ-主 邮箱服务器 (497720537@qq.com) ...
[2026-05-06 05:54:13]  正在连接 QQ-备用 邮箱服务器 (shouqianbadavid@qq.com) ...
[2026-05-06 05:54:49]  正在连接 QQ-主 邮箱服务器 (497720537@qq.com) ...
[2026-05-06 05:54:50]  正在连接 QQ-备用 邮箱服务器 (shouqianbadavid@qq.com) ...
[2026-05-06 05:55:25]  正在连接 QQ-主 邮箱服务器 (497720537@qq.com) ...
[2026-05-06 05:55:26]  正在连接 QQ-备用 邮箱服务器 (shouqianbadavid@qq.com) ...
[2026-05-06 05:56:02]  正在连接 QQ-主 邮箱服务器 (497720537@qq.com) ...
[2026-05-06 05:56:03]  正在连接 QQ-备用 邮箱服务器 (shouqianbadavid@qq.com) ...
[2026-05-06 05:56:39]  正在连接 QQ-主 邮箱服务器 (497720537@qq.com) ...
[2026-05-06 05:56:39]  正在连接 QQ-备用 邮箱服务器 (shouqianbadavid@qq.com) ...
[2026-05-06 05:57:15]  正在连接 QQ-主 邮箱服务器 (497720537@qq.com) ...
[2026-05-06 05:57:16]  正在连接 QQ-备用 邮箱服务器 (shouqianbadavid@qq.com) ...
[2026-05-06 05:57:52]  正在连接 QQ-主 邮箱服务器 (497720537@qq.com) ...
[2026-05-06 05:57:52]  正在连接 QQ-备用 邮箱服务器 (shouqianbadavid@qq.com) ...
[2026-05-06 05:58:28]  正在连接 QQ-主 邮箱服务器 (497720537@qq.com) ...
[2026-05-06 05:58:29]  正在连接 QQ-备用 邮箱服务器 (shouqianbadavid@qq.com) ...
[2026-05-06 05:59:05]  正在连接 QQ-主 邮箱服务器 (497720537@qq.com) ...
[2026-05-06 05:59:05]  正在连接 QQ-备用 邮箱服务器 (shouqianbadavid@qq.com) ...
[2026-05-06 05:59:41]  正在连接 QQ-主 邮箱服务器 (497720537@qq.com) ...
[2026-05-06 05:59:42]  正在连接 QQ-备用 邮箱服务器 (shouqianbadavid@qq.com) ...
[2026-05-06 06:00:17]  正在连接 QQ-主 邮箱服务器 (497720537@qq.com) ...
[2026-05-06 06:00:18]  正在连接 QQ-备用 邮箱服务器 (shouqianbadavid@qq.com) ...
[2026-05-06 06:00:54]  正在连接 QQ-主 邮箱服务器 (497720537@qq.com) ...
[2026-05-06 06:00:55]  正在连接 QQ-备用 邮箱服务器 (shouqianbadavid@qq.com) ...
[2026-05-06 06:01:31]  正在连接 QQ-主 邮箱服务器 (497720537@qq.com) ...
[2026-05-06 06:01:31]  正在连接 QQ-备用 邮箱服务器 (shouqianbadavid@qq.com) ...
[2026-05-06 06:02:07]  正在连接 QQ-主 邮箱服务器 (497720537@qq.com) ...
[2026-05-06 06:02:08]  正在连接 QQ-备用 邮箱服务器 (shouqianbadavid@qq.com) ...
[2026-05-06 06:02:43]  正在连接 QQ-主 邮箱服务器 (497720537@qq.com) ...
[2026-05-06 06:02:44]  正在连接 QQ-备用 邮箱服务器 (shouqianbadavid@qq.com) ...
[2026-05-06 06:03:20]  正在连接 QQ-主 邮箱服务器 (497720537@qq.com) ...
[2026-05-06 06:03:21]  正在连接 QQ-备用 邮箱服务器 (shouqianbadavid@qq.com) ...
[2026-05-06 06:03:56]  正在连接 QQ-主 邮箱服务器 (497720537@qq.com) ...
[2026-05-06 06:03:57]  正在连接 QQ-备用 邮箱服务器 (shouqianbadavid@qq.com) ...
[2026-05-06 06:04:33]  正在连接 QQ-主 邮箱服务器 (497720537@qq.com) ...
[2026-05-06 06:04:33]  正在连接 QQ-备用 邮箱服务器 (shouqianbadavid@qq.com) ...
[2026-05-06 06:05:09]  正在连接 QQ-主 邮箱服务器 (497720537@qq.com) ...
[2026-05-06 06:05:10]  正在连接 QQ-备用 邮箱服务器 (shouqianbadavid@qq.com) ...
[2026-05-06 06:05:45]  正在连接 QQ-主 邮箱服务器 (497720537@qq.com) ...
[2026-05-06 06:05:46]  正在连接 QQ-备用 邮箱服务器 (shouqianbadavid@qq.com) ...
[2026-05-06 06:06:22]  正在连接 QQ-主 邮箱服务器 (497720537@qq.com) ...
[2026-05-06 06:06:22]  正在连接 QQ-备用 邮箱服务器 (shouqianbadavid@qq.com) ...
[2026-05-06 06:06:58]  正在连接 QQ-主 邮箱服务器 (497720537@qq.com) ...
[2026-05-06 06:06:59]  正在连接 QQ-备用 邮箱服务器 (shouqianbadavid@qq.com) ...
[2026-05-06 06:07:34]  正在连接 QQ-主 邮箱服务器 (497720537@qq.com) ...
[2026-05-06 06:07:35]  正在连接 QQ-备用 邮箱服务器 (shouqianbadavid@qq.com) ...
[2026-05-06 06:08:11]  正在连接 QQ-主 邮箱服务器 (497720537@qq.com) ...
[2026-05-06 06:08:12]  正在连接 QQ-备用 邮箱服务器 (shouqianbadavid@qq.com) ...
[2026-05-06 06:08:47]  正在连接 QQ-主 邮箱服务器 (497720537@qq.com) ...
[2026-05-06 06:08:48]  正在连接 QQ-备用 邮箱服务器 (shouqianbadavid@qq.com) ...
[2026-05-06 06:09:24]  正在连接 QQ-主 邮箱服务器 (497720537@qq.com) ...
[2026-05-06 06:09:24]  正在连接 QQ-备用 邮箱服务器 (shouqianbadavid@qq.com) ...
[2026-05-06 06:10:00]  正在连接 QQ-主 邮箱服务器 (497720537@qq.com) ...
[2026-05-06 06:10:01]  正在连接 QQ-备用 邮箱服务器 (shouqianbadavid@qq.com) ...
[2026-05-06 06:10:37]  正在连接 QQ-主 邮箱服务器 (497720537@qq.com) ...
[2026-05-06 06:10:37]  正在连接 QQ-备用 邮箱服务器 (shouqianbadavid@qq.com) ...
[2026-05-06 06:11:13]  正在连接 QQ-主 邮箱服务器 (497720537@qq.com) ...
[2026-05-06 06:11:14]  正在连接 QQ-备用 邮箱服务器 (shouqianbadavid@qq.com) ...
[2026-05-06 06:12:53]  正在连接 QQ-主 邮箱服务器 (497720537@qq.com) ...
[2026-05-06 06:12:54]  正在连接 QQ-备用 邮箱服务器 (shouqianbadavid@qq.com) ...
[2026-05-06 06:13:30]  正在连接 QQ-主 邮箱服务器 (497720537@qq.com) ...
[2026-05-06 06:13:30]  正在连接 QQ-备用 邮箱服务器 (shouqianbadavid@qq.com) ...
[2026-05-06 06:14:06]  正在连接 QQ-主 邮箱服务器 (497720537@qq.com) ...
[2026-05-06 06:14:07]  正在连接 QQ-备用 邮箱服务器 (shouqianbadavid@qq.com) ...
[2026-05-06 06:14:43]  正在连接 QQ-主 邮箱服务器 (497720537@qq.com) ...
[2026-05-06 06:14:44]  正在连接 QQ-备用 邮箱服务器 (shouqianbadavid@qq.com) ...
[2026-05-06 06:15:20]  正在连接 QQ-主 邮箱服务器 (497720537@qq.com) ...
[2026-05-06 06:15:20]  正在连接 QQ-备用 邮箱服务器 (shouqianbadavid@qq.com) ...
[2026-05-06 06:15:56]  正在连接 QQ-主 邮箱服务器 (497720537@qq.com) ...
[2026-05-06 06:15:57]  正在连接 QQ-备用 邮箱服务器 (shouqianbadavid@qq.com) ...
[2026-05-06 06:16:33]  正在连接 QQ-主 邮箱服务器 (497720537@qq.com) ...
[2026-05-06 06:16:34]  正在连接 QQ-备用 邮箱服务器 (shouqianbadavid@qq.com) ...
[2026-05-06 06:17:10]  正在连接 QQ-主 邮箱服务器 (497720537@qq.com) ...
[2026-05-06 06:17:10]  正在连接 QQ-备用 邮箱服务器 (shouqianbadavid@qq.com) ...
[2026-05-06 06:17:46]  正在连接 QQ-主 邮箱服务器 (497720537@qq.com) ...
[2026-05-06 06:17:47]  正在连接 QQ-备用 邮箱服务器 (shouqianbadavid@qq.com) ...
[2026-05-06 06:18:23]  正在连接 QQ-主 邮箱服务器 (497720537@qq.com) ...
[2026-05-06 06:18:24]  正在连接 QQ-备用 邮箱服务器 (shouqianbadavid@qq.com) ...
[2026-05-06 06:19:00]  正在连接 QQ-主 邮箱服务器 (497720537@qq.com) ...
[2026-05-06 06:19:00]  正在连接 QQ-备用 邮箱服务器 (shouqianbadavid@qq.com) ...
[2026-05-06 06:19:36]  正在连接 QQ-主 邮箱服务器 (497720537@qq.com) ...
[2026-05-06 06:19:36]  正在连接 QQ-备用 邮箱服务器 (shouqianbadavid@qq.com) ...
[2026-05-06 06:20:12]  正在连接 QQ-主 邮箱服务器 (497720537@qq.com) ...
[2026-05-06 06:20:13]  正在连接 QQ-备用 邮箱服务器 (shouqianbadavid@qq.com) ...
[2026-05-06 06:20:49]  正在连接 QQ-主 邮箱服务器 (497720537@qq.com) ...
[2026-05-06 06:20:49]  正在连接 QQ-备用 邮箱服务器 (shouqianbadavid@qq.com) ...
[2026-05-06 06:31:19]  正在连接 QQ-主 邮箱服务器 (497720537@qq.com) ...
[2026-05-06 06:31:19]  正在连接 QQ-备用 邮箱服务器 (shouqianbadavid@qq.com) ...
[2026-05-06 06:31:55]  正在连接 QQ-主 邮箱服务器 (497720537@qq.com) ...
[2026-05-06 06:31:56]  正在连接 QQ-备用 邮箱服务器 (shouqianbadavid@qq.com) ...
[2026-05-06 06:32:32]  正在连接 QQ-主 邮箱服务器 (497720537@qq.com) ...
[2026-05-06 06:32:32]  正在连接 QQ-备用 邮箱服务器 (shouqianbadavid@qq.com) ...
[2026-05-06 06:33:08]  正在连接 QQ-主 邮箱服务器 (497720537@qq.com) ...
[2026-05-06 06:33:09]  正在连接 QQ-备用 邮箱服务器 (shouqianbadavid@qq.com) ...
[2026-05-06 06:33:44]  正在连接 QQ-主 邮箱服务器 (497720537@qq.com) ...
[2026-05-06 06:33:45]  正在连接 QQ-备用 邮箱服务器 (shouqianbadavid@qq.com) ...
[2026-05-06 06:34:21]  正在连接 QQ-主 邮箱服务器 (497720537@qq.com) ...
[2026-05-06 06:34:22]  正在连接 QQ-备用 邮箱服务器 (shouqianbadavid@qq.com) ...
[2026-05-06 06:34:57]  正在连接 QQ-主 邮箱服务器 (497720537@qq.com) ...
[2026-05-06 06:34:58]  正在连接 QQ-备用 邮箱服务器 (shouqianbadavid@qq.com) ...
[2026-05-06 06:35:33]  正在连接 QQ-主 邮箱服务器 (497720537@qq.com) ...
[2026-05-06 06:35:34]  正在连接 QQ-备用 邮箱服务器 (shouqianbadavid@qq.com) ...
[2026-05-06 06:36:09]  正在连接 QQ-主 邮箱服务器 (497720537@qq.com) ...
[2026-05-06 06:36:10]  正在连接 QQ-备用 邮箱服务器 (shouqianbadavid@qq.com) ...
[2026-05-06 06:36:46]  正在连接 QQ-主 邮箱服务器 (497720537@qq.com) ...
[2026-05-06 06:36:47]  正在连接 QQ-备用 邮箱服务器 (shouqianbadavid@qq.com) ...
[2026-05-06 06:49:56]  正在连接 QQ-主 邮箱服务器 (497720537@qq.com) ...
[2026-05-06 13:38:13]  QQ-主 因子处理主循环异常: The read operation timed out
[2026-05-06 13:38:23]  正在连接 QQ-备用 邮箱服务器 (shouqianbadavid@qq.com) ...
[2026-05-06 13:38:24]  QQ-备用 正在解析因子: =?utf-8?b?QWxwaGFQaWxvdCDlpIfku73kv6Hlj7cgKGFscGhhX3NpZ25hbF90aHJfMjAyNjA1MDZfMDkzNy5qc29uKSBb5aSHUVEt6Ieq5L+dXQ==?=
[2026-05-06 13:38:24]  发现表格，共 11 行数据
[2026-05-06 13:38:24]  动态索引映射: ['股票代码', '股票名称', '信号', '当前价格', '量比', '来源过滤']
[2026-05-06 13:38:24]  [行1] 解析成功: SHSE.600821 [金发科技] BUY @ 8.1 (VR:0.54)
[2026-05-06 13:38:24]  [行2] 解析成功: SHSE.601016 [节能风电] BUY @ 4.34 (VR:0.34)
[2026-05-06 13:38:24]  [行3] 解析成功: SZSE.300782 [卓胜微] SELL @ 100.79 (VR:0.64)
[2026-05-06 13:38:24]  [行4] 解析成功: SZSE.300866 [安克创新] SELL @ 125.61 (VR:0.51)
[2026-05-06 13:38:24]  [行5] 解析成功: SZSE.300724 [捷佳伟创] BUY @ 92.54 (VR:0.29)
[2026-05-06 13:38:24]  [行6] 解析成功: SZSE.002015 [协鑫能科] BUY @ 19.02 (VR:1.66)
[2026-05-06 13:38:24]  [行7] 解析成功: SZSE.000533 [顺钠股份] BUY @ 13.1 (VR:2.47)
[2026-05-06 13:38:24]  [行8] 解析成功: SHSE.600821 [金发科技] BUY @ 8.1 (VR:0.91)
[2026-05-06 13:38:24]  [行9] 解析成功: SHSE.601016 [节能风电] BUY @ 4.34 (VR:0.5)
[2026-05-06 13:38:24]  [行10] 解析成功: SZSE.300782 [卓胜微] SELL @ 100.57 (VR:0.28)
[2026-05-06 13:38:24]  [行11] 解析成功: SZSE.300724 [捷佳伟创] BUY @ 92.66 (VR:0.76)
[2026-05-06 13:38:24] 成功保存 11 条因子至: signal_batch_20260506_133824_563875.txt
[2026-05-06 13:38:24]  QQ-备用 邮件 679 处理完成
[2026-05-06 13:38:24]  QQ-备用 正在解析因子: =?utf-8?b?QWxwaGFQaWxvdCDlpIfku73kv6Hlj7cgKGFscGhhX3NpZ25hbF90aHJfMjAyNjA1MDZfMDk0Ny5qc29uKSBb5aSHUVEt6Ieq5L+dXQ==?=
[2026-05-06 13:38:24]  发现表格，共 21 行数据
[2026-05-06 13:38:24]  动态索引映射: ['股票代码', '股票名称', '信号', '当前价格', '量比', '来源过滤']
[2026-05-06 13:38:24]  [行1] 解析成功: SZSE.002460 [赣锋锂业] BUY @ 88.27 (VR:1.17)
[2026-05-06 13:38:24]  [行2] 解析成功: SZSE.002498 [汉缆股份] SELL @ 8.97 (VR:1.11)
[2026-05-06 13:38:24]  [行3] 解析成功: SZSE.002364 [中恒电器] BUY @ 41.66 (VR:1.05)
[2026-05-06 13:38:24]  [行4] 解析成功: SZSE.002925 [盈趣科技] BUY @ 20.63 (VR:7.45)
[2026-05-06 13:38:24]  [行5] 解析成功: SZSE.002046 [国机精工] BUY @ 55.3 (VR:0.71)
[2026-05-06 13:38:24]  [行6] 解析成功: SZSE.002429 [兆驰股份] SELL @ 11.4 (VR:0.12)
[2026-05-06 13:38:24]  [行7] 解析成功: SZSE.000536 [华映科技] BUY @ 3.98 (VR:0.12)
[2026-05-06 13:38:24]  [行8] 解析成功: SZSE.300693 [盛弘股份] BUY @ 47.36 (VR:1.13)
[2026-05-06 13:38:24]  [行9] 解析成功: SZSE.002285 [世联行] BUY @ 3.21 (VR:6.42)
[2026-05-06 13:38:24]  [行10] 解析成功: SZSE.000592 [平潭发展] BUY @ 10.86 (VR:0.38)
[2026-05-06 13:38:24]  [行11] 解析成功: SZSE.002460 [赣锋锂业] BUY @ 88.61 (VR:1.72)
[2026-05-06 13:38:24]  [行12] 解析成功: SZSE.002498 [汉缆股份] SELL @ 8.96 (VR:0.11)
[2026-05-06 13:38:24]  [行13] 解析成功: SZSE.000685 [中山公用] SELL @ 11.77 (VR:0.18)
[2026-05-06 13:38:24]  [行14] 解析成功: SZSE.002925 [盈趣科技] BUY @ 20.76 (VR:2.57)
[2026-05-06 13:38:24]  [行15] 解析成功: SZSE.002429 [兆驰股份] SELL @ 11.39 (VR:0.16)
[2026-05-06 13:38:24]  [行16] 解析成功: SZSE.000536 [华映科技] BUY @ 3.98 (VR:0.13)
[2026-05-06 13:38:24]  [行17] 解析成功: SZSE.001309 [德利明] BUY @ 577.29 (VR:0.02)
[2026-05-06 13:38:24]  [行18] 解析成功: SZSE.002285 [世联行] BUY @ 3.22 (VR:4.42)
[2026-05-06 13:38:24]  [行19] 解析成功: SHSE.688617 [惠泰医疗] SELL @ 230.35 (VR:0.93)
[2026-05-06 13:38:24]  [行20] 解析成功: SHSE.688331 [荣昌生物] BUY @ 129.65 (VR:0.3)
[2026-05-06 13:38:24]  [行21] 解析成功: SHSE.688617 [惠泰医疗] SELL @ 230.34 (VR:1.38)
[2026-05-06 13:38:24] 成功保存 21 条因子至: signal_batch_20260506_133824_866981.txt
[2026-05-06 13:38:25]  QQ-备用 邮件 680 处理完成
[2026-05-06 13:38:25]  QQ-备用 正在解析因子: =?utf-8?b?QWxwaGFQaWxvdCDlpIfku73kv6Hlj7cgKGFscGhhX3NpZ25hbF90aHJfMjAyNjA1MDZfMDk1Ny5qc29uKSBb5aSHUVEt6Ieq5L+dXQ==?=
[2026-05-06 13:38:25]  发现表格，共 31 行数据
[2026-05-06 13:38:25]  动态索引映射: ['股票代码', '股票名称', '信号', '当前价格', '量比', '来源过滤']
[2026-05-06 13:38:25]  [行1] 解析成功: SZSE.301171 [易点天下] BUY @ 35.4 (VR:1.14)
[2026-05-06 13:38:25]  [行2] 解析成功: SZSE.002455 [百川股份] BUY @ 10.48 (VR:0.59)
[2026-05-06 13:38:25]  [行3] 解析成功: SZSE.002202 [金风科技] SELL @ 27.89 (VR:3.42)
[2026-05-06 13:38:25]  [行4] 解析成功: SZSE.301165 [锐捷网络] SELL @ 98.39 (VR:0.45)
[2026-05-06 13:38:25]  [行5] 解析成功: SZSE.300037 [新宙邦] SELL @ 69.75 (VR:1.01)
[2026-05-06 13:38:25]  [行6] 解析成功: SZSE.300207 [欣旺达] SELL @ 27.61 (VR:0.95)
[2026-05-06 13:38:25]  [行7] 解析成功: SZSE.300274 [阳光电源] BUY @ 139.71 (VR:0.47)
[2026-05-06 13:38:25]  [行8] 解析成功: SZSE.002195 [岩山科技] BUY @ 8.8 (VR:1.24)
[2026-05-06 13:38:25]  [行9] 解析成功: SZSE.002611 [东方精工] BUY @ 17.56 (VR:0.2)
[2026-05-06 13:38:25]  [行10] 解析成功: SZSE.300228 [富瑞特装] BUY @ 9.46 (VR:0.57)
[2026-05-06 13:38:25]  [行11] 解析成功: SZSE.301419 [瑞可达] SELL @ 41.6 (VR:0.6)
[2026-05-06 13:38:25]  [行12] 解析成功: SZSE.301071 [力量钻石] BUY @ 55.52 (VR:1.41)
[2026-05-06 13:38:25]  [行13] 解析成功: SZSE.300449 [汉邦高科] BUY @ 7.64 (VR:0.0)
[2026-05-06 13:38:25]  [行14] 解析成功: SZSE.300868 [杰美特] BUY @ 73.59 (VR:0.01)
[2026-05-06 13:38:25]  [行15] 解析成功: SZSE.300390 [天华超净] BUY @ 107.83 (VR:0.13)
[2026-05-06 13:38:25]  [行16] 解析成功: SZSE.300568 [星源材质] SELL @ 16.98 (VR:0.24)
[2026-05-06 13:38:25]  [行17] 解析成功: SZSE.300054 [鼎龙股份] BUY @ 65.68 (VR:0.69)
[2026-05-06 13:38:25]  [行18] 解析成功: SZSE.301171 [易点天下] BUY @ 35.45 (VR:0.58)
[2026-05-06 13:38:25]  [行19] 解析成功: SZSE.002455 [百川股份] BUY @ 10.48 (VR:0.34)
[2026-05-06 13:38:25]  [行20] 解析成功: SZSE.301165 [锐捷网络] SELL @ 98.2 (VR:0.99)
[2026-05-06 13:38:25]  [行21] 解析成功: SZSE.300037 [新宙邦] SELL @ 69.4 (VR:0.0)
[2026-05-06 13:38:25]  [行22] 解析成功: SZSE.300207 [欣旺达] SELL @ 27.57 (VR:0.4)
[2026-05-06 13:38:25]  [行23] 解析成功: SZSE.300677 [英科医疗] SELL @ 57.34 (VR:0.45)
[2026-05-06 13:38:25]  [行24] 解析成功: SZSE.300274 [阳光电源] BUY @ 139.76 (VR:0.35)
[2026-05-06 13:38:25]  [行25] 解析成功: SZSE.002195 [岩山科技] BUY @ 8.81 (VR:1.1)
[2026-05-06 13:38:25]  [行26] 解析成功: SZSE.002611 [东方精工] BUY @ 17.65 (VR:0.0)
[2026-05-06 13:38:25]  [行27] 解析成功: SZSE.300228 [富瑞特装] BUY @ 9.47 (VR:0.44)
[2026-05-06 13:38:25]  [行28] 解析成功: SZSE.301419 [瑞可达] SELL @ 41.55 (VR:0.29)
[2026-05-06 13:38:25]  [行29] 解析成功: SZSE.301071 [力量钻石] BUY @ 55.73 (VR:0.54)
[2026-05-06 13:38:25]  [行30] 解析成功: SZSE.300390 [天华超净] BUY @ 108.4 (VR:0.45)
[2026-05-06 13:38:25]  [行31] 解析成功: SZSE.300054 [鼎龙股份] BUY @ 66.12 (VR:0.04)
[2026-05-06 13:38:25] 成功保存 31 条因子至: signal_batch_20260506_133825_153432.txt
[2026-05-06 13:38:25]  QQ-备用 邮件 681 处理完成
[2026-05-06 13:38:25]  QQ-备用 正在解析因子: =?utf-8?b?QWxwaGFQaWxvdCDlpIfku73kv6Hlj7cgKGFscGhhX3NpZ25hbF90aHJfMjAyNjA1MDZfMTAwNS5qc29uKSBb5aSHUVEt6Ieq5L+dXQ==?=
[2026-05-06 13:38:25]  发现表格，共 24 行数据
[2026-05-06 13:38:25]  动态索引映射: ['股票代码', '股票名称', '信号', '当前价格', '量比', '来源过滤']
[2026-05-06 13:38:25]  [行1] 解析成功: SZSE.300722 [新余国科] SELL @ 28.95 (VR:0.04)
[2026-05-06 13:38:25]  [行2] 解析成功: SZSE.300259 [新天科技] BUY @ 4.48 (VR:0.31)
[2026-05-06 13:38:25]  [行3] 解析成功: SZSE.301018 [申菱环境] SELL @ 119.2 (VR:0.8)
[2026-05-06 13:38:25]  [行4] 解析成功: SZSE.300641 [正丹股份] BUY @ 17.86 (VR:0.01)
[2026-05-06 13:38:25]  [行5] 解析成功: SZSE.300461 [田中精机] BUY @ 52.36 (VR:0.26)
[2026-05-06 13:38:25]  [行6] 解析成功: SZSE.300385 [雪浪环境] SELL @ 15.9 (VR:0.04)
[2026-05-06 13:38:25]  [行7] 解析成功: SZSE.301389 [隆扬电子] SELL @ 64.95 (VR:1.87)
[2026-05-06 13:38:25]  [行8] 解析成功: SZSE.300468 [四方精创] BUY @ 29.21 (VR:1.15)
[2026-05-06 13:38:25]  [行9] 解析成功: SHSE.603353 [和顺电气] BUY @ 45.94 (VR:1.58)
[2026-05-06 13:38:25]  [行10] 解析成功: SHSE.688689 [银河微电] BUY @ 40.14 (VR:0.01)
[2026-05-06 13:38:25]  [行11] 解析成功: SHSE.603538 [美诺华] BUY @ 67.27 (VR:0.03)
[2026-05-06 13:38:25]  [行12] 解析成功: SZSE.300243 [瑞丰光电] BUY @ 17.38 (VR:0.0)
[2026-05-06 13:38:25]  [行13] 解析成功: SZSE.300722 [新余国科] SELL @ 28.94 (VR:0.26)
[2026-05-06 13:38:25]  [行14] 解析成功: SZSE.301158 [万集科技] BUY @ 26.24 (VR:1.02)
[2026-05-06 13:38:25]  [行15] 解析成功: SZSE.300259 [新天科技] BUY @ 4.49 (VR:0.71)
[2026-05-06 13:38:25]  [行16] 解析成功: SZSE.301018 [申菱环境] SELL @ 118.74 (VR:0.03)
[2026-05-06 13:38:25]  [行17] 解析成功: SZSE.300641 [正丹股份] BUY @ 17.9 (VR:0.05)
[2026-05-06 13:38:25]  [行18] 解析成功: SZSE.300461 [田中精机] BUY @ 52.61 (VR:0.24)
[2026-05-06 13:38:25]  [行19] 解析成功: SZSE.301329 [信音电子] BUY @ 26.0 (VR:2.23)
[2026-05-06 13:38:25]  [行20] 解析成功: SZSE.300385 [雪浪环境] SELL @ 15.84 (VR:0.22)
[2026-05-06 13:38:25]  [行21] 解析成功: SHSE.688689 [银河微电] BUY @ 40.32 (VR:0.12)
[2026-05-06 13:38:25]  [行22] 解析成功: SHSE.603538 [美诺华] BUY @ 67.4 (VR:0.07)
[2026-05-06 13:38:25]  [行23] 解析成功: SZSE.300243 [瑞丰光电] BUY @ 17.4 (VR:0.08)
[2026-05-06 13:38:25]  [行24] 解析成功: SZSE.301220 [亚香股份] BUY @ 37.8 (VR:0.27)
[2026-05-06 13:38:25] 成功保存 24 条因子至: signal_batch_20260506_133825_521541.txt
[2026-05-06 13:38:25]  QQ-备用 邮件 682 处理完成
[2026-05-06 13:38:25]  QQ-备用 正在解析因子: =?utf-8?b?QWxwaGFQaWxvdCDlpIfku73kv6Hlj7cgKGFscGhhX3NpZ25hbF90aHJfMjAyNjA1MDZfMTAxNC5qc29uKSBb5aSHUVEt6Ieq5L+dXQ==?=
[2026-05-06 13:38:25]  发现表格，共 23 行数据
[2026-05-06 13:38:25]  动态索引映射: ['股票代码', '股票名称', '信号', '当前价格', '量比', '来源过滤']
[2026-05-06 13:38:25]  [行1] 解析成功: SZSE.300195 [长荣股份] BUY @ 7.07 (VR:0.6)
[2026-05-06 13:38:25]  [行2] 解析成功: SZSE.002015 [协鑫能科] BUY @ 19.53 (VR:0.27)
[2026-05-06 13:38:25]  [行3] 解析成功: SZSE.301667 [纳百川] BUY @ 111.52 (VR:0.66)
[2026-05-06 13:38:25]  [行4] 解析成功: SHSE.688295 [奥林德] SELL @ 58.92 (VR:0.85)
[2026-05-06 13:38:25]  [行5] 解析成功: SHSE.601868 [中国能建] BUY @ 2.84 (VR:0.12)
[2026-05-06 13:38:25]  [行6] 解析成功: SHSE.600821 [金发科技] BUY @ 8.33 (VR:0.24)
[2026-05-06 13:38:25]  [行7] 解析成功: SHSE.600722 [金牛化工] BUY @ 13.63 (VR:0.27)
[2026-05-06 13:38:25]  [行8] 解析成功: SHSE.600726 [华电能源] BUY @ 6.6 (VR:0.5)
[2026-05-06 13:38:25]  [行9] 解析成功: SZSE.300782 [卓胜微] BUY @ 101.47 (VR:0.15)
[2026-05-06 13:38:25]  [行10] 解析成功: SZSE.300813 [泰林生物] BUY @ 25.3 (VR:1.27)
[2026-05-06 13:38:25]  [行11] 解析成功: SZSE.301281 [利源制药] BUY @ 37.79 (VR:0.33)
[2026-05-06 13:38:25]  [行12] 解析成功: SZSE.002015 [协鑫能科] BUY @ 19.53 (VR:0.02)
[2026-05-06 13:38:25]  [行13] 解析成功: SZSE.000912 [泸天化] BUY @ 4.73 (VR:0.02)
[2026-05-06 13:38:25]  [行14] 解析成功: SZSE.000533 [顺钠股份] BUY @ 13.14 (VR:0.23)
[2026-05-06 13:38:25]  [行15] 解析成功: SZSE.301226 [祥明智能] SELL @ 39.25 (VR:0.37)
[2026-05-06 13:38:25]  [行16] 解析成功: SZSE.301667 [纳百川] BUY @ 111.53 (VR:0.26)
[2026-05-06 13:38:25]  [行17] 解析成功: SHSE.600722 [金牛化工] BUY @ 13.68 (VR:0.09)
[2026-05-06 13:38:25]  [行18] 解析成功: SHSE.601016 [节能风电] BUY @ 4.4 (VR:2.32)
[2026-05-06 13:38:25]  [行19] 解析成功: SHSE.600726 [华电能源] BUY @ 6.62 (VR:0.6)
[2026-05-06 13:38:25]  [行20] 解析成功: SHSE.688295 [中复神鹰] SELL @ 58.83 (VR:0.75)
[2026-05-06 13:38:25]  [行21] 解析成功: SZSE.300782 [卓胜微] BUY @ 101.6 (VR:0.97)
[2026-05-06 13:38:25]  [行22] 解析成功: SZSE.300866 [安克创新] SELL @ 123.4 (VR:0.45)
[2026-05-06 13:38:25]  [行23] 解析成功: SZSE.300813 [泰林生物] BUY @ 25.37 (VR:0.04)
[2026-05-06 13:38:25] 成功保存 23 条因子至: signal_batch_20260506_133825_975234.txt
[2026-05-06 13:38:26]  QQ-备用 邮件 683 处理完成
[2026-05-06 13:38:26]  QQ-备用 正在解析因子: =?utf-8?b?QWxwaGFQaWxvdCDlpIfku73kv6Hlj7cgKGFscGhhX3NpZ25hbF90aHJfMjAyNjA1MDZfMTAyNC5qc29uKSBb5aSHUVEt6Ieq5L+dXQ==?=
[2026-05-06 13:38:26]  发现表格，共 31 行数据
[2026-05-06 13:38:26]  动态索引映射: ['股票代码', '股票名称', '信号', '当前价格', '量比', '来源过滤']
[2026-05-06 13:38:26]  [行1] 解析成功: SZSE.002300 [太阳电缆] BUY @ 9.53 (VR:0.39)
[2026-05-06 13:38:26]  [行2] 解析成功: SZSE.002498 [汉缆股份] SELL @ 9.02 (VR:1.62)
[2026-05-06 13:38:26]  [行3] 解析成功: SZSE.002364 [中恒电器] SELL @ 42.15 (VR:0.37)
[2026-05-06 13:38:26]  [行4] 解析成功: SZSE.000537 [绿发电力] BUY @ 10.23 (VR:0.73)
[2026-05-06 13:38:26]  [行5] 解析成功: SZSE.000338 [潍柴动力] BUY @ 34.31 (VR:0.78)
[2026-05-06 13:38:26]  [行6] 解析成功: SZSE.002925 [盈趣科技] SELL @ 20.62 (VR:0.63)
[2026-05-06 13:38:26]  [行7] 解析成功: SZSE.002046 [国机精工] SELL @ 56.23 (VR:1.81)
[2026-05-06 13:38:26]  [行8] 解析成功: SZSE.000536 [华映科技] BUY @ 3.95 (VR:0.33)
[2026-05-06 13:38:26]  [行9] 解析成功: SZSE.002828 [贝肯能源] SELL @ 11.33 (VR:1.46)
[2026-05-06 13:38:26]  [行10] 解析成功: SZSE.002240 [盛新锂能] SELL @ 61.77 (VR:0.93)
[2026-05-06 13:38:26]  [行11] 解析成功: SZSE.002285 [世联行] BUY @ 3.2 (VR:0.07)
[2026-05-06 13:38:26]  [行12] 解析成功: SHSE.688617 [惠泰医疗] BUY @ 230.01 (VR:0.41)
[2026-05-06 13:38:26]  [行13] 解析成功: SHSE.688331 [荣昌生物] BUY @ 129.9 (VR:0.31)
[2026-05-06 13:38:26]  [行14] 解析成功: SHSE.688617 [惠泰医疗] BUY @ 230.2 (VR:0.47)
[2026-05-06 13:38:26]  [行15] 解析成功: SZSE.000592 [平潭发展] SELL @ 10.87 (VR:2.02)
[2026-05-06 13:38:26]  [行16] 解析成功: SZSE.002300 [太阳电缆] BUY @ 9.55 (VR:0.13)
[2026-05-06 13:38:26]  [行17] 解析成功: SZSE.002498 [汉缆股份] SELL @ 9.01 (VR:0.05)
[2026-05-06 13:38:26]  [行18] 解析成功: SZSE.002364 [中恒电器] SELL @ 41.96 (VR:0.35)
[2026-05-06 13:38:26]  [行19] 解析成功: SZSE.000537 [绿发电力] BUY @ 10.27 (VR:0.96)
[2026-05-06 13:38:26]  [行20] 解析成功: SZSE.002475 [立讯精密] SELL @ 69.01 (VR:0.98)
[2026-05-06 13:38:26]  [行21] 解析成功: SZSE.000338 [潍柴动力] BUY @ 34.32 (VR:0.19)
[2026-05-06 13:38:26]  [行22] 解析成功: SZSE.002925 [盈趣科技] SELL @ 20.56 (VR:1.08)
[2026-05-06 13:38:26]  [行23] 解析成功: SZSE.002046 [国机精工] SELL @ 56.21 (VR:5.2)
[2026-05-06 13:38:26]  [行24] 解析成功: SZSE.000407 [胜利股份] SELL @ 4.7 (VR:2.97)
[2026-05-06 13:38:26]  [行25] 解析成功: SZSE.000536 [华映科技] BUY @ 3.96 (VR:0.05)
[2026-05-06 13:38:26]  [行26] 解析成功: SZSE.002828 [贝肯能源] SELL @ 11.32 (VR:0.15)
[2026-05-06 13:38:26]  [行27] 解析成功: SZSE.002285 [世联行] BUY @ 3.22 (VR:0.89)
[2026-05-06 13:38:26]  [行28] 解析成功: SZSE.300432 [富临精工] SELL @ 27.94 (VR:0.38)
[2026-05-06 13:38:26]  [行29] 解析成功: SHSE.688617 [惠泰医疗] BUY @ 229.73 (VR:1.14)
[2026-05-06 13:38:26]  [行30] 解析成功: SHSE.688617 [惠泰医疗] BUY @ 229.76 (VR:1.59)
[2026-05-06 13:38:26]  [行31] 解析成功: SZSE.000592 [平潭发展] SELL @ 10.86 (VR:0.11)
[2026-05-06 13:38:26] 成功保存 31 条因子至: signal_batch_20260506_133826_307879.txt
[2026-05-06 13:38:26]  QQ-备用 邮件 684 处理完成
[2026-05-06 13:38:26]  QQ-备用 正在解析因子: =?utf-8?b?QWxwaGFQaWxvdCDlpIfku73kv6Hlj7cgKGFscGhhX3NpZ25hbF90aHJfMjAyNjA1MDZfMTAzMC5qc29uKSBb5aSHUVEt6Ieq5L+dXQ==?=
[2026-05-06 13:38:26]  发现表格，共 26 行数据
[2026-05-06 13:38:26]  动态索引映射: ['股票代码', '股票名称', '信号', '当前价格', '量比', '来源过滤']
[2026-05-06 13:38:26]  [行1] 解析成功: SZSE.301171 [易点天下] BUY @ 35.71 (VR:5.27)
[2026-05-06 13:38:26]  [行2] 解析成功: SZSE.002202 [金风科技] BUY @ 28.13 (VR:0.93)
[2026-05-06 13:38:26]  [行3] 解析成功: SZSE.300037 [新宙邦] BUY @ 70.48 (VR:0.47)
[2026-05-06 13:38:26]  [行4] 解析成功: SZSE.002506 [协鑫集成] BUY @ 4.34 (VR:0.59)
[2026-05-06 13:38:26]  [行5] 解析成功: SZSE.002195 [岩山科技] BUY @ 8.82 (VR:0.62)
[2026-05-06 13:38:26]  [行6] 解析成功: SZSE.300393 [中来股份] BUY @ 11.14 (VR:0.15)
[2026-05-06 13:38:26]  [行7] 解析成功: SZSE.002611 [东方精工] BUY @ 17.51 (VR:0.46)
[2026-05-06 13:38:26]  [行8] 解析成功: SZSE.300228 [富瑞特装] BUY @ 9.44 (VR:0.55)
[2026-05-06 13:38:26]  [行9] 解析成功: SZSE.301419 [瑞可达] BUY @ 41.32 (VR:0.69)
[2026-05-06 13:38:26]  [行10] 解析成功: SZSE.301071 [力量钻石] BUY @ 56.04 (VR:0.67)
[2026-05-06 13:38:26]  [行11] 解析成功: SZSE.300930 [屹通新材] SELL @ 32.04 (VR:3.96)
[2026-05-06 13:38:26]  [行12] 解析成功: SZSE.300643 [万通智控] BUY @ 18.08 (VR:0.16)
[2026-05-06 13:38:26]  [行13] 解析成功: SZSE.300449 [汉邦高科] SELL @ 7.76 (VR:0.03)
[2026-05-06 13:38:26]  [行14] 解析成功: SZSE.301171 [易点天下] BUY @ 36.16 (VR:2.94)
[2026-05-06 13:38:26]  [行15] 解析成功: SZSE.002202 [金风科技] BUY @ 28.17 (VR:0.05)
[2026-05-06 13:38:26]  [行16] 解析成功: SZSE.300037 [新宙邦] BUY @ 70.99 (VR:0.66)
[2026-05-06 13:38:26]  [行17] 解析成功: SZSE.002506 [协鑫集成] BUY @ 4.36 (VR:3.0)
[2026-05-06 13:38:26]  [行18] 解析成功: SZSE.002195 [岩山科技] BUY @ 8.84 (VR:2.52)
[2026-05-06 13:38:26]  [行19] 解析成功: SZSE.300393 [中来股份] BUY @ 11.16 (VR:0.04)
[2026-05-06 13:38:26]  [行20] 解析成功: SZSE.002611 [东方精工] BUY @ 17.53 (VR:0.13)
[2026-05-06 13:38:26]  [行21] 解析成功: SZSE.300228 [富瑞特装] BUY @ 9.45 (VR:0.28)
[2026-05-06 13:38:26]  [行22] 解析成功: SZSE.301419 [瑞可达] BUY @ 41.33 (VR:0.16)
[2026-05-06 13:38:26]  [行23] 解析成功: SZSE.301071 [力量钻石] BUY @ 56.24 (VR:0.5)
[2026-05-06 13:38:26]  [行24] 解析成功: SZSE.300930 [屹通新材] SELL @ 32.02 (VR:0.8)
[2026-05-06 13:38:26]  [行25] 解析成功: SZSE.300643 [万通智控] BUY @ 18.1 (VR:2.01)
[2026-05-06 13:38:26]  [行26] 解析成功: SZSE.300449 [汉邦高科] SELL @ 7.75 (VR:0.5)
[2026-05-06 13:38:26] 成功保存 26 条因子至: signal_batch_20260506_133826_721898.txt
[2026-05-06 13:38:27]  QQ-备用 邮件 685 处理完成
[2026-05-06 13:38:27]  QQ-备用 正在解析因子: =?utf-8?b?QWxwaGFQaWxvdCDlpIfku73kv6Hlj7cgKGFscGhhX3NpZ25hbF90aHJfMjAyNjA1MDZfMTAzNS5qc29uKSBb5aSHUVEt6Ieq5L+dXQ==?=
[2026-05-06 13:38:27]  发现表格，共 22 行数据
[2026-05-06 13:38:27]  动态索引映射: ['股票代码', '股票名称', '信号', '当前价格', '量比', '来源过滤']
[2026-05-06 13:38:27]  [行1] 解析成功: SZSE.300722 [新余国科] SELL @ 28.98 (VR:0.64)
[2026-05-06 13:38:27]  [行2] 解析成功: SZSE.300461 [田中精机] BUY @ 52.76 (VR:0.4)
[2026-05-06 13:38:27]  [行3] 解析成功: SZSE.301389 [隆扬电子] BUY @ 65.31 (VR:0.54)
[2026-05-06 13:38:27]  [行4] 解析成功: SZSE.301449 [天溯计量] BUY @ 69.12 (VR:1.11)
[2026-05-06 13:38:27]  [行5] 解析成功: SHSE.688689 [银河微电] SELL @ 39.88 (VR:0.2)
[2026-05-06 13:38:27]  [行6] 解析成功: SHSE.603538 [美诺华] BUY @ 68.26 (VR:0.07)
[2026-05-06 13:38:27]  [行7] 解析成功: SZSE.300243 [瑞丰光电] BUY @ 17.44 (VR:0.03)
[2026-05-06 13:38:27]  [行8] 解析成功: SZSE.002980 [华盛昌] BUY @ 76.57 (VR:1.03)
[2026-05-06 13:38:27]  [行9] 解析成功: SZSE.301220 [亚香股份] SELL @ 37.54 (VR:0.05)
[2026-05-06 13:38:27]  [行10] 解析成功: SZSE.300185 [通裕重工] SELL @ 3.22 (VR:0.78)
[2026-05-06 13:38:27]  [行11] 解析成功: SZSE.300672 [国科微] BUY @ 191.31 (VR:0.52)
[2026-05-06 13:38:27]  [行12] 解析成功: SZSE.300722 [新余国科] SELL @ 28.96 (VR:0.08)
[2026-05-06 13:38:27]  [行13] 解析成功: SZSE.300461 [田中精机] BUY @ 52.82 (VR:0.22)
[2026-05-06 13:38:27]  [行14] 解析成功: SZSE.301389 [隆扬电子] BUY @ 65.36 (VR:2.18)
[2026-05-06 13:38:27]  [行15] 解析成功: SZSE.301449 [天溯计量] BUY @ 69.15 (VR:3.22)
[2026-05-06 13:38:27]  [行16] 解析成功: SHSE.688689 [银河微电] SELL @ 39.86 (VR:0.05)
[2026-05-06 13:38:27]  [行17] 解析成功: SHSE.603538 [美诺华] BUY @ 68.56 (VR:2.22)
[2026-05-06 13:38:27]  [行18] 解析成功: SZSE.300243 [瑞丰光电] BUY @ 17.47 (VR:0.33)
[2026-05-06 13:38:27]  [行19] 解析成功: SZSE.002980 [华盛昌] BUY @ 76.71 (VR:0.2)
[2026-05-06 13:38:27]  [行20] 解析成功: SZSE.301220 [亚香股份] SELL @ 37.53 (VR:0.22)
[2026-05-06 13:38:27]  [行21] 解析成功: SZSE.300185 [通裕重工] SELL @ 3.21 (VR:0.32)
[2026-05-06 13:38:27]  [行22] 解析成功: SZSE.300672 [国科微] BUY @ 192.28 (VR:0.03)
[2026-05-06 13:38:27] 成功保存 22 条因子至: signal_batch_20260506_133827_340804.txt
[2026-05-06 13:38:27]  QQ-备用 邮件 686 处理完成
[2026-05-06 13:38:27]  QQ-备用 正在解析因子: =?utf-8?b?QWxwaGFQaWxvdCDlpIfku73kv6Hlj7cgKGFscGhhX3NpZ25hbF90aHJfMjAyNjA1MDZfMTA0MS5qc29uKSBb5aSHUVEt6Ieq5L+dXQ==?=
[2026-05-06 13:38:27]  发现表格，共 8 行数据
[2026-05-06 13:38:27]  动态索引映射: ['股票代码', '股票名称', '信号', '当前价格', '量比', '来源过滤']
[2026-05-06 13:38:27]  [行1] 解析成功: SZSE.300195 [长荣股份] BUY @ 7.11 (VR:1.08)
[2026-05-06 13:38:27]  [行2] 解析成功: SZSE.300285 [国瓷材料] BUY @ 36.98 (VR:0.17)
[2026-05-06 13:38:27]  [行3] 解析成功: SZSE.301667 [纳百川] BUY @ 111.09 (VR:0.49)
[2026-05-06 13:38:27]  [行4] 解析成功: SZSE.300724 [捷佳伟创] SELL @ 93.33 (VR:0.53)
[2026-05-06 13:38:27]  [行5] 解析成功: SZSE.300195 [长荣股份] BUY @ 7.12 (VR:0.45)
[2026-05-06 13:38:27]  [行6] 解析成功: SZSE.300285 [国瓷材料] BUY @ 36.99 (VR:0.13)
[2026-05-06 13:38:27]  [行7] 解析成功: SZSE.301667 [纳百川] BUY @ 111.2 (VR:0.01)
[2026-05-06 13:38:27]  [行8] 解析成功: SZSE.300724 [捷佳伟创] SELL @ 93.15 (VR:0.48)
[2026-05-06 13:38:27] 成功保存 8 条因子至: signal_batch_20260506_133827_571538.txt
[2026-05-06 13:38:27]  QQ-备用 邮件 687 处理完成
[2026-05-06 13:38:27]  QQ-备用 正在解析因子: =?utf-8?b?QWxwaGFQaWxvdCDlpIfku73kv6Hlj7cgKGFscGhhX3NpZ25hbF90aHJfMjAyNjA1MDZfMTA0OC5qc29uKSBb5aSHUVEt6Ieq5L+dXQ==?=
[2026-05-06 13:38:27]  发现表格，共 18 行数据
[2026-05-06 13:38:27]  动态索引映射: ['股票代码', '股票名称', '信号', '当前价格', '量比', '来源过滤']
[2026-05-06 13:38:27]  [行1] 解析成功: SZSE.002364 [中恒电器] BUY @ 42.1 (VR:0.16)
[2026-05-06 13:38:27]  [行2] 解析成功: SZSE.000537 [绿发电力] BUY @ 10.37 (VR:0.33)
[2026-05-06 13:38:27]  [行3] 解析成功: SZSE.002475 [立讯精密] BUY @ 68.55 (VR:0.55)
[2026-05-06 13:38:27]  [行4] 解析成功: SZSE.002925 [盈趣科技] SELL @ 20.53 (VR:0.84)
[2026-05-06 13:38:27]  [行5] 解析成功: SZSE.002046 [国机精工] BUY @ 55.81 (VR:0.55)
[2026-05-06 13:38:27]  [行6] 解析成功: SZSE.000407 [胜利股份] BUY @ 4.72 (VR:2.66)
[2026-05-06 13:38:27]  [行7] 解析成功: SZSE.002240 [盛新锂能] BUY @ 61.27 (VR:0.06)
[2026-05-06 13:38:27]  [行8] 解析成功: SZSE.300693 [盛弘股份] BUY @ 47.42 (VR:0.05)
[2026-05-06 13:38:27]  [行9] 解析成功: SZSE.300432 [富临精工] BUY @ 27.95 (VR:0.07)
[2026-05-06 13:38:27]  [行10] 解析成功: SZSE.002364 [中恒电器] BUY @ 42.12 (VR:0.15)
[2026-05-06 13:38:27]  [行11] 解析成功: SZSE.000537 [绿发电力] BUY @ 10.4 (VR:1.45)
[2026-05-06 13:38:27]  [行12] 解析成功: SZSE.002475 [立讯精密] BUY @ 68.84 (VR:0.68)
[2026-05-06 13:38:27]  [行13] 解析成功: SZSE.002925 [盈趣科技] SELL @ 20.52 (VR:1.59)
[2026-05-06 13:38:27]  [行14] 解析成功: SZSE.002046 [国机精工] BUY @ 55.96 (VR:0.59)
[2026-05-06 13:38:27]  [行15] 解析成功: SZSE.000407 [胜利股份] BUY @ 4.74 (VR:0.22)
[2026-05-06 13:38:27]  [行16] 解析成功: SZSE.002240 [盛新锂能] BUY @ 61.58 (VR:0.18)
[2026-05-06 13:38:27]  [行17] 解析成功: SZSE.300693 [盛弘股份] BUY @ 47.45 (VR:0.3)
[2026-05-06 13:38:27]  [行18] 解析成功: SZSE.300432 [富临精工] BUY @ 28.0 (VR:0.57)
[2026-05-06 13:38:27] 成功保存 18 条因子至: signal_batch_20260506_133827_864721.txt
[2026-05-06 13:38:28]  QQ-备用 邮件 688 处理完成
[2026-05-06 13:38:28]  QQ-备用 正在解析因子: =?utf-8?b?QWxwaGFQaWxvdCDlpIfku73kv6Hlj7cgKGFscGhhX3NpZ25hbF90aHJfMjAyNjA1MDZfMTA1NC5qc29uKSBb5aSHUVEt6Ieq5L+dXQ==?=
[2026-05-06 13:38:28]  发现表格，共 20 行数据
[2026-05-06 13:38:28]  动态索引映射: ['股票代码', '股票名称', '信号', '当前价格', '量比', '来源过滤']
[2026-05-06 13:38:28]  [行1] 解析成功: SZSE.002202 [金风科技] BUY @ 28.18 (VR:0.2)
[2026-05-06 13:38:28]  [行2] 解析成功: SZSE.301165 [锐捷网络] SELL @ 98.9 (VR:0.34)
[2026-05-06 13:38:28]  [行3] 解析成功: SZSE.300037 [新宙邦] BUY @ 70.98 (VR:0.08)
[2026-05-06 13:38:28]  [行4] 解析成功: SZSE.300207 [欣旺达] BUY @ 27.59 (VR:0.29)
[2026-05-06 13:38:28]  [行5] 解析成功: SZSE.300677 [英科医疗] BUY @ 54.66 (VR:2.39)
[2026-05-06 13:38:28]  [行6] 解析成功: SZSE.300393 [中来股份] SELL @ 11.1 (VR:0.09)
[2026-05-06 13:38:28]  [行7] 解析成功: SZSE.301278 [快克股份] SELL @ 39.71 (VR:0.59)
[2026-05-06 13:38:28]  [行8] 解析成功: SZSE.300930 [屹通新材] SELL @ 32.01 (VR:0.81)
[2026-05-06 13:38:28]  [行9] 解析成功: SZSE.300449 [汉邦高科] SELL @ 7.79 (VR:0.3)
[2026-05-06 13:38:28]  [行10] 解析成功: SZSE.300390 [天华超净] BUY @ 110.07 (VR:0.79)
[2026-05-06 13:38:28]  [行11] 解析成功: SZSE.002202 [金风科技] BUY @ 28.23 (VR:0.52)
[2026-05-06 13:38:28]  [行12] 解析成功: SZSE.301165 [锐捷网络] SELL @ 98.83 (VR:0.34)
[2026-05-06 13:38:28]  [行13] 解析成功: SZSE.300037 [新宙邦] BUY @ 70.99 (VR:0.64)
[2026-05-06 13:38:28]  [行14] 解析成功: SZSE.300207 [欣旺达] BUY @ 27.63 (VR:0.08)
[2026-05-06 13:38:28]  [行15] 解析成功: SZSE.300677 [英科医疗] BUY @ 54.81 (VR:0.19)
[2026-05-06 13:38:28]  [行16] 解析成功: SZSE.300393 [中来股份] SELL @ 11.09 (VR:1.83)
[2026-05-06 13:38:28]  [行17] 解析成功: SZSE.301278 [快克股份] SELL @ 39.65 (VR:1.34)
[2026-05-06 13:38:28]  [行18] 解析成功: SZSE.300930 [屹通新材] SELL @ 31.9 (VR:0.76)
[2026-05-06 13:38:28]  [行19] 解析成功: SZSE.300449 [汉邦高科] SELL @ 7.77 (VR:0.31)
[2026-05-06 13:38:28]  [行20] 解析成功: SZSE.300390 [天华超净] BUY @ 110.18 (VR:0.89)
[2026-05-06 13:38:28] 成功保存 20 条因子至: signal_batch_20260506_133828_268605.txt
[2026-05-06 13:38:28]  QQ-备用 邮件 689 处理完成
[2026-05-06 13:38:28]  QQ-备用 正在解析因子: =?utf-8?b?QWxwaGFQaWxvdCDlpIfku73kv6Hlj7cgKGFscGhhX3NpZ25hbF90aHJfMjAyNjA1MDZfMTA1OC5qc29uKSBb5aSHUVEt6Ieq5L+dXQ==?=
[2026-05-06 13:38:28]  发现表格，共 18 行数据
[2026-05-06 13:38:28]  动态索引映射: ['股票代码', '股票名称', '信号', '当前价格', '量比', '来源过滤']
[2026-05-06 13:38:28]  [行1] 解析成功: SZSE.301018 [申菱环境] BUY @ 119.28 (VR:2.37)
[2026-05-06 13:38:28]  [行2] 解析成功: SZSE.300641 [正丹股份] BUY @ 17.77 (VR:0.88)
[2026-05-06 13:38:28]  [行3] 解析成功: SZSE.300461 [田中精机] SELL @ 53.04 (VR:0.06)
[2026-05-06 13:38:28]  [行4] 解析成功: SZSE.300385 [雪浪环境] BUY @ 15.63 (VR:0.07)
[2026-05-06 13:38:28]  [行5] 解析成功: SZSE.301389 [隆扬电子] BUY @ 65.87 (VR:0.34)
[2026-05-06 13:38:28]  [行6] 解析成功: SZSE.300468 [四方精创] BUY @ 29.28 (VR:0.34)
[2026-05-06 13:38:28]  [行7] 解析成功: SZSE.301449 [天溯计量] BUY @ 68.89 (VR:0.15)
[2026-05-06 13:38:28]  [行8] 解析成功: SHSE.688689 [银河微电] BUY @ 39.51 (VR:2.9)
[2026-05-06 13:38:28]  [行9] 解析成功: SZSE.300243 [瑞丰光电] BUY @ 17.42 (VR:0.54)
[2026-05-06 13:38:28]  [行10] 解析成功: SZSE.301018 [申菱环境] BUY @ 119.43 (VR:0.62)
[2026-05-06 13:38:28]  [行11] 解析成功: SZSE.300641 [正丹股份] BUY @ 17.78 (VR:0.2)
[2026-05-06 13:38:28]  [行12] 解析成功: SZSE.300461 [田中精机] SELL @ 52.99 (VR:0.01)
[2026-05-06 13:38:28]  [行13] 解析成功: SZSE.300385 [雪浪环境] BUY @ 15.67 (VR:0.08)
[2026-05-06 13:38:28]  [行14] 解析成功: SZSE.301389 [隆扬电子] BUY @ 66.0 (VR:4.11)
[2026-05-06 13:38:28]  [行15] 解析成功: SZSE.300468 [四方精创] BUY @ 29.29 (VR:0.82)
[2026-05-06 13:38:28]  [行16] 解析成功: SZSE.301449 [天溯计量] BUY @ 69.0 (VR:5.75)
[2026-05-06 13:38:28]  [行17] 解析成功: SHSE.688689 [银河微电] BUY @ 39.53 (VR:1.02)
[2026-05-06 13:38:28]  [行18] 解析成功: SZSE.300243 [瑞丰光电] BUY @ 17.48 (VR:0.24)
[2026-05-06 13:38:28] 成功保存 18 条因子至: signal_batch_20260506_133828_608092.txt
[2026-05-06 13:38:28]  QQ-备用 邮件 690 处理完成
[2026-05-06 13:38:29]  QQ-备用 正在解析因子: =?utf-8?b?QWxwaGFQaWxvdCDlpIfku73kv6Hlj7cgKGFscGhhX3NpZ25hbF90aHJfMjAyNjA1MDZfMTEwNC5qc29uKSBb5aSHUVEt6Ieq5L+dXQ==?=
[2026-05-06 13:38:29]  发现表格，共 14 行数据
[2026-05-06 13:38:29]  动态索引映射: ['股票代码', '股票名称', '信号', '当前价格', '量比', '来源过滤']
[2026-05-06 13:38:29]  [行1] 解析成功: SZSE.300285 [国瓷材料] BUY @ 37.3 (VR:0.95)
[2026-05-06 13:38:29]  [行2] 解析成功: SZSE.000912 [泸天化] BUY @ 4.74 (VR:3.28)
[2026-05-06 13:38:29]  [行3] 解析成功: SZSE.000533 [顺钠股份] BUY @ 13.24 (VR:0.81)
[2026-05-06 13:38:29]  [行4] 解析成功: SZSE.301226 [祥明智能] BUY @ 39.35 (VR:1.53)
[2026-05-06 13:38:29]  [行5] 解析成功: SHSE.601669 [中国电建] BUY @ 5.6 (VR:0.15)
[2026-05-06 13:38:29]  [行6] 解析成功: SHSE.600722 [金牛化工] BUY @ 14.12 (VR:4.11)
[2026-05-06 13:38:29]  [行7] 解析成功: SZSE.300866 [安克创新] BUY @ 123.51 (VR:0.25)
[2026-05-06 13:38:29]  [行8] 解析成功: SZSE.300285 [国瓷材料] BUY @ 37.33 (VR:0.39)
[2026-05-06 13:38:29]  [行9] 解析成功: SZSE.000912 [泸天化] BUY @ 4.75 (VR:0.19)
[2026-05-06 13:38:29]  [行10] 解析成功: SZSE.000533 [顺钠股份] BUY @ 13.25 (VR:0.13)
[2026-05-06 13:38:29]  [行11] 解析成功: SZSE.301226 [祥明智能] BUY @ 39.6 (VR:9.03)
[2026-05-06 13:38:29]  [行12] 解析成功: SHSE.601669 [中国电建] BUY @ 5.62 (VR:0.04)
[2026-05-06 13:38:29]  [行13] 解析成功: SHSE.600722 [金牛化工] BUY @ 14.18 (VR:1.53)
[2026-05-06 13:38:29]  [行14] 解析成功: SZSE.300866 [安克创新] BUY @ 123.88 (VR:2.43)
[2026-05-06 13:38:29] 成功保存 14 条因子至: signal_batch_20260506_133829_044466.txt
[2026-05-06 13:38:29]  QQ-备用 邮件 691 处理完成
[2026-05-06 13:38:29]  QQ-备用 正在解析因子: =?utf-8?b?QWxwaGFQaWxvdCDlpIfku73kv6Hlj7cgKGFscGhhX3NpZ25hbF90aHJfMjAyNjA1MDZfMTExMS5qc29uKSBb5aSHUVEt6Ieq5L+dXQ==?=
[2026-05-06 13:38:29]  发现表格，共 16 行数据
[2026-05-06 13:38:29]  动态索引映射: ['股票代码', '股票名称', '信号', '当前价格', '量比', '来源过滤']
[2026-05-06 13:38:29]  [行1] 解析成功: SZSE.002300 [太阳电缆] BUY @ 9.57 (VR:0.56)
[2026-05-06 13:38:29]  [行2] 解析成功: SZSE.002925 [盈趣科技] BUY @ 20.76 (VR:4.19)
[2026-05-06 13:38:29]  [行3] 解析成功: SZSE.002046 [国机精工] BUY @ 56.0 (VR:0.89)
[2026-05-06 13:38:29]  [行4] 解析成功: SZSE.000682 [东方电子] SELL @ 13.18 (VR:0.45)
[2026-05-06 13:38:29]  [行5] 解析成功: SZSE.000536 [华映科技] SELL @ 3.99 (VR:3.14)
[2026-05-06 13:38:29]  [行6] 解析成功: SZSE.002240 [盛新锂能] BUY @ 62.22 (VR:0.3)
[2026-05-06 13:38:29]  [行7] 解析成功: SZSE.300432 [富临精工] SELL @ 28.16 (VR:0.38)
[2026-05-06 13:38:29]  [行8] 解析成功: SHSE.600151 [航天机电] BUY @ 15.34 (VR:1.44)
[2026-05-06 13:38:29]  [行9] 解析成功: SZSE.002300 [太阳电缆] BUY @ 9.59 (VR:0.37)
[2026-05-06 13:38:29]  [行10] 解析成功: SZSE.002925 [盈趣科技] BUY @ 20.98 (VR:3.36)
[2026-05-06 13:38:29]  [行11] 解析成功: SZSE.002046 [国机精工] BUY @ 56.02 (VR:0.49)
[2026-05-06 13:38:29]  [行12] 解析成功: SZSE.000682 [东方电子] SELL @ 13.16 (VR:3.08)
[2026-05-06 13:38:29]  [行13] 解析成功: SZSE.000536 [华映科技] SELL @ 3.98 (VR:0.07)
[2026-05-06 13:38:29]  [行14] 解析成功: SZSE.002240 [盛新锂能] BUY @ 62.75 (VR:2.5)
[2026-05-06 13:38:29]  [行15] 解析成功: SZSE.300432 [富临精工] SELL @ 28.12 (VR:0.51)
[2026-05-06 13:38:29]  [行16] 解析成功: SHSE.600151 [航天机电] BUY @ 15.35 (VR:0.24)
[2026-05-06 13:38:29] 成功保存 16 条因子至: signal_batch_20260506_133829_360268.txt
[2026-05-06 13:38:29]  QQ-备用 邮件 692 处理完成
[2026-05-06 13:38:29]  QQ-备用 正在解析因子: =?utf-8?b?QWxwaGFQaWxvdCDlpIfku73kv6Hlj7cgKGFscGhhX3NpZ25hbF90aHJfMjAyNjA1MDZfMTExOC5qc29uKSBb5aSHUVEt6Ieq5L+dXQ==?=
[2026-05-06 13:38:29]  发现表格，共 28 行数据
[2026-05-06 13:38:29]  动态索引映射: ['股票代码', '股票名称', '信号', '当前价格', '量比', '来源过滤']
[2026-05-06 13:38:29]  [行1] 解析成功: SZSE.301171 [易点天下] SELL @ 36.54 (VR:1.23)
[2026-05-06 13:38:29]  [行2] 解析成功: SZSE.003035 [南网能源] SELL @ 7.6 (VR:0.32)
[2026-05-06 13:38:29]  [行3] 解析成功: SZSE.002202 [金风科技] BUY @ 28.26 (VR:0.01)
[2026-05-06 13:38:29]  [行4] 解析成功: SZSE.301165 [锐捷网络] BUY @ 99.63 (VR:0.06)
[2026-05-06 13:38:29]  [行5] 解析成功: SZSE.300037 [新宙邦] SELL @ 71.29 (VR:0.65)
[2026-05-06 13:38:29]  [行6] 解析成功: SZSE.300207 [欣旺达] BUY @ 27.74 (VR:0.65)
[2026-05-06 13:38:29]  [行7] 解析成功: SZSE.300274 [阳光电源] BUY @ 140.88 (VR:0.47)
[2026-05-06 13:38:29]  [行8] 解析成功: SZSE.300930 [屹通新材] BUY @ 31.97 (VR:0.3)
[2026-05-06 13:38:29]  [行9] 解析成功: SZSE.300643 [万通智控] BUY @ 18.13 (VR:0.67)
[2026-05-06 13:38:29]  [行10] 解析成功: SZSE.300449 [汉邦高科] SELL @ 7.78 (VR:1.9)
[2026-05-06 13:38:29]  [行11] 解析成功: SZSE.300868 [杰美特] BUY @ 72.54 (VR:0.25)
[2026-05-06 13:38:29]  [行12] 解析成功: SZSE.300390 [天华超净] BUY @ 112.99 (VR:0.07)
[2026-05-06 13:38:29]  [行13] 解析成功: SZSE.300568 [星源材质] BUY @ 17.43 (VR:0.14)
[2026-05-06 13:38:29]  [行14] 解析成功: SZSE.300054 [鼎龙股份] SELL @ 66.12 (VR:0.21)
[2026-05-06 13:38:29]  [行15] 解析成功: SZSE.301171 [易点天下] SELL @ 36.49 (VR:0.54)
[2026-05-06 13:38:29]  [行16] 解析成功: SZSE.003035 [南网能源] SELL @ 7.59 (VR:0.84)
[2026-05-06 13:38:29]  [行17] 解析成功: SZSE.002202 [金风科技] BUY @ 28.28 (VR:1.24)
[2026-05-06 13:38:29]  [行18] 解析成功: SZSE.301165 [锐捷网络] BUY @ 99.8 (VR:0.52)
[2026-05-06 13:38:29]  [行19] 解析成功: SZSE.300037 [新宙邦] SELL @ 71.18 (VR:0.01)
[2026-05-06 13:38:29]  [行20] 解析成功: SZSE.300207 [欣旺达] BUY @ 27.79 (VR:0.12)
[2026-05-06 13:38:29]  [行21] 解析成功: SZSE.300274 [阳光电源] BUY @ 141.1 (VR:0.25)
[2026-05-06 13:38:29]  [行22] 解析成功: SZSE.300930 [屹通新材] BUY @ 32.0 (VR:0.14)
[2026-05-06 13:38:29]  [行23] 解析成功: SZSE.300643 [万通智控] BUY @ 18.14 (VR:0.06)
[2026-05-06 13:38:29]  [行24] 解析成功: SZSE.300449 [汉邦高科] SELL @ 7.77 (VR:0.03)
[2026-05-06 13:38:29]  [行25] 解析成功: SZSE.300868 [杰美特] BUY @ 72.55 (VR:0.33)
[2026-05-06 13:38:29]  [行26] 解析成功: SZSE.300390 [天华超净] BUY @ 113.25 (VR:1.59)
[2026-05-06 13:38:29]  [行27] 解析成功: SZSE.300568 [星源材质] BUY @ 17.47 (VR:2.03)
[2026-05-06 13:38:29]  [行28] 解析成功: SZSE.300054 [鼎龙股份] SELL @ 66.1 (VR:0.3)
[2026-05-06 13:38:29] 成功保存 28 条因子至: signal_batch_20260506_133829_847603.txt
[2026-05-06 13:38:30]  QQ-备用 邮件 693 处理完成
[2026-05-06 13:38:30]  QQ-备用 正在解析因子: =?utf-8?b?QWxwaGFQaWxvdCDlpIfku73kv6Hlj7cgKGFscGhhX3NpZ25hbF90aHJfMjAyNjA1MDZfMTEyMy5qc29uKSBb5aSHUVEt6Ieq5L+dXQ==?=
[2026-05-06 13:38:30]  发现表格，共 12 行数据
[2026-05-06 13:38:30]  动态索引映射: ['股票代码', '股票名称', '信号', '当前价格', '量比', '来源过滤']
[2026-05-06 13:38:30]  [行1] 解析成功: SZSE.300461 [田中精机] BUY @ 53.2 (VR:0.36)
[2026-05-06 13:38:30]  [行2] 解析成功: SZSE.301449 [天溯计量] BUY @ 69.0 (VR:3.13)
[2026-05-06 13:38:30]  [行3] 解析成功: SHSE.688689 [银河微电] BUY @ 39.6 (VR:1.41)
[2026-05-06 13:38:30]  [行4] 解析成功: SZSE.300243 [瑞丰光电] BUY @ 17.43 (VR:0.46)
[2026-05-06 13:38:30]  [行5] 解析成功: SZSE.301220 [亚香股份] BUY @ 37.3 (VR:0.88)
[2026-05-06 13:38:30]  [行6] 解析成功: SZSE.300185 [通裕重工] SELL @ 3.24 (VR:0.32)
[2026-05-06 13:38:30]  [行7] 解析成功: SZSE.300461 [田中精机] BUY @ 53.27 (VR:0.11)
[2026-05-06 13:38:30]  [行8] 解析成功: SZSE.301449 [天溯计量] BUY @ 69.02 (VR:0.35)
[2026-05-06 13:38:30]  [行9] 解析成功: SHSE.688689 [银河微电] BUY @ 39.71 (VR:1.34)
[2026-05-06 13:38:30]  [行10] 解析成功: SZSE.300243 [瑞丰光电] BUY @ 17.45 (VR:0.27)
[2026-05-06 13:38:30]  [行11] 解析成功: SZSE.301220 [亚香股份] BUY @ 37.38 (VR:0.1)
[2026-05-06 13:38:30]  [行12] 解析成功: SZSE.300185 [通裕重工] SELL @ 3.23 (VR:0.46)
[2026-05-06 13:38:30] 成功保存 12 条因子至: signal_batch_20260506_133830_197809.txt
[2026-05-06 13:38:30]  QQ-备用 邮件 694 处理完成
[2026-05-06 13:38:30]  QQ-备用 正在解析因子: =?utf-8?b?QWxwaGFQaWxvdCDlpIfku73kv6Hlj7cgKGFscGhhX3NpZ25hbF90aHJfMjAyNjA1MDZfMTEyOC5qc29uKSBb5aSHUVEt6Ieq5L+dXQ==?=
[2026-05-06 13:38:30]  发现表格，共 12 行数据
[2026-05-06 13:38:30]  动态索引映射: ['股票代码', '股票名称', '信号', '当前价格', '量比', '来源过滤']
[2026-05-06 13:38:30]  [行1] 解析成功: SZSE.301226 [祥明智能] SELL @ 39.56 (VR:0.73)
[2026-05-06 13:38:30]  [行2] 解析成功: SHSE.688295 [奥林德] BUY @ 58.77 (VR:0.08)
[2026-05-06 13:38:30]  [行3] 解析成功: SHSE.600726 [华电能源] BUY @ 6.69 (VR:0.42)
[2026-05-06 13:38:30]  [行4] 解析成功: SHSE.688295 [中复神鹰] BUY @ 58.7 (VR:0.39)
[2026-05-06 13:38:30]  [行5] 解析成功: SZSE.300866 [安克创新] BUY @ 123.48 (VR:0.48)
[2026-05-06 13:38:30]  [行6] 解析成功: SZSE.300724 [捷佳伟创] SELL @ 93.03 (VR:0.27)
[2026-05-06 13:38:30]  [行7] 解析成功: SZSE.301226 [祥明智能] SELL @ 39.55 (VR:1.06)
[2026-05-06 13:38:30]  [行8] 解析成功: SHSE.688295 [奥林德] BUY @ 58.6 (VR:0.49)
[2026-05-06 13:38:30]  [行9] 解析成功: SHSE.600726 [华电能源] BUY @ 6.7 (VR:0.79)
[2026-05-06 13:38:30]  [行10] 解析成功: SHSE.688295 [中复神鹰] BUY @ 58.67 (VR:1.03)
[2026-05-06 13:38:30]  [行11] 解析成功: SZSE.300866 [安克创新] BUY @ 123.55 (VR:0.54)
[2026-05-06 13:38:30]  [行12] 解析成功: SZSE.300724 [捷佳伟创] SELL @ 92.98 (VR:0.41)
[2026-05-06 13:38:30] 成功保存 12 条因子至: signal_batch_20260506_133830_684492.txt
[2026-05-06 13:38:30]  QQ-备用 邮件 695 处理完成
[2026-05-06 13:38:31]  QQ-备用 正在解析因子: =?utf-8?b?QWxwaGFQaWxvdCDlpIfku73kv6Hlj7cgKGFscGhhX3NpZ25hbF90aHJfMjAyNjA1MDZfMTEzNS5qc29uKSBb5aSHUVEt6Ieq5L+dXQ==?=
[2026-05-06 13:38:31]  发现表格，共 4 行数据
[2026-05-06 13:38:31]  动态索引映射: ['股票代码', '股票名称', '信号', '当前价格', '量比', '来源过滤']
[2026-05-06 13:38:31]  [行1] 解析成功: SZSE.002460 [赣锋锂业] BUY @ 91.15 (VR:0.21)
[2026-05-06 13:38:31]  [行2] 解析成功: SZSE.000537 [绿发电力] BUY @ 10.4 (VR:0.42)
[2026-05-06 13:38:31]  [行3] 解析成功: SZSE.002460 [赣锋锂业] BUY @ 91.19 (VR:1.09)
[2026-05-06 13:38:31]  [行4] 解析成功: SZSE.000537 [绿发电力] BUY @ 10.41 (VR:0.73)
[2026-05-06 13:38:31] 成功保存 4 条因子至: signal_batch_20260506_133831_029926.txt
[2026-05-06 13:38:31]  QQ-备用 邮件 696 处理完成
[2026-05-06 13:38:31]  QQ-备用 正在解析因子: =?utf-8?b?QWxwaGFQaWxvdCDlpIfku73kv6Hlj7cgKGFscGhhX3NpZ25hbF90aHJfMjAyNjA1MDZfMTMwNi5qc29uKSBb5aSHUVEt6Ieq5L+dXQ==?=
[2026-05-06 13:38:31]  发现表格，共 28 行数据
[2026-05-06 13:38:31]  动态索引映射: ['股票代码', '股票名称', '信号', '当前价格', '量比', '来源过滤']
[2026-05-06 13:38:31]  [行1] 解析成功: SZSE.300195 [长荣股份] SELL @ 7.06 (VR:1.15)
[2026-05-06 13:38:31]  [行2] 解析成功: SZSE.300285 [国瓷材料] BUY @ 37.55 (VR:2.44)
[2026-05-06 13:38:31]  [行3] 解析成功: SZSE.301226 [祥明智能] BUY @ 39.46 (VR:0.72)
[2026-05-06 13:38:31]  [行4] 解析成功: SZSE.301667 [纳百川] BUY @ 111.82 (VR:1.07)
[2026-05-06 13:38:31]  [行5] 解析成功: SZSE.300345 [华民股份] BUY @ 6.49 (VR:0.11)
[2026-05-06 13:38:31]  [行6] 解析成功: SHSE.688295 [奥林德] BUY @ 58.42 (VR:0.02)
[2026-05-06 13:38:31]  [行7] 解析成功: SHSE.601868 [中国能建] BUY @ 2.84 (VR:0.08)
[2026-05-06 13:38:31]  [行8] 解析成功: SHSE.601669 [中国电建] BUY @ 5.62 (VR:0.34)
[2026-05-06 13:38:31]  [行9] 解析成功: SHSE.600821 [金发科技] BUY @ 8.5 (VR:0.37)
[2026-05-06 13:38:31]  [行10] 解析成功: SHSE.600722 [金牛化工] BUY @ 14.1 (VR:0.99)
[2026-05-06 13:38:31]  [行11] 解析成功: SHSE.688295 [中复神鹰] BUY @ 58.42 (VR:0.79)
[2026-05-06 13:38:31]  [行12] 解析成功: SZSE.300866 [安克创新] BUY @ 123.34 (VR:1.09)
[2026-05-06 13:38:31]  [行13] 解析成功: SZSE.300724 [捷佳伟创] SELL @ 92.89 (VR:0.25)
[2026-05-06 13:38:31]  [行14] 解析成功: SZSE.300813 [泰林生物] BUY @ 25.31 (VR:3.57)
[2026-05-06 13:38:31]  [行15] 解析成功: SZSE.300195 [长荣股份] SELL @ 7.05 (VR:1.09)
[2026-05-06 13:38:31]  [行16] 解析成功: SZSE.300285 [国瓷材料] BUY @ 37.65 (VR:1.37)
[2026-05-06 13:38:31]  [行17] 解析成功: SZSE.301226 [祥明智能] BUY @ 39.47 (VR:0.46)
[2026-05-06 13:38:31]  [行18] 解析成功: SZSE.301667 [纳百川] BUY @ 112.4 (VR:0.39)
[2026-05-06 13:38:31]  [行19] 解析成功: SZSE.300345 [华民股份] BUY @ 6.5 (VR:0.13)
[2026-05-06 13:38:31]  [行20] 解析成功: SHSE.688295 [奥林德] BUY @ 58.41 (VR:1.4)
[2026-05-06 13:38:31]  [行21] 解析成功: SHSE.601868 [中国能建] BUY @ 2.85 (VR:0.6)
[2026-05-06 13:38:31]  [行22] 解析成功: SHSE.601669 [中国电建] BUY @ 5.63 (VR:0.57)
[2026-05-06 13:38:31]  [行23] 解析成功: SHSE.600821 [金发科技] BUY @ 8.53 (VR:4.42)
[2026-05-06 13:38:31]  [行24] 解析成功: SHSE.600722 [金牛化工] BUY @ 14.11 (VR:0.2)
[2026-05-06 13:38:31]  [行25] 解析成功: SHSE.688295 [中复神鹰] BUY @ 58.44 (VR:0.25)
[2026-05-06 13:38:31]  [行26] 解析成功: SZSE.300866 [安克创新] BUY @ 123.38 (VR:0.37)
[2026-05-06 13:38:31]  [行27] 解析成功: SZSE.300724 [捷佳伟创] SELL @ 92.82 (VR:0.37)
[2026-05-06 13:38:31]  [行28] 解析成功: SZSE.300813 [泰林生物] BUY @ 25.48 (VR:2.84)
[2026-05-06 13:38:31] 成功保存 28 条因子至: signal_batch_20260506_133831_369858.txt
[2026-05-06 13:38:31]  QQ-备用 邮件 697 处理完成
[2026-05-06 13:38:31]  QQ-备用 正在解析因子: =?utf-8?b?QWxwaGFQaWxvdCDlpIfku73kv6Hlj7cgKGFscGhhX3NpZ25hbF90aHJfMjAyNjA1MDZfMTMxMy5qc29uKSBb5aSHUVEt6Ieq5L+dXQ==?=
[2026-05-06 13:38:31]  发现表格，共 12 行数据
[2026-05-06 13:38:31]  动态索引映射: ['股票代码', '股票名称', '信号', '当前价格', '量比', '来源过滤']
[2026-05-06 13:38:31]  [行1] 解析成功: SZSE.000537 [绿发电力] BUY @ 10.41 (VR:0.08)
[2026-05-06 13:38:31]  [行2] 解析成功: SZSE.002925 [盈趣科技] SELL @ 20.75 (VR:0.03)
[2026-05-06 13:38:31]  [行3] 解析成功: SZSE.002046 [国机精工] SELL @ 56.03 (VR:0.09)
[2026-05-06 13:38:31]  [行4] 解析成功: SZSE.002240 [盛新锂能] BUY @ 62.07 (VR:0.91)
[2026-05-06 13:38:31]  [行5] 解析成功: SZSE.300432 [富临精工] BUY @ 27.92 (VR:0.02)
[2026-05-06 13:38:31]  [行6] 解析成功: SHSE.600151 [航天机电] SELL @ 15.28 (VR:0.39)
[2026-05-06 13:38:31]  [行7] 解析成功: SZSE.000537 [绿发电力] BUY @ 10.44 (VR:3.79)
[2026-05-06 13:38:31]  [行8] 解析成功: SZSE.002925 [盈趣科技] SELL @ 20.73 (VR:0.22)
[2026-05-06 13:38:31]  [行9] 解析成功: SZSE.002046 [国机精工] SELL @ 55.96 (VR:0.18)
[2026-05-06 13:38:31]  [行10] 解析成功: SZSE.002240 [盛新锂能] BUY @ 62.1 (VR:0.1)
[2026-05-06 13:38:31]  [行11] 解析成功: SZSE.300432 [富临精工] BUY @ 27.93 (VR:0.56)
[2026-05-06 13:38:31]  [行12] 解析成功: SHSE.600151 [航天机电] SELL @ 15.25 (VR:0.98)
[2026-05-06 13:38:31] 成功保存 12 条因子至: signal_batch_20260506_133831_805189.txt
[2026-05-06 13:38:31]  QQ-备用 邮件 698 处理完成
[2026-05-06 13:38:32]  QQ-备用 正在解析因子: =?utf-8?b?QWxwaGFQaWxvdCDlpIfku73kv6Hlj7cgKGFscGhhX3NpZ25hbF90aHJfMjAyNjA1MDZfMTMxOC5qc29uKSBb5aSHUVEt6Ieq5L+dXQ==?=
[2026-05-06 13:38:32]  发现表格，共 22 行数据
[2026-05-06 13:38:32]  动态索引映射: ['股票代码', '股票名称', '信号', '当前价格', '量比', '来源过滤']
[2026-05-06 13:38:32]  [行1] 解析成功: SZSE.301171 [易点天下] BUY @ 36.52 (VR:0.42)
[2026-05-06 13:38:32]  [行2] 解析成功: SZSE.003035 [南网能源] BUY @ 7.59 (VR:0.21)
[2026-05-06 13:38:32]  [行3] 解析成功: SZSE.301165 [锐捷网络] BUY @ 100.3 (VR:0.1)
[2026-05-06 13:38:32]  [行4] 解析成功: SZSE.300037 [新宙邦] BUY @ 71.94 (VR:2.19)
[2026-05-06 13:38:32]  [行5] 解析成功: SZSE.300274 [阳光电源] BUY @ 140.99 (VR:0.11)
[2026-05-06 13:38:32]  [行6] 解析成功: SZSE.300393 [中来股份] SELL @ 11.12 (VR:0.54)
[2026-05-06 13:38:32]  [行7] 解析成功: SZSE.300228 [富瑞特装] SELL @ 9.48 (VR:0.97)
[2026-05-06 13:38:32]  [行8] 解析成功: SZSE.301419 [瑞可达] SELL @ 41.33 (VR:0.24)
[2026-05-06 13:38:32]  [行9] 解析成功: SZSE.300930 [屹通新材] SELL @ 32.12 (VR:0.06)
[2026-05-06 13:38:32]  [行10] 解析成功: SZSE.300449 [汉邦高科] SELL @ 7.76 (VR:0.64)
[2026-05-06 13:38:32]  [行11] 解析成功: SZSE.300390 [天华超净] SELL @ 113.98 (VR:1.33)
[2026-05-06 13:38:32]  [行12] 解析成功: SZSE.301171 [易点天下] BUY @ 36.55 (VR:0.16)
[2026-05-06 13:38:32]  [行13] 解析成功: SZSE.003035 [南网能源] BUY @ 7.6 (VR:0.08)
[2026-05-06 13:38:32]  [行14] 解析成功: SZSE.301165 [锐捷网络] BUY @ 100.39 (VR:0.35)
[2026-05-06 13:38:32]  [行15] 解析成功: SZSE.300037 [新宙邦] BUY @ 72.07 (VR:0.75)
[2026-05-06 13:38:32]  [行16] 解析成功: SZSE.300274 [阳光电源] BUY @ 141.2 (VR:1.73)
[2026-05-06 13:38:32]  [行17] 解析成功: SZSE.300393 [中来股份] SELL @ 11.1 (VR:0.29)
[2026-05-06 13:38:32]  [行18] 解析成功: SZSE.300228 [富瑞特装] SELL @ 9.47 (VR:0.29)
[2026-05-06 13:38:32]  [行19] 解析成功: SZSE.301419 [瑞可达] SELL @ 41.31 (VR:1.73)
[2026-05-06 13:38:32]  [行20] 解析成功: SZSE.300930 [屹通新材] SELL @ 32.08 (VR:2.22)
[2026-05-06 13:38:32]  [行21] 解析成功: SZSE.300449 [汉邦高科] SELL @ 7.75 (VR:0.1)
[2026-05-06 13:38:32]  [行22] 解析成功: SZSE.300390 [天华超净] SELL @ 113.44 (VR:0.46)
[2026-05-06 13:38:32] 成功保存 22 条因子至: signal_batch_20260506_133832_112674.txt
[2026-05-06 13:38:32]  QQ-备用 邮件 699 处理完成
[2026-05-06 13:38:32]  QQ-备用 正在解析因子: =?utf-8?b?QWxwaGFQaWxvdCDlpIfku73kv6Hlj7cgKGFscGhhX3NpZ25hbF90aHJfMjAyNjA1MDZfMTMyMy5qc29uKSBb5aSHUVEt6Ieq5L+dXQ==?=
[2026-05-06 13:38:32]  发现表格，共 12 行数据
[2026-05-06 13:38:32]  动态索引映射: ['股票代码', '股票名称', '信号', '当前价格', '量比', '来源过滤']
[2026-05-06 13:38:32]  [行1] 解析成功: SZSE.300722 [新余国科] BUY @ 28.73 (VR:0.07)
[2026-05-06 13:38:32]  [行2] 解析成功: SZSE.300641 [正丹股份] SELL @ 17.7 (VR:0.61)
[2026-05-06 13:38:32]  [行3] 解析成功: SZSE.300461 [田中精机] BUY @ 53.19 (VR:1.42)
[2026-05-06 13:38:32]  [行4] 解析成功: SZSE.300385 [雪浪环境] SELL @ 15.77 (VR:0.21)
[2026-05-06 13:38:32]  [行5] 解析成功: SZSE.301389 [隆扬电子] BUY @ 67.15 (VR:1.05)
[2026-05-06 13:38:32]  [行6] 解析成功: SZSE.300243 [瑞丰光电] SELL @ 17.92 (VR:0.59)
[2026-05-06 13:38:32]  [行7] 解析成功: SZSE.300722 [新余国科] BUY @ 28.77 (VR:0.13)
[2026-05-06 13:38:32]  [行8] 解析成功: SZSE.300641 [正丹股份] SELL @ 17.68 (VR:0.39)
[2026-05-06 13:38:32]  [行9] 解析成功: SZSE.300461 [田中精机] BUY @ 53.32 (VR:0.08)
[2026-05-06 13:38:32]  [行10] 解析成功: SZSE.300385 [雪浪环境] SELL @ 15.73 (VR:2.26)
[2026-05-06 13:38:32]  [行11] 解析成功: SZSE.301389 [隆扬电子] BUY @ 67.4 (VR:0.08)
[2026-05-06 13:38:32]  [行12] 解析成功: SZSE.300243 [瑞丰光电] SELL @ 17.89 (VR:1.21)
[2026-05-06 13:38:32] 成功保存 12 条因子至: signal_batch_20260506_133832_583673.txt
[2026-05-06 13:38:32]  QQ-备用 邮件 700 处理完成
[2026-05-06 13:38:32]  QQ-备用 正在解析因子: =?utf-8?b?QWxwaGFQaWxvdCDlpIfku73kv6Hlj7cgKGFscGhhX3NpZ25hbF90aHJfMjAyNjA1MDZfMTMyOS5qc29uKSBb5aSHUVEt6Ieq5L+dXQ==?=
[2026-05-06 13:38:32]  发现表格，共 18 行数据
[2026-05-06 13:38:32]  动态索引映射: ['股票代码', '股票名称', '信号', '当前价格', '量比', '来源过滤']
[2026-05-06 13:38:32]  [行1] 解析成功: SZSE.300195 [长荣股份] SELL @ 7.04 (VR:0.66)
[2026-05-06 13:38:32]  [行2] 解析成功: SZSE.300285 [国瓷材料] BUY @ 37.6 (VR:0.78)
[2026-05-06 13:38:32]  [行3] 解析成功: SZSE.301226 [祥明智能] BUY @ 39.3 (VR:1.45)
[2026-05-06 13:38:32]  [行4] 解析成功: SZSE.301667 [纳百川] BUY @ 111.94 (VR:0.44)
[2026-05-06 13:38:32]  [行5] 解析成功: SHSE.688295 [奥林德] SELL @ 58.45 (VR:0.04)
[2026-05-06 13:38:32]  [行6] 解析成功: SHSE.600722 [金牛化工] SELL @ 14.09 (VR:0.9)
[2026-05-06 13:38:32]  [行7] 解析成功: SHSE.688295 [中复神鹰] SELL @ 58.5 (VR:0.21)
[2026-05-06 13:38:32]  [行8] 解析成功: SZSE.300782 [卓胜微] BUY @ 101.5 (VR:1.39)
[2026-05-06 13:38:32]  [行9] 解析成功: SZSE.300866 [安克创新] BUY @ 122.3 (VR:4.75)
[2026-05-06 13:38:32]  [行10] 解析成功: SZSE.300195 [长荣股份] SELL @ 7.03 (VR:0.11)
[2026-05-06 13:38:32]  [行11] 解析成功: SZSE.300285 [国瓷材料] BUY @ 37.61 (VR:4.59)
[2026-05-06 13:38:32]  [行12] 解析成功: SZSE.301226 [祥明智能] BUY @ 39.33 (VR:0.58)
[2026-05-06 13:38:32]  [行13] 解析成功: SZSE.301667 [纳百川] BUY @ 112.33 (VR:0.46)
[2026-05-06 13:38:32]  [行14] 解析成功: SHSE.688295 [奥林德] SELL @ 58.5 (VR:0.18)
[2026-05-06 13:38:32]  [行15] 解析成功: SHSE.600722 [金牛化工] SELL @ 14.07 (VR:0.88)
[2026-05-06 13:38:32]  [行16] 解析成功: SHSE.688295 [中复神鹰] SELL @ 58.46 (VR:0.3)
[2026-05-06 13:38:32]  [行17] 解析成功: SZSE.300782 [卓胜微] BUY @ 101.59 (VR:0.65)
[2026-05-06 13:38:32]  [行18] 解析成功: SZSE.300866 [安克创新] BUY @ 122.37 (VR:0.47)
[2026-05-06 13:38:32] 成功保存 18 条因子至: signal_batch_20260506_133832_901968.txt
[2026-05-06 13:38:33]  QQ-备用 邮件 701 处理完成
[2026-05-06 13:38:33]  QQ-备用 本轮共成功处理 23 封有效信号邮件
[2026-05-06 13:39:08]  正在连接 QQ-主 邮箱服务器 (497720537@qq.com) ...
[2026-05-06 13:39:12]  正在连接 QQ-备用 邮箱服务器 (shouqianbadavid@qq.com) ...
[2026-05-06 13:39:48]  正在连接 QQ-主 邮箱服务器 (497720537@qq.com) ...
[2026-05-06 13:39:49]  正在连接 QQ-备用 邮箱服务器 (shouqianbadavid@qq.com) ...
[2026-05-06 13:40:24]  正在连接 QQ-主 邮箱服务器 (497720537@qq.com) ...
[2026-05-06 13:40:25]  正在连接 QQ-备用 邮箱服务器 (shouqianbadavid@qq.com) ...
[2026-05-06 13:40:26]  QQ-备用 正在解析因子: =?utf-8?b?QWxwaGFQaWxvdCDlpIfku73kv6Hlj7cgKGFscGhhX3NpZ25hbF90aHJfMjAyNjA1MDZfMTMzOS5qc29uKSBb5aSHUVEt6Ieq5L+dXQ==?=
[2026-05-06 13:40:26]  发现表格，共 27 行数据
[2026-05-06 13:40:26]  动态索引映射: ['股票代码', '股票名称', '信号', '当前价格', '量比', '来源过滤']
[2026-05-06 13:40:26]  [行1] 解析成功: SZSE.002300 [太阳电缆] SELL @ 9.59 (VR:0.35)
[2026-05-06 13:40:26]  [行2] 解析成功: SZSE.002460 [赣锋锂业] BUY @ 90.3 (VR:1.21)
[2026-05-06 13:40:26]  [行3] 解析成功: SZSE.002320 [海峡股份] SELL @ 8.5 (VR:0.95)
[2026-05-06 13:40:26]  [行4] 解析成功: SZSE.002364 [中恒电器] SELL @ 44.0 (VR:1.8)
[2026-05-06 13:40:26]  [行5] 解析成功: SZSE.002475 [立讯精密] SELL @ 67.59 (VR:0.76)
[2026-05-06 13:40:26]  [行6] 解析成功: SZSE.002925 [盈趣科技] SELL @ 20.62 (VR:0.63)
[2026-05-06 13:40:26]  [行7] 解析成功: SZSE.002046 [国机精工] SELL @ 55.91 (VR:0.16)
[2026-05-06 13:40:26]  [行8] 解析成功: SZSE.000682 [东方电子] SELL @ 13.25 (VR:0.08)
[2026-05-06 13:40:26]  [行9] 解析成功: SZSE.002240 [盛新锂能] BUY @ 62.32 (VR:0.36)
[2026-05-06 13:40:26]  [行10] 解析成功: SZSE.300693 [盛弘股份] SELL @ 47.5 (VR:1.73)
[2026-05-06 13:40:26]  [行11] 解析成功: SHSE.688617 [惠泰医疗] SELL @ 232.81 (VR:0.22)
[2026-05-06 13:40:26]  [行12] 解析成功: SHSE.600151 [航天机电] BUY @ 15.25 (VR:0.68)
[2026-05-06 13:40:26]  [行13] 解析成功: SZSE.002683 [宏大爆破] SELL @ 36.63 (VR:0.65)
[2026-05-06 13:40:26]  [行14] 解析成功: SZSE.002300 [太阳电缆] SELL @ 9.58 (VR:0.59)
[2026-05-06 13:40:26]  [行15] 解析成功: SZSE.002460 [赣锋锂业] BUY @ 90.38 (VR:2.44)
[2026-05-06 13:40:26]  [行16] 解析成功: SZSE.002364 [中恒电器] SELL @ 43.92 (VR:0.29)
[2026-05-06 13:40:26]  [行17] 解析成功: SZSE.002475 [立讯精密] SELL @ 67.42 (VR:0.33)
[2026-05-06 13:40:26]  [行18] 解析成功: SZSE.002925 [盈趣科技] SELL @ 20.57 (VR:0.96)
[2026-05-06 13:40:26]  [行19] 解析成功: SZSE.002046 [国机精工] SELL @ 55.84 (VR:0.67)
[2026-05-06 13:40:26]  [行20] 解析成功: SZSE.000682 [东方电子] SELL @ 13.24 (VR:1.39)
[2026-05-06 13:40:26]  [行21] 解析成功: SZSE.002828 [贝肯能源] SELL @ 11.38 (VR:0.81)
[2026-05-06 13:40:26]  [行22] 解析成功: SZSE.002240 [盛新锂能] BUY @ 62.57 (VR:0.43)
[2026-05-06 13:40:26]  [行23] 解析成功: SZSE.300693 [盛弘股份] SELL @ 47.46 (VR:0.59)
[2026-05-06 13:40:26]  [行24] 解析成功: SZSE.300432 [富临精工] BUY @ 27.75 (VR:0.94)
[2026-05-06 13:40:26]  [行25] 解析成功: SHSE.688617 [惠泰医疗] SELL @ 233.04 (VR:0.19)
[2026-05-06 13:40:26]  [行26] 解析成功: SHSE.688617 [惠泰医疗] SELL @ 232.97 (VR:0.15)
[2026-05-06 13:40:26]  [行27] 解析成功: SHSE.600151 [航天机电] BUY @ 15.3 (VR:3.42)
[2026-05-06 13:40:26] 成功保存 27 条因子至: signal_batch_20260506_134026_134877.txt
[2026-05-06 13:40:26]  QQ-备用 邮件 702 处理完成
[2026-05-06 13:40:26]  QQ-备用 本轮共成功处理 1 封有效信号邮件
[2026-05-06 13:41:01]  正在连接 QQ-主 邮箱服务器 (497720537@qq.com) ...
[2026-05-06 13:41:02]  正在连接 QQ-备用 邮箱服务器 (shouqianbadavid@qq.com) ...
[2026-05-06 13:41:37]  正在连接 QQ-主 邮箱服务器 (497720537@qq.com) ...
[2026-05-06 13:41:38]  正在连接 QQ-备用 邮箱服务器 (shouqianbadavid@qq.com) ...
[2026-05-06 13:42:14]  正在连接 QQ-主 邮箱服务器 (497720537@qq.com) ...
[2026-05-06 13:42:14]  正在连接 QQ-备用 邮箱服务器 (shouqianbadavid@qq.com) ...
[2026-05-06 13:42:50]  正在连接 QQ-主 邮箱服务器 (497720537@qq.com) ...
[2026-05-06 13:42:50]  正在连接 QQ-备用 邮箱服务器 (shouqianbadavid@qq.com) ...
[2026-05-06 13:43:26]  正在连接 QQ-主 邮箱服务器 (497720537@qq.com) ...
[2026-05-06 13:43:27]  正在连接 QQ-备用 邮箱服务器 (shouqianbadavid@qq.com) ...
[2026-05-06 13:44:02]  正在连接 QQ-主 邮箱服务器 (497720537@qq.com) ...
[2026-05-06 13:44:03]  正在连接 QQ-备用 邮箱服务器 (shouqianbadavid@qq.com) ...
[2026-05-06 13:44:38]  正在连接 QQ-主 邮箱服务器 (497720537@qq.com) ...
[2026-05-06 13:44:39]  正在连接 QQ-备用 邮箱服务器 (shouqianbadavid@qq.com) ...
[2026-05-06 13:45:14]  正在连接 QQ-主 邮箱服务器 (497720537@qq.com) ...
[2026-05-06 13:45:15]  正在连接 QQ-备用 邮箱服务器 (shouqianbadavid@qq.com) ...
[2026-05-06 13:45:51]  正在连接 QQ-主 邮箱服务器 (497720537@qq.com) ...
[2026-05-06 13:45:51]  正在连接 QQ-备用 邮箱服务器 (shouqianbadavid@qq.com) ...
[2026-05-06 13:46:27]  正在连接 QQ-主 邮箱服务器 (497720537@qq.com) ...
[2026-05-06 13:46:28]  正在连接 QQ-备用 邮箱服务器 (shouqianbadavid@qq.com) ...
[2026-05-06 13:47:03]  正在连接 QQ-主 邮箱服务器 (497720537@qq.com) ...
[2026-05-06 13:47:04]  正在连接 QQ-备用 邮箱服务器 (shouqianbadavid@qq.com) ...
[2026-05-06 13:47:39]  正在连接 QQ-主 邮箱服务器 (497720537@qq.com) ...
[2026-05-06 13:47:40]  正在连接 QQ-备用 邮箱服务器 (shouqianbadavid@qq.com) ...
[2026-05-06 13:48:15]  正在连接 QQ-主 邮箱服务器 (497720537@qq.com) ...
[2026-05-06 13:48:16]  正在连接 QQ-备用 邮箱服务器 (shouqianbadavid@qq.com) ...
[2026-05-06 13:48:51]  正在连接 QQ-主 邮箱服务器 (497720537@qq.com) ...
[2026-05-06 13:48:52]  正在连接 QQ-备用 邮箱服务器 (shouqianbadavid@qq.com) ...
[2026-05-06 13:49:27]  正在连接 QQ-主 邮箱服务器 (497720537@qq.com) ...
[2026-05-06 13:49:28]  QQ-主 正在解析因子: =?utf-8?b?QWxwaGFQaWxvdCDlrp7ml7bkv6Hlj7cgKGFscGhhX3NpZ25hbF90aHJfMjAyNjA1MDZfMTM0OS5qc29uKSBb5Li7UVEt5a+55aSWXQ==?=
[2026-05-06 13:49:28]  发现表格，共 30 行数据
[2026-05-06 13:49:28]  动态索引映射: ['股票代码', '股票名称', '信号', '当前价格', '量比', '来源过滤']
[2026-05-06 13:49:28]  [行1] 解析成功: SZSE.301171 [易点天下] SELL @ 36.52 (VR:0.61)
[2026-05-06 13:49:28]  [行2] 解析成功: SZSE.003035 [南网能源] BUY @ 7.6 (VR:0.02)
[2026-05-06 13:49:28]  [行3] 解析成功: SZSE.301165 [锐捷网络] SELL @ 103.12 (VR:0.49)
[2026-05-06 13:49:28]  [行4] 解析成功: SZSE.300207 [欣旺达] BUY @ 28.06 (VR:0.49)
[2026-05-06 13:49:28]  [行5] 解析成功: SZSE.300677 [英科医疗] SELL @ 53.9 (VR:0.67)
[2026-05-06 13:49:28]  [行6] 解析成功: SZSE.300274 [阳光电源] BUY @ 140.76 (VR:0.76)
[2026-05-06 13:49:28]  [行7] 解析成功: SZSE.300393 [中来股份] SELL @ 11.11 (VR:0.07)
[2026-05-06 13:49:28]  [行8] 解析成功: SZSE.301278 [快克股份] BUY @ 39.8 (VR:0.07)
[2026-05-06 13:49:28]  [行9] 解析成功: SZSE.300228 [富瑞特装] BUY @ 9.49 (VR:0.54)
[2026-05-06 13:49:28]  [行10] 解析成功: SZSE.301419 [瑞可达] BUY @ 41.62 (VR:4.38)
[2026-05-06 13:49:28]  [行11] 解析成功: SZSE.300643 [万通智控] BUY @ 18.06 (VR:0.57)
[2026-05-06 13:49:28]  [行12] 解析成功: SZSE.300449 [汉邦高科] BUY @ 7.75 (VR:0.28)
[2026-05-06 13:49:28]  [行13] 解析成功: SZSE.300868 [杰美特] BUY @ 71.89 (VR:2.73)
[2026-05-06 13:49:28]  [行14] 解析成功: SZSE.300054 [鼎龙股份] SELL @ 65.77 (VR:0.43)
[2026-05-06 13:49:28]  [行15] 解析成功: SZSE.301171 [易点天下] SELL @ 36.45 (VR:0.59)
[2026-05-06 13:49:28]  [行16] 解析成功: SHSE.600989 [宝丰能源] SELL @ 30.07 (VR:0.5)
[2026-05-06 13:49:28]  [行17] 解析成功: SZSE.003035 [南网能源] BUY @ 7.61 (VR:0.78)
[2026-05-06 13:49:28]  [行18] 解析成功: SZSE.301165 [锐捷网络] SELL @ 103.0 (VR:0.02)
[2026-05-06 13:49:28]  [行19] 解析成功: SZSE.300037 [新宙邦] BUY @ 72.75 (VR:0.14)
[2026-05-06 13:49:28]  [行20] 解析成功: SZSE.300207 [欣旺达] BUY @ 28.13 (VR:0.64)
[2026-05-06 13:49:28]  [行21] 解析成功: SZSE.300677 [英科医疗] SELL @ 53.88 (VR:0.13)
[2026-05-06 13:49:28]  [行22] 解析成功: SZSE.300274 [阳光电源] BUY @ 140.89 (VR:0.68)
[2026-05-06 13:49:28]  [行23] 解析成功: SZSE.300393 [中来股份] SELL @ 11.09 (VR:2.15)
[2026-05-06 13:49:28]  [行24] 解析成功: SZSE.301278 [快克股份] BUY @ 39.87 (VR:2.33)
[2026-05-06 13:49:28]  [行25] 解析成功: SZSE.300228 [富瑞特装] BUY @ 9.49 (VR:1.69)
[2026-05-06 13:49:28]  [行26] 解析成功: SZSE.301071 [力量钻石] BUY @ 54.35 (VR:0.21)
[2026-05-06 13:49:28]  [行27] 解析成功: SZSE.300643 [万通智控] BUY @ 18.07 (VR:1.34)
[2026-05-06 13:49:28]  [行28] 解析成功: SZSE.300449 [汉邦高科] BUY @ 7.77 (VR:0.25)
[2026-05-06 13:49:28]  [行29] 解析成功: SZSE.300868 [杰美特] BUY @ 72.08 (VR:2.8)
[2026-05-06 13:49:28]  [行30] 解析成功: SZSE.300390 [天华超净] BUY @ 118.24 (VR:0.72)
[2026-05-06 13:49:28] 成功保存 30 条因子至: signal_batch_20260506_134928_705492.txt
[2026-05-06 13:49:28]  QQ-主 邮件 3378 处理完成
[2026-05-06 13:49:28]  QQ-主 本轮共成功处理 1 封有效信号邮件
[2026-05-06 13:49:29]  正在连接 QQ-备用 邮箱服务器 (shouqianbadavid@qq.com) ...
[2026-05-06 13:50:04]  正在连接 QQ-主 邮箱服务器 (497720537@qq.com) ...
[2026-05-06 13:50:05]  正在连接 QQ-备用 邮箱服务器 (shouqianbadavid@qq.com) ...
[2026-05-06 13:50:05]  QQ-备用 正在解析因子: =?utf-8?b?QWxwaGFQaWxvdCDlpIfku73kv6Hlj7cgKGFscGhhX3NpZ25hbF90aHJfMjAyNjA1MDZfMTM0OS5qc29uKSBb5aSHUVEt6Ieq5L+dXQ==?=
[2026-05-06 13:50:05]  发现表格，共 30 行数据
[2026-05-06 13:50:05]  动态索引映射: ['股票代码', '股票名称', '信号', '当前价格', '量比', '来源过滤']
[2026-05-06 13:50:05]  [行1] 解析成功: SZSE.301171 [易点天下] SELL @ 36.52 (VR:0.61)
[2026-05-06 13:50:05]  [行2] 解析成功: SZSE.003035 [南网能源] BUY @ 7.6 (VR:0.02)
[2026-05-06 13:50:05]  [行3] 解析成功: SZSE.301165 [锐捷网络] SELL @ 103.12 (VR:0.49)
[2026-05-06 13:50:05]  [行4] 解析成功: SZSE.300207 [欣旺达] BUY @ 28.06 (VR:0.49)
[2026-05-06 13:50:05]  [行5] 解析成功: SZSE.300677 [英科医疗] SELL @ 53.9 (VR:0.67)
[2026-05-06 13:50:05]  [行6] 解析成功: SZSE.300274 [阳光电源] BUY @ 140.76 (VR:0.76)
[2026-05-06 13:50:05]  [行7] 解析成功: SZSE.300393 [中来股份] SELL @ 11.11 (VR:0.07)
[2026-05-06 13:50:05]  [行8] 解析成功: SZSE.301278 [快克股份] BUY @ 39.8 (VR:0.07)
[2026-05-06 13:50:05]  [行9] 解析成功: SZSE.300228 [富瑞特装] BUY @ 9.49 (VR:0.54)
[2026-05-06 13:50:05]  [行10] 解析成功: SZSE.301419 [瑞可达] BUY @ 41.62 (VR:4.38)
[2026-05-06 13:50:05]  [行11] 解析成功: SZSE.300643 [万通智控] BUY @ 18.06 (VR:0.57)
[2026-05-06 13:50:05]  [行12] 解析成功: SZSE.300449 [汉邦高科] BUY @ 7.75 (VR:0.28)
[2026-05-06 13:50:05]  [行13] 解析成功: SZSE.300868 [杰美特] BUY @ 71.89 (VR:2.73)
[2026-05-06 13:50:05]  [行14] 解析成功: SZSE.300054 [鼎龙股份] SELL @ 65.77 (VR:0.43)
[2026-05-06 13:50:05]  [行15] 解析成功: SZSE.301171 [易点天下] SELL @ 36.45 (VR:0.59)
[2026-05-06 13:50:05]  [行16] 解析成功: SHSE.600989 [宝丰能源] SELL @ 30.07 (VR:0.5)
[2026-05-06 13:50:05]  [行17] 解析成功: SZSE.003035 [南网能源] BUY @ 7.61 (VR:0.78)
[2026-05-06 13:50:05]  [行18] 解析成功: SZSE.301165 [锐捷网络] SELL @ 103.0 (VR:0.02)
[2026-05-06 13:50:05]  [行19] 解析成功: SZSE.300037 [新宙邦] BUY @ 72.75 (VR:0.14)
[2026-05-06 13:50:05]  [行20] 解析成功: SZSE.300207 [欣旺达] BUY @ 28.13 (VR:0.64)
[2026-05-06 13:50:05]  [行21] 解析成功: SZSE.300677 [英科医疗] SELL @ 53.88 (VR:0.13)
[2026-05-06 13:50:05]  [行22] 解析成功: SZSE.300274 [阳光电源] BUY @ 140.89 (VR:0.68)
[2026-05-06 13:50:05]  [行23] 解析成功: SZSE.300393 [中来股份] SELL @ 11.09 (VR:2.15)
[2026-05-06 13:50:05]  [行24] 解析成功: SZSE.301278 [快克股份] BUY @ 39.87 (VR:2.33)
[2026-05-06 13:50:05]  [行25] 解析成功: SZSE.300228 [富瑞特装] BUY @ 9.49 (VR:1.69)
[2026-05-06 13:50:05]  [行26] 解析成功: SZSE.301071 [力量钻石] BUY @ 54.35 (VR:0.21)
[2026-05-06 13:50:05]  [行27] 解析成功: SZSE.300643 [万通智控] BUY @ 18.07 (VR:1.34)
[2026-05-06 13:50:05]  [行28] 解析成功: SZSE.300449 [汉邦高科] BUY @ 7.77 (VR:0.25)
[2026-05-06 13:50:05]  [行29] 解析成功: SZSE.300868 [杰美特] BUY @ 72.08 (VR:2.8)
[2026-05-06 13:50:05]  [行30] 解析成功: SZSE.300390 [天华超净] BUY @ 118.24 (VR:0.72)
[2026-05-06 13:50:05] 成功保存 30 条因子至: signal_batch_20260506_135005_926440.txt
[2026-05-06 13:50:06]  QQ-备用 邮件 703 处理完成
[2026-05-06 13:50:06]  QQ-备用 本轮共成功处理 1 封有效信号邮件
[2026-05-06 13:50:41]  正在连接 QQ-主 邮箱服务器 (497720537@qq.com) ...
[2026-05-06 13:50:41]  正在连接 QQ-备用 邮箱服务器 (shouqianbadavid@qq.com) ...
[2026-05-06 13:51:17]  正在连接 QQ-主 邮箱服务器 (497720537@qq.com) ...
[2026-05-06 13:51:18]  正在连接 QQ-备用 邮箱服务器 (shouqianbadavid@qq.com) ...
[2026-05-06 13:51:54]  正在连接 QQ-主 邮箱服务器 (497720537@qq.com) ...
[2026-05-06 13:51:54]  正在连接 QQ-备用 邮箱服务器 (shouqianbadavid@qq.com) ...
[2026-05-06 13:52:30]  正在连接 QQ-主 邮箱服务器 (497720537@qq.com) ...
[2026-05-06 13:52:30]  正在连接 QQ-备用 邮箱服务器 (shouqianbadavid@qq.com) ...
[2026-05-06 13:53:06]  正在连接 QQ-主 邮箱服务器 (497720537@qq.com) ...
[2026-05-06 13:53:06]  正在连接 QQ-备用 邮箱服务器 (shouqianbadavid@qq.com) ...
[2026-05-06 13:53:42]  正在连接 QQ-主 邮箱服务器 (497720537@qq.com) ...
[2026-05-06 13:53:42]  正在连接 QQ-备用 邮箱服务器 (shouqianbadavid@qq.com) ...
[2026-05-06 13:54:18]  正在连接 QQ-主 邮箱服务器 (497720537@qq.com) ...
[2026-05-06 13:54:18]  正在连接 QQ-备用 邮箱服务器 (shouqianbadavid@qq.com) ...
[2026-05-06 13:54:54]  正在连接 QQ-主 邮箱服务器 (497720537@qq.com) ...
[2026-05-06 13:54:54]  正在连接 QQ-备用 邮箱服务器 (shouqianbadavid@qq.com) ...
[2026-05-06 13:55:30]  正在连接 QQ-主 邮箱服务器 (497720537@qq.com) ...
[2026-05-06 13:55:30]  正在连接 QQ-备用 邮箱服务器 (shouqianbadavid@qq.com) ...
[2026-05-06 13:56:06]  正在连接 QQ-主 邮箱服务器 (497720537@qq.com) ...
[2026-05-06 13:56:06]  正在连接 QQ-备用 邮箱服务器 (shouqianbadavid@qq.com) ...
[2026-05-06 13:56:42]  正在连接 QQ-主 邮箱服务器 (497720537@qq.com) ...
[2026-05-06 13:56:42]  正在连接 QQ-备用 邮箱服务器 (shouqianbadavid@qq.com) ...
[2026-05-06 13:57:18]  正在连接 QQ-主 邮箱服务器 (497720537@qq.com) ...
[2026-05-06 13:57:18]  正在连接 QQ-备用 邮箱服务器 (shouqianbadavid@qq.com) ...
[2026-05-06 13:57:54]  正在连接 QQ-主 邮箱服务器 (497720537@qq.com) ...
[2026-05-06 13:57:55]  正在连接 QQ-备用 邮箱服务器 (shouqianbadavid@qq.com) ...
[2026-05-06 13:58:31]  正在连接 QQ-主 邮箱服务器 (497720537@qq.com) ...
[2026-05-06 13:58:32]  正在连接 QQ-备用 邮箱服务器 (shouqianbadavid@qq.com) ...
[2026-05-06 13:58:32]  QQ-备用 正在解析因子: =?utf-8?b?QWxwaGFQaWxvdCDlpIfku73kv6Hlj7cgKGFscGhhX3NpZ25hbF90aHJfMjAyNjA1MDZfMTM1Ny5qc29uKSBb5aSHUVEt6Ieq5L+dXQ==?=
[2026-05-06 13:58:32]  发现表格，共 21 行数据
[2026-05-06 13:58:32]  动态索引映射: ['股票代码', '股票名称', '信号', '当前价格', '量比', '来源过滤']
[2026-05-06 13:58:32]  [行1] 解析成功: SZSE.300444 [双杰电气] BUY @ 16.65 (VR:2.25)
[2026-05-06 13:58:32]  [行2] 解析成功: SZSE.300722 [新余国科] SELL @ 28.7 (VR:0.06)
[2026-05-06 13:58:32]  [行3] 解析成功: SZSE.300641 [正丹股份] SELL @ 17.74 (VR:0.61)
[2026-05-06 13:58:32]  [行4] 解析成功: SZSE.300461 [田中精机] SELL @ 53.24 (VR:0.06)
[2026-05-06 13:58:32]  [行5] 解析成功: SZSE.300385 [雪浪环境] SELL @ 15.99 (VR:0.02)
[2026-05-06 13:58:32]  [行6] 解析成功: SZSE.300468 [四方精创] SELL @ 29.43 (VR:0.69)
[2026-05-06 13:58:32]  [行7] 解析成功: SHSE.688700 [东威科技] SELL @ 63.04 (VR:2.7)
[2026-05-06 13:58:32]  [行8] 解析成功: SHSE.688689 [银河微电] SELL @ 39.2 (VR:0.04)
[2026-05-06 13:58:32]  [行9] 解析成功: SZSE.300672 [国科微] BUY @ 191.8 (VR:0.29)
[2026-05-06 13:58:32]  [行10] 解析成功: SZSE.300722 [新余国科] SELL @ 28.69 (VR:0.3)
[2026-05-06 13:58:32]  [行11] 解析成功: SZSE.300259 [新天科技] SELL @ 4.48 (VR:1.2)
[2026-05-06 13:58:32]  [行12] 解析成功: SZSE.301018 [申菱环境] SELL @ 120.19 (VR:0.54)
[2026-05-06 13:58:32]  [行13] 解析成功: SZSE.300641 [正丹股份] SELL @ 17.72 (VR:0.89)
[2026-05-06 13:58:32]  [行14] 解析成功: SZSE.300461 [田中精机] SELL @ 53.13 (VR:0.58)
[2026-05-06 13:58:32]  [行15] 解析成功: SZSE.301329 [信音电子] SELL @ 25.94 (VR:1.18)
[2026-05-06 13:58:32]  [行16] 解析成功: SZSE.300385 [雪浪环境] SELL @ 15.93 (VR:0.08)
[2026-05-06 13:58:32]  [行17] 解析成功: SZSE.301389 [隆扬电子] SELL @ 67.05 (VR:0.04)
[2026-05-06 13:58:32]  [行18] 解析成功: SHSE.688700 [东威科技] SELL @ 63.01 (VR:0.19)
[2026-05-06 13:58:32]  [行19] 解析成功: SHSE.688689 [银河微电] SELL @ 39.16 (VR:2.64)
[2026-05-06 13:58:32]  [行20] 解析成功: SZSE.300243 [瑞丰光电] BUY @ 17.82 (VR:0.64)
[2026-05-06 13:58:32]  [行21] 解析成功: SZSE.300672 [国科微] BUY @ 191.95 (VR:0.05)
[2026-05-06 13:58:32] 成功保存 21 条因子至: signal_batch_20260506_135832_761649.txt
[2026-05-06 13:58:32]  QQ-备用 邮件 704 处理完成
[2026-05-06 13:58:32]  QQ-备用 本轮共成功处理 1 封有效信号邮件
[2026-05-06 13:59:08]  正在连接 QQ-主 邮箱服务器 (497720537@qq.com) ...
[2026-05-06 13:59:08]  正在连接 QQ-备用 邮箱服务器 (shouqianbadavid@qq.com) ...
[2026-05-06 13:59:44]  正在连接 QQ-主 邮箱服务器 (497720537@qq.com) ...
[2026-05-06 13:59:44]  正在连接 QQ-备用 邮箱服务器 (shouqianbadavid@qq.com) ...
[2026-05-06 14:00:20]  正在连接 QQ-主 邮箱服务器 (497720537@qq.com) ...
[2026-05-06 14:00:20]  正在连接 QQ-备用 邮箱服务器 (shouqianbadavid@qq.com) ...
[2026-05-06 14:00:56]  正在连接 QQ-主 邮箱服务器 (497720537@qq.com) ...
[2026-05-06 14:00:56]  正在连接 QQ-备用 邮箱服务器 (shouqianbadavid@qq.com) ...
[2026-05-06 14:01:32]  正在连接 QQ-主 邮箱服务器 (497720537@qq.com) ...
[2026-05-06 14:01:33]  正在连接 QQ-备用 邮箱服务器 (shouqianbadavid@qq.com) ...
[2026-05-06 14:02:08]  正在连接 QQ-主 邮箱服务器 (497720537@qq.com) ...
[2026-05-06 14:02:09]  正在连接 QQ-备用 邮箱服务器 (shouqianbadavid@qq.com) ...
[2026-05-06 14:02:44]  正在连接 QQ-主 邮箱服务器 (497720537@qq.com) ...
[2026-05-06 14:02:48]  正在连接 QQ-备用 邮箱服务器 (shouqianbadavid@qq.com) ...
[2026-05-06 14:03:24]  正在连接 QQ-主 邮箱服务器 (497720537@qq.com) ...
[2026-05-06 14:03:24]  正在连接 QQ-备用 邮箱服务器 (shouqianbadavid@qq.com) ...
[2026-05-06 14:04:00]  正在连接 QQ-主 邮箱服务器 (497720537@qq.com) ...
[2026-05-06 14:04:00]  正在连接 QQ-备用 邮箱服务器 (shouqianbadavid@qq.com) ...
[2026-05-06 14:04:36]  正在连接 QQ-主 邮箱服务器 (497720537@qq.com) ...
[2026-05-06 14:04:36]  正在连接 QQ-备用 邮箱服务器 (shouqianbadavid@qq.com) ...
[2026-05-06 14:05:12]  正在连接 QQ-主 邮箱服务器 (497720537@qq.com) ...
[2026-05-06 14:05:13]  正在连接 QQ-备用 邮箱服务器 (shouqianbadavid@qq.com) ...
[2026-05-06 14:05:48]  正在连接 QQ-主 邮箱服务器 (497720537@qq.com) ...
[2026-05-06 14:05:49]  正在连接 QQ-备用 邮箱服务器 (shouqianbadavid@qq.com) ...
[2026-05-06 14:06:24]  正在连接 QQ-主 邮箱服务器 (497720537@qq.com) ...
[2026-05-06 14:06:25]  正在连接 QQ-备用 邮箱服务器 (shouqianbadavid@qq.com) ...
[2026-05-06 14:07:01]  正在连接 QQ-主 邮箱服务器 (497720537@qq.com) ...
[2026-05-06 14:07:01]  正在连接 QQ-备用 邮箱服务器 (shouqianbadavid@qq.com) ...
[2026-05-06 14:07:37]  正在连接 QQ-主 邮箱服务器 (497720537@qq.com) ...
[2026-05-06 14:07:37]  正在连接 QQ-备用 邮箱服务器 (shouqianbadavid@qq.com) ...
[2026-05-06 14:08:13]  正在连接 QQ-主 邮箱服务器 (497720537@qq.com) ...
[2026-05-06 14:08:14]  正在连接 QQ-备用 邮箱服务器 (shouqianbadavid@qq.com) ...
[2026-05-06 14:08:15]  QQ-备用 正在解析因子: =?utf-8?b?QWxwaGFQaWxvdCDlpIfku73kv6Hlj7cgKGFscGhhX3NpZ25hbF90aHJfMjAyNjA1MDZfMTQwNi5qc29uKSBb5aSHUVEt6Ieq5L+dXQ==?=
[2026-05-06 14:08:15]  发现表格，共 26 行数据
[2026-05-06 14:08:15]  动态索引映射: ['股票代码', '股票名称', '信号', '当前价格', '量比', '来源过滤']
[2026-05-06 14:08:15]  [行1] 解析成功: SZSE.300285 [国瓷材料] SELL @ 37.58 (VR:0.14)
[2026-05-06 14:08:15]  [行2] 解析成功: SZSE.000912 [泸天化] SELL @ 4.75 (VR:0.3)
[2026-05-06 14:08:15]  [行3] 解析成功: SZSE.000533 [顺钠股份] BUY @ 13.33 (VR:0.58)
[2026-05-06 14:08:15]  [行4] 解析成功: SZSE.301667 [纳百川] SELL @ 111.04 (VR:1.16)
[2026-05-06 14:08:15]  [行5] 解析成功: SHSE.688295 [奥林德] BUY @ 58.32 (VR:0.0)
[2026-05-06 14:08:15]  [行6] 解析成功: SZSE.002445 [中南文化] BUY @ 3.72 (VR:0.46)
[2026-05-06 14:08:15]  [行7] 解析成功: SHSE.601868 [中国能建] SELL @ 2.85 (VR:0.49)
[2026-05-06 14:08:15]  [行8] 解析成功: SHSE.601669 [中国电建] SELL @ 5.62 (VR:1.74)
[2026-05-06 14:08:15]  [行9] 解析成功: SHSE.600722 [金牛化工] BUY @ 14.06 (VR:0.16)
[2026-05-06 14:08:15]  [行10] 解析成功: SHSE.600726 [华电能源] SELL @ 6.69 (VR:1.0)
[2026-05-06 14:08:15]  [行11] 解析成功: SHSE.688295 [中复神鹰] BUY @ 58.31 (VR:0.22)
[2026-05-06 14:08:15]  [行12] 解析成功: SZSE.300724 [捷佳伟创] BUY @ 92.62 (VR:0.21)
[2026-05-06 14:08:15]  [行13] 解析成功: SZSE.300813 [泰林生物] BUY @ 25.55 (VR:1.22)
[2026-05-06 14:08:15]  [行14] 解析成功: SZSE.300285 [国瓷材料] SELL @ 37.53 (VR:1.8)
[2026-05-06 14:08:15]  [行15] 解析成功: SZSE.000912 [泸天化] SELL @ 4.74 (VR:0.07)
[2026-05-06 14:08:15]  [行16] 解析成功: SZSE.000533 [顺钠股份] BUY @ 13.35 (VR:1.43)
[2026-05-06 14:08:15]  [行17] 解析成功: SZSE.301226 [祥明智能] SELL @ 39.27 (VR:1.85)
[2026-05-06 14:08:15]  [行18] 解析成功: SZSE.300345 [华民股份] SELL @ 6.54 (VR:0.59)
[2026-05-06 14:08:15]  [行19] 解析成功: SHSE.688295 [奥林德] BUY @ 58.29 (VR:1.65)
[2026-05-06 14:08:15]  [行20] 解析成功: SHSE.601868 [中国能建] SELL @ 2.84 (VR:2.74)
[2026-05-06 14:08:15]  [行21] 解析成功: SHSE.600722 [金牛化工] BUY @ 14.07 (VR:0.37)
[2026-05-06 14:08:15]  [行22] 解析成功: SHSE.600726 [华电能源] SELL @ 6.66 (VR:1.45)
[2026-05-06 14:08:15]  [行23] 解析成功: SHSE.688295 [中复神鹰] BUY @ 58.38 (VR:1.94)
[2026-05-06 14:08:15]  [行24] 解析成功: SZSE.300782 [卓胜微] SELL @ 103.9 (VR:2.24)
[2026-05-06 14:08:15]  [行25] 解析成功: SZSE.300724 [捷佳伟创] SELL @ 92.38 (VR:0.14)
[2026-05-06 14:08:15]  [行26] 解析成功: SZSE.300364 [中文在线] SELL @ 30.29 (VR:0.79)
[2026-05-06 14:08:15] 成功保存 26 条因子至: signal_batch_20260506_140815_419865.txt
[2026-05-06 14:08:15]  QQ-备用 邮件 705 处理完成
[2026-05-06 14:08:15]  QQ-备用 本轮共成功处理 1 封有效信号邮件
[2026-05-06 14:08:50]  正在连接 QQ-主 邮箱服务器 (497720537@qq.com) ...
[2026-05-06 14:08:51]  正在连接 QQ-备用 邮箱服务器 (shouqianbadavid@qq.com) ...
[2026-05-06 14:09:26]  正在连接 QQ-主 邮箱服务器 (497720537@qq.com) ...
[2026-05-06 14:09:27]  正在连接 QQ-备用 邮箱服务器 (shouqianbadavid@qq.com) ...
[2026-05-06 14:10:02]  正在连接 QQ-主 邮箱服务器 (497720537@qq.com) ...
[2026-05-06 14:10:03]  正在连接 QQ-备用 邮箱服务器 (shouqianbadavid@qq.com) ...
[2026-05-06 14:10:39]  正在连接 QQ-主 邮箱服务器 (497720537@qq.com) ...
[2026-05-06 14:10:39]  正在连接 QQ-备用 邮箱服务器 (shouqianbadavid@qq.com) ...
[2026-05-06 14:11:15]  正在连接 QQ-主 邮箱服务器 (497720537@qq.com) ...
[2026-05-06 14:11:16]  正在连接 QQ-备用 邮箱服务器 (shouqianbadavid@qq.com) ...
[2026-05-06 14:11:51]  正在连接 QQ-主 邮箱服务器 (497720537@qq.com) ...
[2026-05-06 14:11:52]  正在连接 QQ-备用 邮箱服务器 (shouqianbadavid@qq.com) ...
[2026-05-06 14:12:27]  正在连接 QQ-主 邮箱服务器 (497720537@qq.com) ...
[2026-05-06 14:12:28]  正在连接 QQ-备用 邮箱服务器 (shouqianbadavid@qq.com) ...
[2026-05-06 14:13:04]  正在连接 QQ-主 邮箱服务器 (497720537@qq.com) ...
[2026-05-06 14:13:04]  正在连接 QQ-备用 邮箱服务器 (shouqianbadavid@qq.com) ...
[2026-05-06 14:13:40]  正在连接 QQ-主 邮箱服务器 (497720537@qq.com) ...
[2026-05-06 14:13:40]  正在连接 QQ-备用 邮箱服务器 (shouqianbadavid@qq.com) ...
[2026-05-06 14:14:16]  正在连接 QQ-主 邮箱服务器 (497720537@qq.com) ...
[2026-05-06 14:14:16]  正在连接 QQ-备用 邮箱服务器 (shouqianbadavid@qq.com) ...
[2026-05-06 14:14:52]  正在连接 QQ-主 邮箱服务器 (497720537@qq.com) ...
[2026-05-06 14:14:52]  正在连接 QQ-备用 邮箱服务器 (shouqianbadavid@qq.com) ...
[2026-05-06 14:15:28]  正在连接 QQ-主 邮箱服务器 (497720537@qq.com) ...
[2026-05-06 14:15:29]  正在连接 QQ-备用 邮箱服务器 (shouqianbadavid@qq.com) ...
[2026-05-06 14:16:04]  正在连接 QQ-主 邮箱服务器 (497720537@qq.com) ...
[2026-05-06 14:16:05]  正在连接 QQ-备用 邮箱服务器 (shouqianbadavid@qq.com) ...
[2026-05-06 14:16:40]  正在连接 QQ-主 邮箱服务器 (497720537@qq.com) ...
[2026-05-06 14:16:41]  正在连接 QQ-备用 邮箱服务器 (shouqianbadavid@qq.com) ...
[2026-05-06 14:17:17]  正在连接 QQ-主 邮箱服务器 (497720537@qq.com) ...
[2026-05-06 14:17:18]  正在连接 QQ-备用 邮箱服务器 (shouqianbadavid@qq.com) ...
[2026-05-06 14:17:53]  正在连接 QQ-主 邮箱服务器 (497720537@qq.com) ...
[2026-05-06 14:17:54]  正在连接 QQ-备用 邮箱服务器 (shouqianbadavid@qq.com) ...
[2026-05-06 14:18:29]  正在连接 QQ-主 邮箱服务器 (497720537@qq.com) ...
[2026-05-06 14:18:30]  正在连接 QQ-备用 邮箱服务器 (shouqianbadavid@qq.com) ...
[2026-05-06 14:19:05]  正在连接 QQ-主 邮箱服务器 (497720537@qq.com) ...
[2026-05-06 14:19:06]  正在连接 QQ-备用 邮箱服务器 (shouqianbadavid@qq.com) ...
[2026-05-06 14:19:07]  QQ-备用 正在解析因子: =?utf-8?b?QWxwaGFQaWxvdCDlpIfku73kv6Hlj7cgKGFscGhhX3NpZ25hbF90aHJfMjAyNjA1MDZfMTQxOC5qc29uKSBb5aSHUVEt6Ieq5L+dXQ==?=
[2026-05-06 14:19:07]  发现表格，共 22 行数据
[2026-05-06 14:19:07]  动态索引映射: ['股票代码', '股票名称', '信号', '当前价格', '量比', '来源过滤']
[2026-05-06 14:19:07]  [行1] 解析成功: SZSE.002300 [太阳电缆] BUY @ 9.53 (VR:1.96)
[2026-05-06 14:19:07]  [行2] 解析成功: SZSE.002498 [汉缆股份] SELL @ 9.01 (VR:0.72)
[2026-05-06 14:19:07]  [行3] 解析成功: SZSE.002320 [海峡股份] SELL @ 8.47 (VR:0.33)
[2026-05-06 14:19:07]  [行4] 解析成功: SZSE.000537 [绿发电力] BUY @ 10.46 (VR:3.49)
[2026-05-06 14:19:07]  [行5] 解析成功: SZSE.002475 [立讯精密] SELL @ 67.21 (VR:0.72)
[2026-05-06 14:19:07]  [行6] 解析成功: SZSE.002925 [盈趣科技] SELL @ 20.44 (VR:2.2)
[2026-05-06 14:19:07]  [行7] 解析成功: SZSE.002046 [国机精工] SELL @ 55.66 (VR:1.61)
[2026-05-06 14:19:07]  [行8] 解析成功: SZSE.002828 [贝肯能源] SELL @ 11.3 (VR:0.06)
[2026-05-06 14:19:07]  [行9] 解析成功: SZSE.300432 [富临精工] SELL @ 27.78 (VR:1.08)
[2026-05-06 14:19:07]  [行10] 解析成功: SHSE.688617 [惠泰医疗] SELL @ 231.54 (VR:7.83)
[2026-05-06 14:19:07]  [行11] 解析成功: SHSE.688617 [惠泰医疗] SELL @ 231.55 (VR:0.07)
[2026-05-06 14:19:07]  [行12] 解析成功: SZSE.002683 [宏大爆破] SELL @ 36.45 (VR:0.51)
[2026-05-06 14:19:07]  [行13] 解析成功: SZSE.002300 [太阳电缆] BUY @ 9.54 (VR:0.7)
[2026-05-06 14:19:07]  [行14] 解析成功: SZSE.002460 [赣锋锂业] SELL @ 90.36 (VR:1.04)
[2026-05-06 14:19:07]  [行15] 解析成功: SZSE.000537 [绿发电力] BUY @ 10.47 (VR:0.14)
[2026-05-06 14:19:07]  [行16] 解析成功: SZSE.002475 [立讯精密] SELL @ 67.0 (VR:1.84)
[2026-05-06 14:19:07]  [行17] 解析成功: SZSE.002925 [盈趣科技] SELL @ 20.42 (VR:1.41)
[2026-05-06 14:19:07]  [行18] 解析成功: SZSE.002046 [国机精工] SELL @ 55.6 (VR:0.89)
[2026-05-06 14:19:07]  [行19] 解析成功: SZSE.300693 [盛弘股份] SELL @ 48.03 (VR:3.9)
[2026-05-06 14:19:07]  [行20] 解析成功: SZSE.300432 [富临精工] SELL @ 27.75 (VR:0.14)
[2026-05-06 14:19:07]  [行21] 解析成功: SHSE.688331 [荣昌生物] SELL @ 127.62 (VR:1.51)
[2026-05-06 14:19:07]  [行22] 解析成功: SZSE.000592 [平潭发展] SELL @ 10.84 (VR:1.82)
[2026-05-06 14:19:07] 成功保存 22 条因子至: signal_batch_20260506_141907_570384.txt
[2026-05-06 14:19:07]  QQ-备用 邮件 706 处理完成
[2026-05-06 14:19:07]  QQ-备用 本轮共成功处理 1 封有效信号邮件
[2026-05-06 14:19:42]  正在连接 QQ-主 邮箱服务器 (497720537@qq.com) ...
[2026-05-06 14:19:43]  正在连接 QQ-备用 邮箱服务器 (shouqianbadavid@qq.com) ...
[2026-05-06 14:20:19]  正在连接 QQ-主 邮箱服务器 (497720537@qq.com) ...
[2026-05-06 14:20:20]  正在连接 QQ-备用 邮箱服务器 (shouqianbadavid@qq.com) ...
[2026-05-06 14:20:56]  正在连接 QQ-主 邮箱服务器 (497720537@qq.com) ...
[2026-05-06 14:20:57]  正在连接 QQ-备用 邮箱服务器 (shouqianbadavid@qq.com) ...
[2026-05-06 14:21:32]  正在连接 QQ-主 邮箱服务器 (497720537@qq.com) ...
[2026-05-06 14:21:33]  正在连接 QQ-备用 邮箱服务器 (shouqianbadavid@qq.com) ...
[2026-05-06 14:22:09]  正在连接 QQ-主 邮箱服务器 (497720537@qq.com) ...
[2026-05-06 14:22:09]  正在连接 QQ-备用 邮箱服务器 (shouqianbadavid@qq.com) ...
[2026-05-06 14:22:45]  正在连接 QQ-主 邮箱服务器 (497720537@qq.com) ...
[2026-05-06 14:22:46]  正在连接 QQ-备用 邮箱服务器 (shouqianbadavid@qq.com) ...
[2026-05-06 14:23:22]  正在连接 QQ-主 邮箱服务器 (497720537@qq.com) ...
[2026-05-06 14:23:22]  正在连接 QQ-备用 邮箱服务器 (shouqianbadavid@qq.com) ...
[2026-05-06 14:23:58]  正在连接 QQ-主 邮箱服务器 (497720537@qq.com) ...
[2026-05-06 14:23:59]  正在连接 QQ-备用 邮箱服务器 (shouqianbadavid@qq.com) ...
[2026-05-06 14:24:35]  正在连接 QQ-主 邮箱服务器 (497720537@qq.com) ...
[2026-05-06 14:24:35]  正在连接 QQ-备用 邮箱服务器 (shouqianbadavid@qq.com) ...
[2026-05-06 14:25:11]  正在连接 QQ-主 邮箱服务器 (497720537@qq.com) ...
[2026-05-06 14:25:12]  正在连接 QQ-备用 邮箱服务器 (shouqianbadavid@qq.com) ...
[2026-05-06 14:25:48]  正在连接 QQ-主 邮箱服务器 (497720537@qq.com) ...
[2026-05-06 14:25:48]  正在连接 QQ-备用 邮箱服务器 (shouqianbadavid@qq.com) ...
[2026-05-06 14:26:24]  正在连接 QQ-主 邮箱服务器 (497720537@qq.com) ...
[2026-05-06 14:26:25]  正在连接 QQ-备用 邮箱服务器 (shouqianbadavid@qq.com) ...
[2026-05-06 14:27:01]  正在连接 QQ-主 邮箱服务器 (497720537@qq.com) ...
[2026-05-06 14:27:02]  正在连接 QQ-备用 邮箱服务器 (shouqianbadavid@qq.com) ...
[2026-05-06 14:27:37]  正在连接 QQ-主 邮箱服务器 (497720537@qq.com) ...
[2026-05-06 14:27:38]  正在连接 QQ-备用 邮箱服务器 (shouqianbadavid@qq.com) ...
[2026-05-06 14:27:39]  QQ-备用 正在解析因子: =?utf-8?b?QWxwaGFQaWxvdCDlpIfku73kv6Hlj7cgKGFscGhhX3NpZ25hbF90aHJfMjAyNjA1MDZfMTQyNy5qc29uKSBb5aSHUVEt6Ieq5L+dXQ==?=
[2026-05-06 14:27:39]  发现表格，共 30 行数据
[2026-05-06 14:27:39]  动态索引映射: ['股票代码', '股票名称', '信号', '当前价格', '量比', '来源过滤']
[2026-05-06 14:27:39]  [行1] 解析成功: SZSE.301171 [易点天下] BUY @ 35.9 (VR:0.93)
[2026-05-06 14:27:39]  [行2] 解析成功: SZSE.003035 [南网能源] BUY @ 7.59 (VR:0.03)
[2026-05-06 14:27:39]  [行3] 解析成功: SZSE.002202 [金风科技] BUY @ 27.96 (VR:0.16)
[2026-05-06 14:27:39]  [行4] 解析成功: SZSE.301165 [锐捷网络] SELL @ 101.92 (VR:0.17)
[2026-05-06 14:27:39]  [行5] 解析成功: SZSE.300037 [新宙邦] BUY @ 71.37 (VR:0.17)
[2026-05-06 14:27:39]  [行6] 解析成功: SZSE.300677 [英科医疗] BUY @ 53.5 (VR:2.08)
[2026-05-06 14:27:39]  [行7] 解析成功: SZSE.300274 [阳光电源] BUY @ 140.13 (VR:0.41)
[2026-05-06 14:27:39]  [行8] 解析成功: SZSE.002195 [岩山科技] BUY @ 8.87 (VR:0.53)
[2026-05-06 14:27:39]  [行9] 解析成功: SZSE.300393 [中来股份] BUY @ 11.04 (VR:0.18)
[2026-05-06 14:27:39]  [行10] 解析成功: SZSE.301278 [快克股份] BUY @ 39.71 (VR:0.04)
[2026-05-06 14:27:39]  [行11] 解析成功: SZSE.300228 [富瑞特装] SELL @ 9.45 (VR:0.13)
[2026-05-06 14:27:39]  [行12] 解析成功: SZSE.301071 [力量钻石] SELL @ 54.26 (VR:0.43)
[2026-05-06 14:27:39]  [行13] 解析成功: SZSE.300449 [汉邦高科] SELL @ 7.73 (VR:2.05)
[2026-05-06 14:27:39]  [行14] 解析成功: SZSE.300868 [杰美特] BUY @ 72.42 (VR:0.23)
[2026-05-06 14:27:39]  [行15] 解析成功: SZSE.300390 [天华超净] BUY @ 113.99 (VR:0.82)
[2026-05-06 14:27:39]  [行16] 解析成功: SZSE.300568 [星源材质] BUY @ 17.29 (VR:0.05)
[2026-05-06 14:27:39]  [行17] 解析成功: SZSE.301171 [易点天下] BUY @ 35.9 (VR:0.41)
[2026-05-06 14:27:39]  [行18] 解析成功: SZSE.002202 [金风科技] BUY @ 27.97 (VR:0.84)
[2026-05-06 14:27:39]  [行19] 解析成功: SZSE.301165 [锐捷网络] SELL @ 101.74 (VR:1.05)
[2026-05-06 14:27:39]  [行20] 解析成功: SZSE.300037 [新宙邦] BUY @ 71.38 (VR:0.34)
[2026-05-06 14:27:39]  [行21] 解析成功: SZSE.300274 [阳光电源] BUY @ 140.42 (VR:0.26)
[2026-05-06 14:27:39]  [行22] 解析成功: SZSE.300285 [国瓷材料] BUY @ 37.32 (VR:0.45)
[2026-05-06 14:27:39]  [行23] 解析成功: SZSE.300393 [中来股份] BUY @ 11.05 (VR:3.51)
[2026-05-06 14:27:39]  [行24] 解析成功: SZSE.301278 [快克股份] BUY @ 39.72 (VR:0.15)
[2026-05-06 14:27:39]  [行25] 解析成功: SZSE.300228 [富瑞特装] SELL @ 9.44 (VR:4.37)
[2026-05-06 14:27:39]  [行26] 解析成功: SZSE.301071 [力量钻石] SELL @ 54.14 (VR:0.02)
[2026-05-06 14:27:39]  [行27] 解析成功: SZSE.300449 [汉邦高科] SELL @ 7.72 (VR:0.87)
[2026-05-06 14:27:39]  [行28] 解析成功: SZSE.300868 [杰美特] BUY @ 72.55 (VR:0.85)
[2026-05-06 14:27:39]  [行29] 解析成功: SZSE.300390 [天华超净] BUY @ 114.02 (VR:0.74)
[2026-05-06 14:27:39]  [行30] 解析成功: SZSE.300568 [星源材质] BUY @ 17.31 (VR:0.37)
[2026-05-06 14:27:39] 成功保存 30 条因子至: signal_batch_20260506_142739_676596.txt
[2026-05-06 14:27:39]  QQ-备用 邮件 707 处理完成
[2026-05-06 14:27:39]  QQ-备用 本轮共成功处理 1 封有效信号邮件
[2026-05-06 14:28:14]  正在连接 QQ-主 邮箱服务器 (497720537@qq.com) ...
[2026-05-06 14:28:15]  正在连接 QQ-备用 邮箱服务器 (shouqianbadavid@qq.com) ...
[2026-05-06 14:28:51]  正在连接 QQ-主 邮箱服务器 (497720537@qq.com) ...
[2026-05-06 14:28:51]  正在连接 QQ-备用 邮箱服务器 (shouqianbadavid@qq.com) ...
[2026-05-06 14:29:27]  正在连接 QQ-主 邮箱服务器 (497720537@qq.com) ...
[2026-05-06 14:29:28]  正在连接 QQ-备用 邮箱服务器 (shouqianbadavid@qq.com) ...
[2026-05-06 14:30:04]  正在连接 QQ-主 邮箱服务器 (497720537@qq.com) ...
[2026-05-06 14:30:04]  正在连接 QQ-备用 邮箱服务器 (shouqianbadavid@qq.com) ...
[2026-05-06 14:30:40]  正在连接 QQ-主 邮箱服务器 (497720537@qq.com) ...
[2026-05-06 14:30:41]  正在连接 QQ-备用 邮箱服务器 (shouqianbadavid@qq.com) ...
[2026-05-06 14:31:16]  正在连接 QQ-主 邮箱服务器 (497720537@qq.com) ...
[2026-05-06 14:31:17]  正在连接 QQ-备用 邮箱服务器 (shouqianbadavid@qq.com) ...
[2026-05-06 14:31:53]  正在连接 QQ-主 邮箱服务器 (497720537@qq.com) ...
[2026-05-06 14:31:53]  正在连接 QQ-备用 邮箱服务器 (shouqianbadavid@qq.com) ...
[2026-05-06 14:32:29]  正在连接 QQ-主 邮箱服务器 (497720537@qq.com) ...
[2026-05-06 14:32:29]  正在连接 QQ-备用 邮箱服务器 (shouqianbadavid@qq.com) ...
[2026-05-06 14:33:05]  正在连接 QQ-主 邮箱服务器 (497720537@qq.com) ...
[2026-05-06 14:33:05]  正在连接 QQ-备用 邮箱服务器 (shouqianbadavid@qq.com) ...
[2026-05-06 14:33:41]  正在连接 QQ-主 邮箱服务器 (497720537@qq.com) ...
[2026-05-06 14:33:41]  正在连接 QQ-备用 邮箱服务器 (shouqianbadavid@qq.com) ...
[2026-05-06 14:34:17]  正在连接 QQ-主 邮箱服务器 (497720537@qq.com) ...
[2026-05-06 14:34:18]  正在连接 QQ-备用 邮箱服务器 (shouqianbadavid@qq.com) ...
[2026-05-06 14:34:53]  正在连接 QQ-主 邮箱服务器 (497720537@qq.com) ...
[2026-05-06 14:34:54]  正在连接 QQ-备用 邮箱服务器 (shouqianbadavid@qq.com) ...
[2026-05-06 14:35:29]  正在连接 QQ-主 邮箱服务器 (497720537@qq.com) ...
[2026-05-06 14:35:30]  正在连接 QQ-备用 邮箱服务器 (shouqianbadavid@qq.com) ...
[2026-05-06 14:36:06]  正在连接 QQ-主 邮箱服务器 (497720537@qq.com) ...
[2026-05-06 14:36:07]  正在连接 QQ-备用 邮箱服务器 (shouqianbadavid@qq.com) ...
[2026-05-06 14:36:07]  QQ-备用 正在解析因子: =?utf-8?b?QWxwaGFQaWxvdCDlpIfku73kv6Hlj7cgKGFscGhhX3NpZ25hbF90aHJfMjAyNjA1MDZfMTQzNS5qc29uKSBb5aSHUVEt6Ieq5L+dXQ==?=
[2026-05-06 14:36:07]  发现表格，共 29 行数据
[2026-05-06 14:36:07]  动态索引映射: ['股票代码', '股票名称', '信号', '当前价格', '量比', '来源过滤']
[2026-05-06 14:36:07]  [行1] 解析成功: SZSE.300444 [双杰电气] BUY @ 16.66 (VR:1.28)
[2026-05-06 14:36:07]  [行2] 解析成功: SZSE.300722 [新余国科] BUY @ 28.55 (VR:0.2)
[2026-05-06 14:36:07]  [行3] 解析成功: SZSE.301018 [申菱环境] SELL @ 119.06 (VR:0.03)
[2026-05-06 14:36:07]  [行4] 解析成功: SZSE.300641 [正丹股份] BUY @ 17.71 (VR:0.24)
[2026-05-06 14:36:07]  [行5] 解析成功: SZSE.300461 [田中精机] BUY @ 53.24 (VR:0.08)
[2026-05-06 14:36:07]  [行6] 解析成功: SZSE.300385 [雪浪环境] SELL @ 15.97 (VR:0.04)
[2026-05-06 14:36:07]  [行7] 解析成功: SZSE.301389 [隆扬电子] SELL @ 66.26 (VR:0.21)
[2026-05-06 14:36:07]  [行8] 解析成功: SZSE.301449 [天溯计量] SELL @ 68.83 (VR:1.03)
[2026-05-06 14:36:07]  [行9] 解析成功: SHSE.688700 [东威科技] SELL @ 62.78 (VR:0.0)
[2026-05-06 14:36:07]  [行10] 解析成功: SHSE.688689 [银河微电] SELL @ 38.99 (VR:0.77)
[2026-05-06 14:36:07]  [行11] 解析成功: SHSE.603538 [美诺华] BUY @ 68.3 (VR:0.03)
[2026-05-06 14:36:07]  [行12] 解析成功: SZSE.300243 [瑞丰光电] SELL @ 18.08 (VR:0.16)
[2026-05-06 14:36:07]  [行13] 解析成功: SZSE.002980 [华盛昌] SELL @ 75.6 (VR:0.79)
[2026-05-06 14:36:07]  [行14] 解析成功: SZSE.301220 [亚香股份] BUY @ 37.39 (VR:0.06)
[2026-05-06 14:36:07]  [行15] 解析成功: SZSE.300185 [通裕重工] BUY @ 3.22 (VR:1.75)
[2026-05-06 14:36:07]  [行16] 解析成功: SZSE.300672 [国科微] BUY @ 189.81 (VR:0.72)
[2026-05-06 14:36:07]  [行17] 解析成功: SZSE.300722 [新余国科] BUY @ 28.58 (VR:0.6)
[2026-05-06 14:36:07]  [行18] 解析成功: SZSE.301018 [申菱环境] SELL @ 118.96 (VR:0.16)
[2026-05-06 14:36:07]  [行19] 解析成功: SZSE.300641 [正丹股份] BUY @ 17.73 (VR:0.02)
[2026-05-06 14:36:07]  [行20] 解析成功: SZSE.300461 [田中精机] BUY @ 53.35 (VR:1.01)
[2026-05-06 14:36:07]  [行21] 解析成功: SZSE.300385 [雪浪环境] SELL @ 15.95 (VR:0.05)
[2026-05-06 14:36:07]  [行22] 解析成功: SZSE.301449 [天溯计量] SELL @ 68.82 (VR:0.16)
[2026-05-06 14:36:07]  [行23] 解析成功: SHSE.688689 [银河微电] SELL @ 38.92 (VR:1.62)
[2026-05-06 14:36:07]  [行24] 解析成功: SHSE.603538 [美诺华] BUY @ 68.39 (VR:0.33)
[2026-05-06 14:36:07]  [行25] 解析成功: SZSE.300243 [瑞丰光电] SELL @ 18.05 (VR:0.81)
[2026-05-06 14:36:07]  [行26] 解析成功: SZSE.002980 [华盛昌] SELL @ 75.56 (VR:1.42)
[2026-05-06 14:36:07]  [行27] 解析成功: SZSE.301220 [亚香股份] BUY @ 37.42 (VR:0.21)
[2026-05-06 14:36:07]  [行28] 解析成功: SZSE.300185 [通裕重工] BUY @ 3.23 (VR:0.07)
[2026-05-06 14:36:07]  [行29] 解析成功: SZSE.300672 [国科微] BUY @ 190.22 (VR:0.07)
[2026-05-06 14:36:07] 成功保存 29 条因子至: signal_batch_20260506_143607_958380.txt
[2026-05-06 14:36:08]  QQ-备用 邮件 708 处理完成
[2026-05-06 14:36:08]  QQ-备用 本轮共成功处理 1 封有效信号邮件
[2026-05-06 14:36:43]  正在连接 QQ-主 邮箱服务器 (497720537@qq.com) ...
[2026-05-06 14:36:43]  正在连接 QQ-备用 邮箱服务器 (shouqianbadavid@qq.com) ...
[2026-05-06 14:37:19]  正在连接 QQ-主 邮箱服务器 (497720537@qq.com) ...
[2026-05-06 14:37:20]  正在连接 QQ-备用 邮箱服务器 (shouqianbadavid@qq.com) ...
[2026-05-06 14:37:56]  正在连接 QQ-主 邮箱服务器 (497720537@qq.com) ...
[2026-05-06 14:37:56]  正在连接 QQ-备用 邮箱服务器 (shouqianbadavid@qq.com) ...
[2026-05-06 14:38:32]  正在连接 QQ-主 邮箱服务器 (497720537@qq.com) ...
[2026-05-06 14:38:32]  正在连接 QQ-备用 邮箱服务器 (shouqianbadavid@qq.com) ...
[2026-05-06 14:39:08]  正在连接 QQ-主 邮箱服务器 (497720537@qq.com) ...
[2026-05-06 14:39:08]  正在连接 QQ-备用 邮箱服务器 (shouqianbadavid@qq.com) ...
[2026-05-06 14:39:44]  正在连接 QQ-主 邮箱服务器 (497720537@qq.com) ...
[2026-05-06 14:39:45]  正在连接 QQ-备用 邮箱服务器 (shouqianbadavid@qq.com) ...
[2026-05-06 14:40:20]  正在连接 QQ-主 邮箱服务器 (497720537@qq.com) ...
[2026-05-06 14:40:21]  正在连接 QQ-备用 邮箱服务器 (shouqianbadavid@qq.com) ...
[2026-05-06 14:40:56]  正在连接 QQ-主 邮箱服务器 (497720537@qq.com) ...
[2026-05-06 14:40:57]  正在连接 QQ-备用 邮箱服务器 (shouqianbadavid@qq.com) ...
[2026-05-06 14:40:58]  QQ-备用 正在解析因子: =?utf-8?b?QWxwaGFQaWxvdCDlpIfku73kv6Hlj7cgKGFscGhhX3NpZ25hbF90aHJfMjAyNjA1MDZfMTQ0MC5qc29uKSBb5aSHUVEt6Ieq5L+dXQ==?=
[2026-05-06 14:40:58]  发现表格，共 18 行数据
[2026-05-06 14:40:58]  动态索引映射: ['股票代码', '股票名称', '信号', '当前价格', '量比', '来源过滤']
[2026-05-06 14:40:58]  [行1] 解析成功: SZSE.000912 [泸天化] SELL @ 4.76 (VR:0.01)
[2026-05-06 14:40:58]  [行2] 解析成功: SZSE.000533 [顺钠股份] SELL @ 13.39 (VR:0.17)
[2026-05-06 14:40:58]  [行3] 解析成功: SZSE.301667 [纳百川] BUY @ 110.24 (VR:0.17)
[2026-05-06 14:40:58]  [行4] 解析成功: SHSE.688295 [奥林德] SELL @ 58.09 (VR:0.29)
[2026-05-06 14:40:58]  [行5] 解析成功: SHSE.601868 [中国能建] BUY @ 2.84 (VR:0.96)
[2026-05-06 14:40:58]  [行6] 解析成功: SHSE.601669 [中国电建] BUY @ 5.61 (VR:1.46)
[2026-05-06 14:40:58]  [行7] 解析成功: SHSE.600722 [金牛化工] BUY @ 14.12 (VR:0.14)
[2026-05-06 14:40:58]  [行8] 解析成功: SHSE.688295 [中复神鹰] SELL @ 58.06 (VR:0.29)
[2026-05-06 14:40:58]  [行9] 解析成功: SZSE.300724 [捷佳伟创] BUY @ 92.32 (VR:0.18)
[2026-05-06 14:40:58]  [行10] 解析成功: SZSE.000912 [泸天化] SELL @ 4.75 (VR:0.02)
[2026-05-06 14:40:58]  [行11] 解析成功: SZSE.000533 [顺钠股份] SELL @ 13.38 (VR:1.06)
[2026-05-06 14:40:58]  [行12] 解析成功: SZSE.301667 [纳百川] BUY @ 110.52 (VR:0.52)
[2026-05-06 14:40:58]  [行13] 解析成功: SHSE.688295 [奥林德] SELL @ 58.03 (VR:0.49)
[2026-05-06 14:40:58]  [行14] 解析成功: SHSE.601868 [中国能建] BUY @ 2.85 (VR:0.38)
[2026-05-06 14:40:58]  [行15] 解析成功: SHSE.601669 [中国电建] BUY @ 5.62 (VR:0.19)
[2026-05-06 14:40:58]  [行16] 解析成功: SHSE.600722 [金牛化工] BUY @ 14.13 (VR:0.42)
[2026-05-06 14:40:58]  [行17] 解析成功: SHSE.688295 [中复神鹰] SELL @ 58.02 (VR:0.76)
[2026-05-06 14:40:58]  [行18] 解析成功: SZSE.300724 [捷佳伟创] BUY @ 92.43 (VR:1.04)
[2026-05-06 14:40:58] 成功保存 18 条因子至: signal_batch_20260506_144058_534323.txt
[2026-05-06 14:40:58]  QQ-备用 邮件 709 处理完成
[2026-05-06 14:40:58]  QQ-备用 本轮共成功处理 1 封有效信号邮件
[2026-05-06 14:41:33]  正在连接 QQ-主 邮箱服务器 (497720537@qq.com) ...
[2026-05-06 14:41:34]  正在连接 QQ-备用 邮箱服务器 (shouqianbadavid@qq.com) ...
[2026-05-06 14:42:10]  正在连接 QQ-主 邮箱服务器 (497720537@qq.com) ...
[2026-05-06 14:42:12]  正在连接 QQ-备用 邮箱服务器 (shouqianbadavid@qq.com) ...
[2026-05-06 14:42:48]  正在连接 QQ-主 邮箱服务器 (497720537@qq.com) ...
[2026-05-06 14:42:48]  正在连接 QQ-备用 邮箱服务器 (shouqianbadavid@qq.com) ...
[2026-05-06 14:43:24]  正在连接 QQ-主 邮箱服务器 (497720537@qq.com) ...
[2026-05-06 14:43:24]  正在连接 QQ-备用 邮箱服务器 (shouqianbadavid@qq.com) ...
[2026-05-06 14:44:00]  正在连接 QQ-主 邮箱服务器 (497720537@qq.com) ...
[2026-05-06 14:44:00]  正在连接 QQ-备用 邮箱服务器 (shouqianbadavid@qq.com) ...
[2026-05-06 14:44:36]  正在连接 QQ-主 邮箱服务器 (497720537@qq.com) ...
[2026-05-06 14:44:36]  正在连接 QQ-备用 邮箱服务器 (shouqianbadavid@qq.com) ...
[2026-05-06 14:45:12]  正在连接 QQ-主 邮箱服务器 (497720537@qq.com) ...
[2026-05-06 14:45:13]  正在连接 QQ-备用 邮箱服务器 (shouqianbadavid@qq.com) ...
[2026-05-06 14:45:49]  正在连接 QQ-主 邮箱服务器 (497720537@qq.com) ...
[2026-05-06 14:45:49]  正在连接 QQ-备用 邮箱服务器 (shouqianbadavid@qq.com) ...
[2026-05-06 14:46:25]  正在连接 QQ-主 邮箱服务器 (497720537@qq.com) ...
[2026-05-06 14:46:26]  正在连接 QQ-备用 邮箱服务器 (shouqianbadavid@qq.com) ...
[2026-05-06 14:47:01]  正在连接 QQ-主 邮箱服务器 (497720537@qq.com) ...
[2026-05-06 14:47:02]  正在连接 QQ-备用 邮箱服务器 (shouqianbadavid@qq.com) ...
[2026-05-06 14:47:38]  正在连接 QQ-主 邮箱服务器 (497720537@qq.com) ...
[2026-05-06 14:47:38]  正在连接 QQ-备用 邮箱服务器 (shouqianbadavid@qq.com) ...
[2026-05-06 14:48:14]  正在连接 QQ-主 邮箱服务器 (497720537@qq.com) ...
[2026-05-06 14:48:15]  正在连接 QQ-备用 邮箱服务器 (shouqianbadavid@qq.com) ...
[2026-05-06 14:48:15]  QQ-备用 正在解析因子: =?utf-8?b?QWxwaGFQaWxvdCDlpIfku73kv6Hlj7cgKGFscGhhX3NpZ25hbF90aHJfMjAyNjA1MDZfMTQ0Ny5qc29uKSBb5aSHUVEt6Ieq5L+dXQ==?=
[2026-05-06 14:48:15]  发现表格，共 16 行数据
[2026-05-06 14:48:15]  动态索引映射: ['股票代码', '股票名称', '信号', '当前价格', '量比', '来源过滤']
[2026-05-06 14:48:15]  [行1] 解析成功: SZSE.002925 [盈趣科技] BUY @ 20.39 (VR:1.19)
[2026-05-06 14:48:15]  [行2] 解析成功: SZSE.002046 [国机精工] BUY @ 55.73 (VR:0.81)
[2026-05-06 14:48:15]  [行3] 解析成功: SZSE.300693 [盛弘股份] SELL @ 49.84 (VR:1.41)
[2026-05-06 14:48:15]  [行4] 解析成功: SZSE.300432 [富临精工] SELL @ 27.97 (VR:0.48)
[2026-05-06 14:48:15]  [行5] 解析成功: SHSE.688617 [惠泰医疗] BUY @ 234.74 (VR:0.46)
[2026-05-06 14:48:15]  [行6] 解析成功: SHSE.688617 [惠泰医疗] BUY @ 234.68 (VR:0.64)
[2026-05-06 14:48:15]  [行7] 解析成功: SHSE.600151 [航天机电] BUY @ 15.19 (VR:0.6)
[2026-05-06 14:48:15]  [行8] 解析成功: SZSE.300346 [南大光电] BUY @ 54.17 (VR:0.06)
[2026-05-06 14:48:15]  [行9] 解析成功: SZSE.002925 [盈趣科技] BUY @ 20.4 (VR:0.87)
[2026-05-06 14:48:15]  [行10] 解析成功: SZSE.002046 [国机精工] BUY @ 55.8 (VR:1.86)
[2026-05-06 14:48:15]  [行11] 解析成功: SZSE.300346 [南大光电] BUY @ 54.18 (VR:0.15)
[2026-05-06 14:48:15]  [行12] 解析成功: SZSE.300693 [盛弘股份] SELL @ 49.7 (VR:1.1)
[2026-05-06 14:48:16]  [行13] 解析成功: SZSE.300432 [富临精工] SELL @ 27.93 (VR:1.16)
[2026-05-06 14:48:16]  [行14] 解析成功: SHSE.688617 [惠泰医疗] BUY @ 235.21 (VR:1.91)
[2026-05-06 14:48:16]  [行15] 解析成功: SHSE.688617 [惠泰医疗] BUY @ 235.3 (VR:0.29)
[2026-05-06 14:48:16]  [行16] 解析成功: SHSE.600151 [航天机电] BUY @ 15.2 (VR:0.25)
[2026-05-06 14:48:16] 成功保存 16 条因子至: signal_batch_20260506_144816_021447.txt
[2026-05-06 14:48:16]  QQ-备用 邮件 710 处理完成
[2026-05-06 14:48:16]  QQ-备用 本轮共成功处理 1 封有效信号邮件
[2026-05-06 14:48:51]  正在连接 QQ-主 邮箱服务器 (497720537@qq.com) ...
[2026-05-06 14:48:51]  正在连接 QQ-备用 邮箱服务器 (shouqianbadavid@qq.com) ...
[2026-05-06 14:49:27]  正在连接 QQ-主 邮箱服务器 (497720537@qq.com) ...
[2026-05-06 14:49:28]  正在连接 QQ-备用 邮箱服务器 (shouqianbadavid@qq.com) ...
[2026-05-06 14:50:03]  正在连接 QQ-主 邮箱服务器 (497720537@qq.com) ...
[2026-05-06 14:50:04]  正在连接 QQ-备用 邮箱服务器 (shouqianbadavid@qq.com) ...
[2026-05-06 14:50:40]  正在连接 QQ-主 邮箱服务器 (497720537@qq.com) ...
[2026-05-06 14:50:40]  正在连接 QQ-备用 邮箱服务器 (shouqianbadavid@qq.com) ...
[2026-05-06 14:51:16]  正在连接 QQ-主 邮箱服务器 (497720537@qq.com) ...
[2026-05-06 14:51:17]  正在连接 QQ-备用 邮箱服务器 (shouqianbadavid@qq.com) ...
[2026-05-06 14:51:53]  正在连接 QQ-主 邮箱服务器 (497720537@qq.com) ...
[2026-05-06 14:51:53]  正在连接 QQ-备用 邮箱服务器 (shouqianbadavid@qq.com) ...
[2026-05-06 14:52:29]  正在连接 QQ-主 邮箱服务器 (497720537@qq.com) ...
[2026-05-06 14:52:29]  正在连接 QQ-备用 邮箱服务器 (shouqianbadavid@qq.com) ...
[2026-05-06 14:53:05]  正在连接 QQ-主 邮箱服务器 (497720537@qq.com) ...
[2026-05-06 14:53:06]  正在连接 QQ-备用 邮箱服务器 (shouqianbadavid@qq.com) ...
[2026-05-06 14:53:41]  正在连接 QQ-主 邮箱服务器 (497720537@qq.com) ...
[2026-05-06 14:53:42]  QQ-主 正在解析因子: =?utf-8?b?QWxwaGFQaWxvdCDlrp7ml7bkv6Hlj7cgKGFscGhhX3NpZ25hbF90aHJfMjAyNjA1MDZfMTQ1My5qc29uKSBb5Li7UVEt5a+55aSWXQ==?=
[2026-05-06 14:53:42]  发现表格，共 14 行数据
[2026-05-06 14:53:42]  动态索引映射: ['股票代码', '股票名称', '信号', '当前价格', '量比', '来源过滤']
[2026-05-06 14:53:42]  [行1] 解析成功: SZSE.301171 [易点天下] SELL @ 35.86 (VR:0.7)
[2026-05-06 14:53:42]  [行2] 解析成功: SZSE.301165 [锐捷网络] BUY @ 102.03 (VR:0.31)
[2026-05-06 14:53:42]  [行3] 解析成功: SZSE.300677 [英科医疗] BUY @ 53.41 (VR:1.42)
[2026-05-06 14:53:42]  [行4] 解析成功: SZSE.300274 [阳光电源] BUY @ 140.45 (VR:0.55)
[2026-05-06 14:53:42]  [行5] 解析成功: SZSE.300393 [中来股份] BUY @ 11.06 (VR:0.6)
[2026-05-06 14:53:42]  [行6] 解析成功: SZSE.300868 [杰美特] BUY @ 72.5 (VR:1.11)
[2026-05-06 14:53:42]  [行7] 解析成功: SZSE.300054 [鼎龙股份] SELL @ 64.87 (VR:0.72)
[2026-05-06 14:53:42]  [行8] 解析成功: SZSE.301171 [易点天下] SELL @ 35.84 (VR:0.35)
[2026-05-06 14:53:42]  [行9] 解析成功: SZSE.301165 [锐捷网络] BUY @ 102.07 (VR:0.86)
[2026-05-06 14:53:42]  [行10] 解析成功: SZSE.300677 [英科医疗] BUY @ 53.47 (VR:0.6)
[2026-05-06 14:53:42]  [行11] 解析成功: SZSE.300274 [阳光电源] BUY @ 140.51 (VR:0.3)
[2026-05-06 14:53:42]  [行12] 解析成功: SZSE.300393 [中来股份] BUY @ 11.08 (VR:0.55)
[2026-05-06 14:53:42]  [行13] 解析成功: SZSE.300868 [杰美特] BUY @ 72.52 (VR:1.22)
[2026-05-06 14:53:42]  [行14] 解析成功: SZSE.300054 [鼎龙股份] SELL @ 64.77 (VR:0.0)
[2026-05-06 14:53:42] 成功保存 14 条因子至: signal_batch_20260506_145342_492355.txt
[2026-05-06 14:53:42]  QQ-主 邮件 3386 处理完成
[2026-05-06 14:53:42]  QQ-主 本轮共成功处理 1 封有效信号邮件
[2026-05-06 14:53:42]  正在连接 QQ-备用 邮箱服务器 (shouqianbadavid@qq.com) ...
[2026-05-06 14:54:18]  正在连接 QQ-主 邮箱服务器 (497720537@qq.com) ...
[2026-05-06 14:54:19]  正在连接 QQ-备用 邮箱服务器 (shouqianbadavid@qq.com) ...
[2026-05-06 14:54:20]  QQ-备用 正在解析因子: =?utf-8?b?QWxwaGFQaWxvdCDlpIfku73kv6Hlj7cgKGFscGhhX3NpZ25hbF90aHJfMjAyNjA1MDZfMTQ1My5qc29uKSBb5aSHUVEt6Ieq5L+dXQ==?=
[2026-05-06 14:54:20]  发现表格，共 14 行数据
[2026-05-06 14:54:20]  动态索引映射: ['股票代码', '股票名称', '信号', '当前价格', '量比', '来源过滤']
[2026-05-06 14:54:20]  [行1] 解析成功: SZSE.301171 [易点天下] SELL @ 35.86 (VR:0.7)
[2026-05-06 14:54:20]  [行2] 解析成功: SZSE.301165 [锐捷网络] BUY @ 102.03 (VR:0.31)
[2026-05-06 14:54:20]  [行3] 解析成功: SZSE.300677 [英科医疗] BUY @ 53.41 (VR:1.42)
[2026-05-06 14:54:20]  [行4] 解析成功: SZSE.300274 [阳光电源] BUY @ 140.45 (VR:0.55)
[2026-05-06 14:54:20]  [行5] 解析成功: SZSE.300393 [中来股份] BUY @ 11.06 (VR:0.6)
[2026-05-06 14:54:20]  [行6] 解析成功: SZSE.300868 [杰美特] BUY @ 72.5 (VR:1.11)
[2026-05-06 14:54:20]  [行7] 解析成功: SZSE.300054 [鼎龙股份] SELL @ 64.87 (VR:0.72)
[2026-05-06 14:54:20]  [行8] 解析成功: SZSE.301171 [易点天下] SELL @ 35.84 (VR:0.35)
[2026-05-06 14:54:20]  [行9] 解析成功: SZSE.301165 [锐捷网络] BUY @ 102.07 (VR:0.86)
[2026-05-06 14:54:20]  [行10] 解析成功: SZSE.300677 [英科医疗] BUY @ 53.47 (VR:0.6)
[2026-05-06 14:54:20]  [行11] 解析成功: SZSE.300274 [阳光电源] BUY @ 140.51 (VR:0.3)
[2026-05-06 14:54:20]  [行12] 解析成功: SZSE.300393 [中来股份] BUY @ 11.08 (VR:0.55)
[2026-05-06 14:54:20]  [行13] 解析成功: SZSE.300868 [杰美特] BUY @ 72.52 (VR:1.22)
[2026-05-06 14:54:20]  [行14] 解析成功: SZSE.300054 [鼎龙股份] SELL @ 64.77 (VR:0.0)
[2026-05-06 14:54:20] 成功保存 14 条因子至: signal_batch_20260506_145420_366644.txt
[2026-05-06 14:54:20]  QQ-备用 邮件 711 处理完成
[2026-05-06 14:54:20]  QQ-备用 本轮共成功处理 1 封有效信号邮件
[2026-05-06 14:54:55]  正在连接 QQ-主 邮箱服务器 (497720537@qq.com) ...
[2026-05-06 14:54:56]  正在连接 QQ-备用 邮箱服务器 (shouqianbadavid@qq.com) ...
[2026-05-06 14:55:31]  正在连接 QQ-主 邮箱服务器 (497720537@qq.com) ...
[2026-05-06 14:55:33]  正在连接 QQ-备用 邮箱服务器 (shouqianbadavid@qq.com) ...
[2026-05-06 14:56:09]  正在连接 QQ-主 邮箱服务器 (497720537@qq.com) ...
[2026-05-06 14:56:10]  正在连接 QQ-备用 邮箱服务器 (shouqianbadavid@qq.com) ...
[2026-05-06 14:56:46]  正在连接 QQ-主 邮箱服务器 (497720537@qq.com) ...
[2026-05-06 14:56:47]  正在连接 QQ-备用 邮箱服务器 (shouqianbadavid@qq.com) ...
[2026-05-06 14:57:22]  正在连接 QQ-主 邮箱服务器 (497720537@qq.com) ...
[2026-05-06 14:57:23]  正在连接 QQ-备用 邮箱服务器 (shouqianbadavid@qq.com) ...
[2026-05-06 14:57:59]  正在连接 QQ-主 邮箱服务器 (497720537@qq.com) ...
[2026-05-06 14:57:59]  正在连接 QQ-备用 邮箱服务器 (shouqianbadavid@qq.com) ...
[2026-05-06 14:58:35]  正在连接 QQ-主 邮箱服务器 (497720537@qq.com) ...
[2026-05-06 14:58:36]  QQ-主 正在解析因子: =?utf-8?b?QWxwaGFQaWxvdCDlrp7ml7bkv6Hlj7cgKGFscGhhX3NpZ25hbF90aHJfMjAyNjA1MDZfMTQ1OC5qc29uKSBb5Li7UVEt5a+55aSWXQ==?=
[2026-05-06 14:58:36]  发现表格，共 20 行数据
[2026-05-06 14:58:36]  动态索引映射: ['股票代码', '股票名称', '信号', '当前价格', '量比', '来源过滤']
[2026-05-06 14:58:36]  [行1] 解析成功: SZSE.300722 [新余国科] BUY @ 28.6 (VR:0.1)
[2026-05-06 14:58:36]  [行2] 解析成功: SZSE.301018 [申菱环境] BUY @ 119.17 (VR:0.41)
[2026-05-06 14:58:36]  [行3] 解析成功: SZSE.300641 [正丹股份] SELL @ 17.72 (VR:0.11)
[2026-05-06 14:58:36]  [行4] 解析成功: SZSE.300461 [田中精机] BUY @ 53.28 (VR:0.43)
[2026-05-06 14:58:36]  [行5] 解析成功: SZSE.301389 [隆扬电子] BUY @ 66.05 (VR:0.8)
[2026-05-06 14:58:36]  [行6] 解析成功: SZSE.301449 [天溯计量] BUY @ 68.89 (VR:0.33)
[2026-05-06 14:58:36]  [行7] 解析成功: SHSE.688689 [银河微电] SELL @ 38.9 (VR:0.04)
[2026-05-06 14:58:36]  [行8] 解析成功: SZSE.300243 [瑞丰光电] BUY @ 17.96 (VR:0.06)
[2026-05-06 14:58:36]  [行9] 解析成功: SZSE.002980 [华盛昌] SELL @ 75.88 (VR:0.22)
[2026-05-06 14:58:36]  [行10] 解析成功: SZSE.301220 [亚香股份] BUY @ 37.49 (VR:0.48)
[2026-05-06 14:58:36]  [行11] 解析成功: SZSE.300722 [新余国科] BUY @ 28.61 (VR:0.1)
[2026-05-06 14:58:36]  [行12] 解析成功: SZSE.301018 [申菱环境] BUY @ 119.19 (VR:0.07)
[2026-05-06 14:58:36]  [行13] 解析成功: SZSE.300641 [正丹股份] SELL @ 17.7 (VR:0.12)
[2026-05-06 14:58:36]  [行14] 解析成功: SZSE.300461 [田中精机] BUY @ 53.3 (VR:0.26)
[2026-05-06 14:58:36]  [行15] 解析成功: SZSE.301389 [隆扬电子] BUY @ 66.14 (VR:1.1)
[2026-05-06 14:58:36]  [行16] 解析成功: SZSE.301449 [天溯计量] BUY @ 68.9 (VR:1.09)
[2026-05-06 14:58:36]  [行17] 解析成功: SHSE.688689 [银河微电] SELL @ 38.85 (VR:1.15)
[2026-05-06 14:58:36]  [行18] 解析成功: SZSE.300243 [瑞丰光电] BUY @ 17.98 (VR:1.18)
[2026-05-06 14:58:36]  [行19] 解析成功: SZSE.002980 [华盛昌] SELL @ 75.86 (VR:1.05)
[2026-05-06 14:58:36]  [行20] 解析成功: SZSE.301220 [亚香股份] BUY @ 37.5 (VR:1.0)
[2026-05-06 14:58:36] 成功保存 20 条因子至: signal_batch_20260506_145836_216954.txt
[2026-05-06 14:58:36]  QQ-主 邮件 3387 处理完成
[2026-05-06 14:58:36]  QQ-主 本轮共成功处理 1 封有效信号邮件
[2026-05-06 14:58:36]  正在连接 QQ-备用 邮箱服务器 (shouqianbadavid@qq.com) ...
[2026-05-06 14:59:12]  正在连接 QQ-主 邮箱服务器 (497720537@qq.com) ...
[2026-05-06 14:59:13]  正在连接 QQ-备用 邮箱服务器 (shouqianbadavid@qq.com) ...
[2026-05-06 14:59:13]  QQ-备用 正在解析因子: =?utf-8?b?QWxwaGFQaWxvdCDlpIfku73kv6Hlj7cgKGFscGhhX3NpZ25hbF90aHJfMjAyNjA1MDZfMTQ1OC5qc29uKSBb5aSHUVEt6Ieq5L+dXQ==?=
[2026-05-06 14:59:13]  发现表格，共 20 行数据
[2026-05-06 14:59:13]  动态索引映射: ['股票代码', '股票名称', '信号', '当前价格', '量比', '来源过滤']
[2026-05-06 14:59:13]  [行1] 解析成功: SZSE.300722 [新余国科] BUY @ 28.6 (VR:0.1)
[2026-05-06 14:59:13]  [行2] 解析成功: SZSE.301018 [申菱环境] BUY @ 119.17 (VR:0.41)
[2026-05-06 14:59:13]  [行3] 解析成功: SZSE.300641 [正丹股份] SELL @ 17.72 (VR:0.11)
[2026-05-06 14:59:13]  [行4] 解析成功: SZSE.300461 [田中精机] BUY @ 53.28 (VR:0.43)
[2026-05-06 14:59:13]  [行5] 解析成功: SZSE.301389 [隆扬电子] BUY @ 66.05 (VR:0.8)
[2026-05-06 14:59:13]  [行6] 解析成功: SZSE.301449 [天溯计量] BUY @ 68.89 (VR:0.33)
[2026-05-06 14:59:13]  [行7] 解析成功: SHSE.688689 [银河微电] SELL @ 38.9 (VR:0.04)
[2026-05-06 14:59:13]  [行8] 解析成功: SZSE.300243 [瑞丰光电] BUY @ 17.96 (VR:0.06)
[2026-05-06 14:59:13]  [行9] 解析成功: SZSE.002980 [华盛昌] SELL @ 75.88 (VR:0.22)
[2026-05-06 14:59:13]  [行10] 解析成功: SZSE.301220 [亚香股份] BUY @ 37.49 (VR:0.48)
[2026-05-06 14:59:13]  [行11] 解析成功: SZSE.300722 [新余国科] BUY @ 28.61 (VR:0.1)
[2026-05-06 14:59:13]  [行12] 解析成功: SZSE.301018 [申菱环境] BUY @ 119.19 (VR:0.07)
[2026-05-06 14:59:13]  [行13] 解析成功: SZSE.300641 [正丹股份] SELL @ 17.7 (VR:0.12)
[2026-05-06 14:59:13]  [行14] 解析成功: SZSE.300461 [田中精机] BUY @ 53.3 (VR:0.26)
[2026-05-06 14:59:13]  [行15] 解析成功: SZSE.301389 [隆扬电子] BUY @ 66.14 (VR:1.1)
[2026-05-06 14:59:13]  [行16] 解析成功: SZSE.301449 [天溯计量] BUY @ 68.9 (VR:1.09)
[2026-05-06 14:59:13]  [行17] 解析成功: SHSE.688689 [银河微电] SELL @ 38.85 (VR:1.15)
[2026-05-06 14:59:13]  [行18] 解析成功: SZSE.300243 [瑞丰光电] BUY @ 17.98 (VR:1.18)
[2026-05-06 14:59:13]  [行19] 解析成功: SZSE.002980 [华盛昌] SELL @ 75.86 (VR:1.05)
[2026-05-06 14:59:13]  [行20] 解析成功: SZSE.301220 [亚香股份] BUY @ 37.5 (VR:1.0)
[2026-05-06 14:59:13] 成功保存 20 条因子至: signal_batch_20260506_145913_715129.txt
[2026-05-06 14:59:13]  QQ-备用 邮件 712 处理完成
[2026-05-06 14:59:13]  QQ-备用 本轮共成功处理 1 封有效信号邮件
[2026-05-06 14:59:49]  正在连接 QQ-主 邮箱服务器 (497720537@qq.com) ...
[2026-05-06 14:59:49]  正在连接 QQ-备用 邮箱服务器 (shouqianbadavid@qq.com) ...
[2026-05-06 15:00:25]  正在连接 QQ-主 邮箱服务器 (497720537@qq.com) ...
[2026-05-06 15:00:26]  正在连接 QQ-备用 邮箱服务器 (shouqianbadavid@qq.com) ...
[2026-05-06 15:01:01]  正在连接 QQ-主 邮箱服务器 (497720537@qq.com) ...
[2026-05-06 15:01:02]  正在连接 QQ-备用 邮箱服务器 (shouqianbadavid@qq.com) ...
[2026-05-06 15:01:37]  正在连接 QQ-主 邮箱服务器 (497720537@qq.com) ...
[2026-05-06 15:01:38]  正在连接 QQ-备用 邮箱服务器 (shouqianbadavid@qq.com) ...
[2026-05-06 15:02:14]  正在连接 QQ-主 邮箱服务器 (497720537@qq.com) ...
[2026-05-06 15:02:15]  正在连接 QQ-备用 邮箱服务器 (shouqianbadavid@qq.com) ...
[2026-05-06 15:02:50]  正在连接 QQ-主 邮箱服务器 (497720537@qq.com) ...
[2026-05-06 15:02:51]  正在连接 QQ-备用 邮箱服务器 (shouqianbadavid@qq.com) ...
[2026-05-06 15:03:26]  正在连接 QQ-主 邮箱服务器 (497720537@qq.com) ...
[2026-05-06 15:03:27]  正在连接 QQ-备用 邮箱服务器 (shouqianbadavid@qq.com) ...
[2026-05-06 15:04:03]  正在连接 QQ-主 邮箱服务器 (497720537@qq.com) ...
[2026-05-06 15:04:03]  正在连接 QQ-备用 邮箱服务器 (shouqianbadavid@qq.com) ...
[2026-05-06 15:04:39]  正在连接 QQ-主 邮箱服务器 (497720537@qq.com) ...
[2026-05-06 15:04:40]  正在连接 QQ-备用 邮箱服务器 (shouqianbadavid@qq.com) ...
[2026-05-06 15:05:16]  正在连接 QQ-主 邮箱服务器 (497720537@qq.com) ...
[2026-05-06 15:05:16]  正在连接 QQ-备用 邮箱服务器 (shouqianbadavid@qq.com) ...
[2026-05-06 15:05:52]  正在连接 QQ-主 邮箱服务器 (497720537@qq.com) ...
[2026-05-06 15:05:53]  正在连接 QQ-备用 邮箱服务器 (shouqianbadavid@qq.com) ...
