[2026-08-15 10:59:22]  AlphaPilot 监听服务 (Pro 多邮箱版) 启动...
[2026-08-15 10:59:22]  信号保存目录: D:\mpython\signals
[2026-08-15 10:59:22]  日志文件: D:\mpython\logs_receiver\receiver_20260815.log
[2026-08-15 10:59:22]  正在连接 QQ-主 邮箱服务器 (497720537@qq.com) ...
[2026-08-15 10:59:24]  QQ-主 正在解析因子: =?UTF-8?B?5qKB5oyv5by65ZCR5L2g5Y+R6YCB5LqG5Yqg5aW95Y+L6K+35rGC77yM6L+Y?=
 =?UTF-8?B?5pyJ5pu05aSa5Yqo5oCB5pu05paw?=
[2026-08-15 10:59:24]  发现表格，共 56 行数据
[2026-08-15 10:59:24]  表头映射失败，未找到指定列名。当前表头: ['David Liang，请查看有关梁振强和黃枫銘的未读消息和其他通知。\u200c\u2003 \u200c\u2003 \u200c\u2003 \u200c\u2003 \u200c\u2003 \u200c\u2003 \u200c\u2003 \u200c\u2003 \u200c\u2003 \u200c\u2003 \u200c\u2003 \u200c\u2003 \u200c\u2003 \u200c\u2003 \u200c\u2003 \u200c\u2003 \u200c\u2003 \u200c\u2003 \u200c\u2003 \u200c\u2003 \u200c\u2003 \u200c\u2003 \u200c\u2003 \u200c\u2003 \u200c\u2003 \u200c\u2003 \u200c\u2003 \u200c\u2003 \u200c\u2003 \u200c\u2003 \u200c\u2003 \u200c\u2003 \u200c\u2003 \u200c\u2003 \u200c\u2003 \u200c\u2003 \u200c\u2003 \u200c\u2003 \u200c\u2003 \u200c\u2003 \u200c\u2003 \u200c\u2003 \u200c\u2003 \u200c\u2003 \u200c\u2003 \u200c\u2003 \u200c\u2003 \u200c\u2003 \u200c\u2003 \u200c\u2003 \u200c\u2003 \u200c\u2003 \u200c\u2003 \u200c\u2003 \u200c\u2003 \u200c\u2003 \u200c\u2003 \u200c\u2003 \u200c\u2003 \u200c\u2003 \u200c\u2003 \u200c\u2003 \u200c\u2003 \u200c\u2003 \u200c\u2003 \u200c\u2003 \u200c\u2003 \u200c\u2003 \u200c\u2003 \u200c\u2003 \u200c\u2003 \u200c\u2003 \u200c\u2003 \u200c\u2003 \u200c\u2003 \u200c\u2003 \u200c\u2003 \u200c\u2003 \u200c\u2003 \u200c\u2003 \u200c\u2003 \u200c\u2003 \u200c\u2003 \u200c\u2003 \u200c\u2003 \u200c\u2003 \u200c\u2003 \u200c\u2003 \u200c\u2003 \u200c\u2003 \u200c\u2003 \u200c\u2003 \u200c\u2003 \u200c\u2003 \u200c\u2003 \u200c\u2003 \u200c\u2003 \u200c\u2003 \u200c\u2003 \u200c\u2003 \u200c\u2003 \u200c\u2003 \u200c\u2003 \u200c\u2003 \u200c\u2003 \u200c\u2003 \u200c\u2003 \u200c\u2003 \u200c\u2003 \u200c\u2003 \u200c\u2003 \u200c\u2003 \u200c\u2003 \u200c\u2003 \u200c\u2003 \u200c\u2003 \u200c\u2003 \u200c\u2003 \u200c\u2003 \u200c\u2003 \u200c\u2003 \u200c\u2003 \u200c\u2003 \u200c\u2003 \u200c\u2003 \u200c\u2003 \u200c\u2003 \u200c\u2003 \u200c\u2003 \u200c\u2003 \u200c\u2003 \u200c\u2003 \u200c\u2003 \u200c\u2003 \u200c\u2003 \u200c\u2003 \u200c\u2003 \u200c\u2003 \u200c\u2003 \u200c\u2003 \u200c\u2003 \u200c\u2003 \u200c\u2003 \u200c\u2003 \u200c\u2003 \u200c\u2003 \u200c\u2003 \u200c\u2003 \u200c\u2003 \u200c\u2003 \u200c\u2003 \u200c\u2003 \u200c\u2003 \u200c\u2003 \u200c\u2003 \u200c\u2003 \u200c\u2003 \u200c\u2003 \u200c\u2003 \u200c\u2003 \u200c\u2003 \u200c\u2003 \u200c\u2003 \u200c\u2003 \u200c\u2003 \u200c\u2003 \u200c\u2003 \u200c\u2003 \u200c\u2003 \u200c\u2003 \u200c\u2003 \u200c\u2003 \u200c\u2003 \u200c\u2003 \u200c\u2003 \u200c\u2003 \u200c\u2003 \u200c\u2003 \u200c\u2003 \u200c\u2003 \u200c\u2003 \u200c\u2003 \u200c\u2003 \u200c\u2003 \u200c\u2003 \u200c\u2003 \u200c\u2003 \u200c\u2003 \u200c\u2003 \u200c\u2003 \u200c\u2003 \u200c\u2003 \u200c\u2003 \u200c\u2003 \u200c\u2003 \u200c\u2003 \u200c\u2003 \u200c\u2003 \u200c\u2003 \u200c\u2003 \u200c\u2003 \u200c\u2003 \u200c\u2003 \u200c\u2003 \u200c\u2003 \u200c\u2003 \u200c\u2003 \u200c\u2003 \u200c\u2003 \u200c\u2003 \u200c\u2003 \u200c\u2003 \u200c\u2003 \u200c\u2003 \u200c\u2003 \u200c\u2003 \u200c\u2003 \u200c\u2003 \u200c\u2003 \u200c\u2003 \u200c\u2003 \u200c\u2003 \u200c\u2003 \u200c\u2003 \u200c\u2003 \u200c\u2003 \u200c\u2003 \u200c\u2003 \u200c\u2003 \u200c\u2003 \u200c\u2003 \u200c\u2003 \u200c\u2003 \u200c\u2003 \u200c\u2003 \u200c\u2003 \u200c\u2003 \u200c\u2003 \u200c\u2003 \u200c\u2003 \u200c\u2003 \u200c\u2003 \u200c\u2003 \u200c\u2003 \u200c\u2003 \u200c\u2003 \u200c\u2003 \u200c\u2003 \u200c\u2003 \u200c\u2003 \u200c\u2003 \u200c\u2003 \u200c\u2003 \u200c\u2003 \u200c\u2003 \u200c\u2003 \u200c\u2003 \u200c\u2003 \u200c\u2003 \u200c\u2003 \u200c\u2003 \u200c\u2003 \u200c\u2003 \u200c\u2003 \u200c\u2003 \u200c\u2003 \u200c\u2003 \u200c\u2003 \u200c\u2003 \u200c\u2003 \u200c\u2003 \u200c\u2003 \u200c\u2003 \u200c\u2003 \u200c\u2003 \u200c\u2003 \u200c\u2003 \u200c\u2003 \u200c\u2003 \u200c\u2003 \u200c\u2003 \u200c\u2003 \u200c\u2003 \u200c\u2003 \u200c\u2003 \u200c\u2003 \u200c\u2003 \u200c\u2003 \u200c\u2003 \u200c\u2003 \u200c\u2003 \u200c\u2003 \u200c\u2003 \u200c\u2003 \u200c\u2003 \u200c\u2003 \u200c\u2003 \u200c\u2003 \u200c\u2003 \u200cDavid Liang你有3 条新消息来自Pro Visa - 小老板查看消息通知3个加好友请求黃枫銘和其他 2 位用户在20张照片中标记了你Ch Lee有1篇个人主页帖子28 天前39条新通知查看通知这封邮件：有用|没用此邮件发给497720537@qq.com。 如果不希望再收到 Meta 的这类邮件，请退订。Meta Platforms, Inc., Attention: Community Support, 1 Meta Way, Menlo Park, CA 94025为保护你的主页安全，请勿转发这封邮件。详细了解', 'David Liang，请查看有关梁振强和黃枫銘的未读消息和其他通知。\u200c\u2003 \u200c\u2003 \u200c\u2003 \u200c\u2003 \u200c\u2003 \u200c\u2003 \u200c\u2003 \u200c\u2003 \u200c\u2003 \u200c\u2003 \u200c\u2003 \u200c\u2003 \u200c\u2003 \u200c\u2003 \u200c\u2003 \u200c\u2003 \u200c\u2003 \u200c\u2003 \u200c\u2003 \u200c\u2003 \u200c\u2003 \u200c\u2003 \u200c\u2003 \u200c\u2003 \u200c\u2003 \u200c\u2003 \u200c\u2003 \u200c\u2003 \u200c\u2003 \u200c\u2003 \u200c\u2003 \u200c\u2003 \u200c\u2003 \u200c\u2003 \u200c\u2003 \u200c\u2003 \u200c\u2003 \u200c\u2003 \u200c\u2003 \u200c\u2003 \u200c\u2003 \u200c\u2003 \u200c\u2003 \u200c\u2003 \u200c\u2003 \u200c\u2003 \u200c\u2003 \u200c\u2003 \u200c\u2003 \u200c\u2003 \u200c\u2003 \u200c\u2003 \u200c\u2003 \u200c\u2003 \u200c\u2003 \u200c\u2003 \u200c\u2003 \u200c\u2003 \u200c\u2003 \u200c\u2003 \u200c\u2003 \u200c\u2003 \u200c\u2003 \u200c\u2003 \u200c\u2003 \u200c\u2003 \u200c\u2003 \u200c\u2003 \u200c\u2003 \u200c\u2003 \u200c\u2003 \u200c\u2003 \u200c\u2003 \u200c\u2003 \u200c\u2003 \u200c\u2003 \u200c\u2003 \u200c\u2003 \u200c\u2003 \u200c\u2003 \u200c\u2003 \u200c\u2003 \u200c\u2003 \u200c\u2003 \u200c\u2003 \u200c\u2003 \u200c\u2003 \u200c\u2003 \u200c\u2003 \u200c\u2003 \u200c\u2003 \u200c\u2003 \u200c\u2003 \u200c\u2003 \u200c\u2003 \u200c\u2003 \u200c\u2003 \u200c\u2003 \u200c\u2003 \u200c\u2003 \u200c\u2003 \u200c\u2003 \u200c\u2003 \u200c\u2003 \u200c\u2003 \u200c\u2003 \u200c\u2003 \u200c\u2003 \u200c\u2003 \u200c\u2003 \u200c\u2003 \u200c\u2003 \u200c\u2003 \u200c\u2003 \u200c\u2003 \u200c\u2003 \u200c\u2003 \u200c\u2003 \u200c\u2003 \u200c\u2003 \u200c\u2003 \u200c\u2003 \u200c\u2003 \u200c\u2003 \u200c\u2003 \u200c\u2003 \u200c\u2003 \u200c\u2003 \u200c\u2003 \u200c\u2003 \u200c\u2003 \u200c\u2003 \u200c\u2003 \u200c\u2003 \u200c\u2003 \u200c\u2003 \u200c\u2003 \u200c\u2003 \u200c\u2003 \u200c\u2003 \u200c\u2003 \u200c\u2003 \u200c\u2003 \u200c\u2003 \u200c\u2003 \u200c\u2003 \u200c\u2003 \u200c\u2003 \u200c\u2003 \u200c\u2003 \u200c\u2003 \u200c\u2003 \u200c\u2003 \u200c\u2003 \u200c\u2003 \u200c\u2003 \u200c\u2003 \u200c\u2003 \u200c\u2003 \u200c\u2003 \u200c\u2003 \u200c\u2003 \u200c\u2003 \u200c\u2003 \u200c\u2003 \u200c\u2003 \u200c\u2003 \u200c\u2003 \u200c\u2003 \u200c\u2003 \u200c\u2003 \u200c\u2003 \u200c\u2003 \u200c\u2003 \u200c\u2003 \u200c\u2003 \u200c\u2003 \u200c\u2003 \u200c\u2003 \u200c\u2003 \u200c\u2003 \u200c\u2003 \u200c\u2003 \u200c\u2003 \u200c\u2003 \u200c\u2003 \u200c\u2003 \u200c\u2003 \u200c\u2003 \u200c\u2003 \u200c\u2003 \u200c\u2003 \u200c\u2003 \u200c\u2003 \u200c\u2003 \u200c\u2003 \u200c\u2003 \u200c\u2003 \u200c\u2003 \u200c\u2003 \u200c\u2003 \u200c\u2003 \u200c\u2003 \u200c\u2003 \u200c\u2003 \u200c\u2003 \u200c\u2003 \u200c\u2003 \u200c\u2003 \u200c\u2003 \u200c\u2003 \u200c\u2003 \u200c\u2003 \u200c\u2003 \u200c\u2003 \u200c\u2003 \u200c\u2003 \u200c\u2003 \u200c\u2003 \u200c\u2003 \u200c\u2003 \u200c\u2003 \u200c\u2003 \u200c\u2003 \u200c\u2003 \u200c\u2003 \u200c\u2003 \u200c\u2003 \u200c\u2003 \u200c\u2003 \u200c\u2003 \u200c\u2003 \u200c\u2003 \u200c\u2003 \u200c\u2003 \u200c\u2003 \u200c\u2003 \u200c\u2003 \u200c\u2003 \u200c\u2003 \u200c\u2003 \u200c\u2003 \u200c\u2003 \u200c\u2003 \u200c\u2003 \u200c\u2003 \u200c\u2003 \u200c\u2003 \u200c\u2003 \u200c\u2003 \u200c\u2003 \u200c\u2003 \u200c\u2003 \u200c\u2003 \u200c\u2003 \u200c\u2003 \u200c\u2003 \u200c\u2003 \u200c\u2003 \u200c\u2003 \u200c\u2003 \u200c\u2003 \u200c\u2003 \u200c\u2003 \u200c\u2003 \u200c\u2003 \u200c\u2003 \u200c\u2003 \u200c\u2003 \u200c\u2003 \u200c\u2003 \u200c\u2003 \u200c\u2003 \u200c\u2003 \u200c\u2003 \u200c\u2003 \u200c\u2003 \u200c\u2003 \u200c\u2003 \u200c\u2003 \u200c\u2003 \u200c\u2003 \u200c\u2003 \u200c\u2003 \u200c\u2003 \u200c\u2003 \u200c\u2003 \u200c\u2003 \u200c\u2003 \u200c\u2003 \u200c\u2003 \u200c\u2003 \u200c\u2003 \u200c\u2003 \u200c\u2003 \u200c\u2003 \u200c\u2003 \u200c\u2003 \u200c\u2003 \u200cDavid Liang你有3 条新消息来自Pro Visa - 小老板查看消息通知3个加好友请求黃枫銘和其他 2 位用户在20张照片中标记了你Ch Lee有1篇个人主页帖子28 天前39条新通知查看通知这封邮件：有用|没用此邮件发给497720537@qq.com。 如果不希望再收到 Meta 的这类邮件，请退订。Meta Platforms, Inc., Attention: Community Support, 1 Meta Way, Menlo Park, CA 94025为保护你的主页安全，请勿转发这封邮件。详细了解', 'David Liang，请查看有关梁振强和黃枫銘的未读消息和其他通知。\u200c\u2003 \u200c\u2003 \u200c\u2003 \u200c\u2003 \u200c\u2003 \u200c\u2003 \u200c\u2003 \u200c\u2003 \u200c\u2003 \u200c\u2003 \u200c\u2003 \u200c\u2003 \u200c\u2003 \u200c\u2003 \u200c\u2003 \u200c\u2003 \u200c\u2003 \u200c\u2003 \u200c\u2003 \u200c\u2003 \u200c\u2003 \u200c\u2003 \u200c\u2003 \u200c\u2003 \u200c\u2003 \u200c\u2003 \u200c\u2003 \u200c\u2003 \u200c\u2003 \u200c\u2003 \u200c\u2003 \u200c\u2003 \u200c\u2003 \u200c\u2003 \u200c\u2003 \u200c\u2003 \u200c\u2003 \u200c\u2003 \u200c\u2003 \u200c\u2003 \u200c\u2003 \u200c\u2003 \u200c\u2003 \u200c\u2003 \u200c\u2003 \u200c\u2003 \u200c\u2003 \u200c\u2003 \u200c\u2003 \u200c\u2003 \u200c\u2003 \u200c\u2003 \u200c\u2003 \u200c\u2003 \u200c\u2003 \u200c\u2003 \u200c\u2003 \u200c\u2003 \u200c\u2003 \u200c\u2003 \u200c\u2003 \u200c\u2003 \u200c\u2003 \u200c\u2003 \u200c\u2003 \u200c\u2003 \u200c\u2003 \u200c\u2003 \u200c\u2003 \u200c\u2003 \u200c\u2003 \u200c\u2003 \u200c\u2003 \u200c\u2003 \u200c\u2003 \u200c\u2003 \u200c\u2003 \u200c\u2003 \u200c\u2003 \u200c\u2003 \u200c\u2003 \u200c\u2003 \u200c\u2003 \u200c\u2003 \u200c\u2003 \u200c\u2003 \u200c\u2003 \u200c\u2003 \u200c\u2003 \u200c\u2003 \u200c\u2003 \u200c\u2003 \u200c\u2003 \u200c\u2003 \u200c\u2003 \u200c\u2003 \u200c\u2003 \u200c\u2003 \u200c\u2003 \u200c\u2003 \u200c\u2003 \u200c\u2003 \u200c\u2003 \u200c\u2003 \u200c\u2003 \u200c\u2003 \u200c\u2003 \u200c\u2003 \u200c\u2003 \u200c\u2003 \u200c\u2003 \u200c\u2003 \u200c\u2003 \u200c\u2003 \u200c\u2003 \u200c\u2003 \u200c\u2003 \u200c\u2003 \u200c\u2003 \u200c\u2003 \u200c\u2003 \u200c\u2003 \u200c\u2003 \u200c\u2003 \u200c\u2003 \u200c\u2003 \u200c\u2003 \u200c\u2003 \u200c\u2003 \u200c\u2003 \u200c\u2003 \u200c\u2003 \u200c\u2003 \u200c\u2003 \u200c\u2003 \u200c\u2003 \u200c\u2003 \u200c\u2003 \u200c\u2003 \u200c\u2003 \u200c\u2003 \u200c\u2003 \u200c\u2003 \u200c\u2003 \u200c\u2003 \u200c\u2003 \u200c\u2003 \u200c\u2003 \u200c\u2003 \u200c\u2003 \u200c\u2003 \u200c\u2003 \u200c\u2003 \u200c\u2003 \u200c\u2003 \u200c\u2003 \u200c\u2003 \u200c\u2003 \u200c\u2003 \u200c\u2003 \u200c\u2003 \u200c\u2003 \u200c\u2003 \u200c\u2003 \u200c\u2003 \u200c\u2003 \u200c\u2003 \u200c\u2003 \u200c\u2003 \u200c\u2003 \u200c\u2003 \u200c\u2003 \u200c\u2003 \u200c\u2003 \u200c\u2003 \u200c\u2003 \u200c\u2003 \u200c\u2003 \u200c\u2003 \u200c\u2003 \u200c\u2003 \u200c\u2003 \u200c\u2003 \u200c\u2003 \u200c\u2003 \u200c\u2003 \u200c\u2003 \u200c\u2003 \u200c\u2003 \u200c\u2003 \u200c\u2003 \u200c\u2003 \u200c\u2003 \u200c\u2003 \u200c\u2003 \u200c\u2003 \u200c\u2003 \u200c\u2003 \u200c\u2003 \u200c\u2003 \u200c\u2003 \u200c\u2003 \u200c\u2003 \u200c\u2003 \u200c\u2003 \u200c\u2003 \u200c\u2003 \u200c\u2003 \u200c\u2003 \u200c\u2003 \u200c\u2003 \u200c\u2003 \u200c\u2003 \u200c\u2003 \u200c\u2003 \u200c\u2003 \u200c\u2003 \u200c\u2003 \u200c\u2003 \u200c\u2003 \u200c\u2003 \u200c\u2003 \u200c\u2003 \u200c\u2003 \u200c\u2003 \u200c\u2003 \u200c\u2003 \u200c\u2003 \u200c\u2003 \u200c\u2003 \u200c\u2003 \u200c\u2003 \u200c\u2003 \u200c\u2003 \u200c\u2003 \u200c\u2003 \u200c\u2003 \u200c\u2003 \u200c\u2003 \u200c\u2003 \u200c\u2003 \u200c\u2003 \u200c\u2003 \u200c\u2003 \u200c\u2003 \u200c\u2003 \u200c\u2003 \u200c\u2003 \u200c\u2003 \u200c\u2003 \u200c\u2003 \u200c\u2003 \u200c\u2003 \u200c\u2003 \u200c\u2003 \u200c\u2003 \u200c\u2003 \u200c\u2003 \u200c\u2003 \u200c\u2003 \u200c\u2003 \u200c\u2003 \u200c\u2003 \u200c\u2003 \u200c\u2003 \u200c\u2003 \u200c\u2003 \u200c\u2003 \u200c\u2003 \u200c\u2003 \u200c\u2003 \u200c\u2003 \u200c\u2003 \u200c\u2003 \u200c\u2003 \u200c\u2003 \u200c\u2003 \u200c\u2003 \u200c\u2003 \u200c\u2003 \u200c\u2003 \u200c\u2003 \u200c\u2003 \u200c\u2003 \u200c\u2003 \u200c\u2003 \u200c\u2003 \u200c\u2003 \u200c\u2003 \u200c\u2003 \u200c\u2003 \u200c\u2003 \u200c\u2003 \u200c\u2003 \u200c\u2003 \u200c\u2003 \u200c\u2003 \u200c\u2003 \u200c\u2003 \u200cDavid Liang你有3 条新消息来自Pro Visa - 小老板查看消息通知3个加好友请求黃枫銘和其他 2 位用户在20张照片中标记了你Ch Lee有1篇个人主页帖子28 天前39条新通知查看通知这封邮件：有用|没用此邮件发给497720537@qq.com。 如果不希望再收到 Meta 的这类邮件，请退订。Meta Platforms, Inc., Attention: Community Support, 1 Meta Way, Menlo Park, CA 94025为保护你的主页安全，请勿转发这封邮件。详细了解', '', 'David Liang，请查看有关梁振强和黃枫銘的未读消息和其他通知。\u200c\u2003 \u200c\u2003 \u200c\u2003 \u200c\u2003 \u200c\u2003 \u200c\u2003 \u200c\u2003 \u200c\u2003 \u200c\u2003 \u200c\u2003 \u200c\u2003 \u200c\u2003 \u200c\u2003 \u200c\u2003 \u200c\u2003 \u200c\u2003 \u200c\u2003 \u200c\u2003 \u200c\u2003 \u200c\u2003 \u200c\u2003 \u200c\u2003 \u200c\u2003 \u200c\u2003 \u200c\u2003 \u200c\u2003 \u200c\u2003 \u200c\u2003 \u200c\u2003 \u200c\u2003 \u200c\u2003 \u200c\u2003 \u200c\u2003 \u200c\u2003 \u200c\u2003 \u200c\u2003 \u200c\u2003 \u200c\u2003 \u200c\u2003 \u200c\u2003 \u200c\u2003 \u200c\u2003 \u200c\u2003 \u200c\u2003 \u200c\u2003 \u200c\u2003 \u200c\u2003 \u200c\u2003 \u200c\u2003 \u200c\u2003 \u200c\u2003 \u200c\u2003 \u200c\u2003 \u200c\u2003 \u200c\u2003 \u200c\u2003 \u200c\u2003 \u200c\u2003 \u200c\u2003 \u200c\u2003 \u200c\u2003 \u200c\u2003 \u200c\u2003 \u200c\u2003 \u200c\u2003 \u200c\u2003 \u200c\u2003 \u200c\u2003 \u200c\u2003 \u200c\u2003 \u200c\u2003 \u200c\u2003 \u200c\u2003 \u200c\u2003 \u200c\u2003 \u200c\u2003 \u200c\u2003 \u200c\u2003 \u200c\u2003 \u200c\u2003 \u200c\u2003 \u200c\u2003 \u200c\u2003 \u200c\u2003 \u200c\u2003 \u200c\u2003 \u200c\u2003 \u200c\u2003 \u200c\u2003 \u200c\u2003 \u200c\u2003 \u200c\u2003 \u200c\u2003 \u200c\u2003 \u200c\u2003 \u200c\u2003 \u200c\u2003 \u200c\u2003 \u200c\u2003 \u200c\u2003 \u200c\u2003 \u200c\u2003 \u200c\u2003 \u200c\u2003 \u200c\u2003 \u200c\u2003 \u200c\u2003 \u200c\u2003 \u200c\u2003 \u200c\u2003 \u200c\u2003 \u200c\u2003 \u200c\u2003 \u200c\u2003 \u200c\u2003 \u200c\u2003 \u200c\u2003 \u200c\u2003 \u200c\u2003 \u200c\u2003 \u200c\u2003 \u200c\u2003 \u200c\u2003 \u200c\u2003 \u200c\u2003 \u200c\u2003 \u200c\u2003 \u200c\u2003 \u200c\u2003 \u200c\u2003 \u200c\u2003 \u200c\u2003 \u200c\u2003 \u200c\u2003 \u200c\u2003 \u200c\u2003 \u200c\u2003 \u200c\u2003 \u200c\u2003 \u200c\u2003 \u200c\u2003 \u200c\u2003 \u200c\u2003 \u200c\u2003 \u200c\u2003 \u200c\u2003 \u200c\u2003 \u200c\u2003 \u200c\u2003 \u200c\u2003 \u200c\u2003 \u200c\u2003 \u200c\u2003 \u200c\u2003 \u200c\u2003 \u200c\u2003 \u200c\u2003 \u200c\u2003 \u200c\u2003 \u200c\u2003 \u200c\u2003 \u200c\u2003 \u200c\u2003 \u200c\u2003 \u200c\u2003 \u200c\u2003 \u200c\u2003 \u200c\u2003 \u200c\u2003 \u200c\u2003 \u200c\u2003 \u200c\u2003 \u200c\u2003 \u200c\u2003 \u200c\u2003 \u200c\u2003 \u200c\u2003 \u200c\u2003 \u200c\u2003 \u200c\u2003 \u200c\u2003 \u200c\u2003 \u200c\u2003 \u200c\u2003 \u200c\u2003 \u200c\u2003 \u200c\u2003 \u200c\u2003 \u200c\u2003 \u200c\u2003 \u200c\u2003 \u200c\u2003 \u200c\u2003 \u200c\u2003 \u200c\u2003 \u200c\u2003 \u200c\u2003 \u200c\u2003 \u200c\u2003 \u200c\u2003 \u200c\u2003 \u200c\u2003 \u200c\u2003 \u200c\u2003 \u200c\u2003 \u200c\u2003 \u200c\u2003 \u200c\u2003 \u200c\u2003 \u200c\u2003 \u200c\u2003 \u200c\u2003 \u200c\u2003 \u200c\u2003 \u200c\u2003 \u200c\u2003 \u200c\u2003 \u200c\u2003 \u200c\u2003 \u200c\u2003 \u200c\u2003 \u200c\u2003 \u200c\u2003 \u200c\u2003 \u200c\u2003 \u200c\u2003 \u200c\u2003 \u200c\u2003 \u200c\u2003 \u200c\u2003 \u200c\u2003 \u200c\u2003 \u200c\u2003 \u200c\u2003 \u200c\u2003 \u200c\u2003 \u200c\u2003 \u200c\u2003 \u200c\u2003 \u200c\u2003 \u200c\u2003 \u200c\u2003 \u200c\u2003 \u200c\u2003 \u200c\u2003 \u200c\u2003 \u200c\u2003 \u200c\u2003 \u200c\u2003 \u200c\u2003 \u200c\u2003 \u200c\u2003 \u200c\u2003 \u200c\u2003 \u200c\u2003 \u200c\u2003 \u200c\u2003 \u200c\u2003 \u200c\u2003 \u200c\u2003 \u200c\u2003 \u200c\u2003 \u200c\u2003 \u200c\u2003 \u200c\u2003 \u200c\u2003 \u200c\u2003 \u200c\u2003 \u200c\u2003 \u200c\u2003 \u200c\u2003 \u200c\u2003 \u200c\u2003 \u200c\u2003 \u200c\u2003 \u200c\u2003 \u200c\u2003 \u200c\u2003 \u200c\u2003 \u200c\u2003 \u200c\u2003 \u200c\u2003 \u200c\u2003 \u200c\u2003 \u200c\u2003 \u200c\u2003 \u200c\u2003 \u200c\u2003 \u200c\u2003 \u200c\u2003 \u200c\u2003 \u200c\u2003 \u200c\u2003 \u200c\u2003 \u200c\u2003 \u200c\u2003 \u200c\u2003 \u200c\u2003 \u200c\u2003 \u200c', '', 'David Liang', '', '', 'David Liang', 'David Liang', '', '', '', '', '', '你有3 条新消息来自Pro Visa - 小老板查看消息通知3个加好友请求黃枫銘和其他 2 位用户在20张照片中标记了你Ch Lee有1篇个人主页帖子28 天前39条新通知', '', '你有3 条新消息来自Pro Visa - 小老板查看消息', '你有3 条新消息来自Pro Visa - 小老板查看消息', '', '', '你有3 条新消息', '', '来自Pro Visa - 小老板', '', '', '查看消息', '查看消息', '', '通知3个加好友请求黃枫銘和其他 2 位用户在20张照片中标记了你Ch Lee有1篇个人主页帖子28 天前39条新通知', '3个加好友请求', '', '', '3个加好友请求', '3个加好友请求', '', '黃枫銘和其他 2 位用户在20张照片中标记了你', '', '', '黃枫銘和其他 2 位用户在20张照片中标记了你', '黃枫銘和其他 2 位用户在20张照片中标记了你', '', '', '', 'Ch Lee有1篇个人主页帖子28 天前', '', '', 'Ch Lee有1篇个人主页帖子28 天前', 'Ch Lee有1篇个人主页帖子', '', '28 天前', '', '', '39条新通知', '', '', '39条新通知', '39条新通知', '', '', '', '', '查看通知', '', '查看通知', '查看通知', '', '', '', '', '这封邮件：有用|没用', '这封邮件：有用|没用', '', '', '', '此邮件发给497720537@qq.com。 如果不希望再收到 Meta 的这类邮件，请退订。Meta Platforms, Inc., Attention: Community Support, 1 Meta Way, Menlo Park, CA 94025', '', '此邮件发给497720537@qq.com。 如果不希望再收到 Meta 的这类邮件，请退订。Meta Platforms, Inc., Attention: Community Support, 1 Meta Way, Menlo Park, CA 94025', '', '', '为保护你的主页安全，请勿转发这封邮件。详细了解', '为保护你的主页安全，请勿转发这封邮件。详细了解', '', '']
[2026-08-15 10:59:24] QQ-主 邮件 6377 无有效信号
[2026-08-15 10:59:24]  QQ-主 正在解析因子: =?UTF-8?B?5bmz6KGh5b+D5oOF57O75YiX5YiG5Lqr5LqG6KeG6aKR?=
[2026-08-15 10:59:24]  发现表格，共 27 行数据
[2026-08-15 10:59:24]  表头映射失败，未找到指定列名。当前表头: ['看看视频内容吧。平衡心情系列分享了 1 个视频8月14日 14:58查看视频此邮件发给497720537@qq.com。 如果不希望再收到 Meta 的这类邮件，请退订。Meta Platforms, Inc., Attention: Community Support, 1 Meta Way, Menlo Park, CA 94025为保护你的主页安全，请勿转发这封邮件。详细了解', '看看视频内容吧。平衡心情系列分享了 1 个视频8月14日 14:58查看视频此邮件发给497720537@qq.com。 如果不希望再收到 Meta 的这类邮件，请退订。Meta Platforms, Inc., Attention: Community Support, 1 Meta Way, Menlo Park, CA 94025为保护你的主页安全，请勿转发这封邮件。详细了解', '看看视频内容吧。平衡心情系列分享了 1 个视频8月14日 14:58查看视频此邮件发给497720537@qq.com。 如果不希望再收到 Meta 的这类邮件，请退订。Meta Platforms, Inc., Attention: Community Support, 1 Meta Way, Menlo Park, CA 94025为保护你的主页安全，请勿转发这封邮件。详细了解', '', '看看视频内容吧。', '', '', '', '', '', '', '', '', '', '', '', '', '', '', '平衡心情系列分享了 1 个视频8月14日 14:58查看视频', '', '平衡心情系列分享了 1 个视频8月14日 14:58查看视频', '平衡心情系列分享了 1 个视频8月14日 14:58查看视频', '', '', '平衡心情系列分享了 1 个视频8月14日 14:58查看视频', '平衡心情系列分享了 1 个视频8月14日 14:58', '平衡心情系列分享了 1 个视频', '', '8月14日 14:58', '', '查看视频', '查看视频', '', '', '', '此邮件发给497720537@qq.com。 如果不希望再收到 Meta 的这类邮件，请退订。Meta Platforms, Inc., Attention: Community Support, 1 Meta Way, Menlo Park, CA 94025', '', '此邮件发给497720537@qq.com。 如果不希望再收到 Meta 的这类邮件，请退订。Meta Platforms, Inc., Attention: Community Support, 1 Meta Way, Menlo Park, CA 94025', '', '', '为保护你的主页安全，请勿转发这封邮件。详细了解', '为保护你的主页安全，请勿转发这封邮件。详细了解', '', '']
[2026-08-15 10:59:24] QQ-主 邮件 6378 无有效信号
[2026-08-15 10:59:24]  QQ-主 正在解析因子: FLASH SALE: 50% off Pro Annual
[2026-08-15 10:59:24]  发现表格，共 44 行数据
[2026-08-15 10:59:24]  表头映射失败，未找到指定列名。当前表头: ['FOR A LIMITED TIME50% offCodecademy\xa0helps you keep up with structured paths, AI-powered practice, and courses\xa0designed to take you further, faster.Now through August 17, get 50% off an annual Pro membership using codeJUMPIN.Get startedWhy choose Pro?Practice smarterAI-powered practice zeroes in on what you need to review. Less guessing, more progress.Keep learning. Keep up.700+ courses across tech, AI, and data. When\xa0you\'re\xa0done with one, your next skill is already waiting.A structured path to skills that showCareer paths give you step-by-step direction through everything you need — plus certificates you can put on your resume.Go further, faster with Codecademy ProGet Pro now*50% Off offer valid from August 14, 2026 at 12:00:00 am Eastern Time ("ET") and ends at 11:59:59 pm ET on August 17, 2026. Discount is only applicable to new annual subscription plans (excluding Codecademy Plus, Student, Teams, and All Access), and cannot be combined with any other offer. Discount applies to the first year of a new subscription, after which the subscription will auto-renew for subsequent years at the regular price. Code valid one time only. Discount applies to certain products and not all products are available in all countries. Discount is not applicable to taxes. Codecademy reserves the right to modify or cancel this promotion at any time without notice. Any subscription plan purchases are subject to Codecademy\'sTerms of Service.View Web Version|Email Preferences|Unsubscribe|Privacy PolicyView Web VersionEmail PreferencesUnsubscribePrivacy PolicyCopyright Codecademy. All rights reserved.300 Innovative Way, Suite 2210, Nashua, NH 03062', '', '', '', 'FOR A LIMITED TIME50% offCodecademy\xa0helps you keep up with structured paths, AI-powered practice, and courses\xa0designed to take you further, faster.Now through August 17, get 50% off an annual Pro membership using codeJUMPIN.Get started', 'FOR A LIMITED TIME50% offCodecademy\xa0helps you keep up with structured paths, AI-powered practice, and courses\xa0designed to take you further, faster.Now through August 17, get 50% off an annual Pro membership using codeJUMPIN.Get started', 'FOR A LIMITED TIME', '50% off', 'Codecademy\xa0helps you keep up with structured paths, AI-powered practice, and courses\xa0designed to take you further, faster.Now through August 17, get 50% off an annual Pro membership using codeJUMPIN.', 'Get started', 'Why choose Pro?', 'Why choose Pro?', 'Why choose Pro?', 'Practice smarterAI-powered practice zeroes in on what you need to review. Less guessing, more progress.', '', '', '', 'Practice smarterAI-powered practice zeroes in on what you need to review. Less guessing, more progress.', 'Practice smarter', 'AI-powered practice zeroes in on what you need to review. Less guessing, more progress.', "Keep learning. Keep up.700+ courses across tech, AI, and data. When\xa0you're\xa0done with one, your next skill is already waiting.", '', '', '', "Keep learning. Keep up.700+ courses across tech, AI, and data. When\xa0you're\xa0done with one, your next skill is already waiting.", 'Keep learning. Keep up.', "700+ courses across tech, AI, and data. When\xa0you're\xa0done with one, your next skill is already waiting.", 'A structured path to skills that showCareer paths give you step-by-step direction through everything you need — plus certificates you can put on your resume.', '', '', '', 'A structured path to skills that showCareer paths give you step-by-step direction through everything you need — plus certificates you can put on your resume.', 'A structured path to skills that show', 'Career paths give you step-by-step direction through everything you need — plus certificates you can put on your resume.', 'Go further, faster with Codecademy ProGet Pro now', 'Go further, faster with Codecademy ProGet Pro now', 'Go further, faster with Codecademy Pro', 'Get Pro now', '*50% Off offer valid from August 14, 2026 at 12:00:00 am Eastern Time ("ET") and ends at 11:59:59 pm ET on August 17, 2026. Discount is only applicable to new annual subscription plans (excluding Codecademy Plus, Student, Teams, and All Access), and cannot be combined with any other offer. Discount applies to the first year of a new subscription, after which the subscription will auto-renew for subsequent years at the regular price. Code valid one time only. Discount applies to certain products and not all products are available in all countries. Discount is not applicable to taxes. Codecademy reserves the right to modify or cancel this promotion at any time without notice. Any subscription plan purchases are subject to Codecademy\'sTerms of Service.', '*50% Off offer valid from August 14, 2026 at 12:00:00 am Eastern Time ("ET") and ends at 11:59:59 pm ET on August 17, 2026. Discount is only applicable to new annual subscription plans (excluding Codecademy Plus, Student, Teams, and All Access), and cannot be combined with any other offer. Discount applies to the first year of a new subscription, after which the subscription will auto-renew for subsequent years at the regular price. Code valid one time only. Discount applies to certain products and not all products are available in all countries. Discount is not applicable to taxes. Codecademy reserves the right to modify or cancel this promotion at any time without notice. Any subscription plan purchases are subject to Codecademy\'sTerms of Service.', '*50% Off offer valid from August 14, 2026 at 12:00:00 am Eastern Time ("ET") and ends at 11:59:59 pm ET on August 17, 2026. Discount is only applicable to new annual subscription plans (excluding Codecademy Plus, Student, Teams, and All Access), and cannot be combined with any other offer. Discount applies to the first year of a new subscription, after which the subscription will auto-renew for subsequent years at the regular price. Code valid one time only. Discount applies to certain products and not all products are available in all countries. Discount is not applicable to taxes. Codecademy reserves the right to modify or cancel this promotion at any time without notice. Any subscription plan purchases are subject to Codecademy\'sTerms of Service.', 'View Web Version|Email Preferences|Unsubscribe|Privacy PolicyView Web VersionEmail PreferencesUnsubscribePrivacy PolicyCopyright Codecademy. All rights reserved.300 Innovative Way, Suite 2210, Nashua, NH 03062', 'View Web Version|Email Preferences|Unsubscribe|Privacy PolicyView Web VersionEmail PreferencesUnsubscribePrivacy PolicyCopyright Codecademy. All rights reserved.300 Innovative Way, Suite 2210, Nashua, NH 03062', 'View Web Version|Email Preferences|Unsubscribe|Privacy Policy', 'View Web Version|Email Preferences|Unsubscribe|Privacy Policy', 'View Web VersionEmail PreferencesUnsubscribePrivacy Policy', 'View Web VersionEmail PreferencesUnsubscribePrivacy Policy', 'Copyright Codecademy. All rights reserved.300 Innovative Way, Suite 2210, Nashua, NH 03062']
[2026-08-15 10:59:24] QQ-主 邮件 6381 无有效信号
[2026-08-15 10:59:25]  QQ-主 正在解析因子: =?utf-8?b?QWxwaGFQaWxvdCDlrp7ml7bkv6Hlj7cgKGFscGhhX3NpZ25hbF90aHJfMjAyNjA4MTVfMDkzMy5qc29uKSBb5Li7UVEt5a+55aSWXQ==?=
[2026-08-15 10:59:25]  发现表格，共 14 行数据
[2026-08-15 10:59:25]  动态索引映射: ['股票代码', '股票名称', '信号', '当前价格', '量比', '来源过滤']
[2026-08-15 10:59:25]  [行1] 解析成功: SHSE.600259 [中稀有色] SELL @ 92.2 (VR:nan)
[2026-08-15 10:59:25]  [行2] 解析成功: SHSE.600460 [士兰微] BUY @ 32.75 (VR:nan)
[2026-08-15 10:59:25]  [行3] 解析成功: SZSE.002552 [宝鼎科技] BUY @ 60.65 (VR:nan)
[2026-08-15 10:59:25]  [行4] 解析成功: SZSE.002643 [万润股份] SELL @ 14.27 (VR:nan)
[2026-08-15 10:59:25]  [行5] 解析成功: SZSE.000920 [沃顿科技] BUY @ 11.74 (VR:nan)
[2026-08-15 10:59:25]  [行6] 解析成功: SZSE.000823 [超声电子] BUY @ 15.3 (VR:nan)
[2026-08-15 10:59:25]  [行7] 解析成功: SZSE.301070 [开勒股份] BUY @ 67.24 (VR:nan)
[2026-08-15 10:59:25]  [行8] 解析成功: SHSE.600259 [中稀有色] SELL @ 92.2 (VR:nan)
[2026-08-15 10:59:25]  [行9] 解析成功: SHSE.600460 [士兰微] BUY @ 32.75 (VR:nan)
[2026-08-15 10:59:25]  [行10] 解析成功: SZSE.002552 [宝鼎科技] BUY @ 60.65 (VR:nan)
[2026-08-15 10:59:25]  [行11] 解析成功: SZSE.002643 [万润股份] SELL @ 14.27 (VR:nan)
[2026-08-15 10:59:25]  [行12] 解析成功: SZSE.000920 [沃顿科技] BUY @ 11.74 (VR:nan)
[2026-08-15 10:59:25]  [行13] 解析成功: SZSE.000823 [超声电子] BUY @ 15.3 (VR:nan)
[2026-08-15 10:59:25]  [行14] 解析成功: SZSE.301070 [开勒股份] BUY @ 67.24 (VR:nan)
[2026-08-15 10:59:25] 成功保存 14 条因子至: signal_batch_20260815_105925_136578.txt
[2026-08-15 10:59:25]  QQ-主 邮件 6382 处理完成
[2026-08-15 10:59:25]  QQ-主 正在解析因子: =?utf-8?b?QWxwaGFQaWxvdCDlrp7ml7bkv6Hlj7cgKGFscGhhX3NpZ25hbF90aHJfMjAyNjA4MTVfMDkzNS5qc29uKSBb5Li7UVEt5a+55aSWXQ==?=
[2026-08-15 10:59:25]  发现表格，共 14 行数据
[2026-08-15 10:59:25]  动态索引映射: ['股票代码', '股票名称', '信号', '当前价格', '量比', '来源过滤']
[2026-08-15 10:59:25]  [行1] 解析成功: SHSE.600259 [中稀有色] SELL @ 92.2 (VR:nan)
[2026-08-15 10:59:25]  [行2] 解析成功: SHSE.600460 [士兰微] BUY @ 32.75 (VR:nan)
[2026-08-15 10:59:25]  [行3] 解析成功: SZSE.002552 [宝鼎科技] BUY @ 60.65 (VR:nan)
[2026-08-15 10:59:25]  [行4] 解析成功: SZSE.002643 [万润股份] SELL @ 14.27 (VR:nan)
[2026-08-15 10:59:25]  [行5] 解析成功: SZSE.000920 [沃顿科技] BUY @ 11.74 (VR:nan)
[2026-08-15 10:59:25]  [行6] 解析成功: SZSE.000823 [超声电子] BUY @ 15.3 (VR:nan)
[2026-08-15 10:59:25]  [行7] 解析成功: SZSE.301070 [开勒股份] BUY @ 67.24 (VR:nan)
[2026-08-15 10:59:25]  [行8] 解析成功: SHSE.600259 [中稀有色] SELL @ 92.2 (VR:nan)
[2026-08-15 10:59:25]  [行9] 解析成功: SHSE.600460 [士兰微] BUY @ 32.75 (VR:nan)
[2026-08-15 10:59:25]  [行10] 解析成功: SZSE.002552 [宝鼎科技] BUY @ 60.65 (VR:nan)
[2026-08-15 10:59:25]  [行11] 解析成功: SZSE.002643 [万润股份] SELL @ 14.27 (VR:nan)
[2026-08-15 10:59:25]  [行12] 解析成功: SZSE.000920 [沃顿科技] BUY @ 11.74 (VR:nan)
[2026-08-15 10:59:25]  [行13] 解析成功: SZSE.000823 [超声电子] BUY @ 15.3 (VR:nan)
[2026-08-15 10:59:25]  [行14] 解析成功: SZSE.301070 [开勒股份] BUY @ 67.24 (VR:nan)
[2026-08-15 10:59:25] 本批信号内容已存在（哈希重复），跳过保存（防双邮箱重复）
[2026-08-15 10:59:25]  QQ-主 邮件 6383 保存因子失败
[2026-08-15 10:59:25]  QQ-主 正在解析因子: =?utf-8?b?QWxwaGFQaWxvdCDlrp7ml7bkv6Hlj7cgKGFscGhhX3NpZ25hbF90aHJfMjAyNjA4MTVfMDkzNi5qc29uKSBb5Li7UVEt5a+55aSWXQ==?=
[2026-08-15 10:59:25]  发现表格，共 8 行数据
[2026-08-15 10:59:25]  动态索引映射: ['股票代码', '股票名称', '信号', '当前价格', '量比', '来源过滤']
[2026-08-15 10:59:25]  [行1] 解析成功: SHSE.688019 [安集科技] BUY @ 248.2 (VR:nan)
[2026-08-15 10:59:25]  [行2] 解析成功: SHSE.688261 [东微半导] BUY @ 71.35 (VR:nan)
[2026-08-15 10:59:25]  [行3] 解析成功: SZSE.300821 [东岳硅材] BUY @ 17.03 (VR:nan)
[2026-08-15 10:59:25]  [行4] 解析成功: SZSE.300236 [上海新阳] BUY @ 93.95 (VR:nan)
[2026-08-15 10:59:25]  [行5] 解析成功: SHSE.688019 [安集科技] BUY @ 248.2 (VR:nan)
[2026-08-15 10:59:25]  [行6] 解析成功: SHSE.688261 [东微半导] BUY @ 71.35 (VR:nan)
[2026-08-15 10:59:25]  [行7] 解析成功: SZSE.300821 [东岳硅材] BUY @ 17.03 (VR:nan)
[2026-08-15 10:59:25]  [行8] 解析成功: SZSE.300236 [上海新阳] BUY @ 93.95 (VR:nan)
[2026-08-15 10:59:25] 成功保存 8 条因子至: signal_batch_20260815_105925_501937.txt
[2026-08-15 10:59:25]  QQ-主 邮件 6384 处理完成
[2026-08-15 10:59:25]  QQ-主 正在解析因子: =?utf-8?b?QWxwaGFQaWxvdCDlrp7ml7bkv6Hlj7cgKGFscGhhX3NpZ25hbF90aHJfMjAyNjA4MTVfMDkzOC5qc29uKSBb5Li7UVEt5a+55aSWXQ==?=
[2026-08-15 10:59:25]  发现表格，共 8 行数据
[2026-08-15 10:59:25]  动态索引映射: ['股票代码', '股票名称', '信号', '当前价格', '量比', '来源过滤']
[2026-08-15 10:59:25]  [行1] 解析成功: SHSE.688019 [安集科技] BUY @ 248.2 (VR:nan)
[2026-08-15 10:59:25]  [行2] 解析成功: SHSE.688261 [东微半导] BUY @ 71.35 (VR:nan)
[2026-08-15 10:59:25]  [行3] 解析成功: SZSE.300821 [东岳硅材] BUY @ 17.03 (VR:nan)
[2026-08-15 10:59:25]  [行4] 解析成功: SZSE.300236 [上海新阳] BUY @ 93.95 (VR:nan)
[2026-08-15 10:59:25]  [行5] 解析成功: SHSE.688019 [安集科技] BUY @ 248.2 (VR:nan)
[2026-08-15 10:59:25]  [行6] 解析成功: SHSE.688261 [东微半导] BUY @ 71.35 (VR:nan)
[2026-08-15 10:59:25]  [行7] 解析成功: SZSE.300821 [东岳硅材] BUY @ 17.03 (VR:nan)
[2026-08-15 10:59:25]  [行8] 解析成功: SZSE.300236 [上海新阳] BUY @ 93.95 (VR:nan)
[2026-08-15 10:59:25] 本批信号内容已存在（哈希重复），跳过保存（防双邮箱重复）
[2026-08-15 10:59:25]  QQ-主 邮件 6385 保存因子失败
[2026-08-15 10:59:25]  QQ-主 正在解析因子: =?utf-8?b?QWxwaGFQaWxvdCDlrp7ml7bkv6Hlj7cgKGFscGhhX3NpZ25hbF90aHJfMjAyNjA4MTVfMDk0MC5qc29uKSBb5Li7UVEt5a+55aSWXQ==?=
[2026-08-15 10:59:25]  发现表格，共 12 行数据
[2026-08-15 10:59:25]  动态索引映射: ['股票代码', '股票名称', '信号', '当前价格', '量比', '来源过滤']
[2026-08-15 10:59:25]  [行1] 解析成功: SHSE.688216 [气派科技] BUY @ 31.29 (VR:nan)
[2026-08-15 10:59:25]  [行2] 解析成功: SHSE.688721 [龙图光罩] BUY @ 41.37 (VR:nan)
[2026-08-15 10:59:25]  [行3] 解析成功: SHSE.688249 [晶合集成] BUY @ 40.09 (VR:nan)
[2026-08-15 10:59:25]  [行4] 解析成功: SHSE.688138 [清溢光电] BUY @ 34.21 (VR:nan)
[2026-08-15 10:59:25]  [行5] 解析成功: SZSE.301392 [汇成真空] BUY @ 169.0 (VR:nan)
[2026-08-15 10:59:25]  [行6] 解析成功: SZSE.300088 [长信科技] BUY @ 7.58 (VR:nan)
[2026-08-15 10:59:25]  [行7] 解析成功: SHSE.688216 [气派科技] BUY @ 31.29 (VR:nan)
[2026-08-15 10:59:25]  [行8] 解析成功: SHSE.688721 [龙图光罩] BUY @ 41.37 (VR:nan)
[2026-08-15 10:59:25]  [行9] 解析成功: SHSE.688249 [晶合集成] BUY @ 40.09 (VR:nan)
[2026-08-15 10:59:25]  [行10] 解析成功: SHSE.688138 [清溢光电] BUY @ 34.21 (VR:nan)
[2026-08-15 10:59:25]  [行11] 解析成功: SZSE.301392 [汇成真空] BUY @ 169.0 (VR:nan)
[2026-08-15 10:59:25]  [行12] 解析成功: SZSE.300088 [长信科技] BUY @ 7.58 (VR:nan)
[2026-08-15 10:59:25] 成功保存 12 条因子至: signal_batch_20260815_105925_859159.txt
[2026-08-15 10:59:26]  QQ-主 邮件 6386 处理完成
[2026-08-15 10:59:26]  QQ-主 正在解析因子: =?utf-8?b?QWxwaGFQaWxvdCDlrp7ml7bkv6Hlj7cgKGFscGhhX3NpZ25hbF90aHJfMjAyNjA4MTVfMDk0MS5qc29uKSBb5Li7UVEt5a+55aSWXQ==?=
[2026-08-15 10:59:26]  发现表格，共 12 行数据
[2026-08-15 10:59:26]  动态索引映射: ['股票代码', '股票名称', '信号', '当前价格', '量比', '来源过滤']
[2026-08-15 10:59:26]  [行1] 解析成功: SHSE.688216 [气派科技] BUY @ 31.29 (VR:nan)
[2026-08-15 10:59:26]  [行2] 解析成功: SHSE.688721 [龙图光罩] BUY @ 41.37 (VR:nan)
[2026-08-15 10:59:26]  [行3] 解析成功: SHSE.688249 [晶合集成] BUY @ 40.09 (VR:nan)
[2026-08-15 10:59:26]  [行4] 解析成功: SHSE.688138 [清溢光电] BUY @ 34.21 (VR:nan)
[2026-08-15 10:59:26]  [行5] 解析成功: SZSE.301392 [汇成真空] BUY @ 169.0 (VR:nan)
[2026-08-15 10:59:26]  [行6] 解析成功: SZSE.300088 [长信科技] BUY @ 7.58 (VR:nan)
[2026-08-15 10:59:26]  [行7] 解析成功: SHSE.688216 [气派科技] BUY @ 31.29 (VR:nan)
[2026-08-15 10:59:26]  [行8] 解析成功: SHSE.688721 [龙图光罩] BUY @ 41.37 (VR:nan)
[2026-08-15 10:59:26]  [行9] 解析成功: SHSE.688249 [晶合集成] BUY @ 40.09 (VR:nan)
[2026-08-15 10:59:26]  [行10] 解析成功: SHSE.688138 [清溢光电] BUY @ 34.21 (VR:nan)
[2026-08-15 10:59:26]  [行11] 解析成功: SZSE.301392 [汇成真空] BUY @ 169.0 (VR:nan)
[2026-08-15 10:59:26]  [行12] 解析成功: SZSE.300088 [长信科技] BUY @ 7.58 (VR:nan)
[2026-08-15 10:59:26] 成功保存 12 条因子至: signal_batch_20260815_105926_107719.txt
[2026-08-15 10:59:26]  QQ-主 邮件 6387 处理完成
[2026-08-15 10:59:26]  QQ-主 正在解析因子: =?utf-8?b?QWxwaGFQaWxvdCDlrp7ml7bkv6Hlj7cgKGFscGhhX3NpZ25hbF90aHJfMjAyNjA4MTVfMDk0My5qc29uKSBb5Li7UVEt5a+55aSWXQ==?=
[2026-08-15 10:59:26]  发现表格，共 10 行数据
[2026-08-15 10:59:26]  动态索引映射: ['股票代码', '股票名称', '信号', '当前价格', '量比', '来源过滤']
[2026-08-15 10:59:26]  [行1] 解析成功: SHSE.688110 [东芯股份] BUY @ 117.09 (VR:nan)
[2026-08-15 10:59:26]  [行2] 解析成功: SHSE.688665 [四方光电] SELL @ 45.86 (VR:nan)
[2026-08-15 10:59:26]  [行3] 解析成功: SHSE.688227 [品高股份] SELL @ 82.01 (VR:nan)
[2026-08-15 10:59:26]  [行4] 解析成功: SZSE.300852 [四会富仕] BUY @ 45.4 (VR:nan)
[2026-08-15 10:59:26]  [行5] 解析成功: SZSE.301045 [天禄科技] BUY @ 69.4 (VR:nan)
[2026-08-15 10:59:26]  [行6] 解析成功: SHSE.688110 [东芯股份] BUY @ 117.09 (VR:nan)
[2026-08-15 10:59:26]  [行7] 解析成功: SHSE.688665 [四方光电] SELL @ 45.86 (VR:nan)
[2026-08-15 10:59:26]  [行8] 解析成功: SHSE.688227 [品高股份] SELL @ 82.01 (VR:nan)
[2026-08-15 10:59:26]  [行9] 解析成功: SZSE.300852 [四会富仕] BUY @ 45.4 (VR:nan)
[2026-08-15 10:59:26]  [行10] 解析成功: SZSE.301045 [天禄科技] BUY @ 69.4 (VR:nan)
[2026-08-15 10:59:26] 成功保存 10 条因子至: signal_batch_20260815_105926_343125.txt
[2026-08-15 10:59:26]  QQ-主 邮件 6388 处理完成
[2026-08-15 10:59:26]  QQ-主 正在解析因子: =?utf-8?b?QWxwaGFQaWxvdCDlrp7ml7bkv6Hlj7cgKGFscGhhX3NpZ25hbF90aHJfMjAyNjA4MTVfMDk0NC5qc29uKSBb5Li7UVEt5a+55aSWXQ==?=
[2026-08-15 10:59:26]  发现表格，共 10 行数据
[2026-08-15 10:59:26]  动态索引映射: ['股票代码', '股票名称', '信号', '当前价格', '量比', '来源过滤']
[2026-08-15 10:59:26]  [行1] 解析成功: SHSE.688110 [东芯股份] BUY @ 117.09 (VR:nan)
[2026-08-15 10:59:26]  [行2] 解析成功: SHSE.688665 [四方光电] SELL @ 45.86 (VR:nan)
[2026-08-15 10:59:26]  [行3] 解析成功: SHSE.688227 [品高股份] SELL @ 82.01 (VR:nan)
[2026-08-15 10:59:26]  [行4] 解析成功: SZSE.300852 [四会富仕] BUY @ 45.4 (VR:nan)
[2026-08-15 10:59:26]  [行5] 解析成功: SZSE.301045 [天禄科技] BUY @ 69.4 (VR:nan)
[2026-08-15 10:59:26]  [行6] 解析成功: SHSE.688110 [东芯股份] BUY @ 117.09 (VR:nan)
[2026-08-15 10:59:26]  [行7] 解析成功: SHSE.688665 [四方光电] SELL @ 45.86 (VR:nan)
[2026-08-15 10:59:26]  [行8] 解析成功: SHSE.688227 [品高股份] SELL @ 82.01 (VR:nan)
[2026-08-15 10:59:26]  [行9] 解析成功: SZSE.300852 [四会富仕] BUY @ 45.4 (VR:nan)
[2026-08-15 10:59:26]  [行10] 解析成功: SZSE.301045 [天禄科技] BUY @ 69.4 (VR:nan)
[2026-08-15 10:59:26] 本批信号内容已存在（哈希重复），跳过保存（防双邮箱重复）
[2026-08-15 10:59:26]  QQ-主 邮件 6389 保存因子失败
[2026-08-15 10:59:26]  QQ-主 正在解析因子: =?utf-8?b?QWxwaGFQaWxvdCDlrp7ml7bkv6Hlj7cgKGFscGhhX3NpZ25hbF90aHJfMjAyNjA4MTVfMDk0Ni5qc29uKSBb5Li7UVEt5a+55aSWXQ==?=
[2026-08-15 10:59:26]  发现表格，共 4 行数据
[2026-08-15 10:59:26]  动态索引映射: ['股票代码', '股票名称', '信号', '当前价格', '量比', '来源过滤']
[2026-08-15 10:59:26]  [行1] 解析成功: SZSE.300346 [南大光电] BUY @ 58.71 (VR:nan)
[2026-08-15 10:59:26]  [行2] 解析成功: SZSE.300868 [杰美特] BUY @ 92.13 (VR:nan)
[2026-08-15 10:59:26]  [行3] 解析成功: SZSE.300346 [南大光电] BUY @ 58.71 (VR:nan)
[2026-08-15 10:59:26]  [行4] 解析成功: SZSE.300868 [杰美特] BUY @ 92.13 (VR:nan)
[2026-08-15 10:59:26] 成功保存 4 条因子至: signal_batch_20260815_105926_692121.txt
[2026-08-15 10:59:26]  QQ-主 邮件 6390 处理完成
[2026-08-15 10:59:26]  QQ-主 正在解析因子: =?utf-8?b?QWxwaGFQaWxvdCDlrp7ml7bkv6Hlj7cgKGFscGhhX3NpZ25hbF90aHJfMjAyNjA4MTVfMDk0Ny5qc29uKSBb5Li7UVEt5a+55aSWXQ==?=
[2026-08-15 10:59:26]  发现表格，共 4 行数据
[2026-08-15 10:59:26]  动态索引映射: ['股票代码', '股票名称', '信号', '当前价格', '量比', '来源过滤']
[2026-08-15 10:59:26]  [行1] 解析成功: SZSE.300346 [南大光电] BUY @ 58.71 (VR:nan)
[2026-08-15 10:59:26]  [行2] 解析成功: SZSE.300868 [杰美特] BUY @ 92.13 (VR:nan)
[2026-08-15 10:59:26]  [行3] 解析成功: SZSE.300346 [南大光电] BUY @ 58.71 (VR:nan)
[2026-08-15 10:59:26]  [行4] 解析成功: SZSE.300868 [杰美特] BUY @ 92.13 (VR:nan)
[2026-08-15 10:59:26] 本批信号内容已存在（哈希重复），跳过保存（防双邮箱重复）
[2026-08-15 10:59:26]  QQ-主 邮件 6391 保存因子失败
[2026-08-15 10:59:27]  QQ-主 正在解析因子: =?utf-8?b?QWxwaGFQaWxvdCDlrp7ml7bkv6Hlj7cgKGFscGhhX3NpZ25hbF90aHJfMjAyNjA4MTVfMDk1MC5qc29uKSBb5Li7UVEt5a+55aSWXQ==?=
[2026-08-15 10:59:27]  发现表格，共 14 行数据
[2026-08-15 10:59:27]  动态索引映射: ['股票代码', '股票名称', '信号', '当前价格', '量比', '来源过滤']
[2026-08-15 10:59:27]  [行1] 解析成功: SHSE.600259 [中稀有色] SELL @ 92.2 (VR:nan)
[2026-08-15 10:59:27]  [行2] 解析成功: SHSE.600460 [士兰微] BUY @ 32.75 (VR:nan)
[2026-08-15 10:59:27]  [行3] 解析成功: SZSE.002552 [宝鼎科技] BUY @ 60.65 (VR:nan)
[2026-08-15 10:59:27]  [行4] 解析成功: SZSE.002643 [万润股份] SELL @ 14.27 (VR:nan)
[2026-08-15 10:59:27]  [行5] 解析成功: SZSE.000920 [沃顿科技] BUY @ 11.74 (VR:nan)
[2026-08-15 10:59:27]  [行6] 解析成功: SZSE.000823 [超声电子] BUY @ 15.3 (VR:nan)
[2026-08-15 10:59:27]  [行7] 解析成功: SZSE.301070 [开勒股份] BUY @ 67.24 (VR:nan)
[2026-08-15 10:59:27]  [行8] 解析成功: SHSE.600259 [中稀有色] SELL @ 92.2 (VR:nan)
[2026-08-15 10:59:27]  [行9] 解析成功: SHSE.600460 [士兰微] BUY @ 32.75 (VR:nan)
[2026-08-15 10:59:27]  [行10] 解析成功: SZSE.002552 [宝鼎科技] BUY @ 60.65 (VR:nan)
[2026-08-15 10:59:27]  [行11] 解析成功: SZSE.002643 [万润股份] SELL @ 14.27 (VR:nan)
[2026-08-15 10:59:27]  [行12] 解析成功: SZSE.000920 [沃顿科技] BUY @ 11.74 (VR:nan)
[2026-08-15 10:59:27]  [行13] 解析成功: SZSE.000823 [超声电子] BUY @ 15.3 (VR:nan)
[2026-08-15 10:59:27]  [行14] 解析成功: SZSE.301070 [开勒股份] BUY @ 67.24 (VR:nan)
[2026-08-15 10:59:27] 成功保存 14 条因子至: signal_batch_20260815_105927_063904.txt
[2026-08-15 10:59:27]  QQ-主 邮件 6392 处理完成
[2026-08-15 10:59:27]  QQ-主 正在解析因子: =?utf-8?b?QWxwaGFQaWxvdCDlrp7ml7bkv6Hlj7cgKGFscGhhX3NpZ25hbF90aHJfMjAyNjA4MTVfMDk1MS5qc29uKSBb5Li7UVEt5a+55aSWXQ==?=
[2026-08-15 10:59:27]  发现表格，共 14 行数据
[2026-08-15 10:59:27]  动态索引映射: ['股票代码', '股票名称', '信号', '当前价格', '量比', '来源过滤']
[2026-08-15 10:59:27]  [行1] 解析成功: SHSE.600259 [中稀有色] SELL @ 92.2 (VR:nan)
[2026-08-15 10:59:27]  [行2] 解析成功: SHSE.600460 [士兰微] BUY @ 32.75 (VR:nan)
[2026-08-15 10:59:27]  [行3] 解析成功: SZSE.002552 [宝鼎科技] BUY @ 60.65 (VR:nan)
[2026-08-15 10:59:27]  [行4] 解析成功: SZSE.002643 [万润股份] SELL @ 14.27 (VR:nan)
[2026-08-15 10:59:27]  [行5] 解析成功: SZSE.000920 [沃顿科技] BUY @ 11.74 (VR:nan)
[2026-08-15 10:59:27]  [行6] 解析成功: SZSE.000823 [超声电子] BUY @ 15.3 (VR:nan)
[2026-08-15 10:59:27]  [行7] 解析成功: SZSE.301070 [开勒股份] BUY @ 67.24 (VR:nan)
[2026-08-15 10:59:27]  [行8] 解析成功: SHSE.600259 [中稀有色] SELL @ 92.2 (VR:nan)
[2026-08-15 10:59:27]  [行9] 解析成功: SHSE.600460 [士兰微] BUY @ 32.75 (VR:nan)
[2026-08-15 10:59:27]  [行10] 解析成功: SZSE.002552 [宝鼎科技] BUY @ 60.65 (VR:nan)
[2026-08-15 10:59:27]  [行11] 解析成功: SZSE.002643 [万润股份] SELL @ 14.27 (VR:nan)
[2026-08-15 10:59:27]  [行12] 解析成功: SZSE.000920 [沃顿科技] BUY @ 11.74 (VR:nan)
[2026-08-15 10:59:27]  [行13] 解析成功: SZSE.000823 [超声电子] BUY @ 15.3 (VR:nan)
[2026-08-15 10:59:27]  [行14] 解析成功: SZSE.301070 [开勒股份] BUY @ 67.24 (VR:nan)
[2026-08-15 10:59:27] 本批信号内容已存在（哈希重复），跳过保存（防双邮箱重复）
[2026-08-15 10:59:27]  QQ-主 邮件 6393 保存因子失败
[2026-08-15 10:59:27]  QQ-主 正在解析因子: =?utf-8?b?QWxwaGFQaWxvdCDlrp7ml7bkv6Hlj7cgKGFscGhhX3NpZ25hbF90aHJfMjAyNjA4MTVfMDk1My5qc29uKSBb5Li7UVEt5a+55aSWXQ==?=
[2026-08-15 10:59:27]  发现表格，共 8 行数据
[2026-08-15 10:59:27]  动态索引映射: ['股票代码', '股票名称', '信号', '当前价格', '量比', '来源过滤']
[2026-08-15 10:59:27]  [行1] 解析成功: SHSE.688019 [安集科技] BUY @ 248.2 (VR:nan)
[2026-08-15 10:59:27]  [行2] 解析成功: SHSE.688261 [东微半导] BUY @ 71.35 (VR:nan)
[2026-08-15 10:59:27]  [行3] 解析成功: SZSE.300821 [东岳硅材] BUY @ 17.03 (VR:nan)
[2026-08-15 10:59:27]  [行4] 解析成功: SZSE.300236 [上海新阳] BUY @ 93.95 (VR:nan)
[2026-08-15 10:59:27]  [行5] 解析成功: SHSE.688019 [安集科技] BUY @ 248.2 (VR:nan)
[2026-08-15 10:59:27]  [行6] 解析成功: SHSE.688261 [东微半导] BUY @ 71.35 (VR:nan)
[2026-08-15 10:59:27]  [行7] 解析成功: SZSE.300821 [东岳硅材] BUY @ 17.03 (VR:nan)
[2026-08-15 10:59:27]  [行8] 解析成功: SZSE.300236 [上海新阳] BUY @ 93.95 (VR:nan)
[2026-08-15 10:59:27] 成功保存 8 条因子至: signal_batch_20260815_105927_448847.txt
[2026-08-15 10:59:27]  QQ-主 邮件 6394 处理完成
[2026-08-15 10:59:27]  QQ-主 正在解析因子: =?utf-8?b?QWxwaGFQaWxvdCDlrp7ml7bkv6Hlj7cgKGFscGhhX3NpZ25hbF90aHJfMjAyNjA4MTVfMDk1NC5qc29uKSBb5Li7UVEt5a+55aSWXQ==?=
[2026-08-15 10:59:27]  发现表格，共 8 行数据
[2026-08-15 10:59:27]  动态索引映射: ['股票代码', '股票名称', '信号', '当前价格', '量比', '来源过滤']
[2026-08-15 10:59:27]  [行1] 解析成功: SHSE.688019 [安集科技] BUY @ 248.2 (VR:nan)
[2026-08-15 10:59:27]  [行2] 解析成功: SHSE.688261 [东微半导] BUY @ 71.35 (VR:nan)
[2026-08-15 10:59:27]  [行3] 解析成功: SZSE.300821 [东岳硅材] BUY @ 17.03 (VR:nan)
[2026-08-15 10:59:27]  [行4] 解析成功: SZSE.300236 [上海新阳] BUY @ 93.95 (VR:nan)
[2026-08-15 10:59:27]  [行5] 解析成功: SHSE.688019 [安集科技] BUY @ 248.2 (VR:nan)
[2026-08-15 10:59:27]  [行6] 解析成功: SHSE.688261 [东微半导] BUY @ 71.35 (VR:nan)
[2026-08-15 10:59:27]  [行7] 解析成功: SZSE.300821 [东岳硅材] BUY @ 17.03 (VR:nan)
[2026-08-15 10:59:27]  [行8] 解析成功: SZSE.300236 [上海新阳] BUY @ 93.95 (VR:nan)
[2026-08-15 10:59:27] 本批信号内容已存在（哈希重复），跳过保存（防双邮箱重复）
[2026-08-15 10:59:27]  QQ-主 邮件 6395 保存因子失败
[2026-08-15 10:59:27]  QQ-主 正在解析因子: =?utf-8?b?QWxwaGFQaWxvdCDlrp7ml7bkv6Hlj7cgKGFscGhhX3NpZ25hbF90aHJfMjAyNjA4MTVfMDk1Ni5qc29uKSBb5Li7UVEt5a+55aSWXQ==?=
[2026-08-15 10:59:27]  发现表格，共 12 行数据
[2026-08-15 10:59:27]  动态索引映射: ['股票代码', '股票名称', '信号', '当前价格', '量比', '来源过滤']
[2026-08-15 10:59:27]  [行1] 解析成功: SHSE.688216 [气派科技] BUY @ 31.29 (VR:nan)
[2026-08-15 10:59:27]  [行2] 解析成功: SHSE.688721 [龙图光罩] BUY @ 41.37 (VR:nan)
[2026-08-15 10:59:27]  [行3] 解析成功: SHSE.688249 [晶合集成] BUY @ 40.09 (VR:nan)
[2026-08-15 10:59:27]  [行4] 解析成功: SHSE.688138 [清溢光电] BUY @ 34.21 (VR:nan)
[2026-08-15 10:59:27]  [行5] 解析成功: SZSE.301392 [汇成真空] BUY @ 169.0 (VR:nan)
[2026-08-15 10:59:27]  [行6] 解析成功: SZSE.300088 [长信科技] BUY @ 7.58 (VR:nan)
[2026-08-15 10:59:27]  [行7] 解析成功: SHSE.688216 [气派科技] BUY @ 31.29 (VR:nan)
[2026-08-15 10:59:27]  [行8] 解析成功: SHSE.688721 [龙图光罩] BUY @ 41.37 (VR:nan)
[2026-08-15 10:59:27]  [行9] 解析成功: SHSE.688249 [晶合集成] BUY @ 40.09 (VR:nan)
[2026-08-15 10:59:27]  [行10] 解析成功: SHSE.688138 [清溢光电] BUY @ 34.21 (VR:nan)
[2026-08-15 10:59:27]  [行11] 解析成功: SZSE.301392 [汇成真空] BUY @ 169.0 (VR:nan)
[2026-08-15 10:59:27]  [行12] 解析成功: SZSE.300088 [长信科技] BUY @ 7.58 (VR:nan)
[2026-08-15 10:59:27] 成功保存 12 条因子至: signal_batch_20260815_105927_825274.txt
[2026-08-15 10:59:27]  QQ-主 邮件 6396 处理完成
[2026-08-15 10:59:28]  QQ-主 正在解析因子: =?utf-8?b?QWxwaGFQaWxvdCDlrp7ml7bkv6Hlj7cgKGFscGhhX3NpZ25hbF90aHJfMjAyNjA4MTVfMDk1Ny5qc29uKSBb5Li7UVEt5a+55aSWXQ==?=
[2026-08-15 10:59:28]  发现表格，共 12 行数据
[2026-08-15 10:59:28]  动态索引映射: ['股票代码', '股票名称', '信号', '当前价格', '量比', '来源过滤']
[2026-08-15 10:59:28]  [行1] 解析成功: SHSE.688216 [气派科技] BUY @ 31.29 (VR:nan)
[2026-08-15 10:59:28]  [行2] 解析成功: SHSE.688721 [龙图光罩] BUY @ 41.37 (VR:nan)
[2026-08-15 10:59:28]  [行3] 解析成功: SHSE.688249 [晶合集成] BUY @ 40.09 (VR:nan)
[2026-08-15 10:59:28]  [行4] 解析成功: SHSE.688138 [清溢光电] BUY @ 34.21 (VR:nan)
[2026-08-15 10:59:28]  [行5] 解析成功: SZSE.301392 [汇成真空] BUY @ 169.0 (VR:nan)
[2026-08-15 10:59:28]  [行6] 解析成功: SZSE.300088 [长信科技] BUY @ 7.58 (VR:nan)
[2026-08-15 10:59:28]  [行7] 解析成功: SHSE.688216 [气派科技] BUY @ 31.29 (VR:nan)
[2026-08-15 10:59:28]  [行8] 解析成功: SHSE.688721 [龙图光罩] BUY @ 41.37 (VR:nan)
[2026-08-15 10:59:28]  [行9] 解析成功: SHSE.688249 [晶合集成] BUY @ 40.09 (VR:nan)
[2026-08-15 10:59:28]  [行10] 解析成功: SHSE.688138 [清溢光电] BUY @ 34.21 (VR:nan)
[2026-08-15 10:59:28]  [行11] 解析成功: SZSE.301392 [汇成真空] BUY @ 169.0 (VR:nan)
[2026-08-15 10:59:28]  [行12] 解析成功: SZSE.300088 [长信科技] BUY @ 7.58 (VR:nan)
[2026-08-15 10:59:28] 成功保存 12 条因子至: signal_batch_20260815_105928_078004.txt
[2026-08-15 10:59:28]  QQ-主 邮件 6397 处理完成
[2026-08-15 10:59:28]  QQ-主 正在解析因子: =?utf-8?b?QWxwaGFQaWxvdCDlrp7ml7bkv6Hlj7cgKGFscGhhX3NpZ25hbF90aHJfMjAyNjA4MTVfMDk1OS5qc29uKSBb5Li7UVEt5a+55aSWXQ==?=
[2026-08-15 10:59:28]  发现表格，共 10 行数据
[2026-08-15 10:59:28]  动态索引映射: ['股票代码', '股票名称', '信号', '当前价格', '量比', '来源过滤']
[2026-08-15 10:59:28]  [行1] 解析成功: SHSE.688110 [东芯股份] BUY @ 117.09 (VR:nan)
[2026-08-15 10:59:28]  [行2] 解析成功: SHSE.688665 [四方光电] SELL @ 45.86 (VR:nan)
[2026-08-15 10:59:28]  [行3] 解析成功: SHSE.688227 [品高股份] SELL @ 82.01 (VR:nan)
[2026-08-15 10:59:28]  [行4] 解析成功: SZSE.300852 [四会富仕] BUY @ 45.4 (VR:nan)
[2026-08-15 10:59:28]  [行5] 解析成功: SZSE.301045 [天禄科技] BUY @ 69.4 (VR:nan)
[2026-08-15 10:59:28]  [行6] 解析成功: SHSE.688110 [东芯股份] BUY @ 117.09 (VR:nan)
[2026-08-15 10:59:28]  [行7] 解析成功: SHSE.688665 [四方光电] SELL @ 45.86 (VR:nan)
[2026-08-15 10:59:28]  [行8] 解析成功: SHSE.688227 [品高股份] SELL @ 82.01 (VR:nan)
[2026-08-15 10:59:28]  [行9] 解析成功: SZSE.300852 [四会富仕] BUY @ 45.4 (VR:nan)
[2026-08-15 10:59:28]  [行10] 解析成功: SZSE.301045 [天禄科技] BUY @ 69.4 (VR:nan)
[2026-08-15 10:59:28] 成功保存 10 条因子至: signal_batch_20260815_105928_345007.txt
[2026-08-15 10:59:28]  QQ-主 邮件 6398 处理完成
[2026-08-15 10:59:28]  QQ-主 正在解析因子: =?utf-8?b?QWxwaGFQaWxvdCDlrp7ml7bkv6Hlj7cgKGFscGhhX3NpZ25hbF90aHJfMjAyNjA4MTVfMTAwMC5qc29uKSBb5Li7UVEt5a+55aSWXQ==?=
[2026-08-15 10:59:28]  发现表格，共 10 行数据
[2026-08-15 10:59:28]  动态索引映射: ['股票代码', '股票名称', '信号', '当前价格', '量比', '来源过滤']
[2026-08-15 10:59:28]  [行1] 解析成功: SHSE.688110 [东芯股份] BUY @ 117.09 (VR:nan)
[2026-08-15 10:59:28]  [行2] 解析成功: SHSE.688665 [四方光电] SELL @ 45.86 (VR:nan)
[2026-08-15 10:59:28]  [行3] 解析成功: SHSE.688227 [品高股份] SELL @ 82.01 (VR:nan)
[2026-08-15 10:59:28]  [行4] 解析成功: SZSE.300852 [四会富仕] BUY @ 45.4 (VR:nan)
[2026-08-15 10:59:28]  [行5] 解析成功: SZSE.301045 [天禄科技] BUY @ 69.4 (VR:nan)
[2026-08-15 10:59:28]  [行6] 解析成功: SHSE.688110 [东芯股份] BUY @ 117.09 (VR:nan)
[2026-08-15 10:59:28]  [行7] 解析成功: SHSE.688665 [四方光电] SELL @ 45.86 (VR:nan)
[2026-08-15 10:59:28]  [行8] 解析成功: SHSE.688227 [品高股份] SELL @ 82.01 (VR:nan)
[2026-08-15 10:59:28]  [行9] 解析成功: SZSE.300852 [四会富仕] BUY @ 45.4 (VR:nan)
[2026-08-15 10:59:28]  [行10] 解析成功: SZSE.301045 [天禄科技] BUY @ 69.4 (VR:nan)
[2026-08-15 10:59:28] 本批信号内容已存在（哈希重复），跳过保存（防双邮箱重复）
[2026-08-15 10:59:28]  QQ-主 邮件 6399 保存因子失败
[2026-08-15 10:59:28]  QQ-主 正在解析因子: =?utf-8?b?QWxwaGFQaWxvdCDlrp7ml7bkv6Hlj7cgKGFscGhhX3NpZ25hbF90aHJfMjAyNjA4MTVfMTAwMi5qc29uKSBb5Li7UVEt5a+55aSWXQ==?=
[2026-08-15 10:59:28]  发现表格，共 4 行数据
[2026-08-15 10:59:28]  动态索引映射: ['股票代码', '股票名称', '信号', '当前价格', '量比', '来源过滤']
[2026-08-15 10:59:28]  [行1] 解析成功: SZSE.300346 [南大光电] BUY @ 58.71 (VR:nan)
[2026-08-15 10:59:28]  [行2] 解析成功: SZSE.300868 [杰美特] BUY @ 92.13 (VR:nan)
[2026-08-15 10:59:28]  [行3] 解析成功: SZSE.300346 [南大光电] BUY @ 58.71 (VR:nan)
[2026-08-15 10:59:28]  [行4] 解析成功: SZSE.300868 [杰美特] BUY @ 92.13 (VR:nan)
[2026-08-15 10:59:28] 成功保存 4 条因子至: signal_batch_20260815_105928_711220.txt
[2026-08-15 10:59:28]  QQ-主 邮件 6400 处理完成
[2026-08-15 10:59:28]  QQ-主 正在解析因子: =?utf-8?b?QWxwaGFQaWxvdCDlrp7ml7bkv6Hlj7cgKGFscGhhX3NpZ25hbF90aHJfMjAyNjA4MTVfMTAwMy5qc29uKSBb5Li7UVEt5a+55aSWXQ==?=
[2026-08-15 10:59:28]  发现表格，共 4 行数据
[2026-08-15 10:59:28]  动态索引映射: ['股票代码', '股票名称', '信号', '当前价格', '量比', '来源过滤']
[2026-08-15 10:59:28]  [行1] 解析成功: SZSE.300346 [南大光电] BUY @ 58.71 (VR:nan)
[2026-08-15 10:59:28]  [行2] 解析成功: SZSE.300868 [杰美特] BUY @ 92.13 (VR:nan)
[2026-08-15 10:59:28]  [行3] 解析成功: SZSE.300346 [南大光电] BUY @ 58.71 (VR:nan)
[2026-08-15 10:59:28]  [行4] 解析成功: SZSE.300868 [杰美特] BUY @ 92.13 (VR:nan)
[2026-08-15 10:59:28] 本批信号内容已存在（哈希重复），跳过保存（防双邮箱重复）
[2026-08-15 10:59:28]  QQ-主 邮件 6401 保存因子失败
[2026-08-15 10:59:29]  QQ-主 正在解析因子: =?utf-8?b?QWxwaGFQaWxvdCDlrp7ml7bkv6Hlj7cgKGFscGhhX3NpZ25hbF90aHJfMjAyNjA4MTVfMTAwNi5qc29uKSBb5Li7UVEt5a+55aSWXQ==?=
[2026-08-15 10:59:29]  发现表格，共 14 行数据
[2026-08-15 10:59:29]  动态索引映射: ['股票代码', '股票名称', '信号', '当前价格', '量比', '来源过滤']
[2026-08-15 10:59:29]  [行1] 解析成功: SHSE.600259 [中稀有色] SELL @ 92.2 (VR:nan)
[2026-08-15 10:59:29]  [行2] 解析成功: SHSE.600460 [士兰微] BUY @ 32.75 (VR:nan)
[2026-08-15 10:59:29]  [行3] 解析成功: SZSE.002552 [宝鼎科技] BUY @ 60.65 (VR:nan)
[2026-08-15 10:59:29]  [行4] 解析成功: SZSE.002643 [万润股份] SELL @ 14.27 (VR:nan)
[2026-08-15 10:59:29]  [行5] 解析成功: SZSE.000920 [沃顿科技] BUY @ 11.74 (VR:nan)
[2026-08-15 10:59:29]  [行6] 解析成功: SZSE.000823 [超声电子] BUY @ 15.3 (VR:nan)
[2026-08-15 10:59:29]  [行7] 解析成功: SZSE.301070 [开勒股份] BUY @ 67.24 (VR:nan)
[2026-08-15 10:59:29]  [行8] 解析成功: SHSE.600259 [中稀有色] SELL @ 92.2 (VR:nan)
[2026-08-15 10:59:29]  [行9] 解析成功: SHSE.600460 [士兰微] BUY @ 32.75 (VR:nan)
[2026-08-15 10:59:29]  [行10] 解析成功: SZSE.002552 [宝鼎科技] BUY @ 60.65 (VR:nan)
[2026-08-15 10:59:29]  [行11] 解析成功: SZSE.002643 [万润股份] SELL @ 14.27 (VR:nan)
[2026-08-15 10:59:29]  [行12] 解析成功: SZSE.000920 [沃顿科技] BUY @ 11.74 (VR:nan)
[2026-08-15 10:59:29]  [行13] 解析成功: SZSE.000823 [超声电子] BUY @ 15.3 (VR:nan)
[2026-08-15 10:59:29]  [行14] 解析成功: SZSE.301070 [开勒股份] BUY @ 67.24 (VR:nan)
[2026-08-15 10:59:29] 成功保存 14 条因子至: signal_batch_20260815_105929_075988.txt
[2026-08-15 10:59:29]  QQ-主 邮件 6402 处理完成
[2026-08-15 10:59:29]  QQ-主 正在解析因子: =?utf-8?b?QWxwaGFQaWxvdCDlrp7ml7bkv6Hlj7cgKGFscGhhX3NpZ25hbF90aHJfMjAyNjA4MTVfMTAwNy5qc29uKSBb5Li7UVEt5a+55aSWXQ==?=
[2026-08-15 10:59:29]  发现表格，共 14 行数据
[2026-08-15 10:59:29]  动态索引映射: ['股票代码', '股票名称', '信号', '当前价格', '量比', '来源过滤']
[2026-08-15 10:59:29]  [行1] 解析成功: SHSE.600259 [中稀有色] SELL @ 92.2 (VR:nan)
[2026-08-15 10:59:29]  [行2] 解析成功: SHSE.600460 [士兰微] BUY @ 32.75 (VR:nan)
[2026-08-15 10:59:29]  [行3] 解析成功: SZSE.002552 [宝鼎科技] BUY @ 60.65 (VR:nan)
[2026-08-15 10:59:29]  [行4] 解析成功: SZSE.002643 [万润股份] SELL @ 14.27 (VR:nan)
[2026-08-15 10:59:29]  [行5] 解析成功: SZSE.000920 [沃顿科技] BUY @ 11.74 (VR:nan)
[2026-08-15 10:59:29]  [行6] 解析成功: SZSE.000823 [超声电子] BUY @ 15.3 (VR:nan)
[2026-08-15 10:59:29]  [行7] 解析成功: SZSE.301070 [开勒股份] BUY @ 67.24 (VR:nan)
[2026-08-15 10:59:29]  [行8] 解析成功: SHSE.600259 [中稀有色] SELL @ 92.2 (VR:nan)
[2026-08-15 10:59:29]  [行9] 解析成功: SHSE.600460 [士兰微] BUY @ 32.75 (VR:nan)
[2026-08-15 10:59:29]  [行10] 解析成功: SZSE.002552 [宝鼎科技] BUY @ 60.65 (VR:nan)
[2026-08-15 10:59:29]  [行11] 解析成功: SZSE.002643 [万润股份] SELL @ 14.27 (VR:nan)
[2026-08-15 10:59:29]  [行12] 解析成功: SZSE.000920 [沃顿科技] BUY @ 11.74 (VR:nan)
[2026-08-15 10:59:29]  [行13] 解析成功: SZSE.000823 [超声电子] BUY @ 15.3 (VR:nan)
[2026-08-15 10:59:29]  [行14] 解析成功: SZSE.301070 [开勒股份] BUY @ 67.24 (VR:nan)
[2026-08-15 10:59:29] 本批信号内容已存在（哈希重复），跳过保存（防双邮箱重复）
[2026-08-15 10:59:29]  QQ-主 邮件 6403 保存因子失败
[2026-08-15 10:59:29]  QQ-主 正在解析因子: =?utf-8?b?QWxwaGFQaWxvdCDlrp7ml7bkv6Hlj7cgKGFscGhhX3NpZ25hbF90aHJfMjAyNjA4MTVfMTAwOS5qc29uKSBb5Li7UVEt5a+55aSWXQ==?=
[2026-08-15 10:59:29]  发现表格，共 8 行数据
[2026-08-15 10:59:29]  动态索引映射: ['股票代码', '股票名称', '信号', '当前价格', '量比', '来源过滤']
[2026-08-15 10:59:29]  [行1] 解析成功: SHSE.688019 [安集科技] BUY @ 248.2 (VR:nan)
[2026-08-15 10:59:29]  [行2] 解析成功: SHSE.688261 [东微半导] BUY @ 71.35 (VR:nan)
[2026-08-15 10:59:29]  [行3] 解析成功: SZSE.300821 [东岳硅材] BUY @ 17.03 (VR:nan)
[2026-08-15 10:59:29]  [行4] 解析成功: SZSE.300236 [上海新阳] BUY @ 93.95 (VR:nan)
[2026-08-15 10:59:29]  [行5] 解析成功: SHSE.688019 [安集科技] BUY @ 248.2 (VR:nan)
[2026-08-15 10:59:29]  [行6] 解析成功: SHSE.688261 [东微半导] BUY @ 71.35 (VR:nan)
[2026-08-15 10:59:29]  [行7] 解析成功: SZSE.300821 [东岳硅材] BUY @ 17.03 (VR:nan)
[2026-08-15 10:59:29]  [行8] 解析成功: SZSE.300236 [上海新阳] BUY @ 93.95 (VR:nan)
[2026-08-15 10:59:29] 成功保存 8 条因子至: signal_batch_20260815_105929_425178.txt
[2026-08-15 10:59:29]  QQ-主 邮件 6404 处理完成
[2026-08-15 10:59:29]  QQ-主 正在解析因子: =?utf-8?b?QWxwaGFQaWxvdCDlrp7ml7bkv6Hlj7cgKGFscGhhX3NpZ25hbF90aHJfMjAyNjA4MTVfMTAxMC5qc29uKSBb5Li7UVEt5a+55aSWXQ==?=
[2026-08-15 10:59:29]  发现表格，共 8 行数据
[2026-08-15 10:59:29]  动态索引映射: ['股票代码', '股票名称', '信号', '当前价格', '量比', '来源过滤']
[2026-08-15 10:59:29]  [行1] 解析成功: SHSE.688019 [安集科技] BUY @ 248.2 (VR:nan)
[2026-08-15 10:59:29]  [行2] 解析成功: SHSE.688261 [东微半导] BUY @ 71.35 (VR:nan)
[2026-08-15 10:59:29]  [行3] 解析成功: SZSE.300821 [东岳硅材] BUY @ 17.03 (VR:nan)
[2026-08-15 10:59:29]  [行4] 解析成功: SZSE.300236 [上海新阳] BUY @ 93.95 (VR:nan)
[2026-08-15 10:59:29]  [行5] 解析成功: SHSE.688019 [安集科技] BUY @ 248.2 (VR:nan)
[2026-08-15 10:59:29]  [行6] 解析成功: SHSE.688261 [东微半导] BUY @ 71.35 (VR:nan)
[2026-08-15 10:59:29]  [行7] 解析成功: SZSE.300821 [东岳硅材] BUY @ 17.03 (VR:nan)
[2026-08-15 10:59:29]  [行8] 解析成功: SZSE.300236 [上海新阳] BUY @ 93.95 (VR:nan)
[2026-08-15 10:59:29] 本批信号内容已存在（哈希重复），跳过保存（防双邮箱重复）
[2026-08-15 10:59:29]  QQ-主 邮件 6405 保存因子失败
[2026-08-15 10:59:29]  QQ-主 正在解析因子: =?utf-8?b?QWxwaGFQaWxvdCDlrp7ml7bkv6Hlj7cgKGFscGhhX3NpZ25hbF90aHJfMjAyNjA4MTVfMTAxMi5qc29uKSBb5Li7UVEt5a+55aSWXQ==?=
[2026-08-15 10:59:29]  发现表格，共 12 行数据
[2026-08-15 10:59:29]  动态索引映射: ['股票代码', '股票名称', '信号', '当前价格', '量比', '来源过滤']
[2026-08-15 10:59:29]  [行1] 解析成功: SHSE.688216 [气派科技] BUY @ 31.29 (VR:nan)
[2026-08-15 10:59:29]  [行2] 解析成功: SHSE.688721 [龙图光罩] BUY @ 41.37 (VR:nan)
[2026-08-15 10:59:29]  [行3] 解析成功: SHSE.688249 [晶合集成] BUY @ 40.09 (VR:nan)
[2026-08-15 10:59:29]  [行4] 解析成功: SHSE.688138 [清溢光电] BUY @ 34.21 (VR:nan)
[2026-08-15 10:59:29]  [行5] 解析成功: SZSE.301392 [汇成真空] BUY @ 169.0 (VR:nan)
[2026-08-15 10:59:29]  [行6] 解析成功: SZSE.300088 [长信科技] BUY @ 7.58 (VR:nan)
[2026-08-15 10:59:29]  [行7] 解析成功: SHSE.688216 [气派科技] BUY @ 31.29 (VR:nan)
[2026-08-15 10:59:29]  [行8] 解析成功: SHSE.688721 [龙图光罩] BUY @ 41.37 (VR:nan)
[2026-08-15 10:59:29]  [行9] 解析成功: SHSE.688249 [晶合集成] BUY @ 40.09 (VR:nan)
[2026-08-15 10:59:29]  [行10] 解析成功: SHSE.688138 [清溢光电] BUY @ 34.21 (VR:nan)
[2026-08-15 10:59:29]  [行11] 解析成功: SZSE.301392 [汇成真空] BUY @ 169.0 (VR:nan)
[2026-08-15 10:59:29]  [行12] 解析成功: SZSE.300088 [长信科技] BUY @ 7.58 (VR:nan)
[2026-08-15 10:59:29] 成功保存 12 条因子至: signal_batch_20260815_105929_806874.txt
[2026-08-15 10:59:29]  QQ-主 邮件 6406 处理完成
[2026-08-15 10:59:30]  QQ-主 正在解析因子: =?utf-8?b?QWxwaGFQaWxvdCDlrp7ml7bkv6Hlj7cgKGFscGhhX3NpZ25hbF90aHJfMjAyNjA4MTVfMTAxMy5qc29uKSBb5Li7UVEt5a+55aSWXQ==?=
[2026-08-15 10:59:30]  发现表格，共 12 行数据
[2026-08-15 10:59:30]  动态索引映射: ['股票代码', '股票名称', '信号', '当前价格', '量比', '来源过滤']
[2026-08-15 10:59:30]  [行1] 解析成功: SHSE.688216 [气派科技] BUY @ 31.29 (VR:nan)
[2026-08-15 10:59:30]  [行2] 解析成功: SHSE.688721 [龙图光罩] BUY @ 41.37 (VR:nan)
[2026-08-15 10:59:30]  [行3] 解析成功: SHSE.688249 [晶合集成] BUY @ 40.09 (VR:nan)
[2026-08-15 10:59:30]  [行4] 解析成功: SHSE.688138 [清溢光电] BUY @ 34.21 (VR:nan)
[2026-08-15 10:59:30]  [行5] 解析成功: SZSE.301392 [汇成真空] BUY @ 169.0 (VR:nan)
[2026-08-15 10:59:30]  [行6] 解析成功: SZSE.300088 [长信科技] BUY @ 7.58 (VR:nan)
[2026-08-15 10:59:30]  [行7] 解析成功: SHSE.688216 [气派科技] BUY @ 31.29 (VR:nan)
[2026-08-15 10:59:30]  [行8] 解析成功: SHSE.688721 [龙图光罩] BUY @ 41.37 (VR:nan)
[2026-08-15 10:59:30]  [行9] 解析成功: SHSE.688249 [晶合集成] BUY @ 40.09 (VR:nan)
[2026-08-15 10:59:30]  [行10] 解析成功: SHSE.688138 [清溢光电] BUY @ 34.21 (VR:nan)
[2026-08-15 10:59:30]  [行11] 解析成功: SZSE.301392 [汇成真空] BUY @ 169.0 (VR:nan)
[2026-08-15 10:59:30]  [行12] 解析成功: SZSE.300088 [长信科技] BUY @ 7.58 (VR:nan)
[2026-08-15 10:59:30] 成功保存 12 条因子至: signal_batch_20260815_105930_108723.txt
[2026-08-15 10:59:30]  QQ-主 邮件 6407 处理完成
[2026-08-15 10:59:30]  QQ-主 正在解析因子: =?utf-8?b?QWxwaGFQaWxvdCDlrp7ml7bkv6Hlj7cgKGFscGhhX3NpZ25hbF90aHJfMjAyNjA4MTVfMTAxNS5qc29uKSBb5Li7UVEt5a+55aSWXQ==?=
[2026-08-15 10:59:30]  发现表格，共 10 行数据
[2026-08-15 10:59:30]  动态索引映射: ['股票代码', '股票名称', '信号', '当前价格', '量比', '来源过滤']
[2026-08-15 10:59:30]  [行1] 解析成功: SHSE.688110 [东芯股份] BUY @ 117.09 (VR:nan)
[2026-08-15 10:59:30]  [行2] 解析成功: SHSE.688665 [四方光电] SELL @ 45.86 (VR:nan)
[2026-08-15 10:59:30]  [行3] 解析成功: SHSE.688227 [品高股份] SELL @ 82.01 (VR:nan)
[2026-08-15 10:59:30]  [行4] 解析成功: SZSE.300852 [四会富仕] BUY @ 45.4 (VR:nan)
[2026-08-15 10:59:30]  [行5] 解析成功: SZSE.301045 [天禄科技] BUY @ 69.4 (VR:nan)
[2026-08-15 10:59:30]  [行6] 解析成功: SHSE.688110 [东芯股份] BUY @ 117.09 (VR:nan)
[2026-08-15 10:59:30]  [行7] 解析成功: SHSE.688665 [四方光电] SELL @ 45.86 (VR:nan)
[2026-08-15 10:59:30]  [行8] 解析成功: SHSE.688227 [品高股份] SELL @ 82.01 (VR:nan)
[2026-08-15 10:59:30]  [行9] 解析成功: SZSE.300852 [四会富仕] BUY @ 45.4 (VR:nan)
[2026-08-15 10:59:30]  [行10] 解析成功: SZSE.301045 [天禄科技] BUY @ 69.4 (VR:nan)
[2026-08-15 10:59:30] 成功保存 10 条因子至: signal_batch_20260815_105930_457825.txt
[2026-08-15 10:59:30]  QQ-主 邮件 6408 处理完成
[2026-08-15 10:59:30]  QQ-主 正在解析因子: =?utf-8?b?QWxwaGFQaWxvdCDlrp7ml7bkv6Hlj7cgKGFscGhhX3NpZ25hbF90aHJfMjAyNjA4MTVfMTAxNi5qc29uKSBb5Li7UVEt5a+55aSWXQ==?=
[2026-08-15 10:59:30]  发现表格，共 10 行数据
[2026-08-15 10:59:30]  动态索引映射: ['股票代码', '股票名称', '信号', '当前价格', '量比', '来源过滤']
[2026-08-15 10:59:30]  [行1] 解析成功: SHSE.688110 [东芯股份] BUY @ 117.09 (VR:nan)
[2026-08-15 10:59:30]  [行2] 解析成功: SHSE.688665 [四方光电] SELL @ 45.86 (VR:nan)
[2026-08-15 10:59:30]  [行3] 解析成功: SHSE.688227 [品高股份] SELL @ 82.01 (VR:nan)
[2026-08-15 10:59:30]  [行4] 解析成功: SZSE.300852 [四会富仕] BUY @ 45.4 (VR:nan)
[2026-08-15 10:59:30]  [行5] 解析成功: SZSE.301045 [天禄科技] BUY @ 69.4 (VR:nan)
[2026-08-15 10:59:30]  [行6] 解析成功: SHSE.688110 [东芯股份] BUY @ 117.09 (VR:nan)
[2026-08-15 10:59:30]  [行7] 解析成功: SHSE.688665 [四方光电] SELL @ 45.86 (VR:nan)
[2026-08-15 10:59:30]  [行8] 解析成功: SHSE.688227 [品高股份] SELL @ 82.01 (VR:nan)
[2026-08-15 10:59:30]  [行9] 解析成功: SZSE.300852 [四会富仕] BUY @ 45.4 (VR:nan)
[2026-08-15 10:59:30]  [行10] 解析成功: SZSE.301045 [天禄科技] BUY @ 69.4 (VR:nan)
[2026-08-15 10:59:30] 本批信号内容已存在（哈希重复），跳过保存（防双邮箱重复）
[2026-08-15 10:59:30]  QQ-主 邮件 6409 保存因子失败
[2026-08-15 10:59:30]  QQ-主 正在解析因子: =?utf-8?b?QWxwaGFQaWxvdCDlrp7ml7bkv6Hlj7cgKGFscGhhX3NpZ25hbF90aHJfMjAyNjA4MTVfMTAxOS5qc29uKSBb5Li7UVEt5a+55aSWXQ==?=
[2026-08-15 10:59:30]  发现表格，共 4 行数据
[2026-08-15 10:59:30]  动态索引映射: ['股票代码', '股票名称', '信号', '当前价格', '量比', '来源过滤']
[2026-08-15 10:59:30]  [行1] 解析成功: SZSE.300346 [南大光电] BUY @ 58.71 (VR:nan)
[2026-08-15 10:59:30]  [行2] 解析成功: SZSE.300868 [杰美特] BUY @ 92.13 (VR:nan)
[2026-08-15 10:59:30]  [行3] 解析成功: SZSE.300346 [南大光电] BUY @ 58.71 (VR:nan)
[2026-08-15 10:59:30]  [行4] 解析成功: SZSE.300868 [杰美特] BUY @ 92.13 (VR:nan)
[2026-08-15 10:59:30] 成功保存 4 条因子至: signal_batch_20260815_105930_890158.txt
[2026-08-15 10:59:31]  QQ-主 邮件 6410 处理完成
[2026-08-15 10:59:31]  QQ-主 正在解析因子: =?utf-8?b?QWxwaGFQaWxvdCDlrp7ml7bkv6Hlj7cgKGFscGhhX3NpZ25hbF90aHJfMjAyNjA4MTVfMTAxOS5qc29uKSBb5Li7UVEt5a+55aSWXQ==?=
[2026-08-15 10:59:31]  发现表格，共 4 行数据
[2026-08-15 10:59:31]  动态索引映射: ['股票代码', '股票名称', '信号', '当前价格', '量比', '来源过滤']
[2026-08-15 10:59:31]  [行1] 解析成功: SZSE.300346 [南大光电] BUY @ 58.71 (VR:nan)
[2026-08-15 10:59:31]  [行2] 解析成功: SZSE.300868 [杰美特] BUY @ 92.13 (VR:nan)
[2026-08-15 10:59:31]  [行3] 解析成功: SZSE.300346 [南大光电] BUY @ 58.71 (VR:nan)
[2026-08-15 10:59:31]  [行4] 解析成功: SZSE.300868 [杰美特] BUY @ 92.13 (VR:nan)
[2026-08-15 10:59:31] 成功保存 4 条因子至: signal_batch_20260815_105931_156051.txt
[2026-08-15 10:59:31]  QQ-主 邮件 6411 处理完成
[2026-08-15 10:59:31]  QQ-主 正在解析因子: =?utf-8?b?QWxwaGFQaWxvdCDlrp7ml7bkv6Hlj7cgKGFscGhhX3NpZ25hbF90aHJfMjAyNjA4MTVfMTAyMi5qc29uKSBb5Li7UVEt5a+55aSWXQ==?=
[2026-08-15 10:59:31]  发现表格，共 14 行数据
[2026-08-15 10:59:31]  动态索引映射: ['股票代码', '股票名称', '信号', '当前价格', '量比', '来源过滤']
[2026-08-15 10:59:31]  [行1] 解析成功: SHSE.600259 [中稀有色] SELL @ 92.2 (VR:nan)
[2026-08-15 10:59:31]  [行2] 解析成功: SHSE.600460 [士兰微] BUY @ 32.75 (VR:nan)
[2026-08-15 10:59:31]  [行3] 解析成功: SZSE.002552 [宝鼎科技] BUY @ 60.65 (VR:nan)
[2026-08-15 10:59:31]  [行4] 解析成功: SZSE.002643 [万润股份] SELL @ 14.27 (VR:nan)
[2026-08-15 10:59:31]  [行5] 解析成功: SZSE.000920 [沃顿科技] BUY @ 11.74 (VR:nan)
[2026-08-15 10:59:31]  [行6] 解析成功: SZSE.000823 [超声电子] BUY @ 15.3 (VR:nan)
[2026-08-15 10:59:31]  [行7] 解析成功: SZSE.301070 [开勒股份] BUY @ 67.24 (VR:nan)
[2026-08-15 10:59:31]  [行8] 解析成功: SHSE.600259 [中稀有色] SELL @ 92.2 (VR:nan)
[2026-08-15 10:59:31]  [行9] 解析成功: SHSE.600460 [士兰微] BUY @ 32.75 (VR:nan)
[2026-08-15 10:59:31]  [行10] 解析成功: SZSE.002552 [宝鼎科技] BUY @ 60.65 (VR:nan)
[2026-08-15 10:59:31]  [行11] 解析成功: SZSE.002643 [万润股份] SELL @ 14.27 (VR:nan)
[2026-08-15 10:59:31]  [行12] 解析成功: SZSE.000920 [沃顿科技] BUY @ 11.74 (VR:nan)
[2026-08-15 10:59:31]  [行13] 解析成功: SZSE.000823 [超声电子] BUY @ 15.3 (VR:nan)
[2026-08-15 10:59:31]  [行14] 解析成功: SZSE.301070 [开勒股份] BUY @ 67.24 (VR:nan)
[2026-08-15 10:59:31] 成功保存 14 条因子至: signal_batch_20260815_105931_505692.txt
[2026-08-15 10:59:31]  QQ-主 邮件 6412 处理完成
[2026-08-15 10:59:31]  QQ-主 正在解析因子: =?utf-8?b?QWxwaGFQaWxvdCDlrp7ml7bkv6Hlj7cgKGFscGhhX3NpZ25hbF90aHJfMjAyNjA4MTVfMTAyMy5qc29uKSBb5Li7UVEt5a+55aSWXQ==?=
[2026-08-15 10:59:31]  发现表格，共 14 行数据
[2026-08-15 10:59:31]  动态索引映射: ['股票代码', '股票名称', '信号', '当前价格', '量比', '来源过滤']
[2026-08-15 10:59:31]  [行1] 解析成功: SHSE.600259 [中稀有色] SELL @ 92.2 (VR:nan)
[2026-08-15 10:59:31]  [行2] 解析成功: SHSE.600460 [士兰微] BUY @ 32.75 (VR:nan)
[2026-08-15 10:59:31]  [行3] 解析成功: SZSE.002552 [宝鼎科技] BUY @ 60.65 (VR:nan)
[2026-08-15 10:59:31]  [行4] 解析成功: SZSE.002643 [万润股份] SELL @ 14.27 (VR:nan)
[2026-08-15 10:59:31]  [行5] 解析成功: SZSE.000920 [沃顿科技] BUY @ 11.74 (VR:nan)
[2026-08-15 10:59:31]  [行6] 解析成功: SZSE.000823 [超声电子] BUY @ 15.3 (VR:nan)
[2026-08-15 10:59:31]  [行7] 解析成功: SZSE.301070 [开勒股份] BUY @ 67.24 (VR:nan)
[2026-08-15 10:59:31]  [行8] 解析成功: SHSE.600259 [中稀有色] SELL @ 92.2 (VR:nan)
[2026-08-15 10:59:31]  [行9] 解析成功: SHSE.600460 [士兰微] BUY @ 32.75 (VR:nan)
[2026-08-15 10:59:31]  [行10] 解析成功: SZSE.002552 [宝鼎科技] BUY @ 60.65 (VR:nan)
[2026-08-15 10:59:31]  [行11] 解析成功: SZSE.002643 [万润股份] SELL @ 14.27 (VR:nan)
[2026-08-15 10:59:31]  [行12] 解析成功: SZSE.000920 [沃顿科技] BUY @ 11.74 (VR:nan)
[2026-08-15 10:59:31]  [行13] 解析成功: SZSE.000823 [超声电子] BUY @ 15.3 (VR:nan)
[2026-08-15 10:59:31]  [行14] 解析成功: SZSE.301070 [开勒股份] BUY @ 67.24 (VR:nan)
[2026-08-15 10:59:31] 本批信号内容已存在（哈希重复），跳过保存（防双邮箱重复）
[2026-08-15 10:59:31]  QQ-主 邮件 6413 保存因子失败
[2026-08-15 10:59:31]  QQ-主 正在解析因子: =?utf-8?b?QWxwaGFQaWxvdCDlrp7ml7bkv6Hlj7cgKGFscGhhX3NpZ25hbF90aHJfMjAyNjA4MTVfMTAyNS5qc29uKSBb5Li7UVEt5a+55aSWXQ==?=
[2026-08-15 10:59:31]  发现表格，共 8 行数据
[2026-08-15 10:59:31]  动态索引映射: ['股票代码', '股票名称', '信号', '当前价格', '量比', '来源过滤']
[2026-08-15 10:59:31]  [行1] 解析成功: SHSE.688019 [安集科技] BUY @ 248.2 (VR:nan)
[2026-08-15 10:59:31]  [行2] 解析成功: SHSE.688261 [东微半导] BUY @ 71.35 (VR:nan)
[2026-08-15 10:59:31]  [行3] 解析成功: SZSE.300821 [东岳硅材] BUY @ 17.03 (VR:nan)
[2026-08-15 10:59:31]  [行4] 解析成功: SZSE.300236 [上海新阳] BUY @ 93.95 (VR:nan)
[2026-08-15 10:59:31]  [行5] 解析成功: SHSE.688019 [安集科技] BUY @ 248.2 (VR:nan)
[2026-08-15 10:59:31]  [行6] 解析成功: SHSE.688261 [东微半导] BUY @ 71.35 (VR:nan)
[2026-08-15 10:59:31]  [行7] 解析成功: SZSE.300821 [东岳硅材] BUY @ 17.03 (VR:nan)
[2026-08-15 10:59:31]  [行8] 解析成功: SZSE.300236 [上海新阳] BUY @ 93.95 (VR:nan)
[2026-08-15 10:59:31] 成功保存 8 条因子至: signal_batch_20260815_105931_893959.txt
[2026-08-15 10:59:32]  QQ-主 邮件 6414 处理完成
[2026-08-15 10:59:32]  QQ-主 正在解析因子: =?utf-8?b?QWxwaGFQaWxvdCDlrp7ml7bkv6Hlj7cgKGFscGhhX3NpZ25hbF90aHJfMjAyNjA4MTVfMTAyNi5qc29uKSBb5Li7UVEt5a+55aSWXQ==?=
[2026-08-15 10:59:32]  发现表格，共 8 行数据
[2026-08-15 10:59:32]  动态索引映射: ['股票代码', '股票名称', '信号', '当前价格', '量比', '来源过滤']
[2026-08-15 10:59:32]  [行1] 解析成功: SHSE.688019 [安集科技] BUY @ 248.2 (VR:nan)
[2026-08-15 10:59:32]  [行2] 解析成功: SHSE.688261 [东微半导] BUY @ 71.35 (VR:nan)
[2026-08-15 10:59:32]  [行3] 解析成功: SZSE.300821 [东岳硅材] BUY @ 17.03 (VR:nan)
[2026-08-15 10:59:32]  [行4] 解析成功: SZSE.300236 [上海新阳] BUY @ 93.95 (VR:nan)
[2026-08-15 10:59:32]  [行5] 解析成功: SHSE.688019 [安集科技] BUY @ 248.2 (VR:nan)
[2026-08-15 10:59:32]  [行6] 解析成功: SHSE.688261 [东微半导] BUY @ 71.35 (VR:nan)
[2026-08-15 10:59:32]  [行7] 解析成功: SZSE.300821 [东岳硅材] BUY @ 17.03 (VR:nan)
[2026-08-15 10:59:32]  [行8] 解析成功: SZSE.300236 [上海新阳] BUY @ 93.95 (VR:nan)
[2026-08-15 10:59:32] 成功保存 8 条因子至: signal_batch_20260815_105932_178617.txt
[2026-08-15 10:59:32]  QQ-主 邮件 6415 处理完成
[2026-08-15 10:59:32]  QQ-主 正在解析因子: =?utf-8?b?QWxwaGFQaWxvdCDlrp7ml7bkv6Hlj7cgKGFscGhhX3NpZ25hbF90aHJfMjAyNjA4MTVfMTAyOS5qc29uKSBb5Li7UVEt5a+55aSWXQ==?=
[2026-08-15 10:59:32]  发现表格，共 12 行数据
[2026-08-15 10:59:32]  动态索引映射: ['股票代码', '股票名称', '信号', '当前价格', '量比', '来源过滤']
[2026-08-15 10:59:32]  [行1] 解析成功: SHSE.688216 [气派科技] BUY @ 31.29 (VR:nan)
[2026-08-15 10:59:32]  [行2] 解析成功: SHSE.688721 [龙图光罩] BUY @ 41.37 (VR:nan)
[2026-08-15 10:59:32]  [行3] 解析成功: SHSE.688249 [晶合集成] BUY @ 40.09 (VR:nan)
[2026-08-15 10:59:32]  [行4] 解析成功: SHSE.688138 [清溢光电] BUY @ 34.21 (VR:nan)
[2026-08-15 10:59:32]  [行5] 解析成功: SZSE.301392 [汇成真空] BUY @ 169.0 (VR:nan)
[2026-08-15 10:59:32]  [行6] 解析成功: SZSE.300088 [长信科技] BUY @ 7.58 (VR:nan)
[2026-08-15 10:59:32]  [行7] 解析成功: SHSE.688216 [气派科技] BUY @ 31.29 (VR:nan)
[2026-08-15 10:59:32]  [行8] 解析成功: SHSE.688721 [龙图光罩] BUY @ 41.37 (VR:nan)
[2026-08-15 10:59:32]  [行9] 解析成功: SHSE.688249 [晶合集成] BUY @ 40.09 (VR:nan)
[2026-08-15 10:59:32]  [行10] 解析成功: SHSE.688138 [清溢光电] BUY @ 34.21 (VR:nan)
[2026-08-15 10:59:32]  [行11] 解析成功: SZSE.301392 [汇成真空] BUY @ 169.0 (VR:nan)
[2026-08-15 10:59:32]  [行12] 解析成功: SZSE.300088 [长信科技] BUY @ 7.58 (VR:nan)
[2026-08-15 10:59:32] 成功保存 12 条因子至: signal_batch_20260815_105932_453248.txt
[2026-08-15 10:59:32]  QQ-主 邮件 6416 处理完成
[2026-08-15 10:59:32]  QQ-主 正在解析因子: =?utf-8?b?QWxwaGFQaWxvdCDlrp7ml7bkv6Hlj7cgKGFscGhhX3NpZ25hbF90aHJfMjAyNjA4MTVfMTAyOS5qc29uKSBb5Li7UVEt5a+55aSWXQ==?=
[2026-08-15 10:59:32]  发现表格，共 12 行数据
[2026-08-15 10:59:32]  动态索引映射: ['股票代码', '股票名称', '信号', '当前价格', '量比', '来源过滤']
[2026-08-15 10:59:32]  [行1] 解析成功: SHSE.688216 [气派科技] BUY @ 31.29 (VR:nan)
[2026-08-15 10:59:32]  [行2] 解析成功: SHSE.688721 [龙图光罩] BUY @ 41.37 (VR:nan)
[2026-08-15 10:59:32]  [行3] 解析成功: SHSE.688249 [晶合集成] BUY @ 40.09 (VR:nan)
[2026-08-15 10:59:32]  [行4] 解析成功: SHSE.688138 [清溢光电] BUY @ 34.21 (VR:nan)
[2026-08-15 10:59:32]  [行5] 解析成功: SZSE.301392 [汇成真空] BUY @ 169.0 (VR:nan)
[2026-08-15 10:59:32]  [行6] 解析成功: SZSE.300088 [长信科技] BUY @ 7.58 (VR:nan)
[2026-08-15 10:59:32]  [行7] 解析成功: SHSE.688216 [气派科技] BUY @ 31.29 (VR:nan)
[2026-08-15 10:59:32]  [行8] 解析成功: SHSE.688721 [龙图光罩] BUY @ 41.37 (VR:nan)
[2026-08-15 10:59:32]  [行9] 解析成功: SHSE.688249 [晶合集成] BUY @ 40.09 (VR:nan)
[2026-08-15 10:59:32]  [行10] 解析成功: SHSE.688138 [清溢光电] BUY @ 34.21 (VR:nan)
[2026-08-15 10:59:32]  [行11] 解析成功: SZSE.301392 [汇成真空] BUY @ 169.0 (VR:nan)
[2026-08-15 10:59:32]  [行12] 解析成功: SZSE.300088 [长信科技] BUY @ 7.58 (VR:nan)
[2026-08-15 10:59:32] 本批信号内容已存在（哈希重复），跳过保存（防双邮箱重复）
[2026-08-15 10:59:32]  QQ-主 邮件 6417 保存因子失败
[2026-08-15 10:59:32]  QQ-主 本轮共成功处理 23 封有效信号邮件
[2026-08-15 10:59:32]  正在连接 QQ-备用 邮箱服务器 (shouqianbadavid@qq.com) ...
[2026-08-15 10:59:34]  QQ-备用 正在解析因子: =?utf-8?b?QWxwaGFQaWxvdCDlpIfku73kv6Hlj7cgKGFscGhhX3NpZ25hbF90aHJfMjAyNjA4MTVfMDkzMy5qc29uKSBb5aSHUVEt6Ieq5L+dXQ==?=
[2026-08-15 10:59:34]  发现表格，共 14 行数据
[2026-08-15 10:59:34]  动态索引映射: ['股票代码', '股票名称', '信号', '当前价格', '量比', '来源过滤']
[2026-08-15 10:59:34]  [行1] 解析成功: SHSE.600259 [中稀有色] SELL @ 92.2 (VR:nan)
[2026-08-15 10:59:34]  [行2] 解析成功: SHSE.600460 [士兰微] BUY @ 32.75 (VR:nan)
[2026-08-15 10:59:34]  [行3] 解析成功: SZSE.002552 [宝鼎科技] BUY @ 60.65 (VR:nan)
[2026-08-15 10:59:34]  [行4] 解析成功: SZSE.002643 [万润股份] SELL @ 14.27 (VR:nan)
[2026-08-15 10:59:34]  [行5] 解析成功: SZSE.000920 [沃顿科技] BUY @ 11.74 (VR:nan)
[2026-08-15 10:59:34]  [行6] 解析成功: SZSE.000823 [超声电子] BUY @ 15.3 (VR:nan)
[2026-08-15 10:59:34]  [行7] 解析成功: SZSE.301070 [开勒股份] BUY @ 67.24 (VR:nan)
[2026-08-15 10:59:34]  [行8] 解析成功: SHSE.600259 [中稀有色] SELL @ 92.2 (VR:nan)
[2026-08-15 10:59:34]  [行9] 解析成功: SHSE.600460 [士兰微] BUY @ 32.75 (VR:nan)
[2026-08-15 10:59:34]  [行10] 解析成功: SZSE.002552 [宝鼎科技] BUY @ 60.65 (VR:nan)
[2026-08-15 10:59:34]  [行11] 解析成功: SZSE.002643 [万润股份] SELL @ 14.27 (VR:nan)
[2026-08-15 10:59:34]  [行12] 解析成功: SZSE.000920 [沃顿科技] BUY @ 11.74 (VR:nan)
[2026-08-15 10:59:34]  [行13] 解析成功: SZSE.000823 [超声电子] BUY @ 15.3 (VR:nan)
[2026-08-15 10:59:34]  [行14] 解析成功: SZSE.301070 [开勒股份] BUY @ 67.24 (VR:nan)
[2026-08-15 10:59:34] 成功保存 14 条因子至: signal_batch_20260815_105934_344781.txt
[2026-08-15 10:59:34]  QQ-备用 邮件 4017 处理完成
[2026-08-15 10:59:34]  QQ-备用 正在解析因子: =?utf-8?b?QWxwaGFQaWxvdCDlpIfku73kv6Hlj7cgKGFscGhhX3NpZ25hbF90aHJfMjAyNjA4MTVfMDkzNi5qc29uKSBb5aSHUVEt6Ieq5L+dXQ==?=
[2026-08-15 10:59:34]  发现表格，共 8 行数据
[2026-08-15 10:59:34]  动态索引映射: ['股票代码', '股票名称', '信号', '当前价格', '量比', '来源过滤']
[2026-08-15 10:59:34]  [行1] 解析成功: SHSE.688019 [安集科技] BUY @ 248.2 (VR:nan)
[2026-08-15 10:59:34]  [行2] 解析成功: SHSE.688261 [东微半导] BUY @ 71.35 (VR:nan)
[2026-08-15 10:59:34]  [行3] 解析成功: SZSE.300821 [东岳硅材] BUY @ 17.03 (VR:nan)
[2026-08-15 10:59:34]  [行4] 解析成功: SZSE.300236 [上海新阳] BUY @ 93.95 (VR:nan)
[2026-08-15 10:59:34]  [行5] 解析成功: SHSE.688019 [安集科技] BUY @ 248.2 (VR:nan)
[2026-08-15 10:59:34]  [行6] 解析成功: SHSE.688261 [东微半导] BUY @ 71.35 (VR:nan)
[2026-08-15 10:59:34]  [行7] 解析成功: SZSE.300821 [东岳硅材] BUY @ 17.03 (VR:nan)
[2026-08-15 10:59:34]  [行8] 解析成功: SZSE.300236 [上海新阳] BUY @ 93.95 (VR:nan)
[2026-08-15 10:59:34] 成功保存 8 条因子至: signal_batch_20260815_105934_775115.txt
[2026-08-15 10:59:34]  QQ-备用 邮件 4019 处理完成
[2026-08-15 10:59:35]  QQ-备用 正在解析因子: =?utf-8?b?QWxwaGFQaWxvdCDlpIfku73kv6Hlj7cgKGFscGhhX3NpZ25hbF90aHJfMjAyNjA4MTVfMDkzOC5qc29uKSBb5aSHUVEt6Ieq5L+dXQ==?=
[2026-08-15 10:59:35]  发现表格，共 8 行数据
[2026-08-15 10:59:35]  动态索引映射: ['股票代码', '股票名称', '信号', '当前价格', '量比', '来源过滤']
[2026-08-15 10:59:35]  [行1] 解析成功: SHSE.688019 [安集科技] BUY @ 248.2 (VR:nan)
[2026-08-15 10:59:35]  [行2] 解析成功: SHSE.688261 [东微半导] BUY @ 71.35 (VR:nan)
[2026-08-15 10:59:35]  [行3] 解析成功: SZSE.300821 [东岳硅材] BUY @ 17.03 (VR:nan)
[2026-08-15 10:59:35]  [行4] 解析成功: SZSE.300236 [上海新阳] BUY @ 93.95 (VR:nan)
[2026-08-15 10:59:35]  [行5] 解析成功: SHSE.688019 [安集科技] BUY @ 248.2 (VR:nan)
[2026-08-15 10:59:35]  [行6] 解析成功: SHSE.688261 [东微半导] BUY @ 71.35 (VR:nan)
[2026-08-15 10:59:35]  [行7] 解析成功: SZSE.300821 [东岳硅材] BUY @ 17.03 (VR:nan)
[2026-08-15 10:59:35]  [行8] 解析成功: SZSE.300236 [上海新阳] BUY @ 93.95 (VR:nan)
[2026-08-15 10:59:35] 成功保存 8 条因子至: signal_batch_20260815_105935_145886.txt
[2026-08-15 10:59:35]  QQ-备用 邮件 4020 处理完成
[2026-08-15 10:59:35]  QQ-备用 正在解析因子: =?utf-8?b?QWxwaGFQaWxvdCDlpIfku73kv6Hlj7cgKGFscGhhX3NpZ25hbF90aHJfMjAyNjA4MTVfMDk0MC5qc29uKSBb5aSHUVEt6Ieq5L+dXQ==?=
[2026-08-15 10:59:35]  发现表格，共 12 行数据
[2026-08-15 10:59:35]  动态索引映射: ['股票代码', '股票名称', '信号', '当前价格', '量比', '来源过滤']
[2026-08-15 10:59:35]  [行1] 解析成功: SHSE.688216 [气派科技] BUY @ 31.29 (VR:nan)
[2026-08-15 10:59:35]  [行2] 解析成功: SHSE.688721 [龙图光罩] BUY @ 41.37 (VR:nan)
[2026-08-15 10:59:35]  [行3] 解析成功: SHSE.688249 [晶合集成] BUY @ 40.09 (VR:nan)
[2026-08-15 10:59:35]  [行4] 解析成功: SHSE.688138 [清溢光电] BUY @ 34.21 (VR:nan)
[2026-08-15 10:59:35]  [行5] 解析成功: SZSE.301392 [汇成真空] BUY @ 169.0 (VR:nan)
[2026-08-15 10:59:35]  [行6] 解析成功: SZSE.300088 [长信科技] BUY @ 7.58 (VR:nan)
[2026-08-15 10:59:35]  [行7] 解析成功: SHSE.688216 [气派科技] BUY @ 31.29 (VR:nan)
[2026-08-15 10:59:35]  [行8] 解析成功: SHSE.688721 [龙图光罩] BUY @ 41.37 (VR:nan)
[2026-08-15 10:59:35]  [行9] 解析成功: SHSE.688249 [晶合集成] BUY @ 40.09 (VR:nan)
[2026-08-15 10:59:35]  [行10] 解析成功: SHSE.688138 [清溢光电] BUY @ 34.21 (VR:nan)
[2026-08-15 10:59:35]  [行11] 解析成功: SZSE.301392 [汇成真空] BUY @ 169.0 (VR:nan)
[2026-08-15 10:59:35]  [行12] 解析成功: SZSE.300088 [长信科技] BUY @ 7.58 (VR:nan)
[2026-08-15 10:59:35] 成功保存 12 条因子至: signal_batch_20260815_105935_412246.txt
[2026-08-15 10:59:35]  QQ-备用 邮件 4021 处理完成
[2026-08-15 10:59:35]  QQ-备用 正在解析因子: =?utf-8?b?QWxwaGFQaWxvdCDlpIfku73kv6Hlj7cgKGFscGhhX3NpZ25hbF90aHJfMjAyNjA4MTVfMDk0MS5qc29uKSBb5aSHUVEt6Ieq5L+dXQ==?=
[2026-08-15 10:59:35]  发现表格，共 12 行数据
[2026-08-15 10:59:35]  动态索引映射: ['股票代码', '股票名称', '信号', '当前价格', '量比', '来源过滤']
[2026-08-15 10:59:35]  [行1] 解析成功: SHSE.688216 [气派科技] BUY @ 31.29 (VR:nan)
[2026-08-15 10:59:35]  [行2] 解析成功: SHSE.688721 [龙图光罩] BUY @ 41.37 (VR:nan)
[2026-08-15 10:59:35]  [行3] 解析成功: SHSE.688249 [晶合集成] BUY @ 40.09 (VR:nan)
[2026-08-15 10:59:35]  [行4] 解析成功: SHSE.688138 [清溢光电] BUY @ 34.21 (VR:nan)
[2026-08-15 10:59:35]  [行5] 解析成功: SZSE.301392 [汇成真空] BUY @ 169.0 (VR:nan)
[2026-08-15 10:59:35]  [行6] 解析成功: SZSE.300088 [长信科技] BUY @ 7.58 (VR:nan)
[2026-08-15 10:59:35]  [行7] 解析成功: SHSE.688216 [气派科技] BUY @ 31.29 (VR:nan)
[2026-08-15 10:59:35]  [行8] 解析成功: SHSE.688721 [龙图光罩] BUY @ 41.37 (VR:nan)
[2026-08-15 10:59:35]  [行9] 解析成功: SHSE.688249 [晶合集成] BUY @ 40.09 (VR:nan)
[2026-08-15 10:59:35]  [行10] 解析成功: SHSE.688138 [清溢光电] BUY @ 34.21 (VR:nan)
[2026-08-15 10:59:35]  [行11] 解析成功: SZSE.301392 [汇成真空] BUY @ 169.0 (VR:nan)
[2026-08-15 10:59:35]  [行12] 解析成功: SZSE.300088 [长信科技] BUY @ 7.58 (VR:nan)
[2026-08-15 10:59:35] 本批信号内容已存在（哈希重复），跳过保存（防双邮箱重复）
[2026-08-15 10:59:35]  QQ-备用 邮件 4022 保存因子失败
[2026-08-15 10:59:35]  QQ-备用 正在解析因子: =?utf-8?b?QWxwaGFQaWxvdCDlpIfku73kv6Hlj7cgKGFscGhhX3NpZ25hbF90aHJfMjAyNjA4MTVfMDk0My5qc29uKSBb5aSHUVEt6Ieq5L+dXQ==?=
[2026-08-15 10:59:35]  发现表格，共 10 行数据
[2026-08-15 10:59:35]  动态索引映射: ['股票代码', '股票名称', '信号', '当前价格', '量比', '来源过滤']
[2026-08-15 10:59:35]  [行1] 解析成功: SHSE.688110 [东芯股份] BUY @ 117.09 (VR:nan)
[2026-08-15 10:59:35]  [行2] 解析成功: SHSE.688665 [四方光电] SELL @ 45.86 (VR:nan)
[2026-08-15 10:59:35]  [行3] 解析成功: SHSE.688227 [品高股份] SELL @ 82.01 (VR:nan)
[2026-08-15 10:59:35]  [行4] 解析成功: SZSE.300852 [四会富仕] BUY @ 45.4 (VR:nan)
[2026-08-15 10:59:35]  [行5] 解析成功: SZSE.301045 [天禄科技] BUY @ 69.4 (VR:nan)
[2026-08-15 10:59:35]  [行6] 解析成功: SHSE.688110 [东芯股份] BUY @ 117.09 (VR:nan)
[2026-08-15 10:59:35]  [行7] 解析成功: SHSE.688665 [四方光电] SELL @ 45.86 (VR:nan)
[2026-08-15 10:59:35]  [行8] 解析成功: SHSE.688227 [品高股份] SELL @ 82.01 (VR:nan)
[2026-08-15 10:59:35]  [行9] 解析成功: SZSE.300852 [四会富仕] BUY @ 45.4 (VR:nan)
[2026-08-15 10:59:35]  [行10] 解析成功: SZSE.301045 [天禄科技] BUY @ 69.4 (VR:nan)
[2026-08-15 10:59:35] 成功保存 10 条因子至: signal_batch_20260815_105935_963491.txt
[2026-08-15 10:59:36]  QQ-备用 邮件 4023 处理完成
[2026-08-15 10:59:36]  QQ-备用 正在解析因子: =?utf-8?b?QWxwaGFQaWxvdCDlpIfku73kv6Hlj7cgKGFscGhhX3NpZ25hbF90aHJfMjAyNjA4MTVfMDk0NC5qc29uKSBb5aSHUVEt6Ieq5L+dXQ==?=
[2026-08-15 10:59:36]  发现表格，共 10 行数据
[2026-08-15 10:59:36]  动态索引映射: ['股票代码', '股票名称', '信号', '当前价格', '量比', '来源过滤']
[2026-08-15 10:59:36]  [行1] 解析成功: SHSE.688110 [东芯股份] BUY @ 117.09 (VR:nan)
[2026-08-15 10:59:36]  [行2] 解析成功: SHSE.688665 [四方光电] SELL @ 45.86 (VR:nan)
[2026-08-15 10:59:36]  [行3] 解析成功: SHSE.688227 [品高股份] SELL @ 82.01 (VR:nan)
[2026-08-15 10:59:36]  [行4] 解析成功: SZSE.300852 [四会富仕] BUY @ 45.4 (VR:nan)
[2026-08-15 10:59:36]  [行5] 解析成功: SZSE.301045 [天禄科技] BUY @ 69.4 (VR:nan)
[2026-08-15 10:59:36]  [行6] 解析成功: SHSE.688110 [东芯股份] BUY @ 117.09 (VR:nan)
[2026-08-15 10:59:36]  [行7] 解析成功: SHSE.688665 [四方光电] SELL @ 45.86 (VR:nan)
[2026-08-15 10:59:36]  [行8] 解析成功: SHSE.688227 [品高股份] SELL @ 82.01 (VR:nan)
[2026-08-15 10:59:36]  [行9] 解析成功: SZSE.300852 [四会富仕] BUY @ 45.4 (VR:nan)
[2026-08-15 10:59:36]  [行10] 解析成功: SZSE.301045 [天禄科技] BUY @ 69.4 (VR:nan)
[2026-08-15 10:59:36] 成功保存 10 条因子至: signal_batch_20260815_105936_218031.txt
[2026-08-15 10:59:36]  QQ-备用 邮件 4024 处理完成
[2026-08-15 10:59:36]  QQ-备用 正在解析因子: =?utf-8?b?QWxwaGFQaWxvdCDlpIfku73kv6Hlj7cgKGFscGhhX3NpZ25hbF90aHJfMjAyNjA4MTVfMDk0Ni5qc29uKSBb5aSHUVEt6Ieq5L+dXQ==?=
[2026-08-15 10:59:36]  发现表格，共 4 行数据
[2026-08-15 10:59:36]  动态索引映射: ['股票代码', '股票名称', '信号', '当前价格', '量比', '来源过滤']
[2026-08-15 10:59:36]  [行1] 解析成功: SZSE.300346 [南大光电] BUY @ 58.71 (VR:nan)
[2026-08-15 10:59:36]  [行2] 解析成功: SZSE.300868 [杰美特] BUY @ 92.13 (VR:nan)
[2026-08-15 10:59:36]  [行3] 解析成功: SZSE.300346 [南大光电] BUY @ 58.71 (VR:nan)
[2026-08-15 10:59:36]  [行4] 解析成功: SZSE.300868 [杰美特] BUY @ 92.13 (VR:nan)
[2026-08-15 10:59:36] 成功保存 4 条因子至: signal_batch_20260815_105936_468905.txt
[2026-08-15 10:59:36]  QQ-备用 邮件 4025 处理完成
[2026-08-15 10:59:36]  QQ-备用 正在解析因子: =?utf-8?b?QWxwaGFQaWxvdCDlpIfku73kv6Hlj7cgKGFscGhhX3NpZ25hbF90aHJfMjAyNjA4MTVfMDk0Ny5qc29uKSBb5aSHUVEt6Ieq5L+dXQ==?=
[2026-08-15 10:59:36]  发现表格，共 4 行数据
[2026-08-15 10:59:36]  动态索引映射: ['股票代码', '股票名称', '信号', '当前价格', '量比', '来源过滤']
[2026-08-15 10:59:36]  [行1] 解析成功: SZSE.300346 [南大光电] BUY @ 58.71 (VR:nan)
[2026-08-15 10:59:36]  [行2] 解析成功: SZSE.300868 [杰美特] BUY @ 92.13 (VR:nan)
[2026-08-15 10:59:36]  [行3] 解析成功: SZSE.300346 [南大光电] BUY @ 58.71 (VR:nan)
[2026-08-15 10:59:36]  [行4] 解析成功: SZSE.300868 [杰美特] BUY @ 92.13 (VR:nan)
[2026-08-15 10:59:36] 本批信号内容已存在（哈希重复），跳过保存（防双邮箱重复）
[2026-08-15 10:59:36]  QQ-备用 邮件 4026 保存因子失败
[2026-08-15 10:59:36]  QQ-备用 正在解析因子: =?utf-8?b?QWxwaGFQaWxvdCDlpIfku73kv6Hlj7cgKGFscGhhX3NpZ25hbF90aHJfMjAyNjA4MTVfMDk1MC5qc29uKSBb5aSHUVEt6Ieq5L+dXQ==?=
[2026-08-15 10:59:36]  发现表格，共 14 行数据
[2026-08-15 10:59:36]  动态索引映射: ['股票代码', '股票名称', '信号', '当前价格', '量比', '来源过滤']
[2026-08-15 10:59:36]  [行1] 解析成功: SHSE.600259 [中稀有色] SELL @ 92.2 (VR:nan)
[2026-08-15 10:59:36]  [行2] 解析成功: SHSE.600460 [士兰微] BUY @ 32.75 (VR:nan)
[2026-08-15 10:59:36]  [行3] 解析成功: SZSE.002552 [宝鼎科技] BUY @ 60.65 (VR:nan)
[2026-08-15 10:59:36]  [行4] 解析成功: SZSE.002643 [万润股份] SELL @ 14.27 (VR:nan)
[2026-08-15 10:59:36]  [行5] 解析成功: SZSE.000920 [沃顿科技] BUY @ 11.74 (VR:nan)
[2026-08-15 10:59:36]  [行6] 解析成功: SZSE.000823 [超声电子] BUY @ 15.3 (VR:nan)
[2026-08-15 10:59:36]  [行7] 解析成功: SZSE.301070 [开勒股份] BUY @ 67.24 (VR:nan)
[2026-08-15 10:59:36]  [行8] 解析成功: SHSE.600259 [中稀有色] SELL @ 92.2 (VR:nan)
[2026-08-15 10:59:36]  [行9] 解析成功: SHSE.600460 [士兰微] BUY @ 32.75 (VR:nan)
[2026-08-15 10:59:36]  [行10] 解析成功: SZSE.002552 [宝鼎科技] BUY @ 60.65 (VR:nan)
[2026-08-15 10:59:36]  [行11] 解析成功: SZSE.002643 [万润股份] SELL @ 14.27 (VR:nan)
[2026-08-15 10:59:36]  [行12] 解析成功: SZSE.000920 [沃顿科技] BUY @ 11.74 (VR:nan)
[2026-08-15 10:59:36]  [行13] 解析成功: SZSE.000823 [超声电子] BUY @ 15.3 (VR:nan)
[2026-08-15 10:59:36]  [行14] 解析成功: SZSE.301070 [开勒股份] BUY @ 67.24 (VR:nan)
[2026-08-15 10:59:36] 成功保存 14 条因子至: signal_batch_20260815_105936_847353.txt
[2026-08-15 10:59:36]  QQ-备用 邮件 4027 处理完成
[2026-08-15 10:59:37]  QQ-备用 正在解析因子: =?utf-8?b?QWxwaGFQaWxvdCDlpIfku73kv6Hlj7cgKGFscGhhX3NpZ25hbF90aHJfMjAyNjA4MTVfMDk1MS5qc29uKSBb5aSHUVEt6Ieq5L+dXQ==?=
[2026-08-15 10:59:37]  发现表格，共 14 行数据
[2026-08-15 10:59:37]  动态索引映射: ['股票代码', '股票名称', '信号', '当前价格', '量比', '来源过滤']
[2026-08-15 10:59:37]  [行1] 解析成功: SHSE.600259 [中稀有色] SELL @ 92.2 (VR:nan)
[2026-08-15 10:59:37]  [行2] 解析成功: SHSE.600460 [士兰微] BUY @ 32.75 (VR:nan)
[2026-08-15 10:59:37]  [行3] 解析成功: SZSE.002552 [宝鼎科技] BUY @ 60.65 (VR:nan)
[2026-08-15 10:59:37]  [行4] 解析成功: SZSE.002643 [万润股份] SELL @ 14.27 (VR:nan)
[2026-08-15 10:59:37]  [行5] 解析成功: SZSE.000920 [沃顿科技] BUY @ 11.74 (VR:nan)
[2026-08-15 10:59:37]  [行6] 解析成功: SZSE.000823 [超声电子] BUY @ 15.3 (VR:nan)
[2026-08-15 10:59:37]  [行7] 解析成功: SZSE.301070 [开勒股份] BUY @ 67.24 (VR:nan)
[2026-08-15 10:59:37]  [行8] 解析成功: SHSE.600259 [中稀有色] SELL @ 92.2 (VR:nan)
[2026-08-15 10:59:37]  [行9] 解析成功: SHSE.600460 [士兰微] BUY @ 32.75 (VR:nan)
[2026-08-15 10:59:37]  [行10] 解析成功: SZSE.002552 [宝鼎科技] BUY @ 60.65 (VR:nan)
[2026-08-15 10:59:37]  [行11] 解析成功: SZSE.002643 [万润股份] SELL @ 14.27 (VR:nan)
[2026-08-15 10:59:37]  [行12] 解析成功: SZSE.000920 [沃顿科技] BUY @ 11.74 (VR:nan)
[2026-08-15 10:59:37]  [行13] 解析成功: SZSE.000823 [超声电子] BUY @ 15.3 (VR:nan)
[2026-08-15 10:59:37]  [行14] 解析成功: SZSE.301070 [开勒股份] BUY @ 67.24 (VR:nan)
[2026-08-15 10:59:37] 成功保存 14 条因子至: signal_batch_20260815_105937_113253.txt
[2026-08-15 10:59:37]  QQ-备用 邮件 4028 处理完成
[2026-08-15 10:59:37]  QQ-备用 正在解析因子: =?utf-8?b?QWxwaGFQaWxvdCDlpIfku73kv6Hlj7cgKGFscGhhX3NpZ25hbF90aHJfMjAyNjA4MTVfMDk1My5qc29uKSBb5aSHUVEt6Ieq5L+dXQ==?=
[2026-08-15 10:59:37]  发现表格，共 8 行数据
[2026-08-15 10:59:37]  动态索引映射: ['股票代码', '股票名称', '信号', '当前价格', '量比', '来源过滤']
[2026-08-15 10:59:37]  [行1] 解析成功: SHSE.688019 [安集科技] BUY @ 248.2 (VR:nan)
[2026-08-15 10:59:37]  [行2] 解析成功: SHSE.688261 [东微半导] BUY @ 71.35 (VR:nan)
[2026-08-15 10:59:37]  [行3] 解析成功: SZSE.300821 [东岳硅材] BUY @ 17.03 (VR:nan)
[2026-08-15 10:59:37]  [行4] 解析成功: SZSE.300236 [上海新阳] BUY @ 93.95 (VR:nan)
[2026-08-15 10:59:37]  [行5] 解析成功: SHSE.688019 [安集科技] BUY @ 248.2 (VR:nan)
[2026-08-15 10:59:37]  [行6] 解析成功: SHSE.688261 [东微半导] BUY @ 71.35 (VR:nan)
[2026-08-15 10:59:37]  [行7] 解析成功: SZSE.300821 [东岳硅材] BUY @ 17.03 (VR:nan)
[2026-08-15 10:59:37]  [行8] 解析成功: SZSE.300236 [上海新阳] BUY @ 93.95 (VR:nan)
[2026-08-15 10:59:37] 成功保存 8 条因子至: signal_batch_20260815_105937_365969.txt
[2026-08-15 10:59:37]  QQ-备用 邮件 4029 处理完成
[2026-08-15 10:59:37]  QQ-备用 正在解析因子: =?utf-8?b?QWxwaGFQaWxvdCDlpIfku73kv6Hlj7cgKGFscGhhX3NpZ25hbF90aHJfMjAyNjA4MTVfMDk1NC5qc29uKSBb5aSHUVEt6Ieq5L+dXQ==?=
[2026-08-15 10:59:37]  发现表格，共 8 行数据
[2026-08-15 10:59:37]  动态索引映射: ['股票代码', '股票名称', '信号', '当前价格', '量比', '来源过滤']
[2026-08-15 10:59:37]  [行1] 解析成功: SHSE.688019 [安集科技] BUY @ 248.2 (VR:nan)
[2026-08-15 10:59:37]  [行2] 解析成功: SHSE.688261 [东微半导] BUY @ 71.35 (VR:nan)
[2026-08-15 10:59:37]  [行3] 解析成功: SZSE.300821 [东岳硅材] BUY @ 17.03 (VR:nan)
[2026-08-15 10:59:37]  [行4] 解析成功: SZSE.300236 [上海新阳] BUY @ 93.95 (VR:nan)
[2026-08-15 10:59:37]  [行5] 解析成功: SHSE.688019 [安集科技] BUY @ 248.2 (VR:nan)
[2026-08-15 10:59:37]  [行6] 解析成功: SHSE.688261 [东微半导] BUY @ 71.35 (VR:nan)
[2026-08-15 10:59:37]  [行7] 解析成功: SZSE.300821 [东岳硅材] BUY @ 17.03 (VR:nan)
[2026-08-15 10:59:37]  [行8] 解析成功: SZSE.300236 [上海新阳] BUY @ 93.95 (VR:nan)
[2026-08-15 10:59:37] 本批信号内容已存在（哈希重复），跳过保存（防双邮箱重复）
[2026-08-15 10:59:37]  QQ-备用 邮件 4030 保存因子失败
[2026-08-15 10:59:37]  QQ-备用 正在解析因子: =?utf-8?b?QWxwaGFQaWxvdCDlpIfku73kv6Hlj7cgKGFscGhhX3NpZ25hbF90aHJfMjAyNjA4MTVfMDk1Ni5qc29uKSBb5aSHUVEt6Ieq5L+dXQ==?=
[2026-08-15 10:59:37]  发现表格，共 12 行数据
[2026-08-15 10:59:37]  动态索引映射: ['股票代码', '股票名称', '信号', '当前价格', '量比', '来源过滤']
[2026-08-15 10:59:37]  [行1] 解析成功: SHSE.688216 [气派科技] BUY @ 31.29 (VR:nan)
[2026-08-15 10:59:37]  [行2] 解析成功: SHSE.688721 [龙图光罩] BUY @ 41.37 (VR:nan)
[2026-08-15 10:59:37]  [行3] 解析成功: SHSE.688249 [晶合集成] BUY @ 40.09 (VR:nan)
[2026-08-15 10:59:37]  [行4] 解析成功: SHSE.688138 [清溢光电] BUY @ 34.21 (VR:nan)
[2026-08-15 10:59:37]  [行5] 解析成功: SZSE.301392 [汇成真空] BUY @ 169.0 (VR:nan)
[2026-08-15 10:59:37]  [行6] 解析成功: SZSE.300088 [长信科技] BUY @ 7.58 (VR:nan)
[2026-08-15 10:59:37]  [行7] 解析成功: SHSE.688216 [气派科技] BUY @ 31.29 (VR:nan)
[2026-08-15 10:59:37]  [行8] 解析成功: SHSE.688721 [龙图光罩] BUY @ 41.37 (VR:nan)
[2026-08-15 10:59:37]  [行9] 解析成功: SHSE.688249 [晶合集成] BUY @ 40.09 (VR:nan)
[2026-08-15 10:59:37]  [行10] 解析成功: SHSE.688138 [清溢光电] BUY @ 34.21 (VR:nan)
[2026-08-15 10:59:37]  [行11] 解析成功: SZSE.301392 [汇成真空] BUY @ 169.0 (VR:nan)
[2026-08-15 10:59:37]  [行12] 解析成功: SZSE.300088 [长信科技] BUY @ 7.58 (VR:nan)
[2026-08-15 10:59:37] 成功保存 12 条因子至: signal_batch_20260815_105937_744108.txt
[2026-08-15 10:59:37]  QQ-备用 邮件 4031 处理完成
[2026-08-15 10:59:37]  QQ-备用 正在解析因子: =?utf-8?b?QWxwaGFQaWxvdCDlpIfku73kv6Hlj7cgKGFscGhhX3NpZ25hbF90aHJfMjAyNjA4MTVfMDk1Ny5qc29uKSBb5aSHUVEt6Ieq5L+dXQ==?=
[2026-08-15 10:59:37]  发现表格，共 12 行数据
[2026-08-15 10:59:37]  动态索引映射: ['股票代码', '股票名称', '信号', '当前价格', '量比', '来源过滤']
[2026-08-15 10:59:37]  [行1] 解析成功: SHSE.688216 [气派科技] BUY @ 31.29 (VR:nan)
[2026-08-15 10:59:37]  [行2] 解析成功: SHSE.688721 [龙图光罩] BUY @ 41.37 (VR:nan)
[2026-08-15 10:59:37]  [行3] 解析成功: SHSE.688249 [晶合集成] BUY @ 40.09 (VR:nan)
[2026-08-15 10:59:37]  [行4] 解析成功: SHSE.688138 [清溢光电] BUY @ 34.21 (VR:nan)
[2026-08-15 10:59:37]  [行5] 解析成功: SZSE.301392 [汇成真空] BUY @ 169.0 (VR:nan)
[2026-08-15 10:59:37]  [行6] 解析成功: SZSE.300088 [长信科技] BUY @ 7.58 (VR:nan)
[2026-08-15 10:59:37]  [行7] 解析成功: SHSE.688216 [气派科技] BUY @ 31.29 (VR:nan)
[2026-08-15 10:59:37]  [行8] 解析成功: SHSE.688721 [龙图光罩] BUY @ 41.37 (VR:nan)
[2026-08-15 10:59:37]  [行9] 解析成功: SHSE.688249 [晶合集成] BUY @ 40.09 (VR:nan)
[2026-08-15 10:59:37]  [行10] 解析成功: SHSE.688138 [清溢光电] BUY @ 34.21 (VR:nan)
[2026-08-15 10:59:37]  [行11] 解析成功: SZSE.301392 [汇成真空] BUY @ 169.0 (VR:nan)
[2026-08-15 10:59:37]  [行12] 解析成功: SZSE.300088 [长信科技] BUY @ 7.58 (VR:nan)
[2026-08-15 10:59:38] 本批信号内容已存在（哈希重复），跳过保存（防双邮箱重复）
[2026-08-15 10:59:38]  QQ-备用 邮件 4032 保存因子失败
[2026-08-15 10:59:38]  QQ-备用 正在解析因子: =?utf-8?b?QWxwaGFQaWxvdCDlpIfku73kv6Hlj7cgKGFscGhhX3NpZ25hbF90aHJfMjAyNjA4MTVfMDk1OS5qc29uKSBb5aSHUVEt6Ieq5L+dXQ==?=
[2026-08-15 10:59:38]  发现表格，共 10 行数据
[2026-08-15 10:59:38]  动态索引映射: ['股票代码', '股票名称', '信号', '当前价格', '量比', '来源过滤']
[2026-08-15 10:59:38]  [行1] 解析成功: SHSE.688110 [东芯股份] BUY @ 117.09 (VR:nan)
[2026-08-15 10:59:38]  [行2] 解析成功: SHSE.688665 [四方光电] SELL @ 45.86 (VR:nan)
[2026-08-15 10:59:38]  [行3] 解析成功: SHSE.688227 [品高股份] SELL @ 82.01 (VR:nan)
[2026-08-15 10:59:38]  [行4] 解析成功: SZSE.300852 [四会富仕] BUY @ 45.4 (VR:nan)
[2026-08-15 10:59:38]  [行5] 解析成功: SZSE.301045 [天禄科技] BUY @ 69.4 (VR:nan)
[2026-08-15 10:59:38]  [行6] 解析成功: SHSE.688110 [东芯股份] BUY @ 117.09 (VR:nan)
[2026-08-15 10:59:38]  [行7] 解析成功: SHSE.688665 [四方光电] SELL @ 45.86 (VR:nan)
[2026-08-15 10:59:38]  [行8] 解析成功: SHSE.688227 [品高股份] SELL @ 82.01 (VR:nan)
[2026-08-15 10:59:38]  [行9] 解析成功: SZSE.300852 [四会富仕] BUY @ 45.4 (VR:nan)
[2026-08-15 10:59:38]  [行10] 解析成功: SZSE.301045 [天禄科技] BUY @ 69.4 (VR:nan)
[2026-08-15 10:59:38] 成功保存 10 条因子至: signal_batch_20260815_105938_097516.txt
[2026-08-15 10:59:38]  QQ-备用 邮件 4033 处理完成
[2026-08-15 10:59:38]  QQ-备用 正在解析因子: =?utf-8?b?QWxwaGFQaWxvdCDlpIfku73kv6Hlj7cgKGFscGhhX3NpZ25hbF90aHJfMjAyNjA4MTVfMTAwMC5qc29uKSBb5aSHUVEt6Ieq5L+dXQ==?=
[2026-08-15 10:59:38]  发现表格，共 10 行数据
[2026-08-15 10:59:38]  动态索引映射: ['股票代码', '股票名称', '信号', '当前价格', '量比', '来源过滤']
[2026-08-15 10:59:38]  [行1] 解析成功: SHSE.688110 [东芯股份] BUY @ 117.09 (VR:nan)
[2026-08-15 10:59:38]  [行2] 解析成功: SHSE.688665 [四方光电] SELL @ 45.86 (VR:nan)
[2026-08-15 10:59:38]  [行3] 解析成功: SHSE.688227 [品高股份] SELL @ 82.01 (VR:nan)
[2026-08-15 10:59:38]  [行4] 解析成功: SZSE.300852 [四会富仕] BUY @ 45.4 (VR:nan)
[2026-08-15 10:59:38]  [行5] 解析成功: SZSE.301045 [天禄科技] BUY @ 69.4 (VR:nan)
[2026-08-15 10:59:38]  [行6] 解析成功: SHSE.688110 [东芯股份] BUY @ 117.09 (VR:nan)
[2026-08-15 10:59:38]  [行7] 解析成功: SHSE.688665 [四方光电] SELL @ 45.86 (VR:nan)
[2026-08-15 10:59:38]  [行8] 解析成功: SHSE.688227 [品高股份] SELL @ 82.01 (VR:nan)
[2026-08-15 10:59:38]  [行9] 解析成功: SZSE.300852 [四会富仕] BUY @ 45.4 (VR:nan)
[2026-08-15 10:59:38]  [行10] 解析成功: SZSE.301045 [天禄科技] BUY @ 69.4 (VR:nan)
[2026-08-15 10:59:38] 本批信号内容已存在（哈希重复），跳过保存（防双邮箱重复）
[2026-08-15 10:59:38]  QQ-备用 邮件 4034 保存因子失败
[2026-08-15 10:59:38]  QQ-备用 正在解析因子: =?utf-8?b?QWxwaGFQaWxvdCDlpIfku73kv6Hlj7cgKGFscGhhX3NpZ25hbF90aHJfMjAyNjA4MTVfMTAwMi5qc29uKSBb5aSHUVEt6Ieq5L+dXQ==?=
[2026-08-15 10:59:38]  发现表格，共 4 行数据
[2026-08-15 10:59:38]  动态索引映射: ['股票代码', '股票名称', '信号', '当前价格', '量比', '来源过滤']
[2026-08-15 10:59:38]  [行1] 解析成功: SZSE.300346 [南大光电] BUY @ 58.71 (VR:nan)
[2026-08-15 10:59:38]  [行2] 解析成功: SZSE.300868 [杰美特] BUY @ 92.13 (VR:nan)
[2026-08-15 10:59:38]  [行3] 解析成功: SZSE.300346 [南大光电] BUY @ 58.71 (VR:nan)
[2026-08-15 10:59:38]  [行4] 解析成功: SZSE.300868 [杰美特] BUY @ 92.13 (VR:nan)
[2026-08-15 10:59:38] 成功保存 4 条因子至: signal_batch_20260815_105938_462741.txt
[2026-08-15 10:59:38]  QQ-备用 邮件 4035 处理完成
[2026-08-15 10:59:38]  QQ-备用 正在解析因子: =?utf-8?b?QWxwaGFQaWxvdCDlpIfku73kv6Hlj7cgKGFscGhhX3NpZ25hbF90aHJfMjAyNjA4MTVfMTAwMy5qc29uKSBb5aSHUVEt6Ieq5L+dXQ==?=
[2026-08-15 10:59:38]  发现表格，共 4 行数据
[2026-08-15 10:59:38]  动态索引映射: ['股票代码', '股票名称', '信号', '当前价格', '量比', '来源过滤']
[2026-08-15 10:59:38]  [行1] 解析成功: SZSE.300346 [南大光电] BUY @ 58.71 (VR:nan)
[2026-08-15 10:59:38]  [行2] 解析成功: SZSE.300868 [杰美特] BUY @ 92.13 (VR:nan)
[2026-08-15 10:59:38]  [行3] 解析成功: SZSE.300346 [南大光电] BUY @ 58.71 (VR:nan)
[2026-08-15 10:59:38]  [行4] 解析成功: SZSE.300868 [杰美特] BUY @ 92.13 (VR:nan)
[2026-08-15 10:59:38] 本批信号内容已存在（哈希重复），跳过保存（防双邮箱重复）
[2026-08-15 10:59:38]  QQ-备用 邮件 4036 保存因子失败
[2026-08-15 10:59:38]  QQ-备用 正在解析因子: =?utf-8?b?QWxwaGFQaWxvdCDlpIfku73kv6Hlj7cgKGFscGhhX3NpZ25hbF90aHJfMjAyNjA4MTVfMTAwNi5qc29uKSBb5aSHUVEt6Ieq5L+dXQ==?=
[2026-08-15 10:59:38]  发现表格，共 14 行数据
[2026-08-15 10:59:38]  动态索引映射: ['股票代码', '股票名称', '信号', '当前价格', '量比', '来源过滤']
[2026-08-15 10:59:38]  [行1] 解析成功: SHSE.600259 [中稀有色] SELL @ 92.2 (VR:nan)
[2026-08-15 10:59:38]  [行2] 解析成功: SHSE.600460 [士兰微] BUY @ 32.75 (VR:nan)
[2026-08-15 10:59:38]  [行3] 解析成功: SZSE.002552 [宝鼎科技] BUY @ 60.65 (VR:nan)
[2026-08-15 10:59:38]  [行4] 解析成功: SZSE.002643 [万润股份] SELL @ 14.27 (VR:nan)
[2026-08-15 10:59:38]  [行5] 解析成功: SZSE.000920 [沃顿科技] BUY @ 11.74 (VR:nan)
[2026-08-15 10:59:38]  [行6] 解析成功: SZSE.000823 [超声电子] BUY @ 15.3 (VR:nan)
[2026-08-15 10:59:38]  [行7] 解析成功: SZSE.301070 [开勒股份] BUY @ 67.24 (VR:nan)
[2026-08-15 10:59:38]  [行8] 解析成功: SHSE.600259 [中稀有色] SELL @ 92.2 (VR:nan)
[2026-08-15 10:59:38]  [行9] 解析成功: SHSE.600460 [士兰微] BUY @ 32.75 (VR:nan)
[2026-08-15 10:59:38]  [行10] 解析成功: SZSE.002552 [宝鼎科技] BUY @ 60.65 (VR:nan)
[2026-08-15 10:59:38]  [行11] 解析成功: SZSE.002643 [万润股份] SELL @ 14.27 (VR:nan)
[2026-08-15 10:59:38]  [行12] 解析成功: SZSE.000920 [沃顿科技] BUY @ 11.74 (VR:nan)
[2026-08-15 10:59:38]  [行13] 解析成功: SZSE.000823 [超声电子] BUY @ 15.3 (VR:nan)
[2026-08-15 10:59:38]  [行14] 解析成功: SZSE.301070 [开勒股份] BUY @ 67.24 (VR:nan)
[2026-08-15 10:59:38] 成功保存 14 条因子至: signal_batch_20260815_105938_823866.txt
[2026-08-15 10:59:38]  QQ-备用 邮件 4037 处理完成
[2026-08-15 10:59:39]  QQ-备用 正在解析因子: =?utf-8?b?QWxwaGFQaWxvdCDlpIfku73kv6Hlj7cgKGFscGhhX3NpZ25hbF90aHJfMjAyNjA4MTVfMTAwNy5qc29uKSBb5aSHUVEt6Ieq5L+dXQ==?=
[2026-08-15 10:59:39]  发现表格，共 14 行数据
[2026-08-15 10:59:39]  动态索引映射: ['股票代码', '股票名称', '信号', '当前价格', '量比', '来源过滤']
[2026-08-15 10:59:39]  [行1] 解析成功: SHSE.600259 [中稀有色] SELL @ 92.2 (VR:nan)
[2026-08-15 10:59:39]  [行2] 解析成功: SHSE.600460 [士兰微] BUY @ 32.75 (VR:nan)
[2026-08-15 10:59:39]  [行3] 解析成功: SZSE.002552 [宝鼎科技] BUY @ 60.65 (VR:nan)
[2026-08-15 10:59:39]  [行4] 解析成功: SZSE.002643 [万润股份] SELL @ 14.27 (VR:nan)
[2026-08-15 10:59:39]  [行5] 解析成功: SZSE.000920 [沃顿科技] BUY @ 11.74 (VR:nan)
[2026-08-15 10:59:39]  [行6] 解析成功: SZSE.000823 [超声电子] BUY @ 15.3 (VR:nan)
[2026-08-15 10:59:39]  [行7] 解析成功: SZSE.301070 [开勒股份] BUY @ 67.24 (VR:nan)
[2026-08-15 10:59:39]  [行8] 解析成功: SHSE.600259 [中稀有色] SELL @ 92.2 (VR:nan)
[2026-08-15 10:59:39]  [行9] 解析成功: SHSE.600460 [士兰微] BUY @ 32.75 (VR:nan)
[2026-08-15 10:59:39]  [行10] 解析成功: SZSE.002552 [宝鼎科技] BUY @ 60.65 (VR:nan)
[2026-08-15 10:59:39]  [行11] 解析成功: SZSE.002643 [万润股份] SELL @ 14.27 (VR:nan)
[2026-08-15 10:59:39]  [行12] 解析成功: SZSE.000920 [沃顿科技] BUY @ 11.74 (VR:nan)
[2026-08-15 10:59:39]  [行13] 解析成功: SZSE.000823 [超声电子] BUY @ 15.3 (VR:nan)
[2026-08-15 10:59:39]  [行14] 解析成功: SZSE.301070 [开勒股份] BUY @ 67.24 (VR:nan)
[2026-08-15 10:59:39] 成功保存 14 条因子至: signal_batch_20260815_105939_085270.txt
[2026-08-15 10:59:39]  QQ-备用 邮件 4038 处理完成
[2026-08-15 10:59:39]  QQ-备用 正在解析因子: =?utf-8?b?QWxwaGFQaWxvdCDlpIfku73kv6Hlj7cgKGFscGhhX3NpZ25hbF90aHJfMjAyNjA4MTVfMTAwOS5qc29uKSBb5aSHUVEt6Ieq5L+dXQ==?=
[2026-08-15 10:59:39]  发现表格，共 8 行数据
[2026-08-15 10:59:39]  动态索引映射: ['股票代码', '股票名称', '信号', '当前价格', '量比', '来源过滤']
[2026-08-15 10:59:39]  [行1] 解析成功: SHSE.688019 [安集科技] BUY @ 248.2 (VR:nan)
[2026-08-15 10:59:39]  [行2] 解析成功: SHSE.688261 [东微半导] BUY @ 71.35 (VR:nan)
[2026-08-15 10:59:39]  [行3] 解析成功: SZSE.300821 [东岳硅材] BUY @ 17.03 (VR:nan)
[2026-08-15 10:59:39]  [行4] 解析成功: SZSE.300236 [上海新阳] BUY @ 93.95 (VR:nan)
[2026-08-15 10:59:39]  [行5] 解析成功: SHSE.688019 [安集科技] BUY @ 248.2 (VR:nan)
[2026-08-15 10:59:39]  [行6] 解析成功: SHSE.688261 [东微半导] BUY @ 71.35 (VR:nan)
[2026-08-15 10:59:39]  [行7] 解析成功: SZSE.300821 [东岳硅材] BUY @ 17.03 (VR:nan)
[2026-08-15 10:59:39]  [行8] 解析成功: SZSE.300236 [上海新阳] BUY @ 93.95 (VR:nan)
[2026-08-15 10:59:39] 成功保存 8 条因子至: signal_batch_20260815_105939_384118.txt
[2026-08-15 10:59:39]  QQ-备用 邮件 4039 处理完成
[2026-08-15 10:59:39]  QQ-备用 正在解析因子: =?utf-8?b?QWxwaGFQaWxvdCDlpIfku73kv6Hlj7cgKGFscGhhX3NpZ25hbF90aHJfMjAyNjA4MTVfMTAxMC5qc29uKSBb5aSHUVEt6Ieq5L+dXQ==?=
[2026-08-15 10:59:39]  发现表格，共 8 行数据
[2026-08-15 10:59:39]  动态索引映射: ['股票代码', '股票名称', '信号', '当前价格', '量比', '来源过滤']
[2026-08-15 10:59:39]  [行1] 解析成功: SHSE.688019 [安集科技] BUY @ 248.2 (VR:nan)
[2026-08-15 10:59:39]  [行2] 解析成功: SHSE.688261 [东微半导] BUY @ 71.35 (VR:nan)
[2026-08-15 10:59:39]  [行3] 解析成功: SZSE.300821 [东岳硅材] BUY @ 17.03 (VR:nan)
[2026-08-15 10:59:39]  [行4] 解析成功: SZSE.300236 [上海新阳] BUY @ 93.95 (VR:nan)
[2026-08-15 10:59:39]  [行5] 解析成功: SHSE.688019 [安集科技] BUY @ 248.2 (VR:nan)
[2026-08-15 10:59:39]  [行6] 解析成功: SHSE.688261 [东微半导] BUY @ 71.35 (VR:nan)
[2026-08-15 10:59:39]  [行7] 解析成功: SZSE.300821 [东岳硅材] BUY @ 17.03 (VR:nan)
[2026-08-15 10:59:39]  [行8] 解析成功: SZSE.300236 [上海新阳] BUY @ 93.95 (VR:nan)
[2026-08-15 10:59:39] 本批信号内容已存在（哈希重复），跳过保存（防双邮箱重复）
[2026-08-15 10:59:39]  QQ-备用 邮件 4040 保存因子失败
[2026-08-15 10:59:39]  QQ-备用 正在解析因子: =?utf-8?b?QWxwaGFQaWxvdCDlpIfku73kv6Hlj7cgKGFscGhhX3NpZ25hbF90aHJfMjAyNjA4MTVfMTAxMi5qc29uKSBb5aSHUVEt6Ieq5L+dXQ==?=
[2026-08-15 10:59:39]  发现表格，共 12 行数据
[2026-08-15 10:59:39]  动态索引映射: ['股票代码', '股票名称', '信号', '当前价格', '量比', '来源过滤']
[2026-08-15 10:59:39]  [行1] 解析成功: SHSE.688216 [气派科技] BUY @ 31.29 (VR:nan)
[2026-08-15 10:59:39]  [行2] 解析成功: SHSE.688721 [龙图光罩] BUY @ 41.37 (VR:nan)
[2026-08-15 10:59:39]  [行3] 解析成功: SHSE.688249 [晶合集成] BUY @ 40.09 (VR:nan)
[2026-08-15 10:59:39]  [行4] 解析成功: SHSE.688138 [清溢光电] BUY @ 34.21 (VR:nan)
[2026-08-15 10:59:39]  [行5] 解析成功: SZSE.301392 [汇成真空] BUY @ 169.0 (VR:nan)
[2026-08-15 10:59:39]  [行6] 解析成功: SZSE.300088 [长信科技] BUY @ 7.58 (VR:nan)
[2026-08-15 10:59:39]  [行7] 解析成功: SHSE.688216 [气派科技] BUY @ 31.29 (VR:nan)
[2026-08-15 10:59:39]  [行8] 解析成功: SHSE.688721 [龙图光罩] BUY @ 41.37 (VR:nan)
[2026-08-15 10:59:39]  [行9] 解析成功: SHSE.688249 [晶合集成] BUY @ 40.09 (VR:nan)
[2026-08-15 10:59:39]  [行10] 解析成功: SHSE.688138 [清溢光电] BUY @ 34.21 (VR:nan)
[2026-08-15 10:59:39]  [行11] 解析成功: SZSE.301392 [汇成真空] BUY @ 169.0 (VR:nan)
[2026-08-15 10:59:39]  [行12] 解析成功: SZSE.300088 [长信科技] BUY @ 7.58 (VR:nan)
[2026-08-15 10:59:39] 成功保存 12 条因子至: signal_batch_20260815_105939_742919.txt
[2026-08-15 10:59:40]  QQ-备用 邮件 4041 处理完成
[2026-08-15 10:59:40]  QQ-备用 正在解析因子: =?utf-8?b?QWxwaGFQaWxvdCDlpIfku73kv6Hlj7cgKGFscGhhX3NpZ25hbF90aHJfMjAyNjA4MTVfMTAxMy5qc29uKSBb5aSHUVEt6Ieq5L+dXQ==?=
[2026-08-15 10:59:40]  发现表格，共 12 行数据
[2026-08-15 10:59:40]  动态索引映射: ['股票代码', '股票名称', '信号', '当前价格', '量比', '来源过滤']
[2026-08-15 10:59:40]  [行1] 解析成功: SHSE.688216 [气派科技] BUY @ 31.29 (VR:nan)
[2026-08-15 10:59:40]  [行2] 解析成功: SHSE.688721 [龙图光罩] BUY @ 41.37 (VR:nan)
[2026-08-15 10:59:40]  [行3] 解析成功: SHSE.688249 [晶合集成] BUY @ 40.09 (VR:nan)
[2026-08-15 10:59:40]  [行4] 解析成功: SHSE.688138 [清溢光电] BUY @ 34.21 (VR:nan)
[2026-08-15 10:59:40]  [行5] 解析成功: SZSE.301392 [汇成真空] BUY @ 169.0 (VR:nan)
[2026-08-15 10:59:40]  [行6] 解析成功: SZSE.300088 [长信科技] BUY @ 7.58 (VR:nan)
[2026-08-15 10:59:40]  [行7] 解析成功: SHSE.688216 [气派科技] BUY @ 31.29 (VR:nan)
[2026-08-15 10:59:40]  [行8] 解析成功: SHSE.688721 [龙图光罩] BUY @ 41.37 (VR:nan)
[2026-08-15 10:59:40]  [行9] 解析成功: SHSE.688249 [晶合集成] BUY @ 40.09 (VR:nan)
[2026-08-15 10:59:40]  [行10] 解析成功: SHSE.688138 [清溢光电] BUY @ 34.21 (VR:nan)
[2026-08-15 10:59:40]  [行11] 解析成功: SZSE.301392 [汇成真空] BUY @ 169.0 (VR:nan)
[2026-08-15 10:59:40]  [行12] 解析成功: SZSE.300088 [长信科技] BUY @ 7.58 (VR:nan)
[2026-08-15 10:59:40] 成功保存 12 条因子至: signal_batch_20260815_105940_164524.txt
[2026-08-15 10:59:40]  QQ-备用 邮件 4042 处理完成
[2026-08-15 10:59:40]  QQ-备用 正在解析因子: =?utf-8?b?QWxwaGFQaWxvdCDlpIfku73kv6Hlj7cgKGFscGhhX3NpZ25hbF90aHJfMjAyNjA4MTVfMTAxNS5qc29uKSBb5aSHUVEt6Ieq5L+dXQ==?=
[2026-08-15 10:59:40]  发现表格，共 10 行数据
[2026-08-15 10:59:40]  动态索引映射: ['股票代码', '股票名称', '信号', '当前价格', '量比', '来源过滤']
[2026-08-15 10:59:40]  [行1] 解析成功: SHSE.688110 [东芯股份] BUY @ 117.09 (VR:nan)
[2026-08-15 10:59:40]  [行2] 解析成功: SHSE.688665 [四方光电] SELL @ 45.86 (VR:nan)
[2026-08-15 10:59:40]  [行3] 解析成功: SHSE.688227 [品高股份] SELL @ 82.01 (VR:nan)
[2026-08-15 10:59:40]  [行4] 解析成功: SZSE.300852 [四会富仕] BUY @ 45.4 (VR:nan)
[2026-08-15 10:59:40]  [行5] 解析成功: SZSE.301045 [天禄科技] BUY @ 69.4 (VR:nan)
[2026-08-15 10:59:40]  [行6] 解析成功: SHSE.688110 [东芯股份] BUY @ 117.09 (VR:nan)
[2026-08-15 10:59:40]  [行7] 解析成功: SHSE.688665 [四方光电] SELL @ 45.86 (VR:nan)
[2026-08-15 10:59:40]  [行8] 解析成功: SHSE.688227 [品高股份] SELL @ 82.01 (VR:nan)
[2026-08-15 10:59:40]  [行9] 解析成功: SZSE.300852 [四会富仕] BUY @ 45.4 (VR:nan)
[2026-08-15 10:59:40]  [行10] 解析成功: SZSE.301045 [天禄科技] BUY @ 69.4 (VR:nan)
[2026-08-15 10:59:40] 成功保存 10 条因子至: signal_batch_20260815_105940_419307.txt
[2026-08-15 10:59:40]  QQ-备用 邮件 4043 处理完成
[2026-08-15 10:59:40]  QQ-备用 正在解析因子: =?utf-8?b?QWxwaGFQaWxvdCDlpIfku73kv6Hlj7cgKGFscGhhX3NpZ25hbF90aHJfMjAyNjA4MTVfMTAxNi5qc29uKSBb5aSHUVEt6Ieq5L+dXQ==?=
[2026-08-15 10:59:40]  发现表格，共 10 行数据
[2026-08-15 10:59:40]  动态索引映射: ['股票代码', '股票名称', '信号', '当前价格', '量比', '来源过滤']
[2026-08-15 10:59:40]  [行1] 解析成功: SHSE.688110 [东芯股份] BUY @ 117.09 (VR:nan)
[2026-08-15 10:59:40]  [行2] 解析成功: SHSE.688665 [四方光电] SELL @ 45.86 (VR:nan)
[2026-08-15 10:59:40]  [行3] 解析成功: SHSE.688227 [品高股份] SELL @ 82.01 (VR:nan)
[2026-08-15 10:59:40]  [行4] 解析成功: SZSE.300852 [四会富仕] BUY @ 45.4 (VR:nan)
[2026-08-15 10:59:40]  [行5] 解析成功: SZSE.301045 [天禄科技] BUY @ 69.4 (VR:nan)
[2026-08-15 10:59:40]  [行6] 解析成功: SHSE.688110 [东芯股份] BUY @ 117.09 (VR:nan)
[2026-08-15 10:59:40]  [行7] 解析成功: SHSE.688665 [四方光电] SELL @ 45.86 (VR:nan)
[2026-08-15 10:59:40]  [行8] 解析成功: SHSE.688227 [品高股份] SELL @ 82.01 (VR:nan)
[2026-08-15 10:59:40]  [行9] 解析成功: SZSE.300852 [四会富仕] BUY @ 45.4 (VR:nan)
[2026-08-15 10:59:40]  [行10] 解析成功: SZSE.301045 [天禄科技] BUY @ 69.4 (VR:nan)
[2026-08-15 10:59:40] 本批信号内容已存在（哈希重复），跳过保存（防双邮箱重复）
[2026-08-15 10:59:40]  QQ-备用 邮件 4044 保存因子失败
[2026-08-15 10:59:40]  QQ-备用 正在解析因子: =?utf-8?b?QWxwaGFQaWxvdCDlpIfku73kv6Hlj7cgKGFscGhhX3NpZ25hbF90aHJfMjAyNjA4MTVfMTAxOS5qc29uKSBb5aSHUVEt6Ieq5L+dXQ==?=
[2026-08-15 10:59:40]  发现表格，共 4 行数据
[2026-08-15 10:59:40]  动态索引映射: ['股票代码', '股票名称', '信号', '当前价格', '量比', '来源过滤']
[2026-08-15 10:59:40]  [行1] 解析成功: SZSE.300346 [南大光电] BUY @ 58.71 (VR:nan)
[2026-08-15 10:59:40]  [行2] 解析成功: SZSE.300868 [杰美特] BUY @ 92.13 (VR:nan)
[2026-08-15 10:59:40]  [行3] 解析成功: SZSE.300346 [南大光电] BUY @ 58.71 (VR:nan)
[2026-08-15 10:59:40]  [行4] 解析成功: SZSE.300868 [杰美特] BUY @ 92.13 (VR:nan)
[2026-08-15 10:59:40] 成功保存 4 条因子至: signal_batch_20260815_105940_769676.txt
[2026-08-15 10:59:40]  QQ-备用 邮件 4045 处理完成
[2026-08-15 10:59:41]  QQ-备用 正在解析因子: =?utf-8?b?QWxwaGFQaWxvdCDlpIfku73kv6Hlj7cgKGFscGhhX3NpZ25hbF90aHJfMjAyNjA4MTVfMTAxOS5qc29uKSBb5aSHUVEt6Ieq5L+dXQ==?=
[2026-08-15 10:59:41]  发现表格，共 4 行数据
[2026-08-15 10:59:41]  动态索引映射: ['股票代码', '股票名称', '信号', '当前价格', '量比', '来源过滤']
[2026-08-15 10:59:41]  [行1] 解析成功: SZSE.300346 [南大光电] BUY @ 58.71 (VR:nan)
[2026-08-15 10:59:41]  [行2] 解析成功: SZSE.300868 [杰美特] BUY @ 92.13 (VR:nan)
[2026-08-15 10:59:41]  [行3] 解析成功: SZSE.300346 [南大光电] BUY @ 58.71 (VR:nan)
[2026-08-15 10:59:41]  [行4] 解析成功: SZSE.300868 [杰美特] BUY @ 92.13 (VR:nan)
[2026-08-15 10:59:41] 成功保存 4 条因子至: signal_batch_20260815_105941_023217.txt
[2026-08-15 10:59:41]  QQ-备用 邮件 4046 处理完成
[2026-08-15 10:59:41]  QQ-备用 正在解析因子: =?utf-8?b?QWxwaGFQaWxvdCDlpIfku73kv6Hlj7cgKGFscGhhX3NpZ25hbF90aHJfMjAyNjA4MTVfMTAyMi5qc29uKSBb5aSHUVEt6Ieq5L+dXQ==?=
[2026-08-15 10:59:41]  发现表格，共 14 行数据
[2026-08-15 10:59:41]  动态索引映射: ['股票代码', '股票名称', '信号', '当前价格', '量比', '来源过滤']
[2026-08-15 10:59:41]  [行1] 解析成功: SHSE.600259 [中稀有色] SELL @ 92.2 (VR:nan)
[2026-08-15 10:59:41]  [行2] 解析成功: SHSE.600460 [士兰微] BUY @ 32.75 (VR:nan)
[2026-08-15 10:59:41]  [行3] 解析成功: SZSE.002552 [宝鼎科技] BUY @ 60.65 (VR:nan)
[2026-08-15 10:59:41]  [行4] 解析成功: SZSE.002643 [万润股份] SELL @ 14.27 (VR:nan)
[2026-08-15 10:59:41]  [行5] 解析成功: SZSE.000920 [沃顿科技] BUY @ 11.74 (VR:nan)
[2026-08-15 10:59:41]  [行6] 解析成功: SZSE.000823 [超声电子] BUY @ 15.3 (VR:nan)
[2026-08-15 10:59:41]  [行7] 解析成功: SZSE.301070 [开勒股份] BUY @ 67.24 (VR:nan)
[2026-08-15 10:59:41]  [行8] 解析成功: SHSE.600259 [中稀有色] SELL @ 92.2 (VR:nan)
[2026-08-15 10:59:41]  [行9] 解析成功: SHSE.600460 [士兰微] BUY @ 32.75 (VR:nan)
[2026-08-15 10:59:41]  [行10] 解析成功: SZSE.002552 [宝鼎科技] BUY @ 60.65 (VR:nan)
[2026-08-15 10:59:41]  [行11] 解析成功: SZSE.002643 [万润股份] SELL @ 14.27 (VR:nan)
[2026-08-15 10:59:41]  [行12] 解析成功: SZSE.000920 [沃顿科技] BUY @ 11.74 (VR:nan)
[2026-08-15 10:59:41]  [行13] 解析成功: SZSE.000823 [超声电子] BUY @ 15.3 (VR:nan)
[2026-08-15 10:59:41]  [行14] 解析成功: SZSE.301070 [开勒股份] BUY @ 67.24 (VR:nan)
[2026-08-15 10:59:41] 成功保存 14 条因子至: signal_batch_20260815_105941_287372.txt
[2026-08-15 10:59:41]  QQ-备用 邮件 4047 处理完成
[2026-08-15 10:59:41]  QQ-备用 正在解析因子: =?utf-8?b?QWxwaGFQaWxvdCDlpIfku73kv6Hlj7cgKGFscGhhX3NpZ25hbF90aHJfMjAyNjA4MTVfMTAyMy5qc29uKSBb5aSHUVEt6Ieq5L+dXQ==?=
[2026-08-15 10:59:41]  发现表格，共 14 行数据
[2026-08-15 10:59:41]  动态索引映射: ['股票代码', '股票名称', '信号', '当前价格', '量比', '来源过滤']
[2026-08-15 10:59:41]  [行1] 解析成功: SHSE.600259 [中稀有色] SELL @ 92.2 (VR:nan)
[2026-08-15 10:59:41]  [行2] 解析成功: SHSE.600460 [士兰微] BUY @ 32.75 (VR:nan)
[2026-08-15 10:59:41]  [行3] 解析成功: SZSE.002552 [宝鼎科技] BUY @ 60.65 (VR:nan)
[2026-08-15 10:59:41]  [行4] 解析成功: SZSE.002643 [万润股份] SELL @ 14.27 (VR:nan)
[2026-08-15 10:59:41]  [行5] 解析成功: SZSE.000920 [沃顿科技] BUY @ 11.74 (VR:nan)
[2026-08-15 10:59:41]  [行6] 解析成功: SZSE.000823 [超声电子] BUY @ 15.3 (VR:nan)
[2026-08-15 10:59:41]  [行7] 解析成功: SZSE.301070 [开勒股份] BUY @ 67.24 (VR:nan)
[2026-08-15 10:59:41]  [行8] 解析成功: SHSE.600259 [中稀有色] SELL @ 92.2 (VR:nan)
[2026-08-15 10:59:41]  [行9] 解析成功: SHSE.600460 [士兰微] BUY @ 32.75 (VR:nan)
[2026-08-15 10:59:41]  [行10] 解析成功: SZSE.002552 [宝鼎科技] BUY @ 60.65 (VR:nan)
[2026-08-15 10:59:41]  [行11] 解析成功: SZSE.002643 [万润股份] SELL @ 14.27 (VR:nan)
[2026-08-15 10:59:41]  [行12] 解析成功: SZSE.000920 [沃顿科技] BUY @ 11.74 (VR:nan)
[2026-08-15 10:59:41]  [行13] 解析成功: SZSE.000823 [超声电子] BUY @ 15.3 (VR:nan)
[2026-08-15 10:59:41]  [行14] 解析成功: SZSE.301070 [开勒股份] BUY @ 67.24 (VR:nan)
[2026-08-15 10:59:41] 本批信号内容已存在（哈希重复），跳过保存（防双邮箱重复）
[2026-08-15 10:59:41]  QQ-备用 邮件 4048 保存因子失败
[2026-08-15 10:59:41]  QQ-备用 正在解析因子: =?utf-8?b?QWxwaGFQaWxvdCDlpIfku73kv6Hlj7cgKGFscGhhX3NpZ25hbF90aHJfMjAyNjA4MTVfMTAyNS5qc29uKSBb5aSHUVEt6Ieq5L+dXQ==?=
[2026-08-15 10:59:41]  发现表格，共 8 行数据
[2026-08-15 10:59:41]  动态索引映射: ['股票代码', '股票名称', '信号', '当前价格', '量比', '来源过滤']
[2026-08-15 10:59:41]  [行1] 解析成功: SHSE.688019 [安集科技] BUY @ 248.2 (VR:nan)
[2026-08-15 10:59:41]  [行2] 解析成功: SHSE.688261 [东微半导] BUY @ 71.35 (VR:nan)
[2026-08-15 10:59:41]  [行3] 解析成功: SZSE.300821 [东岳硅材] BUY @ 17.03 (VR:nan)
[2026-08-15 10:59:41]  [行4] 解析成功: SZSE.300236 [上海新阳] BUY @ 93.95 (VR:nan)
[2026-08-15 10:59:41]  [行5] 解析成功: SHSE.688019 [安集科技] BUY @ 248.2 (VR:nan)
[2026-08-15 10:59:41]  [行6] 解析成功: SHSE.688261 [东微半导] BUY @ 71.35 (VR:nan)
[2026-08-15 10:59:41]  [行7] 解析成功: SZSE.300821 [东岳硅材] BUY @ 17.03 (VR:nan)
[2026-08-15 10:59:41]  [行8] 解析成功: SZSE.300236 [上海新阳] BUY @ 93.95 (VR:nan)
[2026-08-15 10:59:41] 成功保存 8 条因子至: signal_batch_20260815_105941_662845.txt
[2026-08-15 10:59:41]  QQ-备用 邮件 4049 处理完成
[2026-08-15 10:59:41]  QQ-备用 正在解析因子: =?utf-8?b?QWxwaGFQaWxvdCDlpIfku73kv6Hlj7cgKGFscGhhX3NpZ25hbF90aHJfMjAyNjA4MTVfMTAyNi5qc29uKSBb5aSHUVEt6Ieq5L+dXQ==?=
[2026-08-15 10:59:41]  发现表格，共 8 行数据
[2026-08-15 10:59:41]  动态索引映射: ['股票代码', '股票名称', '信号', '当前价格', '量比', '来源过滤']
[2026-08-15 10:59:41]  [行1] 解析成功: SHSE.688019 [安集科技] BUY @ 248.2 (VR:nan)
[2026-08-15 10:59:41]  [行2] 解析成功: SHSE.688261 [东微半导] BUY @ 71.35 (VR:nan)
[2026-08-15 10:59:41]  [行3] 解析成功: SZSE.300821 [东岳硅材] BUY @ 17.03 (VR:nan)
[2026-08-15 10:59:41]  [行4] 解析成功: SZSE.300236 [上海新阳] BUY @ 93.95 (VR:nan)
[2026-08-15 10:59:41]  [行5] 解析成功: SHSE.688019 [安集科技] BUY @ 248.2 (VR:nan)
[2026-08-15 10:59:41]  [行6] 解析成功: SHSE.688261 [东微半导] BUY @ 71.35 (VR:nan)
[2026-08-15 10:59:41]  [行7] 解析成功: SZSE.300821 [东岳硅材] BUY @ 17.03 (VR:nan)
[2026-08-15 10:59:41]  [行8] 解析成功: SZSE.300236 [上海新阳] BUY @ 93.95 (VR:nan)
[2026-08-15 10:59:41] 本批信号内容已存在（哈希重复），跳过保存（防双邮箱重复）
[2026-08-15 10:59:41]  QQ-备用 邮件 4050 保存因子失败
[2026-08-15 10:59:41]  QQ-备用 正在解析因子: =?utf-8?b?QWxwaGFQaWxvdCDlpIfku73kv6Hlj7cgKGFscGhhX3NpZ25hbF90aHJfMjAyNjA4MTVfMTAyOS5qc29uKSBb5aSHUVEt6Ieq5L+dXQ==?=
[2026-08-15 10:59:42]  发现表格，共 12 行数据
[2026-08-15 10:59:42]  动态索引映射: ['股票代码', '股票名称', '信号', '当前价格', '量比', '来源过滤']
[2026-08-15 10:59:42]  [行1] 解析成功: SHSE.688216 [气派科技] BUY @ 31.29 (VR:nan)
[2026-08-15 10:59:42]  [行2] 解析成功: SHSE.688721 [龙图光罩] BUY @ 41.37 (VR:nan)
[2026-08-15 10:59:42]  [行3] 解析成功: SHSE.688249 [晶合集成] BUY @ 40.09 (VR:nan)
[2026-08-15 10:59:42]  [行4] 解析成功: SHSE.688138 [清溢光电] BUY @ 34.21 (VR:nan)
[2026-08-15 10:59:42]  [行5] 解析成功: SZSE.301392 [汇成真空] BUY @ 169.0 (VR:nan)
[2026-08-15 10:59:42]  [行6] 解析成功: SZSE.300088 [长信科技] BUY @ 7.58 (VR:nan)
[2026-08-15 10:59:42]  [行7] 解析成功: SHSE.688216 [气派科技] BUY @ 31.29 (VR:nan)
[2026-08-15 10:59:42]  [行8] 解析成功: SHSE.688721 [龙图光罩] BUY @ 41.37 (VR:nan)
[2026-08-15 10:59:42]  [行9] 解析成功: SHSE.688249 [晶合集成] BUY @ 40.09 (VR:nan)
[2026-08-15 10:59:42]  [行10] 解析成功: SHSE.688138 [清溢光电] BUY @ 34.21 (VR:nan)
[2026-08-15 10:59:42]  [行11] 解析成功: SZSE.301392 [汇成真空] BUY @ 169.0 (VR:nan)
[2026-08-15 10:59:42]  [行12] 解析成功: SZSE.300088 [长信科技] BUY @ 7.58 (VR:nan)
[2026-08-15 10:59:42] 成功保存 12 条因子至: signal_batch_20260815_105942_016436.txt
[2026-08-15 10:59:42]  QQ-备用 邮件 4051 处理完成
[2026-08-15 10:59:42]  QQ-备用 正在解析因子: =?utf-8?b?QWxwaGFQaWxvdCDlpIfku73kv6Hlj7cgKGFscGhhX3NpZ25hbF90aHJfMjAyNjA4MTVfMTAyOS5qc29uKSBb5aSHUVEt6Ieq5L+dXQ==?=
[2026-08-15 10:59:42]  发现表格，共 12 行数据
[2026-08-15 10:59:42]  动态索引映射: ['股票代码', '股票名称', '信号', '当前价格', '量比', '来源过滤']
[2026-08-15 10:59:42]  [行1] 解析成功: SHSE.688216 [气派科技] BUY @ 31.29 (VR:nan)
[2026-08-15 10:59:42]  [行2] 解析成功: SHSE.688721 [龙图光罩] BUY @ 41.37 (VR:nan)
[2026-08-15 10:59:42]  [行3] 解析成功: SHSE.688249 [晶合集成] BUY @ 40.09 (VR:nan)
[2026-08-15 10:59:42]  [行4] 解析成功: SHSE.688138 [清溢光电] BUY @ 34.21 (VR:nan)
[2026-08-15 10:59:42]  [行5] 解析成功: SZSE.301392 [汇成真空] BUY @ 169.0 (VR:nan)
[2026-08-15 10:59:42]  [行6] 解析成功: SZSE.300088 [长信科技] BUY @ 7.58 (VR:nan)
[2026-08-15 10:59:42]  [行7] 解析成功: SHSE.688216 [气派科技] BUY @ 31.29 (VR:nan)
[2026-08-15 10:59:42]  [行8] 解析成功: SHSE.688721 [龙图光罩] BUY @ 41.37 (VR:nan)
[2026-08-15 10:59:42]  [行9] 解析成功: SHSE.688249 [晶合集成] BUY @ 40.09 (VR:nan)
[2026-08-15 10:59:42]  [行10] 解析成功: SHSE.688138 [清溢光电] BUY @ 34.21 (VR:nan)
[2026-08-15 10:59:42]  [行11] 解析成功: SZSE.301392 [汇成真空] BUY @ 169.0 (VR:nan)
[2026-08-15 10:59:42]  [行12] 解析成功: SZSE.300088 [长信科技] BUY @ 7.58 (VR:nan)
[2026-08-15 10:59:42] 本批信号内容已存在（哈希重复），跳过保存（防双邮箱重复）
[2026-08-15 10:59:42]  QQ-备用 邮件 4052 保存因子失败
[2026-08-15 10:59:42]  QQ-备用 本轮共成功处理 24 封有效信号邮件
[2026-08-15 11:00:17]  正在连接 QQ-主 邮箱服务器 (497720537@qq.com) ...
[2026-08-15 11:00:18]  QQ-主 正在解析因子: =?utf-8?b?QWxwaGFQaWxvdCDlrp7ml7bkv6Hlj7cgKGFscGhhX3NpZ25hbF90aHJfMjAyNjA4MTVfMDkzNS5qc29uKSBb5Li7UVEt5a+55aSWXQ==?=
[2026-08-15 11:00:18]  发现表格，共 14 行数据
[2026-08-15 11:00:18]  动态索引映射: ['股票代码', '股票名称', '信号', '当前价格', '量比', '来源过滤']
[2026-08-15 11:00:18]  [行1] 解析成功: SHSE.600259 [中稀有色] SELL @ 92.2 (VR:nan)
[2026-08-15 11:00:18]  [行2] 解析成功: SHSE.600460 [士兰微] BUY @ 32.75 (VR:nan)
[2026-08-15 11:00:18]  [行3] 解析成功: SZSE.002552 [宝鼎科技] BUY @ 60.65 (VR:nan)
[2026-08-15 11:00:18]  [行4] 解析成功: SZSE.002643 [万润股份] SELL @ 14.27 (VR:nan)
[2026-08-15 11:00:18]  [行5] 解析成功: SZSE.000920 [沃顿科技] BUY @ 11.74 (VR:nan)
[2026-08-15 11:00:18]  [行6] 解析成功: SZSE.000823 [超声电子] BUY @ 15.3 (VR:nan)
[2026-08-15 11:00:18]  [行7] 解析成功: SZSE.301070 [开勒股份] BUY @ 67.24 (VR:nan)
[2026-08-15 11:00:18]  [行8] 解析成功: SHSE.600259 [中稀有色] SELL @ 92.2 (VR:nan)
[2026-08-15 11:00:18]  [行9] 解析成功: SHSE.600460 [士兰微] BUY @ 32.75 (VR:nan)
[2026-08-15 11:00:18]  [行10] 解析成功: SZSE.002552 [宝鼎科技] BUY @ 60.65 (VR:nan)
[2026-08-15 11:00:18]  [行11] 解析成功: SZSE.002643 [万润股份] SELL @ 14.27 (VR:nan)
[2026-08-15 11:00:18]  [行12] 解析成功: SZSE.000920 [沃顿科技] BUY @ 11.74 (VR:nan)
[2026-08-15 11:00:18]  [行13] 解析成功: SZSE.000823 [超声电子] BUY @ 15.3 (VR:nan)
[2026-08-15 11:00:18]  [行14] 解析成功: SZSE.301070 [开勒股份] BUY @ 67.24 (VR:nan)
[2026-08-15 11:00:18] 成功保存 14 条因子至: signal_batch_20260815_110018_376579.txt
[2026-08-15 11:00:18]  QQ-主 邮件 6383 处理完成
[2026-08-15 11:00:18]  QQ-主 正在解析因子: =?utf-8?b?QWxwaGFQaWxvdCDlrp7ml7bkv6Hlj7cgKGFscGhhX3NpZ25hbF90aHJfMjAyNjA4MTVfMDkzOC5qc29uKSBb5Li7UVEt5a+55aSWXQ==?=
[2026-08-15 11:00:18]  发现表格，共 8 行数据
[2026-08-15 11:00:18]  动态索引映射: ['股票代码', '股票名称', '信号', '当前价格', '量比', '来源过滤']
[2026-08-15 11:00:18]  [行1] 解析成功: SHSE.688019 [安集科技] BUY @ 248.2 (VR:nan)
[2026-08-15 11:00:18]  [行2] 解析成功: SHSE.688261 [东微半导] BUY @ 71.35 (VR:nan)
[2026-08-15 11:00:18]  [行3] 解析成功: SZSE.300821 [东岳硅材] BUY @ 17.03 (VR:nan)
[2026-08-15 11:00:18]  [行4] 解析成功: SZSE.300236 [上海新阳] BUY @ 93.95 (VR:nan)
[2026-08-15 11:00:18]  [行5] 解析成功: SHSE.688019 [安集科技] BUY @ 248.2 (VR:nan)
[2026-08-15 11:00:18]  [行6] 解析成功: SHSE.688261 [东微半导] BUY @ 71.35 (VR:nan)
[2026-08-15 11:00:18]  [行7] 解析成功: SZSE.300821 [东岳硅材] BUY @ 17.03 (VR:nan)
[2026-08-15 11:00:18]  [行8] 解析成功: SZSE.300236 [上海新阳] BUY @ 93.95 (VR:nan)
[2026-08-15 11:00:18] 成功保存 8 条因子至: signal_batch_20260815_110018_698988.txt
[2026-08-15 11:00:18]  QQ-主 邮件 6385 处理完成
[2026-08-15 11:00:18]  QQ-主 正在解析因子: =?utf-8?b?QWxwaGFQaWxvdCDlrp7ml7bkv6Hlj7cgKGFscGhhX3NpZ25hbF90aHJfMjAyNjA4MTVfMDk0NC5qc29uKSBb5Li7UVEt5a+55aSWXQ==?=
[2026-08-15 11:00:18]  发现表格，共 10 行数据
[2026-08-15 11:00:18]  动态索引映射: ['股票代码', '股票名称', '信号', '当前价格', '量比', '来源过滤']
[2026-08-15 11:00:18]  [行1] 解析成功: SHSE.688110 [东芯股份] BUY @ 117.09 (VR:nan)
[2026-08-15 11:00:18]  [行2] 解析成功: SHSE.688665 [四方光电] SELL @ 45.86 (VR:nan)
[2026-08-15 11:00:18]  [行3] 解析成功: SHSE.688227 [品高股份] SELL @ 82.01 (VR:nan)
[2026-08-15 11:00:18]  [行4] 解析成功: SZSE.300852 [四会富仕] BUY @ 45.4 (VR:nan)
[2026-08-15 11:00:18]  [行5] 解析成功: SZSE.301045 [天禄科技] BUY @ 69.4 (VR:nan)
[2026-08-15 11:00:18]  [行6] 解析成功: SHSE.688110 [东芯股份] BUY @ 117.09 (VR:nan)
[2026-08-15 11:00:18]  [行7] 解析成功: SHSE.688665 [四方光电] SELL @ 45.86 (VR:nan)
[2026-08-15 11:00:18]  [行8] 解析成功: SHSE.688227 [品高股份] SELL @ 82.01 (VR:nan)
[2026-08-15 11:00:18]  [行9] 解析成功: SZSE.300852 [四会富仕] BUY @ 45.4 (VR:nan)
[2026-08-15 11:00:18]  [行10] 解析成功: SZSE.301045 [天禄科技] BUY @ 69.4 (VR:nan)
[2026-08-15 11:00:19] 成功保存 10 条因子至: signal_batch_20260815_110019_005227.txt
[2026-08-15 11:00:19]  QQ-主 邮件 6389 处理完成
[2026-08-15 11:00:19]  QQ-主 正在解析因子: =?utf-8?b?QWxwaGFQaWxvdCDlrp7ml7bkv6Hlj7cgKGFscGhhX3NpZ25hbF90aHJfMjAyNjA4MTVfMDk0Ny5qc29uKSBb5Li7UVEt5a+55aSWXQ==?=
[2026-08-15 11:00:19]  发现表格，共 4 行数据
[2026-08-15 11:00:19]  动态索引映射: ['股票代码', '股票名称', '信号', '当前价格', '量比', '来源过滤']
[2026-08-15 11:00:19]  [行1] 解析成功: SZSE.300346 [南大光电] BUY @ 58.71 (VR:nan)
[2026-08-15 11:00:19]  [行2] 解析成功: SZSE.300868 [杰美特] BUY @ 92.13 (VR:nan)
[2026-08-15 11:00:19]  [行3] 解析成功: SZSE.300346 [南大光电] BUY @ 58.71 (VR:nan)
[2026-08-15 11:00:19]  [行4] 解析成功: SZSE.300868 [杰美特] BUY @ 92.13 (VR:nan)
[2026-08-15 11:00:19] 成功保存 4 条因子至: signal_batch_20260815_110019_312164.txt
[2026-08-15 11:00:19]  QQ-主 邮件 6391 处理完成
[2026-08-15 11:00:19]  QQ-主 正在解析因子: =?utf-8?b?QWxwaGFQaWxvdCDlrp7ml7bkv6Hlj7cgKGFscGhhX3NpZ25hbF90aHJfMjAyNjA4MTVfMDk1MS5qc29uKSBb5Li7UVEt5a+55aSWXQ==?=
[2026-08-15 11:00:19]  发现表格，共 14 行数据
[2026-08-15 11:00:19]  动态索引映射: ['股票代码', '股票名称', '信号', '当前价格', '量比', '来源过滤']
[2026-08-15 11:00:19]  [行1] 解析成功: SHSE.600259 [中稀有色] SELL @ 92.2 (VR:nan)
[2026-08-15 11:00:19]  [行2] 解析成功: SHSE.600460 [士兰微] BUY @ 32.75 (VR:nan)
[2026-08-15 11:00:19]  [行3] 解析成功: SZSE.002552 [宝鼎科技] BUY @ 60.65 (VR:nan)
[2026-08-15 11:00:19]  [行4] 解析成功: SZSE.002643 [万润股份] SELL @ 14.27 (VR:nan)
[2026-08-15 11:00:19]  [行5] 解析成功: SZSE.000920 [沃顿科技] BUY @ 11.74 (VR:nan)
[2026-08-15 11:00:19]  [行6] 解析成功: SZSE.000823 [超声电子] BUY @ 15.3 (VR:nan)
[2026-08-15 11:00:19]  [行7] 解析成功: SZSE.301070 [开勒股份] BUY @ 67.24 (VR:nan)
[2026-08-15 11:00:19]  [行8] 解析成功: SHSE.600259 [中稀有色] SELL @ 92.2 (VR:nan)
[2026-08-15 11:00:19]  [行9] 解析成功: SHSE.600460 [士兰微] BUY @ 32.75 (VR:nan)
[2026-08-15 11:00:19]  [行10] 解析成功: SZSE.002552 [宝鼎科技] BUY @ 60.65 (VR:nan)
[2026-08-15 11:00:19]  [行11] 解析成功: SZSE.002643 [万润股份] SELL @ 14.27 (VR:nan)
[2026-08-15 11:00:19]  [行12] 解析成功: SZSE.000920 [沃顿科技] BUY @ 11.74 (VR:nan)
[2026-08-15 11:00:19]  [行13] 解析成功: SZSE.000823 [超声电子] BUY @ 15.3 (VR:nan)
[2026-08-15 11:00:19]  [行14] 解析成功: SZSE.301070 [开勒股份] BUY @ 67.24 (VR:nan)
[2026-08-15 11:00:19] 成功保存 14 条因子至: signal_batch_20260815_110019_621857.txt
[2026-08-15 11:00:19]  QQ-主 邮件 6393 处理完成
[2026-08-15 11:00:19]  QQ-主 正在解析因子: =?utf-8?b?QWxwaGFQaWxvdCDlrp7ml7bkv6Hlj7cgKGFscGhhX3NpZ25hbF90aHJfMjAyNjA4MTVfMDk1NC5qc29uKSBb5Li7UVEt5a+55aSWXQ==?=
[2026-08-15 11:00:19]  发现表格，共 8 行数据
[2026-08-15 11:00:19]  动态索引映射: ['股票代码', '股票名称', '信号', '当前价格', '量比', '来源过滤']
[2026-08-15 11:00:19]  [行1] 解析成功: SHSE.688019 [安集科技] BUY @ 248.2 (VR:nan)
[2026-08-15 11:00:19]  [行2] 解析成功: SHSE.688261 [东微半导] BUY @ 71.35 (VR:nan)
[2026-08-15 11:00:19]  [行3] 解析成功: SZSE.300821 [东岳硅材] BUY @ 17.03 (VR:nan)
[2026-08-15 11:00:19]  [行4] 解析成功: SZSE.300236 [上海新阳] BUY @ 93.95 (VR:nan)
[2026-08-15 11:00:19]  [行5] 解析成功: SHSE.688019 [安集科技] BUY @ 248.2 (VR:nan)
[2026-08-15 11:00:19]  [行6] 解析成功: SHSE.688261 [东微半导] BUY @ 71.35 (VR:nan)
[2026-08-15 11:00:19]  [行7] 解析成功: SZSE.300821 [东岳硅材] BUY @ 17.03 (VR:nan)
[2026-08-15 11:00:19]  [行8] 解析成功: SZSE.300236 [上海新阳] BUY @ 93.95 (VR:nan)
[2026-08-15 11:00:19] 成功保存 8 条因子至: signal_batch_20260815_110019_930432.txt
[2026-08-15 11:00:20]  QQ-主 邮件 6395 处理完成
[2026-08-15 11:00:20]  QQ-主 正在解析因子: =?utf-8?b?QWxwaGFQaWxvdCDlrp7ml7bkv6Hlj7cgKGFscGhhX3NpZ25hbF90aHJfMjAyNjA4MTVfMTAwMC5qc29uKSBb5Li7UVEt5a+55aSWXQ==?=
[2026-08-15 11:00:20]  发现表格，共 10 行数据
[2026-08-15 11:00:20]  动态索引映射: ['股票代码', '股票名称', '信号', '当前价格', '量比', '来源过滤']
[2026-08-15 11:00:20]  [行1] 解析成功: SHSE.688110 [东芯股份] BUY @ 117.09 (VR:nan)
[2026-08-15 11:00:20]  [行2] 解析成功: SHSE.688665 [四方光电] SELL @ 45.86 (VR:nan)
[2026-08-15 11:00:20]  [行3] 解析成功: SHSE.688227 [品高股份] SELL @ 82.01 (VR:nan)
[2026-08-15 11:00:20]  [行4] 解析成功: SZSE.300852 [四会富仕] BUY @ 45.4 (VR:nan)
[2026-08-15 11:00:20]  [行5] 解析成功: SZSE.301045 [天禄科技] BUY @ 69.4 (VR:nan)
[2026-08-15 11:00:20]  [行6] 解析成功: SHSE.688110 [东芯股份] BUY @ 117.09 (VR:nan)
[2026-08-15 11:00:20]  [行7] 解析成功: SHSE.688665 [四方光电] SELL @ 45.86 (VR:nan)
[2026-08-15 11:00:20]  [行8] 解析成功: SHSE.688227 [品高股份] SELL @ 82.01 (VR:nan)
[2026-08-15 11:00:20]  [行9] 解析成功: SZSE.300852 [四会富仕] BUY @ 45.4 (VR:nan)
[2026-08-15 11:00:20]  [行10] 解析成功: SZSE.301045 [天禄科技] BUY @ 69.4 (VR:nan)
[2026-08-15 11:00:20] 成功保存 10 条因子至: signal_batch_20260815_110020_231904.txt
[2026-08-15 11:00:20]  QQ-主 邮件 6399 处理完成
[2026-08-15 11:00:20]  QQ-主 正在解析因子: =?utf-8?b?QWxwaGFQaWxvdCDlrp7ml7bkv6Hlj7cgKGFscGhhX3NpZ25hbF90aHJfMjAyNjA4MTVfMTAwMy5qc29uKSBb5Li7UVEt5a+55aSWXQ==?=
[2026-08-15 11:00:20]  发现表格，共 4 行数据
[2026-08-15 11:00:20]  动态索引映射: ['股票代码', '股票名称', '信号', '当前价格', '量比', '来源过滤']
[2026-08-15 11:00:20]  [行1] 解析成功: SZSE.300346 [南大光电] BUY @ 58.71 (VR:nan)
[2026-08-15 11:00:20]  [行2] 解析成功: SZSE.300868 [杰美特] BUY @ 92.13 (VR:nan)
[2026-08-15 11:00:20]  [行3] 解析成功: SZSE.300346 [南大光电] BUY @ 58.71 (VR:nan)
[2026-08-15 11:00:20]  [行4] 解析成功: SZSE.300868 [杰美特] BUY @ 92.13 (VR:nan)
[2026-08-15 11:00:20] 成功保存 4 条因子至: signal_batch_20260815_110020_523746.txt
[2026-08-15 11:00:20]  QQ-主 邮件 6401 处理完成
[2026-08-15 11:00:20]  QQ-主 正在解析因子: =?utf-8?b?QWxwaGFQaWxvdCDlrp7ml7bkv6Hlj7cgKGFscGhhX3NpZ25hbF90aHJfMjAyNjA4MTVfMTAwNy5qc29uKSBb5Li7UVEt5a+55aSWXQ==?=
[2026-08-15 11:00:20]  发现表格，共 14 行数据
[2026-08-15 11:00:20]  动态索引映射: ['股票代码', '股票名称', '信号', '当前价格', '量比', '来源过滤']
[2026-08-15 11:00:20]  [行1] 解析成功: SHSE.600259 [中稀有色] SELL @ 92.2 (VR:nan)
[2026-08-15 11:00:20]  [行2] 解析成功: SHSE.600460 [士兰微] BUY @ 32.75 (VR:nan)
[2026-08-15 11:00:20]  [行3] 解析成功: SZSE.002552 [宝鼎科技] BUY @ 60.65 (VR:nan)
[2026-08-15 11:00:20]  [行4] 解析成功: SZSE.002643 [万润股份] SELL @ 14.27 (VR:nan)
[2026-08-15 11:00:20]  [行5] 解析成功: SZSE.000920 [沃顿科技] BUY @ 11.74 (VR:nan)
[2026-08-15 11:00:20]  [行6] 解析成功: SZSE.000823 [超声电子] BUY @ 15.3 (VR:nan)
[2026-08-15 11:00:20]  [行7] 解析成功: SZSE.301070 [开勒股份] BUY @ 67.24 (VR:nan)
[2026-08-15 11:00:20]  [行8] 解析成功: SHSE.600259 [中稀有色] SELL @ 92.2 (VR:nan)
[2026-08-15 11:00:20]  [行9] 解析成功: SHSE.600460 [士兰微] BUY @ 32.75 (VR:nan)
[2026-08-15 11:00:20]  [行10] 解析成功: SZSE.002552 [宝鼎科技] BUY @ 60.65 (VR:nan)
[2026-08-15 11:00:20]  [行11] 解析成功: SZSE.002643 [万润股份] SELL @ 14.27 (VR:nan)
[2026-08-15 11:00:20]  [行12] 解析成功: SZSE.000920 [沃顿科技] BUY @ 11.74 (VR:nan)
[2026-08-15 11:00:20]  [行13] 解析成功: SZSE.000823 [超声电子] BUY @ 15.3 (VR:nan)
[2026-08-15 11:00:20]  [行14] 解析成功: SZSE.301070 [开勒股份] BUY @ 67.24 (VR:nan)
[2026-08-15 11:00:20] 成功保存 14 条因子至: signal_batch_20260815_110020_774533.txt
[2026-08-15 11:00:20]  QQ-主 邮件 6403 处理完成
[2026-08-15 11:00:21]  QQ-主 正在解析因子: =?utf-8?b?QWxwaGFQaWxvdCDlrp7ml7bkv6Hlj7cgKGFscGhhX3NpZ25hbF90aHJfMjAyNjA4MTVfMTAxMC5qc29uKSBb5Li7UVEt5a+55aSWXQ==?=
[2026-08-15 11:00:21]  发现表格，共 8 行数据
[2026-08-15 11:00:21]  动态索引映射: ['股票代码', '股票名称', '信号', '当前价格', '量比', '来源过滤']
[2026-08-15 11:00:21]  [行1] 解析成功: SHSE.688019 [安集科技] BUY @ 248.2 (VR:nan)
[2026-08-15 11:00:21]  [行2] 解析成功: SHSE.688261 [东微半导] BUY @ 71.35 (VR:nan)
[2026-08-15 11:00:21]  [行3] 解析成功: SZSE.300821 [东岳硅材] BUY @ 17.03 (VR:nan)
[2026-08-15 11:00:21]  [行4] 解析成功: SZSE.300236 [上海新阳] BUY @ 93.95 (VR:nan)
[2026-08-15 11:00:21]  [行5] 解析成功: SHSE.688019 [安集科技] BUY @ 248.2 (VR:nan)
[2026-08-15 11:00:21]  [行6] 解析成功: SHSE.688261 [东微半导] BUY @ 71.35 (VR:nan)
[2026-08-15 11:00:21]  [行7] 解析成功: SZSE.300821 [东岳硅材] BUY @ 17.03 (VR:nan)
[2026-08-15 11:00:21]  [行8] 解析成功: SZSE.300236 [上海新阳] BUY @ 93.95 (VR:nan)
[2026-08-15 11:00:21] 成功保存 8 条因子至: signal_batch_20260815_110021_029179.txt
[2026-08-15 11:00:21]  QQ-主 邮件 6405 处理完成
[2026-08-15 11:00:21]  QQ-主 正在解析因子: =?utf-8?b?QWxwaGFQaWxvdCDlrp7ml7bkv6Hlj7cgKGFscGhhX3NpZ25hbF90aHJfMjAyNjA4MTVfMTAxNi5qc29uKSBb5Li7UVEt5a+55aSWXQ==?=
[2026-08-15 11:00:21]  发现表格，共 10 行数据
[2026-08-15 11:00:21]  动态索引映射: ['股票代码', '股票名称', '信号', '当前价格', '量比', '来源过滤']
[2026-08-15 11:00:21]  [行1] 解析成功: SHSE.688110 [东芯股份] BUY @ 117.09 (VR:nan)
[2026-08-15 11:00:21]  [行2] 解析成功: SHSE.688665 [四方光电] SELL @ 45.86 (VR:nan)
[2026-08-15 11:00:21]  [行3] 解析成功: SHSE.688227 [品高股份] SELL @ 82.01 (VR:nan)
[2026-08-15 11:00:21]  [行4] 解析成功: SZSE.300852 [四会富仕] BUY @ 45.4 (VR:nan)
[2026-08-15 11:00:21]  [行5] 解析成功: SZSE.301045 [天禄科技] BUY @ 69.4 (VR:nan)
[2026-08-15 11:00:21]  [行6] 解析成功: SHSE.688110 [东芯股份] BUY @ 117.09 (VR:nan)
[2026-08-15 11:00:21]  [行7] 解析成功: SHSE.688665 [四方光电] SELL @ 45.86 (VR:nan)
[2026-08-15 11:00:21]  [行8] 解析成功: SHSE.688227 [品高股份] SELL @ 82.01 (VR:nan)
[2026-08-15 11:00:21]  [行9] 解析成功: SZSE.300852 [四会富仕] BUY @ 45.4 (VR:nan)
[2026-08-15 11:00:21]  [行10] 解析成功: SZSE.301045 [天禄科技] BUY @ 69.4 (VR:nan)
[2026-08-15 11:00:21] 成功保存 10 条因子至: signal_batch_20260815_110021_264049.txt
[2026-08-15 11:00:21]  QQ-主 邮件 6409 处理完成
[2026-08-15 11:00:21]  QQ-主 正在解析因子: =?utf-8?b?QWxwaGFQaWxvdCDlrp7ml7bkv6Hlj7cgKGFscGhhX3NpZ25hbF90aHJfMjAyNjA4MTVfMTAyMy5qc29uKSBb5Li7UVEt5a+55aSWXQ==?=
[2026-08-15 11:00:21]  发现表格，共 14 行数据
[2026-08-15 11:00:21]  动态索引映射: ['股票代码', '股票名称', '信号', '当前价格', '量比', '来源过滤']
[2026-08-15 11:00:21]  [行1] 解析成功: SHSE.600259 [中稀有色] SELL @ 92.2 (VR:nan)
[2026-08-15 11:00:21]  [行2] 解析成功: SHSE.600460 [士兰微] BUY @ 32.75 (VR:nan)
[2026-08-15 11:00:21]  [行3] 解析成功: SZSE.002552 [宝鼎科技] BUY @ 60.65 (VR:nan)
[2026-08-15 11:00:21]  [行4] 解析成功: SZSE.002643 [万润股份] SELL @ 14.27 (VR:nan)
[2026-08-15 11:00:21]  [行5] 解析成功: SZSE.000920 [沃顿科技] BUY @ 11.74 (VR:nan)
[2026-08-15 11:00:21]  [行6] 解析成功: SZSE.000823 [超声电子] BUY @ 15.3 (VR:nan)
[2026-08-15 11:00:21]  [行7] 解析成功: SZSE.301070 [开勒股份] BUY @ 67.24 (VR:nan)
[2026-08-15 11:00:21]  [行8] 解析成功: SHSE.600259 [中稀有色] SELL @ 92.2 (VR:nan)
[2026-08-15 11:00:21]  [行9] 解析成功: SHSE.600460 [士兰微] BUY @ 32.75 (VR:nan)
[2026-08-15 11:00:21]  [行10] 解析成功: SZSE.002552 [宝鼎科技] BUY @ 60.65 (VR:nan)
[2026-08-15 11:00:21]  [行11] 解析成功: SZSE.002643 [万润股份] SELL @ 14.27 (VR:nan)
[2026-08-15 11:00:21]  [行12] 解析成功: SZSE.000920 [沃顿科技] BUY @ 11.74 (VR:nan)
[2026-08-15 11:00:21]  [行13] 解析成功: SZSE.000823 [超声电子] BUY @ 15.3 (VR:nan)
[2026-08-15 11:00:21]  [行14] 解析成功: SZSE.301070 [开勒股份] BUY @ 67.24 (VR:nan)
[2026-08-15 11:00:21] 成功保存 14 条因子至: signal_batch_20260815_110021_496339.txt
[2026-08-15 11:00:21]  QQ-主 邮件 6413 处理完成
[2026-08-15 11:00:21]  QQ-主 正在解析因子: =?utf-8?b?QWxwaGFQaWxvdCDlrp7ml7bkv6Hlj7cgKGFscGhhX3NpZ25hbF90aHJfMjAyNjA4MTVfMTAyOS5qc29uKSBb5Li7UVEt5a+55aSWXQ==?=
[2026-08-15 11:00:21]  发现表格，共 12 行数据
[2026-08-15 11:00:21]  动态索引映射: ['股票代码', '股票名称', '信号', '当前价格', '量比', '来源过滤']
[2026-08-15 11:00:21]  [行1] 解析成功: SHSE.688216 [气派科技] BUY @ 31.29 (VR:nan)
[2026-08-15 11:00:21]  [行2] 解析成功: SHSE.688721 [龙图光罩] BUY @ 41.37 (VR:nan)
[2026-08-15 11:00:21]  [行3] 解析成功: SHSE.688249 [晶合集成] BUY @ 40.09 (VR:nan)
[2026-08-15 11:00:21]  [行4] 解析成功: SHSE.688138 [清溢光电] BUY @ 34.21 (VR:nan)
[2026-08-15 11:00:21]  [行5] 解析成功: SZSE.301392 [汇成真空] BUY @ 169.0 (VR:nan)
[2026-08-15 11:00:21]  [行6] 解析成功: SZSE.300088 [长信科技] BUY @ 7.58 (VR:nan)
[2026-08-15 11:00:21]  [行7] 解析成功: SHSE.688216 [气派科技] BUY @ 31.29 (VR:nan)
[2026-08-15 11:00:21]  [行8] 解析成功: SHSE.688721 [龙图光罩] BUY @ 41.37 (VR:nan)
[2026-08-15 11:00:21]  [行9] 解析成功: SHSE.688249 [晶合集成] BUY @ 40.09 (VR:nan)
[2026-08-15 11:00:21]  [行10] 解析成功: SHSE.688138 [清溢光电] BUY @ 34.21 (VR:nan)
[2026-08-15 11:00:21]  [行11] 解析成功: SZSE.301392 [汇成真空] BUY @ 169.0 (VR:nan)
[2026-08-15 11:00:21]  [行12] 解析成功: SZSE.300088 [长信科技] BUY @ 7.58 (VR:nan)
[2026-08-15 11:00:21] 成功保存 12 条因子至: signal_batch_20260815_110021_761448.txt
[2026-08-15 11:00:21]  QQ-主 邮件 6417 处理完成
[2026-08-15 11:00:21]  QQ-主 本轮共成功处理 13 封有效信号邮件
[2026-08-15 11:00:21]  正在连接 QQ-备用 邮箱服务器 (shouqianbadavid@qq.com) ...
[2026-08-15 11:00:22]  QQ-备用 正在解析因子: =?utf-8?b?QWxwaGFQaWxvdCDlpIfku73kv6Hlj7cgKGFscGhhX3NpZ25hbF90aHJfMjAyNjA4MTVfMDk0MS5qc29uKSBb5aSHUVEt6Ieq5L+dXQ==?=
[2026-08-15 11:00:22]  发现表格，共 12 行数据
[2026-08-15 11:00:22]  动态索引映射: ['股票代码', '股票名称', '信号', '当前价格', '量比', '来源过滤']
[2026-08-15 11:00:22]  [行1] 解析成功: SHSE.688216 [气派科技] BUY @ 31.29 (VR:nan)
[2026-08-15 11:00:22]  [行2] 解析成功: SHSE.688721 [龙图光罩] BUY @ 41.37 (VR:nan)
[2026-08-15 11:00:22]  [行3] 解析成功: SHSE.688249 [晶合集成] BUY @ 40.09 (VR:nan)
[2026-08-15 11:00:22]  [行4] 解析成功: SHSE.688138 [清溢光电] BUY @ 34.21 (VR:nan)
[2026-08-15 11:00:22]  [行5] 解析成功: SZSE.301392 [汇成真空] BUY @ 169.0 (VR:nan)
[2026-08-15 11:00:22]  [行6] 解析成功: SZSE.300088 [长信科技] BUY @ 7.58 (VR:nan)
[2026-08-15 11:00:22]  [行7] 解析成功: SHSE.688216 [气派科技] BUY @ 31.29 (VR:nan)
[2026-08-15 11:00:22]  [行8] 解析成功: SHSE.688721 [龙图光罩] BUY @ 41.37 (VR:nan)
[2026-08-15 11:00:22]  [行9] 解析成功: SHSE.688249 [晶合集成] BUY @ 40.09 (VR:nan)
[2026-08-15 11:00:22]  [行10] 解析成功: SHSE.688138 [清溢光电] BUY @ 34.21 (VR:nan)
[2026-08-15 11:00:22]  [行11] 解析成功: SZSE.301392 [汇成真空] BUY @ 169.0 (VR:nan)
[2026-08-15 11:00:22]  [行12] 解析成功: SZSE.300088 [长信科技] BUY @ 7.58 (VR:nan)
[2026-08-15 11:00:22] 成功保存 12 条因子至: signal_batch_20260815_110022_691247.txt
[2026-08-15 11:00:22]  QQ-备用 邮件 4022 处理完成
[2026-08-15 11:00:22]  QQ-备用 正在解析因子: =?utf-8?b?QWxwaGFQaWxvdCDlpIfku73kv6Hlj7cgKGFscGhhX3NpZ25hbF90aHJfMjAyNjA4MTVfMDk0Ny5qc29uKSBb5aSHUVEt6Ieq5L+dXQ==?=
[2026-08-15 11:00:22]  发现表格，共 4 行数据
[2026-08-15 11:00:22]  动态索引映射: ['股票代码', '股票名称', '信号', '当前价格', '量比', '来源过滤']
[2026-08-15 11:00:22]  [行1] 解析成功: SZSE.300346 [南大光电] BUY @ 58.71 (VR:nan)
[2026-08-15 11:00:22]  [行2] 解析成功: SZSE.300868 [杰美特] BUY @ 92.13 (VR:nan)
[2026-08-15 11:00:22]  [行3] 解析成功: SZSE.300346 [南大光电] BUY @ 58.71 (VR:nan)
[2026-08-15 11:00:22]  [行4] 解析成功: SZSE.300868 [杰美特] BUY @ 92.13 (VR:nan)
[2026-08-15 11:00:22] 成功保存 4 条因子至: signal_batch_20260815_110022_967433.txt
[2026-08-15 11:00:23]  QQ-备用 邮件 4026 处理完成
[2026-08-15 11:00:23]  QQ-备用 正在解析因子: =?utf-8?b?QWxwaGFQaWxvdCDlpIfku73kv6Hlj7cgKGFscGhhX3NpZ25hbF90aHJfMjAyNjA4MTVfMDk1NC5qc29uKSBb5aSHUVEt6Ieq5L+dXQ==?=
[2026-08-15 11:00:23]  发现表格，共 8 行数据
[2026-08-15 11:00:23]  动态索引映射: ['股票代码', '股票名称', '信号', '当前价格', '量比', '来源过滤']
[2026-08-15 11:00:23]  [行1] 解析成功: SHSE.688019 [安集科技] BUY @ 248.2 (VR:nan)
[2026-08-15 11:00:23]  [行2] 解析成功: SHSE.688261 [东微半导] BUY @ 71.35 (VR:nan)
[2026-08-15 11:00:23]  [行3] 解析成功: SZSE.300821 [东岳硅材] BUY @ 17.03 (VR:nan)
[2026-08-15 11:00:23]  [行4] 解析成功: SZSE.300236 [上海新阳] BUY @ 93.95 (VR:nan)
[2026-08-15 11:00:23]  [行5] 解析成功: SHSE.688019 [安集科技] BUY @ 248.2 (VR:nan)
[2026-08-15 11:00:23]  [行6] 解析成功: SHSE.688261 [东微半导] BUY @ 71.35 (VR:nan)
[2026-08-15 11:00:23]  [行7] 解析成功: SZSE.300821 [东岳硅材] BUY @ 17.03 (VR:nan)
[2026-08-15 11:00:23]  [行8] 解析成功: SZSE.300236 [上海新阳] BUY @ 93.95 (VR:nan)
[2026-08-15 11:00:23] 成功保存 8 条因子至: signal_batch_20260815_110023_285445.txt
[2026-08-15 11:00:23]  QQ-备用 邮件 4030 处理完成
[2026-08-15 11:00:23]  QQ-备用 正在解析因子: =?utf-8?b?QWxwaGFQaWxvdCDlpIfku73kv6Hlj7cgKGFscGhhX3NpZ25hbF90aHJfMjAyNjA4MTVfMDk1Ny5qc29uKSBb5aSHUVEt6Ieq5L+dXQ==?=
[2026-08-15 11:00:23]  发现表格，共 12 行数据
[2026-08-15 11:00:23]  动态索引映射: ['股票代码', '股票名称', '信号', '当前价格', '量比', '来源过滤']
[2026-08-15 11:00:23]  [行1] 解析成功: SHSE.688216 [气派科技] BUY @ 31.29 (VR:nan)
[2026-08-15 11:00:23]  [行2] 解析成功: SHSE.688721 [龙图光罩] BUY @ 41.37 (VR:nan)
[2026-08-15 11:00:23]  [行3] 解析成功: SHSE.688249 [晶合集成] BUY @ 40.09 (VR:nan)
[2026-08-15 11:00:23]  [行4] 解析成功: SHSE.688138 [清溢光电] BUY @ 34.21 (VR:nan)
[2026-08-15 11:00:23]  [行5] 解析成功: SZSE.301392 [汇成真空] BUY @ 169.0 (VR:nan)
[2026-08-15 11:00:23]  [行6] 解析成功: SZSE.300088 [长信科技] BUY @ 7.58 (VR:nan)
[2026-08-15 11:00:23]  [行7] 解析成功: SHSE.688216 [气派科技] BUY @ 31.29 (VR:nan)
[2026-08-15 11:00:23]  [行8] 解析成功: SHSE.688721 [龙图光罩] BUY @ 41.37 (VR:nan)
[2026-08-15 11:00:23]  [行9] 解析成功: SHSE.688249 [晶合集成] BUY @ 40.09 (VR:nan)
[2026-08-15 11:00:23]  [行10] 解析成功: SHSE.688138 [清溢光电] BUY @ 34.21 (VR:nan)
[2026-08-15 11:00:23]  [行11] 解析成功: SZSE.301392 [汇成真空] BUY @ 169.0 (VR:nan)
[2026-08-15 11:00:23]  [行12] 解析成功: SZSE.300088 [长信科技] BUY @ 7.58 (VR:nan)
[2026-08-15 11:00:23] 成功保存 12 条因子至: signal_batch_20260815_110023_595013.txt
[2026-08-15 11:00:23]  QQ-备用 邮件 4032 处理完成
[2026-08-15 11:00:23]  QQ-备用 正在解析因子: =?utf-8?b?QWxwaGFQaWxvdCDlpIfku73kv6Hlj7cgKGFscGhhX3NpZ25hbF90aHJfMjAyNjA4MTVfMTAwMC5qc29uKSBb5aSHUVEt6Ieq5L+dXQ==?=
[2026-08-15 11:00:23]  发现表格，共 10 行数据
[2026-08-15 11:00:23]  动态索引映射: ['股票代码', '股票名称', '信号', '当前价格', '量比', '来源过滤']
[2026-08-15 11:00:23]  [行1] 解析成功: SHSE.688110 [东芯股份] BUY @ 117.09 (VR:nan)
[2026-08-15 11:00:23]  [行2] 解析成功: SHSE.688665 [四方光电] SELL @ 45.86 (VR:nan)
[2026-08-15 11:00:23]  [行3] 解析成功: SHSE.688227 [品高股份] SELL @ 82.01 (VR:nan)
[2026-08-15 11:00:23]  [行4] 解析成功: SZSE.300852 [四会富仕] BUY @ 45.4 (VR:nan)
[2026-08-15 11:00:23]  [行5] 解析成功: SZSE.301045 [天禄科技] BUY @ 69.4 (VR:nan)
[2026-08-15 11:00:23]  [行6] 解析成功: SHSE.688110 [东芯股份] BUY @ 117.09 (VR:nan)
[2026-08-15 11:00:23]  [行7] 解析成功: SHSE.688665 [四方光电] SELL @ 45.86 (VR:nan)
[2026-08-15 11:00:23]  [行8] 解析成功: SHSE.688227 [品高股份] SELL @ 82.01 (VR:nan)
[2026-08-15 11:00:23]  [行9] 解析成功: SZSE.300852 [四会富仕] BUY @ 45.4 (VR:nan)
[2026-08-15 11:00:23]  [行10] 解析成功: SZSE.301045 [天禄科技] BUY @ 69.4 (VR:nan)
[2026-08-15 11:00:23] 成功保存 10 条因子至: signal_batch_20260815_110023_865457.txt
[2026-08-15 11:00:24]  QQ-备用 邮件 4034 处理完成
[2026-08-15 11:00:24]  QQ-备用 正在解析因子: =?utf-8?b?QWxwaGFQaWxvdCDlpIfku73kv6Hlj7cgKGFscGhhX3NpZ25hbF90aHJfMjAyNjA4MTVfMTAwMy5qc29uKSBb5aSHUVEt6Ieq5L+dXQ==?=
[2026-08-15 11:00:24]  发现表格，共 4 行数据
[2026-08-15 11:00:24]  动态索引映射: ['股票代码', '股票名称', '信号', '当前价格', '量比', '来源过滤']
[2026-08-15 11:00:24]  [行1] 解析成功: SZSE.300346 [南大光电] BUY @ 58.71 (VR:nan)
[2026-08-15 11:00:24]  [行2] 解析成功: SZSE.300868 [杰美特] BUY @ 92.13 (VR:nan)
[2026-08-15 11:00:24]  [行3] 解析成功: SZSE.300346 [南大光电] BUY @ 58.71 (VR:nan)
[2026-08-15 11:00:24]  [行4] 解析成功: SZSE.300868 [杰美特] BUY @ 92.13 (VR:nan)
[2026-08-15 11:00:24] 成功保存 4 条因子至: signal_batch_20260815_110024_156465.txt
[2026-08-15 11:00:24]  QQ-备用 邮件 4036 处理完成
[2026-08-15 11:00:24]  QQ-备用 正在解析因子: =?utf-8?b?QWxwaGFQaWxvdCDlpIfku73kv6Hlj7cgKGFscGhhX3NpZ25hbF90aHJfMjAyNjA4MTVfMTAxMC5qc29uKSBb5aSHUVEt6Ieq5L+dXQ==?=
[2026-08-15 11:00:24]  发现表格，共 8 行数据
[2026-08-15 11:00:24]  动态索引映射: ['股票代码', '股票名称', '信号', '当前价格', '量比', '来源过滤']
[2026-08-15 11:00:24]  [行1] 解析成功: SHSE.688019 [安集科技] BUY @ 248.2 (VR:nan)
[2026-08-15 11:00:24]  [行2] 解析成功: SHSE.688261 [东微半导] BUY @ 71.35 (VR:nan)
[2026-08-15 11:00:24]  [行3] 解析成功: SZSE.300821 [东岳硅材] BUY @ 17.03 (VR:nan)
[2026-08-15 11:00:24]  [行4] 解析成功: SZSE.300236 [上海新阳] BUY @ 93.95 (VR:nan)
[2026-08-15 11:00:24]  [行5] 解析成功: SHSE.688019 [安集科技] BUY @ 248.2 (VR:nan)
[2026-08-15 11:00:24]  [行6] 解析成功: SHSE.688261 [东微半导] BUY @ 71.35 (VR:nan)
[2026-08-15 11:00:24]  [行7] 解析成功: SZSE.300821 [东岳硅材] BUY @ 17.03 (VR:nan)
[2026-08-15 11:00:24]  [行8] 解析成功: SZSE.300236 [上海新阳] BUY @ 93.95 (VR:nan)
[2026-08-15 11:00:24] 成功保存 8 条因子至: signal_batch_20260815_110024_445691.txt
[2026-08-15 11:00:24]  QQ-备用 邮件 4040 处理完成
[2026-08-15 11:00:24]  QQ-备用 正在解析因子: =?utf-8?b?QWxwaGFQaWxvdCDlpIfku73kv6Hlj7cgKGFscGhhX3NpZ25hbF90aHJfMjAyNjA4MTVfMTAxNi5qc29uKSBb5aSHUVEt6Ieq5L+dXQ==?=
[2026-08-15 11:00:24]  发现表格，共 10 行数据
[2026-08-15 11:00:24]  动态索引映射: ['股票代码', '股票名称', '信号', '当前价格', '量比', '来源过滤']
[2026-08-15 11:00:24]  [行1] 解析成功: SHSE.688110 [东芯股份] BUY @ 117.09 (VR:nan)
[2026-08-15 11:00:24]  [行2] 解析成功: SHSE.688665 [四方光电] SELL @ 45.86 (VR:nan)
[2026-08-15 11:00:24]  [行3] 解析成功: SHSE.688227 [品高股份] SELL @ 82.01 (VR:nan)
[2026-08-15 11:00:24]  [行4] 解析成功: SZSE.300852 [四会富仕] BUY @ 45.4 (VR:nan)
[2026-08-15 11:00:24]  [行5] 解析成功: SZSE.301045 [天禄科技] BUY @ 69.4 (VR:nan)
[2026-08-15 11:00:24]  [行6] 解析成功: SHSE.688110 [东芯股份] BUY @ 117.09 (VR:nan)
[2026-08-15 11:00:24]  [行7] 解析成功: SHSE.688665 [四方光电] SELL @ 45.86 (VR:nan)
[2026-08-15 11:00:24]  [行8] 解析成功: SHSE.688227 [品高股份] SELL @ 82.01 (VR:nan)
[2026-08-15 11:00:24]  [行9] 解析成功: SZSE.300852 [四会富仕] BUY @ 45.4 (VR:nan)
[2026-08-15 11:00:24]  [行10] 解析成功: SZSE.301045 [天禄科技] BUY @ 69.4 (VR:nan)
[2026-08-15 11:00:24] 成功保存 10 条因子至: signal_batch_20260815_110024_729975.txt
[2026-08-15 11:00:24]  QQ-备用 邮件 4044 处理完成
[2026-08-15 11:00:24]  QQ-备用 正在解析因子: =?utf-8?b?QWxwaGFQaWxvdCDlpIfku73kv6Hlj7cgKGFscGhhX3NpZ25hbF90aHJfMjAyNjA4MTVfMTAyMy5qc29uKSBb5aSHUVEt6Ieq5L+dXQ==?=
[2026-08-15 11:00:25]  发现表格，共 14 行数据
[2026-08-15 11:00:25]  动态索引映射: ['股票代码', '股票名称', '信号', '当前价格', '量比', '来源过滤']
[2026-08-15 11:00:25]  [行1] 解析成功: SHSE.600259 [中稀有色] SELL @ 92.2 (VR:nan)
[2026-08-15 11:00:25]  [行2] 解析成功: SHSE.600460 [士兰微] BUY @ 32.75 (VR:nan)
[2026-08-15 11:00:25]  [行3] 解析成功: SZSE.002552 [宝鼎科技] BUY @ 60.65 (VR:nan)
[2026-08-15 11:00:25]  [行4] 解析成功: SZSE.002643 [万润股份] SELL @ 14.27 (VR:nan)
[2026-08-15 11:00:25]  [行5] 解析成功: SZSE.000920 [沃顿科技] BUY @ 11.74 (VR:nan)
[2026-08-15 11:00:25]  [行6] 解析成功: SZSE.000823 [超声电子] BUY @ 15.3 (VR:nan)
[2026-08-15 11:00:25]  [行7] 解析成功: SZSE.301070 [开勒股份] BUY @ 67.24 (VR:nan)
[2026-08-15 11:00:25]  [行8] 解析成功: SHSE.600259 [中稀有色] SELL @ 92.2 (VR:nan)
[2026-08-15 11:00:25]  [行9] 解析成功: SHSE.600460 [士兰微] BUY @ 32.75 (VR:nan)
[2026-08-15 11:00:25]  [行10] 解析成功: SZSE.002552 [宝鼎科技] BUY @ 60.65 (VR:nan)
[2026-08-15 11:00:25]  [行11] 解析成功: SZSE.002643 [万润股份] SELL @ 14.27 (VR:nan)
[2026-08-15 11:00:25]  [行12] 解析成功: SZSE.000920 [沃顿科技] BUY @ 11.74 (VR:nan)
[2026-08-15 11:00:25]  [行13] 解析成功: SZSE.000823 [超声电子] BUY @ 15.3 (VR:nan)
[2026-08-15 11:00:25]  [行14] 解析成功: SZSE.301070 [开勒股份] BUY @ 67.24 (VR:nan)
[2026-08-15 11:00:25] 成功保存 14 条因子至: signal_batch_20260815_110025_036465.txt
[2026-08-15 11:00:25]  QQ-备用 邮件 4048 处理完成
[2026-08-15 11:00:25]  QQ-备用 正在解析因子: =?utf-8?b?QWxwaGFQaWxvdCDlpIfku73kv6Hlj7cgKGFscGhhX3NpZ25hbF90aHJfMjAyNjA4MTVfMTAyNi5qc29uKSBb5aSHUVEt6Ieq5L+dXQ==?=
[2026-08-15 11:00:25]  发现表格，共 8 行数据
[2026-08-15 11:00:25]  动态索引映射: ['股票代码', '股票名称', '信号', '当前价格', '量比', '来源过滤']
[2026-08-15 11:00:25]  [行1] 解析成功: SHSE.688019 [安集科技] BUY @ 248.2 (VR:nan)
[2026-08-15 11:00:25]  [行2] 解析成功: SHSE.688261 [东微半导] BUY @ 71.35 (VR:nan)
[2026-08-15 11:00:25]  [行3] 解析成功: SZSE.300821 [东岳硅材] BUY @ 17.03 (VR:nan)
[2026-08-15 11:00:25]  [行4] 解析成功: SZSE.300236 [上海新阳] BUY @ 93.95 (VR:nan)
[2026-08-15 11:00:25]  [行5] 解析成功: SHSE.688019 [安集科技] BUY @ 248.2 (VR:nan)
[2026-08-15 11:00:25]  [行6] 解析成功: SHSE.688261 [东微半导] BUY @ 71.35 (VR:nan)
[2026-08-15 11:00:25]  [行7] 解析成功: SZSE.300821 [东岳硅材] BUY @ 17.03 (VR:nan)
[2026-08-15 11:00:25]  [行8] 解析成功: SZSE.300236 [上海新阳] BUY @ 93.95 (VR:nan)
[2026-08-15 11:00:25] 成功保存 8 条因子至: signal_batch_20260815_110025_303020.txt
[2026-08-15 11:00:25]  QQ-备用 邮件 4050 处理完成
[2026-08-15 11:00:25]  QQ-备用 正在解析因子: =?utf-8?b?QWxwaGFQaWxvdCDlpIfku73kv6Hlj7cgKGFscGhhX3NpZ25hbF90aHJfMjAyNjA4MTVfMTAyOS5qc29uKSBb5aSHUVEt6Ieq5L+dXQ==?=
[2026-08-15 11:00:25]  发现表格，共 12 行数据
[2026-08-15 11:00:25]  动态索引映射: ['股票代码', '股票名称', '信号', '当前价格', '量比', '来源过滤']
[2026-08-15 11:00:25]  [行1] 解析成功: SHSE.688216 [气派科技] BUY @ 31.29 (VR:nan)
[2026-08-15 11:00:25]  [行2] 解析成功: SHSE.688721 [龙图光罩] BUY @ 41.37 (VR:nan)
[2026-08-15 11:00:25]  [行3] 解析成功: SHSE.688249 [晶合集成] BUY @ 40.09 (VR:nan)
[2026-08-15 11:00:25]  [行4] 解析成功: SHSE.688138 [清溢光电] BUY @ 34.21 (VR:nan)
[2026-08-15 11:00:25]  [行5] 解析成功: SZSE.301392 [汇成真空] BUY @ 169.0 (VR:nan)
[2026-08-15 11:00:25]  [行6] 解析成功: SZSE.300088 [长信科技] BUY @ 7.58 (VR:nan)
[2026-08-15 11:00:25]  [行7] 解析成功: SHSE.688216 [气派科技] BUY @ 31.29 (VR:nan)
[2026-08-15 11:00:25]  [行8] 解析成功: SHSE.688721 [龙图光罩] BUY @ 41.37 (VR:nan)
[2026-08-15 11:00:25]  [行9] 解析成功: SHSE.688249 [晶合集成] BUY @ 40.09 (VR:nan)
[2026-08-15 11:00:25]  [行10] 解析成功: SHSE.688138 [清溢光电] BUY @ 34.21 (VR:nan)
[2026-08-15 11:00:25]  [行11] 解析成功: SZSE.301392 [汇成真空] BUY @ 169.0 (VR:nan)
[2026-08-15 11:00:25]  [行12] 解析成功: SZSE.300088 [长信科技] BUY @ 7.58 (VR:nan)
[2026-08-15 11:00:25] 成功保存 12 条因子至: signal_batch_20260815_110025_578199.txt
[2026-08-15 11:00:25]  QQ-备用 邮件 4052 处理完成
[2026-08-15 11:00:25]  QQ-备用 本轮共成功处理 11 封有效信号邮件
[2026-08-15 11:01:00]  正在连接 QQ-主 邮箱服务器 (497720537@qq.com) ...
[2026-08-15 11:01:01]  正在连接 QQ-备用 邮箱服务器 (shouqianbadavid@qq.com) ...
[2026-08-15 11:01:37]  正在连接 QQ-主 邮箱服务器 (497720537@qq.com) ...
[2026-08-15 11:01:38]  正在连接 QQ-备用 邮箱服务器 (shouqianbadavid@qq.com) ...
[2026-08-15 11:02:14]  正在连接 QQ-主 邮箱服务器 (497720537@qq.com) ...
[2026-08-15 11:02:15]  正在连接 QQ-备用 邮箱服务器 (shouqianbadavid@qq.com) ...
[2026-08-15 11:02:51]  正在连接 QQ-主 邮箱服务器 (497720537@qq.com) ...
[2026-08-15 11:02:52]  正在连接 QQ-备用 邮箱服务器 (shouqianbadavid@qq.com) ...
[2026-08-15 11:03:27]  正在连接 QQ-主 邮箱服务器 (497720537@qq.com) ...
[2026-08-15 11:03:28]  正在连接 QQ-备用 邮箱服务器 (shouqianbadavid@qq.com) ...
[2026-08-15 11:04:04]  正在连接 QQ-主 邮箱服务器 (497720537@qq.com) ...
[2026-08-15 11:04:05]  正在连接 QQ-备用 邮箱服务器 (shouqianbadavid@qq.com) ...
[2026-08-15 11:04:41]  正在连接 QQ-主 邮箱服务器 (497720537@qq.com) ...
[2026-08-15 11:04:42]  正在连接 QQ-备用 邮箱服务器 (shouqianbadavid@qq.com) ...
[2026-08-15 11:05:18]  正在连接 QQ-主 邮箱服务器 (497720537@qq.com) ...
[2026-08-15 11:05:18]  正在连接 QQ-备用 邮箱服务器 (shouqianbadavid@qq.com) ...
[2026-08-15 11:05:54]  正在连接 QQ-主 邮箱服务器 (497720537@qq.com) ...
[2026-08-15 11:05:55]  正在连接 QQ-备用 邮箱服务器 (shouqianbadavid@qq.com) ...
[2026-08-15 11:06:31]  正在连接 QQ-主 邮箱服务器 (497720537@qq.com) ...
[2026-08-15 11:06:32]  正在连接 QQ-备用 邮箱服务器 (shouqianbadavid@qq.com) ...
[2026-08-15 11:07:08]  正在连接 QQ-主 邮箱服务器 (497720537@qq.com) ...
[2026-08-15 11:07:09]  正在连接 QQ-备用 邮箱服务器 (shouqianbadavid@qq.com) ...
[2026-08-15 11:07:45]  正在连接 QQ-主 邮箱服务器 (497720537@qq.com) ...
[2026-08-15 11:07:46]  正在连接 QQ-备用 邮箱服务器 (shouqianbadavid@qq.com) ...
[2026-08-15 11:08:21]  正在连接 QQ-主 邮箱服务器 (497720537@qq.com) ...
[2026-08-15 11:08:22]  正在连接 QQ-备用 邮箱服务器 (shouqianbadavid@qq.com) ...
[2026-08-15 11:08:59]  正在连接 QQ-主 邮箱服务器 (497720537@qq.com) ...
[2026-08-15 11:08:59]  正在连接 QQ-备用 邮箱服务器 (shouqianbadavid@qq.com) ...
[2026-08-15 11:09:35]  正在连接 QQ-主 邮箱服务器 (497720537@qq.com) ...
[2026-08-15 11:09:36]  正在连接 QQ-备用 邮箱服务器 (shouqianbadavid@qq.com) ...
[2026-08-15 11:10:12]  正在连接 QQ-主 邮箱服务器 (497720537@qq.com) ...
[2026-08-15 11:10:13]  正在连接 QQ-备用 邮箱服务器 (shouqianbadavid@qq.com) ...
[2026-08-15 11:10:49]  正在连接 QQ-主 邮箱服务器 (497720537@qq.com) ...
[2026-08-15 11:10:50]  正在连接 QQ-备用 邮箱服务器 (shouqianbadavid@qq.com) ...
[2026-08-15 11:11:26]  正在连接 QQ-主 邮箱服务器 (497720537@qq.com) ...
[2026-08-15 11:11:27]  正在连接 QQ-备用 邮箱服务器 (shouqianbadavid@qq.com) ...
[2026-08-15 11:12:03]  正在连接 QQ-主 邮箱服务器 (497720537@qq.com) ...
[2026-08-15 11:12:04]  正在连接 QQ-备用 邮箱服务器 (shouqianbadavid@qq.com) ...
[2026-08-15 11:12:40]  正在连接 QQ-主 邮箱服务器 (497720537@qq.com) ...
[2026-08-15 11:12:40]  正在连接 QQ-备用 邮箱服务器 (shouqianbadavid@qq.com) ...
[2026-08-15 11:13:16]  正在连接 QQ-主 邮箱服务器 (497720537@qq.com) ...
[2026-08-15 11:13:17]  正在连接 QQ-备用 邮箱服务器 (shouqianbadavid@qq.com) ...
[2026-08-15 11:13:53]  正在连接 QQ-主 邮箱服务器 (497720537@qq.com) ...
[2026-08-15 11:13:54]  正在连接 QQ-备用 邮箱服务器 (shouqianbadavid@qq.com) ...
[2026-08-15 11:14:30]  正在连接 QQ-主 邮箱服务器 (497720537@qq.com) ...
[2026-08-15 11:14:31]  正在连接 QQ-备用 邮箱服务器 (shouqianbadavid@qq.com) ...
[2026-08-15 11:15:07]  正在连接 QQ-主 邮箱服务器 (497720537@qq.com) ...
[2026-08-15 11:15:08]  正在连接 QQ-备用 邮箱服务器 (shouqianbadavid@qq.com) ...
[2026-08-15 11:15:43]  正在连接 QQ-主 邮箱服务器 (497720537@qq.com) ...
[2026-08-15 11:15:44]  正在连接 QQ-备用 邮箱服务器 (shouqianbadavid@qq.com) ...
[2026-08-15 11:16:20]  正在连接 QQ-主 邮箱服务器 (497720537@qq.com) ...
[2026-08-15 11:16:21]  正在连接 QQ-备用 邮箱服务器 (shouqianbadavid@qq.com) ...
[2026-08-15 11:16:57]  正在连接 QQ-主 邮箱服务器 (497720537@qq.com) ...
[2026-08-15 11:16:58]  正在连接 QQ-备用 邮箱服务器 (shouqianbadavid@qq.com) ...
[2026-08-15 11:17:34]  正在连接 QQ-主 邮箱服务器 (497720537@qq.com) ...
[2026-08-15 11:17:34]  正在连接 QQ-备用 邮箱服务器 (shouqianbadavid@qq.com) ...
[2026-08-15 11:18:10]  正在连接 QQ-主 邮箱服务器 (497720537@qq.com) ...
[2026-08-15 11:18:11]  正在连接 QQ-备用 邮箱服务器 (shouqianbadavid@qq.com) ...
[2026-08-15 11:18:46]  正在连接 QQ-主 邮箱服务器 (497720537@qq.com) ...
[2026-08-15 11:18:47]  正在连接 QQ-备用 邮箱服务器 (shouqianbadavid@qq.com) ...
[2026-08-15 11:19:23]  正在连接 QQ-主 邮箱服务器 (497720537@qq.com) ...
[2026-08-15 11:19:24]  正在连接 QQ-备用 邮箱服务器 (shouqianbadavid@qq.com) ...
[2026-08-15 11:20:00]  正在连接 QQ-主 邮箱服务器 (497720537@qq.com) ...
[2026-08-15 11:20:01]  正在连接 QQ-备用 邮箱服务器 (shouqianbadavid@qq.com) ...
[2026-08-15 11:20:37]  正在连接 QQ-主 邮箱服务器 (497720537@qq.com) ...
[2026-08-15 11:20:38]  正在连接 QQ-备用 邮箱服务器 (shouqianbadavid@qq.com) ...
[2026-08-15 11:21:14]  正在连接 QQ-主 邮箱服务器 (497720537@qq.com) ...
[2026-08-15 11:21:15]  正在连接 QQ-备用 邮箱服务器 (shouqianbadavid@qq.com) ...
[2026-08-15 11:21:51]  正在连接 QQ-主 邮箱服务器 (497720537@qq.com) ...
[2026-08-15 11:21:51]  正在连接 QQ-备用 邮箱服务器 (shouqianbadavid@qq.com) ...
[2026-08-15 11:22:27]  正在连接 QQ-主 邮箱服务器 (497720537@qq.com) ...
[2026-08-15 11:22:28]  正在连接 QQ-备用 邮箱服务器 (shouqianbadavid@qq.com) ...
[2026-08-15 11:23:04]  正在连接 QQ-主 邮箱服务器 (497720537@qq.com) ...
[2026-08-15 11:23:05]  正在连接 QQ-备用 邮箱服务器 (shouqianbadavid@qq.com) ...
[2026-08-15 11:23:41]  正在连接 QQ-主 邮箱服务器 (497720537@qq.com) ...
[2026-08-15 11:23:42]  正在连接 QQ-备用 邮箱服务器 (shouqianbadavid@qq.com) ...
[2026-08-15 11:24:18]  正在连接 QQ-主 邮箱服务器 (497720537@qq.com) ...
[2026-08-15 11:24:19]  正在连接 QQ-备用 邮箱服务器 (shouqianbadavid@qq.com) ...
[2026-08-15 11:24:55]  正在连接 QQ-主 邮箱服务器 (497720537@qq.com) ...
[2026-08-15 11:24:56]  正在连接 QQ-备用 邮箱服务器 (shouqianbadavid@qq.com) ...
[2026-08-15 11:25:32]  正在连接 QQ-主 邮箱服务器 (497720537@qq.com) ...
[2026-08-15 11:25:33]  正在连接 QQ-备用 邮箱服务器 (shouqianbadavid@qq.com) ...
[2026-08-15 11:26:09]  正在连接 QQ-主 邮箱服务器 (497720537@qq.com) ...
[2026-08-15 11:26:10]  正在连接 QQ-备用 邮箱服务器 (shouqianbadavid@qq.com) ...
[2026-08-15 11:26:46]  正在连接 QQ-主 邮箱服务器 (497720537@qq.com) ...
[2026-08-15 11:26:47]  正在连接 QQ-备用 邮箱服务器 (shouqianbadavid@qq.com) ...
[2026-08-15 11:27:23]  正在连接 QQ-主 邮箱服务器 (497720537@qq.com) ...
[2026-08-15 11:27:23]  正在连接 QQ-备用 邮箱服务器 (shouqianbadavid@qq.com) ...
[2026-08-15 11:27:59]  正在连接 QQ-主 邮箱服务器 (497720537@qq.com) ...
[2026-08-15 11:28:00]  正在连接 QQ-备用 邮箱服务器 (shouqianbadavid@qq.com) ...
[2026-08-15 11:28:36]  正在连接 QQ-主 邮箱服务器 (497720537@qq.com) ...
[2026-08-15 11:28:37]  正在连接 QQ-备用 邮箱服务器 (shouqianbadavid@qq.com) ...
[2026-08-15 11:29:13]  正在连接 QQ-主 邮箱服务器 (497720537@qq.com) ...
[2026-08-15 11:29:14]  正在连接 QQ-备用 邮箱服务器 (shouqianbadavid@qq.com) ...
[2026-08-15 11:29:50]  正在连接 QQ-主 邮箱服务器 (497720537@qq.com) ...
[2026-08-15 11:29:51]  正在连接 QQ-备用 邮箱服务器 (shouqianbadavid@qq.com) ...
[2026-08-15 11:30:26]  正在连接 QQ-主 邮箱服务器 (497720537@qq.com) ...
[2026-08-15 11:30:27]  正在连接 QQ-备用 邮箱服务器 (shouqianbadavid@qq.com) ...
[2026-08-15 11:31:04]  正在连接 QQ-主 邮箱服务器 (497720537@qq.com) ...
[2026-08-15 11:31:05]  正在连接 QQ-备用 邮箱服务器 (shouqianbadavid@qq.com) ...
[2026-08-15 11:31:41]  正在连接 QQ-主 邮箱服务器 (497720537@qq.com) ...
[2026-08-15 11:31:42]  正在连接 QQ-备用 邮箱服务器 (shouqianbadavid@qq.com) ...
[2026-08-15 11:32:18]  正在连接 QQ-主 邮箱服务器 (497720537@qq.com) ...
[2026-08-15 11:32:19]  正在连接 QQ-备用 邮箱服务器 (shouqianbadavid@qq.com) ...
[2026-08-15 11:32:55]  正在连接 QQ-主 邮箱服务器 (497720537@qq.com) ...
[2026-08-15 11:32:55]  正在连接 QQ-备用 邮箱服务器 (shouqianbadavid@qq.com) ...
[2026-08-15 11:33:31]  正在连接 QQ-主 邮箱服务器 (497720537@qq.com) ...
[2026-08-15 11:33:32]  正在连接 QQ-备用 邮箱服务器 (shouqianbadavid@qq.com) ...
[2026-08-15 11:34:07]  正在连接 QQ-主 邮箱服务器 (497720537@qq.com) ...
[2026-08-15 11:34:08]  正在连接 QQ-备用 邮箱服务器 (shouqianbadavid@qq.com) ...
[2026-08-15 11:34:45]  正在连接 QQ-主 邮箱服务器 (497720537@qq.com) ...
[2026-08-15 11:34:46]  正在连接 QQ-备用 邮箱服务器 (shouqianbadavid@qq.com) ...
[2026-08-15 11:35:22]  正在连接 QQ-主 邮箱服务器 (497720537@qq.com) ...
[2026-08-15 11:35:23]  正在连接 QQ-备用 邮箱服务器 (shouqianbadavid@qq.com) ...
[2026-08-15 11:35:59]  正在连接 QQ-主 邮箱服务器 (497720537@qq.com) ...
[2026-08-15 11:36:00]  正在连接 QQ-备用 邮箱服务器 (shouqianbadavid@qq.com) ...
[2026-08-15 11:36:36]  正在连接 QQ-主 邮箱服务器 (497720537@qq.com) ...
[2026-08-15 11:36:37]  正在连接 QQ-备用 邮箱服务器 (shouqianbadavid@qq.com) ...
[2026-08-15 11:37:13]  正在连接 QQ-主 邮箱服务器 (497720537@qq.com) ...
[2026-08-15 11:37:14]  正在连接 QQ-备用 邮箱服务器 (shouqianbadavid@qq.com) ...
[2026-08-15 11:37:50]  正在连接 QQ-主 邮箱服务器 (497720537@qq.com) ...
[2026-08-15 11:37:51]  正在连接 QQ-备用 邮箱服务器 (shouqianbadavid@qq.com) ...
[2026-08-15 11:38:27]  正在连接 QQ-主 邮箱服务器 (497720537@qq.com) ...
[2026-08-15 11:38:28]  正在连接 QQ-备用 邮箱服务器 (shouqianbadavid@qq.com) ...
[2026-08-15 11:39:04]  正在连接 QQ-主 邮箱服务器 (497720537@qq.com) ...
[2026-08-15 11:39:04]  正在连接 QQ-备用 邮箱服务器 (shouqianbadavid@qq.com) ...
[2026-08-15 11:39:40]  正在连接 QQ-主 邮箱服务器 (497720537@qq.com) ...
[2026-08-15 11:39:41]  正在连接 QQ-备用 邮箱服务器 (shouqianbadavid@qq.com) ...
[2026-08-15 11:40:17]  正在连接 QQ-主 邮箱服务器 (497720537@qq.com) ...
[2026-08-15 11:40:18]  正在连接 QQ-备用 邮箱服务器 (shouqianbadavid@qq.com) ...
[2026-08-15 11:40:53]  正在连接 QQ-主 邮箱服务器 (497720537@qq.com) ...
[2026-08-15 11:40:54]  正在连接 QQ-备用 邮箱服务器 (shouqianbadavid@qq.com) ...
[2026-08-15 11:41:30]  正在连接 QQ-主 邮箱服务器 (497720537@qq.com) ...
[2026-08-15 11:41:31]  正在连接 QQ-备用 邮箱服务器 (shouqianbadavid@qq.com) ...
[2026-08-15 11:42:07]  正在连接 QQ-主 邮箱服务器 (497720537@qq.com) ...
[2026-08-15 11:42:08]  正在连接 QQ-备用 邮箱服务器 (shouqianbadavid@qq.com) ...
[2026-08-15 11:42:44]  正在连接 QQ-主 邮箱服务器 (497720537@qq.com) ...
[2026-08-15 11:42:45]  正在连接 QQ-备用 邮箱服务器 (shouqianbadavid@qq.com) ...
[2026-08-15 11:43:21]  正在连接 QQ-主 邮箱服务器 (497720537@qq.com) ...
[2026-08-15 11:43:21]  正在连接 QQ-备用 邮箱服务器 (shouqianbadavid@qq.com) ...
[2026-08-15 11:43:57]  正在连接 QQ-主 邮箱服务器 (497720537@qq.com) ...
[2026-08-15 11:43:58]  正在连接 QQ-备用 邮箱服务器 (shouqianbadavid@qq.com) ...
[2026-08-15 11:44:34]  正在连接 QQ-主 邮箱服务器 (497720537@qq.com) ...
[2026-08-15 11:44:35]  正在连接 QQ-备用 邮箱服务器 (shouqianbadavid@qq.com) ...
[2026-08-15 11:45:11]  正在连接 QQ-主 邮箱服务器 (497720537@qq.com) ...
[2026-08-15 11:45:11]  正在连接 QQ-备用 邮箱服务器 (shouqianbadavid@qq.com) ...
[2026-08-15 11:45:47]  正在连接 QQ-主 邮箱服务器 (497720537@qq.com) ...
[2026-08-15 11:45:48]  正在连接 QQ-备用 邮箱服务器 (shouqianbadavid@qq.com) ...
[2026-08-15 11:46:24]  正在连接 QQ-主 邮箱服务器 (497720537@qq.com) ...
[2026-08-15 11:46:25]  正在连接 QQ-备用 邮箱服务器 (shouqianbadavid@qq.com) ...
[2026-08-15 11:47:01]  正在连接 QQ-主 邮箱服务器 (497720537@qq.com) ...
[2026-08-15 11:47:02]  正在连接 QQ-备用 邮箱服务器 (shouqianbadavid@qq.com) ...
[2026-08-15 11:47:37]  正在连接 QQ-主 邮箱服务器 (497720537@qq.com) ...
[2026-08-15 11:47:38]  正在连接 QQ-备用 邮箱服务器 (shouqianbadavid@qq.com) ...
[2026-08-15 11:48:15]  正在连接 QQ-主 邮箱服务器 (497720537@qq.com) ...
[2026-08-15 11:48:16]  正在连接 QQ-备用 邮箱服务器 (shouqianbadavid@qq.com) ...
[2026-08-15 11:48:51]  正在连接 QQ-主 邮箱服务器 (497720537@qq.com) ...
[2026-08-15 11:48:52]  正在连接 QQ-备用 邮箱服务器 (shouqianbadavid@qq.com) ...
[2026-08-15 11:49:28]  正在连接 QQ-主 邮箱服务器 (497720537@qq.com) ...
[2026-08-15 11:49:29]  正在连接 QQ-备用 邮箱服务器 (shouqianbadavid@qq.com) ...
[2026-08-15 11:50:05]  正在连接 QQ-主 邮箱服务器 (497720537@qq.com) ...
[2026-08-15 11:50:06]  正在连接 QQ-备用 邮箱服务器 (shouqianbadavid@qq.com) ...
[2026-08-15 11:50:43]  正在连接 QQ-主 邮箱服务器 (497720537@qq.com) ...
[2026-08-15 11:50:44]  正在连接 QQ-备用 邮箱服务器 (shouqianbadavid@qq.com) ...
[2026-08-15 11:51:20]  正在连接 QQ-主 邮箱服务器 (497720537@qq.com) ...
[2026-08-15 11:51:21]  正在连接 QQ-备用 邮箱服务器 (shouqianbadavid@qq.com) ...
[2026-08-15 11:51:57]  正在连接 QQ-主 邮箱服务器 (497720537@qq.com) ...
[2026-08-15 11:51:58]  正在连接 QQ-备用 邮箱服务器 (shouqianbadavid@qq.com) ...
[2026-08-15 11:52:34]  正在连接 QQ-主 邮箱服务器 (497720537@qq.com) ...
[2026-08-15 11:52:36]  正在连接 QQ-备用 邮箱服务器 (shouqianbadavid@qq.com) ...
[2026-08-15 11:53:12]  正在连接 QQ-主 邮箱服务器 (497720537@qq.com) ...
[2026-08-15 11:53:13]  正在连接 QQ-备用 邮箱服务器 (shouqianbadavid@qq.com) ...
[2026-08-15 11:53:49]  正在连接 QQ-主 邮箱服务器 (497720537@qq.com) ...
[2026-08-15 11:53:50]  正在连接 QQ-备用 邮箱服务器 (shouqianbadavid@qq.com) ...
[2026-08-15 11:54:26]  正在连接 QQ-主 邮箱服务器 (497720537@qq.com) ...
[2026-08-15 11:54:27]  正在连接 QQ-备用 邮箱服务器 (shouqianbadavid@qq.com) ...
[2026-08-15 11:55:04]  正在连接 QQ-主 邮箱服务器 (497720537@qq.com) ...
[2026-08-15 11:55:05]  正在连接 QQ-备用 邮箱服务器 (shouqianbadavid@qq.com) ...
[2026-08-15 11:55:41]  正在连接 QQ-主 邮箱服务器 (497720537@qq.com) ...
[2026-08-15 11:55:42]  正在连接 QQ-备用 邮箱服务器 (shouqianbadavid@qq.com) ...
