[2026-07-08 09:31:51]  AlphaPilot 监听服务 (Pro 多邮箱版) 启动...
[2026-07-08 09:31:51]  信号保存目录: D:\mpython\signals
[2026-07-08 09:31:51]  日志文件: D:\mpython\logs_receiver\receiver_20260708.log
[2026-07-08 09:31:51]  正在连接 QQ-主 邮箱服务器 (497720537@qq.com) ...
[2026-07-08 09:31:52]  QQ-主 正在解析因子: =?utf-8?b?QWxwaGFQaWxvdCDlrp7ml7bkv6Hlj7cgKGFscGhhX3NpZ25hbF90aHJfMjAyNjA3MDdfMTMwMi5qc29uKSBb5Li7UVEt5a+55aSWXQ==?=
[2026-07-08 09:31:52]  发现表格，共 14 行数据
[2026-07-08 09:31:52]  动态索引映射: ['股票代码', '股票名称', '信号', '当前价格', '量比', '来源过滤']
[2026-07-08 09:31:52]  [行1] 解析成功: SHSE.603773 [沃格光电] SELL @ 120.87 (VR:0.09)
[2026-07-08 09:31:52]  [行2] 解析成功: SHSE.605111 [新洁能] SELL @ 77.9 (VR:0.27)
[2026-07-08 09:31:52]  [行3] 解析成功: SZSE.002552 [宝鼎科技] BUY @ 55.53 (VR:1.95)
[2026-07-08 09:31:52]  [行4] 解析成功: SZSE.003031 [中瓷电子] BUY @ 146.32 (VR:0.66)
[2026-07-08 09:31:52]  [行5] 解析成功: SZSE.002937 [兴瑞科技] BUY @ 42.51 (VR:0.22)
[2026-07-08 09:31:52]  [行6] 解析成功: SZSE.000823 [超声电子] SELL @ 19.22 (VR:0.53)
[2026-07-08 09:31:52]  [行7] 解析成功: SZSE.301070 [开勒股份] SELL @ 83.64 (VR:0.29)
[2026-07-08 09:31:52]  [行8] 解析成功: SHSE.603773 [沃格光电] SELL @ 120.0 (VR:0.34)
[2026-07-08 09:31:52]  [行9] 解析成功: SHSE.605111 [新洁能] SELL @ 77.78 (VR:0.29)
[2026-07-08 09:31:52]  [行10] 解析成功: SZSE.002552 [宝鼎科技] BUY @ 55.62 (VR:0.05)
[2026-07-08 09:31:52]  [行11] 解析成功: SZSE.003031 [中瓷电子] BUY @ 146.77 (VR:0.0)
[2026-07-08 09:31:52]  [行12] 解析成功: SZSE.002937 [兴瑞科技] BUY @ 42.63 (VR:0.44)
[2026-07-08 09:31:52]  [行13] 解析成功: SZSE.000823 [超声电子] SELL @ 19.21 (VR:0.25)
[2026-07-08 09:31:52]  [行14] 解析成功: SZSE.301070 [开勒股份] SELL @ 83.34 (VR:0.07)
[2026-07-08 09:31:52] 成功保存 14 条因子至: signal_batch_20260708_093152_607129.txt
[2026-07-08 09:31:52]  QQ-主 邮件 5245 处理完成
[2026-07-08 09:31:52]  QQ-主 正在解析因子: =?utf-8?b?QWxwaGFQaWxvdCDlrp7ml7bkv6Hlj7cgKGFscGhhX3NpZ25hbF90aHJfMjAyNjA3MDdfMTMwNS5qc29uKSBb5Li7UVEt5a+55aSWXQ==?=
[2026-07-08 09:31:52]  发现表格，共 8 行数据
[2026-07-08 09:31:52]  动态索引映射: ['股票代码', '股票名称', '信号', '当前价格', '量比', '来源过滤']
[2026-07-08 09:31:52]  [行1] 解析成功: SZSE.300821 [东岳硅材] BUY @ 23.83 (VR:0.28)
[2026-07-08 09:31:52]  [行2] 解析成功: SZSE.300236 [上海新阳] SELL @ 111.23 (VR:0.04)
[2026-07-08 09:31:52]  [行3] 解析成功: SZSE.300057 [万顺新材] SELL @ 8.92 (VR:0.06)
[2026-07-08 09:31:52]  [行4] 解析成功: SZSE.002635 [安洁科技] SELL @ 20.13 (VR:0.24)
[2026-07-08 09:31:52]  [行5] 解析成功: SZSE.300821 [东岳硅材] BUY @ 23.87 (VR:0.41)
[2026-07-08 09:31:52]  [行6] 解析成功: SZSE.300236 [上海新阳] SELL @ 110.5 (VR:0.36)
[2026-07-08 09:31:52]  [行7] 解析成功: SZSE.300057 [万顺新材] SELL @ 8.9 (VR:0.92)
[2026-07-08 09:31:52]  [行8] 解析成功: SZSE.002635 [安洁科技] SELL @ 20.09 (VR:0.43)
[2026-07-08 09:31:52] 成功保存 8 条因子至: signal_batch_20260708_093152_859252.txt
[2026-07-08 09:31:53]  QQ-主 邮件 5246 处理完成
[2026-07-08 09:31:53]  QQ-主 正在解析因子: =?utf-8?b?QWxwaGFQaWxvdCDlrp7ml7bkv6Hlj7cgKGFscGhhX3NpZ25hbF90aHJfMjAyNjA3MDdfMTMwNy5qc29uKSBb5Li7UVEt5a+55aSWXQ==?=
[2026-07-08 09:31:53]  发现表格，共 14 行数据
[2026-07-08 09:31:53]  动态索引映射: ['股票代码', '股票名称', '信号', '当前价格', '量比', '来源过滤']
[2026-07-08 09:31:53]  [行1] 解析成功: SHSE.688286 [敏芯股份] SELL @ 72.0 (VR:0.05)
[2026-07-08 09:31:53]  [行2] 解析成功: SHSE.688249 [晶合集成] SELL @ 59.7 (VR:0.47)
[2026-07-08 09:31:53]  [行3] 解析成功: SHSE.688138 [清溢光电] BUY @ 40.84 (VR:0.2)
[2026-07-08 09:31:53]  [行4] 解析成功: SZSE.301252 [同星科技] SELL @ 38.23 (VR:1.51)
[2026-07-08 09:31:53]  [行5] 解析成功: SZSE.301392 [汇成真空] SELL @ 239.51 (VR:0.17)
[2026-07-08 09:31:53]  [行6] 解析成功: SZSE.300088 [长信科技] SELL @ 8.85 (VR:0.1)
[2026-07-08 09:31:53]  [行7] 解析成功: SZSE.300780 [德恩精工] SELL @ 31.49 (VR:0.11)
[2026-07-08 09:31:53]  [行8] 解析成功: SHSE.688286 [敏芯股份] SELL @ 71.85 (VR:0.31)
[2026-07-08 09:31:53]  [行9] 解析成功: SHSE.688249 [晶合集成] SELL @ 59.49 (VR:0.23)
[2026-07-08 09:31:53]  [行10] 解析成功: SHSE.688138 [清溢光电] BUY @ 40.96 (VR:0.94)
[2026-07-08 09:31:53]  [行11] 解析成功: SZSE.301252 [同星科技] SELL @ 38.22 (VR:1.3)
[2026-07-08 09:31:53]  [行12] 解析成功: SZSE.301392 [汇成真空] SELL @ 238.89 (VR:1.4)
[2026-07-08 09:31:53]  [行13] 解析成功: SZSE.300088 [长信科技] SELL @ 8.83 (VR:1.22)
[2026-07-08 09:31:53]  [行14] 解析成功: SZSE.300780 [德恩精工] SELL @ 31.47 (VR:0.01)
[2026-07-08 09:31:53] 成功保存 14 条因子至: signal_batch_20260708_093153_131330.txt
[2026-07-08 09:31:53]  QQ-主 邮件 5247 处理完成
[2026-07-08 09:31:53]  QQ-主 正在解析因子: =?utf-8?b?QWxwaGFQaWxvdCDlrp7ml7bkv6Hlj7cgKGFscGhhX3NpZ25hbF90aHJfMjAyNjA3MDdfMTMwOS5qc29uKSBb5Li7UVEt5a+55aSWXQ==?=
[2026-07-08 09:31:53]  发现表格，共 6 行数据
[2026-07-08 09:31:53]  动态索引映射: ['股票代码', '股票名称', '信号', '当前价格', '量比', '来源过滤']
[2026-07-08 09:31:53]  [行1] 解析成功: SHSE.688002 [睿创微纳] BUY @ 149.07 (VR:0.8)
[2026-07-08 09:31:53]  [行2] 解析成功: SZSE.301045 [天禄科技] SELL @ 100.54 (VR:0.01)
[2026-07-08 09:31:53]  [行3] 解析成功: SZSE.300806 [斯迪克] SELL @ 89.91 (VR:0.03)
[2026-07-08 09:31:53]  [行4] 解析成功: SHSE.688002 [睿创微纳] BUY @ 149.08 (VR:0.5)
[2026-07-08 09:31:53]  [行5] 解析成功: SZSE.301045 [天禄科技] SELL @ 100.03 (VR:0.02)
[2026-07-08 09:31:53]  [行6] 解析成功: SZSE.300806 [斯迪克] SELL @ 89.41 (VR:0.02)
[2026-07-08 09:31:53] 成功保存 6 条因子至: signal_batch_20260708_093153_490919.txt
[2026-07-08 09:31:53]  QQ-主 邮件 5248 处理完成
[2026-07-08 09:31:53]  QQ-主 正在解析因子: =?utf-8?b?QWxwaGFQaWxvdCDlrp7ml7bkv6Hlj7cgKGFscGhhX3NpZ25hbF90aHJfMjAyNjA3MDdfMTMxMS5qc29uKSBb5Li7UVEt5a+55aSWXQ==?=
[2026-07-08 09:31:53]  发现表格，共 10 行数据
[2026-07-08 09:31:53]  动态索引映射: ['股票代码', '股票名称', '信号', '当前价格', '量比', '来源过滤']
[2026-07-08 09:31:53]  [行1] 解析成功: SHSE.600353 [旭光电子] SELL @ 42.02 (VR:0.44)
[2026-07-08 09:31:53]  [行2] 解析成功: SZSE.300346 [南大光电] BUY @ 76.43 (VR:0.03)
[2026-07-08 09:31:53]  [行3] 解析成功: SZSE.300433 [蓝思科技] BUY @ 51.01 (VR:0.02)
[2026-07-08 09:31:53]  [行4] 解析成功: SZSE.300666 [江丰电子] BUY @ 325.67 (VR:0.17)
[2026-07-08 09:31:53]  [行5] 解析成功: SZSE.301018 [申菱环境] BUY @ 119.93 (VR:0.32)
[2026-07-08 09:31:53]  [行6] 解析成功: SHSE.600353 [旭光电子] SELL @ 42.01 (VR:0.6)
[2026-07-08 09:31:53]  [行7] 解析成功: SZSE.300346 [南大光电] BUY @ 76.6 (VR:0.03)
[2026-07-08 09:31:53]  [行8] 解析成功: SZSE.300433 [蓝思科技] BUY @ 51.18 (VR:0.02)
[2026-07-08 09:31:53]  [行9] 解析成功: SZSE.300666 [江丰电子] BUY @ 325.68 (VR:0.02)
[2026-07-08 09:31:53]  [行10] 解析成功: SZSE.301018 [申菱环境] BUY @ 120.01 (VR:0.13)
[2026-07-08 09:31:53] 成功保存 10 条因子至: signal_batch_20260708_093153_711677.txt
[2026-07-08 09:31:53]  QQ-主 邮件 5249 处理完成
[2026-07-08 09:31:53]  QQ-主 正在解析因子: =?utf-8?b?QWxwaGFQaWxvdCDlrp7ml7bkv6Hlj7cgKGFscGhhX3NpZ25hbF90aHJfMjAyNjA3MDdfMTMxNC5qc29uKSBb5Li7UVEt5a+55aSWXQ==?=
[2026-07-08 09:31:53]  发现表格，共 12 行数据
[2026-07-08 09:31:53]  动态索引映射: ['股票代码', '股票名称', '信号', '当前价格', '量比', '来源过滤']
[2026-07-08 09:31:53]  [行1] 解析成功: SHSE.603773 [沃格光电] SELL @ 119.06 (VR:0.14)
[2026-07-08 09:31:53]  [行2] 解析成功: SHSE.600259 [中稀有色] SELL @ 92.82 (VR:0.5)
[2026-07-08 09:31:53]  [行3] 解析成功: SHSE.600460 [士兰微] SELL @ 46.4 (VR:0.66)
[2026-07-08 09:31:53]  [行4] 解析成功: SZSE.002552 [宝鼎科技] SELL @ 55.13 (VR:0.6)
[2026-07-08 09:31:53]  [行5] 解析成功: SZSE.300607 [拓斯达] SELL @ 43.43 (VR:0.04)
[2026-07-08 09:31:53]  [行6] 解析成功: SZSE.301070 [开勒股份] SELL @ 83.8 (VR:0.28)
[2026-07-08 09:31:53]  [行7] 解析成功: SHSE.603773 [沃格光电] SELL @ 118.9 (VR:0.04)
[2026-07-08 09:31:53]  [行8] 解析成功: SHSE.600259 [中稀有色] SELL @ 92.73 (VR:0.14)
[2026-07-08 09:31:53]  [行9] 解析成功: SHSE.600460 [士兰微] SELL @ 46.28 (VR:0.53)
[2026-07-08 09:31:53]  [行10] 解析成功: SZSE.002552 [宝鼎科技] SELL @ 54.85 (VR:0.34)
[2026-07-08 09:31:53]  [行11] 解析成功: SZSE.300607 [拓斯达] SELL @ 43.39 (VR:0.74)
[2026-07-08 09:31:53]  [行12] 解析成功: SZSE.301070 [开勒股份] SELL @ 83.66 (VR:0.02)
[2026-07-08 09:31:53] 成功保存 12 条因子至: signal_batch_20260708_093153_928007.txt
[2026-07-08 09:31:54]  QQ-主 邮件 5250 处理完成
[2026-07-08 09:31:54]  QQ-主 正在解析因子: =?utf-8?b?QWxwaGFQaWxvdCDlrp7ml7bkv6Hlj7cgKGFscGhhX3NpZ25hbF90aHJfMjAyNjA3MDdfMTMxNi5qc29uKSBb5Li7UVEt5a+55aSWXQ==?=
[2026-07-08 09:31:54]  发现表格，共 10 行数据
[2026-07-08 09:31:54]  动态索引映射: ['股票代码', '股票名称', '信号', '当前价格', '量比', '来源过滤']
[2026-07-08 09:31:54]  [行1] 解析成功: SZSE.300821 [东岳硅材] BUY @ 23.74 (VR:2.52)
[2026-07-08 09:31:54]  [行2] 解析成功: SZSE.300057 [万顺新材] BUY @ 8.82 (VR:1.03)
[2026-07-08 09:31:54]  [行3] 解析成功: SZSE.300162 [雷曼光电] SELL @ 10.6 (VR:0.27)
[2026-07-08 09:31:54]  [行4] 解析成功: SZSE.002158 [汉钟精机] BUY @ 34.42 (VR:3.03)
[2026-07-08 09:31:54]  [行5] 解析成功: SZSE.002635 [安洁科技] BUY @ 19.93 (VR:1.52)
[2026-07-08 09:31:54]  [行6] 解析成功: SZSE.300821 [东岳硅材] BUY @ 23.89 (VR:0.19)
[2026-07-08 09:31:54]  [行7] 解析成功: SZSE.300057 [万顺新材] BUY @ 8.84 (VR:0.15)
[2026-07-08 09:31:54]  [行8] 解析成功: SZSE.300162 [雷曼光电] SELL @ 10.56 (VR:0.18)
[2026-07-08 09:31:54]  [行9] 解析成功: SZSE.002158 [汉钟精机] BUY @ 34.58 (VR:1.23)
[2026-07-08 09:31:54]  [行10] 解析成功: SZSE.002635 [安洁科技] BUY @ 19.97 (VR:1.92)
[2026-07-08 09:31:54] 成功保存 10 条因子至: signal_batch_20260708_093154_164593.txt
[2026-07-08 09:31:54]  QQ-主 邮件 5251 处理完成
[2026-07-08 09:31:54]  QQ-主 正在解析因子: =?utf-8?b?QWxwaGFQaWxvdCDlrp7ml7bkv6Hlj7cgKGFscGhhX3NpZ25hbF90aHJfMjAyNjA3MDdfMTMxOS5qc29uKSBb5Li7UVEt5a+55aSWXQ==?=
[2026-07-08 09:31:54]  发现表格，共 10 行数据
[2026-07-08 09:31:54]  动态索引映射: ['股票代码', '股票名称', '信号', '当前价格', '量比', '来源过滤']
[2026-07-08 09:31:54]  [行1] 解析成功: SHSE.688286 [敏芯股份] SELL @ 71.6 (VR:1.46)
[2026-07-08 09:31:54]  [行2] 解析成功: SHSE.688249 [晶合集成] BUY @ 59.23 (VR:0.37)
[2026-07-08 09:31:54]  [行3] 解析成功: SZSE.301252 [同星科技] BUY @ 37.93 (VR:0.2)
[2026-07-08 09:31:54]  [行4] 解析成功: SZSE.301392 [汇成真空] BUY @ 237.63 (VR:0.17)
[2026-07-08 09:31:54]  [行5] 解析成功: SZSE.300661 [圣邦股份] BUY @ 126.9 (VR:0.99)
[2026-07-08 09:31:54]  [行6] 解析成功: SHSE.688286 [敏芯股份] SELL @ 71.56 (VR:0.22)
[2026-07-08 09:31:54]  [行7] 解析成功: SHSE.688249 [晶合集成] BUY @ 59.48 (VR:0.19)
[2026-07-08 09:31:54]  [行8] 解析成功: SZSE.301252 [同星科技] BUY @ 37.98 (VR:0.92)
[2026-07-08 09:31:54]  [行9] 解析成功: SZSE.301392 [汇成真空] BUY @ 237.99 (VR:0.39)
[2026-07-08 09:31:54]  [行10] 解析成功: SZSE.300661 [圣邦股份] BUY @ 127.5 (VR:1.07)
[2026-07-08 09:31:54] 成功保存 10 条因子至: signal_batch_20260708_093154_386212.txt
[2026-07-08 09:31:54]  QQ-主 邮件 5252 处理完成
[2026-07-08 09:31:54]  QQ-主 正在解析因子: =?utf-8?b?QWxwaGFQaWxvdCDlrp7ml7bkv6Hlj7cgKGFscGhhX3NpZ25hbF90aHJfMjAyNjA3MDdfMTMyMS5qc29uKSBb5Li7UVEt5a+55aSWXQ==?=
[2026-07-08 09:31:54]  发现表格，共 14 行数据
[2026-07-08 09:31:54]  动态索引映射: ['股票代码', '股票名称', '信号', '当前价格', '量比', '来源过滤']
[2026-07-08 09:31:54]  [行1] 解析成功: SHSE.688110 [东芯股份] SELL @ 167.26 (VR:0.36)
[2026-07-08 09:31:54]  [行2] 解析成功: SHSE.688665 [四方光电] SELL @ 54.94 (VR:2.14)
[2026-07-08 09:31:54]  [行3] 解析成功: SHSE.688002 [睿创微纳] SELL @ 148.77 (VR:0.33)
[2026-07-08 09:31:54]  [行4] 解析成功: SHSE.688227 [品高股份] BUY @ 91.96 (VR:0.15)
[2026-07-08 09:31:54]  [行5] 解析成功: SZSE.300806 [斯迪克] SELL @ 88.9 (VR:0.74)
[2026-07-08 09:31:54]  [行6] 解析成功: SZSE.300790 [宇瞳光学] SELL @ 22.34 (VR:0.14)
[2026-07-08 09:31:54]  [行7] 解析成功: SZSE.001339 [智微智能] BUY @ 95.33 (VR:0.12)
[2026-07-08 09:31:54]  [行8] 解析成功: SHSE.688110 [东芯股份] SELL @ 166.75 (VR:0.22)
[2026-07-08 09:31:54]  [行9] 解析成功: SHSE.688665 [四方光电] SELL @ 54.86 (VR:0.14)
[2026-07-08 09:31:54]  [行10] 解析成功: SHSE.688002 [睿创微纳] SELL @ 148.41 (VR:0.38)
[2026-07-08 09:31:54]  [行11] 解析成功: SHSE.688227 [品高股份] BUY @ 92.0 (VR:0.5)
[2026-07-08 09:31:54]  [行12] 解析成功: SZSE.300806 [斯迪克] SELL @ 88.65 (VR:1.41)
[2026-07-08 09:31:54]  [行13] 解析成功: SZSE.300790 [宇瞳光学] SELL @ 22.33 (VR:0.11)
[2026-07-08 09:31:54]  [行14] 解析成功: SZSE.001339 [智微智能] BUY @ 95.47 (VR:0.18)
[2026-07-08 09:31:54] 成功保存 14 条因子至: signal_batch_20260708_093154_620865.txt
[2026-07-08 09:31:54]  QQ-主 邮件 5253 处理完成
[2026-07-08 09:31:54]  QQ-主 正在解析因子: =?utf-8?b?QWxwaGFQaWxvdCDlrp7ml7bkv6Hlj7cgKGFscGhhX3NpZ25hbF90aHJfMjAyNjA3MDdfMTMyMy5qc29uKSBb5Li7UVEt5a+55aSWXQ==?=
[2026-07-08 09:31:54]  发现表格，共 6 行数据
[2026-07-08 09:31:54]  动态索引映射: ['股票代码', '股票名称', '信号', '当前价格', '量比', '来源过滤']
[2026-07-08 09:31:54]  [行1] 解析成功: SHSE.600353 [旭光电子] SELL @ 42.08 (VR:0.67)
[2026-07-08 09:31:54]  [行2] 解析成功: SZSE.300666 [江丰电子] BUY @ 325.03 (VR:0.13)
[2026-07-08 09:31:54]  [行3] 解析成功: SZSE.000510 [新金路] BUY @ 19.69 (VR:0.15)
[2026-07-08 09:31:54]  [行4] 解析成功: SHSE.600353 [旭光电子] SELL @ 42.04 (VR:0.41)
[2026-07-08 09:31:54]  [行5] 解析成功: SZSE.300666 [江丰电子] BUY @ 325.26 (VR:0.8)
[2026-07-08 09:31:54]  [行6] 解析成功: SZSE.000510 [新金路] BUY @ 19.72 (VR:0.03)
[2026-07-08 09:31:54] 成功保存 6 条因子至: signal_batch_20260708_093154_822275.txt
[2026-07-08 09:31:54]  QQ-主 邮件 5254 处理完成
[2026-07-08 09:31:55]  QQ-主 正在解析因子: =?utf-8?b?QWxwaGFQaWxvdCDlrp7ml7bkv6Hlj7cgKGFscGhhX3NpZ25hbF90aHJfMjAyNjA3MDdfMTMyNi5qc29uKSBb5Li7UVEt5a+55aSWXQ==?=
[2026-07-08 09:31:55]  发现表格，共 16 行数据
[2026-07-08 09:31:55]  动态索引映射: ['股票代码', '股票名称', '信号', '当前价格', '量比', '来源过滤']
[2026-07-08 09:31:55]  [行1] 解析成功: SHSE.603773 [沃格光电] BUY @ 118.72 (VR:0.4)
[2026-07-08 09:31:55]  [行2] 解析成功: SHSE.600259 [中稀有色] BUY @ 92.38 (VR:0.19)
[2026-07-08 09:31:55]  [行3] 解析成功: SHSE.600909 [华安证券] SELL @ 9.79 (VR:0.48)
[2026-07-08 09:31:55]  [行4] 解析成功: SHSE.600460 [士兰微] BUY @ 46.75 (VR:0.31)
[2026-07-08 09:31:55]  [行5] 解析成功: SZSE.002552 [宝鼎科技] BUY @ 55.27 (VR:0.68)
[2026-07-08 09:31:55]  [行6] 解析成功: SZSE.000920 [沃顿科技] BUY @ 11.98 (VR:0.18)
[2026-07-08 09:31:55]  [行7] 解析成功: SZSE.300607 [拓斯达] BUY @ 43.29 (VR:0.91)
[2026-07-08 09:31:55]  [行8] 解析成功: SZSE.301070 [开勒股份] BUY @ 83.89 (VR:0.11)
[2026-07-08 09:31:55]  [行9] 解析成功: SHSE.603773 [沃格光电] BUY @ 119.19 (VR:0.46)
[2026-07-08 09:31:55]  [行10] 解析成功: SHSE.600259 [中稀有色] BUY @ 92.46 (VR:0.19)
[2026-07-08 09:31:55]  [行11] 解析成功: SHSE.600909 [华安证券] SELL @ 9.78 (VR:0.56)
[2026-07-08 09:31:55]  [行12] 解析成功: SHSE.600460 [士兰微] BUY @ 46.81 (VR:0.26)
[2026-07-08 09:31:55]  [行13] 解析成功: SZSE.002552 [宝鼎科技] BUY @ 55.53 (VR:0.28)
[2026-07-08 09:31:55]  [行14] 解析成功: SZSE.000920 [沃顿科技] BUY @ 12.0 (VR:0.2)
[2026-07-08 09:31:55]  [行15] 解析成功: SZSE.300607 [拓斯达] BUY @ 43.38 (VR:1.23)
[2026-07-08 09:31:55]  [行16] 解析成功: SZSE.301070 [开勒股份] BUY @ 84.43 (VR:1.03)
[2026-07-08 09:31:55] 成功保存 16 条因子至: signal_batch_20260708_093155_058024.txt
[2026-07-08 09:31:55]  QQ-主 邮件 5255 处理完成
[2026-07-08 09:31:55]  QQ-主 正在解析因子: =?utf-8?b?QWxwaGFQaWxvdCDlrp7ml7bkv6Hlj7cgKGFscGhhX3NpZ25hbF90aHJfMjAyNjA3MDdfMTMyOC5qc29uKSBb5Li7UVEt5a+55aSWXQ==?=
[2026-07-08 09:31:55]  发现表格，共 12 行数据
[2026-07-08 09:31:55]  动态索引映射: ['股票代码', '股票名称', '信号', '当前价格', '量比', '来源过滤']
[2026-07-08 09:31:55]  [行1] 解析成功: SHSE.688019 [安集科技] BUY @ 298.35 (VR:0.19)
[2026-07-08 09:31:55]  [行2] 解析成功: SHSE.688261 [东微半导] SELL @ 100.96 (VR:1.13)
[2026-07-08 09:31:55]  [行3] 解析成功: SHSE.688199 [久日新材] BUY @ 29.78 (VR:0.37)
[2026-07-08 09:31:55]  [行4] 解析成功: SZSE.300236 [上海新阳] BUY @ 111.4 (VR:0.27)
[2026-07-08 09:31:55]  [行5] 解析成功: SZSE.300057 [万顺新材] SELL @ 8.86 (VR:4.49)
[2026-07-08 09:31:55]  [行6] 解析成功: SZSE.002158 [汉钟精机] BUY @ 34.82 (VR:0.57)
[2026-07-08 09:31:55]  [行7] 解析成功: SHSE.688019 [安集科技] BUY @ 298.99 (VR:0.2)
[2026-07-08 09:31:55]  [行8] 解析成功: SHSE.688261 [东微半导] SELL @ 100.67 (VR:0.89)
[2026-07-08 09:31:55]  [行9] 解析成功: SHSE.688199 [久日新材] BUY @ 29.81 (VR:0.19)
[2026-07-08 09:31:55]  [行10] 解析成功: SZSE.300236 [上海新阳] BUY @ 111.41 (VR:0.7)
[2026-07-08 09:31:55]  [行11] 解析成功: SZSE.300057 [万顺新材] SELL @ 8.85 (VR:0.41)
[2026-07-08 09:31:55]  [行12] 解析成功: SZSE.002158 [汉钟精机] BUY @ 34.94 (VR:1.52)
[2026-07-08 09:31:55] 成功保存 12 条因子至: signal_batch_20260708_093155_261834.txt
[2026-07-08 09:31:55]  QQ-主 邮件 5256 处理完成
[2026-07-08 09:31:55]  QQ-主 正在解析因子: =?utf-8?b?QWxwaGFQaWxvdCDlrp7ml7bkv6Hlj7cgKGFscGhhX3NpZ25hbF90aHJfMjAyNjA3MDdfMTMzMC5qc29uKSBb5Li7UVEt5a+55aSWXQ==?=
[2026-07-08 09:31:55]  发现表格，共 16 行数据
[2026-07-08 09:31:55]  动态索引映射: ['股票代码', '股票名称', '信号', '当前价格', '量比', '来源过滤']
[2026-07-08 09:31:55]  [行1] 解析成功: SHSE.688286 [敏芯股份] BUY @ 72.62 (VR:0.89)
[2026-07-08 09:31:55]  [行2] 解析成功: SHSE.688511 [天微电子] BUY @ 29.05 (VR:1.25)
[2026-07-08 09:31:55]  [行3] 解析成功: SHSE.688216 [气派科技] BUY @ 37.37 (VR:0.33)
[2026-07-08 09:31:55]  [行4] 解析成功: SHSE.688138 [清溢光电] BUY @ 41.36 (VR:1.5)
[2026-07-08 09:31:55]  [行5] 解析成功: SZSE.300285 [国瓷材料] BUY @ 86.53 (VR:1.26)
[2026-07-08 09:31:55]  [行6] 解析成功: SZSE.301392 [汇成真空] BUY @ 240.24 (VR:0.73)
[2026-07-08 09:31:55]  [行7] 解析成功: SZSE.300088 [长信科技] BUY @ 8.88 (VR:0.04)
[2026-07-08 09:31:55]  [行8] 解析成功: SZSE.300420 [五洋自控] BUY @ 9.16 (VR:0.13)
[2026-07-08 09:31:55]  [行9] 解析成功: SHSE.688286 [敏芯股份] BUY @ 72.79 (VR:1.43)
[2026-07-08 09:31:55]  [行10] 解析成功: SHSE.688511 [天微电子] BUY @ 29.09 (VR:0.68)
[2026-07-08 09:31:55]  [行11] 解析成功: SHSE.688216 [气派科技] BUY @ 37.45 (VR:0.4)
[2026-07-08 09:31:55]  [行12] 解析成功: SHSE.688138 [清溢光电] BUY @ 41.49 (VR:0.55)
[2026-07-08 09:31:55]  [行13] 解析成功: SZSE.300285 [国瓷材料] BUY @ 86.89 (VR:0.68)
[2026-07-08 09:31:55]  [行14] 解析成功: SZSE.301392 [汇成真空] BUY @ 240.87 (VR:0.54)
[2026-07-08 09:31:55]  [行15] 解析成功: SZSE.300088 [长信科技] BUY @ 8.9 (VR:0.1)
[2026-07-08 09:31:55]  [行16] 解析成功: SZSE.300420 [五洋自控] BUY @ 9.25 (VR:0.42)
[2026-07-08 09:31:55] 成功保存 16 条因子至: signal_batch_20260708_093155_481430.txt
[2026-07-08 09:31:55]  QQ-主 邮件 5257 处理完成
[2026-07-08 09:31:55]  QQ-主 正在解析因子: =?utf-8?b?QWxwaGFQaWxvdCDlrp7ml7bkv6Hlj7cgKGFscGhhX3NpZ25hbF90aHJfMjAyNjA3MDdfMTMzMi5qc29uKSBb5Li7UVEt5a+55aSWXQ==?=
[2026-07-08 09:31:55]  发现表格，共 22 行数据
[2026-07-08 09:31:55]  动态索引映射: ['股票代码', '股票名称', '信号', '当前价格', '量比', '来源过滤']
[2026-07-08 09:31:55]  [行1] 解析成功: SHSE.688002 [睿创微纳] BUY @ 149.75 (VR:0.44)
[2026-07-08 09:31:55]  [行2] 解析成功: SHSE.688521 [芯原股份] SELL @ 308.0 (VR:0.13)
[2026-07-08 09:31:55]  [行3] 解析成功: SHSE.688227 [品高股份] BUY @ 92.89 (VR:0.05)
[2026-07-08 09:31:55]  [行4] 解析成功: SZSE.300852 [四会富仕] BUY @ 61.06 (VR:0.03)
[2026-07-08 09:31:55]  [行5] 解析成功: SZSE.300689 [澄天伟业] SELL @ 66.25 (VR:0.78)
[2026-07-08 09:31:55]  [行6] 解析成功: SZSE.301045 [天禄科技] SELL @ 101.97 (VR:0.39)
[2026-07-08 09:31:55]  [行7] 解析成功: SZSE.300806 [斯迪克] SELL @ 89.8 (VR:0.07)
[2026-07-08 09:31:55]  [行8] 解析成功: SZSE.301013 [利和兴] BUY @ 59.67 (VR:2.48)
[2026-07-08 09:31:55]  [行9] 解析成功: SZSE.300790 [宇瞳光学] SELL @ 22.48 (VR:0.44)
[2026-07-08 09:31:55]  [行10] 解析成功: SZSE.002718 [友邦吊顶] BUY @ 102.0 (VR:0.27)
[2026-07-08 09:31:55]  [行11] 解析成功: SZSE.001339 [智微智能] BUY @ 96.59 (VR:0.43)
[2026-07-08 09:31:55]  [行12] 解析成功: SHSE.688002 [睿创微纳] BUY @ 149.97 (VR:0.97)
[2026-07-08 09:31:55]  [行13] 解析成功: SHSE.688521 [芯原股份] SELL @ 307.77 (VR:0.77)
[2026-07-08 09:31:55]  [行14] 解析成功: SHSE.688227 [品高股份] BUY @ 93.1 (VR:0.37)
[2026-07-08 09:31:55]  [行15] 解析成功: SZSE.300852 [四会富仕] BUY @ 61.17 (VR:0.05)
[2026-07-08 09:31:55]  [行16] 解析成功: SZSE.300689 [澄天伟业] SELL @ 66.24 (VR:0.06)
[2026-07-08 09:31:55]  [行17] 解析成功: SZSE.301045 [天禄科技] SELL @ 101.55 (VR:0.11)
[2026-07-08 09:31:55]  [行18] 解析成功: SZSE.300806 [斯迪克] SELL @ 89.73 (VR:0.31)
[2026-07-08 09:31:55]  [行19] 解析成功: SZSE.301013 [利和兴] BUY @ 59.75 (VR:1.8)
[2026-07-08 09:31:55]  [行20] 解析成功: SZSE.300790 [宇瞳光学] SELL @ 22.47 (VR:0.26)
[2026-07-08 09:31:55]  [行21] 解析成功: SZSE.002718 [友邦吊顶] BUY @ 102.12 (VR:3.68)
[2026-07-08 09:31:55]  [行22] 解析成功: SZSE.001339 [智微智能] BUY @ 96.62 (VR:0.15)
[2026-07-08 09:31:55] 成功保存 22 条因子至: signal_batch_20260708_093155_761372.txt
[2026-07-08 09:31:55]  QQ-主 邮件 5258 处理完成
[2026-07-08 09:31:55]  QQ-主 正在解析因子: =?utf-8?b?QWxwaGFQaWxvdCDlrp7ml7bkv6Hlj7cgKGFscGhhX3NpZ25hbF90aHJfMjAyNjA3MDdfMTMzNC5qc29uKSBb5Li7UVEt5a+55aSWXQ==?=
[2026-07-08 09:31:55]  发现表格，共 10 行数据
[2026-07-08 09:31:55]  动态索引映射: ['股票代码', '股票名称', '信号', '当前价格', '量比', '来源过滤']
[2026-07-08 09:31:55]  [行1] 解析成功: SHSE.600353 [旭光电子] SELL @ 42.41 (VR:0.89)
[2026-07-08 09:31:55]  [行2] 解析成功: SZSE.300666 [江丰电子] SELL @ 330.9 (VR:0.49)
[2026-07-08 09:31:55]  [行3] 解析成功: SZSE.000510 [新金路] BUY @ 19.99 (VR:0.04)
[2026-07-08 09:31:55]  [行4] 解析成功: SZSE.300037 [新宙邦] BUY @ 85.08 (VR:0.47)
[2026-07-08 09:31:55]  [行5] 解析成功: SZSE.300868 [杰美特] BUY @ 138.88 (VR:1.43)
[2026-07-08 09:31:55]  [行6] 解析成功: SHSE.600353 [旭光电子] SELL @ 42.25 (VR:0.22)
[2026-07-08 09:31:55]  [行7] 解析成功: SZSE.300666 [江丰电子] SELL @ 330.49 (VR:0.86)
[2026-07-08 09:31:55]  [行8] 解析成功: SZSE.000510 [新金路] BUY @ 20.03 (VR:0.14)
[2026-07-08 09:31:55]  [行9] 解析成功: SZSE.300037 [新宙邦] BUY @ 85.36 (VR:0.21)
[2026-07-08 09:31:55]  [行10] 解析成功: SZSE.300868 [杰美特] BUY @ 139.21 (VR:0.33)
[2026-07-08 09:31:55] 成功保存 10 条因子至: signal_batch_20260708_093155_980892.txt
[2026-07-08 09:31:56]  QQ-主 邮件 5259 处理完成
[2026-07-08 09:31:56]  QQ-主 正在解析因子: =?utf-8?b?QWxwaGFQaWxvdCDlrp7ml7bkv6Hlj7cgKGFscGhhX3NpZ25hbF90aHJfMjAyNjA3MDdfMTMzOC5qc29uKSBb5Li7UVEt5a+55aSWXQ==?=
[2026-07-08 09:31:56]  发现表格，共 20 行数据
[2026-07-08 09:31:56]  动态索引映射: ['股票代码', '股票名称', '信号', '当前价格', '量比', '来源过滤']
[2026-07-08 09:31:56]  [行1] 解析成功: SHSE.603773 [沃格光电] BUY @ 121.08 (VR:0.16)
[2026-07-08 09:31:56]  [行2] 解析成功: SHSE.605111 [新洁能] BUY @ 80.03 (VR:1.91)
[2026-07-08 09:31:56]  [行3] 解析成功: SHSE.600259 [中稀有色] BUY @ 92.65 (VR:0.25)
[2026-07-08 09:31:56]  [行4] 解析成功: SHSE.600909 [华安证券] BUY @ 9.82 (VR:0.51)
[2026-07-08 09:31:56]  [行5] 解析成功: SHSE.600460 [士兰微] BUY @ 47.56 (VR:1.34)
[2026-07-08 09:31:56]  [行6] 解析成功: SZSE.003031 [中瓷电子] BUY @ 148.1 (VR:0.57)
[2026-07-08 09:31:56]  [行7] 解析成功: SZSE.002643 [万润股份] BUY @ 20.16 (VR:2.24)
[2026-07-08 09:31:56]  [行8] 解析成功: SZSE.000920 [沃顿科技] BUY @ 12.04 (VR:0.39)
[2026-07-08 09:31:56]  [行9] 解析成功: SZSE.000823 [超声电子] BUY @ 19.31 (VR:0.05)
[2026-07-08 09:31:56]  [行10] 解析成功: SZSE.300607 [拓斯达] SELL @ 43.43 (VR:0.09)
[2026-07-08 09:31:56]  [行11] 解析成功: SHSE.603773 [沃格光电] BUY @ 121.87 (VR:0.36)
[2026-07-08 09:31:56]  [行12] 解析成功: SHSE.605111 [新洁能] BUY @ 80.67 (VR:2.54)
[2026-07-08 09:31:56]  [行13] 解析成功: SHSE.600259 [中稀有色] BUY @ 92.7 (VR:0.11)
[2026-07-08 09:31:56]  [行14] 解析成功: SHSE.600460 [士兰微] BUY @ 47.65 (VR:0.57)
[2026-07-08 09:31:56]  [行15] 解析成功: SZSE.003031 [中瓷电子] BUY @ 148.17 (VR:0.34)
[2026-07-08 09:31:56]  [行16] 解析成功: SZSE.002643 [万润股份] BUY @ 20.19 (VR:4.29)
[2026-07-08 09:31:56]  [行17] 解析成功: SZSE.002937 [兴瑞科技] BUY @ 42.52 (VR:0.39)
[2026-07-08 09:31:56]  [行18] 解析成功: SZSE.000920 [沃顿科技] BUY @ 12.04 (VR:0.51)
[2026-07-08 09:31:56]  [行19] 解析成功: SZSE.000823 [超声电子] BUY @ 19.32 (VR:0.36)
[2026-07-08 09:31:56]  [行20] 解析成功: SZSE.300607 [拓斯达] SELL @ 43.36 (VR:0.55)
[2026-07-08 09:31:56] 成功保存 20 条因子至: signal_batch_20260708_093156_271448.txt
[2026-07-08 09:31:56]  QQ-主 邮件 5260 处理完成
[2026-07-08 09:31:56]  QQ-主 正在解析因子: =?utf-8?b?QWxwaGFQaWxvdCDlrp7ml7bkv6Hlj7cgKGFscGhhX3NpZ25hbF90aHJfMjAyNjA3MDdfMTM0MS5qc29uKSBb5Li7UVEt5a+55aSWXQ==?=
[2026-07-08 09:31:56]  发现表格，共 15 行数据
[2026-07-08 09:31:56]  动态索引映射: ['股票代码', '股票名称', '信号', '当前价格', '量比', '来源过滤']
[2026-07-08 09:31:56]  [行1] 解析成功: SHSE.688199 [久日新材] BUY @ 30.28 (VR:2.73)
[2026-07-08 09:31:56]  [行2] 解析成功: SZSE.300821 [东岳硅材] BUY @ 23.71 (VR:3.85)
[2026-07-08 09:31:56]  [行3] 解析成功: SZSE.300057 [万顺新材] SELL @ 8.9 (VR:0.32)
[2026-07-08 09:31:56]  [行4] 解析成功: SZSE.300162 [雷曼光电] BUY @ 10.86 (VR:1.47)
[2026-07-08 09:31:56]  [行5] 解析成功: SZSE.301178 [天亿马] BUY @ 36.66 (VR:0.05)
[2026-07-08 09:31:56]  [行6] 解析成功: SZSE.300184 [力源信息] SELL @ 15.96 (VR:0.27)
[2026-07-08 09:31:56]  [行7] 解析成功: SZSE.002635 [安洁科技] SELL @ 19.98 (VR:0.02)
[2026-07-08 09:31:56]  [行8] 解析成功: SHSE.688199 [久日新材] BUY @ 30.36 (VR:0.34)
[2026-07-08 09:31:56]  [行9] 解析成功: SZSE.300821 [东岳硅材] SELL @ 23.7 (VR:1.33)
[2026-07-08 09:31:56]  [行10] 解析成功: SZSE.300057 [万顺新材] SELL @ 8.89 (VR:0.77)
[2026-07-08 09:31:56]  [行11] 解析成功: SZSE.300162 [雷曼光电] BUY @ 10.86 (VR:1.29)
[2026-07-08 09:31:56]  [行12] 解析成功: SZSE.300767 [震安科技] BUY @ 22.4 (VR:1.38)
[2026-07-08 09:31:56]  [行13] 解析成功: SZSE.301178 [天亿马] BUY @ 36.75 (VR:0.57)
[2026-07-08 09:31:56]  [行14] 解析成功: SZSE.300184 [力源信息] SELL @ 15.91 (VR:0.61)
[2026-07-08 09:31:56]  [行15] 解析成功: SZSE.002635 [安洁科技] SELL @ 19.97 (VR:0.44)
[2026-07-08 09:31:56] 成功保存 15 条因子至: signal_batch_20260708_093156_546159.txt
[2026-07-08 09:31:56]  QQ-主 邮件 5261 处理完成
[2026-07-08 09:31:56]  QQ-主 正在解析因子: =?utf-8?b?QWxwaGFQaWxvdCDlrp7ml7bkv6Hlj7cgKGFscGhhX3NpZ25hbF90aHJfMjAyNjA3MDdfMTM0NC5qc29uKSBb5Li7UVEt5a+55aSWXQ==?=
[2026-07-08 09:31:56]  发现表格，共 19 行数据
[2026-07-08 09:31:56]  动态索引映射: ['股票代码', '股票名称', '信号', '当前价格', '量比', '来源过滤']
[2026-07-08 09:31:56]  [行1] 解析成功: SHSE.688286 [敏芯股份] SELL @ 73.4 (VR:0.26)
[2026-07-08 09:31:56]  [行2] 解析成功: SHSE.688511 [天微电子] SELL @ 29.01 (VR:0.68)
[2026-07-08 09:31:56]  [行3] 解析成功: SHSE.688216 [气派科技] BUY @ 37.96 (VR:0.06)
[2026-07-08 09:31:56]  [行4] 解析成功: SHSE.688721 [龙图光罩] SELL @ 56.0 (VR:0.79)
[2026-07-08 09:31:56]  [行5] 解析成功: SHSE.688249 [晶合集成] BUY @ 61.21 (VR:0.19)
[2026-07-08 09:31:56]  [行6] 解析成功: SHSE.688138 [清溢光电] BUY @ 41.7 (VR:0.06)
[2026-07-08 09:31:56]  [行7] 解析成功: SZSE.301392 [汇成真空] BUY @ 241.31 (VR:0.2)
[2026-07-08 09:31:56]  [行8] 解析成功: SZSE.300214 [日科化学] SELL @ 10.25 (VR:nan)
[2026-07-08 09:31:56]  [行9] 解析成功: SZSE.300088 [长信科技] BUY @ 8.99 (VR:0.34)
[2026-07-08 09:31:56]  [行10] 解析成功: SZSE.300661 [圣邦股份] BUY @ 130.31 (VR:1.13)
[2026-07-08 09:31:56]  [行11] 解析成功: SHSE.688286 [敏芯股份] SELL @ 73.28 (VR:0.89)
[2026-07-08 09:31:56]  [行12] 解析成功: SHSE.688511 [天微电子] SELL @ 29.0 (VR:0.69)
[2026-07-08 09:31:56]  [行13] 解析成功: SHSE.688216 [气派科技] BUY @ 37.97 (VR:0.13)
[2026-07-08 09:31:56]  [行14] 解析成功: SHSE.688721 [龙图光罩] SELL @ 55.99 (VR:1.18)
[2026-07-08 09:31:56]  [行15] 解析成功: SHSE.688249 [晶合集成] BUY @ 61.28 (VR:0.84)
[2026-07-08 09:31:56]  [行16] 解析成功: SHSE.688138 [清溢光电] BUY @ 41.76 (VR:0.76)
[2026-07-08 09:31:56]  [行17] 解析成功: SZSE.301392 [汇成真空] BUY @ 241.95 (VR:0.48)
[2026-07-08 09:31:56]  [行18] 解析成功: SZSE.300088 [长信科技] BUY @ 9.0 (VR:0.18)
[2026-07-08 09:31:56]  [行19] 解析成功: SZSE.300661 [圣邦股份] BUY @ 130.4 (VR:0.66)
[2026-07-08 09:31:56] 成功保存 19 条因子至: signal_batch_20260708_093156_928463.txt
[2026-07-08 09:31:57]  QQ-主 邮件 5262 处理完成
[2026-07-08 09:31:57]  QQ-主 正在解析因子: =?UTF-8?B?YmF5YXJsYWjvvJrigJxUaGlzIA==?=
 =?UTF-8?B?aXMgeW91ciBzaWduIHRv?=
 =?UTF-8?B?Li4u4oCd?=
[2026-07-08 09:31:57]  发现表格，共 27 行数据
[2026-07-08 09:31:57]  表头映射失败，未找到指定列名。当前表头: ['看看视频内容吧。bayarlah分享了 1 个视频7月6日 16:00查看视频此邮件发给497720537@qq.com。 如果不希望再收到 Meta 的这类邮件，请退订。Meta Platforms, Inc., Attention: Community Support, 1 Meta Way, Menlo Park, CA 94025为保护你的主页安全，请勿转发这封邮件。详细了解', '看看视频内容吧。bayarlah分享了 1 个视频7月6日 16:00查看视频此邮件发给497720537@qq.com。 如果不希望再收到 Meta 的这类邮件，请退订。Meta Platforms, Inc., Attention: Community Support, 1 Meta Way, Menlo Park, CA 94025为保护你的主页安全，请勿转发这封邮件。详细了解', '看看视频内容吧。bayarlah分享了 1 个视频7月6日 16:00查看视频此邮件发给497720537@qq.com。 如果不希望再收到 Meta 的这类邮件，请退订。Meta Platforms, Inc., Attention: Community Support, 1 Meta Way, Menlo Park, CA 94025为保护你的主页安全，请勿转发这封邮件。详细了解', '', '看看视频内容吧。', '', '', '', '', '', '', '', '', '', '', '', '', '', '', 'bayarlah分享了 1 个视频7月6日 16:00查看视频', '', 'bayarlah分享了 1 个视频7月6日 16:00查看视频', 'bayarlah分享了 1 个视频7月6日 16:00查看视频', '', '', 'bayarlah分享了 1 个视频7月6日 16:00查看视频', 'bayarlah分享了 1 个视频7月6日 16:00', 'bayarlah分享了 1 个视频', '', '7月6日 16:00', '', '查看视频', '查看视频', '', '', '', '此邮件发给497720537@qq.com。 如果不希望再收到 Meta 的这类邮件，请退订。Meta Platforms, Inc., Attention: Community Support, 1 Meta Way, Menlo Park, CA 94025', '', '此邮件发给497720537@qq.com。 如果不希望再收到 Meta 的这类邮件，请退订。Meta Platforms, Inc., Attention: Community Support, 1 Meta Way, Menlo Park, CA 94025', '', '', '为保护你的主页安全，请勿转发这封邮件。详细了解', '为保护你的主页安全，请勿转发这封邮件。详细了解', '', '']
[2026-07-08 09:31:57] QQ-主 邮件 5263 无有效信号
[2026-07-08 09:31:57]  QQ-主 正在解析因子: =?UTF-8?B?5L2g5pyJIDE0OCDmnaHlhbPkuo7mooHmjK/lvLrlkozlhbY=?=
 =?UTF-8?B?5LuW55So5oi355qE6YCa55+l?=
[2026-07-08 09:31:57]  发现表格，共 54 行数据
[2026-07-08 09:31:57]  表头映射失败，未找到指定列名。当前表头: ['David Liang，请查看有关梁振强和黃枫銘的未读消息和其他通知。\u200c\u2003 \u200c\u2003 \u200c\u2003 \u200c\u2003 \u200c\u2003 \u200c\u2003 \u200c\u2003 \u200c\u2003 \u200c\u2003 \u200c\u2003 \u200c\u2003 \u200c\u2003 \u200c\u2003 \u200c\u2003 \u200c\u2003 \u200c\u2003 \u200c\u2003 \u200c\u2003 \u200c\u2003 \u200c\u2003 \u200c\u2003 \u200c\u2003 \u200c\u2003 \u200c\u2003 \u200c\u2003 \u200c\u2003 \u200c\u2003 \u200c\u2003 \u200c\u2003 \u200c\u2003 \u200c\u2003 \u200c\u2003 \u200c\u2003 \u200c\u2003 \u200c\u2003 \u200c\u2003 \u200c\u2003 \u200c\u2003 \u200c\u2003 \u200c\u2003 \u200c\u2003 \u200c\u2003 \u200c\u2003 \u200c\u2003 \u200c\u2003 \u200c\u2003 \u200c\u2003 \u200c\u2003 \u200c\u2003 \u200c\u2003 \u200c\u2003 \u200c\u2003 \u200c\u2003 \u200c\u2003 \u200c\u2003 \u200c\u2003 \u200c\u2003 \u200c\u2003 \u200c\u2003 \u200c\u2003 \u200c\u2003 \u200c\u2003 \u200c\u2003 \u200c\u2003 \u200c\u2003 \u200c\u2003 \u200c\u2003 \u200c\u2003 \u200c\u2003 \u200c\u2003 \u200c\u2003 \u200c\u2003 \u200c\u2003 \u200c\u2003 \u200c\u2003 \u200c\u2003 \u200c\u2003 \u200c\u2003 \u200c\u2003 \u200c\u2003 \u200c\u2003 \u200c\u2003 \u200c\u2003 \u200c\u2003 \u200c\u2003 \u200c\u2003 \u200c\u2003 \u200c\u2003 \u200c\u2003 \u200c\u2003 \u200c\u2003 \u200c\u2003 \u200c\u2003 \u200c\u2003 \u200c\u2003 \u200c\u2003 \u200c\u2003 \u200c\u2003 \u200c\u2003 \u200c\u2003 \u200c\u2003 \u200c\u2003 \u200c\u2003 \u200c\u2003 \u200c\u2003 \u200c\u2003 \u200c\u2003 \u200c\u2003 \u200c\u2003 \u200c\u2003 \u200c\u2003 \u200c\u2003 \u200c\u2003 \u200c\u2003 \u200c\u2003 \u200c\u2003 \u200c\u2003 \u200c\u2003 \u200c\u2003 \u200c\u2003 \u200c\u2003 \u200c\u2003 \u200c\u2003 \u200c\u2003 \u200c\u2003 \u200c\u2003 \u200c\u2003 \u200c\u2003 \u200c\u2003 \u200c\u2003 \u200c\u2003 \u200c\u2003 \u200c\u2003 \u200c\u2003 \u200c\u2003 \u200c\u2003 \u200c\u2003 \u200c\u2003 \u200c\u2003 \u200c\u2003 \u200c\u2003 \u200c\u2003 \u200c\u2003 \u200c\u2003 \u200c\u2003 \u200c\u2003 \u200c\u2003 \u200c\u2003 \u200c\u2003 \u200c\u2003 \u200c\u2003 \u200c\u2003 \u200c\u2003 \u200c\u2003 \u200c\u2003 \u200c\u2003 \u200c\u2003 \u200c\u2003 \u200c\u2003 \u200c\u2003 \u200c\u2003 \u200c\u2003 \u200c\u2003 \u200c\u2003 \u200c\u2003 \u200c\u2003 \u200c\u2003 \u200c\u2003 \u200c\u2003 \u200c\u2003 \u200c\u2003 \u200c\u2003 \u200c\u2003 \u200c\u2003 \u200c\u2003 \u200c\u2003 \u200c\u2003 \u200c\u2003 \u200c\u2003 \u200c\u2003 \u200c\u2003 \u200c\u2003 \u200c\u2003 \u200c\u2003 \u200c\u2003 \u200c\u2003 \u200c\u2003 \u200c\u2003 \u200c\u2003 \u200c\u2003 \u200c\u2003 \u200c\u2003 \u200c\u2003 \u200c\u2003 \u200c\u2003 \u200c\u2003 \u200c\u2003 \u200c\u2003 \u200c\u2003 \u200c\u2003 \u200c\u2003 \u200c\u2003 \u200c\u2003 \u200c\u2003 \u200c\u2003 \u200c\u2003 \u200c\u2003 \u200c\u2003 \u200c\u2003 \u200c\u2003 \u200c\u2003 \u200c\u2003 \u200c\u2003 \u200c\u2003 \u200c\u2003 \u200c\u2003 \u200c\u2003 \u200c\u2003 \u200c\u2003 \u200c\u2003 \u200c\u2003 \u200c\u2003 \u200c\u2003 \u200c\u2003 \u200c\u2003 \u200c\u2003 \u200c\u2003 \u200c\u2003 \u200c\u2003 \u200c\u2003 \u200c\u2003 \u200c\u2003 \u200c\u2003 \u200c\u2003 \u200c\u2003 \u200c\u2003 \u200c\u2003 \u200c\u2003 \u200c\u2003 \u200c\u2003 \u200c\u2003 \u200c\u2003 \u200c\u2003 \u200c\u2003 \u200c\u2003 \u200c\u2003 \u200c\u2003 \u200c\u2003 \u200c\u2003 \u200c\u2003 \u200c\u2003 \u200c\u2003 \u200c\u2003 \u200c\u2003 \u200c\u2003 \u200c\u2003 \u200c\u2003 \u200c\u2003 \u200c\u2003 \u200c\u2003 \u200c\u2003 \u200c\u2003 \u200c\u2003 \u200c\u2003 \u200c\u2003 \u200c\u2003 \u200c\u2003 \u200c\u2003 \u200c\u2003 \u200c\u2003 \u200c\u2003 \u200c\u2003 \u200c\u2003 \u200c\u2003 \u200c\u2003 \u200c\u2003 \u200c\u2003 \u200c\u2003 \u200c\u2003 \u200c\u2003 \u200c\u2003 \u200c\u2003 \u200c\u2003 \u200c\u2003 \u200c\u2003 \u200c\u2003 \u200c\u2003 \u200c\u2003 \u200c\u2003 \u200c\u2003 \u200c\u2003 \u200c\u2003 \u200c\u2003 \u200c\u2003 \u200c\u2003 \u200c\u2003 \u200c\u2003 \u200c\u2003 \u200c\u2003 \u200cDavid Liang你有 148 条未读通知待查看通知Pro Visa - 小老板给你发送了3条消息3个加好友请求David Liang和其他 2 位用户在20张照片中标记了你Mark Liew和其他 15 位用户有23条密友动态更新99条新通知查看通知前往\xa0Facebook这封邮件：有用|没用此邮件发给497720537@qq.com。 如果不希望再收到 Meta 的这类邮件，请退订。Meta Platforms, Inc., Attention: Community Support, 1 Meta Way, Menlo Park, CA 94025为保护你的主页安全，请勿转发这封邮件。详细了解', 'David Liang，请查看有关梁振强和黃枫銘的未读消息和其他通知。\u200c\u2003 \u200c\u2003 \u200c\u2003 \u200c\u2003 \u200c\u2003 \u200c\u2003 \u200c\u2003 \u200c\u2003 \u200c\u2003 \u200c\u2003 \u200c\u2003 \u200c\u2003 \u200c\u2003 \u200c\u2003 \u200c\u2003 \u200c\u2003 \u200c\u2003 \u200c\u2003 \u200c\u2003 \u200c\u2003 \u200c\u2003 \u200c\u2003 \u200c\u2003 \u200c\u2003 \u200c\u2003 \u200c\u2003 \u200c\u2003 \u200c\u2003 \u200c\u2003 \u200c\u2003 \u200c\u2003 \u200c\u2003 \u200c\u2003 \u200c\u2003 \u200c\u2003 \u200c\u2003 \u200c\u2003 \u200c\u2003 \u200c\u2003 \u200c\u2003 \u200c\u2003 \u200c\u2003 \u200c\u2003 \u200c\u2003 \u200c\u2003 \u200c\u2003 \u200c\u2003 \u200c\u2003 \u200c\u2003 \u200c\u2003 \u200c\u2003 \u200c\u2003 \u200c\u2003 \u200c\u2003 \u200c\u2003 \u200c\u2003 \u200c\u2003 \u200c\u2003 \u200c\u2003 \u200c\u2003 \u200c\u2003 \u200c\u2003 \u200c\u2003 \u200c\u2003 \u200c\u2003 \u200c\u2003 \u200c\u2003 \u200c\u2003 \u200c\u2003 \u200c\u2003 \u200c\u2003 \u200c\u2003 \u200c\u2003 \u200c\u2003 \u200c\u2003 \u200c\u2003 \u200c\u2003 \u200c\u2003 \u200c\u2003 \u200c\u2003 \u200c\u2003 \u200c\u2003 \u200c\u2003 \u200c\u2003 \u200c\u2003 \u200c\u2003 \u200c\u2003 \u200c\u2003 \u200c\u2003 \u200c\u2003 \u200c\u2003 \u200c\u2003 \u200c\u2003 \u200c\u2003 \u200c\u2003 \u200c\u2003 \u200c\u2003 \u200c\u2003 \u200c\u2003 \u200c\u2003 \u200c\u2003 \u200c\u2003 \u200c\u2003 \u200c\u2003 \u200c\u2003 \u200c\u2003 \u200c\u2003 \u200c\u2003 \u200c\u2003 \u200c\u2003 \u200c\u2003 \u200c\u2003 \u200c\u2003 \u200c\u2003 \u200c\u2003 \u200c\u2003 \u200c\u2003 \u200c\u2003 \u200c\u2003 \u200c\u2003 \u200c\u2003 \u200c\u2003 \u200c\u2003 \u200c\u2003 \u200c\u2003 \u200c\u2003 \u200c\u2003 \u200c\u2003 \u200c\u2003 \u200c\u2003 \u200c\u2003 \u200c\u2003 \u200c\u2003 \u200c\u2003 \u200c\u2003 \u200c\u2003 \u200c\u2003 \u200c\u2003 \u200c\u2003 \u200c\u2003 \u200c\u2003 \u200c\u2003 \u200c\u2003 \u200c\u2003 \u200c\u2003 \u200c\u2003 \u200c\u2003 \u200c\u2003 \u200c\u2003 \u200c\u2003 \u200c\u2003 \u200c\u2003 \u200c\u2003 \u200c\u2003 \u200c\u2003 \u200c\u2003 \u200c\u2003 \u200c\u2003 \u200c\u2003 \u200c\u2003 \u200c\u2003 \u200c\u2003 \u200c\u2003 \u200c\u2003 \u200c\u2003 \u200c\u2003 \u200c\u2003 \u200c\u2003 \u200c\u2003 \u200c\u2003 \u200c\u2003 \u200c\u2003 \u200c\u2003 \u200c\u2003 \u200c\u2003 \u200c\u2003 \u200c\u2003 \u200c\u2003 \u200c\u2003 \u200c\u2003 \u200c\u2003 \u200c\u2003 \u200c\u2003 \u200c\u2003 \u200c\u2003 \u200c\u2003 \u200c\u2003 \u200c\u2003 \u200c\u2003 \u200c\u2003 \u200c\u2003 \u200c\u2003 \u200c\u2003 \u200c\u2003 \u200c\u2003 \u200c\u2003 \u200c\u2003 \u200c\u2003 \u200c\u2003 \u200c\u2003 \u200c\u2003 \u200c\u2003 \u200c\u2003 \u200c\u2003 \u200c\u2003 \u200c\u2003 \u200c\u2003 \u200c\u2003 \u200c\u2003 \u200c\u2003 \u200c\u2003 \u200c\u2003 \u200c\u2003 \u200c\u2003 \u200c\u2003 \u200c\u2003 \u200c\u2003 \u200c\u2003 \u200c\u2003 \u200c\u2003 \u200c\u2003 \u200c\u2003 \u200c\u2003 \u200c\u2003 \u200c\u2003 \u200c\u2003 \u200c\u2003 \u200c\u2003 \u200c\u2003 \u200c\u2003 \u200c\u2003 \u200c\u2003 \u200c\u2003 \u200c\u2003 \u200c\u2003 \u200c\u2003 \u200c\u2003 \u200c\u2003 \u200c\u2003 \u200c\u2003 \u200c\u2003 \u200c\u2003 \u200c\u2003 \u200c\u2003 \u200c\u2003 \u200c\u2003 \u200c\u2003 \u200c\u2003 \u200c\u2003 \u200c\u2003 \u200c\u2003 \u200c\u2003 \u200c\u2003 \u200c\u2003 \u200c\u2003 \u200c\u2003 \u200c\u2003 \u200c\u2003 \u200c\u2003 \u200c\u2003 \u200c\u2003 \u200c\u2003 \u200c\u2003 \u200c\u2003 \u200c\u2003 \u200c\u2003 \u200c\u2003 \u200c\u2003 \u200c\u2003 \u200c\u2003 \u200c\u2003 \u200c\u2003 \u200c\u2003 \u200c\u2003 \u200c\u2003 \u200c\u2003 \u200c\u2003 \u200c\u2003 \u200c\u2003 \u200c\u2003 \u200c\u2003 \u200c\u2003 \u200c\u2003 \u200c\u2003 \u200c\u2003 \u200c\u2003 \u200c\u2003 \u200c\u2003 \u200c\u2003 \u200c\u2003 \u200c\u2003 \u200c\u2003 \u200c\u2003 \u200c\u2003 \u200c\u2003 \u200c\u2003 \u200c\u2003 \u200c\u2003 \u200c\u2003 \u200cDavid Liang你有 148 条未读通知待查看通知Pro Visa - 小老板给你发送了3条消息3个加好友请求David Liang和其他 2 位用户在20张照片中标记了你Mark Liew和其他 15 位用户有23条密友动态更新99条新通知查看通知前往\xa0Facebook这封邮件：有用|没用此邮件发给497720537@qq.com。 如果不希望再收到 Meta 的这类邮件，请退订。Meta Platforms, Inc., Attention: Community Support, 1 Meta Way, Menlo Park, CA 94025为保护你的主页安全，请勿转发这封邮件。详细了解', 'David Liang，请查看有关梁振强和黃枫銘的未读消息和其他通知。\u200c\u2003 \u200c\u2003 \u200c\u2003 \u200c\u2003 \u200c\u2003 \u200c\u2003 \u200c\u2003 \u200c\u2003 \u200c\u2003 \u200c\u2003 \u200c\u2003 \u200c\u2003 \u200c\u2003 \u200c\u2003 \u200c\u2003 \u200c\u2003 \u200c\u2003 \u200c\u2003 \u200c\u2003 \u200c\u2003 \u200c\u2003 \u200c\u2003 \u200c\u2003 \u200c\u2003 \u200c\u2003 \u200c\u2003 \u200c\u2003 \u200c\u2003 \u200c\u2003 \u200c\u2003 \u200c\u2003 \u200c\u2003 \u200c\u2003 \u200c\u2003 \u200c\u2003 \u200c\u2003 \u200c\u2003 \u200c\u2003 \u200c\u2003 \u200c\u2003 \u200c\u2003 \u200c\u2003 \u200c\u2003 \u200c\u2003 \u200c\u2003 \u200c\u2003 \u200c\u2003 \u200c\u2003 \u200c\u2003 \u200c\u2003 \u200c\u2003 \u200c\u2003 \u200c\u2003 \u200c\u2003 \u200c\u2003 \u200c\u2003 \u200c\u2003 \u200c\u2003 \u200c\u2003 \u200c\u2003 \u200c\u2003 \u200c\u2003 \u200c\u2003 \u200c\u2003 \u200c\u2003 \u200c\u2003 \u200c\u2003 \u200c\u2003 \u200c\u2003 \u200c\u2003 \u200c\u2003 \u200c\u2003 \u200c\u2003 \u200c\u2003 \u200c\u2003 \u200c\u2003 \u200c\u2003 \u200c\u2003 \u200c\u2003 \u200c\u2003 \u200c\u2003 \u200c\u2003 \u200c\u2003 \u200c\u2003 \u200c\u2003 \u200c\u2003 \u200c\u2003 \u200c\u2003 \u200c\u2003 \u200c\u2003 \u200c\u2003 \u200c\u2003 \u200c\u2003 \u200c\u2003 \u200c\u2003 \u200c\u2003 \u200c\u2003 \u200c\u2003 \u200c\u2003 \u200c\u2003 \u200c\u2003 \u200c\u2003 \u200c\u2003 \u200c\u2003 \u200c\u2003 \u200c\u2003 \u200c\u2003 \u200c\u2003 \u200c\u2003 \u200c\u2003 \u200c\u2003 \u200c\u2003 \u200c\u2003 \u200c\u2003 \u200c\u2003 \u200c\u2003 \u200c\u2003 \u200c\u2003 \u200c\u2003 \u200c\u2003 \u200c\u2003 \u200c\u2003 \u200c\u2003 \u200c\u2003 \u200c\u2003 \u200c\u2003 \u200c\u2003 \u200c\u2003 \u200c\u2003 \u200c\u2003 \u200c\u2003 \u200c\u2003 \u200c\u2003 \u200c\u2003 \u200c\u2003 \u200c\u2003 \u200c\u2003 \u200c\u2003 \u200c\u2003 \u200c\u2003 \u200c\u2003 \u200c\u2003 \u200c\u2003 \u200c\u2003 \u200c\u2003 \u200c\u2003 \u200c\u2003 \u200c\u2003 \u200c\u2003 \u200c\u2003 \u200c\u2003 \u200c\u2003 \u200c\u2003 \u200c\u2003 \u200c\u2003 \u200c\u2003 \u200c\u2003 \u200c\u2003 \u200c\u2003 \u200c\u2003 \u200c\u2003 \u200c\u2003 \u200c\u2003 \u200c\u2003 \u200c\u2003 \u200c\u2003 \u200c\u2003 \u200c\u2003 \u200c\u2003 \u200c\u2003 \u200c\u2003 \u200c\u2003 \u200c\u2003 \u200c\u2003 \u200c\u2003 \u200c\u2003 \u200c\u2003 \u200c\u2003 \u200c\u2003 \u200c\u2003 \u200c\u2003 \u200c\u2003 \u200c\u2003 \u200c\u2003 \u200c\u2003 \u200c\u2003 \u200c\u2003 \u200c\u2003 \u200c\u2003 \u200c\u2003 \u200c\u2003 \u200c\u2003 \u200c\u2003 \u200c\u2003 \u200c\u2003 \u200c\u2003 \u200c\u2003 \u200c\u2003 \u200c\u2003 \u200c\u2003 \u200c\u2003 \u200c\u2003 \u200c\u2003 \u200c\u2003 \u200c\u2003 \u200c\u2003 \u200c\u2003 \u200c\u2003 \u200c\u2003 \u200c\u2003 \u200c\u2003 \u200c\u2003 \u200c\u2003 \u200c\u2003 \u200c\u2003 \u200c\u2003 \u200c\u2003 \u200c\u2003 \u200c\u2003 \u200c\u2003 \u200c\u2003 \u200c\u2003 \u200c\u2003 \u200c\u2003 \u200c\u2003 \u200c\u2003 \u200c\u2003 \u200c\u2003 \u200c\u2003 \u200c\u2003 \u200c\u2003 \u200c\u2003 \u200c\u2003 \u200c\u2003 \u200c\u2003 \u200c\u2003 \u200c\u2003 \u200c\u2003 \u200c\u2003 \u200c\u2003 \u200c\u2003 \u200c\u2003 \u200c\u2003 \u200c\u2003 \u200c\u2003 \u200c\u2003 \u200c\u2003 \u200c\u2003 \u200c\u2003 \u200c\u2003 \u200c\u2003 \u200c\u2003 \u200c\u2003 \u200c\u2003 \u200c\u2003 \u200c\u2003 \u200c\u2003 \u200c\u2003 \u200c\u2003 \u200c\u2003 \u200c\u2003 \u200c\u2003 \u200c\u2003 \u200c\u2003 \u200c\u2003 \u200c\u2003 \u200c\u2003 \u200c\u2003 \u200c\u2003 \u200c\u2003 \u200c\u2003 \u200c\u2003 \u200c\u2003 \u200c\u2003 \u200c\u2003 \u200c\u2003 \u200c\u2003 \u200c\u2003 \u200c\u2003 \u200c\u2003 \u200c\u2003 \u200c\u2003 \u200c\u2003 \u200c\u2003 \u200c\u2003 \u200c\u2003 \u200c\u2003 \u200c\u2003 \u200c\u2003 \u200c\u2003 \u200c\u2003 \u200c\u2003 \u200c\u2003 \u200c\u2003 \u200c\u2003 \u200c\u2003 \u200c\u2003 \u200c\u2003 \u200c\u2003 \u200cDavid Liang你有 148 条未读通知待查看通知Pro Visa - 小老板给你发送了3条消息3个加好友请求David Liang和其他 2 位用户在20张照片中标记了你Mark Liew和其他 15 位用户有23条密友动态更新99条新通知查看通知前往\xa0Facebook这封邮件：有用|没用此邮件发给497720537@qq.com。 如果不希望再收到 Meta 的这类邮件，请退订。Meta Platforms, Inc., Attention: Community Support, 1 Meta Way, Menlo Park, CA 94025为保护你的主页安全，请勿转发这封邮件。详细了解', '', 'David Liang，请查看有关梁振强和黃枫銘的未读消息和其他通知。\u200c\u2003 \u200c\u2003 \u200c\u2003 \u200c\u2003 \u200c\u2003 \u200c\u2003 \u200c\u2003 \u200c\u2003 \u200c\u2003 \u200c\u2003 \u200c\u2003 \u200c\u2003 \u200c\u2003 \u200c\u2003 \u200c\u2003 \u200c\u2003 \u200c\u2003 \u200c\u2003 \u200c\u2003 \u200c\u2003 \u200c\u2003 \u200c\u2003 \u200c\u2003 \u200c\u2003 \u200c\u2003 \u200c\u2003 \u200c\u2003 \u200c\u2003 \u200c\u2003 \u200c\u2003 \u200c\u2003 \u200c\u2003 \u200c\u2003 \u200c\u2003 \u200c\u2003 \u200c\u2003 \u200c\u2003 \u200c\u2003 \u200c\u2003 \u200c\u2003 \u200c\u2003 \u200c\u2003 \u200c\u2003 \u200c\u2003 \u200c\u2003 \u200c\u2003 \u200c\u2003 \u200c\u2003 \u200c\u2003 \u200c\u2003 \u200c\u2003 \u200c\u2003 \u200c\u2003 \u200c\u2003 \u200c\u2003 \u200c\u2003 \u200c\u2003 \u200c\u2003 \u200c\u2003 \u200c\u2003 \u200c\u2003 \u200c\u2003 \u200c\u2003 \u200c\u2003 \u200c\u2003 \u200c\u2003 \u200c\u2003 \u200c\u2003 \u200c\u2003 \u200c\u2003 \u200c\u2003 \u200c\u2003 \u200c\u2003 \u200c\u2003 \u200c\u2003 \u200c\u2003 \u200c\u2003 \u200c\u2003 \u200c\u2003 \u200c\u2003 \u200c\u2003 \u200c\u2003 \u200c\u2003 \u200c\u2003 \u200c\u2003 \u200c\u2003 \u200c\u2003 \u200c\u2003 \u200c\u2003 \u200c\u2003 \u200c\u2003 \u200c\u2003 \u200c\u2003 \u200c\u2003 \u200c\u2003 \u200c\u2003 \u200c\u2003 \u200c\u2003 \u200c\u2003 \u200c\u2003 \u200c\u2003 \u200c\u2003 \u200c\u2003 \u200c\u2003 \u200c\u2003 \u200c\u2003 \u200c\u2003 \u200c\u2003 \u200c\u2003 \u200c\u2003 \u200c\u2003 \u200c\u2003 \u200c\u2003 \u200c\u2003 \u200c\u2003 \u200c\u2003 \u200c\u2003 \u200c\u2003 \u200c\u2003 \u200c\u2003 \u200c\u2003 \u200c\u2003 \u200c\u2003 \u200c\u2003 \u200c\u2003 \u200c\u2003 \u200c\u2003 \u200c\u2003 \u200c\u2003 \u200c\u2003 \u200c\u2003 \u200c\u2003 \u200c\u2003 \u200c\u2003 \u200c\u2003 \u200c\u2003 \u200c\u2003 \u200c\u2003 \u200c\u2003 \u200c\u2003 \u200c\u2003 \u200c\u2003 \u200c\u2003 \u200c\u2003 \u200c\u2003 \u200c\u2003 \u200c\u2003 \u200c\u2003 \u200c\u2003 \u200c\u2003 \u200c\u2003 \u200c\u2003 \u200c\u2003 \u200c\u2003 \u200c\u2003 \u200c\u2003 \u200c\u2003 \u200c\u2003 \u200c\u2003 \u200c\u2003 \u200c\u2003 \u200c\u2003 \u200c\u2003 \u200c\u2003 \u200c\u2003 \u200c\u2003 \u200c\u2003 \u200c\u2003 \u200c\u2003 \u200c\u2003 \u200c\u2003 \u200c\u2003 \u200c\u2003 \u200c\u2003 \u200c\u2003 \u200c\u2003 \u200c\u2003 \u200c\u2003 \u200c\u2003 \u200c\u2003 \u200c\u2003 \u200c\u2003 \u200c\u2003 \u200c\u2003 \u200c\u2003 \u200c\u2003 \u200c\u2003 \u200c\u2003 \u200c\u2003 \u200c\u2003 \u200c\u2003 \u200c\u2003 \u200c\u2003 \u200c\u2003 \u200c\u2003 \u200c\u2003 \u200c\u2003 \u200c\u2003 \u200c\u2003 \u200c\u2003 \u200c\u2003 \u200c\u2003 \u200c\u2003 \u200c\u2003 \u200c\u2003 \u200c\u2003 \u200c\u2003 \u200c\u2003 \u200c\u2003 \u200c\u2003 \u200c\u2003 \u200c\u2003 \u200c\u2003 \u200c\u2003 \u200c\u2003 \u200c\u2003 \u200c\u2003 \u200c\u2003 \u200c\u2003 \u200c\u2003 \u200c\u2003 \u200c\u2003 \u200c\u2003 \u200c\u2003 \u200c\u2003 \u200c\u2003 \u200c\u2003 \u200c\u2003 \u200c\u2003 \u200c\u2003 \u200c\u2003 \u200c\u2003 \u200c\u2003 \u200c\u2003 \u200c\u2003 \u200c\u2003 \u200c\u2003 \u200c\u2003 \u200c\u2003 \u200c\u2003 \u200c\u2003 \u200c\u2003 \u200c\u2003 \u200c\u2003 \u200c\u2003 \u200c\u2003 \u200c\u2003 \u200c\u2003 \u200c\u2003 \u200c\u2003 \u200c\u2003 \u200c\u2003 \u200c\u2003 \u200c\u2003 \u200c\u2003 \u200c\u2003 \u200c\u2003 \u200c\u2003 \u200c\u2003 \u200c\u2003 \u200c\u2003 \u200c\u2003 \u200c\u2003 \u200c\u2003 \u200c\u2003 \u200c\u2003 \u200c\u2003 \u200c\u2003 \u200c\u2003 \u200c\u2003 \u200c\u2003 \u200c\u2003 \u200c\u2003 \u200c\u2003 \u200c\u2003 \u200c\u2003 \u200c\u2003 \u200c\u2003 \u200c\u2003 \u200c\u2003 \u200c\u2003 \u200c\u2003 \u200c\u2003 \u200c\u2003 \u200c\u2003 \u200c\u2003 \u200c\u2003 \u200c\u2003 \u200c\u2003 \u200c\u2003 \u200c\u2003 \u200c\u2003 \u200c\u2003 \u200c\u2003 \u200c\u2003 \u200c\u2003 \u200c\u2003 \u200c\u2003 \u200c\u2003 \u200c', '', 'David Liang', '', '', 'David Liang', 'David Liang', '', '', '', '', '', '你有 148 条未读通知待查看通知Pro Visa - 小老板给你发送了3条消息3个加好友请求David Liang和其他 2 位用户在20张照片中标记了你Mark Liew和其他 15 位用户有23条密友动态更新99条新通知', '', '你有 148 条未读通知待查看', '', '通知Pro Visa - 小老板给你发送了3条消息3个加好友请求David Liang和其他 2 位用户在20张照片中标记了你Mark Liew和其他 15 位用户有23条密友动态更新99条新通知', 'Pro Visa - 小老板给你发送了3条消息', '', '', 'Pro Visa - 小老板给你发送了3条消息', 'Pro Visa - 小老板给你发送了3条消息', '', '3个加好友请求', '', '', '3个加好友请求', '3个加好友请求', '', 'David Liang和其他 2 位用户在20张照片中标记了你', '', '', 'David Liang和其他 2 位用户在20张照片中标记了你', 'David Liang和其他 2 位用户在20张照片中标记了你', '', '', '', 'Mark Liew和其他 15 位用户有23条密友动态更新', '', '', 'Mark Liew和其他 15 位用户有23条密友动态更新', 'Mark Liew和其他 15 位用户有23条密友动态更新', '', '', '', '', '', '99条新通知', '', '', '99条新通知', '99条新通知', '', '', '', '', '查看通知前往\xa0Facebook', '', '查看通知', '查看通知', '', '前往\xa0Facebook', '前往\xa0Facebook', '', '', '', '', '这封邮件：有用|没用', '这封邮件：有用|没用', '', '', '', '此邮件发给497720537@qq.com。 如果不希望再收到 Meta 的这类邮件，请退订。Meta Platforms, Inc., Attention: Community Support, 1 Meta Way, Menlo Park, CA 94025', '', '此邮件发给497720537@qq.com。 如果不希望再收到 Meta 的这类邮件，请退订。Meta Platforms, Inc., Attention: Community Support, 1 Meta Way, Menlo Park, CA 94025', '', '', '为保护你的主页安全，请勿转发这封邮件。详细了解', '为保护你的主页安全，请勿转发这封邮件。详细了解', '', '']
[2026-07-08 09:31:57] QQ-主 邮件 5264 无有效信号
[2026-07-08 09:31:57]  QQ-主 正在解析因子: Build an AI prototype in 2 days live with an expert
[2026-07-08 09:31:57]  发现表格，共 55 行数据
[2026-07-08 09:31:57]  表头映射失败，未找到指定列名。当前表头: ["WORKSHOPSFast-track the skill your jobs needsDon’t need months of training — just a skill you can use right now? Workshops are live, expert-led sessions designed to help you build one specific AI skill in just 1-2 days.Learn by doing, complete a hands-on AI project, and start applying your new skill at work immediately.Start learning liveSee what's coming upSTARTS JULY 19Beyond Vibe Coding: Engineering Production- Grade AI CodeLearn how to move beyond “vibe coding” and build reliable, scalable AI-assisted applications with real engineering discipline.Register todaySTARTS JULY 30Vibe Code Your Personal Website in 1 DayBuild and launch your personal website in a single day using an AI-native workflow. Go from personal brand to live Next.js site with expert guidance and a repeatable process you can reuse.Register todaySTARTS AUG 1Build Your First AI-Powered Prototype in 2 DaysLearn how to use AI coding tools to turn an idea into a working prototype — no traditional development background required.Register todaySTARTS AUG 2Build Your First AI Agent in 1 dayCreate a functional AI agent that researches and evaluates business ideas. You’ll learn how agents utilize tools, search the web, reason through tradeoffs, and complete multi-step tasks.Register todayExplore all workshopsStart learning liveView Web Version|Email Preferences|Unsubscribe|Privacy PolicyView Web VersionEmail PreferencesUnsubscribePrivacy PolicyCopyright Codecademy. All rights reserved.300 Innovative Way, Suite 2210, Nashua, NH 03062", '', '', '', 'WORKSHOPSFast-track the skill your jobs needsDon’t need months of training — just a skill you can use right now? Workshops are live, expert-led sessions designed to help you build one specific AI skill in just 1-2 days.Learn by doing, complete a hands-on AI project, and start applying your new skill at work immediately.Start learning live', 'WORKSHOPSFast-track the skill your jobs needsDon’t need months of training — just a skill you can use right now? Workshops are live, expert-led sessions designed to help you build one specific AI skill in just 1-2 days.Learn by doing, complete a hands-on AI project, and start applying your new skill at work immediately.Start learning live', 'WORKSHOPS', 'Fast-track the skill your jobs needs', 'Don’t need months of training — just a skill you can use right now? Workshops are live, expert-led sessions designed to help you build one specific AI skill in just 1-2 days.Learn by doing, complete a hands-on AI project, and start applying your new skill at work immediately.', 'Start learning live', "See what's coming up", "See what's coming up", "See what's coming up", 'STARTS JULY 19Beyond Vibe Coding: Engineering Production- Grade AI CodeLearn how to move beyond “vibe coding” and build reliable, scalable AI-assisted applications with real engineering discipline.Register today', '', '', '', 'STARTS JULY 19Beyond Vibe Coding: Engineering Production- Grade AI CodeLearn how to move beyond “vibe coding” and build reliable, scalable AI-assisted applications with real engineering discipline.Register today', 'STARTS JULY 19', 'Beyond Vibe Coding: Engineering Production- Grade AI Code', 'Learn how to move beyond “vibe coding” and build reliable, scalable AI-assisted applications with real engineering discipline.', 'Register today', 'STARTS JULY 30Vibe Code Your Personal Website in 1 DayBuild and launch your personal website in a single day using an AI-native workflow. Go from personal brand to live Next.js site with expert guidance and a repeatable process you can reuse.Register today', '', '', '', 'STARTS JULY 30Vibe Code Your Personal Website in 1 DayBuild and launch your personal website in a single day using an AI-native workflow. Go from personal brand to live Next.js site with expert guidance and a repeatable process you can reuse.Register today', 'STARTS JULY 30', 'Vibe Code Your Personal Website in 1 Day', 'Build and launch your personal website in a single day using an AI-native workflow. Go from personal brand to live Next.js site with expert guidance and a repeatable process you can reuse.', 'Register today', 'STARTS AUG 1Build Your First AI-Powered Prototype in 2 DaysLearn how to use AI coding tools to turn an idea into a working prototype — no traditional development background required.Register today', '', '', '', 'STARTS AUG 1Build Your First AI-Powered Prototype in 2 DaysLearn how to use AI coding tools to turn an idea into a working prototype — no traditional development background required.Register today', 'STARTS AUG 1', 'Build Your First AI-Powered Prototype in 2 Days', 'Learn how to use AI coding tools to turn an idea into a working prototype — no traditional development background required.', 'Register today', 'STARTS AUG 2Build Your First AI Agent in 1 dayCreate a functional AI agent that researches and evaluates business ideas. You’ll learn how agents utilize tools, search the web, reason through tradeoffs, and complete multi-step tasks.Register today', '', '', '', 'STARTS AUG 2Build Your First AI Agent in 1 dayCreate a functional AI agent that researches and evaluates business ideas. You’ll learn how agents utilize tools, search the web, reason through tradeoffs, and complete multi-step tasks.Register today', 'STARTS AUG 2', 'Build Your First AI Agent in 1 day', 'Create a functional AI agent that researches and evaluates business ideas. You’ll learn how agents utilize tools, search the web, reason through tradeoffs, and complete multi-step tasks.', 'Register today', 'Explore all workshopsStart learning live', 'Explore all workshopsStart learning live', 'Explore all workshops', 'Start learning live', 'View Web Version|Email Preferences|Unsubscribe|Privacy PolicyView Web VersionEmail PreferencesUnsubscribePrivacy PolicyCopyright Codecademy. All rights reserved.300 Innovative Way, Suite 2210, Nashua, NH 03062', 'View Web Version|Email Preferences|Unsubscribe|Privacy PolicyView Web VersionEmail PreferencesUnsubscribePrivacy PolicyCopyright Codecademy. All rights reserved.300 Innovative Way, Suite 2210, Nashua, NH 03062', 'View Web Version|Email Preferences|Unsubscribe|Privacy Policy', 'View Web Version|Email Preferences|Unsubscribe|Privacy Policy', 'View Web VersionEmail PreferencesUnsubscribePrivacy Policy', 'View Web VersionEmail PreferencesUnsubscribePrivacy Policy', 'Copyright Codecademy. All rights reserved.300 Innovative Way, Suite 2210, Nashua, NH 03062']
[2026-07-08 09:31:57] QQ-主 邮件 5265 无有效信号
[2026-07-08 09:32:00]  QQ-主 正在解析因子: =?GBK?B?MjAyNsTqMDfUwjA3yNW358/Vycy7p8fltaU=?=
[2026-07-08 09:32:00]  QQ-主 邮件 5266 无 HTML 表格
[2026-07-08 09:32:00]  QQ-主 本轮共成功处理 18 封有效信号邮件
[2026-07-08 09:32:00]  正在连接 QQ-备用 邮箱服务器 (shouqianbadavid@qq.com) ...
[2026-07-08 09:32:01]  QQ-备用 正在解析因子: =?utf-8?b?QWxwaGFQaWxvdCDlpIfku73kv6Hlj7cgKGFscGhhX3NpZ25hbF90aHJfMjAyNjA3MDdfMTMwMi5qc29uKSBb5aSHUVEt6Ieq5L+dXQ==?=
[2026-07-08 09:32:01]  发现表格，共 14 行数据
[2026-07-08 09:32:01]  动态索引映射: ['股票代码', '股票名称', '信号', '当前价格', '量比', '来源过滤']
[2026-07-08 09:32:01]  [行1] 解析成功: SHSE.603773 [沃格光电] SELL @ 120.87 (VR:0.09)
[2026-07-08 09:32:01]  [行2] 解析成功: SHSE.605111 [新洁能] SELL @ 77.9 (VR:0.27)
[2026-07-08 09:32:01]  [行3] 解析成功: SZSE.002552 [宝鼎科技] BUY @ 55.53 (VR:1.95)
[2026-07-08 09:32:01]  [行4] 解析成功: SZSE.003031 [中瓷电子] BUY @ 146.32 (VR:0.66)
[2026-07-08 09:32:01]  [行5] 解析成功: SZSE.002937 [兴瑞科技] BUY @ 42.51 (VR:0.22)
[2026-07-08 09:32:01]  [行6] 解析成功: SZSE.000823 [超声电子] SELL @ 19.22 (VR:0.53)
[2026-07-08 09:32:01]  [行7] 解析成功: SZSE.301070 [开勒股份] SELL @ 83.64 (VR:0.29)
[2026-07-08 09:32:01]  [行8] 解析成功: SHSE.603773 [沃格光电] SELL @ 120.0 (VR:0.34)
[2026-07-08 09:32:01]  [行9] 解析成功: SHSE.605111 [新洁能] SELL @ 77.78 (VR:0.29)
[2026-07-08 09:32:01]  [行10] 解析成功: SZSE.002552 [宝鼎科技] BUY @ 55.62 (VR:0.05)
[2026-07-08 09:32:01]  [行11] 解析成功: SZSE.003031 [中瓷电子] BUY @ 146.77 (VR:0.0)
[2026-07-08 09:32:01]  [行12] 解析成功: SZSE.002937 [兴瑞科技] BUY @ 42.63 (VR:0.44)
[2026-07-08 09:32:01]  [行13] 解析成功: SZSE.000823 [超声电子] SELL @ 19.21 (VR:0.25)
[2026-07-08 09:32:01]  [行14] 解析成功: SZSE.301070 [开勒股份] SELL @ 83.34 (VR:0.07)
[2026-07-08 09:32:01] 成功保存 14 条因子至: signal_batch_20260708_093201_277272.txt
[2026-07-08 09:32:01]  QQ-备用 邮件 2982 处理完成
[2026-07-08 09:32:01]  QQ-备用 正在解析因子: =?utf-8?b?QWxwaGFQaWxvdCDlpIfku73kv6Hlj7cgKGFscGhhX3NpZ25hbF90aHJfMjAyNjA3MDdfMTMwNS5qc29uKSBb5aSHUVEt6Ieq5L+dXQ==?=
[2026-07-08 09:32:01]  发现表格，共 8 行数据
[2026-07-08 09:32:01]  动态索引映射: ['股票代码', '股票名称', '信号', '当前价格', '量比', '来源过滤']
[2026-07-08 09:32:01]  [行1] 解析成功: SZSE.300821 [东岳硅材] BUY @ 23.83 (VR:0.28)
[2026-07-08 09:32:01]  [行2] 解析成功: SZSE.300236 [上海新阳] SELL @ 111.23 (VR:0.04)
[2026-07-08 09:32:01]  [行3] 解析成功: SZSE.300057 [万顺新材] SELL @ 8.92 (VR:0.06)
[2026-07-08 09:32:01]  [行4] 解析成功: SZSE.002635 [安洁科技] SELL @ 20.13 (VR:0.24)
[2026-07-08 09:32:01]  [行5] 解析成功: SZSE.300821 [东岳硅材] BUY @ 23.87 (VR:0.41)
[2026-07-08 09:32:01]  [行6] 解析成功: SZSE.300236 [上海新阳] SELL @ 110.5 (VR:0.36)
[2026-07-08 09:32:01]  [行7] 解析成功: SZSE.300057 [万顺新材] SELL @ 8.9 (VR:0.92)
[2026-07-08 09:32:01]  [行8] 解析成功: SZSE.002635 [安洁科技] SELL @ 20.09 (VR:0.43)
[2026-07-08 09:32:01] 成功保存 8 条因子至: signal_batch_20260708_093201_508237.txt
[2026-07-08 09:32:01]  QQ-备用 邮件 2983 处理完成
[2026-07-08 09:32:01]  QQ-备用 正在解析因子: =?utf-8?b?QWxwaGFQaWxvdCDlpIfku73kv6Hlj7cgKGFscGhhX3NpZ25hbF90aHJfMjAyNjA3MDdfMTMwNy5qc29uKSBb5aSHUVEt6Ieq5L+dXQ==?=
[2026-07-08 09:32:01]  发现表格，共 14 行数据
[2026-07-08 09:32:01]  动态索引映射: ['股票代码', '股票名称', '信号', '当前价格', '量比', '来源过滤']
[2026-07-08 09:32:01]  [行1] 解析成功: SHSE.688286 [敏芯股份] SELL @ 72.0 (VR:0.05)
[2026-07-08 09:32:01]  [行2] 解析成功: SHSE.688249 [晶合集成] SELL @ 59.7 (VR:0.47)
[2026-07-08 09:32:01]  [行3] 解析成功: SHSE.688138 [清溢光电] BUY @ 40.84 (VR:0.2)
[2026-07-08 09:32:01]  [行4] 解析成功: SZSE.301252 [同星科技] SELL @ 38.23 (VR:1.51)
[2026-07-08 09:32:01]  [行5] 解析成功: SZSE.301392 [汇成真空] SELL @ 239.51 (VR:0.17)
[2026-07-08 09:32:01]  [行6] 解析成功: SZSE.300088 [长信科技] SELL @ 8.85 (VR:0.1)
[2026-07-08 09:32:01]  [行7] 解析成功: SZSE.300780 [德恩精工] SELL @ 31.49 (VR:0.11)
[2026-07-08 09:32:01]  [行8] 解析成功: SHSE.688286 [敏芯股份] SELL @ 71.85 (VR:0.31)
[2026-07-08 09:32:01]  [行9] 解析成功: SHSE.688249 [晶合集成] SELL @ 59.49 (VR:0.23)
[2026-07-08 09:32:01]  [行10] 解析成功: SHSE.688138 [清溢光电] BUY @ 40.96 (VR:0.94)
[2026-07-08 09:32:01]  [行11] 解析成功: SZSE.301252 [同星科技] SELL @ 38.22 (VR:1.3)
[2026-07-08 09:32:01]  [行12] 解析成功: SZSE.301392 [汇成真空] SELL @ 238.89 (VR:1.4)
[2026-07-08 09:32:01]  [行13] 解析成功: SZSE.300088 [长信科技] SELL @ 8.83 (VR:1.22)
[2026-07-08 09:32:01]  [行14] 解析成功: SZSE.300780 [德恩精工] SELL @ 31.47 (VR:0.01)
[2026-07-08 09:32:01] 成功保存 14 条因子至: signal_batch_20260708_093201_742346.txt
[2026-07-08 09:32:01]  QQ-备用 邮件 2984 处理完成
[2026-07-08 09:32:01]  QQ-备用 正在解析因子: =?utf-8?b?QWxwaGFQaWxvdCDlpIfku73kv6Hlj7cgKGFscGhhX3NpZ25hbF90aHJfMjAyNjA3MDdfMTMwOS5qc29uKSBb5aSHUVEt6Ieq5L+dXQ==?=
[2026-07-08 09:32:01]  发现表格，共 6 行数据
[2026-07-08 09:32:01]  动态索引映射: ['股票代码', '股票名称', '信号', '当前价格', '量比', '来源过滤']
[2026-07-08 09:32:01]  [行1] 解析成功: SHSE.688002 [睿创微纳] BUY @ 149.07 (VR:0.8)
[2026-07-08 09:32:01]  [行2] 解析成功: SZSE.301045 [天禄科技] SELL @ 100.54 (VR:0.01)
[2026-07-08 09:32:01]  [行3] 解析成功: SZSE.300806 [斯迪克] SELL @ 89.91 (VR:0.03)
[2026-07-08 09:32:01]  [行4] 解析成功: SHSE.688002 [睿创微纳] BUY @ 149.08 (VR:0.5)
[2026-07-08 09:32:01]  [行5] 解析成功: SZSE.301045 [天禄科技] SELL @ 100.03 (VR:0.02)
[2026-07-08 09:32:01]  [行6] 解析成功: SZSE.300806 [斯迪克] SELL @ 89.41 (VR:0.02)
[2026-07-08 09:32:01] 成功保存 6 条因子至: signal_batch_20260708_093201_985019.txt
[2026-07-08 09:32:02]  QQ-备用 邮件 2985 处理完成
[2026-07-08 09:32:02]  QQ-备用 正在解析因子: =?utf-8?b?QWxwaGFQaWxvdCDlpIfku73kv6Hlj7cgKGFscGhhX3NpZ25hbF90aHJfMjAyNjA3MDdfMTMxMS5qc29uKSBb5aSHUVEt6Ieq5L+dXQ==?=
[2026-07-08 09:32:02]  发现表格，共 10 行数据
[2026-07-08 09:32:02]  动态索引映射: ['股票代码', '股票名称', '信号', '当前价格', '量比', '来源过滤']
[2026-07-08 09:32:02]  [行1] 解析成功: SHSE.600353 [旭光电子] SELL @ 42.02 (VR:0.44)
[2026-07-08 09:32:02]  [行2] 解析成功: SZSE.300346 [南大光电] BUY @ 76.43 (VR:0.03)
[2026-07-08 09:32:02]  [行3] 解析成功: SZSE.300433 [蓝思科技] BUY @ 51.01 (VR:0.02)
[2026-07-08 09:32:02]  [行4] 解析成功: SZSE.300666 [江丰电子] BUY @ 325.67 (VR:0.17)
[2026-07-08 09:32:02]  [行5] 解析成功: SZSE.301018 [申菱环境] BUY @ 119.93 (VR:0.32)
[2026-07-08 09:32:02]  [行6] 解析成功: SHSE.600353 [旭光电子] SELL @ 42.01 (VR:0.6)
[2026-07-08 09:32:02]  [行7] 解析成功: SZSE.300346 [南大光电] BUY @ 76.6 (VR:0.03)
[2026-07-08 09:32:02]  [行8] 解析成功: SZSE.300433 [蓝思科技] BUY @ 51.18 (VR:0.02)
[2026-07-08 09:32:02]  [行9] 解析成功: SZSE.300666 [江丰电子] BUY @ 325.68 (VR:0.02)
[2026-07-08 09:32:02]  [行10] 解析成功: SZSE.301018 [申菱环境] BUY @ 120.01 (VR:0.13)
[2026-07-08 09:32:02] 成功保存 10 条因子至: signal_batch_20260708_093202_264868.txt
[2026-07-08 09:32:02]  QQ-备用 邮件 2986 处理完成
[2026-07-08 09:32:02]  QQ-备用 正在解析因子: =?utf-8?b?QWxwaGFQaWxvdCDlpIfku73kv6Hlj7cgKGFscGhhX3NpZ25hbF90aHJfMjAyNjA3MDdfMTMxNC5qc29uKSBb5aSHUVEt6Ieq5L+dXQ==?=
[2026-07-08 09:32:02]  发现表格，共 12 行数据
[2026-07-08 09:32:02]  动态索引映射: ['股票代码', '股票名称', '信号', '当前价格', '量比', '来源过滤']
[2026-07-08 09:32:02]  [行1] 解析成功: SHSE.603773 [沃格光电] SELL @ 119.06 (VR:0.14)
[2026-07-08 09:32:02]  [行2] 解析成功: SHSE.600259 [中稀有色] SELL @ 92.82 (VR:0.5)
[2026-07-08 09:32:02]  [行3] 解析成功: SHSE.600460 [士兰微] SELL @ 46.4 (VR:0.66)
[2026-07-08 09:32:02]  [行4] 解析成功: SZSE.002552 [宝鼎科技] SELL @ 55.13 (VR:0.6)
[2026-07-08 09:32:02]  [行5] 解析成功: SZSE.300607 [拓斯达] SELL @ 43.43 (VR:0.04)
[2026-07-08 09:32:02]  [行6] 解析成功: SZSE.301070 [开勒股份] SELL @ 83.8 (VR:0.28)
[2026-07-08 09:32:02]  [行7] 解析成功: SHSE.603773 [沃格光电] SELL @ 118.9 (VR:0.04)
[2026-07-08 09:32:02]  [行8] 解析成功: SHSE.600259 [中稀有色] SELL @ 92.73 (VR:0.14)
[2026-07-08 09:32:02]  [行9] 解析成功: SHSE.600460 [士兰微] SELL @ 46.28 (VR:0.53)
[2026-07-08 09:32:02]  [行10] 解析成功: SZSE.002552 [宝鼎科技] SELL @ 54.85 (VR:0.34)
[2026-07-08 09:32:02]  [行11] 解析成功: SZSE.300607 [拓斯达] SELL @ 43.39 (VR:0.74)
[2026-07-08 09:32:02]  [行12] 解析成功: SZSE.301070 [开勒股份] SELL @ 83.66 (VR:0.02)
[2026-07-08 09:32:02] 成功保存 12 条因子至: signal_batch_20260708_093202_545582.txt
[2026-07-08 09:32:02]  QQ-备用 邮件 2987 处理完成
[2026-07-08 09:32:02]  QQ-备用 正在解析因子: =?utf-8?b?QWxwaGFQaWxvdCDlpIfku73kv6Hlj7cgKGFscGhhX3NpZ25hbF90aHJfMjAyNjA3MDdfMTMxNi5qc29uKSBb5aSHUVEt6Ieq5L+dXQ==?=
[2026-07-08 09:32:02]  发现表格，共 10 行数据
[2026-07-08 09:32:02]  动态索引映射: ['股票代码', '股票名称', '信号', '当前价格', '量比', '来源过滤']
[2026-07-08 09:32:02]  [行1] 解析成功: SZSE.300821 [东岳硅材] BUY @ 23.74 (VR:2.52)
[2026-07-08 09:32:02]  [行2] 解析成功: SZSE.300057 [万顺新材] BUY @ 8.82 (VR:1.03)
[2026-07-08 09:32:02]  [行3] 解析成功: SZSE.300162 [雷曼光电] SELL @ 10.6 (VR:0.27)
[2026-07-08 09:32:02]  [行4] 解析成功: SZSE.002158 [汉钟精机] BUY @ 34.42 (VR:3.03)
[2026-07-08 09:32:02]  [行5] 解析成功: SZSE.002635 [安洁科技] BUY @ 19.93 (VR:1.52)
[2026-07-08 09:32:02]  [行6] 解析成功: SZSE.300821 [东岳硅材] BUY @ 23.89 (VR:0.19)
[2026-07-08 09:32:02]  [行7] 解析成功: SZSE.300057 [万顺新材] BUY @ 8.84 (VR:0.15)
[2026-07-08 09:32:02]  [行8] 解析成功: SZSE.300162 [雷曼光电] SELL @ 10.56 (VR:0.18)
[2026-07-08 09:32:02]  [行9] 解析成功: SZSE.002158 [汉钟精机] BUY @ 34.58 (VR:1.23)
[2026-07-08 09:32:02]  [行10] 解析成功: SZSE.002635 [安洁科技] BUY @ 19.97 (VR:1.92)
[2026-07-08 09:32:02] 成功保存 10 条因子至: signal_batch_20260708_093202_816528.txt
[2026-07-08 09:32:02]  QQ-备用 邮件 2988 处理完成
[2026-07-08 09:32:03]  QQ-备用 正在解析因子: =?utf-8?b?QWxwaGFQaWxvdCDlpIfku73kv6Hlj7cgKGFscGhhX3NpZ25hbF90aHJfMjAyNjA3MDdfMTMxOS5qc29uKSBb5aSHUVEt6Ieq5L+dXQ==?=
[2026-07-08 09:32:03]  发现表格，共 10 行数据
[2026-07-08 09:32:03]  动态索引映射: ['股票代码', '股票名称', '信号', '当前价格', '量比', '来源过滤']
[2026-07-08 09:32:03]  [行1] 解析成功: SHSE.688286 [敏芯股份] SELL @ 71.6 (VR:1.46)
[2026-07-08 09:32:03]  [行2] 解析成功: SHSE.688249 [晶合集成] BUY @ 59.23 (VR:0.37)
[2026-07-08 09:32:03]  [行3] 解析成功: SZSE.301252 [同星科技] BUY @ 37.93 (VR:0.2)
[2026-07-08 09:32:03]  [行4] 解析成功: SZSE.301392 [汇成真空] BUY @ 237.63 (VR:0.17)
[2026-07-08 09:32:03]  [行5] 解析成功: SZSE.300661 [圣邦股份] BUY @ 126.9 (VR:0.99)
[2026-07-08 09:32:03]  [行6] 解析成功: SHSE.688286 [敏芯股份] SELL @ 71.56 (VR:0.22)
[2026-07-08 09:32:03]  [行7] 解析成功: SHSE.688249 [晶合集成] BUY @ 59.48 (VR:0.19)
[2026-07-08 09:32:03]  [行8] 解析成功: SZSE.301252 [同星科技] BUY @ 37.98 (VR:0.92)
[2026-07-08 09:32:03]  [行9] 解析成功: SZSE.301392 [汇成真空] BUY @ 237.99 (VR:0.39)
[2026-07-08 09:32:03]  [行10] 解析成功: SZSE.300661 [圣邦股份] BUY @ 127.5 (VR:1.07)
[2026-07-08 09:32:03] 成功保存 10 条因子至: signal_batch_20260708_093203_057697.txt
[2026-07-08 09:32:03]  QQ-备用 邮件 2989 处理完成
[2026-07-08 09:32:03]  QQ-备用 正在解析因子: =?utf-8?b?QWxwaGFQaWxvdCDlpIfku73kv6Hlj7cgKGFscGhhX3NpZ25hbF90aHJfMjAyNjA3MDdfMTMyMS5qc29uKSBb5aSHUVEt6Ieq5L+dXQ==?=
[2026-07-08 09:32:03]  发现表格，共 14 行数据
[2026-07-08 09:32:03]  动态索引映射: ['股票代码', '股票名称', '信号', '当前价格', '量比', '来源过滤']
[2026-07-08 09:32:03]  [行1] 解析成功: SHSE.688110 [东芯股份] SELL @ 167.26 (VR:0.36)
[2026-07-08 09:32:03]  [行2] 解析成功: SHSE.688665 [四方光电] SELL @ 54.94 (VR:2.14)
[2026-07-08 09:32:03]  [行3] 解析成功: SHSE.688002 [睿创微纳] SELL @ 148.77 (VR:0.33)
[2026-07-08 09:32:03]  [行4] 解析成功: SHSE.688227 [品高股份] BUY @ 91.96 (VR:0.15)
[2026-07-08 09:32:03]  [行5] 解析成功: SZSE.300806 [斯迪克] SELL @ 88.9 (VR:0.74)
[2026-07-08 09:32:03]  [行6] 解析成功: SZSE.300790 [宇瞳光学] SELL @ 22.34 (VR:0.14)
[2026-07-08 09:32:03]  [行7] 解析成功: SZSE.001339 [智微智能] BUY @ 95.33 (VR:0.12)
[2026-07-08 09:32:03]  [行8] 解析成功: SHSE.688110 [东芯股份] SELL @ 166.75 (VR:0.22)
[2026-07-08 09:32:03]  [行9] 解析成功: SHSE.688665 [四方光电] SELL @ 54.86 (VR:0.14)
[2026-07-08 09:32:03]  [行10] 解析成功: SHSE.688002 [睿创微纳] SELL @ 148.41 (VR:0.38)
[2026-07-08 09:32:03]  [行11] 解析成功: SHSE.688227 [品高股份] BUY @ 92.0 (VR:0.5)
[2026-07-08 09:32:03]  [行12] 解析成功: SZSE.300806 [斯迪克] SELL @ 88.65 (VR:1.41)
[2026-07-08 09:32:03]  [行13] 解析成功: SZSE.300790 [宇瞳光学] SELL @ 22.33 (VR:0.11)
[2026-07-08 09:32:03]  [行14] 解析成功: SZSE.001339 [智微智能] BUY @ 95.47 (VR:0.18)
[2026-07-08 09:32:03] 成功保存 14 条因子至: signal_batch_20260708_093203_316329.txt
[2026-07-08 09:32:03]  QQ-备用 邮件 2990 处理完成
[2026-07-08 09:32:03]  QQ-备用 正在解析因子: =?utf-8?b?QWxwaGFQaWxvdCDlpIfku73kv6Hlj7cgKGFscGhhX3NpZ25hbF90aHJfMjAyNjA3MDdfMTMyMy5qc29uKSBb5aSHUVEt6Ieq5L+dXQ==?=
[2026-07-08 09:32:03]  发现表格，共 6 行数据
[2026-07-08 09:32:03]  动态索引映射: ['股票代码', '股票名称', '信号', '当前价格', '量比', '来源过滤']
[2026-07-08 09:32:03]  [行1] 解析成功: SHSE.600353 [旭光电子] SELL @ 42.08 (VR:0.67)
[2026-07-08 09:32:03]  [行2] 解析成功: SZSE.300666 [江丰电子] BUY @ 325.03 (VR:0.13)
[2026-07-08 09:32:03]  [行3] 解析成功: SZSE.000510 [新金路] BUY @ 19.69 (VR:0.15)
[2026-07-08 09:32:03]  [行4] 解析成功: SHSE.600353 [旭光电子] SELL @ 42.04 (VR:0.41)
[2026-07-08 09:32:03]  [行5] 解析成功: SZSE.300666 [江丰电子] BUY @ 325.26 (VR:0.8)
[2026-07-08 09:32:03]  [行6] 解析成功: SZSE.000510 [新金路] BUY @ 19.72 (VR:0.03)
[2026-07-08 09:32:03] 成功保存 6 条因子至: signal_batch_20260708_093203_559526.txt
[2026-07-08 09:32:03]  QQ-备用 邮件 2991 处理完成
[2026-07-08 09:32:03]  QQ-备用 正在解析因子: =?utf-8?b?QWxwaGFQaWxvdCDlpIfku73kv6Hlj7cgKGFscGhhX3NpZ25hbF90aHJfMjAyNjA3MDdfMTMyNi5qc29uKSBb5aSHUVEt6Ieq5L+dXQ==?=
[2026-07-08 09:32:03]  发现表格，共 16 行数据
[2026-07-08 09:32:03]  动态索引映射: ['股票代码', '股票名称', '信号', '当前价格', '量比', '来源过滤']
[2026-07-08 09:32:03]  [行1] 解析成功: SHSE.603773 [沃格光电] BUY @ 118.72 (VR:0.4)
[2026-07-08 09:32:03]  [行2] 解析成功: SHSE.600259 [中稀有色] BUY @ 92.38 (VR:0.19)
[2026-07-08 09:32:03]  [行3] 解析成功: SHSE.600909 [华安证券] SELL @ 9.79 (VR:0.48)
[2026-07-08 09:32:03]  [行4] 解析成功: SHSE.600460 [士兰微] BUY @ 46.75 (VR:0.31)
[2026-07-08 09:32:03]  [行5] 解析成功: SZSE.002552 [宝鼎科技] BUY @ 55.27 (VR:0.68)
[2026-07-08 09:32:03]  [行6] 解析成功: SZSE.000920 [沃顿科技] BUY @ 11.98 (VR:0.18)
[2026-07-08 09:32:03]  [行7] 解析成功: SZSE.300607 [拓斯达] BUY @ 43.29 (VR:0.91)
[2026-07-08 09:32:03]  [行8] 解析成功: SZSE.301070 [开勒股份] BUY @ 83.89 (VR:0.11)
[2026-07-08 09:32:03]  [行9] 解析成功: SHSE.603773 [沃格光电] BUY @ 119.19 (VR:0.46)
[2026-07-08 09:32:03]  [行10] 解析成功: SHSE.600259 [中稀有色] BUY @ 92.46 (VR:0.19)
[2026-07-08 09:32:03]  [行11] 解析成功: SHSE.600909 [华安证券] SELL @ 9.78 (VR:0.56)
[2026-07-08 09:32:03]  [行12] 解析成功: SHSE.600460 [士兰微] BUY @ 46.81 (VR:0.26)
[2026-07-08 09:32:03]  [行13] 解析成功: SZSE.002552 [宝鼎科技] BUY @ 55.53 (VR:0.28)
[2026-07-08 09:32:03]  [行14] 解析成功: SZSE.000920 [沃顿科技] BUY @ 12.0 (VR:0.2)
[2026-07-08 09:32:03]  [行15] 解析成功: SZSE.300607 [拓斯达] BUY @ 43.38 (VR:1.23)
[2026-07-08 09:32:03]  [行16] 解析成功: SZSE.301070 [开勒股份] BUY @ 84.43 (VR:1.03)
[2026-07-08 09:32:03] 成功保存 16 条因子至: signal_batch_20260708_093203_814451.txt
[2026-07-08 09:32:03]  QQ-备用 邮件 2992 处理完成
[2026-07-08 09:32:04]  QQ-备用 正在解析因子: =?utf-8?b?QWxwaGFQaWxvdCDlpIfku73kv6Hlj7cgKGFscGhhX3NpZ25hbF90aHJfMjAyNjA3MDdfMTMyOC5qc29uKSBb5aSHUVEt6Ieq5L+dXQ==?=
[2026-07-08 09:32:04]  发现表格，共 12 行数据
[2026-07-08 09:32:04]  动态索引映射: ['股票代码', '股票名称', '信号', '当前价格', '量比', '来源过滤']
[2026-07-08 09:32:04]  [行1] 解析成功: SHSE.688019 [安集科技] BUY @ 298.35 (VR:0.19)
[2026-07-08 09:32:04]  [行2] 解析成功: SHSE.688261 [东微半导] SELL @ 100.96 (VR:1.13)
[2026-07-08 09:32:04]  [行3] 解析成功: SHSE.688199 [久日新材] BUY @ 29.78 (VR:0.37)
[2026-07-08 09:32:04]  [行4] 解析成功: SZSE.300236 [上海新阳] BUY @ 111.4 (VR:0.27)
[2026-07-08 09:32:04]  [行5] 解析成功: SZSE.300057 [万顺新材] SELL @ 8.86 (VR:4.49)
[2026-07-08 09:32:04]  [行6] 解析成功: SZSE.002158 [汉钟精机] BUY @ 34.82 (VR:0.57)
[2026-07-08 09:32:04]  [行7] 解析成功: SHSE.688019 [安集科技] BUY @ 298.99 (VR:0.2)
[2026-07-08 09:32:04]  [行8] 解析成功: SHSE.688261 [东微半导] SELL @ 100.67 (VR:0.89)
[2026-07-08 09:32:04]  [行9] 解析成功: SHSE.688199 [久日新材] BUY @ 29.81 (VR:0.19)
[2026-07-08 09:32:04]  [行10] 解析成功: SZSE.300236 [上海新阳] BUY @ 111.41 (VR:0.7)
[2026-07-08 09:32:04]  [行11] 解析成功: SZSE.300057 [万顺新材] SELL @ 8.85 (VR:0.41)
[2026-07-08 09:32:04]  [行12] 解析成功: SZSE.002158 [汉钟精机] BUY @ 34.94 (VR:1.52)
[2026-07-08 09:32:04] 成功保存 12 条因子至: signal_batch_20260708_093204_104224.txt
[2026-07-08 09:32:04]  QQ-备用 邮件 2993 处理完成
[2026-07-08 09:32:04]  QQ-备用 正在解析因子: =?utf-8?b?QWxwaGFQaWxvdCDlpIfku73kv6Hlj7cgKGFscGhhX3NpZ25hbF90aHJfMjAyNjA3MDdfMTMzMC5qc29uKSBb5aSHUVEt6Ieq5L+dXQ==?=
[2026-07-08 09:32:04]  发现表格，共 16 行数据
[2026-07-08 09:32:04]  动态索引映射: ['股票代码', '股票名称', '信号', '当前价格', '量比', '来源过滤']
[2026-07-08 09:32:04]  [行1] 解析成功: SHSE.688286 [敏芯股份] BUY @ 72.62 (VR:0.89)
[2026-07-08 09:32:04]  [行2] 解析成功: SHSE.688511 [天微电子] BUY @ 29.05 (VR:1.25)
[2026-07-08 09:32:04]  [行3] 解析成功: SHSE.688216 [气派科技] BUY @ 37.37 (VR:0.33)
[2026-07-08 09:32:04]  [行4] 解析成功: SHSE.688138 [清溢光电] BUY @ 41.36 (VR:1.5)
[2026-07-08 09:32:04]  [行5] 解析成功: SZSE.300285 [国瓷材料] BUY @ 86.53 (VR:1.26)
[2026-07-08 09:32:04]  [行6] 解析成功: SZSE.301392 [汇成真空] BUY @ 240.24 (VR:0.73)
[2026-07-08 09:32:04]  [行7] 解析成功: SZSE.300088 [长信科技] BUY @ 8.88 (VR:0.04)
[2026-07-08 09:32:04]  [行8] 解析成功: SZSE.300420 [五洋自控] BUY @ 9.16 (VR:0.13)
[2026-07-08 09:32:04]  [行9] 解析成功: SHSE.688286 [敏芯股份] BUY @ 72.79 (VR:1.43)
[2026-07-08 09:32:04]  [行10] 解析成功: SHSE.688511 [天微电子] BUY @ 29.09 (VR:0.68)
[2026-07-08 09:32:04]  [行11] 解析成功: SHSE.688216 [气派科技] BUY @ 37.45 (VR:0.4)
[2026-07-08 09:32:04]  [行12] 解析成功: SHSE.688138 [清溢光电] BUY @ 41.49 (VR:0.55)
[2026-07-08 09:32:04]  [行13] 解析成功: SZSE.300285 [国瓷材料] BUY @ 86.89 (VR:0.68)
[2026-07-08 09:32:04]  [行14] 解析成功: SZSE.301392 [汇成真空] BUY @ 240.87 (VR:0.54)
[2026-07-08 09:32:04]  [行15] 解析成功: SZSE.300088 [长信科技] BUY @ 8.9 (VR:0.1)
[2026-07-08 09:32:04]  [行16] 解析成功: SZSE.300420 [五洋自控] BUY @ 9.25 (VR:0.42)
[2026-07-08 09:32:04] 成功保存 16 条因子至: signal_batch_20260708_093204_377208.txt
[2026-07-08 09:32:04]  QQ-备用 邮件 2994 处理完成
[2026-07-08 09:32:04]  QQ-备用 正在解析因子: =?utf-8?b?QWxwaGFQaWxvdCDlpIfku73kv6Hlj7cgKGFscGhhX3NpZ25hbF90aHJfMjAyNjA3MDdfMTMzMi5qc29uKSBb5aSHUVEt6Ieq5L+dXQ==?=
[2026-07-08 09:32:04]  发现表格，共 22 行数据
[2026-07-08 09:32:04]  动态索引映射: ['股票代码', '股票名称', '信号', '当前价格', '量比', '来源过滤']
[2026-07-08 09:32:04]  [行1] 解析成功: SHSE.688002 [睿创微纳] BUY @ 149.75 (VR:0.44)
[2026-07-08 09:32:04]  [行2] 解析成功: SHSE.688521 [芯原股份] SELL @ 308.0 (VR:0.13)
[2026-07-08 09:32:04]  [行3] 解析成功: SHSE.688227 [品高股份] BUY @ 92.89 (VR:0.05)
[2026-07-08 09:32:04]  [行4] 解析成功: SZSE.300852 [四会富仕] BUY @ 61.06 (VR:0.03)
[2026-07-08 09:32:04]  [行5] 解析成功: SZSE.300689 [澄天伟业] SELL @ 66.25 (VR:0.78)
[2026-07-08 09:32:04]  [行6] 解析成功: SZSE.301045 [天禄科技] SELL @ 101.97 (VR:0.39)
[2026-07-08 09:32:04]  [行7] 解析成功: SZSE.300806 [斯迪克] SELL @ 89.8 (VR:0.07)
[2026-07-08 09:32:04]  [行8] 解析成功: SZSE.301013 [利和兴] BUY @ 59.67 (VR:2.48)
[2026-07-08 09:32:04]  [行9] 解析成功: SZSE.300790 [宇瞳光学] SELL @ 22.48 (VR:0.44)
[2026-07-08 09:32:04]  [行10] 解析成功: SZSE.002718 [友邦吊顶] BUY @ 102.0 (VR:0.27)
[2026-07-08 09:32:04]  [行11] 解析成功: SZSE.001339 [智微智能] BUY @ 96.59 (VR:0.43)
[2026-07-08 09:32:04]  [行12] 解析成功: SHSE.688002 [睿创微纳] BUY @ 149.97 (VR:0.97)
[2026-07-08 09:32:04]  [行13] 解析成功: SHSE.688521 [芯原股份] SELL @ 307.77 (VR:0.77)
[2026-07-08 09:32:04]  [行14] 解析成功: SHSE.688227 [品高股份] BUY @ 93.1 (VR:0.37)
[2026-07-08 09:32:04]  [行15] 解析成功: SZSE.300852 [四会富仕] BUY @ 61.17 (VR:0.05)
[2026-07-08 09:32:04]  [行16] 解析成功: SZSE.300689 [澄天伟业] SELL @ 66.24 (VR:0.06)
[2026-07-08 09:32:04]  [行17] 解析成功: SZSE.301045 [天禄科技] SELL @ 101.55 (VR:0.11)
[2026-07-08 09:32:04]  [行18] 解析成功: SZSE.300806 [斯迪克] SELL @ 89.73 (VR:0.31)
[2026-07-08 09:32:04]  [行19] 解析成功: SZSE.301013 [利和兴] BUY @ 59.75 (VR:1.8)
[2026-07-08 09:32:04]  [行20] 解析成功: SZSE.300790 [宇瞳光学] SELL @ 22.47 (VR:0.26)
[2026-07-08 09:32:04]  [行21] 解析成功: SZSE.002718 [友邦吊顶] BUY @ 102.12 (VR:3.68)
[2026-07-08 09:32:04]  [行22] 解析成功: SZSE.001339 [智微智能] BUY @ 96.62 (VR:0.15)
[2026-07-08 09:32:04] 成功保存 22 条因子至: signal_batch_20260708_093204_637245.txt
[2026-07-08 09:32:04]  QQ-备用 邮件 2995 处理完成
[2026-07-08 09:32:04]  QQ-备用 正在解析因子: =?utf-8?b?QWxwaGFQaWxvdCDlpIfku73kv6Hlj7cgKGFscGhhX3NpZ25hbF90aHJfMjAyNjA3MDdfMTMzNC5qc29uKSBb5aSHUVEt6Ieq5L+dXQ==?=
[2026-07-08 09:32:04]  发现表格，共 10 行数据
[2026-07-08 09:32:04]  动态索引映射: ['股票代码', '股票名称', '信号', '当前价格', '量比', '来源过滤']
[2026-07-08 09:32:04]  [行1] 解析成功: SHSE.600353 [旭光电子] SELL @ 42.41 (VR:0.89)
[2026-07-08 09:32:04]  [行2] 解析成功: SZSE.300666 [江丰电子] SELL @ 330.9 (VR:0.49)
[2026-07-08 09:32:04]  [行3] 解析成功: SZSE.000510 [新金路] BUY @ 19.99 (VR:0.04)
[2026-07-08 09:32:04]  [行4] 解析成功: SZSE.300037 [新宙邦] BUY @ 85.08 (VR:0.47)
[2026-07-08 09:32:04]  [行5] 解析成功: SZSE.300868 [杰美特] BUY @ 138.88 (VR:1.43)
[2026-07-08 09:32:04]  [行6] 解析成功: SHSE.600353 [旭光电子] SELL @ 42.25 (VR:0.22)
[2026-07-08 09:32:04]  [行7] 解析成功: SZSE.300666 [江丰电子] SELL @ 330.49 (VR:0.86)
[2026-07-08 09:32:04]  [行8] 解析成功: SZSE.000510 [新金路] BUY @ 20.03 (VR:0.14)
[2026-07-08 09:32:04]  [行9] 解析成功: SZSE.300037 [新宙邦] BUY @ 85.36 (VR:0.21)
[2026-07-08 09:32:04]  [行10] 解析成功: SZSE.300868 [杰美特] BUY @ 139.21 (VR:0.33)
[2026-07-08 09:32:04] 成功保存 10 条因子至: signal_batch_20260708_093204_910410.txt
[2026-07-08 09:32:05]  QQ-备用 邮件 2996 处理完成
[2026-07-08 09:32:05]  QQ-备用 正在解析因子: =?utf-8?b?QWxwaGFQaWxvdCDlpIfku73kv6Hlj7cgKGFscGhhX3NpZ25hbF90aHJfMjAyNjA3MDdfMTMzOC5qc29uKSBb5aSHUVEt6Ieq5L+dXQ==?=
[2026-07-08 09:32:05]  发现表格，共 20 行数据
[2026-07-08 09:32:05]  动态索引映射: ['股票代码', '股票名称', '信号', '当前价格', '量比', '来源过滤']
[2026-07-08 09:32:05]  [行1] 解析成功: SHSE.603773 [沃格光电] BUY @ 121.08 (VR:0.16)
[2026-07-08 09:32:05]  [行2] 解析成功: SHSE.605111 [新洁能] BUY @ 80.03 (VR:1.91)
[2026-07-08 09:32:05]  [行3] 解析成功: SHSE.600259 [中稀有色] BUY @ 92.65 (VR:0.25)
[2026-07-08 09:32:05]  [行4] 解析成功: SHSE.600909 [华安证券] BUY @ 9.82 (VR:0.51)
[2026-07-08 09:32:05]  [行5] 解析成功: SHSE.600460 [士兰微] BUY @ 47.56 (VR:1.34)
[2026-07-08 09:32:05]  [行6] 解析成功: SZSE.003031 [中瓷电子] BUY @ 148.1 (VR:0.57)
[2026-07-08 09:32:05]  [行7] 解析成功: SZSE.002643 [万润股份] BUY @ 20.16 (VR:2.24)
[2026-07-08 09:32:05]  [行8] 解析成功: SZSE.000920 [沃顿科技] BUY @ 12.04 (VR:0.39)
[2026-07-08 09:32:05]  [行9] 解析成功: SZSE.000823 [超声电子] BUY @ 19.31 (VR:0.05)
[2026-07-08 09:32:05]  [行10] 解析成功: SZSE.300607 [拓斯达] SELL @ 43.43 (VR:0.09)
[2026-07-08 09:32:05]  [行11] 解析成功: SHSE.603773 [沃格光电] BUY @ 121.87 (VR:0.36)
[2026-07-08 09:32:05]  [行12] 解析成功: SHSE.605111 [新洁能] BUY @ 80.67 (VR:2.54)
[2026-07-08 09:32:05]  [行13] 解析成功: SHSE.600259 [中稀有色] BUY @ 92.7 (VR:0.11)
[2026-07-08 09:32:05]  [行14] 解析成功: SHSE.600460 [士兰微] BUY @ 47.65 (VR:0.57)
[2026-07-08 09:32:05]  [行15] 解析成功: SZSE.003031 [中瓷电子] BUY @ 148.17 (VR:0.34)
[2026-07-08 09:32:05]  [行16] 解析成功: SZSE.002643 [万润股份] BUY @ 20.19 (VR:4.29)
[2026-07-08 09:32:05]  [行17] 解析成功: SZSE.002937 [兴瑞科技] BUY @ 42.52 (VR:0.39)
[2026-07-08 09:32:05]  [行18] 解析成功: SZSE.000920 [沃顿科技] BUY @ 12.04 (VR:0.51)
[2026-07-08 09:32:05]  [行19] 解析成功: SZSE.000823 [超声电子] BUY @ 19.32 (VR:0.36)
[2026-07-08 09:32:05]  [行20] 解析成功: SZSE.300607 [拓斯达] SELL @ 43.36 (VR:0.55)
[2026-07-08 09:32:05] 成功保存 20 条因子至: signal_batch_20260708_093205_169834.txt
[2026-07-08 09:32:05]  QQ-备用 邮件 2997 处理完成
[2026-07-08 09:32:05]  QQ-备用 正在解析因子: =?utf-8?b?QWxwaGFQaWxvdCDlpIfku73kv6Hlj7cgKGFscGhhX3NpZ25hbF90aHJfMjAyNjA3MDdfMTM0MS5qc29uKSBb5aSHUVEt6Ieq5L+dXQ==?=
[2026-07-08 09:32:05]  发现表格，共 15 行数据
[2026-07-08 09:32:05]  动态索引映射: ['股票代码', '股票名称', '信号', '当前价格', '量比', '来源过滤']
[2026-07-08 09:32:05]  [行1] 解析成功: SHSE.688199 [久日新材] BUY @ 30.28 (VR:2.73)
[2026-07-08 09:32:05]  [行2] 解析成功: SZSE.300821 [东岳硅材] BUY @ 23.71 (VR:3.85)
[2026-07-08 09:32:05]  [行3] 解析成功: SZSE.300057 [万顺新材] SELL @ 8.9 (VR:0.32)
[2026-07-08 09:32:05]  [行4] 解析成功: SZSE.300162 [雷曼光电] BUY @ 10.86 (VR:1.47)
[2026-07-08 09:32:05]  [行5] 解析成功: SZSE.301178 [天亿马] BUY @ 36.66 (VR:0.05)
[2026-07-08 09:32:05]  [行6] 解析成功: SZSE.300184 [力源信息] SELL @ 15.96 (VR:0.27)
[2026-07-08 09:32:05]  [行7] 解析成功: SZSE.002635 [安洁科技] SELL @ 19.98 (VR:0.02)
[2026-07-08 09:32:05]  [行8] 解析成功: SHSE.688199 [久日新材] BUY @ 30.36 (VR:0.34)
[2026-07-08 09:32:05]  [行9] 解析成功: SZSE.300821 [东岳硅材] SELL @ 23.7 (VR:1.33)
[2026-07-08 09:32:05]  [行10] 解析成功: SZSE.300057 [万顺新材] SELL @ 8.89 (VR:0.77)
[2026-07-08 09:32:05]  [行11] 解析成功: SZSE.300162 [雷曼光电] BUY @ 10.86 (VR:1.29)
[2026-07-08 09:32:05]  [行12] 解析成功: SZSE.300767 [震安科技] BUY @ 22.4 (VR:1.38)
[2026-07-08 09:32:05]  [行13] 解析成功: SZSE.301178 [天亿马] BUY @ 36.75 (VR:0.57)
[2026-07-08 09:32:05]  [行14] 解析成功: SZSE.300184 [力源信息] SELL @ 15.91 (VR:0.61)
[2026-07-08 09:32:05]  [行15] 解析成功: SZSE.002635 [安洁科技] SELL @ 19.97 (VR:0.44)
[2026-07-08 09:32:05] 成功保存 15 条因子至: signal_batch_20260708_093205_422107.txt
[2026-07-08 09:32:05]  QQ-备用 邮件 2998 处理完成
[2026-07-08 09:32:05]  QQ-备用 正在解析因子: =?utf-8?b?QWxwaGFQaWxvdCDlpIfku73kv6Hlj7cgKGFscGhhX3NpZ25hbF90aHJfMjAyNjA3MDdfMTM0NC5qc29uKSBb5aSHUVEt6Ieq5L+dXQ==?=
[2026-07-08 09:32:05]  发现表格，共 19 行数据
[2026-07-08 09:32:05]  动态索引映射: ['股票代码', '股票名称', '信号', '当前价格', '量比', '来源过滤']
[2026-07-08 09:32:05]  [行1] 解析成功: SHSE.688286 [敏芯股份] SELL @ 73.4 (VR:0.26)
[2026-07-08 09:32:05]  [行2] 解析成功: SHSE.688511 [天微电子] SELL @ 29.01 (VR:0.68)
[2026-07-08 09:32:05]  [行3] 解析成功: SHSE.688216 [气派科技] BUY @ 37.96 (VR:0.06)
[2026-07-08 09:32:05]  [行4] 解析成功: SHSE.688721 [龙图光罩] SELL @ 56.0 (VR:0.79)
[2026-07-08 09:32:05]  [行5] 解析成功: SHSE.688249 [晶合集成] BUY @ 61.21 (VR:0.19)
[2026-07-08 09:32:05]  [行6] 解析成功: SHSE.688138 [清溢光电] BUY @ 41.7 (VR:0.06)
[2026-07-08 09:32:05]  [行7] 解析成功: SZSE.301392 [汇成真空] BUY @ 241.31 (VR:0.2)
[2026-07-08 09:32:05]  [行8] 解析成功: SZSE.300214 [日科化学] SELL @ 10.25 (VR:nan)
[2026-07-08 09:32:05]  [行9] 解析成功: SZSE.300088 [长信科技] BUY @ 8.99 (VR:0.34)
[2026-07-08 09:32:05]  [行10] 解析成功: SZSE.300661 [圣邦股份] BUY @ 130.31 (VR:1.13)
[2026-07-08 09:32:05]  [行11] 解析成功: SHSE.688286 [敏芯股份] SELL @ 73.28 (VR:0.89)
[2026-07-08 09:32:05]  [行12] 解析成功: SHSE.688511 [天微电子] SELL @ 29.0 (VR:0.69)
[2026-07-08 09:32:05]  [行13] 解析成功: SHSE.688216 [气派科技] BUY @ 37.97 (VR:0.13)
[2026-07-08 09:32:05]  [行14] 解析成功: SHSE.688721 [龙图光罩] SELL @ 55.99 (VR:1.18)
[2026-07-08 09:32:05]  [行15] 解析成功: SHSE.688249 [晶合集成] BUY @ 61.28 (VR:0.84)
[2026-07-08 09:32:05]  [行16] 解析成功: SHSE.688138 [清溢光电] BUY @ 41.76 (VR:0.76)
[2026-07-08 09:32:05]  [行17] 解析成功: SZSE.301392 [汇成真空] BUY @ 241.95 (VR:0.48)
[2026-07-08 09:32:05]  [行18] 解析成功: SZSE.300088 [长信科技] BUY @ 9.0 (VR:0.18)
[2026-07-08 09:32:05]  [行19] 解析成功: SZSE.300661 [圣邦股份] BUY @ 130.4 (VR:0.66)
[2026-07-08 09:32:05] 成功保存 19 条因子至: signal_batch_20260708_093205_840842.txt
[2026-07-08 09:32:05]  QQ-备用 邮件 2999 处理完成
[2026-07-08 09:32:05]  QQ-备用 本轮共成功处理 18 封有效信号邮件
[2026-07-08 09:32:41]  正在连接 QQ-主 邮箱服务器 (497720537@qq.com) ...
[2026-07-08 09:32:41]  正在连接 QQ-备用 邮箱服务器 (shouqianbadavid@qq.com) ...
[2026-07-08 09:33:17]  正在连接 QQ-主 邮箱服务器 (497720537@qq.com) ...
[2026-07-08 09:33:18]  正在连接 QQ-备用 邮箱服务器 (shouqianbadavid@qq.com) ...
[2026-07-08 09:33:54]  正在连接 QQ-主 邮箱服务器 (497720537@qq.com) ...
[2026-07-08 09:33:55]  正在连接 QQ-备用 邮箱服务器 (shouqianbadavid@qq.com) ...
[2026-07-08 09:34:30]  正在连接 QQ-主 邮箱服务器 (497720537@qq.com) ...
[2026-07-08 09:34:31]  正在连接 QQ-备用 邮箱服务器 (shouqianbadavid@qq.com) ...
[2026-07-08 09:35:07]  正在连接 QQ-主 邮箱服务器 (497720537@qq.com) ...
[2026-07-08 09:35:08]  正在连接 QQ-备用 邮箱服务器 (shouqianbadavid@qq.com) ...
[2026-07-08 09:35:43]  正在连接 QQ-主 邮箱服务器 (497720537@qq.com) ...
[2026-07-08 09:35:44]  正在连接 QQ-备用 邮箱服务器 (shouqianbadavid@qq.com) ...
[2026-07-08 09:36:20]  正在连接 QQ-主 邮箱服务器 (497720537@qq.com) ...
[2026-07-08 09:36:20]  正在连接 QQ-备用 邮箱服务器 (shouqianbadavid@qq.com) ...
[2026-07-08 09:36:56]  正在连接 QQ-主 邮箱服务器 (497720537@qq.com) ...
[2026-07-08 09:36:56]  正在连接 QQ-备用 邮箱服务器 (shouqianbadavid@qq.com) ...
[2026-07-08 09:37:32]  正在连接 QQ-主 邮箱服务器 (497720537@qq.com) ...
[2026-07-08 09:37:32]  正在连接 QQ-备用 邮箱服务器 (shouqianbadavid@qq.com) ...
[2026-07-08 09:38:08]  正在连接 QQ-主 邮箱服务器 (497720537@qq.com) ...
[2026-07-08 09:38:08]  正在连接 QQ-备用 邮箱服务器 (shouqianbadavid@qq.com) ...
[2026-07-08 09:38:44]  正在连接 QQ-主 邮箱服务器 (497720537@qq.com) ...
[2026-07-08 09:38:46]  正在连接 QQ-备用 邮箱服务器 (shouqianbadavid@qq.com) ...
[2026-07-08 09:39:22]  正在连接 QQ-主 邮箱服务器 (497720537@qq.com) ...
[2026-07-08 09:39:22]  正在连接 QQ-备用 邮箱服务器 (shouqianbadavid@qq.com) ...
[2026-07-08 09:39:57]  正在连接 QQ-主 邮箱服务器 (497720537@qq.com) ...
[2026-07-08 09:39:58]  正在连接 QQ-备用 邮箱服务器 (shouqianbadavid@qq.com) ...
[2026-07-08 09:40:33]  正在连接 QQ-主 邮箱服务器 (497720537@qq.com) ...
[2026-07-08 09:40:34]  正在连接 QQ-备用 邮箱服务器 (shouqianbadavid@qq.com) ...
[2026-07-08 09:41:09]  正在连接 QQ-主 邮箱服务器 (497720537@qq.com) ...
[2026-07-08 09:41:10]  正在连接 QQ-备用 邮箱服务器 (shouqianbadavid@qq.com) ...
[2026-07-08 09:41:45]  正在连接 QQ-主 邮箱服务器 (497720537@qq.com) ...
[2026-07-08 09:41:46]  正在连接 QQ-备用 邮箱服务器 (shouqianbadavid@qq.com) ...
[2026-07-08 09:42:21]  正在连接 QQ-主 邮箱服务器 (497720537@qq.com) ...
[2026-07-08 09:42:22]  正在连接 QQ-备用 邮箱服务器 (shouqianbadavid@qq.com) ...
[2026-07-08 09:42:57]  正在连接 QQ-主 邮箱服务器 (497720537@qq.com) ...
[2026-07-08 09:42:58]  QQ-主 正在解析因子: =?utf-8?b?QWxwaGFQaWxvdCDlrp7ml7bkv6Hlj7cgKGFscGhhX3NpZ25hbF90aHJfMjAyNjA3MDhfMDk0Mi5qc29uKSBb5Li7UVEt5a+55aSWXQ==?=
[2026-07-08 09:42:58]  发现表格，共 21 行数据
[2026-07-08 09:42:58]  动态索引映射: ['股票代码', '股票名称', '信号', '当前价格', '量比', '来源过滤']
[2026-07-08 09:42:58]  [行1] 解析成功: SHSE.603618 [杭电股份] SELL @ 38.66 (VR:0.09)
[2026-07-08 09:42:58]  [行2] 解析成功: SHSE.600909 [华安证券] SELL @ 9.72 (VR:0.29)
[2026-07-08 09:42:58]  [行3] 解析成功: SZSE.002552 [宝鼎科技] SELL @ 57.26 (VR:0.02)
[2026-07-08 09:42:58]  [行4] 解析成功: SZSE.003031 [中瓷电子] SELL @ 148.48 (VR:0.33)
[2026-07-08 09:42:58]  [行5] 解析成功: SZSE.002643 [万润股份] SELL @ 19.98 (VR:0.59)
[2026-07-08 09:42:58]  [行6] 解析成功: SZSE.002937 [兴瑞科技] BUY @ 42.06 (VR:0.48)
[2026-07-08 09:42:58]  [行7] 解析成功: SZSE.000920 [沃顿科技] SELL @ 11.8 (VR:0.19)
[2026-07-08 09:42:58]  [行8] 解析成功: SZSE.000823 [超声电子] BUY @ 19.41 (VR:0.1)
[2026-07-08 09:42:58]  [行9] 解析成功: SZSE.300607 [拓斯达] BUY @ 41.33 (VR:0.37)
[2026-07-08 09:42:58]  [行10] 解析成功: SZSE.301070 [开勒股份] BUY @ 86.81 (VR:1.05)
[2026-07-08 09:42:58]  [行11] 解析成功: SHSE.603773 [沃格光电] BUY @ 127.5 (VR:0.77)
[2026-07-08 09:42:58]  [行12] 解析成功: SHSE.603618 [杭电股份] SELL @ 38.56 (VR:0.36)
[2026-07-08 09:42:58]  [行13] 解析成功: SHSE.600909 [华安证券] SELL @ 9.61 (VR:0.67)
[2026-07-08 09:42:58]  [行14] 解析成功: SZSE.002552 [宝鼎科技] SELL @ 57.09 (VR:0.53)
[2026-07-08 09:42:58]  [行15] 解析成功: SZSE.003031 [中瓷电子] SELL @ 147.57 (VR:0.7)
[2026-07-08 09:42:58]  [行16] 解析成功: SZSE.002643 [万润股份] SELL @ 19.59 (VR:0.64)
[2026-07-08 09:42:58]  [行17] 解析成功: SZSE.002937 [兴瑞科技] BUY @ 42.14 (VR:0.45)
[2026-07-08 09:42:58]  [行18] 解析成功: SZSE.000920 [沃顿科技] SELL @ 11.7 (VR:0.17)
[2026-07-08 09:42:58]  [行19] 解析成功: SZSE.000823 [超声电子] BUY @ 19.45 (VR:0.05)
[2026-07-08 09:42:58]  [行20] 解析成功: SZSE.300607 [拓斯达] BUY @ 41.44 (VR:0.25)
[2026-07-08 09:42:58]  [行21] 解析成功: SZSE.301070 [开勒股份] BUY @ 87.78 (VR:0.5)
[2026-07-08 09:42:58] 成功保存 21 条因子至: signal_batch_20260708_094258_150599.txt
[2026-07-08 09:42:58]  QQ-主 邮件 5267 处理完成
[2026-07-08 09:42:58]  QQ-主 本轮共成功处理 1 封有效信号邮件
[2026-07-08 09:42:58]  正在连接 QQ-备用 邮箱服务器 (shouqianbadavid@qq.com) ...
[2026-07-08 09:43:33]  正在连接 QQ-主 邮箱服务器 (497720537@qq.com) ...
[2026-07-08 09:43:34]  正在连接 QQ-备用 邮箱服务器 (shouqianbadavid@qq.com) ...
[2026-07-08 09:43:35]  QQ-备用 正在解析因子: =?utf-8?b?QWxwaGFQaWxvdCDlpIfku73kv6Hlj7cgKGFscGhhX3NpZ25hbF90aHJfMjAyNjA3MDhfMDk0Mi5qc29uKSBb5aSHUVEt6Ieq5L+dXQ==?=
[2026-07-08 09:43:35]  发现表格，共 21 行数据
[2026-07-08 09:43:35]  动态索引映射: ['股票代码', '股票名称', '信号', '当前价格', '量比', '来源过滤']
[2026-07-08 09:43:35]  [行1] 解析成功: SHSE.603618 [杭电股份] SELL @ 38.66 (VR:0.09)
[2026-07-08 09:43:35]  [行2] 解析成功: SHSE.600909 [华安证券] SELL @ 9.72 (VR:0.29)
[2026-07-08 09:43:35]  [行3] 解析成功: SZSE.002552 [宝鼎科技] SELL @ 57.26 (VR:0.02)
[2026-07-08 09:43:35]  [行4] 解析成功: SZSE.003031 [中瓷电子] SELL @ 148.48 (VR:0.33)
[2026-07-08 09:43:35]  [行5] 解析成功: SZSE.002643 [万润股份] SELL @ 19.98 (VR:0.59)
[2026-07-08 09:43:35]  [行6] 解析成功: SZSE.002937 [兴瑞科技] BUY @ 42.06 (VR:0.48)
[2026-07-08 09:43:35]  [行7] 解析成功: SZSE.000920 [沃顿科技] SELL @ 11.8 (VR:0.19)
[2026-07-08 09:43:35]  [行8] 解析成功: SZSE.000823 [超声电子] BUY @ 19.41 (VR:0.1)
[2026-07-08 09:43:35]  [行9] 解析成功: SZSE.300607 [拓斯达] BUY @ 41.33 (VR:0.37)
[2026-07-08 09:43:35]  [行10] 解析成功: SZSE.301070 [开勒股份] BUY @ 86.81 (VR:1.05)
[2026-07-08 09:43:35]  [行11] 解析成功: SHSE.603773 [沃格光电] BUY @ 127.5 (VR:0.77)
[2026-07-08 09:43:35]  [行12] 解析成功: SHSE.603618 [杭电股份] SELL @ 38.56 (VR:0.36)
[2026-07-08 09:43:35]  [行13] 解析成功: SHSE.600909 [华安证券] SELL @ 9.61 (VR:0.67)
[2026-07-08 09:43:35]  [行14] 解析成功: SZSE.002552 [宝鼎科技] SELL @ 57.09 (VR:0.53)
[2026-07-08 09:43:35]  [行15] 解析成功: SZSE.003031 [中瓷电子] SELL @ 147.57 (VR:0.7)
[2026-07-08 09:43:35]  [行16] 解析成功: SZSE.002643 [万润股份] SELL @ 19.59 (VR:0.64)
[2026-07-08 09:43:35]  [行17] 解析成功: SZSE.002937 [兴瑞科技] BUY @ 42.14 (VR:0.45)
[2026-07-08 09:43:35]  [行18] 解析成功: SZSE.000920 [沃顿科技] SELL @ 11.7 (VR:0.17)
[2026-07-08 09:43:35]  [行19] 解析成功: SZSE.000823 [超声电子] BUY @ 19.45 (VR:0.05)
[2026-07-08 09:43:35]  [行20] 解析成功: SZSE.300607 [拓斯达] BUY @ 41.44 (VR:0.25)
[2026-07-08 09:43:35]  [行21] 解析成功: SZSE.301070 [开勒股份] BUY @ 87.78 (VR:0.5)
[2026-07-08 09:43:35] 成功保存 21 条因子至: signal_batch_20260708_094335_859530.txt
[2026-07-08 09:43:36]  QQ-备用 邮件 3000 处理完成
[2026-07-08 09:43:36]  QQ-备用 本轮共成功处理 1 封有效信号邮件
[2026-07-08 09:44:11]  正在连接 QQ-主 邮箱服务器 (497720537@qq.com) ...
[2026-07-08 09:44:11]  正在连接 QQ-备用 邮箱服务器 (shouqianbadavid@qq.com) ...
[2026-07-08 09:44:47]  正在连接 QQ-主 邮箱服务器 (497720537@qq.com) ...
[2026-07-08 09:44:47]  正在连接 QQ-备用 邮箱服务器 (shouqianbadavid@qq.com) ...
[2026-07-08 09:45:23]  正在连接 QQ-主 邮箱服务器 (497720537@qq.com) ...
[2026-07-08 09:45:23]  正在连接 QQ-备用 邮箱服务器 (shouqianbadavid@qq.com) ...
[2026-07-08 09:45:59]  正在连接 QQ-主 邮箱服务器 (497720537@qq.com) ...
[2026-07-08 09:46:00]  正在连接 QQ-备用 邮箱服务器 (shouqianbadavid@qq.com) ...
[2026-07-08 09:46:35]  正在连接 QQ-主 邮箱服务器 (497720537@qq.com) ...
[2026-07-08 09:46:36]  正在连接 QQ-备用 邮箱服务器 (shouqianbadavid@qq.com) ...
[2026-07-08 09:47:12]  正在连接 QQ-主 邮箱服务器 (497720537@qq.com) ...
[2026-07-08 09:47:12]  正在连接 QQ-备用 邮箱服务器 (shouqianbadavid@qq.com) ...
[2026-07-08 09:47:48]  正在连接 QQ-主 邮箱服务器 (497720537@qq.com) ...
[2026-07-08 09:47:48]  正在连接 QQ-备用 邮箱服务器 (shouqianbadavid@qq.com) ...
[2026-07-08 09:48:24]  正在连接 QQ-主 邮箱服务器 (497720537@qq.com) ...
[2026-07-08 09:48:25]  正在连接 QQ-备用 邮箱服务器 (shouqianbadavid@qq.com) ...
[2026-07-08 09:49:00]  正在连接 QQ-主 邮箱服务器 (497720537@qq.com) ...
[2026-07-08 09:49:01]  正在连接 QQ-备用 邮箱服务器 (shouqianbadavid@qq.com) ...
[2026-07-08 09:49:37]  正在连接 QQ-主 邮箱服务器 (497720537@qq.com) ...
[2026-07-08 09:49:37]  正在连接 QQ-备用 邮箱服务器 (shouqianbadavid@qq.com) ...
[2026-07-08 09:50:13]  正在连接 QQ-主 邮箱服务器 (497720537@qq.com) ...
[2026-07-08 09:50:13]  正在连接 QQ-备用 邮箱服务器 (shouqianbadavid@qq.com) ...
[2026-07-08 09:50:49]  正在连接 QQ-主 邮箱服务器 (497720537@qq.com) ...
[2026-07-08 09:50:49]  正在连接 QQ-备用 邮箱服务器 (shouqianbadavid@qq.com) ...
[2026-07-08 09:51:25]  正在连接 QQ-主 邮箱服务器 (497720537@qq.com) ...
[2026-07-08 09:51:25]  正在连接 QQ-备用 邮箱服务器 (shouqianbadavid@qq.com) ...
[2026-07-08 09:52:01]  正在连接 QQ-主 邮箱服务器 (497720537@qq.com) ...
[2026-07-08 09:52:04]  正在连接 QQ-备用 邮箱服务器 (shouqianbadavid@qq.com) ...
[2026-07-08 09:52:39]  正在连接 QQ-主 邮箱服务器 (497720537@qq.com) ...
[2026-07-08 09:52:40]  正在连接 QQ-备用 邮箱服务器 (shouqianbadavid@qq.com) ...
[2026-07-08 09:53:15]  正在连接 QQ-主 邮箱服务器 (497720537@qq.com) ...
[2026-07-08 09:53:16]  QQ-主 正在解析因子: =?utf-8?b?QWxwaGFQaWxvdCDlrp7ml7bkv6Hlj7cgKGFscGhhX3NpZ25hbF90aHJfMjAyNjA3MDhfMDk1Mi5qc29uKSBb5Li7UVEt5a+55aSWXQ==?=
[2026-07-08 09:53:16]  发现表格，共 19 行数据
[2026-07-08 09:53:16]  动态索引映射: ['股票代码', '股票名称', '信号', '当前价格', '量比', '来源过滤']
[2026-07-08 09:53:16]  [行1] 解析成功: SHSE.688019 [安集科技] BUY @ 297.03 (VR:0.3)
[2026-07-08 09:53:16]  [行2] 解析成功: SHSE.688261 [东微半导] SELL @ 95.19 (VR:0.52)
[2026-07-08 09:53:16]  [行3] 解析成功: SZSE.300236 [上海新阳] SELL @ 110.05 (VR:0.6)
[2026-07-08 09:53:16]  [行4] 解析成功: SZSE.300162 [雷曼光电] BUY @ 10.57 (VR:0.82)
[2026-07-08 09:53:16]  [行5] 解析成功: SZSE.300767 [震安科技] SELL @ 21.35 (VR:0.7)
[2026-07-08 09:53:16]  [行6] 解析成功: SZSE.002158 [汉钟精机] BUY @ 33.75 (VR:0.39)
[2026-07-08 09:53:16]  [行7] 解析成功: SZSE.002456 [欧菲光] SELL @ 8.98 (VR:1.03)
[2026-07-08 09:53:16]  [行8] 解析成功: SZSE.002635 [安洁科技] BUY @ 18.56 (VR:2.51)
[2026-07-08 09:53:16]  [行9] 解析成功: SHSE.688019 [安集科技] SELL @ 295.05 (VR:1.04)
[2026-07-08 09:53:16]  [行10] 解析成功: SHSE.688261 [东微半导] SELL @ 94.33 (VR:0.1)
[2026-07-08 09:53:16]  [行11] 解析成功: SHSE.688199 [久日新材] SELL @ 28.98 (VR:0.17)
[2026-07-08 09:53:16]  [行12] 解析成功: SZSE.300136 [信维通信] SELL @ 93.97 (VR:0.47)
[2026-07-08 09:53:16]  [行13] 解析成功: SZSE.300821 [东岳硅材] BUY @ 25.07 (VR:0.98)
[2026-07-08 09:53:16]  [行14] 解析成功: SZSE.300162 [雷曼光电] BUY @ 10.72 (VR:0.24)
[2026-07-08 09:53:16]  [行15] 解析成功: SZSE.301178 [天亿马] SELL @ 35.3 (VR:0.23)
[2026-07-08 09:53:16]  [行16] 解析成功: SZSE.300184 [力源信息] SELL @ 15.08 (VR:0.0)
[2026-07-08 09:53:16]  [行17] 解析成功: SZSE.002158 [汉钟精机] BUY @ 33.9 (VR:0.46)
[2026-07-08 09:53:16]  [行18] 解析成功: SZSE.002456 [欧菲光] SELL @ 8.97 (VR:0.17)
[2026-07-08 09:53:16]  [行19] 解析成功: SZSE.002635 [安洁科技] BUY @ 18.89 (VR:0.13)
[2026-07-08 09:53:16] 成功保存 19 条因子至: signal_batch_20260708_095316_242166.txt
[2026-07-08 09:53:16]  QQ-主 邮件 5268 处理完成
[2026-07-08 09:53:16]  QQ-主 本轮共成功处理 1 封有效信号邮件
[2026-07-08 09:53:16]  正在连接 QQ-备用 邮箱服务器 (shouqianbadavid@qq.com) ...
[2026-07-08 09:53:17]  QQ-备用 正在解析因子: =?utf-8?b?QWxwaGFQaWxvdCDlpIfku73kv6Hlj7cgKGFscGhhX3NpZ25hbF90aHJfMjAyNjA3MDhfMDk1Mi5qc29uKSBb5aSHUVEt6Ieq5L+dXQ==?=
[2026-07-08 09:53:17]  发现表格，共 19 行数据
[2026-07-08 09:53:17]  动态索引映射: ['股票代码', '股票名称', '信号', '当前价格', '量比', '来源过滤']
[2026-07-08 09:53:17]  [行1] 解析成功: SHSE.688019 [安集科技] BUY @ 297.03 (VR:0.3)
[2026-07-08 09:53:17]  [行2] 解析成功: SHSE.688261 [东微半导] SELL @ 95.19 (VR:0.52)
[2026-07-08 09:53:17]  [行3] 解析成功: SZSE.300236 [上海新阳] SELL @ 110.05 (VR:0.6)
[2026-07-08 09:53:17]  [行4] 解析成功: SZSE.300162 [雷曼光电] BUY @ 10.57 (VR:0.82)
[2026-07-08 09:53:17]  [行5] 解析成功: SZSE.300767 [震安科技] SELL @ 21.35 (VR:0.7)
[2026-07-08 09:53:17]  [行6] 解析成功: SZSE.002158 [汉钟精机] BUY @ 33.75 (VR:0.39)
[2026-07-08 09:53:17]  [行7] 解析成功: SZSE.002456 [欧菲光] SELL @ 8.98 (VR:1.03)
[2026-07-08 09:53:17]  [行8] 解析成功: SZSE.002635 [安洁科技] BUY @ 18.56 (VR:2.51)
[2026-07-08 09:53:17]  [行9] 解析成功: SHSE.688019 [安集科技] SELL @ 295.05 (VR:1.04)
[2026-07-08 09:53:17]  [行10] 解析成功: SHSE.688261 [东微半导] SELL @ 94.33 (VR:0.1)
[2026-07-08 09:53:17]  [行11] 解析成功: SHSE.688199 [久日新材] SELL @ 28.98 (VR:0.17)
[2026-07-08 09:53:17]  [行12] 解析成功: SZSE.300136 [信维通信] SELL @ 93.97 (VR:0.47)
[2026-07-08 09:53:17]  [行13] 解析成功: SZSE.300821 [东岳硅材] BUY @ 25.07 (VR:0.98)
[2026-07-08 09:53:17]  [行14] 解析成功: SZSE.300162 [雷曼光电] BUY @ 10.72 (VR:0.24)
[2026-07-08 09:53:17]  [行15] 解析成功: SZSE.301178 [天亿马] SELL @ 35.3 (VR:0.23)
[2026-07-08 09:53:17]  [行16] 解析成功: SZSE.300184 [力源信息] SELL @ 15.08 (VR:0.0)
[2026-07-08 09:53:17]  [行17] 解析成功: SZSE.002158 [汉钟精机] BUY @ 33.9 (VR:0.46)
[2026-07-08 09:53:17]  [行18] 解析成功: SZSE.002456 [欧菲光] SELL @ 8.97 (VR:0.17)
[2026-07-08 09:53:17]  [行19] 解析成功: SZSE.002635 [安洁科技] BUY @ 18.89 (VR:0.13)
[2026-07-08 09:53:17] 成功保存 19 条因子至: signal_batch_20260708_095317_129994.txt
[2026-07-08 09:53:17]  QQ-备用 邮件 3001 处理完成
[2026-07-08 09:53:17]  QQ-备用 本轮共成功处理 1 封有效信号邮件
[2026-07-08 09:53:52]  正在连接 QQ-主 邮箱服务器 (497720537@qq.com) ...
[2026-07-08 09:53:52]  正在连接 QQ-备用 邮箱服务器 (shouqianbadavid@qq.com) ...
[2026-07-08 09:54:28]  正在连接 QQ-主 邮箱服务器 (497720537@qq.com) ...
[2026-07-08 09:54:28]  正在连接 QQ-备用 邮箱服务器 (shouqianbadavid@qq.com) ...
[2026-07-08 09:55:03]  正在连接 QQ-主 邮箱服务器 (497720537@qq.com) ...
[2026-07-08 09:55:05]  正在连接 QQ-备用 邮箱服务器 (shouqianbadavid@qq.com) ...
[2026-07-08 09:55:40]  正在连接 QQ-主 邮箱服务器 (497720537@qq.com) ...
[2026-07-08 09:55:40]  正在连接 QQ-备用 邮箱服务器 (shouqianbadavid@qq.com) ...
[2026-07-08 09:56:16]  正在连接 QQ-主 邮箱服务器 (497720537@qq.com) ...
[2026-07-08 09:56:17]  正在连接 QQ-备用 邮箱服务器 (shouqianbadavid@qq.com) ...
[2026-07-08 09:56:52]  正在连接 QQ-主 邮箱服务器 (497720537@qq.com) ...
[2026-07-08 09:56:53]  正在连接 QQ-备用 邮箱服务器 (shouqianbadavid@qq.com) ...
[2026-07-08 09:57:28]  正在连接 QQ-主 邮箱服务器 (497720537@qq.com) ...
[2026-07-08 09:57:29]  正在连接 QQ-备用 邮箱服务器 (shouqianbadavid@qq.com) ...
[2026-07-08 09:58:04]  正在连接 QQ-主 邮箱服务器 (497720537@qq.com) ...
[2026-07-08 09:58:05]  正在连接 QQ-备用 邮箱服务器 (shouqianbadavid@qq.com) ...
[2026-07-08 09:58:40]  正在连接 QQ-主 邮箱服务器 (497720537@qq.com) ...
[2026-07-08 09:58:41]  正在连接 QQ-备用 邮箱服务器 (shouqianbadavid@qq.com) ...
[2026-07-08 09:59:16]  正在连接 QQ-主 邮箱服务器 (497720537@qq.com) ...
[2026-07-08 09:59:17]  正在连接 QQ-备用 邮箱服务器 (shouqianbadavid@qq.com) ...
[2026-07-08 09:59:52]  正在连接 QQ-主 邮箱服务器 (497720537@qq.com) ...
[2026-07-08 09:59:53]  正在连接 QQ-备用 邮箱服务器 (shouqianbadavid@qq.com) ...
[2026-07-08 10:00:28]  正在连接 QQ-主 邮箱服务器 (497720537@qq.com) ...
[2026-07-08 10:00:30]  正在连接 QQ-备用 邮箱服务器 (shouqianbadavid@qq.com) ...
[2026-07-08 10:01:05]  正在连接 QQ-主 邮箱服务器 (497720537@qq.com) ...
[2026-07-08 10:01:06]  正在连接 QQ-备用 邮箱服务器 (shouqianbadavid@qq.com) ...
[2026-07-08 10:01:41]  正在连接 QQ-主 邮箱服务器 (497720537@qq.com) ...
[2026-07-08 10:01:42]  正在连接 QQ-备用 邮箱服务器 (shouqianbadavid@qq.com) ...
[2026-07-08 10:02:17]  正在连接 QQ-主 邮箱服务器 (497720537@qq.com) ...
[2026-07-08 10:02:18]  正在连接 QQ-备用 邮箱服务器 (shouqianbadavid@qq.com) ...
[2026-07-08 10:02:53]  正在连接 QQ-主 邮箱服务器 (497720537@qq.com) ...
[2026-07-08 10:02:53]  正在连接 QQ-备用 邮箱服务器 (shouqianbadavid@qq.com) ...
[2026-07-08 10:03:29]  正在连接 QQ-主 邮箱服务器 (497720537@qq.com) ...
[2026-07-08 10:03:29]  正在连接 QQ-备用 邮箱服务器 (shouqianbadavid@qq.com) ...
[2026-07-08 10:04:05]  正在连接 QQ-主 邮箱服务器 (497720537@qq.com) ...
[2026-07-08 10:04:06]  QQ-主 正在解析因子: =?utf-8?b?QWxwaGFQaWxvdCDlrp7ml7bkv6Hlj7cgKGFscGhhX3NpZ25hbF90aHJfMjAyNjA3MDhfMTAwMy5qc29uKSBb5Li7UVEt5a+55aSWXQ==?=
[2026-07-08 10:04:06]  发现表格，共 21 行数据
[2026-07-08 10:04:06]  动态索引映射: ['股票代码', '股票名称', '信号', '当前价格', '量比', '来源过滤']
[2026-07-08 10:04:06]  [行1] 解析成功: SHSE.688216 [气派科技] SELL @ 35.3 (VR:1.07)
[2026-07-08 10:04:06]  [行2] 解析成功: SHSE.688249 [晶合集成] SELL @ 57.26 (VR:0.74)
[2026-07-08 10:04:06]  [行3] 解析成功: SHSE.688138 [清溢光电] SELL @ 39.25 (VR:1.67)
[2026-07-08 10:04:06]  [行4] 解析成功: SZSE.300285 [国瓷材料] SELL @ 81.78 (VR:0.44)
[2026-07-08 10:04:06]  [行5] 解析成功: SZSE.301392 [汇成真空] SELL @ 234.83 (VR:0.95)
[2026-07-08 10:04:06]  [行6] 解析成功: SZSE.300214 [日科化学] SELL @ 10.25 (VR:nan)
[2026-07-08 10:04:06]  [行7] 解析成功: SZSE.300088 [长信科技] SELL @ 8.52 (VR:0.04)
[2026-07-08 10:04:06]  [行8] 解析成功: SZSE.300420 [五洋自控] SELL @ 8.52 (VR:0.02)
[2026-07-08 10:04:06]  [行9] 解析成功: SZSE.300780 [德恩精工] SELL @ 29.75 (VR:0.5)
[2026-07-08 10:04:06]  [行10] 解析成功: SZSE.300497 [富祥股份] SELL @ 19.05 (VR:0.01)
[2026-07-08 10:04:06]  [行11] 解析成功: SHSE.688216 [气派科技] SELL @ 35.28 (VR:0.32)
[2026-07-08 10:04:06]  [行12] 解析成功: SHSE.688721 [龙图光罩] SELL @ 52.37 (VR:0.71)
[2026-07-08 10:04:06]  [行13] 解析成功: SHSE.688249 [晶合集成] SELL @ 56.41 (VR:1.08)
[2026-07-08 10:04:06]  [行14] 解析成功: SHSE.688138 [清溢光电] SELL @ 38.69 (VR:0.01)
[2026-07-08 10:04:06]  [行15] 解析成功: SZSE.300285 [国瓷材料] SELL @ 80.86 (VR:1.19)
[2026-07-08 10:04:06]  [行16] 解析成功: SZSE.301392 [汇成真空] SELL @ 232.8 (VR:0.47)
[2026-07-08 10:04:06]  [行17] 解析成功: SZSE.300214 [日科化学] SELL @ 10.25 (VR:nan)
[2026-07-08 10:04:06]  [行18] 解析成功: SZSE.300088 [长信科技] SELL @ 8.49 (VR:0.05)
[2026-07-08 10:04:06]  [行19] 解析成功: SZSE.300661 [圣邦股份] SELL @ 124.0 (VR:0.12)
[2026-07-08 10:04:06]  [行20] 解析成功: SZSE.300780 [德恩精工] SELL @ 29.58 (VR:0.27)
[2026-07-08 10:04:06]  [行21] 解析成功: SZSE.300497 [富祥股份] SELL @ 18.84 (VR:1.29)
[2026-07-08 10:04:06] 成功保存 21 条因子至: signal_batch_20260708_100406_146344.txt
[2026-07-08 10:04:06]  QQ-主 邮件 5269 处理完成
[2026-07-08 10:04:06]  QQ-主 本轮共成功处理 1 封有效信号邮件
[2026-07-08 10:04:06]  正在连接 QQ-备用 邮箱服务器 (shouqianbadavid@qq.com) ...
[2026-07-08 10:04:42]  正在连接 QQ-主 邮箱服务器 (497720537@qq.com) ...
[2026-07-08 10:04:43]  正在连接 QQ-备用 邮箱服务器 (shouqianbadavid@qq.com) ...
[2026-07-08 10:05:18]  正在连接 QQ-主 邮箱服务器 (497720537@qq.com) ...
[2026-07-08 10:05:18]  正在连接 QQ-备用 邮箱服务器 (shouqianbadavid@qq.com) ...
[2026-07-08 10:05:19]  QQ-备用 正在解析因子: =?utf-8?b?QWxwaGFQaWxvdCDlpIfku73kv6Hlj7cgKGFscGhhX3NpZ25hbF90aHJfMjAyNjA3MDhfMTAwMy5qc29uKSBb5aSHUVEt6Ieq5L+dXQ==?=
[2026-07-08 10:05:19]  发现表格，共 21 行数据
[2026-07-08 10:05:19]  动态索引映射: ['股票代码', '股票名称', '信号', '当前价格', '量比', '来源过滤']
[2026-07-08 10:05:19]  [行1] 解析成功: SHSE.688216 [气派科技] SELL @ 35.3 (VR:1.07)
[2026-07-08 10:05:19]  [行2] 解析成功: SHSE.688249 [晶合集成] SELL @ 57.26 (VR:0.74)
[2026-07-08 10:05:19]  [行3] 解析成功: SHSE.688138 [清溢光电] SELL @ 39.25 (VR:1.67)
[2026-07-08 10:05:19]  [行4] 解析成功: SZSE.300285 [国瓷材料] SELL @ 81.78 (VR:0.44)
[2026-07-08 10:05:19]  [行5] 解析成功: SZSE.301392 [汇成真空] SELL @ 234.83 (VR:0.95)
[2026-07-08 10:05:19]  [行6] 解析成功: SZSE.300214 [日科化学] SELL @ 10.25 (VR:nan)
[2026-07-08 10:05:19]  [行7] 解析成功: SZSE.300088 [长信科技] SELL @ 8.52 (VR:0.04)
[2026-07-08 10:05:19]  [行8] 解析成功: SZSE.300420 [五洋自控] SELL @ 8.52 (VR:0.02)
[2026-07-08 10:05:19]  [行9] 解析成功: SZSE.300780 [德恩精工] SELL @ 29.75 (VR:0.5)
[2026-07-08 10:05:19]  [行10] 解析成功: SZSE.300497 [富祥股份] SELL @ 19.05 (VR:0.01)
[2026-07-08 10:05:19]  [行11] 解析成功: SHSE.688216 [气派科技] SELL @ 35.28 (VR:0.32)
[2026-07-08 10:05:19]  [行12] 解析成功: SHSE.688721 [龙图光罩] SELL @ 52.37 (VR:0.71)
[2026-07-08 10:05:19]  [行13] 解析成功: SHSE.688249 [晶合集成] SELL @ 56.41 (VR:1.08)
[2026-07-08 10:05:19]  [行14] 解析成功: SHSE.688138 [清溢光电] SELL @ 38.69 (VR:0.01)
[2026-07-08 10:05:19]  [行15] 解析成功: SZSE.300285 [国瓷材料] SELL @ 80.86 (VR:1.19)
[2026-07-08 10:05:19]  [行16] 解析成功: SZSE.301392 [汇成真空] SELL @ 232.8 (VR:0.47)
[2026-07-08 10:05:19]  [行17] 解析成功: SZSE.300214 [日科化学] SELL @ 10.25 (VR:nan)
[2026-07-08 10:05:19]  [行18] 解析成功: SZSE.300088 [长信科技] SELL @ 8.49 (VR:0.05)
[2026-07-08 10:05:19]  [行19] 解析成功: SZSE.300661 [圣邦股份] SELL @ 124.0 (VR:0.12)
[2026-07-08 10:05:19]  [行20] 解析成功: SZSE.300780 [德恩精工] SELL @ 29.58 (VR:0.27)
[2026-07-08 10:05:19]  [行21] 解析成功: SZSE.300497 [富祥股份] SELL @ 18.84 (VR:1.29)
[2026-07-08 10:05:19] 成功保存 21 条因子至: signal_batch_20260708_100519_682456.txt
[2026-07-08 10:05:19]  QQ-备用 邮件 3002 处理完成
[2026-07-08 10:05:19]  QQ-备用 本轮共成功处理 1 封有效信号邮件
[2026-07-08 10:05:54]  正在连接 QQ-主 邮箱服务器 (497720537@qq.com) ...
[2026-07-08 10:05:55]  正在连接 QQ-备用 邮箱服务器 (shouqianbadavid@qq.com) ...
[2026-07-08 10:06:30]  正在连接 QQ-主 邮箱服务器 (497720537@qq.com) ...
[2026-07-08 10:06:31]  正在连接 QQ-备用 邮箱服务器 (shouqianbadavid@qq.com) ...
[2026-07-08 10:07:06]  正在连接 QQ-主 邮箱服务器 (497720537@qq.com) ...
[2026-07-08 10:07:07]  正在连接 QQ-备用 邮箱服务器 (shouqianbadavid@qq.com) ...
[2026-07-08 10:07:42]  正在连接 QQ-主 邮箱服务器 (497720537@qq.com) ...
[2026-07-08 10:07:43]  正在连接 QQ-备用 邮箱服务器 (shouqianbadavid@qq.com) ...
[2026-07-08 10:08:18]  正在连接 QQ-主 邮箱服务器 (497720537@qq.com) ...
[2026-07-08 10:08:19]  正在连接 QQ-备用 邮箱服务器 (shouqianbadavid@qq.com) ...
[2026-07-08 10:08:55]  正在连接 QQ-主 邮箱服务器 (497720537@qq.com) ...
[2026-07-08 10:08:55]  正在连接 QQ-备用 邮箱服务器 (shouqianbadavid@qq.com) ...
[2026-07-08 10:09:31]  正在连接 QQ-主 邮箱服务器 (497720537@qq.com) ...
[2026-07-08 10:09:31]  正在连接 QQ-备用 邮箱服务器 (shouqianbadavid@qq.com) ...
[2026-07-08 10:10:06]  正在连接 QQ-主 邮箱服务器 (497720537@qq.com) ...
[2026-07-08 10:10:07]  正在连接 QQ-备用 邮箱服务器 (shouqianbadavid@qq.com) ...
[2026-07-08 10:10:42]  正在连接 QQ-主 邮箱服务器 (497720537@qq.com) ...
[2026-07-08 10:10:43]  正在连接 QQ-备用 邮箱服务器 (shouqianbadavid@qq.com) ...
[2026-07-08 10:11:18]  正在连接 QQ-主 邮箱服务器 (497720537@qq.com) ...
[2026-07-08 10:11:19]  正在连接 QQ-备用 邮箱服务器 (shouqianbadavid@qq.com) ...
[2026-07-08 10:11:55]  正在连接 QQ-主 邮箱服务器 (497720537@qq.com) ...
[2026-07-08 10:11:55]  正在连接 QQ-备用 邮箱服务器 (shouqianbadavid@qq.com) ...
[2026-07-08 10:12:31]  正在连接 QQ-主 邮箱服务器 (497720537@qq.com) ...
[2026-07-08 10:12:32]  正在连接 QQ-备用 邮箱服务器 (shouqianbadavid@qq.com) ...
[2026-07-08 10:13:07]  正在连接 QQ-主 邮箱服务器 (497720537@qq.com) ...
[2026-07-08 10:13:08]  正在连接 QQ-备用 邮箱服务器 (shouqianbadavid@qq.com) ...
[2026-07-08 10:13:43]  正在连接 QQ-主 邮箱服务器 (497720537@qq.com) ...
[2026-07-08 10:13:44]  正在连接 QQ-备用 邮箱服务器 (shouqianbadavid@qq.com) ...
[2026-07-08 10:14:19]  正在连接 QQ-主 邮箱服务器 (497720537@qq.com) ...
[2026-07-08 10:14:20]  正在连接 QQ-备用 邮箱服务器 (shouqianbadavid@qq.com) ...
[2026-07-08 10:14:55]  正在连接 QQ-主 邮箱服务器 (497720537@qq.com) ...
[2026-07-08 10:14:56]  正在连接 QQ-备用 邮箱服务器 (shouqianbadavid@qq.com) ...
[2026-07-08 10:15:32]  正在连接 QQ-主 邮箱服务器 (497720537@qq.com) ...
[2026-07-08 10:15:32]  正在连接 QQ-备用 邮箱服务器 (shouqianbadavid@qq.com) ...
[2026-07-08 10:16:07]  正在连接 QQ-主 邮箱服务器 (497720537@qq.com) ...
[2026-07-08 10:16:08]  QQ-主 正在解析因子: =?utf-8?b?QWxwaGFQaWxvdCDlrp7ml7bkv6Hlj7cgKGFscGhhX3NpZ25hbF90aHJfMjAyNjA3MDhfMTAxNi5qc29uKSBb5Li7UVEt5a+55aSWXQ==?=
[2026-07-08 10:16:08]  发现表格，共 26 行数据
[2026-07-08 10:16:08]  动态索引映射: ['股票代码', '股票名称', '信号', '当前价格', '量比', '来源过滤']
[2026-07-08 10:16:08]  [行1] 解析成功: SHSE.688110 [东芯股份] SELL @ 163.49 (VR:0.6)
[2026-07-08 10:16:08]  [行2] 解析成功: SHSE.688665 [四方光电] SELL @ 55.87 (VR:0.16)
[2026-07-08 10:16:08]  [行3] 解析成功: SHSE.688102 [斯瑞新材] BUY @ 40.3 (VR:0.77)
[2026-07-08 10:16:08]  [行4] 解析成功: SHSE.688521 [芯原股份] BUY @ 312.13 (VR:1.07)
[2026-07-08 10:16:08]  [行5] 解析成功: SHSE.688227 [品高股份] BUY @ 93.39 (VR:0.22)
[2026-07-08 10:16:08]  [行6] 解析成功: SZSE.300852 [四会富仕] SELL @ 57.77 (VR:0.48)
[2026-07-08 10:16:08]  [行7] 解析成功: SZSE.300689 [澄天伟业] BUY @ 68.56 (VR:5.18)
[2026-07-08 10:16:08]  [行8] 解析成功: SZSE.301045 [天禄科技] BUY @ 90.31 (VR:0.7)
[2026-07-08 10:16:08]  [行9] 解析成功: SZSE.300806 [斯迪克] SELL @ 84.04 (VR:3.01)
[2026-07-08 10:16:08]  [行10] 解析成功: SZSE.300679 [电连技术] SELL @ 54.02 (VR:0.03)
[2026-07-08 10:16:08]  [行11] 解析成功: SZSE.301013 [利和兴] BUY @ 62.08 (VR:0.33)
[2026-07-08 10:16:08]  [行12] 解析成功: SZSE.300790 [宇瞳光学] BUY @ 21.7 (VR:0.53)
[2026-07-08 10:16:08]  [行13] 解析成功: SZSE.002718 [友邦吊顶] BUY @ 95.8 (VR:1.41)
[2026-07-08 10:16:08]  [行14] 解析成功: SZSE.001339 [智微智能] BUY @ 97.45 (VR:3.62)
[2026-07-08 10:16:08]  [行15] 解析成功: SHSE.688102 [斯瑞新材] BUY @ 40.82 (VR:0.2)
[2026-07-08 10:16:08]  [行16] 解析成功: SHSE.688521 [芯原股份] BUY @ 316.18 (VR:1.03)
[2026-07-08 10:16:08]  [行17] 解析成功: SHSE.688227 [品高股份] BUY @ 95.29 (VR:0.99)
[2026-07-08 10:16:08]  [行18] 解析成功: SZSE.300852 [四会富仕] BUY @ 58.79 (VR:0.14)
[2026-07-08 10:16:08]  [行19] 解析成功: SZSE.300689 [澄天伟业] BUY @ 68.79 (VR:1.2)
[2026-07-08 10:16:08]  [行20] 解析成功: SZSE.301045 [天禄科技] BUY @ 90.85 (VR:0.73)
[2026-07-08 10:16:08]  [行21] 解析成功: SZSE.300806 [斯迪克] BUY @ 85.52 (VR:0.25)
[2026-07-08 10:16:08]  [行22] 解析成功: SZSE.300679 [电连技术] BUY @ 54.4 (VR:0.04)
[2026-07-08 10:16:08]  [行23] 解析成功: SZSE.301013 [利和兴] BUY @ 62.78 (VR:0.67)
[2026-07-08 10:16:08]  [行24] 解析成功: SZSE.300790 [宇瞳光学] BUY @ 21.82 (VR:0.19)
[2026-07-08 10:16:08]  [行25] 解析成功: SZSE.002718 [友邦吊顶] BUY @ 96.0 (VR:0.61)
[2026-07-08 10:16:08]  [行26] 解析成功: SZSE.001339 [智微智能] BUY @ 98.12 (VR:2.29)
[2026-07-08 10:16:08] 成功保存 26 条因子至: signal_batch_20260708_101608_332396.txt
[2026-07-08 10:16:08]  QQ-主 邮件 5270 处理完成
[2026-07-08 10:16:08]  QQ-主 本轮共成功处理 1 封有效信号邮件
[2026-07-08 10:16:08]  正在连接 QQ-备用 邮箱服务器 (shouqianbadavid@qq.com) ...
[2026-07-08 10:16:43]  正在连接 QQ-主 邮箱服务器 (497720537@qq.com) ...
[2026-07-08 10:16:45]  正在连接 QQ-备用 邮箱服务器 (shouqianbadavid@qq.com) ...
[2026-07-08 10:17:20]  正在连接 QQ-主 邮箱服务器 (497720537@qq.com) ...
[2026-07-08 10:17:20]  正在连接 QQ-备用 邮箱服务器 (shouqianbadavid@qq.com) ...
[2026-07-08 10:17:21]  QQ-备用 正在解析因子: =?utf-8?b?QWxwaGFQaWxvdCDlpIfku73kv6Hlj7cgKGFscGhhX3NpZ25hbF90aHJfMjAyNjA3MDhfMTAxNi5qc29uKSBb5aSHUVEt6Ieq5L+dXQ==?=
[2026-07-08 10:17:21]  发现表格，共 26 行数据
[2026-07-08 10:17:21]  动态索引映射: ['股票代码', '股票名称', '信号', '当前价格', '量比', '来源过滤']
[2026-07-08 10:17:21]  [行1] 解析成功: SHSE.688110 [东芯股份] SELL @ 163.49 (VR:0.6)
[2026-07-08 10:17:21]  [行2] 解析成功: SHSE.688665 [四方光电] SELL @ 55.87 (VR:0.16)
[2026-07-08 10:17:21]  [行3] 解析成功: SHSE.688102 [斯瑞新材] BUY @ 40.3 (VR:0.77)
[2026-07-08 10:17:21]  [行4] 解析成功: SHSE.688521 [芯原股份] BUY @ 312.13 (VR:1.07)
[2026-07-08 10:17:21]  [行5] 解析成功: SHSE.688227 [品高股份] BUY @ 93.39 (VR:0.22)
[2026-07-08 10:17:21]  [行6] 解析成功: SZSE.300852 [四会富仕] SELL @ 57.77 (VR:0.48)
[2026-07-08 10:17:21]  [行7] 解析成功: SZSE.300689 [澄天伟业] BUY @ 68.56 (VR:5.18)
[2026-07-08 10:17:21]  [行8] 解析成功: SZSE.301045 [天禄科技] BUY @ 90.31 (VR:0.7)
[2026-07-08 10:17:21]  [行9] 解析成功: SZSE.300806 [斯迪克] SELL @ 84.04 (VR:3.01)
[2026-07-08 10:17:21]  [行10] 解析成功: SZSE.300679 [电连技术] SELL @ 54.02 (VR:0.03)
[2026-07-08 10:17:21]  [行11] 解析成功: SZSE.301013 [利和兴] BUY @ 62.08 (VR:0.33)
[2026-07-08 10:17:21]  [行12] 解析成功: SZSE.300790 [宇瞳光学] BUY @ 21.7 (VR:0.53)
[2026-07-08 10:17:21]  [行13] 解析成功: SZSE.002718 [友邦吊顶] BUY @ 95.8 (VR:1.41)
[2026-07-08 10:17:21]  [行14] 解析成功: SZSE.001339 [智微智能] BUY @ 97.45 (VR:3.62)
[2026-07-08 10:17:21]  [行15] 解析成功: SHSE.688102 [斯瑞新材] BUY @ 40.82 (VR:0.2)
[2026-07-08 10:17:21]  [行16] 解析成功: SHSE.688521 [芯原股份] BUY @ 316.18 (VR:1.03)
[2026-07-08 10:17:21]  [行17] 解析成功: SHSE.688227 [品高股份] BUY @ 95.29 (VR:0.99)
[2026-07-08 10:17:21]  [行18] 解析成功: SZSE.300852 [四会富仕] BUY @ 58.79 (VR:0.14)
[2026-07-08 10:17:21]  [行19] 解析成功: SZSE.300689 [澄天伟业] BUY @ 68.79 (VR:1.2)
[2026-07-08 10:17:21]  [行20] 解析成功: SZSE.301045 [天禄科技] BUY @ 90.85 (VR:0.73)
[2026-07-08 10:17:21]  [行21] 解析成功: SZSE.300806 [斯迪克] BUY @ 85.52 (VR:0.25)
[2026-07-08 10:17:21]  [行22] 解析成功: SZSE.300679 [电连技术] BUY @ 54.4 (VR:0.04)
[2026-07-08 10:17:21]  [行23] 解析成功: SZSE.301013 [利和兴] BUY @ 62.78 (VR:0.67)
[2026-07-08 10:17:21]  [行24] 解析成功: SZSE.300790 [宇瞳光学] BUY @ 21.82 (VR:0.19)
[2026-07-08 10:17:21]  [行25] 解析成功: SZSE.002718 [友邦吊顶] BUY @ 96.0 (VR:0.61)
[2026-07-08 10:17:21]  [行26] 解析成功: SZSE.001339 [智微智能] BUY @ 98.12 (VR:2.29)
[2026-07-08 10:17:21] 成功保存 26 条因子至: signal_batch_20260708_101721_785810.txt
[2026-07-08 10:17:21]  QQ-备用 邮件 3003 处理完成
[2026-07-08 10:17:21]  QQ-备用 本轮共成功处理 1 封有效信号邮件
[2026-07-08 10:17:57]  正在连接 QQ-主 邮箱服务器 (497720537@qq.com) ...
[2026-07-08 10:17:57]  正在连接 QQ-备用 邮箱服务器 (shouqianbadavid@qq.com) ...
[2026-07-08 10:18:32]  正在连接 QQ-主 邮箱服务器 (497720537@qq.com) ...
[2026-07-08 10:18:33]  正在连接 QQ-备用 邮箱服务器 (shouqianbadavid@qq.com) ...
[2026-07-08 10:19:08]  正在连接 QQ-主 邮箱服务器 (497720537@qq.com) ...
[2026-07-08 10:19:09]  正在连接 QQ-备用 邮箱服务器 (shouqianbadavid@qq.com) ...
[2026-07-08 10:19:44]  正在连接 QQ-主 邮箱服务器 (497720537@qq.com) ...
[2026-07-08 10:19:44]  正在连接 QQ-备用 邮箱服务器 (shouqianbadavid@qq.com) ...
[2026-07-08 10:20:20]  正在连接 QQ-主 邮箱服务器 (497720537@qq.com) ...
[2026-07-08 10:20:21]  正在连接 QQ-备用 邮箱服务器 (shouqianbadavid@qq.com) ...
[2026-07-08 10:20:56]  正在连接 QQ-主 邮箱服务器 (497720537@qq.com) ...
[2026-07-08 10:20:57]  正在连接 QQ-备用 邮箱服务器 (shouqianbadavid@qq.com) ...
[2026-07-08 10:21:32]  正在连接 QQ-主 邮箱服务器 (497720537@qq.com) ...
[2026-07-08 10:21:33]  正在连接 QQ-备用 邮箱服务器 (shouqianbadavid@qq.com) ...
[2026-07-08 10:22:09]  正在连接 QQ-主 邮箱服务器 (497720537@qq.com) ...
[2026-07-08 10:22:09]  正在连接 QQ-备用 邮箱服务器 (shouqianbadavid@qq.com) ...
[2026-07-08 10:22:44]  正在连接 QQ-主 邮箱服务器 (497720537@qq.com) ...
[2026-07-08 10:22:45]  正在连接 QQ-备用 邮箱服务器 (shouqianbadavid@qq.com) ...
[2026-07-08 10:23:20]  正在连接 QQ-主 邮箱服务器 (497720537@qq.com) ...
[2026-07-08 10:23:21]  正在连接 QQ-备用 邮箱服务器 (shouqianbadavid@qq.com) ...
[2026-07-08 10:23:57]  正在连接 QQ-主 邮箱服务器 (497720537@qq.com) ...
[2026-07-08 10:23:57]  正在连接 QQ-备用 邮箱服务器 (shouqianbadavid@qq.com) ...
[2026-07-08 10:24:33]  正在连接 QQ-主 邮箱服务器 (497720537@qq.com) ...
[2026-07-08 10:24:34]  正在连接 QQ-备用 邮箱服务器 (shouqianbadavid@qq.com) ...
[2026-07-08 10:25:09]  正在连接 QQ-主 邮箱服务器 (497720537@qq.com) ...
[2026-07-08 10:25:09]  QQ-主 正在解析因子: =?utf-8?b?QWxwaGFQaWxvdCDlrp7ml7bkv6Hlj7cgKGFscGhhX3NpZ25hbF90aHJfMjAyNjA3MDhfMTAyNS5qc29uKSBb5Li7UVEt5a+55aSWXQ==?=
[2026-07-08 10:25:09]  发现表格，共 11 行数据
[2026-07-08 10:25:09]  动态索引映射: ['股票代码', '股票名称', '信号', '当前价格', '量比', '来源过滤']
[2026-07-08 10:25:09]  [行1] 解析成功: SHSE.600353 [旭光电子] SELL @ 37.43 (VR:0.54)
[2026-07-08 10:25:09]  [行2] 解析成功: SZSE.300720 [海川智能] SELL @ 96.3 (VR:0.48)
[2026-07-08 10:25:09]  [行3] 解析成功: SZSE.300666 [江丰电子] SELL @ 317.69 (VR:0.05)
[2026-07-08 10:25:09]  [行4] 解析成功: SZSE.000510 [新金路] BUY @ 19.17 (VR:0.62)
[2026-07-08 10:25:09]  [行5] 解析成功: SZSE.300037 [新宙邦] BUY @ 78.44 (VR:0.13)
[2026-07-08 10:25:10]  [行6] 解析成功: SHSE.600353 [旭光电子] SELL @ 37.02 (VR:0.94)
[2026-07-08 10:25:10]  [行7] 解析成功: SZSE.300433 [蓝思科技] BUY @ 48.16 (VR:1.63)
[2026-07-08 10:25:10]  [行8] 解析成功: SZSE.300666 [江丰电子] SELL @ 317.34 (VR:0.4)
[2026-07-08 10:25:10]  [行9] 解析成功: SZSE.000510 [新金路] BUY @ 19.19 (VR:0.2)
[2026-07-08 10:25:10]  [行10] 解析成功: SZSE.301018 [申菱环境] SELL @ 125.44 (VR:0.14)
[2026-07-08 10:25:10]  [行11] 解析成功: SZSE.300868 [杰美特] BUY @ 134.5 (VR:0.03)
[2026-07-08 10:25:10] 成功保存 11 条因子至: signal_batch_20260708_102510_020570.txt
[2026-07-08 10:25:10]  QQ-主 邮件 5271 处理完成
[2026-07-08 10:25:10]  QQ-主 本轮共成功处理 1 封有效信号邮件
[2026-07-08 10:25:10]  正在连接 QQ-备用 邮箱服务器 (shouqianbadavid@qq.com) ...
[2026-07-08 10:25:45]  正在连接 QQ-主 邮箱服务器 (497720537@qq.com) ...
[2026-07-08 10:25:46]  正在连接 QQ-备用 邮箱服务器 (shouqianbadavid@qq.com) ...
[2026-07-08 10:26:21]  正在连接 QQ-主 邮箱服务器 (497720537@qq.com) ...
[2026-07-08 10:26:22]  正在连接 QQ-备用 邮箱服务器 (shouqianbadavid@qq.com) ...
[2026-07-08 10:26:58]  正在连接 QQ-主 邮箱服务器 (497720537@qq.com) ...
[2026-07-08 10:26:58]  正在连接 QQ-备用 邮箱服务器 (shouqianbadavid@qq.com) ...
[2026-07-08 10:26:59]  QQ-备用 正在解析因子: =?utf-8?b?QWxwaGFQaWxvdCDlpIfku73kv6Hlj7cgKGFscGhhX3NpZ25hbF90aHJfMjAyNjA3MDhfMTAyNS5qc29uKSBb5aSHUVEt6Ieq5L+dXQ==?=
[2026-07-08 10:26:59]  发现表格，共 11 行数据
[2026-07-08 10:26:59]  动态索引映射: ['股票代码', '股票名称', '信号', '当前价格', '量比', '来源过滤']
[2026-07-08 10:26:59]  [行1] 解析成功: SHSE.600353 [旭光电子] SELL @ 37.43 (VR:0.54)
[2026-07-08 10:26:59]  [行2] 解析成功: SZSE.300720 [海川智能] SELL @ 96.3 (VR:0.48)
[2026-07-08 10:26:59]  [行3] 解析成功: SZSE.300666 [江丰电子] SELL @ 317.69 (VR:0.05)
[2026-07-08 10:26:59]  [行4] 解析成功: SZSE.000510 [新金路] BUY @ 19.17 (VR:0.62)
[2026-07-08 10:26:59]  [行5] 解析成功: SZSE.300037 [新宙邦] BUY @ 78.44 (VR:0.13)
[2026-07-08 10:26:59]  [行6] 解析成功: SHSE.600353 [旭光电子] SELL @ 37.02 (VR:0.94)
[2026-07-08 10:26:59]  [行7] 解析成功: SZSE.300433 [蓝思科技] BUY @ 48.16 (VR:1.63)
[2026-07-08 10:26:59]  [行8] 解析成功: SZSE.300666 [江丰电子] SELL @ 317.34 (VR:0.4)
[2026-07-08 10:26:59]  [行9] 解析成功: SZSE.000510 [新金路] BUY @ 19.19 (VR:0.2)
[2026-07-08 10:26:59]  [行10] 解析成功: SZSE.301018 [申菱环境] SELL @ 125.44 (VR:0.14)
[2026-07-08 10:26:59]  [行11] 解析成功: SZSE.300868 [杰美特] BUY @ 134.5 (VR:0.03)
[2026-07-08 10:26:59] 成功保存 11 条因子至: signal_batch_20260708_102659_256020.txt
[2026-07-08 10:26:59]  QQ-备用 邮件 3004 处理完成
[2026-07-08 10:26:59]  QQ-备用 本轮共成功处理 1 封有效信号邮件
[2026-07-08 10:27:34]  正在连接 QQ-主 邮箱服务器 (497720537@qq.com) ...
[2026-07-08 10:27:34]  正在连接 QQ-备用 邮箱服务器 (shouqianbadavid@qq.com) ...
[2026-07-08 10:28:10]  正在连接 QQ-主 邮箱服务器 (497720537@qq.com) ...
[2026-07-08 10:28:10]  正在连接 QQ-备用 邮箱服务器 (shouqianbadavid@qq.com) ...
[2026-07-08 10:28:46]  正在连接 QQ-主 邮箱服务器 (497720537@qq.com) ...
[2026-07-08 10:28:46]  正在连接 QQ-备用 邮箱服务器 (shouqianbadavid@qq.com) ...
[2026-07-08 10:29:22]  正在连接 QQ-主 邮箱服务器 (497720537@qq.com) ...
[2026-07-08 10:29:22]  正在连接 QQ-备用 邮箱服务器 (shouqianbadavid@qq.com) ...
[2026-07-08 10:29:58]  正在连接 QQ-主 邮箱服务器 (497720537@qq.com) ...
[2026-07-08 10:29:59]  正在连接 QQ-备用 邮箱服务器 (shouqianbadavid@qq.com) ...
[2026-07-08 10:30:34]  正在连接 QQ-主 邮箱服务器 (497720537@qq.com) ...
[2026-07-08 10:30:35]  正在连接 QQ-备用 邮箱服务器 (shouqianbadavid@qq.com) ...
[2026-07-08 10:31:10]  正在连接 QQ-主 邮箱服务器 (497720537@qq.com) ...
[2026-07-08 10:31:11]  正在连接 QQ-备用 邮箱服务器 (shouqianbadavid@qq.com) ...
[2026-07-08 10:31:46]  正在连接 QQ-主 邮箱服务器 (497720537@qq.com) ...
[2026-07-08 10:31:46]  QQ-主 正在解析因子: =?utf-8?b?QWxwaGFQaWxvdCDlrp7ml7bkv6Hlj7cgKGFscGhhX3NpZ25hbF90aHJfMjAyNjA3MDhfMTAzMS5qc29uKSBb5Li7UVEt5a+55aSWXQ==?=
[2026-07-08 10:31:46]  发现表格，共 24 行数据
[2026-07-08 10:31:46]  动态索引映射: ['股票代码', '股票名称', '信号', '当前价格', '量比', '来源过滤']
[2026-07-08 10:31:46]  [行1] 解析成功: SHSE.603618 [杭电股份] BUY @ 37.42 (VR:0.41)
[2026-07-08 10:31:46]  [行2] 解析成功: SHSE.605111 [新洁能] SELL @ 77.37 (VR:1.76)
[2026-07-08 10:31:46]  [行3] 解析成功: SHSE.600259 [中稀有色] BUY @ 90.98 (VR:0.01)
[2026-07-08 10:31:46]  [行4] 解析成功: SHSE.600909 [华安证券] SELL @ 9.45 (VR:0.42)
[2026-07-08 10:31:46]  [行5] 解析成功: SHSE.600460 [士兰微] BUY @ 45.48 (VR:0.35)
[2026-07-08 10:31:46]  [行6] 解析成功: SZSE.002552 [宝鼎科技] BUY @ 55.47 (VR:0.25)
[2026-07-08 10:31:46]  [行7] 解析成功: SZSE.003031 [中瓷电子] BUY @ 142.12 (VR:0.83)
[2026-07-08 10:31:46]  [行8] 解析成功: SZSE.002937 [兴瑞科技] BUY @ 42.11 (VR:0.1)
[2026-07-08 10:31:46]  [行9] 解析成功: SZSE.000920 [沃顿科技] SELL @ 11.91 (VR:0.7)
[2026-07-08 10:31:46]  [行10] 解析成功: SZSE.000823 [超声电子] BUY @ 19.15 (VR:0.3)
[2026-07-08 10:31:46]  [行11] 解析成功: SZSE.300607 [拓斯达] BUY @ 39.0 (VR:0.54)
[2026-07-08 10:31:46]  [行12] 解析成功: SZSE.301070 [开勒股份] BUY @ 88.0 (VR:0.73)
[2026-07-08 10:31:46]  [行13] 解析成功: SHSE.603618 [杭电股份] BUY @ 37.66 (VR:0.18)
[2026-07-08 10:31:46]  [行14] 解析成功: SHSE.605111 [新洁能] SELL @ 77.28 (VR:0.24)
[2026-07-08 10:31:46]  [行15] 解析成功: SHSE.600259 [中稀有色] BUY @ 91.13 (VR:0.07)
[2026-07-08 10:31:46]  [行16] 解析成功: SHSE.600909 [华安证券] SELL @ 9.44 (VR:0.29)
[2026-07-08 10:31:46]  [行17] 解析成功: SHSE.600460 [士兰微] BUY @ 45.55 (VR:0.04)
[2026-07-08 10:31:46]  [行18] 解析成功: SZSE.002552 [宝鼎科技] BUY @ 56.37 (VR:0.35)
[2026-07-08 10:31:46]  [行19] 解析成功: SZSE.003031 [中瓷电子] BUY @ 142.51 (VR:0.69)
[2026-07-08 10:31:46]  [行20] 解析成功: SZSE.002937 [兴瑞科技] BUY @ 42.38 (VR:0.04)
[2026-07-08 10:31:46]  [行21] 解析成功: SZSE.000920 [沃顿科技] SELL @ 11.85 (VR:0.04)
[2026-07-08 10:31:46]  [行22] 解析成功: SZSE.000823 [超声电子] BUY @ 19.23 (VR:0.08)
[2026-07-08 10:31:46]  [行23] 解析成功: SZSE.300607 [拓斯达] BUY @ 39.43 (VR:0.87)
[2026-07-08 10:31:46]  [行24] 解析成功: SZSE.301070 [开勒股份] BUY @ 88.88 (VR:0.51)
[2026-07-08 10:31:46] 成功保存 24 条因子至: signal_batch_20260708_103146_935398.txt
[2026-07-08 10:31:47]  QQ-主 邮件 5272 处理完成
[2026-07-08 10:31:47]  QQ-主 本轮共成功处理 1 封有效信号邮件
[2026-07-08 10:31:47]  正在连接 QQ-备用 邮箱服务器 (shouqianbadavid@qq.com) ...
[2026-07-08 10:31:47]  QQ-备用 正在解析因子: =?utf-8?b?QWxwaGFQaWxvdCDlpIfku73kv6Hlj7cgKGFscGhhX3NpZ25hbF90aHJfMjAyNjA3MDhfMTAzMS5qc29uKSBb5aSHUVEt6Ieq5L+dXQ==?=
[2026-07-08 10:31:47]  发现表格，共 24 行数据
[2026-07-08 10:31:47]  动态索引映射: ['股票代码', '股票名称', '信号', '当前价格', '量比', '来源过滤']
[2026-07-08 10:31:47]  [行1] 解析成功: SHSE.603618 [杭电股份] BUY @ 37.42 (VR:0.41)
[2026-07-08 10:31:47]  [行2] 解析成功: SHSE.605111 [新洁能] SELL @ 77.37 (VR:1.76)
[2026-07-08 10:31:47]  [行3] 解析成功: SHSE.600259 [中稀有色] BUY @ 90.98 (VR:0.01)
[2026-07-08 10:31:47]  [行4] 解析成功: SHSE.600909 [华安证券] SELL @ 9.45 (VR:0.42)
[2026-07-08 10:31:47]  [行5] 解析成功: SHSE.600460 [士兰微] BUY @ 45.48 (VR:0.35)
[2026-07-08 10:31:47]  [行6] 解析成功: SZSE.002552 [宝鼎科技] BUY @ 55.47 (VR:0.25)
[2026-07-08 10:31:47]  [行7] 解析成功: SZSE.003031 [中瓷电子] BUY @ 142.12 (VR:0.83)
[2026-07-08 10:31:47]  [行8] 解析成功: SZSE.002937 [兴瑞科技] BUY @ 42.11 (VR:0.1)
[2026-07-08 10:31:47]  [行9] 解析成功: SZSE.000920 [沃顿科技] SELL @ 11.91 (VR:0.7)
[2026-07-08 10:31:47]  [行10] 解析成功: SZSE.000823 [超声电子] BUY @ 19.15 (VR:0.3)
[2026-07-08 10:31:47]  [行11] 解析成功: SZSE.300607 [拓斯达] BUY @ 39.0 (VR:0.54)
[2026-07-08 10:31:47]  [行12] 解析成功: SZSE.301070 [开勒股份] BUY @ 88.0 (VR:0.73)
[2026-07-08 10:31:47]  [行13] 解析成功: SHSE.603618 [杭电股份] BUY @ 37.66 (VR:0.18)
[2026-07-08 10:31:47]  [行14] 解析成功: SHSE.605111 [新洁能] SELL @ 77.28 (VR:0.24)
[2026-07-08 10:31:47]  [行15] 解析成功: SHSE.600259 [中稀有色] BUY @ 91.13 (VR:0.07)
[2026-07-08 10:31:47]  [行16] 解析成功: SHSE.600909 [华安证券] SELL @ 9.44 (VR:0.29)
[2026-07-08 10:31:47]  [行17] 解析成功: SHSE.600460 [士兰微] BUY @ 45.55 (VR:0.04)
[2026-07-08 10:31:47]  [行18] 解析成功: SZSE.002552 [宝鼎科技] BUY @ 56.37 (VR:0.35)
[2026-07-08 10:31:47]  [行19] 解析成功: SZSE.003031 [中瓷电子] BUY @ 142.51 (VR:0.69)
[2026-07-08 10:31:47]  [行20] 解析成功: SZSE.002937 [兴瑞科技] BUY @ 42.38 (VR:0.04)
[2026-07-08 10:31:47]  [行21] 解析成功: SZSE.000920 [沃顿科技] SELL @ 11.85 (VR:0.04)
[2026-07-08 10:31:47]  [行22] 解析成功: SZSE.000823 [超声电子] BUY @ 19.23 (VR:0.08)
[2026-07-08 10:31:47]  [行23] 解析成功: SZSE.300607 [拓斯达] BUY @ 39.43 (VR:0.87)
[2026-07-08 10:31:47]  [行24] 解析成功: SZSE.301070 [开勒股份] BUY @ 88.88 (VR:0.51)
[2026-07-08 10:31:47] 成功保存 24 条因子至: signal_batch_20260708_103147_917173.txt
[2026-07-08 10:31:48]  QQ-备用 邮件 3005 处理完成
[2026-07-08 10:31:48]  QQ-备用 本轮共成功处理 1 封有效信号邮件
[2026-07-08 10:32:23]  正在连接 QQ-主 邮箱服务器 (497720537@qq.com) ...
[2026-07-08 10:32:23]  正在连接 QQ-备用 邮箱服务器 (shouqianbadavid@qq.com) ...
[2026-07-08 10:32:59]  正在连接 QQ-主 邮箱服务器 (497720537@qq.com) ...
[2026-07-08 10:33:00]  正在连接 QQ-备用 邮箱服务器 (shouqianbadavid@qq.com) ...
[2026-07-08 10:33:35]  正在连接 QQ-主 邮箱服务器 (497720537@qq.com) ...
[2026-07-08 10:33:36]  正在连接 QQ-备用 邮箱服务器 (shouqianbadavid@qq.com) ...
[2026-07-08 10:34:12]  正在连接 QQ-主 邮箱服务器 (497720537@qq.com) ...
[2026-07-08 10:34:12]  正在连接 QQ-备用 邮箱服务器 (shouqianbadavid@qq.com) ...
[2026-07-08 10:34:48]  正在连接 QQ-主 邮箱服务器 (497720537@qq.com) ...
[2026-07-08 10:34:48]  正在连接 QQ-备用 邮箱服务器 (shouqianbadavid@qq.com) ...
[2026-07-08 10:35:24]  正在连接 QQ-主 邮箱服务器 (497720537@qq.com) ...
[2026-07-08 10:35:25]  正在连接 QQ-备用 邮箱服务器 (shouqianbadavid@qq.com) ...
[2026-07-08 10:36:00]  正在连接 QQ-主 邮箱服务器 (497720537@qq.com) ...
[2026-07-08 10:36:01]  正在连接 QQ-备用 邮箱服务器 (shouqianbadavid@qq.com) ...
[2026-07-08 10:36:36]  正在连接 QQ-主 邮箱服务器 (497720537@qq.com) ...
[2026-07-08 10:36:37]  正在连接 QQ-备用 邮箱服务器 (shouqianbadavid@qq.com) ...
[2026-07-08 10:37:12]  正在连接 QQ-主 邮箱服务器 (497720537@qq.com) ...
[2026-07-08 10:37:13]  正在连接 QQ-备用 邮箱服务器 (shouqianbadavid@qq.com) ...
[2026-07-08 10:37:48]  正在连接 QQ-主 邮箱服务器 (497720537@qq.com) ...
[2026-07-08 10:37:49]  正在连接 QQ-备用 邮箱服务器 (shouqianbadavid@qq.com) ...
[2026-07-08 10:38:24]  正在连接 QQ-主 邮箱服务器 (497720537@qq.com) ...
[2026-07-08 10:38:25]  QQ-主 正在解析因子: =?utf-8?b?QWxwaGFQaWxvdCDlrp7ml7bkv6Hlj7cgKGFscGhhX3NpZ25hbF90aHJfMjAyNjA3MDhfMTAzOC5qc29uKSBb5Li7UVEt5a+55aSWXQ==?=
[2026-07-08 10:38:25]  发现表格，共 10 行数据
[2026-07-08 10:38:25]  动态索引映射: ['股票代码', '股票名称', '信号', '当前价格', '量比', '来源过滤']
[2026-07-08 10:38:25]  [行1] 解析成功: SHSE.688261 [东微半导] BUY @ 93.0 (VR:1.81)
[2026-07-08 10:38:25]  [行2] 解析成功: SHSE.688199 [久日新材] BUY @ 28.78 (VR:0.15)
[2026-07-08 10:38:25]  [行3] 解析成功: SZSE.300821 [东岳硅材] BUY @ 24.19 (VR:0.32)
[2026-07-08 10:38:25]  [行4] 解析成功: SZSE.300184 [力源信息] BUY @ 14.93 (VR:0.68)
[2026-07-08 10:38:25]  [行5] 解析成功: SZSE.002158 [汉钟精机] BUY @ 33.88 (VR:0.14)
[2026-07-08 10:38:25]  [行6] 解析成功: SHSE.688261 [东微半导] BUY @ 93.58 (VR:0.47)
[2026-07-08 10:38:25]  [行7] 解析成功: SHSE.688199 [久日新材] BUY @ 28.85 (VR:0.31)
[2026-07-08 10:38:25]  [行8] 解析成功: SZSE.300821 [东岳硅材] BUY @ 24.41 (VR:0.41)
[2026-07-08 10:38:25]  [行9] 解析成功: SZSE.300184 [力源信息] BUY @ 15.04 (VR:0.04)
[2026-07-08 10:38:25]  [行10] 解析成功: SZSE.002158 [汉钟精机] BUY @ 34.1 (VR:0.05)
[2026-07-08 10:38:25] 成功保存 10 条因子至: signal_batch_20260708_103825_389773.txt
[2026-07-08 10:38:25]  QQ-主 邮件 5273 处理完成
[2026-07-08 10:38:25]  QQ-主 本轮共成功处理 1 封有效信号邮件
[2026-07-08 10:38:25]  正在连接 QQ-备用 邮箱服务器 (shouqianbadavid@qq.com) ...
[2026-07-08 10:39:01]  正在连接 QQ-主 邮箱服务器 (497720537@qq.com) ...
[2026-07-08 10:39:01]  正在连接 QQ-备用 邮箱服务器 (shouqianbadavid@qq.com) ...
[2026-07-08 10:39:02]  QQ-备用 正在解析因子: =?utf-8?b?QWxwaGFQaWxvdCDlpIfku73kv6Hlj7cgKGFscGhhX3NpZ25hbF90aHJfMjAyNjA3MDhfMTAzOC5qc29uKSBb5aSHUVEt6Ieq5L+dXQ==?=
[2026-07-08 10:39:02]  发现表格，共 10 行数据
[2026-07-08 10:39:02]  动态索引映射: ['股票代码', '股票名称', '信号', '当前价格', '量比', '来源过滤']
[2026-07-08 10:39:02]  [行1] 解析成功: SHSE.688261 [东微半导] BUY @ 93.0 (VR:1.81)
[2026-07-08 10:39:02]  [行2] 解析成功: SHSE.688199 [久日新材] BUY @ 28.78 (VR:0.15)
[2026-07-08 10:39:02]  [行3] 解析成功: SZSE.300821 [东岳硅材] BUY @ 24.19 (VR:0.32)
[2026-07-08 10:39:02]  [行4] 解析成功: SZSE.300184 [力源信息] BUY @ 14.93 (VR:0.68)
[2026-07-08 10:39:02]  [行5] 解析成功: SZSE.002158 [汉钟精机] BUY @ 33.88 (VR:0.14)
[2026-07-08 10:39:02]  [行6] 解析成功: SHSE.688261 [东微半导] BUY @ 93.58 (VR:0.47)
[2026-07-08 10:39:02]  [行7] 解析成功: SHSE.688199 [久日新材] BUY @ 28.85 (VR:0.31)
[2026-07-08 10:39:02]  [行8] 解析成功: SZSE.300821 [东岳硅材] BUY @ 24.41 (VR:0.41)
[2026-07-08 10:39:02]  [行9] 解析成功: SZSE.300184 [力源信息] BUY @ 15.04 (VR:0.04)
[2026-07-08 10:39:02]  [行10] 解析成功: SZSE.002158 [汉钟精机] BUY @ 34.1 (VR:0.05)
[2026-07-08 10:39:02] 成功保存 10 条因子至: signal_batch_20260708_103902_088438.txt
[2026-07-08 10:39:02]  QQ-备用 邮件 3006 处理完成
[2026-07-08 10:39:02]  QQ-备用 本轮共成功处理 1 封有效信号邮件
[2026-07-08 10:39:37]  正在连接 QQ-主 邮箱服务器 (497720537@qq.com) ...
[2026-07-08 10:39:37]  正在连接 QQ-备用 邮箱服务器 (shouqianbadavid@qq.com) ...
[2026-07-08 10:40:13]  正在连接 QQ-主 邮箱服务器 (497720537@qq.com) ...
[2026-07-08 10:40:14]  正在连接 QQ-备用 邮箱服务器 (shouqianbadavid@qq.com) ...
[2026-07-08 10:40:49]  正在连接 QQ-主 邮箱服务器 (497720537@qq.com) ...
[2026-07-08 10:40:49]  正在连接 QQ-备用 邮箱服务器 (shouqianbadavid@qq.com) ...
[2026-07-08 10:41:25]  正在连接 QQ-主 邮箱服务器 (497720537@qq.com) ...
[2026-07-08 10:41:25]  正在连接 QQ-备用 邮箱服务器 (shouqianbadavid@qq.com) ...
[2026-07-08 10:42:01]  正在连接 QQ-主 邮箱服务器 (497720537@qq.com) ...
[2026-07-08 10:42:01]  正在连接 QQ-备用 邮箱服务器 (shouqianbadavid@qq.com) ...
[2026-07-08 10:42:37]  正在连接 QQ-主 邮箱服务器 (497720537@qq.com) ...
[2026-07-08 10:42:37]  正在连接 QQ-备用 邮箱服务器 (shouqianbadavid@qq.com) ...
[2026-07-08 10:43:13]  正在连接 QQ-主 邮箱服务器 (497720537@qq.com) ...
[2026-07-08 10:43:13]  正在连接 QQ-备用 邮箱服务器 (shouqianbadavid@qq.com) ...
[2026-07-08 10:43:49]  正在连接 QQ-主 邮箱服务器 (497720537@qq.com) ...
[2026-07-08 10:43:49]  正在连接 QQ-备用 邮箱服务器 (shouqianbadavid@qq.com) ...
[2026-07-08 10:44:25]  正在连接 QQ-主 邮箱服务器 (497720537@qq.com) ...
[2026-07-08 10:44:26]  正在连接 QQ-备用 邮箱服务器 (shouqianbadavid@qq.com) ...
[2026-07-08 10:45:01]  正在连接 QQ-主 邮箱服务器 (497720537@qq.com) ...
[2026-07-08 10:45:02]  QQ-主 正在解析因子: =?utf-8?b?QWxwaGFQaWxvdCDlrp7ml7bkv6Hlj7cgKGFscGhhX3NpZ25hbF90aHJfMjAyNjA3MDhfMTA0NC5qc29uKSBb5Li7UVEt5a+55aSWXQ==?=
[2026-07-08 10:45:02]  发现表格，共 22 行数据
[2026-07-08 10:45:02]  动态索引映射: ['股票代码', '股票名称', '信号', '当前价格', '量比', '来源过滤']
[2026-07-08 10:45:02]  [行1] 解析成功: SHSE.688286 [敏芯股份] BUY @ 68.97 (VR:0.24)
[2026-07-08 10:45:02]  [行2] 解析成功: SHSE.688216 [气派科技] BUY @ 36.27 (VR:0.39)
[2026-07-08 10:45:02]  [行3] 解析成功: SHSE.688249 [晶合集成] SELL @ 58.47 (VR:0.45)
[2026-07-08 10:45:02]  [行4] 解析成功: SHSE.688138 [清溢光电] BUY @ 41.1 (VR:0.14)
[2026-07-08 10:45:02]  [行5] 解析成功: SZSE.301252 [同星科技] BUY @ 36.58 (VR:0.51)
[2026-07-08 10:45:02]  [行6] 解析成功: SZSE.301392 [汇成真空] SELL @ 244.92 (VR:0.28)
[2026-07-08 10:45:02]  [行7] 解析成功: SZSE.300088 [长信科技] BUY @ 8.66 (VR:0.07)
[2026-07-08 10:45:02]  [行8] 解析成功: SZSE.300420 [五洋自控] BUY @ 8.8 (VR:0.15)
[2026-07-08 10:45:02]  [行9] 解析成功: SZSE.300661 [圣邦股份] BUY @ 128.54 (VR:0.37)
[2026-07-08 10:45:02]  [行10] 解析成功: SZSE.300780 [德恩精工] BUY @ 29.5 (VR:0.06)
[2026-07-08 10:45:02]  [行11] 解析成功: SZSE.300497 [富祥股份] BUY @ 19.19 (VR:0.15)
[2026-07-08 10:45:02]  [行12] 解析成功: SHSE.688286 [敏芯股份] BUY @ 69.08 (VR:0.16)
[2026-07-08 10:45:02]  [行13] 解析成功: SHSE.688216 [气派科技] BUY @ 36.37 (VR:0.98)
[2026-07-08 10:45:02]  [行14] 解析成功: SHSE.688249 [晶合集成] SELL @ 58.02 (VR:0.07)
[2026-07-08 10:45:02]  [行15] 解析成功: SHSE.688138 [清溢光电] BUY @ 41.29 (VR:0.26)
[2026-07-08 10:45:02]  [行16] 解析成功: SZSE.301252 [同星科技] BUY @ 36.69 (VR:0.86)
[2026-07-08 10:45:02]  [行17] 解析成功: SZSE.301392 [汇成真空] SELL @ 244.86 (VR:0.17)
[2026-07-08 10:45:02]  [行18] 解析成功: SZSE.300088 [长信科技] BUY @ 8.73 (VR:0.24)
[2026-07-08 10:45:02]  [行19] 解析成功: SZSE.300420 [五洋自控] BUY @ 8.83 (VR:0.19)
[2026-07-08 10:45:02]  [行20] 解析成功: SZSE.300661 [圣邦股份] BUY @ 129.6 (VR:0.88)
[2026-07-08 10:45:02]  [行21] 解析成功: SZSE.300780 [德恩精工] BUY @ 29.54 (VR:0.07)
[2026-07-08 10:45:02]  [行22] 解析成功: SZSE.300497 [富祥股份] BUY @ 19.21 (VR:0.17)
[2026-07-08 10:45:02] 成功保存 22 条因子至: signal_batch_20260708_104502_781695.txt
[2026-07-08 10:45:02]  QQ-主 邮件 5274 处理完成
[2026-07-08 10:45:02]  QQ-主 本轮共成功处理 1 封有效信号邮件
[2026-07-08 10:45:03]  正在连接 QQ-备用 邮箱服务器 (shouqianbadavid@qq.com) ...
[2026-07-08 10:45:38]  正在连接 QQ-主 邮箱服务器 (497720537@qq.com) ...
[2026-07-08 10:45:38]  正在连接 QQ-备用 邮箱服务器 (shouqianbadavid@qq.com) ...
[2026-07-08 10:46:14]  正在连接 QQ-主 邮箱服务器 (497720537@qq.com) ...
[2026-07-08 10:46:14]  正在连接 QQ-备用 邮箱服务器 (shouqianbadavid@qq.com) ...
[2026-07-08 10:46:15]  QQ-备用 正在解析因子: =?utf-8?b?QWxwaGFQaWxvdCDlpIfku73kv6Hlj7cgKGFscGhhX3NpZ25hbF90aHJfMjAyNjA3MDhfMTA0NC5qc29uKSBb5aSHUVEt6Ieq5L+dXQ==?=
[2026-07-08 10:46:15]  发现表格，共 22 行数据
[2026-07-08 10:46:15]  动态索引映射: ['股票代码', '股票名称', '信号', '当前价格', '量比', '来源过滤']
[2026-07-08 10:46:15]  [行1] 解析成功: SHSE.688286 [敏芯股份] BUY @ 68.97 (VR:0.24)
[2026-07-08 10:46:15]  [行2] 解析成功: SHSE.688216 [气派科技] BUY @ 36.27 (VR:0.39)
[2026-07-08 10:46:15]  [行3] 解析成功: SHSE.688249 [晶合集成] SELL @ 58.47 (VR:0.45)
[2026-07-08 10:46:15]  [行4] 解析成功: SHSE.688138 [清溢光电] BUY @ 41.1 (VR:0.14)
[2026-07-08 10:46:15]  [行5] 解析成功: SZSE.301252 [同星科技] BUY @ 36.58 (VR:0.51)
[2026-07-08 10:46:15]  [行6] 解析成功: SZSE.301392 [汇成真空] SELL @ 244.92 (VR:0.28)
[2026-07-08 10:46:15]  [行7] 解析成功: SZSE.300088 [长信科技] BUY @ 8.66 (VR:0.07)
[2026-07-08 10:46:15]  [行8] 解析成功: SZSE.300420 [五洋自控] BUY @ 8.8 (VR:0.15)
[2026-07-08 10:46:15]  [行9] 解析成功: SZSE.300661 [圣邦股份] BUY @ 128.54 (VR:0.37)
[2026-07-08 10:46:15]  [行10] 解析成功: SZSE.300780 [德恩精工] BUY @ 29.5 (VR:0.06)
[2026-07-08 10:46:15]  [行11] 解析成功: SZSE.300497 [富祥股份] BUY @ 19.19 (VR:0.15)
[2026-07-08 10:46:15]  [行12] 解析成功: SHSE.688286 [敏芯股份] BUY @ 69.08 (VR:0.16)
[2026-07-08 10:46:15]  [行13] 解析成功: SHSE.688216 [气派科技] BUY @ 36.37 (VR:0.98)
[2026-07-08 10:46:15]  [行14] 解析成功: SHSE.688249 [晶合集成] SELL @ 58.02 (VR:0.07)
[2026-07-08 10:46:15]  [行15] 解析成功: SHSE.688138 [清溢光电] BUY @ 41.29 (VR:0.26)
[2026-07-08 10:46:15]  [行16] 解析成功: SZSE.301252 [同星科技] BUY @ 36.69 (VR:0.86)
[2026-07-08 10:46:15]  [行17] 解析成功: SZSE.301392 [汇成真空] SELL @ 244.86 (VR:0.17)
[2026-07-08 10:46:15]  [行18] 解析成功: SZSE.300088 [长信科技] BUY @ 8.73 (VR:0.24)
[2026-07-08 10:46:15]  [行19] 解析成功: SZSE.300420 [五洋自控] BUY @ 8.83 (VR:0.19)
[2026-07-08 10:46:15]  [行20] 解析成功: SZSE.300661 [圣邦股份] BUY @ 129.6 (VR:0.88)
[2026-07-08 10:46:15]  [行21] 解析成功: SZSE.300780 [德恩精工] BUY @ 29.54 (VR:0.07)
[2026-07-08 10:46:15]  [行22] 解析成功: SZSE.300497 [富祥股份] BUY @ 19.21 (VR:0.17)
[2026-07-08 10:46:15] 成功保存 22 条因子至: signal_batch_20260708_104615_711922.txt
[2026-07-08 10:46:15]  QQ-备用 邮件 3007 处理完成
[2026-07-08 10:46:15]  QQ-备用 本轮共成功处理 1 封有效信号邮件
[2026-07-08 10:46:50]  正在连接 QQ-主 邮箱服务器 (497720537@qq.com) ...
[2026-07-08 10:46:51]  正在连接 QQ-备用 邮箱服务器 (shouqianbadavid@qq.com) ...
[2026-07-08 10:47:26]  正在连接 QQ-主 邮箱服务器 (497720537@qq.com) ...
[2026-07-08 10:47:27]  正在连接 QQ-备用 邮箱服务器 (shouqianbadavid@qq.com) ...
[2026-07-08 10:48:03]  正在连接 QQ-主 邮箱服务器 (497720537@qq.com) ...
[2026-07-08 10:48:03]  正在连接 QQ-备用 邮箱服务器 (shouqianbadavid@qq.com) ...
[2026-07-08 10:48:39]  正在连接 QQ-主 邮箱服务器 (497720537@qq.com) ...
[2026-07-08 10:48:39]  正在连接 QQ-备用 邮箱服务器 (shouqianbadavid@qq.com) ...
[2026-07-08 10:49:15]  正在连接 QQ-主 邮箱服务器 (497720537@qq.com) ...
[2026-07-08 10:49:15]  正在连接 QQ-备用 邮箱服务器 (shouqianbadavid@qq.com) ...
[2026-07-08 10:49:51]  正在连接 QQ-主 邮箱服务器 (497720537@qq.com) ...
[2026-07-08 10:49:54]  正在连接 QQ-备用 邮箱服务器 (shouqianbadavid@qq.com) ...
[2026-07-08 10:50:30]  正在连接 QQ-主 邮箱服务器 (497720537@qq.com) ...
[2026-07-08 10:50:30]  正在连接 QQ-备用 邮箱服务器 (shouqianbadavid@qq.com) ...
[2026-07-08 10:51:06]  正在连接 QQ-主 邮箱服务器 (497720537@qq.com) ...
[2026-07-08 10:51:06]  QQ-主 正在解析因子: =?utf-8?b?QWxwaGFQaWxvdCDlrp7ml7bkv6Hlj7cgKGFscGhhX3NpZ25hbF90aHJfMjAyNjA3MDhfMTA1MS5qc29uKSBb5Li7UVEt5a+55aSWXQ==?=
[2026-07-08 10:51:06]  发现表格，共 14 行数据
[2026-07-08 10:51:06]  动态索引映射: ['股票代码', '股票名称', '信号', '当前价格', '量比', '来源过滤']
[2026-07-08 10:51:06]  [行1] 解析成功: SHSE.688110 [东芯股份] SELL @ 169.17 (VR:0.03)
[2026-07-08 10:51:06]  [行2] 解析成功: SHSE.688002 [睿创微纳] BUY @ 159.65 (VR:1.4)
[2026-07-08 10:51:06]  [行3] 解析成功: SHSE.688521 [芯原股份] SELL @ 317.27 (VR:0.03)
[2026-07-08 10:51:06]  [行4] 解析成功: SZSE.301045 [天禄科技] SELL @ 92.06 (VR:0.7)
[2026-07-08 10:51:06]  [行5] 解析成功: SZSE.300806 [斯迪克] SELL @ 88.09 (VR:0.01)
[2026-07-08 10:51:06]  [行6] 解析成功: SZSE.300790 [宇瞳光学] SELL @ 22.4 (VR:0.43)
[2026-07-08 10:51:06]  [行7] 解析成功: SZSE.002718 [友邦吊顶] BUY @ 96.4 (VR:1.11)
[2026-07-08 10:51:06]  [行8] 解析成功: SHSE.688110 [东芯股份] SELL @ 169.15 (VR:0.01)
[2026-07-08 10:51:06]  [行9] 解析成功: SHSE.688002 [睿创微纳] BUY @ 159.93 (VR:0.21)
[2026-07-08 10:51:06]  [行10] 解析成功: SHSE.688521 [芯原股份] SELL @ 316.42 (VR:0.89)
[2026-07-08 10:51:06]  [行11] 解析成功: SZSE.301045 [天禄科技] SELL @ 91.82 (VR:0.53)
[2026-07-08 10:51:06]  [行12] 解析成功: SZSE.300806 [斯迪克] SELL @ 87.65 (VR:1.32)
[2026-07-08 10:51:06]  [行13] 解析成功: SZSE.300790 [宇瞳光学] SELL @ 22.36 (VR:0.18)
[2026-07-08 10:51:06]  [行14] 解析成功: SZSE.002718 [友邦吊顶] BUY @ 96.5 (VR:1.51)
[2026-07-08 10:51:06] 成功保存 14 条因子至: signal_batch_20260708_105106_942716.txt
[2026-07-08 10:51:07]  QQ-主 邮件 5275 处理完成
[2026-07-08 10:51:07]  QQ-主 本轮共成功处理 1 封有效信号邮件
[2026-07-08 10:51:07]  正在连接 QQ-备用 邮箱服务器 (shouqianbadavid@qq.com) ...
[2026-07-08 10:51:42]  正在连接 QQ-主 邮箱服务器 (497720537@qq.com) ...
[2026-07-08 10:51:43]  正在连接 QQ-备用 邮箱服务器 (shouqianbadavid@qq.com) ...
[2026-07-08 10:52:19]  正在连接 QQ-主 邮箱服务器 (497720537@qq.com) ...
[2026-07-08 10:52:20]  正在连接 QQ-备用 邮箱服务器 (shouqianbadavid@qq.com) ...
[2026-07-08 10:52:56]  正在连接 QQ-主 邮箱服务器 (497720537@qq.com) ...
[2026-07-08 10:52:56]  正在连接 QQ-备用 邮箱服务器 (shouqianbadavid@qq.com) ...
[2026-07-08 10:53:32]  正在连接 QQ-主 邮箱服务器 (497720537@qq.com) ...
[2026-07-08 10:53:32]  正在连接 QQ-备用 邮箱服务器 (shouqianbadavid@qq.com) ...
[2026-07-08 10:53:33]  QQ-备用 正在解析因子: =?utf-8?b?QWxwaGFQaWxvdCDlpIfku73kv6Hlj7cgKGFscGhhX3NpZ25hbF90aHJfMjAyNjA3MDhfMTA1MS5qc29uKSBb5aSHUVEt6Ieq5L+dXQ==?=
[2026-07-08 10:53:33]  发现表格，共 14 行数据
[2026-07-08 10:53:33]  动态索引映射: ['股票代码', '股票名称', '信号', '当前价格', '量比', '来源过滤']
[2026-07-08 10:53:33]  [行1] 解析成功: SHSE.688110 [东芯股份] SELL @ 169.17 (VR:0.03)
[2026-07-08 10:53:33]  [行2] 解析成功: SHSE.688002 [睿创微纳] BUY @ 159.65 (VR:1.4)
[2026-07-08 10:53:33]  [行3] 解析成功: SHSE.688521 [芯原股份] SELL @ 317.27 (VR:0.03)
[2026-07-08 10:53:33]  [行4] 解析成功: SZSE.301045 [天禄科技] SELL @ 92.06 (VR:0.7)
[2026-07-08 10:53:33]  [行5] 解析成功: SZSE.300806 [斯迪克] SELL @ 88.09 (VR:0.01)
[2026-07-08 10:53:33]  [行6] 解析成功: SZSE.300790 [宇瞳光学] SELL @ 22.4 (VR:0.43)
[2026-07-08 10:53:33]  [行7] 解析成功: SZSE.002718 [友邦吊顶] BUY @ 96.4 (VR:1.11)
[2026-07-08 10:53:33]  [行8] 解析成功: SHSE.688110 [东芯股份] SELL @ 169.15 (VR:0.01)
[2026-07-08 10:53:33]  [行9] 解析成功: SHSE.688002 [睿创微纳] BUY @ 159.93 (VR:0.21)
[2026-07-08 10:53:33]  [行10] 解析成功: SHSE.688521 [芯原股份] SELL @ 316.42 (VR:0.89)
[2026-07-08 10:53:33]  [行11] 解析成功: SZSE.301045 [天禄科技] SELL @ 91.82 (VR:0.53)
[2026-07-08 10:53:33]  [行12] 解析成功: SZSE.300806 [斯迪克] SELL @ 87.65 (VR:1.32)
[2026-07-08 10:53:33]  [行13] 解析成功: SZSE.300790 [宇瞳光学] SELL @ 22.36 (VR:0.18)
[2026-07-08 10:53:33]  [行14] 解析成功: SZSE.002718 [友邦吊顶] BUY @ 96.5 (VR:1.51)
[2026-07-08 10:53:33] 成功保存 14 条因子至: signal_batch_20260708_105333_244779.txt
[2026-07-08 10:53:33]  QQ-备用 邮件 3008 处理完成
[2026-07-08 10:53:33]  QQ-备用 本轮共成功处理 1 封有效信号邮件
[2026-07-08 10:54:08]  正在连接 QQ-主 邮箱服务器 (497720537@qq.com) ...
[2026-07-08 10:54:09]  正在连接 QQ-备用 邮箱服务器 (shouqianbadavid@qq.com) ...
[2026-07-08 10:54:44]  正在连接 QQ-主 邮箱服务器 (497720537@qq.com) ...
[2026-07-08 10:54:45]  正在连接 QQ-备用 邮箱服务器 (shouqianbadavid@qq.com) ...
[2026-07-08 10:55:21]  正在连接 QQ-主 邮箱服务器 (497720537@qq.com) ...
[2026-07-08 10:55:21]  正在连接 QQ-备用 邮箱服务器 (shouqianbadavid@qq.com) ...
[2026-07-08 10:55:57]  正在连接 QQ-主 邮箱服务器 (497720537@qq.com) ...
[2026-07-08 10:55:57]  正在连接 QQ-备用 邮箱服务器 (shouqianbadavid@qq.com) ...
[2026-07-08 10:56:33]  正在连接 QQ-主 邮箱服务器 (497720537@qq.com) ...
[2026-07-08 10:56:33]  正在连接 QQ-备用 邮箱服务器 (shouqianbadavid@qq.com) ...
[2026-07-08 10:57:08]  正在连接 QQ-主 邮箱服务器 (497720537@qq.com) ...
[2026-07-08 10:57:09]  正在连接 QQ-备用 邮箱服务器 (shouqianbadavid@qq.com) ...
[2026-07-08 10:57:45]  正在连接 QQ-主 邮箱服务器 (497720537@qq.com) ...
[2026-07-08 10:57:45]  QQ-主 正在解析因子: =?utf-8?b?QWxwaGFQaWxvdCDlrp7ml7bkv6Hlj7cgKGFscGhhX3NpZ25hbF90aHJfMjAyNjA3MDhfMTA1Ny5qc29uKSBb5Li7UVEt5a+55aSWXQ==?=
[2026-07-08 10:57:45]  发现表格，共 12 行数据
[2026-07-08 10:57:45]  动态索引映射: ['股票代码', '股票名称', '信号', '当前价格', '量比', '来源过滤']
[2026-07-08 10:57:45]  [行1] 解析成功: SHSE.600353 [旭光电子] SELL @ 38.4 (VR:0.34)
[2026-07-08 10:57:45]  [行2] 解析成功: SZSE.300666 [江丰电子] BUY @ 326.15 (VR:0.47)
[2026-07-08 10:57:45]  [行3] 解析成功: SZSE.000510 [新金路] SELL @ 19.16 (VR:0.82)
[2026-07-08 10:57:45]  [行4] 解析成功: SZSE.301018 [申菱环境] BUY @ 123.07 (VR:0.23)
[2026-07-08 10:57:45]  [行5] 解析成功: SZSE.300037 [新宙邦] SELL @ 79.19 (VR:0.57)
[2026-07-08 10:57:45]  [行6] 解析成功: SZSE.300868 [杰美特] SELL @ 134.23 (VR:0.18)
[2026-07-08 10:57:45]  [行7] 解析成功: SHSE.600353 [旭光电子] SELL @ 38.0 (VR:0.09)
[2026-07-08 10:57:45]  [行8] 解析成功: SZSE.300666 [江丰电子] BUY @ 326.67 (VR:0.46)
[2026-07-08 10:57:45]  [行9] 解析成功: SZSE.000510 [新金路] SELL @ 19.13 (VR:0.45)
[2026-07-08 10:57:45]  [行10] 解析成功: SZSE.301018 [申菱环境] BUY @ 123.52 (VR:0.06)
[2026-07-08 10:57:45]  [行11] 解析成功: SZSE.300037 [新宙邦] SELL @ 79.0 (VR:0.69)
[2026-07-08 10:57:45]  [行12] 解析成功: SZSE.300868 [杰美特] SELL @ 133.32 (VR:2.28)
[2026-07-08 10:57:45] 成功保存 12 条因子至: signal_batch_20260708_105745_816050.txt
[2026-07-08 10:57:45]  QQ-主 邮件 5276 处理完成
[2026-07-08 10:57:45]  QQ-主 本轮共成功处理 1 封有效信号邮件
[2026-07-08 10:57:46]  正在连接 QQ-备用 邮箱服务器 (shouqianbadavid@qq.com) ...
[2026-07-08 10:58:21]  正在连接 QQ-主 邮箱服务器 (497720537@qq.com) ...
[2026-07-08 10:58:21]  正在连接 QQ-备用 邮箱服务器 (shouqianbadavid@qq.com) ...
[2026-07-08 10:58:22]  QQ-备用 正在解析因子: =?utf-8?b?QWxwaGFQaWxvdCDlpIfku73kv6Hlj7cgKGFscGhhX3NpZ25hbF90aHJfMjAyNjA3MDhfMTA1Ny5qc29uKSBb5aSHUVEt6Ieq5L+dXQ==?=
[2026-07-08 10:58:22]  发现表格，共 12 行数据
[2026-07-08 10:58:22]  动态索引映射: ['股票代码', '股票名称', '信号', '当前价格', '量比', '来源过滤']
[2026-07-08 10:58:22]  [行1] 解析成功: SHSE.600353 [旭光电子] SELL @ 38.4 (VR:0.34)
[2026-07-08 10:58:22]  [行2] 解析成功: SZSE.300666 [江丰电子] BUY @ 326.15 (VR:0.47)
[2026-07-08 10:58:22]  [行3] 解析成功: SZSE.000510 [新金路] SELL @ 19.16 (VR:0.82)
[2026-07-08 10:58:22]  [行4] 解析成功: SZSE.301018 [申菱环境] BUY @ 123.07 (VR:0.23)
[2026-07-08 10:58:22]  [行5] 解析成功: SZSE.300037 [新宙邦] SELL @ 79.19 (VR:0.57)
[2026-07-08 10:58:22]  [行6] 解析成功: SZSE.300868 [杰美特] SELL @ 134.23 (VR:0.18)
[2026-07-08 10:58:22]  [行7] 解析成功: SHSE.600353 [旭光电子] SELL @ 38.0 (VR:0.09)
[2026-07-08 10:58:22]  [行8] 解析成功: SZSE.300666 [江丰电子] BUY @ 326.67 (VR:0.46)
[2026-07-08 10:58:22]  [行9] 解析成功: SZSE.000510 [新金路] SELL @ 19.13 (VR:0.45)
[2026-07-08 10:58:22]  [行10] 解析成功: SZSE.301018 [申菱环境] BUY @ 123.52 (VR:0.06)
[2026-07-08 10:58:22]  [行11] 解析成功: SZSE.300037 [新宙邦] SELL @ 79.0 (VR:0.69)
[2026-07-08 10:58:22]  [行12] 解析成功: SZSE.300868 [杰美特] SELL @ 133.32 (VR:2.28)
[2026-07-08 10:58:22] 成功保存 12 条因子至: signal_batch_20260708_105822_618265.txt
[2026-07-08 10:58:22]  QQ-备用 邮件 3009 处理完成
[2026-07-08 10:58:22]  QQ-备用 本轮共成功处理 1 封有效信号邮件
[2026-07-08 10:58:57]  正在连接 QQ-主 邮箱服务器 (497720537@qq.com) ...
[2026-07-08 10:58:58]  正在连接 QQ-备用 邮箱服务器 (shouqianbadavid@qq.com) ...
[2026-07-08 10:59:33]  正在连接 QQ-主 邮箱服务器 (497720537@qq.com) ...
[2026-07-08 10:59:34]  正在连接 QQ-备用 邮箱服务器 (shouqianbadavid@qq.com) ...
[2026-07-08 11:00:10]  正在连接 QQ-主 邮箱服务器 (497720537@qq.com) ...
[2026-07-08 11:00:10]  正在连接 QQ-备用 邮箱服务器 (shouqianbadavid@qq.com) ...
[2026-07-08 11:00:46]  正在连接 QQ-主 邮箱服务器 (497720537@qq.com) ...
[2026-07-08 11:00:47]  正在连接 QQ-备用 邮箱服务器 (shouqianbadavid@qq.com) ...
[2026-07-08 11:01:22]  正在连接 QQ-主 邮箱服务器 (497720537@qq.com) ...
[2026-07-08 11:01:23]  正在连接 QQ-备用 邮箱服务器 (shouqianbadavid@qq.com) ...
[2026-07-08 11:01:58]  正在连接 QQ-主 邮箱服务器 (497720537@qq.com) ...
[2026-07-08 11:01:59]  正在连接 QQ-备用 邮箱服务器 (shouqianbadavid@qq.com) ...
[2026-07-08 11:02:35]  正在连接 QQ-主 邮箱服务器 (497720537@qq.com) ...
[2026-07-08 11:02:35]  正在连接 QQ-备用 邮箱服务器 (shouqianbadavid@qq.com) ...
[2026-07-08 11:03:11]  正在连接 QQ-主 邮箱服务器 (497720537@qq.com) ...
[2026-07-08 11:03:11]  正在连接 QQ-备用 邮箱服务器 (shouqianbadavid@qq.com) ...
[2026-07-08 11:03:47]  正在连接 QQ-主 邮箱服务器 (497720537@qq.com) ...
[2026-07-08 11:03:47]  QQ-主 正在解析因子: =?utf-8?b?QWxwaGFQaWxvdCDlrp7ml7bkv6Hlj7cgKGFscGhhX3NpZ25hbF90aHJfMjAyNjA3MDhfMTEwMy5qc29uKSBb5Li7UVEt5a+55aSWXQ==?=
[2026-07-08 11:03:47]  发现表格，共 10 行数据
[2026-07-08 11:03:47]  动态索引映射: ['股票代码', '股票名称', '信号', '当前价格', '量比', '来源过滤']
[2026-07-08 11:03:47]  [行1] 解析成功: SHSE.603773 [沃格光电] SELL @ 126.67 (VR:0.74)
[2026-07-08 11:03:47]  [行2] 解析成功: SHSE.600460 [士兰微] BUY @ 46.01 (VR:0.42)
[2026-07-08 11:03:47]  [行3] 解析成功: SZSE.002937 [兴瑞科技] BUY @ 43.1 (VR:5.7)
[2026-07-08 11:03:47]  [行4] 解析成功: SZSE.000920 [沃顿科技] BUY @ 11.66 (VR:0.28)
[2026-07-08 11:03:47]  [行5] 解析成功: SZSE.000823 [超声电子] BUY @ 19.16 (VR:0.11)
[2026-07-08 11:03:47]  [行6] 解析成功: SHSE.603773 [沃格光电] SELL @ 126.45 (VR:0.26)
[2026-07-08 11:03:47]  [行7] 解析成功: SHSE.600460 [士兰微] BUY @ 46.12 (VR:0.29)
[2026-07-08 11:03:47]  [行8] 解析成功: SZSE.002937 [兴瑞科技] BUY @ 43.27 (VR:1.64)
[2026-07-08 11:03:47]  [行9] 解析成功: SZSE.000920 [沃顿科技] BUY @ 11.7 (VR:0.01)
[2026-07-08 11:03:47]  [行10] 解析成功: SZSE.000823 [超声电子] BUY @ 19.25 (VR:0.26)
[2026-07-08 11:03:47] 成功保存 10 条因子至: signal_batch_20260708_110347_631622.txt
[2026-07-08 11:03:47]  QQ-主 邮件 5277 处理完成
[2026-07-08 11:03:47]  QQ-主 本轮共成功处理 1 封有效信号邮件
[2026-07-08 11:03:47]  正在连接 QQ-备用 邮箱服务器 (shouqianbadavid@qq.com) ...
[2026-07-08 11:04:23]  正在连接 QQ-主 邮箱服务器 (497720537@qq.com) ...
[2026-07-08 11:04:24]  正在连接 QQ-备用 邮箱服务器 (shouqianbadavid@qq.com) ...
[2026-07-08 11:05:00]  正在连接 QQ-主 邮箱服务器 (497720537@qq.com) ...
[2026-07-08 11:05:00]  正在连接 QQ-备用 邮箱服务器 (shouqianbadavid@qq.com) ...
[2026-07-08 11:05:36]  正在连接 QQ-主 邮箱服务器 (497720537@qq.com) ...
[2026-07-08 11:05:36]  正在连接 QQ-备用 邮箱服务器 (shouqianbadavid@qq.com) ...
[2026-07-08 11:05:37]  QQ-备用 正在解析因子: =?utf-8?b?QWxwaGFQaWxvdCDlpIfku73kv6Hlj7cgKGFscGhhX3NpZ25hbF90aHJfMjAyNjA3MDhfMTEwMy5qc29uKSBb5aSHUVEt6Ieq5L+dXQ==?=
[2026-07-08 11:05:37]  发现表格，共 10 行数据
[2026-07-08 11:05:37]  动态索引映射: ['股票代码', '股票名称', '信号', '当前价格', '量比', '来源过滤']
[2026-07-08 11:05:37]  [行1] 解析成功: SHSE.603773 [沃格光电] SELL @ 126.67 (VR:0.74)
[2026-07-08 11:05:37]  [行2] 解析成功: SHSE.600460 [士兰微] BUY @ 46.01 (VR:0.42)
[2026-07-08 11:05:37]  [行3] 解析成功: SZSE.002937 [兴瑞科技] BUY @ 43.1 (VR:5.7)
[2026-07-08 11:05:37]  [行4] 解析成功: SZSE.000920 [沃顿科技] BUY @ 11.66 (VR:0.28)
[2026-07-08 11:05:37]  [行5] 解析成功: SZSE.000823 [超声电子] BUY @ 19.16 (VR:0.11)
[2026-07-08 11:05:37]  [行6] 解析成功: SHSE.603773 [沃格光电] SELL @ 126.45 (VR:0.26)
[2026-07-08 11:05:37]  [行7] 解析成功: SHSE.600460 [士兰微] BUY @ 46.12 (VR:0.29)
[2026-07-08 11:05:37]  [行8] 解析成功: SZSE.002937 [兴瑞科技] BUY @ 43.27 (VR:1.64)
[2026-07-08 11:05:37]  [行9] 解析成功: SZSE.000920 [沃顿科技] BUY @ 11.7 (VR:0.01)
[2026-07-08 11:05:37]  [行10] 解析成功: SZSE.000823 [超声电子] BUY @ 19.25 (VR:0.26)
[2026-07-08 11:05:37] 成功保存 10 条因子至: signal_batch_20260708_110537_306950.txt
[2026-07-08 11:05:37]  QQ-备用 邮件 3010 处理完成
[2026-07-08 11:05:37]  QQ-备用 本轮共成功处理 1 封有效信号邮件
[2026-07-08 11:06:12]  正在连接 QQ-主 邮箱服务器 (497720537@qq.com) ...
[2026-07-08 11:06:12]  正在连接 QQ-备用 邮箱服务器 (shouqianbadavid@qq.com) ...
[2026-07-08 11:06:48]  正在连接 QQ-主 邮箱服务器 (497720537@qq.com) ...
[2026-07-08 11:06:48]  正在连接 QQ-备用 邮箱服务器 (shouqianbadavid@qq.com) ...
[2026-07-08 11:07:24]  正在连接 QQ-主 邮箱服务器 (497720537@qq.com) ...
[2026-07-08 11:07:24]  正在连接 QQ-备用 邮箱服务器 (shouqianbadavid@qq.com) ...
[2026-07-08 11:07:59]  正在连接 QQ-主 邮箱服务器 (497720537@qq.com) ...
[2026-07-08 11:08:00]  正在连接 QQ-备用 邮箱服务器 (shouqianbadavid@qq.com) ...
[2026-07-08 11:08:36]  正在连接 QQ-主 邮箱服务器 (497720537@qq.com) ...
[2026-07-08 11:08:36]  正在连接 QQ-备用 邮箱服务器 (shouqianbadavid@qq.com) ...
[2026-07-08 11:09:11]  正在连接 QQ-主 邮箱服务器 (497720537@qq.com) ...
[2026-07-08 11:09:14]  正在连接 QQ-备用 邮箱服务器 (shouqianbadavid@qq.com) ...
[2026-07-08 11:09:50]  正在连接 QQ-主 邮箱服务器 (497720537@qq.com) ...
[2026-07-08 11:09:50]  正在连接 QQ-备用 邮箱服务器 (shouqianbadavid@qq.com) ...
[2026-07-08 11:10:25]  正在连接 QQ-主 邮箱服务器 (497720537@qq.com) ...
[2026-07-08 11:10:26]  QQ-主 正在解析因子: =?utf-8?b?QWxwaGFQaWxvdCDlrp7ml7bkv6Hlj7cgKGFscGhhX3NpZ25hbF90aHJfMjAyNjA3MDhfMTEwOS5qc29uKSBb5Li7UVEt5a+55aSWXQ==?=
[2026-07-08 11:10:26]  发现表格，共 18 行数据
[2026-07-08 11:10:26]  动态索引映射: ['股票代码', '股票名称', '信号', '当前价格', '量比', '来源过滤']
[2026-07-08 11:10:26]  [行1] 解析成功: SHSE.688019 [安集科技] BUY @ 313.32 (VR:2.26)
[2026-07-08 11:10:26]  [行2] 解析成功: SHSE.688199 [久日新材] BUY @ 28.99 (VR:0.23)
[2026-07-08 11:10:26]  [行3] 解析成功: SZSE.300821 [东岳硅材] BUY @ 24.53 (VR:0.17)
[2026-07-08 11:10:26]  [行4] 解析成功: SZSE.300236 [上海新阳] BUY @ 111.31 (VR:0.25)
[2026-07-08 11:10:26]  [行5] 解析成功: SZSE.300057 [万顺新材] BUY @ 8.03 (VR:0.48)
[2026-07-08 11:10:26]  [行6] 解析成功: SZSE.300162 [雷曼光电] BUY @ 10.4 (VR:0.5)
[2026-07-08 11:10:26]  [行7] 解析成功: SZSE.301178 [天亿马] BUY @ 36.57 (VR:0.14)
[2026-07-08 11:10:26]  [行8] 解析成功: SZSE.002158 [汉钟精机] BUY @ 33.71 (VR:0.07)
[2026-07-08 11:10:26]  [行9] 解析成功: SZSE.002635 [安洁科技] BUY @ 18.29 (VR:3.56)
[2026-07-08 11:10:26]  [行10] 解析成功: SHSE.688019 [安集科技] BUY @ 315.16 (VR:0.38)
[2026-07-08 11:10:26]  [行11] 解析成功: SHSE.688199 [久日新材] BUY @ 29.14 (VR:0.12)
[2026-07-08 11:10:26]  [行12] 解析成功: SZSE.300821 [东岳硅材] BUY @ 24.55 (VR:0.47)
[2026-07-08 11:10:26]  [行13] 解析成功: SZSE.300236 [上海新阳] BUY @ 111.68 (VR:0.07)
[2026-07-08 11:10:26]  [行14] 解析成功: SZSE.300057 [万顺新材] BUY @ 8.08 (VR:0.95)
[2026-07-08 11:10:26]  [行15] 解析成功: SZSE.300162 [雷曼光电] BUY @ 10.47 (VR:0.21)
[2026-07-08 11:10:26]  [行16] 解析成功: SZSE.301178 [天亿马] BUY @ 36.72 (VR:0.8)
[2026-07-08 11:10:26]  [行17] 解析成功: SZSE.002158 [汉钟精机] BUY @ 33.99 (VR:0.11)
[2026-07-08 11:10:26]  [行18] 解析成功: SZSE.002635 [安洁科技] BUY @ 18.49 (VR:2.44)
[2026-07-08 11:10:26] 成功保存 18 条因子至: signal_batch_20260708_111026_605965.txt
[2026-07-08 11:10:26]  QQ-主 邮件 5278 处理完成
[2026-07-08 11:10:26]  QQ-主 本轮共成功处理 1 封有效信号邮件
[2026-07-08 11:10:26]  正在连接 QQ-备用 邮箱服务器 (shouqianbadavid@qq.com) ...
[2026-07-08 11:10:27]  QQ-备用 正在解析因子: =?utf-8?b?QWxwaGFQaWxvdCDlpIfku73kv6Hlj7cgKGFscGhhX3NpZ25hbF90aHJfMjAyNjA3MDhfMTEwOS5qc29uKSBb5aSHUVEt6Ieq5L+dXQ==?=
[2026-07-08 11:10:27]  发现表格，共 18 行数据
[2026-07-08 11:10:27]  动态索引映射: ['股票代码', '股票名称', '信号', '当前价格', '量比', '来源过滤']
[2026-07-08 11:10:27]  [行1] 解析成功: SHSE.688019 [安集科技] BUY @ 313.32 (VR:2.26)
[2026-07-08 11:10:27]  [行2] 解析成功: SHSE.688199 [久日新材] BUY @ 28.99 (VR:0.23)
[2026-07-08 11:10:27]  [行3] 解析成功: SZSE.300821 [东岳硅材] BUY @ 24.53 (VR:0.17)
[2026-07-08 11:10:27]  [行4] 解析成功: SZSE.300236 [上海新阳] BUY @ 111.31 (VR:0.25)
[2026-07-08 11:10:27]  [行5] 解析成功: SZSE.300057 [万顺新材] BUY @ 8.03 (VR:0.48)
[2026-07-08 11:10:27]  [行6] 解析成功: SZSE.300162 [雷曼光电] BUY @ 10.4 (VR:0.5)
[2026-07-08 11:10:27]  [行7] 解析成功: SZSE.301178 [天亿马] BUY @ 36.57 (VR:0.14)
[2026-07-08 11:10:27]  [行8] 解析成功: SZSE.002158 [汉钟精机] BUY @ 33.71 (VR:0.07)
[2026-07-08 11:10:27]  [行9] 解析成功: SZSE.002635 [安洁科技] BUY @ 18.29 (VR:3.56)
[2026-07-08 11:10:27]  [行10] 解析成功: SHSE.688019 [安集科技] BUY @ 315.16 (VR:0.38)
[2026-07-08 11:10:27]  [行11] 解析成功: SHSE.688199 [久日新材] BUY @ 29.14 (VR:0.12)
[2026-07-08 11:10:27]  [行12] 解析成功: SZSE.300821 [东岳硅材] BUY @ 24.55 (VR:0.47)
[2026-07-08 11:10:27]  [行13] 解析成功: SZSE.300236 [上海新阳] BUY @ 111.68 (VR:0.07)
[2026-07-08 11:10:27]  [行14] 解析成功: SZSE.300057 [万顺新材] BUY @ 8.08 (VR:0.95)
[2026-07-08 11:10:27]  [行15] 解析成功: SZSE.300162 [雷曼光电] BUY @ 10.47 (VR:0.21)
[2026-07-08 11:10:27]  [行16] 解析成功: SZSE.301178 [天亿马] BUY @ 36.72 (VR:0.8)
[2026-07-08 11:10:27]  [行17] 解析成功: SZSE.002158 [汉钟精机] BUY @ 33.99 (VR:0.11)
[2026-07-08 11:10:27]  [行18] 解析成功: SZSE.002635 [安洁科技] BUY @ 18.49 (VR:2.44)
[2026-07-08 11:10:27] 成功保存 18 条因子至: signal_batch_20260708_111027_703068.txt
[2026-07-08 11:10:27]  QQ-备用 邮件 3011 处理完成
[2026-07-08 11:10:27]  QQ-备用 本轮共成功处理 1 封有效信号邮件
[2026-07-08 11:11:02]  正在连接 QQ-主 邮箱服务器 (497720537@qq.com) ...
[2026-07-08 11:11:03]  正在连接 QQ-备用 邮箱服务器 (shouqianbadavid@qq.com) ...
[2026-07-08 11:11:38]  正在连接 QQ-主 邮箱服务器 (497720537@qq.com) ...
[2026-07-08 11:11:39]  正在连接 QQ-备用 邮箱服务器 (shouqianbadavid@qq.com) ...
[2026-07-08 11:12:15]  正在连接 QQ-主 邮箱服务器 (497720537@qq.com) ...
[2026-07-08 11:12:15]  正在连接 QQ-备用 邮箱服务器 (shouqianbadavid@qq.com) ...
[2026-07-08 11:12:51]  正在连接 QQ-主 邮箱服务器 (497720537@qq.com) ...
[2026-07-08 11:12:51]  正在连接 QQ-备用 邮箱服务器 (shouqianbadavid@qq.com) ...
[2026-07-08 11:13:27]  正在连接 QQ-主 邮箱服务器 (497720537@qq.com) ...
[2026-07-08 11:13:27]  正在连接 QQ-备用 邮箱服务器 (shouqianbadavid@qq.com) ...
[2026-07-08 11:14:03]  正在连接 QQ-主 邮箱服务器 (497720537@qq.com) ...
[2026-07-08 11:14:03]  正在连接 QQ-备用 邮箱服务器 (shouqianbadavid@qq.com) ...
[2026-07-08 11:14:39]  正在连接 QQ-主 邮箱服务器 (497720537@qq.com) ...
[2026-07-08 11:14:40]  正在连接 QQ-备用 邮箱服务器 (shouqianbadavid@qq.com) ...
[2026-07-08 11:15:15]  正在连接 QQ-主 邮箱服务器 (497720537@qq.com) ...
[2026-07-08 11:15:16]  正在连接 QQ-备用 邮箱服务器 (shouqianbadavid@qq.com) ...
[2026-07-08 11:15:51]  正在连接 QQ-主 邮箱服务器 (497720537@qq.com) ...
[2026-07-08 11:15:51]  正在连接 QQ-备用 邮箱服务器 (shouqianbadavid@qq.com) ...
[2026-07-08 11:16:27]  正在连接 QQ-主 邮箱服务器 (497720537@qq.com) ...
[2026-07-08 11:16:27]  QQ-主 正在解析因子: =?utf-8?b?QWxwaGFQaWxvdCDlrp7ml7bkv6Hlj7cgKGFscGhhX3NpZ25hbF90aHJfMjAyNjA3MDhfMTExNi5qc29uKSBb5Li7UVEt5a+55aSWXQ==?=
[2026-07-08 11:16:27]  发现表格，共 6 行数据
[2026-07-08 11:16:27]  动态索引映射: ['股票代码', '股票名称', '信号', '当前价格', '量比', '来源过滤']
[2026-07-08 11:16:27]  [行1] 解析成功: SZSE.300285 [国瓷材料] BUY @ 82.64 (VR:1.16)
[2026-07-08 11:16:27]  [行2] 解析成功: SZSE.301392 [汇成真空] BUY @ 244.81 (VR:0.32)
[2026-07-08 11:16:27]  [行3] 解析成功: SZSE.300497 [富祥股份] BUY @ 19.15 (VR:0.12)
[2026-07-08 11:16:27]  [行4] 解析成功: SZSE.300285 [国瓷材料] BUY @ 82.72 (VR:0.18)
[2026-07-08 11:16:27]  [行5] 解析成功: SZSE.301392 [汇成真空] BUY @ 246.61 (VR:0.34)
[2026-07-08 11:16:27]  [行6] 解析成功: SZSE.300497 [富祥股份] BUY @ 19.23 (VR:0.61)
[2026-07-08 11:16:27] 成功保存 6 条因子至: signal_batch_20260708_111627_806602.txt
[2026-07-08 11:16:27]  QQ-主 邮件 5279 处理完成
[2026-07-08 11:16:27]  QQ-主 本轮共成功处理 1 封有效信号邮件
[2026-07-08 11:16:28]  正在连接 QQ-备用 邮箱服务器 (shouqianbadavid@qq.com) ...
[2026-07-08 11:17:03]  正在连接 QQ-主 邮箱服务器 (497720537@qq.com) ...
[2026-07-08 11:17:03]  正在连接 QQ-备用 邮箱服务器 (shouqianbadavid@qq.com) ...
[2026-07-08 11:17:39]  正在连接 QQ-主 邮箱服务器 (497720537@qq.com) ...
[2026-07-08 11:17:39]  正在连接 QQ-备用 邮箱服务器 (shouqianbadavid@qq.com) ...
[2026-07-08 11:17:40]  QQ-备用 正在解析因子: =?utf-8?b?QWxwaGFQaWxvdCDlpIfku73kv6Hlj7cgKGFscGhhX3NpZ25hbF90aHJfMjAyNjA3MDhfMTExNi5qc29uKSBb5aSHUVEt6Ieq5L+dXQ==?=
[2026-07-08 11:17:40]  发现表格，共 6 行数据
[2026-07-08 11:17:40]  动态索引映射: ['股票代码', '股票名称', '信号', '当前价格', '量比', '来源过滤']
[2026-07-08 11:17:40]  [行1] 解析成功: SZSE.300285 [国瓷材料] BUY @ 82.64 (VR:1.16)
[2026-07-08 11:17:40]  [行2] 解析成功: SZSE.301392 [汇成真空] BUY @ 244.81 (VR:0.32)
[2026-07-08 11:17:40]  [行3] 解析成功: SZSE.300497 [富祥股份] BUY @ 19.15 (VR:0.12)
[2026-07-08 11:17:40]  [行4] 解析成功: SZSE.300285 [国瓷材料] BUY @ 82.72 (VR:0.18)
[2026-07-08 11:17:40]  [行5] 解析成功: SZSE.301392 [汇成真空] BUY @ 246.61 (VR:0.34)
[2026-07-08 11:17:40]  [行6] 解析成功: SZSE.300497 [富祥股份] BUY @ 19.23 (VR:0.61)
[2026-07-08 11:17:40] 成功保存 6 条因子至: signal_batch_20260708_111740_232611.txt
[2026-07-08 11:17:40]  QQ-备用 邮件 3012 处理完成
[2026-07-08 11:17:40]  QQ-备用 本轮共成功处理 1 封有效信号邮件
[2026-07-08 11:18:15]  正在连接 QQ-主 邮箱服务器 (497720537@qq.com) ...
[2026-07-08 11:18:16]  正在连接 QQ-备用 邮箱服务器 (shouqianbadavid@qq.com) ...
[2026-07-08 11:18:52]  正在连接 QQ-主 邮箱服务器 (497720537@qq.com) ...
[2026-07-08 11:18:52]  正在连接 QQ-备用 邮箱服务器 (shouqianbadavid@qq.com) ...
[2026-07-08 11:19:28]  正在连接 QQ-主 邮箱服务器 (497720537@qq.com) ...
[2026-07-08 11:19:28]  正在连接 QQ-备用 邮箱服务器 (shouqianbadavid@qq.com) ...
[2026-07-08 11:20:04]  正在连接 QQ-主 邮箱服务器 (497720537@qq.com) ...
[2026-07-08 11:20:04]  正在连接 QQ-备用 邮箱服务器 (shouqianbadavid@qq.com) ...
[2026-07-08 11:20:40]  正在连接 QQ-主 邮箱服务器 (497720537@qq.com) ...
[2026-07-08 11:20:40]  正在连接 QQ-备用 邮箱服务器 (shouqianbadavid@qq.com) ...
[2026-07-08 11:21:16]  正在连接 QQ-主 邮箱服务器 (497720537@qq.com) ...
[2026-07-08 11:21:17]  正在连接 QQ-备用 邮箱服务器 (shouqianbadavid@qq.com) ...
[2026-07-08 11:21:52]  正在连接 QQ-主 邮箱服务器 (497720537@qq.com) ...
[2026-07-08 11:21:53]  正在连接 QQ-备用 邮箱服务器 (shouqianbadavid@qq.com) ...
[2026-07-08 11:22:28]  正在连接 QQ-主 邮箱服务器 (497720537@qq.com) ...
[2026-07-08 11:22:29]  正在连接 QQ-备用 邮箱服务器 (shouqianbadavid@qq.com) ...
[2026-07-08 11:23:04]  正在连接 QQ-主 邮箱服务器 (497720537@qq.com) ...
[2026-07-08 11:23:05]  正在连接 QQ-备用 邮箱服务器 (shouqianbadavid@qq.com) ...
[2026-07-08 11:23:41]  正在连接 QQ-主 邮箱服务器 (497720537@qq.com) ...
[2026-07-08 11:23:41]  正在连接 QQ-备用 邮箱服务器 (shouqianbadavid@qq.com) ...
[2026-07-08 11:24:17]  正在连接 QQ-主 邮箱服务器 (497720537@qq.com) ...
[2026-07-08 11:24:17]  QQ-主 正在解析因子: =?utf-8?b?QWxwaGFQaWxvdCDlrp7ml7bkv6Hlj7cgKGFscGhhX3NpZ25hbF90aHJfMjAyNjA3MDhfMTEyNC5qc29uKSBb5Li7UVEt5a+55aSWXQ==?=
[2026-07-08 11:24:17]  发现表格，共 14 行数据
[2026-07-08 11:24:17]  动态索引映射: ['股票代码', '股票名称', '信号', '当前价格', '量比', '来源过滤']
[2026-07-08 11:24:17]  [行1] 解析成功: SHSE.688102 [斯瑞新材] BUY @ 39.96 (VR:0.13)
[2026-07-08 11:24:17]  [行2] 解析成功: SHSE.688521 [芯原股份] BUY @ 318.92 (VR:0.22)
[2026-07-08 11:24:17]  [行3] 解析成功: SZSE.300852 [四会富仕] BUY @ 59.76 (VR:0.25)
[2026-07-08 11:24:17]  [行4] 解析成功: SZSE.300689 [澄天伟业] BUY @ 70.59 (VR:2.8)
[2026-07-08 11:24:17]  [行5] 解析成功: SZSE.301045 [天禄科技] BUY @ 93.3 (VR:0.38)
[2026-07-08 11:24:17]  [行6] 解析成功: SZSE.300679 [电连技术] SELL @ 56.29 (VR:0.49)
[2026-07-08 11:24:17]  [行7] 解析成功: SZSE.300790 [宇瞳光学] BUY @ 22.7 (VR:0.54)
[2026-07-08 11:24:17]  [行8] 解析成功: SHSE.688102 [斯瑞新材] BUY @ 39.99 (VR:0.4)
[2026-07-08 11:24:17]  [行9] 解析成功: SHSE.688521 [芯原股份] BUY @ 320.28 (VR:0.91)
[2026-07-08 11:24:17]  [行10] 解析成功: SZSE.300852 [四会富仕] BUY @ 59.99 (VR:0.16)
[2026-07-08 11:24:17]  [行11] 解析成功: SZSE.300689 [澄天伟业] BUY @ 70.63 (VR:0.85)
[2026-07-08 11:24:17]  [行12] 解析成功: SZSE.301045 [天禄科技] BUY @ 93.5 (VR:0.07)
[2026-07-08 11:24:17]  [行13] 解析成功: SZSE.300679 [电连技术] SELL @ 56.21 (VR:0.48)
[2026-07-08 11:24:17]  [行14] 解析成功: SZSE.300790 [宇瞳光学] BUY @ 22.81 (VR:0.07)
[2026-07-08 11:24:17] 成功保存 14 条因子至: signal_batch_20260708_112417_624565.txt
[2026-07-08 11:24:17]  QQ-主 邮件 5280 处理完成
[2026-07-08 11:24:17]  QQ-主 本轮共成功处理 1 封有效信号邮件
[2026-07-08 11:24:17]  正在连接 QQ-备用 邮箱服务器 (shouqianbadavid@qq.com) ...
[2026-07-08 11:24:53]  正在连接 QQ-主 邮箱服务器 (497720537@qq.com) ...
[2026-07-08 11:24:53]  正在连接 QQ-备用 邮箱服务器 (shouqianbadavid@qq.com) ...
[2026-07-08 11:24:54]  QQ-备用 正在解析因子: =?utf-8?b?QWxwaGFQaWxvdCDlpIfku73kv6Hlj7cgKGFscGhhX3NpZ25hbF90aHJfMjAyNjA3MDhfMTEyNC5qc29uKSBb5aSHUVEt6Ieq5L+dXQ==?=
[2026-07-08 11:24:54]  发现表格，共 14 行数据
[2026-07-08 11:24:54]  动态索引映射: ['股票代码', '股票名称', '信号', '当前价格', '量比', '来源过滤']
[2026-07-08 11:24:54]  [行1] 解析成功: SHSE.688102 [斯瑞新材] BUY @ 39.96 (VR:0.13)
[2026-07-08 11:24:54]  [行2] 解析成功: SHSE.688521 [芯原股份] BUY @ 318.92 (VR:0.22)
[2026-07-08 11:24:54]  [行3] 解析成功: SZSE.300852 [四会富仕] BUY @ 59.76 (VR:0.25)
[2026-07-08 11:24:54]  [行4] 解析成功: SZSE.300689 [澄天伟业] BUY @ 70.59 (VR:2.8)
[2026-07-08 11:24:54]  [行5] 解析成功: SZSE.301045 [天禄科技] BUY @ 93.3 (VR:0.38)
[2026-07-08 11:24:54]  [行6] 解析成功: SZSE.300679 [电连技术] SELL @ 56.29 (VR:0.49)
[2026-07-08 11:24:54]  [行7] 解析成功: SZSE.300790 [宇瞳光学] BUY @ 22.7 (VR:0.54)
[2026-07-08 11:24:54]  [行8] 解析成功: SHSE.688102 [斯瑞新材] BUY @ 39.99 (VR:0.4)
[2026-07-08 11:24:54]  [行9] 解析成功: SHSE.688521 [芯原股份] BUY @ 320.28 (VR:0.91)
[2026-07-08 11:24:54]  [行10] 解析成功: SZSE.300852 [四会富仕] BUY @ 59.99 (VR:0.16)
[2026-07-08 11:24:54]  [行11] 解析成功: SZSE.300689 [澄天伟业] BUY @ 70.63 (VR:0.85)
[2026-07-08 11:24:54]  [行12] 解析成功: SZSE.301045 [天禄科技] BUY @ 93.5 (VR:0.07)
[2026-07-08 11:24:54]  [行13] 解析成功: SZSE.300679 [电连技术] SELL @ 56.21 (VR:0.48)
[2026-07-08 11:24:54]  [行14] 解析成功: SZSE.300790 [宇瞳光学] BUY @ 22.81 (VR:0.07)
[2026-07-08 11:24:54] 成功保存 14 条因子至: signal_batch_20260708_112454_600743.txt
[2026-07-08 11:24:54]  QQ-备用 邮件 3013 处理完成
[2026-07-08 11:24:54]  QQ-备用 本轮共成功处理 1 封有效信号邮件
[2026-07-08 11:25:29]  正在连接 QQ-主 邮箱服务器 (497720537@qq.com) ...
[2026-07-08 11:25:30]  正在连接 QQ-备用 邮箱服务器 (shouqianbadavid@qq.com) ...
[2026-07-08 11:26:05]  正在连接 QQ-主 邮箱服务器 (497720537@qq.com) ...
[2026-07-08 11:26:06]  正在连接 QQ-备用 邮箱服务器 (shouqianbadavid@qq.com) ...
[2026-07-08 11:26:41]  正在连接 QQ-主 邮箱服务器 (497720537@qq.com) ...
[2026-07-08 11:26:42]  正在连接 QQ-备用 邮箱服务器 (shouqianbadavid@qq.com) ...
[2026-07-08 11:27:18]  正在连接 QQ-主 邮箱服务器 (497720537@qq.com) ...
[2026-07-08 11:27:18]  正在连接 QQ-备用 邮箱服务器 (shouqianbadavid@qq.com) ...
[2026-07-08 11:27:54]  正在连接 QQ-主 邮箱服务器 (497720537@qq.com) ...
[2026-07-08 11:27:55]  正在连接 QQ-备用 邮箱服务器 (shouqianbadavid@qq.com) ...
[2026-07-08 11:28:30]  正在连接 QQ-主 邮箱服务器 (497720537@qq.com) ...
[2026-07-08 11:28:30]  正在连接 QQ-备用 邮箱服务器 (shouqianbadavid@qq.com) ...
[2026-07-08 11:29:06]  正在连接 QQ-主 邮箱服务器 (497720537@qq.com) ...
[2026-07-08 11:29:06]  正在连接 QQ-备用 邮箱服务器 (shouqianbadavid@qq.com) ...
[2026-07-08 11:29:42]  正在连接 QQ-主 邮箱服务器 (497720537@qq.com) ...
[2026-07-08 11:29:42]  正在连接 QQ-备用 邮箱服务器 (shouqianbadavid@qq.com) ...
[2026-07-08 11:30:18]  正在连接 QQ-主 邮箱服务器 (497720537@qq.com) ...
[2026-07-08 11:30:18]  正在连接 QQ-备用 邮箱服务器 (shouqianbadavid@qq.com) ...
[2026-07-08 11:30:54]  正在连接 QQ-主 邮箱服务器 (497720537@qq.com) ...
[2026-07-08 11:30:54]  QQ-主 正在解析因子: =?utf-8?b?QWxwaGFQaWxvdCDlrp7ml7bkv6Hlj7cgKGFscGhhX3NpZ25hbF90aHJfMjAyNjA3MDhfMTEzMC5qc29uKSBb5Li7UVEt5a+55aSWXQ==?=
[2026-07-08 11:30:54]  发现表格，共 8 行数据
[2026-07-08 11:30:54]  动态索引映射: ['股票代码', '股票名称', '信号', '当前价格', '量比', '来源过滤']
[2026-07-08 11:30:54]  [行1] 解析成功: SHSE.600353 [旭光电子] BUY @ 38.77 (VR:0.65)
[2026-07-08 11:30:54]  [行2] 解析成功: SZSE.300666 [江丰电子] SELL @ 346.0 (VR:2.47)
[2026-07-08 11:30:54]  [行3] 解析成功: SZSE.300037 [新宙邦] BUY @ 80.23 (VR:0.72)
[2026-07-08 11:30:54]  [行4] 解析成功: SZSE.300868 [杰美特] BUY @ 134.36 (VR:0.72)
[2026-07-08 11:30:54]  [行5] 解析成功: SHSE.600353 [旭光电子] BUY @ 38.88 (VR:0.18)
[2026-07-08 11:30:54]  [行6] 解析成功: SZSE.300666 [江丰电子] SELL @ 344.9 (VR:2.69)
[2026-07-08 11:30:54]  [行7] 解析成功: SZSE.300037 [新宙邦] BUY @ 80.28 (VR:0.79)
[2026-07-08 11:30:54]  [行8] 解析成功: SZSE.300868 [杰美特] BUY @ 135.01 (VR:3.5)
[2026-07-08 11:30:54] 成功保存 8 条因子至: signal_batch_20260708_113054_454303.txt
[2026-07-08 11:30:54]  QQ-主 邮件 5281 处理完成
[2026-07-08 11:30:54]  QQ-主 本轮共成功处理 1 封有效信号邮件
[2026-07-08 11:30:54]  正在连接 QQ-备用 邮箱服务器 (shouqianbadavid@qq.com) ...
[2026-07-08 11:31:30]  正在连接 QQ-主 邮箱服务器 (497720537@qq.com) ...
[2026-07-08 11:31:30]  正在连接 QQ-备用 邮箱服务器 (shouqianbadavid@qq.com) ...
[2026-07-08 11:32:05]  正在连接 QQ-主 邮箱服务器 (497720537@qq.com) ...
[2026-07-08 11:32:06]  正在连接 QQ-备用 邮箱服务器 (shouqianbadavid@qq.com) ...
[2026-07-08 11:32:07]  QQ-备用 正在解析因子: =?utf-8?b?QWxwaGFQaWxvdCDlpIfku73kv6Hlj7cgKGFscGhhX3NpZ25hbF90aHJfMjAyNjA3MDhfMTEzMC5qc29uKSBb5aSHUVEt6Ieq5L+dXQ==?=
[2026-07-08 11:32:07]  发现表格，共 8 行数据
[2026-07-08 11:32:07]  动态索引映射: ['股票代码', '股票名称', '信号', '当前价格', '量比', '来源过滤']
[2026-07-08 11:32:07]  [行1] 解析成功: SHSE.600353 [旭光电子] BUY @ 38.77 (VR:0.65)
[2026-07-08 11:32:07]  [行2] 解析成功: SZSE.300666 [江丰电子] SELL @ 346.0 (VR:2.47)
[2026-07-08 11:32:07]  [行3] 解析成功: SZSE.300037 [新宙邦] BUY @ 80.23 (VR:0.72)
[2026-07-08 11:32:07]  [行4] 解析成功: SZSE.300868 [杰美特] BUY @ 134.36 (VR:0.72)
[2026-07-08 11:32:07]  [行5] 解析成功: SHSE.600353 [旭光电子] BUY @ 38.88 (VR:0.18)
[2026-07-08 11:32:07]  [行6] 解析成功: SZSE.300666 [江丰电子] SELL @ 344.9 (VR:2.69)
[2026-07-08 11:32:07]  [行7] 解析成功: SZSE.300037 [新宙邦] BUY @ 80.28 (VR:0.79)
[2026-07-08 11:32:07]  [行8] 解析成功: SZSE.300868 [杰美特] BUY @ 135.01 (VR:3.5)
[2026-07-08 11:32:07] 成功保存 8 条因子至: signal_batch_20260708_113207_271703.txt
[2026-07-08 11:32:07]  QQ-备用 邮件 3014 处理完成
[2026-07-08 11:32:07]  QQ-备用 本轮共成功处理 1 封有效信号邮件
[2026-07-08 11:32:42]  正在连接 QQ-主 邮箱服务器 (497720537@qq.com) ...
[2026-07-08 11:32:43]  正在连接 QQ-备用 邮箱服务器 (shouqianbadavid@qq.com) ...
[2026-07-08 11:33:19]  正在连接 QQ-主 邮箱服务器 (497720537@qq.com) ...
[2026-07-08 11:33:19]  正在连接 QQ-备用 邮箱服务器 (shouqianbadavid@qq.com) ...
[2026-07-08 11:33:55]  正在连接 QQ-主 邮箱服务器 (497720537@qq.com) ...
[2026-07-08 11:33:55]  正在连接 QQ-备用 邮箱服务器 (shouqianbadavid@qq.com) ...
[2026-07-08 11:34:31]  正在连接 QQ-主 邮箱服务器 (497720537@qq.com) ...
[2026-07-08 11:34:32]  正在连接 QQ-备用 邮箱服务器 (shouqianbadavid@qq.com) ...
[2026-07-08 11:35:08]  正在连接 QQ-主 邮箱服务器 (497720537@qq.com) ...
[2026-07-08 11:35:09]  正在连接 QQ-备用 邮箱服务器 (shouqianbadavid@qq.com) ...
[2026-07-08 11:35:44]  正在连接 QQ-主 邮箱服务器 (497720537@qq.com) ...
[2026-07-08 11:35:45]  正在连接 QQ-备用 邮箱服务器 (shouqianbadavid@qq.com) ...
[2026-07-08 11:36:21]  正在连接 QQ-主 邮箱服务器 (497720537@qq.com) ...
[2026-07-08 11:36:21]  正在连接 QQ-备用 邮箱服务器 (shouqianbadavid@qq.com) ...
[2026-07-08 11:36:56]  正在连接 QQ-主 邮箱服务器 (497720537@qq.com) ...
[2026-07-08 11:36:57]  正在连接 QQ-备用 邮箱服务器 (shouqianbadavid@qq.com) ...
[2026-07-08 11:37:32]  正在连接 QQ-主 邮箱服务器 (497720537@qq.com) ...
[2026-07-08 11:37:33]  正在连接 QQ-备用 邮箱服务器 (shouqianbadavid@qq.com) ...
[2026-07-08 11:38:09]  正在连接 QQ-主 邮箱服务器 (497720537@qq.com) ...
[2026-07-08 11:38:10]  正在连接 QQ-备用 邮箱服务器 (shouqianbadavid@qq.com) ...
[2026-07-08 11:38:45]  正在连接 QQ-主 邮箱服务器 (497720537@qq.com) ...
[2026-07-08 11:38:46]  正在连接 QQ-备用 邮箱服务器 (shouqianbadavid@qq.com) ...
[2026-07-08 11:39:21]  正在连接 QQ-主 邮箱服务器 (497720537@qq.com) ...
[2026-07-08 11:39:22]  正在连接 QQ-备用 邮箱服务器 (shouqianbadavid@qq.com) ...
[2026-07-08 11:39:58]  正在连接 QQ-主 邮箱服务器 (497720537@qq.com) ...
[2026-07-08 11:39:58]  正在连接 QQ-备用 邮箱服务器 (shouqianbadavid@qq.com) ...
[2026-07-08 11:40:34]  正在连接 QQ-主 邮箱服务器 (497720537@qq.com) ...
[2026-07-08 11:40:34]  正在连接 QQ-备用 邮箱服务器 (shouqianbadavid@qq.com) ...
[2026-07-08 11:41:10]  正在连接 QQ-主 邮箱服务器 (497720537@qq.com) ...
[2026-07-08 11:41:11]  正在连接 QQ-备用 邮箱服务器 (shouqianbadavid@qq.com) ...
[2026-07-08 11:41:46]  正在连接 QQ-主 邮箱服务器 (497720537@qq.com) ...
[2026-07-08 11:41:47]  正在连接 QQ-备用 邮箱服务器 (shouqianbadavid@qq.com) ...
[2026-07-08 11:42:23]  正在连接 QQ-主 邮箱服务器 (497720537@qq.com) ...
[2026-07-08 11:42:23]  正在连接 QQ-备用 邮箱服务器 (shouqianbadavid@qq.com) ...
[2026-07-08 11:42:59]  正在连接 QQ-主 邮箱服务器 (497720537@qq.com) ...
[2026-07-08 11:42:59]  正在连接 QQ-备用 邮箱服务器 (shouqianbadavid@qq.com) ...
[2026-07-08 11:43:35]  正在连接 QQ-主 邮箱服务器 (497720537@qq.com) ...
[2026-07-08 11:43:36]  正在连接 QQ-备用 邮箱服务器 (shouqianbadavid@qq.com) ...
[2026-07-08 11:44:12]  正在连接 QQ-主 邮箱服务器 (497720537@qq.com) ...
[2026-07-08 11:44:12]  正在连接 QQ-备用 邮箱服务器 (shouqianbadavid@qq.com) ...
[2026-07-08 11:44:48]  正在连接 QQ-主 邮箱服务器 (497720537@qq.com) ...
[2026-07-08 11:44:48]  正在连接 QQ-备用 邮箱服务器 (shouqianbadavid@qq.com) ...
[2026-07-08 11:45:24]  正在连接 QQ-主 邮箱服务器 (497720537@qq.com) ...
[2026-07-08 11:45:25]  正在连接 QQ-备用 邮箱服务器 (shouqianbadavid@qq.com) ...
[2026-07-08 11:46:00]  正在连接 QQ-主 邮箱服务器 (497720537@qq.com) ...
[2026-07-08 11:46:01]  正在连接 QQ-备用 邮箱服务器 (shouqianbadavid@qq.com) ...
[2026-07-08 11:46:36]  正在连接 QQ-主 邮箱服务器 (497720537@qq.com) ...
[2026-07-08 11:46:37]  正在连接 QQ-备用 邮箱服务器 (shouqianbadavid@qq.com) ...
[2026-07-08 11:47:12]  正在连接 QQ-主 邮箱服务器 (497720537@qq.com) ...
[2026-07-08 11:47:14]  正在连接 QQ-备用 邮箱服务器 (shouqianbadavid@qq.com) ...
[2026-07-08 11:47:49]  正在连接 QQ-主 邮箱服务器 (497720537@qq.com) ...
[2026-07-08 11:47:50]  正在连接 QQ-备用 邮箱服务器 (shouqianbadavid@qq.com) ...
[2026-07-08 11:48:26]  正在连接 QQ-主 邮箱服务器 (497720537@qq.com) ...
[2026-07-08 11:48:27]  正在连接 QQ-备用 邮箱服务器 (shouqianbadavid@qq.com) ...
[2026-07-08 11:49:02]  正在连接 QQ-主 邮箱服务器 (497720537@qq.com) ...
[2026-07-08 11:49:03]  正在连接 QQ-备用 邮箱服务器 (shouqianbadavid@qq.com) ...
[2026-07-08 11:49:39]  正在连接 QQ-主 邮箱服务器 (497720537@qq.com) ...
[2026-07-08 11:49:39]  正在连接 QQ-备用 邮箱服务器 (shouqianbadavid@qq.com) ...
[2026-07-08 11:50:15]  正在连接 QQ-主 邮箱服务器 (497720537@qq.com) ...
[2026-07-08 11:50:16]  正在连接 QQ-备用 邮箱服务器 (shouqianbadavid@qq.com) ...
[2026-07-08 11:50:51]  正在连接 QQ-主 邮箱服务器 (497720537@qq.com) ...
[2026-07-08 11:50:52]  正在连接 QQ-备用 邮箱服务器 (shouqianbadavid@qq.com) ...
[2026-07-08 11:51:27]  正在连接 QQ-主 邮箱服务器 (497720537@qq.com) ...
[2026-07-08 11:51:28]  正在连接 QQ-备用 邮箱服务器 (shouqianbadavid@qq.com) ...
[2026-07-08 11:52:04]  正在连接 QQ-主 邮箱服务器 (497720537@qq.com) ...
[2026-07-08 11:52:04]  正在连接 QQ-备用 邮箱服务器 (shouqianbadavid@qq.com) ...
[2026-07-08 11:52:40]  正在连接 QQ-主 邮箱服务器 (497720537@qq.com) ...
[2026-07-08 11:52:40]  正在连接 QQ-备用 邮箱服务器 (shouqianbadavid@qq.com) ...
[2026-07-08 11:53:16]  正在连接 QQ-主 邮箱服务器 (497720537@qq.com) ...
[2026-07-08 11:53:16]  正在连接 QQ-备用 邮箱服务器 (shouqianbadavid@qq.com) ...
[2026-07-08 11:53:52]  正在连接 QQ-主 邮箱服务器 (497720537@qq.com) ...
[2026-07-08 11:53:52]  正在连接 QQ-备用 邮箱服务器 (shouqianbadavid@qq.com) ...
[2026-07-08 11:54:28]  正在连接 QQ-主 邮箱服务器 (497720537@qq.com) ...
[2026-07-08 11:54:29]  正在连接 QQ-备用 邮箱服务器 (shouqianbadavid@qq.com) ...
[2026-07-08 11:55:05]  正在连接 QQ-主 邮箱服务器 (497720537@qq.com) ...
[2026-07-08 11:55:05]  正在连接 QQ-备用 邮箱服务器 (shouqianbadavid@qq.com) ...
[2026-07-08 11:55:41]  正在连接 QQ-主 邮箱服务器 (497720537@qq.com) ...
[2026-07-08 11:55:42]  正在连接 QQ-备用 邮箱服务器 (shouqianbadavid@qq.com) ...
[2026-07-08 11:56:17]  正在连接 QQ-主 邮箱服务器 (497720537@qq.com) ...
[2026-07-08 11:56:18]  正在连接 QQ-备用 邮箱服务器 (shouqianbadavid@qq.com) ...
[2026-07-08 11:56:54]  正在连接 QQ-主 邮箱服务器 (497720537@qq.com) ...
[2026-07-08 11:56:55]  正在连接 QQ-备用 邮箱服务器 (shouqianbadavid@qq.com) ...
[2026-07-08 11:57:30]  正在连接 QQ-主 邮箱服务器 (497720537@qq.com) ...
[2026-07-08 11:57:31]  正在连接 QQ-备用 邮箱服务器 (shouqianbadavid@qq.com) ...
[2026-07-08 11:58:07]  正在连接 QQ-主 邮箱服务器 (497720537@qq.com) ...
[2026-07-08 11:58:08]  正在连接 QQ-备用 邮箱服务器 (shouqianbadavid@qq.com) ...
[2026-07-08 11:58:43]  正在连接 QQ-主 邮箱服务器 (497720537@qq.com) ...
[2026-07-08 11:58:44]  正在连接 QQ-备用 邮箱服务器 (shouqianbadavid@qq.com) ...
[2026-07-08 11:59:20]  正在连接 QQ-主 邮箱服务器 (497720537@qq.com) ...
[2026-07-08 11:59:20]  正在连接 QQ-备用 邮箱服务器 (shouqianbadavid@qq.com) ...
[2026-07-08 11:59:56]  正在连接 QQ-主 邮箱服务器 (497720537@qq.com) ...
[2026-07-08 11:59:57]  正在连接 QQ-备用 邮箱服务器 (shouqianbadavid@qq.com) ...
[2026-07-08 12:00:32]  正在连接 QQ-主 邮箱服务器 (497720537@qq.com) ...
[2026-07-08 12:00:33]  正在连接 QQ-备用 邮箱服务器 (shouqianbadavid@qq.com) ...
[2026-07-08 12:01:08]  正在连接 QQ-主 邮箱服务器 (497720537@qq.com) ...
[2026-07-08 12:01:09]  正在连接 QQ-备用 邮箱服务器 (shouqianbadavid@qq.com) ...
[2026-07-08 12:01:44]  正在连接 QQ-主 邮箱服务器 (497720537@qq.com) ...
[2026-07-08 12:01:45]  正在连接 QQ-备用 邮箱服务器 (shouqianbadavid@qq.com) ...
[2026-07-08 12:02:21]  正在连接 QQ-主 邮箱服务器 (497720537@qq.com) ...
[2026-07-08 12:02:22]  正在连接 QQ-备用 邮箱服务器 (shouqianbadavid@qq.com) ...
[2026-07-08 12:02:57]  正在连接 QQ-主 邮箱服务器 (497720537@qq.com) ...
[2026-07-08 12:02:58]  正在连接 QQ-备用 邮箱服务器 (shouqianbadavid@qq.com) ...
[2026-07-08 12:03:34]  正在连接 QQ-主 邮箱服务器 (497720537@qq.com) ...
[2026-07-08 12:03:35]  正在连接 QQ-备用 邮箱服务器 (shouqianbadavid@qq.com) ...
[2026-07-08 12:04:10]  正在连接 QQ-主 邮箱服务器 (497720537@qq.com) ...
[2026-07-08 12:04:11]  正在连接 QQ-备用 邮箱服务器 (shouqianbadavid@qq.com) ...
[2026-07-08 12:04:47]  正在连接 QQ-主 邮箱服务器 (497720537@qq.com) ...
[2026-07-08 12:04:47]  正在连接 QQ-备用 邮箱服务器 (shouqianbadavid@qq.com) ...
[2026-07-08 12:05:23]  正在连接 QQ-主 邮箱服务器 (497720537@qq.com) ...
[2026-07-08 12:05:23]  正在连接 QQ-备用 邮箱服务器 (shouqianbadavid@qq.com) ...
[2026-07-08 12:05:59]  正在连接 QQ-主 邮箱服务器 (497720537@qq.com) ...
[2026-07-08 12:05:59]  正在连接 QQ-备用 邮箱服务器 (shouqianbadavid@qq.com) ...
[2026-07-08 12:06:35]  正在连接 QQ-主 邮箱服务器 (497720537@qq.com) ...
[2026-07-08 12:06:36]  正在连接 QQ-备用 邮箱服务器 (shouqianbadavid@qq.com) ...
[2026-07-08 12:07:12]  正在连接 QQ-主 邮箱服务器 (497720537@qq.com) ...
[2026-07-08 12:07:12]  正在连接 QQ-备用 邮箱服务器 (shouqianbadavid@qq.com) ...
[2026-07-08 12:07:47]  正在连接 QQ-主 邮箱服务器 (497720537@qq.com) ...
[2026-07-08 12:07:48]  正在连接 QQ-备用 邮箱服务器 (shouqianbadavid@qq.com) ...
[2026-07-08 12:08:24]  正在连接 QQ-主 邮箱服务器 (497720537@qq.com) ...
[2026-07-08 12:08:24]  正在连接 QQ-备用 邮箱服务器 (shouqianbadavid@qq.com) ...
[2026-07-08 12:09:00]  正在连接 QQ-主 邮箱服务器 (497720537@qq.com) ...
[2026-07-08 12:09:01]  正在连接 QQ-备用 邮箱服务器 (shouqianbadavid@qq.com) ...
[2026-07-08 12:09:36]  正在连接 QQ-主 邮箱服务器 (497720537@qq.com) ...
[2026-07-08 12:09:37]  正在连接 QQ-备用 邮箱服务器 (shouqianbadavid@qq.com) ...
[2026-07-08 12:10:12]  正在连接 QQ-主 邮箱服务器 (497720537@qq.com) ...
[2026-07-08 12:10:13]  正在连接 QQ-备用 邮箱服务器 (shouqianbadavid@qq.com) ...
[2026-07-08 12:10:49]  正在连接 QQ-主 邮箱服务器 (497720537@qq.com) ...
[2026-07-08 12:10:50]  正在连接 QQ-备用 邮箱服务器 (shouqianbadavid@qq.com) ...
[2026-07-08 12:11:25]  正在连接 QQ-主 邮箱服务器 (497720537@qq.com) ...
[2026-07-08 12:11:26]  正在连接 QQ-备用 邮箱服务器 (shouqianbadavid@qq.com) ...
[2026-07-08 12:12:02]  正在连接 QQ-主 邮箱服务器 (497720537@qq.com) ...
[2026-07-08 12:12:02]  正在连接 QQ-备用 邮箱服务器 (shouqianbadavid@qq.com) ...
[2026-07-08 12:12:38]  正在连接 QQ-主 邮箱服务器 (497720537@qq.com) ...
[2026-07-08 12:12:38]  正在连接 QQ-备用 邮箱服务器 (shouqianbadavid@qq.com) ...
[2026-07-08 12:13:14]  正在连接 QQ-主 邮箱服务器 (497720537@qq.com) ...
[2026-07-08 12:13:15]  正在连接 QQ-备用 邮箱服务器 (shouqianbadavid@qq.com) ...
[2026-07-08 12:13:50]  正在连接 QQ-主 邮箱服务器 (497720537@qq.com) ...
[2026-07-08 12:13:51]  正在连接 QQ-备用 邮箱服务器 (shouqianbadavid@qq.com) ...
[2026-07-08 12:14:27]  正在连接 QQ-主 邮箱服务器 (497720537@qq.com) ...
[2026-07-08 12:14:27]  正在连接 QQ-备用 邮箱服务器 (shouqianbadavid@qq.com) ...
[2026-07-08 12:15:03]  正在连接 QQ-主 邮箱服务器 (497720537@qq.com) ...
[2026-07-08 12:15:03]  正在连接 QQ-备用 邮箱服务器 (shouqianbadavid@qq.com) ...
[2026-07-08 12:15:39]  正在连接 QQ-主 邮箱服务器 (497720537@qq.com) ...
[2026-07-08 12:15:40]  正在连接 QQ-备用 邮箱服务器 (shouqianbadavid@qq.com) ...
[2026-07-08 12:16:16]  正在连接 QQ-主 邮箱服务器 (497720537@qq.com) ...
[2026-07-08 12:16:17]  正在连接 QQ-备用 邮箱服务器 (shouqianbadavid@qq.com) ...
[2026-07-08 12:16:52]  正在连接 QQ-主 邮箱服务器 (497720537@qq.com) ...
[2026-07-08 12:16:53]  正在连接 QQ-备用 邮箱服务器 (shouqianbadavid@qq.com) ...
[2026-07-08 12:17:29]  正在连接 QQ-主 邮箱服务器 (497720537@qq.com) ...
[2026-07-08 12:17:29]  正在连接 QQ-备用 邮箱服务器 (shouqianbadavid@qq.com) ...
[2026-07-08 12:18:05]  正在连接 QQ-主 邮箱服务器 (497720537@qq.com) ...
[2026-07-08 12:18:06]  正在连接 QQ-备用 邮箱服务器 (shouqianbadavid@qq.com) ...
[2026-07-08 12:18:41]  正在连接 QQ-主 邮箱服务器 (497720537@qq.com) ...
[2026-07-08 12:18:42]  正在连接 QQ-备用 邮箱服务器 (shouqianbadavid@qq.com) ...
[2026-07-08 12:19:17]  正在连接 QQ-主 邮箱服务器 (497720537@qq.com) ...
[2026-07-08 12:19:18]  正在连接 QQ-备用 邮箱服务器 (shouqianbadavid@qq.com) ...
[2026-07-08 12:19:53]  正在连接 QQ-主 邮箱服务器 (497720537@qq.com) ...
[2026-07-08 12:19:54]  正在连接 QQ-备用 邮箱服务器 (shouqianbadavid@qq.com) ...
[2026-07-08 12:20:30]  正在连接 QQ-主 邮箱服务器 (497720537@qq.com) ...
[2026-07-08 12:20:30]  正在连接 QQ-备用 邮箱服务器 (shouqianbadavid@qq.com) ...
[2026-07-08 12:21:06]  正在连接 QQ-主 邮箱服务器 (497720537@qq.com) ...
[2026-07-08 12:21:07]  正在连接 QQ-备用 邮箱服务器 (shouqianbadavid@qq.com) ...
[2026-07-08 12:21:42]  正在连接 QQ-主 邮箱服务器 (497720537@qq.com) ...
[2026-07-08 12:21:43]  正在连接 QQ-备用 邮箱服务器 (shouqianbadavid@qq.com) ...
[2026-07-08 12:22:18]  正在连接 QQ-主 邮箱服务器 (497720537@qq.com) ...
[2026-07-08 12:22:19]  正在连接 QQ-备用 邮箱服务器 (shouqianbadavid@qq.com) ...
[2026-07-08 12:22:55]  正在连接 QQ-主 邮箱服务器 (497720537@qq.com) ...
[2026-07-08 12:22:55]  正在连接 QQ-备用 邮箱服务器 (shouqianbadavid@qq.com) ...
[2026-07-08 12:23:31]  正在连接 QQ-主 邮箱服务器 (497720537@qq.com) ...
[2026-07-08 12:23:32]  正在连接 QQ-备用 邮箱服务器 (shouqianbadavid@qq.com) ...
[2026-07-08 12:24:07]  正在连接 QQ-主 邮箱服务器 (497720537@qq.com) ...
[2026-07-08 12:24:08]  正在连接 QQ-备用 邮箱服务器 (shouqianbadavid@qq.com) ...
[2026-07-08 12:24:43]  正在连接 QQ-主 邮箱服务器 (497720537@qq.com) ...
[2026-07-08 12:24:44]  正在连接 QQ-备用 邮箱服务器 (shouqianbadavid@qq.com) ...
[2026-07-08 12:25:20]  正在连接 QQ-主 邮箱服务器 (497720537@qq.com) ...
[2026-07-08 12:25:20]  正在连接 QQ-备用 邮箱服务器 (shouqianbadavid@qq.com) ...
[2026-07-08 12:25:56]  正在连接 QQ-主 邮箱服务器 (497720537@qq.com) ...
[2026-07-08 12:25:57]  正在连接 QQ-备用 邮箱服务器 (shouqianbadavid@qq.com) ...
[2026-07-08 12:26:32]  正在连接 QQ-主 邮箱服务器 (497720537@qq.com) ...
[2026-07-08 12:26:33]  正在连接 QQ-备用 邮箱服务器 (shouqianbadavid@qq.com) ...
[2026-07-08 12:27:08]  正在连接 QQ-主 邮箱服务器 (497720537@qq.com) ...
[2026-07-08 12:27:09]  正在连接 QQ-备用 邮箱服务器 (shouqianbadavid@qq.com) ...
[2026-07-08 12:27:44]  正在连接 QQ-主 邮箱服务器 (497720537@qq.com) ...
[2026-07-08 12:27:45]  正在连接 QQ-备用 邮箱服务器 (shouqianbadavid@qq.com) ...
[2026-07-08 12:28:21]  正在连接 QQ-主 邮箱服务器 (497720537@qq.com) ...
[2026-07-08 12:28:21]  正在连接 QQ-备用 邮箱服务器 (shouqianbadavid@qq.com) ...
[2026-07-08 12:28:57]  正在连接 QQ-主 邮箱服务器 (497720537@qq.com) ...
[2026-07-08 12:28:58]  正在连接 QQ-备用 邮箱服务器 (shouqianbadavid@qq.com) ...
[2026-07-08 12:29:33]  正在连接 QQ-主 邮箱服务器 (497720537@qq.com) ...
[2026-07-08 12:29:34]  正在连接 QQ-备用 邮箱服务器 (shouqianbadavid@qq.com) ...
[2026-07-08 12:30:09]  正在连接 QQ-主 邮箱服务器 (497720537@qq.com) ...
[2026-07-08 12:30:10]  正在连接 QQ-备用 邮箱服务器 (shouqianbadavid@qq.com) ...
[2026-07-08 12:30:46]  正在连接 QQ-主 邮箱服务器 (497720537@qq.com) ...
[2026-07-08 12:30:46]  正在连接 QQ-备用 邮箱服务器 (shouqianbadavid@qq.com) ...
[2026-07-08 12:31:22]  正在连接 QQ-主 邮箱服务器 (497720537@qq.com) ...
[2026-07-08 12:31:22]  正在连接 QQ-备用 邮箱服务器 (shouqianbadavid@qq.com) ...
[2026-07-08 12:31:58]  正在连接 QQ-主 邮箱服务器 (497720537@qq.com) ...
[2026-07-08 12:31:58]  正在连接 QQ-备用 邮箱服务器 (shouqianbadavid@qq.com) ...
[2026-07-08 12:32:34]  正在连接 QQ-主 邮箱服务器 (497720537@qq.com) ...
[2026-07-08 12:32:34]  正在连接 QQ-备用 邮箱服务器 (shouqianbadavid@qq.com) ...
[2026-07-08 12:33:10]  正在连接 QQ-主 邮箱服务器 (497720537@qq.com) ...
[2026-07-08 12:33:10]  正在连接 QQ-备用 邮箱服务器 (shouqianbadavid@qq.com) ...
[2026-07-08 12:33:46]  正在连接 QQ-主 邮箱服务器 (497720537@qq.com) ...
[2026-07-08 12:33:46]  正在连接 QQ-备用 邮箱服务器 (shouqianbadavid@qq.com) ...
[2026-07-08 12:34:22]  正在连接 QQ-主 邮箱服务器 (497720537@qq.com) ...
[2026-07-08 12:34:22]  正在连接 QQ-备用 邮箱服务器 (shouqianbadavid@qq.com) ...
[2026-07-08 12:34:58]  正在连接 QQ-主 邮箱服务器 (497720537@qq.com) ...
[2026-07-08 12:34:59]  正在连接 QQ-备用 邮箱服务器 (shouqianbadavid@qq.com) ...
[2026-07-08 12:35:34]  正在连接 QQ-主 邮箱服务器 (497720537@qq.com) ...
[2026-07-08 12:35:35]  正在连接 QQ-备用 邮箱服务器 (shouqianbadavid@qq.com) ...
[2026-07-08 12:36:11]  正在连接 QQ-主 邮箱服务器 (497720537@qq.com) ...
[2026-07-08 12:36:11]  正在连接 QQ-备用 邮箱服务器 (shouqianbadavid@qq.com) ...
[2026-07-08 12:36:47]  正在连接 QQ-主 邮箱服务器 (497720537@qq.com) ...
[2026-07-08 12:36:47]  正在连接 QQ-备用 邮箱服务器 (shouqianbadavid@qq.com) ...
[2026-07-08 12:37:23]  正在连接 QQ-主 邮箱服务器 (497720537@qq.com) ...
[2026-07-08 12:37:24]  正在连接 QQ-备用 邮箱服务器 (shouqianbadavid@qq.com) ...
[2026-07-08 12:37:59]  正在连接 QQ-主 邮箱服务器 (497720537@qq.com) ...
[2026-07-08 12:38:00]  正在连接 QQ-备用 邮箱服务器 (shouqianbadavid@qq.com) ...
[2026-07-08 12:38:36]  正在连接 QQ-主 邮箱服务器 (497720537@qq.com) ...
[2026-07-08 12:38:36]  正在连接 QQ-备用 邮箱服务器 (shouqianbadavid@qq.com) ...
[2026-07-08 12:39:12]  正在连接 QQ-主 邮箱服务器 (497720537@qq.com) ...
[2026-07-08 12:39:12]  正在连接 QQ-备用 邮箱服务器 (shouqianbadavid@qq.com) ...
[2026-07-08 12:39:48]  正在连接 QQ-主 邮箱服务器 (497720537@qq.com) ...
[2026-07-08 12:39:48]  正在连接 QQ-备用 邮箱服务器 (shouqianbadavid@qq.com) ...
[2026-07-08 12:40:24]  正在连接 QQ-主 邮箱服务器 (497720537@qq.com) ...
[2026-07-08 12:40:25]  正在连接 QQ-备用 邮箱服务器 (shouqianbadavid@qq.com) ...
[2026-07-08 12:41:01]  正在连接 QQ-主 邮箱服务器 (497720537@qq.com) ...
[2026-07-08 12:41:01]  正在连接 QQ-备用 邮箱服务器 (shouqianbadavid@qq.com) ...
[2026-07-08 12:41:37]  正在连接 QQ-主 邮箱服务器 (497720537@qq.com) ...
[2026-07-08 12:41:38]  正在连接 QQ-备用 邮箱服务器 (shouqianbadavid@qq.com) ...
[2026-07-08 12:42:13]  正在连接 QQ-主 邮箱服务器 (497720537@qq.com) ...
[2026-07-08 12:42:14]  正在连接 QQ-备用 邮箱服务器 (shouqianbadavid@qq.com) ...
[2026-07-08 12:42:50]  正在连接 QQ-主 邮箱服务器 (497720537@qq.com) ...
[2026-07-08 12:42:50]  正在连接 QQ-备用 邮箱服务器 (shouqianbadavid@qq.com) ...
[2026-07-08 12:43:26]  正在连接 QQ-主 邮箱服务器 (497720537@qq.com) ...
[2026-07-08 12:43:26]  正在连接 QQ-备用 邮箱服务器 (shouqianbadavid@qq.com) ...
[2026-07-08 12:44:02]  正在连接 QQ-主 邮箱服务器 (497720537@qq.com) ...
[2026-07-08 12:44:02]  正在连接 QQ-备用 邮箱服务器 (shouqianbadavid@qq.com) ...
[2026-07-08 12:44:38]  正在连接 QQ-主 邮箱服务器 (497720537@qq.com) ...
[2026-07-08 12:44:39]  正在连接 QQ-备用 邮箱服务器 (shouqianbadavid@qq.com) ...
[2026-07-08 12:45:14]  正在连接 QQ-主 邮箱服务器 (497720537@qq.com) ...
[2026-07-08 12:45:15]  正在连接 QQ-备用 邮箱服务器 (shouqianbadavid@qq.com) ...
[2026-07-08 12:45:51]  正在连接 QQ-主 邮箱服务器 (497720537@qq.com) ...
[2026-07-08 12:45:51]  正在连接 QQ-备用 邮箱服务器 (shouqianbadavid@qq.com) ...
[2026-07-08 12:46:27]  正在连接 QQ-主 邮箱服务器 (497720537@qq.com) ...
[2026-07-08 12:46:27]  正在连接 QQ-备用 邮箱服务器 (shouqianbadavid@qq.com) ...
[2026-07-08 12:47:03]  正在连接 QQ-主 邮箱服务器 (497720537@qq.com) ...
[2026-07-08 12:47:04]  正在连接 QQ-备用 邮箱服务器 (shouqianbadavid@qq.com) ...
[2026-07-08 12:47:39]  正在连接 QQ-主 邮箱服务器 (497720537@qq.com) ...
[2026-07-08 12:47:40]  正在连接 QQ-备用 邮箱服务器 (shouqianbadavid@qq.com) ...
[2026-07-08 12:48:16]  正在连接 QQ-主 邮箱服务器 (497720537@qq.com) ...
[2026-07-08 12:48:16]  正在连接 QQ-备用 邮箱服务器 (shouqianbadavid@qq.com) ...
[2026-07-08 12:48:52]  正在连接 QQ-主 邮箱服务器 (497720537@qq.com) ...
[2026-07-08 12:48:53]  正在连接 QQ-备用 邮箱服务器 (shouqianbadavid@qq.com) ...
[2026-07-08 12:49:28]  正在连接 QQ-主 邮箱服务器 (497720537@qq.com) ...
[2026-07-08 12:49:29]  正在连接 QQ-备用 邮箱服务器 (shouqianbadavid@qq.com) ...
[2026-07-08 12:50:05]  正在连接 QQ-主 邮箱服务器 (497720537@qq.com) ...
[2026-07-08 12:50:05]  正在连接 QQ-备用 邮箱服务器 (shouqianbadavid@qq.com) ...
[2026-07-08 12:50:41]  正在连接 QQ-主 邮箱服务器 (497720537@qq.com) ...
[2026-07-08 12:50:42]  正在连接 QQ-备用 邮箱服务器 (shouqianbadavid@qq.com) ...
[2026-07-08 12:51:17]  正在连接 QQ-主 邮箱服务器 (497720537@qq.com) ...
[2026-07-08 12:51:18]  正在连接 QQ-备用 邮箱服务器 (shouqianbadavid@qq.com) ...
[2026-07-08 12:51:53]  正在连接 QQ-主 邮箱服务器 (497720537@qq.com) ...
[2026-07-08 12:51:54]  正在连接 QQ-备用 邮箱服务器 (shouqianbadavid@qq.com) ...
[2026-07-08 12:52:30]  正在连接 QQ-主 邮箱服务器 (497720537@qq.com) ...
[2026-07-08 12:52:30]  正在连接 QQ-备用 邮箱服务器 (shouqianbadavid@qq.com) ...
[2026-07-08 12:53:06]  正在连接 QQ-主 邮箱服务器 (497720537@qq.com) ...
[2026-07-08 12:53:06]  正在连接 QQ-备用 邮箱服务器 (shouqianbadavid@qq.com) ...
[2026-07-08 12:53:42]  正在连接 QQ-主 邮箱服务器 (497720537@qq.com) ...
[2026-07-08 12:53:43]  正在连接 QQ-备用 邮箱服务器 (shouqianbadavid@qq.com) ...
[2026-07-08 12:54:18]  正在连接 QQ-主 邮箱服务器 (497720537@qq.com) ...
[2026-07-08 12:54:19]  正在连接 QQ-备用 邮箱服务器 (shouqianbadavid@qq.com) ...
[2026-07-08 12:54:55]  正在连接 QQ-主 邮箱服务器 (497720537@qq.com) ...
[2026-07-08 12:54:55]  正在连接 QQ-备用 邮箱服务器 (shouqianbadavid@qq.com) ...
[2026-07-08 12:55:31]  正在连接 QQ-主 邮箱服务器 (497720537@qq.com) ...
[2026-07-08 12:55:32]  正在连接 QQ-备用 邮箱服务器 (shouqianbadavid@qq.com) ...
[2026-07-08 12:56:07]  正在连接 QQ-主 邮箱服务器 (497720537@qq.com) ...
[2026-07-08 12:56:08]  正在连接 QQ-备用 邮箱服务器 (shouqianbadavid@qq.com) ...
[2026-07-08 12:56:54]  正在连接 QQ-主 邮箱服务器 (497720537@qq.com) ...
[2026-07-08 12:56:54]  正在连接 QQ-备用 邮箱服务器 (shouqianbadavid@qq.com) ...
[2026-07-08 12:57:30]  正在连接 QQ-主 邮箱服务器 (497720537@qq.com) ...
[2026-07-08 12:57:31]  正在连接 QQ-备用 邮箱服务器 (shouqianbadavid@qq.com) ...
[2026-07-08 12:58:06]  正在连接 QQ-主 邮箱服务器 (497720537@qq.com) ...
[2026-07-08 12:58:07]  正在连接 QQ-备用 邮箱服务器 (shouqianbadavid@qq.com) ...
[2026-07-08 12:58:42]  正在连接 QQ-主 邮箱服务器 (497720537@qq.com) ...
[2026-07-08 12:58:43]  正在连接 QQ-备用 邮箱服务器 (shouqianbadavid@qq.com) ...
[2026-07-08 12:59:19]  正在连接 QQ-主 邮箱服务器 (497720537@qq.com) ...
[2026-07-08 12:59:19]  正在连接 QQ-备用 邮箱服务器 (shouqianbadavid@qq.com) ...
[2026-07-08 12:59:55]  正在连接 QQ-主 邮箱服务器 (497720537@qq.com) ...
[2026-07-08 12:59:55]  正在连接 QQ-备用 邮箱服务器 (shouqianbadavid@qq.com) ...
[2026-07-08 13:00:31]  正在连接 QQ-主 邮箱服务器 (497720537@qq.com) ...
[2026-07-08 13:00:32]  正在连接 QQ-备用 邮箱服务器 (shouqianbadavid@qq.com) ...
[2026-07-08 13:01:07]  正在连接 QQ-主 邮箱服务器 (497720537@qq.com) ...
[2026-07-08 13:01:08]  正在连接 QQ-备用 邮箱服务器 (shouqianbadavid@qq.com) ...
[2026-07-08 13:01:43]  正在连接 QQ-主 邮箱服务器 (497720537@qq.com) ...
[2026-07-08 13:01:44]  正在连接 QQ-备用 邮箱服务器 (shouqianbadavid@qq.com) ...
[2026-07-08 13:02:19]  正在连接 QQ-主 邮箱服务器 (497720537@qq.com) ...
[2026-07-08 13:02:20]  正在连接 QQ-备用 邮箱服务器 (shouqianbadavid@qq.com) ...
[2026-07-08 13:02:55]  正在连接 QQ-主 邮箱服务器 (497720537@qq.com) ...
[2026-07-08 13:02:56]  正在连接 QQ-备用 邮箱服务器 (shouqianbadavid@qq.com) ...
[2026-07-08 13:03:31]  正在连接 QQ-主 邮箱服务器 (497720537@qq.com) ...
[2026-07-08 13:03:31]  正在连接 QQ-备用 邮箱服务器 (shouqianbadavid@qq.com) ...
[2026-07-08 13:04:07]  正在连接 QQ-主 邮箱服务器 (497720537@qq.com) ...
[2026-07-08 13:04:07]  正在连接 QQ-备用 邮箱服务器 (shouqianbadavid@qq.com) ...
[2026-07-08 13:04:43]  正在连接 QQ-主 邮箱服务器 (497720537@qq.com) ...
[2026-07-08 13:04:43]  正在连接 QQ-备用 邮箱服务器 (shouqianbadavid@qq.com) ...
[2026-07-08 13:05:19]  正在连接 QQ-主 邮箱服务器 (497720537@qq.com) ...
[2026-07-08 13:05:20]  正在连接 QQ-备用 邮箱服务器 (shouqianbadavid@qq.com) ...
[2026-07-08 13:05:55]  正在连接 QQ-主 邮箱服务器 (497720537@qq.com) ...
[2026-07-08 13:05:56]  正在连接 QQ-备用 邮箱服务器 (shouqianbadavid@qq.com) ...
[2026-07-08 13:06:32]  正在连接 QQ-主 邮箱服务器 (497720537@qq.com) ...
[2026-07-08 13:06:32]  正在连接 QQ-备用 邮箱服务器 (shouqianbadavid@qq.com) ...
[2026-07-08 13:07:08]  正在连接 QQ-主 邮箱服务器 (497720537@qq.com) ...
[2026-07-08 13:07:08]  正在连接 QQ-备用 邮箱服务器 (shouqianbadavid@qq.com) ...
[2026-07-08 13:07:44]  正在连接 QQ-主 邮箱服务器 (497720537@qq.com) ...
[2026-07-08 13:07:44]  正在连接 QQ-备用 邮箱服务器 (shouqianbadavid@qq.com) ...
[2026-07-08 13:08:20]  正在连接 QQ-主 邮箱服务器 (497720537@qq.com) ...
[2026-07-08 13:08:20]  正在连接 QQ-备用 邮箱服务器 (shouqianbadavid@qq.com) ...
[2026-07-08 13:08:56]  正在连接 QQ-主 邮箱服务器 (497720537@qq.com) ...
[2026-07-08 13:08:57]  正在连接 QQ-备用 邮箱服务器 (shouqianbadavid@qq.com) ...
[2026-07-08 13:09:32]  正在连接 QQ-主 邮箱服务器 (497720537@qq.com) ...
[2026-07-08 13:09:33]  正在连接 QQ-备用 邮箱服务器 (shouqianbadavid@qq.com) ...
[2026-07-08 13:10:09]  正在连接 QQ-主 邮箱服务器 (497720537@qq.com) ...
[2026-07-08 13:10:10]  QQ-主 正在解析因子: =?utf-8?b?QWxwaGFQaWxvdCDlrp7ml7bkv6Hlj7cgKGFscGhhX3NpZ25hbF90aHJfMjAyNjA3MDhfMTMwOS5qc29uKSBb5Li7UVEt5a+55aSWXQ==?=
[2026-07-08 13:10:10]  发现表格，共 10 行数据
[2026-07-08 13:10:10]  动态索引映射: ['股票代码', '股票名称', '信号', '当前价格', '量比', '来源过滤']
[2026-07-08 13:10:10]  [行1] 解析成功: SHSE.600909 [华安证券] SELL @ 9.45 (VR:0.73)
[2026-07-08 13:10:10]  [行2] 解析成功: SZSE.002552 [宝鼎科技] BUY @ 59.05 (VR:1.06)
[2026-07-08 13:10:10]  [行3] 解析成功: SZSE.002643 [万润股份] BUY @ 19.35 (VR:0.77)
[2026-07-08 13:10:10]  [行4] 解析成功: SZSE.002937 [兴瑞科技] BUY @ 43.21 (VR:0.74)
[2026-07-08 13:10:10]  [行5] 解析成功: SZSE.000920 [沃顿科技] SELL @ 11.65 (VR:0.49)
[2026-07-08 13:10:10]  [行6] 解析成功: SHSE.600909 [华安证券] SELL @ 9.42 (VR:0.52)
[2026-07-08 13:10:10]  [行7] 解析成功: SZSE.002552 [宝鼎科技] BUY @ 59.8 (VR:1.17)
[2026-07-08 13:10:10]  [行8] 解析成功: SZSE.002643 [万润股份] BUY @ 19.47 (VR:0.0)
[2026-07-08 13:10:10]  [行9] 解析成功: SZSE.002937 [兴瑞科技] BUY @ 43.55 (VR:1.71)
[2026-07-08 13:10:10]  [行10] 解析成功: SZSE.000920 [沃顿科技] SELL @ 11.63 (VR:0.17)
[2026-07-08 13:10:10] 成功保存 10 条因子至: signal_batch_20260708_131010_243622.txt
[2026-07-08 13:10:10]  QQ-主 邮件 5282 处理完成
[2026-07-08 13:10:10]  QQ-主 本轮共成功处理 1 封有效信号邮件
[2026-07-08 13:10:10]  正在连接 QQ-备用 邮箱服务器 (shouqianbadavid@qq.com) ...
[2026-07-08 13:10:46]  正在连接 QQ-主 邮箱服务器 (497720537@qq.com) ...
[2026-07-08 13:10:46]  正在连接 QQ-备用 邮箱服务器 (shouqianbadavid@qq.com) ...
[2026-07-08 13:11:22]  正在连接 QQ-主 邮箱服务器 (497720537@qq.com) ...
[2026-07-08 13:11:22]  正在连接 QQ-备用 邮箱服务器 (shouqianbadavid@qq.com) ...
[2026-07-08 13:11:23]  QQ-备用 正在解析因子: =?utf-8?b?QWxwaGFQaWxvdCDlpIfku73kv6Hlj7cgKGFscGhhX3NpZ25hbF90aHJfMjAyNjA3MDhfMTMwOS5qc29uKSBb5aSHUVEt6Ieq5L+dXQ==?=
[2026-07-08 13:11:23]  发现表格，共 10 行数据
[2026-07-08 13:11:23]  动态索引映射: ['股票代码', '股票名称', '信号', '当前价格', '量比', '来源过滤']
[2026-07-08 13:11:23]  [行1] 解析成功: SHSE.600909 [华安证券] SELL @ 9.45 (VR:0.73)
[2026-07-08 13:11:23]  [行2] 解析成功: SZSE.002552 [宝鼎科技] BUY @ 59.05 (VR:1.06)
[2026-07-08 13:11:23]  [行3] 解析成功: SZSE.002643 [万润股份] BUY @ 19.35 (VR:0.77)
[2026-07-08 13:11:23]  [行4] 解析成功: SZSE.002937 [兴瑞科技] BUY @ 43.21 (VR:0.74)
[2026-07-08 13:11:23]  [行5] 解析成功: SZSE.000920 [沃顿科技] SELL @ 11.65 (VR:0.49)
[2026-07-08 13:11:23]  [行6] 解析成功: SHSE.600909 [华安证券] SELL @ 9.42 (VR:0.52)
[2026-07-08 13:11:23]  [行7] 解析成功: SZSE.002552 [宝鼎科技] BUY @ 59.8 (VR:1.17)
[2026-07-08 13:11:23]  [行8] 解析成功: SZSE.002643 [万润股份] BUY @ 19.47 (VR:0.0)
[2026-07-08 13:11:23]  [行9] 解析成功: SZSE.002937 [兴瑞科技] BUY @ 43.55 (VR:1.71)
[2026-07-08 13:11:23]  [行10] 解析成功: SZSE.000920 [沃顿科技] SELL @ 11.63 (VR:0.17)
[2026-07-08 13:11:23] 成功保存 10 条因子至: signal_batch_20260708_131123_935278.txt
[2026-07-08 13:11:24]  QQ-备用 邮件 3015 处理完成
[2026-07-08 13:11:24]  QQ-备用 本轮共成功处理 1 封有效信号邮件
[2026-07-08 13:11:59]  正在连接 QQ-主 邮箱服务器 (497720537@qq.com) ...
[2026-07-08 13:12:00]  正在连接 QQ-备用 邮箱服务器 (shouqianbadavid@qq.com) ...
[2026-07-08 13:12:35]  正在连接 QQ-主 邮箱服务器 (497720537@qq.com) ...
[2026-07-08 13:12:36]  正在连接 QQ-备用 邮箱服务器 (shouqianbadavid@qq.com) ...
[2026-07-08 13:13:12]  正在连接 QQ-主 邮箱服务器 (497720537@qq.com) ...
[2026-07-08 13:13:12]  正在连接 QQ-备用 邮箱服务器 (shouqianbadavid@qq.com) ...
[2026-07-08 13:13:48]  正在连接 QQ-主 邮箱服务器 (497720537@qq.com) ...
[2026-07-08 13:13:48]  正在连接 QQ-备用 邮箱服务器 (shouqianbadavid@qq.com) ...
[2026-07-08 13:14:24]  正在连接 QQ-主 邮箱服务器 (497720537@qq.com) ...
[2026-07-08 13:14:25]  正在连接 QQ-备用 邮箱服务器 (shouqianbadavid@qq.com) ...
[2026-07-08 13:15:00]  正在连接 QQ-主 邮箱服务器 (497720537@qq.com) ...
[2026-07-08 13:15:01]  正在连接 QQ-备用 邮箱服务器 (shouqianbadavid@qq.com) ...
[2026-07-08 13:15:36]  正在连接 QQ-主 邮箱服务器 (497720537@qq.com) ...
[2026-07-08 13:15:37]  正在连接 QQ-备用 邮箱服务器 (shouqianbadavid@qq.com) ...
[2026-07-08 13:16:12]  正在连接 QQ-主 邮箱服务器 (497720537@qq.com) ...
[2026-07-08 13:16:13]  正在连接 QQ-备用 邮箱服务器 (shouqianbadavid@qq.com) ...
[2026-07-08 13:16:48]  正在连接 QQ-主 邮箱服务器 (497720537@qq.com) ...
[2026-07-08 13:16:49]  正在连接 QQ-备用 邮箱服务器 (shouqianbadavid@qq.com) ...
[2026-07-08 13:17:24]  正在连接 QQ-主 邮箱服务器 (497720537@qq.com) ...
[2026-07-08 13:17:25]  QQ-主 正在解析因子: =?utf-8?b?QWxwaGFQaWxvdCDlrp7ml7bkv6Hlj7cgKGFscGhhX3NpZ25hbF90aHJfMjAyNjA3MDhfMTMxNi5qc29uKSBb5Li7UVEt5a+55aSWXQ==?=
[2026-07-08 13:17:25]  发现表格，共 12 行数据
[2026-07-08 13:17:25]  动态索引映射: ['股票代码', '股票名称', '信号', '当前价格', '量比', '来源过滤']
[2026-07-08 13:17:25]  [行1] 解析成功: SHSE.688261 [东微半导] SELL @ 94.58 (VR:0.04)
[2026-07-08 13:17:25]  [行2] 解析成功: SZSE.300821 [东岳硅材] BUY @ 26.44 (VR:1.25)
[2026-07-08 13:17:25]  [行3] 解析成功: SZSE.300236 [上海新阳] SELL @ 112.59 (VR:0.67)
[2026-07-08 13:17:25]  [行4] 解析成功: SZSE.300057 [万顺新材] BUY @ 7.95 (VR:0.0)
[2026-07-08 13:17:25]  [行5] 解析成功: SZSE.300162 [雷曼光电] BUY @ 10.66 (VR:0.01)
[2026-07-08 13:17:25]  [行6] 解析成功: SZSE.300184 [力源信息] SELL @ 15.33 (VR:0.46)
[2026-07-08 13:17:25]  [行7] 解析成功: SHSE.688261 [东微半导] SELL @ 94.0 (VR:0.02)
[2026-07-08 13:17:25]  [行8] 解析成功: SZSE.300821 [东岳硅材] BUY @ 26.6 (VR:0.54)
[2026-07-08 13:17:25]  [行9] 解析成功: SZSE.300236 [上海新阳] SELL @ 112.26 (VR:0.33)
[2026-07-08 13:17:25]  [行10] 解析成功: SZSE.300057 [万顺新材] BUY @ 7.96 (VR:0.65)
[2026-07-08 13:17:25]  [行11] 解析成功: SZSE.300162 [雷曼光电] BUY @ 10.67 (VR:0.01)
[2026-07-08 13:17:25]  [行12] 解析成功: SZSE.300184 [力源信息] SELL @ 15.25 (VR:0.7)
[2026-07-08 13:17:25] 成功保存 12 条因子至: signal_batch_20260708_131725_184646.txt
[2026-07-08 13:17:25]  QQ-主 邮件 5283 处理完成
[2026-07-08 13:17:25]  QQ-主 本轮共成功处理 1 封有效信号邮件
[2026-07-08 13:17:25]  正在连接 QQ-备用 邮箱服务器 (shouqianbadavid@qq.com) ...
[2026-07-08 13:18:00]  正在连接 QQ-主 邮箱服务器 (497720537@qq.com) ...
[2026-07-08 13:18:01]  正在连接 QQ-备用 邮箱服务器 (shouqianbadavid@qq.com) ...
[2026-07-08 13:18:37]  正在连接 QQ-主 邮箱服务器 (497720537@qq.com) ...
[2026-07-08 13:18:38]  正在连接 QQ-备用 邮箱服务器 (shouqianbadavid@qq.com) ...
[2026-07-08 13:18:39]  QQ-备用 正在解析因子: =?utf-8?b?QWxwaGFQaWxvdCDlpIfku73kv6Hlj7cgKGFscGhhX3NpZ25hbF90aHJfMjAyNjA3MDhfMTMxNi5qc29uKSBb5aSHUVEt6Ieq5L+dXQ==?=
[2026-07-08 13:18:39]  发现表格，共 12 行数据
[2026-07-08 13:18:39]  动态索引映射: ['股票代码', '股票名称', '信号', '当前价格', '量比', '来源过滤']
[2026-07-08 13:18:39]  [行1] 解析成功: SHSE.688261 [东微半导] SELL @ 94.58 (VR:0.04)
[2026-07-08 13:18:39]  [行2] 解析成功: SZSE.300821 [东岳硅材] BUY @ 26.44 (VR:1.25)
[2026-07-08 13:18:39]  [行3] 解析成功: SZSE.300236 [上海新阳] SELL @ 112.59 (VR:0.67)
[2026-07-08 13:18:39]  [行4] 解析成功: SZSE.300057 [万顺新材] BUY @ 7.95 (VR:0.0)
[2026-07-08 13:18:39]  [行5] 解析成功: SZSE.300162 [雷曼光电] BUY @ 10.66 (VR:0.01)
[2026-07-08 13:18:39]  [行6] 解析成功: SZSE.300184 [力源信息] SELL @ 15.33 (VR:0.46)
[2026-07-08 13:18:39]  [行7] 解析成功: SHSE.688261 [东微半导] SELL @ 94.0 (VR:0.02)
[2026-07-08 13:18:39]  [行8] 解析成功: SZSE.300821 [东岳硅材] BUY @ 26.6 (VR:0.54)
[2026-07-08 13:18:39]  [行9] 解析成功: SZSE.300236 [上海新阳] SELL @ 112.26 (VR:0.33)
[2026-07-08 13:18:39]  [行10] 解析成功: SZSE.300057 [万顺新材] BUY @ 7.96 (VR:0.65)
[2026-07-08 13:18:39]  [行11] 解析成功: SZSE.300162 [雷曼光电] BUY @ 10.67 (VR:0.01)
[2026-07-08 13:18:39]  [行12] 解析成功: SZSE.300184 [力源信息] SELL @ 15.25 (VR:0.7)
[2026-07-08 13:18:39] 成功保存 12 条因子至: signal_batch_20260708_131839_070084.txt
[2026-07-08 13:18:39]  QQ-备用 邮件 3016 处理完成
[2026-07-08 13:18:39]  QQ-备用 本轮共成功处理 1 封有效信号邮件
[2026-07-08 13:19:14]  正在连接 QQ-主 邮箱服务器 (497720537@qq.com) ...
[2026-07-08 13:19:15]  正在连接 QQ-备用 邮箱服务器 (shouqianbadavid@qq.com) ...
[2026-07-08 13:19:51]  正在连接 QQ-主 邮箱服务器 (497720537@qq.com) ...
[2026-07-08 13:19:51]  正在连接 QQ-备用 邮箱服务器 (shouqianbadavid@qq.com) ...
[2026-07-08 13:20:27]  正在连接 QQ-主 邮箱服务器 (497720537@qq.com) ...
[2026-07-08 13:20:27]  正在连接 QQ-备用 邮箱服务器 (shouqianbadavid@qq.com) ...
[2026-07-08 13:21:03]  正在连接 QQ-主 邮箱服务器 (497720537@qq.com) ...
[2026-07-08 13:21:03]  正在连接 QQ-备用 邮箱服务器 (shouqianbadavid@qq.com) ...
[2026-07-08 13:21:39]  正在连接 QQ-主 邮箱服务器 (497720537@qq.com) ...
[2026-07-08 13:21:39]  正在连接 QQ-备用 邮箱服务器 (shouqianbadavid@qq.com) ...
[2026-07-08 13:22:15]  正在连接 QQ-主 邮箱服务器 (497720537@qq.com) ...
[2026-07-08 13:22:15]  正在连接 QQ-备用 邮箱服务器 (shouqianbadavid@qq.com) ...
[2026-07-08 13:22:51]  正在连接 QQ-主 邮箱服务器 (497720537@qq.com) ...
[2026-07-08 13:22:51]  正在连接 QQ-备用 邮箱服务器 (shouqianbadavid@qq.com) ...
[2026-07-08 13:23:27]  正在连接 QQ-主 邮箱服务器 (497720537@qq.com) ...
[2026-07-08 13:23:27]  正在连接 QQ-备用 邮箱服务器 (shouqianbadavid@qq.com) ...
[2026-07-08 13:24:03]  正在连接 QQ-主 邮箱服务器 (497720537@qq.com) ...
[2026-07-08 13:24:04]  正在连接 QQ-备用 邮箱服务器 (shouqianbadavid@qq.com) ...
[2026-07-08 13:24:39]  正在连接 QQ-主 邮箱服务器 (497720537@qq.com) ...
[2026-07-08 13:24:39]  QQ-主 正在解析因子: =?utf-8?b?QWxwaGFQaWxvdCDlrp7ml7bkv6Hlj7cgKGFscGhhX3NpZ25hbF90aHJfMjAyNjA3MDhfMTMyNC5qc29uKSBb5Li7UVEt5a+55aSWXQ==?=
[2026-07-08 13:24:39]  发现表格，共 10 行数据
[2026-07-08 13:24:39]  动态索引映射: ['股票代码', '股票名称', '信号', '当前价格', '量比', '来源过滤']
[2026-07-08 13:24:39]  [行1] 解析成功: SHSE.688286 [敏芯股份] BUY @ 70.07 (VR:0.41)
[2026-07-08 13:24:39]  [行2] 解析成功: SHSE.688249 [晶合集成] SELL @ 60.25 (VR:0.0)
[2026-07-08 13:24:39]  [行3] 解析成功: SHSE.688138 [清溢光电] BUY @ 46.95 (VR:0.37)
[2026-07-08 13:24:39]  [行4] 解析成功: SZSE.301252 [同星科技] BUY @ 36.03 (VR:0.06)
[2026-07-08 13:24:39]  [行5] 解析成功: SZSE.301392 [汇成真空] BUY @ 258.3 (VR:1.37)
[2026-07-08 13:24:39]  [行6] 解析成功: SHSE.688286 [敏芯股份] BUY @ 70.19 (VR:0.56)
[2026-07-08 13:24:39]  [行7] 解析成功: SHSE.688249 [晶合集成] SELL @ 60.18 (VR:0.06)
[2026-07-08 13:24:39]  [行8] 解析成功: SHSE.688138 [清溢光电] BUY @ 47.29 (VR:1.81)
[2026-07-08 13:24:39]  [行9] 解析成功: SZSE.301252 [同星科技] BUY @ 36.13 (VR:0.84)
[2026-07-08 13:24:39]  [行10] 解析成功: SZSE.301392 [汇成真空] BUY @ 258.43 (VR:0.38)
[2026-07-08 13:24:39] 成功保存 10 条因子至: signal_batch_20260708_132439_983797.txt
[2026-07-08 13:24:40]  QQ-主 邮件 5284 处理完成
[2026-07-08 13:24:40]  QQ-主 本轮共成功处理 1 封有效信号邮件
[2026-07-08 13:24:40]  正在连接 QQ-备用 邮箱服务器 (shouqianbadavid@qq.com) ...
[2026-07-08 13:25:15]  正在连接 QQ-主 邮箱服务器 (497720537@qq.com) ...
[2026-07-08 13:25:16]  正在连接 QQ-备用 邮箱服务器 (shouqianbadavid@qq.com) ...
[2026-07-08 13:25:52]  正在连接 QQ-主 邮箱服务器 (497720537@qq.com) ...
[2026-07-08 13:25:52]  正在连接 QQ-备用 邮箱服务器 (shouqianbadavid@qq.com) ...
[2026-07-08 13:25:53]  QQ-备用 正在解析因子: =?utf-8?b?QWxwaGFQaWxvdCDlpIfku73kv6Hlj7cgKGFscGhhX3NpZ25hbF90aHJfMjAyNjA3MDhfMTMyNC5qc29uKSBb5aSHUVEt6Ieq5L+dXQ==?=
[2026-07-08 13:25:53]  发现表格，共 10 行数据
[2026-07-08 13:25:53]  动态索引映射: ['股票代码', '股票名称', '信号', '当前价格', '量比', '来源过滤']
[2026-07-08 13:25:53]  [行1] 解析成功: SHSE.688286 [敏芯股份] BUY @ 70.07 (VR:0.41)
[2026-07-08 13:25:53]  [行2] 解析成功: SHSE.688249 [晶合集成] SELL @ 60.25 (VR:0.0)
[2026-07-08 13:25:53]  [行3] 解析成功: SHSE.688138 [清溢光电] BUY @ 46.95 (VR:0.37)
[2026-07-08 13:25:53]  [行4] 解析成功: SZSE.301252 [同星科技] BUY @ 36.03 (VR:0.06)
[2026-07-08 13:25:53]  [行5] 解析成功: SZSE.301392 [汇成真空] BUY @ 258.3 (VR:1.37)
[2026-07-08 13:25:53]  [行6] 解析成功: SHSE.688286 [敏芯股份] BUY @ 70.19 (VR:0.56)
[2026-07-08 13:25:53]  [行7] 解析成功: SHSE.688249 [晶合集成] SELL @ 60.18 (VR:0.06)
[2026-07-08 13:25:53]  [行8] 解析成功: SHSE.688138 [清溢光电] BUY @ 47.29 (VR:1.81)
[2026-07-08 13:25:53]  [行9] 解析成功: SZSE.301252 [同星科技] BUY @ 36.13 (VR:0.84)
[2026-07-08 13:25:53]  [行10] 解析成功: SZSE.301392 [汇成真空] BUY @ 258.43 (VR:0.38)
[2026-07-08 13:25:53] 成功保存 10 条因子至: signal_batch_20260708_132553_202495.txt
[2026-07-08 13:25:53]  QQ-备用 邮件 3017 处理完成
[2026-07-08 13:25:53]  QQ-备用 本轮共成功处理 1 封有效信号邮件
[2026-07-08 13:26:28]  正在连接 QQ-主 邮箱服务器 (497720537@qq.com) ...
[2026-07-08 13:26:29]  正在连接 QQ-备用 邮箱服务器 (shouqianbadavid@qq.com) ...
[2026-07-08 13:27:05]  正在连接 QQ-主 邮箱服务器 (497720537@qq.com) ...
[2026-07-08 13:27:05]  正在连接 QQ-备用 邮箱服务器 (shouqianbadavid@qq.com) ...
[2026-07-08 13:27:40]  正在连接 QQ-主 邮箱服务器 (497720537@qq.com) ...
[2026-07-08 13:27:41]  正在连接 QQ-备用 邮箱服务器 (shouqianbadavid@qq.com) ...
[2026-07-08 13:28:16]  正在连接 QQ-主 邮箱服务器 (497720537@qq.com) ...
[2026-07-08 13:28:17]  正在连接 QQ-备用 邮箱服务器 (shouqianbadavid@qq.com) ...
[2026-07-08 13:28:53]  正在连接 QQ-主 邮箱服务器 (497720537@qq.com) ...
[2026-07-08 13:28:53]  正在连接 QQ-备用 邮箱服务器 (shouqianbadavid@qq.com) ...
[2026-07-08 13:29:29]  正在连接 QQ-主 邮箱服务器 (497720537@qq.com) ...
[2026-07-08 13:29:30]  正在连接 QQ-备用 邮箱服务器 (shouqianbadavid@qq.com) ...
[2026-07-08 13:30:05]  正在连接 QQ-主 邮箱服务器 (497720537@qq.com) ...
[2026-07-08 13:30:06]  正在连接 QQ-备用 邮箱服务器 (shouqianbadavid@qq.com) ...
[2026-07-08 13:30:41]  正在连接 QQ-主 邮箱服务器 (497720537@qq.com) ...
[2026-07-08 13:30:42]  正在连接 QQ-备用 邮箱服务器 (shouqianbadavid@qq.com) ...
[2026-07-08 13:31:17]  正在连接 QQ-主 邮箱服务器 (497720537@qq.com) ...
[2026-07-08 13:31:18]  正在连接 QQ-备用 邮箱服务器 (shouqianbadavid@qq.com) ...
[2026-07-08 13:31:53]  正在连接 QQ-主 邮箱服务器 (497720537@qq.com) ...
[2026-07-08 13:31:54]  正在连接 QQ-备用 邮箱服务器 (shouqianbadavid@qq.com) ...
[2026-07-08 13:32:29]  正在连接 QQ-主 邮箱服务器 (497720537@qq.com) ...
[2026-07-08 13:32:30]  正在连接 QQ-备用 邮箱服务器 (shouqianbadavid@qq.com) ...
[2026-07-08 13:33:06]  正在连接 QQ-主 邮箱服务器 (497720537@qq.com) ...
[2026-07-08 13:33:06]  QQ-主 正在解析因子: =?utf-8?b?QWxwaGFQaWxvdCDlrp7ml7bkv6Hlj7cgKGFscGhhX3NpZ25hbF90aHJfMjAyNjA3MDhfMTMzMi5qc29uKSBb5Li7UVEt5a+55aSWXQ==?=
[2026-07-08 13:33:06]  发现表格，共 10 行数据
[2026-07-08 13:33:06]  动态索引映射: ['股票代码', '股票名称', '信号', '当前价格', '量比', '来源过滤']
[2026-07-08 13:33:06]  [行1] 解析成功: SHSE.688002 [睿创微纳] SELL @ 156.16 (VR:3.27)
[2026-07-08 13:33:06]  [行2] 解析成功: SHSE.688521 [芯原股份] SELL @ 316.0 (VR:0.25)
[2026-07-08 13:33:06]  [行3] 解析成功: SHSE.688227 [品高股份] BUY @ 94.47 (VR:0.16)
[2026-07-08 13:33:06]  [行4] 解析成功: SZSE.301045 [天禄科技] SELL @ 93.48 (VR:1.42)
[2026-07-08 13:33:06]  [行5] 解析成功: SZSE.300806 [斯迪克] SELL @ 87.29 (VR:0.01)
[2026-07-08 13:33:06]  [行6] 解析成功: SHSE.688002 [睿创微纳] SELL @ 155.31 (VR:0.02)
[2026-07-08 13:33:06]  [行7] 解析成功: SHSE.688521 [芯原股份] SELL @ 315.49 (VR:0.19)
[2026-07-08 13:33:06]  [行8] 解析成功: SHSE.688227 [品高股份] BUY @ 94.68 (VR:0.11)
[2026-07-08 13:33:06]  [行9] 解析成功: SZSE.301045 [天禄科技] SELL @ 93.41 (VR:0.01)
[2026-07-08 13:33:06]  [行10] 解析成功: SZSE.300806 [斯迪克] SELL @ 86.88 (VR:0.05)
[2026-07-08 13:33:06] 成功保存 10 条因子至: signal_batch_20260708_133306_741098.txt
[2026-07-08 13:33:06]  QQ-主 邮件 5285 处理完成
[2026-07-08 13:33:06]  QQ-主 本轮共成功处理 1 封有效信号邮件
[2026-07-08 13:33:06]  正在连接 QQ-备用 邮箱服务器 (shouqianbadavid@qq.com) ...
[2026-07-08 13:33:07]  QQ-备用 正在解析因子: =?utf-8?b?QWxwaGFQaWxvdCDlpIfku73kv6Hlj7cgKGFscGhhX3NpZ25hbF90aHJfMjAyNjA3MDhfMTMzMi5qc29uKSBb5aSHUVEt6Ieq5L+dXQ==?=
[2026-07-08 13:33:07]  发现表格，共 10 行数据
[2026-07-08 13:33:07]  动态索引映射: ['股票代码', '股票名称', '信号', '当前价格', '量比', '来源过滤']
[2026-07-08 13:33:07]  [行1] 解析成功: SHSE.688002 [睿创微纳] SELL @ 156.16 (VR:3.27)
[2026-07-08 13:33:07]  [行2] 解析成功: SHSE.688521 [芯原股份] SELL @ 316.0 (VR:0.25)
[2026-07-08 13:33:07]  [行3] 解析成功: SHSE.688227 [品高股份] BUY @ 94.47 (VR:0.16)
[2026-07-08 13:33:07]  [行4] 解析成功: SZSE.301045 [天禄科技] SELL @ 93.48 (VR:1.42)
[2026-07-08 13:33:07]  [行5] 解析成功: SZSE.300806 [斯迪克] SELL @ 87.29 (VR:0.01)
[2026-07-08 13:33:07]  [行6] 解析成功: SHSE.688002 [睿创微纳] SELL @ 155.31 (VR:0.02)
[2026-07-08 13:33:07]  [行7] 解析成功: SHSE.688521 [芯原股份] SELL @ 315.49 (VR:0.19)
[2026-07-08 13:33:07]  [行8] 解析成功: SHSE.688227 [品高股份] BUY @ 94.68 (VR:0.11)
[2026-07-08 13:33:07]  [行9] 解析成功: SZSE.301045 [天禄科技] SELL @ 93.41 (VR:0.01)
[2026-07-08 13:33:07]  [行10] 解析成功: SZSE.300806 [斯迪克] SELL @ 86.88 (VR:0.05)
[2026-07-08 13:33:07] 成功保存 10 条因子至: signal_batch_20260708_133307_668382.txt
[2026-07-08 13:33:07]  QQ-备用 邮件 3018 处理完成
[2026-07-08 13:33:07]  QQ-备用 本轮共成功处理 1 封有效信号邮件
[2026-07-08 13:33:42]  正在连接 QQ-主 邮箱服务器 (497720537@qq.com) ...
[2026-07-08 13:33:44]  正在连接 QQ-备用 邮箱服务器 (shouqianbadavid@qq.com) ...
[2026-07-08 13:34:19]  正在连接 QQ-主 邮箱服务器 (497720537@qq.com) ...
[2026-07-08 13:34:19]  正在连接 QQ-备用 邮箱服务器 (shouqianbadavid@qq.com) ...
[2026-07-08 13:34:55]  正在连接 QQ-主 邮箱服务器 (497720537@qq.com) ...
[2026-07-08 13:34:55]  正在连接 QQ-备用 邮箱服务器 (shouqianbadavid@qq.com) ...
[2026-07-08 13:35:31]  正在连接 QQ-主 邮箱服务器 (497720537@qq.com) ...
[2026-07-08 13:35:31]  正在连接 QQ-备用 邮箱服务器 (shouqianbadavid@qq.com) ...
[2026-07-08 13:36:07]  正在连接 QQ-主 邮箱服务器 (497720537@qq.com) ...
[2026-07-08 13:36:07]  正在连接 QQ-备用 邮箱服务器 (shouqianbadavid@qq.com) ...
[2026-07-08 13:36:43]  正在连接 QQ-主 邮箱服务器 (497720537@qq.com) ...
[2026-07-08 13:36:43]  正在连接 QQ-备用 邮箱服务器 (shouqianbadavid@qq.com) ...
[2026-07-08 13:37:19]  正在连接 QQ-主 邮箱服务器 (497720537@qq.com) ...
[2026-07-08 13:37:19]  正在连接 QQ-备用 邮箱服务器 (shouqianbadavid@qq.com) ...
[2026-07-08 13:37:55]  正在连接 QQ-主 邮箱服务器 (497720537@qq.com) ...
[2026-07-08 13:37:55]  正在连接 QQ-备用 邮箱服务器 (shouqianbadavid@qq.com) ...
[2026-07-08 13:38:31]  正在连接 QQ-主 邮箱服务器 (497720537@qq.com) ...
[2026-07-08 13:38:31]  正在连接 QQ-备用 邮箱服务器 (shouqianbadavid@qq.com) ...
[2026-07-08 13:39:07]  正在连接 QQ-主 邮箱服务器 (497720537@qq.com) ...
[2026-07-08 13:39:07]  正在连接 QQ-备用 邮箱服务器 (shouqianbadavid@qq.com) ...
[2026-07-08 13:39:43]  正在连接 QQ-主 邮箱服务器 (497720537@qq.com) ...
[2026-07-08 13:39:43]  正在连接 QQ-备用 邮箱服务器 (shouqianbadavid@qq.com) ...
[2026-07-08 14:38:09]  AlphaPilot 监听服务 (Pro 多邮箱版) 启动...
[2026-07-08 14:38:09]  信号保存目录: D:\mpython\signals
[2026-07-08 14:38:09]  日志文件: D:\mpython\logs_receiver\receiver_20260708.log
[2026-07-08 14:38:10]  正在连接 QQ-主 邮箱服务器 (497720537@qq.com) ...
[2026-07-08 14:38:10]  QQ-主 正在解析因子: =?utf-8?b?QWxwaGFQaWxvdCDlrp7ml7bkv6Hlj7cgKGFscGhhX3NpZ25hbF90aHJfMjAyNjA3MDhfMTM1Ni5qc29uKSBb5Li7UVEt5a+55aSWXQ==?=
[2026-07-08 14:38:10]  发现表格，共 25 行数据
[2026-07-08 14:38:10]  动态索引映射: ['股票代码', '股票名称', '信号', '当前价格', '量比', '来源过滤']
[2026-07-08 14:38:10]  [行1] 解析成功: SHSE.603773 [沃格光电] SELL @ 124.24 (VR:0.37)
[2026-07-08 14:38:10]  [行2] 解析成功: SHSE.603618 [杭电股份] BUY @ 37.27 (VR:0.18)
[2026-07-08 14:38:10]  [行3] 解析成功: SHSE.605111 [新洁能] SELL @ 79.01 (VR:0.02)
[2026-07-08 14:38:10]  [行4] 解析成功: SHSE.600259 [中稀有色] BUY @ 89.33 (VR:0.06)
[2026-07-08 14:38:10]  [行5] 解析成功: SHSE.600909 [华安证券] BUY @ 9.26 (VR:0.51)
[2026-07-08 14:38:10]  [行6] 解析成功: SZSE.002552 [宝鼎科技] SELL @ 58.1 (VR:0.01)
[2026-07-08 14:38:10]  [行7] 解析成功: SZSE.003031 [中瓷电子] SELL @ 143.53 (VR:0.01)
[2026-07-08 14:38:10]  [行8] 解析成功: SZSE.002643 [万润股份] SELL @ 19.09 (VR:0.7)
[2026-07-08 14:38:10]  [行9] 解析成功: SZSE.000920 [沃顿科技] SELL @ 11.43 (VR:0.07)
[2026-07-08 14:38:10]  [行10] 解析成功: SZSE.000823 [超声电子] SELL @ 18.81 (VR:0.48)
[2026-07-08 14:38:10]  [行11] 解析成功: SZSE.300607 [拓斯达] SELL @ 38.7 (VR:0.05)
[2026-07-08 14:38:10]  [行12] 解析成功: SZSE.301070 [开勒股份] BUY @ 87.1 (VR:0.05)
[2026-07-08 14:38:10]  [行13] 解析成功: SHSE.603773 [沃格光电] SELL @ 124.04 (VR:0.23)
[2026-07-08 14:38:10]  [行14] 解析成功: SHSE.603618 [杭电股份] BUY @ 37.3 (VR:0.46)
[2026-07-08 14:38:10]  [行15] 解析成功: SHSE.605111 [新洁能] SELL @ 78.77 (VR:0.3)
[2026-07-08 14:38:10]  [行16] 解析成功: SHSE.600259 [中稀有色] SELL @ 89.28 (VR:0.68)
[2026-07-08 14:38:10]  [行17] 解析成功: SHSE.600909 [华安证券] BUY @ 9.27 (VR:1.19)
[2026-07-08 14:38:10]  [行18] 解析成功: SZSE.002552 [宝鼎科技] SELL @ 57.82 (VR:0.48)
[2026-07-08 14:38:10]  [行19] 解析成功: SZSE.003031 [中瓷电子] SELL @ 143.16 (VR:0.2)
[2026-07-08 14:38:10]  [行20] 解析成功: SZSE.002643 [万润股份] SELL @ 19.05 (VR:0.0)
[2026-07-08 14:38:10]  [行21] 解析成功: SZSE.002937 [兴瑞科技] SELL @ 43.05 (VR:0.04)
[2026-07-08 14:38:10]  [行22] 解析成功: SZSE.000920 [沃顿科技] SELL @ 11.41 (VR:1.32)
[2026-07-08 14:38:10]  [行23] 解析成功: SZSE.000823 [超声电子] SELL @ 18.79 (VR:0.67)
[2026-07-08 14:38:10]  [行24] 解析成功: SZSE.300607 [拓斯达] SELL @ 38.7 (VR:0.45)
[2026-07-08 14:38:10]  [行25] 解析成功: SZSE.301070 [开勒股份] SELL @ 87.02 (VR:0.44)
[2026-07-08 14:38:10] 成功保存 25 条因子至: signal_batch_20260708_143810_818465.txt
[2026-07-08 14:38:10]  QQ-主 邮件 5287 处理完成
[2026-07-08 14:38:11]  QQ-主 正在解析因子: =?utf-8?b?QWxwaGFQaWxvdCDlrp7ml7bkv6Hlj7cgKGFscGhhX3NpZ25hbF90aHJfMjAyNjA3MDhfMTQwNy5qc29uKSBb5Li7UVEt5a+55aSWXQ==?=
[2026-07-08 14:38:11]  发现表格，共 15 行数据
[2026-07-08 14:38:11]  动态索引映射: ['股票代码', '股票名称', '信号', '当前价格', '量比', '来源过滤']
[2026-07-08 14:38:11]  [行1] 解析成功: SHSE.688019 [安集科技] BUY @ 316.8 (VR:0.55)
[2026-07-08 14:38:11]  [行2] 解析成功: SZSE.300821 [东岳硅材] SELL @ 26.77 (VR:1.17)
[2026-07-08 14:38:11]  [行3] 解析成功: SZSE.300057 [万顺新材] SELL @ 7.8 (VR:1.34)
[2026-07-08 14:38:11]  [行4] 解析成功: SZSE.300162 [雷曼光电] BUY @ 10.86 (VR:1.45)
[2026-07-08 14:38:11]  [行5] 解析成功: SZSE.300767 [震安科技] BUY @ 21.08 (VR:0.02)
[2026-07-08 14:38:11]  [行6] 解析成功: SZSE.002456 [欧菲光] SELL @ 8.87 (VR:0.16)
[2026-07-08 14:38:11]  [行7] 解析成功: SHSE.688019 [安集科技] BUY @ 317.8 (VR:0.07)
[2026-07-08 14:38:11]  [行8] 解析成功: SHSE.688199 [久日新材] SELL @ 29.07 (VR:0.16)
[2026-07-08 14:38:11]  [行9] 解析成功: SZSE.300136 [信维通信] SELL @ 90.85 (VR:0.25)
[2026-07-08 14:38:11]  [行10] 解析成功: SZSE.300821 [东岳硅材] SELL @ 26.63 (VR:0.35)
[2026-07-08 14:38:11]  [行11] 解析成功: SZSE.300236 [上海新阳] SELL @ 111.9 (VR:0.26)
[2026-07-08 14:38:11]  [行12] 解析成功: SZSE.300057 [万顺新材] SELL @ 7.74 (VR:0.36)
[2026-07-08 14:38:11]  [行13] 解析成功: SZSE.300162 [雷曼光电] SELL @ 10.79 (VR:0.14)
[2026-07-08 14:38:11]  [行14] 解析成功: SZSE.002456 [欧菲光] SELL @ 8.84 (VR:0.81)
[2026-07-08 14:38:11]  [行15] 解析成功: SZSE.002635 [安洁科技] SELL @ 17.97 (VR:0.2)
[2026-07-08 14:38:11] 成功保存 15 条因子至: signal_batch_20260708_143811_218624.txt
[2026-07-08 14:38:11]  QQ-主 邮件 5288 处理完成
[2026-07-08 14:38:11]  QQ-主 正在解析因子: =?utf-8?b?QWxwaGFQaWxvdCDlrp7ml7bkv6Hlj7cgKGFscGhhX3NpZ25hbF90aHJfMjAyNjA3MDhfMTQzMS5qc29uKSBb5Li7UVEt5a+55aSWXQ==?=
[2026-07-08 14:38:11]  发现表格，共 22 行数据
[2026-07-08 14:38:11]  动态索引映射: ['股票代码', '股票名称', '信号', '当前价格', '量比', '来源过滤']
[2026-07-08 14:38:11]  [行1] 解析成功: SHSE.688110 [东芯股份] BUY @ 170.98 (VR:0.65)
[2026-07-08 14:38:11]  [行2] 解析成功: SHSE.688102 [斯瑞新材] BUY @ 38.97 (VR:0.44)
[2026-07-08 14:38:11]  [行3] 解析成功: SHSE.688521 [芯原股份] BUY @ 314.0 (VR:1.13)
[2026-07-08 14:38:11]  [行4] 解析成功: SHSE.688227 [品高股份] BUY @ 95.71 (VR:0.37)
[2026-07-08 14:38:11]  [行5] 解析成功: SZSE.300689 [澄天伟业] BUY @ 70.2 (VR:0.38)
[2026-07-08 14:38:11]  [行6] 解析成功: SZSE.301045 [天禄科技] BUY @ 92.28 (VR:0.09)
[2026-07-08 14:38:11]  [行7] 解析成功: SZSE.300806 [斯迪克] BUY @ 86.15 (VR:0.15)
[2026-07-08 14:38:11]  [行8] 解析成功: SZSE.300679 [电连技术] SELL @ 55.1 (VR:0.24)
[2026-07-08 14:38:11]  [行9] 解析成功: SZSE.300790 [宇瞳光学] BUY @ 22.39 (VR:0.06)
[2026-07-08 14:38:11]  [行10] 解析成功: SZSE.002718 [友邦吊顶] BUY @ 99.35 (VR:0.47)
[2026-07-08 14:38:11]  [行11] 解析成功: SZSE.001339 [智微智能] BUY @ 97.19 (VR:0.64)
[2026-07-08 14:38:11]  [行12] 解析成功: SHSE.688110 [东芯股份] BUY @ 172.31 (VR:1.3)
[2026-07-08 14:38:11]  [行13] 解析成功: SHSE.688665 [四方光电] SELL @ 55.63 (VR:0.02)
[2026-07-08 14:38:11]  [行14] 解析成功: SHSE.688002 [睿创微纳] SELL @ 155.13 (VR:0.07)
[2026-07-08 14:38:11]  [行15] 解析成功: SHSE.688227 [品高股份] BUY @ 95.99 (VR:0.12)
[2026-07-08 14:38:11]  [行16] 解析成功: SZSE.300852 [四会富仕] BUY @ 58.2 (VR:0.05)
[2026-07-08 14:38:11]  [行17] 解析成功: SZSE.300689 [澄天伟业] BUY @ 70.28 (VR:1.11)
[2026-07-08 14:38:11]  [行18] 解析成功: SZSE.301045 [天禄科技] BUY @ 92.28 (VR:0.27)
[2026-07-08 14:38:11]  [行19] 解析成功: SZSE.300806 [斯迪克] BUY @ 86.22 (VR:0.04)
[2026-07-08 14:38:11]  [行20] 解析成功: SZSE.300679 [电连技术] SELL @ 54.96 (VR:0.01)
[2026-07-08 14:38:11]  [行21] 解析成功: SZSE.301013 [利和兴] BUY @ 63.3 (VR:0.44)
[2026-07-08 14:38:11]  [行22] 解析成功: SZSE.001339 [智微智能] BUY @ 97.21 (VR:0.12)
[2026-07-08 14:38:11] 成功保存 22 条因子至: signal_batch_20260708_143811_488412.txt
[2026-07-08 14:38:11]  QQ-主 邮件 5289 处理完成
[2026-07-08 14:38:11]  QQ-主 正在解析因子: =?utf-8?b?QWxwaGFQaWxvdCDlrp7ml7bkv6Hlj7cgKGFscGhhX3NpZ25hbF90aHJfMjAyNjA3MDhfMTQzNy5qc29uKSBb5Li7UVEt5a+55aSWXQ==?=
[2026-07-08 14:38:11]  发现表格，共 6 行数据
[2026-07-08 14:38:11]  动态索引映射: ['股票代码', '股票名称', '信号', '当前价格', '量比', '来源过滤']
[2026-07-08 14:38:11]  [行1] 解析成功: SHSE.600353 [旭光电子] SELL @ 37.13 (VR:0.89)
[2026-07-08 14:38:11]  [行2] 解析成功: SZSE.300666 [江丰电子] BUY @ 337.44 (VR:0.09)
[2026-07-08 14:38:11]  [行3] 解析成功: SZSE.300868 [杰美特] BUY @ 125.51 (VR:5.03)
[2026-07-08 14:38:11]  [行4] 解析成功: SHSE.600353 [旭光电子] SELL @ 37.11 (VR:0.22)
[2026-07-08 14:38:11]  [行5] 解析成功: SZSE.300666 [江丰电子] BUY @ 337.7 (VR:0.07)
[2026-07-08 14:38:11]  [行6] 解析成功: SZSE.300868 [杰美特] BUY @ 126.04 (VR:0.97)
[2026-07-08 14:38:11] 成功保存 6 条因子至: signal_batch_20260708_143811_810730.txt
[2026-07-08 14:38:11]  QQ-主 邮件 5290 处理完成
[2026-07-08 14:38:11]  QQ-主 本轮共成功处理 4 封有效信号邮件
[2026-07-08 14:38:12]  正在连接 QQ-备用 邮箱服务器 (shouqianbadavid@qq.com) ...
[2026-07-08 14:38:12]  QQ-备用 正在解析因子: =?utf-8?b?QWxwaGFQaWxvdCDlpIfku73kv6Hlj7cgKGFscGhhX3NpZ25hbF90aHJfMjAyNjA3MDhfMTM0NS5qc29uKSBb5aSHUVEt6Ieq5L+dXQ==?=
[2026-07-08 14:38:12]  发现表格，共 13 行数据
[2026-07-08 14:38:12]  动态索引映射: ['股票代码', '股票名称', '信号', '当前价格', '量比', '来源过滤']
[2026-07-08 14:38:12]  [行1] 解析成功: SHSE.600353 [旭光电子] BUY @ 37.63 (VR:0.07)
[2026-07-08 14:38:12]  [行2] 解析成功: SHSE.688392 [娇成超声] SELL @ 229.0 (VR:0.01)
[2026-07-08 14:38:12]  [行3] 解析成功: SZSE.300720 [海川智能] SELL @ 99.53 (VR:0.05)
[2026-07-08 14:38:12]  [行4] 解析成功: SZSE.300433 [蓝思科技] SELL @ 48.03 (VR:1.52)
[2026-07-08 14:38:12]  [行5] 解析成功: SZSE.300666 [江丰电子] SELL @ 344.89 (VR:1.37)
[2026-07-08 14:38:12]  [行6] 解析成功: SZSE.000510 [新金路] SELL @ 19.25 (VR:0.26)
[2026-07-08 14:38:12]  [行7] 解析成功: SZSE.300868 [杰美特] BUY @ 130.47 (VR:0.56)
[2026-07-08 14:38:12]  [行8] 解析成功: SHSE.600353 [旭光电子] BUY @ 37.72 (VR:0.07)
[2026-07-08 14:38:12]  [行9] 解析成功: SZSE.300720 [海川智能] SELL @ 99.35 (VR:0.13)
[2026-07-08 14:38:12]  [行10] 解析成功: SZSE.300433 [蓝思科技] SELL @ 47.55 (VR:1.05)
[2026-07-08 14:38:12]  [行11] 解析成功: SZSE.300666 [江丰电子] SELL @ 343.3 (VR:0.89)
[2026-07-08 14:38:12]  [行12] 解析成功: SZSE.000510 [新金路] SELL @ 19.23 (VR:0.49)
[2026-07-08 14:38:12]  [行13] 解析成功: SZSE.300868 [杰美特] BUY @ 130.55 (VR:1.09)
[2026-07-08 14:38:12] 成功保存 13 条因子至: signal_batch_20260708_143812_788149.txt
[2026-07-08 14:38:12]  QQ-备用 邮件 3019 处理完成
[2026-07-08 14:38:13]  QQ-备用 正在解析因子: =?utf-8?b?QWxwaGFQaWxvdCDlpIfku73kv6Hlj7cgKGFscGhhX3NpZ25hbF90aHJfMjAyNjA3MDhfMTM1Ni5qc29uKSBb5aSHUVEt6Ieq5L+dXQ==?=
[2026-07-08 14:38:13]  发现表格，共 25 行数据
[2026-07-08 14:38:13]  动态索引映射: ['股票代码', '股票名称', '信号', '当前价格', '量比', '来源过滤']
[2026-07-08 14:38:13]  [行1] 解析成功: SHSE.603773 [沃格光电] SELL @ 124.24 (VR:0.37)
[2026-07-08 14:38:13]  [行2] 解析成功: SHSE.603618 [杭电股份] BUY @ 37.27 (VR:0.18)
[2026-07-08 14:38:13]  [行3] 解析成功: SHSE.605111 [新洁能] SELL @ 79.01 (VR:0.02)
[2026-07-08 14:38:13]  [行4] 解析成功: SHSE.600259 [中稀有色] BUY @ 89.33 (VR:0.06)
[2026-07-08 14:38:13]  [行5] 解析成功: SHSE.600909 [华安证券] BUY @ 9.26 (VR:0.51)
[2026-07-08 14:38:13]  [行6] 解析成功: SZSE.002552 [宝鼎科技] SELL @ 58.1 (VR:0.01)
[2026-07-08 14:38:13]  [行7] 解析成功: SZSE.003031 [中瓷电子] SELL @ 143.53 (VR:0.01)
[2026-07-08 14:38:13]  [行8] 解析成功: SZSE.002643 [万润股份] SELL @ 19.09 (VR:0.7)
[2026-07-08 14:38:13]  [行9] 解析成功: SZSE.000920 [沃顿科技] SELL @ 11.43 (VR:0.07)
[2026-07-08 14:38:13]  [行10] 解析成功: SZSE.000823 [超声电子] SELL @ 18.81 (VR:0.48)
[2026-07-08 14:38:13]  [行11] 解析成功: SZSE.300607 [拓斯达] SELL @ 38.7 (VR:0.05)
[2026-07-08 14:38:13]  [行12] 解析成功: SZSE.301070 [开勒股份] BUY @ 87.1 (VR:0.05)
[2026-07-08 14:38:13]  [行13] 解析成功: SHSE.603773 [沃格光电] SELL @ 124.04 (VR:0.23)
[2026-07-08 14:38:13]  [行14] 解析成功: SHSE.603618 [杭电股份] BUY @ 37.3 (VR:0.46)
[2026-07-08 14:38:13]  [行15] 解析成功: SHSE.605111 [新洁能] SELL @ 78.77 (VR:0.3)
[2026-07-08 14:38:13]  [行16] 解析成功: SHSE.600259 [中稀有色] SELL @ 89.28 (VR:0.68)
[2026-07-08 14:38:13]  [行17] 解析成功: SHSE.600909 [华安证券] BUY @ 9.27 (VR:1.19)
[2026-07-08 14:38:13]  [行18] 解析成功: SZSE.002552 [宝鼎科技] SELL @ 57.82 (VR:0.48)
[2026-07-08 14:38:13]  [行19] 解析成功: SZSE.003031 [中瓷电子] SELL @ 143.16 (VR:0.2)
[2026-07-08 14:38:13]  [行20] 解析成功: SZSE.002643 [万润股份] SELL @ 19.05 (VR:0.0)
[2026-07-08 14:38:13]  [行21] 解析成功: SZSE.002937 [兴瑞科技] SELL @ 43.05 (VR:0.04)
[2026-07-08 14:38:13]  [行22] 解析成功: SZSE.000920 [沃顿科技] SELL @ 11.41 (VR:1.32)
[2026-07-08 14:38:13]  [行23] 解析成功: SZSE.000823 [超声电子] SELL @ 18.79 (VR:0.67)
[2026-07-08 14:38:13]  [行24] 解析成功: SZSE.300607 [拓斯达] SELL @ 38.7 (VR:0.45)
[2026-07-08 14:38:13]  [行25] 解析成功: SZSE.301070 [开勒股份] SELL @ 87.02 (VR:0.44)
[2026-07-08 14:38:13] 成功保存 25 条因子至: signal_batch_20260708_143813_046977.txt
[2026-07-08 14:38:13]  QQ-备用 邮件 3020 处理完成
[2026-07-08 14:38:13]  QQ-备用 正在解析因子: =?utf-8?b?QWxwaGFQaWxvdCDlpIfku73kv6Hlj7cgKGFscGhhX3NpZ25hbF90aHJfMjAyNjA3MDhfMTQwNy5qc29uKSBb5aSHUVEt6Ieq5L+dXQ==?=
[2026-07-08 14:38:13]  发现表格，共 15 行数据
[2026-07-08 14:38:13]  动态索引映射: ['股票代码', '股票名称', '信号', '当前价格', '量比', '来源过滤']
[2026-07-08 14:38:13]  [行1] 解析成功: SHSE.688019 [安集科技] BUY @ 316.8 (VR:0.55)
[2026-07-08 14:38:13]  [行2] 解析成功: SZSE.300821 [东岳硅材] SELL @ 26.77 (VR:1.17)
[2026-07-08 14:38:13]  [行3] 解析成功: SZSE.300057 [万顺新材] SELL @ 7.8 (VR:1.34)
[2026-07-08 14:38:13]  [行4] 解析成功: SZSE.300162 [雷曼光电] BUY @ 10.86 (VR:1.45)
[2026-07-08 14:38:13]  [行5] 解析成功: SZSE.300767 [震安科技] BUY @ 21.08 (VR:0.02)
[2026-07-08 14:38:13]  [行6] 解析成功: SZSE.002456 [欧菲光] SELL @ 8.87 (VR:0.16)
[2026-07-08 14:38:13]  [行7] 解析成功: SHSE.688019 [安集科技] BUY @ 317.8 (VR:0.07)
[2026-07-08 14:38:13]  [行8] 解析成功: SHSE.688199 [久日新材] SELL @ 29.07 (VR:0.16)
[2026-07-08 14:38:13]  [行9] 解析成功: SZSE.300136 [信维通信] SELL @ 90.85 (VR:0.25)
[2026-07-08 14:38:13]  [行10] 解析成功: SZSE.300821 [东岳硅材] SELL @ 26.63 (VR:0.35)
[2026-07-08 14:38:13]  [行11] 解析成功: SZSE.300236 [上海新阳] SELL @ 111.9 (VR:0.26)
[2026-07-08 14:38:13]  [行12] 解析成功: SZSE.300057 [万顺新材] SELL @ 7.74 (VR:0.36)
[2026-07-08 14:38:13]  [行13] 解析成功: SZSE.300162 [雷曼光电] SELL @ 10.79 (VR:0.14)
[2026-07-08 14:38:13]  [行14] 解析成功: SZSE.002456 [欧菲光] SELL @ 8.84 (VR:0.81)
[2026-07-08 14:38:13]  [行15] 解析成功: SZSE.002635 [安洁科技] SELL @ 17.97 (VR:0.2)
[2026-07-08 14:38:13] 成功保存 15 条因子至: signal_batch_20260708_143813_307611.txt
[2026-07-08 14:38:13]  QQ-备用 邮件 3021 处理完成
[2026-07-08 14:38:13]  QQ-备用 正在解析因子: =?utf-8?b?QWxwaGFQaWxvdCDlpIfku73kv6Hlj7cgKGFscGhhX3NpZ25hbF90aHJfMjAyNjA3MDhfMTQzMS5qc29uKSBb5aSHUVEt6Ieq5L+dXQ==?=
[2026-07-08 14:38:13]  发现表格，共 22 行数据
[2026-07-08 14:38:13]  动态索引映射: ['股票代码', '股票名称', '信号', '当前价格', '量比', '来源过滤']
[2026-07-08 14:38:13]  [行1] 解析成功: SHSE.688110 [东芯股份] BUY @ 170.98 (VR:0.65)
[2026-07-08 14:38:13]  [行2] 解析成功: SHSE.688102 [斯瑞新材] BUY @ 38.97 (VR:0.44)
[2026-07-08 14:38:13]  [行3] 解析成功: SHSE.688521 [芯原股份] BUY @ 314.0 (VR:1.13)
[2026-07-08 14:38:13]  [行4] 解析成功: SHSE.688227 [品高股份] BUY @ 95.71 (VR:0.37)
[2026-07-08 14:38:13]  [行5] 解析成功: SZSE.300689 [澄天伟业] BUY @ 70.2 (VR:0.38)
[2026-07-08 14:38:13]  [行6] 解析成功: SZSE.301045 [天禄科技] BUY @ 92.28 (VR:0.09)
[2026-07-08 14:38:13]  [行7] 解析成功: SZSE.300806 [斯迪克] BUY @ 86.15 (VR:0.15)
[2026-07-08 14:38:13]  [行8] 解析成功: SZSE.300679 [电连技术] SELL @ 55.1 (VR:0.24)
[2026-07-08 14:38:13]  [行9] 解析成功: SZSE.300790 [宇瞳光学] BUY @ 22.39 (VR:0.06)
[2026-07-08 14:38:13]  [行10] 解析成功: SZSE.002718 [友邦吊顶] BUY @ 99.35 (VR:0.47)
[2026-07-08 14:38:13]  [行11] 解析成功: SZSE.001339 [智微智能] BUY @ 97.19 (VR:0.64)
[2026-07-08 14:38:13]  [行12] 解析成功: SHSE.688110 [东芯股份] BUY @ 172.31 (VR:1.3)
[2026-07-08 14:38:13]  [行13] 解析成功: SHSE.688665 [四方光电] SELL @ 55.63 (VR:0.02)
[2026-07-08 14:38:13]  [行14] 解析成功: SHSE.688002 [睿创微纳] SELL @ 155.13 (VR:0.07)
[2026-07-08 14:38:13]  [行15] 解析成功: SHSE.688227 [品高股份] BUY @ 95.99 (VR:0.12)
[2026-07-08 14:38:13]  [行16] 解析成功: SZSE.300852 [四会富仕] BUY @ 58.2 (VR:0.05)
[2026-07-08 14:38:13]  [行17] 解析成功: SZSE.300689 [澄天伟业] BUY @ 70.28 (VR:1.11)
[2026-07-08 14:38:13]  [行18] 解析成功: SZSE.301045 [天禄科技] BUY @ 92.28 (VR:0.27)
[2026-07-08 14:38:13]  [行19] 解析成功: SZSE.300806 [斯迪克] BUY @ 86.22 (VR:0.04)
[2026-07-08 14:38:13]  [行20] 解析成功: SZSE.300679 [电连技术] SELL @ 54.96 (VR:0.01)
[2026-07-08 14:38:13]  [行21] 解析成功: SZSE.301013 [利和兴] BUY @ 63.3 (VR:0.44)
[2026-07-08 14:38:13]  [行22] 解析成功: SZSE.001339 [智微智能] BUY @ 97.21 (VR:0.12)
[2026-07-08 14:38:13] 成功保存 22 条因子至: signal_batch_20260708_143813_577674.txt
[2026-07-08 14:38:13]  QQ-备用 邮件 3022 处理完成
[2026-07-08 14:38:13]  QQ-备用 正在解析因子: =?utf-8?b?QWxwaGFQaWxvdCDlpIfku73kv6Hlj7cgKGFscGhhX3NpZ25hbF90aHJfMjAyNjA3MDhfMTQzNy5qc29uKSBb5aSHUVEt6Ieq5L+dXQ==?=
[2026-07-08 14:38:13]  发现表格，共 6 行数据
[2026-07-08 14:38:13]  动态索引映射: ['股票代码', '股票名称', '信号', '当前价格', '量比', '来源过滤']
[2026-07-08 14:38:13]  [行1] 解析成功: SHSE.600353 [旭光电子] SELL @ 37.13 (VR:0.89)
[2026-07-08 14:38:13]  [行2] 解析成功: SZSE.300666 [江丰电子] BUY @ 337.44 (VR:0.09)
[2026-07-08 14:38:13]  [行3] 解析成功: SZSE.300868 [杰美特] BUY @ 125.51 (VR:5.03)
[2026-07-08 14:38:13]  [行4] 解析成功: SHSE.600353 [旭光电子] SELL @ 37.11 (VR:0.22)
[2026-07-08 14:38:13]  [行5] 解析成功: SZSE.300666 [江丰电子] BUY @ 337.7 (VR:0.07)
[2026-07-08 14:38:13]  [行6] 解析成功: SZSE.300868 [杰美特] BUY @ 126.04 (VR:0.97)
[2026-07-08 14:38:13] 成功保存 6 条因子至: signal_batch_20260708_143813_812776.txt
[2026-07-08 14:38:13]  QQ-备用 邮件 3023 处理完成
[2026-07-08 14:38:13]  QQ-备用 本轮共成功处理 5 封有效信号邮件
[2026-07-08 14:38:49]  正在连接 QQ-主 邮箱服务器 (497720537@qq.com) ...
[2026-07-08 14:38:49]  正在连接 QQ-备用 邮箱服务器 (shouqianbadavid@qq.com) ...
[2026-07-08 14:39:25]  正在连接 QQ-主 邮箱服务器 (497720537@qq.com) ...
[2026-07-08 14:39:26]  正在连接 QQ-备用 邮箱服务器 (shouqianbadavid@qq.com) ...
[2026-07-08 14:40:01]  正在连接 QQ-主 邮箱服务器 (497720537@qq.com) ...
[2026-07-08 14:40:02]  正在连接 QQ-备用 邮箱服务器 (shouqianbadavid@qq.com) ...
[2026-07-08 14:40:38]  正在连接 QQ-主 邮箱服务器 (497720537@qq.com) ...
[2026-07-08 14:40:39]  正在连接 QQ-备用 邮箱服务器 (shouqianbadavid@qq.com) ...
[2026-07-08 14:41:14]  正在连接 QQ-主 邮箱服务器 (497720537@qq.com) ...
[2026-07-08 14:41:15]  正在连接 QQ-备用 邮箱服务器 (shouqianbadavid@qq.com) ...
[2026-07-08 14:41:50]  正在连接 QQ-主 邮箱服务器 (497720537@qq.com) ...
[2026-07-08 14:41:51]  正在连接 QQ-备用 邮箱服务器 (shouqianbadavid@qq.com) ...
[2026-07-08 14:42:26]  正在连接 QQ-主 邮箱服务器 (497720537@qq.com) ...
[2026-07-08 14:42:27]  正在连接 QQ-备用 邮箱服务器 (shouqianbadavid@qq.com) ...
[2026-07-08 14:43:02]  正在连接 QQ-主 邮箱服务器 (497720537@qq.com) ...
[2026-07-08 14:43:03]  正在连接 QQ-备用 邮箱服务器 (shouqianbadavid@qq.com) ...
[2026-07-08 14:43:38]  正在连接 QQ-主 邮箱服务器 (497720537@qq.com) ...
[2026-07-08 14:43:38]  正在连接 QQ-备用 邮箱服务器 (shouqianbadavid@qq.com) ...
[2026-07-08 14:44:14]  正在连接 QQ-主 邮箱服务器 (497720537@qq.com) ...
[2026-07-08 14:44:14]  QQ-主 正在解析因子: =?utf-8?b?QWxwaGFQaWxvdCDlrp7ml7bkv6Hlj7cgKGFscGhhX3NpZ25hbF90aHJfMjAyNjA3MDhfMTQ0My5qc29uKSBb5Li7UVEt5a+55aSWXQ==?=
[2026-07-08 14:44:14]  发现表格，共 12 行数据
[2026-07-08 14:44:14]  动态索引映射: ['股票代码', '股票名称', '信号', '当前价格', '量比', '来源过滤']
[2026-07-08 14:44:14]  [行1] 解析成功: SHSE.603773 [沃格光电] SELL @ 123.6 (VR:0.21)
[2026-07-08 14:44:14]  [行2] 解析成功: SHSE.600909 [华安证券] SELL @ 9.22 (VR:0.13)
[2026-07-08 14:44:14]  [行3] 解析成功: SHSE.600460 [士兰微] SELL @ 46.56 (VR:0.37)
[2026-07-08 14:44:14]  [行4] 解析成功: SZSE.002937 [兴瑞科技] SELL @ 43.02 (VR:0.07)
[2026-07-08 14:44:14]  [行5] 解析成功: SZSE.000920 [沃顿科技] SELL @ 11.41 (VR:0.15)
[2026-07-08 14:44:14]  [行6] 解析成功: SZSE.000823 [超声电子] SELL @ 18.61 (VR:0.23)
[2026-07-08 14:44:14]  [行7] 解析成功: SHSE.603773 [沃格光电] SELL @ 123.43 (VR:0.1)
[2026-07-08 14:44:14]  [行8] 解析成功: SHSE.600909 [华安证券] SELL @ 9.19 (VR:0.94)
[2026-07-08 14:44:14]  [行9] 解析成功: SHSE.600460 [士兰微] SELL @ 46.43 (VR:0.4)
[2026-07-08 14:44:14]  [行10] 解析成功: SZSE.002937 [兴瑞科技] SELL @ 42.98 (VR:0.4)
[2026-07-08 14:44:14]  [行11] 解析成功: SZSE.000920 [沃顿科技] SELL @ 11.4 (VR:0.07)
[2026-07-08 14:44:14]  [行12] 解析成功: SZSE.000823 [超声电子] SELL @ 18.56 (VR:0.33)
[2026-07-08 14:44:15] 成功保存 12 条因子至: signal_batch_20260708_144415_011342.txt
[2026-07-08 14:44:15]  QQ-主 邮件 5291 处理完成
[2026-07-08 14:44:15]  QQ-主 本轮共成功处理 1 封有效信号邮件
[2026-07-08 14:44:15]  正在连接 QQ-备用 邮箱服务器 (shouqianbadavid@qq.com) ...
[2026-07-08 14:44:50]  正在连接 QQ-主 邮箱服务器 (497720537@qq.com) ...
[2026-07-08 14:44:51]  正在连接 QQ-备用 邮箱服务器 (shouqianbadavid@qq.com) ...
[2026-07-08 14:45:26]  正在连接 QQ-主 邮箱服务器 (497720537@qq.com) ...
[2026-07-08 14:45:27]  正在连接 QQ-备用 邮箱服务器 (shouqianbadavid@qq.com) ...
[2026-07-08 14:45:28]  QQ-备用 正在解析因子: =?utf-8?b?QWxwaGFQaWxvdCDlpIfku73kv6Hlj7cgKGFscGhhX3NpZ25hbF90aHJfMjAyNjA3MDhfMTQ0My5qc29uKSBb5aSHUVEt6Ieq5L+dXQ==?=
[2026-07-08 14:45:28]  发现表格，共 12 行数据
[2026-07-08 14:45:28]  动态索引映射: ['股票代码', '股票名称', '信号', '当前价格', '量比', '来源过滤']
[2026-07-08 14:45:28]  [行1] 解析成功: SHSE.603773 [沃格光电] SELL @ 123.6 (VR:0.21)
[2026-07-08 14:45:28]  [行2] 解析成功: SHSE.600909 [华安证券] SELL @ 9.22 (VR:0.13)
[2026-07-08 14:45:28]  [行3] 解析成功: SHSE.600460 [士兰微] SELL @ 46.56 (VR:0.37)
[2026-07-08 14:45:28]  [行4] 解析成功: SZSE.002937 [兴瑞科技] SELL @ 43.02 (VR:0.07)
[2026-07-08 14:45:28]  [行5] 解析成功: SZSE.000920 [沃顿科技] SELL @ 11.41 (VR:0.15)
[2026-07-08 14:45:28]  [行6] 解析成功: SZSE.000823 [超声电子] SELL @ 18.61 (VR:0.23)
[2026-07-08 14:45:28]  [行7] 解析成功: SHSE.603773 [沃格光电] SELL @ 123.43 (VR:0.1)
[2026-07-08 14:45:28]  [行8] 解析成功: SHSE.600909 [华安证券] SELL @ 9.19 (VR:0.94)
[2026-07-08 14:45:28]  [行9] 解析成功: SHSE.600460 [士兰微] SELL @ 46.43 (VR:0.4)
[2026-07-08 14:45:28]  [行10] 解析成功: SZSE.002937 [兴瑞科技] SELL @ 42.98 (VR:0.4)
[2026-07-08 14:45:28]  [行11] 解析成功: SZSE.000920 [沃顿科技] SELL @ 11.4 (VR:0.07)
[2026-07-08 14:45:28]  [行12] 解析成功: SZSE.000823 [超声电子] SELL @ 18.56 (VR:0.33)
[2026-07-08 14:45:28] 成功保存 12 条因子至: signal_batch_20260708_144528_240396.txt
[2026-07-08 14:45:28]  QQ-备用 邮件 3024 处理完成
[2026-07-08 14:45:28]  QQ-备用 本轮共成功处理 1 封有效信号邮件
[2026-07-08 14:46:03]  正在连接 QQ-主 邮箱服务器 (497720537@qq.com) ...
[2026-07-08 14:46:03]  正在连接 QQ-备用 邮箱服务器 (shouqianbadavid@qq.com) ...
[2026-07-08 14:46:39]  正在连接 QQ-主 邮箱服务器 (497720537@qq.com) ...
[2026-07-08 14:46:39]  正在连接 QQ-备用 邮箱服务器 (shouqianbadavid@qq.com) ...
[2026-07-08 14:47:15]  正在连接 QQ-主 邮箱服务器 (497720537@qq.com) ...
[2026-07-08 14:47:15]  正在连接 QQ-备用 邮箱服务器 (shouqianbadavid@qq.com) ...
[2026-07-08 14:47:51]  正在连接 QQ-主 邮箱服务器 (497720537@qq.com) ...
[2026-07-08 14:47:51]  正在连接 QQ-备用 邮箱服务器 (shouqianbadavid@qq.com) ...
[2026-07-08 14:48:27]  正在连接 QQ-主 邮箱服务器 (497720537@qq.com) ...
[2026-07-08 14:48:28]  正在连接 QQ-备用 邮箱服务器 (shouqianbadavid@qq.com) ...
[2026-07-08 14:49:03]  正在连接 QQ-主 邮箱服务器 (497720537@qq.com) ...
[2026-07-08 14:49:04]  正在连接 QQ-备用 邮箱服务器 (shouqianbadavid@qq.com) ...
[2026-07-08 14:49:39]  正在连接 QQ-主 邮箱服务器 (497720537@qq.com) ...
[2026-07-08 14:49:40]  正在连接 QQ-备用 邮箱服务器 (shouqianbadavid@qq.com) ...
[2026-07-08 14:50:15]  正在连接 QQ-主 邮箱服务器 (497720537@qq.com) ...
[2026-07-08 14:50:16]  正在连接 QQ-备用 邮箱服务器 (shouqianbadavid@qq.com) ...
[2026-07-08 14:50:51]  正在连接 QQ-主 邮箱服务器 (497720537@qq.com) ...
[2026-07-08 14:50:52]  QQ-主 正在解析因子: =?utf-8?b?QWxwaGFQaWxvdCDlrp7ml7bkv6Hlj7cgKGFscGhhX3NpZ25hbF90aHJfMjAyNjA3MDhfMTQ1MC5qc29uKSBb5Li7UVEt5a+55aSWXQ==?=
[2026-07-08 14:50:52]  发现表格，共 18 行数据
[2026-07-08 14:50:52]  动态索引映射: ['股票代码', '股票名称', '信号', '当前价格', '量比', '来源过滤']
[2026-07-08 14:50:52]  [行1] 解析成功: SHSE.688019 [安集科技] BUY @ 311.98 (VR:0.32)
[2026-07-08 14:50:52]  [行2] 解析成功: SHSE.688261 [东微半导] SELL @ 93.6 (VR:0.27)
[2026-07-08 14:50:52]  [行3] 解析成功: SZSE.300821 [东岳硅材] SELL @ 26.35 (VR:0.8)
[2026-07-08 14:50:52]  [行4] 解析成功: SZSE.300057 [万顺新材] SELL @ 7.74 (VR:0.83)
[2026-07-08 14:50:52]  [行5] 解析成功: SZSE.300162 [雷曼光电] SELL @ 10.98 (VR:1.3)
[2026-07-08 14:50:52]  [行6] 解析成功: SZSE.300767 [震安科技] SELL @ 21.17 (VR:0.35)
[2026-07-08 14:50:52]  [行7] 解析成功: SZSE.301178 [天亿马] BUY @ 35.89 (VR:0.29)
[2026-07-08 14:50:52]  [行8] 解析成功: SZSE.300184 [力源信息] SELL @ 15.16 (VR:0.18)
[2026-07-08 14:50:52]  [行9] 解析成功: SZSE.002456 [欧菲光] SELL @ 8.81 (VR:0.42)
[2026-07-08 14:50:52]  [行10] 解析成功: SHSE.688019 [安集科技] BUY @ 312.02 (VR:0.13)
[2026-07-08 14:50:52]  [行11] 解析成功: SHSE.688261 [东微半导] SELL @ 93.2 (VR:0.25)
[2026-07-08 14:50:52]  [行12] 解析成功: SZSE.300821 [东岳硅材] SELL @ 26.05 (VR:1.03)
[2026-07-08 14:50:52]  [行13] 解析成功: SZSE.300057 [万顺新材] SELL @ 7.73 (VR:0.19)
[2026-07-08 14:50:52]  [行14] 解析成功: SZSE.300162 [雷曼光电] SELL @ 10.96 (VR:1.13)
[2026-07-08 14:50:52]  [行15] 解析成功: SZSE.300767 [震安科技] SELL @ 21.12 (VR:1.07)
[2026-07-08 14:50:52]  [行16] 解析成功: SZSE.301178 [天亿马] BUY @ 36.04 (VR:0.16)
[2026-07-08 14:50:52]  [行17] 解析成功: SZSE.300184 [力源信息] SELL @ 15.1 (VR:0.54)
[2026-07-08 14:50:52]  [行18] 解析成功: SZSE.002456 [欧菲光] SELL @ 8.76 (VR:1.54)
[2026-07-08 14:50:52] 成功保存 18 条因子至: signal_batch_20260708_145052_477035.txt
[2026-07-08 14:50:52]  QQ-主 邮件 5292 处理完成
[2026-07-08 14:50:52]  QQ-主 本轮共成功处理 1 封有效信号邮件
[2026-07-08 14:50:52]  正在连接 QQ-备用 邮箱服务器 (shouqianbadavid@qq.com) ...
[2026-07-08 14:51:28]  正在连接 QQ-主 邮箱服务器 (497720537@qq.com) ...
[2026-07-08 14:51:29]  正在连接 QQ-备用 邮箱服务器 (shouqianbadavid@qq.com) ...
[2026-07-08 14:52:04]  正在连接 QQ-主 邮箱服务器 (497720537@qq.com) ...
[2026-07-08 14:52:05]  正在连接 QQ-备用 邮箱服务器 (shouqianbadavid@qq.com) ...
[2026-07-08 14:52:40]  正在连接 QQ-主 邮箱服务器 (497720537@qq.com) ...
[2026-07-08 14:52:41]  正在连接 QQ-备用 邮箱服务器 (shouqianbadavid@qq.com) ...
[2026-07-08 14:52:42]  QQ-备用 正在解析因子: =?utf-8?b?QWxwaGFQaWxvdCDlpIfku73kv6Hlj7cgKGFscGhhX3NpZ25hbF90aHJfMjAyNjA3MDhfMTQ1MC5qc29uKSBb5aSHUVEt6Ieq5L+dXQ==?=
[2026-07-08 14:52:42]  发现表格，共 18 行数据
[2026-07-08 14:52:42]  动态索引映射: ['股票代码', '股票名称', '信号', '当前价格', '量比', '来源过滤']
[2026-07-08 14:52:42]  [行1] 解析成功: SHSE.688019 [安集科技] BUY @ 311.98 (VR:0.32)
[2026-07-08 14:52:42]  [行2] 解析成功: SHSE.688261 [东微半导] SELL @ 93.6 (VR:0.27)
[2026-07-08 14:52:42]  [行3] 解析成功: SZSE.300821 [东岳硅材] SELL @ 26.35 (VR:0.8)
[2026-07-08 14:52:42]  [行4] 解析成功: SZSE.300057 [万顺新材] SELL @ 7.74 (VR:0.83)
[2026-07-08 14:52:42]  [行5] 解析成功: SZSE.300162 [雷曼光电] SELL @ 10.98 (VR:1.3)
[2026-07-08 14:52:42]  [行6] 解析成功: SZSE.300767 [震安科技] SELL @ 21.17 (VR:0.35)
[2026-07-08 14:52:42]  [行7] 解析成功: SZSE.301178 [天亿马] BUY @ 35.89 (VR:0.29)
[2026-07-08 14:52:42]  [行8] 解析成功: SZSE.300184 [力源信息] SELL @ 15.16 (VR:0.18)
[2026-07-08 14:52:42]  [行9] 解析成功: SZSE.002456 [欧菲光] SELL @ 8.81 (VR:0.42)
[2026-07-08 14:52:42]  [行10] 解析成功: SHSE.688019 [安集科技] BUY @ 312.02 (VR:0.13)
[2026-07-08 14:52:42]  [行11] 解析成功: SHSE.688261 [东微半导] SELL @ 93.2 (VR:0.25)
[2026-07-08 14:52:42]  [行12] 解析成功: SZSE.300821 [东岳硅材] SELL @ 26.05 (VR:1.03)
[2026-07-08 14:52:42]  [行13] 解析成功: SZSE.300057 [万顺新材] SELL @ 7.73 (VR:0.19)
[2026-07-08 14:52:42]  [行14] 解析成功: SZSE.300162 [雷曼光电] SELL @ 10.96 (VR:1.13)
[2026-07-08 14:52:42]  [行15] 解析成功: SZSE.300767 [震安科技] SELL @ 21.12 (VR:1.07)
[2026-07-08 14:52:42]  [行16] 解析成功: SZSE.301178 [天亿马] BUY @ 36.04 (VR:0.16)
[2026-07-08 14:52:42]  [行17] 解析成功: SZSE.300184 [力源信息] SELL @ 15.1 (VR:0.54)
[2026-07-08 14:52:42]  [行18] 解析成功: SZSE.002456 [欧菲光] SELL @ 8.76 (VR:1.54)
[2026-07-08 14:52:42] 成功保存 18 条因子至: signal_batch_20260708_145242_126736.txt
[2026-07-08 14:52:42]  QQ-备用 邮件 3025 处理完成
[2026-07-08 14:52:42]  QQ-备用 本轮共成功处理 1 封有效信号邮件
[2026-07-08 14:53:17]  正在连接 QQ-主 邮箱服务器 (497720537@qq.com) ...
[2026-07-08 14:53:17]  正在连接 QQ-备用 邮箱服务器 (shouqianbadavid@qq.com) ...
[2026-07-08 14:53:53]  正在连接 QQ-主 邮箱服务器 (497720537@qq.com) ...
[2026-07-08 14:53:54]  正在连接 QQ-备用 邮箱服务器 (shouqianbadavid@qq.com) ...
[2026-07-08 14:54:29]  正在连接 QQ-主 邮箱服务器 (497720537@qq.com) ...
[2026-07-08 14:54:30]  正在连接 QQ-备用 邮箱服务器 (shouqianbadavid@qq.com) ...
[2026-07-08 14:55:06]  正在连接 QQ-主 邮箱服务器 (497720537@qq.com) ...
[2026-07-08 14:55:07]  正在连接 QQ-备用 邮箱服务器 (shouqianbadavid@qq.com) ...
[2026-07-08 14:55:42]  正在连接 QQ-主 邮箱服务器 (497720537@qq.com) ...
[2026-07-08 14:55:43]  正在连接 QQ-备用 邮箱服务器 (shouqianbadavid@qq.com) ...
[2026-07-08 14:56:18]  正在连接 QQ-主 邮箱服务器 (497720537@qq.com) ...
[2026-07-08 14:56:19]  正在连接 QQ-备用 邮箱服务器 (shouqianbadavid@qq.com) ...
[2026-07-08 14:56:55]  正在连接 QQ-主 邮箱服务器 (497720537@qq.com) ...
[2026-07-08 14:56:55]  正在连接 QQ-备用 邮箱服务器 (shouqianbadavid@qq.com) ...
[2026-07-08 14:57:31]  正在连接 QQ-主 邮箱服务器 (497720537@qq.com) ...
[2026-07-08 14:57:31]  QQ-主 正在解析因子: =?utf-8?b?QWxwaGFQaWxvdCDlrp7ml7bkv6Hlj7cgKGFscGhhX3NpZ25hbF90aHJfMjAyNjA3MDhfMTQ1Ni5qc29uKSBb5Li7UVEt5a+55aSWXQ==?=
[2026-07-08 14:57:31]  发现表格，共 12 行数据
[2026-07-08 14:57:31]  动态索引映射: ['股票代码', '股票名称', '信号', '当前价格', '量比', '来源过滤']
[2026-07-08 14:57:31]  [行1] 解析成功: SHSE.688286 [敏芯股份] BUY @ 68.86 (VR:1.15)
[2026-07-08 14:57:31]  [行2] 解析成功: SHSE.688511 [天微电子] SELL @ 27.72 (VR:0.28)
[2026-07-08 14:57:31]  [行3] 解析成功: SHSE.688216 [气派科技] SELL @ 36.45 (VR:0.1)
[2026-07-08 14:57:31]  [行4] 解析成功: SZSE.301252 [同星科技] SELL @ 35.53 (VR:0.1)
[2026-07-08 14:57:31]  [行5] 解析成功: SZSE.301392 [汇成真空] SELL @ 252.54 (VR:0.15)
[2026-07-08 14:57:31]  [行6] 解析成功: SZSE.300088 [长信科技] SELL @ 8.43 (VR:0.56)
[2026-07-08 14:57:31]  [行7] 解析成功: SHSE.688286 [敏芯股份] BUY @ 68.96 (VR:0.85)
[2026-07-08 14:57:31]  [行8] 解析成功: SHSE.688511 [天微电子] SELL @ 27.68 (VR:0.01)
[2026-07-08 14:57:31]  [行9] 解析成功: SHSE.688216 [气派科技] SELL @ 36.25 (VR:0.24)
[2026-07-08 14:57:31]  [行10] 解析成功: SZSE.301252 [同星科技] SELL @ 35.45 (VR:0.16)
[2026-07-08 14:57:31]  [行11] 解析成功: SZSE.301392 [汇成真空] SELL @ 252.05 (VR:0.25)
[2026-07-08 14:57:31]  [行12] 解析成功: SZSE.300088 [长信科技] SELL @ 8.42 (VR:0.61)
[2026-07-08 14:57:31] 成功保存 12 条因子至: signal_batch_20260708_145731_523464.txt
[2026-07-08 14:57:31]  QQ-主 邮件 5293 处理完成
[2026-07-08 14:57:31]  QQ-主 本轮共成功处理 1 封有效信号邮件
[2026-07-08 14:57:31]  正在连接 QQ-备用 邮箱服务器 (shouqianbadavid@qq.com) ...
[2026-07-08 14:57:32]  QQ-备用 正在解析因子: =?utf-8?b?QWxwaGFQaWxvdCDlpIfku73kv6Hlj7cgKGFscGhhX3NpZ25hbF90aHJfMjAyNjA3MDhfMTQ1Ni5qc29uKSBb5aSHUVEt6Ieq5L+dXQ==?=
[2026-07-08 14:57:32]  发现表格，共 12 行数据
[2026-07-08 14:57:32]  动态索引映射: ['股票代码', '股票名称', '信号', '当前价格', '量比', '来源过滤']
[2026-07-08 14:57:32]  [行1] 解析成功: SHSE.688286 [敏芯股份] BUY @ 68.86 (VR:1.15)
[2026-07-08 14:57:32]  [行2] 解析成功: SHSE.688511 [天微电子] SELL @ 27.72 (VR:0.28)
[2026-07-08 14:57:32]  [行3] 解析成功: SHSE.688216 [气派科技] SELL @ 36.45 (VR:0.1)
[2026-07-08 14:57:32]  [行4] 解析成功: SZSE.301252 [同星科技] SELL @ 35.53 (VR:0.1)
[2026-07-08 14:57:32]  [行5] 解析成功: SZSE.301392 [汇成真空] SELL @ 252.54 (VR:0.15)
[2026-07-08 14:57:32]  [行6] 解析成功: SZSE.300088 [长信科技] SELL @ 8.43 (VR:0.56)
[2026-07-08 14:57:32]  [行7] 解析成功: SHSE.688286 [敏芯股份] BUY @ 68.96 (VR:0.85)
[2026-07-08 14:57:32]  [行8] 解析成功: SHSE.688511 [天微电子] SELL @ 27.68 (VR:0.01)
[2026-07-08 14:57:32]  [行9] 解析成功: SHSE.688216 [气派科技] SELL @ 36.25 (VR:0.24)
[2026-07-08 14:57:32]  [行10] 解析成功: SZSE.301252 [同星科技] SELL @ 35.45 (VR:0.16)
[2026-07-08 14:57:32]  [行11] 解析成功: SZSE.301392 [汇成真空] SELL @ 252.05 (VR:0.25)
[2026-07-08 14:57:32]  [行12] 解析成功: SZSE.300088 [长信科技] SELL @ 8.42 (VR:0.61)
[2026-07-08 14:57:32] 成功保存 12 条因子至: signal_batch_20260708_145732_840777.txt
[2026-07-08 14:57:32]  QQ-备用 邮件 3026 处理完成
[2026-07-08 14:57:32]  QQ-备用 本轮共成功处理 1 封有效信号邮件
[2026-07-08 14:58:08]  正在连接 QQ-主 邮箱服务器 (497720537@qq.com) ...
[2026-07-08 14:58:08]  正在连接 QQ-备用 邮箱服务器 (shouqianbadavid@qq.com) ...
[2026-07-08 14:58:44]  正在连接 QQ-主 邮箱服务器 (497720537@qq.com) ...
[2026-07-08 14:58:45]  正在连接 QQ-备用 邮箱服务器 (shouqianbadavid@qq.com) ...
[2026-07-08 14:59:21]  正在连接 QQ-主 邮箱服务器 (497720537@qq.com) ...
[2026-07-08 14:59:22]  正在连接 QQ-备用 邮箱服务器 (shouqianbadavid@qq.com) ...
[2026-07-08 14:59:58]  正在连接 QQ-主 邮箱服务器 (497720537@qq.com) ...
[2026-07-08 14:59:59]  正在连接 QQ-备用 邮箱服务器 (shouqianbadavid@qq.com) ...
[2026-07-08 15:00:34]  正在连接 QQ-主 邮箱服务器 (497720537@qq.com) ...
[2026-07-08 15:00:35]  正在连接 QQ-备用 邮箱服务器 (shouqianbadavid@qq.com) ...
[2026-07-08 15:01:11]  正在连接 QQ-主 邮箱服务器 (497720537@qq.com) ...
[2026-07-08 15:01:11]  正在连接 QQ-备用 邮箱服务器 (shouqianbadavid@qq.com) ...
[2026-07-08 15:01:47]  正在连接 QQ-主 邮箱服务器 (497720537@qq.com) ...
[2026-07-08 15:01:47]  正在连接 QQ-备用 邮箱服务器 (shouqianbadavid@qq.com) ...
