[2026-05-13 07:10:15]  AlphaPilot 监听服务 (Pro 多邮箱版) 启动...
[2026-05-13 07:10:15]  信号保存目录: D:\mpython\signals
[2026-05-13 07:10:15]  日志文件: D:\mpython\logs_receiver\receiver_20260513.log
[2026-05-13 07:10:15]  正在连接 QQ-主 邮箱服务器 (497720537@qq.com) ...
[2026-05-13 07:10:16]  正在连接 QQ-备用 邮箱服务器 (shouqianbadavid@qq.com) ...
[2026-05-13 07:10:52]  正在连接 QQ-主 邮箱服务器 (497720537@qq.com) ...
[2026-05-13 07:10:52]  正在连接 QQ-备用 邮箱服务器 (shouqianbadavid@qq.com) ...
[2026-05-13 07:11:28]  正在连接 QQ-主 邮箱服务器 (497720537@qq.com) ...
[2026-05-13 07:11:28]  正在连接 QQ-备用 邮箱服务器 (shouqianbadavid@qq.com) ...
[2026-05-13 07:12:04]  正在连接 QQ-主 邮箱服务器 (497720537@qq.com) ...
[2026-05-13 07:12:05]  正在连接 QQ-备用 邮箱服务器 (shouqianbadavid@qq.com) ...
[2026-05-13 07:12:40]  正在连接 QQ-主 邮箱服务器 (497720537@qq.com) ...
[2026-05-13 07:12:41]  正在连接 QQ-备用 邮箱服务器 (shouqianbadavid@qq.com) ...
[2026-05-13 07:13:16]  正在连接 QQ-主 邮箱服务器 (497720537@qq.com) ...
[2026-05-13 07:13:17]  正在连接 QQ-备用 邮箱服务器 (shouqianbadavid@qq.com) ...
[2026-05-13 07:13:53]  正在连接 QQ-主 邮箱服务器 (497720537@qq.com) ...
[2026-05-13 07:13:54]  正在连接 QQ-备用 邮箱服务器 (shouqianbadavid@qq.com) ...
[2026-05-13 07:14:29]  正在连接 QQ-主 邮箱服务器 (497720537@qq.com) ...
[2026-05-13 07:14:30]  正在连接 QQ-备用 邮箱服务器 (shouqianbadavid@qq.com) ...
[2026-05-13 07:15:05]  正在连接 QQ-主 邮箱服务器 (497720537@qq.com) ...
[2026-05-13 07:15:06]  正在连接 QQ-备用 邮箱服务器 (shouqianbadavid@qq.com) ...
[2026-05-13 07:15:41]  正在连接 QQ-主 邮箱服务器 (497720537@qq.com) ...
[2026-05-13 07:15:42]  正在连接 QQ-备用 邮箱服务器 (shouqianbadavid@qq.com) ...
[2026-05-13 07:16:18]  正在连接 QQ-主 邮箱服务器 (497720537@qq.com) ...
[2026-05-13 07:16:18]  正在连接 QQ-备用 邮箱服务器 (shouqianbadavid@qq.com) ...
[2026-05-13 07:16:54]  正在连接 QQ-主 邮箱服务器 (497720537@qq.com) ...
[2026-05-13 07:16:55]  正在连接 QQ-备用 邮箱服务器 (shouqianbadavid@qq.com) ...
[2026-05-13 07:17:30]  正在连接 QQ-主 邮箱服务器 (497720537@qq.com) ...
[2026-05-13 07:17:31]  正在连接 QQ-备用 邮箱服务器 (shouqianbadavid@qq.com) ...
[2026-05-13 07:18:07]  正在连接 QQ-主 邮箱服务器 (497720537@qq.com) ...
[2026-05-13 07:18:08]  正在连接 QQ-备用 邮箱服务器 (shouqianbadavid@qq.com) ...
[2026-05-13 07:18:44]  正在连接 QQ-主 邮箱服务器 (497720537@qq.com) ...
[2026-05-13 07:18:44]  正在连接 QQ-备用 邮箱服务器 (shouqianbadavid@qq.com) ...
[2026-05-13 07:19:20]  正在连接 QQ-主 邮箱服务器 (497720537@qq.com) ...
[2026-05-13 07:19:21]  正在连接 QQ-备用 邮箱服务器 (shouqianbadavid@qq.com) ...
[2026-05-13 07:19:56]  正在连接 QQ-主 邮箱服务器 (497720537@qq.com) ...
[2026-05-13 07:19:57]  正在连接 QQ-备用 邮箱服务器 (shouqianbadavid@qq.com) ...
[2026-05-13 07:20:32]  正在连接 QQ-主 邮箱服务器 (497720537@qq.com) ...
[2026-05-13 07:20:33]  正在连接 QQ-备用 邮箱服务器 (shouqianbadavid@qq.com) ...
[2026-05-13 07:21:09]  正在连接 QQ-主 邮箱服务器 (497720537@qq.com) ...
[2026-05-13 07:21:09]  正在连接 QQ-备用 邮箱服务器 (shouqianbadavid@qq.com) ...
[2026-05-13 07:21:45]  正在连接 QQ-主 邮箱服务器 (497720537@qq.com) ...
[2026-05-13 07:21:45]  正在连接 QQ-备用 邮箱服务器 (shouqianbadavid@qq.com) ...
[2026-05-13 07:22:21]  正在连接 QQ-主 邮箱服务器 (497720537@qq.com) ...
[2026-05-13 07:22:21]  正在连接 QQ-备用 邮箱服务器 (shouqianbadavid@qq.com) ...
[2026-05-13 07:22:57]  正在连接 QQ-主 邮箱服务器 (497720537@qq.com) ...
[2026-05-13 07:22:58]  正在连接 QQ-备用 邮箱服务器 (shouqianbadavid@qq.com) ...
[2026-05-13 07:23:33]  正在连接 QQ-主 邮箱服务器 (497720537@qq.com) ...
[2026-05-13 07:23:35]  正在连接 QQ-备用 邮箱服务器 (shouqianbadavid@qq.com) ...
[2026-05-13 07:24:10]  正在连接 QQ-主 邮箱服务器 (497720537@qq.com) ...
[2026-05-13 07:24:11]  正在连接 QQ-备用 邮箱服务器 (shouqianbadavid@qq.com) ...
[2026-05-13 07:24:46]  正在连接 QQ-主 邮箱服务器 (497720537@qq.com) ...
[2026-05-13 07:24:47]  正在连接 QQ-备用 邮箱服务器 (shouqianbadavid@qq.com) ...
[2026-05-13 07:25:23]  正在连接 QQ-主 邮箱服务器 (497720537@qq.com) ...
[2026-05-13 07:25:23]  正在连接 QQ-备用 邮箱服务器 (shouqianbadavid@qq.com) ...
[2026-05-13 07:25:59]  正在连接 QQ-主 邮箱服务器 (497720537@qq.com) ...
[2026-05-13 07:26:00]  正在连接 QQ-备用 邮箱服务器 (shouqianbadavid@qq.com) ...
[2026-05-13 07:26:35]  正在连接 QQ-主 邮箱服务器 (497720537@qq.com) ...
[2026-05-13 07:26:36]  正在连接 QQ-备用 邮箱服务器 (shouqianbadavid@qq.com) ...
[2026-05-13 07:27:11]  正在连接 QQ-主 邮箱服务器 (497720537@qq.com) ...
[2026-05-13 07:27:12]  正在连接 QQ-备用 邮箱服务器 (shouqianbadavid@qq.com) ...
[2026-05-13 07:27:48]  正在连接 QQ-主 邮箱服务器 (497720537@qq.com) ...
[2026-05-13 07:27:48]  正在连接 QQ-备用 邮箱服务器 (shouqianbadavid@qq.com) ...
[2026-05-13 07:28:24]  正在连接 QQ-主 邮箱服务器 (497720537@qq.com) ...
[2026-05-13 07:28:25]  正在连接 QQ-备用 邮箱服务器 (shouqianbadavid@qq.com) ...
[2026-05-13 07:29:01]  正在连接 QQ-主 邮箱服务器 (497720537@qq.com) ...
[2026-05-13 07:29:01]  正在连接 QQ-备用 邮箱服务器 (shouqianbadavid@qq.com) ...
[2026-05-13 07:29:37]  正在连接 QQ-主 邮箱服务器 (497720537@qq.com) ...
[2026-05-13 07:29:37]  正在连接 QQ-备用 邮箱服务器 (shouqianbadavid@qq.com) ...
[2026-05-13 07:30:13]  正在连接 QQ-主 邮箱服务器 (497720537@qq.com) ...
[2026-05-13 07:30:13]  正在连接 QQ-备用 邮箱服务器 (shouqianbadavid@qq.com) ...
[2026-05-13 07:30:49]  正在连接 QQ-主 邮箱服务器 (497720537@qq.com) ...
[2026-05-13 07:30:50]  正在连接 QQ-备用 邮箱服务器 (shouqianbadavid@qq.com) ...
[2026-05-13 07:31:25]  正在连接 QQ-主 邮箱服务器 (497720537@qq.com) ...
[2026-05-13 07:31:26]  正在连接 QQ-备用 邮箱服务器 (shouqianbadavid@qq.com) ...
[2026-05-13 07:32:01]  正在连接 QQ-主 邮箱服务器 (497720537@qq.com) ...
[2026-05-13 07:32:02]  正在连接 QQ-备用 邮箱服务器 (shouqianbadavid@qq.com) ...
[2026-05-13 07:32:37]  正在连接 QQ-主 邮箱服务器 (497720537@qq.com) ...
[2026-05-13 07:32:38]  正在连接 QQ-备用 邮箱服务器 (shouqianbadavid@qq.com) ...
[2026-05-13 07:33:14]  正在连接 QQ-主 邮箱服务器 (497720537@qq.com) ...
[2026-05-13 07:33:15]  正在连接 QQ-备用 邮箱服务器 (shouqianbadavid@qq.com) ...
[2026-05-13 07:33:50]  正在连接 QQ-主 邮箱服务器 (497720537@qq.com) ...
[2026-05-13 07:33:51]  正在连接 QQ-备用 邮箱服务器 (shouqianbadavid@qq.com) ...
[2026-05-13 07:34:27]  正在连接 QQ-主 邮箱服务器 (497720537@qq.com) ...
[2026-05-13 07:34:27]  正在连接 QQ-备用 邮箱服务器 (shouqianbadavid@qq.com) ...
[2026-05-13 07:35:03]  正在连接 QQ-主 邮箱服务器 (497720537@qq.com) ...
[2026-05-13 07:35:04]  正在连接 QQ-备用 邮箱服务器 (shouqianbadavid@qq.com) ...
[2026-05-13 07:35:39]  正在连接 QQ-主 邮箱服务器 (497720537@qq.com) ...
[2026-05-13 07:35:40]  正在连接 QQ-备用 邮箱服务器 (shouqianbadavid@qq.com) ...
[2026-05-13 07:36:16]  正在连接 QQ-主 邮箱服务器 (497720537@qq.com) ...
[2026-05-13 07:36:16]  正在连接 QQ-备用 邮箱服务器 (shouqianbadavid@qq.com) ...
[2026-05-13 07:36:52]  正在连接 QQ-主 邮箱服务器 (497720537@qq.com) ...
[2026-05-13 07:36:53]  正在连接 QQ-备用 邮箱服务器 (shouqianbadavid@qq.com) ...
[2026-05-13 07:37:28]  正在连接 QQ-主 邮箱服务器 (497720537@qq.com) ...
[2026-05-13 07:37:29]  正在连接 QQ-备用 邮箱服务器 (shouqianbadavid@qq.com) ...
[2026-05-13 07:38:05]  正在连接 QQ-主 邮箱服务器 (497720537@qq.com) ...
[2026-05-13 07:38:06]  正在连接 QQ-备用 邮箱服务器 (shouqianbadavid@qq.com) ...
[2026-05-13 07:38:42]  正在连接 QQ-主 邮箱服务器 (497720537@qq.com) ...
[2026-05-13 07:38:42]  正在连接 QQ-备用 邮箱服务器 (shouqianbadavid@qq.com) ...
[2026-05-13 07:39:18]  正在连接 QQ-主 邮箱服务器 (497720537@qq.com) ...
[2026-05-13 07:39:19]  正在连接 QQ-备用 邮箱服务器 (shouqianbadavid@qq.com) ...
[2026-05-13 07:39:54]  正在连接 QQ-主 邮箱服务器 (497720537@qq.com) ...
[2026-05-13 07:39:55]  正在连接 QQ-备用 邮箱服务器 (shouqianbadavid@qq.com) ...
[2026-05-13 07:40:31]  正在连接 QQ-主 邮箱服务器 (497720537@qq.com) ...
[2026-05-13 07:40:32]  正在连接 QQ-备用 邮箱服务器 (shouqianbadavid@qq.com) ...
[2026-05-13 07:41:07]  正在连接 QQ-主 邮箱服务器 (497720537@qq.com) ...
[2026-05-13 07:41:08]  正在连接 QQ-备用 邮箱服务器 (shouqianbadavid@qq.com) ...
[2026-05-13 07:41:44]  正在连接 QQ-主 邮箱服务器 (497720537@qq.com) ...
[2026-05-13 07:41:45]  正在连接 QQ-备用 邮箱服务器 (shouqianbadavid@qq.com) ...
[2026-05-13 07:42:20]  正在连接 QQ-主 邮箱服务器 (497720537@qq.com) ...
[2026-05-13 07:42:21]  正在连接 QQ-备用 邮箱服务器 (shouqianbadavid@qq.com) ...
[2026-05-13 07:42:57]  正在连接 QQ-主 邮箱服务器 (497720537@qq.com) ...
[2026-05-13 07:42:58]  正在连接 QQ-备用 邮箱服务器 (shouqianbadavid@qq.com) ...
[2026-05-13 07:43:33]  正在连接 QQ-主 邮箱服务器 (497720537@qq.com) ...
[2026-05-13 07:43:34]  正在连接 QQ-备用 邮箱服务器 (shouqianbadavid@qq.com) ...
[2026-05-13 07:44:10]  正在连接 QQ-主 邮箱服务器 (497720537@qq.com) ...
[2026-05-13 07:44:11]  正在连接 QQ-备用 邮箱服务器 (shouqianbadavid@qq.com) ...
[2026-05-13 07:44:46]  正在连接 QQ-主 邮箱服务器 (497720537@qq.com) ...
[2026-05-13 07:44:47]  正在连接 QQ-备用 邮箱服务器 (shouqianbadavid@qq.com) ...
[2026-05-13 07:45:23]  正在连接 QQ-主 邮箱服务器 (497720537@qq.com) ...
[2026-05-13 07:45:24]  正在连接 QQ-备用 邮箱服务器 (shouqianbadavid@qq.com) ...
[2026-05-13 07:45:59]  正在连接 QQ-主 邮箱服务器 (497720537@qq.com) ...
[2026-05-13 07:46:00]  正在连接 QQ-备用 邮箱服务器 (shouqianbadavid@qq.com) ...
[2026-05-13 07:46:36]  正在连接 QQ-主 邮箱服务器 (497720537@qq.com) ...
[2026-05-13 07:46:37]  正在连接 QQ-备用 邮箱服务器 (shouqianbadavid@qq.com) ...
[2026-05-13 07:47:13]  正在连接 QQ-主 邮箱服务器 (497720537@qq.com) ...
[2026-05-13 07:47:14]  正在连接 QQ-备用 邮箱服务器 (shouqianbadavid@qq.com) ...
[2026-05-13 07:47:50]  正在连接 QQ-主 邮箱服务器 (497720537@qq.com) ...
[2026-05-13 07:47:50]  正在连接 QQ-备用 邮箱服务器 (shouqianbadavid@qq.com) ...
[2026-05-13 07:54:24]  正在连接 QQ-主 邮箱服务器 (497720537@qq.com) ...
[2026-05-13 07:54:24]  QQ-主 因子处理主循环异常: [Errno 11001] getaddrinfo failed
[2026-05-13 07:58:51]  正在连接 QQ-备用 邮箱服务器 (shouqianbadavid@qq.com) ...
[2026-05-13 07:58:51]  QQ-备用 因子处理主循环异常: [Errno 11001] getaddrinfo failed
[2026-05-13 07:59:36]  正在连接 QQ-主 邮箱服务器 (497720537@qq.com) ...
[2026-05-13 07:59:37]  正在连接 QQ-备用 邮箱服务器 (shouqianbadavid@qq.com) ...
[2026-05-13 08:04:23]  AlphaPilot 监听服务 (Pro 多邮箱版) 启动...
[2026-05-13 08:04:23]  信号保存目录: D:\mpython\signals
[2026-05-13 08:04:23]  日志文件: D:\mpython\logs_receiver\receiver_20260513.log
[2026-05-13 08:04:23]  正在连接 QQ-主 邮箱服务器 (497720537@qq.com) ...
[2026-05-13 08:04:23]  正在连接 QQ-备用 邮箱服务器 (shouqianbadavid@qq.com) ...
[2026-05-13 08:04:59]  正在连接 QQ-主 邮箱服务器 (497720537@qq.com) ...
[2026-05-13 08:05:00]  正在连接 QQ-备用 邮箱服务器 (shouqianbadavid@qq.com) ...
[2026-05-13 08:05:35]  正在连接 QQ-主 邮箱服务器 (497720537@qq.com) ...
[2026-05-13 08:05:36]  正在连接 QQ-备用 邮箱服务器 (shouqianbadavid@qq.com) ...
[2026-05-13 08:06:12]  正在连接 QQ-主 邮箱服务器 (497720537@qq.com) ...
[2026-05-13 08:06:13]  正在连接 QQ-备用 邮箱服务器 (shouqianbadavid@qq.com) ...
[2026-05-13 08:06:49]  正在连接 QQ-主 邮箱服务器 (497720537@qq.com) ...
[2026-05-13 08:06:49]  正在连接 QQ-备用 邮箱服务器 (shouqianbadavid@qq.com) ...
[2026-05-13 08:07:25]  正在连接 QQ-主 邮箱服务器 (497720537@qq.com) ...
[2026-05-13 08:07:26]  正在连接 QQ-备用 邮箱服务器 (shouqianbadavid@qq.com) ...
[2026-05-13 08:08:02]  正在连接 QQ-主 邮箱服务器 (497720537@qq.com) ...
[2026-05-13 08:08:02]  正在连接 QQ-备用 邮箱服务器 (shouqianbadavid@qq.com) ...
[2026-05-13 09:54:09]  正在连接 QQ-主 邮箱服务器 (497720537@qq.com) ...
[2026-05-13 09:54:10]  QQ-主 正在解析因子: =?UTF-8?B?8J+SrCDpu4Pmnqvpipjor4TorrrkuobvvJrigJzlnovniIbigJ0=?=
[2026-05-13 09:54:10]  发现表格，共 30 行数据
[2026-05-13 09:54:10]  表头映射失败，未找到指定列名。当前表头: ['R E S E T\u200c\u2003 \u200c\u2003 \u200c\u2003 \u200c\u2003 \u200c\u2003 \u200c\u2003 \u200c\u2003 \u200c\u2003 \u200c\u2003 \u200c\u2003 \u200c\u2003 \u200c\u2003 \u200c\u2003 \u200c\u2003 \u200c\u2003 \u200c\u2003 \u200c\u2003 \u200c\u2003 \u200c\u2003 \u200c\u2003 \u200c\u2003 \u200c\u2003 \u200c\u2003 \u200c\u2003 \u200c\u2003 \u200c\u2003 \u200c\u2003 \u200c\u2003 \u200c\u2003 \u200c\u2003 \u200c\u2003 \u200c\u2003 \u200c\u2003 \u200c\u2003 \u200c\u2003 \u200c\u2003 \u200c\u2003 \u200c\u2003 \u200c\u2003 \u200c\u2003 \u200c\u2003 \u200c\u2003 \u200c\u2003 \u200c\u2003 \u200c\u2003 \u200c\u2003 \u200c\u2003 \u200c\u2003 \u200c\u2003 \u200c\u2003 \u200c\u2003 \u200c\u2003 \u200c\u2003 \u200c\u2003 \u200c\u2003 \u200c\u2003 \u200c\u2003 \u200c\u2003 \u200c\u2003 \u200c\u2003 \u200c\u2003 \u200c\u2003 \u200c\u2003 \u200c\u2003 \u200c\u2003 \u200c\u2003 \u200c\u2003 \u200c\u2003 \u200c\u2003 \u200c\u2003 \u200c\u2003 \u200c\u2003 \u200c\u2003 \u200c\u2003 \u200c\u2003 \u200c\u2003 \u200c\u2003 \u200c\u2003 \u200c\u2003 \u200c\u2003 \u200c\u2003 \u200c\u2003 \u200c\u2003 \u200c\u2003 \u200c\u2003 \u200c\u2003 \u200c\u2003 \u200c\u2003 \u200c\u2003 \u200c\u2003 \u200c\u2003 \u200c\u2003 \u200c\u2003 \u200c\u2003 \u200c\u2003 \u200c\u2003 \u200c\u2003 \u200c\u2003 \u200c\u2003 \u200c\u2003 \u200c\u2003 \u200c\u2003 \u200c\u2003 \u200c\u2003 \u200c\u2003 \u200c\u2003 \u200c\u2003 \u200c\u2003 \u200c\u2003 \u200c\u2003 \u200c\u2003 \u200c\u2003 \u200c\u2003 \u200c\u2003 \u200c\u2003 \u200c\u2003 \u200c\u2003 \u200c\u2003 \u200c\u2003 \u200c\u2003 \u200c\u2003 \u200c\u2003 \u200c\u2003 \u200c\u2003 \u200c\u2003 \u200c\u2003 \u200c\u2003 \u200c\u2003 \u200c\u2003 \u200c\u2003 \u200c\u2003 \u200c\u2003 \u200c\u2003 \u200c\u2003 \u200c\u2003 \u200c\u2003 \u200c\u2003 \u200c\u2003 \u200c\u2003 \u200c\u2003 \u200c\u2003 \u200c\u2003 \u200c\u2003 \u200c\u2003 \u200c\u2003 \u200c\u2003 \u200c\u2003 \u200c\u2003 \u200c\u2003 \u200c\u2003 \u200c\u2003 \u200c\u2003 \u200c\u2003 \u200c\u2003 \u200c\u2003 \u200c\u2003 \u200c\u2003 \u200c\u2003 \u200c\u2003 \u200c\u2003 \u200c\u2003 \u200c\u2003 \u200c\u2003 \u200c\u2003 \u200c\u2003 \u200c\u2003 \u200c\u2003 \u200c\u2003 \u200c\u2003 \u200c\u2003 \u200c\u2003 \u200c\u2003 \u200c\u2003 \u200c\u2003 \u200c\u2003 \u200c\u2003 \u200c\u2003 \u200c\u2003 \u200c\u2003 \u200c\u2003 \u200c\u2003 \u200c\u2003 \u200c\u2003 \u200c\u2003 \u200c\u2003 \u200c\u2003 \u200c\u2003 \u200c\u2003 \u200c\u2003 \u200c\u2003 \u200c\u2003 \u200c\u2003 \u200c\u2003 \u200c\u2003 \u200c\u2003 \u200c\u2003 \u200c\u2003 \u200c\u2003 \u200c\u2003 \u200c\u2003 \u200c\u2003 \u200c\u2003 \u200c\u2003 \u200c\u2003 \u200c\u2003 \u200c\u2003 \u200c\u2003 \u200c\u2003 \u200c\u2003 \u200c\u2003 \u200c\u2003 \u200c\u2003 \u200c\u2003 \u200c\u2003 \u200c\u2003 \u200c\u2003 \u200c\u2003 \u200c\u2003 \u200c\u2003 \u200c\u2003 \u200c\u2003 \u200c\u2003 \u200c\u2003 \u200c\u2003 \u200c\u2003 \u200c\u2003 \u200c\u2003 \u200c\u2003 \u200c\u2003 \u200c\u2003 \u200c\u2003 \u200c\u2003 \u200c\u2003 \u200c\u2003 \u200c\u2003 \u200c\u2003 \u200c\u2003 \u200c\u2003 \u200c\u2003 \u200c\u2003 \u200c\u2003 \u200c\u2003 \u200c\u2003 \u200c\u2003 \u200c\u2003 \u200c\u2003 \u200c\u2003 \u200c\u2003 \u200c\u2003 \u200c\u2003 \u200c\u2003 \u200c\u2003 \u200c\u2003 \u200c\u2003 \u200c\u2003 \u200c\u2003 \u200c\u2003 \u200c\u2003 \u200c\u2003 \u200c\u2003 \u200c\u2003 \u200c\u2003 \u200c\u2003 \u200c\u2003 \u200c\u2003 \u200c\u2003 \u200c\u2003 \u200c\u2003 \u200c\u2003 \u200c\u2003 \u200c\u2003 \u200c\u2003 \u200c\u2003 \u200c\u2003 \u200c\u2003 \u200c\u2003 \u200c\u2003 \u200c\u2003 \u200c\u2003 \u200c\u2003 \u200c\u2003 \u200c\u2003 \u200c\u2003 \u200c\u2003 \u200c\u2003 \u200c\u2003 \u200c\u2003 \u200c\u2003 \u200c\u2003 \u200c\u2003 \u200c\u2003 \u200c\u2003 \u200c\u2003 \u200c\u2003 \u200c\u2003 \u200c\u2003 \u200c\u2003 \u200c\u2003 \u200c\u2003 \u200c💬黃枫銘评论了一篇帖子，你还没看过哦。5月9日 09:15查看Ja Cob 、 Ben Ping 、 Vanz VII 和其他 44 位用户留下心情此邮件发给497720537@qq.com。 如果不希望再收到 Meta 的这类邮件，请退订。Meta Platforms, Inc., Attention: Community Support, 1 Meta Way, Menlo Park, CA 94025为保护你的主页安全，请勿转发这封邮件。详细了解', 'R E S E T\u200c\u2003 \u200c\u2003 \u200c\u2003 \u200c\u2003 \u200c\u2003 \u200c\u2003 \u200c\u2003 \u200c\u2003 \u200c\u2003 \u200c\u2003 \u200c\u2003 \u200c\u2003 \u200c\u2003 \u200c\u2003 \u200c\u2003 \u200c\u2003 \u200c\u2003 \u200c\u2003 \u200c\u2003 \u200c\u2003 \u200c\u2003 \u200c\u2003 \u200c\u2003 \u200c\u2003 \u200c\u2003 \u200c\u2003 \u200c\u2003 \u200c\u2003 \u200c\u2003 \u200c\u2003 \u200c\u2003 \u200c\u2003 \u200c\u2003 \u200c\u2003 \u200c\u2003 \u200c\u2003 \u200c\u2003 \u200c\u2003 \u200c\u2003 \u200c\u2003 \u200c\u2003 \u200c\u2003 \u200c\u2003 \u200c\u2003 \u200c\u2003 \u200c\u2003 \u200c\u2003 \u200c\u2003 \u200c\u2003 \u200c\u2003 \u200c\u2003 \u200c\u2003 \u200c\u2003 \u200c\u2003 \u200c\u2003 \u200c\u2003 \u200c\u2003 \u200c\u2003 \u200c\u2003 \u200c\u2003 \u200c\u2003 \u200c\u2003 \u200c\u2003 \u200c\u2003 \u200c\u2003 \u200c\u2003 \u200c\u2003 \u200c\u2003 \u200c\u2003 \u200c\u2003 \u200c\u2003 \u200c\u2003 \u200c\u2003 \u200c\u2003 \u200c\u2003 \u200c\u2003 \u200c\u2003 \u200c\u2003 \u200c\u2003 \u200c\u2003 \u200c\u2003 \u200c\u2003 \u200c\u2003 \u200c\u2003 \u200c\u2003 \u200c\u2003 \u200c\u2003 \u200c\u2003 \u200c\u2003 \u200c\u2003 \u200c\u2003 \u200c\u2003 \u200c\u2003 \u200c\u2003 \u200c\u2003 \u200c\u2003 \u200c\u2003 \u200c\u2003 \u200c\u2003 \u200c\u2003 \u200c\u2003 \u200c\u2003 \u200c\u2003 \u200c\u2003 \u200c\u2003 \u200c\u2003 \u200c\u2003 \u200c\u2003 \u200c\u2003 \u200c\u2003 \u200c\u2003 \u200c\u2003 \u200c\u2003 \u200c\u2003 \u200c\u2003 \u200c\u2003 \u200c\u2003 \u200c\u2003 \u200c\u2003 \u200c\u2003 \u200c\u2003 \u200c\u2003 \u200c\u2003 \u200c\u2003 \u200c\u2003 \u200c\u2003 \u200c\u2003 \u200c\u2003 \u200c\u2003 \u200c\u2003 \u200c\u2003 \u200c\u2003 \u200c\u2003 \u200c\u2003 \u200c\u2003 \u200c\u2003 \u200c\u2003 \u200c\u2003 \u200c\u2003 \u200c\u2003 \u200c\u2003 \u200c\u2003 \u200c\u2003 \u200c\u2003 \u200c\u2003 \u200c\u2003 \u200c\u2003 \u200c\u2003 \u200c\u2003 \u200c\u2003 \u200c\u2003 \u200c\u2003 \u200c\u2003 \u200c\u2003 \u200c\u2003 \u200c\u2003 \u200c\u2003 \u200c\u2003 \u200c\u2003 \u200c\u2003 \u200c\u2003 \u200c\u2003 \u200c\u2003 \u200c\u2003 \u200c\u2003 \u200c\u2003 \u200c\u2003 \u200c\u2003 \u200c\u2003 \u200c\u2003 \u200c\u2003 \u200c\u2003 \u200c\u2003 \u200c\u2003 \u200c\u2003 \u200c\u2003 \u200c\u2003 \u200c\u2003 \u200c\u2003 \u200c\u2003 \u200c\u2003 \u200c\u2003 \u200c\u2003 \u200c\u2003 \u200c\u2003 \u200c\u2003 \u200c\u2003 \u200c\u2003 \u200c\u2003 \u200c\u2003 \u200c\u2003 \u200c\u2003 \u200c\u2003 \u200c\u2003 \u200c\u2003 \u200c\u2003 \u200c\u2003 \u200c\u2003 \u200c\u2003 \u200c\u2003 \u200c\u2003 \u200c\u2003 \u200c\u2003 \u200c\u2003 \u200c\u2003 \u200c\u2003 \u200c\u2003 \u200c\u2003 \u200c\u2003 \u200c\u2003 \u200c\u2003 \u200c\u2003 \u200c\u2003 \u200c\u2003 \u200c\u2003 \u200c\u2003 \u200c\u2003 \u200c\u2003 \u200c\u2003 \u200c\u2003 \u200c\u2003 \u200c\u2003 \u200c\u2003 \u200c\u2003 \u200c\u2003 \u200c\u2003 \u200c\u2003 \u200c\u2003 \u200c\u2003 \u200c\u2003 \u200c\u2003 \u200c\u2003 \u200c\u2003 \u200c\u2003 \u200c\u2003 \u200c\u2003 \u200c\u2003 \u200c\u2003 \u200c\u2003 \u200c\u2003 \u200c\u2003 \u200c\u2003 \u200c\u2003 \u200c\u2003 \u200c\u2003 \u200c\u2003 \u200c\u2003 \u200c\u2003 \u200c\u2003 \u200c\u2003 \u200c\u2003 \u200c\u2003 \u200c\u2003 \u200c\u2003 \u200c\u2003 \u200c\u2003 \u200c\u2003 \u200c\u2003 \u200c\u2003 \u200c\u2003 \u200c\u2003 \u200c\u2003 \u200c\u2003 \u200c\u2003 \u200c\u2003 \u200c\u2003 \u200c\u2003 \u200c\u2003 \u200c\u2003 \u200c\u2003 \u200c\u2003 \u200c\u2003 \u200c\u2003 \u200c\u2003 \u200c\u2003 \u200c\u2003 \u200c\u2003 \u200c\u2003 \u200c\u2003 \u200c\u2003 \u200c\u2003 \u200c\u2003 \u200c\u2003 \u200c\u2003 \u200c\u2003 \u200c\u2003 \u200c\u2003 \u200c\u2003 \u200c\u2003 \u200c\u2003 \u200c\u2003 \u200c\u2003 \u200c\u2003 \u200c\u2003 \u200c\u2003 \u200c\u2003 \u200c\u2003 \u200c\u2003 \u200c\u2003 \u200c💬黃枫銘评论了一篇帖子，你还没看过哦。5月9日 09:15查看Ja Cob 、 Ben Ping 、 Vanz VII 和其他 44 位用户留下心情此邮件发给497720537@qq.com。 如果不希望再收到 Meta 的这类邮件，请退订。Meta Platforms, Inc., Attention: Community Support, 1 Meta Way, Menlo Park, CA 94025为保护你的主页安全，请勿转发这封邮件。详细了解', 'R E S E T\u200c\u2003 \u200c\u2003 \u200c\u2003 \u200c\u2003 \u200c\u2003 \u200c\u2003 \u200c\u2003 \u200c\u2003 \u200c\u2003 \u200c\u2003 \u200c\u2003 \u200c\u2003 \u200c\u2003 \u200c\u2003 \u200c\u2003 \u200c\u2003 \u200c\u2003 \u200c\u2003 \u200c\u2003 \u200c\u2003 \u200c\u2003 \u200c\u2003 \u200c\u2003 \u200c\u2003 \u200c\u2003 \u200c\u2003 \u200c\u2003 \u200c\u2003 \u200c\u2003 \u200c\u2003 \u200c\u2003 \u200c\u2003 \u200c\u2003 \u200c\u2003 \u200c\u2003 \u200c\u2003 \u200c\u2003 \u200c\u2003 \u200c\u2003 \u200c\u2003 \u200c\u2003 \u200c\u2003 \u200c\u2003 \u200c\u2003 \u200c\u2003 \u200c\u2003 \u200c\u2003 \u200c\u2003 \u200c\u2003 \u200c\u2003 \u200c\u2003 \u200c\u2003 \u200c\u2003 \u200c\u2003 \u200c\u2003 \u200c\u2003 \u200c\u2003 \u200c\u2003 \u200c\u2003 \u200c\u2003 \u200c\u2003 \u200c\u2003 \u200c\u2003 \u200c\u2003 \u200c\u2003 \u200c\u2003 \u200c\u2003 \u200c\u2003 \u200c\u2003 \u200c\u2003 \u200c\u2003 \u200c\u2003 \u200c\u2003 \u200c\u2003 \u200c\u2003 \u200c\u2003 \u200c\u2003 \u200c\u2003 \u200c\u2003 \u200c\u2003 \u200c\u2003 \u200c\u2003 \u200c\u2003 \u200c\u2003 \u200c\u2003 \u200c\u2003 \u200c\u2003 \u200c\u2003 \u200c\u2003 \u200c\u2003 \u200c\u2003 \u200c\u2003 \u200c\u2003 \u200c\u2003 \u200c\u2003 \u200c\u2003 \u200c\u2003 \u200c\u2003 \u200c\u2003 \u200c\u2003 \u200c\u2003 \u200c\u2003 \u200c\u2003 \u200c\u2003 \u200c\u2003 \u200c\u2003 \u200c\u2003 \u200c\u2003 \u200c\u2003 \u200c\u2003 \u200c\u2003 \u200c\u2003 \u200c\u2003 \u200c\u2003 \u200c\u2003 \u200c\u2003 \u200c\u2003 \u200c\u2003 \u200c\u2003 \u200c\u2003 \u200c\u2003 \u200c\u2003 \u200c\u2003 \u200c\u2003 \u200c\u2003 \u200c\u2003 \u200c\u2003 \u200c\u2003 \u200c\u2003 \u200c\u2003 \u200c\u2003 \u200c\u2003 \u200c\u2003 \u200c\u2003 \u200c\u2003 \u200c\u2003 \u200c\u2003 \u200c\u2003 \u200c\u2003 \u200c\u2003 \u200c\u2003 \u200c\u2003 \u200c\u2003 \u200c\u2003 \u200c\u2003 \u200c\u2003 \u200c\u2003 \u200c\u2003 \u200c\u2003 \u200c\u2003 \u200c\u2003 \u200c\u2003 \u200c\u2003 \u200c\u2003 \u200c\u2003 \u200c\u2003 \u200c\u2003 \u200c\u2003 \u200c\u2003 \u200c\u2003 \u200c\u2003 \u200c\u2003 \u200c\u2003 \u200c\u2003 \u200c\u2003 \u200c\u2003 \u200c\u2003 \u200c\u2003 \u200c\u2003 \u200c\u2003 \u200c\u2003 \u200c\u2003 \u200c\u2003 \u200c\u2003 \u200c\u2003 \u200c\u2003 \u200c\u2003 \u200c\u2003 \u200c\u2003 \u200c\u2003 \u200c\u2003 \u200c\u2003 \u200c\u2003 \u200c\u2003 \u200c\u2003 \u200c\u2003 \u200c\u2003 \u200c\u2003 \u200c\u2003 \u200c\u2003 \u200c\u2003 \u200c\u2003 \u200c\u2003 \u200c\u2003 \u200c\u2003 \u200c\u2003 \u200c\u2003 \u200c\u2003 \u200c\u2003 \u200c\u2003 \u200c\u2003 \u200c\u2003 \u200c\u2003 \u200c\u2003 \u200c\u2003 \u200c\u2003 \u200c\u2003 \u200c\u2003 \u200c\u2003 \u200c\u2003 \u200c\u2003 \u200c\u2003 \u200c\u2003 \u200c\u2003 \u200c\u2003 \u200c\u2003 \u200c\u2003 \u200c\u2003 \u200c\u2003 \u200c\u2003 \u200c\u2003 \u200c\u2003 \u200c\u2003 \u200c\u2003 \u200c\u2003 \u200c\u2003 \u200c\u2003 \u200c\u2003 \u200c\u2003 \u200c\u2003 \u200c\u2003 \u200c\u2003 \u200c\u2003 \u200c\u2003 \u200c\u2003 \u200c\u2003 \u200c\u2003 \u200c\u2003 \u200c\u2003 \u200c\u2003 \u200c\u2003 \u200c\u2003 \u200c\u2003 \u200c\u2003 \u200c\u2003 \u200c\u2003 \u200c\u2003 \u200c\u2003 \u200c\u2003 \u200c\u2003 \u200c\u2003 \u200c\u2003 \u200c\u2003 \u200c\u2003 \u200c\u2003 \u200c\u2003 \u200c\u2003 \u200c\u2003 \u200c\u2003 \u200c\u2003 \u200c\u2003 \u200c\u2003 \u200c\u2003 \u200c\u2003 \u200c\u2003 \u200c\u2003 \u200c\u2003 \u200c\u2003 \u200c\u2003 \u200c\u2003 \u200c\u2003 \u200c\u2003 \u200c\u2003 \u200c\u2003 \u200c\u2003 \u200c\u2003 \u200c\u2003 \u200c\u2003 \u200c\u2003 \u200c\u2003 \u200c\u2003 \u200c\u2003 \u200c\u2003 \u200c\u2003 \u200c\u2003 \u200c\u2003 \u200c\u2003 \u200c\u2003 \u200c\u2003 \u200c\u2003 \u200c\u2003 \u200c\u2003 \u200c\u2003 \u200c\u2003 \u200c\u2003 \u200c\u2003 \u200c\u2003 \u200c\u2003 \u200c\u2003 \u200c💬黃枫銘评论了一篇帖子，你还没看过哦。5月9日 09:15查看Ja Cob 、 Ben Ping 、 Vanz VII 和其他 44 位用户留下心情此邮件发给497720537@qq.com。 如果不希望再收到 Meta 的这类邮件，请退订。Meta Platforms, Inc., Attention: Community Support, 1 Meta Way, Menlo Park, CA 94025为保护你的主页安全，请勿转发这封邮件。详细了解', '', 'R E S E T\u200c\u2003 \u200c\u2003 \u200c\u2003 \u200c\u2003 \u200c\u2003 \u200c\u2003 \u200c\u2003 \u200c\u2003 \u200c\u2003 \u200c\u2003 \u200c\u2003 \u200c\u2003 \u200c\u2003 \u200c\u2003 \u200c\u2003 \u200c\u2003 \u200c\u2003 \u200c\u2003 \u200c\u2003 \u200c\u2003 \u200c\u2003 \u200c\u2003 \u200c\u2003 \u200c\u2003 \u200c\u2003 \u200c\u2003 \u200c\u2003 \u200c\u2003 \u200c\u2003 \u200c\u2003 \u200c\u2003 \u200c\u2003 \u200c\u2003 \u200c\u2003 \u200c\u2003 \u200c\u2003 \u200c\u2003 \u200c\u2003 \u200c\u2003 \u200c\u2003 \u200c\u2003 \u200c\u2003 \u200c\u2003 \u200c\u2003 \u200c\u2003 \u200c\u2003 \u200c\u2003 \u200c\u2003 \u200c\u2003 \u200c\u2003 \u200c\u2003 \u200c\u2003 \u200c\u2003 \u200c\u2003 \u200c\u2003 \u200c\u2003 \u200c\u2003 \u200c\u2003 \u200c\u2003 \u200c\u2003 \u200c\u2003 \u200c\u2003 \u200c\u2003 \u200c\u2003 \u200c\u2003 \u200c\u2003 \u200c\u2003 \u200c\u2003 \u200c\u2003 \u200c\u2003 \u200c\u2003 \u200c\u2003 \u200c\u2003 \u200c\u2003 \u200c\u2003 \u200c\u2003 \u200c\u2003 \u200c\u2003 \u200c\u2003 \u200c\u2003 \u200c\u2003 \u200c\u2003 \u200c\u2003 \u200c\u2003 \u200c\u2003 \u200c\u2003 \u200c\u2003 \u200c\u2003 \u200c\u2003 \u200c\u2003 \u200c\u2003 \u200c\u2003 \u200c\u2003 \u200c\u2003 \u200c\u2003 \u200c\u2003 \u200c\u2003 \u200c\u2003 \u200c\u2003 \u200c\u2003 \u200c\u2003 \u200c\u2003 \u200c\u2003 \u200c\u2003 \u200c\u2003 \u200c\u2003 \u200c\u2003 \u200c\u2003 \u200c\u2003 \u200c\u2003 \u200c\u2003 \u200c\u2003 \u200c\u2003 \u200c\u2003 \u200c\u2003 \u200c\u2003 \u200c\u2003 \u200c\u2003 \u200c\u2003 \u200c\u2003 \u200c\u2003 \u200c\u2003 \u200c\u2003 \u200c\u2003 \u200c\u2003 \u200c\u2003 \u200c\u2003 \u200c\u2003 \u200c\u2003 \u200c\u2003 \u200c\u2003 \u200c\u2003 \u200c\u2003 \u200c\u2003 \u200c\u2003 \u200c\u2003 \u200c\u2003 \u200c\u2003 \u200c\u2003 \u200c\u2003 \u200c\u2003 \u200c\u2003 \u200c\u2003 \u200c\u2003 \u200c\u2003 \u200c\u2003 \u200c\u2003 \u200c\u2003 \u200c\u2003 \u200c\u2003 \u200c\u2003 \u200c\u2003 \u200c\u2003 \u200c\u2003 \u200c\u2003 \u200c\u2003 \u200c\u2003 \u200c\u2003 \u200c\u2003 \u200c\u2003 \u200c\u2003 \u200c\u2003 \u200c\u2003 \u200c\u2003 \u200c\u2003 \u200c\u2003 \u200c\u2003 \u200c\u2003 \u200c\u2003 \u200c\u2003 \u200c\u2003 \u200c\u2003 \u200c\u2003 \u200c\u2003 \u200c\u2003 \u200c\u2003 \u200c\u2003 \u200c\u2003 \u200c\u2003 \u200c\u2003 \u200c\u2003 \u200c\u2003 \u200c\u2003 \u200c\u2003 \u200c\u2003 \u200c\u2003 \u200c\u2003 \u200c\u2003 \u200c\u2003 \u200c\u2003 \u200c\u2003 \u200c\u2003 \u200c\u2003 \u200c\u2003 \u200c\u2003 \u200c\u2003 \u200c\u2003 \u200c\u2003 \u200c\u2003 \u200c\u2003 \u200c\u2003 \u200c\u2003 \u200c\u2003 \u200c\u2003 \u200c\u2003 \u200c\u2003 \u200c\u2003 \u200c\u2003 \u200c\u2003 \u200c\u2003 \u200c\u2003 \u200c\u2003 \u200c\u2003 \u200c\u2003 \u200c\u2003 \u200c\u2003 \u200c\u2003 \u200c\u2003 \u200c\u2003 \u200c\u2003 \u200c\u2003 \u200c\u2003 \u200c\u2003 \u200c\u2003 \u200c\u2003 \u200c\u2003 \u200c\u2003 \u200c\u2003 \u200c\u2003 \u200c\u2003 \u200c\u2003 \u200c\u2003 \u200c\u2003 \u200c\u2003 \u200c\u2003 \u200c\u2003 \u200c\u2003 \u200c\u2003 \u200c\u2003 \u200c\u2003 \u200c\u2003 \u200c\u2003 \u200c\u2003 \u200c\u2003 \u200c\u2003 \u200c\u2003 \u200c\u2003 \u200c\u2003 \u200c\u2003 \u200c\u2003 \u200c\u2003 \u200c\u2003 \u200c\u2003 \u200c\u2003 \u200c\u2003 \u200c\u2003 \u200c\u2003 \u200c\u2003 \u200c\u2003 \u200c\u2003 \u200c\u2003 \u200c\u2003 \u200c\u2003 \u200c\u2003 \u200c\u2003 \u200c\u2003 \u200c\u2003 \u200c\u2003 \u200c\u2003 \u200c\u2003 \u200c\u2003 \u200c\u2003 \u200c\u2003 \u200c\u2003 \u200c\u2003 \u200c\u2003 \u200c\u2003 \u200c\u2003 \u200c\u2003 \u200c\u2003 \u200c\u2003 \u200c\u2003 \u200c\u2003 \u200c\u2003 \u200c\u2003 \u200c\u2003 \u200c\u2003 \u200c\u2003 \u200c\u2003 \u200c\u2003 \u200c\u2003 \u200c\u2003 \u200c\u2003 \u200c\u2003 \u200c\u2003 \u200c\u2003 \u200c\u2003 \u200c\u2003 \u200c\u2003 \u200c', '', '', '', '', '', '', '', '', '', '', '', '', '', '', '💬黃枫銘评论了一篇帖子，你还没看过哦。5月9日 09:15查看Ja Cob 、 Ben Ping 、 Vanz VII 和其他 44 位用户留下心情', '', '💬黃枫銘评论了一篇帖子，你还没看过哦。5月9日 09:15查看Ja Cob 、 Ben Ping 、 Vanz VII 和其他 44 位用户留下心情', '💬黃枫銘评论了一篇帖子，你还没看过哦。5月9日 09:15查看', '', '', '💬黃枫銘评论了一篇帖子，你还没看过哦。5月9日 09:15查看', '💬黃枫銘评论了一篇帖子，你还没看过哦。5月9日 09:15', '💬黃枫銘评论了一篇帖子，你还没看过哦。', '', '5月9日 09:15', '', '查看', '查看', '', 'Ja Cob 、 Ben Ping 、 Vanz VII 和其他 44 位用户留下心情', '', '', 'Ja Cob 、 Ben Ping 、 Vanz VII 和其他 44 位用户留下心情', '', '', '', '此邮件发给497720537@qq.com。 如果不希望再收到 Meta 的这类邮件，请退订。Meta Platforms, Inc., Attention: Community Support, 1 Meta Way, Menlo Park, CA 94025', '', '此邮件发给497720537@qq.com。 如果不希望再收到 Meta 的这类邮件，请退订。Meta Platforms, Inc., Attention: Community Support, 1 Meta Way, Menlo Park, CA 94025', '', '', '为保护你的主页安全，请勿转发这封邮件。详细了解', '为保护你的主页安全，请勿转发这封邮件。详细了解', '', '']
[2026-05-13 09:54:10] QQ-主 邮件 3522 无有效信号
[2026-05-13 09:54:10]  QQ-主 正在解析因子: =?utf-8?b?QWxwaGFQaWxvdCDlrp7ml7bkv6Hlj7cgKGFscGhhX3NpZ25hbF90aHJfMjAyNjA1MTNfMDk0MC5qc29uKSBb5Li7UVEt5a+55aSWXQ==?=
[2026-05-13 09:54:10]  发现表格，共 19 行数据
[2026-05-13 09:54:10]  动态索引映射: ['股票代码', '股票名称', '信号', '当前价格', '量比', '来源过滤']
[2026-05-13 09:54:10]  [行1] 解析成功: SZSE.300285 [国瓷材料] SELL @ 40.4 (VR:1.89)
[2026-05-13 09:54:10]  [行2] 解析成功: SZSE.002015 [协鑫能科] BUY @ 22.23 (VR:1.58)
[2026-05-13 09:54:10]  [行3] 解析成功: SZSE.301667 [纳百川] SELL @ 108.0 (VR:0.37)
[2026-05-13 09:54:10]  [行4] 解析成功: SHSE.688295 [奥林德] BUY @ 58.9 (VR:0.38)
[2026-05-13 09:54:10]  [行5] 解析成功: SHSE.601868 [中国能建] BUY @ 3.35 (VR:0.14)
[2026-05-13 09:54:10]  [行6] 解析成功: SHSE.601669 [中国电建] SELL @ 5.93 (VR:0.07)
[2026-05-13 09:54:10]  [行7] 解析成功: SHSE.600722 [金牛化工] BUY @ 12.06 (VR:1.27)
[2026-05-13 09:54:10]  [行8] 解析成功: SHSE.600726 [华电能源] BUY @ 7.82 (VR:0.67)
[2026-05-13 09:54:10]  [行9] 解析成功: SHSE.688295 [中复神鹰] BUY @ 59.3 (VR:0.01)
[2026-05-13 09:54:10]  [行10] 解析成功: SZSE.300782 [卓胜微] BUY @ 108.18 (VR:0.66)
[2026-05-13 09:54:10]  [行11] 解析成功: SZSE.300285 [国瓷材料] SELL @ 40.31 (VR:1.66)
[2026-05-13 09:54:10]  [行12] 解析成功: SZSE.002015 [协鑫能科] BUY @ 22.66 (VR:1.88)
[2026-05-13 09:54:10]  [行13] 解析成功: SHSE.688295 [奥林德] BUY @ 59.04 (VR:0.24)
[2026-05-13 09:54:10]  [行14] 解析成功: SHSE.601868 [中国能建] BUY @ 3.39 (VR:2.05)
[2026-05-13 09:54:10]  [行15] 解析成功: SHSE.600722 [金牛化工] BUY @ 12.45 (VR:0.6)
[2026-05-13 09:54:10]  [行16] 解析成功: SHSE.600726 [华电能源] BUY @ 8.05 (VR:1.11)
[2026-05-13 09:54:10]  [行17] 解析成功: SHSE.688295 [中复神鹰] BUY @ 59.26 (VR:0.33)
[2026-05-13 09:54:10]  [行18] 解析成功: SZSE.300782 [卓胜微] BUY @ 108.2 (VR:0.79)
[2026-05-13 09:54:10]  [行19] 解析成功: SZSE.300866 [安克创新] BUY @ 126.8 (VR:0.92)
[2026-05-13 09:54:10] 成功保存 19 条因子至: signal_batch_20260513_095410_371047.txt
[2026-05-13 09:54:10]  QQ-主 邮件 3523 处理完成
[2026-05-13 09:54:10]  QQ-主 正在解析因子: =?utf-8?b?QWxwaGFQaWxvdCDlrp7ml7bkv6Hlj7cgKGFscGhhX3NpZ25hbF90aHJfMjAyNjA1MTNfMDk1Mi5qc29uKSBb5Li7UVEt5a+55aSWXQ==?=
[2026-05-13 09:54:10]  发现表格，共 23 行数据
[2026-05-13 09:54:10]  动态索引映射: ['股票代码', '股票名称', '信号', '当前价格', '量比', '来源过滤']
[2026-05-13 09:54:10]  [行1] 解析成功: SZSE.002679 [福建金森] SELL @ 10.87 (VR:0.23)
[2026-05-13 09:54:10]  [行2] 解析成功: SZSE.002925 [盈趣科技] BUY @ 20.24 (VR:0.11)
[2026-05-13 09:54:10]  [行3] 解析成功: SZSE.002046 [国机精工] SELL @ 58.65 (VR:0.61)
[2026-05-13 09:54:10]  [行4] 解析成功: SZSE.001309 [德利明] SELL @ 615.96 (VR:0.0)
[2026-05-13 09:54:10]  [行5] 解析成功: SZSE.002285 [世联行] SELL @ 3.29 (VR:0.0)
[2026-05-13 09:54:10]  [行6] 解析成功: SZSE.300432 [富临精工] SELL @ 27.46 (VR:0.0)
[2026-05-13 09:54:10]  [行7] 解析成功: SHSE.688617 [惠泰医疗] SELL @ 239.01 (VR:0.04)
[2026-05-13 09:54:10]  [行8] 解析成功: SHSE.688617 [惠泰医疗] SELL @ 238.88 (VR:0.15)
[2026-05-13 09:54:10]  [行9] 解析成功: SZSE.300346 [南大光电] BUY @ 55.04 (VR:0.22)
[2026-05-13 09:54:10]  [行10] 解析成功: SZSE.002460 [赣锋锂业] SELL @ 83.62 (VR:0.08)
[2026-05-13 09:54:10]  [行11] 解析成功: SZSE.000537 [绿发电力] BUY @ 11.58 (VR:2.18)
[2026-05-13 09:54:10]  [行12] 解析成功: SZSE.002679 [福建金森] SELL @ 10.85 (VR:1.75)
[2026-05-13 09:54:10]  [行13] 解析成功: SZSE.000338 [潍柴动力] BUY @ 33.07 (VR:0.31)
[2026-05-13 09:54:10]  [行14] 解析成功: SZSE.002925 [盈趣科技] BUY @ 20.35 (VR:0.05)
[2026-05-13 09:54:10]  [行15] 解析成功: SZSE.002046 [国机精工] SELL @ 58.35 (VR:0.23)
[2026-05-13 09:54:10]  [行16] 解析成功: SZSE.002828 [贝肯能源] SELL @ 11.49 (VR:0.07)
[2026-05-13 09:54:10]  [行17] 解析成功: SZSE.001309 [德利明] SELL @ 607.25 (VR:0.07)
[2026-05-13 09:54:10]  [行18] 解析成功: SZSE.002285 [世联行] SELL @ 3.27 (VR:0.01)
[2026-05-13 09:54:10]  [行19] 解析成功: SZSE.300432 [富临精工] SELL @ 27.11 (VR:0.17)
[2026-05-13 09:54:10]  [行20] 解析成功: SHSE.688617 [惠泰医疗] SELL @ 238.1 (VR:0.06)
[2026-05-13 09:54:10]  [行21] 解析成功: SHSE.688331 [荣昌生物] BUY @ 118.77 (VR:0.14)
[2026-05-13 09:54:10]  [行22] 解析成功: SHSE.688617 [惠泰医疗] SELL @ 237.81 (VR:0.1)
[2026-05-13 09:54:10]  [行23] 解析成功: SZSE.000592 [平潭发展] BUY @ 11.75 (VR:1.25)
[2026-05-13 09:54:10] 成功保存 23 条因子至: signal_batch_20260513_095410_813699.txt
[2026-05-13 09:54:10]  QQ-主 邮件 3524 处理完成
[2026-05-13 09:54:10]  QQ-主 本轮共成功处理 2 封有效信号邮件
[2026-05-13 09:54:11]  正在连接 QQ-备用 邮箱服务器 (shouqianbadavid@qq.com) ...
[2026-05-13 09:54:11]  QQ-备用 正在解析因子: =?utf-8?b?QWxwaGFQaWxvdCDlpIfku73kv6Hlj7cgKGFscGhhX3NpZ25hbF90aHJfMjAyNjA1MTNfMDk0MC5qc29uKSBb5aSHUVEt6Ieq5L+dXQ==?=
[2026-05-13 09:54:11]  发现表格，共 19 行数据
[2026-05-13 09:54:11]  动态索引映射: ['股票代码', '股票名称', '信号', '当前价格', '量比', '来源过滤']
[2026-05-13 09:54:11]  [行1] 解析成功: SZSE.300285 [国瓷材料] SELL @ 40.4 (VR:1.89)
[2026-05-13 09:54:11]  [行2] 解析成功: SZSE.002015 [协鑫能科] BUY @ 22.23 (VR:1.58)
[2026-05-13 09:54:11]  [行3] 解析成功: SZSE.301667 [纳百川] SELL @ 108.0 (VR:0.37)
[2026-05-13 09:54:11]  [行4] 解析成功: SHSE.688295 [奥林德] BUY @ 58.9 (VR:0.38)
[2026-05-13 09:54:11]  [行5] 解析成功: SHSE.601868 [中国能建] BUY @ 3.35 (VR:0.14)
[2026-05-13 09:54:11]  [行6] 解析成功: SHSE.601669 [中国电建] SELL @ 5.93 (VR:0.07)
[2026-05-13 09:54:11]  [行7] 解析成功: SHSE.600722 [金牛化工] BUY @ 12.06 (VR:1.27)
[2026-05-13 09:54:11]  [行8] 解析成功: SHSE.600726 [华电能源] BUY @ 7.82 (VR:0.67)
[2026-05-13 09:54:11]  [行9] 解析成功: SHSE.688295 [中复神鹰] BUY @ 59.3 (VR:0.01)
[2026-05-13 09:54:11]  [行10] 解析成功: SZSE.300782 [卓胜微] BUY @ 108.18 (VR:0.66)
[2026-05-13 09:54:11]  [行11] 解析成功: SZSE.300285 [国瓷材料] SELL @ 40.31 (VR:1.66)
[2026-05-13 09:54:11]  [行12] 解析成功: SZSE.002015 [协鑫能科] BUY @ 22.66 (VR:1.88)
[2026-05-13 09:54:11]  [行13] 解析成功: SHSE.688295 [奥林德] BUY @ 59.04 (VR:0.24)
[2026-05-13 09:54:11]  [行14] 解析成功: SHSE.601868 [中国能建] BUY @ 3.39 (VR:2.05)
[2026-05-13 09:54:11]  [行15] 解析成功: SHSE.600722 [金牛化工] BUY @ 12.45 (VR:0.6)
[2026-05-13 09:54:11]  [行16] 解析成功: SHSE.600726 [华电能源] BUY @ 8.05 (VR:1.11)
[2026-05-13 09:54:11]  [行17] 解析成功: SHSE.688295 [中复神鹰] BUY @ 59.26 (VR:0.33)
[2026-05-13 09:54:11]  [行18] 解析成功: SZSE.300782 [卓胜微] BUY @ 108.2 (VR:0.79)
[2026-05-13 09:54:11]  [行19] 解析成功: SZSE.300866 [安克创新] BUY @ 126.8 (VR:0.92)
[2026-05-13 09:54:11] 成功保存 19 条因子至: signal_batch_20260513_095411_907697.txt
[2026-05-13 09:54:12]  QQ-备用 邮件 834 处理完成
[2026-05-13 09:54:12]  QQ-备用 正在解析因子: =?utf-8?b?QWxwaGFQaWxvdCDlpIfku73kv6Hlj7cgKGFscGhhX3NpZ25hbF90aHJfMjAyNjA1MTNfMDk1Mi5qc29uKSBb5aSHUVEt6Ieq5L+dXQ==?=
[2026-05-13 09:54:12]  发现表格，共 23 行数据
[2026-05-13 09:54:12]  动态索引映射: ['股票代码', '股票名称', '信号', '当前价格', '量比', '来源过滤']
[2026-05-13 09:54:12]  [行1] 解析成功: SZSE.002679 [福建金森] SELL @ 10.87 (VR:0.23)
[2026-05-13 09:54:12]  [行2] 解析成功: SZSE.002925 [盈趣科技] BUY @ 20.24 (VR:0.11)
[2026-05-13 09:54:12]  [行3] 解析成功: SZSE.002046 [国机精工] SELL @ 58.65 (VR:0.61)
[2026-05-13 09:54:12]  [行4] 解析成功: SZSE.001309 [德利明] SELL @ 615.96 (VR:0.0)
[2026-05-13 09:54:12]  [行5] 解析成功: SZSE.002285 [世联行] SELL @ 3.29 (VR:0.0)
[2026-05-13 09:54:12]  [行6] 解析成功: SZSE.300432 [富临精工] SELL @ 27.46 (VR:0.0)
[2026-05-13 09:54:12]  [行7] 解析成功: SHSE.688617 [惠泰医疗] SELL @ 239.01 (VR:0.04)
[2026-05-13 09:54:12]  [行8] 解析成功: SHSE.688617 [惠泰医疗] SELL @ 238.88 (VR:0.15)
[2026-05-13 09:54:12]  [行9] 解析成功: SZSE.300346 [南大光电] BUY @ 55.04 (VR:0.22)
[2026-05-13 09:54:12]  [行10] 解析成功: SZSE.002460 [赣锋锂业] SELL @ 83.62 (VR:0.08)
[2026-05-13 09:54:12]  [行11] 解析成功: SZSE.000537 [绿发电力] BUY @ 11.58 (VR:2.18)
[2026-05-13 09:54:12]  [行12] 解析成功: SZSE.002679 [福建金森] SELL @ 10.85 (VR:1.75)
[2026-05-13 09:54:12]  [行13] 解析成功: SZSE.000338 [潍柴动力] BUY @ 33.07 (VR:0.31)
[2026-05-13 09:54:12]  [行14] 解析成功: SZSE.002925 [盈趣科技] BUY @ 20.35 (VR:0.05)
[2026-05-13 09:54:12]  [行15] 解析成功: SZSE.002046 [国机精工] SELL @ 58.35 (VR:0.23)
[2026-05-13 09:54:12]  [行16] 解析成功: SZSE.002828 [贝肯能源] SELL @ 11.49 (VR:0.07)
[2026-05-13 09:54:12]  [行17] 解析成功: SZSE.001309 [德利明] SELL @ 607.25 (VR:0.07)
[2026-05-13 09:54:12]  [行18] 解析成功: SZSE.002285 [世联行] SELL @ 3.27 (VR:0.01)
[2026-05-13 09:54:12]  [行19] 解析成功: SZSE.300432 [富临精工] SELL @ 27.11 (VR:0.17)
[2026-05-13 09:54:12]  [行20] 解析成功: SHSE.688617 [惠泰医疗] SELL @ 238.1 (VR:0.06)
[2026-05-13 09:54:12]  [行21] 解析成功: SHSE.688331 [荣昌生物] BUY @ 118.77 (VR:0.14)
[2026-05-13 09:54:12]  [行22] 解析成功: SHSE.688617 [惠泰医疗] SELL @ 237.81 (VR:0.1)
[2026-05-13 09:54:12]  [行23] 解析成功: SZSE.000592 [平潭发展] BUY @ 11.75 (VR:1.25)
[2026-05-13 09:54:12] 成功保存 23 条因子至: signal_batch_20260513_095412_286076.txt
[2026-05-13 09:54:12]  QQ-备用 邮件 835 处理完成
[2026-05-13 09:54:12]  QQ-备用 本轮共成功处理 2 封有效信号邮件
[2026-05-13 09:54:47]  正在连接 QQ-主 邮箱服务器 (497720537@qq.com) ...
[2026-05-13 09:54:48]  正在连接 QQ-备用 邮箱服务器 (shouqianbadavid@qq.com) ...
[2026-05-13 09:55:24]  正在连接 QQ-主 邮箱服务器 (497720537@qq.com) ...
[2026-05-13 09:55:24]  正在连接 QQ-备用 邮箱服务器 (shouqianbadavid@qq.com) ...
[2026-05-13 09:56:00]  正在连接 QQ-主 邮箱服务器 (497720537@qq.com) ...
[2026-05-13 09:56:01]  正在连接 QQ-备用 邮箱服务器 (shouqianbadavid@qq.com) ...
[2026-05-13 09:56:36]  正在连接 QQ-主 邮箱服务器 (497720537@qq.com) ...
[2026-05-13 09:56:37]  正在连接 QQ-备用 邮箱服务器 (shouqianbadavid@qq.com) ...
[2026-05-13 09:57:12]  正在连接 QQ-主 邮箱服务器 (497720537@qq.com) ...
[2026-05-13 09:57:13]  正在连接 QQ-备用 邮箱服务器 (shouqianbadavid@qq.com) ...
[2026-05-13 09:57:49]  正在连接 QQ-主 邮箱服务器 (497720537@qq.com) ...
[2026-05-13 09:57:49]  正在连接 QQ-备用 邮箱服务器 (shouqianbadavid@qq.com) ...
[2026-05-13 09:58:25]  正在连接 QQ-主 邮箱服务器 (497720537@qq.com) ...
[2026-05-13 09:58:25]  正在连接 QQ-备用 邮箱服务器 (shouqianbadavid@qq.com) ...
[2026-05-13 09:59:01]  正在连接 QQ-主 邮箱服务器 (497720537@qq.com) ...
[2026-05-13 09:59:01]  正在连接 QQ-备用 邮箱服务器 (shouqianbadavid@qq.com) ...
[2026-05-13 09:59:37]  正在连接 QQ-主 邮箱服务器 (497720537@qq.com) ...
[2026-05-13 09:59:37]  正在连接 QQ-备用 邮箱服务器 (shouqianbadavid@qq.com) ...
[2026-05-13 10:00:13]  正在连接 QQ-主 邮箱服务器 (497720537@qq.com) ...
[2026-05-13 10:00:14]  正在连接 QQ-备用 邮箱服务器 (shouqianbadavid@qq.com) ...
[2026-05-13 10:00:49]  正在连接 QQ-主 邮箱服务器 (497720537@qq.com) ...
[2026-05-13 10:00:50]  正在连接 QQ-备用 邮箱服务器 (shouqianbadavid@qq.com) ...
[2026-05-13 10:01:26]  正在连接 QQ-主 邮箱服务器 (497720537@qq.com) ...
[2026-05-13 10:01:26]  正在连接 QQ-备用 邮箱服务器 (shouqianbadavid@qq.com) ...
[2026-05-13 10:02:02]  正在连接 QQ-主 邮箱服务器 (497720537@qq.com) ...
[2026-05-13 10:02:02]  正在连接 QQ-备用 邮箱服务器 (shouqianbadavid@qq.com) ...
[2026-05-13 10:02:38]  正在连接 QQ-主 邮箱服务器 (497720537@qq.com) ...
[2026-05-13 10:02:38]  正在连接 QQ-备用 邮箱服务器 (shouqianbadavid@qq.com) ...
[2026-05-13 10:03:14]  正在连接 QQ-主 邮箱服务器 (497720537@qq.com) ...
[2026-05-13 10:03:15]  正在连接 QQ-备用 邮箱服务器 (shouqianbadavid@qq.com) ...
[2026-05-13 10:03:50]  正在连接 QQ-主 邮箱服务器 (497720537@qq.com) ...
[2026-05-13 10:03:51]  QQ-主 正在解析因子: =?utf-8?b?QWxwaGFQaWxvdCDlrp7ml7bkv6Hlj7cgKGFscGhhX3NpZ25hbF90aHJfMjAyNjA1MTNfMTAwMy5qc29uKSBb5Li7UVEt5a+55aSWXQ==?=
[2026-05-13 10:03:51]  发现表格，共 25 行数据
[2026-05-13 10:03:51]  动态索引映射: ['股票代码', '股票名称', '信号', '当前价格', '量比', '来源过滤']
[2026-05-13 10:03:51]  [行1] 解析成功: SZSE.002455 [百川股份] BUY @ 10.08 (VR:2.37)
[2026-05-13 10:03:51]  [行2] 解析成功: SZSE.300677 [英科医疗] SELL @ 53.21 (VR:1.04)
[2026-05-13 10:03:51]  [行3] 解析成功: SZSE.300285 [国瓷材料] SELL @ 42.0 (VR:2.97)
[2026-05-13 10:03:51]  [行4] 解析成功: SZSE.300393 [中来股份] BUY @ 12.26 (VR:0.18)
[2026-05-13 10:03:51]  [行5] 解析成功: SZSE.301278 [快克股份] BUY @ 40.94 (VR:0.02)
[2026-05-13 10:03:51]  [行6] 解析成功: SZSE.300868 [杰美特] BUY @ 89.45 (VR:0.93)
[2026-05-13 10:03:51]  [行7] 解析成功: SZSE.300953 [震裕科技] SELL @ 231.78 (VR:0.31)
[2026-05-13 10:03:51]  [行8] 解析成功: SZSE.300568 [星源材质] SELL @ 17.88 (VR:0.84)
[2026-05-13 10:03:51]  [行9] 解析成功: SZSE.300054 [鼎龙股份] BUY @ 65.45 (VR:0.54)
[2026-05-13 10:03:51]  [行10] 解析成功: SZSE.003035 [南网能源] BUY @ 8.19 (VR:0.65)
[2026-05-13 10:03:51]  [行11] 解析成功: SZSE.002202 [金风科技] SELL @ 27.68 (VR:0.3)
[2026-05-13 10:03:51]  [行12] 解析成功: SZSE.301165 [锐捷网络] SELL @ 100.73 (VR:0.15)
[2026-05-13 10:03:51]  [行13] 解析成功: SZSE.300207 [欣旺达] SELL @ 26.18 (VR:0.36)
[2026-05-13 10:03:51]  [行14] 解析成功: SZSE.300677 [英科医疗] BUY @ 53.4 (VR:1.18)
[2026-05-13 10:03:51]  [行15] 解析成功: SZSE.300274 [阳光电源] BUY @ 142.04 (VR:1.2)
[2026-05-13 10:03:51]  [行16] 解析成功: SZSE.300285 [国瓷材料] SELL @ 41.67 (VR:0.18)
[2026-05-13 10:03:51]  [行17] 解析成功: SZSE.002195 [岩山科技] BUY @ 8.9 (VR:0.32)
[2026-05-13 10:03:51]  [行18] 解析成功: SZSE.002611 [东方精工] BUY @ 18.5 (VR:0.21)
[2026-05-13 10:03:51]  [行19] 解析成功: SZSE.301419 [瑞可达] BUY @ 44.16 (VR:1.14)
[2026-05-13 10:03:51]  [行20] 解析成功: SZSE.301071 [力量钻石] BUY @ 60.58 (VR:1.04)
[2026-05-13 10:03:51]  [行21] 解析成功: SZSE.300930 [屹通新材] SELL @ 32.89 (VR:0.11)
[2026-05-13 10:03:51]  [行22] 解析成功: SZSE.300449 [汉邦高科] SELL @ 12.24 (VR:1.87)
[2026-05-13 10:03:51]  [行23] 解析成功: SZSE.300868 [杰美特] BUY @ 89.97 (VR:2.59)
[2026-05-13 10:03:51]  [行24] 解析成功: SZSE.300953 [震裕科技] SELL @ 231.19 (VR:0.53)
[2026-05-13 10:03:51]  [行25] 解析成功: SZSE.300054 [鼎龙股份] BUY @ 65.6 (VR:1.24)
[2026-05-13 10:03:51] 成功保存 25 条因子至: signal_batch_20260513_100351_333932.txt
[2026-05-13 10:03:51]  QQ-主 邮件 3525 处理完成
[2026-05-13 10:03:51]  QQ-主 本轮共成功处理 1 封有效信号邮件
[2026-05-13 10:03:51]  正在连接 QQ-备用 邮箱服务器 (shouqianbadavid@qq.com) ...
[2026-05-13 10:03:52]  QQ-备用 正在解析因子: =?utf-8?b?QWxwaGFQaWxvdCDlpIfku73kv6Hlj7cgKGFscGhhX3NpZ25hbF90aHJfMjAyNjA1MTNfMTAwMy5qc29uKSBb5aSHUVEt6Ieq5L+dXQ==?=
[2026-05-13 10:03:52]  发现表格，共 25 行数据
[2026-05-13 10:03:52]  动态索引映射: ['股票代码', '股票名称', '信号', '当前价格', '量比', '来源过滤']
[2026-05-13 10:03:52]  [行1] 解析成功: SZSE.002455 [百川股份] BUY @ 10.08 (VR:2.37)
[2026-05-13 10:03:52]  [行2] 解析成功: SZSE.300677 [英科医疗] SELL @ 53.21 (VR:1.04)
[2026-05-13 10:03:52]  [行3] 解析成功: SZSE.300285 [国瓷材料] SELL @ 42.0 (VR:2.97)
[2026-05-13 10:03:52]  [行4] 解析成功: SZSE.300393 [中来股份] BUY @ 12.26 (VR:0.18)
[2026-05-13 10:03:52]  [行5] 解析成功: SZSE.301278 [快克股份] BUY @ 40.94 (VR:0.02)
[2026-05-13 10:03:52]  [行6] 解析成功: SZSE.300868 [杰美特] BUY @ 89.45 (VR:0.93)
[2026-05-13 10:03:52]  [行7] 解析成功: SZSE.300953 [震裕科技] SELL @ 231.78 (VR:0.31)
[2026-05-13 10:03:52]  [行8] 解析成功: SZSE.300568 [星源材质] SELL @ 17.88 (VR:0.84)
[2026-05-13 10:03:52]  [行9] 解析成功: SZSE.300054 [鼎龙股份] BUY @ 65.45 (VR:0.54)
[2026-05-13 10:03:52]  [行10] 解析成功: SZSE.003035 [南网能源] BUY @ 8.19 (VR:0.65)
[2026-05-13 10:03:52]  [行11] 解析成功: SZSE.002202 [金风科技] SELL @ 27.68 (VR:0.3)
[2026-05-13 10:03:52]  [行12] 解析成功: SZSE.301165 [锐捷网络] SELL @ 100.73 (VR:0.15)
[2026-05-13 10:03:52]  [行13] 解析成功: SZSE.300207 [欣旺达] SELL @ 26.18 (VR:0.36)
[2026-05-13 10:03:52]  [行14] 解析成功: SZSE.300677 [英科医疗] BUY @ 53.4 (VR:1.18)
[2026-05-13 10:03:52]  [行15] 解析成功: SZSE.300274 [阳光电源] BUY @ 142.04 (VR:1.2)
[2026-05-13 10:03:52]  [行16] 解析成功: SZSE.300285 [国瓷材料] SELL @ 41.67 (VR:0.18)
[2026-05-13 10:03:52]  [行17] 解析成功: SZSE.002195 [岩山科技] BUY @ 8.9 (VR:0.32)
[2026-05-13 10:03:52]  [行18] 解析成功: SZSE.002611 [东方精工] BUY @ 18.5 (VR:0.21)
[2026-05-13 10:03:52]  [行19] 解析成功: SZSE.301419 [瑞可达] BUY @ 44.16 (VR:1.14)
[2026-05-13 10:03:52]  [行20] 解析成功: SZSE.301071 [力量钻石] BUY @ 60.58 (VR:1.04)
[2026-05-13 10:03:52]  [行21] 解析成功: SZSE.300930 [屹通新材] SELL @ 32.89 (VR:0.11)
[2026-05-13 10:03:52]  [行22] 解析成功: SZSE.300449 [汉邦高科] SELL @ 12.24 (VR:1.87)
[2026-05-13 10:03:52]  [行23] 解析成功: SZSE.300868 [杰美特] BUY @ 89.97 (VR:2.59)
[2026-05-13 10:03:52]  [行24] 解析成功: SZSE.300953 [震裕科技] SELL @ 231.19 (VR:0.53)
[2026-05-13 10:03:52]  [行25] 解析成功: SZSE.300054 [鼎龙股份] BUY @ 65.6 (VR:1.24)
[2026-05-13 10:03:52] 成功保存 25 条因子至: signal_batch_20260513_100352_304750.txt
[2026-05-13 10:03:52]  QQ-备用 邮件 836 处理完成
[2026-05-13 10:03:52]  QQ-备用 本轮共成功处理 1 封有效信号邮件
[2026-05-13 10:04:27]  正在连接 QQ-主 邮箱服务器 (497720537@qq.com) ...
[2026-05-13 10:04:28]  正在连接 QQ-备用 邮箱服务器 (shouqianbadavid@qq.com) ...
[2026-05-13 10:05:04]  正在连接 QQ-主 邮箱服务器 (497720537@qq.com) ...
[2026-05-13 10:05:04]  正在连接 QQ-备用 邮箱服务器 (shouqianbadavid@qq.com) ...
[2026-05-13 10:05:40]  正在连接 QQ-主 邮箱服务器 (497720537@qq.com) ...
[2026-05-13 10:05:40]  正在连接 QQ-备用 邮箱服务器 (shouqianbadavid@qq.com) ...
[2026-05-13 10:06:16]  正在连接 QQ-主 邮箱服务器 (497720537@qq.com) ...
[2026-05-13 10:06:17]  正在连接 QQ-备用 邮箱服务器 (shouqianbadavid@qq.com) ...
[2026-05-13 10:06:52]  正在连接 QQ-主 邮箱服务器 (497720537@qq.com) ...
[2026-05-13 10:06:53]  正在连接 QQ-备用 邮箱服务器 (shouqianbadavid@qq.com) ...
[2026-05-13 10:07:29]  正在连接 QQ-主 邮箱服务器 (497720537@qq.com) ...
[2026-05-13 10:07:29]  正在连接 QQ-备用 邮箱服务器 (shouqianbadavid@qq.com) ...
[2026-05-13 10:08:05]  正在连接 QQ-主 邮箱服务器 (497720537@qq.com) ...
[2026-05-13 10:08:05]  正在连接 QQ-备用 邮箱服务器 (shouqianbadavid@qq.com) ...
[2026-05-13 10:08:41]  正在连接 QQ-主 邮箱服务器 (497720537@qq.com) ...
[2026-05-13 10:08:42]  正在连接 QQ-备用 邮箱服务器 (shouqianbadavid@qq.com) ...
[2026-05-13 10:09:17]  正在连接 QQ-主 邮箱服务器 (497720537@qq.com) ...
[2026-05-13 10:09:18]  正在连接 QQ-备用 邮箱服务器 (shouqianbadavid@qq.com) ...
[2026-05-13 10:09:54]  正在连接 QQ-主 邮箱服务器 (497720537@qq.com) ...
[2026-05-13 10:09:55]  正在连接 QQ-备用 邮箱服务器 (shouqianbadavid@qq.com) ...
[2026-05-13 10:10:30]  正在连接 QQ-主 邮箱服务器 (497720537@qq.com) ...
[2026-05-13 10:10:31]  正在连接 QQ-备用 邮箱服务器 (shouqianbadavid@qq.com) ...
[2026-05-13 10:11:07]  正在连接 QQ-主 邮箱服务器 (497720537@qq.com) ...
[2026-05-13 10:11:08]  正在连接 QQ-备用 邮箱服务器 (shouqianbadavid@qq.com) ...
[2026-05-13 10:11:43]  正在连接 QQ-主 邮箱服务器 (497720537@qq.com) ...
[2026-05-13 10:11:44]  QQ-主 正在解析因子: =?utf-8?b?QWxwaGFQaWxvdCDlrp7ml7bkv6Hlj7cgKGFscGhhX3NpZ25hbF90aHJfMjAyNjA1MTNfMTAxMS5qc29uKSBb5Li7UVEt5a+55aSWXQ==?=
[2026-05-13 10:11:44]  发现表格，共 16 行数据
[2026-05-13 10:11:44]  动态索引映射: ['股票代码', '股票名称', '信号', '当前价格', '量比', '来源过滤']
[2026-05-13 10:11:44]  [行1] 解析成功: SZSE.301120 [新特电器] SELL @ 22.08 (VR:1.64)
[2026-05-13 10:11:44]  [行2] 解析成功: SZSE.300641 [正丹股份] BUY @ 17.13 (VR:0.16)
[2026-05-13 10:11:44]  [行3] 解析成功: SZSE.300461 [田中精机] BUY @ 53.43 (VR:0.29)
[2026-05-13 10:11:44]  [行4] 解析成功: SZSE.301389 [隆扬电子] BUY @ 78.73 (VR:0.35)
[2026-05-13 10:11:44]  [行5] 解析成功: SZSE.300468 [四方精创] SELL @ 29.12 (VR:0.38)
[2026-05-13 10:11:44]  [行6] 解析成功: SZSE.301449 [天溯计量] SELL @ 70.99 (VR:1.13)
[2026-05-13 10:11:44]  [行7] 解析成功: SHSE.603353 [和顺电气] BUY @ 52.41 (VR:0.58)
[2026-05-13 10:11:44]  [行8] 解析成功: SZSE.300243 [瑞丰光电] SELL @ 19.71 (VR:0.48)
[2026-05-13 10:11:44]  [行9] 解析成功: SZSE.301220 [亚香股份] SELL @ 42.9 (VR:0.3)
[2026-05-13 10:11:44]  [行10] 解析成功: SZSE.300672 [国科微] BUY @ 229.7 (VR:0.39)
[2026-05-13 10:11:44]  [行11] 解析成功: SZSE.300722 [新余国科] SELL @ 28.24 (VR:0.04)
[2026-05-13 10:11:44]  [行12] 解析成功: SZSE.301120 [新特电器] SELL @ 21.86 (VR:1.07)
[2026-05-13 10:11:44]  [行13] 解析成功: SZSE.300461 [田中精机] BUY @ 53.46 (VR:0.42)
[2026-05-13 10:11:44]  [行14] 解析成功: SZSE.301329 [信音电子] BUY @ 26.52 (VR:1.86)
[2026-05-13 10:11:44]  [行15] 解析成功: SZSE.301389 [隆扬电子] BUY @ 78.82 (VR:0.01)
[2026-05-13 10:11:44]  [行16] 解析成功: SZSE.300468 [四方精创] SELL @ 29.11 (VR:0.23)
[2026-05-13 10:11:44] 成功保存 16 条因子至: signal_batch_20260513_101144_295608.txt
[2026-05-13 10:11:44]  QQ-主 邮件 3526 处理完成
[2026-05-13 10:11:44]  QQ-主 本轮共成功处理 1 封有效信号邮件
[2026-05-13 10:11:44]  正在连接 QQ-备用 邮箱服务器 (shouqianbadavid@qq.com) ...
[2026-05-13 10:12:20]  正在连接 QQ-主 邮箱服务器 (497720537@qq.com) ...
[2026-05-13 10:12:21]  正在连接 QQ-备用 邮箱服务器 (shouqianbadavid@qq.com) ...
[2026-05-13 10:12:21]  QQ-备用 正在解析因子: =?utf-8?b?QWxwaGFQaWxvdCDlpIfku73kv6Hlj7cgKGFscGhhX3NpZ25hbF90aHJfMjAyNjA1MTNfMTAxMS5qc29uKSBb5aSHUVEt6Ieq5L+dXQ==?=
[2026-05-13 10:12:21]  发现表格，共 16 行数据
[2026-05-13 10:12:21]  动态索引映射: ['股票代码', '股票名称', '信号', '当前价格', '量比', '来源过滤']
[2026-05-13 10:12:21]  [行1] 解析成功: SZSE.301120 [新特电器] SELL @ 22.08 (VR:1.64)
[2026-05-13 10:12:21]  [行2] 解析成功: SZSE.300641 [正丹股份] BUY @ 17.13 (VR:0.16)
[2026-05-13 10:12:21]  [行3] 解析成功: SZSE.300461 [田中精机] BUY @ 53.43 (VR:0.29)
[2026-05-13 10:12:21]  [行4] 解析成功: SZSE.301389 [隆扬电子] BUY @ 78.73 (VR:0.35)
[2026-05-13 10:12:21]  [行5] 解析成功: SZSE.300468 [四方精创] SELL @ 29.12 (VR:0.38)
[2026-05-13 10:12:21]  [行6] 解析成功: SZSE.301449 [天溯计量] SELL @ 70.99 (VR:1.13)
[2026-05-13 10:12:21]  [行7] 解析成功: SHSE.603353 [和顺电气] BUY @ 52.41 (VR:0.58)
[2026-05-13 10:12:21]  [行8] 解析成功: SZSE.300243 [瑞丰光电] SELL @ 19.71 (VR:0.48)
[2026-05-13 10:12:21]  [行9] 解析成功: SZSE.301220 [亚香股份] SELL @ 42.9 (VR:0.3)
[2026-05-13 10:12:21]  [行10] 解析成功: SZSE.300672 [国科微] BUY @ 229.7 (VR:0.39)
[2026-05-13 10:12:21]  [行11] 解析成功: SZSE.300722 [新余国科] SELL @ 28.24 (VR:0.04)
[2026-05-13 10:12:21]  [行12] 解析成功: SZSE.301120 [新特电器] SELL @ 21.86 (VR:1.07)
[2026-05-13 10:12:21]  [行13] 解析成功: SZSE.300461 [田中精机] BUY @ 53.46 (VR:0.42)
[2026-05-13 10:12:21]  [行14] 解析成功: SZSE.301329 [信音电子] BUY @ 26.52 (VR:1.86)
[2026-05-13 10:12:21]  [行15] 解析成功: SZSE.301389 [隆扬电子] BUY @ 78.82 (VR:0.01)
[2026-05-13 10:12:21]  [行16] 解析成功: SZSE.300468 [四方精创] SELL @ 29.11 (VR:0.23)
[2026-05-13 10:12:21] 成功保存 16 条因子至: signal_batch_20260513_101221_841653.txt
[2026-05-13 10:12:22]  QQ-备用 邮件 837 处理完成
[2026-05-13 10:12:22]  QQ-备用 本轮共成功处理 1 封有效信号邮件
[2026-05-13 10:12:57]  正在连接 QQ-主 邮箱服务器 (497720537@qq.com) ...
[2026-05-13 10:12:57]  正在连接 QQ-备用 邮箱服务器 (shouqianbadavid@qq.com) ...
[2026-05-13 10:13:33]  正在连接 QQ-主 邮箱服务器 (497720537@qq.com) ...
[2026-05-13 10:13:33]  正在连接 QQ-备用 邮箱服务器 (shouqianbadavid@qq.com) ...
[2026-05-13 10:14:09]  正在连接 QQ-主 邮箱服务器 (497720537@qq.com) ...
[2026-05-13 10:14:10]  正在连接 QQ-备用 邮箱服务器 (shouqianbadavid@qq.com) ...
[2026-05-13 10:14:46]  正在连接 QQ-主 邮箱服务器 (497720537@qq.com) ...
[2026-05-13 10:14:46]  正在连接 QQ-备用 邮箱服务器 (shouqianbadavid@qq.com) ...
[2026-05-13 10:15:22]  正在连接 QQ-主 邮箱服务器 (497720537@qq.com) ...
[2026-05-13 10:15:23]  正在连接 QQ-备用 邮箱服务器 (shouqianbadavid@qq.com) ...
[2026-05-13 10:15:58]  正在连接 QQ-主 邮箱服务器 (497720537@qq.com) ...
[2026-05-13 10:15:59]  正在连接 QQ-备用 邮箱服务器 (shouqianbadavid@qq.com) ...
[2026-05-13 10:16:35]  正在连接 QQ-主 邮箱服务器 (497720537@qq.com) ...
[2026-05-13 10:16:36]  正在连接 QQ-备用 邮箱服务器 (shouqianbadavid@qq.com) ...
[2026-05-13 10:17:11]  正在连接 QQ-主 邮箱服务器 (497720537@qq.com) ...
[2026-05-13 10:17:12]  正在连接 QQ-备用 邮箱服务器 (shouqianbadavid@qq.com) ...
[2026-05-13 10:17:47]  正在连接 QQ-主 邮箱服务器 (497720537@qq.com) ...
[2026-05-13 10:17:48]  正在连接 QQ-备用 邮箱服务器 (shouqianbadavid@qq.com) ...
[2026-05-13 10:18:23]  正在连接 QQ-主 邮箱服务器 (497720537@qq.com) ...
[2026-05-13 10:18:24]  正在连接 QQ-备用 邮箱服务器 (shouqianbadavid@qq.com) ...
[2026-05-13 10:19:00]  正在连接 QQ-主 邮箱服务器 (497720537@qq.com) ...
[2026-05-13 10:19:01]  正在连接 QQ-备用 邮箱服务器 (shouqianbadavid@qq.com) ...
[2026-05-13 10:19:36]  正在连接 QQ-主 邮箱服务器 (497720537@qq.com) ...
[2026-05-13 10:19:37]  正在连接 QQ-备用 邮箱服务器 (shouqianbadavid@qq.com) ...
[2026-05-13 10:20:13]  正在连接 QQ-主 邮箱服务器 (497720537@qq.com) ...
[2026-05-13 10:20:13]  正在连接 QQ-备用 邮箱服务器 (shouqianbadavid@qq.com) ...
[2026-05-13 10:20:49]  正在连接 QQ-主 邮箱服务器 (497720537@qq.com) ...
[2026-05-13 10:20:49]  正在连接 QQ-备用 邮箱服务器 (shouqianbadavid@qq.com) ...
[2026-05-13 10:21:25]  正在连接 QQ-主 邮箱服务器 (497720537@qq.com) ...
[2026-05-13 10:21:26]  正在连接 QQ-备用 邮箱服务器 (shouqianbadavid@qq.com) ...
[2026-05-13 10:22:01]  正在连接 QQ-主 邮箱服务器 (497720537@qq.com) ...
[2026-05-13 10:22:02]  QQ-主 正在解析因子: =?utf-8?b?QWxwaGFQaWxvdCDlrp7ml7bkv6Hlj7cgKGFscGhhX3NpZ25hbF90aHJfMjAyNjA1MTNfMTAyMS5qc29uKSBb5Li7UVEt5a+55aSWXQ==?=
[2026-05-13 10:22:02]  发现表格，共 15 行数据
[2026-05-13 10:22:02]  动态索引映射: ['股票代码', '股票名称', '信号', '当前价格', '量比', '来源过滤']
[2026-05-13 10:22:02]  [行1] 解析成功: SZSE.300763 [锦浪科技] BUY @ 100.11 (VR:0.06)
[2026-05-13 10:22:02]  [行2] 解析成功: SZSE.300285 [国瓷材料] BUY @ 41.78 (VR:0.53)
[2026-05-13 10:22:02]  [行3] 解析成功: SHSE.688295 [奥林德] SELL @ 59.28 (VR:0.36)
[2026-05-13 10:22:02]  [行4] 解析成功: SZSE.002445 [中南文化] SELL @ 4.09 (VR:0.07)
[2026-05-13 10:22:02]  [行5] 解析成功: SHSE.601669 [中国电建] BUY @ 6.15 (VR:1.23)
[2026-05-13 10:22:02]  [行6] 解析成功: SHSE.600821 [金发科技] BUY @ 9.73 (VR:1.69)
[2026-05-13 10:22:02]  [行7] 解析成功: SHSE.600722 [金牛化工] SELL @ 12.67 (VR:1.09)
[2026-05-13 10:22:02]  [行8] 解析成功: SZSE.300782 [卓胜微] BUY @ 111.98 (VR:0.99)
[2026-05-13 10:22:02]  [行9] 解析成功: SZSE.300285 [国瓷材料] BUY @ 41.83 (VR:0.45)
[2026-05-13 10:22:02]  [行10] 解析成功: SZSE.002445 [中南文化] SELL @ 4.06 (VR:0.54)
[2026-05-13 10:22:02]  [行11] 解析成功: SHSE.601868 [中国能建] SELL @ 3.5 (VR:0.02)
[2026-05-13 10:22:02]  [行12] 解析成功: SHSE.600821 [金发科技] BUY @ 9.8 (VR:0.62)
[2026-05-13 10:22:02]  [行13] 解析成功: SHSE.600722 [金牛化工] SELL @ 12.66 (VR:0.34)
[2026-05-13 10:22:02]  [行14] 解析成功: SHSE.601016 [节能风电] BUY @ 5.63 (VR:0.12)
[2026-05-13 10:22:02]  [行15] 解析成功: SZSE.300782 [卓胜微] BUY @ 113.09 (VR:0.0)
[2026-05-13 10:22:02] 成功保存 15 条因子至: signal_batch_20260513_102202_670233.txt
[2026-05-13 10:22:02]  QQ-主 邮件 3527 处理完成
[2026-05-13 10:22:02]  QQ-主 本轮共成功处理 1 封有效信号邮件
[2026-05-13 10:22:02]  正在连接 QQ-备用 邮箱服务器 (shouqianbadavid@qq.com) ...
[2026-05-13 10:22:03]  QQ-备用 正在解析因子: =?utf-8?b?QWxwaGFQaWxvdCDlpIfku73kv6Hlj7cgKGFscGhhX3NpZ25hbF90aHJfMjAyNjA1MTNfMTAyMS5qc29uKSBb5aSHUVEt6Ieq5L+dXQ==?=
[2026-05-13 10:22:03]  发现表格，共 15 行数据
[2026-05-13 10:22:03]  动态索引映射: ['股票代码', '股票名称', '信号', '当前价格', '量比', '来源过滤']
[2026-05-13 10:22:03]  [行1] 解析成功: SZSE.300763 [锦浪科技] BUY @ 100.11 (VR:0.06)
[2026-05-13 10:22:03]  [行2] 解析成功: SZSE.300285 [国瓷材料] BUY @ 41.78 (VR:0.53)
[2026-05-13 10:22:03]  [行3] 解析成功: SHSE.688295 [奥林德] SELL @ 59.28 (VR:0.36)
[2026-05-13 10:22:03]  [行4] 解析成功: SZSE.002445 [中南文化] SELL @ 4.09 (VR:0.07)
[2026-05-13 10:22:03]  [行5] 解析成功: SHSE.601669 [中国电建] BUY @ 6.15 (VR:1.23)
[2026-05-13 10:22:03]  [行6] 解析成功: SHSE.600821 [金发科技] BUY @ 9.73 (VR:1.69)
[2026-05-13 10:22:03]  [行7] 解析成功: SHSE.600722 [金牛化工] SELL @ 12.67 (VR:1.09)
[2026-05-13 10:22:03]  [行8] 解析成功: SZSE.300782 [卓胜微] BUY @ 111.98 (VR:0.99)
[2026-05-13 10:22:03]  [行9] 解析成功: SZSE.300285 [国瓷材料] BUY @ 41.83 (VR:0.45)
[2026-05-13 10:22:03]  [行10] 解析成功: SZSE.002445 [中南文化] SELL @ 4.06 (VR:0.54)
[2026-05-13 10:22:03]  [行11] 解析成功: SHSE.601868 [中国能建] SELL @ 3.5 (VR:0.02)
[2026-05-13 10:22:03]  [行12] 解析成功: SHSE.600821 [金发科技] BUY @ 9.8 (VR:0.62)
[2026-05-13 10:22:03]  [行13] 解析成功: SHSE.600722 [金牛化工] SELL @ 12.66 (VR:0.34)
[2026-05-13 10:22:03]  [行14] 解析成功: SHSE.601016 [节能风电] BUY @ 5.63 (VR:0.12)
[2026-05-13 10:22:03]  [行15] 解析成功: SZSE.300782 [卓胜微] BUY @ 113.09 (VR:0.0)
[2026-05-13 10:22:03] 成功保存 15 条因子至: signal_batch_20260513_102203_987856.txt
[2026-05-13 10:22:04]  QQ-备用 邮件 838 处理完成
[2026-05-13 10:22:04]  QQ-备用 本轮共成功处理 1 封有效信号邮件
[2026-05-13 10:22:39]  正在连接 QQ-主 邮箱服务器 (497720537@qq.com) ...
[2026-05-13 10:22:39]  正在连接 QQ-备用 邮箱服务器 (shouqianbadavid@qq.com) ...
[2026-05-13 10:23:15]  正在连接 QQ-主 邮箱服务器 (497720537@qq.com) ...
[2026-05-13 10:23:15]  正在连接 QQ-备用 邮箱服务器 (shouqianbadavid@qq.com) ...
[2026-05-13 10:23:51]  正在连接 QQ-主 邮箱服务器 (497720537@qq.com) ...
[2026-05-13 10:23:53]  正在连接 QQ-备用 邮箱服务器 (shouqianbadavid@qq.com) ...
[2026-05-13 10:24:28]  正在连接 QQ-主 邮箱服务器 (497720537@qq.com) ...
[2026-05-13 10:24:29]  正在连接 QQ-备用 邮箱服务器 (shouqianbadavid@qq.com) ...
[2026-05-13 10:25:04]  正在连接 QQ-主 邮箱服务器 (497720537@qq.com) ...
[2026-05-13 10:25:05]  正在连接 QQ-备用 邮箱服务器 (shouqianbadavid@qq.com) ...
[2026-05-13 10:25:41]  正在连接 QQ-主 邮箱服务器 (497720537@qq.com) ...
[2026-05-13 10:25:41]  正在连接 QQ-备用 邮箱服务器 (shouqianbadavid@qq.com) ...
[2026-05-13 10:26:17]  正在连接 QQ-主 邮箱服务器 (497720537@qq.com) ...
[2026-05-13 10:26:18]  正在连接 QQ-备用 邮箱服务器 (shouqianbadavid@qq.com) ...
[2026-05-13 10:26:53]  正在连接 QQ-主 邮箱服务器 (497720537@qq.com) ...
[2026-05-13 10:26:54]  正在连接 QQ-备用 邮箱服务器 (shouqianbadavid@qq.com) ...
[2026-05-13 10:27:29]  正在连接 QQ-主 邮箱服务器 (497720537@qq.com) ...
[2026-05-13 10:27:30]  正在连接 QQ-备用 邮箱服务器 (shouqianbadavid@qq.com) ...
[2026-05-13 10:28:06]  正在连接 QQ-主 邮箱服务器 (497720537@qq.com) ...
[2026-05-13 10:28:06]  正在连接 QQ-备用 邮箱服务器 (shouqianbadavid@qq.com) ...
[2026-05-13 10:28:42]  正在连接 QQ-主 邮箱服务器 (497720537@qq.com) ...
[2026-05-13 10:28:42]  正在连接 QQ-备用 邮箱服务器 (shouqianbadavid@qq.com) ...
[2026-05-13 10:29:18]  正在连接 QQ-主 邮箱服务器 (497720537@qq.com) ...
[2026-05-13 10:29:19]  正在连接 QQ-备用 邮箱服务器 (shouqianbadavid@qq.com) ...
[2026-05-13 10:29:54]  正在连接 QQ-主 邮箱服务器 (497720537@qq.com) ...
[2026-05-13 10:29:55]  正在连接 QQ-备用 邮箱服务器 (shouqianbadavid@qq.com) ...
[2026-05-13 10:30:30]  正在连接 QQ-主 邮箱服务器 (497720537@qq.com) ...
[2026-05-13 10:30:31]  正在连接 QQ-备用 邮箱服务器 (shouqianbadavid@qq.com) ...
[2026-05-13 10:31:07]  正在连接 QQ-主 邮箱服务器 (497720537@qq.com) ...
[2026-05-13 10:31:08]  QQ-主 正在解析因子: =?utf-8?b?QWxwaGFQaWxvdCDlrp7ml7bkv6Hlj7cgKGFscGhhX3NpZ25hbF90aHJfMjAyNjA1MTNfMTAzMS5qc29uKSBb5Li7UVEt5a+55aSWXQ==?=
[2026-05-13 10:31:08]  发现表格，共 12 行数据
[2026-05-13 10:31:08]  动态索引映射: ['股票代码', '股票名称', '信号', '当前价格', '量比', '来源过滤']
[2026-05-13 10:31:08]  [行1] 解析成功: SZSE.002925 [盈趣科技] SELL @ 20.9 (VR:0.05)
[2026-05-13 10:31:08]  [行2] 解析成功: SZSE.000407 [胜利股份] SELL @ 4.56 (VR:3.02)
[2026-05-13 10:31:08]  [行3] 解析成功: SZSE.000536 [华映科技] BUY @ 4.01 (VR:0.0)
[2026-05-13 10:31:08]  [行4] 解析成功: SZSE.002240 [盛新锂能] BUY @ 55.41 (VR:0.45)
[2026-05-13 10:31:08]  [行5] 解析成功: SZSE.001309 [德利明] BUY @ 616.0 (VR:0.5)
[2026-05-13 10:31:08]  [行6] 解析成功: SZSE.002285 [世联行] BUY @ 3.27 (VR:0.39)
[2026-05-13 10:31:08]  [行7] 解析成功: SZSE.002925 [盈趣科技] SELL @ 20.87 (VR:0.24)
[2026-05-13 10:31:08]  [行8] 解析成功: SZSE.000407 [胜利股份] SELL @ 4.55 (VR:0.02)
[2026-05-13 10:31:08]  [行9] 解析成功: SZSE.000536 [华映科技] BUY @ 4.02 (VR:0.29)
[2026-05-13 10:31:08]  [行10] 解析成功: SZSE.002240 [盛新锂能] BUY @ 55.7 (VR:0.5)
[2026-05-13 10:31:08]  [行11] 解析成功: SZSE.001309 [德利明] BUY @ 616.54 (VR:0.84)
[2026-05-13 10:31:08]  [行12] 解析成功: SZSE.002285 [世联行] BUY @ 3.28 (VR:0.01)
[2026-05-13 10:31:08] 成功保存 12 条因子至: signal_batch_20260513_103108_284339.txt
[2026-05-13 10:31:08]  QQ-主 邮件 3528 处理完成
[2026-05-13 10:31:08]  QQ-主 本轮共成功处理 1 封有效信号邮件
[2026-05-13 10:31:08]  正在连接 QQ-备用 邮箱服务器 (shouqianbadavid@qq.com) ...
[2026-05-13 10:31:44]  正在连接 QQ-主 邮箱服务器 (497720537@qq.com) ...
[2026-05-13 10:31:45]  正在连接 QQ-备用 邮箱服务器 (shouqianbadavid@qq.com) ...
[2026-05-13 10:31:46]  QQ-备用 正在解析因子: =?utf-8?b?QWxwaGFQaWxvdCDlpIfku73kv6Hlj7cgKGFscGhhX3NpZ25hbF90aHJfMjAyNjA1MTNfMTAzMS5qc29uKSBb5aSHUVEt6Ieq5L+dXQ==?=
[2026-05-13 10:31:46]  发现表格，共 12 行数据
[2026-05-13 10:31:46]  动态索引映射: ['股票代码', '股票名称', '信号', '当前价格', '量比', '来源过滤']
[2026-05-13 10:31:46]  [行1] 解析成功: SZSE.002925 [盈趣科技] SELL @ 20.9 (VR:0.05)
[2026-05-13 10:31:46]  [行2] 解析成功: SZSE.000407 [胜利股份] SELL @ 4.56 (VR:3.02)
[2026-05-13 10:31:46]  [行3] 解析成功: SZSE.000536 [华映科技] BUY @ 4.01 (VR:0.0)
[2026-05-13 10:31:46]  [行4] 解析成功: SZSE.002240 [盛新锂能] BUY @ 55.41 (VR:0.45)
[2026-05-13 10:31:46]  [行5] 解析成功: SZSE.001309 [德利明] BUY @ 616.0 (VR:0.5)
[2026-05-13 10:31:46]  [行6] 解析成功: SZSE.002285 [世联行] BUY @ 3.27 (VR:0.39)
[2026-05-13 10:31:46]  [行7] 解析成功: SZSE.002925 [盈趣科技] SELL @ 20.87 (VR:0.24)
[2026-05-13 10:31:46]  [行8] 解析成功: SZSE.000407 [胜利股份] SELL @ 4.55 (VR:0.02)
[2026-05-13 10:31:46]  [行9] 解析成功: SZSE.000536 [华映科技] BUY @ 4.02 (VR:0.29)
[2026-05-13 10:31:46]  [行10] 解析成功: SZSE.002240 [盛新锂能] BUY @ 55.7 (VR:0.5)
[2026-05-13 10:31:46]  [行11] 解析成功: SZSE.001309 [德利明] BUY @ 616.54 (VR:0.84)
[2026-05-13 10:31:46]  [行12] 解析成功: SZSE.002285 [世联行] BUY @ 3.28 (VR:0.01)
[2026-05-13 10:31:46] 成功保存 12 条因子至: signal_batch_20260513_103146_114319.txt
[2026-05-13 10:31:46]  QQ-备用 邮件 839 处理完成
[2026-05-13 10:31:46]  QQ-备用 本轮共成功处理 1 封有效信号邮件
[2026-05-13 10:32:21]  正在连接 QQ-主 邮箱服务器 (497720537@qq.com) ...
[2026-05-13 10:32:22]  正在连接 QQ-备用 邮箱服务器 (shouqianbadavid@qq.com) ...
[2026-05-13 10:32:57]  正在连接 QQ-主 邮箱服务器 (497720537@qq.com) ...
[2026-05-13 10:32:58]  正在连接 QQ-备用 邮箱服务器 (shouqianbadavid@qq.com) ...
[2026-05-13 10:33:33]  正在连接 QQ-主 邮箱服务器 (497720537@qq.com) ...
[2026-05-13 10:33:34]  正在连接 QQ-备用 邮箱服务器 (shouqianbadavid@qq.com) ...
[2026-05-13 10:34:10]  正在连接 QQ-主 邮箱服务器 (497720537@qq.com) ...
[2026-05-13 10:34:10]  正在连接 QQ-备用 邮箱服务器 (shouqianbadavid@qq.com) ...
[2026-05-13 10:34:46]  正在连接 QQ-主 邮箱服务器 (497720537@qq.com) ...
[2026-05-13 10:34:47]  正在连接 QQ-备用 邮箱服务器 (shouqianbadavid@qq.com) ...
[2026-05-13 10:35:23]  正在连接 QQ-主 邮箱服务器 (497720537@qq.com) ...
[2026-05-13 10:35:23]  正在连接 QQ-备用 邮箱服务器 (shouqianbadavid@qq.com) ...
[2026-05-13 10:35:59]  正在连接 QQ-主 邮箱服务器 (497720537@qq.com) ...
[2026-05-13 10:36:00]  正在连接 QQ-备用 邮箱服务器 (shouqianbadavid@qq.com) ...
[2026-05-13 10:36:35]  正在连接 QQ-主 邮箱服务器 (497720537@qq.com) ...
[2026-05-13 10:36:36]  正在连接 QQ-备用 邮箱服务器 (shouqianbadavid@qq.com) ...
[2026-05-13 10:37:11]  正在连接 QQ-主 邮箱服务器 (497720537@qq.com) ...
[2026-05-13 10:37:12]  正在连接 QQ-备用 邮箱服务器 (shouqianbadavid@qq.com) ...
[2026-05-13 10:37:49]  正在连接 QQ-主 邮箱服务器 (497720537@qq.com) ...
[2026-05-13 10:37:50]  正在连接 QQ-备用 邮箱服务器 (shouqianbadavid@qq.com) ...
[2026-05-13 10:38:26]  正在连接 QQ-主 邮箱服务器 (497720537@qq.com) ...
[2026-05-13 10:38:26]  正在连接 QQ-备用 邮箱服务器 (shouqianbadavid@qq.com) ...
[2026-05-13 10:39:02]  正在连接 QQ-主 邮箱服务器 (497720537@qq.com) ...
[2026-05-13 10:39:03]  正在连接 QQ-备用 邮箱服务器 (shouqianbadavid@qq.com) ...
[2026-05-13 10:39:38]  正在连接 QQ-主 邮箱服务器 (497720537@qq.com) ...
[2026-05-13 10:39:39]  正在连接 QQ-备用 邮箱服务器 (shouqianbadavid@qq.com) ...
[2026-05-13 10:40:15]  正在连接 QQ-主 邮箱服务器 (497720537@qq.com) ...
[2026-05-13 10:40:15]  QQ-主 正在解析因子: =?utf-8?b?QWxwaGFQaWxvdCDlrp7ml7bkv6Hlj7cgKGFscGhhX3NpZ25hbF90aHJfMjAyNjA1MTNfMTAzOS5qc29uKSBb5Li7UVEt5a+55aSWXQ==?=
[2026-05-13 10:40:15]  发现表格，共 12 行数据
[2026-05-13 10:40:15]  动态索引映射: ['股票代码', '股票名称', '信号', '当前价格', '量比', '来源过滤']
[2026-05-13 10:40:15]  [行1] 解析成功: SZSE.003035 [南网能源] SELL @ 8.28 (VR:1.04)
[2026-05-13 10:40:15]  [行2] 解析成功: SZSE.300037 [新宙邦] SELL @ 64.53 (VR:0.25)
[2026-05-13 10:40:15]  [行3] 解析成功: SZSE.002506 [协鑫集成] BUY @ 4.46 (VR:0.16)
[2026-05-13 10:40:15]  [行4] 解析成功: SZSE.301071 [力量钻石] SELL @ 60.4 (VR:1.15)
[2026-05-13 10:40:15]  [行5] 解析成功: SZSE.300868 [杰美特] BUY @ 92.48 (VR:0.23)
[2026-05-13 10:40:15]  [行6] 解析成功: SZSE.300054 [鼎龙股份] BUY @ 66.83 (VR:0.1)
[2026-05-13 10:40:15]  [行7] 解析成功: SZSE.003035 [南网能源] SELL @ 8.23 (VR:3.0)
[2026-05-13 10:40:15]  [行8] 解析成功: SZSE.300037 [新宙邦] SELL @ 64.47 (VR:0.82)
[2026-05-13 10:40:15]  [行9] 解析成功: SZSE.002506 [协鑫集成] BUY @ 4.47 (VR:0.1)
[2026-05-13 10:40:15]  [行10] 解析成功: SZSE.301071 [力量钻石] SELL @ 60.26 (VR:0.8)
[2026-05-13 10:40:15]  [行11] 解析成功: SZSE.300868 [杰美特] BUY @ 92.69 (VR:0.33)
[2026-05-13 10:40:15]  [行12] 解析成功: SZSE.300054 [鼎龙股份] BUY @ 67.0 (VR:0.99)
[2026-05-13 10:40:15] 成功保存 12 条因子至: signal_batch_20260513_104015_651236.txt
[2026-05-13 10:40:15]  QQ-主 邮件 3529 处理完成
[2026-05-13 10:40:15]  QQ-主 本轮共成功处理 1 封有效信号邮件
[2026-05-13 10:40:15]  正在连接 QQ-备用 邮箱服务器 (shouqianbadavid@qq.com) ...
[2026-05-13 10:40:16]  QQ-备用 正在解析因子: =?utf-8?b?QWxwaGFQaWxvdCDlpIfku73kv6Hlj7cgKGFscGhhX3NpZ25hbF90aHJfMjAyNjA1MTNfMTAzOS5qc29uKSBb5aSHUVEt6Ieq5L+dXQ==?=
[2026-05-13 10:40:16]  发现表格，共 12 行数据
[2026-05-13 10:40:16]  动态索引映射: ['股票代码', '股票名称', '信号', '当前价格', '量比', '来源过滤']
[2026-05-13 10:40:16]  [行1] 解析成功: SZSE.003035 [南网能源] SELL @ 8.28 (VR:1.04)
[2026-05-13 10:40:16]  [行2] 解析成功: SZSE.300037 [新宙邦] SELL @ 64.53 (VR:0.25)
[2026-05-13 10:40:16]  [行3] 解析成功: SZSE.002506 [协鑫集成] BUY @ 4.46 (VR:0.16)
[2026-05-13 10:40:16]  [行4] 解析成功: SZSE.301071 [力量钻石] SELL @ 60.4 (VR:1.15)
[2026-05-13 10:40:16]  [行5] 解析成功: SZSE.300868 [杰美特] BUY @ 92.48 (VR:0.23)
[2026-05-13 10:40:16]  [行6] 解析成功: SZSE.300054 [鼎龙股份] BUY @ 66.83 (VR:0.1)
[2026-05-13 10:40:16]  [行7] 解析成功: SZSE.003035 [南网能源] SELL @ 8.23 (VR:3.0)
[2026-05-13 10:40:16]  [行8] 解析成功: SZSE.300037 [新宙邦] SELL @ 64.47 (VR:0.82)
[2026-05-13 10:40:16]  [行9] 解析成功: SZSE.002506 [协鑫集成] BUY @ 4.47 (VR:0.1)
[2026-05-13 10:40:16]  [行10] 解析成功: SZSE.301071 [力量钻石] SELL @ 60.26 (VR:0.8)
[2026-05-13 10:40:16]  [行11] 解析成功: SZSE.300868 [杰美特] BUY @ 92.69 (VR:0.33)
[2026-05-13 10:40:16]  [行12] 解析成功: SZSE.300054 [鼎龙股份] BUY @ 67.0 (VR:0.99)
[2026-05-13 10:40:16] 成功保存 12 条因子至: signal_batch_20260513_104016_672729.txt
[2026-05-13 10:40:16]  QQ-备用 邮件 840 处理完成
[2026-05-13 10:40:16]  QQ-备用 本轮共成功处理 1 封有效信号邮件
[2026-05-13 10:40:52]  正在连接 QQ-主 邮箱服务器 (497720537@qq.com) ...
[2026-05-13 10:40:53]  正在连接 QQ-备用 邮箱服务器 (shouqianbadavid@qq.com) ...
[2026-05-13 10:41:28]  正在连接 QQ-主 邮箱服务器 (497720537@qq.com) ...
[2026-05-13 10:41:29]  正在连接 QQ-备用 邮箱服务器 (shouqianbadavid@qq.com) ...
[2026-05-13 10:42:05]  正在连接 QQ-主 邮箱服务器 (497720537@qq.com) ...
[2026-05-13 10:42:06]  正在连接 QQ-备用 邮箱服务器 (shouqianbadavid@qq.com) ...
[2026-05-13 10:42:41]  正在连接 QQ-主 邮箱服务器 (497720537@qq.com) ...
[2026-05-13 10:42:42]  正在连接 QQ-备用 邮箱服务器 (shouqianbadavid@qq.com) ...
[2026-05-13 10:43:17]  正在连接 QQ-主 邮箱服务器 (497720537@qq.com) ...
[2026-05-13 10:43:18]  正在连接 QQ-备用 邮箱服务器 (shouqianbadavid@qq.com) ...
[2026-05-13 10:43:54]  正在连接 QQ-主 邮箱服务器 (497720537@qq.com) ...
[2026-05-13 10:43:55]  正在连接 QQ-备用 邮箱服务器 (shouqianbadavid@qq.com) ...
[2026-05-13 10:44:30]  正在连接 QQ-主 邮箱服务器 (497720537@qq.com) ...
[2026-05-13 10:44:31]  正在连接 QQ-备用 邮箱服务器 (shouqianbadavid@qq.com) ...
[2026-05-13 10:45:07]  正在连接 QQ-主 邮箱服务器 (497720537@qq.com) ...
[2026-05-13 10:45:07]  正在连接 QQ-备用 邮箱服务器 (shouqianbadavid@qq.com) ...
[2026-05-13 10:45:43]  正在连接 QQ-主 邮箱服务器 (497720537@qq.com) ...
[2026-05-13 10:45:44]  正在连接 QQ-备用 邮箱服务器 (shouqianbadavid@qq.com) ...
[2026-05-13 10:46:19]  正在连接 QQ-主 邮箱服务器 (497720537@qq.com) ...
[2026-05-13 10:46:20]  QQ-主 正在解析因子: =?utf-8?b?QWxwaGFQaWxvdCDlrp7ml7bkv6Hlj7cgKGFscGhhX3NpZ25hbF90aHJfMjAyNjA1MTNfMTA0NS5qc29uKSBb5Li7UVEt5a+55aSWXQ==?=
[2026-05-13 10:46:20]  发现表格，共 20 行数据
[2026-05-13 10:46:20]  动态索引映射: ['股票代码', '股票名称', '信号', '当前价格', '量比', '来源过滤']
[2026-05-13 10:46:20]  [行1] 解析成功: SZSE.300722 [新余国科] BUY @ 28.46 (VR:0.0)
[2026-05-13 10:46:20]  [行2] 解析成功: SZSE.301120 [新特电器] BUY @ 21.85 (VR:2.61)
[2026-05-13 10:46:20]  [行3] 解析成功: SZSE.300461 [田中精机] SELL @ 52.85 (VR:0.82)
[2026-05-13 10:46:20]  [行4] 解析成功: SZSE.301389 [隆扬电子] SELL @ 81.95 (VR:0.26)
[2026-05-13 10:46:20]  [行5] 解析成功: SZSE.300468 [四方精创] SELL @ 29.02 (VR:0.18)
[2026-05-13 10:46:20]  [行6] 解析成功: SZSE.301449 [天溯计量] BUY @ 71.12 (VR:0.03)
[2026-05-13 10:46:20]  [行7] 解析成功: SHSE.603353 [和顺电气] BUY @ 51.4 (VR:0.4)
[2026-05-13 10:46:20]  [行8] 解析成功: SZSE.300243 [瑞丰光电] BUY @ 19.69 (VR:0.6)
[2026-05-13 10:46:20]  [行9] 解析成功: SZSE.002980 [华盛昌] SELL @ 85.16 (VR:0.05)
[2026-05-13 10:46:20]  [行10] 解析成功: SZSE.300185 [通裕重工] BUY @ 3.36 (VR:0.24)
[2026-05-13 10:46:20]  [行11] 解析成功: SZSE.300722 [新余国科] BUY @ 28.47 (VR:0.17)
[2026-05-13 10:46:20]  [行12] 解析成功: SZSE.301120 [新特电器] BUY @ 21.89 (VR:0.46)
[2026-05-13 10:46:20]  [行13] 解析成功: SZSE.300461 [田中精机] SELL @ 52.62 (VR:0.32)
[2026-05-13 10:46:20]  [行14] 解析成功: SZSE.301389 [隆扬电子] SELL @ 81.36 (VR:0.27)
[2026-05-13 10:46:20]  [行15] 解析成功: SZSE.300468 [四方精创] SELL @ 29.0 (VR:0.6)
[2026-05-13 10:46:20]  [行16] 解析成功: SZSE.301449 [天溯计量] BUY @ 71.15 (VR:0.16)
[2026-05-13 10:46:20]  [行17] 解析成功: SHSE.603353 [和顺电气] BUY @ 51.92 (VR:2.55)
[2026-05-13 10:46:20]  [行18] 解析成功: SZSE.300243 [瑞丰光电] BUY @ 19.72 (VR:1.9)
[2026-05-13 10:46:20]  [行19] 解析成功: SZSE.002980 [华盛昌] SELL @ 85.14 (VR:0.02)
[2026-05-13 10:46:20]  [行20] 解析成功: SZSE.300185 [通裕重工] BUY @ 3.37 (VR:0.48)
[2026-05-13 10:46:20] 成功保存 20 条因子至: signal_batch_20260513_104620_312328.txt
[2026-05-13 10:46:20]  QQ-主 邮件 3530 处理完成
[2026-05-13 10:46:20]  QQ-主 本轮共成功处理 1 封有效信号邮件
[2026-05-13 10:46:20]  正在连接 QQ-备用 邮箱服务器 (shouqianbadavid@qq.com) ...
[2026-05-13 10:46:21]  QQ-备用 正在解析因子: =?utf-8?b?QWxwaGFQaWxvdCDlpIfku73kv6Hlj7cgKGFscGhhX3NpZ25hbF90aHJfMjAyNjA1MTNfMTA0NS5qc29uKSBb5aSHUVEt6Ieq5L+dXQ==?=
[2026-05-13 10:46:21]  发现表格，共 20 行数据
[2026-05-13 10:46:21]  动态索引映射: ['股票代码', '股票名称', '信号', '当前价格', '量比', '来源过滤']
[2026-05-13 10:46:21]  [行1] 解析成功: SZSE.300722 [新余国科] BUY @ 28.46 (VR:0.0)
[2026-05-13 10:46:21]  [行2] 解析成功: SZSE.301120 [新特电器] BUY @ 21.85 (VR:2.61)
[2026-05-13 10:46:21]  [行3] 解析成功: SZSE.300461 [田中精机] SELL @ 52.85 (VR:0.82)
[2026-05-13 10:46:21]  [行4] 解析成功: SZSE.301389 [隆扬电子] SELL @ 81.95 (VR:0.26)
[2026-05-13 10:46:21]  [行5] 解析成功: SZSE.300468 [四方精创] SELL @ 29.02 (VR:0.18)
[2026-05-13 10:46:21]  [行6] 解析成功: SZSE.301449 [天溯计量] BUY @ 71.12 (VR:0.03)
[2026-05-13 10:46:21]  [行7] 解析成功: SHSE.603353 [和顺电气] BUY @ 51.4 (VR:0.4)
[2026-05-13 10:46:21]  [行8] 解析成功: SZSE.300243 [瑞丰光电] BUY @ 19.69 (VR:0.6)
[2026-05-13 10:46:21]  [行9] 解析成功: SZSE.002980 [华盛昌] SELL @ 85.16 (VR:0.05)
[2026-05-13 10:46:21]  [行10] 解析成功: SZSE.300185 [通裕重工] BUY @ 3.36 (VR:0.24)
[2026-05-13 10:46:21]  [行11] 解析成功: SZSE.300722 [新余国科] BUY @ 28.47 (VR:0.17)
[2026-05-13 10:46:21]  [行12] 解析成功: SZSE.301120 [新特电器] BUY @ 21.89 (VR:0.46)
[2026-05-13 10:46:21]  [行13] 解析成功: SZSE.300461 [田中精机] SELL @ 52.62 (VR:0.32)
[2026-05-13 10:46:21]  [行14] 解析成功: SZSE.301389 [隆扬电子] SELL @ 81.36 (VR:0.27)
[2026-05-13 10:46:21]  [行15] 解析成功: SZSE.300468 [四方精创] SELL @ 29.0 (VR:0.6)
[2026-05-13 10:46:21]  [行16] 解析成功: SZSE.301449 [天溯计量] BUY @ 71.15 (VR:0.16)
[2026-05-13 10:46:21]  [行17] 解析成功: SHSE.603353 [和顺电气] BUY @ 51.92 (VR:2.55)
[2026-05-13 10:46:21]  [行18] 解析成功: SZSE.300243 [瑞丰光电] BUY @ 19.72 (VR:1.9)
[2026-05-13 10:46:21]  [行19] 解析成功: SZSE.002980 [华盛昌] SELL @ 85.14 (VR:0.02)
[2026-05-13 10:46:21]  [行20] 解析成功: SZSE.300185 [通裕重工] BUY @ 3.37 (VR:0.48)
[2026-05-13 10:46:21] 成功保存 20 条因子至: signal_batch_20260513_104621_187652.txt
[2026-05-13 10:46:21]  QQ-备用 邮件 841 处理完成
[2026-05-13 10:46:21]  QQ-备用 本轮共成功处理 1 封有效信号邮件
[2026-05-13 10:46:56]  正在连接 QQ-主 邮箱服务器 (497720537@qq.com) ...
[2026-05-13 10:46:57]  正在连接 QQ-备用 邮箱服务器 (shouqianbadavid@qq.com) ...
[2026-05-13 10:47:32]  正在连接 QQ-主 邮箱服务器 (497720537@qq.com) ...
[2026-05-13 10:47:33]  正在连接 QQ-备用 邮箱服务器 (shouqianbadavid@qq.com) ...
[2026-05-13 10:48:08]  正在连接 QQ-主 邮箱服务器 (497720537@qq.com) ...
[2026-05-13 10:48:09]  正在连接 QQ-备用 邮箱服务器 (shouqianbadavid@qq.com) ...
[2026-05-13 10:48:45]  正在连接 QQ-主 邮箱服务器 (497720537@qq.com) ...
[2026-05-13 10:48:46]  正在连接 QQ-备用 邮箱服务器 (shouqianbadavid@qq.com) ...
[2026-05-13 10:49:21]  正在连接 QQ-主 邮箱服务器 (497720537@qq.com) ...
[2026-05-13 10:49:22]  正在连接 QQ-备用 邮箱服务器 (shouqianbadavid@qq.com) ...
[2026-05-13 10:49:57]  正在连接 QQ-主 邮箱服务器 (497720537@qq.com) ...
[2026-05-13 10:49:58]  正在连接 QQ-备用 邮箱服务器 (shouqianbadavid@qq.com) ...
[2026-05-13 10:50:34]  正在连接 QQ-主 邮箱服务器 (497720537@qq.com) ...
[2026-05-13 10:50:34]  正在连接 QQ-备用 邮箱服务器 (shouqianbadavid@qq.com) ...
[2026-05-13 10:51:10]  正在连接 QQ-主 邮箱服务器 (497720537@qq.com) ...
[2026-05-13 10:51:11]  正在连接 QQ-备用 邮箱服务器 (shouqianbadavid@qq.com) ...
[2026-05-13 10:51:46]  正在连接 QQ-主 邮箱服务器 (497720537@qq.com) ...
[2026-05-13 10:51:47]  正在连接 QQ-备用 邮箱服务器 (shouqianbadavid@qq.com) ...
[2026-05-13 10:52:22]  正在连接 QQ-主 邮箱服务器 (497720537@qq.com) ...
[2026-05-13 10:52:23]  正在连接 QQ-备用 邮箱服务器 (shouqianbadavid@qq.com) ...
[2026-05-13 10:52:59]  正在连接 QQ-主 邮箱服务器 (497720537@qq.com) ...
[2026-05-13 10:52:59]  QQ-主 正在解析因子: =?utf-8?b?QWxwaGFQaWxvdCDlrp7ml7bkv6Hlj7cgKGFscGhhX3NpZ25hbF90aHJfMjAyNjA1MTNfMTA1Mi5qc29uKSBb5Li7UVEt5a+55aSWXQ==?=
[2026-05-13 10:52:59]  发现表格，共 14 行数据
[2026-05-13 10:52:59]  动态索引映射: ['股票代码', '股票名称', '信号', '当前价格', '量比', '来源过滤']
[2026-05-13 10:52:59]  [行1] 解析成功: SZSE.301226 [祥明智能] BUY @ 41.27 (VR:1.18)
[2026-05-13 10:52:59]  [行2] 解析成功: SZSE.002445 [中南文化] SELL @ 4.02 (VR:2.0)
[2026-05-13 10:52:59]  [行3] 解析成功: SHSE.600821 [金发科技] BUY @ 9.63 (VR:1.02)
[2026-05-13 10:52:59]  [行4] 解析成功: SZSE.300866 [安克创新] BUY @ 129.1 (VR:0.96)
[2026-05-13 10:52:59]  [行5] 解析成功: SZSE.300364 [中文在线] SELL @ 30.16 (VR:1.55)
[2026-05-13 10:52:59]  [行6] 解析成功: SZSE.300813 [泰林生物] BUY @ 24.79 (VR:1.76)
[2026-05-13 10:52:59]  [行7] 解析成功: SZSE.301281 [利源制药] SELL @ 42.14 (VR:0.08)
[2026-05-13 10:52:59]  [行8] 解析成功: SZSE.301226 [祥明智能] BUY @ 41.28 (VR:1.36)
[2026-05-13 10:52:59]  [行9] 解析成功: SZSE.002445 [中南文化] SELL @ 4.01 (VR:1.71)
[2026-05-13 10:52:59]  [行10] 解析成功: SHSE.600821 [金发科技] BUY @ 9.64 (VR:0.54)
[2026-05-13 10:52:59]  [行11] 解析成功: SZSE.300866 [安克创新] BUY @ 129.22 (VR:1.18)
[2026-05-13 10:52:59]  [行12] 解析成功: SZSE.300364 [中文在线] SELL @ 30.15 (VR:0.47)
[2026-05-13 10:52:59]  [行13] 解析成功: SZSE.300813 [泰林生物] BUY @ 24.8 (VR:0.83)
[2026-05-13 10:53:00]  [行14] 解析成功: SZSE.301281 [利源制药] SELL @ 42.11 (VR:0.14)
[2026-05-13 10:53:00] 成功保存 14 条因子至: signal_batch_20260513_105300_019516.txt
[2026-05-13 10:53:00]  QQ-主 邮件 3531 处理完成
[2026-05-13 10:53:00]  QQ-主 本轮共成功处理 1 封有效信号邮件
[2026-05-13 10:53:00]  正在连接 QQ-备用 邮箱服务器 (shouqianbadavid@qq.com) ...
[2026-05-13 10:53:36]  正在连接 QQ-主 邮箱服务器 (497720537@qq.com) ...
[2026-05-13 10:53:36]  正在连接 QQ-备用 邮箱服务器 (shouqianbadavid@qq.com) ...
[2026-05-13 10:53:37]  QQ-备用 正在解析因子: =?utf-8?b?QWxwaGFQaWxvdCDlpIfku73kv6Hlj7cgKGFscGhhX3NpZ25hbF90aHJfMjAyNjA1MTNfMTA1Mi5qc29uKSBb5aSHUVEt6Ieq5L+dXQ==?=
[2026-05-13 10:53:37]  发现表格，共 14 行数据
[2026-05-13 10:53:37]  动态索引映射: ['股票代码', '股票名称', '信号', '当前价格', '量比', '来源过滤']
[2026-05-13 10:53:37]  [行1] 解析成功: SZSE.301226 [祥明智能] BUY @ 41.27 (VR:1.18)
[2026-05-13 10:53:37]  [行2] 解析成功: SZSE.002445 [中南文化] SELL @ 4.02 (VR:2.0)
[2026-05-13 10:53:37]  [行3] 解析成功: SHSE.600821 [金发科技] BUY @ 9.63 (VR:1.02)
[2026-05-13 10:53:37]  [行4] 解析成功: SZSE.300866 [安克创新] BUY @ 129.1 (VR:0.96)
[2026-05-13 10:53:37]  [行5] 解析成功: SZSE.300364 [中文在线] SELL @ 30.16 (VR:1.55)
[2026-05-13 10:53:37]  [行6] 解析成功: SZSE.300813 [泰林生物] BUY @ 24.79 (VR:1.76)
[2026-05-13 10:53:37]  [行7] 解析成功: SZSE.301281 [利源制药] SELL @ 42.14 (VR:0.08)
[2026-05-13 10:53:37]  [行8] 解析成功: SZSE.301226 [祥明智能] BUY @ 41.28 (VR:1.36)
[2026-05-13 10:53:37]  [行9] 解析成功: SZSE.002445 [中南文化] SELL @ 4.01 (VR:1.71)
[2026-05-13 10:53:37]  [行10] 解析成功: SHSE.600821 [金发科技] BUY @ 9.64 (VR:0.54)
[2026-05-13 10:53:37]  [行11] 解析成功: SZSE.300866 [安克创新] BUY @ 129.22 (VR:1.18)
[2026-05-13 10:53:37]  [行12] 解析成功: SZSE.300364 [中文在线] SELL @ 30.15 (VR:0.47)
[2026-05-13 10:53:37]  [行13] 解析成功: SZSE.300813 [泰林生物] BUY @ 24.8 (VR:0.83)
[2026-05-13 10:53:37]  [行14] 解析成功: SZSE.301281 [利源制药] SELL @ 42.11 (VR:0.14)
[2026-05-13 10:53:37] 成功保存 14 条因子至: signal_batch_20260513_105337_136089.txt
[2026-05-13 10:53:37]  QQ-备用 邮件 842 处理完成
[2026-05-13 10:53:37]  QQ-备用 本轮共成功处理 1 封有效信号邮件
[2026-05-13 10:54:12]  正在连接 QQ-主 邮箱服务器 (497720537@qq.com) ...
[2026-05-13 10:54:13]  正在连接 QQ-备用 邮箱服务器 (shouqianbadavid@qq.com) ...
[2026-05-13 10:54:48]  正在连接 QQ-主 邮箱服务器 (497720537@qq.com) ...
[2026-05-13 10:54:48]  正在连接 QQ-备用 邮箱服务器 (shouqianbadavid@qq.com) ...
[2026-05-13 10:55:24]  正在连接 QQ-主 邮箱服务器 (497720537@qq.com) ...
[2026-05-13 10:55:25]  正在连接 QQ-备用 邮箱服务器 (shouqianbadavid@qq.com) ...
[2026-05-13 10:56:00]  正在连接 QQ-主 邮箱服务器 (497720537@qq.com) ...
[2026-05-13 10:56:01]  正在连接 QQ-备用 邮箱服务器 (shouqianbadavid@qq.com) ...
[2026-05-13 10:56:37]  正在连接 QQ-主 邮箱服务器 (497720537@qq.com) ...
[2026-05-13 10:56:37]  正在连接 QQ-备用 邮箱服务器 (shouqianbadavid@qq.com) ...
[2026-05-13 10:57:13]  正在连接 QQ-主 邮箱服务器 (497720537@qq.com) ...
[2026-05-13 10:57:13]  正在连接 QQ-备用 邮箱服务器 (shouqianbadavid@qq.com) ...
[2026-05-13 10:57:49]  正在连接 QQ-主 邮箱服务器 (497720537@qq.com) ...
[2026-05-13 10:57:50]  正在连接 QQ-备用 邮箱服务器 (shouqianbadavid@qq.com) ...
[2026-05-13 10:58:25]  正在连接 QQ-主 邮箱服务器 (497720537@qq.com) ...
[2026-05-13 10:58:26]  正在连接 QQ-备用 邮箱服务器 (shouqianbadavid@qq.com) ...
[2026-05-13 10:59:02]  正在连接 QQ-主 邮箱服务器 (497720537@qq.com) ...
[2026-05-13 10:59:02]  正在连接 QQ-备用 邮箱服务器 (shouqianbadavid@qq.com) ...
[2026-05-13 10:59:37]  正在连接 QQ-主 邮箱服务器 (497720537@qq.com) ...
[2026-05-13 10:59:38]  正在连接 QQ-备用 邮箱服务器 (shouqianbadavid@qq.com) ...
[2026-05-13 11:00:14]  正在连接 QQ-主 邮箱服务器 (497720537@qq.com) ...
[2026-05-13 11:00:14]  正在连接 QQ-备用 邮箱服务器 (shouqianbadavid@qq.com) ...
[2026-05-13 11:00:50]  正在连接 QQ-主 邮箱服务器 (497720537@qq.com) ...
[2026-05-13 11:00:51]  正在连接 QQ-备用 邮箱服务器 (shouqianbadavid@qq.com) ...
[2026-05-13 11:01:26]  正在连接 QQ-主 邮箱服务器 (497720537@qq.com) ...
[2026-05-13 11:01:27]  正在连接 QQ-备用 邮箱服务器 (shouqianbadavid@qq.com) ...
[2026-05-13 11:02:02]  正在连接 QQ-主 邮箱服务器 (497720537@qq.com) ...
[2026-05-13 11:02:03]  QQ-主 正在解析因子: =?utf-8?b?QWxwaGFQaWxvdCDlrp7ml7bkv6Hlj7cgKGFscGhhX3NpZ25hbF90aHJfMjAyNjA1MTNfMTEwMS5qc29uKSBb5Li7UVEt5a+55aSWXQ==?=
[2026-05-13 11:02:03]  发现表格，共 6 行数据
[2026-05-13 11:02:03]  动态索引映射: ['股票代码', '股票名称', '信号', '当前价格', '量比', '来源过滤']
[2026-05-13 11:02:03]  [行1] 解析成功: SZSE.000536 [华映科技] SELL @ 4.03 (VR:0.14)
[2026-05-13 11:02:03]  [行2] 解析成功: SZSE.001309 [德利明] BUY @ 628.75 (VR:0.85)
[2026-05-13 11:02:03]  [行3] 解析成功: SZSE.300432 [富临精工] SELL @ 25.61 (VR:2.12)
[2026-05-13 11:02:03]  [行4] 解析成功: SZSE.000536 [华映科技] SELL @ 4.02 (VR:0.41)
[2026-05-13 11:02:03]  [行5] 解析成功: SZSE.001309 [德利明] BUY @ 628.94 (VR:0.57)
[2026-05-13 11:02:03]  [行6] 解析成功: SZSE.300432 [富临精工] SELL @ 25.57 (VR:1.56)
[2026-05-13 11:02:03] 成功保存 6 条因子至: signal_batch_20260513_110203_258830.txt
[2026-05-13 11:02:03]  QQ-主 邮件 3532 处理完成
[2026-05-13 11:02:03]  QQ-主 本轮共成功处理 1 封有效信号邮件
[2026-05-13 11:02:03]  正在连接 QQ-备用 邮箱服务器 (shouqianbadavid@qq.com) ...
[2026-05-13 11:02:04]  QQ-备用 正在解析因子: =?utf-8?b?QWxwaGFQaWxvdCDlpIfku73kv6Hlj7cgKGFscGhhX3NpZ25hbF90aHJfMjAyNjA1MTNfMTEwMS5qc29uKSBb5aSHUVEt6Ieq5L+dXQ==?=
[2026-05-13 11:02:04]  发现表格，共 6 行数据
[2026-05-13 11:02:04]  动态索引映射: ['股票代码', '股票名称', '信号', '当前价格', '量比', '来源过滤']
[2026-05-13 11:02:04]  [行1] 解析成功: SZSE.000536 [华映科技] SELL @ 4.03 (VR:0.14)
[2026-05-13 11:02:04]  [行2] 解析成功: SZSE.001309 [德利明] BUY @ 628.75 (VR:0.85)
[2026-05-13 11:02:04]  [行3] 解析成功: SZSE.300432 [富临精工] SELL @ 25.61 (VR:2.12)
[2026-05-13 11:02:04]  [行4] 解析成功: SZSE.000536 [华映科技] SELL @ 4.02 (VR:0.41)
[2026-05-13 11:02:04]  [行5] 解析成功: SZSE.001309 [德利明] BUY @ 628.94 (VR:0.57)
[2026-05-13 11:02:04]  [行6] 解析成功: SZSE.300432 [富临精工] SELL @ 25.57 (VR:1.56)
[2026-05-13 11:02:04] 成功保存 6 条因子至: signal_batch_20260513_110204_542926.txt
[2026-05-13 11:02:04]  QQ-备用 邮件 843 处理完成
[2026-05-13 11:02:04]  QQ-备用 本轮共成功处理 1 封有效信号邮件
[2026-05-13 11:02:39]  正在连接 QQ-主 邮箱服务器 (497720537@qq.com) ...
[2026-05-13 11:02:40]  正在连接 QQ-备用 邮箱服务器 (shouqianbadavid@qq.com) ...
[2026-05-13 11:03:16]  正在连接 QQ-主 邮箱服务器 (497720537@qq.com) ...
[2026-05-13 11:03:16]  正在连接 QQ-备用 邮箱服务器 (shouqianbadavid@qq.com) ...
[2026-05-13 11:03:52]  正在连接 QQ-主 邮箱服务器 (497720537@qq.com) ...
[2026-05-13 11:03:52]  正在连接 QQ-备用 邮箱服务器 (shouqianbadavid@qq.com) ...
[2026-05-13 11:04:28]  正在连接 QQ-主 邮箱服务器 (497720537@qq.com) ...
[2026-05-13 11:04:28]  正在连接 QQ-备用 邮箱服务器 (shouqianbadavid@qq.com) ...
[2026-05-13 11:05:04]  正在连接 QQ-主 邮箱服务器 (497720537@qq.com) ...
[2026-05-13 11:05:04]  正在连接 QQ-备用 邮箱服务器 (shouqianbadavid@qq.com) ...
[2026-05-13 11:05:40]  正在连接 QQ-主 邮箱服务器 (497720537@qq.com) ...
[2026-05-13 11:05:41]  正在连接 QQ-备用 邮箱服务器 (shouqianbadavid@qq.com) ...
[2026-05-13 11:06:16]  正在连接 QQ-主 邮箱服务器 (497720537@qq.com) ...
[2026-05-13 11:06:17]  正在连接 QQ-备用 邮箱服务器 (shouqianbadavid@qq.com) ...
[2026-05-13 11:06:52]  正在连接 QQ-主 邮箱服务器 (497720537@qq.com) ...
[2026-05-13 11:06:53]  正在连接 QQ-备用 邮箱服务器 (shouqianbadavid@qq.com) ...
[2026-05-13 11:07:28]  正在连接 QQ-主 邮箱服务器 (497720537@qq.com) ...
[2026-05-13 11:07:29]  正在连接 QQ-备用 邮箱服务器 (shouqianbadavid@qq.com) ...
[2026-05-13 11:08:04]  正在连接 QQ-主 邮箱服务器 (497720537@qq.com) ...
[2026-05-13 11:08:05]  正在连接 QQ-备用 邮箱服务器 (shouqianbadavid@qq.com) ...
[2026-05-13 11:08:41]  正在连接 QQ-主 邮箱服务器 (497720537@qq.com) ...
[2026-05-13 11:08:42]  正在连接 QQ-备用 邮箱服务器 (shouqianbadavid@qq.com) ...
[2026-05-13 11:09:17]  正在连接 QQ-主 邮箱服务器 (497720537@qq.com) ...
[2026-05-13 11:09:18]  QQ-主 正在解析因子: =?utf-8?b?QWxwaGFQaWxvdCDlrp7ml7bkv6Hlj7cgKGFscGhhX3NpZ25hbF90aHJfMjAyNjA1MTNfMTEwOS5qc29uKSBb5Li7UVEt5a+55aSWXQ==?=
[2026-05-13 11:09:18]  发现表格，共 22 行数据
[2026-05-13 11:09:18]  动态索引映射: ['股票代码', '股票名称', '信号', '当前价格', '量比', '来源过滤']
[2026-05-13 11:09:18]  [行1] 解析成功: SZSE.003035 [南网能源] BUY @ 8.28 (VR:0.69)
[2026-05-13 11:09:18]  [行2] 解析成功: SZSE.300037 [新宙邦] BUY @ 64.03 (VR:0.94)
[2026-05-13 11:09:18]  [行3] 解析成功: SZSE.002506 [协鑫集成] BUY @ 4.45 (VR:0.0)
[2026-05-13 11:09:18]  [行4] 解析成功: SZSE.300285 [国瓷材料] BUY @ 41.12 (VR:0.25)
[2026-05-13 11:09:18]  [行5] 解析成功: SZSE.300393 [中来股份] BUY @ 12.49 (VR:0.45)
[2026-05-13 11:09:18]  [行6] 解析成功: SZSE.301419 [瑞可达] BUY @ 44.47 (VR:0.55)
[2026-05-13 11:09:18]  [行7] 解析成功: SZSE.301071 [力量钻石] BUY @ 60.14 (VR:0.44)
[2026-05-13 11:09:18]  [行8] 解析成功: SZSE.300868 [杰美特] SELL @ 91.81 (VR:0.27)
[2026-05-13 11:09:18]  [行9] 解析成功: SZSE.300390 [天华超净] SELL @ 98.52 (VR:0.06)
[2026-05-13 11:09:18]  [行10] 解析成功: SZSE.300953 [震裕科技] SELL @ 231.78 (VR:0.24)
[2026-05-13 11:09:18]  [行11] 解析成功: SZSE.300054 [鼎龙股份] SELL @ 67.37 (VR:0.1)
[2026-05-13 11:09:18]  [行12] 解析成功: SZSE.003035 [南网能源] BUY @ 8.29 (VR:1.31)
[2026-05-13 11:09:18]  [行13] 解析成功: SZSE.300037 [新宙邦] BUY @ 64.04 (VR:0.31)
[2026-05-13 11:09:18]  [行14] 解析成功: SZSE.002506 [协鑫集成] BUY @ 4.46 (VR:0.27)
[2026-05-13 11:09:18]  [行15] 解析成功: SZSE.300285 [国瓷材料] BUY @ 41.21 (VR:1.28)
[2026-05-13 11:09:18]  [行16] 解析成功: SZSE.300393 [中来股份] BUY @ 12.64 (VR:1.19)
[2026-05-13 11:09:18]  [行17] 解析成功: SZSE.301419 [瑞可达] BUY @ 44.48 (VR:0.57)
[2026-05-13 11:09:18]  [行18] 解析成功: SZSE.301071 [力量钻石] BUY @ 60.72 (VR:3.63)
[2026-05-13 11:09:18]  [行19] 解析成功: SZSE.300868 [杰美特] SELL @ 91.61 (VR:0.01)
[2026-05-13 11:09:18]  [行20] 解析成功: SZSE.300390 [天华超净] SELL @ 98.11 (VR:0.45)
[2026-05-13 11:09:18]  [行21] 解析成功: SZSE.300953 [震裕科技] SELL @ 231.1 (VR:1.79)
[2026-05-13 11:09:18]  [行22] 解析成功: SZSE.300054 [鼎龙股份] SELL @ 67.09 (VR:0.19)
[2026-05-13 11:09:18] 成功保存 22 条因子至: signal_batch_20260513_110918_464527.txt
[2026-05-13 11:09:18]  QQ-主 邮件 3533 处理完成
[2026-05-13 11:09:18]  QQ-主 本轮共成功处理 1 封有效信号邮件
[2026-05-13 11:09:18]  正在连接 QQ-备用 邮箱服务器 (shouqianbadavid@qq.com) ...
[2026-05-13 11:09:19]  QQ-备用 正在解析因子: =?utf-8?b?QWxwaGFQaWxvdCDlpIfku73kv6Hlj7cgKGFscGhhX3NpZ25hbF90aHJfMjAyNjA1MTNfMTEwOS5qc29uKSBb5aSHUVEt6Ieq5L+dXQ==?=
[2026-05-13 11:09:19]  发现表格，共 22 行数据
[2026-05-13 11:09:19]  动态索引映射: ['股票代码', '股票名称', '信号', '当前价格', '量比', '来源过滤']
[2026-05-13 11:09:19]  [行1] 解析成功: SZSE.003035 [南网能源] BUY @ 8.28 (VR:0.69)
[2026-05-13 11:09:19]  [行2] 解析成功: SZSE.300037 [新宙邦] BUY @ 64.03 (VR:0.94)
[2026-05-13 11:09:19]  [行3] 解析成功: SZSE.002506 [协鑫集成] BUY @ 4.45 (VR:0.0)
[2026-05-13 11:09:19]  [行4] 解析成功: SZSE.300285 [国瓷材料] BUY @ 41.12 (VR:0.25)
[2026-05-13 11:09:19]  [行5] 解析成功: SZSE.300393 [中来股份] BUY @ 12.49 (VR:0.45)
[2026-05-13 11:09:19]  [行6] 解析成功: SZSE.301419 [瑞可达] BUY @ 44.47 (VR:0.55)
[2026-05-13 11:09:19]  [行7] 解析成功: SZSE.301071 [力量钻石] BUY @ 60.14 (VR:0.44)
[2026-05-13 11:09:19]  [行8] 解析成功: SZSE.300868 [杰美特] SELL @ 91.81 (VR:0.27)
[2026-05-13 11:09:19]  [行9] 解析成功: SZSE.300390 [天华超净] SELL @ 98.52 (VR:0.06)
[2026-05-13 11:09:19]  [行10] 解析成功: SZSE.300953 [震裕科技] SELL @ 231.78 (VR:0.24)
[2026-05-13 11:09:19]  [行11] 解析成功: SZSE.300054 [鼎龙股份] SELL @ 67.37 (VR:0.1)
[2026-05-13 11:09:19]  [行12] 解析成功: SZSE.003035 [南网能源] BUY @ 8.29 (VR:1.31)
[2026-05-13 11:09:19]  [行13] 解析成功: SZSE.300037 [新宙邦] BUY @ 64.04 (VR:0.31)
[2026-05-13 11:09:19]  [行14] 解析成功: SZSE.002506 [协鑫集成] BUY @ 4.46 (VR:0.27)
[2026-05-13 11:09:19]  [行15] 解析成功: SZSE.300285 [国瓷材料] BUY @ 41.21 (VR:1.28)
[2026-05-13 11:09:19]  [行16] 解析成功: SZSE.300393 [中来股份] BUY @ 12.64 (VR:1.19)
[2026-05-13 11:09:19]  [行17] 解析成功: SZSE.301419 [瑞可达] BUY @ 44.48 (VR:0.57)
[2026-05-13 11:09:19]  [行18] 解析成功: SZSE.301071 [力量钻石] BUY @ 60.72 (VR:3.63)
[2026-05-13 11:09:19]  [行19] 解析成功: SZSE.300868 [杰美特] SELL @ 91.61 (VR:0.01)
[2026-05-13 11:09:19]  [行20] 解析成功: SZSE.300390 [天华超净] SELL @ 98.11 (VR:0.45)
[2026-05-13 11:09:19]  [行21] 解析成功: SZSE.300953 [震裕科技] SELL @ 231.1 (VR:1.79)
[2026-05-13 11:09:19]  [行22] 解析成功: SZSE.300054 [鼎龙股份] SELL @ 67.09 (VR:0.19)
[2026-05-13 11:09:19] 成功保存 22 条因子至: signal_batch_20260513_110919_841308.txt
[2026-05-13 11:09:20]  QQ-备用 邮件 844 处理完成
[2026-05-13 11:09:20]  QQ-备用 本轮共成功处理 1 封有效信号邮件
[2026-05-13 11:09:55]  正在连接 QQ-主 邮箱服务器 (497720537@qq.com) ...
[2026-05-13 11:09:56]  正在连接 QQ-备用 邮箱服务器 (shouqianbadavid@qq.com) ...
[2026-05-13 11:10:31]  正在连接 QQ-主 邮箱服务器 (497720537@qq.com) ...
[2026-05-13 11:10:32]  正在连接 QQ-备用 邮箱服务器 (shouqianbadavid@qq.com) ...
[2026-05-13 11:11:07]  正在连接 QQ-主 邮箱服务器 (497720537@qq.com) ...
[2026-05-13 11:11:08]  正在连接 QQ-备用 邮箱服务器 (shouqianbadavid@qq.com) ...
[2026-05-13 11:11:43]  正在连接 QQ-主 邮箱服务器 (497720537@qq.com) ...
[2026-05-13 11:11:44]  正在连接 QQ-备用 邮箱服务器 (shouqianbadavid@qq.com) ...
[2026-05-13 11:12:20]  正在连接 QQ-主 邮箱服务器 (497720537@qq.com) ...
[2026-05-13 11:12:20]  QQ-主 正在解析因子: =?UTF-8?B?5Lit5ZyL576O5pmv6YGK77ya4oCc5Z2Q5LiK5ryT5rGf56u5562P55qE6YKj?=
 =?UTF-8?B?5LiA5Yi74oCd?=
[2026-05-13 11:12:20]  发现表格，共 22 行数据
[2026-05-13 11:12:20]  表头映射失败，未找到指定列名。当前表头: ['Oliva Sammi 发布了更新：“坐上漓江竹筏的那一刻”中國美景遊：“坐上漓江竹筏的那一刻”5月13日 11:11查看此邮件发给497720537@qq.com。 如果不希望再收到 Meta 的这类邮件，请退订。Meta Platforms, Inc., Attention: Community Support, 1 Meta Way, Menlo Park, CA 94025为保护你的主页安全，请勿转发这封邮件。详细了解', '', 'Oliva Sammi 发布了更新：“坐上漓江竹筏的那一刻”', '', '', '', '', '', '', '', '', '', '', '', '', '', '', '中國美景遊：“坐上漓江竹筏的那一刻”5月13日 11:11查看', '', '中國美景遊：“坐上漓江竹筏的那一刻”5月13日 11:11查看', '中國美景遊：“坐上漓江竹筏的那一刻”5月13日 11:11查看', '', '', '中國美景遊：“坐上漓江竹筏的那一刻”5月13日 11:11查看', '中國美景遊：“坐上漓江竹筏的那一刻”', '5月13日 11:11', '', '查看', '', '', '', '', '此邮件发给497720537@qq.com。 如果不希望再收到 Meta 的这类邮件，请退订。Meta Platforms, Inc., Attention: Community Support, 1 Meta Way, Menlo Park, CA 94025', '', '此邮件发给497720537@qq.com。 如果不希望再收到 Meta 的这类邮件，请退订。Meta Platforms, Inc., Attention: Community Support, 1 Meta Way, Menlo Park, CA 94025', '', '', '为保护你的主页安全，请勿转发这封邮件。详细了解', '为保护你的主页安全，请勿转发这封邮件。详细了解', '', '']
[2026-05-13 11:12:20] QQ-主 邮件 3534 无有效信号
[2026-05-13 11:12:21]  正在连接 QQ-备用 邮箱服务器 (shouqianbadavid@qq.com) ...
[2026-05-13 11:12:56]  正在连接 QQ-主 邮箱服务器 (497720537@qq.com) ...
[2026-05-13 11:12:57]  正在连接 QQ-备用 邮箱服务器 (shouqianbadavid@qq.com) ...
[2026-05-13 11:13:32]  正在连接 QQ-主 邮箱服务器 (497720537@qq.com) ...
[2026-05-13 11:13:33]  正在连接 QQ-备用 邮箱服务器 (shouqianbadavid@qq.com) ...
[2026-05-13 11:14:08]  正在连接 QQ-主 邮箱服务器 (497720537@qq.com) ...
[2026-05-13 11:14:09]  正在连接 QQ-备用 邮箱服务器 (shouqianbadavid@qq.com) ...
[2026-05-13 11:14:45]  正在连接 QQ-主 邮箱服务器 (497720537@qq.com) ...
[2026-05-13 11:14:45]  正在连接 QQ-备用 邮箱服务器 (shouqianbadavid@qq.com) ...
[2026-05-13 11:15:21]  正在连接 QQ-主 邮箱服务器 (497720537@qq.com) ...
[2026-05-13 11:15:21]  QQ-主 正在解析因子: =?utf-8?b?QWxwaGFQaWxvdCDlrp7ml7bkv6Hlj7cgKGFscGhhX3NpZ25hbF90aHJfMjAyNjA1MTNfMTExNS5qc29uKSBb5Li7UVEt5a+55aSWXQ==?=
[2026-05-13 11:15:21]  发现表格，共 18 行数据
[2026-05-13 11:15:21]  动态索引映射: ['股票代码', '股票名称', '信号', '当前价格', '量比', '来源过滤']
[2026-05-13 11:15:21]  [行1] 解析成功: SZSE.300722 [新余国科] BUY @ 28.5 (VR:0.53)
[2026-05-13 11:15:21]  [行2] 解析成功: SZSE.301018 [申菱环境] BUY @ 136.43 (VR:0.02)
[2026-05-13 11:15:21]  [行3] 解析成功: SZSE.301389 [隆扬电子] BUY @ 79.78 (VR:0.54)
[2026-05-13 11:15:21]  [行4] 解析成功: SZSE.300468 [四方精创] SELL @ 28.95 (VR:1.01)
[2026-05-13 11:15:21]  [行5] 解析成功: SHSE.688689 [银河微电] BUY @ 39.85 (VR:0.04)
[2026-05-13 11:15:21]  [行6] 解析成功: SZSE.300243 [瑞丰光电] BUY @ 19.71 (VR:0.44)
[2026-05-13 11:15:21]  [行7] 解析成功: SZSE.002980 [华盛昌] SELL @ 86.78 (VR:0.35)
[2026-05-13 11:15:21]  [行8] 解析成功: SZSE.301220 [亚香股份] BUY @ 42.47 (VR:0.52)
[2026-05-13 11:15:21]  [行9] 解析成功: SZSE.300672 [国科微] BUY @ 235.15 (VR:0.01)
[2026-05-13 11:15:21]  [行10] 解析成功: SZSE.300722 [新余国科] BUY @ 28.59 (VR:0.46)
[2026-05-13 11:15:21]  [行11] 解析成功: SZSE.301018 [申菱环境] BUY @ 136.49 (VR:0.63)
[2026-05-13 11:15:21]  [行12] 解析成功: SZSE.301389 [隆扬电子] BUY @ 80.01 (VR:0.13)
[2026-05-13 11:15:21]  [行13] 解析成功: SZSE.300468 [四方精创] SELL @ 28.94 (VR:0.71)
[2026-05-13 11:15:21]  [行14] 解析成功: SHSE.688689 [银河微电] BUY @ 39.98 (VR:0.07)
[2026-05-13 11:15:21]  [行15] 解析成功: SZSE.300243 [瑞丰光电] BUY @ 19.77 (VR:0.17)
[2026-05-13 11:15:21]  [行16] 解析成功: SZSE.002980 [华盛昌] SELL @ 86.71 (VR:2.14)
[2026-05-13 11:15:21]  [行17] 解析成功: SZSE.301220 [亚香股份] BUY @ 42.51 (VR:0.1)
[2026-05-13 11:15:21]  [行18] 解析成功: SZSE.300672 [国科微] BUY @ 235.99 (VR:0.45)
[2026-05-13 11:15:21] 成功保存 18 条因子至: signal_batch_20260513_111521_832744.txt
[2026-05-13 11:15:22]  QQ-主 邮件 3535 处理完成
[2026-05-13 11:15:22]  QQ-主 本轮共成功处理 1 封有效信号邮件
[2026-05-13 11:15:22]  正在连接 QQ-备用 邮箱服务器 (shouqianbadavid@qq.com) ...
[2026-05-13 11:15:22]  QQ-备用 正在解析因子: =?utf-8?b?QWxwaGFQaWxvdCDlpIfku73kv6Hlj7cgKGFscGhhX3NpZ25hbF90aHJfMjAyNjA1MTNfMTExNS5qc29uKSBb5aSHUVEt6Ieq5L+dXQ==?=
[2026-05-13 11:15:22]  发现表格，共 18 行数据
[2026-05-13 11:15:22]  动态索引映射: ['股票代码', '股票名称', '信号', '当前价格', '量比', '来源过滤']
[2026-05-13 11:15:22]  [行1] 解析成功: SZSE.300722 [新余国科] BUY @ 28.5 (VR:0.53)
[2026-05-13 11:15:22]  [行2] 解析成功: SZSE.301018 [申菱环境] BUY @ 136.43 (VR:0.02)
[2026-05-13 11:15:22]  [行3] 解析成功: SZSE.301389 [隆扬电子] BUY @ 79.78 (VR:0.54)
[2026-05-13 11:15:22]  [行4] 解析成功: SZSE.300468 [四方精创] SELL @ 28.95 (VR:1.01)
[2026-05-13 11:15:22]  [行5] 解析成功: SHSE.688689 [银河微电] BUY @ 39.85 (VR:0.04)
[2026-05-13 11:15:22]  [行6] 解析成功: SZSE.300243 [瑞丰光电] BUY @ 19.71 (VR:0.44)
[2026-05-13 11:15:22]  [行7] 解析成功: SZSE.002980 [华盛昌] SELL @ 86.78 (VR:0.35)
[2026-05-13 11:15:22]  [行8] 解析成功: SZSE.301220 [亚香股份] BUY @ 42.47 (VR:0.52)
[2026-05-13 11:15:22]  [行9] 解析成功: SZSE.300672 [国科微] BUY @ 235.15 (VR:0.01)
[2026-05-13 11:15:22]  [行10] 解析成功: SZSE.300722 [新余国科] BUY @ 28.59 (VR:0.46)
[2026-05-13 11:15:22]  [行11] 解析成功: SZSE.301018 [申菱环境] BUY @ 136.49 (VR:0.63)
[2026-05-13 11:15:22]  [行12] 解析成功: SZSE.301389 [隆扬电子] BUY @ 80.01 (VR:0.13)
[2026-05-13 11:15:22]  [行13] 解析成功: SZSE.300468 [四方精创] SELL @ 28.94 (VR:0.71)
[2026-05-13 11:15:22]  [行14] 解析成功: SHSE.688689 [银河微电] BUY @ 39.98 (VR:0.07)
[2026-05-13 11:15:22]  [行15] 解析成功: SZSE.300243 [瑞丰光电] BUY @ 19.77 (VR:0.17)
[2026-05-13 11:15:22]  [行16] 解析成功: SZSE.002980 [华盛昌] SELL @ 86.71 (VR:2.14)
[2026-05-13 11:15:22]  [行17] 解析成功: SZSE.301220 [亚香股份] BUY @ 42.51 (VR:0.1)
[2026-05-13 11:15:22]  [行18] 解析成功: SZSE.300672 [国科微] BUY @ 235.99 (VR:0.45)
[2026-05-13 11:15:22] 成功保存 18 条因子至: signal_batch_20260513_111522_890054.txt
[2026-05-13 11:15:23]  QQ-备用 邮件 845 处理完成
[2026-05-13 11:15:23]  QQ-备用 本轮共成功处理 1 封有效信号邮件
[2026-05-13 11:15:58]  正在连接 QQ-主 邮箱服务器 (497720537@qq.com) ...
[2026-05-13 11:15:59]  正在连接 QQ-备用 邮箱服务器 (shouqianbadavid@qq.com) ...
[2026-05-13 11:16:34]  正在连接 QQ-主 邮箱服务器 (497720537@qq.com) ...
[2026-05-13 11:16:36]  正在连接 QQ-备用 邮箱服务器 (shouqianbadavid@qq.com) ...
[2026-05-13 11:17:11]  正在连接 QQ-主 邮箱服务器 (497720537@qq.com) ...
[2026-05-13 11:17:12]  正在连接 QQ-备用 邮箱服务器 (shouqianbadavid@qq.com) ...
[2026-05-13 11:17:48]  正在连接 QQ-主 邮箱服务器 (497720537@qq.com) ...
[2026-05-13 11:17:48]  正在连接 QQ-备用 邮箱服务器 (shouqianbadavid@qq.com) ...
[2026-05-13 11:18:24]  正在连接 QQ-主 邮箱服务器 (497720537@qq.com) ...
[2026-05-13 11:18:25]  正在连接 QQ-备用 邮箱服务器 (shouqianbadavid@qq.com) ...
[2026-05-13 11:19:00]  正在连接 QQ-主 邮箱服务器 (497720537@qq.com) ...
[2026-05-13 11:19:01]  正在连接 QQ-备用 邮箱服务器 (shouqianbadavid@qq.com) ...
[2026-05-13 11:19:36]  正在连接 QQ-主 邮箱服务器 (497720537@qq.com) ...
[2026-05-13 11:19:37]  正在连接 QQ-备用 邮箱服务器 (shouqianbadavid@qq.com) ...
[2026-05-13 11:20:13]  正在连接 QQ-主 邮箱服务器 (497720537@qq.com) ...
[2026-05-13 11:20:13]  正在连接 QQ-备用 邮箱服务器 (shouqianbadavid@qq.com) ...
[2026-05-13 11:20:49]  正在连接 QQ-主 邮箱服务器 (497720537@qq.com) ...
[2026-05-13 11:20:50]  正在连接 QQ-备用 邮箱服务器 (shouqianbadavid@qq.com) ...
[2026-05-13 11:21:25]  正在连接 QQ-主 邮箱服务器 (497720537@qq.com) ...
[2026-05-13 11:21:26]  正在连接 QQ-备用 邮箱服务器 (shouqianbadavid@qq.com) ...
[2026-05-13 11:22:01]  正在连接 QQ-主 邮箱服务器 (497720537@qq.com) ...
[2026-05-13 11:22:02]  正在连接 QQ-备用 邮箱服务器 (shouqianbadavid@qq.com) ...
[2026-05-13 11:22:38]  正在连接 QQ-主 邮箱服务器 (497720537@qq.com) ...
[2026-05-13 11:22:38]  正在连接 QQ-备用 邮箱服务器 (shouqianbadavid@qq.com) ...
[2026-05-13 11:23:14]  正在连接 QQ-主 邮箱服务器 (497720537@qq.com) ...
[2026-05-13 11:23:14]  QQ-主 正在解析因子: =?utf-8?b?QWxwaGFQaWxvdCDlrp7ml7bkv6Hlj7cgKGFscGhhX3NpZ25hbF90aHJfMjAyNjA1MTNfMTEyMi5qc29uKSBb5Li7UVEt5a+55aSWXQ==?=
[2026-05-13 11:23:14]  发现表格，共 18 行数据
[2026-05-13 11:23:14]  动态索引映射: ['股票代码', '股票名称', '信号', '当前价格', '量比', '来源过滤']
[2026-05-13 11:23:14]  [行1] 解析成功: SZSE.300285 [国瓷材料] BUY @ 41.8 (VR:2.8)
[2026-05-13 11:23:14]  [行2] 解析成功: SZSE.301667 [纳百川] BUY @ 105.1 (VR:1.67)
[2026-05-13 11:23:14]  [行3] 解析成功: SZSE.300345 [华民股份] BUY @ 7.27 (VR:2.41)
[2026-05-13 11:23:14]  [行4] 解析成功: SHSE.688295 [奥林德] BUY @ 59.66 (VR:0.02)
[2026-05-13 11:23:14]  [行5] 解析成功: SHSE.601669 [中国电建] BUY @ 6.08 (VR:0.34)
[2026-05-13 11:23:14]  [行6] 解析成功: SHSE.688295 [中复神鹰] BUY @ 59.7 (VR:0.08)
[2026-05-13 11:23:14]  [行7] 解析成功: SZSE.300782 [卓胜微] BUY @ 115.0 (VR:0.18)
[2026-05-13 11:23:14]  [行8] 解析成功: SZSE.300364 [中文在线] BUY @ 30.36 (VR:0.37)
[2026-05-13 11:23:14]  [行9] 解析成功: SZSE.300813 [泰林生物] BUY @ 24.9 (VR:0.2)
[2026-05-13 11:23:14]  [行10] 解析成功: SZSE.300285 [国瓷材料] BUY @ 41.95 (VR:1.37)
[2026-05-13 11:23:14]  [行11] 解析成功: SZSE.301667 [纳百川] BUY @ 105.6 (VR:0.12)
[2026-05-13 11:23:14]  [行12] 解析成功: SZSE.300345 [华民股份] BUY @ 7.29 (VR:0.07)
[2026-05-13 11:23:14]  [行13] 解析成功: SHSE.688295 [奥林德] BUY @ 59.77 (VR:0.24)
[2026-05-13 11:23:14]  [行14] 解析成功: SHSE.601669 [中国电建] BUY @ 6.09 (VR:0.91)
[2026-05-13 11:23:14]  [行15] 解析成功: SHSE.688295 [中复神鹰] BUY @ 59.79 (VR:0.36)
[2026-05-13 11:23:14]  [行16] 解析成功: SZSE.300782 [卓胜微] BUY @ 117.01 (VR:3.2)
[2026-05-13 11:23:14]  [行17] 解析成功: SZSE.300364 [中文在线] BUY @ 30.41 (VR:0.06)
[2026-05-13 11:23:14]  [行18] 解析成功: SZSE.300813 [泰林生物] BUY @ 24.93 (VR:0.54)
[2026-05-13 11:23:14] 成功保存 18 条因子至: signal_batch_20260513_112314_820239.txt
[2026-05-13 11:23:15]  QQ-主 邮件 3536 处理完成
[2026-05-13 11:23:15]  QQ-主 本轮共成功处理 1 封有效信号邮件
[2026-05-13 11:23:15]  正在连接 QQ-备用 邮箱服务器 (shouqianbadavid@qq.com) ...
[2026-05-13 11:23:50]  正在连接 QQ-主 邮箱服务器 (497720537@qq.com) ...
[2026-05-13 11:23:51]  正在连接 QQ-备用 邮箱服务器 (shouqianbadavid@qq.com) ...
[2026-05-13 11:23:52]  QQ-备用 正在解析因子: =?utf-8?b?QWxwaGFQaWxvdCDlpIfku73kv6Hlj7cgKGFscGhhX3NpZ25hbF90aHJfMjAyNjA1MTNfMTEyMi5qc29uKSBb5aSHUVEt6Ieq5L+dXQ==?=
[2026-05-13 11:23:52]  发现表格，共 18 行数据
[2026-05-13 11:23:52]  动态索引映射: ['股票代码', '股票名称', '信号', '当前价格', '量比', '来源过滤']
[2026-05-13 11:23:52]  [行1] 解析成功: SZSE.300285 [国瓷材料] BUY @ 41.8 (VR:2.8)
[2026-05-13 11:23:52]  [行2] 解析成功: SZSE.301667 [纳百川] BUY @ 105.1 (VR:1.67)
[2026-05-13 11:23:52]  [行3] 解析成功: SZSE.300345 [华民股份] BUY @ 7.27 (VR:2.41)
[2026-05-13 11:23:52]  [行4] 解析成功: SHSE.688295 [奥林德] BUY @ 59.66 (VR:0.02)
[2026-05-13 11:23:52]  [行5] 解析成功: SHSE.601669 [中国电建] BUY @ 6.08 (VR:0.34)
[2026-05-13 11:23:52]  [行6] 解析成功: SHSE.688295 [中复神鹰] BUY @ 59.7 (VR:0.08)
[2026-05-13 11:23:52]  [行7] 解析成功: SZSE.300782 [卓胜微] BUY @ 115.0 (VR:0.18)
[2026-05-13 11:23:52]  [行8] 解析成功: SZSE.300364 [中文在线] BUY @ 30.36 (VR:0.37)
[2026-05-13 11:23:52]  [行9] 解析成功: SZSE.300813 [泰林生物] BUY @ 24.9 (VR:0.2)
[2026-05-13 11:23:52]  [行10] 解析成功: SZSE.300285 [国瓷材料] BUY @ 41.95 (VR:1.37)
[2026-05-13 11:23:52]  [行11] 解析成功: SZSE.301667 [纳百川] BUY @ 105.6 (VR:0.12)
[2026-05-13 11:23:52]  [行12] 解析成功: SZSE.300345 [华民股份] BUY @ 7.29 (VR:0.07)
[2026-05-13 11:23:52]  [行13] 解析成功: SHSE.688295 [奥林德] BUY @ 59.77 (VR:0.24)
[2026-05-13 11:23:52]  [行14] 解析成功: SHSE.601669 [中国电建] BUY @ 6.09 (VR:0.91)
[2026-05-13 11:23:52]  [行15] 解析成功: SHSE.688295 [中复神鹰] BUY @ 59.79 (VR:0.36)
[2026-05-13 11:23:52]  [行16] 解析成功: SZSE.300782 [卓胜微] BUY @ 117.01 (VR:3.2)
[2026-05-13 11:23:52]  [行17] 解析成功: SZSE.300364 [中文在线] BUY @ 30.41 (VR:0.06)
[2026-05-13 11:23:52]  [行18] 解析成功: SZSE.300813 [泰林生物] BUY @ 24.93 (VR:0.54)
[2026-05-13 11:23:52] 成功保存 18 条因子至: signal_batch_20260513_112352_419392.txt
[2026-05-13 11:23:52]  QQ-备用 邮件 846 处理完成
[2026-05-13 11:23:52]  QQ-备用 本轮共成功处理 1 封有效信号邮件
[2026-05-13 11:24:27]  正在连接 QQ-主 邮箱服务器 (497720537@qq.com) ...
[2026-05-13 11:24:28]  正在连接 QQ-备用 邮箱服务器 (shouqianbadavid@qq.com) ...
[2026-05-13 11:25:04]  正在连接 QQ-主 邮箱服务器 (497720537@qq.com) ...
[2026-05-13 11:25:04]  正在连接 QQ-备用 邮箱服务器 (shouqianbadavid@qq.com) ...
[2026-05-13 11:25:40]  正在连接 QQ-主 邮箱服务器 (497720537@qq.com) ...
[2026-05-13 11:25:40]  正在连接 QQ-备用 邮箱服务器 (shouqianbadavid@qq.com) ...
[2026-05-13 11:26:16]  正在连接 QQ-主 邮箱服务器 (497720537@qq.com) ...
[2026-05-13 11:26:17]  正在连接 QQ-备用 邮箱服务器 (shouqianbadavid@qq.com) ...
[2026-05-13 11:26:52]  正在连接 QQ-主 邮箱服务器 (497720537@qq.com) ...
[2026-05-13 11:26:53]  正在连接 QQ-备用 邮箱服务器 (shouqianbadavid@qq.com) ...
[2026-05-13 11:27:28]  正在连接 QQ-主 邮箱服务器 (497720537@qq.com) ...
[2026-05-13 11:27:29]  正在连接 QQ-备用 邮箱服务器 (shouqianbadavid@qq.com) ...
[2026-05-13 11:28:04]  正在连接 QQ-主 邮箱服务器 (497720537@qq.com) ...
[2026-05-13 11:28:05]  正在连接 QQ-备用 邮箱服务器 (shouqianbadavid@qq.com) ...
[2026-05-13 11:28:40]  正在连接 QQ-主 邮箱服务器 (497720537@qq.com) ...
[2026-05-13 11:28:41]  正在连接 QQ-备用 邮箱服务器 (shouqianbadavid@qq.com) ...
[2026-05-13 11:29:17]  正在连接 QQ-主 邮箱服务器 (497720537@qq.com) ...
[2026-05-13 11:29:18]  正在连接 QQ-备用 邮箱服务器 (shouqianbadavid@qq.com) ...
[2026-05-13 11:29:53]  正在连接 QQ-主 邮箱服务器 (497720537@qq.com) ...
[2026-05-13 11:29:54]  正在连接 QQ-备用 邮箱服务器 (shouqianbadavid@qq.com) ...
[2026-05-13 11:30:29]  正在连接 QQ-主 邮箱服务器 (497720537@qq.com) ...
[2026-05-13 11:30:30]  正在连接 QQ-备用 邮箱服务器 (shouqianbadavid@qq.com) ...
[2026-05-13 11:31:06]  正在连接 QQ-主 邮箱服务器 (497720537@qq.com) ...
[2026-05-13 11:31:06]  正在连接 QQ-备用 邮箱服务器 (shouqianbadavid@qq.com) ...
[2026-05-13 11:31:42]  正在连接 QQ-主 邮箱服务器 (497720537@qq.com) ...
[2026-05-13 11:31:43]  QQ-主 正在解析因子: =?utf-8?b?QWxwaGFQaWxvdCDlrp7ml7bkv6Hlj7cgKGFscGhhX3NpZ25hbF90aHJfMjAyNjA1MTNfMTEzMS5qc29uKSBb5Li7UVEt5a+55aSWXQ==?=
[2026-05-13 11:31:43]  发现表格，共 6 行数据
[2026-05-13 11:31:43]  动态索引映射: ['股票代码', '股票名称', '信号', '当前价格', '量比', '来源过滤']
[2026-05-13 11:31:43]  [行1] 解析成功: SZSE.002460 [赣锋锂业] BUY @ 82.35 (VR:0.52)
[2026-05-13 11:31:43]  [行2] 解析成功: SZSE.000536 [华映科技] SELL @ 4.07 (VR:1.39)
[2026-05-13 11:31:43]  [行3] 解析成功: SZSE.300432 [富临精工] SELL @ 25.86 (VR:0.46)
[2026-05-13 11:31:43]  [行4] 解析成功: SZSE.002460 [赣锋锂业] BUY @ 82.42 (VR:0.95)
[2026-05-13 11:31:43]  [行5] 解析成功: SZSE.000536 [华映科技] SELL @ 4.06 (VR:2.08)
[2026-05-13 11:31:43]  [行6] 解析成功: SZSE.300432 [富临精工] SELL @ 25.78 (VR:2.17)
[2026-05-13 11:31:43] 成功保存 6 条因子至: signal_batch_20260513_113143_235131.txt
[2026-05-13 11:31:43]  QQ-主 邮件 3537 处理完成
[2026-05-13 11:31:43]  QQ-主 本轮共成功处理 1 封有效信号邮件
[2026-05-13 11:31:43]  正在连接 QQ-备用 邮箱服务器 (shouqianbadavid@qq.com) ...
[2026-05-13 11:32:19]  正在连接 QQ-主 邮箱服务器 (497720537@qq.com) ...
[2026-05-13 11:32:20]  正在连接 QQ-备用 邮箱服务器 (shouqianbadavid@qq.com) ...
[2026-05-13 11:32:20]  QQ-备用 正在解析因子: =?utf-8?b?QWxwaGFQaWxvdCDlpIfku73kv6Hlj7cgKGFscGhhX3NpZ25hbF90aHJfMjAyNjA1MTNfMTEzMS5qc29uKSBb5aSHUVEt6Ieq5L+dXQ==?=
[2026-05-13 11:32:20]  发现表格，共 6 行数据
[2026-05-13 11:32:20]  动态索引映射: ['股票代码', '股票名称', '信号', '当前价格', '量比', '来源过滤']
[2026-05-13 11:32:20]  [行1] 解析成功: SZSE.002460 [赣锋锂业] BUY @ 82.35 (VR:0.52)
[2026-05-13 11:32:20]  [行2] 解析成功: SZSE.000536 [华映科技] SELL @ 4.07 (VR:1.39)
[2026-05-13 11:32:20]  [行3] 解析成功: SZSE.300432 [富临精工] SELL @ 25.86 (VR:0.46)
[2026-05-13 11:32:20]  [行4] 解析成功: SZSE.002460 [赣锋锂业] BUY @ 82.42 (VR:0.95)
[2026-05-13 11:32:20]  [行5] 解析成功: SZSE.000536 [华映科技] SELL @ 4.06 (VR:2.08)
[2026-05-13 11:32:20]  [行6] 解析成功: SZSE.300432 [富临精工] SELL @ 25.78 (VR:2.17)
[2026-05-13 11:32:20] 成功保存 6 条因子至: signal_batch_20260513_113220_971928.txt
[2026-05-13 11:32:21]  QQ-备用 邮件 847 处理完成
[2026-05-13 11:32:21]  QQ-备用 本轮共成功处理 1 封有效信号邮件
[2026-05-13 11:32:56]  正在连接 QQ-主 邮箱服务器 (497720537@qq.com) ...
[2026-05-13 11:32:56]  正在连接 QQ-备用 邮箱服务器 (shouqianbadavid@qq.com) ...
[2026-05-13 11:33:32]  正在连接 QQ-主 邮箱服务器 (497720537@qq.com) ...
[2026-05-13 11:33:33]  正在连接 QQ-备用 邮箱服务器 (shouqianbadavid@qq.com) ...
[2026-05-13 11:34:09]  正在连接 QQ-主 邮箱服务器 (497720537@qq.com) ...
[2026-05-13 11:34:10]  正在连接 QQ-备用 邮箱服务器 (shouqianbadavid@qq.com) ...
[2026-05-13 11:34:46]  正在连接 QQ-主 邮箱服务器 (497720537@qq.com) ...
[2026-05-13 11:34:46]  正在连接 QQ-备用 邮箱服务器 (shouqianbadavid@qq.com) ...
[2026-05-13 11:35:22]  正在连接 QQ-主 邮箱服务器 (497720537@qq.com) ...
[2026-05-13 11:35:22]  正在连接 QQ-备用 邮箱服务器 (shouqianbadavid@qq.com) ...
[2026-05-13 11:35:58]  正在连接 QQ-主 邮箱服务器 (497720537@qq.com) ...
[2026-05-13 11:35:58]  正在连接 QQ-备用 邮箱服务器 (shouqianbadavid@qq.com) ...
[2026-05-13 11:36:34]  正在连接 QQ-主 邮箱服务器 (497720537@qq.com) ...
[2026-05-13 11:36:35]  正在连接 QQ-备用 邮箱服务器 (shouqianbadavid@qq.com) ...
[2026-05-13 11:37:10]  正在连接 QQ-主 邮箱服务器 (497720537@qq.com) ...
[2026-05-13 11:37:11]  正在连接 QQ-备用 邮箱服务器 (shouqianbadavid@qq.com) ...
[2026-05-13 11:37:47]  正在连接 QQ-主 邮箱服务器 (497720537@qq.com) ...
[2026-05-13 11:37:47]  正在连接 QQ-备用 邮箱服务器 (shouqianbadavid@qq.com) ...
[2026-05-13 11:38:23]  正在连接 QQ-主 邮箱服务器 (497720537@qq.com) ...
[2026-05-13 11:38:24]  正在连接 QQ-备用 邮箱服务器 (shouqianbadavid@qq.com) ...
[2026-05-13 11:39:00]  正在连接 QQ-主 邮箱服务器 (497720537@qq.com) ...
[2026-05-13 11:39:00]  正在连接 QQ-备用 邮箱服务器 (shouqianbadavid@qq.com) ...
[2026-05-13 11:39:36]  正在连接 QQ-主 邮箱服务器 (497720537@qq.com) ...
[2026-05-13 11:39:36]  正在连接 QQ-备用 邮箱服务器 (shouqianbadavid@qq.com) ...
[2026-05-13 11:40:13]  正在连接 QQ-主 邮箱服务器 (497720537@qq.com) ...
[2026-05-13 11:40:13]  正在连接 QQ-备用 邮箱服务器 (shouqianbadavid@qq.com) ...
[2026-05-13 11:40:49]  正在连接 QQ-主 邮箱服务器 (497720537@qq.com) ...
[2026-05-13 11:40:50]  正在连接 QQ-备用 邮箱服务器 (shouqianbadavid@qq.com) ...
[2026-05-13 11:41:25]  正在连接 QQ-主 邮箱服务器 (497720537@qq.com) ...
[2026-05-13 11:41:26]  正在连接 QQ-备用 邮箱服务器 (shouqianbadavid@qq.com) ...
[2026-05-13 11:42:02]  正在连接 QQ-主 邮箱服务器 (497720537@qq.com) ...
[2026-05-13 11:42:03]  正在连接 QQ-备用 邮箱服务器 (shouqianbadavid@qq.com) ...
[2026-05-13 11:42:38]  正在连接 QQ-主 邮箱服务器 (497720537@qq.com) ...
[2026-05-13 11:42:39]  正在连接 QQ-备用 邮箱服务器 (shouqianbadavid@qq.com) ...
[2026-05-13 11:43:15]  正在连接 QQ-主 邮箱服务器 (497720537@qq.com) ...
[2026-05-13 11:43:16]  正在连接 QQ-备用 邮箱服务器 (shouqianbadavid@qq.com) ...
[2026-05-13 11:43:52]  正在连接 QQ-主 邮箱服务器 (497720537@qq.com) ...
[2026-05-13 11:43:52]  正在连接 QQ-备用 邮箱服务器 (shouqianbadavid@qq.com) ...
[2026-05-13 11:44:28]  正在连接 QQ-主 邮箱服务器 (497720537@qq.com) ...
[2026-05-13 11:44:29]  正在连接 QQ-备用 邮箱服务器 (shouqianbadavid@qq.com) ...
[2026-05-13 11:45:05]  正在连接 QQ-主 邮箱服务器 (497720537@qq.com) ...
[2026-05-13 11:45:05]  正在连接 QQ-备用 邮箱服务器 (shouqianbadavid@qq.com) ...
[2026-05-13 11:45:41]  正在连接 QQ-主 邮箱服务器 (497720537@qq.com) ...
[2026-05-13 11:45:42]  正在连接 QQ-备用 邮箱服务器 (shouqianbadavid@qq.com) ...
[2026-05-13 11:46:17]  正在连接 QQ-主 邮箱服务器 (497720537@qq.com) ...
[2026-05-13 11:46:18]  正在连接 QQ-备用 邮箱服务器 (shouqianbadavid@qq.com) ...
[2026-05-13 11:46:54]  正在连接 QQ-主 邮箱服务器 (497720537@qq.com) ...
[2026-05-13 11:46:55]  正在连接 QQ-备用 邮箱服务器 (shouqianbadavid@qq.com) ...
[2026-05-13 11:47:31]  正在连接 QQ-主 邮箱服务器 (497720537@qq.com) ...
[2026-05-13 11:47:32]  正在连接 QQ-备用 邮箱服务器 (shouqianbadavid@qq.com) ...
[2026-05-13 11:48:07]  正在连接 QQ-主 邮箱服务器 (497720537@qq.com) ...
[2026-05-13 11:48:08]  正在连接 QQ-备用 邮箱服务器 (shouqianbadavid@qq.com) ...
[2026-05-13 11:48:44]  正在连接 QQ-主 邮箱服务器 (497720537@qq.com) ...
[2026-05-13 11:48:45]  正在连接 QQ-备用 邮箱服务器 (shouqianbadavid@qq.com) ...
[2026-05-13 11:49:20]  正在连接 QQ-主 邮箱服务器 (497720537@qq.com) ...
[2026-05-13 11:49:21]  正在连接 QQ-备用 邮箱服务器 (shouqianbadavid@qq.com) ...
[2026-05-13 11:49:57]  正在连接 QQ-主 邮箱服务器 (497720537@qq.com) ...
[2026-05-13 11:49:58]  正在连接 QQ-备用 邮箱服务器 (shouqianbadavid@qq.com) ...
[2026-05-13 11:50:34]  正在连接 QQ-主 邮箱服务器 (497720537@qq.com) ...
[2026-05-13 11:50:34]  正在连接 QQ-备用 邮箱服务器 (shouqianbadavid@qq.com) ...
[2026-05-13 11:51:10]  正在连接 QQ-主 邮箱服务器 (497720537@qq.com) ...
[2026-05-13 11:51:11]  正在连接 QQ-备用 邮箱服务器 (shouqianbadavid@qq.com) ...
[2026-05-13 11:51:47]  正在连接 QQ-主 邮箱服务器 (497720537@qq.com) ...
[2026-05-13 11:51:48]  正在连接 QQ-备用 邮箱服务器 (shouqianbadavid@qq.com) ...
[2026-05-13 11:52:23]  正在连接 QQ-主 邮箱服务器 (497720537@qq.com) ...
[2026-05-13 11:52:24]  正在连接 QQ-备用 邮箱服务器 (shouqianbadavid@qq.com) ...
[2026-05-13 11:53:00]  正在连接 QQ-主 邮箱服务器 (497720537@qq.com) ...
[2026-05-13 11:53:01]  正在连接 QQ-备用 邮箱服务器 (shouqianbadavid@qq.com) ...
[2026-05-13 11:53:37]  正在连接 QQ-主 邮箱服务器 (497720537@qq.com) ...
[2026-05-13 11:53:37]  正在连接 QQ-备用 邮箱服务器 (shouqianbadavid@qq.com) ...
[2026-05-13 11:54:13]  正在连接 QQ-主 邮箱服务器 (497720537@qq.com) ...
[2026-05-13 11:54:14]  正在连接 QQ-备用 邮箱服务器 (shouqianbadavid@qq.com) ...
[2026-05-13 11:54:49]  正在连接 QQ-主 邮箱服务器 (497720537@qq.com) ...
[2026-05-13 11:54:50]  正在连接 QQ-备用 邮箱服务器 (shouqianbadavid@qq.com) ...
[2026-05-13 11:55:26]  正在连接 QQ-主 邮箱服务器 (497720537@qq.com) ...
[2026-05-13 11:55:26]  正在连接 QQ-备用 邮箱服务器 (shouqianbadavid@qq.com) ...
[2026-05-13 11:56:02]  正在连接 QQ-主 邮箱服务器 (497720537@qq.com) ...
[2026-05-13 11:56:03]  正在连接 QQ-备用 邮箱服务器 (shouqianbadavid@qq.com) ...
[2026-05-13 11:56:39]  正在连接 QQ-主 邮箱服务器 (497720537@qq.com) ...
[2026-05-13 11:56:39]  正在连接 QQ-备用 邮箱服务器 (shouqianbadavid@qq.com) ...
[2026-05-13 11:57:15]  正在连接 QQ-主 邮箱服务器 (497720537@qq.com) ...
[2026-05-13 11:57:16]  正在连接 QQ-备用 邮箱服务器 (shouqianbadavid@qq.com) ...
[2026-05-13 11:57:52]  正在连接 QQ-主 邮箱服务器 (497720537@qq.com) ...
[2026-05-13 11:57:53]  正在连接 QQ-备用 邮箱服务器 (shouqianbadavid@qq.com) ...
[2026-05-13 11:58:28]  正在连接 QQ-主 邮箱服务器 (497720537@qq.com) ...
[2026-05-13 11:58:29]  正在连接 QQ-备用 邮箱服务器 (shouqianbadavid@qq.com) ...
[2026-05-13 11:59:05]  正在连接 QQ-主 邮箱服务器 (497720537@qq.com) ...
[2026-05-13 11:59:06]  正在连接 QQ-备用 邮箱服务器 (shouqianbadavid@qq.com) ...
[2026-05-13 11:59:42]  正在连接 QQ-主 邮箱服务器 (497720537@qq.com) ...
[2026-05-13 11:59:43]  正在连接 QQ-备用 邮箱服务器 (shouqianbadavid@qq.com) ...
[2026-05-13 12:00:18]  正在连接 QQ-主 邮箱服务器 (497720537@qq.com) ...
[2026-05-13 12:00:19]  正在连接 QQ-备用 邮箱服务器 (shouqianbadavid@qq.com) ...
[2026-05-13 12:00:55]  正在连接 QQ-主 邮箱服务器 (497720537@qq.com) ...
[2026-05-13 12:00:56]  正在连接 QQ-备用 邮箱服务器 (shouqianbadavid@qq.com) ...
[2026-05-13 12:01:31]  正在连接 QQ-主 邮箱服务器 (497720537@qq.com) ...
[2026-05-13 12:01:32]  正在连接 QQ-备用 邮箱服务器 (shouqianbadavid@qq.com) ...
[2026-05-13 12:02:08]  正在连接 QQ-主 邮箱服务器 (497720537@qq.com) ...
[2026-05-13 12:02:08]  正在连接 QQ-备用 邮箱服务器 (shouqianbadavid@qq.com) ...
[2026-05-13 12:02:44]  正在连接 QQ-主 邮箱服务器 (497720537@qq.com) ...
[2026-05-13 12:02:45]  正在连接 QQ-备用 邮箱服务器 (shouqianbadavid@qq.com) ...
[2026-05-13 12:03:21]  正在连接 QQ-主 邮箱服务器 (497720537@qq.com) ...
[2026-05-13 12:03:22]  正在连接 QQ-备用 邮箱服务器 (shouqianbadavid@qq.com) ...
[2026-05-13 12:03:57]  正在连接 QQ-主 邮箱服务器 (497720537@qq.com) ...
[2026-05-13 12:03:58]  正在连接 QQ-备用 邮箱服务器 (shouqianbadavid@qq.com) ...
[2026-05-13 12:04:34]  正在连接 QQ-主 邮箱服务器 (497720537@qq.com) ...
[2026-05-13 12:04:35]  正在连接 QQ-备用 邮箱服务器 (shouqianbadavid@qq.com) ...
[2026-05-13 12:05:11]  正在连接 QQ-主 邮箱服务器 (497720537@qq.com) ...
[2026-05-13 12:05:12]  正在连接 QQ-备用 邮箱服务器 (shouqianbadavid@qq.com) ...
[2026-05-13 12:05:47]  正在连接 QQ-主 邮箱服务器 (497720537@qq.com) ...
[2026-05-13 12:05:48]  正在连接 QQ-备用 邮箱服务器 (shouqianbadavid@qq.com) ...
[2026-05-13 12:06:24]  正在连接 QQ-主 邮箱服务器 (497720537@qq.com) ...
[2026-05-13 12:06:24]  正在连接 QQ-备用 邮箱服务器 (shouqianbadavid@qq.com) ...
[2026-05-13 12:07:00]  正在连接 QQ-主 邮箱服务器 (497720537@qq.com) ...
[2026-05-13 12:07:01]  正在连接 QQ-备用 邮箱服务器 (shouqianbadavid@qq.com) ...
[2026-05-13 12:07:37]  正在连接 QQ-主 邮箱服务器 (497720537@qq.com) ...
[2026-05-13 12:07:38]  正在连接 QQ-备用 邮箱服务器 (shouqianbadavid@qq.com) ...
[2026-05-13 12:08:13]  正在连接 QQ-主 邮箱服务器 (497720537@qq.com) ...
[2026-05-13 12:08:14]  正在连接 QQ-备用 邮箱服务器 (shouqianbadavid@qq.com) ...
[2026-05-13 12:08:50]  正在连接 QQ-主 邮箱服务器 (497720537@qq.com) ...
[2026-05-13 12:08:51]  正在连接 QQ-备用 邮箱服务器 (shouqianbadavid@qq.com) ...
[2026-05-13 12:09:27]  正在连接 QQ-主 邮箱服务器 (497720537@qq.com) ...
[2026-05-13 12:09:28]  正在连接 QQ-备用 邮箱服务器 (shouqianbadavid@qq.com) ...
[2026-05-13 12:10:04]  正在连接 QQ-主 邮箱服务器 (497720537@qq.com) ...
[2026-05-13 12:10:05]  正在连接 QQ-备用 邮箱服务器 (shouqianbadavid@qq.com) ...
[2026-05-13 12:10:40]  正在连接 QQ-主 邮箱服务器 (497720537@qq.com) ...
[2026-05-13 12:10:41]  正在连接 QQ-备用 邮箱服务器 (shouqianbadavid@qq.com) ...
[2026-05-13 12:11:17]  正在连接 QQ-主 邮箱服务器 (497720537@qq.com) ...
[2026-05-13 12:11:18]  正在连接 QQ-备用 邮箱服务器 (shouqianbadavid@qq.com) ...
[2026-05-13 12:11:53]  正在连接 QQ-主 邮箱服务器 (497720537@qq.com) ...
[2026-05-13 12:11:54]  正在连接 QQ-备用 邮箱服务器 (shouqianbadavid@qq.com) ...
[2026-05-13 12:12:30]  正在连接 QQ-主 邮箱服务器 (497720537@qq.com) ...
[2026-05-13 12:12:31]  正在连接 QQ-备用 邮箱服务器 (shouqianbadavid@qq.com) ...
[2026-05-13 12:13:07]  正在连接 QQ-主 邮箱服务器 (497720537@qq.com) ...
[2026-05-13 12:13:08]  正在连接 QQ-备用 邮箱服务器 (shouqianbadavid@qq.com) ...
[2026-05-13 12:13:44]  正在连接 QQ-主 邮箱服务器 (497720537@qq.com) ...
[2026-05-13 12:13:44]  正在连接 QQ-备用 邮箱服务器 (shouqianbadavid@qq.com) ...
[2026-05-13 12:14:20]  正在连接 QQ-主 邮箱服务器 (497720537@qq.com) ...
[2026-05-13 12:14:21]  正在连接 QQ-备用 邮箱服务器 (shouqianbadavid@qq.com) ...
[2026-05-13 12:14:57]  正在连接 QQ-主 邮箱服务器 (497720537@qq.com) ...
[2026-05-13 12:14:58]  正在连接 QQ-备用 邮箱服务器 (shouqianbadavid@qq.com) ...
[2026-05-13 12:15:34]  正在连接 QQ-主 邮箱服务器 (497720537@qq.com) ...
[2026-05-13 12:15:35]  正在连接 QQ-备用 邮箱服务器 (shouqianbadavid@qq.com) ...
[2026-05-13 12:16:10]  正在连接 QQ-主 邮箱服务器 (497720537@qq.com) ...
[2026-05-13 12:16:11]  正在连接 QQ-备用 邮箱服务器 (shouqianbadavid@qq.com) ...
[2026-05-13 12:16:47]  正在连接 QQ-主 邮箱服务器 (497720537@qq.com) ...
[2026-05-13 12:16:48]  正在连接 QQ-备用 邮箱服务器 (shouqianbadavid@qq.com) ...
[2026-05-13 12:17:24]  正在连接 QQ-主 邮箱服务器 (497720537@qq.com) ...
[2026-05-13 12:17:25]  正在连接 QQ-备用 邮箱服务器 (shouqianbadavid@qq.com) ...
[2026-05-13 12:18:01]  正在连接 QQ-主 邮箱服务器 (497720537@qq.com) ...
[2026-05-13 12:18:01]  正在连接 QQ-备用 邮箱服务器 (shouqianbadavid@qq.com) ...
[2026-05-13 12:18:37]  正在连接 QQ-主 邮箱服务器 (497720537@qq.com) ...
[2026-05-13 12:18:38]  正在连接 QQ-备用 邮箱服务器 (shouqianbadavid@qq.com) ...
[2026-05-13 12:19:14]  正在连接 QQ-主 邮箱服务器 (497720537@qq.com) ...
[2026-05-13 12:19:14]  正在连接 QQ-备用 邮箱服务器 (shouqianbadavid@qq.com) ...
[2026-05-13 12:19:50]  正在连接 QQ-主 邮箱服务器 (497720537@qq.com) ...
[2026-05-13 12:19:51]  正在连接 QQ-备用 邮箱服务器 (shouqianbadavid@qq.com) ...
[2026-05-13 12:20:27]  正在连接 QQ-主 邮箱服务器 (497720537@qq.com) ...
[2026-05-13 12:20:28]  正在连接 QQ-备用 邮箱服务器 (shouqianbadavid@qq.com) ...
[2026-05-13 12:21:03]  正在连接 QQ-主 邮箱服务器 (497720537@qq.com) ...
[2026-05-13 12:21:04]  正在连接 QQ-备用 邮箱服务器 (shouqianbadavid@qq.com) ...
[2026-05-13 12:21:40]  正在连接 QQ-主 邮箱服务器 (497720537@qq.com) ...
[2026-05-13 12:21:41]  正在连接 QQ-备用 邮箱服务器 (shouqianbadavid@qq.com) ...
[2026-05-13 12:22:17]  正在连接 QQ-主 邮箱服务器 (497720537@qq.com) ...
[2026-05-13 12:22:18]  正在连接 QQ-备用 邮箱服务器 (shouqianbadavid@qq.com) ...
[2026-05-13 12:22:54]  正在连接 QQ-主 邮箱服务器 (497720537@qq.com) ...
[2026-05-13 12:22:55]  正在连接 QQ-备用 邮箱服务器 (shouqianbadavid@qq.com) ...
[2026-05-13 12:23:31]  正在连接 QQ-主 邮箱服务器 (497720537@qq.com) ...
[2026-05-13 12:23:32]  正在连接 QQ-备用 邮箱服务器 (shouqianbadavid@qq.com) ...
[2026-05-13 12:24:07]  正在连接 QQ-主 邮箱服务器 (497720537@qq.com) ...
[2026-05-13 12:24:08]  正在连接 QQ-备用 邮箱服务器 (shouqianbadavid@qq.com) ...
[2026-05-13 12:24:44]  正在连接 QQ-主 邮箱服务器 (497720537@qq.com) ...
[2026-05-13 12:24:44]  正在连接 QQ-备用 邮箱服务器 (shouqianbadavid@qq.com) ...
[2026-05-13 12:25:20]  正在连接 QQ-主 邮箱服务器 (497720537@qq.com) ...
[2026-05-13 12:25:21]  正在连接 QQ-备用 邮箱服务器 (shouqianbadavid@qq.com) ...
[2026-05-13 12:25:57]  正在连接 QQ-主 邮箱服务器 (497720537@qq.com) ...
[2026-05-13 12:25:58]  正在连接 QQ-备用 邮箱服务器 (shouqianbadavid@qq.com) ...
[2026-05-13 12:26:33]  正在连接 QQ-主 邮箱服务器 (497720537@qq.com) ...
[2026-05-13 12:26:34]  正在连接 QQ-备用 邮箱服务器 (shouqianbadavid@qq.com) ...
[2026-05-13 12:27:10]  正在连接 QQ-主 邮箱服务器 (497720537@qq.com) ...
[2026-05-13 12:27:11]  正在连接 QQ-备用 邮箱服务器 (shouqianbadavid@qq.com) ...
[2026-05-13 12:27:46]  正在连接 QQ-主 邮箱服务器 (497720537@qq.com) ...
[2026-05-13 12:27:47]  正在连接 QQ-备用 邮箱服务器 (shouqianbadavid@qq.com) ...
[2026-05-13 12:28:23]  正在连接 QQ-主 邮箱服务器 (497720537@qq.com) ...
[2026-05-13 12:28:23]  正在连接 QQ-备用 邮箱服务器 (shouqianbadavid@qq.com) ...
[2026-05-13 12:28:59]  正在连接 QQ-主 邮箱服务器 (497720537@qq.com) ...
[2026-05-13 12:29:00]  正在连接 QQ-备用 邮箱服务器 (shouqianbadavid@qq.com) ...
[2026-05-13 12:29:36]  正在连接 QQ-主 邮箱服务器 (497720537@qq.com) ...
[2026-05-13 12:29:36]  正在连接 QQ-备用 邮箱服务器 (shouqianbadavid@qq.com) ...
[2026-05-13 12:30:12]  正在连接 QQ-主 邮箱服务器 (497720537@qq.com) ...
[2026-05-13 12:30:13]  正在连接 QQ-备用 邮箱服务器 (shouqianbadavid@qq.com) ...
[2026-05-13 12:30:49]  正在连接 QQ-主 邮箱服务器 (497720537@qq.com) ...
[2026-05-13 12:30:50]  正在连接 QQ-备用 邮箱服务器 (shouqianbadavid@qq.com) ...
[2026-05-13 12:31:26]  正在连接 QQ-主 邮箱服务器 (497720537@qq.com) ...
[2026-05-13 12:31:27]  正在连接 QQ-备用 邮箱服务器 (shouqianbadavid@qq.com) ...
[2026-05-13 12:32:02]  正在连接 QQ-主 邮箱服务器 (497720537@qq.com) ...
[2026-05-13 12:32:03]  正在连接 QQ-备用 邮箱服务器 (shouqianbadavid@qq.com) ...
[2026-05-13 12:32:39]  正在连接 QQ-主 邮箱服务器 (497720537@qq.com) ...
[2026-05-13 12:32:40]  正在连接 QQ-备用 邮箱服务器 (shouqianbadavid@qq.com) ...
[2026-05-13 12:33:16]  正在连接 QQ-主 邮箱服务器 (497720537@qq.com) ...
[2026-05-13 12:33:16]  正在连接 QQ-备用 邮箱服务器 (shouqianbadavid@qq.com) ...
[2026-05-13 12:33:52]  正在连接 QQ-主 邮箱服务器 (497720537@qq.com) ...
[2026-05-13 12:33:53]  正在连接 QQ-备用 邮箱服务器 (shouqianbadavid@qq.com) ...
[2026-05-13 12:34:29]  正在连接 QQ-主 邮箱服务器 (497720537@qq.com) ...
[2026-05-13 12:34:30]  正在连接 QQ-备用 邮箱服务器 (shouqianbadavid@qq.com) ...
[2026-05-13 12:35:06]  正在连接 QQ-主 邮箱服务器 (497720537@qq.com) ...
[2026-05-13 12:35:06]  正在连接 QQ-备用 邮箱服务器 (shouqianbadavid@qq.com) ...
[2026-05-13 12:35:42]  正在连接 QQ-主 邮箱服务器 (497720537@qq.com) ...
[2026-05-13 12:35:43]  正在连接 QQ-备用 邮箱服务器 (shouqianbadavid@qq.com) ...
[2026-05-13 12:36:18]  正在连接 QQ-主 邮箱服务器 (497720537@qq.com) ...
[2026-05-13 12:36:19]  正在连接 QQ-备用 邮箱服务器 (shouqianbadavid@qq.com) ...
[2026-05-13 12:36:55]  正在连接 QQ-主 邮箱服务器 (497720537@qq.com) ...
[2026-05-13 12:36:56]  正在连接 QQ-备用 邮箱服务器 (shouqianbadavid@qq.com) ...
[2026-05-13 12:37:31]  正在连接 QQ-主 邮箱服务器 (497720537@qq.com) ...
[2026-05-13 12:37:32]  正在连接 QQ-备用 邮箱服务器 (shouqianbadavid@qq.com) ...
[2026-05-13 12:38:08]  正在连接 QQ-主 邮箱服务器 (497720537@qq.com) ...
[2026-05-13 12:38:09]  正在连接 QQ-备用 邮箱服务器 (shouqianbadavid@qq.com) ...
[2026-05-13 12:38:45]  正在连接 QQ-主 邮箱服务器 (497720537@qq.com) ...
[2026-05-13 12:38:46]  正在连接 QQ-备用 邮箱服务器 (shouqianbadavid@qq.com) ...
[2026-05-13 12:39:21]  正在连接 QQ-主 邮箱服务器 (497720537@qq.com) ...
[2026-05-13 12:39:22]  正在连接 QQ-备用 邮箱服务器 (shouqianbadavid@qq.com) ...
[2026-05-13 12:39:58]  正在连接 QQ-主 邮箱服务器 (497720537@qq.com) ...
[2026-05-13 12:39:58]  正在连接 QQ-备用 邮箱服务器 (shouqianbadavid@qq.com) ...
[2026-05-13 12:40:34]  正在连接 QQ-主 邮箱服务器 (497720537@qq.com) ...
[2026-05-13 12:40:35]  正在连接 QQ-备用 邮箱服务器 (shouqianbadavid@qq.com) ...
[2026-05-13 12:41:11]  正在连接 QQ-主 邮箱服务器 (497720537@qq.com) ...
[2026-05-13 12:41:11]  正在连接 QQ-备用 邮箱服务器 (shouqianbadavid@qq.com) ...
[2026-05-13 12:41:47]  正在连接 QQ-主 邮箱服务器 (497720537@qq.com) ...
[2026-05-13 12:41:48]  正在连接 QQ-备用 邮箱服务器 (shouqianbadavid@qq.com) ...
[2026-05-13 12:42:24]  正在连接 QQ-主 邮箱服务器 (497720537@qq.com) ...
[2026-05-13 12:42:25]  正在连接 QQ-备用 邮箱服务器 (shouqianbadavid@qq.com) ...
[2026-05-13 12:43:01]  正在连接 QQ-主 邮箱服务器 (497720537@qq.com) ...
[2026-05-13 12:43:01]  正在连接 QQ-备用 邮箱服务器 (shouqianbadavid@qq.com) ...
[2026-05-13 12:43:37]  正在连接 QQ-主 邮箱服务器 (497720537@qq.com) ...
[2026-05-13 12:43:38]  正在连接 QQ-备用 邮箱服务器 (shouqianbadavid@qq.com) ...
[2026-05-13 12:44:13]  正在连接 QQ-主 邮箱服务器 (497720537@qq.com) ...
[2026-05-13 12:44:14]  正在连接 QQ-备用 邮箱服务器 (shouqianbadavid@qq.com) ...
[2026-05-13 12:44:50]  正在连接 QQ-主 邮箱服务器 (497720537@qq.com) ...
[2026-05-13 12:44:51]  正在连接 QQ-备用 邮箱服务器 (shouqianbadavid@qq.com) ...
[2026-05-13 12:45:27]  正在连接 QQ-主 邮箱服务器 (497720537@qq.com) ...
[2026-05-13 12:45:27]  正在连接 QQ-备用 邮箱服务器 (shouqianbadavid@qq.com) ...
[2026-05-13 12:46:03]  正在连接 QQ-主 邮箱服务器 (497720537@qq.com) ...
[2026-05-13 12:46:04]  正在连接 QQ-备用 邮箱服务器 (shouqianbadavid@qq.com) ...
[2026-05-13 12:46:40]  正在连接 QQ-主 邮箱服务器 (497720537@qq.com) ...
[2026-05-13 12:46:41]  正在连接 QQ-备用 邮箱服务器 (shouqianbadavid@qq.com) ...
[2026-05-13 12:47:17]  正在连接 QQ-主 邮箱服务器 (497720537@qq.com) ...
[2026-05-13 12:47:18]  正在连接 QQ-备用 邮箱服务器 (shouqianbadavid@qq.com) ...
[2026-05-13 12:47:54]  正在连接 QQ-主 邮箱服务器 (497720537@qq.com) ...
[2026-05-13 12:47:54]  正在连接 QQ-备用 邮箱服务器 (shouqianbadavid@qq.com) ...
[2026-05-13 12:48:30]  正在连接 QQ-主 邮箱服务器 (497720537@qq.com) ...
[2026-05-13 12:48:31]  正在连接 QQ-备用 邮箱服务器 (shouqianbadavid@qq.com) ...
[2026-05-13 12:49:07]  正在连接 QQ-主 邮箱服务器 (497720537@qq.com) ...
[2026-05-13 12:49:07]  正在连接 QQ-备用 邮箱服务器 (shouqianbadavid@qq.com) ...
[2026-05-13 12:49:43]  正在连接 QQ-主 邮箱服务器 (497720537@qq.com) ...
[2026-05-13 12:49:44]  正在连接 QQ-备用 邮箱服务器 (shouqianbadavid@qq.com) ...
[2026-05-13 12:50:20]  正在连接 QQ-主 邮箱服务器 (497720537@qq.com) ...
[2026-05-13 12:50:21]  正在连接 QQ-备用 邮箱服务器 (shouqianbadavid@qq.com) ...
[2026-05-13 12:50:56]  正在连接 QQ-主 邮箱服务器 (497720537@qq.com) ...
[2026-05-13 12:50:57]  正在连接 QQ-备用 邮箱服务器 (shouqianbadavid@qq.com) ...
[2026-05-13 12:51:33]  正在连接 QQ-主 邮箱服务器 (497720537@qq.com) ...
[2026-05-13 12:51:33]  正在连接 QQ-备用 邮箱服务器 (shouqianbadavid@qq.com) ...
[2026-05-13 12:52:09]  正在连接 QQ-主 邮箱服务器 (497720537@qq.com) ...
[2026-05-13 12:52:10]  正在连接 QQ-备用 邮箱服务器 (shouqianbadavid@qq.com) ...
[2026-05-13 12:52:46]  正在连接 QQ-主 邮箱服务器 (497720537@qq.com) ...
[2026-05-13 12:52:46]  正在连接 QQ-备用 邮箱服务器 (shouqianbadavid@qq.com) ...
[2026-05-13 12:53:22]  正在连接 QQ-主 邮箱服务器 (497720537@qq.com) ...
[2026-05-13 12:53:23]  正在连接 QQ-备用 邮箱服务器 (shouqianbadavid@qq.com) ...
[2026-05-13 12:53:59]  正在连接 QQ-主 邮箱服务器 (497720537@qq.com) ...
[2026-05-13 12:53:59]  正在连接 QQ-备用 邮箱服务器 (shouqianbadavid@qq.com) ...
[2026-05-13 12:54:35]  正在连接 QQ-主 邮箱服务器 (497720537@qq.com) ...
[2026-05-13 12:54:36]  正在连接 QQ-备用 邮箱服务器 (shouqianbadavid@qq.com) ...
[2026-05-13 12:55:11]  正在连接 QQ-主 邮箱服务器 (497720537@qq.com) ...
[2026-05-13 12:55:12]  正在连接 QQ-备用 邮箱服务器 (shouqianbadavid@qq.com) ...
[2026-05-13 12:55:48]  正在连接 QQ-主 邮箱服务器 (497720537@qq.com) ...
[2026-05-13 12:55:49]  正在连接 QQ-备用 邮箱服务器 (shouqianbadavid@qq.com) ...
[2026-05-13 12:56:24]  正在连接 QQ-主 邮箱服务器 (497720537@qq.com) ...
[2026-05-13 12:56:25]  正在连接 QQ-备用 邮箱服务器 (shouqianbadavid@qq.com) ...
[2026-05-13 12:57:01]  正在连接 QQ-主 邮箱服务器 (497720537@qq.com) ...
[2026-05-13 12:57:02]  正在连接 QQ-备用 邮箱服务器 (shouqianbadavid@qq.com) ...
[2026-05-13 12:57:37]  正在连接 QQ-主 邮箱服务器 (497720537@qq.com) ...
[2026-05-13 12:57:38]  正在连接 QQ-备用 邮箱服务器 (shouqianbadavid@qq.com) ...
[2026-05-13 12:58:14]  正在连接 QQ-主 邮箱服务器 (497720537@qq.com) ...
[2026-05-13 12:58:14]  正在连接 QQ-备用 邮箱服务器 (shouqianbadavid@qq.com) ...
[2026-05-13 12:58:50]  正在连接 QQ-主 邮箱服务器 (497720537@qq.com) ...
[2026-05-13 12:58:51]  正在连接 QQ-备用 邮箱服务器 (shouqianbadavid@qq.com) ...
[2026-05-13 12:59:27]  正在连接 QQ-主 邮箱服务器 (497720537@qq.com) ...
[2026-05-13 12:59:27]  正在连接 QQ-备用 邮箱服务器 (shouqianbadavid@qq.com) ...
[2026-05-13 13:00:03]  正在连接 QQ-主 邮箱服务器 (497720537@qq.com) ...
[2026-05-13 13:00:04]  正在连接 QQ-备用 邮箱服务器 (shouqianbadavid@qq.com) ...
[2026-05-13 13:00:40]  正在连接 QQ-主 邮箱服务器 (497720537@qq.com) ...
[2026-05-13 13:00:40]  正在连接 QQ-备用 邮箱服务器 (shouqianbadavid@qq.com) ...
[2026-05-13 13:01:16]  正在连接 QQ-主 邮箱服务器 (497720537@qq.com) ...
[2026-05-13 13:01:16]  正在连接 QQ-备用 邮箱服务器 (shouqianbadavid@qq.com) ...
[2026-05-13 13:01:52]  正在连接 QQ-主 邮箱服务器 (497720537@qq.com) ...
[2026-05-13 13:01:53]  正在连接 QQ-备用 邮箱服务器 (shouqianbadavid@qq.com) ...
[2026-05-13 13:02:28]  正在连接 QQ-主 邮箱服务器 (497720537@qq.com) ...
[2026-05-13 13:02:29]  正在连接 QQ-备用 邮箱服务器 (shouqianbadavid@qq.com) ...
[2026-05-13 13:03:04]  正在连接 QQ-主 邮箱服务器 (497720537@qq.com) ...
[2026-05-13 13:03:05]  正在连接 QQ-备用 邮箱服务器 (shouqianbadavid@qq.com) ...
[2026-05-13 13:03:40]  正在连接 QQ-主 邮箱服务器 (497720537@qq.com) ...
[2026-05-13 13:03:41]  正在连接 QQ-备用 邮箱服务器 (shouqianbadavid@qq.com) ...
[2026-05-13 13:04:16]  正在连接 QQ-主 邮箱服务器 (497720537@qq.com) ...
[2026-05-13 13:04:17]  正在连接 QQ-备用 邮箱服务器 (shouqianbadavid@qq.com) ...
[2026-05-13 13:04:52]  正在连接 QQ-主 邮箱服务器 (497720537@qq.com) ...
[2026-05-13 13:04:53]  正在连接 QQ-备用 邮箱服务器 (shouqianbadavid@qq.com) ...
[2026-05-13 13:05:28]  正在连接 QQ-主 邮箱服务器 (497720537@qq.com) ...
[2026-05-13 13:05:29]  正在连接 QQ-备用 邮箱服务器 (shouqianbadavid@qq.com) ...
[2026-05-13 13:06:04]  正在连接 QQ-主 邮箱服务器 (497720537@qq.com) ...
[2026-05-13 13:06:05]  正在连接 QQ-备用 邮箱服务器 (shouqianbadavid@qq.com) ...
[2026-05-13 13:06:41]  正在连接 QQ-主 邮箱服务器 (497720537@qq.com) ...
[2026-05-13 13:06:41]  正在连接 QQ-备用 邮箱服务器 (shouqianbadavid@qq.com) ...
[2026-05-13 13:07:17]  正在连接 QQ-主 邮箱服务器 (497720537@qq.com) ...
[2026-05-13 13:07:18]  正在连接 QQ-备用 邮箱服务器 (shouqianbadavid@qq.com) ...
[2026-05-13 13:07:53]  正在连接 QQ-主 邮箱服务器 (497720537@qq.com) ...
[2026-05-13 13:07:54]  正在连接 QQ-备用 邮箱服务器 (shouqianbadavid@qq.com) ...
[2026-05-13 13:08:30]  正在连接 QQ-主 邮箱服务器 (497720537@qq.com) ...
[2026-05-13 13:08:30]  正在连接 QQ-备用 邮箱服务器 (shouqianbadavid@qq.com) ...
[2026-05-13 13:09:06]  正在连接 QQ-主 邮箱服务器 (497720537@qq.com) ...
[2026-05-13 13:09:07]  正在连接 QQ-备用 邮箱服务器 (shouqianbadavid@qq.com) ...
[2026-05-13 13:09:42]  正在连接 QQ-主 邮箱服务器 (497720537@qq.com) ...
[2026-05-13 13:09:43]  正在连接 QQ-备用 邮箱服务器 (shouqianbadavid@qq.com) ...
[2026-05-13 13:10:19]  正在连接 QQ-主 邮箱服务器 (497720537@qq.com) ...
[2026-05-13 13:10:19]  正在连接 QQ-备用 邮箱服务器 (shouqianbadavid@qq.com) ...
[2026-05-13 13:10:55]  正在连接 QQ-主 邮箱服务器 (497720537@qq.com) ...
[2026-05-13 13:10:55]  正在连接 QQ-备用 邮箱服务器 (shouqianbadavid@qq.com) ...
[2026-05-13 13:11:31]  正在连接 QQ-主 邮箱服务器 (497720537@qq.com) ...
[2026-05-13 13:11:32]  QQ-主 正在解析因子: =?utf-8?b?QWxwaGFQaWxvdCDlrp7ml7bkv6Hlj7cgKGFscGhhX3NpZ25hbF90aHJfMjAyNjA1MTNfMTMxMC5qc29uKSBb5Li7UVEt5a+55aSWXQ==?=
[2026-05-13 13:11:32]  发现表格，共 10 行数据
[2026-05-13 13:11:32]  动态索引映射: ['股票代码', '股票名称', '信号', '当前价格', '量比', '来源过滤']
[2026-05-13 13:11:32]  [行1] 解析成功: SZSE.300285 [国瓷材料] BUY @ 41.44 (VR:1.92)
[2026-05-13 13:11:32]  [行2] 解析成功: SHSE.600722 [金牛化工] SELL @ 12.39 (VR:0.85)
[2026-05-13 13:11:32]  [行3] 解析成功: SZSE.300866 [安克创新] BUY @ 132.55 (VR:4.8)
[2026-05-13 13:11:32]  [行4] 解析成功: SZSE.300364 [中文在线] BUY @ 30.66 (VR:1.57)
[2026-05-13 13:11:32]  [行5] 解析成功: SZSE.301281 [利源制药] SELL @ 41.64 (VR:0.2)
[2026-05-13 13:11:32]  [行6] 解析成功: SZSE.300285 [国瓷材料] BUY @ 41.48 (VR:0.94)
[2026-05-13 13:11:32]  [行7] 解析成功: SHSE.600722 [金牛化工] SELL @ 12.37 (VR:2.61)
[2026-05-13 13:11:32]  [行8] 解析成功: SZSE.300866 [安克创新] BUY @ 132.79 (VR:1.85)
[2026-05-13 13:11:32]  [行9] 解析成功: SZSE.300364 [中文在线] BUY @ 30.67 (VR:0.21)
[2026-05-13 13:11:32]  [行10] 解析成功: SZSE.301281 [利源制药] SELL @ 41.61 (VR:0.17)
[2026-05-13 13:11:32] 成功保存 10 条因子至: signal_batch_20260513_131132_425722.txt
[2026-05-13 13:11:32]  QQ-主 邮件 3538 处理完成
[2026-05-13 13:11:32]  QQ-主 本轮共成功处理 1 封有效信号邮件
[2026-05-13 13:11:32]  正在连接 QQ-备用 邮箱服务器 (shouqianbadavid@qq.com) ...
[2026-05-13 13:12:08]  正在连接 QQ-主 邮箱服务器 (497720537@qq.com) ...
[2026-05-13 13:12:09]  正在连接 QQ-备用 邮箱服务器 (shouqianbadavid@qq.com) ...
[2026-05-13 13:12:09]  QQ-备用 正在解析因子: =?utf-8?b?QWxwaGFQaWxvdCDlpIfku73kv6Hlj7cgKGFscGhhX3NpZ25hbF90aHJfMjAyNjA1MTNfMTMxMC5qc29uKSBb5aSHUVEt6Ieq5L+dXQ==?=
[2026-05-13 13:12:09]  发现表格，共 10 行数据
[2026-05-13 13:12:09]  动态索引映射: ['股票代码', '股票名称', '信号', '当前价格', '量比', '来源过滤']
[2026-05-13 13:12:09]  [行1] 解析成功: SZSE.300285 [国瓷材料] BUY @ 41.44 (VR:1.92)
[2026-05-13 13:12:09]  [行2] 解析成功: SHSE.600722 [金牛化工] SELL @ 12.39 (VR:0.85)
[2026-05-13 13:12:09]  [行3] 解析成功: SZSE.300866 [安克创新] BUY @ 132.55 (VR:4.8)
[2026-05-13 13:12:09]  [行4] 解析成功: SZSE.300364 [中文在线] BUY @ 30.66 (VR:1.57)
[2026-05-13 13:12:09]  [行5] 解析成功: SZSE.301281 [利源制药] SELL @ 41.64 (VR:0.2)
[2026-05-13 13:12:09]  [行6] 解析成功: SZSE.300285 [国瓷材料] BUY @ 41.48 (VR:0.94)
[2026-05-13 13:12:09]  [行7] 解析成功: SHSE.600722 [金牛化工] SELL @ 12.37 (VR:2.61)
[2026-05-13 13:12:09]  [行8] 解析成功: SZSE.300866 [安克创新] BUY @ 132.79 (VR:1.85)
[2026-05-13 13:12:09]  [行9] 解析成功: SZSE.300364 [中文在线] BUY @ 30.67 (VR:0.21)
[2026-05-13 13:12:09]  [行10] 解析成功: SZSE.301281 [利源制药] SELL @ 41.61 (VR:0.17)
[2026-05-13 13:12:09] 成功保存 10 条因子至: signal_batch_20260513_131209_831840.txt
[2026-05-13 13:12:09]  QQ-备用 邮件 848 处理完成
[2026-05-13 13:12:09]  QQ-备用 本轮共成功处理 1 封有效信号邮件
[2026-05-13 13:12:45]  正在连接 QQ-主 邮箱服务器 (497720537@qq.com) ...
[2026-05-13 13:12:45]  正在连接 QQ-备用 邮箱服务器 (shouqianbadavid@qq.com) ...
[2026-05-13 13:13:21]  正在连接 QQ-主 邮箱服务器 (497720537@qq.com) ...
[2026-05-13 13:13:22]  正在连接 QQ-备用 邮箱服务器 (shouqianbadavid@qq.com) ...
[2026-05-13 13:13:58]  正在连接 QQ-主 邮箱服务器 (497720537@qq.com) ...
[2026-05-13 13:13:58]  正在连接 QQ-备用 邮箱服务器 (shouqianbadavid@qq.com) ...
[2026-05-13 13:14:34]  正在连接 QQ-主 邮箱服务器 (497720537@qq.com) ...
[2026-05-13 13:14:34]  正在连接 QQ-备用 邮箱服务器 (shouqianbadavid@qq.com) ...
[2026-05-13 13:15:10]  正在连接 QQ-主 邮箱服务器 (497720537@qq.com) ...
[2026-05-13 13:15:10]  正在连接 QQ-备用 邮箱服务器 (shouqianbadavid@qq.com) ...
[2026-05-13 13:15:46]  正在连接 QQ-主 邮箱服务器 (497720537@qq.com) ...
[2026-05-13 13:15:47]  正在连接 QQ-备用 邮箱服务器 (shouqianbadavid@qq.com) ...
[2026-05-13 13:16:22]  正在连接 QQ-主 邮箱服务器 (497720537@qq.com) ...
[2026-05-13 13:16:23]  正在连接 QQ-备用 邮箱服务器 (shouqianbadavid@qq.com) ...
[2026-05-13 13:16:58]  正在连接 QQ-主 邮箱服务器 (497720537@qq.com) ...
[2026-05-13 13:16:59]  正在连接 QQ-备用 邮箱服务器 (shouqianbadavid@qq.com) ...
[2026-05-13 13:17:34]  正在连接 QQ-主 邮箱服务器 (497720537@qq.com) ...
[2026-05-13 13:17:35]  正在连接 QQ-备用 邮箱服务器 (shouqianbadavid@qq.com) ...
[2026-05-13 13:18:10]  正在连接 QQ-主 邮箱服务器 (497720537@qq.com) ...
[2026-05-13 13:18:11]  正在连接 QQ-备用 邮箱服务器 (shouqianbadavid@qq.com) ...
[2026-05-13 13:18:47]  正在连接 QQ-主 邮箱服务器 (497720537@qq.com) ...
[2026-05-13 13:18:47]  正在连接 QQ-备用 邮箱服务器 (shouqianbadavid@qq.com) ...
[2026-05-13 13:19:23]  正在连接 QQ-主 邮箱服务器 (497720537@qq.com) ...
[2026-05-13 13:19:24]  正在连接 QQ-备用 邮箱服务器 (shouqianbadavid@qq.com) ...
[2026-05-13 13:20:00]  正在连接 QQ-主 邮箱服务器 (497720537@qq.com) ...
[2026-05-13 13:20:00]  正在连接 QQ-备用 邮箱服务器 (shouqianbadavid@qq.com) ...
[2026-05-13 13:20:36]  正在连接 QQ-主 邮箱服务器 (497720537@qq.com) ...
[2026-05-13 13:20:36]  正在连接 QQ-备用 邮箱服务器 (shouqianbadavid@qq.com) ...
[2026-05-13 13:21:12]  正在连接 QQ-主 邮箱服务器 (497720537@qq.com) ...
[2026-05-13 13:21:12]  正在连接 QQ-备用 邮箱服务器 (shouqianbadavid@qq.com) ...
[2026-05-13 13:21:48]  正在连接 QQ-主 邮箱服务器 (497720537@qq.com) ...
[2026-05-13 13:21:49]  QQ-主 正在解析因子: =?utf-8?b?QWxwaGFQaWxvdCDlrp7ml7bkv6Hlj7cgKGFscGhhX3NpZ25hbF90aHJfMjAyNjA1MTNfMTMyMS5qc29uKSBb5Li7UVEt5a+55aSWXQ==?=
[2026-05-13 13:21:49]  发现表格，共 12 行数据
[2026-05-13 13:21:49]  动态索引映射: ['股票代码', '股票名称', '信号', '当前价格', '量比', '来源过滤']
[2026-05-13 13:21:49]  [行1] 解析成功: SZSE.002364 [中恒电器] BUY @ 47.37 (VR:0.75)
[2026-05-13 13:21:49]  [行2] 解析成功: SZSE.000537 [绿发电力] BUY @ 11.38 (VR:0.56)
[2026-05-13 13:21:49]  [行3] 解析成功: SZSE.002240 [盛新锂能] BUY @ 54.59 (VR:0.06)
[2026-05-13 13:21:49]  [行4] 解析成功: SZSE.001309 [德利明] SELL @ 677.29 (VR:0.73)
[2026-05-13 13:21:49]  [行5] 解析成功: SZSE.002285 [世联行] SELL @ 3.32 (VR:1.42)
[2026-05-13 13:21:49]  [行6] 解析成功: SZSE.300432 [富临精工] SELL @ 25.38 (VR:0.96)
[2026-05-13 13:21:49]  [行7] 解析成功: SZSE.002364 [中恒电器] BUY @ 47.57 (VR:0.39)
[2026-05-13 13:21:49]  [行8] 解析成功: SZSE.000537 [绿发电力] BUY @ 11.47 (VR:0.5)
[2026-05-13 13:21:49]  [行9] 解析成功: SZSE.002240 [盛新锂能] BUY @ 54.72 (VR:1.51)
[2026-05-13 13:21:49]  [行10] 解析成功: SZSE.001309 [德利明] SELL @ 676.2 (VR:0.29)
[2026-05-13 13:21:49]  [行11] 解析成功: SZSE.002285 [世联行] SELL @ 3.31 (VR:0.04)
[2026-05-13 13:21:49]  [行12] 解析成功: SZSE.300432 [富临精工] SELL @ 25.21 (VR:1.51)
[2026-05-13 13:21:49] 成功保存 12 条因子至: signal_batch_20260513_132149_206141.txt
[2026-05-13 13:21:49]  QQ-主 邮件 3539 处理完成
[2026-05-13 13:21:49]  QQ-主 本轮共成功处理 1 封有效信号邮件
[2026-05-13 13:21:49]  正在连接 QQ-备用 邮箱服务器 (shouqianbadavid@qq.com) ...
[2026-05-13 13:21:50]  QQ-备用 正在解析因子: =?utf-8?b?QWxwaGFQaWxvdCDlpIfku73kv6Hlj7cgKGFscGhhX3NpZ25hbF90aHJfMjAyNjA1MTNfMTMyMS5qc29uKSBb5aSHUVEt6Ieq5L+dXQ==?=
[2026-05-13 13:21:50]  发现表格，共 12 行数据
[2026-05-13 13:21:50]  动态索引映射: ['股票代码', '股票名称', '信号', '当前价格', '量比', '来源过滤']
[2026-05-13 13:21:50]  [行1] 解析成功: SZSE.002364 [中恒电器] BUY @ 47.37 (VR:0.75)
[2026-05-13 13:21:50]  [行2] 解析成功: SZSE.000537 [绿发电力] BUY @ 11.38 (VR:0.56)
[2026-05-13 13:21:50]  [行3] 解析成功: SZSE.002240 [盛新锂能] BUY @ 54.59 (VR:0.06)
[2026-05-13 13:21:50]  [行4] 解析成功: SZSE.001309 [德利明] SELL @ 677.29 (VR:0.73)
[2026-05-13 13:21:50]  [行5] 解析成功: SZSE.002285 [世联行] SELL @ 3.32 (VR:1.42)
[2026-05-13 13:21:50]  [行6] 解析成功: SZSE.300432 [富临精工] SELL @ 25.38 (VR:0.96)
[2026-05-13 13:21:50]  [行7] 解析成功: SZSE.002364 [中恒电器] BUY @ 47.57 (VR:0.39)
[2026-05-13 13:21:50]  [行8] 解析成功: SZSE.000537 [绿发电力] BUY @ 11.47 (VR:0.5)
[2026-05-13 13:21:50]  [行9] 解析成功: SZSE.002240 [盛新锂能] BUY @ 54.72 (VR:1.51)
[2026-05-13 13:21:50]  [行10] 解析成功: SZSE.001309 [德利明] SELL @ 676.2 (VR:0.29)
[2026-05-13 13:21:50]  [行11] 解析成功: SZSE.002285 [世联行] SELL @ 3.31 (VR:0.04)
[2026-05-13 13:21:50]  [行12] 解析成功: SZSE.300432 [富临精工] SELL @ 25.21 (VR:1.51)
[2026-05-13 13:21:50] 成功保存 12 条因子至: signal_batch_20260513_132150_598184.txt
[2026-05-13 13:21:50]  QQ-备用 邮件 849 处理完成
[2026-05-13 13:21:50]  QQ-备用 本轮共成功处理 1 封有效信号邮件
[2026-05-13 13:22:25]  正在连接 QQ-主 邮箱服务器 (497720537@qq.com) ...
[2026-05-13 13:22:26]  正在连接 QQ-备用 邮箱服务器 (shouqianbadavid@qq.com) ...
[2026-05-13 13:23:02]  正在连接 QQ-主 邮箱服务器 (497720537@qq.com) ...
[2026-05-13 13:23:03]  正在连接 QQ-备用 邮箱服务器 (shouqianbadavid@qq.com) ...
[2026-05-13 13:23:39]  正在连接 QQ-主 邮箱服务器 (497720537@qq.com) ...
[2026-05-13 13:23:39]  正在连接 QQ-备用 邮箱服务器 (shouqianbadavid@qq.com) ...
[2026-05-13 13:24:15]  正在连接 QQ-主 邮箱服务器 (497720537@qq.com) ...
[2026-05-13 13:24:15]  正在连接 QQ-备用 邮箱服务器 (shouqianbadavid@qq.com) ...
[2026-05-13 13:24:51]  正在连接 QQ-主 邮箱服务器 (497720537@qq.com) ...
[2026-05-13 13:24:52]  正在连接 QQ-备用 邮箱服务器 (shouqianbadavid@qq.com) ...
[2026-05-13 13:25:27]  正在连接 QQ-主 邮箱服务器 (497720537@qq.com) ...
[2026-05-13 13:25:28]  正在连接 QQ-备用 邮箱服务器 (shouqianbadavid@qq.com) ...
[2026-05-13 13:26:03]  正在连接 QQ-主 邮箱服务器 (497720537@qq.com) ...
[2026-05-13 13:26:04]  正在连接 QQ-备用 邮箱服务器 (shouqianbadavid@qq.com) ...
[2026-05-13 13:26:39]  正在连接 QQ-主 邮箱服务器 (497720537@qq.com) ...
[2026-05-13 13:26:40]  正在连接 QQ-备用 邮箱服务器 (shouqianbadavid@qq.com) ...
[2026-05-13 13:27:15]  正在连接 QQ-主 邮箱服务器 (497720537@qq.com) ...
[2026-05-13 13:27:16]  正在连接 QQ-备用 邮箱服务器 (shouqianbadavid@qq.com) ...
[2026-05-13 13:27:52]  正在连接 QQ-主 邮箱服务器 (497720537@qq.com) ...
[2026-05-13 13:27:53]  正在连接 QQ-备用 邮箱服务器 (shouqianbadavid@qq.com) ...
[2026-05-13 13:28:28]  正在连接 QQ-主 邮箱服务器 (497720537@qq.com) ...
[2026-05-13 13:28:29]  正在连接 QQ-备用 邮箱服务器 (shouqianbadavid@qq.com) ...
[2026-05-13 13:29:05]  正在连接 QQ-主 邮箱服务器 (497720537@qq.com) ...
[2026-05-13 13:29:05]  正在连接 QQ-备用 邮箱服务器 (shouqianbadavid@qq.com) ...
[2026-05-13 13:29:41]  正在连接 QQ-主 邮箱服务器 (497720537@qq.com) ...
[2026-05-13 13:29:42]  QQ-主 正在解析因子: =?utf-8?b?QWxwaGFQaWxvdCDlrp7ml7bkv6Hlj7cgKGFscGhhX3NpZ25hbF90aHJfMjAyNjA1MTNfMTMyOS5qc29uKSBb5Li7UVEt5a+55aSWXQ==?=
[2026-05-13 13:29:42]  发现表格，共 22 行数据
[2026-05-13 13:29:42]  动态索引映射: ['股票代码', '股票名称', '信号', '当前价格', '量比', '来源过滤']
[2026-05-13 13:29:42]  [行1] 解析成功: SZSE.003035 [南网能源] SELL @ 8.26 (VR:0.53)
[2026-05-13 13:29:42]  [行2] 解析成功: SZSE.300037 [新宙邦] SELL @ 64.42 (VR:0.45)
[2026-05-13 13:29:42]  [行3] 解析成功: SZSE.300207 [欣旺达] SELL @ 26.47 (VR:1.05)
[2026-05-13 13:29:42]  [行4] 解析成功: SZSE.300274 [阳光电源] BUY @ 142.14 (VR:0.13)
[2026-05-13 13:29:42]  [行5] 解析成功: SZSE.002506 [协鑫集成] SELL @ 4.47 (VR:0.1)
[2026-05-13 13:29:42]  [行6] 解析成功: SZSE.301419 [瑞可达] BUY @ 44.36 (VR:0.21)
[2026-05-13 13:29:42]  [行7] 解析成功: SZSE.301071 [力量钻石] SELL @ 59.46 (VR:0.19)
[2026-05-13 13:29:42]  [行8] 解析成功: SZSE.300930 [屹通新材] BUY @ 33.04 (VR:0.86)
[2026-05-13 13:29:42]  [行9] 解析成功: SZSE.300643 [万通智控] BUY @ 18.94 (VR:0.38)
[2026-05-13 13:29:42]  [行10] 解析成功: SZSE.300449 [汉邦高科] BUY @ 11.97 (VR:1.81)
[2026-05-13 13:29:42]  [行11] 解析成功: SZSE.300390 [天华超净] BUY @ 98.53 (VR:0.11)
[2026-05-13 13:29:42]  [行12] 解析成功: SZSE.003035 [南网能源] SELL @ 8.23 (VR:0.07)
[2026-05-13 13:29:42]  [行13] 解析成功: SZSE.300037 [新宙邦] SELL @ 64.39 (VR:0.79)
[2026-05-13 13:29:42]  [行14] 解析成功: SZSE.300207 [欣旺达] SELL @ 26.45 (VR:0.29)
[2026-05-13 13:29:42]  [行15] 解析成功: SZSE.300274 [阳光电源] BUY @ 142.27 (VR:0.14)
[2026-05-13 13:29:42]  [行16] 解析成功: SZSE.002506 [协鑫集成] SELL @ 4.46 (VR:0.05)
[2026-05-13 13:29:42]  [行17] 解析成功: SZSE.301419 [瑞可达] BUY @ 44.37 (VR:0.05)
[2026-05-13 13:29:42]  [行18] 解析成功: SZSE.301071 [力量钻石] SELL @ 59.43 (VR:0.1)
[2026-05-13 13:29:42]  [行19] 解析成功: SZSE.300930 [屹通新材] BUY @ 33.05 (VR:1.58)
[2026-05-13 13:29:42]  [行20] 解析成功: SZSE.300643 [万通智控] BUY @ 18.96 (VR:0.48)
[2026-05-13 13:29:42]  [行21] 解析成功: SZSE.300449 [汉邦高科] BUY @ 12.05 (VR:0.72)
[2026-05-13 13:29:42]  [行22] 解析成功: SZSE.300390 [天华超净] BUY @ 98.68 (VR:0.49)
[2026-05-13 13:29:42] 成功保存 22 条因子至: signal_batch_20260513_132942_091784.txt
[2026-05-13 13:29:42]  QQ-主 邮件 3540 处理完成
[2026-05-13 13:29:42]  QQ-主 本轮共成功处理 1 封有效信号邮件
[2026-05-13 13:29:42]  正在连接 QQ-备用 邮箱服务器 (shouqianbadavid@qq.com) ...
[2026-05-13 13:30:17]  正在连接 QQ-主 邮箱服务器 (497720537@qq.com) ...
[2026-05-13 13:30:19]  正在连接 QQ-备用 邮箱服务器 (shouqianbadavid@qq.com) ...
[2026-05-13 13:30:20]  QQ-备用 正在解析因子: =?utf-8?b?QWxwaGFQaWxvdCDlpIfku73kv6Hlj7cgKGFscGhhX3NpZ25hbF90aHJfMjAyNjA1MTNfMTMyOS5qc29uKSBb5aSHUVEt6Ieq5L+dXQ==?=
[2026-05-13 13:30:20]  发现表格，共 22 行数据
[2026-05-13 13:30:20]  动态索引映射: ['股票代码', '股票名称', '信号', '当前价格', '量比', '来源过滤']
[2026-05-13 13:30:20]  [行1] 解析成功: SZSE.003035 [南网能源] SELL @ 8.26 (VR:0.53)
[2026-05-13 13:30:20]  [行2] 解析成功: SZSE.300037 [新宙邦] SELL @ 64.42 (VR:0.45)
[2026-05-13 13:30:20]  [行3] 解析成功: SZSE.300207 [欣旺达] SELL @ 26.47 (VR:1.05)
[2026-05-13 13:30:20]  [行4] 解析成功: SZSE.300274 [阳光电源] BUY @ 142.14 (VR:0.13)
[2026-05-13 13:30:20]  [行5] 解析成功: SZSE.002506 [协鑫集成] SELL @ 4.47 (VR:0.1)
[2026-05-13 13:30:20]  [行6] 解析成功: SZSE.301419 [瑞可达] BUY @ 44.36 (VR:0.21)
[2026-05-13 13:30:20]  [行7] 解析成功: SZSE.301071 [力量钻石] SELL @ 59.46 (VR:0.19)
[2026-05-13 13:30:20]  [行8] 解析成功: SZSE.300930 [屹通新材] BUY @ 33.04 (VR:0.86)
[2026-05-13 13:30:20]  [行9] 解析成功: SZSE.300643 [万通智控] BUY @ 18.94 (VR:0.38)
[2026-05-13 13:30:20]  [行10] 解析成功: SZSE.300449 [汉邦高科] BUY @ 11.97 (VR:1.81)
[2026-05-13 13:30:20]  [行11] 解析成功: SZSE.300390 [天华超净] BUY @ 98.53 (VR:0.11)
[2026-05-13 13:30:20]  [行12] 解析成功: SZSE.003035 [南网能源] SELL @ 8.23 (VR:0.07)
[2026-05-13 13:30:20]  [行13] 解析成功: SZSE.300037 [新宙邦] SELL @ 64.39 (VR:0.79)
[2026-05-13 13:30:20]  [行14] 解析成功: SZSE.300207 [欣旺达] SELL @ 26.45 (VR:0.29)
[2026-05-13 13:30:20]  [行15] 解析成功: SZSE.300274 [阳光电源] BUY @ 142.27 (VR:0.14)
[2026-05-13 13:30:20]  [行16] 解析成功: SZSE.002506 [协鑫集成] SELL @ 4.46 (VR:0.05)
[2026-05-13 13:30:20]  [行17] 解析成功: SZSE.301419 [瑞可达] BUY @ 44.37 (VR:0.05)
[2026-05-13 13:30:20]  [行18] 解析成功: SZSE.301071 [力量钻石] SELL @ 59.43 (VR:0.1)
[2026-05-13 13:30:20]  [行19] 解析成功: SZSE.300930 [屹通新材] BUY @ 33.05 (VR:1.58)
[2026-05-13 13:30:20]  [行20] 解析成功: SZSE.300643 [万通智控] BUY @ 18.96 (VR:0.48)
[2026-05-13 13:30:20]  [行21] 解析成功: SZSE.300449 [汉邦高科] BUY @ 12.05 (VR:0.72)
[2026-05-13 13:30:20]  [行22] 解析成功: SZSE.300390 [天华超净] BUY @ 98.68 (VR:0.49)
[2026-05-13 13:30:20] 成功保存 22 条因子至: signal_batch_20260513_133020_754361.txt
[2026-05-13 13:30:21]  QQ-备用 邮件 850 处理完成
[2026-05-13 13:30:21]  QQ-备用 本轮共成功处理 1 封有效信号邮件
[2026-05-13 13:30:56]  正在连接 QQ-主 邮箱服务器 (497720537@qq.com) ...
[2026-05-13 13:30:56]  正在连接 QQ-备用 邮箱服务器 (shouqianbadavid@qq.com) ...
[2026-05-13 13:31:32]  正在连接 QQ-主 邮箱服务器 (497720537@qq.com) ...
[2026-05-13 13:31:32]  正在连接 QQ-备用 邮箱服务器 (shouqianbadavid@qq.com) ...
[2026-05-13 13:32:08]  正在连接 QQ-主 邮箱服务器 (497720537@qq.com) ...
[2026-05-13 13:32:09]  正在连接 QQ-备用 邮箱服务器 (shouqianbadavid@qq.com) ...
[2026-05-13 13:32:44]  正在连接 QQ-主 邮箱服务器 (497720537@qq.com) ...
[2026-05-13 13:32:45]  正在连接 QQ-备用 邮箱服务器 (shouqianbadavid@qq.com) ...
[2026-05-13 13:33:20]  正在连接 QQ-主 邮箱服务器 (497720537@qq.com) ...
[2026-05-13 13:33:21]  正在连接 QQ-备用 邮箱服务器 (shouqianbadavid@qq.com) ...
[2026-05-13 13:33:57]  正在连接 QQ-主 邮箱服务器 (497720537@qq.com) ...
[2026-05-13 13:33:57]  正在连接 QQ-备用 邮箱服务器 (shouqianbadavid@qq.com) ...
[2026-05-13 13:34:33]  正在连接 QQ-主 邮箱服务器 (497720537@qq.com) ...
[2026-05-13 13:34:33]  正在连接 QQ-备用 邮箱服务器 (shouqianbadavid@qq.com) ...
[2026-05-13 13:35:09]  正在连接 QQ-主 邮箱服务器 (497720537@qq.com) ...
[2026-05-13 13:35:10]  正在连接 QQ-备用 邮箱服务器 (shouqianbadavid@qq.com) ...
[2026-05-13 13:35:45]  正在连接 QQ-主 邮箱服务器 (497720537@qq.com) ...
[2026-05-13 13:35:46]  正在连接 QQ-备用 邮箱服务器 (shouqianbadavid@qq.com) ...
[2026-05-13 13:36:21]  正在连接 QQ-主 邮箱服务器 (497720537@qq.com) ...
[2026-05-13 13:36:22]  正在连接 QQ-备用 邮箱服务器 (shouqianbadavid@qq.com) ...
[2026-05-13 13:36:57]  正在连接 QQ-主 邮箱服务器 (497720537@qq.com) ...
[2026-05-13 13:36:58]  正在连接 QQ-备用 邮箱服务器 (shouqianbadavid@qq.com) ...
[2026-05-13 13:37:33]  正在连接 QQ-主 邮箱服务器 (497720537@qq.com) ...
[2026-05-13 13:37:34]  正在连接 QQ-备用 邮箱服务器 (shouqianbadavid@qq.com) ...
[2026-05-13 13:38:10]  正在连接 QQ-主 邮箱服务器 (497720537@qq.com) ...
[2026-05-13 13:38:11]  正在连接 QQ-备用 邮箱服务器 (shouqianbadavid@qq.com) ...
[2026-05-13 13:38:46]  正在连接 QQ-主 邮箱服务器 (497720537@qq.com) ...
[2026-05-13 13:38:47]  正在连接 QQ-备用 邮箱服务器 (shouqianbadavid@qq.com) ...
[2026-05-13 13:39:23]  正在连接 QQ-主 邮箱服务器 (497720537@qq.com) ...
[2026-05-13 13:39:23]  正在连接 QQ-备用 邮箱服务器 (shouqianbadavid@qq.com) ...
[2026-05-13 13:39:59]  正在连接 QQ-主 邮箱服务器 (497720537@qq.com) ...
[2026-05-13 13:40:01]  QQ-主 正在解析因子: =?utf-8?b?QWxwaGFQaWxvdCDlrp7ml7bkv6Hlj7cgKGFscGhhX3NpZ25hbF90aHJfMjAyNjA1MTNfMTMzOS5qc29uKSBb5Li7UVEt5a+55aSWXQ==?=
[2026-05-13 13:40:01]  发现表格，共 23 行数据
[2026-05-13 13:40:01]  动态索引映射: ['股票代码', '股票名称', '信号', '当前价格', '量比', '来源过滤']
[2026-05-13 13:40:01]  [行1] 解析成功: SZSE.300444 [双杰电气] SELL @ 17.79 (VR:2.72)
[2026-05-13 13:40:01]  [行2] 解析成功: SZSE.301018 [申菱环境] SELL @ 137.41 (VR:0.2)
[2026-05-13 13:40:01]  [行3] 解析成功: SZSE.300641 [正丹股份] SELL @ 17.07 (VR:0.43)
[2026-05-13 13:40:01]  [行4] 解析成功: SZSE.300461 [田中精机] SELL @ 52.15 (VR:0.92)
[2026-05-13 13:40:01]  [行5] 解析成功: SZSE.301389 [隆扬电子] SELL @ 80.83 (VR:0.01)
[2026-05-13 13:40:01]  [行6] 解析成功: SZSE.300468 [四方精创] BUY @ 28.88 (VR:0.71)
[2026-05-13 13:40:01]  [行7] 解析成功: SHSE.688689 [银河微电] BUY @ 40.35 (VR:1.74)
[2026-05-13 13:40:01]  [行8] 解析成功: SZSE.300243 [瑞丰光电] SELL @ 20.76 (VR:0.13)
[2026-05-13 13:40:01]  [行9] 解析成功: SZSE.002980 [华盛昌] BUY @ 85.49 (VR:0.22)
[2026-05-13 13:40:01]  [行10] 解析成功: SZSE.301220 [亚香股份] SELL @ 41.95 (VR:0.66)
[2026-05-13 13:40:01]  [行11] 解析成功: SZSE.300672 [国科微] SELL @ 250.9 (VR:2.62)
[2026-05-13 13:40:01]  [行12] 解析成功: SZSE.300444 [双杰电气] SELL @ 17.77 (VR:2.51)
[2026-05-13 13:40:01]  [行13] 解析成功: SZSE.300259 [新天科技] BUY @ 4.57 (VR:3.09)
[2026-05-13 13:40:01]  [行14] 解析成功: SZSE.300641 [正丹股份] SELL @ 17.07 (VR:0.34)
[2026-05-13 13:40:01]  [行15] 解析成功: SZSE.300461 [田中精机] SELL @ 52.07 (VR:1.8)
[2026-05-13 13:40:01]  [行16] 解析成功: SZSE.301389 [隆扬电子] SELL @ 80.82 (VR:0.03)
[2026-05-13 13:40:01]  [行17] 解析成功: SZSE.300468 [四方精创] BUY @ 28.9 (VR:0.1)
[2026-05-13 13:40:01]  [行18] 解析成功: SHSE.688700 [东威科技] SELL @ 70.43 (VR:0.6)
[2026-05-13 13:40:01]  [行19] 解析成功: SHSE.688689 [银河微电] BUY @ 40.45 (VR:2.93)
[2026-05-13 13:40:01]  [行20] 解析成功: SZSE.300243 [瑞丰光电] SELL @ 20.65 (VR:2.14)
[2026-05-13 13:40:01]  [行21] 解析成功: SZSE.002980 [华盛昌] BUY @ 86.54 (VR:0.09)
[2026-05-13 13:40:01]  [行22] 解析成功: SZSE.301220 [亚香股份] SELL @ 41.95 (VR:0.2)
[2026-05-13 13:40:01]  [行23] 解析成功: SZSE.300672 [国科微] SELL @ 249.93 (VR:3.04)
[2026-05-13 13:40:01] 成功保存 23 条因子至: signal_batch_20260513_134001_092226.txt
[2026-05-13 13:40:01]  QQ-主 邮件 3541 处理完成
[2026-05-13 13:40:01]  QQ-主 本轮共成功处理 1 封有效信号邮件
[2026-05-13 13:40:01]  正在连接 QQ-备用 邮箱服务器 (shouqianbadavid@qq.com) ...
[2026-05-13 13:40:02]  QQ-备用 正在解析因子: =?utf-8?b?QWxwaGFQaWxvdCDlpIfku73kv6Hlj7cgKGFscGhhX3NpZ25hbF90aHJfMjAyNjA1MTNfMTMzOS5qc29uKSBb5aSHUVEt6Ieq5L+dXQ==?=
[2026-05-13 13:40:02]  发现表格，共 23 行数据
[2026-05-13 13:40:02]  动态索引映射: ['股票代码', '股票名称', '信号', '当前价格', '量比', '来源过滤']
[2026-05-13 13:40:02]  [行1] 解析成功: SZSE.300444 [双杰电气] SELL @ 17.79 (VR:2.72)
[2026-05-13 13:40:02]  [行2] 解析成功: SZSE.301018 [申菱环境] SELL @ 137.41 (VR:0.2)
[2026-05-13 13:40:02]  [行3] 解析成功: SZSE.300641 [正丹股份] SELL @ 17.07 (VR:0.43)
[2026-05-13 13:40:02]  [行4] 解析成功: SZSE.300461 [田中精机] SELL @ 52.15 (VR:0.92)
[2026-05-13 13:40:02]  [行5] 解析成功: SZSE.301389 [隆扬电子] SELL @ 80.83 (VR:0.01)
[2026-05-13 13:40:02]  [行6] 解析成功: SZSE.300468 [四方精创] BUY @ 28.88 (VR:0.71)
[2026-05-13 13:40:02]  [行7] 解析成功: SHSE.688689 [银河微电] BUY @ 40.35 (VR:1.74)
[2026-05-13 13:40:02]  [行8] 解析成功: SZSE.300243 [瑞丰光电] SELL @ 20.76 (VR:0.13)
[2026-05-13 13:40:02]  [行9] 解析成功: SZSE.002980 [华盛昌] BUY @ 85.49 (VR:0.22)
[2026-05-13 13:40:02]  [行10] 解析成功: SZSE.301220 [亚香股份] SELL @ 41.95 (VR:0.66)
[2026-05-13 13:40:02]  [行11] 解析成功: SZSE.300672 [国科微] SELL @ 250.9 (VR:2.62)
[2026-05-13 13:40:02]  [行12] 解析成功: SZSE.300444 [双杰电气] SELL @ 17.77 (VR:2.51)
[2026-05-13 13:40:02]  [行13] 解析成功: SZSE.300259 [新天科技] BUY @ 4.57 (VR:3.09)
[2026-05-13 13:40:02]  [行14] 解析成功: SZSE.300641 [正丹股份] SELL @ 17.07 (VR:0.34)
[2026-05-13 13:40:02]  [行15] 解析成功: SZSE.300461 [田中精机] SELL @ 52.07 (VR:1.8)
[2026-05-13 13:40:02]  [行16] 解析成功: SZSE.301389 [隆扬电子] SELL @ 80.82 (VR:0.03)
[2026-05-13 13:40:02]  [行17] 解析成功: SZSE.300468 [四方精创] BUY @ 28.9 (VR:0.1)
[2026-05-13 13:40:02]  [行18] 解析成功: SHSE.688700 [东威科技] SELL @ 70.43 (VR:0.6)
[2026-05-13 13:40:02]  [行19] 解析成功: SHSE.688689 [银河微电] BUY @ 40.45 (VR:2.93)
[2026-05-13 13:40:02]  [行20] 解析成功: SZSE.300243 [瑞丰光电] SELL @ 20.65 (VR:2.14)
[2026-05-13 13:40:02]  [行21] 解析成功: SZSE.002980 [华盛昌] BUY @ 86.54 (VR:0.09)
[2026-05-13 13:40:02]  [行22] 解析成功: SZSE.301220 [亚香股份] SELL @ 41.95 (VR:0.2)
[2026-05-13 13:40:02]  [行23] 解析成功: SZSE.300672 [国科微] SELL @ 249.93 (VR:3.04)
[2026-05-13 13:40:02] 成功保存 23 条因子至: signal_batch_20260513_134002_227223.txt
[2026-05-13 13:40:02]  QQ-备用 邮件 851 处理完成
[2026-05-13 13:40:02]  QQ-备用 本轮共成功处理 1 封有效信号邮件
[2026-05-13 13:40:37]  正在连接 QQ-主 邮箱服务器 (497720537@qq.com) ...
[2026-05-13 13:40:38]  正在连接 QQ-备用 邮箱服务器 (shouqianbadavid@qq.com) ...
[2026-05-13 13:41:13]  正在连接 QQ-主 邮箱服务器 (497720537@qq.com) ...
[2026-05-13 13:41:14]  正在连接 QQ-备用 邮箱服务器 (shouqianbadavid@qq.com) ...
[2026-05-13 13:41:50]  正在连接 QQ-主 邮箱服务器 (497720537@qq.com) ...
[2026-05-13 13:41:50]  正在连接 QQ-备用 邮箱服务器 (shouqianbadavid@qq.com) ...
[2026-05-13 13:42:26]  正在连接 QQ-主 邮箱服务器 (497720537@qq.com) ...
[2026-05-13 13:42:27]  正在连接 QQ-备用 邮箱服务器 (shouqianbadavid@qq.com) ...
[2026-05-13 13:43:03]  正在连接 QQ-主 邮箱服务器 (497720537@qq.com) ...
[2026-05-13 13:43:03]  正在连接 QQ-备用 邮箱服务器 (shouqianbadavid@qq.com) ...
[2026-05-13 13:43:39]  正在连接 QQ-主 邮箱服务器 (497720537@qq.com) ...
[2026-05-13 13:43:39]  正在连接 QQ-备用 邮箱服务器 (shouqianbadavid@qq.com) ...
[2026-05-13 13:44:15]  正在连接 QQ-主 邮箱服务器 (497720537@qq.com) ...
[2026-05-13 13:44:15]  正在连接 QQ-备用 邮箱服务器 (shouqianbadavid@qq.com) ...
[2026-05-13 13:44:51]  正在连接 QQ-主 邮箱服务器 (497720537@qq.com) ...
[2026-05-13 13:44:52]  正在连接 QQ-备用 邮箱服务器 (shouqianbadavid@qq.com) ...
[2026-05-13 13:45:27]  正在连接 QQ-主 邮箱服务器 (497720537@qq.com) ...
[2026-05-13 13:45:28]  正在连接 QQ-备用 邮箱服务器 (shouqianbadavid@qq.com) ...
[2026-05-13 13:46:03]  正在连接 QQ-主 邮箱服务器 (497720537@qq.com) ...
[2026-05-13 13:46:04]  正在连接 QQ-备用 邮箱服务器 (shouqianbadavid@qq.com) ...
[2026-05-13 13:46:40]  正在连接 QQ-主 邮箱服务器 (497720537@qq.com) ...
[2026-05-13 13:46:40]  正在连接 QQ-备用 邮箱服务器 (shouqianbadavid@qq.com) ...
[2026-05-13 13:47:16]  正在连接 QQ-主 邮箱服务器 (497720537@qq.com) ...
[2026-05-13 13:47:16]  正在连接 QQ-备用 邮箱服务器 (shouqianbadavid@qq.com) ...
[2026-05-13 13:47:52]  正在连接 QQ-主 邮箱服务器 (497720537@qq.com) ...
[2026-05-13 13:47:52]  正在连接 QQ-备用 邮箱服务器 (shouqianbadavid@qq.com) ...
[2026-05-13 13:48:28]  正在连接 QQ-主 邮箱服务器 (497720537@qq.com) ...
[2026-05-13 13:48:28]  正在连接 QQ-备用 邮箱服务器 (shouqianbadavid@qq.com) ...
[2026-05-13 13:49:04]  正在连接 QQ-主 邮箱服务器 (497720537@qq.com) ...
[2026-05-13 13:49:05]  正在连接 QQ-备用 邮箱服务器 (shouqianbadavid@qq.com) ...
[2026-05-13 13:49:40]  正在连接 QQ-主 邮箱服务器 (497720537@qq.com) ...
[2026-05-13 13:49:41]  正在连接 QQ-备用 邮箱服务器 (shouqianbadavid@qq.com) ...
[2026-05-13 13:50:17]  正在连接 QQ-主 邮箱服务器 (497720537@qq.com) ...
[2026-05-13 13:50:17]  正在连接 QQ-备用 邮箱服务器 (shouqianbadavid@qq.com) ...
[2026-05-13 13:50:53]  正在连接 QQ-主 邮箱服务器 (497720537@qq.com) ...
[2026-05-13 13:50:53]  QQ-主 正在解析因子: =?utf-8?b?QWxwaGFQaWxvdCDlrp7ml7bkv6Hlj7cgKGFscGhhX3NpZ25hbF90aHJfMjAyNjA1MTNfMTM1MC5qc29uKSBb5Li7UVEt5a+55aSWXQ==?=
[2026-05-13 13:50:53]  发现表格，共 23 行数据
[2026-05-13 13:50:53]  动态索引映射: ['股票代码', '股票名称', '信号', '当前价格', '量比', '来源过滤']
[2026-05-13 13:50:53]  [行1] 解析成功: SZSE.300285 [国瓷材料] BUY @ 42.22 (VR:0.85)
[2026-05-13 13:50:53]  [行2] 解析成功: SZSE.301226 [祥明智能] SELL @ 41.82 (VR:0.02)
[2026-05-13 13:50:53]  [行3] 解析成功: SZSE.301667 [纳百川] BUY @ 107.4 (VR:0.02)
[2026-05-13 13:50:53]  [行4] 解析成功: SZSE.300345 [华民股份] BUY @ 7.23 (VR:0.11)
[2026-05-13 13:50:53]  [行5] 解析成功: SHSE.688295 [奥林德] SELL @ 59.66 (VR:0.2)
[2026-05-13 13:50:53]  [行6] 解析成功: SZSE.002445 [中南文化] BUY @ 4.0 (VR:0.27)
[2026-05-13 13:50:53]  [行7] 解析成功: SHSE.600821 [金发科技] SELL @ 9.42 (VR:1.81)
[2026-05-13 13:50:53]  [行8] 解析成功: SHSE.688295 [中复神鹰] SELL @ 59.82 (VR:0.37)
[2026-05-13 13:50:53]  [行9] 解析成功: SZSE.300782 [卓胜微] BUY @ 125.68 (VR:0.71)
[2026-05-13 13:50:53]  [行10] 解析成功: SZSE.300813 [泰林生物] SELL @ 25.06 (VR:0.06)
[2026-05-13 13:50:53]  [行11] 解析成功: SZSE.301281 [利源制药] SELL @ 41.55 (VR:0.05)
[2026-05-13 13:50:53]  [行12] 解析成功: SZSE.300285 [国瓷材料] BUY @ 42.35 (VR:0.91)
[2026-05-13 13:50:53]  [行13] 解析成功: SZSE.000958 [电投产融] BUY @ 6.29 (VR:0.56)
[2026-05-13 13:50:53]  [行14] 解析成功: SZSE.301226 [祥明智能] SELL @ 41.7 (VR:0.21)
[2026-05-13 13:50:53]  [行15] 解析成功: SZSE.301667 [纳百川] BUY @ 107.66 (VR:0.45)
[2026-05-13 13:50:53]  [行16] 解析成功: SHSE.688295 [奥林德] SELL @ 59.8 (VR:0.34)
[2026-05-13 13:50:53]  [行17] 解析成功: SZSE.002445 [中南文化] BUY @ 4.0 (VR:1.58)
[2026-05-13 13:50:53]  [行18] 解析成功: SHSE.600821 [金发科技] SELL @ 9.4 (VR:0.47)
[2026-05-13 13:50:53]  [行19] 解析成功: SHSE.600722 [金牛化工] SELL @ 12.31 (VR:1.34)
[2026-05-13 13:50:53]  [行20] 解析成功: SHSE.688295 [中复神鹰] SELL @ 59.76 (VR:0.06)
[2026-05-13 13:50:53]  [行21] 解析成功: SZSE.300782 [卓胜微] BUY @ 125.79 (VR:1.85)
[2026-05-13 13:50:53]  [行22] 解析成功: SZSE.300813 [泰林生物] SELL @ 25.04 (VR:0.15)
[2026-05-13 13:50:53]  [行23] 解析成功: SZSE.301281 [利源制药] SELL @ 41.5 (VR:0.02)
[2026-05-13 13:50:53] 成功保存 23 条因子至: signal_batch_20260513_135053_621944.txt
[2026-05-13 13:50:53]  QQ-主 邮件 3542 处理完成
[2026-05-13 13:50:53]  QQ-主 本轮共成功处理 1 封有效信号邮件
[2026-05-13 13:50:54]  正在连接 QQ-备用 邮箱服务器 (shouqianbadavid@qq.com) ...
[2026-05-13 13:50:54]  QQ-备用 正在解析因子: =?utf-8?b?QWxwaGFQaWxvdCDlpIfku73kv6Hlj7cgKGFscGhhX3NpZ25hbF90aHJfMjAyNjA1MTNfMTM1MC5qc29uKSBb5aSHUVEt6Ieq5L+dXQ==?=
[2026-05-13 13:50:54]  发现表格，共 23 行数据
[2026-05-13 13:50:54]  动态索引映射: ['股票代码', '股票名称', '信号', '当前价格', '量比', '来源过滤']
[2026-05-13 13:50:54]  [行1] 解析成功: SZSE.300285 [国瓷材料] BUY @ 42.22 (VR:0.85)
[2026-05-13 13:50:54]  [行2] 解析成功: SZSE.301226 [祥明智能] SELL @ 41.82 (VR:0.02)
[2026-05-13 13:50:54]  [行3] 解析成功: SZSE.301667 [纳百川] BUY @ 107.4 (VR:0.02)
[2026-05-13 13:50:54]  [行4] 解析成功: SZSE.300345 [华民股份] BUY @ 7.23 (VR:0.11)
[2026-05-13 13:50:54]  [行5] 解析成功: SHSE.688295 [奥林德] SELL @ 59.66 (VR:0.2)
[2026-05-13 13:50:54]  [行6] 解析成功: SZSE.002445 [中南文化] BUY @ 4.0 (VR:0.27)
[2026-05-13 13:50:54]  [行7] 解析成功: SHSE.600821 [金发科技] SELL @ 9.42 (VR:1.81)
[2026-05-13 13:50:54]  [行8] 解析成功: SHSE.688295 [中复神鹰] SELL @ 59.82 (VR:0.37)
[2026-05-13 13:50:54]  [行9] 解析成功: SZSE.300782 [卓胜微] BUY @ 125.68 (VR:0.71)
[2026-05-13 13:50:54]  [行10] 解析成功: SZSE.300813 [泰林生物] SELL @ 25.06 (VR:0.06)
[2026-05-13 13:50:54]  [行11] 解析成功: SZSE.301281 [利源制药] SELL @ 41.55 (VR:0.05)
[2026-05-13 13:50:54]  [行12] 解析成功: SZSE.300285 [国瓷材料] BUY @ 42.35 (VR:0.91)
[2026-05-13 13:50:54]  [行13] 解析成功: SZSE.000958 [电投产融] BUY @ 6.29 (VR:0.56)
[2026-05-13 13:50:54]  [行14] 解析成功: SZSE.301226 [祥明智能] SELL @ 41.7 (VR:0.21)
[2026-05-13 13:50:54]  [行15] 解析成功: SZSE.301667 [纳百川] BUY @ 107.66 (VR:0.45)
[2026-05-13 13:50:54]  [行16] 解析成功: SHSE.688295 [奥林德] SELL @ 59.8 (VR:0.34)
[2026-05-13 13:50:54]  [行17] 解析成功: SZSE.002445 [中南文化] BUY @ 4.0 (VR:1.58)
[2026-05-13 13:50:54]  [行18] 解析成功: SHSE.600821 [金发科技] SELL @ 9.4 (VR:0.47)
[2026-05-13 13:50:54]  [行19] 解析成功: SHSE.600722 [金牛化工] SELL @ 12.31 (VR:1.34)
[2026-05-13 13:50:54]  [行20] 解析成功: SHSE.688295 [中复神鹰] SELL @ 59.76 (VR:0.06)
[2026-05-13 13:50:54]  [行21] 解析成功: SZSE.300782 [卓胜微] BUY @ 125.79 (VR:1.85)
[2026-05-13 13:50:54]  [行22] 解析成功: SZSE.300813 [泰林生物] SELL @ 25.04 (VR:0.15)
[2026-05-13 13:50:54]  [行23] 解析成功: SZSE.301281 [利源制药] SELL @ 41.5 (VR:0.02)
[2026-05-13 13:50:54] 成功保存 23 条因子至: signal_batch_20260513_135054_943381.txt
[2026-05-13 13:50:55]  QQ-备用 邮件 852 处理完成
[2026-05-13 13:50:55]  QQ-备用 本轮共成功处理 1 封有效信号邮件
[2026-05-13 13:51:30]  正在连接 QQ-主 邮箱服务器 (497720537@qq.com) ...
[2026-05-13 13:51:30]  正在连接 QQ-备用 邮箱服务器 (shouqianbadavid@qq.com) ...
[2026-05-13 13:52:06]  正在连接 QQ-主 邮箱服务器 (497720537@qq.com) ...
[2026-05-13 13:52:07]  正在连接 QQ-备用 邮箱服务器 (shouqianbadavid@qq.com) ...
[2026-05-13 13:52:43]  正在连接 QQ-主 邮箱服务器 (497720537@qq.com) ...
[2026-05-13 13:52:43]  正在连接 QQ-备用 邮箱服务器 (shouqianbadavid@qq.com) ...
[2026-05-13 13:53:19]  正在连接 QQ-主 邮箱服务器 (497720537@qq.com) ...
[2026-05-13 13:53:19]  正在连接 QQ-备用 邮箱服务器 (shouqianbadavid@qq.com) ...
[2026-05-13 13:53:55]  正在连接 QQ-主 邮箱服务器 (497720537@qq.com) ...
[2026-05-13 13:53:55]  正在连接 QQ-备用 邮箱服务器 (shouqianbadavid@qq.com) ...
[2026-05-13 13:54:31]  正在连接 QQ-主 邮箱服务器 (497720537@qq.com) ...
[2026-05-13 13:54:32]  正在连接 QQ-备用 邮箱服务器 (shouqianbadavid@qq.com) ...
[2026-05-13 13:55:08]  正在连接 QQ-主 邮箱服务器 (497720537@qq.com) ...
[2026-05-13 13:55:08]  正在连接 QQ-备用 邮箱服务器 (shouqianbadavid@qq.com) ...
[2026-05-13 13:55:44]  正在连接 QQ-主 邮箱服务器 (497720537@qq.com) ...
[2026-05-13 13:55:45]  正在连接 QQ-备用 邮箱服务器 (shouqianbadavid@qq.com) ...
[2026-05-13 13:56:20]  正在连接 QQ-主 邮箱服务器 (497720537@qq.com) ...
[2026-05-13 13:56:21]  正在连接 QQ-备用 邮箱服务器 (shouqianbadavid@qq.com) ...
[2026-05-13 13:56:56]  正在连接 QQ-主 邮箱服务器 (497720537@qq.com) ...
[2026-05-13 13:56:57]  正在连接 QQ-备用 邮箱服务器 (shouqianbadavid@qq.com) ...
[2026-05-13 13:57:33]  正在连接 QQ-主 邮箱服务器 (497720537@qq.com) ...
[2026-05-13 13:57:33]  正在连接 QQ-备用 邮箱服务器 (shouqianbadavid@qq.com) ...
[2026-05-13 13:58:09]  正在连接 QQ-主 邮箱服务器 (497720537@qq.com) ...
[2026-05-13 13:58:09]  正在连接 QQ-备用 邮箱服务器 (shouqianbadavid@qq.com) ...
[2026-05-13 13:58:45]  正在连接 QQ-主 邮箱服务器 (497720537@qq.com) ...
[2026-05-13 13:58:45]  正在连接 QQ-备用 邮箱服务器 (shouqianbadavid@qq.com) ...
[2026-05-13 13:59:21]  正在连接 QQ-主 邮箱服务器 (497720537@qq.com) ...
[2026-05-13 13:59:21]  正在连接 QQ-备用 邮箱服务器 (shouqianbadavid@qq.com) ...
[2026-05-13 13:59:57]  正在连接 QQ-主 邮箱服务器 (497720537@qq.com) ...
[2026-05-13 13:59:58]  正在连接 QQ-备用 邮箱服务器 (shouqianbadavid@qq.com) ...
[2026-05-13 14:00:33]  正在连接 QQ-主 邮箱服务器 (497720537@qq.com) ...
[2026-05-13 14:00:34]  正在连接 QQ-备用 邮箱服务器 (shouqianbadavid@qq.com) ...
[2026-05-13 14:01:09]  正在连接 QQ-主 邮箱服务器 (497720537@qq.com) ...
[2026-05-13 14:01:10]  正在连接 QQ-备用 邮箱服务器 (shouqianbadavid@qq.com) ...
[2026-05-13 14:01:45]  正在连接 QQ-主 邮箱服务器 (497720537@qq.com) ...
[2026-05-13 14:01:46]  正在连接 QQ-备用 邮箱服务器 (shouqianbadavid@qq.com) ...
[2026-05-13 14:02:22]  正在连接 QQ-主 邮箱服务器 (497720537@qq.com) ...
[2026-05-13 14:02:22]  正在连接 QQ-备用 邮箱服务器 (shouqianbadavid@qq.com) ...
[2026-05-13 14:02:58]  正在连接 QQ-主 邮箱服务器 (497720537@qq.com) ...
[2026-05-13 14:02:58]  正在连接 QQ-备用 邮箱服务器 (shouqianbadavid@qq.com) ...
[2026-05-13 14:03:35]  正在连接 QQ-主 邮箱服务器 (497720537@qq.com) ...
[2026-05-13 14:03:36]  正在连接 QQ-备用 邮箱服务器 (shouqianbadavid@qq.com) ...
[2026-05-13 14:04:12]  正在连接 QQ-主 邮箱服务器 (497720537@qq.com) ...
[2026-05-13 14:04:13]  正在连接 QQ-备用 邮箱服务器 (shouqianbadavid@qq.com) ...
[2026-05-13 14:04:48]  正在连接 QQ-主 邮箱服务器 (497720537@qq.com) ...
[2026-05-13 14:04:49]  QQ-主 正在解析因子: =?utf-8?b?QWxwaGFQaWxvdCDlrp7ml7bkv6Hlj7cgKGFscGhhX3NpZ25hbF90aHJfMjAyNjA1MTNfMTQwNC5qc29uKSBb5Li7UVEt5a+55aSWXQ==?=
[2026-05-13 14:04:49]  发现表格，共 22 行数据
[2026-05-13 14:04:49]  动态索引映射: ['股票代码', '股票名称', '信号', '当前价格', '量比', '来源过滤']
[2026-05-13 14:04:49]  [行1] 解析成功: SZSE.002300 [太阳电缆] SELL @ 11.33 (VR:1.33)
[2026-05-13 14:04:49]  [行2] 解析成功: SZSE.002460 [赣锋锂业] BUY @ 82.63 (VR:0.43)
[2026-05-13 14:04:49]  [行3] 解析成功: SZSE.002364 [中恒电器] BUY @ 48.15 (VR:1.63)
[2026-05-13 14:04:49]  [行4] 解析成功: SZSE.002475 [立讯精密] BUY @ 79.32 (VR:0.09)
[2026-05-13 14:04:49]  [行5] 解析成功: SZSE.300048 [合康新能] BUY @ 6.4 (VR:0.06)
[2026-05-13 14:04:49]  [行6] 解析成功: SZSE.000338 [潍柴动力] SELL @ 33.94 (VR:0.64)
[2026-05-13 14:04:49]  [行7] 解析成功: SZSE.002925 [盈趣科技] SELL @ 21.2 (VR:1.3)
[2026-05-13 14:04:49]  [行8] 解析成功: SZSE.002240 [盛新锂能] BUY @ 54.58 (VR:2.01)
[2026-05-13 14:04:49]  [行9] 解析成功: SZSE.001309 [德利明] BUY @ 679.8 (VR:0.68)
[2026-05-13 14:04:49]  [行10] 解析成功: SHSE.688617 [惠泰医疗] BUY @ 241.85 (VR:0.92)
[2026-05-13 14:04:49]  [行11] 解析成功: SHSE.688617 [惠泰医疗] BUY @ 241.85 (VR:0.92)
[2026-05-13 14:04:49]  [行12] 解析成功: SZSE.002300 [太阳电缆] SELL @ 11.31 (VR:1.03)
[2026-05-13 14:04:49]  [行13] 解析成功: SZSE.002460 [赣锋锂业] BUY @ 82.68 (VR:0.71)
[2026-05-13 14:04:49]  [行14] 解析成功: SZSE.002364 [中恒电器] BUY @ 48.4 (VR:8.37)
[2026-05-13 14:04:49]  [行15] 解析成功: SZSE.002475 [立讯精密] BUY @ 79.51 (VR:0.3)
[2026-05-13 14:04:49]  [行16] 解析成功: SZSE.000338 [潍柴动力] SELL @ 33.9 (VR:0.19)
[2026-05-13 14:04:49]  [行17] 解析成功: SZSE.002925 [盈趣科技] SELL @ 21.19 (VR:0.25)
[2026-05-13 14:04:49]  [行18] 解析成功: SZSE.002240 [盛新锂能] BUY @ 54.63 (VR:0.23)
[2026-05-13 14:04:49]  [行19] 解析成功: SZSE.300693 [盛弘股份] SELL @ 69.92 (VR:0.54)
[2026-05-13 14:04:49]  [行20] 解析成功: SHSE.688617 [惠泰医疗] BUY @ 241.7 (VR:0.23)
[2026-05-13 14:04:49]  [行21] 解析成功: SHSE.688617 [惠泰医疗] BUY @ 241.73 (VR:0.39)
[2026-05-13 14:04:49]  [行22] 解析成功: SZSE.000592 [平潭发展] BUY @ 12.24 (VR:0.18)
[2026-05-13 14:04:49] 成功保存 22 条因子至: signal_batch_20260513_140449_348664.txt
[2026-05-13 14:04:49]  QQ-主 邮件 3543 处理完成
[2026-05-13 14:04:49]  QQ-主 本轮共成功处理 1 封有效信号邮件
[2026-05-13 14:04:49]  正在连接 QQ-备用 邮箱服务器 (shouqianbadavid@qq.com) ...
[2026-05-13 14:05:25]  正在连接 QQ-主 邮箱服务器 (497720537@qq.com) ...
[2026-05-13 14:05:25]  正在连接 QQ-备用 邮箱服务器 (shouqianbadavid@qq.com) ...
[2026-05-13 14:05:26]  QQ-备用 正在解析因子: =?utf-8?b?QWxwaGFQaWxvdCDlpIfku73kv6Hlj7cgKGFscGhhX3NpZ25hbF90aHJfMjAyNjA1MTNfMTQwNC5qc29uKSBb5aSHUVEt6Ieq5L+dXQ==?=
[2026-05-13 14:05:26]  发现表格，共 22 行数据
[2026-05-13 14:05:26]  动态索引映射: ['股票代码', '股票名称', '信号', '当前价格', '量比', '来源过滤']
[2026-05-13 14:05:26]  [行1] 解析成功: SZSE.002300 [太阳电缆] SELL @ 11.33 (VR:1.33)
[2026-05-13 14:05:26]  [行2] 解析成功: SZSE.002460 [赣锋锂业] BUY @ 82.63 (VR:0.43)
[2026-05-13 14:05:26]  [行3] 解析成功: SZSE.002364 [中恒电器] BUY @ 48.15 (VR:1.63)
[2026-05-13 14:05:26]  [行4] 解析成功: SZSE.002475 [立讯精密] BUY @ 79.32 (VR:0.09)
[2026-05-13 14:05:26]  [行5] 解析成功: SZSE.300048 [合康新能] BUY @ 6.4 (VR:0.06)
[2026-05-13 14:05:26]  [行6] 解析成功: SZSE.000338 [潍柴动力] SELL @ 33.94 (VR:0.64)
[2026-05-13 14:05:26]  [行7] 解析成功: SZSE.002925 [盈趣科技] SELL @ 21.2 (VR:1.3)
[2026-05-13 14:05:26]  [行8] 解析成功: SZSE.002240 [盛新锂能] BUY @ 54.58 (VR:2.01)
[2026-05-13 14:05:26]  [行9] 解析成功: SZSE.001309 [德利明] BUY @ 679.8 (VR:0.68)
[2026-05-13 14:05:26]  [行10] 解析成功: SHSE.688617 [惠泰医疗] BUY @ 241.85 (VR:0.92)
[2026-05-13 14:05:26]  [行11] 解析成功: SHSE.688617 [惠泰医疗] BUY @ 241.85 (VR:0.92)
[2026-05-13 14:05:26]  [行12] 解析成功: SZSE.002300 [太阳电缆] SELL @ 11.31 (VR:1.03)
[2026-05-13 14:05:26]  [行13] 解析成功: SZSE.002460 [赣锋锂业] BUY @ 82.68 (VR:0.71)
[2026-05-13 14:05:26]  [行14] 解析成功: SZSE.002364 [中恒电器] BUY @ 48.4 (VR:8.37)
[2026-05-13 14:05:26]  [行15] 解析成功: SZSE.002475 [立讯精密] BUY @ 79.51 (VR:0.3)
[2026-05-13 14:05:26]  [行16] 解析成功: SZSE.000338 [潍柴动力] SELL @ 33.9 (VR:0.19)
[2026-05-13 14:05:26]  [行17] 解析成功: SZSE.002925 [盈趣科技] SELL @ 21.19 (VR:0.25)
[2026-05-13 14:05:26]  [行18] 解析成功: SZSE.002240 [盛新锂能] BUY @ 54.63 (VR:0.23)
[2026-05-13 14:05:26]  [行19] 解析成功: SZSE.300693 [盛弘股份] SELL @ 69.92 (VR:0.54)
[2026-05-13 14:05:26]  [行20] 解析成功: SHSE.688617 [惠泰医疗] BUY @ 241.7 (VR:0.23)
[2026-05-13 14:05:26]  [行21] 解析成功: SHSE.688617 [惠泰医疗] BUY @ 241.73 (VR:0.39)
[2026-05-13 14:05:26]  [行22] 解析成功: SZSE.000592 [平潭发展] BUY @ 12.24 (VR:0.18)
[2026-05-13 14:05:26] 成功保存 22 条因子至: signal_batch_20260513_140526_835567.txt
[2026-05-13 14:05:27]  QQ-备用 邮件 853 处理完成
[2026-05-13 14:05:27]  QQ-备用 本轮共成功处理 1 封有效信号邮件
[2026-05-13 14:06:02]  正在连接 QQ-主 邮箱服务器 (497720537@qq.com) ...
[2026-05-13 14:06:02]  正在连接 QQ-备用 邮箱服务器 (shouqianbadavid@qq.com) ...
[2026-05-13 14:06:38]  正在连接 QQ-主 邮箱服务器 (497720537@qq.com) ...
[2026-05-13 14:06:39]  正在连接 QQ-备用 邮箱服务器 (shouqianbadavid@qq.com) ...
[2026-05-13 14:07:14]  正在连接 QQ-主 邮箱服务器 (497720537@qq.com) ...
[2026-05-13 14:07:15]  正在连接 QQ-备用 邮箱服务器 (shouqianbadavid@qq.com) ...
[2026-05-13 14:07:50]  正在连接 QQ-主 邮箱服务器 (497720537@qq.com) ...
[2026-05-13 14:07:51]  正在连接 QQ-备用 邮箱服务器 (shouqianbadavid@qq.com) ...
[2026-05-13 14:08:27]  正在连接 QQ-主 邮箱服务器 (497720537@qq.com) ...
[2026-05-13 14:08:27]  正在连接 QQ-备用 邮箱服务器 (shouqianbadavid@qq.com) ...
[2026-05-13 14:09:03]  正在连接 QQ-主 邮箱服务器 (497720537@qq.com) ...
[2026-05-13 14:09:03]  正在连接 QQ-备用 邮箱服务器 (shouqianbadavid@qq.com) ...
[2026-05-13 14:09:39]  正在连接 QQ-主 邮箱服务器 (497720537@qq.com) ...
[2026-05-13 14:09:40]  正在连接 QQ-备用 邮箱服务器 (shouqianbadavid@qq.com) ...
[2026-05-13 14:10:16]  正在连接 QQ-主 邮箱服务器 (497720537@qq.com) ...
[2026-05-13 14:10:16]  正在连接 QQ-备用 邮箱服务器 (shouqianbadavid@qq.com) ...
[2026-05-13 14:10:52]  正在连接 QQ-主 邮箱服务器 (497720537@qq.com) ...
[2026-05-13 14:10:52]  正在连接 QQ-备用 邮箱服务器 (shouqianbadavid@qq.com) ...
[2026-05-13 14:11:28]  正在连接 QQ-主 邮箱服务器 (497720537@qq.com) ...
[2026-05-13 14:11:29]  正在连接 QQ-备用 邮箱服务器 (shouqianbadavid@qq.com) ...
[2026-05-13 14:12:04]  正在连接 QQ-主 邮箱服务器 (497720537@qq.com) ...
[2026-05-13 14:12:05]  正在连接 QQ-备用 邮箱服务器 (shouqianbadavid@qq.com) ...
[2026-05-13 14:12:40]  正在连接 QQ-主 邮箱服务器 (497720537@qq.com) ...
[2026-05-13 14:12:41]  正在连接 QQ-备用 邮箱服务器 (shouqianbadavid@qq.com) ...
[2026-05-13 14:13:17]  正在连接 QQ-主 邮箱服务器 (497720537@qq.com) ...
[2026-05-13 14:13:17]  正在连接 QQ-备用 邮箱服务器 (shouqianbadavid@qq.com) ...
[2026-05-13 14:13:53]  正在连接 QQ-主 邮箱服务器 (497720537@qq.com) ...
[2026-05-13 14:13:53]  正在连接 QQ-备用 邮箱服务器 (shouqianbadavid@qq.com) ...
[2026-05-13 14:14:29]  正在连接 QQ-主 邮箱服务器 (497720537@qq.com) ...
[2026-05-13 14:14:30]  正在连接 QQ-备用 邮箱服务器 (shouqianbadavid@qq.com) ...
[2026-05-13 14:15:05]  正在连接 QQ-主 邮箱服务器 (497720537@qq.com) ...
[2026-05-13 14:15:06]  正在连接 QQ-备用 邮箱服务器 (shouqianbadavid@qq.com) ...
[2026-05-13 14:15:41]  正在连接 QQ-主 邮箱服务器 (497720537@qq.com) ...
[2026-05-13 14:15:42]  正在连接 QQ-备用 邮箱服务器 (shouqianbadavid@qq.com) ...
[2026-05-13 14:16:17]  正在连接 QQ-主 邮箱服务器 (497720537@qq.com) ...
[2026-05-13 14:16:18]  正在连接 QQ-备用 邮箱服务器 (shouqianbadavid@qq.com) ...
[2026-05-13 14:16:54]  正在连接 QQ-主 邮箱服务器 (497720537@qq.com) ...
[2026-05-13 14:16:54]  QQ-主 正在解析因子: =?utf-8?b?QWxwaGFQaWxvdCDlrp7ml7bkv6Hlj7cgKGFscGhhX3NpZ25hbF90aHJfMjAyNjA1MTNfMTQxNi5qc29uKSBb5Li7UVEt5a+55aSWXQ==?=
[2026-05-13 14:16:54]  发现表格，共 27 行数据
[2026-05-13 14:16:54]  动态索引映射: ['股票代码', '股票名称', '信号', '当前价格', '量比', '来源过滤']
[2026-05-13 14:16:54]  [行1] 解析成功: SZSE.002455 [百川股份] SELL @ 10.11 (VR:0.3)
[2026-05-13 14:16:54]  [行2] 解析成功: SZSE.003035 [南网能源] BUY @ 8.25 (VR:2.32)
[2026-05-13 14:16:54]  [行3] 解析成功: SZSE.300037 [新宙邦] SELL @ 64.35 (VR:0.2)
[2026-05-13 14:16:54]  [行4] 解析成功: SZSE.300207 [欣旺达] SELL @ 26.26 (VR:1.03)
[2026-05-13 14:16:54]  [行5] 解析成功: SZSE.300677 [英科医疗] SELL @ 49.35 (VR:7.03)
[2026-05-13 14:16:54]  [行6] 解析成功: SZSE.300274 [阳光电源] BUY @ 141.73 (VR:0.91)
[2026-05-13 14:16:54]  [行7] 解析成功: SZSE.002506 [协鑫集成] SELL @ 4.45 (VR:0.97)
[2026-05-13 14:16:54]  [行8] 解析成功: SZSE.300285 [国瓷材料] BUY @ 42.17 (VR:1.78)
[2026-05-13 14:16:54]  [行9] 解析成功: SZSE.301071 [力量钻石] BUY @ 60.0 (VR:1.67)
[2026-05-13 14:16:54]  [行10] 解析成功: SZSE.300930 [屹通新材] SELL @ 32.97 (VR:0.82)
[2026-05-13 14:16:54]  [行11] 解析成功: SZSE.300643 [万通智控] SELL @ 18.96 (VR:0.6)
[2026-05-13 14:16:54]  [行12] 解析成功: SZSE.300449 [汉邦高科] BUY @ 12.04 (VR:1.8)
[2026-05-13 14:16:54]  [行13] 解析成功: SZSE.300868 [杰美特] BUY @ 93.43 (VR:0.32)
[2026-05-13 14:16:54]  [行14] 解析成功: SZSE.300390 [天华超净] BUY @ 99.01 (VR:0.28)
[2026-05-13 14:16:54]  [行15] 解析成功: SZSE.300568 [星源材质] BUY @ 17.69 (VR:0.64)
[2026-05-13 14:16:54]  [行16] 解析成功: SZSE.300054 [鼎龙股份] SELL @ 72.18 (VR:0.43)
[2026-05-13 14:16:54]  [行17] 解析成功: SZSE.300037 [新宙邦] SELL @ 64.3 (VR:0.53)
[2026-05-13 14:16:54]  [行18] 解析成功: SZSE.300207 [欣旺达] SELL @ 26.23 (VR:0.97)
[2026-05-13 14:16:54]  [行19] 解析成功: SZSE.300274 [阳光电源] BUY @ 141.8 (VR:0.76)
[2026-05-13 14:16:54]  [行20] 解析成功: SZSE.002506 [协鑫集成] SELL @ 4.44 (VR:0.08)
[2026-05-13 14:16:54]  [行21] 解析成功: SZSE.300285 [国瓷材料] BUY @ 42.44 (VR:0.58)
[2026-05-13 14:16:54]  [行22] 解析成功: SZSE.301071 [力量钻石] BUY @ 60.07 (VR:0.05)
[2026-05-13 14:16:54]  [行23] 解析成功: SZSE.300643 [万通智控] SELL @ 18.95 (VR:0.66)
[2026-05-13 14:16:54]  [行24] 解析成功: SZSE.300449 [汉邦高科] BUY @ 12.05 (VR:6.54)
[2026-05-13 14:16:54]  [行25] 解析成功: SZSE.300868 [杰美特] BUY @ 93.44 (VR:2.24)
[2026-05-13 14:16:54]  [行26] 解析成功: SZSE.300390 [天华超净] BUY @ 99.07 (VR:1.08)
[2026-05-13 14:16:54]  [行27] 解析成功: SZSE.300568 [星源材质] BUY @ 17.7 (VR:0.27)
[2026-05-13 14:16:54] 成功保存 27 条因子至: signal_batch_20260513_141654_769032.txt
[2026-05-13 14:16:54]  QQ-主 邮件 3544 处理完成
[2026-05-13 14:16:54]  QQ-主 本轮共成功处理 1 封有效信号邮件
[2026-05-13 14:16:55]  正在连接 QQ-备用 邮箱服务器 (shouqianbadavid@qq.com) ...
[2026-05-13 14:17:30]  正在连接 QQ-主 邮箱服务器 (497720537@qq.com) ...
[2026-05-13 14:17:31]  正在连接 QQ-备用 邮箱服务器 (shouqianbadavid@qq.com) ...
[2026-05-13 14:17:32]  QQ-备用 正在解析因子: =?utf-8?b?QWxwaGFQaWxvdCDlpIfku73kv6Hlj7cgKGFscGhhX3NpZ25hbF90aHJfMjAyNjA1MTNfMTQxNi5qc29uKSBb5aSHUVEt6Ieq5L+dXQ==?=
[2026-05-13 14:17:32]  发现表格，共 27 行数据
[2026-05-13 14:17:32]  动态索引映射: ['股票代码', '股票名称', '信号', '当前价格', '量比', '来源过滤']
[2026-05-13 14:17:32]  [行1] 解析成功: SZSE.002455 [百川股份] SELL @ 10.11 (VR:0.3)
[2026-05-13 14:17:32]  [行2] 解析成功: SZSE.003035 [南网能源] BUY @ 8.25 (VR:2.32)
[2026-05-13 14:17:32]  [行3] 解析成功: SZSE.300037 [新宙邦] SELL @ 64.35 (VR:0.2)
[2026-05-13 14:17:32]  [行4] 解析成功: SZSE.300207 [欣旺达] SELL @ 26.26 (VR:1.03)
[2026-05-13 14:17:32]  [行5] 解析成功: SZSE.300677 [英科医疗] SELL @ 49.35 (VR:7.03)
[2026-05-13 14:17:32]  [行6] 解析成功: SZSE.300274 [阳光电源] BUY @ 141.73 (VR:0.91)
[2026-05-13 14:17:32]  [行7] 解析成功: SZSE.002506 [协鑫集成] SELL @ 4.45 (VR:0.97)
[2026-05-13 14:17:32]  [行8] 解析成功: SZSE.300285 [国瓷材料] BUY @ 42.17 (VR:1.78)
[2026-05-13 14:17:32]  [行9] 解析成功: SZSE.301071 [力量钻石] BUY @ 60.0 (VR:1.67)
[2026-05-13 14:17:32]  [行10] 解析成功: SZSE.300930 [屹通新材] SELL @ 32.97 (VR:0.82)
[2026-05-13 14:17:32]  [行11] 解析成功: SZSE.300643 [万通智控] SELL @ 18.96 (VR:0.6)
[2026-05-13 14:17:32]  [行12] 解析成功: SZSE.300449 [汉邦高科] BUY @ 12.04 (VR:1.8)
[2026-05-13 14:17:32]  [行13] 解析成功: SZSE.300868 [杰美特] BUY @ 93.43 (VR:0.32)
[2026-05-13 14:17:32]  [行14] 解析成功: SZSE.300390 [天华超净] BUY @ 99.01 (VR:0.28)
[2026-05-13 14:17:32]  [行15] 解析成功: SZSE.300568 [星源材质] BUY @ 17.69 (VR:0.64)
[2026-05-13 14:17:32]  [行16] 解析成功: SZSE.300054 [鼎龙股份] SELL @ 72.18 (VR:0.43)
[2026-05-13 14:17:32]  [行17] 解析成功: SZSE.300037 [新宙邦] SELL @ 64.3 (VR:0.53)
[2026-05-13 14:17:32]  [行18] 解析成功: SZSE.300207 [欣旺达] SELL @ 26.23 (VR:0.97)
[2026-05-13 14:17:32]  [行19] 解析成功: SZSE.300274 [阳光电源] BUY @ 141.8 (VR:0.76)
[2026-05-13 14:17:32]  [行20] 解析成功: SZSE.002506 [协鑫集成] SELL @ 4.44 (VR:0.08)
[2026-05-13 14:17:32]  [行21] 解析成功: SZSE.300285 [国瓷材料] BUY @ 42.44 (VR:0.58)
[2026-05-13 14:17:32]  [行22] 解析成功: SZSE.301071 [力量钻石] BUY @ 60.07 (VR:0.05)
[2026-05-13 14:17:32]  [行23] 解析成功: SZSE.300643 [万通智控] SELL @ 18.95 (VR:0.66)
[2026-05-13 14:17:32]  [行24] 解析成功: SZSE.300449 [汉邦高科] BUY @ 12.05 (VR:6.54)
[2026-05-13 14:17:32]  [行25] 解析成功: SZSE.300868 [杰美特] BUY @ 93.44 (VR:2.24)
[2026-05-13 14:17:32]  [行26] 解析成功: SZSE.300390 [天华超净] BUY @ 99.07 (VR:1.08)
[2026-05-13 14:17:32]  [行27] 解析成功: SZSE.300568 [星源材质] BUY @ 17.7 (VR:0.27)
[2026-05-13 14:17:32] 成功保存 27 条因子至: signal_batch_20260513_141732_460594.txt
[2026-05-13 14:17:32]  QQ-备用 邮件 854 处理完成
[2026-05-13 14:17:32]  QQ-备用 本轮共成功处理 1 封有效信号邮件
[2026-05-13 14:18:07]  正在连接 QQ-主 邮箱服务器 (497720537@qq.com) ...
[2026-05-13 14:18:08]  正在连接 QQ-备用 邮箱服务器 (shouqianbadavid@qq.com) ...
[2026-05-13 14:18:43]  正在连接 QQ-主 邮箱服务器 (497720537@qq.com) ...
[2026-05-13 14:18:45]  正在连接 QQ-备用 邮箱服务器 (shouqianbadavid@qq.com) ...
[2026-05-13 14:19:21]  正在连接 QQ-主 邮箱服务器 (497720537@qq.com) ...
[2026-05-13 14:19:21]  正在连接 QQ-备用 邮箱服务器 (shouqianbadavid@qq.com) ...
[2026-05-13 14:19:57]  正在连接 QQ-主 邮箱服务器 (497720537@qq.com) ...
[2026-05-13 14:19:57]  正在连接 QQ-备用 邮箱服务器 (shouqianbadavid@qq.com) ...
[2026-05-13 14:20:33]  正在连接 QQ-主 邮箱服务器 (497720537@qq.com) ...
[2026-05-13 14:20:34]  正在连接 QQ-备用 邮箱服务器 (shouqianbadavid@qq.com) ...
[2026-05-13 14:21:09]  正在连接 QQ-主 邮箱服务器 (497720537@qq.com) ...
[2026-05-13 14:21:10]  正在连接 QQ-备用 邮箱服务器 (shouqianbadavid@qq.com) ...
[2026-05-13 14:21:45]  正在连接 QQ-主 邮箱服务器 (497720537@qq.com) ...
[2026-05-13 14:21:46]  正在连接 QQ-备用 邮箱服务器 (shouqianbadavid@qq.com) ...
[2026-05-13 14:22:22]  正在连接 QQ-主 邮箱服务器 (497720537@qq.com) ...
[2026-05-13 14:22:23]  正在连接 QQ-备用 邮箱服务器 (shouqianbadavid@qq.com) ...
[2026-05-13 14:22:58]  正在连接 QQ-主 邮箱服务器 (497720537@qq.com) ...
[2026-05-13 14:22:59]  正在连接 QQ-备用 邮箱服务器 (shouqianbadavid@qq.com) ...
[2026-05-13 14:23:35]  正在连接 QQ-主 邮箱服务器 (497720537@qq.com) ...
[2026-05-13 14:23:35]  正在连接 QQ-备用 邮箱服务器 (shouqianbadavid@qq.com) ...
[2026-05-13 14:24:11]  正在连接 QQ-主 邮箱服务器 (497720537@qq.com) ...
[2026-05-13 14:24:12]  正在连接 QQ-备用 邮箱服务器 (shouqianbadavid@qq.com) ...
[2026-05-13 14:24:47]  正在连接 QQ-主 邮箱服务器 (497720537@qq.com) ...
[2026-05-13 14:24:48]  正在连接 QQ-备用 邮箱服务器 (shouqianbadavid@qq.com) ...
[2026-05-13 14:25:24]  正在连接 QQ-主 邮箱服务器 (497720537@qq.com) ...
[2026-05-13 14:25:24]  正在连接 QQ-备用 邮箱服务器 (shouqianbadavid@qq.com) ...
[2026-05-13 14:26:00]  正在连接 QQ-主 邮箱服务器 (497720537@qq.com) ...
[2026-05-13 14:26:01]  正在连接 QQ-备用 邮箱服务器 (shouqianbadavid@qq.com) ...
[2026-05-13 14:26:36]  正在连接 QQ-主 邮箱服务器 (497720537@qq.com) ...
[2026-05-13 14:26:37]  正在连接 QQ-备用 邮箱服务器 (shouqianbadavid@qq.com) ...
[2026-05-13 14:27:12]  正在连接 QQ-主 邮箱服务器 (497720537@qq.com) ...
[2026-05-13 14:27:13]  正在连接 QQ-备用 邮箱服务器 (shouqianbadavid@qq.com) ...
[2026-05-13 14:27:49]  正在连接 QQ-主 邮箱服务器 (497720537@qq.com) ...
[2026-05-13 14:27:49]  QQ-主 正在解析因子: =?utf-8?b?QWxwaGFQaWxvdCDlrp7ml7bkv6Hlj7cgKGFscGhhX3NpZ25hbF90aHJfMjAyNjA1MTNfMTQyNy5qc29uKSBb5Li7UVEt5a+55aSWXQ==?=
[2026-05-13 14:27:49]  发现表格，共 28 行数据
[2026-05-13 14:27:49]  动态索引映射: ['股票代码', '股票名称', '信号', '当前价格', '量比', '来源过滤']
[2026-05-13 14:27:49]  [行1] 解析成功: SZSE.300722 [新余国科] BUY @ 28.49 (VR:0.04)
[2026-05-13 14:27:49]  [行2] 解析成功: SZSE.301158 [万集科技] SELL @ 26.94 (VR:10.42)
[2026-05-13 14:27:49]  [行3] 解析成功: SZSE.300641 [正丹股份] SELL @ 16.99 (VR:1.21)
[2026-05-13 14:27:49]  [行4] 解析成功: SZSE.300461 [田中精机] SELL @ 52.09 (VR:0.34)
[2026-05-13 14:27:49]  [行5] 解析成功: SZSE.301389 [隆扬电子] SELL @ 79.9 (VR:2.78)
[2026-05-13 14:27:49]  [行6] 解析成功: SZSE.300468 [四方精创] BUY @ 28.78 (VR:0.01)
[2026-05-13 14:27:49]  [行7] 解析成功: SZSE.301449 [天溯计量] SELL @ 71.15 (VR:2.98)
[2026-05-13 14:27:49]  [行8] 解析成功: SHSE.603353 [和顺电气] SELL @ 51.31 (VR:2.78)
[2026-05-13 14:27:49]  [行9] 解析成功: SHSE.688689 [银河微电] SELL @ 40.43 (VR:0.2)
[2026-05-13 14:27:49]  [行10] 解析成功: SZSE.300243 [瑞丰光电] SELL @ 20.34 (VR:0.54)
[2026-05-13 14:27:49]  [行11] 解析成功: SZSE.002980 [华盛昌] BUY @ 86.03 (VR:0.03)
[2026-05-13 14:27:49]  [行12] 解析成功: SZSE.301220 [亚香股份] BUY @ 41.74 (VR:0.63)
[2026-05-13 14:27:49]  [行13] 解析成功: SZSE.300185 [通裕重工] BUY @ 3.39 (VR:4.38)
[2026-05-13 14:27:49]  [行14] 解析成功: SZSE.300672 [国科微] SELL @ 241.39 (VR:0.61)
[2026-05-13 14:27:49]  [行15] 解析成功: SZSE.300722 [新余国科] BUY @ 28.5 (VR:0.08)
[2026-05-13 14:27:49]  [行16] 解析成功: SZSE.301158 [万集科技] SELL @ 26.92 (VR:1.13)
[2026-05-13 14:27:49]  [行17] 解析成功: SZSE.301018 [申菱环境] SELL @ 139.71 (VR:0.47)
[2026-05-13 14:27:49]  [行18] 解析成功: SZSE.300641 [正丹股份] SELL @ 16.98 (VR:1.15)
[2026-05-13 14:27:49]  [行19] 解析成功: SZSE.300461 [田中精机] SELL @ 51.93 (VR:0.83)
[2026-05-13 14:27:49]  [行20] 解析成功: SZSE.301389 [隆扬电子] SELL @ 79.86 (VR:0.34)
[2026-05-13 14:27:49]  [行21] 解析成功: SZSE.300468 [四方精创] BUY @ 28.79 (VR:0.15)
[2026-05-13 14:27:49]  [行22] 解析成功: SZSE.301449 [天溯计量] SELL @ 71.09 (VR:0.71)
[2026-05-13 14:27:49]  [行23] 解析成功: SHSE.603353 [和顺电气] SELL @ 51.15 (VR:0.67)
[2026-05-13 14:27:49]  [行24] 解析成功: SHSE.688689 [银河微电] SELL @ 40.39 (VR:0.42)
[2026-05-13 14:27:49]  [行25] 解析成功: SZSE.300243 [瑞丰光电] SELL @ 20.31 (VR:0.47)
[2026-05-13 14:27:49]  [行26] 解析成功: SZSE.002980 [华盛昌] BUY @ 86.08 (VR:0.15)
[2026-05-13 14:27:49]  [行27] 解析成功: SZSE.301220 [亚香股份] BUY @ 41.78 (VR:0.7)
[2026-05-13 14:27:49]  [行28] 解析成功: SZSE.300185 [通裕重工] BUY @ 3.4 (VR:0.85)
[2026-05-13 14:27:50] 成功保存 28 条因子至: signal_batch_20260513_142750_009165.txt
[2026-05-13 14:27:50]  QQ-主 邮件 3545 处理完成
[2026-05-13 14:27:50]  QQ-主 本轮共成功处理 1 封有效信号邮件
[2026-05-13 14:27:50]  正在连接 QQ-备用 邮箱服务器 (shouqianbadavid@qq.com) ...
[2026-05-13 14:28:26]  正在连接 QQ-主 邮箱服务器 (497720537@qq.com) ...
[2026-05-13 14:28:27]  正在连接 QQ-备用 邮箱服务器 (shouqianbadavid@qq.com) ...
[2026-05-13 14:28:27]  QQ-备用 正在解析因子: =?utf-8?b?QWxwaGFQaWxvdCDlpIfku73kv6Hlj7cgKGFscGhhX3NpZ25hbF90aHJfMjAyNjA1MTNfMTQyNy5qc29uKSBb5aSHUVEt6Ieq5L+dXQ==?=
[2026-05-13 14:28:27]  发现表格，共 28 行数据
[2026-05-13 14:28:27]  动态索引映射: ['股票代码', '股票名称', '信号', '当前价格', '量比', '来源过滤']
[2026-05-13 14:28:27]  [行1] 解析成功: SZSE.300722 [新余国科] BUY @ 28.49 (VR:0.04)
[2026-05-13 14:28:27]  [行2] 解析成功: SZSE.301158 [万集科技] SELL @ 26.94 (VR:10.42)
[2026-05-13 14:28:27]  [行3] 解析成功: SZSE.300641 [正丹股份] SELL @ 16.99 (VR:1.21)
[2026-05-13 14:28:27]  [行4] 解析成功: SZSE.300461 [田中精机] SELL @ 52.09 (VR:0.34)
[2026-05-13 14:28:27]  [行5] 解析成功: SZSE.301389 [隆扬电子] SELL @ 79.9 (VR:2.78)
[2026-05-13 14:28:27]  [行6] 解析成功: SZSE.300468 [四方精创] BUY @ 28.78 (VR:0.01)
[2026-05-13 14:28:27]  [行7] 解析成功: SZSE.301449 [天溯计量] SELL @ 71.15 (VR:2.98)
[2026-05-13 14:28:27]  [行8] 解析成功: SHSE.603353 [和顺电气] SELL @ 51.31 (VR:2.78)
[2026-05-13 14:28:27]  [行9] 解析成功: SHSE.688689 [银河微电] SELL @ 40.43 (VR:0.2)
[2026-05-13 14:28:27]  [行10] 解析成功: SZSE.300243 [瑞丰光电] SELL @ 20.34 (VR:0.54)
[2026-05-13 14:28:27]  [行11] 解析成功: SZSE.002980 [华盛昌] BUY @ 86.03 (VR:0.03)
[2026-05-13 14:28:27]  [行12] 解析成功: SZSE.301220 [亚香股份] BUY @ 41.74 (VR:0.63)
[2026-05-13 14:28:27]  [行13] 解析成功: SZSE.300185 [通裕重工] BUY @ 3.39 (VR:4.38)
[2026-05-13 14:28:27]  [行14] 解析成功: SZSE.300672 [国科微] SELL @ 241.39 (VR:0.61)
[2026-05-13 14:28:27]  [行15] 解析成功: SZSE.300722 [新余国科] BUY @ 28.5 (VR:0.08)
[2026-05-13 14:28:27]  [行16] 解析成功: SZSE.301158 [万集科技] SELL @ 26.92 (VR:1.13)
[2026-05-13 14:28:27]  [行17] 解析成功: SZSE.301018 [申菱环境] SELL @ 139.71 (VR:0.47)
[2026-05-13 14:28:27]  [行18] 解析成功: SZSE.300641 [正丹股份] SELL @ 16.98 (VR:1.15)
[2026-05-13 14:28:27]  [行19] 解析成功: SZSE.300461 [田中精机] SELL @ 51.93 (VR:0.83)
[2026-05-13 14:28:27]  [行20] 解析成功: SZSE.301389 [隆扬电子] SELL @ 79.86 (VR:0.34)
[2026-05-13 14:28:27]  [行21] 解析成功: SZSE.300468 [四方精创] BUY @ 28.79 (VR:0.15)
[2026-05-13 14:28:27]  [行22] 解析成功: SZSE.301449 [天溯计量] SELL @ 71.09 (VR:0.71)
[2026-05-13 14:28:27]  [行23] 解析成功: SHSE.603353 [和顺电气] SELL @ 51.15 (VR:0.67)
[2026-05-13 14:28:27]  [行24] 解析成功: SHSE.688689 [银河微电] SELL @ 40.39 (VR:0.42)
[2026-05-13 14:28:27]  [行25] 解析成功: SZSE.300243 [瑞丰光电] SELL @ 20.31 (VR:0.47)
[2026-05-13 14:28:27]  [行26] 解析成功: SZSE.002980 [华盛昌] BUY @ 86.08 (VR:0.15)
[2026-05-13 14:28:27]  [行27] 解析成功: SZSE.301220 [亚香股份] BUY @ 41.78 (VR:0.7)
[2026-05-13 14:28:27]  [行28] 解析成功: SZSE.300185 [通裕重工] BUY @ 3.4 (VR:0.85)
[2026-05-13 14:28:27] 成功保存 28 条因子至: signal_batch_20260513_142827_973329.txt
[2026-05-13 14:28:28]  QQ-备用 邮件 855 处理完成
[2026-05-13 14:28:28]  QQ-备用 本轮共成功处理 1 封有效信号邮件
[2026-05-13 14:29:03]  正在连接 QQ-主 邮箱服务器 (497720537@qq.com) ...
[2026-05-13 14:29:03]  正在连接 QQ-备用 邮箱服务器 (shouqianbadavid@qq.com) ...
[2026-05-13 14:29:39]  正在连接 QQ-主 邮箱服务器 (497720537@qq.com) ...
[2026-05-13 14:29:40]  正在连接 QQ-备用 邮箱服务器 (shouqianbadavid@qq.com) ...
[2026-05-13 14:30:15]  正在连接 QQ-主 邮箱服务器 (497720537@qq.com) ...
[2026-05-13 14:30:16]  正在连接 QQ-备用 邮箱服务器 (shouqianbadavid@qq.com) ...
[2026-05-13 14:30:51]  正在连接 QQ-主 邮箱服务器 (497720537@qq.com) ...
[2026-05-13 14:30:52]  正在连接 QQ-备用 邮箱服务器 (shouqianbadavid@qq.com) ...
[2026-05-13 14:31:28]  正在连接 QQ-主 邮箱服务器 (497720537@qq.com) ...
[2026-05-13 14:31:28]  正在连接 QQ-备用 邮箱服务器 (shouqianbadavid@qq.com) ...
[2026-05-13 14:32:04]  正在连接 QQ-主 邮箱服务器 (497720537@qq.com) ...
[2026-05-13 14:32:05]  正在连接 QQ-备用 邮箱服务器 (shouqianbadavid@qq.com) ...
[2026-05-13 14:32:40]  正在连接 QQ-主 邮箱服务器 (497720537@qq.com) ...
[2026-05-13 14:32:41]  正在连接 QQ-备用 邮箱服务器 (shouqianbadavid@qq.com) ...
[2026-05-13 14:33:16]  正在连接 QQ-主 邮箱服务器 (497720537@qq.com) ...
[2026-05-13 14:33:17]  正在连接 QQ-备用 邮箱服务器 (shouqianbadavid@qq.com) ...
[2026-05-13 14:33:53]  正在连接 QQ-主 邮箱服务器 (497720537@qq.com) ...
[2026-05-13 14:33:53]  正在连接 QQ-备用 邮箱服务器 (shouqianbadavid@qq.com) ...
[2026-05-13 14:34:29]  正在连接 QQ-主 邮箱服务器 (497720537@qq.com) ...
[2026-05-13 14:34:29]  正在连接 QQ-备用 邮箱服务器 (shouqianbadavid@qq.com) ...
[2026-05-13 14:35:05]  正在连接 QQ-主 邮箱服务器 (497720537@qq.com) ...
[2026-05-13 14:35:05]  正在连接 QQ-备用 邮箱服务器 (shouqianbadavid@qq.com) ...
[2026-05-13 14:35:41]  正在连接 QQ-主 邮箱服务器 (497720537@qq.com) ...
[2026-05-13 14:35:42]  QQ-主 正在解析因子: =?utf-8?b?QWxwaGFQaWxvdCDlrp7ml7bkv6Hlj7cgKGFscGhhX3NpZ25hbF90aHJfMjAyNjA1MTNfMTQzNS5qc29uKSBb5Li7UVEt5a+55aSWXQ==?=
[2026-05-13 14:35:42]  发现表格，共 12 行数据
[2026-05-13 14:35:42]  动态索引映射: ['股票代码', '股票名称', '信号', '当前价格', '量比', '来源过滤']
[2026-05-13 14:35:42]  [行1] 解析成功: SZSE.002445 [中南文化] SELL @ 4.01 (VR:0.33)
[2026-05-13 14:35:42]  [行2] 解析成功: SHSE.601868 [中国能建] BUY @ 3.5 (VR:1.57)
[2026-05-13 14:35:42]  [行3] 解析成功: SZSE.300724 [捷佳伟创] BUY @ 92.92 (VR:0.31)
[2026-05-13 14:35:42]  [行4] 解析成功: SZSE.300364 [中文在线] BUY @ 30.74 (VR:0.07)
[2026-05-13 14:35:42]  [行5] 解析成功: SZSE.300813 [泰林生物] SELL @ 25.29 (VR:0.59)
[2026-05-13 14:35:42]  [行6] 解析成功: SZSE.301281 [利源制药] SELL @ 41.45 (VR:1.78)
[2026-05-13 14:35:42]  [行7] 解析成功: SZSE.002445 [中南文化] SELL @ 4.0 (VR:0.21)
[2026-05-13 14:35:42]  [行8] 解析成功: SHSE.601868 [中国能建] BUY @ 3.51 (VR:2.63)
[2026-05-13 14:35:42]  [行9] 解析成功: SZSE.300724 [捷佳伟创] BUY @ 93.01 (VR:0.25)
[2026-05-13 14:35:42]  [行10] 解析成功: SZSE.300364 [中文在线] BUY @ 30.85 (VR:1.65)
[2026-05-13 14:35:42]  [行11] 解析成功: SZSE.300813 [泰林生物] SELL @ 25.28 (VR:1.97)
[2026-05-13 14:35:42]  [行12] 解析成功: SZSE.301281 [利源制药] SELL @ 41.44 (VR:0.03)
[2026-05-13 14:35:42] 成功保存 12 条因子至: signal_batch_20260513_143542_047898.txt
[2026-05-13 14:35:42]  QQ-主 邮件 3546 处理完成
[2026-05-13 14:35:42]  QQ-主 本轮共成功处理 1 封有效信号邮件
[2026-05-13 14:35:42]  正在连接 QQ-备用 邮箱服务器 (shouqianbadavid@qq.com) ...
[2026-05-13 14:35:43]  QQ-备用 正在解析因子: =?utf-8?b?QWxwaGFQaWxvdCDlpIfku73kv6Hlj7cgKGFscGhhX3NpZ25hbF90aHJfMjAyNjA1MTNfMTQzNS5qc29uKSBb5aSHUVEt6Ieq5L+dXQ==?=
[2026-05-13 14:35:43]  发现表格，共 12 行数据
[2026-05-13 14:35:43]  动态索引映射: ['股票代码', '股票名称', '信号', '当前价格', '量比', '来源过滤']
[2026-05-13 14:35:43]  [行1] 解析成功: SZSE.002445 [中南文化] SELL @ 4.01 (VR:0.33)
[2026-05-13 14:35:43]  [行2] 解析成功: SHSE.601868 [中国能建] BUY @ 3.5 (VR:1.57)
[2026-05-13 14:35:43]  [行3] 解析成功: SZSE.300724 [捷佳伟创] BUY @ 92.92 (VR:0.31)
[2026-05-13 14:35:43]  [行4] 解析成功: SZSE.300364 [中文在线] BUY @ 30.74 (VR:0.07)
[2026-05-13 14:35:43]  [行5] 解析成功: SZSE.300813 [泰林生物] SELL @ 25.29 (VR:0.59)
[2026-05-13 14:35:43]  [行6] 解析成功: SZSE.301281 [利源制药] SELL @ 41.45 (VR:1.78)
[2026-05-13 14:35:43]  [行7] 解析成功: SZSE.002445 [中南文化] SELL @ 4.0 (VR:0.21)
[2026-05-13 14:35:43]  [行8] 解析成功: SHSE.601868 [中国能建] BUY @ 3.51 (VR:2.63)
[2026-05-13 14:35:43]  [行9] 解析成功: SZSE.300724 [捷佳伟创] BUY @ 93.01 (VR:0.25)
[2026-05-13 14:35:43]  [行10] 解析成功: SZSE.300364 [中文在线] BUY @ 30.85 (VR:1.65)
[2026-05-13 14:35:43]  [行11] 解析成功: SZSE.300813 [泰林生物] SELL @ 25.28 (VR:1.97)
[2026-05-13 14:35:43]  [行12] 解析成功: SZSE.301281 [利源制药] SELL @ 41.44 (VR:0.03)
[2026-05-13 14:35:43] 成功保存 12 条因子至: signal_batch_20260513_143543_034413.txt
[2026-05-13 14:35:43]  QQ-备用 邮件 856 处理完成
[2026-05-13 14:35:43]  QQ-备用 本轮共成功处理 1 封有效信号邮件
[2026-05-13 14:36:18]  正在连接 QQ-主 邮箱服务器 (497720537@qq.com) ...
[2026-05-13 14:36:19]  正在连接 QQ-备用 邮箱服务器 (shouqianbadavid@qq.com) ...
[2026-05-13 14:36:55]  正在连接 QQ-主 邮箱服务器 (497720537@qq.com) ...
[2026-05-13 14:36:55]  正在连接 QQ-备用 邮箱服务器 (shouqianbadavid@qq.com) ...
[2026-05-13 14:37:32]  正在连接 QQ-主 邮箱服务器 (497720537@qq.com) ...
[2026-05-13 14:37:33]  正在连接 QQ-备用 邮箱服务器 (shouqianbadavid@qq.com) ...
[2026-05-13 14:38:09]  正在连接 QQ-主 邮箱服务器 (497720537@qq.com) ...
[2026-05-13 14:38:09]  正在连接 QQ-备用 邮箱服务器 (shouqianbadavid@qq.com) ...
[2026-05-13 14:38:45]  正在连接 QQ-主 邮箱服务器 (497720537@qq.com) ...
[2026-05-13 14:38:46]  正在连接 QQ-备用 邮箱服务器 (shouqianbadavid@qq.com) ...
[2026-05-13 14:39:22]  正在连接 QQ-主 邮箱服务器 (497720537@qq.com) ...
[2026-05-13 14:39:22]  正在连接 QQ-备用 邮箱服务器 (shouqianbadavid@qq.com) ...
[2026-05-13 14:39:58]  正在连接 QQ-主 邮箱服务器 (497720537@qq.com) ...
[2026-05-13 14:39:58]  正在连接 QQ-备用 邮箱服务器 (shouqianbadavid@qq.com) ...
[2026-05-13 14:40:34]  正在连接 QQ-主 邮箱服务器 (497720537@qq.com) ...
[2026-05-13 14:40:34]  正在连接 QQ-备用 邮箱服务器 (shouqianbadavid@qq.com) ...
[2026-05-13 14:41:10]  正在连接 QQ-主 邮箱服务器 (497720537@qq.com) ...
[2026-05-13 14:41:11]  正在连接 QQ-备用 邮箱服务器 (shouqianbadavid@qq.com) ...
[2026-05-13 14:41:47]  正在连接 QQ-主 邮箱服务器 (497720537@qq.com) ...
[2026-05-13 14:41:47]  正在连接 QQ-备用 邮箱服务器 (shouqianbadavid@qq.com) ...
[2026-05-13 14:42:23]  正在连接 QQ-主 邮箱服务器 (497720537@qq.com) ...
[2026-05-13 14:42:23]  正在连接 QQ-备用 邮箱服务器 (shouqianbadavid@qq.com) ...
[2026-05-13 14:42:59]  正在连接 QQ-主 邮箱服务器 (497720537@qq.com) ...
[2026-05-13 14:43:00]  正在连接 QQ-备用 邮箱服务器 (shouqianbadavid@qq.com) ...
[2026-05-13 14:43:35]  正在连接 QQ-主 邮箱服务器 (497720537@qq.com) ...
[2026-05-13 14:43:36]  正在连接 QQ-备用 邮箱服务器 (shouqianbadavid@qq.com) ...
[2026-05-13 14:44:12]  正在连接 QQ-主 邮箱服务器 (497720537@qq.com) ...
[2026-05-13 14:44:12]  正在连接 QQ-备用 邮箱服务器 (shouqianbadavid@qq.com) ...
[2026-05-13 14:44:48]  正在连接 QQ-主 邮箱服务器 (497720537@qq.com) ...
[2026-05-13 14:44:48]  正在连接 QQ-备用 邮箱服务器 (shouqianbadavid@qq.com) ...
[2026-05-13 14:45:24]  正在连接 QQ-主 邮箱服务器 (497720537@qq.com) ...
[2026-05-13 14:45:24]  正在连接 QQ-备用 邮箱服务器 (shouqianbadavid@qq.com) ...
[2026-05-13 14:46:00]  正在连接 QQ-主 邮箱服务器 (497720537@qq.com) ...
[2026-05-13 14:46:01]  正在连接 QQ-备用 邮箱服务器 (shouqianbadavid@qq.com) ...
[2026-05-13 14:46:36]  正在连接 QQ-主 邮箱服务器 (497720537@qq.com) ...
[2026-05-13 14:46:37]  正在连接 QQ-备用 邮箱服务器 (shouqianbadavid@qq.com) ...
[2026-05-13 14:47:12]  正在连接 QQ-主 邮箱服务器 (497720537@qq.com) ...
[2026-05-13 14:47:13]  正在连接 QQ-备用 邮箱服务器 (shouqianbadavid@qq.com) ...
[2026-05-13 14:47:48]  正在连接 QQ-主 邮箱服务器 (497720537@qq.com) ...
[2026-05-13 14:47:49]  QQ-主 正在解析因子: =?utf-8?b?QWxwaGFQaWxvdCDlrp7ml7bkv6Hlj7cgKGFscGhhX3NpZ25hbF90aHJfMjAyNjA1MTNfMTQ0Ny5qc29uKSBb5Li7UVEt5a+55aSWXQ==?=
[2026-05-13 14:47:49]  发现表格，共 14 行数据
[2026-05-13 14:47:49]  动态索引映射: ['股票代码', '股票名称', '信号', '当前价格', '量比', '来源过滤']
[2026-05-13 14:47:49]  [行1] 解析成功: SZSE.002300 [太阳电缆] SELL @ 11.51 (VR:5.51)
[2026-05-13 14:47:49]  [行2] 解析成功: SZSE.000537 [绿发电力] SELL @ 11.42 (VR:1.15)
[2026-05-13 14:47:49]  [行3] 解析成功: SZSE.000338 [潍柴动力] BUY @ 34.35 (VR:2.23)
[2026-05-13 14:47:49]  [行4] 解析成功: SZSE.002925 [盈趣科技] BUY @ 21.24 (VR:1.79)
[2026-05-13 14:47:49]  [行5] 解析成功: SZSE.002240 [盛新锂能] BUY @ 54.93 (VR:0.48)
[2026-05-13 14:47:49]  [行6] 解析成功: SZSE.300693 [盛弘股份] BUY @ 69.38 (VR:0.5)
[2026-05-13 14:47:49]  [行7] 解析成功: SZSE.300432 [富临精工] BUY @ 25.46 (VR:0.75)
[2026-05-13 14:47:49]  [行8] 解析成功: SZSE.002300 [太阳电缆] SELL @ 11.49 (VR:3.23)
[2026-05-13 14:47:49]  [行9] 解析成功: SZSE.000537 [绿发电力] SELL @ 11.39 (VR:0.96)
[2026-05-13 14:47:49]  [行10] 解析成功: SZSE.000338 [潍柴动力] BUY @ 34.36 (VR:0.27)
[2026-05-13 14:47:49]  [行11] 解析成功: SZSE.002925 [盈趣科技] BUY @ 21.27 (VR:1.48)
[2026-05-13 14:47:49]  [行12] 解析成功: SZSE.002240 [盛新锂能] BUY @ 54.94 (VR:1.33)
[2026-05-13 14:47:49]  [行13] 解析成功: SZSE.300693 [盛弘股份] BUY @ 69.59 (VR:0.01)
[2026-05-13 14:47:49]  [行14] 解析成功: SZSE.300432 [富临精工] BUY @ 25.49 (VR:0.46)
[2026-05-13 14:47:49] 成功保存 14 条因子至: signal_batch_20260513_144749_562931.txt
[2026-05-13 14:47:49]  QQ-主 邮件 3547 处理完成
[2026-05-13 14:47:49]  QQ-主 本轮共成功处理 1 封有效信号邮件
[2026-05-13 14:47:49]  正在连接 QQ-备用 邮箱服务器 (shouqianbadavid@qq.com) ...
[2026-05-13 14:47:50]  QQ-备用 正在解析因子: =?utf-8?b?QWxwaGFQaWxvdCDlpIfku73kv6Hlj7cgKGFscGhhX3NpZ25hbF90aHJfMjAyNjA1MTNfMTQ0Ny5qc29uKSBb5aSHUVEt6Ieq5L+dXQ==?=
[2026-05-13 14:47:50]  发现表格，共 14 行数据
[2026-05-13 14:47:50]  动态索引映射: ['股票代码', '股票名称', '信号', '当前价格', '量比', '来源过滤']
[2026-05-13 14:47:50]  [行1] 解析成功: SZSE.002300 [太阳电缆] SELL @ 11.51 (VR:5.51)
[2026-05-13 14:47:50]  [行2] 解析成功: SZSE.000537 [绿发电力] SELL @ 11.42 (VR:1.15)
[2026-05-13 14:47:50]  [行3] 解析成功: SZSE.000338 [潍柴动力] BUY @ 34.35 (VR:2.23)
[2026-05-13 14:47:50]  [行4] 解析成功: SZSE.002925 [盈趣科技] BUY @ 21.24 (VR:1.79)
[2026-05-13 14:47:50]  [行5] 解析成功: SZSE.002240 [盛新锂能] BUY @ 54.93 (VR:0.48)
[2026-05-13 14:47:50]  [行6] 解析成功: SZSE.300693 [盛弘股份] BUY @ 69.38 (VR:0.5)
[2026-05-13 14:47:50]  [行7] 解析成功: SZSE.300432 [富临精工] BUY @ 25.46 (VR:0.75)
[2026-05-13 14:47:50]  [行8] 解析成功: SZSE.002300 [太阳电缆] SELL @ 11.49 (VR:3.23)
[2026-05-13 14:47:50]  [行9] 解析成功: SZSE.000537 [绿发电力] SELL @ 11.39 (VR:0.96)
[2026-05-13 14:47:50]  [行10] 解析成功: SZSE.000338 [潍柴动力] BUY @ 34.36 (VR:0.27)
[2026-05-13 14:47:50]  [行11] 解析成功: SZSE.002925 [盈趣科技] BUY @ 21.27 (VR:1.48)
[2026-05-13 14:47:50]  [行12] 解析成功: SZSE.002240 [盛新锂能] BUY @ 54.94 (VR:1.33)
[2026-05-13 14:47:50]  [行13] 解析成功: SZSE.300693 [盛弘股份] BUY @ 69.59 (VR:0.01)
[2026-05-13 14:47:50]  [行14] 解析成功: SZSE.300432 [富临精工] BUY @ 25.49 (VR:0.46)
[2026-05-13 14:47:50] 成功保存 14 条因子至: signal_batch_20260513_144750_822323.txt
[2026-05-13 14:47:50]  QQ-备用 邮件 857 处理完成
[2026-05-13 14:47:50]  QQ-备用 本轮共成功处理 1 封有效信号邮件
[2026-05-13 14:48:26]  正在连接 QQ-主 邮箱服务器 (497720537@qq.com) ...
[2026-05-13 14:48:26]  正在连接 QQ-备用 邮箱服务器 (shouqianbadavid@qq.com) ...
[2026-05-13 14:49:02]  正在连接 QQ-主 邮箱服务器 (497720537@qq.com) ...
[2026-05-13 14:49:02]  正在连接 QQ-备用 邮箱服务器 (shouqianbadavid@qq.com) ...
[2026-05-13 14:49:38]  正在连接 QQ-主 邮箱服务器 (497720537@qq.com) ...
[2026-05-13 14:49:39]  正在连接 QQ-备用 邮箱服务器 (shouqianbadavid@qq.com) ...
[2026-05-13 14:50:14]  正在连接 QQ-主 邮箱服务器 (497720537@qq.com) ...
[2026-05-13 14:50:15]  正在连接 QQ-备用 邮箱服务器 (shouqianbadavid@qq.com) ...
[2026-05-13 14:50:50]  正在连接 QQ-主 邮箱服务器 (497720537@qq.com) ...
[2026-05-13 14:50:51]  正在连接 QQ-备用 邮箱服务器 (shouqianbadavid@qq.com) ...
[2026-05-13 14:51:27]  正在连接 QQ-主 邮箱服务器 (497720537@qq.com) ...
[2026-05-13 14:51:27]  正在连接 QQ-备用 邮箱服务器 (shouqianbadavid@qq.com) ...
[2026-05-13 14:52:03]  正在连接 QQ-主 邮箱服务器 (497720537@qq.com) ...
[2026-05-13 14:52:04]  正在连接 QQ-备用 邮箱服务器 (shouqianbadavid@qq.com) ...
[2026-05-13 14:52:40]  正在连接 QQ-主 邮箱服务器 (497720537@qq.com) ...
[2026-05-13 14:52:40]  正在连接 QQ-备用 邮箱服务器 (shouqianbadavid@qq.com) ...
[2026-05-13 14:53:16]  正在连接 QQ-主 邮箱服务器 (497720537@qq.com) ...
[2026-05-13 14:53:17]  正在连接 QQ-备用 邮箱服务器 (shouqianbadavid@qq.com) ...
[2026-05-13 14:53:53]  正在连接 QQ-主 邮箱服务器 (497720537@qq.com) ...
[2026-05-13 14:53:53]  正在连接 QQ-备用 邮箱服务器 (shouqianbadavid@qq.com) ...
[2026-05-13 14:54:29]  正在连接 QQ-主 邮箱服务器 (497720537@qq.com) ...
[2026-05-13 14:54:29]  正在连接 QQ-备用 邮箱服务器 (shouqianbadavid@qq.com) ...
[2026-05-13 14:55:05]  正在连接 QQ-主 邮箱服务器 (497720537@qq.com) ...
[2026-05-13 14:55:05]  正在连接 QQ-备用 邮箱服务器 (shouqianbadavid@qq.com) ...
[2026-05-13 14:55:41]  正在连接 QQ-主 邮箱服务器 (497720537@qq.com) ...
[2026-05-13 14:55:42]  QQ-主 正在解析因子: =?utf-8?b?QWxwaGFQaWxvdCDlrp7ml7bkv6Hlj7cgKGFscGhhX3NpZ25hbF90aHJfMjAyNjA1MTNfMTQ1NS5qc29uKSBb5Li7UVEt5a+55aSWXQ==?=
[2026-05-13 14:55:42]  发现表格，共 22 行数据
[2026-05-13 14:55:42]  动态索引映射: ['股票代码', '股票名称', '信号', '当前价格', '量比', '来源过滤']
[2026-05-13 14:55:42]  [行1] 解析成功: SZSE.300037 [新宙邦] BUY @ 64.54 (VR:0.26)
[2026-05-13 14:55:42]  [行2] 解析成功: SZSE.300207 [欣旺达] BUY @ 26.48 (VR:0.33)
[2026-05-13 14:55:42]  [行3] 解析成功: SZSE.300285 [国瓷材料] BUY @ 42.58 (VR:0.42)
[2026-05-13 14:55:42]  [行4] 解析成功: SZSE.300393 [中来股份] SELL @ 12.46 (VR:1.27)
[2026-05-13 14:55:42]  [行5] 解析成功: SZSE.300228 [富瑞特装] BUY @ 10.16 (VR:0.06)
[2026-05-13 14:55:42]  [行6] 解析成功: SZSE.301419 [瑞可达] BUY @ 44.39 (VR:0.23)
[2026-05-13 14:55:42]  [行7] 解析成功: SZSE.301071 [力量钻石] BUY @ 59.89 (VR:0.84)
[2026-05-13 14:55:42]  [行8] 解析成功: SZSE.300643 [万通智控] BUY @ 18.96 (VR:1.97)
[2026-05-13 14:55:42]  [行9] 解析成功: SZSE.300449 [汉邦高科] BUY @ 11.93 (VR:4.3)
[2026-05-13 14:55:42]  [行10] 解析成功: SZSE.300390 [天华超净] BUY @ 99.59 (VR:0.87)
[2026-05-13 14:55:42]  [行11] 解析成功: SZSE.300054 [鼎龙股份] SELL @ 73.39 (VR:0.2)
[2026-05-13 14:55:42]  [行12] 解析成功: SZSE.300037 [新宙邦] BUY @ 64.62 (VR:0.09)
[2026-05-13 14:55:42]  [行13] 解析成功: SZSE.300207 [欣旺达] BUY @ 26.5 (VR:0.34)
[2026-05-13 14:55:42]  [行14] 解析成功: SZSE.300285 [国瓷材料] BUY @ 42.61 (VR:0.12)
[2026-05-13 14:55:42]  [行15] 解析成功: SZSE.300393 [中来股份] SELL @ 12.44 (VR:0.62)
[2026-05-13 14:55:42]  [行16] 解析成功: SZSE.300228 [富瑞特装] BUY @ 10.19 (VR:1.11)
[2026-05-13 14:55:42]  [行17] 解析成功: SZSE.301419 [瑞可达] BUY @ 44.4 (VR:0.6)
[2026-05-13 14:55:42]  [行18] 解析成功: SZSE.301071 [力量钻石] BUY @ 59.95 (VR:0.08)
[2026-05-13 14:55:42]  [行19] 解析成功: SZSE.300643 [万通智控] BUY @ 18.98 (VR:0.05)
[2026-05-13 14:55:42]  [行20] 解析成功: SZSE.300449 [汉邦高科] BUY @ 11.96 (VR:2.19)
[2026-05-13 14:55:42]  [行21] 解析成功: SZSE.300390 [天华超净] BUY @ 99.61 (VR:0.54)
[2026-05-13 14:55:42]  [行22] 解析成功: SZSE.300054 [鼎龙股份] SELL @ 73.26 (VR:0.17)
[2026-05-13 14:55:42] 成功保存 22 条因子至: signal_batch_20260513_145542_242313.txt
[2026-05-13 14:55:42]  QQ-主 邮件 3548 处理完成
[2026-05-13 14:55:42]  QQ-主 本轮共成功处理 1 封有效信号邮件
[2026-05-13 14:55:42]  正在连接 QQ-备用 邮箱服务器 (shouqianbadavid@qq.com) ...
[2026-05-13 14:56:18]  正在连接 QQ-主 邮箱服务器 (497720537@qq.com) ...
[2026-05-13 14:56:18]  正在连接 QQ-备用 邮箱服务器 (shouqianbadavid@qq.com) ...
[2026-05-13 14:56:19]  QQ-备用 正在解析因子: =?utf-8?b?QWxwaGFQaWxvdCDlpIfku73kv6Hlj7cgKGFscGhhX3NpZ25hbF90aHJfMjAyNjA1MTNfMTQ1NS5qc29uKSBb5aSHUVEt6Ieq5L+dXQ==?=
[2026-05-13 14:56:19]  发现表格，共 22 行数据
[2026-05-13 14:56:19]  动态索引映射: ['股票代码', '股票名称', '信号', '当前价格', '量比', '来源过滤']
[2026-05-13 14:56:19]  [行1] 解析成功: SZSE.300037 [新宙邦] BUY @ 64.54 (VR:0.26)
[2026-05-13 14:56:19]  [行2] 解析成功: SZSE.300207 [欣旺达] BUY @ 26.48 (VR:0.33)
[2026-05-13 14:56:19]  [行3] 解析成功: SZSE.300285 [国瓷材料] BUY @ 42.58 (VR:0.42)
[2026-05-13 14:56:19]  [行4] 解析成功: SZSE.300393 [中来股份] SELL @ 12.46 (VR:1.27)
[2026-05-13 14:56:19]  [行5] 解析成功: SZSE.300228 [富瑞特装] BUY @ 10.16 (VR:0.06)
[2026-05-13 14:56:19]  [行6] 解析成功: SZSE.301419 [瑞可达] BUY @ 44.39 (VR:0.23)
[2026-05-13 14:56:19]  [行7] 解析成功: SZSE.301071 [力量钻石] BUY @ 59.89 (VR:0.84)
[2026-05-13 14:56:19]  [行8] 解析成功: SZSE.300643 [万通智控] BUY @ 18.96 (VR:1.97)
[2026-05-13 14:56:19]  [行9] 解析成功: SZSE.300449 [汉邦高科] BUY @ 11.93 (VR:4.3)
[2026-05-13 14:56:19]  [行10] 解析成功: SZSE.300390 [天华超净] BUY @ 99.59 (VR:0.87)
[2026-05-13 14:56:19]  [行11] 解析成功: SZSE.300054 [鼎龙股份] SELL @ 73.39 (VR:0.2)
[2026-05-13 14:56:19]  [行12] 解析成功: SZSE.300037 [新宙邦] BUY @ 64.62 (VR:0.09)
[2026-05-13 14:56:19]  [行13] 解析成功: SZSE.300207 [欣旺达] BUY @ 26.5 (VR:0.34)
[2026-05-13 14:56:19]  [行14] 解析成功: SZSE.300285 [国瓷材料] BUY @ 42.61 (VR:0.12)
[2026-05-13 14:56:19]  [行15] 解析成功: SZSE.300393 [中来股份] SELL @ 12.44 (VR:0.62)
[2026-05-13 14:56:19]  [行16] 解析成功: SZSE.300228 [富瑞特装] BUY @ 10.19 (VR:1.11)
[2026-05-13 14:56:19]  [行17] 解析成功: SZSE.301419 [瑞可达] BUY @ 44.4 (VR:0.6)
[2026-05-13 14:56:19]  [行18] 解析成功: SZSE.301071 [力量钻石] BUY @ 59.95 (VR:0.08)
[2026-05-13 14:56:19]  [行19] 解析成功: SZSE.300643 [万通智控] BUY @ 18.98 (VR:0.05)
[2026-05-13 14:56:19]  [行20] 解析成功: SZSE.300449 [汉邦高科] BUY @ 11.96 (VR:2.19)
[2026-05-13 14:56:19]  [行21] 解析成功: SZSE.300390 [天华超净] BUY @ 99.61 (VR:0.54)
[2026-05-13 14:56:19]  [行22] 解析成功: SZSE.300054 [鼎龙股份] SELL @ 73.26 (VR:0.17)
[2026-05-13 14:56:19] 成功保存 22 条因子至: signal_batch_20260513_145619_338630.txt
[2026-05-13 14:56:19]  QQ-备用 邮件 858 处理完成
[2026-05-13 14:56:19]  QQ-备用 本轮共成功处理 1 封有效信号邮件
[2026-05-13 14:56:54]  正在连接 QQ-主 邮箱服务器 (497720537@qq.com) ...
[2026-05-13 14:56:55]  正在连接 QQ-备用 邮箱服务器 (shouqianbadavid@qq.com) ...
[2026-05-13 14:57:31]  正在连接 QQ-主 邮箱服务器 (497720537@qq.com) ...
[2026-05-13 14:57:31]  正在连接 QQ-备用 邮箱服务器 (shouqianbadavid@qq.com) ...
[2026-05-13 14:58:07]  正在连接 QQ-主 邮箱服务器 (497720537@qq.com) ...
[2026-05-13 14:58:08]  正在连接 QQ-备用 邮箱服务器 (shouqianbadavid@qq.com) ...
[2026-05-13 14:58:43]  正在连接 QQ-主 邮箱服务器 (497720537@qq.com) ...
[2026-05-13 14:58:44]  正在连接 QQ-备用 邮箱服务器 (shouqianbadavid@qq.com) ...
[2026-05-13 14:59:19]  正在连接 QQ-主 邮箱服务器 (497720537@qq.com) ...
[2026-05-13 14:59:20]  正在连接 QQ-备用 邮箱服务器 (shouqianbadavid@qq.com) ...
[2026-05-13 14:59:56]  正在连接 QQ-主 邮箱服务器 (497720537@qq.com) ...
[2026-05-13 14:59:56]  正在连接 QQ-备用 邮箱服务器 (shouqianbadavid@qq.com) ...
[2026-05-13 15:00:32]  正在连接 QQ-主 邮箱服务器 (497720537@qq.com) ...
[2026-05-13 15:00:33]  正在连接 QQ-备用 邮箱服务器 (shouqianbadavid@qq.com) ...
[2026-05-13 15:01:08]  正在连接 QQ-主 邮箱服务器 (497720537@qq.com) ...
[2026-05-13 15:01:09]  正在连接 QQ-备用 邮箱服务器 (shouqianbadavid@qq.com) ...
[2026-05-13 15:01:45]  正在连接 QQ-主 邮箱服务器 (497720537@qq.com) ...
[2026-05-13 15:01:46]  QQ-主 正在解析因子: =?utf-8?b?QWxwaGFQaWxvdCDlrp7ml7bkv6Hlj7cgKGFscGhhX3NpZ25hbF90aHJfMjAyNjA1MTNfMTUwMS5qc29uKSBb5Li7UVEt5a+55aSWXQ==?=
[2026-05-13 15:01:46]  发现表格，共 12 行数据
[2026-05-13 15:01:46]  动态索引映射: ['股票代码', '股票名称', '信号', '当前价格', '量比', '来源过滤']
[2026-05-13 15:01:46]  [行1] 解析成功: SZSE.301158 [万集科技] BUY @ 26.96 (VR:0.52)
[2026-05-13 15:01:46]  [行2] 解析成功: SZSE.300641 [正丹股份] BUY @ 16.96 (VR:0.13)
[2026-05-13 15:01:46]  [行3] 解析成功: SZSE.300461 [田中精机] BUY @ 51.85 (VR:1.79)
[2026-05-13 15:01:46]  [行4] 解析成功: SZSE.301389 [隆扬电子] SELL @ 80.81 (VR:0.89)
[2026-05-13 15:01:46]  [行5] 解析成功: SZSE.300468 [四方精创] BUY @ 28.91 (VR:0.76)
[2026-05-13 15:01:46]  [行6] 解析成功: SZSE.002980 [华盛昌] SELL @ 86.49 (VR:1.1)
[2026-05-13 15:01:46]  [行7] 解析成功: SZSE.301158 [万集科技] BUY @ 26.97 (VR:0.66)
[2026-05-13 15:01:46]  [行8] 解析成功: SZSE.300641 [正丹股份] BUY @ 16.97 (VR:0.59)
[2026-05-13 15:01:46]  [行9] 解析成功: SZSE.300461 [田中精机] BUY @ 51.92 (VR:2.41)
[2026-05-13 15:01:46]  [行10] 解析成功: SZSE.301389 [隆扬电子] SELL @ 80.68 (VR:1.19)
[2026-05-13 15:01:46]  [行11] 解析成功: SZSE.300468 [四方精创] BUY @ 28.92 (VR:0.93)
[2026-05-13 15:01:46]  [行12] 解析成功: SZSE.002980 [华盛昌] SELL @ 86.06 (VR:nan)
[2026-05-13 15:01:46] 成功保存 12 条因子至: signal_batch_20260513_150146_212913.txt
[2026-05-13 15:01:46]  QQ-主 邮件 3549 处理完成
[2026-05-13 15:01:46]  QQ-主 本轮共成功处理 1 封有效信号邮件
[2026-05-13 15:01:46]  正在连接 QQ-备用 邮箱服务器 (shouqianbadavid@qq.com) ...
[2026-05-13 15:02:22]  正在连接 QQ-主 邮箱服务器 (497720537@qq.com) ...
[2026-05-13 15:02:22]  正在连接 QQ-备用 邮箱服务器 (shouqianbadavid@qq.com) ...
[2026-05-13 15:02:23]  QQ-备用 正在解析因子: =?utf-8?b?QWxwaGFQaWxvdCDlpIfku73kv6Hlj7cgKGFscGhhX3NpZ25hbF90aHJfMjAyNjA1MTNfMTUwMS5qc29uKSBb5aSHUVEt6Ieq5L+dXQ==?=
[2026-05-13 15:02:23]  发现表格，共 12 行数据
[2026-05-13 15:02:23]  动态索引映射: ['股票代码', '股票名称', '信号', '当前价格', '量比', '来源过滤']
[2026-05-13 15:02:23]  [行1] 解析成功: SZSE.301158 [万集科技] BUY @ 26.96 (VR:0.52)
[2026-05-13 15:02:23]  [行2] 解析成功: SZSE.300641 [正丹股份] BUY @ 16.96 (VR:0.13)
[2026-05-13 15:02:23]  [行3] 解析成功: SZSE.300461 [田中精机] BUY @ 51.85 (VR:1.79)
[2026-05-13 15:02:23]  [行4] 解析成功: SZSE.301389 [隆扬电子] SELL @ 80.81 (VR:0.89)
[2026-05-13 15:02:23]  [行5] 解析成功: SZSE.300468 [四方精创] BUY @ 28.91 (VR:0.76)
[2026-05-13 15:02:23]  [行6] 解析成功: SZSE.002980 [华盛昌] SELL @ 86.49 (VR:1.1)
[2026-05-13 15:02:23]  [行7] 解析成功: SZSE.301158 [万集科技] BUY @ 26.97 (VR:0.66)
[2026-05-13 15:02:23]  [行8] 解析成功: SZSE.300641 [正丹股份] BUY @ 16.97 (VR:0.59)
[2026-05-13 15:02:23]  [行9] 解析成功: SZSE.300461 [田中精机] BUY @ 51.92 (VR:2.41)
[2026-05-13 15:02:23]  [行10] 解析成功: SZSE.301389 [隆扬电子] SELL @ 80.68 (VR:1.19)
[2026-05-13 15:02:23]  [行11] 解析成功: SZSE.300468 [四方精创] BUY @ 28.92 (VR:0.93)
[2026-05-13 15:02:23]  [行12] 解析成功: SZSE.002980 [华盛昌] SELL @ 86.06 (VR:nan)
[2026-05-13 15:02:23] 成功保存 12 条因子至: signal_batch_20260513_150223_832682.txt
[2026-05-13 15:02:24]  QQ-备用 邮件 859 处理完成
[2026-05-13 15:02:24]  QQ-备用 本轮共成功处理 1 封有效信号邮件
[2026-05-13 15:02:59]  正在连接 QQ-主 邮箱服务器 (497720537@qq.com) ...
[2026-05-13 15:02:59]  正在连接 QQ-备用 邮箱服务器 (shouqianbadavid@qq.com) ...
[2026-05-13 15:03:35]  正在连接 QQ-主 邮箱服务器 (497720537@qq.com) ...
[2026-05-13 15:03:36]  正在连接 QQ-备用 邮箱服务器 (shouqianbadavid@qq.com) ...
[2026-05-13 15:04:12]  正在连接 QQ-主 邮箱服务器 (497720537@qq.com) ...
[2026-05-13 15:04:12]  正在连接 QQ-备用 邮箱服务器 (shouqianbadavid@qq.com) ...
[2026-05-13 15:04:48]  正在连接 QQ-主 邮箱服务器 (497720537@qq.com) ...
[2026-05-13 15:04:49]  正在连接 QQ-备用 邮箱服务器 (shouqianbadavid@qq.com) ...
[2026-05-13 15:05:25]  正在连接 QQ-主 邮箱服务器 (497720537@qq.com) ...
[2026-05-13 15:05:25]  正在连接 QQ-备用 邮箱服务器 (shouqianbadavid@qq.com) ...
[2026-05-13 15:06:01]  正在连接 QQ-主 邮箱服务器 (497720537@qq.com) ...
[2026-05-13 15:06:02]  正在连接 QQ-备用 邮箱服务器 (shouqianbadavid@qq.com) ...
[2026-05-13 15:06:38]  正在连接 QQ-主 邮箱服务器 (497720537@qq.com) ...
[2026-05-13 15:06:39]  正在连接 QQ-备用 邮箱服务器 (shouqianbadavid@qq.com) ...
[2026-05-13 15:07:14]  正在连接 QQ-主 邮箱服务器 (497720537@qq.com) ...
[2026-05-13 15:07:15]  正在连接 QQ-备用 邮箱服务器 (shouqianbadavid@qq.com) ...
[2026-05-13 15:07:51]  正在连接 QQ-主 邮箱服务器 (497720537@qq.com) ...
[2026-05-13 15:07:51]  正在连接 QQ-备用 邮箱服务器 (shouqianbadavid@qq.com) ...
[2026-05-13 15:08:27]  正在连接 QQ-主 邮箱服务器 (497720537@qq.com) ...
[2026-05-13 15:08:28]  正在连接 QQ-备用 邮箱服务器 (shouqianbadavid@qq.com) ...
[2026-05-13 15:09:04]  正在连接 QQ-主 邮箱服务器 (497720537@qq.com) ...
