[2026-07-31 09:31:41]  AlphaPilot 监听服务 (Pro 多邮箱版) 启动...
[2026-07-31 09:31:41]  信号保存目录: D:\mpython\signals
[2026-07-31 09:31:41]  日志文件: D:\mpython\logs_receiver\receiver_20260731.log
[2026-07-31 09:31:41]  正在连接 QQ-主 邮箱服务器 (497720537@qq.com) ...
[2026-07-31 09:31:42]  QQ-主 正在解析因子: =?UTF-8?B?5L2g5pyJIDY3IOadoeWFs+S6juaigeaMr+W8uuWSjOWFtuS7lg==?=
 =?UTF-8?B?55So5oi355qE6YCa55+l?=
[2026-07-31 09:31:42]  发现表格，共 53 行数据
[2026-07-31 09:31:42]  表头映射失败，未找到指定列名。当前表头: ['David Liang，请查看有关梁振强和黃枫銘的未读消息和其他通知。\u200c\u2003 \u200c\u2003 \u200c\u2003 \u200c\u2003 \u200c\u2003 \u200c\u2003 \u200c\u2003 \u200c\u2003 \u200c\u2003 \u200c\u2003 \u200c\u2003 \u200c\u2003 \u200c\u2003 \u200c\u2003 \u200c\u2003 \u200c\u2003 \u200c\u2003 \u200c\u2003 \u200c\u2003 \u200c\u2003 \u200c\u2003 \u200c\u2003 \u200c\u2003 \u200c\u2003 \u200c\u2003 \u200c\u2003 \u200c\u2003 \u200c\u2003 \u200c\u2003 \u200c\u2003 \u200c\u2003 \u200c\u2003 \u200c\u2003 \u200c\u2003 \u200c\u2003 \u200c\u2003 \u200c\u2003 \u200c\u2003 \u200c\u2003 \u200c\u2003 \u200c\u2003 \u200c\u2003 \u200c\u2003 \u200c\u2003 \u200c\u2003 \u200c\u2003 \u200c\u2003 \u200c\u2003 \u200c\u2003 \u200c\u2003 \u200c\u2003 \u200c\u2003 \u200c\u2003 \u200c\u2003 \u200c\u2003 \u200c\u2003 \u200c\u2003 \u200c\u2003 \u200c\u2003 \u200c\u2003 \u200c\u2003 \u200c\u2003 \u200c\u2003 \u200c\u2003 \u200c\u2003 \u200c\u2003 \u200c\u2003 \u200c\u2003 \u200c\u2003 \u200c\u2003 \u200c\u2003 \u200c\u2003 \u200c\u2003 \u200c\u2003 \u200c\u2003 \u200c\u2003 \u200c\u2003 \u200c\u2003 \u200c\u2003 \u200c\u2003 \u200c\u2003 \u200c\u2003 \u200c\u2003 \u200c\u2003 \u200c\u2003 \u200c\u2003 \u200c\u2003 \u200c\u2003 \u200c\u2003 \u200c\u2003 \u200c\u2003 \u200c\u2003 \u200c\u2003 \u200c\u2003 \u200c\u2003 \u200c\u2003 \u200c\u2003 \u200c\u2003 \u200c\u2003 \u200c\u2003 \u200c\u2003 \u200c\u2003 \u200c\u2003 \u200c\u2003 \u200c\u2003 \u200c\u2003 \u200c\u2003 \u200c\u2003 \u200c\u2003 \u200c\u2003 \u200c\u2003 \u200c\u2003 \u200c\u2003 \u200c\u2003 \u200c\u2003 \u200c\u2003 \u200c\u2003 \u200c\u2003 \u200c\u2003 \u200c\u2003 \u200c\u2003 \u200c\u2003 \u200c\u2003 \u200c\u2003 \u200c\u2003 \u200c\u2003 \u200c\u2003 \u200c\u2003 \u200c\u2003 \u200c\u2003 \u200c\u2003 \u200c\u2003 \u200c\u2003 \u200c\u2003 \u200c\u2003 \u200c\u2003 \u200c\u2003 \u200c\u2003 \u200c\u2003 \u200c\u2003 \u200c\u2003 \u200c\u2003 \u200c\u2003 \u200c\u2003 \u200c\u2003 \u200c\u2003 \u200c\u2003 \u200c\u2003 \u200c\u2003 \u200c\u2003 \u200c\u2003 \u200c\u2003 \u200c\u2003 \u200c\u2003 \u200c\u2003 \u200c\u2003 \u200c\u2003 \u200c\u2003 \u200c\u2003 \u200c\u2003 \u200c\u2003 \u200c\u2003 \u200c\u2003 \u200c\u2003 \u200c\u2003 \u200c\u2003 \u200c\u2003 \u200c\u2003 \u200c\u2003 \u200c\u2003 \u200c\u2003 \u200c\u2003 \u200c\u2003 \u200c\u2003 \u200c\u2003 \u200c\u2003 \u200c\u2003 \u200c\u2003 \u200c\u2003 \u200c\u2003 \u200c\u2003 \u200c\u2003 \u200c\u2003 \u200c\u2003 \u200c\u2003 \u200c\u2003 \u200c\u2003 \u200c\u2003 \u200c\u2003 \u200c\u2003 \u200c\u2003 \u200c\u2003 \u200c\u2003 \u200c\u2003 \u200c\u2003 \u200c\u2003 \u200c\u2003 \u200c\u2003 \u200c\u2003 \u200c\u2003 \u200c\u2003 \u200c\u2003 \u200c\u2003 \u200c\u2003 \u200c\u2003 \u200c\u2003 \u200c\u2003 \u200c\u2003 \u200c\u2003 \u200c\u2003 \u200c\u2003 \u200c\u2003 \u200c\u2003 \u200c\u2003 \u200c\u2003 \u200c\u2003 \u200c\u2003 \u200c\u2003 \u200c\u2003 \u200c\u2003 \u200c\u2003 \u200c\u2003 \u200c\u2003 \u200c\u2003 \u200c\u2003 \u200c\u2003 \u200c\u2003 \u200c\u2003 \u200c\u2003 \u200c\u2003 \u200c\u2003 \u200c\u2003 \u200c\u2003 \u200c\u2003 \u200c\u2003 \u200c\u2003 \u200c\u2003 \u200c\u2003 \u200c\u2003 \u200c\u2003 \u200c\u2003 \u200c\u2003 \u200c\u2003 \u200c\u2003 \u200c\u2003 \u200c\u2003 \u200c\u2003 \u200c\u2003 \u200c\u2003 \u200c\u2003 \u200c\u2003 \u200c\u2003 \u200c\u2003 \u200c\u2003 \u200c\u2003 \u200c\u2003 \u200c\u2003 \u200c\u2003 \u200c\u2003 \u200c\u2003 \u200c\u2003 \u200c\u2003 \u200c\u2003 \u200c\u2003 \u200c\u2003 \u200c\u2003 \u200c\u2003 \u200c\u2003 \u200c\u2003 \u200c\u2003 \u200c\u2003 \u200c\u2003 \u200c\u2003 \u200c\u2003 \u200c\u2003 \u200c\u2003 \u200c\u2003 \u200c\u2003 \u200c\u2003 \u200c\u2003 \u200c\u2003 \u200c\u2003 \u200c\u2003 \u200c\u2003 \u200c\u2003 \u200c\u2003 \u200c\u2003 \u200c\u2003 \u200c\u2003 \u200c\u2003 \u200c\u2003 \u200c\u2003 \u200c\u2003 \u200c\u2003 \u200c\u2003 \u200c\u2003 \u200c\u2003 \u200c\u2003 \u200c\u2003 \u200cDavid Liang你有 67 条未读通知待查看通知Pro Visa - 小老板给你发送了3条消息3个加好友请求David Liang和其他 2 位用户在20张照片中标记了你Ch Lee有1篇个人主页帖子14 天前40条新通知查看通知前往\xa0Facebook这封邮件：有用|没用此邮件发给497720537@qq.com。 如果不希望再收到 Meta 的这类邮件，请退订。Meta Platforms, Inc., Attention: Community Support, 1 Meta Way, Menlo Park, CA 94025为保护你的主页安全，请勿转发这封邮件。详细了解', 'David Liang，请查看有关梁振强和黃枫銘的未读消息和其他通知。\u200c\u2003 \u200c\u2003 \u200c\u2003 \u200c\u2003 \u200c\u2003 \u200c\u2003 \u200c\u2003 \u200c\u2003 \u200c\u2003 \u200c\u2003 \u200c\u2003 \u200c\u2003 \u200c\u2003 \u200c\u2003 \u200c\u2003 \u200c\u2003 \u200c\u2003 \u200c\u2003 \u200c\u2003 \u200c\u2003 \u200c\u2003 \u200c\u2003 \u200c\u2003 \u200c\u2003 \u200c\u2003 \u200c\u2003 \u200c\u2003 \u200c\u2003 \u200c\u2003 \u200c\u2003 \u200c\u2003 \u200c\u2003 \u200c\u2003 \u200c\u2003 \u200c\u2003 \u200c\u2003 \u200c\u2003 \u200c\u2003 \u200c\u2003 \u200c\u2003 \u200c\u2003 \u200c\u2003 \u200c\u2003 \u200c\u2003 \u200c\u2003 \u200c\u2003 \u200c\u2003 \u200c\u2003 \u200c\u2003 \u200c\u2003 \u200c\u2003 \u200c\u2003 \u200c\u2003 \u200c\u2003 \u200c\u2003 \u200c\u2003 \u200c\u2003 \u200c\u2003 \u200c\u2003 \u200c\u2003 \u200c\u2003 \u200c\u2003 \u200c\u2003 \u200c\u2003 \u200c\u2003 \u200c\u2003 \u200c\u2003 \u200c\u2003 \u200c\u2003 \u200c\u2003 \u200c\u2003 \u200c\u2003 \u200c\u2003 \u200c\u2003 \u200c\u2003 \u200c\u2003 \u200c\u2003 \u200c\u2003 \u200c\u2003 \u200c\u2003 \u200c\u2003 \u200c\u2003 \u200c\u2003 \u200c\u2003 \u200c\u2003 \u200c\u2003 \u200c\u2003 \u200c\u2003 \u200c\u2003 \u200c\u2003 \u200c\u2003 \u200c\u2003 \u200c\u2003 \u200c\u2003 \u200c\u2003 \u200c\u2003 \u200c\u2003 \u200c\u2003 \u200c\u2003 \u200c\u2003 \u200c\u2003 \u200c\u2003 \u200c\u2003 \u200c\u2003 \u200c\u2003 \u200c\u2003 \u200c\u2003 \u200c\u2003 \u200c\u2003 \u200c\u2003 \u200c\u2003 \u200c\u2003 \u200c\u2003 \u200c\u2003 \u200c\u2003 \u200c\u2003 \u200c\u2003 \u200c\u2003 \u200c\u2003 \u200c\u2003 \u200c\u2003 \u200c\u2003 \u200c\u2003 \u200c\u2003 \u200c\u2003 \u200c\u2003 \u200c\u2003 \u200c\u2003 \u200c\u2003 \u200c\u2003 \u200c\u2003 \u200c\u2003 \u200c\u2003 \u200c\u2003 \u200c\u2003 \u200c\u2003 \u200c\u2003 \u200c\u2003 \u200c\u2003 \u200c\u2003 \u200c\u2003 \u200c\u2003 \u200c\u2003 \u200c\u2003 \u200c\u2003 \u200c\u2003 \u200c\u2003 \u200c\u2003 \u200c\u2003 \u200c\u2003 \u200c\u2003 \u200c\u2003 \u200c\u2003 \u200c\u2003 \u200c\u2003 \u200c\u2003 \u200c\u2003 \u200c\u2003 \u200c\u2003 \u200c\u2003 \u200c\u2003 \u200c\u2003 \u200c\u2003 \u200c\u2003 \u200c\u2003 \u200c\u2003 \u200c\u2003 \u200c\u2003 \u200c\u2003 \u200c\u2003 \u200c\u2003 \u200c\u2003 \u200c\u2003 \u200c\u2003 \u200c\u2003 \u200c\u2003 \u200c\u2003 \u200c\u2003 \u200c\u2003 \u200c\u2003 \u200c\u2003 \u200c\u2003 \u200c\u2003 \u200c\u2003 \u200c\u2003 \u200c\u2003 \u200c\u2003 \u200c\u2003 \u200c\u2003 \u200c\u2003 \u200c\u2003 \u200c\u2003 \u200c\u2003 \u200c\u2003 \u200c\u2003 \u200c\u2003 \u200c\u2003 \u200c\u2003 \u200c\u2003 \u200c\u2003 \u200c\u2003 \u200c\u2003 \u200c\u2003 \u200c\u2003 \u200c\u2003 \u200c\u2003 \u200c\u2003 \u200c\u2003 \u200c\u2003 \u200c\u2003 \u200c\u2003 \u200c\u2003 \u200c\u2003 \u200c\u2003 \u200c\u2003 \u200c\u2003 \u200c\u2003 \u200c\u2003 \u200c\u2003 \u200c\u2003 \u200c\u2003 \u200c\u2003 \u200c\u2003 \u200c\u2003 \u200c\u2003 \u200c\u2003 \u200c\u2003 \u200c\u2003 \u200c\u2003 \u200c\u2003 \u200c\u2003 \u200c\u2003 \u200c\u2003 \u200c\u2003 \u200c\u2003 \u200c\u2003 \u200c\u2003 \u200c\u2003 \u200c\u2003 \u200c\u2003 \u200c\u2003 \u200c\u2003 \u200c\u2003 \u200c\u2003 \u200c\u2003 \u200c\u2003 \u200c\u2003 \u200c\u2003 \u200c\u2003 \u200c\u2003 \u200c\u2003 \u200c\u2003 \u200c\u2003 \u200c\u2003 \u200c\u2003 \u200c\u2003 \u200c\u2003 \u200c\u2003 \u200c\u2003 \u200c\u2003 \u200c\u2003 \u200c\u2003 \u200c\u2003 \u200c\u2003 \u200c\u2003 \u200c\u2003 \u200c\u2003 \u200c\u2003 \u200c\u2003 \u200c\u2003 \u200c\u2003 \u200c\u2003 \u200c\u2003 \u200c\u2003 \u200c\u2003 \u200c\u2003 \u200c\u2003 \u200c\u2003 \u200c\u2003 \u200c\u2003 \u200c\u2003 \u200c\u2003 \u200c\u2003 \u200c\u2003 \u200c\u2003 \u200c\u2003 \u200c\u2003 \u200c\u2003 \u200c\u2003 \u200c\u2003 \u200c\u2003 \u200c\u2003 \u200c\u2003 \u200c\u2003 \u200c\u2003 \u200c\u2003 \u200c\u2003 \u200c\u2003 \u200c\u2003 \u200cDavid Liang你有 67 条未读通知待查看通知Pro Visa - 小老板给你发送了3条消息3个加好友请求David Liang和其他 2 位用户在20张照片中标记了你Ch Lee有1篇个人主页帖子14 天前40条新通知查看通知前往\xa0Facebook这封邮件：有用|没用此邮件发给497720537@qq.com。 如果不希望再收到 Meta 的这类邮件，请退订。Meta Platforms, Inc., Attention: Community Support, 1 Meta Way, Menlo Park, CA 94025为保护你的主页安全，请勿转发这封邮件。详细了解', 'David Liang，请查看有关梁振强和黃枫銘的未读消息和其他通知。\u200c\u2003 \u200c\u2003 \u200c\u2003 \u200c\u2003 \u200c\u2003 \u200c\u2003 \u200c\u2003 \u200c\u2003 \u200c\u2003 \u200c\u2003 \u200c\u2003 \u200c\u2003 \u200c\u2003 \u200c\u2003 \u200c\u2003 \u200c\u2003 \u200c\u2003 \u200c\u2003 \u200c\u2003 \u200c\u2003 \u200c\u2003 \u200c\u2003 \u200c\u2003 \u200c\u2003 \u200c\u2003 \u200c\u2003 \u200c\u2003 \u200c\u2003 \u200c\u2003 \u200c\u2003 \u200c\u2003 \u200c\u2003 \u200c\u2003 \u200c\u2003 \u200c\u2003 \u200c\u2003 \u200c\u2003 \u200c\u2003 \u200c\u2003 \u200c\u2003 \u200c\u2003 \u200c\u2003 \u200c\u2003 \u200c\u2003 \u200c\u2003 \u200c\u2003 \u200c\u2003 \u200c\u2003 \u200c\u2003 \u200c\u2003 \u200c\u2003 \u200c\u2003 \u200c\u2003 \u200c\u2003 \u200c\u2003 \u200c\u2003 \u200c\u2003 \u200c\u2003 \u200c\u2003 \u200c\u2003 \u200c\u2003 \u200c\u2003 \u200c\u2003 \u200c\u2003 \u200c\u2003 \u200c\u2003 \u200c\u2003 \u200c\u2003 \u200c\u2003 \u200c\u2003 \u200c\u2003 \u200c\u2003 \u200c\u2003 \u200c\u2003 \u200c\u2003 \u200c\u2003 \u200c\u2003 \u200c\u2003 \u200c\u2003 \u200c\u2003 \u200c\u2003 \u200c\u2003 \u200c\u2003 \u200c\u2003 \u200c\u2003 \u200c\u2003 \u200c\u2003 \u200c\u2003 \u200c\u2003 \u200c\u2003 \u200c\u2003 \u200c\u2003 \u200c\u2003 \u200c\u2003 \u200c\u2003 \u200c\u2003 \u200c\u2003 \u200c\u2003 \u200c\u2003 \u200c\u2003 \u200c\u2003 \u200c\u2003 \u200c\u2003 \u200c\u2003 \u200c\u2003 \u200c\u2003 \u200c\u2003 \u200c\u2003 \u200c\u2003 \u200c\u2003 \u200c\u2003 \u200c\u2003 \u200c\u2003 \u200c\u2003 \u200c\u2003 \u200c\u2003 \u200c\u2003 \u200c\u2003 \u200c\u2003 \u200c\u2003 \u200c\u2003 \u200c\u2003 \u200c\u2003 \u200c\u2003 \u200c\u2003 \u200c\u2003 \u200c\u2003 \u200c\u2003 \u200c\u2003 \u200c\u2003 \u200c\u2003 \u200c\u2003 \u200c\u2003 \u200c\u2003 \u200c\u2003 \u200c\u2003 \u200c\u2003 \u200c\u2003 \u200c\u2003 \u200c\u2003 \u200c\u2003 \u200c\u2003 \u200c\u2003 \u200c\u2003 \u200c\u2003 \u200c\u2003 \u200c\u2003 \u200c\u2003 \u200c\u2003 \u200c\u2003 \u200c\u2003 \u200c\u2003 \u200c\u2003 \u200c\u2003 \u200c\u2003 \u200c\u2003 \u200c\u2003 \u200c\u2003 \u200c\u2003 \u200c\u2003 \u200c\u2003 \u200c\u2003 \u200c\u2003 \u200c\u2003 \u200c\u2003 \u200c\u2003 \u200c\u2003 \u200c\u2003 \u200c\u2003 \u200c\u2003 \u200c\u2003 \u200c\u2003 \u200c\u2003 \u200c\u2003 \u200c\u2003 \u200c\u2003 \u200c\u2003 \u200c\u2003 \u200c\u2003 \u200c\u2003 \u200c\u2003 \u200c\u2003 \u200c\u2003 \u200c\u2003 \u200c\u2003 \u200c\u2003 \u200c\u2003 \u200c\u2003 \u200c\u2003 \u200c\u2003 \u200c\u2003 \u200c\u2003 \u200c\u2003 \u200c\u2003 \u200c\u2003 \u200c\u2003 \u200c\u2003 \u200c\u2003 \u200c\u2003 \u200c\u2003 \u200c\u2003 \u200c\u2003 \u200c\u2003 \u200c\u2003 \u200c\u2003 \u200c\u2003 \u200c\u2003 \u200c\u2003 \u200c\u2003 \u200c\u2003 \u200c\u2003 \u200c\u2003 \u200c\u2003 \u200c\u2003 \u200c\u2003 \u200c\u2003 \u200c\u2003 \u200c\u2003 \u200c\u2003 \u200c\u2003 \u200c\u2003 \u200c\u2003 \u200c\u2003 \u200c\u2003 \u200c\u2003 \u200c\u2003 \u200c\u2003 \u200c\u2003 \u200c\u2003 \u200c\u2003 \u200c\u2003 \u200c\u2003 \u200c\u2003 \u200c\u2003 \u200c\u2003 \u200c\u2003 \u200c\u2003 \u200c\u2003 \u200c\u2003 \u200c\u2003 \u200c\u2003 \u200c\u2003 \u200c\u2003 \u200c\u2003 \u200c\u2003 \u200c\u2003 \u200c\u2003 \u200c\u2003 \u200c\u2003 \u200c\u2003 \u200c\u2003 \u200c\u2003 \u200c\u2003 \u200c\u2003 \u200c\u2003 \u200c\u2003 \u200c\u2003 \u200c\u2003 \u200c\u2003 \u200c\u2003 \u200c\u2003 \u200c\u2003 \u200c\u2003 \u200c\u2003 \u200c\u2003 \u200c\u2003 \u200c\u2003 \u200c\u2003 \u200c\u2003 \u200c\u2003 \u200c\u2003 \u200c\u2003 \u200c\u2003 \u200c\u2003 \u200c\u2003 \u200c\u2003 \u200c\u2003 \u200c\u2003 \u200c\u2003 \u200c\u2003 \u200c\u2003 \u200c\u2003 \u200c\u2003 \u200c\u2003 \u200c\u2003 \u200c\u2003 \u200c\u2003 \u200c\u2003 \u200c\u2003 \u200c\u2003 \u200c\u2003 \u200c\u2003 \u200c\u2003 \u200c\u2003 \u200c\u2003 \u200c\u2003 \u200c\u2003 \u200c\u2003 \u200c\u2003 \u200cDavid Liang你有 67 条未读通知待查看通知Pro Visa - 小老板给你发送了3条消息3个加好友请求David Liang和其他 2 位用户在20张照片中标记了你Ch Lee有1篇个人主页帖子14 天前40条新通知查看通知前往\xa0Facebook这封邮件：有用|没用此邮件发给497720537@qq.com。 如果不希望再收到 Meta 的这类邮件，请退订。Meta Platforms, Inc., Attention: Community Support, 1 Meta Way, Menlo Park, CA 94025为保护你的主页安全，请勿转发这封邮件。详细了解', '', 'David Liang，请查看有关梁振强和黃枫銘的未读消息和其他通知。\u200c\u2003 \u200c\u2003 \u200c\u2003 \u200c\u2003 \u200c\u2003 \u200c\u2003 \u200c\u2003 \u200c\u2003 \u200c\u2003 \u200c\u2003 \u200c\u2003 \u200c\u2003 \u200c\u2003 \u200c\u2003 \u200c\u2003 \u200c\u2003 \u200c\u2003 \u200c\u2003 \u200c\u2003 \u200c\u2003 \u200c\u2003 \u200c\u2003 \u200c\u2003 \u200c\u2003 \u200c\u2003 \u200c\u2003 \u200c\u2003 \u200c\u2003 \u200c\u2003 \u200c\u2003 \u200c\u2003 \u200c\u2003 \u200c\u2003 \u200c\u2003 \u200c\u2003 \u200c\u2003 \u200c\u2003 \u200c\u2003 \u200c\u2003 \u200c\u2003 \u200c\u2003 \u200c\u2003 \u200c\u2003 \u200c\u2003 \u200c\u2003 \u200c\u2003 \u200c\u2003 \u200c\u2003 \u200c\u2003 \u200c\u2003 \u200c\u2003 \u200c\u2003 \u200c\u2003 \u200c\u2003 \u200c\u2003 \u200c\u2003 \u200c\u2003 \u200c\u2003 \u200c\u2003 \u200c\u2003 \u200c\u2003 \u200c\u2003 \u200c\u2003 \u200c\u2003 \u200c\u2003 \u200c\u2003 \u200c\u2003 \u200c\u2003 \u200c\u2003 \u200c\u2003 \u200c\u2003 \u200c\u2003 \u200c\u2003 \u200c\u2003 \u200c\u2003 \u200c\u2003 \u200c\u2003 \u200c\u2003 \u200c\u2003 \u200c\u2003 \u200c\u2003 \u200c\u2003 \u200c\u2003 \u200c\u2003 \u200c\u2003 \u200c\u2003 \u200c\u2003 \u200c\u2003 \u200c\u2003 \u200c\u2003 \u200c\u2003 \u200c\u2003 \u200c\u2003 \u200c\u2003 \u200c\u2003 \u200c\u2003 \u200c\u2003 \u200c\u2003 \u200c\u2003 \u200c\u2003 \u200c\u2003 \u200c\u2003 \u200c\u2003 \u200c\u2003 \u200c\u2003 \u200c\u2003 \u200c\u2003 \u200c\u2003 \u200c\u2003 \u200c\u2003 \u200c\u2003 \u200c\u2003 \u200c\u2003 \u200c\u2003 \u200c\u2003 \u200c\u2003 \u200c\u2003 \u200c\u2003 \u200c\u2003 \u200c\u2003 \u200c\u2003 \u200c\u2003 \u200c\u2003 \u200c\u2003 \u200c\u2003 \u200c\u2003 \u200c\u2003 \u200c\u2003 \u200c\u2003 \u200c\u2003 \u200c\u2003 \u200c\u2003 \u200c\u2003 \u200c\u2003 \u200c\u2003 \u200c\u2003 \u200c\u2003 \u200c\u2003 \u200c\u2003 \u200c\u2003 \u200c\u2003 \u200c\u2003 \u200c\u2003 \u200c\u2003 \u200c\u2003 \u200c\u2003 \u200c\u2003 \u200c\u2003 \u200c\u2003 \u200c\u2003 \u200c\u2003 \u200c\u2003 \u200c\u2003 \u200c\u2003 \u200c\u2003 \u200c\u2003 \u200c\u2003 \u200c\u2003 \u200c\u2003 \u200c\u2003 \u200c\u2003 \u200c\u2003 \u200c\u2003 \u200c\u2003 \u200c\u2003 \u200c\u2003 \u200c\u2003 \u200c\u2003 \u200c\u2003 \u200c\u2003 \u200c\u2003 \u200c\u2003 \u200c\u2003 \u200c\u2003 \u200c\u2003 \u200c\u2003 \u200c\u2003 \u200c\u2003 \u200c\u2003 \u200c\u2003 \u200c\u2003 \u200c\u2003 \u200c\u2003 \u200c\u2003 \u200c\u2003 \u200c\u2003 \u200c\u2003 \u200c\u2003 \u200c\u2003 \u200c\u2003 \u200c\u2003 \u200c\u2003 \u200c\u2003 \u200c\u2003 \u200c\u2003 \u200c\u2003 \u200c\u2003 \u200c\u2003 \u200c\u2003 \u200c\u2003 \u200c\u2003 \u200c\u2003 \u200c\u2003 \u200c\u2003 \u200c\u2003 \u200c\u2003 \u200c\u2003 \u200c\u2003 \u200c\u2003 \u200c\u2003 \u200c\u2003 \u200c\u2003 \u200c\u2003 \u200c\u2003 \u200c\u2003 \u200c\u2003 \u200c\u2003 \u200c\u2003 \u200c\u2003 \u200c\u2003 \u200c\u2003 \u200c\u2003 \u200c\u2003 \u200c\u2003 \u200c\u2003 \u200c\u2003 \u200c\u2003 \u200c\u2003 \u200c\u2003 \u200c\u2003 \u200c\u2003 \u200c\u2003 \u200c\u2003 \u200c\u2003 \u200c\u2003 \u200c\u2003 \u200c\u2003 \u200c\u2003 \u200c\u2003 \u200c\u2003 \u200c\u2003 \u200c\u2003 \u200c\u2003 \u200c\u2003 \u200c\u2003 \u200c\u2003 \u200c\u2003 \u200c\u2003 \u200c\u2003 \u200c\u2003 \u200c\u2003 \u200c\u2003 \u200c\u2003 \u200c\u2003 \u200c\u2003 \u200c\u2003 \u200c\u2003 \u200c\u2003 \u200c\u2003 \u200c\u2003 \u200c\u2003 \u200c\u2003 \u200c\u2003 \u200c\u2003 \u200c\u2003 \u200c\u2003 \u200c\u2003 \u200c\u2003 \u200c\u2003 \u200c\u2003 \u200c\u2003 \u200c\u2003 \u200c\u2003 \u200c\u2003 \u200c\u2003 \u200c\u2003 \u200c\u2003 \u200c\u2003 \u200c\u2003 \u200c\u2003 \u200c\u2003 \u200c\u2003 \u200c\u2003 \u200c\u2003 \u200c\u2003 \u200c\u2003 \u200c\u2003 \u200c\u2003 \u200c\u2003 \u200c\u2003 \u200c\u2003 \u200c\u2003 \u200c\u2003 \u200c\u2003 \u200c\u2003 \u200c\u2003 \u200c\u2003 \u200c\u2003 \u200c\u2003 \u200c', '', 'David Liang', '', '', 'David Liang', 'David Liang', '', '', '', '', '', '你有 67 条未读通知待查看通知Pro Visa - 小老板给你发送了3条消息3个加好友请求David Liang和其他 2 位用户在20张照片中标记了你Ch Lee有1篇个人主页帖子14 天前40条新通知', '', '你有 67 条未读通知待查看', '', '通知Pro Visa - 小老板给你发送了3条消息3个加好友请求David Liang和其他 2 位用户在20张照片中标记了你Ch Lee有1篇个人主页帖子14 天前40条新通知', 'Pro Visa - 小老板给你发送了3条消息', '', '', 'Pro Visa - 小老板给你发送了3条消息', 'Pro Visa - 小老板给你发送了3条消息', '', '3个加好友请求', '', '', '3个加好友请求', '3个加好友请求', '', 'David Liang和其他 2 位用户在20张照片中标记了你', '', '', 'David Liang和其他 2 位用户在20张照片中标记了你', 'David Liang和其他 2 位用户在20张照片中标记了你', '', '', '', 'Ch Lee有1篇个人主页帖子14 天前', '', '', 'Ch Lee有1篇个人主页帖子14 天前', 'Ch Lee有1篇个人主页帖子', '', '14 天前', '', '', '40条新通知', '', '', '40条新通知', '40条新通知', '', '', '', '', '查看通知前往\xa0Facebook', '', '查看通知', '查看通知', '', '前往\xa0Facebook', '前往\xa0Facebook', '', '', '', '', '这封邮件：有用|没用', '这封邮件：有用|没用', '', '', '', '此邮件发给497720537@qq.com。 如果不希望再收到 Meta 的这类邮件，请退订。Meta Platforms, Inc., Attention: Community Support, 1 Meta Way, Menlo Park, CA 94025', '', '此邮件发给497720537@qq.com。 如果不希望再收到 Meta 的这类邮件，请退订。Meta Platforms, Inc., Attention: Community Support, 1 Meta Way, Menlo Park, CA 94025', '', '', '为保护你的主页安全，请勿转发这封邮件。详细了解', '为保护你的主页安全，请勿转发这封邮件。详细了解', '', '']
[2026-07-31 09:31:42] QQ-主 邮件 5567 无有效信号
[2026-07-31 09:31:42]  正在连接 QQ-备用 邮箱服务器 (shouqianbadavid@qq.com) ...
[2026-07-31 09:32:18]  正在连接 QQ-主 邮箱服务器 (497720537@qq.com) ...
[2026-07-31 09:32:19]  正在连接 QQ-备用 邮箱服务器 (shouqianbadavid@qq.com) ...
[2026-07-31 09:32:55]  正在连接 QQ-主 邮箱服务器 (497720537@qq.com) ...
[2026-07-31 09:32:55]  正在连接 QQ-备用 邮箱服务器 (shouqianbadavid@qq.com) ...
[2026-07-31 09:33:31]  正在连接 QQ-主 邮箱服务器 (497720537@qq.com) ...
[2026-07-31 09:33:32]  正在连接 QQ-备用 邮箱服务器 (shouqianbadavid@qq.com) ...
[2026-07-31 09:34:08]  正在连接 QQ-主 邮箱服务器 (497720537@qq.com) ...
[2026-07-31 09:34:08]  正在连接 QQ-备用 邮箱服务器 (shouqianbadavid@qq.com) ...
[2026-07-31 09:34:44]  正在连接 QQ-主 邮箱服务器 (497720537@qq.com) ...
[2026-07-31 09:34:44]  正在连接 QQ-备用 邮箱服务器 (shouqianbadavid@qq.com) ...
[2026-07-31 09:35:20]  正在连接 QQ-主 邮箱服务器 (497720537@qq.com) ...
[2026-07-31 09:35:21]  正在连接 QQ-备用 邮箱服务器 (shouqianbadavid@qq.com) ...
[2026-07-31 09:35:57]  正在连接 QQ-主 邮箱服务器 (497720537@qq.com) ...
[2026-07-31 09:35:57]  正在连接 QQ-备用 邮箱服务器 (shouqianbadavid@qq.com) ...
[2026-07-31 09:36:33]  正在连接 QQ-主 邮箱服务器 (497720537@qq.com) ...
[2026-07-31 09:36:34]  正在连接 QQ-备用 邮箱服务器 (shouqianbadavid@qq.com) ...
[2026-07-31 09:37:09]  正在连接 QQ-主 邮箱服务器 (497720537@qq.com) ...
[2026-07-31 09:37:10]  正在连接 QQ-备用 邮箱服务器 (shouqianbadavid@qq.com) ...
[2026-07-31 09:37:45]  正在连接 QQ-主 邮箱服务器 (497720537@qq.com) ...
[2026-07-31 09:37:46]  正在连接 QQ-备用 邮箱服务器 (shouqianbadavid@qq.com) ...
[2026-07-31 09:38:22]  正在连接 QQ-主 邮箱服务器 (497720537@qq.com) ...
[2026-07-31 09:38:24]  正在连接 QQ-备用 邮箱服务器 (shouqianbadavid@qq.com) ...
[2026-07-31 09:39:00]  正在连接 QQ-主 邮箱服务器 (497720537@qq.com) ...
[2026-07-31 09:39:03]  正在连接 QQ-备用 邮箱服务器 (shouqianbadavid@qq.com) ...
[2026-07-31 09:39:38]  正在连接 QQ-主 邮箱服务器 (497720537@qq.com) ...
[2026-07-31 09:39:39]  正在连接 QQ-备用 邮箱服务器 (shouqianbadavid@qq.com) ...
[2026-07-31 09:40:15]  正在连接 QQ-主 邮箱服务器 (497720537@qq.com) ...
[2026-07-31 09:40:15]  QQ-主 正在解析因子: =?utf-8?b?QWxwaGFQaWxvdCDlrp7ml7bkv6Hlj7cgKGFscGhhX3NpZ25hbF90aHJfMjAyNjA3MzFfMDkzOS5qc29uKSBb5Li7UVEt5a+55aSWXQ==?=
[2026-07-31 09:40:15]  发现表格，共 21 行数据
[2026-07-31 09:40:15]  动态索引映射: ['股票代码', '股票名称', '信号', '当前价格', '量比', '来源过滤']
[2026-07-31 09:40:15]  [行1] 解析成功: SHSE.603618 [杭电股份] BUY @ 23.07 (VR:1.43)
[2026-07-31 09:40:15]  [行2] 解析成功: SHSE.605111 [新洁能] SELL @ 50.58 (VR:2.89)
[2026-07-31 09:40:15]  [行3] 解析成功: SHSE.600460 [士兰微] SELL @ 29.41 (VR:0.87)
[2026-07-31 09:40:15]  [行4] 解析成功: SZSE.002552 [宝鼎科技] SELL @ 34.63 (VR:1.99)
[2026-07-31 09:40:15]  [行5] 解析成功: SZSE.003031 [中瓷电子] SELL @ 98.02 (VR:0.11)
[2026-07-31 09:40:15]  [行6] 解析成功: SZSE.002643 [万润股份] BUY @ 12.97 (VR:0.1)
[2026-07-31 09:40:15]  [行7] 解析成功: SZSE.002937 [兴瑞科技] BUY @ 25.13 (VR:1.59)
[2026-07-31 09:40:15]  [行8] 解析成功: SZSE.000920 [沃顿科技] SELL @ 11.01 (VR:0.2)
[2026-07-31 09:40:15]  [行9] 解析成功: SZSE.000823 [超声电子] SELL @ 12.9 (VR:1.97)
[2026-07-31 09:40:15]  [行10] 解析成功: SZSE.300607 [拓斯达] BUY @ 29.48 (VR:1.91)
[2026-07-31 09:40:15]  [行11] 解析成功: SZSE.301070 [开勒股份] SELL @ 54.82 (VR:1.75)
[2026-07-31 09:40:15]  [行12] 解析成功: SHSE.605111 [新洁能] SELL @ 50.38 (VR:0.4)
[2026-07-31 09:40:15]  [行13] 解析成功: SHSE.600460 [士兰微] SELL @ 29.2 (VR:0.49)
[2026-07-31 09:40:15]  [行14] 解析成功: SZSE.002552 [宝鼎科技] SELL @ 34.56 (VR:1.04)
[2026-07-31 09:40:15]  [行15] 解析成功: SZSE.003031 [中瓷电子] SELL @ 97.93 (VR:0.42)
[2026-07-31 09:40:15]  [行16] 解析成功: SZSE.002643 [万润股份] BUY @ 13.0 (VR:2.07)
[2026-07-31 09:40:15]  [行17] 解析成功: SZSE.002937 [兴瑞科技] BUY @ 25.35 (VR:1.69)
[2026-07-31 09:40:15]  [行18] 解析成功: SZSE.000920 [沃顿科技] SELL @ 10.97 (VR:0.13)
[2026-07-31 09:40:15]  [行19] 解析成功: SZSE.000823 [超声电子] SELL @ 12.78 (VR:0.56)
[2026-07-31 09:40:15]  [行20] 解析成功: SZSE.300607 [拓斯达] BUY @ 29.55 (VR:0.74)
[2026-07-31 09:40:15]  [行21] 解析成功: SZSE.301070 [开勒股份] SELL @ 54.1 (VR:0.94)
[2026-07-31 09:40:15] 成功保存 21 条因子至: signal_batch_20260731_094015_959250.txt
[2026-07-31 09:40:16]  QQ-主 邮件 5568 处理完成
[2026-07-31 09:40:16]  QQ-主 本轮共成功处理 1 封有效信号邮件
[2026-07-31 09:40:16]  正在连接 QQ-备用 邮箱服务器 (shouqianbadavid@qq.com) ...
[2026-07-31 09:40:51]  正在连接 QQ-主 邮箱服务器 (497720537@qq.com) ...
[2026-07-31 09:40:52]  正在连接 QQ-备用 邮箱服务器 (shouqianbadavid@qq.com) ...
[2026-07-31 09:41:27]  正在连接 QQ-主 邮箱服务器 (497720537@qq.com) ...
[2026-07-31 09:41:28]  正在连接 QQ-备用 邮箱服务器 (shouqianbadavid@qq.com) ...
[2026-07-31 09:41:29]  QQ-备用 正在解析因子: =?utf-8?b?QWxwaGFQaWxvdCDlpIfku73kv6Hlj7cgKGFscGhhX3NpZ25hbF90aHJfMjAyNjA3MzFfMDkzOS5qc29uKSBb5aSHUVEt6Ieq5L+dXQ==?=
[2026-07-31 09:41:29]  发现表格，共 21 行数据
[2026-07-31 09:41:29]  动态索引映射: ['股票代码', '股票名称', '信号', '当前价格', '量比', '来源过滤']
[2026-07-31 09:41:29]  [行1] 解析成功: SHSE.603618 [杭电股份] BUY @ 23.07 (VR:1.43)
[2026-07-31 09:41:29]  [行2] 解析成功: SHSE.605111 [新洁能] SELL @ 50.58 (VR:2.89)
[2026-07-31 09:41:29]  [行3] 解析成功: SHSE.600460 [士兰微] SELL @ 29.41 (VR:0.87)
[2026-07-31 09:41:29]  [行4] 解析成功: SZSE.002552 [宝鼎科技] SELL @ 34.63 (VR:1.99)
[2026-07-31 09:41:29]  [行5] 解析成功: SZSE.003031 [中瓷电子] SELL @ 98.02 (VR:0.11)
[2026-07-31 09:41:29]  [行6] 解析成功: SZSE.002643 [万润股份] BUY @ 12.97 (VR:0.1)
[2026-07-31 09:41:29]  [行7] 解析成功: SZSE.002937 [兴瑞科技] BUY @ 25.13 (VR:1.59)
[2026-07-31 09:41:29]  [行8] 解析成功: SZSE.000920 [沃顿科技] SELL @ 11.01 (VR:0.2)
[2026-07-31 09:41:29]  [行9] 解析成功: SZSE.000823 [超声电子] SELL @ 12.9 (VR:1.97)
[2026-07-31 09:41:29]  [行10] 解析成功: SZSE.300607 [拓斯达] BUY @ 29.48 (VR:1.91)
[2026-07-31 09:41:29]  [行11] 解析成功: SZSE.301070 [开勒股份] SELL @ 54.82 (VR:1.75)
[2026-07-31 09:41:29]  [行12] 解析成功: SHSE.605111 [新洁能] SELL @ 50.38 (VR:0.4)
[2026-07-31 09:41:29]  [行13] 解析成功: SHSE.600460 [士兰微] SELL @ 29.2 (VR:0.49)
[2026-07-31 09:41:29]  [行14] 解析成功: SZSE.002552 [宝鼎科技] SELL @ 34.56 (VR:1.04)
[2026-07-31 09:41:29]  [行15] 解析成功: SZSE.003031 [中瓷电子] SELL @ 97.93 (VR:0.42)
[2026-07-31 09:41:29]  [行16] 解析成功: SZSE.002643 [万润股份] BUY @ 13.0 (VR:2.07)
[2026-07-31 09:41:29]  [行17] 解析成功: SZSE.002937 [兴瑞科技] BUY @ 25.35 (VR:1.69)
[2026-07-31 09:41:29]  [行18] 解析成功: SZSE.000920 [沃顿科技] SELL @ 10.97 (VR:0.13)
[2026-07-31 09:41:29]  [行19] 解析成功: SZSE.000823 [超声电子] SELL @ 12.78 (VR:0.56)
[2026-07-31 09:41:29]  [行20] 解析成功: SZSE.300607 [拓斯达] BUY @ 29.55 (VR:0.74)
[2026-07-31 09:41:29]  [行21] 解析成功: SZSE.301070 [开勒股份] SELL @ 54.1 (VR:0.94)
[2026-07-31 09:41:29] 成功保存 21 条因子至: signal_batch_20260731_094129_487028.txt
[2026-07-31 09:41:29]  QQ-备用 邮件 3245 处理完成
[2026-07-31 09:41:29]  QQ-备用 本轮共成功处理 1 封有效信号邮件
[2026-07-31 09:42:04]  正在连接 QQ-主 邮箱服务器 (497720537@qq.com) ...
[2026-07-31 09:42:05]  正在连接 QQ-备用 邮箱服务器 (shouqianbadavid@qq.com) ...
[2026-07-31 09:42:41]  正在连接 QQ-主 邮箱服务器 (497720537@qq.com) ...
[2026-07-31 09:42:41]  正在连接 QQ-备用 邮箱服务器 (shouqianbadavid@qq.com) ...
[2026-07-31 09:43:17]  正在连接 QQ-主 邮箱服务器 (497720537@qq.com) ...
[2026-07-31 09:43:17]  QQ-主 正在解析因子: =?utf-8?b?QWxwaGFQaWxvdCDlrp7ml7bkv6Hlj7cgKGFscGhhX3NpZ25hbF90aHJfMjAyNjA3MzFfMDk0My5qc29uKSBb5Li7UVEt5a+55aSWXQ==?=
[2026-07-31 09:43:17]  发现表格，共 17 行数据
[2026-07-31 09:43:17]  动态索引映射: ['股票代码', '股票名称', '信号', '当前价格', '量比', '来源过滤']
[2026-07-31 09:43:17]  [行1] 解析成功: SHSE.688019 [安集科技] BUY @ 248.88 (VR:0.03)
[2026-07-31 09:43:17]  [行2] 解析成功: SHSE.688261 [东微半导] BUY @ 67.7 (VR:0.02)
[2026-07-31 09:43:17]  [行3] 解析成功: SZSE.300136 [信维通信] BUY @ 60.12 (VR:0.52)
[2026-07-31 09:43:17]  [行4] 解析成功: SZSE.300821 [东岳硅材] BUY @ 15.03 (VR:0.85)
[2026-07-31 09:43:17]  [行5] 解析成功: SZSE.300236 [上海新阳] BUY @ 87.0 (VR:2.09)
[2026-07-31 09:43:17]  [行6] 解析成功: SZSE.300767 [震安科技] BUY @ 15.95 (VR:1.02)
[2026-07-31 09:43:17]  [行7] 解析成功: SZSE.002158 [汉钟精机] SELL @ 25.77 (VR:2.38)
[2026-07-31 09:43:17]  [行8] 解析成功: SZSE.002635 [安洁科技] BUY @ 13.42 (VR:0.03)
[2026-07-31 09:43:17]  [行9] 解析成功: SHSE.688019 [安集科技] BUY @ 250.0 (VR:1.12)
[2026-07-31 09:43:17]  [行10] 解析成功: SHSE.688261 [东微半导] BUY @ 67.94 (VR:0.83)
[2026-07-31 09:43:17]  [行11] 解析成功: SZSE.300136 [信维通信] BUY @ 60.36 (VR:1.17)
[2026-07-31 09:43:17]  [行12] 解析成功: SZSE.300821 [东岳硅材] BUY @ 15.06 (VR:0.79)
[2026-07-31 09:43:17]  [行13] 解析成功: SZSE.300236 [上海新阳] BUY @ 87.0 (VR:1.21)
[2026-07-31 09:43:17]  [行14] 解析成功: SZSE.300767 [震安科技] BUY @ 15.95 (VR:2.56)
[2026-07-31 09:43:17]  [行15] 解析成功: SZSE.300184 [力源信息] BUY @ 11.79 (VR:0.82)
[2026-07-31 09:43:17]  [行16] 解析成功: SZSE.002158 [汉钟精机] SELL @ 25.7 (VR:0.65)
[2026-07-31 09:43:17]  [行17] 解析成功: SZSE.002635 [安洁科技] BUY @ 13.42 (VR:1.75)
[2026-07-31 09:43:17] 成功保存 17 条因子至: signal_batch_20260731_094317_915151.txt
[2026-07-31 09:43:18]  QQ-主 邮件 5569 处理完成
[2026-07-31 09:43:18]  QQ-主 本轮共成功处理 1 封有效信号邮件
[2026-07-31 09:43:18]  正在连接 QQ-备用 邮箱服务器 (shouqianbadavid@qq.com) ...
[2026-07-31 09:43:53]  正在连接 QQ-主 邮箱服务器 (497720537@qq.com) ...
[2026-07-31 09:43:54]  正在连接 QQ-备用 邮箱服务器 (shouqianbadavid@qq.com) ...
[2026-07-31 09:43:55]  QQ-备用 正在解析因子: =?utf-8?b?QWxwaGFQaWxvdCDlpIfku73kv6Hlj7cgKGFscGhhX3NpZ25hbF90aHJfMjAyNjA3MzFfMDk0My5qc29uKSBb5aSHUVEt6Ieq5L+dXQ==?=
[2026-07-31 09:43:55]  发现表格，共 17 行数据
[2026-07-31 09:43:55]  动态索引映射: ['股票代码', '股票名称', '信号', '当前价格', '量比', '来源过滤']
[2026-07-31 09:43:55]  [行1] 解析成功: SHSE.688019 [安集科技] BUY @ 248.88 (VR:0.03)
[2026-07-31 09:43:55]  [行2] 解析成功: SHSE.688261 [东微半导] BUY @ 67.7 (VR:0.02)
[2026-07-31 09:43:55]  [行3] 解析成功: SZSE.300136 [信维通信] BUY @ 60.12 (VR:0.52)
[2026-07-31 09:43:55]  [行4] 解析成功: SZSE.300821 [东岳硅材] BUY @ 15.03 (VR:0.85)
[2026-07-31 09:43:55]  [行5] 解析成功: SZSE.300236 [上海新阳] BUY @ 87.0 (VR:2.09)
[2026-07-31 09:43:55]  [行6] 解析成功: SZSE.300767 [震安科技] BUY @ 15.95 (VR:1.02)
[2026-07-31 09:43:55]  [行7] 解析成功: SZSE.002158 [汉钟精机] SELL @ 25.77 (VR:2.38)
[2026-07-31 09:43:55]  [行8] 解析成功: SZSE.002635 [安洁科技] BUY @ 13.42 (VR:0.03)
[2026-07-31 09:43:55]  [行9] 解析成功: SHSE.688019 [安集科技] BUY @ 250.0 (VR:1.12)
[2026-07-31 09:43:55]  [行10] 解析成功: SHSE.688261 [东微半导] BUY @ 67.94 (VR:0.83)
[2026-07-31 09:43:55]  [行11] 解析成功: SZSE.300136 [信维通信] BUY @ 60.36 (VR:1.17)
[2026-07-31 09:43:55]  [行12] 解析成功: SZSE.300821 [东岳硅材] BUY @ 15.06 (VR:0.79)
[2026-07-31 09:43:55]  [行13] 解析成功: SZSE.300236 [上海新阳] BUY @ 87.0 (VR:1.21)
[2026-07-31 09:43:55]  [行14] 解析成功: SZSE.300767 [震安科技] BUY @ 15.95 (VR:2.56)
[2026-07-31 09:43:55]  [行15] 解析成功: SZSE.300184 [力源信息] BUY @ 11.79 (VR:0.82)
[2026-07-31 09:43:55]  [行16] 解析成功: SZSE.002158 [汉钟精机] SELL @ 25.7 (VR:0.65)
[2026-07-31 09:43:55]  [行17] 解析成功: SZSE.002635 [安洁科技] BUY @ 13.42 (VR:1.75)
[2026-07-31 09:43:55] 成功保存 17 条因子至: signal_batch_20260731_094355_502721.txt
[2026-07-31 09:43:55]  QQ-备用 邮件 3246 处理完成
[2026-07-31 09:43:55]  QQ-备用 本轮共成功处理 1 封有效信号邮件
[2026-07-31 09:44:30]  正在连接 QQ-主 邮箱服务器 (497720537@qq.com) ...
[2026-07-31 09:44:32]  正在连接 QQ-备用 邮箱服务器 (shouqianbadavid@qq.com) ...
[2026-07-31 09:45:07]  正在连接 QQ-主 邮箱服务器 (497720537@qq.com) ...
[2026-07-31 09:45:08]  正在连接 QQ-备用 邮箱服务器 (shouqianbadavid@qq.com) ...
[2026-07-31 09:45:44]  正在连接 QQ-主 邮箱服务器 (497720537@qq.com) ...
[2026-07-31 09:45:45]  正在连接 QQ-备用 邮箱服务器 (shouqianbadavid@qq.com) ...
[2026-07-31 09:46:20]  正在连接 QQ-主 邮箱服务器 (497720537@qq.com) ...
[2026-07-31 09:46:21]  QQ-主 正在解析因子: =?utf-8?b?QWxwaGFQaWxvdCDlrp7ml7bkv6Hlj7cgKGFscGhhX3NpZ25hbF90aHJfMjAyNjA3MzFfMDk0Ni5qc29uKSBb5Li7UVEt5a+55aSWXQ==?=
[2026-07-31 09:46:21]  发现表格，共 25 行数据
[2026-07-31 09:46:21]  动态索引映射: ['股票代码', '股票名称', '信号', '当前价格', '量比', '来源过滤']
[2026-07-31 09:46:21]  [行1] 解析成功: SHSE.688286 [敏芯股份] SELL @ 39.54 (VR:0.19)
[2026-07-31 09:46:21]  [行2] 解析成功: SHSE.688216 [气派科技] SELL @ 26.3 (VR:0.13)
[2026-07-31 09:46:21]  [行3] 解析成功: SHSE.688721 [龙图光罩] SELL @ 35.94 (VR:0.79)
[2026-07-31 09:46:21]  [行4] 解析成功: SHSE.688249 [晶合集成] SELL @ 38.6 (VR:0.11)
[2026-07-31 09:46:21]  [行5] 解析成功: SHSE.688138 [清溢光电] SELL @ 28.92 (VR:0.3)
[2026-07-31 09:46:21]  [行6] 解析成功: SZSE.300285 [国瓷材料] SELL @ 67.4 (VR:1.36)
[2026-07-31 09:46:21]  [行7] 解析成功: SZSE.301252 [同星科技] SELL @ 28.58 (VR:0.44)
[2026-07-31 09:46:21]  [行8] 解析成功: SZSE.301392 [汇成真空] SELL @ 132.91 (VR:1.49)
[2026-07-31 09:46:21]  [行9] 解析成功: SZSE.300214 [日科化学] SELL @ 12.08 (VR:0.47)
[2026-07-31 09:46:21]  [行10] 解析成功: SZSE.300088 [长信科技] BUY @ 6.78 (VR:1.46)
[2026-07-31 09:46:21]  [行11] 解析成功: SZSE.300420 [五洋自控] SELL @ 5.92 (VR:1.11)
[2026-07-31 09:46:21]  [行12] 解析成功: SZSE.300661 [圣邦股份] SELL @ 100.41 (VR:2.84)
[2026-07-31 09:46:21]  [行13] 解析成功: SZSE.300497 [富祥股份] BUY @ 16.93 (VR:1.02)
[2026-07-31 09:46:21]  [行14] 解析成功: SHSE.688286 [敏芯股份] SELL @ 39.34 (VR:5.4)
[2026-07-31 09:46:21]  [行15] 解析成功: SHSE.688216 [气派科技] SELL @ 26.18 (VR:0.03)
[2026-07-31 09:46:21]  [行16] 解析成功: SHSE.688721 [龙图光罩] SELL @ 35.79 (VR:0.09)
[2026-07-31 09:46:21]  [行17] 解析成功: SHSE.688249 [晶合集成] SELL @ 38.59 (VR:0.24)
[2026-07-31 09:46:21]  [行18] 解析成功: SHSE.688138 [清溢光电] SELL @ 28.7 (VR:0.02)
[2026-07-31 09:46:21]  [行19] 解析成功: SZSE.301252 [同星科技] SELL @ 28.55 (VR:0.95)
[2026-07-31 09:46:21]  [行20] 解析成功: SZSE.301392 [汇成真空] SELL @ 132.78 (VR:0.26)
[2026-07-31 09:46:21]  [行21] 解析成功: SZSE.300214 [日科化学] SELL @ 12.0 (VR:0.86)
[2026-07-31 09:46:21]  [行22] 解析成功: SZSE.300088 [长信科技] BUY @ 6.8 (VR:0.99)
[2026-07-31 09:46:21]  [行23] 解析成功: SZSE.300420 [五洋自控] SELL @ 5.9 (VR:0.88)
[2026-07-31 09:46:21]  [行24] 解析成功: SZSE.300661 [圣邦股份] SELL @ 100.17 (VR:1.32)
[2026-07-31 09:46:21]  [行25] 解析成功: SZSE.300497 [富祥股份] BUY @ 17.01 (VR:1.21)
[2026-07-31 09:46:21] 成功保存 25 条因子至: signal_batch_20260731_094621_210698.txt
[2026-07-31 09:46:21]  QQ-主 邮件 5570 处理完成
[2026-07-31 09:46:21]  QQ-主 本轮共成功处理 1 封有效信号邮件
[2026-07-31 09:46:21]  正在连接 QQ-备用 邮箱服务器 (shouqianbadavid@qq.com) ...
[2026-07-31 09:46:22]  QQ-备用 正在解析因子: =?utf-8?b?QWxwaGFQaWxvdCDlpIfku73kv6Hlj7cgKGFscGhhX3NpZ25hbF90aHJfMjAyNjA3MzFfMDk0Ni5qc29uKSBb5aSHUVEt6Ieq5L+dXQ==?=
[2026-07-31 09:46:22]  发现表格，共 25 行数据
[2026-07-31 09:46:22]  动态索引映射: ['股票代码', '股票名称', '信号', '当前价格', '量比', '来源过滤']
[2026-07-31 09:46:22]  [行1] 解析成功: SHSE.688286 [敏芯股份] SELL @ 39.54 (VR:0.19)
[2026-07-31 09:46:22]  [行2] 解析成功: SHSE.688216 [气派科技] SELL @ 26.3 (VR:0.13)
[2026-07-31 09:46:22]  [行3] 解析成功: SHSE.688721 [龙图光罩] SELL @ 35.94 (VR:0.79)
[2026-07-31 09:46:22]  [行4] 解析成功: SHSE.688249 [晶合集成] SELL @ 38.6 (VR:0.11)
[2026-07-31 09:46:22]  [行5] 解析成功: SHSE.688138 [清溢光电] SELL @ 28.92 (VR:0.3)
[2026-07-31 09:46:22]  [行6] 解析成功: SZSE.300285 [国瓷材料] SELL @ 67.4 (VR:1.36)
[2026-07-31 09:46:22]  [行7] 解析成功: SZSE.301252 [同星科技] SELL @ 28.58 (VR:0.44)
[2026-07-31 09:46:22]  [行8] 解析成功: SZSE.301392 [汇成真空] SELL @ 132.91 (VR:1.49)
[2026-07-31 09:46:22]  [行9] 解析成功: SZSE.300214 [日科化学] SELL @ 12.08 (VR:0.47)
[2026-07-31 09:46:22]  [行10] 解析成功: SZSE.300088 [长信科技] BUY @ 6.78 (VR:1.46)
[2026-07-31 09:46:22]  [行11] 解析成功: SZSE.300420 [五洋自控] SELL @ 5.92 (VR:1.11)
[2026-07-31 09:46:22]  [行12] 解析成功: SZSE.300661 [圣邦股份] SELL @ 100.41 (VR:2.84)
[2026-07-31 09:46:22]  [行13] 解析成功: SZSE.300497 [富祥股份] BUY @ 16.93 (VR:1.02)
[2026-07-31 09:46:22]  [行14] 解析成功: SHSE.688286 [敏芯股份] SELL @ 39.34 (VR:5.4)
[2026-07-31 09:46:22]  [行15] 解析成功: SHSE.688216 [气派科技] SELL @ 26.18 (VR:0.03)
[2026-07-31 09:46:22]  [行16] 解析成功: SHSE.688721 [龙图光罩] SELL @ 35.79 (VR:0.09)
[2026-07-31 09:46:22]  [行17] 解析成功: SHSE.688249 [晶合集成] SELL @ 38.59 (VR:0.24)
[2026-07-31 09:46:22]  [行18] 解析成功: SHSE.688138 [清溢光电] SELL @ 28.7 (VR:0.02)
[2026-07-31 09:46:22]  [行19] 解析成功: SZSE.301252 [同星科技] SELL @ 28.55 (VR:0.95)
[2026-07-31 09:46:22]  [行20] 解析成功: SZSE.301392 [汇成真空] SELL @ 132.78 (VR:0.26)
[2026-07-31 09:46:22]  [行21] 解析成功: SZSE.300214 [日科化学] SELL @ 12.0 (VR:0.86)
[2026-07-31 09:46:22]  [行22] 解析成功: SZSE.300088 [长信科技] BUY @ 6.8 (VR:0.99)
[2026-07-31 09:46:22]  [行23] 解析成功: SZSE.300420 [五洋自控] SELL @ 5.9 (VR:0.88)
[2026-07-31 09:46:22]  [行24] 解析成功: SZSE.300661 [圣邦股份] SELL @ 100.17 (VR:1.32)
[2026-07-31 09:46:22]  [行25] 解析成功: SZSE.300497 [富祥股份] BUY @ 17.01 (VR:1.21)
[2026-07-31 09:46:22] 成功保存 25 条因子至: signal_batch_20260731_094622_442391.txt
[2026-07-31 09:46:22]  QQ-备用 邮件 3247 处理完成
[2026-07-31 09:46:22]  QQ-备用 本轮共成功处理 1 封有效信号邮件
[2026-07-31 09:46:57]  正在连接 QQ-主 邮箱服务器 (497720537@qq.com) ...
[2026-07-31 09:46:58]  正在连接 QQ-备用 邮箱服务器 (shouqianbadavid@qq.com) ...
[2026-07-31 09:47:34]  正在连接 QQ-主 邮箱服务器 (497720537@qq.com) ...
[2026-07-31 09:47:35]  正在连接 QQ-备用 邮箱服务器 (shouqianbadavid@qq.com) ...
[2026-07-31 09:48:10]  正在连接 QQ-主 邮箱服务器 (497720537@qq.com) ...
[2026-07-31 09:48:11]  正在连接 QQ-备用 邮箱服务器 (shouqianbadavid@qq.com) ...
[2026-07-31 09:48:46]  正在连接 QQ-主 邮箱服务器 (497720537@qq.com) ...
[2026-07-31 09:48:47]  正在连接 QQ-备用 邮箱服务器 (shouqianbadavid@qq.com) ...
[2026-07-31 09:49:23]  正在连接 QQ-主 邮箱服务器 (497720537@qq.com) ...
[2026-07-31 09:49:23]  正在连接 QQ-备用 邮箱服务器 (shouqianbadavid@qq.com) ...
[2026-07-31 09:49:59]  正在连接 QQ-主 邮箱服务器 (497720537@qq.com) ...
[2026-07-31 09:49:59]  QQ-主 正在解析因子: =?utf-8?b?QWxwaGFQaWxvdCDlrp7ml7bkv6Hlj7cgKGFscGhhX3NpZ25hbF90aHJfMjAyNjA3MzFfMDk0OS5qc29uKSBb5Li7UVEt5a+55aSWXQ==?=
[2026-07-31 09:49:59]  发现表格，共 25 行数据
[2026-07-31 09:49:59]  动态索引映射: ['股票代码', '股票名称', '信号', '当前价格', '量比', '来源过滤']
[2026-07-31 09:49:59]  [行1] 解析成功: SHSE.688665 [四方光电] BUY @ 42.92 (VR:0.14)
[2026-07-31 09:49:59]  [行2] 解析成功: SHSE.688002 [睿创微纳] BUY @ 147.79 (VR:0.69)
[2026-07-31 09:49:59]  [行3] 解析成功: SHSE.688102 [斯瑞新材] BUY @ 28.2 (VR:0.53)
[2026-07-31 09:49:59]  [行4] 解析成功: SHSE.688521 [芯原股份] BUY @ 194.34 (VR:0.98)
[2026-07-31 09:49:59]  [行5] 解析成功: SHSE.688227 [品高股份] BUY @ 68.89 (VR:2.39)
[2026-07-31 09:49:59]  [行6] 解析成功: SZSE.300852 [四会富仕] BUY @ 37.83 (VR:2.9)
[2026-07-31 09:49:59]  [行7] 解析成功: SZSE.301045 [天禄科技] BUY @ 58.39 (VR:0.97)
[2026-07-31 09:49:59]  [行8] 解析成功: SZSE.300806 [斯迪克] BUY @ 44.67 (VR:2.14)
[2026-07-31 09:49:59]  [行9] 解析成功: SZSE.300679 [电连技术] BUY @ 37.63 (VR:1.37)
[2026-07-31 09:49:59]  [行10] 解析成功: SZSE.301013 [利和兴] BUY @ 42.38 (VR:0.33)
[2026-07-31 09:49:59]  [行11] 解析成功: SZSE.300790 [宇瞳光学] BUY @ 16.55 (VR:0.21)
[2026-07-31 09:49:59]  [行12] 解析成功: SZSE.002718 [友邦吊顶] BUY @ 80.15 (VR:1.68)
[2026-07-31 09:49:59]  [行13] 解析成功: SZSE.001339 [智微智能] BUY @ 69.03 (VR:0.47)
[2026-07-31 09:49:59]  [行14] 解析成功: SHSE.688665 [四方光电] BUY @ 43.0 (VR:1.42)
[2026-07-31 09:49:59]  [行15] 解析成功: SHSE.688002 [睿创微纳] BUY @ 147.79 (VR:0.73)
[2026-07-31 09:49:59]  [行16] 解析成功: SHSE.688102 [斯瑞新材] BUY @ 28.28 (VR:1.35)
[2026-07-31 09:49:59]  [行17] 解析成功: SHSE.688227 [品高股份] BUY @ 69.77 (VR:0.11)
[2026-07-31 09:49:59]  [行18] 解析成功: SZSE.300852 [四会富仕] BUY @ 38.03 (VR:0.21)
[2026-07-31 09:49:59]  [行19] 解析成功: SZSE.300689 [澄天伟业] SELL @ 45.24 (VR:0.79)
[2026-07-31 09:49:59]  [行20] 解析成功: SZSE.301045 [天禄科技] BUY @ 58.4 (VR:0.64)
[2026-07-31 09:49:59]  [行21] 解析成功: SZSE.300806 [斯迪克] BUY @ 44.97 (VR:1.91)
[2026-07-31 09:49:59]  [行22] 解析成功: SZSE.300679 [电连技术] BUY @ 37.7 (VR:0.69)
[2026-07-31 09:49:59]  [行23] 解析成功: SZSE.300790 [宇瞳光学] BUY @ 16.63 (VR:1.35)
[2026-07-31 09:49:59]  [行24] 解析成功: SZSE.002718 [友邦吊顶] BUY @ 80.65 (VR:15.28)
[2026-07-31 09:49:59]  [行25] 解析成功: SZSE.001339 [智微智能] BUY @ 69.7 (VR:2.95)
[2026-07-31 09:49:59] 成功保存 25 条因子至: signal_batch_20260731_094959_983177.txt
[2026-07-31 09:50:00]  QQ-主 邮件 5571 处理完成
[2026-07-31 09:50:00]  QQ-主 本轮共成功处理 1 封有效信号邮件
[2026-07-31 09:50:00]  正在连接 QQ-备用 邮箱服务器 (shouqianbadavid@qq.com) ...
[2026-07-31 09:50:35]  正在连接 QQ-主 邮箱服务器 (497720537@qq.com) ...
[2026-07-31 09:50:36]  正在连接 QQ-备用 邮箱服务器 (shouqianbadavid@qq.com) ...
[2026-07-31 09:51:11]  正在连接 QQ-主 邮箱服务器 (497720537@qq.com) ...
[2026-07-31 09:51:12]  正在连接 QQ-备用 邮箱服务器 (shouqianbadavid@qq.com) ...
[2026-07-31 09:51:13]  QQ-备用 正在解析因子: =?utf-8?b?QWxwaGFQaWxvdCDlpIfku73kv6Hlj7cgKGFscGhhX3NpZ25hbF90aHJfMjAyNjA3MzFfMDk0OS5qc29uKSBb5aSHUVEt6Ieq5L+dXQ==?=
[2026-07-31 09:51:13]  发现表格，共 25 行数据
[2026-07-31 09:51:13]  动态索引映射: ['股票代码', '股票名称', '信号', '当前价格', '量比', '来源过滤']
[2026-07-31 09:51:13]  [行1] 解析成功: SHSE.688665 [四方光电] BUY @ 42.92 (VR:0.14)
[2026-07-31 09:51:13]  [行2] 解析成功: SHSE.688002 [睿创微纳] BUY @ 147.79 (VR:0.69)
[2026-07-31 09:51:13]  [行3] 解析成功: SHSE.688102 [斯瑞新材] BUY @ 28.2 (VR:0.53)
[2026-07-31 09:51:13]  [行4] 解析成功: SHSE.688521 [芯原股份] BUY @ 194.34 (VR:0.98)
[2026-07-31 09:51:13]  [行5] 解析成功: SHSE.688227 [品高股份] BUY @ 68.89 (VR:2.39)
[2026-07-31 09:51:13]  [行6] 解析成功: SZSE.300852 [四会富仕] BUY @ 37.83 (VR:2.9)
[2026-07-31 09:51:13]  [行7] 解析成功: SZSE.301045 [天禄科技] BUY @ 58.39 (VR:0.97)
[2026-07-31 09:51:13]  [行8] 解析成功: SZSE.300806 [斯迪克] BUY @ 44.67 (VR:2.14)
[2026-07-31 09:51:13]  [行9] 解析成功: SZSE.300679 [电连技术] BUY @ 37.63 (VR:1.37)
[2026-07-31 09:51:13]  [行10] 解析成功: SZSE.301013 [利和兴] BUY @ 42.38 (VR:0.33)
[2026-07-31 09:51:13]  [行11] 解析成功: SZSE.300790 [宇瞳光学] BUY @ 16.55 (VR:0.21)
[2026-07-31 09:51:13]  [行12] 解析成功: SZSE.002718 [友邦吊顶] BUY @ 80.15 (VR:1.68)
[2026-07-31 09:51:13]  [行13] 解析成功: SZSE.001339 [智微智能] BUY @ 69.03 (VR:0.47)
[2026-07-31 09:51:13]  [行14] 解析成功: SHSE.688665 [四方光电] BUY @ 43.0 (VR:1.42)
[2026-07-31 09:51:13]  [行15] 解析成功: SHSE.688002 [睿创微纳] BUY @ 147.79 (VR:0.73)
[2026-07-31 09:51:13]  [行16] 解析成功: SHSE.688102 [斯瑞新材] BUY @ 28.28 (VR:1.35)
[2026-07-31 09:51:13]  [行17] 解析成功: SHSE.688227 [品高股份] BUY @ 69.77 (VR:0.11)
[2026-07-31 09:51:13]  [行18] 解析成功: SZSE.300852 [四会富仕] BUY @ 38.03 (VR:0.21)
[2026-07-31 09:51:13]  [行19] 解析成功: SZSE.300689 [澄天伟业] SELL @ 45.24 (VR:0.79)
[2026-07-31 09:51:13]  [行20] 解析成功: SZSE.301045 [天禄科技] BUY @ 58.4 (VR:0.64)
[2026-07-31 09:51:13]  [行21] 解析成功: SZSE.300806 [斯迪克] BUY @ 44.97 (VR:1.91)
[2026-07-31 09:51:13]  [行22] 解析成功: SZSE.300679 [电连技术] BUY @ 37.7 (VR:0.69)
[2026-07-31 09:51:13]  [行23] 解析成功: SZSE.300790 [宇瞳光学] BUY @ 16.63 (VR:1.35)
[2026-07-31 09:51:13]  [行24] 解析成功: SZSE.002718 [友邦吊顶] BUY @ 80.65 (VR:15.28)
[2026-07-31 09:51:13]  [行25] 解析成功: SZSE.001339 [智微智能] BUY @ 69.7 (VR:2.95)
[2026-07-31 09:51:13] 成功保存 25 条因子至: signal_batch_20260731_095113_269627.txt
[2026-07-31 09:51:13]  QQ-备用 邮件 3248 处理完成
[2026-07-31 09:51:13]  QQ-备用 本轮共成功处理 1 封有效信号邮件
[2026-07-31 09:51:48]  正在连接 QQ-主 邮箱服务器 (497720537@qq.com) ...
[2026-07-31 09:51:49]  正在连接 QQ-备用 邮箱服务器 (shouqianbadavid@qq.com) ...
[2026-07-31 09:52:24]  正在连接 QQ-主 邮箱服务器 (497720537@qq.com) ...
[2026-07-31 09:52:25]  正在连接 QQ-备用 邮箱服务器 (shouqianbadavid@qq.com) ...
[2026-07-31 09:53:01]  正在连接 QQ-主 邮箱服务器 (497720537@qq.com) ...
[2026-07-31 09:53:01]  正在连接 QQ-备用 邮箱服务器 (shouqianbadavid@qq.com) ...
[2026-07-31 09:53:37]  正在连接 QQ-主 邮箱服务器 (497720537@qq.com) ...
[2026-07-31 09:53:37]  QQ-主 正在解析因子: =?utf-8?b?QWxwaGFQaWxvdCDlrp7ml7bkv6Hlj7cgKGFscGhhX3NpZ25hbF90aHJfMjAyNjA3MzFfMDk1My5qc29uKSBb5Li7UVEt5a+55aSWXQ==?=
[2026-07-31 09:53:37]  发现表格，共 18 行数据
[2026-07-31 09:53:37]  动态索引映射: ['股票代码', '股票名称', '信号', '当前价格', '量比', '来源过滤']
[2026-07-31 09:53:37]  [行1] 解析成功: SHSE.600353 [旭光电子] BUY @ 23.4 (VR:0.52)
[2026-07-31 09:53:37]  [行2] 解析成功: SHSE.601138 [工业富联] SELL @ 57.11 (VR:0.22)
[2026-07-31 09:53:37]  [行3] 解析成功: SZSE.300346 [南大光电] SELL @ 51.28 (VR:0.02)
[2026-07-31 09:53:37]  [行4] 解析成功: SZSE.301018 [申菱环境] BUY @ 74.75 (VR:0.11)
[2026-07-31 09:53:37]  [行5] 解析成功: SZSE.300739 [明阳电路] BUY @ 20.84 (VR:1.07)
[2026-07-31 09:53:37]  [行6] 解析成功: SZSE.300037 [新宙邦] BUY @ 65.04 (VR:0.66)
[2026-07-31 09:53:37]  [行7] 解析成功: SZSE.301419 [瑞可达] BUY @ 27.51 (VR:0.25)
[2026-07-31 09:53:37]  [行8] 解析成功: SZSE.300868 [杰美特] BUY @ 77.15 (VR:1.49)
[2026-07-31 09:53:37]  [行9] 解析成功: SHSE.600353 [旭光电子] BUY @ 23.47 (VR:1.69)
[2026-07-31 09:53:37]  [行10] 解析成功: SHSE.601138 [工业富联] SELL @ 57.0 (VR:0.95)
[2026-07-31 09:53:37]  [行11] 解析成功: SZSE.300811 [铂力特] BUY @ 63.33 (VR:0.76)
[2026-07-31 09:53:37]  [行12] 解析成功: SZSE.300346 [南大光电] SELL @ 51.27 (VR:0.6)
[2026-07-31 09:53:37]  [行13] 解析成功: SZSE.000510 [新金路] BUY @ 14.09 (VR:0.46)
[2026-07-31 09:53:37]  [行14] 解析成功: SZSE.301018 [申菱环境] BUY @ 75.09 (VR:0.18)
[2026-07-31 09:53:37]  [行15] 解析成功: SZSE.300739 [明阳电路] BUY @ 20.87 (VR:0.34)
[2026-07-31 09:53:37]  [行16] 解析成功: SZSE.300037 [新宙邦] BUY @ 65.25 (VR:0.44)
[2026-07-31 09:53:37]  [行17] 解析成功: SZSE.301419 [瑞可达] BUY @ 27.57 (VR:0.23)
[2026-07-31 09:53:37]  [行18] 解析成功: SZSE.300868 [杰美特] BUY @ 77.22 (VR:0.21)
[2026-07-31 09:53:37] 成功保存 18 条因子至: signal_batch_20260731_095337_849275.txt
[2026-07-31 09:53:38]  QQ-主 邮件 5572 处理完成
[2026-07-31 09:53:38]  QQ-主 本轮共成功处理 1 封有效信号邮件
[2026-07-31 09:53:38]  正在连接 QQ-备用 邮箱服务器 (shouqianbadavid@qq.com) ...
[2026-07-31 09:53:39]  QQ-备用 正在解析因子: =?utf-8?b?QWxwaGFQaWxvdCDlpIfku73kv6Hlj7cgKGFscGhhX3NpZ25hbF90aHJfMjAyNjA3MzFfMDk1My5qc29uKSBb5aSHUVEt6Ieq5L+dXQ==?=
[2026-07-31 09:53:39]  发现表格，共 18 行数据
[2026-07-31 09:53:39]  动态索引映射: ['股票代码', '股票名称', '信号', '当前价格', '量比', '来源过滤']
[2026-07-31 09:53:39]  [行1] 解析成功: SHSE.600353 [旭光电子] BUY @ 23.4 (VR:0.52)
[2026-07-31 09:53:39]  [行2] 解析成功: SHSE.601138 [工业富联] SELL @ 57.11 (VR:0.22)
[2026-07-31 09:53:39]  [行3] 解析成功: SZSE.300346 [南大光电] SELL @ 51.28 (VR:0.02)
[2026-07-31 09:53:39]  [行4] 解析成功: SZSE.301018 [申菱环境] BUY @ 74.75 (VR:0.11)
[2026-07-31 09:53:39]  [行5] 解析成功: SZSE.300739 [明阳电路] BUY @ 20.84 (VR:1.07)
[2026-07-31 09:53:39]  [行6] 解析成功: SZSE.300037 [新宙邦] BUY @ 65.04 (VR:0.66)
[2026-07-31 09:53:39]  [行7] 解析成功: SZSE.301419 [瑞可达] BUY @ 27.51 (VR:0.25)
[2026-07-31 09:53:39]  [行8] 解析成功: SZSE.300868 [杰美特] BUY @ 77.15 (VR:1.49)
[2026-07-31 09:53:39]  [行9] 解析成功: SHSE.600353 [旭光电子] BUY @ 23.47 (VR:1.69)
[2026-07-31 09:53:39]  [行10] 解析成功: SHSE.601138 [工业富联] SELL @ 57.0 (VR:0.95)
[2026-07-31 09:53:39]  [行11] 解析成功: SZSE.300811 [铂力特] BUY @ 63.33 (VR:0.76)
[2026-07-31 09:53:39]  [行12] 解析成功: SZSE.300346 [南大光电] SELL @ 51.27 (VR:0.6)
[2026-07-31 09:53:39]  [行13] 解析成功: SZSE.000510 [新金路] BUY @ 14.09 (VR:0.46)
[2026-07-31 09:53:39]  [行14] 解析成功: SZSE.301018 [申菱环境] BUY @ 75.09 (VR:0.18)
[2026-07-31 09:53:39]  [行15] 解析成功: SZSE.300739 [明阳电路] BUY @ 20.87 (VR:0.34)
[2026-07-31 09:53:39]  [行16] 解析成功: SZSE.300037 [新宙邦] BUY @ 65.25 (VR:0.44)
[2026-07-31 09:53:39]  [行17] 解析成功: SZSE.301419 [瑞可达] BUY @ 27.57 (VR:0.23)
[2026-07-31 09:53:39]  [行18] 解析成功: SZSE.300868 [杰美特] BUY @ 77.22 (VR:0.21)
[2026-07-31 09:53:39] 成功保存 18 条因子至: signal_batch_20260731_095339_079992.txt
[2026-07-31 09:53:39]  QQ-备用 邮件 3249 处理完成
[2026-07-31 09:53:39]  QQ-备用 本轮共成功处理 1 封有效信号邮件
[2026-07-31 09:54:14]  正在连接 QQ-主 邮箱服务器 (497720537@qq.com) ...
[2026-07-31 09:54:15]  正在连接 QQ-备用 邮箱服务器 (shouqianbadavid@qq.com) ...
[2026-07-31 09:54:51]  正在连接 QQ-主 邮箱服务器 (497720537@qq.com) ...
[2026-07-31 09:54:52]  正在连接 QQ-备用 邮箱服务器 (shouqianbadavid@qq.com) ...
[2026-07-31 09:55:27]  正在连接 QQ-主 邮箱服务器 (497720537@qq.com) ...
[2026-07-31 09:55:28]  正在连接 QQ-备用 邮箱服务器 (shouqianbadavid@qq.com) ...
[2026-07-31 09:56:04]  正在连接 QQ-主 邮箱服务器 (497720537@qq.com) ...
[2026-07-31 09:56:04]  正在连接 QQ-备用 邮箱服务器 (shouqianbadavid@qq.com) ...
[2026-07-31 09:56:40]  正在连接 QQ-主 邮箱服务器 (497720537@qq.com) ...
[2026-07-31 09:56:41]  QQ-主 正在解析因子: =?utf-8?b?QWxwaGFQaWxvdCDlrp7ml7bkv6Hlj7cgKGFscGhhX3NpZ25hbF90aHJfMjAyNjA3MzFfMDk1Ni5qc29uKSBb5Li7UVEt5a+55aSWXQ==?=
[2026-07-31 09:56:41]  发现表格，共 15 行数据
[2026-07-31 09:56:41]  动态索引映射: ['股票代码', '股票名称', '信号', '当前价格', '量比', '来源过滤']
[2026-07-31 09:56:41]  [行1] 解析成功: SHSE.603618 [杭电股份] BUY @ 23.72 (VR:0.01)
[2026-07-31 09:56:41]  [行2] 解析成功: SZSE.003031 [中瓷电子] BUY @ 100.19 (VR:0.28)
[2026-07-31 09:56:41]  [行3] 解析成功: SZSE.002937 [兴瑞科技] BUY @ 26.78 (VR:0.71)
[2026-07-31 09:56:41]  [行4] 解析成功: SZSE.000920 [沃顿科技] SELL @ 10.99 (VR:0.14)
[2026-07-31 09:56:41]  [行5] 解析成功: SZSE.000823 [超声电子] BUY @ 13.03 (VR:0.67)
[2026-07-31 09:56:41]  [行6] 解析成功: SZSE.300607 [拓斯达] BUY @ 29.75 (VR:0.56)
[2026-07-31 09:56:41]  [行7] 解析成功: SZSE.301070 [开勒股份] BUY @ 55.46 (VR:0.11)
[2026-07-31 09:56:41]  [行8] 解析成功: SHSE.603618 [杭电股份] BUY @ 23.72 (VR:0.33)
[2026-07-31 09:56:41]  [行9] 解析成功: SHSE.600259 [中稀有色] BUY @ 73.25 (VR:0.92)
[2026-07-31 09:56:41]  [行10] 解析成功: SZSE.003031 [中瓷电子] BUY @ 100.21 (VR:0.06)
[2026-07-31 09:56:41]  [行11] 解析成功: SZSE.002937 [兴瑞科技] BUY @ 27.04 (VR:0.66)
[2026-07-31 09:56:41]  [行12] 解析成功: SZSE.000920 [沃顿科技] SELL @ 10.98 (VR:0.1)
[2026-07-31 09:56:41]  [行13] 解析成功: SZSE.000823 [超声电子] BUY @ 13.06 (VR:0.29)
[2026-07-31 09:56:41]  [行14] 解析成功: SZSE.300607 [拓斯达] BUY @ 29.81 (VR:0.17)
[2026-07-31 09:56:41]  [行15] 解析成功: SZSE.301070 [开勒股份] BUY @ 55.62 (VR:0.74)
[2026-07-31 09:56:41] 成功保存 15 条因子至: signal_batch_20260731_095641_626852.txt
[2026-07-31 09:56:41]  QQ-主 邮件 5573 处理完成
[2026-07-31 09:56:41]  QQ-主 本轮共成功处理 1 封有效信号邮件
[2026-07-31 09:56:42]  正在连接 QQ-备用 邮箱服务器 (shouqianbadavid@qq.com) ...
[2026-07-31 09:57:17]  正在连接 QQ-主 邮箱服务器 (497720537@qq.com) ...
[2026-07-31 09:57:18]  正在连接 QQ-备用 邮箱服务器 (shouqianbadavid@qq.com) ...
[2026-07-31 09:57:53]  正在连接 QQ-主 邮箱服务器 (497720537@qq.com) ...
[2026-07-31 09:57:54]  正在连接 QQ-备用 邮箱服务器 (shouqianbadavid@qq.com) ...
[2026-07-31 09:58:30]  正在连接 QQ-主 邮箱服务器 (497720537@qq.com) ...
[2026-07-31 09:58:30]  正在连接 QQ-备用 邮箱服务器 (shouqianbadavid@qq.com) ...
[2026-07-31 09:58:31]  QQ-备用 正在解析因子: =?utf-8?b?QWxwaGFQaWxvdCDlpIfku73kv6Hlj7cgKGFscGhhX3NpZ25hbF90aHJfMjAyNjA3MzFfMDk1Ni5qc29uKSBb5aSHUVEt6Ieq5L+dXQ==?=
[2026-07-31 09:58:31]  发现表格，共 15 行数据
[2026-07-31 09:58:31]  动态索引映射: ['股票代码', '股票名称', '信号', '当前价格', '量比', '来源过滤']
[2026-07-31 09:58:31]  [行1] 解析成功: SHSE.603618 [杭电股份] BUY @ 23.72 (VR:0.01)
[2026-07-31 09:58:31]  [行2] 解析成功: SZSE.003031 [中瓷电子] BUY @ 100.19 (VR:0.28)
[2026-07-31 09:58:31]  [行3] 解析成功: SZSE.002937 [兴瑞科技] BUY @ 26.78 (VR:0.71)
[2026-07-31 09:58:31]  [行4] 解析成功: SZSE.000920 [沃顿科技] SELL @ 10.99 (VR:0.14)
[2026-07-31 09:58:31]  [行5] 解析成功: SZSE.000823 [超声电子] BUY @ 13.03 (VR:0.67)
[2026-07-31 09:58:31]  [行6] 解析成功: SZSE.300607 [拓斯达] BUY @ 29.75 (VR:0.56)
[2026-07-31 09:58:31]  [行7] 解析成功: SZSE.301070 [开勒股份] BUY @ 55.46 (VR:0.11)
[2026-07-31 09:58:31]  [行8] 解析成功: SHSE.603618 [杭电股份] BUY @ 23.72 (VR:0.33)
[2026-07-31 09:58:31]  [行9] 解析成功: SHSE.600259 [中稀有色] BUY @ 73.25 (VR:0.92)
[2026-07-31 09:58:31]  [行10] 解析成功: SZSE.003031 [中瓷电子] BUY @ 100.21 (VR:0.06)
[2026-07-31 09:58:31]  [行11] 解析成功: SZSE.002937 [兴瑞科技] BUY @ 27.04 (VR:0.66)
[2026-07-31 09:58:31]  [行12] 解析成功: SZSE.000920 [沃顿科技] SELL @ 10.98 (VR:0.1)
[2026-07-31 09:58:31]  [行13] 解析成功: SZSE.000823 [超声电子] BUY @ 13.06 (VR:0.29)
[2026-07-31 09:58:31]  [行14] 解析成功: SZSE.300607 [拓斯达] BUY @ 29.81 (VR:0.17)
[2026-07-31 09:58:31]  [行15] 解析成功: SZSE.301070 [开勒股份] BUY @ 55.62 (VR:0.74)
[2026-07-31 09:58:31] 成功保存 15 条因子至: signal_batch_20260731_095831_545870.txt
[2026-07-31 09:58:31]  QQ-备用 邮件 3250 处理完成
[2026-07-31 09:58:31]  QQ-备用 本轮共成功处理 1 封有效信号邮件
[2026-07-31 09:59:06]  正在连接 QQ-主 邮箱服务器 (497720537@qq.com) ...
[2026-07-31 09:59:08]  正在连接 QQ-备用 邮箱服务器 (shouqianbadavid@qq.com) ...
[2026-07-31 09:59:43]  正在连接 QQ-主 邮箱服务器 (497720537@qq.com) ...
[2026-07-31 09:59:44]  QQ-主 正在解析因子: =?utf-8?b?QWxwaGFQaWxvdCDlrp7ml7bkv6Hlj7cgKGFscGhhX3NpZ25hbF90aHJfMjAyNjA3MzFfMDk1OS5qc29uKSBb5Li7UVEt5a+55aSWXQ==?=
[2026-07-31 09:59:44]  发现表格，共 21 行数据
[2026-07-31 09:59:44]  动态索引映射: ['股票代码', '股票名称', '信号', '当前价格', '量比', '来源过滤']
[2026-07-31 09:59:44]  [行1] 解析成功: SHSE.688261 [东微半导] BUY @ 68.58 (VR:0.03)
[2026-07-31 09:59:44]  [行2] 解析成功: SHSE.688199 [久日新材] BUY @ 21.08 (VR:0.35)
[2026-07-31 09:59:44]  [行3] 解析成功: SZSE.300136 [信维通信] BUY @ 61.85 (VR:0.17)
[2026-07-31 09:59:44]  [行4] 解析成功: SZSE.300821 [东岳硅材] BUY @ 15.24 (VR:0.16)
[2026-07-31 09:59:44]  [行5] 解析成功: SZSE.300236 [上海新阳] BUY @ 89.25 (VR:0.28)
[2026-07-31 09:59:44]  [行6] 解析成功: SZSE.300057 [万顺新材] BUY @ 6.18 (VR:0.77)
[2026-07-31 09:59:44]  [行7] 解析成功: SZSE.300162 [雷曼光电] BUY @ 7.36 (VR:1.35)
[2026-07-31 09:59:44]  [行8] 解析成功: SZSE.301178 [天亿马] BUY @ 31.49 (VR:1.29)
[2026-07-31 09:59:44]  [行9] 解析成功: SZSE.300184 [力源信息] BUY @ 11.94 (VR:0.61)
[2026-07-31 09:59:44]  [行10] 解析成功: SZSE.002456 [欧菲光] BUY @ 7.22 (VR:1.63)
[2026-07-31 09:59:44]  [行11] 解析成功: SHSE.688019 [安集科技] BUY @ 253.98 (VR:1.24)
[2026-07-31 09:59:44]  [行12] 解析成功: SHSE.688261 [东微半导] BUY @ 68.86 (VR:0.72)
[2026-07-31 09:59:44]  [行13] 解析成功: SHSE.688199 [久日新材] BUY @ 21.17 (VR:2.51)
[2026-07-31 09:59:44]  [行14] 解析成功: SZSE.300136 [信维通信] BUY @ 61.86 (VR:0.92)
[2026-07-31 09:59:44]  [行15] 解析成功: SZSE.300236 [上海新阳] BUY @ 89.26 (VR:0.02)
[2026-07-31 09:59:44]  [行16] 解析成功: SZSE.300057 [万顺新材] BUY @ 6.19 (VR:0.01)
[2026-07-31 09:59:44]  [行17] 解析成功: SZSE.300162 [雷曼光电] BUY @ 7.36 (VR:0.4)
[2026-07-31 09:59:44]  [行18] 解析成功: SZSE.300767 [震安科技] BUY @ 16.09 (VR:1.12)
[2026-07-31 09:59:44]  [行19] 解析成功: SZSE.301178 [天亿马] BUY @ 31.54 (VR:0.38)
[2026-07-31 09:59:44]  [行20] 解析成功: SZSE.300184 [力源信息] BUY @ 11.96 (VR:0.56)
[2026-07-31 09:59:44]  [行21] 解析成功: SZSE.002456 [欧菲光] BUY @ 7.23 (VR:1.05)
[2026-07-31 09:59:44] 成功保存 21 条因子至: signal_batch_20260731_095944_282076.txt
[2026-07-31 09:59:44]  QQ-主 邮件 5574 处理完成
[2026-07-31 09:59:44]  QQ-主 本轮共成功处理 1 封有效信号邮件
[2026-07-31 09:59:44]  正在连接 QQ-备用 邮箱服务器 (shouqianbadavid@qq.com) ...
[2026-07-31 10:00:19]  正在连接 QQ-主 邮箱服务器 (497720537@qq.com) ...
[2026-07-31 10:00:20]  正在连接 QQ-备用 邮箱服务器 (shouqianbadavid@qq.com) ...
[2026-07-31 10:00:56]  正在连接 QQ-主 邮箱服务器 (497720537@qq.com) ...
[2026-07-31 10:00:57]  正在连接 QQ-备用 邮箱服务器 (shouqianbadavid@qq.com) ...
[2026-07-31 10:00:58]  QQ-备用 正在解析因子: =?utf-8?b?QWxwaGFQaWxvdCDlpIfku73kv6Hlj7cgKGFscGhhX3NpZ25hbF90aHJfMjAyNjA3MzFfMDk1OS5qc29uKSBb5aSHUVEt6Ieq5L+dXQ==?=
[2026-07-31 10:00:58]  发现表格，共 21 行数据
[2026-07-31 10:00:58]  动态索引映射: ['股票代码', '股票名称', '信号', '当前价格', '量比', '来源过滤']
[2026-07-31 10:00:58]  [行1] 解析成功: SHSE.688261 [东微半导] BUY @ 68.58 (VR:0.03)
[2026-07-31 10:00:58]  [行2] 解析成功: SHSE.688199 [久日新材] BUY @ 21.08 (VR:0.35)
[2026-07-31 10:00:58]  [行3] 解析成功: SZSE.300136 [信维通信] BUY @ 61.85 (VR:0.17)
[2026-07-31 10:00:58]  [行4] 解析成功: SZSE.300821 [东岳硅材] BUY @ 15.24 (VR:0.16)
[2026-07-31 10:00:58]  [行5] 解析成功: SZSE.300236 [上海新阳] BUY @ 89.25 (VR:0.28)
[2026-07-31 10:00:58]  [行6] 解析成功: SZSE.300057 [万顺新材] BUY @ 6.18 (VR:0.77)
[2026-07-31 10:00:58]  [行7] 解析成功: SZSE.300162 [雷曼光电] BUY @ 7.36 (VR:1.35)
[2026-07-31 10:00:58]  [行8] 解析成功: SZSE.301178 [天亿马] BUY @ 31.49 (VR:1.29)
[2026-07-31 10:00:58]  [行9] 解析成功: SZSE.300184 [力源信息] BUY @ 11.94 (VR:0.61)
[2026-07-31 10:00:58]  [行10] 解析成功: SZSE.002456 [欧菲光] BUY @ 7.22 (VR:1.63)
[2026-07-31 10:00:58]  [行11] 解析成功: SHSE.688019 [安集科技] BUY @ 253.98 (VR:1.24)
[2026-07-31 10:00:58]  [行12] 解析成功: SHSE.688261 [东微半导] BUY @ 68.86 (VR:0.72)
[2026-07-31 10:00:58]  [行13] 解析成功: SHSE.688199 [久日新材] BUY @ 21.17 (VR:2.51)
[2026-07-31 10:00:58]  [行14] 解析成功: SZSE.300136 [信维通信] BUY @ 61.86 (VR:0.92)
[2026-07-31 10:00:58]  [行15] 解析成功: SZSE.300236 [上海新阳] BUY @ 89.26 (VR:0.02)
[2026-07-31 10:00:58]  [行16] 解析成功: SZSE.300057 [万顺新材] BUY @ 6.19 (VR:0.01)
[2026-07-31 10:00:58]  [行17] 解析成功: SZSE.300162 [雷曼光电] BUY @ 7.36 (VR:0.4)
[2026-07-31 10:00:58]  [行18] 解析成功: SZSE.300767 [震安科技] BUY @ 16.09 (VR:1.12)
[2026-07-31 10:00:58]  [行19] 解析成功: SZSE.301178 [天亿马] BUY @ 31.54 (VR:0.38)
[2026-07-31 10:00:58]  [行20] 解析成功: SZSE.300184 [力源信息] BUY @ 11.96 (VR:0.56)
[2026-07-31 10:00:58]  [行21] 解析成功: SZSE.002456 [欧菲光] BUY @ 7.23 (VR:1.05)
[2026-07-31 10:00:58] 成功保存 21 条因子至: signal_batch_20260731_100058_073710.txt
[2026-07-31 10:00:58]  QQ-备用 邮件 3251 处理完成
[2026-07-31 10:00:58]  QQ-备用 本轮共成功处理 1 封有效信号邮件
[2026-07-31 10:01:33]  正在连接 QQ-主 邮箱服务器 (497720537@qq.com) ...
[2026-07-31 10:01:34]  正在连接 QQ-备用 邮箱服务器 (shouqianbadavid@qq.com) ...
[2026-07-31 10:02:10]  正在连接 QQ-主 邮箱服务器 (497720537@qq.com) ...
[2026-07-31 10:02:10]  正在连接 QQ-备用 邮箱服务器 (shouqianbadavid@qq.com) ...
[2026-07-31 10:02:47]  正在连接 QQ-主 邮箱服务器 (497720537@qq.com) ...
[2026-07-31 10:02:48]  正在连接 QQ-备用 邮箱服务器 (shouqianbadavid@qq.com) ...
[2026-07-31 10:03:24]  正在连接 QQ-主 邮箱服务器 (497720537@qq.com) ...
[2026-07-31 10:03:24]  QQ-主 正在解析因子: =?utf-8?b?QWxwaGFQaWxvdCDlrp7ml7bkv6Hlj7cgKGFscGhhX3NpZ25hbF90aHJfMjAyNjA3MzFfMTAwMi5qc29uKSBb5Li7UVEt5a+55aSWXQ==?=
[2026-07-31 10:03:24]  发现表格，共 15 行数据
[2026-07-31 10:03:24]  动态索引映射: ['股票代码', '股票名称', '信号', '当前价格', '量比', '来源过滤']
[2026-07-31 10:03:24]  [行1] 解析成功: SHSE.688249 [晶合集成] SELL @ 39.41 (VR:0.05)
[2026-07-31 10:03:24]  [行2] 解析成功: SHSE.688138 [清溢光电] BUY @ 29.52 (VR:0.26)
[2026-07-31 10:03:24]  [行3] 解析成功: SZSE.300285 [国瓷材料] SELL @ 67.79 (VR:0.64)
[2026-07-31 10:03:24]  [行4] 解析成功: SZSE.301392 [汇成真空] SELL @ 134.77 (VR:0.08)
[2026-07-31 10:03:24]  [行5] 解析成功: SZSE.300088 [长信科技] SELL @ 7.04 (VR:1.85)
[2026-07-31 10:03:24]  [行6] 解析成功: SZSE.300661 [圣邦股份] SELL @ 100.45 (VR:0.52)
[2026-07-31 10:03:24]  [行7] 解析成功: SZSE.300780 [德恩精工] SELL @ 18.18 (VR:1.46)
[2026-07-31 10:03:24]  [行8] 解析成功: SHSE.688286 [敏芯股份] BUY @ 40.61 (VR:4.26)
[2026-07-31 10:03:24]  [行9] 解析成功: SHSE.688249 [晶合集成] SELL @ 39.17 (VR:0.12)
[2026-07-31 10:03:24]  [行10] 解析成功: SHSE.688138 [清溢光电] BUY @ 29.52 (VR:0.02)
[2026-07-31 10:03:24]  [行11] 解析成功: SZSE.300285 [国瓷材料] SELL @ 67.56 (VR:0.15)
[2026-07-31 10:03:24]  [行12] 解析成功: SZSE.301392 [汇成真空] SELL @ 134.24 (VR:0.11)
[2026-07-31 10:03:24]  [行13] 解析成功: SZSE.300088 [长信科技] SELL @ 7.0 (VR:1.07)
[2026-07-31 10:03:24]  [行14] 解析成功: SZSE.300661 [圣邦股份] SELL @ 100.2 (VR:0.39)
[2026-07-31 10:03:24]  [行15] 解析成功: SZSE.300780 [德恩精工] SELL @ 18.11 (VR:0.72)
[2026-07-31 10:03:24] 成功保存 15 条因子至: signal_batch_20260731_100324_819719.txt
[2026-07-31 10:03:24]  QQ-主 邮件 5575 处理完成
[2026-07-31 10:03:24]  QQ-主 本轮共成功处理 1 封有效信号邮件
[2026-07-31 10:03:25]  正在连接 QQ-备用 邮箱服务器 (shouqianbadavid@qq.com) ...
[2026-07-31 10:03:25]  QQ-备用 正在解析因子: =?utf-8?b?QWxwaGFQaWxvdCDlpIfku73kv6Hlj7cgKGFscGhhX3NpZ25hbF90aHJfMjAyNjA3MzFfMTAwMi5qc29uKSBb5aSHUVEt6Ieq5L+dXQ==?=
[2026-07-31 10:03:25]  发现表格，共 15 行数据
[2026-07-31 10:03:25]  动态索引映射: ['股票代码', '股票名称', '信号', '当前价格', '量比', '来源过滤']
[2026-07-31 10:03:25]  [行1] 解析成功: SHSE.688249 [晶合集成] SELL @ 39.41 (VR:0.05)
[2026-07-31 10:03:25]  [行2] 解析成功: SHSE.688138 [清溢光电] BUY @ 29.52 (VR:0.26)
[2026-07-31 10:03:25]  [行3] 解析成功: SZSE.300285 [国瓷材料] SELL @ 67.79 (VR:0.64)
[2026-07-31 10:03:25]  [行4] 解析成功: SZSE.301392 [汇成真空] SELL @ 134.77 (VR:0.08)
[2026-07-31 10:03:25]  [行5] 解析成功: SZSE.300088 [长信科技] SELL @ 7.04 (VR:1.85)
[2026-07-31 10:03:25]  [行6] 解析成功: SZSE.300661 [圣邦股份] SELL @ 100.45 (VR:0.52)
[2026-07-31 10:03:25]  [行7] 解析成功: SZSE.300780 [德恩精工] SELL @ 18.18 (VR:1.46)
[2026-07-31 10:03:25]  [行8] 解析成功: SHSE.688286 [敏芯股份] BUY @ 40.61 (VR:4.26)
[2026-07-31 10:03:25]  [行9] 解析成功: SHSE.688249 [晶合集成] SELL @ 39.17 (VR:0.12)
[2026-07-31 10:03:25]  [行10] 解析成功: SHSE.688138 [清溢光电] BUY @ 29.52 (VR:0.02)
[2026-07-31 10:03:25]  [行11] 解析成功: SZSE.300285 [国瓷材料] SELL @ 67.56 (VR:0.15)
[2026-07-31 10:03:25]  [行12] 解析成功: SZSE.301392 [汇成真空] SELL @ 134.24 (VR:0.11)
[2026-07-31 10:03:25]  [行13] 解析成功: SZSE.300088 [长信科技] SELL @ 7.0 (VR:1.07)
[2026-07-31 10:03:25]  [行14] 解析成功: SZSE.300661 [圣邦股份] SELL @ 100.2 (VR:0.39)
[2026-07-31 10:03:25]  [行15] 解析成功: SZSE.300780 [德恩精工] SELL @ 18.11 (VR:0.72)
[2026-07-31 10:03:25] 成功保存 15 条因子至: signal_batch_20260731_100325_863423.txt
[2026-07-31 10:03:25]  QQ-备用 邮件 3252 处理完成
[2026-07-31 10:03:25]  QQ-备用 本轮共成功处理 1 封有效信号邮件
[2026-07-31 10:04:01]  正在连接 QQ-主 邮箱服务器 (497720537@qq.com) ...
[2026-07-31 10:04:02]  正在连接 QQ-备用 邮箱服务器 (shouqianbadavid@qq.com) ...
[2026-07-31 10:04:38]  正在连接 QQ-主 邮箱服务器 (497720537@qq.com) ...
[2026-07-31 10:04:38]  正在连接 QQ-备用 邮箱服务器 (shouqianbadavid@qq.com) ...
[2026-07-31 10:05:15]  正在连接 QQ-主 邮箱服务器 (497720537@qq.com) ...
[2026-07-31 10:05:15]  正在连接 QQ-备用 邮箱服务器 (shouqianbadavid@qq.com) ...
[2026-07-31 10:05:51]  正在连接 QQ-主 邮箱服务器 (497720537@qq.com) ...
[2026-07-31 10:05:52]  正在连接 QQ-备用 邮箱服务器 (shouqianbadavid@qq.com) ...
[2026-07-31 10:06:27]  正在连接 QQ-主 邮箱服务器 (497720537@qq.com) ...
[2026-07-31 10:06:29]  正在连接 QQ-备用 邮箱服务器 (shouqianbadavid@qq.com) ...
[2026-07-31 10:07:05]  正在连接 QQ-主 邮箱服务器 (497720537@qq.com) ...
[2026-07-31 10:07:05]  正在连接 QQ-备用 邮箱服务器 (shouqianbadavid@qq.com) ...
[2026-07-31 10:07:41]  正在连接 QQ-主 邮箱服务器 (497720537@qq.com) ...
[2026-07-31 10:07:42]  正在连接 QQ-备用 邮箱服务器 (shouqianbadavid@qq.com) ...
[2026-07-31 10:08:18]  正在连接 QQ-主 邮箱服务器 (497720537@qq.com) ...
[2026-07-31 10:08:18]  正在连接 QQ-备用 邮箱服务器 (shouqianbadavid@qq.com) ...
[2026-07-31 10:08:19]  QQ-备用 正在解析因子: =?utf-8?b?QWxwaGFQaWxvdCDlpIfku73kv6Hlj7cgKGFscGhhX3NpZ25hbF90aHJfMjAyNjA3MzFfMTAwNS5qc29uKSBb5aSHUVEt6Ieq5L+dXQ==?=
[2026-07-31 10:08:19]  发现表格，共 20 行数据
[2026-07-31 10:08:19]  动态索引映射: ['股票代码', '股票名称', '信号', '当前价格', '量比', '来源过滤']
[2026-07-31 10:08:19]  [行1] 解析成功: SHSE.688110 [东芯股份] SELL @ 110.31 (VR:0.52)
[2026-07-31 10:08:19]  [行2] 解析成功: SHSE.688002 [睿创微纳] SELL @ 147.07 (VR:0.14)
[2026-07-31 10:08:19]  [行3] 解析成功: SHSE.688102 [斯瑞新材] BUY @ 28.45 (VR:1.82)
[2026-07-31 10:08:19]  [行4] 解析成功: SHSE.688521 [芯原股份] BUY @ 196.29 (VR:0.99)
[2026-07-31 10:08:19]  [行5] 解析成功: SHSE.688227 [品高股份] BUY @ 70.22 (VR:0.76)
[2026-07-31 10:08:19]  [行6] 解析成功: SZSE.300852 [四会富仕] SELL @ 38.11 (VR:0.3)
[2026-07-31 10:08:19]  [行7] 解析成功: SZSE.300689 [澄天伟业] SELL @ 45.09 (VR:0.25)
[2026-07-31 10:08:19]  [行8] 解析成功: SZSE.301045 [天禄科技] SELL @ 58.85 (VR:1.07)
[2026-07-31 10:08:19]  [行9] 解析成功: SZSE.300806 [斯迪克] BUY @ 44.07 (VR:1.03)
[2026-07-31 10:08:19]  [行10] 解析成功: SZSE.300679 [电连技术] SELL @ 37.94 (VR:0.49)
[2026-07-31 10:08:19]  [行11] 解析成功: SHSE.688002 [睿创微纳] SELL @ 146.72 (VR:1.32)
[2026-07-31 10:08:19]  [行12] 解析成功: SHSE.688102 [斯瑞新材] BUY @ 28.52 (VR:0.09)
[2026-07-31 10:08:19]  [行13] 解析成功: SHSE.688521 [芯原股份] BUY @ 196.3 (VR:0.44)
[2026-07-31 10:08:19]  [行14] 解析成功: SHSE.688227 [品高股份] BUY @ 70.38 (VR:0.54)
[2026-07-31 10:08:19]  [行15] 解析成功: SZSE.300852 [四会富仕] SELL @ 38.05 (VR:0.49)
[2026-07-31 10:08:19]  [行16] 解析成功: SZSE.300689 [澄天伟业] SELL @ 45.06 (VR:0.55)
[2026-07-31 10:08:19]  [行17] 解析成功: SZSE.301045 [天禄科技] SELL @ 58.74 (VR:1.89)
[2026-07-31 10:08:19]  [行18] 解析成功: SZSE.300806 [斯迪克] BUY @ 44.08 (VR:0.64)
[2026-07-31 10:08:19]  [行19] 解析成功: SZSE.300679 [电连技术] SELL @ 37.93 (VR:0.37)
[2026-07-31 10:08:19]  [行20] 解析成功: SZSE.002718 [友邦吊顶] BUY @ 80.6 (VR:0.68)
[2026-07-31 10:08:19] 成功保存 20 条因子至: signal_batch_20260731_100819_329558.txt
[2026-07-31 10:08:19]  QQ-备用 邮件 3253 处理完成
[2026-07-31 10:08:19]  QQ-备用 本轮共成功处理 1 封有效信号邮件
[2026-07-31 10:08:54]  正在连接 QQ-主 邮箱服务器 (497720537@qq.com) ...
[2026-07-31 10:08:55]  QQ-主 正在解析因子: =?utf-8?b?QWxwaGFQaWxvdCDlrp7ml7bkv6Hlj7cgKGFscGhhX3NpZ25hbF90aHJfMjAyNjA3MzFfMTAwOC5qc29uKSBb5Li7UVEt5a+55aSWXQ==?=
[2026-07-31 10:08:55]  发现表格，共 12 行数据
[2026-07-31 10:08:55]  动态索引映射: ['股票代码', '股票名称', '信号', '当前价格', '量比', '来源过滤']
[2026-07-31 10:08:55]  [行1] 解析成功: SHSE.600353 [旭光电子] BUY @ 23.72 (VR:0.05)
[2026-07-31 10:08:55]  [行2] 解析成功: SHSE.601138 [工业富联] SELL @ 57.18 (VR:0.1)
[2026-07-31 10:08:55]  [行3] 解析成功: SZSE.300346 [南大光电] SELL @ 51.37 (VR:0.43)
[2026-07-31 10:08:55]  [行4] 解析成功: SZSE.301018 [申菱环境] SELL @ 74.22 (VR:0.65)
[2026-07-31 10:08:55]  [行5] 解析成功: SZSE.300739 [明阳电路] SELL @ 20.68 (VR:0.99)
[2026-07-31 10:08:55]  [行6] 解析成功: SZSE.300868 [杰美特] SELL @ 76.69 (VR:1.41)
[2026-07-31 10:08:55]  [行7] 解析成功: SHSE.601138 [工业富联] SELL @ 56.98 (VR:0.05)
[2026-07-31 10:08:55]  [行8] 解析成功: SZSE.300346 [南大光电] SELL @ 51.03 (VR:0.09)
[2026-07-31 10:08:55]  [行9] 解析成功: SZSE.301018 [申菱环境] SELL @ 73.84 (VR:0.48)
[2026-07-31 10:08:55]  [行10] 解析成功: SZSE.300739 [明阳电路] SELL @ 20.63 (VR:0.38)
[2026-07-31 10:08:55]  [行11] 解析成功: SZSE.301419 [瑞可达] SELL @ 27.49 (VR:1.07)
[2026-07-31 10:08:55]  [行12] 解析成功: SZSE.300868 [杰美特] SELL @ 76.34 (VR:0.65)
[2026-07-31 10:08:55] 成功保存 12 条因子至: signal_batch_20260731_100855_166646.txt
[2026-07-31 10:08:55]  QQ-主 邮件 5577 处理完成
[2026-07-31 10:08:55]  QQ-主 本轮共成功处理 1 封有效信号邮件
[2026-07-31 10:08:55]  正在连接 QQ-备用 邮箱服务器 (shouqianbadavid@qq.com) ...
[2026-07-31 10:09:31]  正在连接 QQ-主 邮箱服务器 (497720537@qq.com) ...
[2026-07-31 10:09:31]  正在连接 QQ-备用 邮箱服务器 (shouqianbadavid@qq.com) ...
[2026-07-31 10:10:07]  正在连接 QQ-主 邮箱服务器 (497720537@qq.com) ...
[2026-07-31 10:10:08]  正在连接 QQ-备用 邮箱服务器 (shouqianbadavid@qq.com) ...
[2026-07-31 10:10:43]  正在连接 QQ-主 邮箱服务器 (497720537@qq.com) ...
[2026-07-31 10:10:44]  正在连接 QQ-备用 邮箱服务器 (shouqianbadavid@qq.com) ...
[2026-07-31 10:10:45]  QQ-备用 正在解析因子: =?utf-8?b?QWxwaGFQaWxvdCDlpIfku73kv6Hlj7cgKGFscGhhX3NpZ25hbF90aHJfMjAyNjA3MzFfMTAwOC5qc29uKSBb5aSHUVEt6Ieq5L+dXQ==?=
[2026-07-31 10:10:45]  发现表格，共 12 行数据
[2026-07-31 10:10:45]  动态索引映射: ['股票代码', '股票名称', '信号', '当前价格', '量比', '来源过滤']
[2026-07-31 10:10:45]  [行1] 解析成功: SHSE.600353 [旭光电子] BUY @ 23.72 (VR:0.05)
[2026-07-31 10:10:45]  [行2] 解析成功: SHSE.601138 [工业富联] SELL @ 57.18 (VR:0.1)
[2026-07-31 10:10:45]  [行3] 解析成功: SZSE.300346 [南大光电] SELL @ 51.37 (VR:0.43)
[2026-07-31 10:10:45]  [行4] 解析成功: SZSE.301018 [申菱环境] SELL @ 74.22 (VR:0.65)
[2026-07-31 10:10:45]  [行5] 解析成功: SZSE.300739 [明阳电路] SELL @ 20.68 (VR:0.99)
[2026-07-31 10:10:45]  [行6] 解析成功: SZSE.300868 [杰美特] SELL @ 76.69 (VR:1.41)
[2026-07-31 10:10:45]  [行7] 解析成功: SHSE.601138 [工业富联] SELL @ 56.98 (VR:0.05)
[2026-07-31 10:10:45]  [行8] 解析成功: SZSE.300346 [南大光电] SELL @ 51.03 (VR:0.09)
[2026-07-31 10:10:45]  [行9] 解析成功: SZSE.301018 [申菱环境] SELL @ 73.84 (VR:0.48)
[2026-07-31 10:10:45]  [行10] 解析成功: SZSE.300739 [明阳电路] SELL @ 20.63 (VR:0.38)
[2026-07-31 10:10:45]  [行11] 解析成功: SZSE.301419 [瑞可达] SELL @ 27.49 (VR:1.07)
[2026-07-31 10:10:45]  [行12] 解析成功: SZSE.300868 [杰美特] SELL @ 76.34 (VR:0.65)
[2026-07-31 10:10:45] 成功保存 12 条因子至: signal_batch_20260731_101045_836164.txt
[2026-07-31 10:10:46]  QQ-备用 邮件 3254 处理完成
[2026-07-31 10:10:46]  QQ-备用 本轮共成功处理 1 封有效信号邮件
[2026-07-31 10:11:21]  正在连接 QQ-主 邮箱服务器 (497720537@qq.com) ...
[2026-07-31 10:11:21]  正在连接 QQ-备用 邮箱服务器 (shouqianbadavid@qq.com) ...
[2026-07-31 10:11:57]  正在连接 QQ-主 邮箱服务器 (497720537@qq.com) ...
[2026-07-31 10:11:58]  正在连接 QQ-备用 邮箱服务器 (shouqianbadavid@qq.com) ...
[2026-07-31 10:12:33]  正在连接 QQ-主 邮箱服务器 (497720537@qq.com) ...
[2026-07-31 10:12:35]  QQ-主 正在解析因子: =?utf-8?b?QWxwaGFQaWxvdCDlrp7ml7bkv6Hlj7cgKGFscGhhX3NpZ25hbF90aHJfMjAyNjA3MzFfMTAxMS5qc29uKSBb5Li7UVEt5a+55aSWXQ==?=
[2026-07-31 10:12:35]  发现表格，共 21 行数据
[2026-07-31 10:12:35]  动态索引映射: ['股票代码', '股票名称', '信号', '当前价格', '量比', '来源过滤']
[2026-07-31 10:12:35]  [行1] 解析成功: SHSE.603773 [沃格光电] SELL @ 72.71 (VR:0.34)
[2026-07-31 10:12:35]  [行2] 解析成功: SHSE.603618 [杭电股份] BUY @ 23.5 (VR:0.22)
[2026-07-31 10:12:35]  [行3] 解析成功: SHSE.605111 [新洁能] BUY @ 50.93 (VR:0.93)
[2026-07-31 10:12:35]  [行4] 解析成功: SHSE.600460 [士兰微] SELL @ 29.31 (VR:0.35)
[2026-07-31 10:12:35]  [行5] 解析成功: SZSE.003031 [中瓷电子] BUY @ 99.56 (VR:0.31)
[2026-07-31 10:12:35]  [行6] 解析成功: SZSE.002643 [万润股份] BUY @ 13.15 (VR:0.25)
[2026-07-31 10:12:35]  [行7] 解析成功: SZSE.002937 [兴瑞科技] BUY @ 26.58 (VR:0.62)
[2026-07-31 10:12:35]  [行8] 解析成功: SZSE.000823 [超声电子] BUY @ 13.0 (VR:0.92)
[2026-07-31 10:12:35]  [行9] 解析成功: SZSE.300607 [拓斯达] BUY @ 29.53 (VR:0.76)
[2026-07-31 10:12:35]  [行10] 解析成功: SZSE.301070 [开勒股份] BUY @ 55.31 (VR:0.41)
[2026-07-31 10:12:35]  [行11] 解析成功: SHSE.603773 [沃格光电] SELL @ 72.61 (VR:0.72)
[2026-07-31 10:12:35]  [行12] 解析成功: SHSE.603618 [杭电股份] BUY @ 23.52 (VR:1.1)
[2026-07-31 10:12:35]  [行13] 解析成功: SHSE.605111 [新洁能] BUY @ 50.99 (VR:0.05)
[2026-07-31 10:12:35]  [行14] 解析成功: SHSE.600460 [士兰微] SELL @ 29.3 (VR:0.18)
[2026-07-31 10:12:35]  [行15] 解析成功: SZSE.003031 [中瓷电子] BUY @ 99.92 (VR:0.28)
[2026-07-31 10:12:35]  [行16] 解析成功: SZSE.002643 [万润股份] BUY @ 13.17 (VR:0.33)
[2026-07-31 10:12:35]  [行17] 解析成功: SZSE.002937 [兴瑞科技] BUY @ 26.64 (VR:0.76)
[2026-07-31 10:12:35]  [行18] 解析成功: SZSE.000920 [沃顿科技] SELL @ 10.96 (VR:1.51)
[2026-07-31 10:12:35]  [行19] 解析成功: SZSE.000823 [超声电子] BUY @ 13.04 (VR:0.73)
[2026-07-31 10:12:35]  [行20] 解析成功: SZSE.300607 [拓斯达] BUY @ 29.69 (VR:1.34)
[2026-07-31 10:12:35]  [行21] 解析成功: SZSE.301070 [开勒股份] BUY @ 55.64 (VR:0.75)
[2026-07-31 10:12:35] 成功保存 21 条因子至: signal_batch_20260731_101235_338598.txt
[2026-07-31 10:12:35]  QQ-主 邮件 5578 处理完成
[2026-07-31 10:12:35]  QQ-主 本轮共成功处理 1 封有效信号邮件
[2026-07-31 10:12:35]  正在连接 QQ-备用 邮箱服务器 (shouqianbadavid@qq.com) ...
[2026-07-31 10:13:11]  正在连接 QQ-主 邮箱服务器 (497720537@qq.com) ...
[2026-07-31 10:13:12]  正在连接 QQ-备用 邮箱服务器 (shouqianbadavid@qq.com) ...
[2026-07-31 10:13:13]  QQ-备用 正在解析因子: =?utf-8?b?QWxwaGFQaWxvdCDlpIfku73kv6Hlj7cgKGFscGhhX3NpZ25hbF90aHJfMjAyNjA3MzFfMTAxMS5qc29uKSBb5aSHUVEt6Ieq5L+dXQ==?=
[2026-07-31 10:13:13]  发现表格，共 21 行数据
[2026-07-31 10:13:13]  动态索引映射: ['股票代码', '股票名称', '信号', '当前价格', '量比', '来源过滤']
[2026-07-31 10:13:13]  [行1] 解析成功: SHSE.603773 [沃格光电] SELL @ 72.71 (VR:0.34)
[2026-07-31 10:13:13]  [行2] 解析成功: SHSE.603618 [杭电股份] BUY @ 23.5 (VR:0.22)
[2026-07-31 10:13:13]  [行3] 解析成功: SHSE.605111 [新洁能] BUY @ 50.93 (VR:0.93)
[2026-07-31 10:13:13]  [行4] 解析成功: SHSE.600460 [士兰微] SELL @ 29.31 (VR:0.35)
[2026-07-31 10:13:13]  [行5] 解析成功: SZSE.003031 [中瓷电子] BUY @ 99.56 (VR:0.31)
[2026-07-31 10:13:13]  [行6] 解析成功: SZSE.002643 [万润股份] BUY @ 13.15 (VR:0.25)
[2026-07-31 10:13:13]  [行7] 解析成功: SZSE.002937 [兴瑞科技] BUY @ 26.58 (VR:0.62)
[2026-07-31 10:13:13]  [行8] 解析成功: SZSE.000823 [超声电子] BUY @ 13.0 (VR:0.92)
[2026-07-31 10:13:13]  [行9] 解析成功: SZSE.300607 [拓斯达] BUY @ 29.53 (VR:0.76)
[2026-07-31 10:13:13]  [行10] 解析成功: SZSE.301070 [开勒股份] BUY @ 55.31 (VR:0.41)
[2026-07-31 10:13:13]  [行11] 解析成功: SHSE.603773 [沃格光电] SELL @ 72.61 (VR:0.72)
[2026-07-31 10:13:13]  [行12] 解析成功: SHSE.603618 [杭电股份] BUY @ 23.52 (VR:1.1)
[2026-07-31 10:13:13]  [行13] 解析成功: SHSE.605111 [新洁能] BUY @ 50.99 (VR:0.05)
[2026-07-31 10:13:13]  [行14] 解析成功: SHSE.600460 [士兰微] SELL @ 29.3 (VR:0.18)
[2026-07-31 10:13:13]  [行15] 解析成功: SZSE.003031 [中瓷电子] BUY @ 99.92 (VR:0.28)
[2026-07-31 10:13:13]  [行16] 解析成功: SZSE.002643 [万润股份] BUY @ 13.17 (VR:0.33)
[2026-07-31 10:13:13]  [行17] 解析成功: SZSE.002937 [兴瑞科技] BUY @ 26.64 (VR:0.76)
[2026-07-31 10:13:13]  [行18] 解析成功: SZSE.000920 [沃顿科技] SELL @ 10.96 (VR:1.51)
[2026-07-31 10:13:13]  [行19] 解析成功: SZSE.000823 [超声电子] BUY @ 13.04 (VR:0.73)
[2026-07-31 10:13:13]  [行20] 解析成功: SZSE.300607 [拓斯达] BUY @ 29.69 (VR:1.34)
[2026-07-31 10:13:13]  [行21] 解析成功: SZSE.301070 [开勒股份] BUY @ 55.64 (VR:0.75)
[2026-07-31 10:13:13] 成功保存 21 条因子至: signal_batch_20260731_101313_841067.txt
[2026-07-31 10:13:14]  QQ-备用 邮件 3255 处理完成
[2026-07-31 10:13:14]  QQ-备用 本轮共成功处理 1 封有效信号邮件
[2026-07-31 10:13:49]  正在连接 QQ-主 邮箱服务器 (497720537@qq.com) ...
[2026-07-31 10:13:49]  正在连接 QQ-备用 邮箱服务器 (shouqianbadavid@qq.com) ...
[2026-07-31 10:14:25]  正在连接 QQ-主 邮箱服务器 (497720537@qq.com) ...
[2026-07-31 10:14:26]  正在连接 QQ-备用 邮箱服务器 (shouqianbadavid@qq.com) ...
[2026-07-31 10:15:01]  正在连接 QQ-主 邮箱服务器 (497720537@qq.com) ...
[2026-07-31 10:15:02]  正在连接 QQ-备用 邮箱服务器 (shouqianbadavid@qq.com) ...
[2026-07-31 10:15:38]  正在连接 QQ-主 邮箱服务器 (497720537@qq.com) ...
[2026-07-31 10:15:39]  QQ-主 正在解析因子: =?utf-8?b?QWxwaGFQaWxvdCDlrp7ml7bkv6Hlj7cgKGFscGhhX3NpZ25hbF90aHJfMjAyNjA3MzFfMTAxNS5qc29uKSBb5Li7UVEt5a+55aSWXQ==?=
[2026-07-31 10:15:39]  发现表格，共 14 行数据
[2026-07-31 10:15:39]  动态索引映射: ['股票代码', '股票名称', '信号', '当前价格', '量比', '来源过滤']
[2026-07-31 10:15:39]  [行1] 解析成功: SZSE.300136 [信维通信] SELL @ 61.14 (VR:0.61)
[2026-07-31 10:15:39]  [行2] 解析成功: SZSE.300821 [东岳硅材] SELL @ 14.95 (VR:0.94)
[2026-07-31 10:15:39]  [行3] 解析成功: SZSE.300057 [万顺新材] SELL @ 6.16 (VR:0.73)
[2026-07-31 10:15:39]  [行4] 解析成功: SZSE.301178 [天亿马] SELL @ 31.47 (VR:0.48)
[2026-07-31 10:15:39]  [行5] 解析成功: SZSE.300184 [力源信息] SELL @ 11.82 (VR:1.2)
[2026-07-31 10:15:39]  [行6] 解析成功: SZSE.002158 [汉钟精机] SELL @ 25.82 (VR:1.26)
[2026-07-31 10:15:39]  [行7] 解析成功: SHSE.688019 [安集科技] SELL @ 248.36 (VR:0.11)
[2026-07-31 10:15:39]  [行8] 解析成功: SZSE.300136 [信维通信] SELL @ 61.07 (VR:0.21)
[2026-07-31 10:15:39]  [行9] 解析成功: SZSE.300236 [上海新阳] SELL @ 87.3 (VR:0.3)
[2026-07-31 10:15:39]  [行10] 解析成功: SZSE.300057 [万顺新材] SELL @ 6.15 (VR:0.4)
[2026-07-31 10:15:39]  [行11] 解析成功: SZSE.300162 [雷曼光电] SELL @ 7.3 (VR:0.44)
[2026-07-31 10:15:39]  [行12] 解析成功: SZSE.301178 [天亿马] SELL @ 31.37 (VR:0.47)
[2026-07-31 10:15:39]  [行13] 解析成功: SZSE.300184 [力源信息] SELL @ 11.8 (VR:0.98)
[2026-07-31 10:15:39]  [行14] 解析成功: SZSE.002158 [汉钟精机] SELL @ 25.8 (VR:0.25)
[2026-07-31 10:15:39] 成功保存 14 条因子至: signal_batch_20260731_101539_277923.txt
[2026-07-31 10:15:39]  QQ-主 邮件 5579 处理完成
[2026-07-31 10:15:39]  QQ-主 本轮共成功处理 1 封有效信号邮件
[2026-07-31 10:15:39]  正在连接 QQ-备用 邮箱服务器 (shouqianbadavid@qq.com) ...
[2026-07-31 10:16:15]  正在连接 QQ-主 邮箱服务器 (497720537@qq.com) ...
[2026-07-31 10:16:16]  正在连接 QQ-备用 邮箱服务器 (shouqianbadavid@qq.com) ...
[2026-07-31 10:16:51]  正在连接 QQ-主 邮箱服务器 (497720537@qq.com) ...
[2026-07-31 10:16:52]  正在连接 QQ-备用 邮箱服务器 (shouqianbadavid@qq.com) ...
[2026-07-31 10:17:27]  正在连接 QQ-主 邮箱服务器 (497720537@qq.com) ...
[2026-07-31 10:17:28]  正在连接 QQ-备用 邮箱服务器 (shouqianbadavid@qq.com) ...
[2026-07-31 10:18:04]  正在连接 QQ-主 邮箱服务器 (497720537@qq.com) ...
[2026-07-31 10:18:04]  正在连接 QQ-备用 邮箱服务器 (shouqianbadavid@qq.com) ...
[2026-07-31 10:18:40]  正在连接 QQ-主 邮箱服务器 (497720537@qq.com) ...
[2026-07-31 10:18:41]  正在连接 QQ-备用 邮箱服务器 (shouqianbadavid@qq.com) ...
[2026-07-31 10:19:16]  正在连接 QQ-主 邮箱服务器 (497720537@qq.com) ...
[2026-07-31 10:19:17]  QQ-主 正在解析因子: =?utf-8?b?QWxwaGFQaWxvdCDlrp7ml7bkv6Hlj7cgKGFscGhhX3NpZ25hbF90aHJfMjAyNjA3MzFfMTAxOC5qc29uKSBb5Li7UVEt5a+55aSWXQ==?=
[2026-07-31 10:19:17]  发现表格，共 24 行数据
[2026-07-31 10:19:17]  动态索引映射: ['股票代码', '股票名称', '信号', '当前价格', '量比', '来源过滤']
[2026-07-31 10:19:17]  [行1] 解析成功: SHSE.688511 [天微电子] BUY @ 20.84 (VR:0.85)
[2026-07-31 10:19:17]  [行2] 解析成功: SHSE.688216 [气派科技] SELL @ 26.26 (VR:0.39)
[2026-07-31 10:19:17]  [行3] 解析成功: SHSE.688721 [龙图光罩] BUY @ 35.8 (VR:0.75)
[2026-07-31 10:19:17]  [行4] 解析成功: SHSE.688249 [晶合集成] SELL @ 38.66 (VR:0.82)
[2026-07-31 10:19:17]  [行5] 解析成功: SHSE.688138 [清溢光电] SELL @ 28.89 (VR:1.47)
[2026-07-31 10:19:17]  [行6] 解析成功: SZSE.300285 [国瓷材料] BUY @ 65.51 (VR:1.57)
[2026-07-31 10:19:17]  [行7] 解析成功: SZSE.301252 [同星科技] SELL @ 28.3 (VR:0.88)
[2026-07-31 10:19:17]  [行8] 解析成功: SZSE.301392 [汇成真空] SELL @ 132.23 (VR:0.97)
[2026-07-31 10:19:17]  [行9] 解析成功: SZSE.300214 [日科化学] SELL @ 11.94 (VR:1.71)
[2026-07-31 10:19:17]  [行10] 解析成功: SZSE.300088 [长信科技] SELL @ 6.85 (VR:2.0)
[2026-07-31 10:19:17]  [行11] 解析成功: SZSE.300420 [五洋自控] SELL @ 5.94 (VR:0.18)
[2026-07-31 10:19:17]  [行12] 解析成功: SZSE.300661 [圣邦股份] SELL @ 99.43 (VR:0.59)
[2026-07-31 10:19:17]  [行13] 解析成功: SZSE.300780 [德恩精工] SELL @ 17.84 (VR:0.28)
[2026-07-31 10:19:17]  [行14] 解析成功: SHSE.688286 [敏芯股份] SELL @ 39.58 (VR:0.91)
[2026-07-31 10:19:17]  [行15] 解析成功: SHSE.688511 [天微电子] BUY @ 20.85 (VR:1.68)
[2026-07-31 10:19:17]  [行16] 解析成功: SHSE.688721 [龙图光罩] BUY @ 35.82 (VR:0.21)
[2026-07-31 10:19:17]  [行17] 解析成功: SHSE.688249 [晶合集成] SELL @ 38.49 (VR:0.82)
[2026-07-31 10:19:17]  [行18] 解析成功: SHSE.688138 [清溢光电] SELL @ 28.88 (VR:0.3)
[2026-07-31 10:19:17]  [行19] 解析成功: SZSE.300285 [国瓷材料] BUY @ 65.65 (VR:1.15)
[2026-07-31 10:19:17]  [行20] 解析成功: SZSE.301252 [同星科技] SELL @ 28.3 (VR:1.98)
[2026-07-31 10:19:17]  [行21] 解析成功: SZSE.301392 [汇成真空] SELL @ 131.88 (VR:0.75)
[2026-07-31 10:19:17]  [行22] 解析成功: SZSE.300214 [日科化学] SELL @ 11.9 (VR:0.51)
[2026-07-31 10:19:17]  [行23] 解析成功: SZSE.300661 [圣邦股份] SELL @ 99.02 (VR:0.27)
[2026-07-31 10:19:17]  [行24] 解析成功: SZSE.300780 [德恩精工] SELL @ 17.77 (VR:0.11)
[2026-07-31 10:19:17] 成功保存 24 条因子至: signal_batch_20260731_101917_673169.txt
[2026-07-31 10:19:17]  QQ-主 邮件 5580 处理完成
[2026-07-31 10:19:17]  QQ-主 本轮共成功处理 1 封有效信号邮件
[2026-07-31 10:19:17]  正在连接 QQ-备用 邮箱服务器 (shouqianbadavid@qq.com) ...
[2026-07-31 10:19:53]  正在连接 QQ-主 邮箱服务器 (497720537@qq.com) ...
[2026-07-31 10:19:54]  正在连接 QQ-备用 邮箱服务器 (shouqianbadavid@qq.com) ...
[2026-07-31 10:20:29]  正在连接 QQ-主 邮箱服务器 (497720537@qq.com) ...
[2026-07-31 10:20:30]  正在连接 QQ-备用 邮箱服务器 (shouqianbadavid@qq.com) ...
[2026-07-31 10:20:31]  QQ-备用 正在解析因子: =?utf-8?b?QWxwaGFQaWxvdCDlpIfku73kv6Hlj7cgKGFscGhhX3NpZ25hbF90aHJfMjAyNjA3MzFfMTAxOC5qc29uKSBb5aSHUVEt6Ieq5L+dXQ==?=
[2026-07-31 10:20:31]  发现表格，共 24 行数据
[2026-07-31 10:20:31]  动态索引映射: ['股票代码', '股票名称', '信号', '当前价格', '量比', '来源过滤']
[2026-07-31 10:20:31]  [行1] 解析成功: SHSE.688511 [天微电子] BUY @ 20.84 (VR:0.85)
[2026-07-31 10:20:31]  [行2] 解析成功: SHSE.688216 [气派科技] SELL @ 26.26 (VR:0.39)
[2026-07-31 10:20:31]  [行3] 解析成功: SHSE.688721 [龙图光罩] BUY @ 35.8 (VR:0.75)
[2026-07-31 10:20:31]  [行4] 解析成功: SHSE.688249 [晶合集成] SELL @ 38.66 (VR:0.82)
[2026-07-31 10:20:31]  [行5] 解析成功: SHSE.688138 [清溢光电] SELL @ 28.89 (VR:1.47)
[2026-07-31 10:20:31]  [行6] 解析成功: SZSE.300285 [国瓷材料] BUY @ 65.51 (VR:1.57)
[2026-07-31 10:20:31]  [行7] 解析成功: SZSE.301252 [同星科技] SELL @ 28.3 (VR:0.88)
[2026-07-31 10:20:31]  [行8] 解析成功: SZSE.301392 [汇成真空] SELL @ 132.23 (VR:0.97)
[2026-07-31 10:20:31]  [行9] 解析成功: SZSE.300214 [日科化学] SELL @ 11.94 (VR:1.71)
[2026-07-31 10:20:31]  [行10] 解析成功: SZSE.300088 [长信科技] SELL @ 6.85 (VR:2.0)
[2026-07-31 10:20:31]  [行11] 解析成功: SZSE.300420 [五洋自控] SELL @ 5.94 (VR:0.18)
[2026-07-31 10:20:31]  [行12] 解析成功: SZSE.300661 [圣邦股份] SELL @ 99.43 (VR:0.59)
[2026-07-31 10:20:31]  [行13] 解析成功: SZSE.300780 [德恩精工] SELL @ 17.84 (VR:0.28)
[2026-07-31 10:20:31]  [行14] 解析成功: SHSE.688286 [敏芯股份] SELL @ 39.58 (VR:0.91)
[2026-07-31 10:20:31]  [行15] 解析成功: SHSE.688511 [天微电子] BUY @ 20.85 (VR:1.68)
[2026-07-31 10:20:31]  [行16] 解析成功: SHSE.688721 [龙图光罩] BUY @ 35.82 (VR:0.21)
[2026-07-31 10:20:31]  [行17] 解析成功: SHSE.688249 [晶合集成] SELL @ 38.49 (VR:0.82)
[2026-07-31 10:20:31]  [行18] 解析成功: SHSE.688138 [清溢光电] SELL @ 28.88 (VR:0.3)
[2026-07-31 10:20:31]  [行19] 解析成功: SZSE.300285 [国瓷材料] BUY @ 65.65 (VR:1.15)
[2026-07-31 10:20:31]  [行20] 解析成功: SZSE.301252 [同星科技] SELL @ 28.3 (VR:1.98)
[2026-07-31 10:20:31]  [行21] 解析成功: SZSE.301392 [汇成真空] SELL @ 131.88 (VR:0.75)
[2026-07-31 10:20:31]  [行22] 解析成功: SZSE.300214 [日科化学] SELL @ 11.9 (VR:0.51)
[2026-07-31 10:20:31]  [行23] 解析成功: SZSE.300661 [圣邦股份] SELL @ 99.02 (VR:0.27)
[2026-07-31 10:20:31]  [行24] 解析成功: SZSE.300780 [德恩精工] SELL @ 17.77 (VR:0.11)
[2026-07-31 10:20:31] 成功保存 24 条因子至: signal_batch_20260731_102031_818985.txt
[2026-07-31 10:20:32]  QQ-备用 邮件 3257 处理完成
[2026-07-31 10:20:32]  QQ-备用 本轮共成功处理 1 封有效信号邮件
[2026-07-31 10:21:07]  正在连接 QQ-主 邮箱服务器 (497720537@qq.com) ...
[2026-07-31 10:21:07]  正在连接 QQ-备用 邮箱服务器 (shouqianbadavid@qq.com) ...
[2026-07-31 10:21:43]  正在连接 QQ-主 邮箱服务器 (497720537@qq.com) ...
[2026-07-31 10:21:43]  正在连接 QQ-备用 邮箱服务器 (shouqianbadavid@qq.com) ...
[2026-07-31 10:22:19]  正在连接 QQ-主 邮箱服务器 (497720537@qq.com) ...
[2026-07-31 10:22:19]  正在连接 QQ-备用 邮箱服务器 (shouqianbadavid@qq.com) ...
[2026-07-31 10:22:55]  正在连接 QQ-主 邮箱服务器 (497720537@qq.com) ...
[2026-07-31 10:22:56]  正在连接 QQ-备用 邮箱服务器 (shouqianbadavid@qq.com) ...
[2026-07-31 10:23:32]  正在连接 QQ-主 邮箱服务器 (497720537@qq.com) ...
[2026-07-31 10:23:32]  正在连接 QQ-备用 邮箱服务器 (shouqianbadavid@qq.com) ...
[2026-07-31 10:24:08]  正在连接 QQ-主 邮箱服务器 (497720537@qq.com) ...
[2026-07-31 10:24:09]  QQ-主 正在解析因子: =?utf-8?b?QWxwaGFQaWxvdCDlrp7ml7bkv6Hlj7cgKGFscGhhX3NpZ25hbF90aHJfMjAyNjA3MzFfMTAyMy5qc29uKSBb5Li7UVEt5a+55aSWXQ==?=
[2026-07-31 10:24:09]  发现表格，共 24 行数据
[2026-07-31 10:24:09]  动态索引映射: ['股票代码', '股票名称', '信号', '当前价格', '量比', '来源过滤']
[2026-07-31 10:24:09]  [行1] 解析成功: SHSE.688110 [东芯股份] BUY @ 108.95 (VR:0.16)
[2026-07-31 10:24:09]  [行2] 解析成功: SHSE.688665 [四方光电] SELL @ 43.16 (VR:0.58)
[2026-07-31 10:24:09]  [行3] 解析成功: SHSE.688002 [睿创微纳] SELL @ 148.41 (VR:1.58)
[2026-07-31 10:24:09]  [行4] 解析成功: SHSE.688521 [芯原股份] SELL @ 195.86 (VR:0.76)
[2026-07-31 10:24:09]  [行5] 解析成功: SHSE.688227 [品高股份] SELL @ 70.37 (VR:6.88)
[2026-07-31 10:24:09]  [行6] 解析成功: SZSE.300852 [四会富仕] SELL @ 38.02 (VR:1.23)
[2026-07-31 10:24:09]  [行7] 解析成功: SZSE.300689 [澄天伟业] SELL @ 44.7 (VR:0.56)
[2026-07-31 10:24:09]  [行8] 解析成功: SZSE.301045 [天禄科技] SELL @ 58.67 (VR:2.94)
[2026-07-31 10:24:09]  [行9] 解析成功: SZSE.301013 [利和兴] SELL @ 42.15 (VR:1.82)
[2026-07-31 10:24:09]  [行10] 解析成功: SZSE.300790 [宇瞳光学] BUY @ 16.8 (VR:1.18)
[2026-07-31 10:24:09]  [行11] 解析成功: SZSE.002718 [友邦吊顶] SELL @ 80.3 (VR:0.01)
[2026-07-31 10:24:09]  [行12] 解析成功: SHSE.688110 [东芯股份] BUY @ 109.1 (VR:0.67)
[2026-07-31 10:24:09]  [行13] 解析成功: SHSE.688665 [四方光电] SELL @ 43.16 (VR:0.29)
[2026-07-31 10:24:09]  [行14] 解析成功: SHSE.688002 [睿创微纳] SELL @ 148.11 (VR:1.07)
[2026-07-31 10:24:09]  [行15] 解析成功: SHSE.688102 [斯瑞新材] SELL @ 28.26 (VR:0.35)
[2026-07-31 10:24:09]  [行16] 解析成功: SHSE.688521 [芯原股份] SELL @ 195.17 (VR:0.78)
[2026-07-31 10:24:09]  [行17] 解析成功: SHSE.688227 [品高股份] SELL @ 70.32 (VR:1.24)
[2026-07-31 10:24:09]  [行18] 解析成功: SZSE.300852 [四会富仕] SELL @ 37.83 (VR:1.0)
[2026-07-31 10:24:09]  [行19] 解析成功: SZSE.300689 [澄天伟业] SELL @ 44.28 (VR:0.63)
[2026-07-31 10:24:09]  [行20] 解析成功: SZSE.301045 [天禄科技] SELL @ 58.18 (VR:2.41)
[2026-07-31 10:24:09]  [行21] 解析成功: SZSE.300806 [斯迪克] SELL @ 43.62 (VR:0.54)
[2026-07-31 10:24:09]  [行22] 解析成功: SZSE.300790 [宇瞳光学] SELL @ 16.66 (VR:0.1)
[2026-07-31 10:24:09]  [行23] 解析成功: SZSE.002718 [友邦吊顶] SELL @ 80.07 (VR:0.16)
[2026-07-31 10:24:09]  [行24] 解析成功: SZSE.001339 [智微智能] SELL @ 68.46 (VR:0.51)
[2026-07-31 10:24:09] 成功保存 24 条因子至: signal_batch_20260731_102409_200408.txt
[2026-07-31 10:24:09]  QQ-主 邮件 5581 处理完成
[2026-07-31 10:24:09]  QQ-主 本轮共成功处理 1 封有效信号邮件
[2026-07-31 10:24:09]  正在连接 QQ-备用 邮箱服务器 (shouqianbadavid@qq.com) ...
[2026-07-31 10:24:45]  正在连接 QQ-主 邮箱服务器 (497720537@qq.com) ...
[2026-07-31 10:24:45]  正在连接 QQ-备用 邮箱服务器 (shouqianbadavid@qq.com) ...
[2026-07-31 10:25:21]  正在连接 QQ-主 邮箱服务器 (497720537@qq.com) ...
[2026-07-31 10:25:22]  正在连接 QQ-备用 邮箱服务器 (shouqianbadavid@qq.com) ...
[2026-07-31 10:25:23]  QQ-备用 正在解析因子: =?utf-8?b?QWxwaGFQaWxvdCDlpIfku73kv6Hlj7cgKGFscGhhX3NpZ25hbF90aHJfMjAyNjA3MzFfMTAyMy5qc29uKSBb5aSHUVEt6Ieq5L+dXQ==?=
[2026-07-31 10:25:23]  发现表格，共 24 行数据
[2026-07-31 10:25:23]  动态索引映射: ['股票代码', '股票名称', '信号', '当前价格', '量比', '来源过滤']
[2026-07-31 10:25:23]  [行1] 解析成功: SHSE.688110 [东芯股份] BUY @ 108.95 (VR:0.16)
[2026-07-31 10:25:23]  [行2] 解析成功: SHSE.688665 [四方光电] SELL @ 43.16 (VR:0.58)
[2026-07-31 10:25:23]  [行3] 解析成功: SHSE.688002 [睿创微纳] SELL @ 148.41 (VR:1.58)
[2026-07-31 10:25:23]  [行4] 解析成功: SHSE.688521 [芯原股份] SELL @ 195.86 (VR:0.76)
[2026-07-31 10:25:23]  [行5] 解析成功: SHSE.688227 [品高股份] SELL @ 70.37 (VR:6.88)
[2026-07-31 10:25:23]  [行6] 解析成功: SZSE.300852 [四会富仕] SELL @ 38.02 (VR:1.23)
[2026-07-31 10:25:23]  [行7] 解析成功: SZSE.300689 [澄天伟业] SELL @ 44.7 (VR:0.56)
[2026-07-31 10:25:23]  [行8] 解析成功: SZSE.301045 [天禄科技] SELL @ 58.67 (VR:2.94)
[2026-07-31 10:25:23]  [行9] 解析成功: SZSE.301013 [利和兴] SELL @ 42.15 (VR:1.82)
[2026-07-31 10:25:23]  [行10] 解析成功: SZSE.300790 [宇瞳光学] BUY @ 16.8 (VR:1.18)
[2026-07-31 10:25:23]  [行11] 解析成功: SZSE.002718 [友邦吊顶] SELL @ 80.3 (VR:0.01)
[2026-07-31 10:25:23]  [行12] 解析成功: SHSE.688110 [东芯股份] BUY @ 109.1 (VR:0.67)
[2026-07-31 10:25:23]  [行13] 解析成功: SHSE.688665 [四方光电] SELL @ 43.16 (VR:0.29)
[2026-07-31 10:25:23]  [行14] 解析成功: SHSE.688002 [睿创微纳] SELL @ 148.11 (VR:1.07)
[2026-07-31 10:25:23]  [行15] 解析成功: SHSE.688102 [斯瑞新材] SELL @ 28.26 (VR:0.35)
[2026-07-31 10:25:23]  [行16] 解析成功: SHSE.688521 [芯原股份] SELL @ 195.17 (VR:0.78)
[2026-07-31 10:25:23]  [行17] 解析成功: SHSE.688227 [品高股份] SELL @ 70.32 (VR:1.24)
[2026-07-31 10:25:23]  [行18] 解析成功: SZSE.300852 [四会富仕] SELL @ 37.83 (VR:1.0)
[2026-07-31 10:25:23]  [行19] 解析成功: SZSE.300689 [澄天伟业] SELL @ 44.28 (VR:0.63)
[2026-07-31 10:25:23]  [行20] 解析成功: SZSE.301045 [天禄科技] SELL @ 58.18 (VR:2.41)
[2026-07-31 10:25:23]  [行21] 解析成功: SZSE.300806 [斯迪克] SELL @ 43.62 (VR:0.54)
[2026-07-31 10:25:23]  [行22] 解析成功: SZSE.300790 [宇瞳光学] SELL @ 16.66 (VR:0.1)
[2026-07-31 10:25:23]  [行23] 解析成功: SZSE.002718 [友邦吊顶] SELL @ 80.07 (VR:0.16)
[2026-07-31 10:25:23]  [行24] 解析成功: SZSE.001339 [智微智能] SELL @ 68.46 (VR:0.51)
[2026-07-31 10:25:23] 成功保存 24 条因子至: signal_batch_20260731_102523_856073.txt
[2026-07-31 10:25:24]  QQ-备用 邮件 3258 处理完成
[2026-07-31 10:25:24]  QQ-备用 本轮共成功处理 1 封有效信号邮件
[2026-07-31 10:25:59]  正在连接 QQ-主 邮箱服务器 (497720537@qq.com) ...
[2026-07-31 10:25:59]  正在连接 QQ-备用 邮箱服务器 (shouqianbadavid@qq.com) ...
[2026-07-31 10:26:35]  正在连接 QQ-主 邮箱服务器 (497720537@qq.com) ...
[2026-07-31 10:26:35]  正在连接 QQ-备用 邮箱服务器 (shouqianbadavid@qq.com) ...
[2026-07-31 10:27:11]  正在连接 QQ-主 邮箱服务器 (497720537@qq.com) ...
[2026-07-31 10:27:11]  正在连接 QQ-备用 邮箱服务器 (shouqianbadavid@qq.com) ...
[2026-07-31 10:27:47]  正在连接 QQ-主 邮箱服务器 (497720537@qq.com) ...
[2026-07-31 10:27:48]  QQ-主 正在解析因子: =?utf-8?b?QWxwaGFQaWxvdCDlrp7ml7bkv6Hlj7cgKGFscGhhX3NpZ25hbF90aHJfMjAyNjA3MzFfMTAyNy5qc29uKSBb5Li7UVEt5a+55aSWXQ==?=
[2026-07-31 10:27:48]  发现表格，共 15 行数据
[2026-07-31 10:27:48]  动态索引映射: ['股票代码', '股票名称', '信号', '当前价格', '量比', '来源过滤']
[2026-07-31 10:27:48]  [行1] 解析成功: SHSE.600353 [旭光电子] BUY @ 23.15 (VR:1.1)
[2026-07-31 10:27:48]  [行2] 解析成功: SHSE.601138 [工业富联] BUY @ 56.68 (VR:0.55)
[2026-07-31 10:27:48]  [行3] 解析成功: SZSE.300811 [铂力特] BUY @ 61.41 (VR:0.61)
[2026-07-31 10:27:48]  [行4] 解析成功: SZSE.300346 [南大光电] BUY @ 50.32 (VR:1.16)
[2026-07-31 10:27:48]  [行5] 解析成功: SZSE.301018 [申菱环境] BUY @ 72.21 (VR:2.1)
[2026-07-31 10:27:48]  [行6] 解析成功: SZSE.300739 [明阳电路] SELL @ 20.25 (VR:2.18)
[2026-07-31 10:27:48]  [行7] 解析成功: SZSE.301419 [瑞可达] SELL @ 27.04 (VR:3.08)
[2026-07-31 10:27:48]  [行8] 解析成功: SZSE.300868 [杰美特] BUY @ 74.0 (VR:0.34)
[2026-07-31 10:27:48]  [行9] 解析成功: SHSE.600353 [旭光电子] BUY @ 23.2 (VR:1.35)
[2026-07-31 10:27:48]  [行10] 解析成功: SHSE.601138 [工业富联] BUY @ 56.8 (VR:0.96)
[2026-07-31 10:27:48]  [行11] 解析成功: SZSE.300811 [铂力特] BUY @ 61.64 (VR:1.29)
[2026-07-31 10:27:48]  [行12] 解析成功: SZSE.300346 [南大光电] BUY @ 50.57 (VR:1.34)
[2026-07-31 10:27:48]  [行13] 解析成功: SZSE.301018 [申菱环境] BUY @ 72.88 (VR:5.88)
[2026-07-31 10:27:48]  [行14] 解析成功: SZSE.300739 [明阳电路] SELL @ 20.3 (VR:0.01)
[2026-07-31 10:27:48]  [行15] 解析成功: SZSE.300868 [杰美特] BUY @ 74.07 (VR:0.17)
[2026-07-31 10:27:48] 成功保存 15 条因子至: signal_batch_20260731_102748_955555.txt
[2026-07-31 10:27:49]  QQ-主 邮件 5582 处理完成
[2026-07-31 10:27:49]  QQ-主 本轮共成功处理 1 封有效信号邮件
[2026-07-31 10:27:49]  正在连接 QQ-备用 邮箱服务器 (shouqianbadavid@qq.com) ...
[2026-07-31 10:27:50]  QQ-备用 正在解析因子: =?utf-8?b?QWxwaGFQaWxvdCDlpIfku73kv6Hlj7cgKGFscGhhX3NpZ25hbF90aHJfMjAyNjA3MzFfMTAyNy5qc29uKSBb5aSHUVEt6Ieq5L+dXQ==?=
[2026-07-31 10:27:50]  发现表格，共 15 行数据
[2026-07-31 10:27:50]  动态索引映射: ['股票代码', '股票名称', '信号', '当前价格', '量比', '来源过滤']
[2026-07-31 10:27:50]  [行1] 解析成功: SHSE.600353 [旭光电子] BUY @ 23.15 (VR:1.1)
[2026-07-31 10:27:50]  [行2] 解析成功: SHSE.601138 [工业富联] BUY @ 56.68 (VR:0.55)
[2026-07-31 10:27:50]  [行3] 解析成功: SZSE.300811 [铂力特] BUY @ 61.41 (VR:0.61)
[2026-07-31 10:27:50]  [行4] 解析成功: SZSE.300346 [南大光电] BUY @ 50.32 (VR:1.16)
[2026-07-31 10:27:50]  [行5] 解析成功: SZSE.301018 [申菱环境] BUY @ 72.21 (VR:2.1)
[2026-07-31 10:27:50]  [行6] 解析成功: SZSE.300739 [明阳电路] SELL @ 20.25 (VR:2.18)
[2026-07-31 10:27:50]  [行7] 解析成功: SZSE.301419 [瑞可达] SELL @ 27.04 (VR:3.08)
[2026-07-31 10:27:50]  [行8] 解析成功: SZSE.300868 [杰美特] BUY @ 74.0 (VR:0.34)
[2026-07-31 10:27:50]  [行9] 解析成功: SHSE.600353 [旭光电子] BUY @ 23.2 (VR:1.35)
[2026-07-31 10:27:50]  [行10] 解析成功: SHSE.601138 [工业富联] BUY @ 56.8 (VR:0.96)
[2026-07-31 10:27:50]  [行11] 解析成功: SZSE.300811 [铂力特] BUY @ 61.64 (VR:1.29)
[2026-07-31 10:27:50]  [行12] 解析成功: SZSE.300346 [南大光电] BUY @ 50.57 (VR:1.34)
[2026-07-31 10:27:50]  [行13] 解析成功: SZSE.301018 [申菱环境] BUY @ 72.88 (VR:5.88)
[2026-07-31 10:27:50]  [行14] 解析成功: SZSE.300739 [明阳电路] SELL @ 20.3 (VR:0.01)
[2026-07-31 10:27:50]  [行15] 解析成功: SZSE.300868 [杰美特] BUY @ 74.07 (VR:0.17)
[2026-07-31 10:27:50] 成功保存 15 条因子至: signal_batch_20260731_102750_286408.txt
[2026-07-31 10:27:50]  QQ-备用 邮件 3259 处理完成
[2026-07-31 10:27:50]  QQ-备用 本轮共成功处理 1 封有效信号邮件
[2026-07-31 10:28:25]  正在连接 QQ-主 邮箱服务器 (497720537@qq.com) ...
[2026-07-31 10:28:25]  正在连接 QQ-备用 邮箱服务器 (shouqianbadavid@qq.com) ...
[2026-07-31 10:29:01]  正在连接 QQ-主 邮箱服务器 (497720537@qq.com) ...
[2026-07-31 10:29:02]  正在连接 QQ-备用 邮箱服务器 (shouqianbadavid@qq.com) ...
[2026-07-31 10:29:38]  正在连接 QQ-主 邮箱服务器 (497720537@qq.com) ...
[2026-07-31 10:29:38]  正在连接 QQ-备用 邮箱服务器 (shouqianbadavid@qq.com) ...
[2026-07-31 10:30:14]  正在连接 QQ-主 邮箱服务器 (497720537@qq.com) ...
[2026-07-31 10:30:15]  QQ-主 正在解析因子: =?utf-8?b?QWxwaGFQaWxvdCDlrp7ml7bkv6Hlj7cgKGFscGhhX3NpZ25hbF90aHJfMjAyNjA3MzFfMTAzMC5qc29uKSBb5Li7UVEt5a+55aSWXQ==?=
[2026-07-31 10:30:15]  发现表格，共 16 行数据
[2026-07-31 10:30:15]  动态索引映射: ['股票代码', '股票名称', '信号', '当前价格', '量比', '来源过滤']
[2026-07-31 10:30:15]  [行1] 解析成功: SHSE.603773 [沃格光电] BUY @ 72.0 (VR:0.63)
[2026-07-31 10:30:15]  [行2] 解析成功: SHSE.603618 [杭电股份] BUY @ 23.23 (VR:0.59)
[2026-07-31 10:30:15]  [行3] 解析成功: SHSE.605111 [新洁能] SELL @ 50.42 (VR:0.01)
[2026-07-31 10:30:15]  [行4] 解析成功: SHSE.600259 [中稀有色] BUY @ 72.39 (VR:0.04)
[2026-07-31 10:30:15]  [行5] 解析成功: SHSE.600460 [士兰微] BUY @ 29.11 (VR:0.25)
[2026-07-31 10:30:15]  [行6] 解析成功: SZSE.003031 [中瓷电子] BUY @ 98.23 (VR:0.14)
[2026-07-31 10:30:15]  [行7] 解析成功: SZSE.002643 [万润股份] BUY @ 13.05 (VR:0.16)
[2026-07-31 10:30:15]  [行8] 解析成功: SZSE.000823 [超声电子] SELL @ 12.89 (VR:0.31)
[2026-07-31 10:30:15]  [行9] 解析成功: SHSE.603773 [沃格光电] BUY @ 72.29 (VR:0.26)
[2026-07-31 10:30:15]  [行10] 解析成功: SHSE.603618 [杭电股份] BUY @ 23.28 (VR:0.95)
[2026-07-31 10:30:15]  [行11] 解析成功: SHSE.605111 [新洁能] SELL @ 50.3 (VR:0.0)
[2026-07-31 10:30:15]  [行12] 解析成功: SHSE.600259 [中稀有色] BUY @ 72.59 (VR:0.06)
[2026-07-31 10:30:15]  [行13] 解析成功: SHSE.600460 [士兰微] BUY @ 29.15 (VR:0.01)
[2026-07-31 10:30:15]  [行14] 解析成功: SZSE.003031 [中瓷电子] BUY @ 98.44 (VR:0.83)
[2026-07-31 10:30:15]  [行15] 解析成功: SZSE.002643 [万润股份] BUY @ 13.07 (VR:0.06)
[2026-07-31 10:30:15]  [行16] 解析成功: SZSE.000823 [超声电子] SELL @ 12.88 (VR:0.21)
[2026-07-31 10:30:15] 成功保存 16 条因子至: signal_batch_20260731_103015_803786.txt
[2026-07-31 10:30:16]  QQ-主 邮件 5583 处理完成
[2026-07-31 10:30:16]  QQ-主 本轮共成功处理 1 封有效信号邮件
[2026-07-31 10:30:16]  正在连接 QQ-备用 邮箱服务器 (shouqianbadavid@qq.com) ...
[2026-07-31 10:30:16]  QQ-备用 正在解析因子: =?utf-8?b?QWxwaGFQaWxvdCDlpIfku73kv6Hlj7cgKGFscGhhX3NpZ25hbF90aHJfMjAyNjA3MzFfMTAzMC5qc29uKSBb5aSHUVEt6Ieq5L+dXQ==?=
[2026-07-31 10:30:16]  发现表格，共 16 行数据
[2026-07-31 10:30:16]  动态索引映射: ['股票代码', '股票名称', '信号', '当前价格', '量比', '来源过滤']
[2026-07-31 10:30:16]  [行1] 解析成功: SHSE.603773 [沃格光电] BUY @ 72.0 (VR:0.63)
[2026-07-31 10:30:16]  [行2] 解析成功: SHSE.603618 [杭电股份] BUY @ 23.23 (VR:0.59)
[2026-07-31 10:30:16]  [行3] 解析成功: SHSE.605111 [新洁能] SELL @ 50.42 (VR:0.01)
[2026-07-31 10:30:16]  [行4] 解析成功: SHSE.600259 [中稀有色] BUY @ 72.39 (VR:0.04)
[2026-07-31 10:30:16]  [行5] 解析成功: SHSE.600460 [士兰微] BUY @ 29.11 (VR:0.25)
[2026-07-31 10:30:16]  [行6] 解析成功: SZSE.003031 [中瓷电子] BUY @ 98.23 (VR:0.14)
[2026-07-31 10:30:16]  [行7] 解析成功: SZSE.002643 [万润股份] BUY @ 13.05 (VR:0.16)
[2026-07-31 10:30:16]  [行8] 解析成功: SZSE.000823 [超声电子] SELL @ 12.89 (VR:0.31)
[2026-07-31 10:30:16]  [行9] 解析成功: SHSE.603773 [沃格光电] BUY @ 72.29 (VR:0.26)
[2026-07-31 10:30:16]  [行10] 解析成功: SHSE.603618 [杭电股份] BUY @ 23.28 (VR:0.95)
[2026-07-31 10:30:16]  [行11] 解析成功: SHSE.605111 [新洁能] SELL @ 50.3 (VR:0.0)
[2026-07-31 10:30:16]  [行12] 解析成功: SHSE.600259 [中稀有色] BUY @ 72.59 (VR:0.06)
[2026-07-31 10:30:16]  [行13] 解析成功: SHSE.600460 [士兰微] BUY @ 29.15 (VR:0.01)
[2026-07-31 10:30:16]  [行14] 解析成功: SZSE.003031 [中瓷电子] BUY @ 98.44 (VR:0.83)
[2026-07-31 10:30:16]  [行15] 解析成功: SZSE.002643 [万润股份] BUY @ 13.07 (VR:0.06)
[2026-07-31 10:30:16]  [行16] 解析成功: SZSE.000823 [超声电子] SELL @ 12.88 (VR:0.21)
[2026-07-31 10:30:17] 成功保存 16 条因子至: signal_batch_20260731_103017_012974.txt
[2026-07-31 10:30:17]  QQ-备用 邮件 3260 处理完成
[2026-07-31 10:30:17]  QQ-备用 本轮共成功处理 1 封有效信号邮件
[2026-07-31 10:30:52]  正在连接 QQ-主 邮箱服务器 (497720537@qq.com) ...
[2026-07-31 10:30:53]  正在连接 QQ-备用 邮箱服务器 (shouqianbadavid@qq.com) ...
[2026-07-31 10:31:28]  正在连接 QQ-主 邮箱服务器 (497720537@qq.com) ...
[2026-07-31 10:31:29]  正在连接 QQ-备用 邮箱服务器 (shouqianbadavid@qq.com) ...
[2026-07-31 10:32:04]  正在连接 QQ-主 邮箱服务器 (497720537@qq.com) ...
[2026-07-31 10:32:04]  正在连接 QQ-备用 邮箱服务器 (shouqianbadavid@qq.com) ...
[2026-07-31 10:32:40]  正在连接 QQ-主 邮箱服务器 (497720537@qq.com) ...
[2026-07-31 10:32:42]  QQ-主 正在解析因子: =?utf-8?b?QWxwaGFQaWxvdCDlrp7ml7bkv6Hlj7cgKGFscGhhX3NpZ25hbF90aHJfMjAyNjA3MzFfMTAzMi5qc29uKSBb5Li7UVEt5a+55aSWXQ==?=
[2026-07-31 10:32:42]  发现表格，共 6 行数据
[2026-07-31 10:32:42]  动态索引映射: ['股票代码', '股票名称', '信号', '当前价格', '量比', '来源过滤']
[2026-07-31 10:32:42]  [行1] 解析成功: SZSE.300057 [万顺新材] BUY @ 6.12 (VR:0.3)
[2026-07-31 10:32:42]  [行2] 解析成功: SZSE.301178 [天亿马] BUY @ 31.75 (VR:0.09)
[2026-07-31 10:32:42]  [行3] 解析成功: SZSE.002158 [汉钟精机] SELL @ 25.87 (VR:0.05)
[2026-07-31 10:32:42]  [行4] 解析成功: SZSE.300057 [万顺新材] BUY @ 6.13 (VR:0.03)
[2026-07-31 10:32:42]  [行5] 解析成功: SZSE.301178 [天亿马] BUY @ 31.79 (VR:0.06)
[2026-07-31 10:32:42]  [行6] 解析成功: SZSE.002158 [汉钟精机] SELL @ 25.82 (VR:1.75)
[2026-07-31 10:32:42] 成功保存 6 条因子至: signal_batch_20260731_103242_125893.txt
[2026-07-31 10:32:42]  QQ-主 邮件 5584 处理完成
[2026-07-31 10:32:42]  QQ-主 本轮共成功处理 1 封有效信号邮件
[2026-07-31 10:32:42]  正在连接 QQ-备用 邮箱服务器 (shouqianbadavid@qq.com) ...
[2026-07-31 10:32:43]  QQ-备用 正在解析因子: =?utf-8?b?QWxwaGFQaWxvdCDlpIfku73kv6Hlj7cgKGFscGhhX3NpZ25hbF90aHJfMjAyNjA3MzFfMTAzMi5qc29uKSBb5aSHUVEt6Ieq5L+dXQ==?=
[2026-07-31 10:32:43]  发现表格，共 6 行数据
[2026-07-31 10:32:43]  动态索引映射: ['股票代码', '股票名称', '信号', '当前价格', '量比', '来源过滤']
[2026-07-31 10:32:43]  [行1] 解析成功: SZSE.300057 [万顺新材] BUY @ 6.12 (VR:0.3)
[2026-07-31 10:32:43]  [行2] 解析成功: SZSE.301178 [天亿马] BUY @ 31.75 (VR:0.09)
[2026-07-31 10:32:43]  [行3] 解析成功: SZSE.002158 [汉钟精机] SELL @ 25.87 (VR:0.05)
[2026-07-31 10:32:43]  [行4] 解析成功: SZSE.300057 [万顺新材] BUY @ 6.13 (VR:0.03)
[2026-07-31 10:32:43]  [行5] 解析成功: SZSE.301178 [天亿马] BUY @ 31.79 (VR:0.06)
[2026-07-31 10:32:43]  [行6] 解析成功: SZSE.002158 [汉钟精机] SELL @ 25.82 (VR:1.75)
[2026-07-31 10:32:43] 成功保存 6 条因子至: signal_batch_20260731_103243_458182.txt
[2026-07-31 10:32:43]  QQ-备用 邮件 3261 处理完成
[2026-07-31 10:32:43]  QQ-备用 本轮共成功处理 1 封有效信号邮件
[2026-07-31 10:33:18]  正在连接 QQ-主 邮箱服务器 (497720537@qq.com) ...
[2026-07-31 10:33:19]  正在连接 QQ-备用 邮箱服务器 (shouqianbadavid@qq.com) ...
[2026-07-31 10:33:54]  正在连接 QQ-主 邮箱服务器 (497720537@qq.com) ...
[2026-07-31 10:33:55]  正在连接 QQ-备用 邮箱服务器 (shouqianbadavid@qq.com) ...
[2026-07-31 10:34:31]  正在连接 QQ-主 邮箱服务器 (497720537@qq.com) ...
[2026-07-31 10:34:32]  正在连接 QQ-备用 邮箱服务器 (shouqianbadavid@qq.com) ...
[2026-07-31 10:35:07]  正在连接 QQ-主 邮箱服务器 (497720537@qq.com) ...
[2026-07-31 10:35:09]  正在连接 QQ-备用 邮箱服务器 (shouqianbadavid@qq.com) ...
[2026-07-31 10:35:45]  正在连接 QQ-主 邮箱服务器 (497720537@qq.com) ...
[2026-07-31 10:35:45]  QQ-主 正在解析因子: =?utf-8?b?QWxwaGFQaWxvdCDlrp7ml7bkv6Hlj7cgKGFscGhhX3NpZ25hbF90aHJfMjAyNjA3MzFfMTAzNS5qc29uKSBb5Li7UVEt5a+55aSWXQ==?=
[2026-07-31 10:35:45]  发现表格，共 16 行数据
[2026-07-31 10:35:45]  动态索引映射: ['股票代码', '股票名称', '信号', '当前价格', '量比', '来源过滤']
[2026-07-31 10:35:45]  [行1] 解析成功: SHSE.688216 [气派科技] BUY @ 25.85 (VR:0.42)
[2026-07-31 10:35:45]  [行2] 解析成功: SHSE.688721 [龙图光罩] BUY @ 35.53 (VR:0.28)
[2026-07-31 10:35:45]  [行3] 解析成功: SHSE.688249 [晶合集成] BUY @ 38.49 (VR:1.05)
[2026-07-31 10:35:45]  [行4] 解析成功: SHSE.688138 [清溢光电] BUY @ 28.59 (VR:2.45)
[2026-07-31 10:35:45]  [行5] 解析成功: SZSE.300285 [国瓷材料] BUY @ 64.49 (VR:1.01)
[2026-07-31 10:35:45]  [行6] 解析成功: SZSE.301392 [汇成真空] BUY @ 130.88 (VR:0.08)
[2026-07-31 10:35:45]  [行7] 解析成功: SZSE.300088 [长信科技] BUY @ 6.82 (VR:0.09)
[2026-07-31 10:35:45]  [行8] 解析成功: SZSE.300780 [德恩精工] BUY @ 17.56 (VR:0.3)
[2026-07-31 10:35:45]  [行9] 解析成功: SHSE.688216 [气派科技] BUY @ 25.94 (VR:0.78)
[2026-07-31 10:35:45]  [行10] 解析成功: SHSE.688721 [龙图光罩] BUY @ 35.63 (VR:0.14)
[2026-07-31 10:35:45]  [行11] 解析成功: SHSE.688249 [晶合集成] BUY @ 38.55 (VR:0.43)
[2026-07-31 10:35:45]  [行12] 解析成功: SHSE.688138 [清溢光电] BUY @ 28.64 (VR:0.21)
[2026-07-31 10:35:45]  [行13] 解析成功: SZSE.300285 [国瓷材料] BUY @ 64.91 (VR:0.74)
[2026-07-31 10:35:45]  [行14] 解析成功: SZSE.301392 [汇成真空] BUY @ 130.99 (VR:0.02)
[2026-07-31 10:35:45]  [行15] 解析成功: SZSE.300088 [长信科技] BUY @ 6.83 (VR:0.03)
[2026-07-31 10:35:45]  [行16] 解析成功: SZSE.300780 [德恩精工] BUY @ 17.62 (VR:0.13)
[2026-07-31 10:35:45] 成功保存 16 条因子至: signal_batch_20260731_103545_618684.txt
[2026-07-31 10:35:45]  QQ-主 邮件 5585 处理完成
[2026-07-31 10:35:45]  QQ-主 本轮共成功处理 1 封有效信号邮件
[2026-07-31 10:35:45]  正在连接 QQ-备用 邮箱服务器 (shouqianbadavid@qq.com) ...
[2026-07-31 10:36:21]  正在连接 QQ-主 邮箱服务器 (497720537@qq.com) ...
[2026-07-31 10:36:22]  正在连接 QQ-备用 邮箱服务器 (shouqianbadavid@qq.com) ...
[2026-07-31 10:36:57]  正在连接 QQ-主 邮箱服务器 (497720537@qq.com) ...
[2026-07-31 10:36:58]  正在连接 QQ-备用 邮箱服务器 (shouqianbadavid@qq.com) ...
[2026-07-31 10:37:34]  正在连接 QQ-主 邮箱服务器 (497720537@qq.com) ...
[2026-07-31 10:37:35]  正在连接 QQ-备用 邮箱服务器 (shouqianbadavid@qq.com) ...
[2026-07-31 10:37:36]  QQ-备用 正在解析因子: =?utf-8?b?QWxwaGFQaWxvdCDlpIfku73kv6Hlj7cgKGFscGhhX3NpZ25hbF90aHJfMjAyNjA3MzFfMTAzNS5qc29uKSBb5aSHUVEt6Ieq5L+dXQ==?=
[2026-07-31 10:37:36]  发现表格，共 16 行数据
[2026-07-31 10:37:36]  动态索引映射: ['股票代码', '股票名称', '信号', '当前价格', '量比', '来源过滤']
[2026-07-31 10:37:36]  [行1] 解析成功: SHSE.688216 [气派科技] BUY @ 25.85 (VR:0.42)
[2026-07-31 10:37:36]  [行2] 解析成功: SHSE.688721 [龙图光罩] BUY @ 35.53 (VR:0.28)
[2026-07-31 10:37:36]  [行3] 解析成功: SHSE.688249 [晶合集成] BUY @ 38.49 (VR:1.05)
[2026-07-31 10:37:36]  [行4] 解析成功: SHSE.688138 [清溢光电] BUY @ 28.59 (VR:2.45)
[2026-07-31 10:37:36]  [行5] 解析成功: SZSE.300285 [国瓷材料] BUY @ 64.49 (VR:1.01)
[2026-07-31 10:37:36]  [行6] 解析成功: SZSE.301392 [汇成真空] BUY @ 130.88 (VR:0.08)
[2026-07-31 10:37:36]  [行7] 解析成功: SZSE.300088 [长信科技] BUY @ 6.82 (VR:0.09)
[2026-07-31 10:37:36]  [行8] 解析成功: SZSE.300780 [德恩精工] BUY @ 17.56 (VR:0.3)
[2026-07-31 10:37:36]  [行9] 解析成功: SHSE.688216 [气派科技] BUY @ 25.94 (VR:0.78)
[2026-07-31 10:37:36]  [行10] 解析成功: SHSE.688721 [龙图光罩] BUY @ 35.63 (VR:0.14)
[2026-07-31 10:37:36]  [行11] 解析成功: SHSE.688249 [晶合集成] BUY @ 38.55 (VR:0.43)
[2026-07-31 10:37:36]  [行12] 解析成功: SHSE.688138 [清溢光电] BUY @ 28.64 (VR:0.21)
[2026-07-31 10:37:36]  [行13] 解析成功: SZSE.300285 [国瓷材料] BUY @ 64.91 (VR:0.74)
[2026-07-31 10:37:36]  [行14] 解析成功: SZSE.301392 [汇成真空] BUY @ 130.99 (VR:0.02)
[2026-07-31 10:37:36]  [行15] 解析成功: SZSE.300088 [长信科技] BUY @ 6.83 (VR:0.03)
[2026-07-31 10:37:36]  [行16] 解析成功: SZSE.300780 [德恩精工] BUY @ 17.62 (VR:0.13)
[2026-07-31 10:37:36] 成功保存 16 条因子至: signal_batch_20260731_103736_733485.txt
[2026-07-31 10:37:36]  QQ-备用 邮件 3262 处理完成
[2026-07-31 10:37:36]  QQ-备用 本轮共成功处理 1 封有效信号邮件
[2026-07-31 10:38:12]  正在连接 QQ-主 邮箱服务器 (497720537@qq.com) ...
[2026-07-31 10:38:12]  QQ-主 正在解析因子: =?utf-8?b?QWxwaGFQaWxvdCDlrp7ml7bkv6Hlj7cgKGFscGhhX3NpZ25hbF90aHJfMjAyNjA3MzFfMTAzNy5qc29uKSBb5Li7UVEt5a+55aSWXQ==?=
[2026-07-31 10:38:12]  发现表格，共 14 行数据
[2026-07-31 10:38:12]  动态索引映射: ['股票代码', '股票名称', '信号', '当前价格', '量比', '来源过滤']
[2026-07-31 10:38:12]  [行1] 解析成功: SHSE.688110 [东芯股份] SELL @ 108.13 (VR:0.03)
[2026-07-31 10:38:12]  [行2] 解析成功: SHSE.688002 [睿创微纳] SELL @ 147.17 (VR:0.02)
[2026-07-31 10:38:12]  [行3] 解析成功: SHSE.688521 [芯原股份] SELL @ 195.94 (VR:0.1)
[2026-07-31 10:38:12]  [行4] 解析成功: SHSE.688227 [品高股份] SELL @ 70.4 (VR:0.15)
[2026-07-31 10:38:12]  [行5] 解析成功: SZSE.300689 [澄天伟业] SELL @ 44.58 (VR:0.05)
[2026-07-31 10:38:12]  [行6] 解析成功: SZSE.301045 [天禄科技] SELL @ 58.3 (VR:0.94)
[2026-07-31 10:38:12]  [行7] 解析成功: SZSE.300790 [宇瞳光学] SELL @ 16.71 (VR:0.08)
[2026-07-31 10:38:12]  [行8] 解析成功: SHSE.688110 [东芯股份] SELL @ 107.58 (VR:1.11)
[2026-07-31 10:38:12]  [行9] 解析成功: SHSE.688002 [睿创微纳] SELL @ 146.62 (VR:0.68)
[2026-07-31 10:38:12]  [行10] 解析成功: SHSE.688521 [芯原股份] SELL @ 195.47 (VR:0.01)
[2026-07-31 10:38:12]  [行11] 解析成功: SHSE.688227 [品高股份] SELL @ 69.96 (VR:0.48)
[2026-07-31 10:38:12]  [行12] 解析成功: SZSE.300689 [澄天伟业] SELL @ 44.47 (VR:0.0)
[2026-07-31 10:38:12]  [行13] 解析成功: SZSE.301045 [天禄科技] SELL @ 58.04 (VR:0.06)
[2026-07-31 10:38:12]  [行14] 解析成功: SZSE.300790 [宇瞳光学] SELL @ 16.68 (VR:0.1)
[2026-07-31 10:38:12] 成功保存 14 条因子至: signal_batch_20260731_103812_601498.txt
[2026-07-31 10:38:12]  QQ-主 邮件 5586 处理完成
[2026-07-31 10:38:12]  QQ-主 本轮共成功处理 1 封有效信号邮件
[2026-07-31 10:38:12]  正在连接 QQ-备用 邮箱服务器 (shouqianbadavid@qq.com) ...
[2026-07-31 10:38:48]  正在连接 QQ-主 邮箱服务器 (497720537@qq.com) ...
[2026-07-31 10:38:49]  正在连接 QQ-备用 邮箱服务器 (shouqianbadavid@qq.com) ...
[2026-07-31 10:39:24]  正在连接 QQ-主 邮箱服务器 (497720537@qq.com) ...
[2026-07-31 10:39:25]  正在连接 QQ-备用 邮箱服务器 (shouqianbadavid@qq.com) ...
[2026-07-31 10:40:01]  正在连接 QQ-主 邮箱服务器 (497720537@qq.com) ...
[2026-07-31 10:40:01]  QQ-主 正在解析因子: =?utf-8?b?QWxwaGFQaWxvdCDlrp7ml7bkv6Hlj7cgKGFscGhhX3NpZ25hbF90aHJfMjAyNjA3MzFfMTAzOS5qc29uKSBb5Li7UVEt5a+55aSWXQ==?=
[2026-07-31 10:40:01]  发现表格，共 8 行数据
[2026-07-31 10:40:01]  动态索引映射: ['股票代码', '股票名称', '信号', '当前价格', '量比', '来源过滤']
[2026-07-31 10:40:01]  [行1] 解析成功: SHSE.601138 [工业富联] SELL @ 56.5 (VR:0.08)
[2026-07-31 10:40:01]  [行2] 解析成功: SZSE.300346 [南大光电] SELL @ 50.17 (VR:0.51)
[2026-07-31 10:40:01]  [行3] 解析成功: SZSE.301018 [申菱环境] SELL @ 72.7 (VR:1.73)
[2026-07-31 10:40:01]  [行4] 解析成功: SZSE.300868 [杰美特] SELL @ 73.6 (VR:0.89)
[2026-07-31 10:40:01]  [行5] 解析成功: SHSE.601138 [工业富联] SELL @ 56.41 (VR:0.7)
[2026-07-31 10:40:01]  [行6] 解析成功: SZSE.300346 [南大光电] SELL @ 50.15 (VR:0.03)
[2026-07-31 10:40:01]  [行7] 解析成功: SZSE.301018 [申菱环境] SELL @ 72.54 (VR:0.12)
[2026-07-31 10:40:01]  [行8] 解析成功: SZSE.300868 [杰美特] SELL @ 73.26 (VR:0.61)
[2026-07-31 10:40:01] 成功保存 8 条因子至: signal_batch_20260731_104001_926543.txt
[2026-07-31 10:40:02]  QQ-主 邮件 5587 处理完成
[2026-07-31 10:40:02]  QQ-主 本轮共成功处理 1 封有效信号邮件
[2026-07-31 10:40:02]  正在连接 QQ-备用 邮箱服务器 (shouqianbadavid@qq.com) ...
[2026-07-31 10:40:03]  QQ-备用 正在解析因子: =?utf-8?b?QWxwaGFQaWxvdCDlpIfku73kv6Hlj7cgKGFscGhhX3NpZ25hbF90aHJfMjAyNjA3MzFfMTAzNy5qc29uKSBb5aSHUVEt6Ieq5L+dXQ==?=
[2026-07-31 10:40:03]  发现表格，共 14 行数据
[2026-07-31 10:40:03]  动态索引映射: ['股票代码', '股票名称', '信号', '当前价格', '量比', '来源过滤']
[2026-07-31 10:40:03]  [行1] 解析成功: SHSE.688110 [东芯股份] SELL @ 108.13 (VR:0.03)
[2026-07-31 10:40:03]  [行2] 解析成功: SHSE.688002 [睿创微纳] SELL @ 147.17 (VR:0.02)
[2026-07-31 10:40:03]  [行3] 解析成功: SHSE.688521 [芯原股份] SELL @ 195.94 (VR:0.1)
[2026-07-31 10:40:03]  [行4] 解析成功: SHSE.688227 [品高股份] SELL @ 70.4 (VR:0.15)
[2026-07-31 10:40:03]  [行5] 解析成功: SZSE.300689 [澄天伟业] SELL @ 44.58 (VR:0.05)
[2026-07-31 10:40:03]  [行6] 解析成功: SZSE.301045 [天禄科技] SELL @ 58.3 (VR:0.94)
[2026-07-31 10:40:03]  [行7] 解析成功: SZSE.300790 [宇瞳光学] SELL @ 16.71 (VR:0.08)
[2026-07-31 10:40:03]  [行8] 解析成功: SHSE.688110 [东芯股份] SELL @ 107.58 (VR:1.11)
[2026-07-31 10:40:03]  [行9] 解析成功: SHSE.688002 [睿创微纳] SELL @ 146.62 (VR:0.68)
[2026-07-31 10:40:03]  [行10] 解析成功: SHSE.688521 [芯原股份] SELL @ 195.47 (VR:0.01)
[2026-07-31 10:40:03]  [行11] 解析成功: SHSE.688227 [品高股份] SELL @ 69.96 (VR:0.48)
[2026-07-31 10:40:03]  [行12] 解析成功: SZSE.300689 [澄天伟业] SELL @ 44.47 (VR:0.0)
[2026-07-31 10:40:03]  [行13] 解析成功: SZSE.301045 [天禄科技] SELL @ 58.04 (VR:0.06)
[2026-07-31 10:40:03]  [行14] 解析成功: SZSE.300790 [宇瞳光学] SELL @ 16.68 (VR:0.1)
[2026-07-31 10:40:03] 成功保存 14 条因子至: signal_batch_20260731_104003_075184.txt
[2026-07-31 10:40:03]  QQ-备用 邮件 3263 处理完成
[2026-07-31 10:40:03]  QQ-备用 正在解析因子: =?utf-8?b?QWxwaGFQaWxvdCDlpIfku73kv6Hlj7cgKGFscGhhX3NpZ25hbF90aHJfMjAyNjA3MzFfMTAzOS5qc29uKSBb5aSHUVEt6Ieq5L+dXQ==?=
[2026-07-31 10:40:03]  发现表格，共 8 行数据
[2026-07-31 10:40:03]  动态索引映射: ['股票代码', '股票名称', '信号', '当前价格', '量比', '来源过滤']
[2026-07-31 10:40:03]  [行1] 解析成功: SHSE.601138 [工业富联] SELL @ 56.5 (VR:0.08)
[2026-07-31 10:40:03]  [行2] 解析成功: SZSE.300346 [南大光电] SELL @ 50.17 (VR:0.51)
[2026-07-31 10:40:03]  [行3] 解析成功: SZSE.301018 [申菱环境] SELL @ 72.7 (VR:1.73)
[2026-07-31 10:40:03]  [行4] 解析成功: SZSE.300868 [杰美特] SELL @ 73.6 (VR:0.89)
[2026-07-31 10:40:03]  [行5] 解析成功: SHSE.601138 [工业富联] SELL @ 56.41 (VR:0.7)
[2026-07-31 10:40:03]  [行6] 解析成功: SZSE.300346 [南大光电] SELL @ 50.15 (VR:0.03)
[2026-07-31 10:40:03]  [行7] 解析成功: SZSE.301018 [申菱环境] SELL @ 72.54 (VR:0.12)
[2026-07-31 10:40:03]  [行8] 解析成功: SZSE.300868 [杰美特] SELL @ 73.26 (VR:0.61)
[2026-07-31 10:40:03] 成功保存 8 条因子至: signal_batch_20260731_104003_298414.txt
[2026-07-31 10:40:03]  QQ-备用 邮件 3264 处理完成
[2026-07-31 10:40:03]  QQ-备用 本轮共成功处理 2 封有效信号邮件
[2026-07-31 10:40:38]  正在连接 QQ-主 邮箱服务器 (497720537@qq.com) ...
[2026-07-31 10:40:39]  正在连接 QQ-备用 邮箱服务器 (shouqianbadavid@qq.com) ...
[2026-07-31 10:41:14]  正在连接 QQ-主 邮箱服务器 (497720537@qq.com) ...
[2026-07-31 10:41:15]  正在连接 QQ-备用 邮箱服务器 (shouqianbadavid@qq.com) ...
[2026-07-31 10:41:50]  正在连接 QQ-主 邮箱服务器 (497720537@qq.com) ...
[2026-07-31 10:41:51]  正在连接 QQ-备用 邮箱服务器 (shouqianbadavid@qq.com) ...
[2026-07-31 10:42:27]  正在连接 QQ-主 邮箱服务器 (497720537@qq.com) ...
[2026-07-31 10:42:27]  QQ-主 正在解析因子: =?utf-8?b?QWxwaGFQaWxvdCDlrp7ml7bkv6Hlj7cgKGFscGhhX3NpZ25hbF90aHJfMjAyNjA3MzFfMTA0Mi5qc29uKSBb5Li7UVEt5a+55aSWXQ==?=
[2026-07-31 10:42:27]  发现表格，共 8 行数据
[2026-07-31 10:42:27]  动态索引映射: ['股票代码', '股票名称', '信号', '当前价格', '量比', '来源过滤']
[2026-07-31 10:42:27]  [行1] 解析成功: SHSE.603773 [沃格光电] BUY @ 71.41 (VR:0.23)
[2026-07-31 10:42:27]  [行2] 解析成功: SHSE.605111 [新洁能] BUY @ 50.08 (VR:0.83)
[2026-07-31 10:42:27]  [行3] 解析成功: SHSE.600259 [中稀有色] BUY @ 72.33 (VR:0.35)
[2026-07-31 10:42:27]  [行4] 解析成功: SZSE.000920 [沃顿科技] SELL @ 10.91 (VR:0.22)
[2026-07-31 10:42:27]  [行5] 解析成功: SHSE.603773 [沃格光电] BUY @ 71.51 (VR:0.2)
[2026-07-31 10:42:27]  [行6] 解析成功: SHSE.605111 [新洁能] BUY @ 50.13 (VR:0.24)
[2026-07-31 10:42:27]  [行7] 解析成功: SHSE.600259 [中稀有色] BUY @ 72.4 (VR:1.07)
[2026-07-31 10:42:27]  [行8] 解析成功: SZSE.000920 [沃顿科技] SELL @ 10.89 (VR:0.25)
[2026-07-31 10:42:27] 成功保存 8 条因子至: signal_batch_20260731_104227_626917.txt
[2026-07-31 10:42:27]  QQ-主 邮件 5588 处理完成
[2026-07-31 10:42:27]  QQ-主 本轮共成功处理 1 封有效信号邮件
[2026-07-31 10:42:27]  正在连接 QQ-备用 邮箱服务器 (shouqianbadavid@qq.com) ...
[2026-07-31 10:42:28]  QQ-备用 正在解析因子: =?utf-8?b?QWxwaGFQaWxvdCDlpIfku73kv6Hlj7cgKGFscGhhX3NpZ25hbF90aHJfMjAyNjA3MzFfMTA0Mi5qc29uKSBb5aSHUVEt6Ieq5L+dXQ==?=
[2026-07-31 10:42:28]  发现表格，共 8 行数据
[2026-07-31 10:42:28]  动态索引映射: ['股票代码', '股票名称', '信号', '当前价格', '量比', '来源过滤']
[2026-07-31 10:42:28]  [行1] 解析成功: SHSE.603773 [沃格光电] BUY @ 71.41 (VR:0.23)
[2026-07-31 10:42:28]  [行2] 解析成功: SHSE.605111 [新洁能] BUY @ 50.08 (VR:0.83)
[2026-07-31 10:42:28]  [行3] 解析成功: SHSE.600259 [中稀有色] BUY @ 72.33 (VR:0.35)
[2026-07-31 10:42:28]  [行4] 解析成功: SZSE.000920 [沃顿科技] SELL @ 10.91 (VR:0.22)
[2026-07-31 10:42:28]  [行5] 解析成功: SHSE.603773 [沃格光电] BUY @ 71.51 (VR:0.2)
[2026-07-31 10:42:28]  [行6] 解析成功: SHSE.605111 [新洁能] BUY @ 50.13 (VR:0.24)
[2026-07-31 10:42:28]  [行7] 解析成功: SHSE.600259 [中稀有色] BUY @ 72.4 (VR:1.07)
[2026-07-31 10:42:28]  [行8] 解析成功: SZSE.000920 [沃顿科技] SELL @ 10.89 (VR:0.25)
[2026-07-31 10:42:28] 成功保存 8 条因子至: signal_batch_20260731_104228_959600.txt
[2026-07-31 10:42:29]  QQ-备用 邮件 3265 处理完成
[2026-07-31 10:42:29]  QQ-备用 本轮共成功处理 1 封有效信号邮件
[2026-07-31 10:43:04]  正在连接 QQ-主 邮箱服务器 (497720537@qq.com) ...
[2026-07-31 10:43:04]  正在连接 QQ-备用 邮箱服务器 (shouqianbadavid@qq.com) ...
[2026-07-31 10:43:40]  正在连接 QQ-主 邮箱服务器 (497720537@qq.com) ...
[2026-07-31 10:43:41]  正在连接 QQ-备用 邮箱服务器 (shouqianbadavid@qq.com) ...
[2026-07-31 10:44:17]  正在连接 QQ-主 邮箱服务器 (497720537@qq.com) ...
[2026-07-31 10:44:18]  正在连接 QQ-备用 邮箱服务器 (shouqianbadavid@qq.com) ...
[2026-07-31 10:44:53]  正在连接 QQ-主 邮箱服务器 (497720537@qq.com) ...
[2026-07-31 10:44:54]  QQ-主 正在解析因子: =?utf-8?b?QWxwaGFQaWxvdCDlrp7ml7bkv6Hlj7cgKGFscGhhX3NpZ25hbF90aHJfMjAyNjA3MzFfMTA0NC5qc29uKSBb5Li7UVEt5a+55aSWXQ==?=
[2026-07-31 10:44:54]  发现表格，共 16 行数据
[2026-07-31 10:44:54]  动态索引映射: ['股票代码', '股票名称', '信号', '当前价格', '量比', '来源过滤']
[2026-07-31 10:44:54]  [行1] 解析成功: SZSE.300136 [信维通信] BUY @ 60.08 (VR:0.53)
[2026-07-31 10:44:54]  [行2] 解析成功: SZSE.300821 [东岳硅材] BUY @ 14.68 (VR:0.32)
[2026-07-31 10:44:54]  [行3] 解析成功: SZSE.300236 [上海新阳] BUY @ 87.05 (VR:0.46)
[2026-07-31 10:44:54]  [行4] 解析成功: SZSE.300057 [万顺新材] BUY @ 6.12 (VR:0.31)
[2026-07-31 10:44:54]  [行5] 解析成功: SZSE.301178 [天亿马] BUY @ 31.74 (VR:0.13)
[2026-07-31 10:44:54]  [行6] 解析成功: SZSE.300184 [力源信息] BUY @ 11.74 (VR:0.05)
[2026-07-31 10:44:54]  [行7] 解析成功: SZSE.002158 [汉钟精机] BUY @ 25.87 (VR:0.02)
[2026-07-31 10:44:54]  [行8] 解析成功: SZSE.002635 [安洁科技] BUY @ 13.39 (VR:0.05)
[2026-07-31 10:44:54]  [行9] 解析成功: SZSE.300136 [信维通信] BUY @ 60.19 (VR:0.18)
[2026-07-31 10:44:54]  [行10] 解析成功: SZSE.300821 [东岳硅材] BUY @ 14.7 (VR:0.1)
[2026-07-31 10:44:54]  [行11] 解析成功: SZSE.300236 [上海新阳] BUY @ 87.29 (VR:0.16)
[2026-07-31 10:44:54]  [行12] 解析成功: SZSE.300057 [万顺新材] BUY @ 6.13 (VR:1.13)
[2026-07-31 10:44:54]  [行13] 解析成功: SZSE.301178 [天亿马] BUY @ 31.81 (VR:2.57)
[2026-07-31 10:44:54]  [行14] 解析成功: SZSE.300184 [力源信息] BUY @ 11.76 (VR:1.53)
[2026-07-31 10:44:54]  [行15] 解析成功: SZSE.002158 [汉钟精机] BUY @ 25.9 (VR:1.66)
[2026-07-31 10:44:54]  [行16] 解析成功: SZSE.002635 [安洁科技] BUY @ 13.42 (VR:0.53)
[2026-07-31 10:44:54] 成功保存 16 条因子至: signal_batch_20260731_104454_697403.txt
[2026-07-31 10:44:54]  QQ-主 邮件 5589 处理完成
[2026-07-31 10:44:54]  QQ-主 本轮共成功处理 1 封有效信号邮件
[2026-07-31 10:44:54]  正在连接 QQ-备用 邮箱服务器 (shouqianbadavid@qq.com) ...
[2026-07-31 10:44:55]  QQ-备用 正在解析因子: =?utf-8?b?QWxwaGFQaWxvdCDlpIfku73kv6Hlj7cgKGFscGhhX3NpZ25hbF90aHJfMjAyNjA3MzFfMTA0NC5qc29uKSBb5aSHUVEt6Ieq5L+dXQ==?=
[2026-07-31 10:44:55]  发现表格，共 16 行数据
[2026-07-31 10:44:55]  动态索引映射: ['股票代码', '股票名称', '信号', '当前价格', '量比', '来源过滤']
[2026-07-31 10:44:55]  [行1] 解析成功: SZSE.300136 [信维通信] BUY @ 60.08 (VR:0.53)
[2026-07-31 10:44:55]  [行2] 解析成功: SZSE.300821 [东岳硅材] BUY @ 14.68 (VR:0.32)
[2026-07-31 10:44:55]  [行3] 解析成功: SZSE.300236 [上海新阳] BUY @ 87.05 (VR:0.46)
[2026-07-31 10:44:55]  [行4] 解析成功: SZSE.300057 [万顺新材] BUY @ 6.12 (VR:0.31)
[2026-07-31 10:44:55]  [行5] 解析成功: SZSE.301178 [天亿马] BUY @ 31.74 (VR:0.13)
[2026-07-31 10:44:55]  [行6] 解析成功: SZSE.300184 [力源信息] BUY @ 11.74 (VR:0.05)
[2026-07-31 10:44:55]  [行7] 解析成功: SZSE.002158 [汉钟精机] BUY @ 25.87 (VR:0.02)
[2026-07-31 10:44:55]  [行8] 解析成功: SZSE.002635 [安洁科技] BUY @ 13.39 (VR:0.05)
[2026-07-31 10:44:55]  [行9] 解析成功: SZSE.300136 [信维通信] BUY @ 60.19 (VR:0.18)
[2026-07-31 10:44:55]  [行10] 解析成功: SZSE.300821 [东岳硅材] BUY @ 14.7 (VR:0.1)
[2026-07-31 10:44:55]  [行11] 解析成功: SZSE.300236 [上海新阳] BUY @ 87.29 (VR:0.16)
[2026-07-31 10:44:55]  [行12] 解析成功: SZSE.300057 [万顺新材] BUY @ 6.13 (VR:1.13)
[2026-07-31 10:44:55]  [行13] 解析成功: SZSE.301178 [天亿马] BUY @ 31.81 (VR:2.57)
[2026-07-31 10:44:55]  [行14] 解析成功: SZSE.300184 [力源信息] BUY @ 11.76 (VR:1.53)
[2026-07-31 10:44:55]  [行15] 解析成功: SZSE.002158 [汉钟精机] BUY @ 25.9 (VR:1.66)
[2026-07-31 10:44:55]  [行16] 解析成功: SZSE.002635 [安洁科技] BUY @ 13.42 (VR:0.53)
[2026-07-31 10:44:56] 成功保存 16 条因子至: signal_batch_20260731_104456_009396.txt
[2026-07-31 10:44:56]  QQ-备用 邮件 3266 处理完成
[2026-07-31 10:44:56]  QQ-备用 本轮共成功处理 1 封有效信号邮件
[2026-07-31 10:45:31]  正在连接 QQ-主 邮箱服务器 (497720537@qq.com) ...
[2026-07-31 10:45:31]  正在连接 QQ-备用 邮箱服务器 (shouqianbadavid@qq.com) ...
[2026-07-31 10:46:07]  正在连接 QQ-主 邮箱服务器 (497720537@qq.com) ...
[2026-07-31 10:46:08]  正在连接 QQ-备用 邮箱服务器 (shouqianbadavid@qq.com) ...
[2026-07-31 10:46:43]  正在连接 QQ-主 邮箱服务器 (497720537@qq.com) ...
[2026-07-31 10:46:44]  QQ-主 正在解析因子: =?utf-8?b?QWxwaGFQaWxvdCDlrp7ml7bkv6Hlj7cgKGFscGhhX3NpZ25hbF90aHJfMjAyNjA3MzFfMTA0Ni5qc29uKSBb5Li7UVEt5a+55aSWXQ==?=
[2026-07-31 10:46:44]  发现表格，共 18 行数据
[2026-07-31 10:46:44]  动态索引映射: ['股票代码', '股票名称', '信号', '当前价格', '量比', '来源过滤']
[2026-07-31 10:46:44]  [行1] 解析成功: SHSE.688286 [敏芯股份] BUY @ 39.96 (VR:1.88)
[2026-07-31 10:46:44]  [行2] 解析成功: SHSE.688216 [气派科技] BUY @ 26.11 (VR:0.14)
[2026-07-31 10:46:44]  [行3] 解析成功: SHSE.688721 [龙图光罩] BUY @ 36.05 (VR:1.15)
[2026-07-31 10:46:44]  [行4] 解析成功: SHSE.688249 [晶合集成] BUY @ 38.62 (VR:0.49)
[2026-07-31 10:46:44]  [行5] 解析成功: SHSE.688138 [清溢光电] BUY @ 28.85 (VR:0.65)
[2026-07-31 10:46:44]  [行6] 解析成功: SZSE.301252 [同星科技] BUY @ 28.1 (VR:1.28)
[2026-07-31 10:46:44]  [行7] 解析成功: SZSE.301392 [汇成真空] BUY @ 131.98 (VR:0.13)
[2026-07-31 10:46:44]  [行8] 解析成功: SZSE.300214 [日科化学] BUY @ 11.89 (VR:0.03)
[2026-07-31 10:46:44]  [行9] 解析成功: SZSE.300661 [圣邦股份] BUY @ 99.41 (VR:0.16)
[2026-07-31 10:46:44]  [行10] 解析成功: SHSE.688286 [敏芯股份] BUY @ 40.09 (VR:2.43)
[2026-07-31 10:46:44]  [行11] 解析成功: SHSE.688216 [气派科技] BUY @ 26.17 (VR:0.42)
[2026-07-31 10:46:44]  [行12] 解析成功: SHSE.688721 [龙图光罩] BUY @ 36.14 (VR:0.65)
[2026-07-31 10:46:44]  [行13] 解析成功: SHSE.688249 [晶合集成] BUY @ 38.75 (VR:0.41)
[2026-07-31 10:46:44]  [行14] 解析成功: SHSE.688138 [清溢光电] BUY @ 28.86 (VR:1.99)
[2026-07-31 10:46:44]  [行15] 解析成功: SZSE.301252 [同星科技] BUY @ 28.21 (VR:1.18)
[2026-07-31 10:46:44]  [行16] 解析成功: SZSE.301392 [汇成真空] BUY @ 132.94 (VR:0.97)
[2026-07-31 10:46:44]  [行17] 解析成功: SZSE.300214 [日科化学] BUY @ 11.95 (VR:0.9)
[2026-07-31 10:46:44]  [行18] 解析成功: SZSE.300661 [圣邦股份] BUY @ 99.46 (VR:0.9)
[2026-07-31 10:46:44] 成功保存 18 条因子至: signal_batch_20260731_104644_359456.txt
[2026-07-31 10:46:44]  QQ-主 邮件 5590 处理完成
[2026-07-31 10:46:44]  QQ-主 本轮共成功处理 1 封有效信号邮件
[2026-07-31 10:46:44]  正在连接 QQ-备用 邮箱服务器 (shouqianbadavid@qq.com) ...
[2026-07-31 10:47:20]  正在连接 QQ-主 邮箱服务器 (497720537@qq.com) ...
[2026-07-31 10:47:21]  正在连接 QQ-备用 邮箱服务器 (shouqianbadavid@qq.com) ...
[2026-07-31 10:47:22]  QQ-备用 正在解析因子: =?utf-8?b?QWxwaGFQaWxvdCDlpIfku73kv6Hlj7cgKGFscGhhX3NpZ25hbF90aHJfMjAyNjA3MzFfMTA0Ni5qc29uKSBb5aSHUVEt6Ieq5L+dXQ==?=
[2026-07-31 10:47:22]  发现表格，共 18 行数据
[2026-07-31 10:47:22]  动态索引映射: ['股票代码', '股票名称', '信号', '当前价格', '量比', '来源过滤']
[2026-07-31 10:47:22]  [行1] 解析成功: SHSE.688286 [敏芯股份] BUY @ 39.96 (VR:1.88)
[2026-07-31 10:47:22]  [行2] 解析成功: SHSE.688216 [气派科技] BUY @ 26.11 (VR:0.14)
[2026-07-31 10:47:22]  [行3] 解析成功: SHSE.688721 [龙图光罩] BUY @ 36.05 (VR:1.15)
[2026-07-31 10:47:22]  [行4] 解析成功: SHSE.688249 [晶合集成] BUY @ 38.62 (VR:0.49)
[2026-07-31 10:47:22]  [行5] 解析成功: SHSE.688138 [清溢光电] BUY @ 28.85 (VR:0.65)
[2026-07-31 10:47:22]  [行6] 解析成功: SZSE.301252 [同星科技] BUY @ 28.1 (VR:1.28)
[2026-07-31 10:47:22]  [行7] 解析成功: SZSE.301392 [汇成真空] BUY @ 131.98 (VR:0.13)
[2026-07-31 10:47:22]  [行8] 解析成功: SZSE.300214 [日科化学] BUY @ 11.89 (VR:0.03)
[2026-07-31 10:47:22]  [行9] 解析成功: SZSE.300661 [圣邦股份] BUY @ 99.41 (VR:0.16)
[2026-07-31 10:47:22]  [行10] 解析成功: SHSE.688286 [敏芯股份] BUY @ 40.09 (VR:2.43)
[2026-07-31 10:47:22]  [行11] 解析成功: SHSE.688216 [气派科技] BUY @ 26.17 (VR:0.42)
[2026-07-31 10:47:22]  [行12] 解析成功: SHSE.688721 [龙图光罩] BUY @ 36.14 (VR:0.65)
[2026-07-31 10:47:22]  [行13] 解析成功: SHSE.688249 [晶合集成] BUY @ 38.75 (VR:0.41)
[2026-07-31 10:47:22]  [行14] 解析成功: SHSE.688138 [清溢光电] BUY @ 28.86 (VR:1.99)
[2026-07-31 10:47:22]  [行15] 解析成功: SZSE.301252 [同星科技] BUY @ 28.21 (VR:1.18)
[2026-07-31 10:47:22]  [行16] 解析成功: SZSE.301392 [汇成真空] BUY @ 132.94 (VR:0.97)
[2026-07-31 10:47:22]  [行17] 解析成功: SZSE.300214 [日科化学] BUY @ 11.95 (VR:0.9)
[2026-07-31 10:47:22]  [行18] 解析成功: SZSE.300661 [圣邦股份] BUY @ 99.46 (VR:0.9)
[2026-07-31 10:47:22] 成功保存 18 条因子至: signal_batch_20260731_104722_145794.txt
[2026-07-31 10:47:22]  QQ-备用 邮件 3267 处理完成
[2026-07-31 10:47:22]  QQ-备用 本轮共成功处理 1 封有效信号邮件
[2026-07-31 10:47:57]  正在连接 QQ-主 邮箱服务器 (497720537@qq.com) ...
[2026-07-31 10:47:58]  正在连接 QQ-备用 邮箱服务器 (shouqianbadavid@qq.com) ...
[2026-07-31 10:48:34]  正在连接 QQ-主 邮箱服务器 (497720537@qq.com) ...
[2026-07-31 10:48:34]  QQ-主 正在解析因子: =?utf-8?b?QWxwaGFQaWxvdCDlrp7ml7bkv6Hlj7cgKGFscGhhX3NpZ25hbF90aHJfMjAyNjA3MzFfMTA0OC5qc29uKSBb5Li7UVEt5a+55aSWXQ==?=
[2026-07-31 10:48:34]  发现表格，共 16 行数据
[2026-07-31 10:48:34]  动态索引映射: ['股票代码', '股票名称', '信号', '当前价格', '量比', '来源过滤']
[2026-07-31 10:48:34]  [行1] 解析成功: SHSE.688665 [四方光电] BUY @ 43.22 (VR:0.94)
[2026-07-31 10:48:34]  [行2] 解析成功: SHSE.688002 [睿创微纳] BUY @ 146.67 (VR:0.98)
[2026-07-31 10:48:34]  [行3] 解析成功: SHSE.688102 [斯瑞新材] BUY @ 28.15 (VR:1.05)
[2026-07-31 10:48:34]  [行4] 解析成功: SHSE.688521 [芯原股份] SELL @ 196.31 (VR:0.7)
[2026-07-31 10:48:34]  [行5] 解析成功: SHSE.688227 [品高股份] BUY @ 70.42 (VR:0.32)
[2026-07-31 10:48:34]  [行6] 解析成功: SZSE.300689 [澄天伟业] SELL @ 44.3 (VR:0.41)
[2026-07-31 10:48:34]  [行7] 解析成功: SZSE.301045 [天禄科技] SELL @ 58.28 (VR:0.31)
[2026-07-31 10:48:34]  [行8] 解析成功: SZSE.301013 [利和兴] SELL @ 42.19 (VR:0.32)
[2026-07-31 10:48:34]  [行9] 解析成功: SHSE.688665 [四方光电] BUY @ 43.23 (VR:2.05)
[2026-07-31 10:48:34]  [行10] 解析成功: SHSE.688002 [睿创微纳] BUY @ 146.74 (VR:0.25)
[2026-07-31 10:48:34]  [行11] 解析成功: SHSE.688102 [斯瑞新材] BUY @ 28.2 (VR:0.66)
[2026-07-31 10:48:34]  [行12] 解析成功: SHSE.688521 [芯原股份] SELL @ 196.06 (VR:0.63)
[2026-07-31 10:48:34]  [行13] 解析成功: SHSE.688227 [品高股份] BUY @ 70.43 (VR:0.44)
[2026-07-31 10:48:34]  [行14] 解析成功: SZSE.300689 [澄天伟业] SELL @ 44.22 (VR:3.78)
[2026-07-31 10:48:34]  [行15] 解析成功: SZSE.301045 [天禄科技] SELL @ 58.09 (VR:0.47)
[2026-07-31 10:48:34]  [行16] 解析成功: SZSE.301013 [利和兴] SELL @ 41.94 (VR:1.73)
[2026-07-31 10:48:34] 成功保存 16 条因子至: signal_batch_20260731_104834_671467.txt
[2026-07-31 10:48:34]  QQ-主 邮件 5591 处理完成
[2026-07-31 10:48:34]  QQ-主 本轮共成功处理 1 封有效信号邮件
[2026-07-31 10:48:34]  正在连接 QQ-备用 邮箱服务器 (shouqianbadavid@qq.com) ...
[2026-07-31 10:49:10]  正在连接 QQ-主 邮箱服务器 (497720537@qq.com) ...
[2026-07-31 10:49:11]  正在连接 QQ-备用 邮箱服务器 (shouqianbadavid@qq.com) ...
[2026-07-31 10:49:46]  正在连接 QQ-主 邮箱服务器 (497720537@qq.com) ...
[2026-07-31 10:49:47]  正在连接 QQ-备用 邮箱服务器 (shouqianbadavid@qq.com) ...
[2026-07-31 10:49:48]  QQ-备用 正在解析因子: =?utf-8?b?QWxwaGFQaWxvdCDlpIfku73kv6Hlj7cgKGFscGhhX3NpZ25hbF90aHJfMjAyNjA3MzFfMTA0OC5qc29uKSBb5aSHUVEt6Ieq5L+dXQ==?=
[2026-07-31 10:49:48]  发现表格，共 16 行数据
[2026-07-31 10:49:48]  动态索引映射: ['股票代码', '股票名称', '信号', '当前价格', '量比', '来源过滤']
[2026-07-31 10:49:48]  [行1] 解析成功: SHSE.688665 [四方光电] BUY @ 43.22 (VR:0.94)
[2026-07-31 10:49:48]  [行2] 解析成功: SHSE.688002 [睿创微纳] BUY @ 146.67 (VR:0.98)
[2026-07-31 10:49:48]  [行3] 解析成功: SHSE.688102 [斯瑞新材] BUY @ 28.15 (VR:1.05)
[2026-07-31 10:49:48]  [行4] 解析成功: SHSE.688521 [芯原股份] SELL @ 196.31 (VR:0.7)
[2026-07-31 10:49:48]  [行5] 解析成功: SHSE.688227 [品高股份] BUY @ 70.42 (VR:0.32)
[2026-07-31 10:49:48]  [行6] 解析成功: SZSE.300689 [澄天伟业] SELL @ 44.3 (VR:0.41)
[2026-07-31 10:49:48]  [行7] 解析成功: SZSE.301045 [天禄科技] SELL @ 58.28 (VR:0.31)
[2026-07-31 10:49:48]  [行8] 解析成功: SZSE.301013 [利和兴] SELL @ 42.19 (VR:0.32)
[2026-07-31 10:49:48]  [行9] 解析成功: SHSE.688665 [四方光电] BUY @ 43.23 (VR:2.05)
[2026-07-31 10:49:48]  [行10] 解析成功: SHSE.688002 [睿创微纳] BUY @ 146.74 (VR:0.25)
[2026-07-31 10:49:48]  [行11] 解析成功: SHSE.688102 [斯瑞新材] BUY @ 28.2 (VR:0.66)
[2026-07-31 10:49:48]  [行12] 解析成功: SHSE.688521 [芯原股份] SELL @ 196.06 (VR:0.63)
[2026-07-31 10:49:48]  [行13] 解析成功: SHSE.688227 [品高股份] BUY @ 70.43 (VR:0.44)
[2026-07-31 10:49:48]  [行14] 解析成功: SZSE.300689 [澄天伟业] SELL @ 44.22 (VR:3.78)
[2026-07-31 10:49:48]  [行15] 解析成功: SZSE.301045 [天禄科技] SELL @ 58.09 (VR:0.47)
[2026-07-31 10:49:48]  [行16] 解析成功: SZSE.301013 [利和兴] SELL @ 41.94 (VR:1.73)
[2026-07-31 10:49:48] 成功保存 16 条因子至: signal_batch_20260731_104948_680087.txt
[2026-07-31 10:49:48]  QQ-备用 邮件 3268 处理完成
[2026-07-31 10:49:48]  QQ-备用 本轮共成功处理 1 封有效信号邮件
[2026-07-31 10:50:23]  正在连接 QQ-主 邮箱服务器 (497720537@qq.com) ...
[2026-07-31 10:50:24]  正在连接 QQ-备用 邮箱服务器 (shouqianbadavid@qq.com) ...
[2026-07-31 10:51:00]  正在连接 QQ-主 邮箱服务器 (497720537@qq.com) ...
[2026-07-31 10:51:01]  QQ-主 正在解析因子: =?utf-8?b?QWxwaGFQaWxvdCDlrp7ml7bkv6Hlj7cgKGFscGhhX3NpZ25hbF90aHJfMjAyNjA3MzFfMTA1MC5qc29uKSBb5Li7UVEt5a+55aSWXQ==?=
[2026-07-31 10:51:01]  发现表格，共 8 行数据
[2026-07-31 10:51:01]  动态索引映射: ['股票代码', '股票名称', '信号', '当前价格', '量比', '来源过滤']
[2026-07-31 10:51:01]  [行1] 解析成功: SHSE.601138 [工业富联] SELL @ 56.7 (VR:0.56)
[2026-07-31 10:51:01]  [行2] 解析成功: SZSE.300346 [南大光电] SELL @ 50.4 (VR:1.09)
[2026-07-31 10:51:01]  [行3] 解析成功: SZSE.301018 [申菱环境] SELL @ 72.28 (VR:0.32)
[2026-07-31 10:51:01]  [行4] 解析成功: SZSE.300868 [杰美特] SELL @ 74.0 (VR:1.51)
[2026-07-31 10:51:01]  [行5] 解析成功: SHSE.601138 [工业富联] SELL @ 56.67 (VR:0.27)
[2026-07-31 10:51:01]  [行6] 解析成功: SZSE.300346 [南大光电] SELL @ 50.23 (VR:0.57)
[2026-07-31 10:51:01]  [行7] 解析成功: SZSE.301018 [申菱环境] SELL @ 72.19 (VR:0.78)
[2026-07-31 10:51:01]  [行8] 解析成功: SZSE.300868 [杰美特] SELL @ 73.46 (VR:0.15)
[2026-07-31 10:51:01] 成功保存 8 条因子至: signal_batch_20260731_105101_502655.txt
[2026-07-31 10:51:01]  QQ-主 邮件 5592 处理完成
[2026-07-31 10:51:01]  QQ-主 本轮共成功处理 1 封有效信号邮件
[2026-07-31 10:51:01]  正在连接 QQ-备用 邮箱服务器 (shouqianbadavid@qq.com) ...
[2026-07-31 10:51:37]  正在连接 QQ-主 邮箱服务器 (497720537@qq.com) ...
[2026-07-31 10:51:38]  正在连接 QQ-备用 邮箱服务器 (shouqianbadavid@qq.com) ...
[2026-07-31 10:52:13]  正在连接 QQ-主 邮箱服务器 (497720537@qq.com) ...
[2026-07-31 10:52:14]  正在连接 QQ-备用 邮箱服务器 (shouqianbadavid@qq.com) ...
[2026-07-31 10:52:15]  QQ-备用 正在解析因子: =?utf-8?b?QWxwaGFQaWxvdCDlpIfku73kv6Hlj7cgKGFscGhhX3NpZ25hbF90aHJfMjAyNjA3MzFfMTA1MC5qc29uKSBb5aSHUVEt6Ieq5L+dXQ==?=
[2026-07-31 10:52:15]  发现表格，共 8 行数据
[2026-07-31 10:52:15]  动态索引映射: ['股票代码', '股票名称', '信号', '当前价格', '量比', '来源过滤']
[2026-07-31 10:52:15]  [行1] 解析成功: SHSE.601138 [工业富联] SELL @ 56.7 (VR:0.56)
[2026-07-31 10:52:15]  [行2] 解析成功: SZSE.300346 [南大光电] SELL @ 50.4 (VR:1.09)
[2026-07-31 10:52:15]  [行3] 解析成功: SZSE.301018 [申菱环境] SELL @ 72.28 (VR:0.32)
[2026-07-31 10:52:15]  [行4] 解析成功: SZSE.300868 [杰美特] SELL @ 74.0 (VR:1.51)
[2026-07-31 10:52:15]  [行5] 解析成功: SHSE.601138 [工业富联] SELL @ 56.67 (VR:0.27)
[2026-07-31 10:52:15]  [行6] 解析成功: SZSE.300346 [南大光电] SELL @ 50.23 (VR:0.57)
[2026-07-31 10:52:15]  [行7] 解析成功: SZSE.301018 [申菱环境] SELL @ 72.19 (VR:0.78)
[2026-07-31 10:52:15]  [行8] 解析成功: SZSE.300868 [杰美特] SELL @ 73.46 (VR:0.15)
[2026-07-31 10:52:15] 成功保存 8 条因子至: signal_batch_20260731_105215_203217.txt
[2026-07-31 10:52:15]  QQ-备用 邮件 3269 处理完成
[2026-07-31 10:52:15]  QQ-备用 本轮共成功处理 1 封有效信号邮件
[2026-07-31 10:52:50]  正在连接 QQ-主 邮箱服务器 (497720537@qq.com) ...
[2026-07-31 10:52:51]  QQ-主 正在解析因子: =?utf-8?b?QWxwaGFQaWxvdCDlrp7ml7bkv6Hlj7cgKGFscGhhX3NpZ25hbF90aHJfMjAyNjA3MzFfMTA1Mi5qc29uKSBb5Li7UVEt5a+55aSWXQ==?=
[2026-07-31 10:52:51]  发现表格，共 16 行数据
[2026-07-31 10:52:51]  动态索引映射: ['股票代码', '股票名称', '信号', '当前价格', '量比', '来源过滤']
[2026-07-31 10:52:51]  [行1] 解析成功: SHSE.605111 [新洁能] BUY @ 50.36 (VR:0.08)
[2026-07-31 10:52:51]  [行2] 解析成功: SHSE.600460 [士兰微] BUY @ 28.79 (VR:0.48)
[2026-07-31 10:52:51]  [行3] 解析成功: SZSE.003031 [中瓷电子] BUY @ 97.38 (VR:0.47)
[2026-07-31 10:52:51]  [行4] 解析成功: SZSE.002643 [万润股份] BUY @ 12.98 (VR:1.99)
[2026-07-31 10:52:51]  [行5] 解析成功: SZSE.002937 [兴瑞科技] BUY @ 26.19 (VR:0.56)
[2026-07-31 10:52:51]  [行6] 解析成功: SZSE.000920 [沃顿科技] BUY @ 10.89 (VR:0.08)
[2026-07-31 10:52:51]  [行7] 解析成功: SZSE.000823 [超声电子] BUY @ 12.81 (VR:1.01)
[2026-07-31 10:52:51]  [行8] 解析成功: SZSE.300607 [拓斯达] BUY @ 29.13 (VR:0.51)
[2026-07-31 10:52:51]  [行9] 解析成功: SHSE.605111 [新洁能] BUY @ 50.43 (VR:0.49)
[2026-07-31 10:52:51]  [行10] 解析成功: SHSE.600460 [士兰微] BUY @ 28.82 (VR:1.98)
[2026-07-31 10:52:51]  [行11] 解析成功: SZSE.003031 [中瓷电子] BUY @ 97.51 (VR:0.2)
[2026-07-31 10:52:51]  [行12] 解析成功: SZSE.002643 [万润股份] BUY @ 13.01 (VR:0.33)
[2026-07-31 10:52:51]  [行13] 解析成功: SZSE.002937 [兴瑞科技] BUY @ 26.2 (VR:0.22)
[2026-07-31 10:52:51]  [行14] 解析成功: SZSE.000920 [沃顿科技] BUY @ 10.9 (VR:0.06)
[2026-07-31 10:52:51]  [行15] 解析成功: SZSE.000823 [超声电子] BUY @ 12.82 (VR:0.38)
[2026-07-31 10:52:51]  [行16] 解析成功: SZSE.300607 [拓斯达] BUY @ 29.16 (VR:0.24)
[2026-07-31 10:52:51] 成功保存 16 条因子至: signal_batch_20260731_105251_313978.txt
[2026-07-31 10:52:51]  QQ-主 邮件 5593 处理完成
[2026-07-31 10:52:51]  QQ-主 本轮共成功处理 1 封有效信号邮件
[2026-07-31 10:52:51]  正在连接 QQ-备用 邮箱服务器 (shouqianbadavid@qq.com) ...
[2026-07-31 10:53:27]  正在连接 QQ-主 邮箱服务器 (497720537@qq.com) ...
[2026-07-31 10:53:28]  正在连接 QQ-备用 邮箱服务器 (shouqianbadavid@qq.com) ...
[2026-07-31 10:54:03]  正在连接 QQ-主 邮箱服务器 (497720537@qq.com) ...
[2026-07-31 10:54:04]  正在连接 QQ-备用 邮箱服务器 (shouqianbadavid@qq.com) ...
[2026-07-31 10:54:39]  正在连接 QQ-主 邮箱服务器 (497720537@qq.com) ...
[2026-07-31 10:54:40]  正在连接 QQ-备用 邮箱服务器 (shouqianbadavid@qq.com) ...
[2026-07-31 10:54:41]  QQ-备用 正在解析因子: =?utf-8?b?QWxwaGFQaWxvdCDlpIfku73kv6Hlj7cgKGFscGhhX3NpZ25hbF90aHJfMjAyNjA3MzFfMTA1Mi5qc29uKSBb5aSHUVEt6Ieq5L+dXQ==?=
[2026-07-31 10:54:41]  发现表格，共 16 行数据
[2026-07-31 10:54:41]  动态索引映射: ['股票代码', '股票名称', '信号', '当前价格', '量比', '来源过滤']
[2026-07-31 10:54:41]  [行1] 解析成功: SHSE.605111 [新洁能] BUY @ 50.36 (VR:0.08)
[2026-07-31 10:54:41]  [行2] 解析成功: SHSE.600460 [士兰微] BUY @ 28.79 (VR:0.48)
[2026-07-31 10:54:41]  [行3] 解析成功: SZSE.003031 [中瓷电子] BUY @ 97.38 (VR:0.47)
[2026-07-31 10:54:41]  [行4] 解析成功: SZSE.002643 [万润股份] BUY @ 12.98 (VR:1.99)
[2026-07-31 10:54:41]  [行5] 解析成功: SZSE.002937 [兴瑞科技] BUY @ 26.19 (VR:0.56)
[2026-07-31 10:54:41]  [行6] 解析成功: SZSE.000920 [沃顿科技] BUY @ 10.89 (VR:0.08)
[2026-07-31 10:54:41]  [行7] 解析成功: SZSE.000823 [超声电子] BUY @ 12.81 (VR:1.01)
[2026-07-31 10:54:41]  [行8] 解析成功: SZSE.300607 [拓斯达] BUY @ 29.13 (VR:0.51)
[2026-07-31 10:54:41]  [行9] 解析成功: SHSE.605111 [新洁能] BUY @ 50.43 (VR:0.49)
[2026-07-31 10:54:41]  [行10] 解析成功: SHSE.600460 [士兰微] BUY @ 28.82 (VR:1.98)
[2026-07-31 10:54:41]  [行11] 解析成功: SZSE.003031 [中瓷电子] BUY @ 97.51 (VR:0.2)
[2026-07-31 10:54:41]  [行12] 解析成功: SZSE.002643 [万润股份] BUY @ 13.01 (VR:0.33)
[2026-07-31 10:54:41]  [行13] 解析成功: SZSE.002937 [兴瑞科技] BUY @ 26.2 (VR:0.22)
[2026-07-31 10:54:41]  [行14] 解析成功: SZSE.000920 [沃顿科技] BUY @ 10.9 (VR:0.06)
[2026-07-31 10:54:41]  [行15] 解析成功: SZSE.000823 [超声电子] BUY @ 12.82 (VR:0.38)
[2026-07-31 10:54:41]  [行16] 解析成功: SZSE.300607 [拓斯达] BUY @ 29.16 (VR:0.24)
[2026-07-31 10:54:41] 成功保存 16 条因子至: signal_batch_20260731_105441_642544.txt
[2026-07-31 10:54:41]  QQ-备用 邮件 3270 处理完成
[2026-07-31 10:54:41]  QQ-备用 本轮共成功处理 1 封有效信号邮件
[2026-07-31 10:55:17]  正在连接 QQ-主 邮箱服务器 (497720537@qq.com) ...
[2026-07-31 10:55:18]  QQ-主 正在解析因子: =?utf-8?b?QWxwaGFQaWxvdCDlrp7ml7bkv6Hlj7cgKGFscGhhX3NpZ25hbF90aHJfMjAyNjA3MzFfMTA1NC5qc29uKSBb5Li7UVEt5a+55aSWXQ==?=
[2026-07-31 10:55:18]  发现表格，共 14 行数据
[2026-07-31 10:55:18]  动态索引映射: ['股票代码', '股票名称', '信号', '当前价格', '量比', '来源过滤']
[2026-07-31 10:55:18]  [行1] 解析成功: SHSE.688261 [东微半导] BUY @ 66.1 (VR:0.28)
[2026-07-31 10:55:18]  [行2] 解析成功: SHSE.688199 [久日新材] SELL @ 20.74 (VR:0.26)
[2026-07-31 10:55:18]  [行3] 解析成功: SZSE.300136 [信维通信] SELL @ 60.24 (VR:0.06)
[2026-07-31 10:55:18]  [行4] 解析成功: SZSE.300236 [上海新阳] BUY @ 86.99 (VR:0.17)
[2026-07-31 10:55:18]  [行5] 解析成功: SZSE.300767 [震安科技] SELL @ 16.07 (VR:0.59)
[2026-07-31 10:55:18]  [行6] 解析成功: SZSE.301178 [天亿马] BUY @ 31.79 (VR:0.66)
[2026-07-31 10:55:18]  [行7] 解析成功: SZSE.002158 [汉钟精机] BUY @ 25.76 (VR:0.34)
[2026-07-31 10:55:18]  [行8] 解析成功: SHSE.688261 [东微半导] BUY @ 66.41 (VR:0.17)
[2026-07-31 10:55:18]  [行9] 解析成功: SHSE.688199 [久日新材] SELL @ 20.73 (VR:0.61)
[2026-07-31 10:55:18]  [行10] 解析成功: SZSE.300136 [信维通信] SELL @ 60.09 (VR:0.76)
[2026-07-31 10:55:18]  [行11] 解析成功: SZSE.300236 [上海新阳] BUY @ 87.07 (VR:0.4)
[2026-07-31 10:55:18]  [行12] 解析成功: SZSE.300767 [震安科技] SELL @ 16.06 (VR:0.12)
[2026-07-31 10:55:18]  [行13] 解析成功: SZSE.301178 [天亿马] BUY @ 31.82 (VR:0.06)
[2026-07-31 10:55:18]  [行14] 解析成功: SZSE.002158 [汉钟精机] BUY @ 25.77 (VR:0.37)
[2026-07-31 10:55:18] 成功保存 14 条因子至: signal_batch_20260731_105518_373635.txt
[2026-07-31 10:55:18]  QQ-主 邮件 5594 处理完成
[2026-07-31 10:55:18]  QQ-主 本轮共成功处理 1 封有效信号邮件
[2026-07-31 10:55:18]  正在连接 QQ-备用 邮箱服务器 (shouqianbadavid@qq.com) ...
[2026-07-31 10:55:54]  正在连接 QQ-主 邮箱服务器 (497720537@qq.com) ...
[2026-07-31 10:55:55]  正在连接 QQ-备用 邮箱服务器 (shouqianbadavid@qq.com) ...
[2026-07-31 10:56:30]  正在连接 QQ-主 邮箱服务器 (497720537@qq.com) ...
[2026-07-31 10:56:31]  正在连接 QQ-备用 邮箱服务器 (shouqianbadavid@qq.com) ...
[2026-07-31 10:57:06]  正在连接 QQ-主 邮箱服务器 (497720537@qq.com) ...
[2026-07-31 10:57:07]  QQ-主 正在解析因子: =?utf-8?b?QWxwaGFQaWxvdCDlrp7ml7bkv6Hlj7cgKGFscGhhX3NpZ25hbF90aHJfMjAyNjA3MzFfMTA1Ni5qc29uKSBb5Li7UVEt5a+55aSWXQ==?=
[2026-07-31 10:57:07]  发现表格，共 18 行数据
[2026-07-31 10:57:07]  动态索引映射: ['股票代码', '股票名称', '信号', '当前价格', '量比', '来源过滤']
[2026-07-31 10:57:07]  [行1] 解析成功: SHSE.688286 [敏芯股份] BUY @ 39.97 (VR:0.14)
[2026-07-31 10:57:07]  [行2] 解析成功: SHSE.688511 [天微电子] BUY @ 20.73 (VR:0.41)
[2026-07-31 10:57:07]  [行3] 解析成功: SHSE.688249 [晶合集成] SELL @ 38.5 (VR:0.15)
[2026-07-31 10:57:07]  [行4] 解析成功: SHSE.688138 [清溢光电] SELL @ 28.77 (VR:0.1)
[2026-07-31 10:57:07]  [行5] 解析成功: SZSE.301392 [汇成真空] SELL @ 131.76 (VR:0.75)
[2026-07-31 10:57:07]  [行6] 解析成功: SZSE.300088 [长信科技] BUY @ 6.8 (VR:0.17)
[2026-07-31 10:57:07]  [行7] 解析成功: SZSE.300420 [五洋自控] BUY @ 5.87 (VR:0.5)
[2026-07-31 10:57:07]  [行8] 解析成功: SZSE.300661 [圣邦股份] BUY @ 98.47 (VR:0.58)
[2026-07-31 10:57:07]  [行9] 解析成功: SZSE.300780 [德恩精工] BUY @ 17.67 (VR:0.25)
[2026-07-31 10:57:07]  [行10] 解析成功: SHSE.688286 [敏芯股份] BUY @ 39.98 (VR:0.27)
[2026-07-31 10:57:07]  [行11] 解析成功: SHSE.688511 [天微电子] BUY @ 20.75 (VR:0.6)
[2026-07-31 10:57:07]  [行12] 解析成功: SHSE.688249 [晶合集成] SELL @ 38.49 (VR:0.27)
[2026-07-31 10:57:07]  [行13] 解析成功: SHSE.688138 [清溢光电] SELL @ 28.76 (VR:0.06)
[2026-07-31 10:57:07]  [行14] 解析成功: SZSE.301392 [汇成真空] SELL @ 131.73 (VR:0.73)
[2026-07-31 10:57:07]  [行15] 解析成功: SZSE.300088 [长信科技] BUY @ 6.81 (VR:0.18)
[2026-07-31 10:57:07]  [行16] 解析成功: SZSE.300420 [五洋自控] BUY @ 5.88 (VR:0.05)
[2026-07-31 10:57:07]  [行17] 解析成功: SZSE.300661 [圣邦股份] BUY @ 98.81 (VR:0.33)
[2026-07-31 10:57:07]  [行18] 解析成功: SZSE.300780 [德恩精工] BUY @ 17.71 (VR:0.18)
[2026-07-31 10:57:07] 成功保存 18 条因子至: signal_batch_20260731_105707_779114.txt
[2026-07-31 10:57:08]  QQ-主 邮件 5595 处理完成
[2026-07-31 10:57:08]  QQ-主 本轮共成功处理 1 封有效信号邮件
[2026-07-31 10:57:08]  正在连接 QQ-备用 邮箱服务器 (shouqianbadavid@qq.com) ...
[2026-07-31 10:57:09]  QQ-备用 正在解析因子: =?utf-8?b?QWxwaGFQaWxvdCDlpIfku73kv6Hlj7cgKGFscGhhX3NpZ25hbF90aHJfMjAyNjA3MzFfMTA1NC5qc29uKSBb5aSHUVEt6Ieq5L+dXQ==?=
[2026-07-31 10:57:09]  发现表格，共 14 行数据
[2026-07-31 10:57:09]  动态索引映射: ['股票代码', '股票名称', '信号', '当前价格', '量比', '来源过滤']
[2026-07-31 10:57:09]  [行1] 解析成功: SHSE.688261 [东微半导] BUY @ 66.1 (VR:0.28)
[2026-07-31 10:57:09]  [行2] 解析成功: SHSE.688199 [久日新材] SELL @ 20.74 (VR:0.26)
[2026-07-31 10:57:09]  [行3] 解析成功: SZSE.300136 [信维通信] SELL @ 60.24 (VR:0.06)
[2026-07-31 10:57:09]  [行4] 解析成功: SZSE.300236 [上海新阳] BUY @ 86.99 (VR:0.17)
[2026-07-31 10:57:09]  [行5] 解析成功: SZSE.300767 [震安科技] SELL @ 16.07 (VR:0.59)
[2026-07-31 10:57:09]  [行6] 解析成功: SZSE.301178 [天亿马] BUY @ 31.79 (VR:0.66)
[2026-07-31 10:57:09]  [行7] 解析成功: SZSE.002158 [汉钟精机] BUY @ 25.76 (VR:0.34)
[2026-07-31 10:57:09]  [行8] 解析成功: SHSE.688261 [东微半导] BUY @ 66.41 (VR:0.17)
[2026-07-31 10:57:09]  [行9] 解析成功: SHSE.688199 [久日新材] SELL @ 20.73 (VR:0.61)
[2026-07-31 10:57:09]  [行10] 解析成功: SZSE.300136 [信维通信] SELL @ 60.09 (VR:0.76)
[2026-07-31 10:57:09]  [行11] 解析成功: SZSE.300236 [上海新阳] BUY @ 87.07 (VR:0.4)
[2026-07-31 10:57:09]  [行12] 解析成功: SZSE.300767 [震安科技] SELL @ 16.06 (VR:0.12)
[2026-07-31 10:57:09]  [行13] 解析成功: SZSE.301178 [天亿马] BUY @ 31.82 (VR:0.06)
[2026-07-31 10:57:09]  [行14] 解析成功: SZSE.002158 [汉钟精机] BUY @ 25.77 (VR:0.37)
[2026-07-31 10:57:09] 成功保存 14 条因子至: signal_batch_20260731_105709_063021.txt
[2026-07-31 10:57:09]  QQ-备用 邮件 3271 处理完成
[2026-07-31 10:57:09]  QQ-备用 正在解析因子: =?utf-8?b?QWxwaGFQaWxvdCDlpIfku73kv6Hlj7cgKGFscGhhX3NpZ25hbF90aHJfMjAyNjA3MzFfMTA1Ni5qc29uKSBb5aSHUVEt6Ieq5L+dXQ==?=
[2026-07-31 10:57:09]  发现表格，共 18 行数据
[2026-07-31 10:57:09]  动态索引映射: ['股票代码', '股票名称', '信号', '当前价格', '量比', '来源过滤']
[2026-07-31 10:57:09]  [行1] 解析成功: SHSE.688286 [敏芯股份] BUY @ 39.97 (VR:0.14)
[2026-07-31 10:57:09]  [行2] 解析成功: SHSE.688511 [天微电子] BUY @ 20.73 (VR:0.41)
[2026-07-31 10:57:09]  [行3] 解析成功: SHSE.688249 [晶合集成] SELL @ 38.5 (VR:0.15)
[2026-07-31 10:57:09]  [行4] 解析成功: SHSE.688138 [清溢光电] SELL @ 28.77 (VR:0.1)
[2026-07-31 10:57:09]  [行5] 解析成功: SZSE.301392 [汇成真空] SELL @ 131.76 (VR:0.75)
[2026-07-31 10:57:09]  [行6] 解析成功: SZSE.300088 [长信科技] BUY @ 6.8 (VR:0.17)
[2026-07-31 10:57:09]  [行7] 解析成功: SZSE.300420 [五洋自控] BUY @ 5.87 (VR:0.5)
[2026-07-31 10:57:09]  [行8] 解析成功: SZSE.300661 [圣邦股份] BUY @ 98.47 (VR:0.58)
[2026-07-31 10:57:09]  [行9] 解析成功: SZSE.300780 [德恩精工] BUY @ 17.67 (VR:0.25)
[2026-07-31 10:57:09]  [行10] 解析成功: SHSE.688286 [敏芯股份] BUY @ 39.98 (VR:0.27)
[2026-07-31 10:57:09]  [行11] 解析成功: SHSE.688511 [天微电子] BUY @ 20.75 (VR:0.6)
[2026-07-31 10:57:09]  [行12] 解析成功: SHSE.688249 [晶合集成] SELL @ 38.49 (VR:0.27)
[2026-07-31 10:57:09]  [行13] 解析成功: SHSE.688138 [清溢光电] SELL @ 28.76 (VR:0.06)
[2026-07-31 10:57:09]  [行14] 解析成功: SZSE.301392 [汇成真空] SELL @ 131.73 (VR:0.73)
[2026-07-31 10:57:09]  [行15] 解析成功: SZSE.300088 [长信科技] BUY @ 6.81 (VR:0.18)
[2026-07-31 10:57:09]  [行16] 解析成功: SZSE.300420 [五洋自控] BUY @ 5.88 (VR:0.05)
[2026-07-31 10:57:09]  [行17] 解析成功: SZSE.300661 [圣邦股份] BUY @ 98.81 (VR:0.33)
[2026-07-31 10:57:09]  [行18] 解析成功: SZSE.300780 [德恩精工] BUY @ 17.71 (VR:0.18)
[2026-07-31 10:57:09] 成功保存 18 条因子至: signal_batch_20260731_105709_338849.txt
[2026-07-31 10:57:09]  QQ-备用 邮件 3272 处理完成
[2026-07-31 10:57:09]  QQ-备用 本轮共成功处理 2 封有效信号邮件
[2026-07-31 10:57:44]  正在连接 QQ-主 邮箱服务器 (497720537@qq.com) ...
[2026-07-31 10:57:45]  正在连接 QQ-备用 邮箱服务器 (shouqianbadavid@qq.com) ...
[2026-07-31 10:58:21]  正在连接 QQ-主 邮箱服务器 (497720537@qq.com) ...
[2026-07-31 10:58:21]  正在连接 QQ-备用 邮箱服务器 (shouqianbadavid@qq.com) ...
[2026-07-31 10:58:57]  正在连接 QQ-主 邮箱服务器 (497720537@qq.com) ...
[2026-07-31 10:58:58]  正在连接 QQ-备用 邮箱服务器 (shouqianbadavid@qq.com) ...
[2026-07-31 10:59:33]  正在连接 QQ-主 邮箱服务器 (497720537@qq.com) ...
[2026-07-31 10:59:34]  QQ-主 正在解析因子: =?utf-8?b?QWxwaGFQaWxvdCDlrp7ml7bkv6Hlj7cgKGFscGhhX3NpZ25hbF90aHJfMjAyNjA3MzFfMTA1OC5qc29uKSBb5Li7UVEt5a+55aSWXQ==?=
[2026-07-31 10:59:34]  发现表格，共 14 行数据
[2026-07-31 10:59:34]  动态索引映射: ['股票代码', '股票名称', '信号', '当前价格', '量比', '来源过滤']
[2026-07-31 10:59:34]  [行1] 解析成功: SHSE.688665 [四方光电] BUY @ 43.15 (VR:0.18)
[2026-07-31 10:59:34]  [行2] 解析成功: SHSE.688002 [睿创微纳] SELL @ 146.98 (VR:0.18)
[2026-07-31 10:59:34]  [行3] 解析成功: SHSE.688521 [芯原股份] BUY @ 198.68 (VR:1.59)
[2026-07-31 10:59:34]  [行4] 解析成功: SHSE.688227 [品高股份] SELL @ 70.49 (VR:0.81)
[2026-07-31 10:59:34]  [行5] 解析成功: SZSE.300689 [澄天伟业] BUY @ 44.23 (VR:0.45)
[2026-07-31 10:59:34]  [行6] 解析成功: SZSE.301045 [天禄科技] SELL @ 57.57 (VR:0.12)
[2026-07-31 10:59:34]  [行7] 解析成功: SZSE.301013 [利和兴] SELL @ 41.38 (VR:1.01)
[2026-07-31 10:59:34]  [行8] 解析成功: SHSE.688665 [四方光电] BUY @ 43.2 (VR:0.28)
[2026-07-31 10:59:34]  [行9] 解析成功: SHSE.688002 [睿创微纳] SELL @ 146.75 (VR:0.6)
[2026-07-31 10:59:34]  [行10] 解析成功: SHSE.688521 [芯原股份] BUY @ 198.84 (VR:2.51)
[2026-07-31 10:59:34]  [行11] 解析成功: SHSE.688227 [品高股份] SELL @ 70.24 (VR:0.09)
[2026-07-31 10:59:34]  [行12] 解析成功: SZSE.300689 [澄天伟业] BUY @ 44.28 (VR:2.24)
[2026-07-31 10:59:34]  [行13] 解析成功: SZSE.301045 [天禄科技] SELL @ 57.45 (VR:0.52)
[2026-07-31 10:59:34]  [行14] 解析成功: SZSE.301013 [利和兴] SELL @ 41.21 (VR:0.75)
[2026-07-31 10:59:34] 成功保存 14 条因子至: signal_batch_20260731_105934_582767.txt
[2026-07-31 10:59:34]  QQ-主 邮件 5596 处理完成
[2026-07-31 10:59:34]  QQ-主 本轮共成功处理 1 封有效信号邮件
[2026-07-31 10:59:34]  正在连接 QQ-备用 邮箱服务器 (shouqianbadavid@qq.com) ...
[2026-07-31 10:59:35]  QQ-备用 正在解析因子: =?utf-8?b?QWxwaGFQaWxvdCDlpIfku73kv6Hlj7cgKGFscGhhX3NpZ25hbF90aHJfMjAyNjA3MzFfMTA1OC5qc29uKSBb5aSHUVEt6Ieq5L+dXQ==?=
[2026-07-31 10:59:35]  发现表格，共 14 行数据
[2026-07-31 10:59:35]  动态索引映射: ['股票代码', '股票名称', '信号', '当前价格', '量比', '来源过滤']
[2026-07-31 10:59:35]  [行1] 解析成功: SHSE.688665 [四方光电] BUY @ 43.15 (VR:0.18)
[2026-07-31 10:59:35]  [行2] 解析成功: SHSE.688002 [睿创微纳] SELL @ 146.98 (VR:0.18)
[2026-07-31 10:59:35]  [行3] 解析成功: SHSE.688521 [芯原股份] BUY @ 198.68 (VR:1.59)
[2026-07-31 10:59:35]  [行4] 解析成功: SHSE.688227 [品高股份] SELL @ 70.49 (VR:0.81)
[2026-07-31 10:59:35]  [行5] 解析成功: SZSE.300689 [澄天伟业] BUY @ 44.23 (VR:0.45)
[2026-07-31 10:59:35]  [行6] 解析成功: SZSE.301045 [天禄科技] SELL @ 57.57 (VR:0.12)
[2026-07-31 10:59:35]  [行7] 解析成功: SZSE.301013 [利和兴] SELL @ 41.38 (VR:1.01)
[2026-07-31 10:59:35]  [行8] 解析成功: SHSE.688665 [四方光电] BUY @ 43.2 (VR:0.28)
[2026-07-31 10:59:35]  [行9] 解析成功: SHSE.688002 [睿创微纳] SELL @ 146.75 (VR:0.6)
[2026-07-31 10:59:35]  [行10] 解析成功: SHSE.688521 [芯原股份] BUY @ 198.84 (VR:2.51)
[2026-07-31 10:59:35]  [行11] 解析成功: SHSE.688227 [品高股份] SELL @ 70.24 (VR:0.09)
[2026-07-31 10:59:35]  [行12] 解析成功: SZSE.300689 [澄天伟业] BUY @ 44.28 (VR:2.24)
[2026-07-31 10:59:35]  [行13] 解析成功: SZSE.301045 [天禄科技] SELL @ 57.45 (VR:0.52)
[2026-07-31 10:59:35]  [行14] 解析成功: SZSE.301013 [利和兴] SELL @ 41.21 (VR:0.75)
[2026-07-31 10:59:35] 成功保存 14 条因子至: signal_batch_20260731_105935_661789.txt
[2026-07-31 10:59:35]  QQ-备用 邮件 3273 处理完成
[2026-07-31 10:59:35]  QQ-备用 本轮共成功处理 1 封有效信号邮件
[2026-07-31 11:00:10]  正在连接 QQ-主 邮箱服务器 (497720537@qq.com) ...
[2026-07-31 11:00:12]  正在连接 QQ-备用 邮箱服务器 (shouqianbadavid@qq.com) ...
[2026-07-31 11:00:47]  正在连接 QQ-主 邮箱服务器 (497720537@qq.com) ...
[2026-07-31 11:00:48]  正在连接 QQ-备用 邮箱服务器 (shouqianbadavid@qq.com) ...
[2026-07-31 11:01:24]  正在连接 QQ-主 邮箱服务器 (497720537@qq.com) ...
[2026-07-31 11:01:24]  QQ-主 正在解析因子: =?utf-8?b?QWxwaGFQaWxvdCDlrp7ml7bkv6Hlj7cgKGFscGhhX3NpZ25hbF90aHJfMjAyNjA3MzFfMTEwMC5qc29uKSBb5Li7UVEt5a+55aSWXQ==?=
[2026-07-31 11:01:24]  发现表格，共 8 行数据
[2026-07-31 11:01:24]  动态索引映射: ['股票代码', '股票名称', '信号', '当前价格', '量比', '来源过滤']
[2026-07-31 11:01:24]  [行1] 解析成功: SHSE.601138 [工业富联] BUY @ 56.85 (VR:0.25)
[2026-07-31 11:01:24]  [行2] 解析成功: SZSE.300346 [南大光电] SELL @ 50.28 (VR:0.67)
[2026-07-31 11:01:24]  [行3] 解析成功: SZSE.301018 [申菱环境] SELL @ 72.06 (VR:0.41)
[2026-07-31 11:01:24]  [行4] 解析成功: SZSE.300868 [杰美特] SELL @ 73.27 (VR:0.66)
[2026-07-31 11:01:24]  [行5] 解析成功: SHSE.601138 [工业富联] BUY @ 56.88 (VR:0.76)
[2026-07-31 11:01:24]  [行6] 解析成功: SZSE.300346 [南大光电] SELL @ 50.2 (VR:0.13)
[2026-07-31 11:01:24]  [行7] 解析成功: SZSE.301018 [申菱环境] SELL @ 71.95 (VR:0.99)
[2026-07-31 11:01:24]  [行8] 解析成功: SZSE.300868 [杰美特] SELL @ 73.12 (VR:1.3)
[2026-07-31 11:01:24] 成功保存 8 条因子至: signal_batch_20260731_110124_568336.txt
[2026-07-31 11:01:24]  QQ-主 邮件 5597 处理完成
[2026-07-31 11:01:24]  QQ-主 本轮共成功处理 1 封有效信号邮件
[2026-07-31 11:01:24]  正在连接 QQ-备用 邮箱服务器 (shouqianbadavid@qq.com) ...
[2026-07-31 11:02:00]  正在连接 QQ-主 邮箱服务器 (497720537@qq.com) ...
[2026-07-31 11:02:00]  正在连接 QQ-备用 邮箱服务器 (shouqianbadavid@qq.com) ...
[2026-07-31 11:02:01]  QQ-备用 正在解析因子: =?utf-8?b?QWxwaGFQaWxvdCDlpIfku73kv6Hlj7cgKGFscGhhX3NpZ25hbF90aHJfMjAyNjA3MzFfMTEwMC5qc29uKSBb5aSHUVEt6Ieq5L+dXQ==?=
[2026-07-31 11:02:01]  发现表格，共 8 行数据
[2026-07-31 11:02:01]  动态索引映射: ['股票代码', '股票名称', '信号', '当前价格', '量比', '来源过滤']
[2026-07-31 11:02:01]  [行1] 解析成功: SHSE.601138 [工业富联] BUY @ 56.85 (VR:0.25)
[2026-07-31 11:02:01]  [行2] 解析成功: SZSE.300346 [南大光电] SELL @ 50.28 (VR:0.67)
[2026-07-31 11:02:01]  [行3] 解析成功: SZSE.301018 [申菱环境] SELL @ 72.06 (VR:0.41)
[2026-07-31 11:02:01]  [行4] 解析成功: SZSE.300868 [杰美特] SELL @ 73.27 (VR:0.66)
[2026-07-31 11:02:01]  [行5] 解析成功: SHSE.601138 [工业富联] BUY @ 56.88 (VR:0.76)
[2026-07-31 11:02:01]  [行6] 解析成功: SZSE.300346 [南大光电] SELL @ 50.2 (VR:0.13)
[2026-07-31 11:02:01]  [行7] 解析成功: SZSE.301018 [申菱环境] SELL @ 71.95 (VR:0.99)
[2026-07-31 11:02:01]  [行8] 解析成功: SZSE.300868 [杰美特] SELL @ 73.12 (VR:1.3)
[2026-07-31 11:02:01] 成功保存 8 条因子至: signal_batch_20260731_110201_857887.txt
[2026-07-31 11:02:02]  QQ-备用 邮件 3274 处理完成
[2026-07-31 11:02:02]  QQ-备用 本轮共成功处理 1 封有效信号邮件
[2026-07-31 11:02:37]  正在连接 QQ-主 邮箱服务器 (497720537@qq.com) ...
[2026-07-31 11:02:38]  正在连接 QQ-备用 邮箱服务器 (shouqianbadavid@qq.com) ...
[2026-07-31 11:03:14]  正在连接 QQ-主 邮箱服务器 (497720537@qq.com) ...
[2026-07-31 11:03:15]  正在连接 QQ-备用 邮箱服务器 (shouqianbadavid@qq.com) ...
[2026-07-31 11:03:50]  正在连接 QQ-主 邮箱服务器 (497720537@qq.com) ...
[2026-07-31 11:03:51]  QQ-主 正在解析因子: =?utf-8?b?QWxwaGFQaWxvdCDlrp7ml7bkv6Hlj7cgKGFscGhhX3NpZ25hbF90aHJfMjAyNjA3MzFfMTEwMy5qc29uKSBb5Li7UVEt5a+55aSWXQ==?=
[2026-07-31 11:03:51]  发现表格，共 10 行数据
[2026-07-31 11:03:51]  动态索引映射: ['股票代码', '股票名称', '信号', '当前价格', '量比', '来源过滤']
[2026-07-31 11:03:51]  [行1] 解析成功: SHSE.603618 [杭电股份] BUY @ 22.97 (VR:4.45)
[2026-07-31 11:03:51]  [行2] 解析成功: SHSE.600460 [士兰微] BUY @ 28.87 (VR:1.72)
[2026-07-31 11:03:51]  [行3] 解析成功: SZSE.002643 [万润股份] BUY @ 12.99 (VR:0.01)
[2026-07-31 11:03:51]  [行4] 解析成功: SZSE.300607 [拓斯达] BUY @ 29.45 (VR:0.79)
[2026-07-31 11:03:51]  [行5] 解析成功: SZSE.301070 [开勒股份] BUY @ 54.42 (VR:0.02)
[2026-07-31 11:03:51]  [行6] 解析成功: SHSE.603618 [杭电股份] BUY @ 22.99 (VR:0.83)
[2026-07-31 11:03:51]  [行7] 解析成功: SHSE.600460 [士兰微] BUY @ 28.89 (VR:0.43)
[2026-07-31 11:03:51]  [行8] 解析成功: SZSE.002643 [万润股份] BUY @ 13.02 (VR:1.89)
[2026-07-31 11:03:51]  [行9] 解析成功: SZSE.300607 [拓斯达] BUY @ 29.49 (VR:0.02)
[2026-07-31 11:03:51]  [行10] 解析成功: SZSE.301070 [开勒股份] BUY @ 54.44 (VR:0.12)
[2026-07-31 11:03:51] 成功保存 10 条因子至: signal_batch_20260731_110351_480062.txt
[2026-07-31 11:03:51]  QQ-主 邮件 5598 处理完成
[2026-07-31 11:03:51]  QQ-主 本轮共成功处理 1 封有效信号邮件
[2026-07-31 11:03:51]  正在连接 QQ-备用 邮箱服务器 (shouqianbadavid@qq.com) ...
[2026-07-31 11:04:27]  正在连接 QQ-主 邮箱服务器 (497720537@qq.com) ...
[2026-07-31 11:04:28]  正在连接 QQ-备用 邮箱服务器 (shouqianbadavid@qq.com) ...
[2026-07-31 11:04:29]  QQ-备用 正在解析因子: =?utf-8?b?QWxwaGFQaWxvdCDlpIfku73kv6Hlj7cgKGFscGhhX3NpZ25hbF90aHJfMjAyNjA3MzFfMTEwMy5qc29uKSBb5aSHUVEt6Ieq5L+dXQ==?=
[2026-07-31 11:04:29]  发现表格，共 10 行数据
[2026-07-31 11:04:29]  动态索引映射: ['股票代码', '股票名称', '信号', '当前价格', '量比', '来源过滤']
[2026-07-31 11:04:29]  [行1] 解析成功: SHSE.603618 [杭电股份] BUY @ 22.97 (VR:4.45)
[2026-07-31 11:04:29]  [行2] 解析成功: SHSE.600460 [士兰微] BUY @ 28.87 (VR:1.72)
[2026-07-31 11:04:29]  [行3] 解析成功: SZSE.002643 [万润股份] BUY @ 12.99 (VR:0.01)
[2026-07-31 11:04:29]  [行4] 解析成功: SZSE.300607 [拓斯达] BUY @ 29.45 (VR:0.79)
[2026-07-31 11:04:29]  [行5] 解析成功: SZSE.301070 [开勒股份] BUY @ 54.42 (VR:0.02)
[2026-07-31 11:04:29]  [行6] 解析成功: SHSE.603618 [杭电股份] BUY @ 22.99 (VR:0.83)
[2026-07-31 11:04:29]  [行7] 解析成功: SHSE.600460 [士兰微] BUY @ 28.89 (VR:0.43)
[2026-07-31 11:04:29]  [行8] 解析成功: SZSE.002643 [万润股份] BUY @ 13.02 (VR:1.89)
[2026-07-31 11:04:29]  [行9] 解析成功: SZSE.300607 [拓斯达] BUY @ 29.49 (VR:0.02)
[2026-07-31 11:04:29]  [行10] 解析成功: SZSE.301070 [开勒股份] BUY @ 54.44 (VR:0.12)
[2026-07-31 11:04:29] 成功保存 10 条因子至: signal_batch_20260731_110429_202489.txt
[2026-07-31 11:04:29]  QQ-备用 邮件 3275 处理完成
[2026-07-31 11:04:29]  QQ-备用 本轮共成功处理 1 封有效信号邮件
[2026-07-31 11:05:04]  正在连接 QQ-主 邮箱服务器 (497720537@qq.com) ...
[2026-07-31 11:05:05]  正在连接 QQ-备用 邮箱服务器 (shouqianbadavid@qq.com) ...
[2026-07-31 11:05:41]  正在连接 QQ-主 邮箱服务器 (497720537@qq.com) ...
[2026-07-31 11:05:41]  QQ-主 正在解析因子: =?utf-8?b?QWxwaGFQaWxvdCDlrp7ml7bkv6Hlj7cgKGFscGhhX3NpZ25hbF90aHJfMjAyNjA3MzFfMTEwNS5qc29uKSBb5Li7UVEt5a+55aSWXQ==?=
[2026-07-31 11:05:41]  发现表格，共 4 行数据
[2026-07-31 11:05:41]  动态索引映射: ['股票代码', '股票名称', '信号', '当前价格', '量比', '来源过滤']
[2026-07-31 11:05:41]  [行1] 解析成功: SHSE.688199 [久日新材] BUY @ 20.71 (VR:2.25)
[2026-07-31 11:05:41]  [行2] 解析成功: SZSE.300136 [信维通信] BUY @ 59.87 (VR:1.05)
[2026-07-31 11:05:41]  [行3] 解析成功: SHSE.688199 [久日新材] BUY @ 20.73 (VR:0.93)
[2026-07-31 11:05:41]  [行4] 解析成功: SZSE.300136 [信维通信] BUY @ 59.89 (VR:0.38)
[2026-07-31 11:05:41] 成功保存 4 条因子至: signal_batch_20260731_110541_703947.txt
[2026-07-31 11:05:41]  QQ-主 邮件 5599 处理完成
[2026-07-31 11:05:41]  QQ-主 本轮共成功处理 1 封有效信号邮件
[2026-07-31 11:05:41]  正在连接 QQ-备用 邮箱服务器 (shouqianbadavid@qq.com) ...
[2026-07-31 11:06:17]  正在连接 QQ-主 邮箱服务器 (497720537@qq.com) ...
[2026-07-31 11:06:17]  正在连接 QQ-备用 邮箱服务器 (shouqianbadavid@qq.com) ...
[2026-07-31 11:06:53]  正在连接 QQ-主 邮箱服务器 (497720537@qq.com) ...
[2026-07-31 11:06:54]  正在连接 QQ-备用 邮箱服务器 (shouqianbadavid@qq.com) ...
[2026-07-31 11:06:54]  QQ-备用 正在解析因子: =?utf-8?b?QWxwaGFQaWxvdCDlpIfku73kv6Hlj7cgKGFscGhhX3NpZ25hbF90aHJfMjAyNjA3MzFfMTEwNS5qc29uKSBb5aSHUVEt6Ieq5L+dXQ==?=
[2026-07-31 11:06:54]  发现表格，共 4 行数据
[2026-07-31 11:06:54]  动态索引映射: ['股票代码', '股票名称', '信号', '当前价格', '量比', '来源过滤']
[2026-07-31 11:06:54]  [行1] 解析成功: SHSE.688199 [久日新材] BUY @ 20.71 (VR:2.25)
[2026-07-31 11:06:54]  [行2] 解析成功: SZSE.300136 [信维通信] BUY @ 59.87 (VR:1.05)
[2026-07-31 11:06:54]  [行3] 解析成功: SHSE.688199 [久日新材] BUY @ 20.73 (VR:0.93)
[2026-07-31 11:06:54]  [行4] 解析成功: SZSE.300136 [信维通信] BUY @ 59.89 (VR:0.38)
[2026-07-31 11:06:55] 成功保存 4 条因子至: signal_batch_20260731_110655_019247.txt
[2026-07-31 11:06:55]  QQ-备用 邮件 3276 处理完成
[2026-07-31 11:06:55]  QQ-备用 本轮共成功处理 1 封有效信号邮件
[2026-07-31 11:07:30]  正在连接 QQ-主 邮箱服务器 (497720537@qq.com) ...
[2026-07-31 11:07:31]  正在连接 QQ-备用 邮箱服务器 (shouqianbadavid@qq.com) ...
[2026-07-31 11:08:07]  正在连接 QQ-主 邮箱服务器 (497720537@qq.com) ...
[2026-07-31 11:08:08]  QQ-主 正在解析因子: =?utf-8?b?QWxwaGFQaWxvdCDlrp7ml7bkv6Hlj7cgKGFscGhhX3NpZ25hbF90aHJfMjAyNjA3MzFfMTEwNy5qc29uKSBb5Li7UVEt5a+55aSWXQ==?=
[2026-07-31 11:08:08]  发现表格，共 16 行数据
[2026-07-31 11:08:08]  动态索引映射: ['股票代码', '股票名称', '信号', '当前价格', '量比', '来源过滤']
[2026-07-31 11:08:08]  [行1] 解析成功: SHSE.688216 [气派科技] BUY @ 25.85 (VR:0.5)
[2026-07-31 11:08:08]  [行2] 解析成功: SHSE.688721 [龙图光罩] BUY @ 35.76 (VR:0.06)
[2026-07-31 11:08:08]  [行3] 解析成功: SHSE.688249 [晶合集成] BUY @ 38.21 (VR:0.01)
[2026-07-31 11:08:08]  [行4] 解析成功: SZSE.300285 [国瓷材料] BUY @ 63.58 (VR:0.1)
[2026-07-31 11:08:08]  [行5] 解析成功: SZSE.301252 [同星科技] BUY @ 28.05 (VR:0.33)
[2026-07-31 11:08:08]  [行6] 解析成功: SZSE.300214 [日科化学] BUY @ 11.74 (VR:0.21)
[2026-07-31 11:08:08]  [行7] 解析成功: SZSE.300661 [圣邦股份] BUY @ 97.77 (VR:0.48)
[2026-07-31 11:08:08]  [行8] 解析成功: SZSE.300780 [德恩精工] BUY @ 17.68 (VR:0.31)
[2026-07-31 11:08:08]  [行9] 解析成功: SHSE.688216 [气派科技] BUY @ 25.87 (VR:0.24)
[2026-07-31 11:08:08]  [行10] 解析成功: SHSE.688721 [龙图光罩] BUY @ 35.79 (VR:0.23)
[2026-07-31 11:08:08]  [行11] 解析成功: SHSE.688249 [晶合集成] BUY @ 38.23 (VR:0.53)
[2026-07-31 11:08:08]  [行12] 解析成功: SZSE.300285 [国瓷材料] BUY @ 63.84 (VR:0.14)
[2026-07-31 11:08:08]  [行13] 解析成功: SZSE.301252 [同星科技] BUY @ 28.09 (VR:1.91)
[2026-07-31 11:08:08]  [行14] 解析成功: SZSE.300214 [日科化学] BUY @ 11.76 (VR:0.01)
[2026-07-31 11:08:08]  [行15] 解析成功: SZSE.300661 [圣邦股份] BUY @ 97.84 (VR:0.08)
[2026-07-31 11:08:08]  [行16] 解析成功: SZSE.300780 [德恩精工] BUY @ 17.71 (VR:0.08)
[2026-07-31 11:08:08] 成功保存 16 条因子至: signal_batch_20260731_110808_043578.txt
[2026-07-31 11:08:08]  QQ-主 邮件 5600 处理完成
[2026-07-31 11:08:08]  QQ-主 本轮共成功处理 1 封有效信号邮件
[2026-07-31 11:08:08]  正在连接 QQ-备用 邮箱服务器 (shouqianbadavid@qq.com) ...
[2026-07-31 11:08:44]  正在连接 QQ-主 邮箱服务器 (497720537@qq.com) ...
[2026-07-31 11:08:44]  正在连接 QQ-备用 邮箱服务器 (shouqianbadavid@qq.com) ...
[2026-07-31 11:09:20]  正在连接 QQ-主 邮箱服务器 (497720537@qq.com) ...
[2026-07-31 11:09:20]  正在连接 QQ-备用 邮箱服务器 (shouqianbadavid@qq.com) ...
[2026-07-31 11:09:21]  QQ-备用 正在解析因子: =?utf-8?b?QWxwaGFQaWxvdCDlpIfku73kv6Hlj7cgKGFscGhhX3NpZ25hbF90aHJfMjAyNjA3MzFfMTEwNy5qc29uKSBb5aSHUVEt6Ieq5L+dXQ==?=
[2026-07-31 11:09:21]  发现表格，共 16 行数据
[2026-07-31 11:09:21]  动态索引映射: ['股票代码', '股票名称', '信号', '当前价格', '量比', '来源过滤']
[2026-07-31 11:09:21]  [行1] 解析成功: SHSE.688216 [气派科技] BUY @ 25.85 (VR:0.5)
[2026-07-31 11:09:21]  [行2] 解析成功: SHSE.688721 [龙图光罩] BUY @ 35.76 (VR:0.06)
[2026-07-31 11:09:21]  [行3] 解析成功: SHSE.688249 [晶合集成] BUY @ 38.21 (VR:0.01)
[2026-07-31 11:09:21]  [行4] 解析成功: SZSE.300285 [国瓷材料] BUY @ 63.58 (VR:0.1)
[2026-07-31 11:09:21]  [行5] 解析成功: SZSE.301252 [同星科技] BUY @ 28.05 (VR:0.33)
[2026-07-31 11:09:21]  [行6] 解析成功: SZSE.300214 [日科化学] BUY @ 11.74 (VR:0.21)
[2026-07-31 11:09:21]  [行7] 解析成功: SZSE.300661 [圣邦股份] BUY @ 97.77 (VR:0.48)
[2026-07-31 11:09:21]  [行8] 解析成功: SZSE.300780 [德恩精工] BUY @ 17.68 (VR:0.31)
[2026-07-31 11:09:21]  [行9] 解析成功: SHSE.688216 [气派科技] BUY @ 25.87 (VR:0.24)
[2026-07-31 11:09:21]  [行10] 解析成功: SHSE.688721 [龙图光罩] BUY @ 35.79 (VR:0.23)
[2026-07-31 11:09:21]  [行11] 解析成功: SHSE.688249 [晶合集成] BUY @ 38.23 (VR:0.53)
[2026-07-31 11:09:21]  [行12] 解析成功: SZSE.300285 [国瓷材料] BUY @ 63.84 (VR:0.14)
[2026-07-31 11:09:21]  [行13] 解析成功: SZSE.301252 [同星科技] BUY @ 28.09 (VR:1.91)
[2026-07-31 11:09:21]  [行14] 解析成功: SZSE.300214 [日科化学] BUY @ 11.76 (VR:0.01)
[2026-07-31 11:09:21]  [行15] 解析成功: SZSE.300661 [圣邦股份] BUY @ 97.84 (VR:0.08)
[2026-07-31 11:09:21]  [行16] 解析成功: SZSE.300780 [德恩精工] BUY @ 17.71 (VR:0.08)
[2026-07-31 11:09:21] 成功保存 16 条因子至: signal_batch_20260731_110921_879832.txt
[2026-07-31 11:09:22]  QQ-备用 邮件 3277 处理完成
[2026-07-31 11:09:22]  QQ-备用 本轮共成功处理 1 封有效信号邮件
[2026-07-31 11:09:57]  正在连接 QQ-主 邮箱服务器 (497720537@qq.com) ...
[2026-07-31 11:09:58]  QQ-主 正在解析因子: =?utf-8?b?QWxwaGFQaWxvdCDlrp7ml7bkv6Hlj7cgKGFscGhhX3NpZ25hbF90aHJfMjAyNjA3MzFfMTEwOS5qc29uKSBb5Li7UVEt5a+55aSWXQ==?=
[2026-07-31 11:09:58]  发现表格，共 10 行数据
[2026-07-31 11:09:58]  动态索引映射: ['股票代码', '股票名称', '信号', '当前价格', '量比', '来源过滤']
[2026-07-31 11:09:58]  [行1] 解析成功: SHSE.688002 [睿创微纳] BUY @ 145.39 (VR:0.74)
[2026-07-31 11:09:58]  [行2] 解析成功: SHSE.688521 [芯原股份] SELL @ 196.86 (VR:0.58)
[2026-07-31 11:09:58]  [行3] 解析成功: SZSE.300689 [澄天伟业] SELL @ 44.19 (VR:0.28)
[2026-07-31 11:09:58]  [行4] 解析成功: SZSE.301045 [天禄科技] BUY @ 56.7 (VR:0.14)
[2026-07-31 11:09:58]  [行5] 解析成功: SZSE.300790 [宇瞳光学] SELL @ 16.63 (VR:0.25)
[2026-07-31 11:09:58]  [行6] 解析成功: SHSE.688002 [睿创微纳] BUY @ 145.55 (VR:1.6)
[2026-07-31 11:09:58]  [行7] 解析成功: SHSE.688521 [芯原股份] SELL @ 196.64 (VR:0.08)
[2026-07-31 11:09:58]  [行8] 解析成功: SZSE.300689 [澄天伟业] SELL @ 44.18 (VR:0.29)
[2026-07-31 11:09:58]  [行9] 解析成功: SZSE.301045 [天禄科技] BUY @ 56.8 (VR:0.31)
[2026-07-31 11:09:58]  [行10] 解析成功: SZSE.300790 [宇瞳光学] SELL @ 16.57 (VR:1.09)
[2026-07-31 11:09:58] 成功保存 10 条因子至: signal_batch_20260731_110958_730550.txt
[2026-07-31 11:09:58]  QQ-主 邮件 5601 处理完成
[2026-07-31 11:09:58]  QQ-主 本轮共成功处理 1 封有效信号邮件
[2026-07-31 11:09:59]  正在连接 QQ-备用 邮箱服务器 (shouqianbadavid@qq.com) ...
[2026-07-31 11:10:34]  正在连接 QQ-主 邮箱服务器 (497720537@qq.com) ...
[2026-07-31 11:10:35]  正在连接 QQ-备用 邮箱服务器 (shouqianbadavid@qq.com) ...
[2026-07-31 11:11:10]  正在连接 QQ-主 邮箱服务器 (497720537@qq.com) ...
[2026-07-31 11:11:11]  正在连接 QQ-备用 邮箱服务器 (shouqianbadavid@qq.com) ...
[2026-07-31 11:11:46]  正在连接 QQ-主 邮箱服务器 (497720537@qq.com) ...
[2026-07-31 11:11:47]  正在连接 QQ-备用 邮箱服务器 (shouqianbadavid@qq.com) ...
[2026-07-31 11:11:48]  QQ-备用 正在解析因子: =?utf-8?b?QWxwaGFQaWxvdCDlpIfku73kv6Hlj7cgKGFscGhhX3NpZ25hbF90aHJfMjAyNjA3MzFfMTEwOS5qc29uKSBb5aSHUVEt6Ieq5L+dXQ==?=
[2026-07-31 11:11:48]  发现表格，共 10 行数据
[2026-07-31 11:11:48]  动态索引映射: ['股票代码', '股票名称', '信号', '当前价格', '量比', '来源过滤']
[2026-07-31 11:11:48]  [行1] 解析成功: SHSE.688002 [睿创微纳] BUY @ 145.39 (VR:0.74)
[2026-07-31 11:11:48]  [行2] 解析成功: SHSE.688521 [芯原股份] SELL @ 196.86 (VR:0.58)
[2026-07-31 11:11:48]  [行3] 解析成功: SZSE.300689 [澄天伟业] SELL @ 44.19 (VR:0.28)
[2026-07-31 11:11:48]  [行4] 解析成功: SZSE.301045 [天禄科技] BUY @ 56.7 (VR:0.14)
[2026-07-31 11:11:48]  [行5] 解析成功: SZSE.300790 [宇瞳光学] SELL @ 16.63 (VR:0.25)
[2026-07-31 11:11:48]  [行6] 解析成功: SHSE.688002 [睿创微纳] BUY @ 145.55 (VR:1.6)
[2026-07-31 11:11:48]  [行7] 解析成功: SHSE.688521 [芯原股份] SELL @ 196.64 (VR:0.08)
[2026-07-31 11:11:48]  [行8] 解析成功: SZSE.300689 [澄天伟业] SELL @ 44.18 (VR:0.29)
[2026-07-31 11:11:48]  [行9] 解析成功: SZSE.301045 [天禄科技] BUY @ 56.8 (VR:0.31)
[2026-07-31 11:11:48]  [行10] 解析成功: SZSE.300790 [宇瞳光学] SELL @ 16.57 (VR:1.09)
[2026-07-31 11:11:48] 成功保存 10 条因子至: signal_batch_20260731_111148_503968.txt
[2026-07-31 11:11:48]  QQ-备用 邮件 3278 处理完成
[2026-07-31 11:11:48]  QQ-备用 本轮共成功处理 1 封有效信号邮件
[2026-07-31 11:12:23]  正在连接 QQ-主 邮箱服务器 (497720537@qq.com) ...
[2026-07-31 11:12:24]  QQ-主 正在解析因子: =?utf-8?b?QWxwaGFQaWxvdCDlrp7ml7bkv6Hlj7cgKGFscGhhX3NpZ25hbF90aHJfMjAyNjA3MzFfMTExMi5qc29uKSBb5Li7UVEt5a+55aSWXQ==?=
[2026-07-31 11:12:24]  发现表格，共 10 行数据
[2026-07-31 11:12:24]  动态索引映射: ['股票代码', '股票名称', '信号', '当前价格', '量比', '来源过滤']
[2026-07-31 11:12:24]  [行1] 解析成功: SHSE.600353 [旭光电子] BUY @ 22.73 (VR:0.36)
[2026-07-31 11:12:24]  [行2] 解析成功: SHSE.601138 [工业富联] BUY @ 56.4 (VR:0.04)
[2026-07-31 11:12:24]  [行3] 解析成功: SZSE.300346 [南大光电] BUY @ 49.83 (VR:0.75)
[2026-07-31 11:12:24]  [行4] 解析成功: SZSE.301018 [申菱环境] BUY @ 71.1 (VR:0.82)
[2026-07-31 11:12:24]  [行5] 解析成功: SZSE.300868 [杰美特] SELL @ 72.55 (VR:0.22)
[2026-07-31 11:12:24]  [行6] 解析成功: SHSE.600353 [旭光电子] BUY @ 22.76 (VR:0.01)
[2026-07-31 11:12:24]  [行7] 解析成功: SHSE.601138 [工业富联] BUY @ 56.43 (VR:0.07)
[2026-07-31 11:12:24]  [行8] 解析成功: SZSE.300346 [南大光电] BUY @ 49.86 (VR:0.08)
[2026-07-31 11:12:24]  [行9] 解析成功: SZSE.301018 [申菱环境] BUY @ 71.2 (VR:1.53)
[2026-07-31 11:12:24]  [行10] 解析成功: SZSE.300868 [杰美特] SELL @ 72.46 (VR:5.8)
[2026-07-31 11:12:24] 成功保存 10 条因子至: signal_batch_20260731_111224_457115.txt
[2026-07-31 11:12:24]  QQ-主 邮件 5602 处理完成
[2026-07-31 11:12:24]  QQ-主 本轮共成功处理 1 封有效信号邮件
[2026-07-31 11:12:24]  正在连接 QQ-备用 邮箱服务器 (shouqianbadavid@qq.com) ...
[2026-07-31 11:13:00]  正在连接 QQ-主 邮箱服务器 (497720537@qq.com) ...
[2026-07-31 11:13:01]  正在连接 QQ-备用 邮箱服务器 (shouqianbadavid@qq.com) ...
[2026-07-31 11:13:37]  正在连接 QQ-主 邮箱服务器 (497720537@qq.com) ...
[2026-07-31 11:13:37]  正在连接 QQ-备用 邮箱服务器 (shouqianbadavid@qq.com) ...
[2026-07-31 11:14:13]  正在连接 QQ-主 邮箱服务器 (497720537@qq.com) ...
[2026-07-31 11:14:14]  正在连接 QQ-备用 邮箱服务器 (shouqianbadavid@qq.com) ...
[2026-07-31 11:14:15]  QQ-备用 正在解析因子: =?utf-8?b?QWxwaGFQaWxvdCDlpIfku73kv6Hlj7cgKGFscGhhX3NpZ25hbF90aHJfMjAyNjA3MzFfMTExMi5qc29uKSBb5aSHUVEt6Ieq5L+dXQ==?=
[2026-07-31 11:14:15]  发现表格，共 10 行数据
[2026-07-31 11:14:15]  动态索引映射: ['股票代码', '股票名称', '信号', '当前价格', '量比', '来源过滤']
[2026-07-31 11:14:15]  [行1] 解析成功: SHSE.600353 [旭光电子] BUY @ 22.73 (VR:0.36)
[2026-07-31 11:14:15]  [行2] 解析成功: SHSE.601138 [工业富联] BUY @ 56.4 (VR:0.04)
[2026-07-31 11:14:15]  [行3] 解析成功: SZSE.300346 [南大光电] BUY @ 49.83 (VR:0.75)
[2026-07-31 11:14:15]  [行4] 解析成功: SZSE.301018 [申菱环境] BUY @ 71.1 (VR:0.82)
[2026-07-31 11:14:15]  [行5] 解析成功: SZSE.300868 [杰美特] SELL @ 72.55 (VR:0.22)
[2026-07-31 11:14:15]  [行6] 解析成功: SHSE.600353 [旭光电子] BUY @ 22.76 (VR:0.01)
[2026-07-31 11:14:15]  [行7] 解析成功: SHSE.601138 [工业富联] BUY @ 56.43 (VR:0.07)
[2026-07-31 11:14:15]  [行8] 解析成功: SZSE.300346 [南大光电] BUY @ 49.86 (VR:0.08)
[2026-07-31 11:14:15]  [行9] 解析成功: SZSE.301018 [申菱环境] BUY @ 71.2 (VR:1.53)
[2026-07-31 11:14:15]  [行10] 解析成功: SZSE.300868 [杰美特] SELL @ 72.46 (VR:5.8)
[2026-07-31 11:14:15] 成功保存 10 条因子至: signal_batch_20260731_111415_449241.txt
[2026-07-31 11:14:15]  QQ-备用 邮件 3279 处理完成
[2026-07-31 11:14:15]  QQ-备用 本轮共成功处理 1 封有效信号邮件
[2026-07-31 11:14:50]  正在连接 QQ-主 邮箱服务器 (497720537@qq.com) ...
[2026-07-31 11:14:51]  QQ-主 正在解析因子: =?utf-8?b?QWxwaGFQaWxvdCDlrp7ml7bkv6Hlj7cgKGFscGhhX3NpZ25hbF90aHJfMjAyNjA3MzFfMTExNC5qc29uKSBb5Li7UVEt5a+55aSWXQ==?=
[2026-07-31 11:14:51]  发现表格，共 6 行数据
[2026-07-31 11:14:51]  动态索引映射: ['股票代码', '股票名称', '信号', '当前价格', '量比', '来源过滤']
[2026-07-31 11:14:51]  [行1] 解析成功: SHSE.605111 [新洁能] SELL @ 50.09 (VR:0.28)
[2026-07-31 11:14:51]  [行2] 解析成功: SZSE.000823 [超声电子] SELL @ 12.71 (VR:1.49)
[2026-07-31 11:14:51]  [行3] 解析成功: SZSE.300607 [拓斯达] BUY @ 29.63 (VR:0.82)
[2026-07-31 11:14:51]  [行4] 解析成功: SHSE.605111 [新洁能] SELL @ 49.91 (VR:0.64)
[2026-07-31 11:14:51]  [行5] 解析成功: SZSE.000823 [超声电子] SELL @ 12.7 (VR:0.65)
[2026-07-31 11:14:51]  [行6] 解析成功: SZSE.300607 [拓斯达] BUY @ 29.72 (VR:1.41)
[2026-07-31 11:14:51] 成功保存 6 条因子至: signal_batch_20260731_111451_126165.txt
[2026-07-31 11:14:51]  QQ-主 邮件 5603 处理完成
[2026-07-31 11:14:51]  QQ-主 本轮共成功处理 1 封有效信号邮件
[2026-07-31 11:14:51]  正在连接 QQ-备用 邮箱服务器 (shouqianbadavid@qq.com) ...
[2026-07-31 11:15:26]  正在连接 QQ-主 邮箱服务器 (497720537@qq.com) ...
[2026-07-31 11:15:27]  正在连接 QQ-备用 邮箱服务器 (shouqianbadavid@qq.com) ...
[2026-07-31 11:16:03]  正在连接 QQ-主 邮箱服务器 (497720537@qq.com) ...
[2026-07-31 11:16:03]  正在连接 QQ-备用 邮箱服务器 (shouqianbadavid@qq.com) ...
[2026-07-31 11:16:39]  正在连接 QQ-主 邮箱服务器 (497720537@qq.com) ...
[2026-07-31 11:16:41]  正在连接 QQ-备用 邮箱服务器 (shouqianbadavid@qq.com) ...
[2026-07-31 11:16:42]  QQ-备用 正在解析因子: =?utf-8?b?QWxwaGFQaWxvdCDlpIfku73kv6Hlj7cgKGFscGhhX3NpZ25hbF90aHJfMjAyNjA3MzFfMTExNC5qc29uKSBb5aSHUVEt6Ieq5L+dXQ==?=
[2026-07-31 11:16:42]  发现表格，共 6 行数据
[2026-07-31 11:16:42]  动态索引映射: ['股票代码', '股票名称', '信号', '当前价格', '量比', '来源过滤']
[2026-07-31 11:16:42]  [行1] 解析成功: SHSE.605111 [新洁能] SELL @ 50.09 (VR:0.28)
[2026-07-31 11:16:42]  [行2] 解析成功: SZSE.000823 [超声电子] SELL @ 12.71 (VR:1.49)
[2026-07-31 11:16:42]  [行3] 解析成功: SZSE.300607 [拓斯达] BUY @ 29.63 (VR:0.82)
[2026-07-31 11:16:42]  [行4] 解析成功: SHSE.605111 [新洁能] SELL @ 49.91 (VR:0.64)
[2026-07-31 11:16:42]  [行5] 解析成功: SZSE.000823 [超声电子] SELL @ 12.7 (VR:0.65)
[2026-07-31 11:16:42]  [行6] 解析成功: SZSE.300607 [拓斯达] BUY @ 29.72 (VR:1.41)
[2026-07-31 11:16:42] 成功保存 6 条因子至: signal_batch_20260731_111642_190951.txt
[2026-07-31 11:16:42]  QQ-备用 邮件 3280 处理完成
[2026-07-31 11:16:42]  QQ-备用 本轮共成功处理 1 封有效信号邮件
[2026-07-31 11:17:17]  正在连接 QQ-主 邮箱服务器 (497720537@qq.com) ...
[2026-07-31 11:17:18]  QQ-主 正在解析因子: =?utf-8?b?QWxwaGFQaWxvdCDlrp7ml7bkv6Hlj7cgKGFscGhhX3NpZ25hbF90aHJfMjAyNjA3MzFfMTExNi5qc29uKSBb5Li7UVEt5a+55aSWXQ==?=
[2026-07-31 11:17:18]  发现表格，共 16 行数据
[2026-07-31 11:17:18]  动态索引映射: ['股票代码', '股票名称', '信号', '当前价格', '量比', '来源过滤']
[2026-07-31 11:17:18]  [行1] 解析成功: SHSE.688199 [久日新材] BUY @ 20.6 (VR:2.96)
[2026-07-31 11:17:18]  [行2] 解析成功: SZSE.300136 [信维通信] BUY @ 59.49 (VR:0.03)
[2026-07-31 11:17:18]  [行3] 解析成功: SZSE.300236 [上海新阳] BUY @ 85.75 (VR:0.09)
[2026-07-31 11:17:18]  [行4] 解析成功: SZSE.300162 [雷曼光电] BUY @ 7.24 (VR:2.97)
[2026-07-31 11:17:18]  [行5] 解析成功: SZSE.301178 [天亿马] BUY @ 31.71 (VR:0.15)
[2026-07-31 11:17:18]  [行6] 解析成功: SZSE.300184 [力源信息] BUY @ 11.65 (VR:0.61)
[2026-07-31 11:17:18]  [行7] 解析成功: SZSE.002158 [汉钟精机] BUY @ 25.53 (VR:1.31)
[2026-07-31 11:17:18]  [行8] 解析成功: SZSE.002635 [安洁科技] BUY @ 13.28 (VR:0.38)
[2026-07-31 11:17:18]  [行9] 解析成功: SHSE.688199 [久日新材] BUY @ 20.62 (VR:0.29)
[2026-07-31 11:17:18]  [行10] 解析成功: SZSE.300136 [信维通信] BUY @ 59.51 (VR:0.37)
[2026-07-31 11:17:18]  [行11] 解析成功: SZSE.300236 [上海新阳] BUY @ 86.0 (VR:0.07)
[2026-07-31 11:17:18]  [行12] 解析成功: SZSE.300162 [雷曼光电] BUY @ 7.25 (VR:0.09)
[2026-07-31 11:17:18]  [行13] 解析成功: SZSE.301178 [天亿马] BUY @ 31.83 (VR:0.25)
[2026-07-31 11:17:18]  [行14] 解析成功: SZSE.300184 [力源信息] BUY @ 11.7 (VR:0.21)
[2026-07-31 11:17:18]  [行15] 解析成功: SZSE.002158 [汉钟精机] BUY @ 25.64 (VR:0.44)
[2026-07-31 11:17:18]  [行16] 解析成功: SZSE.002635 [安洁科技] BUY @ 13.31 (VR:0.17)
[2026-07-31 11:17:18] 成功保存 16 条因子至: signal_batch_20260731_111718_138943.txt
[2026-07-31 11:17:18]  QQ-主 邮件 5604 处理完成
[2026-07-31 11:17:18]  QQ-主 本轮共成功处理 1 封有效信号邮件
[2026-07-31 11:17:18]  正在连接 QQ-备用 邮箱服务器 (shouqianbadavid@qq.com) ...
[2026-07-31 11:17:54]  正在连接 QQ-主 邮箱服务器 (497720537@qq.com) ...
[2026-07-31 11:17:54]  正在连接 QQ-备用 邮箱服务器 (shouqianbadavid@qq.com) ...
[2026-07-31 11:18:30]  正在连接 QQ-主 邮箱服务器 (497720537@qq.com) ...
[2026-07-31 11:18:30]  正在连接 QQ-备用 邮箱服务器 (shouqianbadavid@qq.com) ...
[2026-07-31 11:19:06]  正在连接 QQ-主 邮箱服务器 (497720537@qq.com) ...
[2026-07-31 11:19:07]  QQ-主 正在解析因子: =?utf-8?b?QWxwaGFQaWxvdCDlrp7ml7bkv6Hlj7cgKGFscGhhX3NpZ25hbF90aHJfMjAyNjA3MzFfMTExOC5qc29uKSBb5Li7UVEt5a+55aSWXQ==?=
[2026-07-31 11:19:07]  发现表格，共 16 行数据
[2026-07-31 11:19:07]  动态索引映射: ['股票代码', '股票名称', '信号', '当前价格', '量比', '来源过滤']
[2026-07-31 11:19:07]  [行1] 解析成功: SHSE.688511 [天微电子] BUY @ 20.65 (VR:0.26)
[2026-07-31 11:19:07]  [行2] 解析成功: SHSE.688216 [气派科技] BUY @ 25.76 (VR:0.17)
[2026-07-31 11:19:07]  [行3] 解析成功: SHSE.688721 [龙图光罩] SELL @ 35.73 (VR:0.16)
[2026-07-31 11:19:07]  [行4] 解析成功: SHSE.688249 [晶合集成] SELL @ 38.23 (VR:0.72)
[2026-07-31 11:19:07]  [行5] 解析成功: SHSE.688138 [清溢光电] BUY @ 28.47 (VR:0.06)
[2026-07-31 11:19:07]  [行6] 解析成功: SZSE.301252 [同星科技] BUY @ 28.02 (VR:0.04)
[2026-07-31 11:19:07]  [行7] 解析成功: SZSE.300661 [圣邦股份] SELL @ 97.75 (VR:0.48)
[2026-07-31 11:19:07]  [行8] 解析成功: SZSE.300780 [德恩精工] SELL @ 17.67 (VR:0.69)
[2026-07-31 11:19:07]  [行9] 解析成功: SHSE.688511 [天微电子] BUY @ 20.72 (VR:0.05)
[2026-07-31 11:19:07]  [行10] 解析成功: SHSE.688216 [气派科技] BUY @ 25.8 (VR:0.73)
[2026-07-31 11:19:07]  [行11] 解析成功: SHSE.688721 [龙图光罩] SELL @ 35.64 (VR:0.25)
[2026-07-31 11:19:07]  [行12] 解析成功: SHSE.688249 [晶合集成] SELL @ 38.17 (VR:0.06)
[2026-07-31 11:19:07]  [行13] 解析成功: SHSE.688138 [清溢光电] BUY @ 28.49 (VR:0.14)
[2026-07-31 11:19:07]  [行14] 解析成功: SZSE.301252 [同星科技] BUY @ 28.05 (VR:0.51)
[2026-07-31 11:19:07]  [行15] 解析成功: SZSE.300661 [圣邦股份] SELL @ 97.66 (VR:0.23)
[2026-07-31 11:19:07]  [行16] 解析成功: SZSE.300780 [德恩精工] SELL @ 17.66 (VR:0.23)
[2026-07-31 11:19:07] 成功保存 16 条因子至: signal_batch_20260731_111907_708884.txt
[2026-07-31 11:19:07]  QQ-主 邮件 5605 处理完成
[2026-07-31 11:19:07]  QQ-主 本轮共成功处理 1 封有效信号邮件
[2026-07-31 11:19:07]  正在连接 QQ-备用 邮箱服务器 (shouqianbadavid@qq.com) ...
[2026-07-31 11:19:09]  QQ-备用 正在解析因子: =?utf-8?b?QWxwaGFQaWxvdCDlpIfku73kv6Hlj7cgKGFscGhhX3NpZ25hbF90aHJfMjAyNjA3MzFfMTExNi5qc29uKSBb5aSHUVEt6Ieq5L+dXQ==?=
[2026-07-31 11:19:09]  发现表格，共 16 行数据
[2026-07-31 11:19:09]  动态索引映射: ['股票代码', '股票名称', '信号', '当前价格', '量比', '来源过滤']
[2026-07-31 11:19:09]  [行1] 解析成功: SHSE.688199 [久日新材] BUY @ 20.6 (VR:2.96)
[2026-07-31 11:19:09]  [行2] 解析成功: SZSE.300136 [信维通信] BUY @ 59.49 (VR:0.03)
[2026-07-31 11:19:09]  [行3] 解析成功: SZSE.300236 [上海新阳] BUY @ 85.75 (VR:0.09)
[2026-07-31 11:19:09]  [行4] 解析成功: SZSE.300162 [雷曼光电] BUY @ 7.24 (VR:2.97)
[2026-07-31 11:19:09]  [行5] 解析成功: SZSE.301178 [天亿马] BUY @ 31.71 (VR:0.15)
[2026-07-31 11:19:09]  [行6] 解析成功: SZSE.300184 [力源信息] BUY @ 11.65 (VR:0.61)
[2026-07-31 11:19:09]  [行7] 解析成功: SZSE.002158 [汉钟精机] BUY @ 25.53 (VR:1.31)
[2026-07-31 11:19:09]  [行8] 解析成功: SZSE.002635 [安洁科技] BUY @ 13.28 (VR:0.38)
[2026-07-31 11:19:09]  [行9] 解析成功: SHSE.688199 [久日新材] BUY @ 20.62 (VR:0.29)
[2026-07-31 11:19:09]  [行10] 解析成功: SZSE.300136 [信维通信] BUY @ 59.51 (VR:0.37)
[2026-07-31 11:19:09]  [行11] 解析成功: SZSE.300236 [上海新阳] BUY @ 86.0 (VR:0.07)
[2026-07-31 11:19:09]  [行12] 解析成功: SZSE.300162 [雷曼光电] BUY @ 7.25 (VR:0.09)
[2026-07-31 11:19:09]  [行13] 解析成功: SZSE.301178 [天亿马] BUY @ 31.83 (VR:0.25)
[2026-07-31 11:19:09]  [行14] 解析成功: SZSE.300184 [力源信息] BUY @ 11.7 (VR:0.21)
[2026-07-31 11:19:09]  [行15] 解析成功: SZSE.002158 [汉钟精机] BUY @ 25.64 (VR:0.44)
[2026-07-31 11:19:09]  [行16] 解析成功: SZSE.002635 [安洁科技] BUY @ 13.31 (VR:0.17)
[2026-07-31 11:19:09] 成功保存 16 条因子至: signal_batch_20260731_111909_135081.txt
[2026-07-31 11:19:09]  QQ-备用 邮件 3281 处理完成
[2026-07-31 11:19:09]  QQ-备用 正在解析因子: =?utf-8?b?QWxwaGFQaWxvdCDlpIfku73kv6Hlj7cgKGFscGhhX3NpZ25hbF90aHJfMjAyNjA3MzFfMTExOC5qc29uKSBb5aSHUVEt6Ieq5L+dXQ==?=
[2026-07-31 11:19:09]  发现表格，共 16 行数据
[2026-07-31 11:19:09]  动态索引映射: ['股票代码', '股票名称', '信号', '当前价格', '量比', '来源过滤']
[2026-07-31 11:19:09]  [行1] 解析成功: SHSE.688511 [天微电子] BUY @ 20.65 (VR:0.26)
[2026-07-31 11:19:09]  [行2] 解析成功: SHSE.688216 [气派科技] BUY @ 25.76 (VR:0.17)
[2026-07-31 11:19:09]  [行3] 解析成功: SHSE.688721 [龙图光罩] SELL @ 35.73 (VR:0.16)
[2026-07-31 11:19:09]  [行4] 解析成功: SHSE.688249 [晶合集成] SELL @ 38.23 (VR:0.72)
[2026-07-31 11:19:09]  [行5] 解析成功: SHSE.688138 [清溢光电] BUY @ 28.47 (VR:0.06)
[2026-07-31 11:19:09]  [行6] 解析成功: SZSE.301252 [同星科技] BUY @ 28.02 (VR:0.04)
[2026-07-31 11:19:09]  [行7] 解析成功: SZSE.300661 [圣邦股份] SELL @ 97.75 (VR:0.48)
[2026-07-31 11:19:09]  [行8] 解析成功: SZSE.300780 [德恩精工] SELL @ 17.67 (VR:0.69)
[2026-07-31 11:19:09]  [行9] 解析成功: SHSE.688511 [天微电子] BUY @ 20.72 (VR:0.05)
[2026-07-31 11:19:09]  [行10] 解析成功: SHSE.688216 [气派科技] BUY @ 25.8 (VR:0.73)
[2026-07-31 11:19:09]  [行11] 解析成功: SHSE.688721 [龙图光罩] SELL @ 35.64 (VR:0.25)
[2026-07-31 11:19:09]  [行12] 解析成功: SHSE.688249 [晶合集成] SELL @ 38.17 (VR:0.06)
[2026-07-31 11:19:09]  [行13] 解析成功: SHSE.688138 [清溢光电] BUY @ 28.49 (VR:0.14)
[2026-07-31 11:19:09]  [行14] 解析成功: SZSE.301252 [同星科技] BUY @ 28.05 (VR:0.51)
[2026-07-31 11:19:09]  [行15] 解析成功: SZSE.300661 [圣邦股份] SELL @ 97.66 (VR:0.23)
[2026-07-31 11:19:09]  [行16] 解析成功: SZSE.300780 [德恩精工] SELL @ 17.66 (VR:0.23)
[2026-07-31 11:19:09] 成功保存 16 条因子至: signal_batch_20260731_111909_439103.txt
[2026-07-31 11:19:09]  QQ-备用 邮件 3282 处理完成
[2026-07-31 11:19:09]  QQ-备用 本轮共成功处理 2 封有效信号邮件
[2026-07-31 11:19:44]  正在连接 QQ-主 邮箱服务器 (497720537@qq.com) ...
[2026-07-31 11:19:45]  正在连接 QQ-备用 邮箱服务器 (shouqianbadavid@qq.com) ...
[2026-07-31 11:20:20]  正在连接 QQ-主 邮箱服务器 (497720537@qq.com) ...
[2026-07-31 11:20:21]  正在连接 QQ-备用 邮箱服务器 (shouqianbadavid@qq.com) ...
[2026-07-31 11:20:57]  正在连接 QQ-主 邮箱服务器 (497720537@qq.com) ...
[2026-07-31 11:20:57]  QQ-主 正在解析因子: =?utf-8?b?QWxwaGFQaWxvdCDlrp7ml7bkv6Hlj7cgKGFscGhhX3NpZ25hbF90aHJfMjAyNjA3MzFfMTEyMC5qc29uKSBb5Li7UVEt5a+55aSWXQ==?=
[2026-07-31 11:20:57]  发现表格，共 18 行数据
[2026-07-31 11:20:57]  动态索引映射: ['股票代码', '股票名称', '信号', '当前价格', '量比', '来源过滤']
[2026-07-31 11:20:57]  [行1] 解析成功: SHSE.688002 [睿创微纳] BUY @ 145.0 (VR:0.13)
[2026-07-31 11:20:57]  [行2] 解析成功: SHSE.688102 [斯瑞新材] BUY @ 27.92 (VR:0.25)
[2026-07-31 11:20:57]  [行3] 解析成功: SHSE.688521 [芯原股份] BUY @ 195.87 (VR:0.86)
[2026-07-31 11:20:57]  [行4] 解析成功: SZSE.300852 [四会富仕] BUY @ 37.4 (VR:0.39)
[2026-07-31 11:20:57]  [行5] 解析成功: SZSE.300689 [澄天伟业] BUY @ 44.25 (VR:0.45)
[2026-07-31 11:20:57]  [行6] 解析成功: SZSE.301045 [天禄科技] BUY @ 57.05 (VR:0.52)
[2026-07-31 11:20:57]  [行7] 解析成功: SZSE.300806 [斯迪克] BUY @ 42.46 (VR:2.19)
[2026-07-31 11:20:57]  [行8] 解析成功: SZSE.300790 [宇瞳光学] BUY @ 16.6 (VR:0.46)
[2026-07-31 11:20:57]  [行9] 解析成功: SZSE.002718 [友邦吊顶] BUY @ 80.21 (VR:0.52)
[2026-07-31 11:20:57]  [行10] 解析成功: SHSE.688002 [睿创微纳] BUY @ 145.56 (VR:0.43)
[2026-07-31 11:20:57]  [行11] 解析成功: SHSE.688102 [斯瑞新材] BUY @ 27.99 (VR:0.03)
[2026-07-31 11:20:57]  [行12] 解析成功: SHSE.688521 [芯原股份] BUY @ 196.8 (VR:0.06)
[2026-07-31 11:20:57]  [行13] 解析成功: SZSE.300852 [四会富仕] BUY @ 37.44 (VR:0.19)
[2026-07-31 11:20:57]  [行14] 解析成功: SZSE.300689 [澄天伟业] BUY @ 44.42 (VR:0.19)
[2026-07-31 11:20:57]  [行15] 解析成功: SZSE.301045 [天禄科技] BUY @ 57.33 (VR:4.63)
[2026-07-31 11:20:57]  [行16] 解析成功: SZSE.300806 [斯迪克] BUY @ 42.77 (VR:0.52)
[2026-07-31 11:20:57]  [行17] 解析成功: SZSE.300790 [宇瞳光学] BUY @ 16.67 (VR:0.72)
[2026-07-31 11:20:57]  [行18] 解析成功: SZSE.002718 [友邦吊顶] BUY @ 80.23 (VR:0.93)
[2026-07-31 11:20:57] 成功保存 18 条因子至: signal_batch_20260731_112057_687757.txt
[2026-07-31 11:20:57]  QQ-主 邮件 5606 处理完成
[2026-07-31 11:20:57]  QQ-主 本轮共成功处理 1 封有效信号邮件
[2026-07-31 11:20:58]  正在连接 QQ-备用 邮箱服务器 (shouqianbadavid@qq.com) ...
[2026-07-31 11:21:33]  正在连接 QQ-主 邮箱服务器 (497720537@qq.com) ...
[2026-07-31 11:21:34]  正在连接 QQ-备用 邮箱服务器 (shouqianbadavid@qq.com) ...
[2026-07-31 11:21:35]  QQ-备用 正在解析因子: =?utf-8?b?QWxwaGFQaWxvdCDlpIfku73kv6Hlj7cgKGFscGhhX3NpZ25hbF90aHJfMjAyNjA3MzFfMTEyMC5qc29uKSBb5aSHUVEt6Ieq5L+dXQ==?=
[2026-07-31 11:21:35]  发现表格，共 18 行数据
[2026-07-31 11:21:35]  动态索引映射: ['股票代码', '股票名称', '信号', '当前价格', '量比', '来源过滤']
[2026-07-31 11:21:35]  [行1] 解析成功: SHSE.688002 [睿创微纳] BUY @ 145.0 (VR:0.13)
[2026-07-31 11:21:35]  [行2] 解析成功: SHSE.688102 [斯瑞新材] BUY @ 27.92 (VR:0.25)
[2026-07-31 11:21:35]  [行3] 解析成功: SHSE.688521 [芯原股份] BUY @ 195.87 (VR:0.86)
[2026-07-31 11:21:35]  [行4] 解析成功: SZSE.300852 [四会富仕] BUY @ 37.4 (VR:0.39)
[2026-07-31 11:21:35]  [行5] 解析成功: SZSE.300689 [澄天伟业] BUY @ 44.25 (VR:0.45)
[2026-07-31 11:21:35]  [行6] 解析成功: SZSE.301045 [天禄科技] BUY @ 57.05 (VR:0.52)
[2026-07-31 11:21:35]  [行7] 解析成功: SZSE.300806 [斯迪克] BUY @ 42.46 (VR:2.19)
[2026-07-31 11:21:35]  [行8] 解析成功: SZSE.300790 [宇瞳光学] BUY @ 16.6 (VR:0.46)
[2026-07-31 11:21:35]  [行9] 解析成功: SZSE.002718 [友邦吊顶] BUY @ 80.21 (VR:0.52)
[2026-07-31 11:21:35]  [行10] 解析成功: SHSE.688002 [睿创微纳] BUY @ 145.56 (VR:0.43)
[2026-07-31 11:21:35]  [行11] 解析成功: SHSE.688102 [斯瑞新材] BUY @ 27.99 (VR:0.03)
[2026-07-31 11:21:35]  [行12] 解析成功: SHSE.688521 [芯原股份] BUY @ 196.8 (VR:0.06)
[2026-07-31 11:21:35]  [行13] 解析成功: SZSE.300852 [四会富仕] BUY @ 37.44 (VR:0.19)
[2026-07-31 11:21:35]  [行14] 解析成功: SZSE.300689 [澄天伟业] BUY @ 44.42 (VR:0.19)
[2026-07-31 11:21:35]  [行15] 解析成功: SZSE.301045 [天禄科技] BUY @ 57.33 (VR:4.63)
[2026-07-31 11:21:35]  [行16] 解析成功: SZSE.300806 [斯迪克] BUY @ 42.77 (VR:0.52)
[2026-07-31 11:21:35]  [行17] 解析成功: SZSE.300790 [宇瞳光学] BUY @ 16.67 (VR:0.72)
[2026-07-31 11:21:35]  [行18] 解析成功: SZSE.002718 [友邦吊顶] BUY @ 80.23 (VR:0.93)
[2026-07-31 11:21:35] 成功保存 18 条因子至: signal_batch_20260731_112135_596915.txt
[2026-07-31 11:21:35]  QQ-备用 邮件 3283 处理完成
[2026-07-31 11:21:35]  QQ-备用 本轮共成功处理 1 封有效信号邮件
[2026-07-31 11:22:10]  正在连接 QQ-主 邮箱服务器 (497720537@qq.com) ...
[2026-07-31 11:22:11]  正在连接 QQ-备用 邮箱服务器 (shouqianbadavid@qq.com) ...
[2026-07-31 11:22:47]  正在连接 QQ-主 邮箱服务器 (497720537@qq.com) ...
[2026-07-31 11:22:47]  正在连接 QQ-备用 邮箱服务器 (shouqianbadavid@qq.com) ...
[2026-07-31 11:23:23]  正在连接 QQ-主 邮箱服务器 (497720537@qq.com) ...
[2026-07-31 11:23:24]  QQ-主 正在解析因子: =?utf-8?b?QWxwaGFQaWxvdCDlrp7ml7bkv6Hlj7cgKGFscGhhX3NpZ25hbF90aHJfMjAyNjA3MzFfMTEyMi5qc29uKSBb5Li7UVEt5a+55aSWXQ==?=
[2026-07-31 11:23:24]  发现表格，共 12 行数据
[2026-07-31 11:23:24]  动态索引映射: ['股票代码', '股票名称', '信号', '当前价格', '量比', '来源过滤']
[2026-07-31 11:23:24]  [行1] 解析成功: SHSE.600353 [旭光电子] BUY @ 22.84 (VR:0.87)
[2026-07-31 11:23:24]  [行2] 解析成功: SHSE.601138 [工业富联] BUY @ 56.7 (VR:0.05)
[2026-07-31 11:23:24]  [行3] 解析成功: SZSE.300346 [南大光电] BUY @ 50.1 (VR:0.37)
[2026-07-31 11:23:24]  [行4] 解析成功: SZSE.301018 [申菱环境] SELL @ 72.15 (VR:1.58)
[2026-07-31 11:23:24]  [行5] 解析成功: SZSE.300739 [明阳电路] BUY @ 20.13 (VR:0.53)
[2026-07-31 11:23:24]  [行6] 解析成功: SZSE.300868 [杰美特] SELL @ 73.29 (VR:0.7)
[2026-07-31 11:23:24]  [行7] 解析成功: SHSE.600353 [旭光电子] BUY @ 22.9 (VR:2.51)
[2026-07-31 11:23:24]  [行8] 解析成功: SHSE.601138 [工业富联] BUY @ 56.75 (VR:0.52)
[2026-07-31 11:23:24]  [行9] 解析成功: SZSE.300346 [南大光电] BUY @ 50.15 (VR:0.07)
[2026-07-31 11:23:24]  [行10] 解析成功: SZSE.301018 [申菱环境] SELL @ 72.03 (VR:0.58)
[2026-07-31 11:23:24]  [行11] 解析成功: SZSE.300739 [明阳电路] BUY @ 20.14 (VR:0.11)
[2026-07-31 11:23:24]  [行12] 解析成功: SZSE.300868 [杰美特] SELL @ 73.11 (VR:0.4)
[2026-07-31 11:23:24] 成功保存 12 条因子至: signal_batch_20260731_112324_207124.txt
[2026-07-31 11:23:24]  QQ-主 邮件 5607 处理完成
[2026-07-31 11:23:24]  QQ-主 本轮共成功处理 1 封有效信号邮件
[2026-07-31 11:23:24]  正在连接 QQ-备用 邮箱服务器 (shouqianbadavid@qq.com) ...
[2026-07-31 11:24:00]  正在连接 QQ-主 邮箱服务器 (497720537@qq.com) ...
[2026-07-31 11:24:01]  正在连接 QQ-备用 邮箱服务器 (shouqianbadavid@qq.com) ...
[2026-07-31 11:24:02]  QQ-备用 正在解析因子: =?utf-8?b?QWxwaGFQaWxvdCDlpIfku73kv6Hlj7cgKGFscGhhX3NpZ25hbF90aHJfMjAyNjA3MzFfMTEyMi5qc29uKSBb5aSHUVEt6Ieq5L+dXQ==?=
[2026-07-31 11:24:02]  发现表格，共 12 行数据
[2026-07-31 11:24:02]  动态索引映射: ['股票代码', '股票名称', '信号', '当前价格', '量比', '来源过滤']
[2026-07-31 11:24:02]  [行1] 解析成功: SHSE.600353 [旭光电子] BUY @ 22.84 (VR:0.87)
[2026-07-31 11:24:02]  [行2] 解析成功: SHSE.601138 [工业富联] BUY @ 56.7 (VR:0.05)
[2026-07-31 11:24:02]  [行3] 解析成功: SZSE.300346 [南大光电] BUY @ 50.1 (VR:0.37)
[2026-07-31 11:24:02]  [行4] 解析成功: SZSE.301018 [申菱环境] SELL @ 72.15 (VR:1.58)
[2026-07-31 11:24:02]  [行5] 解析成功: SZSE.300739 [明阳电路] BUY @ 20.13 (VR:0.53)
[2026-07-31 11:24:02]  [行6] 解析成功: SZSE.300868 [杰美特] SELL @ 73.29 (VR:0.7)
[2026-07-31 11:24:02]  [行7] 解析成功: SHSE.600353 [旭光电子] BUY @ 22.9 (VR:2.51)
[2026-07-31 11:24:02]  [行8] 解析成功: SHSE.601138 [工业富联] BUY @ 56.75 (VR:0.52)
[2026-07-31 11:24:02]  [行9] 解析成功: SZSE.300346 [南大光电] BUY @ 50.15 (VR:0.07)
[2026-07-31 11:24:02]  [行10] 解析成功: SZSE.301018 [申菱环境] SELL @ 72.03 (VR:0.58)
[2026-07-31 11:24:02]  [行11] 解析成功: SZSE.300739 [明阳电路] BUY @ 20.14 (VR:0.11)
[2026-07-31 11:24:02]  [行12] 解析成功: SZSE.300868 [杰美特] SELL @ 73.11 (VR:0.4)
[2026-07-31 11:24:02] 成功保存 12 条因子至: signal_batch_20260731_112402_823677.txt
[2026-07-31 11:24:03]  QQ-备用 邮件 3284 处理完成
[2026-07-31 11:24:03]  QQ-备用 本轮共成功处理 1 封有效信号邮件
[2026-07-31 11:24:38]  正在连接 QQ-主 邮箱服务器 (497720537@qq.com) ...
[2026-07-31 11:24:38]  正在连接 QQ-备用 邮箱服务器 (shouqianbadavid@qq.com) ...
[2026-07-31 11:25:14]  正在连接 QQ-主 邮箱服务器 (497720537@qq.com) ...
[2026-07-31 11:25:15]  QQ-主 正在解析因子: =?utf-8?b?QWxwaGFQaWxvdCDlrp7ml7bkv6Hlj7cgKGFscGhhX3NpZ25hbF90aHJfMjAyNjA3MzFfMTEyNS5qc29uKSBb5Li7UVEt5a+55aSWXQ==?=
[2026-07-31 11:25:15]  发现表格，共 6 行数据
[2026-07-31 11:25:15]  动态索引映射: ['股票代码', '股票名称', '信号', '当前价格', '量比', '来源过滤']
[2026-07-31 11:25:15]  [行1] 解析成功: SHSE.603618 [杭电股份] SELL @ 23.05 (VR:0.21)
[2026-07-31 11:25:15]  [行2] 解析成功: SZSE.000920 [沃顿科技] SELL @ 10.86 (VR:0.26)
[2026-07-31 11:25:15]  [行3] 解析成功: SZSE.000823 [超声电子] SELL @ 12.85 (VR:0.37)
[2026-07-31 11:25:15]  [行4] 解析成功: SHSE.603618 [杭电股份] SELL @ 22.97 (VR:0.59)
[2026-07-31 11:25:15]  [行5] 解析成功: SZSE.000920 [沃顿科技] SELL @ 10.85 (VR:0.29)
[2026-07-31 11:25:15]  [行6] 解析成功: SZSE.000823 [超声电子] SELL @ 12.82 (VR:1.0)
[2026-07-31 11:25:15] 成功保存 6 条因子至: signal_batch_20260731_112515_206356.txt
[2026-07-31 11:25:15]  QQ-主 邮件 5608 处理完成
[2026-07-31 11:25:15]  QQ-主 本轮共成功处理 1 封有效信号邮件
[2026-07-31 11:25:15]  正在连接 QQ-备用 邮箱服务器 (shouqianbadavid@qq.com) ...
[2026-07-31 11:25:51]  正在连接 QQ-主 邮箱服务器 (497720537@qq.com) ...
[2026-07-31 11:25:51]  正在连接 QQ-备用 邮箱服务器 (shouqianbadavid@qq.com) ...
[2026-07-31 11:26:27]  正在连接 QQ-主 邮箱服务器 (497720537@qq.com) ...
[2026-07-31 11:26:28]  正在连接 QQ-备用 邮箱服务器 (shouqianbadavid@qq.com) ...
[2026-07-31 11:26:29]  QQ-备用 正在解析因子: =?utf-8?b?QWxwaGFQaWxvdCDlpIfku73kv6Hlj7cgKGFscGhhX3NpZ25hbF90aHJfMjAyNjA3MzFfMTEyNS5qc29uKSBb5aSHUVEt6Ieq5L+dXQ==?=
[2026-07-31 11:26:29]  发现表格，共 6 行数据
[2026-07-31 11:26:29]  动态索引映射: ['股票代码', '股票名称', '信号', '当前价格', '量比', '来源过滤']
[2026-07-31 11:26:29]  [行1] 解析成功: SHSE.603618 [杭电股份] SELL @ 23.05 (VR:0.21)
[2026-07-31 11:26:29]  [行2] 解析成功: SZSE.000920 [沃顿科技] SELL @ 10.86 (VR:0.26)
[2026-07-31 11:26:29]  [行3] 解析成功: SZSE.000823 [超声电子] SELL @ 12.85 (VR:0.37)
[2026-07-31 11:26:29]  [行4] 解析成功: SHSE.603618 [杭电股份] SELL @ 22.97 (VR:0.59)
[2026-07-31 11:26:29]  [行5] 解析成功: SZSE.000920 [沃顿科技] SELL @ 10.85 (VR:0.29)
[2026-07-31 11:26:29]  [行6] 解析成功: SZSE.000823 [超声电子] SELL @ 12.82 (VR:1.0)
[2026-07-31 11:26:29] 成功保存 6 条因子至: signal_batch_20260731_112629_864130.txt
[2026-07-31 11:26:30]  QQ-备用 邮件 3285 处理完成
[2026-07-31 11:26:30]  QQ-备用 本轮共成功处理 1 封有效信号邮件
[2026-07-31 11:27:05]  正在连接 QQ-主 邮箱服务器 (497720537@qq.com) ...
[2026-07-31 11:27:05]  正在连接 QQ-备用 邮箱服务器 (shouqianbadavid@qq.com) ...
[2026-07-31 11:27:41]  正在连接 QQ-主 邮箱服务器 (497720537@qq.com) ...
[2026-07-31 11:27:41]  QQ-主 正在解析因子: =?utf-8?b?QWxwaGFQaWxvdCDlrp7ml7bkv6Hlj7cgKGFscGhhX3NpZ25hbF90aHJfMjAyNjA3MzFfMTEyNy5qc29uKSBb5Li7UVEt5a+55aSWXQ==?=
[2026-07-31 11:27:41]  发现表格，共 16 行数据
[2026-07-31 11:27:41]  动态索引映射: ['股票代码', '股票名称', '信号', '当前价格', '量比', '来源过滤']
[2026-07-31 11:27:41]  [行1] 解析成功: SHSE.688261 [东微半导] BUY @ 65.9 (VR:0.97)
[2026-07-31 11:27:41]  [行2] 解析成功: SZSE.300821 [东岳硅材] BUY @ 14.54 (VR:0.65)
[2026-07-31 11:27:41]  [行3] 解析成功: SZSE.300236 [上海新阳] BUY @ 86.12 (VR:0.97)
[2026-07-31 11:27:41]  [行4] 解析成功: SZSE.300162 [雷曼光电] BUY @ 7.28 (VR:0.0)
[2026-07-31 11:27:41]  [行5] 解析成功: SZSE.300767 [震安科技] SELL @ 15.9 (VR:1.31)
[2026-07-31 11:27:41]  [行6] 解析成功: SZSE.300184 [力源信息] BUY @ 11.69 (VR:0.7)
[2026-07-31 11:27:41]  [行7] 解析成功: SZSE.002158 [汉钟精机] BUY @ 25.64 (VR:1.04)
[2026-07-31 11:27:41]  [行8] 解析成功: SZSE.002635 [安洁科技] BUY @ 13.32 (VR:0.04)
[2026-07-31 11:27:41]  [行9] 解析成功: SHSE.688261 [东微半导] BUY @ 65.92 (VR:0.05)
[2026-07-31 11:27:41]  [行10] 解析成功: SZSE.300821 [东岳硅材] BUY @ 14.57 (VR:0.48)
[2026-07-31 11:27:41]  [行11] 解析成功: SZSE.300236 [上海新阳] BUY @ 86.22 (VR:0.23)
[2026-07-31 11:27:41]  [行12] 解析成功: SZSE.300162 [雷曼光电] BUY @ 7.29 (VR:0.74)
[2026-07-31 11:27:41]  [行13] 解析成功: SZSE.300767 [震安科技] SELL @ 15.89 (VR:1.74)
[2026-07-31 11:27:41]  [行14] 解析成功: SZSE.300184 [力源信息] BUY @ 11.71 (VR:0.08)
[2026-07-31 11:27:41]  [行15] 解析成功: SZSE.002158 [汉钟精机] BUY @ 25.67 (VR:0.69)
[2026-07-31 11:27:41]  [行16] 解析成功: SZSE.002635 [安洁科技] BUY @ 13.33 (VR:0.61)
[2026-07-31 11:27:41] 成功保存 16 条因子至: signal_batch_20260731_112741_855774.txt
[2026-07-31 11:27:42]  QQ-主 邮件 5609 处理完成
[2026-07-31 11:27:42]  QQ-主 本轮共成功处理 1 封有效信号邮件
[2026-07-31 11:27:42]  正在连接 QQ-备用 邮箱服务器 (shouqianbadavid@qq.com) ...
[2026-07-31 11:28:17]  正在连接 QQ-主 邮箱服务器 (497720537@qq.com) ...
[2026-07-31 11:28:18]  正在连接 QQ-备用 邮箱服务器 (shouqianbadavid@qq.com) ...
[2026-07-31 11:28:54]  正在连接 QQ-主 邮箱服务器 (497720537@qq.com) ...
[2026-07-31 11:28:55]  正在连接 QQ-备用 邮箱服务器 (shouqianbadavid@qq.com) ...
[2026-07-31 11:28:56]  QQ-备用 正在解析因子: =?utf-8?b?QWxwaGFQaWxvdCDlpIfku73kv6Hlj7cgKGFscGhhX3NpZ25hbF90aHJfMjAyNjA3MzFfMTEyNy5qc29uKSBb5aSHUVEt6Ieq5L+dXQ==?=
[2026-07-31 11:28:56]  发现表格，共 16 行数据
[2026-07-31 11:28:56]  动态索引映射: ['股票代码', '股票名称', '信号', '当前价格', '量比', '来源过滤']
[2026-07-31 11:28:56]  [行1] 解析成功: SHSE.688261 [东微半导] BUY @ 65.9 (VR:0.97)
[2026-07-31 11:28:56]  [行2] 解析成功: SZSE.300821 [东岳硅材] BUY @ 14.54 (VR:0.65)
[2026-07-31 11:28:56]  [行3] 解析成功: SZSE.300236 [上海新阳] BUY @ 86.12 (VR:0.97)
[2026-07-31 11:28:56]  [行4] 解析成功: SZSE.300162 [雷曼光电] BUY @ 7.28 (VR:0.0)
[2026-07-31 11:28:56]  [行5] 解析成功: SZSE.300767 [震安科技] SELL @ 15.9 (VR:1.31)
[2026-07-31 11:28:56]  [行6] 解析成功: SZSE.300184 [力源信息] BUY @ 11.69 (VR:0.7)
[2026-07-31 11:28:56]  [行7] 解析成功: SZSE.002158 [汉钟精机] BUY @ 25.64 (VR:1.04)
[2026-07-31 11:28:56]  [行8] 解析成功: SZSE.002635 [安洁科技] BUY @ 13.32 (VR:0.04)
[2026-07-31 11:28:56]  [行9] 解析成功: SHSE.688261 [东微半导] BUY @ 65.92 (VR:0.05)
[2026-07-31 11:28:56]  [行10] 解析成功: SZSE.300821 [东岳硅材] BUY @ 14.57 (VR:0.48)
[2026-07-31 11:28:56]  [行11] 解析成功: SZSE.300236 [上海新阳] BUY @ 86.22 (VR:0.23)
[2026-07-31 11:28:56]  [行12] 解析成功: SZSE.300162 [雷曼光电] BUY @ 7.29 (VR:0.74)
[2026-07-31 11:28:56]  [行13] 解析成功: SZSE.300767 [震安科技] SELL @ 15.89 (VR:1.74)
[2026-07-31 11:28:56]  [行14] 解析成功: SZSE.300184 [力源信息] BUY @ 11.71 (VR:0.08)
[2026-07-31 11:28:56]  [行15] 解析成功: SZSE.002158 [汉钟精机] BUY @ 25.67 (VR:0.69)
[2026-07-31 11:28:56]  [行16] 解析成功: SZSE.002635 [安洁科技] BUY @ 13.33 (VR:0.61)
[2026-07-31 11:28:56] 成功保存 16 条因子至: signal_batch_20260731_112856_519673.txt
[2026-07-31 11:28:56]  QQ-备用 邮件 3286 处理完成
[2026-07-31 11:28:56]  QQ-备用 本轮共成功处理 1 封有效信号邮件
[2026-07-31 11:29:32]  正在连接 QQ-主 邮箱服务器 (497720537@qq.com) ...
[2026-07-31 11:29:32]  QQ-主 正在解析因子: =?utf-8?b?QWxwaGFQaWxvdCDlrp7ml7bkv6Hlj7cgKGFscGhhX3NpZ25hbF90aHJfMjAyNjA3MzFfMTEyOS5qc29uKSBb5Li7UVEt5a+55aSWXQ==?=
[2026-07-31 11:29:32]  发现表格，共 12 行数据
[2026-07-31 11:29:32]  动态索引映射: ['股票代码', '股票名称', '信号', '当前价格', '量比', '来源过滤']
[2026-07-31 11:29:32]  [行1] 解析成功: SHSE.688286 [敏芯股份] BUY @ 39.9 (VR:0.52)
[2026-07-31 11:29:32]  [行2] 解析成功: SHSE.688721 [龙图光罩] SELL @ 35.85 (VR:0.62)
[2026-07-31 11:29:32]  [行3] 解析成功: SHSE.688249 [晶合集成] SELL @ 38.34 (VR:0.58)
[2026-07-31 11:29:32]  [行4] 解析成功: SZSE.301392 [汇成真空] BUY @ 131.33 (VR:0.37)
[2026-07-31 11:29:32]  [行5] 解析成功: SZSE.300661 [圣邦股份] BUY @ 98.56 (VR:0.29)
[2026-07-31 11:29:32]  [行6] 解析成功: SZSE.300780 [德恩精工] BUY @ 17.73 (VR:0.01)
[2026-07-31 11:29:32]  [行7] 解析成功: SHSE.688286 [敏芯股份] BUY @ 39.92 (VR:0.04)
[2026-07-31 11:29:32]  [行8] 解析成功: SHSE.688721 [龙图光罩] SELL @ 35.84 (VR:0.03)
[2026-07-31 11:29:32]  [行9] 解析成功: SHSE.688249 [晶合集成] SELL @ 38.32 (VR:0.32)
[2026-07-31 11:29:32]  [行10] 解析成功: SZSE.301392 [汇成真空] BUY @ 131.38 (VR:0.27)
[2026-07-31 11:29:32]  [行11] 解析成功: SZSE.300661 [圣邦股份] BUY @ 98.88 (VR:1.95)
[2026-07-31 11:29:32]  [行12] 解析成功: SZSE.300780 [德恩精工] BUY @ 17.75 (VR:0.17)
[2026-07-31 11:29:32] 成功保存 12 条因子至: signal_batch_20260731_112932_610048.txt
[2026-07-31 11:29:32]  QQ-主 邮件 5610 处理完成
[2026-07-31 11:29:32]  QQ-主 本轮共成功处理 1 封有效信号邮件
[2026-07-31 11:29:32]  正在连接 QQ-备用 邮箱服务器 (shouqianbadavid@qq.com) ...
[2026-07-31 11:30:08]  正在连接 QQ-主 邮箱服务器 (497720537@qq.com) ...
[2026-07-31 11:30:09]  正在连接 QQ-备用 邮箱服务器 (shouqianbadavid@qq.com) ...
[2026-07-31 11:30:45]  正在连接 QQ-主 邮箱服务器 (497720537@qq.com) ...
[2026-07-31 11:30:45]  正在连接 QQ-备用 邮箱服务器 (shouqianbadavid@qq.com) ...
[2026-07-31 11:31:21]  正在连接 QQ-主 邮箱服务器 (497720537@qq.com) ...
[2026-07-31 11:31:23]  QQ-主 正在解析因子: =?utf-8?b?QWxwaGFQaWxvdCDlrp7ml7bkv6Hlj7cgKGFscGhhX3NpZ25hbF90aHJfMjAyNjA3MzFfMTEzMS5qc29uKSBb5Li7UVEt5a+55aSWXQ==?=
[2026-07-31 11:31:23]  发现表格，共 6 行数据
[2026-07-31 11:31:23]  动态索引映射: ['股票代码', '股票名称', '信号', '当前价格', '量比', '来源过滤']
[2026-07-31 11:31:23]  [行1] 解析成功: SHSE.688002 [睿创微纳] SELL @ 146.2 (VR:0.86)
[2026-07-31 11:31:23]  [行2] 解析成功: SHSE.688521 [芯原股份] SELL @ 197.74 (VR:0.79)
[2026-07-31 11:31:23]  [行3] 解析成功: SHSE.688227 [品高股份] BUY @ 71.23 (VR:3.55)
[2026-07-31 11:31:23]  [行4] 解析成功: SHSE.688002 [睿创微纳] SELL @ 146.0 (VR:1.1)
[2026-07-31 11:31:23]  [行5] 解析成功: SHSE.688521 [芯原股份] SELL @ 197.64 (VR:0.99)
[2026-07-31 11:31:23]  [行6] 解析成功: SHSE.688227 [品高股份] BUY @ 71.32 (VR:4.01)
[2026-07-31 11:31:23] 成功保存 6 条因子至: signal_batch_20260731_113123_355570.txt
[2026-07-31 11:31:23]  QQ-主 邮件 5611 处理完成
[2026-07-31 11:31:23]  QQ-主 本轮共成功处理 1 封有效信号邮件
[2026-07-31 11:31:23]  正在连接 QQ-备用 邮箱服务器 (shouqianbadavid@qq.com) ...
[2026-07-31 11:31:24]  QQ-备用 正在解析因子: =?utf-8?b?QWxwaGFQaWxvdCDlpIfku73kv6Hlj7cgKGFscGhhX3NpZ25hbF90aHJfMjAyNjA3MzFfMTEyOS5qc29uKSBb5aSHUVEt6Ieq5L+dXQ==?=
[2026-07-31 11:31:24]  发现表格，共 12 行数据
[2026-07-31 11:31:24]  动态索引映射: ['股票代码', '股票名称', '信号', '当前价格', '量比', '来源过滤']
[2026-07-31 11:31:24]  [行1] 解析成功: SHSE.688286 [敏芯股份] BUY @ 39.9 (VR:0.52)
[2026-07-31 11:31:24]  [行2] 解析成功: SHSE.688721 [龙图光罩] SELL @ 35.85 (VR:0.62)
[2026-07-31 11:31:24]  [行3] 解析成功: SHSE.688249 [晶合集成] SELL @ 38.34 (VR:0.58)
[2026-07-31 11:31:24]  [行4] 解析成功: SZSE.301392 [汇成真空] BUY @ 131.33 (VR:0.37)
[2026-07-31 11:31:24]  [行5] 解析成功: SZSE.300661 [圣邦股份] BUY @ 98.56 (VR:0.29)
[2026-07-31 11:31:24]  [行6] 解析成功: SZSE.300780 [德恩精工] BUY @ 17.73 (VR:0.01)
[2026-07-31 11:31:24]  [行7] 解析成功: SHSE.688286 [敏芯股份] BUY @ 39.92 (VR:0.04)
[2026-07-31 11:31:24]  [行8] 解析成功: SHSE.688721 [龙图光罩] SELL @ 35.84 (VR:0.03)
[2026-07-31 11:31:24]  [行9] 解析成功: SHSE.688249 [晶合集成] SELL @ 38.32 (VR:0.32)
[2026-07-31 11:31:24]  [行10] 解析成功: SZSE.301392 [汇成真空] BUY @ 131.38 (VR:0.27)
[2026-07-31 11:31:24]  [行11] 解析成功: SZSE.300661 [圣邦股份] BUY @ 98.88 (VR:1.95)
[2026-07-31 11:31:24]  [行12] 解析成功: SZSE.300780 [德恩精工] BUY @ 17.75 (VR:0.17)
[2026-07-31 11:31:24] 成功保存 12 条因子至: signal_batch_20260731_113124_396650.txt
[2026-07-31 11:31:24]  QQ-备用 邮件 3287 处理完成
[2026-07-31 11:31:24]  QQ-备用 本轮共成功处理 1 封有效信号邮件
[2026-07-31 11:31:59]  正在连接 QQ-主 邮箱服务器 (497720537@qq.com) ...
[2026-07-31 11:32:00]  正在连接 QQ-备用 邮箱服务器 (shouqianbadavid@qq.com) ...
[2026-07-31 11:32:36]  正在连接 QQ-主 邮箱服务器 (497720537@qq.com) ...
[2026-07-31 11:32:36]  正在连接 QQ-备用 邮箱服务器 (shouqianbadavid@qq.com) ...
[2026-07-31 11:33:12]  正在连接 QQ-主 邮箱服务器 (497720537@qq.com) ...
[2026-07-31 11:33:13]  正在连接 QQ-备用 邮箱服务器 (shouqianbadavid@qq.com) ...
[2026-07-31 11:33:49]  正在连接 QQ-主 邮箱服务器 (497720537@qq.com) ...
[2026-07-31 11:33:50]  正在连接 QQ-备用 邮箱服务器 (shouqianbadavid@qq.com) ...
[2026-07-31 11:33:51]  QQ-备用 正在解析因子: =?utf-8?b?QWxwaGFQaWxvdCDlpIfku73kv6Hlj7cgKGFscGhhX3NpZ25hbF90aHJfMjAyNjA3MzFfMTEzMS5qc29uKSBb5aSHUVEt6Ieq5L+dXQ==?=
[2026-07-31 11:33:51]  发现表格，共 6 行数据
[2026-07-31 11:33:51]  动态索引映射: ['股票代码', '股票名称', '信号', '当前价格', '量比', '来源过滤']
[2026-07-31 11:33:51]  [行1] 解析成功: SHSE.688002 [睿创微纳] SELL @ 146.2 (VR:0.86)
[2026-07-31 11:33:51]  [行2] 解析成功: SHSE.688521 [芯原股份] SELL @ 197.74 (VR:0.79)
[2026-07-31 11:33:51]  [行3] 解析成功: SHSE.688227 [品高股份] BUY @ 71.23 (VR:3.55)
[2026-07-31 11:33:51]  [行4] 解析成功: SHSE.688002 [睿创微纳] SELL @ 146.0 (VR:1.1)
[2026-07-31 11:33:51]  [行5] 解析成功: SHSE.688521 [芯原股份] SELL @ 197.64 (VR:0.99)
[2026-07-31 11:33:51]  [行6] 解析成功: SHSE.688227 [品高股份] BUY @ 71.32 (VR:4.01)
[2026-07-31 11:33:51] 成功保存 6 条因子至: signal_batch_20260731_113351_722942.txt
[2026-07-31 11:33:51]  QQ-备用 邮件 3288 处理完成
[2026-07-31 11:33:51]  QQ-备用 本轮共成功处理 1 封有效信号邮件
[2026-07-31 11:34:27]  正在连接 QQ-主 邮箱服务器 (497720537@qq.com) ...
[2026-07-31 11:34:27]  正在连接 QQ-备用 邮箱服务器 (shouqianbadavid@qq.com) ...
[2026-07-31 11:35:03]  正在连接 QQ-主 邮箱服务器 (497720537@qq.com) ...
[2026-07-31 11:35:04]  正在连接 QQ-备用 邮箱服务器 (shouqianbadavid@qq.com) ...
[2026-07-31 11:35:39]  正在连接 QQ-主 邮箱服务器 (497720537@qq.com) ...
[2026-07-31 11:35:40]  正在连接 QQ-备用 邮箱服务器 (shouqianbadavid@qq.com) ...
[2026-07-31 11:36:16]  正在连接 QQ-主 邮箱服务器 (497720537@qq.com) ...
[2026-07-31 11:36:16]  正在连接 QQ-备用 邮箱服务器 (shouqianbadavid@qq.com) ...
[2026-07-31 11:36:52]  正在连接 QQ-主 邮箱服务器 (497720537@qq.com) ...
[2026-07-31 11:36:53]  正在连接 QQ-备用 邮箱服务器 (shouqianbadavid@qq.com) ...
[2026-07-31 11:37:29]  正在连接 QQ-主 邮箱服务器 (497720537@qq.com) ...
[2026-07-31 11:37:29]  正在连接 QQ-备用 邮箱服务器 (shouqianbadavid@qq.com) ...
[2026-07-31 11:38:05]  正在连接 QQ-主 邮箱服务器 (497720537@qq.com) ...
[2026-07-31 11:38:06]  正在连接 QQ-备用 邮箱服务器 (shouqianbadavid@qq.com) ...
[2026-07-31 11:38:41]  正在连接 QQ-主 邮箱服务器 (497720537@qq.com) ...
[2026-07-31 11:38:42]  正在连接 QQ-备用 邮箱服务器 (shouqianbadavid@qq.com) ...
[2026-07-31 11:39:18]  正在连接 QQ-主 邮箱服务器 (497720537@qq.com) ...
[2026-07-31 11:39:18]  正在连接 QQ-备用 邮箱服务器 (shouqianbadavid@qq.com) ...
[2026-07-31 11:39:54]  正在连接 QQ-主 邮箱服务器 (497720537@qq.com) ...
[2026-07-31 11:39:54]  正在连接 QQ-备用 邮箱服务器 (shouqianbadavid@qq.com) ...
[2026-07-31 11:40:30]  正在连接 QQ-主 邮箱服务器 (497720537@qq.com) ...
[2026-07-31 11:40:31]  正在连接 QQ-备用 邮箱服务器 (shouqianbadavid@qq.com) ...
[2026-07-31 11:41:06]  正在连接 QQ-主 邮箱服务器 (497720537@qq.com) ...
[2026-07-31 11:41:07]  正在连接 QQ-备用 邮箱服务器 (shouqianbadavid@qq.com) ...
[2026-07-31 11:41:43]  正在连接 QQ-主 邮箱服务器 (497720537@qq.com) ...
[2026-07-31 11:41:44]  正在连接 QQ-备用 邮箱服务器 (shouqianbadavid@qq.com) ...
[2026-07-31 11:42:19]  正在连接 QQ-主 邮箱服务器 (497720537@qq.com) ...
[2026-07-31 11:42:20]  正在连接 QQ-备用 邮箱服务器 (shouqianbadavid@qq.com) ...
[2026-07-31 11:42:56]  正在连接 QQ-主 邮箱服务器 (497720537@qq.com) ...
[2026-07-31 11:42:56]  正在连接 QQ-备用 邮箱服务器 (shouqianbadavid@qq.com) ...
[2026-07-31 11:43:31]  正在连接 QQ-主 邮箱服务器 (497720537@qq.com) ...
[2026-07-31 11:43:32]  正在连接 QQ-备用 邮箱服务器 (shouqianbadavid@qq.com) ...
[2026-07-31 11:44:07]  正在连接 QQ-主 邮箱服务器 (497720537@qq.com) ...
[2026-07-31 11:44:08]  正在连接 QQ-备用 邮箱服务器 (shouqianbadavid@qq.com) ...
[2026-07-31 11:44:44]  正在连接 QQ-主 邮箱服务器 (497720537@qq.com) ...
[2026-07-31 11:44:44]  正在连接 QQ-备用 邮箱服务器 (shouqianbadavid@qq.com) ...
[2026-07-31 11:45:20]  正在连接 QQ-主 邮箱服务器 (497720537@qq.com) ...
[2026-07-31 11:45:21]  正在连接 QQ-备用 邮箱服务器 (shouqianbadavid@qq.com) ...
[2026-07-31 11:45:56]  正在连接 QQ-主 邮箱服务器 (497720537@qq.com) ...
[2026-07-31 11:45:57]  正在连接 QQ-备用 邮箱服务器 (shouqianbadavid@qq.com) ...
[2026-07-31 11:46:33]  正在连接 QQ-主 邮箱服务器 (497720537@qq.com) ...
[2026-07-31 11:46:33]  正在连接 QQ-备用 邮箱服务器 (shouqianbadavid@qq.com) ...
[2026-07-31 11:47:09]  正在连接 QQ-主 邮箱服务器 (497720537@qq.com) ...
[2026-07-31 11:47:09]  正在连接 QQ-备用 邮箱服务器 (shouqianbadavid@qq.com) ...
[2026-07-31 11:47:45]  正在连接 QQ-主 邮箱服务器 (497720537@qq.com) ...
[2026-07-31 11:47:46]  正在连接 QQ-备用 邮箱服务器 (shouqianbadavid@qq.com) ...
[2026-07-31 11:48:21]  正在连接 QQ-主 邮箱服务器 (497720537@qq.com) ...
[2026-07-31 11:48:22]  正在连接 QQ-备用 邮箱服务器 (shouqianbadavid@qq.com) ...
[2026-07-31 11:48:58]  正在连接 QQ-主 邮箱服务器 (497720537@qq.com) ...
[2026-07-31 11:48:58]  正在连接 QQ-备用 邮箱服务器 (shouqianbadavid@qq.com) ...
[2026-07-31 11:49:34]  正在连接 QQ-主 邮箱服务器 (497720537@qq.com) ...
[2026-07-31 11:49:34]  正在连接 QQ-备用 邮箱服务器 (shouqianbadavid@qq.com) ...
[2026-07-31 11:50:10]  正在连接 QQ-主 邮箱服务器 (497720537@qq.com) ...
[2026-07-31 11:50:11]  正在连接 QQ-备用 邮箱服务器 (shouqianbadavid@qq.com) ...
[2026-07-31 11:50:47]  正在连接 QQ-主 邮箱服务器 (497720537@qq.com) ...
[2026-07-31 11:50:47]  正在连接 QQ-备用 邮箱服务器 (shouqianbadavid@qq.com) ...
[2026-07-31 11:51:23]  正在连接 QQ-主 邮箱服务器 (497720537@qq.com) ...
[2026-07-31 11:51:24]  正在连接 QQ-备用 邮箱服务器 (shouqianbadavid@qq.com) ...
[2026-07-31 11:51:59]  正在连接 QQ-主 邮箱服务器 (497720537@qq.com) ...
[2026-07-31 11:52:00]  正在连接 QQ-备用 邮箱服务器 (shouqianbadavid@qq.com) ...
[2026-07-31 11:52:35]  正在连接 QQ-主 邮箱服务器 (497720537@qq.com) ...
[2026-07-31 11:52:36]  正在连接 QQ-备用 邮箱服务器 (shouqianbadavid@qq.com) ...
[2026-07-31 11:53:12]  正在连接 QQ-主 邮箱服务器 (497720537@qq.com) ...
[2026-07-31 11:53:12]  正在连接 QQ-备用 邮箱服务器 (shouqianbadavid@qq.com) ...
[2026-07-31 11:53:48]  正在连接 QQ-主 邮箱服务器 (497720537@qq.com) ...
[2026-07-31 11:53:49]  正在连接 QQ-备用 邮箱服务器 (shouqianbadavid@qq.com) ...
[2026-07-31 11:54:24]  正在连接 QQ-主 邮箱服务器 (497720537@qq.com) ...
[2026-07-31 11:54:25]  正在连接 QQ-备用 邮箱服务器 (shouqianbadavid@qq.com) ...
[2026-07-31 11:55:00]  正在连接 QQ-主 邮箱服务器 (497720537@qq.com) ...
[2026-07-31 11:55:01]  正在连接 QQ-备用 邮箱服务器 (shouqianbadavid@qq.com) ...
[2026-07-31 11:55:37]  正在连接 QQ-主 邮箱服务器 (497720537@qq.com) ...
[2026-07-31 11:55:37]  正在连接 QQ-备用 邮箱服务器 (shouqianbadavid@qq.com) ...
[2026-07-31 11:56:12]  正在连接 QQ-主 邮箱服务器 (497720537@qq.com) ...
[2026-07-31 11:56:13]  正在连接 QQ-备用 邮箱服务器 (shouqianbadavid@qq.com) ...
[2026-07-31 11:56:48]  正在连接 QQ-主 邮箱服务器 (497720537@qq.com) ...
[2026-07-31 11:56:49]  正在连接 QQ-备用 邮箱服务器 (shouqianbadavid@qq.com) ...
[2026-07-31 11:57:25]  正在连接 QQ-主 邮箱服务器 (497720537@qq.com) ...
[2026-07-31 11:57:26]  正在连接 QQ-备用 邮箱服务器 (shouqianbadavid@qq.com) ...
[2026-07-31 11:58:02]  正在连接 QQ-主 邮箱服务器 (497720537@qq.com) ...
[2026-07-31 11:58:02]  正在连接 QQ-备用 邮箱服务器 (shouqianbadavid@qq.com) ...
[2026-07-31 11:58:38]  正在连接 QQ-主 邮箱服务器 (497720537@qq.com) ...
[2026-07-31 11:58:38]  正在连接 QQ-备用 邮箱服务器 (shouqianbadavid@qq.com) ...
[2026-07-31 11:59:14]  正在连接 QQ-主 邮箱服务器 (497720537@qq.com) ...
[2026-07-31 11:59:15]  正在连接 QQ-备用 邮箱服务器 (shouqianbadavid@qq.com) ...
[2026-07-31 11:59:50]  正在连接 QQ-主 邮箱服务器 (497720537@qq.com) ...
[2026-07-31 11:59:51]  正在连接 QQ-备用 邮箱服务器 (shouqianbadavid@qq.com) ...
[2026-07-31 12:00:26]  正在连接 QQ-主 邮箱服务器 (497720537@qq.com) ...
[2026-07-31 12:00:27]  正在连接 QQ-备用 邮箱服务器 (shouqianbadavid@qq.com) ...
[2026-07-31 12:01:02]  正在连接 QQ-主 邮箱服务器 (497720537@qq.com) ...
[2026-07-31 12:01:04]  正在连接 QQ-备用 邮箱服务器 (shouqianbadavid@qq.com) ...
[2026-07-31 12:01:39]  正在连接 QQ-主 邮箱服务器 (497720537@qq.com) ...
[2026-07-31 12:01:40]  正在连接 QQ-备用 邮箱服务器 (shouqianbadavid@qq.com) ...
[2026-07-31 12:02:16]  正在连接 QQ-主 邮箱服务器 (497720537@qq.com) ...
[2026-07-31 12:02:16]  正在连接 QQ-备用 邮箱服务器 (shouqianbadavid@qq.com) ...
[2026-07-31 12:02:52]  正在连接 QQ-主 邮箱服务器 (497720537@qq.com) ...
[2026-07-31 12:02:53]  正在连接 QQ-备用 邮箱服务器 (shouqianbadavid@qq.com) ...
[2026-07-31 12:03:29]  正在连接 QQ-主 邮箱服务器 (497720537@qq.com) ...
[2026-07-31 12:03:29]  正在连接 QQ-备用 邮箱服务器 (shouqianbadavid@qq.com) ...
[2026-07-31 12:04:05]  正在连接 QQ-主 邮箱服务器 (497720537@qq.com) ...
[2026-07-31 12:04:05]  正在连接 QQ-备用 邮箱服务器 (shouqianbadavid@qq.com) ...
[2026-07-31 12:04:41]  正在连接 QQ-主 邮箱服务器 (497720537@qq.com) ...
[2026-07-31 12:04:41]  正在连接 QQ-备用 邮箱服务器 (shouqianbadavid@qq.com) ...
[2026-07-31 12:05:17]  正在连接 QQ-主 邮箱服务器 (497720537@qq.com) ...
[2026-07-31 12:05:17]  正在连接 QQ-备用 邮箱服务器 (shouqianbadavid@qq.com) ...
[2026-07-31 12:05:53]  正在连接 QQ-主 邮箱服务器 (497720537@qq.com) ...
[2026-07-31 12:05:53]  正在连接 QQ-备用 邮箱服务器 (shouqianbadavid@qq.com) ...
[2026-07-31 12:06:29]  正在连接 QQ-主 邮箱服务器 (497720537@qq.com) ...
[2026-07-31 12:06:29]  正在连接 QQ-备用 邮箱服务器 (shouqianbadavid@qq.com) ...
[2026-07-31 12:07:05]  正在连接 QQ-主 邮箱服务器 (497720537@qq.com) ...
[2026-07-31 12:07:06]  正在连接 QQ-备用 邮箱服务器 (shouqianbadavid@qq.com) ...
[2026-07-31 12:07:41]  正在连接 QQ-主 邮箱服务器 (497720537@qq.com) ...
[2026-07-31 12:07:42]  正在连接 QQ-备用 邮箱服务器 (shouqianbadavid@qq.com) ...
[2026-07-31 12:08:18]  正在连接 QQ-主 邮箱服务器 (497720537@qq.com) ...
[2026-07-31 12:08:19]  正在连接 QQ-备用 邮箱服务器 (shouqianbadavid@qq.com) ...
[2026-07-31 12:08:54]  正在连接 QQ-主 邮箱服务器 (497720537@qq.com) ...
[2026-07-31 12:08:55]  正在连接 QQ-备用 邮箱服务器 (shouqianbadavid@qq.com) ...
[2026-07-31 12:09:31]  正在连接 QQ-主 邮箱服务器 (497720537@qq.com) ...
[2026-07-31 12:09:31]  正在连接 QQ-备用 邮箱服务器 (shouqianbadavid@qq.com) ...
[2026-07-31 12:10:07]  正在连接 QQ-主 邮箱服务器 (497720537@qq.com) ...
[2026-07-31 12:10:07]  正在连接 QQ-备用 邮箱服务器 (shouqianbadavid@qq.com) ...
[2026-07-31 12:10:43]  正在连接 QQ-主 邮箱服务器 (497720537@qq.com) ...
[2026-07-31 12:10:44]  正在连接 QQ-备用 邮箱服务器 (shouqianbadavid@qq.com) ...
[2026-07-31 12:11:20]  正在连接 QQ-主 邮箱服务器 (497720537@qq.com) ...
[2026-07-31 12:11:20]  正在连接 QQ-备用 邮箱服务器 (shouqianbadavid@qq.com) ...
[2026-07-31 12:11:56]  正在连接 QQ-主 邮箱服务器 (497720537@qq.com) ...
[2026-07-31 12:11:56]  正在连接 QQ-备用 邮箱服务器 (shouqianbadavid@qq.com) ...
[2026-07-31 12:12:32]  正在连接 QQ-主 邮箱服务器 (497720537@qq.com) ...
[2026-07-31 12:12:32]  正在连接 QQ-备用 邮箱服务器 (shouqianbadavid@qq.com) ...
[2026-07-31 12:13:08]  正在连接 QQ-主 邮箱服务器 (497720537@qq.com) ...
[2026-07-31 12:13:08]  正在连接 QQ-备用 邮箱服务器 (shouqianbadavid@qq.com) ...
[2026-07-31 12:13:44]  正在连接 QQ-主 邮箱服务器 (497720537@qq.com) ...
[2026-07-31 12:13:44]  正在连接 QQ-备用 邮箱服务器 (shouqianbadavid@qq.com) ...
[2026-07-31 12:14:20]  正在连接 QQ-主 邮箱服务器 (497720537@qq.com) ...
[2026-07-31 12:14:21]  正在连接 QQ-备用 邮箱服务器 (shouqianbadavid@qq.com) ...
[2026-07-31 12:14:56]  正在连接 QQ-主 邮箱服务器 (497720537@qq.com) ...
[2026-07-31 12:14:57]  正在连接 QQ-备用 邮箱服务器 (shouqianbadavid@qq.com) ...
[2026-07-31 12:15:33]  正在连接 QQ-主 邮箱服务器 (497720537@qq.com) ...
[2026-07-31 12:15:33]  正在连接 QQ-备用 邮箱服务器 (shouqianbadavid@qq.com) ...
[2026-07-31 12:16:09]  正在连接 QQ-主 邮箱服务器 (497720537@qq.com) ...
[2026-07-31 12:16:09]  正在连接 QQ-备用 邮箱服务器 (shouqianbadavid@qq.com) ...
[2026-07-31 12:16:45]  正在连接 QQ-主 邮箱服务器 (497720537@qq.com) ...
[2026-07-31 12:16:46]  正在连接 QQ-备用 邮箱服务器 (shouqianbadavid@qq.com) ...
[2026-07-31 12:17:21]  正在连接 QQ-主 邮箱服务器 (497720537@qq.com) ...
[2026-07-31 12:17:22]  正在连接 QQ-备用 邮箱服务器 (shouqianbadavid@qq.com) ...
[2026-07-31 12:17:57]  正在连接 QQ-主 邮箱服务器 (497720537@qq.com) ...
[2026-07-31 12:17:58]  正在连接 QQ-备用 邮箱服务器 (shouqianbadavid@qq.com) ...
[2026-07-31 12:18:34]  正在连接 QQ-主 邮箱服务器 (497720537@qq.com) ...
[2026-07-31 12:18:35]  正在连接 QQ-备用 邮箱服务器 (shouqianbadavid@qq.com) ...
[2026-07-31 12:19:10]  正在连接 QQ-主 邮箱服务器 (497720537@qq.com) ...
[2026-07-31 12:19:11]  正在连接 QQ-备用 邮箱服务器 (shouqianbadavid@qq.com) ...
[2026-07-31 12:19:46]  正在连接 QQ-主 邮箱服务器 (497720537@qq.com) ...
[2026-07-31 12:19:47]  正在连接 QQ-备用 邮箱服务器 (shouqianbadavid@qq.com) ...
[2026-07-31 12:20:23]  正在连接 QQ-主 邮箱服务器 (497720537@qq.com) ...
[2026-07-31 12:20:23]  正在连接 QQ-备用 邮箱服务器 (shouqianbadavid@qq.com) ...
[2026-07-31 12:20:59]  正在连接 QQ-主 邮箱服务器 (497720537@qq.com) ...
[2026-07-31 12:20:59]  正在连接 QQ-备用 邮箱服务器 (shouqianbadavid@qq.com) ...
[2026-07-31 12:21:35]  正在连接 QQ-主 邮箱服务器 (497720537@qq.com) ...
[2026-07-31 12:21:36]  正在连接 QQ-备用 邮箱服务器 (shouqianbadavid@qq.com) ...
[2026-07-31 12:22:11]  正在连接 QQ-主 邮箱服务器 (497720537@qq.com) ...
[2026-07-31 12:22:12]  正在连接 QQ-备用 邮箱服务器 (shouqianbadavid@qq.com) ...
[2026-07-31 12:22:48]  正在连接 QQ-主 邮箱服务器 (497720537@qq.com) ...
[2026-07-31 12:22:48]  正在连接 QQ-备用 邮箱服务器 (shouqianbadavid@qq.com) ...
[2026-07-31 12:23:24]  正在连接 QQ-主 邮箱服务器 (497720537@qq.com) ...
[2026-07-31 12:23:24]  正在连接 QQ-备用 邮箱服务器 (shouqianbadavid@qq.com) ...
[2026-07-31 12:24:00]  正在连接 QQ-主 邮箱服务器 (497720537@qq.com) ...
[2026-07-31 12:24:01]  正在连接 QQ-备用 邮箱服务器 (shouqianbadavid@qq.com) ...
[2026-07-31 12:24:36]  正在连接 QQ-主 邮箱服务器 (497720537@qq.com) ...
[2026-07-31 12:24:37]  正在连接 QQ-备用 邮箱服务器 (shouqianbadavid@qq.com) ...
[2026-07-31 12:25:13]  正在连接 QQ-主 邮箱服务器 (497720537@qq.com) ...
[2026-07-31 12:25:13]  正在连接 QQ-备用 邮箱服务器 (shouqianbadavid@qq.com) ...
[2026-07-31 12:25:49]  正在连接 QQ-主 邮箱服务器 (497720537@qq.com) ...
[2026-07-31 12:25:49]  正在连接 QQ-备用 邮箱服务器 (shouqianbadavid@qq.com) ...
[2026-07-31 12:26:25]  正在连接 QQ-主 邮箱服务器 (497720537@qq.com) ...
[2026-07-31 12:26:25]  正在连接 QQ-备用 邮箱服务器 (shouqianbadavid@qq.com) ...
[2026-07-31 12:27:01]  正在连接 QQ-主 邮箱服务器 (497720537@qq.com) ...
[2026-07-31 12:27:02]  正在连接 QQ-备用 邮箱服务器 (shouqianbadavid@qq.com) ...
[2026-07-31 12:27:38]  正在连接 QQ-主 邮箱服务器 (497720537@qq.com) ...
[2026-07-31 12:27:38]  正在连接 QQ-备用 邮箱服务器 (shouqianbadavid@qq.com) ...
[2026-07-31 12:28:14]  正在连接 QQ-主 邮箱服务器 (497720537@qq.com) ...
[2026-07-31 12:28:14]  正在连接 QQ-备用 邮箱服务器 (shouqianbadavid@qq.com) ...
[2026-07-31 12:28:50]  正在连接 QQ-主 邮箱服务器 (497720537@qq.com) ...
[2026-07-31 12:28:50]  正在连接 QQ-备用 邮箱服务器 (shouqianbadavid@qq.com) ...
[2026-07-31 12:29:26]  正在连接 QQ-主 邮箱服务器 (497720537@qq.com) ...
[2026-07-31 12:29:27]  正在连接 QQ-备用 邮箱服务器 (shouqianbadavid@qq.com) ...
[2026-07-31 12:30:02]  正在连接 QQ-主 邮箱服务器 (497720537@qq.com) ...
[2026-07-31 12:30:03]  正在连接 QQ-备用 邮箱服务器 (shouqianbadavid@qq.com) ...
[2026-07-31 12:30:39]  正在连接 QQ-主 邮箱服务器 (497720537@qq.com) ...
[2026-07-31 12:30:39]  正在连接 QQ-备用 邮箱服务器 (shouqianbadavid@qq.com) ...
[2026-07-31 12:31:15]  正在连接 QQ-主 邮箱服务器 (497720537@qq.com) ...
[2026-07-31 12:31:16]  正在连接 QQ-备用 邮箱服务器 (shouqianbadavid@qq.com) ...
[2026-07-31 12:31:52]  正在连接 QQ-主 邮箱服务器 (497720537@qq.com) ...
[2026-07-31 12:31:52]  正在连接 QQ-备用 邮箱服务器 (shouqianbadavid@qq.com) ...
[2026-07-31 12:32:28]  正在连接 QQ-主 邮箱服务器 (497720537@qq.com) ...
[2026-07-31 12:32:28]  正在连接 QQ-备用 邮箱服务器 (shouqianbadavid@qq.com) ...
[2026-07-31 12:33:04]  正在连接 QQ-主 邮箱服务器 (497720537@qq.com) ...
[2026-07-31 12:33:05]  正在连接 QQ-备用 邮箱服务器 (shouqianbadavid@qq.com) ...
[2026-07-31 12:33:40]  正在连接 QQ-主 邮箱服务器 (497720537@qq.com) ...
[2026-07-31 12:33:41]  正在连接 QQ-备用 邮箱服务器 (shouqianbadavid@qq.com) ...
[2026-07-31 12:34:16]  正在连接 QQ-主 邮箱服务器 (497720537@qq.com) ...
[2026-07-31 12:34:17]  正在连接 QQ-备用 邮箱服务器 (shouqianbadavid@qq.com) ...
[2026-07-31 12:34:53]  正在连接 QQ-主 邮箱服务器 (497720537@qq.com) ...
[2026-07-31 12:34:53]  正在连接 QQ-备用 邮箱服务器 (shouqianbadavid@qq.com) ...
[2026-07-31 12:35:29]  正在连接 QQ-主 邮箱服务器 (497720537@qq.com) ...
[2026-07-31 12:35:29]  正在连接 QQ-备用 邮箱服务器 (shouqianbadavid@qq.com) ...
[2026-07-31 12:36:05]  正在连接 QQ-主 邮箱服务器 (497720537@qq.com) ...
[2026-07-31 12:36:06]  正在连接 QQ-备用 邮箱服务器 (shouqianbadavid@qq.com) ...
[2026-07-31 12:36:41]  正在连接 QQ-主 邮箱服务器 (497720537@qq.com) ...
[2026-07-31 12:36:42]  正在连接 QQ-备用 邮箱服务器 (shouqianbadavid@qq.com) ...
[2026-07-31 12:37:17]  正在连接 QQ-主 邮箱服务器 (497720537@qq.com) ...
[2026-07-31 12:37:18]  正在连接 QQ-备用 邮箱服务器 (shouqianbadavid@qq.com) ...
[2026-07-31 12:37:54]  正在连接 QQ-主 邮箱服务器 (497720537@qq.com) ...
[2026-07-31 12:37:54]  正在连接 QQ-备用 邮箱服务器 (shouqianbadavid@qq.com) ...
[2026-07-31 12:38:30]  正在连接 QQ-主 邮箱服务器 (497720537@qq.com) ...
[2026-07-31 12:38:31]  正在连接 QQ-备用 邮箱服务器 (shouqianbadavid@qq.com) ...
[2026-07-31 12:39:07]  正在连接 QQ-主 邮箱服务器 (497720537@qq.com) ...
[2026-07-31 12:39:08]  正在连接 QQ-备用 邮箱服务器 (shouqianbadavid@qq.com) ...
[2026-07-31 12:39:43]  正在连接 QQ-主 邮箱服务器 (497720537@qq.com) ...
[2026-07-31 12:39:44]  正在连接 QQ-备用 邮箱服务器 (shouqianbadavid@qq.com) ...
[2026-07-31 12:40:20]  正在连接 QQ-主 邮箱服务器 (497720537@qq.com) ...
[2026-07-31 12:40:20]  正在连接 QQ-备用 邮箱服务器 (shouqianbadavid@qq.com) ...
[2026-07-31 12:40:56]  正在连接 QQ-主 邮箱服务器 (497720537@qq.com) ...
[2026-07-31 12:40:56]  正在连接 QQ-备用 邮箱服务器 (shouqianbadavid@qq.com) ...
[2026-07-31 12:41:32]  正在连接 QQ-主 邮箱服务器 (497720537@qq.com) ...
[2026-07-31 12:41:33]  正在连接 QQ-备用 邮箱服务器 (shouqianbadavid@qq.com) ...
[2026-07-31 12:42:08]  正在连接 QQ-主 邮箱服务器 (497720537@qq.com) ...
[2026-07-31 12:42:09]  正在连接 QQ-备用 邮箱服务器 (shouqianbadavid@qq.com) ...
[2026-07-31 12:42:46]  正在连接 QQ-主 邮箱服务器 (497720537@qq.com) ...
[2026-07-31 12:42:46]  正在连接 QQ-备用 邮箱服务器 (shouqianbadavid@qq.com) ...
[2026-07-31 12:43:22]  正在连接 QQ-主 邮箱服务器 (497720537@qq.com) ...
[2026-07-31 12:43:23]  正在连接 QQ-备用 邮箱服务器 (shouqianbadavid@qq.com) ...
[2026-07-31 12:43:59]  正在连接 QQ-主 邮箱服务器 (497720537@qq.com) ...
[2026-07-31 12:43:59]  正在连接 QQ-备用 邮箱服务器 (shouqianbadavid@qq.com) ...
[2026-07-31 12:44:35]  正在连接 QQ-主 邮箱服务器 (497720537@qq.com) ...
[2026-07-31 12:44:36]  正在连接 QQ-备用 邮箱服务器 (shouqianbadavid@qq.com) ...
[2026-07-31 12:45:12]  正在连接 QQ-主 邮箱服务器 (497720537@qq.com) ...
[2026-07-31 12:45:13]  正在连接 QQ-备用 邮箱服务器 (shouqianbadavid@qq.com) ...
[2026-07-31 12:45:49]  正在连接 QQ-主 邮箱服务器 (497720537@qq.com) ...
[2026-07-31 12:45:49]  正在连接 QQ-备用 邮箱服务器 (shouqianbadavid@qq.com) ...
[2026-07-31 12:46:25]  正在连接 QQ-主 邮箱服务器 (497720537@qq.com) ...
[2026-07-31 12:46:26]  正在连接 QQ-备用 邮箱服务器 (shouqianbadavid@qq.com) ...
[2026-07-31 12:47:01]  正在连接 QQ-主 邮箱服务器 (497720537@qq.com) ...
[2026-07-31 12:47:02]  正在连接 QQ-备用 邮箱服务器 (shouqianbadavid@qq.com) ...
[2026-07-31 12:47:38]  正在连接 QQ-主 邮箱服务器 (497720537@qq.com) ...
[2026-07-31 12:47:38]  正在连接 QQ-备用 邮箱服务器 (shouqianbadavid@qq.com) ...
[2026-07-31 12:48:14]  正在连接 QQ-主 邮箱服务器 (497720537@qq.com) ...
[2026-07-31 12:48:14]  正在连接 QQ-备用 邮箱服务器 (shouqianbadavid@qq.com) ...
[2026-07-31 12:48:50]  正在连接 QQ-主 邮箱服务器 (497720537@qq.com) ...
[2026-07-31 12:48:51]  正在连接 QQ-备用 邮箱服务器 (shouqianbadavid@qq.com) ...
[2026-07-31 12:49:26]  正在连接 QQ-主 邮箱服务器 (497720537@qq.com) ...
[2026-07-31 12:49:27]  正在连接 QQ-备用 邮箱服务器 (shouqianbadavid@qq.com) ...
[2026-07-31 12:50:02]  正在连接 QQ-主 邮箱服务器 (497720537@qq.com) ...
[2026-07-31 12:50:03]  正在连接 QQ-备用 邮箱服务器 (shouqianbadavid@qq.com) ...
[2026-07-31 12:50:39]  正在连接 QQ-主 邮箱服务器 (497720537@qq.com) ...
[2026-07-31 12:50:39]  正在连接 QQ-备用 邮箱服务器 (shouqianbadavid@qq.com) ...
[2026-07-31 12:51:15]  正在连接 QQ-主 邮箱服务器 (497720537@qq.com) ...
[2026-07-31 12:51:15]  正在连接 QQ-备用 邮箱服务器 (shouqianbadavid@qq.com) ...
[2026-07-31 12:51:51]  正在连接 QQ-主 邮箱服务器 (497720537@qq.com) ...
[2026-07-31 12:51:52]  正在连接 QQ-备用 邮箱服务器 (shouqianbadavid@qq.com) ...
[2026-07-31 12:52:28]  正在连接 QQ-主 邮箱服务器 (497720537@qq.com) ...
[2026-07-31 12:52:28]  正在连接 QQ-备用 邮箱服务器 (shouqianbadavid@qq.com) ...
[2026-07-31 12:53:04]  正在连接 QQ-主 邮箱服务器 (497720537@qq.com) ...
[2026-07-31 12:53:04]  正在连接 QQ-备用 邮箱服务器 (shouqianbadavid@qq.com) ...
[2026-07-31 12:53:40]  正在连接 QQ-主 邮箱服务器 (497720537@qq.com) ...
[2026-07-31 12:53:41]  正在连接 QQ-备用 邮箱服务器 (shouqianbadavid@qq.com) ...
[2026-07-31 12:54:16]  正在连接 QQ-主 邮箱服务器 (497720537@qq.com) ...
[2026-07-31 12:54:17]  正在连接 QQ-备用 邮箱服务器 (shouqianbadavid@qq.com) ...
[2026-07-31 12:54:53]  正在连接 QQ-主 邮箱服务器 (497720537@qq.com) ...
[2026-07-31 12:54:54]  正在连接 QQ-备用 邮箱服务器 (shouqianbadavid@qq.com) ...
[2026-07-31 12:55:29]  正在连接 QQ-主 邮箱服务器 (497720537@qq.com) ...
[2026-07-31 12:55:30]  正在连接 QQ-备用 邮箱服务器 (shouqianbadavid@qq.com) ...
[2026-07-31 12:56:06]  正在连接 QQ-主 邮箱服务器 (497720537@qq.com) ...
[2026-07-31 12:56:06]  正在连接 QQ-备用 邮箱服务器 (shouqianbadavid@qq.com) ...
[2026-07-31 12:56:42]  正在连接 QQ-主 邮箱服务器 (497720537@qq.com) ...
[2026-07-31 12:56:42]  正在连接 QQ-备用 邮箱服务器 (shouqianbadavid@qq.com) ...
[2026-07-31 12:57:18]  正在连接 QQ-主 邮箱服务器 (497720537@qq.com) ...
[2026-07-31 12:57:18]  正在连接 QQ-备用 邮箱服务器 (shouqianbadavid@qq.com) ...
[2026-07-31 12:57:54]  正在连接 QQ-主 邮箱服务器 (497720537@qq.com) ...
[2026-07-31 12:57:54]  正在连接 QQ-备用 邮箱服务器 (shouqianbadavid@qq.com) ...
[2026-07-31 12:58:30]  正在连接 QQ-主 邮箱服务器 (497720537@qq.com) ...
[2026-07-31 12:58:31]  正在连接 QQ-备用 邮箱服务器 (shouqianbadavid@qq.com) ...
[2026-07-31 12:59:07]  正在连接 QQ-主 邮箱服务器 (497720537@qq.com) ...
[2026-07-31 12:59:07]  正在连接 QQ-备用 邮箱服务器 (shouqianbadavid@qq.com) ...
[2026-07-31 12:59:43]  正在连接 QQ-主 邮箱服务器 (497720537@qq.com) ...
[2026-07-31 12:59:44]  正在连接 QQ-备用 邮箱服务器 (shouqianbadavid@qq.com) ...
[2026-07-31 13:00:20]  正在连接 QQ-主 邮箱服务器 (497720537@qq.com) ...
[2026-07-31 13:00:20]  正在连接 QQ-备用 邮箱服务器 (shouqianbadavid@qq.com) ...
[2026-07-31 13:00:56]  正在连接 QQ-主 邮箱服务器 (497720537@qq.com) ...
[2026-07-31 13:00:56]  正在连接 QQ-备用 邮箱服务器 (shouqianbadavid@qq.com) ...
[2026-07-31 13:01:32]  正在连接 QQ-主 邮箱服务器 (497720537@qq.com) ...
[2026-07-31 13:01:32]  正在连接 QQ-备用 邮箱服务器 (shouqianbadavid@qq.com) ...
[2026-07-31 13:02:08]  正在连接 QQ-主 邮箱服务器 (497720537@qq.com) ...
[2026-07-31 13:02:09]  正在连接 QQ-备用 邮箱服务器 (shouqianbadavid@qq.com) ...
[2026-07-31 13:02:44]  正在连接 QQ-主 邮箱服务器 (497720537@qq.com) ...
[2026-07-31 13:02:44]  正在连接 QQ-备用 邮箱服务器 (shouqianbadavid@qq.com) ...
[2026-07-31 13:03:20]  正在连接 QQ-主 邮箱服务器 (497720537@qq.com) ...
[2026-07-31 13:03:21]  正在连接 QQ-备用 邮箱服务器 (shouqianbadavid@qq.com) ...
[2026-07-31 13:03:56]  正在连接 QQ-主 邮箱服务器 (497720537@qq.com) ...
[2026-07-31 13:03:57]  正在连接 QQ-备用 邮箱服务器 (shouqianbadavid@qq.com) ...
[2026-07-31 13:04:32]  正在连接 QQ-主 邮箱服务器 (497720537@qq.com) ...
[2026-07-31 13:04:33]  QQ-主 正在解析因子: =?utf-8?b?QWxwaGFQaWxvdCDlrp7ml7bkv6Hlj7cgKGFscGhhX3NpZ25hbF90aHJfMjAyNjA3MzFfMTMwNC5qc29uKSBb5Li7UVEt5a+55aSWXQ==?=
[2026-07-31 13:04:33]  发现表格，共 12 行数据
[2026-07-31 13:04:33]  动态索引映射: ['股票代码', '股票名称', '信号', '当前价格', '量比', '来源过滤']
[2026-07-31 13:04:33]  [行1] 解析成功: SHSE.603618 [杭电股份] SELL @ 23.06 (VR:0.34)
[2026-07-31 13:04:33]  [行2] 解析成功: SHSE.605111 [新洁能] SELL @ 50.31 (VR:0.06)
[2026-07-31 13:04:33]  [行3] 解析成功: SHSE.600460 [士兰微] BUY @ 28.91 (VR:0.61)
[2026-07-31 13:04:33]  [行4] 解析成功: SZSE.000823 [超声电子] BUY @ 12.84 (VR:0.37)
[2026-07-31 13:04:33]  [行5] 解析成功: SZSE.300607 [拓斯达] BUY @ 30.05 (VR:2.98)
[2026-07-31 13:04:33]  [行6] 解析成功: SZSE.301070 [开勒股份] BUY @ 54.95 (VR:0.03)
[2026-07-31 13:04:33]  [行7] 解析成功: SHSE.603618 [杭电股份] SELL @ 23.02 (VR:0.05)
[2026-07-31 13:04:33]  [行8] 解析成功: SHSE.605111 [新洁能] SELL @ 50.17 (VR:0.07)
[2026-07-31 13:04:33]  [行9] 解析成功: SHSE.600460 [士兰微] BUY @ 28.92 (VR:0.29)
[2026-07-31 13:04:33]  [行10] 解析成功: SZSE.000823 [超声电子] BUY @ 12.88 (VR:0.52)
[2026-07-31 13:04:33]  [行11] 解析成功: SZSE.300607 [拓斯达] BUY @ 30.14 (VR:5.41)
[2026-07-31 13:04:33]  [行12] 解析成功: SZSE.301070 [开勒股份] BUY @ 55.1 (VR:2.76)
[2026-07-31 13:04:33] 成功保存 12 条因子至: signal_batch_20260731_130433_563086.txt
[2026-07-31 13:04:33]  QQ-主 邮件 5612 处理完成
[2026-07-31 13:04:33]  QQ-主 本轮共成功处理 1 封有效信号邮件
[2026-07-31 13:04:33]  正在连接 QQ-备用 邮箱服务器 (shouqianbadavid@qq.com) ...
[2026-07-31 13:05:09]  正在连接 QQ-主 邮箱服务器 (497720537@qq.com) ...
[2026-07-31 13:05:10]  正在连接 QQ-备用 邮箱服务器 (shouqianbadavid@qq.com) ...
[2026-07-31 13:05:45]  正在连接 QQ-主 邮箱服务器 (497720537@qq.com) ...
[2026-07-31 13:05:47]  正在连接 QQ-备用 邮箱服务器 (shouqianbadavid@qq.com) ...
[2026-07-31 13:05:47]  QQ-备用 正在解析因子: =?utf-8?b?QWxwaGFQaWxvdCDlpIfku73kv6Hlj7cgKGFscGhhX3NpZ25hbF90aHJfMjAyNjA3MzFfMTMwNC5qc29uKSBb5aSHUVEt6Ieq5L+dXQ==?=
[2026-07-31 13:05:47]  发现表格，共 12 行数据
[2026-07-31 13:05:47]  动态索引映射: ['股票代码', '股票名称', '信号', '当前价格', '量比', '来源过滤']
[2026-07-31 13:05:47]  [行1] 解析成功: SHSE.603618 [杭电股份] SELL @ 23.06 (VR:0.34)
[2026-07-31 13:05:47]  [行2] 解析成功: SHSE.605111 [新洁能] SELL @ 50.31 (VR:0.06)
[2026-07-31 13:05:47]  [行3] 解析成功: SHSE.600460 [士兰微] BUY @ 28.91 (VR:0.61)
[2026-07-31 13:05:47]  [行4] 解析成功: SZSE.000823 [超声电子] BUY @ 12.84 (VR:0.37)
[2026-07-31 13:05:47]  [行5] 解析成功: SZSE.300607 [拓斯达] BUY @ 30.05 (VR:2.98)
[2026-07-31 13:05:47]  [行6] 解析成功: SZSE.301070 [开勒股份] BUY @ 54.95 (VR:0.03)
[2026-07-31 13:05:47]  [行7] 解析成功: SHSE.603618 [杭电股份] SELL @ 23.02 (VR:0.05)
[2026-07-31 13:05:47]  [行8] 解析成功: SHSE.605111 [新洁能] SELL @ 50.17 (VR:0.07)
[2026-07-31 13:05:47]  [行9] 解析成功: SHSE.600460 [士兰微] BUY @ 28.92 (VR:0.29)
[2026-07-31 13:05:47]  [行10] 解析成功: SZSE.000823 [超声电子] BUY @ 12.88 (VR:0.52)
[2026-07-31 13:05:47]  [行11] 解析成功: SZSE.300607 [拓斯达] BUY @ 30.14 (VR:5.41)
[2026-07-31 13:05:47]  [行12] 解析成功: SZSE.301070 [开勒股份] BUY @ 55.1 (VR:2.76)
[2026-07-31 13:05:48] 成功保存 12 条因子至: signal_batch_20260731_130548_012045.txt
[2026-07-31 13:05:48]  QQ-备用 邮件 3289 处理完成
[2026-07-31 13:05:48]  QQ-备用 本轮共成功处理 1 封有效信号邮件
[2026-07-31 13:06:23]  正在连接 QQ-主 邮箱服务器 (497720537@qq.com) ...
[2026-07-31 13:06:23]  正在连接 QQ-备用 邮箱服务器 (shouqianbadavid@qq.com) ...
[2026-07-31 13:06:59]  正在连接 QQ-主 邮箱服务器 (497720537@qq.com) ...
[2026-07-31 13:06:59]  QQ-主 正在解析因子: =?utf-8?b?QWxwaGFQaWxvdCDlrp7ml7bkv6Hlj7cgKGFscGhhX3NpZ25hbF90aHJfMjAyNjA3MzFfMTMwNi5qc29uKSBb5Li7UVEt5a+55aSWXQ==?=
[2026-07-31 13:06:59]  发现表格，共 8 行数据
[2026-07-31 13:06:59]  动态索引映射: ['股票代码', '股票名称', '信号', '当前价格', '量比', '来源过滤']
[2026-07-31 13:06:59]  [行1] 解析成功: SHSE.688261 [东微半导] BUY @ 66.28 (VR:0.23)
[2026-07-31 13:06:59]  [行2] 解析成功: SZSE.300236 [上海新阳] BUY @ 86.56 (VR:0.11)
[2026-07-31 13:06:59]  [行3] 解析成功: SZSE.300057 [万顺新材] BUY @ 6.14 (VR:0.33)
[2026-07-31 13:06:59]  [行4] 解析成功: SZSE.301178 [天亿马] BUY @ 31.93 (VR:0.01)
[2026-07-31 13:06:59]  [行5] 解析成功: SHSE.688261 [东微半导] BUY @ 66.51 (VR:0.7)
[2026-07-31 13:06:59]  [行6] 解析成功: SZSE.300236 [上海新阳] BUY @ 86.6 (VR:0.17)
[2026-07-31 13:06:59]  [行7] 解析成功: SZSE.300057 [万顺新材] BUY @ 6.15 (VR:0.07)
[2026-07-31 13:06:59]  [行8] 解析成功: SZSE.301178 [天亿马] BUY @ 31.95 (VR:0.44)
[2026-07-31 13:06:59] 成功保存 8 条因子至: signal_batch_20260731_130659_863532.txt
[2026-07-31 13:07:00]  QQ-主 邮件 5613 处理完成
[2026-07-31 13:07:00]  QQ-主 本轮共成功处理 1 封有效信号邮件
[2026-07-31 13:07:00]  正在连接 QQ-备用 邮箱服务器 (shouqianbadavid@qq.com) ...
[2026-07-31 13:07:35]  正在连接 QQ-主 邮箱服务器 (497720537@qq.com) ...
[2026-07-31 13:07:35]  正在连接 QQ-备用 邮箱服务器 (shouqianbadavid@qq.com) ...
[2026-07-31 13:08:11]  正在连接 QQ-主 邮箱服务器 (497720537@qq.com) ...
[2026-07-31 13:08:12]  正在连接 QQ-备用 邮箱服务器 (shouqianbadavid@qq.com) ...
[2026-07-31 13:08:13]  QQ-备用 正在解析因子: =?utf-8?b?QWxwaGFQaWxvdCDlpIfku73kv6Hlj7cgKGFscGhhX3NpZ25hbF90aHJfMjAyNjA3MzFfMTMwNi5qc29uKSBb5aSHUVEt6Ieq5L+dXQ==?=
[2026-07-31 13:08:13]  发现表格，共 8 行数据
[2026-07-31 13:08:13]  动态索引映射: ['股票代码', '股票名称', '信号', '当前价格', '量比', '来源过滤']
[2026-07-31 13:08:13]  [行1] 解析成功: SHSE.688261 [东微半导] BUY @ 66.28 (VR:0.23)
[2026-07-31 13:08:13]  [行2] 解析成功: SZSE.300236 [上海新阳] BUY @ 86.56 (VR:0.11)
[2026-07-31 13:08:13]  [行3] 解析成功: SZSE.300057 [万顺新材] BUY @ 6.14 (VR:0.33)
[2026-07-31 13:08:13]  [行4] 解析成功: SZSE.301178 [天亿马] BUY @ 31.93 (VR:0.01)
[2026-07-31 13:08:13]  [行5] 解析成功: SHSE.688261 [东微半导] BUY @ 66.51 (VR:0.7)
[2026-07-31 13:08:13]  [行6] 解析成功: SZSE.300236 [上海新阳] BUY @ 86.6 (VR:0.17)
[2026-07-31 13:08:13]  [行7] 解析成功: SZSE.300057 [万顺新材] BUY @ 6.15 (VR:0.07)
[2026-07-31 13:08:13]  [行8] 解析成功: SZSE.301178 [天亿马] BUY @ 31.95 (VR:0.44)
[2026-07-31 13:08:13] 成功保存 8 条因子至: signal_batch_20260731_130813_829080.txt
[2026-07-31 13:08:13]  QQ-备用 邮件 3290 处理完成
[2026-07-31 13:08:13]  QQ-备用 本轮共成功处理 1 封有效信号邮件
[2026-07-31 13:08:49]  正在连接 QQ-主 邮箱服务器 (497720537@qq.com) ...
[2026-07-31 13:08:49]  正在连接 QQ-备用 邮箱服务器 (shouqianbadavid@qq.com) ...
[2026-07-31 13:09:25]  正在连接 QQ-主 邮箱服务器 (497720537@qq.com) ...
[2026-07-31 13:09:25]  QQ-主 正在解析因子: =?utf-8?b?QWxwaGFQaWxvdCDlrp7ml7bkv6Hlj7cgKGFscGhhX3NpZ25hbF90aHJfMjAyNjA3MzFfMTMwOC5qc29uKSBb5Li7UVEt5a+55aSWXQ==?=
[2026-07-31 13:09:25]  发现表格，共 12 行数据
[2026-07-31 13:09:25]  动态索引映射: ['股票代码', '股票名称', '信号', '当前价格', '量比', '来源过滤']
[2026-07-31 13:09:25]  [行1] 解析成功: SHSE.688286 [敏芯股份] BUY @ 39.98 (VR:0.39)
[2026-07-31 13:09:25]  [行2] 解析成功: SHSE.688249 [晶合集成] SELL @ 38.49 (VR:0.24)
[2026-07-31 13:09:25]  [行3] 解析成功: SHSE.688138 [清溢光电] SELL @ 28.7 (VR:0.21)
[2026-07-31 13:09:25]  [行4] 解析成功: SZSE.301392 [汇成真空] SELL @ 131.22 (VR:0.29)
[2026-07-31 13:09:25]  [行5] 解析成功: SZSE.300661 [圣邦股份] SELL @ 97.84 (VR:0.26)
[2026-07-31 13:09:25]  [行6] 解析成功: SZSE.300780 [德恩精工] SELL @ 17.78 (VR:0.35)
[2026-07-31 13:09:25]  [行7] 解析成功: SHSE.688286 [敏芯股份] BUY @ 40.01 (VR:0.61)
[2026-07-31 13:09:25]  [行8] 解析成功: SHSE.688249 [晶合集成] SELL @ 38.46 (VR:0.57)
[2026-07-31 13:09:25]  [行9] 解析成功: SHSE.688138 [清溢光电] SELL @ 28.58 (VR:0.49)
[2026-07-31 13:09:25]  [行10] 解析成功: SZSE.301392 [汇成真空] SELL @ 130.86 (VR:0.02)
[2026-07-31 13:09:25]  [行11] 解析成功: SZSE.300661 [圣邦股份] SELL @ 97.83 (VR:0.19)
[2026-07-31 13:09:25]  [行12] 解析成功: SZSE.300780 [德恩精工] SELL @ 17.77 (VR:0.02)
[2026-07-31 13:09:25] 成功保存 12 条因子至: signal_batch_20260731_130925_853319.txt
[2026-07-31 13:09:25]  QQ-主 邮件 5614 处理完成
[2026-07-31 13:09:25]  QQ-主 本轮共成功处理 1 封有效信号邮件
[2026-07-31 13:09:26]  正在连接 QQ-备用 邮箱服务器 (shouqianbadavid@qq.com) ...
[2026-07-31 13:10:01]  正在连接 QQ-主 邮箱服务器 (497720537@qq.com) ...
[2026-07-31 13:10:02]  正在连接 QQ-备用 邮箱服务器 (shouqianbadavid@qq.com) ...
[2026-07-31 13:10:37]  正在连接 QQ-主 邮箱服务器 (497720537@qq.com) ...
[2026-07-31 13:10:39]  正在连接 QQ-备用 邮箱服务器 (shouqianbadavid@qq.com) ...
[2026-07-31 13:10:39]  QQ-备用 正在解析因子: =?utf-8?b?QWxwaGFQaWxvdCDlpIfku73kv6Hlj7cgKGFscGhhX3NpZ25hbF90aHJfMjAyNjA3MzFfMTMwOC5qc29uKSBb5aSHUVEt6Ieq5L+dXQ==?=
[2026-07-31 13:10:39]  发现表格，共 12 行数据
[2026-07-31 13:10:39]  动态索引映射: ['股票代码', '股票名称', '信号', '当前价格', '量比', '来源过滤']
[2026-07-31 13:10:39]  [行1] 解析成功: SHSE.688286 [敏芯股份] BUY @ 39.98 (VR:0.39)
[2026-07-31 13:10:39]  [行2] 解析成功: SHSE.688249 [晶合集成] SELL @ 38.49 (VR:0.24)
[2026-07-31 13:10:39]  [行3] 解析成功: SHSE.688138 [清溢光电] SELL @ 28.7 (VR:0.21)
[2026-07-31 13:10:39]  [行4] 解析成功: SZSE.301392 [汇成真空] SELL @ 131.22 (VR:0.29)
[2026-07-31 13:10:39]  [行5] 解析成功: SZSE.300661 [圣邦股份] SELL @ 97.84 (VR:0.26)
[2026-07-31 13:10:39]  [行6] 解析成功: SZSE.300780 [德恩精工] SELL @ 17.78 (VR:0.35)
[2026-07-31 13:10:39]  [行7] 解析成功: SHSE.688286 [敏芯股份] BUY @ 40.01 (VR:0.61)
[2026-07-31 13:10:39]  [行8] 解析成功: SHSE.688249 [晶合集成] SELL @ 38.46 (VR:0.57)
[2026-07-31 13:10:39]  [行9] 解析成功: SHSE.688138 [清溢光电] SELL @ 28.58 (VR:0.49)
[2026-07-31 13:10:39]  [行10] 解析成功: SZSE.301392 [汇成真空] SELL @ 130.86 (VR:0.02)
[2026-07-31 13:10:39]  [行11] 解析成功: SZSE.300661 [圣邦股份] SELL @ 97.83 (VR:0.19)
[2026-07-31 13:10:39]  [行12] 解析成功: SZSE.300780 [德恩精工] SELL @ 17.77 (VR:0.02)
[2026-07-31 13:10:39] 成功保存 12 条因子至: signal_batch_20260731_131039_947609.txt
[2026-07-31 13:10:40]  QQ-备用 邮件 3291 处理完成
[2026-07-31 13:10:40]  QQ-备用 本轮共成功处理 1 封有效信号邮件
[2026-07-31 13:11:15]  正在连接 QQ-主 邮箱服务器 (497720537@qq.com) ...
[2026-07-31 13:11:15]  QQ-主 正在解析因子: =?utf-8?b?QWxwaGFQaWxvdCDlrp7ml7bkv6Hlj7cgKGFscGhhX3NpZ25hbF90aHJfMjAyNjA3MzFfMTMxMS5qc29uKSBb5Li7UVEt5a+55aSWXQ==?=
[2026-07-31 13:11:15]  发现表格，共 18 行数据
[2026-07-31 13:11:15]  动态索引映射: ['股票代码', '股票名称', '信号', '当前价格', '量比', '来源过滤']
[2026-07-31 13:11:15]  [行1] 解析成功: SHSE.688002 [睿创微纳] SELL @ 145.61 (VR:0.04)
[2026-07-31 13:11:15]  [行2] 解析成功: SHSE.688102 [斯瑞新材] BUY @ 28.04 (VR:0.21)
[2026-07-31 13:11:15]  [行3] 解析成功: SZSE.300852 [四会富仕] BUY @ 37.68 (VR:0.23)
[2026-07-31 13:11:15]  [行4] 解析成功: SZSE.300689 [澄天伟业] SELL @ 44.2 (VR:0.97)
[2026-07-31 13:11:15]  [行5] 解析成功: SZSE.301045 [天禄科技] SELL @ 56.73 (VR:0.1)
[2026-07-31 13:11:15]  [行6] 解析成功: SZSE.300806 [斯迪克] BUY @ 42.8 (VR:1.56)
[2026-07-31 13:11:15]  [行7] 解析成功: SZSE.300679 [电连技术] BUY @ 37.26 (VR:0.27)
[2026-07-31 13:11:15]  [行8] 解析成功: SZSE.301013 [利和兴] SELL @ 40.51 (VR:0.75)
[2026-07-31 13:11:15]  [行9] 解析成功: SZSE.300790 [宇瞳光学] BUY @ 16.95 (VR:4.6)
[2026-07-31 13:11:15]  [行10] 解析成功: SHSE.688002 [睿创微纳] SELL @ 145.22 (VR:0.05)
[2026-07-31 13:11:15]  [行11] 解析成功: SHSE.688102 [斯瑞新材] BUY @ 28.05 (VR:0.38)
[2026-07-31 13:11:15]  [行12] 解析成功: SZSE.300852 [四会富仕] BUY @ 37.7 (VR:0.16)
[2026-07-31 13:11:15]  [行13] 解析成功: SZSE.300689 [澄天伟业] SELL @ 44.19 (VR:0.45)
[2026-07-31 13:11:15]  [行14] 解析成功: SZSE.301045 [天禄科技] SELL @ 56.68 (VR:0.1)
[2026-07-31 13:11:15]  [行15] 解析成功: SZSE.300806 [斯迪克] BUY @ 42.82 (VR:0.17)
[2026-07-31 13:11:15]  [行16] 解析成功: SZSE.300679 [电连技术] BUY @ 37.28 (VR:0.76)
[2026-07-31 13:11:15]  [行17] 解析成功: SZSE.301013 [利和兴] SELL @ 40.45 (VR:0.22)
[2026-07-31 13:11:15]  [行18] 解析成功: SZSE.300790 [宇瞳光学] BUY @ 17.0 (VR:18.73)
[2026-07-31 13:11:15] 成功保存 18 条因子至: signal_batch_20260731_131115_687229.txt
[2026-07-31 13:11:15]  QQ-主 邮件 5615 处理完成
[2026-07-31 13:11:15]  QQ-主 本轮共成功处理 1 封有效信号邮件
[2026-07-31 13:11:15]  正在连接 QQ-备用 邮箱服务器 (shouqianbadavid@qq.com) ...
[2026-07-31 13:11:51]  正在连接 QQ-主 邮箱服务器 (497720537@qq.com) ...
[2026-07-31 13:11:52]  正在连接 QQ-备用 邮箱服务器 (shouqianbadavid@qq.com) ...
[2026-07-31 13:12:27]  正在连接 QQ-主 邮箱服务器 (497720537@qq.com) ...
[2026-07-31 13:12:27]  正在连接 QQ-备用 邮箱服务器 (shouqianbadavid@qq.com) ...
[2026-07-31 13:13:03]  正在连接 QQ-主 邮箱服务器 (497720537@qq.com) ...
[2026-07-31 13:13:04]  正在连接 QQ-备用 邮箱服务器 (shouqianbadavid@qq.com) ...
[2026-07-31 13:13:05]  QQ-备用 正在解析因子: =?utf-8?b?QWxwaGFQaWxvdCDlpIfku73kv6Hlj7cgKGFscGhhX3NpZ25hbF90aHJfMjAyNjA3MzFfMTMxMS5qc29uKSBb5aSHUVEt6Ieq5L+dXQ==?=
[2026-07-31 13:13:05]  发现表格，共 18 行数据
[2026-07-31 13:13:05]  动态索引映射: ['股票代码', '股票名称', '信号', '当前价格', '量比', '来源过滤']
[2026-07-31 13:13:05]  [行1] 解析成功: SHSE.688002 [睿创微纳] SELL @ 145.61 (VR:0.04)
[2026-07-31 13:13:05]  [行2] 解析成功: SHSE.688102 [斯瑞新材] BUY @ 28.04 (VR:0.21)
[2026-07-31 13:13:05]  [行3] 解析成功: SZSE.300852 [四会富仕] BUY @ 37.68 (VR:0.23)
[2026-07-31 13:13:05]  [行4] 解析成功: SZSE.300689 [澄天伟业] SELL @ 44.2 (VR:0.97)
[2026-07-31 13:13:05]  [行5] 解析成功: SZSE.301045 [天禄科技] SELL @ 56.73 (VR:0.1)
[2026-07-31 13:13:05]  [行6] 解析成功: SZSE.300806 [斯迪克] BUY @ 42.8 (VR:1.56)
[2026-07-31 13:13:05]  [行7] 解析成功: SZSE.300679 [电连技术] BUY @ 37.26 (VR:0.27)
[2026-07-31 13:13:05]  [行8] 解析成功: SZSE.301013 [利和兴] SELL @ 40.51 (VR:0.75)
[2026-07-31 13:13:05]  [行9] 解析成功: SZSE.300790 [宇瞳光学] BUY @ 16.95 (VR:4.6)
[2026-07-31 13:13:05]  [行10] 解析成功: SHSE.688002 [睿创微纳] SELL @ 145.22 (VR:0.05)
[2026-07-31 13:13:05]  [行11] 解析成功: SHSE.688102 [斯瑞新材] BUY @ 28.05 (VR:0.38)
[2026-07-31 13:13:05]  [行12] 解析成功: SZSE.300852 [四会富仕] BUY @ 37.7 (VR:0.16)
[2026-07-31 13:13:05]  [行13] 解析成功: SZSE.300689 [澄天伟业] SELL @ 44.19 (VR:0.45)
[2026-07-31 13:13:05]  [行14] 解析成功: SZSE.301045 [天禄科技] SELL @ 56.68 (VR:0.1)
[2026-07-31 13:13:05]  [行15] 解析成功: SZSE.300806 [斯迪克] BUY @ 42.82 (VR:0.17)
[2026-07-31 13:13:05]  [行16] 解析成功: SZSE.300679 [电连技术] BUY @ 37.28 (VR:0.76)
[2026-07-31 13:13:05]  [行17] 解析成功: SZSE.301013 [利和兴] SELL @ 40.45 (VR:0.22)
[2026-07-31 13:13:05]  [行18] 解析成功: SZSE.300790 [宇瞳光学] BUY @ 17.0 (VR:18.73)
[2026-07-31 13:13:05] 成功保存 18 条因子至: signal_batch_20260731_131305_594845.txt
[2026-07-31 13:13:05]  QQ-备用 邮件 3292 处理完成
[2026-07-31 13:13:05]  QQ-备用 本轮共成功处理 1 封有效信号邮件
[2026-07-31 13:13:40]  正在连接 QQ-主 邮箱服务器 (497720537@qq.com) ...
[2026-07-31 13:13:41]  QQ-主 正在解析因子: =?utf-8?b?QWxwaGFQaWxvdCDlrp7ml7bkv6Hlj7cgKGFscGhhX3NpZ25hbF90aHJfMjAyNjA3MzFfMTMxMy5qc29uKSBb5Li7UVEt5a+55aSWXQ==?=
[2026-07-31 13:13:41]  发现表格，共 10 行数据
[2026-07-31 13:13:41]  动态索引映射: ['股票代码', '股票名称', '信号', '当前价格', '量比', '来源过滤']
[2026-07-31 13:13:41]  [行1] 解析成功: SHSE.600353 [旭光电子] BUY @ 22.74 (VR:0.13)
[2026-07-31 13:13:41]  [行2] 解析成功: SHSE.601138 [工业富联] SELL @ 56.74 (VR:0.12)
[2026-07-31 13:13:41]  [行3] 解析成功: SZSE.301018 [申菱环境] BUY @ 72.03 (VR:0.89)
[2026-07-31 13:13:41]  [行4] 解析成功: SZSE.300739 [明阳电路] BUY @ 20.18 (VR:0.25)
[2026-07-31 13:13:41]  [行5] 解析成功: SZSE.300868 [杰美特] BUY @ 72.84 (VR:0.01)
[2026-07-31 13:13:41]  [行6] 解析成功: SHSE.600353 [旭光电子] BUY @ 22.76 (VR:0.06)
[2026-07-31 13:13:41]  [行7] 解析成功: SHSE.601138 [工业富联] SELL @ 56.68 (VR:0.17)
[2026-07-31 13:13:41]  [行8] 解析成功: SZSE.301018 [申菱环境] BUY @ 72.25 (VR:0.27)
[2026-07-31 13:13:41]  [行9] 解析成功: SZSE.300739 [明阳电路] BUY @ 20.2 (VR:0.57)
[2026-07-31 13:13:41]  [行10] 解析成功: SZSE.300868 [杰美特] BUY @ 73.25 (VR:0.01)
[2026-07-31 13:13:41] 成功保存 10 条因子至: signal_batch_20260731_131341_446395.txt
[2026-07-31 13:13:41]  QQ-主 邮件 5616 处理完成
[2026-07-31 13:13:41]  QQ-主 本轮共成功处理 1 封有效信号邮件
[2026-07-31 13:13:41]  正在连接 QQ-备用 邮箱服务器 (shouqianbadavid@qq.com) ...
[2026-07-31 13:14:17]  正在连接 QQ-主 邮箱服务器 (497720537@qq.com) ...
[2026-07-31 13:14:18]  正在连接 QQ-备用 邮箱服务器 (shouqianbadavid@qq.com) ...
[2026-07-31 13:14:53]  正在连接 QQ-主 邮箱服务器 (497720537@qq.com) ...
[2026-07-31 13:14:54]  正在连接 QQ-备用 邮箱服务器 (shouqianbadavid@qq.com) ...
[2026-07-31 13:15:29]  正在连接 QQ-主 邮箱服务器 (497720537@qq.com) ...
[2026-07-31 13:15:31]  正在连接 QQ-备用 邮箱服务器 (shouqianbadavid@qq.com) ...
[2026-07-31 13:16:07]  正在连接 QQ-主 邮箱服务器 (497720537@qq.com) ...
[2026-07-31 13:16:07]  QQ-主 正在解析因子: =?utf-8?b?QWxwaGFQaWxvdCDlrp7ml7bkv6Hlj7cgKGFscGhhX3NpZ25hbF90aHJfMjAyNjA3MzFfMTMxNS5qc29uKSBb5Li7UVEt5a+55aSWXQ==?=
[2026-07-31 13:16:07]  发现表格，共 18 行数据
[2026-07-31 13:16:07]  动态索引映射: ['股票代码', '股票名称', '信号', '当前价格', '量比', '来源过滤']
[2026-07-31 13:16:07]  [行1] 解析成功: SHSE.603618 [杭电股份] SELL @ 23.19 (VR:0.72)
[2026-07-31 13:16:07]  [行2] 解析成功: SHSE.600259 [中稀有色] BUY @ 73.54 (VR:0.09)
[2026-07-31 13:16:07]  [行3] 解析成功: SHSE.600460 [士兰微] BUY @ 28.97 (VR:0.15)
[2026-07-31 13:16:07]  [行4] 解析成功: SZSE.003031 [中瓷电子] BUY @ 97.21 (VR:0.05)
[2026-07-31 13:16:07]  [行5] 解析成功: SZSE.002937 [兴瑞科技] BUY @ 26.56 (VR:0.06)
[2026-07-31 13:16:07]  [行6] 解析成功: SZSE.000920 [沃顿科技] BUY @ 10.89 (VR:0.19)
[2026-07-31 13:16:07]  [行7] 解析成功: SZSE.000823 [超声电子] BUY @ 12.9 (VR:0.16)
[2026-07-31 13:16:07]  [行8] 解析成功: SZSE.300607 [拓斯达] BUY @ 30.37 (VR:1.92)
[2026-07-31 13:16:07]  [行9] 解析成功: SZSE.301070 [开勒股份] BUY @ 55.56 (VR:0.66)
[2026-07-31 13:16:07]  [行10] 解析成功: SHSE.603618 [杭电股份] SELL @ 23.15 (VR:1.7)
[2026-07-31 13:16:07]  [行11] 解析成功: SHSE.600259 [中稀有色] BUY @ 73.64 (VR:1.9)
[2026-07-31 13:16:07]  [行12] 解析成功: SHSE.600460 [士兰微] BUY @ 28.99 (VR:0.43)
[2026-07-31 13:16:07]  [行13] 解析成功: SZSE.003031 [中瓷电子] BUY @ 97.49 (VR:0.17)
[2026-07-31 13:16:07]  [行14] 解析成功: SZSE.002937 [兴瑞科技] BUY @ 26.6 (VR:0.66)
[2026-07-31 13:16:07]  [行15] 解析成功: SZSE.000920 [沃顿科技] BUY @ 10.9 (VR:0.12)
[2026-07-31 13:16:07]  [行16] 解析成功: SZSE.000823 [超声电子] BUY @ 12.92 (VR:0.59)
[2026-07-31 13:16:07]  [行17] 解析成功: SZSE.300607 [拓斯达] BUY @ 30.42 (VR:2.0)
[2026-07-31 13:16:07]  [行18] 解析成功: SZSE.301070 [开勒股份] BUY @ 55.96 (VR:1.64)
[2026-07-31 13:16:07] 成功保存 18 条因子至: signal_batch_20260731_131607_747437.txt
[2026-07-31 13:16:07]  QQ-主 邮件 5617 处理完成
[2026-07-31 13:16:07]  QQ-主 本轮共成功处理 1 封有效信号邮件
[2026-07-31 13:16:08]  正在连接 QQ-备用 邮箱服务器 (shouqianbadavid@qq.com) ...
[2026-07-31 13:16:43]  正在连接 QQ-主 邮箱服务器 (497720537@qq.com) ...
[2026-07-31 13:16:44]  正在连接 QQ-备用 邮箱服务器 (shouqianbadavid@qq.com) ...
[2026-07-31 13:17:19]  正在连接 QQ-主 邮箱服务器 (497720537@qq.com) ...
[2026-07-31 13:17:20]  正在连接 QQ-备用 邮箱服务器 (shouqianbadavid@qq.com) ...
[2026-07-31 13:17:56]  正在连接 QQ-主 邮箱服务器 (497720537@qq.com) ...
[2026-07-31 13:17:56]  正在连接 QQ-备用 邮箱服务器 (shouqianbadavid@qq.com) ...
[2026-07-31 13:17:57]  QQ-备用 正在解析因子: =?utf-8?b?QWxwaGFQaWxvdCDlpIfku73kv6Hlj7cgKGFscGhhX3NpZ25hbF90aHJfMjAyNjA3MzFfMTMxNS5qc29uKSBb5aSHUVEt6Ieq5L+dXQ==?=
[2026-07-31 13:17:57]  发现表格，共 18 行数据
[2026-07-31 13:17:57]  动态索引映射: ['股票代码', '股票名称', '信号', '当前价格', '量比', '来源过滤']
[2026-07-31 13:17:57]  [行1] 解析成功: SHSE.603618 [杭电股份] SELL @ 23.19 (VR:0.72)
[2026-07-31 13:17:57]  [行2] 解析成功: SHSE.600259 [中稀有色] BUY @ 73.54 (VR:0.09)
[2026-07-31 13:17:57]  [行3] 解析成功: SHSE.600460 [士兰微] BUY @ 28.97 (VR:0.15)
[2026-07-31 13:17:57]  [行4] 解析成功: SZSE.003031 [中瓷电子] BUY @ 97.21 (VR:0.05)
[2026-07-31 13:17:57]  [行5] 解析成功: SZSE.002937 [兴瑞科技] BUY @ 26.56 (VR:0.06)
[2026-07-31 13:17:57]  [行6] 解析成功: SZSE.000920 [沃顿科技] BUY @ 10.89 (VR:0.19)
[2026-07-31 13:17:57]  [行7] 解析成功: SZSE.000823 [超声电子] BUY @ 12.9 (VR:0.16)
[2026-07-31 13:17:57]  [行8] 解析成功: SZSE.300607 [拓斯达] BUY @ 30.37 (VR:1.92)
[2026-07-31 13:17:57]  [行9] 解析成功: SZSE.301070 [开勒股份] BUY @ 55.56 (VR:0.66)
[2026-07-31 13:17:57]  [行10] 解析成功: SHSE.603618 [杭电股份] SELL @ 23.15 (VR:1.7)
[2026-07-31 13:17:57]  [行11] 解析成功: SHSE.600259 [中稀有色] BUY @ 73.64 (VR:1.9)
[2026-07-31 13:17:57]  [行12] 解析成功: SHSE.600460 [士兰微] BUY @ 28.99 (VR:0.43)
[2026-07-31 13:17:57]  [行13] 解析成功: SZSE.003031 [中瓷电子] BUY @ 97.49 (VR:0.17)
[2026-07-31 13:17:57]  [行14] 解析成功: SZSE.002937 [兴瑞科技] BUY @ 26.6 (VR:0.66)
[2026-07-31 13:17:57]  [行15] 解析成功: SZSE.000920 [沃顿科技] BUY @ 10.9 (VR:0.12)
[2026-07-31 13:17:57]  [行16] 解析成功: SZSE.000823 [超声电子] BUY @ 12.92 (VR:0.59)
[2026-07-31 13:17:57]  [行17] 解析成功: SZSE.300607 [拓斯达] BUY @ 30.42 (VR:2.0)
[2026-07-31 13:17:57]  [行18] 解析成功: SZSE.301070 [开勒股份] BUY @ 55.96 (VR:1.64)
[2026-07-31 13:17:57] 成功保存 18 条因子至: signal_batch_20260731_131757_487065.txt
[2026-07-31 13:17:57]  QQ-备用 邮件 3294 处理完成
[2026-07-31 13:17:57]  QQ-备用 本轮共成功处理 1 封有效信号邮件
[2026-07-31 13:18:33]  正在连接 QQ-主 邮箱服务器 (497720537@qq.com) ...
[2026-07-31 13:18:33]  QQ-主 正在解析因子: =?utf-8?b?QWxwaGFQaWxvdCDlrp7ml7bkv6Hlj7cgKGFscGhhX3NpZ25hbF90aHJfMjAyNjA3MzFfMTMxOC5qc29uKSBb5Li7UVEt5a+55aSWXQ==?=
[2026-07-31 13:18:33]  发现表格，共 22 行数据
[2026-07-31 13:18:33]  动态索引映射: ['股票代码', '股票名称', '信号', '当前价格', '量比', '来源过滤']
[2026-07-31 13:18:33]  [行1] 解析成功: SHSE.688019 [安集科技] BUY @ 247.0 (VR:0.62)
[2026-07-31 13:18:33]  [行2] 解析成功: SHSE.688261 [东微半导] BUY @ 66.9 (VR:0.23)
[2026-07-31 13:18:33]  [行3] 解析成功: SHSE.688199 [久日新材] BUY @ 20.76 (VR:0.21)
[2026-07-31 13:18:33]  [行4] 解析成功: SZSE.300136 [信维通信] BUY @ 60.13 (VR:1.07)
[2026-07-31 13:18:33]  [行5] 解析成功: SZSE.300821 [东岳硅材] BUY @ 14.7 (VR:0.69)
[2026-07-31 13:18:33]  [行6] 解析成功: SZSE.300236 [上海新阳] BUY @ 86.72 (VR:0.97)
[2026-07-31 13:18:33]  [行7] 解析成功: SZSE.300057 [万顺新材] BUY @ 6.16 (VR:0.12)
[2026-07-31 13:18:33]  [行8] 解析成功: SZSE.301178 [天亿马] BUY @ 31.93 (VR:0.22)
[2026-07-31 13:18:33]  [行9] 解析成功: SZSE.300184 [力源信息] BUY @ 11.79 (VR:0.55)
[2026-07-31 13:18:33]  [行10] 解析成功: SZSE.002158 [汉钟精机] BUY @ 25.82 (VR:0.91)
[2026-07-31 13:18:33]  [行11] 解析成功: SZSE.002635 [安洁科技] BUY @ 13.41 (VR:0.55)
[2026-07-31 13:18:33]  [行12] 解析成功: SHSE.688019 [安集科技] BUY @ 247.5 (VR:1.25)
[2026-07-31 13:18:33]  [行13] 解析成功: SHSE.688261 [东微半导] BUY @ 67.15 (VR:0.96)
[2026-07-31 13:18:33]  [行14] 解析成功: SHSE.688199 [久日新材] BUY @ 20.78 (VR:0.46)
[2026-07-31 13:18:33]  [行15] 解析成功: SZSE.300136 [信维通信] BUY @ 60.23 (VR:0.7)
[2026-07-31 13:18:33]  [行16] 解析成功: SZSE.300821 [东岳硅材] BUY @ 14.73 (VR:0.36)
[2026-07-31 13:18:33]  [行17] 解析成功: SZSE.300236 [上海新阳] BUY @ 86.91 (VR:0.55)
[2026-07-31 13:18:33]  [行18] 解析成功: SZSE.300057 [万顺新材] BUY @ 6.17 (VR:0.36)
[2026-07-31 13:18:33]  [行19] 解析成功: SZSE.301178 [天亿马] BUY @ 31.96 (VR:0.33)
[2026-07-31 13:18:33]  [行20] 解析成功: SZSE.300184 [力源信息] BUY @ 11.8 (VR:0.66)
[2026-07-31 13:18:33]  [行21] 解析成功: SZSE.002158 [汉钟精机] BUY @ 25.87 (VR:1.82)
[2026-07-31 13:18:33]  [行22] 解析成功: SZSE.002635 [安洁科技] BUY @ 13.42 (VR:1.13)
[2026-07-31 13:18:34] 成功保存 22 条因子至: signal_batch_20260731_131834_016773.txt
[2026-07-31 13:18:34]  QQ-主 邮件 5618 处理完成
[2026-07-31 13:18:34]  QQ-主 本轮共成功处理 1 封有效信号邮件
[2026-07-31 13:18:34]  正在连接 QQ-备用 邮箱服务器 (shouqianbadavid@qq.com) ...
[2026-07-31 13:19:09]  正在连接 QQ-主 邮箱服务器 (497720537@qq.com) ...
[2026-07-31 13:19:12]  正在连接 QQ-备用 邮箱服务器 (shouqianbadavid@qq.com) ...
[2026-07-31 13:19:47]  正在连接 QQ-主 邮箱服务器 (497720537@qq.com) ...
[2026-07-31 13:19:49]  正在连接 QQ-备用 邮箱服务器 (shouqianbadavid@qq.com) ...
[2026-07-31 13:20:24]  正在连接 QQ-主 邮箱服务器 (497720537@qq.com) ...
[2026-07-31 13:20:25]  正在连接 QQ-备用 邮箱服务器 (shouqianbadavid@qq.com) ...
[2026-07-31 13:20:26]  QQ-备用 正在解析因子: =?utf-8?b?QWxwaGFQaWxvdCDlpIfku73kv6Hlj7cgKGFscGhhX3NpZ25hbF90aHJfMjAyNjA3MzFfMTMxOC5qc29uKSBb5aSHUVEt6Ieq5L+dXQ==?=
[2026-07-31 13:20:26]  发现表格，共 22 行数据
[2026-07-31 13:20:26]  动态索引映射: ['股票代码', '股票名称', '信号', '当前价格', '量比', '来源过滤']
[2026-07-31 13:20:26]  [行1] 解析成功: SHSE.688019 [安集科技] BUY @ 247.0 (VR:0.62)
[2026-07-31 13:20:26]  [行2] 解析成功: SHSE.688261 [东微半导] BUY @ 66.9 (VR:0.23)
[2026-07-31 13:20:26]  [行3] 解析成功: SHSE.688199 [久日新材] BUY @ 20.76 (VR:0.21)
[2026-07-31 13:20:26]  [行4] 解析成功: SZSE.300136 [信维通信] BUY @ 60.13 (VR:1.07)
[2026-07-31 13:20:26]  [行5] 解析成功: SZSE.300821 [东岳硅材] BUY @ 14.7 (VR:0.69)
[2026-07-31 13:20:26]  [行6] 解析成功: SZSE.300236 [上海新阳] BUY @ 86.72 (VR:0.97)
[2026-07-31 13:20:26]  [行7] 解析成功: SZSE.300057 [万顺新材] BUY @ 6.16 (VR:0.12)
[2026-07-31 13:20:26]  [行8] 解析成功: SZSE.301178 [天亿马] BUY @ 31.93 (VR:0.22)
[2026-07-31 13:20:26]  [行9] 解析成功: SZSE.300184 [力源信息] BUY @ 11.79 (VR:0.55)
[2026-07-31 13:20:26]  [行10] 解析成功: SZSE.002158 [汉钟精机] BUY @ 25.82 (VR:0.91)
[2026-07-31 13:20:26]  [行11] 解析成功: SZSE.002635 [安洁科技] BUY @ 13.41 (VR:0.55)
[2026-07-31 13:20:26]  [行12] 解析成功: SHSE.688019 [安集科技] BUY @ 247.5 (VR:1.25)
[2026-07-31 13:20:26]  [行13] 解析成功: SHSE.688261 [东微半导] BUY @ 67.15 (VR:0.96)
[2026-07-31 13:20:26]  [行14] 解析成功: SHSE.688199 [久日新材] BUY @ 20.78 (VR:0.46)
[2026-07-31 13:20:26]  [行15] 解析成功: SZSE.300136 [信维通信] BUY @ 60.23 (VR:0.7)
[2026-07-31 13:20:26]  [行16] 解析成功: SZSE.300821 [东岳硅材] BUY @ 14.73 (VR:0.36)
[2026-07-31 13:20:26]  [行17] 解析成功: SZSE.300236 [上海新阳] BUY @ 86.91 (VR:0.55)
[2026-07-31 13:20:26]  [行18] 解析成功: SZSE.300057 [万顺新材] BUY @ 6.17 (VR:0.36)
[2026-07-31 13:20:26]  [行19] 解析成功: SZSE.301178 [天亿马] BUY @ 31.96 (VR:0.33)
[2026-07-31 13:20:26]  [行20] 解析成功: SZSE.300184 [力源信息] BUY @ 11.8 (VR:0.66)
[2026-07-31 13:20:26]  [行21] 解析成功: SZSE.002158 [汉钟精机] BUY @ 25.87 (VR:1.82)
[2026-07-31 13:20:26]  [行22] 解析成功: SZSE.002635 [安洁科技] BUY @ 13.42 (VR:1.13)
[2026-07-31 13:20:26] 成功保存 22 条因子至: signal_batch_20260731_132026_287193.txt
[2026-07-31 13:20:26]  QQ-备用 邮件 3295 处理完成
[2026-07-31 13:20:26]  QQ-备用 本轮共成功处理 1 封有效信号邮件
[2026-07-31 13:21:01]  正在连接 QQ-主 邮箱服务器 (497720537@qq.com) ...
[2026-07-31 13:21:02]  QQ-主 正在解析因子: =?utf-8?b?QWxwaGFQaWxvdCDlrp7ml7bkv6Hlj7cgKGFscGhhX3NpZ25hbF90aHJfMjAyNjA3MzFfMTMyMC5qc29uKSBb5Li7UVEt5a+55aSWXQ==?=
[2026-07-31 13:21:02]  发现表格，共 16 行数据
[2026-07-31 13:21:02]  动态索引映射: ['股票代码', '股票名称', '信号', '当前价格', '量比', '来源过滤']
[2026-07-31 13:21:02]  [行1] 解析成功: SHSE.688511 [天微电子] BUY @ 20.82 (VR:2.19)
[2026-07-31 13:21:02]  [行2] 解析成功: SHSE.688216 [气派科技] BUY @ 26.13 (VR:0.19)
[2026-07-31 13:21:02]  [行3] 解析成功: SHSE.688721 [龙图光罩] SELL @ 36.13 (VR:0.03)
[2026-07-31 13:21:02]  [行4] 解析成功: SHSE.688249 [晶合集成] SELL @ 38.63 (VR:0.36)
[2026-07-31 13:21:02]  [行5] 解析成功: SZSE.301252 [同星科技] BUY @ 28.64 (VR:1.53)
[2026-07-31 13:21:02]  [行6] 解析成功: SZSE.301392 [汇成真空] BUY @ 131.84 (VR:0.31)
[2026-07-31 13:21:02]  [行7] 解析成功: SZSE.300661 [圣邦股份] SELL @ 98.54 (VR:0.1)
[2026-07-31 13:21:02]  [行8] 解析成功: SZSE.300780 [德恩精工] SELL @ 17.91 (VR:0.13)
[2026-07-31 13:21:02]  [行9] 解析成功: SHSE.688511 [天微电子] BUY @ 20.83 (VR:2.45)
[2026-07-31 13:21:02]  [行10] 解析成功: SHSE.688216 [气派科技] BUY @ 26.18 (VR:0.2)
[2026-07-31 13:21:02]  [行11] 解析成功: SHSE.688721 [龙图光罩] SELL @ 36.04 (VR:0.02)
[2026-07-31 13:21:02]  [行12] 解析成功: SHSE.688249 [晶合集成] SELL @ 38.59 (VR:0.19)
[2026-07-31 13:21:02]  [行13] 解析成功: SZSE.301252 [同星科技] BUY @ 28.67 (VR:2.82)
[2026-07-31 13:21:02]  [行14] 解析成功: SZSE.301392 [汇成真空] BUY @ 131.91 (VR:0.37)
[2026-07-31 13:21:02]  [行15] 解析成功: SZSE.300661 [圣邦股份] SELL @ 98.4 (VR:0.43)
[2026-07-31 13:21:02]  [行16] 解析成功: SZSE.300780 [德恩精工] SELL @ 17.9 (VR:0.77)
[2026-07-31 13:21:02] 成功保存 16 条因子至: signal_batch_20260731_132102_247852.txt
[2026-07-31 13:21:02]  QQ-主 邮件 5619 处理完成
[2026-07-31 13:21:02]  QQ-主 本轮共成功处理 1 封有效信号邮件
[2026-07-31 13:21:02]  正在连接 QQ-备用 邮箱服务器 (shouqianbadavid@qq.com) ...
[2026-07-31 13:21:37]  正在连接 QQ-主 邮箱服务器 (497720537@qq.com) ...
[2026-07-31 13:21:38]  正在连接 QQ-备用 邮箱服务器 (shouqianbadavid@qq.com) ...
[2026-07-31 13:22:14]  正在连接 QQ-主 邮箱服务器 (497720537@qq.com) ...
[2026-07-31 13:22:15]  正在连接 QQ-备用 邮箱服务器 (shouqianbadavid@qq.com) ...
[2026-07-31 13:22:50]  正在连接 QQ-主 邮箱服务器 (497720537@qq.com) ...
[2026-07-31 13:22:51]  QQ-主 正在解析因子: =?utf-8?b?QWxwaGFQaWxvdCDlrp7ml7bkv6Hlj7cgKGFscGhhX3NpZ25hbF90aHJfMjAyNjA3MzFfMTMyMi5qc29uKSBb5Li7UVEt5a+55aSWXQ==?=
[2026-07-31 13:22:51]  发现表格，共 12 行数据
[2026-07-31 13:22:51]  动态索引映射: ['股票代码', '股票名称', '信号', '当前价格', '量比', '来源过滤']
[2026-07-31 13:22:51]  [行1] 解析成功: SHSE.688002 [睿创微纳] SELL @ 146.29 (VR:0.23)
[2026-07-31 13:22:51]  [行2] 解析成功: SHSE.688227 [品高股份] SELL @ 73.38 (VR:1.11)
[2026-07-31 13:22:51]  [行3] 解析成功: SZSE.300689 [澄天伟业] BUY @ 44.53 (VR:0.8)
[2026-07-31 13:22:51]  [行4] 解析成功: SZSE.301045 [天禄科技] BUY @ 57.38 (VR:0.17)
[2026-07-31 13:22:51]  [行5] 解析成功: SZSE.300806 [斯迪克] BUY @ 43.7 (VR:0.26)
[2026-07-31 13:22:51]  [行6] 解析成功: SZSE.300679 [电连技术] BUY @ 37.72 (VR:0.1)
[2026-07-31 13:22:51]  [行7] 解析成功: SHSE.688002 [睿创微纳] SELL @ 146.07 (VR:1.05)
[2026-07-31 13:22:51]  [行8] 解析成功: SHSE.688227 [品高股份] SELL @ 73.33 (VR:0.82)
[2026-07-31 13:22:51]  [行9] 解析成功: SZSE.300689 [澄天伟业] BUY @ 44.55 (VR:3.54)
[2026-07-31 13:22:51]  [行10] 解析成功: SZSE.301045 [天禄科技] BUY @ 57.46 (VR:0.23)
[2026-07-31 13:22:51]  [行11] 解析成功: SZSE.300806 [斯迪克] BUY @ 43.75 (VR:1.08)
[2026-07-31 13:22:51]  [行12] 解析成功: SZSE.300679 [电连技术] BUY @ 37.81 (VR:0.52)
[2026-07-31 13:22:51] 成功保存 12 条因子至: signal_batch_20260731_132251_431527.txt
[2026-07-31 13:22:51]  QQ-主 邮件 5620 处理完成
[2026-07-31 13:22:51]  QQ-主 本轮共成功处理 1 封有效信号邮件
[2026-07-31 13:22:51]  正在连接 QQ-备用 邮箱服务器 (shouqianbadavid@qq.com) ...
[2026-07-31 13:22:52]  QQ-备用 正在解析因子: =?utf-8?b?QWxwaGFQaWxvdCDlpIfku73kv6Hlj7cgKGFscGhhX3NpZ25hbF90aHJfMjAyNjA3MzFfMTMyMC5qc29uKSBb5aSHUVEt6Ieq5L+dXQ==?=
[2026-07-31 13:22:52]  发现表格，共 16 行数据
[2026-07-31 13:22:52]  动态索引映射: ['股票代码', '股票名称', '信号', '当前价格', '量比', '来源过滤']
[2026-07-31 13:22:52]  [行1] 解析成功: SHSE.688511 [天微电子] BUY @ 20.82 (VR:2.19)
[2026-07-31 13:22:52]  [行2] 解析成功: SHSE.688216 [气派科技] BUY @ 26.13 (VR:0.19)
[2026-07-31 13:22:52]  [行3] 解析成功: SHSE.688721 [龙图光罩] SELL @ 36.13 (VR:0.03)
[2026-07-31 13:22:52]  [行4] 解析成功: SHSE.688249 [晶合集成] SELL @ 38.63 (VR:0.36)
[2026-07-31 13:22:52]  [行5] 解析成功: SZSE.301252 [同星科技] BUY @ 28.64 (VR:1.53)
[2026-07-31 13:22:52]  [行6] 解析成功: SZSE.301392 [汇成真空] BUY @ 131.84 (VR:0.31)
[2026-07-31 13:22:52]  [行7] 解析成功: SZSE.300661 [圣邦股份] SELL @ 98.54 (VR:0.1)
[2026-07-31 13:22:52]  [行8] 解析成功: SZSE.300780 [德恩精工] SELL @ 17.91 (VR:0.13)
[2026-07-31 13:22:52]  [行9] 解析成功: SHSE.688511 [天微电子] BUY @ 20.83 (VR:2.45)
[2026-07-31 13:22:52]  [行10] 解析成功: SHSE.688216 [气派科技] BUY @ 26.18 (VR:0.2)
[2026-07-31 13:22:52]  [行11] 解析成功: SHSE.688721 [龙图光罩] SELL @ 36.04 (VR:0.02)
[2026-07-31 13:22:52]  [行12] 解析成功: SHSE.688249 [晶合集成] SELL @ 38.59 (VR:0.19)
[2026-07-31 13:22:52]  [行13] 解析成功: SZSE.301252 [同星科技] BUY @ 28.67 (VR:2.82)
[2026-07-31 13:22:52]  [行14] 解析成功: SZSE.301392 [汇成真空] BUY @ 131.91 (VR:0.37)
[2026-07-31 13:22:52]  [行15] 解析成功: SZSE.300661 [圣邦股份] SELL @ 98.4 (VR:0.43)
[2026-07-31 13:22:52]  [行16] 解析成功: SZSE.300780 [德恩精工] SELL @ 17.9 (VR:0.77)
[2026-07-31 13:22:52] 成功保存 16 条因子至: signal_batch_20260731_132252_514336.txt
[2026-07-31 13:22:52]  QQ-备用 邮件 3296 处理完成
[2026-07-31 13:22:52]  QQ-备用 正在解析因子: =?utf-8?b?QWxwaGFQaWxvdCDlpIfku73kv6Hlj7cgKGFscGhhX3NpZ25hbF90aHJfMjAyNjA3MzFfMTMyMi5qc29uKSBb5aSHUVEt6Ieq5L+dXQ==?=
[2026-07-31 13:22:52]  发现表格，共 12 行数据
[2026-07-31 13:22:52]  动态索引映射: ['股票代码', '股票名称', '信号', '当前价格', '量比', '来源过滤']
[2026-07-31 13:22:52]  [行1] 解析成功: SHSE.688002 [睿创微纳] SELL @ 146.29 (VR:0.23)
[2026-07-31 13:22:52]  [行2] 解析成功: SHSE.688227 [品高股份] SELL @ 73.38 (VR:1.11)
[2026-07-31 13:22:52]  [行3] 解析成功: SZSE.300689 [澄天伟业] BUY @ 44.53 (VR:0.8)
[2026-07-31 13:22:52]  [行4] 解析成功: SZSE.301045 [天禄科技] BUY @ 57.38 (VR:0.17)
[2026-07-31 13:22:52]  [行5] 解析成功: SZSE.300806 [斯迪克] BUY @ 43.7 (VR:0.26)
[2026-07-31 13:22:52]  [行6] 解析成功: SZSE.300679 [电连技术] BUY @ 37.72 (VR:0.1)
[2026-07-31 13:22:52]  [行7] 解析成功: SHSE.688002 [睿创微纳] SELL @ 146.07 (VR:1.05)
[2026-07-31 13:22:52]  [行8] 解析成功: SHSE.688227 [品高股份] SELL @ 73.33 (VR:0.82)
[2026-07-31 13:22:52]  [行9] 解析成功: SZSE.300689 [澄天伟业] BUY @ 44.55 (VR:3.54)
[2026-07-31 13:22:52]  [行10] 解析成功: SZSE.301045 [天禄科技] BUY @ 57.46 (VR:0.23)
[2026-07-31 13:22:52]  [行11] 解析成功: SZSE.300806 [斯迪克] BUY @ 43.75 (VR:1.08)
[2026-07-31 13:22:52]  [行12] 解析成功: SZSE.300679 [电连技术] BUY @ 37.81 (VR:0.52)
[2026-07-31 13:22:52] 成功保存 12 条因子至: signal_batch_20260731_132252_757988.txt
[2026-07-31 13:22:52]  QQ-备用 邮件 3297 处理完成
[2026-07-31 13:22:52]  QQ-备用 本轮共成功处理 2 封有效信号邮件
[2026-07-31 13:23:28]  正在连接 QQ-主 邮箱服务器 (497720537@qq.com) ...
[2026-07-31 13:23:28]  正在连接 QQ-备用 邮箱服务器 (shouqianbadavid@qq.com) ...
[2026-07-31 13:24:04]  正在连接 QQ-主 邮箱服务器 (497720537@qq.com) ...
[2026-07-31 13:24:04]  正在连接 QQ-备用 邮箱服务器 (shouqianbadavid@qq.com) ...
[2026-07-31 13:24:40]  正在连接 QQ-主 邮箱服务器 (497720537@qq.com) ...
[2026-07-31 13:24:40]  正在连接 QQ-备用 邮箱服务器 (shouqianbadavid@qq.com) ...
[2026-07-31 13:25:16]  正在连接 QQ-主 邮箱服务器 (497720537@qq.com) ...
[2026-07-31 13:25:17]  QQ-主 正在解析因子: =?utf-8?b?QWxwaGFQaWxvdCDlrp7ml7bkv6Hlj7cgKGFscGhhX3NpZ25hbF90aHJfMjAyNjA3MzFfMTMyNC5qc29uKSBb5Li7UVEt5a+55aSWXQ==?=
[2026-07-31 13:25:17]  发现表格，共 14 行数据
[2026-07-31 13:25:17]  动态索引映射: ['股票代码', '股票名称', '信号', '当前价格', '量比', '来源过滤']
[2026-07-31 13:25:17]  [行1] 解析成功: SHSE.600353 [旭光电子] SELL @ 23.0 (VR:0.0)
[2026-07-31 13:25:17]  [行2] 解析成功: SHSE.601138 [工业富联] BUY @ 57.23 (VR:0.14)
[2026-07-31 13:25:17]  [行3] 解析成功: SZSE.300811 [铂力特] SELL @ 60.64 (VR:0.31)
[2026-07-31 13:25:17]  [行4] 解析成功: SZSE.300346 [南大光电] SELL @ 50.35 (VR:0.15)
[2026-07-31 13:25:17]  [行5] 解析成功: SZSE.301018 [申菱环境] SELL @ 73.1 (VR:0.25)
[2026-07-31 13:25:17]  [行6] 解析成功: SZSE.300037 [新宙邦] SELL @ 64.37 (VR:0.49)
[2026-07-31 13:25:17]  [行7] 解析成功: SZSE.300868 [杰美特] SELL @ 73.74 (VR:0.44)
[2026-07-31 13:25:17]  [行8] 解析成功: SHSE.600353 [旭光电子] SELL @ 22.98 (VR:0.85)
[2026-07-31 13:25:17]  [行9] 解析成功: SHSE.601138 [工业富联] BUY @ 57.26 (VR:2.2)
[2026-07-31 13:25:17]  [行10] 解析成功: SZSE.300811 [铂力特] SELL @ 60.48 (VR:0.55)
[2026-07-31 13:25:17]  [行11] 解析成功: SZSE.300346 [南大光电] SELL @ 50.28 (VR:0.0)
[2026-07-31 13:25:17]  [行12] 解析成功: SZSE.301018 [申菱环境] SELL @ 72.68 (VR:0.08)
[2026-07-31 13:25:17]  [行13] 解析成功: SZSE.300037 [新宙邦] SELL @ 64.31 (VR:0.29)
[2026-07-31 13:25:17]  [行14] 解析成功: SZSE.300868 [杰美特] SELL @ 73.17 (VR:0.29)
[2026-07-31 13:25:17] 成功保存 14 条因子至: signal_batch_20260731_132517_115757.txt
[2026-07-31 13:25:17]  QQ-主 邮件 5621 处理完成
[2026-07-31 13:25:17]  QQ-主 本轮共成功处理 1 封有效信号邮件
[2026-07-31 13:25:17]  正在连接 QQ-备用 邮箱服务器 (shouqianbadavid@qq.com) ...
[2026-07-31 13:25:18]  QQ-备用 正在解析因子: =?utf-8?b?QWxwaGFQaWxvdCDlpIfku73kv6Hlj7cgKGFscGhhX3NpZ25hbF90aHJfMjAyNjA3MzFfMTMyNC5qc29uKSBb5aSHUVEt6Ieq5L+dXQ==?=
[2026-07-31 13:25:18]  发现表格，共 14 行数据
[2026-07-31 13:25:18]  动态索引映射: ['股票代码', '股票名称', '信号', '当前价格', '量比', '来源过滤']
[2026-07-31 13:25:18]  [行1] 解析成功: SHSE.600353 [旭光电子] SELL @ 23.0 (VR:0.0)
[2026-07-31 13:25:18]  [行2] 解析成功: SHSE.601138 [工业富联] BUY @ 57.23 (VR:0.14)
[2026-07-31 13:25:18]  [行3] 解析成功: SZSE.300811 [铂力特] SELL @ 60.64 (VR:0.31)
[2026-07-31 13:25:18]  [行4] 解析成功: SZSE.300346 [南大光电] SELL @ 50.35 (VR:0.15)
[2026-07-31 13:25:18]  [行5] 解析成功: SZSE.301018 [申菱环境] SELL @ 73.1 (VR:0.25)
[2026-07-31 13:25:18]  [行6] 解析成功: SZSE.300037 [新宙邦] SELL @ 64.37 (VR:0.49)
[2026-07-31 13:25:18]  [行7] 解析成功: SZSE.300868 [杰美特] SELL @ 73.74 (VR:0.44)
[2026-07-31 13:25:18]  [行8] 解析成功: SHSE.600353 [旭光电子] SELL @ 22.98 (VR:0.85)
[2026-07-31 13:25:18]  [行9] 解析成功: SHSE.601138 [工业富联] BUY @ 57.26 (VR:2.2)
[2026-07-31 13:25:18]  [行10] 解析成功: SZSE.300811 [铂力特] SELL @ 60.48 (VR:0.55)
[2026-07-31 13:25:18]  [行11] 解析成功: SZSE.300346 [南大光电] SELL @ 50.28 (VR:0.0)
[2026-07-31 13:25:18]  [行12] 解析成功: SZSE.301018 [申菱环境] SELL @ 72.68 (VR:0.08)
[2026-07-31 13:25:18]  [行13] 解析成功: SZSE.300037 [新宙邦] SELL @ 64.31 (VR:0.29)
[2026-07-31 13:25:18]  [行14] 解析成功: SZSE.300868 [杰美特] SELL @ 73.17 (VR:0.29)
[2026-07-31 13:25:18] 成功保存 14 条因子至: signal_batch_20260731_132518_347049.txt
[2026-07-31 13:25:18]  QQ-备用 邮件 3298 处理完成
[2026-07-31 13:25:18]  QQ-备用 本轮共成功处理 1 封有效信号邮件
[2026-07-31 13:25:53]  正在连接 QQ-主 邮箱服务器 (497720537@qq.com) ...
[2026-07-31 13:25:54]  正在连接 QQ-备用 邮箱服务器 (shouqianbadavid@qq.com) ...
[2026-07-31 13:26:29]  正在连接 QQ-主 邮箱服务器 (497720537@qq.com) ...
[2026-07-31 13:26:31]  正在连接 QQ-备用 邮箱服务器 (shouqianbadavid@qq.com) ...
[2026-07-31 13:27:06]  正在连接 QQ-主 邮箱服务器 (497720537@qq.com) ...
[2026-07-31 13:27:07]  正在连接 QQ-备用 邮箱服务器 (shouqianbadavid@qq.com) ...
[2026-07-31 13:27:43]  正在连接 QQ-主 邮箱服务器 (497720537@qq.com) ...
[2026-07-31 13:27:43]  正在连接 QQ-备用 邮箱服务器 (shouqianbadavid@qq.com) ...
[2026-07-31 13:28:19]  正在连接 QQ-主 邮箱服务器 (497720537@qq.com) ...
[2026-07-31 13:28:19]  正在连接 QQ-备用 邮箱服务器 (shouqianbadavid@qq.com) ...
[2026-07-31 13:28:55]  正在连接 QQ-主 邮箱服务器 (497720537@qq.com) ...
[2026-07-31 13:28:56]  正在连接 QQ-备用 邮箱服务器 (shouqianbadavid@qq.com) ...
[2026-07-31 13:29:31]  正在连接 QQ-主 邮箱服务器 (497720537@qq.com) ...
[2026-07-31 13:29:32]  QQ-主 正在解析因子: =?utf-8?b?QWxwaGFQaWxvdCDlrp7ml7bkv6Hlj7cgKGFscGhhX3NpZ25hbF90aHJfMjAyNjA3MzFfMTMyOC5qc29uKSBb5Li7UVEt5a+55aSWXQ==?=
[2026-07-31 13:29:32]  发现表格，共 8 行数据
[2026-07-31 13:29:32]  动态索引映射: ['股票代码', '股票名称', '信号', '当前价格', '量比', '来源过滤']
[2026-07-31 13:29:32]  [行1] 解析成功: SZSE.300136 [信维通信] SELL @ 60.1 (VR:0.31)
[2026-07-31 13:29:32]  [行2] 解析成功: SZSE.300236 [上海新阳] BUY @ 87.01 (VR:0.62)
[2026-07-31 13:29:32]  [行3] 解析成功: SZSE.300767 [震安科技] BUY @ 16.01 (VR:1.05)
[2026-07-31 13:29:32]  [行4] 解析成功: SZSE.002635 [安洁科技] BUY @ 13.46 (VR:0.04)
[2026-07-31 13:29:32]  [行5] 解析成功: SZSE.300136 [信维通信] SELL @ 60.0 (VR:0.13)
[2026-07-31 13:29:32]  [行6] 解析成功: SZSE.300236 [上海新阳] BUY @ 87.02 (VR:0.19)
[2026-07-31 13:29:32]  [行7] 解析成功: SZSE.300767 [震安科技] BUY @ 16.04 (VR:0.44)
[2026-07-31 13:29:32]  [行8] 解析成功: SZSE.002635 [安洁科技] BUY @ 13.47 (VR:0.27)
[2026-07-31 13:29:32] 成功保存 8 条因子至: signal_batch_20260731_132932_514605.txt
[2026-07-31 13:29:32]  QQ-主 邮件 5622 处理完成
[2026-07-31 13:29:32]  QQ-主 本轮共成功处理 1 封有效信号邮件
[2026-07-31 13:29:32]  正在连接 QQ-备用 邮箱服务器 (shouqianbadavid@qq.com) ...
[2026-07-31 13:30:08]  正在连接 QQ-主 邮箱服务器 (497720537@qq.com) ...
[2026-07-31 13:30:08]  正在连接 QQ-备用 邮箱服务器 (shouqianbadavid@qq.com) ...
[2026-07-31 13:30:09]  QQ-备用 正在解析因子: =?utf-8?b?QWxwaGFQaWxvdCDlpIfku73kv6Hlj7cgKGFscGhhX3NpZ25hbF90aHJfMjAyNjA3MzFfMTMyOC5qc29uKSBb5aSHUVEt6Ieq5L+dXQ==?=
[2026-07-31 13:30:09]  发现表格，共 8 行数据
[2026-07-31 13:30:09]  动态索引映射: ['股票代码', '股票名称', '信号', '当前价格', '量比', '来源过滤']
[2026-07-31 13:30:09]  [行1] 解析成功: SZSE.300136 [信维通信] SELL @ 60.1 (VR:0.31)
[2026-07-31 13:30:09]  [行2] 解析成功: SZSE.300236 [上海新阳] BUY @ 87.01 (VR:0.62)
[2026-07-31 13:30:09]  [行3] 解析成功: SZSE.300767 [震安科技] BUY @ 16.01 (VR:1.05)
[2026-07-31 13:30:09]  [行4] 解析成功: SZSE.002635 [安洁科技] BUY @ 13.46 (VR:0.04)
[2026-07-31 13:30:09]  [行5] 解析成功: SZSE.300136 [信维通信] SELL @ 60.0 (VR:0.13)
[2026-07-31 13:30:09]  [行6] 解析成功: SZSE.300236 [上海新阳] BUY @ 87.02 (VR:0.19)
[2026-07-31 13:30:09]  [行7] 解析成功: SZSE.300767 [震安科技] BUY @ 16.04 (VR:0.44)
[2026-07-31 13:30:09]  [行8] 解析成功: SZSE.002635 [安洁科技] BUY @ 13.47 (VR:0.27)
[2026-07-31 13:30:09] 成功保存 8 条因子至: signal_batch_20260731_133009_766548.txt
[2026-07-31 13:30:09]  QQ-备用 邮件 3299 处理完成
[2026-07-31 13:30:09]  QQ-备用 本轮共成功处理 1 封有效信号邮件
[2026-07-31 13:30:45]  正在连接 QQ-主 邮箱服务器 (497720537@qq.com) ...
[2026-07-31 13:30:45]  正在连接 QQ-备用 邮箱服务器 (shouqianbadavid@qq.com) ...
[2026-07-31 13:31:21]  正在连接 QQ-主 邮箱服务器 (497720537@qq.com) ...
[2026-07-31 13:31:21]  QQ-主 正在解析因子: =?utf-8?b?QWxwaGFQaWxvdCDlrp7ml7bkv6Hlj7cgKGFscGhhX3NpZ25hbF90aHJfMjAyNjA3MzFfMTMzMS5qc29uKSBb5Li7UVEt5a+55aSWXQ==?=
[2026-07-31 13:31:21]  发现表格，共 8 行数据
[2026-07-31 13:31:21]  动态索引映射: ['股票代码', '股票名称', '信号', '当前价格', '量比', '来源过滤']
[2026-07-31 13:31:21]  [行1] 解析成功: SHSE.688511 [天微电子] BUY @ 20.78 (VR:2.51)
[2026-07-31 13:31:21]  [行2] 解析成功: SHSE.688721 [龙图光罩] SELL @ 36.06 (VR:0.95)
[2026-07-31 13:31:21]  [行3] 解析成功: SHSE.688249 [晶合集成] SELL @ 38.4 (VR:0.16)
[2026-07-31 13:31:21]  [行4] 解析成功: SZSE.300661 [圣邦股份] BUY @ 97.65 (VR:0.04)
[2026-07-31 13:31:21]  [行5] 解析成功: SHSE.688511 [天微电子] BUY @ 20.86 (VR:0.05)
[2026-07-31 13:31:21]  [行6] 解析成功: SHSE.688721 [龙图光罩] SELL @ 36.05 (VR:0.02)
[2026-07-31 13:31:21]  [行7] 解析成功: SHSE.688249 [晶合集成] SELL @ 38.29 (VR:0.06)
[2026-07-31 13:31:21]  [行8] 解析成功: SZSE.300661 [圣邦股份] BUY @ 97.73 (VR:0.17)
[2026-07-31 13:31:21] 成功保存 8 条因子至: signal_batch_20260731_133121_960328.txt
[2026-07-31 13:31:22]  QQ-主 邮件 5623 处理完成
[2026-07-31 13:31:22]  QQ-主 本轮共成功处理 1 封有效信号邮件
[2026-07-31 13:31:22]  正在连接 QQ-备用 邮箱服务器 (shouqianbadavid@qq.com) ...
[2026-07-31 13:31:57]  正在连接 QQ-主 邮箱服务器 (497720537@qq.com) ...
[2026-07-31 13:31:58]  正在连接 QQ-备用 邮箱服务器 (shouqianbadavid@qq.com) ...
[2026-07-31 13:32:34]  正在连接 QQ-主 邮箱服务器 (497720537@qq.com) ...
[2026-07-31 13:32:34]  正在连接 QQ-备用 邮箱服务器 (shouqianbadavid@qq.com) ...
[2026-07-31 13:32:35]  QQ-备用 正在解析因子: =?utf-8?b?QWxwaGFQaWxvdCDlpIfku73kv6Hlj7cgKGFscGhhX3NpZ25hbF90aHJfMjAyNjA3MzFfMTMzMS5qc29uKSBb5aSHUVEt6Ieq5L+dXQ==?=
[2026-07-31 13:32:35]  发现表格，共 8 行数据
[2026-07-31 13:32:35]  动态索引映射: ['股票代码', '股票名称', '信号', '当前价格', '量比', '来源过滤']
[2026-07-31 13:32:35]  [行1] 解析成功: SHSE.688511 [天微电子] BUY @ 20.78 (VR:2.51)
[2026-07-31 13:32:35]  [行2] 解析成功: SHSE.688721 [龙图光罩] SELL @ 36.06 (VR:0.95)
[2026-07-31 13:32:35]  [行3] 解析成功: SHSE.688249 [晶合集成] SELL @ 38.4 (VR:0.16)
[2026-07-31 13:32:35]  [行4] 解析成功: SZSE.300661 [圣邦股份] BUY @ 97.65 (VR:0.04)
[2026-07-31 13:32:35]  [行5] 解析成功: SHSE.688511 [天微电子] BUY @ 20.86 (VR:0.05)
[2026-07-31 13:32:35]  [行6] 解析成功: SHSE.688721 [龙图光罩] SELL @ 36.05 (VR:0.02)
[2026-07-31 13:32:35]  [行7] 解析成功: SHSE.688249 [晶合集成] SELL @ 38.29 (VR:0.06)
[2026-07-31 13:32:35]  [行8] 解析成功: SZSE.300661 [圣邦股份] BUY @ 97.73 (VR:0.17)
[2026-07-31 13:32:35] 成功保存 8 条因子至: signal_batch_20260731_133235_909511.txt
[2026-07-31 13:32:36]  QQ-备用 邮件 3300 处理完成
[2026-07-31 13:32:36]  QQ-备用 本轮共成功处理 1 封有效信号邮件
[2026-07-31 13:33:11]  正在连接 QQ-主 邮箱服务器 (497720537@qq.com) ...
[2026-07-31 13:33:12]  正在连接 QQ-备用 邮箱服务器 (shouqianbadavid@qq.com) ...
[2026-07-31 13:33:48]  正在连接 QQ-主 邮箱服务器 (497720537@qq.com) ...
[2026-07-31 13:33:48]  QQ-主 正在解析因子: =?utf-8?b?QWxwaGFQaWxvdCDlrp7ml7bkv6Hlj7cgKGFscGhhX3NpZ25hbF90aHJfMjAyNjA3MzFfMTMzMy5qc29uKSBb5Li7UVEt5a+55aSWXQ==?=
[2026-07-31 13:33:48]  发现表格，共 14 行数据
[2026-07-31 13:33:48]  动态索引映射: ['股票代码', '股票名称', '信号', '当前价格', '量比', '来源过滤']
[2026-07-31 13:33:48]  [行1] 解析成功: SHSE.688665 [四方光电] BUY @ 43.3 (VR:8.21)
[2026-07-31 13:33:48]  [行2] 解析成功: SHSE.688002 [睿创微纳] SELL @ 144.81 (VR:0.14)
[2026-07-31 13:33:48]  [行3] 解析成功: SHSE.688227 [品高股份] SELL @ 72.05 (VR:0.16)
[2026-07-31 13:33:48]  [行4] 解析成功: SZSE.300689 [澄天伟业] SELL @ 44.09 (VR:1.13)
[2026-07-31 13:33:48]  [行5] 解析成功: SZSE.301045 [天禄科技] SELL @ 56.62 (VR:0.1)
[2026-07-31 13:33:48]  [行6] 解析成功: SZSE.301013 [利和兴] SELL @ 40.55 (VR:0.08)
[2026-07-31 13:33:48]  [行7] 解析成功: SZSE.300790 [宇瞳光学] SELL @ 16.98 (VR:0.01)
[2026-07-31 13:33:48]  [行8] 解析成功: SHSE.688665 [四方光电] BUY @ 43.32 (VR:0.56)
[2026-07-31 13:33:48]  [行9] 解析成功: SHSE.688002 [睿创微纳] SELL @ 144.79 (VR:0.08)
[2026-07-31 13:33:48]  [行10] 解析成功: SHSE.688227 [品高股份] SELL @ 72.03 (VR:0.09)
[2026-07-31 13:33:48]  [行11] 解析成功: SZSE.300689 [澄天伟业] SELL @ 44.07 (VR:0.71)
[2026-07-31 13:33:48]  [行12] 解析成功: SZSE.301045 [天禄科技] SELL @ 56.61 (VR:0.16)
[2026-07-31 13:33:48]  [行13] 解析成功: SZSE.301013 [利和兴] SELL @ 40.52 (VR:0.57)
[2026-07-31 13:33:48]  [行14] 解析成功: SZSE.300790 [宇瞳光学] SELL @ 16.94 (VR:2.04)
[2026-07-31 13:33:48] 成功保存 14 条因子至: signal_batch_20260731_133348_707443.txt
[2026-07-31 13:33:48]  QQ-主 邮件 5624 处理完成
[2026-07-31 13:33:48]  QQ-主 本轮共成功处理 1 封有效信号邮件
[2026-07-31 13:33:49]  正在连接 QQ-备用 邮箱服务器 (shouqianbadavid@qq.com) ...
[2026-07-31 13:34:24]  正在连接 QQ-主 邮箱服务器 (497720537@qq.com) ...
[2026-07-31 13:34:25]  正在连接 QQ-备用 邮箱服务器 (shouqianbadavid@qq.com) ...
[2026-07-31 13:35:00]  正在连接 QQ-主 邮箱服务器 (497720537@qq.com) ...
[2026-07-31 13:35:01]  正在连接 QQ-备用 邮箱服务器 (shouqianbadavid@qq.com) ...
[2026-07-31 13:35:02]  QQ-备用 正在解析因子: =?utf-8?b?QWxwaGFQaWxvdCDlpIfku73kv6Hlj7cgKGFscGhhX3NpZ25hbF90aHJfMjAyNjA3MzFfMTMzMy5qc29uKSBb5aSHUVEt6Ieq5L+dXQ==?=
[2026-07-31 13:35:02]  发现表格，共 14 行数据
[2026-07-31 13:35:02]  动态索引映射: ['股票代码', '股票名称', '信号', '当前价格', '量比', '来源过滤']
[2026-07-31 13:35:02]  [行1] 解析成功: SHSE.688665 [四方光电] BUY @ 43.3 (VR:8.21)
[2026-07-31 13:35:02]  [行2] 解析成功: SHSE.688002 [睿创微纳] SELL @ 144.81 (VR:0.14)
[2026-07-31 13:35:02]  [行3] 解析成功: SHSE.688227 [品高股份] SELL @ 72.05 (VR:0.16)
[2026-07-31 13:35:02]  [行4] 解析成功: SZSE.300689 [澄天伟业] SELL @ 44.09 (VR:1.13)
[2026-07-31 13:35:02]  [行5] 解析成功: SZSE.301045 [天禄科技] SELL @ 56.62 (VR:0.1)
[2026-07-31 13:35:02]  [行6] 解析成功: SZSE.301013 [利和兴] SELL @ 40.55 (VR:0.08)
[2026-07-31 13:35:02]  [行7] 解析成功: SZSE.300790 [宇瞳光学] SELL @ 16.98 (VR:0.01)
[2026-07-31 13:35:02]  [行8] 解析成功: SHSE.688665 [四方光电] BUY @ 43.32 (VR:0.56)
[2026-07-31 13:35:02]  [行9] 解析成功: SHSE.688002 [睿创微纳] SELL @ 144.79 (VR:0.08)
[2026-07-31 13:35:02]  [行10] 解析成功: SHSE.688227 [品高股份] SELL @ 72.03 (VR:0.09)
[2026-07-31 13:35:02]  [行11] 解析成功: SZSE.300689 [澄天伟业] SELL @ 44.07 (VR:0.71)
[2026-07-31 13:35:02]  [行12] 解析成功: SZSE.301045 [天禄科技] SELL @ 56.61 (VR:0.16)
[2026-07-31 13:35:02]  [行13] 解析成功: SZSE.301013 [利和兴] SELL @ 40.52 (VR:0.57)
[2026-07-31 13:35:02]  [行14] 解析成功: SZSE.300790 [宇瞳光学] SELL @ 16.94 (VR:2.04)
[2026-07-31 13:35:02] 成功保存 14 条因子至: signal_batch_20260731_133502_439705.txt
[2026-07-31 13:35:02]  QQ-备用 邮件 3301 处理完成
[2026-07-31 13:35:02]  QQ-备用 本轮共成功处理 1 封有效信号邮件
[2026-07-31 13:35:37]  正在连接 QQ-主 邮箱服务器 (497720537@qq.com) ...
[2026-07-31 13:35:38]  正在连接 QQ-备用 邮箱服务器 (shouqianbadavid@qq.com) ...
[2026-07-31 13:36:14]  正在连接 QQ-主 邮箱服务器 (497720537@qq.com) ...
[2026-07-31 13:36:14]  正在连接 QQ-备用 邮箱服务器 (shouqianbadavid@qq.com) ...
[2026-07-31 13:36:50]  正在连接 QQ-主 邮箱服务器 (497720537@qq.com) ...
[2026-07-31 13:36:50]  QQ-主 正在解析因子: =?utf-8?b?QWxwaGFQaWxvdCDlrp7ml7bkv6Hlj7cgKGFscGhhX3NpZ25hbF90aHJfMjAyNjA3MzFfMTMzNi5qc29uKSBb5Li7UVEt5a+55aSWXQ==?=
[2026-07-31 13:36:50]  发现表格，共 14 行数据
[2026-07-31 13:36:50]  动态索引映射: ['股票代码', '股票名称', '信号', '当前价格', '量比', '来源过滤']
[2026-07-31 13:36:50]  [行1] 解析成功: SHSE.601138 [工业富联] SELL @ 57.02 (VR:0.05)
[2026-07-31 13:36:50]  [行2] 解析成功: SZSE.300346 [南大光电] SELL @ 49.96 (VR:0.14)
[2026-07-31 13:36:50]  [行3] 解析成功: SZSE.301018 [申菱环境] SELL @ 71.59 (VR:0.29)
[2026-07-31 13:36:50]  [行4] 解析成功: SZSE.300739 [明阳电路] SELL @ 20.16 (VR:0.47)
[2026-07-31 13:36:50]  [行5] 解析成功: SZSE.300037 [新宙邦] SELL @ 63.91 (VR:0.17)
[2026-07-31 13:36:50]  [行6] 解析成功: SZSE.301419 [瑞可达] SELL @ 27.4 (VR:0.31)
[2026-07-31 13:36:50]  [行7] 解析成功: SZSE.300868 [杰美特] SELL @ 72.36 (VR:0.64)
[2026-07-31 13:36:50]  [行8] 解析成功: SHSE.601138 [工业富联] SELL @ 56.97 (VR:0.23)
[2026-07-31 13:36:50]  [行9] 解析成功: SZSE.300346 [南大光电] SELL @ 49.91 (VR:0.27)
[2026-07-31 13:36:50]  [行10] 解析成功: SZSE.301018 [申菱环境] SELL @ 71.42 (VR:0.35)
[2026-07-31 13:36:50]  [行11] 解析成功: SZSE.300739 [明阳电路] SELL @ 20.15 (VR:0.24)
[2026-07-31 13:36:50]  [行12] 解析成功: SZSE.300037 [新宙邦] SELL @ 63.89 (VR:0.42)
[2026-07-31 13:36:50]  [行13] 解析成功: SZSE.301419 [瑞可达] SELL @ 27.36 (VR:0.24)
[2026-07-31 13:36:50]  [行14] 解析成功: SZSE.300868 [杰美特] SELL @ 72.29 (VR:0.54)
[2026-07-31 13:36:50] 成功保存 14 条因子至: signal_batch_20260731_133650_971236.txt
[2026-07-31 13:36:51]  QQ-主 邮件 5625 处理完成
[2026-07-31 13:36:51]  QQ-主 本轮共成功处理 1 封有效信号邮件
[2026-07-31 13:36:51]  正在连接 QQ-备用 邮箱服务器 (shouqianbadavid@qq.com) ...
[2026-07-31 13:37:26]  正在连接 QQ-主 邮箱服务器 (497720537@qq.com) ...
[2026-07-31 13:37:27]  正在连接 QQ-备用 邮箱服务器 (shouqianbadavid@qq.com) ...
[2026-07-31 13:37:28]  QQ-备用 正在解析因子: =?utf-8?b?QWxwaGFQaWxvdCDlpIfku73kv6Hlj7cgKGFscGhhX3NpZ25hbF90aHJfMjAyNjA3MzFfMTMzNi5qc29uKSBb5aSHUVEt6Ieq5L+dXQ==?=
[2026-07-31 13:37:28]  发现表格，共 14 行数据
[2026-07-31 13:37:28]  动态索引映射: ['股票代码', '股票名称', '信号', '当前价格', '量比', '来源过滤']
[2026-07-31 13:37:28]  [行1] 解析成功: SHSE.601138 [工业富联] SELL @ 57.02 (VR:0.05)
[2026-07-31 13:37:28]  [行2] 解析成功: SZSE.300346 [南大光电] SELL @ 49.96 (VR:0.14)
[2026-07-31 13:37:28]  [行3] 解析成功: SZSE.301018 [申菱环境] SELL @ 71.59 (VR:0.29)
[2026-07-31 13:37:28]  [行4] 解析成功: SZSE.300739 [明阳电路] SELL @ 20.16 (VR:0.47)
[2026-07-31 13:37:28]  [行5] 解析成功: SZSE.300037 [新宙邦] SELL @ 63.91 (VR:0.17)
[2026-07-31 13:37:28]  [行6] 解析成功: SZSE.301419 [瑞可达] SELL @ 27.4 (VR:0.31)
[2026-07-31 13:37:28]  [行7] 解析成功: SZSE.300868 [杰美特] SELL @ 72.36 (VR:0.64)
[2026-07-31 13:37:28]  [行8] 解析成功: SHSE.601138 [工业富联] SELL @ 56.97 (VR:0.23)
[2026-07-31 13:37:28]  [行9] 解析成功: SZSE.300346 [南大光电] SELL @ 49.91 (VR:0.27)
[2026-07-31 13:37:28]  [行10] 解析成功: SZSE.301018 [申菱环境] SELL @ 71.42 (VR:0.35)
[2026-07-31 13:37:28]  [行11] 解析成功: SZSE.300739 [明阳电路] SELL @ 20.15 (VR:0.24)
[2026-07-31 13:37:28]  [行12] 解析成功: SZSE.300037 [新宙邦] SELL @ 63.89 (VR:0.42)
[2026-07-31 13:37:28]  [行13] 解析成功: SZSE.301419 [瑞可达] SELL @ 27.36 (VR:0.24)
[2026-07-31 13:37:28]  [行14] 解析成功: SZSE.300868 [杰美特] SELL @ 72.29 (VR:0.54)
[2026-07-31 13:37:28] 成功保存 14 条因子至: signal_batch_20260731_133728_397725.txt
[2026-07-31 13:37:28]  QQ-备用 邮件 3302 处理完成
[2026-07-31 13:37:28]  QQ-备用 本轮共成功处理 1 封有效信号邮件
[2026-07-31 13:38:03]  正在连接 QQ-主 邮箱服务器 (497720537@qq.com) ...
[2026-07-31 13:38:04]  正在连接 QQ-备用 邮箱服务器 (shouqianbadavid@qq.com) ...
[2026-07-31 13:38:40]  正在连接 QQ-主 邮箱服务器 (497720537@qq.com) ...
[2026-07-31 13:38:40]  正在连接 QQ-备用 邮箱服务器 (shouqianbadavid@qq.com) ...
[2026-07-31 13:39:16]  正在连接 QQ-主 邮箱服务器 (497720537@qq.com) ...
[2026-07-31 13:39:17]  正在连接 QQ-备用 邮箱服务器 (shouqianbadavid@qq.com) ...
[2026-07-31 13:39:52]  正在连接 QQ-主 邮箱服务器 (497720537@qq.com) ...
[2026-07-31 13:39:53]  正在连接 QQ-备用 邮箱服务器 (shouqianbadavid@qq.com) ...
[2026-07-31 13:40:29]  正在连接 QQ-主 邮箱服务器 (497720537@qq.com) ...
[2026-07-31 13:40:30]  QQ-主 正在解析因子: =?utf-8?b?QWxwaGFQaWxvdCDlrp7ml7bkv6Hlj7cgKGFscGhhX3NpZ25hbF90aHJfMjAyNjA3MzFfMTMzOS5qc29uKSBb5Li7UVEt5a+55aSWXQ==?=
[2026-07-31 13:40:30]  发现表格，共 21 行数据
[2026-07-31 13:40:30]  动态索引映射: ['股票代码', '股票名称', '信号', '当前价格', '量比', '来源过滤']
[2026-07-31 13:40:30]  [行1] 解析成功: SHSE.603773 [沃格光电] SELL @ 70.71 (VR:0.07)
[2026-07-31 13:40:30]  [行2] 解析成功: SHSE.603618 [杭电股份] SELL @ 22.98 (VR:0.05)
[2026-07-31 13:40:30]  [行3] 解析成功: SHSE.600259 [中稀有色] BUY @ 73.4 (VR:0.26)
[2026-07-31 13:40:30]  [行4] 解析成功: SHSE.600460 [士兰微] SELL @ 29.01 (VR:1.19)
[2026-07-31 13:40:30]  [行5] 解析成功: SZSE.003031 [中瓷电子] SELL @ 96.87 (VR:0.37)
[2026-07-31 13:40:30]  [行6] 解析成功: SZSE.002643 [万润股份] SELL @ 12.94 (VR:0.29)
[2026-07-31 13:40:30]  [行7] 解析成功: SZSE.002937 [兴瑞科技] SELL @ 26.34 (VR:0.26)
[2026-07-31 13:40:30]  [行8] 解析成功: SZSE.000920 [沃顿科技] SELL @ 10.89 (VR:0.09)
[2026-07-31 13:40:30]  [行9] 解析成功: SZSE.000823 [超声电子] SELL @ 12.88 (VR:0.23)
[2026-07-31 13:40:30]  [行10] 解析成功: SZSE.300607 [拓斯达] BUY @ 30.1 (VR:0.97)
[2026-07-31 13:40:30]  [行11] 解析成功: SZSE.301070 [开勒股份] SELL @ 55.27 (VR:0.23)
[2026-07-31 13:40:30]  [行12] 解析成功: SHSE.603773 [沃格光电] SELL @ 70.7 (VR:0.52)
[2026-07-31 13:40:30]  [行13] 解析成功: SHSE.603618 [杭电股份] SELL @ 22.94 (VR:1.49)
[2026-07-31 13:40:30]  [行14] 解析成功: SHSE.600259 [中稀有色] BUY @ 73.41 (VR:0.02)
[2026-07-31 13:40:30]  [行15] 解析成功: SHSE.600909 [华安证券] SELL @ 7.8 (VR:0.06)
[2026-07-31 13:40:30]  [行16] 解析成功: SHSE.600460 [士兰微] SELL @ 29.01 (VR:0.06)
[2026-07-31 13:40:30]  [行17] 解析成功: SZSE.002643 [万润股份] SELL @ 12.94 (VR:0.62)
[2026-07-31 13:40:30]  [行18] 解析成功: SZSE.002937 [兴瑞科技] SELL @ 26.31 (VR:0.16)
[2026-07-31 13:40:30]  [行19] 解析成功: SZSE.000823 [超声电子] SELL @ 12.87 (VR:0.23)
[2026-07-31 13:40:30]  [行20] 解析成功: SZSE.300607 [拓斯达] BUY @ 30.11 (VR:0.49)
[2026-07-31 13:40:30]  [行21] 解析成功: SZSE.301070 [开勒股份] SELL @ 55.22 (VR:0.14)
[2026-07-31 13:40:30] 成功保存 21 条因子至: signal_batch_20260731_134030_989084.txt
[2026-07-31 13:40:31]  QQ-主 邮件 5626 处理完成
[2026-07-31 13:40:31]  QQ-主 本轮共成功处理 1 封有效信号邮件
[2026-07-31 13:40:31]  正在连接 QQ-备用 邮箱服务器 (shouqianbadavid@qq.com) ...
[2026-07-31 13:41:06]  正在连接 QQ-主 邮箱服务器 (497720537@qq.com) ...
[2026-07-31 13:41:07]  正在连接 QQ-备用 邮箱服务器 (shouqianbadavid@qq.com) ...
[2026-07-31 13:41:43]  正在连接 QQ-主 邮箱服务器 (497720537@qq.com) ...
[2026-07-31 13:41:43]  正在连接 QQ-备用 邮箱服务器 (shouqianbadavid@qq.com) ...
[2026-07-31 13:42:19]  正在连接 QQ-主 邮箱服务器 (497720537@qq.com) ...
[2026-07-31 13:42:19]  正在连接 QQ-备用 邮箱服务器 (shouqianbadavid@qq.com) ...
[2026-07-31 13:42:20]  QQ-备用 正在解析因子: =?utf-8?b?QWxwaGFQaWxvdCDlpIfku73kv6Hlj7cgKGFscGhhX3NpZ25hbF90aHJfMjAyNjA3MzFfMTMzOS5qc29uKSBb5aSHUVEt6Ieq5L+dXQ==?=
[2026-07-31 13:42:20]  发现表格，共 21 行数据
[2026-07-31 13:42:20]  动态索引映射: ['股票代码', '股票名称', '信号', '当前价格', '量比', '来源过滤']
[2026-07-31 13:42:20]  [行1] 解析成功: SHSE.603773 [沃格光电] SELL @ 70.71 (VR:0.07)
[2026-07-31 13:42:20]  [行2] 解析成功: SHSE.603618 [杭电股份] SELL @ 22.98 (VR:0.05)
[2026-07-31 13:42:20]  [行3] 解析成功: SHSE.600259 [中稀有色] BUY @ 73.4 (VR:0.26)
[2026-07-31 13:42:20]  [行4] 解析成功: SHSE.600460 [士兰微] SELL @ 29.01 (VR:1.19)
[2026-07-31 13:42:20]  [行5] 解析成功: SZSE.003031 [中瓷电子] SELL @ 96.87 (VR:0.37)
[2026-07-31 13:42:20]  [行6] 解析成功: SZSE.002643 [万润股份] SELL @ 12.94 (VR:0.29)
[2026-07-31 13:42:20]  [行7] 解析成功: SZSE.002937 [兴瑞科技] SELL @ 26.34 (VR:0.26)
[2026-07-31 13:42:20]  [行8] 解析成功: SZSE.000920 [沃顿科技] SELL @ 10.89 (VR:0.09)
[2026-07-31 13:42:20]  [行9] 解析成功: SZSE.000823 [超声电子] SELL @ 12.88 (VR:0.23)
[2026-07-31 13:42:20]  [行10] 解析成功: SZSE.300607 [拓斯达] BUY @ 30.1 (VR:0.97)
[2026-07-31 13:42:20]  [行11] 解析成功: SZSE.301070 [开勒股份] SELL @ 55.27 (VR:0.23)
[2026-07-31 13:42:20]  [行12] 解析成功: SHSE.603773 [沃格光电] SELL @ 70.7 (VR:0.52)
[2026-07-31 13:42:20]  [行13] 解析成功: SHSE.603618 [杭电股份] SELL @ 22.94 (VR:1.49)
[2026-07-31 13:42:20]  [行14] 解析成功: SHSE.600259 [中稀有色] BUY @ 73.41 (VR:0.02)
[2026-07-31 13:42:20]  [行15] 解析成功: SHSE.600909 [华安证券] SELL @ 7.8 (VR:0.06)
[2026-07-31 13:42:20]  [行16] 解析成功: SHSE.600460 [士兰微] SELL @ 29.01 (VR:0.06)
[2026-07-31 13:42:20]  [行17] 解析成功: SZSE.002643 [万润股份] SELL @ 12.94 (VR:0.62)
[2026-07-31 13:42:20]  [行18] 解析成功: SZSE.002937 [兴瑞科技] SELL @ 26.31 (VR:0.16)
[2026-07-31 13:42:20]  [行19] 解析成功: SZSE.000823 [超声电子] SELL @ 12.87 (VR:0.23)
[2026-07-31 13:42:20]  [行20] 解析成功: SZSE.300607 [拓斯达] BUY @ 30.11 (VR:0.49)
[2026-07-31 13:42:20]  [行21] 解析成功: SZSE.301070 [开勒股份] SELL @ 55.22 (VR:0.14)
[2026-07-31 13:42:20] 成功保存 21 条因子至: signal_batch_20260731_134220_610363.txt
[2026-07-31 13:42:20]  QQ-备用 邮件 3303 处理完成
[2026-07-31 13:42:20]  QQ-备用 本轮共成功处理 1 封有效信号邮件
[2026-07-31 13:42:55]  正在连接 QQ-主 邮箱服务器 (497720537@qq.com) ...
[2026-07-31 13:42:56]  正在连接 QQ-备用 邮箱服务器 (shouqianbadavid@qq.com) ...
[2026-07-31 13:43:32]  正在连接 QQ-主 邮箱服务器 (497720537@qq.com) ...
[2026-07-31 13:43:33]  QQ-主 正在解析因子: =?utf-8?b?QWxwaGFQaWxvdCDlrp7ml7bkv6Hlj7cgKGFscGhhX3NpZ25hbF90aHJfMjAyNjA3MzFfMTM0Mi5qc29uKSBb5Li7UVEt5a+55aSWXQ==?=
[2026-07-31 13:43:33]  发现表格，共 16 行数据
[2026-07-31 13:43:33]  动态索引映射: ['股票代码', '股票名称', '信号', '当前价格', '量比', '来源过滤']
[2026-07-31 13:43:33]  [行1] 解析成功: SHSE.688261 [东微半导] SELL @ 66.47 (VR:0.23)
[2026-07-31 13:43:33]  [行2] 解析成功: SHSE.688199 [久日新材] SELL @ 20.7 (VR:0.62)
[2026-07-31 13:43:33]  [行3] 解析成功: SZSE.300136 [信维通信] SELL @ 59.59 (VR:0.18)
[2026-07-31 13:43:33]  [行4] 解析成功: SZSE.300821 [东岳硅材] SELL @ 14.6 (VR:0.28)
[2026-07-31 13:43:33]  [行5] 解析成功: SZSE.300236 [上海新阳] SELL @ 86.3 (VR:0.08)
[2026-07-31 13:43:33]  [行6] 解析成功: SZSE.301178 [天亿马] BUY @ 31.78 (VR:0.4)
[2026-07-31 13:43:33]  [行7] 解析成功: SZSE.300184 [力源信息] BUY @ 11.73 (VR:0.79)
[2026-07-31 13:43:33]  [行8] 解析成功: SZSE.002158 [汉钟精机] BUY @ 25.92 (VR:0.22)
[2026-07-31 13:43:33]  [行9] 解析成功: SZSE.002635 [安洁科技] SELL @ 13.47 (VR:0.46)
[2026-07-31 13:43:33]  [行10] 解析成功: SHSE.688261 [东微半导] SELL @ 66.44 (VR:0.06)
[2026-07-31 13:43:33]  [行11] 解析成功: SHSE.688199 [久日新材] SELL @ 20.69 (VR:0.78)
[2026-07-31 13:43:33]  [行12] 解析成功: SZSE.300136 [信维通信] SELL @ 59.55 (VR:0.08)
[2026-07-31 13:43:33]  [行13] 解析成功: SZSE.301178 [天亿马] BUY @ 31.8 (VR:0.17)
[2026-07-31 13:43:33]  [行14] 解析成功: SZSE.300184 [力源信息] BUY @ 11.74 (VR:0.11)
[2026-07-31 13:43:33]  [行15] 解析成功: SZSE.002158 [汉钟精机] BUY @ 25.94 (VR:1.21)
[2026-07-31 13:43:33]  [行16] 解析成功: SZSE.002635 [安洁科技] SELL @ 13.46 (VR:0.37)
[2026-07-31 13:43:33] 成功保存 16 条因子至: signal_batch_20260731_134333_122033.txt
[2026-07-31 13:43:33]  QQ-主 邮件 5627 处理完成
[2026-07-31 13:43:33]  QQ-主 本轮共成功处理 1 封有效信号邮件
[2026-07-31 13:43:33]  正在连接 QQ-备用 邮箱服务器 (shouqianbadavid@qq.com) ...
[2026-07-31 13:44:09]  正在连接 QQ-主 邮箱服务器 (497720537@qq.com) ...
[2026-07-31 13:44:09]  正在连接 QQ-备用 邮箱服务器 (shouqianbadavid@qq.com) ...
[2026-07-31 13:44:45]  正在连接 QQ-主 邮箱服务器 (497720537@qq.com) ...
[2026-07-31 13:44:46]  正在连接 QQ-备用 邮箱服务器 (shouqianbadavid@qq.com) ...
[2026-07-31 13:44:46]  QQ-备用 正在解析因子: =?utf-8?b?QWxwaGFQaWxvdCDlpIfku73kv6Hlj7cgKGFscGhhX3NpZ25hbF90aHJfMjAyNjA3MzFfMTM0Mi5qc29uKSBb5aSHUVEt6Ieq5L+dXQ==?=
[2026-07-31 13:44:46]  发现表格，共 16 行数据
[2026-07-31 13:44:46]  动态索引映射: ['股票代码', '股票名称', '信号', '当前价格', '量比', '来源过滤']
[2026-07-31 13:44:46]  [行1] 解析成功: SHSE.688261 [东微半导] SELL @ 66.47 (VR:0.23)
[2026-07-31 13:44:46]  [行2] 解析成功: SHSE.688199 [久日新材] SELL @ 20.7 (VR:0.62)
[2026-07-31 13:44:47]  [行3] 解析成功: SZSE.300136 [信维通信] SELL @ 59.59 (VR:0.18)
[2026-07-31 13:44:47]  [行4] 解析成功: SZSE.300821 [东岳硅材] SELL @ 14.6 (VR:0.28)
[2026-07-31 13:44:47]  [行5] 解析成功: SZSE.300236 [上海新阳] SELL @ 86.3 (VR:0.08)
[2026-07-31 13:44:47]  [行6] 解析成功: SZSE.301178 [天亿马] BUY @ 31.78 (VR:0.4)
[2026-07-31 13:44:47]  [行7] 解析成功: SZSE.300184 [力源信息] BUY @ 11.73 (VR:0.79)
[2026-07-31 13:44:47]  [行8] 解析成功: SZSE.002158 [汉钟精机] BUY @ 25.92 (VR:0.22)
[2026-07-31 13:44:47]  [行9] 解析成功: SZSE.002635 [安洁科技] SELL @ 13.47 (VR:0.46)
[2026-07-31 13:44:47]  [行10] 解析成功: SHSE.688261 [东微半导] SELL @ 66.44 (VR:0.06)
[2026-07-31 13:44:47]  [行11] 解析成功: SHSE.688199 [久日新材] SELL @ 20.69 (VR:0.78)
[2026-07-31 13:44:47]  [行12] 解析成功: SZSE.300136 [信维通信] SELL @ 59.55 (VR:0.08)
[2026-07-31 13:44:47]  [行13] 解析成功: SZSE.301178 [天亿马] BUY @ 31.8 (VR:0.17)
[2026-07-31 13:44:47]  [行14] 解析成功: SZSE.300184 [力源信息] BUY @ 11.74 (VR:0.11)
[2026-07-31 13:44:47]  [行15] 解析成功: SZSE.002158 [汉钟精机] BUY @ 25.94 (VR:1.21)
[2026-07-31 13:44:47]  [行16] 解析成功: SZSE.002635 [安洁科技] SELL @ 13.46 (VR:0.37)
[2026-07-31 13:44:47] 成功保存 16 条因子至: signal_batch_20260731_134447_029166.txt
[2026-07-31 13:44:47]  QQ-备用 邮件 3304 处理完成
[2026-07-31 13:44:47]  QQ-备用 本轮共成功处理 1 封有效信号邮件
[2026-07-31 13:45:22]  正在连接 QQ-主 邮箱服务器 (497720537@qq.com) ...
[2026-07-31 13:45:23]  正在连接 QQ-备用 邮箱服务器 (shouqianbadavid@qq.com) ...
[2026-07-31 13:45:59]  正在连接 QQ-主 邮箱服务器 (497720537@qq.com) ...
[2026-07-31 13:46:00]  正在连接 QQ-备用 邮箱服务器 (shouqianbadavid@qq.com) ...
[2026-07-31 13:46:35]  正在连接 QQ-主 邮箱服务器 (497720537@qq.com) ...
[2026-07-31 13:46:36]  QQ-主 正在解析因子: =?utf-8?b?QWxwaGFQaWxvdCDlrp7ml7bkv6Hlj7cgKGFscGhhX3NpZ25hbF90aHJfMjAyNjA3MzFfMTM0Ni5qc29uKSBb5Li7UVEt5a+55aSWXQ==?=
[2026-07-31 13:46:36]  发现表格，共 22 行数据
[2026-07-31 13:46:36]  动态索引映射: ['股票代码', '股票名称', '信号', '当前价格', '量比', '来源过滤']
[2026-07-31 13:46:36]  [行1] 解析成功: SHSE.688286 [敏芯股份] BUY @ 39.71 (VR:0.09)
[2026-07-31 13:46:36]  [行2] 解析成功: SHSE.688511 [天微电子] SELL @ 20.74 (VR:0.03)
[2026-07-31 13:46:36]  [行3] 解析成功: SHSE.688721 [龙图光罩] SELL @ 35.88 (VR:0.09)
[2026-07-31 13:46:36]  [行4] 解析成功: SHSE.688249 [晶合集成] BUY @ 37.95 (VR:0.16)
[2026-07-31 13:46:36]  [行5] 解析成功: SZSE.301252 [同星科技] SELL @ 28.45 (VR:0.2)
[2026-07-31 13:46:36]  [行6] 解析成功: SZSE.301392 [汇成真空] SELL @ 129.46 (VR:0.18)
[2026-07-31 13:46:36]  [行7] 解析成功: SZSE.300214 [日科化学] SELL @ 11.83 (VR:0.38)
[2026-07-31 13:46:36]  [行8] 解析成功: SZSE.300420 [五洋自控] SELL @ 5.76 (VR:0.34)
[2026-07-31 13:46:36]  [行9] 解析成功: SZSE.300661 [圣邦股份] SELL @ 97.14 (VR:0.13)
[2026-07-31 13:46:36]  [行10] 解析成功: SZSE.300780 [德恩精工] BUY @ 17.73 (VR:0.02)
[2026-07-31 13:46:36]  [行11] 解析成功: SZSE.300497 [富祥股份] SELL @ 16.59 (VR:0.54)
[2026-07-31 13:46:36]  [行12] 解析成功: SHSE.688286 [敏芯股份] BUY @ 39.74 (VR:0.05)
[2026-07-31 13:46:36]  [行13] 解析成功: SHSE.688511 [天微电子] SELL @ 20.74 (VR:0.37)
[2026-07-31 13:46:36]  [行14] 解析成功: SHSE.688721 [龙图光罩] SELL @ 35.85 (VR:0.1)
[2026-07-31 13:46:36]  [行15] 解析成功: SHSE.688249 [晶合集成] BUY @ 37.99 (VR:0.22)
[2026-07-31 13:46:36]  [行16] 解析成功: SHSE.688138 [清溢光电] SELL @ 28.38 (VR:0.11)
[2026-07-31 13:46:36]  [行17] 解析成功: SZSE.300285 [国瓷材料] SELL @ 64.0 (VR:0.16)
[2026-07-31 13:46:36]  [行18] 解析成功: SZSE.301252 [同星科技] SELL @ 28.43 (VR:0.44)
[2026-07-31 13:46:36]  [行19] 解析成功: SZSE.301392 [汇成真空] SELL @ 129.36 (VR:0.89)
[2026-07-31 13:46:36]  [行20] 解析成功: SZSE.300088 [长信科技] SELL @ 6.77 (VR:0.24)
[2026-07-31 13:46:36]  [行21] 解析成功: SZSE.300661 [圣邦股份] SELL @ 97.09 (VR:0.49)
[2026-07-31 13:46:36]  [行22] 解析成功: SZSE.300780 [德恩精工] BUY @ 17.74 (VR:3.11)
[2026-07-31 13:46:36] 成功保存 22 条因子至: signal_batch_20260731_134636_374326.txt
[2026-07-31 13:46:36]  QQ-主 邮件 5628 处理完成
[2026-07-31 13:46:36]  QQ-主 本轮共成功处理 1 封有效信号邮件
[2026-07-31 13:46:36]  正在连接 QQ-备用 邮箱服务器 (shouqianbadavid@qq.com) ...
[2026-07-31 13:47:12]  正在连接 QQ-主 邮箱服务器 (497720537@qq.com) ...
[2026-07-31 13:47:13]  正在连接 QQ-备用 邮箱服务器 (shouqianbadavid@qq.com) ...
[2026-07-31 13:47:13]  QQ-备用 正在解析因子: =?utf-8?b?QWxwaGFQaWxvdCDlpIfku73kv6Hlj7cgKGFscGhhX3NpZ25hbF90aHJfMjAyNjA3MzFfMTM0Ni5qc29uKSBb5aSHUVEt6Ieq5L+dXQ==?=
[2026-07-31 13:47:13]  发现表格，共 22 行数据
[2026-07-31 13:47:13]  动态索引映射: ['股票代码', '股票名称', '信号', '当前价格', '量比', '来源过滤']
[2026-07-31 13:47:13]  [行1] 解析成功: SHSE.688286 [敏芯股份] BUY @ 39.71 (VR:0.09)
[2026-07-31 13:47:13]  [行2] 解析成功: SHSE.688511 [天微电子] SELL @ 20.74 (VR:0.03)
[2026-07-31 13:47:13]  [行3] 解析成功: SHSE.688721 [龙图光罩] SELL @ 35.88 (VR:0.09)
[2026-07-31 13:47:13]  [行4] 解析成功: SHSE.688249 [晶合集成] BUY @ 37.95 (VR:0.16)
[2026-07-31 13:47:13]  [行5] 解析成功: SZSE.301252 [同星科技] SELL @ 28.45 (VR:0.2)
[2026-07-31 13:47:13]  [行6] 解析成功: SZSE.301392 [汇成真空] SELL @ 129.46 (VR:0.18)
[2026-07-31 13:47:13]  [行7] 解析成功: SZSE.300214 [日科化学] SELL @ 11.83 (VR:0.38)
[2026-07-31 13:47:13]  [行8] 解析成功: SZSE.300420 [五洋自控] SELL @ 5.76 (VR:0.34)
[2026-07-31 13:47:13]  [行9] 解析成功: SZSE.300661 [圣邦股份] SELL @ 97.14 (VR:0.13)
[2026-07-31 13:47:13]  [行10] 解析成功: SZSE.300780 [德恩精工] BUY @ 17.73 (VR:0.02)
[2026-07-31 13:47:13]  [行11] 解析成功: SZSE.300497 [富祥股份] SELL @ 16.59 (VR:0.54)
[2026-07-31 13:47:13]  [行12] 解析成功: SHSE.688286 [敏芯股份] BUY @ 39.74 (VR:0.05)
[2026-07-31 13:47:13]  [行13] 解析成功: SHSE.688511 [天微电子] SELL @ 20.74 (VR:0.37)
[2026-07-31 13:47:13]  [行14] 解析成功: SHSE.688721 [龙图光罩] SELL @ 35.85 (VR:0.1)
[2026-07-31 13:47:13]  [行15] 解析成功: SHSE.688249 [晶合集成] BUY @ 37.99 (VR:0.22)
[2026-07-31 13:47:13]  [行16] 解析成功: SHSE.688138 [清溢光电] SELL @ 28.38 (VR:0.11)
[2026-07-31 13:47:13]  [行17] 解析成功: SZSE.300285 [国瓷材料] SELL @ 64.0 (VR:0.16)
[2026-07-31 13:47:13]  [行18] 解析成功: SZSE.301252 [同星科技] SELL @ 28.43 (VR:0.44)
[2026-07-31 13:47:13]  [行19] 解析成功: SZSE.301392 [汇成真空] SELL @ 129.36 (VR:0.89)
[2026-07-31 13:47:13]  [行20] 解析成功: SZSE.300088 [长信科技] SELL @ 6.77 (VR:0.24)
[2026-07-31 13:47:13]  [行21] 解析成功: SZSE.300661 [圣邦股份] SELL @ 97.09 (VR:0.49)
[2026-07-31 13:47:13]  [行22] 解析成功: SZSE.300780 [德恩精工] BUY @ 17.74 (VR:3.11)
[2026-07-31 13:47:14] 成功保存 22 条因子至: signal_batch_20260731_134714_015041.txt
[2026-07-31 13:47:14]  QQ-备用 邮件 3305 处理完成
[2026-07-31 13:47:14]  QQ-备用 本轮共成功处理 1 封有效信号邮件
[2026-07-31 13:47:49]  正在连接 QQ-主 邮箱服务器 (497720537@qq.com) ...
[2026-07-31 13:47:51]  正在连接 QQ-备用 邮箱服务器 (shouqianbadavid@qq.com) ...
[2026-07-31 13:48:27]  正在连接 QQ-主 邮箱服务器 (497720537@qq.com) ...
[2026-07-31 13:48:27]  正在连接 QQ-备用 邮箱服务器 (shouqianbadavid@qq.com) ...
[2026-07-31 13:49:03]  正在连接 QQ-主 邮箱服务器 (497720537@qq.com) ...
[2026-07-31 13:49:04]  正在连接 QQ-备用 邮箱服务器 (shouqianbadavid@qq.com) ...
[2026-07-31 13:49:39]  正在连接 QQ-主 邮箱服务器 (497720537@qq.com) ...
[2026-07-31 13:49:40]  正在连接 QQ-备用 邮箱服务器 (shouqianbadavid@qq.com) ...
[2026-07-31 13:50:16]  正在连接 QQ-主 邮箱服务器 (497720537@qq.com) ...
[2026-07-31 13:50:18]  QQ-主 正在解析因子: =?utf-8?b?QWxwaGFQaWxvdCDlrp7ml7bkv6Hlj7cgKGFscGhhX3NpZ25hbF90aHJfMjAyNjA3MzFfMTM0OS5qc29uKSBb5Li7UVEt5a+55aSWXQ==?=
[2026-07-31 13:50:18]  发现表格，共 27 行数据
[2026-07-31 13:50:18]  动态索引映射: ['股票代码', '股票名称', '信号', '当前价格', '量比', '来源过滤']
[2026-07-31 13:50:18]  [行1] 解析成功: SHSE.688110 [东芯股份] SELL @ 105.11 (VR:2.29)
[2026-07-31 13:50:18]  [行2] 解析成功: SHSE.688665 [四方光电] SELL @ 43.28 (VR:0.07)
[2026-07-31 13:50:18]  [行3] 解析成功: SHSE.688002 [睿创微纳] BUY @ 143.42 (VR:1.56)
[2026-07-31 13:50:18]  [行4] 解析成功: SHSE.688102 [斯瑞新材] BUY @ 28.21 (VR:0.98)
[2026-07-31 13:50:18]  [行5] 解析成功: SHSE.688521 [芯原股份] SELL @ 197.7 (VR:0.62)
[2026-07-31 13:50:18]  [行6] 解析成功: SHSE.688227 [品高股份] BUY @ 70.85 (VR:1.06)
[2026-07-31 13:50:18]  [行7] 解析成功: SZSE.300852 [四会富仕] SELL @ 37.61 (VR:4.6)
[2026-07-31 13:50:18]  [行8] 解析成功: SZSE.300689 [澄天伟业] SELL @ 43.5 (VR:2.28)
[2026-07-31 13:50:18]  [行9] 解析成功: SZSE.301045 [天禄科技] SELL @ 56.34 (VR:0.17)
[2026-07-31 13:50:18]  [行10] 解析成功: SZSE.300806 [斯迪克] SELL @ 42.85 (VR:0.1)
[2026-07-31 13:50:18]  [行11] 解析成功: SZSE.301013 [利和兴] SELL @ 40.21 (VR:0.39)
[2026-07-31 13:50:18]  [行12] 解析成功: SZSE.002718 [友邦吊顶] BUY @ 80.14 (VR:0.04)
[2026-07-31 13:50:18]  [行13] 解析成功: SZSE.001339 [智微智能] SELL @ 68.01 (VR:0.49)
[2026-07-31 13:50:18]  [行14] 解析成功: SHSE.688110 [东芯股份] SELL @ 105.03 (VR:0.89)
[2026-07-31 13:50:18]  [行15] 解析成功: SHSE.688665 [四方光电] SELL @ 43.28 (VR:0.07)
[2026-07-31 13:50:18]  [行16] 解析成功: SHSE.688002 [睿创微纳] BUY @ 143.5 (VR:0.47)
[2026-07-31 13:50:18]  [行17] 解析成功: SHSE.688102 [斯瑞新材] BUY @ 28.38 (VR:2.33)
[2026-07-31 13:50:18]  [行18] 解析成功: SHSE.688521 [芯原股份] SELL @ 197.5 (VR:0.36)
[2026-07-31 13:50:18]  [行19] 解析成功: SHSE.688227 [品高股份] BUY @ 70.95 (VR:0.87)
[2026-07-31 13:50:18]  [行20] 解析成功: SZSE.300852 [四会富仕] SELL @ 37.6 (VR:0.39)
[2026-07-31 13:50:18]  [行21] 解析成功: SZSE.300689 [澄天伟业] SELL @ 43.48 (VR:0.97)
[2026-07-31 13:50:18]  [行22] 解析成功: SZSE.301045 [天禄科技] SELL @ 56.3 (VR:0.38)
[2026-07-31 13:50:18]  [行23] 解析成功: SZSE.300806 [斯迪克] SELL @ 42.81 (VR:0.88)
[2026-07-31 13:50:18]  [行24] 解析成功: SZSE.300679 [电连技术] SELL @ 37.24 (VR:0.43)
[2026-07-31 13:50:18]  [行25] 解析成功: SZSE.301013 [利和兴] SELL @ 40.18 (VR:0.64)
[2026-07-31 13:50:18]  [行26] 解析成功: SZSE.002718 [友邦吊顶] BUY @ 80.17 (VR:0.08)
[2026-07-31 13:50:18]  [行27] 解析成功: SZSE.001339 [智微智能] SELL @ 68.0 (VR:0.16)
[2026-07-31 13:50:18] 成功保存 27 条因子至: signal_batch_20260731_135018_206856.txt
[2026-07-31 13:50:18]  QQ-主 邮件 5629 处理完成
[2026-07-31 13:50:18]  QQ-主 本轮共成功处理 1 封有效信号邮件
[2026-07-31 13:50:18]  正在连接 QQ-备用 邮箱服务器 (shouqianbadavid@qq.com) ...
[2026-07-31 13:50:54]  正在连接 QQ-主 邮箱服务器 (497720537@qq.com) ...
[2026-07-31 13:50:54]  正在连接 QQ-备用 邮箱服务器 (shouqianbadavid@qq.com) ...
[2026-07-31 13:51:30]  正在连接 QQ-主 邮箱服务器 (497720537@qq.com) ...
[2026-07-31 13:51:31]  正在连接 QQ-备用 邮箱服务器 (shouqianbadavid@qq.com) ...
[2026-07-31 13:52:06]  正在连接 QQ-主 邮箱服务器 (497720537@qq.com) ...
[2026-07-31 13:52:07]  正在连接 QQ-备用 邮箱服务器 (shouqianbadavid@qq.com) ...
[2026-07-31 13:52:08]  QQ-备用 正在解析因子: =?utf-8?b?QWxwaGFQaWxvdCDlpIfku73kv6Hlj7cgKGFscGhhX3NpZ25hbF90aHJfMjAyNjA3MzFfMTM0OS5qc29uKSBb5aSHUVEt6Ieq5L+dXQ==?=
[2026-07-31 13:52:08]  发现表格，共 27 行数据
[2026-07-31 13:52:08]  动态索引映射: ['股票代码', '股票名称', '信号', '当前价格', '量比', '来源过滤']
[2026-07-31 13:52:08]  [行1] 解析成功: SHSE.688110 [东芯股份] SELL @ 105.11 (VR:2.29)
[2026-07-31 13:52:08]  [行2] 解析成功: SHSE.688665 [四方光电] SELL @ 43.28 (VR:0.07)
[2026-07-31 13:52:08]  [行3] 解析成功: SHSE.688002 [睿创微纳] BUY @ 143.42 (VR:1.56)
[2026-07-31 13:52:08]  [行4] 解析成功: SHSE.688102 [斯瑞新材] BUY @ 28.21 (VR:0.98)
[2026-07-31 13:52:08]  [行5] 解析成功: SHSE.688521 [芯原股份] SELL @ 197.7 (VR:0.62)
[2026-07-31 13:52:08]  [行6] 解析成功: SHSE.688227 [品高股份] BUY @ 70.85 (VR:1.06)
[2026-07-31 13:52:08]  [行7] 解析成功: SZSE.300852 [四会富仕] SELL @ 37.61 (VR:4.6)
[2026-07-31 13:52:08]  [行8] 解析成功: SZSE.300689 [澄天伟业] SELL @ 43.5 (VR:2.28)
[2026-07-31 13:52:08]  [行9] 解析成功: SZSE.301045 [天禄科技] SELL @ 56.34 (VR:0.17)
[2026-07-31 13:52:08]  [行10] 解析成功: SZSE.300806 [斯迪克] SELL @ 42.85 (VR:0.1)
[2026-07-31 13:52:08]  [行11] 解析成功: SZSE.301013 [利和兴] SELL @ 40.21 (VR:0.39)
[2026-07-31 13:52:08]  [行12] 解析成功: SZSE.002718 [友邦吊顶] BUY @ 80.14 (VR:0.04)
[2026-07-31 13:52:08]  [行13] 解析成功: SZSE.001339 [智微智能] SELL @ 68.01 (VR:0.49)
[2026-07-31 13:52:08]  [行14] 解析成功: SHSE.688110 [东芯股份] SELL @ 105.03 (VR:0.89)
[2026-07-31 13:52:08]  [行15] 解析成功: SHSE.688665 [四方光电] SELL @ 43.28 (VR:0.07)
[2026-07-31 13:52:08]  [行16] 解析成功: SHSE.688002 [睿创微纳] BUY @ 143.5 (VR:0.47)
[2026-07-31 13:52:08]  [行17] 解析成功: SHSE.688102 [斯瑞新材] BUY @ 28.38 (VR:2.33)
[2026-07-31 13:52:08]  [行18] 解析成功: SHSE.688521 [芯原股份] SELL @ 197.5 (VR:0.36)
[2026-07-31 13:52:08]  [行19] 解析成功: SHSE.688227 [品高股份] BUY @ 70.95 (VR:0.87)
[2026-07-31 13:52:08]  [行20] 解析成功: SZSE.300852 [四会富仕] SELL @ 37.6 (VR:0.39)
[2026-07-31 13:52:08]  [行21] 解析成功: SZSE.300689 [澄天伟业] SELL @ 43.48 (VR:0.97)
[2026-07-31 13:52:08]  [行22] 解析成功: SZSE.301045 [天禄科技] SELL @ 56.3 (VR:0.38)
[2026-07-31 13:52:08]  [行23] 解析成功: SZSE.300806 [斯迪克] SELL @ 42.81 (VR:0.88)
[2026-07-31 13:52:08]  [行24] 解析成功: SZSE.300679 [电连技术] SELL @ 37.24 (VR:0.43)
[2026-07-31 13:52:08]  [行25] 解析成功: SZSE.301013 [利和兴] SELL @ 40.18 (VR:0.64)
[2026-07-31 13:52:08]  [行26] 解析成功: SZSE.002718 [友邦吊顶] BUY @ 80.17 (VR:0.08)
[2026-07-31 13:52:08]  [行27] 解析成功: SZSE.001339 [智微智能] SELL @ 68.0 (VR:0.16)
[2026-07-31 13:52:08] 成功保存 27 条因子至: signal_batch_20260731_135208_386874.txt
[2026-07-31 13:52:08]  QQ-备用 邮件 3306 处理完成
[2026-07-31 13:52:08]  QQ-备用 本轮共成功处理 1 封有效信号邮件
[2026-07-31 13:52:43]  正在连接 QQ-主 邮箱服务器 (497720537@qq.com) ...
[2026-07-31 13:52:44]  QQ-主 正在解析因子: =?utf-8?b?QWxwaGFQaWxvdCDlrp7ml7bkv6Hlj7cgKGFscGhhX3NpZ25hbF90aHJfMjAyNjA3MzFfMTM1Mi5qc29uKSBb5Li7UVEt5a+55aSWXQ==?=
[2026-07-31 13:52:44]  发现表格，共 13 行数据
[2026-07-31 13:52:44]  动态索引映射: ['股票代码', '股票名称', '信号', '当前价格', '量比', '来源过滤']
[2026-07-31 13:52:44]  [行1] 解析成功: SHSE.600353 [旭光电子] SELL @ 22.63 (VR:1.45)
[2026-07-31 13:52:44]  [行2] 解析成功: SHSE.601138 [工业富联] BUY @ 56.89 (VR:0.66)
[2026-07-31 13:52:44]  [行3] 解析成功: SZSE.300811 [铂力特] SELL @ 59.58 (VR:0.19)
[2026-07-31 13:52:44]  [行4] 解析成功: SZSE.301018 [申菱环境] BUY @ 71.33 (VR:0.43)
[2026-07-31 13:52:44]  [行5] 解析成功: SZSE.300739 [明阳电路] BUY @ 20.09 (VR:0.43)
[2026-07-31 13:52:44]  [行6] 解析成功: SZSE.300868 [杰美特] SELL @ 72.06 (VR:0.51)
[2026-07-31 13:52:44]  [行7] 解析成功: SHSE.600353 [旭光电子] SELL @ 22.61 (VR:1.61)
[2026-07-31 13:52:44]  [行8] 解析成功: SHSE.601138 [工业富联] BUY @ 56.9 (VR:0.52)
[2026-07-31 13:52:44]  [行9] 解析成功: SZSE.300811 [铂力特] SELL @ 59.52 (VR:1.33)
[2026-07-31 13:52:44]  [行10] 解析成功: SZSE.301018 [申菱环境] BUY @ 71.35 (VR:0.86)
[2026-07-31 13:52:44]  [行11] 解析成功: SZSE.300739 [明阳电路] BUY @ 20.1 (VR:0.19)
[2026-07-31 13:52:44]  [行12] 解析成功: SZSE.301419 [瑞可达] BUY @ 27.37 (VR:1.24)
[2026-07-31 13:52:44]  [行13] 解析成功: SZSE.300868 [杰美特] SELL @ 71.99 (VR:0.64)
[2026-07-31 13:52:44] 成功保存 13 条因子至: signal_batch_20260731_135244_282817.txt
[2026-07-31 13:52:44]  QQ-主 邮件 5630 处理完成
[2026-07-31 13:52:44]  QQ-主 本轮共成功处理 1 封有效信号邮件
[2026-07-31 13:52:44]  正在连接 QQ-备用 邮箱服务器 (shouqianbadavid@qq.com) ...
[2026-07-31 13:53:20]  正在连接 QQ-主 邮箱服务器 (497720537@qq.com) ...
[2026-07-31 13:53:20]  正在连接 QQ-备用 邮箱服务器 (shouqianbadavid@qq.com) ...
[2026-07-31 13:53:56]  正在连接 QQ-主 邮箱服务器 (497720537@qq.com) ...
[2026-07-31 13:53:56]  正在连接 QQ-备用 邮箱服务器 (shouqianbadavid@qq.com) ...
[2026-07-31 13:54:32]  正在连接 QQ-主 邮箱服务器 (497720537@qq.com) ...
[2026-07-31 13:54:33]  正在连接 QQ-备用 邮箱服务器 (shouqianbadavid@qq.com) ...
[2026-07-31 13:54:34]  QQ-备用 正在解析因子: =?utf-8?b?QWxwaGFQaWxvdCDlpIfku73kv6Hlj7cgKGFscGhhX3NpZ25hbF90aHJfMjAyNjA3MzFfMTM1Mi5qc29uKSBb5aSHUVEt6Ieq5L+dXQ==?=
[2026-07-31 13:54:34]  发现表格，共 13 行数据
[2026-07-31 13:54:34]  动态索引映射: ['股票代码', '股票名称', '信号', '当前价格', '量比', '来源过滤']
[2026-07-31 13:54:34]  [行1] 解析成功: SHSE.600353 [旭光电子] SELL @ 22.63 (VR:1.45)
[2026-07-31 13:54:34]  [行2] 解析成功: SHSE.601138 [工业富联] BUY @ 56.89 (VR:0.66)
[2026-07-31 13:54:34]  [行3] 解析成功: SZSE.300811 [铂力特] SELL @ 59.58 (VR:0.19)
[2026-07-31 13:54:34]  [行4] 解析成功: SZSE.301018 [申菱环境] BUY @ 71.33 (VR:0.43)
[2026-07-31 13:54:34]  [行5] 解析成功: SZSE.300739 [明阳电路] BUY @ 20.09 (VR:0.43)
[2026-07-31 13:54:34]  [行6] 解析成功: SZSE.300868 [杰美特] SELL @ 72.06 (VR:0.51)
[2026-07-31 13:54:34]  [行7] 解析成功: SHSE.600353 [旭光电子] SELL @ 22.61 (VR:1.61)
[2026-07-31 13:54:34]  [行8] 解析成功: SHSE.601138 [工业富联] BUY @ 56.9 (VR:0.52)
[2026-07-31 13:54:34]  [行9] 解析成功: SZSE.300811 [铂力特] SELL @ 59.52 (VR:1.33)
[2026-07-31 13:54:34]  [行10] 解析成功: SZSE.301018 [申菱环境] BUY @ 71.35 (VR:0.86)
[2026-07-31 13:54:34]  [行11] 解析成功: SZSE.300739 [明阳电路] BUY @ 20.1 (VR:0.19)
[2026-07-31 13:54:34]  [行12] 解析成功: SZSE.301419 [瑞可达] BUY @ 27.37 (VR:1.24)
[2026-07-31 13:54:34]  [行13] 解析成功: SZSE.300868 [杰美特] SELL @ 71.99 (VR:0.64)
[2026-07-31 13:54:34] 成功保存 13 条因子至: signal_batch_20260731_135434_295441.txt
[2026-07-31 13:54:34]  QQ-备用 邮件 3307 处理完成
[2026-07-31 13:54:34]  QQ-备用 本轮共成功处理 1 封有效信号邮件
[2026-07-31 13:55:09]  正在连接 QQ-主 邮箱服务器 (497720537@qq.com) ...
[2026-07-31 13:55:10]  正在连接 QQ-备用 邮箱服务器 (shouqianbadavid@qq.com) ...
[2026-07-31 13:55:46]  正在连接 QQ-主 邮箱服务器 (497720537@qq.com) ...
[2026-07-31 13:55:46]  正在连接 QQ-备用 邮箱服务器 (shouqianbadavid@qq.com) ...
[2026-07-31 13:56:22]  正在连接 QQ-主 邮箱服务器 (497720537@qq.com) ...
[2026-07-31 13:56:23]  QQ-主 正在解析因子: =?utf-8?b?QWxwaGFQaWxvdCDlrp7ml7bkv6Hlj7cgKGFscGhhX3NpZ25hbF90aHJfMjAyNjA3MzFfMTM1Ni5qc29uKSBb5Li7UVEt5a+55aSWXQ==?=
[2026-07-31 13:56:23]  发现表格，共 14 行数据
[2026-07-31 13:56:23]  动态索引映射: ['股票代码', '股票名称', '信号', '当前价格', '量比', '来源过滤']
[2026-07-31 13:56:23]  [行1] 解析成功: SHSE.603618 [杭电股份] SELL @ 22.92 (VR:0.05)
[2026-07-31 13:56:23]  [行2] 解析成功: SHSE.605111 [新洁能] BUY @ 49.75 (VR:0.11)
[2026-07-31 13:56:23]  [行3] 解析成功: SHSE.600460 [士兰微] SELL @ 28.85 (VR:0.59)
[2026-07-31 13:56:23]  [行4] 解析成功: SZSE.003031 [中瓷电子] BUY @ 96.53 (VR:0.14)
[2026-07-31 13:56:23]  [行5] 解析成功: SZSE.002643 [万润股份] BUY @ 12.94 (VR:1.58)
[2026-07-31 13:56:23]  [行6] 解析成功: SZSE.002937 [兴瑞科技] BUY @ 26.38 (VR:0.37)
[2026-07-31 13:56:23]  [行7] 解析成功: SZSE.000920 [沃顿科技] SELL @ 10.86 (VR:0.25)
[2026-07-31 13:56:23]  [行8] 解析成功: SHSE.603618 [杭电股份] SELL @ 22.9 (VR:0.05)
[2026-07-31 13:56:23]  [行9] 解析成功: SHSE.605111 [新洁能] BUY @ 49.76 (VR:0.06)
[2026-07-31 13:56:23]  [行10] 解析成功: SHSE.600259 [中稀有色] SELL @ 73.0 (VR:0.34)
[2026-07-31 13:56:23]  [行11] 解析成功: SHSE.600460 [士兰微] SELL @ 28.85 (VR:0.16)
[2026-07-31 13:56:23]  [行12] 解析成功: SZSE.003031 [中瓷电子] BUY @ 96.61 (VR:0.22)
[2026-07-31 13:56:23]  [行13] 解析成功: SZSE.002643 [万润股份] BUY @ 12.98 (VR:1.93)
[2026-07-31 13:56:23]  [行14] 解析成功: SZSE.002937 [兴瑞科技] BUY @ 26.4 (VR:0.73)
[2026-07-31 13:56:23] 成功保存 14 条因子至: signal_batch_20260731_135623_059072.txt
[2026-07-31 13:56:23]  QQ-主 邮件 5631 处理完成
[2026-07-31 13:56:23]  QQ-主 本轮共成功处理 1 封有效信号邮件
[2026-07-31 13:56:23]  正在连接 QQ-备用 邮箱服务器 (shouqianbadavid@qq.com) ...
[2026-07-31 13:56:58]  正在连接 QQ-主 邮箱服务器 (497720537@qq.com) ...
[2026-07-31 13:56:59]  正在连接 QQ-备用 邮箱服务器 (shouqianbadavid@qq.com) ...
[2026-07-31 13:57:00]  QQ-备用 正在解析因子: =?utf-8?b?QWxwaGFQaWxvdCDlpIfku73kv6Hlj7cgKGFscGhhX3NpZ25hbF90aHJfMjAyNjA3MzFfMTM1Ni5qc29uKSBb5aSHUVEt6Ieq5L+dXQ==?=
[2026-07-31 13:57:00]  发现表格，共 14 行数据
[2026-07-31 13:57:00]  动态索引映射: ['股票代码', '股票名称', '信号', '当前价格', '量比', '来源过滤']
[2026-07-31 13:57:00]  [行1] 解析成功: SHSE.603618 [杭电股份] SELL @ 22.92 (VR:0.05)
[2026-07-31 13:57:00]  [行2] 解析成功: SHSE.605111 [新洁能] BUY @ 49.75 (VR:0.11)
[2026-07-31 13:57:00]  [行3] 解析成功: SHSE.600460 [士兰微] SELL @ 28.85 (VR:0.59)
[2026-07-31 13:57:00]  [行4] 解析成功: SZSE.003031 [中瓷电子] BUY @ 96.53 (VR:0.14)
[2026-07-31 13:57:00]  [行5] 解析成功: SZSE.002643 [万润股份] BUY @ 12.94 (VR:1.58)
[2026-07-31 13:57:00]  [行6] 解析成功: SZSE.002937 [兴瑞科技] BUY @ 26.38 (VR:0.37)
[2026-07-31 13:57:00]  [行7] 解析成功: SZSE.000920 [沃顿科技] SELL @ 10.86 (VR:0.25)
[2026-07-31 13:57:00]  [行8] 解析成功: SHSE.603618 [杭电股份] SELL @ 22.9 (VR:0.05)
[2026-07-31 13:57:00]  [行9] 解析成功: SHSE.605111 [新洁能] BUY @ 49.76 (VR:0.06)
[2026-07-31 13:57:00]  [行10] 解析成功: SHSE.600259 [中稀有色] SELL @ 73.0 (VR:0.34)
[2026-07-31 13:57:00]  [行11] 解析成功: SHSE.600460 [士兰微] SELL @ 28.85 (VR:0.16)
[2026-07-31 13:57:00]  [行12] 解析成功: SZSE.003031 [中瓷电子] BUY @ 96.61 (VR:0.22)
[2026-07-31 13:57:00]  [行13] 解析成功: SZSE.002643 [万润股份] BUY @ 12.98 (VR:1.93)
[2026-07-31 13:57:00]  [行14] 解析成功: SZSE.002937 [兴瑞科技] BUY @ 26.4 (VR:0.73)
[2026-07-31 13:57:00] 成功保存 14 条因子至: signal_batch_20260731_135700_289501.txt
[2026-07-31 13:57:00]  QQ-备用 邮件 3308 处理完成
[2026-07-31 13:57:00]  QQ-备用 本轮共成功处理 1 封有效信号邮件
[2026-07-31 13:57:35]  正在连接 QQ-主 邮箱服务器 (497720537@qq.com) ...
[2026-07-31 13:57:37]  正在连接 QQ-备用 邮箱服务器 (shouqianbadavid@qq.com) ...
[2026-07-31 13:58:12]  正在连接 QQ-主 邮箱服务器 (497720537@qq.com) ...
[2026-07-31 13:58:13]  正在连接 QQ-备用 邮箱服务器 (shouqianbadavid@qq.com) ...
[2026-07-31 13:58:48]  正在连接 QQ-主 邮箱服务器 (497720537@qq.com) ...
[2026-07-31 13:58:49]  正在连接 QQ-备用 邮箱服务器 (shouqianbadavid@qq.com) ...
[2026-07-31 13:59:24]  正在连接 QQ-主 邮箱服务器 (497720537@qq.com) ...
[2026-07-31 13:59:25]  正在连接 QQ-备用 邮箱服务器 (shouqianbadavid@qq.com) ...
[2026-07-31 14:00:01]  正在连接 QQ-主 邮箱服务器 (497720537@qq.com) ...
[2026-07-31 14:00:02]  QQ-主 正在解析因子: =?utf-8?b?QWxwaGFQaWxvdCDlrp7ml7bkv6Hlj7cgKGFscGhhX3NpZ25hbF90aHJfMjAyNjA3MzFfMTM1OS5qc29uKSBb5Li7UVEt5a+55aSWXQ==?=
[2026-07-31 14:00:02]  发现表格，共 25 行数据
[2026-07-31 14:00:02]  动态索引映射: ['股票代码', '股票名称', '信号', '当前价格', '量比', '来源过滤']
[2026-07-31 14:00:02]  [行1] 解析成功: SHSE.688019 [安集科技] SELL @ 244.87 (VR:0.35)
[2026-07-31 14:00:02]  [行2] 解析成功: SHSE.688261 [东微半导] SELL @ 66.2 (VR:0.5)
[2026-07-31 14:00:02]  [行3] 解析成功: SHSE.688199 [久日新材] SELL @ 20.68 (VR:0.25)
[2026-07-31 14:00:02]  [行4] 解析成功: SZSE.300136 [信维通信] SELL @ 59.2 (VR:1.78)
[2026-07-31 14:00:02]  [行5] 解析成功: SZSE.300821 [东岳硅材] SELL @ 14.54 (VR:0.24)
[2026-07-31 14:00:02]  [行6] 解析成功: SZSE.300236 [上海新阳] SELL @ 85.8 (VR:0.71)
[2026-07-31 14:00:02]  [行7] 解析成功: SZSE.300057 [万顺新材] SELL @ 6.14 (VR:0.09)
[2026-07-31 14:00:02]  [行8] 解析成功: SZSE.300162 [雷曼光电] SELL @ 7.3 (VR:0.61)
[2026-07-31 14:00:02]  [行9] 解析成功: SZSE.300767 [震安科技] SELL @ 15.94 (VR:0.86)
[2026-07-31 14:00:02]  [行10] 解析成功: SZSE.301178 [天亿马] SELL @ 31.83 (VR:6.79)
[2026-07-31 14:00:02]  [行11] 解析成功: SZSE.300184 [力源信息] SELL @ 11.68 (VR:0.01)
[2026-07-31 14:00:02]  [行12] 解析成功: SZSE.002158 [汉钟精机] SELL @ 25.78 (VR:0.04)
[2026-07-31 14:00:02]  [行13] 解析成功: SZSE.002635 [安洁科技] SELL @ 13.4 (VR:0.5)
[2026-07-31 14:00:02]  [行14] 解析成功: SHSE.688261 [东微半导] SELL @ 66.18 (VR:0.1)
[2026-07-31 14:00:02]  [行15] 解析成功: SHSE.688199 [久日新材] SELL @ 20.66 (VR:3.61)
[2026-07-31 14:00:02]  [行16] 解析成功: SZSE.300136 [信维通信] SELL @ 58.98 (VR:2.9)
[2026-07-31 14:00:02]  [行17] 解析成功: SZSE.300821 [东岳硅材] SELL @ 14.51 (VR:0.61)
[2026-07-31 14:00:02]  [行18] 解析成功: SZSE.300236 [上海新阳] SELL @ 85.6 (VR:0.86)
[2026-07-31 14:00:02]  [行19] 解析成功: SZSE.300057 [万顺新材] SELL @ 6.13 (VR:0.46)
[2026-07-31 14:00:02]  [行20] 解析成功: SZSE.300162 [雷曼光电] SELL @ 7.28 (VR:2.06)
[2026-07-31 14:00:02]  [行21] 解析成功: SZSE.300767 [震安科技] SELL @ 15.91 (VR:0.97)
[2026-07-31 14:00:02]  [行22] 解析成功: SZSE.301178 [天亿马] SELL @ 31.83 (VR:0.78)
[2026-07-31 14:00:02]  [行23] 解析成功: SZSE.300184 [力源信息] SELL @ 11.67 (VR:0.11)
[2026-07-31 14:00:02]  [行24] 解析成功: SZSE.002158 [汉钟精机] SELL @ 25.76 (VR:0.03)
[2026-07-31 14:00:02]  [行25] 解析成功: SZSE.002635 [安洁科技] SELL @ 13.41 (VR:0.0)
[2026-07-31 14:00:02] 成功保存 25 条因子至: signal_batch_20260731_140002_703845.txt
[2026-07-31 14:00:02]  QQ-主 邮件 5632 处理完成
[2026-07-31 14:00:02]  QQ-主 本轮共成功处理 1 封有效信号邮件
[2026-07-31 14:00:02]  正在连接 QQ-备用 邮箱服务器 (shouqianbadavid@qq.com) ...
[2026-07-31 14:00:38]  正在连接 QQ-主 邮箱服务器 (497720537@qq.com) ...
[2026-07-31 14:00:39]  正在连接 QQ-备用 邮箱服务器 (shouqianbadavid@qq.com) ...
[2026-07-31 14:01:14]  正在连接 QQ-主 邮箱服务器 (497720537@qq.com) ...
[2026-07-31 14:01:15]  正在连接 QQ-备用 邮箱服务器 (shouqianbadavid@qq.com) ...
[2026-07-31 14:01:51]  正在连接 QQ-主 邮箱服务器 (497720537@qq.com) ...
[2026-07-31 14:01:52]  正在连接 QQ-备用 邮箱服务器 (shouqianbadavid@qq.com) ...
[2026-07-31 14:01:53]  QQ-备用 正在解析因子: =?utf-8?b?QWxwaGFQaWxvdCDlpIfku73kv6Hlj7cgKGFscGhhX3NpZ25hbF90aHJfMjAyNjA3MzFfMTM1OS5qc29uKSBb5aSHUVEt6Ieq5L+dXQ==?=
[2026-07-31 14:01:53]  发现表格，共 25 行数据
[2026-07-31 14:01:53]  动态索引映射: ['股票代码', '股票名称', '信号', '当前价格', '量比', '来源过滤']
[2026-07-31 14:01:53]  [行1] 解析成功: SHSE.688019 [安集科技] SELL @ 244.87 (VR:0.35)
[2026-07-31 14:01:53]  [行2] 解析成功: SHSE.688261 [东微半导] SELL @ 66.2 (VR:0.5)
[2026-07-31 14:01:53]  [行3] 解析成功: SHSE.688199 [久日新材] SELL @ 20.68 (VR:0.25)
[2026-07-31 14:01:53]  [行4] 解析成功: SZSE.300136 [信维通信] SELL @ 59.2 (VR:1.78)
[2026-07-31 14:01:53]  [行5] 解析成功: SZSE.300821 [东岳硅材] SELL @ 14.54 (VR:0.24)
[2026-07-31 14:01:53]  [行6] 解析成功: SZSE.300236 [上海新阳] SELL @ 85.8 (VR:0.71)
[2026-07-31 14:01:53]  [行7] 解析成功: SZSE.300057 [万顺新材] SELL @ 6.14 (VR:0.09)
[2026-07-31 14:01:53]  [行8] 解析成功: SZSE.300162 [雷曼光电] SELL @ 7.3 (VR:0.61)
[2026-07-31 14:01:53]  [行9] 解析成功: SZSE.300767 [震安科技] SELL @ 15.94 (VR:0.86)
[2026-07-31 14:01:53]  [行10] 解析成功: SZSE.301178 [天亿马] SELL @ 31.83 (VR:6.79)
[2026-07-31 14:01:53]  [行11] 解析成功: SZSE.300184 [力源信息] SELL @ 11.68 (VR:0.01)
[2026-07-31 14:01:53]  [行12] 解析成功: SZSE.002158 [汉钟精机] SELL @ 25.78 (VR:0.04)
[2026-07-31 14:01:53]  [行13] 解析成功: SZSE.002635 [安洁科技] SELL @ 13.4 (VR:0.5)
[2026-07-31 14:01:53]  [行14] 解析成功: SHSE.688261 [东微半导] SELL @ 66.18 (VR:0.1)
[2026-07-31 14:01:53]  [行15] 解析成功: SHSE.688199 [久日新材] SELL @ 20.66 (VR:3.61)
[2026-07-31 14:01:53]  [行16] 解析成功: SZSE.300136 [信维通信] SELL @ 58.98 (VR:2.9)
[2026-07-31 14:01:53]  [行17] 解析成功: SZSE.300821 [东岳硅材] SELL @ 14.51 (VR:0.61)
[2026-07-31 14:01:53]  [行18] 解析成功: SZSE.300236 [上海新阳] SELL @ 85.6 (VR:0.86)
[2026-07-31 14:01:53]  [行19] 解析成功: SZSE.300057 [万顺新材] SELL @ 6.13 (VR:0.46)
[2026-07-31 14:01:53]  [行20] 解析成功: SZSE.300162 [雷曼光电] SELL @ 7.28 (VR:2.06)
[2026-07-31 14:01:53]  [行21] 解析成功: SZSE.300767 [震安科技] SELL @ 15.91 (VR:0.97)
[2026-07-31 14:01:53]  [行22] 解析成功: SZSE.301178 [天亿马] SELL @ 31.83 (VR:0.78)
[2026-07-31 14:01:53]  [行23] 解析成功: SZSE.300184 [力源信息] SELL @ 11.67 (VR:0.11)
[2026-07-31 14:01:53]  [行24] 解析成功: SZSE.002158 [汉钟精机] SELL @ 25.76 (VR:0.03)
[2026-07-31 14:01:53]  [行25] 解析成功: SZSE.002635 [安洁科技] SELL @ 13.41 (VR:0.0)
[2026-07-31 14:01:53] 成功保存 25 条因子至: signal_batch_20260731_140153_287832.txt
[2026-07-31 14:01:53]  QQ-备用 邮件 3309 处理完成
[2026-07-31 14:01:53]  QQ-备用 本轮共成功处理 1 封有效信号邮件
[2026-07-31 14:02:28]  正在连接 QQ-主 邮箱服务器 (497720537@qq.com) ...
[2026-07-31 14:02:29]  正在连接 QQ-备用 邮箱服务器 (shouqianbadavid@qq.com) ...
[2026-07-31 14:03:05]  正在连接 QQ-主 邮箱服务器 (497720537@qq.com) ...
[2026-07-31 14:03:05]  QQ-主 正在解析因子: =?utf-8?b?QWxwaGFQaWxvdCDlrp7ml7bkv6Hlj7cgKGFscGhhX3NpZ25hbF90aHJfMjAyNjA3MzFfMTQwMi5qc29uKSBb5Li7UVEt5a+55aSWXQ==?=
[2026-07-31 14:03:05]  发现表格，共 21 行数据
[2026-07-31 14:03:05]  动态索引映射: ['股票代码', '股票名称', '信号', '当前价格', '量比', '来源过滤']
[2026-07-31 14:03:05]  [行1] 解析成功: SHSE.688286 [敏芯股份] BUY @ 39.6 (VR:0.49)
[2026-07-31 14:03:05]  [行2] 解析成功: SHSE.688511 [天微电子] SELL @ 20.75 (VR:0.34)
[2026-07-31 14:03:05]  [行3] 解析成功: SHSE.688216 [气派科技] BUY @ 25.69 (VR:0.24)
[2026-07-31 14:03:05]  [行4] 解析成功: SHSE.688721 [龙图光罩] BUY @ 35.83 (VR:0.8)
[2026-07-31 14:03:05]  [行5] 解析成功: SHSE.688249 [晶合集成] BUY @ 37.8 (VR:0.55)
[2026-07-31 14:03:05]  [行6] 解析成功: SHSE.688138 [清溢光电] BUY @ 28.27 (VR:0.14)
[2026-07-31 14:03:05]  [行7] 解析成功: SZSE.301252 [同星科技] BUY @ 28.33 (VR:0.41)
[2026-07-31 14:03:05]  [行8] 解析成功: SZSE.301392 [汇成真空] SELL @ 129.08 (VR:0.25)
[2026-07-31 14:03:05]  [行9] 解析成功: SZSE.300214 [日科化学] SELL @ 11.82 (VR:0.34)
[2026-07-31 14:03:05]  [行10] 解析成功: SZSE.300088 [长信科技] SELL @ 6.77 (VR:0.8)
[2026-07-31 14:03:05]  [行11] 解析成功: SZSE.300661 [圣邦股份] BUY @ 97.27 (VR:0.15)
[2026-07-31 14:03:05]  [行12] 解析成功: SZSE.300780 [德恩精工] BUY @ 17.74 (VR:0.54)
[2026-07-31 14:03:05]  [行13] 解析成功: SHSE.688286 [敏芯股份] BUY @ 39.63 (VR:0.52)
[2026-07-31 14:03:05]  [行14] 解析成功: SHSE.688216 [气派科技] BUY @ 25.74 (VR:0.31)
[2026-07-31 14:03:05]  [行15] 解析成功: SHSE.688721 [龙图光罩] BUY @ 35.89 (VR:1.24)
[2026-07-31 14:03:05]  [行16] 解析成功: SHSE.688249 [晶合集成] BUY @ 37.88 (VR:0.74)
[2026-07-31 14:03:05]  [行17] 解析成功: SHSE.688138 [清溢光电] BUY @ 28.29 (VR:2.13)
[2026-07-31 14:03:05]  [行18] 解析成功: SZSE.301252 [同星科技] BUY @ 28.4 (VR:0.6)
[2026-07-31 14:03:05]  [行19] 解析成功: SZSE.301392 [汇成真空] SELL @ 129.03 (VR:1.22)
[2026-07-31 14:03:05]  [行20] 解析成功: SZSE.300661 [圣邦股份] BUY @ 97.67 (VR:0.02)
[2026-07-31 14:03:05]  [行21] 解析成功: SZSE.300780 [德恩精工] BUY @ 17.77 (VR:0.36)
[2026-07-31 14:03:05] 成功保存 21 条因子至: signal_batch_20260731_140305_786223.txt
[2026-07-31 14:03:05]  QQ-主 邮件 5633 处理完成
[2026-07-31 14:03:05]  QQ-主 本轮共成功处理 1 封有效信号邮件
[2026-07-31 14:03:06]  正在连接 QQ-备用 邮箱服务器 (shouqianbadavid@qq.com) ...
[2026-07-31 14:03:41]  正在连接 QQ-主 邮箱服务器 (497720537@qq.com) ...
[2026-07-31 14:03:42]  正在连接 QQ-备用 邮箱服务器 (shouqianbadavid@qq.com) ...
[2026-07-31 14:04:17]  正在连接 QQ-主 邮箱服务器 (497720537@qq.com) ...
[2026-07-31 14:04:17]  正在连接 QQ-备用 邮箱服务器 (shouqianbadavid@qq.com) ...
[2026-07-31 14:04:18]  QQ-备用 正在解析因子: =?utf-8?b?QWxwaGFQaWxvdCDlpIfku73kv6Hlj7cgKGFscGhhX3NpZ25hbF90aHJfMjAyNjA3MzFfMTQwMi5qc29uKSBb5aSHUVEt6Ieq5L+dXQ==?=
[2026-07-31 14:04:18]  发现表格，共 21 行数据
[2026-07-31 14:04:18]  动态索引映射: ['股票代码', '股票名称', '信号', '当前价格', '量比', '来源过滤']
[2026-07-31 14:04:18]  [行1] 解析成功: SHSE.688286 [敏芯股份] BUY @ 39.6 (VR:0.49)
[2026-07-31 14:04:18]  [行2] 解析成功: SHSE.688511 [天微电子] SELL @ 20.75 (VR:0.34)
[2026-07-31 14:04:18]  [行3] 解析成功: SHSE.688216 [气派科技] BUY @ 25.69 (VR:0.24)
[2026-07-31 14:04:18]  [行4] 解析成功: SHSE.688721 [龙图光罩] BUY @ 35.83 (VR:0.8)
[2026-07-31 14:04:18]  [行5] 解析成功: SHSE.688249 [晶合集成] BUY @ 37.8 (VR:0.55)
[2026-07-31 14:04:18]  [行6] 解析成功: SHSE.688138 [清溢光电] BUY @ 28.27 (VR:0.14)
[2026-07-31 14:04:18]  [行7] 解析成功: SZSE.301252 [同星科技] BUY @ 28.33 (VR:0.41)
[2026-07-31 14:04:18]  [行8] 解析成功: SZSE.301392 [汇成真空] SELL @ 129.08 (VR:0.25)
[2026-07-31 14:04:18]  [行9] 解析成功: SZSE.300214 [日科化学] SELL @ 11.82 (VR:0.34)
[2026-07-31 14:04:18]  [行10] 解析成功: SZSE.300088 [长信科技] SELL @ 6.77 (VR:0.8)
[2026-07-31 14:04:18]  [行11] 解析成功: SZSE.300661 [圣邦股份] BUY @ 97.27 (VR:0.15)
[2026-07-31 14:04:18]  [行12] 解析成功: SZSE.300780 [德恩精工] BUY @ 17.74 (VR:0.54)
[2026-07-31 14:04:18]  [行13] 解析成功: SHSE.688286 [敏芯股份] BUY @ 39.63 (VR:0.52)
[2026-07-31 14:04:18]  [行14] 解析成功: SHSE.688216 [气派科技] BUY @ 25.74 (VR:0.31)
[2026-07-31 14:04:18]  [行15] 解析成功: SHSE.688721 [龙图光罩] BUY @ 35.89 (VR:1.24)
[2026-07-31 14:04:18]  [行16] 解析成功: SHSE.688249 [晶合集成] BUY @ 37.88 (VR:0.74)
[2026-07-31 14:04:18]  [行17] 解析成功: SHSE.688138 [清溢光电] BUY @ 28.29 (VR:2.13)
[2026-07-31 14:04:18]  [行18] 解析成功: SZSE.301252 [同星科技] BUY @ 28.4 (VR:0.6)
[2026-07-31 14:04:18]  [行19] 解析成功: SZSE.301392 [汇成真空] SELL @ 129.03 (VR:1.22)
[2026-07-31 14:04:18]  [行20] 解析成功: SZSE.300661 [圣邦股份] BUY @ 97.67 (VR:0.02)
[2026-07-31 14:04:18]  [行21] 解析成功: SZSE.300780 [德恩精工] BUY @ 17.77 (VR:0.36)
[2026-07-31 14:04:18] 成功保存 21 条因子至: signal_batch_20260731_140418_812294.txt
[2026-07-31 14:04:18]  QQ-备用 邮件 3310 处理完成
[2026-07-31 14:04:18]  QQ-备用 本轮共成功处理 1 封有效信号邮件
[2026-07-31 14:04:54]  正在连接 QQ-主 邮箱服务器 (497720537@qq.com) ...
[2026-07-31 14:04:55]  正在连接 QQ-备用 邮箱服务器 (shouqianbadavid@qq.com) ...
[2026-07-31 14:05:31]  正在连接 QQ-主 邮箱服务器 (497720537@qq.com) ...
[2026-07-31 14:05:32]  正在连接 QQ-备用 邮箱服务器 (shouqianbadavid@qq.com) ...
[2026-07-31 14:06:08]  正在连接 QQ-主 邮箱服务器 (497720537@qq.com) ...
[2026-07-31 14:06:08]  QQ-主 正在解析因子: =?utf-8?b?QWxwaGFQaWxvdCDlrp7ml7bkv6Hlj7cgKGFscGhhX3NpZ25hbF90aHJfMjAyNjA3MzFfMTQwNS5qc29uKSBb5Li7UVEt5a+55aSWXQ==?=
[2026-07-31 14:06:08]  发现表格，共 29 行数据
[2026-07-31 14:06:08]  动态索引映射: ['股票代码', '股票名称', '信号', '当前价格', '量比', '来源过滤']
[2026-07-31 14:06:08]  [行1] 解析成功: SHSE.688110 [东芯股份] SELL @ 104.72 (VR:0.77)
[2026-07-31 14:06:08]  [行2] 解析成功: SHSE.688665 [四方光电] SELL @ 43.11 (VR:0.24)
[2026-07-31 14:06:08]  [行3] 解析成功: SHSE.688002 [睿创微纳] BUY @ 143.32 (VR:0.29)
[2026-07-31 14:06:08]  [行4] 解析成功: SHSE.688102 [斯瑞新材] BUY @ 28.21 (VR:0.04)
[2026-07-31 14:06:08]  [行5] 解析成功: SHSE.688521 [芯原股份] BUY @ 196.7 (VR:0.17)
[2026-07-31 14:06:08]  [行6] 解析成功: SHSE.688227 [品高股份] BUY @ 70.47 (VR:0.49)
[2026-07-31 14:06:08]  [行7] 解析成功: SZSE.300852 [四会富仕] BUY @ 37.54 (VR:1.32)
[2026-07-31 14:06:08]  [行8] 解析成功: SZSE.300689 [澄天伟业] BUY @ 43.44 (VR:0.62)
[2026-07-31 14:06:08]  [行9] 解析成功: SZSE.301045 [天禄科技] BUY @ 55.74 (VR:0.2)
[2026-07-31 14:06:08]  [行10] 解析成功: SZSE.300806 [斯迪克] BUY @ 42.68 (VR:1.08)
[2026-07-31 14:06:08]  [行11] 解析成功: SZSE.300679 [电连技术] BUY @ 37.17 (VR:1.01)
[2026-07-31 14:06:08]  [行12] 解析成功: SZSE.300790 [宇瞳光学] BUY @ 16.79 (VR:1.33)
[2026-07-31 14:06:08]  [行13] 解析成功: SZSE.002718 [友邦吊顶] BUY @ 80.31 (VR:0.33)
[2026-07-31 14:06:08]  [行14] 解析成功: SZSE.001339 [智微智能] SELL @ 68.11 (VR:0.11)
[2026-07-31 14:06:08]  [行15] 解析成功: SHSE.688110 [东芯股份] SELL @ 104.65 (VR:0.03)
[2026-07-31 14:06:08]  [行16] 解析成功: SHSE.688665 [四方光电] SELL @ 43.11 (VR:0.24)
[2026-07-31 14:06:08]  [行17] 解析成功: SHSE.688002 [睿创微纳] BUY @ 143.45 (VR:0.03)
[2026-07-31 14:06:08]  [行18] 解析成功: SHSE.688102 [斯瑞新材] BUY @ 28.24 (VR:0.52)
[2026-07-31 14:06:08]  [行19] 解析成功: SHSE.688521 [芯原股份] BUY @ 197.21 (VR:0.07)
[2026-07-31 14:06:08]  [行20] 解析成功: SHSE.688227 [品高股份] BUY @ 70.62 (VR:0.35)
[2026-07-31 14:06:08]  [行21] 解析成功: SZSE.300852 [四会富仕] BUY @ 37.55 (VR:0.15)
[2026-07-31 14:06:08]  [行22] 解析成功: SZSE.300689 [澄天伟业] BUY @ 43.48 (VR:0.14)
[2026-07-31 14:06:08]  [行23] 解析成功: SZSE.301045 [天禄科技] BUY @ 55.85 (VR:0.19)
[2026-07-31 14:06:08]  [行24] 解析成功: SZSE.300806 [斯迪克] BUY @ 42.7 (VR:0.19)
[2026-07-31 14:06:08]  [行25] 解析成功: SZSE.300679 [电连技术] BUY @ 37.2 (VR:0.23)
[2026-07-31 14:06:08]  [行26] 解析成功: SZSE.301013 [利和兴] SELL @ 39.83 (VR:1.09)
[2026-07-31 14:06:08]  [行27] 解析成功: SZSE.300790 [宇瞳光学] BUY @ 16.8 (VR:0.11)
[2026-07-31 14:06:08]  [行28] 解析成功: SZSE.002718 [友邦吊顶] BUY @ 80.45 (VR:0.61)
[2026-07-31 14:06:08]  [行29] 解析成功: SZSE.001339 [智微智能] SELL @ 68.06 (VR:1.6)
[2026-07-31 14:06:08] 成功保存 29 条因子至: signal_batch_20260731_140608_802265.txt
[2026-07-31 14:06:08]  QQ-主 邮件 5634 处理完成
[2026-07-31 14:06:08]  QQ-主 本轮共成功处理 1 封有效信号邮件
[2026-07-31 14:06:09]  正在连接 QQ-备用 邮箱服务器 (shouqianbadavid@qq.com) ...
[2026-07-31 14:06:44]  正在连接 QQ-主 邮箱服务器 (497720537@qq.com) ...
[2026-07-31 14:06:45]  正在连接 QQ-备用 邮箱服务器 (shouqianbadavid@qq.com) ...
[2026-07-31 14:06:46]  QQ-备用 正在解析因子: =?utf-8?b?QWxwaGFQaWxvdCDlpIfku73kv6Hlj7cgKGFscGhhX3NpZ25hbF90aHJfMjAyNjA3MzFfMTQwNS5qc29uKSBb5aSHUVEt6Ieq5L+dXQ==?=
[2026-07-31 14:06:46]  发现表格，共 29 行数据
[2026-07-31 14:06:46]  动态索引映射: ['股票代码', '股票名称', '信号', '当前价格', '量比', '来源过滤']
[2026-07-31 14:06:46]  [行1] 解析成功: SHSE.688110 [东芯股份] SELL @ 104.72 (VR:0.77)
[2026-07-31 14:06:46]  [行2] 解析成功: SHSE.688665 [四方光电] SELL @ 43.11 (VR:0.24)
[2026-07-31 14:06:46]  [行3] 解析成功: SHSE.688002 [睿创微纳] BUY @ 143.32 (VR:0.29)
[2026-07-31 14:06:46]  [行4] 解析成功: SHSE.688102 [斯瑞新材] BUY @ 28.21 (VR:0.04)
[2026-07-31 14:06:46]  [行5] 解析成功: SHSE.688521 [芯原股份] BUY @ 196.7 (VR:0.17)
[2026-07-31 14:06:46]  [行6] 解析成功: SHSE.688227 [品高股份] BUY @ 70.47 (VR:0.49)
[2026-07-31 14:06:46]  [行7] 解析成功: SZSE.300852 [四会富仕] BUY @ 37.54 (VR:1.32)
[2026-07-31 14:06:46]  [行8] 解析成功: SZSE.300689 [澄天伟业] BUY @ 43.44 (VR:0.62)
[2026-07-31 14:06:46]  [行9] 解析成功: SZSE.301045 [天禄科技] BUY @ 55.74 (VR:0.2)
[2026-07-31 14:06:46]  [行10] 解析成功: SZSE.300806 [斯迪克] BUY @ 42.68 (VR:1.08)
[2026-07-31 14:06:46]  [行11] 解析成功: SZSE.300679 [电连技术] BUY @ 37.17 (VR:1.01)
[2026-07-31 14:06:46]  [行12] 解析成功: SZSE.300790 [宇瞳光学] BUY @ 16.79 (VR:1.33)
[2026-07-31 14:06:46]  [行13] 解析成功: SZSE.002718 [友邦吊顶] BUY @ 80.31 (VR:0.33)
[2026-07-31 14:06:46]  [行14] 解析成功: SZSE.001339 [智微智能] SELL @ 68.11 (VR:0.11)
[2026-07-31 14:06:46]  [行15] 解析成功: SHSE.688110 [东芯股份] SELL @ 104.65 (VR:0.03)
[2026-07-31 14:06:46]  [行16] 解析成功: SHSE.688665 [四方光电] SELL @ 43.11 (VR:0.24)
[2026-07-31 14:06:46]  [行17] 解析成功: SHSE.688002 [睿创微纳] BUY @ 143.45 (VR:0.03)
[2026-07-31 14:06:46]  [行18] 解析成功: SHSE.688102 [斯瑞新材] BUY @ 28.24 (VR:0.52)
[2026-07-31 14:06:46]  [行19] 解析成功: SHSE.688521 [芯原股份] BUY @ 197.21 (VR:0.07)
[2026-07-31 14:06:46]  [行20] 解析成功: SHSE.688227 [品高股份] BUY @ 70.62 (VR:0.35)
[2026-07-31 14:06:46]  [行21] 解析成功: SZSE.300852 [四会富仕] BUY @ 37.55 (VR:0.15)
[2026-07-31 14:06:46]  [行22] 解析成功: SZSE.300689 [澄天伟业] BUY @ 43.48 (VR:0.14)
[2026-07-31 14:06:46]  [行23] 解析成功: SZSE.301045 [天禄科技] BUY @ 55.85 (VR:0.19)
[2026-07-31 14:06:46]  [行24] 解析成功: SZSE.300806 [斯迪克] BUY @ 42.7 (VR:0.19)
[2026-07-31 14:06:46]  [行25] 解析成功: SZSE.300679 [电连技术] BUY @ 37.2 (VR:0.23)
[2026-07-31 14:06:46]  [行26] 解析成功: SZSE.301013 [利和兴] SELL @ 39.83 (VR:1.09)
[2026-07-31 14:06:46]  [行27] 解析成功: SZSE.300790 [宇瞳光学] BUY @ 16.8 (VR:0.11)
[2026-07-31 14:06:46]  [行28] 解析成功: SZSE.002718 [友邦吊顶] BUY @ 80.45 (VR:0.61)
[2026-07-31 14:06:46]  [行29] 解析成功: SZSE.001339 [智微智能] SELL @ 68.06 (VR:1.6)
[2026-07-31 14:06:46] 成功保存 29 条因子至: signal_batch_20260731_140646_164974.txt
[2026-07-31 14:06:46]  QQ-备用 邮件 3311 处理完成
[2026-07-31 14:06:46]  QQ-备用 本轮共成功处理 1 封有效信号邮件
[2026-07-31 14:07:21]  正在连接 QQ-主 邮箱服务器 (497720537@qq.com) ...
[2026-07-31 14:07:22]  正在连接 QQ-备用 邮箱服务器 (shouqianbadavid@qq.com) ...
[2026-07-31 14:07:58]  正在连接 QQ-主 邮箱服务器 (497720537@qq.com) ...
[2026-07-31 14:07:58]  正在连接 QQ-备用 邮箱服务器 (shouqianbadavid@qq.com) ...
[2026-07-31 14:08:34]  正在连接 QQ-主 邮箱服务器 (497720537@qq.com) ...
[2026-07-31 14:08:34]  正在连接 QQ-备用 邮箱服务器 (shouqianbadavid@qq.com) ...
[2026-07-31 14:09:10]  正在连接 QQ-主 邮箱服务器 (497720537@qq.com) ...
[2026-07-31 14:09:10]  QQ-主 正在解析因子: =?utf-8?b?QWxwaGFQaWxvdCDlrp7ml7bkv6Hlj7cgKGFscGhhX3NpZ25hbF90aHJfMjAyNjA3MzFfMTQwOC5qc29uKSBb5Li7UVEt5a+55aSWXQ==?=
[2026-07-31 14:09:10]  发现表格，共 12 行数据
[2026-07-31 14:09:10]  动态索引映射: ['股票代码', '股票名称', '信号', '当前价格', '量比', '来源过滤']
[2026-07-31 14:09:10]  [行1] 解析成功: SHSE.600353 [旭光电子] BUY @ 22.52 (VR:0.39)
[2026-07-31 14:09:10]  [行2] 解析成功: SZSE.300811 [铂力特] BUY @ 59.06 (VR:0.97)
[2026-07-31 14:09:10]  [行3] 解析成功: SZSE.301018 [申菱环境] SELL @ 71.4 (VR:0.39)
[2026-07-31 14:09:10]  [行4] 解析成功: SZSE.300739 [明阳电路] BUY @ 19.97 (VR:0.22)
[2026-07-31 14:09:10]  [行5] 解析成功: SZSE.301419 [瑞可达] BUY @ 27.25 (VR:0.44)
[2026-07-31 14:09:10]  [行6] 解析成功: SZSE.300868 [杰美特] SELL @ 71.06 (VR:0.44)
[2026-07-31 14:09:10]  [行7] 解析成功: SHSE.600353 [旭光电子] BUY @ 22.55 (VR:0.02)
[2026-07-31 14:09:10]  [行8] 解析成功: SZSE.300811 [铂力特] BUY @ 59.1 (VR:0.71)
[2026-07-31 14:09:10]  [行9] 解析成功: SZSE.301018 [申菱环境] SELL @ 71.22 (VR:0.53)
[2026-07-31 14:09:10]  [行10] 解析成功: SZSE.300739 [明阳电路] BUY @ 19.98 (VR:0.12)
[2026-07-31 14:09:10]  [行11] 解析成功: SZSE.301419 [瑞可达] BUY @ 27.26 (VR:0.04)
[2026-07-31 14:09:10]  [行12] 解析成功: SZSE.300868 [杰美特] SELL @ 71.01 (VR:0.81)
[2026-07-31 14:09:10] 成功保存 12 条因子至: signal_batch_20260731_140910_841544.txt
[2026-07-31 14:09:11]  QQ-主 邮件 5635 处理完成
[2026-07-31 14:09:11]  QQ-主 本轮共成功处理 1 封有效信号邮件
[2026-07-31 14:09:11]  正在连接 QQ-备用 邮箱服务器 (shouqianbadavid@qq.com) ...
[2026-07-31 14:09:11]  QQ-备用 正在解析因子: =?utf-8?b?QWxwaGFQaWxvdCDlpIfku73kv6Hlj7cgKGFscGhhX3NpZ25hbF90aHJfMjAyNjA3MzFfMTQwOC5qc29uKSBb5aSHUVEt6Ieq5L+dXQ==?=
[2026-07-31 14:09:11]  发现表格，共 12 行数据
[2026-07-31 14:09:11]  动态索引映射: ['股票代码', '股票名称', '信号', '当前价格', '量比', '来源过滤']
[2026-07-31 14:09:11]  [行1] 解析成功: SHSE.600353 [旭光电子] BUY @ 22.52 (VR:0.39)
[2026-07-31 14:09:11]  [行2] 解析成功: SZSE.300811 [铂力特] BUY @ 59.06 (VR:0.97)
[2026-07-31 14:09:11]  [行3] 解析成功: SZSE.301018 [申菱环境] SELL @ 71.4 (VR:0.39)
[2026-07-31 14:09:11]  [行4] 解析成功: SZSE.300739 [明阳电路] BUY @ 19.97 (VR:0.22)
[2026-07-31 14:09:11]  [行5] 解析成功: SZSE.301419 [瑞可达] BUY @ 27.25 (VR:0.44)
[2026-07-31 14:09:11]  [行6] 解析成功: SZSE.300868 [杰美特] SELL @ 71.06 (VR:0.44)
[2026-07-31 14:09:11]  [行7] 解析成功: SHSE.600353 [旭光电子] BUY @ 22.55 (VR:0.02)
[2026-07-31 14:09:11]  [行8] 解析成功: SZSE.300811 [铂力特] BUY @ 59.1 (VR:0.71)
[2026-07-31 14:09:11]  [行9] 解析成功: SZSE.301018 [申菱环境] SELL @ 71.22 (VR:0.53)
[2026-07-31 14:09:11]  [行10] 解析成功: SZSE.300739 [明阳电路] BUY @ 19.98 (VR:0.12)
[2026-07-31 14:09:11]  [行11] 解析成功: SZSE.301419 [瑞可达] BUY @ 27.26 (VR:0.04)
[2026-07-31 14:09:11]  [行12] 解析成功: SZSE.300868 [杰美特] SELL @ 71.01 (VR:0.81)
[2026-07-31 14:09:11] 成功保存 12 条因子至: signal_batch_20260731_140911_963323.txt
[2026-07-31 14:09:12]  QQ-备用 邮件 3312 处理完成
[2026-07-31 14:09:12]  QQ-备用 本轮共成功处理 1 封有效信号邮件
[2026-07-31 14:09:47]  正在连接 QQ-主 邮箱服务器 (497720537@qq.com) ...
[2026-07-31 14:09:48]  正在连接 QQ-备用 邮箱服务器 (shouqianbadavid@qq.com) ...
[2026-07-31 14:10:24]  正在连接 QQ-主 邮箱服务器 (497720537@qq.com) ...
[2026-07-31 14:10:24]  正在连接 QQ-备用 邮箱服务器 (shouqianbadavid@qq.com) ...
[2026-07-31 14:11:00]  正在连接 QQ-主 邮箱服务器 (497720537@qq.com) ...
[2026-07-31 14:11:01]  正在连接 QQ-备用 邮箱服务器 (shouqianbadavid@qq.com) ...
[2026-07-31 14:11:37]  正在连接 QQ-主 邮箱服务器 (497720537@qq.com) ...
[2026-07-31 14:11:37]  正在连接 QQ-备用 邮箱服务器 (shouqianbadavid@qq.com) ...
[2026-07-31 14:12:13]  正在连接 QQ-主 邮箱服务器 (497720537@qq.com) ...
[2026-07-31 14:12:13]  QQ-主 正在解析因子: =?utf-8?b?QWxwaGFQaWxvdCDlrp7ml7bkv6Hlj7cgKGFscGhhX3NpZ25hbF90aHJfMjAyNjA3MzFfMTQxMS5qc29uKSBb5Li7UVEt5a+55aSWXQ==?=
[2026-07-31 14:12:13]  发现表格，共 19 行数据
[2026-07-31 14:12:13]  动态索引映射: ['股票代码', '股票名称', '信号', '当前价格', '量比', '来源过滤']
[2026-07-31 14:12:13]  [行1] 解析成功: SHSE.603773 [沃格光电] SELL @ 70.26 (VR:0.22)
[2026-07-31 14:12:13]  [行2] 解析成功: SHSE.603618 [杭电股份] SELL @ 22.74 (VR:0.06)
[2026-07-31 14:12:13]  [行3] 解析成功: SHSE.605111 [新洁能] SELL @ 49.49 (VR:0.08)
[2026-07-31 14:12:13]  [行4] 解析成功: SHSE.600460 [士兰微] SELL @ 28.76 (VR:0.61)
[2026-07-31 14:12:13]  [行5] 解析成功: SZSE.003031 [中瓷电子] SELL @ 96.04 (VR:0.38)
[2026-07-31 14:12:13]  [行6] 解析成功: SZSE.002643 [万润股份] SELL @ 12.93 (VR:0.04)
[2026-07-31 14:12:13]  [行7] 解析成功: SZSE.002937 [兴瑞科技] SELL @ 26.28 (VR:0.76)
[2026-07-31 14:12:13]  [行8] 解析成功: SZSE.000920 [沃顿科技] SELL @ 10.83 (VR:0.38)
[2026-07-31 14:12:13]  [行9] 解析成功: SZSE.000823 [超声电子] SELL @ 12.84 (VR:0.42)
[2026-07-31 14:12:13]  [行10] 解析成功: SZSE.301070 [开勒股份] SELL @ 55.06 (VR:0.36)
[2026-07-31 14:12:13]  [行11] 解析成功: SHSE.603773 [沃格光电] SELL @ 70.21 (VR:0.06)
[2026-07-31 14:12:13]  [行12] 解析成功: SHSE.605111 [新洁能] SELL @ 49.44 (VR:0.11)
[2026-07-31 14:12:13]  [行13] 解析成功: SHSE.600259 [中稀有色] SELL @ 72.88 (VR:0.02)
[2026-07-31 14:12:13]  [行14] 解析成功: SHSE.600460 [士兰微] SELL @ 28.73 (VR:0.19)
[2026-07-31 14:12:13]  [行15] 解析成功: SZSE.003031 [中瓷电子] SELL @ 95.94 (VR:2.74)
[2026-07-31 14:12:13]  [行16] 解析成功: SZSE.002937 [兴瑞科技] SELL @ 26.25 (VR:0.21)
[2026-07-31 14:12:13]  [行17] 解析成功: SZSE.000920 [沃顿科技] SELL @ 10.82 (VR:0.84)
[2026-07-31 14:12:13]  [行18] 解析成功: SZSE.000823 [超声电子] SELL @ 12.82 (VR:1.98)
[2026-07-31 14:12:13]  [行19] 解析成功: SZSE.301070 [开勒股份] SELL @ 54.94 (VR:2.0)
[2026-07-31 14:12:13] 成功保存 19 条因子至: signal_batch_20260731_141213_841575.txt
[2026-07-31 14:12:14]  QQ-主 邮件 5636 处理完成
[2026-07-31 14:12:14]  QQ-主 本轮共成功处理 1 封有效信号邮件
[2026-07-31 14:12:14]  正在连接 QQ-备用 邮箱服务器 (shouqianbadavid@qq.com) ...
[2026-07-31 14:12:50]  正在连接 QQ-主 邮箱服务器 (497720537@qq.com) ...
[2026-07-31 14:12:50]  正在连接 QQ-备用 邮箱服务器 (shouqianbadavid@qq.com) ...
[2026-07-31 14:13:26]  正在连接 QQ-主 邮箱服务器 (497720537@qq.com) ...
[2026-07-31 14:13:27]  正在连接 QQ-备用 邮箱服务器 (shouqianbadavid@qq.com) ...
[2026-07-31 14:14:02]  正在连接 QQ-主 邮箱服务器 (497720537@qq.com) ...
[2026-07-31 14:14:03]  正在连接 QQ-备用 邮箱服务器 (shouqianbadavid@qq.com) ...
[2026-07-31 14:14:04]  QQ-备用 正在解析因子: =?utf-8?b?QWxwaGFQaWxvdCDlpIfku73kv6Hlj7cgKGFscGhhX3NpZ25hbF90aHJfMjAyNjA3MzFfMTQxMS5qc29uKSBb5aSHUVEt6Ieq5L+dXQ==?=
[2026-07-31 14:14:04]  发现表格，共 19 行数据
[2026-07-31 14:14:04]  动态索引映射: ['股票代码', '股票名称', '信号', '当前价格', '量比', '来源过滤']
[2026-07-31 14:14:04]  [行1] 解析成功: SHSE.603773 [沃格光电] SELL @ 70.26 (VR:0.22)
[2026-07-31 14:14:04]  [行2] 解析成功: SHSE.603618 [杭电股份] SELL @ 22.74 (VR:0.06)
[2026-07-31 14:14:04]  [行3] 解析成功: SHSE.605111 [新洁能] SELL @ 49.49 (VR:0.08)
[2026-07-31 14:14:04]  [行4] 解析成功: SHSE.600460 [士兰微] SELL @ 28.76 (VR:0.61)
[2026-07-31 14:14:04]  [行5] 解析成功: SZSE.003031 [中瓷电子] SELL @ 96.04 (VR:0.38)
[2026-07-31 14:14:04]  [行6] 解析成功: SZSE.002643 [万润股份] SELL @ 12.93 (VR:0.04)
[2026-07-31 14:14:04]  [行7] 解析成功: SZSE.002937 [兴瑞科技] SELL @ 26.28 (VR:0.76)
[2026-07-31 14:14:04]  [行8] 解析成功: SZSE.000920 [沃顿科技] SELL @ 10.83 (VR:0.38)
[2026-07-31 14:14:04]  [行9] 解析成功: SZSE.000823 [超声电子] SELL @ 12.84 (VR:0.42)
[2026-07-31 14:14:04]  [行10] 解析成功: SZSE.301070 [开勒股份] SELL @ 55.06 (VR:0.36)
[2026-07-31 14:14:04]  [行11] 解析成功: SHSE.603773 [沃格光电] SELL @ 70.21 (VR:0.06)
[2026-07-31 14:14:04]  [行12] 解析成功: SHSE.605111 [新洁能] SELL @ 49.44 (VR:0.11)
[2026-07-31 14:14:04]  [行13] 解析成功: SHSE.600259 [中稀有色] SELL @ 72.88 (VR:0.02)
[2026-07-31 14:14:04]  [行14] 解析成功: SHSE.600460 [士兰微] SELL @ 28.73 (VR:0.19)
[2026-07-31 14:14:04]  [行15] 解析成功: SZSE.003031 [中瓷电子] SELL @ 95.94 (VR:2.74)
[2026-07-31 14:14:04]  [行16] 解析成功: SZSE.002937 [兴瑞科技] SELL @ 26.25 (VR:0.21)
[2026-07-31 14:14:04]  [行17] 解析成功: SZSE.000920 [沃顿科技] SELL @ 10.82 (VR:0.84)
[2026-07-31 14:14:04]  [行18] 解析成功: SZSE.000823 [超声电子] SELL @ 12.82 (VR:1.98)
[2026-07-31 14:14:04]  [行19] 解析成功: SZSE.301070 [开勒股份] SELL @ 54.94 (VR:2.0)
[2026-07-31 14:14:04] 成功保存 19 条因子至: signal_batch_20260731_141404_226363.txt
[2026-07-31 14:14:04]  QQ-备用 邮件 3313 处理完成
[2026-07-31 14:14:04]  QQ-备用 本轮共成功处理 1 封有效信号邮件
[2026-07-31 14:14:39]  正在连接 QQ-主 邮箱服务器 (497720537@qq.com) ...
[2026-07-31 14:14:40]  正在连接 QQ-备用 邮箱服务器 (shouqianbadavid@qq.com) ...
[2026-07-31 14:15:16]  正在连接 QQ-主 邮箱服务器 (497720537@qq.com) ...
[2026-07-31 14:15:17]  正在连接 QQ-备用 邮箱服务器 (shouqianbadavid@qq.com) ...
[2026-07-31 14:15:52]  正在连接 QQ-主 邮箱服务器 (497720537@qq.com) ...
[2026-07-31 14:15:53]  QQ-主 正在解析因子: =?utf-8?b?QWxwaGFQaWxvdCDlrp7ml7bkv6Hlj7cgKGFscGhhX3NpZ25hbF90aHJfMjAyNjA3MzFfMTQxNS5qc29uKSBb5Li7UVEt5a+55aSWXQ==?=
[2026-07-31 14:15:53]  发现表格，共 15 行数据
[2026-07-31 14:15:53]  动态索引映射: ['股票代码', '股票名称', '信号', '当前价格', '量比', '来源过滤']
[2026-07-31 14:15:53]  [行1] 解析成功: SHSE.688261 [东微半导] BUY @ 65.65 (VR:1.1)
[2026-07-31 14:15:53]  [行2] 解析成功: SZSE.300136 [信维通信] BUY @ 58.6 (VR:1.42)
[2026-07-31 14:15:53]  [行3] 解析成功: SZSE.300821 [东岳硅材] SELL @ 14.47 (VR:0.88)
[2026-07-31 14:15:53]  [行4] 解析成功: SZSE.300236 [上海新阳] BUY @ 84.88 (VR:1.21)
[2026-07-31 14:15:53]  [行5] 解析成功: SZSE.300162 [雷曼光电] BUY @ 7.25 (VR:0.56)
[2026-07-31 14:15:53]  [行6] 解析成功: SZSE.301178 [天亿马] BUY @ 31.66 (VR:0.63)
[2026-07-31 14:15:53]  [行7] 解析成功: SZSE.002158 [汉钟精机] BUY @ 25.82 (VR:0.59)
[2026-07-31 14:15:53]  [行8] 解析成功: SZSE.002635 [安洁科技] BUY @ 13.39 (VR:0.02)
[2026-07-31 14:15:53]  [行9] 解析成功: SHSE.688261 [东微半导] BUY @ 65.73 (VR:0.09)
[2026-07-31 14:15:53]  [行10] 解析成功: SZSE.300136 [信维通信] BUY @ 58.62 (VR:0.55)
[2026-07-31 14:15:53]  [行11] 解析成功: SZSE.300236 [上海新阳] BUY @ 84.99 (VR:0.27)
[2026-07-31 14:15:53]  [行12] 解析成功: SZSE.300162 [雷曼光电] BUY @ 7.26 (VR:0.46)
[2026-07-31 14:15:53]  [行13] 解析成功: SZSE.301178 [天亿马] BUY @ 31.7 (VR:4.4)
[2026-07-31 14:15:53]  [行14] 解析成功: SZSE.002158 [汉钟精机] BUY @ 25.86 (VR:1.18)
[2026-07-31 14:15:53]  [行15] 解析成功: SZSE.002635 [安洁科技] BUY @ 13.41 (VR:0.03)
[2026-07-31 14:15:53] 成功保存 15 条因子至: signal_batch_20260731_141553_584544.txt
[2026-07-31 14:15:53]  QQ-主 邮件 5637 处理完成
[2026-07-31 14:15:53]  QQ-主 本轮共成功处理 1 封有效信号邮件
[2026-07-31 14:15:53]  正在连接 QQ-备用 邮箱服务器 (shouqianbadavid@qq.com) ...
[2026-07-31 14:16:29]  正在连接 QQ-主 邮箱服务器 (497720537@qq.com) ...
[2026-07-31 14:16:30]  正在连接 QQ-备用 邮箱服务器 (shouqianbadavid@qq.com) ...
[2026-07-31 14:16:31]  QQ-备用 正在解析因子: =?utf-8?b?QWxwaGFQaWxvdCDlpIfku73kv6Hlj7cgKGFscGhhX3NpZ25hbF90aHJfMjAyNjA3MzFfMTQxNS5qc29uKSBb5aSHUVEt6Ieq5L+dXQ==?=
[2026-07-31 14:16:31]  发现表格，共 15 行数据
[2026-07-31 14:16:31]  动态索引映射: ['股票代码', '股票名称', '信号', '当前价格', '量比', '来源过滤']
[2026-07-31 14:16:31]  [行1] 解析成功: SHSE.688261 [东微半导] BUY @ 65.65 (VR:1.1)
[2026-07-31 14:16:31]  [行2] 解析成功: SZSE.300136 [信维通信] BUY @ 58.6 (VR:1.42)
[2026-07-31 14:16:31]  [行3] 解析成功: SZSE.300821 [东岳硅材] SELL @ 14.47 (VR:0.88)
[2026-07-31 14:16:31]  [行4] 解析成功: SZSE.300236 [上海新阳] BUY @ 84.88 (VR:1.21)
[2026-07-31 14:16:31]  [行5] 解析成功: SZSE.300162 [雷曼光电] BUY @ 7.25 (VR:0.56)
[2026-07-31 14:16:31]  [行6] 解析成功: SZSE.301178 [天亿马] BUY @ 31.66 (VR:0.63)
[2026-07-31 14:16:31]  [行7] 解析成功: SZSE.002158 [汉钟精机] BUY @ 25.82 (VR:0.59)
[2026-07-31 14:16:31]  [行8] 解析成功: SZSE.002635 [安洁科技] BUY @ 13.39 (VR:0.02)
[2026-07-31 14:16:31]  [行9] 解析成功: SHSE.688261 [东微半导] BUY @ 65.73 (VR:0.09)
[2026-07-31 14:16:31]  [行10] 解析成功: SZSE.300136 [信维通信] BUY @ 58.62 (VR:0.55)
[2026-07-31 14:16:31]  [行11] 解析成功: SZSE.300236 [上海新阳] BUY @ 84.99 (VR:0.27)
[2026-07-31 14:16:31]  [行12] 解析成功: SZSE.300162 [雷曼光电] BUY @ 7.26 (VR:0.46)
[2026-07-31 14:16:31]  [行13] 解析成功: SZSE.301178 [天亿马] BUY @ 31.7 (VR:4.4)
[2026-07-31 14:16:31]  [行14] 解析成功: SZSE.002158 [汉钟精机] BUY @ 25.86 (VR:1.18)
[2026-07-31 14:16:31]  [行15] 解析成功: SZSE.002635 [安洁科技] BUY @ 13.41 (VR:0.03)
[2026-07-31 14:16:31] 成功保存 15 条因子至: signal_batch_20260731_141631_174265.txt
[2026-07-31 14:16:31]  QQ-备用 邮件 3314 处理完成
[2026-07-31 14:16:31]  QQ-备用 本轮共成功处理 1 封有效信号邮件
[2026-07-31 14:17:06]  正在连接 QQ-主 邮箱服务器 (497720537@qq.com) ...
[2026-07-31 14:17:08]  正在连接 QQ-备用 邮箱服务器 (shouqianbadavid@qq.com) ...
[2026-07-31 14:17:44]  正在连接 QQ-主 邮箱服务器 (497720537@qq.com) ...
[2026-07-31 14:17:44]  正在连接 QQ-备用 邮箱服务器 (shouqianbadavid@qq.com) ...
[2026-07-31 14:18:20]  正在连接 QQ-主 邮箱服务器 (497720537@qq.com) ...
[2026-07-31 14:18:20]  正在连接 QQ-备用 邮箱服务器 (shouqianbadavid@qq.com) ...
[2026-07-31 14:18:56]  正在连接 QQ-主 邮箱服务器 (497720537@qq.com) ...
[2026-07-31 14:18:57]  QQ-主 正在解析因子: =?utf-8?b?QWxwaGFQaWxvdCDlrp7ml7bkv6Hlj7cgKGFscGhhX3NpZ25hbF90aHJfMjAyNjA3MzFfMTQxOC5qc29uKSBb5Li7UVEt5a+55aSWXQ==?=
[2026-07-31 14:18:57]  发现表格，共 25 行数据
[2026-07-31 14:18:57]  动态索引映射: ['股票代码', '股票名称', '信号', '当前价格', '量比', '来源过滤']
[2026-07-31 14:18:57]  [行1] 解析成功: SHSE.688286 [敏芯股份] SELL @ 39.25 (VR:1.03)
[2026-07-31 14:18:57]  [行2] 解析成功: SHSE.688216 [气派科技] BUY @ 25.51 (VR:0.74)
[2026-07-31 14:18:57]  [行3] 解析成功: SHSE.688721 [龙图光罩] BUY @ 35.56 (VR:0.27)
[2026-07-31 14:18:57]  [行4] 解析成功: SHSE.688249 [晶合集成] SELL @ 37.6 (VR:0.05)
[2026-07-31 14:18:57]  [行5] 解析成功: SHSE.688138 [清溢光电] BUY @ 28.02 (VR:0.19)
[2026-07-31 14:18:57]  [行6] 解析成功: SZSE.300285 [国瓷材料] SELL @ 63.43 (VR:0.02)
[2026-07-31 14:18:57]  [行7] 解析成功: SZSE.301252 [同星科技] SELL @ 28.23 (VR:1.67)
[2026-07-31 14:18:57]  [行8] 解析成功: SZSE.301392 [汇成真空] SELL @ 127.77 (VR:0.23)
[2026-07-31 14:18:57]  [行9] 解析成功: SZSE.300214 [日科化学] SELL @ 11.76 (VR:0.22)
[2026-07-31 14:18:57]  [行10] 解析成功: SZSE.300088 [长信科技] SELL @ 6.74 (VR:0.4)
[2026-07-31 14:18:57]  [行11] 解析成功: SZSE.300661 [圣邦股份] BUY @ 96.99 (VR:0.61)
[2026-07-31 14:18:57]  [行12] 解析成功: SZSE.300497 [富祥股份] SELL @ 16.46 (VR:0.64)
[2026-07-31 14:18:57]  [行13] 解析成功: SHSE.688286 [敏芯股份] SELL @ 39.24 (VR:0.42)
[2026-07-31 14:18:57]  [行14] 解析成功: SHSE.688511 [天微电子] SELL @ 20.7 (VR:0.44)
[2026-07-31 14:18:57]  [行15] 解析成功: SHSE.688216 [气派科技] BUY @ 25.52 (VR:1.57)
[2026-07-31 14:18:57]  [行16] 解析成功: SHSE.688721 [龙图光罩] BUY @ 35.68 (VR:2.92)
[2026-07-31 14:18:57]  [行17] 解析成功: SHSE.688249 [晶合集成] SELL @ 37.59 (VR:0.31)
[2026-07-31 14:18:57]  [行18] 解析成功: SHSE.688138 [清溢光电] BUY @ 28.03 (VR:1.88)
[2026-07-31 14:18:57]  [行19] 解析成功: SZSE.300285 [国瓷材料] SELL @ 63.24 (VR:0.03)
[2026-07-31 14:18:57]  [行20] 解析成功: SZSE.301252 [同星科技] SELL @ 28.23 (VR:0.13)
[2026-07-31 14:18:57]  [行21] 解析成功: SZSE.301392 [汇成真空] SELL @ 127.65 (VR:0.06)
[2026-07-31 14:18:57]  [行22] 解析成功: SZSE.300214 [日科化学] SELL @ 11.76 (VR:0.72)
[2026-07-31 14:18:57]  [行23] 解析成功: SZSE.300088 [长信科技] SELL @ 6.73 (VR:0.28)
[2026-07-31 14:18:57]  [行24] 解析成功: SZSE.300661 [圣邦股份] BUY @ 97.1 (VR:0.18)
[2026-07-31 14:18:57]  [行25] 解析成功: SZSE.300497 [富祥股份] SELL @ 16.45 (VR:0.53)
[2026-07-31 14:18:57] 成功保存 25 条因子至: signal_batch_20260731_141857_192249.txt
[2026-07-31 14:18:57]  QQ-主 邮件 5638 处理完成
[2026-07-31 14:18:57]  QQ-主 本轮共成功处理 1 封有效信号邮件
[2026-07-31 14:18:57]  正在连接 QQ-备用 邮箱服务器 (shouqianbadavid@qq.com) ...
[2026-07-31 14:19:33]  正在连接 QQ-主 邮箱服务器 (497720537@qq.com) ...
[2026-07-31 14:19:35]  正在连接 QQ-备用 邮箱服务器 (shouqianbadavid@qq.com) ...
[2026-07-31 14:20:10]  正在连接 QQ-主 邮箱服务器 (497720537@qq.com) ...
[2026-07-31 14:20:11]  正在连接 QQ-备用 邮箱服务器 (shouqianbadavid@qq.com) ...
[2026-07-31 14:20:47]  正在连接 QQ-主 邮箱服务器 (497720537@qq.com) ...
[2026-07-31 14:20:47]  正在连接 QQ-备用 邮箱服务器 (shouqianbadavid@qq.com) ...
[2026-07-31 14:21:23]  正在连接 QQ-主 邮箱服务器 (497720537@qq.com) ...
[2026-07-31 14:21:24]  正在连接 QQ-备用 邮箱服务器 (shouqianbadavid@qq.com) ...
[2026-07-31 14:21:25]  QQ-备用 正在解析因子: =?utf-8?b?QWxwaGFQaWxvdCDlpIfku73kv6Hlj7cgKGFscGhhX3NpZ25hbF90aHJfMjAyNjA3MzFfMTQxOC5qc29uKSBb5aSHUVEt6Ieq5L+dXQ==?=
[2026-07-31 14:21:25]  发现表格，共 25 行数据
[2026-07-31 14:21:25]  动态索引映射: ['股票代码', '股票名称', '信号', '当前价格', '量比', '来源过滤']
[2026-07-31 14:21:25]  [行1] 解析成功: SHSE.688286 [敏芯股份] SELL @ 39.25 (VR:1.03)
[2026-07-31 14:21:25]  [行2] 解析成功: SHSE.688216 [气派科技] BUY @ 25.51 (VR:0.74)
[2026-07-31 14:21:25]  [行3] 解析成功: SHSE.688721 [龙图光罩] BUY @ 35.56 (VR:0.27)
[2026-07-31 14:21:25]  [行4] 解析成功: SHSE.688249 [晶合集成] SELL @ 37.6 (VR:0.05)
[2026-07-31 14:21:25]  [行5] 解析成功: SHSE.688138 [清溢光电] BUY @ 28.02 (VR:0.19)
[2026-07-31 14:21:25]  [行6] 解析成功: SZSE.300285 [国瓷材料] SELL @ 63.43 (VR:0.02)
[2026-07-31 14:21:25]  [行7] 解析成功: SZSE.301252 [同星科技] SELL @ 28.23 (VR:1.67)
[2026-07-31 14:21:25]  [行8] 解析成功: SZSE.301392 [汇成真空] SELL @ 127.77 (VR:0.23)
[2026-07-31 14:21:25]  [行9] 解析成功: SZSE.300214 [日科化学] SELL @ 11.76 (VR:0.22)
[2026-07-31 14:21:25]  [行10] 解析成功: SZSE.300088 [长信科技] SELL @ 6.74 (VR:0.4)
[2026-07-31 14:21:25]  [行11] 解析成功: SZSE.300661 [圣邦股份] BUY @ 96.99 (VR:0.61)
[2026-07-31 14:21:25]  [行12] 解析成功: SZSE.300497 [富祥股份] SELL @ 16.46 (VR:0.64)
[2026-07-31 14:21:25]  [行13] 解析成功: SHSE.688286 [敏芯股份] SELL @ 39.24 (VR:0.42)
[2026-07-31 14:21:25]  [行14] 解析成功: SHSE.688511 [天微电子] SELL @ 20.7 (VR:0.44)
[2026-07-31 14:21:25]  [行15] 解析成功: SHSE.688216 [气派科技] BUY @ 25.52 (VR:1.57)
[2026-07-31 14:21:25]  [行16] 解析成功: SHSE.688721 [龙图光罩] BUY @ 35.68 (VR:2.92)
[2026-07-31 14:21:25]  [行17] 解析成功: SHSE.688249 [晶合集成] SELL @ 37.59 (VR:0.31)
[2026-07-31 14:21:25]  [行18] 解析成功: SHSE.688138 [清溢光电] BUY @ 28.03 (VR:1.88)
[2026-07-31 14:21:25]  [行19] 解析成功: SZSE.300285 [国瓷材料] SELL @ 63.24 (VR:0.03)
[2026-07-31 14:21:25]  [行20] 解析成功: SZSE.301252 [同星科技] SELL @ 28.23 (VR:0.13)
[2026-07-31 14:21:25]  [行21] 解析成功: SZSE.301392 [汇成真空] SELL @ 127.65 (VR:0.06)
[2026-07-31 14:21:25]  [行22] 解析成功: SZSE.300214 [日科化学] SELL @ 11.76 (VR:0.72)
[2026-07-31 14:21:25]  [行23] 解析成功: SZSE.300088 [长信科技] SELL @ 6.73 (VR:0.28)
[2026-07-31 14:21:25]  [行24] 解析成功: SZSE.300661 [圣邦股份] BUY @ 97.1 (VR:0.18)
[2026-07-31 14:21:25]  [行25] 解析成功: SZSE.300497 [富祥股份] SELL @ 16.45 (VR:0.53)
[2026-07-31 14:21:25] 成功保存 25 条因子至: signal_batch_20260731_142125_061258.txt
[2026-07-31 14:21:25]  QQ-备用 邮件 3315 处理完成
[2026-07-31 14:21:25]  QQ-备用 本轮共成功处理 1 封有效信号邮件
[2026-07-31 14:22:00]  正在连接 QQ-主 邮箱服务器 (497720537@qq.com) ...
[2026-07-31 14:22:01]  正在连接 QQ-备用 邮箱服务器 (shouqianbadavid@qq.com) ...
[2026-07-31 14:22:36]  正在连接 QQ-主 邮箱服务器 (497720537@qq.com) ...
[2026-07-31 14:22:37]  QQ-主 正在解析因子: =?utf-8?b?QWxwaGFQaWxvdCDlrp7ml7bkv6Hlj7cgKGFscGhhX3NpZ25hbF90aHJfMjAyNjA3MzFfMTQyMi5qc29uKSBb5Li7UVEt5a+55aSWXQ==?=
[2026-07-31 14:22:37]  发现表格，共 23 行数据
[2026-07-31 14:22:37]  动态索引映射: ['股票代码', '股票名称', '信号', '当前价格', '量比', '来源过滤']
[2026-07-31 14:22:37]  [行1] 解析成功: SHSE.688110 [东芯股份] SELL @ 103.95 (VR:0.04)
[2026-07-31 14:22:37]  [行2] 解析成功: SHSE.688665 [四方光电] SELL @ 43.07 (VR:0.58)
[2026-07-31 14:22:37]  [行3] 解析成功: SHSE.688002 [睿创微纳] SELL @ 142.84 (VR:0.1)
[2026-07-31 14:22:37]  [行4] 解析成功: SHSE.688102 [斯瑞新材] SELL @ 28.09 (VR:0.04)
[2026-07-31 14:22:37]  [行5] 解析成功: SHSE.688521 [芯原股份] SELL @ 196.89 (VR:0.52)
[2026-07-31 14:22:37]  [行6] 解析成功: SHSE.688227 [品高股份] BUY @ 70.03 (VR:0.54)
[2026-07-31 14:22:37]  [行7] 解析成功: SZSE.300852 [四会富仕] SELL @ 37.15 (VR:0.68)
[2026-07-31 14:22:37]  [行8] 解析成功: SZSE.300689 [澄天伟业] SELL @ 43.17 (VR:0.51)
[2026-07-31 14:22:37]  [行9] 解析成功: SZSE.301045 [天禄科技] SELL @ 55.44 (VR:0.56)
[2026-07-31 14:22:37]  [行10] 解析成功: SZSE.300806 [斯迪克] SELL @ 42.2 (VR:0.71)
[2026-07-31 14:22:37]  [行11] 解析成功: SZSE.002718 [友邦吊顶] SELL @ 79.98 (VR:0.28)
[2026-07-31 14:22:37]  [行12] 解析成功: SZSE.001339 [智微智能] SELL @ 67.79 (VR:0.16)
[2026-07-31 14:22:37]  [行13] 解析成功: SHSE.688110 [东芯股份] SELL @ 103.88 (VR:0.1)
[2026-07-31 14:22:37]  [行14] 解析成功: SHSE.688665 [四方光电] SELL @ 43.07 (VR:0.58)
[2026-07-31 14:22:37]  [行15] 解析成功: SHSE.688002 [睿创微纳] SELL @ 142.83 (VR:0.08)
[2026-07-31 14:22:37]  [行16] 解析成功: SHSE.688521 [芯原股份] SELL @ 196.85 (VR:0.26)
[2026-07-31 14:22:37]  [行17] 解析成功: SHSE.688227 [品高股份] BUY @ 70.1 (VR:0.04)
[2026-07-31 14:22:37]  [行18] 解析成功: SZSE.300852 [四会富仕] SELL @ 37.12 (VR:0.26)
[2026-07-31 14:22:37]  [行19] 解析成功: SZSE.300689 [澄天伟业] SELL @ 43.15 (VR:2.53)
[2026-07-31 14:22:37]  [行20] 解析成功: SZSE.301045 [天禄科技] SELL @ 55.35 (VR:0.2)
[2026-07-31 14:22:37]  [行21] 解析成功: SZSE.300806 [斯迪克] SELL @ 42.19 (VR:0.2)
[2026-07-31 14:22:37]  [行22] 解析成功: SZSE.002718 [友邦吊顶] SELL @ 79.97 (VR:0.44)
[2026-07-31 14:22:37]  [行23] 解析成功: SZSE.001339 [智微智能] SELL @ 67.76 (VR:1.02)
[2026-07-31 14:22:37] 成功保存 23 条因子至: signal_batch_20260731_142237_252164.txt
[2026-07-31 14:22:37]  QQ-主 邮件 5639 处理完成
[2026-07-31 14:22:37]  QQ-主 本轮共成功处理 1 封有效信号邮件
[2026-07-31 14:22:37]  正在连接 QQ-备用 邮箱服务器 (shouqianbadavid@qq.com) ...
[2026-07-31 14:23:12]  正在连接 QQ-主 邮箱服务器 (497720537@qq.com) ...
[2026-07-31 14:23:13]  正在连接 QQ-备用 邮箱服务器 (shouqianbadavid@qq.com) ...
[2026-07-31 14:23:49]  正在连接 QQ-主 邮箱服务器 (497720537@qq.com) ...
[2026-07-31 14:23:49]  正在连接 QQ-备用 邮箱服务器 (shouqianbadavid@qq.com) ...
[2026-07-31 14:23:50]  QQ-备用 正在解析因子: =?utf-8?b?QWxwaGFQaWxvdCDlpIfku73kv6Hlj7cgKGFscGhhX3NpZ25hbF90aHJfMjAyNjA3MzFfMTQyMi5qc29uKSBb5aSHUVEt6Ieq5L+dXQ==?=
[2026-07-31 14:23:50]  发现表格，共 23 行数据
[2026-07-31 14:23:50]  动态索引映射: ['股票代码', '股票名称', '信号', '当前价格', '量比', '来源过滤']
[2026-07-31 14:23:50]  [行1] 解析成功: SHSE.688110 [东芯股份] SELL @ 103.95 (VR:0.04)
[2026-07-31 14:23:50]  [行2] 解析成功: SHSE.688665 [四方光电] SELL @ 43.07 (VR:0.58)
[2026-07-31 14:23:50]  [行3] 解析成功: SHSE.688002 [睿创微纳] SELL @ 142.84 (VR:0.1)
[2026-07-31 14:23:50]  [行4] 解析成功: SHSE.688102 [斯瑞新材] SELL @ 28.09 (VR:0.04)
[2026-07-31 14:23:50]  [行5] 解析成功: SHSE.688521 [芯原股份] SELL @ 196.89 (VR:0.52)
[2026-07-31 14:23:50]  [行6] 解析成功: SHSE.688227 [品高股份] BUY @ 70.03 (VR:0.54)
[2026-07-31 14:23:50]  [行7] 解析成功: SZSE.300852 [四会富仕] SELL @ 37.15 (VR:0.68)
[2026-07-31 14:23:50]  [行8] 解析成功: SZSE.300689 [澄天伟业] SELL @ 43.17 (VR:0.51)
[2026-07-31 14:23:50]  [行9] 解析成功: SZSE.301045 [天禄科技] SELL @ 55.44 (VR:0.56)
[2026-07-31 14:23:50]  [行10] 解析成功: SZSE.300806 [斯迪克] SELL @ 42.2 (VR:0.71)
[2026-07-31 14:23:50]  [行11] 解析成功: SZSE.002718 [友邦吊顶] SELL @ 79.98 (VR:0.28)
[2026-07-31 14:23:50]  [行12] 解析成功: SZSE.001339 [智微智能] SELL @ 67.79 (VR:0.16)
[2026-07-31 14:23:50]  [行13] 解析成功: SHSE.688110 [东芯股份] SELL @ 103.88 (VR:0.1)
[2026-07-31 14:23:50]  [行14] 解析成功: SHSE.688665 [四方光电] SELL @ 43.07 (VR:0.58)
[2026-07-31 14:23:50]  [行15] 解析成功: SHSE.688002 [睿创微纳] SELL @ 142.83 (VR:0.08)
[2026-07-31 14:23:50]  [行16] 解析成功: SHSE.688521 [芯原股份] SELL @ 196.85 (VR:0.26)
[2026-07-31 14:23:50]  [行17] 解析成功: SHSE.688227 [品高股份] BUY @ 70.1 (VR:0.04)
[2026-07-31 14:23:50]  [行18] 解析成功: SZSE.300852 [四会富仕] SELL @ 37.12 (VR:0.26)
[2026-07-31 14:23:50]  [行19] 解析成功: SZSE.300689 [澄天伟业] SELL @ 43.15 (VR:2.53)
[2026-07-31 14:23:50]  [行20] 解析成功: SZSE.301045 [天禄科技] SELL @ 55.35 (VR:0.2)
[2026-07-31 14:23:50]  [行21] 解析成功: SZSE.300806 [斯迪克] SELL @ 42.19 (VR:0.2)
[2026-07-31 14:23:50]  [行22] 解析成功: SZSE.002718 [友邦吊顶] SELL @ 79.97 (VR:0.44)
[2026-07-31 14:23:50]  [行23] 解析成功: SZSE.001339 [智微智能] SELL @ 67.76 (VR:1.02)
[2026-07-31 14:23:50] 成功保存 23 条因子至: signal_batch_20260731_142350_474642.txt
[2026-07-31 14:23:50]  QQ-备用 邮件 3316 处理完成
[2026-07-31 14:23:50]  QQ-备用 本轮共成功处理 1 封有效信号邮件
[2026-07-31 14:24:25]  正在连接 QQ-主 邮箱服务器 (497720537@qq.com) ...
[2026-07-31 14:24:27]  正在连接 QQ-备用 邮箱服务器 (shouqianbadavid@qq.com) ...
[2026-07-31 14:25:02]  正在连接 QQ-主 邮箱服务器 (497720537@qq.com) ...
[2026-07-31 14:25:03]  正在连接 QQ-备用 邮箱服务器 (shouqianbadavid@qq.com) ...
[2026-07-31 14:25:38]  正在连接 QQ-主 邮箱服务器 (497720537@qq.com) ...
[2026-07-31 14:25:39]  QQ-主 正在解析因子: =?utf-8?b?QWxwaGFQaWxvdCDlrp7ml7bkv6Hlj7cgKGFscGhhX3NpZ25hbF90aHJfMjAyNjA3MzFfMTQyNS5qc29uKSBb5Li7UVEt5a+55aSWXQ==?=
[2026-07-31 14:25:39]  发现表格，共 18 行数据
[2026-07-31 14:25:39]  动态索引映射: ['股票代码', '股票名称', '信号', '当前价格', '量比', '来源过滤']
[2026-07-31 14:25:39]  [行1] 解析成功: SHSE.600353 [旭光电子] SELL @ 22.52 (VR:1.02)
[2026-07-31 14:25:39]  [行2] 解析成功: SHSE.601138 [工业富联] BUY @ 56.76 (VR:0.73)
[2026-07-31 14:25:39]  [行3] 解析成功: SZSE.300811 [铂力特] SELL @ 58.53 (VR:1.49)
[2026-07-31 14:25:39]  [行4] 解析成功: SZSE.300346 [南大光电] SELL @ 49.14 (VR:1.45)
[2026-07-31 14:25:39]  [行5] 解析成功: SZSE.000510 [新金路] BUY @ 13.63 (VR:0.02)
[2026-07-31 14:25:39]  [行6] 解析成功: SZSE.301018 [申菱环境] BUY @ 70.66 (VR:0.28)
[2026-07-31 14:25:39]  [行7] 解析成功: SZSE.300739 [明阳电路] BUY @ 19.93 (VR:0.32)
[2026-07-31 14:25:39]  [行8] 解析成功: SZSE.301419 [瑞可达] BUY @ 27.17 (VR:0.02)
[2026-07-31 14:25:39]  [行9] 解析成功: SZSE.300868 [杰美特] BUY @ 70.37 (VR:0.24)
[2026-07-31 14:25:39]  [行10] 解析成功: SHSE.600353 [旭光电子] SELL @ 22.46 (VR:0.13)
[2026-07-31 14:25:39]  [行11] 解析成功: SHSE.601138 [工业富联] BUY @ 56.85 (VR:0.37)
[2026-07-31 14:25:39]  [行12] 解析成功: SZSE.300811 [铂力特] SELL @ 58.5 (VR:0.64)
[2026-07-31 14:25:39]  [行13] 解析成功: SZSE.300346 [南大光电] SELL @ 49.04 (VR:0.95)
[2026-07-31 14:25:39]  [行14] 解析成功: SZSE.000510 [新金路] BUY @ 13.64 (VR:0.28)
[2026-07-31 14:25:39]  [行15] 解析成功: SZSE.301018 [申菱环境] BUY @ 70.8 (VR:0.81)
[2026-07-31 14:25:39]  [行16] 解析成功: SZSE.300739 [明阳电路] BUY @ 19.95 (VR:0.34)
[2026-07-31 14:25:39]  [行17] 解析成功: SZSE.300037 [新宙邦] BUY @ 63.49 (VR:0.17)
[2026-07-31 14:25:39]  [行18] 解析成功: SZSE.300868 [杰美特] BUY @ 70.42 (VR:0.03)
[2026-07-31 14:25:39] 成功保存 18 条因子至: signal_batch_20260731_142539_522249.txt
[2026-07-31 14:25:39]  QQ-主 邮件 5640 处理完成
[2026-07-31 14:25:39]  QQ-主 本轮共成功处理 1 封有效信号邮件
[2026-07-31 14:25:39]  正在连接 QQ-备用 邮箱服务器 (shouqianbadavid@qq.com) ...
[2026-07-31 14:26:15]  正在连接 QQ-主 邮箱服务器 (497720537@qq.com) ...
[2026-07-31 14:26:16]  正在连接 QQ-备用 邮箱服务器 (shouqianbadavid@qq.com) ...
[2026-07-31 14:26:16]  QQ-备用 正在解析因子: =?utf-8?b?QWxwaGFQaWxvdCDlpIfku73kv6Hlj7cgKGFscGhhX3NpZ25hbF90aHJfMjAyNjA3MzFfMTQyNS5qc29uKSBb5aSHUVEt6Ieq5L+dXQ==?=
[2026-07-31 14:26:16]  发现表格，共 18 行数据
[2026-07-31 14:26:16]  动态索引映射: ['股票代码', '股票名称', '信号', '当前价格', '量比', '来源过滤']
[2026-07-31 14:26:16]  [行1] 解析成功: SHSE.600353 [旭光电子] SELL @ 22.52 (VR:1.02)
[2026-07-31 14:26:16]  [行2] 解析成功: SHSE.601138 [工业富联] BUY @ 56.76 (VR:0.73)
[2026-07-31 14:26:16]  [行3] 解析成功: SZSE.300811 [铂力特] SELL @ 58.53 (VR:1.49)
[2026-07-31 14:26:16]  [行4] 解析成功: SZSE.300346 [南大光电] SELL @ 49.14 (VR:1.45)
[2026-07-31 14:26:16]  [行5] 解析成功: SZSE.000510 [新金路] BUY @ 13.63 (VR:0.02)
[2026-07-31 14:26:16]  [行6] 解析成功: SZSE.301018 [申菱环境] BUY @ 70.66 (VR:0.28)
[2026-07-31 14:26:16]  [行7] 解析成功: SZSE.300739 [明阳电路] BUY @ 19.93 (VR:0.32)
[2026-07-31 14:26:16]  [行8] 解析成功: SZSE.301419 [瑞可达] BUY @ 27.17 (VR:0.02)
[2026-07-31 14:26:16]  [行9] 解析成功: SZSE.300868 [杰美特] BUY @ 70.37 (VR:0.24)
[2026-07-31 14:26:16]  [行10] 解析成功: SHSE.600353 [旭光电子] SELL @ 22.46 (VR:0.13)
[2026-07-31 14:26:16]  [行11] 解析成功: SHSE.601138 [工业富联] BUY @ 56.85 (VR:0.37)
[2026-07-31 14:26:16]  [行12] 解析成功: SZSE.300811 [铂力特] SELL @ 58.5 (VR:0.64)
[2026-07-31 14:26:16]  [行13] 解析成功: SZSE.300346 [南大光电] SELL @ 49.04 (VR:0.95)
[2026-07-31 14:26:16]  [行14] 解析成功: SZSE.000510 [新金路] BUY @ 13.64 (VR:0.28)
[2026-07-31 14:26:16]  [行15] 解析成功: SZSE.301018 [申菱环境] BUY @ 70.8 (VR:0.81)
[2026-07-31 14:26:16]  [行16] 解析成功: SZSE.300739 [明阳电路] BUY @ 19.95 (VR:0.34)
[2026-07-31 14:26:16]  [行17] 解析成功: SZSE.300037 [新宙邦] BUY @ 63.49 (VR:0.17)
[2026-07-31 14:26:16]  [行18] 解析成功: SZSE.300868 [杰美特] BUY @ 70.42 (VR:0.03)
[2026-07-31 14:26:16] 成功保存 18 条因子至: signal_batch_20260731_142616_898337.txt
[2026-07-31 14:26:17]  QQ-备用 邮件 3317 处理完成
[2026-07-31 14:26:17]  QQ-备用 本轮共成功处理 1 封有效信号邮件
[2026-07-31 14:26:52]  正在连接 QQ-主 邮箱服务器 (497720537@qq.com) ...
[2026-07-31 14:26:53]  正在连接 QQ-备用 邮箱服务器 (shouqianbadavid@qq.com) ...
[2026-07-31 14:27:29]  正在连接 QQ-主 邮箱服务器 (497720537@qq.com) ...
[2026-07-31 14:27:29]  正在连接 QQ-备用 邮箱服务器 (shouqianbadavid@qq.com) ...
[2026-07-31 14:28:05]  正在连接 QQ-主 邮箱服务器 (497720537@qq.com) ...
[2026-07-31 14:28:05]  正在连接 QQ-备用 邮箱服务器 (shouqianbadavid@qq.com) ...
[2026-07-31 14:28:41]  正在连接 QQ-主 邮箱服务器 (497720537@qq.com) ...
[2026-07-31 14:28:41]  QQ-主 正在解析因子: =?utf-8?b?QWxwaGFQaWxvdCDlrp7ml7bkv6Hlj7cgKGFscGhhX3NpZ25hbF90aHJfMjAyNjA3MzFfMTQyOC5qc29uKSBb5Li7UVEt5a+55aSWXQ==?=
[2026-07-31 14:28:41]  发现表格，共 18 行数据
[2026-07-31 14:28:41]  动态索引映射: ['股票代码', '股票名称', '信号', '当前价格', '量比', '来源过滤']
[2026-07-31 14:28:41]  [行1] 解析成功: SHSE.603773 [沃格光电] SELL @ 70.04 (VR:0.5)
[2026-07-31 14:28:41]  [行2] 解析成功: SHSE.603618 [杭电股份] BUY @ 22.61 (VR:1.02)
[2026-07-31 14:28:41]  [行3] 解析成功: SHSE.600909 [华安证券] SELL @ 7.74 (VR:0.14)
[2026-07-31 14:28:41]  [行4] 解析成功: SZSE.003031 [中瓷电子] BUY @ 95.78 (VR:0.1)
[2026-07-31 14:28:41]  [行5] 解析成功: SZSE.002937 [兴瑞科技] SELL @ 26.18 (VR:0.11)
[2026-07-31 14:28:41]  [行6] 解析成功: SZSE.000920 [沃顿科技] SELL @ 10.83 (VR:0.2)
[2026-07-31 14:28:41]  [行7] 解析成功: SZSE.300607 [拓斯达] SELL @ 30.13 (VR:0.33)
[2026-07-31 14:28:41]  [行8] 解析成功: SZSE.301070 [开勒股份] BUY @ 54.7 (VR:0.24)
[2026-07-31 14:28:41]  [行9] 解析成功: SHSE.603773 [沃格光电] SELL @ 70.0 (VR:0.24)
[2026-07-31 14:28:41]  [行10] 解析成功: SHSE.603618 [杭电股份] BUY @ 22.62 (VR:0.61)
[2026-07-31 14:28:41]  [行11] 解析成功: SHSE.605111 [新洁能] BUY @ 49.42 (VR:0.36)
[2026-07-31 14:28:41]  [行12] 解析成功: SHSE.600909 [华安证券] SELL @ 7.73 (VR:0.47)
[2026-07-31 14:28:41]  [行13] 解析成功: SHSE.600460 [士兰微] SELL @ 28.69 (VR:1.0)
[2026-07-31 14:28:41]  [行14] 解析成功: SZSE.003031 [中瓷电子] BUY @ 95.85 (VR:0.34)
[2026-07-31 14:28:41]  [行15] 解析成功: SZSE.002937 [兴瑞科技] SELL @ 26.18 (VR:0.36)
[2026-07-31 14:28:41]  [行16] 解析成功: SZSE.000920 [沃顿科技] SELL @ 10.82 (VR:0.09)
[2026-07-31 14:28:41]  [行17] 解析成功: SZSE.000823 [超声电子] BUY @ 12.81 (VR:0.14)
[2026-07-31 14:28:41]  [行18] 解析成功: SZSE.301070 [开勒股份] SELL @ 54.65 (VR:0.38)
[2026-07-31 14:28:41] 成功保存 18 条因子至: signal_batch_20260731_142841_898872.txt
[2026-07-31 14:28:42]  QQ-主 邮件 5641 处理完成
[2026-07-31 14:28:42]  QQ-主 本轮共成功处理 1 封有效信号邮件
[2026-07-31 14:28:42]  正在连接 QQ-备用 邮箱服务器 (shouqianbadavid@qq.com) ...
[2026-07-31 14:28:42]  QQ-备用 正在解析因子: =?utf-8?b?QWxwaGFQaWxvdCDlpIfku73kv6Hlj7cgKGFscGhhX3NpZ25hbF90aHJfMjAyNjA3MzFfMTQyOC5qc29uKSBb5aSHUVEt6Ieq5L+dXQ==?=
[2026-07-31 14:28:42]  发现表格，共 18 行数据
[2026-07-31 14:28:42]  动态索引映射: ['股票代码', '股票名称', '信号', '当前价格', '量比', '来源过滤']
[2026-07-31 14:28:42]  [行1] 解析成功: SHSE.603773 [沃格光电] SELL @ 70.04 (VR:0.5)
[2026-07-31 14:28:42]  [行2] 解析成功: SHSE.603618 [杭电股份] BUY @ 22.61 (VR:1.02)
[2026-07-31 14:28:42]  [行3] 解析成功: SHSE.600909 [华安证券] SELL @ 7.74 (VR:0.14)
[2026-07-31 14:28:42]  [行4] 解析成功: SZSE.003031 [中瓷电子] BUY @ 95.78 (VR:0.1)
[2026-07-31 14:28:42]  [行5] 解析成功: SZSE.002937 [兴瑞科技] SELL @ 26.18 (VR:0.11)
[2026-07-31 14:28:42]  [行6] 解析成功: SZSE.000920 [沃顿科技] SELL @ 10.83 (VR:0.2)
[2026-07-31 14:28:42]  [行7] 解析成功: SZSE.300607 [拓斯达] SELL @ 30.13 (VR:0.33)
[2026-07-31 14:28:42]  [行8] 解析成功: SZSE.301070 [开勒股份] BUY @ 54.7 (VR:0.24)
[2026-07-31 14:28:42]  [行9] 解析成功: SHSE.603773 [沃格光电] SELL @ 70.0 (VR:0.24)
[2026-07-31 14:28:42]  [行10] 解析成功: SHSE.603618 [杭电股份] BUY @ 22.62 (VR:0.61)
[2026-07-31 14:28:42]  [行11] 解析成功: SHSE.605111 [新洁能] BUY @ 49.42 (VR:0.36)
[2026-07-31 14:28:42]  [行12] 解析成功: SHSE.600909 [华安证券] SELL @ 7.73 (VR:0.47)
[2026-07-31 14:28:42]  [行13] 解析成功: SHSE.600460 [士兰微] SELL @ 28.69 (VR:1.0)
[2026-07-31 14:28:42]  [行14] 解析成功: SZSE.003031 [中瓷电子] BUY @ 95.85 (VR:0.34)
[2026-07-31 14:28:42]  [行15] 解析成功: SZSE.002937 [兴瑞科技] SELL @ 26.18 (VR:0.36)
[2026-07-31 14:28:42]  [行16] 解析成功: SZSE.000920 [沃顿科技] SELL @ 10.82 (VR:0.09)
[2026-07-31 14:28:42]  [行17] 解析成功: SZSE.000823 [超声电子] BUY @ 12.81 (VR:0.14)
[2026-07-31 14:28:42]  [行18] 解析成功: SZSE.301070 [开勒股份] SELL @ 54.65 (VR:0.38)
[2026-07-31 14:28:42] 成功保存 18 条因子至: signal_batch_20260731_142842_951424.txt
[2026-07-31 14:28:43]  QQ-备用 邮件 3318 处理完成
[2026-07-31 14:28:43]  QQ-备用 本轮共成功处理 1 封有效信号邮件
[2026-07-31 14:29:18]  正在连接 QQ-主 邮箱服务器 (497720537@qq.com) ...
[2026-07-31 14:29:19]  正在连接 QQ-备用 邮箱服务器 (shouqianbadavid@qq.com) ...
[2026-07-31 14:29:55]  正在连接 QQ-主 邮箱服务器 (497720537@qq.com) ...
[2026-07-31 14:29:55]  正在连接 QQ-备用 邮箱服务器 (shouqianbadavid@qq.com) ...
[2026-07-31 14:30:31]  正在连接 QQ-主 邮箱服务器 (497720537@qq.com) ...
[2026-07-31 14:30:31]  正在连接 QQ-备用 邮箱服务器 (shouqianbadavid@qq.com) ...
[2026-07-31 14:31:07]  正在连接 QQ-主 邮箱服务器 (497720537@qq.com) ...
[2026-07-31 14:31:08]  正在连接 QQ-备用 邮箱服务器 (shouqianbadavid@qq.com) ...
[2026-07-31 14:31:43]  正在连接 QQ-主 邮箱服务器 (497720537@qq.com) ...
[2026-07-31 14:31:44]  QQ-主 正在解析因子: =?utf-8?b?QWxwaGFQaWxvdCDlrp7ml7bkv6Hlj7cgKGFscGhhX3NpZ25hbF90aHJfMjAyNjA3MzFfMTQzMS5qc29uKSBb5Li7UVEt5a+55aSWXQ==?=
[2026-07-31 14:31:44]  发现表格，共 10 行数据
[2026-07-31 14:31:44]  动态索引映射: ['股票代码', '股票名称', '信号', '当前价格', '量比', '来源过滤']
[2026-07-31 14:31:44]  [行1] 解析成功: SHSE.688199 [久日新材] BUY @ 20.63 (VR:1.78)
[2026-07-31 14:31:44]  [行2] 解析成功: SZSE.300136 [信维通信] SELL @ 58.87 (VR:3.61)
[2026-07-31 14:31:44]  [行3] 解析成功: SZSE.300236 [上海新阳] SELL @ 85.27 (VR:1.54)
[2026-07-31 14:31:44]  [行4] 解析成功: SZSE.300057 [万顺新材] BUY @ 6.14 (VR:0.91)
[2026-07-31 14:31:44]  [行5] 解析成功: SZSE.300767 [震安科技] SELL @ 15.91 (VR:0.02)
[2026-07-31 14:31:44]  [行6] 解析成功: SHSE.688199 [久日新材] BUY @ 20.63 (VR:0.17)
[2026-07-31 14:31:44]  [行7] 解析成功: SZSE.300136 [信维通信] SELL @ 58.83 (VR:0.91)
[2026-07-31 14:31:44]  [行8] 解析成功: SZSE.300236 [上海新阳] SELL @ 85.24 (VR:0.27)
[2026-07-31 14:31:44]  [行9] 解析成功: SZSE.300057 [万顺新材] BUY @ 6.15 (VR:2.37)
[2026-07-31 14:31:44]  [行10] 解析成功: SZSE.300767 [震安科技] SELL @ 15.9 (VR:0.15)
[2026-07-31 14:31:44] 成功保存 10 条因子至: signal_batch_20260731_143144_459764.txt
[2026-07-31 14:31:44]  QQ-主 邮件 5642 处理完成
[2026-07-31 14:31:44]  QQ-主 本轮共成功处理 1 封有效信号邮件
[2026-07-31 14:31:44]  正在连接 QQ-备用 邮箱服务器 (shouqianbadavid@qq.com) ...
[2026-07-31 14:32:20]  正在连接 QQ-主 邮箱服务器 (497720537@qq.com) ...
[2026-07-31 14:32:20]  正在连接 QQ-备用 邮箱服务器 (shouqianbadavid@qq.com) ...
[2026-07-31 14:32:56]  正在连接 QQ-主 邮箱服务器 (497720537@qq.com) ...
[2026-07-31 14:32:56]  正在连接 QQ-备用 邮箱服务器 (shouqianbadavid@qq.com) ...
[2026-07-31 14:33:32]  正在连接 QQ-主 邮箱服务器 (497720537@qq.com) ...
[2026-07-31 14:33:33]  正在连接 QQ-备用 邮箱服务器 (shouqianbadavid@qq.com) ...
[2026-07-31 14:33:34]  QQ-备用 正在解析因子: =?utf-8?b?QWxwaGFQaWxvdCDlpIfku73kv6Hlj7cgKGFscGhhX3NpZ25hbF90aHJfMjAyNjA3MzFfMTQzMS5qc29uKSBb5aSHUVEt6Ieq5L+dXQ==?=
[2026-07-31 14:33:34]  发现表格，共 10 行数据
[2026-07-31 14:33:34]  动态索引映射: ['股票代码', '股票名称', '信号', '当前价格', '量比', '来源过滤']
[2026-07-31 14:33:34]  [行1] 解析成功: SHSE.688199 [久日新材] BUY @ 20.63 (VR:1.78)
[2026-07-31 14:33:34]  [行2] 解析成功: SZSE.300136 [信维通信] SELL @ 58.87 (VR:3.61)
[2026-07-31 14:33:34]  [行3] 解析成功: SZSE.300236 [上海新阳] SELL @ 85.27 (VR:1.54)
[2026-07-31 14:33:34]  [行4] 解析成功: SZSE.300057 [万顺新材] BUY @ 6.14 (VR:0.91)
[2026-07-31 14:33:34]  [行5] 解析成功: SZSE.300767 [震安科技] SELL @ 15.91 (VR:0.02)
[2026-07-31 14:33:34]  [行6] 解析成功: SHSE.688199 [久日新材] BUY @ 20.63 (VR:0.17)
[2026-07-31 14:33:34]  [行7] 解析成功: SZSE.300136 [信维通信] SELL @ 58.83 (VR:0.91)
[2026-07-31 14:33:34]  [行8] 解析成功: SZSE.300236 [上海新阳] SELL @ 85.24 (VR:0.27)
[2026-07-31 14:33:34]  [行9] 解析成功: SZSE.300057 [万顺新材] BUY @ 6.15 (VR:2.37)
[2026-07-31 14:33:34]  [行10] 解析成功: SZSE.300767 [震安科技] SELL @ 15.9 (VR:0.15)
[2026-07-31 14:33:34] 成功保存 10 条因子至: signal_batch_20260731_143334_239603.txt
[2026-07-31 14:33:34]  QQ-备用 邮件 3319 处理完成
[2026-07-31 14:33:34]  QQ-备用 本轮共成功处理 1 封有效信号邮件
[2026-07-31 14:34:09]  正在连接 QQ-主 邮箱服务器 (497720537@qq.com) ...
[2026-07-31 14:34:10]  正在连接 QQ-备用 邮箱服务器 (shouqianbadavid@qq.com) ...
[2026-07-31 14:34:45]  正在连接 QQ-主 邮箱服务器 (497720537@qq.com) ...
[2026-07-31 14:34:46]  QQ-主 正在解析因子: =?utf-8?b?QWxwaGFQaWxvdCDlrp7ml7bkv6Hlj7cgKGFscGhhX3NpZ25hbF90aHJfMjAyNjA3MzFfMTQzNC5qc29uKSBb5Li7UVEt5a+55aSWXQ==?=
[2026-07-31 14:34:46]  发现表格，共 12 行数据
[2026-07-31 14:34:46]  动态索引映射: ['股票代码', '股票名称', '信号', '当前价格', '量比', '来源过滤']
[2026-07-31 14:34:46]  [行1] 解析成功: SHSE.688511 [天微电子] BUY @ 20.76 (VR:0.98)
[2026-07-31 14:34:46]  [行2] 解析成功: SHSE.688249 [晶合集成] SELL @ 37.58 (VR:0.64)
[2026-07-31 14:34:46]  [行3] 解析成功: SZSE.301392 [汇成真空] SELL @ 127.89 (VR:0.84)
[2026-07-31 14:34:46]  [行4] 解析成功: SZSE.300661 [圣邦股份] SELL @ 96.91 (VR:0.29)
[2026-07-31 14:34:46]  [行5] 解析成功: SZSE.300780 [德恩精工] BUY @ 17.54 (VR:0.38)
[2026-07-31 14:34:46]  [行6] 解析成功: SHSE.688511 [天微电子] BUY @ 20.77 (VR:0.61)
[2026-07-31 14:34:46]  [行7] 解析成功: SHSE.688249 [晶合集成] SELL @ 37.54 (VR:0.37)
[2026-07-31 14:34:46]  [行8] 解析成功: SZSE.301252 [同星科技] SELL @ 28.2 (VR:0.79)
[2026-07-31 14:34:46]  [行9] 解析成功: SZSE.301392 [汇成真空] SELL @ 127.87 (VR:0.6)
[2026-07-31 14:34:46]  [行10] 解析成功: SZSE.300420 [五洋自控] SELL @ 5.73 (VR:0.24)
[2026-07-31 14:34:46]  [行11] 解析成功: SZSE.300661 [圣邦股份] SELL @ 96.84 (VR:0.12)
[2026-07-31 14:34:46]  [行12] 解析成功: SZSE.300780 [德恩精工] BUY @ 17.57 (VR:0.55)
[2026-07-31 14:34:46] 成功保存 12 条因子至: signal_batch_20260731_143446_215623.txt
[2026-07-31 14:34:46]  QQ-主 邮件 5643 处理完成
[2026-07-31 14:34:46]  QQ-主 本轮共成功处理 1 封有效信号邮件
[2026-07-31 14:34:46]  正在连接 QQ-备用 邮箱服务器 (shouqianbadavid@qq.com) ...
[2026-07-31 14:35:22]  正在连接 QQ-主 邮箱服务器 (497720537@qq.com) ...
[2026-07-31 14:35:22]  正在连接 QQ-备用 邮箱服务器 (shouqianbadavid@qq.com) ...
[2026-07-31 14:35:58]  正在连接 QQ-主 邮箱服务器 (497720537@qq.com) ...
[2026-07-31 14:35:59]  正在连接 QQ-备用 邮箱服务器 (shouqianbadavid@qq.com) ...
[2026-07-31 14:36:01]  QQ-备用 正在解析因子: =?utf-8?b?QWxwaGFQaWxvdCDlpIfku73kv6Hlj7cgKGFscGhhX3NpZ25hbF90aHJfMjAyNjA3MzFfMTQzNC5qc29uKSBb5aSHUVEt6Ieq5L+dXQ==?=
[2026-07-31 14:36:01]  发现表格，共 12 行数据
[2026-07-31 14:36:01]  动态索引映射: ['股票代码', '股票名称', '信号', '当前价格', '量比', '来源过滤']
[2026-07-31 14:36:01]  [行1] 解析成功: SHSE.688511 [天微电子] BUY @ 20.76 (VR:0.98)
[2026-07-31 14:36:01]  [行2] 解析成功: SHSE.688249 [晶合集成] SELL @ 37.58 (VR:0.64)
[2026-07-31 14:36:01]  [行3] 解析成功: SZSE.301392 [汇成真空] SELL @ 127.89 (VR:0.84)
[2026-07-31 14:36:01]  [行4] 解析成功: SZSE.300661 [圣邦股份] SELL @ 96.91 (VR:0.29)
[2026-07-31 14:36:01]  [行5] 解析成功: SZSE.300780 [德恩精工] BUY @ 17.54 (VR:0.38)
[2026-07-31 14:36:01]  [行6] 解析成功: SHSE.688511 [天微电子] BUY @ 20.77 (VR:0.61)
[2026-07-31 14:36:01]  [行7] 解析成功: SHSE.688249 [晶合集成] SELL @ 37.54 (VR:0.37)
[2026-07-31 14:36:01]  [行8] 解析成功: SZSE.301252 [同星科技] SELL @ 28.2 (VR:0.79)
[2026-07-31 14:36:01]  [行9] 解析成功: SZSE.301392 [汇成真空] SELL @ 127.87 (VR:0.6)
[2026-07-31 14:36:01]  [行10] 解析成功: SZSE.300420 [五洋自控] SELL @ 5.73 (VR:0.24)
[2026-07-31 14:36:01]  [行11] 解析成功: SZSE.300661 [圣邦股份] SELL @ 96.84 (VR:0.12)
[2026-07-31 14:36:01]  [行12] 解析成功: SZSE.300780 [德恩精工] BUY @ 17.57 (VR:0.55)
[2026-07-31 14:36:01] 成功保存 12 条因子至: signal_batch_20260731_143601_074342.txt
[2026-07-31 14:36:01]  QQ-备用 邮件 3320 处理完成
[2026-07-31 14:36:01]  QQ-备用 本轮共成功处理 1 封有效信号邮件
[2026-07-31 14:36:36]  正在连接 QQ-主 邮箱服务器 (497720537@qq.com) ...
[2026-07-31 14:36:36]  正在连接 QQ-备用 邮箱服务器 (shouqianbadavid@qq.com) ...
[2026-07-31 14:37:12]  正在连接 QQ-主 邮箱服务器 (497720537@qq.com) ...
[2026-07-31 14:37:13]  QQ-主 正在解析因子: =?utf-8?b?QWxwaGFQaWxvdCDlrp7ml7bkv6Hlj7cgKGFscGhhX3NpZ25hbF90aHJfMjAyNjA3MzFfMTQzNi5qc29uKSBb5Li7UVEt5a+55aSWXQ==?=
[2026-07-31 14:37:13]  发现表格，共 12 行数据
[2026-07-31 14:37:13]  动态索引映射: ['股票代码', '股票名称', '信号', '当前价格', '量比', '来源过滤']
[2026-07-31 14:37:13]  [行1] 解析成功: SHSE.688002 [睿创微纳] BUY @ 143.36 (VR:0.02)
[2026-07-31 14:37:13]  [行2] 解析成功: SHSE.688521 [芯原股份] SELL @ 197.3 (VR:0.08)
[2026-07-31 14:37:13]  [行3] 解析成功: SHSE.688227 [品高股份] BUY @ 69.86 (VR:0.44)
[2026-07-31 14:37:13]  [行4] 解析成功: SZSE.300689 [澄天伟业] BUY @ 43.13 (VR:2.95)
[2026-07-31 14:37:13]  [行5] 解析成功: SZSE.301045 [天禄科技] BUY @ 55.49 (VR:0.35)
[2026-07-31 14:37:13]  [行6] 解析成功: SZSE.001339 [智微智能] SELL @ 67.9 (VR:2.48)
[2026-07-31 14:37:13]  [行7] 解析成功: SHSE.688002 [睿创微纳] BUY @ 143.58 (VR:1.13)
[2026-07-31 14:37:13]  [行8] 解析成功: SHSE.688521 [芯原股份] SELL @ 197.2 (VR:0.03)
[2026-07-31 14:37:13]  [行9] 解析成功: SHSE.688227 [品高股份] BUY @ 69.96 (VR:2.36)
[2026-07-31 14:37:13]  [行10] 解析成功: SZSE.300689 [澄天伟业] BUY @ 43.15 (VR:0.28)
[2026-07-31 14:37:13]  [行11] 解析成功: SZSE.301045 [天禄科技] BUY @ 55.53 (VR:0.08)
[2026-07-31 14:37:13]  [行12] 解析成功: SZSE.001339 [智微智能] SELL @ 67.81 (VR:0.79)
[2026-07-31 14:37:13] 成功保存 12 条因子至: signal_batch_20260731_143713_041883.txt
[2026-07-31 14:37:13]  QQ-主 邮件 5644 处理完成
[2026-07-31 14:37:13]  QQ-主 本轮共成功处理 1 封有效信号邮件
[2026-07-31 14:37:13]  正在连接 QQ-备用 邮箱服务器 (shouqianbadavid@qq.com) ...
[2026-07-31 14:37:48]  正在连接 QQ-主 邮箱服务器 (497720537@qq.com) ...
[2026-07-31 14:37:49]  正在连接 QQ-备用 邮箱服务器 (shouqianbadavid@qq.com) ...
[2026-07-31 14:38:25]  正在连接 QQ-主 邮箱服务器 (497720537@qq.com) ...
[2026-07-31 14:38:26]  正在连接 QQ-备用 邮箱服务器 (shouqianbadavid@qq.com) ...
[2026-07-31 14:38:27]  QQ-备用 正在解析因子: =?utf-8?b?QWxwaGFQaWxvdCDlpIfku73kv6Hlj7cgKGFscGhhX3NpZ25hbF90aHJfMjAyNjA3MzFfMTQzNi5qc29uKSBb5aSHUVEt6Ieq5L+dXQ==?=
[2026-07-31 14:38:27]  发现表格，共 12 行数据
[2026-07-31 14:38:27]  动态索引映射: ['股票代码', '股票名称', '信号', '当前价格', '量比', '来源过滤']
[2026-07-31 14:38:27]  [行1] 解析成功: SHSE.688002 [睿创微纳] BUY @ 143.36 (VR:0.02)
[2026-07-31 14:38:27]  [行2] 解析成功: SHSE.688521 [芯原股份] SELL @ 197.3 (VR:0.08)
[2026-07-31 14:38:27]  [行3] 解析成功: SHSE.688227 [品高股份] BUY @ 69.86 (VR:0.44)
[2026-07-31 14:38:27]  [行4] 解析成功: SZSE.300689 [澄天伟业] BUY @ 43.13 (VR:2.95)
[2026-07-31 14:38:27]  [行5] 解析成功: SZSE.301045 [天禄科技] BUY @ 55.49 (VR:0.35)
[2026-07-31 14:38:27]  [行6] 解析成功: SZSE.001339 [智微智能] SELL @ 67.9 (VR:2.48)
[2026-07-31 14:38:27]  [行7] 解析成功: SHSE.688002 [睿创微纳] BUY @ 143.58 (VR:1.13)
[2026-07-31 14:38:27]  [行8] 解析成功: SHSE.688521 [芯原股份] SELL @ 197.2 (VR:0.03)
[2026-07-31 14:38:27]  [行9] 解析成功: SHSE.688227 [品高股份] BUY @ 69.96 (VR:2.36)
[2026-07-31 14:38:27]  [行10] 解析成功: SZSE.300689 [澄天伟业] BUY @ 43.15 (VR:0.28)
[2026-07-31 14:38:27]  [行11] 解析成功: SZSE.301045 [天禄科技] BUY @ 55.53 (VR:0.08)
[2026-07-31 14:38:27]  [行12] 解析成功: SZSE.001339 [智微智能] SELL @ 67.81 (VR:0.79)
[2026-07-31 14:38:27] 成功保存 12 条因子至: signal_batch_20260731_143827_714574.txt
[2026-07-31 14:38:27]  QQ-备用 邮件 3321 处理完成
[2026-07-31 14:38:27]  QQ-备用 本轮共成功处理 1 封有效信号邮件
[2026-07-31 14:39:02]  正在连接 QQ-主 邮箱服务器 (497720537@qq.com) ...
[2026-07-31 14:39:03]  正在连接 QQ-备用 邮箱服务器 (shouqianbadavid@qq.com) ...
[2026-07-31 14:39:39]  正在连接 QQ-主 邮箱服务器 (497720537@qq.com) ...
[2026-07-31 14:39:39]  QQ-主 正在解析因子: =?utf-8?b?QWxwaGFQaWxvdCDlrp7ml7bkv6Hlj7cgKGFscGhhX3NpZ25hbF90aHJfMjAyNjA3MzFfMTQzOS5qc29uKSBb5Li7UVEt5a+55aSWXQ==?=
[2026-07-31 14:39:39]  发现表格，共 12 行数据
[2026-07-31 14:39:39]  动态索引映射: ['股票代码', '股票名称', '信号', '当前价格', '量比', '来源过滤']
[2026-07-31 14:39:39]  [行1] 解析成功: SHSE.600353 [旭光电子] BUY @ 22.37 (VR:0.38)
[2026-07-31 14:39:39]  [行2] 解析成功: SHSE.601138 [工业富联] BUY @ 56.94 (VR:0.21)
[2026-07-31 14:39:39]  [行3] 解析成功: SZSE.300811 [铂力特] BUY @ 58.47 (VR:0.73)
[2026-07-31 14:39:39]  [行4] 解析成功: SZSE.300346 [南大光电] BUY @ 48.86 (VR:0.99)
[2026-07-31 14:39:39]  [行5] 解析成功: SZSE.301018 [申菱环境] BUY @ 71.22 (VR:1.1)
[2026-07-31 14:39:39]  [行6] 解析成功: SZSE.300739 [明阳电路] BUY @ 19.89 (VR:0.75)
[2026-07-31 14:39:39]  [行7] 解析成功: SHSE.600353 [旭光电子] BUY @ 22.41 (VR:0.12)
[2026-07-31 14:39:39]  [行8] 解析成功: SHSE.601138 [工业富联] BUY @ 56.95 (VR:0.54)
[2026-07-31 14:39:39]  [行9] 解析成功: SZSE.300811 [铂力特] BUY @ 58.56 (VR:0.03)
[2026-07-31 14:39:39]  [行10] 解析成功: SZSE.300346 [南大光电] BUY @ 48.91 (VR:0.69)
[2026-07-31 14:39:39]  [行11] 解析成功: SZSE.301018 [申菱环境] BUY @ 71.29 (VR:0.25)
[2026-07-31 14:39:39]  [行12] 解析成功: SZSE.300739 [明阳电路] BUY @ 19.9 (VR:0.5)
[2026-07-31 14:39:39] 成功保存 12 条因子至: signal_batch_20260731_143939_806494.txt
[2026-07-31 14:39:39]  QQ-主 邮件 5645 处理完成
[2026-07-31 14:39:39]  QQ-主 本轮共成功处理 1 封有效信号邮件
[2026-07-31 14:39:40]  正在连接 QQ-备用 邮箱服务器 (shouqianbadavid@qq.com) ...
[2026-07-31 14:40:15]  正在连接 QQ-主 邮箱服务器 (497720537@qq.com) ...
[2026-07-31 14:40:16]  正在连接 QQ-备用 邮箱服务器 (shouqianbadavid@qq.com) ...
[2026-07-31 14:40:52]  正在连接 QQ-主 邮箱服务器 (497720537@qq.com) ...
[2026-07-31 14:40:53]  正在连接 QQ-备用 邮箱服务器 (shouqianbadavid@qq.com) ...
[2026-07-31 14:40:54]  QQ-备用 正在解析因子: =?utf-8?b?QWxwaGFQaWxvdCDlpIfku73kv6Hlj7cgKGFscGhhX3NpZ25hbF90aHJfMjAyNjA3MzFfMTQzOS5qc29uKSBb5aSHUVEt6Ieq5L+dXQ==?=
[2026-07-31 14:40:54]  发现表格，共 12 行数据
[2026-07-31 14:40:54]  动态索引映射: ['股票代码', '股票名称', '信号', '当前价格', '量比', '来源过滤']
[2026-07-31 14:40:54]  [行1] 解析成功: SHSE.600353 [旭光电子] BUY @ 22.37 (VR:0.38)
[2026-07-31 14:40:54]  [行2] 解析成功: SHSE.601138 [工业富联] BUY @ 56.94 (VR:0.21)
[2026-07-31 14:40:54]  [行3] 解析成功: SZSE.300811 [铂力特] BUY @ 58.47 (VR:0.73)
[2026-07-31 14:40:54]  [行4] 解析成功: SZSE.300346 [南大光电] BUY @ 48.86 (VR:0.99)
[2026-07-31 14:40:54]  [行5] 解析成功: SZSE.301018 [申菱环境] BUY @ 71.22 (VR:1.1)
[2026-07-31 14:40:54]  [行6] 解析成功: SZSE.300739 [明阳电路] BUY @ 19.89 (VR:0.75)
[2026-07-31 14:40:54]  [行7] 解析成功: SHSE.600353 [旭光电子] BUY @ 22.41 (VR:0.12)
[2026-07-31 14:40:54]  [行8] 解析成功: SHSE.601138 [工业富联] BUY @ 56.95 (VR:0.54)
[2026-07-31 14:40:54]  [行9] 解析成功: SZSE.300811 [铂力特] BUY @ 58.56 (VR:0.03)
[2026-07-31 14:40:54]  [行10] 解析成功: SZSE.300346 [南大光电] BUY @ 48.91 (VR:0.69)
[2026-07-31 14:40:54]  [行11] 解析成功: SZSE.301018 [申菱环境] BUY @ 71.29 (VR:0.25)
[2026-07-31 14:40:54]  [行12] 解析成功: SZSE.300739 [明阳电路] BUY @ 19.9 (VR:0.5)
[2026-07-31 14:40:54] 成功保存 12 条因子至: signal_batch_20260731_144054_272506.txt
[2026-07-31 14:40:54]  QQ-备用 邮件 3322 处理完成
[2026-07-31 14:40:54]  QQ-备用 本轮共成功处理 1 封有效信号邮件
[2026-07-31 14:41:29]  正在连接 QQ-主 邮箱服务器 (497720537@qq.com) ...
[2026-07-31 14:41:30]  正在连接 QQ-备用 邮箱服务器 (shouqianbadavid@qq.com) ...
[2026-07-31 14:42:05]  正在连接 QQ-主 邮箱服务器 (497720537@qq.com) ...
[2026-07-31 14:42:06]  QQ-主 正在解析因子: =?utf-8?b?QWxwaGFQaWxvdCDlrp7ml7bkv6Hlj7cgKGFscGhhX3NpZ25hbF90aHJfMjAyNjA3MzFfMTQ0MS5qc29uKSBb5Li7UVEt5a+55aSWXQ==?=
[2026-07-31 14:42:06]  发现表格，共 12 行数据
[2026-07-31 14:42:06]  动态索引映射: ['股票代码', '股票名称', '信号', '当前价格', '量比', '来源过滤']
[2026-07-31 14:42:06]  [行1] 解析成功: SHSE.603618 [杭电股份] SELL @ 22.59 (VR:0.56)
[2026-07-31 14:42:06]  [行2] 解析成功: SHSE.605111 [新洁能] SELL @ 49.35 (VR:0.33)
[2026-07-31 14:42:06]  [行3] 解析成功: SZSE.003031 [中瓷电子] SELL @ 95.65 (VR:0.06)
[2026-07-31 14:42:06]  [行4] 解析成功: SZSE.000920 [沃顿科技] SELL @ 10.79 (VR:0.04)
[2026-07-31 14:42:06]  [行5] 解析成功: SZSE.000823 [超声电子] SELL @ 12.78 (VR:0.78)
[2026-07-31 14:42:06]  [行6] 解析成功: SZSE.301070 [开勒股份] SELL @ 54.43 (VR:0.24)
[2026-07-31 14:42:06]  [行7] 解析成功: SHSE.603618 [杭电股份] SELL @ 22.55 (VR:0.75)
[2026-07-31 14:42:06]  [行8] 解析成功: SHSE.605111 [新洁能] SELL @ 49.3 (VR:0.52)
[2026-07-31 14:42:06]  [行9] 解析成功: SZSE.003031 [中瓷电子] SELL @ 95.3 (VR:0.81)
[2026-07-31 14:42:06]  [行10] 解析成功: SZSE.000920 [沃顿科技] SELL @ 10.78 (VR:0.02)
[2026-07-31 14:42:06]  [行11] 解析成功: SZSE.000823 [超声电子] SELL @ 12.76 (VR:0.01)
[2026-07-31 14:42:06]  [行12] 解析成功: SZSE.301070 [开勒股份] SELL @ 54.33 (VR:0.03)
[2026-07-31 14:42:06] 成功保存 12 条因子至: signal_batch_20260731_144206_287106.txt
[2026-07-31 14:42:06]  QQ-主 邮件 5646 处理完成
[2026-07-31 14:42:06]  QQ-主 本轮共成功处理 1 封有效信号邮件
[2026-07-31 14:42:06]  正在连接 QQ-备用 邮箱服务器 (shouqianbadavid@qq.com) ...
[2026-07-31 14:42:42]  正在连接 QQ-主 邮箱服务器 (497720537@qq.com) ...
[2026-07-31 14:42:43]  正在连接 QQ-备用 邮箱服务器 (shouqianbadavid@qq.com) ...
[2026-07-31 14:43:18]  正在连接 QQ-主 邮箱服务器 (497720537@qq.com) ...
[2026-07-31 14:43:20]  正在连接 QQ-备用 邮箱服务器 (shouqianbadavid@qq.com) ...
[2026-07-31 14:43:21]  QQ-备用 正在解析因子: =?utf-8?b?QWxwaGFQaWxvdCDlpIfku73kv6Hlj7cgKGFscGhhX3NpZ25hbF90aHJfMjAyNjA3MzFfMTQ0MS5qc29uKSBb5aSHUVEt6Ieq5L+dXQ==?=
[2026-07-31 14:43:21]  发现表格，共 12 行数据
[2026-07-31 14:43:21]  动态索引映射: ['股票代码', '股票名称', '信号', '当前价格', '量比', '来源过滤']
[2026-07-31 14:43:21]  [行1] 解析成功: SHSE.603618 [杭电股份] SELL @ 22.59 (VR:0.56)
[2026-07-31 14:43:21]  [行2] 解析成功: SHSE.605111 [新洁能] SELL @ 49.35 (VR:0.33)
[2026-07-31 14:43:21]  [行3] 解析成功: SZSE.003031 [中瓷电子] SELL @ 95.65 (VR:0.06)
[2026-07-31 14:43:21]  [行4] 解析成功: SZSE.000920 [沃顿科技] SELL @ 10.79 (VR:0.04)
[2026-07-31 14:43:21]  [行5] 解析成功: SZSE.000823 [超声电子] SELL @ 12.78 (VR:0.78)
[2026-07-31 14:43:21]  [行6] 解析成功: SZSE.301070 [开勒股份] SELL @ 54.43 (VR:0.24)
[2026-07-31 14:43:21]  [行7] 解析成功: SHSE.603618 [杭电股份] SELL @ 22.55 (VR:0.75)
[2026-07-31 14:43:21]  [行8] 解析成功: SHSE.605111 [新洁能] SELL @ 49.3 (VR:0.52)
[2026-07-31 14:43:21]  [行9] 解析成功: SZSE.003031 [中瓷电子] SELL @ 95.3 (VR:0.81)
[2026-07-31 14:43:21]  [行10] 解析成功: SZSE.000920 [沃顿科技] SELL @ 10.78 (VR:0.02)
[2026-07-31 14:43:21]  [行11] 解析成功: SZSE.000823 [超声电子] SELL @ 12.76 (VR:0.01)
[2026-07-31 14:43:21]  [行12] 解析成功: SZSE.301070 [开勒股份] SELL @ 54.33 (VR:0.03)
[2026-07-31 14:43:21] 成功保存 12 条因子至: signal_batch_20260731_144321_331313.txt
[2026-07-31 14:43:21]  QQ-备用 邮件 3323 处理完成
[2026-07-31 14:43:21]  QQ-备用 本轮共成功处理 1 封有效信号邮件
[2026-07-31 14:43:56]  正在连接 QQ-主 邮箱服务器 (497720537@qq.com) ...
[2026-07-31 14:43:57]  QQ-主 正在解析因子: =?utf-8?b?QWxwaGFQaWxvdCDlrp7ml7bkv6Hlj7cgKGFscGhhX3NpZ25hbF90aHJfMjAyNjA3MzFfMTQ0My5qc29uKSBb5Li7UVEt5a+55aSWXQ==?=
[2026-07-31 14:43:57]  发现表格，共 14 行数据
[2026-07-31 14:43:57]  动态索引映射: ['股票代码', '股票名称', '信号', '当前价格', '量比', '来源过滤']
[2026-07-31 14:43:57]  [行1] 解析成功: SHSE.688199 [久日新材] SELL @ 20.5 (VR:0.6)
[2026-07-31 14:43:57]  [行2] 解析成功: SZSE.300136 [信维通信] BUY @ 58.05 (VR:2.28)
[2026-07-31 14:43:57]  [行3] 解析成功: SZSE.300236 [上海新阳] SELL @ 84.5 (VR:0.04)
[2026-07-31 14:43:57]  [行4] 解析成功: SZSE.300162 [雷曼光电] SELL @ 7.26 (VR:0.01)
[2026-07-31 14:43:57]  [行5] 解析成功: SZSE.301178 [天亿马] BUY @ 31.7 (VR:0.26)
[2026-07-31 14:43:57]  [行6] 解析成功: SZSE.002158 [汉钟精机] BUY @ 25.67 (VR:1.43)
[2026-07-31 14:43:57]  [行7] 解析成功: SZSE.002635 [安洁科技] BUY @ 13.29 (VR:1.01)
[2026-07-31 14:43:57]  [行8] 解析成功: SHSE.688199 [久日新材] SELL @ 20.49 (VR:0.7)
[2026-07-31 14:43:57]  [行9] 解析成功: SZSE.300136 [信维通信] BUY @ 58.12 (VR:2.75)
[2026-07-31 14:43:57]  [行10] 解析成功: SZSE.300236 [上海新阳] SELL @ 84.45 (VR:1.14)
[2026-07-31 14:43:57]  [行11] 解析成功: SZSE.300162 [雷曼光电] SELL @ 7.25 (VR:0.0)
[2026-07-31 14:43:57]  [行12] 解析成功: SZSE.301178 [天亿马] BUY @ 31.71 (VR:0.68)
[2026-07-31 14:43:57]  [行13] 解析成功: SZSE.002158 [汉钟精机] BUY @ 25.68 (VR:0.57)
[2026-07-31 14:43:57]  [行14] 解析成功: SZSE.002635 [安洁科技] BUY @ 13.3 (VR:0.29)
[2026-07-31 14:43:57] 成功保存 14 条因子至: signal_batch_20260731_144357_150261.txt
[2026-07-31 14:43:57]  QQ-主 邮件 5647 处理完成
[2026-07-31 14:43:57]  QQ-主 本轮共成功处理 1 封有效信号邮件
[2026-07-31 14:43:57]  正在连接 QQ-备用 邮箱服务器 (shouqianbadavid@qq.com) ...
[2026-07-31 14:44:33]  正在连接 QQ-主 邮箱服务器 (497720537@qq.com) ...
[2026-07-31 14:44:33]  正在连接 QQ-备用 邮箱服务器 (shouqianbadavid@qq.com) ...
[2026-07-31 14:45:09]  正在连接 QQ-主 邮箱服务器 (497720537@qq.com) ...
[2026-07-31 14:45:10]  正在连接 QQ-备用 邮箱服务器 (shouqianbadavid@qq.com) ...
[2026-07-31 14:45:45]  正在连接 QQ-主 邮箱服务器 (497720537@qq.com) ...
[2026-07-31 14:45:47]  正在连接 QQ-备用 邮箱服务器 (shouqianbadavid@qq.com) ...
[2026-07-31 14:45:48]  QQ-备用 正在解析因子: =?utf-8?b?QWxwaGFQaWxvdCDlpIfku73kv6Hlj7cgKGFscGhhX3NpZ25hbF90aHJfMjAyNjA3MzFfMTQ0My5qc29uKSBb5aSHUVEt6Ieq5L+dXQ==?=
[2026-07-31 14:45:48]  发现表格，共 14 行数据
[2026-07-31 14:45:48]  动态索引映射: ['股票代码', '股票名称', '信号', '当前价格', '量比', '来源过滤']
[2026-07-31 14:45:48]  [行1] 解析成功: SHSE.688199 [久日新材] SELL @ 20.5 (VR:0.6)
[2026-07-31 14:45:48]  [行2] 解析成功: SZSE.300136 [信维通信] BUY @ 58.05 (VR:2.28)
[2026-07-31 14:45:48]  [行3] 解析成功: SZSE.300236 [上海新阳] SELL @ 84.5 (VR:0.04)
[2026-07-31 14:45:48]  [行4] 解析成功: SZSE.300162 [雷曼光电] SELL @ 7.26 (VR:0.01)
[2026-07-31 14:45:48]  [行5] 解析成功: SZSE.301178 [天亿马] BUY @ 31.7 (VR:0.26)
[2026-07-31 14:45:48]  [行6] 解析成功: SZSE.002158 [汉钟精机] BUY @ 25.67 (VR:1.43)
[2026-07-31 14:45:48]  [行7] 解析成功: SZSE.002635 [安洁科技] BUY @ 13.29 (VR:1.01)
[2026-07-31 14:45:48]  [行8] 解析成功: SHSE.688199 [久日新材] SELL @ 20.49 (VR:0.7)
[2026-07-31 14:45:48]  [行9] 解析成功: SZSE.300136 [信维通信] BUY @ 58.12 (VR:2.75)
[2026-07-31 14:45:48]  [行10] 解析成功: SZSE.300236 [上海新阳] SELL @ 84.45 (VR:1.14)
[2026-07-31 14:45:48]  [行11] 解析成功: SZSE.300162 [雷曼光电] SELL @ 7.25 (VR:0.0)
[2026-07-31 14:45:48]  [行12] 解析成功: SZSE.301178 [天亿马] BUY @ 31.71 (VR:0.68)
[2026-07-31 14:45:48]  [行13] 解析成功: SZSE.002158 [汉钟精机] BUY @ 25.68 (VR:0.57)
[2026-07-31 14:45:48]  [行14] 解析成功: SZSE.002635 [安洁科技] BUY @ 13.3 (VR:0.29)
[2026-07-31 14:45:48] 成功保存 14 条因子至: signal_batch_20260731_144548_263743.txt
[2026-07-31 14:45:48]  QQ-备用 邮件 3324 处理完成
[2026-07-31 14:45:48]  QQ-备用 本轮共成功处理 1 封有效信号邮件
[2026-07-31 14:46:23]  正在连接 QQ-主 邮箱服务器 (497720537@qq.com) ...
[2026-07-31 14:46:24]  QQ-主 正在解析因子: =?utf-8?b?QWxwaGFQaWxvdCDlrp7ml7bkv6Hlj7cgKGFscGhhX3NpZ25hbF90aHJfMjAyNjA3MzFfMTQ0NS5qc29uKSBb5Li7UVEt5a+55aSWXQ==?=
[2026-07-31 14:46:24]  发现表格，共 16 行数据
[2026-07-31 14:46:24]  动态索引映射: ['股票代码', '股票名称', '信号', '当前价格', '量比', '来源过滤']
[2026-07-31 14:46:24]  [行1] 解析成功: SHSE.688216 [气派科技] SELL @ 25.32 (VR:0.07)
[2026-07-31 14:46:24]  [行2] 解析成功: SHSE.688721 [龙图光罩] SELL @ 35.32 (VR:1.2)
[2026-07-31 14:46:24]  [行3] 解析成功: SHSE.688249 [晶合集成] BUY @ 37.29 (VR:0.02)
[2026-07-31 14:46:24]  [行4] 解析成功: SHSE.688138 [清溢光电] SELL @ 27.84 (VR:0.04)
[2026-07-31 14:46:24]  [行5] 解析成功: SZSE.300285 [国瓷材料] BUY @ 62.7 (VR:0.42)
[2026-07-31 14:46:24]  [行6] 解析成功: SZSE.301392 [汇成真空] SELL @ 126.66 (VR:0.26)
[2026-07-31 14:46:24]  [行7] 解析成功: SZSE.300661 [圣邦股份] BUY @ 96.2 (VR:0.49)
[2026-07-31 14:46:24]  [行8] 解析成功: SZSE.300780 [德恩精工] SELL @ 17.48 (VR:1.48)
[2026-07-31 14:46:24]  [行9] 解析成功: SHSE.688216 [气派科技] SELL @ 25.29 (VR:1.0)
[2026-07-31 14:46:24]  [行10] 解析成功: SHSE.688721 [龙图光罩] SELL @ 35.29 (VR:0.06)
[2026-07-31 14:46:24]  [行11] 解析成功: SHSE.688249 [晶合集成] BUY @ 37.3 (VR:0.03)
[2026-07-31 14:46:24]  [行12] 解析成功: SHSE.688138 [清溢光电] SELL @ 27.81 (VR:0.04)
[2026-07-31 14:46:24]  [行13] 解析成功: SZSE.300285 [国瓷材料] BUY @ 62.79 (VR:0.07)
[2026-07-31 14:46:24]  [行14] 解析成功: SZSE.301392 [汇成真空] SELL @ 126.51 (VR:0.27)
[2026-07-31 14:46:24]  [行15] 解析成功: SZSE.300661 [圣邦股份] BUY @ 96.23 (VR:0.29)
[2026-07-31 14:46:24]  [行16] 解析成功: SZSE.300780 [德恩精工] SELL @ 17.46 (VR:0.55)
[2026-07-31 14:46:24] 成功保存 16 条因子至: signal_batch_20260731_144624_143386.txt
[2026-07-31 14:46:24]  QQ-主 邮件 5648 处理完成
[2026-07-31 14:46:24]  QQ-主 本轮共成功处理 1 封有效信号邮件
[2026-07-31 14:46:24]  正在连接 QQ-备用 邮箱服务器 (shouqianbadavid@qq.com) ...
[2026-07-31 14:46:59]  正在连接 QQ-主 邮箱服务器 (497720537@qq.com) ...
[2026-07-31 14:47:00]  正在连接 QQ-备用 邮箱服务器 (shouqianbadavid@qq.com) ...
[2026-07-31 14:47:36]  正在连接 QQ-主 邮箱服务器 (497720537@qq.com) ...
[2026-07-31 14:47:36]  正在连接 QQ-备用 邮箱服务器 (shouqianbadavid@qq.com) ...
[2026-07-31 14:48:12]  正在连接 QQ-主 邮箱服务器 (497720537@qq.com) ...
[2026-07-31 14:48:12]  QQ-主 正在解析因子: =?utf-8?b?QWxwaGFQaWxvdCDlrp7ml7bkv6Hlj7cgKGFscGhhX3NpZ25hbF90aHJfMjAyNjA3MzFfMTQ0Ny5qc29uKSBb5Li7UVEt5a+55aSWXQ==?=
[2026-07-31 14:48:12]  发现表格，共 26 行数据
[2026-07-31 14:48:12]  动态索引映射: ['股票代码', '股票名称', '信号', '当前价格', '量比', '来源过滤']
[2026-07-31 14:48:12]  [行1] 解析成功: SHSE.688110 [东芯股份] BUY @ 102.38 (VR:0.28)
[2026-07-31 14:48:12]  [行2] 解析成功: SHSE.688665 [四方光电] BUY @ 43.04 (VR:0.22)
[2026-07-31 14:48:12]  [行3] 解析成功: SHSE.688002 [睿创微纳] BUY @ 141.82 (VR:0.21)
[2026-07-31 14:48:12]  [行4] 解析成功: SHSE.688102 [斯瑞新材] BUY @ 27.92 (VR:0.82)
[2026-07-31 14:48:12]  [行5] 解析成功: SHSE.688521 [芯原股份] SELL @ 194.77 (VR:0.43)
[2026-07-31 14:48:12]  [行6] 解析成功: SHSE.688227 [品高股份] BUY @ 69.62 (VR:0.62)
[2026-07-31 14:48:12]  [行7] 解析成功: SZSE.300852 [四会富仕] BUY @ 36.76 (VR:0.41)
[2026-07-31 14:48:12]  [行8] 解析成功: SZSE.300689 [澄天伟业] BUY @ 43.03 (VR:0.33)
[2026-07-31 14:48:12]  [行9] 解析成功: SZSE.301045 [天禄科技] BUY @ 54.9 (VR:0.47)
[2026-07-31 14:48:12]  [行10] 解析成功: SZSE.300806 [斯迪克] BUY @ 41.87 (VR:2.15)
[2026-07-31 14:48:12]  [行11] 解析成功: SZSE.300679 [电连技术] BUY @ 36.67 (VR:0.32)
[2026-07-31 14:48:12]  [行12] 解析成功: SZSE.300790 [宇瞳光学] BUY @ 16.63 (VR:0.7)
[2026-07-31 14:48:12]  [行13] 解析成功: SZSE.002718 [友邦吊顶] BUY @ 79.54 (VR:0.54)
[2026-07-31 14:48:12]  [行14] 解析成功: SHSE.688110 [东芯股份] BUY @ 102.46 (VR:0.15)
[2026-07-31 14:48:12]  [行15] 解析成功: SHSE.688665 [四方光电] BUY @ 43.08 (VR:0.61)
[2026-07-31 14:48:12]  [行16] 解析成功: SHSE.688002 [睿创微纳] BUY @ 141.96 (VR:0.07)
[2026-07-31 14:48:12]  [行17] 解析成功: SHSE.688102 [斯瑞新材] BUY @ 27.93 (VR:0.08)
[2026-07-31 14:48:12]  [行18] 解析成功: SHSE.688521 [芯原股份] SELL @ 194.53 (VR:0.75)
[2026-07-31 14:48:12]  [行19] 解析成功: SHSE.688227 [品高股份] BUY @ 69.82 (VR:0.94)
[2026-07-31 14:48:12]  [行20] 解析成功: SZSE.300852 [四会富仕] BUY @ 36.77 (VR:0.88)
[2026-07-31 14:48:12]  [行21] 解析成功: SZSE.300689 [澄天伟业] BUY @ 43.09 (VR:0.09)
[2026-07-31 14:48:12]  [行22] 解析成功: SZSE.301045 [天禄科技] BUY @ 54.97 (VR:0.13)
[2026-07-31 14:48:12]  [行23] 解析成功: SZSE.300806 [斯迪克] BUY @ 41.93 (VR:0.21)
[2026-07-31 14:48:12]  [行24] 解析成功: SZSE.300679 [电连技术] BUY @ 36.69 (VR:1.03)
[2026-07-31 14:48:12]  [行25] 解析成功: SZSE.300790 [宇瞳光学] BUY @ 16.65 (VR:0.41)
[2026-07-31 14:48:12]  [行26] 解析成功: SZSE.002718 [友邦吊顶] BUY @ 79.56 (VR:0.32)
[2026-07-31 14:48:12] 成功保存 26 条因子至: signal_batch_20260731_144812_943320.txt
[2026-07-31 14:48:13]  QQ-主 邮件 5649 处理完成
[2026-07-31 14:48:13]  QQ-主 本轮共成功处理 1 封有效信号邮件
[2026-07-31 14:48:13]  正在连接 QQ-备用 邮箱服务器 (shouqianbadavid@qq.com) ...
[2026-07-31 14:48:14]  QQ-备用 正在解析因子: =?utf-8?b?QWxwaGFQaWxvdCDlpIfku73kv6Hlj7cgKGFscGhhX3NpZ25hbF90aHJfMjAyNjA3MzFfMTQ0NS5qc29uKSBb5aSHUVEt6Ieq5L+dXQ==?=
[2026-07-31 14:48:14]  发现表格，共 16 行数据
[2026-07-31 14:48:14]  动态索引映射: ['股票代码', '股票名称', '信号', '当前价格', '量比', '来源过滤']
[2026-07-31 14:48:14]  [行1] 解析成功: SHSE.688216 [气派科技] SELL @ 25.32 (VR:0.07)
[2026-07-31 14:48:14]  [行2] 解析成功: SHSE.688721 [龙图光罩] SELL @ 35.32 (VR:1.2)
[2026-07-31 14:48:14]  [行3] 解析成功: SHSE.688249 [晶合集成] BUY @ 37.29 (VR:0.02)
[2026-07-31 14:48:14]  [行4] 解析成功: SHSE.688138 [清溢光电] SELL @ 27.84 (VR:0.04)
[2026-07-31 14:48:14]  [行5] 解析成功: SZSE.300285 [国瓷材料] BUY @ 62.7 (VR:0.42)
[2026-07-31 14:48:14]  [行6] 解析成功: SZSE.301392 [汇成真空] SELL @ 126.66 (VR:0.26)
[2026-07-31 14:48:14]  [行7] 解析成功: SZSE.300661 [圣邦股份] BUY @ 96.2 (VR:0.49)
[2026-07-31 14:48:14]  [行8] 解析成功: SZSE.300780 [德恩精工] SELL @ 17.48 (VR:1.48)
[2026-07-31 14:48:14]  [行9] 解析成功: SHSE.688216 [气派科技] SELL @ 25.29 (VR:1.0)
[2026-07-31 14:48:14]  [行10] 解析成功: SHSE.688721 [龙图光罩] SELL @ 35.29 (VR:0.06)
[2026-07-31 14:48:14]  [行11] 解析成功: SHSE.688249 [晶合集成] BUY @ 37.3 (VR:0.03)
[2026-07-31 14:48:14]  [行12] 解析成功: SHSE.688138 [清溢光电] SELL @ 27.81 (VR:0.04)
[2026-07-31 14:48:14]  [行13] 解析成功: SZSE.300285 [国瓷材料] BUY @ 62.79 (VR:0.07)
[2026-07-31 14:48:14]  [行14] 解析成功: SZSE.301392 [汇成真空] SELL @ 126.51 (VR:0.27)
[2026-07-31 14:48:14]  [行15] 解析成功: SZSE.300661 [圣邦股份] BUY @ 96.23 (VR:0.29)
[2026-07-31 14:48:14]  [行16] 解析成功: SZSE.300780 [德恩精工] SELL @ 17.46 (VR:0.55)
[2026-07-31 14:48:14] 成功保存 16 条因子至: signal_batch_20260731_144814_469409.txt
[2026-07-31 14:48:14]  QQ-备用 邮件 3325 处理完成
[2026-07-31 14:48:14]  QQ-备用 正在解析因子: =?utf-8?b?QWxwaGFQaWxvdCDlpIfku73kv6Hlj7cgKGFscGhhX3NpZ25hbF90aHJfMjAyNjA3MzFfMTQ0Ny5qc29uKSBb5aSHUVEt6Ieq5L+dXQ==?=
[2026-07-31 14:48:14]  发现表格，共 26 行数据
[2026-07-31 14:48:14]  动态索引映射: ['股票代码', '股票名称', '信号', '当前价格', '量比', '来源过滤']
[2026-07-31 14:48:14]  [行1] 解析成功: SHSE.688110 [东芯股份] BUY @ 102.38 (VR:0.28)
[2026-07-31 14:48:14]  [行2] 解析成功: SHSE.688665 [四方光电] BUY @ 43.04 (VR:0.22)
[2026-07-31 14:48:14]  [行3] 解析成功: SHSE.688002 [睿创微纳] BUY @ 141.82 (VR:0.21)
[2026-07-31 14:48:14]  [行4] 解析成功: SHSE.688102 [斯瑞新材] BUY @ 27.92 (VR:0.82)
[2026-07-31 14:48:14]  [行5] 解析成功: SHSE.688521 [芯原股份] SELL @ 194.77 (VR:0.43)
[2026-07-31 14:48:14]  [行6] 解析成功: SHSE.688227 [品高股份] BUY @ 69.62 (VR:0.62)
[2026-07-31 14:48:14]  [行7] 解析成功: SZSE.300852 [四会富仕] BUY @ 36.76 (VR:0.41)
[2026-07-31 14:48:14]  [行8] 解析成功: SZSE.300689 [澄天伟业] BUY @ 43.03 (VR:0.33)
[2026-07-31 14:48:14]  [行9] 解析成功: SZSE.301045 [天禄科技] BUY @ 54.9 (VR:0.47)
[2026-07-31 14:48:14]  [行10] 解析成功: SZSE.300806 [斯迪克] BUY @ 41.87 (VR:2.15)
[2026-07-31 14:48:14]  [行11] 解析成功: SZSE.300679 [电连技术] BUY @ 36.67 (VR:0.32)
[2026-07-31 14:48:14]  [行12] 解析成功: SZSE.300790 [宇瞳光学] BUY @ 16.63 (VR:0.7)
[2026-07-31 14:48:14]  [行13] 解析成功: SZSE.002718 [友邦吊顶] BUY @ 79.54 (VR:0.54)
[2026-07-31 14:48:14]  [行14] 解析成功: SHSE.688110 [东芯股份] BUY @ 102.46 (VR:0.15)
[2026-07-31 14:48:14]  [行15] 解析成功: SHSE.688665 [四方光电] BUY @ 43.08 (VR:0.61)
[2026-07-31 14:48:14]  [行16] 解析成功: SHSE.688002 [睿创微纳] BUY @ 141.96 (VR:0.07)
[2026-07-31 14:48:14]  [行17] 解析成功: SHSE.688102 [斯瑞新材] BUY @ 27.93 (VR:0.08)
[2026-07-31 14:48:14]  [行18] 解析成功: SHSE.688521 [芯原股份] SELL @ 194.53 (VR:0.75)
[2026-07-31 14:48:14]  [行19] 解析成功: SHSE.688227 [品高股份] BUY @ 69.82 (VR:0.94)
[2026-07-31 14:48:14]  [行20] 解析成功: SZSE.300852 [四会富仕] BUY @ 36.77 (VR:0.88)
[2026-07-31 14:48:14]  [行21] 解析成功: SZSE.300689 [澄天伟业] BUY @ 43.09 (VR:0.09)
[2026-07-31 14:48:14]  [行22] 解析成功: SZSE.301045 [天禄科技] BUY @ 54.97 (VR:0.13)
[2026-07-31 14:48:14]  [行23] 解析成功: SZSE.300806 [斯迪克] BUY @ 41.93 (VR:0.21)
[2026-07-31 14:48:14]  [行24] 解析成功: SZSE.300679 [电连技术] BUY @ 36.69 (VR:1.03)
[2026-07-31 14:48:14]  [行25] 解析成功: SZSE.300790 [宇瞳光学] BUY @ 16.65 (VR:0.41)
[2026-07-31 14:48:14]  [行26] 解析成功: SZSE.002718 [友邦吊顶] BUY @ 79.56 (VR:0.32)
[2026-07-31 14:48:14] 成功保存 26 条因子至: signal_batch_20260731_144814_720209.txt
[2026-07-31 14:48:14]  QQ-备用 邮件 3326 处理完成
[2026-07-31 14:48:14]  QQ-备用 本轮共成功处理 2 封有效信号邮件
[2026-07-31 14:48:49]  正在连接 QQ-主 邮箱服务器 (497720537@qq.com) ...
[2026-07-31 14:48:50]  正在连接 QQ-备用 邮箱服务器 (shouqianbadavid@qq.com) ...
[2026-07-31 14:49:25]  正在连接 QQ-主 邮箱服务器 (497720537@qq.com) ...
[2026-07-31 14:49:26]  正在连接 QQ-备用 邮箱服务器 (shouqianbadavid@qq.com) ...
[2026-07-31 14:50:02]  正在连接 QQ-主 邮箱服务器 (497720537@qq.com) ...
[2026-07-31 14:50:02]  正在连接 QQ-备用 邮箱服务器 (shouqianbadavid@qq.com) ...
[2026-07-31 14:50:38]  正在连接 QQ-主 邮箱服务器 (497720537@qq.com) ...
[2026-07-31 14:50:39]  QQ-主 正在解析因子: =?utf-8?b?QWxwaGFQaWxvdCDlrp7ml7bkv6Hlj7cgKGFscGhhX3NpZ25hbF90aHJfMjAyNjA3MzFfMTQ1MC5qc29uKSBb5Li7UVEt5a+55aSWXQ==?=
[2026-07-31 14:50:39]  发现表格，共 12 行数据
[2026-07-31 14:50:39]  动态索引映射: ['股票代码', '股票名称', '信号', '当前价格', '量比', '来源过滤']
[2026-07-31 14:50:39]  [行1] 解析成功: SHSE.600353 [旭光电子] SELL @ 22.17 (VR:0.28)
[2026-07-31 14:50:39]  [行2] 解析成功: SZSE.300811 [铂力特] SELL @ 58.1 (VR:0.81)
[2026-07-31 14:50:39]  [行3] 解析成功: SZSE.300346 [南大光电] SELL @ 48.42 (VR:0.68)
[2026-07-31 14:50:39]  [行4] 解析成功: SZSE.000510 [新金路] SELL @ 13.55 (VR:1.34)
[2026-07-31 14:50:39]  [行5] 解析成功: SZSE.301018 [申菱环境] SELL @ 70.81 (VR:0.68)
[2026-07-31 14:50:39]  [行6] 解析成功: SZSE.300868 [杰美特] SELL @ 69.17 (VR:0.11)
[2026-07-31 14:50:39]  [行7] 解析成功: SHSE.600353 [旭光电子] SELL @ 22.14 (VR:0.22)
[2026-07-31 14:50:39]  [行8] 解析成功: SZSE.300811 [铂力特] SELL @ 58.0 (VR:0.72)
[2026-07-31 14:50:39]  [行9] 解析成功: SZSE.300346 [南大光电] SELL @ 48.35 (VR:0.5)
[2026-07-31 14:50:39]  [行10] 解析成功: SZSE.000510 [新金路] SELL @ 13.51 (VR:1.12)
[2026-07-31 14:50:39]  [行11] 解析成功: SZSE.301018 [申菱环境] SELL @ 70.79 (VR:1.11)
[2026-07-31 14:50:39]  [行12] 解析成功: SZSE.300868 [杰美特] SELL @ 69.15 (VR:1.15)
[2026-07-31 14:50:39] 成功保存 12 条因子至: signal_batch_20260731_145039_065259.txt
[2026-07-31 14:50:39]  QQ-主 邮件 5650 处理完成
[2026-07-31 14:50:39]  QQ-主 本轮共成功处理 1 封有效信号邮件
[2026-07-31 14:50:39]  正在连接 QQ-备用 邮箱服务器 (shouqianbadavid@qq.com) ...
[2026-07-31 14:50:40]  QQ-备用 正在解析因子: =?utf-8?b?QWxwaGFQaWxvdCDlpIfku73kv6Hlj7cgKGFscGhhX3NpZ25hbF90aHJfMjAyNjA3MzFfMTQ1MC5qc29uKSBb5aSHUVEt6Ieq5L+dXQ==?=
[2026-07-31 14:50:40]  发现表格，共 12 行数据
[2026-07-31 14:50:40]  动态索引映射: ['股票代码', '股票名称', '信号', '当前价格', '量比', '来源过滤']
[2026-07-31 14:50:40]  [行1] 解析成功: SHSE.600353 [旭光电子] SELL @ 22.17 (VR:0.28)
[2026-07-31 14:50:40]  [行2] 解析成功: SZSE.300811 [铂力特] SELL @ 58.1 (VR:0.81)
[2026-07-31 14:50:40]  [行3] 解析成功: SZSE.300346 [南大光电] SELL @ 48.42 (VR:0.68)
[2026-07-31 14:50:40]  [行4] 解析成功: SZSE.000510 [新金路] SELL @ 13.55 (VR:1.34)
[2026-07-31 14:50:40]  [行5] 解析成功: SZSE.301018 [申菱环境] SELL @ 70.81 (VR:0.68)
[2026-07-31 14:50:40]  [行6] 解析成功: SZSE.300868 [杰美特] SELL @ 69.17 (VR:0.11)
[2026-07-31 14:50:40]  [行7] 解析成功: SHSE.600353 [旭光电子] SELL @ 22.14 (VR:0.22)
[2026-07-31 14:50:40]  [行8] 解析成功: SZSE.300811 [铂力特] SELL @ 58.0 (VR:0.72)
[2026-07-31 14:50:40]  [行9] 解析成功: SZSE.300346 [南大光电] SELL @ 48.35 (VR:0.5)
[2026-07-31 14:50:40]  [行10] 解析成功: SZSE.000510 [新金路] SELL @ 13.51 (VR:1.12)
[2026-07-31 14:50:40]  [行11] 解析成功: SZSE.301018 [申菱环境] SELL @ 70.79 (VR:1.11)
[2026-07-31 14:50:40]  [行12] 解析成功: SZSE.300868 [杰美特] SELL @ 69.15 (VR:1.15)
[2026-07-31 14:50:40] 成功保存 12 条因子至: signal_batch_20260731_145040_063463.txt
[2026-07-31 14:50:40]  QQ-备用 邮件 3327 处理完成
[2026-07-31 14:50:40]  QQ-备用 本轮共成功处理 1 封有效信号邮件
[2026-07-31 14:51:15]  正在连接 QQ-主 邮箱服务器 (497720537@qq.com) ...
[2026-07-31 14:51:15]  正在连接 QQ-备用 邮箱服务器 (shouqianbadavid@qq.com) ...
[2026-07-31 14:51:51]  正在连接 QQ-主 邮箱服务器 (497720537@qq.com) ...
[2026-07-31 14:51:52]  正在连接 QQ-备用 邮箱服务器 (shouqianbadavid@qq.com) ...
[2026-07-31 14:52:27]  正在连接 QQ-主 邮箱服务器 (497720537@qq.com) ...
[2026-07-31 14:52:28]  正在连接 QQ-备用 邮箱服务器 (shouqianbadavid@qq.com) ...
[2026-07-31 14:53:04]  正在连接 QQ-主 邮箱服务器 (497720537@qq.com) ...
[2026-07-31 14:53:04]  QQ-主 正在解析因子: =?utf-8?b?QWxwaGFQaWxvdCDlrp7ml7bkv6Hlj7cgKGFscGhhX3NpZ25hbF90aHJfMjAyNjA3MzFfMTQ1Mi5qc29uKSBb5Li7UVEt5a+55aSWXQ==?=
[2026-07-31 14:53:04]  发现表格，共 12 行数据
[2026-07-31 14:53:04]  动态索引映射: ['股票代码', '股票名称', '信号', '当前价格', '量比', '来源过滤']
[2026-07-31 14:53:04]  [行1] 解析成功: SHSE.603773 [沃格光电] BUY @ 68.82 (VR:0.85)
[2026-07-31 14:53:04]  [行2] 解析成功: SHSE.605111 [新洁能] BUY @ 48.74 (VR:1.75)
[2026-07-31 14:53:04]  [行3] 解析成功: SZSE.003031 [中瓷电子] BUY @ 94.61 (VR:0.13)
[2026-07-31 14:53:04]  [行4] 解析成功: SZSE.002937 [兴瑞科技] BUY @ 25.84 (VR:0.59)
[2026-07-31 14:53:04]  [行5] 解析成功: SZSE.000823 [超声电子] BUY @ 12.67 (VR:0.92)
[2026-07-31 14:53:04]  [行6] 解析成功: SZSE.301070 [开勒股份] BUY @ 54.45 (VR:0.64)
[2026-07-31 14:53:04]  [行7] 解析成功: SHSE.603773 [沃格光电] BUY @ 68.87 (VR:1.37)
[2026-07-31 14:53:04]  [行8] 解析成功: SHSE.605111 [新洁能] BUY @ 48.8 (VR:1.56)
[2026-07-31 14:53:04]  [行9] 解析成功: SZSE.003031 [中瓷电子] BUY @ 94.71 (VR:0.57)
[2026-07-31 14:53:04]  [行10] 解析成功: SZSE.002937 [兴瑞科技] BUY @ 25.88 (VR:0.4)
[2026-07-31 14:53:04]  [行11] 解析成功: SZSE.000823 [超声电子] BUY @ 12.68 (VR:0.23)
[2026-07-31 14:53:04]  [行12] 解析成功: SZSE.301070 [开勒股份] BUY @ 54.53 (VR:2.03)
[2026-07-31 14:53:04] 成功保存 12 条因子至: signal_batch_20260731_145304_710035.txt
[2026-07-31 14:53:04]  QQ-主 邮件 5651 处理完成
[2026-07-31 14:53:04]  QQ-主 本轮共成功处理 1 封有效信号邮件
[2026-07-31 14:53:05]  正在连接 QQ-备用 邮箱服务器 (shouqianbadavid@qq.com) ...
[2026-07-31 14:53:06]  QQ-备用 正在解析因子: =?utf-8?b?QWxwaGFQaWxvdCDlpIfku73kv6Hlj7cgKGFscGhhX3NpZ25hbF90aHJfMjAyNjA3MzFfMTQ1Mi5qc29uKSBb5aSHUVEt6Ieq5L+dXQ==?=
[2026-07-31 14:53:06]  发现表格，共 12 行数据
[2026-07-31 14:53:06]  动态索引映射: ['股票代码', '股票名称', '信号', '当前价格', '量比', '来源过滤']
[2026-07-31 14:53:06]  [行1] 解析成功: SHSE.603773 [沃格光电] BUY @ 68.82 (VR:0.85)
[2026-07-31 14:53:06]  [行2] 解析成功: SHSE.605111 [新洁能] BUY @ 48.74 (VR:1.75)
[2026-07-31 14:53:06]  [行3] 解析成功: SZSE.003031 [中瓷电子] BUY @ 94.61 (VR:0.13)
[2026-07-31 14:53:06]  [行4] 解析成功: SZSE.002937 [兴瑞科技] BUY @ 25.84 (VR:0.59)
[2026-07-31 14:53:06]  [行5] 解析成功: SZSE.000823 [超声电子] BUY @ 12.67 (VR:0.92)
[2026-07-31 14:53:06]  [行6] 解析成功: SZSE.301070 [开勒股份] BUY @ 54.45 (VR:0.64)
[2026-07-31 14:53:06]  [行7] 解析成功: SHSE.603773 [沃格光电] BUY @ 68.87 (VR:1.37)
[2026-07-31 14:53:06]  [行8] 解析成功: SHSE.605111 [新洁能] BUY @ 48.8 (VR:1.56)
[2026-07-31 14:53:06]  [行9] 解析成功: SZSE.003031 [中瓷电子] BUY @ 94.71 (VR:0.57)
[2026-07-31 14:53:06]  [行10] 解析成功: SZSE.002937 [兴瑞科技] BUY @ 25.88 (VR:0.4)
[2026-07-31 14:53:06]  [行11] 解析成功: SZSE.000823 [超声电子] BUY @ 12.68 (VR:0.23)
[2026-07-31 14:53:06]  [行12] 解析成功: SZSE.301070 [开勒股份] BUY @ 54.53 (VR:2.03)
[2026-07-31 14:53:06] 成功保存 12 条因子至: signal_batch_20260731_145306_103941.txt
[2026-07-31 14:53:06]  QQ-备用 邮件 3328 处理完成
[2026-07-31 14:53:06]  QQ-备用 本轮共成功处理 1 封有效信号邮件
[2026-07-31 14:53:41]  正在连接 QQ-主 邮箱服务器 (497720537@qq.com) ...
[2026-07-31 14:53:42]  正在连接 QQ-备用 邮箱服务器 (shouqianbadavid@qq.com) ...
[2026-07-31 14:54:17]  正在连接 QQ-主 邮箱服务器 (497720537@qq.com) ...
[2026-07-31 14:54:18]  正在连接 QQ-备用 邮箱服务器 (shouqianbadavid@qq.com) ...
[2026-07-31 14:54:53]  正在连接 QQ-主 邮箱服务器 (497720537@qq.com) ...
[2026-07-31 14:54:54]  QQ-主 正在解析因子: =?utf-8?b?QWxwaGFQaWxvdCDlrp7ml7bkv6Hlj7cgKGFscGhhX3NpZ25hbF90aHJfMjAyNjA3MzFfMTQ1NC5qc29uKSBb5Li7UVEt5a+55aSWXQ==?=
[2026-07-31 14:54:54]  发现表格，共 14 行数据
[2026-07-31 14:54:54]  动态索引映射: ['股票代码', '股票名称', '信号', '当前价格', '量比', '来源过滤']
[2026-07-31 14:54:54]  [行1] 解析成功: SHSE.688261 [东微半导] BUY @ 64.71 (VR:0.85)
[2026-07-31 14:54:54]  [行2] 解析成功: SZSE.300136 [信维通信] SELL @ 57.56 (VR:0.82)
[2026-07-31 14:54:54]  [行3] 解析成功: SZSE.300236 [上海新阳] BUY @ 84.34 (VR:0.1)
[2026-07-31 14:54:54]  [行4] 解析成功: SZSE.300057 [万顺新材] BUY @ 6.08 (VR:1.71)
[2026-07-31 14:54:54]  [行5] 解析成功: SZSE.300767 [震安科技] BUY @ 15.86 (VR:0.33)
[2026-07-31 14:54:54]  [行6] 解析成功: SZSE.301178 [天亿马] BUY @ 31.65 (VR:0.15)
[2026-07-31 14:54:54]  [行7] 解析成功: SZSE.002158 [汉钟精机] SELL @ 25.59 (VR:1.17)
[2026-07-31 14:54:54]  [行8] 解析成功: SHSE.688261 [东微半导] BUY @ 64.76 (VR:0.56)
[2026-07-31 14:54:54]  [行9] 解析成功: SZSE.300136 [信维通信] SELL @ 57.48 (VR:2.54)
[2026-07-31 14:54:54]  [行10] 解析成功: SZSE.300236 [上海新阳] BUY @ 84.55 (VR:0.27)
[2026-07-31 14:54:54]  [行11] 解析成功: SZSE.300057 [万顺新材] BUY @ 6.09 (VR:0.05)
[2026-07-31 14:54:54]  [行12] 解析成功: SZSE.300767 [震安科技] BUY @ 15.87 (VR:0.42)
[2026-07-31 14:54:54]  [行13] 解析成功: SZSE.301178 [天亿马] BUY @ 31.66 (VR:1.34)
[2026-07-31 14:54:54]  [行14] 解析成功: SZSE.002158 [汉钟精机] SELL @ 25.57 (VR:0.38)
[2026-07-31 14:54:54] 成功保存 14 条因子至: signal_batch_20260731_145454_986852.txt
[2026-07-31 14:54:55]  QQ-主 邮件 5652 处理完成
[2026-07-31 14:54:55]  QQ-主 本轮共成功处理 1 封有效信号邮件
[2026-07-31 14:54:55]  正在连接 QQ-备用 邮箱服务器 (shouqianbadavid@qq.com) ...
[2026-07-31 14:55:30]  正在连接 QQ-主 邮箱服务器 (497720537@qq.com) ...
[2026-07-31 14:55:31]  正在连接 QQ-备用 邮箱服务器 (shouqianbadavid@qq.com) ...
[2026-07-31 14:55:31]  QQ-备用 正在解析因子: =?utf-8?b?QWxwaGFQaWxvdCDlpIfku73kv6Hlj7cgKGFscGhhX3NpZ25hbF90aHJfMjAyNjA3MzFfMTQ1NC5qc29uKSBb5aSHUVEt6Ieq5L+dXQ==?=
[2026-07-31 14:55:31]  发现表格，共 14 行数据
[2026-07-31 14:55:31]  动态索引映射: ['股票代码', '股票名称', '信号', '当前价格', '量比', '来源过滤']
[2026-07-31 14:55:31]  [行1] 解析成功: SHSE.688261 [东微半导] BUY @ 64.71 (VR:0.85)
[2026-07-31 14:55:31]  [行2] 解析成功: SZSE.300136 [信维通信] SELL @ 57.56 (VR:0.82)
[2026-07-31 14:55:31]  [行3] 解析成功: SZSE.300236 [上海新阳] BUY @ 84.34 (VR:0.1)
[2026-07-31 14:55:31]  [行4] 解析成功: SZSE.300057 [万顺新材] BUY @ 6.08 (VR:1.71)
[2026-07-31 14:55:31]  [行5] 解析成功: SZSE.300767 [震安科技] BUY @ 15.86 (VR:0.33)
[2026-07-31 14:55:31]  [行6] 解析成功: SZSE.301178 [天亿马] BUY @ 31.65 (VR:0.15)
[2026-07-31 14:55:31]  [行7] 解析成功: SZSE.002158 [汉钟精机] SELL @ 25.59 (VR:1.17)
[2026-07-31 14:55:31]  [行8] 解析成功: SHSE.688261 [东微半导] BUY @ 64.76 (VR:0.56)
[2026-07-31 14:55:31]  [行9] 解析成功: SZSE.300136 [信维通信] SELL @ 57.48 (VR:2.54)
[2026-07-31 14:55:31]  [行10] 解析成功: SZSE.300236 [上海新阳] BUY @ 84.55 (VR:0.27)
[2026-07-31 14:55:31]  [行11] 解析成功: SZSE.300057 [万顺新材] BUY @ 6.09 (VR:0.05)
[2026-07-31 14:55:31]  [行12] 解析成功: SZSE.300767 [震安科技] BUY @ 15.87 (VR:0.42)
[2026-07-31 14:55:31]  [行13] 解析成功: SZSE.301178 [天亿马] BUY @ 31.66 (VR:1.34)
[2026-07-31 14:55:31]  [行14] 解析成功: SZSE.002158 [汉钟精机] SELL @ 25.57 (VR:0.38)
[2026-07-31 14:55:31] 成功保存 14 条因子至: signal_batch_20260731_145531_946202.txt
[2026-07-31 14:55:32]  QQ-备用 邮件 3329 处理完成
[2026-07-31 14:55:32]  QQ-备用 本轮共成功处理 1 封有效信号邮件
[2026-07-31 14:56:07]  正在连接 QQ-主 邮箱服务器 (497720537@qq.com) ...
[2026-07-31 14:56:07]  正在连接 QQ-备用 邮箱服务器 (shouqianbadavid@qq.com) ...
[2026-07-31 14:56:43]  正在连接 QQ-主 邮箱服务器 (497720537@qq.com) ...
[2026-07-31 14:56:44]  正在连接 QQ-备用 邮箱服务器 (shouqianbadavid@qq.com) ...
[2026-07-31 14:57:19]  正在连接 QQ-主 邮箱服务器 (497720537@qq.com) ...
[2026-07-31 14:57:20]  QQ-主 正在解析因子: =?utf-8?b?QWxwaGFQaWxvdCDlrp7ml7bkv6Hlj7cgKGFscGhhX3NpZ25hbF90aHJfMjAyNjA3MzFfMTQ1Ny5qc29uKSBb5Li7UVEt5a+55aSWXQ==?=
[2026-07-31 14:57:20]  发现表格，共 14 行数据
[2026-07-31 14:57:20]  动态索引映射: ['股票代码', '股票名称', '信号', '当前价格', '量比', '来源过滤']
[2026-07-31 14:57:20]  [行1] 解析成功: SHSE.688216 [气派科技] SELL @ 25.09 (VR:0.14)
[2026-07-31 14:57:20]  [行2] 解析成功: SHSE.688721 [龙图光罩] SELL @ 35.05 (VR:0.26)
[2026-07-31 14:57:20]  [行3] 解析成功: SZSE.300285 [国瓷材料] BUY @ 61.7 (VR:0.37)
[2026-07-31 14:57:20]  [行4] 解析成功: SZSE.301392 [汇成真空] BUY @ 126.03 (VR:0.45)
[2026-07-31 14:57:20]  [行5] 解析成功: SZSE.300420 [五洋自控] SELL @ 5.66 (VR:0.92)
[2026-07-31 14:57:20]  [行6] 解析成功: SZSE.300661 [圣邦股份] BUY @ 95.59 (VR:0.93)
[2026-07-31 14:57:20]  [行7] 解析成功: SZSE.300780 [德恩精工] BUY @ 17.42 (VR:0.79)
[2026-07-31 14:57:20]  [行8] 解析成功: SHSE.688216 [气派科技] SELL @ 25.08 (VR:0.82)
[2026-07-31 14:57:20]  [行9] 解析成功: SHSE.688721 [龙图光罩] SELL @ 34.9 (VR:0.09)
[2026-07-31 14:57:20]  [行10] 解析成功: SZSE.300285 [国瓷材料] BUY @ 62.15 (VR:0.6)
[2026-07-31 14:57:20]  [行11] 解析成功: SZSE.301392 [汇成真空] BUY @ 126.14 (VR:0.27)
[2026-07-31 14:57:20]  [行12] 解析成功: SZSE.300420 [五洋自控] SELL @ 5.65 (VR:0.96)
[2026-07-31 14:57:20]  [行13] 解析成功: SZSE.300661 [圣邦股份] BUY @ 95.65 (VR:1.2)
[2026-07-31 14:57:20]  [行14] 解析成功: SZSE.300780 [德恩精工] BUY @ 17.43 (VR:0.83)
[2026-07-31 14:57:20] 成功保存 14 条因子至: signal_batch_20260731_145720_379299.txt
[2026-07-31 14:57:20]  QQ-主 邮件 5653 处理完成
[2026-07-31 14:57:20]  QQ-主 本轮共成功处理 1 封有效信号邮件
[2026-07-31 14:57:20]  正在连接 QQ-备用 邮箱服务器 (shouqianbadavid@qq.com) ...
[2026-07-31 14:57:56]  正在连接 QQ-主 邮箱服务器 (497720537@qq.com) ...
[2026-07-31 14:57:56]  正在连接 QQ-备用 邮箱服务器 (shouqianbadavid@qq.com) ...
[2026-07-31 14:57:57]  QQ-备用 正在解析因子: =?utf-8?b?QWxwaGFQaWxvdCDlpIfku73kv6Hlj7cgKGFscGhhX3NpZ25hbF90aHJfMjAyNjA3MzFfMTQ1Ny5qc29uKSBb5aSHUVEt6Ieq5L+dXQ==?=
[2026-07-31 14:57:57]  发现表格，共 14 行数据
[2026-07-31 14:57:57]  动态索引映射: ['股票代码', '股票名称', '信号', '当前价格', '量比', '来源过滤']
[2026-07-31 14:57:57]  [行1] 解析成功: SHSE.688216 [气派科技] SELL @ 25.09 (VR:0.14)
[2026-07-31 14:57:57]  [行2] 解析成功: SHSE.688721 [龙图光罩] SELL @ 35.05 (VR:0.26)
[2026-07-31 14:57:57]  [行3] 解析成功: SZSE.300285 [国瓷材料] BUY @ 61.7 (VR:0.37)
[2026-07-31 14:57:57]  [行4] 解析成功: SZSE.301392 [汇成真空] BUY @ 126.03 (VR:0.45)
[2026-07-31 14:57:57]  [行5] 解析成功: SZSE.300420 [五洋自控] SELL @ 5.66 (VR:0.92)
[2026-07-31 14:57:57]  [行6] 解析成功: SZSE.300661 [圣邦股份] BUY @ 95.59 (VR:0.93)
[2026-07-31 14:57:57]  [行7] 解析成功: SZSE.300780 [德恩精工] BUY @ 17.42 (VR:0.79)
[2026-07-31 14:57:57]  [行8] 解析成功: SHSE.688216 [气派科技] SELL @ 25.08 (VR:0.82)
[2026-07-31 14:57:57]  [行9] 解析成功: SHSE.688721 [龙图光罩] SELL @ 34.9 (VR:0.09)
[2026-07-31 14:57:57]  [行10] 解析成功: SZSE.300285 [国瓷材料] BUY @ 62.15 (VR:0.6)
[2026-07-31 14:57:57]  [行11] 解析成功: SZSE.301392 [汇成真空] BUY @ 126.14 (VR:0.27)
[2026-07-31 14:57:57]  [行12] 解析成功: SZSE.300420 [五洋自控] SELL @ 5.65 (VR:0.96)
[2026-07-31 14:57:57]  [行13] 解析成功: SZSE.300661 [圣邦股份] BUY @ 95.65 (VR:1.2)
[2026-07-31 14:57:57]  [行14] 解析成功: SZSE.300780 [德恩精工] BUY @ 17.43 (VR:0.83)
[2026-07-31 14:57:57] 成功保存 14 条因子至: signal_batch_20260731_145757_745859.txt
[2026-07-31 14:57:57]  QQ-备用 邮件 3330 处理完成
[2026-07-31 14:57:57]  QQ-备用 本轮共成功处理 1 封有效信号邮件
[2026-07-31 14:58:33]  正在连接 QQ-主 邮箱服务器 (497720537@qq.com) ...
[2026-07-31 14:58:33]  正在连接 QQ-备用 邮箱服务器 (shouqianbadavid@qq.com) ...
[2026-07-31 14:59:09]  正在连接 QQ-主 邮箱服务器 (497720537@qq.com) ...
[2026-07-31 14:59:10]  正在连接 QQ-备用 邮箱服务器 (shouqianbadavid@qq.com) ...
[2026-07-31 14:59:45]  正在连接 QQ-主 邮箱服务器 (497720537@qq.com) ...
[2026-07-31 14:59:46]  正在连接 QQ-备用 邮箱服务器 (shouqianbadavid@qq.com) ...
[2026-07-31 15:00:22]  正在连接 QQ-主 邮箱服务器 (497720537@qq.com) ...
[2026-07-31 15:00:22]  正在连接 QQ-备用 邮箱服务器 (shouqianbadavid@qq.com) ...
[2026-07-31 15:00:58]  正在连接 QQ-主 邮箱服务器 (497720537@qq.com) ...
[2026-07-31 15:00:58]  正在连接 QQ-备用 邮箱服务器 (shouqianbadavid@qq.com) ...
[2026-07-31 15:01:35]  正在连接 QQ-主 邮箱服务器 (497720537@qq.com) ...
[2026-07-31 15:01:35]  QQ-主 正在解析因子: =?utf-8?b?QWxwaGFQaWxvdCDlrp7ml7bkv6Hlj7cgKGFscGhhX3NpZ25hbF90aHJfMjAyNjA3MzFfMTUwMS5qc29uKSBb5Li7UVEt5a+55aSWXQ==?=
[2026-07-31 15:01:35]  发现表格，共 8 行数据
[2026-07-31 15:01:35]  动态索引映射: ['股票代码', '股票名称', '信号', '当前价格', '量比', '来源过滤']
[2026-07-31 15:01:35]  [行1] 解析成功: SZSE.300346 [南大光电] SELL @ 48.7 (VR:1.87)
[2026-07-31 15:01:35]  [行2] 解析成功: SZSE.000510 [新金路] SELL @ 13.51 (VR:1.24)
[2026-07-31 15:01:35]  [行3] 解析成功: SZSE.301018 [申菱环境] SELL @ 70.9 (VR:1.21)
[2026-07-31 15:01:35]  [行4] 解析成功: SZSE.300868 [杰美特] BUY @ 69.2 (VR:0.94)
[2026-07-31 15:01:35]  [行5] 解析成功: SZSE.300346 [南大光电] SELL @ 48.36 (VR:nan)
[2026-07-31 15:01:35]  [行6] 解析成功: SZSE.000510 [新金路] SELL @ 13.5 (VR:nan)
[2026-07-31 15:01:35]  [行7] 解析成功: SZSE.301018 [申菱环境] SELL @ 70.56 (VR:nan)
[2026-07-31 15:01:35]  [行8] 解析成功: SZSE.300868 [杰美特] BUY @ 69.35 (VR:nan)
[2026-07-31 15:01:35] 成功保存 8 条因子至: signal_batch_20260731_150135_735041.txt
[2026-07-31 15:01:35]  QQ-主 邮件 5654 处理完成
[2026-07-31 15:01:35]  QQ-主 本轮共成功处理 1 封有效信号邮件
[2026-07-31 15:01:35]  正在连接 QQ-备用 邮箱服务器 (shouqianbadavid@qq.com) ...
[2026-07-31 15:02:11]  正在连接 QQ-主 邮箱服务器 (497720537@qq.com) ...
[2026-07-31 15:02:11]  正在连接 QQ-备用 邮箱服务器 (shouqianbadavid@qq.com) ...
[2026-07-31 15:02:48]  正在连接 QQ-主 邮箱服务器 (497720537@qq.com) ...
[2026-07-31 15:02:48]  正在连接 QQ-备用 邮箱服务器 (shouqianbadavid@qq.com) ...
[2026-07-31 15:02:49]  QQ-备用 正在解析因子: =?utf-8?b?QWxwaGFQaWxvdCDlpIfku73kv6Hlj7cgKGFscGhhX3NpZ25hbF90aHJfMjAyNjA3MzFfMTUwMS5qc29uKSBb5aSHUVEt6Ieq5L+dXQ==?=
[2026-07-31 15:02:49]  发现表格，共 8 行数据
[2026-07-31 15:02:49]  动态索引映射: ['股票代码', '股票名称', '信号', '当前价格', '量比', '来源过滤']
[2026-07-31 15:02:49]  [行1] 解析成功: SZSE.300346 [南大光电] SELL @ 48.7 (VR:1.87)
[2026-07-31 15:02:49]  [行2] 解析成功: SZSE.000510 [新金路] SELL @ 13.51 (VR:1.24)
[2026-07-31 15:02:49]  [行3] 解析成功: SZSE.301018 [申菱环境] SELL @ 70.9 (VR:1.21)
[2026-07-31 15:02:49]  [行4] 解析成功: SZSE.300868 [杰美特] BUY @ 69.2 (VR:0.94)
[2026-07-31 15:02:49]  [行5] 解析成功: SZSE.300346 [南大光电] SELL @ 48.36 (VR:nan)
[2026-07-31 15:02:49]  [行6] 解析成功: SZSE.000510 [新金路] SELL @ 13.5 (VR:nan)
[2026-07-31 15:02:49]  [行7] 解析成功: SZSE.301018 [申菱环境] SELL @ 70.56 (VR:nan)
[2026-07-31 15:02:49]  [行8] 解析成功: SZSE.300868 [杰美特] BUY @ 69.35 (VR:nan)
[2026-07-31 15:02:49] 成功保存 8 条因子至: signal_batch_20260731_150249_649615.txt
[2026-07-31 15:02:49]  QQ-备用 邮件 3331 处理完成
[2026-07-31 15:02:49]  QQ-备用 本轮共成功处理 1 封有效信号邮件
[2026-07-31 15:03:25]  正在连接 QQ-主 邮箱服务器 (497720537@qq.com) ...
[2026-07-31 15:03:26]  正在连接 QQ-备用 邮箱服务器 (shouqianbadavid@qq.com) ...
[2026-07-31 15:04:02]  正在连接 QQ-主 邮箱服务器 (497720537@qq.com) ...
[2026-07-31 15:04:02]  正在连接 QQ-备用 邮箱服务器 (shouqianbadavid@qq.com) ...
[2026-07-31 15:04:38]  正在连接 QQ-主 邮箱服务器 (497720537@qq.com) ...
[2026-07-31 15:04:39]  正在连接 QQ-备用 邮箱服务器 (shouqianbadavid@qq.com) ...
[2026-07-31 15:05:14]  正在连接 QQ-主 邮箱服务器 (497720537@qq.com) ...
[2026-07-31 15:05:15]  正在连接 QQ-备用 邮箱服务器 (shouqianbadavid@qq.com) ...
[2026-07-31 15:05:51]  正在连接 QQ-主 邮箱服务器 (497720537@qq.com) ...
[2026-07-31 15:05:51]  正在连接 QQ-备用 邮箱服务器 (shouqianbadavid@qq.com) ...
[2026-07-31 15:06:27]  正在连接 QQ-主 邮箱服务器 (497720537@qq.com) ...
[2026-07-31 15:06:27]  正在连接 QQ-备用 邮箱服务器 (shouqianbadavid@qq.com) ...
[2026-07-31 15:07:03]  正在连接 QQ-主 邮箱服务器 (497720537@qq.com) ...
[2026-07-31 15:07:04]  正在连接 QQ-备用 邮箱服务器 (shouqianbadavid@qq.com) ...
[2026-07-31 15:07:39]  正在连接 QQ-主 邮箱服务器 (497720537@qq.com) ...
[2026-07-31 15:07:40]  正在连接 QQ-备用 邮箱服务器 (shouqianbadavid@qq.com) ...
[2026-07-31 15:08:15]  正在连接 QQ-主 邮箱服务器 (497720537@qq.com) ...
[2026-07-31 15:08:16]  正在连接 QQ-备用 邮箱服务器 (shouqianbadavid@qq.com) ...
[2026-07-31 15:08:52]  正在连接 QQ-主 邮箱服务器 (497720537@qq.com) ...
[2026-07-31 15:08:52]  正在连接 QQ-备用 邮箱服务器 (shouqianbadavid@qq.com) ...
[2026-07-31 15:09:28]  正在连接 QQ-主 邮箱服务器 (497720537@qq.com) ...
[2026-07-31 15:09:29]  正在连接 QQ-备用 邮箱服务器 (shouqianbadavid@qq.com) ...
[2026-07-31 15:10:04]  正在连接 QQ-主 邮箱服务器 (497720537@qq.com) ...
[2026-07-31 15:10:05]  正在连接 QQ-备用 邮箱服务器 (shouqianbadavid@qq.com) ...
[2026-07-31 15:10:40]  正在连接 QQ-主 邮箱服务器 (497720537@qq.com) ...
[2026-07-31 15:10:42]  正在连接 QQ-备用 邮箱服务器 (shouqianbadavid@qq.com) ...
[2026-07-31 15:11:18]  正在连接 QQ-主 邮箱服务器 (497720537@qq.com) ...
[2026-07-31 15:11:18]  正在连接 QQ-备用 邮箱服务器 (shouqianbadavid@qq.com) ...
[2026-07-31 15:11:54]  正在连接 QQ-主 邮箱服务器 (497720537@qq.com) ...
[2026-07-31 15:11:55]  正在连接 QQ-备用 邮箱服务器 (shouqianbadavid@qq.com) ...
[2026-07-31 15:12:30]  正在连接 QQ-主 邮箱服务器 (497720537@qq.com) ...
[2026-07-31 15:12:31]  正在连接 QQ-备用 邮箱服务器 (shouqianbadavid@qq.com) ...
[2026-07-31 15:13:07]  正在连接 QQ-主 邮箱服务器 (497720537@qq.com) ...
[2026-07-31 15:13:07]  正在连接 QQ-备用 邮箱服务器 (shouqianbadavid@qq.com) ...
[2026-07-31 15:13:43]  正在连接 QQ-主 邮箱服务器 (497720537@qq.com) ...
[2026-07-31 15:13:44]  正在连接 QQ-备用 邮箱服务器 (shouqianbadavid@qq.com) ...
[2026-07-31 15:14:19]  正在连接 QQ-主 邮箱服务器 (497720537@qq.com) ...
[2026-07-31 15:14:20]  正在连接 QQ-备用 邮箱服务器 (shouqianbadavid@qq.com) ...
[2026-07-31 15:14:55]  正在连接 QQ-主 邮箱服务器 (497720537@qq.com) ...
[2026-07-31 15:14:56]  正在连接 QQ-备用 邮箱服务器 (shouqianbadavid@qq.com) ...
[2026-07-31 15:15:32]  正在连接 QQ-主 邮箱服务器 (497720537@qq.com) ...
[2026-07-31 15:15:32]  正在连接 QQ-备用 邮箱服务器 (shouqianbadavid@qq.com) ...
[2026-07-31 15:16:08]  正在连接 QQ-主 邮箱服务器 (497720537@qq.com) ...
[2026-07-31 15:16:08]  正在连接 QQ-备用 邮箱服务器 (shouqianbadavid@qq.com) ...
[2026-07-31 15:16:44]  正在连接 QQ-主 邮箱服务器 (497720537@qq.com) ...
[2026-07-31 15:16:45]  正在连接 QQ-备用 邮箱服务器 (shouqianbadavid@qq.com) ...
[2026-07-31 15:17:21]  正在连接 QQ-主 邮箱服务器 (497720537@qq.com) ...
[2026-07-31 15:17:21]  正在连接 QQ-备用 邮箱服务器 (shouqianbadavid@qq.com) ...
[2026-07-31 15:17:57]  正在连接 QQ-主 邮箱服务器 (497720537@qq.com) ...
[2026-07-31 15:17:58]  正在连接 QQ-备用 邮箱服务器 (shouqianbadavid@qq.com) ...
[2026-07-31 15:18:34]  正在连接 QQ-主 邮箱服务器 (497720537@qq.com) ...
[2026-07-31 15:18:34]  正在连接 QQ-备用 邮箱服务器 (shouqianbadavid@qq.com) ...
[2026-07-31 15:19:10]  正在连接 QQ-主 邮箱服务器 (497720537@qq.com) ...
[2026-07-31 15:19:11]  正在连接 QQ-备用 邮箱服务器 (shouqianbadavid@qq.com) ...
[2026-07-31 15:19:47]  正在连接 QQ-主 邮箱服务器 (497720537@qq.com) ...
[2026-07-31 15:19:47]  正在连接 QQ-备用 邮箱服务器 (shouqianbadavid@qq.com) ...
[2026-07-31 15:20:23]  正在连接 QQ-主 邮箱服务器 (497720537@qq.com) ...
[2026-07-31 15:20:23]  正在连接 QQ-备用 邮箱服务器 (shouqianbadavid@qq.com) ...
[2026-07-31 15:20:59]  正在连接 QQ-主 邮箱服务器 (497720537@qq.com) ...
[2026-07-31 15:21:00]  正在连接 QQ-备用 邮箱服务器 (shouqianbadavid@qq.com) ...
[2026-07-31 15:21:35]  正在连接 QQ-主 邮箱服务器 (497720537@qq.com) ...
[2026-07-31 15:21:36]  正在连接 QQ-备用 邮箱服务器 (shouqianbadavid@qq.com) ...
[2026-07-31 15:22:12]  正在连接 QQ-主 邮箱服务器 (497720537@qq.com) ...
[2026-07-31 15:22:13]  正在连接 QQ-备用 邮箱服务器 (shouqianbadavid@qq.com) ...
[2026-07-31 15:22:48]  正在连接 QQ-主 邮箱服务器 (497720537@qq.com) ...
[2026-07-31 15:22:49]  正在连接 QQ-备用 邮箱服务器 (shouqianbadavid@qq.com) ...
[2026-07-31 15:23:25]  正在连接 QQ-主 邮箱服务器 (497720537@qq.com) ...
[2026-07-31 15:23:25]  正在连接 QQ-备用 邮箱服务器 (shouqianbadavid@qq.com) ...
[2026-07-31 15:24:01]  正在连接 QQ-主 邮箱服务器 (497720537@qq.com) ...
[2026-07-31 15:24:02]  正在连接 QQ-备用 邮箱服务器 (shouqianbadavid@qq.com) ...
[2026-07-31 15:24:37]  正在连接 QQ-主 邮箱服务器 (497720537@qq.com) ...
[2026-07-31 15:24:38]  正在连接 QQ-备用 邮箱服务器 (shouqianbadavid@qq.com) ...
[2026-07-31 15:25:14]  正在连接 QQ-主 邮箱服务器 (497720537@qq.com) ...
[2026-07-31 15:25:14]  正在连接 QQ-备用 邮箱服务器 (shouqianbadavid@qq.com) ...
[2026-07-31 15:25:50]  正在连接 QQ-主 邮箱服务器 (497720537@qq.com) ...
[2026-07-31 15:25:50]  正在连接 QQ-备用 邮箱服务器 (shouqianbadavid@qq.com) ...
[2026-07-31 15:26:26]  正在连接 QQ-主 邮箱服务器 (497720537@qq.com) ...
[2026-07-31 15:26:26]  正在连接 QQ-备用 邮箱服务器 (shouqianbadavid@qq.com) ...
[2026-07-31 15:27:01]  正在连接 QQ-主 邮箱服务器 (497720537@qq.com) ...
[2026-07-31 15:27:02]  正在连接 QQ-备用 邮箱服务器 (shouqianbadavid@qq.com) ...
[2026-07-31 15:27:38]  正在连接 QQ-主 邮箱服务器 (497720537@qq.com) ...
[2026-07-31 15:27:39]  正在连接 QQ-备用 邮箱服务器 (shouqianbadavid@qq.com) ...
[2026-07-31 15:28:14]  正在连接 QQ-主 邮箱服务器 (497720537@qq.com) ...
[2026-07-31 15:28:15]  正在连接 QQ-备用 邮箱服务器 (shouqianbadavid@qq.com) ...
[2026-07-31 15:28:50]  正在连接 QQ-主 邮箱服务器 (497720537@qq.com) ...
[2026-07-31 15:28:51]  正在连接 QQ-备用 邮箱服务器 (shouqianbadavid@qq.com) ...
[2026-07-31 15:29:27]  正在连接 QQ-主 邮箱服务器 (497720537@qq.com) ...
[2026-07-31 15:29:27]  正在连接 QQ-备用 邮箱服务器 (shouqianbadavid@qq.com) ...
[2026-07-31 15:30:03]  正在连接 QQ-主 邮箱服务器 (497720537@qq.com) ...
[2026-07-31 15:30:04]  正在连接 QQ-备用 邮箱服务器 (shouqianbadavid@qq.com) ...
[2026-07-31 15:30:39]  正在连接 QQ-主 邮箱服务器 (497720537@qq.com) ...
[2026-07-31 15:30:40]  正在连接 QQ-备用 邮箱服务器 (shouqianbadavid@qq.com) ...
[2026-07-31 15:31:15]  正在连接 QQ-主 邮箱服务器 (497720537@qq.com) ...
[2026-07-31 15:31:16]  正在连接 QQ-备用 邮箱服务器 (shouqianbadavid@qq.com) ...
[2026-07-31 15:31:52]  正在连接 QQ-主 邮箱服务器 (497720537@qq.com) ...
[2026-07-31 15:31:52]  正在连接 QQ-备用 邮箱服务器 (shouqianbadavid@qq.com) ...
[2026-07-31 15:32:30]  正在连接 QQ-主 邮箱服务器 (497720537@qq.com) ...
[2026-07-31 15:32:30]  正在连接 QQ-备用 邮箱服务器 (shouqianbadavid@qq.com) ...
[2026-07-31 15:33:06]  正在连接 QQ-主 邮箱服务器 (497720537@qq.com) ...
[2026-07-31 15:33:06]  正在连接 QQ-备用 邮箱服务器 (shouqianbadavid@qq.com) ...
[2026-07-31 15:33:42]  正在连接 QQ-主 邮箱服务器 (497720537@qq.com) ...
[2026-07-31 15:33:43]  正在连接 QQ-备用 邮箱服务器 (shouqianbadavid@qq.com) ...
[2026-07-31 15:34:19]  正在连接 QQ-主 邮箱服务器 (497720537@qq.com) ...
[2026-07-31 15:34:19]  正在连接 QQ-备用 邮箱服务器 (shouqianbadavid@qq.com) ...
[2026-07-31 15:34:55]  正在连接 QQ-主 邮箱服务器 (497720537@qq.com) ...
[2026-07-31 15:34:56]  正在连接 QQ-备用 邮箱服务器 (shouqianbadavid@qq.com) ...
[2026-07-31 15:35:32]  正在连接 QQ-主 邮箱服务器 (497720537@qq.com) ...
[2026-07-31 15:35:32]  正在连接 QQ-备用 邮箱服务器 (shouqianbadavid@qq.com) ...
[2026-07-31 15:36:09]  正在连接 QQ-主 邮箱服务器 (497720537@qq.com) ...
[2026-07-31 15:36:09]  正在连接 QQ-备用 邮箱服务器 (shouqianbadavid@qq.com) ...
[2026-07-31 15:36:45]  正在连接 QQ-主 邮箱服务器 (497720537@qq.com) ...
[2026-07-31 15:36:46]  正在连接 QQ-备用 邮箱服务器 (shouqianbadavid@qq.com) ...
[2026-07-31 15:37:22]  正在连接 QQ-主 邮箱服务器 (497720537@qq.com) ...
[2026-07-31 15:37:22]  正在连接 QQ-备用 邮箱服务器 (shouqianbadavid@qq.com) ...
[2026-07-31 15:37:58]  正在连接 QQ-主 邮箱服务器 (497720537@qq.com) ...
[2026-07-31 15:37:59]  正在连接 QQ-备用 邮箱服务器 (shouqianbadavid@qq.com) ...
[2026-07-31 15:38:35]  正在连接 QQ-主 邮箱服务器 (497720537@qq.com) ...
[2026-07-31 15:38:36]  正在连接 QQ-备用 邮箱服务器 (shouqianbadavid@qq.com) ...
[2026-07-31 15:39:11]  正在连接 QQ-主 邮箱服务器 (497720537@qq.com) ...
[2026-07-31 15:39:12]  正在连接 QQ-备用 邮箱服务器 (shouqianbadavid@qq.com) ...
[2026-07-31 15:39:48]  正在连接 QQ-主 邮箱服务器 (497720537@qq.com) ...
[2026-07-31 15:39:48]  正在连接 QQ-备用 邮箱服务器 (shouqianbadavid@qq.com) ...
[2026-07-31 15:40:24]  正在连接 QQ-主 邮箱服务器 (497720537@qq.com) ...
[2026-07-31 15:40:25]  正在连接 QQ-备用 邮箱服务器 (shouqianbadavid@qq.com) ...
[2026-07-31 15:41:00]  正在连接 QQ-主 邮箱服务器 (497720537@qq.com) ...
[2026-07-31 15:41:01]  正在连接 QQ-备用 邮箱服务器 (shouqianbadavid@qq.com) ...
[2026-07-31 15:41:37]  正在连接 QQ-主 邮箱服务器 (497720537@qq.com) ...
[2026-07-31 15:41:37]  正在连接 QQ-备用 邮箱服务器 (shouqianbadavid@qq.com) ...
[2026-07-31 15:42:13]  正在连接 QQ-主 邮箱服务器 (497720537@qq.com) ...
[2026-07-31 15:42:13]  正在连接 QQ-备用 邮箱服务器 (shouqianbadavid@qq.com) ...
[2026-07-31 15:42:49]  正在连接 QQ-主 邮箱服务器 (497720537@qq.com) ...
[2026-07-31 15:42:49]  正在连接 QQ-备用 邮箱服务器 (shouqianbadavid@qq.com) ...
[2026-07-31 15:43:25]  正在连接 QQ-主 邮箱服务器 (497720537@qq.com) ...
[2026-07-31 15:43:26]  正在连接 QQ-备用 邮箱服务器 (shouqianbadavid@qq.com) ...
[2026-07-31 15:44:01]  正在连接 QQ-主 邮箱服务器 (497720537@qq.com) ...
[2026-07-31 15:44:02]  正在连接 QQ-备用 邮箱服务器 (shouqianbadavid@qq.com) ...
[2026-07-31 15:44:38]  正在连接 QQ-主 邮箱服务器 (497720537@qq.com) ...
[2026-07-31 15:44:39]  正在连接 QQ-备用 邮箱服务器 (shouqianbadavid@qq.com) ...
[2026-07-31 15:45:14]  正在连接 QQ-主 邮箱服务器 (497720537@qq.com) ...
[2026-07-31 15:45:15]  正在连接 QQ-备用 邮箱服务器 (shouqianbadavid@qq.com) ...
[2026-07-31 15:45:50]  正在连接 QQ-主 邮箱服务器 (497720537@qq.com) ...
[2026-07-31 15:45:51]  正在连接 QQ-备用 邮箱服务器 (shouqianbadavid@qq.com) ...
[2026-07-31 15:46:27]  正在连接 QQ-主 邮箱服务器 (497720537@qq.com) ...
[2026-07-31 15:46:27]  正在连接 QQ-备用 邮箱服务器 (shouqianbadavid@qq.com) ...
[2026-07-31 15:47:03]  正在连接 QQ-主 邮箱服务器 (497720537@qq.com) ...
[2026-07-31 15:47:04]  正在连接 QQ-备用 邮箱服务器 (shouqianbadavid@qq.com) ...
[2026-07-31 15:47:40]  正在连接 QQ-主 邮箱服务器 (497720537@qq.com) ...
[2026-07-31 15:47:40]  正在连接 QQ-备用 邮箱服务器 (shouqianbadavid@qq.com) ...
[2026-07-31 15:48:16]  正在连接 QQ-主 邮箱服务器 (497720537@qq.com) ...
[2026-07-31 15:48:16]  正在连接 QQ-备用 邮箱服务器 (shouqianbadavid@qq.com) ...
[2026-07-31 15:48:52]  正在连接 QQ-主 邮箱服务器 (497720537@qq.com) ...
[2026-07-31 15:48:53]  正在连接 QQ-备用 邮箱服务器 (shouqianbadavid@qq.com) ...
[2026-07-31 15:49:29]  正在连接 QQ-主 邮箱服务器 (497720537@qq.com) ...
[2026-07-31 15:49:30]  正在连接 QQ-备用 邮箱服务器 (shouqianbadavid@qq.com) ...
[2026-07-31 15:50:05]  正在连接 QQ-主 邮箱服务器 (497720537@qq.com) ...
[2026-07-31 15:50:06]  正在连接 QQ-备用 邮箱服务器 (shouqianbadavid@qq.com) ...
[2026-07-31 15:50:42]  正在连接 QQ-主 邮箱服务器 (497720537@qq.com) ...
[2026-07-31 15:50:42]  正在连接 QQ-备用 邮箱服务器 (shouqianbadavid@qq.com) ...
[2026-07-31 15:51:18]  正在连接 QQ-主 邮箱服务器 (497720537@qq.com) ...
[2026-07-31 15:51:19]  正在连接 QQ-备用 邮箱服务器 (shouqianbadavid@qq.com) ...
[2026-07-31 15:51:55]  正在连接 QQ-主 邮箱服务器 (497720537@qq.com) ...
[2026-07-31 15:51:55]  正在连接 QQ-备用 邮箱服务器 (shouqianbadavid@qq.com) ...
[2026-07-31 15:52:31]  正在连接 QQ-主 邮箱服务器 (497720537@qq.com) ...
[2026-07-31 15:52:32]  正在连接 QQ-备用 邮箱服务器 (shouqianbadavid@qq.com) ...
[2026-07-31 15:53:07]  正在连接 QQ-主 邮箱服务器 (497720537@qq.com) ...
[2026-07-31 15:53:08]  正在连接 QQ-备用 邮箱服务器 (shouqianbadavid@qq.com) ...
[2026-07-31 15:53:44]  正在连接 QQ-主 邮箱服务器 (497720537@qq.com) ...
[2026-07-31 15:53:45]  正在连接 QQ-备用 邮箱服务器 (shouqianbadavid@qq.com) ...
[2026-07-31 15:54:20]  正在连接 QQ-主 邮箱服务器 (497720537@qq.com) ...
[2026-07-31 15:54:21]  正在连接 QQ-备用 邮箱服务器 (shouqianbadavid@qq.com) ...
[2026-07-31 15:54:56]  正在连接 QQ-主 邮箱服务器 (497720537@qq.com) ...
[2026-07-31 15:54:57]  正在连接 QQ-备用 邮箱服务器 (shouqianbadavid@qq.com) ...
[2026-07-31 15:55:33]  正在连接 QQ-主 邮箱服务器 (497720537@qq.com) ...
[2026-07-31 15:55:34]  正在连接 QQ-备用 邮箱服务器 (shouqianbadavid@qq.com) ...
[2026-07-31 15:56:09]  正在连接 QQ-主 邮箱服务器 (497720537@qq.com) ...
[2026-07-31 15:56:10]  正在连接 QQ-备用 邮箱服务器 (shouqianbadavid@qq.com) ...
[2026-07-31 15:56:46]  正在连接 QQ-主 邮箱服务器 (497720537@qq.com) ...
[2026-07-31 15:56:47]  正在连接 QQ-备用 邮箱服务器 (shouqianbadavid@qq.com) ...
[2026-07-31 15:57:22]  正在连接 QQ-主 邮箱服务器 (497720537@qq.com) ...
[2026-07-31 15:57:23]  正在连接 QQ-备用 邮箱服务器 (shouqianbadavid@qq.com) ...
[2026-07-31 15:57:59]  正在连接 QQ-主 邮箱服务器 (497720537@qq.com) ...
[2026-07-31 15:58:00]  正在连接 QQ-备用 邮箱服务器 (shouqianbadavid@qq.com) ...
[2026-07-31 15:58:35]  正在连接 QQ-主 邮箱服务器 (497720537@qq.com) ...
[2026-07-31 15:58:36]  正在连接 QQ-备用 邮箱服务器 (shouqianbadavid@qq.com) ...
[2026-07-31 15:59:11]  正在连接 QQ-主 邮箱服务器 (497720537@qq.com) ...
[2026-07-31 15:59:12]  正在连接 QQ-备用 邮箱服务器 (shouqianbadavid@qq.com) ...
[2026-07-31 15:59:47]  正在连接 QQ-主 邮箱服务器 (497720537@qq.com) ...
[2026-07-31 15:59:48]  正在连接 QQ-备用 邮箱服务器 (shouqianbadavid@qq.com) ...
[2026-07-31 16:00:24]  正在连接 QQ-主 邮箱服务器 (497720537@qq.com) ...
[2026-07-31 16:00:24]  正在连接 QQ-备用 邮箱服务器 (shouqianbadavid@qq.com) ...
[2026-07-31 16:01:00]  正在连接 QQ-主 邮箱服务器 (497720537@qq.com) ...
[2026-07-31 16:01:01]  正在连接 QQ-备用 邮箱服务器 (shouqianbadavid@qq.com) ...
[2026-07-31 16:01:36]  正在连接 QQ-主 邮箱服务器 (497720537@qq.com) ...
[2026-07-31 16:01:37]  正在连接 QQ-备用 邮箱服务器 (shouqianbadavid@qq.com) ...
[2026-07-31 16:02:12]  正在连接 QQ-主 邮箱服务器 (497720537@qq.com) ...
[2026-07-31 16:02:13]  正在连接 QQ-备用 邮箱服务器 (shouqianbadavid@qq.com) ...
[2026-07-31 16:02:49]  正在连接 QQ-主 邮箱服务器 (497720537@qq.com) ...
[2026-07-31 16:02:50]  正在连接 QQ-备用 邮箱服务器 (shouqianbadavid@qq.com) ...
[2026-07-31 16:03:26]  正在连接 QQ-主 邮箱服务器 (497720537@qq.com) ...
[2026-07-31 16:03:26]  正在连接 QQ-备用 邮箱服务器 (shouqianbadavid@qq.com) ...
[2026-07-31 16:04:02]  正在连接 QQ-主 邮箱服务器 (497720537@qq.com) ...
[2026-07-31 16:04:03]  正在连接 QQ-备用 邮箱服务器 (shouqianbadavid@qq.com) ...
[2026-07-31 16:04:38]  正在连接 QQ-主 邮箱服务器 (497720537@qq.com) ...
[2026-07-31 16:04:39]  正在连接 QQ-备用 邮箱服务器 (shouqianbadavid@qq.com) ...
[2026-07-31 16:05:15]  正在连接 QQ-主 邮箱服务器 (497720537@qq.com) ...
[2026-07-31 16:05:15]  正在连接 QQ-备用 邮箱服务器 (shouqianbadavid@qq.com) ...
[2026-07-31 16:05:51]  正在连接 QQ-主 邮箱服务器 (497720537@qq.com) ...
[2026-07-31 16:05:52]  正在连接 QQ-备用 邮箱服务器 (shouqianbadavid@qq.com) ...
[2026-07-31 16:06:28]  正在连接 QQ-主 邮箱服务器 (497720537@qq.com) ...
[2026-07-31 16:06:28]  正在连接 QQ-备用 邮箱服务器 (shouqianbadavid@qq.com) ...
[2026-07-31 16:07:04]  正在连接 QQ-主 邮箱服务器 (497720537@qq.com) ...
[2026-07-31 16:07:05]  正在连接 QQ-备用 邮箱服务器 (shouqianbadavid@qq.com) ...
[2026-07-31 16:07:40]  正在连接 QQ-主 邮箱服务器 (497720537@qq.com) ...
[2026-07-31 16:07:41]  正在连接 QQ-备用 邮箱服务器 (shouqianbadavid@qq.com) ...
[2026-07-31 16:08:17]  正在连接 QQ-主 邮箱服务器 (497720537@qq.com) ...
[2026-07-31 16:08:17]  正在连接 QQ-备用 邮箱服务器 (shouqianbadavid@qq.com) ...
[2026-07-31 16:08:53]  正在连接 QQ-主 邮箱服务器 (497720537@qq.com) ...
[2026-07-31 16:08:54]  正在连接 QQ-备用 邮箱服务器 (shouqianbadavid@qq.com) ...
[2026-07-31 16:09:29]  正在连接 QQ-主 邮箱服务器 (497720537@qq.com) ...
[2026-07-31 16:09:30]  正在连接 QQ-备用 邮箱服务器 (shouqianbadavid@qq.com) ...
[2026-07-31 16:10:06]  正在连接 QQ-主 邮箱服务器 (497720537@qq.com) ...
[2026-07-31 16:10:06]  正在连接 QQ-备用 邮箱服务器 (shouqianbadavid@qq.com) ...
[2026-07-31 16:10:42]  正在连接 QQ-主 邮箱服务器 (497720537@qq.com) ...
[2026-07-31 16:10:43]  正在连接 QQ-备用 邮箱服务器 (shouqianbadavid@qq.com) ...
[2026-07-31 16:11:18]  正在连接 QQ-主 邮箱服务器 (497720537@qq.com) ...
[2026-07-31 16:11:19]  正在连接 QQ-备用 邮箱服务器 (shouqianbadavid@qq.com) ...
[2026-07-31 16:11:55]  正在连接 QQ-主 邮箱服务器 (497720537@qq.com) ...
[2026-07-31 16:11:55]  正在连接 QQ-备用 邮箱服务器 (shouqianbadavid@qq.com) ...
[2026-07-31 16:12:31]  正在连接 QQ-主 邮箱服务器 (497720537@qq.com) ...
[2026-07-31 16:12:32]  正在连接 QQ-备用 邮箱服务器 (shouqianbadavid@qq.com) ...
[2026-07-31 16:13:08]  正在连接 QQ-主 邮箱服务器 (497720537@qq.com) ...
[2026-07-31 16:13:08]  正在连接 QQ-备用 邮箱服务器 (shouqianbadavid@qq.com) ...
[2026-07-31 16:13:44]  正在连接 QQ-主 邮箱服务器 (497720537@qq.com) ...
[2026-07-31 16:13:45]  正在连接 QQ-备用 邮箱服务器 (shouqianbadavid@qq.com) ...
[2026-07-31 16:14:21]  正在连接 QQ-主 邮箱服务器 (497720537@qq.com) ...
[2026-07-31 16:14:21]  正在连接 QQ-备用 邮箱服务器 (shouqianbadavid@qq.com) ...
[2026-07-31 16:14:57]  正在连接 QQ-主 邮箱服务器 (497720537@qq.com) ...
[2026-07-31 16:14:58]  正在连接 QQ-备用 邮箱服务器 (shouqianbadavid@qq.com) ...
[2026-07-31 16:15:33]  正在连接 QQ-主 邮箱服务器 (497720537@qq.com) ...
[2026-07-31 16:15:34]  正在连接 QQ-备用 邮箱服务器 (shouqianbadavid@qq.com) ...
[2026-07-31 16:16:10]  正在连接 QQ-主 邮箱服务器 (497720537@qq.com) ...
[2026-07-31 16:16:10]  正在连接 QQ-备用 邮箱服务器 (shouqianbadavid@qq.com) ...
[2026-07-31 16:16:46]  正在连接 QQ-主 邮箱服务器 (497720537@qq.com) ...
[2026-07-31 16:16:47]  正在连接 QQ-备用 邮箱服务器 (shouqianbadavid@qq.com) ...
[2026-07-31 16:17:22]  正在连接 QQ-主 邮箱服务器 (497720537@qq.com) ...
[2026-07-31 16:17:23]  正在连接 QQ-备用 邮箱服务器 (shouqianbadavid@qq.com) ...
[2026-07-31 16:17:58]  正在连接 QQ-主 邮箱服务器 (497720537@qq.com) ...
[2026-07-31 16:17:59]  正在连接 QQ-备用 邮箱服务器 (shouqianbadavid@qq.com) ...
[2026-07-31 16:18:35]  正在连接 QQ-主 邮箱服务器 (497720537@qq.com) ...
[2026-07-31 16:18:35]  正在连接 QQ-备用 邮箱服务器 (shouqianbadavid@qq.com) ...
[2026-07-31 16:19:11]  正在连接 QQ-主 邮箱服务器 (497720537@qq.com) ...
[2026-07-31 16:19:11]  正在连接 QQ-备用 邮箱服务器 (shouqianbadavid@qq.com) ...
[2026-07-31 16:19:47]  正在连接 QQ-主 邮箱服务器 (497720537@qq.com) ...
[2026-07-31 16:19:48]  正在连接 QQ-备用 邮箱服务器 (shouqianbadavid@qq.com) ...
[2026-07-31 16:20:24]  正在连接 QQ-主 邮箱服务器 (497720537@qq.com) ...
[2026-07-31 16:20:24]  正在连接 QQ-备用 邮箱服务器 (shouqianbadavid@qq.com) ...
[2026-07-31 16:21:00]  正在连接 QQ-主 邮箱服务器 (497720537@qq.com) ...
[2026-07-31 16:21:01]  正在连接 QQ-备用 邮箱服务器 (shouqianbadavid@qq.com) ...
[2026-07-31 16:21:36]  正在连接 QQ-主 邮箱服务器 (497720537@qq.com) ...
[2026-07-31 16:21:37]  正在连接 QQ-备用 邮箱服务器 (shouqianbadavid@qq.com) ...
[2026-07-31 16:22:13]  正在连接 QQ-主 邮箱服务器 (497720537@qq.com) ...
[2026-07-31 16:22:14]  正在连接 QQ-备用 邮箱服务器 (shouqianbadavid@qq.com) ...
[2026-07-31 16:22:49]  正在连接 QQ-主 邮箱服务器 (497720537@qq.com) ...
[2026-07-31 16:22:50]  正在连接 QQ-备用 邮箱服务器 (shouqianbadavid@qq.com) ...
[2026-07-31 16:23:26]  正在连接 QQ-主 邮箱服务器 (497720537@qq.com) ...
[2026-07-31 16:23:27]  正在连接 QQ-备用 邮箱服务器 (shouqianbadavid@qq.com) ...
[2026-07-31 16:24:02]  正在连接 QQ-主 邮箱服务器 (497720537@qq.com) ...
[2026-07-31 16:24:03]  正在连接 QQ-备用 邮箱服务器 (shouqianbadavid@qq.com) ...
[2026-07-31 16:24:39]  正在连接 QQ-主 邮箱服务器 (497720537@qq.com) ...
[2026-07-31 16:24:39]  正在连接 QQ-备用 邮箱服务器 (shouqianbadavid@qq.com) ...
[2026-07-31 16:25:15]  正在连接 QQ-主 邮箱服务器 (497720537@qq.com) ...
[2026-07-31 16:25:16]  正在连接 QQ-备用 邮箱服务器 (shouqianbadavid@qq.com) ...
[2026-07-31 16:25:51]  正在连接 QQ-主 邮箱服务器 (497720537@qq.com) ...
[2026-07-31 16:25:52]  正在连接 QQ-备用 邮箱服务器 (shouqianbadavid@qq.com) ...
[2026-07-31 16:26:28]  正在连接 QQ-主 邮箱服务器 (497720537@qq.com) ...
[2026-07-31 16:26:28]  正在连接 QQ-备用 邮箱服务器 (shouqianbadavid@qq.com) ...
[2026-07-31 16:27:04]  正在连接 QQ-主 邮箱服务器 (497720537@qq.com) ...
[2026-07-31 16:27:05]  正在连接 QQ-备用 邮箱服务器 (shouqianbadavid@qq.com) ...
[2026-07-31 16:27:41]  正在连接 QQ-主 邮箱服务器 (497720537@qq.com) ...
[2026-07-31 16:27:41]  正在连接 QQ-备用 邮箱服务器 (shouqianbadavid@qq.com) ...
[2026-07-31 16:28:17]  正在连接 QQ-主 邮箱服务器 (497720537@qq.com) ...
[2026-07-31 16:28:17]  正在连接 QQ-备用 邮箱服务器 (shouqianbadavid@qq.com) ...
[2026-07-31 16:28:53]  正在连接 QQ-主 邮箱服务器 (497720537@qq.com) ...
[2026-07-31 16:28:54]  正在连接 QQ-备用 邮箱服务器 (shouqianbadavid@qq.com) ...
[2026-07-31 16:29:30]  正在连接 QQ-主 邮箱服务器 (497720537@qq.com) ...
[2026-07-31 16:29:30]  正在连接 QQ-备用 邮箱服务器 (shouqianbadavid@qq.com) ...
[2026-07-31 16:30:06]  正在连接 QQ-主 邮箱服务器 (497720537@qq.com) ...
[2026-07-31 16:30:06]  正在连接 QQ-备用 邮箱服务器 (shouqianbadavid@qq.com) ...
[2026-07-31 16:30:42]  正在连接 QQ-主 邮箱服务器 (497720537@qq.com) ...
[2026-07-31 16:30:43]  QQ-主 正在解析因子: =?UTF-8?B?4o+wIGJheWFybGFoIOWPkeW4g+eahOS4gA==?=
 =?UTF-8?B?5p2h5b+r5ouN5Y2z5bCG6L+H5pyf?=
[2026-07-31 16:30:43]  发现表格，共 38 行数据
[2026-07-31 16:30:43]  表头映射失败，未找到指定列名。当前表头: ['The story will expire 今天 18:00, so don’t miss out on the opportunity to see it.在过期前查看bayarlah最近的快拍。bayarlahadded to their story.7月30日 18:00查看快拍查看其他快拍此邮件发给497720537@qq.com。 如果不希望再收到 Meta 的这类邮件，请退订。Meta Platforms, Inc., Attention: Community Support, 1 Meta Way, Menlo Park, CA 94025为保护你的主页安全，请勿转发这封邮件。详细了解', 'The story will expire 今天 18:00, so don’t miss out on the opportunity to see it.在过期前查看bayarlah最近的快拍。bayarlahadded to their story.7月30日 18:00查看快拍查看其他快拍此邮件发给497720537@qq.com。 如果不希望再收到 Meta 的这类邮件，请退订。Meta Platforms, Inc., Attention: Community Support, 1 Meta Way, Menlo Park, CA 94025为保护你的主页安全，请勿转发这封邮件。详细了解', 'The story will expire 今天 18:00, so don’t miss out on the opportunity to see it.在过期前查看bayarlah最近的快拍。bayarlahadded to their story.7月30日 18:00查看快拍查看其他快拍此邮件发给497720537@qq.com。 如果不希望再收到 Meta 的这类邮件，请退订。Meta Platforms, Inc., Attention: Community Support, 1 Meta Way, Menlo Park, CA 94025为保护你的主页安全，请勿转发这封邮件。详细了解', '', 'The story will expire 今天 18:00, so don’t miss out on the opportunity to see it.', '', '', '', '', '', '', '', '', '', '', '', '', '', '', '在过期前查看bayarlah最近的快拍。bayarlahadded to their story.7月30日 18:00查看快拍', '', '在过期前查看bayarlah最近的快拍。', 'bayarlahadded to their story.7月30日 18:00查看快拍', 'bayarlahadded to their story.7月30日 18:00查看快拍', '', 'bayarlahadded to their story.7月30日 18:00查看快拍', 'bayarlahadded to their story.7月30日 18:00查看快拍', 'bayarlahadded to their story.7月30日 18:00查看快拍', '', '', 'bayarlahadded to their story.7月30日 18:00查看快拍', 'bayarlahadded to their story.7月30日 18:00', 'bayarlahadded to their story.', '', '7月30日 18:00', '', '查看快拍', '查看快拍', '', '', '', '查看其他快拍', '', '查看其他快拍', '查看其他快拍', '', '', '', '', '此邮件发给497720537@qq.com。 如果不希望再收到 Meta 的这类邮件，请退订。Meta Platforms, Inc., Attention: Community Support, 1 Meta Way, Menlo Park, CA 94025', '', '此邮件发给497720537@qq.com。 如果不希望再收到 Meta 的这类邮件，请退订。Meta Platforms, Inc., Attention: Community Support, 1 Meta Way, Menlo Park, CA 94025', '', '', '为保护你的主页安全，请勿转发这封邮件。详细了解', '为保护你的主页安全，请勿转发这封邮件。详细了解', '', '']
[2026-07-31 16:30:43] QQ-主 邮件 5655 无有效信号
[2026-07-31 16:30:43]  正在连接 QQ-备用 邮箱服务器 (shouqianbadavid@qq.com) ...
[2026-07-31 16:31:19]  正在连接 QQ-主 邮箱服务器 (497720537@qq.com) ...
[2026-07-31 16:31:20]  正在连接 QQ-备用 邮箱服务器 (shouqianbadavid@qq.com) ...
[2026-07-31 16:31:55]  正在连接 QQ-主 邮箱服务器 (497720537@qq.com) ...
[2026-07-31 16:31:56]  正在连接 QQ-备用 邮箱服务器 (shouqianbadavid@qq.com) ...
[2026-07-31 16:32:32]  正在连接 QQ-主 邮箱服务器 (497720537@qq.com) ...
[2026-07-31 16:32:33]  正在连接 QQ-备用 邮箱服务器 (shouqianbadavid@qq.com) ...
[2026-07-31 16:33:08]  正在连接 QQ-主 邮箱服务器 (497720537@qq.com) ...
[2026-07-31 16:33:09]  正在连接 QQ-备用 邮箱服务器 (shouqianbadavid@qq.com) ...
[2026-07-31 16:33:45]  正在连接 QQ-主 邮箱服务器 (497720537@qq.com) ...
[2026-07-31 16:33:47]  正在连接 QQ-备用 邮箱服务器 (shouqianbadavid@qq.com) ...
[2026-07-31 16:34:22]  正在连接 QQ-主 邮箱服务器 (497720537@qq.com) ...
[2026-07-31 16:34:23]  正在连接 QQ-备用 邮箱服务器 (shouqianbadavid@qq.com) ...
[2026-07-31 16:34:59]  正在连接 QQ-主 邮箱服务器 (497720537@qq.com) ...
[2026-07-31 16:35:00]  正在连接 QQ-备用 邮箱服务器 (shouqianbadavid@qq.com) ...
[2026-07-31 16:35:35]  正在连接 QQ-主 邮箱服务器 (497720537@qq.com) ...
[2026-07-31 16:35:36]  正在连接 QQ-备用 邮箱服务器 (shouqianbadavid@qq.com) ...
[2026-07-31 16:36:12]  正在连接 QQ-主 邮箱服务器 (497720537@qq.com) ...
[2026-07-31 16:36:12]  正在连接 QQ-备用 邮箱服务器 (shouqianbadavid@qq.com) ...
[2026-07-31 16:36:48]  正在连接 QQ-主 邮箱服务器 (497720537@qq.com) ...
[2026-07-31 16:36:49]  正在连接 QQ-备用 邮箱服务器 (shouqianbadavid@qq.com) ...
[2026-07-31 16:37:25]  正在连接 QQ-主 邮箱服务器 (497720537@qq.com) ...
[2026-07-31 16:37:25]  正在连接 QQ-备用 邮箱服务器 (shouqianbadavid@qq.com) ...
[2026-07-31 16:38:01]  正在连接 QQ-主 邮箱服务器 (497720537@qq.com) ...
[2026-07-31 16:38:01]  正在连接 QQ-备用 邮箱服务器 (shouqianbadavid@qq.com) ...
[2026-07-31 16:38:37]  正在连接 QQ-主 邮箱服务器 (497720537@qq.com) ...
[2026-07-31 16:38:38]  正在连接 QQ-备用 邮箱服务器 (shouqianbadavid@qq.com) ...
[2026-07-31 16:39:13]  正在连接 QQ-主 邮箱服务器 (497720537@qq.com) ...
[2026-07-31 16:39:14]  正在连接 QQ-备用 邮箱服务器 (shouqianbadavid@qq.com) ...
[2026-07-31 16:39:50]  正在连接 QQ-主 邮箱服务器 (497720537@qq.com) ...
[2026-07-31 16:39:51]  正在连接 QQ-备用 邮箱服务器 (shouqianbadavid@qq.com) ...
[2026-07-31 16:40:27]  正在连接 QQ-主 邮箱服务器 (497720537@qq.com) ...
[2026-07-31 16:40:28]  正在连接 QQ-备用 邮箱服务器 (shouqianbadavid@qq.com) ...
[2026-07-31 16:41:03]  正在连接 QQ-主 邮箱服务器 (497720537@qq.com) ...
[2026-07-31 16:41:04]  正在连接 QQ-备用 邮箱服务器 (shouqianbadavid@qq.com) ...
[2026-07-31 16:41:40]  正在连接 QQ-主 邮箱服务器 (497720537@qq.com) ...
[2026-07-31 16:41:40]  正在连接 QQ-备用 邮箱服务器 (shouqianbadavid@qq.com) ...
[2026-07-31 16:42:16]  正在连接 QQ-主 邮箱服务器 (497720537@qq.com) ...
[2026-07-31 16:42:17]  正在连接 QQ-备用 邮箱服务器 (shouqianbadavid@qq.com) ...
[2026-07-31 16:42:53]  正在连接 QQ-主 邮箱服务器 (497720537@qq.com) ...
[2026-07-31 16:42:53]  正在连接 QQ-备用 邮箱服务器 (shouqianbadavid@qq.com) ...
[2026-07-31 16:43:29]  正在连接 QQ-主 邮箱服务器 (497720537@qq.com) ...
[2026-07-31 16:43:29]  正在连接 QQ-备用 邮箱服务器 (shouqianbadavid@qq.com) ...
[2026-07-31 16:44:05]  正在连接 QQ-主 邮箱服务器 (497720537@qq.com) ...
[2026-07-31 16:44:06]  正在连接 QQ-备用 邮箱服务器 (shouqianbadavid@qq.com) ...
[2026-07-31 16:44:42]  正在连接 QQ-主 邮箱服务器 (497720537@qq.com) ...
[2026-07-31 16:44:42]  正在连接 QQ-备用 邮箱服务器 (shouqianbadavid@qq.com) ...
[2026-07-31 16:45:18]  正在连接 QQ-主 邮箱服务器 (497720537@qq.com) ...
[2026-07-31 16:45:19]  正在连接 QQ-备用 邮箱服务器 (shouqianbadavid@qq.com) ...
[2026-07-31 16:45:55]  正在连接 QQ-主 邮箱服务器 (497720537@qq.com) ...
[2026-07-31 16:45:55]  正在连接 QQ-备用 邮箱服务器 (shouqianbadavid@qq.com) ...
[2026-07-31 16:46:31]  正在连接 QQ-主 邮箱服务器 (497720537@qq.com) ...
[2026-07-31 16:46:31]  正在连接 QQ-备用 邮箱服务器 (shouqianbadavid@qq.com) ...
[2026-07-31 16:47:07]  正在连接 QQ-主 邮箱服务器 (497720537@qq.com) ...
[2026-07-31 16:47:07]  正在连接 QQ-备用 邮箱服务器 (shouqianbadavid@qq.com) ...
[2026-07-31 16:47:43]  正在连接 QQ-主 邮箱服务器 (497720537@qq.com) ...
[2026-07-31 16:47:44]  正在连接 QQ-备用 邮箱服务器 (shouqianbadavid@qq.com) ...
[2026-07-31 16:48:19]  正在连接 QQ-主 邮箱服务器 (497720537@qq.com) ...
[2026-07-31 16:48:20]  正在连接 QQ-备用 邮箱服务器 (shouqianbadavid@qq.com) ...
[2026-07-31 16:48:56]  正在连接 QQ-主 邮箱服务器 (497720537@qq.com) ...
[2026-07-31 16:48:56]  正在连接 QQ-备用 邮箱服务器 (shouqianbadavid@qq.com) ...
[2026-07-31 16:49:32]  正在连接 QQ-主 邮箱服务器 (497720537@qq.com) ...
[2026-07-31 16:49:33]  正在连接 QQ-备用 邮箱服务器 (shouqianbadavid@qq.com) ...
[2026-07-31 16:50:09]  正在连接 QQ-主 邮箱服务器 (497720537@qq.com) ...
[2026-07-31 16:50:09]  正在连接 QQ-备用 邮箱服务器 (shouqianbadavid@qq.com) ...
[2026-07-31 16:50:45]  正在连接 QQ-主 邮箱服务器 (497720537@qq.com) ...
[2026-07-31 16:50:46]  正在连接 QQ-备用 邮箱服务器 (shouqianbadavid@qq.com) ...
[2026-07-31 16:51:22]  正在连接 QQ-主 邮箱服务器 (497720537@qq.com) ...
[2026-07-31 16:51:22]  正在连接 QQ-备用 邮箱服务器 (shouqianbadavid@qq.com) ...
[2026-07-31 16:51:58]  正在连接 QQ-主 邮箱服务器 (497720537@qq.com) ...
[2026-07-31 16:51:59]  正在连接 QQ-备用 邮箱服务器 (shouqianbadavid@qq.com) ...
[2026-07-31 16:52:34]  正在连接 QQ-主 邮箱服务器 (497720537@qq.com) ...
[2026-07-31 16:52:35]  正在连接 QQ-备用 邮箱服务器 (shouqianbadavid@qq.com) ...
[2026-07-31 16:53:11]  正在连接 QQ-主 邮箱服务器 (497720537@qq.com) ...
[2026-07-31 16:53:12]  正在连接 QQ-备用 邮箱服务器 (shouqianbadavid@qq.com) ...
[2026-07-31 16:53:47]  正在连接 QQ-主 邮箱服务器 (497720537@qq.com) ...
[2026-07-31 16:53:48]  正在连接 QQ-备用 邮箱服务器 (shouqianbadavid@qq.com) ...
[2026-07-31 16:54:23]  正在连接 QQ-主 邮箱服务器 (497720537@qq.com) ...
[2026-07-31 16:54:24]  正在连接 QQ-备用 邮箱服务器 (shouqianbadavid@qq.com) ...
[2026-07-31 16:55:00]  正在连接 QQ-主 邮箱服务器 (497720537@qq.com) ...
[2026-07-31 16:55:01]  正在连接 QQ-备用 邮箱服务器 (shouqianbadavid@qq.com) ...
[2026-07-31 16:55:37]  正在连接 QQ-主 邮箱服务器 (497720537@qq.com) ...
[2026-07-31 16:55:38]  正在连接 QQ-备用 邮箱服务器 (shouqianbadavid@qq.com) ...
[2026-07-31 16:56:13]  正在连接 QQ-主 邮箱服务器 (497720537@qq.com) ...
[2026-07-31 16:56:14]  正在连接 QQ-备用 邮箱服务器 (shouqianbadavid@qq.com) ...
[2026-07-31 16:56:50]  正在连接 QQ-主 邮箱服务器 (497720537@qq.com) ...
[2026-07-31 16:56:50]  正在连接 QQ-备用 邮箱服务器 (shouqianbadavid@qq.com) ...
[2026-07-31 16:57:26]  正在连接 QQ-主 邮箱服务器 (497720537@qq.com) ...
[2026-07-31 16:57:27]  正在连接 QQ-备用 邮箱服务器 (shouqianbadavid@qq.com) ...
[2026-07-31 16:58:03]  正在连接 QQ-主 邮箱服务器 (497720537@qq.com) ...
[2026-07-31 16:58:03]  正在连接 QQ-备用 邮箱服务器 (shouqianbadavid@qq.com) ...
[2026-07-31 16:58:39]  正在连接 QQ-主 邮箱服务器 (497720537@qq.com) ...
[2026-07-31 16:58:39]  正在连接 QQ-备用 邮箱服务器 (shouqianbadavid@qq.com) ...
[2026-07-31 16:59:15]  正在连接 QQ-主 邮箱服务器 (497720537@qq.com) ...
[2026-07-31 16:59:16]  正在连接 QQ-备用 邮箱服务器 (shouqianbadavid@qq.com) ...
[2026-07-31 16:59:52]  正在连接 QQ-主 邮箱服务器 (497720537@qq.com) ...
[2026-07-31 16:59:53]  正在连接 QQ-备用 邮箱服务器 (shouqianbadavid@qq.com) ...
[2026-07-31 17:00:28]  正在连接 QQ-主 邮箱服务器 (497720537@qq.com) ...
[2026-07-31 17:00:29]  正在连接 QQ-备用 邮箱服务器 (shouqianbadavid@qq.com) ...
[2026-07-31 17:01:04]  正在连接 QQ-主 邮箱服务器 (497720537@qq.com) ...
[2026-07-31 17:01:05]  正在连接 QQ-备用 邮箱服务器 (shouqianbadavid@qq.com) ...
[2026-07-31 17:01:41]  正在连接 QQ-主 邮箱服务器 (497720537@qq.com) ...
[2026-07-31 17:01:42]  正在连接 QQ-备用 邮箱服务器 (shouqianbadavid@qq.com) ...
[2026-07-31 17:02:18]  正在连接 QQ-主 邮箱服务器 (497720537@qq.com) ...
[2026-07-31 17:02:18]  正在连接 QQ-备用 邮箱服务器 (shouqianbadavid@qq.com) ...
[2026-07-31 17:02:54]  正在连接 QQ-主 邮箱服务器 (497720537@qq.com) ...
[2026-07-31 17:02:55]  正在连接 QQ-备用 邮箱服务器 (shouqianbadavid@qq.com) ...
[2026-07-31 17:03:31]  正在连接 QQ-主 邮箱服务器 (497720537@qq.com) ...
[2026-07-31 17:03:31]  正在连接 QQ-备用 邮箱服务器 (shouqianbadavid@qq.com) ...
[2026-07-31 17:04:07]  正在连接 QQ-主 邮箱服务器 (497720537@qq.com) ...
[2026-07-31 17:04:08]  正在连接 QQ-备用 邮箱服务器 (shouqianbadavid@qq.com) ...
[2026-07-31 17:04:43]  正在连接 QQ-主 邮箱服务器 (497720537@qq.com) ...
[2026-07-31 17:04:44]  正在连接 QQ-备用 邮箱服务器 (shouqianbadavid@qq.com) ...
[2026-07-31 17:05:20]  正在连接 QQ-主 邮箱服务器 (497720537@qq.com) ...
[2026-07-31 17:05:20]  正在连接 QQ-备用 邮箱服务器 (shouqianbadavid@qq.com) ...
[2026-07-31 17:05:56]  正在连接 QQ-主 邮箱服务器 (497720537@qq.com) ...
[2026-07-31 17:05:57]  正在连接 QQ-备用 邮箱服务器 (shouqianbadavid@qq.com) ...
[2026-07-31 17:06:33]  正在连接 QQ-主 邮箱服务器 (497720537@qq.com) ...
[2026-07-31 17:06:33]  正在连接 QQ-备用 邮箱服务器 (shouqianbadavid@qq.com) ...
[2026-07-31 17:07:09]  正在连接 QQ-主 邮箱服务器 (497720537@qq.com) ...
[2026-07-31 17:07:10]  正在连接 QQ-备用 邮箱服务器 (shouqianbadavid@qq.com) ...
[2026-07-31 17:07:45]  正在连接 QQ-主 邮箱服务器 (497720537@qq.com) ...
[2026-07-31 17:07:46]  正在连接 QQ-备用 邮箱服务器 (shouqianbadavid@qq.com) ...
[2026-07-31 17:08:22]  正在连接 QQ-主 邮箱服务器 (497720537@qq.com) ...
[2026-07-31 17:08:22]  正在连接 QQ-备用 邮箱服务器 (shouqianbadavid@qq.com) ...
[2026-07-31 17:08:58]  正在连接 QQ-主 邮箱服务器 (497720537@qq.com) ...
[2026-07-31 17:08:59]  正在连接 QQ-备用 邮箱服务器 (shouqianbadavid@qq.com) ...
[2026-07-31 17:09:34]  正在连接 QQ-主 邮箱服务器 (497720537@qq.com) ...
[2026-07-31 17:09:35]  正在连接 QQ-备用 邮箱服务器 (shouqianbadavid@qq.com) ...
[2026-07-31 17:10:11]  正在连接 QQ-主 邮箱服务器 (497720537@qq.com) ...
[2026-07-31 17:10:11]  正在连接 QQ-备用 邮箱服务器 (shouqianbadavid@qq.com) ...
[2026-07-31 17:10:47]  正在连接 QQ-主 邮箱服务器 (497720537@qq.com) ...
[2026-07-31 17:10:48]  正在连接 QQ-备用 邮箱服务器 (shouqianbadavid@qq.com) ...
[2026-07-31 17:11:24]  正在连接 QQ-主 邮箱服务器 (497720537@qq.com) ...
[2026-07-31 17:11:25]  正在连接 QQ-备用 邮箱服务器 (shouqianbadavid@qq.com) ...
[2026-07-31 17:12:01]  正在连接 QQ-主 邮箱服务器 (497720537@qq.com) ...
[2026-07-31 17:12:01]  正在连接 QQ-备用 邮箱服务器 (shouqianbadavid@qq.com) ...
[2026-07-31 17:12:37]  正在连接 QQ-主 邮箱服务器 (497720537@qq.com) ...
[2026-07-31 17:12:38]  正在连接 QQ-备用 邮箱服务器 (shouqianbadavid@qq.com) ...
[2026-07-31 17:13:13]  正在连接 QQ-主 邮箱服务器 (497720537@qq.com) ...
[2026-07-31 17:13:14]  正在连接 QQ-备用 邮箱服务器 (shouqianbadavid@qq.com) ...
[2026-07-31 17:13:50]  正在连接 QQ-主 邮箱服务器 (497720537@qq.com) ...
[2026-07-31 17:13:50]  正在连接 QQ-备用 邮箱服务器 (shouqianbadavid@qq.com) ...
[2026-07-31 17:14:26]  正在连接 QQ-主 邮箱服务器 (497720537@qq.com) ...
[2026-07-31 17:14:27]  正在连接 QQ-备用 邮箱服务器 (shouqianbadavid@qq.com) ...
[2026-07-31 17:15:02]  正在连接 QQ-主 邮箱服务器 (497720537@qq.com) ...
[2026-07-31 17:15:03]  正在连接 QQ-备用 邮箱服务器 (shouqianbadavid@qq.com) ...
[2026-07-31 17:15:38]  正在连接 QQ-主 邮箱服务器 (497720537@qq.com) ...
[2026-07-31 17:15:39]  正在连接 QQ-备用 邮箱服务器 (shouqianbadavid@qq.com) ...
[2026-07-31 17:16:15]  正在连接 QQ-主 邮箱服务器 (497720537@qq.com) ...
[2026-07-31 17:16:15]  正在连接 QQ-备用 邮箱服务器 (shouqianbadavid@qq.com) ...
[2026-07-31 17:16:51]  正在连接 QQ-主 邮箱服务器 (497720537@qq.com) ...
[2026-07-31 17:16:51]  正在连接 QQ-备用 邮箱服务器 (shouqianbadavid@qq.com) ...
[2026-07-31 17:17:27]  正在连接 QQ-主 邮箱服务器 (497720537@qq.com) ...
[2026-07-31 17:17:28]  正在连接 QQ-备用 邮箱服务器 (shouqianbadavid@qq.com) ...
[2026-07-31 17:18:03]  正在连接 QQ-主 邮箱服务器 (497720537@qq.com) ...
[2026-07-31 17:18:04]  正在连接 QQ-备用 邮箱服务器 (shouqianbadavid@qq.com) ...
[2026-07-31 17:18:40]  正在连接 QQ-主 邮箱服务器 (497720537@qq.com) ...
[2026-07-31 17:18:40]  正在连接 QQ-备用 邮箱服务器 (shouqianbadavid@qq.com) ...
[2026-07-31 17:19:16]  正在连接 QQ-主 邮箱服务器 (497720537@qq.com) ...
[2026-07-31 17:19:16]  正在连接 QQ-备用 邮箱服务器 (shouqianbadavid@qq.com) ...
[2026-07-31 17:19:52]  正在连接 QQ-主 邮箱服务器 (497720537@qq.com) ...
[2026-07-31 17:19:52]  正在连接 QQ-备用 邮箱服务器 (shouqianbadavid@qq.com) ...
[2026-07-31 17:20:28]  正在连接 QQ-主 邮箱服务器 (497720537@qq.com) ...
[2026-07-31 17:20:29]  正在连接 QQ-备用 邮箱服务器 (shouqianbadavid@qq.com) ...
[2026-07-31 17:21:04]  正在连接 QQ-主 邮箱服务器 (497720537@qq.com) ...
[2026-07-31 17:21:05]  正在连接 QQ-备用 邮箱服务器 (shouqianbadavid@qq.com) ...
[2026-07-31 17:21:41]  正在连接 QQ-主 邮箱服务器 (497720537@qq.com) ...
[2026-07-31 17:21:45]  正在连接 QQ-备用 邮箱服务器 (shouqianbadavid@qq.com) ...
[2026-07-31 17:22:20]  正在连接 QQ-主 邮箱服务器 (497720537@qq.com) ...
[2026-07-31 17:22:21]  正在连接 QQ-备用 邮箱服务器 (shouqianbadavid@qq.com) ...
[2026-07-31 17:22:56]  正在连接 QQ-主 邮箱服务器 (497720537@qq.com) ...
[2026-07-31 17:22:57]  正在连接 QQ-备用 邮箱服务器 (shouqianbadavid@qq.com) ...
[2026-07-31 17:23:33]  正在连接 QQ-主 邮箱服务器 (497720537@qq.com) ...
[2026-07-31 17:23:33]  正在连接 QQ-备用 邮箱服务器 (shouqianbadavid@qq.com) ...
[2026-07-31 17:24:09]  正在连接 QQ-主 邮箱服务器 (497720537@qq.com) ...
[2026-07-31 17:24:09]  正在连接 QQ-备用 邮箱服务器 (shouqianbadavid@qq.com) ...
[2026-07-31 17:24:45]  正在连接 QQ-主 邮箱服务器 (497720537@qq.com) ...
[2026-07-31 17:24:46]  正在连接 QQ-备用 邮箱服务器 (shouqianbadavid@qq.com) ...
[2026-07-31 17:25:22]  正在连接 QQ-主 邮箱服务器 (497720537@qq.com) ...
[2026-07-31 17:25:22]  正在连接 QQ-备用 邮箱服务器 (shouqianbadavid@qq.com) ...
[2026-07-31 17:25:58]  正在连接 QQ-主 邮箱服务器 (497720537@qq.com) ...
[2026-07-31 17:25:58]  正在连接 QQ-备用 邮箱服务器 (shouqianbadavid@qq.com) ...
[2026-07-31 17:26:34]  正在连接 QQ-主 邮箱服务器 (497720537@qq.com) ...
[2026-07-31 17:26:35]  正在连接 QQ-备用 邮箱服务器 (shouqianbadavid@qq.com) ...
[2026-07-31 17:27:10]  正在连接 QQ-主 邮箱服务器 (497720537@qq.com) ...
[2026-07-31 17:27:14]  正在连接 QQ-备用 邮箱服务器 (shouqianbadavid@qq.com) ...
[2026-07-31 17:27:49]  正在连接 QQ-主 邮箱服务器 (497720537@qq.com) ...
[2026-07-31 17:27:50]  正在连接 QQ-备用 邮箱服务器 (shouqianbadavid@qq.com) ...
[2026-07-31 17:28:26]  正在连接 QQ-主 邮箱服务器 (497720537@qq.com) ...
[2026-07-31 17:28:26]  正在连接 QQ-备用 邮箱服务器 (shouqianbadavid@qq.com) ...
[2026-07-31 17:29:02]  正在连接 QQ-主 邮箱服务器 (497720537@qq.com) ...
[2026-07-31 17:29:02]  正在连接 QQ-备用 邮箱服务器 (shouqianbadavid@qq.com) ...
[2026-07-31 17:29:38]  正在连接 QQ-主 邮箱服务器 (497720537@qq.com) ...
[2026-07-31 17:29:39]  正在连接 QQ-备用 邮箱服务器 (shouqianbadavid@qq.com) ...
[2026-07-31 17:30:14]  正在连接 QQ-主 邮箱服务器 (497720537@qq.com) ...
[2026-07-31 17:30:15]  正在连接 QQ-备用 邮箱服务器 (shouqianbadavid@qq.com) ...
[2026-07-31 17:30:50]  正在连接 QQ-主 邮箱服务器 (497720537@qq.com) ...
[2026-07-31 17:30:51]  正在连接 QQ-备用 邮箱服务器 (shouqianbadavid@qq.com) ...
[2026-07-31 17:31:27]  正在连接 QQ-主 邮箱服务器 (497720537@qq.com) ...
[2026-07-31 17:31:27]  正在连接 QQ-备用 邮箱服务器 (shouqianbadavid@qq.com) ...
[2026-07-31 17:32:03]  正在连接 QQ-主 邮箱服务器 (497720537@qq.com) ...
[2026-07-31 17:32:03]  正在连接 QQ-备用 邮箱服务器 (shouqianbadavid@qq.com) ...
[2026-07-31 17:32:39]  正在连接 QQ-主 邮箱服务器 (497720537@qq.com) ...
[2026-07-31 17:32:39]  正在连接 QQ-备用 邮箱服务器 (shouqianbadavid@qq.com) ...
[2026-07-31 17:33:15]  正在连接 QQ-主 邮箱服务器 (497720537@qq.com) ...
[2026-07-31 17:33:16]  正在连接 QQ-备用 邮箱服务器 (shouqianbadavid@qq.com) ...
[2026-07-31 17:33:51]  正在连接 QQ-主 邮箱服务器 (497720537@qq.com) ...
[2026-07-31 17:33:52]  正在连接 QQ-备用 邮箱服务器 (shouqianbadavid@qq.com) ...
[2026-07-31 17:34:27]  正在连接 QQ-主 邮箱服务器 (497720537@qq.com) ...
[2026-07-31 17:34:28]  正在连接 QQ-备用 邮箱服务器 (shouqianbadavid@qq.com) ...
[2026-07-31 17:35:04]  正在连接 QQ-主 邮箱服务器 (497720537@qq.com) ...
[2026-07-31 17:35:04]  正在连接 QQ-备用 邮箱服务器 (shouqianbadavid@qq.com) ...
[2026-07-31 17:35:40]  正在连接 QQ-主 邮箱服务器 (497720537@qq.com) ...
[2026-07-31 17:35:41]  正在连接 QQ-备用 邮箱服务器 (shouqianbadavid@qq.com) ...
[2026-07-31 17:36:16]  正在连接 QQ-主 邮箱服务器 (497720537@qq.com) ...
[2026-07-31 17:36:17]  正在连接 QQ-备用 邮箱服务器 (shouqianbadavid@qq.com) ...
[2026-07-31 17:36:53]  正在连接 QQ-主 邮箱服务器 (497720537@qq.com) ...
[2026-07-31 17:36:53]  正在连接 QQ-备用 邮箱服务器 (shouqianbadavid@qq.com) ...
[2026-07-31 17:37:29]  正在连接 QQ-主 邮箱服务器 (497720537@qq.com) ...
[2026-07-31 17:37:30]  正在连接 QQ-备用 邮箱服务器 (shouqianbadavid@qq.com) ...
[2026-07-31 17:38:05]  正在连接 QQ-主 邮箱服务器 (497720537@qq.com) ...
[2026-07-31 17:38:06]  正在连接 QQ-备用 邮箱服务器 (shouqianbadavid@qq.com) ...
[2026-07-31 17:38:42]  正在连接 QQ-主 邮箱服务器 (497720537@qq.com) ...
[2026-07-31 17:38:42]  正在连接 QQ-备用 邮箱服务器 (shouqianbadavid@qq.com) ...
[2026-07-31 17:39:18]  正在连接 QQ-主 邮箱服务器 (497720537@qq.com) ...
[2026-07-31 17:39:19]  正在连接 QQ-备用 邮箱服务器 (shouqianbadavid@qq.com) ...
[2026-07-31 17:39:55]  正在连接 QQ-主 邮箱服务器 (497720537@qq.com) ...
[2026-07-31 17:39:55]  正在连接 QQ-备用 邮箱服务器 (shouqianbadavid@qq.com) ...
[2026-07-31 17:40:31]  正在连接 QQ-主 邮箱服务器 (497720537@qq.com) ...
[2026-07-31 17:40:31]  正在连接 QQ-备用 邮箱服务器 (shouqianbadavid@qq.com) ...
[2026-07-31 17:41:07]  正在连接 QQ-主 邮箱服务器 (497720537@qq.com) ...
[2026-07-31 17:41:08]  正在连接 QQ-备用 邮箱服务器 (shouqianbadavid@qq.com) ...
[2026-07-31 17:41:44]  正在连接 QQ-主 邮箱服务器 (497720537@qq.com) ...
[2026-07-31 17:41:44]  正在连接 QQ-备用 邮箱服务器 (shouqianbadavid@qq.com) ...
[2026-07-31 17:42:20]  正在连接 QQ-主 邮箱服务器 (497720537@qq.com) ...
[2026-07-31 17:42:20]  正在连接 QQ-备用 邮箱服务器 (shouqianbadavid@qq.com) ...
[2026-07-31 17:42:57]  正在连接 QQ-主 邮箱服务器 (497720537@qq.com) ...
[2026-07-31 17:42:57]  正在连接 QQ-备用 邮箱服务器 (shouqianbadavid@qq.com) ...
[2026-07-31 17:43:33]  正在连接 QQ-主 邮箱服务器 (497720537@qq.com) ...
[2026-07-31 17:43:34]  正在连接 QQ-备用 邮箱服务器 (shouqianbadavid@qq.com) ...
[2026-07-31 17:44:09]  正在连接 QQ-主 邮箱服务器 (497720537@qq.com) ...
[2026-07-31 17:44:10]  正在连接 QQ-备用 邮箱服务器 (shouqianbadavid@qq.com) ...
[2026-07-31 17:44:46]  正在连接 QQ-主 邮箱服务器 (497720537@qq.com) ...
[2026-07-31 17:44:46]  正在连接 QQ-备用 邮箱服务器 (shouqianbadavid@qq.com) ...
[2026-07-31 17:45:22]  正在连接 QQ-主 邮箱服务器 (497720537@qq.com) ...
[2026-07-31 17:45:23]  正在连接 QQ-备用 邮箱服务器 (shouqianbadavid@qq.com) ...
[2026-07-31 17:45:59]  正在连接 QQ-主 邮箱服务器 (497720537@qq.com) ...
[2026-07-31 17:45:59]  正在连接 QQ-备用 邮箱服务器 (shouqianbadavid@qq.com) ...
[2026-07-31 17:46:35]  正在连接 QQ-主 邮箱服务器 (497720537@qq.com) ...
[2026-07-31 17:46:36]  正在连接 QQ-备用 邮箱服务器 (shouqianbadavid@qq.com) ...
[2026-07-31 17:47:11]  正在连接 QQ-主 邮箱服务器 (497720537@qq.com) ...
[2026-07-31 17:47:12]  正在连接 QQ-备用 邮箱服务器 (shouqianbadavid@qq.com) ...
[2026-07-31 17:47:49]  正在连接 QQ-主 邮箱服务器 (497720537@qq.com) ...
[2026-07-31 17:47:50]  正在连接 QQ-备用 邮箱服务器 (shouqianbadavid@qq.com) ...
[2026-07-31 17:48:26]  正在连接 QQ-主 邮箱服务器 (497720537@qq.com) ...
[2026-07-31 17:48:26]  正在连接 QQ-备用 邮箱服务器 (shouqianbadavid@qq.com) ...
[2026-07-31 17:49:02]  正在连接 QQ-主 邮箱服务器 (497720537@qq.com) ...
[2026-07-31 17:49:02]  正在连接 QQ-备用 邮箱服务器 (shouqianbadavid@qq.com) ...
[2026-07-31 17:49:38]  正在连接 QQ-主 邮箱服务器 (497720537@qq.com) ...
[2026-07-31 17:49:38]  正在连接 QQ-备用 邮箱服务器 (shouqianbadavid@qq.com) ...
[2026-07-31 17:50:14]  正在连接 QQ-主 邮箱服务器 (497720537@qq.com) ...
[2026-07-31 17:50:14]  正在连接 QQ-备用 邮箱服务器 (shouqianbadavid@qq.com) ...
[2026-07-31 17:50:50]  正在连接 QQ-主 邮箱服务器 (497720537@qq.com) ...
[2026-07-31 17:50:50]  正在连接 QQ-备用 邮箱服务器 (shouqianbadavid@qq.com) ...
[2026-07-31 17:51:26]  正在连接 QQ-主 邮箱服务器 (497720537@qq.com) ...
[2026-07-31 17:51:26]  正在连接 QQ-备用 邮箱服务器 (shouqianbadavid@qq.com) ...
[2026-07-31 17:52:02]  正在连接 QQ-主 邮箱服务器 (497720537@qq.com) ...
[2026-07-31 17:52:03]  正在连接 QQ-备用 邮箱服务器 (shouqianbadavid@qq.com) ...
[2026-07-31 17:52:38]  正在连接 QQ-主 邮箱服务器 (497720537@qq.com) ...
[2026-07-31 17:52:39]  正在连接 QQ-备用 邮箱服务器 (shouqianbadavid@qq.com) ...
[2026-07-31 17:53:15]  正在连接 QQ-主 邮箱服务器 (497720537@qq.com) ...
[2026-07-31 17:53:15]  正在连接 QQ-备用 邮箱服务器 (shouqianbadavid@qq.com) ...
[2026-07-31 17:53:51]  正在连接 QQ-主 邮箱服务器 (497720537@qq.com) ...
[2026-07-31 17:53:52]  正在连接 QQ-备用 邮箱服务器 (shouqianbadavid@qq.com) ...
[2026-07-31 17:54:27]  正在连接 QQ-主 邮箱服务器 (497720537@qq.com) ...
[2026-07-31 17:54:28]  正在连接 QQ-备用 邮箱服务器 (shouqianbadavid@qq.com) ...
[2026-07-31 17:55:04]  正在连接 QQ-主 邮箱服务器 (497720537@qq.com) ...
[2026-07-31 17:55:04]  正在连接 QQ-备用 邮箱服务器 (shouqianbadavid@qq.com) ...
[2026-07-31 17:55:40]  正在连接 QQ-主 邮箱服务器 (497720537@qq.com) ...
[2026-07-31 17:55:41]  正在连接 QQ-备用 邮箱服务器 (shouqianbadavid@qq.com) ...
[2026-07-31 17:56:16]  正在连接 QQ-主 邮箱服务器 (497720537@qq.com) ...
[2026-07-31 17:56:17]  正在连接 QQ-备用 邮箱服务器 (shouqianbadavid@qq.com) ...
[2026-07-31 17:56:52]  正在连接 QQ-主 邮箱服务器 (497720537@qq.com) ...
[2026-07-31 17:56:53]  正在连接 QQ-备用 邮箱服务器 (shouqianbadavid@qq.com) ...
[2026-07-31 17:57:28]  正在连接 QQ-主 邮箱服务器 (497720537@qq.com) ...
[2026-07-31 17:57:29]  正在连接 QQ-备用 邮箱服务器 (shouqianbadavid@qq.com) ...
[2026-07-31 17:58:05]  正在连接 QQ-主 邮箱服务器 (497720537@qq.com) ...
[2026-07-31 17:58:05]  正在连接 QQ-备用 邮箱服务器 (shouqianbadavid@qq.com) ...
[2026-07-31 17:58:41]  正在连接 QQ-主 邮箱服务器 (497720537@qq.com) ...
[2026-07-31 17:58:42]  正在连接 QQ-备用 邮箱服务器 (shouqianbadavid@qq.com) ...
