[2026-08-27 09:31:29]  AlphaPilot 监听服务 (Pro 多邮箱版) 启动...
[2026-08-27 09:31:29]  信号保存目录: D:\mpython\signals
[2026-08-27 09:31:29]  日志文件: D:\mpython\logs_receiver\receiver_20260827.log
[2026-08-27 09:31:29]  正在连接 QQ-主 邮箱服务器 (497720537@qq.com) ...
[2026-08-27 09:31:30]  正在连接 QQ-备用 邮箱服务器 (shouqianbadavid@qq.com) ...
[2026-08-27 09:32:07]  正在连接 QQ-主 邮箱服务器 (497720537@qq.com) ...
[2026-08-27 09:32:08]  正在连接 QQ-备用 邮箱服务器 (shouqianbadavid@qq.com) ...
[2026-08-27 09:32:44]  正在连接 QQ-主 邮箱服务器 (497720537@qq.com) ...
[2026-08-27 09:32:45]  正在连接 QQ-备用 邮箱服务器 (shouqianbadavid@qq.com) ...
[2026-08-27 09:33:20]  正在连接 QQ-主 邮箱服务器 (497720537@qq.com) ...
[2026-08-27 09:33:21]  正在连接 QQ-备用 邮箱服务器 (shouqianbadavid@qq.com) ...
[2026-08-27 09:33:58]  正在连接 QQ-主 邮箱服务器 (497720537@qq.com) ...
[2026-08-27 09:33:59]  正在连接 QQ-备用 邮箱服务器 (shouqianbadavid@qq.com) ...
[2026-08-27 09:34:35]  正在连接 QQ-主 邮箱服务器 (497720537@qq.com) ...
[2026-08-27 09:34:35]  正在连接 QQ-备用 邮箱服务器 (shouqianbadavid@qq.com) ...
[2026-08-27 09:35:11]  正在连接 QQ-主 邮箱服务器 (497720537@qq.com) ...
[2026-08-27 09:35:13]  正在连接 QQ-备用 邮箱服务器 (shouqianbadavid@qq.com) ...
[2026-08-27 09:35:49]  正在连接 QQ-主 邮箱服务器 (497720537@qq.com) ...
[2026-08-27 09:35:49]  正在连接 QQ-备用 邮箱服务器 (shouqianbadavid@qq.com) ...
[2026-08-27 09:36:25]  正在连接 QQ-主 邮箱服务器 (497720537@qq.com) ...
[2026-08-27 09:36:27]  正在连接 QQ-备用 邮箱服务器 (shouqianbadavid@qq.com) ...
[2026-08-27 09:37:03]  正在连接 QQ-主 邮箱服务器 (497720537@qq.com) ...
[2026-08-27 09:37:04]  正在连接 QQ-备用 邮箱服务器 (shouqianbadavid@qq.com) ...
[2026-08-27 09:37:40]  正在连接 QQ-主 邮箱服务器 (497720537@qq.com) ...
[2026-08-27 09:37:41]  正在连接 QQ-备用 邮箱服务器 (shouqianbadavid@qq.com) ...
[2026-08-27 09:38:17]  正在连接 QQ-主 邮箱服务器 (497720537@qq.com) ...
[2026-08-27 09:38:18]  正在连接 QQ-备用 邮箱服务器 (shouqianbadavid@qq.com) ...
[2026-08-27 09:38:54]  正在连接 QQ-主 邮箱服务器 (497720537@qq.com) ...
[2026-08-27 09:38:55]  正在连接 QQ-备用 邮箱服务器 (shouqianbadavid@qq.com) ...
[2026-08-27 09:39:31]  正在连接 QQ-主 邮箱服务器 (497720537@qq.com) ...
[2026-08-27 09:39:32]  正在连接 QQ-备用 邮箱服务器 (shouqianbadavid@qq.com) ...
[2026-08-27 09:40:08]  正在连接 QQ-主 邮箱服务器 (497720537@qq.com) ...
[2026-08-27 09:40:09]  正在连接 QQ-备用 邮箱服务器 (shouqianbadavid@qq.com) ...
[2026-08-27 09:40:45]  正在连接 QQ-主 邮箱服务器 (497720537@qq.com) ...
[2026-08-27 09:40:46]  正在连接 QQ-备用 邮箱服务器 (shouqianbadavid@qq.com) ...
[2026-08-27 09:41:22]  正在连接 QQ-主 邮箱服务器 (497720537@qq.com) ...
[2026-08-27 09:41:23]  正在连接 QQ-备用 邮箱服务器 (shouqianbadavid@qq.com) ...
[2026-08-27 09:41:59]  正在连接 QQ-主 邮箱服务器 (497720537@qq.com) ...
[2026-08-27 09:42:00]  正在连接 QQ-备用 邮箱服务器 (shouqianbadavid@qq.com) ...
[2026-08-27 09:42:37]  正在连接 QQ-主 邮箱服务器 (497720537@qq.com) ...
[2026-08-27 09:42:38]  正在连接 QQ-备用 邮箱服务器 (shouqianbadavid@qq.com) ...
[2026-08-27 09:43:14]  正在连接 QQ-主 邮箱服务器 (497720537@qq.com) ...
[2026-08-27 09:43:15]  正在连接 QQ-备用 邮箱服务器 (shouqianbadavid@qq.com) ...
[2026-08-27 09:43:52]  正在连接 QQ-主 邮箱服务器 (497720537@qq.com) ...
[2026-08-27 09:43:53]  正在连接 QQ-备用 邮箱服务器 (shouqianbadavid@qq.com) ...
[2026-08-27 09:44:29]  正在连接 QQ-主 邮箱服务器 (497720537@qq.com) ...
[2026-08-27 09:44:30]  正在连接 QQ-备用 邮箱服务器 (shouqianbadavid@qq.com) ...
[2026-08-27 09:45:06]  正在连接 QQ-主 邮箱服务器 (497720537@qq.com) ...
[2026-08-27 09:45:07]  正在连接 QQ-备用 邮箱服务器 (shouqianbadavid@qq.com) ...
[2026-08-27 09:45:43]  正在连接 QQ-主 邮箱服务器 (497720537@qq.com) ...
[2026-08-27 09:45:45]  正在连接 QQ-备用 邮箱服务器 (shouqianbadavid@qq.com) ...
[2026-08-27 09:46:21]  正在连接 QQ-主 邮箱服务器 (497720537@qq.com) ...
[2026-08-27 09:46:22]  正在连接 QQ-备用 邮箱服务器 (shouqianbadavid@qq.com) ...
[2026-08-27 09:46:24]  QQ-备用 正在解析因子: =?utf-8?b?QWxwaGFQaWxvdCDlpIfku73kv6Hlj7cgKGFscGhhX3NpZ25hbF90aHJfMjAyNjA4MjdfMDk0NS5qc29uKSBb5aSHUVEt6Ieq5L+dXQ==?=
[2026-08-27 09:46:24]  发现表格，共 8 行数据
[2026-08-27 09:46:24]  动态索引映射: ['股票代码', '股票名称', '信号', '当前价格', '量比', '来源过滤']
[2026-08-27 09:46:24]  [行1] 解析成功: SHSE.600259 [中稀有色] BUY @ 80.72 (VR:0.37)
[2026-08-27 09:46:24]  [行2] 解析成功: SZSE.002937 [兴瑞科技] BUY @ 30.12 (VR:1.63)
[2026-08-27 09:46:24]  [行3] 解析成功: SZSE.000920 [沃顿科技] BUY @ 11.36 (VR:0.14)
[2026-08-27 09:46:24]  [行4] 解析成功: SZSE.301070 [开勒股份] BUY @ 63.89 (VR:0.6)
[2026-08-27 09:46:24]  [行5] 解析成功: SHSE.600259 [中稀有色] BUY @ 80.86 (VR:0.09)
[2026-08-27 09:46:24]  [行6] 解析成功: SZSE.002937 [兴瑞科技] BUY @ 30.21 (VR:2.07)
[2026-08-27 09:46:24]  [行7] 解析成功: SZSE.000920 [沃顿科技] BUY @ 11.38 (VR:0.1)
[2026-08-27 09:46:24]  [行8] 解析成功: SZSE.301070 [开勒股份] BUY @ 64.24 (VR:1.44)
[2026-08-27 09:46:24] 成功保存 8 条因子至: signal_batch_20260827_094624_272834.txt
[2026-08-27 09:46:24]  QQ-备用 邮件 4921 处理完成
[2026-08-27 09:46:24]  QQ-备用 正在解析因子: =?utf-8?b?QWxwaGFQaWxvdCDlpIfku73kv6Hlj7cgKGFscGhhX3NpZ25hbF90aHJfMjAyNjA4MjdfMDk0NS5qc29uKSBb5aSHUVEt6Ieq5L+dXQ==?=
[2026-08-27 09:46:24]  发现表格，共 8 行数据
[2026-08-27 09:46:24]  动态索引映射: ['股票代码', '股票名称', '信号', '当前价格', '量比', '来源过滤']
[2026-08-27 09:46:24]  [行1] 解析成功: SHSE.600259 [中稀有色] BUY @ 80.72 (VR:0.37)
[2026-08-27 09:46:24]  [行2] 解析成功: SZSE.002937 [兴瑞科技] BUY @ 30.12 (VR:1.63)
[2026-08-27 09:46:24]  [行3] 解析成功: SZSE.000920 [沃顿科技] BUY @ 11.36 (VR:0.14)
[2026-08-27 09:46:24]  [行4] 解析成功: SZSE.301070 [开勒股份] BUY @ 63.89 (VR:0.6)
[2026-08-27 09:46:24]  [行5] 解析成功: SHSE.600259 [中稀有色] BUY @ 80.86 (VR:0.09)
[2026-08-27 09:46:24]  [行6] 解析成功: SZSE.002937 [兴瑞科技] BUY @ 30.21 (VR:2.07)
[2026-08-27 09:46:24]  [行7] 解析成功: SZSE.000920 [沃顿科技] BUY @ 11.38 (VR:0.1)
[2026-08-27 09:46:24]  [行8] 解析成功: SZSE.301070 [开勒股份] BUY @ 64.24 (VR:1.44)
[2026-08-27 09:46:24] 本批信号内容已存在（哈希重复），跳过保存（防双邮箱重复）
[2026-08-27 09:46:24]  QQ-备用 邮件 4922 保存因子失败
[2026-08-27 09:46:24]  QQ-备用 本轮共成功处理 1 封有效信号邮件
[2026-08-27 09:46:59]  正在连接 QQ-主 邮箱服务器 (497720537@qq.com) ...
[2026-08-27 09:47:00]  正在连接 QQ-备用 邮箱服务器 (shouqianbadavid@qq.com) ...
[2026-08-27 09:47:01]  QQ-备用 正在解析因子: =?utf-8?b?QWxwaGFQaWxvdCDlpIfku73kv6Hlj7cgKGFscGhhX3NpZ25hbF90aHJfMjAyNjA4MjdfMDk0NS5qc29uKSBb5aSHUVEt6Ieq5L+dXQ==?=
[2026-08-27 09:47:01]  发现表格，共 8 行数据
[2026-08-27 09:47:01]  动态索引映射: ['股票代码', '股票名称', '信号', '当前价格', '量比', '来源过滤']
[2026-08-27 09:47:01]  [行1] 解析成功: SHSE.600259 [中稀有色] BUY @ 80.72 (VR:0.37)
[2026-08-27 09:47:01]  [行2] 解析成功: SZSE.002937 [兴瑞科技] BUY @ 30.12 (VR:1.63)
[2026-08-27 09:47:01]  [行3] 解析成功: SZSE.000920 [沃顿科技] BUY @ 11.36 (VR:0.14)
[2026-08-27 09:47:01]  [行4] 解析成功: SZSE.301070 [开勒股份] BUY @ 63.89 (VR:0.6)
[2026-08-27 09:47:01]  [行5] 解析成功: SHSE.600259 [中稀有色] BUY @ 80.86 (VR:0.09)
[2026-08-27 09:47:01]  [行6] 解析成功: SZSE.002937 [兴瑞科技] BUY @ 30.21 (VR:2.07)
[2026-08-27 09:47:01]  [行7] 解析成功: SZSE.000920 [沃顿科技] BUY @ 11.38 (VR:0.1)
[2026-08-27 09:47:01]  [行8] 解析成功: SZSE.301070 [开勒股份] BUY @ 64.24 (VR:1.44)
[2026-08-27 09:47:01] 成功保存 8 条因子至: signal_batch_20260827_094701_914853.txt
[2026-08-27 09:47:02]  QQ-备用 邮件 4922 处理完成
[2026-08-27 09:47:02]  QQ-备用 本轮共成功处理 1 封有效信号邮件
[2026-08-27 09:47:37]  正在连接 QQ-主 邮箱服务器 (497720537@qq.com) ...
[2026-08-27 09:47:38]  正在连接 QQ-备用 邮箱服务器 (shouqianbadavid@qq.com) ...
[2026-08-27 09:48:14]  正在连接 QQ-主 邮箱服务器 (497720537@qq.com) ...
[2026-08-27 09:48:16]  正在连接 QQ-备用 邮箱服务器 (shouqianbadavid@qq.com) ...
[2026-08-27 09:48:52]  正在连接 QQ-主 邮箱服务器 (497720537@qq.com) ...
[2026-08-27 09:48:53]  正在连接 QQ-备用 邮箱服务器 (shouqianbadavid@qq.com) ...
[2026-08-27 09:49:29]  正在连接 QQ-主 邮箱服务器 (497720537@qq.com) ...
[2026-08-27 09:49:30]  正在连接 QQ-备用 邮箱服务器 (shouqianbadavid@qq.com) ...
[2026-08-27 09:50:06]  正在连接 QQ-主 邮箱服务器 (497720537@qq.com) ...
[2026-08-27 09:50:07]  正在连接 QQ-备用 邮箱服务器 (shouqianbadavid@qq.com) ...
[2026-08-27 09:50:43]  正在连接 QQ-主 邮箱服务器 (497720537@qq.com) ...
[2026-08-27 09:50:44]  正在连接 QQ-备用 邮箱服务器 (shouqianbadavid@qq.com) ...
[2026-08-27 09:51:20]  正在连接 QQ-主 邮箱服务器 (497720537@qq.com) ...
[2026-08-27 09:51:22]  正在连接 QQ-备用 邮箱服务器 (shouqianbadavid@qq.com) ...
[2026-08-27 09:51:58]  正在连接 QQ-主 邮箱服务器 (497720537@qq.com) ...
[2026-08-27 09:51:59]  正在连接 QQ-备用 邮箱服务器 (shouqianbadavid@qq.com) ...
[2026-08-27 09:52:35]  正在连接 QQ-主 邮箱服务器 (497720537@qq.com) ...
[2026-08-27 09:52:36]  正在连接 QQ-备用 邮箱服务器 (shouqianbadavid@qq.com) ...
[2026-08-27 09:53:12]  正在连接 QQ-主 邮箱服务器 (497720537@qq.com) ...
[2026-08-27 09:53:13]  正在连接 QQ-备用 邮箱服务器 (shouqianbadavid@qq.com) ...
[2026-08-27 09:53:50]  正在连接 QQ-主 邮箱服务器 (497720537@qq.com) ...
[2026-08-27 09:53:50]  正在连接 QQ-备用 邮箱服务器 (shouqianbadavid@qq.com) ...
[2026-08-27 09:54:27]  正在连接 QQ-主 邮箱服务器 (497720537@qq.com) ...
[2026-08-27 09:54:28]  正在连接 QQ-备用 邮箱服务器 (shouqianbadavid@qq.com) ...
[2026-08-27 09:55:04]  正在连接 QQ-主 邮箱服务器 (497720537@qq.com) ...
[2026-08-27 09:55:05]  正在连接 QQ-备用 邮箱服务器 (shouqianbadavid@qq.com) ...
[2026-08-27 09:55:41]  正在连接 QQ-主 邮箱服务器 (497720537@qq.com) ...
[2026-08-27 09:55:42]  正在连接 QQ-备用 邮箱服务器 (shouqianbadavid@qq.com) ...
[2026-08-27 09:56:18]  正在连接 QQ-主 邮箱服务器 (497720537@qq.com) ...
[2026-08-27 09:56:19]  正在连接 QQ-备用 邮箱服务器 (shouqianbadavid@qq.com) ...
[2026-08-27 09:56:56]  正在连接 QQ-主 邮箱服务器 (497720537@qq.com) ...
[2026-08-27 09:56:57]  正在连接 QQ-备用 邮箱服务器 (shouqianbadavid@qq.com) ...
[2026-08-27 09:57:33]  正在连接 QQ-主 邮箱服务器 (497720537@qq.com) ...
[2026-08-27 09:57:34]  正在连接 QQ-备用 邮箱服务器 (shouqianbadavid@qq.com) ...
[2026-08-27 09:58:10]  正在连接 QQ-主 邮箱服务器 (497720537@qq.com) ...
[2026-08-27 09:58:11]  正在连接 QQ-备用 邮箱服务器 (shouqianbadavid@qq.com) ...
[2026-08-27 09:58:47]  正在连接 QQ-主 邮箱服务器 (497720537@qq.com) ...
[2026-08-27 09:58:48]  正在连接 QQ-备用 邮箱服务器 (shouqianbadavid@qq.com) ...
[2026-08-27 09:59:24]  正在连接 QQ-主 邮箱服务器 (497720537@qq.com) ...
[2026-08-27 09:59:25]  正在连接 QQ-备用 邮箱服务器 (shouqianbadavid@qq.com) ...
[2026-08-27 10:00:02]  正在连接 QQ-主 邮箱服务器 (497720537@qq.com) ...
[2026-08-27 10:00:03]  正在连接 QQ-备用 邮箱服务器 (shouqianbadavid@qq.com) ...
[2026-08-27 10:00:39]  正在连接 QQ-主 邮箱服务器 (497720537@qq.com) ...
[2026-08-27 10:00:40]  正在连接 QQ-备用 邮箱服务器 (shouqianbadavid@qq.com) ...
[2026-08-27 10:01:16]  正在连接 QQ-主 邮箱服务器 (497720537@qq.com) ...
[2026-08-27 10:01:17]  正在连接 QQ-备用 邮箱服务器 (shouqianbadavid@qq.com) ...
[2026-08-27 10:01:53]  正在连接 QQ-主 邮箱服务器 (497720537@qq.com) ...
[2026-08-27 10:01:54]  正在连接 QQ-备用 邮箱服务器 (shouqianbadavid@qq.com) ...
[2026-08-27 10:02:30]  正在连接 QQ-主 邮箱服务器 (497720537@qq.com) ...
[2026-08-27 10:02:31]  正在连接 QQ-备用 邮箱服务器 (shouqianbadavid@qq.com) ...
[2026-08-27 10:03:08]  正在连接 QQ-主 邮箱服务器 (497720537@qq.com) ...
[2026-08-27 10:03:09]  正在连接 QQ-备用 邮箱服务器 (shouqianbadavid@qq.com) ...
[2026-08-27 10:03:47]  正在连接 QQ-主 邮箱服务器 (497720537@qq.com) ...
[2026-08-27 10:03:48]  正在连接 QQ-备用 邮箱服务器 (shouqianbadavid@qq.com) ...
[2026-08-27 10:04:24]  正在连接 QQ-主 邮箱服务器 (497720537@qq.com) ...
[2026-08-27 10:04:26]  正在连接 QQ-备用 邮箱服务器 (shouqianbadavid@qq.com) ...
[2026-08-27 10:05:02]  正在连接 QQ-主 邮箱服务器 (497720537@qq.com) ...
[2026-08-27 10:05:03]  正在连接 QQ-备用 邮箱服务器 (shouqianbadavid@qq.com) ...
[2026-08-27 10:05:39]  正在连接 QQ-主 邮箱服务器 (497720537@qq.com) ...
[2026-08-27 10:05:40]  正在连接 QQ-备用 邮箱服务器 (shouqianbadavid@qq.com) ...
[2026-08-27 10:06:16]  正在连接 QQ-主 邮箱服务器 (497720537@qq.com) ...
[2026-08-27 10:06:18]  正在连接 QQ-备用 邮箱服务器 (shouqianbadavid@qq.com) ...
[2026-08-27 10:06:54]  正在连接 QQ-主 邮箱服务器 (497720537@qq.com) ...
[2026-08-27 10:06:55]  正在连接 QQ-备用 邮箱服务器 (shouqianbadavid@qq.com) ...
[2026-08-27 10:07:31]  正在连接 QQ-主 邮箱服务器 (497720537@qq.com) ...
[2026-08-27 10:07:32]  正在连接 QQ-备用 邮箱服务器 (shouqianbadavid@qq.com) ...
[2026-08-27 10:08:08]  正在连接 QQ-主 邮箱服务器 (497720537@qq.com) ...
[2026-08-27 10:08:09]  正在连接 QQ-备用 邮箱服务器 (shouqianbadavid@qq.com) ...
[2026-08-27 10:08:46]  正在连接 QQ-主 邮箱服务器 (497720537@qq.com) ...
[2026-08-27 10:08:47]  正在连接 QQ-备用 邮箱服务器 (shouqianbadavid@qq.com) ...
[2026-08-27 10:09:23]  正在连接 QQ-主 邮箱服务器 (497720537@qq.com) ...
[2026-08-27 10:09:24]  正在连接 QQ-备用 邮箱服务器 (shouqianbadavid@qq.com) ...
[2026-08-27 10:10:01]  正在连接 QQ-主 邮箱服务器 (497720537@qq.com) ...
[2026-08-27 10:10:02]  正在连接 QQ-备用 邮箱服务器 (shouqianbadavid@qq.com) ...
[2026-08-27 10:10:38]  正在连接 QQ-主 邮箱服务器 (497720537@qq.com) ...
[2026-08-27 10:10:39]  正在连接 QQ-备用 邮箱服务器 (shouqianbadavid@qq.com) ...
[2026-08-27 10:11:15]  正在连接 QQ-主 邮箱服务器 (497720537@qq.com) ...
[2026-08-27 10:11:17]  正在连接 QQ-备用 邮箱服务器 (shouqianbadavid@qq.com) ...
[2026-08-27 10:11:53]  正在连接 QQ-主 邮箱服务器 (497720537@qq.com) ...
[2026-08-27 10:11:54]  正在连接 QQ-备用 邮箱服务器 (shouqianbadavid@qq.com) ...
[2026-08-27 10:12:30]  正在连接 QQ-主 邮箱服务器 (497720537@qq.com) ...
[2026-08-27 10:12:31]  正在连接 QQ-备用 邮箱服务器 (shouqianbadavid@qq.com) ...
[2026-08-27 10:13:08]  正在连接 QQ-主 邮箱服务器 (497720537@qq.com) ...
[2026-08-27 10:13:09]  正在连接 QQ-备用 邮箱服务器 (shouqianbadavid@qq.com) ...
[2026-08-27 10:13:45]  正在连接 QQ-主 邮箱服务器 (497720537@qq.com) ...
[2026-08-27 10:13:46]  正在连接 QQ-备用 邮箱服务器 (shouqianbadavid@qq.com) ...
[2026-08-27 10:14:22]  正在连接 QQ-主 邮箱服务器 (497720537@qq.com) ...
[2026-08-27 10:14:23]  正在连接 QQ-备用 邮箱服务器 (shouqianbadavid@qq.com) ...
[2026-08-27 10:14:59]  正在连接 QQ-主 邮箱服务器 (497720537@qq.com) ...
[2026-08-27 10:15:01]  正在连接 QQ-备用 邮箱服务器 (shouqianbadavid@qq.com) ...
[2026-08-27 10:15:37]  正在连接 QQ-主 邮箱服务器 (497720537@qq.com) ...
[2026-08-27 10:15:38]  正在连接 QQ-备用 邮箱服务器 (shouqianbadavid@qq.com) ...
[2026-08-27 10:16:14]  正在连接 QQ-主 邮箱服务器 (497720537@qq.com) ...
[2026-08-27 10:16:15]  正在连接 QQ-备用 邮箱服务器 (shouqianbadavid@qq.com) ...
[2026-08-27 10:16:51]  正在连接 QQ-主 邮箱服务器 (497720537@qq.com) ...
[2026-08-27 10:16:52]  正在连接 QQ-备用 邮箱服务器 (shouqianbadavid@qq.com) ...
[2026-08-27 10:17:28]  正在连接 QQ-主 邮箱服务器 (497720537@qq.com) ...
[2026-08-27 10:17:29]  正在连接 QQ-备用 邮箱服务器 (shouqianbadavid@qq.com) ...
[2026-08-27 10:18:06]  正在连接 QQ-主 邮箱服务器 (497720537@qq.com) ...
[2026-08-27 10:18:07]  正在连接 QQ-备用 邮箱服务器 (shouqianbadavid@qq.com) ...
[2026-08-27 10:18:43]  正在连接 QQ-主 邮箱服务器 (497720537@qq.com) ...
[2026-08-27 10:18:44]  正在连接 QQ-备用 邮箱服务器 (shouqianbadavid@qq.com) ...
[2026-08-27 10:19:20]  正在连接 QQ-主 邮箱服务器 (497720537@qq.com) ...
[2026-08-27 10:19:21]  正在连接 QQ-备用 邮箱服务器 (shouqianbadavid@qq.com) ...
[2026-08-27 10:19:58]  正在连接 QQ-主 邮箱服务器 (497720537@qq.com) ...
[2026-08-27 10:19:58]  正在连接 QQ-备用 邮箱服务器 (shouqianbadavid@qq.com) ...
[2026-08-27 10:20:34]  正在连接 QQ-主 邮箱服务器 (497720537@qq.com) ...
[2026-08-27 10:20:35]  正在连接 QQ-备用 邮箱服务器 (shouqianbadavid@qq.com) ...
[2026-08-27 10:21:11]  正在连接 QQ-主 邮箱服务器 (497720537@qq.com) ...
[2026-08-27 10:21:12]  正在连接 QQ-备用 邮箱服务器 (shouqianbadavid@qq.com) ...
[2026-08-27 10:21:48]  正在连接 QQ-主 邮箱服务器 (497720537@qq.com) ...
[2026-08-27 10:21:50]  正在连接 QQ-备用 邮箱服务器 (shouqianbadavid@qq.com) ...
[2026-08-27 10:22:26]  正在连接 QQ-主 邮箱服务器 (497720537@qq.com) ...
[2026-08-27 10:22:27]  正在连接 QQ-备用 邮箱服务器 (shouqianbadavid@qq.com) ...
[2026-08-27 10:23:03]  正在连接 QQ-主 邮箱服务器 (497720537@qq.com) ...
[2026-08-27 10:23:04]  正在连接 QQ-备用 邮箱服务器 (shouqianbadavid@qq.com) ...
[2026-08-27 10:23:40]  正在连接 QQ-主 邮箱服务器 (497720537@qq.com) ...
[2026-08-27 10:23:41]  正在连接 QQ-备用 邮箱服务器 (shouqianbadavid@qq.com) ...
[2026-08-27 10:24:18]  正在连接 QQ-主 邮箱服务器 (497720537@qq.com) ...
[2026-08-27 10:24:19]  正在连接 QQ-备用 邮箱服务器 (shouqianbadavid@qq.com) ...
[2026-08-27 10:24:55]  正在连接 QQ-主 邮箱服务器 (497720537@qq.com) ...
[2026-08-27 10:24:56]  正在连接 QQ-备用 邮箱服务器 (shouqianbadavid@qq.com) ...
[2026-08-27 10:25:32]  正在连接 QQ-主 邮箱服务器 (497720537@qq.com) ...
[2026-08-27 10:25:34]  正在连接 QQ-备用 邮箱服务器 (shouqianbadavid@qq.com) ...
[2026-08-27 10:26:10]  正在连接 QQ-主 邮箱服务器 (497720537@qq.com) ...
[2026-08-27 10:26:11]  正在连接 QQ-备用 邮箱服务器 (shouqianbadavid@qq.com) ...
[2026-08-27 10:26:47]  正在连接 QQ-主 邮箱服务器 (497720537@qq.com) ...
[2026-08-27 10:26:48]  正在连接 QQ-备用 邮箱服务器 (shouqianbadavid@qq.com) ...
[2026-08-27 10:27:24]  正在连接 QQ-主 邮箱服务器 (497720537@qq.com) ...
[2026-08-27 10:27:25]  正在连接 QQ-备用 邮箱服务器 (shouqianbadavid@qq.com) ...
[2026-08-27 10:28:01]  正在连接 QQ-主 邮箱服务器 (497720537@qq.com) ...
[2026-08-27 10:28:02]  正在连接 QQ-备用 邮箱服务器 (shouqianbadavid@qq.com) ...
[2026-08-27 10:28:39]  正在连接 QQ-主 邮箱服务器 (497720537@qq.com) ...
[2026-08-27 10:28:40]  正在连接 QQ-备用 邮箱服务器 (shouqianbadavid@qq.com) ...
[2026-08-27 10:29:16]  正在连接 QQ-主 邮箱服务器 (497720537@qq.com) ...
[2026-08-27 10:29:17]  正在连接 QQ-备用 邮箱服务器 (shouqianbadavid@qq.com) ...
[2026-08-27 10:29:53]  正在连接 QQ-主 邮箱服务器 (497720537@qq.com) ...
[2026-08-27 10:29:54]  正在连接 QQ-备用 邮箱服务器 (shouqianbadavid@qq.com) ...
[2026-08-27 10:30:31]  正在连接 QQ-主 邮箱服务器 (497720537@qq.com) ...
[2026-08-27 10:30:32]  正在连接 QQ-备用 邮箱服务器 (shouqianbadavid@qq.com) ...
[2026-08-27 10:31:08]  正在连接 QQ-主 邮箱服务器 (497720537@qq.com) ...
[2026-08-27 10:31:09]  正在连接 QQ-备用 邮箱服务器 (shouqianbadavid@qq.com) ...
[2026-08-27 10:31:45]  正在连接 QQ-主 邮箱服务器 (497720537@qq.com) ...
[2026-08-27 10:31:46]  正在连接 QQ-备用 邮箱服务器 (shouqianbadavid@qq.com) ...
[2026-08-27 10:32:21]  正在连接 QQ-主 邮箱服务器 (497720537@qq.com) ...
[2026-08-27 10:32:22]  正在连接 QQ-备用 邮箱服务器 (shouqianbadavid@qq.com) ...
[2026-08-27 10:32:59]  正在连接 QQ-主 邮箱服务器 (497720537@qq.com) ...
[2026-08-27 10:33:00]  正在连接 QQ-备用 邮箱服务器 (shouqianbadavid@qq.com) ...
[2026-08-27 10:33:36]  正在连接 QQ-主 邮箱服务器 (497720537@qq.com) ...
[2026-08-27 10:33:37]  正在连接 QQ-备用 邮箱服务器 (shouqianbadavid@qq.com) ...
[2026-08-27 10:34:13]  正在连接 QQ-主 邮箱服务器 (497720537@qq.com) ...
[2026-08-27 10:34:15]  正在连接 QQ-备用 邮箱服务器 (shouqianbadavid@qq.com) ...
[2026-08-27 10:34:51]  正在连接 QQ-主 邮箱服务器 (497720537@qq.com) ...
[2026-08-27 10:34:52]  正在连接 QQ-备用 邮箱服务器 (shouqianbadavid@qq.com) ...
[2026-08-27 10:35:28]  正在连接 QQ-主 邮箱服务器 (497720537@qq.com) ...
[2026-08-27 10:35:29]  正在连接 QQ-备用 邮箱服务器 (shouqianbadavid@qq.com) ...
[2026-08-27 10:36:06]  正在连接 QQ-主 邮箱服务器 (497720537@qq.com) ...
[2026-08-27 10:36:07]  正在连接 QQ-备用 邮箱服务器 (shouqianbadavid@qq.com) ...
[2026-08-27 10:36:43]  正在连接 QQ-主 邮箱服务器 (497720537@qq.com) ...
[2026-08-27 10:36:44]  正在连接 QQ-备用 邮箱服务器 (shouqianbadavid@qq.com) ...
[2026-08-27 10:37:20]  正在连接 QQ-主 邮箱服务器 (497720537@qq.com) ...
[2026-08-27 10:37:21]  正在连接 QQ-备用 邮箱服务器 (shouqianbadavid@qq.com) ...
[2026-08-27 10:37:57]  正在连接 QQ-主 邮箱服务器 (497720537@qq.com) ...
[2026-08-27 10:37:58]  正在连接 QQ-备用 邮箱服务器 (shouqianbadavid@qq.com) ...
[2026-08-27 10:38:34]  正在连接 QQ-主 邮箱服务器 (497720537@qq.com) ...
[2026-08-27 10:38:35]  正在连接 QQ-备用 邮箱服务器 (shouqianbadavid@qq.com) ...
[2026-08-27 10:39:11]  正在连接 QQ-主 邮箱服务器 (497720537@qq.com) ...
[2026-08-27 10:39:12]  正在连接 QQ-备用 邮箱服务器 (shouqianbadavid@qq.com) ...
[2026-08-27 10:39:48]  正在连接 QQ-主 邮箱服务器 (497720537@qq.com) ...
[2026-08-27 10:39:49]  正在连接 QQ-备用 邮箱服务器 (shouqianbadavid@qq.com) ...
[2026-08-27 10:40:26]  正在连接 QQ-主 邮箱服务器 (497720537@qq.com) ...
[2026-08-27 10:40:27]  正在连接 QQ-备用 邮箱服务器 (shouqianbadavid@qq.com) ...
[2026-08-27 10:41:03]  正在连接 QQ-主 邮箱服务器 (497720537@qq.com) ...
[2026-08-27 10:41:04]  正在连接 QQ-备用 邮箱服务器 (shouqianbadavid@qq.com) ...
[2026-08-27 10:41:40]  正在连接 QQ-主 邮箱服务器 (497720537@qq.com) ...
[2026-08-27 10:41:40]  正在连接 QQ-备用 邮箱服务器 (shouqianbadavid@qq.com) ...
[2026-08-27 10:42:17]  正在连接 QQ-主 邮箱服务器 (497720537@qq.com) ...
[2026-08-27 10:42:18]  正在连接 QQ-备用 邮箱服务器 (shouqianbadavid@qq.com) ...
[2026-08-27 10:42:54]  正在连接 QQ-主 邮箱服务器 (497720537@qq.com) ...
[2026-08-27 10:42:55]  正在连接 QQ-备用 邮箱服务器 (shouqianbadavid@qq.com) ...
[2026-08-27 10:43:31]  正在连接 QQ-主 邮箱服务器 (497720537@qq.com) ...
[2026-08-27 10:43:32]  正在连接 QQ-备用 邮箱服务器 (shouqianbadavid@qq.com) ...
[2026-08-27 10:44:09]  正在连接 QQ-主 邮箱服务器 (497720537@qq.com) ...
[2026-08-27 10:44:10]  正在连接 QQ-备用 邮箱服务器 (shouqianbadavid@qq.com) ...
[2026-08-27 10:44:46]  正在连接 QQ-主 邮箱服务器 (497720537@qq.com) ...
[2026-08-27 10:44:47]  正在连接 QQ-备用 邮箱服务器 (shouqianbadavid@qq.com) ...
[2026-08-27 10:45:23]  正在连接 QQ-主 邮箱服务器 (497720537@qq.com) ...
[2026-08-27 10:45:24]  正在连接 QQ-备用 邮箱服务器 (shouqianbadavid@qq.com) ...
[2026-08-27 10:46:00]  正在连接 QQ-主 邮箱服务器 (497720537@qq.com) ...
[2026-08-27 10:46:01]  正在连接 QQ-备用 邮箱服务器 (shouqianbadavid@qq.com) ...
[2026-08-27 10:46:38]  正在连接 QQ-主 邮箱服务器 (497720537@qq.com) ...
[2026-08-27 10:46:39]  正在连接 QQ-备用 邮箱服务器 (shouqianbadavid@qq.com) ...
[2026-08-27 10:47:15]  正在连接 QQ-主 邮箱服务器 (497720537@qq.com) ...
[2026-08-27 10:47:16]  正在连接 QQ-备用 邮箱服务器 (shouqianbadavid@qq.com) ...
[2026-08-27 10:47:52]  正在连接 QQ-主 邮箱服务器 (497720537@qq.com) ...
[2026-08-27 10:47:53]  正在连接 QQ-备用 邮箱服务器 (shouqianbadavid@qq.com) ...
[2026-08-27 10:48:29]  正在连接 QQ-主 邮箱服务器 (497720537@qq.com) ...
[2026-08-27 10:48:31]  正在连接 QQ-备用 邮箱服务器 (shouqianbadavid@qq.com) ...
[2026-08-27 10:49:07]  正在连接 QQ-主 邮箱服务器 (497720537@qq.com) ...
[2026-08-27 10:49:08]  正在连接 QQ-备用 邮箱服务器 (shouqianbadavid@qq.com) ...
[2026-08-27 10:49:44]  正在连接 QQ-主 邮箱服务器 (497720537@qq.com) ...
[2026-08-27 10:49:45]  正在连接 QQ-备用 邮箱服务器 (shouqianbadavid@qq.com) ...
[2026-08-27 10:50:22]  正在连接 QQ-主 邮箱服务器 (497720537@qq.com) ...
[2026-08-27 10:50:23]  正在连接 QQ-备用 邮箱服务器 (shouqianbadavid@qq.com) ...
[2026-08-27 10:50:59]  正在连接 QQ-主 邮箱服务器 (497720537@qq.com) ...
[2026-08-27 10:51:00]  正在连接 QQ-备用 邮箱服务器 (shouqianbadavid@qq.com) ...
[2026-08-27 10:51:36]  正在连接 QQ-主 邮箱服务器 (497720537@qq.com) ...
[2026-08-27 10:51:37]  正在连接 QQ-备用 邮箱服务器 (shouqianbadavid@qq.com) ...
[2026-08-27 10:52:13]  正在连接 QQ-主 邮箱服务器 (497720537@qq.com) ...
[2026-08-27 10:52:14]  正在连接 QQ-备用 邮箱服务器 (shouqianbadavid@qq.com) ...
[2026-08-27 10:52:50]  正在连接 QQ-主 邮箱服务器 (497720537@qq.com) ...
[2026-08-27 10:52:51]  正在连接 QQ-备用 邮箱服务器 (shouqianbadavid@qq.com) ...
[2026-08-27 10:53:28]  正在连接 QQ-主 邮箱服务器 (497720537@qq.com) ...
[2026-08-27 10:53:28]  正在连接 QQ-备用 邮箱服务器 (shouqianbadavid@qq.com) ...
[2026-08-27 10:54:05]  正在连接 QQ-主 邮箱服务器 (497720537@qq.com) ...
[2026-08-27 10:54:06]  正在连接 QQ-备用 邮箱服务器 (shouqianbadavid@qq.com) ...
[2026-08-27 10:54:42]  正在连接 QQ-主 邮箱服务器 (497720537@qq.com) ...
[2026-08-27 10:54:43]  正在连接 QQ-备用 邮箱服务器 (shouqianbadavid@qq.com) ...
[2026-08-27 10:55:19]  正在连接 QQ-主 邮箱服务器 (497720537@qq.com) ...
[2026-08-27 10:55:21]  正在连接 QQ-备用 邮箱服务器 (shouqianbadavid@qq.com) ...
[2026-08-27 10:55:56]  正在连接 QQ-主 邮箱服务器 (497720537@qq.com) ...
[2026-08-27 10:55:58]  正在连接 QQ-备用 邮箱服务器 (shouqianbadavid@qq.com) ...
[2026-08-27 10:56:34]  正在连接 QQ-主 邮箱服务器 (497720537@qq.com) ...
[2026-08-27 10:56:35]  正在连接 QQ-备用 邮箱服务器 (shouqianbadavid@qq.com) ...
[2026-08-27 10:57:11]  正在连接 QQ-主 邮箱服务器 (497720537@qq.com) ...
[2026-08-27 10:57:12]  正在连接 QQ-备用 邮箱服务器 (shouqianbadavid@qq.com) ...
[2026-08-27 10:57:48]  正在连接 QQ-主 邮箱服务器 (497720537@qq.com) ...
[2026-08-27 10:57:49]  正在连接 QQ-备用 邮箱服务器 (shouqianbadavid@qq.com) ...
[2026-08-27 10:58:25]  正在连接 QQ-主 邮箱服务器 (497720537@qq.com) ...
[2026-08-27 10:58:26]  正在连接 QQ-备用 邮箱服务器 (shouqianbadavid@qq.com) ...
[2026-08-27 10:59:02]  正在连接 QQ-主 邮箱服务器 (497720537@qq.com) ...
[2026-08-27 10:59:04]  正在连接 QQ-备用 邮箱服务器 (shouqianbadavid@qq.com) ...
[2026-08-27 10:59:40]  正在连接 QQ-主 邮箱服务器 (497720537@qq.com) ...
[2026-08-27 10:59:41]  正在连接 QQ-备用 邮箱服务器 (shouqianbadavid@qq.com) ...
[2026-08-27 11:00:16]  正在连接 QQ-主 邮箱服务器 (497720537@qq.com) ...
[2026-08-27 11:00:18]  正在连接 QQ-备用 邮箱服务器 (shouqianbadavid@qq.com) ...
[2026-08-27 11:00:54]  正在连接 QQ-主 邮箱服务器 (497720537@qq.com) ...
[2026-08-27 11:00:55]  正在连接 QQ-备用 邮箱服务器 (shouqianbadavid@qq.com) ...
[2026-08-27 11:01:32]  正在连接 QQ-主 邮箱服务器 (497720537@qq.com) ...
[2026-08-27 11:01:33]  正在连接 QQ-备用 邮箱服务器 (shouqianbadavid@qq.com) ...
[2026-08-27 11:02:09]  正在连接 QQ-主 邮箱服务器 (497720537@qq.com) ...
[2026-08-27 11:02:10]  正在连接 QQ-备用 邮箱服务器 (shouqianbadavid@qq.com) ...
[2026-08-27 11:02:46]  正在连接 QQ-主 邮箱服务器 (497720537@qq.com) ...
[2026-08-27 11:02:47]  正在连接 QQ-备用 邮箱服务器 (shouqianbadavid@qq.com) ...
[2026-08-27 11:03:23]  正在连接 QQ-主 邮箱服务器 (497720537@qq.com) ...
[2026-08-27 11:03:45]  QQ-主 因子处理主循环异常: [Errno 11001] getaddrinfo failed
[2026-08-27 11:07:00]  正在连接 QQ-备用 邮箱服务器 (shouqianbadavid@qq.com) ...
[2026-08-27 11:07:00]  QQ-备用 因子处理主循环异常: [Errno 11001] getaddrinfo failed
[2026-08-27 11:07:45]  正在连接 QQ-主 邮箱服务器 (497720537@qq.com) ...
[2026-08-27 11:07:46]  正在连接 QQ-备用 邮箱服务器 (shouqianbadavid@qq.com) ...
[2026-08-27 11:08:22]  正在连接 QQ-主 邮箱服务器 (497720537@qq.com) ...
[2026-08-27 11:08:23]  正在连接 QQ-备用 邮箱服务器 (shouqianbadavid@qq.com) ...
[2026-08-27 11:08:59]  正在连接 QQ-主 邮箱服务器 (497720537@qq.com) ...
[2026-08-27 11:09:00]  正在连接 QQ-备用 邮箱服务器 (shouqianbadavid@qq.com) ...
[2026-08-27 11:09:36]  正在连接 QQ-主 邮箱服务器 (497720537@qq.com) ...
[2026-08-27 11:09:37]  正在连接 QQ-备用 邮箱服务器 (shouqianbadavid@qq.com) ...
[2026-08-27 11:10:13]  正在连接 QQ-主 邮箱服务器 (497720537@qq.com) ...
[2026-08-27 11:10:14]  正在连接 QQ-备用 邮箱服务器 (shouqianbadavid@qq.com) ...
[2026-08-27 11:10:50]  正在连接 QQ-主 邮箱服务器 (497720537@qq.com) ...
[2026-08-27 11:10:51]  正在连接 QQ-备用 邮箱服务器 (shouqianbadavid@qq.com) ...
[2026-08-27 11:11:27]  正在连接 QQ-主 邮箱服务器 (497720537@qq.com) ...
[2026-08-27 11:11:28]  正在连接 QQ-备用 邮箱服务器 (shouqianbadavid@qq.com) ...
[2026-08-27 11:12:04]  正在连接 QQ-主 邮箱服务器 (497720537@qq.com) ...
[2026-08-27 11:12:04]  正在连接 QQ-备用 邮箱服务器 (shouqianbadavid@qq.com) ...
[2026-08-27 11:12:40]  正在连接 QQ-主 邮箱服务器 (497720537@qq.com) ...
[2026-08-27 11:12:41]  正在连接 QQ-备用 邮箱服务器 (shouqianbadavid@qq.com) ...
[2026-08-27 11:13:17]  正在连接 QQ-主 邮箱服务器 (497720537@qq.com) ...
[2026-08-27 11:13:18]  正在连接 QQ-备用 邮箱服务器 (shouqianbadavid@qq.com) ...
[2026-08-27 11:13:54]  正在连接 QQ-主 邮箱服务器 (497720537@qq.com) ...
[2026-08-27 11:13:54]  正在连接 QQ-备用 邮箱服务器 (shouqianbadavid@qq.com) ...
[2026-08-27 11:14:30]  正在连接 QQ-主 邮箱服务器 (497720537@qq.com) ...
[2026-08-27 11:14:31]  正在连接 QQ-备用 邮箱服务器 (shouqianbadavid@qq.com) ...
[2026-08-27 11:15:07]  正在连接 QQ-主 邮箱服务器 (497720537@qq.com) ...
[2026-08-27 11:15:08]  正在连接 QQ-备用 邮箱服务器 (shouqianbadavid@qq.com) ...
[2026-08-27 11:15:44]  正在连接 QQ-主 邮箱服务器 (497720537@qq.com) ...
[2026-08-27 11:15:45]  正在连接 QQ-备用 邮箱服务器 (shouqianbadavid@qq.com) ...
[2026-08-27 11:16:21]  正在连接 QQ-主 邮箱服务器 (497720537@qq.com) ...
[2026-08-27 11:16:22]  正在连接 QQ-备用 邮箱服务器 (shouqianbadavid@qq.com) ...
[2026-08-27 11:16:58]  正在连接 QQ-主 邮箱服务器 (497720537@qq.com) ...
[2026-08-27 11:16:59]  正在连接 QQ-备用 邮箱服务器 (shouqianbadavid@qq.com) ...
[2026-08-27 11:17:35]  正在连接 QQ-主 邮箱服务器 (497720537@qq.com) ...
[2026-08-27 11:17:36]  正在连接 QQ-备用 邮箱服务器 (shouqianbadavid@qq.com) ...
[2026-08-27 11:18:13]  正在连接 QQ-主 邮箱服务器 (497720537@qq.com) ...
[2026-08-27 11:18:14]  正在连接 QQ-备用 邮箱服务器 (shouqianbadavid@qq.com) ...
[2026-08-27 11:18:49]  正在连接 QQ-主 邮箱服务器 (497720537@qq.com) ...
[2026-08-27 11:18:51]  正在连接 QQ-备用 邮箱服务器 (shouqianbadavid@qq.com) ...
[2026-08-27 11:19:27]  正在连接 QQ-主 邮箱服务器 (497720537@qq.com) ...
[2026-08-27 11:19:28]  正在连接 QQ-备用 邮箱服务器 (shouqianbadavid@qq.com) ...
[2026-08-27 11:20:04]  正在连接 QQ-主 邮箱服务器 (497720537@qq.com) ...
[2026-08-27 11:20:05]  正在连接 QQ-备用 邮箱服务器 (shouqianbadavid@qq.com) ...
[2026-08-27 11:20:41]  正在连接 QQ-主 邮箱服务器 (497720537@qq.com) ...
[2026-08-27 11:20:42]  正在连接 QQ-备用 邮箱服务器 (shouqianbadavid@qq.com) ...
[2026-08-27 11:21:19]  正在连接 QQ-主 邮箱服务器 (497720537@qq.com) ...
[2026-08-27 11:21:20]  正在连接 QQ-备用 邮箱服务器 (shouqianbadavid@qq.com) ...
[2026-08-27 11:21:56]  正在连接 QQ-主 邮箱服务器 (497720537@qq.com) ...
[2026-08-27 11:21:57]  正在连接 QQ-备用 邮箱服务器 (shouqianbadavid@qq.com) ...
[2026-08-27 11:22:33]  正在连接 QQ-主 邮箱服务器 (497720537@qq.com) ...
[2026-08-27 11:22:34]  正在连接 QQ-备用 邮箱服务器 (shouqianbadavid@qq.com) ...
[2026-08-27 11:23:11]  正在连接 QQ-主 邮箱服务器 (497720537@qq.com) ...
[2026-08-27 11:23:12]  正在连接 QQ-备用 邮箱服务器 (shouqianbadavid@qq.com) ...
[2026-08-27 11:23:48]  正在连接 QQ-主 邮箱服务器 (497720537@qq.com) ...
[2026-08-27 11:23:49]  正在连接 QQ-备用 邮箱服务器 (shouqianbadavid@qq.com) ...
[2026-08-27 11:24:26]  正在连接 QQ-主 邮箱服务器 (497720537@qq.com) ...
[2026-08-27 11:24:27]  正在连接 QQ-备用 邮箱服务器 (shouqianbadavid@qq.com) ...
[2026-08-27 11:25:03]  正在连接 QQ-主 邮箱服务器 (497720537@qq.com) ...
[2026-08-27 11:25:04]  正在连接 QQ-备用 邮箱服务器 (shouqianbadavid@qq.com) ...
[2026-08-27 11:25:40]  正在连接 QQ-主 邮箱服务器 (497720537@qq.com) ...
[2026-08-27 11:25:42]  正在连接 QQ-备用 邮箱服务器 (shouqianbadavid@qq.com) ...
[2026-08-27 11:26:18]  正在连接 QQ-主 邮箱服务器 (497720537@qq.com) ...
[2026-08-27 11:26:18]  正在连接 QQ-备用 邮箱服务器 (shouqianbadavid@qq.com) ...
[2026-08-27 11:26:54]  正在连接 QQ-主 邮箱服务器 (497720537@qq.com) ...
[2026-08-27 11:26:56]  正在连接 QQ-备用 邮箱服务器 (shouqianbadavid@qq.com) ...
[2026-08-27 11:27:32]  正在连接 QQ-主 邮箱服务器 (497720537@qq.com) ...
[2026-08-27 11:27:33]  正在连接 QQ-备用 邮箱服务器 (shouqianbadavid@qq.com) ...
[2026-08-27 11:28:09]  正在连接 QQ-主 邮箱服务器 (497720537@qq.com) ...
[2026-08-27 11:28:10]  正在连接 QQ-备用 邮箱服务器 (shouqianbadavid@qq.com) ...
[2026-08-27 11:28:46]  正在连接 QQ-主 邮箱服务器 (497720537@qq.com) ...
[2026-08-27 11:28:47]  正在连接 QQ-备用 邮箱服务器 (shouqianbadavid@qq.com) ...
[2026-08-27 11:29:23]  正在连接 QQ-主 邮箱服务器 (497720537@qq.com) ...
[2026-08-27 11:29:24]  正在连接 QQ-备用 邮箱服务器 (shouqianbadavid@qq.com) ...
[2026-08-27 11:30:00]  正在连接 QQ-主 邮箱服务器 (497720537@qq.com) ...
[2026-08-27 11:30:01]  正在连接 QQ-备用 邮箱服务器 (shouqianbadavid@qq.com) ...
[2026-08-27 11:30:37]  正在连接 QQ-主 邮箱服务器 (497720537@qq.com) ...
[2026-08-27 11:30:39]  正在连接 QQ-备用 邮箱服务器 (shouqianbadavid@qq.com) ...
[2026-08-27 11:31:15]  正在连接 QQ-主 邮箱服务器 (497720537@qq.com) ...
[2026-08-27 11:31:16]  正在连接 QQ-备用 邮箱服务器 (shouqianbadavid@qq.com) ...
[2026-08-27 11:31:52]  正在连接 QQ-主 邮箱服务器 (497720537@qq.com) ...
[2026-08-27 11:31:53]  正在连接 QQ-备用 邮箱服务器 (shouqianbadavid@qq.com) ...
[2026-08-27 11:32:30]  正在连接 QQ-主 邮箱服务器 (497720537@qq.com) ...
[2026-08-27 11:32:31]  正在连接 QQ-备用 邮箱服务器 (shouqianbadavid@qq.com) ...
[2026-08-27 11:33:07]  正在连接 QQ-主 邮箱服务器 (497720537@qq.com) ...
[2026-08-27 11:33:08]  正在连接 QQ-备用 邮箱服务器 (shouqianbadavid@qq.com) ...
[2026-08-27 11:33:44]  正在连接 QQ-主 邮箱服务器 (497720537@qq.com) ...
[2026-08-27 11:33:45]  正在连接 QQ-备用 邮箱服务器 (shouqianbadavid@qq.com) ...
[2026-08-27 11:34:21]  正在连接 QQ-主 邮箱服务器 (497720537@qq.com) ...
[2026-08-27 11:34:23]  正在连接 QQ-备用 邮箱服务器 (shouqianbadavid@qq.com) ...
[2026-08-27 11:34:59]  正在连接 QQ-主 邮箱服务器 (497720537@qq.com) ...
[2026-08-27 11:35:00]  正在连接 QQ-备用 邮箱服务器 (shouqianbadavid@qq.com) ...
[2026-08-27 11:35:36]  正在连接 QQ-主 邮箱服务器 (497720537@qq.com) ...
[2026-08-27 11:35:38]  正在连接 QQ-备用 邮箱服务器 (shouqianbadavid@qq.com) ...
[2026-08-27 11:36:14]  正在连接 QQ-主 邮箱服务器 (497720537@qq.com) ...
[2026-08-27 11:36:15]  正在连接 QQ-备用 邮箱服务器 (shouqianbadavid@qq.com) ...
[2026-08-27 11:36:51]  正在连接 QQ-主 邮箱服务器 (497720537@qq.com) ...
[2026-08-27 11:36:52]  正在连接 QQ-备用 邮箱服务器 (shouqianbadavid@qq.com) ...
[2026-08-27 11:37:29]  正在连接 QQ-主 邮箱服务器 (497720537@qq.com) ...
[2026-08-27 11:37:30]  正在连接 QQ-备用 邮箱服务器 (shouqianbadavid@qq.com) ...
[2026-08-27 11:38:06]  正在连接 QQ-主 邮箱服务器 (497720537@qq.com) ...
[2026-08-27 11:38:07]  正在连接 QQ-备用 邮箱服务器 (shouqianbadavid@qq.com) ...
[2026-08-27 11:38:43]  正在连接 QQ-主 邮箱服务器 (497720537@qq.com) ...
[2026-08-27 11:38:44]  正在连接 QQ-备用 邮箱服务器 (shouqianbadavid@qq.com) ...
[2026-08-27 11:39:20]  正在连接 QQ-主 邮箱服务器 (497720537@qq.com) ...
[2026-08-27 11:39:22]  正在连接 QQ-备用 邮箱服务器 (shouqianbadavid@qq.com) ...
[2026-08-27 11:39:58]  正在连接 QQ-主 邮箱服务器 (497720537@qq.com) ...
[2026-08-27 11:39:59]  正在连接 QQ-备用 邮箱服务器 (shouqianbadavid@qq.com) ...
[2026-08-27 11:40:35]  正在连接 QQ-主 邮箱服务器 (497720537@qq.com) ...
[2026-08-27 11:40:37]  正在连接 QQ-备用 邮箱服务器 (shouqianbadavid@qq.com) ...
[2026-08-27 11:41:13]  正在连接 QQ-主 邮箱服务器 (497720537@qq.com) ...
[2026-08-27 11:41:14]  正在连接 QQ-备用 邮箱服务器 (shouqianbadavid@qq.com) ...
[2026-08-27 11:41:50]  正在连接 QQ-主 邮箱服务器 (497720537@qq.com) ...
[2026-08-27 11:41:51]  正在连接 QQ-备用 邮箱服务器 (shouqianbadavid@qq.com) ...
[2026-08-27 11:42:28]  正在连接 QQ-主 邮箱服务器 (497720537@qq.com) ...
[2026-08-27 11:42:29]  正在连接 QQ-备用 邮箱服务器 (shouqianbadavid@qq.com) ...
[2026-08-27 11:43:05]  正在连接 QQ-主 邮箱服务器 (497720537@qq.com) ...
[2026-08-27 11:43:06]  正在连接 QQ-备用 邮箱服务器 (shouqianbadavid@qq.com) ...
[2026-08-27 11:43:43]  正在连接 QQ-主 邮箱服务器 (497720537@qq.com) ...
[2026-08-27 11:43:44]  正在连接 QQ-备用 邮箱服务器 (shouqianbadavid@qq.com) ...
[2026-08-27 11:44:20]  正在连接 QQ-主 邮箱服务器 (497720537@qq.com) ...
[2026-08-27 11:44:21]  正在连接 QQ-备用 邮箱服务器 (shouqianbadavid@qq.com) ...
[2026-08-27 11:44:57]  正在连接 QQ-主 邮箱服务器 (497720537@qq.com) ...
[2026-08-27 11:44:58]  正在连接 QQ-备用 邮箱服务器 (shouqianbadavid@qq.com) ...
[2026-08-27 11:45:34]  正在连接 QQ-主 邮箱服务器 (497720537@qq.com) ...
[2026-08-27 11:45:35]  正在连接 QQ-备用 邮箱服务器 (shouqianbadavid@qq.com) ...
[2026-08-27 11:46:11]  正在连接 QQ-主 邮箱服务器 (497720537@qq.com) ...
[2026-08-27 11:46:13]  正在连接 QQ-备用 邮箱服务器 (shouqianbadavid@qq.com) ...
[2026-08-27 11:46:49]  正在连接 QQ-主 邮箱服务器 (497720537@qq.com) ...
[2026-08-27 11:46:50]  正在连接 QQ-备用 邮箱服务器 (shouqianbadavid@qq.com) ...
[2026-08-27 11:47:26]  正在连接 QQ-主 邮箱服务器 (497720537@qq.com) ...
[2026-08-27 11:47:27]  正在连接 QQ-备用 邮箱服务器 (shouqianbadavid@qq.com) ...
[2026-08-27 11:48:04]  正在连接 QQ-主 邮箱服务器 (497720537@qq.com) ...
[2026-08-27 11:48:05]  正在连接 QQ-备用 邮箱服务器 (shouqianbadavid@qq.com) ...
[2026-08-27 11:48:41]  正在连接 QQ-主 邮箱服务器 (497720537@qq.com) ...
[2026-08-27 11:48:42]  正在连接 QQ-备用 邮箱服务器 (shouqianbadavid@qq.com) ...
[2026-08-27 11:49:18]  正在连接 QQ-主 邮箱服务器 (497720537@qq.com) ...
[2026-08-27 11:49:20]  正在连接 QQ-备用 邮箱服务器 (shouqianbadavid@qq.com) ...
[2026-08-27 11:49:56]  正在连接 QQ-主 邮箱服务器 (497720537@qq.com) ...
[2026-08-27 11:49:57]  正在连接 QQ-备用 邮箱服务器 (shouqianbadavid@qq.com) ...
[2026-08-27 11:50:33]  正在连接 QQ-主 邮箱服务器 (497720537@qq.com) ...
[2026-08-27 11:50:34]  正在连接 QQ-备用 邮箱服务器 (shouqianbadavid@qq.com) ...
[2026-08-27 11:51:10]  正在连接 QQ-主 邮箱服务器 (497720537@qq.com) ...
[2026-08-27 11:51:11]  正在连接 QQ-备用 邮箱服务器 (shouqianbadavid@qq.com) ...
[2026-08-27 11:51:47]  正在连接 QQ-主 邮箱服务器 (497720537@qq.com) ...
[2026-08-27 11:51:49]  正在连接 QQ-备用 邮箱服务器 (shouqianbadavid@qq.com) ...
[2026-08-27 11:52:25]  正在连接 QQ-主 邮箱服务器 (497720537@qq.com) ...
[2026-08-27 11:52:26]  正在连接 QQ-备用 邮箱服务器 (shouqianbadavid@qq.com) ...
[2026-08-27 11:53:02]  正在连接 QQ-主 邮箱服务器 (497720537@qq.com) ...
[2026-08-27 11:53:03]  正在连接 QQ-备用 邮箱服务器 (shouqianbadavid@qq.com) ...
[2026-08-27 11:53:39]  正在连接 QQ-主 邮箱服务器 (497720537@qq.com) ...
[2026-08-27 11:53:40]  正在连接 QQ-备用 邮箱服务器 (shouqianbadavid@qq.com) ...
[2026-08-27 11:54:16]  正在连接 QQ-主 邮箱服务器 (497720537@qq.com) ...
[2026-08-27 11:54:17]  正在连接 QQ-备用 邮箱服务器 (shouqianbadavid@qq.com) ...
[2026-08-27 11:54:53]  正在连接 QQ-主 邮箱服务器 (497720537@qq.com) ...
[2026-08-27 11:54:54]  正在连接 QQ-备用 邮箱服务器 (shouqianbadavid@qq.com) ...
[2026-08-27 11:55:31]  正在连接 QQ-主 邮箱服务器 (497720537@qq.com) ...
[2026-08-27 11:55:32]  正在连接 QQ-备用 邮箱服务器 (shouqianbadavid@qq.com) ...
[2026-08-27 11:56:08]  正在连接 QQ-主 邮箱服务器 (497720537@qq.com) ...
[2026-08-27 11:56:09]  正在连接 QQ-备用 邮箱服务器 (shouqianbadavid@qq.com) ...
[2026-08-27 11:56:45]  正在连接 QQ-主 邮箱服务器 (497720537@qq.com) ...
[2026-08-27 11:56:46]  正在连接 QQ-备用 邮箱服务器 (shouqianbadavid@qq.com) ...
[2026-08-27 11:57:22]  正在连接 QQ-主 邮箱服务器 (497720537@qq.com) ...
[2026-08-27 11:57:24]  正在连接 QQ-备用 邮箱服务器 (shouqianbadavid@qq.com) ...
[2026-08-27 11:58:00]  正在连接 QQ-主 邮箱服务器 (497720537@qq.com) ...
[2026-08-27 11:58:01]  正在连接 QQ-备用 邮箱服务器 (shouqianbadavid@qq.com) ...
[2026-08-27 11:58:37]  正在连接 QQ-主 邮箱服务器 (497720537@qq.com) ...
[2026-08-27 11:58:39]  正在连接 QQ-备用 邮箱服务器 (shouqianbadavid@qq.com) ...
[2026-08-27 11:59:15]  正在连接 QQ-主 邮箱服务器 (497720537@qq.com) ...
[2026-08-27 11:59:16]  正在连接 QQ-备用 邮箱服务器 (shouqianbadavid@qq.com) ...
[2026-08-27 11:59:52]  正在连接 QQ-主 邮箱服务器 (497720537@qq.com) ...
[2026-08-27 11:59:53]  正在连接 QQ-备用 邮箱服务器 (shouqianbadavid@qq.com) ...
[2026-08-27 12:00:29]  正在连接 QQ-主 邮箱服务器 (497720537@qq.com) ...
[2026-08-27 12:00:30]  正在连接 QQ-备用 邮箱服务器 (shouqianbadavid@qq.com) ...
[2026-08-27 12:01:06]  正在连接 QQ-主 邮箱服务器 (497720537@qq.com) ...
[2026-08-27 12:01:08]  正在连接 QQ-备用 邮箱服务器 (shouqianbadavid@qq.com) ...
[2026-08-27 12:01:44]  正在连接 QQ-主 邮箱服务器 (497720537@qq.com) ...
[2026-08-27 12:01:45]  正在连接 QQ-备用 邮箱服务器 (shouqianbadavid@qq.com) ...
[2026-08-27 12:02:21]  正在连接 QQ-主 邮箱服务器 (497720537@qq.com) ...
[2026-08-27 12:02:22]  正在连接 QQ-备用 邮箱服务器 (shouqianbadavid@qq.com) ...
[2026-08-27 12:02:58]  正在连接 QQ-主 邮箱服务器 (497720537@qq.com) ...
[2026-08-27 12:02:59]  正在连接 QQ-备用 邮箱服务器 (shouqianbadavid@qq.com) ...
[2026-08-27 12:03:35]  正在连接 QQ-主 邮箱服务器 (497720537@qq.com) ...
[2026-08-27 12:03:36]  正在连接 QQ-备用 邮箱服务器 (shouqianbadavid@qq.com) ...
[2026-08-27 12:04:13]  正在连接 QQ-主 邮箱服务器 (497720537@qq.com) ...
[2026-08-27 12:04:14]  正在连接 QQ-备用 邮箱服务器 (shouqianbadavid@qq.com) ...
[2026-08-27 12:04:50]  正在连接 QQ-主 邮箱服务器 (497720537@qq.com) ...
[2026-08-27 12:04:51]  正在连接 QQ-备用 邮箱服务器 (shouqianbadavid@qq.com) ...
[2026-08-27 12:05:27]  正在连接 QQ-主 邮箱服务器 (497720537@qq.com) ...
[2026-08-27 12:05:28]  正在连接 QQ-备用 邮箱服务器 (shouqianbadavid@qq.com) ...
[2026-08-27 12:06:04]  正在连接 QQ-主 邮箱服务器 (497720537@qq.com) ...
[2026-08-27 12:06:05]  正在连接 QQ-备用 邮箱服务器 (shouqianbadavid@qq.com) ...
[2026-08-27 12:06:41]  正在连接 QQ-主 邮箱服务器 (497720537@qq.com) ...
[2026-08-27 12:06:42]  正在连接 QQ-备用 邮箱服务器 (shouqianbadavid@qq.com) ...
[2026-08-27 12:07:18]  正在连接 QQ-主 邮箱服务器 (497720537@qq.com) ...
[2026-08-27 12:07:19]  正在连接 QQ-备用 邮箱服务器 (shouqianbadavid@qq.com) ...
[2026-08-27 12:07:55]  正在连接 QQ-主 邮箱服务器 (497720537@qq.com) ...
[2026-08-27 12:07:56]  正在连接 QQ-备用 邮箱服务器 (shouqianbadavid@qq.com) ...
[2026-08-27 12:08:32]  正在连接 QQ-主 邮箱服务器 (497720537@qq.com) ...
[2026-08-27 12:08:33]  正在连接 QQ-备用 邮箱服务器 (shouqianbadavid@qq.com) ...
[2026-08-27 12:09:10]  正在连接 QQ-主 邮箱服务器 (497720537@qq.com) ...
[2026-08-27 12:09:11]  正在连接 QQ-备用 邮箱服务器 (shouqianbadavid@qq.com) ...
[2026-08-27 12:09:47]  正在连接 QQ-主 邮箱服务器 (497720537@qq.com) ...
[2026-08-27 12:09:48]  正在连接 QQ-备用 邮箱服务器 (shouqianbadavid@qq.com) ...
[2026-08-27 12:10:24]  正在连接 QQ-主 邮箱服务器 (497720537@qq.com) ...
[2026-08-27 12:10:25]  正在连接 QQ-备用 邮箱服务器 (shouqianbadavid@qq.com) ...
[2026-08-27 12:11:01]  正在连接 QQ-主 邮箱服务器 (497720537@qq.com) ...
[2026-08-27 12:11:02]  正在连接 QQ-备用 邮箱服务器 (shouqianbadavid@qq.com) ...
[2026-08-27 12:11:38]  正在连接 QQ-主 邮箱服务器 (497720537@qq.com) ...
[2026-08-27 12:11:40]  正在连接 QQ-备用 邮箱服务器 (shouqianbadavid@qq.com) ...
[2026-08-27 12:12:16]  正在连接 QQ-主 邮箱服务器 (497720537@qq.com) ...
[2026-08-27 12:12:17]  正在连接 QQ-备用 邮箱服务器 (shouqianbadavid@qq.com) ...
[2026-08-27 12:12:52]  正在连接 QQ-主 邮箱服务器 (497720537@qq.com) ...
[2026-08-27 12:12:54]  正在连接 QQ-备用 邮箱服务器 (shouqianbadavid@qq.com) ...
[2026-08-27 12:13:30]  正在连接 QQ-主 邮箱服务器 (497720537@qq.com) ...
[2026-08-27 12:13:31]  正在连接 QQ-备用 邮箱服务器 (shouqianbadavid@qq.com) ...
[2026-08-27 12:14:07]  正在连接 QQ-主 邮箱服务器 (497720537@qq.com) ...
[2026-08-27 12:14:08]  正在连接 QQ-备用 邮箱服务器 (shouqianbadavid@qq.com) ...
[2026-08-27 12:14:45]  正在连接 QQ-主 邮箱服务器 (497720537@qq.com) ...
[2026-08-27 12:14:46]  正在连接 QQ-备用 邮箱服务器 (shouqianbadavid@qq.com) ...
[2026-08-27 12:15:22]  正在连接 QQ-主 邮箱服务器 (497720537@qq.com) ...
[2026-08-27 12:15:23]  正在连接 QQ-备用 邮箱服务器 (shouqianbadavid@qq.com) ...
[2026-08-27 12:15:59]  正在连接 QQ-主 邮箱服务器 (497720537@qq.com) ...
[2026-08-27 12:16:00]  正在连接 QQ-备用 邮箱服务器 (shouqianbadavid@qq.com) ...
[2026-08-27 12:16:36]  正在连接 QQ-主 邮箱服务器 (497720537@qq.com) ...
[2026-08-27 12:16:38]  正在连接 QQ-备用 邮箱服务器 (shouqianbadavid@qq.com) ...
[2026-08-27 12:17:14]  正在连接 QQ-主 邮箱服务器 (497720537@qq.com) ...
[2026-08-27 12:17:15]  正在连接 QQ-备用 邮箱服务器 (shouqianbadavid@qq.com) ...
[2026-08-27 12:17:51]  正在连接 QQ-主 邮箱服务器 (497720537@qq.com) ...
[2026-08-27 12:17:52]  正在连接 QQ-备用 邮箱服务器 (shouqianbadavid@qq.com) ...
[2026-08-27 12:18:28]  正在连接 QQ-主 邮箱服务器 (497720537@qq.com) ...
[2026-08-27 12:18:30]  正在连接 QQ-备用 邮箱服务器 (shouqianbadavid@qq.com) ...
[2026-08-27 12:19:06]  正在连接 QQ-主 邮箱服务器 (497720537@qq.com) ...
[2026-08-27 12:19:07]  正在连接 QQ-备用 邮箱服务器 (shouqianbadavid@qq.com) ...
[2026-08-27 12:19:44]  正在连接 QQ-主 邮箱服务器 (497720537@qq.com) ...
[2026-08-27 12:19:45]  正在连接 QQ-备用 邮箱服务器 (shouqianbadavid@qq.com) ...
[2026-08-27 12:20:21]  正在连接 QQ-主 邮箱服务器 (497720537@qq.com) ...
[2026-08-27 12:20:22]  正在连接 QQ-备用 邮箱服务器 (shouqianbadavid@qq.com) ...
[2026-08-27 12:20:58]  正在连接 QQ-主 邮箱服务器 (497720537@qq.com) ...
[2026-08-27 12:20:59]  正在连接 QQ-备用 邮箱服务器 (shouqianbadavid@qq.com) ...
[2026-08-27 12:21:35]  正在连接 QQ-主 邮箱服务器 (497720537@qq.com) ...
[2026-08-27 12:21:37]  正在连接 QQ-备用 邮箱服务器 (shouqianbadavid@qq.com) ...
[2026-08-27 12:22:13]  正在连接 QQ-主 邮箱服务器 (497720537@qq.com) ...
[2026-08-27 12:22:14]  正在连接 QQ-备用 邮箱服务器 (shouqianbadavid@qq.com) ...
[2026-08-27 12:22:50]  正在连接 QQ-主 邮箱服务器 (497720537@qq.com) ...
[2026-08-27 12:22:51]  正在连接 QQ-备用 邮箱服务器 (shouqianbadavid@qq.com) ...
[2026-08-27 12:23:28]  正在连接 QQ-主 邮箱服务器 (497720537@qq.com) ...
[2026-08-27 12:23:29]  正在连接 QQ-备用 邮箱服务器 (shouqianbadavid@qq.com) ...
[2026-08-27 12:24:05]  正在连接 QQ-主 邮箱服务器 (497720537@qq.com) ...
[2026-08-27 12:24:06]  正在连接 QQ-备用 邮箱服务器 (shouqianbadavid@qq.com) ...
[2026-08-27 12:24:43]  正在连接 QQ-主 邮箱服务器 (497720537@qq.com) ...
[2026-08-27 12:24:43]  正在连接 QQ-备用 邮箱服务器 (shouqianbadavid@qq.com) ...
[2026-08-27 12:25:19]  正在连接 QQ-主 邮箱服务器 (497720537@qq.com) ...
[2026-08-27 12:25:21]  正在连接 QQ-备用 邮箱服务器 (shouqianbadavid@qq.com) ...
[2026-08-27 12:25:57]  正在连接 QQ-主 邮箱服务器 (497720537@qq.com) ...
[2026-08-27 12:25:58]  正在连接 QQ-备用 邮箱服务器 (shouqianbadavid@qq.com) ...
[2026-08-27 12:26:34]  正在连接 QQ-主 邮箱服务器 (497720537@qq.com) ...
[2026-08-27 12:26:35]  正在连接 QQ-备用 邮箱服务器 (shouqianbadavid@qq.com) ...
[2026-08-27 12:27:12]  正在连接 QQ-主 邮箱服务器 (497720537@qq.com) ...
[2026-08-27 12:27:13]  正在连接 QQ-备用 邮箱服务器 (shouqianbadavid@qq.com) ...
[2026-08-27 12:27:49]  正在连接 QQ-主 邮箱服务器 (497720537@qq.com) ...
[2026-08-27 12:27:50]  正在连接 QQ-备用 邮箱服务器 (shouqianbadavid@qq.com) ...
[2026-08-27 12:28:26]  正在连接 QQ-主 邮箱服务器 (497720537@qq.com) ...
[2026-08-27 12:28:27]  正在连接 QQ-备用 邮箱服务器 (shouqianbadavid@qq.com) ...
[2026-08-27 12:29:03]  正在连接 QQ-主 邮箱服务器 (497720537@qq.com) ...
[2026-08-27 12:29:04]  正在连接 QQ-备用 邮箱服务器 (shouqianbadavid@qq.com) ...
[2026-08-27 12:29:41]  正在连接 QQ-主 邮箱服务器 (497720537@qq.com) ...
[2026-08-27 12:29:42]  正在连接 QQ-备用 邮箱服务器 (shouqianbadavid@qq.com) ...
[2026-08-27 12:30:18]  正在连接 QQ-主 邮箱服务器 (497720537@qq.com) ...
[2026-08-27 12:30:19]  正在连接 QQ-备用 邮箱服务器 (shouqianbadavid@qq.com) ...
[2026-08-27 12:30:55]  正在连接 QQ-主 邮箱服务器 (497720537@qq.com) ...
[2026-08-27 12:30:56]  正在连接 QQ-备用 邮箱服务器 (shouqianbadavid@qq.com) ...
[2026-08-27 12:31:32]  正在连接 QQ-主 邮箱服务器 (497720537@qq.com) ...
[2026-08-27 12:31:34]  正在连接 QQ-备用 邮箱服务器 (shouqianbadavid@qq.com) ...
[2026-08-27 12:32:10]  正在连接 QQ-主 邮箱服务器 (497720537@qq.com) ...
[2026-08-27 12:32:11]  正在连接 QQ-备用 邮箱服务器 (shouqianbadavid@qq.com) ...
[2026-08-27 12:32:47]  正在连接 QQ-主 邮箱服务器 (497720537@qq.com) ...
[2026-08-27 12:32:48]  正在连接 QQ-备用 邮箱服务器 (shouqianbadavid@qq.com) ...
[2026-08-27 12:33:24]  正在连接 QQ-主 邮箱服务器 (497720537@qq.com) ...
[2026-08-27 12:33:26]  正在连接 QQ-备用 邮箱服务器 (shouqianbadavid@qq.com) ...
[2026-08-27 12:34:02]  正在连接 QQ-主 邮箱服务器 (497720537@qq.com) ...
[2026-08-27 12:34:03]  正在连接 QQ-备用 邮箱服务器 (shouqianbadavid@qq.com) ...
[2026-08-27 12:34:39]  正在连接 QQ-主 邮箱服务器 (497720537@qq.com) ...
[2026-08-27 12:34:41]  正在连接 QQ-备用 邮箱服务器 (shouqianbadavid@qq.com) ...
[2026-08-27 12:35:17]  正在连接 QQ-主 邮箱服务器 (497720537@qq.com) ...
[2026-08-27 12:35:18]  正在连接 QQ-备用 邮箱服务器 (shouqianbadavid@qq.com) ...
[2026-08-27 12:35:53]  正在连接 QQ-主 邮箱服务器 (497720537@qq.com) ...
[2026-08-27 12:35:55]  正在连接 QQ-备用 邮箱服务器 (shouqianbadavid@qq.com) ...
[2026-08-27 12:36:31]  正在连接 QQ-主 邮箱服务器 (497720537@qq.com) ...
[2026-08-27 12:36:32]  正在连接 QQ-备用 邮箱服务器 (shouqianbadavid@qq.com) ...
[2026-08-27 12:37:08]  正在连接 QQ-主 邮箱服务器 (497720537@qq.com) ...
[2026-08-27 12:37:09]  正在连接 QQ-备用 邮箱服务器 (shouqianbadavid@qq.com) ...
[2026-08-27 12:37:45]  正在连接 QQ-主 邮箱服务器 (497720537@qq.com) ...
[2026-08-27 12:37:47]  正在连接 QQ-备用 邮箱服务器 (shouqianbadavid@qq.com) ...
[2026-08-27 12:38:23]  正在连接 QQ-主 邮箱服务器 (497720537@qq.com) ...
[2026-08-27 12:38:24]  正在连接 QQ-备用 邮箱服务器 (shouqianbadavid@qq.com) ...
[2026-08-27 12:39:00]  正在连接 QQ-主 邮箱服务器 (497720537@qq.com) ...
[2026-08-27 12:39:01]  正在连接 QQ-备用 邮箱服务器 (shouqianbadavid@qq.com) ...
[2026-08-27 12:39:37]  正在连接 QQ-主 邮箱服务器 (497720537@qq.com) ...
[2026-08-27 12:39:38]  正在连接 QQ-备用 邮箱服务器 (shouqianbadavid@qq.com) ...
[2026-08-27 12:40:14]  正在连接 QQ-主 邮箱服务器 (497720537@qq.com) ...
[2026-08-27 12:40:15]  正在连接 QQ-备用 邮箱服务器 (shouqianbadavid@qq.com) ...
[2026-08-27 12:40:51]  正在连接 QQ-主 邮箱服务器 (497720537@qq.com) ...
[2026-08-27 12:40:53]  正在连接 QQ-备用 邮箱服务器 (shouqianbadavid@qq.com) ...
[2026-08-27 12:41:29]  正在连接 QQ-主 邮箱服务器 (497720537@qq.com) ...
[2026-08-27 12:41:30]  正在连接 QQ-备用 邮箱服务器 (shouqianbadavid@qq.com) ...
[2026-08-27 12:42:06]  正在连接 QQ-主 邮箱服务器 (497720537@qq.com) ...
[2026-08-27 12:42:07]  正在连接 QQ-备用 邮箱服务器 (shouqianbadavid@qq.com) ...
[2026-08-27 12:42:44]  正在连接 QQ-主 邮箱服务器 (497720537@qq.com) ...
[2026-08-27 12:42:44]  正在连接 QQ-备用 邮箱服务器 (shouqianbadavid@qq.com) ...
[2026-08-27 12:43:20]  正在连接 QQ-主 邮箱服务器 (497720537@qq.com) ...
[2026-08-27 12:43:21]  正在连接 QQ-备用 邮箱服务器 (shouqianbadavid@qq.com) ...
[2026-08-27 12:43:58]  正在连接 QQ-主 邮箱服务器 (497720537@qq.com) ...
[2026-08-27 12:43:59]  正在连接 QQ-备用 邮箱服务器 (shouqianbadavid@qq.com) ...
[2026-08-27 12:44:35]  正在连接 QQ-主 邮箱服务器 (497720537@qq.com) ...
[2026-08-27 12:44:36]  正在连接 QQ-备用 邮箱服务器 (shouqianbadavid@qq.com) ...
[2026-08-27 12:45:12]  正在连接 QQ-主 邮箱服务器 (497720537@qq.com) ...
[2026-08-27 12:45:14]  正在连接 QQ-备用 邮箱服务器 (shouqianbadavid@qq.com) ...
[2026-08-27 12:45:50]  正在连接 QQ-主 邮箱服务器 (497720537@qq.com) ...
[2026-08-27 12:45:51]  正在连接 QQ-备用 邮箱服务器 (shouqianbadavid@qq.com) ...
[2026-08-27 12:46:27]  正在连接 QQ-主 邮箱服务器 (497720537@qq.com) ...
[2026-08-27 12:46:28]  正在连接 QQ-备用 邮箱服务器 (shouqianbadavid@qq.com) ...
[2026-08-27 12:47:04]  正在连接 QQ-主 邮箱服务器 (497720537@qq.com) ...
[2026-08-27 12:47:05]  正在连接 QQ-备用 邮箱服务器 (shouqianbadavid@qq.com) ...
[2026-08-27 12:47:42]  正在连接 QQ-主 邮箱服务器 (497720537@qq.com) ...
[2026-08-27 12:47:43]  正在连接 QQ-备用 邮箱服务器 (shouqianbadavid@qq.com) ...
[2026-08-27 12:48:19]  正在连接 QQ-主 邮箱服务器 (497720537@qq.com) ...
[2026-08-27 12:48:19]  正在连接 QQ-备用 邮箱服务器 (shouqianbadavid@qq.com) ...
[2026-08-27 12:48:56]  正在连接 QQ-主 邮箱服务器 (497720537@qq.com) ...
[2026-08-27 12:48:56]  正在连接 QQ-备用 邮箱服务器 (shouqianbadavid@qq.com) ...
[2026-08-27 12:49:32]  正在连接 QQ-主 邮箱服务器 (497720537@qq.com) ...
[2026-08-27 12:49:33]  正在连接 QQ-备用 邮箱服务器 (shouqianbadavid@qq.com) ...
[2026-08-27 12:50:09]  正在连接 QQ-主 邮箱服务器 (497720537@qq.com) ...
[2026-08-27 12:50:11]  正在连接 QQ-备用 邮箱服务器 (shouqianbadavid@qq.com) ...
[2026-08-27 12:50:47]  正在连接 QQ-主 邮箱服务器 (497720537@qq.com) ...
[2026-08-27 12:50:48]  正在连接 QQ-备用 邮箱服务器 (shouqianbadavid@qq.com) ...
[2026-08-27 12:51:24]  正在连接 QQ-主 邮箱服务器 (497720537@qq.com) ...
[2026-08-27 12:51:25]  正在连接 QQ-备用 邮箱服务器 (shouqianbadavid@qq.com) ...
[2026-08-27 12:52:02]  正在连接 QQ-主 邮箱服务器 (497720537@qq.com) ...
[2026-08-27 12:52:03]  正在连接 QQ-备用 邮箱服务器 (shouqianbadavid@qq.com) ...
[2026-08-27 12:52:39]  正在连接 QQ-主 邮箱服务器 (497720537@qq.com) ...
[2026-08-27 12:52:40]  正在连接 QQ-备用 邮箱服务器 (shouqianbadavid@qq.com) ...
[2026-08-27 12:53:16]  正在连接 QQ-主 邮箱服务器 (497720537@qq.com) ...
[2026-08-27 12:53:17]  正在连接 QQ-备用 邮箱服务器 (shouqianbadavid@qq.com) ...
[2026-08-27 12:53:53]  正在连接 QQ-主 邮箱服务器 (497720537@qq.com) ...
[2026-08-27 12:53:54]  正在连接 QQ-备用 邮箱服务器 (shouqianbadavid@qq.com) ...
[2026-08-27 12:54:30]  正在连接 QQ-主 邮箱服务器 (497720537@qq.com) ...
[2026-08-27 12:54:32]  正在连接 QQ-备用 邮箱服务器 (shouqianbadavid@qq.com) ...
[2026-08-27 12:55:08]  正在连接 QQ-主 邮箱服务器 (497720537@qq.com) ...
[2026-08-27 12:55:09]  正在连接 QQ-备用 邮箱服务器 (shouqianbadavid@qq.com) ...
[2026-08-27 12:55:45]  正在连接 QQ-主 邮箱服务器 (497720537@qq.com) ...
[2026-08-27 12:55:46]  正在连接 QQ-备用 邮箱服务器 (shouqianbadavid@qq.com) ...
[2026-08-27 12:56:23]  正在连接 QQ-主 邮箱服务器 (497720537@qq.com) ...
[2026-08-27 12:56:24]  正在连接 QQ-备用 邮箱服务器 (shouqianbadavid@qq.com) ...
[2026-08-27 12:57:00]  正在连接 QQ-主 邮箱服务器 (497720537@qq.com) ...
[2026-08-27 12:57:01]  正在连接 QQ-备用 邮箱服务器 (shouqianbadavid@qq.com) ...
[2026-08-27 12:57:38]  正在连接 QQ-主 邮箱服务器 (497720537@qq.com) ...
[2026-08-27 12:57:39]  正在连接 QQ-备用 邮箱服务器 (shouqianbadavid@qq.com) ...
[2026-08-27 12:58:15]  正在连接 QQ-主 邮箱服务器 (497720537@qq.com) ...
[2026-08-27 12:58:16]  正在连接 QQ-备用 邮箱服务器 (shouqianbadavid@qq.com) ...
[2026-08-27 12:58:53]  正在连接 QQ-主 邮箱服务器 (497720537@qq.com) ...
[2026-08-27 12:58:54]  正在连接 QQ-备用 邮箱服务器 (shouqianbadavid@qq.com) ...
[2026-08-27 12:59:30]  正在连接 QQ-主 邮箱服务器 (497720537@qq.com) ...
[2026-08-27 12:59:31]  正在连接 QQ-备用 邮箱服务器 (shouqianbadavid@qq.com) ...
[2026-08-27 13:00:07]  正在连接 QQ-主 邮箱服务器 (497720537@qq.com) ...
[2026-08-27 13:00:08]  正在连接 QQ-备用 邮箱服务器 (shouqianbadavid@qq.com) ...
[2026-08-27 13:00:44]  正在连接 QQ-主 邮箱服务器 (497720537@qq.com) ...
[2026-08-27 13:00:46]  正在连接 QQ-备用 邮箱服务器 (shouqianbadavid@qq.com) ...
[2026-08-27 13:01:22]  正在连接 QQ-主 邮箱服务器 (497720537@qq.com) ...
[2026-08-27 13:01:23]  正在连接 QQ-备用 邮箱服务器 (shouqianbadavid@qq.com) ...
[2026-08-27 13:01:59]  正在连接 QQ-主 邮箱服务器 (497720537@qq.com) ...
[2026-08-27 13:02:00]  正在连接 QQ-备用 邮箱服务器 (shouqianbadavid@qq.com) ...
[2026-08-27 13:02:36]  正在连接 QQ-主 邮箱服务器 (497720537@qq.com) ...
[2026-08-27 13:02:38]  正在连接 QQ-备用 邮箱服务器 (shouqianbadavid@qq.com) ...
[2026-08-27 13:03:14]  正在连接 QQ-主 邮箱服务器 (497720537@qq.com) ...
[2026-08-27 13:03:15]  QQ-主 正在解析因子: =?utf-8?b?QWxwaGFQaWxvdCDlrp7ml7bkv6Hlj7cgKGFscGhhX3NpZ25hbF90aHJfMjAyNjA4MjdfMTMwMy5qc29uKSBb5Li7UVEt5a+55aSWXQ==?=
[2026-08-27 13:03:15]  发现表格，共 6 行数据
[2026-08-27 13:03:15]  动态索引映射: ['股票代码', '股票名称', '信号', '当前价格', '量比', '来源过滤']
[2026-08-27 13:03:15]  [行1] 解析成功: SZSE.002552 [宝鼎科技] BUY @ 56.36 (VR:2.73)
[2026-08-27 13:03:15]  [行2] 解析成功: SZSE.003031 [中瓷电子] BUY @ 131.75 (VR:0.6)
[2026-08-27 13:03:15]  [行3] 解析成功: SZSE.000823 [超声电子] BUY @ 15.45 (VR:0.65)
[2026-08-27 13:03:15]  [行4] 解析成功: SZSE.002552 [宝鼎科技] BUY @ 56.9 (VR:3.67)
[2026-08-27 13:03:15]  [行5] 解析成功: SZSE.003031 [中瓷电子] BUY @ 132.18 (VR:1.87)
[2026-08-27 13:03:15]  [行6] 解析成功: SZSE.000823 [超声电子] BUY @ 15.51 (VR:0.74)
[2026-08-27 13:03:15] 成功保存 6 条因子至: signal_batch_20260827_130315_468876.txt
[2026-08-27 13:03:15]  QQ-主 邮件 1939 处理完成
[2026-08-27 13:03:15]  QQ-主 本轮共成功处理 1 封有效信号邮件
[2026-08-27 13:03:15]  正在连接 QQ-备用 邮箱服务器 (shouqianbadavid@qq.com) ...
[2026-08-27 13:03:52]  正在连接 QQ-主 邮箱服务器 (497720537@qq.com) ...
[2026-08-27 13:03:53]  正在连接 QQ-备用 邮箱服务器 (shouqianbadavid@qq.com) ...
[2026-08-27 13:04:29]  正在连接 QQ-主 邮箱服务器 (497720537@qq.com) ...
[2026-08-27 13:04:31]  正在连接 QQ-备用 邮箱服务器 (shouqianbadavid@qq.com) ...
[2026-08-27 13:04:32]  QQ-备用 正在解析因子: =?utf-8?b?QWxwaGFQaWxvdCDlpIfku73kv6Hlj7cgKGFscGhhX3NpZ25hbF90aHJfMjAyNjA4MjdfMTMwMy5qc29uKSBb5aSHUVEt6Ieq5L+dXQ==?=
[2026-08-27 13:04:32]  发现表格，共 6 行数据
[2026-08-27 13:04:32]  动态索引映射: ['股票代码', '股票名称', '信号', '当前价格', '量比', '来源过滤']
[2026-08-27 13:04:32]  [行1] 解析成功: SZSE.002552 [宝鼎科技] BUY @ 56.36 (VR:2.73)
[2026-08-27 13:04:32]  [行2] 解析成功: SZSE.003031 [中瓷电子] BUY @ 131.75 (VR:0.6)
[2026-08-27 13:04:32]  [行3] 解析成功: SZSE.000823 [超声电子] BUY @ 15.45 (VR:0.65)
[2026-08-27 13:04:32]  [行4] 解析成功: SZSE.002552 [宝鼎科技] BUY @ 56.9 (VR:3.67)
[2026-08-27 13:04:32]  [行5] 解析成功: SZSE.003031 [中瓷电子] BUY @ 132.18 (VR:1.87)
[2026-08-27 13:04:32]  [行6] 解析成功: SZSE.000823 [超声电子] BUY @ 15.51 (VR:0.74)
[2026-08-27 13:04:32] 成功保存 6 条因子至: signal_batch_20260827_130432_767731.txt
[2026-08-27 13:04:32]  QQ-备用 邮件 4923 处理完成
[2026-08-27 13:04:33]  QQ-备用 正在解析因子: =?utf-8?b?QWxwaGFQaWxvdCDlpIfku73kv6Hlj7cgKGFscGhhX3NpZ25hbF90aHJfMjAyNjA4MjdfMTMwMy5qc29uKSBb5aSHUVEt6Ieq5L+dXQ==?=
[2026-08-27 13:04:33]  发现表格，共 6 行数据
[2026-08-27 13:04:33]  动态索引映射: ['股票代码', '股票名称', '信号', '当前价格', '量比', '来源过滤']
[2026-08-27 13:04:33]  [行1] 解析成功: SZSE.002552 [宝鼎科技] BUY @ 56.36 (VR:2.73)
[2026-08-27 13:04:33]  [行2] 解析成功: SZSE.003031 [中瓷电子] BUY @ 131.75 (VR:0.6)
[2026-08-27 13:04:33]  [行3] 解析成功: SZSE.000823 [超声电子] BUY @ 15.45 (VR:0.65)
[2026-08-27 13:04:33]  [行4] 解析成功: SZSE.002552 [宝鼎科技] BUY @ 56.9 (VR:3.67)
[2026-08-27 13:04:33]  [行5] 解析成功: SZSE.003031 [中瓷电子] BUY @ 132.18 (VR:1.87)
[2026-08-27 13:04:33]  [行6] 解析成功: SZSE.000823 [超声电子] BUY @ 15.51 (VR:0.74)
[2026-08-27 13:04:33] 成功保存 6 条因子至: signal_batch_20260827_130433_181557.txt
[2026-08-27 13:04:33]  QQ-备用 邮件 4924 处理完成
[2026-08-27 13:04:33]  QQ-备用 本轮共成功处理 2 封有效信号邮件
[2026-08-27 13:05:08]  正在连接 QQ-主 邮箱服务器 (497720537@qq.com) ...
[2026-08-27 13:05:09]  正在连接 QQ-备用 邮箱服务器 (shouqianbadavid@qq.com) ...
[2026-08-27 13:05:46]  正在连接 QQ-主 邮箱服务器 (497720537@qq.com) ...
[2026-08-27 13:05:48]  正在连接 QQ-备用 邮箱服务器 (shouqianbadavid@qq.com) ...
[2026-08-27 13:06:24]  正在连接 QQ-主 邮箱服务器 (497720537@qq.com) ...
[2026-08-27 13:06:25]  正在连接 QQ-备用 邮箱服务器 (shouqianbadavid@qq.com) ...
[2026-08-27 13:07:01]  正在连接 QQ-主 邮箱服务器 (497720537@qq.com) ...
[2026-08-27 13:07:02]  正在连接 QQ-备用 邮箱服务器 (shouqianbadavid@qq.com) ...
[2026-08-27 13:07:39]  正在连接 QQ-主 邮箱服务器 (497720537@qq.com) ...
[2026-08-27 13:07:40]  正在连接 QQ-备用 邮箱服务器 (shouqianbadavid@qq.com) ...
[2026-08-27 13:08:16]  正在连接 QQ-主 邮箱服务器 (497720537@qq.com) ...
[2026-08-27 13:08:17]  正在连接 QQ-备用 邮箱服务器 (shouqianbadavid@qq.com) ...
[2026-08-27 13:08:53]  正在连接 QQ-主 邮箱服务器 (497720537@qq.com) ...
[2026-08-27 13:08:54]  正在连接 QQ-备用 邮箱服务器 (shouqianbadavid@qq.com) ...
[2026-08-27 13:09:30]  正在连接 QQ-主 邮箱服务器 (497720537@qq.com) ...
[2026-08-27 13:09:31]  正在连接 QQ-备用 邮箱服务器 (shouqianbadavid@qq.com) ...
[2026-08-27 13:10:08]  正在连接 QQ-主 邮箱服务器 (497720537@qq.com) ...
[2026-08-27 13:10:09]  正在连接 QQ-备用 邮箱服务器 (shouqianbadavid@qq.com) ...
[2026-08-27 13:10:44]  正在连接 QQ-主 邮箱服务器 (497720537@qq.com) ...
[2026-08-27 13:10:45]  正在连接 QQ-备用 邮箱服务器 (shouqianbadavid@qq.com) ...
[2026-08-27 13:11:21]  正在连接 QQ-主 邮箱服务器 (497720537@qq.com) ...
[2026-08-27 13:11:22]  正在连接 QQ-备用 邮箱服务器 (shouqianbadavid@qq.com) ...
[2026-08-27 13:11:58]  正在连接 QQ-主 邮箱服务器 (497720537@qq.com) ...
[2026-08-27 13:11:59]  正在连接 QQ-备用 邮箱服务器 (shouqianbadavid@qq.com) ...
[2026-08-27 13:12:36]  正在连接 QQ-主 邮箱服务器 (497720537@qq.com) ...
[2026-08-27 13:12:37]  正在连接 QQ-备用 邮箱服务器 (shouqianbadavid@qq.com) ...
[2026-08-27 13:13:13]  正在连接 QQ-主 邮箱服务器 (497720537@qq.com) ...
[2026-08-27 13:13:14]  正在连接 QQ-备用 邮箱服务器 (shouqianbadavid@qq.com) ...
[2026-08-27 13:13:50]  正在连接 QQ-主 邮箱服务器 (497720537@qq.com) ...
[2026-08-27 13:13:51]  正在连接 QQ-备用 邮箱服务器 (shouqianbadavid@qq.com) ...
[2026-08-27 13:14:27]  正在连接 QQ-主 邮箱服务器 (497720537@qq.com) ...
[2026-08-27 13:14:28]  正在连接 QQ-备用 邮箱服务器 (shouqianbadavid@qq.com) ...
[2026-08-27 13:15:05]  正在连接 QQ-主 邮箱服务器 (497720537@qq.com) ...
[2026-08-27 13:15:06]  正在连接 QQ-备用 邮箱服务器 (shouqianbadavid@qq.com) ...
[2026-08-27 13:15:42]  正在连接 QQ-主 邮箱服务器 (497720537@qq.com) ...
[2026-08-27 13:15:43]  正在连接 QQ-备用 邮箱服务器 (shouqianbadavid@qq.com) ...
[2026-08-27 13:16:19]  正在连接 QQ-主 邮箱服务器 (497720537@qq.com) ...
[2026-08-27 13:16:20]  正在连接 QQ-备用 邮箱服务器 (shouqianbadavid@qq.com) ...
[2026-08-27 13:16:56]  正在连接 QQ-主 邮箱服务器 (497720537@qq.com) ...
[2026-08-27 13:16:57]  正在连接 QQ-备用 邮箱服务器 (shouqianbadavid@qq.com) ...
[2026-08-27 13:17:33]  正在连接 QQ-主 邮箱服务器 (497720537@qq.com) ...
[2026-08-27 13:17:34]  正在连接 QQ-备用 邮箱服务器 (shouqianbadavid@qq.com) ...
[2026-08-27 13:18:11]  正在连接 QQ-主 邮箱服务器 (497720537@qq.com) ...
[2026-08-27 13:18:12]  正在连接 QQ-备用 邮箱服务器 (shouqianbadavid@qq.com) ...
[2026-08-27 13:18:48]  正在连接 QQ-主 邮箱服务器 (497720537@qq.com) ...
[2026-08-27 13:18:49]  正在连接 QQ-备用 邮箱服务器 (shouqianbadavid@qq.com) ...
[2026-08-27 13:19:25]  正在连接 QQ-主 邮箱服务器 (497720537@qq.com) ...
[2026-08-27 13:19:27]  正在连接 QQ-备用 邮箱服务器 (shouqianbadavid@qq.com) ...
[2026-08-27 13:20:03]  正在连接 QQ-主 邮箱服务器 (497720537@qq.com) ...
[2026-08-27 13:20:04]  正在连接 QQ-备用 邮箱服务器 (shouqianbadavid@qq.com) ...
[2026-08-27 13:20:39]  正在连接 QQ-主 邮箱服务器 (497720537@qq.com) ...
[2026-08-27 13:20:40]  正在连接 QQ-备用 邮箱服务器 (shouqianbadavid@qq.com) ...
[2026-08-27 13:21:16]  正在连接 QQ-主 邮箱服务器 (497720537@qq.com) ...
[2026-08-27 13:21:17]  正在连接 QQ-备用 邮箱服务器 (shouqianbadavid@qq.com) ...
[2026-08-27 13:21:53]  正在连接 QQ-主 邮箱服务器 (497720537@qq.com) ...
[2026-08-27 13:21:55]  正在连接 QQ-备用 邮箱服务器 (shouqianbadavid@qq.com) ...
[2026-08-27 13:22:31]  正在连接 QQ-主 邮箱服务器 (497720537@qq.com) ...
[2026-08-27 13:22:32]  正在连接 QQ-备用 邮箱服务器 (shouqianbadavid@qq.com) ...
[2026-08-27 13:23:08]  正在连接 QQ-主 邮箱服务器 (497720537@qq.com) ...
[2026-08-27 13:23:09]  正在连接 QQ-备用 邮箱服务器 (shouqianbadavid@qq.com) ...
[2026-08-27 13:23:46]  正在连接 QQ-主 邮箱服务器 (497720537@qq.com) ...
[2026-08-27 13:23:47]  正在连接 QQ-备用 邮箱服务器 (shouqianbadavid@qq.com) ...
[2026-08-27 13:24:23]  正在连接 QQ-主 邮箱服务器 (497720537@qq.com) ...
[2026-08-27 13:24:24]  正在连接 QQ-备用 邮箱服务器 (shouqianbadavid@qq.com) ...
[2026-08-27 13:25:00]  正在连接 QQ-主 邮箱服务器 (497720537@qq.com) ...
[2026-08-27 13:25:01]  正在连接 QQ-备用 邮箱服务器 (shouqianbadavid@qq.com) ...
[2026-08-27 13:25:38]  正在连接 QQ-主 邮箱服务器 (497720537@qq.com) ...
[2026-08-27 13:25:39]  正在连接 QQ-备用 邮箱服务器 (shouqianbadavid@qq.com) ...
[2026-08-27 13:26:15]  正在连接 QQ-主 邮箱服务器 (497720537@qq.com) ...
[2026-08-27 13:26:16]  正在连接 QQ-备用 邮箱服务器 (shouqianbadavid@qq.com) ...
[2026-08-27 13:26:52]  正在连接 QQ-主 邮箱服务器 (497720537@qq.com) ...
[2026-08-27 13:26:53]  正在连接 QQ-备用 邮箱服务器 (shouqianbadavid@qq.com) ...
[2026-08-27 13:27:30]  正在连接 QQ-主 邮箱服务器 (497720537@qq.com) ...
[2026-08-27 13:27:31]  正在连接 QQ-备用 邮箱服务器 (shouqianbadavid@qq.com) ...
[2026-08-27 13:28:07]  正在连接 QQ-主 邮箱服务器 (497720537@qq.com) ...
[2026-08-27 13:28:08]  正在连接 QQ-备用 邮箱服务器 (shouqianbadavid@qq.com) ...
[2026-08-27 13:28:44]  正在连接 QQ-主 邮箱服务器 (497720537@qq.com) ...
[2026-08-27 13:28:45]  正在连接 QQ-备用 邮箱服务器 (shouqianbadavid@qq.com) ...
[2026-08-27 13:29:21]  正在连接 QQ-主 邮箱服务器 (497720537@qq.com) ...
[2026-08-27 13:29:22]  正在连接 QQ-备用 邮箱服务器 (shouqianbadavid@qq.com) ...
[2026-08-27 13:29:58]  正在连接 QQ-主 邮箱服务器 (497720537@qq.com) ...
[2026-08-27 13:29:59]  正在连接 QQ-备用 邮箱服务器 (shouqianbadavid@qq.com) ...
[2026-08-27 13:30:35]  正在连接 QQ-主 邮箱服务器 (497720537@qq.com) ...
[2026-08-27 13:30:36]  正在连接 QQ-备用 邮箱服务器 (shouqianbadavid@qq.com) ...
[2026-08-27 13:31:13]  正在连接 QQ-主 邮箱服务器 (497720537@qq.com) ...
[2026-08-27 13:31:14]  正在连接 QQ-备用 邮箱服务器 (shouqianbadavid@qq.com) ...
[2026-08-27 13:31:50]  正在连接 QQ-主 邮箱服务器 (497720537@qq.com) ...
[2026-08-27 13:31:51]  正在连接 QQ-备用 邮箱服务器 (shouqianbadavid@qq.com) ...
[2026-08-27 13:32:27]  正在连接 QQ-主 邮箱服务器 (497720537@qq.com) ...
[2026-08-27 13:32:28]  正在连接 QQ-备用 邮箱服务器 (shouqianbadavid@qq.com) ...
[2026-08-27 13:33:04]  正在连接 QQ-主 邮箱服务器 (497720537@qq.com) ...
[2026-08-27 13:33:05]  正在连接 QQ-备用 邮箱服务器 (shouqianbadavid@qq.com) ...
[2026-08-27 13:33:41]  正在连接 QQ-主 邮箱服务器 (497720537@qq.com) ...
[2026-08-27 13:33:43]  正在连接 QQ-备用 邮箱服务器 (shouqianbadavid@qq.com) ...
[2026-08-27 13:34:19]  正在连接 QQ-主 邮箱服务器 (497720537@qq.com) ...
[2026-08-27 13:34:20]  正在连接 QQ-备用 邮箱服务器 (shouqianbadavid@qq.com) ...
[2026-08-27 13:34:56]  正在连接 QQ-主 邮箱服务器 (497720537@qq.com) ...
[2026-08-27 13:34:57]  正在连接 QQ-备用 邮箱服务器 (shouqianbadavid@qq.com) ...
[2026-08-27 13:35:33]  正在连接 QQ-主 邮箱服务器 (497720537@qq.com) ...
[2026-08-27 13:35:34]  正在连接 QQ-备用 邮箱服务器 (shouqianbadavid@qq.com) ...
[2026-08-27 13:36:11]  正在连接 QQ-主 邮箱服务器 (497720537@qq.com) ...
[2026-08-27 13:36:12]  正在连接 QQ-备用 邮箱服务器 (shouqianbadavid@qq.com) ...
[2026-08-27 13:36:48]  正在连接 QQ-主 邮箱服务器 (497720537@qq.com) ...
[2026-08-27 13:36:49]  正在连接 QQ-备用 邮箱服务器 (shouqianbadavid@qq.com) ...
[2026-08-27 13:37:25]  正在连接 QQ-主 邮箱服务器 (497720537@qq.com) ...
[2026-08-27 13:37:27]  正在连接 QQ-备用 邮箱服务器 (shouqianbadavid@qq.com) ...
[2026-08-27 13:38:03]  正在连接 QQ-主 邮箱服务器 (497720537@qq.com) ...
[2026-08-27 13:38:04]  正在连接 QQ-备用 邮箱服务器 (shouqianbadavid@qq.com) ...
[2026-08-27 13:38:39]  正在连接 QQ-主 邮箱服务器 (497720537@qq.com) ...
[2026-08-27 13:38:40]  正在连接 QQ-备用 邮箱服务器 (shouqianbadavid@qq.com) ...
[2026-08-27 13:39:17]  正在连接 QQ-主 邮箱服务器 (497720537@qq.com) ...
[2026-08-27 13:39:18]  正在连接 QQ-备用 邮箱服务器 (shouqianbadavid@qq.com) ...
[2026-08-27 13:39:54]  正在连接 QQ-主 邮箱服务器 (497720537@qq.com) ...
[2026-08-27 13:39:55]  正在连接 QQ-备用 邮箱服务器 (shouqianbadavid@qq.com) ...
[2026-08-27 13:40:31]  正在连接 QQ-主 邮箱服务器 (497720537@qq.com) ...
[2026-08-27 13:40:32]  正在连接 QQ-备用 邮箱服务器 (shouqianbadavid@qq.com) ...
[2026-08-27 13:41:09]  正在连接 QQ-主 邮箱服务器 (497720537@qq.com) ...
[2026-08-27 13:41:10]  正在连接 QQ-备用 邮箱服务器 (shouqianbadavid@qq.com) ...
[2026-08-27 13:41:46]  正在连接 QQ-主 邮箱服务器 (497720537@qq.com) ...
[2026-08-27 13:41:47]  正在连接 QQ-备用 邮箱服务器 (shouqianbadavid@qq.com) ...
[2026-08-27 13:42:23]  正在连接 QQ-主 邮箱服务器 (497720537@qq.com) ...
[2026-08-27 13:42:24]  正在连接 QQ-备用 邮箱服务器 (shouqianbadavid@qq.com) ...
[2026-08-27 13:43:01]  正在连接 QQ-主 邮箱服务器 (497720537@qq.com) ...
[2026-08-27 13:43:02]  正在连接 QQ-备用 邮箱服务器 (shouqianbadavid@qq.com) ...
[2026-08-27 13:43:38]  正在连接 QQ-主 邮箱服务器 (497720537@qq.com) ...
[2026-08-27 13:43:39]  正在连接 QQ-备用 邮箱服务器 (shouqianbadavid@qq.com) ...
[2026-08-27 13:44:15]  正在连接 QQ-主 邮箱服务器 (497720537@qq.com) ...
[2026-08-27 13:44:16]  正在连接 QQ-备用 邮箱服务器 (shouqianbadavid@qq.com) ...
[2026-08-27 13:44:53]  正在连接 QQ-主 邮箱服务器 (497720537@qq.com) ...
[2026-08-27 13:44:54]  正在连接 QQ-备用 邮箱服务器 (shouqianbadavid@qq.com) ...
[2026-08-27 13:45:30]  正在连接 QQ-主 邮箱服务器 (497720537@qq.com) ...
[2026-08-27 13:45:31]  正在连接 QQ-备用 邮箱服务器 (shouqianbadavid@qq.com) ...
[2026-08-27 13:46:07]  正在连接 QQ-主 邮箱服务器 (497720537@qq.com) ...
[2026-08-27 13:46:09]  正在连接 QQ-备用 邮箱服务器 (shouqianbadavid@qq.com) ...
[2026-08-27 13:46:45]  正在连接 QQ-主 邮箱服务器 (497720537@qq.com) ...
[2026-08-27 13:46:46]  正在连接 QQ-备用 邮箱服务器 (shouqianbadavid@qq.com) ...
[2026-08-27 13:47:23]  正在连接 QQ-主 邮箱服务器 (497720537@qq.com) ...
[2026-08-27 13:47:24]  正在连接 QQ-备用 邮箱服务器 (shouqianbadavid@qq.com) ...
[2026-08-27 13:48:00]  正在连接 QQ-主 邮箱服务器 (497720537@qq.com) ...
[2026-08-27 13:48:01]  正在连接 QQ-备用 邮箱服务器 (shouqianbadavid@qq.com) ...
[2026-08-27 13:48:37]  正在连接 QQ-主 邮箱服务器 (497720537@qq.com) ...
[2026-08-27 13:48:38]  正在连接 QQ-备用 邮箱服务器 (shouqianbadavid@qq.com) ...
[2026-08-27 13:49:14]  正在连接 QQ-主 邮箱服务器 (497720537@qq.com) ...
[2026-08-27 13:49:15]  正在连接 QQ-备用 邮箱服务器 (shouqianbadavid@qq.com) ...
[2026-08-27 13:49:51]  正在连接 QQ-主 邮箱服务器 (497720537@qq.com) ...
[2026-08-27 13:49:53]  正在连接 QQ-备用 邮箱服务器 (shouqianbadavid@qq.com) ...
[2026-08-27 13:50:29]  正在连接 QQ-主 邮箱服务器 (497720537@qq.com) ...
[2026-08-27 13:50:30]  正在连接 QQ-备用 邮箱服务器 (shouqianbadavid@qq.com) ...
[2026-08-27 13:51:06]  正在连接 QQ-主 邮箱服务器 (497720537@qq.com) ...
[2026-08-27 13:51:07]  正在连接 QQ-备用 邮箱服务器 (shouqianbadavid@qq.com) ...
[2026-08-27 13:51:44]  正在连接 QQ-主 邮箱服务器 (497720537@qq.com) ...
[2026-08-27 13:51:45]  正在连接 QQ-备用 邮箱服务器 (shouqianbadavid@qq.com) ...
[2026-08-27 13:52:21]  正在连接 QQ-主 邮箱服务器 (497720537@qq.com) ...
[2026-08-27 13:52:22]  正在连接 QQ-备用 邮箱服务器 (shouqianbadavid@qq.com) ...
[2026-08-27 13:52:58]  正在连接 QQ-主 邮箱服务器 (497720537@qq.com) ...
[2026-08-27 13:52:59]  正在连接 QQ-备用 邮箱服务器 (shouqianbadavid@qq.com) ...
[2026-08-27 13:53:35]  正在连接 QQ-主 邮箱服务器 (497720537@qq.com) ...
[2026-08-27 13:53:36]  正在连接 QQ-备用 邮箱服务器 (shouqianbadavid@qq.com) ...
[2026-08-27 13:54:13]  正在连接 QQ-主 邮箱服务器 (497720537@qq.com) ...
[2026-08-27 13:54:14]  正在连接 QQ-备用 邮箱服务器 (shouqianbadavid@qq.com) ...
[2026-08-27 13:54:50]  正在连接 QQ-主 邮箱服务器 (497720537@qq.com) ...
[2026-08-27 13:54:51]  正在连接 QQ-备用 邮箱服务器 (shouqianbadavid@qq.com) ...
[2026-08-27 13:55:27]  正在连接 QQ-主 邮箱服务器 (497720537@qq.com) ...
[2026-08-27 13:55:28]  正在连接 QQ-备用 邮箱服务器 (shouqianbadavid@qq.com) ...
[2026-08-27 13:56:05]  正在连接 QQ-主 邮箱服务器 (497720537@qq.com) ...
[2026-08-27 13:56:06]  正在连接 QQ-备用 邮箱服务器 (shouqianbadavid@qq.com) ...
[2026-08-27 13:56:42]  正在连接 QQ-主 邮箱服务器 (497720537@qq.com) ...
[2026-08-27 13:56:43]  正在连接 QQ-备用 邮箱服务器 (shouqianbadavid@qq.com) ...
[2026-08-27 13:57:19]  正在连接 QQ-主 邮箱服务器 (497720537@qq.com) ...
[2026-08-27 13:57:21]  正在连接 QQ-备用 邮箱服务器 (shouqianbadavid@qq.com) ...
[2026-08-27 13:57:57]  正在连接 QQ-主 邮箱服务器 (497720537@qq.com) ...
[2026-08-27 13:57:58]  正在连接 QQ-备用 邮箱服务器 (shouqianbadavid@qq.com) ...
[2026-08-27 13:58:34]  正在连接 QQ-主 邮箱服务器 (497720537@qq.com) ...
[2026-08-27 13:58:35]  正在连接 QQ-备用 邮箱服务器 (shouqianbadavid@qq.com) ...
[2026-08-27 13:59:12]  正在连接 QQ-主 邮箱服务器 (497720537@qq.com) ...
[2026-08-27 13:59:13]  正在连接 QQ-备用 邮箱服务器 (shouqianbadavid@qq.com) ...
[2026-08-27 13:59:49]  正在连接 QQ-主 邮箱服务器 (497720537@qq.com) ...
[2026-08-27 13:59:50]  正在连接 QQ-备用 邮箱服务器 (shouqianbadavid@qq.com) ...
[2026-08-27 14:00:26]  正在连接 QQ-主 邮箱服务器 (497720537@qq.com) ...
[2026-08-27 14:00:27]  正在连接 QQ-备用 邮箱服务器 (shouqianbadavid@qq.com) ...
[2026-08-27 14:01:04]  正在连接 QQ-主 邮箱服务器 (497720537@qq.com) ...
[2026-08-27 14:01:05]  正在连接 QQ-备用 邮箱服务器 (shouqianbadavid@qq.com) ...
[2026-08-27 14:01:41]  正在连接 QQ-主 邮箱服务器 (497720537@qq.com) ...
[2026-08-27 14:01:42]  正在连接 QQ-备用 邮箱服务器 (shouqianbadavid@qq.com) ...
[2026-08-27 14:02:18]  正在连接 QQ-主 邮箱服务器 (497720537@qq.com) ...
[2026-08-27 14:02:19]  正在连接 QQ-备用 邮箱服务器 (shouqianbadavid@qq.com) ...
[2026-08-27 14:02:55]  正在连接 QQ-主 邮箱服务器 (497720537@qq.com) ...
[2026-08-27 14:02:57]  正在连接 QQ-备用 邮箱服务器 (shouqianbadavid@qq.com) ...
[2026-08-27 14:03:33]  正在连接 QQ-主 邮箱服务器 (497720537@qq.com) ...
[2026-08-27 14:03:34]  正在连接 QQ-备用 邮箱服务器 (shouqianbadavid@qq.com) ...
[2026-08-27 14:04:10]  正在连接 QQ-主 邮箱服务器 (497720537@qq.com) ...
[2026-08-27 14:04:12]  正在连接 QQ-备用 邮箱服务器 (shouqianbadavid@qq.com) ...
[2026-08-27 14:04:13]  QQ-备用 正在解析因子: =?utf-8?b?QWxwaGFQaWxvdCDlpIfku73kv6Hlj7cgKGFscGhhX3NpZ25hbF90aHJfMjAyNjA4MjdfMTQwMy5qc29uKSBb5aSHUVEt6Ieq5L+dXQ==?=
[2026-08-27 14:04:13]  发现表格，共 11 行数据
[2026-08-27 14:04:13]  动态索引映射: ['股票代码', '股票名称', '信号', '当前价格', '量比', '来源过滤']
[2026-08-27 14:04:13]  [行1] 解析成功: SHSE.605111 [新洁能] SELL @ 59.52 (VR:0.14)
[2026-08-27 14:04:13]  [行2] 解析成功: SZSE.003031 [中瓷电子] BUY @ 129.91 (VR:0.16)
[2026-08-27 14:04:13]  [行3] 解析成功: SZSE.002937 [兴瑞科技] BUY @ 31.36 (VR:0.37)
[2026-08-27 14:04:13]  [行4] 解析成功: SZSE.000920 [沃顿科技] SELL @ 11.51 (VR:0.84)
[2026-08-27 14:04:13]  [行5] 解析成功: SZSE.300607 [拓斯达] BUY @ 35.57 (VR:1.06)
[2026-08-27 14:04:13]  [行6] 解析成功: SHSE.605111 [新洁能] SELL @ 59.47 (VR:0.48)
[2026-08-27 14:04:13]  [行7] 解析成功: SZSE.003031 [中瓷电子] BUY @ 129.93 (VR:0.09)
[2026-08-27 14:04:13]  [行8] 解析成功: SZSE.002643 [万润股份] BUY @ 13.28 (VR:0.27)
[2026-08-27 14:04:13]  [行9] 解析成功: SZSE.002937 [兴瑞科技] BUY @ 31.45 (VR:0.07)
[2026-08-27 14:04:13]  [行10] 解析成功: SZSE.000920 [沃顿科技] SELL @ 11.5 (VR:0.41)
[2026-08-27 14:04:13]  [行11] 解析成功: SZSE.300607 [拓斯达] BUY @ 35.6 (VR:0.31)
[2026-08-27 14:04:13] 成功保存 11 条因子至: signal_batch_20260827_140413_645761.txt
[2026-08-27 14:04:13]  QQ-备用 邮件 4925 处理完成
[2026-08-27 14:04:14]  QQ-备用 正在解析因子: =?utf-8?b?QWxwaGFQaWxvdCDlpIfku73kv6Hlj7cgKGFscGhhX3NpZ25hbF90aHJfMjAyNjA4MjdfMTQwMy5qc29uKSBb5aSHUVEt6Ieq5L+dXQ==?=
[2026-08-27 14:04:14]  发现表格，共 11 行数据
[2026-08-27 14:04:14]  动态索引映射: ['股票代码', '股票名称', '信号', '当前价格', '量比', '来源过滤']
[2026-08-27 14:04:14]  [行1] 解析成功: SHSE.605111 [新洁能] SELL @ 59.52 (VR:0.14)
[2026-08-27 14:04:14]  [行2] 解析成功: SZSE.003031 [中瓷电子] BUY @ 129.91 (VR:0.16)
[2026-08-27 14:04:14]  [行3] 解析成功: SZSE.002937 [兴瑞科技] BUY @ 31.36 (VR:0.37)
[2026-08-27 14:04:14]  [行4] 解析成功: SZSE.000920 [沃顿科技] SELL @ 11.51 (VR:0.84)
[2026-08-27 14:04:14]  [行5] 解析成功: SZSE.300607 [拓斯达] BUY @ 35.57 (VR:1.06)
[2026-08-27 14:04:14]  [行6] 解析成功: SHSE.605111 [新洁能] SELL @ 59.47 (VR:0.48)
[2026-08-27 14:04:14]  [行7] 解析成功: SZSE.003031 [中瓷电子] BUY @ 129.93 (VR:0.09)
[2026-08-27 14:04:14]  [行8] 解析成功: SZSE.002643 [万润股份] BUY @ 13.28 (VR:0.27)
[2026-08-27 14:04:14]  [行9] 解析成功: SZSE.002937 [兴瑞科技] BUY @ 31.45 (VR:0.07)
[2026-08-27 14:04:14]  [行10] 解析成功: SZSE.000920 [沃顿科技] SELL @ 11.5 (VR:0.41)
[2026-08-27 14:04:14]  [行11] 解析成功: SZSE.300607 [拓斯达] BUY @ 35.6 (VR:0.31)
[2026-08-27 14:04:14] 成功保存 11 条因子至: signal_batch_20260827_140414_065016.txt
[2026-08-27 14:04:14]  QQ-备用 邮件 4926 处理完成
[2026-08-27 14:04:14]  QQ-备用 本轮共成功处理 2 封有效信号邮件
[2026-08-27 14:04:49]  正在连接 QQ-主 邮箱服务器 (497720537@qq.com) ...
[2026-08-27 14:04:50]  正在连接 QQ-备用 邮箱服务器 (shouqianbadavid@qq.com) ...
[2026-08-27 14:05:26]  正在连接 QQ-主 邮箱服务器 (497720537@qq.com) ...
[2026-08-27 14:05:28]  正在连接 QQ-备用 邮箱服务器 (shouqianbadavid@qq.com) ...
[2026-08-27 14:06:04]  正在连接 QQ-主 邮箱服务器 (497720537@qq.com) ...
[2026-08-27 14:06:05]  正在连接 QQ-备用 邮箱服务器 (shouqianbadavid@qq.com) ...
[2026-08-27 14:06:41]  正在连接 QQ-主 邮箱服务器 (497720537@qq.com) ...
[2026-08-27 14:06:42]  正在连接 QQ-备用 邮箱服务器 (shouqianbadavid@qq.com) ...
[2026-08-27 14:07:19]  正在连接 QQ-主 邮箱服务器 (497720537@qq.com) ...
[2026-08-27 14:07:20]  正在连接 QQ-备用 邮箱服务器 (shouqianbadavid@qq.com) ...
[2026-08-27 14:07:56]  正在连接 QQ-主 邮箱服务器 (497720537@qq.com) ...
[2026-08-27 14:07:58]  正在连接 QQ-备用 邮箱服务器 (shouqianbadavid@qq.com) ...
[2026-08-27 14:08:34]  正在连接 QQ-主 邮箱服务器 (497720537@qq.com) ...
[2026-08-27 14:08:35]  正在连接 QQ-备用 邮箱服务器 (shouqianbadavid@qq.com) ...
[2026-08-27 14:09:11]  正在连接 QQ-主 邮箱服务器 (497720537@qq.com) ...
[2026-08-27 14:09:12]  正在连接 QQ-备用 邮箱服务器 (shouqianbadavid@qq.com) ...
[2026-08-27 14:09:14]  QQ-备用 正在解析因子: =?utf-8?b?QWxwaGFQaWxvdCDlpIfku73kv6Hlj7cgKGFscGhhX3NpZ25hbF90aHJfMjAyNjA4MjdfMTQwNy5qc29uKSBb5aSHUVEt6Ieq5L+dXQ==?=
[2026-08-27 14:09:14]  发现表格，共 15 行数据
[2026-08-27 14:09:14]  动态索引映射: ['股票代码', '股票名称', '信号', '当前价格', '量比', '来源过滤']
[2026-08-27 14:09:14]  [行1] 解析成功: SHSE.688019 [安集科技] SELL @ 245.46 (VR:0.13)
[2026-08-27 14:09:14]  [行2] 解析成功: SHSE.688261 [东微半导] BUY @ 73.69 (VR:0.27)
[2026-08-27 14:09:14]  [行3] 解析成功: SHSE.688199 [久日新材] BUY @ 24.27 (VR:0.07)
[2026-08-27 14:09:14]  [行4] 解析成功: SZSE.300136 [信维通信] BUY @ 61.26 (VR:0.15)
[2026-08-27 14:09:14]  [行5] 解析成功: SZSE.300767 [震安科技] SELL @ 19.39 (VR:0.88)
[2026-08-27 14:09:14]  [行6] 解析成功: SZSE.002456 [欧菲光] BUY @ 7.52 (VR:1.37)
[2026-08-27 14:09:14]  [行7] 解析成功: SZSE.002635 [安洁科技] BUY @ 15.69 (VR:0.14)
[2026-08-27 14:09:14]  [行8] 解析成功: SHSE.688019 [安集科技] SELL @ 245.45 (VR:0.06)
[2026-08-27 14:09:14]  [行9] 解析成功: SHSE.688261 [东微半导] BUY @ 73.8 (VR:0.81)
[2026-08-27 14:09:14]  [行10] 解析成功: SHSE.688199 [久日新材] BUY @ 24.29 (VR:0.45)
[2026-08-27 14:09:14]  [行11] 解析成功: SZSE.300136 [信维通信] BUY @ 61.27 (VR:0.33)
[2026-08-27 14:09:14]  [行12] 解析成功: SZSE.300821 [东岳硅材] BUY @ 16.38 (VR:0.36)
[2026-08-27 14:09:14]  [行13] 解析成功: SZSE.300236 [上海新阳] BUY @ 90.05 (VR:0.52)
[2026-08-27 14:09:14]  [行14] 解析成功: SZSE.002456 [欧菲光] BUY @ 7.63 (VR:52.58)
[2026-08-27 14:09:14]  [行15] 解析成功: SZSE.002635 [安洁科技] BUY @ 15.7 (VR:0.1)
[2026-08-27 14:09:14] 成功保存 15 条因子至: signal_batch_20260827_140914_201078.txt
[2026-08-27 14:09:14]  QQ-备用 邮件 4927 处理完成
[2026-08-27 14:09:14]  QQ-备用 正在解析因子: =?utf-8?b?QWxwaGFQaWxvdCDlpIfku73kv6Hlj7cgKGFscGhhX3NpZ25hbF90aHJfMjAyNjA4MjdfMTQwNy5qc29uKSBb5aSHUVEt6Ieq5L+dXQ==?=
[2026-08-27 14:09:14]  发现表格，共 15 行数据
[2026-08-27 14:09:14]  动态索引映射: ['股票代码', '股票名称', '信号', '当前价格', '量比', '来源过滤']
[2026-08-27 14:09:14]  [行1] 解析成功: SHSE.688019 [安集科技] SELL @ 245.46 (VR:0.13)
[2026-08-27 14:09:14]  [行2] 解析成功: SHSE.688261 [东微半导] BUY @ 73.69 (VR:0.27)
[2026-08-27 14:09:14]  [行3] 解析成功: SHSE.688199 [久日新材] BUY @ 24.27 (VR:0.07)
[2026-08-27 14:09:14]  [行4] 解析成功: SZSE.300136 [信维通信] BUY @ 61.26 (VR:0.15)
[2026-08-27 14:09:14]  [行5] 解析成功: SZSE.300767 [震安科技] SELL @ 19.39 (VR:0.88)
[2026-08-27 14:09:14]  [行6] 解析成功: SZSE.002456 [欧菲光] BUY @ 7.52 (VR:1.37)
[2026-08-27 14:09:14]  [行7] 解析成功: SZSE.002635 [安洁科技] BUY @ 15.69 (VR:0.14)
[2026-08-27 14:09:14]  [行8] 解析成功: SHSE.688019 [安集科技] SELL @ 245.45 (VR:0.06)
[2026-08-27 14:09:14]  [行9] 解析成功: SHSE.688261 [东微半导] BUY @ 73.8 (VR:0.81)
[2026-08-27 14:09:14]  [行10] 解析成功: SHSE.688199 [久日新材] BUY @ 24.29 (VR:0.45)
[2026-08-27 14:09:14]  [行11] 解析成功: SZSE.300136 [信维通信] BUY @ 61.27 (VR:0.33)
[2026-08-27 14:09:14]  [行12] 解析成功: SZSE.300821 [东岳硅材] BUY @ 16.38 (VR:0.36)
[2026-08-27 14:09:14]  [行13] 解析成功: SZSE.300236 [上海新阳] BUY @ 90.05 (VR:0.52)
[2026-08-27 14:09:14]  [行14] 解析成功: SZSE.002456 [欧菲光] BUY @ 7.63 (VR:52.58)
[2026-08-27 14:09:14]  [行15] 解析成功: SZSE.002635 [安洁科技] BUY @ 15.7 (VR:0.1)
[2026-08-27 14:09:14] 本批信号内容已存在（哈希重复），跳过保存（防双邮箱重复）
[2026-08-27 14:09:14]  QQ-备用 邮件 4928 保存因子失败
[2026-08-27 14:09:14]  QQ-备用 本轮共成功处理 1 封有效信号邮件
[2026-08-27 14:09:49]  正在连接 QQ-主 邮箱服务器 (497720537@qq.com) ...
[2026-08-27 14:09:50]  正在连接 QQ-备用 邮箱服务器 (shouqianbadavid@qq.com) ...
[2026-08-27 14:09:52]  QQ-备用 正在解析因子: =?utf-8?b?QWxwaGFQaWxvdCDlpIfku73kv6Hlj7cgKGFscGhhX3NpZ25hbF90aHJfMjAyNjA4MjdfMTQwNy5qc29uKSBb5aSHUVEt6Ieq5L+dXQ==?=
[2026-08-27 14:09:52]  发现表格，共 15 行数据
[2026-08-27 14:09:52]  动态索引映射: ['股票代码', '股票名称', '信号', '当前价格', '量比', '来源过滤']
[2026-08-27 14:09:52]  [行1] 解析成功: SHSE.688019 [安集科技] SELL @ 245.46 (VR:0.13)
[2026-08-27 14:09:52]  [行2] 解析成功: SHSE.688261 [东微半导] BUY @ 73.69 (VR:0.27)
[2026-08-27 14:09:52]  [行3] 解析成功: SHSE.688199 [久日新材] BUY @ 24.27 (VR:0.07)
[2026-08-27 14:09:52]  [行4] 解析成功: SZSE.300136 [信维通信] BUY @ 61.26 (VR:0.15)
[2026-08-27 14:09:52]  [行5] 解析成功: SZSE.300767 [震安科技] SELL @ 19.39 (VR:0.88)
[2026-08-27 14:09:52]  [行6] 解析成功: SZSE.002456 [欧菲光] BUY @ 7.52 (VR:1.37)
[2026-08-27 14:09:52]  [行7] 解析成功: SZSE.002635 [安洁科技] BUY @ 15.69 (VR:0.14)
[2026-08-27 14:09:52]  [行8] 解析成功: SHSE.688019 [安集科技] SELL @ 245.45 (VR:0.06)
[2026-08-27 14:09:52]  [行9] 解析成功: SHSE.688261 [东微半导] BUY @ 73.8 (VR:0.81)
[2026-08-27 14:09:52]  [行10] 解析成功: SHSE.688199 [久日新材] BUY @ 24.29 (VR:0.45)
[2026-08-27 14:09:52]  [行11] 解析成功: SZSE.300136 [信维通信] BUY @ 61.27 (VR:0.33)
[2026-08-27 14:09:52]  [行12] 解析成功: SZSE.300821 [东岳硅材] BUY @ 16.38 (VR:0.36)
[2026-08-27 14:09:52]  [行13] 解析成功: SZSE.300236 [上海新阳] BUY @ 90.05 (VR:0.52)
[2026-08-27 14:09:52]  [行14] 解析成功: SZSE.002456 [欧菲光] BUY @ 7.63 (VR:52.58)
[2026-08-27 14:09:52]  [行15] 解析成功: SZSE.002635 [安洁科技] BUY @ 15.7 (VR:0.1)
[2026-08-27 14:09:52] 成功保存 15 条因子至: signal_batch_20260827_140952_058214.txt
[2026-08-27 14:09:52]  QQ-备用 邮件 4928 处理完成
[2026-08-27 14:09:52]  QQ-备用 本轮共成功处理 1 封有效信号邮件
[2026-08-27 14:10:27]  正在连接 QQ-主 邮箱服务器 (497720537@qq.com) ...
[2026-08-27 14:10:28]  正在连接 QQ-备用 邮箱服务器 (shouqianbadavid@qq.com) ...
[2026-08-27 14:11:04]  正在连接 QQ-主 邮箱服务器 (497720537@qq.com) ...
[2026-08-27 14:11:05]  正在连接 QQ-备用 邮箱服务器 (shouqianbadavid@qq.com) ...
[2026-08-27 14:11:41]  正在连接 QQ-主 邮箱服务器 (497720537@qq.com) ...
[2026-08-27 14:11:42]  QQ-主 正在解析因子: =?utf-8?b?QWxwaGFQaWxvdCDlrp7ml7bkv6Hlj7cgKGFscGhhX3NpZ25hbF90aHJfMjAyNjA4MjdfMTQxMS5qc29uKSBb5Li7UVEt5a+55aSWXQ==?=
[2026-08-27 14:11:42]  发现表格，共 13 行数据
[2026-08-27 14:11:42]  动态索引映射: ['股票代码', '股票名称', '信号', '当前价格', '量比', '来源过滤']
[2026-08-27 14:11:42]  [行1] 解析成功: SHSE.688286 [敏芯股份] BUY @ 47.54 (VR:1.81)
[2026-08-27 14:11:42]  [行2] 解析成功: SHSE.688216 [气派科技] BUY @ 30.7 (VR:0.47)
[2026-08-27 14:11:42]  [行3] 解析成功: SHSE.688249 [晶合集成] BUY @ 40.33 (VR:0.01)
[2026-08-27 14:11:42]  [行4] 解析成功: SZSE.301392 [汇成真空] SELL @ 179.19 (VR:1.65)
[2026-08-27 14:11:42]  [行5] 解析成功: SZSE.300214 [日科化学] SELL @ 12.0 (VR:0.35)
[2026-08-27 14:11:42]  [行6] 解析成功: SZSE.300780 [德恩精工] SELL @ 20.05 (VR:0.95)
[2026-08-27 14:11:42]  [行7] 解析成功: SHSE.688286 [敏芯股份] BUY @ 47.57 (VR:1.68)
[2026-08-27 14:11:42]  [行8] 解析成功: SHSE.688216 [气派科技] BUY @ 30.73 (VR:0.33)
[2026-08-27 14:11:42]  [行9] 解析成功: SHSE.688249 [晶合集成] BUY @ 40.35 (VR:0.16)
[2026-08-27 14:11:42]  [行10] 解析成功: SZSE.301252 [同星科技] SELL @ 35.79 (VR:0.22)
[2026-08-27 14:11:42]  [行11] 解析成功: SZSE.301392 [汇成真空] SELL @ 178.94 (VR:0.08)
[2026-08-27 14:11:42]  [行12] 解析成功: SZSE.300214 [日科化学] SELL @ 12.0 (VR:0.19)
[2026-08-27 14:11:42]  [行13] 解析成功: SZSE.300780 [德恩精工] SELL @ 20.02 (VR:1.07)
[2026-08-27 14:11:42] 成功保存 13 条因子至: signal_batch_20260827_141142_932610.txt
[2026-08-27 14:11:43]  QQ-主 邮件 1940 处理完成
[2026-08-27 14:11:43]  QQ-主 正在解析因子: =?utf-8?b?QWxwaGFQaWxvdCDlrp7ml7bkv6Hlj7cgKGFscGhhX3NpZ25hbF90aHJfMjAyNjA4MjdfMTQxMS5qc29uKSBb5Li7UVEt5a+55aSWXQ==?=
[2026-08-27 14:11:43]  发现表格，共 13 行数据
[2026-08-27 14:11:43]  动态索引映射: ['股票代码', '股票名称', '信号', '当前价格', '量比', '来源过滤']
[2026-08-27 14:11:43]  [行1] 解析成功: SHSE.688286 [敏芯股份] BUY @ 47.54 (VR:1.81)
[2026-08-27 14:11:43]  [行2] 解析成功: SHSE.688216 [气派科技] BUY @ 30.7 (VR:0.47)
[2026-08-27 14:11:43]  [行3] 解析成功: SHSE.688249 [晶合集成] BUY @ 40.33 (VR:0.01)
[2026-08-27 14:11:43]  [行4] 解析成功: SZSE.301392 [汇成真空] SELL @ 179.19 (VR:1.65)
[2026-08-27 14:11:43]  [行5] 解析成功: SZSE.300214 [日科化学] SELL @ 12.0 (VR:0.35)
[2026-08-27 14:11:43]  [行6] 解析成功: SZSE.300780 [德恩精工] SELL @ 20.05 (VR:0.95)
[2026-08-27 14:11:43]  [行7] 解析成功: SHSE.688286 [敏芯股份] BUY @ 47.57 (VR:1.68)
[2026-08-27 14:11:43]  [行8] 解析成功: SHSE.688216 [气派科技] BUY @ 30.73 (VR:0.33)
[2026-08-27 14:11:43]  [行9] 解析成功: SHSE.688249 [晶合集成] BUY @ 40.35 (VR:0.16)
[2026-08-27 14:11:43]  [行10] 解析成功: SZSE.301252 [同星科技] SELL @ 35.79 (VR:0.22)
[2026-08-27 14:11:43]  [行11] 解析成功: SZSE.301392 [汇成真空] SELL @ 178.94 (VR:0.08)
[2026-08-27 14:11:43]  [行12] 解析成功: SZSE.300214 [日科化学] SELL @ 12.0 (VR:0.19)
[2026-08-27 14:11:43]  [行13] 解析成功: SZSE.300780 [德恩精工] SELL @ 20.02 (VR:1.07)
[2026-08-27 14:11:43] 成功保存 13 条因子至: signal_batch_20260827_141143_206740.txt
[2026-08-27 14:11:43]  QQ-主 邮件 1941 处理完成
[2026-08-27 14:11:43]  QQ-主 本轮共成功处理 2 封有效信号邮件
[2026-08-27 14:11:43]  正在连接 QQ-备用 邮箱服务器 (shouqianbadavid@qq.com) ...
[2026-08-27 14:11:44]  QQ-备用 正在解析因子: =?utf-8?b?QWxwaGFQaWxvdCDlpIfku73kv6Hlj7cgKGFscGhhX3NpZ25hbF90aHJfMjAyNjA4MjdfMTQxMS5qc29uKSBb5aSHUVEt6Ieq5L+dXQ==?=
[2026-08-27 14:11:44]  发现表格，共 13 行数据
[2026-08-27 14:11:44]  动态索引映射: ['股票代码', '股票名称', '信号', '当前价格', '量比', '来源过滤']
[2026-08-27 14:11:44]  [行1] 解析成功: SHSE.688286 [敏芯股份] BUY @ 47.54 (VR:1.81)
[2026-08-27 14:11:44]  [行2] 解析成功: SHSE.688216 [气派科技] BUY @ 30.7 (VR:0.47)
[2026-08-27 14:11:44]  [行3] 解析成功: SHSE.688249 [晶合集成] BUY @ 40.33 (VR:0.01)
[2026-08-27 14:11:44]  [行4] 解析成功: SZSE.301392 [汇成真空] SELL @ 179.19 (VR:1.65)
[2026-08-27 14:11:44]  [行5] 解析成功: SZSE.300214 [日科化学] SELL @ 12.0 (VR:0.35)
[2026-08-27 14:11:44]  [行6] 解析成功: SZSE.300780 [德恩精工] SELL @ 20.05 (VR:0.95)
[2026-08-27 14:11:44]  [行7] 解析成功: SHSE.688286 [敏芯股份] BUY @ 47.57 (VR:1.68)
[2026-08-27 14:11:44]  [行8] 解析成功: SHSE.688216 [气派科技] BUY @ 30.73 (VR:0.33)
[2026-08-27 14:11:44]  [行9] 解析成功: SHSE.688249 [晶合集成] BUY @ 40.35 (VR:0.16)
[2026-08-27 14:11:44]  [行10] 解析成功: SZSE.301252 [同星科技] SELL @ 35.79 (VR:0.22)
[2026-08-27 14:11:44]  [行11] 解析成功: SZSE.301392 [汇成真空] SELL @ 178.94 (VR:0.08)
[2026-08-27 14:11:44]  [行12] 解析成功: SZSE.300214 [日科化学] SELL @ 12.0 (VR:0.19)
[2026-08-27 14:11:44]  [行13] 解析成功: SZSE.300780 [德恩精工] SELL @ 20.02 (VR:1.07)
[2026-08-27 14:11:44] 成功保存 13 条因子至: signal_batch_20260827_141144_689348.txt
[2026-08-27 14:11:45]  QQ-备用 邮件 4929 处理完成
[2026-08-27 14:11:45]  QQ-备用 正在解析因子: =?utf-8?b?QWxwaGFQaWxvdCDlpIfku73kv6Hlj7cgKGFscGhhX3NpZ25hbF90aHJfMjAyNjA4MjdfMTQxMS5qc29uKSBb5aSHUVEt6Ieq5L+dXQ==?=
[2026-08-27 14:11:45]  发现表格，共 13 行数据
[2026-08-27 14:11:45]  动态索引映射: ['股票代码', '股票名称', '信号', '当前价格', '量比', '来源过滤']
[2026-08-27 14:11:45]  [行1] 解析成功: SHSE.688286 [敏芯股份] BUY @ 47.54 (VR:1.81)
[2026-08-27 14:11:45]  [行2] 解析成功: SHSE.688216 [气派科技] BUY @ 30.7 (VR:0.47)
[2026-08-27 14:11:45]  [行3] 解析成功: SHSE.688249 [晶合集成] BUY @ 40.33 (VR:0.01)
[2026-08-27 14:11:45]  [行4] 解析成功: SZSE.301392 [汇成真空] SELL @ 179.19 (VR:1.65)
[2026-08-27 14:11:45]  [行5] 解析成功: SZSE.300214 [日科化学] SELL @ 12.0 (VR:0.35)
[2026-08-27 14:11:45]  [行6] 解析成功: SZSE.300780 [德恩精工] SELL @ 20.05 (VR:0.95)
[2026-08-27 14:11:45]  [行7] 解析成功: SHSE.688286 [敏芯股份] BUY @ 47.57 (VR:1.68)
[2026-08-27 14:11:45]  [行8] 解析成功: SHSE.688216 [气派科技] BUY @ 30.73 (VR:0.33)
[2026-08-27 14:11:45]  [行9] 解析成功: SHSE.688249 [晶合集成] BUY @ 40.35 (VR:0.16)
[2026-08-27 14:11:45]  [行10] 解析成功: SZSE.301252 [同星科技] SELL @ 35.79 (VR:0.22)
[2026-08-27 14:11:45]  [行11] 解析成功: SZSE.301392 [汇成真空] SELL @ 178.94 (VR:0.08)
[2026-08-27 14:11:45]  [行12] 解析成功: SZSE.300214 [日科化学] SELL @ 12.0 (VR:0.19)
[2026-08-27 14:11:45]  [行13] 解析成功: SZSE.300780 [德恩精工] SELL @ 20.02 (VR:1.07)
[2026-08-27 14:11:45] 成功保存 13 条因子至: signal_batch_20260827_141145_324930.txt
[2026-08-27 14:11:45]  QQ-备用 邮件 4930 处理完成
[2026-08-27 14:11:45]  QQ-备用 本轮共成功处理 2 封有效信号邮件
[2026-08-27 14:12:20]  正在连接 QQ-主 邮箱服务器 (497720537@qq.com) ...
[2026-08-27 14:12:21]  正在连接 QQ-备用 邮箱服务器 (shouqianbadavid@qq.com) ...
[2026-08-27 14:12:57]  正在连接 QQ-主 邮箱服务器 (497720537@qq.com) ...
[2026-08-27 14:12:59]  正在连接 QQ-备用 邮箱服务器 (shouqianbadavid@qq.com) ...
[2026-08-27 14:13:35]  正在连接 QQ-主 邮箱服务器 (497720537@qq.com) ...
[2026-08-27 14:13:36]  正在连接 QQ-备用 邮箱服务器 (shouqianbadavid@qq.com) ...
[2026-08-27 14:14:13]  正在连接 QQ-主 邮箱服务器 (497720537@qq.com) ...
[2026-08-27 14:14:14]  正在连接 QQ-备用 邮箱服务器 (shouqianbadavid@qq.com) ...
[2026-08-27 14:14:50]  正在连接 QQ-主 邮箱服务器 (497720537@qq.com) ...
[2026-08-27 14:14:51]  QQ-主 正在解析因子: =?utf-8?b?QWxwaGFQaWxvdCDlrp7ml7bkv6Hlj7cgKGFscGhhX3NpZ25hbF90aHJfMjAyNjA4MjdfMTQxNC5qc29uKSBb5Li7UVEt5a+55aSWXQ==?=
[2026-08-27 14:14:51]  发现表格，共 16 行数据
[2026-08-27 14:14:51]  动态索引映射: ['股票代码', '股票名称', '信号', '当前价格', '量比', '来源过滤']
[2026-08-27 14:14:51]  [行1] 解析成功: SHSE.688110 [东芯股份] BUY @ 117.52 (VR:1.02)
[2026-08-27 14:14:51]  [行2] 解析成功: SHSE.688002 [睿创微纳] SELL @ 160.74 (VR:2.14)
[2026-08-27 14:14:51]  [行3] 解析成功: SHSE.688227 [品高股份] BUY @ 71.18 (VR:1.01)
[2026-08-27 14:14:51]  [行4] 解析成功: SZSE.300852 [四会富仕] BUY @ 46.13 (VR:0.05)
[2026-08-27 14:14:51]  [行5] 解析成功: SZSE.301045 [天禄科技] SELL @ 68.31 (VR:0.14)
[2026-08-27 14:14:51]  [行6] 解析成功: SZSE.300806 [斯迪克] BUY @ 50.72 (VR:0.1)
[2026-08-27 14:14:51]  [行7] 解析成功: SZSE.300679 [电连技术] BUY @ 52.2 (VR:0.79)
[2026-08-27 14:14:51]  [行8] 解析成功: SZSE.301013 [利和兴] BUY @ 39.95 (VR:0.66)
[2026-08-27 14:14:51]  [行9] 解析成功: SHSE.688110 [东芯股份] BUY @ 117.58 (VR:0.1)
[2026-08-27 14:14:51]  [行10] 解析成功: SHSE.688002 [睿创微纳] SELL @ 160.67 (VR:1.5)
[2026-08-27 14:14:51]  [行11] 解析成功: SHSE.688227 [品高股份] BUY @ 71.32 (VR:0.33)
[2026-08-27 14:14:51]  [行12] 解析成功: SZSE.300852 [四会富仕] BUY @ 46.15 (VR:0.39)
[2026-08-27 14:14:51]  [行13] 解析成功: SZSE.301045 [天禄科技] SELL @ 68.22 (VR:1.09)
[2026-08-27 14:14:51]  [行14] 解析成功: SZSE.300806 [斯迪克] BUY @ 50.76 (VR:0.72)
[2026-08-27 14:14:51]  [行15] 解析成功: SZSE.300679 [电连技术] BUY @ 52.24 (VR:0.4)
[2026-08-27 14:14:51]  [行16] 解析成功: SZSE.301013 [利和兴] BUY @ 40.0 (VR:0.82)
[2026-08-27 14:14:51] 成功保存 16 条因子至: signal_batch_20260827_141451_821283.txt
[2026-08-27 14:14:52]  QQ-主 邮件 1942 处理完成
[2026-08-27 14:14:52]  QQ-主 正在解析因子: =?utf-8?b?QWxwaGFQaWxvdCDlrp7ml7bkv6Hlj7cgKGFscGhhX3NpZ25hbF90aHJfMjAyNjA4MjdfMTQxNC5qc29uKSBb5Li7UVEt5a+55aSWXQ==?=
[2026-08-27 14:14:52]  发现表格，共 16 行数据
[2026-08-27 14:14:52]  动态索引映射: ['股票代码', '股票名称', '信号', '当前价格', '量比', '来源过滤']
[2026-08-27 14:14:52]  [行1] 解析成功: SHSE.688110 [东芯股份] BUY @ 117.52 (VR:1.02)
[2026-08-27 14:14:52]  [行2] 解析成功: SHSE.688002 [睿创微纳] SELL @ 160.74 (VR:2.14)
[2026-08-27 14:14:52]  [行3] 解析成功: SHSE.688227 [品高股份] BUY @ 71.18 (VR:1.01)
[2026-08-27 14:14:52]  [行4] 解析成功: SZSE.300852 [四会富仕] BUY @ 46.13 (VR:0.05)
[2026-08-27 14:14:52]  [行5] 解析成功: SZSE.301045 [天禄科技] SELL @ 68.31 (VR:0.14)
[2026-08-27 14:14:52]  [行6] 解析成功: SZSE.300806 [斯迪克] BUY @ 50.72 (VR:0.1)
[2026-08-27 14:14:52]  [行7] 解析成功: SZSE.300679 [电连技术] BUY @ 52.2 (VR:0.79)
[2026-08-27 14:14:52]  [行8] 解析成功: SZSE.301013 [利和兴] BUY @ 39.95 (VR:0.66)
[2026-08-27 14:14:52]  [行9] 解析成功: SHSE.688110 [东芯股份] BUY @ 117.58 (VR:0.1)
[2026-08-27 14:14:52]  [行10] 解析成功: SHSE.688002 [睿创微纳] SELL @ 160.67 (VR:1.5)
[2026-08-27 14:14:52]  [行11] 解析成功: SHSE.688227 [品高股份] BUY @ 71.32 (VR:0.33)
[2026-08-27 14:14:52]  [行12] 解析成功: SZSE.300852 [四会富仕] BUY @ 46.15 (VR:0.39)
[2026-08-27 14:14:52]  [行13] 解析成功: SZSE.301045 [天禄科技] SELL @ 68.22 (VR:1.09)
[2026-08-27 14:14:52]  [行14] 解析成功: SZSE.300806 [斯迪克] BUY @ 50.76 (VR:0.72)
[2026-08-27 14:14:52]  [行15] 解析成功: SZSE.300679 [电连技术] BUY @ 52.24 (VR:0.4)
[2026-08-27 14:14:52]  [行16] 解析成功: SZSE.301013 [利和兴] BUY @ 40.0 (VR:0.82)
[2026-08-27 14:14:52] 成功保存 16 条因子至: signal_batch_20260827_141452_219377.txt
[2026-08-27 14:14:52]  QQ-主 邮件 1943 处理完成
[2026-08-27 14:14:52]  QQ-主 本轮共成功处理 2 封有效信号邮件
[2026-08-27 14:14:52]  正在连接 QQ-备用 邮箱服务器 (shouqianbadavid@qq.com) ...
[2026-08-27 14:15:28]  正在连接 QQ-主 邮箱服务器 (497720537@qq.com) ...
[2026-08-27 14:15:29]  正在连接 QQ-备用 邮箱服务器 (shouqianbadavid@qq.com) ...
[2026-08-27 14:16:05]  正在连接 QQ-主 邮箱服务器 (497720537@qq.com) ...
[2026-08-27 14:16:07]  正在连接 QQ-备用 邮箱服务器 (shouqianbadavid@qq.com) ...
[2026-08-27 14:16:43]  正在连接 QQ-主 邮箱服务器 (497720537@qq.com) ...
[2026-08-27 14:16:44]  正在连接 QQ-备用 邮箱服务器 (shouqianbadavid@qq.com) ...
[2026-08-27 14:16:46]  QQ-备用 正在解析因子: =?utf-8?b?QWxwaGFQaWxvdCDlpIfku73kv6Hlj7cgKGFscGhhX3NpZ25hbF90aHJfMjAyNjA4MjdfMTQxNC5qc29uKSBb5aSHUVEt6Ieq5L+dXQ==?=
[2026-08-27 14:16:46]  发现表格，共 16 行数据
[2026-08-27 14:16:46]  动态索引映射: ['股票代码', '股票名称', '信号', '当前价格', '量比', '来源过滤']
[2026-08-27 14:16:46]  [行1] 解析成功: SHSE.688110 [东芯股份] BUY @ 117.52 (VR:1.02)
[2026-08-27 14:16:46]  [行2] 解析成功: SHSE.688002 [睿创微纳] SELL @ 160.74 (VR:2.14)
[2026-08-27 14:16:46]  [行3] 解析成功: SHSE.688227 [品高股份] BUY @ 71.18 (VR:1.01)
[2026-08-27 14:16:46]  [行4] 解析成功: SZSE.300852 [四会富仕] BUY @ 46.13 (VR:0.05)
[2026-08-27 14:16:46]  [行5] 解析成功: SZSE.301045 [天禄科技] SELL @ 68.31 (VR:0.14)
[2026-08-27 14:16:46]  [行6] 解析成功: SZSE.300806 [斯迪克] BUY @ 50.72 (VR:0.1)
[2026-08-27 14:16:46]  [行7] 解析成功: SZSE.300679 [电连技术] BUY @ 52.2 (VR:0.79)
[2026-08-27 14:16:46]  [行8] 解析成功: SZSE.301013 [利和兴] BUY @ 39.95 (VR:0.66)
[2026-08-27 14:16:46]  [行9] 解析成功: SHSE.688110 [东芯股份] BUY @ 117.58 (VR:0.1)
[2026-08-27 14:16:46]  [行10] 解析成功: SHSE.688002 [睿创微纳] SELL @ 160.67 (VR:1.5)
[2026-08-27 14:16:46]  [行11] 解析成功: SHSE.688227 [品高股份] BUY @ 71.32 (VR:0.33)
[2026-08-27 14:16:46]  [行12] 解析成功: SZSE.300852 [四会富仕] BUY @ 46.15 (VR:0.39)
[2026-08-27 14:16:46]  [行13] 解析成功: SZSE.301045 [天禄科技] SELL @ 68.22 (VR:1.09)
[2026-08-27 14:16:46]  [行14] 解析成功: SZSE.300806 [斯迪克] BUY @ 50.76 (VR:0.72)
[2026-08-27 14:16:46]  [行15] 解析成功: SZSE.300679 [电连技术] BUY @ 52.24 (VR:0.4)
[2026-08-27 14:16:46]  [行16] 解析成功: SZSE.301013 [利和兴] BUY @ 40.0 (VR:0.82)
[2026-08-27 14:16:46] 成功保存 16 条因子至: signal_batch_20260827_141646_394560.txt
[2026-08-27 14:16:46]  QQ-备用 邮件 4931 处理完成
[2026-08-27 14:16:46]  QQ-备用 正在解析因子: =?utf-8?b?QWxwaGFQaWxvdCDlpIfku73kv6Hlj7cgKGFscGhhX3NpZ25hbF90aHJfMjAyNjA4MjdfMTQxNC5qc29uKSBb5aSHUVEt6Ieq5L+dXQ==?=
[2026-08-27 14:16:46]  发现表格，共 16 行数据
[2026-08-27 14:16:46]  动态索引映射: ['股票代码', '股票名称', '信号', '当前价格', '量比', '来源过滤']
[2026-08-27 14:16:46]  [行1] 解析成功: SHSE.688110 [东芯股份] BUY @ 117.52 (VR:1.02)
[2026-08-27 14:16:46]  [行2] 解析成功: SHSE.688002 [睿创微纳] SELL @ 160.74 (VR:2.14)
[2026-08-27 14:16:46]  [行3] 解析成功: SHSE.688227 [品高股份] BUY @ 71.18 (VR:1.01)
[2026-08-27 14:16:46]  [行4] 解析成功: SZSE.300852 [四会富仕] BUY @ 46.13 (VR:0.05)
[2026-08-27 14:16:46]  [行5] 解析成功: SZSE.301045 [天禄科技] SELL @ 68.31 (VR:0.14)
[2026-08-27 14:16:46]  [行6] 解析成功: SZSE.300806 [斯迪克] BUY @ 50.72 (VR:0.1)
[2026-08-27 14:16:46]  [行7] 解析成功: SZSE.300679 [电连技术] BUY @ 52.2 (VR:0.79)
[2026-08-27 14:16:46]  [行8] 解析成功: SZSE.301013 [利和兴] BUY @ 39.95 (VR:0.66)
[2026-08-27 14:16:46]  [行9] 解析成功: SHSE.688110 [东芯股份] BUY @ 117.58 (VR:0.1)
[2026-08-27 14:16:46]  [行10] 解析成功: SHSE.688002 [睿创微纳] SELL @ 160.67 (VR:1.5)
[2026-08-27 14:16:46]  [行11] 解析成功: SHSE.688227 [品高股份] BUY @ 71.32 (VR:0.33)
[2026-08-27 14:16:46]  [行12] 解析成功: SZSE.300852 [四会富仕] BUY @ 46.15 (VR:0.39)
[2026-08-27 14:16:46]  [行13] 解析成功: SZSE.301045 [天禄科技] SELL @ 68.22 (VR:1.09)
[2026-08-27 14:16:46]  [行14] 解析成功: SZSE.300806 [斯迪克] BUY @ 50.76 (VR:0.72)
[2026-08-27 14:16:46]  [行15] 解析成功: SZSE.300679 [电连技术] BUY @ 52.24 (VR:0.4)
[2026-08-27 14:16:46]  [行16] 解析成功: SZSE.301013 [利和兴] BUY @ 40.0 (VR:0.82)
[2026-08-27 14:16:46] 本批信号内容已存在（哈希重复），跳过保存（防双邮箱重复）
[2026-08-27 14:16:46]  QQ-备用 邮件 4932 保存因子失败
[2026-08-27 14:16:46]  QQ-备用 本轮共成功处理 1 封有效信号邮件
[2026-08-27 14:17:21]  正在连接 QQ-主 邮箱服务器 (497720537@qq.com) ...
[2026-08-27 14:17:23]  正在连接 QQ-备用 邮箱服务器 (shouqianbadavid@qq.com) ...
[2026-08-27 14:17:24]  QQ-备用 正在解析因子: =?utf-8?b?QWxwaGFQaWxvdCDlpIfku73kv6Hlj7cgKGFscGhhX3NpZ25hbF90aHJfMjAyNjA4MjdfMTQxNC5qc29uKSBb5aSHUVEt6Ieq5L+dXQ==?=
[2026-08-27 14:17:24]  发现表格，共 16 行数据
[2026-08-27 14:17:24]  动态索引映射: ['股票代码', '股票名称', '信号', '当前价格', '量比', '来源过滤']
[2026-08-27 14:17:24]  [行1] 解析成功: SHSE.688110 [东芯股份] BUY @ 117.52 (VR:1.02)
[2026-08-27 14:17:24]  [行2] 解析成功: SHSE.688002 [睿创微纳] SELL @ 160.74 (VR:2.14)
[2026-08-27 14:17:24]  [行3] 解析成功: SHSE.688227 [品高股份] BUY @ 71.18 (VR:1.01)
[2026-08-27 14:17:24]  [行4] 解析成功: SZSE.300852 [四会富仕] BUY @ 46.13 (VR:0.05)
[2026-08-27 14:17:24]  [行5] 解析成功: SZSE.301045 [天禄科技] SELL @ 68.31 (VR:0.14)
[2026-08-27 14:17:24]  [行6] 解析成功: SZSE.300806 [斯迪克] BUY @ 50.72 (VR:0.1)
[2026-08-27 14:17:24]  [行7] 解析成功: SZSE.300679 [电连技术] BUY @ 52.2 (VR:0.79)
[2026-08-27 14:17:24]  [行8] 解析成功: SZSE.301013 [利和兴] BUY @ 39.95 (VR:0.66)
[2026-08-27 14:17:24]  [行9] 解析成功: SHSE.688110 [东芯股份] BUY @ 117.58 (VR:0.1)
[2026-08-27 14:17:24]  [行10] 解析成功: SHSE.688002 [睿创微纳] SELL @ 160.67 (VR:1.5)
[2026-08-27 14:17:24]  [行11] 解析成功: SHSE.688227 [品高股份] BUY @ 71.32 (VR:0.33)
[2026-08-27 14:17:24]  [行12] 解析成功: SZSE.300852 [四会富仕] BUY @ 46.15 (VR:0.39)
[2026-08-27 14:17:24]  [行13] 解析成功: SZSE.301045 [天禄科技] SELL @ 68.22 (VR:1.09)
[2026-08-27 14:17:24]  [行14] 解析成功: SZSE.300806 [斯迪克] BUY @ 50.76 (VR:0.72)
[2026-08-27 14:17:24]  [行15] 解析成功: SZSE.300679 [电连技术] BUY @ 52.24 (VR:0.4)
[2026-08-27 14:17:24]  [行16] 解析成功: SZSE.301013 [利和兴] BUY @ 40.0 (VR:0.82)
[2026-08-27 14:17:24] 成功保存 16 条因子至: signal_batch_20260827_141724_364192.txt
[2026-08-27 14:17:24]  QQ-备用 邮件 4932 处理完成
[2026-08-27 14:17:24]  QQ-备用 本轮共成功处理 1 封有效信号邮件
[2026-08-27 14:17:59]  正在连接 QQ-主 邮箱服务器 (497720537@qq.com) ...
[2026-08-27 14:18:00]  正在连接 QQ-备用 邮箱服务器 (shouqianbadavid@qq.com) ...
[2026-08-27 14:18:37]  正在连接 QQ-主 邮箱服务器 (497720537@qq.com) ...
[2026-08-27 14:18:38]  正在连接 QQ-备用 邮箱服务器 (shouqianbadavid@qq.com) ...
[2026-08-27 14:19:14]  正在连接 QQ-主 邮箱服务器 (497720537@qq.com) ...
[2026-08-27 14:19:15]  正在连接 QQ-备用 邮箱服务器 (shouqianbadavid@qq.com) ...
[2026-08-27 14:19:52]  正在连接 QQ-主 邮箱服务器 (497720537@qq.com) ...
[2026-08-27 14:19:53]  正在连接 QQ-备用 邮箱服务器 (shouqianbadavid@qq.com) ...
[2026-08-27 14:20:29]  正在连接 QQ-主 邮箱服务器 (497720537@qq.com) ...
[2026-08-27 14:20:30]  正在连接 QQ-备用 邮箱服务器 (shouqianbadavid@qq.com) ...
[2026-08-27 14:21:06]  正在连接 QQ-主 邮箱服务器 (497720537@qq.com) ...
[2026-08-27 14:21:07]  正在连接 QQ-备用 邮箱服务器 (shouqianbadavid@qq.com) ...
[2026-08-27 14:21:43]  正在连接 QQ-主 邮箱服务器 (497720537@qq.com) ...
[2026-08-27 14:21:45]  正在连接 QQ-备用 邮箱服务器 (shouqianbadavid@qq.com) ...
[2026-08-27 14:22:21]  正在连接 QQ-主 邮箱服务器 (497720537@qq.com) ...
[2026-08-27 14:22:22]  正在连接 QQ-备用 邮箱服务器 (shouqianbadavid@qq.com) ...
[2026-08-27 14:22:58]  正在连接 QQ-主 邮箱服务器 (497720537@qq.com) ...
[2026-08-27 14:22:59]  正在连接 QQ-备用 邮箱服务器 (shouqianbadavid@qq.com) ...
[2026-08-27 14:23:35]  正在连接 QQ-主 邮箱服务器 (497720537@qq.com) ...
[2026-08-27 14:23:36]  正在连接 QQ-备用 邮箱服务器 (shouqianbadavid@qq.com) ...
[2026-08-27 14:24:12]  正在连接 QQ-主 邮箱服务器 (497720537@qq.com) ...
[2026-08-27 14:24:13]  正在连接 QQ-备用 邮箱服务器 (shouqianbadavid@qq.com) ...
[2026-08-27 14:24:50]  正在连接 QQ-主 邮箱服务器 (497720537@qq.com) ...
[2026-08-27 14:24:51]  正在连接 QQ-备用 邮箱服务器 (shouqianbadavid@qq.com) ...
[2026-08-27 14:25:27]  正在连接 QQ-主 邮箱服务器 (497720537@qq.com) ...
[2026-08-27 14:25:28]  正在连接 QQ-备用 邮箱服务器 (shouqianbadavid@qq.com) ...
[2026-08-27 14:26:04]  正在连接 QQ-主 邮箱服务器 (497720537@qq.com) ...
[2026-08-27 14:26:05]  正在连接 QQ-备用 邮箱服务器 (shouqianbadavid@qq.com) ...
[2026-08-27 14:26:41]  正在连接 QQ-主 邮箱服务器 (497720537@qq.com) ...
[2026-08-27 14:26:42]  正在连接 QQ-备用 邮箱服务器 (shouqianbadavid@qq.com) ...
[2026-08-27 14:27:18]  正在连接 QQ-主 邮箱服务器 (497720537@qq.com) ...
[2026-08-27 14:27:19]  正在连接 QQ-备用 邮箱服务器 (shouqianbadavid@qq.com) ...
[2026-08-27 14:27:55]  正在连接 QQ-主 邮箱服务器 (497720537@qq.com) ...
[2026-08-27 14:27:56]  正在连接 QQ-备用 邮箱服务器 (shouqianbadavid@qq.com) ...
[2026-08-27 14:28:33]  正在连接 QQ-主 邮箱服务器 (497720537@qq.com) ...
[2026-08-27 14:28:34]  正在连接 QQ-备用 邮箱服务器 (shouqianbadavid@qq.com) ...
[2026-08-27 14:29:09]  正在连接 QQ-主 邮箱服务器 (497720537@qq.com) ...
[2026-08-27 14:29:10]  正在连接 QQ-备用 邮箱服务器 (shouqianbadavid@qq.com) ...
[2026-08-27 14:29:47]  正在连接 QQ-主 邮箱服务器 (497720537@qq.com) ...
[2026-08-27 14:29:48]  正在连接 QQ-备用 邮箱服务器 (shouqianbadavid@qq.com) ...
[2026-08-27 14:30:24]  正在连接 QQ-主 邮箱服务器 (497720537@qq.com) ...
[2026-08-27 14:30:25]  正在连接 QQ-备用 邮箱服务器 (shouqianbadavid@qq.com) ...
[2026-08-27 14:31:01]  正在连接 QQ-主 邮箱服务器 (497720537@qq.com) ...
[2026-08-27 14:31:02]  正在连接 QQ-备用 邮箱服务器 (shouqianbadavid@qq.com) ...
[2026-08-27 14:31:38]  正在连接 QQ-主 邮箱服务器 (497720537@qq.com) ...
[2026-08-27 14:31:39]  正在连接 QQ-备用 邮箱服务器 (shouqianbadavid@qq.com) ...
[2026-08-27 14:32:15]  正在连接 QQ-主 邮箱服务器 (497720537@qq.com) ...
[2026-08-27 14:32:16]  正在连接 QQ-备用 邮箱服务器 (shouqianbadavid@qq.com) ...
[2026-08-27 14:32:52]  正在连接 QQ-主 邮箱服务器 (497720537@qq.com) ...
[2026-08-27 14:32:54]  正在连接 QQ-备用 邮箱服务器 (shouqianbadavid@qq.com) ...
[2026-08-27 14:33:30]  正在连接 QQ-主 邮箱服务器 (497720537@qq.com) ...
[2026-08-27 14:33:31]  正在连接 QQ-备用 邮箱服务器 (shouqianbadavid@qq.com) ...
[2026-08-27 14:34:07]  正在连接 QQ-主 邮箱服务器 (497720537@qq.com) ...
[2026-08-27 14:34:08]  正在连接 QQ-备用 邮箱服务器 (shouqianbadavid@qq.com) ...
[2026-08-27 14:34:44]  正在连接 QQ-主 邮箱服务器 (497720537@qq.com) ...
[2026-08-27 14:34:45]  正在连接 QQ-备用 邮箱服务器 (shouqianbadavid@qq.com) ...
[2026-08-27 14:35:22]  正在连接 QQ-主 邮箱服务器 (497720537@qq.com) ...
[2026-08-27 14:35:23]  正在连接 QQ-备用 邮箱服务器 (shouqianbadavid@qq.com) ...
[2026-08-27 14:35:59]  正在连接 QQ-主 邮箱服务器 (497720537@qq.com) ...
[2026-08-27 14:35:59]  正在连接 QQ-备用 邮箱服务器 (shouqianbadavid@qq.com) ...
[2026-08-27 14:36:35]  正在连接 QQ-主 邮箱服务器 (497720537@qq.com) ...
[2026-08-27 14:36:36]  正在连接 QQ-备用 邮箱服务器 (shouqianbadavid@qq.com) ...
[2026-08-27 14:37:12]  正在连接 QQ-主 邮箱服务器 (497720537@qq.com) ...
[2026-08-27 14:37:14]  正在连接 QQ-备用 邮箱服务器 (shouqianbadavid@qq.com) ...
[2026-08-27 14:37:50]  正在连接 QQ-主 邮箱服务器 (497720537@qq.com) ...
[2026-08-27 14:37:51]  正在连接 QQ-备用 邮箱服务器 (shouqianbadavid@qq.com) ...
[2026-08-27 14:38:27]  正在连接 QQ-主 邮箱服务器 (497720537@qq.com) ...
[2026-08-27 14:38:29]  正在连接 QQ-备用 邮箱服务器 (shouqianbadavid@qq.com) ...
[2026-08-27 14:39:05]  正在连接 QQ-主 邮箱服务器 (497720537@qq.com) ...
[2026-08-27 14:39:06]  正在连接 QQ-备用 邮箱服务器 (shouqianbadavid@qq.com) ...
[2026-08-27 14:39:41]  正在连接 QQ-主 邮箱服务器 (497720537@qq.com) ...
[2026-08-27 14:39:43]  正在连接 QQ-备用 邮箱服务器 (shouqianbadavid@qq.com) ...
[2026-08-27 14:40:19]  正在连接 QQ-主 邮箱服务器 (497720537@qq.com) ...
[2026-08-27 14:40:20]  正在连接 QQ-备用 邮箱服务器 (shouqianbadavid@qq.com) ...
[2026-08-27 14:40:56]  正在连接 QQ-主 邮箱服务器 (497720537@qq.com) ...
[2026-08-27 14:40:57]  正在连接 QQ-备用 邮箱服务器 (shouqianbadavid@qq.com) ...
[2026-08-27 14:41:34]  正在连接 QQ-主 邮箱服务器 (497720537@qq.com) ...
[2026-08-27 14:41:35]  正在连接 QQ-备用 邮箱服务器 (shouqianbadavid@qq.com) ...
[2026-08-27 14:42:11]  正在连接 QQ-主 邮箱服务器 (497720537@qq.com) ...
[2026-08-27 14:42:12]  正在连接 QQ-备用 邮箱服务器 (shouqianbadavid@qq.com) ...
[2026-08-27 14:42:48]  正在连接 QQ-主 邮箱服务器 (497720537@qq.com) ...
[2026-08-27 14:42:49]  正在连接 QQ-备用 邮箱服务器 (shouqianbadavid@qq.com) ...
[2026-08-27 14:43:25]  正在连接 QQ-主 邮箱服务器 (497720537@qq.com) ...
[2026-08-27 14:43:26]  正在连接 QQ-备用 邮箱服务器 (shouqianbadavid@qq.com) ...
[2026-08-27 14:44:02]  正在连接 QQ-主 邮箱服务器 (497720537@qq.com) ...
[2026-08-27 14:44:04]  正在连接 QQ-备用 邮箱服务器 (shouqianbadavid@qq.com) ...
[2026-08-27 14:44:40]  正在连接 QQ-主 邮箱服务器 (497720537@qq.com) ...
[2026-08-27 14:44:41]  正在连接 QQ-备用 邮箱服务器 (shouqianbadavid@qq.com) ...
[2026-08-27 14:45:18]  正在连接 QQ-主 邮箱服务器 (497720537@qq.com) ...
[2026-08-27 14:45:19]  正在连接 QQ-备用 邮箱服务器 (shouqianbadavid@qq.com) ...
[2026-08-27 14:45:55]  正在连接 QQ-主 邮箱服务器 (497720537@qq.com) ...
[2026-08-27 14:45:56]  正在连接 QQ-备用 邮箱服务器 (shouqianbadavid@qq.com) ...
[2026-08-27 14:46:32]  正在连接 QQ-主 邮箱服务器 (497720537@qq.com) ...
[2026-08-27 14:46:33]  正在连接 QQ-备用 邮箱服务器 (shouqianbadavid@qq.com) ...
[2026-08-27 14:47:09]  正在连接 QQ-主 邮箱服务器 (497720537@qq.com) ...
[2026-08-27 14:47:10]  正在连接 QQ-备用 邮箱服务器 (shouqianbadavid@qq.com) ...
[2026-08-27 14:47:47]  正在连接 QQ-主 邮箱服务器 (497720537@qq.com) ...
[2026-08-27 14:47:48]  正在连接 QQ-备用 邮箱服务器 (shouqianbadavid@qq.com) ...
[2026-08-27 14:48:24]  正在连接 QQ-主 邮箱服务器 (497720537@qq.com) ...
[2026-08-27 14:48:25]  正在连接 QQ-备用 邮箱服务器 (shouqianbadavid@qq.com) ...
[2026-08-27 14:49:01]  正在连接 QQ-主 邮箱服务器 (497720537@qq.com) ...
[2026-08-27 14:49:03]  正在连接 QQ-备用 邮箱服务器 (shouqianbadavid@qq.com) ...
[2026-08-27 14:49:39]  正在连接 QQ-主 邮箱服务器 (497720537@qq.com) ...
[2026-08-27 14:49:41]  正在连接 QQ-备用 邮箱服务器 (shouqianbadavid@qq.com) ...
[2026-08-27 14:50:17]  正在连接 QQ-主 邮箱服务器 (497720537@qq.com) ...
[2026-08-27 14:50:18]  正在连接 QQ-备用 邮箱服务器 (shouqianbadavid@qq.com) ...
[2026-08-27 14:50:54]  正在连接 QQ-主 邮箱服务器 (497720537@qq.com) ...
[2026-08-27 14:50:55]  正在连接 QQ-备用 邮箱服务器 (shouqianbadavid@qq.com) ...
[2026-08-27 14:51:31]  正在连接 QQ-主 邮箱服务器 (497720537@qq.com) ...
[2026-08-27 14:51:32]  正在连接 QQ-备用 邮箱服务器 (shouqianbadavid@qq.com) ...
[2026-08-27 14:52:09]  正在连接 QQ-主 邮箱服务器 (497720537@qq.com) ...
[2026-08-27 14:52:10]  正在连接 QQ-备用 邮箱服务器 (shouqianbadavid@qq.com) ...
[2026-08-27 14:52:46]  正在连接 QQ-主 邮箱服务器 (497720537@qq.com) ...
[2026-08-27 14:52:47]  正在连接 QQ-备用 邮箱服务器 (shouqianbadavid@qq.com) ...
[2026-08-27 14:53:23]  正在连接 QQ-主 邮箱服务器 (497720537@qq.com) ...
[2026-08-27 14:53:25]  正在连接 QQ-备用 邮箱服务器 (shouqianbadavid@qq.com) ...
[2026-08-27 14:54:01]  正在连接 QQ-主 邮箱服务器 (497720537@qq.com) ...
[2026-08-27 14:54:02]  正在连接 QQ-备用 邮箱服务器 (shouqianbadavid@qq.com) ...
[2026-08-27 14:54:38]  正在连接 QQ-主 邮箱服务器 (497720537@qq.com) ...
[2026-08-27 14:54:39]  正在连接 QQ-备用 邮箱服务器 (shouqianbadavid@qq.com) ...
[2026-08-27 14:55:15]  正在连接 QQ-主 邮箱服务器 (497720537@qq.com) ...
[2026-08-27 14:55:16]  正在连接 QQ-备用 邮箱服务器 (shouqianbadavid@qq.com) ...
[2026-08-27 14:55:52]  正在连接 QQ-主 邮箱服务器 (497720537@qq.com) ...
[2026-08-27 14:55:54]  正在连接 QQ-备用 邮箱服务器 (shouqianbadavid@qq.com) ...
[2026-08-27 14:56:30]  正在连接 QQ-主 邮箱服务器 (497720537@qq.com) ...
[2026-08-27 14:56:31]  正在连接 QQ-备用 邮箱服务器 (shouqianbadavid@qq.com) ...
[2026-08-27 14:57:07]  正在连接 QQ-主 邮箱服务器 (497720537@qq.com) ...
[2026-08-27 14:57:08]  正在连接 QQ-备用 邮箱服务器 (shouqianbadavid@qq.com) ...
[2026-08-27 14:57:44]  正在连接 QQ-主 邮箱服务器 (497720537@qq.com) ...
[2026-08-27 14:57:45]  正在连接 QQ-备用 邮箱服务器 (shouqianbadavid@qq.com) ...
[2026-08-27 14:58:22]  正在连接 QQ-主 邮箱服务器 (497720537@qq.com) ...
[2026-08-27 14:58:23]  正在连接 QQ-备用 邮箱服务器 (shouqianbadavid@qq.com) ...
[2026-08-27 14:58:59]  正在连接 QQ-主 邮箱服务器 (497720537@qq.com) ...
[2026-08-27 14:59:00]  正在连接 QQ-备用 邮箱服务器 (shouqianbadavid@qq.com) ...
[2026-08-27 14:59:36]  正在连接 QQ-主 邮箱服务器 (497720537@qq.com) ...
[2026-08-27 14:59:38]  正在连接 QQ-备用 邮箱服务器 (shouqianbadavid@qq.com) ...
[2026-08-27 15:00:14]  正在连接 QQ-主 邮箱服务器 (497720537@qq.com) ...
[2026-08-27 15:00:15]  正在连接 QQ-备用 邮箱服务器 (shouqianbadavid@qq.com) ...
[2026-08-27 15:00:51]  正在连接 QQ-主 邮箱服务器 (497720537@qq.com) ...
[2026-08-27 15:00:52]  正在连接 QQ-备用 邮箱服务器 (shouqianbadavid@qq.com) ...
[2026-08-27 15:01:28]  正在连接 QQ-主 邮箱服务器 (497720537@qq.com) ...
[2026-08-27 15:01:30]  正在连接 QQ-备用 邮箱服务器 (shouqianbadavid@qq.com) ...
[2026-08-27 15:02:06]  正在连接 QQ-主 邮箱服务器 (497720537@qq.com) ...
[2026-08-27 15:02:07]  正在连接 QQ-备用 邮箱服务器 (shouqianbadavid@qq.com) ...
[2026-08-27 15:02:44]  正在连接 QQ-主 邮箱服务器 (497720537@qq.com) ...
[2026-08-27 15:02:45]  正在连接 QQ-备用 邮箱服务器 (shouqianbadavid@qq.com) ...
[2026-08-27 15:03:21]  正在连接 QQ-主 邮箱服务器 (497720537@qq.com) ...
[2026-08-27 15:03:22]  正在连接 QQ-备用 邮箱服务器 (shouqianbadavid@qq.com) ...
[2026-08-27 15:03:57]  正在连接 QQ-主 邮箱服务器 (497720537@qq.com) ...
[2026-08-27 15:03:59]  正在连接 QQ-备用 邮箱服务器 (shouqianbadavid@qq.com) ...
[2026-08-27 15:04:35]  正在连接 QQ-主 邮箱服务器 (497720537@qq.com) ...
[2026-08-27 15:04:36]  正在连接 QQ-备用 邮箱服务器 (shouqianbadavid@qq.com) ...
[2026-08-27 15:05:12]  正在连接 QQ-主 邮箱服务器 (497720537@qq.com) ...
[2026-08-27 15:05:14]  正在连接 QQ-备用 邮箱服务器 (shouqianbadavid@qq.com) ...
[2026-08-27 15:05:50]  正在连接 QQ-主 邮箱服务器 (497720537@qq.com) ...
[2026-08-27 15:05:51]  正在连接 QQ-备用 邮箱服务器 (shouqianbadavid@qq.com) ...
[2026-08-27 15:06:27]  正在连接 QQ-主 邮箱服务器 (497720537@qq.com) ...
[2026-08-27 15:06:28]  正在连接 QQ-备用 邮箱服务器 (shouqianbadavid@qq.com) ...
[2026-08-27 15:07:04]  正在连接 QQ-主 邮箱服务器 (497720537@qq.com) ...
[2026-08-27 15:07:05]  正在连接 QQ-备用 邮箱服务器 (shouqianbadavid@qq.com) ...
[2026-08-27 15:07:42]  正在连接 QQ-主 邮箱服务器 (497720537@qq.com) ...
[2026-08-27 15:07:43]  正在连接 QQ-备用 邮箱服务器 (shouqianbadavid@qq.com) ...
[2026-08-27 15:08:19]  正在连接 QQ-主 邮箱服务器 (497720537@qq.com) ...
[2026-08-27 15:08:20]  正在连接 QQ-备用 邮箱服务器 (shouqianbadavid@qq.com) ...
[2026-08-27 15:08:56]  正在连接 QQ-主 邮箱服务器 (497720537@qq.com) ...
[2026-08-27 15:08:58]  正在连接 QQ-备用 邮箱服务器 (shouqianbadavid@qq.com) ...
[2026-08-27 15:09:34]  正在连接 QQ-主 邮箱服务器 (497720537@qq.com) ...
[2026-08-27 15:09:35]  正在连接 QQ-备用 邮箱服务器 (shouqianbadavid@qq.com) ...
[2026-08-27 15:10:11]  正在连接 QQ-主 邮箱服务器 (497720537@qq.com) ...
[2026-08-27 15:10:12]  正在连接 QQ-备用 邮箱服务器 (shouqianbadavid@qq.com) ...
[2026-08-27 15:10:48]  正在连接 QQ-主 邮箱服务器 (497720537@qq.com) ...
[2026-08-27 15:10:50]  正在连接 QQ-备用 邮箱服务器 (shouqianbadavid@qq.com) ...
[2026-08-27 15:11:26]  正在连接 QQ-主 邮箱服务器 (497720537@qq.com) ...
[2026-08-27 15:11:27]  正在连接 QQ-备用 邮箱服务器 (shouqianbadavid@qq.com) ...
[2026-08-27 15:12:03]  正在连接 QQ-主 邮箱服务器 (497720537@qq.com) ...
[2026-08-27 15:12:04]  正在连接 QQ-备用 邮箱服务器 (shouqianbadavid@qq.com) ...
[2026-08-27 15:12:40]  正在连接 QQ-主 邮箱服务器 (497720537@qq.com) ...
[2026-08-27 15:12:41]  正在连接 QQ-备用 邮箱服务器 (shouqianbadavid@qq.com) ...
[2026-08-27 15:13:17]  正在连接 QQ-主 邮箱服务器 (497720537@qq.com) ...
[2026-08-27 15:13:18]  正在连接 QQ-备用 邮箱服务器 (shouqianbadavid@qq.com) ...
[2026-08-27 15:13:54]  正在连接 QQ-主 邮箱服务器 (497720537@qq.com) ...
[2026-08-27 15:13:57]  正在连接 QQ-备用 邮箱服务器 (shouqianbadavid@qq.com) ...
[2026-08-27 15:14:33]  正在连接 QQ-主 邮箱服务器 (497720537@qq.com) ...
[2026-08-27 15:14:34]  正在连接 QQ-备用 邮箱服务器 (shouqianbadavid@qq.com) ...
[2026-08-27 15:15:10]  正在连接 QQ-主 邮箱服务器 (497720537@qq.com) ...
[2026-08-27 15:15:11]  正在连接 QQ-备用 邮箱服务器 (shouqianbadavid@qq.com) ...
[2026-08-27 15:15:48]  正在连接 QQ-主 邮箱服务器 (497720537@qq.com) ...
[2026-08-27 15:15:49]  正在连接 QQ-备用 邮箱服务器 (shouqianbadavid@qq.com) ...
[2026-08-27 15:16:25]  正在连接 QQ-主 邮箱服务器 (497720537@qq.com) ...
[2026-08-27 15:16:26]  正在连接 QQ-备用 邮箱服务器 (shouqianbadavid@qq.com) ...
[2026-08-27 15:17:02]  正在连接 QQ-主 邮箱服务器 (497720537@qq.com) ...
[2026-08-27 15:17:03]  正在连接 QQ-备用 邮箱服务器 (shouqianbadavid@qq.com) ...
[2026-08-27 15:17:39]  正在连接 QQ-主 邮箱服务器 (497720537@qq.com) ...
[2026-08-27 15:17:41]  正在连接 QQ-备用 邮箱服务器 (shouqianbadavid@qq.com) ...
[2026-08-27 15:18:17]  正在连接 QQ-主 邮箱服务器 (497720537@qq.com) ...
[2026-08-27 15:18:18]  正在连接 QQ-备用 邮箱服务器 (shouqianbadavid@qq.com) ...
[2026-08-27 15:18:54]  正在连接 QQ-主 邮箱服务器 (497720537@qq.com) ...
[2026-08-27 15:18:55]  正在连接 QQ-备用 邮箱服务器 (shouqianbadavid@qq.com) ...
[2026-08-27 15:19:31]  正在连接 QQ-主 邮箱服务器 (497720537@qq.com) ...
[2026-08-27 15:19:32]  正在连接 QQ-备用 邮箱服务器 (shouqianbadavid@qq.com) ...
[2026-08-27 15:20:09]  正在连接 QQ-主 邮箱服务器 (497720537@qq.com) ...
[2026-08-27 15:20:10]  正在连接 QQ-备用 邮箱服务器 (shouqianbadavid@qq.com) ...
[2026-08-27 15:20:46]  正在连接 QQ-主 邮箱服务器 (497720537@qq.com) ...
[2026-08-27 15:20:47]  正在连接 QQ-备用 邮箱服务器 (shouqianbadavid@qq.com) ...
[2026-08-27 15:21:23]  正在连接 QQ-主 邮箱服务器 (497720537@qq.com) ...
[2026-08-27 15:21:24]  正在连接 QQ-备用 邮箱服务器 (shouqianbadavid@qq.com) ...
[2026-08-27 15:22:00]  正在连接 QQ-主 邮箱服务器 (497720537@qq.com) ...
[2026-08-27 15:22:01]  正在连接 QQ-备用 邮箱服务器 (shouqianbadavid@qq.com) ...
[2026-08-27 15:22:38]  正在连接 QQ-主 邮箱服务器 (497720537@qq.com) ...
[2026-08-27 15:22:39]  正在连接 QQ-备用 邮箱服务器 (shouqianbadavid@qq.com) ...
[2026-08-27 15:23:15]  正在连接 QQ-主 邮箱服务器 (497720537@qq.com) ...
[2026-08-27 15:23:16]  正在连接 QQ-备用 邮箱服务器 (shouqianbadavid@qq.com) ...
[2026-08-27 15:23:53]  正在连接 QQ-主 邮箱服务器 (497720537@qq.com) ...
[2026-08-27 15:23:54]  正在连接 QQ-备用 邮箱服务器 (shouqianbadavid@qq.com) ...
[2026-08-27 15:24:30]  正在连接 QQ-主 邮箱服务器 (497720537@qq.com) ...
[2026-08-27 15:24:31]  正在连接 QQ-备用 邮箱服务器 (shouqianbadavid@qq.com) ...
[2026-08-27 15:25:07]  正在连接 QQ-主 邮箱服务器 (497720537@qq.com) ...
[2026-08-27 15:25:08]  正在连接 QQ-备用 邮箱服务器 (shouqianbadavid@qq.com) ...
[2026-08-27 15:25:45]  正在连接 QQ-主 邮箱服务器 (497720537@qq.com) ...
[2026-08-27 15:25:46]  正在连接 QQ-备用 邮箱服务器 (shouqianbadavid@qq.com) ...
[2026-08-27 15:26:22]  正在连接 QQ-主 邮箱服务器 (497720537@qq.com) ...
[2026-08-27 15:26:23]  正在连接 QQ-备用 邮箱服务器 (shouqianbadavid@qq.com) ...
[2026-08-27 15:26:59]  正在连接 QQ-主 邮箱服务器 (497720537@qq.com) ...
[2026-08-27 15:27:01]  正在连接 QQ-备用 邮箱服务器 (shouqianbadavid@qq.com) ...
[2026-08-27 15:27:37]  正在连接 QQ-主 邮箱服务器 (497720537@qq.com) ...
[2026-08-27 15:27:38]  正在连接 QQ-备用 邮箱服务器 (shouqianbadavid@qq.com) ...
[2026-08-27 15:28:14]  正在连接 QQ-主 邮箱服务器 (497720537@qq.com) ...
[2026-08-27 15:28:15]  正在连接 QQ-备用 邮箱服务器 (shouqianbadavid@qq.com) ...
[2026-08-27 15:28:51]  正在连接 QQ-主 邮箱服务器 (497720537@qq.com) ...
[2026-08-27 15:28:53]  正在连接 QQ-备用 邮箱服务器 (shouqianbadavid@qq.com) ...
[2026-08-27 15:29:29]  正在连接 QQ-主 邮箱服务器 (497720537@qq.com) ...
[2026-08-27 15:29:30]  正在连接 QQ-备用 邮箱服务器 (shouqianbadavid@qq.com) ...
[2026-08-27 15:30:06]  正在连接 QQ-主 邮箱服务器 (497720537@qq.com) ...
[2026-08-27 15:30:07]  正在连接 QQ-备用 邮箱服务器 (shouqianbadavid@qq.com) ...
[2026-08-27 15:30:43]  正在连接 QQ-主 邮箱服务器 (497720537@qq.com) ...
[2026-08-27 15:30:45]  正在连接 QQ-备用 邮箱服务器 (shouqianbadavid@qq.com) ...
[2026-08-27 15:31:22]  正在连接 QQ-主 邮箱服务器 (497720537@qq.com) ...
[2026-08-27 15:31:23]  正在连接 QQ-备用 邮箱服务器 (shouqianbadavid@qq.com) ...
[2026-08-27 15:31:59]  正在连接 QQ-主 邮箱服务器 (497720537@qq.com) ...
[2026-08-27 15:32:00]  正在连接 QQ-备用 邮箱服务器 (shouqianbadavid@qq.com) ...
[2026-08-27 15:32:36]  正在连接 QQ-主 邮箱服务器 (497720537@qq.com) ...
[2026-08-27 15:32:37]  正在连接 QQ-备用 邮箱服务器 (shouqianbadavid@qq.com) ...
[2026-08-27 15:33:14]  正在连接 QQ-主 邮箱服务器 (497720537@qq.com) ...
[2026-08-27 15:33:15]  正在连接 QQ-备用 邮箱服务器 (shouqianbadavid@qq.com) ...
[2026-08-27 15:33:51]  正在连接 QQ-主 邮箱服务器 (497720537@qq.com) ...
[2026-08-27 15:33:52]  正在连接 QQ-备用 邮箱服务器 (shouqianbadavid@qq.com) ...
[2026-08-27 15:34:28]  正在连接 QQ-主 邮箱服务器 (497720537@qq.com) ...
[2026-08-27 15:34:30]  正在连接 QQ-备用 邮箱服务器 (shouqianbadavid@qq.com) ...
[2026-08-27 15:35:06]  正在连接 QQ-主 邮箱服务器 (497720537@qq.com) ...
[2026-08-27 15:35:07]  正在连接 QQ-备用 邮箱服务器 (shouqianbadavid@qq.com) ...
[2026-08-27 15:35:43]  正在连接 QQ-主 邮箱服务器 (497720537@qq.com) ...
[2026-08-27 15:35:45]  正在连接 QQ-备用 邮箱服务器 (shouqianbadavid@qq.com) ...
[2026-08-27 15:36:21]  正在连接 QQ-主 邮箱服务器 (497720537@qq.com) ...
[2026-08-27 15:36:22]  正在连接 QQ-备用 邮箱服务器 (shouqianbadavid@qq.com) ...
[2026-08-27 15:36:58]  正在连接 QQ-主 邮箱服务器 (497720537@qq.com) ...
[2026-08-27 15:37:00]  正在连接 QQ-备用 邮箱服务器 (shouqianbadavid@qq.com) ...
[2026-08-27 15:37:36]  正在连接 QQ-主 邮箱服务器 (497720537@qq.com) ...
[2026-08-27 15:37:37]  正在连接 QQ-备用 邮箱服务器 (shouqianbadavid@qq.com) ...
[2026-08-27 15:38:13]  正在连接 QQ-主 邮箱服务器 (497720537@qq.com) ...
[2026-08-27 15:38:15]  正在连接 QQ-备用 邮箱服务器 (shouqianbadavid@qq.com) ...
[2026-08-27 15:38:51]  正在连接 QQ-主 邮箱服务器 (497720537@qq.com) ...
[2026-08-27 15:38:52]  正在连接 QQ-备用 邮箱服务器 (shouqianbadavid@qq.com) ...
[2026-08-27 15:39:29]  正在连接 QQ-主 邮箱服务器 (497720537@qq.com) ...
[2026-08-27 15:39:30]  正在连接 QQ-备用 邮箱服务器 (shouqianbadavid@qq.com) ...
[2026-08-27 15:40:06]  正在连接 QQ-主 邮箱服务器 (497720537@qq.com) ...
[2026-08-27 15:40:07]  正在连接 QQ-备用 邮箱服务器 (shouqianbadavid@qq.com) ...
[2026-08-27 15:40:44]  正在连接 QQ-主 邮箱服务器 (497720537@qq.com) ...
[2026-08-27 15:40:45]  正在连接 QQ-备用 邮箱服务器 (shouqianbadavid@qq.com) ...
[2026-08-27 15:41:22]  正在连接 QQ-主 邮箱服务器 (497720537@qq.com) ...
[2026-08-27 15:41:23]  正在连接 QQ-备用 邮箱服务器 (shouqianbadavid@qq.com) ...
[2026-08-27 15:41:59]  正在连接 QQ-主 邮箱服务器 (497720537@qq.com) ...
[2026-08-27 15:42:00]  正在连接 QQ-备用 邮箱服务器 (shouqianbadavid@qq.com) ...
[2026-08-27 15:42:37]  正在连接 QQ-主 邮箱服务器 (497720537@qq.com) ...
[2026-08-27 15:42:38]  正在连接 QQ-备用 邮箱服务器 (shouqianbadavid@qq.com) ...
[2026-08-27 15:43:14]  正在连接 QQ-主 邮箱服务器 (497720537@qq.com) ...
[2026-08-27 15:43:15]  正在连接 QQ-备用 邮箱服务器 (shouqianbadavid@qq.com) ...
[2026-08-27 15:43:51]  正在连接 QQ-主 邮箱服务器 (497720537@qq.com) ...
[2026-08-27 15:43:53]  正在连接 QQ-备用 邮箱服务器 (shouqianbadavid@qq.com) ...
[2026-08-27 15:44:29]  正在连接 QQ-主 邮箱服务器 (497720537@qq.com) ...
[2026-08-27 15:44:30]  正在连接 QQ-备用 邮箱服务器 (shouqianbadavid@qq.com) ...
[2026-08-27 15:45:06]  正在连接 QQ-主 邮箱服务器 (497720537@qq.com) ...
[2026-08-27 15:45:07]  正在连接 QQ-备用 邮箱服务器 (shouqianbadavid@qq.com) ...
[2026-08-27 15:45:43]  正在连接 QQ-主 邮箱服务器 (497720537@qq.com) ...
[2026-08-27 15:45:44]  正在连接 QQ-备用 邮箱服务器 (shouqianbadavid@qq.com) ...
[2026-08-27 15:46:20]  正在连接 QQ-主 邮箱服务器 (497720537@qq.com) ...
[2026-08-27 15:46:22]  正在连接 QQ-备用 邮箱服务器 (shouqianbadavid@qq.com) ...
[2026-08-27 15:46:58]  正在连接 QQ-主 邮箱服务器 (497720537@qq.com) ...
[2026-08-27 15:46:59]  正在连接 QQ-备用 邮箱服务器 (shouqianbadavid@qq.com) ...
[2026-08-27 15:47:35]  正在连接 QQ-主 邮箱服务器 (497720537@qq.com) ...
[2026-08-27 15:47:36]  正在连接 QQ-备用 邮箱服务器 (shouqianbadavid@qq.com) ...
[2026-08-27 15:48:13]  正在连接 QQ-主 邮箱服务器 (497720537@qq.com) ...
[2026-08-27 15:48:14]  正在连接 QQ-备用 邮箱服务器 (shouqianbadavid@qq.com) ...
[2026-08-27 15:48:50]  正在连接 QQ-主 邮箱服务器 (497720537@qq.com) ...
[2026-08-27 15:48:51]  正在连接 QQ-备用 邮箱服务器 (shouqianbadavid@qq.com) ...
[2026-08-27 15:49:27]  正在连接 QQ-主 邮箱服务器 (497720537@qq.com) ...
[2026-08-27 15:49:28]  正在连接 QQ-备用 邮箱服务器 (shouqianbadavid@qq.com) ...
[2026-08-27 15:50:04]  正在连接 QQ-主 邮箱服务器 (497720537@qq.com) ...
[2026-08-27 15:50:05]  正在连接 QQ-备用 邮箱服务器 (shouqianbadavid@qq.com) ...
[2026-08-27 15:50:41]  正在连接 QQ-主 邮箱服务器 (497720537@qq.com) ...
[2026-08-27 15:50:43]  正在连接 QQ-备用 邮箱服务器 (shouqianbadavid@qq.com) ...
[2026-08-27 15:51:19]  正在连接 QQ-主 邮箱服务器 (497720537@qq.com) ...
[2026-08-27 15:51:20]  正在连接 QQ-备用 邮箱服务器 (shouqianbadavid@qq.com) ...
[2026-08-27 15:51:56]  正在连接 QQ-主 邮箱服务器 (497720537@qq.com) ...
[2026-08-27 15:51:57]  正在连接 QQ-备用 邮箱服务器 (shouqianbadavid@qq.com) ...
[2026-08-27 15:52:33]  正在连接 QQ-主 邮箱服务器 (497720537@qq.com) ...
[2026-08-27 15:52:35]  正在连接 QQ-备用 邮箱服务器 (shouqianbadavid@qq.com) ...
[2026-08-27 15:53:11]  正在连接 QQ-主 邮箱服务器 (497720537@qq.com) ...
[2026-08-27 15:53:12]  正在连接 QQ-备用 邮箱服务器 (shouqianbadavid@qq.com) ...
[2026-08-27 15:53:48]  正在连接 QQ-主 邮箱服务器 (497720537@qq.com) ...
[2026-08-27 15:53:49]  正在连接 QQ-备用 邮箱服务器 (shouqianbadavid@qq.com) ...
[2026-08-27 15:54:26]  正在连接 QQ-主 邮箱服务器 (497720537@qq.com) ...
[2026-08-27 15:54:27]  正在连接 QQ-备用 邮箱服务器 (shouqianbadavid@qq.com) ...
[2026-08-27 15:55:03]  正在连接 QQ-主 邮箱服务器 (497720537@qq.com) ...
[2026-08-27 15:55:04]  正在连接 QQ-备用 邮箱服务器 (shouqianbadavid@qq.com) ...
[2026-08-27 15:55:40]  正在连接 QQ-主 邮箱服务器 (497720537@qq.com) ...
[2026-08-27 15:55:41]  正在连接 QQ-备用 邮箱服务器 (shouqianbadavid@qq.com) ...
[2026-08-27 15:56:17]  正在连接 QQ-主 邮箱服务器 (497720537@qq.com) ...
[2026-08-27 15:56:19]  正在连接 QQ-备用 邮箱服务器 (shouqianbadavid@qq.com) ...
[2026-08-27 15:56:55]  正在连接 QQ-主 邮箱服务器 (497720537@qq.com) ...
[2026-08-27 15:56:56]  正在连接 QQ-备用 邮箱服务器 (shouqianbadavid@qq.com) ...
[2026-08-27 15:57:32]  正在连接 QQ-主 邮箱服务器 (497720537@qq.com) ...
[2026-08-27 15:57:33]  正在连接 QQ-备用 邮箱服务器 (shouqianbadavid@qq.com) ...
[2026-08-27 15:58:09]  正在连接 QQ-主 邮箱服务器 (497720537@qq.com) ...
[2026-08-27 15:58:11]  正在连接 QQ-备用 邮箱服务器 (shouqianbadavid@qq.com) ...
[2026-08-27 15:58:47]  正在连接 QQ-主 邮箱服务器 (497720537@qq.com) ...
[2026-08-27 15:58:48]  正在连接 QQ-备用 邮箱服务器 (shouqianbadavid@qq.com) ...
[2026-08-27 15:59:24]  正在连接 QQ-主 邮箱服务器 (497720537@qq.com) ...
[2026-08-27 15:59:25]  正在连接 QQ-备用 邮箱服务器 (shouqianbadavid@qq.com) ...
[2026-08-27 16:00:02]  正在连接 QQ-主 邮箱服务器 (497720537@qq.com) ...
[2026-08-27 16:00:03]  正在连接 QQ-备用 邮箱服务器 (shouqianbadavid@qq.com) ...
[2026-08-27 16:00:39]  正在连接 QQ-主 邮箱服务器 (497720537@qq.com) ...
[2026-08-27 16:00:40]  正在连接 QQ-备用 邮箱服务器 (shouqianbadavid@qq.com) ...
[2026-08-27 16:01:16]  正在连接 QQ-主 邮箱服务器 (497720537@qq.com) ...
[2026-08-27 16:01:18]  正在连接 QQ-备用 邮箱服务器 (shouqianbadavid@qq.com) ...
[2026-08-27 16:01:54]  正在连接 QQ-主 邮箱服务器 (497720537@qq.com) ...
[2026-08-27 16:01:55]  正在连接 QQ-备用 邮箱服务器 (shouqianbadavid@qq.com) ...
[2026-08-27 16:02:31]  正在连接 QQ-主 邮箱服务器 (497720537@qq.com) ...
[2026-08-27 16:02:32]  正在连接 QQ-备用 邮箱服务器 (shouqianbadavid@qq.com) ...
[2026-08-27 16:03:08]  正在连接 QQ-主 邮箱服务器 (497720537@qq.com) ...
[2026-08-27 16:03:10]  正在连接 QQ-备用 邮箱服务器 (shouqianbadavid@qq.com) ...
[2026-08-27 16:03:46]  正在连接 QQ-主 邮箱服务器 (497720537@qq.com) ...
[2026-08-27 16:03:46]  正在连接 QQ-备用 邮箱服务器 (shouqianbadavid@qq.com) ...
[2026-08-27 16:04:22]  正在连接 QQ-主 邮箱服务器 (497720537@qq.com) ...
[2026-08-27 16:04:24]  正在连接 QQ-备用 邮箱服务器 (shouqianbadavid@qq.com) ...
[2026-08-27 16:04:59]  正在连接 QQ-主 邮箱服务器 (497720537@qq.com) ...
[2026-08-27 16:05:00]  正在连接 QQ-备用 邮箱服务器 (shouqianbadavid@qq.com) ...
[2026-08-27 16:05:37]  正在连接 QQ-主 邮箱服务器 (497720537@qq.com) ...
[2026-08-27 16:05:38]  正在连接 QQ-备用 邮箱服务器 (shouqianbadavid@qq.com) ...
[2026-08-27 16:06:14]  正在连接 QQ-主 邮箱服务器 (497720537@qq.com) ...
[2026-08-27 16:06:16]  正在连接 QQ-备用 邮箱服务器 (shouqianbadavid@qq.com) ...
[2026-08-27 16:06:52]  正在连接 QQ-主 邮箱服务器 (497720537@qq.com) ...
[2026-08-27 16:06:53]  正在连接 QQ-备用 邮箱服务器 (shouqianbadavid@qq.com) ...
[2026-08-27 16:07:29]  正在连接 QQ-主 邮箱服务器 (497720537@qq.com) ...
[2026-08-27 16:07:30]  正在连接 QQ-备用 邮箱服务器 (shouqianbadavid@qq.com) ...
[2026-08-27 16:08:06]  正在连接 QQ-主 邮箱服务器 (497720537@qq.com) ...
[2026-08-27 16:08:07]  正在连接 QQ-备用 邮箱服务器 (shouqianbadavid@qq.com) ...
[2026-08-27 16:08:43]  正在连接 QQ-主 邮箱服务器 (497720537@qq.com) ...
[2026-08-27 16:08:44]  正在连接 QQ-备用 邮箱服务器 (shouqianbadavid@qq.com) ...
[2026-08-27 16:09:21]  正在连接 QQ-主 邮箱服务器 (497720537@qq.com) ...
[2026-08-27 16:09:22]  正在连接 QQ-备用 邮箱服务器 (shouqianbadavid@qq.com) ...
[2026-08-27 16:09:58]  正在连接 QQ-主 邮箱服务器 (497720537@qq.com) ...
[2026-08-27 16:09:59]  正在连接 QQ-备用 邮箱服务器 (shouqianbadavid@qq.com) ...
[2026-08-27 16:10:35]  正在连接 QQ-主 邮箱服务器 (497720537@qq.com) ...
[2026-08-27 16:10:36]  正在连接 QQ-备用 邮箱服务器 (shouqianbadavid@qq.com) ...
[2026-08-27 16:11:12]  正在连接 QQ-主 邮箱服务器 (497720537@qq.com) ...
[2026-08-27 16:11:13]  正在连接 QQ-备用 邮箱服务器 (shouqianbadavid@qq.com) ...
[2026-08-27 16:11:49]  正在连接 QQ-主 邮箱服务器 (497720537@qq.com) ...
[2026-08-27 16:11:50]  正在连接 QQ-备用 邮箱服务器 (shouqianbadavid@qq.com) ...
[2026-08-27 16:12:27]  正在连接 QQ-主 邮箱服务器 (497720537@qq.com) ...
[2026-08-27 16:12:28]  正在连接 QQ-备用 邮箱服务器 (shouqianbadavid@qq.com) ...
[2026-08-27 16:13:04]  正在连接 QQ-主 邮箱服务器 (497720537@qq.com) ...
[2026-08-27 16:13:05]  正在连接 QQ-备用 邮箱服务器 (shouqianbadavid@qq.com) ...
[2026-08-27 16:13:41]  正在连接 QQ-主 邮箱服务器 (497720537@qq.com) ...
[2026-08-27 16:13:42]  正在连接 QQ-备用 邮箱服务器 (shouqianbadavid@qq.com) ...
[2026-08-27 16:14:18]  正在连接 QQ-主 邮箱服务器 (497720537@qq.com) ...
[2026-08-27 16:14:19]  正在连接 QQ-备用 邮箱服务器 (shouqianbadavid@qq.com) ...
[2026-08-27 16:14:55]  正在连接 QQ-主 邮箱服务器 (497720537@qq.com) ...
[2026-08-27 16:14:56]  正在连接 QQ-备用 邮箱服务器 (shouqianbadavid@qq.com) ...
[2026-08-27 16:15:32]  正在连接 QQ-主 邮箱服务器 (497720537@qq.com) ...
[2026-08-27 16:15:33]  正在连接 QQ-备用 邮箱服务器 (shouqianbadavid@qq.com) ...
[2026-08-27 16:16:10]  正在连接 QQ-主 邮箱服务器 (497720537@qq.com) ...
[2026-08-27 16:16:11]  正在连接 QQ-备用 邮箱服务器 (shouqianbadavid@qq.com) ...
[2026-08-27 16:16:47]  正在连接 QQ-主 邮箱服务器 (497720537@qq.com) ...
[2026-08-27 16:16:48]  正在连接 QQ-备用 邮箱服务器 (shouqianbadavid@qq.com) ...
[2026-08-27 16:17:23]  正在连接 QQ-主 邮箱服务器 (497720537@qq.com) ...
[2026-08-27 16:17:25]  正在连接 QQ-备用 邮箱服务器 (shouqianbadavid@qq.com) ...
[2026-08-27 16:18:01]  正在连接 QQ-主 邮箱服务器 (497720537@qq.com) ...
[2026-08-27 16:18:02]  正在连接 QQ-备用 邮箱服务器 (shouqianbadavid@qq.com) ...
[2026-08-27 16:18:38]  正在连接 QQ-主 邮箱服务器 (497720537@qq.com) ...
[2026-08-27 16:18:39]  正在连接 QQ-备用 邮箱服务器 (shouqianbadavid@qq.com) ...
[2026-08-27 16:19:15]  正在连接 QQ-主 邮箱服务器 (497720537@qq.com) ...
[2026-08-27 16:19:17]  正在连接 QQ-备用 邮箱服务器 (shouqianbadavid@qq.com) ...
[2026-08-27 16:19:53]  正在连接 QQ-主 邮箱服务器 (497720537@qq.com) ...
[2026-08-27 16:19:54]  正在连接 QQ-备用 邮箱服务器 (shouqianbadavid@qq.com) ...
[2026-08-27 16:20:30]  正在连接 QQ-主 邮箱服务器 (497720537@qq.com) ...
[2026-08-27 16:20:32]  正在连接 QQ-备用 邮箱服务器 (shouqianbadavid@qq.com) ...
[2026-08-27 16:21:08]  正在连接 QQ-主 邮箱服务器 (497720537@qq.com) ...
[2026-08-27 16:21:09]  正在连接 QQ-备用 邮箱服务器 (shouqianbadavid@qq.com) ...
[2026-08-27 16:21:45]  正在连接 QQ-主 邮箱服务器 (497720537@qq.com) ...
[2026-08-27 16:21:47]  正在连接 QQ-备用 邮箱服务器 (shouqianbadavid@qq.com) ...
[2026-08-27 16:22:23]  正在连接 QQ-主 邮箱服务器 (497720537@qq.com) ...
[2026-08-27 16:22:24]  正在连接 QQ-备用 邮箱服务器 (shouqianbadavid@qq.com) ...
[2026-08-27 16:23:01]  正在连接 QQ-主 邮箱服务器 (497720537@qq.com) ...
[2026-08-27 16:23:02]  正在连接 QQ-备用 邮箱服务器 (shouqianbadavid@qq.com) ...
[2026-08-27 16:23:38]  正在连接 QQ-主 邮箱服务器 (497720537@qq.com) ...
[2026-08-27 16:23:39]  正在连接 QQ-备用 邮箱服务器 (shouqianbadavid@qq.com) ...
[2026-08-27 16:24:16]  正在连接 QQ-主 邮箱服务器 (497720537@qq.com) ...
[2026-08-27 16:24:17]  正在连接 QQ-备用 邮箱服务器 (shouqianbadavid@qq.com) ...
[2026-08-27 16:24:53]  正在连接 QQ-主 邮箱服务器 (497720537@qq.com) ...
[2026-08-27 16:24:54]  正在连接 QQ-备用 邮箱服务器 (shouqianbadavid@qq.com) ...
[2026-08-27 16:25:31]  正在连接 QQ-主 邮箱服务器 (497720537@qq.com) ...
[2026-08-27 16:25:32]  正在连接 QQ-备用 邮箱服务器 (shouqianbadavid@qq.com) ...
[2026-08-27 16:26:08]  正在连接 QQ-主 邮箱服务器 (497720537@qq.com) ...
[2026-08-27 16:26:09]  正在连接 QQ-备用 邮箱服务器 (shouqianbadavid@qq.com) ...
[2026-08-27 16:26:45]  正在连接 QQ-主 邮箱服务器 (497720537@qq.com) ...
[2026-08-27 16:26:47]  正在连接 QQ-备用 邮箱服务器 (shouqianbadavid@qq.com) ...
[2026-08-27 16:27:23]  正在连接 QQ-主 邮箱服务器 (497720537@qq.com) ...
[2026-08-27 16:27:24]  正在连接 QQ-备用 邮箱服务器 (shouqianbadavid@qq.com) ...
[2026-08-27 16:28:01]  正在连接 QQ-主 邮箱服务器 (497720537@qq.com) ...
[2026-08-27 16:28:02]  正在连接 QQ-备用 邮箱服务器 (shouqianbadavid@qq.com) ...
[2026-08-27 16:28:38]  正在连接 QQ-主 邮箱服务器 (497720537@qq.com) ...
[2026-08-27 16:28:39]  正在连接 QQ-备用 邮箱服务器 (shouqianbadavid@qq.com) ...
[2026-08-27 16:29:15]  正在连接 QQ-主 邮箱服务器 (497720537@qq.com) ...
[2026-08-27 16:29:17]  正在连接 QQ-备用 邮箱服务器 (shouqianbadavid@qq.com) ...
[2026-08-27 16:29:53]  正在连接 QQ-主 邮箱服务器 (497720537@qq.com) ...
[2026-08-27 16:29:54]  正在连接 QQ-备用 邮箱服务器 (shouqianbadavid@qq.com) ...
[2026-08-27 16:30:30]  正在连接 QQ-主 邮箱服务器 (497720537@qq.com) ...
[2026-08-27 16:30:31]  正在连接 QQ-备用 邮箱服务器 (shouqianbadavid@qq.com) ...
[2026-08-27 16:31:08]  正在连接 QQ-主 邮箱服务器 (497720537@qq.com) ...
[2026-08-27 16:31:09]  正在连接 QQ-备用 邮箱服务器 (shouqianbadavid@qq.com) ...
[2026-08-27 16:31:45]  正在连接 QQ-主 邮箱服务器 (497720537@qq.com) ...
[2026-08-27 16:31:46]  正在连接 QQ-备用 邮箱服务器 (shouqianbadavid@qq.com) ...
[2026-08-27 16:32:22]  正在连接 QQ-主 邮箱服务器 (497720537@qq.com) ...
[2026-08-27 16:32:24]  正在连接 QQ-备用 邮箱服务器 (shouqianbadavid@qq.com) ...
[2026-08-27 16:33:00]  正在连接 QQ-主 邮箱服务器 (497720537@qq.com) ...
[2026-08-27 16:33:01]  正在连接 QQ-备用 邮箱服务器 (shouqianbadavid@qq.com) ...
[2026-08-27 16:33:37]  正在连接 QQ-主 邮箱服务器 (497720537@qq.com) ...
[2026-08-27 16:33:39]  正在连接 QQ-备用 邮箱服务器 (shouqianbadavid@qq.com) ...
[2026-08-27 16:34:15]  正在连接 QQ-主 邮箱服务器 (497720537@qq.com) ...
[2026-08-27 16:34:16]  正在连接 QQ-备用 邮箱服务器 (shouqianbadavid@qq.com) ...
[2026-08-27 16:34:52]  正在连接 QQ-主 邮箱服务器 (497720537@qq.com) ...
[2026-08-27 16:34:54]  正在连接 QQ-备用 邮箱服务器 (shouqianbadavid@qq.com) ...
[2026-08-27 16:35:30]  正在连接 QQ-主 邮箱服务器 (497720537@qq.com) ...
[2026-08-27 16:35:31]  正在连接 QQ-备用 邮箱服务器 (shouqianbadavid@qq.com) ...
[2026-08-27 16:36:07]  正在连接 QQ-主 邮箱服务器 (497720537@qq.com) ...
[2026-08-27 16:36:09]  正在连接 QQ-备用 邮箱服务器 (shouqianbadavid@qq.com) ...
[2026-08-27 16:36:45]  正在连接 QQ-主 邮箱服务器 (497720537@qq.com) ...
[2026-08-27 16:36:46]  正在连接 QQ-备用 邮箱服务器 (shouqianbadavid@qq.com) ...
[2026-08-27 16:37:22]  正在连接 QQ-主 邮箱服务器 (497720537@qq.com) ...
[2026-08-27 16:37:24]  正在连接 QQ-备用 邮箱服务器 (shouqianbadavid@qq.com) ...
[2026-08-27 16:38:00]  正在连接 QQ-主 邮箱服务器 (497720537@qq.com) ...
[2026-08-27 16:38:01]  正在连接 QQ-备用 邮箱服务器 (shouqianbadavid@qq.com) ...
[2026-08-27 16:38:37]  正在连接 QQ-主 邮箱服务器 (497720537@qq.com) ...
[2026-08-27 16:38:38]  正在连接 QQ-备用 邮箱服务器 (shouqianbadavid@qq.com) ...
[2026-08-27 16:39:14]  正在连接 QQ-主 邮箱服务器 (497720537@qq.com) ...
[2026-08-27 16:39:16]  正在连接 QQ-备用 邮箱服务器 (shouqianbadavid@qq.com) ...
[2026-08-27 16:39:52]  正在连接 QQ-主 邮箱服务器 (497720537@qq.com) ...
[2026-08-27 16:39:53]  正在连接 QQ-备用 邮箱服务器 (shouqianbadavid@qq.com) ...
[2026-08-27 16:40:29]  正在连接 QQ-主 邮箱服务器 (497720537@qq.com) ...
[2026-08-27 16:40:31]  正在连接 QQ-备用 邮箱服务器 (shouqianbadavid@qq.com) ...
[2026-08-27 16:41:07]  正在连接 QQ-主 邮箱服务器 (497720537@qq.com) ...
[2026-08-27 16:41:08]  正在连接 QQ-备用 邮箱服务器 (shouqianbadavid@qq.com) ...
[2026-08-27 16:41:44]  正在连接 QQ-主 邮箱服务器 (497720537@qq.com) ...
[2026-08-27 16:41:45]  正在连接 QQ-备用 邮箱服务器 (shouqianbadavid@qq.com) ...
[2026-08-27 16:42:22]  正在连接 QQ-主 邮箱服务器 (497720537@qq.com) ...
[2026-08-27 16:42:23]  正在连接 QQ-备用 邮箱服务器 (shouqianbadavid@qq.com) ...
[2026-08-27 16:42:59]  正在连接 QQ-主 邮箱服务器 (497720537@qq.com) ...
[2026-08-27 16:43:00]  正在连接 QQ-备用 邮箱服务器 (shouqianbadavid@qq.com) ...
[2026-08-27 16:43:36]  正在连接 QQ-主 邮箱服务器 (497720537@qq.com) ...
[2026-08-27 16:43:38]  正在连接 QQ-备用 邮箱服务器 (shouqianbadavid@qq.com) ...
[2026-08-27 16:44:14]  正在连接 QQ-主 邮箱服务器 (497720537@qq.com) ...
[2026-08-27 16:44:15]  正在连接 QQ-备用 邮箱服务器 (shouqianbadavid@qq.com) ...
[2026-08-27 16:44:50]  正在连接 QQ-主 邮箱服务器 (497720537@qq.com) ...
[2026-08-27 16:44:52]  正在连接 QQ-备用 邮箱服务器 (shouqianbadavid@qq.com) ...
[2026-08-27 16:45:28]  正在连接 QQ-主 邮箱服务器 (497720537@qq.com) ...
[2026-08-27 16:45:29]  正在连接 QQ-备用 邮箱服务器 (shouqianbadavid@qq.com) ...
[2026-08-27 16:46:05]  正在连接 QQ-主 邮箱服务器 (497720537@qq.com) ...
[2026-08-27 16:46:07]  正在连接 QQ-备用 邮箱服务器 (shouqianbadavid@qq.com) ...
[2026-08-27 16:46:43]  正在连接 QQ-主 邮箱服务器 (497720537@qq.com) ...
[2026-08-27 16:46:44]  正在连接 QQ-备用 邮箱服务器 (shouqianbadavid@qq.com) ...
[2026-08-27 16:47:20]  正在连接 QQ-主 邮箱服务器 (497720537@qq.com) ...
[2026-08-27 16:47:21]  正在连接 QQ-备用 邮箱服务器 (shouqianbadavid@qq.com) ...
[2026-08-27 16:47:57]  正在连接 QQ-主 邮箱服务器 (497720537@qq.com) ...
[2026-08-27 16:47:59]  正在连接 QQ-备用 邮箱服务器 (shouqianbadavid@qq.com) ...
[2026-08-27 16:48:35]  正在连接 QQ-主 邮箱服务器 (497720537@qq.com) ...
[2026-08-27 16:48:36]  正在连接 QQ-备用 邮箱服务器 (shouqianbadavid@qq.com) ...
[2026-08-27 16:49:12]  正在连接 QQ-主 邮箱服务器 (497720537@qq.com) ...
[2026-08-27 16:49:13]  正在连接 QQ-备用 邮箱服务器 (shouqianbadavid@qq.com) ...
[2026-08-27 16:49:49]  正在连接 QQ-主 邮箱服务器 (497720537@qq.com) ...
[2026-08-27 16:49:50]  正在连接 QQ-备用 邮箱服务器 (shouqianbadavid@qq.com) ...
[2026-08-27 16:50:26]  正在连接 QQ-主 邮箱服务器 (497720537@qq.com) ...
[2026-08-27 16:50:27]  正在连接 QQ-备用 邮箱服务器 (shouqianbadavid@qq.com) ...
[2026-08-27 16:51:04]  正在连接 QQ-主 邮箱服务器 (497720537@qq.com) ...
[2026-08-27 16:51:05]  正在连接 QQ-备用 邮箱服务器 (shouqianbadavid@qq.com) ...
[2026-08-27 16:51:41]  正在连接 QQ-主 邮箱服务器 (497720537@qq.com) ...
[2026-08-27 16:51:42]  正在连接 QQ-备用 邮箱服务器 (shouqianbadavid@qq.com) ...
[2026-08-27 16:52:18]  正在连接 QQ-主 邮箱服务器 (497720537@qq.com) ...
[2026-08-27 16:52:20]  正在连接 QQ-备用 邮箱服务器 (shouqianbadavid@qq.com) ...
[2026-08-27 16:52:56]  正在连接 QQ-主 邮箱服务器 (497720537@qq.com) ...
[2026-08-27 16:52:57]  正在连接 QQ-备用 邮箱服务器 (shouqianbadavid@qq.com) ...
[2026-08-27 16:53:33]  正在连接 QQ-主 邮箱服务器 (497720537@qq.com) ...
[2026-08-27 16:53:34]  正在连接 QQ-备用 邮箱服务器 (shouqianbadavid@qq.com) ...
[2026-08-27 16:54:11]  正在连接 QQ-主 邮箱服务器 (497720537@qq.com) ...
[2026-08-27 16:54:12]  正在连接 QQ-备用 邮箱服务器 (shouqianbadavid@qq.com) ...
[2026-08-27 16:54:48]  正在连接 QQ-主 邮箱服务器 (497720537@qq.com) ...
[2026-08-27 16:54:49]  正在连接 QQ-备用 邮箱服务器 (shouqianbadavid@qq.com) ...
[2026-08-27 16:55:26]  正在连接 QQ-主 邮箱服务器 (497720537@qq.com) ...
[2026-08-27 16:55:27]  正在连接 QQ-备用 邮箱服务器 (shouqianbadavid@qq.com) ...
[2026-08-27 16:56:03]  正在连接 QQ-主 邮箱服务器 (497720537@qq.com) ...
[2026-08-27 16:56:04]  正在连接 QQ-备用 邮箱服务器 (shouqianbadavid@qq.com) ...
[2026-08-27 16:56:41]  正在连接 QQ-主 邮箱服务器 (497720537@qq.com) ...
[2026-08-27 16:56:42]  正在连接 QQ-备用 邮箱服务器 (shouqianbadavid@qq.com) ...
[2026-08-27 16:57:18]  正在连接 QQ-主 邮箱服务器 (497720537@qq.com) ...
[2026-08-27 16:57:19]  正在连接 QQ-备用 邮箱服务器 (shouqianbadavid@qq.com) ...
[2026-08-27 16:57:56]  正在连接 QQ-主 邮箱服务器 (497720537@qq.com) ...
[2026-08-27 16:57:57]  正在连接 QQ-备用 邮箱服务器 (shouqianbadavid@qq.com) ...
[2026-08-27 16:58:33]  正在连接 QQ-主 邮箱服务器 (497720537@qq.com) ...
[2026-08-27 16:58:34]  正在连接 QQ-备用 邮箱服务器 (shouqianbadavid@qq.com) ...
[2026-08-27 16:59:10]  正在连接 QQ-主 邮箱服务器 (497720537@qq.com) ...
[2026-08-27 16:59:12]  正在连接 QQ-备用 邮箱服务器 (shouqianbadavid@qq.com) ...
[2026-08-27 16:59:48]  正在连接 QQ-主 邮箱服务器 (497720537@qq.com) ...
[2026-08-27 16:59:49]  正在连接 QQ-备用 邮箱服务器 (shouqianbadavid@qq.com) ...
[2026-08-27 17:00:26]  正在连接 QQ-主 邮箱服务器 (497720537@qq.com) ...
[2026-08-27 17:00:27]  正在连接 QQ-备用 邮箱服务器 (shouqianbadavid@qq.com) ...
[2026-08-27 17:01:03]  正在连接 QQ-主 邮箱服务器 (497720537@qq.com) ...
[2026-08-27 17:01:05]  正在连接 QQ-备用 邮箱服务器 (shouqianbadavid@qq.com) ...
[2026-08-27 17:01:41]  正在连接 QQ-主 邮箱服务器 (497720537@qq.com) ...
[2026-08-27 17:01:42]  正在连接 QQ-备用 邮箱服务器 (shouqianbadavid@qq.com) ...
[2026-08-27 17:02:18]  正在连接 QQ-主 邮箱服务器 (497720537@qq.com) ...
[2026-08-27 17:02:19]  正在连接 QQ-备用 邮箱服务器 (shouqianbadavid@qq.com) ...
[2026-08-27 17:02:56]  正在连接 QQ-主 邮箱服务器 (497720537@qq.com) ...
[2026-08-27 17:02:57]  正在连接 QQ-备用 邮箱服务器 (shouqianbadavid@qq.com) ...
[2026-08-27 17:03:33]  正在连接 QQ-主 邮箱服务器 (497720537@qq.com) ...
[2026-08-27 17:03:35]  正在连接 QQ-备用 邮箱服务器 (shouqianbadavid@qq.com) ...
[2026-08-27 17:04:11]  正在连接 QQ-主 邮箱服务器 (497720537@qq.com) ...
[2026-08-27 17:04:12]  正在连接 QQ-备用 邮箱服务器 (shouqianbadavid@qq.com) ...
[2026-08-27 17:04:48]  正在连接 QQ-主 邮箱服务器 (497720537@qq.com) ...
[2026-08-27 17:04:49]  正在连接 QQ-备用 邮箱服务器 (shouqianbadavid@qq.com) ...
[2026-08-27 17:05:25]  正在连接 QQ-主 邮箱服务器 (497720537@qq.com) ...
[2026-08-27 17:05:27]  正在连接 QQ-备用 邮箱服务器 (shouqianbadavid@qq.com) ...
[2026-08-27 17:06:03]  正在连接 QQ-主 邮箱服务器 (497720537@qq.com) ...
[2026-08-27 17:06:04]  正在连接 QQ-备用 邮箱服务器 (shouqianbadavid@qq.com) ...
[2026-08-27 17:06:41]  正在连接 QQ-主 邮箱服务器 (497720537@qq.com) ...
[2026-08-27 17:06:42]  正在连接 QQ-备用 邮箱服务器 (shouqianbadavid@qq.com) ...
[2026-08-27 17:07:18]  正在连接 QQ-主 邮箱服务器 (497720537@qq.com) ...
[2026-08-27 17:07:19]  正在连接 QQ-备用 邮箱服务器 (shouqianbadavid@qq.com) ...
[2026-08-27 17:07:55]  正在连接 QQ-主 邮箱服务器 (497720537@qq.com) ...
[2026-08-27 17:07:57]  正在连接 QQ-备用 邮箱服务器 (shouqianbadavid@qq.com) ...
[2026-08-27 17:08:33]  正在连接 QQ-主 邮箱服务器 (497720537@qq.com) ...
[2026-08-27 17:08:34]  正在连接 QQ-备用 邮箱服务器 (shouqianbadavid@qq.com) ...
[2026-08-27 17:09:10]  正在连接 QQ-主 邮箱服务器 (497720537@qq.com) ...
[2026-08-27 17:09:12]  正在连接 QQ-备用 邮箱服务器 (shouqianbadavid@qq.com) ...
[2026-08-27 17:09:48]  正在连接 QQ-主 邮箱服务器 (497720537@qq.com) ...
[2026-08-27 17:09:49]  正在连接 QQ-备用 邮箱服务器 (shouqianbadavid@qq.com) ...
[2026-08-27 17:10:25]  正在连接 QQ-主 邮箱服务器 (497720537@qq.com) ...
[2026-08-27 17:10:26]  正在连接 QQ-备用 邮箱服务器 (shouqianbadavid@qq.com) ...
[2026-08-27 17:11:02]  正在连接 QQ-主 邮箱服务器 (497720537@qq.com) ...
[2026-08-27 17:11:04]  正在连接 QQ-备用 邮箱服务器 (shouqianbadavid@qq.com) ...
[2026-08-27 17:11:40]  正在连接 QQ-主 邮箱服务器 (497720537@qq.com) ...
[2026-08-27 17:11:41]  正在连接 QQ-备用 邮箱服务器 (shouqianbadavid@qq.com) ...
[2026-08-27 17:12:18]  正在连接 QQ-主 邮箱服务器 (497720537@qq.com) ...
[2026-08-27 17:12:19]  正在连接 QQ-备用 邮箱服务器 (shouqianbadavid@qq.com) ...
[2026-08-27 17:12:55]  正在连接 QQ-主 邮箱服务器 (497720537@qq.com) ...
[2026-08-27 17:12:56]  正在连接 QQ-备用 邮箱服务器 (shouqianbadavid@qq.com) ...
[2026-08-27 17:13:32]  正在连接 QQ-主 邮箱服务器 (497720537@qq.com) ...
[2026-08-27 17:13:34]  正在连接 QQ-备用 邮箱服务器 (shouqianbadavid@qq.com) ...
[2026-08-27 17:14:10]  正在连接 QQ-主 邮箱服务器 (497720537@qq.com) ...
[2026-08-27 17:14:11]  正在连接 QQ-备用 邮箱服务器 (shouqianbadavid@qq.com) ...
[2026-08-27 17:14:47]  正在连接 QQ-主 邮箱服务器 (497720537@qq.com) ...
[2026-08-27 17:14:48]  正在连接 QQ-备用 邮箱服务器 (shouqianbadavid@qq.com) ...
[2026-08-27 17:15:25]  正在连接 QQ-主 邮箱服务器 (497720537@qq.com) ...
[2026-08-27 17:15:26]  正在连接 QQ-备用 邮箱服务器 (shouqianbadavid@qq.com) ...
[2026-08-27 17:16:02]  正在连接 QQ-主 邮箱服务器 (497720537@qq.com) ...
[2026-08-27 17:16:03]  正在连接 QQ-备用 邮箱服务器 (shouqianbadavid@qq.com) ...
[2026-08-27 17:16:40]  正在连接 QQ-主 邮箱服务器 (497720537@qq.com) ...
[2026-08-27 17:16:41]  正在连接 QQ-备用 邮箱服务器 (shouqianbadavid@qq.com) ...
[2026-08-27 17:17:17]  正在连接 QQ-主 邮箱服务器 (497720537@qq.com) ...
[2026-08-27 17:17:18]  正在连接 QQ-备用 邮箱服务器 (shouqianbadavid@qq.com) ...
[2026-08-27 17:17:54]  正在连接 QQ-主 邮箱服务器 (497720537@qq.com) ...
[2026-08-27 17:17:56]  正在连接 QQ-备用 邮箱服务器 (shouqianbadavid@qq.com) ...
[2026-08-27 17:18:32]  正在连接 QQ-主 邮箱服务器 (497720537@qq.com) ...
[2026-08-27 17:18:33]  正在连接 QQ-备用 邮箱服务器 (shouqianbadavid@qq.com) ...
[2026-08-27 17:19:09]  正在连接 QQ-主 邮箱服务器 (497720537@qq.com) ...
[2026-08-27 17:19:11]  正在连接 QQ-备用 邮箱服务器 (shouqianbadavid@qq.com) ...
[2026-08-27 17:19:47]  正在连接 QQ-主 邮箱服务器 (497720537@qq.com) ...
[2026-08-27 17:19:48]  正在连接 QQ-备用 邮箱服务器 (shouqianbadavid@qq.com) ...
[2026-08-27 17:20:24]  正在连接 QQ-主 邮箱服务器 (497720537@qq.com) ...
[2026-08-27 17:20:25]  正在连接 QQ-备用 邮箱服务器 (shouqianbadavid@qq.com) ...
[2026-08-27 17:21:01]  正在连接 QQ-主 邮箱服务器 (497720537@qq.com) ...
[2026-08-27 17:21:02]  正在连接 QQ-备用 邮箱服务器 (shouqianbadavid@qq.com) ...
[2026-08-27 17:21:39]  正在连接 QQ-主 邮箱服务器 (497720537@qq.com) ...
[2026-08-27 17:21:40]  正在连接 QQ-备用 邮箱服务器 (shouqianbadavid@qq.com) ...
[2026-08-27 17:22:16]  正在连接 QQ-主 邮箱服务器 (497720537@qq.com) ...
[2026-08-27 17:22:17]  正在连接 QQ-备用 邮箱服务器 (shouqianbadavid@qq.com) ...
[2026-08-27 17:22:53]  正在连接 QQ-主 邮箱服务器 (497720537@qq.com) ...
[2026-08-27 17:22:54]  正在连接 QQ-备用 邮箱服务器 (shouqianbadavid@qq.com) ...
[2026-08-27 17:23:30]  正在连接 QQ-主 邮箱服务器 (497720537@qq.com) ...
[2026-08-27 17:23:32]  正在连接 QQ-备用 邮箱服务器 (shouqianbadavid@qq.com) ...
[2026-08-27 17:24:08]  正在连接 QQ-主 邮箱服务器 (497720537@qq.com) ...
[2026-08-27 17:24:09]  正在连接 QQ-备用 邮箱服务器 (shouqianbadavid@qq.com) ...
[2026-08-27 17:24:45]  正在连接 QQ-主 邮箱服务器 (497720537@qq.com) ...
[2026-08-27 17:24:46]  正在连接 QQ-备用 邮箱服务器 (shouqianbadavid@qq.com) ...
[2026-08-27 17:25:23]  正在连接 QQ-主 邮箱服务器 (497720537@qq.com) ...
[2026-08-27 17:25:24]  正在连接 QQ-备用 邮箱服务器 (shouqianbadavid@qq.com) ...
[2026-08-27 17:26:00]  正在连接 QQ-主 邮箱服务器 (497720537@qq.com) ...
[2026-08-27 17:26:01]  正在连接 QQ-备用 邮箱服务器 (shouqianbadavid@qq.com) ...
[2026-08-27 17:26:38]  正在连接 QQ-主 邮箱服务器 (497720537@qq.com) ...
[2026-08-27 17:26:39]  正在连接 QQ-备用 邮箱服务器 (shouqianbadavid@qq.com) ...
[2026-08-27 17:27:15]  正在连接 QQ-主 邮箱服务器 (497720537@qq.com) ...
[2026-08-27 17:27:16]  正在连接 QQ-备用 邮箱服务器 (shouqianbadavid@qq.com) ...
[2026-08-27 17:27:52]  正在连接 QQ-主 邮箱服务器 (497720537@qq.com) ...
[2026-08-27 17:27:53]  正在连接 QQ-备用 邮箱服务器 (shouqianbadavid@qq.com) ...
[2026-08-27 17:28:29]  正在连接 QQ-主 邮箱服务器 (497720537@qq.com) ...
[2026-08-27 17:28:30]  正在连接 QQ-备用 邮箱服务器 (shouqianbadavid@qq.com) ...
[2026-08-27 17:29:05]  正在连接 QQ-主 邮箱服务器 (497720537@qq.com) ...
[2026-08-27 17:29:07]  正在连接 QQ-备用 邮箱服务器 (shouqianbadavid@qq.com) ...
[2026-08-27 17:29:43]  正在连接 QQ-主 邮箱服务器 (497720537@qq.com) ...
[2026-08-27 17:29:44]  正在连接 QQ-备用 邮箱服务器 (shouqianbadavid@qq.com) ...
[2026-08-27 17:30:20]  正在连接 QQ-主 邮箱服务器 (497720537@qq.com) ...
[2026-08-27 17:30:21]  正在连接 QQ-备用 邮箱服务器 (shouqianbadavid@qq.com) ...
[2026-08-27 17:30:56]  正在连接 QQ-主 邮箱服务器 (497720537@qq.com) ...
[2026-08-27 17:30:57]  正在连接 QQ-备用 邮箱服务器 (shouqianbadavid@qq.com) ...
[2026-08-27 17:31:34]  正在连接 QQ-主 邮箱服务器 (497720537@qq.com) ...
[2026-08-27 17:31:35]  正在连接 QQ-备用 邮箱服务器 (shouqianbadavid@qq.com) ...
[2026-08-27 17:32:10]  正在连接 QQ-主 邮箱服务器 (497720537@qq.com) ...
[2026-08-27 17:32:12]  正在连接 QQ-备用 邮箱服务器 (shouqianbadavid@qq.com) ...
[2026-08-27 17:32:48]  正在连接 QQ-主 邮箱服务器 (497720537@qq.com) ...
[2026-08-27 17:32:49]  正在连接 QQ-备用 邮箱服务器 (shouqianbadavid@qq.com) ...
[2026-08-27 17:33:25]  正在连接 QQ-主 邮箱服务器 (497720537@qq.com) ...
[2026-08-27 17:33:26]  正在连接 QQ-备用 邮箱服务器 (shouqianbadavid@qq.com) ...
[2026-08-27 17:34:02]  正在连接 QQ-主 邮箱服务器 (497720537@qq.com) ...
[2026-08-27 17:34:04]  正在连接 QQ-备用 邮箱服务器 (shouqianbadavid@qq.com) ...
[2026-08-27 17:34:40]  正在连接 QQ-主 邮箱服务器 (497720537@qq.com) ...
[2026-08-27 17:34:41]  正在连接 QQ-备用 邮箱服务器 (shouqianbadavid@qq.com) ...
[2026-08-27 17:35:17]  正在连接 QQ-主 邮箱服务器 (497720537@qq.com) ...
[2026-08-27 17:35:19]  正在连接 QQ-备用 邮箱服务器 (shouqianbadavid@qq.com) ...
[2026-08-27 17:35:55]  正在连接 QQ-主 邮箱服务器 (497720537@qq.com) ...
[2026-08-27 17:35:56]  正在连接 QQ-备用 邮箱服务器 (shouqianbadavid@qq.com) ...
[2026-08-27 17:36:32]  正在连接 QQ-主 邮箱服务器 (497720537@qq.com) ...
[2026-08-27 17:36:33]  正在连接 QQ-备用 邮箱服务器 (shouqianbadavid@qq.com) ...
[2026-08-27 17:37:09]  正在连接 QQ-主 邮箱服务器 (497720537@qq.com) ...
[2026-08-27 17:37:10]  正在连接 QQ-备用 邮箱服务器 (shouqianbadavid@qq.com) ...
[2026-08-27 17:37:46]  正在连接 QQ-主 邮箱服务器 (497720537@qq.com) ...
[2026-08-27 17:37:47]  正在连接 QQ-备用 邮箱服务器 (shouqianbadavid@qq.com) ...
[2026-08-27 17:38:24]  正在连接 QQ-主 邮箱服务器 (497720537@qq.com) ...
[2026-08-27 17:38:25]  正在连接 QQ-备用 邮箱服务器 (shouqianbadavid@qq.com) ...
[2026-08-27 17:39:01]  正在连接 QQ-主 邮箱服务器 (497720537@qq.com) ...
[2026-08-27 17:39:02]  正在连接 QQ-备用 邮箱服务器 (shouqianbadavid@qq.com) ...
[2026-08-27 17:39:38]  正在连接 QQ-主 邮箱服务器 (497720537@qq.com) ...
[2026-08-27 17:39:39]  正在连接 QQ-备用 邮箱服务器 (shouqianbadavid@qq.com) ...
[2026-08-27 17:40:15]  正在连接 QQ-主 邮箱服务器 (497720537@qq.com) ...
[2026-08-27 17:40:17]  正在连接 QQ-备用 邮箱服务器 (shouqianbadavid@qq.com) ...
[2026-08-27 17:40:53]  正在连接 QQ-主 邮箱服务器 (497720537@qq.com) ...
[2026-08-27 17:40:54]  正在连接 QQ-备用 邮箱服务器 (shouqianbadavid@qq.com) ...
[2026-08-27 17:41:31]  正在连接 QQ-主 邮箱服务器 (497720537@qq.com) ...
[2026-08-27 17:41:32]  正在连接 QQ-备用 邮箱服务器 (shouqianbadavid@qq.com) ...
[2026-08-27 17:42:08]  正在连接 QQ-主 邮箱服务器 (497720537@qq.com) ...
[2026-08-27 17:42:09]  正在连接 QQ-备用 邮箱服务器 (shouqianbadavid@qq.com) ...
[2026-08-27 17:42:46]  正在连接 QQ-主 邮箱服务器 (497720537@qq.com) ...
[2026-08-27 17:42:47]  正在连接 QQ-备用 邮箱服务器 (shouqianbadavid@qq.com) ...
[2026-08-27 17:43:23]  正在连接 QQ-主 邮箱服务器 (497720537@qq.com) ...
[2026-08-27 17:43:24]  正在连接 QQ-备用 邮箱服务器 (shouqianbadavid@qq.com) ...
[2026-08-27 17:44:00]  正在连接 QQ-主 邮箱服务器 (497720537@qq.com) ...
[2026-08-27 17:44:01]  正在连接 QQ-备用 邮箱服务器 (shouqianbadavid@qq.com) ...
[2026-08-27 17:44:37]  正在连接 QQ-主 邮箱服务器 (497720537@qq.com) ...
[2026-08-27 17:44:38]  正在连接 QQ-备用 邮箱服务器 (shouqianbadavid@qq.com) ...
[2026-08-27 17:45:14]  正在连接 QQ-主 邮箱服务器 (497720537@qq.com) ...
[2026-08-27 17:45:15]  正在连接 QQ-备用 邮箱服务器 (shouqianbadavid@qq.com) ...
[2026-08-27 17:45:51]  正在连接 QQ-主 邮箱服务器 (497720537@qq.com) ...
[2026-08-27 17:45:53]  正在连接 QQ-备用 邮箱服务器 (shouqianbadavid@qq.com) ...
[2026-08-27 17:46:30]  正在连接 QQ-主 邮箱服务器 (497720537@qq.com) ...
[2026-08-27 17:46:31]  正在连接 QQ-备用 邮箱服务器 (shouqianbadavid@qq.com) ...
[2026-08-27 17:47:07]  正在连接 QQ-主 邮箱服务器 (497720537@qq.com) ...
[2026-08-27 17:47:09]  正在连接 QQ-备用 邮箱服务器 (shouqianbadavid@qq.com) ...
[2026-08-27 17:47:45]  正在连接 QQ-主 邮箱服务器 (497720537@qq.com) ...
[2026-08-27 17:47:46]  正在连接 QQ-备用 邮箱服务器 (shouqianbadavid@qq.com) ...
[2026-08-27 17:48:22]  正在连接 QQ-主 邮箱服务器 (497720537@qq.com) ...
[2026-08-27 17:48:23]  正在连接 QQ-备用 邮箱服务器 (shouqianbadavid@qq.com) ...
[2026-08-27 17:49:00]  正在连接 QQ-主 邮箱服务器 (497720537@qq.com) ...
[2026-08-27 17:49:01]  正在连接 QQ-备用 邮箱服务器 (shouqianbadavid@qq.com) ...
[2026-08-27 17:49:37]  正在连接 QQ-主 邮箱服务器 (497720537@qq.com) ...
[2026-08-27 17:49:38]  正在连接 QQ-备用 邮箱服务器 (shouqianbadavid@qq.com) ...
[2026-08-27 17:50:14]  正在连接 QQ-主 邮箱服务器 (497720537@qq.com) ...
[2026-08-27 17:50:15]  正在连接 QQ-备用 邮箱服务器 (shouqianbadavid@qq.com) ...
[2026-08-27 17:50:51]  正在连接 QQ-主 邮箱服务器 (497720537@qq.com) ...
[2026-08-27 17:50:52]  正在连接 QQ-备用 邮箱服务器 (shouqianbadavid@qq.com) ...
[2026-08-27 17:51:29]  正在连接 QQ-主 邮箱服务器 (497720537@qq.com) ...
[2026-08-27 17:51:30]  正在连接 QQ-备用 邮箱服务器 (shouqianbadavid@qq.com) ...
[2026-08-27 17:52:06]  正在连接 QQ-主 邮箱服务器 (497720537@qq.com) ...
[2026-08-27 17:52:08]  正在连接 QQ-备用 邮箱服务器 (shouqianbadavid@qq.com) ...
[2026-08-27 17:52:44]  正在连接 QQ-主 邮箱服务器 (497720537@qq.com) ...
[2026-08-27 17:52:45]  正在连接 QQ-备用 邮箱服务器 (shouqianbadavid@qq.com) ...
[2026-08-27 17:53:21]  正在连接 QQ-主 邮箱服务器 (497720537@qq.com) ...
[2026-08-27 17:53:22]  正在连接 QQ-备用 邮箱服务器 (shouqianbadavid@qq.com) ...
[2026-08-27 17:53:59]  正在连接 QQ-主 邮箱服务器 (497720537@qq.com) ...
[2026-08-27 17:54:00]  正在连接 QQ-备用 邮箱服务器 (shouqianbadavid@qq.com) ...
[2026-08-27 17:54:36]  正在连接 QQ-主 邮箱服务器 (497720537@qq.com) ...
[2026-08-27 17:54:37]  正在连接 QQ-备用 邮箱服务器 (shouqianbadavid@qq.com) ...
[2026-08-27 17:55:13]  正在连接 QQ-主 邮箱服务器 (497720537@qq.com) ...
[2026-08-27 17:55:15]  正在连接 QQ-备用 邮箱服务器 (shouqianbadavid@qq.com) ...
[2026-08-27 17:55:51]  正在连接 QQ-主 邮箱服务器 (497720537@qq.com) ...
[2026-08-27 17:55:52]  正在连接 QQ-备用 邮箱服务器 (shouqianbadavid@qq.com) ...
[2026-08-27 17:56:29]  正在连接 QQ-主 邮箱服务器 (497720537@qq.com) ...
[2026-08-27 17:56:30]  正在连接 QQ-备用 邮箱服务器 (shouqianbadavid@qq.com) ...
[2026-08-27 17:57:06]  正在连接 QQ-主 邮箱服务器 (497720537@qq.com) ...
[2026-08-27 17:57:07]  正在连接 QQ-备用 邮箱服务器 (shouqianbadavid@qq.com) ...
[2026-08-27 17:57:44]  正在连接 QQ-主 邮箱服务器 (497720537@qq.com) ...
[2026-08-27 17:57:45]  正在连接 QQ-备用 邮箱服务器 (shouqianbadavid@qq.com) ...
[2026-08-27 17:58:21]  正在连接 QQ-主 邮箱服务器 (497720537@qq.com) ...
[2026-08-27 17:58:22]  正在连接 QQ-备用 邮箱服务器 (shouqianbadavid@qq.com) ...
[2026-08-27 17:58:58]  正在连接 QQ-主 邮箱服务器 (497720537@qq.com) ...
[2026-08-27 17:58:59]  正在连接 QQ-备用 邮箱服务器 (shouqianbadavid@qq.com) ...
[2026-08-27 17:59:36]  正在连接 QQ-主 邮箱服务器 (497720537@qq.com) ...
[2026-08-27 17:59:37]  正在连接 QQ-备用 邮箱服务器 (shouqianbadavid@qq.com) ...
[2026-08-27 18:00:13]  正在连接 QQ-主 邮箱服务器 (497720537@qq.com) ...
[2026-08-27 18:00:14]  正在连接 QQ-备用 邮箱服务器 (shouqianbadavid@qq.com) ...
[2026-08-27 18:00:51]  正在连接 QQ-主 邮箱服务器 (497720537@qq.com) ...
[2026-08-27 18:00:52]  正在连接 QQ-备用 邮箱服务器 (shouqianbadavid@qq.com) ...
[2026-08-27 18:01:28]  正在连接 QQ-主 邮箱服务器 (497720537@qq.com) ...
[2026-08-27 18:01:30]  正在连接 QQ-备用 邮箱服务器 (shouqianbadavid@qq.com) ...
[2026-08-27 18:02:06]  正在连接 QQ-主 邮箱服务器 (497720537@qq.com) ...
[2026-08-27 18:02:07]  正在连接 QQ-备用 邮箱服务器 (shouqianbadavid@qq.com) ...
[2026-08-27 18:02:43]  正在连接 QQ-主 邮箱服务器 (497720537@qq.com) ...
[2026-08-27 18:02:45]  正在连接 QQ-备用 邮箱服务器 (shouqianbadavid@qq.com) ...
[2026-08-27 18:03:21]  正在连接 QQ-主 邮箱服务器 (497720537@qq.com) ...
[2026-08-27 18:03:22]  正在连接 QQ-备用 邮箱服务器 (shouqianbadavid@qq.com) ...
[2026-08-27 18:03:58]  正在连接 QQ-主 邮箱服务器 (497720537@qq.com) ...
[2026-08-27 18:03:59]  正在连接 QQ-备用 邮箱服务器 (shouqianbadavid@qq.com) ...
[2026-08-27 18:04:36]  正在连接 QQ-主 邮箱服务器 (497720537@qq.com) ...
[2026-08-27 18:04:37]  正在连接 QQ-备用 邮箱服务器 (shouqianbadavid@qq.com) ...
[2026-08-27 18:05:13]  正在连接 QQ-主 邮箱服务器 (497720537@qq.com) ...
[2026-08-27 18:05:15]  正在连接 QQ-备用 邮箱服务器 (shouqianbadavid@qq.com) ...
[2026-08-27 18:05:51]  正在连接 QQ-主 邮箱服务器 (497720537@qq.com) ...
[2026-08-27 18:05:52]  正在连接 QQ-备用 邮箱服务器 (shouqianbadavid@qq.com) ...
[2026-08-27 18:06:28]  正在连接 QQ-主 邮箱服务器 (497720537@qq.com) ...
[2026-08-27 18:06:29]  正在连接 QQ-备用 邮箱服务器 (shouqianbadavid@qq.com) ...
[2026-08-27 18:07:06]  正在连接 QQ-主 邮箱服务器 (497720537@qq.com) ...
[2026-08-27 18:07:07]  正在连接 QQ-备用 邮箱服务器 (shouqianbadavid@qq.com) ...
[2026-08-27 18:07:43]  正在连接 QQ-主 邮箱服务器 (497720537@qq.com) ...
[2026-08-27 18:07:44]  正在连接 QQ-备用 邮箱服务器 (shouqianbadavid@qq.com) ...
[2026-08-27 18:08:20]  正在连接 QQ-主 邮箱服务器 (497720537@qq.com) ...
[2026-08-27 18:08:21]  正在连接 QQ-备用 邮箱服务器 (shouqianbadavid@qq.com) ...
[2026-08-27 18:08:58]  正在连接 QQ-主 邮箱服务器 (497720537@qq.com) ...
[2026-08-27 18:08:59]  正在连接 QQ-备用 邮箱服务器 (shouqianbadavid@qq.com) ...
[2026-08-27 18:09:35]  正在连接 QQ-主 邮箱服务器 (497720537@qq.com) ...
[2026-08-27 18:09:36]  正在连接 QQ-备用 邮箱服务器 (shouqianbadavid@qq.com) ...
[2026-08-27 18:10:12]  正在连接 QQ-主 邮箱服务器 (497720537@qq.com) ...
[2026-08-27 18:10:13]  正在连接 QQ-备用 邮箱服务器 (shouqianbadavid@qq.com) ...
[2026-08-27 18:10:50]  正在连接 QQ-主 邮箱服务器 (497720537@qq.com) ...
[2026-08-27 18:10:51]  正在连接 QQ-备用 邮箱服务器 (shouqianbadavid@qq.com) ...
[2026-08-27 18:11:27]  正在连接 QQ-主 邮箱服务器 (497720537@qq.com) ...
[2026-08-27 18:11:28]  正在连接 QQ-备用 邮箱服务器 (shouqianbadavid@qq.com) ...
[2026-08-27 18:12:05]  正在连接 QQ-主 邮箱服务器 (497720537@qq.com) ...
[2026-08-27 18:12:06]  正在连接 QQ-备用 邮箱服务器 (shouqianbadavid@qq.com) ...
[2026-08-27 18:12:42]  正在连接 QQ-主 邮箱服务器 (497720537@qq.com) ...
[2026-08-27 18:12:43]  正在连接 QQ-备用 邮箱服务器 (shouqianbadavid@qq.com) ...
[2026-08-27 18:13:19]  正在连接 QQ-主 邮箱服务器 (497720537@qq.com) ...
[2026-08-27 18:13:20]  正在连接 QQ-备用 邮箱服务器 (shouqianbadavid@qq.com) ...
[2026-08-27 18:13:57]  正在连接 QQ-主 邮箱服务器 (497720537@qq.com) ...
[2026-08-27 18:13:58]  正在连接 QQ-备用 邮箱服务器 (shouqianbadavid@qq.com) ...
[2026-08-27 18:14:34]  正在连接 QQ-主 邮箱服务器 (497720537@qq.com) ...
[2026-08-27 18:14:35]  正在连接 QQ-备用 邮箱服务器 (shouqianbadavid@qq.com) ...
[2026-08-27 18:15:12]  正在连接 QQ-主 邮箱服务器 (497720537@qq.com) ...
[2026-08-27 18:15:12]  正在连接 QQ-备用 邮箱服务器 (shouqianbadavid@qq.com) ...
[2026-08-27 18:15:48]  正在连接 QQ-主 邮箱服务器 (497720537@qq.com) ...
[2026-08-27 18:15:49]  正在连接 QQ-备用 邮箱服务器 (shouqianbadavid@qq.com) ...
[2026-08-27 18:16:25]  正在连接 QQ-主 邮箱服务器 (497720537@qq.com) ...
[2026-08-27 18:16:27]  正在连接 QQ-备用 邮箱服务器 (shouqianbadavid@qq.com) ...
[2026-08-27 18:17:03]  正在连接 QQ-主 邮箱服务器 (497720537@qq.com) ...
[2026-08-27 18:17:04]  正在连接 QQ-备用 邮箱服务器 (shouqianbadavid@qq.com) ...
[2026-08-27 18:17:40]  正在连接 QQ-主 邮箱服务器 (497720537@qq.com) ...
[2026-08-27 18:17:42]  正在连接 QQ-备用 邮箱服务器 (shouqianbadavid@qq.com) ...
[2026-08-27 18:18:18]  正在连接 QQ-主 邮箱服务器 (497720537@qq.com) ...
[2026-08-27 18:18:19]  正在连接 QQ-备用 邮箱服务器 (shouqianbadavid@qq.com) ...
[2026-08-27 18:18:55]  正在连接 QQ-主 邮箱服务器 (497720537@qq.com) ...
[2026-08-27 18:18:57]  正在连接 QQ-备用 邮箱服务器 (shouqianbadavid@qq.com) ...
[2026-08-27 18:19:33]  正在连接 QQ-主 邮箱服务器 (497720537@qq.com) ...
[2026-08-27 18:19:34]  正在连接 QQ-备用 邮箱服务器 (shouqianbadavid@qq.com) ...
[2026-08-27 18:20:11]  正在连接 QQ-主 邮箱服务器 (497720537@qq.com) ...
[2026-08-27 18:20:12]  正在连接 QQ-备用 邮箱服务器 (shouqianbadavid@qq.com) ...
[2026-08-27 18:20:47]  正在连接 QQ-主 邮箱服务器 (497720537@qq.com) ...
[2026-08-27 18:20:49]  正在连接 QQ-备用 邮箱服务器 (shouqianbadavid@qq.com) ...
[2026-08-27 18:21:25]  正在连接 QQ-主 邮箱服务器 (497720537@qq.com) ...
[2026-08-27 18:21:25]  正在连接 QQ-备用 邮箱服务器 (shouqianbadavid@qq.com) ...
[2026-08-27 18:22:01]  正在连接 QQ-主 邮箱服务器 (497720537@qq.com) ...
[2026-08-27 18:22:03]  正在连接 QQ-备用 邮箱服务器 (shouqianbadavid@qq.com) ...
[2026-08-27 18:22:39]  正在连接 QQ-主 邮箱服务器 (497720537@qq.com) ...
[2026-08-27 18:22:40]  正在连接 QQ-备用 邮箱服务器 (shouqianbadavid@qq.com) ...
[2026-08-27 18:23:16]  正在连接 QQ-主 邮箱服务器 (497720537@qq.com) ...
[2026-08-27 18:23:17]  正在连接 QQ-备用 邮箱服务器 (shouqianbadavid@qq.com) ...
[2026-08-27 18:23:53]  正在连接 QQ-主 邮箱服务器 (497720537@qq.com) ...
[2026-08-27 18:23:54]  正在连接 QQ-备用 邮箱服务器 (shouqianbadavid@qq.com) ...
[2026-08-27 18:24:30]  正在连接 QQ-主 邮箱服务器 (497720537@qq.com) ...
[2026-08-27 18:24:31]  正在连接 QQ-备用 邮箱服务器 (shouqianbadavid@qq.com) ...
[2026-08-27 18:25:07]  正在连接 QQ-主 邮箱服务器 (497720537@qq.com) ...
[2026-08-27 18:25:08]  正在连接 QQ-备用 邮箱服务器 (shouqianbadavid@qq.com) ...
[2026-08-27 18:25:44]  正在连接 QQ-主 邮箱服务器 (497720537@qq.com) ...
[2026-08-27 18:25:45]  正在连接 QQ-备用 邮箱服务器 (shouqianbadavid@qq.com) ...
[2026-08-27 18:26:21]  正在连接 QQ-主 邮箱服务器 (497720537@qq.com) ...
[2026-08-27 18:26:22]  正在连接 QQ-备用 邮箱服务器 (shouqianbadavid@qq.com) ...
[2026-08-27 18:26:58]  正在连接 QQ-主 邮箱服务器 (497720537@qq.com) ...
[2026-08-27 18:26:59]  正在连接 QQ-备用 邮箱服务器 (shouqianbadavid@qq.com) ...
[2026-08-27 18:27:36]  正在连接 QQ-主 邮箱服务器 (497720537@qq.com) ...
[2026-08-27 18:27:37]  正在连接 QQ-备用 邮箱服务器 (shouqianbadavid@qq.com) ...
[2026-08-27 18:28:13]  正在连接 QQ-主 邮箱服务器 (497720537@qq.com) ...
[2026-08-27 18:28:14]  正在连接 QQ-备用 邮箱服务器 (shouqianbadavid@qq.com) ...
[2026-08-27 18:28:50]  正在连接 QQ-主 邮箱服务器 (497720537@qq.com) ...
[2026-08-27 18:28:51]  正在连接 QQ-备用 邮箱服务器 (shouqianbadavid@qq.com) ...
[2026-08-27 18:29:28]  正在连接 QQ-主 邮箱服务器 (497720537@qq.com) ...
[2026-08-27 18:29:29]  正在连接 QQ-备用 邮箱服务器 (shouqianbadavid@qq.com) ...
[2026-08-27 18:30:05]  正在连接 QQ-主 邮箱服务器 (497720537@qq.com) ...
[2026-08-27 18:30:06]  正在连接 QQ-备用 邮箱服务器 (shouqianbadavid@qq.com) ...
[2026-08-27 18:30:43]  正在连接 QQ-主 邮箱服务器 (497720537@qq.com) ...
[2026-08-27 18:30:43]  正在连接 QQ-备用 邮箱服务器 (shouqianbadavid@qq.com) ...
[2026-08-27 18:31:20]  正在连接 QQ-主 邮箱服务器 (497720537@qq.com) ...
[2026-08-27 18:31:21]  正在连接 QQ-备用 邮箱服务器 (shouqianbadavid@qq.com) ...
[2026-08-27 18:31:57]  正在连接 QQ-主 邮箱服务器 (497720537@qq.com) ...
[2026-08-27 18:31:58]  正在连接 QQ-备用 邮箱服务器 (shouqianbadavid@qq.com) ...
[2026-08-27 18:32:35]  正在连接 QQ-主 邮箱服务器 (497720537@qq.com) ...
[2026-08-27 18:32:36]  正在连接 QQ-备用 邮箱服务器 (shouqianbadavid@qq.com) ...
[2026-08-27 18:33:12]  正在连接 QQ-主 邮箱服务器 (497720537@qq.com) ...
[2026-08-27 18:33:13]  正在连接 QQ-备用 邮箱服务器 (shouqianbadavid@qq.com) ...
[2026-08-27 18:33:49]  正在连接 QQ-主 邮箱服务器 (497720537@qq.com) ...
[2026-08-27 18:33:50]  正在连接 QQ-备用 邮箱服务器 (shouqianbadavid@qq.com) ...
[2026-08-27 18:34:26]  正在连接 QQ-主 邮箱服务器 (497720537@qq.com) ...
[2026-08-27 18:34:28]  正在连接 QQ-备用 邮箱服务器 (shouqianbadavid@qq.com) ...
[2026-08-27 18:35:04]  正在连接 QQ-主 邮箱服务器 (497720537@qq.com) ...
[2026-08-27 18:35:05]  正在连接 QQ-备用 邮箱服务器 (shouqianbadavid@qq.com) ...
[2026-08-27 18:35:41]  正在连接 QQ-主 邮箱服务器 (497720537@qq.com) ...
[2026-08-27 18:35:42]  正在连接 QQ-备用 邮箱服务器 (shouqianbadavid@qq.com) ...
[2026-08-27 18:36:18]  正在连接 QQ-主 邮箱服务器 (497720537@qq.com) ...
[2026-08-27 18:36:19]  正在连接 QQ-备用 邮箱服务器 (shouqianbadavid@qq.com) ...
[2026-08-27 18:36:56]  正在连接 QQ-主 邮箱服务器 (497720537@qq.com) ...
[2026-08-27 18:36:57]  正在连接 QQ-备用 邮箱服务器 (shouqianbadavid@qq.com) ...
[2026-08-27 18:37:33]  正在连接 QQ-主 邮箱服务器 (497720537@qq.com) ...
[2026-08-27 18:37:34]  正在连接 QQ-备用 邮箱服务器 (shouqianbadavid@qq.com) ...
[2026-08-27 18:38:10]  正在连接 QQ-主 邮箱服务器 (497720537@qq.com) ...
[2026-08-27 18:38:12]  正在连接 QQ-备用 邮箱服务器 (shouqianbadavid@qq.com) ...
[2026-08-27 18:38:48]  正在连接 QQ-主 邮箱服务器 (497720537@qq.com) ...
[2026-08-27 18:38:49]  正在连接 QQ-备用 邮箱服务器 (shouqianbadavid@qq.com) ...
[2026-08-27 18:39:25]  正在连接 QQ-主 邮箱服务器 (497720537@qq.com) ...
[2026-08-27 18:39:26]  正在连接 QQ-备用 邮箱服务器 (shouqianbadavid@qq.com) ...
[2026-08-27 18:40:02]  正在连接 QQ-主 邮箱服务器 (497720537@qq.com) ...
[2026-08-27 18:40:04]  正在连接 QQ-备用 邮箱服务器 (shouqianbadavid@qq.com) ...
[2026-08-27 18:40:40]  正在连接 QQ-主 邮箱服务器 (497720537@qq.com) ...
[2026-08-27 18:40:41]  正在连接 QQ-备用 邮箱服务器 (shouqianbadavid@qq.com) ...
[2026-08-27 18:41:17]  正在连接 QQ-主 邮箱服务器 (497720537@qq.com) ...
[2026-08-27 18:41:18]  正在连接 QQ-备用 邮箱服务器 (shouqianbadavid@qq.com) ...
[2026-08-27 18:41:54]  正在连接 QQ-主 邮箱服务器 (497720537@qq.com) ...
[2026-08-27 18:41:55]  正在连接 QQ-备用 邮箱服务器 (shouqianbadavid@qq.com) ...
[2026-08-27 18:42:32]  正在连接 QQ-主 邮箱服务器 (497720537@qq.com) ...
[2026-08-27 18:42:33]  正在连接 QQ-备用 邮箱服务器 (shouqianbadavid@qq.com) ...
[2026-08-27 18:43:09]  正在连接 QQ-主 邮箱服务器 (497720537@qq.com) ...
[2026-08-27 18:43:10]  正在连接 QQ-备用 邮箱服务器 (shouqianbadavid@qq.com) ...
[2026-08-27 18:43:46]  正在连接 QQ-主 邮箱服务器 (497720537@qq.com) ...
[2026-08-27 18:43:47]  正在连接 QQ-备用 邮箱服务器 (shouqianbadavid@qq.com) ...
[2026-08-27 18:44:24]  正在连接 QQ-主 邮箱服务器 (497720537@qq.com) ...
[2026-08-27 18:44:25]  正在连接 QQ-备用 邮箱服务器 (shouqianbadavid@qq.com) ...
[2026-08-27 18:45:01]  正在连接 QQ-主 邮箱服务器 (497720537@qq.com) ...
[2026-08-27 18:45:02]  正在连接 QQ-备用 邮箱服务器 (shouqianbadavid@qq.com) ...
[2026-08-27 18:45:38]  正在连接 QQ-主 邮箱服务器 (497720537@qq.com) ...
[2026-08-27 18:45:40]  正在连接 QQ-备用 邮箱服务器 (shouqianbadavid@qq.com) ...
[2026-08-27 18:46:15]  正在连接 QQ-主 邮箱服务器 (497720537@qq.com) ...
[2026-08-27 18:46:17]  正在连接 QQ-备用 邮箱服务器 (shouqianbadavid@qq.com) ...
[2026-08-27 18:46:53]  正在连接 QQ-主 邮箱服务器 (497720537@qq.com) ...
[2026-08-27 18:46:54]  正在连接 QQ-备用 邮箱服务器 (shouqianbadavid@qq.com) ...
[2026-08-27 18:47:30]  正在连接 QQ-主 邮箱服务器 (497720537@qq.com) ...
[2026-08-27 18:47:31]  正在连接 QQ-备用 邮箱服务器 (shouqianbadavid@qq.com) ...
[2026-08-27 18:48:07]  正在连接 QQ-主 邮箱服务器 (497720537@qq.com) ...
[2026-08-27 18:48:08]  正在连接 QQ-备用 邮箱服务器 (shouqianbadavid@qq.com) ...
[2026-08-27 18:48:45]  正在连接 QQ-主 邮箱服务器 (497720537@qq.com) ...
[2026-08-27 18:48:46]  正在连接 QQ-备用 邮箱服务器 (shouqianbadavid@qq.com) ...
[2026-08-27 18:49:22]  正在连接 QQ-主 邮箱服务器 (497720537@qq.com) ...
[2026-08-27 18:49:23]  正在连接 QQ-备用 邮箱服务器 (shouqianbadavid@qq.com) ...
[2026-08-27 18:49:59]  正在连接 QQ-主 邮箱服务器 (497720537@qq.com) ...
[2026-08-27 18:50:00]  正在连接 QQ-备用 邮箱服务器 (shouqianbadavid@qq.com) ...
[2026-08-27 18:50:36]  正在连接 QQ-主 邮箱服务器 (497720537@qq.com) ...
[2026-08-27 18:50:37]  正在连接 QQ-备用 邮箱服务器 (shouqianbadavid@qq.com) ...
[2026-08-27 18:51:13]  正在连接 QQ-主 邮箱服务器 (497720537@qq.com) ...
[2026-08-27 18:51:14]  正在连接 QQ-备用 邮箱服务器 (shouqianbadavid@qq.com) ...
[2026-08-27 18:51:50]  正在连接 QQ-主 邮箱服务器 (497720537@qq.com) ...
[2026-08-27 18:51:51]  正在连接 QQ-备用 邮箱服务器 (shouqianbadavid@qq.com) ...
[2026-08-27 18:52:27]  正在连接 QQ-主 邮箱服务器 (497720537@qq.com) ...
[2026-08-27 18:52:28]  正在连接 QQ-备用 邮箱服务器 (shouqianbadavid@qq.com) ...
[2026-08-27 18:53:05]  正在连接 QQ-主 邮箱服务器 (497720537@qq.com) ...
[2026-08-27 18:53:06]  正在连接 QQ-备用 邮箱服务器 (shouqianbadavid@qq.com) ...
[2026-08-27 18:53:42]  正在连接 QQ-主 邮箱服务器 (497720537@qq.com) ...
[2026-08-27 18:53:43]  正在连接 QQ-备用 邮箱服务器 (shouqianbadavid@qq.com) ...
[2026-08-27 18:54:20]  正在连接 QQ-主 邮箱服务器 (497720537@qq.com) ...
[2026-08-27 18:54:21]  正在连接 QQ-备用 邮箱服务器 (shouqianbadavid@qq.com) ...
[2026-08-27 18:54:57]  正在连接 QQ-主 邮箱服务器 (497720537@qq.com) ...
[2026-08-27 18:54:58]  正在连接 QQ-备用 邮箱服务器 (shouqianbadavid@qq.com) ...
[2026-08-27 18:55:35]  正在连接 QQ-主 邮箱服务器 (497720537@qq.com) ...
[2026-08-27 18:55:36]  正在连接 QQ-备用 邮箱服务器 (shouqianbadavid@qq.com) ...
[2026-08-27 18:56:12]  正在连接 QQ-主 邮箱服务器 (497720537@qq.com) ...
[2026-08-27 18:56:13]  正在连接 QQ-备用 邮箱服务器 (shouqianbadavid@qq.com) ...
[2026-08-27 18:56:49]  正在连接 QQ-主 邮箱服务器 (497720537@qq.com) ...
[2026-08-27 18:56:51]  正在连接 QQ-备用 邮箱服务器 (shouqianbadavid@qq.com) ...
[2026-08-27 18:57:27]  正在连接 QQ-主 邮箱服务器 (497720537@qq.com) ...
[2026-08-27 18:57:28]  正在连接 QQ-备用 邮箱服务器 (shouqianbadavid@qq.com) ...
[2026-08-27 18:58:04]  正在连接 QQ-主 邮箱服务器 (497720537@qq.com) ...
[2026-08-27 18:58:05]  正在连接 QQ-备用 邮箱服务器 (shouqianbadavid@qq.com) ...
[2026-08-27 18:58:41]  正在连接 QQ-主 邮箱服务器 (497720537@qq.com) ...
[2026-08-27 18:58:42]  正在连接 QQ-备用 邮箱服务器 (shouqianbadavid@qq.com) ...
[2026-08-27 18:59:18]  正在连接 QQ-主 邮箱服务器 (497720537@qq.com) ...
[2026-08-27 18:59:20]  正在连接 QQ-备用 邮箱服务器 (shouqianbadavid@qq.com) ...
[2026-08-27 18:59:56]  正在连接 QQ-主 邮箱服务器 (497720537@qq.com) ...
[2026-08-27 18:59:57]  正在连接 QQ-备用 邮箱服务器 (shouqianbadavid@qq.com) ...
[2026-08-27 19:00:33]  正在连接 QQ-主 邮箱服务器 (497720537@qq.com) ...
[2026-08-27 19:00:35]  正在连接 QQ-备用 邮箱服务器 (shouqianbadavid@qq.com) ...
[2026-08-27 19:01:11]  正在连接 QQ-主 邮箱服务器 (497720537@qq.com) ...
[2026-08-27 19:01:12]  正在连接 QQ-备用 邮箱服务器 (shouqianbadavid@qq.com) ...
[2026-08-27 19:01:48]  正在连接 QQ-主 邮箱服务器 (497720537@qq.com) ...
[2026-08-27 19:01:49]  正在连接 QQ-备用 邮箱服务器 (shouqianbadavid@qq.com) ...
[2026-08-27 19:02:26]  正在连接 QQ-主 邮箱服务器 (497720537@qq.com) ...
[2026-08-27 19:02:27]  正在连接 QQ-备用 邮箱服务器 (shouqianbadavid@qq.com) ...
[2026-08-27 19:03:03]  正在连接 QQ-主 邮箱服务器 (497720537@qq.com) ...
[2026-08-27 19:03:04]  正在连接 QQ-备用 邮箱服务器 (shouqianbadavid@qq.com) ...
[2026-08-27 19:03:40]  正在连接 QQ-主 邮箱服务器 (497720537@qq.com) ...
[2026-08-27 19:03:41]  正在连接 QQ-备用 邮箱服务器 (shouqianbadavid@qq.com) ...
[2026-08-27 19:04:18]  正在连接 QQ-主 邮箱服务器 (497720537@qq.com) ...
[2026-08-27 19:04:19]  正在连接 QQ-备用 邮箱服务器 (shouqianbadavid@qq.com) ...
[2026-08-27 19:04:55]  正在连接 QQ-主 邮箱服务器 (497720537@qq.com) ...
[2026-08-27 19:04:56]  正在连接 QQ-备用 邮箱服务器 (shouqianbadavid@qq.com) ...
[2026-08-27 19:05:32]  正在连接 QQ-主 邮箱服务器 (497720537@qq.com) ...
[2026-08-27 19:05:34]  正在连接 QQ-备用 邮箱服务器 (shouqianbadavid@qq.com) ...
[2026-08-27 19:06:10]  正在连接 QQ-主 邮箱服务器 (497720537@qq.com) ...
[2026-08-27 19:06:11]  正在连接 QQ-备用 邮箱服务器 (shouqianbadavid@qq.com) ...
[2026-08-27 19:06:47]  正在连接 QQ-主 邮箱服务器 (497720537@qq.com) ...
[2026-08-27 19:06:49]  正在连接 QQ-备用 邮箱服务器 (shouqianbadavid@qq.com) ...
[2026-08-27 19:07:25]  正在连接 QQ-主 邮箱服务器 (497720537@qq.com) ...
[2026-08-27 19:07:26]  正在连接 QQ-备用 邮箱服务器 (shouqianbadavid@qq.com) ...
[2026-08-27 19:08:03]  正在连接 QQ-主 邮箱服务器 (497720537@qq.com) ...
[2026-08-27 19:08:04]  正在连接 QQ-备用 邮箱服务器 (shouqianbadavid@qq.com) ...
[2026-08-27 19:08:40]  正在连接 QQ-主 邮箱服务器 (497720537@qq.com) ...
[2026-08-27 19:08:42]  正在连接 QQ-备用 邮箱服务器 (shouqianbadavid@qq.com) ...
[2026-08-27 19:09:18]  正在连接 QQ-主 邮箱服务器 (497720537@qq.com) ...
[2026-08-27 19:09:19]  正在连接 QQ-备用 邮箱服务器 (shouqianbadavid@qq.com) ...
[2026-08-27 19:09:55]  正在连接 QQ-主 邮箱服务器 (497720537@qq.com) ...
[2026-08-27 19:09:57]  正在连接 QQ-备用 邮箱服务器 (shouqianbadavid@qq.com) ...
[2026-08-27 19:10:33]  正在连接 QQ-主 邮箱服务器 (497720537@qq.com) ...
[2026-08-27 19:10:34]  正在连接 QQ-备用 邮箱服务器 (shouqianbadavid@qq.com) ...
[2026-08-27 19:11:10]  正在连接 QQ-主 邮箱服务器 (497720537@qq.com) ...
[2026-08-27 19:11:11]  正在连接 QQ-备用 邮箱服务器 (shouqianbadavid@qq.com) ...
[2026-08-27 19:11:47]  正在连接 QQ-主 邮箱服务器 (497720537@qq.com) ...
[2026-08-27 19:11:49]  正在连接 QQ-备用 邮箱服务器 (shouqianbadavid@qq.com) ...
[2026-08-27 19:12:25]  正在连接 QQ-主 邮箱服务器 (497720537@qq.com) ...
[2026-08-27 19:12:26]  正在连接 QQ-备用 邮箱服务器 (shouqianbadavid@qq.com) ...
[2026-08-27 19:13:02]  正在连接 QQ-主 邮箱服务器 (497720537@qq.com) ...
[2026-08-27 19:13:04]  正在连接 QQ-备用 邮箱服务器 (shouqianbadavid@qq.com) ...
[2026-08-27 19:13:40]  正在连接 QQ-主 邮箱服务器 (497720537@qq.com) ...
[2026-08-27 19:13:41]  正在连接 QQ-备用 邮箱服务器 (shouqianbadavid@qq.com) ...
[2026-08-27 19:14:17]  正在连接 QQ-主 邮箱服务器 (497720537@qq.com) ...
[2026-08-27 19:14:18]  正在连接 QQ-备用 邮箱服务器 (shouqianbadavid@qq.com) ...
[2026-08-27 19:14:55]  正在连接 QQ-主 邮箱服务器 (497720537@qq.com) ...
[2026-08-27 19:14:56]  正在连接 QQ-备用 邮箱服务器 (shouqianbadavid@qq.com) ...
[2026-08-27 19:15:32]  正在连接 QQ-主 邮箱服务器 (497720537@qq.com) ...
[2026-08-27 19:15:34]  正在连接 QQ-备用 邮箱服务器 (shouqianbadavid@qq.com) ...
[2026-08-27 19:16:10]  正在连接 QQ-主 邮箱服务器 (497720537@qq.com) ...
[2026-08-27 19:16:11]  正在连接 QQ-备用 邮箱服务器 (shouqianbadavid@qq.com) ...
[2026-08-27 19:16:46]  正在连接 QQ-主 邮箱服务器 (497720537@qq.com) ...
[2026-08-27 19:16:48]  正在连接 QQ-备用 邮箱服务器 (shouqianbadavid@qq.com) ...
[2026-08-27 19:17:24]  正在连接 QQ-主 邮箱服务器 (497720537@qq.com) ...
[2026-08-27 19:17:25]  正在连接 QQ-备用 邮箱服务器 (shouqianbadavid@qq.com) ...
[2026-08-27 19:18:01]  正在连接 QQ-主 邮箱服务器 (497720537@qq.com) ...
[2026-08-27 19:18:02]  正在连接 QQ-备用 邮箱服务器 (shouqianbadavid@qq.com) ...
[2026-08-27 19:18:39]  正在连接 QQ-主 邮箱服务器 (497720537@qq.com) ...
[2026-08-27 19:18:40]  正在连接 QQ-备用 邮箱服务器 (shouqianbadavid@qq.com) ...
[2026-08-27 19:19:16]  正在连接 QQ-主 邮箱服务器 (497720537@qq.com) ...
[2026-08-27 19:19:17]  正在连接 QQ-备用 邮箱服务器 (shouqianbadavid@qq.com) ...
[2026-08-27 19:19:54]  正在连接 QQ-主 邮箱服务器 (497720537@qq.com) ...
[2026-08-27 19:19:55]  正在连接 QQ-备用 邮箱服务器 (shouqianbadavid@qq.com) ...
[2026-08-27 19:20:31]  正在连接 QQ-主 邮箱服务器 (497720537@qq.com) ...
[2026-08-27 19:20:32]  正在连接 QQ-备用 邮箱服务器 (shouqianbadavid@qq.com) ...
[2026-08-27 19:21:08]  正在连接 QQ-主 邮箱服务器 (497720537@qq.com) ...
[2026-08-27 19:21:10]  正在连接 QQ-备用 邮箱服务器 (shouqianbadavid@qq.com) ...
[2026-08-27 19:21:46]  正在连接 QQ-主 邮箱服务器 (497720537@qq.com) ...
[2026-08-27 19:21:47]  正在连接 QQ-备用 邮箱服务器 (shouqianbadavid@qq.com) ...
[2026-08-27 19:22:23]  正在连接 QQ-主 邮箱服务器 (497720537@qq.com) ...
[2026-08-27 19:22:24]  正在连接 QQ-备用 邮箱服务器 (shouqianbadavid@qq.com) ...
[2026-08-27 19:23:01]  正在连接 QQ-主 邮箱服务器 (497720537@qq.com) ...
[2026-08-27 19:23:02]  正在连接 QQ-备用 邮箱服务器 (shouqianbadavid@qq.com) ...
[2026-08-27 19:23:38]  正在连接 QQ-主 邮箱服务器 (497720537@qq.com) ...
[2026-08-27 19:23:39]  正在连接 QQ-备用 邮箱服务器 (shouqianbadavid@qq.com) ...
[2026-08-27 19:24:15]  正在连接 QQ-主 邮箱服务器 (497720537@qq.com) ...
[2026-08-27 19:24:17]  正在连接 QQ-备用 邮箱服务器 (shouqianbadavid@qq.com) ...
[2026-08-27 19:24:53]  正在连接 QQ-主 邮箱服务器 (497720537@qq.com) ...
[2026-08-27 19:24:54]  正在连接 QQ-备用 邮箱服务器 (shouqianbadavid@qq.com) ...
[2026-08-27 19:25:30]  正在连接 QQ-主 邮箱服务器 (497720537@qq.com) ...
[2026-08-27 19:25:32]  正在连接 QQ-备用 邮箱服务器 (shouqianbadavid@qq.com) ...
[2026-08-27 19:26:08]  正在连接 QQ-主 邮箱服务器 (497720537@qq.com) ...
[2026-08-27 19:26:09]  正在连接 QQ-备用 邮箱服务器 (shouqianbadavid@qq.com) ...
[2026-08-27 19:26:45]  正在连接 QQ-主 邮箱服务器 (497720537@qq.com) ...
[2026-08-27 19:26:46]  正在连接 QQ-备用 邮箱服务器 (shouqianbadavid@qq.com) ...
[2026-08-27 19:27:23]  正在连接 QQ-主 邮箱服务器 (497720537@qq.com) ...
[2026-08-27 19:27:24]  正在连接 QQ-备用 邮箱服务器 (shouqianbadavid@qq.com) ...
[2026-08-27 19:28:00]  正在连接 QQ-主 邮箱服务器 (497720537@qq.com) ...
[2026-08-27 19:28:01]  正在连接 QQ-备用 邮箱服务器 (shouqianbadavid@qq.com) ...
[2026-08-27 19:28:38]  正在连接 QQ-主 邮箱服务器 (497720537@qq.com) ...
[2026-08-27 19:28:39]  正在连接 QQ-备用 邮箱服务器 (shouqianbadavid@qq.com) ...
[2026-08-27 19:29:15]  正在连接 QQ-主 邮箱服务器 (497720537@qq.com) ...
[2026-08-27 19:29:17]  正在连接 QQ-备用 邮箱服务器 (shouqianbadavid@qq.com) ...
[2026-08-27 19:29:53]  正在连接 QQ-主 邮箱服务器 (497720537@qq.com) ...
[2026-08-27 19:29:54]  正在连接 QQ-备用 邮箱服务器 (shouqianbadavid@qq.com) ...
[2026-08-27 19:30:30]  正在连接 QQ-主 邮箱服务器 (497720537@qq.com) ...
[2026-08-27 19:30:32]  正在连接 QQ-备用 邮箱服务器 (shouqianbadavid@qq.com) ...
[2026-08-27 19:31:08]  正在连接 QQ-主 邮箱服务器 (497720537@qq.com) ...
[2026-08-27 19:31:09]  正在连接 QQ-备用 邮箱服务器 (shouqianbadavid@qq.com) ...
[2026-08-27 19:31:45]  正在连接 QQ-主 邮箱服务器 (497720537@qq.com) ...
[2026-08-27 19:31:45]  正在连接 QQ-备用 邮箱服务器 (shouqianbadavid@qq.com) ...
[2026-08-27 19:32:21]  正在连接 QQ-主 邮箱服务器 (497720537@qq.com) ...
[2026-08-27 19:32:22]  正在连接 QQ-备用 邮箱服务器 (shouqianbadavid@qq.com) ...
[2026-08-27 19:32:58]  正在连接 QQ-主 邮箱服务器 (497720537@qq.com) ...
[2026-08-27 19:33:00]  正在连接 QQ-备用 邮箱服务器 (shouqianbadavid@qq.com) ...
[2026-08-27 19:33:36]  正在连接 QQ-主 邮箱服务器 (497720537@qq.com) ...
[2026-08-27 19:33:37]  正在连接 QQ-备用 邮箱服务器 (shouqianbadavid@qq.com) ...
[2026-08-27 19:34:13]  正在连接 QQ-主 邮箱服务器 (497720537@qq.com) ...
[2026-08-27 19:34:15]  正在连接 QQ-备用 邮箱服务器 (shouqianbadavid@qq.com) ...
[2026-08-27 19:34:51]  正在连接 QQ-主 邮箱服务器 (497720537@qq.com) ...
[2026-08-27 19:34:52]  正在连接 QQ-备用 邮箱服务器 (shouqianbadavid@qq.com) ...
[2026-08-27 19:35:28]  正在连接 QQ-主 邮箱服务器 (497720537@qq.com) ...
[2026-08-27 19:35:30]  正在连接 QQ-备用 邮箱服务器 (shouqianbadavid@qq.com) ...
[2026-08-27 19:36:06]  正在连接 QQ-主 邮箱服务器 (497720537@qq.com) ...
[2026-08-27 19:36:07]  正在连接 QQ-备用 邮箱服务器 (shouqianbadavid@qq.com) ...
[2026-08-27 19:36:43]  正在连接 QQ-主 邮箱服务器 (497720537@qq.com) ...
[2026-08-27 19:36:44]  正在连接 QQ-备用 邮箱服务器 (shouqianbadavid@qq.com) ...
[2026-08-27 19:37:21]  正在连接 QQ-主 邮箱服务器 (497720537@qq.com) ...
[2026-08-27 19:37:22]  正在连接 QQ-备用 邮箱服务器 (shouqianbadavid@qq.com) ...
[2026-08-27 19:37:58]  正在连接 QQ-主 邮箱服务器 (497720537@qq.com) ...
[2026-08-27 19:37:59]  正在连接 QQ-备用 邮箱服务器 (shouqianbadavid@qq.com) ...
[2026-08-27 19:38:36]  正在连接 QQ-主 邮箱服务器 (497720537@qq.com) ...
[2026-08-27 19:38:37]  正在连接 QQ-备用 邮箱服务器 (shouqianbadavid@qq.com) ...
[2026-08-27 19:39:13]  正在连接 QQ-主 邮箱服务器 (497720537@qq.com) ...
[2026-08-27 19:39:14]  正在连接 QQ-备用 邮箱服务器 (shouqianbadavid@qq.com) ...
[2026-08-27 19:39:50]  正在连接 QQ-主 邮箱服务器 (497720537@qq.com) ...
[2026-08-27 19:39:52]  正在连接 QQ-备用 邮箱服务器 (shouqianbadavid@qq.com) ...
[2026-08-27 19:40:28]  正在连接 QQ-主 邮箱服务器 (497720537@qq.com) ...
[2026-08-27 19:40:29]  正在连接 QQ-备用 邮箱服务器 (shouqianbadavid@qq.com) ...
[2026-08-27 19:41:05]  正在连接 QQ-主 邮箱服务器 (497720537@qq.com) ...
[2026-08-27 19:41:06]  正在连接 QQ-备用 邮箱服务器 (shouqianbadavid@qq.com) ...
[2026-08-27 19:41:42]  正在连接 QQ-主 邮箱服务器 (497720537@qq.com) ...
[2026-08-27 19:41:43]  正在连接 QQ-备用 邮箱服务器 (shouqianbadavid@qq.com) ...
[2026-08-27 19:42:19]  正在连接 QQ-主 邮箱服务器 (497720537@qq.com) ...
[2026-08-27 19:42:21]  正在连接 QQ-备用 邮箱服务器 (shouqianbadavid@qq.com) ...
[2026-08-27 19:42:57]  正在连接 QQ-主 邮箱服务器 (497720537@qq.com) ...
[2026-08-27 19:42:58]  正在连接 QQ-备用 邮箱服务器 (shouqianbadavid@qq.com) ...
[2026-08-27 19:43:34]  正在连接 QQ-主 邮箱服务器 (497720537@qq.com) ...
[2026-08-27 19:43:35]  正在连接 QQ-备用 邮箱服务器 (shouqianbadavid@qq.com) ...
[2026-08-27 19:44:11]  正在连接 QQ-主 邮箱服务器 (497720537@qq.com) ...
[2026-08-27 19:44:13]  正在连接 QQ-备用 邮箱服务器 (shouqianbadavid@qq.com) ...
[2026-08-27 19:44:49]  正在连接 QQ-主 邮箱服务器 (497720537@qq.com) ...
[2026-08-27 19:44:51]  正在连接 QQ-备用 邮箱服务器 (shouqianbadavid@qq.com) ...
[2026-08-27 19:45:27]  正在连接 QQ-主 邮箱服务器 (497720537@qq.com) ...
[2026-08-27 19:45:28]  正在连接 QQ-备用 邮箱服务器 (shouqianbadavid@qq.com) ...
[2026-08-27 19:46:05]  正在连接 QQ-主 邮箱服务器 (497720537@qq.com) ...
[2026-08-27 19:46:06]  正在连接 QQ-备用 邮箱服务器 (shouqianbadavid@qq.com) ...
[2026-08-27 19:46:42]  正在连接 QQ-主 邮箱服务器 (497720537@qq.com) ...
[2026-08-27 19:46:43]  正在连接 QQ-备用 邮箱服务器 (shouqianbadavid@qq.com) ...
[2026-08-27 19:47:20]  正在连接 QQ-主 邮箱服务器 (497720537@qq.com) ...
[2026-08-27 19:47:21]  正在连接 QQ-备用 邮箱服务器 (shouqianbadavid@qq.com) ...
[2026-08-27 19:47:57]  正在连接 QQ-主 邮箱服务器 (497720537@qq.com) ...
[2026-08-27 19:47:58]  正在连接 QQ-备用 邮箱服务器 (shouqianbadavid@qq.com) ...
[2026-08-27 19:48:35]  正在连接 QQ-主 邮箱服务器 (497720537@qq.com) ...
[2026-08-27 19:48:36]  正在连接 QQ-备用 邮箱服务器 (shouqianbadavid@qq.com) ...
[2026-08-27 19:49:12]  正在连接 QQ-主 邮箱服务器 (497720537@qq.com) ...
[2026-08-27 19:49:13]  正在连接 QQ-备用 邮箱服务器 (shouqianbadavid@qq.com) ...
[2026-08-27 19:49:49]  正在连接 QQ-主 邮箱服务器 (497720537@qq.com) ...
[2026-08-27 19:49:50]  正在连接 QQ-备用 邮箱服务器 (shouqianbadavid@qq.com) ...
[2026-08-27 19:50:27]  正在连接 QQ-主 邮箱服务器 (497720537@qq.com) ...
[2026-08-27 19:50:28]  正在连接 QQ-备用 邮箱服务器 (shouqianbadavid@qq.com) ...
[2026-08-27 19:51:04]  正在连接 QQ-主 邮箱服务器 (497720537@qq.com) ...
[2026-08-27 19:51:05]  正在连接 QQ-备用 邮箱服务器 (shouqianbadavid@qq.com) ...
[2026-08-27 19:51:41]  正在连接 QQ-主 邮箱服务器 (497720537@qq.com) ...
[2026-08-27 19:51:43]  正在连接 QQ-备用 邮箱服务器 (shouqianbadavid@qq.com) ...
[2026-08-27 19:52:19]  正在连接 QQ-主 邮箱服务器 (497720537@qq.com) ...
[2026-08-27 19:52:20]  正在连接 QQ-备用 邮箱服务器 (shouqianbadavid@qq.com) ...
[2026-08-27 19:52:56]  正在连接 QQ-主 邮箱服务器 (497720537@qq.com) ...
[2026-08-27 19:52:57]  正在连接 QQ-备用 邮箱服务器 (shouqianbadavid@qq.com) ...
[2026-08-27 19:53:33]  正在连接 QQ-主 邮箱服务器 (497720537@qq.com) ...
[2026-08-27 19:53:35]  正在连接 QQ-备用 邮箱服务器 (shouqianbadavid@qq.com) ...
[2026-08-27 19:54:11]  正在连接 QQ-主 邮箱服务器 (497720537@qq.com) ...
[2026-08-27 19:54:12]  正在连接 QQ-备用 邮箱服务器 (shouqianbadavid@qq.com) ...
[2026-08-27 19:54:49]  正在连接 QQ-主 邮箱服务器 (497720537@qq.com) ...
[2026-08-27 19:54:50]  正在连接 QQ-备用 邮箱服务器 (shouqianbadavid@qq.com) ...
[2026-08-27 19:55:26]  正在连接 QQ-主 邮箱服务器 (497720537@qq.com) ...
[2026-08-27 19:55:27]  正在连接 QQ-备用 邮箱服务器 (shouqianbadavid@qq.com) ...
[2026-08-27 19:56:03]  正在连接 QQ-主 邮箱服务器 (497720537@qq.com) ...
[2026-08-27 19:56:04]  正在连接 QQ-备用 邮箱服务器 (shouqianbadavid@qq.com) ...
[2026-08-27 19:56:40]  正在连接 QQ-主 邮箱服务器 (497720537@qq.com) ...
[2026-08-27 19:56:41]  正在连接 QQ-备用 邮箱服务器 (shouqianbadavid@qq.com) ...
[2026-08-27 19:57:17]  正在连接 QQ-主 邮箱服务器 (497720537@qq.com) ...
[2026-08-27 19:57:18]  正在连接 QQ-备用 邮箱服务器 (shouqianbadavid@qq.com) ...
[2026-08-27 19:57:55]  正在连接 QQ-主 邮箱服务器 (497720537@qq.com) ...
[2026-08-27 19:57:56]  正在连接 QQ-备用 邮箱服务器 (shouqianbadavid@qq.com) ...
[2026-08-27 19:58:32]  正在连接 QQ-主 邮箱服务器 (497720537@qq.com) ...
[2026-08-27 19:58:33]  正在连接 QQ-备用 邮箱服务器 (shouqianbadavid@qq.com) ...
[2026-08-27 19:59:09]  正在连接 QQ-主 邮箱服务器 (497720537@qq.com) ...
[2026-08-27 19:59:10]  正在连接 QQ-备用 邮箱服务器 (shouqianbadavid@qq.com) ...
[2026-08-27 19:59:46]  正在连接 QQ-主 邮箱服务器 (497720537@qq.com) ...
[2026-08-27 19:59:47]  正在连接 QQ-备用 邮箱服务器 (shouqianbadavid@qq.com) ...
[2026-08-27 20:00:23]  正在连接 QQ-主 邮箱服务器 (497720537@qq.com) ...
[2026-08-27 20:00:25]  正在连接 QQ-备用 邮箱服务器 (shouqianbadavid@qq.com) ...
[2026-08-27 20:01:01]  正在连接 QQ-主 邮箱服务器 (497720537@qq.com) ...
[2026-08-27 20:01:02]  正在连接 QQ-备用 邮箱服务器 (shouqianbadavid@qq.com) ...
[2026-08-27 20:01:38]  正在连接 QQ-主 邮箱服务器 (497720537@qq.com) ...
[2026-08-27 20:01:39]  正在连接 QQ-备用 邮箱服务器 (shouqianbadavid@qq.com) ...
[2026-08-27 20:02:16]  正在连接 QQ-主 邮箱服务器 (497720537@qq.com) ...
[2026-08-27 20:02:17]  正在连接 QQ-备用 邮箱服务器 (shouqianbadavid@qq.com) ...
[2026-08-27 20:02:53]  正在连接 QQ-主 邮箱服务器 (497720537@qq.com) ...
[2026-08-27 20:02:54]  正在连接 QQ-备用 邮箱服务器 (shouqianbadavid@qq.com) ...
[2026-08-27 20:03:30]  正在连接 QQ-主 邮箱服务器 (497720537@qq.com) ...
[2026-08-27 20:03:32]  正在连接 QQ-备用 邮箱服务器 (shouqianbadavid@qq.com) ...
[2026-08-27 20:04:08]  正在连接 QQ-主 邮箱服务器 (497720537@qq.com) ...
[2026-08-27 20:04:09]  正在连接 QQ-备用 邮箱服务器 (shouqianbadavid@qq.com) ...
[2026-08-27 20:04:46]  正在连接 QQ-主 邮箱服务器 (497720537@qq.com) ...
[2026-08-27 20:04:47]  正在连接 QQ-备用 邮箱服务器 (shouqianbadavid@qq.com) ...
[2026-08-27 20:05:23]  正在连接 QQ-主 邮箱服务器 (497720537@qq.com) ...
[2026-08-27 20:05:25]  正在连接 QQ-备用 邮箱服务器 (shouqianbadavid@qq.com) ...
[2026-08-27 20:06:01]  正在连接 QQ-主 邮箱服务器 (497720537@qq.com) ...
[2026-08-27 20:06:02]  正在连接 QQ-备用 邮箱服务器 (shouqianbadavid@qq.com) ...
[2026-08-27 20:06:38]  正在连接 QQ-主 邮箱服务器 (497720537@qq.com) ...
[2026-08-27 20:06:39]  正在连接 QQ-备用 邮箱服务器 (shouqianbadavid@qq.com) ...
[2026-08-27 20:07:15]  正在连接 QQ-主 邮箱服务器 (497720537@qq.com) ...
[2026-08-27 20:07:17]  正在连接 QQ-备用 邮箱服务器 (shouqianbadavid@qq.com) ...
[2026-08-27 20:07:53]  正在连接 QQ-主 邮箱服务器 (497720537@qq.com) ...
[2026-08-27 20:07:54]  正在连接 QQ-备用 邮箱服务器 (shouqianbadavid@qq.com) ...
[2026-08-27 20:08:30]  正在连接 QQ-主 邮箱服务器 (497720537@qq.com) ...
[2026-08-27 20:08:31]  正在连接 QQ-备用 邮箱服务器 (shouqianbadavid@qq.com) ...
[2026-08-27 20:09:08]  正在连接 QQ-主 邮箱服务器 (497720537@qq.com) ...
[2026-08-27 20:09:09]  正在连接 QQ-备用 邮箱服务器 (shouqianbadavid@qq.com) ...
[2026-08-27 20:09:45]  正在连接 QQ-主 邮箱服务器 (497720537@qq.com) ...
[2026-08-27 20:09:46]  正在连接 QQ-备用 邮箱服务器 (shouqianbadavid@qq.com) ...
[2026-08-27 20:10:22]  正在连接 QQ-主 邮箱服务器 (497720537@qq.com) ...
[2026-08-27 20:10:23]  正在连接 QQ-备用 邮箱服务器 (shouqianbadavid@qq.com) ...
[2026-08-27 20:10:59]  正在连接 QQ-主 邮箱服务器 (497720537@qq.com) ...
[2026-08-27 20:11:00]  正在连接 QQ-备用 邮箱服务器 (shouqianbadavid@qq.com) ...
[2026-08-27 20:11:37]  正在连接 QQ-主 邮箱服务器 (497720537@qq.com) ...
[2026-08-27 20:11:38]  正在连接 QQ-备用 邮箱服务器 (shouqianbadavid@qq.com) ...
[2026-08-27 20:12:14]  正在连接 QQ-主 邮箱服务器 (497720537@qq.com) ...
[2026-08-27 20:12:16]  正在连接 QQ-备用 邮箱服务器 (shouqianbadavid@qq.com) ...
[2026-08-27 20:12:52]  正在连接 QQ-主 邮箱服务器 (497720537@qq.com) ...
[2026-08-27 20:12:53]  正在连接 QQ-备用 邮箱服务器 (shouqianbadavid@qq.com) ...
[2026-08-27 20:13:29]  正在连接 QQ-主 邮箱服务器 (497720537@qq.com) ...
[2026-08-27 20:13:31]  正在连接 QQ-备用 邮箱服务器 (shouqianbadavid@qq.com) ...
[2026-08-27 20:14:07]  正在连接 QQ-主 邮箱服务器 (497720537@qq.com) ...
[2026-08-27 20:14:08]  正在连接 QQ-备用 邮箱服务器 (shouqianbadavid@qq.com) ...
[2026-08-27 20:46:54]  正在连接 QQ-主 邮箱服务器 (497720537@qq.com) ...
[2026-08-27 20:46:54]  QQ-主 因子处理主循环异常: [Errno 11001] getaddrinfo failed
[2026-08-28 01:13:21]  正在连接 QQ-备用 邮箱服务器 (shouqianbadavid@qq.com) ...
[2026-08-28 01:13:21]  QQ-备用 因子处理主循环异常: [Errno 11001] getaddrinfo failed
