[2026-08-14 13:35:10]  AlphaPilot 监听服务 (Pro 多邮箱版) 启动...
[2026-08-14 13:35:10]  信号保存目录: D:\mpython\signals
[2026-08-14 13:35:10]  日志文件: D:\mpython\logs_receiver\receiver_20260814.log
[2026-08-14 13:35:10]  正在连接 QQ-主 邮箱服务器 (497720537@qq.com) ...
[2026-08-14 13:35:10]  QQ-主 正在解析因子: =?utf-8?b?QWxwaGFQaWxvdCDlrp7ml7bkv6Hlj7cgKGFscGhhX3NpZ25hbF90aHJfMjAyNjA4MTRfMDkzNS5qc29uKSBb5Li7UVEt5a+55aSWXQ==?=
[2026-08-14 13:35:10]  发现表格，共 18 行数据
[2026-08-14 13:35:10]  动态索引映射: ['股票代码', '股票名称', '信号', '当前价格', '量比', '来源过滤']
[2026-08-14 13:35:10]  [行1] 解析成功: SHSE.600259 [中稀有色] BUY @ 88.93 (VR:0.71)
[2026-08-14 13:35:10]  [行2] 解析成功: SHSE.600909 [华安证券] BUY @ 8.28 (VR:0.32)
[2026-08-14 13:35:10]  [行3] 解析成功: SHSE.600460 [士兰微] SELL @ 32.84 (VR:1.49)
[2026-08-14 13:35:10]  [行4] 解析成功: SZSE.002552 [宝鼎科技] SELL @ 59.63 (VR:0.18)
[2026-08-14 13:35:10]  [行5] 解析成功: SZSE.002643 [万润股份] BUY @ 13.96 (VR:0.11)
[2026-08-14 13:35:10]  [行6] 解析成功: SZSE.000920 [沃顿科技] SELL @ 11.58 (VR:0.12)
[2026-08-14 13:35:10]  [行7] 解析成功: SZSE.000823 [超声电子] BUY @ 14.65 (VR:0.68)
[2026-08-14 13:35:10]  [行8] 解析成功: SZSE.300607 [拓斯达] BUY @ 34.13 (VR:1.32)
[2026-08-14 13:35:10]  [行9] 解析成功: SZSE.301070 [开勒股份] BUY @ 64.5 (VR:0.56)
[2026-08-14 13:35:10]  [行10] 解析成功: SHSE.603773 [沃格光电] SELL @ 94.3 (VR:1.15)
[2026-08-14 13:35:10]  [行11] 解析成功: SHSE.600259 [中稀有色] BUY @ 89.81 (VR:0.21)
[2026-08-14 13:35:10]  [行12] 解析成功: SHSE.600909 [华安证券] BUY @ 8.3 (VR:0.01)
[2026-08-14 13:35:10]  [行13] 解析成功: SHSE.600460 [士兰微] SELL @ 32.69 (VR:0.42)
[2026-08-14 13:35:10]  [行14] 解析成功: SZSE.002552 [宝鼎科技] SELL @ 59.1 (VR:1.45)
[2026-08-14 13:35:10]  [行15] 解析成功: SZSE.002643 [万润股份] BUY @ 13.97 (VR:0.19)
[2026-08-14 13:35:10]  [行16] 解析成功: SZSE.000823 [超声电子] BUY @ 14.71 (VR:0.12)
[2026-08-14 13:35:10]  [行17] 解析成功: SZSE.300607 [拓斯达] BUY @ 34.42 (VR:0.21)
[2026-08-14 13:35:10]  [行18] 解析成功: SZSE.301070 [开勒股份] BUY @ 64.95 (VR:0.31)
[2026-08-14 13:35:10] 成功保存 18 条因子至: signal_batch_20260814_133510_992744.txt
[2026-08-14 13:35:11]  QQ-主 邮件 6213 处理完成
[2026-08-14 13:35:11]  QQ-主 正在解析因子: =?utf-8?b?QWxwaGFQaWxvdCDlrp7ml7bkv6Hlj7cgKGFscGhhX3NpZ25hbF90aHJfMjAyNjA4MTRfMDkzNS5qc29uKSBb5Li7UVEt5a+55aSWXQ==?=
[2026-08-14 13:35:11]  发现表格，共 18 行数据
[2026-08-14 13:35:11]  动态索引映射: ['股票代码', '股票名称', '信号', '当前价格', '量比', '来源过滤']
[2026-08-14 13:35:11]  [行1] 解析成功: SHSE.600259 [中稀有色] BUY @ 88.93 (VR:0.71)
[2026-08-14 13:35:11]  [行2] 解析成功: SHSE.600909 [华安证券] BUY @ 8.28 (VR:0.32)
[2026-08-14 13:35:11]  [行3] 解析成功: SHSE.600460 [士兰微] SELL @ 32.84 (VR:1.49)
[2026-08-14 13:35:11]  [行4] 解析成功: SZSE.002552 [宝鼎科技] SELL @ 59.63 (VR:0.18)
[2026-08-14 13:35:11]  [行5] 解析成功: SZSE.002643 [万润股份] BUY @ 13.96 (VR:0.11)
[2026-08-14 13:35:11]  [行6] 解析成功: SZSE.000920 [沃顿科技] SELL @ 11.58 (VR:0.12)
[2026-08-14 13:35:11]  [行7] 解析成功: SZSE.000823 [超声电子] BUY @ 14.65 (VR:0.68)
[2026-08-14 13:35:11]  [行8] 解析成功: SZSE.300607 [拓斯达] BUY @ 34.13 (VR:1.32)
[2026-08-14 13:35:11]  [行9] 解析成功: SZSE.301070 [开勒股份] BUY @ 64.5 (VR:0.56)
[2026-08-14 13:35:11]  [行10] 解析成功: SHSE.603773 [沃格光电] SELL @ 94.3 (VR:1.15)
[2026-08-14 13:35:11]  [行11] 解析成功: SHSE.600259 [中稀有色] BUY @ 89.81 (VR:0.21)
[2026-08-14 13:35:11]  [行12] 解析成功: SHSE.600909 [华安证券] BUY @ 8.3 (VR:0.01)
[2026-08-14 13:35:11]  [行13] 解析成功: SHSE.600460 [士兰微] SELL @ 32.69 (VR:0.42)
[2026-08-14 13:35:11]  [行14] 解析成功: SZSE.002552 [宝鼎科技] SELL @ 59.1 (VR:1.45)
[2026-08-14 13:35:11]  [行15] 解析成功: SZSE.002643 [万润股份] BUY @ 13.97 (VR:0.19)
[2026-08-14 13:35:11]  [行16] 解析成功: SZSE.000823 [超声电子] BUY @ 14.71 (VR:0.12)
[2026-08-14 13:35:11]  [行17] 解析成功: SZSE.300607 [拓斯达] BUY @ 34.42 (VR:0.21)
[2026-08-14 13:35:11]  [行18] 解析成功: SZSE.301070 [开勒股份] BUY @ 64.95 (VR:0.31)
[2026-08-14 13:35:11] 成功保存 18 条因子至: signal_batch_20260814_133511_284861.txt
[2026-08-14 13:35:11]  QQ-主 邮件 6214 处理完成
[2026-08-14 13:35:11]  QQ-主 正在解析因子: =?utf-8?b?QWxwaGFQaWxvdCDlrp7ml7bkv6Hlj7cgKGFscGhhX3NpZ25hbF90aHJfMjAyNjA4MTRfMDkzOS5qc29uKSBb5Li7UVEt5a+55aSWXQ==?=
[2026-08-14 13:35:11]  发现表格，共 15 行数据
[2026-08-14 13:35:11]  动态索引映射: ['股票代码', '股票名称', '信号', '当前价格', '量比', '来源过滤']
[2026-08-14 13:35:11]  [行1] 解析成功: SHSE.688019 [安集科技] BUY @ 247.39 (VR:0.14)
[2026-08-14 13:35:11]  [行2] 解析成功: SHSE.688261 [东微半导] SELL @ 72.8 (VR:0.25)
[2026-08-14 13:35:11]  [行3] 解析成功: SZSE.300136 [信维通信] BUY @ 67.85 (VR:0.31)
[2026-08-14 13:35:11]  [行4] 解析成功: SZSE.300821 [东岳硅材] BUY @ 16.63 (VR:0.2)
[2026-08-14 13:35:11]  [行5] 解析成功: SZSE.300236 [上海新阳] BUY @ 92.56 (VR:0.11)
[2026-08-14 13:35:11]  [行6] 解析成功: SZSE.300767 [震安科技] SELL @ 18.64 (VR:0.43)
[2026-08-14 13:35:11]  [行7] 解析成功: SZSE.002158 [汉钟精机] SELL @ 28.23 (VR:0.25)
[2026-08-14 13:35:11]  [行8] 解析成功: SZSE.002635 [安洁科技] BUY @ 15.9 (VR:0.19)
[2026-08-14 13:35:11]  [行9] 解析成功: SHSE.688261 [东微半导] SELL @ 72.6 (VR:0.17)
[2026-08-14 13:35:11]  [行10] 解析成功: SZSE.300136 [信维通信] BUY @ 67.9 (VR:0.38)
[2026-08-14 13:35:11]  [行11] 解析成功: SZSE.300821 [东岳硅材] BUY @ 16.67 (VR:0.39)
[2026-08-14 13:35:11]  [行12] 解析成功: SZSE.300236 [上海新阳] BUY @ 93.0 (VR:0.35)
[2026-08-14 13:35:11]  [行13] 解析成功: SZSE.300767 [震安科技] SELL @ 18.53 (VR:0.0)
[2026-08-14 13:35:11]  [行14] 解析成功: SZSE.002158 [汉钟精机] SELL @ 28.22 (VR:0.01)
[2026-08-14 13:35:11]  [行15] 解析成功: SZSE.002635 [安洁科技] BUY @ 15.91 (VR:0.28)
[2026-08-14 13:35:11] 成功保存 15 条因子至: signal_batch_20260814_133511_597078.txt
[2026-08-14 13:35:11]  QQ-主 邮件 6215 处理完成
[2026-08-14 13:35:11]  QQ-主 正在解析因子: =?utf-8?b?QWxwaGFQaWxvdCDlrp7ml7bkv6Hlj7cgKGFscGhhX3NpZ25hbF90aHJfMjAyNjA4MTRfMDkzOS5qc29uKSBb5Li7UVEt5a+55aSWXQ==?=
[2026-08-14 13:35:11]  发现表格，共 15 行数据
[2026-08-14 13:35:11]  动态索引映射: ['股票代码', '股票名称', '信号', '当前价格', '量比', '来源过滤']
[2026-08-14 13:35:11]  [行1] 解析成功: SHSE.688019 [安集科技] BUY @ 247.39 (VR:0.14)
[2026-08-14 13:35:11]  [行2] 解析成功: SHSE.688261 [东微半导] SELL @ 72.8 (VR:0.25)
[2026-08-14 13:35:11]  [行3] 解析成功: SZSE.300136 [信维通信] BUY @ 67.85 (VR:0.31)
[2026-08-14 13:35:11]  [行4] 解析成功: SZSE.300821 [东岳硅材] BUY @ 16.63 (VR:0.2)
[2026-08-14 13:35:11]  [行5] 解析成功: SZSE.300236 [上海新阳] BUY @ 92.56 (VR:0.11)
[2026-08-14 13:35:11]  [行6] 解析成功: SZSE.300767 [震安科技] SELL @ 18.64 (VR:0.43)
[2026-08-14 13:35:11]  [行7] 解析成功: SZSE.002158 [汉钟精机] SELL @ 28.23 (VR:0.25)
[2026-08-14 13:35:11]  [行8] 解析成功: SZSE.002635 [安洁科技] BUY @ 15.9 (VR:0.19)
[2026-08-14 13:35:11]  [行9] 解析成功: SHSE.688261 [东微半导] SELL @ 72.6 (VR:0.17)
[2026-08-14 13:35:11]  [行10] 解析成功: SZSE.300136 [信维通信] BUY @ 67.9 (VR:0.38)
[2026-08-14 13:35:11]  [行11] 解析成功: SZSE.300821 [东岳硅材] BUY @ 16.67 (VR:0.39)
[2026-08-14 13:35:11]  [行12] 解析成功: SZSE.300236 [上海新阳] BUY @ 93.0 (VR:0.35)
[2026-08-14 13:35:11]  [行13] 解析成功: SZSE.300767 [震安科技] SELL @ 18.53 (VR:0.0)
[2026-08-14 13:35:11]  [行14] 解析成功: SZSE.002158 [汉钟精机] SELL @ 28.22 (VR:0.01)
[2026-08-14 13:35:11]  [行15] 解析成功: SZSE.002635 [安洁科技] BUY @ 15.91 (VR:0.28)
[2026-08-14 13:35:11] 本批信号内容已存在（哈希重复），跳过保存（防双邮箱重复）
[2026-08-14 13:35:11]  QQ-主 邮件 6216 保存因子失败
[2026-08-14 13:35:11]  QQ-主 正在解析因子: =?utf-8?b?QWxwaGFQaWxvdCDlrp7ml7bkv6Hlj7cgKGFscGhhX3NpZ25hbF90aHJfMjAyNjA4MTRfMDk0My5qc29uKSBb5Li7UVEt5a+55aSWXQ==?=
[2026-08-14 13:35:11]  发现表格，共 17 行数据
[2026-08-14 13:35:11]  动态索引映射: ['股票代码', '股票名称', '信号', '当前价格', '量比', '来源过滤']
[2026-08-14 13:35:11]  [行1] 解析成功: SHSE.688286 [敏芯股份] BUY @ 45.81 (VR:0.52)
[2026-08-14 13:35:11]  [行2] 解析成功: SHSE.688721 [龙图光罩] SELL @ 41.32 (VR:0.29)
[2026-08-14 13:35:11]  [行3] 解析成功: SHSE.688249 [晶合集成] SELL @ 40.17 (VR:0.22)
[2026-08-14 13:35:11]  [行4] 解析成功: SHSE.688138 [清溢光电] BUY @ 33.88 (VR:0.69)
[2026-08-14 13:35:11]  [行5] 解析成功: SZSE.301392 [汇成真空] SELL @ 169.64 (VR:0.32)
[2026-08-14 13:35:11]  [行6] 解析成功: SZSE.300214 [日科化学] SELL @ 12.03 (VR:0.26)
[2026-08-14 13:35:11]  [行7] 解析成功: SZSE.300088 [长信科技] SELL @ 7.58 (VR:1.0)
[2026-08-14 13:35:11]  [行8] 解析成功: SZSE.300420 [五洋自控] SELL @ 7.97 (VR:0.71)
[2026-08-14 13:35:11]  [行9] 解析成功: SZSE.300661 [圣邦股份] SELL @ 119.24 (VR:0.67)
[2026-08-14 13:35:11]  [行10] 解析成功: SHSE.688286 [敏芯股份] BUY @ 45.89 (VR:0.17)
[2026-08-14 13:35:11]  [行11] 解析成功: SHSE.688721 [龙图光罩] SELL @ 41.05 (VR:0.68)
[2026-08-14 13:35:11]  [行12] 解析成功: SHSE.688249 [晶合集成] SELL @ 39.98 (VR:0.28)
[2026-08-14 13:35:11]  [行13] 解析成功: SZSE.301392 [汇成真空] SELL @ 168.79 (VR:0.39)
[2026-08-14 13:35:11]  [行14] 解析成功: SZSE.300214 [日科化学] SELL @ 11.97 (VR:0.87)
[2026-08-14 13:35:11]  [行15] 解析成功: SZSE.300088 [长信科技] SELL @ 7.57 (VR:0.46)
[2026-08-14 13:35:11]  [行16] 解析成功: SZSE.300420 [五洋自控] SELL @ 7.96 (VR:1.33)
[2026-08-14 13:35:11]  [行17] 解析成功: SZSE.300661 [圣邦股份] SELL @ 118.41 (VR:0.3)
[2026-08-14 13:35:11] 成功保存 17 条因子至: signal_batch_20260814_133511_978566.txt
[2026-08-14 13:35:12]  QQ-主 邮件 6217 处理完成
[2026-08-14 13:35:12]  QQ-主 正在解析因子: =?utf-8?b?QWxwaGFQaWxvdCDlrp7ml7bkv6Hlj7cgKGFscGhhX3NpZ25hbF90aHJfMjAyNjA4MTRfMDk0My5qc29uKSBb5Li7UVEt5a+55aSWXQ==?=
[2026-08-14 13:35:12]  发现表格，共 17 行数据
[2026-08-14 13:35:12]  动态索引映射: ['股票代码', '股票名称', '信号', '当前价格', '量比', '来源过滤']
[2026-08-14 13:35:12]  [行1] 解析成功: SHSE.688286 [敏芯股份] BUY @ 45.81 (VR:0.52)
[2026-08-14 13:35:12]  [行2] 解析成功: SHSE.688721 [龙图光罩] SELL @ 41.32 (VR:0.29)
[2026-08-14 13:35:12]  [行3] 解析成功: SHSE.688249 [晶合集成] SELL @ 40.17 (VR:0.22)
[2026-08-14 13:35:12]  [行4] 解析成功: SHSE.688138 [清溢光电] BUY @ 33.88 (VR:0.69)
[2026-08-14 13:35:12]  [行5] 解析成功: SZSE.301392 [汇成真空] SELL @ 169.64 (VR:0.32)
[2026-08-14 13:35:12]  [行6] 解析成功: SZSE.300214 [日科化学] SELL @ 12.03 (VR:0.26)
[2026-08-14 13:35:12]  [行7] 解析成功: SZSE.300088 [长信科技] SELL @ 7.58 (VR:1.0)
[2026-08-14 13:35:12]  [行8] 解析成功: SZSE.300420 [五洋自控] SELL @ 7.97 (VR:0.71)
[2026-08-14 13:35:12]  [行9] 解析成功: SZSE.300661 [圣邦股份] SELL @ 119.24 (VR:0.67)
[2026-08-14 13:35:12]  [行10] 解析成功: SHSE.688286 [敏芯股份] BUY @ 45.89 (VR:0.17)
[2026-08-14 13:35:12]  [行11] 解析成功: SHSE.688721 [龙图光罩] SELL @ 41.05 (VR:0.68)
[2026-08-14 13:35:12]  [行12] 解析成功: SHSE.688249 [晶合集成] SELL @ 39.98 (VR:0.28)
[2026-08-14 13:35:12]  [行13] 解析成功: SZSE.301392 [汇成真空] SELL @ 168.79 (VR:0.39)
[2026-08-14 13:35:12]  [行14] 解析成功: SZSE.300214 [日科化学] SELL @ 11.97 (VR:0.87)
[2026-08-14 13:35:12]  [行15] 解析成功: SZSE.300088 [长信科技] SELL @ 7.57 (VR:0.46)
[2026-08-14 13:35:12]  [行16] 解析成功: SZSE.300420 [五洋自控] SELL @ 7.96 (VR:1.33)
[2026-08-14 13:35:12]  [行17] 解析成功: SZSE.300661 [圣邦股份] SELL @ 118.41 (VR:0.3)
[2026-08-14 13:35:12] 成功保存 17 条因子至: signal_batch_20260814_133512_427116.txt
[2026-08-14 13:35:12]  QQ-主 邮件 6218 处理完成
[2026-08-14 13:35:12]  QQ-主 正在解析因子: =?utf-8?b?QWxwaGFQaWxvdCDlrp7ml7bkv6Hlj7cgKGFscGhhX3NpZ25hbF90aHJfMjAyNjA4MTRfMDk0Ny5qc29uKSBb5Li7UVEt5a+55aSWXQ==?=
[2026-08-14 13:35:12]  发现表格，共 13 行数据
[2026-08-14 13:35:12]  动态索引映射: ['股票代码', '股票名称', '信号', '当前价格', '量比', '来源过滤']
[2026-08-14 13:35:12]  [行1] 解析成功: SHSE.688521 [芯原股份] BUY @ 208.29 (VR:0.57)
[2026-08-14 13:35:12]  [行2] 解析成功: SZSE.300852 [四会富仕] SELL @ 44.84 (VR:0.02)
[2026-08-14 13:35:12]  [行3] 解析成功: SZSE.300689 [澄天伟业] SELL @ 53.85 (VR:0.08)
[2026-08-14 13:35:12]  [行4] 解析成功: SZSE.001339 [智微智能] BUY @ 84.54 (VR:0.89)
[2026-08-14 13:35:12]  [行5] 解析成功: SHSE.688110 [东芯股份] SELL @ 114.88 (VR:0.34)
[2026-08-14 13:35:12]  [行6] 解析成功: SHSE.688102 [斯瑞新材] BUY @ 37.55 (VR:1.2)
[2026-08-14 13:35:12]  [行7] 解析成功: SHSE.688521 [芯原股份] BUY @ 208.64 (VR:0.09)
[2026-08-14 13:35:12]  [行8] 解析成功: SZSE.300852 [四会富仕] SELL @ 44.82 (VR:0.68)
[2026-08-14 13:35:12]  [行9] 解析成功: SZSE.300689 [澄天伟业] SELL @ 53.71 (VR:0.13)
[2026-08-14 13:35:12]  [行10] 解析成功: SZSE.301045 [天禄科技] BUY @ 70.59 (VR:1.21)
[2026-08-14 13:35:12]  [行11] 解析成功: SZSE.300806 [斯迪克] BUY @ 48.9 (VR:0.36)
[2026-08-14 13:35:12]  [行12] 解析成功: SZSE.301013 [利和兴] SELL @ 45.27 (VR:0.58)
[2026-08-14 13:35:12]  [行13] 解析成功: SZSE.001339 [智微智能] BUY @ 84.91 (VR:0.16)
[2026-08-14 13:35:12] 成功保存 13 条因子至: signal_batch_20260814_133512_758401.txt
[2026-08-14 13:35:13]  QQ-主 邮件 6219 处理完成
[2026-08-14 13:35:13]  QQ-主 正在解析因子: =?utf-8?b?QWxwaGFQaWxvdCDlrp7ml7bkv6Hlj7cgKGFscGhhX3NpZ25hbF90aHJfMjAyNjA4MTRfMDk0Ny5qc29uKSBb5Li7UVEt5a+55aSWXQ==?=
[2026-08-14 13:35:13]  发现表格，共 13 行数据
[2026-08-14 13:35:13]  动态索引映射: ['股票代码', '股票名称', '信号', '当前价格', '量比', '来源过滤']
[2026-08-14 13:35:13]  [行1] 解析成功: SHSE.688521 [芯原股份] BUY @ 208.29 (VR:0.57)
[2026-08-14 13:35:13]  [行2] 解析成功: SZSE.300852 [四会富仕] SELL @ 44.84 (VR:0.02)
[2026-08-14 13:35:13]  [行3] 解析成功: SZSE.300689 [澄天伟业] SELL @ 53.85 (VR:0.08)
[2026-08-14 13:35:13]  [行4] 解析成功: SZSE.001339 [智微智能] BUY @ 84.54 (VR:0.89)
[2026-08-14 13:35:13]  [行5] 解析成功: SHSE.688110 [东芯股份] SELL @ 114.88 (VR:0.34)
[2026-08-14 13:35:13]  [行6] 解析成功: SHSE.688102 [斯瑞新材] BUY @ 37.55 (VR:1.2)
[2026-08-14 13:35:13]  [行7] 解析成功: SHSE.688521 [芯原股份] BUY @ 208.64 (VR:0.09)
[2026-08-14 13:35:13]  [行8] 解析成功: SZSE.300852 [四会富仕] SELL @ 44.82 (VR:0.68)
[2026-08-14 13:35:13]  [行9] 解析成功: SZSE.300689 [澄天伟业] SELL @ 53.71 (VR:0.13)
[2026-08-14 13:35:13]  [行10] 解析成功: SZSE.301045 [天禄科技] BUY @ 70.59 (VR:1.21)
[2026-08-14 13:35:13]  [行11] 解析成功: SZSE.300806 [斯迪克] BUY @ 48.9 (VR:0.36)
[2026-08-14 13:35:13]  [行12] 解析成功: SZSE.301013 [利和兴] SELL @ 45.27 (VR:0.58)
[2026-08-14 13:35:13]  [行13] 解析成功: SZSE.001339 [智微智能] BUY @ 84.91 (VR:0.16)
[2026-08-14 13:35:13] 成功保存 13 条因子至: signal_batch_20260814_133513_258791.txt
[2026-08-14 13:35:13]  QQ-主 邮件 6220 处理完成
[2026-08-14 13:35:13]  QQ-主 正在解析因子: =?utf-8?b?QWxwaGFQaWxvdCDlrp7ml7bkv6Hlj7cgKGFscGhhX3NpZ25hbF90aHJfMjAyNjA4MTRfMDk1MC5qc29uKSBb5Li7UVEt5a+55aSWXQ==?=
[2026-08-14 13:35:13]  发现表格，共 6 行数据
[2026-08-14 13:35:13]  动态索引映射: ['股票代码', '股票名称', '信号', '当前价格', '量比', '来源过滤']
[2026-08-14 13:35:13]  [行1] 解析成功: SZSE.300720 [海川智能] SELL @ 93.7 (VR:0.29)
[2026-08-14 13:35:13]  [行2] 解析成功: SZSE.000510 [新金路] SELL @ 17.24 (VR:2.66)
[2026-08-14 13:35:13]  [行3] 解析成功: SZSE.301419 [瑞可达] BUY @ 33.84 (VR:4.37)
[2026-08-14 13:35:13]  [行4] 解析成功: SZSE.300720 [海川智能] SELL @ 91.88 (VR:0.49)
[2026-08-14 13:35:13]  [行5] 解析成功: SZSE.000510 [新金路] SELL @ 17.07 (VR:0.22)
[2026-08-14 13:35:13]  [行6] 解析成功: SZSE.301419 [瑞可达] BUY @ 34.01 (VR:6.83)
[2026-08-14 13:35:13] 成功保存 6 条因子至: signal_batch_20260814_133513_671168.txt
[2026-08-14 13:35:13]  QQ-主 邮件 6221 处理完成
[2026-08-14 13:35:14]  QQ-主 正在解析因子: =?utf-8?b?QWxwaGFQaWxvdCDlrp7ml7bkv6Hlj7cgKGFscGhhX3NpZ25hbF90aHJfMjAyNjA4MTRfMDk1MC5qc29uKSBb5Li7UVEt5a+55aSWXQ==?=
[2026-08-14 13:35:14]  发现表格，共 6 行数据
[2026-08-14 13:35:14]  动态索引映射: ['股票代码', '股票名称', '信号', '当前价格', '量比', '来源过滤']
[2026-08-14 13:35:14]  [行1] 解析成功: SZSE.300720 [海川智能] SELL @ 93.7 (VR:0.29)
[2026-08-14 13:35:14]  [行2] 解析成功: SZSE.000510 [新金路] SELL @ 17.24 (VR:2.66)
[2026-08-14 13:35:14]  [行3] 解析成功: SZSE.301419 [瑞可达] BUY @ 33.84 (VR:4.37)
[2026-08-14 13:35:14]  [行4] 解析成功: SZSE.300720 [海川智能] SELL @ 91.88 (VR:0.49)
[2026-08-14 13:35:14]  [行5] 解析成功: SZSE.000510 [新金路] SELL @ 17.07 (VR:0.22)
[2026-08-14 13:35:14]  [行6] 解析成功: SZSE.301419 [瑞可达] BUY @ 34.01 (VR:6.83)
[2026-08-14 13:35:14] 成功保存 6 条因子至: signal_batch_20260814_133514_086892.txt
[2026-08-14 13:35:14]  QQ-主 邮件 6222 处理完成
[2026-08-14 13:35:14]  QQ-主 正在解析因子: =?utf-8?b?QWxwaGFQaWxvdCDlrp7ml7bkv6Hlj7cgKGFscGhhX3NpZ25hbF90aHJfMjAyNjA4MTRfMDk1NC5qc29uKSBb5Li7UVEt5a+55aSWXQ==?=
[2026-08-14 13:35:14]  发现表格，共 18 行数据
[2026-08-14 13:35:14]  动态索引映射: ['股票代码', '股票名称', '信号', '当前价格', '量比', '来源过滤']
[2026-08-14 13:35:14]  [行1] 解析成功: SHSE.603773 [沃格光电] SELL @ 93.82 (VR:1.26)
[2026-08-14 13:35:14]  [行2] 解析成功: SHSE.603618 [杭电股份] SELL @ 27.27 (VR:0.68)
[2026-08-14 13:35:14]  [行3] 解析成功: SHSE.600909 [华安证券] BUY @ 8.24 (VR:0.44)
[2026-08-14 13:35:14]  [行4] 解析成功: SHSE.600460 [士兰微] BUY @ 32.44 (VR:0.76)
[2026-08-14 13:35:14]  [行5] 解析成功: SZSE.003031 [中瓷电子] BUY @ 122.76 (VR:0.01)
[2026-08-14 13:35:14]  [行6] 解析成功: SZSE.002937 [兴瑞科技] SELL @ 29.54 (VR:0.0)
[2026-08-14 13:35:14]  [行7] 解析成功: SZSE.300607 [拓斯达] SELL @ 34.05 (VR:0.24)
[2026-08-14 13:35:14]  [行8] 解析成功: SHSE.603773 [沃格光电] SELL @ 93.75 (VR:0.34)
[2026-08-14 13:35:14]  [行9] 解析成功: SHSE.600259 [中稀有色] BUY @ 93.31 (VR:2.74)
[2026-08-14 13:35:14]  [行10] 解析成功: SHSE.600909 [华安证券] BUY @ 8.26 (VR:0.22)
[2026-08-14 13:35:14]  [行11] 解析成功: SHSE.600460 [士兰微] BUY @ 32.5 (VR:0.37)
[2026-08-14 13:35:14]  [行12] 解析成功: SZSE.002552 [宝鼎科技] SELL @ 58.56 (VR:0.02)
[2026-08-14 13:35:14]  [行13] 解析成功: SZSE.003031 [中瓷电子] BUY @ 122.76 (VR:0.07)
[2026-08-14 13:35:14]  [行14] 解析成功: SZSE.002643 [万润股份] BUY @ 14.14 (VR:0.08)
[2026-08-14 13:35:14]  [行15] 解析成功: SZSE.002937 [兴瑞科技] SELL @ 29.58 (VR:0.39)
[2026-08-14 13:35:14]  [行16] 解析成功: SZSE.000920 [沃顿科技] SELL @ 11.7 (VR:0.12)
[2026-08-14 13:35:14]  [行17] 解析成功: SZSE.000823 [超声电子] SELL @ 14.93 (VR:0.12)
[2026-08-14 13:35:14]  [行18] 解析成功: SZSE.301070 [开勒股份] SELL @ 65.31 (VR:0.16)
[2026-08-14 13:35:14] 成功保存 18 条因子至: signal_batch_20260814_133514_400380.txt
[2026-08-14 13:35:14]  QQ-主 邮件 6223 处理完成
[2026-08-14 13:35:14]  QQ-主 正在解析因子: =?utf-8?b?QWxwaGFQaWxvdCDlrp7ml7bkv6Hlj7cgKGFscGhhX3NpZ25hbF90aHJfMjAyNjA4MTRfMDk1NC5qc29uKSBb5Li7UVEt5a+55aSWXQ==?=
[2026-08-14 13:35:14]  发现表格，共 18 行数据
[2026-08-14 13:35:14]  动态索引映射: ['股票代码', '股票名称', '信号', '当前价格', '量比', '来源过滤']
[2026-08-14 13:35:14]  [行1] 解析成功: SHSE.603773 [沃格光电] SELL @ 93.82 (VR:1.26)
[2026-08-14 13:35:14]  [行2] 解析成功: SHSE.603618 [杭电股份] SELL @ 27.27 (VR:0.68)
[2026-08-14 13:35:14]  [行3] 解析成功: SHSE.600909 [华安证券] BUY @ 8.24 (VR:0.44)
[2026-08-14 13:35:14]  [行4] 解析成功: SHSE.600460 [士兰微] BUY @ 32.44 (VR:0.76)
[2026-08-14 13:35:14]  [行5] 解析成功: SZSE.003031 [中瓷电子] BUY @ 122.76 (VR:0.01)
[2026-08-14 13:35:14]  [行6] 解析成功: SZSE.002937 [兴瑞科技] SELL @ 29.54 (VR:0.0)
[2026-08-14 13:35:14]  [行7] 解析成功: SZSE.300607 [拓斯达] SELL @ 34.05 (VR:0.24)
[2026-08-14 13:35:14]  [行8] 解析成功: SHSE.603773 [沃格光电] SELL @ 93.75 (VR:0.34)
[2026-08-14 13:35:14]  [行9] 解析成功: SHSE.600259 [中稀有色] BUY @ 93.31 (VR:2.74)
[2026-08-14 13:35:14]  [行10] 解析成功: SHSE.600909 [华安证券] BUY @ 8.26 (VR:0.22)
[2026-08-14 13:35:14]  [行11] 解析成功: SHSE.600460 [士兰微] BUY @ 32.5 (VR:0.37)
[2026-08-14 13:35:14]  [行12] 解析成功: SZSE.002552 [宝鼎科技] SELL @ 58.56 (VR:0.02)
[2026-08-14 13:35:14]  [行13] 解析成功: SZSE.003031 [中瓷电子] BUY @ 122.76 (VR:0.07)
[2026-08-14 13:35:14]  [行14] 解析成功: SZSE.002643 [万润股份] BUY @ 14.14 (VR:0.08)
[2026-08-14 13:35:14]  [行15] 解析成功: SZSE.002937 [兴瑞科技] SELL @ 29.58 (VR:0.39)
[2026-08-14 13:35:14]  [行16] 解析成功: SZSE.000920 [沃顿科技] SELL @ 11.7 (VR:0.12)
[2026-08-14 13:35:14]  [行17] 解析成功: SZSE.000823 [超声电子] SELL @ 14.93 (VR:0.12)
[2026-08-14 13:35:14]  [行18] 解析成功: SZSE.301070 [开勒股份] SELL @ 65.31 (VR:0.16)
[2026-08-14 13:35:14] 本批信号内容已存在（哈希重复），跳过保存（防双邮箱重复）
[2026-08-14 13:35:14]  QQ-主 邮件 6224 保存因子失败
[2026-08-14 13:35:14]  QQ-主 正在解析因子: =?utf-8?b?QWxwaGFQaWxvdCDlrp7ml7bkv6Hlj7cgKGFscGhhX3NpZ25hbF90aHJfMjAyNjA4MTRfMDk1OC5qc29uKSBb5Li7UVEt5a+55aSWXQ==?=
[2026-08-14 13:35:14]  发现表格，共 13 行数据
[2026-08-14 13:35:14]  动态索引映射: ['股票代码', '股票名称', '信号', '当前价格', '量比', '来源过滤']
[2026-08-14 13:35:14]  [行1] 解析成功: SHSE.688261 [东微半导] SELL @ 71.67 (VR:0.3)
[2026-08-14 13:35:14]  [行2] 解析成功: SZSE.300136 [信维通信] BUY @ 67.31 (VR:0.42)
[2026-08-14 13:35:14]  [行3] 解析成功: SZSE.300821 [东岳硅材] BUY @ 17.08 (VR:0.44)
[2026-08-14 13:35:14]  [行4] 解析成功: SZSE.300236 [上海新阳] BUY @ 92.24 (VR:0.41)
[2026-08-14 13:35:14]  [行5] 解析成功: SZSE.300767 [震安科技] BUY @ 18.57 (VR:0.02)
[2026-08-14 13:35:14]  [行6] 解析成功: SZSE.300184 [力源信息] SELL @ 12.51 (VR:0.01)
[2026-08-14 13:35:14]  [行7] 解析成功: SZSE.002635 [安洁科技] BUY @ 15.87 (VR:0.0)
[2026-08-14 13:35:14]  [行8] 解析成功: SZSE.300136 [信维通信] BUY @ 67.46 (VR:0.37)
[2026-08-14 13:35:14]  [行9] 解析成功: SZSE.300821 [东岳硅材] BUY @ 17.13 (VR:0.42)
[2026-08-14 13:35:14]  [行10] 解析成功: SZSE.300236 [上海新阳] BUY @ 92.45 (VR:0.38)
[2026-08-14 13:35:14]  [行11] 解析成功: SZSE.300162 [雷曼光电] BUY @ 7.66 (VR:0.34)
[2026-08-14 13:35:14]  [行12] 解析成功: SZSE.300767 [震安科技] BUY @ 18.58 (VR:0.03)
[2026-08-14 13:35:14]  [行13] 解析成功: SZSE.002635 [安洁科技] BUY @ 15.88 (VR:0.06)
[2026-08-14 13:35:14] 成功保存 13 条因子至: signal_batch_20260814_133514_885537.txt
[2026-08-14 13:35:15]  QQ-主 邮件 6225 处理完成
[2026-08-14 13:35:15]  QQ-主 正在解析因子: =?utf-8?b?QWxwaGFQaWxvdCDlrp7ml7bkv6Hlj7cgKGFscGhhX3NpZ25hbF90aHJfMjAyNjA4MTRfMDk1OC5qc29uKSBb5Li7UVEt5a+55aSWXQ==?=
[2026-08-14 13:35:15]  发现表格，共 13 行数据
[2026-08-14 13:35:15]  动态索引映射: ['股票代码', '股票名称', '信号', '当前价格', '量比', '来源过滤']
[2026-08-14 13:35:15]  [行1] 解析成功: SHSE.688261 [东微半导] SELL @ 71.67 (VR:0.3)
[2026-08-14 13:35:15]  [行2] 解析成功: SZSE.300136 [信维通信] BUY @ 67.31 (VR:0.42)
[2026-08-14 13:35:15]  [行3] 解析成功: SZSE.300821 [东岳硅材] BUY @ 17.08 (VR:0.44)
[2026-08-14 13:35:15]  [行4] 解析成功: SZSE.300236 [上海新阳] BUY @ 92.24 (VR:0.41)
[2026-08-14 13:35:15]  [行5] 解析成功: SZSE.300767 [震安科技] BUY @ 18.57 (VR:0.02)
[2026-08-14 13:35:15]  [行6] 解析成功: SZSE.300184 [力源信息] SELL @ 12.51 (VR:0.01)
[2026-08-14 13:35:15]  [行7] 解析成功: SZSE.002635 [安洁科技] BUY @ 15.87 (VR:0.0)
[2026-08-14 13:35:15]  [行8] 解析成功: SZSE.300136 [信维通信] BUY @ 67.46 (VR:0.37)
[2026-08-14 13:35:15]  [行9] 解析成功: SZSE.300821 [东岳硅材] BUY @ 17.13 (VR:0.42)
[2026-08-14 13:35:15]  [行10] 解析成功: SZSE.300236 [上海新阳] BUY @ 92.45 (VR:0.38)
[2026-08-14 13:35:15]  [行11] 解析成功: SZSE.300162 [雷曼光电] BUY @ 7.66 (VR:0.34)
[2026-08-14 13:35:15]  [行12] 解析成功: SZSE.300767 [震安科技] BUY @ 18.58 (VR:0.03)
[2026-08-14 13:35:15]  [行13] 解析成功: SZSE.002635 [安洁科技] BUY @ 15.88 (VR:0.06)
[2026-08-14 13:35:15] 成功保存 13 条因子至: signal_batch_20260814_133515_209371.txt
[2026-08-14 13:35:15]  QQ-主 邮件 6226 处理完成
[2026-08-14 13:35:15]  QQ-主 正在解析因子: =?utf-8?b?QWxwaGFQaWxvdCDlrp7ml7bkv6Hlj7cgKGFscGhhX3NpZ25hbF90aHJfMjAyNjA4MTRfMTAwMS5qc29uKSBb5Li7UVEt5a+55aSWXQ==?=
[2026-08-14 13:35:15]  发现表格，共 26 行数据
[2026-08-14 13:35:15]  动态索引映射: ['股票代码', '股票名称', '信号', '当前价格', '量比', '来源过滤']
[2026-08-14 13:35:15]  [行1] 解析成功: SHSE.688286 [敏芯股份] BUY @ 46.54 (VR:0.55)
[2026-08-14 13:35:15]  [行2] 解析成功: SHSE.688511 [天微电子] BUY @ 23.55 (VR:0.04)
[2026-08-14 13:35:15]  [行3] 解析成功: SHSE.688216 [气派科技] SELL @ 31.33 (VR:0.46)
[2026-08-14 13:35:15]  [行4] 解析成功: SHSE.688721 [龙图光罩] SELL @ 41.28 (VR:0.52)
[2026-08-14 13:35:15]  [行5] 解析成功: SHSE.688249 [晶合集成] SELL @ 39.94 (VR:0.19)
[2026-08-14 13:35:15]  [行6] 解析成功: SHSE.688138 [清溢光电] BUY @ 33.72 (VR:0.45)
[2026-08-14 13:35:15]  [行7] 解析成功: SZSE.300285 [国瓷材料] BUY @ 71.55 (VR:0.04)
[2026-08-14 13:35:15]  [行8] 解析成功: SZSE.301252 [同星科技] SELL @ 33.62 (VR:1.24)
[2026-08-14 13:35:15]  [行9] 解析成功: SZSE.301392 [汇成真空] SELL @ 166.59 (VR:0.09)
[2026-08-14 13:35:15]  [行10] 解析成功: SZSE.300214 [日科化学] BUY @ 12.4 (VR:0.39)
[2026-08-14 13:35:15]  [行11] 解析成功: SZSE.300088 [长信科技] SELL @ 7.54 (VR:0.08)
[2026-08-14 13:35:15]  [行12] 解析成功: SZSE.300420 [五洋自控] BUY @ 7.96 (VR:0.14)
[2026-08-14 13:35:15]  [行13] 解析成功: SZSE.300780 [德恩精工] BUY @ 20.42 (VR:0.03)
[2026-08-14 13:35:15]  [行14] 解析成功: SZSE.300497 [富祥股份] BUY @ 18.72 (VR:1.37)
[2026-08-14 13:35:15]  [行15] 解析成功: SHSE.688286 [敏芯股份] BUY @ 46.58 (VR:1.41)
[2026-08-14 13:35:15]  [行16] 解析成功: SHSE.688511 [天微电子] BUY @ 23.58 (VR:0.83)
[2026-08-14 13:35:15]  [行17] 解析成功: SHSE.688216 [气派科技] SELL @ 31.25 (VR:0.16)
[2026-08-14 13:35:15]  [行18] 解析成功: SHSE.688721 [龙图光罩] SELL @ 41.22 (VR:0.11)
[2026-08-14 13:35:15]  [行19] 解析成功: SHSE.688249 [晶合集成] SELL @ 39.88 (VR:0.29)
[2026-08-14 13:35:15]  [行20] 解析成功: SHSE.688138 [清溢光电] BUY @ 33.75 (VR:0.3)
[2026-08-14 13:35:15]  [行21] 解析成功: SZSE.300285 [国瓷材料] BUY @ 71.9 (VR:0.66)
[2026-08-14 13:35:15]  [行22] 解析成功: SZSE.301252 [同星科技] SELL @ 33.59 (VR:1.42)
[2026-08-14 13:35:15]  [行23] 解析成功: SZSE.300214 [日科化学] BUY @ 12.43 (VR:0.14)
[2026-08-14 13:35:15]  [行24] 解析成功: SZSE.300088 [长信科技] BUY @ 7.55 (VR:0.02)
[2026-08-14 13:35:15]  [行25] 解析成功: SZSE.300420 [五洋自控] BUY @ 7.97 (VR:0.02)
[2026-08-14 13:35:15]  [行26] 解析成功: SZSE.300780 [德恩精工] BUY @ 20.46 (VR:0.16)
[2026-08-14 13:35:15] 成功保存 26 条因子至: signal_batch_20260814_133515_523974.txt
[2026-08-14 13:35:15]  QQ-主 邮件 6227 处理完成
[2026-08-14 13:35:15]  QQ-主 正在解析因子: =?utf-8?b?QWxwaGFQaWxvdCDlrp7ml7bkv6Hlj7cgKGFscGhhX3NpZ25hbF90aHJfMjAyNjA4MTRfMTAwMS5qc29uKSBb5Li7UVEt5a+55aSWXQ==?=
[2026-08-14 13:35:15]  发现表格，共 26 行数据
[2026-08-14 13:35:15]  动态索引映射: ['股票代码', '股票名称', '信号', '当前价格', '量比', '来源过滤']
[2026-08-14 13:35:15]  [行1] 解析成功: SHSE.688286 [敏芯股份] BUY @ 46.54 (VR:0.55)
[2026-08-14 13:35:15]  [行2] 解析成功: SHSE.688511 [天微电子] BUY @ 23.55 (VR:0.04)
[2026-08-14 13:35:16]  [行3] 解析成功: SHSE.688216 [气派科技] SELL @ 31.33 (VR:0.46)
[2026-08-14 13:35:16]  [行4] 解析成功: SHSE.688721 [龙图光罩] SELL @ 41.28 (VR:0.52)
[2026-08-14 13:35:16]  [行5] 解析成功: SHSE.688249 [晶合集成] SELL @ 39.94 (VR:0.19)
[2026-08-14 13:35:16]  [行6] 解析成功: SHSE.688138 [清溢光电] BUY @ 33.72 (VR:0.45)
[2026-08-14 13:35:16]  [行7] 解析成功: SZSE.300285 [国瓷材料] BUY @ 71.55 (VR:0.04)
[2026-08-14 13:35:16]  [行8] 解析成功: SZSE.301252 [同星科技] SELL @ 33.62 (VR:1.24)
[2026-08-14 13:35:16]  [行9] 解析成功: SZSE.301392 [汇成真空] SELL @ 166.59 (VR:0.09)
[2026-08-14 13:35:16]  [行10] 解析成功: SZSE.300214 [日科化学] BUY @ 12.4 (VR:0.39)
[2026-08-14 13:35:16]  [行11] 解析成功: SZSE.300088 [长信科技] SELL @ 7.54 (VR:0.08)
[2026-08-14 13:35:16]  [行12] 解析成功: SZSE.300420 [五洋自控] BUY @ 7.96 (VR:0.14)
[2026-08-14 13:35:16]  [行13] 解析成功: SZSE.300780 [德恩精工] BUY @ 20.42 (VR:0.03)
[2026-08-14 13:35:16]  [行14] 解析成功: SZSE.300497 [富祥股份] BUY @ 18.72 (VR:1.37)
[2026-08-14 13:35:16]  [行15] 解析成功: SHSE.688286 [敏芯股份] BUY @ 46.58 (VR:1.41)
[2026-08-14 13:35:16]  [行16] 解析成功: SHSE.688511 [天微电子] BUY @ 23.58 (VR:0.83)
[2026-08-14 13:35:16]  [行17] 解析成功: SHSE.688216 [气派科技] SELL @ 31.25 (VR:0.16)
[2026-08-14 13:35:16]  [行18] 解析成功: SHSE.688721 [龙图光罩] SELL @ 41.22 (VR:0.11)
[2026-08-14 13:35:16]  [行19] 解析成功: SHSE.688249 [晶合集成] SELL @ 39.88 (VR:0.29)
[2026-08-14 13:35:16]  [行20] 解析成功: SHSE.688138 [清溢光电] BUY @ 33.75 (VR:0.3)
[2026-08-14 13:35:16]  [行21] 解析成功: SZSE.300285 [国瓷材料] BUY @ 71.9 (VR:0.66)
[2026-08-14 13:35:16]  [行22] 解析成功: SZSE.301252 [同星科技] SELL @ 33.59 (VR:1.42)
[2026-08-14 13:35:16]  [行23] 解析成功: SZSE.300214 [日科化学] BUY @ 12.43 (VR:0.14)
[2026-08-14 13:35:16]  [行24] 解析成功: SZSE.300088 [长信科技] BUY @ 7.55 (VR:0.02)
[2026-08-14 13:35:16]  [行25] 解析成功: SZSE.300420 [五洋自控] BUY @ 7.97 (VR:0.02)
[2026-08-14 13:35:16]  [行26] 解析成功: SZSE.300780 [德恩精工] BUY @ 20.46 (VR:0.16)
[2026-08-14 13:35:16] 成功保存 26 条因子至: signal_batch_20260814_133516_056973.txt
[2026-08-14 13:35:16]  QQ-主 邮件 6228 处理完成
[2026-08-14 13:35:16]  QQ-主 正在解析因子: =?utf-8?b?QWxwaGFQaWxvdCDlrp7ml7bkv6Hlj7cgKGFscGhhX3NpZ25hbF90aHJfMjAyNjA4MTRfMTAwNC5qc29uKSBb5Li7UVEt5a+55aSWXQ==?=
[2026-08-14 13:35:16]  发现表格，共 17 行数据
[2026-08-14 13:35:16]  动态索引映射: ['股票代码', '股票名称', '信号', '当前价格', '量比', '来源过滤']
[2026-08-14 13:35:16]  [行1] 解析成功: SHSE.688110 [东芯股份] BUY @ 115.81 (VR:0.27)
[2026-08-14 13:35:16]  [行2] 解析成功: SHSE.688102 [斯瑞新材] SELL @ 37.95 (VR:2.05)
[2026-08-14 13:35:16]  [行3] 解析成功: SHSE.688521 [芯原股份] BUY @ 207.63 (VR:0.38)
[2026-08-14 13:35:16]  [行4] 解析成功: SHSE.688227 [品高股份] BUY @ 81.23 (VR:0.08)
[2026-08-14 13:35:16]  [行5] 解析成功: SZSE.300852 [四会富仕] BUY @ 44.82 (VR:0.43)
[2026-08-14 13:35:16]  [行6] 解析成功: SZSE.300689 [澄天伟业] BUY @ 53.84 (VR:0.05)
[2026-08-14 13:35:16]  [行7] 解析成功: SZSE.301013 [利和兴] BUY @ 45.88 (VR:0.29)
[2026-08-14 13:35:16]  [行8] 解析成功: SZSE.002718 [友邦吊顶] SELL @ 86.84 (VR:0.39)
[2026-08-14 13:35:16]  [行9] 解析成功: SZSE.001339 [智微智能] BUY @ 85.11 (VR:1.05)
[2026-08-14 13:35:16]  [行10] 解析成功: SHSE.688110 [东芯股份] BUY @ 116.28 (VR:0.98)
[2026-08-14 13:35:16]  [行11] 解析成功: SHSE.688102 [斯瑞新材] SELL @ 37.75 (VR:0.85)
[2026-08-14 13:35:16]  [行12] 解析成功: SHSE.688521 [芯原股份] BUY @ 208.1 (VR:0.52)
[2026-08-14 13:35:16]  [行13] 解析成功: SHSE.688227 [品高股份] BUY @ 81.59 (VR:1.74)
[2026-08-14 13:35:16]  [行14] 解析成功: SZSE.300852 [四会富仕] BUY @ 44.87 (VR:2.27)
[2026-08-14 13:35:16]  [行15] 解析成功: SZSE.300689 [澄天伟业] BUY @ 53.98 (VR:1.19)
[2026-08-14 13:35:16]  [行16] 解析成功: SZSE.301013 [利和兴] BUY @ 45.93 (VR:0.02)
[2026-08-14 13:35:16]  [行17] 解析成功: SZSE.001339 [智微智能] BUY @ 85.66 (VR:0.76)
[2026-08-14 13:35:16] 成功保存 17 条因子至: signal_batch_20260814_133516_454067.txt
[2026-08-14 13:35:16]  QQ-主 邮件 6229 处理完成
[2026-08-14 13:35:17]  QQ-主 正在解析因子: =?utf-8?b?QWxwaGFQaWxvdCDlrp7ml7bkv6Hlj7cgKGFscGhhX3NpZ25hbF90aHJfMjAyNjA4MTRfMTAwNC5qc29uKSBb5Li7UVEt5a+55aSWXQ==?=
[2026-08-14 13:35:17]  发现表格，共 17 行数据
[2026-08-14 13:35:17]  动态索引映射: ['股票代码', '股票名称', '信号', '当前价格', '量比', '来源过滤']
[2026-08-14 13:35:17]  [行1] 解析成功: SHSE.688110 [东芯股份] BUY @ 115.81 (VR:0.27)
[2026-08-14 13:35:17]  [行2] 解析成功: SHSE.688102 [斯瑞新材] SELL @ 37.95 (VR:2.05)
[2026-08-14 13:35:17]  [行3] 解析成功: SHSE.688521 [芯原股份] BUY @ 207.63 (VR:0.38)
[2026-08-14 13:35:17]  [行4] 解析成功: SHSE.688227 [品高股份] BUY @ 81.23 (VR:0.08)
[2026-08-14 13:35:17]  [行5] 解析成功: SZSE.300852 [四会富仕] BUY @ 44.82 (VR:0.43)
[2026-08-14 13:35:17]  [行6] 解析成功: SZSE.300689 [澄天伟业] BUY @ 53.84 (VR:0.05)
[2026-08-14 13:35:17]  [行7] 解析成功: SZSE.301013 [利和兴] BUY @ 45.88 (VR:0.29)
[2026-08-14 13:35:17]  [行8] 解析成功: SZSE.002718 [友邦吊顶] SELL @ 86.84 (VR:0.39)
[2026-08-14 13:35:17]  [行9] 解析成功: SZSE.001339 [智微智能] BUY @ 85.11 (VR:1.05)
[2026-08-14 13:35:17]  [行10] 解析成功: SHSE.688110 [东芯股份] BUY @ 116.28 (VR:0.98)
[2026-08-14 13:35:17]  [行11] 解析成功: SHSE.688102 [斯瑞新材] SELL @ 37.75 (VR:0.85)
[2026-08-14 13:35:17]  [行12] 解析成功: SHSE.688521 [芯原股份] BUY @ 208.1 (VR:0.52)
[2026-08-14 13:35:17]  [行13] 解析成功: SHSE.688227 [品高股份] BUY @ 81.59 (VR:1.74)
[2026-08-14 13:35:17]  [行14] 解析成功: SZSE.300852 [四会富仕] BUY @ 44.87 (VR:2.27)
[2026-08-14 13:35:17]  [行15] 解析成功: SZSE.300689 [澄天伟业] BUY @ 53.98 (VR:1.19)
[2026-08-14 13:35:17]  [行16] 解析成功: SZSE.301013 [利和兴] BUY @ 45.93 (VR:0.02)
[2026-08-14 13:35:17]  [行17] 解析成功: SZSE.001339 [智微智能] BUY @ 85.66 (VR:0.76)
[2026-08-14 13:35:17] 成功保存 17 条因子至: signal_batch_20260814_133517_075101.txt
[2026-08-14 13:35:17]  QQ-主 邮件 6230 处理完成
[2026-08-14 13:35:17]  QQ-主 正在解析因子: =?utf-8?b?QWxwaGFQaWxvdCDlrp7ml7bkv6Hlj7cgKGFscGhhX3NpZ25hbF90aHJfMjAyNjA4MTRfMTAwNi5qc29uKSBb5Li7UVEt5a+55aSWXQ==?=
[2026-08-14 13:35:17]  发现表格，共 7 行数据
[2026-08-14 13:35:17]  动态索引映射: ['股票代码', '股票名称', '信号', '当前价格', '量比', '来源过滤']
[2026-08-14 13:35:17]  [行1] 解析成功: SZSE.000510 [新金路] SELL @ 16.91 (VR:0.05)
[2026-08-14 13:35:17]  [行2] 解析成功: SZSE.301419 [瑞可达] SELL @ 33.79 (VR:0.23)
[2026-08-14 13:35:17]  [行3] 解析成功: SHSE.688392 [娇成超声] SELL @ 180.01 (VR:0.3)
[2026-08-14 13:35:17]  [行4] 解析成功: SZSE.300433 [蓝思科技] BUY @ 35.58 (VR:1.41)
[2026-08-14 13:35:17]  [行5] 解析成功: SZSE.000510 [新金路] SELL @ 16.88 (VR:0.55)
[2026-08-14 13:35:17]  [行6] 解析成功: SZSE.301419 [瑞可达] SELL @ 33.68 (VR:0.53)
[2026-08-14 13:35:17]  [行7] 解析成功: SZSE.300868 [杰美特] SELL @ 88.03 (VR:0.35)
[2026-08-14 13:35:17] 成功保存 7 条因子至: signal_batch_20260814_133517_471584.txt
[2026-08-14 13:35:17]  QQ-主 邮件 6231 处理完成
[2026-08-14 13:35:17]  QQ-主 正在解析因子: =?utf-8?b?QWxwaGFQaWxvdCDlrp7ml7bkv6Hlj7cgKGFscGhhX3NpZ25hbF90aHJfMjAyNjA4MTRfMTAwNi5qc29uKSBb5Li7UVEt5a+55aSWXQ==?=
[2026-08-14 13:35:17]  发现表格，共 7 行数据
[2026-08-14 13:35:17]  动态索引映射: ['股票代码', '股票名称', '信号', '当前价格', '量比', '来源过滤']
[2026-08-14 13:35:17]  [行1] 解析成功: SZSE.000510 [新金路] SELL @ 16.91 (VR:0.05)
[2026-08-14 13:35:17]  [行2] 解析成功: SZSE.301419 [瑞可达] SELL @ 33.79 (VR:0.23)
[2026-08-14 13:35:17]  [行3] 解析成功: SHSE.688392 [娇成超声] SELL @ 180.01 (VR:0.3)
[2026-08-14 13:35:17]  [行4] 解析成功: SZSE.300433 [蓝思科技] BUY @ 35.58 (VR:1.41)
[2026-08-14 13:35:17]  [行5] 解析成功: SZSE.000510 [新金路] SELL @ 16.88 (VR:0.55)
[2026-08-14 13:35:17]  [行6] 解析成功: SZSE.301419 [瑞可达] SELL @ 33.68 (VR:0.53)
[2026-08-14 13:35:17]  [行7] 解析成功: SZSE.300868 [杰美特] SELL @ 88.03 (VR:0.35)
[2026-08-14 13:35:17] 本批信号内容已存在（哈希重复），跳过保存（防双邮箱重复）
[2026-08-14 13:35:17]  QQ-主 邮件 6232 保存因子失败
[2026-08-14 13:35:18]  QQ-主 正在解析因子: =?utf-8?b?QWxwaGFQaWxvdCDlrp7ml7bkv6Hlj7cgKGFscGhhX3NpZ25hbF90aHJfMjAyNjA4MTRfMTAxMC5qc29uKSBb5Li7UVEt5a+55aSWXQ==?=
[2026-08-14 13:35:18]  发现表格，共 17 行数据
[2026-08-14 13:35:18]  动态索引映射: ['股票代码', '股票名称', '信号', '当前价格', '量比', '来源过滤']
[2026-08-14 13:35:18]  [行1] 解析成功: SHSE.603773 [沃格光电] SELL @ 93.88 (VR:0.18)
[2026-08-14 13:35:18]  [行2] 解析成功: SHSE.605111 [新洁能] SELL @ 57.78 (VR:0.42)
[2026-08-14 13:35:18]  [行3] 解析成功: SHSE.600909 [华安证券] SELL @ 8.19 (VR:1.88)
[2026-08-14 13:35:18]  [行4] 解析成功: SZSE.003031 [中瓷电子] SELL @ 123.63 (VR:1.11)
[2026-08-14 13:35:18]  [行5] 解析成功: SZSE.002643 [万润股份] SELL @ 14.15 (VR:0.57)
[2026-08-14 13:35:18]  [行6] 解析成功: SZSE.000920 [沃顿科技] SELL @ 11.67 (VR:0.05)
[2026-08-14 13:35:18]  [行7] 解析成功: SZSE.000823 [超声电子] SELL @ 14.86 (VR:0.06)
[2026-08-14 13:35:18]  [行8] 解析成功: SZSE.300607 [拓斯达] SELL @ 34.19 (VR:0.04)
[2026-08-14 13:35:18]  [行9] 解析成功: SZSE.301070 [开勒股份] BUY @ 66.07 (VR:0.0)
[2026-08-14 13:35:18]  [行10] 解析成功: SHSE.603773 [沃格光电] SELL @ 93.8 (VR:0.35)
[2026-08-14 13:35:18]  [行11] 解析成功: SHSE.600909 [华安证券] SELL @ 8.18 (VR:0.26)
[2026-08-14 13:35:18]  [行12] 解析成功: SZSE.003031 [中瓷电子] SELL @ 123.2 (VR:1.04)
[2026-08-14 13:35:18]  [行13] 解析成功: SZSE.002643 [万润股份] SELL @ 14.14 (VR:0.36)
[2026-08-14 13:35:18]  [行14] 解析成功: SZSE.000920 [沃顿科技] SELL @ 11.66 (VR:0.28)
[2026-08-14 13:35:18]  [行15] 解析成功: SZSE.000823 [超声电子] SELL @ 14.84 (VR:0.27)
[2026-08-14 13:35:18]  [行16] 解析成功: SZSE.300607 [拓斯达] SELL @ 34.15 (VR:0.37)
[2026-08-14 13:35:18]  [行17] 解析成功: SZSE.301070 [开勒股份] BUY @ 66.09 (VR:0.01)
[2026-08-14 13:35:18] 成功保存 17 条因子至: signal_batch_20260814_133518_070114.txt
[2026-08-14 13:35:18]  QQ-主 邮件 6233 处理完成
[2026-08-14 13:35:18]  QQ-主 正在解析因子: =?utf-8?b?QWxwaGFQaWxvdCDlrp7ml7bkv6Hlj7cgKGFscGhhX3NpZ25hbF90aHJfMjAyNjA4MTRfMTAxMC5qc29uKSBb5Li7UVEt5a+55aSWXQ==?=
[2026-08-14 13:35:18]  发现表格，共 17 行数据
[2026-08-14 13:35:18]  动态索引映射: ['股票代码', '股票名称', '信号', '当前价格', '量比', '来源过滤']
[2026-08-14 13:35:18]  [行1] 解析成功: SHSE.603773 [沃格光电] SELL @ 93.88 (VR:0.18)
[2026-08-14 13:35:18]  [行2] 解析成功: SHSE.605111 [新洁能] SELL @ 57.78 (VR:0.42)
[2026-08-14 13:35:18]  [行3] 解析成功: SHSE.600909 [华安证券] SELL @ 8.19 (VR:1.88)
[2026-08-14 13:35:18]  [行4] 解析成功: SZSE.003031 [中瓷电子] SELL @ 123.63 (VR:1.11)
[2026-08-14 13:35:18]  [行5] 解析成功: SZSE.002643 [万润股份] SELL @ 14.15 (VR:0.57)
[2026-08-14 13:35:18]  [行6] 解析成功: SZSE.000920 [沃顿科技] SELL @ 11.67 (VR:0.05)
[2026-08-14 13:35:18]  [行7] 解析成功: SZSE.000823 [超声电子] SELL @ 14.86 (VR:0.06)
[2026-08-14 13:35:18]  [行8] 解析成功: SZSE.300607 [拓斯达] SELL @ 34.19 (VR:0.04)
[2026-08-14 13:35:18]  [行9] 解析成功: SZSE.301070 [开勒股份] BUY @ 66.07 (VR:0.0)
[2026-08-14 13:35:18]  [行10] 解析成功: SHSE.603773 [沃格光电] SELL @ 93.8 (VR:0.35)
[2026-08-14 13:35:18]  [行11] 解析成功: SHSE.600909 [华安证券] SELL @ 8.18 (VR:0.26)
[2026-08-14 13:35:18]  [行12] 解析成功: SZSE.003031 [中瓷电子] SELL @ 123.2 (VR:1.04)
[2026-08-14 13:35:18]  [行13] 解析成功: SZSE.002643 [万润股份] SELL @ 14.14 (VR:0.36)
[2026-08-14 13:35:18]  [行14] 解析成功: SZSE.000920 [沃顿科技] SELL @ 11.66 (VR:0.28)
[2026-08-14 13:35:18]  [行15] 解析成功: SZSE.000823 [超声电子] SELL @ 14.84 (VR:0.27)
[2026-08-14 13:35:18]  [行16] 解析成功: SZSE.300607 [拓斯达] SELL @ 34.15 (VR:0.37)
[2026-08-14 13:35:18]  [行17] 解析成功: SZSE.301070 [开勒股份] BUY @ 66.09 (VR:0.01)
[2026-08-14 13:35:18] 本批信号内容已存在（哈希重复），跳过保存（防双邮箱重复）
[2026-08-14 13:35:18]  QQ-主 邮件 6234 保存因子失败
[2026-08-14 13:35:18]  QQ-主 正在解析因子: =?utf-8?b?QWxwaGFQaWxvdCDlrp7ml7bkv6Hlj7cgKGFscGhhX3NpZ25hbF90aHJfMjAyNjA4MTRfMTAxMi5qc29uKSBb5Li7UVEt5a+55aSWXQ==?=
[2026-08-14 13:35:18]  发现表格，共 12 行数据
[2026-08-14 13:35:18]  动态索引映射: ['股票代码', '股票名称', '信号', '当前价格', '量比', '来源过滤']
[2026-08-14 13:35:18]  [行1] 解析成功: SHSE.688261 [东微半导] SELL @ 71.47 (VR:2.55)
[2026-08-14 13:35:18]  [行2] 解析成功: SHSE.688199 [久日新材] SELL @ 23.26 (VR:4.26)
[2026-08-14 13:35:18]  [行3] 解析成功: SZSE.300136 [信维通信] SELL @ 67.4 (VR:0.55)
[2026-08-14 13:35:18]  [行4] 解析成功: SZSE.300821 [东岳硅材] BUY @ 16.81 (VR:0.53)
[2026-08-14 13:35:18]  [行5] 解析成功: SZSE.300236 [上海新阳] BUY @ 92.8 (VR:0.29)
[2026-08-14 13:35:18]  [行6] 解析成功: SZSE.300767 [震安科技] BUY @ 18.54 (VR:0.52)
[2026-08-14 13:35:18]  [行7] 解析成功: SZSE.002635 [安洁科技] SELL @ 15.86 (VR:0.01)
[2026-08-14 13:35:18]  [行8] 解析成功: SHSE.688261 [东微半导] SELL @ 71.36 (VR:2.93)
[2026-08-14 13:35:18]  [行9] 解析成功: SHSE.688199 [久日新材] BUY @ 23.25 (VR:0.53)
[2026-08-14 13:35:18]  [行10] 解析成功: SZSE.300821 [东岳硅材] BUY @ 16.84 (VR:0.55)
[2026-08-14 13:35:18]  [行11] 解析成功: SZSE.300767 [震安科技] BUY @ 18.56 (VR:1.57)
[2026-08-14 13:35:18]  [行12] 解析成功: SZSE.002635 [安洁科技] SELL @ 15.81 (VR:0.32)
[2026-08-14 13:35:18] 成功保存 12 条因子至: signal_batch_20260814_133518_742005.txt
[2026-08-14 13:35:18]  QQ-主 邮件 6235 处理完成
[2026-08-14 13:35:19]  QQ-主 正在解析因子: =?utf-8?b?QWxwaGFQaWxvdCDlrp7ml7bkv6Hlj7cgKGFscGhhX3NpZ25hbF90aHJfMjAyNjA4MTRfMTAxMi5qc29uKSBb5Li7UVEt5a+55aSWXQ==?=
[2026-08-14 13:35:19]  发现表格，共 12 行数据
[2026-08-14 13:35:19]  动态索引映射: ['股票代码', '股票名称', '信号', '当前价格', '量比', '来源过滤']
[2026-08-14 13:35:19]  [行1] 解析成功: SHSE.688261 [东微半导] SELL @ 71.47 (VR:2.55)
[2026-08-14 13:35:19]  [行2] 解析成功: SHSE.688199 [久日新材] SELL @ 23.26 (VR:4.26)
[2026-08-14 13:35:19]  [行3] 解析成功: SZSE.300136 [信维通信] SELL @ 67.4 (VR:0.55)
[2026-08-14 13:35:19]  [行4] 解析成功: SZSE.300821 [东岳硅材] BUY @ 16.81 (VR:0.53)
[2026-08-14 13:35:19]  [行5] 解析成功: SZSE.300236 [上海新阳] BUY @ 92.8 (VR:0.29)
[2026-08-14 13:35:19]  [行6] 解析成功: SZSE.300767 [震安科技] BUY @ 18.54 (VR:0.52)
[2026-08-14 13:35:19]  [行7] 解析成功: SZSE.002635 [安洁科技] SELL @ 15.86 (VR:0.01)
[2026-08-14 13:35:19]  [行8] 解析成功: SHSE.688261 [东微半导] SELL @ 71.36 (VR:2.93)
[2026-08-14 13:35:19]  [行9] 解析成功: SHSE.688199 [久日新材] BUY @ 23.25 (VR:0.53)
[2026-08-14 13:35:19]  [行10] 解析成功: SZSE.300821 [东岳硅材] BUY @ 16.84 (VR:0.55)
[2026-08-14 13:35:19]  [行11] 解析成功: SZSE.300767 [震安科技] BUY @ 18.56 (VR:1.57)
[2026-08-14 13:35:19]  [行12] 解析成功: SZSE.002635 [安洁科技] SELL @ 15.81 (VR:0.32)
[2026-08-14 13:35:19] 成功保存 12 条因子至: signal_batch_20260814_133519_106750.txt
[2026-08-14 13:35:19]  QQ-主 邮件 6236 处理完成
[2026-08-14 13:35:19]  QQ-主 正在解析因子: =?utf-8?b?QWxwaGFQaWxvdCDlrp7ml7bkv6Hlj7cgKGFscGhhX3NpZ25hbF90aHJfMjAyNjA4MTRfMTAxNS5qc29uKSBb5Li7UVEt5a+55aSWXQ==?=
[2026-08-14 13:35:19]  发现表格，共 19 行数据
[2026-08-14 13:35:19]  动态索引映射: ['股票代码', '股票名称', '信号', '当前价格', '量比', '来源过滤']
[2026-08-14 13:35:19]  [行1] 解析成功: SHSE.688249 [晶合集成] BUY @ 39.87 (VR:0.13)
[2026-08-14 13:35:19]  [行2] 解析成功: SHSE.688138 [清溢光电] BUY @ 33.89 (VR:0.88)
[2026-08-14 13:35:19]  [行3] 解析成功: SZSE.300285 [国瓷材料] BUY @ 71.17 (VR:0.46)
[2026-08-14 13:35:19]  [行4] 解析成功: SZSE.301392 [汇成真空] BUY @ 167.75 (VR:0.23)
[2026-08-14 13:35:19]  [行5] 解析成功: SZSE.300214 [日科化学] SELL @ 12.23 (VR:0.49)
[2026-08-14 13:35:19]  [行6] 解析成功: SZSE.300088 [长信科技] BUY @ 7.53 (VR:0.2)
[2026-08-14 13:35:19]  [行7] 解析成功: SZSE.300420 [五洋自控] BUY @ 7.88 (VR:0.33)
[2026-08-14 13:35:19]  [行8] 解析成功: SZSE.300780 [德恩精工] SELL @ 20.3 (VR:0.97)
[2026-08-14 13:35:19]  [行9] 解析成功: SZSE.300497 [富祥股份] BUY @ 18.56 (VR:0.07)
[2026-08-14 13:35:19]  [行10] 解析成功: SHSE.688286 [敏芯股份] BUY @ 49.62 (VR:0.95)
[2026-08-14 13:35:19]  [行11] 解析成功: SHSE.688216 [气派科技] SELL @ 31.07 (VR:0.02)
[2026-08-14 13:35:19]  [行12] 解析成功: SHSE.688138 [清溢光电] BUY @ 33.94 (VR:1.98)
[2026-08-14 13:35:19]  [行13] 解析成功: SZSE.300285 [国瓷材料] BUY @ 71.28 (VR:0.22)
[2026-08-14 13:35:19]  [行14] 解析成功: SZSE.301392 [汇成真空] BUY @ 167.96 (VR:0.16)
[2026-08-14 13:35:19]  [行15] 解析成功: SZSE.300214 [日科化学] SELL @ 12.21 (VR:0.25)
[2026-08-14 13:35:19]  [行16] 解析成功: SZSE.300088 [长信科技] BUY @ 7.55 (VR:0.19)
[2026-08-14 13:35:19]  [行17] 解析成功: SZSE.300420 [五洋自控] BUY @ 7.93 (VR:0.49)
[2026-08-14 13:35:19]  [行18] 解析成功: SZSE.300661 [圣邦股份] BUY @ 122.63 (VR:1.55)
[2026-08-14 13:35:19]  [行19] 解析成功: SZSE.300497 [富祥股份] BUY @ 18.58 (VR:0.68)
[2026-08-14 13:35:19] 成功保存 19 条因子至: signal_batch_20260814_133519_410809.txt
[2026-08-14 13:35:19]  QQ-主 邮件 6237 处理完成
[2026-08-14 13:35:19]  QQ-主 正在解析因子: =?utf-8?b?QWxwaGFQaWxvdCDlrp7ml7bkv6Hlj7cgKGFscGhhX3NpZ25hbF90aHJfMjAyNjA4MTRfMTAxNS5qc29uKSBb5Li7UVEt5a+55aSWXQ==?=
[2026-08-14 13:35:19]  发现表格，共 19 行数据
[2026-08-14 13:35:19]  动态索引映射: ['股票代码', '股票名称', '信号', '当前价格', '量比', '来源过滤']
[2026-08-14 13:35:19]  [行1] 解析成功: SHSE.688249 [晶合集成] BUY @ 39.87 (VR:0.13)
[2026-08-14 13:35:19]  [行2] 解析成功: SHSE.688138 [清溢光电] BUY @ 33.89 (VR:0.88)
[2026-08-14 13:35:19]  [行3] 解析成功: SZSE.300285 [国瓷材料] BUY @ 71.17 (VR:0.46)
[2026-08-14 13:35:19]  [行4] 解析成功: SZSE.301392 [汇成真空] BUY @ 167.75 (VR:0.23)
[2026-08-14 13:35:19]  [行5] 解析成功: SZSE.300214 [日科化学] SELL @ 12.23 (VR:0.49)
[2026-08-14 13:35:19]  [行6] 解析成功: SZSE.300088 [长信科技] BUY @ 7.53 (VR:0.2)
[2026-08-14 13:35:19]  [行7] 解析成功: SZSE.300420 [五洋自控] BUY @ 7.88 (VR:0.33)
[2026-08-14 13:35:19]  [行8] 解析成功: SZSE.300780 [德恩精工] SELL @ 20.3 (VR:0.97)
[2026-08-14 13:35:19]  [行9] 解析成功: SZSE.300497 [富祥股份] BUY @ 18.56 (VR:0.07)
[2026-08-14 13:35:19]  [行10] 解析成功: SHSE.688286 [敏芯股份] BUY @ 49.62 (VR:0.95)
[2026-08-14 13:35:19]  [行11] 解析成功: SHSE.688216 [气派科技] SELL @ 31.07 (VR:0.02)
[2026-08-14 13:35:19]  [行12] 解析成功: SHSE.688138 [清溢光电] BUY @ 33.94 (VR:1.98)
[2026-08-14 13:35:19]  [行13] 解析成功: SZSE.300285 [国瓷材料] BUY @ 71.28 (VR:0.22)
[2026-08-14 13:35:19]  [行14] 解析成功: SZSE.301392 [汇成真空] BUY @ 167.96 (VR:0.16)
[2026-08-14 13:35:19]  [行15] 解析成功: SZSE.300214 [日科化学] SELL @ 12.21 (VR:0.25)
[2026-08-14 13:35:19]  [行16] 解析成功: SZSE.300088 [长信科技] BUY @ 7.55 (VR:0.19)
[2026-08-14 13:35:19]  [行17] 解析成功: SZSE.300420 [五洋自控] BUY @ 7.93 (VR:0.49)
[2026-08-14 13:35:19]  [行18] 解析成功: SZSE.300661 [圣邦股份] BUY @ 122.63 (VR:1.55)
[2026-08-14 13:35:19]  [行19] 解析成功: SZSE.300497 [富祥股份] BUY @ 18.58 (VR:0.68)
[2026-08-14 13:35:19] 本批信号内容已存在（哈希重复），跳过保存（防双邮箱重复）
[2026-08-14 13:35:19]  QQ-主 邮件 6238 保存因子失败
[2026-08-14 13:35:19]  QQ-主 正在解析因子: =?utf-8?b?QWxwaGFQaWxvdCDlrp7ml7bkv6Hlj7cgKGFscGhhX3NpZ25hbF90aHJfMjAyNjA4MTRfMTAxOC5qc29uKSBb5Li7UVEt5a+55aSWXQ==?=
[2026-08-14 13:35:19]  发现表格，共 15 行数据
[2026-08-14 13:35:19]  动态索引映射: ['股票代码', '股票名称', '信号', '当前价格', '量比', '来源过滤']
[2026-08-14 13:35:19]  [行1] 解析成功: SHSE.688002 [睿创微纳] BUY @ 167.5 (VR:0.09)
[2026-08-14 13:35:19]  [行2] 解析成功: SHSE.688521 [芯原股份] BUY @ 207.5 (VR:0.26)
[2026-08-14 13:35:19]  [行3] 解析成功: SZSE.300689 [澄天伟业] SELL @ 53.8 (VR:0.18)
[2026-08-14 13:35:19]  [行4] 解析成功: SZSE.301045 [天禄科技] SELL @ 70.58 (VR:2.07)
[2026-08-14 13:35:19]  [行5] 解析成功: SZSE.301013 [利和兴] SELL @ 46.23 (VR:3.33)
[2026-08-14 13:35:19]  [行6] 解析成功: SZSE.001339 [智微智能] SELL @ 86.19 (VR:0.14)
[2026-08-14 13:35:19]  [行7] 解析成功: SHSE.688110 [东芯股份] SELL @ 115.95 (VR:0.1)
[2026-08-14 13:35:19]  [行8] 解析成功: SHSE.688002 [睿创微纳] BUY @ 167.72 (VR:0.05)
[2026-08-14 13:35:19]  [行9] 解析成功: SHSE.688102 [斯瑞新材] BUY @ 37.7 (VR:0.05)
[2026-08-14 13:35:19]  [行10] 解析成功: SHSE.688521 [芯原股份] BUY @ 207.74 (VR:0.07)
[2026-08-14 13:35:19]  [行11] 解析成功: SZSE.300689 [澄天伟业] SELL @ 53.77 (VR:0.15)
[2026-08-14 13:35:19]  [行12] 解析成功: SZSE.301013 [利和兴] SELL @ 46.19 (VR:0.83)
[2026-08-14 13:35:19]  [行13] 解析成功: SZSE.300790 [宇瞳光学] SELL @ 20.18 (VR:0.85)
[2026-08-14 13:35:19]  [行14] 解析成功: SZSE.002718 [友邦吊顶] SELL @ 86.26 (VR:0.17)
[2026-08-14 13:35:19]  [行15] 解析成功: SZSE.001339 [智微智能] SELL @ 86.0 (VR:0.93)
[2026-08-14 13:35:19] 成功保存 15 条因子至: signal_batch_20260814_133519_956505.txt
[2026-08-14 13:35:20]  QQ-主 邮件 6239 处理完成
[2026-08-14 13:35:20]  QQ-主 正在解析因子: =?utf-8?b?QWxwaGFQaWxvdCDlrp7ml7bkv6Hlj7cgKGFscGhhX3NpZ25hbF90aHJfMjAyNjA4MTRfMTAxOC5qc29uKSBb5Li7UVEt5a+55aSWXQ==?=
[2026-08-14 13:35:20]  发现表格，共 15 行数据
[2026-08-14 13:35:20]  动态索引映射: ['股票代码', '股票名称', '信号', '当前价格', '量比', '来源过滤']
[2026-08-14 13:35:20]  [行1] 解析成功: SHSE.688002 [睿创微纳] BUY @ 167.5 (VR:0.09)
[2026-08-14 13:35:20]  [行2] 解析成功: SHSE.688521 [芯原股份] BUY @ 207.5 (VR:0.26)
[2026-08-14 13:35:20]  [行3] 解析成功: SZSE.300689 [澄天伟业] SELL @ 53.8 (VR:0.18)
[2026-08-14 13:35:20]  [行4] 解析成功: SZSE.301045 [天禄科技] SELL @ 70.58 (VR:2.07)
[2026-08-14 13:35:20]  [行5] 解析成功: SZSE.301013 [利和兴] SELL @ 46.23 (VR:3.33)
[2026-08-14 13:35:20]  [行6] 解析成功: SZSE.001339 [智微智能] SELL @ 86.19 (VR:0.14)
[2026-08-14 13:35:20]  [行7] 解析成功: SHSE.688110 [东芯股份] SELL @ 115.95 (VR:0.1)
[2026-08-14 13:35:20]  [行8] 解析成功: SHSE.688002 [睿创微纳] BUY @ 167.72 (VR:0.05)
[2026-08-14 13:35:20]  [行9] 解析成功: SHSE.688102 [斯瑞新材] BUY @ 37.7 (VR:0.05)
[2026-08-14 13:35:20]  [行10] 解析成功: SHSE.688521 [芯原股份] BUY @ 207.74 (VR:0.07)
[2026-08-14 13:35:20]  [行11] 解析成功: SZSE.300689 [澄天伟业] SELL @ 53.77 (VR:0.15)
[2026-08-14 13:35:20]  [行12] 解析成功: SZSE.301013 [利和兴] SELL @ 46.19 (VR:0.83)
[2026-08-14 13:35:20]  [行13] 解析成功: SZSE.300790 [宇瞳光学] SELL @ 20.18 (VR:0.85)
[2026-08-14 13:35:20]  [行14] 解析成功: SZSE.002718 [友邦吊顶] SELL @ 86.26 (VR:0.17)
[2026-08-14 13:35:20]  [行15] 解析成功: SZSE.001339 [智微智能] SELL @ 86.0 (VR:0.93)
[2026-08-14 13:35:20] 成功保存 15 条因子至: signal_batch_20260814_133520_339487.txt
[2026-08-14 13:35:20]  QQ-主 邮件 6240 处理完成
[2026-08-14 13:35:20]  QQ-主 正在解析因子: =?utf-8?b?QWxwaGFQaWxvdCDlrp7ml7bkv6Hlj7cgKGFscGhhX3NpZ25hbF90aHJfMjAyNjA4MTRfMTAyMS5qc29uKSBb5Li7UVEt5a+55aSWXQ==?=
[2026-08-14 13:35:20]  发现表格，共 6 行数据
[2026-08-14 13:35:20]  动态索引映射: ['股票代码', '股票名称', '信号', '当前价格', '量比', '来源过滤']
[2026-08-14 13:35:20]  [行1] 解析成功: SHSE.600353 [旭光电子] SELL @ 29.6 (VR:0.46)
[2026-08-14 13:35:20]  [行2] 解析成功: SZSE.000510 [新金路] BUY @ 16.87 (VR:0.69)
[2026-08-14 13:35:20]  [行3] 解析成功: SZSE.301419 [瑞可达] BUY @ 34.62 (VR:2.0)
[2026-08-14 13:35:20]  [行4] 解析成功: SHSE.600353 [旭光电子] SELL @ 29.57 (VR:1.1)
[2026-08-14 13:35:20]  [行5] 解析成功: SZSE.000510 [新金路] BUY @ 16.93 (VR:0.74)
[2026-08-14 13:35:20]  [行6] 解析成功: SZSE.300037 [新宙邦] BUY @ 67.08 (VR:0.5)
[2026-08-14 13:35:20] 成功保存 6 条因子至: signal_batch_20260814_133520_738121.txt
[2026-08-14 13:35:20]  QQ-主 邮件 6241 处理完成
[2026-08-14 13:35:21]  QQ-主 正在解析因子: =?utf-8?b?QWxwaGFQaWxvdCDlrp7ml7bkv6Hlj7cgKGFscGhhX3NpZ25hbF90aHJfMjAyNjA4MTRfMTAyMS5qc29uKSBb5Li7UVEt5a+55aSWXQ==?=
[2026-08-14 13:35:21]  发现表格，共 6 行数据
[2026-08-14 13:35:21]  动态索引映射: ['股票代码', '股票名称', '信号', '当前价格', '量比', '来源过滤']
[2026-08-14 13:35:21]  [行1] 解析成功: SHSE.600353 [旭光电子] SELL @ 29.6 (VR:0.46)
[2026-08-14 13:35:21]  [行2] 解析成功: SZSE.000510 [新金路] BUY @ 16.87 (VR:0.69)
[2026-08-14 13:35:21]  [行3] 解析成功: SZSE.301419 [瑞可达] BUY @ 34.62 (VR:2.0)
[2026-08-14 13:35:21]  [行4] 解析成功: SHSE.600353 [旭光电子] SELL @ 29.57 (VR:1.1)
[2026-08-14 13:35:21]  [行5] 解析成功: SZSE.000510 [新金路] BUY @ 16.93 (VR:0.74)
[2026-08-14 13:35:21]  [行6] 解析成功: SZSE.300037 [新宙邦] BUY @ 67.08 (VR:0.5)
[2026-08-14 13:35:21] 成功保存 6 条因子至: signal_batch_20260814_133521_043653.txt
[2026-08-14 13:35:21]  QQ-主 邮件 6242 处理完成
[2026-08-14 13:35:21]  QQ-主 正在解析因子: =?utf-8?b?QWxwaGFQaWxvdCDlrp7ml7bkv6Hlj7cgKGFscGhhX3NpZ25hbF90aHJfMjAyNjA4MTRfMTAyNC5qc29uKSBb5Li7UVEt5a+55aSWXQ==?=
[2026-08-14 13:35:21]  发现表格，共 9 行数据
[2026-08-14 13:35:21]  动态索引映射: ['股票代码', '股票名称', '信号', '当前价格', '量比', '来源过滤']
[2026-08-14 13:35:21]  [行1] 解析成功: SHSE.603773 [沃格光电] BUY @ 93.6 (VR:0.42)
[2026-08-14 13:35:21]  [行2] 解析成功: SZSE.003031 [中瓷电子] BUY @ 124.88 (VR:2.42)
[2026-08-14 13:35:21]  [行3] 解析成功: SZSE.002643 [万润股份] SELL @ 14.3 (VR:1.08)
[2026-08-14 13:35:21]  [行4] 解析成功: SZSE.002937 [兴瑞科技] BUY @ 29.6 (VR:0.06)
[2026-08-14 13:35:21]  [行5] 解析成功: SZSE.000920 [沃顿科技] SELL @ 11.64 (VR:0.32)
[2026-08-14 13:35:21]  [行6] 解析成功: SZSE.003031 [中瓷电子] BUY @ 125.0 (VR:1.54)
[2026-08-14 13:35:21]  [行7] 解析成功: SZSE.002643 [万润股份] SELL @ 14.28 (VR:0.08)
[2026-08-14 13:35:21]  [行8] 解析成功: SZSE.002937 [兴瑞科技] BUY @ 29.61 (VR:0.09)
[2026-08-14 13:35:21]  [行9] 解析成功: SZSE.300607 [拓斯达] SELL @ 33.97 (VR:0.28)
[2026-08-14 13:35:21] 成功保存 9 条因子至: signal_batch_20260814_133521_314272.txt
[2026-08-14 13:35:21]  QQ-主 邮件 6243 处理完成
[2026-08-14 13:35:21]  QQ-主 正在解析因子: =?utf-8?b?QWxwaGFQaWxvdCDlrp7ml7bkv6Hlj7cgKGFscGhhX3NpZ25hbF90aHJfMjAyNjA4MTRfMTAyNC5qc29uKSBb5Li7UVEt5a+55aSWXQ==?=
[2026-08-14 13:35:21]  发现表格，共 9 行数据
[2026-08-14 13:35:21]  动态索引映射: ['股票代码', '股票名称', '信号', '当前价格', '量比', '来源过滤']
[2026-08-14 13:35:21]  [行1] 解析成功: SHSE.603773 [沃格光电] BUY @ 93.6 (VR:0.42)
[2026-08-14 13:35:21]  [行2] 解析成功: SZSE.003031 [中瓷电子] BUY @ 124.88 (VR:2.42)
[2026-08-14 13:35:21]  [行3] 解析成功: SZSE.002643 [万润股份] SELL @ 14.3 (VR:1.08)
[2026-08-14 13:35:21]  [行4] 解析成功: SZSE.002937 [兴瑞科技] BUY @ 29.6 (VR:0.06)
[2026-08-14 13:35:21]  [行5] 解析成功: SZSE.000920 [沃顿科技] SELL @ 11.64 (VR:0.32)
[2026-08-14 13:35:21]  [行6] 解析成功: SZSE.003031 [中瓷电子] BUY @ 125.0 (VR:1.54)
[2026-08-14 13:35:21]  [行7] 解析成功: SZSE.002643 [万润股份] SELL @ 14.28 (VR:0.08)
[2026-08-14 13:35:21]  [行8] 解析成功: SZSE.002937 [兴瑞科技] BUY @ 29.61 (VR:0.09)
[2026-08-14 13:35:21]  [行9] 解析成功: SZSE.300607 [拓斯达] SELL @ 33.97 (VR:0.28)
[2026-08-14 13:35:21] 本批信号内容已存在（哈希重复），跳过保存（防双邮箱重复）
[2026-08-14 13:35:21]  QQ-主 邮件 6244 保存因子失败
[2026-08-14 13:35:21]  QQ-主 正在解析因子: =?utf-8?b?QWxwaGFQaWxvdCDlrp7ml7bkv6Hlj7cgKGFscGhhX3NpZ25hbF90aHJfMjAyNjA4MTRfMTAyNy5qc29uKSBb5Li7UVEt5a+55aSWXQ==?=
[2026-08-14 13:35:21]  发现表格，共 15 行数据
[2026-08-14 13:35:21]  动态索引映射: ['股票代码', '股票名称', '信号', '当前价格', '量比', '来源过滤']
[2026-08-14 13:35:21]  [行1] 解析成功: SHSE.688261 [东微半导] SELL @ 70.68 (VR:3.53)
[2026-08-14 13:35:21]  [行2] 解析成功: SHSE.688199 [久日新材] SELL @ 23.13 (VR:0.53)
[2026-08-14 13:35:21]  [行3] 解析成功: SZSE.300136 [信维通信] SELL @ 67.25 (VR:0.02)
[2026-08-14 13:35:21]  [行4] 解析成功: SZSE.300821 [东岳硅材] BUY @ 16.81 (VR:1.04)
[2026-08-14 13:35:21]  [行5] 解析成功: SZSE.300057 [万顺新材] SELL @ 6.45 (VR:1.43)
[2026-08-14 13:35:21]  [行6] 解析成功: SZSE.300162 [雷曼光电] BUY @ 7.56 (VR:0.22)
[2026-08-14 13:35:21]  [行7] 解析成功: SZSE.300767 [震安科技] SELL @ 18.47 (VR:0.02)
[2026-08-14 13:35:21]  [行8] 解析成功: SZSE.002158 [汉钟精机] BUY @ 28.14 (VR:0.13)
[2026-08-14 13:35:21]  [行9] 解析成功: SZSE.002456 [欧菲光] SELL @ 7.25 (VR:0.82)
[2026-08-14 13:35:21]  [行10] 解析成功: SHSE.688261 [东微半导] SELL @ 70.55 (VR:1.65)
[2026-08-14 13:35:21]  [行11] 解析成功: SZSE.300821 [东岳硅材] BUY @ 16.83 (VR:0.57)
[2026-08-14 13:35:21]  [行12] 解析成功: SZSE.300236 [上海新阳] BUY @ 93.41 (VR:1.08)
[2026-08-14 13:35:21]  [行13] 解析成功: SZSE.300162 [雷曼光电] BUY @ 7.57 (VR:0.59)
[2026-08-14 13:35:21]  [行14] 解析成功: SZSE.300767 [震安科技] SELL @ 18.44 (VR:0.25)
[2026-08-14 13:35:21]  [行15] 解析成功: SZSE.002158 [汉钟精机] BUY @ 28.15 (VR:0.05)
[2026-08-14 13:35:21] 成功保存 15 条因子至: signal_batch_20260814_133521_863504.txt
[2026-08-14 13:35:22]  QQ-主 邮件 6245 处理完成
[2026-08-14 13:35:22]  QQ-主 正在解析因子: =?utf-8?b?QWxwaGFQaWxvdCDlrp7ml7bkv6Hlj7cgKGFscGhhX3NpZ25hbF90aHJfMjAyNjA4MTRfMTAyNy5qc29uKSBb5Li7UVEt5a+55aSWXQ==?=
[2026-08-14 13:35:22]  发现表格，共 15 行数据
[2026-08-14 13:35:22]  动态索引映射: ['股票代码', '股票名称', '信号', '当前价格', '量比', '来源过滤']
[2026-08-14 13:35:22]  [行1] 解析成功: SHSE.688261 [东微半导] SELL @ 70.68 (VR:3.53)
[2026-08-14 13:35:22]  [行2] 解析成功: SHSE.688199 [久日新材] SELL @ 23.13 (VR:0.53)
[2026-08-14 13:35:22]  [行3] 解析成功: SZSE.300136 [信维通信] SELL @ 67.25 (VR:0.02)
[2026-08-14 13:35:22]  [行4] 解析成功: SZSE.300821 [东岳硅材] BUY @ 16.81 (VR:1.04)
[2026-08-14 13:35:22]  [行5] 解析成功: SZSE.300057 [万顺新材] SELL @ 6.45 (VR:1.43)
[2026-08-14 13:35:22]  [行6] 解析成功: SZSE.300162 [雷曼光电] BUY @ 7.56 (VR:0.22)
[2026-08-14 13:35:22]  [行7] 解析成功: SZSE.300767 [震安科技] SELL @ 18.47 (VR:0.02)
[2026-08-14 13:35:22]  [行8] 解析成功: SZSE.002158 [汉钟精机] BUY @ 28.14 (VR:0.13)
[2026-08-14 13:35:22]  [行9] 解析成功: SZSE.002456 [欧菲光] SELL @ 7.25 (VR:0.82)
[2026-08-14 13:35:22]  [行10] 解析成功: SHSE.688261 [东微半导] SELL @ 70.55 (VR:1.65)
[2026-08-14 13:35:22]  [行11] 解析成功: SZSE.300821 [东岳硅材] BUY @ 16.83 (VR:0.57)
[2026-08-14 13:35:22]  [行12] 解析成功: SZSE.300236 [上海新阳] BUY @ 93.41 (VR:1.08)
[2026-08-14 13:35:22]  [行13] 解析成功: SZSE.300162 [雷曼光电] BUY @ 7.57 (VR:0.59)
[2026-08-14 13:35:22]  [行14] 解析成功: SZSE.300767 [震安科技] SELL @ 18.44 (VR:0.25)
[2026-08-14 13:35:22]  [行15] 解析成功: SZSE.002158 [汉钟精机] BUY @ 28.15 (VR:0.05)
[2026-08-14 13:35:22] 成功保存 15 条因子至: signal_batch_20260814_133522_145995.txt
[2026-08-14 13:35:22]  QQ-主 邮件 6246 处理完成
[2026-08-14 13:35:22]  QQ-主 正在解析因子: =?utf-8?b?QWxwaGFQaWxvdCDlrp7ml7bkv6Hlj7cgKGFscGhhX3NpZ25hbF90aHJfMjAyNjA4MTRfMTAzMC5qc29uKSBb5Li7UVEt5a+55aSWXQ==?=
[2026-08-14 13:35:22]  发现表格，共 19 行数据
[2026-08-14 13:35:22]  动态索引映射: ['股票代码', '股票名称', '信号', '当前价格', '量比', '来源过滤']
[2026-08-14 13:35:22]  [行1] 解析成功: SHSE.688286 [敏芯股份] BUY @ 51.09 (VR:3.81)
[2026-08-14 13:35:22]  [行2] 解析成功: SHSE.688511 [天微电子] BUY @ 23.34 (VR:0.05)
[2026-08-14 13:35:22]  [行3] 解析成功: SHSE.688249 [晶合集成] SELL @ 39.73 (VR:0.37)
[2026-08-14 13:35:22]  [行4] 解析成功: SHSE.688138 [清溢光电] SELL @ 33.82 (VR:0.32)
[2026-08-14 13:35:22]  [行5] 解析成功: SZSE.300285 [国瓷材料] SELL @ 71.29 (VR:0.0)
[2026-08-14 13:35:22]  [行6] 解析成功: SZSE.301252 [同星科技] SELL @ 33.18 (VR:2.06)
[2026-08-14 13:35:22]  [行7] 解析成功: SZSE.301392 [汇成真空] SELL @ 167.33 (VR:0.95)
[2026-08-14 13:35:22]  [行8] 解析成功: SZSE.300214 [日科化学] SELL @ 12.02 (VR:0.71)
[2026-08-14 13:35:22]  [行9] 解析成功: SZSE.300088 [长信科技] SELL @ 7.54 (VR:0.0)
[2026-08-14 13:35:22]  [行10] 解析成功: SHSE.688286 [敏芯股份] BUY @ 51.25 (VR:2.26)
[2026-08-14 13:35:22]  [行11] 解析成功: SHSE.688511 [天微电子] BUY @ 23.34 (VR:0.05)
[2026-08-14 13:35:22]  [行12] 解析成功: SHSE.688216 [气派科技] SELL @ 31.0 (VR:0.08)
[2026-08-14 13:35:22]  [行13] 解析成功: SHSE.688249 [晶合集成] SELL @ 39.72 (VR:0.1)
[2026-08-14 13:35:22]  [行14] 解析成功: SHSE.688138 [清溢光电] SELL @ 33.7 (VR:0.51)
[2026-08-14 13:35:22]  [行15] 解析成功: SZSE.300285 [国瓷材料] SELL @ 71.28 (VR:0.22)
[2026-08-14 13:35:22]  [行16] 解析成功: SZSE.301252 [同星科技] SELL @ 33.16 (VR:0.65)
[2026-08-14 13:35:22]  [行17] 解析成功: SZSE.301392 [汇成真空] SELL @ 167.12 (VR:0.26)
[2026-08-14 13:35:22]  [行18] 解析成功: SZSE.300214 [日科化学] SELL @ 11.96 (VR:0.0)
[2026-08-14 13:35:22]  [行19] 解析成功: SZSE.300088 [长信科技] SELL @ 7.53 (VR:0.22)
[2026-08-14 13:35:22] 成功保存 19 条因子至: signal_batch_20260814_133522_481658.txt
[2026-08-14 13:35:22]  QQ-主 邮件 6247 处理完成
[2026-08-14 13:35:22]  QQ-主 正在解析因子: =?utf-8?b?QWxwaGFQaWxvdCDlrp7ml7bkv6Hlj7cgKGFscGhhX3NpZ25hbF90aHJfMjAyNjA4MTRfMTAzMC5qc29uKSBb5Li7UVEt5a+55aSWXQ==?=
[2026-08-14 13:35:22]  发现表格，共 19 行数据
[2026-08-14 13:35:22]  动态索引映射: ['股票代码', '股票名称', '信号', '当前价格', '量比', '来源过滤']
[2026-08-14 13:35:22]  [行1] 解析成功: SHSE.688286 [敏芯股份] BUY @ 51.09 (VR:3.81)
[2026-08-14 13:35:22]  [行2] 解析成功: SHSE.688511 [天微电子] BUY @ 23.34 (VR:0.05)
[2026-08-14 13:35:22]  [行3] 解析成功: SHSE.688249 [晶合集成] SELL @ 39.73 (VR:0.37)
[2026-08-14 13:35:22]  [行4] 解析成功: SHSE.688138 [清溢光电] SELL @ 33.82 (VR:0.32)
[2026-08-14 13:35:22]  [行5] 解析成功: SZSE.300285 [国瓷材料] SELL @ 71.29 (VR:0.0)
[2026-08-14 13:35:22]  [行6] 解析成功: SZSE.301252 [同星科技] SELL @ 33.18 (VR:2.06)
[2026-08-14 13:35:22]  [行7] 解析成功: SZSE.301392 [汇成真空] SELL @ 167.33 (VR:0.95)
[2026-08-14 13:35:22]  [行8] 解析成功: SZSE.300214 [日科化学] SELL @ 12.02 (VR:0.71)
[2026-08-14 13:35:22]  [行9] 解析成功: SZSE.300088 [长信科技] SELL @ 7.54 (VR:0.0)
[2026-08-14 13:35:22]  [行10] 解析成功: SHSE.688286 [敏芯股份] BUY @ 51.25 (VR:2.26)
[2026-08-14 13:35:22]  [行11] 解析成功: SHSE.688511 [天微电子] BUY @ 23.34 (VR:0.05)
[2026-08-14 13:35:22]  [行12] 解析成功: SHSE.688216 [气派科技] SELL @ 31.0 (VR:0.08)
[2026-08-14 13:35:22]  [行13] 解析成功: SHSE.688249 [晶合集成] SELL @ 39.72 (VR:0.1)
[2026-08-14 13:35:22]  [行14] 解析成功: SHSE.688138 [清溢光电] SELL @ 33.7 (VR:0.51)
[2026-08-14 13:35:22]  [行15] 解析成功: SZSE.300285 [国瓷材料] SELL @ 71.28 (VR:0.22)
[2026-08-14 13:35:22]  [行16] 解析成功: SZSE.301252 [同星科技] SELL @ 33.16 (VR:0.65)
[2026-08-14 13:35:22]  [行17] 解析成功: SZSE.301392 [汇成真空] SELL @ 167.12 (VR:0.26)
[2026-08-14 13:35:22]  [行18] 解析成功: SZSE.300214 [日科化学] SELL @ 11.96 (VR:0.0)
[2026-08-14 13:35:22]  [行19] 解析成功: SZSE.300088 [长信科技] SELL @ 7.53 (VR:0.22)
[2026-08-14 13:35:22] 本批信号内容已存在（哈希重复），跳过保存（防双邮箱重复）
[2026-08-14 13:35:22]  QQ-主 邮件 6248 保存因子失败
[2026-08-14 13:35:22]  QQ-主 正在解析因子: =?utf-8?b?QWxwaGFQaWxvdCDlrp7ml7bkv6Hlj7cgKGFscGhhX3NpZ25hbF90aHJfMjAyNjA4MTRfMTAzMi5qc29uKSBb5Li7UVEt5a+55aSWXQ==?=
[2026-08-14 13:35:22]  发现表格，共 10 行数据
[2026-08-14 13:35:22]  动态索引映射: ['股票代码', '股票名称', '信号', '当前价格', '量比', '来源过滤']
[2026-08-14 13:35:22]  [行1] 解析成功: SHSE.688665 [四方光电] BUY @ 45.41 (VR:2.02)
[2026-08-14 13:35:22]  [行2] 解析成功: SHSE.688102 [斯瑞新材] SELL @ 37.45 (VR:0.61)
[2026-08-14 13:35:22]  [行3] 解析成功: SHSE.688521 [芯原股份] BUY @ 207.77 (VR:0.03)
[2026-08-14 13:35:22]  [行4] 解析成功: SZSE.301013 [利和兴] BUY @ 46.15 (VR:0.03)
[2026-08-14 13:35:22]  [行5] 解析成功: SZSE.300790 [宇瞳光学] BUY @ 20.12 (VR:0.13)
[2026-08-14 13:35:22]  [行6] 解析成功: SHSE.688665 [四方光电] BUY @ 45.56 (VR:3.19)
[2026-08-14 13:35:22]  [行7] 解析成功: SHSE.688102 [斯瑞新材] SELL @ 37.41 (VR:0.25)
[2026-08-14 13:35:22]  [行8] 解析成功: SHSE.688521 [芯原股份] BUY @ 208.12 (VR:0.19)
[2026-08-14 13:35:22]  [行9] 解析成功: SZSE.301013 [利和兴] BUY @ 46.2 (VR:1.45)
[2026-08-14 13:35:22]  [行10] 解析成功: SZSE.300790 [宇瞳光学] BUY @ 20.14 (VR:1.01)
[2026-08-14 13:35:23] 成功保存 10 条因子至: signal_batch_20260814_133522_997780.txt
[2026-08-14 13:35:23]  QQ-主 邮件 6249 处理完成
[2026-08-14 13:35:23]  QQ-主 正在解析因子: =?utf-8?b?QWxwaGFQaWxvdCDlrp7ml7bkv6Hlj7cgKGFscGhhX3NpZ25hbF90aHJfMjAyNjA4MTRfMTAzMi5qc29uKSBb5Li7UVEt5a+55aSWXQ==?=
[2026-08-14 13:35:23]  发现表格，共 10 行数据
[2026-08-14 13:35:23]  动态索引映射: ['股票代码', '股票名称', '信号', '当前价格', '量比', '来源过滤']
[2026-08-14 13:35:23]  [行1] 解析成功: SHSE.688665 [四方光电] BUY @ 45.41 (VR:2.02)
[2026-08-14 13:35:23]  [行2] 解析成功: SHSE.688102 [斯瑞新材] SELL @ 37.45 (VR:0.61)
[2026-08-14 13:35:23]  [行3] 解析成功: SHSE.688521 [芯原股份] BUY @ 207.77 (VR:0.03)
[2026-08-14 13:35:23]  [行4] 解析成功: SZSE.301013 [利和兴] BUY @ 46.15 (VR:0.03)
[2026-08-14 13:35:23]  [行5] 解析成功: SZSE.300790 [宇瞳光学] BUY @ 20.12 (VR:0.13)
[2026-08-14 13:35:23]  [行6] 解析成功: SHSE.688665 [四方光电] BUY @ 45.56 (VR:3.19)
[2026-08-14 13:35:23]  [行7] 解析成功: SHSE.688102 [斯瑞新材] SELL @ 37.41 (VR:0.25)
[2026-08-14 13:35:23]  [行8] 解析成功: SHSE.688521 [芯原股份] BUY @ 208.12 (VR:0.19)
[2026-08-14 13:35:23]  [行9] 解析成功: SZSE.301013 [利和兴] BUY @ 46.2 (VR:1.45)
[2026-08-14 13:35:23]  [行10] 解析成功: SZSE.300790 [宇瞳光学] BUY @ 20.14 (VR:1.01)
[2026-08-14 13:35:23] 成功保存 10 条因子至: signal_batch_20260814_133523_316352.txt
[2026-08-14 13:35:23]  QQ-主 邮件 6250 处理完成
[2026-08-14 13:35:23]  QQ-主 正在解析因子: =?utf-8?b?QWxwaGFQaWxvdCDlrp7ml7bkv6Hlj7cgKGFscGhhX3NpZ25hbF90aHJfMjAyNjA4MTRfMTAzNC5qc29uKSBb5Li7UVEt5a+55aSWXQ==?=
[2026-08-14 13:35:23]  发现表格，共 6 行数据
[2026-08-14 13:35:23]  动态索引映射: ['股票代码', '股票名称', '信号', '当前价格', '量比', '来源过滤']
[2026-08-14 13:35:23]  [行1] 解析成功: SHSE.600353 [旭光电子] BUY @ 29.9 (VR:1.98)
[2026-08-14 13:35:23]  [行2] 解析成功: SHSE.601138 [工业富联] BUY @ 65.49 (VR:1.35)
[2026-08-14 13:35:23]  [行3] 解析成功: SZSE.000510 [新金路] BUY @ 16.84 (VR:0.21)
[2026-08-14 13:35:23]  [行4] 解析成功: SHSE.600353 [旭光电子] BUY @ 30.03 (VR:3.13)
[2026-08-14 13:35:23]  [行5] 解析成功: SHSE.601138 [工业富联] BUY @ 65.63 (VR:1.32)
[2026-08-14 13:35:23]  [行6] 解析成功: SZSE.000510 [新金路] BUY @ 16.92 (VR:0.04)
[2026-08-14 13:35:23] 成功保存 6 条因子至: signal_batch_20260814_133523_606956.txt
[2026-08-14 13:35:23]  QQ-主 邮件 6251 处理完成
[2026-08-14 13:35:23]  QQ-主 正在解析因子: =?utf-8?b?QWxwaGFQaWxvdCDlrp7ml7bkv6Hlj7cgKGFscGhhX3NpZ25hbF90aHJfMjAyNjA4MTRfMTAzNC5qc29uKSBb5Li7UVEt5a+55aSWXQ==?=
[2026-08-14 13:35:23]  发现表格，共 6 行数据
[2026-08-14 13:35:23]  动态索引映射: ['股票代码', '股票名称', '信号', '当前价格', '量比', '来源过滤']
[2026-08-14 13:35:23]  [行1] 解析成功: SHSE.600353 [旭光电子] BUY @ 29.9 (VR:1.98)
[2026-08-14 13:35:23]  [行2] 解析成功: SHSE.601138 [工业富联] BUY @ 65.49 (VR:1.35)
[2026-08-14 13:35:23]  [行3] 解析成功: SZSE.000510 [新金路] BUY @ 16.84 (VR:0.21)
[2026-08-14 13:35:23]  [行4] 解析成功: SHSE.600353 [旭光电子] BUY @ 30.03 (VR:3.13)
[2026-08-14 13:35:23]  [行5] 解析成功: SHSE.601138 [工业富联] BUY @ 65.63 (VR:1.32)
[2026-08-14 13:35:23]  [行6] 解析成功: SZSE.000510 [新金路] BUY @ 16.92 (VR:0.04)
[2026-08-14 13:35:23] 本批信号内容已存在（哈希重复），跳过保存（防双邮箱重复）
[2026-08-14 13:35:23]  QQ-主 邮件 6252 保存因子失败
[2026-08-14 13:35:23]  QQ-主 正在解析因子: =?utf-8?b?QWxwaGFQaWxvdCDlrp7ml7bkv6Hlj7cgKGFscGhhX3NpZ25hbF90aHJfMjAyNjA4MTRfMTAzNy5qc29uKSBb5Li7UVEt5a+55aSWXQ==?=
[2026-08-14 13:35:23]  发现表格，共 12 行数据
[2026-08-14 13:35:23]  动态索引映射: ['股票代码', '股票名称', '信号', '当前价格', '量比', '来源过滤']
[2026-08-14 13:35:23]  [行1] 解析成功: SHSE.603618 [杭电股份] BUY @ 28.91 (VR:8.47)
[2026-08-14 13:35:23]  [行2] 解析成功: SHSE.605111 [新洁能] BUY @ 57.64 (VR:0.11)
[2026-08-14 13:35:23]  [行3] 解析成功: SHSE.600909 [华安证券] BUY @ 8.25 (VR:0.17)
[2026-08-14 13:35:23]  [行4] 解析成功: SZSE.000920 [沃顿科技] SELL @ 11.67 (VR:0.04)
[2026-08-14 13:35:23]  [行5] 解析成功: SZSE.300607 [拓斯达] BUY @ 34.26 (VR:0.03)
[2026-08-14 13:35:23]  [行6] 解析成功: SZSE.301070 [开勒股份] BUY @ 66.5 (VR:0.09)
[2026-08-14 13:35:23]  [行7] 解析成功: SHSE.603618 [杭电股份] BUY @ 29.87 (VR:2.59)
[2026-08-14 13:35:23]  [行8] 解析成功: SHSE.605111 [新洁能] BUY @ 57.76 (VR:0.01)
[2026-08-14 13:35:23]  [行9] 解析成功: SHSE.600909 [华安证券] BUY @ 8.26 (VR:0.22)
[2026-08-14 13:35:23]  [行10] 解析成功: SZSE.000920 [沃顿科技] SELL @ 11.66 (VR:0.18)
[2026-08-14 13:35:23]  [行11] 解析成功: SZSE.300607 [拓斯达] BUY @ 34.27 (VR:0.75)
[2026-08-14 13:35:23]  [行12] 解析成功: SZSE.301070 [开勒股份] BUY @ 66.57 (VR:0.98)
[2026-08-14 13:35:24] 成功保存 12 条因子至: signal_batch_20260814_133523_992909.txt
[2026-08-14 13:35:24]  QQ-主 邮件 6253 处理完成
[2026-08-14 13:35:24]  QQ-主 正在解析因子: =?utf-8?b?QWxwaGFQaWxvdCDlrp7ml7bkv6Hlj7cgKGFscGhhX3NpZ25hbF90aHJfMjAyNjA4MTRfMTAzNy5qc29uKSBb5Li7UVEt5a+55aSWXQ==?=
[2026-08-14 13:35:24]  发现表格，共 12 行数据
[2026-08-14 13:35:24]  动态索引映射: ['股票代码', '股票名称', '信号', '当前价格', '量比', '来源过滤']
[2026-08-14 13:35:24]  [行1] 解析成功: SHSE.603618 [杭电股份] BUY @ 28.91 (VR:8.47)
[2026-08-14 13:35:24]  [行2] 解析成功: SHSE.605111 [新洁能] BUY @ 57.64 (VR:0.11)
[2026-08-14 13:35:24]  [行3] 解析成功: SHSE.600909 [华安证券] BUY @ 8.25 (VR:0.17)
[2026-08-14 13:35:24]  [行4] 解析成功: SZSE.000920 [沃顿科技] SELL @ 11.67 (VR:0.04)
[2026-08-14 13:35:24]  [行5] 解析成功: SZSE.300607 [拓斯达] BUY @ 34.26 (VR:0.03)
[2026-08-14 13:35:24]  [行6] 解析成功: SZSE.301070 [开勒股份] BUY @ 66.5 (VR:0.09)
[2026-08-14 13:35:24]  [行7] 解析成功: SHSE.603618 [杭电股份] BUY @ 29.87 (VR:2.59)
[2026-08-14 13:35:24]  [行8] 解析成功: SHSE.605111 [新洁能] BUY @ 57.76 (VR:0.01)
[2026-08-14 13:35:24]  [行9] 解析成功: SHSE.600909 [华安证券] BUY @ 8.26 (VR:0.22)
[2026-08-14 13:35:24]  [行10] 解析成功: SZSE.000920 [沃顿科技] SELL @ 11.66 (VR:0.18)
[2026-08-14 13:35:24]  [行11] 解析成功: SZSE.300607 [拓斯达] BUY @ 34.27 (VR:0.75)
[2026-08-14 13:35:24]  [行12] 解析成功: SZSE.301070 [开勒股份] BUY @ 66.57 (VR:0.98)
[2026-08-14 13:35:24] 成功保存 12 条因子至: signal_batch_20260814_133524_323281.txt
[2026-08-14 13:35:24]  QQ-主 邮件 6254 处理完成
[2026-08-14 13:35:24]  QQ-主 正在解析因子: =?utf-8?b?QWxwaGFQaWxvdCDlrp7ml7bkv6Hlj7cgKGFscGhhX3NpZ25hbF90aHJfMjAyNjA4MTRfMTAzOS5qc29uKSBb5Li7UVEt5a+55aSWXQ==?=
[2026-08-14 13:35:24]  发现表格，共 6 行数据
[2026-08-14 13:35:24]  动态索引映射: ['股票代码', '股票名称', '信号', '当前价格', '量比', '来源过滤']
[2026-08-14 13:35:24]  [行1] 解析成功: SHSE.688261 [东微半导] BUY @ 70.73 (VR:0.51)
[2026-08-14 13:35:24]  [行2] 解析成功: SZSE.300236 [上海新阳] SELL @ 93.95 (VR:0.2)
[2026-08-14 13:35:24]  [行3] 解析成功: SZSE.300767 [震安科技] BUY @ 18.45 (VR:0.33)
[2026-08-14 13:35:24]  [行4] 解析成功: SHSE.688261 [东微半导] BUY @ 70.78 (VR:0.62)
[2026-08-14 13:35:24]  [行5] 解析成功: SZSE.300236 [上海新阳] SELL @ 93.79 (VR:0.2)
[2026-08-14 13:35:24]  [行6] 解析成功: SZSE.300767 [震安科技] BUY @ 18.47 (VR:0.15)
[2026-08-14 13:35:24] 成功保存 6 条因子至: signal_batch_20260814_133524_626957.txt
[2026-08-14 13:35:24]  QQ-主 邮件 6255 处理完成
[2026-08-14 13:35:24]  QQ-主 正在解析因子: =?utf-8?b?QWxwaGFQaWxvdCDlrp7ml7bkv6Hlj7cgKGFscGhhX3NpZ25hbF90aHJfMjAyNjA4MTRfMTAzOS5qc29uKSBb5Li7UVEt5a+55aSWXQ==?=
[2026-08-14 13:35:24]  发现表格，共 6 行数据
[2026-08-14 13:35:24]  动态索引映射: ['股票代码', '股票名称', '信号', '当前价格', '量比', '来源过滤']
[2026-08-14 13:35:24]  [行1] 解析成功: SHSE.688261 [东微半导] BUY @ 70.73 (VR:0.51)
[2026-08-14 13:35:24]  [行2] 解析成功: SZSE.300236 [上海新阳] SELL @ 93.95 (VR:0.2)
[2026-08-14 13:35:24]  [行3] 解析成功: SZSE.300767 [震安科技] BUY @ 18.45 (VR:0.33)
[2026-08-14 13:35:24]  [行4] 解析成功: SHSE.688261 [东微半导] BUY @ 70.78 (VR:0.62)
[2026-08-14 13:35:24]  [行5] 解析成功: SZSE.300236 [上海新阳] SELL @ 93.79 (VR:0.2)
[2026-08-14 13:35:24]  [行6] 解析成功: SZSE.300767 [震安科技] BUY @ 18.47 (VR:0.15)
[2026-08-14 13:35:24] 本批信号内容已存在（哈希重复），跳过保存（防双邮箱重复）
[2026-08-14 13:35:24]  QQ-主 邮件 6256 保存因子失败
[2026-08-14 13:35:25]  QQ-主 正在解析因子: =?utf-8?b?QWxwaGFQaWxvdCDlrp7ml7bkv6Hlj7cgKGFscGhhX3NpZ25hbF90aHJfMjAyNjA4MTRfMTA0MS5qc29uKSBb5Li7UVEt5a+55aSWXQ==?=
[2026-08-14 13:35:25]  发现表格，共 16 行数据
[2026-08-14 13:35:25]  动态索引映射: ['股票代码', '股票名称', '信号', '当前价格', '量比', '来源过滤']
[2026-08-14 13:35:25]  [行1] 解析成功: SHSE.688286 [敏芯股份] BUY @ 51.82 (VR:6.88)
[2026-08-14 13:35:25]  [行2] 解析成功: SHSE.688511 [天微电子] SELL @ 23.54 (VR:0.03)
[2026-08-14 13:35:25]  [行3] 解析成功: SHSE.688216 [气派科技] BUY @ 31.06 (VR:0.2)
[2026-08-14 13:35:25]  [行4] 解析成功: SHSE.688721 [龙图光罩] BUY @ 41.19 (VR:0.41)
[2026-08-14 13:35:25]  [行5] 解析成功: SHSE.688138 [清溢光电] BUY @ 33.7 (VR:0.48)
[2026-08-14 13:35:25]  [行6] 解析成功: SZSE.300285 [国瓷材料] SELL @ 71.48 (VR:0.03)
[2026-08-14 13:35:25]  [行7] 解析成功: SZSE.301252 [同星科技] BUY @ 33.25 (VR:0.02)
[2026-08-14 13:35:25]  [行8] 解析成功: SZSE.300780 [德恩精工] BUY @ 20.53 (VR:2.44)
[2026-08-14 13:35:25]  [行9] 解析成功: SHSE.688286 [敏芯股份] BUY @ 51.89 (VR:3.57)
[2026-08-14 13:35:25]  [行10] 解析成功: SHSE.688511 [天微电子] SELL @ 23.49 (VR:0.4)
[2026-08-14 13:35:25]  [行11] 解析成功: SHSE.688216 [气派科技] BUY @ 31.1 (VR:1.23)
[2026-08-14 13:35:25]  [行12] 解析成功: SHSE.688721 [龙图光罩] BUY @ 41.2 (VR:0.73)
[2026-08-14 13:35:25]  [行13] 解析成功: SHSE.688138 [清溢光电] BUY @ 33.74 (VR:0.7)
[2026-08-14 13:35:25]  [行14] 解析成功: SZSE.300285 [国瓷材料] SELL @ 71.33 (VR:0.01)
[2026-08-14 13:35:25]  [行15] 解析成功: SZSE.301252 [同星科技] BUY @ 33.31 (VR:0.57)
[2026-08-14 13:35:25]  [行16] 解析成功: SZSE.300780 [德恩精工] BUY @ 20.57 (VR:0.82)
[2026-08-14 13:35:25] 成功保存 16 条因子至: signal_batch_20260814_133525_034800.txt
[2026-08-14 13:35:25]  QQ-主 邮件 6257 处理完成
[2026-08-14 13:35:25]  QQ-主 正在解析因子: =?utf-8?b?QWxwaGFQaWxvdCDlrp7ml7bkv6Hlj7cgKGFscGhhX3NpZ25hbF90aHJfMjAyNjA4MTRfMTA0MS5qc29uKSBb5Li7UVEt5a+55aSWXQ==?=
[2026-08-14 13:35:25]  发现表格，共 16 行数据
[2026-08-14 13:35:25]  动态索引映射: ['股票代码', '股票名称', '信号', '当前价格', '量比', '来源过滤']
[2026-08-14 13:35:25]  [行1] 解析成功: SHSE.688286 [敏芯股份] BUY @ 51.82 (VR:6.88)
[2026-08-14 13:35:25]  [行2] 解析成功: SHSE.688511 [天微电子] SELL @ 23.54 (VR:0.03)
[2026-08-14 13:35:25]  [行3] 解析成功: SHSE.688216 [气派科技] BUY @ 31.06 (VR:0.2)
[2026-08-14 13:35:25]  [行4] 解析成功: SHSE.688721 [龙图光罩] BUY @ 41.19 (VR:0.41)
[2026-08-14 13:35:25]  [行5] 解析成功: SHSE.688138 [清溢光电] BUY @ 33.7 (VR:0.48)
[2026-08-14 13:35:25]  [行6] 解析成功: SZSE.300285 [国瓷材料] SELL @ 71.48 (VR:0.03)
[2026-08-14 13:35:25]  [行7] 解析成功: SZSE.301252 [同星科技] BUY @ 33.25 (VR:0.02)
[2026-08-14 13:35:25]  [行8] 解析成功: SZSE.300780 [德恩精工] BUY @ 20.53 (VR:2.44)
[2026-08-14 13:35:25]  [行9] 解析成功: SHSE.688286 [敏芯股份] BUY @ 51.89 (VR:3.57)
[2026-08-14 13:35:25]  [行10] 解析成功: SHSE.688511 [天微电子] SELL @ 23.49 (VR:0.4)
[2026-08-14 13:35:25]  [行11] 解析成功: SHSE.688216 [气派科技] BUY @ 31.1 (VR:1.23)
[2026-08-14 13:35:25]  [行12] 解析成功: SHSE.688721 [龙图光罩] BUY @ 41.2 (VR:0.73)
[2026-08-14 13:35:25]  [行13] 解析成功: SHSE.688138 [清溢光电] BUY @ 33.74 (VR:0.7)
[2026-08-14 13:35:25]  [行14] 解析成功: SZSE.300285 [国瓷材料] SELL @ 71.33 (VR:0.01)
[2026-08-14 13:35:25]  [行15] 解析成功: SZSE.301252 [同星科技] BUY @ 33.31 (VR:0.57)
[2026-08-14 13:35:25]  [行16] 解析成功: SZSE.300780 [德恩精工] BUY @ 20.57 (VR:0.82)
[2026-08-14 13:35:25] 本批信号内容已存在（哈希重复），跳过保存（防双邮箱重复）
[2026-08-14 13:35:25]  QQ-主 邮件 6258 保存因子失败
[2026-08-14 13:35:25]  QQ-主 正在解析因子: =?utf-8?b?QWxwaGFQaWxvdCDlrp7ml7bkv6Hlj7cgKGFscGhhX3NpZ25hbF90aHJfMjAyNjA4MTRfMTA0My5qc29uKSBb5Li7UVEt5a+55aSWXQ==?=
[2026-08-14 13:35:25]  发现表格，共 10 行数据
[2026-08-14 13:35:25]  动态索引映射: ['股票代码', '股票名称', '信号', '当前价格', '量比', '来源过滤']
[2026-08-14 13:35:25]  [行1] 解析成功: SHSE.688002 [睿创微纳] SELL @ 167.7 (VR:0.02)
[2026-08-14 13:35:25]  [行2] 解析成功: SHSE.688521 [芯原股份] SELL @ 208.35 (VR:0.23)
[2026-08-14 13:35:25]  [行3] 解析成功: SZSE.300679 [电连技术] BUY @ 43.25 (VR:0.58)
[2026-08-14 13:35:25]  [行4] 解析成功: SZSE.301013 [利和兴] BUY @ 46.16 (VR:0.9)
[2026-08-14 13:35:25]  [行5] 解析成功: SZSE.300790 [宇瞳光学] BUY @ 20.06 (VR:1.46)
[2026-08-14 13:35:25]  [行6] 解析成功: SHSE.688002 [睿创微纳] SELL @ 167.43 (VR:0.07)
[2026-08-14 13:35:25]  [行7] 解析成功: SHSE.688521 [芯原股份] SELL @ 208.34 (VR:0.06)
[2026-08-14 13:35:25]  [行8] 解析成功: SZSE.300679 [电连技术] BUY @ 43.26 (VR:0.15)
[2026-08-14 13:35:25]  [行9] 解析成功: SZSE.301013 [利和兴] BUY @ 46.24 (VR:1.83)
[2026-08-14 13:35:25]  [行10] 解析成功: SZSE.300790 [宇瞳光学] BUY @ 20.07 (VR:0.55)
[2026-08-14 13:35:25] 成功保存 10 条因子至: signal_batch_20260814_133525_526003.txt
[2026-08-14 13:35:25]  QQ-主 邮件 6259 处理完成
[2026-08-14 13:35:25]  QQ-主 正在解析因子: =?utf-8?b?QWxwaGFQaWxvdCDlrp7ml7bkv6Hlj7cgKGFscGhhX3NpZ25hbF90aHJfMjAyNjA4MTRfMTA0My5qc29uKSBb5Li7UVEt5a+55aSWXQ==?=
[2026-08-14 13:35:25]  发现表格，共 10 行数据
[2026-08-14 13:35:25]  动态索引映射: ['股票代码', '股票名称', '信号', '当前价格', '量比', '来源过滤']
[2026-08-14 13:35:25]  [行1] 解析成功: SHSE.688002 [睿创微纳] SELL @ 167.7 (VR:0.02)
[2026-08-14 13:35:25]  [行2] 解析成功: SHSE.688521 [芯原股份] SELL @ 208.35 (VR:0.23)
[2026-08-14 13:35:25]  [行3] 解析成功: SZSE.300679 [电连技术] BUY @ 43.25 (VR:0.58)
[2026-08-14 13:35:25]  [行4] 解析成功: SZSE.301013 [利和兴] BUY @ 46.16 (VR:0.9)
[2026-08-14 13:35:25]  [行5] 解析成功: SZSE.300790 [宇瞳光学] BUY @ 20.06 (VR:1.46)
[2026-08-14 13:35:25]  [行6] 解析成功: SHSE.688002 [睿创微纳] SELL @ 167.43 (VR:0.07)
[2026-08-14 13:35:25]  [行7] 解析成功: SHSE.688521 [芯原股份] SELL @ 208.34 (VR:0.06)
[2026-08-14 13:35:25]  [行8] 解析成功: SZSE.300679 [电连技术] BUY @ 43.26 (VR:0.15)
[2026-08-14 13:35:25]  [行9] 解析成功: SZSE.301013 [利和兴] BUY @ 46.24 (VR:1.83)
[2026-08-14 13:35:25]  [行10] 解析成功: SZSE.300790 [宇瞳光学] BUY @ 20.07 (VR:0.55)
[2026-08-14 13:35:25] 本批信号内容已存在（哈希重复），跳过保存（防双邮箱重复）
[2026-08-14 13:35:25]  QQ-主 邮件 6260 保存因子失败
[2026-08-14 13:35:26]  QQ-主 正在解析因子: =?utf-8?b?QWxwaGFQaWxvdCDlrp7ml7bkv6Hlj7cgKGFscGhhX3NpZ25hbF90aHJfMjAyNjA4MTRfMTA0Ni5qc29uKSBb5Li7UVEt5a+55aSWXQ==?=
[2026-08-14 13:35:26]  发现表格，共 4 行数据
[2026-08-14 13:35:26]  动态索引映射: ['股票代码', '股票名称', '信号', '当前价格', '量比', '来源过滤']
[2026-08-14 13:35:26]  [行1] 解析成功: SZSE.000510 [新金路] SELL @ 16.86 (VR:0.29)
[2026-08-14 13:35:26]  [行2] 解析成功: SZSE.301018 [申菱环境] SELL @ 93.5 (VR:0.7)
[2026-08-14 13:35:26]  [行3] 解析成功: SZSE.000510 [新金路] SELL @ 16.76 (VR:0.11)
[2026-08-14 13:35:26]  [行4] 解析成功: SZSE.301018 [申菱环境] SELL @ 93.3 (VR:0.05)
[2026-08-14 13:35:26] 成功保存 4 条因子至: signal_batch_20260814_133526_063703.txt
[2026-08-14 13:35:26]  QQ-主 邮件 6261 处理完成
[2026-08-14 13:35:26]  QQ-主 正在解析因子: =?utf-8?b?QWxwaGFQaWxvdCDlrp7ml7bkv6Hlj7cgKGFscGhhX3NpZ25hbF90aHJfMjAyNjA4MTRfMTA0Ni5qc29uKSBb5Li7UVEt5a+55aSWXQ==?=
[2026-08-14 13:35:26]  发现表格，共 4 行数据
[2026-08-14 13:35:26]  动态索引映射: ['股票代码', '股票名称', '信号', '当前价格', '量比', '来源过滤']
[2026-08-14 13:35:26]  [行1] 解析成功: SZSE.000510 [新金路] SELL @ 16.86 (VR:0.29)
[2026-08-14 13:35:26]  [行2] 解析成功: SZSE.301018 [申菱环境] SELL @ 93.5 (VR:0.7)
[2026-08-14 13:35:26]  [行3] 解析成功: SZSE.000510 [新金路] SELL @ 16.76 (VR:0.11)
[2026-08-14 13:35:26]  [行4] 解析成功: SZSE.301018 [申菱环境] SELL @ 93.3 (VR:0.05)
[2026-08-14 13:35:26] 本批信号内容已存在（哈希重复），跳过保存（防双邮箱重复）
[2026-08-14 13:35:26]  QQ-主 邮件 6262 保存因子失败
[2026-08-14 13:35:26]  QQ-主 正在解析因子: =?utf-8?b?QWxwaGFQaWxvdCDlrp7ml7bkv6Hlj7cgKGFscGhhX3NpZ25hbF90aHJfMjAyNjA4MTRfMTA0OS5qc29uKSBb5Li7UVEt5a+55aSWXQ==?=
[2026-08-14 13:35:26]  发现表格，共 4 行数据
[2026-08-14 13:35:26]  动态索引映射: ['股票代码', '股票名称', '信号', '当前价格', '量比', '来源过滤']
[2026-08-14 13:35:26]  [行1] 解析成功: SZSE.002552 [宝鼎科技] SELL @ 58.6 (VR:0.78)
[2026-08-14 13:35:26]  [行2] 解析成功: SZSE.000823 [超声电子] SELL @ 14.94 (VR:0.55)
[2026-08-14 13:35:26]  [行3] 解析成功: SZSE.002552 [宝鼎科技] SELL @ 58.43 (VR:2.64)
[2026-08-14 13:35:26]  [行4] 解析成功: SZSE.000823 [超声电子] SELL @ 14.92 (VR:1.52)
[2026-08-14 13:35:26] 成功保存 4 条因子至: signal_batch_20260814_133526_535575.txt
[2026-08-14 13:35:26]  QQ-主 邮件 6263 处理完成
[2026-08-14 13:35:26]  QQ-主 正在解析因子: =?utf-8?b?QWxwaGFQaWxvdCDlrp7ml7bkv6Hlj7cgKGFscGhhX3NpZ25hbF90aHJfMjAyNjA4MTRfMTA0OS5qc29uKSBb5Li7UVEt5a+55aSWXQ==?=
[2026-08-14 13:35:26]  发现表格，共 4 行数据
[2026-08-14 13:35:26]  动态索引映射: ['股票代码', '股票名称', '信号', '当前价格', '量比', '来源过滤']
[2026-08-14 13:35:26]  [行1] 解析成功: SZSE.002552 [宝鼎科技] SELL @ 58.6 (VR:0.78)
[2026-08-14 13:35:26]  [行2] 解析成功: SZSE.000823 [超声电子] SELL @ 14.94 (VR:0.55)
[2026-08-14 13:35:26]  [行3] 解析成功: SZSE.002552 [宝鼎科技] SELL @ 58.43 (VR:2.64)
[2026-08-14 13:35:26]  [行4] 解析成功: SZSE.000823 [超声电子] SELL @ 14.92 (VR:1.52)
[2026-08-14 13:35:26] 本批信号内容已存在（哈希重复），跳过保存（防双邮箱重复）
[2026-08-14 13:35:26]  QQ-主 邮件 6264 保存因子失败
[2026-08-14 13:35:26]  QQ-主 正在解析因子: =?utf-8?b?QWxwaGFQaWxvdCDlrp7ml7bkv6Hlj7cgKGFscGhhX3NpZ25hbF90aHJfMjAyNjA4MTRfMTA1MS5qc29uKSBb5Li7UVEt5a+55aSWXQ==?=
[2026-08-14 13:35:26]  发现表格，共 6 行数据
[2026-08-14 13:35:26]  动态索引映射: ['股票代码', '股票名称', '信号', '当前价格', '量比', '来源过滤']
[2026-08-14 13:35:26]  [行1] 解析成功: SHSE.688261 [东微半导] BUY @ 70.54 (VR:2.44)
[2026-08-14 13:35:26]  [行2] 解析成功: SZSE.300767 [震安科技] BUY @ 18.35 (VR:0.07)
[2026-08-14 13:35:26]  [行3] 解析成功: SZSE.002635 [安洁科技] BUY @ 15.9 (VR:0.06)
[2026-08-14 13:35:26]  [行4] 解析成功: SHSE.688261 [东微半导] BUY @ 70.59 (VR:1.0)
[2026-08-14 13:35:26]  [行5] 解析成功: SZSE.300767 [震安科技] BUY @ 18.4 (VR:0.15)
[2026-08-14 13:35:26]  [行6] 解析成功: SZSE.002635 [安洁科技] BUY @ 15.91 (VR:0.28)
[2026-08-14 13:35:26] 成功保存 6 条因子至: signal_batch_20260814_133526_906250.txt
[2026-08-14 13:35:27]  QQ-主 邮件 6265 处理完成
[2026-08-14 13:35:27]  QQ-主 正在解析因子: =?utf-8?b?QWxwaGFQaWxvdCDlrp7ml7bkv6Hlj7cgKGFscGhhX3NpZ25hbF90aHJfMjAyNjA4MTRfMTA1MS5qc29uKSBb5Li7UVEt5a+55aSWXQ==?=
[2026-08-14 13:35:27]  发现表格，共 6 行数据
[2026-08-14 13:35:27]  动态索引映射: ['股票代码', '股票名称', '信号', '当前价格', '量比', '来源过滤']
[2026-08-14 13:35:27]  [行1] 解析成功: SHSE.688261 [东微半导] BUY @ 70.54 (VR:2.44)
[2026-08-14 13:35:27]  [行2] 解析成功: SZSE.300767 [震安科技] BUY @ 18.35 (VR:0.07)
[2026-08-14 13:35:27]  [行3] 解析成功: SZSE.002635 [安洁科技] BUY @ 15.9 (VR:0.06)
[2026-08-14 13:35:27]  [行4] 解析成功: SHSE.688261 [东微半导] BUY @ 70.59 (VR:1.0)
[2026-08-14 13:35:27]  [行5] 解析成功: SZSE.300767 [震安科技] BUY @ 18.4 (VR:0.15)
[2026-08-14 13:35:27]  [行6] 解析成功: SZSE.002635 [安洁科技] BUY @ 15.91 (VR:0.28)
[2026-08-14 13:35:27] 成功保存 6 条因子至: signal_batch_20260814_133527_191465.txt
[2026-08-14 13:35:27]  QQ-主 邮件 6266 处理完成
[2026-08-14 13:35:27]  QQ-主 正在解析因子: =?utf-8?b?QWxwaGFQaWxvdCDlrp7ml7bkv6Hlj7cgKGFscGhhX3NpZ25hbF90aHJfMjAyNjA4MTRfMTA1My5qc29uKSBb5Li7UVEt5a+55aSWXQ==?=
[2026-08-14 13:35:27]  发现表格，共 14 行数据
[2026-08-14 13:35:27]  动态索引映射: ['股票代码', '股票名称', '信号', '当前价格', '量比', '来源过滤']
[2026-08-14 13:35:27]  [行1] 解析成功: SHSE.688721 [龙图光罩] SELL @ 40.98 (VR:0.16)
[2026-08-14 13:35:27]  [行2] 解析成功: SZSE.300285 [国瓷材料] BUY @ 70.81 (VR:0.11)
[2026-08-14 13:35:27]  [行3] 解析成功: SZSE.301392 [汇成真空] BUY @ 166.89 (VR:0.67)
[2026-08-14 13:35:27]  [行4] 解析成功: SZSE.300214 [日科化学] BUY @ 11.92 (VR:0.83)
[2026-08-14 13:35:27]  [行5] 解析成功: SZSE.300088 [长信科技] SELL @ 7.53 (VR:1.22)
[2026-08-14 13:35:27]  [行6] 解析成功: SZSE.300420 [五洋自控] SELL @ 7.86 (VR:0.14)
[2026-08-14 13:35:27]  [行7] 解析成功: SZSE.300661 [圣邦股份] BUY @ 121.0 (VR:0.63)
[2026-08-14 13:35:27]  [行8] 解析成功: SHSE.688721 [龙图光罩] SELL @ 40.95 (VR:2.7)
[2026-08-14 13:35:27]  [行9] 解析成功: SZSE.300285 [国瓷材料] BUY @ 70.87 (VR:0.12)
[2026-08-14 13:35:27]  [行10] 解析成功: SZSE.301392 [汇成真空] BUY @ 166.93 (VR:0.01)
[2026-08-14 13:35:27]  [行11] 解析成功: SZSE.300214 [日科化学] BUY @ 11.94 (VR:0.13)
[2026-08-14 13:35:27]  [行12] 解析成功: SZSE.300088 [长信科技] SELL @ 7.52 (VR:0.18)
[2026-08-14 13:35:27]  [行13] 解析成功: SZSE.300420 [五洋自控] SELL @ 7.85 (VR:0.04)
[2026-08-14 13:35:27]  [行14] 解析成功: SZSE.300661 [圣邦股份] BUY @ 121.1 (VR:0.3)
[2026-08-14 13:35:27] 成功保存 14 条因子至: signal_batch_20260814_133527_496880.txt
[2026-08-14 13:35:27]  QQ-主 邮件 6267 处理完成
[2026-08-14 13:35:27]  QQ-主 正在解析因子: =?utf-8?b?QWxwaGFQaWxvdCDlrp7ml7bkv6Hlj7cgKGFscGhhX3NpZ25hbF90aHJfMjAyNjA4MTRfMTA1My5qc29uKSBb5Li7UVEt5a+55aSWXQ==?=
[2026-08-14 13:35:27]  发现表格，共 14 行数据
[2026-08-14 13:35:27]  动态索引映射: ['股票代码', '股票名称', '信号', '当前价格', '量比', '来源过滤']
[2026-08-14 13:35:27]  [行1] 解析成功: SHSE.688721 [龙图光罩] SELL @ 40.98 (VR:0.16)
[2026-08-14 13:35:27]  [行2] 解析成功: SZSE.300285 [国瓷材料] BUY @ 70.81 (VR:0.11)
[2026-08-14 13:35:27]  [行3] 解析成功: SZSE.301392 [汇成真空] BUY @ 166.89 (VR:0.67)
[2026-08-14 13:35:27]  [行4] 解析成功: SZSE.300214 [日科化学] BUY @ 11.92 (VR:0.83)
[2026-08-14 13:35:27]  [行5] 解析成功: SZSE.300088 [长信科技] SELL @ 7.53 (VR:1.22)
[2026-08-14 13:35:27]  [行6] 解析成功: SZSE.300420 [五洋自控] SELL @ 7.86 (VR:0.14)
[2026-08-14 13:35:27]  [行7] 解析成功: SZSE.300661 [圣邦股份] BUY @ 121.0 (VR:0.63)
[2026-08-14 13:35:27]  [行8] 解析成功: SHSE.688721 [龙图光罩] SELL @ 40.95 (VR:2.7)
[2026-08-14 13:35:27]  [行9] 解析成功: SZSE.300285 [国瓷材料] BUY @ 70.87 (VR:0.12)
[2026-08-14 13:35:27]  [行10] 解析成功: SZSE.301392 [汇成真空] BUY @ 166.93 (VR:0.01)
[2026-08-14 13:35:27]  [行11] 解析成功: SZSE.300214 [日科化学] BUY @ 11.94 (VR:0.13)
[2026-08-14 13:35:27]  [行12] 解析成功: SZSE.300088 [长信科技] SELL @ 7.52 (VR:0.18)
[2026-08-14 13:35:27]  [行13] 解析成功: SZSE.300420 [五洋自控] SELL @ 7.85 (VR:0.04)
[2026-08-14 13:35:27]  [行14] 解析成功: SZSE.300661 [圣邦股份] BUY @ 121.1 (VR:0.3)
[2026-08-14 13:35:27] 本批信号内容已存在（哈希重复），跳过保存（防双邮箱重复）
[2026-08-14 13:35:27]  QQ-主 邮件 6268 保存因子失败
[2026-08-14 13:35:27]  QQ-主 正在解析因子: =?utf-8?b?QWxwaGFQaWxvdCDlrp7ml7bkv6Hlj7cgKGFscGhhX3NpZ25hbF90aHJfMjAyNjA4MTRfMTA1Ni5qc29uKSBb5Li7UVEt5a+55aSWXQ==?=
[2026-08-14 13:35:27]  发现表格，共 16 行数据
[2026-08-14 13:35:27]  动态索引映射: ['股票代码', '股票名称', '信号', '当前价格', '量比', '来源过滤']
[2026-08-14 13:35:27]  [行1] 解析成功: SHSE.688110 [东芯股份] BUY @ 114.38 (VR:0.06)
[2026-08-14 13:35:27]  [行2] 解析成功: SHSE.688002 [睿创微纳] BUY @ 166.09 (VR:0.41)
[2026-08-14 13:35:27]  [行3] 解析成功: SHSE.688521 [芯原股份] BUY @ 205.8 (VR:0.76)
[2026-08-14 13:35:27]  [行4] 解析成功: SZSE.300689 [澄天伟业] SELL @ 53.48 (VR:0.27)
[2026-08-14 13:35:27]  [行5] 解析成功: SZSE.301045 [天禄科技] BUY @ 69.44 (VR:0.34)
[2026-08-14 13:35:27]  [行6] 解析成功: SZSE.300806 [斯迪克] BUY @ 48.32 (VR:0.81)
[2026-08-14 13:35:27]  [行7] 解析成功: SZSE.002718 [友邦吊顶] SELL @ 84.71 (VR:0.32)
[2026-08-14 13:35:27]  [行8] 解析成功: SZSE.001339 [智微智能] BUY @ 84.6 (VR:0.71)
[2026-08-14 13:35:27]  [行9] 解析成功: SHSE.688110 [东芯股份] BUY @ 114.71 (VR:0.04)
[2026-08-14 13:35:27]  [行10] 解析成功: SHSE.688002 [睿创微纳] BUY @ 166.26 (VR:0.06)
[2026-08-14 13:35:27]  [行11] 解析成功: SHSE.688521 [芯原股份] BUY @ 206.12 (VR:0.32)
[2026-08-14 13:35:27]  [行12] 解析成功: SZSE.300689 [澄天伟业] SELL @ 53.44 (VR:0.03)
[2026-08-14 13:35:27]  [行13] 解析成功: SZSE.301045 [天禄科技] BUY @ 69.63 (VR:0.43)
[2026-08-14 13:35:27]  [行14] 解析成功: SZSE.300806 [斯迪克] BUY @ 48.4 (VR:0.17)
[2026-08-14 13:35:27]  [行15] 解析成功: SZSE.002718 [友邦吊顶] SELL @ 84.66 (VR:0.13)
[2026-08-14 13:35:27]  [行16] 解析成功: SZSE.001339 [智微智能] BUY @ 84.71 (VR:0.62)
[2026-08-14 13:35:27] 成功保存 16 条因子至: signal_batch_20260814_133527_914298.txt
[2026-08-14 13:35:28]  QQ-主 邮件 6269 处理完成
[2026-08-14 13:35:28]  QQ-主 正在解析因子: =?utf-8?b?QWxwaGFQaWxvdCDlrp7ml7bkv6Hlj7cgKGFscGhhX3NpZ25hbF90aHJfMjAyNjA4MTRfMTA1Ni5qc29uKSBb5Li7UVEt5a+55aSWXQ==?=
[2026-08-14 13:35:28]  发现表格，共 16 行数据
[2026-08-14 13:35:28]  动态索引映射: ['股票代码', '股票名称', '信号', '当前价格', '量比', '来源过滤']
[2026-08-14 13:35:28]  [行1] 解析成功: SHSE.688110 [东芯股份] BUY @ 114.38 (VR:0.06)
[2026-08-14 13:35:28]  [行2] 解析成功: SHSE.688002 [睿创微纳] BUY @ 166.09 (VR:0.41)
[2026-08-14 13:35:28]  [行3] 解析成功: SHSE.688521 [芯原股份] BUY @ 205.8 (VR:0.76)
[2026-08-14 13:35:28]  [行4] 解析成功: SZSE.300689 [澄天伟业] SELL @ 53.48 (VR:0.27)
[2026-08-14 13:35:28]  [行5] 解析成功: SZSE.301045 [天禄科技] BUY @ 69.44 (VR:0.34)
[2026-08-14 13:35:28]  [行6] 解析成功: SZSE.300806 [斯迪克] BUY @ 48.32 (VR:0.81)
[2026-08-14 13:35:28]  [行7] 解析成功: SZSE.002718 [友邦吊顶] SELL @ 84.71 (VR:0.32)
[2026-08-14 13:35:28]  [行8] 解析成功: SZSE.001339 [智微智能] BUY @ 84.6 (VR:0.71)
[2026-08-14 13:35:28]  [行9] 解析成功: SHSE.688110 [东芯股份] BUY @ 114.71 (VR:0.04)
[2026-08-14 13:35:28]  [行10] 解析成功: SHSE.688002 [睿创微纳] BUY @ 166.26 (VR:0.06)
[2026-08-14 13:35:28]  [行11] 解析成功: SHSE.688521 [芯原股份] BUY @ 206.12 (VR:0.32)
[2026-08-14 13:35:28]  [行12] 解析成功: SZSE.300689 [澄天伟业] SELL @ 53.44 (VR:0.03)
[2026-08-14 13:35:28]  [行13] 解析成功: SZSE.301045 [天禄科技] BUY @ 69.63 (VR:0.43)
[2026-08-14 13:35:28]  [行14] 解析成功: SZSE.300806 [斯迪克] BUY @ 48.4 (VR:0.17)
[2026-08-14 13:35:28]  [行15] 解析成功: SZSE.002718 [友邦吊顶] SELL @ 84.66 (VR:0.13)
[2026-08-14 13:35:28]  [行16] 解析成功: SZSE.001339 [智微智能] BUY @ 84.71 (VR:0.62)
[2026-08-14 13:35:28] 成功保存 16 条因子至: signal_batch_20260814_133528_175082.txt
[2026-08-14 13:35:28]  QQ-主 邮件 6270 处理完成
[2026-08-14 13:35:28]  QQ-主 正在解析因子: =?utf-8?b?QWxwaGFQaWxvdCDlrp7ml7bkv6Hlj7cgKGFscGhhX3NpZ25hbF90aHJfMjAyNjA4MTRfMTA1OC5qc29uKSBb5Li7UVEt5a+55aSWXQ==?=
[2026-08-14 13:35:28]  发现表格，共 2 行数据
[2026-08-14 13:35:28]  动态索引映射: ['股票代码', '股票名称', '信号', '当前价格', '量比', '来源过滤']
[2026-08-14 13:35:28]  [行1] 解析成功: SZSE.000510 [新金路] BUY @ 16.47 (VR:2.72)
[2026-08-14 13:35:28]  [行2] 解析成功: SZSE.000510 [新金路] BUY @ 16.49 (VR:1.5)
[2026-08-14 13:35:28] 成功保存 2 条因子至: signal_batch_20260814_133528_467480.txt
[2026-08-14 13:35:28]  QQ-主 邮件 6271 处理完成
[2026-08-14 13:35:28]  QQ-主 正在解析因子: =?utf-8?b?QWxwaGFQaWxvdCDlrp7ml7bkv6Hlj7cgKGFscGhhX3NpZ25hbF90aHJfMjAyNjA4MTRfMTA1OC5qc29uKSBb5Li7UVEt5a+55aSWXQ==?=
[2026-08-14 13:35:28]  发现表格，共 2 行数据
[2026-08-14 13:35:28]  动态索引映射: ['股票代码', '股票名称', '信号', '当前价格', '量比', '来源过滤']
[2026-08-14 13:35:28]  [行1] 解析成功: SZSE.000510 [新金路] BUY @ 16.47 (VR:2.72)
[2026-08-14 13:35:28]  [行2] 解析成功: SZSE.000510 [新金路] BUY @ 16.49 (VR:1.5)
[2026-08-14 13:35:28] 本批信号内容已存在（哈希重复），跳过保存（防双邮箱重复）
[2026-08-14 13:35:28]  QQ-主 邮件 6272 保存因子失败
[2026-08-14 13:35:28]  QQ-主 正在解析因子: =?utf-8?b?QWxwaGFQaWxvdCDlrp7ml7bkv6Hlj7cgKGFscGhhX3NpZ25hbF90aHJfMjAyNjA4MTRfMTEwMi5qc29uKSBb5Li7UVEt5a+55aSWXQ==?=
[2026-08-14 13:35:28]  发现表格，共 8 行数据
[2026-08-14 13:35:28]  动态索引映射: ['股票代码', '股票名称', '信号', '当前价格', '量比', '来源过滤']
[2026-08-14 13:35:28]  [行1] 解析成功: SHSE.605111 [新洁能] SELL @ 57.62 (VR:0.46)
[2026-08-14 13:35:28]  [行2] 解析成功: SZSE.000920 [沃顿科技] BUY @ 11.61 (VR:0.06)
[2026-08-14 13:35:28]  [行3] 解析成功: SZSE.300607 [拓斯达] SELL @ 34.16 (VR:0.67)
[2026-08-14 13:35:28]  [行4] 解析成功: SZSE.301070 [开勒股份] BUY @ 66.59 (VR:0.19)
[2026-08-14 13:35:28]  [行5] 解析成功: SHSE.605111 [新洁能] SELL @ 57.53 (VR:0.11)
[2026-08-14 13:35:28]  [行6] 解析成功: SZSE.000920 [沃顿科技] BUY @ 11.62 (VR:0.01)
[2026-08-14 13:35:28]  [行7] 解析成功: SZSE.300607 [拓斯达] SELL @ 34.05 (VR:0.48)
[2026-08-14 13:35:28]  [行8] 解析成功: SZSE.301070 [开勒股份] BUY @ 66.66 (VR:0.1)
[2026-08-14 13:35:28] 成功保存 8 条因子至: signal_batch_20260814_133528_979070.txt
[2026-08-14 13:35:29]  QQ-主 邮件 6273 处理完成
[2026-08-14 13:35:29]  QQ-主 正在解析因子: =?utf-8?b?QWxwaGFQaWxvdCDlrp7ml7bkv6Hlj7cgKGFscGhhX3NpZ25hbF90aHJfMjAyNjA4MTRfMTEwMi5qc29uKSBb5Li7UVEt5a+55aSWXQ==?=
[2026-08-14 13:35:29]  发现表格，共 8 行数据
[2026-08-14 13:35:29]  动态索引映射: ['股票代码', '股票名称', '信号', '当前价格', '量比', '来源过滤']
[2026-08-14 13:35:29]  [行1] 解析成功: SHSE.605111 [新洁能] SELL @ 57.62 (VR:0.46)
[2026-08-14 13:35:29]  [行2] 解析成功: SZSE.000920 [沃顿科技] BUY @ 11.61 (VR:0.06)
[2026-08-14 13:35:29]  [行3] 解析成功: SZSE.300607 [拓斯达] SELL @ 34.16 (VR:0.67)
[2026-08-14 13:35:29]  [行4] 解析成功: SZSE.301070 [开勒股份] BUY @ 66.59 (VR:0.19)
[2026-08-14 13:35:29]  [行5] 解析成功: SHSE.605111 [新洁能] SELL @ 57.53 (VR:0.11)
[2026-08-14 13:35:29]  [行6] 解析成功: SZSE.000920 [沃顿科技] BUY @ 11.62 (VR:0.01)
[2026-08-14 13:35:29]  [行7] 解析成功: SZSE.300607 [拓斯达] SELL @ 34.05 (VR:0.48)
[2026-08-14 13:35:29]  [行8] 解析成功: SZSE.301070 [开勒股份] BUY @ 66.66 (VR:0.1)
[2026-08-14 13:35:29] 成功保存 8 条因子至: signal_batch_20260814_133529_258018.txt
[2026-08-14 13:35:29]  QQ-主 邮件 6274 处理完成
[2026-08-14 13:35:29]  QQ-主 正在解析因子: =?utf-8?b?QWxwaGFQaWxvdCDlrp7ml7bkv6Hlj7cgKGFscGhhX3NpZ25hbF90aHJfMjAyNjA4MTRfMTEwNS5qc29uKSBb5Li7UVEt5a+55aSWXQ==?=
[2026-08-14 13:35:29]  发现表格，共 14 行数据
[2026-08-14 13:35:29]  动态索引映射: ['股票代码', '股票名称', '信号', '当前价格', '量比', '来源过滤']
[2026-08-14 13:35:29]  [行1] 解析成功: SHSE.688019 [安集科技] SELL @ 247.66 (VR:0.5)
[2026-08-14 13:35:29]  [行2] 解析成功: SHSE.688261 [东微半导] SELL @ 69.9 (VR:0.72)
[2026-08-14 13:35:29]  [行3] 解析成功: SZSE.300236 [上海新阳] SELL @ 93.0 (VR:0.25)
[2026-08-14 13:35:29]  [行4] 解析成功: SZSE.300057 [万顺新材] SELL @ 6.48 (VR:0.02)
[2026-08-14 13:35:29]  [行5] 解析成功: SZSE.300162 [雷曼光电] SELL @ 7.56 (VR:0.16)
[2026-08-14 13:35:29]  [行6] 解析成功: SZSE.300767 [震安科技] SELL @ 18.3 (VR:0.72)
[2026-08-14 13:35:29]  [行7] 解析成功: SZSE.300184 [力源信息] SELL @ 12.52 (VR:0.53)
[2026-08-14 13:35:29]  [行8] 解析成功: SHSE.688019 [安集科技] SELL @ 246.61 (VR:0.43)
[2026-08-14 13:35:29]  [行9] 解析成功: SHSE.688261 [东微半导] SELL @ 69.85 (VR:2.52)
[2026-08-14 13:35:29]  [行10] 解析成功: SZSE.300236 [上海新阳] SELL @ 92.9 (VR:0.27)
[2026-08-14 13:35:29]  [行11] 解析成功: SZSE.300057 [万顺新材] SELL @ 6.47 (VR:2.18)
[2026-08-14 13:35:29]  [行12] 解析成功: SZSE.300162 [雷曼光电] SELL @ 7.54 (VR:0.96)
[2026-08-14 13:35:29]  [行13] 解析成功: SZSE.300767 [震安科技] SELL @ 18.28 (VR:0.39)
[2026-08-14 13:35:29]  [行14] 解析成功: SZSE.300184 [力源信息] SELL @ 12.51 (VR:0.93)
[2026-08-14 13:35:29] 成功保存 14 条因子至: signal_batch_20260814_133529_515019.txt
[2026-08-14 13:35:29]  QQ-主 邮件 6275 处理完成
[2026-08-14 13:35:29]  QQ-主 正在解析因子: =?utf-8?b?QWxwaGFQaWxvdCDlrp7ml7bkv6Hlj7cgKGFscGhhX3NpZ25hbF90aHJfMjAyNjA4MTRfMTEwNS5qc29uKSBb5Li7UVEt5a+55aSWXQ==?=
[2026-08-14 13:35:29]  发现表格，共 14 行数据
[2026-08-14 13:35:29]  动态索引映射: ['股票代码', '股票名称', '信号', '当前价格', '量比', '来源过滤']
[2026-08-14 13:35:29]  [行1] 解析成功: SHSE.688019 [安集科技] SELL @ 247.66 (VR:0.5)
[2026-08-14 13:35:29]  [行2] 解析成功: SHSE.688261 [东微半导] SELL @ 69.9 (VR:0.72)
[2026-08-14 13:35:29]  [行3] 解析成功: SZSE.300236 [上海新阳] SELL @ 93.0 (VR:0.25)
[2026-08-14 13:35:29]  [行4] 解析成功: SZSE.300057 [万顺新材] SELL @ 6.48 (VR:0.02)
[2026-08-14 13:35:29]  [行5] 解析成功: SZSE.300162 [雷曼光电] SELL @ 7.56 (VR:0.16)
[2026-08-14 13:35:29]  [行6] 解析成功: SZSE.300767 [震安科技] SELL @ 18.3 (VR:0.72)
[2026-08-14 13:35:29]  [行7] 解析成功: SZSE.300184 [力源信息] SELL @ 12.52 (VR:0.53)
[2026-08-14 13:35:29]  [行8] 解析成功: SHSE.688019 [安集科技] SELL @ 246.61 (VR:0.43)
[2026-08-14 13:35:29]  [行9] 解析成功: SHSE.688261 [东微半导] SELL @ 69.85 (VR:2.52)
[2026-08-14 13:35:29]  [行10] 解析成功: SZSE.300236 [上海新阳] SELL @ 92.9 (VR:0.27)
[2026-08-14 13:35:29]  [行11] 解析成功: SZSE.300057 [万顺新材] SELL @ 6.47 (VR:2.18)
[2026-08-14 13:35:29]  [行12] 解析成功: SZSE.300162 [雷曼光电] SELL @ 7.54 (VR:0.96)
[2026-08-14 13:35:29]  [行13] 解析成功: SZSE.300767 [震安科技] SELL @ 18.28 (VR:0.39)
[2026-08-14 13:35:29]  [行14] 解析成功: SZSE.300184 [力源信息] SELL @ 12.51 (VR:0.93)
[2026-08-14 13:35:29] 本批信号内容已存在（哈希重复），跳过保存（防双邮箱重复）
[2026-08-14 13:35:29]  QQ-主 邮件 6276 保存因子失败
[2026-08-14 13:35:30]  QQ-主 正在解析因子: =?utf-8?b?QWxwaGFQaWxvdCDlrp7ml7bkv6Hlj7cgKGFscGhhX3NpZ25hbF90aHJfMjAyNjA4MTRfMTEwOC5qc29uKSBb5Li7UVEt5a+55aSWXQ==?=
[2026-08-14 13:35:30]  发现表格，共 16 行数据
[2026-08-14 13:35:30]  动态索引映射: ['股票代码', '股票名称', '信号', '当前价格', '量比', '来源过滤']
[2026-08-14 13:35:30]  [行1] 解析成功: SHSE.688286 [敏芯股份] BUY @ 51.94 (VR:1.71)
[2026-08-14 13:35:30]  [行2] 解析成功: SHSE.688216 [气派科技] BUY @ 30.71 (VR:0.84)
[2026-08-14 13:35:30]  [行3] 解析成功: SHSE.688249 [晶合集成] BUY @ 39.6 (VR:0.87)
[2026-08-14 13:35:30]  [行4] 解析成功: SHSE.688138 [清溢光电] BUY @ 33.36 (VR:0.03)
[2026-08-14 13:35:30]  [行5] 解析成功: SZSE.300285 [国瓷材料] BUY @ 70.64 (VR:0.24)
[2026-08-14 13:35:30]  [行6] 解析成功: SZSE.301392 [汇成真空] SELL @ 166.23 (VR:0.08)
[2026-08-14 13:35:30]  [行7] 解析成功: SZSE.300088 [长信科技] BUY @ 7.5 (VR:0.84)
[2026-08-14 13:35:30]  [行8] 解析成功: SZSE.300420 [五洋自控] SELL @ 7.8 (VR:0.04)
[2026-08-14 13:35:30]  [行9] 解析成功: SHSE.688286 [敏芯股份] BUY @ 52.0 (VR:3.6)
[2026-08-14 13:35:30]  [行10] 解析成功: SHSE.688216 [气派科技] BUY @ 30.75 (VR:0.01)
[2026-08-14 13:35:30]  [行11] 解析成功: SHSE.688249 [晶合集成] BUY @ 39.62 (VR:0.3)
[2026-08-14 13:35:30]  [行12] 解析成功: SHSE.688138 [清溢光电] BUY @ 33.39 (VR:0.33)
[2026-08-14 13:35:30]  [行13] 解析成功: SZSE.300285 [国瓷材料] BUY @ 70.85 (VR:0.16)
[2026-08-14 13:35:30]  [行14] 解析成功: SZSE.301392 [汇成真空] SELL @ 166.12 (VR:0.37)
[2026-08-14 13:35:30]  [行15] 解析成功: SZSE.300088 [长信科技] BUY @ 7.51 (VR:0.28)
[2026-08-14 13:35:30]  [行16] 解析成功: SZSE.300420 [五洋自控] SELL @ 7.79 (VR:0.32)
[2026-08-14 13:35:30] 成功保存 16 条因子至: signal_batch_20260814_133530_138279.txt
[2026-08-14 13:35:30]  QQ-主 邮件 6277 处理完成
[2026-08-14 13:35:30]  QQ-主 正在解析因子: =?utf-8?b?QWxwaGFQaWxvdCDlrp7ml7bkv6Hlj7cgKGFscGhhX3NpZ25hbF90aHJfMjAyNjA4MTRfMTEwOC5qc29uKSBb5Li7UVEt5a+55aSWXQ==?=
[2026-08-14 13:35:30]  发现表格，共 16 行数据
[2026-08-14 13:35:30]  动态索引映射: ['股票代码', '股票名称', '信号', '当前价格', '量比', '来源过滤']
[2026-08-14 13:35:30]  [行1] 解析成功: SHSE.688286 [敏芯股份] BUY @ 51.94 (VR:1.71)
[2026-08-14 13:35:30]  [行2] 解析成功: SHSE.688216 [气派科技] BUY @ 30.71 (VR:0.84)
[2026-08-14 13:35:30]  [行3] 解析成功: SHSE.688249 [晶合集成] BUY @ 39.6 (VR:0.87)
[2026-08-14 13:35:30]  [行4] 解析成功: SHSE.688138 [清溢光电] BUY @ 33.36 (VR:0.03)
[2026-08-14 13:35:30]  [行5] 解析成功: SZSE.300285 [国瓷材料] BUY @ 70.64 (VR:0.24)
[2026-08-14 13:35:30]  [行6] 解析成功: SZSE.301392 [汇成真空] SELL @ 166.23 (VR:0.08)
[2026-08-14 13:35:30]  [行7] 解析成功: SZSE.300088 [长信科技] BUY @ 7.5 (VR:0.84)
[2026-08-14 13:35:30]  [行8] 解析成功: SZSE.300420 [五洋自控] SELL @ 7.8 (VR:0.04)
[2026-08-14 13:35:30]  [行9] 解析成功: SHSE.688286 [敏芯股份] BUY @ 52.0 (VR:3.6)
[2026-08-14 13:35:30]  [行10] 解析成功: SHSE.688216 [气派科技] BUY @ 30.75 (VR:0.01)
[2026-08-14 13:35:30]  [行11] 解析成功: SHSE.688249 [晶合集成] BUY @ 39.62 (VR:0.3)
[2026-08-14 13:35:30]  [行12] 解析成功: SHSE.688138 [清溢光电] BUY @ 33.39 (VR:0.33)
[2026-08-14 13:35:30]  [行13] 解析成功: SZSE.300285 [国瓷材料] BUY @ 70.85 (VR:0.16)
[2026-08-14 13:35:30]  [行14] 解析成功: SZSE.301392 [汇成真空] SELL @ 166.12 (VR:0.37)
[2026-08-14 13:35:30]  [行15] 解析成功: SZSE.300088 [长信科技] BUY @ 7.51 (VR:0.28)
[2026-08-14 13:35:30]  [行16] 解析成功: SZSE.300420 [五洋自控] SELL @ 7.79 (VR:0.32)
[2026-08-14 13:35:30] 本批信号内容已存在（哈希重复），跳过保存（防双邮箱重复）
[2026-08-14 13:35:30]  QQ-主 邮件 6278 保存因子失败
[2026-08-14 13:35:30]  QQ-主 正在解析因子: =?utf-8?b?QWxwaGFQaWxvdCDlrp7ml7bkv6Hlj7cgKGFscGhhX3NpZ25hbF90aHJfMjAyNjA4MTRfMTExMC5qc29uKSBb5Li7UVEt5a+55aSWXQ==?=
[2026-08-14 13:35:30]  发现表格，共 12 行数据
[2026-08-14 13:35:30]  动态索引映射: ['股票代码', '股票名称', '信号', '当前价格', '量比', '来源过滤']
[2026-08-14 13:35:30]  [行1] 解析成功: SHSE.688110 [东芯股份] SELL @ 114.22 (VR:0.36)
[2026-08-14 13:35:30]  [行2] 解析成功: SHSE.688665 [四方光电] SELL @ 45.59 (VR:0.99)
[2026-08-14 13:35:30]  [行3] 解析成功: SHSE.688002 [睿创微纳] BUY @ 164.9 (VR:2.08)
[2026-08-14 13:35:30]  [行4] 解析成功: SHSE.688521 [芯原股份] SELL @ 205.53 (VR:0.39)
[2026-08-14 13:35:30]  [行5] 解析成功: SZSE.300689 [澄天伟业] SELL @ 53.29 (VR:0.28)
[2026-08-14 13:35:30]  [行6] 解析成功: SZSE.002718 [友邦吊顶] SELL @ 84.71 (VR:0.07)
[2026-08-14 13:35:30]  [行7] 解析成功: SHSE.688110 [东芯股份] SELL @ 114.15 (VR:0.33)
[2026-08-14 13:35:30]  [行8] 解析成功: SHSE.688665 [四方光电] SELL @ 45.44 (VR:0.06)
[2026-08-14 13:35:30]  [行9] 解析成功: SHSE.688002 [睿创微纳] BUY @ 164.92 (VR:0.38)
[2026-08-14 13:35:30]  [行10] 解析成功: SHSE.688521 [芯原股份] SELL @ 205.51 (VR:0.58)
[2026-08-14 13:35:30]  [行11] 解析成功: SZSE.300689 [澄天伟业] SELL @ 53.21 (VR:0.77)
[2026-08-14 13:35:30]  [行12] 解析成功: SZSE.002718 [友邦吊顶] SELL @ 84.65 (VR:0.15)
[2026-08-14 13:35:30] 成功保存 12 条因子至: signal_batch_20260814_133530_543300.txt
[2026-08-14 13:35:30]  QQ-主 邮件 6279 处理完成
[2026-08-14 13:35:30]  QQ-主 正在解析因子: =?utf-8?b?QWxwaGFQaWxvdCDlrp7ml7bkv6Hlj7cgKGFscGhhX3NpZ25hbF90aHJfMjAyNjA4MTRfMTExMC5qc29uKSBb5Li7UVEt5a+55aSWXQ==?=
[2026-08-14 13:35:30]  发现表格，共 12 行数据
[2026-08-14 13:35:30]  动态索引映射: ['股票代码', '股票名称', '信号', '当前价格', '量比', '来源过滤']
[2026-08-14 13:35:30]  [行1] 解析成功: SHSE.688110 [东芯股份] SELL @ 114.22 (VR:0.36)
[2026-08-14 13:35:30]  [行2] 解析成功: SHSE.688665 [四方光电] SELL @ 45.59 (VR:0.99)
[2026-08-14 13:35:30]  [行3] 解析成功: SHSE.688002 [睿创微纳] BUY @ 164.9 (VR:2.08)
[2026-08-14 13:35:30]  [行4] 解析成功: SHSE.688521 [芯原股份] SELL @ 205.53 (VR:0.39)
[2026-08-14 13:35:30]  [行5] 解析成功: SZSE.300689 [澄天伟业] SELL @ 53.29 (VR:0.28)
[2026-08-14 13:35:30]  [行6] 解析成功: SZSE.002718 [友邦吊顶] SELL @ 84.71 (VR:0.07)
[2026-08-14 13:35:30]  [行7] 解析成功: SHSE.688110 [东芯股份] SELL @ 114.15 (VR:0.33)
[2026-08-14 13:35:30]  [行8] 解析成功: SHSE.688665 [四方光电] SELL @ 45.44 (VR:0.06)
[2026-08-14 13:35:30]  [行9] 解析成功: SHSE.688002 [睿创微纳] BUY @ 164.92 (VR:0.38)
[2026-08-14 13:35:30]  [行10] 解析成功: SHSE.688521 [芯原股份] SELL @ 205.51 (VR:0.58)
[2026-08-14 13:35:30]  [行11] 解析成功: SZSE.300689 [澄天伟业] SELL @ 53.21 (VR:0.77)
[2026-08-14 13:35:30]  [行12] 解析成功: SZSE.002718 [友邦吊顶] SELL @ 84.65 (VR:0.15)
[2026-08-14 13:35:30] 本批信号内容已存在（哈希重复），跳过保存（防双邮箱重复）
[2026-08-14 13:35:30]  QQ-主 邮件 6280 保存因子失败
[2026-08-14 13:35:31]  QQ-主 正在解析因子: =?utf-8?b?QWxwaGFQaWxvdCDlrp7ml7bkv6Hlj7cgKGFscGhhX3NpZ25hbF90aHJfMjAyNjA4MTRfMTExMy5qc29uKSBb5Li7UVEt5a+55aSWXQ==?=
[2026-08-14 13:35:31]  发现表格，共 6 行数据
[2026-08-14 13:35:31]  动态索引映射: ['股票代码', '股票名称', '信号', '当前价格', '量比', '来源过滤']
[2026-08-14 13:35:31]  [行1] 解析成功: SHSE.600353 [旭光电子] BUY @ 29.53 (VR:0.09)
[2026-08-14 13:35:31]  [行2] 解析成功: SHSE.688392 [娇成超声] BUY @ 175.35 (VR:0.5)
[2026-08-14 13:35:31]  [行3] 解析成功: SZSE.000510 [新金路] BUY @ 16.37 (VR:0.96)
[2026-08-14 13:35:31]  [行4] 解析成功: SHSE.600353 [旭光电子] BUY @ 29.55 (VR:0.02)
[2026-08-14 13:35:31]  [行5] 解析成功: SHSE.688392 [娇成超声] BUY @ 175.59 (VR:0.93)
[2026-08-14 13:35:31]  [行6] 解析成功: SZSE.000510 [新金路] BUY @ 16.4 (VR:0.23)
[2026-08-14 13:35:31] 成功保存 6 条因子至: signal_batch_20260814_133531_047472.txt
[2026-08-14 13:35:31]  QQ-主 邮件 6281 处理完成
[2026-08-14 13:35:31]  QQ-主 正在解析因子: =?utf-8?b?QWxwaGFQaWxvdCDlrp7ml7bkv6Hlj7cgKGFscGhhX3NpZ25hbF90aHJfMjAyNjA4MTRfMTExMy5qc29uKSBb5Li7UVEt5a+55aSWXQ==?=
[2026-08-14 13:35:31]  发现表格，共 6 行数据
[2026-08-14 13:35:31]  动态索引映射: ['股票代码', '股票名称', '信号', '当前价格', '量比', '来源过滤']
[2026-08-14 13:35:31]  [行1] 解析成功: SHSE.600353 [旭光电子] BUY @ 29.53 (VR:0.09)
[2026-08-14 13:35:31]  [行2] 解析成功: SHSE.688392 [娇成超声] BUY @ 175.35 (VR:0.5)
[2026-08-14 13:35:31]  [行3] 解析成功: SZSE.000510 [新金路] BUY @ 16.37 (VR:0.96)
[2026-08-14 13:35:31]  [行4] 解析成功: SHSE.600353 [旭光电子] BUY @ 29.55 (VR:0.02)
[2026-08-14 13:35:31]  [行5] 解析成功: SHSE.688392 [娇成超声] BUY @ 175.59 (VR:0.93)
[2026-08-14 13:35:31]  [行6] 解析成功: SZSE.000510 [新金路] BUY @ 16.4 (VR:0.23)
[2026-08-14 13:35:31] 本批信号内容已存在（哈希重复），跳过保存（防双邮箱重复）
[2026-08-14 13:35:31]  QQ-主 邮件 6282 保存因子失败
[2026-08-14 13:35:31]  QQ-主 正在解析因子: =?utf-8?b?QWxwaGFQaWxvdCDlrp7ml7bkv6Hlj7cgKGFscGhhX3NpZ25hbF90aHJfMjAyNjA4MTRfMTExNS5qc29uKSBb5Li7UVEt5a+55aSWXQ==?=
[2026-08-14 13:35:31]  发现表格，共 8 行数据
[2026-08-14 13:35:31]  动态索引映射: ['股票代码', '股票名称', '信号', '当前价格', '量比', '来源过滤']
[2026-08-14 13:35:31]  [行1] 解析成功: SHSE.605111 [新洁能] SELL @ 57.31 (VR:0.02)
[2026-08-14 13:35:31]  [行2] 解析成功: SZSE.002643 [万润股份] SELL @ 14.22 (VR:0.02)
[2026-08-14 13:35:31]  [行3] 解析成功: SZSE.002937 [兴瑞科技] BUY @ 29.28 (VR:0.05)
[2026-08-14 13:35:31]  [行4] 解析成功: SZSE.300607 [拓斯达] SELL @ 33.9 (VR:0.77)
[2026-08-14 13:35:31]  [行5] 解析成功: SHSE.605111 [新洁能] SELL @ 57.27 (VR:0.03)
[2026-08-14 13:35:31]  [行6] 解析成功: SZSE.002643 [万润股份] SELL @ 14.21 (VR:0.07)
[2026-08-14 13:35:31]  [行7] 解析成功: SZSE.002937 [兴瑞科技] BUY @ 29.29 (VR:0.05)
[2026-08-14 13:35:31]  [行8] 解析成功: SZSE.300607 [拓斯达] SELL @ 33.84 (VR:1.42)
[2026-08-14 13:35:31] 成功保存 8 条因子至: signal_batch_20260814_133531_463579.txt
[2026-08-14 13:35:31]  QQ-主 邮件 6283 处理完成
[2026-08-14 13:35:31]  QQ-主 正在解析因子: =?utf-8?b?QWxwaGFQaWxvdCDlrp7ml7bkv6Hlj7cgKGFscGhhX3NpZ25hbF90aHJfMjAyNjA4MTRfMTExNS5qc29uKSBb5Li7UVEt5a+55aSWXQ==?=
[2026-08-14 13:35:31]  发现表格，共 8 行数据
[2026-08-14 13:35:31]  动态索引映射: ['股票代码', '股票名称', '信号', '当前价格', '量比', '来源过滤']
[2026-08-14 13:35:31]  [行1] 解析成功: SHSE.605111 [新洁能] SELL @ 57.31 (VR:0.02)
[2026-08-14 13:35:31]  [行2] 解析成功: SZSE.002643 [万润股份] SELL @ 14.22 (VR:0.02)
[2026-08-14 13:35:31]  [行3] 解析成功: SZSE.002937 [兴瑞科技] BUY @ 29.28 (VR:0.05)
[2026-08-14 13:35:31]  [行4] 解析成功: SZSE.300607 [拓斯达] SELL @ 33.9 (VR:0.77)
[2026-08-14 13:35:31]  [行5] 解析成功: SHSE.605111 [新洁能] SELL @ 57.27 (VR:0.03)
[2026-08-14 13:35:31]  [行6] 解析成功: SZSE.002643 [万润股份] SELL @ 14.21 (VR:0.07)
[2026-08-14 13:35:31]  [行7] 解析成功: SZSE.002937 [兴瑞科技] BUY @ 29.29 (VR:0.05)
[2026-08-14 13:35:31]  [行8] 解析成功: SZSE.300607 [拓斯达] SELL @ 33.84 (VR:1.42)
[2026-08-14 13:35:31] 本批信号内容已存在（哈希重复），跳过保存（防双邮箱重复）
[2026-08-14 13:35:31]  QQ-主 邮件 6284 保存因子失败
[2026-08-14 13:35:31]  QQ-主 正在解析因子: =?utf-8?b?QWxwaGFQaWxvdCDlrp7ml7bkv6Hlj7cgKGFscGhhX3NpZ25hbF90aHJfMjAyNjA4MTRfMTExOC5qc29uKSBb5Li7UVEt5a+55aSWXQ==?=
[2026-08-14 13:35:31]  发现表格，共 10 行数据
[2026-08-14 13:35:31]  动态索引映射: ['股票代码', '股票名称', '信号', '当前价格', '量比', '来源过滤']
[2026-08-14 13:35:31]  [行1] 解析成功: SHSE.688261 [东微半导] BUY @ 69.53 (VR:0.92)
[2026-08-14 13:35:31]  [行2] 解析成功: SZSE.300236 [上海新阳] SELL @ 92.97 (VR:0.28)
[2026-08-14 13:35:31]  [行3] 解析成功: SZSE.300162 [雷曼光电] SELL @ 7.58 (VR:0.01)
[2026-08-14 13:35:31]  [行4] 解析成功: SZSE.300767 [震安科技] SELL @ 18.3 (VR:0.12)
[2026-08-14 13:35:31]  [行5] 解析成功: SZSE.300184 [力源信息] SELL @ 12.52 (VR:0.01)
[2026-08-14 13:35:31]  [行6] 解析成功: SHSE.688261 [东微半导] BUY @ 69.66 (VR:0.98)
[2026-08-14 13:35:31]  [行7] 解析成功: SZSE.300236 [上海新阳] SELL @ 92.76 (VR:0.35)
[2026-08-14 13:35:31]  [行8] 解析成功: SZSE.300162 [雷曼光电] SELL @ 7.56 (VR:2.62)
[2026-08-14 13:35:31]  [行9] 解析成功: SZSE.300767 [震安科技] SELL @ 18.28 (VR:0.01)
[2026-08-14 13:35:31]  [行10] 解析成功: SZSE.300184 [力源信息] SELL @ 12.49 (VR:0.05)
[2026-08-14 13:35:31] 成功保存 10 条因子至: signal_batch_20260814_133531_971380.txt
[2026-08-14 13:35:32]  QQ-主 邮件 6285 处理完成
[2026-08-14 13:35:32]  QQ-主 正在解析因子: =?utf-8?b?QWxwaGFQaWxvdCDlrp7ml7bkv6Hlj7cgKGFscGhhX3NpZ25hbF90aHJfMjAyNjA4MTRfMTExOC5qc29uKSBb5Li7UVEt5a+55aSWXQ==?=
[2026-08-14 13:35:32]  发现表格，共 10 行数据
[2026-08-14 13:35:32]  动态索引映射: ['股票代码', '股票名称', '信号', '当前价格', '量比', '来源过滤']
[2026-08-14 13:35:32]  [行1] 解析成功: SHSE.688261 [东微半导] BUY @ 69.53 (VR:0.92)
[2026-08-14 13:35:32]  [行2] 解析成功: SZSE.300236 [上海新阳] SELL @ 92.97 (VR:0.28)
[2026-08-14 13:35:32]  [行3] 解析成功: SZSE.300162 [雷曼光电] SELL @ 7.58 (VR:0.01)
[2026-08-14 13:35:32]  [行4] 解析成功: SZSE.300767 [震安科技] SELL @ 18.3 (VR:0.12)
[2026-08-14 13:35:32]  [行5] 解析成功: SZSE.300184 [力源信息] SELL @ 12.52 (VR:0.01)
[2026-08-14 13:35:32]  [行6] 解析成功: SHSE.688261 [东微半导] BUY @ 69.66 (VR:0.98)
[2026-08-14 13:35:32]  [行7] 解析成功: SZSE.300236 [上海新阳] SELL @ 92.76 (VR:0.35)
[2026-08-14 13:35:32]  [行8] 解析成功: SZSE.300162 [雷曼光电] SELL @ 7.56 (VR:2.62)
[2026-08-14 13:35:32]  [行9] 解析成功: SZSE.300767 [震安科技] SELL @ 18.28 (VR:0.01)
[2026-08-14 13:35:32]  [行10] 解析成功: SZSE.300184 [力源信息] SELL @ 12.49 (VR:0.05)
[2026-08-14 13:35:32] 成功保存 10 条因子至: signal_batch_20260814_133532_327016.txt
[2026-08-14 13:35:32]  QQ-主 邮件 6286 处理完成
[2026-08-14 13:35:32]  QQ-主 正在解析因子: =?utf-8?b?QWxwaGFQaWxvdCDlrp7ml7bkv6Hlj7cgKGFscGhhX3NpZ25hbF90aHJfMjAyNjA4MTRfMTEyMS5qc29uKSBb5Li7UVEt5a+55aSWXQ==?=
[2026-08-14 13:35:32]  发现表格，共 12 行数据
[2026-08-14 13:35:32]  动态索引映射: ['股票代码', '股票名称', '信号', '当前价格', '量比', '来源过滤']
[2026-08-14 13:35:32]  [行1] 解析成功: SHSE.688216 [气派科技] BUY @ 30.62 (VR:0.14)
[2026-08-14 13:35:32]  [行2] 解析成功: SHSE.688138 [清溢光电] BUY @ 33.26 (VR:0.01)
[2026-08-14 13:35:32]  [行3] 解析成功: SZSE.300285 [国瓷材料] BUY @ 70.3 (VR:0.18)
[2026-08-14 13:35:32]  [行4] 解析成功: SZSE.301392 [汇成真空] BUY @ 165.96 (VR:0.35)
[2026-08-14 13:35:32]  [行5] 解析成功: SZSE.300214 [日科化学] BUY @ 11.78 (VR:0.16)
[2026-08-14 13:35:32]  [行6] 解析成功: SZSE.300088 [长信科技] BUY @ 7.49 (VR:0.24)
[2026-08-14 13:35:32]  [行7] 解析成功: SHSE.688216 [气派科技] BUY @ 30.7 (VR:0.06)
[2026-08-14 13:35:32]  [行8] 解析成功: SHSE.688138 [清溢光电] BUY @ 33.45 (VR:0.32)
[2026-08-14 13:35:32]  [行9] 解析成功: SZSE.300285 [国瓷材料] BUY @ 70.75 (VR:0.53)
[2026-08-14 13:35:32]  [行10] 解析成功: SZSE.301392 [汇成真空] BUY @ 166.72 (VR:0.12)
[2026-08-14 13:35:32]  [行11] 解析成功: SZSE.300214 [日科化学] BUY @ 11.83 (VR:0.73)
[2026-08-14 13:35:32]  [行12] 解析成功: SZSE.300088 [长信科技] BUY @ 7.51 (VR:0.74)
[2026-08-14 13:35:32] 成功保存 12 条因子至: signal_batch_20260814_133532_585272.txt
[2026-08-14 13:35:32]  QQ-主 邮件 6287 处理完成
[2026-08-14 13:35:32]  QQ-主 正在解析因子: =?utf-8?b?QWxwaGFQaWxvdCDlrp7ml7bkv6Hlj7cgKGFscGhhX3NpZ25hbF90aHJfMjAyNjA4MTRfMTEyMS5qc29uKSBb5Li7UVEt5a+55aSWXQ==?=
[2026-08-14 13:35:32]  发现表格，共 12 行数据
[2026-08-14 13:35:32]  动态索引映射: ['股票代码', '股票名称', '信号', '当前价格', '量比', '来源过滤']
[2026-08-14 13:35:32]  [行1] 解析成功: SHSE.688216 [气派科技] BUY @ 30.62 (VR:0.14)
[2026-08-14 13:35:32]  [行2] 解析成功: SHSE.688138 [清溢光电] BUY @ 33.26 (VR:0.01)
[2026-08-14 13:35:32]  [行3] 解析成功: SZSE.300285 [国瓷材料] BUY @ 70.3 (VR:0.18)
[2026-08-14 13:35:32]  [行4] 解析成功: SZSE.301392 [汇成真空] BUY @ 165.96 (VR:0.35)
[2026-08-14 13:35:32]  [行5] 解析成功: SZSE.300214 [日科化学] BUY @ 11.78 (VR:0.16)
[2026-08-14 13:35:32]  [行6] 解析成功: SZSE.300088 [长信科技] BUY @ 7.49 (VR:0.24)
[2026-08-14 13:35:32]  [行7] 解析成功: SHSE.688216 [气派科技] BUY @ 30.7 (VR:0.06)
[2026-08-14 13:35:32]  [行8] 解析成功: SHSE.688138 [清溢光电] BUY @ 33.45 (VR:0.32)
[2026-08-14 13:35:32]  [行9] 解析成功: SZSE.300285 [国瓷材料] BUY @ 70.75 (VR:0.53)
[2026-08-14 13:35:32]  [行10] 解析成功: SZSE.301392 [汇成真空] BUY @ 166.72 (VR:0.12)
[2026-08-14 13:35:32]  [行11] 解析成功: SZSE.300214 [日科化学] BUY @ 11.83 (VR:0.73)
[2026-08-14 13:35:32]  [行12] 解析成功: SZSE.300088 [长信科技] BUY @ 7.51 (VR:0.74)
[2026-08-14 13:35:32] 成功保存 12 条因子至: signal_batch_20260814_133532_853139.txt
[2026-08-14 13:35:32]  QQ-主 邮件 6288 处理完成
[2026-08-14 13:35:33]  QQ-主 正在解析因子: =?utf-8?b?QWxwaGFQaWxvdCDlrp7ml7bkv6Hlj7cgKGFscGhhX3NpZ25hbF90aHJfMjAyNjA4MTRfMTEyMy5qc29uKSBb5Li7UVEt5a+55aSWXQ==?=
[2026-08-14 13:35:33]  发现表格，共 14 行数据
[2026-08-14 13:35:33]  动态索引映射: ['股票代码', '股票名称', '信号', '当前价格', '量比', '来源过滤']
[2026-08-14 13:35:33]  [行1] 解析成功: SHSE.688665 [四方光电] SELL @ 45.37 (VR:0.32)
[2026-08-14 13:35:33]  [行2] 解析成功: SHSE.688521 [芯原股份] SELL @ 206.79 (VR:0.33)
[2026-08-14 13:35:33]  [行3] 解析成功: SZSE.300852 [四会富仕] BUY @ 44.28 (VR:0.05)
[2026-08-14 13:35:33]  [行4] 解析成功: SZSE.300689 [澄天伟业] SELL @ 53.19 (VR:0.03)
[2026-08-14 13:35:33]  [行5] 解析成功: SZSE.301013 [利和兴] SELL @ 45.96 (VR:0.17)
[2026-08-14 13:35:33]  [行6] 解析成功: SZSE.300790 [宇瞳光学] BUY @ 19.71 (VR:0.29)
[2026-08-14 13:35:33]  [行7] 解析成功: SZSE.001339 [智微智能] BUY @ 84.09 (VR:0.8)
[2026-08-14 13:35:33]  [行8] 解析成功: SHSE.688665 [四方光电] SELL @ 45.33 (VR:0.23)
[2026-08-14 13:35:33]  [行9] 解析成功: SHSE.688521 [芯原股份] SELL @ 206.45 (VR:0.56)
[2026-08-14 13:35:33]  [行10] 解析成功: SZSE.300852 [四会富仕] BUY @ 44.34 (VR:0.49)
[2026-08-14 13:35:33]  [行11] 解析成功: SZSE.300689 [澄天伟业] SELL @ 53.17 (VR:0.28)
[2026-08-14 13:35:33]  [行12] 解析成功: SZSE.301013 [利和兴] SELL @ 45.91 (VR:0.09)
[2026-08-14 13:35:33]  [行13] 解析成功: SZSE.300790 [宇瞳光学] BUY @ 19.72 (VR:0.47)
[2026-08-14 13:35:33]  [行14] 解析成功: SZSE.001339 [智微智能] BUY @ 84.19 (VR:0.43)
[2026-08-14 13:35:33] 成功保存 14 条因子至: signal_batch_20260814_133533_122500.txt
[2026-08-14 13:35:33]  QQ-主 邮件 6289 处理完成
[2026-08-14 13:35:33]  QQ-主 正在解析因子: =?utf-8?b?QWxwaGFQaWxvdCDlrp7ml7bkv6Hlj7cgKGFscGhhX3NpZ25hbF90aHJfMjAyNjA4MTRfMTEyMy5qc29uKSBb5Li7UVEt5a+55aSWXQ==?=
[2026-08-14 13:35:33]  发现表格，共 14 行数据
[2026-08-14 13:35:33]  动态索引映射: ['股票代码', '股票名称', '信号', '当前价格', '量比', '来源过滤']
[2026-08-14 13:35:33]  [行1] 解析成功: SHSE.688665 [四方光电] SELL @ 45.37 (VR:0.32)
[2026-08-14 13:35:33]  [行2] 解析成功: SHSE.688521 [芯原股份] SELL @ 206.79 (VR:0.33)
[2026-08-14 13:35:33]  [行3] 解析成功: SZSE.300852 [四会富仕] BUY @ 44.28 (VR:0.05)
[2026-08-14 13:35:33]  [行4] 解析成功: SZSE.300689 [澄天伟业] SELL @ 53.19 (VR:0.03)
[2026-08-14 13:35:33]  [行5] 解析成功: SZSE.301013 [利和兴] SELL @ 45.96 (VR:0.17)
[2026-08-14 13:35:33]  [行6] 解析成功: SZSE.300790 [宇瞳光学] BUY @ 19.71 (VR:0.29)
[2026-08-14 13:35:33]  [行7] 解析成功: SZSE.001339 [智微智能] BUY @ 84.09 (VR:0.8)
[2026-08-14 13:35:33]  [行8] 解析成功: SHSE.688665 [四方光电] SELL @ 45.33 (VR:0.23)
[2026-08-14 13:35:33]  [行9] 解析成功: SHSE.688521 [芯原股份] SELL @ 206.45 (VR:0.56)
[2026-08-14 13:35:33]  [行10] 解析成功: SZSE.300852 [四会富仕] BUY @ 44.34 (VR:0.49)
[2026-08-14 13:35:33]  [行11] 解析成功: SZSE.300689 [澄天伟业] SELL @ 53.17 (VR:0.28)
[2026-08-14 13:35:33]  [行12] 解析成功: SZSE.301013 [利和兴] SELL @ 45.91 (VR:0.09)
[2026-08-14 13:35:33]  [行13] 解析成功: SZSE.300790 [宇瞳光学] BUY @ 19.72 (VR:0.47)
[2026-08-14 13:35:33]  [行14] 解析成功: SZSE.001339 [智微智能] BUY @ 84.19 (VR:0.43)
[2026-08-14 13:35:33] 本批信号内容已存在（哈希重复），跳过保存（防双邮箱重复）
[2026-08-14 13:35:33]  QQ-主 邮件 6290 保存因子失败
[2026-08-14 13:35:33]  QQ-主 正在解析因子: =?utf-8?b?QWxwaGFQaWxvdCDlrp7ml7bkv6Hlj7cgKGFscGhhX3NpZ25hbF90aHJfMjAyNjA4MTRfMTEyOS5qc29uKSBb5Li7UVEt5a+55aSWXQ==?=
[2026-08-14 13:35:33]  发现表格，共 12 行数据
[2026-08-14 13:35:33]  动态索引映射: ['股票代码', '股票名称', '信号', '当前价格', '量比', '来源过滤']
[2026-08-14 13:35:33]  [行1] 解析成功: SHSE.603773 [沃格光电] BUY @ 93.18 (VR:1.37)
[2026-08-14 13:35:33]  [行2] 解析成功: SHSE.600460 [士兰微] BUY @ 32.2 (VR:0.25)
[2026-08-14 13:35:33]  [行3] 解析成功: SZSE.002552 [宝鼎科技] BUY @ 58.01 (VR:0.2)
[2026-08-14 13:35:33]  [行4] 解析成功: SZSE.002937 [兴瑞科技] BUY @ 29.34 (VR:0.06)
[2026-08-14 13:35:33]  [行5] 解析成功: SZSE.300607 [拓斯达] BUY @ 34.11 (VR:0.46)
[2026-08-14 13:35:33]  [行6] 解析成功: SZSE.301070 [开勒股份] BUY @ 65.47 (VR:22.78)
[2026-08-14 13:35:33]  [行7] 解析成功: SHSE.603773 [沃格光电] BUY @ 93.21 (VR:0.72)
[2026-08-14 13:35:33]  [行8] 解析成功: SHSE.600460 [士兰微] BUY @ 32.29 (VR:0.29)
[2026-08-14 13:35:33]  [行9] 解析成功: SZSE.002552 [宝鼎科技] BUY @ 58.05 (VR:0.29)
[2026-08-14 13:35:33]  [行10] 解析成功: SZSE.002937 [兴瑞科技] BUY @ 29.39 (VR:0.18)
[2026-08-14 13:35:33]  [行11] 解析成功: SZSE.300607 [拓斯达] BUY @ 34.16 (VR:0.41)
[2026-08-14 13:35:33]  [行12] 解析成功: SZSE.301070 [开勒股份] BUY @ 66.07 (VR:2.78)
[2026-08-14 13:35:33] 成功保存 12 条因子至: signal_batch_20260814_133533_504094.txt
[2026-08-14 13:35:33]  QQ-主 邮件 6291 处理完成
[2026-08-14 13:35:33]  QQ-主 正在解析因子: =?utf-8?b?QWxwaGFQaWxvdCDlrp7ml7bkv6Hlj7cgKGFscGhhX3NpZ25hbF90aHJfMjAyNjA4MTRfMTEyOS5qc29uKSBb5Li7UVEt5a+55aSWXQ==?=
[2026-08-14 13:35:33]  发现表格，共 12 行数据
[2026-08-14 13:35:33]  动态索引映射: ['股票代码', '股票名称', '信号', '当前价格', '量比', '来源过滤']
[2026-08-14 13:35:33]  [行1] 解析成功: SHSE.603773 [沃格光电] BUY @ 93.18 (VR:1.37)
[2026-08-14 13:35:33]  [行2] 解析成功: SHSE.600460 [士兰微] BUY @ 32.2 (VR:0.25)
[2026-08-14 13:35:33]  [行3] 解析成功: SZSE.002552 [宝鼎科技] BUY @ 58.01 (VR:0.2)
[2026-08-14 13:35:33]  [行4] 解析成功: SZSE.002937 [兴瑞科技] BUY @ 29.34 (VR:0.06)
[2026-08-14 13:35:33]  [行5] 解析成功: SZSE.300607 [拓斯达] BUY @ 34.11 (VR:0.46)
[2026-08-14 13:35:33]  [行6] 解析成功: SZSE.301070 [开勒股份] BUY @ 65.47 (VR:22.78)
[2026-08-14 13:35:33]  [行7] 解析成功: SHSE.603773 [沃格光电] BUY @ 93.21 (VR:0.72)
[2026-08-14 13:35:33]  [行8] 解析成功: SHSE.600460 [士兰微] BUY @ 32.29 (VR:0.29)
[2026-08-14 13:35:33]  [行9] 解析成功: SZSE.002552 [宝鼎科技] BUY @ 58.05 (VR:0.29)
[2026-08-14 13:35:33]  [行10] 解析成功: SZSE.002937 [兴瑞科技] BUY @ 29.39 (VR:0.18)
[2026-08-14 13:35:33]  [行11] 解析成功: SZSE.300607 [拓斯达] BUY @ 34.16 (VR:0.41)
[2026-08-14 13:35:33]  [行12] 解析成功: SZSE.301070 [开勒股份] BUY @ 66.07 (VR:2.78)
[2026-08-14 13:35:33] 本批信号内容已存在（哈希重复），跳过保存（防双邮箱重复）
[2026-08-14 13:35:33]  QQ-主 邮件 6292 保存因子失败
[2026-08-14 13:35:33]  QQ-主 正在解析因子: =?utf-8?b?QWxwaGFQaWxvdCDlrp7ml7bkv6Hlj7cgKGFscGhhX3NpZ25hbF90aHJfMjAyNjA4MTRfMTEzMS5qc29uKSBb5Li7UVEt5a+55aSWXQ==?=
[2026-08-14 13:35:33]  发现表格，共 10 行数据
[2026-08-14 13:35:33]  动态索引映射: ['股票代码', '股票名称', '信号', '当前价格', '量比', '来源过滤']
[2026-08-14 13:35:33]  [行1] 解析成功: SHSE.688261 [东微半导] BUY @ 70.12 (VR:0.28)
[2026-08-14 13:35:33]  [行2] 解析成功: SHSE.688199 [久日新材] BUY @ 23.15 (VR:0.55)
[2026-08-14 13:35:33]  [行3] 解析成功: SZSE.300136 [信维通信] SELL @ 67.36 (VR:1.4)
[2026-08-14 13:35:33]  [行4] 解析成功: SZSE.300821 [东岳硅材] BUY @ 16.82 (VR:0.37)
[2026-08-14 13:35:33]  [行5] 解析成功: SZSE.300236 [上海新阳] BUY @ 93.2 (VR:0.13)
[2026-08-14 13:35:33]  [行6] 解析成功: SHSE.688261 [东微半导] BUY @ 70.16 (VR:0.93)
[2026-08-14 13:35:33]  [行7] 解析成功: SHSE.688199 [久日新材] BUY @ 23.17 (VR:0.85)
[2026-08-14 13:35:33]  [行8] 解析成功: SZSE.300136 [信维通信] SELL @ 67.34 (VR:1.52)
[2026-08-14 13:35:33]  [行9] 解析成功: SZSE.300821 [东岳硅材] BUY @ 16.83 (VR:0.46)
[2026-08-14 13:35:33]  [行10] 解析成功: SZSE.300236 [上海新阳] BUY @ 93.24 (VR:0.28)
[2026-08-14 13:35:33] 成功保存 10 条因子至: signal_batch_20260814_133533_918995.txt
[2026-08-14 13:35:34]  QQ-主 邮件 6293 处理完成
[2026-08-14 13:35:34]  QQ-主 正在解析因子: =?utf-8?b?QWxwaGFQaWxvdCDlrp7ml7bkv6Hlj7cgKGFscGhhX3NpZ25hbF90aHJfMjAyNjA4MTRfMTEzMS5qc29uKSBb5Li7UVEt5a+55aSWXQ==?=
[2026-08-14 13:35:34]  发现表格，共 10 行数据
[2026-08-14 13:35:34]  动态索引映射: ['股票代码', '股票名称', '信号', '当前价格', '量比', '来源过滤']
[2026-08-14 13:35:34]  [行1] 解析成功: SHSE.688261 [东微半导] BUY @ 70.12 (VR:0.28)
[2026-08-14 13:35:34]  [行2] 解析成功: SHSE.688199 [久日新材] BUY @ 23.15 (VR:0.55)
[2026-08-14 13:35:34]  [行3] 解析成功: SZSE.300136 [信维通信] SELL @ 67.36 (VR:1.4)
[2026-08-14 13:35:34]  [行4] 解析成功: SZSE.300821 [东岳硅材] BUY @ 16.82 (VR:0.37)
[2026-08-14 13:35:34]  [行5] 解析成功: SZSE.300236 [上海新阳] BUY @ 93.2 (VR:0.13)
[2026-08-14 13:35:34]  [行6] 解析成功: SHSE.688261 [东微半导] BUY @ 70.16 (VR:0.93)
[2026-08-14 13:35:34]  [行7] 解析成功: SHSE.688199 [久日新材] BUY @ 23.17 (VR:0.85)
[2026-08-14 13:35:34]  [行8] 解析成功: SZSE.300136 [信维通信] SELL @ 67.34 (VR:1.52)
[2026-08-14 13:35:34]  [行9] 解析成功: SZSE.300821 [东岳硅材] BUY @ 16.83 (VR:0.46)
[2026-08-14 13:35:34]  [行10] 解析成功: SZSE.300236 [上海新阳] BUY @ 93.24 (VR:0.28)
[2026-08-14 13:35:34] 成功保存 10 条因子至: signal_batch_20260814_133534_242002.txt
[2026-08-14 13:35:34]  QQ-主 邮件 6294 处理完成
[2026-08-14 13:35:34]  QQ-主 正在解析因子: =?utf-8?b?QWxwaGFQaWxvdCDlrp7ml7bkv6Hlj7cgKGFscGhhX3NpZ25hbF90aHJfMjAyNjA4MTRfMTMwMy5qc29uKSBb5Li7UVEt5a+55aSWXQ==?=
[2026-08-14 13:35:34]  发现表格，共 12 行数据
[2026-08-14 13:35:34]  动态索引映射: ['股票代码', '股票名称', '信号', '当前价格', '量比', '来源过滤']
[2026-08-14 13:35:34]  [行1] 解析成功: SHSE.603773 [沃格光电] SELL @ 93.38 (VR:0.6)
[2026-08-14 13:35:34]  [行2] 解析成功: SHSE.600460 [士兰微] SELL @ 32.27 (VR:0.06)
[2026-08-14 13:35:34]  [行3] 解析成功: SZSE.002552 [宝鼎科技] SELL @ 58.03 (VR:0.12)
[2026-08-14 13:35:34]  [行4] 解析成功: SZSE.003031 [中瓷电子] SELL @ 125.56 (VR:0.6)
[2026-08-14 13:35:34]  [行5] 解析成功: SZSE.000823 [超声电子] SELL @ 15.19 (VR:2.48)
[2026-08-14 13:35:34]  [行6] 解析成功: SZSE.300607 [拓斯达] BUY @ 34.12 (VR:0.21)
[2026-08-14 13:35:34]  [行7] 解析成功: SHSE.603773 [沃格光电] SELL @ 93.31 (VR:0.17)
[2026-08-14 13:35:34]  [行8] 解析成功: SHSE.600460 [士兰微] SELL @ 32.18 (VR:0.27)
[2026-08-14 13:35:34]  [行9] 解析成功: SZSE.002552 [宝鼎科技] SELL @ 57.81 (VR:0.29)
[2026-08-14 13:35:34]  [行10] 解析成功: SZSE.003031 [中瓷电子] SELL @ 125.4 (VR:0.16)
[2026-08-14 13:35:34]  [行11] 解析成功: SZSE.000823 [超声电子] SELL @ 15.15 (VR:1.48)
[2026-08-14 13:35:34]  [行12] 解析成功: SZSE.300607 [拓斯达] BUY @ 34.13 (VR:0.37)
[2026-08-14 13:35:34] 成功保存 12 条因子至: signal_batch_20260814_133534_555861.txt
[2026-08-14 13:35:34]  QQ-主 邮件 6295 处理完成
[2026-08-14 13:35:34]  QQ-主 正在解析因子: =?utf-8?b?QWxwaGFQaWxvdCDlrp7ml7bkv6Hlj7cgKGFscGhhX3NpZ25hbF90aHJfMjAyNjA4MTRfMTMwMy5qc29uKSBb5Li7UVEt5a+55aSWXQ==?=
[2026-08-14 13:35:34]  发现表格，共 12 行数据
[2026-08-14 13:35:34]  动态索引映射: ['股票代码', '股票名称', '信号', '当前价格', '量比', '来源过滤']
[2026-08-14 13:35:34]  [行1] 解析成功: SHSE.603773 [沃格光电] SELL @ 93.38 (VR:0.6)
[2026-08-14 13:35:34]  [行2] 解析成功: SHSE.600460 [士兰微] SELL @ 32.27 (VR:0.06)
[2026-08-14 13:35:34]  [行3] 解析成功: SZSE.002552 [宝鼎科技] SELL @ 58.03 (VR:0.12)
[2026-08-14 13:35:34]  [行4] 解析成功: SZSE.003031 [中瓷电子] SELL @ 125.56 (VR:0.6)
[2026-08-14 13:35:34]  [行5] 解析成功: SZSE.000823 [超声电子] SELL @ 15.19 (VR:2.48)
[2026-08-14 13:35:34]  [行6] 解析成功: SZSE.300607 [拓斯达] BUY @ 34.12 (VR:0.21)
[2026-08-14 13:35:34]  [行7] 解析成功: SHSE.603773 [沃格光电] SELL @ 93.31 (VR:0.17)
[2026-08-14 13:35:34]  [行8] 解析成功: SHSE.600460 [士兰微] SELL @ 32.18 (VR:0.27)
[2026-08-14 13:35:34]  [行9] 解析成功: SZSE.002552 [宝鼎科技] SELL @ 57.81 (VR:0.29)
[2026-08-14 13:35:34]  [行10] 解析成功: SZSE.003031 [中瓷电子] SELL @ 125.4 (VR:0.16)
[2026-08-14 13:35:34]  [行11] 解析成功: SZSE.000823 [超声电子] SELL @ 15.15 (VR:1.48)
[2026-08-14 13:35:34]  [行12] 解析成功: SZSE.300607 [拓斯达] BUY @ 34.13 (VR:0.37)
[2026-08-14 13:35:34] 本批信号内容已存在（哈希重复），跳过保存（防双邮箱重复）
[2026-08-14 13:35:34]  QQ-主 邮件 6296 保存因子失败
[2026-08-14 13:35:34]  QQ-主 正在解析因子: =?utf-8?b?QWxwaGFQaWxvdCDlrp7ml7bkv6Hlj7cgKGFscGhhX3NpZ25hbF90aHJfMjAyNjA4MTRfMTMwNi5qc29uKSBb5Li7UVEt5a+55aSWXQ==?=
[2026-08-14 13:35:34]  发现表格，共 4 行数据
[2026-08-14 13:35:34]  动态索引映射: ['股票代码', '股票名称', '信号', '当前价格', '量比', '来源过滤']
[2026-08-14 13:35:34]  [行1] 解析成功: SZSE.300162 [雷曼光电] SELL @ 7.59 (VR:0.69)
[2026-08-14 13:35:34]  [行2] 解析成功: SZSE.300767 [震安科技] SELL @ 18.37 (VR:0.85)
[2026-08-14 13:35:34]  [行3] 解析成功: SZSE.300162 [雷曼光电] SELL @ 7.57 (VR:1.26)
[2026-08-14 13:35:34]  [行4] 解析成功: SZSE.300767 [震安科技] SELL @ 18.35 (VR:0.13)
[2026-08-14 13:35:34] 成功保存 4 条因子至: signal_batch_20260814_133534_981740.txt
[2026-08-14 13:35:35]  QQ-主 邮件 6297 处理完成
[2026-08-14 13:35:35]  QQ-主 正在解析因子: =?utf-8?b?QWxwaGFQaWxvdCDlrp7ml7bkv6Hlj7cgKGFscGhhX3NpZ25hbF90aHJfMjAyNjA4MTRfMTMwNi5qc29uKSBb5Li7UVEt5a+55aSWXQ==?=
[2026-08-14 13:35:35]  发现表格，共 4 行数据
[2026-08-14 13:35:35]  动态索引映射: ['股票代码', '股票名称', '信号', '当前价格', '量比', '来源过滤']
[2026-08-14 13:35:35]  [行1] 解析成功: SZSE.300162 [雷曼光电] SELL @ 7.59 (VR:0.69)
[2026-08-14 13:35:35]  [行2] 解析成功: SZSE.300767 [震安科技] SELL @ 18.37 (VR:0.85)
[2026-08-14 13:35:35]  [行3] 解析成功: SZSE.300162 [雷曼光电] SELL @ 7.57 (VR:1.26)
[2026-08-14 13:35:35]  [行4] 解析成功: SZSE.300767 [震安科技] SELL @ 18.35 (VR:0.13)
[2026-08-14 13:35:35] 成功保存 4 条因子至: signal_batch_20260814_133535_217793.txt
[2026-08-14 13:35:35]  QQ-主 邮件 6298 处理完成
[2026-08-14 13:35:35]  QQ-主 正在解析因子: =?utf-8?b?QWxwaGFQaWxvdCDlrp7ml7bkv6Hlj7cgKGFscGhhX3NpZ25hbF90aHJfMjAyNjA4MTRfMTMwOC5qc29uKSBb5Li7UVEt5a+55aSWXQ==?=
[2026-08-14 13:35:35]  发现表格，共 14 行数据
[2026-08-14 13:35:35]  动态索引映射: ['股票代码', '股票名称', '信号', '当前价格', '量比', '来源过滤']
[2026-08-14 13:35:35]  [行1] 解析成功: SHSE.688286 [敏芯股份] BUY @ 51.76 (VR:1.52)
[2026-08-14 13:35:35]  [行2] 解析成功: SHSE.688511 [天微电子] SELL @ 22.93 (VR:0.87)
[2026-08-14 13:35:35]  [行3] 解析成功: SHSE.688249 [晶合集成] SELL @ 39.59 (VR:0.0)
[2026-08-14 13:35:35]  [行4] 解析成功: SZSE.300088 [长信科技] BUY @ 7.46 (VR:0.3)
[2026-08-14 13:35:35]  [行5] 解析成功: SZSE.300420 [五洋自控] BUY @ 7.76 (VR:0.17)
[2026-08-14 13:35:35]  [行6] 解析成功: SZSE.300661 [圣邦股份] BUY @ 120.5 (VR:0.65)
[2026-08-14 13:35:35]  [行7] 解析成功: SZSE.300780 [德恩精工] BUY @ 20.18 (VR:0.28)
[2026-08-14 13:35:35]  [行8] 解析成功: SHSE.688286 [敏芯股份] BUY @ 52.01 (VR:2.42)
[2026-08-14 13:35:35]  [行9] 解析成功: SHSE.688511 [天微电子] SELL @ 22.91 (VR:0.23)
[2026-08-14 13:35:35]  [行10] 解析成功: SHSE.688249 [晶合集成] SELL @ 39.56 (VR:0.01)
[2026-08-14 13:35:35]  [行11] 解析成功: SZSE.300088 [长信科技] BUY @ 7.47 (VR:0.26)
[2026-08-14 13:35:35]  [行12] 解析成功: SZSE.300420 [五洋自控] BUY @ 7.79 (VR:0.16)
[2026-08-14 13:35:35]  [行13] 解析成功: SZSE.300661 [圣邦股份] BUY @ 120.72 (VR:0.37)
[2026-08-14 13:35:35]  [行14] 解析成功: SZSE.300780 [德恩精工] BUY @ 20.2 (VR:0.15)
[2026-08-14 13:35:35] 成功保存 14 条因子至: signal_batch_20260814_133535_552561.txt
[2026-08-14 13:35:35]  QQ-主 邮件 6299 处理完成
[2026-08-14 13:35:35]  QQ-主 正在解析因子: =?utf-8?b?QWxwaGFQaWxvdCDlrp7ml7bkv6Hlj7cgKGFscGhhX3NpZ25hbF90aHJfMjAyNjA4MTRfMTMwOC5qc29uKSBb5Li7UVEt5a+55aSWXQ==?=
[2026-08-14 13:35:35]  发现表格，共 14 行数据
[2026-08-14 13:35:35]  动态索引映射: ['股票代码', '股票名称', '信号', '当前价格', '量比', '来源过滤']
[2026-08-14 13:35:35]  [行1] 解析成功: SHSE.688286 [敏芯股份] BUY @ 51.76 (VR:1.52)
[2026-08-14 13:35:35]  [行2] 解析成功: SHSE.688511 [天微电子] SELL @ 22.93 (VR:0.87)
[2026-08-14 13:35:35]  [行3] 解析成功: SHSE.688249 [晶合集成] SELL @ 39.59 (VR:0.0)
[2026-08-14 13:35:35]  [行4] 解析成功: SZSE.300088 [长信科技] BUY @ 7.46 (VR:0.3)
[2026-08-14 13:35:35]  [行5] 解析成功: SZSE.300420 [五洋自控] BUY @ 7.76 (VR:0.17)
[2026-08-14 13:35:35]  [行6] 解析成功: SZSE.300661 [圣邦股份] BUY @ 120.5 (VR:0.65)
[2026-08-14 13:35:35]  [行7] 解析成功: SZSE.300780 [德恩精工] BUY @ 20.18 (VR:0.28)
[2026-08-14 13:35:35]  [行8] 解析成功: SHSE.688286 [敏芯股份] BUY @ 52.01 (VR:2.42)
[2026-08-14 13:35:35]  [行9] 解析成功: SHSE.688511 [天微电子] SELL @ 22.91 (VR:0.23)
[2026-08-14 13:35:35]  [行10] 解析成功: SHSE.688249 [晶合集成] SELL @ 39.56 (VR:0.01)
[2026-08-14 13:35:35]  [行11] 解析成功: SZSE.300088 [长信科技] BUY @ 7.47 (VR:0.26)
[2026-08-14 13:35:35]  [行12] 解析成功: SZSE.300420 [五洋自控] BUY @ 7.79 (VR:0.16)
[2026-08-14 13:35:35]  [行13] 解析成功: SZSE.300661 [圣邦股份] BUY @ 120.72 (VR:0.37)
[2026-08-14 13:35:35]  [行14] 解析成功: SZSE.300780 [德恩精工] BUY @ 20.2 (VR:0.15)
[2026-08-14 13:35:35] 本批信号内容已存在（哈希重复），跳过保存（防双邮箱重复）
[2026-08-14 13:35:35]  QQ-主 邮件 6300 保存因子失败
[2026-08-14 13:35:35]  QQ-主 正在解析因子: =?utf-8?b?QWxwaGFQaWxvdCDlrp7ml7bkv6Hlj7cgKGFscGhhX3NpZ25hbF90aHJfMjAyNjA4MTRfMTMxMS5qc29uKSBb5Li7UVEt5a+55aSWXQ==?=
[2026-08-14 13:35:35]  发现表格，共 12 行数据
[2026-08-14 13:35:35]  动态索引映射: ['股票代码', '股票名称', '信号', '当前价格', '量比', '来源过滤']
[2026-08-14 13:35:35]  [行1] 解析成功: SHSE.688665 [四方光电] BUY @ 45.28 (VR:0.04)
[2026-08-14 13:35:35]  [行2] 解析成功: SHSE.688102 [斯瑞新材] BUY @ 37.38 (VR:1.53)
[2026-08-14 13:35:35]  [行3] 解析成功: SHSE.688521 [芯原股份] SELL @ 207.0 (VR:0.21)
[2026-08-14 13:35:35]  [行4] 解析成功: SHSE.688227 [品高股份] SELL @ 80.38 (VR:0.53)
[2026-08-14 13:35:35]  [行5] 解析成功: SZSE.300689 [澄天伟业] SELL @ 52.98 (VR:0.68)
[2026-08-14 13:35:35]  [行6] 解析成功: SZSE.300790 [宇瞳光学] SELL @ 19.59 (VR:0.27)
[2026-08-14 13:35:35]  [行7] 解析成功: SHSE.688665 [四方光电] BUY @ 45.5 (VR:10.19)
[2026-08-14 13:35:35]  [行8] 解析成功: SHSE.688102 [斯瑞新材] BUY @ 37.52 (VR:0.94)
[2026-08-14 13:35:35]  [行9] 解析成功: SHSE.688521 [芯原股份] SELL @ 206.6 (VR:0.09)
[2026-08-14 13:35:35]  [行10] 解析成功: SHSE.688227 [品高股份] SELL @ 80.34 (VR:1.38)
[2026-08-14 13:35:35]  [行11] 解析成功: SZSE.300689 [澄天伟业] SELL @ 52.91 (VR:0.14)
[2026-08-14 13:35:35]  [行12] 解析成功: SZSE.300790 [宇瞳光学] SELL @ 19.55 (VR:0.34)
[2026-08-14 13:35:35] 成功保存 12 条因子至: signal_batch_20260814_133535_892936.txt
[2026-08-14 13:35:36]  QQ-主 邮件 6301 处理完成
[2026-08-14 13:35:36]  QQ-主 正在解析因子: =?utf-8?b?QWxwaGFQaWxvdCDlrp7ml7bkv6Hlj7cgKGFscGhhX3NpZ25hbF90aHJfMjAyNjA4MTRfMTMxMS5qc29uKSBb5Li7UVEt5a+55aSWXQ==?=
[2026-08-14 13:35:36]  发现表格，共 12 行数据
[2026-08-14 13:35:36]  动态索引映射: ['股票代码', '股票名称', '信号', '当前价格', '量比', '来源过滤']
[2026-08-14 13:35:36]  [行1] 解析成功: SHSE.688665 [四方光电] BUY @ 45.28 (VR:0.04)
[2026-08-14 13:35:36]  [行2] 解析成功: SHSE.688102 [斯瑞新材] BUY @ 37.38 (VR:1.53)
[2026-08-14 13:35:36]  [行3] 解析成功: SHSE.688521 [芯原股份] SELL @ 207.0 (VR:0.21)
[2026-08-14 13:35:36]  [行4] 解析成功: SHSE.688227 [品高股份] SELL @ 80.38 (VR:0.53)
[2026-08-14 13:35:36]  [行5] 解析成功: SZSE.300689 [澄天伟业] SELL @ 52.98 (VR:0.68)
[2026-08-14 13:35:36]  [行6] 解析成功: SZSE.300790 [宇瞳光学] SELL @ 19.59 (VR:0.27)
[2026-08-14 13:35:36]  [行7] 解析成功: SHSE.688665 [四方光电] BUY @ 45.5 (VR:10.19)
[2026-08-14 13:35:36]  [行8] 解析成功: SHSE.688102 [斯瑞新材] BUY @ 37.52 (VR:0.94)
[2026-08-14 13:35:36]  [行9] 解析成功: SHSE.688521 [芯原股份] SELL @ 206.6 (VR:0.09)
[2026-08-14 13:35:36]  [行10] 解析成功: SHSE.688227 [品高股份] SELL @ 80.34 (VR:1.38)
[2026-08-14 13:35:36]  [行11] 解析成功: SZSE.300689 [澄天伟业] SELL @ 52.91 (VR:0.14)
[2026-08-14 13:35:36]  [行12] 解析成功: SZSE.300790 [宇瞳光学] SELL @ 19.55 (VR:0.34)
[2026-08-14 13:35:36] 成功保存 12 条因子至: signal_batch_20260814_133536_175181.txt
[2026-08-14 13:35:36]  QQ-主 邮件 6302 处理完成
[2026-08-14 13:35:36]  QQ-主 正在解析因子: =?utf-8?b?QWxwaGFQaWxvdCDlrp7ml7bkv6Hlj7cgKGFscGhhX3NpZ25hbF90aHJfMjAyNjA4MTRfMTMxMy5qc29uKSBb5Li7UVEt5a+55aSWXQ==?=
[2026-08-14 13:35:36]  发现表格，共 6 行数据
[2026-08-14 13:35:36]  动态索引映射: ['股票代码', '股票名称', '信号', '当前价格', '量比', '来源过滤']
[2026-08-14 13:35:36]  [行1] 解析成功: SHSE.600353 [旭光电子] BUY @ 30.01 (VR:1.18)
[2026-08-14 13:35:36]  [行2] 解析成功: SHSE.688392 [娇成超声] BUY @ 175.01 (VR:0.36)
[2026-08-14 13:35:36]  [行3] 解析成功: SZSE.000510 [新金路] BUY @ 16.57 (VR:0.13)
[2026-08-14 13:35:36]  [行4] 解析成功: SHSE.600353 [旭光电子] BUY @ 30.09 (VR:0.39)
[2026-08-14 13:35:36]  [行5] 解析成功: SHSE.688392 [娇成超声] BUY @ 175.75 (VR:0.41)
[2026-08-14 13:35:36]  [行6] 解析成功: SZSE.000510 [新金路] BUY @ 16.66 (VR:0.01)
[2026-08-14 13:35:36] 成功保存 6 条因子至: signal_batch_20260814_133536_428140.txt
[2026-08-14 13:35:36]  QQ-主 邮件 6303 处理完成
[2026-08-14 13:35:36]  QQ-主 正在解析因子: =?utf-8?b?QWxwaGFQaWxvdCDlrp7ml7bkv6Hlj7cgKGFscGhhX3NpZ25hbF90aHJfMjAyNjA4MTRfMTMxMy5qc29uKSBb5Li7UVEt5a+55aSWXQ==?=
[2026-08-14 13:35:36]  发现表格，共 6 行数据
[2026-08-14 13:35:36]  动态索引映射: ['股票代码', '股票名称', '信号', '当前价格', '量比', '来源过滤']
[2026-08-14 13:35:36]  [行1] 解析成功: SHSE.600353 [旭光电子] BUY @ 30.01 (VR:1.18)
[2026-08-14 13:35:36]  [行2] 解析成功: SHSE.688392 [娇成超声] BUY @ 175.01 (VR:0.36)
[2026-08-14 13:35:36]  [行3] 解析成功: SZSE.000510 [新金路] BUY @ 16.57 (VR:0.13)
[2026-08-14 13:35:36]  [行4] 解析成功: SHSE.600353 [旭光电子] BUY @ 30.09 (VR:0.39)
[2026-08-14 13:35:36]  [行5] 解析成功: SHSE.688392 [娇成超声] BUY @ 175.75 (VR:0.41)
[2026-08-14 13:35:36]  [行6] 解析成功: SZSE.000510 [新金路] BUY @ 16.66 (VR:0.01)
[2026-08-14 13:35:36] 本批信号内容已存在（哈希重复），跳过保存（防双邮箱重复）
[2026-08-14 13:35:36]  QQ-主 邮件 6304 保存因子失败
[2026-08-14 13:35:36]  QQ-主 正在解析因子: =?utf-8?b?QWxwaGFQaWxvdCDlrp7ml7bkv6Hlj7cgKGFscGhhX3NpZ25hbF90aHJfMjAyNjA4MTRfMTMxNi5qc29uKSBb5Li7UVEt5a+55aSWXQ==?=
[2026-08-14 13:35:36]  发现表格，共 10 行数据
[2026-08-14 13:35:36]  动态索引映射: ['股票代码', '股票名称', '信号', '当前价格', '量比', '来源过滤']
[2026-08-14 13:35:36]  [行1] 解析成功: SHSE.603773 [沃格光电] BUY @ 92.95 (VR:0.22)
[2026-08-14 13:35:36]  [行2] 解析成功: SHSE.605111 [新洁能] SELL @ 56.65 (VR:0.31)
[2026-08-14 13:35:36]  [行3] 解析成功: SZSE.002937 [兴瑞科技] BUY @ 29.11 (VR:0.35)
[2026-08-14 13:35:36]  [行4] 解析成功: SZSE.000823 [超声电子] SELL @ 15.11 (VR:0.27)
[2026-08-14 13:35:36]  [行5] 解析成功: SZSE.300607 [拓斯达] SELL @ 34.02 (VR:0.14)
[2026-08-14 13:35:36]  [行6] 解析成功: SHSE.603773 [沃格光电] BUY @ 92.99 (VR:0.27)
[2026-08-14 13:35:36]  [行7] 解析成功: SHSE.605111 [新洁能] SELL @ 56.63 (VR:0.45)
[2026-08-14 13:35:36]  [行8] 解析成功: SZSE.002937 [兴瑞科技] BUY @ 29.12 (VR:0.13)
[2026-08-14 13:35:36]  [行9] 解析成功: SZSE.000823 [超声电子] SELL @ 15.08 (VR:0.03)
[2026-08-14 13:35:36]  [行10] 解析成功: SZSE.300607 [拓斯达] SELL @ 33.99 (VR:0.45)
[2026-08-14 13:35:36] 成功保存 10 条因子至: signal_batch_20260814_133536_811855.txt
[2026-08-14 13:35:36]  QQ-主 邮件 6305 处理完成
[2026-08-14 13:35:37]  QQ-主 正在解析因子: =?utf-8?b?QWxwaGFQaWxvdCDlrp7ml7bkv6Hlj7cgKGFscGhhX3NpZ25hbF90aHJfMjAyNjA4MTRfMTMxNi5qc29uKSBb5Li7UVEt5a+55aSWXQ==?=
[2026-08-14 13:35:37]  发现表格，共 10 行数据
[2026-08-14 13:35:37]  动态索引映射: ['股票代码', '股票名称', '信号', '当前价格', '量比', '来源过滤']
[2026-08-14 13:35:37]  [行1] 解析成功: SHSE.603773 [沃格光电] BUY @ 92.95 (VR:0.22)
[2026-08-14 13:35:37]  [行2] 解析成功: SHSE.605111 [新洁能] SELL @ 56.65 (VR:0.31)
[2026-08-14 13:35:37]  [行3] 解析成功: SZSE.002937 [兴瑞科技] BUY @ 29.11 (VR:0.35)
[2026-08-14 13:35:37]  [行4] 解析成功: SZSE.000823 [超声电子] SELL @ 15.11 (VR:0.27)
[2026-08-14 13:35:37]  [行5] 解析成功: SZSE.300607 [拓斯达] SELL @ 34.02 (VR:0.14)
[2026-08-14 13:35:37]  [行6] 解析成功: SHSE.603773 [沃格光电] BUY @ 92.99 (VR:0.27)
[2026-08-14 13:35:37]  [行7] 解析成功: SHSE.605111 [新洁能] SELL @ 56.63 (VR:0.45)
[2026-08-14 13:35:37]  [行8] 解析成功: SZSE.002937 [兴瑞科技] BUY @ 29.12 (VR:0.13)
[2026-08-14 13:35:37]  [行9] 解析成功: SZSE.000823 [超声电子] SELL @ 15.08 (VR:0.03)
[2026-08-14 13:35:37]  [行10] 解析成功: SZSE.300607 [拓斯达] SELL @ 33.99 (VR:0.45)
[2026-08-14 13:35:37] 成功保存 10 条因子至: signal_batch_20260814_133537_072449.txt
[2026-08-14 13:35:37]  QQ-主 邮件 6306 处理完成
[2026-08-14 13:35:37]  QQ-主 正在解析因子: =?utf-8?b?QWxwaGFQaWxvdCDlrp7ml7bkv6Hlj7cgKGFscGhhX3NpZ25hbF90aHJfMjAyNjA4MTRfMTMxOC5qc29uKSBb5Li7UVEt5a+55aSWXQ==?=
[2026-08-14 13:35:37]  发现表格，共 8 行数据
[2026-08-14 13:35:37]  动态索引映射: ['股票代码', '股票名称', '信号', '当前价格', '量比', '来源过滤']
[2026-08-14 13:35:37]  [行1] 解析成功: SHSE.688261 [东微半导] SELL @ 69.91 (VR:1.48)
[2026-08-14 13:35:37]  [行2] 解析成功: SZSE.300236 [上海新阳] SELL @ 92.65 (VR:0.0)
[2026-08-14 13:35:37]  [行3] 解析成功: SZSE.300057 [万顺新材] SELL @ 6.49 (VR:1.14)
[2026-08-14 13:35:37]  [行4] 解析成功: SZSE.300767 [震安科技] SELL @ 18.32 (VR:0.56)
[2026-08-14 13:35:37]  [行5] 解析成功: SHSE.688261 [东微半导] SELL @ 69.69 (VR:0.57)
[2026-08-14 13:35:37]  [行6] 解析成功: SZSE.300236 [上海新阳] SELL @ 92.58 (VR:0.18)
[2026-08-14 13:35:37]  [行7] 解析成功: SZSE.300057 [万顺新材] SELL @ 6.48 (VR:0.02)
[2026-08-14 13:35:37]  [行8] 解析成功: SZSE.300767 [震安科技] SELL @ 18.31 (VR:0.01)
[2026-08-14 13:35:37] 成功保存 8 条因子至: signal_batch_20260814_133537_419579.txt
[2026-08-14 13:35:37]  QQ-主 邮件 6307 处理完成
[2026-08-14 13:35:37]  QQ-主 正在解析因子: =?utf-8?b?QWxwaGFQaWxvdCDlrp7ml7bkv6Hlj7cgKGFscGhhX3NpZ25hbF90aHJfMjAyNjA4MTRfMTMxOC5qc29uKSBb5Li7UVEt5a+55aSWXQ==?=
[2026-08-14 13:35:37]  发现表格，共 8 行数据
[2026-08-14 13:35:37]  动态索引映射: ['股票代码', '股票名称', '信号', '当前价格', '量比', '来源过滤']
[2026-08-14 13:35:37]  [行1] 解析成功: SHSE.688261 [东微半导] SELL @ 69.91 (VR:1.48)
[2026-08-14 13:35:37]  [行2] 解析成功: SZSE.300236 [上海新阳] SELL @ 92.65 (VR:0.0)
[2026-08-14 13:35:37]  [行3] 解析成功: SZSE.300057 [万顺新材] SELL @ 6.49 (VR:1.14)
[2026-08-14 13:35:37]  [行4] 解析成功: SZSE.300767 [震安科技] SELL @ 18.32 (VR:0.56)
[2026-08-14 13:35:37]  [行5] 解析成功: SHSE.688261 [东微半导] SELL @ 69.69 (VR:0.57)
[2026-08-14 13:35:37]  [行6] 解析成功: SZSE.300236 [上海新阳] SELL @ 92.58 (VR:0.18)
[2026-08-14 13:35:37]  [行7] 解析成功: SZSE.300057 [万顺新材] SELL @ 6.48 (VR:0.02)
[2026-08-14 13:35:37]  [行8] 解析成功: SZSE.300767 [震安科技] SELL @ 18.31 (VR:0.01)
[2026-08-14 13:35:37] 本批信号内容已存在（哈希重复），跳过保存（防双邮箱重复）
[2026-08-14 13:35:37]  QQ-主 邮件 6308 保存因子失败
[2026-08-14 13:35:37]  QQ-主 正在解析因子: =?utf-8?b?QWxwaGFQaWxvdCDlrp7ml7bkv6Hlj7cgKGFscGhhX3NpZ25hbF90aHJfMjAyNjA4MTRfMTMyMS5qc29uKSBb5Li7UVEt5a+55aSWXQ==?=
[2026-08-14 13:35:37]  发现表格，共 10 行数据
[2026-08-14 13:35:37]  动态索引映射: ['股票代码', '股票名称', '信号', '当前价格', '量比', '来源过滤']
[2026-08-14 13:35:37]  [行1] 解析成功: SHSE.688286 [敏芯股份] BUY @ 50.71 (VR:0.28)
[2026-08-14 13:35:37]  [行2] 解析成功: SHSE.688138 [清溢光电] BUY @ 33.1 (VR:0.85)
[2026-08-14 13:35:37]  [行3] 解析成功: SZSE.300285 [国瓷材料] BUY @ 69.82 (VR:1.03)
[2026-08-14 13:35:37]  [行4] 解析成功: SZSE.301392 [汇成真空] SELL @ 164.33 (VR:0.82)
[2026-08-14 13:35:37]  [行5] 解析成功: SZSE.300420 [五洋自控] SELL @ 7.78 (VR:0.64)
[2026-08-14 13:35:37]  [行6] 解析成功: SHSE.688286 [敏芯股份] BUY @ 50.8 (VR:0.19)
[2026-08-14 13:35:37]  [行7] 解析成功: SHSE.688138 [清溢光电] BUY @ 33.13 (VR:0.1)
[2026-08-14 13:35:37]  [行8] 解析成功: SZSE.300285 [国瓷材料] BUY @ 69.86 (VR:0.42)
[2026-08-14 13:35:37]  [行9] 解析成功: SZSE.301392 [汇成真空] SELL @ 164.24 (VR:0.52)
[2026-08-14 13:35:37]  [行10] 解析成功: SZSE.300420 [五洋自控] SELL @ 7.76 (VR:0.23)
[2026-08-14 13:35:37] 成功保存 10 条因子至: signal_batch_20260814_133537_838857.txt
[2026-08-14 13:35:38]  QQ-主 邮件 6309 处理完成
[2026-08-14 13:35:38]  QQ-主 正在解析因子: =?utf-8?b?QWxwaGFQaWxvdCDlrp7ml7bkv6Hlj7cgKGFscGhhX3NpZ25hbF90aHJfMjAyNjA4MTRfMTMyMS5qc29uKSBb5Li7UVEt5a+55aSWXQ==?=
[2026-08-14 13:35:38]  发现表格，共 10 行数据
[2026-08-14 13:35:38]  动态索引映射: ['股票代码', '股票名称', '信号', '当前价格', '量比', '来源过滤']
[2026-08-14 13:35:38]  [行1] 解析成功: SHSE.688286 [敏芯股份] BUY @ 50.71 (VR:0.28)
[2026-08-14 13:35:38]  [行2] 解析成功: SHSE.688138 [清溢光电] BUY @ 33.1 (VR:0.85)
[2026-08-14 13:35:38]  [行3] 解析成功: SZSE.300285 [国瓷材料] BUY @ 69.82 (VR:1.03)
[2026-08-14 13:35:38]  [行4] 解析成功: SZSE.301392 [汇成真空] SELL @ 164.33 (VR:0.82)
[2026-08-14 13:35:38]  [行5] 解析成功: SZSE.300420 [五洋自控] SELL @ 7.78 (VR:0.64)
[2026-08-14 13:35:38]  [行6] 解析成功: SHSE.688286 [敏芯股份] BUY @ 50.8 (VR:0.19)
[2026-08-14 13:35:38]  [行7] 解析成功: SHSE.688138 [清溢光电] BUY @ 33.13 (VR:0.1)
[2026-08-14 13:35:38]  [行8] 解析成功: SZSE.300285 [国瓷材料] BUY @ 69.86 (VR:0.42)
[2026-08-14 13:35:38]  [行9] 解析成功: SZSE.301392 [汇成真空] SELL @ 164.24 (VR:0.52)
[2026-08-14 13:35:38]  [行10] 解析成功: SZSE.300420 [五洋自控] SELL @ 7.76 (VR:0.23)
[2026-08-14 13:35:38] 成功保存 10 条因子至: signal_batch_20260814_133538_247769.txt
[2026-08-14 13:35:38]  QQ-主 邮件 6310 处理完成
[2026-08-14 13:35:38]  QQ-主 正在解析因子: =?utf-8?b?QWxwaGFQaWxvdCDlrp7ml7bkv6Hlj7cgKGFscGhhX3NpZ25hbF90aHJfMjAyNjA4MTRfMTMyMy5qc29uKSBb5Li7UVEt5a+55aSWXQ==?=
[2026-08-14 13:35:38]  发现表格，共 8 行数据
[2026-08-14 13:35:38]  动态索引映射: ['股票代码', '股票名称', '信号', '当前价格', '量比', '来源过滤']
[2026-08-14 13:35:38]  [行1] 解析成功: SHSE.688110 [东芯股份] SELL @ 114.47 (VR:0.23)
[2026-08-14 13:35:38]  [行2] 解析成功: SHSE.688521 [芯原股份] SELL @ 204.56 (VR:0.24)
[2026-08-14 13:35:38]  [行3] 解析成功: SZSE.300689 [澄天伟业] BUY @ 52.6 (VR:0.86)
[2026-08-14 13:35:38]  [行4] 解析成功: SZSE.002718 [友邦吊顶] BUY @ 85.5 (VR:0.27)
[2026-08-14 13:35:38]  [行5] 解析成功: SHSE.688110 [东芯股份] SELL @ 114.3 (VR:0.07)
[2026-08-14 13:35:38]  [行6] 解析成功: SHSE.688521 [芯原股份] SELL @ 204.0 (VR:0.55)
[2026-08-14 13:35:38]  [行7] 解析成功: SZSE.300689 [澄天伟业] BUY @ 52.61 (VR:0.26)
[2026-08-14 13:35:38]  [行8] 解析成功: SZSE.002718 [友邦吊顶] BUY @ 85.55 (VR:0.33)
[2026-08-14 13:35:38] 成功保存 8 条因子至: signal_batch_20260814_133538_552468.txt
[2026-08-14 13:35:38]  QQ-主 邮件 6311 处理完成
[2026-08-14 13:35:38]  QQ-主 正在解析因子: =?utf-8?b?QWxwaGFQaWxvdCDlrp7ml7bkv6Hlj7cgKGFscGhhX3NpZ25hbF90aHJfMjAyNjA4MTRfMTMyMy5qc29uKSBb5Li7UVEt5a+55aSWXQ==?=
[2026-08-14 13:35:38]  发现表格，共 8 行数据
[2026-08-14 13:35:38]  动态索引映射: ['股票代码', '股票名称', '信号', '当前价格', '量比', '来源过滤']
[2026-08-14 13:35:38]  [行1] 解析成功: SHSE.688110 [东芯股份] SELL @ 114.47 (VR:0.23)
[2026-08-14 13:35:38]  [行2] 解析成功: SHSE.688521 [芯原股份] SELL @ 204.56 (VR:0.24)
[2026-08-14 13:35:38]  [行3] 解析成功: SZSE.300689 [澄天伟业] BUY @ 52.6 (VR:0.86)
[2026-08-14 13:35:38]  [行4] 解析成功: SZSE.002718 [友邦吊顶] BUY @ 85.5 (VR:0.27)
[2026-08-14 13:35:38]  [行5] 解析成功: SHSE.688110 [东芯股份] SELL @ 114.3 (VR:0.07)
[2026-08-14 13:35:38]  [行6] 解析成功: SHSE.688521 [芯原股份] SELL @ 204.0 (VR:0.55)
[2026-08-14 13:35:38]  [行7] 解析成功: SZSE.300689 [澄天伟业] BUY @ 52.61 (VR:0.26)
[2026-08-14 13:35:38]  [行8] 解析成功: SZSE.002718 [友邦吊顶] BUY @ 85.55 (VR:0.33)
[2026-08-14 13:35:38] 本批信号内容已存在（哈希重复），跳过保存（防双邮箱重复）
[2026-08-14 13:35:38]  QQ-主 邮件 6312 保存因子失败
[2026-08-14 13:35:38]  QQ-主 正在解析因子: =?utf-8?b?QWxwaGFQaWxvdCDlrp7ml7bkv6Hlj7cgKGFscGhhX3NpZ25hbF90aHJfMjAyNjA4MTRfMTMyNS5qc29uKSBb5Li7UVEt5a+55aSWXQ==?=
[2026-08-14 13:35:38]  发现表格，共 4 行数据
[2026-08-14 13:35:38]  动态索引映射: ['股票代码', '股票名称', '信号', '当前价格', '量比', '来源过滤']
[2026-08-14 13:35:38]  [行1] 解析成功: SHSE.600353 [旭光电子] BUY @ 29.8 (VR:0.96)
[2026-08-14 13:35:38]  [行2] 解析成功: SZSE.000510 [新金路] BUY @ 16.5 (VR:0.09)
[2026-08-14 13:35:38]  [行3] 解析成功: SHSE.600353 [旭光电子] BUY @ 29.85 (VR:1.53)
[2026-08-14 13:35:38]  [行4] 解析成功: SZSE.000510 [新金路] BUY @ 16.51 (VR:0.03)
[2026-08-14 13:35:38] 成功保存 4 条因子至: signal_batch_20260814_133538_918654.txt
[2026-08-14 13:35:39]  QQ-主 邮件 6313 处理完成
[2026-08-14 13:35:39]  QQ-主 正在解析因子: =?utf-8?b?QWxwaGFQaWxvdCDlrp7ml7bkv6Hlj7cgKGFscGhhX3NpZ25hbF90aHJfMjAyNjA4MTRfMTMyNS5qc29uKSBb5Li7UVEt5a+55aSWXQ==?=
[2026-08-14 13:35:39]  发现表格，共 4 行数据
[2026-08-14 13:35:39]  动态索引映射: ['股票代码', '股票名称', '信号', '当前价格', '量比', '来源过滤']
[2026-08-14 13:35:39]  [行1] 解析成功: SHSE.600353 [旭光电子] BUY @ 29.8 (VR:0.96)
[2026-08-14 13:35:39]  [行2] 解析成功: SZSE.000510 [新金路] BUY @ 16.5 (VR:0.09)
[2026-08-14 13:35:39]  [行3] 解析成功: SHSE.600353 [旭光电子] BUY @ 29.85 (VR:1.53)
[2026-08-14 13:35:39]  [行4] 解析成功: SZSE.000510 [新金路] BUY @ 16.51 (VR:0.03)
[2026-08-14 13:35:39] 成功保存 4 条因子至: signal_batch_20260814_133539_182270.txt
[2026-08-14 13:35:39]  QQ-主 邮件 6314 处理完成
[2026-08-14 13:35:39]  QQ-主 正在解析因子: =?utf-8?b?QWxwaGFQaWxvdCDlrp7ml7bkv6Hlj7cgKGFscGhhX3NpZ25hbF90aHJfMjAyNjA4MTRfMTMyOC5qc29uKSBb5Li7UVEt5a+55aSWXQ==?=
[2026-08-14 13:35:39]  发现表格，共 18 行数据
[2026-08-14 13:35:39]  动态索引映射: ['股票代码', '股票名称', '信号', '当前价格', '量比', '来源过滤']
[2026-08-14 13:35:39]  [行1] 解析成功: SHSE.603773 [沃格光电] BUY @ 92.69 (VR:0.09)
[2026-08-14 13:35:39]  [行2] 解析成功: SHSE.605111 [新洁能] BUY @ 56.71 (VR:0.34)
[2026-08-14 13:35:39]  [行3] 解析成功: SHSE.600460 [士兰微] BUY @ 32.14 (VR:0.24)
[2026-08-14 13:35:39]  [行4] 解析成功: SZSE.002552 [宝鼎科技] BUY @ 57.65 (VR:0.32)
[2026-08-14 13:35:39]  [行5] 解析成功: SZSE.003031 [中瓷电子] BUY @ 124.42 (VR:0.35)
[2026-08-14 13:35:39]  [行6] 解析成功: SZSE.002937 [兴瑞科技] BUY @ 29.09 (VR:0.04)
[2026-08-14 13:35:39]  [行7] 解析成功: SZSE.000920 [沃顿科技] BUY @ 11.61 (VR:0.2)
[2026-08-14 13:35:39]  [行8] 解析成功: SZSE.300607 [拓斯达] BUY @ 34.04 (VR:0.49)
[2026-08-14 13:35:39]  [行9] 解析成功: SZSE.301070 [开勒股份] BUY @ 65.34 (VR:0.26)
[2026-08-14 13:35:39]  [行10] 解析成功: SHSE.603773 [沃格光电] BUY @ 92.98 (VR:0.01)
[2026-08-14 13:35:39]  [行11] 解析成功: SHSE.605111 [新洁能] BUY @ 56.81 (VR:0.07)
[2026-08-14 13:35:39]  [行12] 解析成功: SHSE.600460 [士兰微] BUY @ 32.24 (VR:0.41)
[2026-08-14 13:35:39]  [行13] 解析成功: SZSE.002552 [宝鼎科技] BUY @ 57.7 (VR:0.48)
[2026-08-14 13:35:39]  [行14] 解析成功: SZSE.003031 [中瓷电子] BUY @ 124.73 (VR:0.85)
[2026-08-14 13:35:39]  [行15] 解析成功: SZSE.002937 [兴瑞科技] BUY @ 29.13 (VR:0.06)
[2026-08-14 13:35:39]  [行16] 解析成功: SZSE.000920 [沃顿科技] BUY @ 11.63 (VR:0.08)
[2026-08-14 13:35:39]  [行17] 解析成功: SZSE.300607 [拓斯达] BUY @ 34.05 (VR:0.8)
[2026-08-14 13:35:39]  [行18] 解析成功: SZSE.301070 [开勒股份] BUY @ 65.38 (VR:0.56)
[2026-08-14 13:35:39] 成功保存 18 条因子至: signal_batch_20260814_133539_423585.txt
[2026-08-14 13:35:39]  QQ-主 邮件 6315 处理完成
[2026-08-14 13:35:39]  QQ-主 正在解析因子: =?utf-8?b?QWxwaGFQaWxvdCDlrp7ml7bkv6Hlj7cgKGFscGhhX3NpZ25hbF90aHJfMjAyNjA4MTRfMTMyOC5qc29uKSBb5Li7UVEt5a+55aSWXQ==?=
[2026-08-14 13:35:39]  发现表格，共 18 行数据
[2026-08-14 13:35:39]  动态索引映射: ['股票代码', '股票名称', '信号', '当前价格', '量比', '来源过滤']
[2026-08-14 13:35:39]  [行1] 解析成功: SHSE.603773 [沃格光电] BUY @ 92.69 (VR:0.09)
[2026-08-14 13:35:39]  [行2] 解析成功: SHSE.605111 [新洁能] BUY @ 56.71 (VR:0.34)
[2026-08-14 13:35:39]  [行3] 解析成功: SHSE.600460 [士兰微] BUY @ 32.14 (VR:0.24)
[2026-08-14 13:35:39]  [行4] 解析成功: SZSE.002552 [宝鼎科技] BUY @ 57.65 (VR:0.32)
[2026-08-14 13:35:39]  [行5] 解析成功: SZSE.003031 [中瓷电子] BUY @ 124.42 (VR:0.35)
[2026-08-14 13:35:39]  [行6] 解析成功: SZSE.002937 [兴瑞科技] BUY @ 29.09 (VR:0.04)
[2026-08-14 13:35:39]  [行7] 解析成功: SZSE.000920 [沃顿科技] BUY @ 11.61 (VR:0.2)
[2026-08-14 13:35:39]  [行8] 解析成功: SZSE.300607 [拓斯达] BUY @ 34.04 (VR:0.49)
[2026-08-14 13:35:39]  [行9] 解析成功: SZSE.301070 [开勒股份] BUY @ 65.34 (VR:0.26)
[2026-08-14 13:35:39]  [行10] 解析成功: SHSE.603773 [沃格光电] BUY @ 92.98 (VR:0.01)
[2026-08-14 13:35:39]  [行11] 解析成功: SHSE.605111 [新洁能] BUY @ 56.81 (VR:0.07)
[2026-08-14 13:35:39]  [行12] 解析成功: SHSE.600460 [士兰微] BUY @ 32.24 (VR:0.41)
[2026-08-14 13:35:39]  [行13] 解析成功: SZSE.002552 [宝鼎科技] BUY @ 57.7 (VR:0.48)
[2026-08-14 13:35:39]  [行14] 解析成功: SZSE.003031 [中瓷电子] BUY @ 124.73 (VR:0.85)
[2026-08-14 13:35:39]  [行15] 解析成功: SZSE.002937 [兴瑞科技] BUY @ 29.13 (VR:0.06)
[2026-08-14 13:35:39]  [行16] 解析成功: SZSE.000920 [沃顿科技] BUY @ 11.63 (VR:0.08)
[2026-08-14 13:35:39]  [行17] 解析成功: SZSE.300607 [拓斯达] BUY @ 34.05 (VR:0.8)
[2026-08-14 13:35:39]  [行18] 解析成功: SZSE.301070 [开勒股份] BUY @ 65.38 (VR:0.56)
[2026-08-14 13:35:39] 本批信号内容已存在（哈希重复），跳过保存（防双邮箱重复）
[2026-08-14 13:35:39]  QQ-主 邮件 6316 保存因子失败
[2026-08-14 13:35:39]  QQ-主 正在解析因子: =?utf-8?b?QWxwaGFQaWxvdCDlrp7ml7bkv6Hlj7cgKGFscGhhX3NpZ25hbF90aHJfMjAyNjA4MTRfMTMzMC5qc29uKSBb5Li7UVEt5a+55aSWXQ==?=
[2026-08-14 13:35:39]  发现表格，共 12 行数据
[2026-08-14 13:35:39]  动态索引映射: ['股票代码', '股票名称', '信号', '当前价格', '量比', '来源过滤']
[2026-08-14 13:35:39]  [行1] 解析成功: SHSE.688261 [东微半导] BUY @ 69.85 (VR:0.88)
[2026-08-14 13:35:39]  [行2] 解析成功: SZSE.300136 [信维通信] BUY @ 66.78 (VR:0.25)
[2026-08-14 13:35:39]  [行3] 解析成功: SZSE.300236 [上海新阳] BUY @ 93.01 (VR:0.19)
[2026-08-14 13:35:39]  [行4] 解析成功: SZSE.300767 [震安科技] BUY @ 18.37 (VR:0.1)
[2026-08-14 13:35:39]  [行5] 解析成功: SZSE.002456 [欧菲光] BUY @ 7.24 (VR:0.03)
[2026-08-14 13:35:39]  [行6] 解析成功: SZSE.002635 [安洁科技] BUY @ 15.7 (VR:0.07)
[2026-08-14 13:35:39]  [行7] 解析成功: SHSE.688261 [东微半导] BUY @ 70.04 (VR:0.21)
[2026-08-14 13:35:39]  [行8] 解析成功: SZSE.300136 [信维通信] BUY @ 67.0 (VR:0.3)
[2026-08-14 13:35:39]  [行9] 解析成功: SZSE.300236 [上海新阳] BUY @ 93.08 (VR:0.08)
[2026-08-14 13:35:39]  [行10] 解析成功: SZSE.300767 [震安科技] BUY @ 18.38 (VR:0.0)
[2026-08-14 13:35:39]  [行11] 解析成功: SZSE.002456 [欧菲光] BUY @ 7.25 (VR:0.48)
[2026-08-14 13:35:39]  [行12] 解析成功: SZSE.002635 [安洁科技] BUY @ 15.72 (VR:0.09)
[2026-08-14 13:35:39] 成功保存 12 条因子至: signal_batch_20260814_133539_823552.txt
[2026-08-14 13:35:39]  QQ-主 邮件 6317 处理完成
[2026-08-14 13:35:40]  QQ-主 正在解析因子: =?utf-8?b?QWxwaGFQaWxvdCDlrp7ml7bkv6Hlj7cgKGFscGhhX3NpZ25hbF90aHJfMjAyNjA4MTRfMTMzMC5qc29uKSBb5Li7UVEt5a+55aSWXQ==?=
[2026-08-14 13:35:40]  发现表格，共 12 行数据
[2026-08-14 13:35:40]  动态索引映射: ['股票代码', '股票名称', '信号', '当前价格', '量比', '来源过滤']
[2026-08-14 13:35:40]  [行1] 解析成功: SHSE.688261 [东微半导] BUY @ 69.85 (VR:0.88)
[2026-08-14 13:35:40]  [行2] 解析成功: SZSE.300136 [信维通信] BUY @ 66.78 (VR:0.25)
[2026-08-14 13:35:40]  [行3] 解析成功: SZSE.300236 [上海新阳] BUY @ 93.01 (VR:0.19)
[2026-08-14 13:35:40]  [行4] 解析成功: SZSE.300767 [震安科技] BUY @ 18.37 (VR:0.1)
[2026-08-14 13:35:40]  [行5] 解析成功: SZSE.002456 [欧菲光] BUY @ 7.24 (VR:0.03)
[2026-08-14 13:35:40]  [行6] 解析成功: SZSE.002635 [安洁科技] BUY @ 15.7 (VR:0.07)
[2026-08-14 13:35:40]  [行7] 解析成功: SHSE.688261 [东微半导] BUY @ 70.04 (VR:0.21)
[2026-08-14 13:35:40]  [行8] 解析成功: SZSE.300136 [信维通信] BUY @ 67.0 (VR:0.3)
[2026-08-14 13:35:40]  [行9] 解析成功: SZSE.300236 [上海新阳] BUY @ 93.08 (VR:0.08)
[2026-08-14 13:35:40]  [行10] 解析成功: SZSE.300767 [震安科技] BUY @ 18.38 (VR:0.0)
[2026-08-14 13:35:40]  [行11] 解析成功: SZSE.002456 [欧菲光] BUY @ 7.25 (VR:0.48)
[2026-08-14 13:35:40]  [行12] 解析成功: SZSE.002635 [安洁科技] BUY @ 15.72 (VR:0.09)
[2026-08-14 13:35:40] 成功保存 12 条因子至: signal_batch_20260814_133540_186741.txt
[2026-08-14 13:35:40]  QQ-主 邮件 6318 处理完成
[2026-08-14 13:35:40]  QQ-主 正在解析因子: =?utf-8?b?QWxwaGFQaWxvdCDlrp7ml7bkv6Hlj7cgKGFscGhhX3NpZ25hbF90aHJfMjAyNjA4MTRfMTMzMy5qc29uKSBb5Li7UVEt5a+55aSWXQ==?=
[2026-08-14 13:35:40]  发现表格，共 14 行数据
[2026-08-14 13:35:40]  动态索引映射: ['股票代码', '股票名称', '信号', '当前价格', '量比', '来源过滤']
[2026-08-14 13:35:40]  [行1] 解析成功: SHSE.688286 [敏芯股份] BUY @ 50.95 (VR:1.22)
[2026-08-14 13:35:40]  [行2] 解析成功: SHSE.688511 [天微电子] BUY @ 22.94 (VR:0.14)
[2026-08-14 13:35:40]  [行3] 解析成功: SHSE.688216 [气派科技] BUY @ 30.62 (VR:0.15)
[2026-08-14 13:35:40]  [行4] 解析成功: SZSE.301392 [汇成真空] BUY @ 166.28 (VR:0.04)
[2026-08-14 13:35:40]  [行5] 解析成功: SZSE.300088 [长信科技] BUY @ 7.48 (VR:0.11)
[2026-08-14 13:35:40]  [行6] 解析成功: SZSE.300420 [五洋自控] SELL @ 7.81 (VR:0.2)
[2026-08-14 13:35:40]  [行7] 解析成功: SZSE.300661 [圣邦股份] BUY @ 121.6 (VR:0.38)
[2026-08-14 13:35:40]  [行8] 解析成功: SHSE.688286 [敏芯股份] BUY @ 51.17 (VR:1.12)
[2026-08-14 13:35:40]  [行9] 解析成功: SHSE.688511 [天微电子] BUY @ 22.95 (VR:0.28)
[2026-08-14 13:35:40]  [行10] 解析成功: SHSE.688216 [气派科技] BUY @ 30.65 (VR:0.25)
[2026-08-14 13:35:40]  [行11] 解析成功: SZSE.301392 [汇成真空] BUY @ 166.89 (VR:0.05)
[2026-08-14 13:35:40]  [行12] 解析成功: SZSE.300088 [长信科技] BUY @ 7.5 (VR:0.05)
[2026-08-14 13:35:40]  [行13] 解析成功: SZSE.300420 [五洋自控] SELL @ 7.79 (VR:0.12)
[2026-08-14 13:35:40]  [行14] 解析成功: SZSE.300661 [圣邦股份] BUY @ 122.07 (VR:1.71)
[2026-08-14 13:35:40] 成功保存 14 条因子至: signal_batch_20260814_133540_452429.txt
[2026-08-14 13:35:40]  QQ-主 邮件 6319 处理完成
[2026-08-14 13:35:40]  QQ-主 正在解析因子: =?utf-8?b?QWxwaGFQaWxvdCDlrp7ml7bkv6Hlj7cgKGFscGhhX3NpZ25hbF90aHJfMjAyNjA4MTRfMTMzMy5qc29uKSBb5Li7UVEt5a+55aSWXQ==?=
[2026-08-14 13:35:40]  发现表格，共 14 行数据
[2026-08-14 13:35:40]  动态索引映射: ['股票代码', '股票名称', '信号', '当前价格', '量比', '来源过滤']
[2026-08-14 13:35:40]  [行1] 解析成功: SHSE.688286 [敏芯股份] BUY @ 50.95 (VR:1.22)
[2026-08-14 13:35:40]  [行2] 解析成功: SHSE.688511 [天微电子] BUY @ 22.94 (VR:0.14)
[2026-08-14 13:35:40]  [行3] 解析成功: SHSE.688216 [气派科技] BUY @ 30.62 (VR:0.15)
[2026-08-14 13:35:40]  [行4] 解析成功: SZSE.301392 [汇成真空] BUY @ 166.28 (VR:0.04)
[2026-08-14 13:35:40]  [行5] 解析成功: SZSE.300088 [长信科技] BUY @ 7.48 (VR:0.11)
[2026-08-14 13:35:40]  [行6] 解析成功: SZSE.300420 [五洋自控] SELL @ 7.81 (VR:0.2)
[2026-08-14 13:35:40]  [行7] 解析成功: SZSE.300661 [圣邦股份] BUY @ 121.6 (VR:0.38)
[2026-08-14 13:35:40]  [行8] 解析成功: SHSE.688286 [敏芯股份] BUY @ 51.17 (VR:1.12)
[2026-08-14 13:35:40]  [行9] 解析成功: SHSE.688511 [天微电子] BUY @ 22.95 (VR:0.28)
[2026-08-14 13:35:40]  [行10] 解析成功: SHSE.688216 [气派科技] BUY @ 30.65 (VR:0.25)
[2026-08-14 13:35:40]  [行11] 解析成功: SZSE.301392 [汇成真空] BUY @ 166.89 (VR:0.05)
[2026-08-14 13:35:40]  [行12] 解析成功: SZSE.300088 [长信科技] BUY @ 7.5 (VR:0.05)
[2026-08-14 13:35:40]  [行13] 解析成功: SZSE.300420 [五洋自控] SELL @ 7.79 (VR:0.12)
[2026-08-14 13:35:40]  [行14] 解析成功: SZSE.300661 [圣邦股份] BUY @ 122.07 (VR:1.71)
[2026-08-14 13:35:40] 本批信号内容已存在（哈希重复），跳过保存（防双邮箱重复）
[2026-08-14 13:35:40]  QQ-主 邮件 6320 保存因子失败
[2026-08-14 13:35:40]  QQ-主 本轮共成功处理 79 封有效信号邮件
[2026-08-14 13:35:40]  正在连接 QQ-备用 邮箱服务器 (shouqianbadavid@qq.com) ...
[2026-08-14 13:35:41]  QQ-备用 正在解析因子: =?utf-8?b?QWxwaGFQaWxvdCDlpIfku73kv6Hlj7cgKGFscGhhX3NpZ25hbF90aHJfMjAyNjA4MTRfMDkzNS5qc29uKSBb5aSHUVEt6Ieq5L+dXQ==?=
[2026-08-14 13:35:41]  发现表格，共 18 行数据
[2026-08-14 13:35:41]  动态索引映射: ['股票代码', '股票名称', '信号', '当前价格', '量比', '来源过滤']
[2026-08-14 13:35:41]  [行1] 解析成功: SHSE.600259 [中稀有色] BUY @ 88.93 (VR:0.71)
[2026-08-14 13:35:41]  [行2] 解析成功: SHSE.600909 [华安证券] BUY @ 8.28 (VR:0.32)
[2026-08-14 13:35:41]  [行3] 解析成功: SHSE.600460 [士兰微] SELL @ 32.84 (VR:1.49)
[2026-08-14 13:35:41]  [行4] 解析成功: SZSE.002552 [宝鼎科技] SELL @ 59.63 (VR:0.18)
[2026-08-14 13:35:41]  [行5] 解析成功: SZSE.002643 [万润股份] BUY @ 13.96 (VR:0.11)
[2026-08-14 13:35:41]  [行6] 解析成功: SZSE.000920 [沃顿科技] SELL @ 11.58 (VR:0.12)
[2026-08-14 13:35:41]  [行7] 解析成功: SZSE.000823 [超声电子] BUY @ 14.65 (VR:0.68)
[2026-08-14 13:35:41]  [行8] 解析成功: SZSE.300607 [拓斯达] BUY @ 34.13 (VR:1.32)
[2026-08-14 13:35:41]  [行9] 解析成功: SZSE.301070 [开勒股份] BUY @ 64.5 (VR:0.56)
[2026-08-14 13:35:41]  [行10] 解析成功: SHSE.603773 [沃格光电] SELL @ 94.3 (VR:1.15)
[2026-08-14 13:35:41]  [行11] 解析成功: SHSE.600259 [中稀有色] BUY @ 89.81 (VR:0.21)
[2026-08-14 13:35:41]  [行12] 解析成功: SHSE.600909 [华安证券] BUY @ 8.3 (VR:0.01)
[2026-08-14 13:35:41]  [行13] 解析成功: SHSE.600460 [士兰微] SELL @ 32.69 (VR:0.42)
[2026-08-14 13:35:41]  [行14] 解析成功: SZSE.002552 [宝鼎科技] SELL @ 59.1 (VR:1.45)
[2026-08-14 13:35:41]  [行15] 解析成功: SZSE.002643 [万润股份] BUY @ 13.97 (VR:0.19)
[2026-08-14 13:35:41]  [行16] 解析成功: SZSE.000823 [超声电子] BUY @ 14.71 (VR:0.12)
[2026-08-14 13:35:41]  [行17] 解析成功: SZSE.300607 [拓斯达] BUY @ 34.42 (VR:0.21)
[2026-08-14 13:35:41]  [行18] 解析成功: SZSE.301070 [开勒股份] BUY @ 64.95 (VR:0.31)
[2026-08-14 13:35:41] 成功保存 18 条因子至: signal_batch_20260814_133541_753372.txt
[2026-08-14 13:35:41]  QQ-备用 邮件 3853 处理完成
[2026-08-14 13:35:42]  QQ-备用 正在解析因子: =?utf-8?b?QWxwaGFQaWxvdCDlpIfku73kv6Hlj7cgKGFscGhhX3NpZ25hbF90aHJfMjAyNjA4MTRfMDkzNS5qc29uKSBb5aSHUVEt6Ieq5L+dXQ==?=
[2026-08-14 13:35:42]  发现表格，共 18 行数据
[2026-08-14 13:35:42]  动态索引映射: ['股票代码', '股票名称', '信号', '当前价格', '量比', '来源过滤']
[2026-08-14 13:35:42]  [行1] 解析成功: SHSE.600259 [中稀有色] BUY @ 88.93 (VR:0.71)
[2026-08-14 13:35:42]  [行2] 解析成功: SHSE.600909 [华安证券] BUY @ 8.28 (VR:0.32)
[2026-08-14 13:35:42]  [行3] 解析成功: SHSE.600460 [士兰微] SELL @ 32.84 (VR:1.49)
[2026-08-14 13:35:42]  [行4] 解析成功: SZSE.002552 [宝鼎科技] SELL @ 59.63 (VR:0.18)
[2026-08-14 13:35:42]  [行5] 解析成功: SZSE.002643 [万润股份] BUY @ 13.96 (VR:0.11)
[2026-08-14 13:35:42]  [行6] 解析成功: SZSE.000920 [沃顿科技] SELL @ 11.58 (VR:0.12)
[2026-08-14 13:35:42]  [行7] 解析成功: SZSE.000823 [超声电子] BUY @ 14.65 (VR:0.68)
[2026-08-14 13:35:42]  [行8] 解析成功: SZSE.300607 [拓斯达] BUY @ 34.13 (VR:1.32)
[2026-08-14 13:35:42]  [行9] 解析成功: SZSE.301070 [开勒股份] BUY @ 64.5 (VR:0.56)
[2026-08-14 13:35:42]  [行10] 解析成功: SHSE.603773 [沃格光电] SELL @ 94.3 (VR:1.15)
[2026-08-14 13:35:42]  [行11] 解析成功: SHSE.600259 [中稀有色] BUY @ 89.81 (VR:0.21)
[2026-08-14 13:35:42]  [行12] 解析成功: SHSE.600909 [华安证券] BUY @ 8.3 (VR:0.01)
[2026-08-14 13:35:42]  [行13] 解析成功: SHSE.600460 [士兰微] SELL @ 32.69 (VR:0.42)
[2026-08-14 13:35:42]  [行14] 解析成功: SZSE.002552 [宝鼎科技] SELL @ 59.1 (VR:1.45)
[2026-08-14 13:35:42]  [行15] 解析成功: SZSE.002643 [万润股份] BUY @ 13.97 (VR:0.19)
[2026-08-14 13:35:42]  [行16] 解析成功: SZSE.000823 [超声电子] BUY @ 14.71 (VR:0.12)
[2026-08-14 13:35:42]  [行17] 解析成功: SZSE.300607 [拓斯达] BUY @ 34.42 (VR:0.21)
[2026-08-14 13:35:42]  [行18] 解析成功: SZSE.301070 [开勒股份] BUY @ 64.95 (VR:0.31)
[2026-08-14 13:35:42] 成功保存 18 条因子至: signal_batch_20260814_133542_060087.txt
[2026-08-14 13:35:42]  QQ-备用 邮件 3854 处理完成
[2026-08-14 13:35:42]  QQ-备用 正在解析因子: =?utf-8?b?QWxwaGFQaWxvdCDlpIfku73kv6Hlj7cgKGFscGhhX3NpZ25hbF90aHJfMjAyNjA4MTRfMDkzOS5qc29uKSBb5aSHUVEt6Ieq5L+dXQ==?=
[2026-08-14 13:35:42]  发现表格，共 15 行数据
[2026-08-14 13:35:42]  动态索引映射: ['股票代码', '股票名称', '信号', '当前价格', '量比', '来源过滤']
[2026-08-14 13:35:42]  [行1] 解析成功: SHSE.688019 [安集科技] BUY @ 247.39 (VR:0.14)
[2026-08-14 13:35:42]  [行2] 解析成功: SHSE.688261 [东微半导] SELL @ 72.8 (VR:0.25)
[2026-08-14 13:35:42]  [行3] 解析成功: SZSE.300136 [信维通信] BUY @ 67.85 (VR:0.31)
[2026-08-14 13:35:42]  [行4] 解析成功: SZSE.300821 [东岳硅材] BUY @ 16.63 (VR:0.2)
[2026-08-14 13:35:42]  [行5] 解析成功: SZSE.300236 [上海新阳] BUY @ 92.56 (VR:0.11)
[2026-08-14 13:35:42]  [行6] 解析成功: SZSE.300767 [震安科技] SELL @ 18.64 (VR:0.43)
[2026-08-14 13:35:42]  [行7] 解析成功: SZSE.002158 [汉钟精机] SELL @ 28.23 (VR:0.25)
[2026-08-14 13:35:42]  [行8] 解析成功: SZSE.002635 [安洁科技] BUY @ 15.9 (VR:0.19)
[2026-08-14 13:35:42]  [行9] 解析成功: SHSE.688261 [东微半导] SELL @ 72.6 (VR:0.17)
[2026-08-14 13:35:42]  [行10] 解析成功: SZSE.300136 [信维通信] BUY @ 67.9 (VR:0.38)
[2026-08-14 13:35:42]  [行11] 解析成功: SZSE.300821 [东岳硅材] BUY @ 16.67 (VR:0.39)
[2026-08-14 13:35:42]  [行12] 解析成功: SZSE.300236 [上海新阳] BUY @ 93.0 (VR:0.35)
[2026-08-14 13:35:42]  [行13] 解析成功: SZSE.300767 [震安科技] SELL @ 18.53 (VR:0.0)
[2026-08-14 13:35:42]  [行14] 解析成功: SZSE.002158 [汉钟精机] SELL @ 28.22 (VR:0.01)
[2026-08-14 13:35:42]  [行15] 解析成功: SZSE.002635 [安洁科技] BUY @ 15.91 (VR:0.28)
[2026-08-14 13:35:42] 成功保存 15 条因子至: signal_batch_20260814_133542_351670.txt
[2026-08-14 13:35:42]  QQ-备用 邮件 3855 处理完成
[2026-08-14 13:35:42]  QQ-备用 正在解析因子: =?utf-8?b?QWxwaGFQaWxvdCDlpIfku73kv6Hlj7cgKGFscGhhX3NpZ25hbF90aHJfMjAyNjA4MTRfMDkzOS5qc29uKSBb5aSHUVEt6Ieq5L+dXQ==?=
[2026-08-14 13:35:42]  发现表格，共 15 行数据
[2026-08-14 13:35:42]  动态索引映射: ['股票代码', '股票名称', '信号', '当前价格', '量比', '来源过滤']
[2026-08-14 13:35:42]  [行1] 解析成功: SHSE.688019 [安集科技] BUY @ 247.39 (VR:0.14)
[2026-08-14 13:35:42]  [行2] 解析成功: SHSE.688261 [东微半导] SELL @ 72.8 (VR:0.25)
[2026-08-14 13:35:42]  [行3] 解析成功: SZSE.300136 [信维通信] BUY @ 67.85 (VR:0.31)
[2026-08-14 13:35:42]  [行4] 解析成功: SZSE.300821 [东岳硅材] BUY @ 16.63 (VR:0.2)
[2026-08-14 13:35:42]  [行5] 解析成功: SZSE.300236 [上海新阳] BUY @ 92.56 (VR:0.11)
[2026-08-14 13:35:42]  [行6] 解析成功: SZSE.300767 [震安科技] SELL @ 18.64 (VR:0.43)
[2026-08-14 13:35:42]  [行7] 解析成功: SZSE.002158 [汉钟精机] SELL @ 28.23 (VR:0.25)
[2026-08-14 13:35:42]  [行8] 解析成功: SZSE.002635 [安洁科技] BUY @ 15.9 (VR:0.19)
[2026-08-14 13:35:42]  [行9] 解析成功: SHSE.688261 [东微半导] SELL @ 72.6 (VR:0.17)
[2026-08-14 13:35:42]  [行10] 解析成功: SZSE.300136 [信维通信] BUY @ 67.9 (VR:0.38)
[2026-08-14 13:35:42]  [行11] 解析成功: SZSE.300821 [东岳硅材] BUY @ 16.67 (VR:0.39)
[2026-08-14 13:35:42]  [行12] 解析成功: SZSE.300236 [上海新阳] BUY @ 93.0 (VR:0.35)
[2026-08-14 13:35:42]  [行13] 解析成功: SZSE.300767 [震安科技] SELL @ 18.53 (VR:0.0)
[2026-08-14 13:35:42]  [行14] 解析成功: SZSE.002158 [汉钟精机] SELL @ 28.22 (VR:0.01)
[2026-08-14 13:35:42]  [行15] 解析成功: SZSE.002635 [安洁科技] BUY @ 15.91 (VR:0.28)
[2026-08-14 13:35:42] 本批信号内容已存在（哈希重复），跳过保存（防双邮箱重复）
[2026-08-14 13:35:42]  QQ-备用 邮件 3856 保存因子失败
[2026-08-14 13:35:42]  QQ-备用 正在解析因子: =?utf-8?b?QWxwaGFQaWxvdCDlpIfku73kv6Hlj7cgKGFscGhhX3NpZ25hbF90aHJfMjAyNjA4MTRfMDk0My5qc29uKSBb5aSHUVEt6Ieq5L+dXQ==?=
[2026-08-14 13:35:42]  发现表格，共 17 行数据
[2026-08-14 13:35:42]  动态索引映射: ['股票代码', '股票名称', '信号', '当前价格', '量比', '来源过滤']
[2026-08-14 13:35:42]  [行1] 解析成功: SHSE.688286 [敏芯股份] BUY @ 45.81 (VR:0.52)
[2026-08-14 13:35:42]  [行2] 解析成功: SHSE.688721 [龙图光罩] SELL @ 41.32 (VR:0.29)
[2026-08-14 13:35:42]  [行3] 解析成功: SHSE.688249 [晶合集成] SELL @ 40.17 (VR:0.22)
[2026-08-14 13:35:42]  [行4] 解析成功: SHSE.688138 [清溢光电] BUY @ 33.88 (VR:0.69)
[2026-08-14 13:35:42]  [行5] 解析成功: SZSE.301392 [汇成真空] SELL @ 169.64 (VR:0.32)
[2026-08-14 13:35:42]  [行6] 解析成功: SZSE.300214 [日科化学] SELL @ 12.03 (VR:0.26)
[2026-08-14 13:35:42]  [行7] 解析成功: SZSE.300088 [长信科技] SELL @ 7.58 (VR:1.0)
[2026-08-14 13:35:42]  [行8] 解析成功: SZSE.300420 [五洋自控] SELL @ 7.97 (VR:0.71)
[2026-08-14 13:35:42]  [行9] 解析成功: SZSE.300661 [圣邦股份] SELL @ 119.24 (VR:0.67)
[2026-08-14 13:35:42]  [行10] 解析成功: SHSE.688286 [敏芯股份] BUY @ 45.89 (VR:0.17)
[2026-08-14 13:35:42]  [行11] 解析成功: SHSE.688721 [龙图光罩] SELL @ 41.05 (VR:0.68)
[2026-08-14 13:35:42]  [行12] 解析成功: SHSE.688249 [晶合集成] SELL @ 39.98 (VR:0.28)
[2026-08-14 13:35:42]  [行13] 解析成功: SZSE.301392 [汇成真空] SELL @ 168.79 (VR:0.39)
[2026-08-14 13:35:42]  [行14] 解析成功: SZSE.300214 [日科化学] SELL @ 11.97 (VR:0.87)
[2026-08-14 13:35:42]  [行15] 解析成功: SZSE.300088 [长信科技] SELL @ 7.57 (VR:0.46)
[2026-08-14 13:35:42]  [行16] 解析成功: SZSE.300420 [五洋自控] SELL @ 7.96 (VR:1.33)
[2026-08-14 13:35:42]  [行17] 解析成功: SZSE.300661 [圣邦股份] SELL @ 118.41 (VR:0.3)
[2026-08-14 13:35:42] 成功保存 17 条因子至: signal_batch_20260814_133542_873657.txt
[2026-08-14 13:35:43]  QQ-备用 邮件 3857 处理完成
[2026-08-14 13:35:43]  QQ-备用 正在解析因子: =?utf-8?b?QWxwaGFQaWxvdCDlpIfku73kv6Hlj7cgKGFscGhhX3NpZ25hbF90aHJfMjAyNjA4MTRfMDk0My5qc29uKSBb5aSHUVEt6Ieq5L+dXQ==?=
[2026-08-14 13:35:43]  发现表格，共 17 行数据
[2026-08-14 13:35:43]  动态索引映射: ['股票代码', '股票名称', '信号', '当前价格', '量比', '来源过滤']
[2026-08-14 13:35:43]  [行1] 解析成功: SHSE.688286 [敏芯股份] BUY @ 45.81 (VR:0.52)
[2026-08-14 13:35:43]  [行2] 解析成功: SHSE.688721 [龙图光罩] SELL @ 41.32 (VR:0.29)
[2026-08-14 13:35:43]  [行3] 解析成功: SHSE.688249 [晶合集成] SELL @ 40.17 (VR:0.22)
[2026-08-14 13:35:43]  [行4] 解析成功: SHSE.688138 [清溢光电] BUY @ 33.88 (VR:0.69)
[2026-08-14 13:35:43]  [行5] 解析成功: SZSE.301392 [汇成真空] SELL @ 169.64 (VR:0.32)
[2026-08-14 13:35:43]  [行6] 解析成功: SZSE.300214 [日科化学] SELL @ 12.03 (VR:0.26)
[2026-08-14 13:35:43]  [行7] 解析成功: SZSE.300088 [长信科技] SELL @ 7.58 (VR:1.0)
[2026-08-14 13:35:43]  [行8] 解析成功: SZSE.300420 [五洋自控] SELL @ 7.97 (VR:0.71)
[2026-08-14 13:35:43]  [行9] 解析成功: SZSE.300661 [圣邦股份] SELL @ 119.24 (VR:0.67)
[2026-08-14 13:35:43]  [行10] 解析成功: SHSE.688286 [敏芯股份] BUY @ 45.89 (VR:0.17)
[2026-08-14 13:35:43]  [行11] 解析成功: SHSE.688721 [龙图光罩] SELL @ 41.05 (VR:0.68)
[2026-08-14 13:35:43]  [行12] 解析成功: SHSE.688249 [晶合集成] SELL @ 39.98 (VR:0.28)
[2026-08-14 13:35:43]  [行13] 解析成功: SZSE.301392 [汇成真空] SELL @ 168.79 (VR:0.39)
[2026-08-14 13:35:43]  [行14] 解析成功: SZSE.300214 [日科化学] SELL @ 11.97 (VR:0.87)
[2026-08-14 13:35:43]  [行15] 解析成功: SZSE.300088 [长信科技] SELL @ 7.57 (VR:0.46)
[2026-08-14 13:35:43]  [行16] 解析成功: SZSE.300420 [五洋自控] SELL @ 7.96 (VR:1.33)
[2026-08-14 13:35:43]  [行17] 解析成功: SZSE.300661 [圣邦股份] SELL @ 118.41 (VR:0.3)
[2026-08-14 13:35:43] 成功保存 17 条因子至: signal_batch_20260814_133543_163768.txt
[2026-08-14 13:35:43]  QQ-备用 邮件 3858 处理完成
[2026-08-14 13:35:43]  QQ-备用 正在解析因子: =?utf-8?b?QWxwaGFQaWxvdCDlpIfku73kv6Hlj7cgKGFscGhhX3NpZ25hbF90aHJfMjAyNjA4MTRfMDk0Ny5qc29uKSBb5aSHUVEt6Ieq5L+dXQ==?=
[2026-08-14 13:35:43]  发现表格，共 13 行数据
[2026-08-14 13:35:43]  动态索引映射: ['股票代码', '股票名称', '信号', '当前价格', '量比', '来源过滤']
[2026-08-14 13:35:43]  [行1] 解析成功: SHSE.688521 [芯原股份] BUY @ 208.29 (VR:0.57)
[2026-08-14 13:35:43]  [行2] 解析成功: SZSE.300852 [四会富仕] SELL @ 44.84 (VR:0.02)
[2026-08-14 13:35:43]  [行3] 解析成功: SZSE.300689 [澄天伟业] SELL @ 53.85 (VR:0.08)
[2026-08-14 13:35:43]  [行4] 解析成功: SZSE.001339 [智微智能] BUY @ 84.54 (VR:0.89)
[2026-08-14 13:35:43]  [行5] 解析成功: SHSE.688110 [东芯股份] SELL @ 114.88 (VR:0.34)
[2026-08-14 13:35:43]  [行6] 解析成功: SHSE.688102 [斯瑞新材] BUY @ 37.55 (VR:1.2)
[2026-08-14 13:35:43]  [行7] 解析成功: SHSE.688521 [芯原股份] BUY @ 208.64 (VR:0.09)
[2026-08-14 13:35:43]  [行8] 解析成功: SZSE.300852 [四会富仕] SELL @ 44.82 (VR:0.68)
[2026-08-14 13:35:43]  [行9] 解析成功: SZSE.300689 [澄天伟业] SELL @ 53.71 (VR:0.13)
[2026-08-14 13:35:43]  [行10] 解析成功: SZSE.301045 [天禄科技] BUY @ 70.59 (VR:1.21)
[2026-08-14 13:35:43]  [行11] 解析成功: SZSE.300806 [斯迪克] BUY @ 48.9 (VR:0.36)
[2026-08-14 13:35:43]  [行12] 解析成功: SZSE.301013 [利和兴] SELL @ 45.27 (VR:0.58)
[2026-08-14 13:35:43]  [行13] 解析成功: SZSE.001339 [智微智能] BUY @ 84.91 (VR:0.16)
[2026-08-14 13:35:43] 成功保存 13 条因子至: signal_batch_20260814_133543_470719.txt
[2026-08-14 13:35:43]  QQ-备用 邮件 3859 处理完成
[2026-08-14 13:35:44]  QQ-备用 正在解析因子: =?utf-8?b?QWxwaGFQaWxvdCDlpIfku73kv6Hlj7cgKGFscGhhX3NpZ25hbF90aHJfMjAyNjA4MTRfMDk1MC5qc29uKSBb5aSHUVEt6Ieq5L+dXQ==?=
[2026-08-14 13:35:44]  发现表格，共 6 行数据
[2026-08-14 13:35:44]  动态索引映射: ['股票代码', '股票名称', '信号', '当前价格', '量比', '来源过滤']
[2026-08-14 13:35:44]  [行1] 解析成功: SZSE.300720 [海川智能] SELL @ 93.7 (VR:0.29)
[2026-08-14 13:35:44]  [行2] 解析成功: SZSE.000510 [新金路] SELL @ 17.24 (VR:2.66)
[2026-08-14 13:35:44]  [行3] 解析成功: SZSE.301419 [瑞可达] BUY @ 33.84 (VR:4.37)
[2026-08-14 13:35:44]  [行4] 解析成功: SZSE.300720 [海川智能] SELL @ 91.88 (VR:0.49)
[2026-08-14 13:35:44]  [行5] 解析成功: SZSE.000510 [新金路] SELL @ 17.07 (VR:0.22)
[2026-08-14 13:35:44]  [行6] 解析成功: SZSE.301419 [瑞可达] BUY @ 34.01 (VR:6.83)
[2026-08-14 13:35:44] 成功保存 6 条因子至: signal_batch_20260814_133544_080355.txt
[2026-08-14 13:35:44]  QQ-备用 邮件 3861 处理完成
[2026-08-14 13:35:44]  QQ-备用 正在解析因子: =?utf-8?b?QWxwaGFQaWxvdCDlpIfku73kv6Hlj7cgKGFscGhhX3NpZ25hbF90aHJfMjAyNjA4MTRfMDk1MC5qc29uKSBb5aSHUVEt6Ieq5L+dXQ==?=
[2026-08-14 13:35:44]  发现表格，共 6 行数据
[2026-08-14 13:35:44]  动态索引映射: ['股票代码', '股票名称', '信号', '当前价格', '量比', '来源过滤']
[2026-08-14 13:35:44]  [行1] 解析成功: SZSE.300720 [海川智能] SELL @ 93.7 (VR:0.29)
[2026-08-14 13:35:44]  [行2] 解析成功: SZSE.000510 [新金路] SELL @ 17.24 (VR:2.66)
[2026-08-14 13:35:44]  [行3] 解析成功: SZSE.301419 [瑞可达] BUY @ 33.84 (VR:4.37)
[2026-08-14 13:35:44]  [行4] 解析成功: SZSE.300720 [海川智能] SELL @ 91.88 (VR:0.49)
[2026-08-14 13:35:44]  [行5] 解析成功: SZSE.000510 [新金路] SELL @ 17.07 (VR:0.22)
[2026-08-14 13:35:44]  [行6] 解析成功: SZSE.301419 [瑞可达] BUY @ 34.01 (VR:6.83)
[2026-08-14 13:35:44] 本批信号内容已存在（哈希重复），跳过保存（防双邮箱重复）
[2026-08-14 13:35:44]  QQ-备用 邮件 3862 保存因子失败
[2026-08-14 13:35:44]  QQ-备用 正在解析因子: =?utf-8?b?QWxwaGFQaWxvdCDlpIfku73kv6Hlj7cgKGFscGhhX3NpZ25hbF90aHJfMjAyNjA4MTRfMDk1NC5qc29uKSBb5aSHUVEt6Ieq5L+dXQ==?=
[2026-08-14 13:35:44]  发现表格，共 18 行数据
[2026-08-14 13:35:44]  动态索引映射: ['股票代码', '股票名称', '信号', '当前价格', '量比', '来源过滤']
[2026-08-14 13:35:44]  [行1] 解析成功: SHSE.603773 [沃格光电] SELL @ 93.82 (VR:1.26)
[2026-08-14 13:35:44]  [行2] 解析成功: SHSE.603618 [杭电股份] SELL @ 27.27 (VR:0.68)
[2026-08-14 13:35:44]  [行3] 解析成功: SHSE.600909 [华安证券] BUY @ 8.24 (VR:0.44)
[2026-08-14 13:35:44]  [行4] 解析成功: SHSE.600460 [士兰微] BUY @ 32.44 (VR:0.76)
[2026-08-14 13:35:44]  [行5] 解析成功: SZSE.003031 [中瓷电子] BUY @ 122.76 (VR:0.01)
[2026-08-14 13:35:44]  [行6] 解析成功: SZSE.002937 [兴瑞科技] SELL @ 29.54 (VR:0.0)
[2026-08-14 13:35:44]  [行7] 解析成功: SZSE.300607 [拓斯达] SELL @ 34.05 (VR:0.24)
[2026-08-14 13:35:44]  [行8] 解析成功: SHSE.603773 [沃格光电] SELL @ 93.75 (VR:0.34)
[2026-08-14 13:35:44]  [行9] 解析成功: SHSE.600259 [中稀有色] BUY @ 93.31 (VR:2.74)
[2026-08-14 13:35:44]  [行10] 解析成功: SHSE.600909 [华安证券] BUY @ 8.26 (VR:0.22)
[2026-08-14 13:35:44]  [行11] 解析成功: SHSE.600460 [士兰微] BUY @ 32.5 (VR:0.37)
[2026-08-14 13:35:44]  [行12] 解析成功: SZSE.002552 [宝鼎科技] SELL @ 58.56 (VR:0.02)
[2026-08-14 13:35:44]  [行13] 解析成功: SZSE.003031 [中瓷电子] BUY @ 122.76 (VR:0.07)
[2026-08-14 13:35:44]  [行14] 解析成功: SZSE.002643 [万润股份] BUY @ 14.14 (VR:0.08)
[2026-08-14 13:35:44]  [行15] 解析成功: SZSE.002937 [兴瑞科技] SELL @ 29.58 (VR:0.39)
[2026-08-14 13:35:44]  [行16] 解析成功: SZSE.000920 [沃顿科技] SELL @ 11.7 (VR:0.12)
[2026-08-14 13:35:44]  [行17] 解析成功: SZSE.000823 [超声电子] SELL @ 14.93 (VR:0.12)
[2026-08-14 13:35:44]  [行18] 解析成功: SZSE.301070 [开勒股份] SELL @ 65.31 (VR:0.16)
[2026-08-14 13:35:44] 成功保存 18 条因子至: signal_batch_20260814_133544_545152.txt
[2026-08-14 13:35:44]  QQ-备用 邮件 3863 处理完成
[2026-08-14 13:35:44]  QQ-备用 正在解析因子: =?utf-8?b?QWxwaGFQaWxvdCDlpIfku73kv6Hlj7cgKGFscGhhX3NpZ25hbF90aHJfMjAyNjA4MTRfMDk1NC5qc29uKSBb5aSHUVEt6Ieq5L+dXQ==?=
[2026-08-14 13:35:44]  发现表格，共 18 行数据
[2026-08-14 13:35:44]  动态索引映射: ['股票代码', '股票名称', '信号', '当前价格', '量比', '来源过滤']
[2026-08-14 13:35:44]  [行1] 解析成功: SHSE.603773 [沃格光电] SELL @ 93.82 (VR:1.26)
[2026-08-14 13:35:44]  [行2] 解析成功: SHSE.603618 [杭电股份] SELL @ 27.27 (VR:0.68)
[2026-08-14 13:35:44]  [行3] 解析成功: SHSE.600909 [华安证券] BUY @ 8.24 (VR:0.44)
[2026-08-14 13:35:44]  [行4] 解析成功: SHSE.600460 [士兰微] BUY @ 32.44 (VR:0.76)
[2026-08-14 13:35:44]  [行5] 解析成功: SZSE.003031 [中瓷电子] BUY @ 122.76 (VR:0.01)
[2026-08-14 13:35:44]  [行6] 解析成功: SZSE.002937 [兴瑞科技] SELL @ 29.54 (VR:0.0)
[2026-08-14 13:35:44]  [行7] 解析成功: SZSE.300607 [拓斯达] SELL @ 34.05 (VR:0.24)
[2026-08-14 13:35:44]  [行8] 解析成功: SHSE.603773 [沃格光电] SELL @ 93.75 (VR:0.34)
[2026-08-14 13:35:44]  [行9] 解析成功: SHSE.600259 [中稀有色] BUY @ 93.31 (VR:2.74)
[2026-08-14 13:35:44]  [行10] 解析成功: SHSE.600909 [华安证券] BUY @ 8.26 (VR:0.22)
[2026-08-14 13:35:44]  [行11] 解析成功: SHSE.600460 [士兰微] BUY @ 32.5 (VR:0.37)
[2026-08-14 13:35:44]  [行12] 解析成功: SZSE.002552 [宝鼎科技] SELL @ 58.56 (VR:0.02)
[2026-08-14 13:35:44]  [行13] 解析成功: SZSE.003031 [中瓷电子] BUY @ 122.76 (VR:0.07)
[2026-08-14 13:35:44]  [行14] 解析成功: SZSE.002643 [万润股份] BUY @ 14.14 (VR:0.08)
[2026-08-14 13:35:44]  [行15] 解析成功: SZSE.002937 [兴瑞科技] SELL @ 29.58 (VR:0.39)
[2026-08-14 13:35:44]  [行16] 解析成功: SZSE.000920 [沃顿科技] SELL @ 11.7 (VR:0.12)
[2026-08-14 13:35:44]  [行17] 解析成功: SZSE.000823 [超声电子] SELL @ 14.93 (VR:0.12)
[2026-08-14 13:35:44]  [行18] 解析成功: SZSE.301070 [开勒股份] SELL @ 65.31 (VR:0.16)
[2026-08-14 13:35:44] 本批信号内容已存在（哈希重复），跳过保存（防双邮箱重复）
[2026-08-14 13:35:44]  QQ-备用 邮件 3864 保存因子失败
[2026-08-14 13:35:44]  QQ-备用 正在解析因子: =?utf-8?b?QWxwaGFQaWxvdCDlpIfku73kv6Hlj7cgKGFscGhhX3NpZ25hbF90aHJfMjAyNjA4MTRfMDk1OC5qc29uKSBb5aSHUVEt6Ieq5L+dXQ==?=
[2026-08-14 13:35:44]  发现表格，共 13 行数据
[2026-08-14 13:35:44]  动态索引映射: ['股票代码', '股票名称', '信号', '当前价格', '量比', '来源过滤']
[2026-08-14 13:35:44]  [行1] 解析成功: SHSE.688261 [东微半导] SELL @ 71.67 (VR:0.3)
[2026-08-14 13:35:44]  [行2] 解析成功: SZSE.300136 [信维通信] BUY @ 67.31 (VR:0.42)
[2026-08-14 13:35:44]  [行3] 解析成功: SZSE.300821 [东岳硅材] BUY @ 17.08 (VR:0.44)
[2026-08-14 13:35:45]  [行4] 解析成功: SZSE.300236 [上海新阳] BUY @ 92.24 (VR:0.41)
[2026-08-14 13:35:45]  [行5] 解析成功: SZSE.300767 [震安科技] BUY @ 18.57 (VR:0.02)
[2026-08-14 13:35:45]  [行6] 解析成功: SZSE.300184 [力源信息] SELL @ 12.51 (VR:0.01)
[2026-08-14 13:35:45]  [行7] 解析成功: SZSE.002635 [安洁科技] BUY @ 15.87 (VR:0.0)
[2026-08-14 13:35:45]  [行8] 解析成功: SZSE.300136 [信维通信] BUY @ 67.46 (VR:0.37)
[2026-08-14 13:35:45]  [行9] 解析成功: SZSE.300821 [东岳硅材] BUY @ 17.13 (VR:0.42)
[2026-08-14 13:35:45]  [行10] 解析成功: SZSE.300236 [上海新阳] BUY @ 92.45 (VR:0.38)
[2026-08-14 13:35:45]  [行11] 解析成功: SZSE.300162 [雷曼光电] BUY @ 7.66 (VR:0.34)
[2026-08-14 13:35:45]  [行12] 解析成功: SZSE.300767 [震安科技] BUY @ 18.58 (VR:0.03)
[2026-08-14 13:35:45]  [行13] 解析成功: SZSE.002635 [安洁科技] BUY @ 15.88 (VR:0.06)
[2026-08-14 13:35:45] 成功保存 13 条因子至: signal_batch_20260814_133545_088972.txt
[2026-08-14 13:35:45]  QQ-备用 邮件 3865 处理完成
[2026-08-14 13:35:45]  QQ-备用 正在解析因子: =?utf-8?b?QWxwaGFQaWxvdCDlpIfku73kv6Hlj7cgKGFscGhhX3NpZ25hbF90aHJfMjAyNjA4MTRfMDk1OC5qc29uKSBb5aSHUVEt6Ieq5L+dXQ==?=
[2026-08-14 13:35:45]  发现表格，共 13 行数据
[2026-08-14 13:35:45]  动态索引映射: ['股票代码', '股票名称', '信号', '当前价格', '量比', '来源过滤']
[2026-08-14 13:35:45]  [行1] 解析成功: SHSE.688261 [东微半导] SELL @ 71.67 (VR:0.3)
[2026-08-14 13:35:45]  [行2] 解析成功: SZSE.300136 [信维通信] BUY @ 67.31 (VR:0.42)
[2026-08-14 13:35:45]  [行3] 解析成功: SZSE.300821 [东岳硅材] BUY @ 17.08 (VR:0.44)
[2026-08-14 13:35:45]  [行4] 解析成功: SZSE.300236 [上海新阳] BUY @ 92.24 (VR:0.41)
[2026-08-14 13:35:45]  [行5] 解析成功: SZSE.300767 [震安科技] BUY @ 18.57 (VR:0.02)
[2026-08-14 13:35:45]  [行6] 解析成功: SZSE.300184 [力源信息] SELL @ 12.51 (VR:0.01)
[2026-08-14 13:35:45]  [行7] 解析成功: SZSE.002635 [安洁科技] BUY @ 15.87 (VR:0.0)
[2026-08-14 13:35:45]  [行8] 解析成功: SZSE.300136 [信维通信] BUY @ 67.46 (VR:0.37)
[2026-08-14 13:35:45]  [行9] 解析成功: SZSE.300821 [东岳硅材] BUY @ 17.13 (VR:0.42)
[2026-08-14 13:35:45]  [行10] 解析成功: SZSE.300236 [上海新阳] BUY @ 92.45 (VR:0.38)
[2026-08-14 13:35:45]  [行11] 解析成功: SZSE.300162 [雷曼光电] BUY @ 7.66 (VR:0.34)
[2026-08-14 13:35:45]  [行12] 解析成功: SZSE.300767 [震安科技] BUY @ 18.58 (VR:0.03)
[2026-08-14 13:35:45]  [行13] 解析成功: SZSE.002635 [安洁科技] BUY @ 15.88 (VR:0.06)
[2026-08-14 13:35:45] 成功保存 13 条因子至: signal_batch_20260814_133545_420996.txt
[2026-08-14 13:35:45]  QQ-备用 邮件 3866 处理完成
[2026-08-14 13:35:45]  QQ-备用 正在解析因子: =?utf-8?b?QWxwaGFQaWxvdCDlpIfku73kv6Hlj7cgKGFscGhhX3NpZ25hbF90aHJfMjAyNjA4MTRfMTAwMS5qc29uKSBb5aSHUVEt6Ieq5L+dXQ==?=
[2026-08-14 13:35:45]  发现表格，共 26 行数据
[2026-08-14 13:35:45]  动态索引映射: ['股票代码', '股票名称', '信号', '当前价格', '量比', '来源过滤']
[2026-08-14 13:35:45]  [行1] 解析成功: SHSE.688286 [敏芯股份] BUY @ 46.54 (VR:0.55)
[2026-08-14 13:35:45]  [行2] 解析成功: SHSE.688511 [天微电子] BUY @ 23.55 (VR:0.04)
[2026-08-14 13:35:45]  [行3] 解析成功: SHSE.688216 [气派科技] SELL @ 31.33 (VR:0.46)
[2026-08-14 13:35:45]  [行4] 解析成功: SHSE.688721 [龙图光罩] SELL @ 41.28 (VR:0.52)
[2026-08-14 13:35:45]  [行5] 解析成功: SHSE.688249 [晶合集成] SELL @ 39.94 (VR:0.19)
[2026-08-14 13:35:45]  [行6] 解析成功: SHSE.688138 [清溢光电] BUY @ 33.72 (VR:0.45)
[2026-08-14 13:35:45]  [行7] 解析成功: SZSE.300285 [国瓷材料] BUY @ 71.55 (VR:0.04)
[2026-08-14 13:35:45]  [行8] 解析成功: SZSE.301252 [同星科技] SELL @ 33.62 (VR:1.24)
[2026-08-14 13:35:45]  [行9] 解析成功: SZSE.301392 [汇成真空] SELL @ 166.59 (VR:0.09)
[2026-08-14 13:35:45]  [行10] 解析成功: SZSE.300214 [日科化学] BUY @ 12.4 (VR:0.39)
[2026-08-14 13:35:45]  [行11] 解析成功: SZSE.300088 [长信科技] SELL @ 7.54 (VR:0.08)
[2026-08-14 13:35:45]  [行12] 解析成功: SZSE.300420 [五洋自控] BUY @ 7.96 (VR:0.14)
[2026-08-14 13:35:45]  [行13] 解析成功: SZSE.300780 [德恩精工] BUY @ 20.42 (VR:0.03)
[2026-08-14 13:35:45]  [行14] 解析成功: SZSE.300497 [富祥股份] BUY @ 18.72 (VR:1.37)
[2026-08-14 13:35:45]  [行15] 解析成功: SHSE.688286 [敏芯股份] BUY @ 46.58 (VR:1.41)
[2026-08-14 13:35:45]  [行16] 解析成功: SHSE.688511 [天微电子] BUY @ 23.58 (VR:0.83)
[2026-08-14 13:35:45]  [行17] 解析成功: SHSE.688216 [气派科技] SELL @ 31.25 (VR:0.16)
[2026-08-14 13:35:45]  [行18] 解析成功: SHSE.688721 [龙图光罩] SELL @ 41.22 (VR:0.11)
[2026-08-14 13:35:45]  [行19] 解析成功: SHSE.688249 [晶合集成] SELL @ 39.88 (VR:0.29)
[2026-08-14 13:35:45]  [行20] 解析成功: SHSE.688138 [清溢光电] BUY @ 33.75 (VR:0.3)
[2026-08-14 13:35:45]  [行21] 解析成功: SZSE.300285 [国瓷材料] BUY @ 71.9 (VR:0.66)
[2026-08-14 13:35:45]  [行22] 解析成功: SZSE.301252 [同星科技] SELL @ 33.59 (VR:1.42)
[2026-08-14 13:35:45]  [行23] 解析成功: SZSE.300214 [日科化学] BUY @ 12.43 (VR:0.14)
[2026-08-14 13:35:45]  [行24] 解析成功: SZSE.300088 [长信科技] BUY @ 7.55 (VR:0.02)
[2026-08-14 13:35:45]  [行25] 解析成功: SZSE.300420 [五洋自控] BUY @ 7.97 (VR:0.02)
[2026-08-14 13:35:45]  [行26] 解析成功: SZSE.300780 [德恩精工] BUY @ 20.46 (VR:0.16)
[2026-08-14 13:35:45] 成功保存 26 条因子至: signal_batch_20260814_133545_744736.txt
[2026-08-14 13:35:45]  QQ-备用 邮件 3867 处理完成
[2026-08-14 13:35:45]  QQ-备用 正在解析因子: =?utf-8?b?QWxwaGFQaWxvdCDlpIfku73kv6Hlj7cgKGFscGhhX3NpZ25hbF90aHJfMjAyNjA4MTRfMTAwMS5qc29uKSBb5aSHUVEt6Ieq5L+dXQ==?=
[2026-08-14 13:35:45]  发现表格，共 26 行数据
[2026-08-14 13:35:45]  动态索引映射: ['股票代码', '股票名称', '信号', '当前价格', '量比', '来源过滤']
[2026-08-14 13:35:45]  [行1] 解析成功: SHSE.688286 [敏芯股份] BUY @ 46.54 (VR:0.55)
[2026-08-14 13:35:45]  [行2] 解析成功: SHSE.688511 [天微电子] BUY @ 23.55 (VR:0.04)
[2026-08-14 13:35:45]  [行3] 解析成功: SHSE.688216 [气派科技] SELL @ 31.33 (VR:0.46)
[2026-08-14 13:35:45]  [行4] 解析成功: SHSE.688721 [龙图光罩] SELL @ 41.28 (VR:0.52)
[2026-08-14 13:35:45]  [行5] 解析成功: SHSE.688249 [晶合集成] SELL @ 39.94 (VR:0.19)
[2026-08-14 13:35:45]  [行6] 解析成功: SHSE.688138 [清溢光电] BUY @ 33.72 (VR:0.45)
[2026-08-14 13:35:45]  [行7] 解析成功: SZSE.300285 [国瓷材料] BUY @ 71.55 (VR:0.04)
[2026-08-14 13:35:45]  [行8] 解析成功: SZSE.301252 [同星科技] SELL @ 33.62 (VR:1.24)
[2026-08-14 13:35:45]  [行9] 解析成功: SZSE.301392 [汇成真空] SELL @ 166.59 (VR:0.09)
[2026-08-14 13:35:45]  [行10] 解析成功: SZSE.300214 [日科化学] BUY @ 12.4 (VR:0.39)
[2026-08-14 13:35:45]  [行11] 解析成功: SZSE.300088 [长信科技] SELL @ 7.54 (VR:0.08)
[2026-08-14 13:35:45]  [行12] 解析成功: SZSE.300420 [五洋自控] BUY @ 7.96 (VR:0.14)
[2026-08-14 13:35:45]  [行13] 解析成功: SZSE.300780 [德恩精工] BUY @ 20.42 (VR:0.03)
[2026-08-14 13:35:45]  [行14] 解析成功: SZSE.300497 [富祥股份] BUY @ 18.72 (VR:1.37)
[2026-08-14 13:35:46]  [行15] 解析成功: SHSE.688286 [敏芯股份] BUY @ 46.58 (VR:1.41)
[2026-08-14 13:35:46]  [行16] 解析成功: SHSE.688511 [天微电子] BUY @ 23.58 (VR:0.83)
[2026-08-14 13:35:46]  [行17] 解析成功: SHSE.688216 [气派科技] SELL @ 31.25 (VR:0.16)
[2026-08-14 13:35:46]  [行18] 解析成功: SHSE.688721 [龙图光罩] SELL @ 41.22 (VR:0.11)
[2026-08-14 13:35:46]  [行19] 解析成功: SHSE.688249 [晶合集成] SELL @ 39.88 (VR:0.29)
[2026-08-14 13:35:46]  [行20] 解析成功: SHSE.688138 [清溢光电] BUY @ 33.75 (VR:0.3)
[2026-08-14 13:35:46]  [行21] 解析成功: SZSE.300285 [国瓷材料] BUY @ 71.9 (VR:0.66)
[2026-08-14 13:35:46]  [行22] 解析成功: SZSE.301252 [同星科技] SELL @ 33.59 (VR:1.42)
[2026-08-14 13:35:46]  [行23] 解析成功: SZSE.300214 [日科化学] BUY @ 12.43 (VR:0.14)
[2026-08-14 13:35:46]  [行24] 解析成功: SZSE.300088 [长信科技] BUY @ 7.55 (VR:0.02)
[2026-08-14 13:35:46]  [行25] 解析成功: SZSE.300420 [五洋自控] BUY @ 7.97 (VR:0.02)
[2026-08-14 13:35:46]  [行26] 解析成功: SZSE.300780 [德恩精工] BUY @ 20.46 (VR:0.16)
[2026-08-14 13:35:46] 成功保存 26 条因子至: signal_batch_20260814_133546_050245.txt
[2026-08-14 13:35:46]  QQ-备用 邮件 3868 处理完成
[2026-08-14 13:35:46]  QQ-备用 正在解析因子: =?utf-8?b?QWxwaGFQaWxvdCDlpIfku73kv6Hlj7cgKGFscGhhX3NpZ25hbF90aHJfMjAyNjA4MTRfMTAwNC5qc29uKSBb5aSHUVEt6Ieq5L+dXQ==?=
[2026-08-14 13:35:46]  发现表格，共 17 行数据
[2026-08-14 13:35:46]  动态索引映射: ['股票代码', '股票名称', '信号', '当前价格', '量比', '来源过滤']
[2026-08-14 13:35:46]  [行1] 解析成功: SHSE.688110 [东芯股份] BUY @ 115.81 (VR:0.27)
[2026-08-14 13:35:46]  [行2] 解析成功: SHSE.688102 [斯瑞新材] SELL @ 37.95 (VR:2.05)
[2026-08-14 13:35:46]  [行3] 解析成功: SHSE.688521 [芯原股份] BUY @ 207.63 (VR:0.38)
[2026-08-14 13:35:46]  [行4] 解析成功: SHSE.688227 [品高股份] BUY @ 81.23 (VR:0.08)
[2026-08-14 13:35:46]  [行5] 解析成功: SZSE.300852 [四会富仕] BUY @ 44.82 (VR:0.43)
[2026-08-14 13:35:46]  [行6] 解析成功: SZSE.300689 [澄天伟业] BUY @ 53.84 (VR:0.05)
[2026-08-14 13:35:46]  [行7] 解析成功: SZSE.301013 [利和兴] BUY @ 45.88 (VR:0.29)
[2026-08-14 13:35:46]  [行8] 解析成功: SZSE.002718 [友邦吊顶] SELL @ 86.84 (VR:0.39)
[2026-08-14 13:35:46]  [行9] 解析成功: SZSE.001339 [智微智能] BUY @ 85.11 (VR:1.05)
[2026-08-14 13:35:46]  [行10] 解析成功: SHSE.688110 [东芯股份] BUY @ 116.28 (VR:0.98)
[2026-08-14 13:35:46]  [行11] 解析成功: SHSE.688102 [斯瑞新材] SELL @ 37.75 (VR:0.85)
[2026-08-14 13:35:46]  [行12] 解析成功: SHSE.688521 [芯原股份] BUY @ 208.1 (VR:0.52)
[2026-08-14 13:35:46]  [行13] 解析成功: SHSE.688227 [品高股份] BUY @ 81.59 (VR:1.74)
[2026-08-14 13:35:46]  [行14] 解析成功: SZSE.300852 [四会富仕] BUY @ 44.87 (VR:2.27)
[2026-08-14 13:35:46]  [行15] 解析成功: SZSE.300689 [澄天伟业] BUY @ 53.98 (VR:1.19)
[2026-08-14 13:35:46]  [行16] 解析成功: SZSE.301013 [利和兴] BUY @ 45.93 (VR:0.02)
[2026-08-14 13:35:46]  [行17] 解析成功: SZSE.001339 [智微智能] BUY @ 85.66 (VR:0.76)
[2026-08-14 13:35:46] 成功保存 17 条因子至: signal_batch_20260814_133546_331648.txt
[2026-08-14 13:35:46]  QQ-备用 邮件 3869 处理完成
[2026-08-14 13:35:46]  QQ-备用 正在解析因子: =?utf-8?b?QWxwaGFQaWxvdCDlpIfku73kv6Hlj7cgKGFscGhhX3NpZ25hbF90aHJfMjAyNjA4MTRfMTAwNC5qc29uKSBb5aSHUVEt6Ieq5L+dXQ==?=
[2026-08-14 13:35:46]  发现表格，共 17 行数据
[2026-08-14 13:35:46]  动态索引映射: ['股票代码', '股票名称', '信号', '当前价格', '量比', '来源过滤']
[2026-08-14 13:35:46]  [行1] 解析成功: SHSE.688110 [东芯股份] BUY @ 115.81 (VR:0.27)
[2026-08-14 13:35:46]  [行2] 解析成功: SHSE.688102 [斯瑞新材] SELL @ 37.95 (VR:2.05)
[2026-08-14 13:35:46]  [行3] 解析成功: SHSE.688521 [芯原股份] BUY @ 207.63 (VR:0.38)
[2026-08-14 13:35:46]  [行4] 解析成功: SHSE.688227 [品高股份] BUY @ 81.23 (VR:0.08)
[2026-08-14 13:35:46]  [行5] 解析成功: SZSE.300852 [四会富仕] BUY @ 44.82 (VR:0.43)
[2026-08-14 13:35:46]  [行6] 解析成功: SZSE.300689 [澄天伟业] BUY @ 53.84 (VR:0.05)
[2026-08-14 13:35:46]  [行7] 解析成功: SZSE.301013 [利和兴] BUY @ 45.88 (VR:0.29)
[2026-08-14 13:35:46]  [行8] 解析成功: SZSE.002718 [友邦吊顶] SELL @ 86.84 (VR:0.39)
[2026-08-14 13:35:46]  [行9] 解析成功: SZSE.001339 [智微智能] BUY @ 85.11 (VR:1.05)
[2026-08-14 13:35:46]  [行10] 解析成功: SHSE.688110 [东芯股份] BUY @ 116.28 (VR:0.98)
[2026-08-14 13:35:46]  [行11] 解析成功: SHSE.688102 [斯瑞新材] SELL @ 37.75 (VR:0.85)
[2026-08-14 13:35:46]  [行12] 解析成功: SHSE.688521 [芯原股份] BUY @ 208.1 (VR:0.52)
[2026-08-14 13:35:46]  [行13] 解析成功: SHSE.688227 [品高股份] BUY @ 81.59 (VR:1.74)
[2026-08-14 13:35:46]  [行14] 解析成功: SZSE.300852 [四会富仕] BUY @ 44.87 (VR:2.27)
[2026-08-14 13:35:46]  [行15] 解析成功: SZSE.300689 [澄天伟业] BUY @ 53.98 (VR:1.19)
[2026-08-14 13:35:46]  [行16] 解析成功: SZSE.301013 [利和兴] BUY @ 45.93 (VR:0.02)
[2026-08-14 13:35:46]  [行17] 解析成功: SZSE.001339 [智微智能] BUY @ 85.66 (VR:0.76)
[2026-08-14 13:35:46] 本批信号内容已存在（哈希重复），跳过保存（防双邮箱重复）
[2026-08-14 13:35:46]  QQ-备用 邮件 3870 保存因子失败
[2026-08-14 13:35:46]  QQ-备用 正在解析因子: =?utf-8?b?QWxwaGFQaWxvdCDlpIfku73kv6Hlj7cgKGFscGhhX3NpZ25hbF90aHJfMjAyNjA4MTRfMTAwNi5qc29uKSBb5aSHUVEt6Ieq5L+dXQ==?=
[2026-08-14 13:35:46]  发现表格，共 7 行数据
[2026-08-14 13:35:46]  动态索引映射: ['股票代码', '股票名称', '信号', '当前价格', '量比', '来源过滤']
[2026-08-14 13:35:46]  [行1] 解析成功: SZSE.000510 [新金路] SELL @ 16.91 (VR:0.05)
[2026-08-14 13:35:46]  [行2] 解析成功: SZSE.301419 [瑞可达] SELL @ 33.79 (VR:0.23)
[2026-08-14 13:35:46]  [行3] 解析成功: SHSE.688392 [娇成超声] SELL @ 180.01 (VR:0.3)
[2026-08-14 13:35:46]  [行4] 解析成功: SZSE.300433 [蓝思科技] BUY @ 35.58 (VR:1.41)
[2026-08-14 13:35:46]  [行5] 解析成功: SZSE.000510 [新金路] SELL @ 16.88 (VR:0.55)
[2026-08-14 13:35:46]  [行6] 解析成功: SZSE.301419 [瑞可达] SELL @ 33.68 (VR:0.53)
[2026-08-14 13:35:46]  [行7] 解析成功: SZSE.300868 [杰美特] SELL @ 88.03 (VR:0.35)
[2026-08-14 13:35:46] 成功保存 7 条因子至: signal_batch_20260814_133546_789925.txt
[2026-08-14 13:35:46]  QQ-备用 邮件 3871 处理完成
[2026-08-14 13:35:47]  QQ-备用 正在解析因子: =?utf-8?b?QWxwaGFQaWxvdCDlpIfku73kv6Hlj7cgKGFscGhhX3NpZ25hbF90aHJfMjAyNjA4MTRfMTAwNi5qc29uKSBb5aSHUVEt6Ieq5L+dXQ==?=
[2026-08-14 13:35:47]  发现表格，共 7 行数据
[2026-08-14 13:35:47]  动态索引映射: ['股票代码', '股票名称', '信号', '当前价格', '量比', '来源过滤']
[2026-08-14 13:35:47]  [行1] 解析成功: SZSE.000510 [新金路] SELL @ 16.91 (VR:0.05)
[2026-08-14 13:35:47]  [行2] 解析成功: SZSE.301419 [瑞可达] SELL @ 33.79 (VR:0.23)
[2026-08-14 13:35:47]  [行3] 解析成功: SHSE.688392 [娇成超声] SELL @ 180.01 (VR:0.3)
[2026-08-14 13:35:47]  [行4] 解析成功: SZSE.300433 [蓝思科技] BUY @ 35.58 (VR:1.41)
[2026-08-14 13:35:47]  [行5] 解析成功: SZSE.000510 [新金路] SELL @ 16.88 (VR:0.55)
[2026-08-14 13:35:47]  [行6] 解析成功: SZSE.301419 [瑞可达] SELL @ 33.68 (VR:0.53)
[2026-08-14 13:35:47]  [行7] 解析成功: SZSE.300868 [杰美特] SELL @ 88.03 (VR:0.35)
[2026-08-14 13:35:47] 成功保存 7 条因子至: signal_batch_20260814_133547_109099.txt
[2026-08-14 13:35:47]  QQ-备用 邮件 3872 处理完成
[2026-08-14 13:35:47]  QQ-备用 正在解析因子: =?utf-8?b?QWxwaGFQaWxvdCDlpIfku73kv6Hlj7cgKGFscGhhX3NpZ25hbF90aHJfMjAyNjA4MTRfMTAxMC5qc29uKSBb5aSHUVEt6Ieq5L+dXQ==?=
[2026-08-14 13:35:47]  发现表格，共 17 行数据
[2026-08-14 13:35:47]  动态索引映射: ['股票代码', '股票名称', '信号', '当前价格', '量比', '来源过滤']
[2026-08-14 13:35:47]  [行1] 解析成功: SHSE.603773 [沃格光电] SELL @ 93.88 (VR:0.18)
[2026-08-14 13:35:47]  [行2] 解析成功: SHSE.605111 [新洁能] SELL @ 57.78 (VR:0.42)
[2026-08-14 13:35:47]  [行3] 解析成功: SHSE.600909 [华安证券] SELL @ 8.19 (VR:1.88)
[2026-08-14 13:35:47]  [行4] 解析成功: SZSE.003031 [中瓷电子] SELL @ 123.63 (VR:1.11)
[2026-08-14 13:35:47]  [行5] 解析成功: SZSE.002643 [万润股份] SELL @ 14.15 (VR:0.57)
[2026-08-14 13:35:47]  [行6] 解析成功: SZSE.000920 [沃顿科技] SELL @ 11.67 (VR:0.05)
[2026-08-14 13:35:47]  [行7] 解析成功: SZSE.000823 [超声电子] SELL @ 14.86 (VR:0.06)
[2026-08-14 13:35:47]  [行8] 解析成功: SZSE.300607 [拓斯达] SELL @ 34.19 (VR:0.04)
[2026-08-14 13:35:47]  [行9] 解析成功: SZSE.301070 [开勒股份] BUY @ 66.07 (VR:0.0)
[2026-08-14 13:35:47]  [行10] 解析成功: SHSE.603773 [沃格光电] SELL @ 93.8 (VR:0.35)
[2026-08-14 13:35:47]  [行11] 解析成功: SHSE.600909 [华安证券] SELL @ 8.18 (VR:0.26)
[2026-08-14 13:35:47]  [行12] 解析成功: SZSE.003031 [中瓷电子] SELL @ 123.2 (VR:1.04)
[2026-08-14 13:35:47]  [行13] 解析成功: SZSE.002643 [万润股份] SELL @ 14.14 (VR:0.36)
[2026-08-14 13:35:47]  [行14] 解析成功: SZSE.000920 [沃顿科技] SELL @ 11.66 (VR:0.28)
[2026-08-14 13:35:47]  [行15] 解析成功: SZSE.000823 [超声电子] SELL @ 14.84 (VR:0.27)
[2026-08-14 13:35:47]  [行16] 解析成功: SZSE.300607 [拓斯达] SELL @ 34.15 (VR:0.37)
[2026-08-14 13:35:47]  [行17] 解析成功: SZSE.301070 [开勒股份] BUY @ 66.09 (VR:0.01)
[2026-08-14 13:35:47] 成功保存 17 条因子至: signal_batch_20260814_133547_440791.txt
[2026-08-14 13:35:47]  QQ-备用 邮件 3873 处理完成
[2026-08-14 13:35:47]  QQ-备用 正在解析因子: =?utf-8?b?QWxwaGFQaWxvdCDlpIfku73kv6Hlj7cgKGFscGhhX3NpZ25hbF90aHJfMjAyNjA4MTRfMTAxMC5qc29uKSBb5aSHUVEt6Ieq5L+dXQ==?=
[2026-08-14 13:35:47]  发现表格，共 17 行数据
[2026-08-14 13:35:47]  动态索引映射: ['股票代码', '股票名称', '信号', '当前价格', '量比', '来源过滤']
[2026-08-14 13:35:47]  [行1] 解析成功: SHSE.603773 [沃格光电] SELL @ 93.88 (VR:0.18)
[2026-08-14 13:35:47]  [行2] 解析成功: SHSE.605111 [新洁能] SELL @ 57.78 (VR:0.42)
[2026-08-14 13:35:47]  [行3] 解析成功: SHSE.600909 [华安证券] SELL @ 8.19 (VR:1.88)
[2026-08-14 13:35:47]  [行4] 解析成功: SZSE.003031 [中瓷电子] SELL @ 123.63 (VR:1.11)
[2026-08-14 13:35:47]  [行5] 解析成功: SZSE.002643 [万润股份] SELL @ 14.15 (VR:0.57)
[2026-08-14 13:35:47]  [行6] 解析成功: SZSE.000920 [沃顿科技] SELL @ 11.67 (VR:0.05)
[2026-08-14 13:35:47]  [行7] 解析成功: SZSE.000823 [超声电子] SELL @ 14.86 (VR:0.06)
[2026-08-14 13:35:47]  [行8] 解析成功: SZSE.300607 [拓斯达] SELL @ 34.19 (VR:0.04)
[2026-08-14 13:35:47]  [行9] 解析成功: SZSE.301070 [开勒股份] BUY @ 66.07 (VR:0.0)
[2026-08-14 13:35:47]  [行10] 解析成功: SHSE.603773 [沃格光电] SELL @ 93.8 (VR:0.35)
[2026-08-14 13:35:47]  [行11] 解析成功: SHSE.600909 [华安证券] SELL @ 8.18 (VR:0.26)
[2026-08-14 13:35:47]  [行12] 解析成功: SZSE.003031 [中瓷电子] SELL @ 123.2 (VR:1.04)
[2026-08-14 13:35:47]  [行13] 解析成功: SZSE.002643 [万润股份] SELL @ 14.14 (VR:0.36)
[2026-08-14 13:35:47]  [行14] 解析成功: SZSE.000920 [沃顿科技] SELL @ 11.66 (VR:0.28)
[2026-08-14 13:35:47]  [行15] 解析成功: SZSE.000823 [超声电子] SELL @ 14.84 (VR:0.27)
[2026-08-14 13:35:47]  [行16] 解析成功: SZSE.300607 [拓斯达] SELL @ 34.15 (VR:0.37)
[2026-08-14 13:35:47]  [行17] 解析成功: SZSE.301070 [开勒股份] BUY @ 66.09 (VR:0.01)
[2026-08-14 13:35:47] 本批信号内容已存在（哈希重复），跳过保存（防双邮箱重复）
[2026-08-14 13:35:47]  QQ-备用 邮件 3874 保存因子失败
[2026-08-14 13:35:47]  QQ-备用 正在解析因子: =?utf-8?b?QWxwaGFQaWxvdCDlpIfku73kv6Hlj7cgKGFscGhhX3NpZ25hbF90aHJfMjAyNjA4MTRfMTAxMi5qc29uKSBb5aSHUVEt6Ieq5L+dXQ==?=
[2026-08-14 13:35:47]  发现表格，共 12 行数据
[2026-08-14 13:35:47]  动态索引映射: ['股票代码', '股票名称', '信号', '当前价格', '量比', '来源过滤']
[2026-08-14 13:35:47]  [行1] 解析成功: SHSE.688261 [东微半导] SELL @ 71.47 (VR:2.55)
[2026-08-14 13:35:47]  [行2] 解析成功: SHSE.688199 [久日新材] SELL @ 23.26 (VR:4.26)
[2026-08-14 13:35:47]  [行3] 解析成功: SZSE.300136 [信维通信] SELL @ 67.4 (VR:0.55)
[2026-08-14 13:35:47]  [行4] 解析成功: SZSE.300821 [东岳硅材] BUY @ 16.81 (VR:0.53)
[2026-08-14 13:35:47]  [行5] 解析成功: SZSE.300236 [上海新阳] BUY @ 92.8 (VR:0.29)
[2026-08-14 13:35:47]  [行6] 解析成功: SZSE.300767 [震安科技] BUY @ 18.54 (VR:0.52)
[2026-08-14 13:35:47]  [行7] 解析成功: SZSE.002635 [安洁科技] SELL @ 15.86 (VR:0.01)
[2026-08-14 13:35:47]  [行8] 解析成功: SHSE.688261 [东微半导] SELL @ 71.36 (VR:2.93)
[2026-08-14 13:35:47]  [行9] 解析成功: SHSE.688199 [久日新材] BUY @ 23.25 (VR:0.53)
[2026-08-14 13:35:47]  [行10] 解析成功: SZSE.300821 [东岳硅材] BUY @ 16.84 (VR:0.55)
[2026-08-14 13:35:47]  [行11] 解析成功: SZSE.300767 [震安科技] BUY @ 18.56 (VR:1.57)
[2026-08-14 13:35:47]  [行12] 解析成功: SZSE.002635 [安洁科技] SELL @ 15.81 (VR:0.32)
[2026-08-14 13:35:47] 成功保存 12 条因子至: signal_batch_20260814_133547_844395.txt
[2026-08-14 13:35:48]  QQ-备用 邮件 3875 处理完成
[2026-08-14 13:35:48]  QQ-备用 正在解析因子: =?utf-8?b?QWxwaGFQaWxvdCDlpIfku73kv6Hlj7cgKGFscGhhX3NpZ25hbF90aHJfMjAyNjA4MTRfMTAxMi5qc29uKSBb5aSHUVEt6Ieq5L+dXQ==?=
[2026-08-14 13:35:48]  发现表格，共 12 行数据
[2026-08-14 13:35:48]  动态索引映射: ['股票代码', '股票名称', '信号', '当前价格', '量比', '来源过滤']
[2026-08-14 13:35:48]  [行1] 解析成功: SHSE.688261 [东微半导] SELL @ 71.47 (VR:2.55)
[2026-08-14 13:35:48]  [行2] 解析成功: SHSE.688199 [久日新材] SELL @ 23.26 (VR:4.26)
[2026-08-14 13:35:48]  [行3] 解析成功: SZSE.300136 [信维通信] SELL @ 67.4 (VR:0.55)
[2026-08-14 13:35:48]  [行4] 解析成功: SZSE.300821 [东岳硅材] BUY @ 16.81 (VR:0.53)
[2026-08-14 13:35:48]  [行5] 解析成功: SZSE.300236 [上海新阳] BUY @ 92.8 (VR:0.29)
[2026-08-14 13:35:48]  [行6] 解析成功: SZSE.300767 [震安科技] BUY @ 18.54 (VR:0.52)
[2026-08-14 13:35:48]  [行7] 解析成功: SZSE.002635 [安洁科技] SELL @ 15.86 (VR:0.01)
[2026-08-14 13:35:48]  [行8] 解析成功: SHSE.688261 [东微半导] SELL @ 71.36 (VR:2.93)
[2026-08-14 13:35:48]  [行9] 解析成功: SHSE.688199 [久日新材] BUY @ 23.25 (VR:0.53)
[2026-08-14 13:35:48]  [行10] 解析成功: SZSE.300821 [东岳硅材] BUY @ 16.84 (VR:0.55)
[2026-08-14 13:35:48]  [行11] 解析成功: SZSE.300767 [震安科技] BUY @ 18.56 (VR:1.57)
[2026-08-14 13:35:48]  [行12] 解析成功: SZSE.002635 [安洁科技] SELL @ 15.81 (VR:0.32)
[2026-08-14 13:35:48] 成功保存 12 条因子至: signal_batch_20260814_133548_134370.txt
[2026-08-14 13:35:48]  QQ-备用 邮件 3876 处理完成
[2026-08-14 13:35:48]  QQ-备用 正在解析因子: =?utf-8?b?QWxwaGFQaWxvdCDlpIfku73kv6Hlj7cgKGFscGhhX3NpZ25hbF90aHJfMjAyNjA4MTRfMTAxNS5qc29uKSBb5aSHUVEt6Ieq5L+dXQ==?=
[2026-08-14 13:35:48]  发现表格，共 19 行数据
[2026-08-14 13:35:48]  动态索引映射: ['股票代码', '股票名称', '信号', '当前价格', '量比', '来源过滤']
[2026-08-14 13:35:48]  [行1] 解析成功: SHSE.688249 [晶合集成] BUY @ 39.87 (VR:0.13)
[2026-08-14 13:35:48]  [行2] 解析成功: SHSE.688138 [清溢光电] BUY @ 33.89 (VR:0.88)
[2026-08-14 13:35:48]  [行3] 解析成功: SZSE.300285 [国瓷材料] BUY @ 71.17 (VR:0.46)
[2026-08-14 13:35:48]  [行4] 解析成功: SZSE.301392 [汇成真空] BUY @ 167.75 (VR:0.23)
[2026-08-14 13:35:48]  [行5] 解析成功: SZSE.300214 [日科化学] SELL @ 12.23 (VR:0.49)
[2026-08-14 13:35:48]  [行6] 解析成功: SZSE.300088 [长信科技] BUY @ 7.53 (VR:0.2)
[2026-08-14 13:35:48]  [行7] 解析成功: SZSE.300420 [五洋自控] BUY @ 7.88 (VR:0.33)
[2026-08-14 13:35:48]  [行8] 解析成功: SZSE.300780 [德恩精工] SELL @ 20.3 (VR:0.97)
[2026-08-14 13:35:48]  [行9] 解析成功: SZSE.300497 [富祥股份] BUY @ 18.56 (VR:0.07)
[2026-08-14 13:35:48]  [行10] 解析成功: SHSE.688286 [敏芯股份] BUY @ 49.62 (VR:0.95)
[2026-08-14 13:35:48]  [行11] 解析成功: SHSE.688216 [气派科技] SELL @ 31.07 (VR:0.02)
[2026-08-14 13:35:48]  [行12] 解析成功: SHSE.688138 [清溢光电] BUY @ 33.94 (VR:1.98)
[2026-08-14 13:35:48]  [行13] 解析成功: SZSE.300285 [国瓷材料] BUY @ 71.28 (VR:0.22)
[2026-08-14 13:35:48]  [行14] 解析成功: SZSE.301392 [汇成真空] BUY @ 167.96 (VR:0.16)
[2026-08-14 13:35:48]  [行15] 解析成功: SZSE.300214 [日科化学] SELL @ 12.21 (VR:0.25)
[2026-08-14 13:35:48]  [行16] 解析成功: SZSE.300088 [长信科技] BUY @ 7.55 (VR:0.19)
[2026-08-14 13:35:48]  [行17] 解析成功: SZSE.300420 [五洋自控] BUY @ 7.93 (VR:0.49)
[2026-08-14 13:35:48]  [行18] 解析成功: SZSE.300661 [圣邦股份] BUY @ 122.63 (VR:1.55)
[2026-08-14 13:35:48]  [行19] 解析成功: SZSE.300497 [富祥股份] BUY @ 18.58 (VR:0.68)
[2026-08-14 13:35:48] 成功保存 19 条因子至: signal_batch_20260814_133548_503441.txt
[2026-08-14 13:35:48]  QQ-备用 邮件 3877 处理完成
[2026-08-14 13:35:48]  QQ-备用 正在解析因子: =?utf-8?b?QWxwaGFQaWxvdCDlpIfku73kv6Hlj7cgKGFscGhhX3NpZ25hbF90aHJfMjAyNjA4MTRfMTAxNS5qc29uKSBb5aSHUVEt6Ieq5L+dXQ==?=
[2026-08-14 13:35:48]  发现表格，共 19 行数据
[2026-08-14 13:35:48]  动态索引映射: ['股票代码', '股票名称', '信号', '当前价格', '量比', '来源过滤']
[2026-08-14 13:35:48]  [行1] 解析成功: SHSE.688249 [晶合集成] BUY @ 39.87 (VR:0.13)
[2026-08-14 13:35:48]  [行2] 解析成功: SHSE.688138 [清溢光电] BUY @ 33.89 (VR:0.88)
[2026-08-14 13:35:48]  [行3] 解析成功: SZSE.300285 [国瓷材料] BUY @ 71.17 (VR:0.46)
[2026-08-14 13:35:48]  [行4] 解析成功: SZSE.301392 [汇成真空] BUY @ 167.75 (VR:0.23)
[2026-08-14 13:35:48]  [行5] 解析成功: SZSE.300214 [日科化学] SELL @ 12.23 (VR:0.49)
[2026-08-14 13:35:48]  [行6] 解析成功: SZSE.300088 [长信科技] BUY @ 7.53 (VR:0.2)
[2026-08-14 13:35:48]  [行7] 解析成功: SZSE.300420 [五洋自控] BUY @ 7.88 (VR:0.33)
[2026-08-14 13:35:48]  [行8] 解析成功: SZSE.300780 [德恩精工] SELL @ 20.3 (VR:0.97)
[2026-08-14 13:35:48]  [行9] 解析成功: SZSE.300497 [富祥股份] BUY @ 18.56 (VR:0.07)
[2026-08-14 13:35:48]  [行10] 解析成功: SHSE.688286 [敏芯股份] BUY @ 49.62 (VR:0.95)
[2026-08-14 13:35:48]  [行11] 解析成功: SHSE.688216 [气派科技] SELL @ 31.07 (VR:0.02)
[2026-08-14 13:35:48]  [行12] 解析成功: SHSE.688138 [清溢光电] BUY @ 33.94 (VR:1.98)
[2026-08-14 13:35:48]  [行13] 解析成功: SZSE.300285 [国瓷材料] BUY @ 71.28 (VR:0.22)
[2026-08-14 13:35:48]  [行14] 解析成功: SZSE.301392 [汇成真空] BUY @ 167.96 (VR:0.16)
[2026-08-14 13:35:48]  [行15] 解析成功: SZSE.300214 [日科化学] SELL @ 12.21 (VR:0.25)
[2026-08-14 13:35:48]  [行16] 解析成功: SZSE.300088 [长信科技] BUY @ 7.55 (VR:0.19)
[2026-08-14 13:35:48]  [行17] 解析成功: SZSE.300420 [五洋自控] BUY @ 7.93 (VR:0.49)
[2026-08-14 13:35:48]  [行18] 解析成功: SZSE.300661 [圣邦股份] BUY @ 122.63 (VR:1.55)
[2026-08-14 13:35:48]  [行19] 解析成功: SZSE.300497 [富祥股份] BUY @ 18.58 (VR:0.68)
[2026-08-14 13:35:48] 本批信号内容已存在（哈希重复），跳过保存（防双邮箱重复）
[2026-08-14 13:35:48]  QQ-备用 邮件 3878 保存因子失败
[2026-08-14 13:35:48]  QQ-备用 正在解析因子: =?utf-8?b?QWxwaGFQaWxvdCDlpIfku73kv6Hlj7cgKGFscGhhX3NpZ25hbF90aHJfMjAyNjA4MTRfMTAxOC5qc29uKSBb5aSHUVEt6Ieq5L+dXQ==?=
[2026-08-14 13:35:48]  发现表格，共 15 行数据
[2026-08-14 13:35:48]  动态索引映射: ['股票代码', '股票名称', '信号', '当前价格', '量比', '来源过滤']
[2026-08-14 13:35:48]  [行1] 解析成功: SHSE.688002 [睿创微纳] BUY @ 167.5 (VR:0.09)
[2026-08-14 13:35:48]  [行2] 解析成功: SHSE.688521 [芯原股份] BUY @ 207.5 (VR:0.26)
[2026-08-14 13:35:48]  [行3] 解析成功: SZSE.300689 [澄天伟业] SELL @ 53.8 (VR:0.18)
[2026-08-14 13:35:48]  [行4] 解析成功: SZSE.301045 [天禄科技] SELL @ 70.58 (VR:2.07)
[2026-08-14 13:35:48]  [行5] 解析成功: SZSE.301013 [利和兴] SELL @ 46.23 (VR:3.33)
[2026-08-14 13:35:48]  [行6] 解析成功: SZSE.001339 [智微智能] SELL @ 86.19 (VR:0.14)
[2026-08-14 13:35:48]  [行7] 解析成功: SHSE.688110 [东芯股份] SELL @ 115.95 (VR:0.1)
[2026-08-14 13:35:48]  [行8] 解析成功: SHSE.688002 [睿创微纳] BUY @ 167.72 (VR:0.05)
[2026-08-14 13:35:48]  [行9] 解析成功: SHSE.688102 [斯瑞新材] BUY @ 37.7 (VR:0.05)
[2026-08-14 13:35:48]  [行10] 解析成功: SHSE.688521 [芯原股份] BUY @ 207.74 (VR:0.07)
[2026-08-14 13:35:48]  [行11] 解析成功: SZSE.300689 [澄天伟业] SELL @ 53.77 (VR:0.15)
[2026-08-14 13:35:48]  [行12] 解析成功: SZSE.301013 [利和兴] SELL @ 46.19 (VR:0.83)
[2026-08-14 13:35:48]  [行13] 解析成功: SZSE.300790 [宇瞳光学] SELL @ 20.18 (VR:0.85)
[2026-08-14 13:35:48]  [行14] 解析成功: SZSE.002718 [友邦吊顶] SELL @ 86.26 (VR:0.17)
[2026-08-14 13:35:48]  [行15] 解析成功: SZSE.001339 [智微智能] SELL @ 86.0 (VR:0.93)
[2026-08-14 13:35:48] 成功保存 15 条因子至: signal_batch_20260814_133548_990112.txt
[2026-08-14 13:35:49]  QQ-备用 邮件 3879 处理完成
[2026-08-14 13:35:49]  QQ-备用 正在解析因子: =?utf-8?b?QWxwaGFQaWxvdCDlpIfku73kv6Hlj7cgKGFscGhhX3NpZ25hbF90aHJfMjAyNjA4MTRfMTAxOC5qc29uKSBb5aSHUVEt6Ieq5L+dXQ==?=
[2026-08-14 13:35:49]  发现表格，共 15 行数据
[2026-08-14 13:35:49]  动态索引映射: ['股票代码', '股票名称', '信号', '当前价格', '量比', '来源过滤']
[2026-08-14 13:35:49]  [行1] 解析成功: SHSE.688002 [睿创微纳] BUY @ 167.5 (VR:0.09)
[2026-08-14 13:35:49]  [行2] 解析成功: SHSE.688521 [芯原股份] BUY @ 207.5 (VR:0.26)
[2026-08-14 13:35:49]  [行3] 解析成功: SZSE.300689 [澄天伟业] SELL @ 53.8 (VR:0.18)
[2026-08-14 13:35:49]  [行4] 解析成功: SZSE.301045 [天禄科技] SELL @ 70.58 (VR:2.07)
[2026-08-14 13:35:49]  [行5] 解析成功: SZSE.301013 [利和兴] SELL @ 46.23 (VR:3.33)
[2026-08-14 13:35:49]  [行6] 解析成功: SZSE.001339 [智微智能] SELL @ 86.19 (VR:0.14)
[2026-08-14 13:35:49]  [行7] 解析成功: SHSE.688110 [东芯股份] SELL @ 115.95 (VR:0.1)
[2026-08-14 13:35:49]  [行8] 解析成功: SHSE.688002 [睿创微纳] BUY @ 167.72 (VR:0.05)
[2026-08-14 13:35:49]  [行9] 解析成功: SHSE.688102 [斯瑞新材] BUY @ 37.7 (VR:0.05)
[2026-08-14 13:35:49]  [行10] 解析成功: SHSE.688521 [芯原股份] BUY @ 207.74 (VR:0.07)
[2026-08-14 13:35:49]  [行11] 解析成功: SZSE.300689 [澄天伟业] SELL @ 53.77 (VR:0.15)
[2026-08-14 13:35:49]  [行12] 解析成功: SZSE.301013 [利和兴] SELL @ 46.19 (VR:0.83)
[2026-08-14 13:35:49]  [行13] 解析成功: SZSE.300790 [宇瞳光学] SELL @ 20.18 (VR:0.85)
[2026-08-14 13:35:49]  [行14] 解析成功: SZSE.002718 [友邦吊顶] SELL @ 86.26 (VR:0.17)
[2026-08-14 13:35:49]  [行15] 解析成功: SZSE.001339 [智微智能] SELL @ 86.0 (VR:0.93)
[2026-08-14 13:35:49] 成功保存 15 条因子至: signal_batch_20260814_133549_331400.txt
[2026-08-14 13:35:49]  QQ-备用 邮件 3880 处理完成
[2026-08-14 13:35:49]  QQ-备用 正在解析因子: =?utf-8?b?QWxwaGFQaWxvdCDlpIfku73kv6Hlj7cgKGFscGhhX3NpZ25hbF90aHJfMjAyNjA4MTRfMTAyMS5qc29uKSBb5aSHUVEt6Ieq5L+dXQ==?=
[2026-08-14 13:35:49]  发现表格，共 6 行数据
[2026-08-14 13:35:49]  动态索引映射: ['股票代码', '股票名称', '信号', '当前价格', '量比', '来源过滤']
[2026-08-14 13:35:49]  [行1] 解析成功: SHSE.600353 [旭光电子] SELL @ 29.6 (VR:0.46)
[2026-08-14 13:35:49]  [行2] 解析成功: SZSE.000510 [新金路] BUY @ 16.87 (VR:0.69)
[2026-08-14 13:35:49]  [行3] 解析成功: SZSE.301419 [瑞可达] BUY @ 34.62 (VR:2.0)
[2026-08-14 13:35:49]  [行4] 解析成功: SHSE.600353 [旭光电子] SELL @ 29.57 (VR:1.1)
[2026-08-14 13:35:49]  [行5] 解析成功: SZSE.000510 [新金路] BUY @ 16.93 (VR:0.74)
[2026-08-14 13:35:49]  [行6] 解析成功: SZSE.300037 [新宙邦] BUY @ 67.08 (VR:0.5)
[2026-08-14 13:35:49] 成功保存 6 条因子至: signal_batch_20260814_133549_713133.txt
[2026-08-14 13:35:49]  QQ-备用 邮件 3881 处理完成
[2026-08-14 13:35:49]  QQ-备用 正在解析因子: =?utf-8?b?QWxwaGFQaWxvdCDlpIfku73kv6Hlj7cgKGFscGhhX3NpZ25hbF90aHJfMjAyNjA4MTRfMTAyMS5qc29uKSBb5aSHUVEt6Ieq5L+dXQ==?=
[2026-08-14 13:35:49]  发现表格，共 6 行数据
[2026-08-14 13:35:49]  动态索引映射: ['股票代码', '股票名称', '信号', '当前价格', '量比', '来源过滤']
[2026-08-14 13:35:49]  [行1] 解析成功: SHSE.600353 [旭光电子] SELL @ 29.6 (VR:0.46)
[2026-08-14 13:35:49]  [行2] 解析成功: SZSE.000510 [新金路] BUY @ 16.87 (VR:0.69)
[2026-08-14 13:35:49]  [行3] 解析成功: SZSE.301419 [瑞可达] BUY @ 34.62 (VR:2.0)
[2026-08-14 13:35:49]  [行4] 解析成功: SHSE.600353 [旭光电子] SELL @ 29.57 (VR:1.1)
[2026-08-14 13:35:49]  [行5] 解析成功: SZSE.000510 [新金路] BUY @ 16.93 (VR:0.74)
[2026-08-14 13:35:49]  [行6] 解析成功: SZSE.300037 [新宙邦] BUY @ 67.08 (VR:0.5)
[2026-08-14 13:35:49] 本批信号内容已存在（哈希重复），跳过保存（防双邮箱重复）
[2026-08-14 13:35:49]  QQ-备用 邮件 3882 保存因子失败
[2026-08-14 13:35:50]  QQ-备用 正在解析因子: =?utf-8?b?QWxwaGFQaWxvdCDlpIfku73kv6Hlj7cgKGFscGhhX3NpZ25hbF90aHJfMjAyNjA4MTRfMTAyNC5qc29uKSBb5aSHUVEt6Ieq5L+dXQ==?=
[2026-08-14 13:35:50]  发现表格，共 9 行数据
[2026-08-14 13:35:50]  动态索引映射: ['股票代码', '股票名称', '信号', '当前价格', '量比', '来源过滤']
[2026-08-14 13:35:50]  [行1] 解析成功: SHSE.603773 [沃格光电] BUY @ 93.6 (VR:0.42)
[2026-08-14 13:35:50]  [行2] 解析成功: SZSE.003031 [中瓷电子] BUY @ 124.88 (VR:2.42)
[2026-08-14 13:35:50]  [行3] 解析成功: SZSE.002643 [万润股份] SELL @ 14.3 (VR:1.08)
[2026-08-14 13:35:50]  [行4] 解析成功: SZSE.002937 [兴瑞科技] BUY @ 29.6 (VR:0.06)
[2026-08-14 13:35:50]  [行5] 解析成功: SZSE.000920 [沃顿科技] SELL @ 11.64 (VR:0.32)
[2026-08-14 13:35:50]  [行6] 解析成功: SZSE.003031 [中瓷电子] BUY @ 125.0 (VR:1.54)
[2026-08-14 13:35:50]  [行7] 解析成功: SZSE.002643 [万润股份] SELL @ 14.28 (VR:0.08)
[2026-08-14 13:35:50]  [行8] 解析成功: SZSE.002937 [兴瑞科技] BUY @ 29.61 (VR:0.09)
[2026-08-14 13:35:50]  [行9] 解析成功: SZSE.300607 [拓斯达] SELL @ 33.97 (VR:0.28)
[2026-08-14 13:35:50] 成功保存 9 条因子至: signal_batch_20260814_133550_120715.txt
[2026-08-14 13:35:50]  QQ-备用 邮件 3883 处理完成
[2026-08-14 13:35:50]  QQ-备用 正在解析因子: =?utf-8?b?QWxwaGFQaWxvdCDlpIfku73kv6Hlj7cgKGFscGhhX3NpZ25hbF90aHJfMjAyNjA4MTRfMTAyNC5qc29uKSBb5aSHUVEt6Ieq5L+dXQ==?=
[2026-08-14 13:35:50]  发现表格，共 9 行数据
[2026-08-14 13:35:50]  动态索引映射: ['股票代码', '股票名称', '信号', '当前价格', '量比', '来源过滤']
[2026-08-14 13:35:50]  [行1] 解析成功: SHSE.603773 [沃格光电] BUY @ 93.6 (VR:0.42)
[2026-08-14 13:35:50]  [行2] 解析成功: SZSE.003031 [中瓷电子] BUY @ 124.88 (VR:2.42)
[2026-08-14 13:35:50]  [行3] 解析成功: SZSE.002643 [万润股份] SELL @ 14.3 (VR:1.08)
[2026-08-14 13:35:50]  [行4] 解析成功: SZSE.002937 [兴瑞科技] BUY @ 29.6 (VR:0.06)
[2026-08-14 13:35:50]  [行5] 解析成功: SZSE.000920 [沃顿科技] SELL @ 11.64 (VR:0.32)
[2026-08-14 13:35:50]  [行6] 解析成功: SZSE.003031 [中瓷电子] BUY @ 125.0 (VR:1.54)
[2026-08-14 13:35:50]  [行7] 解析成功: SZSE.002643 [万润股份] SELL @ 14.28 (VR:0.08)
[2026-08-14 13:35:50]  [行8] 解析成功: SZSE.002937 [兴瑞科技] BUY @ 29.61 (VR:0.09)
[2026-08-14 13:35:50]  [行9] 解析成功: SZSE.300607 [拓斯达] SELL @ 33.97 (VR:0.28)
[2026-08-14 13:35:50] 本批信号内容已存在（哈希重复），跳过保存（防双邮箱重复）
[2026-08-14 13:35:50]  QQ-备用 邮件 3884 保存因子失败
[2026-08-14 13:35:50]  QQ-备用 正在解析因子: =?utf-8?b?QWxwaGFQaWxvdCDlpIfku73kv6Hlj7cgKGFscGhhX3NpZ25hbF90aHJfMjAyNjA4MTRfMTAyNy5qc29uKSBb5aSHUVEt6Ieq5L+dXQ==?=
[2026-08-14 13:35:50]  发现表格，共 15 行数据
[2026-08-14 13:35:50]  动态索引映射: ['股票代码', '股票名称', '信号', '当前价格', '量比', '来源过滤']
[2026-08-14 13:35:50]  [行1] 解析成功: SHSE.688261 [东微半导] SELL @ 70.68 (VR:3.53)
[2026-08-14 13:35:50]  [行2] 解析成功: SHSE.688199 [久日新材] SELL @ 23.13 (VR:0.53)
[2026-08-14 13:35:50]  [行3] 解析成功: SZSE.300136 [信维通信] SELL @ 67.25 (VR:0.02)
[2026-08-14 13:35:50]  [行4] 解析成功: SZSE.300821 [东岳硅材] BUY @ 16.81 (VR:1.04)
[2026-08-14 13:35:50]  [行5] 解析成功: SZSE.300057 [万顺新材] SELL @ 6.45 (VR:1.43)
[2026-08-14 13:35:50]  [行6] 解析成功: SZSE.300162 [雷曼光电] BUY @ 7.56 (VR:0.22)
[2026-08-14 13:35:50]  [行7] 解析成功: SZSE.300767 [震安科技] SELL @ 18.47 (VR:0.02)
[2026-08-14 13:35:50]  [行8] 解析成功: SZSE.002158 [汉钟精机] BUY @ 28.14 (VR:0.13)
[2026-08-14 13:35:50]  [行9] 解析成功: SZSE.002456 [欧菲光] SELL @ 7.25 (VR:0.82)
[2026-08-14 13:35:50]  [行10] 解析成功: SHSE.688261 [东微半导] SELL @ 70.55 (VR:1.65)
[2026-08-14 13:35:50]  [行11] 解析成功: SZSE.300821 [东岳硅材] BUY @ 16.83 (VR:0.57)
[2026-08-14 13:35:50]  [行12] 解析成功: SZSE.300236 [上海新阳] BUY @ 93.41 (VR:1.08)
[2026-08-14 13:35:50]  [行13] 解析成功: SZSE.300162 [雷曼光电] BUY @ 7.57 (VR:0.59)
[2026-08-14 13:35:50]  [行14] 解析成功: SZSE.300767 [震安科技] SELL @ 18.44 (VR:0.25)
[2026-08-14 13:35:50]  [行15] 解析成功: SZSE.002158 [汉钟精机] BUY @ 28.15 (VR:0.05)
[2026-08-14 13:35:50] 成功保存 15 条因子至: signal_batch_20260814_133550_575474.txt
[2026-08-14 13:35:50]  QQ-备用 邮件 3885 处理完成
[2026-08-14 13:35:50]  QQ-备用 正在解析因子: =?utf-8?b?QWxwaGFQaWxvdCDlpIfku73kv6Hlj7cgKGFscGhhX3NpZ25hbF90aHJfMjAyNjA4MTRfMTAyNy5qc29uKSBb5aSHUVEt6Ieq5L+dXQ==?=
[2026-08-14 13:35:50]  发现表格，共 15 行数据
[2026-08-14 13:35:50]  动态索引映射: ['股票代码', '股票名称', '信号', '当前价格', '量比', '来源过滤']
[2026-08-14 13:35:50]  [行1] 解析成功: SHSE.688261 [东微半导] SELL @ 70.68 (VR:3.53)
[2026-08-14 13:35:50]  [行2] 解析成功: SHSE.688199 [久日新材] SELL @ 23.13 (VR:0.53)
[2026-08-14 13:35:50]  [行3] 解析成功: SZSE.300136 [信维通信] SELL @ 67.25 (VR:0.02)
[2026-08-14 13:35:50]  [行4] 解析成功: SZSE.300821 [东岳硅材] BUY @ 16.81 (VR:1.04)
[2026-08-14 13:35:50]  [行5] 解析成功: SZSE.300057 [万顺新材] SELL @ 6.45 (VR:1.43)
[2026-08-14 13:35:50]  [行6] 解析成功: SZSE.300162 [雷曼光电] BUY @ 7.56 (VR:0.22)
[2026-08-14 13:35:50]  [行7] 解析成功: SZSE.300767 [震安科技] SELL @ 18.47 (VR:0.02)
[2026-08-14 13:35:50]  [行8] 解析成功: SZSE.002158 [汉钟精机] BUY @ 28.14 (VR:0.13)
[2026-08-14 13:35:50]  [行9] 解析成功: SZSE.002456 [欧菲光] SELL @ 7.25 (VR:0.82)
[2026-08-14 13:35:50]  [行10] 解析成功: SHSE.688261 [东微半导] SELL @ 70.55 (VR:1.65)
[2026-08-14 13:35:50]  [行11] 解析成功: SZSE.300821 [东岳硅材] BUY @ 16.83 (VR:0.57)
[2026-08-14 13:35:50]  [行12] 解析成功: SZSE.300236 [上海新阳] BUY @ 93.41 (VR:1.08)
[2026-08-14 13:35:50]  [行13] 解析成功: SZSE.300162 [雷曼光电] BUY @ 7.57 (VR:0.59)
[2026-08-14 13:35:50]  [行14] 解析成功: SZSE.300767 [震安科技] SELL @ 18.44 (VR:0.25)
[2026-08-14 13:35:50]  [行15] 解析成功: SZSE.002158 [汉钟精机] BUY @ 28.15 (VR:0.05)
[2026-08-14 13:35:50] 本批信号内容已存在（哈希重复），跳过保存（防双邮箱重复）
[2026-08-14 13:35:50]  QQ-备用 邮件 3886 保存因子失败
[2026-08-14 13:35:50]  QQ-备用 正在解析因子: =?utf-8?b?QWxwaGFQaWxvdCDlpIfku73kv6Hlj7cgKGFscGhhX3NpZ25hbF90aHJfMjAyNjA4MTRfMTAzMC5qc29uKSBb5aSHUVEt6Ieq5L+dXQ==?=
[2026-08-14 13:35:50]  发现表格，共 19 行数据
[2026-08-14 13:35:50]  动态索引映射: ['股票代码', '股票名称', '信号', '当前价格', '量比', '来源过滤']
[2026-08-14 13:35:50]  [行1] 解析成功: SHSE.688286 [敏芯股份] BUY @ 51.09 (VR:3.81)
[2026-08-14 13:35:50]  [行2] 解析成功: SHSE.688511 [天微电子] BUY @ 23.34 (VR:0.05)
[2026-08-14 13:35:50]  [行3] 解析成功: SHSE.688249 [晶合集成] SELL @ 39.73 (VR:0.37)
[2026-08-14 13:35:50]  [行4] 解析成功: SHSE.688138 [清溢光电] SELL @ 33.82 (VR:0.32)
[2026-08-14 13:35:50]  [行5] 解析成功: SZSE.300285 [国瓷材料] SELL @ 71.29 (VR:0.0)
[2026-08-14 13:35:50]  [行6] 解析成功: SZSE.301252 [同星科技] SELL @ 33.18 (VR:2.06)
[2026-08-14 13:35:50]  [行7] 解析成功: SZSE.301392 [汇成真空] SELL @ 167.33 (VR:0.95)
[2026-08-14 13:35:50]  [行8] 解析成功: SZSE.300214 [日科化学] SELL @ 12.02 (VR:0.71)
[2026-08-14 13:35:50]  [行9] 解析成功: SZSE.300088 [长信科技] SELL @ 7.54 (VR:0.0)
[2026-08-14 13:35:50]  [行10] 解析成功: SHSE.688286 [敏芯股份] BUY @ 51.25 (VR:2.26)
[2026-08-14 13:35:50]  [行11] 解析成功: SHSE.688511 [天微电子] BUY @ 23.34 (VR:0.05)
[2026-08-14 13:35:50]  [行12] 解析成功: SHSE.688216 [气派科技] SELL @ 31.0 (VR:0.08)
[2026-08-14 13:35:50]  [行13] 解析成功: SHSE.688249 [晶合集成] SELL @ 39.72 (VR:0.1)
[2026-08-14 13:35:50]  [行14] 解析成功: SHSE.688138 [清溢光电] SELL @ 33.7 (VR:0.51)
[2026-08-14 13:35:50]  [行15] 解析成功: SZSE.300285 [国瓷材料] SELL @ 71.28 (VR:0.22)
[2026-08-14 13:35:50]  [行16] 解析成功: SZSE.301252 [同星科技] SELL @ 33.16 (VR:0.65)
[2026-08-14 13:35:50]  [行17] 解析成功: SZSE.301392 [汇成真空] SELL @ 167.12 (VR:0.26)
[2026-08-14 13:35:50]  [行18] 解析成功: SZSE.300214 [日科化学] SELL @ 11.96 (VR:0.0)
[2026-08-14 13:35:50]  [行19] 解析成功: SZSE.300088 [长信科技] SELL @ 7.53 (VR:0.22)
[2026-08-14 13:35:50] 成功保存 19 条因子至: signal_batch_20260814_133550_993163.txt
[2026-08-14 13:35:51]  QQ-备用 邮件 3887 处理完成
[2026-08-14 13:35:51]  QQ-备用 正在解析因子: =?utf-8?b?QWxwaGFQaWxvdCDlpIfku73kv6Hlj7cgKGFscGhhX3NpZ25hbF90aHJfMjAyNjA4MTRfMTAzMC5qc29uKSBb5aSHUVEt6Ieq5L+dXQ==?=
[2026-08-14 13:35:51]  发现表格，共 19 行数据
[2026-08-14 13:35:51]  动态索引映射: ['股票代码', '股票名称', '信号', '当前价格', '量比', '来源过滤']
[2026-08-14 13:35:51]  [行1] 解析成功: SHSE.688286 [敏芯股份] BUY @ 51.09 (VR:3.81)
[2026-08-14 13:35:51]  [行2] 解析成功: SHSE.688511 [天微电子] BUY @ 23.34 (VR:0.05)
[2026-08-14 13:35:51]  [行3] 解析成功: SHSE.688249 [晶合集成] SELL @ 39.73 (VR:0.37)
[2026-08-14 13:35:51]  [行4] 解析成功: SHSE.688138 [清溢光电] SELL @ 33.82 (VR:0.32)
[2026-08-14 13:35:51]  [行5] 解析成功: SZSE.300285 [国瓷材料] SELL @ 71.29 (VR:0.0)
[2026-08-14 13:35:51]  [行6] 解析成功: SZSE.301252 [同星科技] SELL @ 33.18 (VR:2.06)
[2026-08-14 13:35:51]  [行7] 解析成功: SZSE.301392 [汇成真空] SELL @ 167.33 (VR:0.95)
[2026-08-14 13:35:51]  [行8] 解析成功: SZSE.300214 [日科化学] SELL @ 12.02 (VR:0.71)
[2026-08-14 13:35:51]  [行9] 解析成功: SZSE.300088 [长信科技] SELL @ 7.54 (VR:0.0)
[2026-08-14 13:35:51]  [行10] 解析成功: SHSE.688286 [敏芯股份] BUY @ 51.25 (VR:2.26)
[2026-08-14 13:35:51]  [行11] 解析成功: SHSE.688511 [天微电子] BUY @ 23.34 (VR:0.05)
[2026-08-14 13:35:51]  [行12] 解析成功: SHSE.688216 [气派科技] SELL @ 31.0 (VR:0.08)
[2026-08-14 13:35:51]  [行13] 解析成功: SHSE.688249 [晶合集成] SELL @ 39.72 (VR:0.1)
[2026-08-14 13:35:51]  [行14] 解析成功: SHSE.688138 [清溢光电] SELL @ 33.7 (VR:0.51)
[2026-08-14 13:35:51]  [行15] 解析成功: SZSE.300285 [国瓷材料] SELL @ 71.28 (VR:0.22)
[2026-08-14 13:35:51]  [行16] 解析成功: SZSE.301252 [同星科技] SELL @ 33.16 (VR:0.65)
[2026-08-14 13:35:51]  [行17] 解析成功: SZSE.301392 [汇成真空] SELL @ 167.12 (VR:0.26)
[2026-08-14 13:35:51]  [行18] 解析成功: SZSE.300214 [日科化学] SELL @ 11.96 (VR:0.0)
[2026-08-14 13:35:51]  [行19] 解析成功: SZSE.300088 [长信科技] SELL @ 7.53 (VR:0.22)
[2026-08-14 13:35:51] 成功保存 19 条因子至: signal_batch_20260814_133551_291296.txt
[2026-08-14 13:35:51]  QQ-备用 邮件 3888 处理完成
[2026-08-14 13:35:51]  QQ-备用 正在解析因子: =?utf-8?b?QWxwaGFQaWxvdCDlpIfku73kv6Hlj7cgKGFscGhhX3NpZ25hbF90aHJfMjAyNjA4MTRfMTAzMi5qc29uKSBb5aSHUVEt6Ieq5L+dXQ==?=
[2026-08-14 13:35:51]  发现表格，共 10 行数据
[2026-08-14 13:35:51]  动态索引映射: ['股票代码', '股票名称', '信号', '当前价格', '量比', '来源过滤']
[2026-08-14 13:35:51]  [行1] 解析成功: SHSE.688665 [四方光电] BUY @ 45.41 (VR:2.02)
[2026-08-14 13:35:51]  [行2] 解析成功: SHSE.688102 [斯瑞新材] SELL @ 37.45 (VR:0.61)
[2026-08-14 13:35:51]  [行3] 解析成功: SHSE.688521 [芯原股份] BUY @ 207.77 (VR:0.03)
[2026-08-14 13:35:51]  [行4] 解析成功: SZSE.301013 [利和兴] BUY @ 46.15 (VR:0.03)
[2026-08-14 13:35:51]  [行5] 解析成功: SZSE.300790 [宇瞳光学] BUY @ 20.12 (VR:0.13)
[2026-08-14 13:35:51]  [行6] 解析成功: SHSE.688665 [四方光电] BUY @ 45.56 (VR:3.19)
[2026-08-14 13:35:51]  [行7] 解析成功: SHSE.688102 [斯瑞新材] SELL @ 37.41 (VR:0.25)
[2026-08-14 13:35:51]  [行8] 解析成功: SHSE.688521 [芯原股份] BUY @ 208.12 (VR:0.19)
[2026-08-14 13:35:51]  [行9] 解析成功: SZSE.301013 [利和兴] BUY @ 46.2 (VR:1.45)
[2026-08-14 13:35:51]  [行10] 解析成功: SZSE.300790 [宇瞳光学] BUY @ 20.14 (VR:1.01)
[2026-08-14 13:35:51] 成功保存 10 条因子至: signal_batch_20260814_133551_597644.txt
[2026-08-14 13:35:51]  QQ-备用 邮件 3889 处理完成
[2026-08-14 13:35:51]  QQ-备用 正在解析因子: =?utf-8?b?QWxwaGFQaWxvdCDlpIfku73kv6Hlj7cgKGFscGhhX3NpZ25hbF90aHJfMjAyNjA4MTRfMTAzMi5qc29uKSBb5aSHUVEt6Ieq5L+dXQ==?=
[2026-08-14 13:35:51]  发现表格，共 10 行数据
[2026-08-14 13:35:51]  动态索引映射: ['股票代码', '股票名称', '信号', '当前价格', '量比', '来源过滤']
[2026-08-14 13:35:51]  [行1] 解析成功: SHSE.688665 [四方光电] BUY @ 45.41 (VR:2.02)
[2026-08-14 13:35:51]  [行2] 解析成功: SHSE.688102 [斯瑞新材] SELL @ 37.45 (VR:0.61)
[2026-08-14 13:35:51]  [行3] 解析成功: SHSE.688521 [芯原股份] BUY @ 207.77 (VR:0.03)
[2026-08-14 13:35:51]  [行4] 解析成功: SZSE.301013 [利和兴] BUY @ 46.15 (VR:0.03)
[2026-08-14 13:35:51]  [行5] 解析成功: SZSE.300790 [宇瞳光学] BUY @ 20.12 (VR:0.13)
[2026-08-14 13:35:51]  [行6] 解析成功: SHSE.688665 [四方光电] BUY @ 45.56 (VR:3.19)
[2026-08-14 13:35:51]  [行7] 解析成功: SHSE.688102 [斯瑞新材] SELL @ 37.41 (VR:0.25)
[2026-08-14 13:35:51]  [行8] 解析成功: SHSE.688521 [芯原股份] BUY @ 208.12 (VR:0.19)
[2026-08-14 13:35:51]  [行9] 解析成功: SZSE.301013 [利和兴] BUY @ 46.2 (VR:1.45)
[2026-08-14 13:35:51]  [行10] 解析成功: SZSE.300790 [宇瞳光学] BUY @ 20.14 (VR:1.01)
[2026-08-14 13:35:51] 本批信号内容已存在（哈希重复），跳过保存（防双邮箱重复）
[2026-08-14 13:35:51]  QQ-备用 邮件 3890 保存因子失败
[2026-08-14 13:35:52]  QQ-备用 正在解析因子: =?utf-8?b?QWxwaGFQaWxvdCDlpIfku73kv6Hlj7cgKGFscGhhX3NpZ25hbF90aHJfMjAyNjA4MTRfMTAzNC5qc29uKSBb5aSHUVEt6Ieq5L+dXQ==?=
[2026-08-14 13:35:52]  发现表格，共 6 行数据
[2026-08-14 13:35:52]  动态索引映射: ['股票代码', '股票名称', '信号', '当前价格', '量比', '来源过滤']
[2026-08-14 13:35:52]  [行1] 解析成功: SHSE.600353 [旭光电子] BUY @ 29.9 (VR:1.98)
[2026-08-14 13:35:52]  [行2] 解析成功: SHSE.601138 [工业富联] BUY @ 65.49 (VR:1.35)
[2026-08-14 13:35:52]  [行3] 解析成功: SZSE.000510 [新金路] BUY @ 16.84 (VR:0.21)
[2026-08-14 13:35:52]  [行4] 解析成功: SHSE.600353 [旭光电子] BUY @ 30.03 (VR:3.13)
[2026-08-14 13:35:52]  [行5] 解析成功: SHSE.601138 [工业富联] BUY @ 65.63 (VR:1.32)
[2026-08-14 13:35:52]  [行6] 解析成功: SZSE.000510 [新金路] BUY @ 16.92 (VR:0.04)
[2026-08-14 13:35:52] 成功保存 6 条因子至: signal_batch_20260814_133552_046936.txt
[2026-08-14 13:35:52]  QQ-备用 邮件 3891 处理完成
[2026-08-14 13:35:52]  QQ-备用 正在解析因子: =?utf-8?b?QWxwaGFQaWxvdCDlpIfku73kv6Hlj7cgKGFscGhhX3NpZ25hbF90aHJfMjAyNjA4MTRfMTAzNC5qc29uKSBb5aSHUVEt6Ieq5L+dXQ==?=
[2026-08-14 13:35:52]  发现表格，共 6 行数据
[2026-08-14 13:35:52]  动态索引映射: ['股票代码', '股票名称', '信号', '当前价格', '量比', '来源过滤']
[2026-08-14 13:35:52]  [行1] 解析成功: SHSE.600353 [旭光电子] BUY @ 29.9 (VR:1.98)
[2026-08-14 13:35:52]  [行2] 解析成功: SHSE.601138 [工业富联] BUY @ 65.49 (VR:1.35)
[2026-08-14 13:35:52]  [行3] 解析成功: SZSE.000510 [新金路] BUY @ 16.84 (VR:0.21)
[2026-08-14 13:35:52]  [行4] 解析成功: SHSE.600353 [旭光电子] BUY @ 30.03 (VR:3.13)
[2026-08-14 13:35:52]  [行5] 解析成功: SHSE.601138 [工业富联] BUY @ 65.63 (VR:1.32)
[2026-08-14 13:35:52]  [行6] 解析成功: SZSE.000510 [新金路] BUY @ 16.92 (VR:0.04)
[2026-08-14 13:35:52] 本批信号内容已存在（哈希重复），跳过保存（防双邮箱重复）
[2026-08-14 13:35:52]  QQ-备用 邮件 3892 保存因子失败
[2026-08-14 13:35:52]  QQ-备用 正在解析因子: =?utf-8?b?QWxwaGFQaWxvdCDlpIfku73kv6Hlj7cgKGFscGhhX3NpZ25hbF90aHJfMjAyNjA4MTRfMTAzNy5qc29uKSBb5aSHUVEt6Ieq5L+dXQ==?=
[2026-08-14 13:35:52]  发现表格，共 12 行数据
[2026-08-14 13:35:52]  动态索引映射: ['股票代码', '股票名称', '信号', '当前价格', '量比', '来源过滤']
[2026-08-14 13:35:52]  [行1] 解析成功: SHSE.603618 [杭电股份] BUY @ 28.91 (VR:8.47)
[2026-08-14 13:35:52]  [行2] 解析成功: SHSE.605111 [新洁能] BUY @ 57.64 (VR:0.11)
[2026-08-14 13:35:52]  [行3] 解析成功: SHSE.600909 [华安证券] BUY @ 8.25 (VR:0.17)
[2026-08-14 13:35:52]  [行4] 解析成功: SZSE.000920 [沃顿科技] SELL @ 11.67 (VR:0.04)
[2026-08-14 13:35:52]  [行5] 解析成功: SZSE.300607 [拓斯达] BUY @ 34.26 (VR:0.03)
[2026-08-14 13:35:52]  [行6] 解析成功: SZSE.301070 [开勒股份] BUY @ 66.5 (VR:0.09)
[2026-08-14 13:35:52]  [行7] 解析成功: SHSE.603618 [杭电股份] BUY @ 29.87 (VR:2.59)
[2026-08-14 13:35:52]  [行8] 解析成功: SHSE.605111 [新洁能] BUY @ 57.76 (VR:0.01)
[2026-08-14 13:35:52]  [行9] 解析成功: SHSE.600909 [华安证券] BUY @ 8.26 (VR:0.22)
[2026-08-14 13:35:52]  [行10] 解析成功: SZSE.000920 [沃顿科技] SELL @ 11.66 (VR:0.18)
[2026-08-14 13:35:52]  [行11] 解析成功: SZSE.300607 [拓斯达] BUY @ 34.27 (VR:0.75)
[2026-08-14 13:35:52]  [行12] 解析成功: SZSE.301070 [开勒股份] BUY @ 66.57 (VR:0.98)
[2026-08-14 13:35:52] 成功保存 12 条因子至: signal_batch_20260814_133552_455878.txt
[2026-08-14 13:35:52]  QQ-备用 邮件 3893 处理完成
[2026-08-14 13:35:52]  QQ-备用 正在解析因子: =?utf-8?b?QWxwaGFQaWxvdCDlpIfku73kv6Hlj7cgKGFscGhhX3NpZ25hbF90aHJfMjAyNjA4MTRfMTAzNy5qc29uKSBb5aSHUVEt6Ieq5L+dXQ==?=
[2026-08-14 13:35:52]  发现表格，共 12 行数据
[2026-08-14 13:35:52]  动态索引映射: ['股票代码', '股票名称', '信号', '当前价格', '量比', '来源过滤']
[2026-08-14 13:35:52]  [行1] 解析成功: SHSE.603618 [杭电股份] BUY @ 28.91 (VR:8.47)
[2026-08-14 13:35:52]  [行2] 解析成功: SHSE.605111 [新洁能] BUY @ 57.64 (VR:0.11)
[2026-08-14 13:35:52]  [行3] 解析成功: SHSE.600909 [华安证券] BUY @ 8.25 (VR:0.17)
[2026-08-14 13:35:52]  [行4] 解析成功: SZSE.000920 [沃顿科技] SELL @ 11.67 (VR:0.04)
[2026-08-14 13:35:52]  [行5] 解析成功: SZSE.300607 [拓斯达] BUY @ 34.26 (VR:0.03)
[2026-08-14 13:35:52]  [行6] 解析成功: SZSE.301070 [开勒股份] BUY @ 66.5 (VR:0.09)
[2026-08-14 13:35:52]  [行7] 解析成功: SHSE.603618 [杭电股份] BUY @ 29.87 (VR:2.59)
[2026-08-14 13:35:52]  [行8] 解析成功: SHSE.605111 [新洁能] BUY @ 57.76 (VR:0.01)
[2026-08-14 13:35:52]  [行9] 解析成功: SHSE.600909 [华安证券] BUY @ 8.26 (VR:0.22)
[2026-08-14 13:35:52]  [行10] 解析成功: SZSE.000920 [沃顿科技] SELL @ 11.66 (VR:0.18)
[2026-08-14 13:35:52]  [行11] 解析成功: SZSE.300607 [拓斯达] BUY @ 34.27 (VR:0.75)
[2026-08-14 13:35:52]  [行12] 解析成功: SZSE.301070 [开勒股份] BUY @ 66.57 (VR:0.98)
[2026-08-14 13:35:52] 本批信号内容已存在（哈希重复），跳过保存（防双邮箱重复）
[2026-08-14 13:35:52]  QQ-备用 邮件 3894 保存因子失败
[2026-08-14 13:35:53]  QQ-备用 正在解析因子: =?utf-8?b?QWxwaGFQaWxvdCDlpIfku73kv6Hlj7cgKGFscGhhX3NpZ25hbF90aHJfMjAyNjA4MTRfMTAzOS5qc29uKSBb5aSHUVEt6Ieq5L+dXQ==?=
[2026-08-14 13:35:53]  发现表格，共 6 行数据
[2026-08-14 13:35:53]  动态索引映射: ['股票代码', '股票名称', '信号', '当前价格', '量比', '来源过滤']
[2026-08-14 13:35:53]  [行1] 解析成功: SHSE.688261 [东微半导] BUY @ 70.73 (VR:0.51)
[2026-08-14 13:35:53]  [行2] 解析成功: SZSE.300236 [上海新阳] SELL @ 93.95 (VR:0.2)
[2026-08-14 13:35:53]  [行3] 解析成功: SZSE.300767 [震安科技] BUY @ 18.45 (VR:0.33)
[2026-08-14 13:35:53]  [行4] 解析成功: SHSE.688261 [东微半导] BUY @ 70.78 (VR:0.62)
[2026-08-14 13:35:53]  [行5] 解析成功: SZSE.300236 [上海新阳] SELL @ 93.79 (VR:0.2)
[2026-08-14 13:35:53]  [行6] 解析成功: SZSE.300767 [震安科技] BUY @ 18.47 (VR:0.15)
[2026-08-14 13:35:54] 成功保存 6 条因子至: signal_batch_20260814_133553_879057.txt
[2026-08-14 13:35:54]  QQ-备用 邮件 3895 处理完成
[2026-08-14 13:35:54]  QQ-备用 正在解析因子: =?utf-8?b?QWxwaGFQaWxvdCDlpIfku73kv6Hlj7cgKGFscGhhX3NpZ25hbF90aHJfMjAyNjA4MTRfMTAzOS5qc29uKSBb5aSHUVEt6Ieq5L+dXQ==?=
[2026-08-14 13:35:54]  发现表格，共 6 行数据
[2026-08-14 13:35:54]  动态索引映射: ['股票代码', '股票名称', '信号', '当前价格', '量比', '来源过滤']
[2026-08-14 13:35:54]  [行1] 解析成功: SHSE.688261 [东微半导] BUY @ 70.73 (VR:0.51)
[2026-08-14 13:35:54]  [行2] 解析成功: SZSE.300236 [上海新阳] SELL @ 93.95 (VR:0.2)
[2026-08-14 13:35:54]  [行3] 解析成功: SZSE.300767 [震安科技] BUY @ 18.45 (VR:0.33)
[2026-08-14 13:35:54]  [行4] 解析成功: SHSE.688261 [东微半导] BUY @ 70.78 (VR:0.62)
[2026-08-14 13:35:54]  [行5] 解析成功: SZSE.300236 [上海新阳] SELL @ 93.79 (VR:0.2)
[2026-08-14 13:35:54]  [行6] 解析成功: SZSE.300767 [震安科技] BUY @ 18.47 (VR:0.15)
[2026-08-14 13:35:54] 成功保存 6 条因子至: signal_batch_20260814_133554_717339.txt
[2026-08-14 13:35:54]  QQ-备用 邮件 3896 处理完成
[2026-08-14 13:35:54]  QQ-备用 正在解析因子: =?utf-8?b?QWxwaGFQaWxvdCDlpIfku73kv6Hlj7cgKGFscGhhX3NpZ25hbF90aHJfMjAyNjA4MTRfMTA0MS5qc29uKSBb5aSHUVEt6Ieq5L+dXQ==?=
[2026-08-14 13:35:54]  发现表格，共 16 行数据
[2026-08-14 13:35:54]  动态索引映射: ['股票代码', '股票名称', '信号', '当前价格', '量比', '来源过滤']
[2026-08-14 13:35:54]  [行1] 解析成功: SHSE.688286 [敏芯股份] BUY @ 51.82 (VR:6.88)
[2026-08-14 13:35:54]  [行2] 解析成功: SHSE.688511 [天微电子] SELL @ 23.54 (VR:0.03)
[2026-08-14 13:35:54]  [行3] 解析成功: SHSE.688216 [气派科技] BUY @ 31.06 (VR:0.2)
[2026-08-14 13:35:54]  [行4] 解析成功: SHSE.688721 [龙图光罩] BUY @ 41.19 (VR:0.41)
[2026-08-14 13:35:54]  [行5] 解析成功: SHSE.688138 [清溢光电] BUY @ 33.7 (VR:0.48)
[2026-08-14 13:35:54]  [行6] 解析成功: SZSE.300285 [国瓷材料] SELL @ 71.48 (VR:0.03)
[2026-08-14 13:35:54]  [行7] 解析成功: SZSE.301252 [同星科技] BUY @ 33.25 (VR:0.02)
[2026-08-14 13:35:55]  [行8] 解析成功: SZSE.300780 [德恩精工] BUY @ 20.53 (VR:2.44)
[2026-08-14 13:35:55]  [行9] 解析成功: SHSE.688286 [敏芯股份] BUY @ 51.89 (VR:3.57)
[2026-08-14 13:35:55]  [行10] 解析成功: SHSE.688511 [天微电子] SELL @ 23.49 (VR:0.4)
[2026-08-14 13:35:55]  [行11] 解析成功: SHSE.688216 [气派科技] BUY @ 31.1 (VR:1.23)
[2026-08-14 13:35:55]  [行12] 解析成功: SHSE.688721 [龙图光罩] BUY @ 41.2 (VR:0.73)
[2026-08-14 13:35:55]  [行13] 解析成功: SHSE.688138 [清溢光电] BUY @ 33.74 (VR:0.7)
[2026-08-14 13:35:55]  [行14] 解析成功: SZSE.300285 [国瓷材料] SELL @ 71.33 (VR:0.01)
[2026-08-14 13:35:55]  [行15] 解析成功: SZSE.301252 [同星科技] BUY @ 33.31 (VR:0.57)
[2026-08-14 13:35:55]  [行16] 解析成功: SZSE.300780 [德恩精工] BUY @ 20.57 (VR:0.82)
[2026-08-14 13:35:55] 成功保存 16 条因子至: signal_batch_20260814_133555_046176.txt
[2026-08-14 13:35:55]  QQ-备用 邮件 3897 处理完成
[2026-08-14 13:35:55]  QQ-备用 正在解析因子: =?utf-8?b?QWxwaGFQaWxvdCDlpIfku73kv6Hlj7cgKGFscGhhX3NpZ25hbF90aHJfMjAyNjA4MTRfMTA0MS5qc29uKSBb5aSHUVEt6Ieq5L+dXQ==?=
[2026-08-14 13:35:55]  发现表格，共 16 行数据
[2026-08-14 13:35:55]  动态索引映射: ['股票代码', '股票名称', '信号', '当前价格', '量比', '来源过滤']
[2026-08-14 13:35:55]  [行1] 解析成功: SHSE.688286 [敏芯股份] BUY @ 51.82 (VR:6.88)
[2026-08-14 13:35:55]  [行2] 解析成功: SHSE.688511 [天微电子] SELL @ 23.54 (VR:0.03)
[2026-08-14 13:35:55]  [行3] 解析成功: SHSE.688216 [气派科技] BUY @ 31.06 (VR:0.2)
[2026-08-14 13:35:55]  [行4] 解析成功: SHSE.688721 [龙图光罩] BUY @ 41.19 (VR:0.41)
[2026-08-14 13:35:55]  [行5] 解析成功: SHSE.688138 [清溢光电] BUY @ 33.7 (VR:0.48)
[2026-08-14 13:35:55]  [行6] 解析成功: SZSE.300285 [国瓷材料] SELL @ 71.48 (VR:0.03)
[2026-08-14 13:35:55]  [行7] 解析成功: SZSE.301252 [同星科技] BUY @ 33.25 (VR:0.02)
[2026-08-14 13:35:55]  [行8] 解析成功: SZSE.300780 [德恩精工] BUY @ 20.53 (VR:2.44)
[2026-08-14 13:35:55]  [行9] 解析成功: SHSE.688286 [敏芯股份] BUY @ 51.89 (VR:3.57)
[2026-08-14 13:35:55]  [行10] 解析成功: SHSE.688511 [天微电子] SELL @ 23.49 (VR:0.4)
[2026-08-14 13:35:55]  [行11] 解析成功: SHSE.688216 [气派科技] BUY @ 31.1 (VR:1.23)
[2026-08-14 13:35:55]  [行12] 解析成功: SHSE.688721 [龙图光罩] BUY @ 41.2 (VR:0.73)
[2026-08-14 13:35:55]  [行13] 解析成功: SHSE.688138 [清溢光电] BUY @ 33.74 (VR:0.7)
[2026-08-14 13:35:55]  [行14] 解析成功: SZSE.300285 [国瓷材料] SELL @ 71.33 (VR:0.01)
[2026-08-14 13:35:55]  [行15] 解析成功: SZSE.301252 [同星科技] BUY @ 33.31 (VR:0.57)
[2026-08-14 13:35:55]  [行16] 解析成功: SZSE.300780 [德恩精工] BUY @ 20.57 (VR:0.82)
[2026-08-14 13:35:55] 成功保存 16 条因子至: signal_batch_20260814_133555_364882.txt
[2026-08-14 13:35:55]  QQ-备用 邮件 3898 处理完成
[2026-08-14 13:35:55]  QQ-备用 正在解析因子: =?utf-8?b?QWxwaGFQaWxvdCDlpIfku73kv6Hlj7cgKGFscGhhX3NpZ25hbF90aHJfMjAyNjA4MTRfMTA0My5qc29uKSBb5aSHUVEt6Ieq5L+dXQ==?=
[2026-08-14 13:35:55]  发现表格，共 10 行数据
[2026-08-14 13:35:55]  动态索引映射: ['股票代码', '股票名称', '信号', '当前价格', '量比', '来源过滤']
[2026-08-14 13:35:55]  [行1] 解析成功: SHSE.688002 [睿创微纳] SELL @ 167.7 (VR:0.02)
[2026-08-14 13:35:55]  [行2] 解析成功: SHSE.688521 [芯原股份] SELL @ 208.35 (VR:0.23)
[2026-08-14 13:35:55]  [行3] 解析成功: SZSE.300679 [电连技术] BUY @ 43.25 (VR:0.58)
[2026-08-14 13:35:55]  [行4] 解析成功: SZSE.301013 [利和兴] BUY @ 46.16 (VR:0.9)
[2026-08-14 13:35:55]  [行5] 解析成功: SZSE.300790 [宇瞳光学] BUY @ 20.06 (VR:1.46)
[2026-08-14 13:35:55]  [行6] 解析成功: SHSE.688002 [睿创微纳] SELL @ 167.43 (VR:0.07)
[2026-08-14 13:35:55]  [行7] 解析成功: SHSE.688521 [芯原股份] SELL @ 208.34 (VR:0.06)
[2026-08-14 13:35:55]  [行8] 解析成功: SZSE.300679 [电连技术] BUY @ 43.26 (VR:0.15)
[2026-08-14 13:35:55]  [行9] 解析成功: SZSE.301013 [利和兴] BUY @ 46.24 (VR:1.83)
[2026-08-14 13:35:55]  [行10] 解析成功: SZSE.300790 [宇瞳光学] BUY @ 20.07 (VR:0.55)
[2026-08-14 13:35:55] 成功保存 10 条因子至: signal_batch_20260814_133555_705731.txt
[2026-08-14 13:35:55]  QQ-备用 邮件 3899 处理完成
[2026-08-14 13:35:55]  QQ-备用 正在解析因子: =?utf-8?b?QWxwaGFQaWxvdCDlpIfku73kv6Hlj7cgKGFscGhhX3NpZ25hbF90aHJfMjAyNjA4MTRfMTA0My5qc29uKSBb5aSHUVEt6Ieq5L+dXQ==?=
[2026-08-14 13:35:55]  发现表格，共 10 行数据
[2026-08-14 13:35:55]  动态索引映射: ['股票代码', '股票名称', '信号', '当前价格', '量比', '来源过滤']
[2026-08-14 13:35:55]  [行1] 解析成功: SHSE.688002 [睿创微纳] SELL @ 167.7 (VR:0.02)
[2026-08-14 13:35:55]  [行2] 解析成功: SHSE.688521 [芯原股份] SELL @ 208.35 (VR:0.23)
[2026-08-14 13:35:55]  [行3] 解析成功: SZSE.300679 [电连技术] BUY @ 43.25 (VR:0.58)
[2026-08-14 13:35:55]  [行4] 解析成功: SZSE.301013 [利和兴] BUY @ 46.16 (VR:0.9)
[2026-08-14 13:35:55]  [行5] 解析成功: SZSE.300790 [宇瞳光学] BUY @ 20.06 (VR:1.46)
[2026-08-14 13:35:55]  [行6] 解析成功: SHSE.688002 [睿创微纳] SELL @ 167.43 (VR:0.07)
[2026-08-14 13:35:55]  [行7] 解析成功: SHSE.688521 [芯原股份] SELL @ 208.34 (VR:0.06)
[2026-08-14 13:35:55]  [行8] 解析成功: SZSE.300679 [电连技术] BUY @ 43.26 (VR:0.15)
[2026-08-14 13:35:55]  [行9] 解析成功: SZSE.301013 [利和兴] BUY @ 46.24 (VR:1.83)
[2026-08-14 13:35:55]  [行10] 解析成功: SZSE.300790 [宇瞳光学] BUY @ 20.07 (VR:0.55)
[2026-08-14 13:35:55] 本批信号内容已存在（哈希重复），跳过保存（防双邮箱重复）
[2026-08-14 13:35:56]  QQ-备用 邮件 3900 保存因子失败
[2026-08-14 13:35:56]  QQ-备用 正在解析因子: =?utf-8?b?QWxwaGFQaWxvdCDlpIfku73kv6Hlj7cgKGFscGhhX3NpZ25hbF90aHJfMjAyNjA4MTRfMTA0Ni5qc29uKSBb5aSHUVEt6Ieq5L+dXQ==?=
[2026-08-14 13:35:56]  发现表格，共 4 行数据
[2026-08-14 13:35:56]  动态索引映射: ['股票代码', '股票名称', '信号', '当前价格', '量比', '来源过滤']
[2026-08-14 13:35:56]  [行1] 解析成功: SZSE.000510 [新金路] SELL @ 16.86 (VR:0.29)
[2026-08-14 13:35:56]  [行2] 解析成功: SZSE.301018 [申菱环境] SELL @ 93.5 (VR:0.7)
[2026-08-14 13:35:56]  [行3] 解析成功: SZSE.000510 [新金路] SELL @ 16.76 (VR:0.11)
[2026-08-14 13:35:56]  [行4] 解析成功: SZSE.301018 [申菱环境] SELL @ 93.3 (VR:0.05)
[2026-08-14 13:35:56] 成功保存 4 条因子至: signal_batch_20260814_133556_096053.txt
[2026-08-14 13:35:56]  QQ-备用 邮件 3901 处理完成
[2026-08-14 13:35:56]  QQ-备用 正在解析因子: =?utf-8?b?QWxwaGFQaWxvdCDlpIfku73kv6Hlj7cgKGFscGhhX3NpZ25hbF90aHJfMjAyNjA4MTRfMTA0Ni5qc29uKSBb5aSHUVEt6Ieq5L+dXQ==?=
[2026-08-14 13:35:56]  发现表格，共 4 行数据
[2026-08-14 13:35:56]  动态索引映射: ['股票代码', '股票名称', '信号', '当前价格', '量比', '来源过滤']
[2026-08-14 13:35:56]  [行1] 解析成功: SZSE.000510 [新金路] SELL @ 16.86 (VR:0.29)
[2026-08-14 13:35:56]  [行2] 解析成功: SZSE.301018 [申菱环境] SELL @ 93.5 (VR:0.7)
[2026-08-14 13:35:56]  [行3] 解析成功: SZSE.000510 [新金路] SELL @ 16.76 (VR:0.11)
[2026-08-14 13:35:56]  [行4] 解析成功: SZSE.301018 [申菱环境] SELL @ 93.3 (VR:0.05)
[2026-08-14 13:35:56] 本批信号内容已存在（哈希重复），跳过保存（防双邮箱重复）
[2026-08-14 13:35:56]  QQ-备用 邮件 3902 保存因子失败
[2026-08-14 13:35:56]  QQ-备用 正在解析因子: =?utf-8?b?QWxwaGFQaWxvdCDlpIfku73kv6Hlj7cgKGFscGhhX3NpZ25hbF90aHJfMjAyNjA4MTRfMTA0OS5qc29uKSBb5aSHUVEt6Ieq5L+dXQ==?=
[2026-08-14 13:35:56]  发现表格，共 4 行数据
[2026-08-14 13:35:56]  动态索引映射: ['股票代码', '股票名称', '信号', '当前价格', '量比', '来源过滤']
[2026-08-14 13:35:56]  [行1] 解析成功: SZSE.002552 [宝鼎科技] SELL @ 58.6 (VR:0.78)
[2026-08-14 13:35:56]  [行2] 解析成功: SZSE.000823 [超声电子] SELL @ 14.94 (VR:0.55)
[2026-08-14 13:35:56]  [行3] 解析成功: SZSE.002552 [宝鼎科技] SELL @ 58.43 (VR:2.64)
[2026-08-14 13:35:56]  [行4] 解析成功: SZSE.000823 [超声电子] SELL @ 14.92 (VR:1.52)
[2026-08-14 13:35:56] 成功保存 4 条因子至: signal_batch_20260814_133556_661423.txt
[2026-08-14 13:35:56]  QQ-备用 邮件 3903 处理完成
[2026-08-14 13:35:56]  QQ-备用 正在解析因子: =?utf-8?b?QWxwaGFQaWxvdCDlpIfku73kv6Hlj7cgKGFscGhhX3NpZ25hbF90aHJfMjAyNjA4MTRfMTA0OS5qc29uKSBb5aSHUVEt6Ieq5L+dXQ==?=
[2026-08-14 13:35:56]  发现表格，共 4 行数据
[2026-08-14 13:35:56]  动态索引映射: ['股票代码', '股票名称', '信号', '当前价格', '量比', '来源过滤']
[2026-08-14 13:35:56]  [行1] 解析成功: SZSE.002552 [宝鼎科技] SELL @ 58.6 (VR:0.78)
[2026-08-14 13:35:56]  [行2] 解析成功: SZSE.000823 [超声电子] SELL @ 14.94 (VR:0.55)
[2026-08-14 13:35:56]  [行3] 解析成功: SZSE.002552 [宝鼎科技] SELL @ 58.43 (VR:2.64)
[2026-08-14 13:35:56]  [行4] 解析成功: SZSE.000823 [超声电子] SELL @ 14.92 (VR:1.52)
[2026-08-14 13:35:56] 本批信号内容已存在（哈希重复），跳过保存（防双邮箱重复）
[2026-08-14 13:35:56]  QQ-备用 邮件 3904 保存因子失败
[2026-08-14 13:35:57]  QQ-备用 正在解析因子: =?utf-8?b?QWxwaGFQaWxvdCDlpIfku73kv6Hlj7cgKGFscGhhX3NpZ25hbF90aHJfMjAyNjA4MTRfMTA1MS5qc29uKSBb5aSHUVEt6Ieq5L+dXQ==?=
[2026-08-14 13:35:57]  发现表格，共 6 行数据
[2026-08-14 13:35:57]  动态索引映射: ['股票代码', '股票名称', '信号', '当前价格', '量比', '来源过滤']
[2026-08-14 13:35:57]  [行1] 解析成功: SHSE.688261 [东微半导] BUY @ 70.54 (VR:2.44)
[2026-08-14 13:35:57]  [行2] 解析成功: SZSE.300767 [震安科技] BUY @ 18.35 (VR:0.07)
[2026-08-14 13:35:57]  [行3] 解析成功: SZSE.002635 [安洁科技] BUY @ 15.9 (VR:0.06)
[2026-08-14 13:35:57]  [行4] 解析成功: SHSE.688261 [东微半导] BUY @ 70.59 (VR:1.0)
[2026-08-14 13:35:57]  [行5] 解析成功: SZSE.300767 [震安科技] BUY @ 18.4 (VR:0.15)
[2026-08-14 13:35:57]  [行6] 解析成功: SZSE.002635 [安洁科技] BUY @ 15.91 (VR:0.28)
[2026-08-14 13:35:57] 成功保存 6 条因子至: signal_batch_20260814_133557_065275.txt
[2026-08-14 13:35:57]  QQ-备用 邮件 3905 处理完成
[2026-08-14 13:35:57]  QQ-备用 正在解析因子: =?utf-8?b?QWxwaGFQaWxvdCDlpIfku73kv6Hlj7cgKGFscGhhX3NpZ25hbF90aHJfMjAyNjA4MTRfMTA1MS5qc29uKSBb5aSHUVEt6Ieq5L+dXQ==?=
[2026-08-14 13:35:57]  发现表格，共 6 行数据
[2026-08-14 13:35:57]  动态索引映射: ['股票代码', '股票名称', '信号', '当前价格', '量比', '来源过滤']
[2026-08-14 13:35:57]  [行1] 解析成功: SHSE.688261 [东微半导] BUY @ 70.54 (VR:2.44)
[2026-08-14 13:35:57]  [行2] 解析成功: SZSE.300767 [震安科技] BUY @ 18.35 (VR:0.07)
[2026-08-14 13:35:57]  [行3] 解析成功: SZSE.002635 [安洁科技] BUY @ 15.9 (VR:0.06)
[2026-08-14 13:35:57]  [行4] 解析成功: SHSE.688261 [东微半导] BUY @ 70.59 (VR:1.0)
[2026-08-14 13:35:57]  [行5] 解析成功: SZSE.300767 [震安科技] BUY @ 18.4 (VR:0.15)
[2026-08-14 13:35:57]  [行6] 解析成功: SZSE.002635 [安洁科技] BUY @ 15.91 (VR:0.28)
[2026-08-14 13:35:57] 本批信号内容已存在（哈希重复），跳过保存（防双邮箱重复）
[2026-08-14 13:35:57]  QQ-备用 邮件 3906 保存因子失败
[2026-08-14 13:35:57]  QQ-备用 正在解析因子: =?utf-8?b?QWxwaGFQaWxvdCDlpIfku73kv6Hlj7cgKGFscGhhX3NpZ25hbF90aHJfMjAyNjA4MTRfMTA1My5qc29uKSBb5aSHUVEt6Ieq5L+dXQ==?=
[2026-08-14 13:35:57]  发现表格，共 14 行数据
[2026-08-14 13:35:57]  动态索引映射: ['股票代码', '股票名称', '信号', '当前价格', '量比', '来源过滤']
[2026-08-14 13:35:57]  [行1] 解析成功: SHSE.688721 [龙图光罩] SELL @ 40.98 (VR:0.16)
[2026-08-14 13:35:57]  [行2] 解析成功: SZSE.300285 [国瓷材料] BUY @ 70.81 (VR:0.11)
[2026-08-14 13:35:57]  [行3] 解析成功: SZSE.301392 [汇成真空] BUY @ 166.89 (VR:0.67)
[2026-08-14 13:35:57]  [行4] 解析成功: SZSE.300214 [日科化学] BUY @ 11.92 (VR:0.83)
[2026-08-14 13:35:57]  [行5] 解析成功: SZSE.300088 [长信科技] SELL @ 7.53 (VR:1.22)
[2026-08-14 13:35:57]  [行6] 解析成功: SZSE.300420 [五洋自控] SELL @ 7.86 (VR:0.14)
[2026-08-14 13:35:57]  [行7] 解析成功: SZSE.300661 [圣邦股份] BUY @ 121.0 (VR:0.63)
[2026-08-14 13:35:57]  [行8] 解析成功: SHSE.688721 [龙图光罩] SELL @ 40.95 (VR:2.7)
[2026-08-14 13:35:57]  [行9] 解析成功: SZSE.300285 [国瓷材料] BUY @ 70.87 (VR:0.12)
[2026-08-14 13:35:57]  [行10] 解析成功: SZSE.301392 [汇成真空] BUY @ 166.93 (VR:0.01)
[2026-08-14 13:35:57]  [行11] 解析成功: SZSE.300214 [日科化学] BUY @ 11.94 (VR:0.13)
[2026-08-14 13:35:57]  [行12] 解析成功: SZSE.300088 [长信科技] SELL @ 7.52 (VR:0.18)
[2026-08-14 13:35:57]  [行13] 解析成功: SZSE.300420 [五洋自控] SELL @ 7.85 (VR:0.04)
[2026-08-14 13:35:57]  [行14] 解析成功: SZSE.300661 [圣邦股份] BUY @ 121.1 (VR:0.3)
[2026-08-14 13:35:57] 成功保存 14 条因子至: signal_batch_20260814_133557_592094.txt
[2026-08-14 13:35:57]  QQ-备用 邮件 3907 处理完成
[2026-08-14 13:35:57]  QQ-备用 正在解析因子: =?utf-8?b?QWxwaGFQaWxvdCDlpIfku73kv6Hlj7cgKGFscGhhX3NpZ25hbF90aHJfMjAyNjA4MTRfMTA1My5qc29uKSBb5aSHUVEt6Ieq5L+dXQ==?=
[2026-08-14 13:35:57]  发现表格，共 14 行数据
[2026-08-14 13:35:57]  动态索引映射: ['股票代码', '股票名称', '信号', '当前价格', '量比', '来源过滤']
[2026-08-14 13:35:57]  [行1] 解析成功: SHSE.688721 [龙图光罩] SELL @ 40.98 (VR:0.16)
[2026-08-14 13:35:57]  [行2] 解析成功: SZSE.300285 [国瓷材料] BUY @ 70.81 (VR:0.11)
[2026-08-14 13:35:57]  [行3] 解析成功: SZSE.301392 [汇成真空] BUY @ 166.89 (VR:0.67)
[2026-08-14 13:35:57]  [行4] 解析成功: SZSE.300214 [日科化学] BUY @ 11.92 (VR:0.83)
[2026-08-14 13:35:57]  [行5] 解析成功: SZSE.300088 [长信科技] SELL @ 7.53 (VR:1.22)
[2026-08-14 13:35:57]  [行6] 解析成功: SZSE.300420 [五洋自控] SELL @ 7.86 (VR:0.14)
[2026-08-14 13:35:57]  [行7] 解析成功: SZSE.300661 [圣邦股份] BUY @ 121.0 (VR:0.63)
[2026-08-14 13:35:57]  [行8] 解析成功: SHSE.688721 [龙图光罩] SELL @ 40.95 (VR:2.7)
[2026-08-14 13:35:57]  [行9] 解析成功: SZSE.300285 [国瓷材料] BUY @ 70.87 (VR:0.12)
[2026-08-14 13:35:57]  [行10] 解析成功: SZSE.301392 [汇成真空] BUY @ 166.93 (VR:0.01)
[2026-08-14 13:35:57]  [行11] 解析成功: SZSE.300214 [日科化学] BUY @ 11.94 (VR:0.13)
[2026-08-14 13:35:57]  [行12] 解析成功: SZSE.300088 [长信科技] SELL @ 7.52 (VR:0.18)
[2026-08-14 13:35:57]  [行13] 解析成功: SZSE.300420 [五洋自控] SELL @ 7.85 (VR:0.04)
[2026-08-14 13:35:57]  [行14] 解析成功: SZSE.300661 [圣邦股份] BUY @ 121.1 (VR:0.3)
[2026-08-14 13:35:57] 本批信号内容已存在（哈希重复），跳过保存（防双邮箱重复）
[2026-08-14 13:35:57]  QQ-备用 邮件 3908 保存因子失败
[2026-08-14 13:35:58]  QQ-备用 正在解析因子: =?utf-8?b?QWxwaGFQaWxvdCDlpIfku73kv6Hlj7cgKGFscGhhX3NpZ25hbF90aHJfMjAyNjA4MTRfMTA1Ni5qc29uKSBb5aSHUVEt6Ieq5L+dXQ==?=
[2026-08-14 13:35:58]  发现表格，共 16 行数据
[2026-08-14 13:35:58]  动态索引映射: ['股票代码', '股票名称', '信号', '当前价格', '量比', '来源过滤']
[2026-08-14 13:35:58]  [行1] 解析成功: SHSE.688110 [东芯股份] BUY @ 114.38 (VR:0.06)
[2026-08-14 13:35:58]  [行2] 解析成功: SHSE.688002 [睿创微纳] BUY @ 166.09 (VR:0.41)
[2026-08-14 13:35:58]  [行3] 解析成功: SHSE.688521 [芯原股份] BUY @ 205.8 (VR:0.76)
[2026-08-14 13:35:58]  [行4] 解析成功: SZSE.300689 [澄天伟业] SELL @ 53.48 (VR:0.27)
[2026-08-14 13:35:58]  [行5] 解析成功: SZSE.301045 [天禄科技] BUY @ 69.44 (VR:0.34)
[2026-08-14 13:35:58]  [行6] 解析成功: SZSE.300806 [斯迪克] BUY @ 48.32 (VR:0.81)
[2026-08-14 13:35:58]  [行7] 解析成功: SZSE.002718 [友邦吊顶] SELL @ 84.71 (VR:0.32)
[2026-08-14 13:35:58]  [行8] 解析成功: SZSE.001339 [智微智能] BUY @ 84.6 (VR:0.71)
[2026-08-14 13:35:58]  [行9] 解析成功: SHSE.688110 [东芯股份] BUY @ 114.71 (VR:0.04)
[2026-08-14 13:35:58]  [行10] 解析成功: SHSE.688002 [睿创微纳] BUY @ 166.26 (VR:0.06)
[2026-08-14 13:35:58]  [行11] 解析成功: SHSE.688521 [芯原股份] BUY @ 206.12 (VR:0.32)
[2026-08-14 13:35:58]  [行12] 解析成功: SZSE.300689 [澄天伟业] SELL @ 53.44 (VR:0.03)
[2026-08-14 13:35:58]  [行13] 解析成功: SZSE.301045 [天禄科技] BUY @ 69.63 (VR:0.43)
[2026-08-14 13:35:58]  [行14] 解析成功: SZSE.300806 [斯迪克] BUY @ 48.4 (VR:0.17)
[2026-08-14 13:35:58]  [行15] 解析成功: SZSE.002718 [友邦吊顶] SELL @ 84.66 (VR:0.13)
[2026-08-14 13:35:58]  [行16] 解析成功: SZSE.001339 [智微智能] BUY @ 84.71 (VR:0.62)
[2026-08-14 13:35:58] 成功保存 16 条因子至: signal_batch_20260814_133558_041941.txt
[2026-08-14 13:35:58]  QQ-备用 邮件 3909 处理完成
[2026-08-14 13:35:58]  QQ-备用 正在解析因子: =?utf-8?b?QWxwaGFQaWxvdCDlpIfku73kv6Hlj7cgKGFscGhhX3NpZ25hbF90aHJfMjAyNjA4MTRfMTA1Ni5qc29uKSBb5aSHUVEt6Ieq5L+dXQ==?=
[2026-08-14 13:35:58]  发现表格，共 16 行数据
[2026-08-14 13:35:58]  动态索引映射: ['股票代码', '股票名称', '信号', '当前价格', '量比', '来源过滤']
[2026-08-14 13:35:58]  [行1] 解析成功: SHSE.688110 [东芯股份] BUY @ 114.38 (VR:0.06)
[2026-08-14 13:35:58]  [行2] 解析成功: SHSE.688002 [睿创微纳] BUY @ 166.09 (VR:0.41)
[2026-08-14 13:35:58]  [行3] 解析成功: SHSE.688521 [芯原股份] BUY @ 205.8 (VR:0.76)
[2026-08-14 13:35:58]  [行4] 解析成功: SZSE.300689 [澄天伟业] SELL @ 53.48 (VR:0.27)
[2026-08-14 13:35:58]  [行5] 解析成功: SZSE.301045 [天禄科技] BUY @ 69.44 (VR:0.34)
[2026-08-14 13:35:58]  [行6] 解析成功: SZSE.300806 [斯迪克] BUY @ 48.32 (VR:0.81)
[2026-08-14 13:35:58]  [行7] 解析成功: SZSE.002718 [友邦吊顶] SELL @ 84.71 (VR:0.32)
[2026-08-14 13:35:58]  [行8] 解析成功: SZSE.001339 [智微智能] BUY @ 84.6 (VR:0.71)
[2026-08-14 13:35:58]  [行9] 解析成功: SHSE.688110 [东芯股份] BUY @ 114.71 (VR:0.04)
[2026-08-14 13:35:58]  [行10] 解析成功: SHSE.688002 [睿创微纳] BUY @ 166.26 (VR:0.06)
[2026-08-14 13:35:58]  [行11] 解析成功: SHSE.688521 [芯原股份] BUY @ 206.12 (VR:0.32)
[2026-08-14 13:35:58]  [行12] 解析成功: SZSE.300689 [澄天伟业] SELL @ 53.44 (VR:0.03)
[2026-08-14 13:35:58]  [行13] 解析成功: SZSE.301045 [天禄科技] BUY @ 69.63 (VR:0.43)
[2026-08-14 13:35:58]  [行14] 解析成功: SZSE.300806 [斯迪克] BUY @ 48.4 (VR:0.17)
[2026-08-14 13:35:58]  [行15] 解析成功: SZSE.002718 [友邦吊顶] SELL @ 84.66 (VR:0.13)
[2026-08-14 13:35:58]  [行16] 解析成功: SZSE.001339 [智微智能] BUY @ 84.71 (VR:0.62)
[2026-08-14 13:35:58] 本批信号内容已存在（哈希重复），跳过保存（防双邮箱重复）
[2026-08-14 13:35:58]  QQ-备用 邮件 3910 保存因子失败
[2026-08-14 13:35:58]  QQ-备用 正在解析因子: =?utf-8?b?QWxwaGFQaWxvdCDlpIfku73kv6Hlj7cgKGFscGhhX3NpZ25hbF90aHJfMjAyNjA4MTRfMTA1OC5qc29uKSBb5aSHUVEt6Ieq5L+dXQ==?=
[2026-08-14 13:35:58]  发现表格，共 2 行数据
[2026-08-14 13:35:58]  动态索引映射: ['股票代码', '股票名称', '信号', '当前价格', '量比', '来源过滤']
[2026-08-14 13:35:58]  [行1] 解析成功: SZSE.000510 [新金路] BUY @ 16.47 (VR:2.72)
[2026-08-14 13:35:58]  [行2] 解析成功: SZSE.000510 [新金路] BUY @ 16.49 (VR:1.5)
[2026-08-14 13:35:58] 成功保存 2 条因子至: signal_batch_20260814_133558_545383.txt
[2026-08-14 13:35:58]  QQ-备用 邮件 3911 处理完成
[2026-08-14 13:35:58]  QQ-备用 正在解析因子: =?utf-8?b?QWxwaGFQaWxvdCDlpIfku73kv6Hlj7cgKGFscGhhX3NpZ25hbF90aHJfMjAyNjA4MTRfMTA1OC5qc29uKSBb5aSHUVEt6Ieq5L+dXQ==?=
[2026-08-14 13:35:58]  发现表格，共 2 行数据
[2026-08-14 13:35:58]  动态索引映射: ['股票代码', '股票名称', '信号', '当前价格', '量比', '来源过滤']
[2026-08-14 13:35:58]  [行1] 解析成功: SZSE.000510 [新金路] BUY @ 16.47 (VR:2.72)
[2026-08-14 13:35:58]  [行2] 解析成功: SZSE.000510 [新金路] BUY @ 16.49 (VR:1.5)
[2026-08-14 13:35:58] 本批信号内容已存在（哈希重复），跳过保存（防双邮箱重复）
[2026-08-14 13:35:58]  QQ-备用 邮件 3912 保存因子失败
[2026-08-14 13:35:58]  QQ-备用 正在解析因子: =?utf-8?b?QWxwaGFQaWxvdCDlpIfku73kv6Hlj7cgKGFscGhhX3NpZ25hbF90aHJfMjAyNjA4MTRfMTEwMi5qc29uKSBb5aSHUVEt6Ieq5L+dXQ==?=
[2026-08-14 13:35:58]  发现表格，共 8 行数据
[2026-08-14 13:35:58]  动态索引映射: ['股票代码', '股票名称', '信号', '当前价格', '量比', '来源过滤']
[2026-08-14 13:35:58]  [行1] 解析成功: SHSE.605111 [新洁能] SELL @ 57.62 (VR:0.46)
[2026-08-14 13:35:58]  [行2] 解析成功: SZSE.000920 [沃顿科技] BUY @ 11.61 (VR:0.06)
[2026-08-14 13:35:58]  [行3] 解析成功: SZSE.300607 [拓斯达] SELL @ 34.16 (VR:0.67)
[2026-08-14 13:35:58]  [行4] 解析成功: SZSE.301070 [开勒股份] BUY @ 66.59 (VR:0.19)
[2026-08-14 13:35:58]  [行5] 解析成功: SHSE.605111 [新洁能] SELL @ 57.53 (VR:0.11)
[2026-08-14 13:35:58]  [行6] 解析成功: SZSE.000920 [沃顿科技] BUY @ 11.62 (VR:0.01)
[2026-08-14 13:35:58]  [行7] 解析成功: SZSE.300607 [拓斯达] SELL @ 34.05 (VR:0.48)
[2026-08-14 13:35:58]  [行8] 解析成功: SZSE.301070 [开勒股份] BUY @ 66.66 (VR:0.1)
[2026-08-14 13:35:58] 成功保存 8 条因子至: signal_batch_20260814_133558_975338.txt
[2026-08-14 13:35:59]  QQ-备用 邮件 3913 处理完成
[2026-08-14 13:35:59]  QQ-备用 正在解析因子: =?utf-8?b?QWxwaGFQaWxvdCDlpIfku73kv6Hlj7cgKGFscGhhX3NpZ25hbF90aHJfMjAyNjA4MTRfMTEwMi5qc29uKSBb5aSHUVEt6Ieq5L+dXQ==?=
[2026-08-14 13:35:59]  发现表格，共 8 行数据
[2026-08-14 13:35:59]  动态索引映射: ['股票代码', '股票名称', '信号', '当前价格', '量比', '来源过滤']
[2026-08-14 13:35:59]  [行1] 解析成功: SHSE.605111 [新洁能] SELL @ 57.62 (VR:0.46)
[2026-08-14 13:35:59]  [行2] 解析成功: SZSE.000920 [沃顿科技] BUY @ 11.61 (VR:0.06)
[2026-08-14 13:35:59]  [行3] 解析成功: SZSE.300607 [拓斯达] SELL @ 34.16 (VR:0.67)
[2026-08-14 13:35:59]  [行4] 解析成功: SZSE.301070 [开勒股份] BUY @ 66.59 (VR:0.19)
[2026-08-14 13:35:59]  [行5] 解析成功: SHSE.605111 [新洁能] SELL @ 57.53 (VR:0.11)
[2026-08-14 13:35:59]  [行6] 解析成功: SZSE.000920 [沃顿科技] BUY @ 11.62 (VR:0.01)
[2026-08-14 13:35:59]  [行7] 解析成功: SZSE.300607 [拓斯达] SELL @ 34.05 (VR:0.48)
[2026-08-14 13:35:59]  [行8] 解析成功: SZSE.301070 [开勒股份] BUY @ 66.66 (VR:0.1)
[2026-08-14 13:35:59] 成功保存 8 条因子至: signal_batch_20260814_133559_237999.txt
[2026-08-14 13:35:59]  QQ-备用 邮件 3914 处理完成
[2026-08-14 13:35:59]  QQ-备用 正在解析因子: =?utf-8?b?QWxwaGFQaWxvdCDlpIfku73kv6Hlj7cgKGFscGhhX3NpZ25hbF90aHJfMjAyNjA4MTRfMTEwNS5qc29uKSBb5aSHUVEt6Ieq5L+dXQ==?=
[2026-08-14 13:35:59]  发现表格，共 14 行数据
[2026-08-14 13:35:59]  动态索引映射: ['股票代码', '股票名称', '信号', '当前价格', '量比', '来源过滤']
[2026-08-14 13:35:59]  [行1] 解析成功: SHSE.688019 [安集科技] SELL @ 247.66 (VR:0.5)
[2026-08-14 13:35:59]  [行2] 解析成功: SHSE.688261 [东微半导] SELL @ 69.9 (VR:0.72)
[2026-08-14 13:35:59]  [行3] 解析成功: SZSE.300236 [上海新阳] SELL @ 93.0 (VR:0.25)
[2026-08-14 13:35:59]  [行4] 解析成功: SZSE.300057 [万顺新材] SELL @ 6.48 (VR:0.02)
[2026-08-14 13:35:59]  [行5] 解析成功: SZSE.300162 [雷曼光电] SELL @ 7.56 (VR:0.16)
[2026-08-14 13:35:59]  [行6] 解析成功: SZSE.300767 [震安科技] SELL @ 18.3 (VR:0.72)
[2026-08-14 13:35:59]  [行7] 解析成功: SZSE.300184 [力源信息] SELL @ 12.52 (VR:0.53)
[2026-08-14 13:35:59]  [行8] 解析成功: SHSE.688019 [安集科技] SELL @ 246.61 (VR:0.43)
[2026-08-14 13:35:59]  [行9] 解析成功: SHSE.688261 [东微半导] SELL @ 69.85 (VR:2.52)
[2026-08-14 13:35:59]  [行10] 解析成功: SZSE.300236 [上海新阳] SELL @ 92.9 (VR:0.27)
[2026-08-14 13:35:59]  [行11] 解析成功: SZSE.300057 [万顺新材] SELL @ 6.47 (VR:2.18)
[2026-08-14 13:35:59]  [行12] 解析成功: SZSE.300162 [雷曼光电] SELL @ 7.54 (VR:0.96)
[2026-08-14 13:35:59]  [行13] 解析成功: SZSE.300767 [震安科技] SELL @ 18.28 (VR:0.39)
[2026-08-14 13:35:59]  [行14] 解析成功: SZSE.300184 [力源信息] SELL @ 12.51 (VR:0.93)
[2026-08-14 13:35:59] 成功保存 14 条因子至: signal_batch_20260814_133559_611449.txt
[2026-08-14 13:35:59]  QQ-备用 邮件 3915 处理完成
[2026-08-14 13:36:00]  QQ-备用 正在解析因子: =?utf-8?b?QWxwaGFQaWxvdCDlpIfku73kv6Hlj7cgKGFscGhhX3NpZ25hbF90aHJfMjAyNjA4MTRfMTEwNS5qc29uKSBb5aSHUVEt6Ieq5L+dXQ==?=
[2026-08-14 13:36:00]  发现表格，共 14 行数据
[2026-08-14 13:36:00]  动态索引映射: ['股票代码', '股票名称', '信号', '当前价格', '量比', '来源过滤']
[2026-08-14 13:36:00]  [行1] 解析成功: SHSE.688019 [安集科技] SELL @ 247.66 (VR:0.5)
[2026-08-14 13:36:00]  [行2] 解析成功: SHSE.688261 [东微半导] SELL @ 69.9 (VR:0.72)
[2026-08-14 13:36:00]  [行3] 解析成功: SZSE.300236 [上海新阳] SELL @ 93.0 (VR:0.25)
[2026-08-14 13:36:00]  [行4] 解析成功: SZSE.300057 [万顺新材] SELL @ 6.48 (VR:0.02)
[2026-08-14 13:36:00]  [行5] 解析成功: SZSE.300162 [雷曼光电] SELL @ 7.56 (VR:0.16)
[2026-08-14 13:36:00]  [行6] 解析成功: SZSE.300767 [震安科技] SELL @ 18.3 (VR:0.72)
[2026-08-14 13:36:00]  [行7] 解析成功: SZSE.300184 [力源信息] SELL @ 12.52 (VR:0.53)
[2026-08-14 13:36:00]  [行8] 解析成功: SHSE.688019 [安集科技] SELL @ 246.61 (VR:0.43)
[2026-08-14 13:36:00]  [行9] 解析成功: SHSE.688261 [东微半导] SELL @ 69.85 (VR:2.52)
[2026-08-14 13:36:00]  [行10] 解析成功: SZSE.300236 [上海新阳] SELL @ 92.9 (VR:0.27)
[2026-08-14 13:36:00]  [行11] 解析成功: SZSE.300057 [万顺新材] SELL @ 6.47 (VR:2.18)
[2026-08-14 13:36:00]  [行12] 解析成功: SZSE.300162 [雷曼光电] SELL @ 7.54 (VR:0.96)
[2026-08-14 13:36:00]  [行13] 解析成功: SZSE.300767 [震安科技] SELL @ 18.28 (VR:0.39)
[2026-08-14 13:36:00]  [行14] 解析成功: SZSE.300184 [力源信息] SELL @ 12.51 (VR:0.93)
[2026-08-14 13:36:00] 成功保存 14 条因子至: signal_batch_20260814_133600_177056.txt
[2026-08-14 13:36:00]  QQ-备用 邮件 3916 处理完成
[2026-08-14 13:36:00]  QQ-备用 正在解析因子: =?utf-8?b?QWxwaGFQaWxvdCDlpIfku73kv6Hlj7cgKGFscGhhX3NpZ25hbF90aHJfMjAyNjA4MTRfMTEwOC5qc29uKSBb5aSHUVEt6Ieq5L+dXQ==?=
[2026-08-14 13:36:00]  发现表格，共 16 行数据
[2026-08-14 13:36:00]  动态索引映射: ['股票代码', '股票名称', '信号', '当前价格', '量比', '来源过滤']
[2026-08-14 13:36:00]  [行1] 解析成功: SHSE.688286 [敏芯股份] BUY @ 51.94 (VR:1.71)
[2026-08-14 13:36:00]  [行2] 解析成功: SHSE.688216 [气派科技] BUY @ 30.71 (VR:0.84)
[2026-08-14 13:36:00]  [行3] 解析成功: SHSE.688249 [晶合集成] BUY @ 39.6 (VR:0.87)
[2026-08-14 13:36:00]  [行4] 解析成功: SHSE.688138 [清溢光电] BUY @ 33.36 (VR:0.03)
[2026-08-14 13:36:00]  [行5] 解析成功: SZSE.300285 [国瓷材料] BUY @ 70.64 (VR:0.24)
[2026-08-14 13:36:00]  [行6] 解析成功: SZSE.301392 [汇成真空] SELL @ 166.23 (VR:0.08)
[2026-08-14 13:36:00]  [行7] 解析成功: SZSE.300088 [长信科技] BUY @ 7.5 (VR:0.84)
[2026-08-14 13:36:00]  [行8] 解析成功: SZSE.300420 [五洋自控] SELL @ 7.8 (VR:0.04)
[2026-08-14 13:36:00]  [行9] 解析成功: SHSE.688286 [敏芯股份] BUY @ 52.0 (VR:3.6)
[2026-08-14 13:36:00]  [行10] 解析成功: SHSE.688216 [气派科技] BUY @ 30.75 (VR:0.01)
[2026-08-14 13:36:00]  [行11] 解析成功: SHSE.688249 [晶合集成] BUY @ 39.62 (VR:0.3)
[2026-08-14 13:36:00]  [行12] 解析成功: SHSE.688138 [清溢光电] BUY @ 33.39 (VR:0.33)
[2026-08-14 13:36:00]  [行13] 解析成功: SZSE.300285 [国瓷材料] BUY @ 70.85 (VR:0.16)
[2026-08-14 13:36:00]  [行14] 解析成功: SZSE.301392 [汇成真空] SELL @ 166.12 (VR:0.37)
[2026-08-14 13:36:00]  [行15] 解析成功: SZSE.300088 [长信科技] BUY @ 7.51 (VR:0.28)
[2026-08-14 13:36:00]  [行16] 解析成功: SZSE.300420 [五洋自控] SELL @ 7.79 (VR:0.32)
[2026-08-14 13:36:00] 成功保存 16 条因子至: signal_batch_20260814_133600_500051.txt
[2026-08-14 13:36:00]  QQ-备用 邮件 3917 处理完成
[2026-08-14 13:36:00]  QQ-备用 正在解析因子: =?utf-8?b?QWxwaGFQaWxvdCDlpIfku73kv6Hlj7cgKGFscGhhX3NpZ25hbF90aHJfMjAyNjA4MTRfMTEwOC5qc29uKSBb5aSHUVEt6Ieq5L+dXQ==?=
[2026-08-14 13:36:00]  发现表格，共 16 行数据
[2026-08-14 13:36:00]  动态索引映射: ['股票代码', '股票名称', '信号', '当前价格', '量比', '来源过滤']
[2026-08-14 13:36:00]  [行1] 解析成功: SHSE.688286 [敏芯股份] BUY @ 51.94 (VR:1.71)
[2026-08-14 13:36:00]  [行2] 解析成功: SHSE.688216 [气派科技] BUY @ 30.71 (VR:0.84)
[2026-08-14 13:36:00]  [行3] 解析成功: SHSE.688249 [晶合集成] BUY @ 39.6 (VR:0.87)
[2026-08-14 13:36:00]  [行4] 解析成功: SHSE.688138 [清溢光电] BUY @ 33.36 (VR:0.03)
[2026-08-14 13:36:00]  [行5] 解析成功: SZSE.300285 [国瓷材料] BUY @ 70.64 (VR:0.24)
[2026-08-14 13:36:00]  [行6] 解析成功: SZSE.301392 [汇成真空] SELL @ 166.23 (VR:0.08)
[2026-08-14 13:36:00]  [行7] 解析成功: SZSE.300088 [长信科技] BUY @ 7.5 (VR:0.84)
[2026-08-14 13:36:00]  [行8] 解析成功: SZSE.300420 [五洋自控] SELL @ 7.8 (VR:0.04)
[2026-08-14 13:36:00]  [行9] 解析成功: SHSE.688286 [敏芯股份] BUY @ 52.0 (VR:3.6)
[2026-08-14 13:36:00]  [行10] 解析成功: SHSE.688216 [气派科技] BUY @ 30.75 (VR:0.01)
[2026-08-14 13:36:00]  [行11] 解析成功: SHSE.688249 [晶合集成] BUY @ 39.62 (VR:0.3)
[2026-08-14 13:36:00]  [行12] 解析成功: SHSE.688138 [清溢光电] BUY @ 33.39 (VR:0.33)
[2026-08-14 13:36:00]  [行13] 解析成功: SZSE.300285 [国瓷材料] BUY @ 70.85 (VR:0.16)
[2026-08-14 13:36:00]  [行14] 解析成功: SZSE.301392 [汇成真空] SELL @ 166.12 (VR:0.37)
[2026-08-14 13:36:00]  [行15] 解析成功: SZSE.300088 [长信科技] BUY @ 7.51 (VR:0.28)
[2026-08-14 13:36:00]  [行16] 解析成功: SZSE.300420 [五洋自控] SELL @ 7.79 (VR:0.32)
[2026-08-14 13:36:00] 本批信号内容已存在（哈希重复），跳过保存（防双邮箱重复）
[2026-08-14 13:36:00]  QQ-备用 邮件 3918 保存因子失败
[2026-08-14 13:36:00]  QQ-备用 正在解析因子: =?utf-8?b?QWxwaGFQaWxvdCDlpIfku73kv6Hlj7cgKGFscGhhX3NpZ25hbF90aHJfMjAyNjA4MTRfMTExMC5qc29uKSBb5aSHUVEt6Ieq5L+dXQ==?=
[2026-08-14 13:36:00]  发现表格，共 12 行数据
[2026-08-14 13:36:00]  动态索引映射: ['股票代码', '股票名称', '信号', '当前价格', '量比', '来源过滤']
[2026-08-14 13:36:00]  [行1] 解析成功: SHSE.688110 [东芯股份] SELL @ 114.22 (VR:0.36)
[2026-08-14 13:36:00]  [行2] 解析成功: SHSE.688665 [四方光电] SELL @ 45.59 (VR:0.99)
[2026-08-14 13:36:00]  [行3] 解析成功: SHSE.688002 [睿创微纳] BUY @ 164.9 (VR:2.08)
[2026-08-14 13:36:00]  [行4] 解析成功: SHSE.688521 [芯原股份] SELL @ 205.53 (VR:0.39)
[2026-08-14 13:36:00]  [行5] 解析成功: SZSE.300689 [澄天伟业] SELL @ 53.29 (VR:0.28)
[2026-08-14 13:36:00]  [行6] 解析成功: SZSE.002718 [友邦吊顶] SELL @ 84.71 (VR:0.07)
[2026-08-14 13:36:00]  [行7] 解析成功: SHSE.688110 [东芯股份] SELL @ 114.15 (VR:0.33)
[2026-08-14 13:36:00]  [行8] 解析成功: SHSE.688665 [四方光电] SELL @ 45.44 (VR:0.06)
[2026-08-14 13:36:00]  [行9] 解析成功: SHSE.688002 [睿创微纳] BUY @ 164.92 (VR:0.38)
[2026-08-14 13:36:01]  [行10] 解析成功: SHSE.688521 [芯原股份] SELL @ 205.51 (VR:0.58)
[2026-08-14 13:36:01]  [行11] 解析成功: SZSE.300689 [澄天伟业] SELL @ 53.21 (VR:0.77)
[2026-08-14 13:36:01]  [行12] 解析成功: SZSE.002718 [友邦吊顶] SELL @ 84.65 (VR:0.15)
[2026-08-14 13:36:01] 成功保存 12 条因子至: signal_batch_20260814_133601_006501.txt
[2026-08-14 13:36:01]  QQ-备用 邮件 3919 处理完成
[2026-08-14 13:36:01]  QQ-备用 正在解析因子: =?utf-8?b?QWxwaGFQaWxvdCDlpIfku73kv6Hlj7cgKGFscGhhX3NpZ25hbF90aHJfMjAyNjA4MTRfMTExMC5qc29uKSBb5aSHUVEt6Ieq5L+dXQ==?=
[2026-08-14 13:36:01]  发现表格，共 12 行数据
[2026-08-14 13:36:01]  动态索引映射: ['股票代码', '股票名称', '信号', '当前价格', '量比', '来源过滤']
[2026-08-14 13:36:01]  [行1] 解析成功: SHSE.688110 [东芯股份] SELL @ 114.22 (VR:0.36)
[2026-08-14 13:36:01]  [行2] 解析成功: SHSE.688665 [四方光电] SELL @ 45.59 (VR:0.99)
[2026-08-14 13:36:01]  [行3] 解析成功: SHSE.688002 [睿创微纳] BUY @ 164.9 (VR:2.08)
[2026-08-14 13:36:01]  [行4] 解析成功: SHSE.688521 [芯原股份] SELL @ 205.53 (VR:0.39)
[2026-08-14 13:36:01]  [行5] 解析成功: SZSE.300689 [澄天伟业] SELL @ 53.29 (VR:0.28)
[2026-08-14 13:36:01]  [行6] 解析成功: SZSE.002718 [友邦吊顶] SELL @ 84.71 (VR:0.07)
[2026-08-14 13:36:01]  [行7] 解析成功: SHSE.688110 [东芯股份] SELL @ 114.15 (VR:0.33)
[2026-08-14 13:36:01]  [行8] 解析成功: SHSE.688665 [四方光电] SELL @ 45.44 (VR:0.06)
[2026-08-14 13:36:01]  [行9] 解析成功: SHSE.688002 [睿创微纳] BUY @ 164.92 (VR:0.38)
[2026-08-14 13:36:01]  [行10] 解析成功: SHSE.688521 [芯原股份] SELL @ 205.51 (VR:0.58)
[2026-08-14 13:36:01]  [行11] 解析成功: SZSE.300689 [澄天伟业] SELL @ 53.21 (VR:0.77)
[2026-08-14 13:36:01]  [行12] 解析成功: SZSE.002718 [友邦吊顶] SELL @ 84.65 (VR:0.15)
[2026-08-14 13:36:01] 成功保存 12 条因子至: signal_batch_20260814_133601_347480.txt
[2026-08-14 13:36:01]  QQ-备用 邮件 3920 处理完成
[2026-08-14 13:36:01]  QQ-备用 正在解析因子: =?utf-8?b?QWxwaGFQaWxvdCDlpIfku73kv6Hlj7cgKGFscGhhX3NpZ25hbF90aHJfMjAyNjA4MTRfMTExMy5qc29uKSBb5aSHUVEt6Ieq5L+dXQ==?=
[2026-08-14 13:36:01]  发现表格，共 6 行数据
[2026-08-14 13:36:01]  动态索引映射: ['股票代码', '股票名称', '信号', '当前价格', '量比', '来源过滤']
[2026-08-14 13:36:01]  [行1] 解析成功: SHSE.600353 [旭光电子] BUY @ 29.53 (VR:0.09)
[2026-08-14 13:36:01]  [行2] 解析成功: SHSE.688392 [娇成超声] BUY @ 175.35 (VR:0.5)
[2026-08-14 13:36:01]  [行3] 解析成功: SZSE.000510 [新金路] BUY @ 16.37 (VR:0.96)
[2026-08-14 13:36:01]  [行4] 解析成功: SHSE.600353 [旭光电子] BUY @ 29.55 (VR:0.02)
[2026-08-14 13:36:01]  [行5] 解析成功: SHSE.688392 [娇成超声] BUY @ 175.59 (VR:0.93)
[2026-08-14 13:36:01]  [行6] 解析成功: SZSE.000510 [新金路] BUY @ 16.4 (VR:0.23)
[2026-08-14 13:36:01] 成功保存 6 条因子至: signal_batch_20260814_133601_625278.txt
[2026-08-14 13:36:01]  QQ-备用 邮件 3921 处理完成
[2026-08-14 13:36:01]  QQ-备用 正在解析因子: =?utf-8?b?QWxwaGFQaWxvdCDlpIfku73kv6Hlj7cgKGFscGhhX3NpZ25hbF90aHJfMjAyNjA4MTRfMTExMy5qc29uKSBb5aSHUVEt6Ieq5L+dXQ==?=
[2026-08-14 13:36:01]  发现表格，共 6 行数据
[2026-08-14 13:36:01]  动态索引映射: ['股票代码', '股票名称', '信号', '当前价格', '量比', '来源过滤']
[2026-08-14 13:36:01]  [行1] 解析成功: SHSE.600353 [旭光电子] BUY @ 29.53 (VR:0.09)
[2026-08-14 13:36:01]  [行2] 解析成功: SHSE.688392 [娇成超声] BUY @ 175.35 (VR:0.5)
[2026-08-14 13:36:01]  [行3] 解析成功: SZSE.000510 [新金路] BUY @ 16.37 (VR:0.96)
[2026-08-14 13:36:01]  [行4] 解析成功: SHSE.600353 [旭光电子] BUY @ 29.55 (VR:0.02)
[2026-08-14 13:36:01]  [行5] 解析成功: SHSE.688392 [娇成超声] BUY @ 175.59 (VR:0.93)
[2026-08-14 13:36:01]  [行6] 解析成功: SZSE.000510 [新金路] BUY @ 16.4 (VR:0.23)
[2026-08-14 13:36:02] 本批信号内容已存在（哈希重复），跳过保存（防双邮箱重复）
[2026-08-14 13:36:02]  QQ-备用 邮件 3922 保存因子失败
[2026-08-14 13:36:02]  QQ-备用 正在解析因子: =?utf-8?b?QWxwaGFQaWxvdCDlpIfku73kv6Hlj7cgKGFscGhhX3NpZ25hbF90aHJfMjAyNjA4MTRfMTExNS5qc29uKSBb5aSHUVEt6Ieq5L+dXQ==?=
[2026-08-14 13:36:02]  发现表格，共 8 行数据
[2026-08-14 13:36:02]  动态索引映射: ['股票代码', '股票名称', '信号', '当前价格', '量比', '来源过滤']
[2026-08-14 13:36:02]  [行1] 解析成功: SHSE.605111 [新洁能] SELL @ 57.31 (VR:0.02)
[2026-08-14 13:36:02]  [行2] 解析成功: SZSE.002643 [万润股份] SELL @ 14.22 (VR:0.02)
[2026-08-14 13:36:02]  [行3] 解析成功: SZSE.002937 [兴瑞科技] BUY @ 29.28 (VR:0.05)
[2026-08-14 13:36:02]  [行4] 解析成功: SZSE.300607 [拓斯达] SELL @ 33.9 (VR:0.77)
[2026-08-14 13:36:02]  [行5] 解析成功: SHSE.605111 [新洁能] SELL @ 57.27 (VR:0.03)
[2026-08-14 13:36:02]  [行6] 解析成功: SZSE.002643 [万润股份] SELL @ 14.21 (VR:0.07)
[2026-08-14 13:36:02]  [行7] 解析成功: SZSE.002937 [兴瑞科技] BUY @ 29.29 (VR:0.05)
[2026-08-14 13:36:02]  [行8] 解析成功: SZSE.300607 [拓斯达] SELL @ 33.84 (VR:1.42)
[2026-08-14 13:36:02] 成功保存 8 条因子至: signal_batch_20260814_133602_189141.txt
[2026-08-14 13:36:02]  QQ-备用 邮件 3923 处理完成
[2026-08-14 13:36:02]  QQ-备用 正在解析因子: =?utf-8?b?QWxwaGFQaWxvdCDlpIfku73kv6Hlj7cgKGFscGhhX3NpZ25hbF90aHJfMjAyNjA4MTRfMTExNS5qc29uKSBb5aSHUVEt6Ieq5L+dXQ==?=
[2026-08-14 13:36:02]  发现表格，共 8 行数据
[2026-08-14 13:36:02]  动态索引映射: ['股票代码', '股票名称', '信号', '当前价格', '量比', '来源过滤']
[2026-08-14 13:36:02]  [行1] 解析成功: SHSE.605111 [新洁能] SELL @ 57.31 (VR:0.02)
[2026-08-14 13:36:02]  [行2] 解析成功: SZSE.002643 [万润股份] SELL @ 14.22 (VR:0.02)
[2026-08-14 13:36:02]  [行3] 解析成功: SZSE.002937 [兴瑞科技] BUY @ 29.28 (VR:0.05)
[2026-08-14 13:36:02]  [行4] 解析成功: SZSE.300607 [拓斯达] SELL @ 33.9 (VR:0.77)
[2026-08-14 13:36:02]  [行5] 解析成功: SHSE.605111 [新洁能] SELL @ 57.27 (VR:0.03)
[2026-08-14 13:36:02]  [行6] 解析成功: SZSE.002643 [万润股份] SELL @ 14.21 (VR:0.07)
[2026-08-14 13:36:02]  [行7] 解析成功: SZSE.002937 [兴瑞科技] BUY @ 29.29 (VR:0.05)
[2026-08-14 13:36:02]  [行8] 解析成功: SZSE.300607 [拓斯达] SELL @ 33.84 (VR:1.42)
[2026-08-14 13:36:02] 本批信号内容已存在（哈希重复），跳过保存（防双邮箱重复）
[2026-08-14 13:36:02]  QQ-备用 邮件 3924 保存因子失败
[2026-08-14 13:36:02]  QQ-备用 正在解析因子: =?utf-8?b?QWxwaGFQaWxvdCDlpIfku73kv6Hlj7cgKGFscGhhX3NpZ25hbF90aHJfMjAyNjA4MTRfMTExOC5qc29uKSBb5aSHUVEt6Ieq5L+dXQ==?=
[2026-08-14 13:36:02]  发现表格，共 10 行数据
[2026-08-14 13:36:02]  动态索引映射: ['股票代码', '股票名称', '信号', '当前价格', '量比', '来源过滤']
[2026-08-14 13:36:02]  [行1] 解析成功: SHSE.688261 [东微半导] BUY @ 69.53 (VR:0.92)
[2026-08-14 13:36:02]  [行2] 解析成功: SZSE.300236 [上海新阳] SELL @ 92.97 (VR:0.28)
[2026-08-14 13:36:02]  [行3] 解析成功: SZSE.300162 [雷曼光电] SELL @ 7.58 (VR:0.01)
[2026-08-14 13:36:02]  [行4] 解析成功: SZSE.300767 [震安科技] SELL @ 18.3 (VR:0.12)
[2026-08-14 13:36:02]  [行5] 解析成功: SZSE.300184 [力源信息] SELL @ 12.52 (VR:0.01)
[2026-08-14 13:36:02]  [行6] 解析成功: SHSE.688261 [东微半导] BUY @ 69.66 (VR:0.98)
[2026-08-14 13:36:02]  [行7] 解析成功: SZSE.300236 [上海新阳] SELL @ 92.76 (VR:0.35)
[2026-08-14 13:36:02]  [行8] 解析成功: SZSE.300162 [雷曼光电] SELL @ 7.56 (VR:2.62)
[2026-08-14 13:36:02]  [行9] 解析成功: SZSE.300767 [震安科技] SELL @ 18.28 (VR:0.01)
[2026-08-14 13:36:02]  [行10] 解析成功: SZSE.300184 [力源信息] SELL @ 12.49 (VR:0.05)
[2026-08-14 13:36:02] 成功保存 10 条因子至: signal_batch_20260814_133602_612368.txt
[2026-08-14 13:36:02]  QQ-备用 邮件 3925 处理完成
[2026-08-14 13:36:02]  QQ-备用 正在解析因子: =?utf-8?b?QWxwaGFQaWxvdCDlpIfku73kv6Hlj7cgKGFscGhhX3NpZ25hbF90aHJfMjAyNjA4MTRfMTExOC5qc29uKSBb5aSHUVEt6Ieq5L+dXQ==?=
[2026-08-14 13:36:02]  发现表格，共 10 行数据
[2026-08-14 13:36:02]  动态索引映射: ['股票代码', '股票名称', '信号', '当前价格', '量比', '来源过滤']
[2026-08-14 13:36:02]  [行1] 解析成功: SHSE.688261 [东微半导] BUY @ 69.53 (VR:0.92)
[2026-08-14 13:36:02]  [行2] 解析成功: SZSE.300236 [上海新阳] SELL @ 92.97 (VR:0.28)
[2026-08-14 13:36:02]  [行3] 解析成功: SZSE.300162 [雷曼光电] SELL @ 7.58 (VR:0.01)
[2026-08-14 13:36:02]  [行4] 解析成功: SZSE.300767 [震安科技] SELL @ 18.3 (VR:0.12)
[2026-08-14 13:36:02]  [行5] 解析成功: SZSE.300184 [力源信息] SELL @ 12.52 (VR:0.01)
[2026-08-14 13:36:02]  [行6] 解析成功: SHSE.688261 [东微半导] BUY @ 69.66 (VR:0.98)
[2026-08-14 13:36:02]  [行7] 解析成功: SZSE.300236 [上海新阳] SELL @ 92.76 (VR:0.35)
[2026-08-14 13:36:02]  [行8] 解析成功: SZSE.300162 [雷曼光电] SELL @ 7.56 (VR:2.62)
[2026-08-14 13:36:02]  [行9] 解析成功: SZSE.300767 [震安科技] SELL @ 18.28 (VR:0.01)
[2026-08-14 13:36:02]  [行10] 解析成功: SZSE.300184 [力源信息] SELL @ 12.49 (VR:0.05)
[2026-08-14 13:36:03] 本批信号内容已存在（哈希重复），跳过保存（防双邮箱重复）
[2026-08-14 13:36:03]  QQ-备用 邮件 3926 保存因子失败
[2026-08-14 13:36:03]  QQ-备用 正在解析因子: =?utf-8?b?QWxwaGFQaWxvdCDlpIfku73kv6Hlj7cgKGFscGhhX3NpZ25hbF90aHJfMjAyNjA4MTRfMTEyMS5qc29uKSBb5aSHUVEt6Ieq5L+dXQ==?=
[2026-08-14 13:36:03]  发现表格，共 12 行数据
[2026-08-14 13:36:03]  动态索引映射: ['股票代码', '股票名称', '信号', '当前价格', '量比', '来源过滤']
[2026-08-14 13:36:03]  [行1] 解析成功: SHSE.688216 [气派科技] BUY @ 30.62 (VR:0.14)
[2026-08-14 13:36:03]  [行2] 解析成功: SHSE.688138 [清溢光电] BUY @ 33.26 (VR:0.01)
[2026-08-14 13:36:03]  [行3] 解析成功: SZSE.300285 [国瓷材料] BUY @ 70.3 (VR:0.18)
[2026-08-14 13:36:03]  [行4] 解析成功: SZSE.301392 [汇成真空] BUY @ 165.96 (VR:0.35)
[2026-08-14 13:36:03]  [行5] 解析成功: SZSE.300214 [日科化学] BUY @ 11.78 (VR:0.16)
[2026-08-14 13:36:03]  [行6] 解析成功: SZSE.300088 [长信科技] BUY @ 7.49 (VR:0.24)
[2026-08-14 13:36:03]  [行7] 解析成功: SHSE.688216 [气派科技] BUY @ 30.7 (VR:0.06)
[2026-08-14 13:36:03]  [行8] 解析成功: SHSE.688138 [清溢光电] BUY @ 33.45 (VR:0.32)
[2026-08-14 13:36:03]  [行9] 解析成功: SZSE.300285 [国瓷材料] BUY @ 70.75 (VR:0.53)
[2026-08-14 13:36:03]  [行10] 解析成功: SZSE.301392 [汇成真空] BUY @ 166.72 (VR:0.12)
[2026-08-14 13:36:03]  [行11] 解析成功: SZSE.300214 [日科化学] BUY @ 11.83 (VR:0.73)
[2026-08-14 13:36:03]  [行12] 解析成功: SZSE.300088 [长信科技] BUY @ 7.51 (VR:0.74)
[2026-08-14 13:36:03] 成功保存 12 条因子至: signal_batch_20260814_133603_122928.txt
[2026-08-14 13:36:03]  QQ-备用 邮件 3927 处理完成
[2026-08-14 13:36:03]  QQ-备用 正在解析因子: =?utf-8?b?QWxwaGFQaWxvdCDlpIfku73kv6Hlj7cgKGFscGhhX3NpZ25hbF90aHJfMjAyNjA4MTRfMTEyMS5qc29uKSBb5aSHUVEt6Ieq5L+dXQ==?=
[2026-08-14 13:36:03]  发现表格，共 12 行数据
[2026-08-14 13:36:03]  动态索引映射: ['股票代码', '股票名称', '信号', '当前价格', '量比', '来源过滤']
[2026-08-14 13:36:03]  [行1] 解析成功: SHSE.688216 [气派科技] BUY @ 30.62 (VR:0.14)
[2026-08-14 13:36:03]  [行2] 解析成功: SHSE.688138 [清溢光电] BUY @ 33.26 (VR:0.01)
[2026-08-14 13:36:03]  [行3] 解析成功: SZSE.300285 [国瓷材料] BUY @ 70.3 (VR:0.18)
[2026-08-14 13:36:03]  [行4] 解析成功: SZSE.301392 [汇成真空] BUY @ 165.96 (VR:0.35)
[2026-08-14 13:36:03]  [行5] 解析成功: SZSE.300214 [日科化学] BUY @ 11.78 (VR:0.16)
[2026-08-14 13:36:03]  [行6] 解析成功: SZSE.300088 [长信科技] BUY @ 7.49 (VR:0.24)
[2026-08-14 13:36:03]  [行7] 解析成功: SHSE.688216 [气派科技] BUY @ 30.7 (VR:0.06)
[2026-08-14 13:36:03]  [行8] 解析成功: SHSE.688138 [清溢光电] BUY @ 33.45 (VR:0.32)
[2026-08-14 13:36:03]  [行9] 解析成功: SZSE.300285 [国瓷材料] BUY @ 70.75 (VR:0.53)
[2026-08-14 13:36:03]  [行10] 解析成功: SZSE.301392 [汇成真空] BUY @ 166.72 (VR:0.12)
[2026-08-14 13:36:03]  [行11] 解析成功: SZSE.300214 [日科化学] BUY @ 11.83 (VR:0.73)
[2026-08-14 13:36:03]  [行12] 解析成功: SZSE.300088 [长信科技] BUY @ 7.51 (VR:0.74)
[2026-08-14 13:36:03] 成功保存 12 条因子至: signal_batch_20260814_133603_418002.txt
[2026-08-14 13:36:03]  QQ-备用 邮件 3928 处理完成
[2026-08-14 13:36:03]  QQ-备用 正在解析因子: =?utf-8?b?QWxwaGFQaWxvdCDlpIfku73kv6Hlj7cgKGFscGhhX3NpZ25hbF90aHJfMjAyNjA4MTRfMTEyMy5qc29uKSBb5aSHUVEt6Ieq5L+dXQ==?=
[2026-08-14 13:36:03]  发现表格，共 14 行数据
[2026-08-14 13:36:03]  动态索引映射: ['股票代码', '股票名称', '信号', '当前价格', '量比', '来源过滤']
[2026-08-14 13:36:03]  [行1] 解析成功: SHSE.688665 [四方光电] SELL @ 45.37 (VR:0.32)
[2026-08-14 13:36:03]  [行2] 解析成功: SHSE.688521 [芯原股份] SELL @ 206.79 (VR:0.33)
[2026-08-14 13:36:03]  [行3] 解析成功: SZSE.300852 [四会富仕] BUY @ 44.28 (VR:0.05)
[2026-08-14 13:36:03]  [行4] 解析成功: SZSE.300689 [澄天伟业] SELL @ 53.19 (VR:0.03)
[2026-08-14 13:36:03]  [行5] 解析成功: SZSE.301013 [利和兴] SELL @ 45.96 (VR:0.17)
[2026-08-14 13:36:03]  [行6] 解析成功: SZSE.300790 [宇瞳光学] BUY @ 19.71 (VR:0.29)
[2026-08-14 13:36:03]  [行7] 解析成功: SZSE.001339 [智微智能] BUY @ 84.09 (VR:0.8)
[2026-08-14 13:36:03]  [行8] 解析成功: SHSE.688665 [四方光电] SELL @ 45.33 (VR:0.23)
[2026-08-14 13:36:03]  [行9] 解析成功: SHSE.688521 [芯原股份] SELL @ 206.45 (VR:0.56)
[2026-08-14 13:36:03]  [行10] 解析成功: SZSE.300852 [四会富仕] BUY @ 44.34 (VR:0.49)
[2026-08-14 13:36:03]  [行11] 解析成功: SZSE.300689 [澄天伟业] SELL @ 53.17 (VR:0.28)
[2026-08-14 13:36:03]  [行12] 解析成功: SZSE.301013 [利和兴] SELL @ 45.91 (VR:0.09)
[2026-08-14 13:36:03]  [行13] 解析成功: SZSE.300790 [宇瞳光学] BUY @ 19.72 (VR:0.47)
[2026-08-14 13:36:03]  [行14] 解析成功: SZSE.001339 [智微智能] BUY @ 84.19 (VR:0.43)
[2026-08-14 13:36:03] 成功保存 14 条因子至: signal_batch_20260814_133603_729578.txt
[2026-08-14 13:36:03]  QQ-备用 邮件 3929 处理完成
[2026-08-14 13:36:03]  QQ-备用 正在解析因子: =?utf-8?b?QWxwaGFQaWxvdCDlpIfku73kv6Hlj7cgKGFscGhhX3NpZ25hbF90aHJfMjAyNjA4MTRfMTEyMy5qc29uKSBb5aSHUVEt6Ieq5L+dXQ==?=
[2026-08-14 13:36:03]  发现表格，共 14 行数据
[2026-08-14 13:36:03]  动态索引映射: ['股票代码', '股票名称', '信号', '当前价格', '量比', '来源过滤']
[2026-08-14 13:36:03]  [行1] 解析成功: SHSE.688665 [四方光电] SELL @ 45.37 (VR:0.32)
[2026-08-14 13:36:04]  [行2] 解析成功: SHSE.688521 [芯原股份] SELL @ 206.79 (VR:0.33)
[2026-08-14 13:36:04]  [行3] 解析成功: SZSE.300852 [四会富仕] BUY @ 44.28 (VR:0.05)
[2026-08-14 13:36:04]  [行4] 解析成功: SZSE.300689 [澄天伟业] SELL @ 53.19 (VR:0.03)
[2026-08-14 13:36:04]  [行5] 解析成功: SZSE.301013 [利和兴] SELL @ 45.96 (VR:0.17)
[2026-08-14 13:36:04]  [行6] 解析成功: SZSE.300790 [宇瞳光学] BUY @ 19.71 (VR:0.29)
[2026-08-14 13:36:04]  [行7] 解析成功: SZSE.001339 [智微智能] BUY @ 84.09 (VR:0.8)
[2026-08-14 13:36:04]  [行8] 解析成功: SHSE.688665 [四方光电] SELL @ 45.33 (VR:0.23)
[2026-08-14 13:36:04]  [行9] 解析成功: SHSE.688521 [芯原股份] SELL @ 206.45 (VR:0.56)
[2026-08-14 13:36:04]  [行10] 解析成功: SZSE.300852 [四会富仕] BUY @ 44.34 (VR:0.49)
[2026-08-14 13:36:04]  [行11] 解析成功: SZSE.300689 [澄天伟业] SELL @ 53.17 (VR:0.28)
[2026-08-14 13:36:04]  [行12] 解析成功: SZSE.301013 [利和兴] SELL @ 45.91 (VR:0.09)
[2026-08-14 13:36:04]  [行13] 解析成功: SZSE.300790 [宇瞳光学] BUY @ 19.72 (VR:0.47)
[2026-08-14 13:36:04]  [行14] 解析成功: SZSE.001339 [智微智能] BUY @ 84.19 (VR:0.43)
[2026-08-14 13:36:04] 成功保存 14 条因子至: signal_batch_20260814_133604_047247.txt
[2026-08-14 13:36:04]  QQ-备用 邮件 3930 处理完成
[2026-08-14 13:36:04]  QQ-备用 正在解析因子: =?utf-8?b?QWxwaGFQaWxvdCDlpIfku73kv6Hlj7cgKGFscGhhX3NpZ25hbF90aHJfMjAyNjA4MTRfMTEyOS5qc29uKSBb5aSHUVEt6Ieq5L+dXQ==?=
[2026-08-14 13:36:04]  发现表格，共 12 行数据
[2026-08-14 13:36:04]  动态索引映射: ['股票代码', '股票名称', '信号', '当前价格', '量比', '来源过滤']
[2026-08-14 13:36:04]  [行1] 解析成功: SHSE.603773 [沃格光电] BUY @ 93.18 (VR:1.37)
[2026-08-14 13:36:04]  [行2] 解析成功: SHSE.600460 [士兰微] BUY @ 32.2 (VR:0.25)
[2026-08-14 13:36:04]  [行3] 解析成功: SZSE.002552 [宝鼎科技] BUY @ 58.01 (VR:0.2)
[2026-08-14 13:36:04]  [行4] 解析成功: SZSE.002937 [兴瑞科技] BUY @ 29.34 (VR:0.06)
[2026-08-14 13:36:04]  [行5] 解析成功: SZSE.300607 [拓斯达] BUY @ 34.11 (VR:0.46)
[2026-08-14 13:36:04]  [行6] 解析成功: SZSE.301070 [开勒股份] BUY @ 65.47 (VR:22.78)
[2026-08-14 13:36:04]  [行7] 解析成功: SHSE.603773 [沃格光电] BUY @ 93.21 (VR:0.72)
[2026-08-14 13:36:04]  [行8] 解析成功: SHSE.600460 [士兰微] BUY @ 32.29 (VR:0.29)
[2026-08-14 13:36:04]  [行9] 解析成功: SZSE.002552 [宝鼎科技] BUY @ 58.05 (VR:0.29)
[2026-08-14 13:36:04]  [行10] 解析成功: SZSE.002937 [兴瑞科技] BUY @ 29.39 (VR:0.18)
[2026-08-14 13:36:04]  [行11] 解析成功: SZSE.300607 [拓斯达] BUY @ 34.16 (VR:0.41)
[2026-08-14 13:36:04]  [行12] 解析成功: SZSE.301070 [开勒股份] BUY @ 66.07 (VR:2.78)
[2026-08-14 13:36:04] 成功保存 12 条因子至: signal_batch_20260814_133604_346643.txt
[2026-08-14 13:36:04]  QQ-备用 邮件 3931 处理完成
[2026-08-14 13:36:04]  QQ-备用 正在解析因子: =?utf-8?b?QWxwaGFQaWxvdCDlpIfku73kv6Hlj7cgKGFscGhhX3NpZ25hbF90aHJfMjAyNjA4MTRfMTEyOS5qc29uKSBb5aSHUVEt6Ieq5L+dXQ==?=
[2026-08-14 13:36:04]  发现表格，共 12 行数据
[2026-08-14 13:36:04]  动态索引映射: ['股票代码', '股票名称', '信号', '当前价格', '量比', '来源过滤']
[2026-08-14 13:36:04]  [行1] 解析成功: SHSE.603773 [沃格光电] BUY @ 93.18 (VR:1.37)
[2026-08-14 13:36:04]  [行2] 解析成功: SHSE.600460 [士兰微] BUY @ 32.2 (VR:0.25)
[2026-08-14 13:36:04]  [行3] 解析成功: SZSE.002552 [宝鼎科技] BUY @ 58.01 (VR:0.2)
[2026-08-14 13:36:04]  [行4] 解析成功: SZSE.002937 [兴瑞科技] BUY @ 29.34 (VR:0.06)
[2026-08-14 13:36:04]  [行5] 解析成功: SZSE.300607 [拓斯达] BUY @ 34.11 (VR:0.46)
[2026-08-14 13:36:04]  [行6] 解析成功: SZSE.301070 [开勒股份] BUY @ 65.47 (VR:22.78)
[2026-08-14 13:36:04]  [行7] 解析成功: SHSE.603773 [沃格光电] BUY @ 93.21 (VR:0.72)
[2026-08-14 13:36:04]  [行8] 解析成功: SHSE.600460 [士兰微] BUY @ 32.29 (VR:0.29)
[2026-08-14 13:36:04]  [行9] 解析成功: SZSE.002552 [宝鼎科技] BUY @ 58.05 (VR:0.29)
[2026-08-14 13:36:04]  [行10] 解析成功: SZSE.002937 [兴瑞科技] BUY @ 29.39 (VR:0.18)
[2026-08-14 13:36:04]  [行11] 解析成功: SZSE.300607 [拓斯达] BUY @ 34.16 (VR:0.41)
[2026-08-14 13:36:04]  [行12] 解析成功: SZSE.301070 [开勒股份] BUY @ 66.07 (VR:2.78)
[2026-08-14 13:36:04] 成功保存 12 条因子至: signal_batch_20260814_133604_766562.txt
[2026-08-14 13:36:04]  QQ-备用 邮件 3932 处理完成
[2026-08-14 13:36:05]  QQ-备用 正在解析因子: =?utf-8?b?QWxwaGFQaWxvdCDlpIfku73kv6Hlj7cgKGFscGhhX3NpZ25hbF90aHJfMjAyNjA4MTRfMTEzMS5qc29uKSBb5aSHUVEt6Ieq5L+dXQ==?=
[2026-08-14 13:36:05]  发现表格，共 10 行数据
[2026-08-14 13:36:05]  动态索引映射: ['股票代码', '股票名称', '信号', '当前价格', '量比', '来源过滤']
[2026-08-14 13:36:05]  [行1] 解析成功: SHSE.688261 [东微半导] BUY @ 70.12 (VR:0.28)
[2026-08-14 13:36:05]  [行2] 解析成功: SHSE.688199 [久日新材] BUY @ 23.15 (VR:0.55)
[2026-08-14 13:36:05]  [行3] 解析成功: SZSE.300136 [信维通信] SELL @ 67.36 (VR:1.4)
[2026-08-14 13:36:05]  [行4] 解析成功: SZSE.300821 [东岳硅材] BUY @ 16.82 (VR:0.37)
[2026-08-14 13:36:05]  [行5] 解析成功: SZSE.300236 [上海新阳] BUY @ 93.2 (VR:0.13)
[2026-08-14 13:36:05]  [行6] 解析成功: SHSE.688261 [东微半导] BUY @ 70.16 (VR:0.93)
[2026-08-14 13:36:05]  [行7] 解析成功: SHSE.688199 [久日新材] BUY @ 23.17 (VR:0.85)
[2026-08-14 13:36:05]  [行8] 解析成功: SZSE.300136 [信维通信] SELL @ 67.34 (VR:1.52)
[2026-08-14 13:36:05]  [行9] 解析成功: SZSE.300821 [东岳硅材] BUY @ 16.83 (VR:0.46)
[2026-08-14 13:36:05]  [行10] 解析成功: SZSE.300236 [上海新阳] BUY @ 93.24 (VR:0.28)
[2026-08-14 13:36:05] 成功保存 10 条因子至: signal_batch_20260814_133605_108008.txt
[2026-08-14 13:36:05]  QQ-备用 邮件 3933 处理完成
[2026-08-14 13:36:05]  QQ-备用 正在解析因子: =?utf-8?b?QWxwaGFQaWxvdCDlpIfku73kv6Hlj7cgKGFscGhhX3NpZ25hbF90aHJfMjAyNjA4MTRfMTEzMS5qc29uKSBb5aSHUVEt6Ieq5L+dXQ==?=
[2026-08-14 13:36:05]  发现表格，共 10 行数据
[2026-08-14 13:36:05]  动态索引映射: ['股票代码', '股票名称', '信号', '当前价格', '量比', '来源过滤']
[2026-08-14 13:36:05]  [行1] 解析成功: SHSE.688261 [东微半导] BUY @ 70.12 (VR:0.28)
[2026-08-14 13:36:05]  [行2] 解析成功: SHSE.688199 [久日新材] BUY @ 23.15 (VR:0.55)
[2026-08-14 13:36:05]  [行3] 解析成功: SZSE.300136 [信维通信] SELL @ 67.36 (VR:1.4)
[2026-08-14 13:36:05]  [行4] 解析成功: SZSE.300821 [东岳硅材] BUY @ 16.82 (VR:0.37)
[2026-08-14 13:36:05]  [行5] 解析成功: SZSE.300236 [上海新阳] BUY @ 93.2 (VR:0.13)
[2026-08-14 13:36:05]  [行6] 解析成功: SHSE.688261 [东微半导] BUY @ 70.16 (VR:0.93)
[2026-08-14 13:36:05]  [行7] 解析成功: SHSE.688199 [久日新材] BUY @ 23.17 (VR:0.85)
[2026-08-14 13:36:05]  [行8] 解析成功: SZSE.300136 [信维通信] SELL @ 67.34 (VR:1.52)
[2026-08-14 13:36:05]  [行9] 解析成功: SZSE.300821 [东岳硅材] BUY @ 16.83 (VR:0.46)
[2026-08-14 13:36:05]  [行10] 解析成功: SZSE.300236 [上海新阳] BUY @ 93.24 (VR:0.28)
[2026-08-14 13:36:05] 本批信号内容已存在（哈希重复），跳过保存（防双邮箱重复）
[2026-08-14 13:36:05]  QQ-备用 邮件 3934 保存因子失败
[2026-08-14 13:36:05]  QQ-备用 正在解析因子: =?utf-8?b?QWxwaGFQaWxvdCDlpIfku73kv6Hlj7cgKGFscGhhX3NpZ25hbF90aHJfMjAyNjA4MTRfMTMwMy5qc29uKSBb5aSHUVEt6Ieq5L+dXQ==?=
[2026-08-14 13:36:05]  发现表格，共 12 行数据
[2026-08-14 13:36:05]  动态索引映射: ['股票代码', '股票名称', '信号', '当前价格', '量比', '来源过滤']
[2026-08-14 13:36:05]  [行1] 解析成功: SHSE.603773 [沃格光电] SELL @ 93.38 (VR:0.6)
[2026-08-14 13:36:05]  [行2] 解析成功: SHSE.600460 [士兰微] SELL @ 32.27 (VR:0.06)
[2026-08-14 13:36:05]  [行3] 解析成功: SZSE.002552 [宝鼎科技] SELL @ 58.03 (VR:0.12)
[2026-08-14 13:36:05]  [行4] 解析成功: SZSE.003031 [中瓷电子] SELL @ 125.56 (VR:0.6)
[2026-08-14 13:36:05]  [行5] 解析成功: SZSE.000823 [超声电子] SELL @ 15.19 (VR:2.48)
[2026-08-14 13:36:05]  [行6] 解析成功: SZSE.300607 [拓斯达] BUY @ 34.12 (VR:0.21)
[2026-08-14 13:36:05]  [行7] 解析成功: SHSE.603773 [沃格光电] SELL @ 93.31 (VR:0.17)
[2026-08-14 13:36:05]  [行8] 解析成功: SHSE.600460 [士兰微] SELL @ 32.18 (VR:0.27)
[2026-08-14 13:36:05]  [行9] 解析成功: SZSE.002552 [宝鼎科技] SELL @ 57.81 (VR:0.29)
[2026-08-14 13:36:05]  [行10] 解析成功: SZSE.003031 [中瓷电子] SELL @ 125.4 (VR:0.16)
[2026-08-14 13:36:05]  [行11] 解析成功: SZSE.000823 [超声电子] SELL @ 15.15 (VR:1.48)
[2026-08-14 13:36:05]  [行12] 解析成功: SZSE.300607 [拓斯达] BUY @ 34.13 (VR:0.37)
[2026-08-14 13:36:05] 成功保存 12 条因子至: signal_batch_20260814_133605_490759.txt
[2026-08-14 13:36:05]  QQ-备用 邮件 3935 处理完成
[2026-08-14 13:36:05]  QQ-备用 正在解析因子: =?utf-8?b?QWxwaGFQaWxvdCDlpIfku73kv6Hlj7cgKGFscGhhX3NpZ25hbF90aHJfMjAyNjA4MTRfMTMwMy5qc29uKSBb5aSHUVEt6Ieq5L+dXQ==?=
[2026-08-14 13:36:05]  发现表格，共 12 行数据
[2026-08-14 13:36:05]  动态索引映射: ['股票代码', '股票名称', '信号', '当前价格', '量比', '来源过滤']
[2026-08-14 13:36:05]  [行1] 解析成功: SHSE.603773 [沃格光电] SELL @ 93.38 (VR:0.6)
[2026-08-14 13:36:05]  [行2] 解析成功: SHSE.600460 [士兰微] SELL @ 32.27 (VR:0.06)
[2026-08-14 13:36:05]  [行3] 解析成功: SZSE.002552 [宝鼎科技] SELL @ 58.03 (VR:0.12)
[2026-08-14 13:36:05]  [行4] 解析成功: SZSE.003031 [中瓷电子] SELL @ 125.56 (VR:0.6)
[2026-08-14 13:36:05]  [行5] 解析成功: SZSE.000823 [超声电子] SELL @ 15.19 (VR:2.48)
[2026-08-14 13:36:05]  [行6] 解析成功: SZSE.300607 [拓斯达] BUY @ 34.12 (VR:0.21)
[2026-08-14 13:36:05]  [行7] 解析成功: SHSE.603773 [沃格光电] SELL @ 93.31 (VR:0.17)
[2026-08-14 13:36:05]  [行8] 解析成功: SHSE.600460 [士兰微] SELL @ 32.18 (VR:0.27)
[2026-08-14 13:36:05]  [行9] 解析成功: SZSE.002552 [宝鼎科技] SELL @ 57.81 (VR:0.29)
[2026-08-14 13:36:05]  [行10] 解析成功: SZSE.003031 [中瓷电子] SELL @ 125.4 (VR:0.16)
[2026-08-14 13:36:05]  [行11] 解析成功: SZSE.000823 [超声电子] SELL @ 15.15 (VR:1.48)
[2026-08-14 13:36:05]  [行12] 解析成功: SZSE.300607 [拓斯达] BUY @ 34.13 (VR:0.37)
[2026-08-14 13:36:05] 本批信号内容已存在（哈希重复），跳过保存（防双邮箱重复）
[2026-08-14 13:36:05]  QQ-备用 邮件 3936 保存因子失败
[2026-08-14 13:36:05]  QQ-备用 正在解析因子: =?utf-8?b?QWxwaGFQaWxvdCDlpIfku73kv6Hlj7cgKGFscGhhX3NpZ25hbF90aHJfMjAyNjA4MTRfMTMwNi5qc29uKSBb5aSHUVEt6Ieq5L+dXQ==?=
[2026-08-14 13:36:05]  发现表格，共 4 行数据
[2026-08-14 13:36:05]  动态索引映射: ['股票代码', '股票名称', '信号', '当前价格', '量比', '来源过滤']
[2026-08-14 13:36:05]  [行1] 解析成功: SZSE.300162 [雷曼光电] SELL @ 7.59 (VR:0.69)
[2026-08-14 13:36:05]  [行2] 解析成功: SZSE.300767 [震安科技] SELL @ 18.37 (VR:0.85)
[2026-08-14 13:36:05]  [行3] 解析成功: SZSE.300162 [雷曼光电] SELL @ 7.57 (VR:1.26)
[2026-08-14 13:36:05]  [行4] 解析成功: SZSE.300767 [震安科技] SELL @ 18.35 (VR:0.13)
[2026-08-14 13:36:05] 成功保存 4 条因子至: signal_batch_20260814_133605_907663.txt
[2026-08-14 13:36:06]  QQ-备用 邮件 3937 处理完成
[2026-08-14 13:36:06]  QQ-备用 正在解析因子: =?utf-8?b?QWxwaGFQaWxvdCDlpIfku73kv6Hlj7cgKGFscGhhX3NpZ25hbF90aHJfMjAyNjA4MTRfMTMwNi5qc29uKSBb5aSHUVEt6Ieq5L+dXQ==?=
[2026-08-14 13:36:06]  发现表格，共 4 行数据
[2026-08-14 13:36:06]  动态索引映射: ['股票代码', '股票名称', '信号', '当前价格', '量比', '来源过滤']
[2026-08-14 13:36:06]  [行1] 解析成功: SZSE.300162 [雷曼光电] SELL @ 7.59 (VR:0.69)
[2026-08-14 13:36:06]  [行2] 解析成功: SZSE.300767 [震安科技] SELL @ 18.37 (VR:0.85)
[2026-08-14 13:36:06]  [行3] 解析成功: SZSE.300162 [雷曼光电] SELL @ 7.57 (VR:1.26)
[2026-08-14 13:36:06]  [行4] 解析成功: SZSE.300767 [震安科技] SELL @ 18.35 (VR:0.13)
[2026-08-14 13:36:06] 成功保存 4 条因子至: signal_batch_20260814_133606_236067.txt
[2026-08-14 13:36:06]  QQ-备用 邮件 3938 处理完成
[2026-08-14 13:36:06]  QQ-备用 正在解析因子: =?utf-8?b?QWxwaGFQaWxvdCDlpIfku73kv6Hlj7cgKGFscGhhX3NpZ25hbF90aHJfMjAyNjA4MTRfMTMwOC5qc29uKSBb5aSHUVEt6Ieq5L+dXQ==?=
[2026-08-14 13:36:06]  发现表格，共 14 行数据
[2026-08-14 13:36:06]  动态索引映射: ['股票代码', '股票名称', '信号', '当前价格', '量比', '来源过滤']
[2026-08-14 13:36:06]  [行1] 解析成功: SHSE.688286 [敏芯股份] BUY @ 51.76 (VR:1.52)
[2026-08-14 13:36:06]  [行2] 解析成功: SHSE.688511 [天微电子] SELL @ 22.93 (VR:0.87)
[2026-08-14 13:36:06]  [行3] 解析成功: SHSE.688249 [晶合集成] SELL @ 39.59 (VR:0.0)
[2026-08-14 13:36:06]  [行4] 解析成功: SZSE.300088 [长信科技] BUY @ 7.46 (VR:0.3)
[2026-08-14 13:36:06]  [行5] 解析成功: SZSE.300420 [五洋自控] BUY @ 7.76 (VR:0.17)
[2026-08-14 13:36:06]  [行6] 解析成功: SZSE.300661 [圣邦股份] BUY @ 120.5 (VR:0.65)
[2026-08-14 13:36:06]  [行7] 解析成功: SZSE.300780 [德恩精工] BUY @ 20.18 (VR:0.28)
[2026-08-14 13:36:06]  [行8] 解析成功: SHSE.688286 [敏芯股份] BUY @ 52.01 (VR:2.42)
[2026-08-14 13:36:06]  [行9] 解析成功: SHSE.688511 [天微电子] SELL @ 22.91 (VR:0.23)
[2026-08-14 13:36:06]  [行10] 解析成功: SHSE.688249 [晶合集成] SELL @ 39.56 (VR:0.01)
[2026-08-14 13:36:06]  [行11] 解析成功: SZSE.300088 [长信科技] BUY @ 7.47 (VR:0.26)
[2026-08-14 13:36:06]  [行12] 解析成功: SZSE.300420 [五洋自控] BUY @ 7.79 (VR:0.16)
[2026-08-14 13:36:06]  [行13] 解析成功: SZSE.300661 [圣邦股份] BUY @ 120.72 (VR:0.37)
[2026-08-14 13:36:06]  [行14] 解析成功: SZSE.300780 [德恩精工] BUY @ 20.2 (VR:0.15)
[2026-08-14 13:36:06] 成功保存 14 条因子至: signal_batch_20260814_133606_593749.txt
[2026-08-14 13:36:06]  QQ-备用 邮件 3939 处理完成
[2026-08-14 13:36:06]  QQ-备用 正在解析因子: =?utf-8?b?QWxwaGFQaWxvdCDlpIfku73kv6Hlj7cgKGFscGhhX3NpZ25hbF90aHJfMjAyNjA4MTRfMTMwOC5qc29uKSBb5aSHUVEt6Ieq5L+dXQ==?=
[2026-08-14 13:36:06]  发现表格，共 14 行数据
[2026-08-14 13:36:06]  动态索引映射: ['股票代码', '股票名称', '信号', '当前价格', '量比', '来源过滤']
[2026-08-14 13:36:06]  [行1] 解析成功: SHSE.688286 [敏芯股份] BUY @ 51.76 (VR:1.52)
[2026-08-14 13:36:06]  [行2] 解析成功: SHSE.688511 [天微电子] SELL @ 22.93 (VR:0.87)
[2026-08-14 13:36:06]  [行3] 解析成功: SHSE.688249 [晶合集成] SELL @ 39.59 (VR:0.0)
[2026-08-14 13:36:06]  [行4] 解析成功: SZSE.300088 [长信科技] BUY @ 7.46 (VR:0.3)
[2026-08-14 13:36:06]  [行5] 解析成功: SZSE.300420 [五洋自控] BUY @ 7.76 (VR:0.17)
[2026-08-14 13:36:06]  [行6] 解析成功: SZSE.300661 [圣邦股份] BUY @ 120.5 (VR:0.65)
[2026-08-14 13:36:06]  [行7] 解析成功: SZSE.300780 [德恩精工] BUY @ 20.18 (VR:0.28)
[2026-08-14 13:36:06]  [行8] 解析成功: SHSE.688286 [敏芯股份] BUY @ 52.01 (VR:2.42)
[2026-08-14 13:36:06]  [行9] 解析成功: SHSE.688511 [天微电子] SELL @ 22.91 (VR:0.23)
[2026-08-14 13:36:06]  [行10] 解析成功: SHSE.688249 [晶合集成] SELL @ 39.56 (VR:0.01)
[2026-08-14 13:36:06]  [行11] 解析成功: SZSE.300088 [长信科技] BUY @ 7.47 (VR:0.26)
[2026-08-14 13:36:06]  [行12] 解析成功: SZSE.300420 [五洋自控] BUY @ 7.79 (VR:0.16)
[2026-08-14 13:36:06]  [行13] 解析成功: SZSE.300661 [圣邦股份] BUY @ 120.72 (VR:0.37)
[2026-08-14 13:36:06]  [行14] 解析成功: SZSE.300780 [德恩精工] BUY @ 20.2 (VR:0.15)
[2026-08-14 13:36:06] 本批信号内容已存在（哈希重复），跳过保存（防双邮箱重复）
[2026-08-14 13:36:06]  QQ-备用 邮件 3940 保存因子失败
[2026-08-14 13:36:07]  QQ-备用 正在解析因子: =?utf-8?b?QWxwaGFQaWxvdCDlpIfku73kv6Hlj7cgKGFscGhhX3NpZ25hbF90aHJfMjAyNjA4MTRfMTMxMS5qc29uKSBb5aSHUVEt6Ieq5L+dXQ==?=
[2026-08-14 13:36:07]  发现表格，共 12 行数据
[2026-08-14 13:36:07]  动态索引映射: ['股票代码', '股票名称', '信号', '当前价格', '量比', '来源过滤']
[2026-08-14 13:36:07]  [行1] 解析成功: SHSE.688665 [四方光电] BUY @ 45.28 (VR:0.04)
[2026-08-14 13:36:07]  [行2] 解析成功: SHSE.688102 [斯瑞新材] BUY @ 37.38 (VR:1.53)
[2026-08-14 13:36:07]  [行3] 解析成功: SHSE.688521 [芯原股份] SELL @ 207.0 (VR:0.21)
[2026-08-14 13:36:07]  [行4] 解析成功: SHSE.688227 [品高股份] SELL @ 80.38 (VR:0.53)
[2026-08-14 13:36:07]  [行5] 解析成功: SZSE.300689 [澄天伟业] SELL @ 52.98 (VR:0.68)
[2026-08-14 13:36:07]  [行6] 解析成功: SZSE.300790 [宇瞳光学] SELL @ 19.59 (VR:0.27)
[2026-08-14 13:36:07]  [行7] 解析成功: SHSE.688665 [四方光电] BUY @ 45.5 (VR:10.19)
[2026-08-14 13:36:07]  [行8] 解析成功: SHSE.688102 [斯瑞新材] BUY @ 37.52 (VR:0.94)
[2026-08-14 13:36:07]  [行9] 解析成功: SHSE.688521 [芯原股份] SELL @ 206.6 (VR:0.09)
[2026-08-14 13:36:07]  [行10] 解析成功: SHSE.688227 [品高股份] SELL @ 80.34 (VR:1.38)
[2026-08-14 13:36:07]  [行11] 解析成功: SZSE.300689 [澄天伟业] SELL @ 52.91 (VR:0.14)
[2026-08-14 13:36:07]  [行12] 解析成功: SZSE.300790 [宇瞳光学] SELL @ 19.55 (VR:0.34)
[2026-08-14 13:36:07] 成功保存 12 条因子至: signal_batch_20260814_133607_047225.txt
[2026-08-14 13:36:07]  QQ-备用 邮件 3941 处理完成
[2026-08-14 13:36:07]  QQ-备用 正在解析因子: =?utf-8?b?QWxwaGFQaWxvdCDlpIfku73kv6Hlj7cgKGFscGhhX3NpZ25hbF90aHJfMjAyNjA4MTRfMTMxMS5qc29uKSBb5aSHUVEt6Ieq5L+dXQ==?=
[2026-08-14 13:36:07]  发现表格，共 12 行数据
[2026-08-14 13:36:07]  动态索引映射: ['股票代码', '股票名称', '信号', '当前价格', '量比', '来源过滤']
[2026-08-14 13:36:07]  [行1] 解析成功: SHSE.688665 [四方光电] BUY @ 45.28 (VR:0.04)
[2026-08-14 13:36:07]  [行2] 解析成功: SHSE.688102 [斯瑞新材] BUY @ 37.38 (VR:1.53)
[2026-08-14 13:36:07]  [行3] 解析成功: SHSE.688521 [芯原股份] SELL @ 207.0 (VR:0.21)
[2026-08-14 13:36:07]  [行4] 解析成功: SHSE.688227 [品高股份] SELL @ 80.38 (VR:0.53)
[2026-08-14 13:36:07]  [行5] 解析成功: SZSE.300689 [澄天伟业] SELL @ 52.98 (VR:0.68)
[2026-08-14 13:36:07]  [行6] 解析成功: SZSE.300790 [宇瞳光学] SELL @ 19.59 (VR:0.27)
[2026-08-14 13:36:07]  [行7] 解析成功: SHSE.688665 [四方光电] BUY @ 45.5 (VR:10.19)
[2026-08-14 13:36:07]  [行8] 解析成功: SHSE.688102 [斯瑞新材] BUY @ 37.52 (VR:0.94)
[2026-08-14 13:36:07]  [行9] 解析成功: SHSE.688521 [芯原股份] SELL @ 206.6 (VR:0.09)
[2026-08-14 13:36:07]  [行10] 解析成功: SHSE.688227 [品高股份] SELL @ 80.34 (VR:1.38)
[2026-08-14 13:36:07]  [行11] 解析成功: SZSE.300689 [澄天伟业] SELL @ 52.91 (VR:0.14)
[2026-08-14 13:36:07]  [行12] 解析成功: SZSE.300790 [宇瞳光学] SELL @ 19.55 (VR:0.34)
[2026-08-14 13:36:07] 本批信号内容已存在（哈希重复），跳过保存（防双邮箱重复）
[2026-08-14 13:36:07]  QQ-备用 邮件 3942 保存因子失败
[2026-08-14 13:36:07]  QQ-备用 正在解析因子: =?utf-8?b?QWxwaGFQaWxvdCDlpIfku73kv6Hlj7cgKGFscGhhX3NpZ25hbF90aHJfMjAyNjA4MTRfMTMxMy5qc29uKSBb5aSHUVEt6Ieq5L+dXQ==?=
[2026-08-14 13:36:07]  发现表格，共 6 行数据
[2026-08-14 13:36:07]  动态索引映射: ['股票代码', '股票名称', '信号', '当前价格', '量比', '来源过滤']
[2026-08-14 13:36:07]  [行1] 解析成功: SHSE.600353 [旭光电子] BUY @ 30.01 (VR:1.18)
[2026-08-14 13:36:07]  [行2] 解析成功: SHSE.688392 [娇成超声] BUY @ 175.01 (VR:0.36)
[2026-08-14 13:36:07]  [行3] 解析成功: SZSE.000510 [新金路] BUY @ 16.57 (VR:0.13)
[2026-08-14 13:36:07]  [行4] 解析成功: SHSE.600353 [旭光电子] BUY @ 30.09 (VR:0.39)
[2026-08-14 13:36:07]  [行5] 解析成功: SHSE.688392 [娇成超声] BUY @ 175.75 (VR:0.41)
[2026-08-14 13:36:07]  [行6] 解析成功: SZSE.000510 [新金路] BUY @ 16.66 (VR:0.01)
[2026-08-14 13:36:07] 成功保存 6 条因子至: signal_batch_20260814_133607_876633.txt
[2026-08-14 13:36:08]  QQ-备用 邮件 3943 处理完成
[2026-08-14 13:36:08]  QQ-备用 正在解析因子: =?utf-8?b?QWxwaGFQaWxvdCDlpIfku73kv6Hlj7cgKGFscGhhX3NpZ25hbF90aHJfMjAyNjA4MTRfMTMxMy5qc29uKSBb5aSHUVEt6Ieq5L+dXQ==?=
[2026-08-14 13:36:08]  发现表格，共 6 行数据
[2026-08-14 13:36:08]  动态索引映射: ['股票代码', '股票名称', '信号', '当前价格', '量比', '来源过滤']
[2026-08-14 13:36:08]  [行1] 解析成功: SHSE.600353 [旭光电子] BUY @ 30.01 (VR:1.18)
[2026-08-14 13:36:08]  [行2] 解析成功: SHSE.688392 [娇成超声] BUY @ 175.01 (VR:0.36)
[2026-08-14 13:36:08]  [行3] 解析成功: SZSE.000510 [新金路] BUY @ 16.57 (VR:0.13)
[2026-08-14 13:36:08]  [行4] 解析成功: SHSE.600353 [旭光电子] BUY @ 30.09 (VR:0.39)
[2026-08-14 13:36:08]  [行5] 解析成功: SHSE.688392 [娇成超声] BUY @ 175.75 (VR:0.41)
[2026-08-14 13:36:08]  [行6] 解析成功: SZSE.000510 [新金路] BUY @ 16.66 (VR:0.01)
[2026-08-14 13:36:08] 成功保存 6 条因子至: signal_batch_20260814_133608_185894.txt
[2026-08-14 13:36:08]  QQ-备用 邮件 3944 处理完成
[2026-08-14 13:36:08]  QQ-备用 正在解析因子: =?utf-8?b?QWxwaGFQaWxvdCDlpIfku73kv6Hlj7cgKGFscGhhX3NpZ25hbF90aHJfMjAyNjA4MTRfMTMxNi5qc29uKSBb5aSHUVEt6Ieq5L+dXQ==?=
[2026-08-14 13:36:08]  发现表格，共 10 行数据
[2026-08-14 13:36:08]  动态索引映射: ['股票代码', '股票名称', '信号', '当前价格', '量比', '来源过滤']
[2026-08-14 13:36:08]  [行1] 解析成功: SHSE.603773 [沃格光电] BUY @ 92.95 (VR:0.22)
[2026-08-14 13:36:08]  [行2] 解析成功: SHSE.605111 [新洁能] SELL @ 56.65 (VR:0.31)
[2026-08-14 13:36:08]  [行3] 解析成功: SZSE.002937 [兴瑞科技] BUY @ 29.11 (VR:0.35)
[2026-08-14 13:36:08]  [行4] 解析成功: SZSE.000823 [超声电子] SELL @ 15.11 (VR:0.27)
[2026-08-14 13:36:08]  [行5] 解析成功: SZSE.300607 [拓斯达] SELL @ 34.02 (VR:0.14)
[2026-08-14 13:36:08]  [行6] 解析成功: SHSE.603773 [沃格光电] BUY @ 92.99 (VR:0.27)
[2026-08-14 13:36:08]  [行7] 解析成功: SHSE.605111 [新洁能] SELL @ 56.63 (VR:0.45)
[2026-08-14 13:36:08]  [行8] 解析成功: SZSE.002937 [兴瑞科技] BUY @ 29.12 (VR:0.13)
[2026-08-14 13:36:08]  [行9] 解析成功: SZSE.000823 [超声电子] SELL @ 15.08 (VR:0.03)
[2026-08-14 13:36:08]  [行10] 解析成功: SZSE.300607 [拓斯达] SELL @ 33.99 (VR:0.45)
[2026-08-14 13:36:08] 成功保存 10 条因子至: signal_batch_20260814_133608_481440.txt
[2026-08-14 13:36:08]  QQ-备用 邮件 3945 处理完成
[2026-08-14 13:36:08]  QQ-备用 正在解析因子: =?utf-8?b?QWxwaGFQaWxvdCDlpIfku73kv6Hlj7cgKGFscGhhX3NpZ25hbF90aHJfMjAyNjA4MTRfMTMxNi5qc29uKSBb5aSHUVEt6Ieq5L+dXQ==?=
[2026-08-14 13:36:08]  发现表格，共 10 行数据
[2026-08-14 13:36:08]  动态索引映射: ['股票代码', '股票名称', '信号', '当前价格', '量比', '来源过滤']
[2026-08-14 13:36:08]  [行1] 解析成功: SHSE.603773 [沃格光电] BUY @ 92.95 (VR:0.22)
[2026-08-14 13:36:08]  [行2] 解析成功: SHSE.605111 [新洁能] SELL @ 56.65 (VR:0.31)
[2026-08-14 13:36:08]  [行3] 解析成功: SZSE.002937 [兴瑞科技] BUY @ 29.11 (VR:0.35)
[2026-08-14 13:36:08]  [行4] 解析成功: SZSE.000823 [超声电子] SELL @ 15.11 (VR:0.27)
[2026-08-14 13:36:08]  [行5] 解析成功: SZSE.300607 [拓斯达] SELL @ 34.02 (VR:0.14)
[2026-08-14 13:36:08]  [行6] 解析成功: SHSE.603773 [沃格光电] BUY @ 92.99 (VR:0.27)
[2026-08-14 13:36:08]  [行7] 解析成功: SHSE.605111 [新洁能] SELL @ 56.63 (VR:0.45)
[2026-08-14 13:36:08]  [行8] 解析成功: SZSE.002937 [兴瑞科技] BUY @ 29.12 (VR:0.13)
[2026-08-14 13:36:08]  [行9] 解析成功: SZSE.000823 [超声电子] SELL @ 15.08 (VR:0.03)
[2026-08-14 13:36:08]  [行10] 解析成功: SZSE.300607 [拓斯达] SELL @ 33.99 (VR:0.45)
[2026-08-14 13:36:08] 成功保存 10 条因子至: signal_batch_20260814_133608_823471.txt
[2026-08-14 13:36:08]  QQ-备用 邮件 3946 处理完成
[2026-08-14 13:36:09]  QQ-备用 正在解析因子: =?utf-8?b?QWxwaGFQaWxvdCDlpIfku73kv6Hlj7cgKGFscGhhX3NpZ25hbF90aHJfMjAyNjA4MTRfMTMxOC5qc29uKSBb5aSHUVEt6Ieq5L+dXQ==?=
[2026-08-14 13:36:09]  发现表格，共 8 行数据
[2026-08-14 13:36:09]  动态索引映射: ['股票代码', '股票名称', '信号', '当前价格', '量比', '来源过滤']
[2026-08-14 13:36:09]  [行1] 解析成功: SHSE.688261 [东微半导] SELL @ 69.91 (VR:1.48)
[2026-08-14 13:36:09]  [行2] 解析成功: SZSE.300236 [上海新阳] SELL @ 92.65 (VR:0.0)
[2026-08-14 13:36:09]  [行3] 解析成功: SZSE.300057 [万顺新材] SELL @ 6.49 (VR:1.14)
[2026-08-14 13:36:09]  [行4] 解析成功: SZSE.300767 [震安科技] SELL @ 18.32 (VR:0.56)
[2026-08-14 13:36:09]  [行5] 解析成功: SHSE.688261 [东微半导] SELL @ 69.69 (VR:0.57)
[2026-08-14 13:36:09]  [行6] 解析成功: SZSE.300236 [上海新阳] SELL @ 92.58 (VR:0.18)
[2026-08-14 13:36:09]  [行7] 解析成功: SZSE.300057 [万顺新材] SELL @ 6.48 (VR:0.02)
[2026-08-14 13:36:09]  [行8] 解析成功: SZSE.300767 [震安科技] SELL @ 18.31 (VR:0.01)
[2026-08-14 13:36:09] 成功保存 8 条因子至: signal_batch_20260814_133609_117534.txt
[2026-08-14 13:36:09]  QQ-备用 邮件 3947 处理完成
[2026-08-14 13:36:09]  QQ-备用 正在解析因子: =?utf-8?b?QWxwaGFQaWxvdCDlpIfku73kv6Hlj7cgKGFscGhhX3NpZ25hbF90aHJfMjAyNjA4MTRfMTMxOC5qc29uKSBb5aSHUVEt6Ieq5L+dXQ==?=
[2026-08-14 13:36:09]  发现表格，共 8 行数据
[2026-08-14 13:36:09]  动态索引映射: ['股票代码', '股票名称', '信号', '当前价格', '量比', '来源过滤']
[2026-08-14 13:36:09]  [行1] 解析成功: SHSE.688261 [东微半导] SELL @ 69.91 (VR:1.48)
[2026-08-14 13:36:09]  [行2] 解析成功: SZSE.300236 [上海新阳] SELL @ 92.65 (VR:0.0)
[2026-08-14 13:36:09]  [行3] 解析成功: SZSE.300057 [万顺新材] SELL @ 6.49 (VR:1.14)
[2026-08-14 13:36:09]  [行4] 解析成功: SZSE.300767 [震安科技] SELL @ 18.32 (VR:0.56)
[2026-08-14 13:36:09]  [行5] 解析成功: SHSE.688261 [东微半导] SELL @ 69.69 (VR:0.57)
[2026-08-14 13:36:09]  [行6] 解析成功: SZSE.300236 [上海新阳] SELL @ 92.58 (VR:0.18)
[2026-08-14 13:36:09]  [行7] 解析成功: SZSE.300057 [万顺新材] SELL @ 6.48 (VR:0.02)
[2026-08-14 13:36:09]  [行8] 解析成功: SZSE.300767 [震安科技] SELL @ 18.31 (VR:0.01)
[2026-08-14 13:36:09] 本批信号内容已存在（哈希重复），跳过保存（防双邮箱重复）
[2026-08-14 13:36:09]  QQ-备用 邮件 3948 保存因子失败
[2026-08-14 13:36:09]  QQ-备用 正在解析因子: =?utf-8?b?QWxwaGFQaWxvdCDlpIfku73kv6Hlj7cgKGFscGhhX3NpZ25hbF90aHJfMjAyNjA4MTRfMTMyMS5qc29uKSBb5aSHUVEt6Ieq5L+dXQ==?=
[2026-08-14 13:36:09]  发现表格，共 10 行数据
[2026-08-14 13:36:09]  动态索引映射: ['股票代码', '股票名称', '信号', '当前价格', '量比', '来源过滤']
[2026-08-14 13:36:09]  [行1] 解析成功: SHSE.688286 [敏芯股份] BUY @ 50.71 (VR:0.28)
[2026-08-14 13:36:09]  [行2] 解析成功: SHSE.688138 [清溢光电] BUY @ 33.1 (VR:0.85)
[2026-08-14 13:36:09]  [行3] 解析成功: SZSE.300285 [国瓷材料] BUY @ 69.82 (VR:1.03)
[2026-08-14 13:36:09]  [行4] 解析成功: SZSE.301392 [汇成真空] SELL @ 164.33 (VR:0.82)
[2026-08-14 13:36:09]  [行5] 解析成功: SZSE.300420 [五洋自控] SELL @ 7.78 (VR:0.64)
[2026-08-14 13:36:09]  [行6] 解析成功: SHSE.688286 [敏芯股份] BUY @ 50.8 (VR:0.19)
[2026-08-14 13:36:09]  [行7] 解析成功: SHSE.688138 [清溢光电] BUY @ 33.13 (VR:0.1)
[2026-08-14 13:36:09]  [行8] 解析成功: SZSE.300285 [国瓷材料] BUY @ 69.86 (VR:0.42)
[2026-08-14 13:36:09]  [行9] 解析成功: SZSE.301392 [汇成真空] SELL @ 164.24 (VR:0.52)
[2026-08-14 13:36:09]  [行10] 解析成功: SZSE.300420 [五洋自控] SELL @ 7.76 (VR:0.23)
[2026-08-14 13:36:09] 成功保存 10 条因子至: signal_batch_20260814_133609_722744.txt
[2026-08-14 13:36:10]  QQ-备用 邮件 3949 处理完成
[2026-08-14 13:36:10]  QQ-备用 正在解析因子: =?utf-8?b?QWxwaGFQaWxvdCDlpIfku73kv6Hlj7cgKGFscGhhX3NpZ25hbF90aHJfMjAyNjA4MTRfMTMyMS5qc29uKSBb5aSHUVEt6Ieq5L+dXQ==?=
[2026-08-14 13:36:10]  发现表格，共 10 行数据
[2026-08-14 13:36:10]  动态索引映射: ['股票代码', '股票名称', '信号', '当前价格', '量比', '来源过滤']
[2026-08-14 13:36:10]  [行1] 解析成功: SHSE.688286 [敏芯股份] BUY @ 50.71 (VR:0.28)
[2026-08-14 13:36:10]  [行2] 解析成功: SHSE.688138 [清溢光电] BUY @ 33.1 (VR:0.85)
[2026-08-14 13:36:10]  [行3] 解析成功: SZSE.300285 [国瓷材料] BUY @ 69.82 (VR:1.03)
[2026-08-14 13:36:10]  [行4] 解析成功: SZSE.301392 [汇成真空] SELL @ 164.33 (VR:0.82)
[2026-08-14 13:36:10]  [行5] 解析成功: SZSE.300420 [五洋自控] SELL @ 7.78 (VR:0.64)
[2026-08-14 13:36:10]  [行6] 解析成功: SHSE.688286 [敏芯股份] BUY @ 50.8 (VR:0.19)
[2026-08-14 13:36:10]  [行7] 解析成功: SHSE.688138 [清溢光电] BUY @ 33.13 (VR:0.1)
[2026-08-14 13:36:10]  [行8] 解析成功: SZSE.300285 [国瓷材料] BUY @ 69.86 (VR:0.42)
[2026-08-14 13:36:10]  [行9] 解析成功: SZSE.301392 [汇成真空] SELL @ 164.24 (VR:0.52)
[2026-08-14 13:36:10]  [行10] 解析成功: SZSE.300420 [五洋自控] SELL @ 7.76 (VR:0.23)
[2026-08-14 13:36:10] 成功保存 10 条因子至: signal_batch_20260814_133610_260272.txt
[2026-08-14 13:36:10]  QQ-备用 邮件 3950 处理完成
[2026-08-14 13:36:10]  QQ-备用 正在解析因子: =?utf-8?b?QWxwaGFQaWxvdCDlpIfku73kv6Hlj7cgKGFscGhhX3NpZ25hbF90aHJfMjAyNjA4MTRfMTMyMy5qc29uKSBb5aSHUVEt6Ieq5L+dXQ==?=
[2026-08-14 13:36:10]  发现表格，共 8 行数据
[2026-08-14 13:36:10]  动态索引映射: ['股票代码', '股票名称', '信号', '当前价格', '量比', '来源过滤']
[2026-08-14 13:36:10]  [行1] 解析成功: SHSE.688110 [东芯股份] SELL @ 114.47 (VR:0.23)
[2026-08-14 13:36:10]  [行2] 解析成功: SHSE.688521 [芯原股份] SELL @ 204.56 (VR:0.24)
[2026-08-14 13:36:10]  [行3] 解析成功: SZSE.300689 [澄天伟业] BUY @ 52.6 (VR:0.86)
[2026-08-14 13:36:10]  [行4] 解析成功: SZSE.002718 [友邦吊顶] BUY @ 85.5 (VR:0.27)
[2026-08-14 13:36:10]  [行5] 解析成功: SHSE.688110 [东芯股份] SELL @ 114.3 (VR:0.07)
[2026-08-14 13:36:10]  [行6] 解析成功: SHSE.688521 [芯原股份] SELL @ 204.0 (VR:0.55)
[2026-08-14 13:36:10]  [行7] 解析成功: SZSE.300689 [澄天伟业] BUY @ 52.61 (VR:0.26)
[2026-08-14 13:36:10]  [行8] 解析成功: SZSE.002718 [友邦吊顶] BUY @ 85.55 (VR:0.33)
[2026-08-14 13:36:10] 成功保存 8 条因子至: signal_batch_20260814_133610_660452.txt
[2026-08-14 13:36:10]  QQ-备用 邮件 3951 处理完成
[2026-08-14 13:36:11]  QQ-备用 正在解析因子: =?utf-8?b?QWxwaGFQaWxvdCDlpIfku73kv6Hlj7cgKGFscGhhX3NpZ25hbF90aHJfMjAyNjA4MTRfMTMyMy5qc29uKSBb5aSHUVEt6Ieq5L+dXQ==?=
[2026-08-14 13:36:11]  发现表格，共 8 行数据
[2026-08-14 13:36:11]  动态索引映射: ['股票代码', '股票名称', '信号', '当前价格', '量比', '来源过滤']
[2026-08-14 13:36:11]  [行1] 解析成功: SHSE.688110 [东芯股份] SELL @ 114.47 (VR:0.23)
[2026-08-14 13:36:11]  [行2] 解析成功: SHSE.688521 [芯原股份] SELL @ 204.56 (VR:0.24)
[2026-08-14 13:36:11]  [行3] 解析成功: SZSE.300689 [澄天伟业] BUY @ 52.6 (VR:0.86)
[2026-08-14 13:36:11]  [行4] 解析成功: SZSE.002718 [友邦吊顶] BUY @ 85.5 (VR:0.27)
[2026-08-14 13:36:11]  [行5] 解析成功: SHSE.688110 [东芯股份] SELL @ 114.3 (VR:0.07)
[2026-08-14 13:36:11]  [行6] 解析成功: SHSE.688521 [芯原股份] SELL @ 204.0 (VR:0.55)
[2026-08-14 13:36:11]  [行7] 解析成功: SZSE.300689 [澄天伟业] BUY @ 52.61 (VR:0.26)
[2026-08-14 13:36:11]  [行8] 解析成功: SZSE.002718 [友邦吊顶] BUY @ 85.55 (VR:0.33)
[2026-08-14 13:36:11] 成功保存 8 条因子至: signal_batch_20260814_133611_228754.txt
[2026-08-14 13:36:11]  QQ-备用 邮件 3952 处理完成
[2026-08-14 13:36:11]  QQ-备用 正在解析因子: =?utf-8?b?QWxwaGFQaWxvdCDlpIfku73kv6Hlj7cgKGFscGhhX3NpZ25hbF90aHJfMjAyNjA4MTRfMTMyNS5qc29uKSBb5aSHUVEt6Ieq5L+dXQ==?=
[2026-08-14 13:36:11]  发现表格，共 4 行数据
[2026-08-14 13:36:11]  动态索引映射: ['股票代码', '股票名称', '信号', '当前价格', '量比', '来源过滤']
[2026-08-14 13:36:11]  [行1] 解析成功: SHSE.600353 [旭光电子] BUY @ 29.8 (VR:0.96)
[2026-08-14 13:36:11]  [行2] 解析成功: SZSE.000510 [新金路] BUY @ 16.5 (VR:0.09)
[2026-08-14 13:36:11]  [行3] 解析成功: SHSE.600353 [旭光电子] BUY @ 29.85 (VR:1.53)
[2026-08-14 13:36:11]  [行4] 解析成功: SZSE.000510 [新金路] BUY @ 16.51 (VR:0.03)
[2026-08-14 13:36:11] 成功保存 4 条因子至: signal_batch_20260814_133611_558546.txt
[2026-08-14 13:36:11]  QQ-备用 邮件 3953 处理完成
[2026-08-14 13:36:11]  QQ-备用 正在解析因子: =?utf-8?b?QWxwaGFQaWxvdCDlpIfku73kv6Hlj7cgKGFscGhhX3NpZ25hbF90aHJfMjAyNjA4MTRfMTMyNS5qc29uKSBb5aSHUVEt6Ieq5L+dXQ==?=
[2026-08-14 13:36:11]  发现表格，共 4 行数据
[2026-08-14 13:36:11]  动态索引映射: ['股票代码', '股票名称', '信号', '当前价格', '量比', '来源过滤']
[2026-08-14 13:36:11]  [行1] 解析成功: SHSE.600353 [旭光电子] BUY @ 29.8 (VR:0.96)
[2026-08-14 13:36:11]  [行2] 解析成功: SZSE.000510 [新金路] BUY @ 16.5 (VR:0.09)
[2026-08-14 13:36:11]  [行3] 解析成功: SHSE.600353 [旭光电子] BUY @ 29.85 (VR:1.53)
[2026-08-14 13:36:11]  [行4] 解析成功: SZSE.000510 [新金路] BUY @ 16.51 (VR:0.03)
[2026-08-14 13:36:11] 本批信号内容已存在（哈希重复），跳过保存（防双邮箱重复）
[2026-08-14 13:36:11]  QQ-备用 邮件 3954 保存因子失败
[2026-08-14 13:36:12]  QQ-备用 正在解析因子: =?utf-8?b?QWxwaGFQaWxvdCDlpIfku73kv6Hlj7cgKGFscGhhX3NpZ25hbF90aHJfMjAyNjA4MTRfMTMyOC5qc29uKSBb5aSHUVEt6Ieq5L+dXQ==?=
[2026-08-14 13:36:12]  发现表格，共 18 行数据
[2026-08-14 13:36:12]  动态索引映射: ['股票代码', '股票名称', '信号', '当前价格', '量比', '来源过滤']
[2026-08-14 13:36:12]  [行1] 解析成功: SHSE.603773 [沃格光电] BUY @ 92.69 (VR:0.09)
[2026-08-14 13:36:12]  [行2] 解析成功: SHSE.605111 [新洁能] BUY @ 56.71 (VR:0.34)
[2026-08-14 13:36:12]  [行3] 解析成功: SHSE.600460 [士兰微] BUY @ 32.14 (VR:0.24)
[2026-08-14 13:36:12]  [行4] 解析成功: SZSE.002552 [宝鼎科技] BUY @ 57.65 (VR:0.32)
[2026-08-14 13:36:12]  [行5] 解析成功: SZSE.003031 [中瓷电子] BUY @ 124.42 (VR:0.35)
[2026-08-14 13:36:12]  [行6] 解析成功: SZSE.002937 [兴瑞科技] BUY @ 29.09 (VR:0.04)
[2026-08-14 13:36:12]  [行7] 解析成功: SZSE.000920 [沃顿科技] BUY @ 11.61 (VR:0.2)
[2026-08-14 13:36:12]  [行8] 解析成功: SZSE.300607 [拓斯达] BUY @ 34.04 (VR:0.49)
[2026-08-14 13:36:12]  [行9] 解析成功: SZSE.301070 [开勒股份] BUY @ 65.34 (VR:0.26)
[2026-08-14 13:36:12]  [行10] 解析成功: SHSE.603773 [沃格光电] BUY @ 92.98 (VR:0.01)
[2026-08-14 13:36:12]  [行11] 解析成功: SHSE.605111 [新洁能] BUY @ 56.81 (VR:0.07)
[2026-08-14 13:36:12]  [行12] 解析成功: SHSE.600460 [士兰微] BUY @ 32.24 (VR:0.41)
[2026-08-14 13:36:12]  [行13] 解析成功: SZSE.002552 [宝鼎科技] BUY @ 57.7 (VR:0.48)
[2026-08-14 13:36:12]  [行14] 解析成功: SZSE.003031 [中瓷电子] BUY @ 124.73 (VR:0.85)
[2026-08-14 13:36:12]  [行15] 解析成功: SZSE.002937 [兴瑞科技] BUY @ 29.13 (VR:0.06)
[2026-08-14 13:36:12]  [行16] 解析成功: SZSE.000920 [沃顿科技] BUY @ 11.63 (VR:0.08)
[2026-08-14 13:36:12]  [行17] 解析成功: SZSE.300607 [拓斯达] BUY @ 34.05 (VR:0.8)
[2026-08-14 13:36:12]  [行18] 解析成功: SZSE.301070 [开勒股份] BUY @ 65.38 (VR:0.56)
[2026-08-14 13:36:12] 成功保存 18 条因子至: signal_batch_20260814_133612_082874.txt
[2026-08-14 13:36:12]  QQ-备用 邮件 3955 处理完成
[2026-08-14 13:36:12]  QQ-备用 正在解析因子: =?utf-8?b?QWxwaGFQaWxvdCDlpIfku73kv6Hlj7cgKGFscGhhX3NpZ25hbF90aHJfMjAyNjA4MTRfMTMyOC5qc29uKSBb5aSHUVEt6Ieq5L+dXQ==?=
[2026-08-14 13:36:12]  发现表格，共 18 行数据
[2026-08-14 13:36:12]  动态索引映射: ['股票代码', '股票名称', '信号', '当前价格', '量比', '来源过滤']
[2026-08-14 13:36:12]  [行1] 解析成功: SHSE.603773 [沃格光电] BUY @ 92.69 (VR:0.09)
[2026-08-14 13:36:12]  [行2] 解析成功: SHSE.605111 [新洁能] BUY @ 56.71 (VR:0.34)
[2026-08-14 13:36:12]  [行3] 解析成功: SHSE.600460 [士兰微] BUY @ 32.14 (VR:0.24)
[2026-08-14 13:36:12]  [行4] 解析成功: SZSE.002552 [宝鼎科技] BUY @ 57.65 (VR:0.32)
[2026-08-14 13:36:12]  [行5] 解析成功: SZSE.003031 [中瓷电子] BUY @ 124.42 (VR:0.35)
[2026-08-14 13:36:12]  [行6] 解析成功: SZSE.002937 [兴瑞科技] BUY @ 29.09 (VR:0.04)
[2026-08-14 13:36:12]  [行7] 解析成功: SZSE.000920 [沃顿科技] BUY @ 11.61 (VR:0.2)
[2026-08-14 13:36:12]  [行8] 解析成功: SZSE.300607 [拓斯达] BUY @ 34.04 (VR:0.49)
[2026-08-14 13:36:12]  [行9] 解析成功: SZSE.301070 [开勒股份] BUY @ 65.34 (VR:0.26)
[2026-08-14 13:36:12]  [行10] 解析成功: SHSE.603773 [沃格光电] BUY @ 92.98 (VR:0.01)
[2026-08-14 13:36:12]  [行11] 解析成功: SHSE.605111 [新洁能] BUY @ 56.81 (VR:0.07)
[2026-08-14 13:36:12]  [行12] 解析成功: SHSE.600460 [士兰微] BUY @ 32.24 (VR:0.41)
[2026-08-14 13:36:12]  [行13] 解析成功: SZSE.002552 [宝鼎科技] BUY @ 57.7 (VR:0.48)
[2026-08-14 13:36:12]  [行14] 解析成功: SZSE.003031 [中瓷电子] BUY @ 124.73 (VR:0.85)
[2026-08-14 13:36:12]  [行15] 解析成功: SZSE.002937 [兴瑞科技] BUY @ 29.13 (VR:0.06)
[2026-08-14 13:36:12]  [行16] 解析成功: SZSE.000920 [沃顿科技] BUY @ 11.63 (VR:0.08)
[2026-08-14 13:36:12]  [行17] 解析成功: SZSE.300607 [拓斯达] BUY @ 34.05 (VR:0.8)
[2026-08-14 13:36:12]  [行18] 解析成功: SZSE.301070 [开勒股份] BUY @ 65.38 (VR:0.56)
[2026-08-14 13:36:12] 本批信号内容已存在（哈希重复），跳过保存（防双邮箱重复）
[2026-08-14 13:36:12]  QQ-备用 邮件 3956 保存因子失败
[2026-08-14 13:36:12]  QQ-备用 正在解析因子: =?utf-8?b?QWxwaGFQaWxvdCDlpIfku73kv6Hlj7cgKGFscGhhX3NpZ25hbF90aHJfMjAyNjA4MTRfMTMzMC5qc29uKSBb5aSHUVEt6Ieq5L+dXQ==?=
[2026-08-14 13:36:12]  发现表格，共 12 行数据
[2026-08-14 13:36:12]  动态索引映射: ['股票代码', '股票名称', '信号', '当前价格', '量比', '来源过滤']
[2026-08-14 13:36:12]  [行1] 解析成功: SHSE.688261 [东微半导] BUY @ 69.85 (VR:0.88)
[2026-08-14 13:36:12]  [行2] 解析成功: SZSE.300136 [信维通信] BUY @ 66.78 (VR:0.25)
[2026-08-14 13:36:12]  [行3] 解析成功: SZSE.300236 [上海新阳] BUY @ 93.01 (VR:0.19)
[2026-08-14 13:36:12]  [行4] 解析成功: SZSE.300767 [震安科技] BUY @ 18.37 (VR:0.1)
[2026-08-14 13:36:12]  [行5] 解析成功: SZSE.002456 [欧菲光] BUY @ 7.24 (VR:0.03)
[2026-08-14 13:36:12]  [行6] 解析成功: SZSE.002635 [安洁科技] BUY @ 15.7 (VR:0.07)
[2026-08-14 13:36:12]  [行7] 解析成功: SHSE.688261 [东微半导] BUY @ 70.04 (VR:0.21)
[2026-08-14 13:36:12]  [行8] 解析成功: SZSE.300136 [信维通信] BUY @ 67.0 (VR:0.3)
[2026-08-14 13:36:12]  [行9] 解析成功: SZSE.300236 [上海新阳] BUY @ 93.08 (VR:0.08)
[2026-08-14 13:36:12]  [行10] 解析成功: SZSE.300767 [震安科技] BUY @ 18.38 (VR:0.0)
[2026-08-14 13:36:12]  [行11] 解析成功: SZSE.002456 [欧菲光] BUY @ 7.25 (VR:0.48)
[2026-08-14 13:36:12]  [行12] 解析成功: SZSE.002635 [安洁科技] BUY @ 15.72 (VR:0.09)
[2026-08-14 13:36:12] 成功保存 12 条因子至: signal_batch_20260814_133612_900613.txt
[2026-08-14 13:36:13]  QQ-备用 邮件 3957 处理完成
[2026-08-14 13:36:13]  QQ-备用 正在解析因子: =?utf-8?b?QWxwaGFQaWxvdCDlpIfku73kv6Hlj7cgKGFscGhhX3NpZ25hbF90aHJfMjAyNjA4MTRfMTMzMC5qc29uKSBb5aSHUVEt6Ieq5L+dXQ==?=
[2026-08-14 13:36:13]  发现表格，共 12 行数据
[2026-08-14 13:36:13]  动态索引映射: ['股票代码', '股票名称', '信号', '当前价格', '量比', '来源过滤']
[2026-08-14 13:36:13]  [行1] 解析成功: SHSE.688261 [东微半导] BUY @ 69.85 (VR:0.88)
[2026-08-14 13:36:13]  [行2] 解析成功: SZSE.300136 [信维通信] BUY @ 66.78 (VR:0.25)
[2026-08-14 13:36:13]  [行3] 解析成功: SZSE.300236 [上海新阳] BUY @ 93.01 (VR:0.19)
[2026-08-14 13:36:13]  [行4] 解析成功: SZSE.300767 [震安科技] BUY @ 18.37 (VR:0.1)
[2026-08-14 13:36:13]  [行5] 解析成功: SZSE.002456 [欧菲光] BUY @ 7.24 (VR:0.03)
[2026-08-14 13:36:13]  [行6] 解析成功: SZSE.002635 [安洁科技] BUY @ 15.7 (VR:0.07)
[2026-08-14 13:36:13]  [行7] 解析成功: SHSE.688261 [东微半导] BUY @ 70.04 (VR:0.21)
[2026-08-14 13:36:13]  [行8] 解析成功: SZSE.300136 [信维通信] BUY @ 67.0 (VR:0.3)
[2026-08-14 13:36:13]  [行9] 解析成功: SZSE.300236 [上海新阳] BUY @ 93.08 (VR:0.08)
[2026-08-14 13:36:13]  [行10] 解析成功: SZSE.300767 [震安科技] BUY @ 18.38 (VR:0.0)
[2026-08-14 13:36:13]  [行11] 解析成功: SZSE.002456 [欧菲光] BUY @ 7.25 (VR:0.48)
[2026-08-14 13:36:13]  [行12] 解析成功: SZSE.002635 [安洁科技] BUY @ 15.72 (VR:0.09)
[2026-08-14 13:36:13] 成功保存 12 条因子至: signal_batch_20260814_133613_161423.txt
[2026-08-14 13:36:13]  QQ-备用 邮件 3958 处理完成
[2026-08-14 13:36:13]  QQ-备用 正在解析因子: =?utf-8?b?QWxwaGFQaWxvdCDlpIfku73kv6Hlj7cgKGFscGhhX3NpZ25hbF90aHJfMjAyNjA4MTRfMTMzMy5qc29uKSBb5aSHUVEt6Ieq5L+dXQ==?=
[2026-08-14 13:36:13]  发现表格，共 14 行数据
[2026-08-14 13:36:13]  动态索引映射: ['股票代码', '股票名称', '信号', '当前价格', '量比', '来源过滤']
[2026-08-14 13:36:13]  [行1] 解析成功: SHSE.688286 [敏芯股份] BUY @ 50.95 (VR:1.22)
[2026-08-14 13:36:13]  [行2] 解析成功: SHSE.688511 [天微电子] BUY @ 22.94 (VR:0.14)
[2026-08-14 13:36:13]  [行3] 解析成功: SHSE.688216 [气派科技] BUY @ 30.62 (VR:0.15)
[2026-08-14 13:36:13]  [行4] 解析成功: SZSE.301392 [汇成真空] BUY @ 166.28 (VR:0.04)
[2026-08-14 13:36:13]  [行5] 解析成功: SZSE.300088 [长信科技] BUY @ 7.48 (VR:0.11)
[2026-08-14 13:36:13]  [行6] 解析成功: SZSE.300420 [五洋自控] SELL @ 7.81 (VR:0.2)
[2026-08-14 13:36:13]  [行7] 解析成功: SZSE.300661 [圣邦股份] BUY @ 121.6 (VR:0.38)
[2026-08-14 13:36:13]  [行8] 解析成功: SHSE.688286 [敏芯股份] BUY @ 51.17 (VR:1.12)
[2026-08-14 13:36:13]  [行9] 解析成功: SHSE.688511 [天微电子] BUY @ 22.95 (VR:0.28)
[2026-08-14 13:36:13]  [行10] 解析成功: SHSE.688216 [气派科技] BUY @ 30.65 (VR:0.25)
[2026-08-14 13:36:13]  [行11] 解析成功: SZSE.301392 [汇成真空] BUY @ 166.89 (VR:0.05)
[2026-08-14 13:36:13]  [行12] 解析成功: SZSE.300088 [长信科技] BUY @ 7.5 (VR:0.05)
[2026-08-14 13:36:13]  [行13] 解析成功: SZSE.300420 [五洋自控] SELL @ 7.79 (VR:0.12)
[2026-08-14 13:36:13]  [行14] 解析成功: SZSE.300661 [圣邦股份] BUY @ 122.07 (VR:1.71)
[2026-08-14 13:36:13] 成功保存 14 条因子至: signal_batch_20260814_133613_398446.txt
[2026-08-14 13:36:13]  QQ-备用 邮件 3959 处理完成
[2026-08-14 13:36:13]  QQ-备用 正在解析因子: =?utf-8?b?QWxwaGFQaWxvdCDlpIfku73kv6Hlj7cgKGFscGhhX3NpZ25hbF90aHJfMjAyNjA4MTRfMTMzMy5qc29uKSBb5aSHUVEt6Ieq5L+dXQ==?=
[2026-08-14 13:36:13]  发现表格，共 14 行数据
[2026-08-14 13:36:13]  动态索引映射: ['股票代码', '股票名称', '信号', '当前价格', '量比', '来源过滤']
[2026-08-14 13:36:13]  [行1] 解析成功: SHSE.688286 [敏芯股份] BUY @ 50.95 (VR:1.22)
[2026-08-14 13:36:13]  [行2] 解析成功: SHSE.688511 [天微电子] BUY @ 22.94 (VR:0.14)
[2026-08-14 13:36:13]  [行3] 解析成功: SHSE.688216 [气派科技] BUY @ 30.62 (VR:0.15)
[2026-08-14 13:36:13]  [行4] 解析成功: SZSE.301392 [汇成真空] BUY @ 166.28 (VR:0.04)
[2026-08-14 13:36:13]  [行5] 解析成功: SZSE.300088 [长信科技] BUY @ 7.48 (VR:0.11)
[2026-08-14 13:36:13]  [行6] 解析成功: SZSE.300420 [五洋自控] SELL @ 7.81 (VR:0.2)
[2026-08-14 13:36:13]  [行7] 解析成功: SZSE.300661 [圣邦股份] BUY @ 121.6 (VR:0.38)
[2026-08-14 13:36:13]  [行8] 解析成功: SHSE.688286 [敏芯股份] BUY @ 51.17 (VR:1.12)
[2026-08-14 13:36:13]  [行9] 解析成功: SHSE.688511 [天微电子] BUY @ 22.95 (VR:0.28)
[2026-08-14 13:36:13]  [行10] 解析成功: SHSE.688216 [气派科技] BUY @ 30.65 (VR:0.25)
[2026-08-14 13:36:13]  [行11] 解析成功: SZSE.301392 [汇成真空] BUY @ 166.89 (VR:0.05)
[2026-08-14 13:36:13]  [行12] 解析成功: SZSE.300088 [长信科技] BUY @ 7.5 (VR:0.05)
[2026-08-14 13:36:13]  [行13] 解析成功: SZSE.300420 [五洋自控] SELL @ 7.79 (VR:0.12)
[2026-08-14 13:36:13]  [行14] 解析成功: SZSE.300661 [圣邦股份] BUY @ 122.07 (VR:1.71)
[2026-08-14 13:36:13] 本批信号内容已存在（哈希重复），跳过保存（防双邮箱重复）
[2026-08-14 13:36:13]  QQ-备用 邮件 3960 保存因子失败
[2026-08-14 13:36:13]  QQ-备用 本轮共成功处理 76 封有效信号邮件
[2026-08-14 13:36:48]  正在连接 QQ-主 邮箱服务器 (497720537@qq.com) ...
[2026-08-14 13:36:50]  QQ-主 正在解析因子: =?utf-8?b?QWxwaGFQaWxvdCDlrp7ml7bkv6Hlj7cgKGFscGhhX3NpZ25hbF90aHJfMjAyNjA4MTRfMDkzOS5qc29uKSBb5Li7UVEt5a+55aSWXQ==?=
[2026-08-14 13:36:50]  发现表格，共 15 行数据
[2026-08-14 13:36:50]  动态索引映射: ['股票代码', '股票名称', '信号', '当前价格', '量比', '来源过滤']
[2026-08-14 13:36:50]  [行1] 解析成功: SHSE.688019 [安集科技] BUY @ 247.39 (VR:0.14)
[2026-08-14 13:36:50]  [行2] 解析成功: SHSE.688261 [东微半导] SELL @ 72.8 (VR:0.25)
[2026-08-14 13:36:50]  [行3] 解析成功: SZSE.300136 [信维通信] BUY @ 67.85 (VR:0.31)
[2026-08-14 13:36:50]  [行4] 解析成功: SZSE.300821 [东岳硅材] BUY @ 16.63 (VR:0.2)
[2026-08-14 13:36:50]  [行5] 解析成功: SZSE.300236 [上海新阳] BUY @ 92.56 (VR:0.11)
[2026-08-14 13:36:50]  [行6] 解析成功: SZSE.300767 [震安科技] SELL @ 18.64 (VR:0.43)
[2026-08-14 13:36:50]  [行7] 解析成功: SZSE.002158 [汉钟精机] SELL @ 28.23 (VR:0.25)
[2026-08-14 13:36:50]  [行8] 解析成功: SZSE.002635 [安洁科技] BUY @ 15.9 (VR:0.19)
[2026-08-14 13:36:50]  [行9] 解析成功: SHSE.688261 [东微半导] SELL @ 72.6 (VR:0.17)
[2026-08-14 13:36:50]  [行10] 解析成功: SZSE.300136 [信维通信] BUY @ 67.9 (VR:0.38)
[2026-08-14 13:36:50]  [行11] 解析成功: SZSE.300821 [东岳硅材] BUY @ 16.67 (VR:0.39)
[2026-08-14 13:36:50]  [行12] 解析成功: SZSE.300236 [上海新阳] BUY @ 93.0 (VR:0.35)
[2026-08-14 13:36:50]  [行13] 解析成功: SZSE.300767 [震安科技] SELL @ 18.53 (VR:0.0)
[2026-08-14 13:36:50]  [行14] 解析成功: SZSE.002158 [汉钟精机] SELL @ 28.22 (VR:0.01)
[2026-08-14 13:36:50]  [行15] 解析成功: SZSE.002635 [安洁科技] BUY @ 15.91 (VR:0.28)
[2026-08-14 13:36:50] 成功保存 15 条因子至: signal_batch_20260814_133650_077972.txt
[2026-08-14 13:36:50]  QQ-主 邮件 6216 处理完成
[2026-08-14 13:36:50]  QQ-主 正在解析因子: =?utf-8?b?QWxwaGFQaWxvdCDlrp7ml7bkv6Hlj7cgKGFscGhhX3NpZ25hbF90aHJfMjAyNjA4MTRfMDk1NC5qc29uKSBb5Li7UVEt5a+55aSWXQ==?=
[2026-08-14 13:36:50]  发现表格，共 18 行数据
[2026-08-14 13:36:50]  动态索引映射: ['股票代码', '股票名称', '信号', '当前价格', '量比', '来源过滤']
[2026-08-14 13:36:50]  [行1] 解析成功: SHSE.603773 [沃格光电] SELL @ 93.82 (VR:1.26)
[2026-08-14 13:36:50]  [行2] 解析成功: SHSE.603618 [杭电股份] SELL @ 27.27 (VR:0.68)
[2026-08-14 13:36:50]  [行3] 解析成功: SHSE.600909 [华安证券] BUY @ 8.24 (VR:0.44)
[2026-08-14 13:36:50]  [行4] 解析成功: SHSE.600460 [士兰微] BUY @ 32.44 (VR:0.76)
[2026-08-14 13:36:50]  [行5] 解析成功: SZSE.003031 [中瓷电子] BUY @ 122.76 (VR:0.01)
[2026-08-14 13:36:50]  [行6] 解析成功: SZSE.002937 [兴瑞科技] SELL @ 29.54 (VR:0.0)
[2026-08-14 13:36:50]  [行7] 解析成功: SZSE.300607 [拓斯达] SELL @ 34.05 (VR:0.24)
[2026-08-14 13:36:50]  [行8] 解析成功: SHSE.603773 [沃格光电] SELL @ 93.75 (VR:0.34)
[2026-08-14 13:36:50]  [行9] 解析成功: SHSE.600259 [中稀有色] BUY @ 93.31 (VR:2.74)
[2026-08-14 13:36:50]  [行10] 解析成功: SHSE.600909 [华安证券] BUY @ 8.26 (VR:0.22)
[2026-08-14 13:36:50]  [行11] 解析成功: SHSE.600460 [士兰微] BUY @ 32.5 (VR:0.37)
[2026-08-14 13:36:50]  [行12] 解析成功: SZSE.002552 [宝鼎科技] SELL @ 58.56 (VR:0.02)
[2026-08-14 13:36:50]  [行13] 解析成功: SZSE.003031 [中瓷电子] BUY @ 122.76 (VR:0.07)
[2026-08-14 13:36:50]  [行14] 解析成功: SZSE.002643 [万润股份] BUY @ 14.14 (VR:0.08)
[2026-08-14 13:36:50]  [行15] 解析成功: SZSE.002937 [兴瑞科技] SELL @ 29.58 (VR:0.39)
[2026-08-14 13:36:50]  [行16] 解析成功: SZSE.000920 [沃顿科技] SELL @ 11.7 (VR:0.12)
[2026-08-14 13:36:50]  [行17] 解析成功: SZSE.000823 [超声电子] SELL @ 14.93 (VR:0.12)
[2026-08-14 13:36:50]  [行18] 解析成功: SZSE.301070 [开勒股份] SELL @ 65.31 (VR:0.16)
[2026-08-14 13:36:50] 成功保存 18 条因子至: signal_batch_20260814_133650_349703.txt
[2026-08-14 13:36:50]  QQ-主 邮件 6224 处理完成
[2026-08-14 13:36:50]  QQ-主 正在解析因子: =?utf-8?b?QWxwaGFQaWxvdCDlrp7ml7bkv6Hlj7cgKGFscGhhX3NpZ25hbF90aHJfMjAyNjA4MTRfMTAwNi5qc29uKSBb5Li7UVEt5a+55aSWXQ==?=
[2026-08-14 13:36:50]  发现表格，共 7 行数据
[2026-08-14 13:36:50]  动态索引映射: ['股票代码', '股票名称', '信号', '当前价格', '量比', '来源过滤']
[2026-08-14 13:36:50]  [行1] 解析成功: SZSE.000510 [新金路] SELL @ 16.91 (VR:0.05)
[2026-08-14 13:36:50]  [行2] 解析成功: SZSE.301419 [瑞可达] SELL @ 33.79 (VR:0.23)
[2026-08-14 13:36:50]  [行3] 解析成功: SHSE.688392 [娇成超声] SELL @ 180.01 (VR:0.3)
[2026-08-14 13:36:50]  [行4] 解析成功: SZSE.300433 [蓝思科技] BUY @ 35.58 (VR:1.41)
[2026-08-14 13:36:50]  [行5] 解析成功: SZSE.000510 [新金路] SELL @ 16.88 (VR:0.55)
[2026-08-14 13:36:50]  [行6] 解析成功: SZSE.301419 [瑞可达] SELL @ 33.68 (VR:0.53)
[2026-08-14 13:36:50]  [行7] 解析成功: SZSE.300868 [杰美特] SELL @ 88.03 (VR:0.35)
[2026-08-14 13:36:50] 成功保存 7 条因子至: signal_batch_20260814_133650_853573.txt
[2026-08-14 13:36:50]  QQ-主 邮件 6232 处理完成
[2026-08-14 13:36:51]  QQ-主 正在解析因子: =?utf-8?b?QWxwaGFQaWxvdCDlrp7ml7bkv6Hlj7cgKGFscGhhX3NpZ25hbF90aHJfMjAyNjA4MTRfMTAxMC5qc29uKSBb5Li7UVEt5a+55aSWXQ==?=
[2026-08-14 13:36:51]  发现表格，共 17 行数据
[2026-08-14 13:36:51]  动态索引映射: ['股票代码', '股票名称', '信号', '当前价格', '量比', '来源过滤']
[2026-08-14 13:36:51]  [行1] 解析成功: SHSE.603773 [沃格光电] SELL @ 93.88 (VR:0.18)
[2026-08-14 13:36:51]  [行2] 解析成功: SHSE.605111 [新洁能] SELL @ 57.78 (VR:0.42)
[2026-08-14 13:36:51]  [行3] 解析成功: SHSE.600909 [华安证券] SELL @ 8.19 (VR:1.88)
[2026-08-14 13:36:51]  [行4] 解析成功: SZSE.003031 [中瓷电子] SELL @ 123.63 (VR:1.11)
[2026-08-14 13:36:51]  [行5] 解析成功: SZSE.002643 [万润股份] SELL @ 14.15 (VR:0.57)
[2026-08-14 13:36:51]  [行6] 解析成功: SZSE.000920 [沃顿科技] SELL @ 11.67 (VR:0.05)
[2026-08-14 13:36:51]  [行7] 解析成功: SZSE.000823 [超声电子] SELL @ 14.86 (VR:0.06)
[2026-08-14 13:36:51]  [行8] 解析成功: SZSE.300607 [拓斯达] SELL @ 34.19 (VR:0.04)
[2026-08-14 13:36:51]  [行9] 解析成功: SZSE.301070 [开勒股份] BUY @ 66.07 (VR:0.0)
[2026-08-14 13:36:51]  [行10] 解析成功: SHSE.603773 [沃格光电] SELL @ 93.8 (VR:0.35)
[2026-08-14 13:36:51]  [行11] 解析成功: SHSE.600909 [华安证券] SELL @ 8.18 (VR:0.26)
[2026-08-14 13:36:51]  [行12] 解析成功: SZSE.003031 [中瓷电子] SELL @ 123.2 (VR:1.04)
[2026-08-14 13:36:51]  [行13] 解析成功: SZSE.002643 [万润股份] SELL @ 14.14 (VR:0.36)
[2026-08-14 13:36:51]  [行14] 解析成功: SZSE.000920 [沃顿科技] SELL @ 11.66 (VR:0.28)
[2026-08-14 13:36:51]  [行15] 解析成功: SZSE.000823 [超声电子] SELL @ 14.84 (VR:0.27)
[2026-08-14 13:36:51]  [行16] 解析成功: SZSE.300607 [拓斯达] SELL @ 34.15 (VR:0.37)
[2026-08-14 13:36:51]  [行17] 解析成功: SZSE.301070 [开勒股份] BUY @ 66.09 (VR:0.01)
[2026-08-14 13:36:51] 成功保存 17 条因子至: signal_batch_20260814_133651_157010.txt
[2026-08-14 13:36:51]  QQ-主 邮件 6234 处理完成
[2026-08-14 13:36:51]  QQ-主 正在解析因子: =?utf-8?b?QWxwaGFQaWxvdCDlrp7ml7bkv6Hlj7cgKGFscGhhX3NpZ25hbF90aHJfMjAyNjA4MTRfMTAxNS5qc29uKSBb5Li7UVEt5a+55aSWXQ==?=
[2026-08-14 13:36:51]  发现表格，共 19 行数据
[2026-08-14 13:36:51]  动态索引映射: ['股票代码', '股票名称', '信号', '当前价格', '量比', '来源过滤']
[2026-08-14 13:36:51]  [行1] 解析成功: SHSE.688249 [晶合集成] BUY @ 39.87 (VR:0.13)
[2026-08-14 13:36:51]  [行2] 解析成功: SHSE.688138 [清溢光电] BUY @ 33.89 (VR:0.88)
[2026-08-14 13:36:51]  [行3] 解析成功: SZSE.300285 [国瓷材料] BUY @ 71.17 (VR:0.46)
[2026-08-14 13:36:51]  [行4] 解析成功: SZSE.301392 [汇成真空] BUY @ 167.75 (VR:0.23)
[2026-08-14 13:36:51]  [行5] 解析成功: SZSE.300214 [日科化学] SELL @ 12.23 (VR:0.49)
[2026-08-14 13:36:51]  [行6] 解析成功: SZSE.300088 [长信科技] BUY @ 7.53 (VR:0.2)
[2026-08-14 13:36:51]  [行7] 解析成功: SZSE.300420 [五洋自控] BUY @ 7.88 (VR:0.33)
[2026-08-14 13:36:51]  [行8] 解析成功: SZSE.300780 [德恩精工] SELL @ 20.3 (VR:0.97)
[2026-08-14 13:36:51]  [行9] 解析成功: SZSE.300497 [富祥股份] BUY @ 18.56 (VR:0.07)
[2026-08-14 13:36:51]  [行10] 解析成功: SHSE.688286 [敏芯股份] BUY @ 49.62 (VR:0.95)
[2026-08-14 13:36:51]  [行11] 解析成功: SHSE.688216 [气派科技] SELL @ 31.07 (VR:0.02)
[2026-08-14 13:36:51]  [行12] 解析成功: SHSE.688138 [清溢光电] BUY @ 33.94 (VR:1.98)
[2026-08-14 13:36:51]  [行13] 解析成功: SZSE.300285 [国瓷材料] BUY @ 71.28 (VR:0.22)
[2026-08-14 13:36:51]  [行14] 解析成功: SZSE.301392 [汇成真空] BUY @ 167.96 (VR:0.16)
[2026-08-14 13:36:51]  [行15] 解析成功: SZSE.300214 [日科化学] SELL @ 12.21 (VR:0.25)
[2026-08-14 13:36:51]  [行16] 解析成功: SZSE.300088 [长信科技] BUY @ 7.55 (VR:0.19)
[2026-08-14 13:36:51]  [行17] 解析成功: SZSE.300420 [五洋自控] BUY @ 7.93 (VR:0.49)
[2026-08-14 13:36:51]  [行18] 解析成功: SZSE.300661 [圣邦股份] BUY @ 122.63 (VR:1.55)
[2026-08-14 13:36:51]  [行19] 解析成功: SZSE.300497 [富祥股份] BUY @ 18.58 (VR:0.68)
[2026-08-14 13:36:51] 成功保存 19 条因子至: signal_batch_20260814_133651_507794.txt
[2026-08-14 13:36:51]  QQ-主 邮件 6238 处理完成
[2026-08-14 13:36:51]  QQ-主 正在解析因子: =?utf-8?b?QWxwaGFQaWxvdCDlrp7ml7bkv6Hlj7cgKGFscGhhX3NpZ25hbF90aHJfMjAyNjA4MTRfMTAyNC5qc29uKSBb5Li7UVEt5a+55aSWXQ==?=
[2026-08-14 13:36:51]  发现表格，共 9 行数据
[2026-08-14 13:36:51]  动态索引映射: ['股票代码', '股票名称', '信号', '当前价格', '量比', '来源过滤']
[2026-08-14 13:36:51]  [行1] 解析成功: SHSE.603773 [沃格光电] BUY @ 93.6 (VR:0.42)
[2026-08-14 13:36:51]  [行2] 解析成功: SZSE.003031 [中瓷电子] BUY @ 124.88 (VR:2.42)
[2026-08-14 13:36:51]  [行3] 解析成功: SZSE.002643 [万润股份] SELL @ 14.3 (VR:1.08)
[2026-08-14 13:36:51]  [行4] 解析成功: SZSE.002937 [兴瑞科技] BUY @ 29.6 (VR:0.06)
[2026-08-14 13:36:51]  [行5] 解析成功: SZSE.000920 [沃顿科技] SELL @ 11.64 (VR:0.32)
[2026-08-14 13:36:51]  [行6] 解析成功: SZSE.003031 [中瓷电子] BUY @ 125.0 (VR:1.54)
[2026-08-14 13:36:51]  [行7] 解析成功: SZSE.002643 [万润股份] SELL @ 14.28 (VR:0.08)
[2026-08-14 13:36:51]  [行8] 解析成功: SZSE.002937 [兴瑞科技] BUY @ 29.61 (VR:0.09)
[2026-08-14 13:36:51]  [行9] 解析成功: SZSE.300607 [拓斯达] SELL @ 33.97 (VR:0.28)
[2026-08-14 13:36:51] 成功保存 9 条因子至: signal_batch_20260814_133651_806991.txt
[2026-08-14 13:36:51]  QQ-主 邮件 6244 处理完成
[2026-08-14 13:36:52]  QQ-主 正在解析因子: =?utf-8?b?QWxwaGFQaWxvdCDlrp7ml7bkv6Hlj7cgKGFscGhhX3NpZ25hbF90aHJfMjAyNjA4MTRfMTAzMC5qc29uKSBb5Li7UVEt5a+55aSWXQ==?=
[2026-08-14 13:36:52]  发现表格，共 19 行数据
[2026-08-14 13:36:52]  动态索引映射: ['股票代码', '股票名称', '信号', '当前价格', '量比', '来源过滤']
[2026-08-14 13:36:52]  [行1] 解析成功: SHSE.688286 [敏芯股份] BUY @ 51.09 (VR:3.81)
[2026-08-14 13:36:52]  [行2] 解析成功: SHSE.688511 [天微电子] BUY @ 23.34 (VR:0.05)
[2026-08-14 13:36:52]  [行3] 解析成功: SHSE.688249 [晶合集成] SELL @ 39.73 (VR:0.37)
[2026-08-14 13:36:52]  [行4] 解析成功: SHSE.688138 [清溢光电] SELL @ 33.82 (VR:0.32)
[2026-08-14 13:36:52]  [行5] 解析成功: SZSE.300285 [国瓷材料] SELL @ 71.29 (VR:0.0)
[2026-08-14 13:36:52]  [行6] 解析成功: SZSE.301252 [同星科技] SELL @ 33.18 (VR:2.06)
[2026-08-14 13:36:52]  [行7] 解析成功: SZSE.301392 [汇成真空] SELL @ 167.33 (VR:0.95)
[2026-08-14 13:36:52]  [行8] 解析成功: SZSE.300214 [日科化学] SELL @ 12.02 (VR:0.71)
[2026-08-14 13:36:52]  [行9] 解析成功: SZSE.300088 [长信科技] SELL @ 7.54 (VR:0.0)
[2026-08-14 13:36:52]  [行10] 解析成功: SHSE.688286 [敏芯股份] BUY @ 51.25 (VR:2.26)
[2026-08-14 13:36:52]  [行11] 解析成功: SHSE.688511 [天微电子] BUY @ 23.34 (VR:0.05)
[2026-08-14 13:36:52]  [行12] 解析成功: SHSE.688216 [气派科技] SELL @ 31.0 (VR:0.08)
[2026-08-14 13:36:52]  [行13] 解析成功: SHSE.688249 [晶合集成] SELL @ 39.72 (VR:0.1)
[2026-08-14 13:36:52]  [行14] 解析成功: SHSE.688138 [清溢光电] SELL @ 33.7 (VR:0.51)
[2026-08-14 13:36:52]  [行15] 解析成功: SZSE.300285 [国瓷材料] SELL @ 71.28 (VR:0.22)
[2026-08-14 13:36:52]  [行16] 解析成功: SZSE.301252 [同星科技] SELL @ 33.16 (VR:0.65)
[2026-08-14 13:36:52]  [行17] 解析成功: SZSE.301392 [汇成真空] SELL @ 167.12 (VR:0.26)
[2026-08-14 13:36:52]  [行18] 解析成功: SZSE.300214 [日科化学] SELL @ 11.96 (VR:0.0)
[2026-08-14 13:36:52]  [行19] 解析成功: SZSE.300088 [长信科技] SELL @ 7.53 (VR:0.22)
[2026-08-14 13:36:52] 成功保存 19 条因子至: signal_batch_20260814_133652_099940.txt
[2026-08-14 13:36:52]  QQ-主 邮件 6248 处理完成
[2026-08-14 13:36:52]  QQ-主 正在解析因子: =?utf-8?b?QWxwaGFQaWxvdCDlrp7ml7bkv6Hlj7cgKGFscGhhX3NpZ25hbF90aHJfMjAyNjA4MTRfMTAzNC5qc29uKSBb5Li7UVEt5a+55aSWXQ==?=
[2026-08-14 13:36:52]  发现表格，共 6 行数据
[2026-08-14 13:36:52]  动态索引映射: ['股票代码', '股票名称', '信号', '当前价格', '量比', '来源过滤']
[2026-08-14 13:36:52]  [行1] 解析成功: SHSE.600353 [旭光电子] BUY @ 29.9 (VR:1.98)
[2026-08-14 13:36:52]  [行2] 解析成功: SHSE.601138 [工业富联] BUY @ 65.49 (VR:1.35)
[2026-08-14 13:36:52]  [行3] 解析成功: SZSE.000510 [新金路] BUY @ 16.84 (VR:0.21)
[2026-08-14 13:36:52]  [行4] 解析成功: SHSE.600353 [旭光电子] BUY @ 30.03 (VR:3.13)
[2026-08-14 13:36:52]  [行5] 解析成功: SHSE.601138 [工业富联] BUY @ 65.63 (VR:1.32)
[2026-08-14 13:36:52]  [行6] 解析成功: SZSE.000510 [新金路] BUY @ 16.92 (VR:0.04)
[2026-08-14 13:36:52] 成功保存 6 条因子至: signal_batch_20260814_133652_408378.txt
[2026-08-14 13:36:52]  QQ-主 邮件 6252 处理完成
[2026-08-14 13:36:52]  QQ-主 正在解析因子: =?utf-8?b?QWxwaGFQaWxvdCDlrp7ml7bkv6Hlj7cgKGFscGhhX3NpZ25hbF90aHJfMjAyNjA4MTRfMTAzOS5qc29uKSBb5Li7UVEt5a+55aSWXQ==?=
[2026-08-14 13:36:52]  发现表格，共 6 行数据
[2026-08-14 13:36:52]  动态索引映射: ['股票代码', '股票名称', '信号', '当前价格', '量比', '来源过滤']
[2026-08-14 13:36:52]  [行1] 解析成功: SHSE.688261 [东微半导] BUY @ 70.73 (VR:0.51)
[2026-08-14 13:36:52]  [行2] 解析成功: SZSE.300236 [上海新阳] SELL @ 93.95 (VR:0.2)
[2026-08-14 13:36:52]  [行3] 解析成功: SZSE.300767 [震安科技] BUY @ 18.45 (VR:0.33)
[2026-08-14 13:36:52]  [行4] 解析成功: SHSE.688261 [东微半导] BUY @ 70.78 (VR:0.62)
[2026-08-14 13:36:52]  [行5] 解析成功: SZSE.300236 [上海新阳] SELL @ 93.79 (VR:0.2)
[2026-08-14 13:36:52]  [行6] 解析成功: SZSE.300767 [震安科技] BUY @ 18.47 (VR:0.15)
[2026-08-14 13:36:52] 成功保存 6 条因子至: signal_batch_20260814_133652_807831.txt
[2026-08-14 13:36:52]  QQ-主 邮件 6256 处理完成
[2026-08-14 13:36:53]  QQ-主 正在解析因子: =?utf-8?b?QWxwaGFQaWxvdCDlrp7ml7bkv6Hlj7cgKGFscGhhX3NpZ25hbF90aHJfMjAyNjA4MTRfMTA0MS5qc29uKSBb5Li7UVEt5a+55aSWXQ==?=
[2026-08-14 13:36:53]  发现表格，共 16 行数据
[2026-08-14 13:36:53]  动态索引映射: ['股票代码', '股票名称', '信号', '当前价格', '量比', '来源过滤']
[2026-08-14 13:36:53]  [行1] 解析成功: SHSE.688286 [敏芯股份] BUY @ 51.82 (VR:6.88)
[2026-08-14 13:36:53]  [行2] 解析成功: SHSE.688511 [天微电子] SELL @ 23.54 (VR:0.03)
[2026-08-14 13:36:53]  [行3] 解析成功: SHSE.688216 [气派科技] BUY @ 31.06 (VR:0.2)
[2026-08-14 13:36:53]  [行4] 解析成功: SHSE.688721 [龙图光罩] BUY @ 41.19 (VR:0.41)
[2026-08-14 13:36:53]  [行5] 解析成功: SHSE.688138 [清溢光电] BUY @ 33.7 (VR:0.48)
[2026-08-14 13:36:53]  [行6] 解析成功: SZSE.300285 [国瓷材料] SELL @ 71.48 (VR:0.03)
[2026-08-14 13:36:53]  [行7] 解析成功: SZSE.301252 [同星科技] BUY @ 33.25 (VR:0.02)
[2026-08-14 13:36:53]  [行8] 解析成功: SZSE.300780 [德恩精工] BUY @ 20.53 (VR:2.44)
[2026-08-14 13:36:53]  [行9] 解析成功: SHSE.688286 [敏芯股份] BUY @ 51.89 (VR:3.57)
[2026-08-14 13:36:53]  [行10] 解析成功: SHSE.688511 [天微电子] SELL @ 23.49 (VR:0.4)
[2026-08-14 13:36:53]  [行11] 解析成功: SHSE.688216 [气派科技] BUY @ 31.1 (VR:1.23)
[2026-08-14 13:36:53]  [行12] 解析成功: SHSE.688721 [龙图光罩] BUY @ 41.2 (VR:0.73)
[2026-08-14 13:36:53]  [行13] 解析成功: SHSE.688138 [清溢光电] BUY @ 33.74 (VR:0.7)
[2026-08-14 13:36:53]  [行14] 解析成功: SZSE.300285 [国瓷材料] SELL @ 71.33 (VR:0.01)
[2026-08-14 13:36:53]  [行15] 解析成功: SZSE.301252 [同星科技] BUY @ 33.31 (VR:0.57)
[2026-08-14 13:36:53]  [行16] 解析成功: SZSE.300780 [德恩精工] BUY @ 20.57 (VR:0.82)
[2026-08-14 13:36:53] 成功保存 16 条因子至: signal_batch_20260814_133653_233783.txt
[2026-08-14 13:36:53]  QQ-主 邮件 6258 处理完成
[2026-08-14 13:36:53]  QQ-主 正在解析因子: =?utf-8?b?QWxwaGFQaWxvdCDlrp7ml7bkv6Hlj7cgKGFscGhhX3NpZ25hbF90aHJfMjAyNjA4MTRfMTA0My5qc29uKSBb5Li7UVEt5a+55aSWXQ==?=
[2026-08-14 13:36:53]  发现表格，共 10 行数据
[2026-08-14 13:36:53]  动态索引映射: ['股票代码', '股票名称', '信号', '当前价格', '量比', '来源过滤']
[2026-08-14 13:36:53]  [行1] 解析成功: SHSE.688002 [睿创微纳] SELL @ 167.7 (VR:0.02)
[2026-08-14 13:36:53]  [行2] 解析成功: SHSE.688521 [芯原股份] SELL @ 208.35 (VR:0.23)
[2026-08-14 13:36:53]  [行3] 解析成功: SZSE.300679 [电连技术] BUY @ 43.25 (VR:0.58)
[2026-08-14 13:36:53]  [行4] 解析成功: SZSE.301013 [利和兴] BUY @ 46.16 (VR:0.9)
[2026-08-14 13:36:53]  [行5] 解析成功: SZSE.300790 [宇瞳光学] BUY @ 20.06 (VR:1.46)
[2026-08-14 13:36:53]  [行6] 解析成功: SHSE.688002 [睿创微纳] SELL @ 167.43 (VR:0.07)
[2026-08-14 13:36:53]  [行7] 解析成功: SHSE.688521 [芯原股份] SELL @ 208.34 (VR:0.06)
[2026-08-14 13:36:53]  [行8] 解析成功: SZSE.300679 [电连技术] BUY @ 43.26 (VR:0.15)
[2026-08-14 13:36:53]  [行9] 解析成功: SZSE.301013 [利和兴] BUY @ 46.24 (VR:1.83)
[2026-08-14 13:36:53]  [行10] 解析成功: SZSE.300790 [宇瞳光学] BUY @ 20.07 (VR:0.55)
[2026-08-14 13:36:53] 成功保存 10 条因子至: signal_batch_20260814_133653_828264.txt
[2026-08-14 13:36:53]  QQ-主 邮件 6260 处理完成
[2026-08-14 13:36:54]  QQ-主 正在解析因子: =?utf-8?b?QWxwaGFQaWxvdCDlrp7ml7bkv6Hlj7cgKGFscGhhX3NpZ25hbF90aHJfMjAyNjA4MTRfMTA0Ni5qc29uKSBb5Li7UVEt5a+55aSWXQ==?=
[2026-08-14 13:36:54]  发现表格，共 4 行数据
[2026-08-14 13:36:54]  动态索引映射: ['股票代码', '股票名称', '信号', '当前价格', '量比', '来源过滤']
[2026-08-14 13:36:54]  [行1] 解析成功: SZSE.000510 [新金路] SELL @ 16.86 (VR:0.29)
[2026-08-14 13:36:54]  [行2] 解析成功: SZSE.301018 [申菱环境] SELL @ 93.5 (VR:0.7)
[2026-08-14 13:36:54]  [行3] 解析成功: SZSE.000510 [新金路] SELL @ 16.76 (VR:0.11)
[2026-08-14 13:36:54]  [行4] 解析成功: SZSE.301018 [申菱环境] SELL @ 93.3 (VR:0.05)
[2026-08-14 13:36:54] 成功保存 4 条因子至: signal_batch_20260814_133654_112783.txt
[2026-08-14 13:36:54]  QQ-主 邮件 6262 处理完成
[2026-08-14 13:36:54]  QQ-主 正在解析因子: =?utf-8?b?QWxwaGFQaWxvdCDlrp7ml7bkv6Hlj7cgKGFscGhhX3NpZ25hbF90aHJfMjAyNjA4MTRfMTA0OS5qc29uKSBb5Li7UVEt5a+55aSWXQ==?=
[2026-08-14 13:36:54]  发现表格，共 4 行数据
[2026-08-14 13:36:54]  动态索引映射: ['股票代码', '股票名称', '信号', '当前价格', '量比', '来源过滤']
[2026-08-14 13:36:54]  [行1] 解析成功: SZSE.002552 [宝鼎科技] SELL @ 58.6 (VR:0.78)
[2026-08-14 13:36:54]  [行2] 解析成功: SZSE.000823 [超声电子] SELL @ 14.94 (VR:0.55)
[2026-08-14 13:36:54]  [行3] 解析成功: SZSE.002552 [宝鼎科技] SELL @ 58.43 (VR:2.64)
[2026-08-14 13:36:54]  [行4] 解析成功: SZSE.000823 [超声电子] SELL @ 14.92 (VR:1.52)
[2026-08-14 13:36:54] 成功保存 4 条因子至: signal_batch_20260814_133654_639225.txt
[2026-08-14 13:36:54]  QQ-主 邮件 6264 处理完成
[2026-08-14 13:36:54]  QQ-主 正在解析因子: =?utf-8?b?QWxwaGFQaWxvdCDlrp7ml7bkv6Hlj7cgKGFscGhhX3NpZ25hbF90aHJfMjAyNjA4MTRfMTA1My5qc29uKSBb5Li7UVEt5a+55aSWXQ==?=
[2026-08-14 13:36:54]  发现表格，共 14 行数据
[2026-08-14 13:36:54]  动态索引映射: ['股票代码', '股票名称', '信号', '当前价格', '量比', '来源过滤']
[2026-08-14 13:36:54]  [行1] 解析成功: SHSE.688721 [龙图光罩] SELL @ 40.98 (VR:0.16)
[2026-08-14 13:36:54]  [行2] 解析成功: SZSE.300285 [国瓷材料] BUY @ 70.81 (VR:0.11)
[2026-08-14 13:36:54]  [行3] 解析成功: SZSE.301392 [汇成真空] BUY @ 166.89 (VR:0.67)
[2026-08-14 13:36:54]  [行4] 解析成功: SZSE.300214 [日科化学] BUY @ 11.92 (VR:0.83)
[2026-08-14 13:36:54]  [行5] 解析成功: SZSE.300088 [长信科技] SELL @ 7.53 (VR:1.22)
[2026-08-14 13:36:54]  [行6] 解析成功: SZSE.300420 [五洋自控] SELL @ 7.86 (VR:0.14)
[2026-08-14 13:36:54]  [行7] 解析成功: SZSE.300661 [圣邦股份] BUY @ 121.0 (VR:0.63)
[2026-08-14 13:36:54]  [行8] 解析成功: SHSE.688721 [龙图光罩] SELL @ 40.95 (VR:2.7)
[2026-08-14 13:36:54]  [行9] 解析成功: SZSE.300285 [国瓷材料] BUY @ 70.87 (VR:0.12)
[2026-08-14 13:36:54]  [行10] 解析成功: SZSE.301392 [汇成真空] BUY @ 166.93 (VR:0.01)
[2026-08-14 13:36:54]  [行11] 解析成功: SZSE.300214 [日科化学] BUY @ 11.94 (VR:0.13)
[2026-08-14 13:36:54]  [行12] 解析成功: SZSE.300088 [长信科技] SELL @ 7.52 (VR:0.18)
[2026-08-14 13:36:54]  [行13] 解析成功: SZSE.300420 [五洋自控] SELL @ 7.85 (VR:0.04)
[2026-08-14 13:36:54]  [行14] 解析成功: SZSE.300661 [圣邦股份] BUY @ 121.1 (VR:0.3)
[2026-08-14 13:36:55] 成功保存 14 条因子至: signal_batch_20260814_133655_009268.txt
[2026-08-14 13:36:55]  QQ-主 邮件 6268 处理完成
[2026-08-14 13:36:55]  QQ-主 正在解析因子: =?utf-8?b?QWxwaGFQaWxvdCDlrp7ml7bkv6Hlj7cgKGFscGhhX3NpZ25hbF90aHJfMjAyNjA4MTRfMTA1OC5qc29uKSBb5Li7UVEt5a+55aSWXQ==?=
[2026-08-14 13:36:55]  发现表格，共 2 行数据
[2026-08-14 13:36:55]  动态索引映射: ['股票代码', '股票名称', '信号', '当前价格', '量比', '来源过滤']
[2026-08-14 13:36:55]  [行1] 解析成功: SZSE.000510 [新金路] BUY @ 16.47 (VR:2.72)
[2026-08-14 13:36:55]  [行2] 解析成功: SZSE.000510 [新金路] BUY @ 16.49 (VR:1.5)
[2026-08-14 13:36:55] 成功保存 2 条因子至: signal_batch_20260814_133655_561292.txt
[2026-08-14 13:36:55]  QQ-主 邮件 6272 处理完成
[2026-08-14 13:36:55]  QQ-主 正在解析因子: =?utf-8?b?QWxwaGFQaWxvdCDlrp7ml7bkv6Hlj7cgKGFscGhhX3NpZ25hbF90aHJfMjAyNjA4MTRfMTEwNS5qc29uKSBb5Li7UVEt5a+55aSWXQ==?=
[2026-08-14 13:36:55]  发现表格，共 14 行数据
[2026-08-14 13:36:55]  动态索引映射: ['股票代码', '股票名称', '信号', '当前价格', '量比', '来源过滤']
[2026-08-14 13:36:55]  [行1] 解析成功: SHSE.688019 [安集科技] SELL @ 247.66 (VR:0.5)
[2026-08-14 13:36:55]  [行2] 解析成功: SHSE.688261 [东微半导] SELL @ 69.9 (VR:0.72)
[2026-08-14 13:36:55]  [行3] 解析成功: SZSE.300236 [上海新阳] SELL @ 93.0 (VR:0.25)
[2026-08-14 13:36:55]  [行4] 解析成功: SZSE.300057 [万顺新材] SELL @ 6.48 (VR:0.02)
[2026-08-14 13:36:55]  [行5] 解析成功: SZSE.300162 [雷曼光电] SELL @ 7.56 (VR:0.16)
[2026-08-14 13:36:55]  [行6] 解析成功: SZSE.300767 [震安科技] SELL @ 18.3 (VR:0.72)
[2026-08-14 13:36:55]  [行7] 解析成功: SZSE.300184 [力源信息] SELL @ 12.52 (VR:0.53)
[2026-08-14 13:36:55]  [行8] 解析成功: SHSE.688019 [安集科技] SELL @ 246.61 (VR:0.43)
[2026-08-14 13:36:55]  [行9] 解析成功: SHSE.688261 [东微半导] SELL @ 69.85 (VR:2.52)
[2026-08-14 13:36:55]  [行10] 解析成功: SZSE.300236 [上海新阳] SELL @ 92.9 (VR:0.27)
[2026-08-14 13:36:55]  [行11] 解析成功: SZSE.300057 [万顺新材] SELL @ 6.47 (VR:2.18)
[2026-08-14 13:36:55]  [行12] 解析成功: SZSE.300162 [雷曼光电] SELL @ 7.54 (VR:0.96)
[2026-08-14 13:36:55]  [行13] 解析成功: SZSE.300767 [震安科技] SELL @ 18.28 (VR:0.39)
[2026-08-14 13:36:55]  [行14] 解析成功: SZSE.300184 [力源信息] SELL @ 12.51 (VR:0.93)
[2026-08-14 13:36:55] 成功保存 14 条因子至: signal_batch_20260814_133655_862282.txt
[2026-08-14 13:36:56]  QQ-主 邮件 6276 处理完成
[2026-08-14 13:36:56]  QQ-主 正在解析因子: =?utf-8?b?QWxwaGFQaWxvdCDlrp7ml7bkv6Hlj7cgKGFscGhhX3NpZ25hbF90aHJfMjAyNjA4MTRfMTEwOC5qc29uKSBb5Li7UVEt5a+55aSWXQ==?=
[2026-08-14 13:36:56]  发现表格，共 16 行数据
[2026-08-14 13:36:56]  动态索引映射: ['股票代码', '股票名称', '信号', '当前价格', '量比', '来源过滤']
[2026-08-14 13:36:56]  [行1] 解析成功: SHSE.688286 [敏芯股份] BUY @ 51.94 (VR:1.71)
[2026-08-14 13:36:56]  [行2] 解析成功: SHSE.688216 [气派科技] BUY @ 30.71 (VR:0.84)
[2026-08-14 13:36:56]  [行3] 解析成功: SHSE.688249 [晶合集成] BUY @ 39.6 (VR:0.87)
[2026-08-14 13:36:56]  [行4] 解析成功: SHSE.688138 [清溢光电] BUY @ 33.36 (VR:0.03)
[2026-08-14 13:36:56]  [行5] 解析成功: SZSE.300285 [国瓷材料] BUY @ 70.64 (VR:0.24)
[2026-08-14 13:36:56]  [行6] 解析成功: SZSE.301392 [汇成真空] SELL @ 166.23 (VR:0.08)
[2026-08-14 13:36:56]  [行7] 解析成功: SZSE.300088 [长信科技] BUY @ 7.5 (VR:0.84)
[2026-08-14 13:36:56]  [行8] 解析成功: SZSE.300420 [五洋自控] SELL @ 7.8 (VR:0.04)
[2026-08-14 13:36:56]  [行9] 解析成功: SHSE.688286 [敏芯股份] BUY @ 52.0 (VR:3.6)
[2026-08-14 13:36:56]  [行10] 解析成功: SHSE.688216 [气派科技] BUY @ 30.75 (VR:0.01)
[2026-08-14 13:36:56]  [行11] 解析成功: SHSE.688249 [晶合集成] BUY @ 39.62 (VR:0.3)
[2026-08-14 13:36:56]  [行12] 解析成功: SHSE.688138 [清溢光电] BUY @ 33.39 (VR:0.33)
[2026-08-14 13:36:56]  [行13] 解析成功: SZSE.300285 [国瓷材料] BUY @ 70.85 (VR:0.16)
[2026-08-14 13:36:56]  [行14] 解析成功: SZSE.301392 [汇成真空] SELL @ 166.12 (VR:0.37)
[2026-08-14 13:36:56]  [行15] 解析成功: SZSE.300088 [长信科技] BUY @ 7.51 (VR:0.28)
[2026-08-14 13:36:56]  [行16] 解析成功: SZSE.300420 [五洋自控] SELL @ 7.79 (VR:0.32)
[2026-08-14 13:36:56] 成功保存 16 条因子至: signal_batch_20260814_133656_219188.txt
[2026-08-14 13:36:56]  QQ-主 邮件 6278 处理完成
[2026-08-14 13:36:56]  QQ-主 正在解析因子: =?utf-8?b?QWxwaGFQaWxvdCDlrp7ml7bkv6Hlj7cgKGFscGhhX3NpZ25hbF90aHJfMjAyNjA4MTRfMTExMC5qc29uKSBb5Li7UVEt5a+55aSWXQ==?=
[2026-08-14 13:36:56]  发现表格，共 12 行数据
[2026-08-14 13:36:56]  动态索引映射: ['股票代码', '股票名称', '信号', '当前价格', '量比', '来源过滤']
[2026-08-14 13:36:56]  [行1] 解析成功: SHSE.688110 [东芯股份] SELL @ 114.22 (VR:0.36)
[2026-08-14 13:36:56]  [行2] 解析成功: SHSE.688665 [四方光电] SELL @ 45.59 (VR:0.99)
[2026-08-14 13:36:56]  [行3] 解析成功: SHSE.688002 [睿创微纳] BUY @ 164.9 (VR:2.08)
[2026-08-14 13:36:56]  [行4] 解析成功: SHSE.688521 [芯原股份] SELL @ 205.53 (VR:0.39)
[2026-08-14 13:36:56]  [行5] 解析成功: SZSE.300689 [澄天伟业] SELL @ 53.29 (VR:0.28)
[2026-08-14 13:36:56]  [行6] 解析成功: SZSE.002718 [友邦吊顶] SELL @ 84.71 (VR:0.07)
[2026-08-14 13:36:56]  [行7] 解析成功: SHSE.688110 [东芯股份] SELL @ 114.15 (VR:0.33)
[2026-08-14 13:36:56]  [行8] 解析成功: SHSE.688665 [四方光电] SELL @ 45.44 (VR:0.06)
[2026-08-14 13:36:56]  [行9] 解析成功: SHSE.688002 [睿创微纳] BUY @ 164.92 (VR:0.38)
[2026-08-14 13:36:56]  [行10] 解析成功: SHSE.688521 [芯原股份] SELL @ 205.51 (VR:0.58)
[2026-08-14 13:36:56]  [行11] 解析成功: SZSE.300689 [澄天伟业] SELL @ 53.21 (VR:0.77)
[2026-08-14 13:36:56]  [行12] 解析成功: SZSE.002718 [友邦吊顶] SELL @ 84.65 (VR:0.15)
[2026-08-14 13:36:56] 成功保存 12 条因子至: signal_batch_20260814_133656_515940.txt
[2026-08-14 13:36:56]  QQ-主 邮件 6280 处理完成
[2026-08-14 13:36:56]  QQ-主 正在解析因子: =?utf-8?b?QWxwaGFQaWxvdCDlrp7ml7bkv6Hlj7cgKGFscGhhX3NpZ25hbF90aHJfMjAyNjA4MTRfMTExMy5qc29uKSBb5Li7UVEt5a+55aSWXQ==?=
[2026-08-14 13:36:56]  发现表格，共 6 行数据
[2026-08-14 13:36:56]  动态索引映射: ['股票代码', '股票名称', '信号', '当前价格', '量比', '来源过滤']
[2026-08-14 13:36:56]  [行1] 解析成功: SHSE.600353 [旭光电子] BUY @ 29.53 (VR:0.09)
[2026-08-14 13:36:56]  [行2] 解析成功: SHSE.688392 [娇成超声] BUY @ 175.35 (VR:0.5)
[2026-08-14 13:36:56]  [行3] 解析成功: SZSE.000510 [新金路] BUY @ 16.37 (VR:0.96)
[2026-08-14 13:36:56]  [行4] 解析成功: SHSE.600353 [旭光电子] BUY @ 29.55 (VR:0.02)
[2026-08-14 13:36:56]  [行5] 解析成功: SHSE.688392 [娇成超声] BUY @ 175.59 (VR:0.93)
[2026-08-14 13:36:56]  [行6] 解析成功: SZSE.000510 [新金路] BUY @ 16.4 (VR:0.23)
[2026-08-14 13:36:56] 成功保存 6 条因子至: signal_batch_20260814_133656_796418.txt
[2026-08-14 13:36:56]  QQ-主 邮件 6282 处理完成
[2026-08-14 13:36:57]  QQ-主 正在解析因子: =?utf-8?b?QWxwaGFQaWxvdCDlrp7ml7bkv6Hlj7cgKGFscGhhX3NpZ25hbF90aHJfMjAyNjA4MTRfMTExNS5qc29uKSBb5Li7UVEt5a+55aSWXQ==?=
[2026-08-14 13:36:57]  发现表格，共 8 行数据
[2026-08-14 13:36:57]  动态索引映射: ['股票代码', '股票名称', '信号', '当前价格', '量比', '来源过滤']
[2026-08-14 13:36:57]  [行1] 解析成功: SHSE.605111 [新洁能] SELL @ 57.31 (VR:0.02)
[2026-08-14 13:36:57]  [行2] 解析成功: SZSE.002643 [万润股份] SELL @ 14.22 (VR:0.02)
[2026-08-14 13:36:57]  [行3] 解析成功: SZSE.002937 [兴瑞科技] BUY @ 29.28 (VR:0.05)
[2026-08-14 13:36:57]  [行4] 解析成功: SZSE.300607 [拓斯达] SELL @ 33.9 (VR:0.77)
[2026-08-14 13:36:57]  [行5] 解析成功: SHSE.605111 [新洁能] SELL @ 57.27 (VR:0.03)
[2026-08-14 13:36:57]  [行6] 解析成功: SZSE.002643 [万润股份] SELL @ 14.21 (VR:0.07)
[2026-08-14 13:36:57]  [行7] 解析成功: SZSE.002937 [兴瑞科技] BUY @ 29.29 (VR:0.05)
[2026-08-14 13:36:57]  [行8] 解析成功: SZSE.300607 [拓斯达] SELL @ 33.84 (VR:1.42)
[2026-08-14 13:36:57] 成功保存 8 条因子至: signal_batch_20260814_133657_063926.txt
[2026-08-14 13:36:57]  QQ-主 邮件 6284 处理完成
[2026-08-14 13:36:57]  QQ-主 正在解析因子: =?utf-8?b?QWxwaGFQaWxvdCDlrp7ml7bkv6Hlj7cgKGFscGhhX3NpZ25hbF90aHJfMjAyNjA4MTRfMTEyMy5qc29uKSBb5Li7UVEt5a+55aSWXQ==?=
[2026-08-14 13:36:57]  发现表格，共 14 行数据
[2026-08-14 13:36:57]  动态索引映射: ['股票代码', '股票名称', '信号', '当前价格', '量比', '来源过滤']
[2026-08-14 13:36:57]  [行1] 解析成功: SHSE.688665 [四方光电] SELL @ 45.37 (VR:0.32)
[2026-08-14 13:36:57]  [行2] 解析成功: SHSE.688521 [芯原股份] SELL @ 206.79 (VR:0.33)
[2026-08-14 13:36:57]  [行3] 解析成功: SZSE.300852 [四会富仕] BUY @ 44.28 (VR:0.05)
[2026-08-14 13:36:57]  [行4] 解析成功: SZSE.300689 [澄天伟业] SELL @ 53.19 (VR:0.03)
[2026-08-14 13:36:57]  [行5] 解析成功: SZSE.301013 [利和兴] SELL @ 45.96 (VR:0.17)
[2026-08-14 13:36:57]  [行6] 解析成功: SZSE.300790 [宇瞳光学] BUY @ 19.71 (VR:0.29)
[2026-08-14 13:36:57]  [行7] 解析成功: SZSE.001339 [智微智能] BUY @ 84.09 (VR:0.8)
[2026-08-14 13:36:57]  [行8] 解析成功: SHSE.688665 [四方光电] SELL @ 45.33 (VR:0.23)
[2026-08-14 13:36:57]  [行9] 解析成功: SHSE.688521 [芯原股份] SELL @ 206.45 (VR:0.56)
[2026-08-14 13:36:57]  [行10] 解析成功: SZSE.300852 [四会富仕] BUY @ 44.34 (VR:0.49)
[2026-08-14 13:36:57]  [行11] 解析成功: SZSE.300689 [澄天伟业] SELL @ 53.17 (VR:0.28)
[2026-08-14 13:36:57]  [行12] 解析成功: SZSE.301013 [利和兴] SELL @ 45.91 (VR:0.09)
[2026-08-14 13:36:57]  [行13] 解析成功: SZSE.300790 [宇瞳光学] BUY @ 19.72 (VR:0.47)
[2026-08-14 13:36:57]  [行14] 解析成功: SZSE.001339 [智微智能] BUY @ 84.19 (VR:0.43)
[2026-08-14 13:36:57] 成功保存 14 条因子至: signal_batch_20260814_133657_430630.txt
[2026-08-14 13:36:57]  QQ-主 邮件 6290 处理完成
[2026-08-14 13:36:57]  QQ-主 正在解析因子: =?utf-8?b?QWxwaGFQaWxvdCDlrp7ml7bkv6Hlj7cgKGFscGhhX3NpZ25hbF90aHJfMjAyNjA4MTRfMTEyOS5qc29uKSBb5Li7UVEt5a+55aSWXQ==?=
[2026-08-14 13:36:57]  发现表格，共 12 行数据
[2026-08-14 13:36:57]  动态索引映射: ['股票代码', '股票名称', '信号', '当前价格', '量比', '来源过滤']
[2026-08-14 13:36:57]  [行1] 解析成功: SHSE.603773 [沃格光电] BUY @ 93.18 (VR:1.37)
[2026-08-14 13:36:57]  [行2] 解析成功: SHSE.600460 [士兰微] BUY @ 32.2 (VR:0.25)
[2026-08-14 13:36:57]  [行3] 解析成功: SZSE.002552 [宝鼎科技] BUY @ 58.01 (VR:0.2)
[2026-08-14 13:36:57]  [行4] 解析成功: SZSE.002937 [兴瑞科技] BUY @ 29.34 (VR:0.06)
[2026-08-14 13:36:57]  [行5] 解析成功: SZSE.300607 [拓斯达] BUY @ 34.11 (VR:0.46)
[2026-08-14 13:36:57]  [行6] 解析成功: SZSE.301070 [开勒股份] BUY @ 65.47 (VR:22.78)
[2026-08-14 13:36:57]  [行7] 解析成功: SHSE.603773 [沃格光电] BUY @ 93.21 (VR:0.72)
[2026-08-14 13:36:57]  [行8] 解析成功: SHSE.600460 [士兰微] BUY @ 32.29 (VR:0.29)
[2026-08-14 13:36:57]  [行9] 解析成功: SZSE.002552 [宝鼎科技] BUY @ 58.05 (VR:0.29)
[2026-08-14 13:36:57]  [行10] 解析成功: SZSE.002937 [兴瑞科技] BUY @ 29.39 (VR:0.18)
[2026-08-14 13:36:57]  [行11] 解析成功: SZSE.300607 [拓斯达] BUY @ 34.16 (VR:0.41)
[2026-08-14 13:36:57]  [行12] 解析成功: SZSE.301070 [开勒股份] BUY @ 66.07 (VR:2.78)
[2026-08-14 13:36:57] 成功保存 12 条因子至: signal_batch_20260814_133657_724431.txt
[2026-08-14 13:36:57]  QQ-主 邮件 6292 处理完成
[2026-08-14 13:36:57]  QQ-主 正在解析因子: =?utf-8?b?QWxwaGFQaWxvdCDlrp7ml7bkv6Hlj7cgKGFscGhhX3NpZ25hbF90aHJfMjAyNjA4MTRfMTMwMy5qc29uKSBb5Li7UVEt5a+55aSWXQ==?=
[2026-08-14 13:36:57]  发现表格，共 12 行数据
[2026-08-14 13:36:57]  动态索引映射: ['股票代码', '股票名称', '信号', '当前价格', '量比', '来源过滤']
[2026-08-14 13:36:57]  [行1] 解析成功: SHSE.603773 [沃格光电] SELL @ 93.38 (VR:0.6)
[2026-08-14 13:36:57]  [行2] 解析成功: SHSE.600460 [士兰微] SELL @ 32.27 (VR:0.06)
[2026-08-14 13:36:57]  [行3] 解析成功: SZSE.002552 [宝鼎科技] SELL @ 58.03 (VR:0.12)
[2026-08-14 13:36:57]  [行4] 解析成功: SZSE.003031 [中瓷电子] SELL @ 125.56 (VR:0.6)
[2026-08-14 13:36:58]  [行5] 解析成功: SZSE.000823 [超声电子] SELL @ 15.19 (VR:2.48)
[2026-08-14 13:36:58]  [行6] 解析成功: SZSE.300607 [拓斯达] BUY @ 34.12 (VR:0.21)
[2026-08-14 13:36:58]  [行7] 解析成功: SHSE.603773 [沃格光电] SELL @ 93.31 (VR:0.17)
[2026-08-14 13:36:58]  [行8] 解析成功: SHSE.600460 [士兰微] SELL @ 32.18 (VR:0.27)
[2026-08-14 13:36:58]  [行9] 解析成功: SZSE.002552 [宝鼎科技] SELL @ 57.81 (VR:0.29)
[2026-08-14 13:36:58]  [行10] 解析成功: SZSE.003031 [中瓷电子] SELL @ 125.4 (VR:0.16)
[2026-08-14 13:36:58]  [行11] 解析成功: SZSE.000823 [超声电子] SELL @ 15.15 (VR:1.48)
[2026-08-14 13:36:58]  [行12] 解析成功: SZSE.300607 [拓斯达] BUY @ 34.13 (VR:0.37)
[2026-08-14 13:36:58] 成功保存 12 条因子至: signal_batch_20260814_133658_035519.txt
[2026-08-14 13:36:58]  QQ-主 邮件 6296 处理完成
[2026-08-14 13:36:58]  QQ-主 正在解析因子: =?utf-8?b?QWxwaGFQaWxvdCDlrp7ml7bkv6Hlj7cgKGFscGhhX3NpZ25hbF90aHJfMjAyNjA4MTRfMTMwOC5qc29uKSBb5Li7UVEt5a+55aSWXQ==?=
[2026-08-14 13:36:58]  发现表格，共 14 行数据
[2026-08-14 13:36:58]  动态索引映射: ['股票代码', '股票名称', '信号', '当前价格', '量比', '来源过滤']
[2026-08-14 13:36:58]  [行1] 解析成功: SHSE.688286 [敏芯股份] BUY @ 51.76 (VR:1.52)
[2026-08-14 13:36:58]  [行2] 解析成功: SHSE.688511 [天微电子] SELL @ 22.93 (VR:0.87)
[2026-08-14 13:36:58]  [行3] 解析成功: SHSE.688249 [晶合集成] SELL @ 39.59 (VR:0.0)
[2026-08-14 13:36:58]  [行4] 解析成功: SZSE.300088 [长信科技] BUY @ 7.46 (VR:0.3)
[2026-08-14 13:36:58]  [行5] 解析成功: SZSE.300420 [五洋自控] BUY @ 7.76 (VR:0.17)
[2026-08-14 13:36:58]  [行6] 解析成功: SZSE.300661 [圣邦股份] BUY @ 120.5 (VR:0.65)
[2026-08-14 13:36:58]  [行7] 解析成功: SZSE.300780 [德恩精工] BUY @ 20.18 (VR:0.28)
[2026-08-14 13:36:58]  [行8] 解析成功: SHSE.688286 [敏芯股份] BUY @ 52.01 (VR:2.42)
[2026-08-14 13:36:58]  [行9] 解析成功: SHSE.688511 [天微电子] SELL @ 22.91 (VR:0.23)
[2026-08-14 13:36:58]  [行10] 解析成功: SHSE.688249 [晶合集成] SELL @ 39.56 (VR:0.01)
[2026-08-14 13:36:58]  [行11] 解析成功: SZSE.300088 [长信科技] BUY @ 7.47 (VR:0.26)
[2026-08-14 13:36:58]  [行12] 解析成功: SZSE.300420 [五洋自控] BUY @ 7.79 (VR:0.16)
[2026-08-14 13:36:58]  [行13] 解析成功: SZSE.300661 [圣邦股份] BUY @ 120.72 (VR:0.37)
[2026-08-14 13:36:58]  [行14] 解析成功: SZSE.300780 [德恩精工] BUY @ 20.2 (VR:0.15)
[2026-08-14 13:36:58] 成功保存 14 条因子至: signal_batch_20260814_133658_369265.txt
[2026-08-14 13:36:58]  QQ-主 邮件 6300 处理完成
[2026-08-14 13:36:58]  QQ-主 正在解析因子: =?utf-8?b?QWxwaGFQaWxvdCDlrp7ml7bkv6Hlj7cgKGFscGhhX3NpZ25hbF90aHJfMjAyNjA4MTRfMTMxMy5qc29uKSBb5Li7UVEt5a+55aSWXQ==?=
[2026-08-14 13:36:58]  发现表格，共 6 行数据
[2026-08-14 13:36:58]  动态索引映射: ['股票代码', '股票名称', '信号', '当前价格', '量比', '来源过滤']
[2026-08-14 13:36:58]  [行1] 解析成功: SHSE.600353 [旭光电子] BUY @ 30.01 (VR:1.18)
[2026-08-14 13:36:58]  [行2] 解析成功: SHSE.688392 [娇成超声] BUY @ 175.01 (VR:0.36)
[2026-08-14 13:36:58]  [行3] 解析成功: SZSE.000510 [新金路] BUY @ 16.57 (VR:0.13)
[2026-08-14 13:36:58]  [行4] 解析成功: SHSE.600353 [旭光电子] BUY @ 30.09 (VR:0.39)
[2026-08-14 13:36:58]  [行5] 解析成功: SHSE.688392 [娇成超声] BUY @ 175.75 (VR:0.41)
[2026-08-14 13:36:58]  [行6] 解析成功: SZSE.000510 [新金路] BUY @ 16.66 (VR:0.01)
[2026-08-14 13:36:58] 成功保存 6 条因子至: signal_batch_20260814_133658_743211.txt
[2026-08-14 13:36:58]  QQ-主 邮件 6304 处理完成
[2026-08-14 13:36:58]  QQ-主 正在解析因子: =?utf-8?b?QWxwaGFQaWxvdCDlrp7ml7bkv6Hlj7cgKGFscGhhX3NpZ25hbF90aHJfMjAyNjA4MTRfMTMxOC5qc29uKSBb5Li7UVEt5a+55aSWXQ==?=
[2026-08-14 13:36:58]  发现表格，共 8 行数据
[2026-08-14 13:36:59]  动态索引映射: ['股票代码', '股票名称', '信号', '当前价格', '量比', '来源过滤']
[2026-08-14 13:36:59]  [行1] 解析成功: SHSE.688261 [东微半导] SELL @ 69.91 (VR:1.48)
[2026-08-14 13:36:59]  [行2] 解析成功: SZSE.300236 [上海新阳] SELL @ 92.65 (VR:0.0)
[2026-08-14 13:36:59]  [行3] 解析成功: SZSE.300057 [万顺新材] SELL @ 6.49 (VR:1.14)
[2026-08-14 13:36:59]  [行4] 解析成功: SZSE.300767 [震安科技] SELL @ 18.32 (VR:0.56)
[2026-08-14 13:36:59]  [行5] 解析成功: SHSE.688261 [东微半导] SELL @ 69.69 (VR:0.57)
[2026-08-14 13:36:59]  [行6] 解析成功: SZSE.300236 [上海新阳] SELL @ 92.58 (VR:0.18)
[2026-08-14 13:36:59]  [行7] 解析成功: SZSE.300057 [万顺新材] SELL @ 6.48 (VR:0.02)
[2026-08-14 13:36:59]  [行8] 解析成功: SZSE.300767 [震安科技] SELL @ 18.31 (VR:0.01)
[2026-08-14 13:36:59] 成功保存 8 条因子至: signal_batch_20260814_133659_037427.txt
[2026-08-14 13:36:59]  QQ-主 邮件 6308 处理完成
[2026-08-14 13:36:59]  QQ-主 正在解析因子: =?utf-8?b?QWxwaGFQaWxvdCDlrp7ml7bkv6Hlj7cgKGFscGhhX3NpZ25hbF90aHJfMjAyNjA4MTRfMTMyMy5qc29uKSBb5Li7UVEt5a+55aSWXQ==?=
[2026-08-14 13:36:59]  发现表格，共 8 行数据
[2026-08-14 13:36:59]  动态索引映射: ['股票代码', '股票名称', '信号', '当前价格', '量比', '来源过滤']
[2026-08-14 13:36:59]  [行1] 解析成功: SHSE.688110 [东芯股份] SELL @ 114.47 (VR:0.23)
[2026-08-14 13:36:59]  [行2] 解析成功: SHSE.688521 [芯原股份] SELL @ 204.56 (VR:0.24)
[2026-08-14 13:36:59]  [行3] 解析成功: SZSE.300689 [澄天伟业] BUY @ 52.6 (VR:0.86)
[2026-08-14 13:36:59]  [行4] 解析成功: SZSE.002718 [友邦吊顶] BUY @ 85.5 (VR:0.27)
[2026-08-14 13:36:59]  [行5] 解析成功: SHSE.688110 [东芯股份] SELL @ 114.3 (VR:0.07)
[2026-08-14 13:36:59]  [行6] 解析成功: SHSE.688521 [芯原股份] SELL @ 204.0 (VR:0.55)
[2026-08-14 13:36:59]  [行7] 解析成功: SZSE.300689 [澄天伟业] BUY @ 52.61 (VR:0.26)
[2026-08-14 13:36:59]  [行8] 解析成功: SZSE.002718 [友邦吊顶] BUY @ 85.55 (VR:0.33)
[2026-08-14 13:36:59] 成功保存 8 条因子至: signal_batch_20260814_133659_310904.txt
[2026-08-14 13:36:59]  QQ-主 邮件 6312 处理完成
[2026-08-14 13:36:59]  QQ-主 正在解析因子: =?utf-8?b?QWxwaGFQaWxvdCDlrp7ml7bkv6Hlj7cgKGFscGhhX3NpZ25hbF90aHJfMjAyNjA4MTRfMTMyOC5qc29uKSBb5Li7UVEt5a+55aSWXQ==?=
[2026-08-14 13:36:59]  发现表格，共 18 行数据
[2026-08-14 13:36:59]  动态索引映射: ['股票代码', '股票名称', '信号', '当前价格', '量比', '来源过滤']
[2026-08-14 13:36:59]  [行1] 解析成功: SHSE.603773 [沃格光电] BUY @ 92.69 (VR:0.09)
[2026-08-14 13:36:59]  [行2] 解析成功: SHSE.605111 [新洁能] BUY @ 56.71 (VR:0.34)
[2026-08-14 13:36:59]  [行3] 解析成功: SHSE.600460 [士兰微] BUY @ 32.14 (VR:0.24)
[2026-08-14 13:36:59]  [行4] 解析成功: SZSE.002552 [宝鼎科技] BUY @ 57.65 (VR:0.32)
[2026-08-14 13:36:59]  [行5] 解析成功: SZSE.003031 [中瓷电子] BUY @ 124.42 (VR:0.35)
[2026-08-14 13:36:59]  [行6] 解析成功: SZSE.002937 [兴瑞科技] BUY @ 29.09 (VR:0.04)
[2026-08-14 13:36:59]  [行7] 解析成功: SZSE.000920 [沃顿科技] BUY @ 11.61 (VR:0.2)
[2026-08-14 13:36:59]  [行8] 解析成功: SZSE.300607 [拓斯达] BUY @ 34.04 (VR:0.49)
[2026-08-14 13:36:59]  [行9] 解析成功: SZSE.301070 [开勒股份] BUY @ 65.34 (VR:0.26)
[2026-08-14 13:36:59]  [行10] 解析成功: SHSE.603773 [沃格光电] BUY @ 92.98 (VR:0.01)
[2026-08-14 13:36:59]  [行11] 解析成功: SHSE.605111 [新洁能] BUY @ 56.81 (VR:0.07)
[2026-08-14 13:36:59]  [行12] 解析成功: SHSE.600460 [士兰微] BUY @ 32.24 (VR:0.41)
[2026-08-14 13:36:59]  [行13] 解析成功: SZSE.002552 [宝鼎科技] BUY @ 57.7 (VR:0.48)
[2026-08-14 13:36:59]  [行14] 解析成功: SZSE.003031 [中瓷电子] BUY @ 124.73 (VR:0.85)
[2026-08-14 13:36:59]  [行15] 解析成功: SZSE.002937 [兴瑞科技] BUY @ 29.13 (VR:0.06)
[2026-08-14 13:36:59]  [行16] 解析成功: SZSE.000920 [沃顿科技] BUY @ 11.63 (VR:0.08)
[2026-08-14 13:36:59]  [行17] 解析成功: SZSE.300607 [拓斯达] BUY @ 34.05 (VR:0.8)
[2026-08-14 13:36:59]  [行18] 解析成功: SZSE.301070 [开勒股份] BUY @ 65.38 (VR:0.56)
[2026-08-14 13:36:59] 成功保存 18 条因子至: signal_batch_20260814_133659_678946.txt
[2026-08-14 13:36:59]  QQ-主 邮件 6316 处理完成
[2026-08-14 13:36:59]  QQ-主 正在解析因子: =?utf-8?b?QWxwaGFQaWxvdCDlrp7ml7bkv6Hlj7cgKGFscGhhX3NpZ25hbF90aHJfMjAyNjA4MTRfMTMzMy5qc29uKSBb5Li7UVEt5a+55aSWXQ==?=
[2026-08-14 13:36:59]  发现表格，共 14 行数据
[2026-08-14 13:36:59]  动态索引映射: ['股票代码', '股票名称', '信号', '当前价格', '量比', '来源过滤']
[2026-08-14 13:36:59]  [行1] 解析成功: SHSE.688286 [敏芯股份] BUY @ 50.95 (VR:1.22)
[2026-08-14 13:36:59]  [行2] 解析成功: SHSE.688511 [天微电子] BUY @ 22.94 (VR:0.14)
[2026-08-14 13:36:59]  [行3] 解析成功: SHSE.688216 [气派科技] BUY @ 30.62 (VR:0.15)
[2026-08-14 13:36:59]  [行4] 解析成功: SZSE.301392 [汇成真空] BUY @ 166.28 (VR:0.04)
[2026-08-14 13:36:59]  [行5] 解析成功: SZSE.300088 [长信科技] BUY @ 7.48 (VR:0.11)
[2026-08-14 13:36:59]  [行6] 解析成功: SZSE.300420 [五洋自控] SELL @ 7.81 (VR:0.2)
[2026-08-14 13:36:59]  [行7] 解析成功: SZSE.300661 [圣邦股份] BUY @ 121.6 (VR:0.38)
[2026-08-14 13:36:59]  [行8] 解析成功: SHSE.688286 [敏芯股份] BUY @ 51.17 (VR:1.12)
[2026-08-14 13:36:59]  [行9] 解析成功: SHSE.688511 [天微电子] BUY @ 22.95 (VR:0.28)
[2026-08-14 13:36:59]  [行10] 解析成功: SHSE.688216 [气派科技] BUY @ 30.65 (VR:0.25)
[2026-08-14 13:36:59]  [行11] 解析成功: SZSE.301392 [汇成真空] BUY @ 166.89 (VR:0.05)
[2026-08-14 13:36:59]  [行12] 解析成功: SZSE.300088 [长信科技] BUY @ 7.5 (VR:0.05)
[2026-08-14 13:36:59]  [行13] 解析成功: SZSE.300420 [五洋自控] SELL @ 7.79 (VR:0.12)
[2026-08-14 13:36:59]  [行14] 解析成功: SZSE.300661 [圣邦股份] BUY @ 122.07 (VR:1.71)
[2026-08-14 13:36:59] 成功保存 14 条因子至: signal_batch_20260814_133659_969574.txt
[2026-08-14 13:37:00]  QQ-主 邮件 6320 处理完成
[2026-08-14 13:37:00]  QQ-主 本轮共成功处理 29 封有效信号邮件
[2026-08-14 13:37:00]  正在连接 QQ-备用 邮箱服务器 (shouqianbadavid@qq.com) ...
[2026-08-14 13:37:00]  QQ-备用 正在解析因子: =?utf-8?b?QWxwaGFQaWxvdCDlpIfku73kv6Hlj7cgKGFscGhhX3NpZ25hbF90aHJfMjAyNjA4MTRfMDkzOS5qc29uKSBb5aSHUVEt6Ieq5L+dXQ==?=
[2026-08-14 13:37:00]  发现表格，共 15 行数据
[2026-08-14 13:37:00]  动态索引映射: ['股票代码', '股票名称', '信号', '当前价格', '量比', '来源过滤']
[2026-08-14 13:37:00]  [行1] 解析成功: SHSE.688019 [安集科技] BUY @ 247.39 (VR:0.14)
[2026-08-14 13:37:00]  [行2] 解析成功: SHSE.688261 [东微半导] SELL @ 72.8 (VR:0.25)
[2026-08-14 13:37:00]  [行3] 解析成功: SZSE.300136 [信维通信] BUY @ 67.85 (VR:0.31)
[2026-08-14 13:37:00]  [行4] 解析成功: SZSE.300821 [东岳硅材] BUY @ 16.63 (VR:0.2)
[2026-08-14 13:37:00]  [行5] 解析成功: SZSE.300236 [上海新阳] BUY @ 92.56 (VR:0.11)
[2026-08-14 13:37:00]  [行6] 解析成功: SZSE.300767 [震安科技] SELL @ 18.64 (VR:0.43)
[2026-08-14 13:37:00]  [行7] 解析成功: SZSE.002158 [汉钟精机] SELL @ 28.23 (VR:0.25)
[2026-08-14 13:37:00]  [行8] 解析成功: SZSE.002635 [安洁科技] BUY @ 15.9 (VR:0.19)
[2026-08-14 13:37:00]  [行9] 解析成功: SHSE.688261 [东微半导] SELL @ 72.6 (VR:0.17)
[2026-08-14 13:37:00]  [行10] 解析成功: SZSE.300136 [信维通信] BUY @ 67.9 (VR:0.38)
[2026-08-14 13:37:00]  [行11] 解析成功: SZSE.300821 [东岳硅材] BUY @ 16.67 (VR:0.39)
[2026-08-14 13:37:00]  [行12] 解析成功: SZSE.300236 [上海新阳] BUY @ 93.0 (VR:0.35)
[2026-08-14 13:37:00]  [行13] 解析成功: SZSE.300767 [震安科技] SELL @ 18.53 (VR:0.0)
[2026-08-14 13:37:00]  [行14] 解析成功: SZSE.002158 [汉钟精机] SELL @ 28.22 (VR:0.01)
[2026-08-14 13:37:00]  [行15] 解析成功: SZSE.002635 [安洁科技] BUY @ 15.91 (VR:0.28)
[2026-08-14 13:37:00] 成功保存 15 条因子至: signal_batch_20260814_133700_809973.txt
[2026-08-14 13:37:00]  QQ-备用 邮件 3856 处理完成
[2026-08-14 13:37:01]  QQ-备用 正在解析因子: =?utf-8?b?QWxwaGFQaWxvdCDlpIfku73kv6Hlj7cgKGFscGhhX3NpZ25hbF90aHJfMjAyNjA4MTRfMDk1MC5qc29uKSBb5aSHUVEt6Ieq5L+dXQ==?=
[2026-08-14 13:37:01]  发现表格，共 6 行数据
[2026-08-14 13:37:01]  动态索引映射: ['股票代码', '股票名称', '信号', '当前价格', '量比', '来源过滤']
[2026-08-14 13:37:01]  [行1] 解析成功: SZSE.300720 [海川智能] SELL @ 93.7 (VR:0.29)
[2026-08-14 13:37:01]  [行2] 解析成功: SZSE.000510 [新金路] SELL @ 17.24 (VR:2.66)
[2026-08-14 13:37:01]  [行3] 解析成功: SZSE.301419 [瑞可达] BUY @ 33.84 (VR:4.37)
[2026-08-14 13:37:01]  [行4] 解析成功: SZSE.300720 [海川智能] SELL @ 91.88 (VR:0.49)
[2026-08-14 13:37:01]  [行5] 解析成功: SZSE.000510 [新金路] SELL @ 17.07 (VR:0.22)
[2026-08-14 13:37:01]  [行6] 解析成功: SZSE.301419 [瑞可达] BUY @ 34.01 (VR:6.83)
[2026-08-14 13:37:01] 成功保存 6 条因子至: signal_batch_20260814_133701_107586.txt
[2026-08-14 13:37:01]  QQ-备用 邮件 3862 处理完成
[2026-08-14 13:37:01]  QQ-备用 正在解析因子: =?utf-8?b?QWxwaGFQaWxvdCDlpIfku73kv6Hlj7cgKGFscGhhX3NpZ25hbF90aHJfMjAyNjA4MTRfMDk1NC5qc29uKSBb5aSHUVEt6Ieq5L+dXQ==?=
[2026-08-14 13:37:01]  发现表格，共 18 行数据
[2026-08-14 13:37:01]  动态索引映射: ['股票代码', '股票名称', '信号', '当前价格', '量比', '来源过滤']
[2026-08-14 13:37:01]  [行1] 解析成功: SHSE.603773 [沃格光电] SELL @ 93.82 (VR:1.26)
[2026-08-14 13:37:01]  [行2] 解析成功: SHSE.603618 [杭电股份] SELL @ 27.27 (VR:0.68)
[2026-08-14 13:37:01]  [行3] 解析成功: SHSE.600909 [华安证券] BUY @ 8.24 (VR:0.44)
[2026-08-14 13:37:01]  [行4] 解析成功: SHSE.600460 [士兰微] BUY @ 32.44 (VR:0.76)
[2026-08-14 13:37:01]  [行5] 解析成功: SZSE.003031 [中瓷电子] BUY @ 122.76 (VR:0.01)
[2026-08-14 13:37:01]  [行6] 解析成功: SZSE.002937 [兴瑞科技] SELL @ 29.54 (VR:0.0)
[2026-08-14 13:37:01]  [行7] 解析成功: SZSE.300607 [拓斯达] SELL @ 34.05 (VR:0.24)
[2026-08-14 13:37:01]  [行8] 解析成功: SHSE.603773 [沃格光电] SELL @ 93.75 (VR:0.34)
[2026-08-14 13:37:01]  [行9] 解析成功: SHSE.600259 [中稀有色] BUY @ 93.31 (VR:2.74)
[2026-08-14 13:37:01]  [行10] 解析成功: SHSE.600909 [华安证券] BUY @ 8.26 (VR:0.22)
[2026-08-14 13:37:01]  [行11] 解析成功: SHSE.600460 [士兰微] BUY @ 32.5 (VR:0.37)
[2026-08-14 13:37:01]  [行12] 解析成功: SZSE.002552 [宝鼎科技] SELL @ 58.56 (VR:0.02)
[2026-08-14 13:37:01]  [行13] 解析成功: SZSE.003031 [中瓷电子] BUY @ 122.76 (VR:0.07)
[2026-08-14 13:37:01]  [行14] 解析成功: SZSE.002643 [万润股份] BUY @ 14.14 (VR:0.08)
[2026-08-14 13:37:01]  [行15] 解析成功: SZSE.002937 [兴瑞科技] SELL @ 29.58 (VR:0.39)
[2026-08-14 13:37:01]  [行16] 解析成功: SZSE.000920 [沃顿科技] SELL @ 11.7 (VR:0.12)
[2026-08-14 13:37:01]  [行17] 解析成功: SZSE.000823 [超声电子] SELL @ 14.93 (VR:0.12)
[2026-08-14 13:37:01]  [行18] 解析成功: SZSE.301070 [开勒股份] SELL @ 65.31 (VR:0.16)
[2026-08-14 13:37:01] 成功保存 18 条因子至: signal_batch_20260814_133701_417507.txt
[2026-08-14 13:37:01]  QQ-备用 邮件 3864 处理完成
[2026-08-14 13:37:01]  QQ-备用 正在解析因子: =?utf-8?b?QWxwaGFQaWxvdCDlpIfku73kv6Hlj7cgKGFscGhhX3NpZ25hbF90aHJfMjAyNjA4MTRfMTAwNC5qc29uKSBb5aSHUVEt6Ieq5L+dXQ==?=
[2026-08-14 13:37:01]  发现表格，共 17 行数据
[2026-08-14 13:37:01]  动态索引映射: ['股票代码', '股票名称', '信号', '当前价格', '量比', '来源过滤']
[2026-08-14 13:37:01]  [行1] 解析成功: SHSE.688110 [东芯股份] BUY @ 115.81 (VR:0.27)
[2026-08-14 13:37:01]  [行2] 解析成功: SHSE.688102 [斯瑞新材] SELL @ 37.95 (VR:2.05)
[2026-08-14 13:37:01]  [行3] 解析成功: SHSE.688521 [芯原股份] BUY @ 207.63 (VR:0.38)
[2026-08-14 13:37:01]  [行4] 解析成功: SHSE.688227 [品高股份] BUY @ 81.23 (VR:0.08)
[2026-08-14 13:37:01]  [行5] 解析成功: SZSE.300852 [四会富仕] BUY @ 44.82 (VR:0.43)
[2026-08-14 13:37:01]  [行6] 解析成功: SZSE.300689 [澄天伟业] BUY @ 53.84 (VR:0.05)
[2026-08-14 13:37:01]  [行7] 解析成功: SZSE.301013 [利和兴] BUY @ 45.88 (VR:0.29)
[2026-08-14 13:37:01]  [行8] 解析成功: SZSE.002718 [友邦吊顶] SELL @ 86.84 (VR:0.39)
[2026-08-14 13:37:01]  [行9] 解析成功: SZSE.001339 [智微智能] BUY @ 85.11 (VR:1.05)
[2026-08-14 13:37:01]  [行10] 解析成功: SHSE.688110 [东芯股份] BUY @ 116.28 (VR:0.98)
[2026-08-14 13:37:01]  [行11] 解析成功: SHSE.688102 [斯瑞新材] SELL @ 37.75 (VR:0.85)
[2026-08-14 13:37:01]  [行12] 解析成功: SHSE.688521 [芯原股份] BUY @ 208.1 (VR:0.52)
[2026-08-14 13:37:01]  [行13] 解析成功: SHSE.688227 [品高股份] BUY @ 81.59 (VR:1.74)
[2026-08-14 13:37:01]  [行14] 解析成功: SZSE.300852 [四会富仕] BUY @ 44.87 (VR:2.27)
[2026-08-14 13:37:01]  [行15] 解析成功: SZSE.300689 [澄天伟业] BUY @ 53.98 (VR:1.19)
[2026-08-14 13:37:01]  [行16] 解析成功: SZSE.301013 [利和兴] BUY @ 45.93 (VR:0.02)
[2026-08-14 13:37:01]  [行17] 解析成功: SZSE.001339 [智微智能] BUY @ 85.66 (VR:0.76)
[2026-08-14 13:37:01] 成功保存 17 条因子至: signal_batch_20260814_133701_712290.txt
[2026-08-14 13:37:01]  QQ-备用 邮件 3870 处理完成
[2026-08-14 13:37:01]  QQ-备用 正在解析因子: =?utf-8?b?QWxwaGFQaWxvdCDlpIfku73kv6Hlj7cgKGFscGhhX3NpZ25hbF90aHJfMjAyNjA4MTRfMTAxMC5qc29uKSBb5aSHUVEt6Ieq5L+dXQ==?=
[2026-08-14 13:37:01]  发现表格，共 17 行数据
[2026-08-14 13:37:01]  动态索引映射: ['股票代码', '股票名称', '信号', '当前价格', '量比', '来源过滤']
[2026-08-14 13:37:01]  [行1] 解析成功: SHSE.603773 [沃格光电] SELL @ 93.88 (VR:0.18)
[2026-08-14 13:37:01]  [行2] 解析成功: SHSE.605111 [新洁能] SELL @ 57.78 (VR:0.42)
[2026-08-14 13:37:01]  [行3] 解析成功: SHSE.600909 [华安证券] SELL @ 8.19 (VR:1.88)
[2026-08-14 13:37:01]  [行4] 解析成功: SZSE.003031 [中瓷电子] SELL @ 123.63 (VR:1.11)
[2026-08-14 13:37:01]  [行5] 解析成功: SZSE.002643 [万润股份] SELL @ 14.15 (VR:0.57)
[2026-08-14 13:37:01]  [行6] 解析成功: SZSE.000920 [沃顿科技] SELL @ 11.67 (VR:0.05)
[2026-08-14 13:37:01]  [行7] 解析成功: SZSE.000823 [超声电子] SELL @ 14.86 (VR:0.06)
[2026-08-14 13:37:01]  [行8] 解析成功: SZSE.300607 [拓斯达] SELL @ 34.19 (VR:0.04)
[2026-08-14 13:37:01]  [行9] 解析成功: SZSE.301070 [开勒股份] BUY @ 66.07 (VR:0.0)
[2026-08-14 13:37:01]  [行10] 解析成功: SHSE.603773 [沃格光电] SELL @ 93.8 (VR:0.35)
[2026-08-14 13:37:02]  [行11] 解析成功: SHSE.600909 [华安证券] SELL @ 8.18 (VR:0.26)
[2026-08-14 13:37:02]  [行12] 解析成功: SZSE.003031 [中瓷电子] SELL @ 123.2 (VR:1.04)
[2026-08-14 13:37:02]  [行13] 解析成功: SZSE.002643 [万润股份] SELL @ 14.14 (VR:0.36)
[2026-08-14 13:37:02]  [行14] 解析成功: SZSE.000920 [沃顿科技] SELL @ 11.66 (VR:0.28)
[2026-08-14 13:37:02]  [行15] 解析成功: SZSE.000823 [超声电子] SELL @ 14.84 (VR:0.27)
[2026-08-14 13:37:02]  [行16] 解析成功: SZSE.300607 [拓斯达] SELL @ 34.15 (VR:0.37)
[2026-08-14 13:37:02]  [行17] 解析成功: SZSE.301070 [开勒股份] BUY @ 66.09 (VR:0.01)
[2026-08-14 13:37:02] 成功保存 17 条因子至: signal_batch_20260814_133702_040769.txt
[2026-08-14 13:37:02]  QQ-备用 邮件 3874 处理完成
[2026-08-14 13:37:02]  QQ-备用 正在解析因子: =?utf-8?b?QWxwaGFQaWxvdCDlpIfku73kv6Hlj7cgKGFscGhhX3NpZ25hbF90aHJfMjAyNjA4MTRfMTAxNS5qc29uKSBb5aSHUVEt6Ieq5L+dXQ==?=
[2026-08-14 13:37:02]  发现表格，共 19 行数据
[2026-08-14 13:37:02]  动态索引映射: ['股票代码', '股票名称', '信号', '当前价格', '量比', '来源过滤']
[2026-08-14 13:37:02]  [行1] 解析成功: SHSE.688249 [晶合集成] BUY @ 39.87 (VR:0.13)
[2026-08-14 13:37:02]  [行2] 解析成功: SHSE.688138 [清溢光电] BUY @ 33.89 (VR:0.88)
[2026-08-14 13:37:02]  [行3] 解析成功: SZSE.300285 [国瓷材料] BUY @ 71.17 (VR:0.46)
[2026-08-14 13:37:02]  [行4] 解析成功: SZSE.301392 [汇成真空] BUY @ 167.75 (VR:0.23)
[2026-08-14 13:37:02]  [行5] 解析成功: SZSE.300214 [日科化学] SELL @ 12.23 (VR:0.49)
[2026-08-14 13:37:02]  [行6] 解析成功: SZSE.300088 [长信科技] BUY @ 7.53 (VR:0.2)
[2026-08-14 13:37:02]  [行7] 解析成功: SZSE.300420 [五洋自控] BUY @ 7.88 (VR:0.33)
[2026-08-14 13:37:02]  [行8] 解析成功: SZSE.300780 [德恩精工] SELL @ 20.3 (VR:0.97)
[2026-08-14 13:37:02]  [行9] 解析成功: SZSE.300497 [富祥股份] BUY @ 18.56 (VR:0.07)
[2026-08-14 13:37:02]  [行10] 解析成功: SHSE.688286 [敏芯股份] BUY @ 49.62 (VR:0.95)
[2026-08-14 13:37:02]  [行11] 解析成功: SHSE.688216 [气派科技] SELL @ 31.07 (VR:0.02)
[2026-08-14 13:37:02]  [行12] 解析成功: SHSE.688138 [清溢光电] BUY @ 33.94 (VR:1.98)
[2026-08-14 13:37:02]  [行13] 解析成功: SZSE.300285 [国瓷材料] BUY @ 71.28 (VR:0.22)
[2026-08-14 13:37:02]  [行14] 解析成功: SZSE.301392 [汇成真空] BUY @ 167.96 (VR:0.16)
[2026-08-14 13:37:02]  [行15] 解析成功: SZSE.300214 [日科化学] SELL @ 12.21 (VR:0.25)
[2026-08-14 13:37:02]  [行16] 解析成功: SZSE.300088 [长信科技] BUY @ 7.55 (VR:0.19)
[2026-08-14 13:37:02]  [行17] 解析成功: SZSE.300420 [五洋自控] BUY @ 7.93 (VR:0.49)
[2026-08-14 13:37:02]  [行18] 解析成功: SZSE.300661 [圣邦股份] BUY @ 122.63 (VR:1.55)
[2026-08-14 13:37:02]  [行19] 解析成功: SZSE.300497 [富祥股份] BUY @ 18.58 (VR:0.68)
[2026-08-14 13:37:02] 成功保存 19 条因子至: signal_batch_20260814_133702_422088.txt
[2026-08-14 13:37:02]  QQ-备用 邮件 3878 处理完成
[2026-08-14 13:37:02]  QQ-备用 正在解析因子: =?utf-8?b?QWxwaGFQaWxvdCDlpIfku73kv6Hlj7cgKGFscGhhX3NpZ25hbF90aHJfMjAyNjA4MTRfMTAyMS5qc29uKSBb5aSHUVEt6Ieq5L+dXQ==?=
[2026-08-14 13:37:02]  发现表格，共 6 行数据
[2026-08-14 13:37:02]  动态索引映射: ['股票代码', '股票名称', '信号', '当前价格', '量比', '来源过滤']
[2026-08-14 13:37:02]  [行1] 解析成功: SHSE.600353 [旭光电子] SELL @ 29.6 (VR:0.46)
[2026-08-14 13:37:02]  [行2] 解析成功: SZSE.000510 [新金路] BUY @ 16.87 (VR:0.69)
[2026-08-14 13:37:02]  [行3] 解析成功: SZSE.301419 [瑞可达] BUY @ 34.62 (VR:2.0)
[2026-08-14 13:37:02]  [行4] 解析成功: SHSE.600353 [旭光电子] SELL @ 29.57 (VR:1.1)
[2026-08-14 13:37:02]  [行5] 解析成功: SZSE.000510 [新金路] BUY @ 16.93 (VR:0.74)
[2026-08-14 13:37:02]  [行6] 解析成功: SZSE.300037 [新宙邦] BUY @ 67.08 (VR:0.5)
[2026-08-14 13:37:02] 成功保存 6 条因子至: signal_batch_20260814_133702_727757.txt
[2026-08-14 13:37:02]  QQ-备用 邮件 3882 处理完成
[2026-08-14 13:37:02]  QQ-备用 正在解析因子: =?utf-8?b?QWxwaGFQaWxvdCDlpIfku73kv6Hlj7cgKGFscGhhX3NpZ25hbF90aHJfMjAyNjA4MTRfMTAyNC5qc29uKSBb5aSHUVEt6Ieq5L+dXQ==?=
[2026-08-14 13:37:02]  发现表格，共 9 行数据
[2026-08-14 13:37:02]  动态索引映射: ['股票代码', '股票名称', '信号', '当前价格', '量比', '来源过滤']
[2026-08-14 13:37:02]  [行1] 解析成功: SHSE.603773 [沃格光电] BUY @ 93.6 (VR:0.42)
[2026-08-14 13:37:02]  [行2] 解析成功: SZSE.003031 [中瓷电子] BUY @ 124.88 (VR:2.42)
[2026-08-14 13:37:02]  [行3] 解析成功: SZSE.002643 [万润股份] SELL @ 14.3 (VR:1.08)
[2026-08-14 13:37:02]  [行4] 解析成功: SZSE.002937 [兴瑞科技] BUY @ 29.6 (VR:0.06)
[2026-08-14 13:37:02]  [行5] 解析成功: SZSE.000920 [沃顿科技] SELL @ 11.64 (VR:0.32)
[2026-08-14 13:37:03]  [行6] 解析成功: SZSE.003031 [中瓷电子] BUY @ 125.0 (VR:1.54)
[2026-08-14 13:37:03]  [行7] 解析成功: SZSE.002643 [万润股份] SELL @ 14.28 (VR:0.08)
[2026-08-14 13:37:03]  [行8] 解析成功: SZSE.002937 [兴瑞科技] BUY @ 29.61 (VR:0.09)
[2026-08-14 13:37:03]  [行9] 解析成功: SZSE.300607 [拓斯达] SELL @ 33.97 (VR:0.28)
[2026-08-14 13:37:03] 成功保存 9 条因子至: signal_batch_20260814_133703_026795.txt
[2026-08-14 13:37:03]  QQ-备用 邮件 3884 处理完成
[2026-08-14 13:37:03]  QQ-备用 正在解析因子: =?utf-8?b?QWxwaGFQaWxvdCDlpIfku73kv6Hlj7cgKGFscGhhX3NpZ25hbF90aHJfMjAyNjA4MTRfMTAyNy5qc29uKSBb5aSHUVEt6Ieq5L+dXQ==?=
[2026-08-14 13:37:03]  发现表格，共 15 行数据
[2026-08-14 13:37:03]  动态索引映射: ['股票代码', '股票名称', '信号', '当前价格', '量比', '来源过滤']
[2026-08-14 13:37:03]  [行1] 解析成功: SHSE.688261 [东微半导] SELL @ 70.68 (VR:3.53)
[2026-08-14 13:37:03]  [行2] 解析成功: SHSE.688199 [久日新材] SELL @ 23.13 (VR:0.53)
[2026-08-14 13:37:03]  [行3] 解析成功: SZSE.300136 [信维通信] SELL @ 67.25 (VR:0.02)
[2026-08-14 13:37:03]  [行4] 解析成功: SZSE.300821 [东岳硅材] BUY @ 16.81 (VR:1.04)
[2026-08-14 13:37:03]  [行5] 解析成功: SZSE.300057 [万顺新材] SELL @ 6.45 (VR:1.43)
[2026-08-14 13:37:03]  [行6] 解析成功: SZSE.300162 [雷曼光电] BUY @ 7.56 (VR:0.22)
[2026-08-14 13:37:03]  [行7] 解析成功: SZSE.300767 [震安科技] SELL @ 18.47 (VR:0.02)
[2026-08-14 13:37:03]  [行8] 解析成功: SZSE.002158 [汉钟精机] BUY @ 28.14 (VR:0.13)
[2026-08-14 13:37:03]  [行9] 解析成功: SZSE.002456 [欧菲光] SELL @ 7.25 (VR:0.82)
[2026-08-14 13:37:03]  [行10] 解析成功: SHSE.688261 [东微半导] SELL @ 70.55 (VR:1.65)
[2026-08-14 13:37:03]  [行11] 解析成功: SZSE.300821 [东岳硅材] BUY @ 16.83 (VR:0.57)
[2026-08-14 13:37:03]  [行12] 解析成功: SZSE.300236 [上海新阳] BUY @ 93.41 (VR:1.08)
[2026-08-14 13:37:03]  [行13] 解析成功: SZSE.300162 [雷曼光电] BUY @ 7.57 (VR:0.59)
[2026-08-14 13:37:03]  [行14] 解析成功: SZSE.300767 [震安科技] SELL @ 18.44 (VR:0.25)
[2026-08-14 13:37:03]  [行15] 解析成功: SZSE.002158 [汉钟精机] BUY @ 28.15 (VR:0.05)
[2026-08-14 13:37:03] 成功保存 15 条因子至: signal_batch_20260814_133703_345041.txt
[2026-08-14 13:37:03]  QQ-备用 邮件 3886 处理完成
[2026-08-14 13:37:03]  QQ-备用 正在解析因子: =?utf-8?b?QWxwaGFQaWxvdCDlpIfku73kv6Hlj7cgKGFscGhhX3NpZ25hbF90aHJfMjAyNjA4MTRfMTAzMi5qc29uKSBb5aSHUVEt6Ieq5L+dXQ==?=
[2026-08-14 13:37:03]  发现表格，共 10 行数据
[2026-08-14 13:37:03]  动态索引映射: ['股票代码', '股票名称', '信号', '当前价格', '量比', '来源过滤']
[2026-08-14 13:37:03]  [行1] 解析成功: SHSE.688665 [四方光电] BUY @ 45.41 (VR:2.02)
[2026-08-14 13:37:03]  [行2] 解析成功: SHSE.688102 [斯瑞新材] SELL @ 37.45 (VR:0.61)
[2026-08-14 13:37:03]  [行3] 解析成功: SHSE.688521 [芯原股份] BUY @ 207.77 (VR:0.03)
[2026-08-14 13:37:03]  [行4] 解析成功: SZSE.301013 [利和兴] BUY @ 46.15 (VR:0.03)
[2026-08-14 13:37:03]  [行5] 解析成功: SZSE.300790 [宇瞳光学] BUY @ 20.12 (VR:0.13)
[2026-08-14 13:37:03]  [行6] 解析成功: SHSE.688665 [四方光电] BUY @ 45.56 (VR:3.19)
[2026-08-14 13:37:03]  [行7] 解析成功: SHSE.688102 [斯瑞新材] SELL @ 37.41 (VR:0.25)
[2026-08-14 13:37:03]  [行8] 解析成功: SHSE.688521 [芯原股份] BUY @ 208.12 (VR:0.19)
[2026-08-14 13:37:03]  [行9] 解析成功: SZSE.301013 [利和兴] BUY @ 46.2 (VR:1.45)
[2026-08-14 13:37:03]  [行10] 解析成功: SZSE.300790 [宇瞳光学] BUY @ 20.14 (VR:1.01)
[2026-08-14 13:37:03] 成功保存 10 条因子至: signal_batch_20260814_133703_627948.txt
[2026-08-14 13:37:03]  QQ-备用 邮件 3890 处理完成
[2026-08-14 13:37:04]  QQ-备用 正在解析因子: =?utf-8?b?QWxwaGFQaWxvdCDlpIfku73kv6Hlj7cgKGFscGhhX3NpZ25hbF90aHJfMjAyNjA4MTRfMTAzNC5qc29uKSBb5aSHUVEt6Ieq5L+dXQ==?=
[2026-08-14 13:37:04]  发现表格，共 6 行数据
[2026-08-14 13:37:04]  动态索引映射: ['股票代码', '股票名称', '信号', '当前价格', '量比', '来源过滤']
[2026-08-14 13:37:04]  [行1] 解析成功: SHSE.600353 [旭光电子] BUY @ 29.9 (VR:1.98)
[2026-08-14 13:37:04]  [行2] 解析成功: SHSE.601138 [工业富联] BUY @ 65.49 (VR:1.35)
[2026-08-14 13:37:04]  [行3] 解析成功: SZSE.000510 [新金路] BUY @ 16.84 (VR:0.21)
[2026-08-14 13:37:04]  [行4] 解析成功: SHSE.600353 [旭光电子] BUY @ 30.03 (VR:3.13)
[2026-08-14 13:37:04]  [行5] 解析成功: SHSE.601138 [工业富联] BUY @ 65.63 (VR:1.32)
[2026-08-14 13:37:04]  [行6] 解析成功: SZSE.000510 [新金路] BUY @ 16.92 (VR:0.04)
[2026-08-14 13:37:04] 成功保存 6 条因子至: signal_batch_20260814_133704_047108.txt
[2026-08-14 13:37:04]  QQ-备用 邮件 3892 处理完成
[2026-08-14 13:37:04]  QQ-备用 正在解析因子: =?utf-8?b?QWxwaGFQaWxvdCDlpIfku73kv6Hlj7cgKGFscGhhX3NpZ25hbF90aHJfMjAyNjA4MTRfMTAzNy5qc29uKSBb5aSHUVEt6Ieq5L+dXQ==?=
[2026-08-14 13:37:04]  发现表格，共 12 行数据
[2026-08-14 13:37:04]  动态索引映射: ['股票代码', '股票名称', '信号', '当前价格', '量比', '来源过滤']
[2026-08-14 13:37:04]  [行1] 解析成功: SHSE.603618 [杭电股份] BUY @ 28.91 (VR:8.47)
[2026-08-14 13:37:04]  [行2] 解析成功: SHSE.605111 [新洁能] BUY @ 57.64 (VR:0.11)
[2026-08-14 13:37:04]  [行3] 解析成功: SHSE.600909 [华安证券] BUY @ 8.25 (VR:0.17)
[2026-08-14 13:37:04]  [行4] 解析成功: SZSE.000920 [沃顿科技] SELL @ 11.67 (VR:0.04)
[2026-08-14 13:37:04]  [行5] 解析成功: SZSE.300607 [拓斯达] BUY @ 34.26 (VR:0.03)
[2026-08-14 13:37:04]  [行6] 解析成功: SZSE.301070 [开勒股份] BUY @ 66.5 (VR:0.09)
[2026-08-14 13:37:04]  [行7] 解析成功: SHSE.603618 [杭电股份] BUY @ 29.87 (VR:2.59)
[2026-08-14 13:37:04]  [行8] 解析成功: SHSE.605111 [新洁能] BUY @ 57.76 (VR:0.01)
[2026-08-14 13:37:04]  [行9] 解析成功: SHSE.600909 [华安证券] BUY @ 8.26 (VR:0.22)
[2026-08-14 13:37:04]  [行10] 解析成功: SZSE.000920 [沃顿科技] SELL @ 11.66 (VR:0.18)
[2026-08-14 13:37:04]  [行11] 解析成功: SZSE.300607 [拓斯达] BUY @ 34.27 (VR:0.75)
[2026-08-14 13:37:04]  [行12] 解析成功: SZSE.301070 [开勒股份] BUY @ 66.57 (VR:0.98)
[2026-08-14 13:37:04] 成功保存 12 条因子至: signal_batch_20260814_133704_394599.txt
[2026-08-14 13:37:04]  QQ-备用 邮件 3894 处理完成
[2026-08-14 13:37:04]  QQ-备用 正在解析因子: =?utf-8?b?QWxwaGFQaWxvdCDlpIfku73kv6Hlj7cgKGFscGhhX3NpZ25hbF90aHJfMjAyNjA4MTRfMTA0My5qc29uKSBb5aSHUVEt6Ieq5L+dXQ==?=
[2026-08-14 13:37:04]  发现表格，共 10 行数据
[2026-08-14 13:37:04]  动态索引映射: ['股票代码', '股票名称', '信号', '当前价格', '量比', '来源过滤']
[2026-08-14 13:37:04]  [行1] 解析成功: SHSE.688002 [睿创微纳] SELL @ 167.7 (VR:0.02)
[2026-08-14 13:37:04]  [行2] 解析成功: SHSE.688521 [芯原股份] SELL @ 208.35 (VR:0.23)
[2026-08-14 13:37:04]  [行3] 解析成功: SZSE.300679 [电连技术] BUY @ 43.25 (VR:0.58)
[2026-08-14 13:37:04]  [行4] 解析成功: SZSE.301013 [利和兴] BUY @ 46.16 (VR:0.9)
[2026-08-14 13:37:04]  [行5] 解析成功: SZSE.300790 [宇瞳光学] BUY @ 20.06 (VR:1.46)
[2026-08-14 13:37:04]  [行6] 解析成功: SHSE.688002 [睿创微纳] SELL @ 167.43 (VR:0.07)
[2026-08-14 13:37:04]  [行7] 解析成功: SHSE.688521 [芯原股份] SELL @ 208.34 (VR:0.06)
[2026-08-14 13:37:04]  [行8] 解析成功: SZSE.300679 [电连技术] BUY @ 43.26 (VR:0.15)
[2026-08-14 13:37:04]  [行9] 解析成功: SZSE.301013 [利和兴] BUY @ 46.24 (VR:1.83)
[2026-08-14 13:37:04]  [行10] 解析成功: SZSE.300790 [宇瞳光学] BUY @ 20.07 (VR:0.55)
[2026-08-14 13:37:05] 成功保存 10 条因子至: signal_batch_20260814_133704_992473.txt
[2026-08-14 13:37:05]  QQ-备用 邮件 3900 处理完成
[2026-08-14 13:37:05]  QQ-备用 正在解析因子: =?utf-8?b?QWxwaGFQaWxvdCDlpIfku73kv6Hlj7cgKGFscGhhX3NpZ25hbF90aHJfMjAyNjA4MTRfMTA0Ni5qc29uKSBb5aSHUVEt6Ieq5L+dXQ==?=
[2026-08-14 13:37:05]  发现表格，共 4 行数据
[2026-08-14 13:37:05]  动态索引映射: ['股票代码', '股票名称', '信号', '当前价格', '量比', '来源过滤']
[2026-08-14 13:37:05]  [行1] 解析成功: SZSE.000510 [新金路] SELL @ 16.86 (VR:0.29)
[2026-08-14 13:37:05]  [行2] 解析成功: SZSE.301018 [申菱环境] SELL @ 93.5 (VR:0.7)
[2026-08-14 13:37:05]  [行3] 解析成功: SZSE.000510 [新金路] SELL @ 16.76 (VR:0.11)
[2026-08-14 13:37:05]  [行4] 解析成功: SZSE.301018 [申菱环境] SELL @ 93.3 (VR:0.05)
[2026-08-14 13:37:05] 成功保存 4 条因子至: signal_batch_20260814_133705_315868.txt
[2026-08-14 13:37:05]  QQ-备用 邮件 3902 处理完成
[2026-08-14 13:37:05]  QQ-备用 正在解析因子: =?utf-8?b?QWxwaGFQaWxvdCDlpIfku73kv6Hlj7cgKGFscGhhX3NpZ25hbF90aHJfMjAyNjA4MTRfMTA0OS5qc29uKSBb5aSHUVEt6Ieq5L+dXQ==?=
[2026-08-14 13:37:05]  发现表格，共 4 行数据
[2026-08-14 13:37:05]  动态索引映射: ['股票代码', '股票名称', '信号', '当前价格', '量比', '来源过滤']
[2026-08-14 13:37:05]  [行1] 解析成功: SZSE.002552 [宝鼎科技] SELL @ 58.6 (VR:0.78)
[2026-08-14 13:37:05]  [行2] 解析成功: SZSE.000823 [超声电子] SELL @ 14.94 (VR:0.55)
[2026-08-14 13:37:05]  [行3] 解析成功: SZSE.002552 [宝鼎科技] SELL @ 58.43 (VR:2.64)
[2026-08-14 13:37:05]  [行4] 解析成功: SZSE.000823 [超声电子] SELL @ 14.92 (VR:1.52)
[2026-08-14 13:37:05] 成功保存 4 条因子至: signal_batch_20260814_133705_602535.txt
[2026-08-14 13:37:05]  QQ-备用 邮件 3904 处理完成
[2026-08-14 13:37:05]  QQ-备用 正在解析因子: =?utf-8?b?QWxwaGFQaWxvdCDlpIfku73kv6Hlj7cgKGFscGhhX3NpZ25hbF90aHJfMjAyNjA4MTRfMTA1MS5qc29uKSBb5aSHUVEt6Ieq5L+dXQ==?=
[2026-08-14 13:37:05]  发现表格，共 6 行数据
[2026-08-14 13:37:05]  动态索引映射: ['股票代码', '股票名称', '信号', '当前价格', '量比', '来源过滤']
[2026-08-14 13:37:05]  [行1] 解析成功: SHSE.688261 [东微半导] BUY @ 70.54 (VR:2.44)
[2026-08-14 13:37:05]  [行2] 解析成功: SZSE.300767 [震安科技] BUY @ 18.35 (VR:0.07)
[2026-08-14 13:37:05]  [行3] 解析成功: SZSE.002635 [安洁科技] BUY @ 15.9 (VR:0.06)
[2026-08-14 13:37:05]  [行4] 解析成功: SHSE.688261 [东微半导] BUY @ 70.59 (VR:1.0)
[2026-08-14 13:37:05]  [行5] 解析成功: SZSE.300767 [震安科技] BUY @ 18.4 (VR:0.15)
[2026-08-14 13:37:05]  [行6] 解析成功: SZSE.002635 [安洁科技] BUY @ 15.91 (VR:0.28)
[2026-08-14 13:37:06] 成功保存 6 条因子至: signal_batch_20260814_133706_022036.txt
[2026-08-14 13:37:06]  QQ-备用 邮件 3906 处理完成
[2026-08-14 13:37:06]  QQ-备用 正在解析因子: =?utf-8?b?QWxwaGFQaWxvdCDlpIfku73kv6Hlj7cgKGFscGhhX3NpZ25hbF90aHJfMjAyNjA4MTRfMTA1My5qc29uKSBb5aSHUVEt6Ieq5L+dXQ==?=
[2026-08-14 13:37:06]  发现表格，共 14 行数据
[2026-08-14 13:37:06]  动态索引映射: ['股票代码', '股票名称', '信号', '当前价格', '量比', '来源过滤']
[2026-08-14 13:37:06]  [行1] 解析成功: SHSE.688721 [龙图光罩] SELL @ 40.98 (VR:0.16)
[2026-08-14 13:37:06]  [行2] 解析成功: SZSE.300285 [国瓷材料] BUY @ 70.81 (VR:0.11)
[2026-08-14 13:37:06]  [行3] 解析成功: SZSE.301392 [汇成真空] BUY @ 166.89 (VR:0.67)
[2026-08-14 13:37:06]  [行4] 解析成功: SZSE.300214 [日科化学] BUY @ 11.92 (VR:0.83)
[2026-08-14 13:37:06]  [行5] 解析成功: SZSE.300088 [长信科技] SELL @ 7.53 (VR:1.22)
[2026-08-14 13:37:06]  [行6] 解析成功: SZSE.300420 [五洋自控] SELL @ 7.86 (VR:0.14)
[2026-08-14 13:37:06]  [行7] 解析成功: SZSE.300661 [圣邦股份] BUY @ 121.0 (VR:0.63)
[2026-08-14 13:37:06]  [行8] 解析成功: SHSE.688721 [龙图光罩] SELL @ 40.95 (VR:2.7)
[2026-08-14 13:37:06]  [行9] 解析成功: SZSE.300285 [国瓷材料] BUY @ 70.87 (VR:0.12)
[2026-08-14 13:37:06]  [行10] 解析成功: SZSE.301392 [汇成真空] BUY @ 166.93 (VR:0.01)
[2026-08-14 13:37:06]  [行11] 解析成功: SZSE.300214 [日科化学] BUY @ 11.94 (VR:0.13)
[2026-08-14 13:37:06]  [行12] 解析成功: SZSE.300088 [长信科技] SELL @ 7.52 (VR:0.18)
[2026-08-14 13:37:06]  [行13] 解析成功: SZSE.300420 [五洋自控] SELL @ 7.85 (VR:0.04)
[2026-08-14 13:37:06]  [行14] 解析成功: SZSE.300661 [圣邦股份] BUY @ 121.1 (VR:0.3)
[2026-08-14 13:37:06] 成功保存 14 条因子至: signal_batch_20260814_133706_562295.txt
[2026-08-14 13:37:06]  QQ-备用 邮件 3908 处理完成
[2026-08-14 13:37:06]  QQ-备用 正在解析因子: =?utf-8?b?QWxwaGFQaWxvdCDlpIfku73kv6Hlj7cgKGFscGhhX3NpZ25hbF90aHJfMjAyNjA4MTRfMTA1Ni5qc29uKSBb5aSHUVEt6Ieq5L+dXQ==?=
[2026-08-14 13:37:06]  发现表格，共 16 行数据
[2026-08-14 13:37:06]  动态索引映射: ['股票代码', '股票名称', '信号', '当前价格', '量比', '来源过滤']
[2026-08-14 13:37:06]  [行1] 解析成功: SHSE.688110 [东芯股份] BUY @ 114.38 (VR:0.06)
[2026-08-14 13:37:06]  [行2] 解析成功: SHSE.688002 [睿创微纳] BUY @ 166.09 (VR:0.41)
[2026-08-14 13:37:06]  [行3] 解析成功: SHSE.688521 [芯原股份] BUY @ 205.8 (VR:0.76)
[2026-08-14 13:37:06]  [行4] 解析成功: SZSE.300689 [澄天伟业] SELL @ 53.48 (VR:0.27)
[2026-08-14 13:37:06]  [行5] 解析成功: SZSE.301045 [天禄科技] BUY @ 69.44 (VR:0.34)
[2026-08-14 13:37:06]  [行6] 解析成功: SZSE.300806 [斯迪克] BUY @ 48.32 (VR:0.81)
[2026-08-14 13:37:06]  [行7] 解析成功: SZSE.002718 [友邦吊顶] SELL @ 84.71 (VR:0.32)
[2026-08-14 13:37:06]  [行8] 解析成功: SZSE.001339 [智微智能] BUY @ 84.6 (VR:0.71)
[2026-08-14 13:37:06]  [行9] 解析成功: SHSE.688110 [东芯股份] BUY @ 114.71 (VR:0.04)
[2026-08-14 13:37:06]  [行10] 解析成功: SHSE.688002 [睿创微纳] BUY @ 166.26 (VR:0.06)
[2026-08-14 13:37:06]  [行11] 解析成功: SHSE.688521 [芯原股份] BUY @ 206.12 (VR:0.32)
[2026-08-14 13:37:06]  [行12] 解析成功: SZSE.300689 [澄天伟业] SELL @ 53.44 (VR:0.03)
[2026-08-14 13:37:06]  [行13] 解析成功: SZSE.301045 [天禄科技] BUY @ 69.63 (VR:0.43)
[2026-08-14 13:37:06]  [行14] 解析成功: SZSE.300806 [斯迪克] BUY @ 48.4 (VR:0.17)
[2026-08-14 13:37:06]  [行15] 解析成功: SZSE.002718 [友邦吊顶] SELL @ 84.66 (VR:0.13)
[2026-08-14 13:37:06]  [行16] 解析成功: SZSE.001339 [智微智能] BUY @ 84.71 (VR:0.62)
[2026-08-14 13:37:06] 成功保存 16 条因子至: signal_batch_20260814_133706_883375.txt
[2026-08-14 13:37:07]  QQ-备用 邮件 3910 处理完成
[2026-08-14 13:37:07]  QQ-备用 正在解析因子: =?utf-8?b?QWxwaGFQaWxvdCDlpIfku73kv6Hlj7cgKGFscGhhX3NpZ25hbF90aHJfMjAyNjA4MTRfMTA1OC5qc29uKSBb5aSHUVEt6Ieq5L+dXQ==?=
[2026-08-14 13:37:07]  发现表格，共 2 行数据
[2026-08-14 13:37:07]  动态索引映射: ['股票代码', '股票名称', '信号', '当前价格', '量比', '来源过滤']
[2026-08-14 13:37:07]  [行1] 解析成功: SZSE.000510 [新金路] BUY @ 16.47 (VR:2.72)
[2026-08-14 13:37:07]  [行2] 解析成功: SZSE.000510 [新金路] BUY @ 16.49 (VR:1.5)
[2026-08-14 13:37:07] 成功保存 2 条因子至: signal_batch_20260814_133707_237952.txt
[2026-08-14 13:37:07]  QQ-备用 邮件 3912 处理完成
[2026-08-14 13:37:07]  QQ-备用 正在解析因子: =?utf-8?b?QWxwaGFQaWxvdCDlpIfku73kv6Hlj7cgKGFscGhhX3NpZ25hbF90aHJfMjAyNjA4MTRfMTEwOC5qc29uKSBb5aSHUVEt6Ieq5L+dXQ==?=
[2026-08-14 13:37:07]  发现表格，共 16 行数据
[2026-08-14 13:37:07]  动态索引映射: ['股票代码', '股票名称', '信号', '当前价格', '量比', '来源过滤']
[2026-08-14 13:37:07]  [行1] 解析成功: SHSE.688286 [敏芯股份] BUY @ 51.94 (VR:1.71)
[2026-08-14 13:37:07]  [行2] 解析成功: SHSE.688216 [气派科技] BUY @ 30.71 (VR:0.84)
[2026-08-14 13:37:07]  [行3] 解析成功: SHSE.688249 [晶合集成] BUY @ 39.6 (VR:0.87)
[2026-08-14 13:37:07]  [行4] 解析成功: SHSE.688138 [清溢光电] BUY @ 33.36 (VR:0.03)
[2026-08-14 13:37:07]  [行5] 解析成功: SZSE.300285 [国瓷材料] BUY @ 70.64 (VR:0.24)
[2026-08-14 13:37:07]  [行6] 解析成功: SZSE.301392 [汇成真空] SELL @ 166.23 (VR:0.08)
[2026-08-14 13:37:07]  [行7] 解析成功: SZSE.300088 [长信科技] BUY @ 7.5 (VR:0.84)
[2026-08-14 13:37:07]  [行8] 解析成功: SZSE.300420 [五洋自控] SELL @ 7.8 (VR:0.04)
[2026-08-14 13:37:07]  [行9] 解析成功: SHSE.688286 [敏芯股份] BUY @ 52.0 (VR:3.6)
[2026-08-14 13:37:07]  [行10] 解析成功: SHSE.688216 [气派科技] BUY @ 30.75 (VR:0.01)
[2026-08-14 13:37:07]  [行11] 解析成功: SHSE.688249 [晶合集成] BUY @ 39.62 (VR:0.3)
[2026-08-14 13:37:07]  [行12] 解析成功: SHSE.688138 [清溢光电] BUY @ 33.39 (VR:0.33)
[2026-08-14 13:37:07]  [行13] 解析成功: SZSE.300285 [国瓷材料] BUY @ 70.85 (VR:0.16)
[2026-08-14 13:37:07]  [行14] 解析成功: SZSE.301392 [汇成真空] SELL @ 166.12 (VR:0.37)
[2026-08-14 13:37:07]  [行15] 解析成功: SZSE.300088 [长信科技] BUY @ 7.51 (VR:0.28)
[2026-08-14 13:37:07]  [行16] 解析成功: SZSE.300420 [五洋自控] SELL @ 7.79 (VR:0.32)
[2026-08-14 13:37:07] 成功保存 16 条因子至: signal_batch_20260814_133707_678942.txt
[2026-08-14 13:37:07]  QQ-备用 邮件 3918 处理完成
[2026-08-14 13:37:08]  QQ-备用 正在解析因子: =?utf-8?b?QWxwaGFQaWxvdCDlpIfku73kv6Hlj7cgKGFscGhhX3NpZ25hbF90aHJfMjAyNjA4MTRfMTExMy5qc29uKSBb5aSHUVEt6Ieq5L+dXQ==?=
[2026-08-14 13:37:08]  发现表格，共 6 行数据
[2026-08-14 13:37:08]  动态索引映射: ['股票代码', '股票名称', '信号', '当前价格', '量比', '来源过滤']
[2026-08-14 13:37:08]  [行1] 解析成功: SHSE.600353 [旭光电子] BUY @ 29.53 (VR:0.09)
[2026-08-14 13:37:08]  [行2] 解析成功: SHSE.688392 [娇成超声] BUY @ 175.35 (VR:0.5)
[2026-08-14 13:37:08]  [行3] 解析成功: SZSE.000510 [新金路] BUY @ 16.37 (VR:0.96)
[2026-08-14 13:37:08]  [行4] 解析成功: SHSE.600353 [旭光电子] BUY @ 29.55 (VR:0.02)
[2026-08-14 13:37:08]  [行5] 解析成功: SHSE.688392 [娇成超声] BUY @ 175.59 (VR:0.93)
[2026-08-14 13:37:08]  [行6] 解析成功: SZSE.000510 [新金路] BUY @ 16.4 (VR:0.23)
[2026-08-14 13:37:08] 成功保存 6 条因子至: signal_batch_20260814_133708_070575.txt
[2026-08-14 13:37:08]  QQ-备用 邮件 3922 处理完成
[2026-08-14 13:37:08]  QQ-备用 正在解析因子: =?utf-8?b?QWxwaGFQaWxvdCDlpIfku73kv6Hlj7cgKGFscGhhX3NpZ25hbF90aHJfMjAyNjA4MTRfMTExNS5qc29uKSBb5aSHUVEt6Ieq5L+dXQ==?=
[2026-08-14 13:37:08]  发现表格，共 8 行数据
[2026-08-14 13:37:08]  动态索引映射: ['股票代码', '股票名称', '信号', '当前价格', '量比', '来源过滤']
[2026-08-14 13:37:08]  [行1] 解析成功: SHSE.605111 [新洁能] SELL @ 57.31 (VR:0.02)
[2026-08-14 13:37:08]  [行2] 解析成功: SZSE.002643 [万润股份] SELL @ 14.22 (VR:0.02)
[2026-08-14 13:37:08]  [行3] 解析成功: SZSE.002937 [兴瑞科技] BUY @ 29.28 (VR:0.05)
[2026-08-14 13:37:08]  [行4] 解析成功: SZSE.300607 [拓斯达] SELL @ 33.9 (VR:0.77)
[2026-08-14 13:37:08]  [行5] 解析成功: SHSE.605111 [新洁能] SELL @ 57.27 (VR:0.03)
[2026-08-14 13:37:08]  [行6] 解析成功: SZSE.002643 [万润股份] SELL @ 14.21 (VR:0.07)
[2026-08-14 13:37:08]  [行7] 解析成功: SZSE.002937 [兴瑞科技] BUY @ 29.29 (VR:0.05)
[2026-08-14 13:37:08]  [行8] 解析成功: SZSE.300607 [拓斯达] SELL @ 33.84 (VR:1.42)
[2026-08-14 13:37:08] 成功保存 8 条因子至: signal_batch_20260814_133708_411880.txt
[2026-08-14 13:37:08]  QQ-备用 邮件 3924 处理完成
[2026-08-14 13:37:08]  QQ-备用 正在解析因子: =?utf-8?b?QWxwaGFQaWxvdCDlpIfku73kv6Hlj7cgKGFscGhhX3NpZ25hbF90aHJfMjAyNjA4MTRfMTExOC5qc29uKSBb5aSHUVEt6Ieq5L+dXQ==?=
[2026-08-14 13:37:08]  发现表格，共 10 行数据
[2026-08-14 13:37:08]  动态索引映射: ['股票代码', '股票名称', '信号', '当前价格', '量比', '来源过滤']
[2026-08-14 13:37:08]  [行1] 解析成功: SHSE.688261 [东微半导] BUY @ 69.53 (VR:0.92)
[2026-08-14 13:37:08]  [行2] 解析成功: SZSE.300236 [上海新阳] SELL @ 92.97 (VR:0.28)
[2026-08-14 13:37:08]  [行3] 解析成功: SZSE.300162 [雷曼光电] SELL @ 7.58 (VR:0.01)
[2026-08-14 13:37:08]  [行4] 解析成功: SZSE.300767 [震安科技] SELL @ 18.3 (VR:0.12)
[2026-08-14 13:37:08]  [行5] 解析成功: SZSE.300184 [力源信息] SELL @ 12.52 (VR:0.01)
[2026-08-14 13:37:08]  [行6] 解析成功: SHSE.688261 [东微半导] BUY @ 69.66 (VR:0.98)
[2026-08-14 13:37:08]  [行7] 解析成功: SZSE.300236 [上海新阳] SELL @ 92.76 (VR:0.35)
[2026-08-14 13:37:08]  [行8] 解析成功: SZSE.300162 [雷曼光电] SELL @ 7.56 (VR:2.62)
[2026-08-14 13:37:08]  [行9] 解析成功: SZSE.300767 [震安科技] SELL @ 18.28 (VR:0.01)
[2026-08-14 13:37:08]  [行10] 解析成功: SZSE.300184 [力源信息] SELL @ 12.49 (VR:0.05)
[2026-08-14 13:37:08] 成功保存 10 条因子至: signal_batch_20260814_133708_782700.txt
[2026-08-14 13:37:08]  QQ-备用 邮件 3926 处理完成
[2026-08-14 13:37:09]  QQ-备用 正在解析因子: =?utf-8?b?QWxwaGFQaWxvdCDlpIfku73kv6Hlj7cgKGFscGhhX3NpZ25hbF90aHJfMjAyNjA4MTRfMTEzMS5qc29uKSBb5aSHUVEt6Ieq5L+dXQ==?=
[2026-08-14 13:37:09]  发现表格，共 10 行数据
[2026-08-14 13:37:09]  动态索引映射: ['股票代码', '股票名称', '信号', '当前价格', '量比', '来源过滤']
[2026-08-14 13:37:09]  [行1] 解析成功: SHSE.688261 [东微半导] BUY @ 70.12 (VR:0.28)
[2026-08-14 13:37:09]  [行2] 解析成功: SHSE.688199 [久日新材] BUY @ 23.15 (VR:0.55)
[2026-08-14 13:37:09]  [行3] 解析成功: SZSE.300136 [信维通信] SELL @ 67.36 (VR:1.4)
[2026-08-14 13:37:09]  [行4] 解析成功: SZSE.300821 [东岳硅材] BUY @ 16.82 (VR:0.37)
[2026-08-14 13:37:09]  [行5] 解析成功: SZSE.300236 [上海新阳] BUY @ 93.2 (VR:0.13)
[2026-08-14 13:37:09]  [行6] 解析成功: SHSE.688261 [东微半导] BUY @ 70.16 (VR:0.93)
[2026-08-14 13:37:09]  [行7] 解析成功: SHSE.688199 [久日新材] BUY @ 23.17 (VR:0.85)
[2026-08-14 13:37:09]  [行8] 解析成功: SZSE.300136 [信维通信] SELL @ 67.34 (VR:1.52)
[2026-08-14 13:37:09]  [行9] 解析成功: SZSE.300821 [东岳硅材] BUY @ 16.83 (VR:0.46)
[2026-08-14 13:37:09]  [行10] 解析成功: SZSE.300236 [上海新阳] BUY @ 93.24 (VR:0.28)
[2026-08-14 13:37:09] 成功保存 10 条因子至: signal_batch_20260814_133709_126824.txt
[2026-08-14 13:37:09]  QQ-备用 邮件 3934 处理完成
[2026-08-14 13:37:09]  QQ-备用 正在解析因子: =?utf-8?b?QWxwaGFQaWxvdCDlpIfku73kv6Hlj7cgKGFscGhhX3NpZ25hbF90aHJfMjAyNjA4MTRfMTMwMy5qc29uKSBb5aSHUVEt6Ieq5L+dXQ==?=
[2026-08-14 13:37:09]  发现表格，共 12 行数据
[2026-08-14 13:37:09]  动态索引映射: ['股票代码', '股票名称', '信号', '当前价格', '量比', '来源过滤']
[2026-08-14 13:37:09]  [行1] 解析成功: SHSE.603773 [沃格光电] SELL @ 93.38 (VR:0.6)
[2026-08-14 13:37:09]  [行2] 解析成功: SHSE.600460 [士兰微] SELL @ 32.27 (VR:0.06)
[2026-08-14 13:37:09]  [行3] 解析成功: SZSE.002552 [宝鼎科技] SELL @ 58.03 (VR:0.12)
[2026-08-14 13:37:09]  [行4] 解析成功: SZSE.003031 [中瓷电子] SELL @ 125.56 (VR:0.6)
[2026-08-14 13:37:09]  [行5] 解析成功: SZSE.000823 [超声电子] SELL @ 15.19 (VR:2.48)
[2026-08-14 13:37:09]  [行6] 解析成功: SZSE.300607 [拓斯达] BUY @ 34.12 (VR:0.21)
[2026-08-14 13:37:09]  [行7] 解析成功: SHSE.603773 [沃格光电] SELL @ 93.31 (VR:0.17)
[2026-08-14 13:37:09]  [行8] 解析成功: SHSE.600460 [士兰微] SELL @ 32.18 (VR:0.27)
[2026-08-14 13:37:09]  [行9] 解析成功: SZSE.002552 [宝鼎科技] SELL @ 57.81 (VR:0.29)
[2026-08-14 13:37:09]  [行10] 解析成功: SZSE.003031 [中瓷电子] SELL @ 125.4 (VR:0.16)
[2026-08-14 13:37:09]  [行11] 解析成功: SZSE.000823 [超声电子] SELL @ 15.15 (VR:1.48)
[2026-08-14 13:37:09]  [行12] 解析成功: SZSE.300607 [拓斯达] BUY @ 34.13 (VR:0.37)
[2026-08-14 13:37:09] 成功保存 12 条因子至: signal_batch_20260814_133709_598428.txt
[2026-08-14 13:37:09]  QQ-备用 邮件 3936 处理完成
[2026-08-14 13:37:09]  QQ-备用 正在解析因子: =?utf-8?b?QWxwaGFQaWxvdCDlpIfku73kv6Hlj7cgKGFscGhhX3NpZ25hbF90aHJfMjAyNjA4MTRfMTMwOC5qc29uKSBb5aSHUVEt6Ieq5L+dXQ==?=
[2026-08-14 13:37:09]  发现表格，共 14 行数据
[2026-08-14 13:37:09]  动态索引映射: ['股票代码', '股票名称', '信号', '当前价格', '量比', '来源过滤']
[2026-08-14 13:37:09]  [行1] 解析成功: SHSE.688286 [敏芯股份] BUY @ 51.76 (VR:1.52)
[2026-08-14 13:37:09]  [行2] 解析成功: SHSE.688511 [天微电子] SELL @ 22.93 (VR:0.87)
[2026-08-14 13:37:09]  [行3] 解析成功: SHSE.688249 [晶合集成] SELL @ 39.59 (VR:0.0)
[2026-08-14 13:37:09]  [行4] 解析成功: SZSE.300088 [长信科技] BUY @ 7.46 (VR:0.3)
[2026-08-14 13:37:09]  [行5] 解析成功: SZSE.300420 [五洋自控] BUY @ 7.76 (VR:0.17)
[2026-08-14 13:37:09]  [行6] 解析成功: SZSE.300661 [圣邦股份] BUY @ 120.5 (VR:0.65)
[2026-08-14 13:37:09]  [行7] 解析成功: SZSE.300780 [德恩精工] BUY @ 20.18 (VR:0.28)
[2026-08-14 13:37:09]  [行8] 解析成功: SHSE.688286 [敏芯股份] BUY @ 52.01 (VR:2.42)
[2026-08-14 13:37:09]  [行9] 解析成功: SHSE.688511 [天微电子] SELL @ 22.91 (VR:0.23)
[2026-08-14 13:37:09]  [行10] 解析成功: SHSE.688249 [晶合集成] SELL @ 39.56 (VR:0.01)
[2026-08-14 13:37:09]  [行11] 解析成功: SZSE.300088 [长信科技] BUY @ 7.47 (VR:0.26)
[2026-08-14 13:37:09]  [行12] 解析成功: SZSE.300420 [五洋自控] BUY @ 7.79 (VR:0.16)
[2026-08-14 13:37:09]  [行13] 解析成功: SZSE.300661 [圣邦股份] BUY @ 120.72 (VR:0.37)
[2026-08-14 13:37:09]  [行14] 解析成功: SZSE.300780 [德恩精工] BUY @ 20.2 (VR:0.15)
[2026-08-14 13:37:09] 成功保存 14 条因子至: signal_batch_20260814_133709_935717.txt
[2026-08-14 13:37:10]  QQ-备用 邮件 3940 处理完成
[2026-08-14 13:37:10]  QQ-备用 正在解析因子: =?utf-8?b?QWxwaGFQaWxvdCDlpIfku73kv6Hlj7cgKGFscGhhX3NpZ25hbF90aHJfMjAyNjA4MTRfMTMxMS5qc29uKSBb5aSHUVEt6Ieq5L+dXQ==?=
[2026-08-14 13:37:10]  发现表格，共 12 行数据
[2026-08-14 13:37:10]  动态索引映射: ['股票代码', '股票名称', '信号', '当前价格', '量比', '来源过滤']
[2026-08-14 13:37:10]  [行1] 解析成功: SHSE.688665 [四方光电] BUY @ 45.28 (VR:0.04)
[2026-08-14 13:37:10]  [行2] 解析成功: SHSE.688102 [斯瑞新材] BUY @ 37.38 (VR:1.53)
[2026-08-14 13:37:10]  [行3] 解析成功: SHSE.688521 [芯原股份] SELL @ 207.0 (VR:0.21)
[2026-08-14 13:37:10]  [行4] 解析成功: SHSE.688227 [品高股份] SELL @ 80.38 (VR:0.53)
[2026-08-14 13:37:10]  [行5] 解析成功: SZSE.300689 [澄天伟业] SELL @ 52.98 (VR:0.68)
[2026-08-14 13:37:10]  [行6] 解析成功: SZSE.300790 [宇瞳光学] SELL @ 19.59 (VR:0.27)
[2026-08-14 13:37:10]  [行7] 解析成功: SHSE.688665 [四方光电] BUY @ 45.5 (VR:10.19)
[2026-08-14 13:37:10]  [行8] 解析成功: SHSE.688102 [斯瑞新材] BUY @ 37.52 (VR:0.94)
[2026-08-14 13:37:10]  [行9] 解析成功: SHSE.688521 [芯原股份] SELL @ 206.6 (VR:0.09)
[2026-08-14 13:37:10]  [行10] 解析成功: SHSE.688227 [品高股份] SELL @ 80.34 (VR:1.38)
[2026-08-14 13:37:10]  [行11] 解析成功: SZSE.300689 [澄天伟业] SELL @ 52.91 (VR:0.14)
[2026-08-14 13:37:10]  [行12] 解析成功: SZSE.300790 [宇瞳光学] SELL @ 19.55 (VR:0.34)
[2026-08-14 13:37:10] 成功保存 12 条因子至: signal_batch_20260814_133710_321059.txt
[2026-08-14 13:37:10]  QQ-备用 邮件 3942 处理完成
[2026-08-14 13:37:10]  QQ-备用 正在解析因子: =?utf-8?b?QWxwaGFQaWxvdCDlpIfku73kv6Hlj7cgKGFscGhhX3NpZ25hbF90aHJfMjAyNjA4MTRfMTMxOC5qc29uKSBb5aSHUVEt6Ieq5L+dXQ==?=
[2026-08-14 13:37:10]  发现表格，共 8 行数据
[2026-08-14 13:37:10]  动态索引映射: ['股票代码', '股票名称', '信号', '当前价格', '量比', '来源过滤']
[2026-08-14 13:37:10]  [行1] 解析成功: SHSE.688261 [东微半导] SELL @ 69.91 (VR:1.48)
[2026-08-14 13:37:10]  [行2] 解析成功: SZSE.300236 [上海新阳] SELL @ 92.65 (VR:0.0)
[2026-08-14 13:37:10]  [行3] 解析成功: SZSE.300057 [万顺新材] SELL @ 6.49 (VR:1.14)
[2026-08-14 13:37:10]  [行4] 解析成功: SZSE.300767 [震安科技] SELL @ 18.32 (VR:0.56)
[2026-08-14 13:37:10]  [行5] 解析成功: SHSE.688261 [东微半导] SELL @ 69.69 (VR:0.57)
[2026-08-14 13:37:10]  [行6] 解析成功: SZSE.300236 [上海新阳] SELL @ 92.58 (VR:0.18)
[2026-08-14 13:37:10]  [行7] 解析成功: SZSE.300057 [万顺新材] SELL @ 6.48 (VR:0.02)
[2026-08-14 13:37:10]  [行8] 解析成功: SZSE.300767 [震安科技] SELL @ 18.31 (VR:0.01)
[2026-08-14 13:37:10] 成功保存 8 条因子至: signal_batch_20260814_133710_736829.txt
[2026-08-14 13:37:10]  QQ-备用 邮件 3948 处理完成
[2026-08-14 13:37:11]  QQ-备用 正在解析因子: =?utf-8?b?QWxwaGFQaWxvdCDlpIfku73kv6Hlj7cgKGFscGhhX3NpZ25hbF90aHJfMjAyNjA4MTRfMTMyNS5qc29uKSBb5aSHUVEt6Ieq5L+dXQ==?=
[2026-08-14 13:37:11]  发现表格，共 4 行数据
[2026-08-14 13:37:11]  动态索引映射: ['股票代码', '股票名称', '信号', '当前价格', '量比', '来源过滤']
[2026-08-14 13:37:11]  [行1] 解析成功: SHSE.600353 [旭光电子] BUY @ 29.8 (VR:0.96)
[2026-08-14 13:37:11]  [行2] 解析成功: SZSE.000510 [新金路] BUY @ 16.5 (VR:0.09)
[2026-08-14 13:37:11]  [行3] 解析成功: SHSE.600353 [旭光电子] BUY @ 29.85 (VR:1.53)
[2026-08-14 13:37:11]  [行4] 解析成功: SZSE.000510 [新金路] BUY @ 16.51 (VR:0.03)
[2026-08-14 13:37:11] 成功保存 4 条因子至: signal_batch_20260814_133711_142174.txt
[2026-08-14 13:37:11]  QQ-备用 邮件 3954 处理完成
[2026-08-14 13:37:11]  QQ-备用 正在解析因子: =?utf-8?b?QWxwaGFQaWxvdCDlpIfku73kv6Hlj7cgKGFscGhhX3NpZ25hbF90aHJfMjAyNjA4MTRfMTMyOC5qc29uKSBb5aSHUVEt6Ieq5L+dXQ==?=
[2026-08-14 13:37:11]  发现表格，共 18 行数据
[2026-08-14 13:37:11]  动态索引映射: ['股票代码', '股票名称', '信号', '当前价格', '量比', '来源过滤']
[2026-08-14 13:37:11]  [行1] 解析成功: SHSE.603773 [沃格光电] BUY @ 92.69 (VR:0.09)
[2026-08-14 13:37:11]  [行2] 解析成功: SHSE.605111 [新洁能] BUY @ 56.71 (VR:0.34)
[2026-08-14 13:37:11]  [行3] 解析成功: SHSE.600460 [士兰微] BUY @ 32.14 (VR:0.24)
[2026-08-14 13:37:11]  [行4] 解析成功: SZSE.002552 [宝鼎科技] BUY @ 57.65 (VR:0.32)
[2026-08-14 13:37:11]  [行5] 解析成功: SZSE.003031 [中瓷电子] BUY @ 124.42 (VR:0.35)
[2026-08-14 13:37:11]  [行6] 解析成功: SZSE.002937 [兴瑞科技] BUY @ 29.09 (VR:0.04)
[2026-08-14 13:37:11]  [行7] 解析成功: SZSE.000920 [沃顿科技] BUY @ 11.61 (VR:0.2)
[2026-08-14 13:37:11]  [行8] 解析成功: SZSE.300607 [拓斯达] BUY @ 34.04 (VR:0.49)
[2026-08-14 13:37:11]  [行9] 解析成功: SZSE.301070 [开勒股份] BUY @ 65.34 (VR:0.26)
[2026-08-14 13:37:11]  [行10] 解析成功: SHSE.603773 [沃格光电] BUY @ 92.98 (VR:0.01)
[2026-08-14 13:37:11]  [行11] 解析成功: SHSE.605111 [新洁能] BUY @ 56.81 (VR:0.07)
[2026-08-14 13:37:11]  [行12] 解析成功: SHSE.600460 [士兰微] BUY @ 32.24 (VR:0.41)
[2026-08-14 13:37:11]  [行13] 解析成功: SZSE.002552 [宝鼎科技] BUY @ 57.7 (VR:0.48)
[2026-08-14 13:37:11]  [行14] 解析成功: SZSE.003031 [中瓷电子] BUY @ 124.73 (VR:0.85)
[2026-08-14 13:37:11]  [行15] 解析成功: SZSE.002937 [兴瑞科技] BUY @ 29.13 (VR:0.06)
[2026-08-14 13:37:11]  [行16] 解析成功: SZSE.000920 [沃顿科技] BUY @ 11.63 (VR:0.08)
[2026-08-14 13:37:11]  [行17] 解析成功: SZSE.300607 [拓斯达] BUY @ 34.05 (VR:0.8)
[2026-08-14 13:37:11]  [行18] 解析成功: SZSE.301070 [开勒股份] BUY @ 65.38 (VR:0.56)
[2026-08-14 13:37:11] 成功保存 18 条因子至: signal_batch_20260814_133711_478763.txt
[2026-08-14 13:37:11]  QQ-备用 邮件 3956 处理完成
[2026-08-14 13:37:11]  QQ-备用 正在解析因子: =?utf-8?b?QWxwaGFQaWxvdCDlpIfku73kv6Hlj7cgKGFscGhhX3NpZ25hbF90aHJfMjAyNjA4MTRfMTMzMy5qc29uKSBb5aSHUVEt6Ieq5L+dXQ==?=
[2026-08-14 13:37:11]  发现表格，共 14 行数据
[2026-08-14 13:37:11]  动态索引映射: ['股票代码', '股票名称', '信号', '当前价格', '量比', '来源过滤']
[2026-08-14 13:37:11]  [行1] 解析成功: SHSE.688286 [敏芯股份] BUY @ 50.95 (VR:1.22)
[2026-08-14 13:37:11]  [行2] 解析成功: SHSE.688511 [天微电子] BUY @ 22.94 (VR:0.14)
[2026-08-14 13:37:11]  [行3] 解析成功: SHSE.688216 [气派科技] BUY @ 30.62 (VR:0.15)
[2026-08-14 13:37:11]  [行4] 解析成功: SZSE.301392 [汇成真空] BUY @ 166.28 (VR:0.04)
[2026-08-14 13:37:11]  [行5] 解析成功: SZSE.300088 [长信科技] BUY @ 7.48 (VR:0.11)
[2026-08-14 13:37:11]  [行6] 解析成功: SZSE.300420 [五洋自控] SELL @ 7.81 (VR:0.2)
[2026-08-14 13:37:11]  [行7] 解析成功: SZSE.300661 [圣邦股份] BUY @ 121.6 (VR:0.38)
[2026-08-14 13:37:11]  [行8] 解析成功: SHSE.688286 [敏芯股份] BUY @ 51.17 (VR:1.12)
[2026-08-14 13:37:11]  [行9] 解析成功: SHSE.688511 [天微电子] BUY @ 22.95 (VR:0.28)
[2026-08-14 13:37:11]  [行10] 解析成功: SHSE.688216 [气派科技] BUY @ 30.65 (VR:0.25)
[2026-08-14 13:37:11]  [行11] 解析成功: SZSE.301392 [汇成真空] BUY @ 166.89 (VR:0.05)
[2026-08-14 13:37:11]  [行12] 解析成功: SZSE.300088 [长信科技] BUY @ 7.5 (VR:0.05)
[2026-08-14 13:37:11]  [行13] 解析成功: SZSE.300420 [五洋自控] SELL @ 7.79 (VR:0.12)
[2026-08-14 13:37:11]  [行14] 解析成功: SZSE.300661 [圣邦股份] BUY @ 122.07 (VR:1.71)
[2026-08-14 13:37:11] 成功保存 14 条因子至: signal_batch_20260814_133711_783434.txt
[2026-08-14 13:37:11]  QQ-备用 邮件 3960 处理完成
[2026-08-14 13:37:11]  QQ-备用 本轮共成功处理 31 封有效信号邮件
[2026-08-14 13:37:47]  正在连接 QQ-主 邮箱服务器 (497720537@qq.com) ...
[2026-08-14 13:37:47]  QQ-主 正在解析因子: =?utf-8?b?QWxwaGFQaWxvdCDlrp7ml7bkv6Hlj7cgKGFscGhhX3NpZ25hbF90aHJfMjAyNjA4MTRfMTMzNi5qc29uKSBb5Li7UVEt5a+55aSWXQ==?=
[2026-08-14 13:37:47]  发现表格，共 16 行数据
[2026-08-14 13:37:47]  动态索引映射: ['股票代码', '股票名称', '信号', '当前价格', '量比', '来源过滤']
[2026-08-14 13:37:47]  [行1] 解析成功: SHSE.688002 [睿创微纳] BUY @ 166.0 (VR:0.26)
[2026-08-14 13:37:47]  [行2] 解析成功: SHSE.688102 [斯瑞新材] BUY @ 37.44 (VR:0.21)
[2026-08-14 13:37:47]  [行3] 解析成功: SHSE.688227 [品高股份] BUY @ 80.65 (VR:4.82)
[2026-08-14 13:37:47]  [行4] 解析成功: SZSE.300679 [电连技术] BUY @ 42.55 (VR:0.29)
[2026-08-14 13:37:47]  [行5] 解析成功: SZSE.301013 [利和兴] BUY @ 45.96 (VR:1.2)
[2026-08-14 13:37:47]  [行6] 解析成功: SZSE.300790 [宇瞳光学] BUY @ 19.6 (VR:0.05)
[2026-08-14 13:37:47]  [行7] 解析成功: SZSE.001339 [智微智能] BUY @ 83.99 (VR:0.08)
[2026-08-14 13:37:47]  [行8] 解析成功: SHSE.688002 [睿创微纳] BUY @ 166.16 (VR:0.36)
[2026-08-14 13:37:47]  [行9] 解析成功: SHSE.688102 [斯瑞新材] BUY @ 37.44 (VR:0.39)
[2026-08-14 13:37:47]  [行10] 解析成功: SZSE.300852 [四会富仕] BUY @ 44.5 (VR:1.46)
[2026-08-14 13:37:47]  [行11] 解析成功: SZSE.300689 [澄天伟业] BUY @ 52.87 (VR:0.58)
[2026-08-14 13:37:47]  [行12] 解析成功: SZSE.300806 [斯迪克] BUY @ 48.27 (VR:0.19)
[2026-08-14 13:37:47]  [行13] 解析成功: SZSE.300679 [电连技术] BUY @ 42.65 (VR:0.31)
[2026-08-14 13:37:47]  [行14] 解析成功: SZSE.301013 [利和兴] BUY @ 45.99 (VR:0.88)
[2026-08-14 13:37:47]  [行15] 解析成功: SZSE.300790 [宇瞳光学] BUY @ 19.62 (VR:0.61)
[2026-08-14 13:37:47]  [行16] 解析成功: SZSE.001339 [智微智能] BUY @ 84.2 (VR:0.17)
[2026-08-14 13:37:47] 成功保存 16 条因子至: signal_batch_20260814_133747_875830.txt
[2026-08-14 13:37:48]  QQ-主 邮件 6321 处理完成
[2026-08-14 13:37:48]  QQ-主 正在解析因子: =?utf-8?b?QWxwaGFQaWxvdCDlrp7ml7bkv6Hlj7cgKGFscGhhX3NpZ25hbF90aHJfMjAyNjA4MTRfMTMzNi5qc29uKSBb5Li7UVEt5a+55aSWXQ==?=
[2026-08-14 13:37:48]  发现表格，共 16 行数据
[2026-08-14 13:37:48]  动态索引映射: ['股票代码', '股票名称', '信号', '当前价格', '量比', '来源过滤']
[2026-08-14 13:37:48]  [行1] 解析成功: SHSE.688002 [睿创微纳] BUY @ 166.0 (VR:0.26)
[2026-08-14 13:37:48]  [行2] 解析成功: SHSE.688102 [斯瑞新材] BUY @ 37.44 (VR:0.21)
[2026-08-14 13:37:48]  [行3] 解析成功: SHSE.688227 [品高股份] BUY @ 80.65 (VR:4.82)
[2026-08-14 13:37:48]  [行4] 解析成功: SZSE.300679 [电连技术] BUY @ 42.55 (VR:0.29)
[2026-08-14 13:37:48]  [行5] 解析成功: SZSE.301013 [利和兴] BUY @ 45.96 (VR:1.2)
[2026-08-14 13:37:48]  [行6] 解析成功: SZSE.300790 [宇瞳光学] BUY @ 19.6 (VR:0.05)
[2026-08-14 13:37:48]  [行7] 解析成功: SZSE.001339 [智微智能] BUY @ 83.99 (VR:0.08)
[2026-08-14 13:37:48]  [行8] 解析成功: SHSE.688002 [睿创微纳] BUY @ 166.16 (VR:0.36)
[2026-08-14 13:37:48]  [行9] 解析成功: SHSE.688102 [斯瑞新材] BUY @ 37.44 (VR:0.39)
[2026-08-14 13:37:48]  [行10] 解析成功: SZSE.300852 [四会富仕] BUY @ 44.5 (VR:1.46)
[2026-08-14 13:37:48]  [行11] 解析成功: SZSE.300689 [澄天伟业] BUY @ 52.87 (VR:0.58)
[2026-08-14 13:37:48]  [行12] 解析成功: SZSE.300806 [斯迪克] BUY @ 48.27 (VR:0.19)
[2026-08-14 13:37:48]  [行13] 解析成功: SZSE.300679 [电连技术] BUY @ 42.65 (VR:0.31)
[2026-08-14 13:37:48]  [行14] 解析成功: SZSE.301013 [利和兴] BUY @ 45.99 (VR:0.88)
[2026-08-14 13:37:48]  [行15] 解析成功: SZSE.300790 [宇瞳光学] BUY @ 19.62 (VR:0.61)
[2026-08-14 13:37:48]  [行16] 解析成功: SZSE.001339 [智微智能] BUY @ 84.2 (VR:0.17)
[2026-08-14 13:37:48] 成功保存 16 条因子至: signal_batch_20260814_133748_223379.txt
[2026-08-14 13:37:48]  QQ-主 邮件 6322 处理完成
[2026-08-14 13:37:48]  QQ-主 本轮共成功处理 2 封有效信号邮件
[2026-08-14 13:37:48]  正在连接 QQ-备用 邮箱服务器 (shouqianbadavid@qq.com) ...
[2026-08-14 13:37:49]  QQ-备用 正在解析因子: =?utf-8?b?QWxwaGFQaWxvdCDlpIfku73kv6Hlj7cgKGFscGhhX3NpZ25hbF90aHJfMjAyNjA4MTRfMTMzNi5qc29uKSBb5aSHUVEt6Ieq5L+dXQ==?=
[2026-08-14 13:37:49]  发现表格，共 16 行数据
[2026-08-14 13:37:49]  动态索引映射: ['股票代码', '股票名称', '信号', '当前价格', '量比', '来源过滤']
[2026-08-14 13:37:49]  [行1] 解析成功: SHSE.688002 [睿创微纳] BUY @ 166.0 (VR:0.26)
[2026-08-14 13:37:49]  [行2] 解析成功: SHSE.688102 [斯瑞新材] BUY @ 37.44 (VR:0.21)
[2026-08-14 13:37:49]  [行3] 解析成功: SHSE.688227 [品高股份] BUY @ 80.65 (VR:4.82)
[2026-08-14 13:37:49]  [行4] 解析成功: SZSE.300679 [电连技术] BUY @ 42.55 (VR:0.29)
[2026-08-14 13:37:49]  [行5] 解析成功: SZSE.301013 [利和兴] BUY @ 45.96 (VR:1.2)
[2026-08-14 13:37:49]  [行6] 解析成功: SZSE.300790 [宇瞳光学] BUY @ 19.6 (VR:0.05)
[2026-08-14 13:37:49]  [行7] 解析成功: SZSE.001339 [智微智能] BUY @ 83.99 (VR:0.08)
[2026-08-14 13:37:49]  [行8] 解析成功: SHSE.688002 [睿创微纳] BUY @ 166.16 (VR:0.36)
[2026-08-14 13:37:49]  [行9] 解析成功: SHSE.688102 [斯瑞新材] BUY @ 37.44 (VR:0.39)
[2026-08-14 13:37:49]  [行10] 解析成功: SZSE.300852 [四会富仕] BUY @ 44.5 (VR:1.46)
[2026-08-14 13:37:49]  [行11] 解析成功: SZSE.300689 [澄天伟业] BUY @ 52.87 (VR:0.58)
[2026-08-14 13:37:49]  [行12] 解析成功: SZSE.300806 [斯迪克] BUY @ 48.27 (VR:0.19)
[2026-08-14 13:37:49]  [行13] 解析成功: SZSE.300679 [电连技术] BUY @ 42.65 (VR:0.31)
[2026-08-14 13:37:49]  [行14] 解析成功: SZSE.301013 [利和兴] BUY @ 45.99 (VR:0.88)
[2026-08-14 13:37:49]  [行15] 解析成功: SZSE.300790 [宇瞳光学] BUY @ 19.62 (VR:0.61)
[2026-08-14 13:37:49]  [行16] 解析成功: SZSE.001339 [智微智能] BUY @ 84.2 (VR:0.17)
[2026-08-14 13:37:49] 成功保存 16 条因子至: signal_batch_20260814_133749_534652.txt
[2026-08-14 13:37:49]  QQ-备用 邮件 3961 处理完成
[2026-08-14 13:37:49]  QQ-备用 正在解析因子: =?utf-8?b?QWxwaGFQaWxvdCDlpIfku73kv6Hlj7cgKGFscGhhX3NpZ25hbF90aHJfMjAyNjA4MTRfMTMzNi5qc29uKSBb5aSHUVEt6Ieq5L+dXQ==?=
[2026-08-14 13:37:49]  发现表格，共 16 行数据
[2026-08-14 13:37:49]  动态索引映射: ['股票代码', '股票名称', '信号', '当前价格', '量比', '来源过滤']
[2026-08-14 13:37:49]  [行1] 解析成功: SHSE.688002 [睿创微纳] BUY @ 166.0 (VR:0.26)
[2026-08-14 13:37:49]  [行2] 解析成功: SHSE.688102 [斯瑞新材] BUY @ 37.44 (VR:0.21)
[2026-08-14 13:37:49]  [行3] 解析成功: SHSE.688227 [品高股份] BUY @ 80.65 (VR:4.82)
[2026-08-14 13:37:49]  [行4] 解析成功: SZSE.300679 [电连技术] BUY @ 42.55 (VR:0.29)
[2026-08-14 13:37:49]  [行5] 解析成功: SZSE.301013 [利和兴] BUY @ 45.96 (VR:1.2)
[2026-08-14 13:37:49]  [行6] 解析成功: SZSE.300790 [宇瞳光学] BUY @ 19.6 (VR:0.05)
[2026-08-14 13:37:49]  [行7] 解析成功: SZSE.001339 [智微智能] BUY @ 83.99 (VR:0.08)
[2026-08-14 13:37:49]  [行8] 解析成功: SHSE.688002 [睿创微纳] BUY @ 166.16 (VR:0.36)
[2026-08-14 13:37:49]  [行9] 解析成功: SHSE.688102 [斯瑞新材] BUY @ 37.44 (VR:0.39)
[2026-08-14 13:37:49]  [行10] 解析成功: SZSE.300852 [四会富仕] BUY @ 44.5 (VR:1.46)
[2026-08-14 13:37:49]  [行11] 解析成功: SZSE.300689 [澄天伟业] BUY @ 52.87 (VR:0.58)
[2026-08-14 13:37:49]  [行12] 解析成功: SZSE.300806 [斯迪克] BUY @ 48.27 (VR:0.19)
[2026-08-14 13:37:49]  [行13] 解析成功: SZSE.300679 [电连技术] BUY @ 42.65 (VR:0.31)
[2026-08-14 13:37:49]  [行14] 解析成功: SZSE.301013 [利和兴] BUY @ 45.99 (VR:0.88)
[2026-08-14 13:37:49]  [行15] 解析成功: SZSE.300790 [宇瞳光学] BUY @ 19.62 (VR:0.61)
[2026-08-14 13:37:49]  [行16] 解析成功: SZSE.001339 [智微智能] BUY @ 84.2 (VR:0.17)
[2026-08-14 13:37:49] 成功保存 16 条因子至: signal_batch_20260814_133749_970113.txt
[2026-08-14 13:37:50]  QQ-备用 邮件 3962 处理完成
[2026-08-14 13:37:50]  QQ-备用 本轮共成功处理 2 封有效信号邮件
[2026-08-14 13:38:25]  正在连接 QQ-主 邮箱服务器 (497720537@qq.com) ...
[2026-08-14 13:38:26]  正在连接 QQ-备用 邮箱服务器 (shouqianbadavid@qq.com) ...
[2026-08-14 13:39:01]  正在连接 QQ-主 邮箱服务器 (497720537@qq.com) ...
[2026-08-14 13:39:03]  正在连接 QQ-备用 邮箱服务器 (shouqianbadavid@qq.com) ...
[2026-08-14 13:39:39]  正在连接 QQ-主 邮箱服务器 (497720537@qq.com) ...
[2026-08-14 13:39:39]  正在连接 QQ-备用 邮箱服务器 (shouqianbadavid@qq.com) ...
[2026-08-14 13:40:15]  正在连接 QQ-主 邮箱服务器 (497720537@qq.com) ...
[2026-08-14 13:40:15]  QQ-主 正在解析因子: =?utf-8?b?QWxwaGFQaWxvdCDlrp7ml7bkv6Hlj7cgKGFscGhhX3NpZ25hbF90aHJfMjAyNjA4MTRfMTMzOS5qc29uKSBb5Li7UVEt5a+55aSWXQ==?=
[2026-08-14 13:40:15]  发现表格，共 6 行数据
[2026-08-14 13:40:15]  动态索引映射: ['股票代码', '股票名称', '信号', '当前价格', '量比', '来源过滤']
[2026-08-14 13:40:15]  [行1] 解析成功: SHSE.600353 [旭光电子] BUY @ 30.64 (VR:2.62)
[2026-08-14 13:40:15]  [行2] 解析成功: SZSE.000510 [新金路] BUY @ 16.7 (VR:1.03)
[2026-08-14 13:40:15]  [行3] 解析成功: SHSE.600353 [旭光电子] BUY @ 30.77 (VR:0.68)
[2026-08-14 13:40:15]  [行4] 解析成功: SZSE.300666 [江丰电子] BUY @ 255.2 (VR:2.06)
[2026-08-14 13:40:15]  [行5] 解析成功: SZSE.000510 [新金路] BUY @ 16.71 (VR:0.83)
[2026-08-14 13:40:15]  [行6] 解析成功: SZSE.300037 [新宙邦] BUY @ 66.9 (VR:0.48)
[2026-08-14 13:40:15] 成功保存 6 条因子至: signal_batch_20260814_134015_876534.txt
[2026-08-14 13:40:16]  QQ-主 邮件 6323 处理完成
[2026-08-14 13:40:16]  QQ-主 正在解析因子: =?utf-8?b?QWxwaGFQaWxvdCDlrp7ml7bkv6Hlj7cgKGFscGhhX3NpZ25hbF90aHJfMjAyNjA4MTRfMTMzOS5qc29uKSBb5Li7UVEt5a+55aSWXQ==?=
[2026-08-14 13:40:16]  发现表格，共 6 行数据
[2026-08-14 13:40:16]  动态索引映射: ['股票代码', '股票名称', '信号', '当前价格', '量比', '来源过滤']
[2026-08-14 13:40:16]  [行1] 解析成功: SHSE.600353 [旭光电子] BUY @ 30.64 (VR:2.62)
[2026-08-14 13:40:16]  [行2] 解析成功: SZSE.000510 [新金路] BUY @ 16.7 (VR:1.03)
[2026-08-14 13:40:16]  [行3] 解析成功: SHSE.600353 [旭光电子] BUY @ 30.77 (VR:0.68)
[2026-08-14 13:40:16]  [行4] 解析成功: SZSE.300666 [江丰电子] BUY @ 255.2 (VR:2.06)
[2026-08-14 13:40:16]  [行5] 解析成功: SZSE.000510 [新金路] BUY @ 16.71 (VR:0.83)
[2026-08-14 13:40:16]  [行6] 解析成功: SZSE.300037 [新宙邦] BUY @ 66.9 (VR:0.48)
[2026-08-14 13:40:16] 成功保存 6 条因子至: signal_batch_20260814_134016_264699.txt
[2026-08-14 13:40:16]  QQ-主 邮件 6324 处理完成
[2026-08-14 13:40:16]  QQ-主 本轮共成功处理 2 封有效信号邮件
[2026-08-14 13:40:16]  正在连接 QQ-备用 邮箱服务器 (shouqianbadavid@qq.com) ...
[2026-08-14 13:40:17]  QQ-备用 正在解析因子: =?utf-8?b?QWxwaGFQaWxvdCDlpIfku73kv6Hlj7cgKGFscGhhX3NpZ25hbF90aHJfMjAyNjA4MTRfMTMzOS5qc29uKSBb5aSHUVEt6Ieq5L+dXQ==?=
[2026-08-14 13:40:17]  发现表格，共 6 行数据
[2026-08-14 13:40:17]  动态索引映射: ['股票代码', '股票名称', '信号', '当前价格', '量比', '来源过滤']
[2026-08-14 13:40:17]  [行1] 解析成功: SHSE.600353 [旭光电子] BUY @ 30.64 (VR:2.62)
[2026-08-14 13:40:17]  [行2] 解析成功: SZSE.000510 [新金路] BUY @ 16.7 (VR:1.03)
[2026-08-14 13:40:17]  [行3] 解析成功: SHSE.600353 [旭光电子] BUY @ 30.77 (VR:0.68)
[2026-08-14 13:40:17]  [行4] 解析成功: SZSE.300666 [江丰电子] BUY @ 255.2 (VR:2.06)
[2026-08-14 13:40:17]  [行5] 解析成功: SZSE.000510 [新金路] BUY @ 16.71 (VR:0.83)
[2026-08-14 13:40:17]  [行6] 解析成功: SZSE.300037 [新宙邦] BUY @ 66.9 (VR:0.48)
[2026-08-14 13:40:17] 成功保存 6 条因子至: signal_batch_20260814_134017_698268.txt
[2026-08-14 13:40:17]  QQ-备用 邮件 3963 处理完成
[2026-08-14 13:40:17]  QQ-备用 正在解析因子: =?utf-8?b?QWxwaGFQaWxvdCDlpIfku73kv6Hlj7cgKGFscGhhX3NpZ25hbF90aHJfMjAyNjA4MTRfMTMzOS5qc29uKSBb5aSHUVEt6Ieq5L+dXQ==?=
[2026-08-14 13:40:17]  发现表格，共 6 行数据
[2026-08-14 13:40:17]  动态索引映射: ['股票代码', '股票名称', '信号', '当前价格', '量比', '来源过滤']
[2026-08-14 13:40:17]  [行1] 解析成功: SHSE.600353 [旭光电子] BUY @ 30.64 (VR:2.62)
[2026-08-14 13:40:17]  [行2] 解析成功: SZSE.000510 [新金路] BUY @ 16.7 (VR:1.03)
[2026-08-14 13:40:17]  [行3] 解析成功: SHSE.600353 [旭光电子] BUY @ 30.77 (VR:0.68)
[2026-08-14 13:40:17]  [行4] 解析成功: SZSE.300666 [江丰电子] BUY @ 255.2 (VR:2.06)
[2026-08-14 13:40:17]  [行5] 解析成功: SZSE.000510 [新金路] BUY @ 16.71 (VR:0.83)
[2026-08-14 13:40:17]  [行6] 解析成功: SZSE.300037 [新宙邦] BUY @ 66.9 (VR:0.48)
[2026-08-14 13:40:17] 本批信号内容已存在（哈希重复），跳过保存（防双邮箱重复）
[2026-08-14 13:40:17]  QQ-备用 邮件 3964 保存因子失败
[2026-08-14 13:40:17]  QQ-备用 本轮共成功处理 1 封有效信号邮件
[2026-08-14 13:40:53]  正在连接 QQ-主 邮箱服务器 (497720537@qq.com) ...
[2026-08-14 13:40:53]  正在连接 QQ-备用 邮箱服务器 (shouqianbadavid@qq.com) ...
[2026-08-14 13:40:54]  QQ-备用 正在解析因子: =?utf-8?b?QWxwaGFQaWxvdCDlpIfku73kv6Hlj7cgKGFscGhhX3NpZ25hbF90aHJfMjAyNjA4MTRfMTMzOS5qc29uKSBb5aSHUVEt6Ieq5L+dXQ==?=
[2026-08-14 13:40:54]  发现表格，共 6 行数据
[2026-08-14 13:40:54]  动态索引映射: ['股票代码', '股票名称', '信号', '当前价格', '量比', '来源过滤']
[2026-08-14 13:40:54]  [行1] 解析成功: SHSE.600353 [旭光电子] BUY @ 30.64 (VR:2.62)
[2026-08-14 13:40:54]  [行2] 解析成功: SZSE.000510 [新金路] BUY @ 16.7 (VR:1.03)
[2026-08-14 13:40:54]  [行3] 解析成功: SHSE.600353 [旭光电子] BUY @ 30.77 (VR:0.68)
[2026-08-14 13:40:54]  [行4] 解析成功: SZSE.300666 [江丰电子] BUY @ 255.2 (VR:2.06)
[2026-08-14 13:40:54]  [行5] 解析成功: SZSE.000510 [新金路] BUY @ 16.71 (VR:0.83)
[2026-08-14 13:40:54]  [行6] 解析成功: SZSE.300037 [新宙邦] BUY @ 66.9 (VR:0.48)
[2026-08-14 13:40:54] 成功保存 6 条因子至: signal_batch_20260814_134054_247362.txt
[2026-08-14 13:40:54]  QQ-备用 邮件 3964 处理完成
[2026-08-14 13:40:54]  QQ-备用 本轮共成功处理 1 封有效信号邮件
[2026-08-14 13:41:29]  正在连接 QQ-主 邮箱服务器 (497720537@qq.com) ...
[2026-08-14 13:41:30]  正在连接 QQ-备用 邮箱服务器 (shouqianbadavid@qq.com) ...
[2026-08-14 13:42:06]  正在连接 QQ-主 邮箱服务器 (497720537@qq.com) ...
[2026-08-14 13:42:07]  正在连接 QQ-备用 邮箱服务器 (shouqianbadavid@qq.com) ...
[2026-08-14 13:42:42]  正在连接 QQ-主 邮箱服务器 (497720537@qq.com) ...
[2026-08-14 13:42:43]  正在连接 QQ-备用 邮箱服务器 (shouqianbadavid@qq.com) ...
[2026-08-14 13:43:19]  正在连接 QQ-主 邮箱服务器 (497720537@qq.com) ...
[2026-08-14 13:43:20]  QQ-主 正在解析因子: =?utf-8?b?QWxwaGFQaWxvdCDlrp7ml7bkv6Hlj7cgKGFscGhhX3NpZ25hbF90aHJfMjAyNjA4MTRfMTM0My5qc29uKSBb5Li7UVEt5a+55aSWXQ==?=
[2026-08-14 13:43:20]  发现表格，共 13 行数据
[2026-08-14 13:43:20]  动态索引映射: ['股票代码', '股票名称', '信号', '当前价格', '量比', '来源过滤']
[2026-08-14 13:43:20]  [行1] 解析成功: SHSE.603773 [沃格光电] BUY @ 93.57 (VR:0.02)
[2026-08-14 13:43:20]  [行2] 解析成功: SZSE.002552 [宝鼎科技] SELL @ 58.23 (VR:0.22)
[2026-08-14 13:43:20]  [行3] 解析成功: SZSE.002937 [兴瑞科技] BUY @ 29.41 (VR:0.18)
[2026-08-14 13:43:20]  [行4] 解析成功: SZSE.000920 [沃顿科技] SELL @ 11.67 (VR:0.2)
[2026-08-14 13:43:20]  [行5] 解析成功: SZSE.000823 [超声电子] SELL @ 15.19 (VR:1.77)
[2026-08-14 13:43:20]  [行6] 解析成功: SZSE.301070 [开勒股份] SELL @ 66.0 (VR:0.01)
[2026-08-14 13:43:20]  [行7] 解析成功: SHSE.603773 [沃格光电] BUY @ 93.59 (VR:0.41)
[2026-08-14 13:43:20]  [行8] 解析成功: SHSE.600460 [士兰微] BUY @ 32.4 (VR:0.46)
[2026-08-14 13:43:20]  [行9] 解析成功: SZSE.002552 [宝鼎科技] SELL @ 58.08 (VR:0.86)
[2026-08-14 13:43:20]  [行10] 解析成功: SZSE.002937 [兴瑞科技] BUY @ 29.43 (VR:0.38)
[2026-08-14 13:43:20]  [行11] 解析成功: SZSE.000920 [沃顿科技] SELL @ 11.66 (VR:0.17)
[2026-08-14 13:43:20]  [行12] 解析成功: SZSE.000823 [超声电子] SELL @ 15.18 (VR:1.54)
[2026-08-14 13:43:20]  [行13] 解析成功: SZSE.301070 [开勒股份] SELL @ 65.91 (VR:0.11)
[2026-08-14 13:43:20] 成功保存 13 条因子至: signal_batch_20260814_134320_296072.txt
[2026-08-14 13:43:20]  QQ-主 邮件 6325 处理完成
[2026-08-14 13:43:20]  QQ-主 正在解析因子: =?utf-8?b?QWxwaGFQaWxvdCDlrp7ml7bkv6Hlj7cgKGFscGhhX3NpZ25hbF90aHJfMjAyNjA4MTRfMTM0My5qc29uKSBb5Li7UVEt5a+55aSWXQ==?=
[2026-08-14 13:43:20]  发现表格，共 13 行数据
[2026-08-14 13:43:20]  动态索引映射: ['股票代码', '股票名称', '信号', '当前价格', '量比', '来源过滤']
[2026-08-14 13:43:20]  [行1] 解析成功: SHSE.603773 [沃格光电] BUY @ 93.57 (VR:0.02)
[2026-08-14 13:43:20]  [行2] 解析成功: SZSE.002552 [宝鼎科技] SELL @ 58.23 (VR:0.22)
[2026-08-14 13:43:20]  [行3] 解析成功: SZSE.002937 [兴瑞科技] BUY @ 29.41 (VR:0.18)
[2026-08-14 13:43:20]  [行4] 解析成功: SZSE.000920 [沃顿科技] SELL @ 11.67 (VR:0.2)
[2026-08-14 13:43:20]  [行5] 解析成功: SZSE.000823 [超声电子] SELL @ 15.19 (VR:1.77)
[2026-08-14 13:43:20]  [行6] 解析成功: SZSE.301070 [开勒股份] SELL @ 66.0 (VR:0.01)
[2026-08-14 13:43:20]  [行7] 解析成功: SHSE.603773 [沃格光电] BUY @ 93.59 (VR:0.41)
[2026-08-14 13:43:20]  [行8] 解析成功: SHSE.600460 [士兰微] BUY @ 32.4 (VR:0.46)
[2026-08-14 13:43:20]  [行9] 解析成功: SZSE.002552 [宝鼎科技] SELL @ 58.08 (VR:0.86)
[2026-08-14 13:43:20]  [行10] 解析成功: SZSE.002937 [兴瑞科技] BUY @ 29.43 (VR:0.38)
[2026-08-14 13:43:20]  [行11] 解析成功: SZSE.000920 [沃顿科技] SELL @ 11.66 (VR:0.17)
[2026-08-14 13:43:20]  [行12] 解析成功: SZSE.000823 [超声电子] SELL @ 15.18 (VR:1.54)
[2026-08-14 13:43:20]  [行13] 解析成功: SZSE.301070 [开勒股份] SELL @ 65.91 (VR:0.11)
[2026-08-14 13:43:20] 本批信号内容已存在（哈希重复），跳过保存（防双邮箱重复）
[2026-08-14 13:43:20]  QQ-主 邮件 6326 保存因子失败
[2026-08-14 13:43:20]  QQ-主 正在解析因子: =?utf-8?b?QWxwaGFQaWxvdCDlrp7ml7bkv6Hlj7cgKGFscGhhX3NpZ25hbF90aHJfMjAyNjA4MTRfMTM0My5qc29uKSBb5Li7UVEt5a+55aSWXQ==?=
[2026-08-14 13:43:20]  发现表格，共 13 行数据
[2026-08-14 13:43:20]  动态索引映射: ['股票代码', '股票名称', '信号', '当前价格', '量比', '来源过滤']
[2026-08-14 13:43:20]  [行1] 解析成功: SHSE.603773 [沃格光电] BUY @ 93.57 (VR:0.02)
[2026-08-14 13:43:20]  [行2] 解析成功: SZSE.002552 [宝鼎科技] SELL @ 58.23 (VR:0.22)
[2026-08-14 13:43:20]  [行3] 解析成功: SZSE.002937 [兴瑞科技] BUY @ 29.41 (VR:0.18)
[2026-08-14 13:43:20]  [行4] 解析成功: SZSE.000920 [沃顿科技] SELL @ 11.67 (VR:0.2)
[2026-08-14 13:43:20]  [行5] 解析成功: SZSE.000823 [超声电子] SELL @ 15.19 (VR:1.77)
[2026-08-14 13:43:20]  [行6] 解析成功: SZSE.301070 [开勒股份] SELL @ 66.0 (VR:0.01)
[2026-08-14 13:43:20]  [行7] 解析成功: SHSE.603773 [沃格光电] BUY @ 93.59 (VR:0.41)
[2026-08-14 13:43:20]  [行8] 解析成功: SHSE.600460 [士兰微] BUY @ 32.4 (VR:0.46)
[2026-08-14 13:43:20]  [行9] 解析成功: SZSE.002552 [宝鼎科技] SELL @ 58.08 (VR:0.86)
[2026-08-14 13:43:20]  [行10] 解析成功: SZSE.002937 [兴瑞科技] BUY @ 29.43 (VR:0.38)
[2026-08-14 13:43:20]  [行11] 解析成功: SZSE.000920 [沃顿科技] SELL @ 11.66 (VR:0.17)
[2026-08-14 13:43:20]  [行12] 解析成功: SZSE.000823 [超声电子] SELL @ 15.18 (VR:1.54)
[2026-08-14 13:43:20]  [行13] 解析成功: SZSE.301070 [开勒股份] SELL @ 65.91 (VR:0.11)
[2026-08-14 13:43:20] 本批信号内容已存在（哈希重复），跳过保存（防双邮箱重复）
[2026-08-14 13:43:20]  QQ-主 邮件 6327 保存因子失败
[2026-08-14 13:43:20]  QQ-主 本轮共成功处理 1 封有效信号邮件
[2026-08-14 13:43:20]  正在连接 QQ-备用 邮箱服务器 (shouqianbadavid@qq.com) ...
[2026-08-14 13:43:56]  正在连接 QQ-主 邮箱服务器 (497720537@qq.com) ...
[2026-08-14 13:43:57]  QQ-主 正在解析因子: =?utf-8?b?QWxwaGFQaWxvdCDlrp7ml7bkv6Hlj7cgKGFscGhhX3NpZ25hbF90aHJfMjAyNjA4MTRfMTM0My5qc29uKSBb5Li7UVEt5a+55aSWXQ==?=
[2026-08-14 13:43:57]  发现表格，共 13 行数据
[2026-08-14 13:43:57]  动态索引映射: ['股票代码', '股票名称', '信号', '当前价格', '量比', '来源过滤']
[2026-08-14 13:43:57]  [行1] 解析成功: SHSE.603773 [沃格光电] BUY @ 93.57 (VR:0.02)
[2026-08-14 13:43:57]  [行2] 解析成功: SZSE.002552 [宝鼎科技] SELL @ 58.23 (VR:0.22)
[2026-08-14 13:43:57]  [行3] 解析成功: SZSE.002937 [兴瑞科技] BUY @ 29.41 (VR:0.18)
[2026-08-14 13:43:57]  [行4] 解析成功: SZSE.000920 [沃顿科技] SELL @ 11.67 (VR:0.2)
[2026-08-14 13:43:57]  [行5] 解析成功: SZSE.000823 [超声电子] SELL @ 15.19 (VR:1.77)
[2026-08-14 13:43:57]  [行6] 解析成功: SZSE.301070 [开勒股份] SELL @ 66.0 (VR:0.01)
[2026-08-14 13:43:57]  [行7] 解析成功: SHSE.603773 [沃格光电] BUY @ 93.59 (VR:0.41)
[2026-08-14 13:43:57]  [行8] 解析成功: SHSE.600460 [士兰微] BUY @ 32.4 (VR:0.46)
[2026-08-14 13:43:57]  [行9] 解析成功: SZSE.002552 [宝鼎科技] SELL @ 58.08 (VR:0.86)
[2026-08-14 13:43:57]  [行10] 解析成功: SZSE.002937 [兴瑞科技] BUY @ 29.43 (VR:0.38)
[2026-08-14 13:43:57]  [行11] 解析成功: SZSE.000920 [沃顿科技] SELL @ 11.66 (VR:0.17)
[2026-08-14 13:43:57]  [行12] 解析成功: SZSE.000823 [超声电子] SELL @ 15.18 (VR:1.54)
[2026-08-14 13:43:57]  [行13] 解析成功: SZSE.301070 [开勒股份] SELL @ 65.91 (VR:0.11)
[2026-08-14 13:43:57] 成功保存 13 条因子至: signal_batch_20260814_134357_446347.txt
[2026-08-14 13:43:57]  QQ-主 邮件 6327 处理完成
[2026-08-14 13:43:57]  QQ-主 本轮共成功处理 1 封有效信号邮件
[2026-08-14 13:43:57]  正在连接 QQ-备用 邮箱服务器 (shouqianbadavid@qq.com) ...
[2026-08-14 13:44:33]  正在连接 QQ-主 邮箱服务器 (497720537@qq.com) ...
[2026-08-14 13:44:33]  正在连接 QQ-备用 邮箱服务器 (shouqianbadavid@qq.com) ...
[2026-08-14 13:45:09]  正在连接 QQ-主 邮箱服务器 (497720537@qq.com) ...
[2026-08-14 13:45:12]  正在连接 QQ-备用 邮箱服务器 (shouqianbadavid@qq.com) ...
[2026-08-14 13:45:13]  QQ-备用 正在解析因子: =?utf-8?b?QWxwaGFQaWxvdCDlpIfku73kv6Hlj7cgKGFscGhhX3NpZ25hbF90aHJfMjAyNjA4MTRfMTM0My5qc29uKSBb5aSHUVEt6Ieq5L+dXQ==?=
[2026-08-14 13:45:13]  发现表格，共 13 行数据
[2026-08-14 13:45:13]  动态索引映射: ['股票代码', '股票名称', '信号', '当前价格', '量比', '来源过滤']
[2026-08-14 13:45:13]  [行1] 解析成功: SHSE.603773 [沃格光电] BUY @ 93.57 (VR:0.02)
[2026-08-14 13:45:13]  [行2] 解析成功: SZSE.002552 [宝鼎科技] SELL @ 58.23 (VR:0.22)
[2026-08-14 13:45:13]  [行3] 解析成功: SZSE.002937 [兴瑞科技] BUY @ 29.41 (VR:0.18)
[2026-08-14 13:45:13]  [行4] 解析成功: SZSE.000920 [沃顿科技] SELL @ 11.67 (VR:0.2)
[2026-08-14 13:45:13]  [行5] 解析成功: SZSE.000823 [超声电子] SELL @ 15.19 (VR:1.77)
[2026-08-14 13:45:13]  [行6] 解析成功: SZSE.301070 [开勒股份] SELL @ 66.0 (VR:0.01)
[2026-08-14 13:45:13]  [行7] 解析成功: SHSE.603773 [沃格光电] BUY @ 93.59 (VR:0.41)
[2026-08-14 13:45:13]  [行8] 解析成功: SHSE.600460 [士兰微] BUY @ 32.4 (VR:0.46)
[2026-08-14 13:45:13]  [行9] 解析成功: SZSE.002552 [宝鼎科技] SELL @ 58.08 (VR:0.86)
[2026-08-14 13:45:13]  [行10] 解析成功: SZSE.002937 [兴瑞科技] BUY @ 29.43 (VR:0.38)
[2026-08-14 13:45:13]  [行11] 解析成功: SZSE.000920 [沃顿科技] SELL @ 11.66 (VR:0.17)
[2026-08-14 13:45:13]  [行12] 解析成功: SZSE.000823 [超声电子] SELL @ 15.18 (VR:1.54)
[2026-08-14 13:45:13]  [行13] 解析成功: SZSE.301070 [开勒股份] SELL @ 65.91 (VR:0.11)
[2026-08-14 13:45:13] 成功保存 13 条因子至: signal_batch_20260814_134513_724242.txt
[2026-08-14 13:45:13]  QQ-备用 邮件 3965 处理完成
[2026-08-14 13:45:14]  QQ-备用 正在解析因子: =?utf-8?b?QWxwaGFQaWxvdCDlpIfku73kv6Hlj7cgKGFscGhhX3NpZ25hbF90aHJfMjAyNjA4MTRfMTM0My5qc29uKSBb5aSHUVEt6Ieq5L+dXQ==?=
[2026-08-14 13:45:14]  发现表格，共 13 行数据
[2026-08-14 13:45:14]  动态索引映射: ['股票代码', '股票名称', '信号', '当前价格', '量比', '来源过滤']
[2026-08-14 13:45:14]  [行1] 解析成功: SHSE.603773 [沃格光电] BUY @ 93.57 (VR:0.02)
[2026-08-14 13:45:14]  [行2] 解析成功: SZSE.002552 [宝鼎科技] SELL @ 58.23 (VR:0.22)
[2026-08-14 13:45:14]  [行3] 解析成功: SZSE.002937 [兴瑞科技] BUY @ 29.41 (VR:0.18)
[2026-08-14 13:45:14]  [行4] 解析成功: SZSE.000920 [沃顿科技] SELL @ 11.67 (VR:0.2)
[2026-08-14 13:45:14]  [行5] 解析成功: SZSE.000823 [超声电子] SELL @ 15.19 (VR:1.77)
[2026-08-14 13:45:14]  [行6] 解析成功: SZSE.301070 [开勒股份] SELL @ 66.0 (VR:0.01)
[2026-08-14 13:45:14]  [行7] 解析成功: SHSE.603773 [沃格光电] BUY @ 93.59 (VR:0.41)
[2026-08-14 13:45:14]  [行8] 解析成功: SHSE.600460 [士兰微] BUY @ 32.4 (VR:0.46)
[2026-08-14 13:45:14]  [行9] 解析成功: SZSE.002552 [宝鼎科技] SELL @ 58.08 (VR:0.86)
[2026-08-14 13:45:14]  [行10] 解析成功: SZSE.002937 [兴瑞科技] BUY @ 29.43 (VR:0.38)
[2026-08-14 13:45:14]  [行11] 解析成功: SZSE.000920 [沃顿科技] SELL @ 11.66 (VR:0.17)
[2026-08-14 13:45:14]  [行12] 解析成功: SZSE.000823 [超声电子] SELL @ 15.18 (VR:1.54)
[2026-08-14 13:45:14]  [行13] 解析成功: SZSE.301070 [开勒股份] SELL @ 65.91 (VR:0.11)
[2026-08-14 13:45:14] 成功保存 13 条因子至: signal_batch_20260814_134514_064908.txt
[2026-08-14 13:45:14]  QQ-备用 邮件 3966 处理完成
[2026-08-14 13:45:14]  QQ-备用 本轮共成功处理 2 封有效信号邮件
[2026-08-14 13:45:49]  正在连接 QQ-主 邮箱服务器 (497720537@qq.com) ...
[2026-08-14 13:45:50]  正在连接 QQ-备用 邮箱服务器 (shouqianbadavid@qq.com) ...
[2026-08-14 13:46:25]  正在连接 QQ-主 邮箱服务器 (497720537@qq.com) ...
[2026-08-14 13:46:26]  正在连接 QQ-备用 邮箱服务器 (shouqianbadavid@qq.com) ...
[2026-08-14 13:47:02]  正在连接 QQ-主 邮箱服务器 (497720537@qq.com) ...
[2026-08-14 13:47:03]  QQ-主 正在解析因子: =?utf-8?b?QWxwaGFQaWxvdCDlrp7ml7bkv6Hlj7cgKGFscGhhX3NpZ25hbF90aHJfMjAyNjA4MTRfMTM0Ni5qc29uKSBb5Li7UVEt5a+55aSWXQ==?=
[2026-08-14 13:47:03]  发现表格，共 16 行数据
[2026-08-14 13:47:03]  动态索引映射: ['股票代码', '股票名称', '信号', '当前价格', '量比', '来源过滤']
[2026-08-14 13:47:03]  [行1] 解析成功: SHSE.688261 [东微半导] BUY @ 70.41 (VR:0.33)
[2026-08-14 13:47:03]  [行2] 解析成功: SHSE.688199 [久日新材] BUY @ 23.07 (VR:3.39)
[2026-08-14 13:47:03]  [行3] 解析成功: SZSE.300136 [信维通信] BUY @ 67.12 (VR:0.47)
[2026-08-14 13:47:03]  [行4] 解析成功: SZSE.300821 [东岳硅材] BUY @ 16.76 (VR:0.98)
[2026-08-14 13:47:03]  [行5] 解析成功: SZSE.300162 [雷曼光电] BUY @ 7.62 (VR:0.82)
[2026-08-14 13:47:03]  [行6] 解析成功: SZSE.300767 [震安科技] BUY @ 18.51 (VR:0.56)
[2026-08-14 13:47:03]  [行7] 解析成功: SZSE.300184 [力源信息] BUY @ 12.57 (VR:0.5)
[2026-08-14 13:47:03]  [行8] 解析成功: SZSE.002158 [汉钟精机] BUY @ 28.1 (VR:0.08)
[2026-08-14 13:47:03]  [行9] 解析成功: SHSE.688261 [东微半导] BUY @ 70.46 (VR:2.61)
[2026-08-14 13:47:03]  [行10] 解析成功: SHSE.688199 [久日新材] BUY @ 23.08 (VR:0.08)
[2026-08-14 13:47:03]  [行11] 解析成功: SZSE.300136 [信维通信] BUY @ 67.22 (VR:0.41)
[2026-08-14 13:47:03]  [行12] 解析成功: SZSE.300821 [东岳硅材] BUY @ 16.79 (VR:0.32)
[2026-08-14 13:47:03]  [行13] 解析成功: SZSE.300162 [雷曼光电] BUY @ 7.64 (VR:0.56)
[2026-08-14 13:47:03]  [行14] 解析成功: SZSE.300767 [震安科技] BUY @ 18.54 (VR:0.24)
[2026-08-14 13:47:03]  [行15] 解析成功: SZSE.301178 [天亿马] BUY @ 36.28 (VR:6.73)
[2026-08-14 13:47:03]  [行16] 解析成功: SZSE.002158 [汉钟精机] BUY @ 28.13 (VR:0.06)
[2026-08-14 13:47:03] 成功保存 16 条因子至: signal_batch_20260814_134703_249376.txt
[2026-08-14 13:47:03]  QQ-主 邮件 6328 处理完成
[2026-08-14 13:47:03]  QQ-主 本轮共成功处理 1 封有效信号邮件
[2026-08-14 13:47:03]  正在连接 QQ-备用 邮箱服务器 (shouqianbadavid@qq.com) ...
[2026-08-14 13:47:39]  正在连接 QQ-主 邮箱服务器 (497720537@qq.com) ...
[2026-08-14 13:47:39]  正在连接 QQ-备用 邮箱服务器 (shouqianbadavid@qq.com) ...
[2026-08-14 13:47:40]  QQ-备用 正在解析因子: =?utf-8?b?QWxwaGFQaWxvdCDlpIfku73kv6Hlj7cgKGFscGhhX3NpZ25hbF90aHJfMjAyNjA4MTRfMTM0Ni5qc29uKSBb5aSHUVEt6Ieq5L+dXQ==?=
[2026-08-14 13:47:40]  发现表格，共 16 行数据
[2026-08-14 13:47:40]  动态索引映射: ['股票代码', '股票名称', '信号', '当前价格', '量比', '来源过滤']
[2026-08-14 13:47:40]  [行1] 解析成功: SHSE.688261 [东微半导] BUY @ 70.41 (VR:0.33)
[2026-08-14 13:47:40]  [行2] 解析成功: SHSE.688199 [久日新材] BUY @ 23.07 (VR:3.39)
[2026-08-14 13:47:40]  [行3] 解析成功: SZSE.300136 [信维通信] BUY @ 67.12 (VR:0.47)
[2026-08-14 13:47:40]  [行4] 解析成功: SZSE.300821 [东岳硅材] BUY @ 16.76 (VR:0.98)
[2026-08-14 13:47:40]  [行5] 解析成功: SZSE.300162 [雷曼光电] BUY @ 7.62 (VR:0.82)
[2026-08-14 13:47:40]  [行6] 解析成功: SZSE.300767 [震安科技] BUY @ 18.51 (VR:0.56)
[2026-08-14 13:47:40]  [行7] 解析成功: SZSE.300184 [力源信息] BUY @ 12.57 (VR:0.5)
[2026-08-14 13:47:40]  [行8] 解析成功: SZSE.002158 [汉钟精机] BUY @ 28.1 (VR:0.08)
[2026-08-14 13:47:40]  [行9] 解析成功: SHSE.688261 [东微半导] BUY @ 70.46 (VR:2.61)
[2026-08-14 13:47:40]  [行10] 解析成功: SHSE.688199 [久日新材] BUY @ 23.08 (VR:0.08)
[2026-08-14 13:47:40]  [行11] 解析成功: SZSE.300136 [信维通信] BUY @ 67.22 (VR:0.41)
[2026-08-14 13:47:40]  [行12] 解析成功: SZSE.300821 [东岳硅材] BUY @ 16.79 (VR:0.32)
[2026-08-14 13:47:40]  [行13] 解析成功: SZSE.300162 [雷曼光电] BUY @ 7.64 (VR:0.56)
[2026-08-14 13:47:40]  [行14] 解析成功: SZSE.300767 [震安科技] BUY @ 18.54 (VR:0.24)
[2026-08-14 13:47:40]  [行15] 解析成功: SZSE.301178 [天亿马] BUY @ 36.28 (VR:6.73)
[2026-08-14 13:47:40]  [行16] 解析成功: SZSE.002158 [汉钟精机] BUY @ 28.13 (VR:0.06)
[2026-08-14 13:47:40] 成功保存 16 条因子至: signal_batch_20260814_134740_823018.txt
[2026-08-14 13:47:41]  QQ-备用 邮件 3967 处理完成
[2026-08-14 13:47:41]  QQ-备用 正在解析因子: =?utf-8?b?QWxwaGFQaWxvdCDlpIfku73kv6Hlj7cgKGFscGhhX3NpZ25hbF90aHJfMjAyNjA4MTRfMTM0Ni5qc29uKSBb5aSHUVEt6Ieq5L+dXQ==?=
[2026-08-14 13:47:41]  发现表格，共 16 行数据
[2026-08-14 13:47:41]  动态索引映射: ['股票代码', '股票名称', '信号', '当前价格', '量比', '来源过滤']
[2026-08-14 13:47:41]  [行1] 解析成功: SHSE.688261 [东微半导] BUY @ 70.41 (VR:0.33)
[2026-08-14 13:47:41]  [行2] 解析成功: SHSE.688199 [久日新材] BUY @ 23.07 (VR:3.39)
[2026-08-14 13:47:41]  [行3] 解析成功: SZSE.300136 [信维通信] BUY @ 67.12 (VR:0.47)
[2026-08-14 13:47:41]  [行4] 解析成功: SZSE.300821 [东岳硅材] BUY @ 16.76 (VR:0.98)
[2026-08-14 13:47:41]  [行5] 解析成功: SZSE.300162 [雷曼光电] BUY @ 7.62 (VR:0.82)
[2026-08-14 13:47:41]  [行6] 解析成功: SZSE.300767 [震安科技] BUY @ 18.51 (VR:0.56)
[2026-08-14 13:47:41]  [行7] 解析成功: SZSE.300184 [力源信息] BUY @ 12.57 (VR:0.5)
[2026-08-14 13:47:41]  [行8] 解析成功: SZSE.002158 [汉钟精机] BUY @ 28.1 (VR:0.08)
[2026-08-14 13:47:41]  [行9] 解析成功: SHSE.688261 [东微半导] BUY @ 70.46 (VR:2.61)
[2026-08-14 13:47:41]  [行10] 解析成功: SHSE.688199 [久日新材] BUY @ 23.08 (VR:0.08)
[2026-08-14 13:47:41]  [行11] 解析成功: SZSE.300136 [信维通信] BUY @ 67.22 (VR:0.41)
[2026-08-14 13:47:41]  [行12] 解析成功: SZSE.300821 [东岳硅材] BUY @ 16.79 (VR:0.32)
[2026-08-14 13:47:41]  [行13] 解析成功: SZSE.300162 [雷曼光电] BUY @ 7.64 (VR:0.56)
[2026-08-14 13:47:41]  [行14] 解析成功: SZSE.300767 [震安科技] BUY @ 18.54 (VR:0.24)
[2026-08-14 13:47:41]  [行15] 解析成功: SZSE.301178 [天亿马] BUY @ 36.28 (VR:6.73)
[2026-08-14 13:47:41]  [行16] 解析成功: SZSE.002158 [汉钟精机] BUY @ 28.13 (VR:0.06)
[2026-08-14 13:47:41] 成功保存 16 条因子至: signal_batch_20260814_134741_200552.txt
[2026-08-14 13:47:41]  QQ-备用 邮件 3968 处理完成
[2026-08-14 13:47:41]  QQ-备用 本轮共成功处理 2 封有效信号邮件
[2026-08-14 13:48:16]  正在连接 QQ-主 邮箱服务器 (497720537@qq.com) ...
[2026-08-14 13:48:18]  正在连接 QQ-备用 邮箱服务器 (shouqianbadavid@qq.com) ...
[2026-08-14 13:48:53]  正在连接 QQ-主 邮箱服务器 (497720537@qq.com) ...
[2026-08-14 13:48:54]  正在连接 QQ-备用 邮箱服务器 (shouqianbadavid@qq.com) ...
[2026-08-14 13:49:29]  正在连接 QQ-主 邮箱服务器 (497720537@qq.com) ...
[2026-08-14 13:49:30]  正在连接 QQ-备用 邮箱服务器 (shouqianbadavid@qq.com) ...
[2026-08-14 13:50:05]  正在连接 QQ-主 邮箱服务器 (497720537@qq.com) ...
[2026-08-14 13:50:06]  QQ-主 正在解析因子: =?utf-8?b?QWxwaGFQaWxvdCDlrp7ml7bkv6Hlj7cgKGFscGhhX3NpZ25hbF90aHJfMjAyNjA4MTRfMTM0OS5qc29uKSBb5Li7UVEt5a+55aSWXQ==?=
[2026-08-14 13:50:06]  发现表格，共 17 行数据
[2026-08-14 13:50:06]  动态索引映射: ['股票代码', '股票名称', '信号', '当前价格', '量比', '来源过滤']
[2026-08-14 13:50:06]  [行1] 解析成功: SHSE.688511 [天微电子] SELL @ 23.02 (VR:0.07)
[2026-08-14 13:50:06]  [行2] 解析成功: SHSE.688249 [晶合集成] SELL @ 39.8 (VR:0.29)
[2026-08-14 13:50:06]  [行3] 解析成功: SHSE.688138 [清溢光电] SELL @ 33.48 (VR:0.05)
[2026-08-14 13:50:06]  [行4] 解析成功: SZSE.300285 [国瓷材料] SELL @ 70.35 (VR:0.16)
[2026-08-14 13:50:06]  [行5] 解析成功: SZSE.300420 [五洋自控] BUY @ 7.96 (VR:1.96)
[2026-08-14 13:50:06]  [行6] 解析成功: SZSE.300661 [圣邦股份] SELL @ 121.67 (VR:0.34)
[2026-08-14 13:50:06]  [行7] 解析成功: SZSE.300780 [德恩精工] BUY @ 20.35 (VR:0.45)
[2026-08-14 13:50:06]  [行8] 解析成功: SZSE.300497 [富祥股份] BUY @ 18.19 (VR:0.91)
[2026-08-14 13:50:06]  [行9] 解析成功: SHSE.688511 [天微电子] SELL @ 22.99 (VR:0.22)
[2026-08-14 13:50:06]  [行10] 解析成功: SHSE.688216 [气派科技] SELL @ 30.75 (VR:0.7)
[2026-08-14 13:50:06]  [行11] 解析成功: SHSE.688249 [晶合集成] SELL @ 39.72 (VR:0.47)
[2026-08-14 13:50:06]  [行12] 解析成功: SHSE.688138 [清溢光电] SELL @ 33.4 (VR:0.11)
[2026-08-14 13:50:06]  [行13] 解析成功: SZSE.300285 [国瓷材料] SELL @ 70.16 (VR:0.12)
[2026-08-14 13:50:06]  [行14] 解析成功: SZSE.300420 [五洋自控] BUY @ 7.96 (VR:2.43)
[2026-08-14 13:50:06]  [行15] 解析成功: SZSE.300661 [圣邦股份] SELL @ 121.58 (VR:0.15)
[2026-08-14 13:50:06]  [行16] 解析成功: SZSE.300780 [德恩精工] BUY @ 20.38 (VR:0.66)
[2026-08-14 13:50:06]  [行17] 解析成功: SZSE.300497 [富祥股份] BUY @ 18.2 (VR:1.13)
[2026-08-14 13:50:06] 成功保存 17 条因子至: signal_batch_20260814_135006_822425.txt
[2026-08-14 13:50:07]  QQ-主 邮件 6329 处理完成
[2026-08-14 13:50:07]  QQ-主 正在解析因子: =?utf-8?b?QWxwaGFQaWxvdCDlrp7ml7bkv6Hlj7cgKGFscGhhX3NpZ25hbF90aHJfMjAyNjA4MTRfMTM0OS5qc29uKSBb5Li7UVEt5a+55aSWXQ==?=
[2026-08-14 13:50:07]  发现表格，共 17 行数据
[2026-08-14 13:50:07]  动态索引映射: ['股票代码', '股票名称', '信号', '当前价格', '量比', '来源过滤']
[2026-08-14 13:50:07]  [行1] 解析成功: SHSE.688511 [天微电子] SELL @ 23.02 (VR:0.07)
[2026-08-14 13:50:07]  [行2] 解析成功: SHSE.688249 [晶合集成] SELL @ 39.8 (VR:0.29)
[2026-08-14 13:50:07]  [行3] 解析成功: SHSE.688138 [清溢光电] SELL @ 33.48 (VR:0.05)
[2026-08-14 13:50:07]  [行4] 解析成功: SZSE.300285 [国瓷材料] SELL @ 70.35 (VR:0.16)
[2026-08-14 13:50:07]  [行5] 解析成功: SZSE.300420 [五洋自控] BUY @ 7.96 (VR:1.96)
[2026-08-14 13:50:07]  [行6] 解析成功: SZSE.300661 [圣邦股份] SELL @ 121.67 (VR:0.34)
[2026-08-14 13:50:07]  [行7] 解析成功: SZSE.300780 [德恩精工] BUY @ 20.35 (VR:0.45)
[2026-08-14 13:50:07]  [行8] 解析成功: SZSE.300497 [富祥股份] BUY @ 18.19 (VR:0.91)
[2026-08-14 13:50:07]  [行9] 解析成功: SHSE.688511 [天微电子] SELL @ 22.99 (VR:0.22)
[2026-08-14 13:50:07]  [行10] 解析成功: SHSE.688216 [气派科技] SELL @ 30.75 (VR:0.7)
[2026-08-14 13:50:07]  [行11] 解析成功: SHSE.688249 [晶合集成] SELL @ 39.72 (VR:0.47)
[2026-08-14 13:50:07]  [行12] 解析成功: SHSE.688138 [清溢光电] SELL @ 33.4 (VR:0.11)
[2026-08-14 13:50:07]  [行13] 解析成功: SZSE.300285 [国瓷材料] SELL @ 70.16 (VR:0.12)
[2026-08-14 13:50:07]  [行14] 解析成功: SZSE.300420 [五洋自控] BUY @ 7.96 (VR:2.43)
[2026-08-14 13:50:07]  [行15] 解析成功: SZSE.300661 [圣邦股份] SELL @ 121.58 (VR:0.15)
[2026-08-14 13:50:07]  [行16] 解析成功: SZSE.300780 [德恩精工] BUY @ 20.38 (VR:0.66)
[2026-08-14 13:50:07]  [行17] 解析成功: SZSE.300497 [富祥股份] BUY @ 18.2 (VR:1.13)
[2026-08-14 13:50:07] 成功保存 17 条因子至: signal_batch_20260814_135007_234483.txt
[2026-08-14 13:50:07]  QQ-主 邮件 6330 处理完成
[2026-08-14 13:50:07]  QQ-主 本轮共成功处理 2 封有效信号邮件
[2026-08-14 13:50:07]  正在连接 QQ-备用 邮箱服务器 (shouqianbadavid@qq.com) ...
[2026-08-14 13:50:08]  QQ-备用 正在解析因子: =?utf-8?b?QWxwaGFQaWxvdCDlpIfku73kv6Hlj7cgKGFscGhhX3NpZ25hbF90aHJfMjAyNjA4MTRfMTM0OS5qc29uKSBb5aSHUVEt6Ieq5L+dXQ==?=
[2026-08-14 13:50:08]  发现表格，共 17 行数据
[2026-08-14 13:50:08]  动态索引映射: ['股票代码', '股票名称', '信号', '当前价格', '量比', '来源过滤']
[2026-08-14 13:50:08]  [行1] 解析成功: SHSE.688511 [天微电子] SELL @ 23.02 (VR:0.07)
[2026-08-14 13:50:08]  [行2] 解析成功: SHSE.688249 [晶合集成] SELL @ 39.8 (VR:0.29)
[2026-08-14 13:50:08]  [行3] 解析成功: SHSE.688138 [清溢光电] SELL @ 33.48 (VR:0.05)
[2026-08-14 13:50:08]  [行4] 解析成功: SZSE.300285 [国瓷材料] SELL @ 70.35 (VR:0.16)
[2026-08-14 13:50:08]  [行5] 解析成功: SZSE.300420 [五洋自控] BUY @ 7.96 (VR:1.96)
[2026-08-14 13:50:08]  [行6] 解析成功: SZSE.300661 [圣邦股份] SELL @ 121.67 (VR:0.34)
[2026-08-14 13:50:08]  [行7] 解析成功: SZSE.300780 [德恩精工] BUY @ 20.35 (VR:0.45)
[2026-08-14 13:50:08]  [行8] 解析成功: SZSE.300497 [富祥股份] BUY @ 18.19 (VR:0.91)
[2026-08-14 13:50:08]  [行9] 解析成功: SHSE.688511 [天微电子] SELL @ 22.99 (VR:0.22)
[2026-08-14 13:50:08]  [行10] 解析成功: SHSE.688216 [气派科技] SELL @ 30.75 (VR:0.7)
[2026-08-14 13:50:08]  [行11] 解析成功: SHSE.688249 [晶合集成] SELL @ 39.72 (VR:0.47)
[2026-08-14 13:50:08]  [行12] 解析成功: SHSE.688138 [清溢光电] SELL @ 33.4 (VR:0.11)
[2026-08-14 13:50:08]  [行13] 解析成功: SZSE.300285 [国瓷材料] SELL @ 70.16 (VR:0.12)
[2026-08-14 13:50:08]  [行14] 解析成功: SZSE.300420 [五洋自控] BUY @ 7.96 (VR:2.43)
[2026-08-14 13:50:08]  [行15] 解析成功: SZSE.300661 [圣邦股份] SELL @ 121.58 (VR:0.15)
[2026-08-14 13:50:08]  [行16] 解析成功: SZSE.300780 [德恩精工] BUY @ 20.38 (VR:0.66)
[2026-08-14 13:50:08]  [行17] 解析成功: SZSE.300497 [富祥股份] BUY @ 18.2 (VR:1.13)
[2026-08-14 13:50:08] 成功保存 17 条因子至: signal_batch_20260814_135008_740014.txt
[2026-08-14 13:50:08]  QQ-备用 邮件 3969 处理完成
[2026-08-14 13:50:08]  QQ-备用 正在解析因子: =?utf-8?b?QWxwaGFQaWxvdCDlpIfku73kv6Hlj7cgKGFscGhhX3NpZ25hbF90aHJfMjAyNjA4MTRfMTM0OS5qc29uKSBb5aSHUVEt6Ieq5L+dXQ==?=
[2026-08-14 13:50:08]  发现表格，共 17 行数据
[2026-08-14 13:50:08]  动态索引映射: ['股票代码', '股票名称', '信号', '当前价格', '量比', '来源过滤']
[2026-08-14 13:50:08]  [行1] 解析成功: SHSE.688511 [天微电子] SELL @ 23.02 (VR:0.07)
[2026-08-14 13:50:08]  [行2] 解析成功: SHSE.688249 [晶合集成] SELL @ 39.8 (VR:0.29)
[2026-08-14 13:50:08]  [行3] 解析成功: SHSE.688138 [清溢光电] SELL @ 33.48 (VR:0.05)
[2026-08-14 13:50:08]  [行4] 解析成功: SZSE.300285 [国瓷材料] SELL @ 70.35 (VR:0.16)
[2026-08-14 13:50:08]  [行5] 解析成功: SZSE.300420 [五洋自控] BUY @ 7.96 (VR:1.96)
[2026-08-14 13:50:08]  [行6] 解析成功: SZSE.300661 [圣邦股份] SELL @ 121.67 (VR:0.34)
[2026-08-14 13:50:08]  [行7] 解析成功: SZSE.300780 [德恩精工] BUY @ 20.35 (VR:0.45)
[2026-08-14 13:50:08]  [行8] 解析成功: SZSE.300497 [富祥股份] BUY @ 18.19 (VR:0.91)
[2026-08-14 13:50:08]  [行9] 解析成功: SHSE.688511 [天微电子] SELL @ 22.99 (VR:0.22)
[2026-08-14 13:50:08]  [行10] 解析成功: SHSE.688216 [气派科技] SELL @ 30.75 (VR:0.7)
[2026-08-14 13:50:08]  [行11] 解析成功: SHSE.688249 [晶合集成] SELL @ 39.72 (VR:0.47)
[2026-08-14 13:50:08]  [行12] 解析成功: SHSE.688138 [清溢光电] SELL @ 33.4 (VR:0.11)
[2026-08-14 13:50:08]  [行13] 解析成功: SZSE.300285 [国瓷材料] SELL @ 70.16 (VR:0.12)
[2026-08-14 13:50:08]  [行14] 解析成功: SZSE.300420 [五洋自控] BUY @ 7.96 (VR:2.43)
[2026-08-14 13:50:08]  [行15] 解析成功: SZSE.300661 [圣邦股份] SELL @ 121.58 (VR:0.15)
[2026-08-14 13:50:08]  [行16] 解析成功: SZSE.300780 [德恩精工] BUY @ 20.38 (VR:0.66)
[2026-08-14 13:50:08]  [行17] 解析成功: SZSE.300497 [富祥股份] BUY @ 18.2 (VR:1.13)
[2026-08-14 13:50:09] 本批信号内容已存在（哈希重复），跳过保存（防双邮箱重复）
[2026-08-14 13:50:09]  QQ-备用 邮件 3970 保存因子失败
[2026-08-14 13:50:09]  QQ-备用 本轮共成功处理 1 封有效信号邮件
[2026-08-14 13:50:44]  正在连接 QQ-主 邮箱服务器 (497720537@qq.com) ...
[2026-08-14 13:50:45]  正在连接 QQ-备用 邮箱服务器 (shouqianbadavid@qq.com) ...
[2026-08-14 13:50:46]  QQ-备用 正在解析因子: =?utf-8?b?QWxwaGFQaWxvdCDlpIfku73kv6Hlj7cgKGFscGhhX3NpZ25hbF90aHJfMjAyNjA4MTRfMTM0OS5qc29uKSBb5aSHUVEt6Ieq5L+dXQ==?=
[2026-08-14 13:50:46]  发现表格，共 17 行数据
[2026-08-14 13:50:46]  动态索引映射: ['股票代码', '股票名称', '信号', '当前价格', '量比', '来源过滤']
[2026-08-14 13:50:46]  [行1] 解析成功: SHSE.688511 [天微电子] SELL @ 23.02 (VR:0.07)
[2026-08-14 13:50:46]  [行2] 解析成功: SHSE.688249 [晶合集成] SELL @ 39.8 (VR:0.29)
[2026-08-14 13:50:46]  [行3] 解析成功: SHSE.688138 [清溢光电] SELL @ 33.48 (VR:0.05)
[2026-08-14 13:50:46]  [行4] 解析成功: SZSE.300285 [国瓷材料] SELL @ 70.35 (VR:0.16)
[2026-08-14 13:50:46]  [行5] 解析成功: SZSE.300420 [五洋自控] BUY @ 7.96 (VR:1.96)
[2026-08-14 13:50:46]  [行6] 解析成功: SZSE.300661 [圣邦股份] SELL @ 121.67 (VR:0.34)
[2026-08-14 13:50:46]  [行7] 解析成功: SZSE.300780 [德恩精工] BUY @ 20.35 (VR:0.45)
[2026-08-14 13:50:46]  [行8] 解析成功: SZSE.300497 [富祥股份] BUY @ 18.19 (VR:0.91)
[2026-08-14 13:50:46]  [行9] 解析成功: SHSE.688511 [天微电子] SELL @ 22.99 (VR:0.22)
[2026-08-14 13:50:46]  [行10] 解析成功: SHSE.688216 [气派科技] SELL @ 30.75 (VR:0.7)
[2026-08-14 13:50:46]  [行11] 解析成功: SHSE.688249 [晶合集成] SELL @ 39.72 (VR:0.47)
[2026-08-14 13:50:46]  [行12] 解析成功: SHSE.688138 [清溢光电] SELL @ 33.4 (VR:0.11)
[2026-08-14 13:50:46]  [行13] 解析成功: SZSE.300285 [国瓷材料] SELL @ 70.16 (VR:0.12)
[2026-08-14 13:50:46]  [行14] 解析成功: SZSE.300420 [五洋自控] BUY @ 7.96 (VR:2.43)
[2026-08-14 13:50:46]  [行15] 解析成功: SZSE.300661 [圣邦股份] SELL @ 121.58 (VR:0.15)
[2026-08-14 13:50:46]  [行16] 解析成功: SZSE.300780 [德恩精工] BUY @ 20.38 (VR:0.66)
[2026-08-14 13:50:46]  [行17] 解析成功: SZSE.300497 [富祥股份] BUY @ 18.2 (VR:1.13)
[2026-08-14 13:50:46] 成功保存 17 条因子至: signal_batch_20260814_135046_257068.txt
[2026-08-14 13:50:46]  QQ-备用 邮件 3970 处理完成
[2026-08-14 13:50:46]  QQ-备用 本轮共成功处理 1 封有效信号邮件
[2026-08-14 13:51:21]  正在连接 QQ-主 邮箱服务器 (497720537@qq.com) ...
[2026-08-14 13:51:22]  正在连接 QQ-备用 邮箱服务器 (shouqianbadavid@qq.com) ...
[2026-08-14 13:51:57]  正在连接 QQ-主 邮箱服务器 (497720537@qq.com) ...
[2026-08-14 13:51:58]  正在连接 QQ-备用 邮箱服务器 (shouqianbadavid@qq.com) ...
[2026-08-14 13:52:33]  正在连接 QQ-主 邮箱服务器 (497720537@qq.com) ...
[2026-08-14 13:52:34]  正在连接 QQ-备用 邮箱服务器 (shouqianbadavid@qq.com) ...
[2026-08-14 13:53:10]  正在连接 QQ-主 邮箱服务器 (497720537@qq.com) ...
[2026-08-14 13:53:11]  QQ-主 正在解析因子: =?utf-8?b?QWxwaGFQaWxvdCDlrp7ml7bkv6Hlj7cgKGFscGhhX3NpZ25hbF90aHJfMjAyNjA4MTRfMTM1Mi5qc29uKSBb5Li7UVEt5a+55aSWXQ==?=
[2026-08-14 13:53:11]  发现表格，共 18 行数据
[2026-08-14 13:53:11]  动态索引映射: ['股票代码', '股票名称', '信号', '当前价格', '量比', '来源过滤']
[2026-08-14 13:53:11]  [行1] 解析成功: SHSE.688110 [东芯股份] BUY @ 115.32 (VR:0.03)
[2026-08-14 13:53:11]  [行2] 解析成功: SHSE.688002 [睿创微纳] BUY @ 165.65 (VR:0.47)
[2026-08-14 13:53:11]  [行3] 解析成功: SHSE.688521 [芯原股份] BUY @ 205.76 (VR:0.4)
[2026-08-14 13:53:11]  [行4] 解析成功: SHSE.688227 [品高股份] BUY @ 81.02 (VR:0.78)
[2026-08-14 13:53:11]  [行5] 解析成功: SZSE.300689 [澄天伟业] BUY @ 52.92 (VR:0.01)
[2026-08-14 13:53:11]  [行6] 解析成功: SZSE.300806 [斯迪克] SELL @ 48.22 (VR:0.68)
[2026-08-14 13:53:11]  [行7] 解析成功: SZSE.300679 [电连技术] BUY @ 42.6 (VR:0.26)
[2026-08-14 13:53:11]  [行8] 解析成功: SZSE.301013 [利和兴] SELL @ 45.88 (VR:0.61)
[2026-08-14 13:53:11]  [行9] 解析成功: SZSE.300790 [宇瞳光学] SELL @ 19.65 (VR:1.13)
[2026-08-14 13:53:11]  [行10] 解析成功: SHSE.688110 [东芯股份] BUY @ 115.51 (VR:0.75)
[2026-08-14 13:53:11]  [行11] 解析成功: SHSE.688002 [睿创微纳] BUY @ 166.09 (VR:0.21)
[2026-08-14 13:53:11]  [行12] 解析成功: SHSE.688521 [芯原股份] BUY @ 206.07 (VR:0.08)
[2026-08-14 13:53:11]  [行13] 解析成功: SHSE.688227 [品高股份] BUY @ 81.25 (VR:1.69)
[2026-08-14 13:53:11]  [行14] 解析成功: SZSE.300852 [四会富仕] BUY @ 44.61 (VR:0.66)
[2026-08-14 13:53:11]  [行15] 解析成功: SZSE.300689 [澄天伟业] BUY @ 52.98 (VR:1.34)
[2026-08-14 13:53:11]  [行16] 解析成功: SZSE.301045 [天禄科技] SELL @ 69.17 (VR:0.1)
[2026-08-14 13:53:11]  [行17] 解析成功: SZSE.300806 [斯迪克] BUY @ 48.33 (VR:0.22)
[2026-08-14 13:53:11]  [行18] 解析成功: SZSE.300679 [电连技术] BUY @ 42.67 (VR:0.21)
[2026-08-14 13:53:11] 成功保存 18 条因子至: signal_batch_20260814_135311_281855.txt
[2026-08-14 13:53:11]  QQ-主 邮件 6331 处理完成
[2026-08-14 13:53:11]  QQ-主 本轮共成功处理 1 封有效信号邮件
[2026-08-14 13:53:11]  正在连接 QQ-备用 邮箱服务器 (shouqianbadavid@qq.com) ...
[2026-08-14 13:53:47]  正在连接 QQ-主 邮箱服务器 (497720537@qq.com) ...
[2026-08-14 13:53:47]  QQ-主 正在解析因子: =?utf-8?b?QWxwaGFQaWxvdCDlrp7ml7bkv6Hlj7cgKGFscGhhX3NpZ25hbF90aHJfMjAyNjA4MTRfMTM1My5qc29uKSBb5Li7UVEt5a+55aSWXQ==?=
[2026-08-14 13:53:47]  发现表格，共 17 行数据
[2026-08-14 13:53:47]  动态索引映射: ['股票代码', '股票名称', '信号', '当前价格', '量比', '来源过滤']
[2026-08-14 13:53:47]  [行1] 解析成功: SHSE.688110 [东芯股份] BUY @ 115.32 (VR:0.03)
[2026-08-14 13:53:47]  [行2] 解析成功: SHSE.688002 [睿创微纳] BUY @ 165.65 (VR:0.47)
[2026-08-14 13:53:47]  [行3] 解析成功: SHSE.688521 [芯原股份] BUY @ 205.76 (VR:0.4)
[2026-08-14 13:53:47]  [行4] 解析成功: SHSE.688227 [品高股份] BUY @ 81.02 (VR:0.78)
[2026-08-14 13:53:47]  [行5] 解析成功: SZSE.300689 [澄天伟业] BUY @ 52.92 (VR:0.01)
[2026-08-14 13:53:47]  [行6] 解析成功: SZSE.300806 [斯迪克] SELL @ 48.22 (VR:0.68)
[2026-08-14 13:53:47]  [行7] 解析成功: SZSE.300679 [电连技术] BUY @ 42.6 (VR:0.26)
[2026-08-14 13:53:47]  [行8] 解析成功: SZSE.301013 [利和兴] SELL @ 45.88 (VR:0.61)
[2026-08-14 13:53:47]  [行9] 解析成功: SZSE.300790 [宇瞳光学] SELL @ 19.65 (VR:1.13)
[2026-08-14 13:53:47]  [行10] 解析成功: SHSE.688110 [东芯股份] BUY @ 115.51 (VR:0.75)
[2026-08-14 13:53:47]  [行11] 解析成功: SHSE.688002 [睿创微纳] BUY @ 166.09 (VR:0.21)
[2026-08-14 13:53:47]  [行12] 解析成功: SHSE.688521 [芯原股份] BUY @ 206.07 (VR:0.08)
[2026-08-14 13:53:47]  [行13] 解析成功: SHSE.688227 [品高股份] BUY @ 81.25 (VR:1.69)
[2026-08-14 13:53:47]  [行14] 解析成功: SZSE.300852 [四会富仕] BUY @ 44.61 (VR:0.66)
[2026-08-14 13:53:47]  [行15] 解析成功: SZSE.300689 [澄天伟业] BUY @ 52.98 (VR:1.34)
[2026-08-14 13:53:47]  [行16] 解析成功: SZSE.301045 [天禄科技] SELL @ 69.17 (VR:0.1)
[2026-08-14 13:53:47]  [行17] 解析成功: SZSE.300679 [电连技术] BUY @ 42.67 (VR:0.21)
[2026-08-14 13:53:47] 成功保存 17 条因子至: signal_batch_20260814_135347_784797.txt
[2026-08-14 13:53:47]  QQ-主 邮件 6332 处理完成
[2026-08-14 13:53:47]  QQ-主 本轮共成功处理 1 封有效信号邮件
[2026-08-14 13:53:48]  正在连接 QQ-备用 邮箱服务器 (shouqianbadavid@qq.com) ...
[2026-08-14 13:54:23]  正在连接 QQ-主 邮箱服务器 (497720537@qq.com) ...
[2026-08-14 13:54:24]  正在连接 QQ-备用 邮箱服务器 (shouqianbadavid@qq.com) ...
[2026-08-14 13:55:00]  正在连接 QQ-主 邮箱服务器 (497720537@qq.com) ...
[2026-08-14 13:55:00]  正在连接 QQ-备用 邮箱服务器 (shouqianbadavid@qq.com) ...
[2026-08-14 13:55:01]  QQ-备用 正在解析因子: =?utf-8?b?QWxwaGFQaWxvdCDlpIfku73kv6Hlj7cgKGFscGhhX3NpZ25hbF90aHJfMjAyNjA4MTRfMTM1Mi5qc29uKSBb5aSHUVEt6Ieq5L+dXQ==?=
[2026-08-14 13:55:01]  发现表格，共 18 行数据
[2026-08-14 13:55:01]  动态索引映射: ['股票代码', '股票名称', '信号', '当前价格', '量比', '来源过滤']
[2026-08-14 13:55:01]  [行1] 解析成功: SHSE.688110 [东芯股份] BUY @ 115.32 (VR:0.03)
[2026-08-14 13:55:01]  [行2] 解析成功: SHSE.688002 [睿创微纳] BUY @ 165.65 (VR:0.47)
[2026-08-14 13:55:01]  [行3] 解析成功: SHSE.688521 [芯原股份] BUY @ 205.76 (VR:0.4)
[2026-08-14 13:55:01]  [行4] 解析成功: SHSE.688227 [品高股份] BUY @ 81.02 (VR:0.78)
[2026-08-14 13:55:01]  [行5] 解析成功: SZSE.300689 [澄天伟业] BUY @ 52.92 (VR:0.01)
[2026-08-14 13:55:01]  [行6] 解析成功: SZSE.300806 [斯迪克] SELL @ 48.22 (VR:0.68)
[2026-08-14 13:55:01]  [行7] 解析成功: SZSE.300679 [电连技术] BUY @ 42.6 (VR:0.26)
[2026-08-14 13:55:01]  [行8] 解析成功: SZSE.301013 [利和兴] SELL @ 45.88 (VR:0.61)
[2026-08-14 13:55:01]  [行9] 解析成功: SZSE.300790 [宇瞳光学] SELL @ 19.65 (VR:1.13)
[2026-08-14 13:55:01]  [行10] 解析成功: SHSE.688110 [东芯股份] BUY @ 115.51 (VR:0.75)
[2026-08-14 13:55:01]  [行11] 解析成功: SHSE.688002 [睿创微纳] BUY @ 166.09 (VR:0.21)
[2026-08-14 13:55:01]  [行12] 解析成功: SHSE.688521 [芯原股份] BUY @ 206.07 (VR:0.08)
[2026-08-14 13:55:01]  [行13] 解析成功: SHSE.688227 [品高股份] BUY @ 81.25 (VR:1.69)
[2026-08-14 13:55:01]  [行14] 解析成功: SZSE.300852 [四会富仕] BUY @ 44.61 (VR:0.66)
[2026-08-14 13:55:01]  [行15] 解析成功: SZSE.300689 [澄天伟业] BUY @ 52.98 (VR:1.34)
[2026-08-14 13:55:01]  [行16] 解析成功: SZSE.301045 [天禄科技] SELL @ 69.17 (VR:0.1)
[2026-08-14 13:55:01]  [行17] 解析成功: SZSE.300806 [斯迪克] BUY @ 48.33 (VR:0.22)
[2026-08-14 13:55:01]  [行18] 解析成功: SZSE.300679 [电连技术] BUY @ 42.67 (VR:0.21)
[2026-08-14 13:55:01] 成功保存 18 条因子至: signal_batch_20260814_135501_515514.txt
[2026-08-14 13:55:01]  QQ-备用 邮件 3971 处理完成
[2026-08-14 13:55:01]  QQ-备用 正在解析因子: =?utf-8?b?QWxwaGFQaWxvdCDlpIfku73kv6Hlj7cgKGFscGhhX3NpZ25hbF90aHJfMjAyNjA4MTRfMTM1My5qc29uKSBb5aSHUVEt6Ieq5L+dXQ==?=
[2026-08-14 13:55:01]  发现表格，共 17 行数据
[2026-08-14 13:55:01]  动态索引映射: ['股票代码', '股票名称', '信号', '当前价格', '量比', '来源过滤']
[2026-08-14 13:55:01]  [行1] 解析成功: SHSE.688110 [东芯股份] BUY @ 115.32 (VR:0.03)
[2026-08-14 13:55:01]  [行2] 解析成功: SHSE.688002 [睿创微纳] BUY @ 165.65 (VR:0.47)
[2026-08-14 13:55:01]  [行3] 解析成功: SHSE.688521 [芯原股份] BUY @ 205.76 (VR:0.4)
[2026-08-14 13:55:01]  [行4] 解析成功: SHSE.688227 [品高股份] BUY @ 81.02 (VR:0.78)
[2026-08-14 13:55:01]  [行5] 解析成功: SZSE.300689 [澄天伟业] BUY @ 52.92 (VR:0.01)
[2026-08-14 13:55:01]  [行6] 解析成功: SZSE.300806 [斯迪克] SELL @ 48.22 (VR:0.68)
[2026-08-14 13:55:01]  [行7] 解析成功: SZSE.300679 [电连技术] BUY @ 42.6 (VR:0.26)
[2026-08-14 13:55:01]  [行8] 解析成功: SZSE.301013 [利和兴] SELL @ 45.88 (VR:0.61)
[2026-08-14 13:55:01]  [行9] 解析成功: SZSE.300790 [宇瞳光学] SELL @ 19.65 (VR:1.13)
[2026-08-14 13:55:01]  [行10] 解析成功: SHSE.688110 [东芯股份] BUY @ 115.51 (VR:0.75)
[2026-08-14 13:55:01]  [行11] 解析成功: SHSE.688002 [睿创微纳] BUY @ 166.09 (VR:0.21)
[2026-08-14 13:55:01]  [行12] 解析成功: SHSE.688521 [芯原股份] BUY @ 206.07 (VR:0.08)
[2026-08-14 13:55:01]  [行13] 解析成功: SHSE.688227 [品高股份] BUY @ 81.25 (VR:1.69)
[2026-08-14 13:55:01]  [行14] 解析成功: SZSE.300852 [四会富仕] BUY @ 44.61 (VR:0.66)
[2026-08-14 13:55:01]  [行15] 解析成功: SZSE.300689 [澄天伟业] BUY @ 52.98 (VR:1.34)
[2026-08-14 13:55:01]  [行16] 解析成功: SZSE.301045 [天禄科技] SELL @ 69.17 (VR:0.1)
[2026-08-14 13:55:01]  [行17] 解析成功: SZSE.300679 [电连技术] BUY @ 42.67 (VR:0.21)
[2026-08-14 13:55:01] 成功保存 17 条因子至: signal_batch_20260814_135501_830878.txt
[2026-08-14 13:55:01]  QQ-备用 邮件 3972 处理完成
[2026-08-14 13:55:01]  QQ-备用 本轮共成功处理 2 封有效信号邮件
[2026-08-14 13:55:37]  正在连接 QQ-主 邮箱服务器 (497720537@qq.com) ...
[2026-08-14 13:55:38]  正在连接 QQ-备用 邮箱服务器 (shouqianbadavid@qq.com) ...
[2026-08-14 13:56:14]  正在连接 QQ-主 邮箱服务器 (497720537@qq.com) ...
[2026-08-14 13:56:14]  QQ-主 正在解析因子: =?utf-8?b?QWxwaGFQaWxvdCDlrp7ml7bkv6Hlj7cgKGFscGhhX3NpZ25hbF90aHJfMjAyNjA4MTRfMTM1NS5qc29uKSBb5Li7UVEt5a+55aSWXQ==?=
[2026-08-14 13:56:14]  发现表格，共 6 行数据
[2026-08-14 13:56:14]  动态索引映射: ['股票代码', '股票名称', '信号', '当前价格', '量比', '来源过滤']
[2026-08-14 13:56:14]  [行1] 解析成功: SZSE.300720 [海川智能] SELL @ 92.16 (VR:0.51)
[2026-08-14 13:56:14]  [行2] 解析成功: SZSE.300346 [南大光电] BUY @ 58.49 (VR:1.79)
[2026-08-14 13:56:14]  [行3] 解析成功: SZSE.000510 [新金路] SELL @ 16.86 (VR:0.02)
[2026-08-14 13:56:14]  [行4] 解析成功: SZSE.300739 [明阳电路] BUY @ 23.35 (VR:6.12)
[2026-08-14 13:56:14]  [行5] 解析成功: SHSE.601138 [工业富联] BUY @ 65.85 (VR:1.17)
[2026-08-14 13:56:14]  [行6] 解析成功: SZSE.000510 [新金路] SELL @ 16.82 (VR:1.37)
[2026-08-14 13:56:14] 成功保存 6 条因子至: signal_batch_20260814_135614_640720.txt
[2026-08-14 13:56:14]  QQ-主 邮件 6333 处理完成
[2026-08-14 13:56:14]  QQ-主 正在解析因子: =?utf-8?b?QWxwaGFQaWxvdCDlrp7ml7bkv6Hlj7cgKGFscGhhX3NpZ25hbF90aHJfMjAyNjA4MTRfMTM1Ni5qc29uKSBb5Li7UVEt5a+55aSWXQ==?=
[2026-08-14 13:56:14]  发现表格，共 5 行数据
[2026-08-14 13:56:14]  动态索引映射: ['股票代码', '股票名称', '信号', '当前价格', '量比', '来源过滤']
[2026-08-14 13:56:14]  [行1] 解析成功: SZSE.300720 [海川智能] SELL @ 92.16 (VR:0.54)
[2026-08-14 13:56:14]  [行2] 解析成功: SZSE.300346 [南大光电] BUY @ 58.48 (VR:2.1)
[2026-08-14 13:56:14]  [行3] 解析成功: SZSE.000510 [新金路] BUY @ 16.85 (VR:0.85)
[2026-08-14 13:56:14]  [行4] 解析成功: SHSE.601138 [工业富联] BUY @ 65.84 (VR:1.35)
[2026-08-14 13:56:14]  [行5] 解析成功: SZSE.000510 [新金路] BUY @ 16.85 (VR:2.52)
[2026-08-14 13:56:14] 成功保存 5 条因子至: signal_batch_20260814_135614_948536.txt
[2026-08-14 13:56:15]  QQ-主 邮件 6334 处理完成
[2026-08-14 13:56:15]  QQ-主 本轮共成功处理 2 封有效信号邮件
[2026-08-14 13:56:15]  正在连接 QQ-备用 邮箱服务器 (shouqianbadavid@qq.com) ...
[2026-08-14 13:56:50]  正在连接 QQ-主 邮箱服务器 (497720537@qq.com) ...
[2026-08-14 13:56:51]  正在连接 QQ-备用 邮箱服务器 (shouqianbadavid@qq.com) ...
[2026-08-14 13:57:27]  正在连接 QQ-主 邮箱服务器 (497720537@qq.com) ...
[2026-08-14 13:57:27]  正在连接 QQ-备用 邮箱服务器 (shouqianbadavid@qq.com) ...
[2026-08-14 13:57:28]  QQ-备用 正在解析因子: =?utf-8?b?QWxwaGFQaWxvdCDlpIfku73kv6Hlj7cgKGFscGhhX3NpZ25hbF90aHJfMjAyNjA4MTRfMTM1NS5qc29uKSBb5aSHUVEt6Ieq5L+dXQ==?=
[2026-08-14 13:57:28]  发现表格，共 6 行数据
[2026-08-14 13:57:28]  动态索引映射: ['股票代码', '股票名称', '信号', '当前价格', '量比', '来源过滤']
[2026-08-14 13:57:28]  [行1] 解析成功: SZSE.300720 [海川智能] SELL @ 92.16 (VR:0.51)
[2026-08-14 13:57:28]  [行2] 解析成功: SZSE.300346 [南大光电] BUY @ 58.49 (VR:1.79)
[2026-08-14 13:57:28]  [行3] 解析成功: SZSE.000510 [新金路] SELL @ 16.86 (VR:0.02)
[2026-08-14 13:57:28]  [行4] 解析成功: SZSE.300739 [明阳电路] BUY @ 23.35 (VR:6.12)
[2026-08-14 13:57:28]  [行5] 解析成功: SHSE.601138 [工业富联] BUY @ 65.85 (VR:1.17)
[2026-08-14 13:57:28]  [行6] 解析成功: SZSE.000510 [新金路] SELL @ 16.82 (VR:1.37)
[2026-08-14 13:57:28] 成功保存 6 条因子至: signal_batch_20260814_135728_753575.txt
[2026-08-14 13:57:28]  QQ-备用 邮件 3973 处理完成
[2026-08-14 13:57:28]  QQ-备用 正在解析因子: =?utf-8?b?QWxwaGFQaWxvdCDlpIfku73kv6Hlj7cgKGFscGhhX3NpZ25hbF90aHJfMjAyNjA4MTRfMTM1Ni5qc29uKSBb5aSHUVEt6Ieq5L+dXQ==?=
[2026-08-14 13:57:28]  发现表格，共 5 行数据
[2026-08-14 13:57:28]  动态索引映射: ['股票代码', '股票名称', '信号', '当前价格', '量比', '来源过滤']
[2026-08-14 13:57:28]  [行1] 解析成功: SZSE.300720 [海川智能] SELL @ 92.16 (VR:0.54)
[2026-08-14 13:57:28]  [行2] 解析成功: SZSE.300346 [南大光电] BUY @ 58.48 (VR:2.1)
[2026-08-14 13:57:28]  [行3] 解析成功: SZSE.000510 [新金路] BUY @ 16.85 (VR:0.85)
[2026-08-14 13:57:28]  [行4] 解析成功: SHSE.601138 [工业富联] BUY @ 65.84 (VR:1.35)
[2026-08-14 13:57:28]  [行5] 解析成功: SZSE.000510 [新金路] BUY @ 16.85 (VR:2.52)
[2026-08-14 13:57:29] 成功保存 5 条因子至: signal_batch_20260814_135729_019336.txt
[2026-08-14 13:57:29]  QQ-备用 邮件 3974 处理完成
[2026-08-14 13:57:29]  QQ-备用 本轮共成功处理 2 封有效信号邮件
[2026-08-14 13:58:04]  正在连接 QQ-主 邮箱服务器 (497720537@qq.com) ...
[2026-08-14 13:58:05]  正在连接 QQ-备用 邮箱服务器 (shouqianbadavid@qq.com) ...
[2026-08-14 13:58:41]  正在连接 QQ-主 邮箱服务器 (497720537@qq.com) ...
[2026-08-14 13:58:42]  正在连接 QQ-备用 邮箱服务器 (shouqianbadavid@qq.com) ...
[2026-08-14 13:59:17]  正在连接 QQ-主 邮箱服务器 (497720537@qq.com) ...
[2026-08-14 13:59:18]  QQ-主 正在解析因子: =?utf-8?b?QWxwaGFQaWxvdCDlrp7ml7bkv6Hlj7cgKGFscGhhX3NpZ25hbF90aHJfMjAyNjA4MTRfMTM1OS5qc29uKSBb5Li7UVEt5a+55aSWXQ==?=
[2026-08-14 13:59:18]  发现表格，共 9 行数据
[2026-08-14 13:59:18]  动态索引映射: ['股票代码', '股票名称', '信号', '当前价格', '量比', '来源过滤']
[2026-08-14 13:59:18]  [行1] 解析成功: SHSE.603773 [沃格光电] BUY @ 93.82 (VR:0.85)
[2026-08-14 13:59:18]  [行2] 解析成功: SHSE.600259 [中稀有色] BUY @ 91.78 (VR:1.68)
[2026-08-14 13:59:18]  [行3] 解析成功: SHSE.600460 [士兰微] BUY @ 32.61 (VR:0.88)
[2026-08-14 13:59:18]  [行4] 解析成功: SZSE.003031 [中瓷电子] BUY @ 126.75 (VR:0.61)
[2026-08-14 13:59:18]  [行5] 解析成功: SZSE.002643 [万润股份] BUY @ 14.26 (VR:0.49)
[2026-08-14 13:59:18]  [行6] 解析成功: SHSE.600259 [中稀有色] BUY @ 91.89 (VR:1.3)
[2026-08-14 13:59:18]  [行7] 解析成功: SZSE.003031 [中瓷电子] BUY @ 126.84 (VR:1.92)
[2026-08-14 13:59:18]  [行8] 解析成功: SZSE.002643 [万润股份] BUY @ 14.27 (VR:0.47)
[2026-08-14 13:59:18]  [行9] 解析成功: SZSE.000920 [沃顿科技] BUY @ 11.67 (VR:0.49)
[2026-08-14 13:59:18] 成功保存 9 条因子至: signal_batch_20260814_135918_536927.txt
[2026-08-14 13:59:18]  QQ-主 邮件 6335 处理完成
[2026-08-14 13:59:18]  QQ-主 本轮共成功处理 1 封有效信号邮件
[2026-08-14 13:59:18]  正在连接 QQ-备用 邮箱服务器 (shouqianbadavid@qq.com) ...
[2026-08-14 13:59:54]  正在连接 QQ-主 邮箱服务器 (497720537@qq.com) ...
[2026-08-14 13:59:55]  QQ-主 正在解析因子: =?utf-8?b?QWxwaGFQaWxvdCDlrp7ml7bkv6Hlj7cgKGFscGhhX3NpZ25hbF90aHJfMjAyNjA4MTRfMTM1OS5qc29uKSBb5Li7UVEt5a+55aSWXQ==?=
[2026-08-14 13:59:55]  发现表格，共 14 行数据
[2026-08-14 13:59:55]  动态索引映射: ['股票代码', '股票名称', '信号', '当前价格', '量比', '来源过滤']
[2026-08-14 13:59:55]  [行1] 解析成功: SHSE.603773 [沃格光电] BUY @ 93.99 (VR:2.38)
[2026-08-14 13:59:55]  [行2] 解析成功: SHSE.600259 [中稀有色] BUY @ 91.79 (VR:2.53)
[2026-08-14 13:59:55]  [行3] 解析成功: SZSE.002643 [万润股份] BUY @ 14.26 (VR:0.33)
[2026-08-14 13:59:55]  [行4] 解析成功: SZSE.002937 [兴瑞科技] BUY @ 29.51 (VR:0.05)
[2026-08-14 13:59:55]  [行5] 解析成功: SZSE.000920 [沃顿科技] BUY @ 11.67 (VR:0.41)
[2026-08-14 13:59:55]  [行6] 解析成功: SZSE.000823 [超声电子] BUY @ 15.2 (VR:0.86)
[2026-08-14 13:59:55]  [行7] 解析成功: SHSE.600259 [中稀有色] BUY @ 91.97 (VR:1.55)
[2026-08-14 13:59:55]  [行8] 解析成功: SHSE.600460 [士兰微] BUY @ 32.57 (VR:0.06)
[2026-08-14 13:59:55]  [行9] 解析成功: SZSE.002552 [宝鼎科技] BUY @ 58.8 (VR:1.06)
[2026-08-14 13:59:55]  [行10] 解析成功: SZSE.003031 [中瓷电子] BUY @ 126.84 (VR:0.06)
[2026-08-14 13:59:55]  [行11] 解析成功: SZSE.002643 [万润股份] BUY @ 14.27 (VR:0.69)
[2026-08-14 13:59:55]  [行12] 解析成功: SZSE.002937 [兴瑞科技] BUY @ 29.52 (VR:0.02)
[2026-08-14 13:59:55]  [行13] 解析成功: SZSE.000920 [沃顿科技] BUY @ 11.67 (VR:0.01)
[2026-08-14 13:59:55]  [行14] 解析成功: SZSE.301070 [开勒股份] BUY @ 66.58 (VR:6.37)
[2026-08-14 13:59:55] 成功保存 14 条因子至: signal_batch_20260814_135955_098841.txt
[2026-08-14 13:59:55]  QQ-主 邮件 6336 处理完成
[2026-08-14 13:59:55]  QQ-主 本轮共成功处理 1 封有效信号邮件
[2026-08-14 13:59:55]  正在连接 QQ-备用 邮箱服务器 (shouqianbadavid@qq.com) ...
[2026-08-14 13:59:56]  QQ-备用 正在解析因子: =?utf-8?b?QWxwaGFQaWxvdCDlpIfku73kv6Hlj7cgKGFscGhhX3NpZ25hbF90aHJfMjAyNjA4MTRfMTM1OS5qc29uKSBb5aSHUVEt6Ieq5L+dXQ==?=
[2026-08-14 13:59:56]  发现表格，共 14 行数据
[2026-08-14 13:59:56]  动态索引映射: ['股票代码', '股票名称', '信号', '当前价格', '量比', '来源过滤']
[2026-08-14 13:59:56]  [行1] 解析成功: SHSE.603773 [沃格光电] BUY @ 93.99 (VR:2.38)
[2026-08-14 13:59:56]  [行2] 解析成功: SHSE.600259 [中稀有色] BUY @ 91.79 (VR:2.53)
[2026-08-14 13:59:56]  [行3] 解析成功: SZSE.002643 [万润股份] BUY @ 14.26 (VR:0.33)
[2026-08-14 13:59:56]  [行4] 解析成功: SZSE.002937 [兴瑞科技] BUY @ 29.51 (VR:0.05)
[2026-08-14 13:59:56]  [行5] 解析成功: SZSE.000920 [沃顿科技] BUY @ 11.67 (VR:0.41)
[2026-08-14 13:59:56]  [行6] 解析成功: SZSE.000823 [超声电子] BUY @ 15.2 (VR:0.86)
[2026-08-14 13:59:56]  [行7] 解析成功: SHSE.600259 [中稀有色] BUY @ 91.97 (VR:1.55)
[2026-08-14 13:59:56]  [行8] 解析成功: SHSE.600460 [士兰微] BUY @ 32.57 (VR:0.06)
[2026-08-14 13:59:56]  [行9] 解析成功: SZSE.002552 [宝鼎科技] BUY @ 58.8 (VR:1.06)
[2026-08-14 13:59:56]  [行10] 解析成功: SZSE.003031 [中瓷电子] BUY @ 126.84 (VR:0.06)
[2026-08-14 13:59:56]  [行11] 解析成功: SZSE.002643 [万润股份] BUY @ 14.27 (VR:0.69)
[2026-08-14 13:59:56]  [行12] 解析成功: SZSE.002937 [兴瑞科技] BUY @ 29.52 (VR:0.02)
[2026-08-14 13:59:56]  [行13] 解析成功: SZSE.000920 [沃顿科技] BUY @ 11.67 (VR:0.01)
[2026-08-14 13:59:56]  [行14] 解析成功: SZSE.301070 [开勒股份] BUY @ 66.58 (VR:6.37)
[2026-08-14 13:59:56] 成功保存 14 条因子至: signal_batch_20260814_135956_526601.txt
[2026-08-14 13:59:56]  QQ-备用 邮件 3976 处理完成
[2026-08-14 13:59:56]  QQ-备用 本轮共成功处理 1 封有效信号邮件
[2026-08-14 14:00:31]  正在连接 QQ-主 邮箱服务器 (497720537@qq.com) ...
[2026-08-14 14:00:33]  正在连接 QQ-备用 邮箱服务器 (shouqianbadavid@qq.com) ...
[2026-08-14 14:01:09]  正在连接 QQ-主 邮箱服务器 (497720537@qq.com) ...
[2026-08-14 14:01:09]  正在连接 QQ-备用 邮箱服务器 (shouqianbadavid@qq.com) ...
[2026-08-14 14:01:45]  正在连接 QQ-主 邮箱服务器 (497720537@qq.com) ...
[2026-08-14 14:01:45]  正在连接 QQ-备用 邮箱服务器 (shouqianbadavid@qq.com) ...
[2026-08-14 14:02:21]  正在连接 QQ-主 邮箱服务器 (497720537@qq.com) ...
[2026-08-14 14:02:22]  正在连接 QQ-备用 邮箱服务器 (shouqianbadavid@qq.com) ...
[2026-08-14 14:02:58]  正在连接 QQ-主 邮箱服务器 (497720537@qq.com) ...
[2026-08-14 14:02:59]  QQ-主 正在解析因子: =?utf-8?b?QWxwaGFQaWxvdCDlrp7ml7bkv6Hlj7cgKGFscGhhX3NpZ25hbF90aHJfMjAyNjA4MTRfMTQwMi5qc29uKSBb5Li7UVEt5a+55aSWXQ==?=
[2026-08-14 14:02:59]  发现表格，共 11 行数据
[2026-08-14 14:02:59]  动态索引映射: ['股票代码', '股票名称', '信号', '当前价格', '量比', '来源过滤']
[2026-08-14 14:02:59]  [行1] 解析成功: SHSE.688261 [东微半导] BUY @ 71.07 (VR:1.09)
[2026-08-14 14:02:59]  [行2] 解析成功: SZSE.300136 [信维通信] BUY @ 67.88 (VR:3.33)
[2026-08-14 14:02:59]  [行3] 解析成功: SZSE.300162 [雷曼光电] BUY @ 7.67 (VR:0.01)
[2026-08-14 14:02:59]  [行4] 解析成功: SZSE.300767 [震安科技] BUY @ 18.63 (VR:0.02)
[2026-08-14 14:02:59]  [行5] 解析成功: SZSE.002635 [安洁科技] SELL @ 15.85 (VR:0.05)
[2026-08-14 14:02:59]  [行6] 解析成功: SHSE.688261 [东微半导] BUY @ 71.19 (VR:0.71)
[2026-08-14 14:02:59]  [行7] 解析成功: SZSE.300136 [信维通信] BUY @ 67.95 (VR:0.95)
[2026-08-14 14:02:59]  [行8] 解析成功: SZSE.300821 [东岳硅材] BUY @ 16.89 (VR:0.35)
[2026-08-14 14:02:59]  [行9] 解析成功: SZSE.300236 [上海新阳] BUY @ 93.91 (VR:0.69)
[2026-08-14 14:02:59]  [行10] 解析成功: SZSE.300162 [雷曼光电] BUY @ 7.68 (VR:1.0)
[2026-08-14 14:02:59]  [行11] 解析成功: SZSE.002635 [安洁科技] SELL @ 15.8 (VR:0.3)
[2026-08-14 14:02:59] 成功保存 11 条因子至: signal_batch_20260814_140259_819995.txt
[2026-08-14 14:02:59]  QQ-主 邮件 6337 处理完成
[2026-08-14 14:02:59]  QQ-主 本轮共成功处理 1 封有效信号邮件
[2026-08-14 14:03:00]  正在连接 QQ-备用 邮箱服务器 (shouqianbadavid@qq.com) ...
[2026-08-14 14:03:35]  正在连接 QQ-主 邮箱服务器 (497720537@qq.com) ...
[2026-08-14 14:03:36]  QQ-主 正在解析因子: =?utf-8?b?QWxwaGFQaWxvdCDlrp7ml7bkv6Hlj7cgKGFscGhhX3NpZ25hbF90aHJfMjAyNjA4MTRfMTQwMy5qc29uKSBb5Li7UVEt5a+55aSWXQ==?=
[2026-08-14 14:03:36]  发现表格，共 9 行数据
[2026-08-14 14:03:36]  动态索引映射: ['股票代码', '股票名称', '信号', '当前价格', '量比', '来源过滤']
[2026-08-14 14:03:36]  [行1] 解析成功: SHSE.688261 [东微半导] BUY @ 71.12 (VR:0.02)
[2026-08-14 14:03:36]  [行2] 解析成功: SZSE.300136 [信维通信] BUY @ 67.89 (VR:0.07)
[2026-08-14 14:03:36]  [行3] 解析成功: SZSE.300821 [东岳硅材] BUY @ 16.89 (VR:0.21)
[2026-08-14 14:03:36]  [行4] 解析成功: SZSE.300236 [上海新阳] BUY @ 94.09 (VR:0.46)
[2026-08-14 14:03:36]  [行5] 解析成功: SZSE.002635 [安洁科技] SELL @ 15.83 (VR:0.47)
[2026-08-14 14:03:36]  [行6] 解析成功: SHSE.688261 [东微半导] BUY @ 71.24 (VR:0.08)
[2026-08-14 14:03:36]  [行7] 解析成功: SZSE.301178 [天亿马] BUY @ 36.25 (VR:0.43)
[2026-08-14 14:03:36]  [行8] 解析成功: SZSE.002456 [欧菲光] BUY @ 7.26 (VR:3.44)
[2026-08-14 14:03:36]  [行9] 解析成功: SZSE.002635 [安洁科技] SELL @ 15.8 (VR:0.92)
[2026-08-14 14:03:36] 成功保存 9 条因子至: signal_batch_20260814_140336_483137.txt
[2026-08-14 14:03:36]  QQ-主 邮件 6338 处理完成
[2026-08-14 14:03:36]  QQ-主 本轮共成功处理 1 封有效信号邮件
[2026-08-14 14:03:36]  正在连接 QQ-备用 邮箱服务器 (shouqianbadavid@qq.com) ...
[2026-08-14 14:04:12]  正在连接 QQ-主 邮箱服务器 (497720537@qq.com) ...
[2026-08-14 14:04:13]  正在连接 QQ-备用 邮箱服务器 (shouqianbadavid@qq.com) ...
[2026-08-14 14:04:49]  正在连接 QQ-主 邮箱服务器 (497720537@qq.com) ...
[2026-08-14 14:04:49]  正在连接 QQ-备用 邮箱服务器 (shouqianbadavid@qq.com) ...
[2026-08-14 14:04:50]  QQ-备用 正在解析因子: =?utf-8?b?QWxwaGFQaWxvdCDlpIfku73kv6Hlj7cgKGFscGhhX3NpZ25hbF90aHJfMjAyNjA4MTRfMTQwMi5qc29uKSBb5aSHUVEt6Ieq5L+dXQ==?=
[2026-08-14 14:04:50]  发现表格，共 11 行数据
[2026-08-14 14:04:50]  动态索引映射: ['股票代码', '股票名称', '信号', '当前价格', '量比', '来源过滤']
[2026-08-14 14:04:50]  [行1] 解析成功: SHSE.688261 [东微半导] BUY @ 71.07 (VR:1.09)
[2026-08-14 14:04:50]  [行2] 解析成功: SZSE.300136 [信维通信] BUY @ 67.88 (VR:3.33)
[2026-08-14 14:04:50]  [行3] 解析成功: SZSE.300162 [雷曼光电] BUY @ 7.67 (VR:0.01)
[2026-08-14 14:04:50]  [行4] 解析成功: SZSE.300767 [震安科技] BUY @ 18.63 (VR:0.02)
[2026-08-14 14:04:50]  [行5] 解析成功: SZSE.002635 [安洁科技] SELL @ 15.85 (VR:0.05)
[2026-08-14 14:04:50]  [行6] 解析成功: SHSE.688261 [东微半导] BUY @ 71.19 (VR:0.71)
[2026-08-14 14:04:50]  [行7] 解析成功: SZSE.300136 [信维通信] BUY @ 67.95 (VR:0.95)
[2026-08-14 14:04:50]  [行8] 解析成功: SZSE.300821 [东岳硅材] BUY @ 16.89 (VR:0.35)
[2026-08-14 14:04:50]  [行9] 解析成功: SZSE.300236 [上海新阳] BUY @ 93.91 (VR:0.69)
[2026-08-14 14:04:50]  [行10] 解析成功: SZSE.300162 [雷曼光电] BUY @ 7.68 (VR:1.0)
[2026-08-14 14:04:50]  [行11] 解析成功: SZSE.002635 [安洁科技] SELL @ 15.8 (VR:0.3)
[2026-08-14 14:04:50] 成功保存 11 条因子至: signal_batch_20260814_140450_450059.txt
[2026-08-14 14:04:50]  QQ-备用 邮件 3977 处理完成
[2026-08-14 14:04:50]  QQ-备用 正在解析因子: =?utf-8?b?QWxwaGFQaWxvdCDlpIfku73kv6Hlj7cgKGFscGhhX3NpZ25hbF90aHJfMjAyNjA4MTRfMTQwMy5qc29uKSBb5aSHUVEt6Ieq5L+dXQ==?=
[2026-08-14 14:04:50]  发现表格，共 9 行数据
[2026-08-14 14:04:50]  动态索引映射: ['股票代码', '股票名称', '信号', '当前价格', '量比', '来源过滤']
[2026-08-14 14:04:50]  [行1] 解析成功: SHSE.688261 [东微半导] BUY @ 71.12 (VR:0.02)
[2026-08-14 14:04:50]  [行2] 解析成功: SZSE.300136 [信维通信] BUY @ 67.89 (VR:0.07)
[2026-08-14 14:04:50]  [行3] 解析成功: SZSE.300821 [东岳硅材] BUY @ 16.89 (VR:0.21)
[2026-08-14 14:04:50]  [行4] 解析成功: SZSE.300236 [上海新阳] BUY @ 94.09 (VR:0.46)
[2026-08-14 14:04:50]  [行5] 解析成功: SZSE.002635 [安洁科技] SELL @ 15.83 (VR:0.47)
[2026-08-14 14:04:50]  [行6] 解析成功: SHSE.688261 [东微半导] BUY @ 71.24 (VR:0.08)
[2026-08-14 14:04:50]  [行7] 解析成功: SZSE.301178 [天亿马] BUY @ 36.25 (VR:0.43)
[2026-08-14 14:04:50]  [行8] 解析成功: SZSE.002456 [欧菲光] BUY @ 7.26 (VR:3.44)
[2026-08-14 14:04:50]  [行9] 解析成功: SZSE.002635 [安洁科技] SELL @ 15.8 (VR:0.92)
[2026-08-14 14:04:50] 成功保存 9 条因子至: signal_batch_20260814_140450_728404.txt
[2026-08-14 14:04:50]  QQ-备用 邮件 3978 处理完成
[2026-08-14 14:04:50]  QQ-备用 本轮共成功处理 2 封有效信号邮件
[2026-08-14 14:05:26]  正在连接 QQ-主 邮箱服务器 (497720537@qq.com) ...
[2026-08-14 14:05:27]  正在连接 QQ-备用 邮箱服务器 (shouqianbadavid@qq.com) ...
[2026-08-14 14:06:03]  正在连接 QQ-主 邮箱服务器 (497720537@qq.com) ...
[2026-08-14 14:06:04]  QQ-主 正在解析因子: =?utf-8?b?QWxwaGFQaWxvdCDlrp7ml7bkv6Hlj7cgKGFscGhhX3NpZ25hbF90aHJfMjAyNjA4MTRfMTQwNS5qc29uKSBb5Li7UVEt5a+55aSWXQ==?=
[2026-08-14 14:06:04]  发现表格，共 11 行数据
[2026-08-14 14:06:04]  动态索引映射: ['股票代码', '股票名称', '信号', '当前价格', '量比', '来源过滤']
[2026-08-14 14:06:04]  [行1] 解析成功: SHSE.688511 [天微电子] SELL @ 23.2 (VR:1.54)
[2026-08-14 14:06:04]  [行2] 解析成功: SHSE.688216 [气派科技] BUY @ 30.94 (VR:0.79)
[2026-08-14 14:06:04]  [行3] 解析成功: SHSE.688138 [清溢光电] BUY @ 33.57 (VR:0.46)
[2026-08-14 14:06:04]  [行4] 解析成功: SZSE.300285 [国瓷材料] BUY @ 70.6 (VR:0.05)
[2026-08-14 14:06:04]  [行5] 解析成功: SZSE.301392 [汇成真空] SELL @ 168.27 (VR:0.53)
[2026-08-14 14:06:04]  [行6] 解析成功: SZSE.300497 [富祥股份] SELL @ 18.32 (VR:0.24)
[2026-08-14 14:06:04]  [行7] 解析成功: SHSE.688511 [天微电子] SELL @ 23.17 (VR:0.34)
[2026-08-14 14:06:04]  [行8] 解析成功: SHSE.688216 [气派科技] BUY @ 30.98 (VR:1.65)
[2026-08-14 14:06:04]  [行9] 解析成功: SZSE.300285 [国瓷材料] BUY @ 70.72 (VR:0.05)
[2026-08-14 14:06:04]  [行10] 解析成功: SZSE.301392 [汇成真空] SELL @ 168.16 (VR:0.02)
[2026-08-14 14:06:04]  [行11] 解析成功: SZSE.300497 [富祥股份] SELL @ 18.31 (VR:0.24)
[2026-08-14 14:06:04] 成功保存 11 条因子至: signal_batch_20260814_140604_289292.txt
[2026-08-14 14:06:04]  QQ-主 邮件 6339 处理完成
[2026-08-14 14:06:04]  QQ-主 本轮共成功处理 1 封有效信号邮件
[2026-08-14 14:06:04]  正在连接 QQ-备用 邮箱服务器 (shouqianbadavid@qq.com) ...
[2026-08-14 14:06:39]  正在连接 QQ-主 邮箱服务器 (497720537@qq.com) ...
[2026-08-14 14:06:40]  正在连接 QQ-备用 邮箱服务器 (shouqianbadavid@qq.com) ...
[2026-08-14 14:07:16]  正在连接 QQ-主 邮箱服务器 (497720537@qq.com) ...
[2026-08-14 14:07:17]  QQ-主 正在解析因子: =?utf-8?b?QWxwaGFQaWxvdCDlrp7ml7bkv6Hlj7cgKGFscGhhX3NpZ25hbF90aHJfMjAyNjA4MTRfMTQwNi5qc29uKSBb5Li7UVEt5a+55aSWXQ==?=
[2026-08-14 14:07:17]  发现表格，共 13 行数据
[2026-08-14 14:07:17]  动态索引映射: ['股票代码', '股票名称', '信号', '当前价格', '量比', '来源过滤']
[2026-08-14 14:07:17]  [行1] 解析成功: SHSE.688511 [天微电子] BUY @ 23.16 (VR:0.29)
[2026-08-14 14:07:17]  [行2] 解析成功: SZSE.300285 [国瓷材料] BUY @ 70.69 (VR:0.93)
[2026-08-14 14:07:17]  [行3] 解析成功: SZSE.301392 [汇成真空] SELL @ 168.16 (VR:0.02)
[2026-08-14 14:07:17]  [行4] 解析成功: SZSE.300420 [五洋自控] SELL @ 8.01 (VR:0.1)
[2026-08-14 14:07:17]  [行5] 解析成功: SHSE.688511 [天微电子] BUY @ 23.17 (VR:0.09)
[2026-08-14 14:07:17]  [行6] 解析成功: SHSE.688216 [气派科技] SELL @ 30.95 (VR:0.89)
[2026-08-14 14:07:17]  [行7] 解析成功: SHSE.688249 [晶合集成] SELL @ 40.05 (VR:0.23)
[2026-08-14 14:07:17]  [行8] 解析成功: SZSE.300285 [国瓷材料] BUY @ 70.81 (VR:1.11)
[2026-08-14 14:07:17]  [行9] 解析成功: SZSE.301392 [汇成真空] SELL @ 167.67 (VR:0.05)
[2026-08-14 14:07:17]  [行10] 解析成功: SZSE.300214 [日科化学] SELL @ 11.92 (VR:0.07)
[2026-08-14 14:07:17]  [行11] 解析成功: SZSE.300420 [五洋自控] SELL @ 7.99 (VR:0.1)
[2026-08-14 14:07:17]  [行12] 解析成功: SZSE.300780 [德恩精工] SELL @ 20.43 (VR:0.4)
[2026-08-14 14:07:17]  [行13] 解析成功: SZSE.300497 [富祥股份] SELL @ 18.3 (VR:0.27)
[2026-08-14 14:07:17] 成功保存 13 条因子至: signal_batch_20260814_140717_087761.txt
[2026-08-14 14:07:17]  QQ-主 邮件 6340 处理完成
[2026-08-14 14:07:17]  QQ-主 本轮共成功处理 1 封有效信号邮件
[2026-08-14 14:07:17]  正在连接 QQ-备用 邮箱服务器 (shouqianbadavid@qq.com) ...
[2026-08-14 14:07:18]  QQ-备用 正在解析因子: =?utf-8?b?QWxwaGFQaWxvdCDlpIfku73kv6Hlj7cgKGFscGhhX3NpZ25hbF90aHJfMjAyNjA4MTRfMTQwNS5qc29uKSBb5aSHUVEt6Ieq5L+dXQ==?=
[2026-08-14 14:07:18]  发现表格，共 11 行数据
[2026-08-14 14:07:18]  动态索引映射: ['股票代码', '股票名称', '信号', '当前价格', '量比', '来源过滤']
[2026-08-14 14:07:18]  [行1] 解析成功: SHSE.688511 [天微电子] SELL @ 23.2 (VR:1.54)
[2026-08-14 14:07:18]  [行2] 解析成功: SHSE.688216 [气派科技] BUY @ 30.94 (VR:0.79)
[2026-08-14 14:07:18]  [行3] 解析成功: SHSE.688138 [清溢光电] BUY @ 33.57 (VR:0.46)
[2026-08-14 14:07:18]  [行4] 解析成功: SZSE.300285 [国瓷材料] BUY @ 70.6 (VR:0.05)
[2026-08-14 14:07:18]  [行5] 解析成功: SZSE.301392 [汇成真空] SELL @ 168.27 (VR:0.53)
[2026-08-14 14:07:18]  [行6] 解析成功: SZSE.300497 [富祥股份] SELL @ 18.32 (VR:0.24)
[2026-08-14 14:07:18]  [行7] 解析成功: SHSE.688511 [天微电子] SELL @ 23.17 (VR:0.34)
[2026-08-14 14:07:18]  [行8] 解析成功: SHSE.688216 [气派科技] BUY @ 30.98 (VR:1.65)
[2026-08-14 14:07:18]  [行9] 解析成功: SZSE.300285 [国瓷材料] BUY @ 70.72 (VR:0.05)
[2026-08-14 14:07:18]  [行10] 解析成功: SZSE.301392 [汇成真空] SELL @ 168.16 (VR:0.02)
[2026-08-14 14:07:18]  [行11] 解析成功: SZSE.300497 [富祥股份] SELL @ 18.31 (VR:0.24)
[2026-08-14 14:07:18] 成功保存 11 条因子至: signal_batch_20260814_140718_286391.txt
[2026-08-14 14:07:18]  QQ-备用 邮件 3979 处理完成
[2026-08-14 14:07:18]  QQ-备用 正在解析因子: =?utf-8?b?QWxwaGFQaWxvdCDlpIfku73kv6Hlj7cgKGFscGhhX3NpZ25hbF90aHJfMjAyNjA4MTRfMTQwNi5qc29uKSBb5aSHUVEt6Ieq5L+dXQ==?=
[2026-08-14 14:07:18]  发现表格，共 13 行数据
[2026-08-14 14:07:18]  动态索引映射: ['股票代码', '股票名称', '信号', '当前价格', '量比', '来源过滤']
[2026-08-14 14:07:18]  [行1] 解析成功: SHSE.688511 [天微电子] BUY @ 23.16 (VR:0.29)
[2026-08-14 14:07:18]  [行2] 解析成功: SZSE.300285 [国瓷材料] BUY @ 70.69 (VR:0.93)
[2026-08-14 14:07:18]  [行3] 解析成功: SZSE.301392 [汇成真空] SELL @ 168.16 (VR:0.02)
[2026-08-14 14:07:18]  [行4] 解析成功: SZSE.300420 [五洋自控] SELL @ 8.01 (VR:0.1)
[2026-08-14 14:07:18]  [行5] 解析成功: SHSE.688511 [天微电子] BUY @ 23.17 (VR:0.09)
[2026-08-14 14:07:18]  [行6] 解析成功: SHSE.688216 [气派科技] SELL @ 30.95 (VR:0.89)
[2026-08-14 14:07:18]  [行7] 解析成功: SHSE.688249 [晶合集成] SELL @ 40.05 (VR:0.23)
[2026-08-14 14:07:18]  [行8] 解析成功: SZSE.300285 [国瓷材料] BUY @ 70.81 (VR:1.11)
[2026-08-14 14:07:18]  [行9] 解析成功: SZSE.301392 [汇成真空] SELL @ 167.67 (VR:0.05)
[2026-08-14 14:07:18]  [行10] 解析成功: SZSE.300214 [日科化学] SELL @ 11.92 (VR:0.07)
[2026-08-14 14:07:18]  [行11] 解析成功: SZSE.300420 [五洋自控] SELL @ 7.99 (VR:0.1)
[2026-08-14 14:07:18]  [行12] 解析成功: SZSE.300780 [德恩精工] SELL @ 20.43 (VR:0.4)
[2026-08-14 14:07:18]  [行13] 解析成功: SZSE.300497 [富祥股份] SELL @ 18.3 (VR:0.27)
[2026-08-14 14:07:18] 成功保存 13 条因子至: signal_batch_20260814_140718_613540.txt
[2026-08-14 14:07:18]  QQ-备用 邮件 3980 处理完成
[2026-08-14 14:07:18]  QQ-备用 本轮共成功处理 2 封有效信号邮件
[2026-08-14 14:07:53]  正在连接 QQ-主 邮箱服务器 (497720537@qq.com) ...
[2026-08-14 14:07:55]  正在连接 QQ-备用 邮箱服务器 (shouqianbadavid@qq.com) ...
[2026-08-14 14:08:30]  正在连接 QQ-主 邮箱服务器 (497720537@qq.com) ...
[2026-08-14 14:08:31]  正在连接 QQ-备用 邮箱服务器 (shouqianbadavid@qq.com) ...
[2026-08-14 14:09:06]  正在连接 QQ-主 邮箱服务器 (497720537@qq.com) ...
[2026-08-14 14:09:07]  正在连接 QQ-备用 邮箱服务器 (shouqianbadavid@qq.com) ...
[2026-08-14 14:09:43]  正在连接 QQ-主 邮箱服务器 (497720537@qq.com) ...
[2026-08-14 14:09:43]  QQ-主 正在解析因子: =?utf-8?b?QWxwaGFQaWxvdCDlrp7ml7bkv6Hlj7cgKGFscGhhX3NpZ25hbF90aHJfMjAyNjA4MTRfMTQwOS5qc29uKSBb5Li7UVEt5a+55aSWXQ==?=
[2026-08-14 14:09:43]  发现表格，共 17 行数据
[2026-08-14 14:09:43]  动态索引映射: ['股票代码', '股票名称', '信号', '当前价格', '量比', '来源过滤']
[2026-08-14 14:09:43]  [行1] 解析成功: SHSE.688110 [东芯股份] BUY @ 116.28 (VR:0.66)
[2026-08-14 14:09:43]  [行2] 解析成功: SHSE.688002 [睿创微纳] BUY @ 166.41 (VR:0.6)
[2026-08-14 14:09:43]  [行3] 解析成功: SHSE.688521 [芯原股份] BUY @ 206.98 (VR:0.26)
[2026-08-14 14:09:43]  [行4] 解析成功: SZSE.300689 [澄天伟业] BUY @ 53.16 (VR:1.21)
[2026-08-14 14:09:43]  [行5] 解析成功: SZSE.301013 [利和兴] SELL @ 46.09 (VR:0.04)
[2026-08-14 14:09:43]  [行6] 解析成功: SZSE.300790 [宇瞳光学] SELL @ 19.66 (VR:0.75)
[2026-08-14 14:09:43]  [行7] 解析成功: SZSE.002718 [友邦吊顶] BUY @ 87.83 (VR:1.85)
[2026-08-14 14:09:43]  [行8] 解析成功: SHSE.688110 [东芯股份] BUY @ 116.36 (VR:0.27)
[2026-08-14 14:09:43]  [行9] 解析成功: SHSE.688002 [睿创微纳] BUY @ 166.41 (VR:0.74)
[2026-08-14 14:09:43]  [行10] 解析成功: SHSE.688102 [斯瑞新材] BUY @ 37.86 (VR:1.06)
[2026-08-14 14:09:43]  [行11] 解析成功: SHSE.688227 [品高股份] BUY @ 81.51 (VR:1.31)
[2026-08-14 14:09:43]  [行12] 解析成功: SZSE.300852 [四会富仕] BUY @ 44.85 (VR:1.44)
[2026-08-14 14:09:43]  [行13] 解析成功: SZSE.300679 [电连技术] SELL @ 42.58 (VR:0.5)
[2026-08-14 14:09:43]  [行14] 解析成功: SZSE.301013 [利和兴] SELL @ 46.06 (VR:0.12)
[2026-08-14 14:09:43]  [行15] 解析成功: SZSE.300790 [宇瞳光学] SELL @ 19.63 (VR:0.01)
[2026-08-14 14:09:43]  [行16] 解析成功: SZSE.002718 [友邦吊顶] BUY @ 87.85 (VR:0.13)
[2026-08-14 14:09:43]  [行17] 解析成功: SZSE.001339 [智微智能] SELL @ 84.83 (VR:0.04)
[2026-08-14 14:09:43] 成功保存 17 条因子至: signal_batch_20260814_140943_792394.txt
[2026-08-14 14:09:44]  QQ-主 邮件 6341 处理完成
[2026-08-14 14:09:44]  QQ-主 本轮共成功处理 1 封有效信号邮件
[2026-08-14 14:09:44]  正在连接 QQ-备用 邮箱服务器 (shouqianbadavid@qq.com) ...
[2026-08-14 14:09:44]  QQ-备用 正在解析因子: =?utf-8?b?QWxwaGFQaWxvdCDlpIfku73kv6Hlj7cgKGFscGhhX3NpZ25hbF90aHJfMjAyNjA4MTRfMTQwOS5qc29uKSBb5aSHUVEt6Ieq5L+dXQ==?=
[2026-08-14 14:09:44]  发现表格，共 17 行数据
[2026-08-14 14:09:44]  动态索引映射: ['股票代码', '股票名称', '信号', '当前价格', '量比', '来源过滤']
[2026-08-14 14:09:44]  [行1] 解析成功: SHSE.688110 [东芯股份] BUY @ 116.28 (VR:0.66)
[2026-08-14 14:09:44]  [行2] 解析成功: SHSE.688002 [睿创微纳] BUY @ 166.41 (VR:0.6)
[2026-08-14 14:09:44]  [行3] 解析成功: SHSE.688521 [芯原股份] BUY @ 206.98 (VR:0.26)
[2026-08-14 14:09:44]  [行4] 解析成功: SZSE.300689 [澄天伟业] BUY @ 53.16 (VR:1.21)
[2026-08-14 14:09:44]  [行5] 解析成功: SZSE.301013 [利和兴] SELL @ 46.09 (VR:0.04)
[2026-08-14 14:09:44]  [行6] 解析成功: SZSE.300790 [宇瞳光学] SELL @ 19.66 (VR:0.75)
[2026-08-14 14:09:44]  [行7] 解析成功: SZSE.002718 [友邦吊顶] BUY @ 87.83 (VR:1.85)
[2026-08-14 14:09:44]  [行8] 解析成功: SHSE.688110 [东芯股份] BUY @ 116.36 (VR:0.27)
[2026-08-14 14:09:44]  [行9] 解析成功: SHSE.688002 [睿创微纳] BUY @ 166.41 (VR:0.74)
[2026-08-14 14:09:44]  [行10] 解析成功: SHSE.688102 [斯瑞新材] BUY @ 37.86 (VR:1.06)
[2026-08-14 14:09:44]  [行11] 解析成功: SHSE.688227 [品高股份] BUY @ 81.51 (VR:1.31)
[2026-08-14 14:09:44]  [行12] 解析成功: SZSE.300852 [四会富仕] BUY @ 44.85 (VR:1.44)
[2026-08-14 14:09:44]  [行13] 解析成功: SZSE.300679 [电连技术] SELL @ 42.58 (VR:0.5)
[2026-08-14 14:09:44]  [行14] 解析成功: SZSE.301013 [利和兴] SELL @ 46.06 (VR:0.12)
[2026-08-14 14:09:44]  [行15] 解析成功: SZSE.300790 [宇瞳光学] SELL @ 19.63 (VR:0.01)
[2026-08-14 14:09:44]  [行16] 解析成功: SZSE.002718 [友邦吊顶] BUY @ 87.85 (VR:0.13)
[2026-08-14 14:09:44]  [行17] 解析成功: SZSE.001339 [智微智能] SELL @ 84.83 (VR:0.04)
[2026-08-14 14:09:44] 成功保存 17 条因子至: signal_batch_20260814_140944_943631.txt
[2026-08-14 14:09:45]  QQ-备用 邮件 3981 处理完成
[2026-08-14 14:09:45]  QQ-备用 本轮共成功处理 1 封有效信号邮件
[2026-08-14 14:10:20]  正在连接 QQ-主 邮箱服务器 (497720537@qq.com) ...
[2026-08-14 14:10:20]  QQ-主 正在解析因子: =?utf-8?b?QWxwaGFQaWxvdCDlrp7ml7bkv6Hlj7cgKGFscGhhX3NpZ25hbF90aHJfMjAyNjA4MTRfMTQxMC5qc29uKSBb5Li7UVEt5a+55aSWXQ==?=
[2026-08-14 14:10:20]  发现表格，共 19 行数据
[2026-08-14 14:10:20]  动态索引映射: ['股票代码', '股票名称', '信号', '当前价格', '量比', '来源过滤']
[2026-08-14 14:10:20]  [行1] 解析成功: SHSE.688110 [东芯股份] BUY @ 116.36 (VR:0.27)
[2026-08-14 14:10:20]  [行2] 解析成功: SHSE.688002 [睿创微纳] SELL @ 166.41 (VR:0.74)
[2026-08-14 14:10:20]  [行3] 解析成功: SHSE.688102 [斯瑞新材] SELL @ 37.86 (VR:1.06)
[2026-08-14 14:10:20]  [行4] 解析成功: SHSE.688227 [品高股份] SELL @ 81.51 (VR:1.31)
[2026-08-14 14:10:20]  [行5] 解析成功: SZSE.300852 [四会富仕] BUY @ 44.85 (VR:1.44)
[2026-08-14 14:10:20]  [行6] 解析成功: SZSE.300679 [电连技术] SELL @ 42.58 (VR:0.5)
[2026-08-14 14:10:20]  [行7] 解析成功: SZSE.301013 [利和兴] SELL @ 46.06 (VR:0.12)
[2026-08-14 14:10:20]  [行8] 解析成功: SZSE.300790 [宇瞳光学] SELL @ 19.63 (VR:0.01)
[2026-08-14 14:10:20]  [行9] 解析成功: SZSE.001339 [智微智能] SELL @ 84.83 (VR:0.04)
[2026-08-14 14:10:20]  [行10] 解析成功: SHSE.688110 [东芯股份] BUY @ 116.51 (VR:0.34)
[2026-08-14 14:10:20]  [行11] 解析成功: SHSE.688665 [四方光电] BUY @ 45.81 (VR:1.02)
[2026-08-14 14:10:20]  [行12] 解析成功: SHSE.688002 [睿创微纳] SELL @ 166.14 (VR:0.05)
[2026-08-14 14:10:20]  [行13] 解析成功: SHSE.688102 [斯瑞新材] SELL @ 37.85 (VR:0.13)
[2026-08-14 14:10:20]  [行14] 解析成功: SHSE.688521 [芯原股份] BUY @ 207.04 (VR:0.24)
[2026-08-14 14:10:20]  [行15] 解析成功: SHSE.688227 [品高股份] SELL @ 81.32 (VR:1.5)
[2026-08-14 14:10:20]  [行16] 解析成功: SZSE.301045 [天禄科技] SELL @ 69.26 (VR:0.1)
[2026-08-14 14:10:20]  [行17] 解析成功: SZSE.300679 [电连技术] SELL @ 42.51 (VR:0.31)
[2026-08-14 14:10:20]  [行18] 解析成功: SZSE.301013 [利和兴] SELL @ 46.03 (VR:0.63)
[2026-08-14 14:10:20]  [行19] 解析成功: SZSE.001339 [智微智能] SELL @ 84.67 (VR:0.03)
[2026-08-14 14:10:20] 成功保存 19 条因子至: signal_batch_20260814_141020_758767.txt
[2026-08-14 14:10:21]  QQ-主 邮件 6342 处理完成
[2026-08-14 14:10:21]  QQ-主 本轮共成功处理 1 封有效信号邮件
[2026-08-14 14:10:21]  正在连接 QQ-备用 邮箱服务器 (shouqianbadavid@qq.com) ...
[2026-08-14 14:10:56]  正在连接 QQ-主 邮箱服务器 (497720537@qq.com) ...
[2026-08-14 14:10:57]  正在连接 QQ-备用 邮箱服务器 (shouqianbadavid@qq.com) ...
[2026-08-14 14:11:32]  正在连接 QQ-主 邮箱服务器 (497720537@qq.com) ...
[2026-08-14 14:11:33]  正在连接 QQ-备用 邮箱服务器 (shouqianbadavid@qq.com) ...
[2026-08-14 14:12:09]  正在连接 QQ-主 邮箱服务器 (497720537@qq.com) ...
[2026-08-14 14:12:10]  正在连接 QQ-备用 邮箱服务器 (shouqianbadavid@qq.com) ...
[2026-08-14 14:12:11]  QQ-备用 正在解析因子: =?utf-8?b?QWxwaGFQaWxvdCDlpIfku73kv6Hlj7cgKGFscGhhX3NpZ25hbF90aHJfMjAyNjA4MTRfMTQxMC5qc29uKSBb5aSHUVEt6Ieq5L+dXQ==?=
[2026-08-14 14:12:11]  发现表格，共 19 行数据
[2026-08-14 14:12:11]  动态索引映射: ['股票代码', '股票名称', '信号', '当前价格', '量比', '来源过滤']
[2026-08-14 14:12:11]  [行1] 解析成功: SHSE.688110 [东芯股份] BUY @ 116.36 (VR:0.27)
[2026-08-14 14:12:11]  [行2] 解析成功: SHSE.688002 [睿创微纳] SELL @ 166.41 (VR:0.74)
[2026-08-14 14:12:11]  [行3] 解析成功: SHSE.688102 [斯瑞新材] SELL @ 37.86 (VR:1.06)
[2026-08-14 14:12:11]  [行4] 解析成功: SHSE.688227 [品高股份] SELL @ 81.51 (VR:1.31)
[2026-08-14 14:12:11]  [行5] 解析成功: SZSE.300852 [四会富仕] BUY @ 44.85 (VR:1.44)
[2026-08-14 14:12:11]  [行6] 解析成功: SZSE.300679 [电连技术] SELL @ 42.58 (VR:0.5)
[2026-08-14 14:12:11]  [行7] 解析成功: SZSE.301013 [利和兴] SELL @ 46.06 (VR:0.12)
[2026-08-14 14:12:11]  [行8] 解析成功: SZSE.300790 [宇瞳光学] SELL @ 19.63 (VR:0.01)
[2026-08-14 14:12:11]  [行9] 解析成功: SZSE.001339 [智微智能] SELL @ 84.83 (VR:0.04)
[2026-08-14 14:12:11]  [行10] 解析成功: SHSE.688110 [东芯股份] BUY @ 116.51 (VR:0.34)
[2026-08-14 14:12:11]  [行11] 解析成功: SHSE.688665 [四方光电] BUY @ 45.81 (VR:1.02)
[2026-08-14 14:12:11]  [行12] 解析成功: SHSE.688002 [睿创微纳] SELL @ 166.14 (VR:0.05)
[2026-08-14 14:12:11]  [行13] 解析成功: SHSE.688102 [斯瑞新材] SELL @ 37.85 (VR:0.13)
[2026-08-14 14:12:11]  [行14] 解析成功: SHSE.688521 [芯原股份] BUY @ 207.04 (VR:0.24)
[2026-08-14 14:12:11]  [行15] 解析成功: SHSE.688227 [品高股份] SELL @ 81.32 (VR:1.5)
[2026-08-14 14:12:11]  [行16] 解析成功: SZSE.301045 [天禄科技] SELL @ 69.26 (VR:0.1)
[2026-08-14 14:12:11]  [行17] 解析成功: SZSE.300679 [电连技术] SELL @ 42.51 (VR:0.31)
[2026-08-14 14:12:11]  [行18] 解析成功: SZSE.301013 [利和兴] SELL @ 46.03 (VR:0.63)
[2026-08-14 14:12:11]  [行19] 解析成功: SZSE.001339 [智微智能] SELL @ 84.67 (VR:0.03)
[2026-08-14 14:12:11] 成功保存 19 条因子至: signal_batch_20260814_141211_152672.txt
[2026-08-14 14:12:11]  QQ-备用 邮件 3982 处理完成
[2026-08-14 14:12:11]  QQ-备用 本轮共成功处理 1 封有效信号邮件
[2026-08-14 14:12:46]  正在连接 QQ-主 邮箱服务器 (497720537@qq.com) ...
[2026-08-14 14:12:47]  QQ-主 正在解析因子: =?utf-8?b?QWxwaGFQaWxvdCDlrp7ml7bkv6Hlj7cgKGFscGhhX3NpZ25hbF90aHJfMjAyNjA4MTRfMTQxMi5qc29uKSBb5Li7UVEt5a+55aSWXQ==?=
[2026-08-14 14:12:47]  发现表格，共 3 行数据
[2026-08-14 14:12:47]  动态索引映射: ['股票代码', '股票名称', '信号', '当前价格', '量比', '来源过滤']
[2026-08-14 14:12:47]  [行1] 解析成功: SZSE.000510 [新金路] BUY @ 16.81 (VR:0.33)
[2026-08-14 14:12:47]  [行2] 解析成功: SHSE.601138 [工业富联] BUY @ 65.99 (VR:1.01)
[2026-08-14 14:12:47]  [行3] 解析成功: SZSE.000510 [新金路] BUY @ 16.83 (VR:0.09)
[2026-08-14 14:12:47] 成功保存 3 条因子至: signal_batch_20260814_141247_086921.txt
[2026-08-14 14:12:47]  QQ-主 邮件 6343 处理完成
[2026-08-14 14:12:47]  QQ-主 本轮共成功处理 1 封有效信号邮件
[2026-08-14 14:12:47]  正在连接 QQ-备用 邮箱服务器 (shouqianbadavid@qq.com) ...
[2026-08-14 14:13:22]  正在连接 QQ-主 邮箱服务器 (497720537@qq.com) ...
[2026-08-14 14:13:23]  QQ-主 正在解析因子: =?utf-8?b?QWxwaGFQaWxvdCDlrp7ml7bkv6Hlj7cgKGFscGhhX3NpZ25hbF90aHJfMjAyNjA4MTRfMTQxMy5qc29uKSBb5Li7UVEt5a+55aSWXQ==?=
[2026-08-14 14:13:23]  发现表格，共 4 行数据
[2026-08-14 14:13:23]  动态索引映射: ['股票代码', '股票名称', '信号', '当前价格', '量比', '来源过滤']
[2026-08-14 14:13:23]  [行1] 解析成功: SZSE.000510 [新金路] BUY @ 16.83 (VR:0.09)
[2026-08-14 14:13:23]  [行2] 解析成功: SZSE.300037 [新宙邦] SELL @ 66.78 (VR:0.14)
[2026-08-14 14:13:23]  [行3] 解析成功: SZSE.000510 [新金路] BUY @ 16.9 (VR:3.71)
[2026-08-14 14:13:23]  [行4] 解析成功: SZSE.300037 [新宙邦] SELL @ 66.77 (VR:0.15)
[2026-08-14 14:13:23] 成功保存 4 条因子至: signal_batch_20260814_141323_651093.txt
[2026-08-14 14:13:23]  QQ-主 邮件 6344 处理完成
[2026-08-14 14:13:23]  QQ-主 本轮共成功处理 1 封有效信号邮件
[2026-08-14 14:13:23]  正在连接 QQ-备用 邮箱服务器 (shouqianbadavid@qq.com) ...
[2026-08-14 14:13:59]  正在连接 QQ-主 邮箱服务器 (497720537@qq.com) ...
[2026-08-14 14:14:00]  正在连接 QQ-备用 邮箱服务器 (shouqianbadavid@qq.com) ...
[2026-08-14 14:14:35]  正在连接 QQ-主 邮箱服务器 (497720537@qq.com) ...
[2026-08-14 14:14:37]  正在连接 QQ-备用 邮箱服务器 (shouqianbadavid@qq.com) ...
[2026-08-14 14:14:37]  QQ-备用 正在解析因子: =?utf-8?b?QWxwaGFQaWxvdCDlpIfku73kv6Hlj7cgKGFscGhhX3NpZ25hbF90aHJfMjAyNjA4MTRfMTQxMi5qc29uKSBb5aSHUVEt6Ieq5L+dXQ==?=
[2026-08-14 14:14:37]  发现表格，共 3 行数据
[2026-08-14 14:14:37]  动态索引映射: ['股票代码', '股票名称', '信号', '当前价格', '量比', '来源过滤']
[2026-08-14 14:14:37]  [行1] 解析成功: SZSE.000510 [新金路] BUY @ 16.81 (VR:0.33)
[2026-08-14 14:14:37]  [行2] 解析成功: SHSE.601138 [工业富联] BUY @ 65.99 (VR:1.01)
[2026-08-14 14:14:37]  [行3] 解析成功: SZSE.000510 [新金路] BUY @ 16.83 (VR:0.09)
[2026-08-14 14:14:37] 成功保存 3 条因子至: signal_batch_20260814_141437_848017.txt
[2026-08-14 14:14:37]  QQ-备用 邮件 3983 处理完成
[2026-08-14 14:14:38]  QQ-备用 正在解析因子: =?utf-8?b?QWxwaGFQaWxvdCDlpIfku73kv6Hlj7cgKGFscGhhX3NpZ25hbF90aHJfMjAyNjA4MTRfMTQxMy5qc29uKSBb5aSHUVEt6Ieq5L+dXQ==?=
[2026-08-14 14:14:38]  发现表格，共 4 行数据
[2026-08-14 14:14:38]  动态索引映射: ['股票代码', '股票名称', '信号', '当前价格', '量比', '来源过滤']
[2026-08-14 14:14:38]  [行1] 解析成功: SZSE.000510 [新金路] BUY @ 16.83 (VR:0.09)
[2026-08-14 14:14:38]  [行2] 解析成功: SZSE.300037 [新宙邦] SELL @ 66.78 (VR:0.14)
[2026-08-14 14:14:38]  [行3] 解析成功: SZSE.000510 [新金路] BUY @ 16.9 (VR:3.71)
[2026-08-14 14:14:38]  [行4] 解析成功: SZSE.300037 [新宙邦] SELL @ 66.77 (VR:0.15)
[2026-08-14 14:14:38] 成功保存 4 条因子至: signal_batch_20260814_141438_095500.txt
[2026-08-14 14:14:38]  QQ-备用 邮件 3984 处理完成
[2026-08-14 14:14:38]  QQ-备用 本轮共成功处理 2 封有效信号邮件
[2026-08-14 14:15:13]  正在连接 QQ-主 邮箱服务器 (497720537@qq.com) ...
[2026-08-14 14:15:13]  正在连接 QQ-备用 邮箱服务器 (shouqianbadavid@qq.com) ...
[2026-08-14 14:15:49]  正在连接 QQ-主 邮箱服务器 (497720537@qq.com) ...
[2026-08-14 14:15:50]  正在连接 QQ-备用 邮箱服务器 (shouqianbadavid@qq.com) ...
[2026-08-14 14:16:25]  正在连接 QQ-主 邮箱服务器 (497720537@qq.com) ...
[2026-08-14 14:16:26]  QQ-主 正在解析因子: =?utf-8?b?QWxwaGFQaWxvdCDlrp7ml7bkv6Hlj7cgKGFscGhhX3NpZ25hbF90aHJfMjAyNjA4MTRfMTQxNS5qc29uKSBb5Li7UVEt5a+55aSWXQ==?=
[2026-08-14 14:16:26]  发现表格，共 12 行数据
[2026-08-14 14:16:26]  动态索引映射: ['股票代码', '股票名称', '信号', '当前价格', '量比', '来源过滤']
[2026-08-14 14:16:26]  [行1] 解析成功: SHSE.603773 [沃格光电] BUY @ 94.24 (VR:0.23)
[2026-08-14 14:16:26]  [行2] 解析成功: SHSE.605111 [新洁能] BUY @ 57.84 (VR:0.03)
[2026-08-14 14:16:26]  [行3] 解析成功: SZSE.002937 [兴瑞科技] BUY @ 29.76 (VR:0.65)
[2026-08-14 14:16:26]  [行4] 解析成功: SZSE.000920 [沃顿科技] BUY @ 11.71 (VR:0.22)
[2026-08-14 14:16:26]  [行5] 解析成功: SZSE.301070 [开勒股份] BUY @ 66.78 (VR:0.29)
[2026-08-14 14:16:26]  [行6] 解析成功: SHSE.603773 [沃格光电] BUY @ 94.31 (VR:0.49)
[2026-08-14 14:16:26]  [行7] 解析成功: SHSE.605111 [新洁能] BUY @ 58.1 (VR:0.26)
[2026-08-14 14:16:26]  [行8] 解析成功: SHSE.600259 [中稀有色] BUY @ 92.3 (VR:0.34)
[2026-08-14 14:16:26]  [行9] 解析成功: SZSE.002937 [兴瑞科技] BUY @ 29.78 (VR:0.19)
[2026-08-14 14:16:26]  [行10] 解析成功: SZSE.000920 [沃顿科技] BUY @ 11.72 (VR:0.91)
[2026-08-14 14:16:26]  [行11] 解析成功: SZSE.300607 [拓斯达] BUY @ 35.64 (VR:8.39)
[2026-08-14 14:16:26]  [行12] 解析成功: SZSE.301070 [开勒股份] BUY @ 66.97 (VR:3.35)
[2026-08-14 14:16:26] 成功保存 12 条因子至: signal_batch_20260814_141626_524177.txt
[2026-08-14 14:16:26]  QQ-主 邮件 6345 处理完成
[2026-08-14 14:16:26]  QQ-主 本轮共成功处理 1 封有效信号邮件
[2026-08-14 14:16:26]  正在连接 QQ-备用 邮箱服务器 (shouqianbadavid@qq.com) ...
[2026-08-14 14:17:02]  正在连接 QQ-主 邮箱服务器 (497720537@qq.com) ...
[2026-08-14 14:17:02]  QQ-主 正在解析因子: =?utf-8?b?QWxwaGFQaWxvdCDlrp7ml7bkv6Hlj7cgKGFscGhhX3NpZ25hbF90aHJfMjAyNjA4MTRfMTQxNi5qc29uKSBb5Li7UVEt5a+55aSWXQ==?=
[2026-08-14 14:17:02]  发现表格，共 13 行数据
[2026-08-14 14:17:02]  动态索引映射: ['股票代码', '股票名称', '信号', '当前价格', '量比', '来源过滤']
[2026-08-14 14:17:02]  [行1] 解析成功: SHSE.603773 [沃格光电] BUY @ 94.31 (VR:0.49)
[2026-08-14 14:17:02]  [行2] 解析成功: SHSE.605111 [新洁能] BUY @ 57.96 (VR:0.46)
[2026-08-14 14:17:02]  [行3] 解析成功: SZSE.003031 [中瓷电子] SELL @ 126.11 (VR:0.06)
[2026-08-14 14:17:02]  [行4] 解析成功: SZSE.000920 [沃顿科技] BUY @ 11.72 (VR:0.83)
[2026-08-14 14:17:02]  [行5] 解析成功: SZSE.300607 [拓斯达] BUY @ 35.64 (VR:8.39)
[2026-08-14 14:17:02]  [行6] 解析成功: SZSE.301070 [开勒股份] SELL @ 66.97 (VR:3.35)
[2026-08-14 14:17:02]  [行7] 解析成功: SHSE.605111 [新洁能] BUY @ 58.02 (VR:1.79)
[2026-08-14 14:17:02]  [行8] 解析成功: SHSE.600909 [华安证券] SELL @ 8.28 (VR:0.22)
[2026-08-14 14:17:02]  [行9] 解析成功: SZSE.002552 [宝鼎科技] BUY @ 58.76 (VR:1.14)
[2026-08-14 14:17:02]  [行10] 解析成功: SZSE.003031 [中瓷电子] SELL @ 126.08 (VR:0.11)
[2026-08-14 14:17:02]  [行11] 解析成功: SZSE.000823 [超声电子] BUY @ 15.25 (VR:1.05)
[2026-08-14 14:17:02]  [行12] 解析成功: SZSE.300607 [拓斯达] BUY @ 35.9 (VR:18.4)
[2026-08-14 14:17:02]  [行13] 解析成功: SZSE.301070 [开勒股份] SELL @ 66.95 (VR:3.83)
[2026-08-14 14:17:02] 成功保存 13 条因子至: signal_batch_20260814_141702_766592.txt
[2026-08-14 14:17:02]  QQ-主 邮件 6346 处理完成
[2026-08-14 14:17:02]  QQ-主 本轮共成功处理 1 封有效信号邮件
[2026-08-14 14:17:02]  正在连接 QQ-备用 邮箱服务器 (shouqianbadavid@qq.com) ...
[2026-08-14 14:17:03]  QQ-备用 正在解析因子: =?utf-8?b?QWxwaGFQaWxvdCDlpIfku73kv6Hlj7cgKGFscGhhX3NpZ25hbF90aHJfMjAyNjA4MTRfMTQxNS5qc29uKSBb5aSHUVEt6Ieq5L+dXQ==?=
[2026-08-14 14:17:03]  发现表格，共 12 行数据
[2026-08-14 14:17:03]  动态索引映射: ['股票代码', '股票名称', '信号', '当前价格', '量比', '来源过滤']
[2026-08-14 14:17:03]  [行1] 解析成功: SHSE.603773 [沃格光电] BUY @ 94.24 (VR:0.23)
[2026-08-14 14:17:03]  [行2] 解析成功: SHSE.605111 [新洁能] BUY @ 57.84 (VR:0.03)
[2026-08-14 14:17:03]  [行3] 解析成功: SZSE.002937 [兴瑞科技] BUY @ 29.76 (VR:0.65)
[2026-08-14 14:17:03]  [行4] 解析成功: SZSE.000920 [沃顿科技] BUY @ 11.71 (VR:0.22)
[2026-08-14 14:17:03]  [行5] 解析成功: SZSE.301070 [开勒股份] BUY @ 66.78 (VR:0.29)
[2026-08-14 14:17:03]  [行6] 解析成功: SHSE.603773 [沃格光电] BUY @ 94.31 (VR:0.49)
[2026-08-14 14:17:03]  [行7] 解析成功: SHSE.605111 [新洁能] BUY @ 58.1 (VR:0.26)
[2026-08-14 14:17:03]  [行8] 解析成功: SHSE.600259 [中稀有色] BUY @ 92.3 (VR:0.34)
[2026-08-14 14:17:03]  [行9] 解析成功: SZSE.002937 [兴瑞科技] BUY @ 29.78 (VR:0.19)
[2026-08-14 14:17:03]  [行10] 解析成功: SZSE.000920 [沃顿科技] BUY @ 11.72 (VR:0.91)
[2026-08-14 14:17:03]  [行11] 解析成功: SZSE.300607 [拓斯达] BUY @ 35.64 (VR:8.39)
[2026-08-14 14:17:03]  [行12] 解析成功: SZSE.301070 [开勒股份] BUY @ 66.97 (VR:3.35)
[2026-08-14 14:17:03] 成功保存 12 条因子至: signal_batch_20260814_141703_768148.txt
[2026-08-14 14:17:03]  QQ-备用 邮件 3985 处理完成
[2026-08-14 14:17:04]  QQ-备用 正在解析因子: =?utf-8?b?QWxwaGFQaWxvdCDlpIfku73kv6Hlj7cgKGFscGhhX3NpZ25hbF90aHJfMjAyNjA4MTRfMTQxNi5qc29uKSBb5aSHUVEt6Ieq5L+dXQ==?=
[2026-08-14 14:17:04]  发现表格，共 13 行数据
[2026-08-14 14:17:04]  动态索引映射: ['股票代码', '股票名称', '信号', '当前价格', '量比', '来源过滤']
[2026-08-14 14:17:04]  [行1] 解析成功: SHSE.603773 [沃格光电] BUY @ 94.31 (VR:0.49)
[2026-08-14 14:17:04]  [行2] 解析成功: SHSE.605111 [新洁能] BUY @ 57.96 (VR:0.46)
[2026-08-14 14:17:04]  [行3] 解析成功: SZSE.003031 [中瓷电子] SELL @ 126.11 (VR:0.06)
[2026-08-14 14:17:04]  [行4] 解析成功: SZSE.000920 [沃顿科技] BUY @ 11.72 (VR:0.83)
[2026-08-14 14:17:04]  [行5] 解析成功: SZSE.300607 [拓斯达] BUY @ 35.64 (VR:8.39)
[2026-08-14 14:17:04]  [行6] 解析成功: SZSE.301070 [开勒股份] SELL @ 66.97 (VR:3.35)
[2026-08-14 14:17:04]  [行7] 解析成功: SHSE.605111 [新洁能] BUY @ 58.02 (VR:1.79)
[2026-08-14 14:17:04]  [行8] 解析成功: SHSE.600909 [华安证券] SELL @ 8.28 (VR:0.22)
[2026-08-14 14:17:04]  [行9] 解析成功: SZSE.002552 [宝鼎科技] BUY @ 58.76 (VR:1.14)
[2026-08-14 14:17:04]  [行10] 解析成功: SZSE.003031 [中瓷电子] SELL @ 126.08 (VR:0.11)
[2026-08-14 14:17:04]  [行11] 解析成功: SZSE.000823 [超声电子] BUY @ 15.25 (VR:1.05)
[2026-08-14 14:17:04]  [行12] 解析成功: SZSE.300607 [拓斯达] BUY @ 35.9 (VR:18.4)
[2026-08-14 14:17:04]  [行13] 解析成功: SZSE.301070 [开勒股份] SELL @ 66.95 (VR:3.83)
[2026-08-14 14:17:04] 成功保存 13 条因子至: signal_batch_20260814_141704_114054.txt
[2026-08-14 14:17:04]  QQ-备用 邮件 3986 处理完成
[2026-08-14 14:17:04]  QQ-备用 本轮共成功处理 2 封有效信号邮件
[2026-08-14 14:17:39]  正在连接 QQ-主 邮箱服务器 (497720537@qq.com) ...
[2026-08-14 14:17:40]  正在连接 QQ-备用 邮箱服务器 (shouqianbadavid@qq.com) ...
[2026-08-14 14:18:15]  正在连接 QQ-主 邮箱服务器 (497720537@qq.com) ...
[2026-08-14 14:18:16]  正在连接 QQ-备用 邮箱服务器 (shouqianbadavid@qq.com) ...
[2026-08-14 14:18:52]  正在连接 QQ-主 邮箱服务器 (497720537@qq.com) ...
[2026-08-14 14:18:55]  正在连接 QQ-备用 邮箱服务器 (shouqianbadavid@qq.com) ...
[2026-08-14 14:19:30]  正在连接 QQ-主 邮箱服务器 (497720537@qq.com) ...
[2026-08-14 14:19:31]  正在连接 QQ-备用 邮箱服务器 (shouqianbadavid@qq.com) ...
[2026-08-14 14:20:07]  正在连接 QQ-主 邮箱服务器 (497720537@qq.com) ...
[2026-08-14 14:20:07]  QQ-主 正在解析因子: =?utf-8?b?QWxwaGFQaWxvdCDlrp7ml7bkv6Hlj7cgKGFscGhhX3NpZ25hbF90aHJfMjAyNjA4MTRfMTQxOS5qc29uKSBb5Li7UVEt5a+55aSWXQ==?=
[2026-08-14 14:20:07]  发现表格，共 13 行数据
[2026-08-14 14:20:07]  动态索引映射: ['股票代码', '股票名称', '信号', '当前价格', '量比', '来源过滤']
[2026-08-14 14:20:07]  [行1] 解析成功: SHSE.688019 [安集科技] BUY @ 247.8 (VR:0.16)
[2026-08-14 14:20:07]  [行2] 解析成功: SHSE.688199 [久日新材] BUY @ 23.25 (VR:0.3)
[2026-08-14 14:20:07]  [行3] 解析成功: SZSE.300136 [信维通信] BUY @ 67.84 (VR:1.0)
[2026-08-14 14:20:07]  [行4] 解析成功: SZSE.300821 [东岳硅材] BUY @ 16.91 (VR:1.01)
[2026-08-14 14:20:07]  [行5] 解析成功: SZSE.300767 [震安科技] BUY @ 18.89 (VR:18.82)
[2026-08-14 14:20:07]  [行6] 解析成功: SZSE.301178 [天亿马] BUY @ 36.32 (VR:0.84)
[2026-08-14 14:20:07]  [行7] 解析成功: SZSE.002635 [安洁科技] BUY @ 15.91 (VR:0.06)
[2026-08-14 14:20:07]  [行8] 解析成功: SHSE.688019 [安集科技] BUY @ 248.2 (VR:0.04)
[2026-08-14 14:20:07]  [行9] 解析成功: SHSE.688199 [久日新材] BUY @ 23.28 (VR:0.74)
[2026-08-14 14:20:07]  [行10] 解析成功: SZSE.300136 [信维通信] BUY @ 67.92 (VR:0.4)
[2026-08-14 14:20:07]  [行11] 解析成功: SZSE.300821 [东岳硅材] BUY @ 16.92 (VR:0.49)
[2026-08-14 14:20:07]  [行12] 解析成功: SZSE.301178 [天亿马] BUY @ 36.32 (VR:1.81)
[2026-08-14 14:20:07]  [行13] 解析成功: SZSE.002635 [安洁科技] BUY @ 15.92 (VR:0.02)
[2026-08-14 14:20:07] 成功保存 13 条因子至: signal_batch_20260814_142007_790341.txt
[2026-08-14 14:20:07]  QQ-主 邮件 6347 处理完成
[2026-08-14 14:20:07]  QQ-主 本轮共成功处理 1 封有效信号邮件
[2026-08-14 14:20:07]  正在连接 QQ-备用 邮箱服务器 (shouqianbadavid@qq.com) ...
[2026-08-14 14:20:43]  正在连接 QQ-主 邮箱服务器 (497720537@qq.com) ...
[2026-08-14 14:20:44]  QQ-主 正在解析因子: =?utf-8?b?QWxwaGFQaWxvdCDlrp7ml7bkv6Hlj7cgKGFscGhhX3NpZ25hbF90aHJfMjAyNjA4MTRfMTQyMC5qc29uKSBb5Li7UVEt5a+55aSWXQ==?=
[2026-08-14 14:20:44]  发现表格，共 11 行数据
[2026-08-14 14:20:44]  动态索引映射: ['股票代码', '股票名称', '信号', '当前价格', '量比', '来源过滤']
[2026-08-14 14:20:44]  [行1] 解析成功: SHSE.688261 [东微半导] BUY @ 71.31 (VR:0.12)
[2026-08-14 14:20:44]  [行2] 解析成功: SZSE.300136 [信维通信] BUY @ 67.92 (VR:0.4)
[2026-08-14 14:20:44]  [行3] 解析成功: SZSE.300821 [东岳硅材] SELL @ 16.92 (VR:0.3)
[2026-08-14 14:20:44]  [行4] 解析成功: SZSE.301178 [天亿马] SELL @ 36.32 (VR:0.1)
[2026-08-14 14:20:44]  [行5] 解析成功: SZSE.002635 [安洁科技] BUY @ 15.92 (VR:0.24)
[2026-08-14 14:20:44]  [行6] 解析成功: SHSE.688261 [东微半导] BUY @ 71.35 (VR:0.07)
[2026-08-14 14:20:44]  [行7] 解析成功: SZSE.300136 [信维通信] BUY @ 67.93 (VR:0.16)
[2026-08-14 14:20:44]  [行8] 解析成功: SZSE.300821 [东岳硅材] SELL @ 16.9 (VR:0.38)
[2026-08-14 14:20:44]  [行9] 解析成功: SZSE.300236 [上海新阳] SELL @ 93.74 (VR:0.22)
[2026-08-14 14:20:44]  [行10] 解析成功: SZSE.301178 [天亿马] SELL @ 36.29 (VR:1.97)
[2026-08-14 14:20:44]  [行11] 解析成功: SZSE.002635 [安洁科技] BUY @ 15.92 (VR:0.34)
[2026-08-14 14:20:44] 成功保存 11 条因子至: signal_batch_20260814_142044_069578.txt
[2026-08-14 14:20:44]  QQ-主 邮件 6348 处理完成
[2026-08-14 14:20:44]  QQ-主 本轮共成功处理 1 封有效信号邮件
[2026-08-14 14:20:44]  正在连接 QQ-备用 邮箱服务器 (shouqianbadavid@qq.com) ...
[2026-08-14 14:21:19]  正在连接 QQ-主 邮箱服务器 (497720537@qq.com) ...
[2026-08-14 14:21:21]  正在连接 QQ-备用 邮箱服务器 (shouqianbadavid@qq.com) ...
[2026-08-14 14:21:56]  正在连接 QQ-主 邮箱服务器 (497720537@qq.com) ...
[2026-08-14 14:21:57]  正在连接 QQ-备用 邮箱服务器 (shouqianbadavid@qq.com) ...
[2026-08-14 14:21:58]  QQ-备用 正在解析因子: =?utf-8?b?QWxwaGFQaWxvdCDlpIfku73kv6Hlj7cgKGFscGhhX3NpZ25hbF90aHJfMjAyNjA4MTRfMTQxOS5qc29uKSBb5aSHUVEt6Ieq5L+dXQ==?=
[2026-08-14 14:21:58]  发现表格，共 13 行数据
[2026-08-14 14:21:58]  动态索引映射: ['股票代码', '股票名称', '信号', '当前价格', '量比', '来源过滤']
[2026-08-14 14:21:58]  [行1] 解析成功: SHSE.688019 [安集科技] BUY @ 247.8 (VR:0.16)
[2026-08-14 14:21:58]  [行2] 解析成功: SHSE.688199 [久日新材] BUY @ 23.25 (VR:0.3)
[2026-08-14 14:21:58]  [行3] 解析成功: SZSE.300136 [信维通信] BUY @ 67.84 (VR:1.0)
[2026-08-14 14:21:58]  [行4] 解析成功: SZSE.300821 [东岳硅材] BUY @ 16.91 (VR:1.01)
[2026-08-14 14:21:58]  [行5] 解析成功: SZSE.300767 [震安科技] BUY @ 18.89 (VR:18.82)
[2026-08-14 14:21:58]  [行6] 解析成功: SZSE.301178 [天亿马] BUY @ 36.32 (VR:0.84)
[2026-08-14 14:21:58]  [行7] 解析成功: SZSE.002635 [安洁科技] BUY @ 15.91 (VR:0.06)
[2026-08-14 14:21:58]  [行8] 解析成功: SHSE.688019 [安集科技] BUY @ 248.2 (VR:0.04)
[2026-08-14 14:21:58]  [行9] 解析成功: SHSE.688199 [久日新材] BUY @ 23.28 (VR:0.74)
[2026-08-14 14:21:58]  [行10] 解析成功: SZSE.300136 [信维通信] BUY @ 67.92 (VR:0.4)
[2026-08-14 14:21:58]  [行11] 解析成功: SZSE.300821 [东岳硅材] BUY @ 16.92 (VR:0.49)
[2026-08-14 14:21:58]  [行12] 解析成功: SZSE.301178 [天亿马] BUY @ 36.32 (VR:1.81)
[2026-08-14 14:21:58]  [行13] 解析成功: SZSE.002635 [安洁科技] BUY @ 15.92 (VR:0.02)
[2026-08-14 14:21:58] 成功保存 13 条因子至: signal_batch_20260814_142158_132960.txt
[2026-08-14 14:21:58]  QQ-备用 邮件 3987 处理完成
[2026-08-14 14:21:58]  QQ-备用 正在解析因子: =?utf-8?b?QWxwaGFQaWxvdCDlpIfku73kv6Hlj7cgKGFscGhhX3NpZ25hbF90aHJfMjAyNjA4MTRfMTQyMC5qc29uKSBb5aSHUVEt6Ieq5L+dXQ==?=
[2026-08-14 14:21:58]  发现表格，共 11 行数据
[2026-08-14 14:21:58]  动态索引映射: ['股票代码', '股票名称', '信号', '当前价格', '量比', '来源过滤']
[2026-08-14 14:21:58]  [行1] 解析成功: SHSE.688261 [东微半导] BUY @ 71.31 (VR:0.12)
[2026-08-14 14:21:58]  [行2] 解析成功: SZSE.300136 [信维通信] BUY @ 67.92 (VR:0.4)
[2026-08-14 14:21:58]  [行3] 解析成功: SZSE.300821 [东岳硅材] SELL @ 16.92 (VR:0.3)
[2026-08-14 14:21:58]  [行4] 解析成功: SZSE.301178 [天亿马] SELL @ 36.32 (VR:0.1)
[2026-08-14 14:21:58]  [行5] 解析成功: SZSE.002635 [安洁科技] BUY @ 15.92 (VR:0.24)
[2026-08-14 14:21:58]  [行6] 解析成功: SHSE.688261 [东微半导] BUY @ 71.35 (VR:0.07)
[2026-08-14 14:21:58]  [行7] 解析成功: SZSE.300136 [信维通信] BUY @ 67.93 (VR:0.16)
[2026-08-14 14:21:58]  [行8] 解析成功: SZSE.300821 [东岳硅材] SELL @ 16.9 (VR:0.38)
[2026-08-14 14:21:58]  [行9] 解析成功: SZSE.300236 [上海新阳] SELL @ 93.74 (VR:0.22)
[2026-08-14 14:21:58]  [行10] 解析成功: SZSE.301178 [天亿马] SELL @ 36.29 (VR:1.97)
[2026-08-14 14:21:58]  [行11] 解析成功: SZSE.002635 [安洁科技] BUY @ 15.92 (VR:0.34)
[2026-08-14 14:21:58] 成功保存 11 条因子至: signal_batch_20260814_142158_446709.txt
[2026-08-14 14:21:58]  QQ-备用 邮件 3988 处理完成
[2026-08-14 14:21:58]  QQ-备用 本轮共成功处理 2 封有效信号邮件
[2026-08-14 14:22:33]  正在连接 QQ-主 邮箱服务器 (497720537@qq.com) ...
[2026-08-14 14:22:34]  正在连接 QQ-备用 邮箱服务器 (shouqianbadavid@qq.com) ...
[2026-08-14 14:23:09]  正在连接 QQ-主 邮箱服务器 (497720537@qq.com) ...
[2026-08-14 14:23:11]  QQ-主 正在解析因子: =?utf-8?b?QWxwaGFQaWxvdCDlrp7ml7bkv6Hlj7cgKGFscGhhX3NpZ25hbF90aHJfMjAyNjA4MTRfMTQyMi5qc29uKSBb5Li7UVEt5a+55aSWXQ==?=
[2026-08-14 14:23:11]  发现表格，共 15 行数据
[2026-08-14 14:23:11]  动态索引映射: ['股票代码', '股票名称', '信号', '当前价格', '量比', '来源过滤']
[2026-08-14 14:23:11]  [行1] 解析成功: SHSE.688216 [气派科技] BUY @ 31.01 (VR:1.38)
[2026-08-14 14:23:11]  [行2] 解析成功: SHSE.688721 [龙图光罩] BUY @ 41.29 (VR:0.31)
[2026-08-14 14:23:11]  [行3] 解析成功: SZSE.300285 [国瓷材料] SELL @ 70.9 (VR:0.1)
[2026-08-14 14:23:11]  [行4] 解析成功: SZSE.300214 [日科化学] BUY @ 11.94 (VR:0.12)
[2026-08-14 14:23:11]  [行5] 解析成功: SZSE.300088 [长信科技] BUY @ 7.56 (VR:0.77)
[2026-08-14 14:23:11]  [行6] 解析成功: SZSE.300420 [五洋自控] BUY @ 8.06 (VR:0.58)
[2026-08-14 14:23:11]  [行7] 解析成功: SHSE.688511 [天微电子] BUY @ 23.33 (VR:0.46)
[2026-08-14 14:23:11]  [行8] 解析成功: SHSE.688216 [气派科技] BUY @ 31.05 (VR:0.17)
[2026-08-14 14:23:11]  [行9] 解析成功: SHSE.688721 [龙图光罩] BUY @ 41.41 (VR:0.4)
[2026-08-14 14:23:11]  [行10] 解析成功: SHSE.688138 [清溢光电] BUY @ 34.01 (VR:0.13)
[2026-08-14 14:23:11]  [行11] 解析成功: SZSE.300285 [国瓷材料] SELL @ 70.81 (VR:0.26)
[2026-08-14 14:23:11]  [行12] 解析成功: SZSE.301252 [同星科技] BUY @ 33.19 (VR:2.17)
[2026-08-14 14:23:11]  [行13] 解析成功: SZSE.300214 [日科化学] BUY @ 11.96 (VR:0.52)
[2026-08-14 14:23:11]  [行14] 解析成功: SZSE.300088 [长信科技] BUY @ 7.57 (VR:0.27)
[2026-08-14 14:23:11]  [行15] 解析成功: SZSE.300420 [五洋自控] BUY @ 8.06 (VR:0.41)
[2026-08-14 14:23:11] 成功保存 15 条因子至: signal_batch_20260814_142311_722273.txt
[2026-08-14 14:23:12]  QQ-主 邮件 6349 处理完成
[2026-08-14 14:23:12]  QQ-主 本轮共成功处理 1 封有效信号邮件
[2026-08-14 14:23:12]  正在连接 QQ-备用 邮箱服务器 (shouqianbadavid@qq.com) ...
[2026-08-14 14:23:48]  正在连接 QQ-主 邮箱服务器 (497720537@qq.com) ...
[2026-08-14 14:23:50]  QQ-主 正在解析因子: =?utf-8?b?QWxwaGFQaWxvdCDlrp7ml7bkv6Hlj7cgKGFscGhhX3NpZ25hbF90aHJfMjAyNjA4MTRfMTQyMy5qc29uKSBb5Li7UVEt5a+55aSWXQ==?=
[2026-08-14 14:23:50]  发现表格，共 14 行数据
[2026-08-14 14:23:50]  动态索引映射: ['股票代码', '股票名称', '信号', '当前价格', '量比', '来源过滤']
[2026-08-14 14:23:50]  [行1] 解析成功: SHSE.688721 [龙图光罩] BUY @ 41.31 (VR:0.36)
[2026-08-14 14:23:50]  [行2] 解析成功: SZSE.300285 [国瓷材料] SELL @ 70.9 (VR:0.22)
[2026-08-14 14:23:50]  [行3] 解析成功: SZSE.301252 [同星科技] BUY @ 33.19 (VR:2.17)
[2026-08-14 14:23:50]  [行4] 解析成功: SZSE.300214 [日科化学] BUY @ 11.95 (VR:0.06)
[2026-08-14 14:23:50]  [行5] 解析成功: SZSE.300420 [五洋自控] SELL @ 8.06 (VR:0.07)
[2026-08-14 14:23:50]  [行6] 解析成功: SZSE.300780 [德恩精工] BUY @ 20.56 (VR:0.32)
[2026-08-14 14:23:50]  [行7] 解析成功: SHSE.688511 [天微电子] BUY @ 23.34 (VR:1.23)
[2026-08-14 14:23:50]  [行8] 解析成功: SHSE.688721 [龙图光罩] BUY @ 41.38 (VR:0.37)
[2026-08-14 14:23:50]  [行9] 解析成功: SHSE.688138 [清溢光电] BUY @ 34.0 (VR:0.39)
[2026-08-14 14:23:50]  [行10] 解析成功: SZSE.300285 [国瓷材料] SELL @ 70.76 (VR:0.59)
[2026-08-14 14:23:50]  [行11] 解析成功: SZSE.300214 [日科化学] BUY @ 11.96 (VR:0.04)
[2026-08-14 14:23:50]  [行12] 解析成功: SZSE.300420 [五洋自控] SELL @ 8.05 (VR:0.49)
[2026-08-14 14:23:50]  [行13] 解析成功: SZSE.300661 [圣邦股份] SELL @ 122.23 (VR:0.84)
[2026-08-14 14:23:50]  [行14] 解析成功: SZSE.300780 [德恩精工] BUY @ 20.57 (VR:4.07)
[2026-08-14 14:23:50] 成功保存 14 条因子至: signal_batch_20260814_142350_264271.txt
[2026-08-14 14:23:50]  QQ-主 邮件 6350 处理完成
[2026-08-14 14:23:50]  QQ-主 本轮共成功处理 1 封有效信号邮件
[2026-08-14 14:23:50]  正在连接 QQ-备用 邮箱服务器 (shouqianbadavid@qq.com) ...
[2026-08-14 14:24:25]  正在连接 QQ-主 邮箱服务器 (497720537@qq.com) ...
[2026-08-14 14:24:26]  正在连接 QQ-备用 邮箱服务器 (shouqianbadavid@qq.com) ...
[2026-08-14 14:24:27]  QQ-备用 正在解析因子: =?utf-8?b?QWxwaGFQaWxvdCDlpIfku73kv6Hlj7cgKGFscGhhX3NpZ25hbF90aHJfMjAyNjA4MTRfMTQyMi5qc29uKSBb5aSHUVEt6Ieq5L+dXQ==?=
[2026-08-14 14:24:27]  发现表格，共 15 行数据
[2026-08-14 14:24:27]  动态索引映射: ['股票代码', '股票名称', '信号', '当前价格', '量比', '来源过滤']
[2026-08-14 14:24:27]  [行1] 解析成功: SHSE.688216 [气派科技] BUY @ 31.01 (VR:1.38)
[2026-08-14 14:24:27]  [行2] 解析成功: SHSE.688721 [龙图光罩] BUY @ 41.29 (VR:0.31)
[2026-08-14 14:24:27]  [行3] 解析成功: SZSE.300285 [国瓷材料] SELL @ 70.9 (VR:0.1)
[2026-08-14 14:24:27]  [行4] 解析成功: SZSE.300214 [日科化学] BUY @ 11.94 (VR:0.12)
[2026-08-14 14:24:27]  [行5] 解析成功: SZSE.300088 [长信科技] BUY @ 7.56 (VR:0.77)
[2026-08-14 14:24:27]  [行6] 解析成功: SZSE.300420 [五洋自控] BUY @ 8.06 (VR:0.58)
[2026-08-14 14:24:27]  [行7] 解析成功: SHSE.688511 [天微电子] BUY @ 23.33 (VR:0.46)
[2026-08-14 14:24:27]  [行8] 解析成功: SHSE.688216 [气派科技] BUY @ 31.05 (VR:0.17)
[2026-08-14 14:24:27]  [行9] 解析成功: SHSE.688721 [龙图光罩] BUY @ 41.41 (VR:0.4)
[2026-08-14 14:24:27]  [行10] 解析成功: SHSE.688138 [清溢光电] BUY @ 34.01 (VR:0.13)
[2026-08-14 14:24:27]  [行11] 解析成功: SZSE.300285 [国瓷材料] SELL @ 70.81 (VR:0.26)
[2026-08-14 14:24:27]  [行12] 解析成功: SZSE.301252 [同星科技] BUY @ 33.19 (VR:2.17)
[2026-08-14 14:24:27]  [行13] 解析成功: SZSE.300214 [日科化学] BUY @ 11.96 (VR:0.52)
[2026-08-14 14:24:27]  [行14] 解析成功: SZSE.300088 [长信科技] BUY @ 7.57 (VR:0.27)
[2026-08-14 14:24:27]  [行15] 解析成功: SZSE.300420 [五洋自控] BUY @ 8.06 (VR:0.41)
[2026-08-14 14:24:27] 成功保存 15 条因子至: signal_batch_20260814_142427_157380.txt
[2026-08-14 14:24:27]  QQ-备用 邮件 3989 处理完成
[2026-08-14 14:24:27]  QQ-备用 正在解析因子: =?utf-8?b?QWxwaGFQaWxvdCDlpIfku73kv6Hlj7cgKGFscGhhX3NpZ25hbF90aHJfMjAyNjA4MTRfMTQyMy5qc29uKSBb5aSHUVEt6Ieq5L+dXQ==?=
[2026-08-14 14:24:27]  发现表格，共 14 行数据
[2026-08-14 14:24:27]  动态索引映射: ['股票代码', '股票名称', '信号', '当前价格', '量比', '来源过滤']
[2026-08-14 14:24:27]  [行1] 解析成功: SHSE.688721 [龙图光罩] BUY @ 41.31 (VR:0.36)
[2026-08-14 14:24:27]  [行2] 解析成功: SZSE.300285 [国瓷材料] SELL @ 70.9 (VR:0.22)
[2026-08-14 14:24:27]  [行3] 解析成功: SZSE.301252 [同星科技] BUY @ 33.19 (VR:2.17)
[2026-08-14 14:24:27]  [行4] 解析成功: SZSE.300214 [日科化学] BUY @ 11.95 (VR:0.06)
[2026-08-14 14:24:27]  [行5] 解析成功: SZSE.300420 [五洋自控] SELL @ 8.06 (VR:0.07)
[2026-08-14 14:24:27]  [行6] 解析成功: SZSE.300780 [德恩精工] BUY @ 20.56 (VR:0.32)
[2026-08-14 14:24:27]  [行7] 解析成功: SHSE.688511 [天微电子] BUY @ 23.34 (VR:1.23)
[2026-08-14 14:24:27]  [行8] 解析成功: SHSE.688721 [龙图光罩] BUY @ 41.38 (VR:0.37)
[2026-08-14 14:24:27]  [行9] 解析成功: SHSE.688138 [清溢光电] BUY @ 34.0 (VR:0.39)
[2026-08-14 14:24:27]  [行10] 解析成功: SZSE.300285 [国瓷材料] SELL @ 70.76 (VR:0.59)
[2026-08-14 14:24:27]  [行11] 解析成功: SZSE.300214 [日科化学] BUY @ 11.96 (VR:0.04)
[2026-08-14 14:24:27]  [行12] 解析成功: SZSE.300420 [五洋自控] SELL @ 8.05 (VR:0.49)
[2026-08-14 14:24:27]  [行13] 解析成功: SZSE.300661 [圣邦股份] SELL @ 122.23 (VR:0.84)
[2026-08-14 14:24:27]  [行14] 解析成功: SZSE.300780 [德恩精工] BUY @ 20.57 (VR:4.07)
[2026-08-14 14:24:27] 成功保存 14 条因子至: signal_batch_20260814_142427_502517.txt
[2026-08-14 14:24:27]  QQ-备用 邮件 3990 处理完成
[2026-08-14 14:24:27]  QQ-备用 本轮共成功处理 2 封有效信号邮件
[2026-08-14 14:25:02]  正在连接 QQ-主 邮箱服务器 (497720537@qq.com) ...
[2026-08-14 14:25:03]  正在连接 QQ-备用 邮箱服务器 (shouqianbadavid@qq.com) ...
[2026-08-14 14:25:38]  正在连接 QQ-主 邮箱服务器 (497720537@qq.com) ...
[2026-08-14 14:25:39]  正在连接 QQ-备用 邮箱服务器 (shouqianbadavid@qq.com) ...
[2026-08-14 14:26:14]  正在连接 QQ-主 邮箱服务器 (497720537@qq.com) ...
[2026-08-14 14:26:15]  正在连接 QQ-备用 邮箱服务器 (shouqianbadavid@qq.com) ...
[2026-08-14 14:26:50]  正在连接 QQ-主 邮箱服务器 (497720537@qq.com) ...
[2026-08-14 14:26:51]  QQ-主 正在解析因子: =?utf-8?b?QWxwaGFQaWxvdCDlrp7ml7bkv6Hlj7cgKGFscGhhX3NpZ25hbF90aHJfMjAyNjA4MTRfMTQyNi5qc29uKSBb5Li7UVEt5a+55aSWXQ==?=
[2026-08-14 14:26:51]  发现表格，共 22 行数据
[2026-08-14 14:26:51]  动态索引映射: ['股票代码', '股票名称', '信号', '当前价格', '量比', '来源过滤']
[2026-08-14 14:26:51]  [行1] 解析成功: SHSE.688002 [睿创微纳] BUY @ 165.48 (VR:0.31)
[2026-08-14 14:26:51]  [行2] 解析成功: SHSE.688102 [斯瑞新材] SELL @ 37.81 (VR:0.88)
[2026-08-14 14:26:51]  [行3] 解析成功: SHSE.688521 [芯原股份] BUY @ 206.49 (VR:0.62)
[2026-08-14 14:26:51]  [行4] 解析成功: SHSE.688227 [品高股份] BUY @ 82.2 (VR:6.6)
[2026-08-14 14:26:51]  [行5] 解析成功: SZSE.300852 [四会富仕] BUY @ 44.9 (VR:0.72)
[2026-08-14 14:26:51]  [行6] 解析成功: SZSE.300689 [澄天伟业] BUY @ 53.22 (VR:1.81)
[2026-08-14 14:26:51]  [行7] 解析成功: SZSE.301045 [天禄科技] BUY @ 69.26 (VR:0.41)
[2026-08-14 14:26:51]  [行8] 解析成功: SZSE.300806 [斯迪克] BUY @ 48.49 (VR:0.38)
[2026-08-14 14:26:51]  [行9] 解析成功: SZSE.300679 [电连技术] BUY @ 42.61 (VR:0.03)
[2026-08-14 14:26:51]  [行10] 解析成功: SZSE.300790 [宇瞳光学] BUY @ 19.58 (VR:0.19)
[2026-08-14 14:26:51]  [行11] 解析成功: SZSE.002718 [友邦吊顶] BUY @ 88.1 (VR:1.16)
[2026-08-14 14:26:51]  [行12] 解析成功: SZSE.001339 [智微智能] BUY @ 85.59 (VR:0.08)
[2026-08-14 14:26:51]  [行13] 解析成功: SHSE.688002 [睿创微纳] BUY @ 165.65 (VR:0.1)
[2026-08-14 14:26:51]  [行14] 解析成功: SHSE.688102 [斯瑞新材] SELL @ 37.77 (VR:2.15)
[2026-08-14 14:26:51]  [行15] 解析成功: SHSE.688521 [芯原股份] BUY @ 206.71 (VR:0.19)
[2026-08-14 14:26:51]  [行16] 解析成功: SHSE.688227 [品高股份] BUY @ 82.2 (VR:0.67)
[2026-08-14 14:26:51]  [行17] 解析成功: SZSE.301045 [天禄科技] BUY @ 69.3 (VR:0.09)
[2026-08-14 14:26:51]  [行18] 解析成功: SZSE.300679 [电连技术] BUY @ 42.62 (VR:0.13)
[2026-08-14 14:26:51]  [行19] 解析成功: SZSE.301013 [利和兴] SELL @ 46.13 (VR:0.65)
[2026-08-14 14:26:51]  [行20] 解析成功: SZSE.300790 [宇瞳光学] BUY @ 19.6 (VR:1.24)
[2026-08-14 14:26:51]  [行21] 解析成功: SZSE.002718 [友邦吊顶] BUY @ 88.15 (VR:0.56)
[2026-08-14 14:26:51]  [行22] 解析成功: SZSE.001339 [智微智能] BUY @ 85.75 (VR:0.32)
[2026-08-14 14:26:51] 成功保存 22 条因子至: signal_batch_20260814_142651_208200.txt
[2026-08-14 14:26:51]  QQ-主 邮件 6351 处理完成
[2026-08-14 14:26:51]  QQ-主 正在解析因子: =?utf-8?b?QWxwaGFQaWxvdCDlrp7ml7bkv6Hlj7cgKGFscGhhX3NpZ25hbF90aHJfMjAyNjA4MTRfMTQyNi5qc29uKSBb5Li7UVEt5a+55aSWXQ==?=
[2026-08-14 14:26:51]  发现表格，共 14 行数据
[2026-08-14 14:26:51]  动态索引映射: ['股票代码', '股票名称', '信号', '当前价格', '量比', '来源过滤']
[2026-08-14 14:26:51]  [行1] 解析成功: SHSE.688002 [睿创微纳] BUY @ 165.64 (VR:0.04)
[2026-08-14 14:26:51]  [行2] 解析成功: SHSE.688102 [斯瑞新材] BUY @ 37.81 (VR:0.92)
[2026-08-14 14:26:51]  [行3] 解析成功: SHSE.688521 [芯原股份] BUY @ 206.76 (VR:0.05)
[2026-08-14 14:26:51]  [行4] 解析成功: SZSE.301045 [天禄科技] BUY @ 69.2 (VR:0.07)
[2026-08-14 14:26:51]  [行5] 解析成功: SZSE.301013 [利和兴] BUY @ 46.16 (VR:0.52)
[2026-08-14 14:26:51]  [行6] 解析成功: SZSE.300790 [宇瞳光学] SELL @ 19.59 (VR:0.3)
[2026-08-14 14:26:51]  [行7] 解析成功: SZSE.001339 [智微智能] BUY @ 85.59 (VR:0.98)
[2026-08-14 14:26:51]  [行8] 解析成功: SHSE.688002 [睿创微纳] BUY @ 165.75 (VR:0.67)
[2026-08-14 14:26:51]  [行9] 解析成功: SHSE.688102 [斯瑞新材] BUY @ 37.84 (VR:2.51)
[2026-08-14 14:26:51]  [行10] 解析成功: SHSE.688521 [芯原股份] BUY @ 206.82 (VR:0.34)
[2026-08-14 14:26:51]  [行11] 解析成功: SZSE.300852 [四会富仕] SELL @ 44.97 (VR:0.25)
[2026-08-14 14:26:51]  [行12] 解析成功: SZSE.301045 [天禄科技] BUY @ 69.34 (VR:0.12)
[2026-08-14 14:26:51]  [行13] 解析成功: SZSE.301013 [利和兴] BUY @ 46.17 (VR:0.38)
[2026-08-14 14:26:51]  [行14] 解析成功: SZSE.001339 [智微智能] BUY @ 85.76 (VR:1.01)
[2026-08-14 14:26:51] 成功保存 14 条因子至: signal_batch_20260814_142651_434095.txt
[2026-08-14 14:26:51]  QQ-主 邮件 6352 处理完成
[2026-08-14 14:26:51]  QQ-主 本轮共成功处理 2 封有效信号邮件
[2026-08-14 14:26:51]  正在连接 QQ-备用 邮箱服务器 (shouqianbadavid@qq.com) ...
[2026-08-14 14:26:52]  QQ-备用 正在解析因子: =?utf-8?b?QWxwaGFQaWxvdCDlpIfku73kv6Hlj7cgKGFscGhhX3NpZ25hbF90aHJfMjAyNjA4MTRfMTQyNi5qc29uKSBb5aSHUVEt6Ieq5L+dXQ==?=
[2026-08-14 14:26:52]  发现表格，共 22 行数据
[2026-08-14 14:26:52]  动态索引映射: ['股票代码', '股票名称', '信号', '当前价格', '量比', '来源过滤']
[2026-08-14 14:26:52]  [行1] 解析成功: SHSE.688002 [睿创微纳] BUY @ 165.48 (VR:0.31)
[2026-08-14 14:26:52]  [行2] 解析成功: SHSE.688102 [斯瑞新材] SELL @ 37.81 (VR:0.88)
[2026-08-14 14:26:52]  [行3] 解析成功: SHSE.688521 [芯原股份] BUY @ 206.49 (VR:0.62)
[2026-08-14 14:26:52]  [行4] 解析成功: SHSE.688227 [品高股份] BUY @ 82.2 (VR:6.6)
[2026-08-14 14:26:52]  [行5] 解析成功: SZSE.300852 [四会富仕] BUY @ 44.9 (VR:0.72)
[2026-08-14 14:26:52]  [行6] 解析成功: SZSE.300689 [澄天伟业] BUY @ 53.22 (VR:1.81)
[2026-08-14 14:26:52]  [行7] 解析成功: SZSE.301045 [天禄科技] BUY @ 69.26 (VR:0.41)
[2026-08-14 14:26:52]  [行8] 解析成功: SZSE.300806 [斯迪克] BUY @ 48.49 (VR:0.38)
[2026-08-14 14:26:52]  [行9] 解析成功: SZSE.300679 [电连技术] BUY @ 42.61 (VR:0.03)
[2026-08-14 14:26:52]  [行10] 解析成功: SZSE.300790 [宇瞳光学] BUY @ 19.58 (VR:0.19)
[2026-08-14 14:26:52]  [行11] 解析成功: SZSE.002718 [友邦吊顶] BUY @ 88.1 (VR:1.16)
[2026-08-14 14:26:52]  [行12] 解析成功: SZSE.001339 [智微智能] BUY @ 85.59 (VR:0.08)
[2026-08-14 14:26:52]  [行13] 解析成功: SHSE.688002 [睿创微纳] BUY @ 165.65 (VR:0.1)
[2026-08-14 14:26:52]  [行14] 解析成功: SHSE.688102 [斯瑞新材] SELL @ 37.77 (VR:2.15)
[2026-08-14 14:26:52]  [行15] 解析成功: SHSE.688521 [芯原股份] BUY @ 206.71 (VR:0.19)
[2026-08-14 14:26:52]  [行16] 解析成功: SHSE.688227 [品高股份] BUY @ 82.2 (VR:0.67)
[2026-08-14 14:26:52]  [行17] 解析成功: SZSE.301045 [天禄科技] BUY @ 69.3 (VR:0.09)
[2026-08-14 14:26:52]  [行18] 解析成功: SZSE.300679 [电连技术] BUY @ 42.62 (VR:0.13)
[2026-08-14 14:26:52]  [行19] 解析成功: SZSE.301013 [利和兴] SELL @ 46.13 (VR:0.65)
[2026-08-14 14:26:52]  [行20] 解析成功: SZSE.300790 [宇瞳光学] BUY @ 19.6 (VR:1.24)
[2026-08-14 14:26:52]  [行21] 解析成功: SZSE.002718 [友邦吊顶] BUY @ 88.15 (VR:0.56)
[2026-08-14 14:26:52]  [行22] 解析成功: SZSE.001339 [智微智能] BUY @ 85.75 (VR:0.32)
[2026-08-14 14:26:52] 成功保存 22 条因子至: signal_batch_20260814_142652_548512.txt
[2026-08-14 14:26:52]  QQ-备用 邮件 3991 处理完成
[2026-08-14 14:26:52]  QQ-备用 正在解析因子: =?utf-8?b?QWxwaGFQaWxvdCDlpIfku73kv6Hlj7cgKGFscGhhX3NpZ25hbF90aHJfMjAyNjA4MTRfMTQyNi5qc29uKSBb5aSHUVEt6Ieq5L+dXQ==?=
[2026-08-14 14:26:52]  发现表格，共 14 行数据
[2026-08-14 14:26:52]  动态索引映射: ['股票代码', '股票名称', '信号', '当前价格', '量比', '来源过滤']
[2026-08-14 14:26:52]  [行1] 解析成功: SHSE.688002 [睿创微纳] BUY @ 165.64 (VR:0.04)
[2026-08-14 14:26:52]  [行2] 解析成功: SHSE.688102 [斯瑞新材] BUY @ 37.81 (VR:0.92)
[2026-08-14 14:26:52]  [行3] 解析成功: SHSE.688521 [芯原股份] BUY @ 206.76 (VR:0.05)
[2026-08-14 14:26:52]  [行4] 解析成功: SZSE.301045 [天禄科技] BUY @ 69.2 (VR:0.07)
[2026-08-14 14:26:52]  [行5] 解析成功: SZSE.301013 [利和兴] BUY @ 46.16 (VR:0.52)
[2026-08-14 14:26:52]  [行6] 解析成功: SZSE.300790 [宇瞳光学] SELL @ 19.59 (VR:0.3)
[2026-08-14 14:26:52]  [行7] 解析成功: SZSE.001339 [智微智能] BUY @ 85.59 (VR:0.98)
[2026-08-14 14:26:52]  [行8] 解析成功: SHSE.688002 [睿创微纳] BUY @ 165.75 (VR:0.67)
[2026-08-14 14:26:52]  [行9] 解析成功: SHSE.688102 [斯瑞新材] BUY @ 37.84 (VR:2.51)
[2026-08-14 14:26:52]  [行10] 解析成功: SHSE.688521 [芯原股份] BUY @ 206.82 (VR:0.34)
[2026-08-14 14:26:52]  [行11] 解析成功: SZSE.300852 [四会富仕] SELL @ 44.97 (VR:0.25)
[2026-08-14 14:26:52]  [行12] 解析成功: SZSE.301045 [天禄科技] BUY @ 69.34 (VR:0.12)
[2026-08-14 14:26:52]  [行13] 解析成功: SZSE.301013 [利和兴] BUY @ 46.17 (VR:0.38)
[2026-08-14 14:26:52]  [行14] 解析成功: SZSE.001339 [智微智能] BUY @ 85.76 (VR:1.01)
[2026-08-14 14:26:52] 成功保存 14 条因子至: signal_batch_20260814_142652_805756.txt
[2026-08-14 14:26:52]  QQ-备用 邮件 3992 处理完成
[2026-08-14 14:26:52]  QQ-备用 本轮共成功处理 2 封有效信号邮件
[2026-08-14 14:27:28]  正在连接 QQ-主 邮箱服务器 (497720537@qq.com) ...
[2026-08-14 14:27:28]  正在连接 QQ-备用 邮箱服务器 (shouqianbadavid@qq.com) ...
[2026-08-14 14:28:03]  正在连接 QQ-主 邮箱服务器 (497720537@qq.com) ...
[2026-08-14 14:28:04]  正在连接 QQ-备用 邮箱服务器 (shouqianbadavid@qq.com) ...
[2026-08-14 14:28:39]  正在连接 QQ-主 邮箱服务器 (497720537@qq.com) ...
[2026-08-14 14:28:41]  正在连接 QQ-备用 邮箱服务器 (shouqianbadavid@qq.com) ...
[2026-08-14 14:29:16]  正在连接 QQ-主 邮箱服务器 (497720537@qq.com) ...
[2026-08-14 14:29:17]  QQ-主 正在解析因子: =?utf-8?b?QWxwaGFQaWxvdCDlrp7ml7bkv6Hlj7cgKGFscGhhX3NpZ25hbF90aHJfMjAyNjA4MTRfMTQyOC5qc29uKSBb5Li7UVEt5a+55aSWXQ==?=
[2026-08-14 14:29:17]  发现表格，共 3 行数据
[2026-08-14 14:29:17]  动态索引映射: ['股票代码', '股票名称', '信号', '当前价格', '量比', '来源过滤']
[2026-08-14 14:29:17]  [行1] 解析成功: SHSE.601138 [工业富联] BUY @ 66.24 (VR:1.02)
[2026-08-14 14:29:17]  [行2] 解析成功: SZSE.300346 [南大光电] SELL @ 58.71 (VR:1.56)
[2026-08-14 14:29:17]  [行3] 解析成功: SZSE.300346 [南大光电] SELL @ 58.63 (VR:1.64)
[2026-08-14 14:29:17] 成功保存 3 条因子至: signal_batch_20260814_142917_381858.txt
[2026-08-14 14:29:17]  QQ-主 邮件 6353 处理完成
[2026-08-14 14:29:17]  QQ-主 正在解析因子: =?utf-8?b?QWxwaGFQaWxvdCDlrp7ml7bkv6Hlj7cgKGFscGhhX3NpZ25hbF90aHJfMjAyNjA4MTRfMTQyOS5qc29uKSBb5Li7UVEt5a+55aSWXQ==?=
[2026-08-14 14:29:17]  发现表格，共 6 行数据
[2026-08-14 14:29:17]  动态索引映射: ['股票代码', '股票名称', '信号', '当前价格', '量比', '来源过滤']
[2026-08-14 14:29:17]  [行1] 解析成功: SHSE.601138 [工业富联] SELL @ 66.25 (VR:1.55)
[2026-08-14 14:29:17]  [行2] 解析成功: SZSE.300720 [海川智能] BUY @ 93.68 (VR:0.05)
[2026-08-14 14:29:17]  [行3] 解析成功: SZSE.000510 [新金路] SELL @ 16.98 (VR:1.27)
[2026-08-14 14:29:17]  [行4] 解析成功: SHSE.601138 [工业富联] SELL @ 66.18 (VR:1.12)
[2026-08-14 14:29:17]  [行5] 解析成功: SZSE.300720 [海川智能] BUY @ 93.76 (VR:0.04)
[2026-08-14 14:29:17]  [行6] 解析成功: SZSE.000510 [新金路] SELL @ 16.97 (VR:0.2)
[2026-08-14 14:29:17] 成功保存 6 条因子至: signal_batch_20260814_142917_703524.txt
[2026-08-14 14:29:17]  QQ-主 邮件 6354 处理完成
[2026-08-14 14:29:17]  QQ-主 本轮共成功处理 2 封有效信号邮件
[2026-08-14 14:29:18]  正在连接 QQ-备用 邮箱服务器 (shouqianbadavid@qq.com) ...
[2026-08-14 14:29:19]  QQ-备用 正在解析因子: =?utf-8?b?QWxwaGFQaWxvdCDlpIfku73kv6Hlj7cgKGFscGhhX3NpZ25hbF90aHJfMjAyNjA4MTRfMTQyOC5qc29uKSBb5aSHUVEt6Ieq5L+dXQ==?=
[2026-08-14 14:29:19]  发现表格，共 3 行数据
[2026-08-14 14:29:19]  动态索引映射: ['股票代码', '股票名称', '信号', '当前价格', '量比', '来源过滤']
[2026-08-14 14:29:19]  [行1] 解析成功: SHSE.601138 [工业富联] BUY @ 66.24 (VR:1.02)
[2026-08-14 14:29:19]  [行2] 解析成功: SZSE.300346 [南大光电] SELL @ 58.71 (VR:1.56)
[2026-08-14 14:29:19]  [行3] 解析成功: SZSE.300346 [南大光电] SELL @ 58.63 (VR:1.64)
[2026-08-14 14:29:19] 成功保存 3 条因子至: signal_batch_20260814_142919_052662.txt
[2026-08-14 14:29:19]  QQ-备用 邮件 3993 处理完成
[2026-08-14 14:29:19]  QQ-备用 正在解析因子: =?utf-8?b?QWxwaGFQaWxvdCDlpIfku73kv6Hlj7cgKGFscGhhX3NpZ25hbF90aHJfMjAyNjA4MTRfMTQyOS5qc29uKSBb5aSHUVEt6Ieq5L+dXQ==?=
[2026-08-14 14:29:19]  发现表格，共 6 行数据
[2026-08-14 14:29:19]  动态索引映射: ['股票代码', '股票名称', '信号', '当前价格', '量比', '来源过滤']
[2026-08-14 14:29:19]  [行1] 解析成功: SHSE.601138 [工业富联] SELL @ 66.25 (VR:1.55)
[2026-08-14 14:29:19]  [行2] 解析成功: SZSE.300720 [海川智能] BUY @ 93.68 (VR:0.05)
[2026-08-14 14:29:19]  [行3] 解析成功: SZSE.000510 [新金路] SELL @ 16.98 (VR:1.27)
[2026-08-14 14:29:19]  [行4] 解析成功: SHSE.601138 [工业富联] SELL @ 66.18 (VR:1.12)
[2026-08-14 14:29:19]  [行5] 解析成功: SZSE.300720 [海川智能] BUY @ 93.76 (VR:0.04)
[2026-08-14 14:29:19]  [行6] 解析成功: SZSE.000510 [新金路] SELL @ 16.97 (VR:0.2)
[2026-08-14 14:29:19] 成功保存 6 条因子至: signal_batch_20260814_142919_354417.txt
[2026-08-14 14:29:19]  QQ-备用 邮件 3994 处理完成
[2026-08-14 14:29:19]  QQ-备用 本轮共成功处理 2 封有效信号邮件
[2026-08-14 14:29:54]  正在连接 QQ-主 邮箱服务器 (497720537@qq.com) ...
[2026-08-14 14:29:55]  正在连接 QQ-备用 邮箱服务器 (shouqianbadavid@qq.com) ...
[2026-08-14 14:30:30]  正在连接 QQ-主 邮箱服务器 (497720537@qq.com) ...
[2026-08-14 14:30:31]  正在连接 QQ-备用 邮箱服务器 (shouqianbadavid@qq.com) ...
[2026-08-14 14:31:06]  正在连接 QQ-主 邮箱服务器 (497720537@qq.com) ...
[2026-08-14 14:31:08]  正在连接 QQ-备用 邮箱服务器 (shouqianbadavid@qq.com) ...
[2026-08-14 14:31:43]  正在连接 QQ-主 邮箱服务器 (497720537@qq.com) ...
[2026-08-14 14:31:44]  正在连接 QQ-备用 邮箱服务器 (shouqianbadavid@qq.com) ...
[2026-08-14 14:32:19]  正在连接 QQ-主 邮箱服务器 (497720537@qq.com) ...
[2026-08-14 14:32:20]  正在连接 QQ-备用 邮箱服务器 (shouqianbadavid@qq.com) ...
[2026-08-14 14:32:55]  正在连接 QQ-主 邮箱服务器 (497720537@qq.com) ...
[2026-08-14 14:32:56]  QQ-主 正在解析因子: =?utf-8?b?QWxwaGFQaWxvdCDlrp7ml7bkv6Hlj7cgKGFscGhhX3NpZ25hbF90aHJfMjAyNjA4MTRfMTQzMi5qc29uKSBb5Li7UVEt5a+55aSWXQ==?=
[2026-08-14 14:32:56]  发现表格，共 14 行数据
[2026-08-14 14:32:56]  动态索引映射: ['股票代码', '股票名称', '信号', '当前价格', '量比', '来源过滤']
[2026-08-14 14:32:56]  [行1] 解析成功: SHSE.603773 [沃格光电] SELL @ 95.2 (VR:0.33)
[2026-08-14 14:32:56]  [行2] 解析成功: SHSE.600460 [士兰微] BUY @ 32.68 (VR:1.93)
[2026-08-14 14:32:56]  [行3] 解析成功: SZSE.002552 [宝鼎科技] BUY @ 59.55 (VR:1.55)
[2026-08-14 14:32:56]  [行4] 解析成功: SZSE.003031 [中瓷电子] BUY @ 130.08 (VR:2.64)
[2026-08-14 14:32:56]  [行5] 解析成功: SZSE.002937 [兴瑞科技] BUY @ 29.72 (VR:0.33)
[2026-08-14 14:32:56]  [行6] 解析成功: SZSE.000920 [沃顿科技] BUY @ 11.72 (VR:0.03)
[2026-08-14 14:32:56]  [行7] 解析成功: SZSE.000823 [超声电子] SELL @ 15.32 (VR:0.54)
[2026-08-14 14:32:56]  [行8] 解析成功: SHSE.603773 [沃格光电] SELL @ 95.16 (VR:0.48)
[2026-08-14 14:32:56]  [行9] 解析成功: SHSE.600259 [中稀有色] BUY @ 92.36 (VR:0.37)
[2026-08-14 14:32:56]  [行10] 解析成功: SZSE.003031 [中瓷电子] BUY @ 130.08 (VR:0.72)
[2026-08-14 14:32:56]  [行11] 解析成功: SZSE.002643 [万润股份] SELL @ 14.27 (VR:0.79)
[2026-08-14 14:32:56]  [行12] 解析成功: SZSE.002937 [兴瑞科技] BUY @ 29.73 (VR:0.71)
[2026-08-14 14:32:56]  [行13] 解析成功: SZSE.000823 [超声电子] SELL @ 15.28 (VR:0.42)
[2026-08-14 14:32:56]  [行14] 解析成功: SZSE.300607 [拓斯达] SELL @ 35.81 (VR:0.28)
[2026-08-14 14:32:56] 成功保存 14 条因子至: signal_batch_20260814_143256_458367.txt
[2026-08-14 14:32:56]  QQ-主 邮件 6355 处理完成
[2026-08-14 14:32:56]  QQ-主 正在解析因子: =?utf-8?b?QWxwaGFQaWxvdCDlrp7ml7bkv6Hlj7cgKGFscGhhX3NpZ25hbF90aHJfMjAyNjA4MTRfMTQzMi5qc29uKSBb5Li7UVEt5a+55aSWXQ==?=
[2026-08-14 14:32:56]  发现表格，共 9 行数据
[2026-08-14 14:32:56]  动态索引映射: ['股票代码', '股票名称', '信号', '当前价格', '量比', '来源过滤']
[2026-08-14 14:32:56]  [行1] 解析成功: SHSE.603773 [沃格光电] SELL @ 95.2 (VR:0.51)
[2026-08-14 14:32:56]  [行2] 解析成功: SZSE.003031 [中瓷电子] BUY @ 130.08 (VR:0.05)
[2026-08-14 14:32:56]  [行3] 解析成功: SZSE.000920 [沃顿科技] BUY @ 11.71 (VR:0.07)
[2026-08-14 14:32:56]  [行4] 解析成功: SZSE.301070 [开勒股份] BUY @ 66.88 (VR:0.46)
[2026-08-14 14:32:56]  [行5] 解析成功: SHSE.603773 [沃格光电] SELL @ 95.04 (VR:0.65)
[2026-08-14 14:32:56]  [行6] 解析成功: SZSE.003031 [中瓷电子] BUY @ 130.08 (VR:0.31)
[2026-08-14 14:32:56]  [行7] 解析成功: SZSE.002643 [万润股份] SELL @ 14.26 (VR:0.59)
[2026-08-14 14:32:56]  [行8] 解析成功: SZSE.002937 [兴瑞科技] SELL @ 29.72 (VR:0.04)
[2026-08-14 14:32:56]  [行9] 解析成功: SZSE.300607 [拓斯达] SELL @ 35.79 (VR:0.77)
[2026-08-14 14:32:56] 成功保存 9 条因子至: signal_batch_20260814_143256_850807.txt
[2026-08-14 14:32:57]  QQ-主 邮件 6356 处理完成
[2026-08-14 14:32:57]  QQ-主 本轮共成功处理 2 封有效信号邮件
[2026-08-14 14:32:57]  正在连接 QQ-备用 邮箱服务器 (shouqianbadavid@qq.com) ...
[2026-08-14 14:33:32]  正在连接 QQ-主 邮箱服务器 (497720537@qq.com) ...
[2026-08-14 14:33:34]  正在连接 QQ-备用 邮箱服务器 (shouqianbadavid@qq.com) ...
[2026-08-14 14:34:10]  正在连接 QQ-主 邮箱服务器 (497720537@qq.com) ...
[2026-08-14 14:34:10]  正在连接 QQ-备用 邮箱服务器 (shouqianbadavid@qq.com) ...
[2026-08-14 14:34:11]  QQ-备用 正在解析因子: =?utf-8?b?QWxwaGFQaWxvdCDlpIfku73kv6Hlj7cgKGFscGhhX3NpZ25hbF90aHJfMjAyNjA4MTRfMTQzMi5qc29uKSBb5aSHUVEt6Ieq5L+dXQ==?=
[2026-08-14 14:34:11]  发现表格，共 14 行数据
[2026-08-14 14:34:11]  动态索引映射: ['股票代码', '股票名称', '信号', '当前价格', '量比', '来源过滤']
[2026-08-14 14:34:11]  [行1] 解析成功: SHSE.603773 [沃格光电] SELL @ 95.2 (VR:0.33)
[2026-08-14 14:34:11]  [行2] 解析成功: SHSE.600460 [士兰微] BUY @ 32.68 (VR:1.93)
[2026-08-14 14:34:11]  [行3] 解析成功: SZSE.002552 [宝鼎科技] BUY @ 59.55 (VR:1.55)
[2026-08-14 14:34:11]  [行4] 解析成功: SZSE.003031 [中瓷电子] BUY @ 130.08 (VR:2.64)
[2026-08-14 14:34:11]  [行5] 解析成功: SZSE.002937 [兴瑞科技] BUY @ 29.72 (VR:0.33)
[2026-08-14 14:34:11]  [行6] 解析成功: SZSE.000920 [沃顿科技] BUY @ 11.72 (VR:0.03)
[2026-08-14 14:34:11]  [行7] 解析成功: SZSE.000823 [超声电子] SELL @ 15.32 (VR:0.54)
[2026-08-14 14:34:11]  [行8] 解析成功: SHSE.603773 [沃格光电] SELL @ 95.16 (VR:0.48)
[2026-08-14 14:34:11]  [行9] 解析成功: SHSE.600259 [中稀有色] BUY @ 92.36 (VR:0.37)
[2026-08-14 14:34:11]  [行10] 解析成功: SZSE.003031 [中瓷电子] BUY @ 130.08 (VR:0.72)
[2026-08-14 14:34:11]  [行11] 解析成功: SZSE.002643 [万润股份] SELL @ 14.27 (VR:0.79)
[2026-08-14 14:34:11]  [行12] 解析成功: SZSE.002937 [兴瑞科技] BUY @ 29.73 (VR:0.71)
[2026-08-14 14:34:11]  [行13] 解析成功: SZSE.000823 [超声电子] SELL @ 15.28 (VR:0.42)
[2026-08-14 14:34:11]  [行14] 解析成功: SZSE.300607 [拓斯达] SELL @ 35.81 (VR:0.28)
[2026-08-14 14:34:11] 成功保存 14 条因子至: signal_batch_20260814_143411_627493.txt
[2026-08-14 14:34:11]  QQ-备用 邮件 3995 处理完成
[2026-08-14 14:34:11]  QQ-备用 正在解析因子: =?utf-8?b?QWxwaGFQaWxvdCDlpIfku73kv6Hlj7cgKGFscGhhX3NpZ25hbF90aHJfMjAyNjA4MTRfMTQzMi5qc29uKSBb5aSHUVEt6Ieq5L+dXQ==?=
[2026-08-14 14:34:11]  发现表格，共 9 行数据
[2026-08-14 14:34:11]  动态索引映射: ['股票代码', '股票名称', '信号', '当前价格', '量比', '来源过滤']
[2026-08-14 14:34:11]  [行1] 解析成功: SHSE.603773 [沃格光电] SELL @ 95.2 (VR:0.51)
[2026-08-14 14:34:11]  [行2] 解析成功: SZSE.003031 [中瓷电子] BUY @ 130.08 (VR:0.05)
[2026-08-14 14:34:11]  [行3] 解析成功: SZSE.000920 [沃顿科技] BUY @ 11.71 (VR:0.07)
[2026-08-14 14:34:11]  [行4] 解析成功: SZSE.301070 [开勒股份] BUY @ 66.88 (VR:0.46)
[2026-08-14 14:34:11]  [行5] 解析成功: SHSE.603773 [沃格光电] SELL @ 95.04 (VR:0.65)
[2026-08-14 14:34:11]  [行6] 解析成功: SZSE.003031 [中瓷电子] BUY @ 130.08 (VR:0.31)
[2026-08-14 14:34:11]  [行7] 解析成功: SZSE.002643 [万润股份] SELL @ 14.26 (VR:0.59)
[2026-08-14 14:34:11]  [行8] 解析成功: SZSE.002937 [兴瑞科技] SELL @ 29.72 (VR:0.04)
[2026-08-14 14:34:11]  [行9] 解析成功: SZSE.300607 [拓斯达] SELL @ 35.79 (VR:0.77)
[2026-08-14 14:34:11] 成功保存 9 条因子至: signal_batch_20260814_143411_852502.txt
[2026-08-14 14:34:11]  QQ-备用 邮件 3996 处理完成
[2026-08-14 14:34:11]  QQ-备用 本轮共成功处理 2 封有效信号邮件
[2026-08-14 14:34:47]  正在连接 QQ-主 邮箱服务器 (497720537@qq.com) ...
[2026-08-14 14:34:47]  正在连接 QQ-备用 邮箱服务器 (shouqianbadavid@qq.com) ...
[2026-08-14 14:35:23]  正在连接 QQ-主 邮箱服务器 (497720537@qq.com) ...
[2026-08-14 14:35:24]  QQ-主 正在解析因子: =?utf-8?b?QWxwaGFQaWxvdCDlrp7ml7bkv6Hlj7cgKGFscGhhX3NpZ25hbF90aHJfMjAyNjA4MTRfMTQzNS5qc29uKSBb5Li7UVEt5a+55aSWXQ==?=
[2026-08-14 14:35:24]  发现表格，共 9 行数据
[2026-08-14 14:35:24]  动态索引映射: ['股票代码', '股票名称', '信号', '当前价格', '量比', '来源过滤']
[2026-08-14 14:35:24]  [行1] 解析成功: SHSE.688019 [安集科技] SELL @ 246.64 (VR:0.55)
[2026-08-14 14:35:24]  [行2] 解析成功: SHSE.688261 [东微半导] SELL @ 71.17 (VR:0.52)
[2026-08-14 14:35:24]  [行3] 解析成功: SHSE.688199 [久日新材] SELL @ 23.23 (VR:1.48)
[2026-08-14 14:35:24]  [行4] 解析成功: SZSE.300236 [上海新阳] SELL @ 93.78 (VR:0.05)
[2026-08-14 14:35:24]  [行5] 解析成功: SZSE.300767 [震安科技] BUY @ 18.79 (VR:0.2)
[2026-08-14 14:35:24]  [行6] 解析成功: SZSE.002158 [汉钟精机] BUY @ 28.13 (VR:0.31)
[2026-08-14 14:35:24]  [行7] 解析成功: SZSE.300236 [上海新阳] SELL @ 93.76 (VR:0.29)
[2026-08-14 14:35:24]  [行8] 解析成功: SZSE.300767 [震安科技] BUY @ 18.8 (VR:0.73)
[2026-08-14 14:35:24]  [行9] 解析成功: SZSE.002158 [汉钟精机] BUY @ 28.16 (VR:0.08)
[2026-08-14 14:35:24] 成功保存 9 条因子至: signal_batch_20260814_143524_187164.txt
[2026-08-14 14:35:24]  QQ-主 邮件 6357 处理完成
[2026-08-14 14:35:24]  QQ-主 正在解析因子: =?utf-8?b?QWxwaGFQaWxvdCDlrp7ml7bkv6Hlj7cgKGFscGhhX3NpZ25hbF90aHJfMjAyNjA4MTRfMTQzNS5qc29uKSBb5Li7UVEt5a+55aSWXQ==?=
[2026-08-14 14:35:24]  发现表格，共 9 行数据
[2026-08-14 14:35:24]  动态索引映射: ['股票代码', '股票名称', '信号', '当前价格', '量比', '来源过滤']
[2026-08-14 14:35:24]  [行1] 解析成功: SHSE.688019 [安集科技] SELL @ 246.64 (VR:0.55)
[2026-08-14 14:35:24]  [行2] 解析成功: SHSE.688261 [东微半导] SELL @ 71.17 (VR:0.52)
[2026-08-14 14:35:24]  [行3] 解析成功: SHSE.688199 [久日新材] SELL @ 23.23 (VR:1.48)
[2026-08-14 14:35:24]  [行4] 解析成功: SZSE.300236 [上海新阳] SELL @ 93.78 (VR:0.05)
[2026-08-14 14:35:24]  [行5] 解析成功: SZSE.300767 [震安科技] BUY @ 18.79 (VR:0.2)
[2026-08-14 14:35:24]  [行6] 解析成功: SZSE.002158 [汉钟精机] BUY @ 28.13 (VR:0.31)
[2026-08-14 14:35:24]  [行7] 解析成功: SZSE.300236 [上海新阳] SELL @ 93.76 (VR:0.29)
[2026-08-14 14:35:24]  [行8] 解析成功: SZSE.300767 [震安科技] BUY @ 18.8 (VR:0.73)
[2026-08-14 14:35:24]  [行9] 解析成功: SZSE.002158 [汉钟精机] BUY @ 28.16 (VR:0.08)
[2026-08-14 14:35:24] 本批信号内容已存在（哈希重复），跳过保存（防双邮箱重复）
[2026-08-14 14:35:24]  QQ-主 邮件 6358 保存因子失败
[2026-08-14 14:35:24]  QQ-主 本轮共成功处理 1 封有效信号邮件
[2026-08-14 14:35:24]  正在连接 QQ-备用 邮箱服务器 (shouqianbadavid@qq.com) ...
[2026-08-14 14:36:00]  正在连接 QQ-主 邮箱服务器 (497720537@qq.com) ...
[2026-08-14 14:36:01]  QQ-主 正在解析因子: =?utf-8?b?QWxwaGFQaWxvdCDlrp7ml7bkv6Hlj7cgKGFscGhhX3NpZ25hbF90aHJfMjAyNjA4MTRfMTQzNS5qc29uKSBb5Li7UVEt5a+55aSWXQ==?=
[2026-08-14 14:36:01]  发现表格，共 9 行数据
[2026-08-14 14:36:01]  动态索引映射: ['股票代码', '股票名称', '信号', '当前价格', '量比', '来源过滤']
[2026-08-14 14:36:01]  [行1] 解析成功: SHSE.688019 [安集科技] SELL @ 246.64 (VR:0.55)
[2026-08-14 14:36:01]  [行2] 解析成功: SHSE.688261 [东微半导] SELL @ 71.17 (VR:0.52)
[2026-08-14 14:36:01]  [行3] 解析成功: SHSE.688199 [久日新材] SELL @ 23.23 (VR:1.48)
[2026-08-14 14:36:01]  [行4] 解析成功: SZSE.300236 [上海新阳] SELL @ 93.78 (VR:0.05)
[2026-08-14 14:36:01]  [行5] 解析成功: SZSE.300767 [震安科技] BUY @ 18.79 (VR:0.2)
[2026-08-14 14:36:01]  [行6] 解析成功: SZSE.002158 [汉钟精机] BUY @ 28.13 (VR:0.31)
[2026-08-14 14:36:01]  [行7] 解析成功: SZSE.300236 [上海新阳] SELL @ 93.76 (VR:0.29)
[2026-08-14 14:36:01]  [行8] 解析成功: SZSE.300767 [震安科技] BUY @ 18.8 (VR:0.73)
[2026-08-14 14:36:01]  [行9] 解析成功: SZSE.002158 [汉钟精机] BUY @ 28.16 (VR:0.08)
[2026-08-14 14:36:01] 成功保存 9 条因子至: signal_batch_20260814_143601_572930.txt
[2026-08-14 14:36:01]  QQ-主 邮件 6358 处理完成
[2026-08-14 14:36:01]  QQ-主 本轮共成功处理 1 封有效信号邮件
[2026-08-14 14:36:01]  正在连接 QQ-备用 邮箱服务器 (shouqianbadavid@qq.com) ...
[2026-08-14 14:36:37]  正在连接 QQ-主 邮箱服务器 (497720537@qq.com) ...
[2026-08-14 14:36:37]  正在连接 QQ-备用 邮箱服务器 (shouqianbadavid@qq.com) ...
[2026-08-14 14:36:38]  QQ-备用 正在解析因子: =?utf-8?b?QWxwaGFQaWxvdCDlpIfku73kv6Hlj7cgKGFscGhhX3NpZ25hbF90aHJfMjAyNjA4MTRfMTQzNS5qc29uKSBb5aSHUVEt6Ieq5L+dXQ==?=
[2026-08-14 14:36:38]  发现表格，共 9 行数据
[2026-08-14 14:36:38]  动态索引映射: ['股票代码', '股票名称', '信号', '当前价格', '量比', '来源过滤']
[2026-08-14 14:36:38]  [行1] 解析成功: SHSE.688019 [安集科技] SELL @ 246.64 (VR:0.55)
[2026-08-14 14:36:38]  [行2] 解析成功: SHSE.688261 [东微半导] SELL @ 71.17 (VR:0.52)
[2026-08-14 14:36:38]  [行3] 解析成功: SHSE.688199 [久日新材] SELL @ 23.23 (VR:1.48)
[2026-08-14 14:36:38]  [行4] 解析成功: SZSE.300236 [上海新阳] SELL @ 93.78 (VR:0.05)
[2026-08-14 14:36:38]  [行5] 解析成功: SZSE.300767 [震安科技] BUY @ 18.79 (VR:0.2)
[2026-08-14 14:36:38]  [行6] 解析成功: SZSE.002158 [汉钟精机] BUY @ 28.13 (VR:0.31)
[2026-08-14 14:36:38]  [行7] 解析成功: SZSE.300236 [上海新阳] SELL @ 93.76 (VR:0.29)
[2026-08-14 14:36:38]  [行8] 解析成功: SZSE.300767 [震安科技] BUY @ 18.8 (VR:0.73)
[2026-08-14 14:36:38]  [行9] 解析成功: SZSE.002158 [汉钟精机] BUY @ 28.16 (VR:0.08)
[2026-08-14 14:36:38] 成功保存 9 条因子至: signal_batch_20260814_143638_643812.txt
[2026-08-14 14:36:38]  QQ-备用 邮件 3997 处理完成
[2026-08-14 14:36:38]  QQ-备用 正在解析因子: =?utf-8?b?QWxwaGFQaWxvdCDlpIfku73kv6Hlj7cgKGFscGhhX3NpZ25hbF90aHJfMjAyNjA4MTRfMTQzNS5qc29uKSBb5aSHUVEt6Ieq5L+dXQ==?=
[2026-08-14 14:36:38]  发现表格，共 9 行数据
[2026-08-14 14:36:38]  动态索引映射: ['股票代码', '股票名称', '信号', '当前价格', '量比', '来源过滤']
[2026-08-14 14:36:38]  [行1] 解析成功: SHSE.688019 [安集科技] SELL @ 246.64 (VR:0.55)
[2026-08-14 14:36:38]  [行2] 解析成功: SHSE.688261 [东微半导] SELL @ 71.17 (VR:0.52)
[2026-08-14 14:36:38]  [行3] 解析成功: SHSE.688199 [久日新材] SELL @ 23.23 (VR:1.48)
[2026-08-14 14:36:38]  [行4] 解析成功: SZSE.300236 [上海新阳] SELL @ 93.78 (VR:0.05)
[2026-08-14 14:36:38]  [行5] 解析成功: SZSE.300767 [震安科技] BUY @ 18.79 (VR:0.2)
[2026-08-14 14:36:38]  [行6] 解析成功: SZSE.002158 [汉钟精机] BUY @ 28.13 (VR:0.31)
[2026-08-14 14:36:38]  [行7] 解析成功: SZSE.300236 [上海新阳] SELL @ 93.76 (VR:0.29)
[2026-08-14 14:36:38]  [行8] 解析成功: SZSE.300767 [震安科技] BUY @ 18.8 (VR:0.73)
[2026-08-14 14:36:38]  [行9] 解析成功: SZSE.002158 [汉钟精机] BUY @ 28.16 (VR:0.08)
[2026-08-14 14:36:38] 本批信号内容已存在（哈希重复），跳过保存（防双邮箱重复）
[2026-08-14 14:36:38]  QQ-备用 邮件 3998 保存因子失败
[2026-08-14 14:36:38]  QQ-备用 本轮共成功处理 1 封有效信号邮件
[2026-08-14 14:37:14]  正在连接 QQ-主 邮箱服务器 (497720537@qq.com) ...
[2026-08-14 14:37:14]  正在连接 QQ-备用 邮箱服务器 (shouqianbadavid@qq.com) ...
[2026-08-14 14:37:14]  QQ-备用 正在解析因子: =?utf-8?b?QWxwaGFQaWxvdCDlpIfku73kv6Hlj7cgKGFscGhhX3NpZ25hbF90aHJfMjAyNjA4MTRfMTQzNS5qc29uKSBb5aSHUVEt6Ieq5L+dXQ==?=
[2026-08-14 14:37:14]  发现表格，共 9 行数据
[2026-08-14 14:37:14]  动态索引映射: ['股票代码', '股票名称', '信号', '当前价格', '量比', '来源过滤']
[2026-08-14 14:37:14]  [行1] 解析成功: SHSE.688019 [安集科技] SELL @ 246.64 (VR:0.55)
[2026-08-14 14:37:14]  [行2] 解析成功: SHSE.688261 [东微半导] SELL @ 71.17 (VR:0.52)
[2026-08-14 14:37:14]  [行3] 解析成功: SHSE.688199 [久日新材] SELL @ 23.23 (VR:1.48)
[2026-08-14 14:37:14]  [行4] 解析成功: SZSE.300236 [上海新阳] SELL @ 93.78 (VR:0.05)
[2026-08-14 14:37:14]  [行5] 解析成功: SZSE.300767 [震安科技] BUY @ 18.79 (VR:0.2)
[2026-08-14 14:37:14]  [行6] 解析成功: SZSE.002158 [汉钟精机] BUY @ 28.13 (VR:0.31)
[2026-08-14 14:37:14]  [行7] 解析成功: SZSE.300236 [上海新阳] SELL @ 93.76 (VR:0.29)
[2026-08-14 14:37:14]  [行8] 解析成功: SZSE.300767 [震安科技] BUY @ 18.8 (VR:0.73)
[2026-08-14 14:37:14]  [行9] 解析成功: SZSE.002158 [汉钟精机] BUY @ 28.16 (VR:0.08)
[2026-08-14 14:37:14] 成功保存 9 条因子至: signal_batch_20260814_143714_866856.txt
[2026-08-14 14:37:15]  QQ-备用 邮件 3998 处理完成
[2026-08-14 14:37:15]  QQ-备用 本轮共成功处理 1 封有效信号邮件
[2026-08-14 14:37:50]  正在连接 QQ-主 邮箱服务器 (497720537@qq.com) ...
[2026-08-14 14:37:50]  QQ-主 正在解析因子: =?utf-8?b?QWxwaGFQaWxvdCDlrp7ml7bkv6Hlj7cgKGFscGhhX3NpZ25hbF90aHJfMjAyNjA4MTRfMTQzNy5qc29uKSBb5Li7UVEt5a+55aSWXQ==?=
[2026-08-14 14:37:50]  发现表格，共 6 行数据
[2026-08-14 14:37:50]  动态索引映射: ['股票代码', '股票名称', '信号', '当前价格', '量比', '来源过滤']
[2026-08-14 14:37:50]  [行1] 解析成功: SHSE.688511 [天微电子] SELL @ 23.32 (VR:0.19)
[2026-08-14 14:37:50]  [行2] 解析成功: SZSE.300420 [五洋自控] BUY @ 8.02 (VR:0.29)
[2026-08-14 14:37:50]  [行3] 解析成功: SZSE.300780 [德恩精工] BUY @ 20.53 (VR:0.12)
[2026-08-14 14:37:50]  [行4] 解析成功: SHSE.688511 [天微电子] SELL @ 23.31 (VR:0.05)
[2026-08-14 14:37:50]  [行5] 解析成功: SZSE.300420 [五洋自控] BUY @ 8.03 (VR:0.7)
[2026-08-14 14:37:50]  [行6] 解析成功: SZSE.300780 [德恩精工] BUY @ 20.54 (VR:0.14)
[2026-08-14 14:37:50] 成功保存 6 条因子至: signal_batch_20260814_143750_558487.txt
[2026-08-14 14:37:50]  QQ-主 邮件 6359 处理完成
[2026-08-14 14:37:50]  QQ-主 正在解析因子: =?utf-8?b?QWxwaGFQaWxvdCDlrp7ml7bkv6Hlj7cgKGFscGhhX3NpZ25hbF90aHJfMjAyNjA4MTRfMTQzNy5qc29uKSBb5Li7UVEt5a+55aSWXQ==?=
[2026-08-14 14:37:50]  发现表格，共 6 行数据
[2026-08-14 14:37:50]  动态索引映射: ['股票代码', '股票名称', '信号', '当前价格', '量比', '来源过滤']
[2026-08-14 14:37:50]  [行1] 解析成功: SHSE.688511 [天微电子] SELL @ 23.32 (VR:0.19)
[2026-08-14 14:37:50]  [行2] 解析成功: SZSE.300420 [五洋自控] BUY @ 8.02 (VR:0.29)
[2026-08-14 14:37:50]  [行3] 解析成功: SZSE.300780 [德恩精工] BUY @ 20.53 (VR:0.12)
[2026-08-14 14:37:50]  [行4] 解析成功: SHSE.688511 [天微电子] SELL @ 23.31 (VR:0.05)
[2026-08-14 14:37:50]  [行5] 解析成功: SZSE.300420 [五洋自控] BUY @ 8.03 (VR:0.7)
[2026-08-14 14:37:50]  [行6] 解析成功: SZSE.300780 [德恩精工] BUY @ 20.54 (VR:0.14)
[2026-08-14 14:37:50] 本批信号内容已存在（哈希重复），跳过保存（防双邮箱重复）
[2026-08-14 14:37:50]  QQ-主 邮件 6360 保存因子失败
[2026-08-14 14:37:50]  QQ-主 本轮共成功处理 1 封有效信号邮件
[2026-08-14 14:37:50]  正在连接 QQ-备用 邮箱服务器 (shouqianbadavid@qq.com) ...
[2026-08-14 14:38:26]  正在连接 QQ-主 邮箱服务器 (497720537@qq.com) ...
[2026-08-14 14:38:27]  QQ-主 正在解析因子: =?utf-8?b?QWxwaGFQaWxvdCDlrp7ml7bkv6Hlj7cgKGFscGhhX3NpZ25hbF90aHJfMjAyNjA4MTRfMTQzNy5qc29uKSBb5Li7UVEt5a+55aSWXQ==?=
[2026-08-14 14:38:27]  发现表格，共 6 行数据
[2026-08-14 14:38:27]  动态索引映射: ['股票代码', '股票名称', '信号', '当前价格', '量比', '来源过滤']
[2026-08-14 14:38:27]  [行1] 解析成功: SHSE.688511 [天微电子] SELL @ 23.32 (VR:0.19)
[2026-08-14 14:38:27]  [行2] 解析成功: SZSE.300420 [五洋自控] BUY @ 8.02 (VR:0.29)
[2026-08-14 14:38:27]  [行3] 解析成功: SZSE.300780 [德恩精工] BUY @ 20.53 (VR:0.12)
[2026-08-14 14:38:27]  [行4] 解析成功: SHSE.688511 [天微电子] SELL @ 23.31 (VR:0.05)
[2026-08-14 14:38:27]  [行5] 解析成功: SZSE.300420 [五洋自控] BUY @ 8.03 (VR:0.7)
[2026-08-14 14:38:27]  [行6] 解析成功: SZSE.300780 [德恩精工] BUY @ 20.54 (VR:0.14)
[2026-08-14 14:38:27] 成功保存 6 条因子至: signal_batch_20260814_143827_802046.txt
[2026-08-14 14:38:27]  QQ-主 邮件 6360 处理完成
[2026-08-14 14:38:27]  QQ-主 本轮共成功处理 1 封有效信号邮件
[2026-08-14 14:38:28]  正在连接 QQ-备用 邮箱服务器 (shouqianbadavid@qq.com) ...
[2026-08-14 14:39:03]  正在连接 QQ-主 邮箱服务器 (497720537@qq.com) ...
[2026-08-14 14:39:03]  正在连接 QQ-备用 邮箱服务器 (shouqianbadavid@qq.com) ...
[2026-08-14 14:39:04]  QQ-备用 正在解析因子: =?utf-8?b?QWxwaGFQaWxvdCDlpIfku73kv6Hlj7cgKGFscGhhX3NpZ25hbF90aHJfMjAyNjA4MTRfMTQzNy5qc29uKSBb5aSHUVEt6Ieq5L+dXQ==?=
[2026-08-14 14:39:04]  发现表格，共 6 行数据
[2026-08-14 14:39:04]  动态索引映射: ['股票代码', '股票名称', '信号', '当前价格', '量比', '来源过滤']
[2026-08-14 14:39:04]  [行1] 解析成功: SHSE.688511 [天微电子] SELL @ 23.32 (VR:0.19)
[2026-08-14 14:39:04]  [行2] 解析成功: SZSE.300420 [五洋自控] BUY @ 8.02 (VR:0.29)
[2026-08-14 14:39:04]  [行3] 解析成功: SZSE.300780 [德恩精工] BUY @ 20.53 (VR:0.12)
[2026-08-14 14:39:04]  [行4] 解析成功: SHSE.688511 [天微电子] SELL @ 23.31 (VR:0.05)
[2026-08-14 14:39:04]  [行5] 解析成功: SZSE.300420 [五洋自控] BUY @ 8.03 (VR:0.7)
[2026-08-14 14:39:04]  [行6] 解析成功: SZSE.300780 [德恩精工] BUY @ 20.54 (VR:0.14)
[2026-08-14 14:39:04] 成功保存 6 条因子至: signal_batch_20260814_143904_667410.txt
[2026-08-14 14:39:04]  QQ-备用 邮件 3999 处理完成
[2026-08-14 14:39:04]  QQ-备用 正在解析因子: =?utf-8?b?QWxwaGFQaWxvdCDlpIfku73kv6Hlj7cgKGFscGhhX3NpZ25hbF90aHJfMjAyNjA4MTRfMTQzNy5qc29uKSBb5aSHUVEt6Ieq5L+dXQ==?=
[2026-08-14 14:39:04]  发现表格，共 6 行数据
[2026-08-14 14:39:04]  动态索引映射: ['股票代码', '股票名称', '信号', '当前价格', '量比', '来源过滤']
[2026-08-14 14:39:04]  [行1] 解析成功: SHSE.688511 [天微电子] SELL @ 23.32 (VR:0.19)
[2026-08-14 14:39:04]  [行2] 解析成功: SZSE.300420 [五洋自控] BUY @ 8.02 (VR:0.29)
[2026-08-14 14:39:04]  [行3] 解析成功: SZSE.300780 [德恩精工] BUY @ 20.53 (VR:0.12)
[2026-08-14 14:39:04]  [行4] 解析成功: SHSE.688511 [天微电子] SELL @ 23.31 (VR:0.05)
[2026-08-14 14:39:04]  [行5] 解析成功: SZSE.300420 [五洋自控] BUY @ 8.03 (VR:0.7)
[2026-08-14 14:39:04]  [行6] 解析成功: SZSE.300780 [德恩精工] BUY @ 20.54 (VR:0.14)
[2026-08-14 14:39:04] 本批信号内容已存在（哈希重复），跳过保存（防双邮箱重复）
[2026-08-14 14:39:04]  QQ-备用 邮件 4000 保存因子失败
[2026-08-14 14:39:04]  QQ-备用 本轮共成功处理 1 封有效信号邮件
[2026-08-14 14:39:40]  正在连接 QQ-主 邮箱服务器 (497720537@qq.com) ...
[2026-08-14 14:39:40]  正在连接 QQ-备用 邮箱服务器 (shouqianbadavid@qq.com) ...
[2026-08-14 14:39:41]  QQ-备用 正在解析因子: =?utf-8?b?QWxwaGFQaWxvdCDlpIfku73kv6Hlj7cgKGFscGhhX3NpZ25hbF90aHJfMjAyNjA4MTRfMTQzNy5qc29uKSBb5aSHUVEt6Ieq5L+dXQ==?=
[2026-08-14 14:39:41]  发现表格，共 6 行数据
[2026-08-14 14:39:41]  动态索引映射: ['股票代码', '股票名称', '信号', '当前价格', '量比', '来源过滤']
[2026-08-14 14:39:41]  [行1] 解析成功: SHSE.688511 [天微电子] SELL @ 23.32 (VR:0.19)
[2026-08-14 14:39:41]  [行2] 解析成功: SZSE.300420 [五洋自控] BUY @ 8.02 (VR:0.29)
[2026-08-14 14:39:41]  [行3] 解析成功: SZSE.300780 [德恩精工] BUY @ 20.53 (VR:0.12)
[2026-08-14 14:39:41]  [行4] 解析成功: SHSE.688511 [天微电子] SELL @ 23.31 (VR:0.05)
[2026-08-14 14:39:41]  [行5] 解析成功: SZSE.300420 [五洋自控] BUY @ 8.03 (VR:0.7)
[2026-08-14 14:39:41]  [行6] 解析成功: SZSE.300780 [德恩精工] BUY @ 20.54 (VR:0.14)
[2026-08-14 14:39:41] 成功保存 6 条因子至: signal_batch_20260814_143941_120550.txt
[2026-08-14 14:39:41]  QQ-备用 邮件 4000 处理完成
[2026-08-14 14:39:41]  QQ-备用 本轮共成功处理 1 封有效信号邮件
[2026-08-14 14:40:16]  正在连接 QQ-主 邮箱服务器 (497720537@qq.com) ...
[2026-08-14 14:40:17]  QQ-主 正在解析因子: =?utf-8?b?QWxwaGFQaWxvdCDlrp7ml7bkv6Hlj7cgKGFscGhhX3NpZ25hbF90aHJfMjAyNjA4MTRfMTQzOS5qc29uKSBb5Li7UVEt5a+55aSWXQ==?=
[2026-08-14 14:40:17]  发现表格，共 12 行数据
[2026-08-14 14:40:17]  动态索引映射: ['股票代码', '股票名称', '信号', '当前价格', '量比', '来源过滤']
[2026-08-14 14:40:17]  [行1] 解析成功: SHSE.688002 [睿创微纳] BUY @ 165.31 (VR:0.54)
[2026-08-14 14:40:17]  [行2] 解析成功: SHSE.688102 [斯瑞新材] BUY @ 37.71 (VR:2.05)
[2026-08-14 14:40:17]  [行3] 解析成功: SHSE.688521 [芯原股份] BUY @ 206.59 (VR:0.44)
[2026-08-14 14:40:17]  [行4] 解析成功: SZSE.300689 [澄天伟业] BUY @ 53.27 (VR:0.01)
[2026-08-14 14:40:17]  [行5] 解析成功: SZSE.300806 [斯迪克] BUY @ 48.64 (VR:0.04)
[2026-08-14 14:40:17]  [行6] 解析成功: SZSE.001339 [智微智能] BUY @ 85.21 (VR:0.15)
[2026-08-14 14:40:17]  [行7] 解析成功: SHSE.688002 [睿创微纳] BUY @ 165.36 (VR:0.71)
[2026-08-14 14:40:17]  [行8] 解析成功: SHSE.688102 [斯瑞新材] BUY @ 37.77 (VR:0.59)
[2026-08-14 14:40:17]  [行9] 解析成功: SHSE.688521 [芯原股份] BUY @ 206.68 (VR:0.44)
[2026-08-14 14:40:17]  [行10] 解析成功: SZSE.300689 [澄天伟业] BUY @ 53.29 (VR:0.09)
[2026-08-14 14:40:17]  [行11] 解析成功: SZSE.300806 [斯迪克] BUY @ 48.68 (VR:0.13)
[2026-08-14 14:40:17]  [行12] 解析成功: SZSE.001339 [智微智能] BUY @ 85.24 (VR:0.2)
[2026-08-14 14:40:17] 成功保存 12 条因子至: signal_batch_20260814_144017_054844.txt
[2026-08-14 14:40:17]  QQ-主 邮件 6361 处理完成
[2026-08-14 14:40:17]  QQ-主 正在解析因子: =?utf-8?b?QWxwaGFQaWxvdCDlrp7ml7bkv6Hlj7cgKGFscGhhX3NpZ25hbF90aHJfMjAyNjA4MTRfMTQzOS5qc29uKSBb5Li7UVEt5a+55aSWXQ==?=
[2026-08-14 14:40:17]  发现表格，共 12 行数据
[2026-08-14 14:40:17]  动态索引映射: ['股票代码', '股票名称', '信号', '当前价格', '量比', '来源过滤']
[2026-08-14 14:40:17]  [行1] 解析成功: SHSE.688002 [睿创微纳] BUY @ 165.31 (VR:0.54)
[2026-08-14 14:40:17]  [行2] 解析成功: SHSE.688102 [斯瑞新材] BUY @ 37.71 (VR:2.05)
[2026-08-14 14:40:17]  [行3] 解析成功: SHSE.688521 [芯原股份] BUY @ 206.59 (VR:0.44)
[2026-08-14 14:40:17]  [行4] 解析成功: SZSE.300689 [澄天伟业] BUY @ 53.27 (VR:0.01)
[2026-08-14 14:40:17]  [行5] 解析成功: SZSE.300806 [斯迪克] BUY @ 48.64 (VR:0.04)
[2026-08-14 14:40:17]  [行6] 解析成功: SZSE.001339 [智微智能] BUY @ 85.21 (VR:0.15)
[2026-08-14 14:40:17]  [行7] 解析成功: SHSE.688002 [睿创微纳] BUY @ 165.36 (VR:0.71)
[2026-08-14 14:40:17]  [行8] 解析成功: SHSE.688102 [斯瑞新材] BUY @ 37.77 (VR:0.59)
[2026-08-14 14:40:17]  [行9] 解析成功: SHSE.688521 [芯原股份] BUY @ 206.68 (VR:0.44)
[2026-08-14 14:40:17]  [行10] 解析成功: SZSE.300689 [澄天伟业] BUY @ 53.29 (VR:0.09)
[2026-08-14 14:40:17]  [行11] 解析成功: SZSE.300806 [斯迪克] BUY @ 48.68 (VR:0.13)
[2026-08-14 14:40:17]  [行12] 解析成功: SZSE.001339 [智微智能] BUY @ 85.24 (VR:0.2)
[2026-08-14 14:40:17] 本批信号内容已存在（哈希重复），跳过保存（防双邮箱重复）
[2026-08-14 14:40:17]  QQ-主 邮件 6362 保存因子失败
[2026-08-14 14:40:17]  QQ-主 本轮共成功处理 1 封有效信号邮件
[2026-08-14 14:40:17]  正在连接 QQ-备用 邮箱服务器 (shouqianbadavid@qq.com) ...
[2026-08-14 14:40:53]  正在连接 QQ-主 邮箱服务器 (497720537@qq.com) ...
[2026-08-14 14:40:54]  QQ-主 正在解析因子: =?utf-8?b?QWxwaGFQaWxvdCDlrp7ml7bkv6Hlj7cgKGFscGhhX3NpZ25hbF90aHJfMjAyNjA4MTRfMTQzOS5qc29uKSBb5Li7UVEt5a+55aSWXQ==?=
[2026-08-14 14:40:54]  发现表格，共 12 行数据
[2026-08-14 14:40:54]  动态索引映射: ['股票代码', '股票名称', '信号', '当前价格', '量比', '来源过滤']
[2026-08-14 14:40:54]  [行1] 解析成功: SHSE.688002 [睿创微纳] BUY @ 165.31 (VR:0.54)
[2026-08-14 14:40:54]  [行2] 解析成功: SHSE.688102 [斯瑞新材] BUY @ 37.71 (VR:2.05)
[2026-08-14 14:40:54]  [行3] 解析成功: SHSE.688521 [芯原股份] BUY @ 206.59 (VR:0.44)
[2026-08-14 14:40:54]  [行4] 解析成功: SZSE.300689 [澄天伟业] BUY @ 53.27 (VR:0.01)
[2026-08-14 14:40:54]  [行5] 解析成功: SZSE.300806 [斯迪克] BUY @ 48.64 (VR:0.04)
[2026-08-14 14:40:54]  [行6] 解析成功: SZSE.001339 [智微智能] BUY @ 85.21 (VR:0.15)
[2026-08-14 14:40:54]  [行7] 解析成功: SHSE.688002 [睿创微纳] BUY @ 165.36 (VR:0.71)
[2026-08-14 14:40:54]  [行8] 解析成功: SHSE.688102 [斯瑞新材] BUY @ 37.77 (VR:0.59)
[2026-08-14 14:40:54]  [行9] 解析成功: SHSE.688521 [芯原股份] BUY @ 206.68 (VR:0.44)
[2026-08-14 14:40:54]  [行10] 解析成功: SZSE.300689 [澄天伟业] BUY @ 53.29 (VR:0.09)
[2026-08-14 14:40:54]  [行11] 解析成功: SZSE.300806 [斯迪克] BUY @ 48.68 (VR:0.13)
[2026-08-14 14:40:54]  [行12] 解析成功: SZSE.001339 [智微智能] BUY @ 85.24 (VR:0.2)
[2026-08-14 14:40:54] 成功保存 12 条因子至: signal_batch_20260814_144054_541744.txt
[2026-08-14 14:40:54]  QQ-主 邮件 6362 处理完成
[2026-08-14 14:40:54]  QQ-主 本轮共成功处理 1 封有效信号邮件
[2026-08-14 14:40:54]  正在连接 QQ-备用 邮箱服务器 (shouqianbadavid@qq.com) ...
[2026-08-14 14:41:30]  正在连接 QQ-主 邮箱服务器 (497720537@qq.com) ...
[2026-08-14 14:41:30]  正在连接 QQ-备用 邮箱服务器 (shouqianbadavid@qq.com) ...
[2026-08-14 14:41:32]  QQ-备用 正在解析因子: =?utf-8?b?QWxwaGFQaWxvdCDlpIfku73kv6Hlj7cgKGFscGhhX3NpZ25hbF90aHJfMjAyNjA4MTRfMTQzOS5qc29uKSBb5aSHUVEt6Ieq5L+dXQ==?=
[2026-08-14 14:41:32]  发现表格，共 12 行数据
[2026-08-14 14:41:32]  动态索引映射: ['股票代码', '股票名称', '信号', '当前价格', '量比', '来源过滤']
[2026-08-14 14:41:32]  [行1] 解析成功: SHSE.688002 [睿创微纳] BUY @ 165.31 (VR:0.54)
[2026-08-14 14:41:32]  [行2] 解析成功: SHSE.688102 [斯瑞新材] BUY @ 37.71 (VR:2.05)
[2026-08-14 14:41:32]  [行3] 解析成功: SHSE.688521 [芯原股份] BUY @ 206.59 (VR:0.44)
[2026-08-14 14:41:32]  [行4] 解析成功: SZSE.300689 [澄天伟业] BUY @ 53.27 (VR:0.01)
[2026-08-14 14:41:32]  [行5] 解析成功: SZSE.300806 [斯迪克] BUY @ 48.64 (VR:0.04)
[2026-08-14 14:41:32]  [行6] 解析成功: SZSE.001339 [智微智能] BUY @ 85.21 (VR:0.15)
[2026-08-14 14:41:32]  [行7] 解析成功: SHSE.688002 [睿创微纳] BUY @ 165.36 (VR:0.71)
[2026-08-14 14:41:32]  [行8] 解析成功: SHSE.688102 [斯瑞新材] BUY @ 37.77 (VR:0.59)
[2026-08-14 14:41:32]  [行9] 解析成功: SHSE.688521 [芯原股份] BUY @ 206.68 (VR:0.44)
[2026-08-14 14:41:32]  [行10] 解析成功: SZSE.300689 [澄天伟业] BUY @ 53.29 (VR:0.09)
[2026-08-14 14:41:32]  [行11] 解析成功: SZSE.300806 [斯迪克] BUY @ 48.68 (VR:0.13)
[2026-08-14 14:41:32]  [行12] 解析成功: SZSE.001339 [智微智能] BUY @ 85.24 (VR:0.2)
[2026-08-14 14:41:32] 成功保存 12 条因子至: signal_batch_20260814_144132_137528.txt
[2026-08-14 14:41:32]  QQ-备用 邮件 4002 处理完成
[2026-08-14 14:41:32]  QQ-备用 本轮共成功处理 1 封有效信号邮件
[2026-08-14 14:42:07]  正在连接 QQ-主 邮箱服务器 (497720537@qq.com) ...
[2026-08-14 14:42:08]  正在连接 QQ-备用 邮箱服务器 (shouqianbadavid@qq.com) ...
[2026-08-14 14:42:43]  正在连接 QQ-主 邮箱服务器 (497720537@qq.com) ...
[2026-08-14 14:42:44]  QQ-主 正在解析因子: =?utf-8?b?QWxwaGFQaWxvdCDlrp7ml7bkv6Hlj7cgKGFscGhhX3NpZ25hbF90aHJfMjAyNjA4MTRfMTQ0Mi5qc29uKSBb5Li7UVEt5a+55aSWXQ==?=
[2026-08-14 14:42:44]  发现表格，共 2 行数据
[2026-08-14 14:42:44]  动态索引映射: ['股票代码', '股票名称', '信号', '当前价格', '量比', '来源过滤']
[2026-08-14 14:42:44]  [行1] 解析成功: SZSE.000510 [新金路] BUY @ 16.91 (VR:0.93)
[2026-08-14 14:42:44]  [行2] 解析成功: SZSE.000510 [新金路] BUY @ 16.92 (VR:0.53)
[2026-08-14 14:42:44] 成功保存 2 条因子至: signal_batch_20260814_144244_230652.txt
[2026-08-14 14:42:44]  QQ-主 邮件 6363 处理完成
[2026-08-14 14:42:44]  QQ-主 正在解析因子: =?utf-8?b?QWxwaGFQaWxvdCDlrp7ml7bkv6Hlj7cgKGFscGhhX3NpZ25hbF90aHJfMjAyNjA4MTRfMTQ0Mi5qc29uKSBb5Li7UVEt5a+55aSWXQ==?=
[2026-08-14 14:42:44]  发现表格，共 2 行数据
[2026-08-14 14:42:44]  动态索引映射: ['股票代码', '股票名称', '信号', '当前价格', '量比', '来源过滤']
[2026-08-14 14:42:44]  [行1] 解析成功: SZSE.000510 [新金路] BUY @ 16.91 (VR:0.93)
[2026-08-14 14:42:44]  [行2] 解析成功: SZSE.000510 [新金路] BUY @ 16.92 (VR:0.53)
[2026-08-14 14:42:44] 本批信号内容已存在（哈希重复），跳过保存（防双邮箱重复）
[2026-08-14 14:42:44]  QQ-主 邮件 6364 保存因子失败
[2026-08-14 14:42:44]  QQ-主 本轮共成功处理 1 封有效信号邮件
[2026-08-14 14:42:44]  正在连接 QQ-备用 邮箱服务器 (shouqianbadavid@qq.com) ...
[2026-08-14 14:43:20]  正在连接 QQ-主 邮箱服务器 (497720537@qq.com) ...
[2026-08-14 14:43:21]  QQ-主 正在解析因子: =?utf-8?b?QWxwaGFQaWxvdCDlrp7ml7bkv6Hlj7cgKGFscGhhX3NpZ25hbF90aHJfMjAyNjA4MTRfMTQ0Mi5qc29uKSBb5Li7UVEt5a+55aSWXQ==?=
[2026-08-14 14:43:21]  发现表格，共 2 行数据
[2026-08-14 14:43:21]  动态索引映射: ['股票代码', '股票名称', '信号', '当前价格', '量比', '来源过滤']
[2026-08-14 14:43:21]  [行1] 解析成功: SZSE.000510 [新金路] BUY @ 16.91 (VR:0.93)
[2026-08-14 14:43:21]  [行2] 解析成功: SZSE.000510 [新金路] BUY @ 16.92 (VR:0.53)
[2026-08-14 14:43:21] 成功保存 2 条因子至: signal_batch_20260814_144321_685141.txt
[2026-08-14 14:43:21]  QQ-主 邮件 6364 处理完成
[2026-08-14 14:43:21]  QQ-主 本轮共成功处理 1 封有效信号邮件
[2026-08-14 14:43:22]  正在连接 QQ-备用 邮箱服务器 (shouqianbadavid@qq.com) ...
[2026-08-14 14:43:57]  正在连接 QQ-主 邮箱服务器 (497720537@qq.com) ...
[2026-08-14 14:43:58]  正在连接 QQ-备用 邮箱服务器 (shouqianbadavid@qq.com) ...
[2026-08-14 14:44:00]  QQ-备用 正在解析因子: =?utf-8?b?QWxwaGFQaWxvdCDlpIfku73kv6Hlj7cgKGFscGhhX3NpZ25hbF90aHJfMjAyNjA4MTRfMTQ0Mi5qc29uKSBb5aSHUVEt6Ieq5L+dXQ==?=
[2026-08-14 14:44:00]  发现表格，共 2 行数据
[2026-08-14 14:44:00]  动态索引映射: ['股票代码', '股票名称', '信号', '当前价格', '量比', '来源过滤']
[2026-08-14 14:44:00]  [行1] 解析成功: SZSE.000510 [新金路] BUY @ 16.91 (VR:0.93)
[2026-08-14 14:44:00]  [行2] 解析成功: SZSE.000510 [新金路] BUY @ 16.92 (VR:0.53)
[2026-08-14 14:44:00] 成功保存 2 条因子至: signal_batch_20260814_144400_211964.txt
[2026-08-14 14:44:00]  QQ-备用 邮件 4003 处理完成
[2026-08-14 14:44:00]  QQ-备用 正在解析因子: =?utf-8?b?QWxwaGFQaWxvdCDlpIfku73kv6Hlj7cgKGFscGhhX3NpZ25hbF90aHJfMjAyNjA4MTRfMTQ0Mi5qc29uKSBb5aSHUVEt6Ieq5L+dXQ==?=
[2026-08-14 14:44:00]  发现表格，共 2 行数据
[2026-08-14 14:44:00]  动态索引映射: ['股票代码', '股票名称', '信号', '当前价格', '量比', '来源过滤']
[2026-08-14 14:44:00]  [行1] 解析成功: SZSE.000510 [新金路] BUY @ 16.91 (VR:0.93)
[2026-08-14 14:44:00]  [行2] 解析成功: SZSE.000510 [新金路] BUY @ 16.92 (VR:0.53)
[2026-08-14 14:44:00] 成功保存 2 条因子至: signal_batch_20260814_144400_493558.txt
[2026-08-14 14:44:00]  QQ-备用 邮件 4004 处理完成
[2026-08-14 14:44:00]  QQ-备用 本轮共成功处理 2 封有效信号邮件
[2026-08-14 14:44:36]  正在连接 QQ-主 邮箱服务器 (497720537@qq.com) ...
[2026-08-14 14:44:36]  正在连接 QQ-备用 邮箱服务器 (shouqianbadavid@qq.com) ...
[2026-08-14 14:45:11]  正在连接 QQ-主 邮箱服务器 (497720537@qq.com) ...
[2026-08-14 14:45:12]  QQ-主 正在解析因子: =?utf-8?b?QWxwaGFQaWxvdCDlrp7ml7bkv6Hlj7cgKGFscGhhX3NpZ25hbF90aHJfMjAyNjA4MTRfMTQ0NC5qc29uKSBb5Li7UVEt5a+55aSWXQ==?=
[2026-08-14 14:45:12]  发现表格，共 8 行数据
[2026-08-14 14:45:12]  动态索引映射: ['股票代码', '股票名称', '信号', '当前价格', '量比', '来源过滤']
[2026-08-14 14:45:12]  [行1] 解析成功: SHSE.605111 [新洁能] SELL @ 58.04 (VR:0.48)
[2026-08-14 14:45:12]  [行2] 解析成功: SZSE.002643 [万润股份] BUY @ 14.27 (VR:0.18)
[2026-08-14 14:45:12]  [行3] 解析成功: SZSE.002937 [兴瑞科技] BUY @ 29.53 (VR:0.51)
[2026-08-14 14:45:12]  [行4] 解析成功: SZSE.000920 [沃顿科技] BUY @ 11.68 (VR:0.05)
[2026-08-14 14:45:12]  [行5] 解析成功: SHSE.605111 [新洁能] SELL @ 58.03 (VR:0.2)
[2026-08-14 14:45:12]  [行6] 解析成功: SZSE.002643 [万润股份] BUY @ 14.28 (VR:0.53)
[2026-08-14 14:45:12]  [行7] 解析成功: SZSE.002937 [兴瑞科技] BUY @ 29.55 (VR:1.09)
[2026-08-14 14:45:12]  [行8] 解析成功: SZSE.000920 [沃顿科技] BUY @ 11.69 (VR:0.1)
[2026-08-14 14:45:12] 成功保存 8 条因子至: signal_batch_20260814_144512_469312.txt
[2026-08-14 14:45:12]  QQ-主 邮件 6365 处理完成
[2026-08-14 14:45:12]  QQ-主 正在解析因子: =?utf-8?b?QWxwaGFQaWxvdCDlrp7ml7bkv6Hlj7cgKGFscGhhX3NpZ25hbF90aHJfMjAyNjA4MTRfMTQ0NC5qc29uKSBb5Li7UVEt5a+55aSWXQ==?=
[2026-08-14 14:45:12]  发现表格，共 8 行数据
[2026-08-14 14:45:12]  动态索引映射: ['股票代码', '股票名称', '信号', '当前价格', '量比', '来源过滤']
[2026-08-14 14:45:12]  [行1] 解析成功: SHSE.605111 [新洁能] SELL @ 58.04 (VR:0.48)
[2026-08-14 14:45:12]  [行2] 解析成功: SZSE.002643 [万润股份] BUY @ 14.27 (VR:0.18)
[2026-08-14 14:45:12]  [行3] 解析成功: SZSE.002937 [兴瑞科技] BUY @ 29.53 (VR:0.51)
[2026-08-14 14:45:12]  [行4] 解析成功: SZSE.000920 [沃顿科技] BUY @ 11.68 (VR:0.05)
[2026-08-14 14:45:12]  [行5] 解析成功: SHSE.605111 [新洁能] SELL @ 58.03 (VR:0.2)
[2026-08-14 14:45:12]  [行6] 解析成功: SZSE.002643 [万润股份] BUY @ 14.28 (VR:0.53)
[2026-08-14 14:45:12]  [行7] 解析成功: SZSE.002937 [兴瑞科技] BUY @ 29.55 (VR:1.09)
[2026-08-14 14:45:12]  [行8] 解析成功: SZSE.000920 [沃顿科技] BUY @ 11.69 (VR:0.1)
[2026-08-14 14:45:12] 本批信号内容已存在（哈希重复），跳过保存（防双邮箱重复）
[2026-08-14 14:45:12]  QQ-主 邮件 6366 保存因子失败
[2026-08-14 14:45:12]  QQ-主 本轮共成功处理 1 封有效信号邮件
[2026-08-14 14:45:12]  正在连接 QQ-备用 邮箱服务器 (shouqianbadavid@qq.com) ...
[2026-08-14 14:45:48]  正在连接 QQ-主 邮箱服务器 (497720537@qq.com) ...
[2026-08-14 14:45:49]  QQ-主 正在解析因子: =?utf-8?b?QWxwaGFQaWxvdCDlrp7ml7bkv6Hlj7cgKGFscGhhX3NpZ25hbF90aHJfMjAyNjA4MTRfMTQ0NC5qc29uKSBb5Li7UVEt5a+55aSWXQ==?=
[2026-08-14 14:45:49]  发现表格，共 8 行数据
[2026-08-14 14:45:49]  动态索引映射: ['股票代码', '股票名称', '信号', '当前价格', '量比', '来源过滤']
[2026-08-14 14:45:49]  [行1] 解析成功: SHSE.605111 [新洁能] SELL @ 58.04 (VR:0.48)
[2026-08-14 14:45:49]  [行2] 解析成功: SZSE.002643 [万润股份] BUY @ 14.27 (VR:0.18)
[2026-08-14 14:45:49]  [行3] 解析成功: SZSE.002937 [兴瑞科技] BUY @ 29.53 (VR:0.51)
[2026-08-14 14:45:49]  [行4] 解析成功: SZSE.000920 [沃顿科技] BUY @ 11.68 (VR:0.05)
[2026-08-14 14:45:49]  [行5] 解析成功: SHSE.605111 [新洁能] SELL @ 58.03 (VR:0.2)
[2026-08-14 14:45:49]  [行6] 解析成功: SZSE.002643 [万润股份] BUY @ 14.28 (VR:0.53)
[2026-08-14 14:45:49]  [行7] 解析成功: SZSE.002937 [兴瑞科技] BUY @ 29.55 (VR:1.09)
[2026-08-14 14:45:49]  [行8] 解析成功: SZSE.000920 [沃顿科技] BUY @ 11.69 (VR:0.1)
[2026-08-14 14:45:49] 成功保存 8 条因子至: signal_batch_20260814_144549_581971.txt
[2026-08-14 14:45:49]  QQ-主 邮件 6366 处理完成
[2026-08-14 14:45:49]  QQ-主 本轮共成功处理 1 封有效信号邮件
[2026-08-14 14:45:49]  正在连接 QQ-备用 邮箱服务器 (shouqianbadavid@qq.com) ...
[2026-08-14 14:46:25]  正在连接 QQ-主 邮箱服务器 (497720537@qq.com) ...
[2026-08-14 14:46:25]  正在连接 QQ-备用 邮箱服务器 (shouqianbadavid@qq.com) ...
[2026-08-14 14:46:26]  QQ-备用 正在解析因子: =?utf-8?b?QWxwaGFQaWxvdCDlpIfku73kv6Hlj7cgKGFscGhhX3NpZ25hbF90aHJfMjAyNjA4MTRfMTQ0NC5qc29uKSBb5aSHUVEt6Ieq5L+dXQ==?=
[2026-08-14 14:46:26]  发现表格，共 8 行数据
[2026-08-14 14:46:26]  动态索引映射: ['股票代码', '股票名称', '信号', '当前价格', '量比', '来源过滤']
[2026-08-14 14:46:26]  [行1] 解析成功: SHSE.605111 [新洁能] SELL @ 58.04 (VR:0.48)
[2026-08-14 14:46:26]  [行2] 解析成功: SZSE.002643 [万润股份] BUY @ 14.27 (VR:0.18)
[2026-08-14 14:46:26]  [行3] 解析成功: SZSE.002937 [兴瑞科技] BUY @ 29.53 (VR:0.51)
[2026-08-14 14:46:26]  [行4] 解析成功: SZSE.000920 [沃顿科技] BUY @ 11.68 (VR:0.05)
[2026-08-14 14:46:26]  [行5] 解析成功: SHSE.605111 [新洁能] SELL @ 58.03 (VR:0.2)
[2026-08-14 14:46:26]  [行6] 解析成功: SZSE.002643 [万润股份] BUY @ 14.28 (VR:0.53)
[2026-08-14 14:46:26]  [行7] 解析成功: SZSE.002937 [兴瑞科技] BUY @ 29.55 (VR:1.09)
[2026-08-14 14:46:26]  [行8] 解析成功: SZSE.000920 [沃顿科技] BUY @ 11.69 (VR:0.1)
[2026-08-14 14:46:26] 成功保存 8 条因子至: signal_batch_20260814_144626_503766.txt
[2026-08-14 14:46:26]  QQ-备用 邮件 4005 处理完成
[2026-08-14 14:46:26]  QQ-备用 正在解析因子: =?utf-8?b?QWxwaGFQaWxvdCDlpIfku73kv6Hlj7cgKGFscGhhX3NpZ25hbF90aHJfMjAyNjA4MTRfMTQ0NC5qc29uKSBb5aSHUVEt6Ieq5L+dXQ==?=
[2026-08-14 14:46:26]  发现表格，共 8 行数据
[2026-08-14 14:46:26]  动态索引映射: ['股票代码', '股票名称', '信号', '当前价格', '量比', '来源过滤']
[2026-08-14 14:46:26]  [行1] 解析成功: SHSE.605111 [新洁能] SELL @ 58.04 (VR:0.48)
[2026-08-14 14:46:26]  [行2] 解析成功: SZSE.002643 [万润股份] BUY @ 14.27 (VR:0.18)
[2026-08-14 14:46:26]  [行3] 解析成功: SZSE.002937 [兴瑞科技] BUY @ 29.53 (VR:0.51)
[2026-08-14 14:46:26]  [行4] 解析成功: SZSE.000920 [沃顿科技] BUY @ 11.68 (VR:0.05)
[2026-08-14 14:46:26]  [行5] 解析成功: SHSE.605111 [新洁能] SELL @ 58.03 (VR:0.2)
[2026-08-14 14:46:26]  [行6] 解析成功: SZSE.002643 [万润股份] BUY @ 14.28 (VR:0.53)
[2026-08-14 14:46:26]  [行7] 解析成功: SZSE.002937 [兴瑞科技] BUY @ 29.55 (VR:1.09)
[2026-08-14 14:46:26]  [行8] 解析成功: SZSE.000920 [沃顿科技] BUY @ 11.69 (VR:0.1)
[2026-08-14 14:46:26] 成功保存 8 条因子至: signal_batch_20260814_144626_735527.txt
[2026-08-14 14:46:26]  QQ-备用 邮件 4006 处理完成
[2026-08-14 14:46:26]  QQ-备用 本轮共成功处理 2 封有效信号邮件
[2026-08-14 14:47:02]  正在连接 QQ-主 邮箱服务器 (497720537@qq.com) ...
[2026-08-14 14:47:02]  正在连接 QQ-备用 邮箱服务器 (shouqianbadavid@qq.com) ...
[2026-08-14 14:47:38]  正在连接 QQ-主 邮箱服务器 (497720537@qq.com) ...
[2026-08-14 14:47:38]  QQ-主 正在解析因子: =?utf-8?b?QWxwaGFQaWxvdCDlrp7ml7bkv6Hlj7cgKGFscGhhX3NpZ25hbF90aHJfMjAyNjA4MTRfMTQ0Ny5qc29uKSBb5Li7UVEt5a+55aSWXQ==?=
[2026-08-14 14:47:38]  发现表格，共 10 行数据
[2026-08-14 14:47:38]  动态索引映射: ['股票代码', '股票名称', '信号', '当前价格', '量比', '来源过滤']
[2026-08-14 14:47:38]  [行1] 解析成功: SZSE.300821 [东岳硅材] BUY @ 16.93 (VR:0.16)
[2026-08-14 14:47:38]  [行2] 解析成功: SZSE.300236 [上海新阳] BUY @ 93.83 (VR:0.2)
[2026-08-14 14:47:38]  [行3] 解析成功: SZSE.300162 [雷曼光电] BUY @ 7.68 (VR:0.21)
[2026-08-14 14:47:38]  [行4] 解析成功: SZSE.300767 [震安科技] BUY @ 18.83 (VR:1.73)
[2026-08-14 14:47:38]  [行5] 解析成功: SZSE.002635 [安洁科技] BUY @ 15.9 (VR:0.77)
[2026-08-14 14:47:38]  [行6] 解析成功: SZSE.300821 [东岳硅材] BUY @ 16.95 (VR:0.2)
[2026-08-14 14:47:38]  [行7] 解析成功: SZSE.300236 [上海新阳] BUY @ 93.87 (VR:0.23)
[2026-08-14 14:47:38]  [行8] 解析成功: SZSE.300162 [雷曼光电] BUY @ 7.69 (VR:0.05)
[2026-08-14 14:47:38]  [行9] 解析成功: SZSE.300767 [震安科技] BUY @ 18.84 (VR:0.57)
[2026-08-14 14:47:38]  [行10] 解析成功: SZSE.002635 [安洁科技] BUY @ 15.91 (VR:0.37)
[2026-08-14 14:47:38] 成功保存 10 条因子至: signal_batch_20260814_144738_819363.txt
[2026-08-14 14:47:38]  QQ-主 邮件 6367 处理完成
[2026-08-14 14:47:39]  QQ-主 正在解析因子: =?utf-8?b?QWxwaGFQaWxvdCDlrp7ml7bkv6Hlj7cgKGFscGhhX3NpZ25hbF90aHJfMjAyNjA4MTRfMTQ0Ny5qc29uKSBb5Li7UVEt5a+55aSWXQ==?=
[2026-08-14 14:47:39]  发现表格，共 10 行数据
[2026-08-14 14:47:39]  动态索引映射: ['股票代码', '股票名称', '信号', '当前价格', '量比', '来源过滤']
[2026-08-14 14:47:39]  [行1] 解析成功: SZSE.300821 [东岳硅材] BUY @ 16.93 (VR:0.16)
[2026-08-14 14:47:39]  [行2] 解析成功: SZSE.300236 [上海新阳] BUY @ 93.83 (VR:0.2)
[2026-08-14 14:47:39]  [行3] 解析成功: SZSE.300162 [雷曼光电] BUY @ 7.68 (VR:0.21)
[2026-08-14 14:47:39]  [行4] 解析成功: SZSE.300767 [震安科技] BUY @ 18.83 (VR:1.73)
[2026-08-14 14:47:39]  [行5] 解析成功: SZSE.002635 [安洁科技] BUY @ 15.9 (VR:0.77)
[2026-08-14 14:47:39]  [行6] 解析成功: SZSE.300821 [东岳硅材] BUY @ 16.95 (VR:0.2)
[2026-08-14 14:47:39]  [行7] 解析成功: SZSE.300236 [上海新阳] BUY @ 93.87 (VR:0.23)
[2026-08-14 14:47:39]  [行8] 解析成功: SZSE.300162 [雷曼光电] BUY @ 7.69 (VR:0.05)
[2026-08-14 14:47:39]  [行9] 解析成功: SZSE.300767 [震安科技] BUY @ 18.84 (VR:0.57)
[2026-08-14 14:47:39]  [行10] 解析成功: SZSE.002635 [安洁科技] BUY @ 15.91 (VR:0.37)
[2026-08-14 14:47:39] 成功保存 10 条因子至: signal_batch_20260814_144739_052159.txt
[2026-08-14 14:47:39]  QQ-主 邮件 6368 处理完成
[2026-08-14 14:47:39]  QQ-主 本轮共成功处理 2 封有效信号邮件
[2026-08-14 14:47:39]  正在连接 QQ-备用 邮箱服务器 (shouqianbadavid@qq.com) ...
[2026-08-14 14:48:14]  正在连接 QQ-主 邮箱服务器 (497720537@qq.com) ...
[2026-08-14 14:48:16]  正在连接 QQ-备用 邮箱服务器 (shouqianbadavid@qq.com) ...
[2026-08-14 14:48:51]  正在连接 QQ-主 邮箱服务器 (497720537@qq.com) ...
[2026-08-14 14:48:52]  正在连接 QQ-备用 邮箱服务器 (shouqianbadavid@qq.com) ...
[2026-08-14 14:48:52]  QQ-备用 正在解析因子: =?utf-8?b?QWxwaGFQaWxvdCDlpIfku73kv6Hlj7cgKGFscGhhX3NpZ25hbF90aHJfMjAyNjA4MTRfMTQ0Ny5qc29uKSBb5aSHUVEt6Ieq5L+dXQ==?=
[2026-08-14 14:48:52]  发现表格，共 10 行数据
[2026-08-14 14:48:52]  动态索引映射: ['股票代码', '股票名称', '信号', '当前价格', '量比', '来源过滤']
[2026-08-14 14:48:52]  [行1] 解析成功: SZSE.300821 [东岳硅材] BUY @ 16.93 (VR:0.16)
[2026-08-14 14:48:52]  [行2] 解析成功: SZSE.300236 [上海新阳] BUY @ 93.83 (VR:0.2)
[2026-08-14 14:48:52]  [行3] 解析成功: SZSE.300162 [雷曼光电] BUY @ 7.68 (VR:0.21)
[2026-08-14 14:48:52]  [行4] 解析成功: SZSE.300767 [震安科技] BUY @ 18.83 (VR:1.73)
[2026-08-14 14:48:52]  [行5] 解析成功: SZSE.002635 [安洁科技] BUY @ 15.9 (VR:0.77)
[2026-08-14 14:48:52]  [行6] 解析成功: SZSE.300821 [东岳硅材] BUY @ 16.95 (VR:0.2)
[2026-08-14 14:48:52]  [行7] 解析成功: SZSE.300236 [上海新阳] BUY @ 93.87 (VR:0.23)
[2026-08-14 14:48:52]  [行8] 解析成功: SZSE.300162 [雷曼光电] BUY @ 7.69 (VR:0.05)
[2026-08-14 14:48:52]  [行9] 解析成功: SZSE.300767 [震安科技] BUY @ 18.84 (VR:0.57)
[2026-08-14 14:48:52]  [行10] 解析成功: SZSE.002635 [安洁科技] BUY @ 15.91 (VR:0.37)
[2026-08-14 14:48:53] 成功保存 10 条因子至: signal_batch_20260814_144853_009100.txt
[2026-08-14 14:48:53]  QQ-备用 邮件 4007 处理完成
[2026-08-14 14:48:53]  QQ-备用 正在解析因子: =?utf-8?b?QWxwaGFQaWxvdCDlpIfku73kv6Hlj7cgKGFscGhhX3NpZ25hbF90aHJfMjAyNjA4MTRfMTQ0Ny5qc29uKSBb5aSHUVEt6Ieq5L+dXQ==?=
[2026-08-14 14:48:53]  发现表格，共 10 行数据
[2026-08-14 14:48:53]  动态索引映射: ['股票代码', '股票名称', '信号', '当前价格', '量比', '来源过滤']
[2026-08-14 14:48:53]  [行1] 解析成功: SZSE.300821 [东岳硅材] BUY @ 16.93 (VR:0.16)
[2026-08-14 14:48:53]  [行2] 解析成功: SZSE.300236 [上海新阳] BUY @ 93.83 (VR:0.2)
[2026-08-14 14:48:53]  [行3] 解析成功: SZSE.300162 [雷曼光电] BUY @ 7.68 (VR:0.21)
[2026-08-14 14:48:53]  [行4] 解析成功: SZSE.300767 [震安科技] BUY @ 18.83 (VR:1.73)
[2026-08-14 14:48:53]  [行5] 解析成功: SZSE.002635 [安洁科技] BUY @ 15.9 (VR:0.77)
[2026-08-14 14:48:53]  [行6] 解析成功: SZSE.300821 [东岳硅材] BUY @ 16.95 (VR:0.2)
[2026-08-14 14:48:53]  [行7] 解析成功: SZSE.300236 [上海新阳] BUY @ 93.87 (VR:0.23)
[2026-08-14 14:48:53]  [行8] 解析成功: SZSE.300162 [雷曼光电] BUY @ 7.69 (VR:0.05)
[2026-08-14 14:48:53]  [行9] 解析成功: SZSE.300767 [震安科技] BUY @ 18.84 (VR:0.57)
[2026-08-14 14:48:53]  [行10] 解析成功: SZSE.002635 [安洁科技] BUY @ 15.91 (VR:0.37)
[2026-08-14 14:48:53] 成功保存 10 条因子至: signal_batch_20260814_144853_297637.txt
[2026-08-14 14:48:53]  QQ-备用 邮件 4008 处理完成
[2026-08-14 14:48:53]  QQ-备用 本轮共成功处理 2 封有效信号邮件
[2026-08-14 14:49:28]  正在连接 QQ-主 邮箱服务器 (497720537@qq.com) ...
[2026-08-14 14:49:28]  正在连接 QQ-备用 邮箱服务器 (shouqianbadavid@qq.com) ...
[2026-08-14 14:50:04]  正在连接 QQ-主 邮箱服务器 (497720537@qq.com) ...
[2026-08-14 14:50:04]  QQ-主 正在解析因子: =?utf-8?b?QWxwaGFQaWxvdCDlrp7ml7bkv6Hlj7cgKGFscGhhX3NpZ25hbF90aHJfMjAyNjA4MTRfMTQ0OS5qc29uKSBb5Li7UVEt5a+55aSWXQ==?=
[2026-08-14 14:50:05]  发现表格，共 8 行数据
[2026-08-14 14:50:05]  动态索引映射: ['股票代码', '股票名称', '信号', '当前价格', '量比', '来源过滤']
[2026-08-14 14:50:05]  [行1] 解析成功: SHSE.688511 [天微电子] BUY @ 23.26 (VR:0.08)
[2026-08-14 14:50:05]  [行2] 解析成功: SHSE.688249 [晶合集成] SELL @ 39.98 (VR:0.01)
[2026-08-14 14:50:05]  [行3] 解析成功: SHSE.688138 [清溢光电] BUY @ 33.93 (VR:1.14)
[2026-08-14 14:50:05]  [行4] 解析成功: SZSE.301392 [汇成真空] BUY @ 168.48 (VR:0.27)
[2026-08-14 14:50:05]  [行5] 解析成功: SHSE.688511 [天微电子] BUY @ 23.3 (VR:0.66)
[2026-08-14 14:50:05]  [行6] 解析成功: SHSE.688249 [晶合集成] SELL @ 39.97 (VR:0.01)
[2026-08-14 14:50:05]  [行7] 解析成功: SHSE.688138 [清溢光电] BUY @ 34.13 (VR:2.59)
[2026-08-14 14:50:05]  [行8] 解析成功: SZSE.301392 [汇成真空] BUY @ 168.5 (VR:0.43)
[2026-08-14 14:50:05] 成功保存 8 条因子至: signal_batch_20260814_145005_026616.txt
[2026-08-14 14:50:05]  QQ-主 邮件 6369 处理完成
[2026-08-14 14:50:05]  QQ-主 正在解析因子: =?utf-8?b?QWxwaGFQaWxvdCDlrp7ml7bkv6Hlj7cgKGFscGhhX3NpZ25hbF90aHJfMjAyNjA4MTRfMTQ0OS5qc29uKSBb5Li7UVEt5a+55aSWXQ==?=
[2026-08-14 14:50:05]  发现表格，共 8 行数据
[2026-08-14 14:50:05]  动态索引映射: ['股票代码', '股票名称', '信号', '当前价格', '量比', '来源过滤']
[2026-08-14 14:50:05]  [行1] 解析成功: SHSE.688511 [天微电子] BUY @ 23.26 (VR:0.08)
[2026-08-14 14:50:05]  [行2] 解析成功: SHSE.688249 [晶合集成] SELL @ 39.98 (VR:0.01)
[2026-08-14 14:50:05]  [行3] 解析成功: SHSE.688138 [清溢光电] BUY @ 33.93 (VR:1.14)
[2026-08-14 14:50:05]  [行4] 解析成功: SZSE.301392 [汇成真空] BUY @ 168.48 (VR:0.27)
[2026-08-14 14:50:05]  [行5] 解析成功: SHSE.688511 [天微电子] BUY @ 23.3 (VR:0.66)
[2026-08-14 14:50:05]  [行6] 解析成功: SHSE.688249 [晶合集成] SELL @ 39.97 (VR:0.01)
[2026-08-14 14:50:05]  [行7] 解析成功: SHSE.688138 [清溢光电] BUY @ 34.13 (VR:2.59)
[2026-08-14 14:50:05]  [行8] 解析成功: SZSE.301392 [汇成真空] BUY @ 168.5 (VR:0.43)
[2026-08-14 14:50:05] 本批信号内容已存在（哈希重复），跳过保存（防双邮箱重复）
[2026-08-14 14:50:05]  QQ-主 邮件 6370 保存因子失败
[2026-08-14 14:50:05]  QQ-主 本轮共成功处理 1 封有效信号邮件
[2026-08-14 14:50:05]  正在连接 QQ-备用 邮箱服务器 (shouqianbadavid@qq.com) ...
[2026-08-14 14:50:40]  正在连接 QQ-主 邮箱服务器 (497720537@qq.com) ...
[2026-08-14 14:50:42]  QQ-主 正在解析因子: =?utf-8?b?QWxwaGFQaWxvdCDlrp7ml7bkv6Hlj7cgKGFscGhhX3NpZ25hbF90aHJfMjAyNjA4MTRfMTQ0OS5qc29uKSBb5Li7UVEt5a+55aSWXQ==?=
[2026-08-14 14:50:42]  发现表格，共 8 行数据
[2026-08-14 14:50:42]  动态索引映射: ['股票代码', '股票名称', '信号', '当前价格', '量比', '来源过滤']
[2026-08-14 14:50:42]  [行1] 解析成功: SHSE.688511 [天微电子] BUY @ 23.26 (VR:0.08)
[2026-08-14 14:50:42]  [行2] 解析成功: SHSE.688249 [晶合集成] SELL @ 39.98 (VR:0.01)
[2026-08-14 14:50:42]  [行3] 解析成功: SHSE.688138 [清溢光电] BUY @ 33.93 (VR:1.14)
[2026-08-14 14:50:42]  [行4] 解析成功: SZSE.301392 [汇成真空] BUY @ 168.48 (VR:0.27)
[2026-08-14 14:50:42]  [行5] 解析成功: SHSE.688511 [天微电子] BUY @ 23.3 (VR:0.66)
[2026-08-14 14:50:42]  [行6] 解析成功: SHSE.688249 [晶合集成] SELL @ 39.97 (VR:0.01)
[2026-08-14 14:50:42]  [行7] 解析成功: SHSE.688138 [清溢光电] BUY @ 34.13 (VR:2.59)
[2026-08-14 14:50:42]  [行8] 解析成功: SZSE.301392 [汇成真空] BUY @ 168.5 (VR:0.43)
[2026-08-14 14:50:42] 成功保存 8 条因子至: signal_batch_20260814_145042_175772.txt
[2026-08-14 14:50:42]  QQ-主 邮件 6370 处理完成
[2026-08-14 14:50:42]  QQ-主 本轮共成功处理 1 封有效信号邮件
[2026-08-14 14:50:42]  正在连接 QQ-备用 邮箱服务器 (shouqianbadavid@qq.com) ...
[2026-08-14 14:51:17]  正在连接 QQ-主 邮箱服务器 (497720537@qq.com) ...
[2026-08-14 14:51:18]  正在连接 QQ-备用 邮箱服务器 (shouqianbadavid@qq.com) ...
[2026-08-14 14:51:19]  QQ-备用 正在解析因子: =?utf-8?b?QWxwaGFQaWxvdCDlpIfku73kv6Hlj7cgKGFscGhhX3NpZ25hbF90aHJfMjAyNjA4MTRfMTQ0OS5qc29uKSBb5aSHUVEt6Ieq5L+dXQ==?=
[2026-08-14 14:51:19]  发现表格，共 8 行数据
[2026-08-14 14:51:19]  动态索引映射: ['股票代码', '股票名称', '信号', '当前价格', '量比', '来源过滤']
[2026-08-14 14:51:19]  [行1] 解析成功: SHSE.688511 [天微电子] BUY @ 23.26 (VR:0.08)
[2026-08-14 14:51:19]  [行2] 解析成功: SHSE.688249 [晶合集成] SELL @ 39.98 (VR:0.01)
[2026-08-14 14:51:19]  [行3] 解析成功: SHSE.688138 [清溢光电] BUY @ 33.93 (VR:1.14)
[2026-08-14 14:51:19]  [行4] 解析成功: SZSE.301392 [汇成真空] BUY @ 168.48 (VR:0.27)
[2026-08-14 14:51:19]  [行5] 解析成功: SHSE.688511 [天微电子] BUY @ 23.3 (VR:0.66)
[2026-08-14 14:51:19]  [行6] 解析成功: SHSE.688249 [晶合集成] SELL @ 39.97 (VR:0.01)
[2026-08-14 14:51:19]  [行7] 解析成功: SHSE.688138 [清溢光电] BUY @ 34.13 (VR:2.59)
[2026-08-14 14:51:19]  [行8] 解析成功: SZSE.301392 [汇成真空] BUY @ 168.5 (VR:0.43)
[2026-08-14 14:51:19] 成功保存 8 条因子至: signal_batch_20260814_145119_111629.txt
[2026-08-14 14:51:19]  QQ-备用 邮件 4009 处理完成
[2026-08-14 14:51:19]  QQ-备用 正在解析因子: =?utf-8?b?QWxwaGFQaWxvdCDlpIfku73kv6Hlj7cgKGFscGhhX3NpZ25hbF90aHJfMjAyNjA4MTRfMTQ0OS5qc29uKSBb5aSHUVEt6Ieq5L+dXQ==?=
[2026-08-14 14:51:19]  发现表格，共 8 行数据
[2026-08-14 14:51:19]  动态索引映射: ['股票代码', '股票名称', '信号', '当前价格', '量比', '来源过滤']
[2026-08-14 14:51:19]  [行1] 解析成功: SHSE.688511 [天微电子] BUY @ 23.26 (VR:0.08)
[2026-08-14 14:51:19]  [行2] 解析成功: SHSE.688249 [晶合集成] SELL @ 39.98 (VR:0.01)
[2026-08-14 14:51:19]  [行3] 解析成功: SHSE.688138 [清溢光电] BUY @ 33.93 (VR:1.14)
[2026-08-14 14:51:19]  [行4] 解析成功: SZSE.301392 [汇成真空] BUY @ 168.48 (VR:0.27)
[2026-08-14 14:51:19]  [行5] 解析成功: SHSE.688511 [天微电子] BUY @ 23.3 (VR:0.66)
[2026-08-14 14:51:19]  [行6] 解析成功: SHSE.688249 [晶合集成] SELL @ 39.97 (VR:0.01)
[2026-08-14 14:51:19]  [行7] 解析成功: SHSE.688138 [清溢光电] BUY @ 34.13 (VR:2.59)
[2026-08-14 14:51:19]  [行8] 解析成功: SZSE.301392 [汇成真空] BUY @ 168.5 (VR:0.43)
[2026-08-14 14:51:19] 成功保存 8 条因子至: signal_batch_20260814_145119_409755.txt
[2026-08-14 14:51:19]  QQ-备用 邮件 4010 处理完成
[2026-08-14 14:51:19]  QQ-备用 本轮共成功处理 2 封有效信号邮件
[2026-08-14 14:51:54]  正在连接 QQ-主 邮箱服务器 (497720537@qq.com) ...
[2026-08-14 14:51:55]  正在连接 QQ-备用 邮箱服务器 (shouqianbadavid@qq.com) ...
[2026-08-14 14:52:30]  正在连接 QQ-主 邮箱服务器 (497720537@qq.com) ...
[2026-08-14 14:52:31]  QQ-主 正在解析因子: =?utf-8?b?QWxwaGFQaWxvdCDlrp7ml7bkv6Hlj7cgKGFscGhhX3NpZ25hbF90aHJfMjAyNjA4MTRfMTQ1Mi5qc29uKSBb5Li7UVEt5a+55aSWXQ==?=
[2026-08-14 14:52:31]  发现表格，共 12 行数据
[2026-08-14 14:52:31]  动态索引映射: ['股票代码', '股票名称', '信号', '当前价格', '量比', '来源过滤']
[2026-08-14 14:52:31]  [行1] 解析成功: SHSE.688665 [四方光电] BUY @ 45.91 (VR:1.07)
[2026-08-14 14:52:31]  [行2] 解析成功: SHSE.688002 [睿创微纳] BUY @ 165.65 (VR:0.06)
[2026-08-14 14:52:31]  [行3] 解析成功: SHSE.688102 [斯瑞新材] BUY @ 37.98 (VR:0.42)
[2026-08-14 14:52:31]  [行4] 解析成功: SHSE.688521 [芯原股份] BUY @ 206.8 (VR:0.39)
[2026-08-14 14:52:31]  [行5] 解析成功: SZSE.300852 [四会富仕] BUY @ 45.13 (VR:0.22)
[2026-08-14 14:52:31]  [行6] 解析成功: SZSE.300679 [电连技术] BUY @ 42.51 (VR:0.6)
[2026-08-14 14:52:31]  [行7] 解析成功: SHSE.688665 [四方光电] BUY @ 45.92 (VR:0.72)
[2026-08-14 14:52:31]  [行8] 解析成功: SHSE.688002 [睿创微纳] BUY @ 165.82 (VR:0.57)
[2026-08-14 14:52:31]  [行9] 解析成功: SHSE.688102 [斯瑞新材] BUY @ 38.0 (VR:0.71)
[2026-08-14 14:52:31]  [行10] 解析成功: SHSE.688521 [芯原股份] BUY @ 207.0 (VR:0.35)
[2026-08-14 14:52:31]  [行11] 解析成功: SZSE.300852 [四会富仕] BUY @ 45.16 (VR:0.36)
[2026-08-14 14:52:31]  [行12] 解析成功: SZSE.300679 [电连技术] BUY @ 42.55 (VR:0.27)
[2026-08-14 14:52:31] 成功保存 12 条因子至: signal_batch_20260814_145231_523534.txt
[2026-08-14 14:52:31]  QQ-主 邮件 6371 处理完成
[2026-08-14 14:52:31]  QQ-主 正在解析因子: =?utf-8?b?QWxwaGFQaWxvdCDlrp7ml7bkv6Hlj7cgKGFscGhhX3NpZ25hbF90aHJfMjAyNjA4MTRfMTQ1Mi5qc29uKSBb5Li7UVEt5a+55aSWXQ==?=
[2026-08-14 14:52:31]  发现表格，共 12 行数据
[2026-08-14 14:52:31]  动态索引映射: ['股票代码', '股票名称', '信号', '当前价格', '量比', '来源过滤']
[2026-08-14 14:52:31]  [行1] 解析成功: SHSE.688665 [四方光电] BUY @ 45.91 (VR:1.07)
[2026-08-14 14:52:31]  [行2] 解析成功: SHSE.688002 [睿创微纳] BUY @ 165.65 (VR:0.06)
[2026-08-14 14:52:31]  [行3] 解析成功: SHSE.688102 [斯瑞新材] BUY @ 37.98 (VR:0.42)
[2026-08-14 14:52:31]  [行4] 解析成功: SHSE.688521 [芯原股份] BUY @ 206.8 (VR:0.39)
[2026-08-14 14:52:31]  [行5] 解析成功: SZSE.300852 [四会富仕] BUY @ 45.13 (VR:0.22)
[2026-08-14 14:52:31]  [行6] 解析成功: SZSE.300679 [电连技术] BUY @ 42.51 (VR:0.6)
[2026-08-14 14:52:31]  [行7] 解析成功: SHSE.688665 [四方光电] BUY @ 45.92 (VR:0.72)
[2026-08-14 14:52:31]  [行8] 解析成功: SHSE.688002 [睿创微纳] BUY @ 165.82 (VR:0.57)
[2026-08-14 14:52:31]  [行9] 解析成功: SHSE.688102 [斯瑞新材] BUY @ 38.0 (VR:0.71)
[2026-08-14 14:52:31]  [行10] 解析成功: SHSE.688521 [芯原股份] BUY @ 207.0 (VR:0.35)
[2026-08-14 14:52:31]  [行11] 解析成功: SZSE.300852 [四会富仕] BUY @ 45.16 (VR:0.36)
[2026-08-14 14:52:31]  [行12] 解析成功: SZSE.300679 [电连技术] BUY @ 42.55 (VR:0.27)
[2026-08-14 14:52:31] 本批信号内容已存在（哈希重复），跳过保存（防双邮箱重复）
[2026-08-14 14:52:31]  QQ-主 邮件 6372 保存因子失败
[2026-08-14 14:52:31]  QQ-主 本轮共成功处理 1 封有效信号邮件
[2026-08-14 14:52:31]  正在连接 QQ-备用 邮箱服务器 (shouqianbadavid@qq.com) ...
[2026-08-14 14:53:07]  正在连接 QQ-主 邮箱服务器 (497720537@qq.com) ...
[2026-08-14 14:53:08]  QQ-主 正在解析因子: =?utf-8?b?QWxwaGFQaWxvdCDlrp7ml7bkv6Hlj7cgKGFscGhhX3NpZ25hbF90aHJfMjAyNjA4MTRfMTQ1Mi5qc29uKSBb5Li7UVEt5a+55aSWXQ==?=
[2026-08-14 14:53:08]  发现表格，共 12 行数据
[2026-08-14 14:53:08]  动态索引映射: ['股票代码', '股票名称', '信号', '当前价格', '量比', '来源过滤']
[2026-08-14 14:53:08]  [行1] 解析成功: SHSE.688665 [四方光电] BUY @ 45.91 (VR:1.07)
[2026-08-14 14:53:08]  [行2] 解析成功: SHSE.688002 [睿创微纳] BUY @ 165.65 (VR:0.06)
[2026-08-14 14:53:08]  [行3] 解析成功: SHSE.688102 [斯瑞新材] BUY @ 37.98 (VR:0.42)
[2026-08-14 14:53:08]  [行4] 解析成功: SHSE.688521 [芯原股份] BUY @ 206.8 (VR:0.39)
[2026-08-14 14:53:08]  [行5] 解析成功: SZSE.300852 [四会富仕] BUY @ 45.13 (VR:0.22)
[2026-08-14 14:53:08]  [行6] 解析成功: SZSE.300679 [电连技术] BUY @ 42.51 (VR:0.6)
[2026-08-14 14:53:08]  [行7] 解析成功: SHSE.688665 [四方光电] BUY @ 45.92 (VR:0.72)
[2026-08-14 14:53:08]  [行8] 解析成功: SHSE.688002 [睿创微纳] BUY @ 165.82 (VR:0.57)
[2026-08-14 14:53:08]  [行9] 解析成功: SHSE.688102 [斯瑞新材] BUY @ 38.0 (VR:0.71)
[2026-08-14 14:53:08]  [行10] 解析成功: SHSE.688521 [芯原股份] BUY @ 207.0 (VR:0.35)
[2026-08-14 14:53:08]  [行11] 解析成功: SZSE.300852 [四会富仕] BUY @ 45.16 (VR:0.36)
[2026-08-14 14:53:08]  [行12] 解析成功: SZSE.300679 [电连技术] BUY @ 42.55 (VR:0.27)
[2026-08-14 14:53:08] 成功保存 12 条因子至: signal_batch_20260814_145308_627656.txt
[2026-08-14 14:53:08]  QQ-主 邮件 6372 处理完成
[2026-08-14 14:53:08]  QQ-主 本轮共成功处理 1 封有效信号邮件
[2026-08-14 14:53:08]  正在连接 QQ-备用 邮箱服务器 (shouqianbadavid@qq.com) ...
[2026-08-14 14:53:44]  正在连接 QQ-主 邮箱服务器 (497720537@qq.com) ...
[2026-08-14 14:53:44]  正在连接 QQ-备用 邮箱服务器 (shouqianbadavid@qq.com) ...
[2026-08-14 14:53:45]  QQ-备用 正在解析因子: =?utf-8?b?QWxwaGFQaWxvdCDlpIfku73kv6Hlj7cgKGFscGhhX3NpZ25hbF90aHJfMjAyNjA4MTRfMTQ1Mi5qc29uKSBb5aSHUVEt6Ieq5L+dXQ==?=
[2026-08-14 14:53:45]  发现表格，共 12 行数据
[2026-08-14 14:53:45]  动态索引映射: ['股票代码', '股票名称', '信号', '当前价格', '量比', '来源过滤']
[2026-08-14 14:53:45]  [行1] 解析成功: SHSE.688665 [四方光电] BUY @ 45.91 (VR:1.07)
[2026-08-14 14:53:45]  [行2] 解析成功: SHSE.688002 [睿创微纳] BUY @ 165.65 (VR:0.06)
[2026-08-14 14:53:45]  [行3] 解析成功: SHSE.688102 [斯瑞新材] BUY @ 37.98 (VR:0.42)
[2026-08-14 14:53:45]  [行4] 解析成功: SHSE.688521 [芯原股份] BUY @ 206.8 (VR:0.39)
[2026-08-14 14:53:45]  [行5] 解析成功: SZSE.300852 [四会富仕] BUY @ 45.13 (VR:0.22)
[2026-08-14 14:53:45]  [行6] 解析成功: SZSE.300679 [电连技术] BUY @ 42.51 (VR:0.6)
[2026-08-14 14:53:45]  [行7] 解析成功: SHSE.688665 [四方光电] BUY @ 45.92 (VR:0.72)
[2026-08-14 14:53:45]  [行8] 解析成功: SHSE.688002 [睿创微纳] BUY @ 165.82 (VR:0.57)
[2026-08-14 14:53:45]  [行9] 解析成功: SHSE.688102 [斯瑞新材] BUY @ 38.0 (VR:0.71)
[2026-08-14 14:53:45]  [行10] 解析成功: SHSE.688521 [芯原股份] BUY @ 207.0 (VR:0.35)
[2026-08-14 14:53:45]  [行11] 解析成功: SZSE.300852 [四会富仕] BUY @ 45.16 (VR:0.36)
[2026-08-14 14:53:45]  [行12] 解析成功: SZSE.300679 [电连技术] BUY @ 42.55 (VR:0.27)
[2026-08-14 14:53:45] 成功保存 12 条因子至: signal_batch_20260814_145345_323522.txt
[2026-08-14 14:53:45]  QQ-备用 邮件 4011 处理完成
[2026-08-14 14:53:45]  QQ-备用 正在解析因子: =?utf-8?b?QWxwaGFQaWxvdCDlpIfku73kv6Hlj7cgKGFscGhhX3NpZ25hbF90aHJfMjAyNjA4MTRfMTQ1Mi5qc29uKSBb5aSHUVEt6Ieq5L+dXQ==?=
[2026-08-14 14:53:45]  发现表格，共 12 行数据
[2026-08-14 14:53:45]  动态索引映射: ['股票代码', '股票名称', '信号', '当前价格', '量比', '来源过滤']
[2026-08-14 14:53:45]  [行1] 解析成功: SHSE.688665 [四方光电] BUY @ 45.91 (VR:1.07)
[2026-08-14 14:53:45]  [行2] 解析成功: SHSE.688002 [睿创微纳] BUY @ 165.65 (VR:0.06)
[2026-08-14 14:53:45]  [行3] 解析成功: SHSE.688102 [斯瑞新材] BUY @ 37.98 (VR:0.42)
[2026-08-14 14:53:45]  [行4] 解析成功: SHSE.688521 [芯原股份] BUY @ 206.8 (VR:0.39)
[2026-08-14 14:53:45]  [行5] 解析成功: SZSE.300852 [四会富仕] BUY @ 45.13 (VR:0.22)
[2026-08-14 14:53:45]  [行6] 解析成功: SZSE.300679 [电连技术] BUY @ 42.51 (VR:0.6)
[2026-08-14 14:53:45]  [行7] 解析成功: SHSE.688665 [四方光电] BUY @ 45.92 (VR:0.72)
[2026-08-14 14:53:45]  [行8] 解析成功: SHSE.688002 [睿创微纳] BUY @ 165.82 (VR:0.57)
[2026-08-14 14:53:45]  [行9] 解析成功: SHSE.688102 [斯瑞新材] BUY @ 38.0 (VR:0.71)
[2026-08-14 14:53:45]  [行10] 解析成功: SHSE.688521 [芯原股份] BUY @ 207.0 (VR:0.35)
[2026-08-14 14:53:45]  [行11] 解析成功: SZSE.300852 [四会富仕] BUY @ 45.16 (VR:0.36)
[2026-08-14 14:53:45]  [行12] 解析成功: SZSE.300679 [电连技术] BUY @ 42.55 (VR:0.27)
[2026-08-14 14:53:45] 本批信号内容已存在（哈希重复），跳过保存（防双邮箱重复）
[2026-08-14 14:53:45]  QQ-备用 邮件 4012 保存因子失败
[2026-08-14 14:53:45]  QQ-备用 本轮共成功处理 1 封有效信号邮件
[2026-08-14 14:54:20]  正在连接 QQ-主 邮箱服务器 (497720537@qq.com) ...
[2026-08-14 14:54:21]  正在连接 QQ-备用 邮箱服务器 (shouqianbadavid@qq.com) ...
[2026-08-14 14:54:21]  QQ-备用 正在解析因子: =?utf-8?b?QWxwaGFQaWxvdCDlpIfku73kv6Hlj7cgKGFscGhhX3NpZ25hbF90aHJfMjAyNjA4MTRfMTQ1Mi5qc29uKSBb5aSHUVEt6Ieq5L+dXQ==?=
[2026-08-14 14:54:21]  发现表格，共 12 行数据
[2026-08-14 14:54:21]  动态索引映射: ['股票代码', '股票名称', '信号', '当前价格', '量比', '来源过滤']
[2026-08-14 14:54:21]  [行1] 解析成功: SHSE.688665 [四方光电] BUY @ 45.91 (VR:1.07)
[2026-08-14 14:54:21]  [行2] 解析成功: SHSE.688002 [睿创微纳] BUY @ 165.65 (VR:0.06)
[2026-08-14 14:54:21]  [行3] 解析成功: SHSE.688102 [斯瑞新材] BUY @ 37.98 (VR:0.42)
[2026-08-14 14:54:21]  [行4] 解析成功: SHSE.688521 [芯原股份] BUY @ 206.8 (VR:0.39)
[2026-08-14 14:54:21]  [行5] 解析成功: SZSE.300852 [四会富仕] BUY @ 45.13 (VR:0.22)
[2026-08-14 14:54:21]  [行6] 解析成功: SZSE.300679 [电连技术] BUY @ 42.51 (VR:0.6)
[2026-08-14 14:54:21]  [行7] 解析成功: SHSE.688665 [四方光电] BUY @ 45.92 (VR:0.72)
[2026-08-14 14:54:21]  [行8] 解析成功: SHSE.688002 [睿创微纳] BUY @ 165.82 (VR:0.57)
[2026-08-14 14:54:21]  [行9] 解析成功: SHSE.688102 [斯瑞新材] BUY @ 38.0 (VR:0.71)
[2026-08-14 14:54:21]  [行10] 解析成功: SHSE.688521 [芯原股份] BUY @ 207.0 (VR:0.35)
[2026-08-14 14:54:21]  [行11] 解析成功: SZSE.300852 [四会富仕] BUY @ 45.16 (VR:0.36)
[2026-08-14 14:54:21]  [行12] 解析成功: SZSE.300679 [电连技术] BUY @ 42.55 (VR:0.27)
[2026-08-14 14:54:21] 成功保存 12 条因子至: signal_batch_20260814_145421_574994.txt
[2026-08-14 14:54:21]  QQ-备用 邮件 4012 处理完成
[2026-08-14 14:54:21]  QQ-备用 本轮共成功处理 1 封有效信号邮件
[2026-08-14 14:54:56]  正在连接 QQ-主 邮箱服务器 (497720537@qq.com) ...
[2026-08-14 14:54:57]  QQ-主 正在解析因子: =?utf-8?b?QWxwaGFQaWxvdCDlrp7ml7bkv6Hlj7cgKGFscGhhX3NpZ25hbF90aHJfMjAyNjA4MTRfMTQ1NC5qc29uKSBb5Li7UVEt5a+55aSWXQ==?=
[2026-08-14 14:54:57]  发现表格，共 4 行数据
[2026-08-14 14:54:57]  动态索引映射: ['股票代码', '股票名称', '信号', '当前价格', '量比', '来源过滤']
[2026-08-14 14:54:57]  [行1] 解析成功: SZSE.000510 [新金路] BUY @ 16.95 (VR:0.46)
[2026-08-14 14:54:57]  [行2] 解析成功: SZSE.300037 [新宙邦] SELL @ 66.83 (VR:0.14)
[2026-08-14 14:54:57]  [行3] 解析成功: SZSE.000510 [新金路] BUY @ 16.96 (VR:0.67)
[2026-08-14 14:54:57]  [行4] 解析成功: SZSE.300037 [新宙邦] SELL @ 66.82 (VR:0.36)
[2026-08-14 14:54:57] 成功保存 4 条因子至: signal_batch_20260814_145457_323083.txt
[2026-08-14 14:54:57]  QQ-主 邮件 6373 处理完成
[2026-08-14 14:54:57]  QQ-主 正在解析因子: =?utf-8?b?QWxwaGFQaWxvdCDlrp7ml7bkv6Hlj7cgKGFscGhhX3NpZ25hbF90aHJfMjAyNjA4MTRfMTQ1NC5qc29uKSBb5Li7UVEt5a+55aSWXQ==?=
[2026-08-14 14:54:57]  发现表格，共 4 行数据
[2026-08-14 14:54:57]  动态索引映射: ['股票代码', '股票名称', '信号', '当前价格', '量比', '来源过滤']
[2026-08-14 14:54:57]  [行1] 解析成功: SZSE.000510 [新金路] BUY @ 16.95 (VR:0.46)
[2026-08-14 14:54:57]  [行2] 解析成功: SZSE.300037 [新宙邦] SELL @ 66.83 (VR:0.14)
[2026-08-14 14:54:57]  [行3] 解析成功: SZSE.000510 [新金路] BUY @ 16.96 (VR:0.67)
[2026-08-14 14:54:57]  [行4] 解析成功: SZSE.300037 [新宙邦] SELL @ 66.82 (VR:0.36)
[2026-08-14 14:54:57] 本批信号内容已存在（哈希重复），跳过保存（防双邮箱重复）
[2026-08-14 14:54:57]  QQ-主 邮件 6374 保存因子失败
[2026-08-14 14:54:57]  QQ-主 本轮共成功处理 1 封有效信号邮件
[2026-08-14 14:54:57]  正在连接 QQ-备用 邮箱服务器 (shouqianbadavid@qq.com) ...
[2026-08-14 14:55:33]  正在连接 QQ-主 邮箱服务器 (497720537@qq.com) ...
[2026-08-14 14:55:34]  QQ-主 正在解析因子: =?utf-8?b?QWxwaGFQaWxvdCDlrp7ml7bkv6Hlj7cgKGFscGhhX3NpZ25hbF90aHJfMjAyNjA4MTRfMTQ1NC5qc29uKSBb5Li7UVEt5a+55aSWXQ==?=
[2026-08-14 14:55:34]  发现表格，共 4 行数据
[2026-08-14 14:55:34]  动态索引映射: ['股票代码', '股票名称', '信号', '当前价格', '量比', '来源过滤']
[2026-08-14 14:55:34]  [行1] 解析成功: SZSE.000510 [新金路] BUY @ 16.95 (VR:0.46)
[2026-08-14 14:55:34]  [行2] 解析成功: SZSE.300037 [新宙邦] SELL @ 66.83 (VR:0.14)
[2026-08-14 14:55:34]  [行3] 解析成功: SZSE.000510 [新金路] BUY @ 16.96 (VR:0.67)
[2026-08-14 14:55:34]  [行4] 解析成功: SZSE.300037 [新宙邦] SELL @ 66.82 (VR:0.36)
[2026-08-14 14:55:34] 成功保存 4 条因子至: signal_batch_20260814_145534_318475.txt
[2026-08-14 14:55:34]  QQ-主 邮件 6374 处理完成
[2026-08-14 14:55:34]  QQ-主 本轮共成功处理 1 封有效信号邮件
[2026-08-14 14:55:34]  正在连接 QQ-备用 邮箱服务器 (shouqianbadavid@qq.com) ...
[2026-08-14 14:56:10]  正在连接 QQ-主 邮箱服务器 (497720537@qq.com) ...
[2026-08-14 14:56:11]  正在连接 QQ-备用 邮箱服务器 (shouqianbadavid@qq.com) ...
[2026-08-14 14:56:11]  QQ-备用 正在解析因子: =?utf-8?b?QWxwaGFQaWxvdCDlpIfku73kv6Hlj7cgKGFscGhhX3NpZ25hbF90aHJfMjAyNjA4MTRfMTQ1NC5qc29uKSBb5aSHUVEt6Ieq5L+dXQ==?=
[2026-08-14 14:56:11]  发现表格，共 4 行数据
[2026-08-14 14:56:11]  动态索引映射: ['股票代码', '股票名称', '信号', '当前价格', '量比', '来源过滤']
[2026-08-14 14:56:11]  [行1] 解析成功: SZSE.000510 [新金路] BUY @ 16.95 (VR:0.46)
[2026-08-14 14:56:11]  [行2] 解析成功: SZSE.300037 [新宙邦] SELL @ 66.83 (VR:0.14)
[2026-08-14 14:56:11]  [行3] 解析成功: SZSE.000510 [新金路] BUY @ 16.96 (VR:0.67)
[2026-08-14 14:56:11]  [行4] 解析成功: SZSE.300037 [新宙邦] SELL @ 66.82 (VR:0.36)
[2026-08-14 14:56:11] 成功保存 4 条因子至: signal_batch_20260814_145611_712045.txt
[2026-08-14 14:56:11]  QQ-备用 邮件 4013 处理完成
[2026-08-14 14:56:11]  QQ-备用 正在解析因子: =?utf-8?b?QWxwaGFQaWxvdCDlpIfku73kv6Hlj7cgKGFscGhhX3NpZ25hbF90aHJfMjAyNjA4MTRfMTQ1NC5qc29uKSBb5aSHUVEt6Ieq5L+dXQ==?=
[2026-08-14 14:56:11]  发现表格，共 4 行数据
[2026-08-14 14:56:11]  动态索引映射: ['股票代码', '股票名称', '信号', '当前价格', '量比', '来源过滤']
[2026-08-14 14:56:11]  [行1] 解析成功: SZSE.000510 [新金路] BUY @ 16.95 (VR:0.46)
[2026-08-14 14:56:11]  [行2] 解析成功: SZSE.300037 [新宙邦] SELL @ 66.83 (VR:0.14)
[2026-08-14 14:56:11]  [行3] 解析成功: SZSE.000510 [新金路] BUY @ 16.96 (VR:0.67)
[2026-08-14 14:56:11]  [行4] 解析成功: SZSE.300037 [新宙邦] SELL @ 66.82 (VR:0.36)
[2026-08-14 14:56:11] 本批信号内容已存在（哈希重复），跳过保存（防双邮箱重复）
[2026-08-14 14:56:11]  QQ-备用 邮件 4014 保存因子失败
[2026-08-14 14:56:11]  QQ-备用 本轮共成功处理 1 封有效信号邮件
[2026-08-14 14:56:47]  正在连接 QQ-主 邮箱服务器 (497720537@qq.com) ...
[2026-08-14 14:56:47]  正在连接 QQ-备用 邮箱服务器 (shouqianbadavid@qq.com) ...
[2026-08-14 14:56:47]  QQ-备用 正在解析因子: =?utf-8?b?QWxwaGFQaWxvdCDlpIfku73kv6Hlj7cgKGFscGhhX3NpZ25hbF90aHJfMjAyNjA4MTRfMTQ1NC5qc29uKSBb5aSHUVEt6Ieq5L+dXQ==?=
[2026-08-14 14:56:47]  发现表格，共 4 行数据
[2026-08-14 14:56:47]  动态索引映射: ['股票代码', '股票名称', '信号', '当前价格', '量比', '来源过滤']
[2026-08-14 14:56:47]  [行1] 解析成功: SZSE.000510 [新金路] BUY @ 16.95 (VR:0.46)
[2026-08-14 14:56:47]  [行2] 解析成功: SZSE.300037 [新宙邦] SELL @ 66.83 (VR:0.14)
[2026-08-14 14:56:47]  [行3] 解析成功: SZSE.000510 [新金路] BUY @ 16.96 (VR:0.67)
[2026-08-14 14:56:47]  [行4] 解析成功: SZSE.300037 [新宙邦] SELL @ 66.82 (VR:0.36)
[2026-08-14 14:56:47] 成功保存 4 条因子至: signal_batch_20260814_145647_872559.txt
[2026-08-14 14:56:47]  QQ-备用 邮件 4014 处理完成
[2026-08-14 14:56:47]  QQ-备用 本轮共成功处理 1 封有效信号邮件
[2026-08-14 14:57:23]  正在连接 QQ-主 邮箱服务器 (497720537@qq.com) ...
[2026-08-14 14:57:23]  正在连接 QQ-备用 邮箱服务器 (shouqianbadavid@qq.com) ...
[2026-08-14 14:57:58]  正在连接 QQ-主 邮箱服务器 (497720537@qq.com) ...
[2026-08-14 14:57:59]  QQ-主 正在解析因子: =?utf-8?b?QWxwaGFQaWxvdCDlrp7ml7bkv6Hlj7cgKGFscGhhX3NpZ25hbF90aHJfMjAyNjA4MTRfMTQ1Ny5qc29uKSBb5Li7UVEt5a+55aSWXQ==?=
[2026-08-14 14:57:59]  发现表格，共 14 行数据
[2026-08-14 14:57:59]  动态索引映射: ['股票代码', '股票名称', '信号', '当前价格', '量比', '来源过滤']
[2026-08-14 14:57:59]  [行1] 解析成功: SHSE.605111 [新洁能] BUY @ 58.18 (VR:0.56)
[2026-08-14 14:57:59]  [行2] 解析成功: SHSE.600259 [中稀有色] SELL @ 92.26 (VR:2.0)
[2026-08-14 14:57:59]  [行3] 解析成功: SZSE.002552 [宝鼎科技] BUY @ 60.26 (VR:5.58)
[2026-08-14 14:57:59]  [行4] 解析成功: SZSE.002937 [兴瑞科技] BUY @ 29.7 (VR:0.12)
[2026-08-14 14:57:59]  [行5] 解析成功: SZSE.000920 [沃顿科技] BUY @ 11.72 (VR:0.04)
[2026-08-14 14:57:59]  [行6] 解析成功: SZSE.000823 [超声电子] SELL @ 15.3 (VR:0.17)
[2026-08-14 14:57:59]  [行7] 解析成功: SZSE.301070 [开勒股份] BUY @ 67.18 (VR:0.1)
[2026-08-14 14:57:59]  [行8] 解析成功: SHSE.605111 [新洁能] BUY @ 58.22 (VR:0.69)
[2026-08-14 14:57:59]  [行9] 解析成功: SHSE.600259 [中稀有色] SELL @ 92.2 (VR:1.44)
[2026-08-14 14:57:59]  [行10] 解析成功: SZSE.002552 [宝鼎科技] BUY @ 60.51 (VR:10.4)
[2026-08-14 14:57:59]  [行11] 解析成功: SZSE.002937 [兴瑞科技] BUY @ 29.82 (VR:3.29)
[2026-08-14 14:57:59]  [行12] 解析成功: SZSE.000920 [沃顿科技] BUY @ 11.74 (VR:0.65)
[2026-08-14 14:57:59]  [行13] 解析成功: SZSE.000823 [超声电子] SELL @ 15.29 (VR:2.37)
[2026-08-14 14:57:59]  [行14] 解析成功: SZSE.301070 [开勒股份] BUY @ 67.2 (VR:0.56)
[2026-08-14 14:57:59] 成功保存 14 条因子至: signal_batch_20260814_145759_500703.txt
[2026-08-14 14:57:59]  QQ-主 邮件 6375 处理完成
[2026-08-14 14:57:59]  QQ-主 正在解析因子: =?utf-8?b?QWxwaGFQaWxvdCDlrp7ml7bkv6Hlj7cgKGFscGhhX3NpZ25hbF90aHJfMjAyNjA4MTRfMTQ1Ny5qc29uKSBb5Li7UVEt5a+55aSWXQ==?=
[2026-08-14 14:57:59]  发现表格，共 14 行数据
[2026-08-14 14:57:59]  动态索引映射: ['股票代码', '股票名称', '信号', '当前价格', '量比', '来源过滤']
[2026-08-14 14:57:59]  [行1] 解析成功: SHSE.605111 [新洁能] BUY @ 58.18 (VR:0.56)
[2026-08-14 14:57:59]  [行2] 解析成功: SHSE.600259 [中稀有色] SELL @ 92.26 (VR:2.0)
[2026-08-14 14:57:59]  [行3] 解析成功: SZSE.002552 [宝鼎科技] BUY @ 60.26 (VR:5.58)
[2026-08-14 14:57:59]  [行4] 解析成功: SZSE.002937 [兴瑞科技] BUY @ 29.7 (VR:0.12)
[2026-08-14 14:57:59]  [行5] 解析成功: SZSE.000920 [沃顿科技] BUY @ 11.72 (VR:0.04)
[2026-08-14 14:57:59]  [行6] 解析成功: SZSE.000823 [超声电子] SELL @ 15.3 (VR:0.17)
[2026-08-14 14:57:59]  [行7] 解析成功: SZSE.301070 [开勒股份] BUY @ 67.18 (VR:0.1)
[2026-08-14 14:57:59]  [行8] 解析成功: SHSE.605111 [新洁能] BUY @ 58.22 (VR:0.69)
[2026-08-14 14:57:59]  [行9] 解析成功: SHSE.600259 [中稀有色] SELL @ 92.2 (VR:1.44)
[2026-08-14 14:57:59]  [行10] 解析成功: SZSE.002552 [宝鼎科技] BUY @ 60.51 (VR:10.4)
[2026-08-14 14:57:59]  [行11] 解析成功: SZSE.002937 [兴瑞科技] BUY @ 29.82 (VR:3.29)
[2026-08-14 14:57:59]  [行12] 解析成功: SZSE.000920 [沃顿科技] BUY @ 11.74 (VR:0.65)
[2026-08-14 14:57:59]  [行13] 解析成功: SZSE.000823 [超声电子] SELL @ 15.29 (VR:2.37)
[2026-08-14 14:57:59]  [行14] 解析成功: SZSE.301070 [开勒股份] BUY @ 67.2 (VR:0.56)
[2026-08-14 14:57:59] 本批信号内容已存在（哈希重复），跳过保存（防双邮箱重复）
[2026-08-14 14:57:59]  QQ-主 邮件 6376 保存因子失败
[2026-08-14 14:57:59]  QQ-主 本轮共成功处理 1 封有效信号邮件
[2026-08-14 14:57:59]  正在连接 QQ-备用 邮箱服务器 (shouqianbadavid@qq.com) ...
[2026-08-14 14:58:35]  正在连接 QQ-主 邮箱服务器 (497720537@qq.com) ...
[2026-08-14 14:58:35]  QQ-主 正在解析因子: =?utf-8?b?QWxwaGFQaWxvdCDlrp7ml7bkv6Hlj7cgKGFscGhhX3NpZ25hbF90aHJfMjAyNjA4MTRfMTQ1Ny5qc29uKSBb5Li7UVEt5a+55aSWXQ==?=
[2026-08-14 14:58:35]  发现表格，共 14 行数据
[2026-08-14 14:58:35]  动态索引映射: ['股票代码', '股票名称', '信号', '当前价格', '量比', '来源过滤']
[2026-08-14 14:58:35]  [行1] 解析成功: SHSE.605111 [新洁能] BUY @ 58.18 (VR:0.56)
[2026-08-14 14:58:35]  [行2] 解析成功: SHSE.600259 [中稀有色] SELL @ 92.26 (VR:2.0)
[2026-08-14 14:58:35]  [行3] 解析成功: SZSE.002552 [宝鼎科技] BUY @ 60.26 (VR:5.58)
[2026-08-14 14:58:35]  [行4] 解析成功: SZSE.002937 [兴瑞科技] BUY @ 29.7 (VR:0.12)
[2026-08-14 14:58:35]  [行5] 解析成功: SZSE.000920 [沃顿科技] BUY @ 11.72 (VR:0.04)
[2026-08-14 14:58:35]  [行6] 解析成功: SZSE.000823 [超声电子] SELL @ 15.3 (VR:0.17)
[2026-08-14 14:58:35]  [行7] 解析成功: SZSE.301070 [开勒股份] BUY @ 67.18 (VR:0.1)
[2026-08-14 14:58:35]  [行8] 解析成功: SHSE.605111 [新洁能] BUY @ 58.22 (VR:0.69)
[2026-08-14 14:58:35]  [行9] 解析成功: SHSE.600259 [中稀有色] SELL @ 92.2 (VR:1.44)
[2026-08-14 14:58:35]  [行10] 解析成功: SZSE.002552 [宝鼎科技] BUY @ 60.51 (VR:10.4)
[2026-08-14 14:58:35]  [行11] 解析成功: SZSE.002937 [兴瑞科技] BUY @ 29.82 (VR:3.29)
[2026-08-14 14:58:35]  [行12] 解析成功: SZSE.000920 [沃顿科技] BUY @ 11.74 (VR:0.65)
[2026-08-14 14:58:35]  [行13] 解析成功: SZSE.000823 [超声电子] SELL @ 15.29 (VR:2.37)
[2026-08-14 14:58:35]  [行14] 解析成功: SZSE.301070 [开勒股份] BUY @ 67.2 (VR:0.56)
[2026-08-14 14:58:35] 成功保存 14 条因子至: signal_batch_20260814_145835_847224.txt
[2026-08-14 14:58:35]  QQ-主 邮件 6376 处理完成
[2026-08-14 14:58:35]  QQ-主 本轮共成功处理 1 封有效信号邮件
[2026-08-14 14:58:36]  正在连接 QQ-备用 邮箱服务器 (shouqianbadavid@qq.com) ...
[2026-08-14 14:58:36]  QQ-备用 正在解析因子: =?utf-8?b?QWxwaGFQaWxvdCDlpIfku73kv6Hlj7cgKGFscGhhX3NpZ25hbF90aHJfMjAyNjA4MTRfMTQ1Ny5qc29uKSBb5aSHUVEt6Ieq5L+dXQ==?=
[2026-08-14 14:58:36]  发现表格，共 14 行数据
[2026-08-14 14:58:36]  动态索引映射: ['股票代码', '股票名称', '信号', '当前价格', '量比', '来源过滤']
[2026-08-14 14:58:36]  [行1] 解析成功: SHSE.605111 [新洁能] BUY @ 58.18 (VR:0.56)
[2026-08-14 14:58:36]  [行2] 解析成功: SHSE.600259 [中稀有色] SELL @ 92.26 (VR:2.0)
[2026-08-14 14:58:36]  [行3] 解析成功: SZSE.002552 [宝鼎科技] BUY @ 60.26 (VR:5.58)
[2026-08-14 14:58:36]  [行4] 解析成功: SZSE.002937 [兴瑞科技] BUY @ 29.7 (VR:0.12)
[2026-08-14 14:58:36]  [行5] 解析成功: SZSE.000920 [沃顿科技] BUY @ 11.72 (VR:0.04)
[2026-08-14 14:58:36]  [行6] 解析成功: SZSE.000823 [超声电子] SELL @ 15.3 (VR:0.17)
[2026-08-14 14:58:36]  [行7] 解析成功: SZSE.301070 [开勒股份] BUY @ 67.18 (VR:0.1)
[2026-08-14 14:58:36]  [行8] 解析成功: SHSE.605111 [新洁能] BUY @ 58.22 (VR:0.69)
[2026-08-14 14:58:36]  [行9] 解析成功: SHSE.600259 [中稀有色] SELL @ 92.2 (VR:1.44)
[2026-08-14 14:58:36]  [行10] 解析成功: SZSE.002552 [宝鼎科技] BUY @ 60.51 (VR:10.4)
[2026-08-14 14:58:36]  [行11] 解析成功: SZSE.002937 [兴瑞科技] BUY @ 29.82 (VR:3.29)
[2026-08-14 14:58:36]  [行12] 解析成功: SZSE.000920 [沃顿科技] BUY @ 11.74 (VR:0.65)
[2026-08-14 14:58:36]  [行13] 解析成功: SZSE.000823 [超声电子] SELL @ 15.29 (VR:2.37)
[2026-08-14 14:58:36]  [行14] 解析成功: SZSE.301070 [开勒股份] BUY @ 67.2 (VR:0.56)
[2026-08-14 14:58:36] 成功保存 14 条因子至: signal_batch_20260814_145836_877421.txt
[2026-08-14 14:58:37]  QQ-备用 邮件 4015 处理完成
[2026-08-14 14:58:37]  QQ-备用 正在解析因子: =?utf-8?b?QWxwaGFQaWxvdCDlpIfku73kv6Hlj7cgKGFscGhhX3NpZ25hbF90aHJfMjAyNjA4MTRfMTQ1Ny5qc29uKSBb5aSHUVEt6Ieq5L+dXQ==?=
[2026-08-14 14:58:37]  发现表格，共 14 行数据
[2026-08-14 14:58:37]  动态索引映射: ['股票代码', '股票名称', '信号', '当前价格', '量比', '来源过滤']
[2026-08-14 14:58:37]  [行1] 解析成功: SHSE.605111 [新洁能] BUY @ 58.18 (VR:0.56)
[2026-08-14 14:58:37]  [行2] 解析成功: SHSE.600259 [中稀有色] SELL @ 92.26 (VR:2.0)
[2026-08-14 14:58:37]  [行3] 解析成功: SZSE.002552 [宝鼎科技] BUY @ 60.26 (VR:5.58)
[2026-08-14 14:58:37]  [行4] 解析成功: SZSE.002937 [兴瑞科技] BUY @ 29.7 (VR:0.12)
[2026-08-14 14:58:37]  [行5] 解析成功: SZSE.000920 [沃顿科技] BUY @ 11.72 (VR:0.04)
[2026-08-14 14:58:37]  [行6] 解析成功: SZSE.000823 [超声电子] SELL @ 15.3 (VR:0.17)
[2026-08-14 14:58:37]  [行7] 解析成功: SZSE.301070 [开勒股份] BUY @ 67.18 (VR:0.1)
[2026-08-14 14:58:37]  [行8] 解析成功: SHSE.605111 [新洁能] BUY @ 58.22 (VR:0.69)
[2026-08-14 14:58:37]  [行9] 解析成功: SHSE.600259 [中稀有色] SELL @ 92.2 (VR:1.44)
[2026-08-14 14:58:37]  [行10] 解析成功: SZSE.002552 [宝鼎科技] BUY @ 60.51 (VR:10.4)
[2026-08-14 14:58:37]  [行11] 解析成功: SZSE.002937 [兴瑞科技] BUY @ 29.82 (VR:3.29)
[2026-08-14 14:58:37]  [行12] 解析成功: SZSE.000920 [沃顿科技] BUY @ 11.74 (VR:0.65)
[2026-08-14 14:58:37]  [行13] 解析成功: SZSE.000823 [超声电子] SELL @ 15.29 (VR:2.37)
[2026-08-14 14:58:37]  [行14] 解析成功: SZSE.301070 [开勒股份] BUY @ 67.2 (VR:0.56)
[2026-08-14 14:58:37] 成功保存 14 条因子至: signal_batch_20260814_145837_302719.txt
[2026-08-14 14:58:37]  QQ-备用 邮件 4016 处理完成
[2026-08-14 14:58:37]  QQ-备用 本轮共成功处理 2 封有效信号邮件
[2026-08-14 14:59:12]  正在连接 QQ-主 邮箱服务器 (497720537@qq.com) ...
[2026-08-14 14:59:13]  正在连接 QQ-备用 邮箱服务器 (shouqianbadavid@qq.com) ...
[2026-08-14 14:59:48]  正在连接 QQ-主 邮箱服务器 (497720537@qq.com) ...
[2026-08-14 14:59:50]  正在连接 QQ-备用 邮箱服务器 (shouqianbadavid@qq.com) ...
[2026-08-14 15:00:25]  正在连接 QQ-主 邮箱服务器 (497720537@qq.com) ...
[2026-08-14 15:00:26]  正在连接 QQ-备用 邮箱服务器 (shouqianbadavid@qq.com) ...
[2026-08-14 15:01:01]  正在连接 QQ-主 邮箱服务器 (497720537@qq.com) ...
[2026-08-14 15:01:02]  正在连接 QQ-备用 邮箱服务器 (shouqianbadavid@qq.com) ...
[2026-08-14 15:01:37]  正在连接 QQ-主 邮箱服务器 (497720537@qq.com) ...
[2026-08-14 15:01:38]  正在连接 QQ-备用 邮箱服务器 (shouqianbadavid@qq.com) ...
[2026-08-14 15:02:13]  正在连接 QQ-主 邮箱服务器 (497720537@qq.com) ...
[2026-08-14 15:02:14]  正在连接 QQ-备用 邮箱服务器 (shouqianbadavid@qq.com) ...
[2026-08-14 15:02:49]  正在连接 QQ-主 邮箱服务器 (497720537@qq.com) ...
[2026-08-14 15:02:50]  正在连接 QQ-备用 邮箱服务器 (shouqianbadavid@qq.com) ...
[2026-08-14 15:03:25]  正在连接 QQ-主 邮箱服务器 (497720537@qq.com) ...
[2026-08-14 15:03:26]  正在连接 QQ-备用 邮箱服务器 (shouqianbadavid@qq.com) ...
[2026-08-14 15:04:01]  正在连接 QQ-主 邮箱服务器 (497720537@qq.com) ...
[2026-08-14 15:04:02]  正在连接 QQ-备用 邮箱服务器 (shouqianbadavid@qq.com) ...
[2026-08-14 15:04:38]  正在连接 QQ-主 邮箱服务器 (497720537@qq.com) ...
[2026-08-14 15:04:38]  正在连接 QQ-备用 邮箱服务器 (shouqianbadavid@qq.com) ...
[2026-08-14 15:05:14]  正在连接 QQ-主 邮箱服务器 (497720537@qq.com) ...
[2026-08-14 15:05:14]  正在连接 QQ-备用 邮箱服务器 (shouqianbadavid@qq.com) ...
[2026-08-14 15:05:50]  正在连接 QQ-主 邮箱服务器 (497720537@qq.com) ...
[2026-08-14 15:05:50]  正在连接 QQ-备用 邮箱服务器 (shouqianbadavid@qq.com) ...
[2026-08-14 15:06:26]  正在连接 QQ-主 邮箱服务器 (497720537@qq.com) ...
[2026-08-14 15:06:27]  正在连接 QQ-备用 邮箱服务器 (shouqianbadavid@qq.com) ...
[2026-08-14 15:07:02]  正在连接 QQ-主 邮箱服务器 (497720537@qq.com) ...
[2026-08-14 15:07:03]  正在连接 QQ-备用 邮箱服务器 (shouqianbadavid@qq.com) ...
[2026-08-14 15:07:38]  正在连接 QQ-主 邮箱服务器 (497720537@qq.com) ...
[2026-08-14 15:07:39]  正在连接 QQ-备用 邮箱服务器 (shouqianbadavid@qq.com) ...
[2026-08-14 15:08:14]  正在连接 QQ-主 邮箱服务器 (497720537@qq.com) ...
[2026-08-14 15:08:15]  正在连接 QQ-备用 邮箱服务器 (shouqianbadavid@qq.com) ...
[2026-08-14 15:08:50]  正在连接 QQ-主 邮箱服务器 (497720537@qq.com) ...
[2026-08-14 15:08:51]  正在连接 QQ-备用 邮箱服务器 (shouqianbadavid@qq.com) ...
[2026-08-14 15:09:26]  正在连接 QQ-主 邮箱服务器 (497720537@qq.com) ...
[2026-08-14 15:09:27]  正在连接 QQ-备用 邮箱服务器 (shouqianbadavid@qq.com) ...
[2026-08-14 15:10:02]  正在连接 QQ-主 邮箱服务器 (497720537@qq.com) ...
[2026-08-14 15:10:02]  正在连接 QQ-备用 邮箱服务器 (shouqianbadavid@qq.com) ...
[2026-08-14 15:10:38]  正在连接 QQ-主 邮箱服务器 (497720537@qq.com) ...
[2026-08-14 15:10:39]  正在连接 QQ-备用 邮箱服务器 (shouqianbadavid@qq.com) ...
[2026-08-14 15:11:14]  正在连接 QQ-主 邮箱服务器 (497720537@qq.com) ...
[2026-08-14 15:11:17]  正在连接 QQ-备用 邮箱服务器 (shouqianbadavid@qq.com) ...
[2026-08-14 15:11:53]  正在连接 QQ-主 邮箱服务器 (497720537@qq.com) ...
[2026-08-14 15:11:54]  正在连接 QQ-备用 邮箱服务器 (shouqianbadavid@qq.com) ...
[2026-08-14 15:12:30]  正在连接 QQ-主 邮箱服务器 (497720537@qq.com) ...
[2026-08-14 15:12:30]  正在连接 QQ-备用 邮箱服务器 (shouqianbadavid@qq.com) ...
[2026-08-14 15:13:06]  正在连接 QQ-主 邮箱服务器 (497720537@qq.com) ...
[2026-08-14 15:13:06]  正在连接 QQ-备用 邮箱服务器 (shouqianbadavid@qq.com) ...
[2026-08-14 15:13:42]  正在连接 QQ-主 邮箱服务器 (497720537@qq.com) ...
[2026-08-14 15:13:42]  正在连接 QQ-备用 邮箱服务器 (shouqianbadavid@qq.com) ...
[2026-08-14 15:14:18]  正在连接 QQ-主 邮箱服务器 (497720537@qq.com) ...
[2026-08-14 15:14:19]  正在连接 QQ-备用 邮箱服务器 (shouqianbadavid@qq.com) ...
[2026-08-14 15:14:54]  正在连接 QQ-主 邮箱服务器 (497720537@qq.com) ...
[2026-08-14 15:14:55]  正在连接 QQ-备用 邮箱服务器 (shouqianbadavid@qq.com) ...
[2026-08-14 15:15:31]  正在连接 QQ-主 邮箱服务器 (497720537@qq.com) ...
[2026-08-14 15:15:31]  正在连接 QQ-备用 邮箱服务器 (shouqianbadavid@qq.com) ...
[2026-08-14 15:16:07]  正在连接 QQ-主 邮箱服务器 (497720537@qq.com) ...
[2026-08-14 15:16:08]  正在连接 QQ-备用 邮箱服务器 (shouqianbadavid@qq.com) ...
[2026-08-14 15:16:43]  正在连接 QQ-主 邮箱服务器 (497720537@qq.com) ...
[2026-08-14 15:16:44]  正在连接 QQ-备用 邮箱服务器 (shouqianbadavid@qq.com) ...
[2026-08-14 15:17:20]  正在连接 QQ-主 邮箱服务器 (497720537@qq.com) ...
[2026-08-14 15:17:20]  正在连接 QQ-备用 邮箱服务器 (shouqianbadavid@qq.com) ...
[2026-08-14 15:17:56]  正在连接 QQ-主 邮箱服务器 (497720537@qq.com) ...
[2026-08-14 15:17:56]  正在连接 QQ-备用 邮箱服务器 (shouqianbadavid@qq.com) ...
[2026-08-14 15:18:32]  正在连接 QQ-主 邮箱服务器 (497720537@qq.com) ...
[2026-08-14 15:18:32]  正在连接 QQ-备用 邮箱服务器 (shouqianbadavid@qq.com) ...
[2026-08-14 15:19:08]  正在连接 QQ-主 邮箱服务器 (497720537@qq.com) ...
[2026-08-14 15:19:08]  正在连接 QQ-备用 邮箱服务器 (shouqianbadavid@qq.com) ...
