[2026-05-19 06:01:42]  AlphaPilot 监听服务 (Pro 多邮箱版) 启动...
[2026-05-19 06:01:42]  信号保存目录: D:\mpython\signals
[2026-05-19 06:01:42]  日志文件: D:\mpython\logs_receiver\receiver_20260519.log
[2026-05-19 06:01:42]  正在连接 QQ-主 邮箱服务器 (497720537@qq.com) ...
[2026-05-19 06:01:42]  QQ-主 正在解析因子: =?utf-8?B?5peg5rOV5YaN5L+d5a2Y5paw55qE54Wn54mH5ZKM5paH5Lu2?=
[2026-05-19 06:01:42]  发现表格，共 59 行数据
[2026-05-19 06:01:42]  表头映射失败，未找到指定列名。当前表头: ['转到 OneDrive|在浏览器中查看立即采取行动，恢复使用 OneDrive 和 Outlook 的所有功能你的497720537@qq.comMicrosoft 帐户\xa0当前0\xa0bytes超出了5GB的存储空间限制。超出存储空间限制时，你将无法再：将新文件、照片或视频保存并备份到 OneDrive在设备之间同步文件从 Outlook.com 发送和接收电子邮件如要恢复存储空间和电子邮件的使用，请管理你的存储空间，删除无用文件，获取更多空间。你也可以升级 Microsoft 365 计划，获取更多存储空间。获取更多存储空间我是如何超出存储空间限制的？存储空间不足有几个可能的原因：你的文件、内容和电子邮件附件使用的总存储空间超出了当前 Microsoft 365 计划容许的存储空间上限。查看并升级计划。你的 Microsoft 365 或 OneDrive 订阅未续订。请访问账户页面，查看订阅状态。以前授予你帐户的存储空间奖励现已过期。我如何保持在我的存储空间限制之内？以下是一些帮助你管理云存储空间的步骤：定期删除不再需要的文件、照片、视频和电子邮件。转到OneDrive 的 Web 存储空间设置，以查看按文件大小列出的文件，并删除不需要的文件。请确保同时检查并定期清空OneDrive 回收站。转到Outlook.com\xa0存储空间设置，查找并删除带有大附件的电子邮件。要管理你的存储空间（包括任何存储空间奖励）以及你的 Microsoft 365 计划，请访问OneDrive 管理存储空间。如果你有其他问题，请了解有关 Microsoft 存储空间运作方式的更多信息。你拥有 Microsoft 账户，因此收到了此封电子邮件。隐私声明Microsoft Corporation,\xa0One Microsoft Way,\xa0Redmond, WA 98052', '转到 OneDrive|在浏览器中查看', '转到 OneDrive|在浏览器中查看', '转到 OneDrive|在浏览器中查看', '', '', '', '', '立即采取行动，恢复使用 OneDrive 和 Outlook 的所有功能你的497720537@qq.comMicrosoft 帐户\xa0当前0\xa0bytes超出了5GB的存储空间限制。超出存储空间限制时，你将无法再：将新文件、照片或视频保存并备份到 OneDrive在设备之间同步文件从 Outlook.com 发送和接收电子邮件如要恢复存储空间和电子邮件的使用，请管理你的存储空间，删除无用文件，获取更多空间。你也可以升级 Microsoft 365 计划，获取更多存储空间。获取更多存储空间我是如何超出存储空间限制的？存储空间不足有几个可能的原因：你的文件、内容和电子邮件附件使用的总存储空间超出了当前 Microsoft 365 计划容许的存储空间上限。查看并升级计划。你的 Microsoft 365 或 OneDrive 订阅未续订。请访问账户页面，查看订阅状态。以前授予你帐户的存储空间奖励现已过期。我如何保持在我的存储空间限制之内？以下是一些帮助你管理云存储空间的步骤：定期删除不再需要的文件、照片、视频和电子邮件。转到OneDrive 的 Web 存储空间设置，以查看按文件大小列出的文件，并删除不需要的文件。请确保同时检查并定期清空OneDrive 回收站。转到Outlook.com\xa0存储空间设置，查找并删除带有大附件的电子邮件。要管理你的存储空间（包括任何存储空间奖励）以及你的 Microsoft 365 计划，请访问OneDrive 管理存储空间。如果你有其他问题，请了解有关 Microsoft 存储空间运作方式的更多信息。', '', '立即采取行动，恢复使用 OneDrive 和 Outlook 的所有功能', '', '', '', '', '', '', '', '你的497720537@qq.comMicrosoft 帐户\xa0当前0\xa0bytes超出了5GB的存储空间限制。超出存储空间限制时，你将无法再：将新文件、照片或视频保存并备份到 OneDrive在设备之间同步文件从 Outlook.com 发送和接收电子邮件如要恢复存储空间和电子邮件的使用，请管理你的存储空间，删除无用文件，获取更多空间。你也可以升级 Microsoft 365 计划，获取更多存储空间。', '', '', '你的497720537@qq.comMicrosoft 帐户\xa0当前0\xa0bytes超出了5GB的存储空间限制。超出存储空间限制时，你将无法再：将新文件、照片或视频保存并备份到 OneDrive在设备之间同步文件从 Outlook.com 发送和接收电子邮件如要恢复存储空间和电子邮件的使用，请管理你的存储空间，删除无用文件，获取更多空间。你也可以升级 Microsoft 365 计划，获取更多存储空间。', '你的497720537@qq.comMicrosoft 帐户\xa0当前0\xa0bytes超出了5GB的存储空间限制。超出存储空间限制时，你将无法再：将新文件、照片或视频保存并备份到 OneDrive在设备之间同步文件从 Outlook.com 发送和接收电子邮件如要恢复存储空间和电子邮件的使用，请管理你的存储空间，删除无用文件，获取更多空间。你也可以升级 Microsoft 365 计划，获取更多存储空间。', '', '获取更多存储空间', '获取更多存储空间', '获取更多存储空间', '获取更多存储空间', '获取更多存储空间', '获取更多存储空间', '', '', '我是如何超出存储空间限制的？存储空间不足有几个可能的原因：你的文件、内容和电子邮件附件使用的总存储空间超出了当前 Microsoft 365 计划容许的存储空间上限。查看并升级计划。你的 Microsoft 365 或 OneDrive 订阅未续订。请访问账户页面，查看订阅状态。以前授予你帐户的存储空间奖励现已过期。', '', '我是如何超出存储空间限制的？', '', '存储空间不足有几个可能的原因：你的文件、内容和电子邮件附件使用的总存储空间超出了当前 Microsoft 365 计划容许的存储空间上限。查看并升级计划。你的 Microsoft 365 或 OneDrive 订阅未续订。请访问账户页面，查看订阅状态。以前授予你帐户的存储空间奖励现已过期。', '存储空间不足有几个可能的原因：你的文件、内容和电子邮件附件使用的总存储空间超出了当前 Microsoft 365 计划容许的存储空间上限。查看并升级计划。你的 Microsoft 365 或 OneDrive 订阅未续订。请访问账户页面，查看订阅状态。以前授予你帐户的存储空间奖励现已过期。', '', '我如何保持在我的存储空间限制之内？以下是一些帮助你管理云存储空间的步骤：定期删除不再需要的文件、照片、视频和电子邮件。转到OneDrive 的 Web 存储空间设置，以查看按文件大小列出的文件，并删除不需要的文件。请确保同时检查并定期清空OneDrive 回收站。转到Outlook.com\xa0存储空间设置，查找并删除带有大附件的电子邮件。要管理你的存储空间（包括任何存储空间奖励）以及你的 Microsoft 365 计划，请访问OneDrive 管理存储空间。如果你有其他问题，请了解有关 Microsoft 存储空间运作方式的更多信息。', '', '我如何保持在我的存储空间限制之内？', '', '以下是一些帮助你管理云存储空间的步骤：定期删除不再需要的文件、照片、视频和电子邮件。转到OneDrive 的 Web 存储空间设置，以查看按文件大小列出的文件，并删除不需要的文件。请确保同时检查并定期清空OneDrive 回收站。转到Outlook.com\xa0存储空间设置，查找并删除带有大附件的电子邮件。要管理你的存储空间（包括任何存储空间奖励）以及你的 Microsoft 365 计划，请访问OneDrive 管理存储空间。如果你有其他问题，请了解有关 Microsoft 存储空间运作方式的更多信息。', '以下是一些帮助你管理云存储空间的步骤：定期删除不再需要的文件、照片、视频和电子邮件。转到OneDrive 的 Web 存储空间设置，以查看按文件大小列出的文件，并删除不需要的文件。请确保同时检查并定期清空OneDrive 回收站。转到Outlook.com\xa0存储空间设置，查找并删除带有大附件的电子邮件。要管理你的存储空间（包括任何存储空间奖励）以及你的 Microsoft 365 计划，请访问OneDrive 管理存储空间。如果你有其他问题，请了解有关 Microsoft 存储空间运作方式的更多信息。', '', '你拥有 Microsoft 账户，因此收到了此封电子邮件。', '', '你拥有 Microsoft 账户，因此收到了此封电子邮件。', '你拥有 Microsoft 账户，因此收到了此封电子邮件。', '', '隐私声明Microsoft Corporation,\xa0One Microsoft Way,\xa0Redmond, WA 98052', '隐私声明Microsoft Corporation,\xa0One Microsoft Way,\xa0Redmond, WA 98052', '', '隐私声明', 'Microsoft Corporation,\xa0One Microsoft Way,\xa0Redmond, WA 98052', '', '', '', '', '']
[2026-05-19 06:01:42] QQ-主 邮件 3622 无有效信号
[2026-05-19 06:01:43]  QQ-主 正在解析因子: =?UTF-8?B?emhlbnFpYW5nbGlhbmc2QGdtYWlsLmNvbSDnmoTlronlhajmj5DphpI=?=
[2026-05-19 06:01:43]  发现表格，共 5 行数据
[2026-05-19 06:01:43]  表头映射失败，未找到指定列名。当前表头: ['']
[2026-05-19 06:01:43] QQ-主 邮件 3623 无有效信号
[2026-05-19 06:01:43]  QQ-主 正在解析因子: Last chance: 50% off
[2026-05-19 06:01:43]  发现表格，共 23 行数据
[2026-05-19 06:01:43]  表头映射失败，未找到指定列名。当前表头: ['LAST CHANCE50% off ProJoin Pro today and get 50% off your annual membership with codeMAYFLOWERS.With\xa0your\xa0Pro\xa0plan, you’ll:Apply skills\xa0in\xa0interactive lessons and projectsPrepare for top industry certificationsGet step-by-step career guidanceLearn by building with our AI Builderand so much more!Join Pro*50% Off offer valid from May 13, 2026 at 12:00:00 am Eastern Time ("ET") and ends at 11:59:59 pm ET on May 18, 2026. Discount is only applicable to new annual subscription plans (excluding Codecademy Plus, Student, Teams, and All Access), and cannot be combined with any other offer. Discount applies to the first year of a new subscription, after which the subscription will auto-renew for subsequent years at the regular price. Code valid one time only. Discount applies to certain products and not all products are available in all countries. Discount is not applicable to taxes. Codecademy reserves the right to modify or cancel this promotion at any time without notice. Any subscription plan purchases are subject to Codecademy\'sTerms of Service.View Web Version|Email Preferences|Unsubscribe|Privacy PolicyView Web VersionEmail PreferencesUnsubscribePrivacy PolicyCopyright Codecademy. All rights reserved.300 Innovative Way, Suite 2210, Nashua, NH 03062', '', '', '', 'LAST CHANCE50% off ProJoin Pro today and get 50% off your annual membership with codeMAYFLOWERS.With\xa0your\xa0Pro\xa0plan, you’ll:Apply skills\xa0in\xa0interactive lessons and projectsPrepare for top industry certificationsGet step-by-step career guidanceLearn by building with our AI Builderand so much more!Join Pro', 'LAST CHANCE50% off ProJoin Pro today and get 50% off your annual membership with codeMAYFLOWERS.With\xa0your\xa0Pro\xa0plan, you’ll:Apply skills\xa0in\xa0interactive lessons and projectsPrepare for top industry certificationsGet step-by-step career guidanceLearn by building with our AI Builderand so much more!Join Pro', 'LAST CHANCE', 'LAST CHANCE', 'LAST CHANCE', '50% off Pro', 'Join Pro today and get 50% off your annual membership with codeMAYFLOWERS.With\xa0your\xa0Pro\xa0plan, you’ll:', 'Apply skills\xa0in\xa0interactive lessons and projectsPrepare for top industry certificationsGet step-by-step career guidanceLearn by building with our AI Builderand so much more!', 'Join Pro', '', '*50% Off offer valid from May 13, 2026 at 12:00:00 am Eastern Time ("ET") and ends at 11:59:59 pm ET on May 18, 2026. Discount is only applicable to new annual subscription plans (excluding Codecademy Plus, Student, Teams, and All Access), and cannot be combined with any other offer. Discount applies to the first year of a new subscription, after which the subscription will auto-renew for subsequent years at the regular price. Code valid one time only. Discount applies to certain products and not all products are available in all countries. Discount is not applicable to taxes. Codecademy reserves the right to modify or cancel this promotion at any time without notice. Any subscription plan purchases are subject to Codecademy\'sTerms of Service.', '*50% Off offer valid from May 13, 2026 at 12:00:00 am Eastern Time ("ET") and ends at 11:59:59 pm ET on May 18, 2026. Discount is only applicable to new annual subscription plans (excluding Codecademy Plus, Student, Teams, and All Access), and cannot be combined with any other offer. Discount applies to the first year of a new subscription, after which the subscription will auto-renew for subsequent years at the regular price. Code valid one time only. Discount applies to certain products and not all products are available in all countries. Discount is not applicable to taxes. Codecademy reserves the right to modify or cancel this promotion at any time without notice. Any subscription plan purchases are subject to Codecademy\'sTerms of Service.', '*50% Off offer valid from May 13, 2026 at 12:00:00 am Eastern Time ("ET") and ends at 11:59:59 pm ET on May 18, 2026. Discount is only applicable to new annual subscription plans (excluding Codecademy Plus, Student, Teams, and All Access), and cannot be combined with any other offer. Discount applies to the first year of a new subscription, after which the subscription will auto-renew for subsequent years at the regular price. Code valid one time only. Discount applies to certain products and not all products are available in all countries. Discount is not applicable to taxes. Codecademy reserves the right to modify or cancel this promotion at any time without notice. Any subscription plan purchases are subject to Codecademy\'sTerms of Service.', 'View Web Version|Email Preferences|Unsubscribe|Privacy PolicyView Web VersionEmail PreferencesUnsubscribePrivacy PolicyCopyright Codecademy. All rights reserved.300 Innovative Way, Suite 2210, Nashua, NH 03062', 'View Web Version|Email Preferences|Unsubscribe|Privacy PolicyView Web VersionEmail PreferencesUnsubscribePrivacy PolicyCopyright Codecademy. All rights reserved.300 Innovative Way, Suite 2210, Nashua, NH 03062', 'View Web Version|Email Preferences|Unsubscribe|Privacy Policy', 'View Web Version|Email Preferences|Unsubscribe|Privacy Policy', 'View Web VersionEmail PreferencesUnsubscribePrivacy Policy', 'View Web VersionEmail PreferencesUnsubscribePrivacy Policy', 'Copyright Codecademy. All rights reserved.300 Innovative Way, Suite 2210, Nashua, NH 03062']
[2026-05-19 06:01:43] QQ-主 邮件 3624 无有效信号
[2026-05-19 06:01:43]  正在连接 QQ-备用 邮箱服务器 (shouqianbadavid@qq.com) ...
[2026-05-19 06:01:44]  QQ-备用 正在解析因子: 
  =?UTF-8?B?5o+Q6YaS77ya5oiR5Lus5bey5pqC5YGc5oKo55qE6YOo5YiG6LSm5oi35Yqf?=
  =?UTF-8?B?6IO9?=
[2026-05-19 06:01:44]  发现表格，共 29 行数据
[2026-05-19 06:01:44]  表头映射失败，未找到指定列名。当前表头: ['', '玉珍 余，您好：您的账户功能已暂停有一个新的PayPal账户是使用您的姓名创建的。我们希望确认您的账户为您本人所有，而非其他人所有。为了确保您的账户和资金安全，以下功能已临时暂停：使用PayPal发送资金或付款提现收款和另外几项功能下面是您需要采取的措施登录您的PayPal账户。转到指示“恢复您的账户功能”的通知。按照说明进行操作，并准备好以下信息：带照片的身份证件地址证明信用卡信息银行账户信息登录PayPal收到请求的所有信息后，我们将审查您的信息，并在1个工作日内给您答复。感谢您使用PayPal帮助及联系我们|安全|应用PayPal一直致力于防范欺诈电子邮件的传播。PayPal发送的电子邮件将一律使用您的全名。了解如何鉴别网络钓鱼请勿回复本电子邮件。如需联系我们，请点击帮助及联系我们。不确定为何收到这封电子邮件？了解详情版权所有© 1999-2026 PayPal。保留所有权利。PayPal Pte. Ltd.是由新加坡金融管理局根据2019年《支付服务法案》授予许可证的大型支付机构。PayPal RT003174:zh_XC(zh-CN-xbord):1.2.0:e6e234bdc32a3', '玉珍 余，您好：', '玉珍 余，您好：', '玉珍 余，您好：', '', '', '您的账户功能已暂停有一个新的PayPal账户是使用您的姓名创建的。我们希望确认您的账户为您本人所有，而非其他人所有。为了确保您的账户和资金安全，以下功能已临时暂停：使用PayPal发送资金或付款提现收款和另外几项功能下面是您需要采取的措施登录您的PayPal账户。转到指示“恢复您的账户功能”的通知。按照说明进行操作，并准备好以下信息：带照片的身份证件地址证明信用卡信息银行账户信息登录PayPal收到请求的所有信息后，我们将审查您的信息，并在1个工作日内给您答复。感谢您使用PayPal', '您的账户功能已暂停', '有一个新的PayPal账户是使用您的姓名创建的。我们希望确认您的账户为您本人所有，而非其他人所有。', '为了确保您的账户和资金安全，以下功能已临时暂停：', '使用PayPal发送资金或付款提现收款和另外几项功能', '下面是您需要采取的措施', '下面是您需要采取的措施', '登录您的PayPal账户。转到指示“恢复您的账户功能”的通知。按照说明进行操作，并准备好以下信息：', '带照片的身份证件地址证明信用卡信息银行账户信息', '登录PayPal', '登录PayPal', '收到请求的所有信息后，我们将审查您的信息，并在1个工作日内给您答复。', '感谢您使用PayPal', '帮助及联系我们|安全|应用', '', '', '帮助及联系我们|安全|应用', '', '', '', '', '', 'PayPal一直致力于防范欺诈电子邮件的传播。PayPal发送的电子邮件将一律使用您的全名。了解如何鉴别网络钓鱼请勿回复本电子邮件。如需联系我们，请点击帮助及联系我们。不确定为何收到这封电子邮件？了解详情版权所有© 1999-2026 PayPal。保留所有权利。PayPal Pte. Ltd.是由新加坡金融管理局根据2019年《支付服务法案》授予许可证的大型支付机构。PayPal RT003174:zh_XC(zh-CN-xbord):1.2.0:e6e234bdc32a3', 'PayPal一直致力于防范欺诈电子邮件的传播。PayPal发送的电子邮件将一律使用您的全名。了解如何鉴别网络钓鱼', '请勿回复本电子邮件。如需联系我们，请点击帮助及联系我们。', '不确定为何收到这封电子邮件？了解详情', '版权所有© 1999-2026 PayPal。保留所有权利。PayPal Pte. Ltd.是由新加坡金融管理局根据2019年《支付服务法案》授予许可证的大型支付机构。PayPal RT003174:zh_XC(zh-CN-xbord):1.2.0:e6e234bdc32a3', '']
[2026-05-19 06:01:44] QQ-备用 邮件 923 无有效信号
[2026-05-19 06:02:20]  正在连接 QQ-主 邮箱服务器 (497720537@qq.com) ...
[2026-05-19 06:02:20]  正在连接 QQ-备用 邮箱服务器 (shouqianbadavid@qq.com) ...
[2026-05-19 06:02:56]  正在连接 QQ-主 邮箱服务器 (497720537@qq.com) ...
[2026-05-19 06:02:58]  正在连接 QQ-备用 邮箱服务器 (shouqianbadavid@qq.com) ...
[2026-05-19 06:03:33]  正在连接 QQ-主 邮箱服务器 (497720537@qq.com) ...
[2026-05-19 06:03:34]  正在连接 QQ-备用 邮箱服务器 (shouqianbadavid@qq.com) ...
[2026-05-19 06:04:10]  正在连接 QQ-主 邮箱服务器 (497720537@qq.com) ...
[2026-05-19 06:04:10]  正在连接 QQ-备用 邮箱服务器 (shouqianbadavid@qq.com) ...
[2026-05-19 06:04:46]  正在连接 QQ-主 邮箱服务器 (497720537@qq.com) ...
[2026-05-19 06:04:47]  正在连接 QQ-备用 邮箱服务器 (shouqianbadavid@qq.com) ...
[2026-05-19 06:05:22]  正在连接 QQ-主 邮箱服务器 (497720537@qq.com) ...
[2026-05-19 06:05:23]  正在连接 QQ-备用 邮箱服务器 (shouqianbadavid@qq.com) ...
[2026-05-19 06:05:59]  正在连接 QQ-主 邮箱服务器 (497720537@qq.com) ...
[2026-05-19 06:05:59]  正在连接 QQ-备用 邮箱服务器 (shouqianbadavid@qq.com) ...
[2026-05-19 06:06:35]  正在连接 QQ-主 邮箱服务器 (497720537@qq.com) ...
[2026-05-19 06:06:36]  正在连接 QQ-备用 邮箱服务器 (shouqianbadavid@qq.com) ...
[2026-05-19 06:07:11]  正在连接 QQ-主 邮箱服务器 (497720537@qq.com) ...
[2026-05-19 06:07:12]  正在连接 QQ-备用 邮箱服务器 (shouqianbadavid@qq.com) ...
[2026-05-19 06:07:48]  正在连接 QQ-主 邮箱服务器 (497720537@qq.com) ...
[2026-05-19 06:07:48]  正在连接 QQ-备用 邮箱服务器 (shouqianbadavid@qq.com) ...
[2026-05-19 06:08:24]  正在连接 QQ-主 邮箱服务器 (497720537@qq.com) ...
[2026-05-19 06:08:25]  正在连接 QQ-备用 邮箱服务器 (shouqianbadavid@qq.com) ...
[2026-05-19 06:09:00]  正在连接 QQ-主 邮箱服务器 (497720537@qq.com) ...
[2026-05-19 06:09:01]  正在连接 QQ-备用 邮箱服务器 (shouqianbadavid@qq.com) ...
[2026-05-19 06:09:37]  正在连接 QQ-主 邮箱服务器 (497720537@qq.com) ...
[2026-05-19 06:09:37]  正在连接 QQ-备用 邮箱服务器 (shouqianbadavid@qq.com) ...
[2026-05-19 06:10:13]  正在连接 QQ-主 邮箱服务器 (497720537@qq.com) ...
[2026-05-19 06:10:14]  正在连接 QQ-备用 邮箱服务器 (shouqianbadavid@qq.com) ...
[2026-05-19 06:10:49]  正在连接 QQ-主 邮箱服务器 (497720537@qq.com) ...
[2026-05-19 06:10:50]  正在连接 QQ-备用 邮箱服务器 (shouqianbadavid@qq.com) ...
[2026-05-19 06:11:25]  正在连接 QQ-主 邮箱服务器 (497720537@qq.com) ...
[2026-05-19 06:11:26]  正在连接 QQ-备用 邮箱服务器 (shouqianbadavid@qq.com) ...
[2026-05-19 06:12:02]  正在连接 QQ-主 邮箱服务器 (497720537@qq.com) ...
[2026-05-19 06:12:02]  正在连接 QQ-备用 邮箱服务器 (shouqianbadavid@qq.com) ...
[2026-05-19 06:12:38]  正在连接 QQ-主 邮箱服务器 (497720537@qq.com) ...
[2026-05-19 06:12:39]  正在连接 QQ-备用 邮箱服务器 (shouqianbadavid@qq.com) ...
[2026-05-19 06:13:15]  正在连接 QQ-主 邮箱服务器 (497720537@qq.com) ...
[2026-05-19 06:13:16]  正在连接 QQ-备用 邮箱服务器 (shouqianbadavid@qq.com) ...
[2026-05-19 06:13:51]  正在连接 QQ-主 邮箱服务器 (497720537@qq.com) ...
[2026-05-19 06:13:52]  正在连接 QQ-备用 邮箱服务器 (shouqianbadavid@qq.com) ...
[2026-05-19 06:14:28]  正在连接 QQ-主 邮箱服务器 (497720537@qq.com) ...
[2026-05-19 06:14:28]  正在连接 QQ-备用 邮箱服务器 (shouqianbadavid@qq.com) ...
[2026-05-19 06:15:04]  正在连接 QQ-主 邮箱服务器 (497720537@qq.com) ...
[2026-05-19 06:15:05]  正在连接 QQ-备用 邮箱服务器 (shouqianbadavid@qq.com) ...
[2026-05-19 06:15:41]  正在连接 QQ-主 邮箱服务器 (497720537@qq.com) ...
[2026-05-19 06:15:41]  正在连接 QQ-备用 邮箱服务器 (shouqianbadavid@qq.com) ...
[2026-05-19 06:16:17]  正在连接 QQ-主 邮箱服务器 (497720537@qq.com) ...
[2026-05-19 06:16:17]  正在连接 QQ-备用 邮箱服务器 (shouqianbadavid@qq.com) ...
[2026-05-19 06:16:53]  正在连接 QQ-主 邮箱服务器 (497720537@qq.com) ...
[2026-05-19 06:16:54]  正在连接 QQ-备用 邮箱服务器 (shouqianbadavid@qq.com) ...
[2026-05-19 06:17:29]  正在连接 QQ-主 邮箱服务器 (497720537@qq.com) ...
[2026-05-19 06:17:30]  正在连接 QQ-备用 邮箱服务器 (shouqianbadavid@qq.com) ...
[2026-05-19 06:18:05]  正在连接 QQ-主 邮箱服务器 (497720537@qq.com) ...
[2026-05-19 06:18:06]  正在连接 QQ-备用 邮箱服务器 (shouqianbadavid@qq.com) ...
[2026-05-19 06:18:42]  正在连接 QQ-主 邮箱服务器 (497720537@qq.com) ...
[2026-05-19 06:18:42]  正在连接 QQ-备用 邮箱服务器 (shouqianbadavid@qq.com) ...
[2026-05-19 06:19:18]  正在连接 QQ-主 邮箱服务器 (497720537@qq.com) ...
[2026-05-19 06:19:18]  正在连接 QQ-备用 邮箱服务器 (shouqianbadavid@qq.com) ...
[2026-05-19 06:19:54]  正在连接 QQ-主 邮箱服务器 (497720537@qq.com) ...
[2026-05-19 06:19:55]  正在连接 QQ-备用 邮箱服务器 (shouqianbadavid@qq.com) ...
[2026-05-19 06:20:31]  正在连接 QQ-主 邮箱服务器 (497720537@qq.com) ...
[2026-05-19 06:20:31]  正在连接 QQ-备用 邮箱服务器 (shouqianbadavid@qq.com) ...
[2026-05-19 06:21:07]  正在连接 QQ-主 邮箱服务器 (497720537@qq.com) ...
[2026-05-19 06:21:08]  正在连接 QQ-备用 邮箱服务器 (shouqianbadavid@qq.com) ...
[2026-05-19 06:21:43]  正在连接 QQ-主 邮箱服务器 (497720537@qq.com) ...
[2026-05-19 06:21:44]  正在连接 QQ-备用 邮箱服务器 (shouqianbadavid@qq.com) ...
[2026-05-19 06:22:20]  正在连接 QQ-主 邮箱服务器 (497720537@qq.com) ...
[2026-05-19 06:22:20]  正在连接 QQ-备用 邮箱服务器 (shouqianbadavid@qq.com) ...
[2026-05-19 06:22:56]  正在连接 QQ-主 邮箱服务器 (497720537@qq.com) ...
[2026-05-19 06:22:57]  正在连接 QQ-备用 邮箱服务器 (shouqianbadavid@qq.com) ...
[2026-05-19 06:23:32]  正在连接 QQ-主 邮箱服务器 (497720537@qq.com) ...
[2026-05-19 06:23:33]  正在连接 QQ-备用 邮箱服务器 (shouqianbadavid@qq.com) ...
[2026-05-19 06:24:09]  正在连接 QQ-主 邮箱服务器 (497720537@qq.com) ...
[2026-05-19 06:24:10]  正在连接 QQ-备用 邮箱服务器 (shouqianbadavid@qq.com) ...
[2026-05-19 06:24:45]  正在连接 QQ-主 邮箱服务器 (497720537@qq.com) ...
[2026-05-19 06:24:46]  正在连接 QQ-备用 邮箱服务器 (shouqianbadavid@qq.com) ...
[2026-05-19 06:25:22]  正在连接 QQ-主 邮箱服务器 (497720537@qq.com) ...
[2026-05-19 06:25:22]  正在连接 QQ-备用 邮箱服务器 (shouqianbadavid@qq.com) ...
[2026-05-19 06:25:58]  正在连接 QQ-主 邮箱服务器 (497720537@qq.com) ...
[2026-05-19 06:25:58]  正在连接 QQ-备用 邮箱服务器 (shouqianbadavid@qq.com) ...
[2026-05-19 06:26:34]  正在连接 QQ-主 邮箱服务器 (497720537@qq.com) ...
[2026-05-19 06:26:34]  正在连接 QQ-备用 邮箱服务器 (shouqianbadavid@qq.com) ...
[2026-05-19 06:27:10]  正在连接 QQ-主 邮箱服务器 (497720537@qq.com) ...
[2026-05-19 06:27:11]  正在连接 QQ-备用 邮箱服务器 (shouqianbadavid@qq.com) ...
[2026-05-19 06:27:46]  正在连接 QQ-主 邮箱服务器 (497720537@qq.com) ...
[2026-05-19 06:27:47]  正在连接 QQ-备用 邮箱服务器 (shouqianbadavid@qq.com) ...
[2026-05-19 06:28:23]  正在连接 QQ-主 邮箱服务器 (497720537@qq.com) ...
[2026-05-19 06:28:24]  正在连接 QQ-备用 邮箱服务器 (shouqianbadavid@qq.com) ...
[2026-05-19 06:28:59]  正在连接 QQ-主 邮箱服务器 (497720537@qq.com) ...
[2026-05-19 06:29:00]  正在连接 QQ-备用 邮箱服务器 (shouqianbadavid@qq.com) ...
[2026-05-19 06:29:36]  正在连接 QQ-主 邮箱服务器 (497720537@qq.com) ...
[2026-05-19 06:29:37]  正在连接 QQ-备用 邮箱服务器 (shouqianbadavid@qq.com) ...
[2026-05-19 06:30:13]  正在连接 QQ-主 邮箱服务器 (497720537@qq.com) ...
[2026-05-19 06:30:13]  正在连接 QQ-备用 邮箱服务器 (shouqianbadavid@qq.com) ...
[2026-05-19 06:30:49]  正在连接 QQ-主 邮箱服务器 (497720537@qq.com) ...
[2026-05-19 06:30:50]  正在连接 QQ-备用 邮箱服务器 (shouqianbadavid@qq.com) ...
[2026-05-19 06:31:25]  正在连接 QQ-主 邮箱服务器 (497720537@qq.com) ...
[2026-05-19 06:31:26]  正在连接 QQ-备用 邮箱服务器 (shouqianbadavid@qq.com) ...
[2026-05-19 06:32:02]  正在连接 QQ-主 邮箱服务器 (497720537@qq.com) ...
[2026-05-19 06:32:02]  正在连接 QQ-备用 邮箱服务器 (shouqianbadavid@qq.com) ...
[2026-05-19 06:32:38]  正在连接 QQ-主 邮箱服务器 (497720537@qq.com) ...
[2026-05-19 06:32:39]  正在连接 QQ-备用 邮箱服务器 (shouqianbadavid@qq.com) ...
[2026-05-19 06:33:15]  正在连接 QQ-主 邮箱服务器 (497720537@qq.com) ...
[2026-05-19 06:33:15]  正在连接 QQ-备用 邮箱服务器 (shouqianbadavid@qq.com) ...
[2026-05-19 06:33:51]  正在连接 QQ-主 邮箱服务器 (497720537@qq.com) ...
[2026-05-19 06:33:52]  正在连接 QQ-备用 邮箱服务器 (shouqianbadavid@qq.com) ...
[2026-05-19 06:34:28]  正在连接 QQ-主 邮箱服务器 (497720537@qq.com) ...
[2026-05-19 06:34:28]  正在连接 QQ-备用 邮箱服务器 (shouqianbadavid@qq.com) ...
[2026-05-19 06:35:04]  正在连接 QQ-主 邮箱服务器 (497720537@qq.com) ...
[2026-05-19 06:35:04]  正在连接 QQ-备用 邮箱服务器 (shouqianbadavid@qq.com) ...
[2026-05-19 06:35:40]  正在连接 QQ-主 邮箱服务器 (497720537@qq.com) ...
[2026-05-19 06:35:41]  正在连接 QQ-备用 邮箱服务器 (shouqianbadavid@qq.com) ...
[2026-05-19 06:36:16]  正在连接 QQ-主 邮箱服务器 (497720537@qq.com) ...
[2026-05-19 06:36:17]  正在连接 QQ-备用 邮箱服务器 (shouqianbadavid@qq.com) ...
[2026-05-19 06:36:53]  正在连接 QQ-主 邮箱服务器 (497720537@qq.com) ...
[2026-05-19 06:36:53]  正在连接 QQ-备用 邮箱服务器 (shouqianbadavid@qq.com) ...
[2026-05-19 06:37:29]  正在连接 QQ-主 邮箱服务器 (497720537@qq.com) ...
[2026-05-19 06:37:30]  正在连接 QQ-备用 邮箱服务器 (shouqianbadavid@qq.com) ...
[2026-05-19 06:38:05]  正在连接 QQ-主 邮箱服务器 (497720537@qq.com) ...
[2026-05-19 06:38:06]  正在连接 QQ-备用 邮箱服务器 (shouqianbadavid@qq.com) ...
[2026-05-19 06:38:41]  正在连接 QQ-主 邮箱服务器 (497720537@qq.com) ...
[2026-05-19 06:38:42]  正在连接 QQ-备用 邮箱服务器 (shouqianbadavid@qq.com) ...
[2026-05-19 06:39:18]  正在连接 QQ-主 邮箱服务器 (497720537@qq.com) ...
[2026-05-19 06:39:19]  正在连接 QQ-备用 邮箱服务器 (shouqianbadavid@qq.com) ...
[2026-05-19 06:39:55]  正在连接 QQ-主 邮箱服务器 (497720537@qq.com) ...
[2026-05-19 06:39:55]  正在连接 QQ-备用 邮箱服务器 (shouqianbadavid@qq.com) ...
[2026-05-19 06:40:31]  正在连接 QQ-主 邮箱服务器 (497720537@qq.com) ...
[2026-05-19 06:40:31]  正在连接 QQ-备用 邮箱服务器 (shouqianbadavid@qq.com) ...
[2026-05-19 06:41:07]  正在连接 QQ-主 邮箱服务器 (497720537@qq.com) ...
[2026-05-19 06:41:08]  正在连接 QQ-备用 邮箱服务器 (shouqianbadavid@qq.com) ...
[2026-05-19 06:41:44]  正在连接 QQ-主 邮箱服务器 (497720537@qq.com) ...
[2026-05-19 06:41:44]  正在连接 QQ-备用 邮箱服务器 (shouqianbadavid@qq.com) ...
[2026-05-19 06:42:20]  正在连接 QQ-主 邮箱服务器 (497720537@qq.com) ...
[2026-05-19 06:42:20]  正在连接 QQ-备用 邮箱服务器 (shouqianbadavid@qq.com) ...
[2026-05-19 06:42:56]  正在连接 QQ-主 邮箱服务器 (497720537@qq.com) ...
[2026-05-19 06:42:57]  正在连接 QQ-备用 邮箱服务器 (shouqianbadavid@qq.com) ...
[2026-05-19 06:43:32]  正在连接 QQ-主 邮箱服务器 (497720537@qq.com) ...
[2026-05-19 06:43:33]  正在连接 QQ-备用 邮箱服务器 (shouqianbadavid@qq.com) ...
[2026-05-19 06:44:09]  正在连接 QQ-主 邮箱服务器 (497720537@qq.com) ...
[2026-05-19 06:44:09]  正在连接 QQ-备用 邮箱服务器 (shouqianbadavid@qq.com) ...
[2026-05-19 06:44:45]  正在连接 QQ-主 邮箱服务器 (497720537@qq.com) ...
[2026-05-19 06:44:46]  正在连接 QQ-备用 邮箱服务器 (shouqianbadavid@qq.com) ...
[2026-05-19 06:45:21]  正在连接 QQ-主 邮箱服务器 (497720537@qq.com) ...
[2026-05-19 06:45:22]  正在连接 QQ-备用 邮箱服务器 (shouqianbadavid@qq.com) ...
[2026-05-19 06:45:58]  正在连接 QQ-主 邮箱服务器 (497720537@qq.com) ...
[2026-05-19 06:45:58]  正在连接 QQ-备用 邮箱服务器 (shouqianbadavid@qq.com) ...
[2026-05-19 06:46:34]  正在连接 QQ-主 邮箱服务器 (497720537@qq.com) ...
[2026-05-19 06:46:34]  正在连接 QQ-备用 邮箱服务器 (shouqianbadavid@qq.com) ...
[2026-05-19 06:47:10]  正在连接 QQ-主 邮箱服务器 (497720537@qq.com) ...
[2026-05-19 06:47:10]  正在连接 QQ-备用 邮箱服务器 (shouqianbadavid@qq.com) ...
[2026-05-19 06:47:46]  正在连接 QQ-主 邮箱服务器 (497720537@qq.com) ...
[2026-05-19 06:47:46]  正在连接 QQ-备用 邮箱服务器 (shouqianbadavid@qq.com) ...
[2026-05-19 06:48:22]  正在连接 QQ-主 邮箱服务器 (497720537@qq.com) ...
[2026-05-19 06:48:23]  正在连接 QQ-备用 邮箱服务器 (shouqianbadavid@qq.com) ...
[2026-05-19 06:48:59]  正在连接 QQ-主 邮箱服务器 (497720537@qq.com) ...
[2026-05-19 06:49:00]  正在连接 QQ-备用 邮箱服务器 (shouqianbadavid@qq.com) ...
[2026-05-19 06:49:35]  正在连接 QQ-主 邮箱服务器 (497720537@qq.com) ...
[2026-05-19 06:49:36]  正在连接 QQ-备用 邮箱服务器 (shouqianbadavid@qq.com) ...
[2026-05-19 06:50:11]  正在连接 QQ-主 邮箱服务器 (497720537@qq.com) ...
[2026-05-19 06:50:12]  正在连接 QQ-备用 邮箱服务器 (shouqianbadavid@qq.com) ...
[2026-05-19 06:50:48]  正在连接 QQ-主 邮箱服务器 (497720537@qq.com) ...
[2026-05-19 06:50:49]  正在连接 QQ-备用 邮箱服务器 (shouqianbadavid@qq.com) ...
[2026-05-19 06:51:24]  正在连接 QQ-主 邮箱服务器 (497720537@qq.com) ...
[2026-05-19 06:51:25]  正在连接 QQ-备用 邮箱服务器 (shouqianbadavid@qq.com) ...
[2026-05-19 06:52:01]  正在连接 QQ-主 邮箱服务器 (497720537@qq.com) ...
[2026-05-19 06:52:02]  正在连接 QQ-备用 邮箱服务器 (shouqianbadavid@qq.com) ...
[2026-05-19 06:52:37]  正在连接 QQ-主 邮箱服务器 (497720537@qq.com) ...
[2026-05-19 06:52:38]  正在连接 QQ-备用 邮箱服务器 (shouqianbadavid@qq.com) ...
[2026-05-19 06:53:13]  正在连接 QQ-主 邮箱服务器 (497720537@qq.com) ...
[2026-05-19 06:53:14]  正在连接 QQ-备用 邮箱服务器 (shouqianbadavid@qq.com) ...
[2026-05-19 06:53:50]  正在连接 QQ-主 邮箱服务器 (497720537@qq.com) ...
[2026-05-19 06:53:50]  正在连接 QQ-备用 邮箱服务器 (shouqianbadavid@qq.com) ...
[2026-05-19 06:54:26]  正在连接 QQ-主 邮箱服务器 (497720537@qq.com) ...
[2026-05-19 06:54:27]  正在连接 QQ-备用 邮箱服务器 (shouqianbadavid@qq.com) ...
[2026-05-19 06:55:03]  正在连接 QQ-主 邮箱服务器 (497720537@qq.com) ...
[2026-05-19 06:55:03]  正在连接 QQ-备用 邮箱服务器 (shouqianbadavid@qq.com) ...
[2026-05-19 06:55:39]  正在连接 QQ-主 邮箱服务器 (497720537@qq.com) ...
[2026-05-19 06:55:40]  正在连接 QQ-备用 邮箱服务器 (shouqianbadavid@qq.com) ...
[2026-05-19 06:56:15]  正在连接 QQ-主 邮箱服务器 (497720537@qq.com) ...
[2026-05-19 06:56:16]  正在连接 QQ-备用 邮箱服务器 (shouqianbadavid@qq.com) ...
[2026-05-19 06:56:52]  正在连接 QQ-主 邮箱服务器 (497720537@qq.com) ...
[2026-05-19 06:56:52]  正在连接 QQ-备用 邮箱服务器 (shouqianbadavid@qq.com) ...
[2026-05-19 06:57:28]  正在连接 QQ-主 邮箱服务器 (497720537@qq.com) ...
[2026-05-19 06:57:29]  正在连接 QQ-备用 邮箱服务器 (shouqianbadavid@qq.com) ...
[2026-05-19 06:58:04]  正在连接 QQ-主 邮箱服务器 (497720537@qq.com) ...
[2026-05-19 06:58:05]  正在连接 QQ-备用 邮箱服务器 (shouqianbadavid@qq.com) ...
[2026-05-19 06:58:41]  正在连接 QQ-主 邮箱服务器 (497720537@qq.com) ...
[2026-05-19 06:58:41]  正在连接 QQ-备用 邮箱服务器 (shouqianbadavid@qq.com) ...
[2026-05-19 06:59:17]  正在连接 QQ-主 邮箱服务器 (497720537@qq.com) ...
[2026-05-19 06:59:17]  正在连接 QQ-备用 邮箱服务器 (shouqianbadavid@qq.com) ...
[2026-05-19 06:59:53]  正在连接 QQ-主 邮箱服务器 (497720537@qq.com) ...
[2026-05-19 06:59:54]  正在连接 QQ-备用 邮箱服务器 (shouqianbadavid@qq.com) ...
[2026-05-19 07:00:29]  正在连接 QQ-主 邮箱服务器 (497720537@qq.com) ...
[2026-05-19 07:00:30]  正在连接 QQ-备用 邮箱服务器 (shouqianbadavid@qq.com) ...
[2026-05-19 07:01:06]  正在连接 QQ-主 邮箱服务器 (497720537@qq.com) ...
[2026-05-19 07:01:06]  正在连接 QQ-备用 邮箱服务器 (shouqianbadavid@qq.com) ...
[2026-05-19 07:01:42]  正在连接 QQ-主 邮箱服务器 (497720537@qq.com) ...
[2026-05-19 07:01:43]  正在连接 QQ-备用 邮箱服务器 (shouqianbadavid@qq.com) ...
[2026-05-19 07:02:18]  正在连接 QQ-主 邮箱服务器 (497720537@qq.com) ...
[2026-05-19 07:02:19]  正在连接 QQ-备用 邮箱服务器 (shouqianbadavid@qq.com) ...
[2026-05-19 07:02:54]  正在连接 QQ-主 邮箱服务器 (497720537@qq.com) ...
[2026-05-19 07:02:55]  正在连接 QQ-备用 邮箱服务器 (shouqianbadavid@qq.com) ...
[2026-05-19 07:03:30]  正在连接 QQ-主 邮箱服务器 (497720537@qq.com) ...
[2026-05-19 07:03:31]  正在连接 QQ-备用 邮箱服务器 (shouqianbadavid@qq.com) ...
[2026-05-19 07:04:07]  正在连接 QQ-主 邮箱服务器 (497720537@qq.com) ...
[2026-05-19 07:04:08]  正在连接 QQ-备用 邮箱服务器 (shouqianbadavid@qq.com) ...
[2026-05-19 07:04:44]  正在连接 QQ-主 邮箱服务器 (497720537@qq.com) ...
[2026-05-19 07:04:44]  正在连接 QQ-备用 邮箱服务器 (shouqianbadavid@qq.com) ...
[2026-05-19 07:05:20]  正在连接 QQ-主 邮箱服务器 (497720537@qq.com) ...
[2026-05-19 07:05:21]  正在连接 QQ-备用 邮箱服务器 (shouqianbadavid@qq.com) ...
[2026-05-19 07:05:56]  正在连接 QQ-主 邮箱服务器 (497720537@qq.com) ...
[2026-05-19 07:05:57]  正在连接 QQ-备用 邮箱服务器 (shouqianbadavid@qq.com) ...
[2026-05-19 07:06:33]  正在连接 QQ-主 邮箱服务器 (497720537@qq.com) ...
[2026-05-19 07:06:34]  正在连接 QQ-备用 邮箱服务器 (shouqianbadavid@qq.com) ...
[2026-05-19 07:07:09]  正在连接 QQ-主 邮箱服务器 (497720537@qq.com) ...
[2026-05-19 07:07:10]  正在连接 QQ-备用 邮箱服务器 (shouqianbadavid@qq.com) ...
[2026-05-19 07:07:46]  正在连接 QQ-主 邮箱服务器 (497720537@qq.com) ...
[2026-05-19 07:07:46]  正在连接 QQ-备用 邮箱服务器 (shouqianbadavid@qq.com) ...
[2026-05-19 07:08:22]  正在连接 QQ-主 邮箱服务器 (497720537@qq.com) ...
[2026-05-19 07:08:23]  正在连接 QQ-备用 邮箱服务器 (shouqianbadavid@qq.com) ...
[2026-05-19 07:08:58]  正在连接 QQ-主 邮箱服务器 (497720537@qq.com) ...
[2026-05-19 07:08:59]  正在连接 QQ-备用 邮箱服务器 (shouqianbadavid@qq.com) ...
[2026-05-19 07:09:35]  正在连接 QQ-主 邮箱服务器 (497720537@qq.com) ...
[2026-05-19 07:09:35]  正在连接 QQ-备用 邮箱服务器 (shouqianbadavid@qq.com) ...
[2026-05-19 07:10:11]  正在连接 QQ-主 邮箱服务器 (497720537@qq.com) ...
[2026-05-19 07:10:12]  正在连接 QQ-备用 邮箱服务器 (shouqianbadavid@qq.com) ...
[2026-05-19 07:10:47]  正在连接 QQ-主 邮箱服务器 (497720537@qq.com) ...
[2026-05-19 07:10:48]  正在连接 QQ-备用 邮箱服务器 (shouqianbadavid@qq.com) ...
[2026-05-19 07:11:24]  正在连接 QQ-主 邮箱服务器 (497720537@qq.com) ...
[2026-05-19 07:11:24]  正在连接 QQ-备用 邮箱服务器 (shouqianbadavid@qq.com) ...
[2026-05-19 07:12:00]  正在连接 QQ-主 邮箱服务器 (497720537@qq.com) ...
[2026-05-19 07:12:01]  正在连接 QQ-备用 邮箱服务器 (shouqianbadavid@qq.com) ...
[2026-05-19 07:12:36]  正在连接 QQ-主 邮箱服务器 (497720537@qq.com) ...
[2026-05-19 07:12:37]  正在连接 QQ-备用 邮箱服务器 (shouqianbadavid@qq.com) ...
[2026-05-19 07:13:13]  正在连接 QQ-主 邮箱服务器 (497720537@qq.com) ...
[2026-05-19 07:13:13]  正在连接 QQ-备用 邮箱服务器 (shouqianbadavid@qq.com) ...
[2026-05-19 07:13:49]  正在连接 QQ-主 邮箱服务器 (497720537@qq.com) ...
[2026-05-19 07:13:50]  正在连接 QQ-备用 邮箱服务器 (shouqianbadavid@qq.com) ...
[2026-05-19 07:14:25]  正在连接 QQ-主 邮箱服务器 (497720537@qq.com) ...
[2026-05-19 07:14:26]  正在连接 QQ-备用 邮箱服务器 (shouqianbadavid@qq.com) ...
[2026-05-19 07:15:02]  正在连接 QQ-主 邮箱服务器 (497720537@qq.com) ...
[2026-05-19 07:15:02]  正在连接 QQ-备用 邮箱服务器 (shouqianbadavid@qq.com) ...
[2026-05-19 07:15:38]  正在连接 QQ-主 邮箱服务器 (497720537@qq.com) ...
[2026-05-19 07:15:38]  正在连接 QQ-备用 邮箱服务器 (shouqianbadavid@qq.com) ...
[2026-05-19 07:16:14]  正在连接 QQ-主 邮箱服务器 (497720537@qq.com) ...
[2026-05-19 07:16:15]  正在连接 QQ-备用 邮箱服务器 (shouqianbadavid@qq.com) ...
[2026-05-19 07:16:51]  正在连接 QQ-主 邮箱服务器 (497720537@qq.com) ...
[2026-05-19 07:16:51]  正在连接 QQ-备用 邮箱服务器 (shouqianbadavid@qq.com) ...
[2026-05-19 07:17:27]  正在连接 QQ-主 邮箱服务器 (497720537@qq.com) ...
[2026-05-19 07:17:28]  正在连接 QQ-备用 邮箱服务器 (shouqianbadavid@qq.com) ...
[2026-05-19 07:18:03]  正在连接 QQ-主 邮箱服务器 (497720537@qq.com) ...
[2026-05-19 07:18:04]  正在连接 QQ-备用 邮箱服务器 (shouqianbadavid@qq.com) ...
[2026-05-19 07:18:40]  正在连接 QQ-主 邮箱服务器 (497720537@qq.com) ...
[2026-05-19 07:18:51]  QQ-主 因子处理主循环异常: [Errno 11001] getaddrinfo failed
[2026-05-19 07:19:01]  正在连接 QQ-备用 邮箱服务器 (shouqianbadavid@qq.com) ...
[2026-05-19 07:19:36]  正在连接 QQ-主 邮箱服务器 (497720537@qq.com) ...
[2026-05-19 07:19:37]  正在连接 QQ-备用 邮箱服务器 (shouqianbadavid@qq.com) ...
[2026-05-19 07:20:13]  正在连接 QQ-主 邮箱服务器 (497720537@qq.com) ...
[2026-05-19 07:20:13]  正在连接 QQ-备用 邮箱服务器 (shouqianbadavid@qq.com) ...
[2026-05-19 07:20:49]  正在连接 QQ-主 邮箱服务器 (497720537@qq.com) ...
[2026-05-19 07:20:50]  正在连接 QQ-备用 邮箱服务器 (shouqianbadavid@qq.com) ...
[2026-05-19 07:21:25]  正在连接 QQ-主 邮箱服务器 (497720537@qq.com) ...
[2026-05-19 07:21:26]  正在连接 QQ-备用 邮箱服务器 (shouqianbadavid@qq.com) ...
[2026-05-19 07:22:02]  正在连接 QQ-主 邮箱服务器 (497720537@qq.com) ...
[2026-05-19 07:22:02]  正在连接 QQ-备用 邮箱服务器 (shouqianbadavid@qq.com) ...
[2026-05-19 07:22:38]  正在连接 QQ-主 邮箱服务器 (497720537@qq.com) ...
[2026-05-19 07:22:38]  正在连接 QQ-备用 邮箱服务器 (shouqianbadavid@qq.com) ...
[2026-05-19 07:23:14]  正在连接 QQ-主 邮箱服务器 (497720537@qq.com) ...
[2026-05-19 07:23:15]  正在连接 QQ-备用 邮箱服务器 (shouqianbadavid@qq.com) ...
[2026-05-19 07:23:51]  正在连接 QQ-主 邮箱服务器 (497720537@qq.com) ...
[2026-05-19 07:23:51]  正在连接 QQ-备用 邮箱服务器 (shouqianbadavid@qq.com) ...
[2026-05-19 07:24:27]  正在连接 QQ-主 邮箱服务器 (497720537@qq.com) ...
[2026-05-19 07:24:27]  正在连接 QQ-备用 邮箱服务器 (shouqianbadavid@qq.com) ...
[2026-05-19 07:25:03]  正在连接 QQ-主 邮箱服务器 (497720537@qq.com) ...
[2026-05-19 07:25:04]  正在连接 QQ-备用 邮箱服务器 (shouqianbadavid@qq.com) ...
[2026-05-19 07:25:39]  正在连接 QQ-主 邮箱服务器 (497720537@qq.com) ...
[2026-05-19 07:25:40]  正在连接 QQ-备用 邮箱服务器 (shouqianbadavid@qq.com) ...
[2026-05-19 07:26:16]  正在连接 QQ-主 邮箱服务器 (497720537@qq.com) ...
[2026-05-19 07:26:17]  正在连接 QQ-备用 邮箱服务器 (shouqianbadavid@qq.com) ...
[2026-05-19 07:26:52]  正在连接 QQ-主 邮箱服务器 (497720537@qq.com) ...
[2026-05-19 07:26:53]  正在连接 QQ-备用 邮箱服务器 (shouqianbadavid@qq.com) ...
[2026-05-19 07:27:29]  正在连接 QQ-主 邮箱服务器 (497720537@qq.com) ...
[2026-05-19 07:27:30]  正在连接 QQ-备用 邮箱服务器 (shouqianbadavid@qq.com) ...
[2026-05-19 07:28:05]  正在连接 QQ-主 邮箱服务器 (497720537@qq.com) ...
[2026-05-19 07:28:06]  正在连接 QQ-备用 邮箱服务器 (shouqianbadavid@qq.com) ...
[2026-05-19 07:28:42]  正在连接 QQ-主 邮箱服务器 (497720537@qq.com) ...
[2026-05-19 07:28:42]  正在连接 QQ-备用 邮箱服务器 (shouqianbadavid@qq.com) ...
[2026-05-19 07:29:18]  正在连接 QQ-主 邮箱服务器 (497720537@qq.com) ...
[2026-05-19 07:29:19]  正在连接 QQ-备用 邮箱服务器 (shouqianbadavid@qq.com) ...
[2026-05-19 07:29:54]  正在连接 QQ-主 邮箱服务器 (497720537@qq.com) ...
[2026-05-19 07:29:55]  正在连接 QQ-备用 邮箱服务器 (shouqianbadavid@qq.com) ...
[2026-05-19 07:30:30]  正在连接 QQ-主 邮箱服务器 (497720537@qq.com) ...
[2026-05-19 07:30:31]  正在连接 QQ-备用 邮箱服务器 (shouqianbadavid@qq.com) ...
[2026-05-19 07:31:07]  正在连接 QQ-主 邮箱服务器 (497720537@qq.com) ...
[2026-05-19 07:31:07]  正在连接 QQ-备用 邮箱服务器 (shouqianbadavid@qq.com) ...
[2026-05-19 07:31:43]  正在连接 QQ-主 邮箱服务器 (497720537@qq.com) ...
[2026-05-19 07:31:44]  正在连接 QQ-备用 邮箱服务器 (shouqianbadavid@qq.com) ...
[2026-05-19 07:32:19]  正在连接 QQ-主 邮箱服务器 (497720537@qq.com) ...
[2026-05-19 07:32:20]  正在连接 QQ-备用 邮箱服务器 (shouqianbadavid@qq.com) ...
[2026-05-19 07:32:56]  正在连接 QQ-主 邮箱服务器 (497720537@qq.com) ...
[2026-05-19 07:32:56]  正在连接 QQ-备用 邮箱服务器 (shouqianbadavid@qq.com) ...
[2026-05-19 07:33:32]  正在连接 QQ-主 邮箱服务器 (497720537@qq.com) ...
[2026-05-19 07:33:33]  正在连接 QQ-备用 邮箱服务器 (shouqianbadavid@qq.com) ...
[2026-05-19 07:34:09]  正在连接 QQ-主 邮箱服务器 (497720537@qq.com) ...
[2026-05-19 07:34:09]  正在连接 QQ-备用 邮箱服务器 (shouqianbadavid@qq.com) ...
[2026-05-19 07:34:45]  正在连接 QQ-主 邮箱服务器 (497720537@qq.com) ...
[2026-05-19 07:34:46]  正在连接 QQ-备用 邮箱服务器 (shouqianbadavid@qq.com) ...
[2026-05-19 07:35:22]  正在连接 QQ-主 邮箱服务器 (497720537@qq.com) ...
[2026-05-19 07:35:22]  正在连接 QQ-备用 邮箱服务器 (shouqianbadavid@qq.com) ...
[2026-05-19 07:35:58]  正在连接 QQ-主 邮箱服务器 (497720537@qq.com) ...
[2026-05-19 07:35:59]  正在连接 QQ-备用 邮箱服务器 (shouqianbadavid@qq.com) ...
[2026-05-19 07:36:34]  正在连接 QQ-主 邮箱服务器 (497720537@qq.com) ...
[2026-05-19 07:36:35]  正在连接 QQ-备用 邮箱服务器 (shouqianbadavid@qq.com) ...
[2026-05-19 07:37:11]  正在连接 QQ-主 邮箱服务器 (497720537@qq.com) ...
[2026-05-19 07:37:12]  正在连接 QQ-备用 邮箱服务器 (shouqianbadavid@qq.com) ...
[2026-05-19 07:37:48]  正在连接 QQ-主 邮箱服务器 (497720537@qq.com) ...
[2026-05-19 07:37:48]  正在连接 QQ-备用 邮箱服务器 (shouqianbadavid@qq.com) ...
[2026-05-19 07:38:24]  正在连接 QQ-主 邮箱服务器 (497720537@qq.com) ...
[2026-05-19 07:38:25]  正在连接 QQ-备用 邮箱服务器 (shouqianbadavid@qq.com) ...
[2026-05-19 07:39:00]  正在连接 QQ-主 邮箱服务器 (497720537@qq.com) ...
[2026-05-19 07:39:01]  正在连接 QQ-备用 邮箱服务器 (shouqianbadavid@qq.com) ...
[2026-05-19 07:39:37]  正在连接 QQ-主 邮箱服务器 (497720537@qq.com) ...
[2026-05-19 07:39:37]  正在连接 QQ-备用 邮箱服务器 (shouqianbadavid@qq.com) ...
[2026-05-19 07:40:13]  正在连接 QQ-主 邮箱服务器 (497720537@qq.com) ...
[2026-05-19 07:40:14]  正在连接 QQ-备用 邮箱服务器 (shouqianbadavid@qq.com) ...
[2026-05-19 07:40:50]  正在连接 QQ-主 邮箱服务器 (497720537@qq.com) ...
[2026-05-19 07:40:50]  正在连接 QQ-备用 邮箱服务器 (shouqianbadavid@qq.com) ...
[2026-05-19 07:41:26]  正在连接 QQ-主 邮箱服务器 (497720537@qq.com) ...
[2026-05-19 07:41:27]  正在连接 QQ-备用 邮箱服务器 (shouqianbadavid@qq.com) ...
[2026-05-19 07:42:02]  正在连接 QQ-主 邮箱服务器 (497720537@qq.com) ...
[2026-05-19 07:42:03]  正在连接 QQ-备用 邮箱服务器 (shouqianbadavid@qq.com) ...
[2026-05-19 07:42:39]  正在连接 QQ-主 邮箱服务器 (497720537@qq.com) ...
[2026-05-19 07:42:40]  正在连接 QQ-备用 邮箱服务器 (shouqianbadavid@qq.com) ...
[2026-05-19 07:43:16]  正在连接 QQ-主 邮箱服务器 (497720537@qq.com) ...
[2026-05-19 07:43:16]  正在连接 QQ-备用 邮箱服务器 (shouqianbadavid@qq.com) ...
[2026-05-19 07:43:52]  正在连接 QQ-主 邮箱服务器 (497720537@qq.com) ...
[2026-05-19 07:43:53]  正在连接 QQ-备用 邮箱服务器 (shouqianbadavid@qq.com) ...
[2026-05-19 07:44:29]  正在连接 QQ-主 邮箱服务器 (497720537@qq.com) ...
[2026-05-19 07:44:29]  正在连接 QQ-备用 邮箱服务器 (shouqianbadavid@qq.com) ...
[2026-05-19 07:45:05]  正在连接 QQ-主 邮箱服务器 (497720537@qq.com) ...
[2026-05-19 07:45:06]  正在连接 QQ-备用 邮箱服务器 (shouqianbadavid@qq.com) ...
[2026-05-19 07:45:42]  正在连接 QQ-主 邮箱服务器 (497720537@qq.com) ...
[2026-05-19 07:45:42]  正在连接 QQ-备用 邮箱服务器 (shouqianbadavid@qq.com) ...
[2026-05-19 07:46:18]  正在连接 QQ-主 邮箱服务器 (497720537@qq.com) ...
[2026-05-19 07:46:19]  正在连接 QQ-备用 邮箱服务器 (shouqianbadavid@qq.com) ...
[2026-05-19 07:46:54]  正在连接 QQ-主 邮箱服务器 (497720537@qq.com) ...
[2026-05-19 07:46:55]  正在连接 QQ-备用 邮箱服务器 (shouqianbadavid@qq.com) ...
[2026-05-19 07:47:31]  正在连接 QQ-主 邮箱服务器 (497720537@qq.com) ...
[2026-05-19 07:47:32]  正在连接 QQ-备用 邮箱服务器 (shouqianbadavid@qq.com) ...
[2026-05-19 07:48:08]  正在连接 QQ-主 邮箱服务器 (497720537@qq.com) ...
[2026-05-19 07:48:09]  正在连接 QQ-备用 邮箱服务器 (shouqianbadavid@qq.com) ...
[2026-05-19 07:48:44]  正在连接 QQ-主 邮箱服务器 (497720537@qq.com) ...
[2026-05-19 07:48:46]  正在连接 QQ-备用 邮箱服务器 (shouqianbadavid@qq.com) ...
[2026-05-19 07:49:22]  正在连接 QQ-主 邮箱服务器 (497720537@qq.com) ...
[2026-05-19 07:49:23]  正在连接 QQ-备用 邮箱服务器 (shouqianbadavid@qq.com) ...
[2026-05-19 07:49:58]  正在连接 QQ-主 邮箱服务器 (497720537@qq.com) ...
[2026-05-19 07:49:59]  正在连接 QQ-备用 邮箱服务器 (shouqianbadavid@qq.com) ...
[2026-05-19 07:50:35]  正在连接 QQ-主 邮箱服务器 (497720537@qq.com) ...
[2026-05-19 07:50:36]  正在连接 QQ-备用 邮箱服务器 (shouqianbadavid@qq.com) ...
[2026-05-19 07:51:12]  正在连接 QQ-主 邮箱服务器 (497720537@qq.com) ...
[2026-05-19 07:51:12]  正在连接 QQ-备用 邮箱服务器 (shouqianbadavid@qq.com) ...
[2026-05-19 07:51:48]  正在连接 QQ-主 邮箱服务器 (497720537@qq.com) ...
[2026-05-19 07:51:49]  正在连接 QQ-备用 邮箱服务器 (shouqianbadavid@qq.com) ...
[2026-05-19 07:52:25]  正在连接 QQ-主 邮箱服务器 (497720537@qq.com) ...
[2026-05-19 07:52:26]  正在连接 QQ-备用 邮箱服务器 (shouqianbadavid@qq.com) ...
[2026-05-19 07:53:02]  正在连接 QQ-主 邮箱服务器 (497720537@qq.com) ...
[2026-05-19 07:53:02]  正在连接 QQ-备用 邮箱服务器 (shouqianbadavid@qq.com) ...
[2026-05-19 07:53:38]  正在连接 QQ-主 邮箱服务器 (497720537@qq.com) ...
[2026-05-19 07:53:39]  正在连接 QQ-备用 邮箱服务器 (shouqianbadavid@qq.com) ...
[2026-05-19 07:54:15]  正在连接 QQ-主 邮箱服务器 (497720537@qq.com) ...
[2026-05-19 07:54:16]  正在连接 QQ-备用 邮箱服务器 (shouqianbadavid@qq.com) ...
[2026-05-19 07:54:51]  正在连接 QQ-主 邮箱服务器 (497720537@qq.com) ...
[2026-05-19 07:54:52]  正在连接 QQ-备用 邮箱服务器 (shouqianbadavid@qq.com) ...
[2026-05-19 07:55:28]  正在连接 QQ-主 邮箱服务器 (497720537@qq.com) ...
[2026-05-19 07:55:29]  正在连接 QQ-备用 邮箱服务器 (shouqianbadavid@qq.com) ...
[2026-05-19 07:56:05]  正在连接 QQ-主 邮箱服务器 (497720537@qq.com) ...
[2026-05-19 07:56:05]  正在连接 QQ-备用 邮箱服务器 (shouqianbadavid@qq.com) ...
[2026-05-19 07:56:41]  正在连接 QQ-主 邮箱服务器 (497720537@qq.com) ...
[2026-05-19 07:56:42]  正在连接 QQ-备用 邮箱服务器 (shouqianbadavid@qq.com) ...
[2026-05-19 07:57:18]  正在连接 QQ-主 邮箱服务器 (497720537@qq.com) ...
[2026-05-19 07:57:18]  正在连接 QQ-备用 邮箱服务器 (shouqianbadavid@qq.com) ...
[2026-05-19 07:57:54]  正在连接 QQ-主 邮箱服务器 (497720537@qq.com) ...
[2026-05-19 07:57:54]  正在连接 QQ-备用 邮箱服务器 (shouqianbadavid@qq.com) ...
[2026-05-19 07:58:30]  正在连接 QQ-主 邮箱服务器 (497720537@qq.com) ...
[2026-05-19 07:58:31]  正在连接 QQ-备用 邮箱服务器 (shouqianbadavid@qq.com) ...
[2026-05-19 07:59:07]  正在连接 QQ-主 邮箱服务器 (497720537@qq.com) ...
[2026-05-19 07:59:07]  正在连接 QQ-备用 邮箱服务器 (shouqianbadavid@qq.com) ...
[2026-05-19 07:59:43]  正在连接 QQ-主 邮箱服务器 (497720537@qq.com) ...
[2026-05-19 07:59:44]  正在连接 QQ-备用 邮箱服务器 (shouqianbadavid@qq.com) ...
[2026-05-19 08:00:20]  正在连接 QQ-主 邮箱服务器 (497720537@qq.com) ...
[2026-05-19 08:00:20]  正在连接 QQ-备用 邮箱服务器 (shouqianbadavid@qq.com) ...
[2026-05-19 08:00:56]  正在连接 QQ-主 邮箱服务器 (497720537@qq.com) ...
[2026-05-19 08:00:57]  正在连接 QQ-备用 邮箱服务器 (shouqianbadavid@qq.com) ...
[2026-05-19 08:01:32]  正在连接 QQ-主 邮箱服务器 (497720537@qq.com) ...
[2026-05-19 08:01:37]  正在连接 QQ-备用 邮箱服务器 (shouqianbadavid@qq.com) ...
[2026-05-19 08:02:12]  正在连接 QQ-主 邮箱服务器 (497720537@qq.com) ...
[2026-05-19 08:02:13]  正在连接 QQ-备用 邮箱服务器 (shouqianbadavid@qq.com) ...
[2026-05-19 08:02:49]  正在连接 QQ-主 邮箱服务器 (497720537@qq.com) ...
[2026-05-19 08:02:50]  正在连接 QQ-备用 邮箱服务器 (shouqianbadavid@qq.com) ...
[2026-05-19 08:03:26]  正在连接 QQ-主 邮箱服务器 (497720537@qq.com) ...
[2026-05-19 08:03:26]  正在连接 QQ-备用 邮箱服务器 (shouqianbadavid@qq.com) ...
[2026-05-19 08:04:02]  正在连接 QQ-主 邮箱服务器 (497720537@qq.com) ...
[2026-05-19 08:04:03]  正在连接 QQ-备用 邮箱服务器 (shouqianbadavid@qq.com) ...
[2026-05-19 08:04:38]  正在连接 QQ-主 邮箱服务器 (497720537@qq.com) ...
[2026-05-19 08:04:39]  正在连接 QQ-备用 邮箱服务器 (shouqianbadavid@qq.com) ...
[2026-05-19 08:05:15]  正在连接 QQ-主 邮箱服务器 (497720537@qq.com) ...
[2026-05-19 08:05:16]  正在连接 QQ-备用 邮箱服务器 (shouqianbadavid@qq.com) ...
[2026-05-19 08:05:51]  正在连接 QQ-主 邮箱服务器 (497720537@qq.com) ...
[2026-05-19 08:05:52]  正在连接 QQ-备用 邮箱服务器 (shouqianbadavid@qq.com) ...
[2026-05-19 08:06:28]  正在连接 QQ-主 邮箱服务器 (497720537@qq.com) ...
[2026-05-19 08:06:29]  正在连接 QQ-备用 邮箱服务器 (shouqianbadavid@qq.com) ...
[2026-05-19 08:07:05]  正在连接 QQ-主 邮箱服务器 (497720537@qq.com) ...
[2026-05-19 08:07:05]  正在连接 QQ-备用 邮箱服务器 (shouqianbadavid@qq.com) ...
[2026-05-19 08:07:41]  正在连接 QQ-主 邮箱服务器 (497720537@qq.com) ...
[2026-05-19 08:07:41]  正在连接 QQ-备用 邮箱服务器 (shouqianbadavid@qq.com) ...
[2026-05-19 08:08:17]  正在连接 QQ-主 邮箱服务器 (497720537@qq.com) ...
[2026-05-19 08:08:18]  正在连接 QQ-备用 邮箱服务器 (shouqianbadavid@qq.com) ...
[2026-05-19 08:08:53]  正在连接 QQ-主 邮箱服务器 (497720537@qq.com) ...
[2026-05-19 08:08:54]  正在连接 QQ-备用 邮箱服务器 (shouqianbadavid@qq.com) ...
[2026-05-19 08:09:30]  正在连接 QQ-主 邮箱服务器 (497720537@qq.com) ...
[2026-05-19 08:09:30]  正在连接 QQ-备用 邮箱服务器 (shouqianbadavid@qq.com) ...
[2026-05-19 08:10:06]  正在连接 QQ-主 邮箱服务器 (497720537@qq.com) ...
[2026-05-19 08:10:07]  正在连接 QQ-备用 邮箱服务器 (shouqianbadavid@qq.com) ...
[2026-05-19 08:10:43]  正在连接 QQ-主 邮箱服务器 (497720537@qq.com) ...
[2026-05-19 08:10:43]  正在连接 QQ-备用 邮箱服务器 (shouqianbadavid@qq.com) ...
[2026-05-19 08:11:19]  正在连接 QQ-主 邮箱服务器 (497720537@qq.com) ...
[2026-05-19 08:11:20]  正在连接 QQ-备用 邮箱服务器 (shouqianbadavid@qq.com) ...
[2026-05-19 08:11:56]  正在连接 QQ-主 邮箱服务器 (497720537@qq.com) ...
[2026-05-19 08:11:56]  正在连接 QQ-备用 邮箱服务器 (shouqianbadavid@qq.com) ...
[2026-05-19 08:12:32]  正在连接 QQ-主 邮箱服务器 (497720537@qq.com) ...
[2026-05-19 08:12:33]  正在连接 QQ-备用 邮箱服务器 (shouqianbadavid@qq.com) ...
[2026-05-19 08:13:09]  正在连接 QQ-主 邮箱服务器 (497720537@qq.com) ...
[2026-05-19 08:13:10]  正在连接 QQ-备用 邮箱服务器 (shouqianbadavid@qq.com) ...
[2026-05-19 08:13:45]  正在连接 QQ-主 邮箱服务器 (497720537@qq.com) ...
[2026-05-19 08:13:46]  正在连接 QQ-备用 邮箱服务器 (shouqianbadavid@qq.com) ...
[2026-05-19 08:14:22]  正在连接 QQ-主 邮箱服务器 (497720537@qq.com) ...
[2026-05-19 08:14:23]  正在连接 QQ-备用 邮箱服务器 (shouqianbadavid@qq.com) ...
[2026-05-19 08:14:58]  正在连接 QQ-主 邮箱服务器 (497720537@qq.com) ...
[2026-05-19 08:14:59]  正在连接 QQ-备用 邮箱服务器 (shouqianbadavid@qq.com) ...
[2026-05-19 08:15:35]  正在连接 QQ-主 邮箱服务器 (497720537@qq.com) ...
[2026-05-19 08:15:36]  正在连接 QQ-备用 邮箱服务器 (shouqianbadavid@qq.com) ...
[2026-05-19 08:16:11]  正在连接 QQ-主 邮箱服务器 (497720537@qq.com) ...
[2026-05-19 08:16:12]  正在连接 QQ-备用 邮箱服务器 (shouqianbadavid@qq.com) ...
[2026-05-19 08:16:48]  正在连接 QQ-主 邮箱服务器 (497720537@qq.com) ...
[2026-05-19 08:16:49]  正在连接 QQ-备用 邮箱服务器 (shouqianbadavid@qq.com) ...
[2026-05-19 08:17:25]  正在连接 QQ-主 邮箱服务器 (497720537@qq.com) ...
[2026-05-19 08:17:26]  正在连接 QQ-备用 邮箱服务器 (shouqianbadavid@qq.com) ...
[2026-05-19 08:18:01]  正在连接 QQ-主 邮箱服务器 (497720537@qq.com) ...
[2026-05-19 08:18:02]  正在连接 QQ-备用 邮箱服务器 (shouqianbadavid@qq.com) ...
[2026-05-19 08:18:38]  正在连接 QQ-主 邮箱服务器 (497720537@qq.com) ...
[2026-05-19 08:18:39]  正在连接 QQ-备用 邮箱服务器 (shouqianbadavid@qq.com) ...
[2026-05-19 08:19:14]  正在连接 QQ-主 邮箱服务器 (497720537@qq.com) ...
[2026-05-19 08:19:15]  正在连接 QQ-备用 邮箱服务器 (shouqianbadavid@qq.com) ...
[2026-05-19 08:19:51]  正在连接 QQ-主 邮箱服务器 (497720537@qq.com) ...
[2026-05-19 08:19:52]  正在连接 QQ-备用 邮箱服务器 (shouqianbadavid@qq.com) ...
[2026-05-19 08:20:27]  正在连接 QQ-主 邮箱服务器 (497720537@qq.com) ...
[2026-05-19 08:20:28]  正在连接 QQ-备用 邮箱服务器 (shouqianbadavid@qq.com) ...
[2026-05-19 08:21:04]  正在连接 QQ-主 邮箱服务器 (497720537@qq.com) ...
[2026-05-19 08:21:04]  正在连接 QQ-备用 邮箱服务器 (shouqianbadavid@qq.com) ...
[2026-05-19 08:21:40]  正在连接 QQ-主 邮箱服务器 (497720537@qq.com) ...
[2026-05-19 08:21:41]  正在连接 QQ-备用 邮箱服务器 (shouqianbadavid@qq.com) ...
[2026-05-19 08:22:17]  正在连接 QQ-主 邮箱服务器 (497720537@qq.com) ...
[2026-05-19 08:22:17]  正在连接 QQ-备用 邮箱服务器 (shouqianbadavid@qq.com) ...
[2026-05-19 08:22:53]  正在连接 QQ-主 邮箱服务器 (497720537@qq.com) ...
[2026-05-19 08:22:54]  正在连接 QQ-备用 邮箱服务器 (shouqianbadavid@qq.com) ...
[2026-05-19 08:23:29]  正在连接 QQ-主 邮箱服务器 (497720537@qq.com) ...
[2026-05-19 08:23:30]  正在连接 QQ-备用 邮箱服务器 (shouqianbadavid@qq.com) ...
[2026-05-19 08:24:06]  正在连接 QQ-主 邮箱服务器 (497720537@qq.com) ...
[2026-05-19 08:24:07]  正在连接 QQ-备用 邮箱服务器 (shouqianbadavid@qq.com) ...
[2026-05-19 08:24:42]  正在连接 QQ-主 邮箱服务器 (497720537@qq.com) ...
[2026-05-19 08:24:43]  正在连接 QQ-备用 邮箱服务器 (shouqianbadavid@qq.com) ...
[2026-05-19 08:25:19]  正在连接 QQ-主 邮箱服务器 (497720537@qq.com) ...
[2026-05-19 08:25:19]  正在连接 QQ-备用 邮箱服务器 (shouqianbadavid@qq.com) ...
[2026-05-19 08:25:55]  正在连接 QQ-主 邮箱服务器 (497720537@qq.com) ...
[2026-05-19 08:25:56]  正在连接 QQ-备用 邮箱服务器 (shouqianbadavid@qq.com) ...
[2026-05-19 08:26:33]  正在连接 QQ-主 邮箱服务器 (497720537@qq.com) ...
[2026-05-19 08:26:33]  正在连接 QQ-备用 邮箱服务器 (shouqianbadavid@qq.com) ...
[2026-05-19 08:27:09]  正在连接 QQ-主 邮箱服务器 (497720537@qq.com) ...
[2026-05-19 08:27:10]  正在连接 QQ-备用 邮箱服务器 (shouqianbadavid@qq.com) ...
[2026-05-19 08:27:46]  正在连接 QQ-主 邮箱服务器 (497720537@qq.com) ...
[2026-05-19 08:27:46]  正在连接 QQ-备用 邮箱服务器 (shouqianbadavid@qq.com) ...
[2026-05-19 08:28:22]  正在连接 QQ-主 邮箱服务器 (497720537@qq.com) ...
[2026-05-19 08:28:22]  正在连接 QQ-备用 邮箱服务器 (shouqianbadavid@qq.com) ...
[2026-05-19 08:28:58]  正在连接 QQ-主 邮箱服务器 (497720537@qq.com) ...
[2026-05-19 08:28:59]  正在连接 QQ-备用 邮箱服务器 (shouqianbadavid@qq.com) ...
[2026-05-19 08:29:34]  正在连接 QQ-主 邮箱服务器 (497720537@qq.com) ...
[2026-05-19 08:29:35]  正在连接 QQ-备用 邮箱服务器 (shouqianbadavid@qq.com) ...
[2026-05-19 08:30:11]  正在连接 QQ-主 邮箱服务器 (497720537@qq.com) ...
[2026-05-19 08:30:11]  正在连接 QQ-备用 邮箱服务器 (shouqianbadavid@qq.com) ...
[2026-05-19 08:30:47]  正在连接 QQ-主 邮箱服务器 (497720537@qq.com) ...
[2026-05-19 08:30:48]  正在连接 QQ-备用 邮箱服务器 (shouqianbadavid@qq.com) ...
[2026-05-19 08:31:24]  正在连接 QQ-主 邮箱服务器 (497720537@qq.com) ...
[2026-05-19 08:31:25]  正在连接 QQ-备用 邮箱服务器 (shouqianbadavid@qq.com) ...
[2026-05-19 08:32:00]  正在连接 QQ-主 邮箱服务器 (497720537@qq.com) ...
[2026-05-19 08:32:01]  正在连接 QQ-备用 邮箱服务器 (shouqianbadavid@qq.com) ...
[2026-05-19 08:32:37]  正在连接 QQ-主 邮箱服务器 (497720537@qq.com) ...
[2026-05-19 08:32:38]  正在连接 QQ-备用 邮箱服务器 (shouqianbadavid@qq.com) ...
[2026-05-19 08:33:13]  正在连接 QQ-主 邮箱服务器 (497720537@qq.com) ...
[2026-05-19 08:33:14]  正在连接 QQ-备用 邮箱服务器 (shouqianbadavid@qq.com) ...
[2026-05-19 08:33:50]  正在连接 QQ-主 邮箱服务器 (497720537@qq.com) ...
[2026-05-19 08:33:50]  正在连接 QQ-备用 邮箱服务器 (shouqianbadavid@qq.com) ...
[2026-05-19 08:34:26]  正在连接 QQ-主 邮箱服务器 (497720537@qq.com) ...
[2026-05-19 08:34:27]  正在连接 QQ-备用 邮箱服务器 (shouqianbadavid@qq.com) ...
[2026-05-19 08:35:03]  正在连接 QQ-主 邮箱服务器 (497720537@qq.com) ...
[2026-05-19 08:35:04]  正在连接 QQ-备用 邮箱服务器 (shouqianbadavid@qq.com) ...
[2026-05-19 08:35:39]  正在连接 QQ-主 邮箱服务器 (497720537@qq.com) ...
[2026-05-19 08:35:40]  正在连接 QQ-备用 邮箱服务器 (shouqianbadavid@qq.com) ...
[2026-05-19 08:36:16]  正在连接 QQ-主 邮箱服务器 (497720537@qq.com) ...
[2026-05-19 08:36:16]  正在连接 QQ-备用 邮箱服务器 (shouqianbadavid@qq.com) ...
[2026-05-19 08:36:52]  正在连接 QQ-主 邮箱服务器 (497720537@qq.com) ...
[2026-05-19 08:36:53]  正在连接 QQ-备用 邮箱服务器 (shouqianbadavid@qq.com) ...
[2026-05-19 08:37:29]  正在连接 QQ-主 邮箱服务器 (497720537@qq.com) ...
[2026-05-19 08:37:29]  正在连接 QQ-备用 邮箱服务器 (shouqianbadavid@qq.com) ...
[2026-05-19 08:38:05]  正在连接 QQ-主 邮箱服务器 (497720537@qq.com) ...
[2026-05-19 08:38:06]  正在连接 QQ-备用 邮箱服务器 (shouqianbadavid@qq.com) ...
[2026-05-19 08:38:42]  正在连接 QQ-主 邮箱服务器 (497720537@qq.com) ...
[2026-05-19 08:38:43]  正在连接 QQ-备用 邮箱服务器 (shouqianbadavid@qq.com) ...
[2026-05-19 08:39:18]  正在连接 QQ-主 邮箱服务器 (497720537@qq.com) ...
[2026-05-19 08:39:19]  正在连接 QQ-备用 邮箱服务器 (shouqianbadavid@qq.com) ...
[2026-05-19 08:39:55]  正在连接 QQ-主 邮箱服务器 (497720537@qq.com) ...
[2026-05-19 08:39:56]  正在连接 QQ-备用 邮箱服务器 (shouqianbadavid@qq.com) ...
[2026-05-19 08:40:31]  正在连接 QQ-主 邮箱服务器 (497720537@qq.com) ...
[2026-05-19 08:40:32]  正在连接 QQ-备用 邮箱服务器 (shouqianbadavid@qq.com) ...
[2026-05-19 08:41:08]  正在连接 QQ-主 邮箱服务器 (497720537@qq.com) ...
[2026-05-19 08:41:09]  正在连接 QQ-备用 邮箱服务器 (shouqianbadavid@qq.com) ...
[2026-05-19 08:41:44]  正在连接 QQ-主 邮箱服务器 (497720537@qq.com) ...
[2026-05-19 08:41:45]  正在连接 QQ-备用 邮箱服务器 (shouqianbadavid@qq.com) ...
[2026-05-19 08:42:21]  正在连接 QQ-主 邮箱服务器 (497720537@qq.com) ...
[2026-05-19 08:42:22]  正在连接 QQ-备用 邮箱服务器 (shouqianbadavid@qq.com) ...
[2026-05-19 08:42:57]  正在连接 QQ-主 邮箱服务器 (497720537@qq.com) ...
[2026-05-19 08:42:58]  正在连接 QQ-备用 邮箱服务器 (shouqianbadavid@qq.com) ...
[2026-05-19 08:43:34]  正在连接 QQ-主 邮箱服务器 (497720537@qq.com) ...
[2026-05-19 08:43:34]  正在连接 QQ-备用 邮箱服务器 (shouqianbadavid@qq.com) ...
[2026-05-19 08:44:10]  正在连接 QQ-主 邮箱服务器 (497720537@qq.com) ...
[2026-05-19 08:44:11]  正在连接 QQ-备用 邮箱服务器 (shouqianbadavid@qq.com) ...
[2026-05-19 08:44:47]  正在连接 QQ-主 邮箱服务器 (497720537@qq.com) ...
[2026-05-19 08:44:47]  正在连接 QQ-备用 邮箱服务器 (shouqianbadavid@qq.com) ...
[2026-05-19 08:45:23]  正在连接 QQ-主 邮箱服务器 (497720537@qq.com) ...
[2026-05-19 08:45:24]  正在连接 QQ-备用 邮箱服务器 (shouqianbadavid@qq.com) ...
[2026-05-19 08:45:59]  正在连接 QQ-主 邮箱服务器 (497720537@qq.com) ...
[2026-05-19 08:46:00]  正在连接 QQ-备用 邮箱服务器 (shouqianbadavid@qq.com) ...
[2026-05-19 08:46:36]  正在连接 QQ-主 邮箱服务器 (497720537@qq.com) ...
[2026-05-19 08:46:37]  正在连接 QQ-备用 邮箱服务器 (shouqianbadavid@qq.com) ...
[2026-05-19 08:47:13]  正在连接 QQ-主 邮箱服务器 (497720537@qq.com) ...
[2026-05-19 08:47:13]  正在连接 QQ-备用 邮箱服务器 (shouqianbadavid@qq.com) ...
[2026-05-19 08:47:49]  正在连接 QQ-主 邮箱服务器 (497720537@qq.com) ...
[2026-05-19 08:47:50]  正在连接 QQ-备用 邮箱服务器 (shouqianbadavid@qq.com) ...
[2026-05-19 08:48:26]  正在连接 QQ-主 邮箱服务器 (497720537@qq.com) ...
[2026-05-19 08:48:26]  正在连接 QQ-备用 邮箱服务器 (shouqianbadavid@qq.com) ...
[2026-05-19 08:49:02]  正在连接 QQ-主 邮箱服务器 (497720537@qq.com) ...
[2026-05-19 08:49:03]  正在连接 QQ-备用 邮箱服务器 (shouqianbadavid@qq.com) ...
[2026-05-19 08:49:38]  正在连接 QQ-主 邮箱服务器 (497720537@qq.com) ...
[2026-05-19 08:49:39]  正在连接 QQ-备用 邮箱服务器 (shouqianbadavid@qq.com) ...
[2026-05-19 08:50:16]  正在连接 QQ-主 邮箱服务器 (497720537@qq.com) ...
[2026-05-19 08:50:16]  正在连接 QQ-备用 邮箱服务器 (shouqianbadavid@qq.com) ...
[2026-05-19 08:50:52]  正在连接 QQ-主 邮箱服务器 (497720537@qq.com) ...
[2026-05-19 08:50:53]  正在连接 QQ-备用 邮箱服务器 (shouqianbadavid@qq.com) ...
[2026-05-19 08:51:29]  正在连接 QQ-主 邮箱服务器 (497720537@qq.com) ...
[2026-05-19 08:51:30]  正在连接 QQ-备用 邮箱服务器 (shouqianbadavid@qq.com) ...
[2026-05-19 08:52:06]  正在连接 QQ-主 邮箱服务器 (497720537@qq.com) ...
[2026-05-19 08:52:06]  正在连接 QQ-备用 邮箱服务器 (shouqianbadavid@qq.com) ...
[2026-05-19 08:52:42]  正在连接 QQ-主 邮箱服务器 (497720537@qq.com) ...
[2026-05-19 08:52:43]  正在连接 QQ-备用 邮箱服务器 (shouqianbadavid@qq.com) ...
[2026-05-19 08:53:18]  正在连接 QQ-主 邮箱服务器 (497720537@qq.com) ...
[2026-05-19 08:53:19]  正在连接 QQ-备用 邮箱服务器 (shouqianbadavid@qq.com) ...
[2026-05-19 08:53:55]  正在连接 QQ-主 邮箱服务器 (497720537@qq.com) ...
[2026-05-19 08:53:56]  正在连接 QQ-备用 邮箱服务器 (shouqianbadavid@qq.com) ...
[2026-05-19 08:54:31]  正在连接 QQ-主 邮箱服务器 (497720537@qq.com) ...
[2026-05-19 08:54:32]  正在连接 QQ-备用 邮箱服务器 (shouqianbadavid@qq.com) ...
[2026-05-19 08:55:08]  正在连接 QQ-主 邮箱服务器 (497720537@qq.com) ...
[2026-05-19 08:55:08]  正在连接 QQ-备用 邮箱服务器 (shouqianbadavid@qq.com) ...
[2026-05-19 08:55:44]  正在连接 QQ-主 邮箱服务器 (497720537@qq.com) ...
[2026-05-19 08:55:45]  正在连接 QQ-备用 邮箱服务器 (shouqianbadavid@qq.com) ...
[2026-05-19 08:56:20]  正在连接 QQ-主 邮箱服务器 (497720537@qq.com) ...
[2026-05-19 08:56:21]  正在连接 QQ-备用 邮箱服务器 (shouqianbadavid@qq.com) ...
[2026-05-19 08:56:57]  正在连接 QQ-主 邮箱服务器 (497720537@qq.com) ...
[2026-05-19 08:56:58]  正在连接 QQ-备用 邮箱服务器 (shouqianbadavid@qq.com) ...
[2026-05-19 08:57:34]  正在连接 QQ-主 邮箱服务器 (497720537@qq.com) ...
[2026-05-19 08:57:35]  正在连接 QQ-备用 邮箱服务器 (shouqianbadavid@qq.com) ...
[2026-05-19 08:58:10]  正在连接 QQ-主 邮箱服务器 (497720537@qq.com) ...
[2026-05-19 08:58:11]  正在连接 QQ-备用 邮箱服务器 (shouqianbadavid@qq.com) ...
[2026-05-19 08:58:47]  正在连接 QQ-主 邮箱服务器 (497720537@qq.com) ...
[2026-05-19 08:58:48]  正在连接 QQ-备用 邮箱服务器 (shouqianbadavid@qq.com) ...
[2026-05-19 08:59:23]  正在连接 QQ-主 邮箱服务器 (497720537@qq.com) ...
[2026-05-19 08:59:24]  正在连接 QQ-备用 邮箱服务器 (shouqianbadavid@qq.com) ...
[2026-05-19 09:00:00]  正在连接 QQ-主 邮箱服务器 (497720537@qq.com) ...
[2026-05-19 09:00:00]  正在连接 QQ-备用 邮箱服务器 (shouqianbadavid@qq.com) ...
[2026-05-19 09:00:36]  正在连接 QQ-主 邮箱服务器 (497720537@qq.com) ...
[2026-05-19 09:00:37]  正在连接 QQ-备用 邮箱服务器 (shouqianbadavid@qq.com) ...
[2026-05-19 09:01:13]  正在连接 QQ-主 邮箱服务器 (497720537@qq.com) ...
[2026-05-19 09:01:14]  正在连接 QQ-备用 邮箱服务器 (shouqianbadavid@qq.com) ...
[2026-05-19 09:01:50]  正在连接 QQ-主 邮箱服务器 (497720537@qq.com) ...
[2026-05-19 09:01:50]  正在连接 QQ-备用 邮箱服务器 (shouqianbadavid@qq.com) ...
[2026-05-19 09:02:26]  正在连接 QQ-主 邮箱服务器 (497720537@qq.com) ...
[2026-05-19 09:02:27]  正在连接 QQ-备用 邮箱服务器 (shouqianbadavid@qq.com) ...
[2026-05-19 09:03:03]  正在连接 QQ-主 邮箱服务器 (497720537@qq.com) ...
[2026-05-19 09:03:04]  正在连接 QQ-备用 邮箱服务器 (shouqianbadavid@qq.com) ...
[2026-05-19 09:03:40]  正在连接 QQ-主 邮箱服务器 (497720537@qq.com) ...
[2026-05-19 09:03:40]  正在连接 QQ-备用 邮箱服务器 (shouqianbadavid@qq.com) ...
[2026-05-19 09:04:16]  正在连接 QQ-主 邮箱服务器 (497720537@qq.com) ...
[2026-05-19 09:04:17]  正在连接 QQ-备用 邮箱服务器 (shouqianbadavid@qq.com) ...
[2026-05-19 09:04:53]  正在连接 QQ-主 邮箱服务器 (497720537@qq.com) ...
[2026-05-19 09:04:53]  正在连接 QQ-备用 邮箱服务器 (shouqianbadavid@qq.com) ...
[2026-05-19 09:05:29]  正在连接 QQ-主 邮箱服务器 (497720537@qq.com) ...
[2026-05-19 09:05:30]  正在连接 QQ-备用 邮箱服务器 (shouqianbadavid@qq.com) ...
[2026-05-19 09:06:06]  正在连接 QQ-主 邮箱服务器 (497720537@qq.com) ...
[2026-05-19 09:06:06]  正在连接 QQ-备用 邮箱服务器 (shouqianbadavid@qq.com) ...
[2026-05-19 09:06:42]  正在连接 QQ-主 邮箱服务器 (497720537@qq.com) ...
[2026-05-19 09:06:43]  正在连接 QQ-备用 邮箱服务器 (shouqianbadavid@qq.com) ...
[2026-05-19 09:07:19]  正在连接 QQ-主 邮箱服务器 (497720537@qq.com) ...
[2026-05-19 09:07:19]  正在连接 QQ-备用 邮箱服务器 (shouqianbadavid@qq.com) ...
[2026-05-19 09:07:55]  正在连接 QQ-主 邮箱服务器 (497720537@qq.com) ...
[2026-05-19 09:07:56]  正在连接 QQ-备用 邮箱服务器 (shouqianbadavid@qq.com) ...
[2026-05-19 09:08:31]  正在连接 QQ-主 邮箱服务器 (497720537@qq.com) ...
[2026-05-19 09:08:32]  正在连接 QQ-备用 邮箱服务器 (shouqianbadavid@qq.com) ...
[2026-05-19 09:09:08]  正在连接 QQ-主 邮箱服务器 (497720537@qq.com) ...
[2026-05-19 09:09:09]  正在连接 QQ-备用 邮箱服务器 (shouqianbadavid@qq.com) ...
[2026-05-19 09:09:45]  正在连接 QQ-主 邮箱服务器 (497720537@qq.com) ...
[2026-05-19 09:09:45]  正在连接 QQ-备用 邮箱服务器 (shouqianbadavid@qq.com) ...
[2026-05-19 09:10:21]  正在连接 QQ-主 邮箱服务器 (497720537@qq.com) ...
[2026-05-19 09:10:21]  正在连接 QQ-备用 邮箱服务器 (shouqianbadavid@qq.com) ...
[2026-05-19 09:10:57]  正在连接 QQ-主 邮箱服务器 (497720537@qq.com) ...
[2026-05-19 09:10:58]  正在连接 QQ-备用 邮箱服务器 (shouqianbadavid@qq.com) ...
[2026-05-19 09:11:34]  正在连接 QQ-主 邮箱服务器 (497720537@qq.com) ...
[2026-05-19 09:11:34]  正在连接 QQ-备用 邮箱服务器 (shouqianbadavid@qq.com) ...
[2026-05-19 09:12:10]  正在连接 QQ-主 邮箱服务器 (497720537@qq.com) ...
[2026-05-19 09:12:11]  正在连接 QQ-备用 邮箱服务器 (shouqianbadavid@qq.com) ...
[2026-05-19 09:12:47]  正在连接 QQ-主 邮箱服务器 (497720537@qq.com) ...
[2026-05-19 09:12:47]  正在连接 QQ-备用 邮箱服务器 (shouqianbadavid@qq.com) ...
[2026-05-19 09:13:23]  正在连接 QQ-主 邮箱服务器 (497720537@qq.com) ...
[2026-05-19 09:13:24]  正在连接 QQ-备用 邮箱服务器 (shouqianbadavid@qq.com) ...
[2026-05-19 09:14:00]  正在连接 QQ-主 邮箱服务器 (497720537@qq.com) ...
[2026-05-19 09:14:01]  正在连接 QQ-备用 邮箱服务器 (shouqianbadavid@qq.com) ...
[2026-05-19 09:14:37]  正在连接 QQ-主 邮箱服务器 (497720537@qq.com) ...
[2026-05-19 09:14:38]  正在连接 QQ-备用 邮箱服务器 (shouqianbadavid@qq.com) ...
[2026-05-19 09:15:13]  正在连接 QQ-主 邮箱服务器 (497720537@qq.com) ...
[2026-05-19 09:15:14]  正在连接 QQ-备用 邮箱服务器 (shouqianbadavid@qq.com) ...
[2026-05-19 09:15:49]  正在连接 QQ-主 邮箱服务器 (497720537@qq.com) ...
[2026-05-19 09:15:50]  正在连接 QQ-备用 邮箱服务器 (shouqianbadavid@qq.com) ...
[2026-05-19 09:16:26]  正在连接 QQ-主 邮箱服务器 (497720537@qq.com) ...
[2026-05-19 09:16:27]  正在连接 QQ-备用 邮箱服务器 (shouqianbadavid@qq.com) ...
[2026-05-19 09:17:02]  正在连接 QQ-主 邮箱服务器 (497720537@qq.com) ...
[2026-05-19 09:17:03]  正在连接 QQ-备用 邮箱服务器 (shouqianbadavid@qq.com) ...
[2026-05-19 09:17:39]  正在连接 QQ-主 邮箱服务器 (497720537@qq.com) ...
[2026-05-19 09:17:40]  正在连接 QQ-备用 邮箱服务器 (shouqianbadavid@qq.com) ...
[2026-05-19 09:18:15]  正在连接 QQ-主 邮箱服务器 (497720537@qq.com) ...
[2026-05-19 09:18:16]  正在连接 QQ-备用 邮箱服务器 (shouqianbadavid@qq.com) ...
[2026-05-19 09:18:52]  正在连接 QQ-主 邮箱服务器 (497720537@qq.com) ...
[2026-05-19 09:18:53]  正在连接 QQ-备用 邮箱服务器 (shouqianbadavid@qq.com) ...
[2026-05-19 09:19:28]  正在连接 QQ-主 邮箱服务器 (497720537@qq.com) ...
[2026-05-19 09:19:29]  正在连接 QQ-备用 邮箱服务器 (shouqianbadavid@qq.com) ...
[2026-05-19 09:20:05]  正在连接 QQ-主 邮箱服务器 (497720537@qq.com) ...
[2026-05-19 09:20:06]  正在连接 QQ-备用 邮箱服务器 (shouqianbadavid@qq.com) ...
[2026-05-19 09:20:42]  正在连接 QQ-主 邮箱服务器 (497720537@qq.com) ...
[2026-05-19 09:20:42]  正在连接 QQ-备用 邮箱服务器 (shouqianbadavid@qq.com) ...
[2026-05-19 09:21:18]  正在连接 QQ-主 邮箱服务器 (497720537@qq.com) ...
[2026-05-19 09:21:18]  正在连接 QQ-备用 邮箱服务器 (shouqianbadavid@qq.com) ...
[2026-05-19 09:21:54]  正在连接 QQ-主 邮箱服务器 (497720537@qq.com) ...
[2026-05-19 09:21:55]  正在连接 QQ-备用 邮箱服务器 (shouqianbadavid@qq.com) ...
[2026-05-19 09:22:30]  正在连接 QQ-主 邮箱服务器 (497720537@qq.com) ...
[2026-05-19 09:22:31]  正在连接 QQ-备用 邮箱服务器 (shouqianbadavid@qq.com) ...
[2026-05-19 09:23:07]  正在连接 QQ-主 邮箱服务器 (497720537@qq.com) ...
[2026-05-19 09:23:08]  正在连接 QQ-备用 邮箱服务器 (shouqianbadavid@qq.com) ...
[2026-05-19 09:23:43]  正在连接 QQ-主 邮箱服务器 (497720537@qq.com) ...
[2026-05-19 09:23:44]  正在连接 QQ-备用 邮箱服务器 (shouqianbadavid@qq.com) ...
[2026-05-19 09:24:20]  正在连接 QQ-主 邮箱服务器 (497720537@qq.com) ...
[2026-05-19 09:24:20]  正在连接 QQ-备用 邮箱服务器 (shouqianbadavid@qq.com) ...
[2026-05-19 09:24:56]  正在连接 QQ-主 邮箱服务器 (497720537@qq.com) ...
[2026-05-19 09:24:57]  正在连接 QQ-备用 邮箱服务器 (shouqianbadavid@qq.com) ...
[2026-05-19 09:25:32]  正在连接 QQ-主 邮箱服务器 (497720537@qq.com) ...
[2026-05-19 09:25:33]  正在连接 QQ-备用 邮箱服务器 (shouqianbadavid@qq.com) ...
[2026-05-19 09:26:09]  正在连接 QQ-主 邮箱服务器 (497720537@qq.com) ...
[2026-05-19 09:26:10]  正在连接 QQ-备用 邮箱服务器 (shouqianbadavid@qq.com) ...
[2026-05-19 09:26:45]  正在连接 QQ-主 邮箱服务器 (497720537@qq.com) ...
[2026-05-19 09:26:46]  正在连接 QQ-备用 邮箱服务器 (shouqianbadavid@qq.com) ...
[2026-05-19 09:27:22]  正在连接 QQ-主 邮箱服务器 (497720537@qq.com) ...
[2026-05-19 09:27:23]  正在连接 QQ-备用 邮箱服务器 (shouqianbadavid@qq.com) ...
[2026-05-19 09:27:58]  正在连接 QQ-主 邮箱服务器 (497720537@qq.com) ...
[2026-05-19 09:27:59]  正在连接 QQ-备用 邮箱服务器 (shouqianbadavid@qq.com) ...
[2026-05-19 09:28:35]  正在连接 QQ-主 邮箱服务器 (497720537@qq.com) ...
[2026-05-19 09:28:35]  正在连接 QQ-备用 邮箱服务器 (shouqianbadavid@qq.com) ...
[2026-05-19 09:29:11]  正在连接 QQ-主 邮箱服务器 (497720537@qq.com) ...
[2026-05-19 09:29:11]  正在连接 QQ-备用 邮箱服务器 (shouqianbadavid@qq.com) ...
[2026-05-19 09:29:47]  正在连接 QQ-主 邮箱服务器 (497720537@qq.com) ...
[2026-05-19 09:29:48]  正在连接 QQ-备用 邮箱服务器 (shouqianbadavid@qq.com) ...
[2026-05-19 09:30:24]  正在连接 QQ-主 邮箱服务器 (497720537@qq.com) ...
[2026-05-19 09:30:24]  正在连接 QQ-备用 邮箱服务器 (shouqianbadavid@qq.com) ...
[2026-05-19 09:31:00]  正在连接 QQ-主 邮箱服务器 (497720537@qq.com) ...
[2026-05-19 09:31:01]  正在连接 QQ-备用 邮箱服务器 (shouqianbadavid@qq.com) ...
[2026-05-19 09:31:36]  正在连接 QQ-主 邮箱服务器 (497720537@qq.com) ...
[2026-05-19 09:31:37]  正在连接 QQ-备用 邮箱服务器 (shouqianbadavid@qq.com) ...
[2026-05-19 09:32:13]  正在连接 QQ-主 邮箱服务器 (497720537@qq.com) ...
[2026-05-19 09:32:13]  正在连接 QQ-备用 邮箱服务器 (shouqianbadavid@qq.com) ...
[2026-05-19 09:32:49]  正在连接 QQ-主 邮箱服务器 (497720537@qq.com) ...
[2026-05-19 09:32:50]  正在连接 QQ-备用 邮箱服务器 (shouqianbadavid@qq.com) ...
[2026-05-19 09:33:25]  正在连接 QQ-主 邮箱服务器 (497720537@qq.com) ...
[2026-05-19 09:33:26]  正在连接 QQ-备用 邮箱服务器 (shouqianbadavid@qq.com) ...
[2026-05-19 09:34:01]  正在连接 QQ-主 邮箱服务器 (497720537@qq.com) ...
[2026-05-19 09:34:02]  正在连接 QQ-备用 邮箱服务器 (shouqianbadavid@qq.com) ...
[2026-05-19 09:34:38]  正在连接 QQ-主 邮箱服务器 (497720537@qq.com) ...
[2026-05-19 09:34:38]  正在连接 QQ-备用 邮箱服务器 (shouqianbadavid@qq.com) ...
[2026-05-19 09:35:14]  正在连接 QQ-主 邮箱服务器 (497720537@qq.com) ...
[2026-05-19 09:35:14]  正在连接 QQ-备用 邮箱服务器 (shouqianbadavid@qq.com) ...
[2026-05-19 09:35:50]  正在连接 QQ-主 邮箱服务器 (497720537@qq.com) ...
[2026-05-19 09:35:51]  正在连接 QQ-备用 邮箱服务器 (shouqianbadavid@qq.com) ...
[2026-05-19 09:36:27]  正在连接 QQ-主 邮箱服务器 (497720537@qq.com) ...
[2026-05-19 09:36:27]  正在连接 QQ-备用 邮箱服务器 (shouqianbadavid@qq.com) ...
[2026-05-19 09:37:03]  正在连接 QQ-主 邮箱服务器 (497720537@qq.com) ...
[2026-05-19 09:37:04]  正在连接 QQ-备用 邮箱服务器 (shouqianbadavid@qq.com) ...
[2026-05-19 09:37:40]  正在连接 QQ-主 邮箱服务器 (497720537@qq.com) ...
[2026-05-19 09:37:40]  正在连接 QQ-备用 邮箱服务器 (shouqianbadavid@qq.com) ...
[2026-05-19 09:38:16]  正在连接 QQ-主 邮箱服务器 (497720537@qq.com) ...
[2026-05-19 09:38:17]  正在连接 QQ-备用 邮箱服务器 (shouqianbadavid@qq.com) ...
[2026-05-19 09:38:53]  正在连接 QQ-主 邮箱服务器 (497720537@qq.com) ...
[2026-05-19 09:38:54]  正在连接 QQ-备用 邮箱服务器 (shouqianbadavid@qq.com) ...
[2026-05-19 09:39:30]  正在连接 QQ-主 邮箱服务器 (497720537@qq.com) ...
[2026-05-19 09:39:30]  正在连接 QQ-备用 邮箱服务器 (shouqianbadavid@qq.com) ...
[2026-05-19 09:40:06]  正在连接 QQ-主 邮箱服务器 (497720537@qq.com) ...
[2026-05-19 09:40:07]  正在连接 QQ-备用 邮箱服务器 (shouqianbadavid@qq.com) ...
[2026-05-19 09:40:43]  正在连接 QQ-主 邮箱服务器 (497720537@qq.com) ...
[2026-05-19 09:40:44]  正在连接 QQ-备用 邮箱服务器 (shouqianbadavid@qq.com) ...
[2026-05-19 09:41:19]  正在连接 QQ-主 邮箱服务器 (497720537@qq.com) ...
[2026-05-19 09:41:20]  正在连接 QQ-备用 邮箱服务器 (shouqianbadavid@qq.com) ...
[2026-05-19 09:41:56]  正在连接 QQ-主 邮箱服务器 (497720537@qq.com) ...
[2026-05-19 09:41:57]  正在连接 QQ-备用 邮箱服务器 (shouqianbadavid@qq.com) ...
[2026-05-19 09:42:33]  正在连接 QQ-主 邮箱服务器 (497720537@qq.com) ...
[2026-05-19 09:42:34]  正在连接 QQ-备用 邮箱服务器 (shouqianbadavid@qq.com) ...
[2026-05-19 09:43:09]  正在连接 QQ-主 邮箱服务器 (497720537@qq.com) ...
[2026-05-19 09:43:10]  正在连接 QQ-备用 邮箱服务器 (shouqianbadavid@qq.com) ...
[2026-05-19 09:43:46]  正在连接 QQ-主 邮箱服务器 (497720537@qq.com) ...
[2026-05-19 09:43:47]  QQ-主 正在解析因子: =?utf-8?b?QWxwaGFQaWxvdCDlrp7ml7bkv6Hlj7cgKGFscGhhX3NpZ25hbF90aHJfMjAyNjA1MTlfMDk0My5qc29uKSBb5Li7UVEt5a+55aSWXQ==?=
[2026-05-19 09:43:47]  发现表格，共 19 行数据
[2026-05-19 09:43:47]  动态索引映射: ['股票代码', '股票名称', '信号', '当前价格', '量比', '来源过滤']
[2026-05-19 09:43:47]  [行1] 解析成功: SZSE.300195 [长荣股份] SELL @ 6.82 (VR:0.73)
[2026-05-19 09:43:47]  [行2] 解析成功: SZSE.300285 [国瓷材料] BUY @ 39.38 (VR:0.82)
[2026-05-19 09:43:47]  [行3] 解析成功: SZSE.002015 [协鑫能科] BUY @ 21.08 (VR:0.17)
[2026-05-19 09:43:47]  [行4] 解析成功: SZSE.000912 [泸天化] BUY @ 4.16 (VR:1.13)
[2026-05-19 09:43:47]  [行5] 解析成功: SZSE.301226 [祥明智能] SELL @ 41.88 (VR:1.33)
[2026-05-19 09:43:47]  [行6] 解析成功: SZSE.301667 [纳百川] SELL @ 102.0 (VR:0.94)
[2026-05-19 09:43:47]  [行7] 解析成功: SHSE.688295 [奥林德] SELL @ 52.66 (VR:0.65)
[2026-05-19 09:43:47]  [行8] 解析成功: SHSE.601868 [中国能建] SELL @ 3.09 (VR:0.04)
[2026-05-19 09:43:47]  [行9] 解析成功: SHSE.600722 [金牛化工] SELL @ 12.28 (VR:1.04)
[2026-05-19 09:43:47]  [行10] 解析成功: SHSE.688295 [中复神鹰] SELL @ 53.0 (VR:0.23)
[2026-05-19 09:43:47]  [行11] 解析成功: SZSE.301281 [利源制药] BUY @ 38.45 (VR:0.23)
[2026-05-19 09:43:47]  [行12] 解析成功: SZSE.300285 [国瓷材料] BUY @ 40.45 (VR:0.25)
[2026-05-19 09:43:47]  [行13] 解析成功: SZSE.002015 [协鑫能科] BUY @ 21.32 (VR:0.06)
[2026-05-19 09:43:47]  [行14] 解析成功: SZSE.000912 [泸天化] BUY @ 4.17 (VR:1.68)
[2026-05-19 09:43:47]  [行15] 解析成功: SZSE.301226 [祥明智能] SELL @ 41.65 (VR:0.38)
[2026-05-19 09:43:47]  [行16] 解析成功: SHSE.688295 [奥林德] SELL @ 53.25 (VR:0.48)
[2026-05-19 09:43:47]  [行17] 解析成功: SHSE.600722 [金牛化工] SELL @ 12.07 (VR:1.47)
[2026-05-19 09:43:47]  [行18] 解析成功: SHSE.688295 [中复神鹰] SELL @ 53.16 (VR:0.2)
[2026-05-19 09:43:47]  [行19] 解析成功: SZSE.301281 [利源制药] BUY @ 38.58 (VR:0.69)
[2026-05-19 09:43:47] 成功保存 19 条因子至: signal_batch_20260519_094347_188651.txt
[2026-05-19 09:43:47]  QQ-主 邮件 3625 处理完成
[2026-05-19 09:43:47]  QQ-主 本轮共成功处理 1 封有效信号邮件
[2026-05-19 09:43:47]  正在连接 QQ-备用 邮箱服务器 (shouqianbadavid@qq.com) ...
[2026-05-19 09:43:48]  QQ-备用 正在解析因子: =?utf-8?b?QWxwaGFQaWxvdCDlpIfku73kv6Hlj7cgKGFscGhhX3NpZ25hbF90aHJfMjAyNjA1MTlfMDk0My5qc29uKSBb5aSHUVEt6Ieq5L+dXQ==?=
[2026-05-19 09:43:48]  发现表格，共 19 行数据
[2026-05-19 09:43:48]  动态索引映射: ['股票代码', '股票名称', '信号', '当前价格', '量比', '来源过滤']
[2026-05-19 09:43:48]  [行1] 解析成功: SZSE.300195 [长荣股份] SELL @ 6.82 (VR:0.73)
[2026-05-19 09:43:48]  [行2] 解析成功: SZSE.300285 [国瓷材料] BUY @ 39.38 (VR:0.82)
[2026-05-19 09:43:48]  [行3] 解析成功: SZSE.002015 [协鑫能科] BUY @ 21.08 (VR:0.17)
[2026-05-19 09:43:48]  [行4] 解析成功: SZSE.000912 [泸天化] BUY @ 4.16 (VR:1.13)
[2026-05-19 09:43:48]  [行5] 解析成功: SZSE.301226 [祥明智能] SELL @ 41.88 (VR:1.33)
[2026-05-19 09:43:48]  [行6] 解析成功: SZSE.301667 [纳百川] SELL @ 102.0 (VR:0.94)
[2026-05-19 09:43:48]  [行7] 解析成功: SHSE.688295 [奥林德] SELL @ 52.66 (VR:0.65)
[2026-05-19 09:43:48]  [行8] 解析成功: SHSE.601868 [中国能建] SELL @ 3.09 (VR:0.04)
[2026-05-19 09:43:48]  [行9] 解析成功: SHSE.600722 [金牛化工] SELL @ 12.28 (VR:1.04)
[2026-05-19 09:43:48]  [行10] 解析成功: SHSE.688295 [中复神鹰] SELL @ 53.0 (VR:0.23)
[2026-05-19 09:43:48]  [行11] 解析成功: SZSE.301281 [利源制药] BUY @ 38.45 (VR:0.23)
[2026-05-19 09:43:48]  [行12] 解析成功: SZSE.300285 [国瓷材料] BUY @ 40.45 (VR:0.25)
[2026-05-19 09:43:48]  [行13] 解析成功: SZSE.002015 [协鑫能科] BUY @ 21.32 (VR:0.06)
[2026-05-19 09:43:48]  [行14] 解析成功: SZSE.000912 [泸天化] BUY @ 4.17 (VR:1.68)
[2026-05-19 09:43:48]  [行15] 解析成功: SZSE.301226 [祥明智能] SELL @ 41.65 (VR:0.38)
[2026-05-19 09:43:48]  [行16] 解析成功: SHSE.688295 [奥林德] SELL @ 53.25 (VR:0.48)
[2026-05-19 09:43:48]  [行17] 解析成功: SHSE.600722 [金牛化工] SELL @ 12.07 (VR:1.47)
[2026-05-19 09:43:48]  [行18] 解析成功: SHSE.688295 [中复神鹰] SELL @ 53.16 (VR:0.2)
[2026-05-19 09:43:48]  [行19] 解析成功: SZSE.301281 [利源制药] BUY @ 38.58 (VR:0.69)
[2026-05-19 09:43:48] 成功保存 19 条因子至: signal_batch_20260519_094348_492902.txt
[2026-05-19 09:43:48]  QQ-备用 邮件 924 处理完成
[2026-05-19 09:43:48]  QQ-备用 本轮共成功处理 1 封有效信号邮件
[2026-05-19 09:44:23]  正在连接 QQ-主 邮箱服务器 (497720537@qq.com) ...
[2026-05-19 09:44:24]  正在连接 QQ-备用 邮箱服务器 (shouqianbadavid@qq.com) ...
[2026-05-19 09:45:00]  正在连接 QQ-主 邮箱服务器 (497720537@qq.com) ...
[2026-05-19 09:45:01]  正在连接 QQ-备用 邮箱服务器 (shouqianbadavid@qq.com) ...
[2026-05-19 09:45:37]  正在连接 QQ-主 邮箱服务器 (497720537@qq.com) ...
[2026-05-19 09:45:38]  正在连接 QQ-备用 邮箱服务器 (shouqianbadavid@qq.com) ...
[2026-05-19 09:46:13]  正在连接 QQ-主 邮箱服务器 (497720537@qq.com) ...
[2026-05-19 09:46:14]  正在连接 QQ-备用 邮箱服务器 (shouqianbadavid@qq.com) ...
[2026-05-19 09:46:50]  正在连接 QQ-主 邮箱服务器 (497720537@qq.com) ...
[2026-05-19 09:46:51]  正在连接 QQ-备用 邮箱服务器 (shouqianbadavid@qq.com) ...
[2026-05-19 09:47:27]  正在连接 QQ-主 邮箱服务器 (497720537@qq.com) ...
[2026-05-19 09:47:28]  正在连接 QQ-备用 邮箱服务器 (shouqianbadavid@qq.com) ...
[2026-05-19 09:48:04]  正在连接 QQ-主 邮箱服务器 (497720537@qq.com) ...
[2026-05-19 09:48:04]  正在连接 QQ-备用 邮箱服务器 (shouqianbadavid@qq.com) ...
[2026-05-19 09:48:40]  正在连接 QQ-主 邮箱服务器 (497720537@qq.com) ...
[2026-05-19 09:48:41]  正在连接 QQ-备用 邮箱服务器 (shouqianbadavid@qq.com) ...
[2026-05-19 09:49:17]  正在连接 QQ-主 邮箱服务器 (497720537@qq.com) ...
[2026-05-19 09:49:17]  正在连接 QQ-备用 邮箱服务器 (shouqianbadavid@qq.com) ...
[2026-05-19 09:49:53]  正在连接 QQ-主 邮箱服务器 (497720537@qq.com) ...
[2026-05-19 09:49:54]  正在连接 QQ-备用 邮箱服务器 (shouqianbadavid@qq.com) ...
[2026-05-19 09:50:30]  正在连接 QQ-主 邮箱服务器 (497720537@qq.com) ...
[2026-05-19 09:50:31]  正在连接 QQ-备用 邮箱服务器 (shouqianbadavid@qq.com) ...
[2026-05-19 09:51:07]  正在连接 QQ-主 邮箱服务器 (497720537@qq.com) ...
[2026-05-19 09:51:08]  正在连接 QQ-备用 邮箱服务器 (shouqianbadavid@qq.com) ...
[2026-05-19 09:51:43]  正在连接 QQ-主 邮箱服务器 (497720537@qq.com) ...
[2026-05-19 09:51:44]  正在连接 QQ-备用 邮箱服务器 (shouqianbadavid@qq.com) ...
[2026-05-19 09:52:19]  正在连接 QQ-主 邮箱服务器 (497720537@qq.com) ...
[2026-05-19 09:52:20]  正在连接 QQ-备用 邮箱服务器 (shouqianbadavid@qq.com) ...
[2026-05-19 09:52:56]  正在连接 QQ-主 邮箱服务器 (497720537@qq.com) ...
[2026-05-19 09:52:56]  正在连接 QQ-备用 邮箱服务器 (shouqianbadavid@qq.com) ...
[2026-05-19 09:53:32]  正在连接 QQ-主 邮箱服务器 (497720537@qq.com) ...
[2026-05-19 09:53:33]  正在连接 QQ-备用 邮箱服务器 (shouqianbadavid@qq.com) ...
[2026-05-19 09:54:09]  正在连接 QQ-主 邮箱服务器 (497720537@qq.com) ...
[2026-05-19 09:54:09]  正在连接 QQ-备用 邮箱服务器 (shouqianbadavid@qq.com) ...
[2026-05-19 09:54:45]  正在连接 QQ-主 邮箱服务器 (497720537@qq.com) ...
[2026-05-19 09:54:46]  正在连接 QQ-备用 邮箱服务器 (shouqianbadavid@qq.com) ...
[2026-05-19 09:55:22]  正在连接 QQ-主 邮箱服务器 (497720537@qq.com) ...
[2026-05-19 09:55:22]  正在连接 QQ-备用 邮箱服务器 (shouqianbadavid@qq.com) ...
[2026-05-19 09:55:58]  正在连接 QQ-主 邮箱服务器 (497720537@qq.com) ...
[2026-05-19 09:55:59]  正在连接 QQ-备用 邮箱服务器 (shouqianbadavid@qq.com) ...
[2026-05-19 09:56:34]  正在连接 QQ-主 邮箱服务器 (497720537@qq.com) ...
[2026-05-19 09:56:35]  正在连接 QQ-备用 邮箱服务器 (shouqianbadavid@qq.com) ...
[2026-05-19 09:57:10]  正在连接 QQ-主 邮箱服务器 (497720537@qq.com) ...
[2026-05-19 09:57:11]  QQ-主 正在解析因子: =?utf-8?b?QWxwaGFQaWxvdCDlrp7ml7bkv6Hlj7cgKGFscGhhX3NpZ25hbF90aHJfMjAyNjA1MTlfMDk1Ny5qc29uKSBb5Li7UVEt5a+55aSWXQ==?=
[2026-05-19 09:57:11]  发现表格，共 22 行数据
[2026-05-19 09:57:11]  动态索引映射: ['股票代码', '股票名称', '信号', '当前价格', '量比', '来源过滤']
[2026-05-19 09:57:11]  [行1] 解析成功: SHSE.600699 [均胜电子] SELL @ 31.36 (VR:0.7)
[2026-05-19 09:57:11]  [行2] 解析成功: SZSE.002364 [中恒电器] BUY @ 49.15 (VR:0.41)
[2026-05-19 09:57:11]  [行3] 解析成功: SZSE.000537 [绿发电力] SELL @ 11.09 (VR:0.23)
[2026-05-19 09:57:11]  [行4] 解析成功: SZSE.002925 [盈趣科技] SELL @ 20.88 (VR:0.55)
[2026-05-19 09:57:11]  [行5] 解析成功: SZSE.002828 [贝肯能源] BUY @ 11.33 (VR:1.56)
[2026-05-19 09:57:11]  [行6] 解析成功: SZSE.002240 [盛新锂能] SELL @ 49.3 (VR:0.28)
[2026-05-19 09:57:11]  [行7] 解析成功: SZSE.300693 [盛弘股份] SELL @ 59.95 (VR:0.2)
[2026-05-19 09:57:11]  [行8] 解析成功: SZSE.001309 [德利明] SELL @ 705.2 (VR:0.45)
[2026-05-19 09:57:11]  [行9] 解析成功: SZSE.002285 [世联行] BUY @ 3.12 (VR:0.32)
[2026-05-19 09:57:11]  [行10] 解析成功: SZSE.300432 [富临精工] BUY @ 23.95 (VR:1.01)
[2026-05-19 09:57:11]  [行11] 解析成功: SHSE.688617 [惠泰医疗] SELL @ 225.99 (VR:0.46)
[2026-05-19 09:57:11]  [行12] 解析成功: SHSE.688617 [惠泰医疗] SELL @ 225.99 (VR:0.52)
[2026-05-19 09:57:11]  [行13] 解析成功: SZSE.002460 [赣锋锂业] SELL @ 76.95 (VR:0.76)
[2026-05-19 09:57:11]  [行14] 解析成功: SZSE.000537 [绿发电力] SELL @ 11.02 (VR:0.19)
[2026-05-19 09:57:11]  [行15] 解析成功: SZSE.002475 [立讯精密] SELL @ 71.58 (VR:0.6)
[2026-05-19 09:57:11]  [行16] 解析成功: SZSE.300048 [合康新能] SELL @ 6.21 (VR:0.2)
[2026-05-19 09:57:11]  [行17] 解析成功: SZSE.002925 [盈趣科技] SELL @ 20.83 (VR:2.18)
[2026-05-19 09:57:11]  [行18] 解析成功: SZSE.300693 [盛弘股份] SELL @ 59.58 (VR:0.03)
[2026-05-19 09:57:11]  [行19] 解析成功: SZSE.001309 [德利明] SELL @ 700.24 (VR:0.46)
[2026-05-19 09:57:11]  [行20] 解析成功: SZSE.002285 [世联行] BUY @ 3.14 (VR:0.07)
[2026-05-19 09:57:11]  [行21] 解析成功: SHSE.688617 [惠泰医疗] SELL @ 226.14 (VR:0.11)
[2026-05-19 09:57:11]  [行22] 解析成功: SHSE.688617 [惠泰医疗] SELL @ 225.73 (VR:0.4)
[2026-05-19 09:57:11] 成功保存 22 条因子至: signal_batch_20260519_095711_931157.txt
[2026-05-19 09:57:12]  QQ-主 邮件 3626 处理完成
[2026-05-19 09:57:12]  QQ-主 本轮共成功处理 1 封有效信号邮件
[2026-05-19 09:57:12]  正在连接 QQ-备用 邮箱服务器 (shouqianbadavid@qq.com) ...
[2026-05-19 09:57:13]  QQ-备用 正在解析因子: =?utf-8?b?QWxwaGFQaWxvdCDlpIfku73kv6Hlj7cgKGFscGhhX3NpZ25hbF90aHJfMjAyNjA1MTlfMDk1Ny5qc29uKSBb5aSHUVEt6Ieq5L+dXQ==?=
[2026-05-19 09:57:13]  发现表格，共 22 行数据
[2026-05-19 09:57:13]  动态索引映射: ['股票代码', '股票名称', '信号', '当前价格', '量比', '来源过滤']
[2026-05-19 09:57:13]  [行1] 解析成功: SHSE.600699 [均胜电子] SELL @ 31.36 (VR:0.7)
[2026-05-19 09:57:13]  [行2] 解析成功: SZSE.002364 [中恒电器] BUY @ 49.15 (VR:0.41)
[2026-05-19 09:57:13]  [行3] 解析成功: SZSE.000537 [绿发电力] SELL @ 11.09 (VR:0.23)
[2026-05-19 09:57:13]  [行4] 解析成功: SZSE.002925 [盈趣科技] SELL @ 20.88 (VR:0.55)
[2026-05-19 09:57:13]  [行5] 解析成功: SZSE.002828 [贝肯能源] BUY @ 11.33 (VR:1.56)
[2026-05-19 09:57:13]  [行6] 解析成功: SZSE.002240 [盛新锂能] SELL @ 49.3 (VR:0.28)
[2026-05-19 09:57:13]  [行7] 解析成功: SZSE.300693 [盛弘股份] SELL @ 59.95 (VR:0.2)
[2026-05-19 09:57:13]  [行8] 解析成功: SZSE.001309 [德利明] SELL @ 705.2 (VR:0.45)
[2026-05-19 09:57:13]  [行9] 解析成功: SZSE.002285 [世联行] BUY @ 3.12 (VR:0.32)
[2026-05-19 09:57:13]  [行10] 解析成功: SZSE.300432 [富临精工] BUY @ 23.95 (VR:1.01)
[2026-05-19 09:57:13]  [行11] 解析成功: SHSE.688617 [惠泰医疗] SELL @ 225.99 (VR:0.46)
[2026-05-19 09:57:13]  [行12] 解析成功: SHSE.688617 [惠泰医疗] SELL @ 225.99 (VR:0.52)
[2026-05-19 09:57:13]  [行13] 解析成功: SZSE.002460 [赣锋锂业] SELL @ 76.95 (VR:0.76)
[2026-05-19 09:57:13]  [行14] 解析成功: SZSE.000537 [绿发电力] SELL @ 11.02 (VR:0.19)
[2026-05-19 09:57:13]  [行15] 解析成功: SZSE.002475 [立讯精密] SELL @ 71.58 (VR:0.6)
[2026-05-19 09:57:13]  [行16] 解析成功: SZSE.300048 [合康新能] SELL @ 6.21 (VR:0.2)
[2026-05-19 09:57:13]  [行17] 解析成功: SZSE.002925 [盈趣科技] SELL @ 20.83 (VR:2.18)
[2026-05-19 09:57:13]  [行18] 解析成功: SZSE.300693 [盛弘股份] SELL @ 59.58 (VR:0.03)
[2026-05-19 09:57:13]  [行19] 解析成功: SZSE.001309 [德利明] SELL @ 700.24 (VR:0.46)
[2026-05-19 09:57:13]  [行20] 解析成功: SZSE.002285 [世联行] BUY @ 3.14 (VR:0.07)
[2026-05-19 09:57:13]  [行21] 解析成功: SHSE.688617 [惠泰医疗] SELL @ 226.14 (VR:0.11)
[2026-05-19 09:57:13]  [行22] 解析成功: SHSE.688617 [惠泰医疗] SELL @ 225.73 (VR:0.4)
[2026-05-19 09:57:13] 成功保存 22 条因子至: signal_batch_20260519_095713_045877.txt
[2026-05-19 09:57:13]  QQ-备用 邮件 925 处理完成
[2026-05-19 09:57:13]  QQ-备用 本轮共成功处理 1 封有效信号邮件
[2026-05-19 09:57:48]  正在连接 QQ-主 邮箱服务器 (497720537@qq.com) ...
[2026-05-19 09:57:49]  正在连接 QQ-备用 邮箱服务器 (shouqianbadavid@qq.com) ...
[2026-05-19 09:58:25]  正在连接 QQ-主 邮箱服务器 (497720537@qq.com) ...
[2026-05-19 09:58:25]  正在连接 QQ-备用 邮箱服务器 (shouqianbadavid@qq.com) ...
[2026-05-19 09:59:01]  正在连接 QQ-主 邮箱服务器 (497720537@qq.com) ...
[2026-05-19 09:59:02]  正在连接 QQ-备用 邮箱服务器 (shouqianbadavid@qq.com) ...
[2026-05-19 09:59:38]  正在连接 QQ-主 邮箱服务器 (497720537@qq.com) ...
[2026-05-19 09:59:38]  正在连接 QQ-备用 邮箱服务器 (shouqianbadavid@qq.com) ...
[2026-05-19 10:00:14]  正在连接 QQ-主 邮箱服务器 (497720537@qq.com) ...
[2026-05-19 10:00:15]  正在连接 QQ-备用 邮箱服务器 (shouqianbadavid@qq.com) ...
[2026-05-19 10:00:51]  正在连接 QQ-主 邮箱服务器 (497720537@qq.com) ...
[2026-05-19 10:00:51]  正在连接 QQ-备用 邮箱服务器 (shouqianbadavid@qq.com) ...
[2026-05-19 10:01:27]  正在连接 QQ-主 邮箱服务器 (497720537@qq.com) ...
[2026-05-19 10:01:27]  正在连接 QQ-备用 邮箱服务器 (shouqianbadavid@qq.com) ...
[2026-05-19 10:02:03]  正在连接 QQ-主 邮箱服务器 (497720537@qq.com) ...
[2026-05-19 10:02:04]  正在连接 QQ-备用 邮箱服务器 (shouqianbadavid@qq.com) ...
[2026-05-19 10:02:40]  正在连接 QQ-主 邮箱服务器 (497720537@qq.com) ...
[2026-05-19 10:02:41]  正在连接 QQ-备用 邮箱服务器 (shouqianbadavid@qq.com) ...
[2026-05-19 10:03:16]  正在连接 QQ-主 邮箱服务器 (497720537@qq.com) ...
[2026-05-19 10:03:17]  正在连接 QQ-备用 邮箱服务器 (shouqianbadavid@qq.com) ...
[2026-05-19 10:03:52]  正在连接 QQ-主 邮箱服务器 (497720537@qq.com) ...
[2026-05-19 10:03:53]  正在连接 QQ-备用 邮箱服务器 (shouqianbadavid@qq.com) ...
[2026-05-19 10:04:29]  正在连接 QQ-主 邮箱服务器 (497720537@qq.com) ...
[2026-05-19 10:04:30]  正在连接 QQ-备用 邮箱服务器 (shouqianbadavid@qq.com) ...
[2026-05-19 10:05:06]  正在连接 QQ-主 邮箱服务器 (497720537@qq.com) ...
[2026-05-19 10:05:06]  正在连接 QQ-备用 邮箱服务器 (shouqianbadavid@qq.com) ...
[2026-05-19 10:05:42]  正在连接 QQ-主 邮箱服务器 (497720537@qq.com) ...
[2026-05-19 10:05:43]  正在连接 QQ-备用 邮箱服务器 (shouqianbadavid@qq.com) ...
[2026-05-19 10:06:19]  正在连接 QQ-主 邮箱服务器 (497720537@qq.com) ...
[2026-05-19 10:06:19]  正在连接 QQ-备用 邮箱服务器 (shouqianbadavid@qq.com) ...
[2026-05-19 10:06:55]  正在连接 QQ-主 邮箱服务器 (497720537@qq.com) ...
[2026-05-19 10:06:56]  正在连接 QQ-备用 邮箱服务器 (shouqianbadavid@qq.com) ...
[2026-05-19 10:07:32]  正在连接 QQ-主 邮箱服务器 (497720537@qq.com) ...
[2026-05-19 10:07:32]  正在连接 QQ-备用 邮箱服务器 (shouqianbadavid@qq.com) ...
[2026-05-19 10:08:08]  正在连接 QQ-主 邮箱服务器 (497720537@qq.com) ...
[2026-05-19 10:08:09]  正在连接 QQ-备用 邮箱服务器 (shouqianbadavid@qq.com) ...
[2026-05-19 10:08:44]  正在连接 QQ-主 邮箱服务器 (497720537@qq.com) ...
[2026-05-19 10:08:45]  正在连接 QQ-备用 邮箱服务器 (shouqianbadavid@qq.com) ...
[2026-05-19 10:09:21]  正在连接 QQ-主 邮箱服务器 (497720537@qq.com) ...
[2026-05-19 10:09:22]  QQ-主 正在解析因子: =?utf-8?b?QWxwaGFQaWxvdCDlrp7ml7bkv6Hlj7cgKGFscGhhX3NpZ25hbF90aHJfMjAyNjA1MTlfMTAwOC5qc29uKSBb5Li7UVEt5a+55aSWXQ==?=
[2026-05-19 10:09:22]  发现表格，共 22 行数据
[2026-05-19 10:09:22]  动态索引映射: ['股票代码', '股票名称', '信号', '当前价格', '量比', '来源过滤']
[2026-05-19 10:09:22]  [行1] 解析成功: SZSE.002455 [百川股份] SELL @ 9.69 (VR:0.39)
[2026-05-19 10:09:22]  [行2] 解析成功: SZSE.300207 [欣旺达] SELL @ 24.8 (VR:0.56)
[2026-05-19 10:09:22]  [行3] 解析成功: SZSE.300677 [英科医疗] SELL @ 51.43 (VR:0.69)
[2026-05-19 10:09:22]  [行4] 解析成功: SZSE.300274 [阳光电源] SELL @ 156.04 (VR:0.93)
[2026-05-19 10:09:22]  [行5] 解析成功: SZSE.002506 [协鑫集成] SELL @ 4.36 (VR:0.49)
[2026-05-19 10:09:22]  [行6] 解析成功: SZSE.300285 [国瓷材料] SELL @ 41.52 (VR:0.11)
[2026-05-19 10:09:22]  [行7] 解析成功: SZSE.300643 [万通智控] SELL @ 18.74 (VR:0.35)
[2026-05-19 10:09:22]  [行8] 解析成功: SZSE.300449 [汉邦高科] SELL @ 9.58 (VR:0.93)
[2026-05-19 10:09:22]  [行9] 解析成功: SZSE.300953 [震裕科技] BUY @ 241.5 (VR:1.06)
[2026-05-19 10:09:22]  [行10] 解析成功: SZSE.300054 [鼎龙股份] SELL @ 72.51 (VR:0.35)
[2026-05-19 10:09:22]  [行11] 解析成功: SZSE.301171 [易点天下] BUY @ 49.39 (VR:2.52)
[2026-05-19 10:09:22]  [行12] 解析成功: SZSE.002455 [百川股份] SELL @ 9.64 (VR:0.77)
[2026-05-19 10:09:22]  [行13] 解析成功: SZSE.300207 [欣旺达] SELL @ 24.66 (VR:0.71)
[2026-05-19 10:09:22]  [行14] 解析成功: SZSE.300677 [英科医疗] SELL @ 50.86 (VR:1.04)
[2026-05-19 10:09:22]  [行15] 解析成功: SZSE.300274 [阳光电源] SELL @ 155.28 (VR:0.16)
[2026-05-19 10:09:22]  [行16] 解析成功: SZSE.002506 [协鑫集成] SELL @ 4.33 (VR:0.07)
[2026-05-19 10:09:22]  [行17] 解析成功: SZSE.300285 [国瓷材料] SELL @ 40.91 (VR:0.98)
[2026-05-19 10:09:22]  [行18] 解析成功: SZSE.300643 [万通智控] SELL @ 18.72 (VR:0.15)
[2026-05-19 10:09:22]  [行19] 解析成功: SZSE.300449 [汉邦高科] SELL @ 9.52 (VR:1.87)
[2026-05-19 10:09:22]  [行20] 解析成功: SZSE.300390 [天华超净] SELL @ 88.19 (VR:1.1)
[2026-05-19 10:09:22]  [行21] 解析成功: SZSE.300953 [震裕科技] BUY @ 241.88 (VR:0.19)
[2026-05-19 10:09:22]  [行22] 解析成功: SZSE.300054 [鼎龙股份] SELL @ 71.95 (VR:0.32)
[2026-05-19 10:09:22] 成功保存 22 条因子至: signal_batch_20260519_100922_123985.txt
[2026-05-19 10:09:22]  QQ-主 邮件 3627 处理完成
[2026-05-19 10:09:22]  QQ-主 本轮共成功处理 1 封有效信号邮件
[2026-05-19 10:09:22]  正在连接 QQ-备用 邮箱服务器 (shouqianbadavid@qq.com) ...
[2026-05-19 10:09:23]  QQ-备用 正在解析因子: =?utf-8?b?QWxwaGFQaWxvdCDlpIfku73kv6Hlj7cgKGFscGhhX3NpZ25hbF90aHJfMjAyNjA1MTlfMTAwOC5qc29uKSBb5aSHUVEt6Ieq5L+dXQ==?=
[2026-05-19 10:09:23]  发现表格，共 22 行数据
[2026-05-19 10:09:23]  动态索引映射: ['股票代码', '股票名称', '信号', '当前价格', '量比', '来源过滤']
[2026-05-19 10:09:23]  [行1] 解析成功: SZSE.002455 [百川股份] SELL @ 9.69 (VR:0.39)
[2026-05-19 10:09:23]  [行2] 解析成功: SZSE.300207 [欣旺达] SELL @ 24.8 (VR:0.56)
[2026-05-19 10:09:23]  [行3] 解析成功: SZSE.300677 [英科医疗] SELL @ 51.43 (VR:0.69)
[2026-05-19 10:09:23]  [行4] 解析成功: SZSE.300274 [阳光电源] SELL @ 156.04 (VR:0.93)
[2026-05-19 10:09:23]  [行5] 解析成功: SZSE.002506 [协鑫集成] SELL @ 4.36 (VR:0.49)
[2026-05-19 10:09:23]  [行6] 解析成功: SZSE.300285 [国瓷材料] SELL @ 41.52 (VR:0.11)
[2026-05-19 10:09:23]  [行7] 解析成功: SZSE.300643 [万通智控] SELL @ 18.74 (VR:0.35)
[2026-05-19 10:09:23]  [行8] 解析成功: SZSE.300449 [汉邦高科] SELL @ 9.58 (VR:0.93)
[2026-05-19 10:09:23]  [行9] 解析成功: SZSE.300953 [震裕科技] BUY @ 241.5 (VR:1.06)
[2026-05-19 10:09:23]  [行10] 解析成功: SZSE.300054 [鼎龙股份] SELL @ 72.51 (VR:0.35)
[2026-05-19 10:09:23]  [行11] 解析成功: SZSE.301171 [易点天下] BUY @ 49.39 (VR:2.52)
[2026-05-19 10:09:23]  [行12] 解析成功: SZSE.002455 [百川股份] SELL @ 9.64 (VR:0.77)
[2026-05-19 10:09:23]  [行13] 解析成功: SZSE.300207 [欣旺达] SELL @ 24.66 (VR:0.71)
[2026-05-19 10:09:23]  [行14] 解析成功: SZSE.300677 [英科医疗] SELL @ 50.86 (VR:1.04)
[2026-05-19 10:09:23]  [行15] 解析成功: SZSE.300274 [阳光电源] SELL @ 155.28 (VR:0.16)
[2026-05-19 10:09:23]  [行16] 解析成功: SZSE.002506 [协鑫集成] SELL @ 4.33 (VR:0.07)
[2026-05-19 10:09:23]  [行17] 解析成功: SZSE.300285 [国瓷材料] SELL @ 40.91 (VR:0.98)
[2026-05-19 10:09:23]  [行18] 解析成功: SZSE.300643 [万通智控] SELL @ 18.72 (VR:0.15)
[2026-05-19 10:09:23]  [行19] 解析成功: SZSE.300449 [汉邦高科] SELL @ 9.52 (VR:1.87)
[2026-05-19 10:09:23]  [行20] 解析成功: SZSE.300390 [天华超净] SELL @ 88.19 (VR:1.1)
[2026-05-19 10:09:23]  [行21] 解析成功: SZSE.300953 [震裕科技] BUY @ 241.88 (VR:0.19)
[2026-05-19 10:09:23]  [行22] 解析成功: SZSE.300054 [鼎龙股份] SELL @ 71.95 (VR:0.32)
[2026-05-19 10:09:23] 成功保存 22 条因子至: signal_batch_20260519_100923_275273.txt
[2026-05-19 10:09:23]  QQ-备用 邮件 926 处理完成
[2026-05-19 10:09:23]  QQ-备用 本轮共成功处理 1 封有效信号邮件
[2026-05-19 10:09:58]  正在连接 QQ-主 邮箱服务器 (497720537@qq.com) ...
[2026-05-19 10:10:00]  正在连接 QQ-备用 邮箱服务器 (shouqianbadavid@qq.com) ...
[2026-05-19 10:10:35]  正在连接 QQ-主 邮箱服务器 (497720537@qq.com) ...
[2026-05-19 10:10:36]  正在连接 QQ-备用 邮箱服务器 (shouqianbadavid@qq.com) ...
[2026-05-19 10:11:12]  正在连接 QQ-主 邮箱服务器 (497720537@qq.com) ...
[2026-05-19 10:11:12]  正在连接 QQ-备用 邮箱服务器 (shouqianbadavid@qq.com) ...
[2026-05-19 10:11:48]  正在连接 QQ-主 邮箱服务器 (497720537@qq.com) ...
[2026-05-19 10:11:49]  正在连接 QQ-备用 邮箱服务器 (shouqianbadavid@qq.com) ...
[2026-05-19 10:12:24]  正在连接 QQ-主 邮箱服务器 (497720537@qq.com) ...
[2026-05-19 10:12:25]  正在连接 QQ-备用 邮箱服务器 (shouqianbadavid@qq.com) ...
[2026-05-19 10:13:01]  正在连接 QQ-主 邮箱服务器 (497720537@qq.com) ...
[2026-05-19 10:13:02]  正在连接 QQ-备用 邮箱服务器 (shouqianbadavid@qq.com) ...
[2026-05-19 10:13:37]  正在连接 QQ-主 邮箱服务器 (497720537@qq.com) ...
[2026-05-19 10:13:38]  正在连接 QQ-备用 邮箱服务器 (shouqianbadavid@qq.com) ...
[2026-05-19 10:14:13]  正在连接 QQ-主 邮箱服务器 (497720537@qq.com) ...
[2026-05-19 10:14:14]  正在连接 QQ-备用 邮箱服务器 (shouqianbadavid@qq.com) ...
[2026-05-19 10:14:50]  正在连接 QQ-主 邮箱服务器 (497720537@qq.com) ...
[2026-05-19 10:14:51]  正在连接 QQ-备用 邮箱服务器 (shouqianbadavid@qq.com) ...
[2026-05-19 10:15:26]  正在连接 QQ-主 邮箱服务器 (497720537@qq.com) ...
[2026-05-19 10:15:27]  正在连接 QQ-备用 邮箱服务器 (shouqianbadavid@qq.com) ...
[2026-05-19 10:16:03]  正在连接 QQ-主 邮箱服务器 (497720537@qq.com) ...
[2026-05-19 10:16:04]  正在连接 QQ-备用 邮箱服务器 (shouqianbadavid@qq.com) ...
[2026-05-19 10:16:40]  正在连接 QQ-主 邮箱服务器 (497720537@qq.com) ...
[2026-05-19 10:16:40]  正在连接 QQ-备用 邮箱服务器 (shouqianbadavid@qq.com) ...
[2026-05-19 10:17:16]  正在连接 QQ-主 邮箱服务器 (497720537@qq.com) ...
[2026-05-19 10:17:17]  正在连接 QQ-备用 邮箱服务器 (shouqianbadavid@qq.com) ...
[2026-05-19 10:17:53]  正在连接 QQ-主 邮箱服务器 (497720537@qq.com) ...
[2026-05-19 10:17:53]  正在连接 QQ-备用 邮箱服务器 (shouqianbadavid@qq.com) ...
[2026-05-19 10:18:29]  正在连接 QQ-主 邮箱服务器 (497720537@qq.com) ...
[2026-05-19 10:18:30]  QQ-主 正在解析因子: =?utf-8?b?QWxwaGFQaWxvdCDlrp7ml7bkv6Hlj7cgKGFscGhhX3NpZ25hbF90aHJfMjAyNjA1MTlfMTAxOC5qc29uKSBb5Li7UVEt5a+55aSWXQ==?=
[2026-05-19 10:18:30]  发现表格，共 13 行数据
[2026-05-19 10:18:30]  动态索引映射: ['股票代码', '股票名称', '信号', '当前价格', '量比', '来源过滤']
[2026-05-19 10:18:30]  [行1] 解析成功: SZSE.300722 [新余国科] SELL @ 26.41 (VR:0.0)
[2026-05-19 10:18:30]  [行2] 解析成功: SZSE.300468 [四方精创] SELL @ 27.39 (VR:0.14)
[2026-05-19 10:18:30]  [行3] 解析成功: SHSE.603353 [和顺电气] SELL @ 47.1 (VR:0.85)
[2026-05-19 10:18:30]  [行4] 解析成功: SZSE.300243 [瑞丰光电] SELL @ 18.69 (VR:0.07)
[2026-05-19 10:18:30]  [行5] 解析成功: SZSE.301220 [亚香股份] BUY @ 41.61 (VR:1.29)
[2026-05-19 10:18:30]  [行6] 解析成功: SZSE.300672 [国科微] SELL @ 235.06 (VR:0.44)
[2026-05-19 10:18:30]  [行7] 解析成功: SZSE.300722 [新余国科] SELL @ 26.36 (VR:0.02)
[2026-05-19 10:18:30]  [行8] 解析成功: SZSE.300259 [新天科技] SELL @ 6.32 (VR:0.67)
[2026-05-19 10:18:30]  [行9] 解析成功: SZSE.300468 [四方精创] SELL @ 27.38 (VR:0.24)
[2026-05-19 10:18:30]  [行10] 解析成功: SHSE.603538 [美诺华] SELL @ 51.08 (VR:0.68)
[2026-05-19 10:18:30]  [行11] 解析成功: SZSE.300243 [瑞丰光电] SELL @ 18.66 (VR:0.63)
[2026-05-19 10:18:30]  [行12] 解析成功: SZSE.002980 [华盛昌] SELL @ 104.0 (VR:0.66)
[2026-05-19 10:18:30]  [行13] 解析成功: SZSE.301220 [亚香股份] BUY @ 41.63 (VR:0.52)
[2026-05-19 10:18:30] 成功保存 13 条因子至: signal_batch_20260519_101830_179978.txt
[2026-05-19 10:18:30]  QQ-主 邮件 3628 处理完成
[2026-05-19 10:18:30]  QQ-主 本轮共成功处理 1 封有效信号邮件
[2026-05-19 10:18:30]  正在连接 QQ-备用 邮箱服务器 (shouqianbadavid@qq.com) ...
[2026-05-19 10:19:06]  正在连接 QQ-主 邮箱服务器 (497720537@qq.com) ...
[2026-05-19 10:19:07]  正在连接 QQ-备用 邮箱服务器 (shouqianbadavid@qq.com) ...
[2026-05-19 10:19:08]  QQ-备用 正在解析因子: =?utf-8?b?QWxwaGFQaWxvdCDlpIfku73kv6Hlj7cgKGFscGhhX3NpZ25hbF90aHJfMjAyNjA1MTlfMTAxOC5qc29uKSBb5aSHUVEt6Ieq5L+dXQ==?=
[2026-05-19 10:19:08]  发现表格，共 13 行数据
[2026-05-19 10:19:08]  动态索引映射: ['股票代码', '股票名称', '信号', '当前价格', '量比', '来源过滤']
[2026-05-19 10:19:08]  [行1] 解析成功: SZSE.300722 [新余国科] SELL @ 26.41 (VR:0.0)
[2026-05-19 10:19:08]  [行2] 解析成功: SZSE.300468 [四方精创] SELL @ 27.39 (VR:0.14)
[2026-05-19 10:19:08]  [行3] 解析成功: SHSE.603353 [和顺电气] SELL @ 47.1 (VR:0.85)
[2026-05-19 10:19:08]  [行4] 解析成功: SZSE.300243 [瑞丰光电] SELL @ 18.69 (VR:0.07)
[2026-05-19 10:19:08]  [行5] 解析成功: SZSE.301220 [亚香股份] BUY @ 41.61 (VR:1.29)
[2026-05-19 10:19:08]  [行6] 解析成功: SZSE.300672 [国科微] SELL @ 235.06 (VR:0.44)
[2026-05-19 10:19:08]  [行7] 解析成功: SZSE.300722 [新余国科] SELL @ 26.36 (VR:0.02)
[2026-05-19 10:19:08]  [行8] 解析成功: SZSE.300259 [新天科技] SELL @ 6.32 (VR:0.67)
[2026-05-19 10:19:08]  [行9] 解析成功: SZSE.300468 [四方精创] SELL @ 27.38 (VR:0.24)
[2026-05-19 10:19:08]  [行10] 解析成功: SHSE.603538 [美诺华] SELL @ 51.08 (VR:0.68)
[2026-05-19 10:19:08]  [行11] 解析成功: SZSE.300243 [瑞丰光电] SELL @ 18.66 (VR:0.63)
[2026-05-19 10:19:08]  [行12] 解析成功: SZSE.002980 [华盛昌] SELL @ 104.0 (VR:0.66)
[2026-05-19 10:19:08]  [行13] 解析成功: SZSE.301220 [亚香股份] BUY @ 41.63 (VR:0.52)
[2026-05-19 10:19:08] 成功保存 13 条因子至: signal_batch_20260519_101908_025283.txt
[2026-05-19 10:19:08]  QQ-备用 邮件 927 处理完成
[2026-05-19 10:19:08]  QQ-备用 本轮共成功处理 1 封有效信号邮件
[2026-05-19 10:19:43]  正在连接 QQ-主 邮箱服务器 (497720537@qq.com) ...
[2026-05-19 10:19:44]  正在连接 QQ-备用 邮箱服务器 (shouqianbadavid@qq.com) ...
[2026-05-19 10:20:20]  正在连接 QQ-主 邮箱服务器 (497720537@qq.com) ...
[2026-05-19 10:20:21]  正在连接 QQ-备用 邮箱服务器 (shouqianbadavid@qq.com) ...
[2026-05-19 10:20:57]  正在连接 QQ-主 邮箱服务器 (497720537@qq.com) ...
[2026-05-19 10:20:57]  正在连接 QQ-备用 邮箱服务器 (shouqianbadavid@qq.com) ...
[2026-05-19 10:21:33]  正在连接 QQ-主 邮箱服务器 (497720537@qq.com) ...
[2026-05-19 10:21:34]  正在连接 QQ-备用 邮箱服务器 (shouqianbadavid@qq.com) ...
[2026-05-19 10:22:09]  正在连接 QQ-主 邮箱服务器 (497720537@qq.com) ...
[2026-05-19 10:22:10]  正在连接 QQ-备用 邮箱服务器 (shouqianbadavid@qq.com) ...
[2026-05-19 10:22:46]  正在连接 QQ-主 邮箱服务器 (497720537@qq.com) ...
[2026-05-19 10:22:47]  正在连接 QQ-备用 邮箱服务器 (shouqianbadavid@qq.com) ...
[2026-05-19 10:23:23]  正在连接 QQ-主 邮箱服务器 (497720537@qq.com) ...
[2026-05-19 10:23:23]  正在连接 QQ-备用 邮箱服务器 (shouqianbadavid@qq.com) ...
[2026-05-19 10:23:59]  正在连接 QQ-主 邮箱服务器 (497720537@qq.com) ...
[2026-05-19 10:24:00]  正在连接 QQ-备用 邮箱服务器 (shouqianbadavid@qq.com) ...
[2026-05-19 10:24:35]  正在连接 QQ-主 邮箱服务器 (497720537@qq.com) ...
[2026-05-19 10:24:36]  正在连接 QQ-备用 邮箱服务器 (shouqianbadavid@qq.com) ...
[2026-05-19 10:25:12]  正在连接 QQ-主 邮箱服务器 (497720537@qq.com) ...
[2026-05-19 10:25:13]  正在连接 QQ-备用 邮箱服务器 (shouqianbadavid@qq.com) ...
[2026-05-19 10:25:49]  正在连接 QQ-主 邮箱服务器 (497720537@qq.com) ...
[2026-05-19 10:25:50]  正在连接 QQ-备用 邮箱服务器 (shouqianbadavid@qq.com) ...
[2026-05-19 10:26:25]  正在连接 QQ-主 邮箱服务器 (497720537@qq.com) ...
[2026-05-19 10:26:26]  正在连接 QQ-备用 邮箱服务器 (shouqianbadavid@qq.com) ...
[2026-05-19 10:27:02]  正在连接 QQ-主 邮箱服务器 (497720537@qq.com) ...
[2026-05-19 10:27:02]  正在连接 QQ-备用 邮箱服务器 (shouqianbadavid@qq.com) ...
[2026-05-19 10:27:38]  正在连接 QQ-主 邮箱服务器 (497720537@qq.com) ...
[2026-05-19 10:27:39]  正在连接 QQ-备用 邮箱服务器 (shouqianbadavid@qq.com) ...
[2026-05-19 10:28:15]  正在连接 QQ-主 邮箱服务器 (497720537@qq.com) ...
[2026-05-19 10:28:15]  正在连接 QQ-备用 邮箱服务器 (shouqianbadavid@qq.com) ...
[2026-05-19 10:28:51]  正在连接 QQ-主 邮箱服务器 (497720537@qq.com) ...
[2026-05-19 10:28:52]  正在连接 QQ-备用 邮箱服务器 (shouqianbadavid@qq.com) ...
[2026-05-19 10:29:27]  正在连接 QQ-主 邮箱服务器 (497720537@qq.com) ...
[2026-05-19 10:29:28]  正在连接 QQ-备用 邮箱服务器 (shouqianbadavid@qq.com) ...
[2026-05-19 10:30:04]  正在连接 QQ-主 邮箱服务器 (497720537@qq.com) ...
[2026-05-19 10:30:05]  QQ-主 正在解析因子: =?utf-8?b?QWxwaGFQaWxvdCDlrp7ml7bkv6Hlj7cgKGFscGhhX3NpZ25hbF90aHJfMjAyNjA1MTlfMTAyOS5qc29uKSBb5Li7UVEt5a+55aSWXQ==?=
[2026-05-19 10:30:05]  发现表格，共 16 行数据
[2026-05-19 10:30:05]  动态索引映射: ['股票代码', '股票名称', '信号', '当前价格', '量比', '来源过滤']
[2026-05-19 10:30:05]  [行1] 解析成功: SZSE.300285 [国瓷材料] BUY @ 40.37 (VR:4.69)
[2026-05-19 10:30:05]  [行2] 解析成功: SZSE.002015 [协鑫能科] BUY @ 22.06 (VR:0.42)
[2026-05-19 10:30:05]  [行3] 解析成功: SZSE.000912 [泸天化] SELL @ 4.14 (VR:0.21)
[2026-05-19 10:30:05]  [行4] 解析成功: SHSE.600722 [金牛化工] SELL @ 12.08 (VR:0.02)
[2026-05-19 10:30:05]  [行5] 解析成功: SHSE.600726 [华电能源] BUY @ 7.03 (VR:0.34)
[2026-05-19 10:30:05]  [行6] 解析成功: SZSE.300866 [安克创新] BUY @ 129.88 (VR:1.27)
[2026-05-19 10:30:05]  [行7] 解析成功: SZSE.300285 [国瓷材料] BUY @ 40.45 (VR:0.77)
[2026-05-19 10:30:05]  [行8] 解析成功: SZSE.002015 [协鑫能科] BUY @ 22.15 (VR:0.0)
[2026-05-19 10:30:05]  [行9] 解析成功: SZSE.301226 [祥明智能] SELL @ 40.45 (VR:1.08)
[2026-05-19 10:30:05]  [行10] 解析成功: SZSE.301667 [纳百川] BUY @ 100.77 (VR:2.55)
[2026-05-19 10:30:05]  [行11] 解析成功: SHSE.601868 [中国能建] SELL @ 3.14 (VR:0.84)
[2026-05-19 10:30:05]  [行12] 解析成功: SHSE.600722 [金牛化工] SELL @ 12.04 (VR:0.26)
[2026-05-19 10:30:05]  [行13] 解析成功: SHSE.600726 [华电能源] BUY @ 7.04 (VR:0.1)
[2026-05-19 10:30:05]  [行14] 解析成功: SZSE.300866 [安克创新] BUY @ 130.07 (VR:0.61)
[2026-05-19 10:30:05]  [行15] 解析成功: SZSE.300813 [泰林生物] SELL @ 24.4 (VR:1.88)
[2026-05-19 10:30:05]  [行16] 解析成功: SZSE.301281 [利源制药] BUY @ 37.77 (VR:1.09)
[2026-05-19 10:30:05] 成功保存 16 条因子至: signal_batch_20260519_103005_263350.txt
[2026-05-19 10:30:05]  QQ-主 邮件 3629 处理完成
[2026-05-19 10:30:05]  QQ-主 本轮共成功处理 1 封有效信号邮件
[2026-05-19 10:30:05]  正在连接 QQ-备用 邮箱服务器 (shouqianbadavid@qq.com) ...
[2026-05-19 10:30:07]  QQ-备用 正在解析因子: =?utf-8?b?QWxwaGFQaWxvdCDlpIfku73kv6Hlj7cgKGFscGhhX3NpZ25hbF90aHJfMjAyNjA1MTlfMTAyOS5qc29uKSBb5aSHUVEt6Ieq5L+dXQ==?=
[2026-05-19 10:30:07]  发现表格，共 16 行数据
[2026-05-19 10:30:07]  动态索引映射: ['股票代码', '股票名称', '信号', '当前价格', '量比', '来源过滤']
[2026-05-19 10:30:07]  [行1] 解析成功: SZSE.300285 [国瓷材料] BUY @ 40.37 (VR:4.69)
[2026-05-19 10:30:07]  [行2] 解析成功: SZSE.002015 [协鑫能科] BUY @ 22.06 (VR:0.42)
[2026-05-19 10:30:07]  [行3] 解析成功: SZSE.000912 [泸天化] SELL @ 4.14 (VR:0.21)
[2026-05-19 10:30:07]  [行4] 解析成功: SHSE.600722 [金牛化工] SELL @ 12.08 (VR:0.02)
[2026-05-19 10:30:07]  [行5] 解析成功: SHSE.600726 [华电能源] BUY @ 7.03 (VR:0.34)
[2026-05-19 10:30:07]  [行6] 解析成功: SZSE.300866 [安克创新] BUY @ 129.88 (VR:1.27)
[2026-05-19 10:30:07]  [行7] 解析成功: SZSE.300285 [国瓷材料] BUY @ 40.45 (VR:0.77)
[2026-05-19 10:30:07]  [行8] 解析成功: SZSE.002015 [协鑫能科] BUY @ 22.15 (VR:0.0)
[2026-05-19 10:30:07]  [行9] 解析成功: SZSE.301226 [祥明智能] SELL @ 40.45 (VR:1.08)
[2026-05-19 10:30:07]  [行10] 解析成功: SZSE.301667 [纳百川] BUY @ 100.77 (VR:2.55)
[2026-05-19 10:30:07]  [行11] 解析成功: SHSE.601868 [中国能建] SELL @ 3.14 (VR:0.84)
[2026-05-19 10:30:07]  [行12] 解析成功: SHSE.600722 [金牛化工] SELL @ 12.04 (VR:0.26)
[2026-05-19 10:30:07]  [行13] 解析成功: SHSE.600726 [华电能源] BUY @ 7.04 (VR:0.1)
[2026-05-19 10:30:07]  [行14] 解析成功: SZSE.300866 [安克创新] BUY @ 130.07 (VR:0.61)
[2026-05-19 10:30:07]  [行15] 解析成功: SZSE.300813 [泰林生物] SELL @ 24.4 (VR:1.88)
[2026-05-19 10:30:07]  [行16] 解析成功: SZSE.301281 [利源制药] BUY @ 37.77 (VR:1.09)
[2026-05-19 10:30:07] 成功保存 16 条因子至: signal_batch_20260519_103007_106064.txt
[2026-05-19 10:30:07]  QQ-备用 邮件 928 处理完成
[2026-05-19 10:30:07]  QQ-备用 本轮共成功处理 1 封有效信号邮件
[2026-05-19 10:30:42]  正在连接 QQ-主 邮箱服务器 (497720537@qq.com) ...
[2026-05-19 10:30:43]  正在连接 QQ-备用 邮箱服务器 (shouqianbadavid@qq.com) ...
[2026-05-19 10:31:18]  正在连接 QQ-主 邮箱服务器 (497720537@qq.com) ...
[2026-05-19 10:31:19]  正在连接 QQ-备用 邮箱服务器 (shouqianbadavid@qq.com) ...
[2026-05-19 10:31:55]  正在连接 QQ-主 邮箱服务器 (497720537@qq.com) ...
[2026-05-19 10:31:56]  正在连接 QQ-备用 邮箱服务器 (shouqianbadavid@qq.com) ...
[2026-05-19 10:32:32]  正在连接 QQ-主 邮箱服务器 (497720537@qq.com) ...
[2026-05-19 10:32:32]  正在连接 QQ-备用 邮箱服务器 (shouqianbadavid@qq.com) ...
[2026-05-19 10:33:08]  正在连接 QQ-主 邮箱服务器 (497720537@qq.com) ...
[2026-05-19 10:33:08]  正在连接 QQ-备用 邮箱服务器 (shouqianbadavid@qq.com) ...
[2026-05-19 10:33:44]  正在连接 QQ-主 邮箱服务器 (497720537@qq.com) ...
[2026-05-19 10:33:45]  正在连接 QQ-备用 邮箱服务器 (shouqianbadavid@qq.com) ...
[2026-05-19 10:34:20]  正在连接 QQ-主 邮箱服务器 (497720537@qq.com) ...
[2026-05-19 10:34:21]  正在连接 QQ-备用 邮箱服务器 (shouqianbadavid@qq.com) ...
[2026-05-19 10:34:57]  正在连接 QQ-主 邮箱服务器 (497720537@qq.com) ...
[2026-05-19 10:34:57]  正在连接 QQ-备用 邮箱服务器 (shouqianbadavid@qq.com) ...
[2026-05-19 10:35:33]  正在连接 QQ-主 邮箱服务器 (497720537@qq.com) ...
[2026-05-19 10:35:33]  正在连接 QQ-备用 邮箱服务器 (shouqianbadavid@qq.com) ...
[2026-05-19 10:36:09]  正在连接 QQ-主 邮箱服务器 (497720537@qq.com) ...
[2026-05-19 10:36:10]  正在连接 QQ-备用 邮箱服务器 (shouqianbadavid@qq.com) ...
[2026-05-19 10:36:46]  正在连接 QQ-主 邮箱服务器 (497720537@qq.com) ...
[2026-05-19 10:36:47]  正在连接 QQ-备用 邮箱服务器 (shouqianbadavid@qq.com) ...
[2026-05-19 10:37:22]  正在连接 QQ-主 邮箱服务器 (497720537@qq.com) ...
[2026-05-19 10:37:23]  正在连接 QQ-备用 邮箱服务器 (shouqianbadavid@qq.com) ...
[2026-05-19 10:37:59]  正在连接 QQ-主 邮箱服务器 (497720537@qq.com) ...
[2026-05-19 10:37:59]  正在连接 QQ-备用 邮箱服务器 (shouqianbadavid@qq.com) ...
[2026-05-19 10:38:36]  正在连接 QQ-主 邮箱服务器 (497720537@qq.com) ...
[2026-05-19 10:38:36]  正在连接 QQ-备用 邮箱服务器 (shouqianbadavid@qq.com) ...
[2026-05-19 10:39:12]  正在连接 QQ-主 邮箱服务器 (497720537@qq.com) ...
[2026-05-19 10:39:13]  正在连接 QQ-备用 邮箱服务器 (shouqianbadavid@qq.com) ...
[2026-05-19 10:39:48]  正在连接 QQ-主 邮箱服务器 (497720537@qq.com) ...
[2026-05-19 10:39:49]  QQ-主 正在解析因子: =?utf-8?b?QWxwaGFQaWxvdCDlrp7ml7bkv6Hlj7cgKGFscGhhX3NpZ25hbF90aHJfMjAyNjA1MTlfMTAzOS5qc29uKSBb5Li7UVEt5a+55aSWXQ==?=
[2026-05-19 10:39:49]  发现表格，共 16 行数据
[2026-05-19 10:39:49]  动态索引映射: ['股票代码', '股票名称', '信号', '当前价格', '量比', '来源过滤']
[2026-05-19 10:39:49]  [行1] 解析成功: SZSE.002460 [赣锋锂业] BUY @ 74.91 (VR:0.13)
[2026-05-19 10:39:49]  [行2] 解析成功: SZSE.002498 [汉缆股份] BUY @ 9.61 (VR:0.27)
[2026-05-19 10:39:49]  [行3] 解析成功: SZSE.002364 [中恒电器] BUY @ 48.5 (VR:0.87)
[2026-05-19 10:39:49]  [行4] 解析成功: SZSE.002925 [盈趣科技] BUY @ 20.59 (VR:0.97)
[2026-05-19 10:39:49]  [行5] 解析成功: SZSE.001309 [德利明] BUY @ 689.45 (VR:0.45)
[2026-05-19 10:39:49]  [行6] 解析成功: SHSE.688617 [惠泰医疗] SELL @ 224.59 (VR:1.11)
[2026-05-19 10:39:49]  [行7] 解析成功: SHSE.688331 [荣昌生物] SELL @ 111.82 (VR:1.44)
[2026-05-19 10:39:49]  [行8] 解析成功: SHSE.688617 [惠泰医疗] SELL @ 224.69 (VR:0.09)
[2026-05-19 10:39:49]  [行9] 解析成功: SZSE.002460 [赣锋锂业] BUY @ 75.16 (VR:0.48)
[2026-05-19 10:39:49]  [行10] 解析成功: SZSE.002498 [汉缆股份] BUY @ 9.65 (VR:0.16)
[2026-05-19 10:39:49]  [行11] 解析成功: SZSE.002364 [中恒电器] BUY @ 48.66 (VR:0.16)
[2026-05-19 10:39:49]  [行12] 解析成功: SZSE.002925 [盈趣科技] BUY @ 20.64 (VR:0.68)
[2026-05-19 10:39:49]  [行13] 解析成功: SZSE.001309 [德利明] BUY @ 694.39 (VR:0.24)
[2026-05-19 10:39:49]  [行14] 解析成功: SHSE.688617 [惠泰医疗] SELL @ 226.0 (VR:2.39)
[2026-05-19 10:39:49]  [行15] 解析成功: SHSE.688331 [荣昌生物] SELL @ 111.71 (VR:1.29)
[2026-05-19 10:39:49]  [行16] 解析成功: SHSE.688617 [惠泰医疗] SELL @ 225.36 (VR:3.42)
[2026-05-19 10:39:49] 成功保存 16 条因子至: signal_batch_20260519_103949_667438.txt
[2026-05-19 10:39:50]  QQ-主 邮件 3630 处理完成
[2026-05-19 10:39:50]  QQ-主 本轮共成功处理 1 封有效信号邮件
[2026-05-19 10:39:50]  正在连接 QQ-备用 邮箱服务器 (shouqianbadavid@qq.com) ...
[2026-05-19 10:39:51]  QQ-备用 正在解析因子: =?utf-8?b?QWxwaGFQaWxvdCDlpIfku73kv6Hlj7cgKGFscGhhX3NpZ25hbF90aHJfMjAyNjA1MTlfMTAzOS5qc29uKSBb5aSHUVEt6Ieq5L+dXQ==?=
[2026-05-19 10:39:51]  发现表格，共 16 行数据
[2026-05-19 10:39:51]  动态索引映射: ['股票代码', '股票名称', '信号', '当前价格', '量比', '来源过滤']
[2026-05-19 10:39:51]  [行1] 解析成功: SZSE.002460 [赣锋锂业] BUY @ 74.91 (VR:0.13)
[2026-05-19 10:39:51]  [行2] 解析成功: SZSE.002498 [汉缆股份] BUY @ 9.61 (VR:0.27)
[2026-05-19 10:39:51]  [行3] 解析成功: SZSE.002364 [中恒电器] BUY @ 48.5 (VR:0.87)
[2026-05-19 10:39:51]  [行4] 解析成功: SZSE.002925 [盈趣科技] BUY @ 20.59 (VR:0.97)
[2026-05-19 10:39:51]  [行5] 解析成功: SZSE.001309 [德利明] BUY @ 689.45 (VR:0.45)
[2026-05-19 10:39:51]  [行6] 解析成功: SHSE.688617 [惠泰医疗] SELL @ 224.59 (VR:1.11)
[2026-05-19 10:39:51]  [行7] 解析成功: SHSE.688331 [荣昌生物] SELL @ 111.82 (VR:1.44)
[2026-05-19 10:39:51]  [行8] 解析成功: SHSE.688617 [惠泰医疗] SELL @ 224.69 (VR:0.09)
[2026-05-19 10:39:51]  [行9] 解析成功: SZSE.002460 [赣锋锂业] BUY @ 75.16 (VR:0.48)
[2026-05-19 10:39:51]  [行10] 解析成功: SZSE.002498 [汉缆股份] BUY @ 9.65 (VR:0.16)
[2026-05-19 10:39:51]  [行11] 解析成功: SZSE.002364 [中恒电器] BUY @ 48.66 (VR:0.16)
[2026-05-19 10:39:51]  [行12] 解析成功: SZSE.002925 [盈趣科技] BUY @ 20.64 (VR:0.68)
[2026-05-19 10:39:51]  [行13] 解析成功: SZSE.001309 [德利明] BUY @ 694.39 (VR:0.24)
[2026-05-19 10:39:51]  [行14] 解析成功: SHSE.688617 [惠泰医疗] SELL @ 226.0 (VR:2.39)
[2026-05-19 10:39:51]  [行15] 解析成功: SHSE.688331 [荣昌生物] SELL @ 111.71 (VR:1.29)
[2026-05-19 10:39:51]  [行16] 解析成功: SHSE.688617 [惠泰医疗] SELL @ 225.36 (VR:3.42)
[2026-05-19 10:39:51] 成功保存 16 条因子至: signal_batch_20260519_103951_295744.txt
[2026-05-19 10:39:51]  QQ-备用 邮件 929 处理完成
[2026-05-19 10:39:51]  QQ-备用 本轮共成功处理 1 封有效信号邮件
[2026-05-19 10:40:27]  正在连接 QQ-主 邮箱服务器 (497720537@qq.com) ...
[2026-05-19 10:40:28]  正在连接 QQ-备用 邮箱服务器 (shouqianbadavid@qq.com) ...
[2026-05-19 10:41:03]  正在连接 QQ-主 邮箱服务器 (497720537@qq.com) ...
[2026-05-19 10:41:04]  正在连接 QQ-备用 邮箱服务器 (shouqianbadavid@qq.com) ...
[2026-05-19 10:41:40]  正在连接 QQ-主 邮箱服务器 (497720537@qq.com) ...
[2026-05-19 10:41:42]  正在连接 QQ-备用 邮箱服务器 (shouqianbadavid@qq.com) ...
[2026-05-19 10:42:17]  正在连接 QQ-主 邮箱服务器 (497720537@qq.com) ...
[2026-05-19 10:42:18]  正在连接 QQ-备用 邮箱服务器 (shouqianbadavid@qq.com) ...
[2026-05-19 10:42:54]  正在连接 QQ-主 邮箱服务器 (497720537@qq.com) ...
[2026-05-19 10:42:55]  正在连接 QQ-备用 邮箱服务器 (shouqianbadavid@qq.com) ...
[2026-05-19 10:43:30]  正在连接 QQ-主 邮箱服务器 (497720537@qq.com) ...
[2026-05-19 10:43:31]  正在连接 QQ-备用 邮箱服务器 (shouqianbadavid@qq.com) ...
[2026-05-19 10:44:07]  正在连接 QQ-主 邮箱服务器 (497720537@qq.com) ...
[2026-05-19 10:44:07]  正在连接 QQ-备用 邮箱服务器 (shouqianbadavid@qq.com) ...
[2026-05-19 10:44:43]  正在连接 QQ-主 邮箱服务器 (497720537@qq.com) ...
[2026-05-19 10:44:44]  正在连接 QQ-备用 邮箱服务器 (shouqianbadavid@qq.com) ...
[2026-05-19 10:45:19]  正在连接 QQ-主 邮箱服务器 (497720537@qq.com) ...
[2026-05-19 10:45:20]  正在连接 QQ-备用 邮箱服务器 (shouqianbadavid@qq.com) ...
[2026-05-19 10:45:56]  正在连接 QQ-主 邮箱服务器 (497720537@qq.com) ...
[2026-05-19 10:45:56]  正在连接 QQ-备用 邮箱服务器 (shouqianbadavid@qq.com) ...
[2026-05-19 10:46:32]  正在连接 QQ-主 邮箱服务器 (497720537@qq.com) ...
[2026-05-19 10:46:32]  正在连接 QQ-备用 邮箱服务器 (shouqianbadavid@qq.com) ...
[2026-05-19 10:47:08]  正在连接 QQ-主 邮箱服务器 (497720537@qq.com) ...
[2026-05-19 10:47:09]  正在连接 QQ-备用 邮箱服务器 (shouqianbadavid@qq.com) ...
[2026-05-19 10:47:45]  正在连接 QQ-主 邮箱服务器 (497720537@qq.com) ...
[2026-05-19 10:47:45]  正在连接 QQ-备用 邮箱服务器 (shouqianbadavid@qq.com) ...
[2026-05-19 10:48:21]  正在连接 QQ-主 邮箱服务器 (497720537@qq.com) ...
[2026-05-19 10:48:22]  QQ-主 正在解析因子: =?utf-8?b?QWxwaGFQaWxvdCDlrp7ml7bkv6Hlj7cgKGFscGhhX3NpZ25hbF90aHJfMjAyNjA1MTlfMTA0Ny5qc29uKSBb5Li7UVEt5a+55aSWXQ==?=
[2026-05-19 10:48:22]  发现表格，共 18 行数据
[2026-05-19 10:48:22]  动态索引映射: ['股票代码', '股票名称', '信号', '当前价格', '量比', '来源过滤']
[2026-05-19 10:48:22]  [行1] 解析成功: SZSE.003035 [南网能源] SELL @ 7.52 (VR:0.03)
[2026-05-19 10:48:22]  [行2] 解析成功: SZSE.002202 [金风科技] BUY @ 25.24 (VR:0.34)
[2026-05-19 10:48:22]  [行3] 解析成功: SZSE.300207 [欣旺达] BUY @ 24.57 (VR:0.81)
[2026-05-19 10:48:22]  [行4] 解析成功: SZSE.300677 [英科医疗] SELL @ 50.32 (VR:0.18)
[2026-05-19 10:48:22]  [行5] 解析成功: SZSE.002506 [协鑫集成] BUY @ 4.27 (VR:0.13)
[2026-05-19 10:48:22]  [行6] 解析成功: SZSE.300285 [国瓷材料] BUY @ 40.99 (VR:0.85)
[2026-05-19 10:48:22]  [行7] 解析成功: SZSE.301071 [力量钻石] BUY @ 57.15 (VR:0.17)
[2026-05-19 10:48:22]  [行8] 解析成功: SZSE.300449 [汉邦高科] BUY @ 9.39 (VR:0.91)
[2026-05-19 10:48:22]  [行9] 解析成功: SZSE.300868 [杰美特] SELL @ 90.23 (VR:0.45)
[2026-05-19 10:48:22]  [行10] 解析成功: SZSE.003035 [南网能源] SELL @ 7.5 (VR:0.35)
[2026-05-19 10:48:22]  [行11] 解析成功: SZSE.002202 [金风科技] BUY @ 25.29 (VR:0.08)
[2026-05-19 10:48:22]  [行12] 解析成功: SZSE.300207 [欣旺达] BUY @ 24.64 (VR:0.35)
[2026-05-19 10:48:22]  [行13] 解析成功: SZSE.300677 [英科医疗] SELL @ 49.95 (VR:1.93)
[2026-05-19 10:48:22]  [行14] 解析成功: SZSE.002506 [协鑫集成] BUY @ 4.28 (VR:0.01)
[2026-05-19 10:48:22]  [行15] 解析成功: SZSE.300285 [国瓷材料] BUY @ 41.13 (VR:0.61)
[2026-05-19 10:48:22]  [行16] 解析成功: SZSE.301071 [力量钻石] BUY @ 57.27 (VR:0.15)
[2026-05-19 10:48:22]  [行17] 解析成功: SZSE.300449 [汉邦高科] BUY @ 9.4 (VR:0.24)
[2026-05-19 10:48:22]  [行18] 解析成功: SZSE.300868 [杰美特] SELL @ 90.17 (VR:0.08)
[2026-05-19 10:48:22] 成功保存 18 条因子至: signal_batch_20260519_104822_280473.txt
[2026-05-19 10:48:22]  QQ-主 邮件 3631 处理完成
[2026-05-19 10:48:22]  QQ-主 本轮共成功处理 1 封有效信号邮件
[2026-05-19 10:48:22]  正在连接 QQ-备用 邮箱服务器 (shouqianbadavid@qq.com) ...
[2026-05-19 10:48:23]  QQ-备用 正在解析因子: =?utf-8?b?QWxwaGFQaWxvdCDlpIfku73kv6Hlj7cgKGFscGhhX3NpZ25hbF90aHJfMjAyNjA1MTlfMTA0Ny5qc29uKSBb5aSHUVEt6Ieq5L+dXQ==?=
[2026-05-19 10:48:23]  发现表格，共 18 行数据
[2026-05-19 10:48:23]  动态索引映射: ['股票代码', '股票名称', '信号', '当前价格', '量比', '来源过滤']
[2026-05-19 10:48:23]  [行1] 解析成功: SZSE.003035 [南网能源] SELL @ 7.52 (VR:0.03)
[2026-05-19 10:48:23]  [行2] 解析成功: SZSE.002202 [金风科技] BUY @ 25.24 (VR:0.34)
[2026-05-19 10:48:23]  [行3] 解析成功: SZSE.300207 [欣旺达] BUY @ 24.57 (VR:0.81)
[2026-05-19 10:48:23]  [行4] 解析成功: SZSE.300677 [英科医疗] SELL @ 50.32 (VR:0.18)
[2026-05-19 10:48:23]  [行5] 解析成功: SZSE.002506 [协鑫集成] BUY @ 4.27 (VR:0.13)
[2026-05-19 10:48:23]  [行6] 解析成功: SZSE.300285 [国瓷材料] BUY @ 40.99 (VR:0.85)
[2026-05-19 10:48:23]  [行7] 解析成功: SZSE.301071 [力量钻石] BUY @ 57.15 (VR:0.17)
[2026-05-19 10:48:23]  [行8] 解析成功: SZSE.300449 [汉邦高科] BUY @ 9.39 (VR:0.91)
[2026-05-19 10:48:23]  [行9] 解析成功: SZSE.300868 [杰美特] SELL @ 90.23 (VR:0.45)
[2026-05-19 10:48:23]  [行10] 解析成功: SZSE.003035 [南网能源] SELL @ 7.5 (VR:0.35)
[2026-05-19 10:48:23]  [行11] 解析成功: SZSE.002202 [金风科技] BUY @ 25.29 (VR:0.08)
[2026-05-19 10:48:23]  [行12] 解析成功: SZSE.300207 [欣旺达] BUY @ 24.64 (VR:0.35)
[2026-05-19 10:48:23]  [行13] 解析成功: SZSE.300677 [英科医疗] SELL @ 49.95 (VR:1.93)
[2026-05-19 10:48:23]  [行14] 解析成功: SZSE.002506 [协鑫集成] BUY @ 4.28 (VR:0.01)
[2026-05-19 10:48:23]  [行15] 解析成功: SZSE.300285 [国瓷材料] BUY @ 41.13 (VR:0.61)
[2026-05-19 10:48:23]  [行16] 解析成功: SZSE.301071 [力量钻石] BUY @ 57.27 (VR:0.15)
[2026-05-19 10:48:23]  [行17] 解析成功: SZSE.300449 [汉邦高科] BUY @ 9.4 (VR:0.24)
[2026-05-19 10:48:23]  [行18] 解析成功: SZSE.300868 [杰美特] SELL @ 90.17 (VR:0.08)
[2026-05-19 10:48:23] 成功保存 18 条因子至: signal_batch_20260519_104823_580265.txt
[2026-05-19 10:48:23]  QQ-备用 邮件 930 处理完成
[2026-05-19 10:48:23]  QQ-备用 本轮共成功处理 1 封有效信号邮件
[2026-05-19 10:48:58]  正在连接 QQ-主 邮箱服务器 (497720537@qq.com) ...
[2026-05-19 10:49:00]  正在连接 QQ-备用 邮箱服务器 (shouqianbadavid@qq.com) ...
[2026-05-19 10:49:35]  正在连接 QQ-主 邮箱服务器 (497720537@qq.com) ...
[2026-05-19 10:49:36]  正在连接 QQ-备用 邮箱服务器 (shouqianbadavid@qq.com) ...
[2026-05-19 10:50:12]  正在连接 QQ-主 邮箱服务器 (497720537@qq.com) ...
[2026-05-19 10:50:12]  正在连接 QQ-备用 邮箱服务器 (shouqianbadavid@qq.com) ...
[2026-05-19 10:50:48]  正在连接 QQ-主 邮箱服务器 (497720537@qq.com) ...
[2026-05-19 10:50:50]  正在连接 QQ-备用 邮箱服务器 (shouqianbadavid@qq.com) ...
[2026-05-19 10:51:25]  正在连接 QQ-主 邮箱服务器 (497720537@qq.com) ...
[2026-05-19 10:51:26]  正在连接 QQ-备用 邮箱服务器 (shouqianbadavid@qq.com) ...
[2026-05-19 10:52:02]  正在连接 QQ-主 邮箱服务器 (497720537@qq.com) ...
[2026-05-19 10:52:02]  正在连接 QQ-备用 邮箱服务器 (shouqianbadavid@qq.com) ...
[2026-05-19 10:52:38]  正在连接 QQ-主 邮箱服务器 (497720537@qq.com) ...
[2026-05-19 10:52:39]  正在连接 QQ-备用 邮箱服务器 (shouqianbadavid@qq.com) ...
[2026-05-19 10:53:15]  正在连接 QQ-主 邮箱服务器 (497720537@qq.com) ...
[2026-05-19 10:53:15]  正在连接 QQ-备用 邮箱服务器 (shouqianbadavid@qq.com) ...
[2026-05-19 10:53:51]  正在连接 QQ-主 邮箱服务器 (497720537@qq.com) ...
[2026-05-19 10:53:52]  正在连接 QQ-备用 邮箱服务器 (shouqianbadavid@qq.com) ...
[2026-05-19 10:54:28]  正在连接 QQ-主 邮箱服务器 (497720537@qq.com) ...
[2026-05-19 10:54:29]  QQ-主 正在解析因子: =?utf-8?b?QWxwaGFQaWxvdCDlrp7ml7bkv6Hlj7cgKGFscGhhX3NpZ25hbF90aHJfMjAyNjA1MTlfMTA1NC5qc29uKSBb5Li7UVEt5a+55aSWXQ==?=
[2026-05-19 10:54:29]  发现表格，共 12 行数据
[2026-05-19 10:54:29]  动态索引映射: ['股票代码', '股票名称', '信号', '当前价格', '量比', '来源过滤']
[2026-05-19 10:54:29]  [行1] 解析成功: SZSE.300259 [新天科技] BUY @ 6.3 (VR:3.66)
[2026-05-19 10:54:29]  [行2] 解析成功: SZSE.301018 [申菱环境] BUY @ 143.4 (VR:0.65)
[2026-05-19 10:54:29]  [行3] 解析成功: SZSE.300641 [正丹股份] SELL @ 15.97 (VR:1.65)
[2026-05-19 10:54:29]  [行4] 解析成功: SZSE.301389 [隆扬电子] BUY @ 72.0 (VR:0.33)
[2026-05-19 10:54:29]  [行5] 解析成功: SHSE.603538 [美诺华] SELL @ 51.09 (VR:0.07)
[2026-05-19 10:54:29]  [行6] 解析成功: SZSE.301220 [亚香股份] BUY @ 41.55 (VR:1.99)
[2026-05-19 10:54:29]  [行7] 解析成功: SZSE.300259 [新天科技] BUY @ 6.31 (VR:0.35)
[2026-05-19 10:54:29]  [行8] 解析成功: SZSE.301018 [申菱环境] BUY @ 143.7 (VR:0.41)
[2026-05-19 10:54:29]  [行9] 解析成功: SZSE.300641 [正丹股份] SELL @ 15.93 (VR:1.6)
[2026-05-19 10:54:29]  [行10] 解析成功: SZSE.301389 [隆扬电子] BUY @ 72.15 (VR:0.23)
[2026-05-19 10:54:29]  [行11] 解析成功: SHSE.603538 [美诺华] SELL @ 51.07 (VR:0.13)
[2026-05-19 10:54:29]  [行12] 解析成功: SZSE.301220 [亚香股份] BUY @ 41.65 (VR:0.71)
[2026-05-19 10:54:29] 成功保存 12 条因子至: signal_batch_20260519_105429_259482.txt
[2026-05-19 10:54:29]  QQ-主 邮件 3632 处理完成
[2026-05-19 10:54:29]  QQ-主 本轮共成功处理 1 封有效信号邮件
[2026-05-19 10:54:29]  正在连接 QQ-备用 邮箱服务器 (shouqianbadavid@qq.com) ...
[2026-05-19 10:54:30]  QQ-备用 正在解析因子: =?utf-8?b?QWxwaGFQaWxvdCDlpIfku73kv6Hlj7cgKGFscGhhX3NpZ25hbF90aHJfMjAyNjA1MTlfMTA1NC5qc29uKSBb5aSHUVEt6Ieq5L+dXQ==?=
[2026-05-19 10:54:30]  发现表格，共 12 行数据
[2026-05-19 10:54:30]  动态索引映射: ['股票代码', '股票名称', '信号', '当前价格', '量比', '来源过滤']
[2026-05-19 10:54:30]  [行1] 解析成功: SZSE.300259 [新天科技] BUY @ 6.3 (VR:3.66)
[2026-05-19 10:54:30]  [行2] 解析成功: SZSE.301018 [申菱环境] BUY @ 143.4 (VR:0.65)
[2026-05-19 10:54:30]  [行3] 解析成功: SZSE.300641 [正丹股份] SELL @ 15.97 (VR:1.65)
[2026-05-19 10:54:30]  [行4] 解析成功: SZSE.301389 [隆扬电子] BUY @ 72.0 (VR:0.33)
[2026-05-19 10:54:30]  [行5] 解析成功: SHSE.603538 [美诺华] SELL @ 51.09 (VR:0.07)
[2026-05-19 10:54:30]  [行6] 解析成功: SZSE.301220 [亚香股份] BUY @ 41.55 (VR:1.99)
[2026-05-19 10:54:30]  [行7] 解析成功: SZSE.300259 [新天科技] BUY @ 6.31 (VR:0.35)
[2026-05-19 10:54:30]  [行8] 解析成功: SZSE.301018 [申菱环境] BUY @ 143.7 (VR:0.41)
[2026-05-19 10:54:30]  [行9] 解析成功: SZSE.300641 [正丹股份] SELL @ 15.93 (VR:1.6)
[2026-05-19 10:54:30]  [行10] 解析成功: SZSE.301389 [隆扬电子] BUY @ 72.15 (VR:0.23)
[2026-05-19 10:54:30]  [行11] 解析成功: SHSE.603538 [美诺华] SELL @ 51.07 (VR:0.13)
[2026-05-19 10:54:30]  [行12] 解析成功: SZSE.301220 [亚香股份] BUY @ 41.65 (VR:0.71)
[2026-05-19 10:54:30] 成功保存 12 条因子至: signal_batch_20260519_105430_834119.txt
[2026-05-19 10:54:31]  QQ-备用 邮件 931 处理完成
[2026-05-19 10:54:31]  QQ-备用 本轮共成功处理 1 封有效信号邮件
[2026-05-19 10:55:06]  正在连接 QQ-主 邮箱服务器 (497720537@qq.com) ...
[2026-05-19 10:55:07]  正在连接 QQ-备用 邮箱服务器 (shouqianbadavid@qq.com) ...
[2026-05-19 10:55:42]  正在连接 QQ-主 邮箱服务器 (497720537@qq.com) ...
[2026-05-19 10:55:43]  正在连接 QQ-备用 邮箱服务器 (shouqianbadavid@qq.com) ...
[2026-05-19 10:56:19]  正在连接 QQ-主 邮箱服务器 (497720537@qq.com) ...
[2026-05-19 10:56:20]  正在连接 QQ-备用 邮箱服务器 (shouqianbadavid@qq.com) ...
[2026-05-19 10:56:56]  正在连接 QQ-主 邮箱服务器 (497720537@qq.com) ...
[2026-05-19 10:56:57]  正在连接 QQ-备用 邮箱服务器 (shouqianbadavid@qq.com) ...
[2026-05-19 10:57:33]  正在连接 QQ-主 邮箱服务器 (497720537@qq.com) ...
[2026-05-19 10:57:33]  正在连接 QQ-备用 邮箱服务器 (shouqianbadavid@qq.com) ...
[2026-05-19 10:58:09]  正在连接 QQ-主 邮箱服务器 (497720537@qq.com) ...
[2026-05-19 10:58:10]  正在连接 QQ-备用 邮箱服务器 (shouqianbadavid@qq.com) ...
[2026-05-19 10:58:46]  正在连接 QQ-主 邮箱服务器 (497720537@qq.com) ...
[2026-05-19 10:58:46]  正在连接 QQ-备用 邮箱服务器 (shouqianbadavid@qq.com) ...
[2026-05-19 10:59:22]  正在连接 QQ-主 邮箱服务器 (497720537@qq.com) ...
[2026-05-19 10:59:23]  正在连接 QQ-备用 邮箱服务器 (shouqianbadavid@qq.com) ...
[2026-05-19 10:59:59]  正在连接 QQ-主 邮箱服务器 (497720537@qq.com) ...
[2026-05-19 11:00:00]  正在连接 QQ-备用 邮箱服务器 (shouqianbadavid@qq.com) ...
[2026-05-19 11:00:36]  正在连接 QQ-主 邮箱服务器 (497720537@qq.com) ...
[2026-05-19 11:00:37]  正在连接 QQ-备用 邮箱服务器 (shouqianbadavid@qq.com) ...
[2026-05-19 11:01:13]  正在连接 QQ-主 邮箱服务器 (497720537@qq.com) ...
[2026-05-19 11:01:13]  正在连接 QQ-备用 邮箱服务器 (shouqianbadavid@qq.com) ...
[2026-05-19 11:01:49]  正在连接 QQ-主 邮箱服务器 (497720537@qq.com) ...
[2026-05-19 11:01:50]  正在连接 QQ-备用 邮箱服务器 (shouqianbadavid@qq.com) ...
[2026-05-19 11:02:25]  正在连接 QQ-主 邮箱服务器 (497720537@qq.com) ...
[2026-05-19 11:02:26]  QQ-主 正在解析因子: =?utf-8?b?QWxwaGFQaWxvdCDlrp7ml7bkv6Hlj7cgKGFscGhhX3NpZ25hbF90aHJfMjAyNjA1MTlfMTEwMi5qc29uKSBb5Li7UVEt5a+55aSWXQ==?=
[2026-05-19 11:02:26]  发现表格，共 6 行数据
[2026-05-19 11:02:26]  动态索引映射: ['股票代码', '股票名称', '信号', '当前价格', '量比', '来源过滤']
[2026-05-19 11:02:26]  [行1] 解析成功: SZSE.002015 [协鑫能科] BUY @ 22.1 (VR:0.2)
[2026-05-19 11:02:26]  [行2] 解析成功: SZSE.002445 [中南文化] SELL @ 3.89 (VR:2.52)
[2026-05-19 11:02:26]  [行3] 解析成功: SHSE.600722 [金牛化工] BUY @ 11.98 (VR:0.02)
[2026-05-19 11:02:26]  [行4] 解析成功: SZSE.002015 [协鑫能科] BUY @ 22.18 (VR:0.16)
[2026-05-19 11:02:26]  [行5] 解析成功: SZSE.002445 [中南文化] SELL @ 3.88 (VR:0.01)
[2026-05-19 11:02:26]  [行6] 解析成功: SHSE.600722 [金牛化工] BUY @ 12.0 (VR:0.21)
[2026-05-19 11:02:26] 成功保存 6 条因子至: signal_batch_20260519_110226_769834.txt
[2026-05-19 11:02:26]  QQ-主 邮件 3633 处理完成
[2026-05-19 11:02:26]  QQ-主 本轮共成功处理 1 封有效信号邮件
[2026-05-19 11:02:27]  正在连接 QQ-备用 邮箱服务器 (shouqianbadavid@qq.com) ...
[2026-05-19 11:03:02]  正在连接 QQ-主 邮箱服务器 (497720537@qq.com) ...
[2026-05-19 11:03:03]  正在连接 QQ-备用 邮箱服务器 (shouqianbadavid@qq.com) ...
[2026-05-19 11:03:04]  QQ-备用 正在解析因子: =?utf-8?b?QWxwaGFQaWxvdCDlpIfku73kv6Hlj7cgKGFscGhhX3NpZ25hbF90aHJfMjAyNjA1MTlfMTEwMi5qc29uKSBb5aSHUVEt6Ieq5L+dXQ==?=
[2026-05-19 11:03:04]  发现表格，共 6 行数据
[2026-05-19 11:03:04]  动态索引映射: ['股票代码', '股票名称', '信号', '当前价格', '量比', '来源过滤']
[2026-05-19 11:03:04]  [行1] 解析成功: SZSE.002015 [协鑫能科] BUY @ 22.1 (VR:0.2)
[2026-05-19 11:03:04]  [行2] 解析成功: SZSE.002445 [中南文化] SELL @ 3.89 (VR:2.52)
[2026-05-19 11:03:04]  [行3] 解析成功: SHSE.600722 [金牛化工] BUY @ 11.98 (VR:0.02)
[2026-05-19 11:03:04]  [行4] 解析成功: SZSE.002015 [协鑫能科] BUY @ 22.18 (VR:0.16)
[2026-05-19 11:03:04]  [行5] 解析成功: SZSE.002445 [中南文化] SELL @ 3.88 (VR:0.01)
[2026-05-19 11:03:04]  [行6] 解析成功: SHSE.600722 [金牛化工] BUY @ 12.0 (VR:0.21)
[2026-05-19 11:03:04] 成功保存 6 条因子至: signal_batch_20260519_110304_349493.txt
[2026-05-19 11:03:04]  QQ-备用 邮件 932 处理完成
[2026-05-19 11:03:04]  QQ-备用 本轮共成功处理 1 封有效信号邮件
[2026-05-19 11:03:39]  正在连接 QQ-主 邮箱服务器 (497720537@qq.com) ...
[2026-05-19 11:03:41]  正在连接 QQ-备用 邮箱服务器 (shouqianbadavid@qq.com) ...
[2026-05-19 11:04:16]  正在连接 QQ-主 邮箱服务器 (497720537@qq.com) ...
[2026-05-19 11:04:17]  正在连接 QQ-备用 邮箱服务器 (shouqianbadavid@qq.com) ...
[2026-05-19 11:04:53]  正在连接 QQ-主 邮箱服务器 (497720537@qq.com) ...
[2026-05-19 11:04:53]  正在连接 QQ-备用 邮箱服务器 (shouqianbadavid@qq.com) ...
[2026-05-19 11:05:29]  正在连接 QQ-主 邮箱服务器 (497720537@qq.com) ...
[2026-05-19 11:05:30]  正在连接 QQ-备用 邮箱服务器 (shouqianbadavid@qq.com) ...
[2026-05-19 11:06:05]  正在连接 QQ-主 邮箱服务器 (497720537@qq.com) ...
[2026-05-19 11:06:06]  正在连接 QQ-备用 邮箱服务器 (shouqianbadavid@qq.com) ...
[2026-05-19 11:06:42]  正在连接 QQ-主 邮箱服务器 (497720537@qq.com) ...
[2026-05-19 11:06:43]  正在连接 QQ-备用 邮箱服务器 (shouqianbadavid@qq.com) ...
[2026-05-19 11:07:18]  正在连接 QQ-主 邮箱服务器 (497720537@qq.com) ...
[2026-05-19 11:07:19]  正在连接 QQ-备用 邮箱服务器 (shouqianbadavid@qq.com) ...
[2026-05-19 11:07:55]  正在连接 QQ-主 邮箱服务器 (497720537@qq.com) ...
[2026-05-19 11:07:55]  正在连接 QQ-备用 邮箱服务器 (shouqianbadavid@qq.com) ...
[2026-05-19 11:08:31]  正在连接 QQ-主 邮箱服务器 (497720537@qq.com) ...
[2026-05-19 11:08:32]  正在连接 QQ-备用 邮箱服务器 (shouqianbadavid@qq.com) ...
[2026-05-19 11:09:08]  正在连接 QQ-主 邮箱服务器 (497720537@qq.com) ...
[2026-05-19 11:09:08]  正在连接 QQ-备用 邮箱服务器 (shouqianbadavid@qq.com) ...
[2026-05-19 11:09:44]  正在连接 QQ-主 邮箱服务器 (497720537@qq.com) ...
[2026-05-19 11:09:45]  正在连接 QQ-备用 邮箱服务器 (shouqianbadavid@qq.com) ...
[2026-05-19 11:10:21]  正在连接 QQ-主 邮箱服务器 (497720537@qq.com) ...
[2026-05-19 11:10:21]  正在连接 QQ-备用 邮箱服务器 (shouqianbadavid@qq.com) ...
[2026-05-19 11:10:57]  正在连接 QQ-主 邮箱服务器 (497720537@qq.com) ...
[2026-05-19 11:10:58]  正在连接 QQ-备用 邮箱服务器 (shouqianbadavid@qq.com) ...
[2026-05-19 11:11:33]  正在连接 QQ-主 邮箱服务器 (497720537@qq.com) ...
[2026-05-19 11:11:34]  正在连接 QQ-备用 邮箱服务器 (shouqianbadavid@qq.com) ...
[2026-05-19 11:12:10]  正在连接 QQ-主 邮箱服务器 (497720537@qq.com) ...
[2026-05-19 11:12:11]  正在连接 QQ-备用 邮箱服务器 (shouqianbadavid@qq.com) ...
[2026-05-19 11:12:46]  正在连接 QQ-主 邮箱服务器 (497720537@qq.com) ...
[2026-05-19 11:12:47]  QQ-主 正在解析因子: =?utf-8?b?QWxwaGFQaWxvdCDlrp7ml7bkv6Hlj7cgKGFscGhhX3NpZ25hbF90aHJfMjAyNjA1MTlfMTExMi5qc29uKSBb5Li7UVEt5a+55aSWXQ==?=
[2026-05-19 11:12:47]  发现表格，共 18 行数据
[2026-05-19 11:12:47]  动态索引映射: ['股票代码', '股票名称', '信号', '当前价格', '量比', '来源过滤']
[2026-05-19 11:12:47]  [行1] 解析成功: SZSE.002460 [赣锋锂业] BUY @ 75.45 (VR:0.03)
[2026-05-19 11:12:47]  [行2] 解析成功: SZSE.002364 [中恒电器] SELL @ 49.1 (VR:0.11)
[2026-05-19 11:12:47]  [行3] 解析成功: SZSE.000338 [潍柴动力] BUY @ 32.66 (VR:0.8)
[2026-05-19 11:12:47]  [行4] 解析成功: SZSE.002925 [盈趣科技] SELL @ 20.64 (VR:0.4)
[2026-05-19 11:12:47]  [行5] 解析成功: SZSE.002429 [兆驰股份] BUY @ 12.53 (VR:0.0)
[2026-05-19 11:12:47]  [行6] 解析成功: SZSE.000682 [东方电子] BUY @ 13.95 (VR:0.3)
[2026-05-19 11:12:47]  [行7] 解析成功: SZSE.300432 [富临精工] SELL @ 23.73 (VR:0.53)
[2026-05-19 11:12:47]  [行8] 解析成功: SHSE.688617 [惠泰医疗] BUY @ 224.9 (VR:0.06)
[2026-05-19 11:12:47]  [行9] 解析成功: SHSE.688617 [惠泰医疗] BUY @ 224.9 (VR:0.06)
[2026-05-19 11:12:47]  [行10] 解析成功: SZSE.002460 [赣锋锂业] BUY @ 75.51 (VR:0.89)
[2026-05-19 11:12:47]  [行11] 解析成功: SZSE.002364 [中恒电器] SELL @ 48.88 (VR:0.1)
[2026-05-19 11:12:47]  [行12] 解析成功: SZSE.000338 [潍柴动力] BUY @ 32.68 (VR:0.15)
[2026-05-19 11:12:47]  [行13] 解析成功: SZSE.002925 [盈趣科技] SELL @ 20.62 (VR:0.06)
[2026-05-19 11:12:47]  [行14] 解析成功: SZSE.002429 [兆驰股份] BUY @ 12.63 (VR:1.07)
[2026-05-19 11:12:47]  [行15] 解析成功: SZSE.000682 [东方电子] BUY @ 13.96 (VR:0.08)
[2026-05-19 11:12:47]  [行16] 解析成功: SZSE.300432 [富临精工] SELL @ 23.72 (VR:0.19)
[2026-05-19 11:12:47]  [行17] 解析成功: SHSE.688617 [惠泰医疗] BUY @ 225.01 (VR:0.56)
[2026-05-19 11:12:47]  [行18] 解析成功: SHSE.688617 [惠泰医疗] BUY @ 225.02 (VR:0.88)
[2026-05-19 11:12:47] 成功保存 18 条因子至: signal_batch_20260519_111247_526803.txt
[2026-05-19 11:12:47]  QQ-主 邮件 3634 处理完成
[2026-05-19 11:12:47]  QQ-主 本轮共成功处理 1 封有效信号邮件
[2026-05-19 11:12:47]  正在连接 QQ-备用 邮箱服务器 (shouqianbadavid@qq.com) ...
[2026-05-19 11:12:48]  QQ-备用 正在解析因子: =?utf-8?b?QWxwaGFQaWxvdCDlpIfku73kv6Hlj7cgKGFscGhhX3NpZ25hbF90aHJfMjAyNjA1MTlfMTExMi5qc29uKSBb5aSHUVEt6Ieq5L+dXQ==?=
[2026-05-19 11:12:48]  发现表格，共 18 行数据
[2026-05-19 11:12:48]  动态索引映射: ['股票代码', '股票名称', '信号', '当前价格', '量比', '来源过滤']
[2026-05-19 11:12:48]  [行1] 解析成功: SZSE.002460 [赣锋锂业] BUY @ 75.45 (VR:0.03)
[2026-05-19 11:12:48]  [行2] 解析成功: SZSE.002364 [中恒电器] SELL @ 49.1 (VR:0.11)
[2026-05-19 11:12:48]  [行3] 解析成功: SZSE.000338 [潍柴动力] BUY @ 32.66 (VR:0.8)
[2026-05-19 11:12:48]  [行4] 解析成功: SZSE.002925 [盈趣科技] SELL @ 20.64 (VR:0.4)
[2026-05-19 11:12:48]  [行5] 解析成功: SZSE.002429 [兆驰股份] BUY @ 12.53 (VR:0.0)
[2026-05-19 11:12:48]  [行6] 解析成功: SZSE.000682 [东方电子] BUY @ 13.95 (VR:0.3)
[2026-05-19 11:12:48]  [行7] 解析成功: SZSE.300432 [富临精工] SELL @ 23.73 (VR:0.53)
[2026-05-19 11:12:48]  [行8] 解析成功: SHSE.688617 [惠泰医疗] BUY @ 224.9 (VR:0.06)
[2026-05-19 11:12:48]  [行9] 解析成功: SHSE.688617 [惠泰医疗] BUY @ 224.9 (VR:0.06)
[2026-05-19 11:12:48]  [行10] 解析成功: SZSE.002460 [赣锋锂业] BUY @ 75.51 (VR:0.89)
[2026-05-19 11:12:48]  [行11] 解析成功: SZSE.002364 [中恒电器] SELL @ 48.88 (VR:0.1)
[2026-05-19 11:12:48]  [行12] 解析成功: SZSE.000338 [潍柴动力] BUY @ 32.68 (VR:0.15)
[2026-05-19 11:12:48]  [行13] 解析成功: SZSE.002925 [盈趣科技] SELL @ 20.62 (VR:0.06)
[2026-05-19 11:12:48]  [行14] 解析成功: SZSE.002429 [兆驰股份] BUY @ 12.63 (VR:1.07)
[2026-05-19 11:12:48]  [行15] 解析成功: SZSE.000682 [东方电子] BUY @ 13.96 (VR:0.08)
[2026-05-19 11:12:48]  [行16] 解析成功: SZSE.300432 [富临精工] SELL @ 23.72 (VR:0.19)
[2026-05-19 11:12:48]  [行17] 解析成功: SHSE.688617 [惠泰医疗] BUY @ 225.01 (VR:0.56)
[2026-05-19 11:12:48]  [行18] 解析成功: SHSE.688617 [惠泰医疗] BUY @ 225.02 (VR:0.88)
[2026-05-19 11:12:48] 成功保存 18 条因子至: signal_batch_20260519_111248_739878.txt
[2026-05-19 11:12:49]  QQ-备用 邮件 933 处理完成
[2026-05-19 11:12:49]  QQ-备用 本轮共成功处理 1 封有效信号邮件
[2026-05-19 11:13:24]  正在连接 QQ-主 邮箱服务器 (497720537@qq.com) ...
[2026-05-19 11:13:25]  正在连接 QQ-备用 邮箱服务器 (shouqianbadavid@qq.com) ...
[2026-05-19 11:14:00]  正在连接 QQ-主 邮箱服务器 (497720537@qq.com) ...
[2026-05-19 11:14:01]  正在连接 QQ-备用 邮箱服务器 (shouqianbadavid@qq.com) ...
[2026-05-19 11:14:37]  正在连接 QQ-主 邮箱服务器 (497720537@qq.com) ...
[2026-05-19 11:14:37]  正在连接 QQ-备用 邮箱服务器 (shouqianbadavid@qq.com) ...
[2026-05-19 11:15:13]  正在连接 QQ-主 邮箱服务器 (497720537@qq.com) ...
[2026-05-19 11:15:13]  正在连接 QQ-备用 邮箱服务器 (shouqianbadavid@qq.com) ...
[2026-05-19 11:15:49]  正在连接 QQ-主 邮箱服务器 (497720537@qq.com) ...
[2026-05-19 11:15:50]  正在连接 QQ-备用 邮箱服务器 (shouqianbadavid@qq.com) ...
[2026-05-19 11:16:25]  正在连接 QQ-主 邮箱服务器 (497720537@qq.com) ...
[2026-05-19 11:16:26]  正在连接 QQ-备用 邮箱服务器 (shouqianbadavid@qq.com) ...
[2026-05-19 11:17:02]  正在连接 QQ-主 邮箱服务器 (497720537@qq.com) ...
[2026-05-19 11:17:02]  正在连接 QQ-备用 邮箱服务器 (shouqianbadavid@qq.com) ...
[2026-05-19 11:17:38]  正在连接 QQ-主 邮箱服务器 (497720537@qq.com) ...
[2026-05-19 11:17:39]  正在连接 QQ-备用 邮箱服务器 (shouqianbadavid@qq.com) ...
[2026-05-19 11:18:14]  正在连接 QQ-主 邮箱服务器 (497720537@qq.com) ...
[2026-05-19 11:18:15]  正在连接 QQ-备用 邮箱服务器 (shouqianbadavid@qq.com) ...
[2026-05-19 11:18:50]  正在连接 QQ-主 邮箱服务器 (497720537@qq.com) ...
[2026-05-19 11:18:51]  正在连接 QQ-备用 邮箱服务器 (shouqianbadavid@qq.com) ...
[2026-05-19 11:19:27]  正在连接 QQ-主 邮箱服务器 (497720537@qq.com) ...
[2026-05-19 11:19:27]  正在连接 QQ-备用 邮箱服务器 (shouqianbadavid@qq.com) ...
[2026-05-19 11:20:03]  正在连接 QQ-主 邮箱服务器 (497720537@qq.com) ...
[2026-05-19 11:20:04]  正在连接 QQ-备用 邮箱服务器 (shouqianbadavid@qq.com) ...
[2026-05-19 11:20:40]  正在连接 QQ-主 邮箱服务器 (497720537@qq.com) ...
[2026-05-19 11:20:40]  正在连接 QQ-备用 邮箱服务器 (shouqianbadavid@qq.com) ...
[2026-05-19 11:21:16]  正在连接 QQ-主 邮箱服务器 (497720537@qq.com) ...
[2026-05-19 11:21:17]  正在连接 QQ-备用 邮箱服务器 (shouqianbadavid@qq.com) ...
[2026-05-19 11:21:52]  正在连接 QQ-主 邮箱服务器 (497720537@qq.com) ...
[2026-05-19 11:21:53]  QQ-主 正在解析因子: =?utf-8?b?QWxwaGFQaWxvdCDlrp7ml7bkv6Hlj7cgKGFscGhhX3NpZ25hbF90aHJfMjAyNjA1MTlfMTEyMS5qc29uKSBb5Li7UVEt5a+55aSWXQ==?=
[2026-05-19 11:21:53]  发现表格，共 8 行数据
[2026-05-19 11:21:53]  动态索引映射: ['股票代码', '股票名称', '信号', '当前价格', '量比', '来源过滤']
[2026-05-19 11:21:53]  [行1] 解析成功: SZSE.300207 [欣旺达] BUY @ 24.71 (VR:0.12)
[2026-05-19 11:21:53]  [行2] 解析成功: SZSE.300677 [英科医疗] BUY @ 49.79 (VR:0.81)
[2026-05-19 11:21:53]  [行3] 解析成功: SZSE.002506 [协鑫集成] BUY @ 4.28 (VR:0.02)
[2026-05-19 11:21:53]  [行4] 解析成功: SZSE.300868 [杰美特] SELL @ 92.09 (VR:0.04)
[2026-05-19 11:21:53]  [行5] 解析成功: SZSE.300207 [欣旺达] BUY @ 24.76 (VR:0.63)
[2026-05-19 11:21:53]  [行6] 解析成功: SZSE.300677 [英科医疗] BUY @ 49.82 (VR:0.27)
[2026-05-19 11:21:53]  [行7] 解析成功: SZSE.002506 [协鑫集成] BUY @ 4.29 (VR:0.11)
[2026-05-19 11:21:53]  [行8] 解析成功: SZSE.300868 [杰美特] SELL @ 91.99 (VR:0.05)
[2026-05-19 11:21:53] 成功保存 8 条因子至: signal_batch_20260519_112153_825706.txt
[2026-05-19 11:21:54]  QQ-主 邮件 3635 处理完成
[2026-05-19 11:21:54]  QQ-主 本轮共成功处理 1 封有效信号邮件
[2026-05-19 11:21:54]  正在连接 QQ-备用 邮箱服务器 (shouqianbadavid@qq.com) ...
[2026-05-19 11:22:30]  正在连接 QQ-主 邮箱服务器 (497720537@qq.com) ...
[2026-05-19 11:22:30]  正在连接 QQ-备用 邮箱服务器 (shouqianbadavid@qq.com) ...
[2026-05-19 11:22:31]  QQ-备用 正在解析因子: =?utf-8?b?QWxwaGFQaWxvdCDlpIfku73kv6Hlj7cgKGFscGhhX3NpZ25hbF90aHJfMjAyNjA1MTlfMTEyMS5qc29uKSBb5aSHUVEt6Ieq5L+dXQ==?=
[2026-05-19 11:22:31]  发现表格，共 8 行数据
[2026-05-19 11:22:31]  动态索引映射: ['股票代码', '股票名称', '信号', '当前价格', '量比', '来源过滤']
[2026-05-19 11:22:31]  [行1] 解析成功: SZSE.300207 [欣旺达] BUY @ 24.71 (VR:0.12)
[2026-05-19 11:22:31]  [行2] 解析成功: SZSE.300677 [英科医疗] BUY @ 49.79 (VR:0.81)
[2026-05-19 11:22:31]  [行3] 解析成功: SZSE.002506 [协鑫集成] BUY @ 4.28 (VR:0.02)
[2026-05-19 11:22:31]  [行4] 解析成功: SZSE.300868 [杰美特] SELL @ 92.09 (VR:0.04)
[2026-05-19 11:22:31]  [行5] 解析成功: SZSE.300207 [欣旺达] BUY @ 24.76 (VR:0.63)
[2026-05-19 11:22:31]  [行6] 解析成功: SZSE.300677 [英科医疗] BUY @ 49.82 (VR:0.27)
[2026-05-19 11:22:31]  [行7] 解析成功: SZSE.002506 [协鑫集成] BUY @ 4.29 (VR:0.11)
[2026-05-19 11:22:31]  [行8] 解析成功: SZSE.300868 [杰美特] SELL @ 91.99 (VR:0.05)
[2026-05-19 11:22:31] 成功保存 8 条因子至: signal_batch_20260519_112231_810579.txt
[2026-05-19 11:22:31]  QQ-备用 邮件 934 处理完成
[2026-05-19 11:22:31]  QQ-备用 本轮共成功处理 1 封有效信号邮件
[2026-05-19 11:23:07]  正在连接 QQ-主 邮箱服务器 (497720537@qq.com) ...
[2026-05-19 11:23:08]  正在连接 QQ-备用 邮箱服务器 (shouqianbadavid@qq.com) ...
[2026-05-19 11:23:44]  正在连接 QQ-主 邮箱服务器 (497720537@qq.com) ...
[2026-05-19 11:23:44]  正在连接 QQ-备用 邮箱服务器 (shouqianbadavid@qq.com) ...
[2026-05-19 11:24:20]  正在连接 QQ-主 邮箱服务器 (497720537@qq.com) ...
[2026-05-19 11:24:21]  正在连接 QQ-备用 邮箱服务器 (shouqianbadavid@qq.com) ...
[2026-05-19 11:24:56]  正在连接 QQ-主 邮箱服务器 (497720537@qq.com) ...
[2026-05-19 11:24:57]  正在连接 QQ-备用 邮箱服务器 (shouqianbadavid@qq.com) ...
[2026-05-19 11:25:33]  正在连接 QQ-主 邮箱服务器 (497720537@qq.com) ...
[2026-05-19 11:25:33]  正在连接 QQ-备用 邮箱服务器 (shouqianbadavid@qq.com) ...
[2026-05-19 11:26:09]  正在连接 QQ-主 邮箱服务器 (497720537@qq.com) ...
[2026-05-19 11:26:10]  正在连接 QQ-备用 邮箱服务器 (shouqianbadavid@qq.com) ...
[2026-05-19 11:26:45]  正在连接 QQ-主 邮箱服务器 (497720537@qq.com) ...
[2026-05-19 11:26:46]  正在连接 QQ-备用 邮箱服务器 (shouqianbadavid@qq.com) ...
[2026-05-19 11:27:22]  正在连接 QQ-主 邮箱服务器 (497720537@qq.com) ...
[2026-05-19 11:27:23]  正在连接 QQ-备用 邮箱服务器 (shouqianbadavid@qq.com) ...
[2026-05-19 11:27:58]  正在连接 QQ-主 邮箱服务器 (497720537@qq.com) ...
[2026-05-19 11:27:59]  正在连接 QQ-备用 邮箱服务器 (shouqianbadavid@qq.com) ...
[2026-05-19 11:28:35]  正在连接 QQ-主 邮箱服务器 (497720537@qq.com) ...
[2026-05-19 11:28:35]  QQ-主 正在解析因子: =?utf-8?b?QWxwaGFQaWxvdCDlrp7ml7bkv6Hlj7cgKGFscGhhX3NpZ25hbF90aHJfMjAyNjA1MTlfMTEyNy5qc29uKSBb5Li7UVEt5a+55aSWXQ==?=
[2026-05-19 11:28:35]  发现表格，共 16 行数据
[2026-05-19 11:28:35]  动态索引映射: ['股票代码', '股票名称', '信号', '当前价格', '量比', '来源过滤']
[2026-05-19 11:28:35]  [行1] 解析成功: SZSE.300722 [新余国科] BUY @ 26.1 (VR:1.56)
[2026-05-19 11:28:35]  [行2] 解析成功: SZSE.300259 [新天科技] BUY @ 6.3 (VR:1.98)
[2026-05-19 11:28:35]  [行3] 解析成功: SZSE.301018 [申菱环境] BUY @ 142.66 (VR:0.53)
[2026-05-19 11:28:35]  [行4] 解析成功: SZSE.301389 [隆扬电子] BUY @ 71.91 (VR:0.97)
[2026-05-19 11:28:35]  [行5] 解析成功: SHSE.688689 [银河微电] BUY @ 41.87 (VR:0.06)
[2026-05-19 11:28:35]  [行6] 解析成功: SHSE.603538 [美诺华] SELL @ 50.63 (VR:0.33)
[2026-05-19 11:28:35]  [行7] 解析成功: SZSE.002980 [华盛昌] BUY @ 99.09 (VR:0.88)
[2026-05-19 11:28:35]  [行8] 解析成功: SZSE.300672 [国科微] BUY @ 236.63 (VR:0.05)
[2026-05-19 11:28:35]  [行9] 解析成功: SZSE.300722 [新余国科] BUY @ 26.15 (VR:0.02)
[2026-05-19 11:28:35]  [行10] 解析成功: SZSE.300259 [新天科技] BUY @ 6.31 (VR:0.03)
[2026-05-19 11:28:35]  [行11] 解析成功: SZSE.301018 [申菱环境] BUY @ 143.22 (VR:0.31)
[2026-05-19 11:28:35]  [行12] 解析成功: SZSE.301389 [隆扬电子] BUY @ 72.53 (VR:0.32)
[2026-05-19 11:28:35]  [行13] 解析成功: SHSE.688689 [银河微电] BUY @ 41.92 (VR:0.05)
[2026-05-19 11:28:35]  [行14] 解析成功: SHSE.603538 [美诺华] SELL @ 50.51 (VR:0.79)
[2026-05-19 11:28:35]  [行15] 解析成功: SZSE.002980 [华盛昌] BUY @ 100.09 (VR:0.47)
[2026-05-19 11:28:35]  [行16] 解析成功: SZSE.300672 [国科微] BUY @ 237.28 (VR:0.31)
[2026-05-19 11:28:35] 成功保存 16 条因子至: signal_batch_20260519_112835_755958.txt
[2026-05-19 11:28:36]  QQ-主 邮件 3636 处理完成
[2026-05-19 11:28:36]  QQ-主 本轮共成功处理 1 封有效信号邮件
[2026-05-19 11:28:36]  正在连接 QQ-备用 邮箱服务器 (shouqianbadavid@qq.com) ...
[2026-05-19 11:28:37]  QQ-备用 正在解析因子: =?utf-8?b?QWxwaGFQaWxvdCDlpIfku73kv6Hlj7cgKGFscGhhX3NpZ25hbF90aHJfMjAyNjA1MTlfMTEyNy5qc29uKSBb5aSHUVEt6Ieq5L+dXQ==?=
[2026-05-19 11:28:37]  发现表格，共 16 行数据
[2026-05-19 11:28:37]  动态索引映射: ['股票代码', '股票名称', '信号', '当前价格', '量比', '来源过滤']
[2026-05-19 11:28:37]  [行1] 解析成功: SZSE.300722 [新余国科] BUY @ 26.1 (VR:1.56)
[2026-05-19 11:28:37]  [行2] 解析成功: SZSE.300259 [新天科技] BUY @ 6.3 (VR:1.98)
[2026-05-19 11:28:37]  [行3] 解析成功: SZSE.301018 [申菱环境] BUY @ 142.66 (VR:0.53)
[2026-05-19 11:28:37]  [行4] 解析成功: SZSE.301389 [隆扬电子] BUY @ 71.91 (VR:0.97)
[2026-05-19 11:28:37]  [行5] 解析成功: SHSE.688689 [银河微电] BUY @ 41.87 (VR:0.06)
[2026-05-19 11:28:37]  [行6] 解析成功: SHSE.603538 [美诺华] SELL @ 50.63 (VR:0.33)
[2026-05-19 11:28:37]  [行7] 解析成功: SZSE.002980 [华盛昌] BUY @ 99.09 (VR:0.88)
[2026-05-19 11:28:37]  [行8] 解析成功: SZSE.300672 [国科微] BUY @ 236.63 (VR:0.05)
[2026-05-19 11:28:37]  [行9] 解析成功: SZSE.300722 [新余国科] BUY @ 26.15 (VR:0.02)
[2026-05-19 11:28:37]  [行10] 解析成功: SZSE.300259 [新天科技] BUY @ 6.31 (VR:0.03)
[2026-05-19 11:28:37]  [行11] 解析成功: SZSE.301018 [申菱环境] BUY @ 143.22 (VR:0.31)
[2026-05-19 11:28:37]  [行12] 解析成功: SZSE.301389 [隆扬电子] BUY @ 72.53 (VR:0.32)
[2026-05-19 11:28:37]  [行13] 解析成功: SHSE.688689 [银河微电] BUY @ 41.92 (VR:0.05)
[2026-05-19 11:28:37]  [行14] 解析成功: SHSE.603538 [美诺华] SELL @ 50.51 (VR:0.79)
[2026-05-19 11:28:37]  [行15] 解析成功: SZSE.002980 [华盛昌] BUY @ 100.09 (VR:0.47)
[2026-05-19 11:28:37]  [行16] 解析成功: SZSE.300672 [国科微] BUY @ 237.28 (VR:0.31)
[2026-05-19 11:28:37] 成功保存 16 条因子至: signal_batch_20260519_112837_258786.txt
[2026-05-19 11:28:37]  QQ-备用 邮件 935 处理完成
[2026-05-19 11:28:37]  QQ-备用 本轮共成功处理 1 封有效信号邮件
[2026-05-19 11:29:12]  正在连接 QQ-主 邮箱服务器 (497720537@qq.com) ...
[2026-05-19 11:29:13]  正在连接 QQ-备用 邮箱服务器 (shouqianbadavid@qq.com) ...
[2026-05-19 11:29:49]  正在连接 QQ-主 邮箱服务器 (497720537@qq.com) ...
[2026-05-19 11:29:49]  正在连接 QQ-备用 邮箱服务器 (shouqianbadavid@qq.com) ...
[2026-05-19 11:30:25]  正在连接 QQ-主 邮箱服务器 (497720537@qq.com) ...
[2026-05-19 11:30:27]  正在连接 QQ-备用 邮箱服务器 (shouqianbadavid@qq.com) ...
[2026-05-19 11:31:03]  正在连接 QQ-主 邮箱服务器 (497720537@qq.com) ...
[2026-05-19 11:31:03]  正在连接 QQ-备用 邮箱服务器 (shouqianbadavid@qq.com) ...
[2026-05-19 11:31:39]  正在连接 QQ-主 邮箱服务器 (497720537@qq.com) ...
[2026-05-19 11:31:40]  正在连接 QQ-备用 邮箱服务器 (shouqianbadavid@qq.com) ...
[2026-05-19 11:32:16]  正在连接 QQ-主 邮箱服务器 (497720537@qq.com) ...
[2026-05-19 11:32:17]  正在连接 QQ-备用 邮箱服务器 (shouqianbadavid@qq.com) ...
[2026-05-19 11:32:53]  正在连接 QQ-主 邮箱服务器 (497720537@qq.com) ...
[2026-05-19 11:32:54]  正在连接 QQ-备用 邮箱服务器 (shouqianbadavid@qq.com) ...
[2026-05-19 11:33:29]  正在连接 QQ-主 邮箱服务器 (497720537@qq.com) ...
[2026-05-19 11:33:30]  正在连接 QQ-备用 邮箱服务器 (shouqianbadavid@qq.com) ...
[2026-05-19 11:34:06]  正在连接 QQ-主 邮箱服务器 (497720537@qq.com) ...
[2026-05-19 11:34:07]  正在连接 QQ-备用 邮箱服务器 (shouqianbadavid@qq.com) ...
[2026-05-19 11:34:43]  正在连接 QQ-主 邮箱服务器 (497720537@qq.com) ...
[2026-05-19 11:34:43]  正在连接 QQ-备用 邮箱服务器 (shouqianbadavid@qq.com) ...
[2026-05-19 11:35:19]  正在连接 QQ-主 邮箱服务器 (497720537@qq.com) ...
[2026-05-19 11:35:20]  正在连接 QQ-备用 邮箱服务器 (shouqianbadavid@qq.com) ...
[2026-05-19 11:35:56]  正在连接 QQ-主 邮箱服务器 (497720537@qq.com) ...
[2026-05-19 11:35:56]  正在连接 QQ-备用 邮箱服务器 (shouqianbadavid@qq.com) ...
[2026-05-19 11:36:32]  正在连接 QQ-主 邮箱服务器 (497720537@qq.com) ...
[2026-05-19 11:36:33]  正在连接 QQ-备用 邮箱服务器 (shouqianbadavid@qq.com) ...
[2026-05-19 11:37:08]  正在连接 QQ-主 邮箱服务器 (497720537@qq.com) ...
[2026-05-19 11:37:09]  QQ-主 正在解析因子: =?utf-8?b?QWxwaGFQaWxvdCDlrp7ml7bkv6Hlj7cgKGFscGhhX3NpZ25hbF90aHJfMjAyNjA1MTlfMTEzNi5qc29uKSBb5Li7UVEt5a+55aSWXQ==?=
[2026-05-19 11:37:09]  发现表格，共 8 行数据
[2026-05-19 11:37:09]  动态索引映射: ['股票代码', '股票名称', '信号', '当前价格', '量比', '来源过滤']
[2026-05-19 11:37:09]  [行1] 解析成功: SZSE.002015 [协鑫能科] BUY @ 22.18 (VR:0.03)
[2026-05-19 11:37:09]  [行2] 解析成功: SZSE.000533 [顺钠股份] BUY @ 13.52 (VR:1.69)
[2026-05-19 11:37:09]  [行3] 解析成功: SZSE.301226 [祥明智能] SELL @ 40.49 (VR:0.08)
[2026-05-19 11:37:09]  [行4] 解析成功: SZSE.301667 [纳百川] BUY @ 97.45 (VR:1.76)
[2026-05-19 11:37:09]  [行5] 解析成功: SZSE.002015 [协鑫能科] BUY @ 22.19 (VR:0.13)
[2026-05-19 11:37:09]  [行6] 解析成功: SZSE.000533 [顺钠股份] BUY @ 13.53 (VR:2.24)
[2026-05-19 11:37:09]  [行7] 解析成功: SZSE.301226 [祥明智能] SELL @ 40.48 (VR:0.08)
[2026-05-19 11:37:09]  [行8] 解析成功: SZSE.301667 [纳百川] BUY @ 97.66 (VR:2.23)
[2026-05-19 11:37:09] 成功保存 8 条因子至: signal_batch_20260519_113709_503164.txt
[2026-05-19 11:37:09]  QQ-主 邮件 3637 处理完成
[2026-05-19 11:37:09]  QQ-主 本轮共成功处理 1 封有效信号邮件
[2026-05-19 11:37:09]  正在连接 QQ-备用 邮箱服务器 (shouqianbadavid@qq.com) ...
[2026-05-19 11:37:10]  QQ-备用 正在解析因子: =?utf-8?b?QWxwaGFQaWxvdCDlpIfku73kv6Hlj7cgKGFscGhhX3NpZ25hbF90aHJfMjAyNjA1MTlfMTEzNi5qc29uKSBb5aSHUVEt6Ieq5L+dXQ==?=
[2026-05-19 11:37:10]  发现表格，共 8 行数据
[2026-05-19 11:37:10]  动态索引映射: ['股票代码', '股票名称', '信号', '当前价格', '量比', '来源过滤']
[2026-05-19 11:37:10]  [行1] 解析成功: SZSE.002015 [协鑫能科] BUY @ 22.18 (VR:0.03)
[2026-05-19 11:37:10]  [行2] 解析成功: SZSE.000533 [顺钠股份] BUY @ 13.52 (VR:1.69)
[2026-05-19 11:37:10]  [行3] 解析成功: SZSE.301226 [祥明智能] SELL @ 40.49 (VR:0.08)
[2026-05-19 11:37:10]  [行4] 解析成功: SZSE.301667 [纳百川] BUY @ 97.45 (VR:1.76)
[2026-05-19 11:37:10]  [行5] 解析成功: SZSE.002015 [协鑫能科] BUY @ 22.19 (VR:0.13)
[2026-05-19 11:37:10]  [行6] 解析成功: SZSE.000533 [顺钠股份] BUY @ 13.53 (VR:2.24)
[2026-05-19 11:37:10]  [行7] 解析成功: SZSE.301226 [祥明智能] SELL @ 40.48 (VR:0.08)
[2026-05-19 11:37:10]  [行8] 解析成功: SZSE.301667 [纳百川] BUY @ 97.66 (VR:2.23)
[2026-05-19 11:37:10] 成功保存 8 条因子至: signal_batch_20260519_113710_542012.txt
[2026-05-19 11:37:10]  QQ-备用 邮件 936 处理完成
[2026-05-19 11:37:10]  QQ-备用 本轮共成功处理 1 封有效信号邮件
[2026-05-19 11:37:45]  正在连接 QQ-主 邮箱服务器 (497720537@qq.com) ...
[2026-05-19 11:37:47]  正在连接 QQ-备用 邮箱服务器 (shouqianbadavid@qq.com) ...
[2026-05-19 11:38:22]  正在连接 QQ-主 邮箱服务器 (497720537@qq.com) ...
[2026-05-19 11:38:23]  正在连接 QQ-备用 邮箱服务器 (shouqianbadavid@qq.com) ...
[2026-05-19 11:38:58]  正在连接 QQ-主 邮箱服务器 (497720537@qq.com) ...
[2026-05-19 11:38:59]  正在连接 QQ-备用 邮箱服务器 (shouqianbadavid@qq.com) ...
[2026-05-19 11:39:35]  正在连接 QQ-主 邮箱服务器 (497720537@qq.com) ...
[2026-05-19 11:39:36]  正在连接 QQ-备用 邮箱服务器 (shouqianbadavid@qq.com) ...
[2026-05-19 11:40:12]  正在连接 QQ-主 邮箱服务器 (497720537@qq.com) ...
[2026-05-19 11:40:12]  正在连接 QQ-备用 邮箱服务器 (shouqianbadavid@qq.com) ...
[2026-05-19 11:40:48]  正在连接 QQ-主 邮箱服务器 (497720537@qq.com) ...
[2026-05-19 11:40:49]  正在连接 QQ-备用 邮箱服务器 (shouqianbadavid@qq.com) ...
[2026-05-19 11:41:24]  正在连接 QQ-主 邮箱服务器 (497720537@qq.com) ...
[2026-05-19 11:41:25]  正在连接 QQ-备用 邮箱服务器 (shouqianbadavid@qq.com) ...
[2026-05-19 11:42:01]  正在连接 QQ-主 邮箱服务器 (497720537@qq.com) ...
[2026-05-19 11:42:01]  正在连接 QQ-备用 邮箱服务器 (shouqianbadavid@qq.com) ...
[2026-05-19 11:42:37]  正在连接 QQ-主 邮箱服务器 (497720537@qq.com) ...
[2026-05-19 11:42:38]  正在连接 QQ-备用 邮箱服务器 (shouqianbadavid@qq.com) ...
[2026-05-19 11:43:13]  正在连接 QQ-主 邮箱服务器 (497720537@qq.com) ...
[2026-05-19 11:43:14]  正在连接 QQ-备用 邮箱服务器 (shouqianbadavid@qq.com) ...
[2026-05-19 11:43:50]  正在连接 QQ-主 邮箱服务器 (497720537@qq.com) ...
[2026-05-19 11:43:51]  正在连接 QQ-备用 邮箱服务器 (shouqianbadavid@qq.com) ...
[2026-05-19 11:44:26]  正在连接 QQ-主 邮箱服务器 (497720537@qq.com) ...
[2026-05-19 11:44:27]  正在连接 QQ-备用 邮箱服务器 (shouqianbadavid@qq.com) ...
[2026-05-19 11:45:03]  正在连接 QQ-主 邮箱服务器 (497720537@qq.com) ...
[2026-05-19 11:45:04]  正在连接 QQ-备用 邮箱服务器 (shouqianbadavid@qq.com) ...
[2026-05-19 11:45:40]  正在连接 QQ-主 邮箱服务器 (497720537@qq.com) ...
[2026-05-19 11:45:40]  正在连接 QQ-备用 邮箱服务器 (shouqianbadavid@qq.com) ...
[2026-05-19 11:46:16]  正在连接 QQ-主 邮箱服务器 (497720537@qq.com) ...
[2026-05-19 11:46:17]  正在连接 QQ-备用 邮箱服务器 (shouqianbadavid@qq.com) ...
[2026-05-19 11:46:52]  正在连接 QQ-主 邮箱服务器 (497720537@qq.com) ...
[2026-05-19 11:46:53]  正在连接 QQ-备用 邮箱服务器 (shouqianbadavid@qq.com) ...
[2026-05-19 11:47:29]  正在连接 QQ-主 邮箱服务器 (497720537@qq.com) ...
[2026-05-19 11:47:30]  正在连接 QQ-备用 邮箱服务器 (shouqianbadavid@qq.com) ...
[2026-05-19 11:48:06]  正在连接 QQ-主 邮箱服务器 (497720537@qq.com) ...
[2026-05-19 11:48:06]  正在连接 QQ-备用 邮箱服务器 (shouqianbadavid@qq.com) ...
[2026-05-19 11:48:42]  正在连接 QQ-主 邮箱服务器 (497720537@qq.com) ...
[2026-05-19 11:48:43]  正在连接 QQ-备用 邮箱服务器 (shouqianbadavid@qq.com) ...
[2026-05-19 11:49:18]  正在连接 QQ-主 邮箱服务器 (497720537@qq.com) ...
[2026-05-19 11:49:19]  正在连接 QQ-备用 邮箱服务器 (shouqianbadavid@qq.com) ...
[2026-05-19 11:49:55]  正在连接 QQ-主 邮箱服务器 (497720537@qq.com) ...
[2026-05-19 11:49:55]  正在连接 QQ-备用 邮箱服务器 (shouqianbadavid@qq.com) ...
[2026-05-19 11:50:31]  正在连接 QQ-主 邮箱服务器 (497720537@qq.com) ...
[2026-05-19 11:50:32]  正在连接 QQ-备用 邮箱服务器 (shouqianbadavid@qq.com) ...
[2026-05-19 11:51:08]  正在连接 QQ-主 邮箱服务器 (497720537@qq.com) ...
[2026-05-19 11:51:08]  正在连接 QQ-备用 邮箱服务器 (shouqianbadavid@qq.com) ...
[2026-05-19 11:51:44]  正在连接 QQ-主 邮箱服务器 (497720537@qq.com) ...
[2026-05-19 11:51:45]  正在连接 QQ-备用 邮箱服务器 (shouqianbadavid@qq.com) ...
[2026-05-19 11:52:21]  正在连接 QQ-主 邮箱服务器 (497720537@qq.com) ...
[2026-05-19 11:52:22]  正在连接 QQ-备用 邮箱服务器 (shouqianbadavid@qq.com) ...
[2026-05-19 11:52:58]  正在连接 QQ-主 邮箱服务器 (497720537@qq.com) ...
[2026-05-19 11:52:58]  正在连接 QQ-备用 邮箱服务器 (shouqianbadavid@qq.com) ...
[2026-05-19 11:53:34]  正在连接 QQ-主 邮箱服务器 (497720537@qq.com) ...
[2026-05-19 11:53:35]  正在连接 QQ-备用 邮箱服务器 (shouqianbadavid@qq.com) ...
[2026-05-19 11:54:10]  正在连接 QQ-主 邮箱服务器 (497720537@qq.com) ...
[2026-05-19 11:54:11]  正在连接 QQ-备用 邮箱服务器 (shouqianbadavid@qq.com) ...
[2026-05-19 11:54:47]  正在连接 QQ-主 邮箱服务器 (497720537@qq.com) ...
[2026-05-19 11:54:47]  正在连接 QQ-备用 邮箱服务器 (shouqianbadavid@qq.com) ...
[2026-05-19 11:55:23]  正在连接 QQ-主 邮箱服务器 (497720537@qq.com) ...
[2026-05-19 11:55:24]  正在连接 QQ-备用 邮箱服务器 (shouqianbadavid@qq.com) ...
[2026-05-19 11:55:59]  正在连接 QQ-主 邮箱服务器 (497720537@qq.com) ...
[2026-05-19 11:56:00]  正在连接 QQ-备用 邮箱服务器 (shouqianbadavid@qq.com) ...
[2026-05-19 11:56:36]  正在连接 QQ-主 邮箱服务器 (497720537@qq.com) ...
[2026-05-19 11:56:36]  正在连接 QQ-备用 邮箱服务器 (shouqianbadavid@qq.com) ...
[2026-05-19 11:57:12]  正在连接 QQ-主 邮箱服务器 (497720537@qq.com) ...
[2026-05-19 11:57:13]  正在连接 QQ-备用 邮箱服务器 (shouqianbadavid@qq.com) ...
[2026-05-19 11:57:48]  正在连接 QQ-主 邮箱服务器 (497720537@qq.com) ...
[2026-05-19 11:57:49]  正在连接 QQ-备用 邮箱服务器 (shouqianbadavid@qq.com) ...
[2026-05-19 11:58:25]  正在连接 QQ-主 邮箱服务器 (497720537@qq.com) ...
[2026-05-19 11:58:26]  正在连接 QQ-备用 邮箱服务器 (shouqianbadavid@qq.com) ...
[2026-05-19 11:59:02]  正在连接 QQ-主 邮箱服务器 (497720537@qq.com) ...
[2026-05-19 11:59:02]  正在连接 QQ-备用 邮箱服务器 (shouqianbadavid@qq.com) ...
[2026-05-19 11:59:38]  正在连接 QQ-主 邮箱服务器 (497720537@qq.com) ...
[2026-05-19 11:59:39]  正在连接 QQ-备用 邮箱服务器 (shouqianbadavid@qq.com) ...
[2026-05-19 12:00:15]  正在连接 QQ-主 邮箱服务器 (497720537@qq.com) ...
[2026-05-19 12:00:15]  正在连接 QQ-备用 邮箱服务器 (shouqianbadavid@qq.com) ...
[2026-05-19 12:00:52]  正在连接 QQ-主 邮箱服务器 (497720537@qq.com) ...
[2026-05-19 12:00:52]  正在连接 QQ-备用 邮箱服务器 (shouqianbadavid@qq.com) ...
[2026-05-19 12:01:28]  正在连接 QQ-主 邮箱服务器 (497720537@qq.com) ...
[2026-05-19 12:01:29]  正在连接 QQ-备用 邮箱服务器 (shouqianbadavid@qq.com) ...
[2026-05-19 12:02:05]  正在连接 QQ-主 邮箱服务器 (497720537@qq.com) ...
[2026-05-19 12:02:05]  正在连接 QQ-备用 邮箱服务器 (shouqianbadavid@qq.com) ...
[2026-05-19 12:02:41]  正在连接 QQ-主 邮箱服务器 (497720537@qq.com) ...
[2026-05-19 12:02:41]  正在连接 QQ-备用 邮箱服务器 (shouqianbadavid@qq.com) ...
[2026-05-19 12:03:17]  正在连接 QQ-主 邮箱服务器 (497720537@qq.com) ...
[2026-05-19 12:03:18]  正在连接 QQ-备用 邮箱服务器 (shouqianbadavid@qq.com) ...
[2026-05-19 12:03:53]  正在连接 QQ-主 邮箱服务器 (497720537@qq.com) ...
[2026-05-19 12:03:54]  正在连接 QQ-备用 邮箱服务器 (shouqianbadavid@qq.com) ...
[2026-05-19 12:04:29]  正在连接 QQ-主 邮箱服务器 (497720537@qq.com) ...
[2026-05-19 12:04:30]  正在连接 QQ-备用 邮箱服务器 (shouqianbadavid@qq.com) ...
[2026-05-19 12:05:06]  正在连接 QQ-主 邮箱服务器 (497720537@qq.com) ...
[2026-05-19 12:05:07]  正在连接 QQ-备用 邮箱服务器 (shouqianbadavid@qq.com) ...
[2026-05-19 12:05:42]  正在连接 QQ-主 邮箱服务器 (497720537@qq.com) ...
[2026-05-19 12:05:43]  正在连接 QQ-备用 邮箱服务器 (shouqianbadavid@qq.com) ...
[2026-05-19 12:06:20]  正在连接 QQ-主 邮箱服务器 (497720537@qq.com) ...
[2026-05-19 12:06:20]  正在连接 QQ-备用 邮箱服务器 (shouqianbadavid@qq.com) ...
[2026-05-19 12:06:56]  正在连接 QQ-主 邮箱服务器 (497720537@qq.com) ...
[2026-05-19 12:06:56]  正在连接 QQ-备用 邮箱服务器 (shouqianbadavid@qq.com) ...
[2026-05-19 12:07:32]  正在连接 QQ-主 邮箱服务器 (497720537@qq.com) ...
[2026-05-19 12:07:33]  正在连接 QQ-备用 邮箱服务器 (shouqianbadavid@qq.com) ...
[2026-05-19 12:08:08]  正在连接 QQ-主 邮箱服务器 (497720537@qq.com) ...
[2026-05-19 12:08:09]  正在连接 QQ-备用 邮箱服务器 (shouqianbadavid@qq.com) ...
[2026-05-19 12:08:45]  正在连接 QQ-主 邮箱服务器 (497720537@qq.com) ...
[2026-05-19 12:08:45]  正在连接 QQ-备用 邮箱服务器 (shouqianbadavid@qq.com) ...
[2026-05-19 12:09:21]  正在连接 QQ-主 邮箱服务器 (497720537@qq.com) ...
[2026-05-19 12:09:22]  正在连接 QQ-备用 邮箱服务器 (shouqianbadavid@qq.com) ...
[2026-05-19 12:09:57]  正在连接 QQ-主 邮箱服务器 (497720537@qq.com) ...
[2026-05-19 12:09:58]  正在连接 QQ-备用 邮箱服务器 (shouqianbadavid@qq.com) ...
[2026-05-19 12:10:34]  正在连接 QQ-主 邮箱服务器 (497720537@qq.com) ...
[2026-05-19 12:10:34]  正在连接 QQ-备用 邮箱服务器 (shouqianbadavid@qq.com) ...
[2026-05-19 12:11:10]  正在连接 QQ-主 邮箱服务器 (497720537@qq.com) ...
[2026-05-19 12:11:10]  正在连接 QQ-备用 邮箱服务器 (shouqianbadavid@qq.com) ...
[2026-05-19 12:11:46]  正在连接 QQ-主 邮箱服务器 (497720537@qq.com) ...
[2026-05-19 12:11:47]  正在连接 QQ-备用 邮箱服务器 (shouqianbadavid@qq.com) ...
[2026-05-19 12:12:23]  正在连接 QQ-主 邮箱服务器 (497720537@qq.com) ...
[2026-05-19 12:12:24]  正在连接 QQ-备用 邮箱服务器 (shouqianbadavid@qq.com) ...
[2026-05-19 12:12:59]  正在连接 QQ-主 邮箱服务器 (497720537@qq.com) ...
[2026-05-19 12:13:00]  正在连接 QQ-备用 邮箱服务器 (shouqianbadavid@qq.com) ...
[2026-05-19 12:13:36]  正在连接 QQ-主 邮箱服务器 (497720537@qq.com) ...
[2026-05-19 12:13:37]  正在连接 QQ-备用 邮箱服务器 (shouqianbadavid@qq.com) ...
[2026-05-19 12:14:12]  正在连接 QQ-主 邮箱服务器 (497720537@qq.com) ...
[2026-05-19 12:14:13]  正在连接 QQ-备用 邮箱服务器 (shouqianbadavid@qq.com) ...
[2026-05-19 12:14:49]  正在连接 QQ-主 邮箱服务器 (497720537@qq.com) ...
[2026-05-19 12:14:49]  正在连接 QQ-备用 邮箱服务器 (shouqianbadavid@qq.com) ...
[2026-05-19 12:15:25]  正在连接 QQ-主 邮箱服务器 (497720537@qq.com) ...
[2026-05-19 12:15:26]  正在连接 QQ-备用 邮箱服务器 (shouqianbadavid@qq.com) ...
[2026-05-19 12:16:02]  正在连接 QQ-主 邮箱服务器 (497720537@qq.com) ...
[2026-05-19 12:16:02]  正在连接 QQ-备用 邮箱服务器 (shouqianbadavid@qq.com) ...
[2026-05-19 12:16:38]  正在连接 QQ-主 邮箱服务器 (497720537@qq.com) ...
[2026-05-19 12:16:38]  正在连接 QQ-备用 邮箱服务器 (shouqianbadavid@qq.com) ...
[2026-05-19 12:17:14]  正在连接 QQ-主 邮箱服务器 (497720537@qq.com) ...
[2026-05-19 12:17:15]  正在连接 QQ-备用 邮箱服务器 (shouqianbadavid@qq.com) ...
[2026-05-19 12:17:51]  正在连接 QQ-主 邮箱服务器 (497720537@qq.com) ...
[2026-05-19 12:17:51]  正在连接 QQ-备用 邮箱服务器 (shouqianbadavid@qq.com) ...
[2026-05-19 12:18:27]  正在连接 QQ-主 邮箱服务器 (497720537@qq.com) ...
[2026-05-19 12:18:27]  正在连接 QQ-备用 邮箱服务器 (shouqianbadavid@qq.com) ...
[2026-05-19 12:19:03]  正在连接 QQ-主 邮箱服务器 (497720537@qq.com) ...
[2026-05-19 12:19:04]  正在连接 QQ-备用 邮箱服务器 (shouqianbadavid@qq.com) ...
[2026-05-19 12:19:39]  正在连接 QQ-主 邮箱服务器 (497720537@qq.com) ...
[2026-05-19 12:19:40]  正在连接 QQ-备用 邮箱服务器 (shouqianbadavid@qq.com) ...
[2026-05-19 12:20:16]  正在连接 QQ-主 邮箱服务器 (497720537@qq.com) ...
[2026-05-19 12:20:16]  正在连接 QQ-备用 邮箱服务器 (shouqianbadavid@qq.com) ...
[2026-05-19 12:20:52]  正在连接 QQ-主 邮箱服务器 (497720537@qq.com) ...
[2026-05-19 12:20:53]  正在连接 QQ-备用 邮箱服务器 (shouqianbadavid@qq.com) ...
[2026-05-19 12:21:29]  正在连接 QQ-主 邮箱服务器 (497720537@qq.com) ...
[2026-05-19 12:21:29]  正在连接 QQ-备用 邮箱服务器 (shouqianbadavid@qq.com) ...
[2026-05-19 12:22:05]  正在连接 QQ-主 邮箱服务器 (497720537@qq.com) ...
[2026-05-19 12:22:06]  正在连接 QQ-备用 邮箱服务器 (shouqianbadavid@qq.com) ...
[2026-05-19 12:22:42]  正在连接 QQ-主 邮箱服务器 (497720537@qq.com) ...
[2026-05-19 12:22:42]  正在连接 QQ-备用 邮箱服务器 (shouqianbadavid@qq.com) ...
[2026-05-19 12:23:18]  正在连接 QQ-主 邮箱服务器 (497720537@qq.com) ...
[2026-05-19 12:23:18]  正在连接 QQ-备用 邮箱服务器 (shouqianbadavid@qq.com) ...
[2026-05-19 12:23:54]  正在连接 QQ-主 邮箱服务器 (497720537@qq.com) ...
[2026-05-19 12:23:55]  正在连接 QQ-备用 邮箱服务器 (shouqianbadavid@qq.com) ...
[2026-05-19 12:24:30]  正在连接 QQ-主 邮箱服务器 (497720537@qq.com) ...
[2026-05-19 12:24:31]  正在连接 QQ-备用 邮箱服务器 (shouqianbadavid@qq.com) ...
[2026-05-19 12:25:07]  正在连接 QQ-主 邮箱服务器 (497720537@qq.com) ...
[2026-05-19 12:25:07]  正在连接 QQ-备用 邮箱服务器 (shouqianbadavid@qq.com) ...
[2026-05-19 12:25:43]  正在连接 QQ-主 邮箱服务器 (497720537@qq.com) ...
[2026-05-19 12:25:44]  正在连接 QQ-备用 邮箱服务器 (shouqianbadavid@qq.com) ...
[2026-05-19 12:26:19]  正在连接 QQ-主 邮箱服务器 (497720537@qq.com) ...
[2026-05-19 12:26:20]  正在连接 QQ-备用 邮箱服务器 (shouqianbadavid@qq.com) ...
[2026-05-19 12:26:56]  正在连接 QQ-主 邮箱服务器 (497720537@qq.com) ...
[2026-05-19 12:26:56]  正在连接 QQ-备用 邮箱服务器 (shouqianbadavid@qq.com) ...
[2026-05-19 12:27:32]  正在连接 QQ-主 邮箱服务器 (497720537@qq.com) ...
[2026-05-19 12:27:33]  正在连接 QQ-备用 邮箱服务器 (shouqianbadavid@qq.com) ...
[2026-05-19 12:28:09]  正在连接 QQ-主 邮箱服务器 (497720537@qq.com) ...
[2026-05-19 12:28:09]  正在连接 QQ-备用 邮箱服务器 (shouqianbadavid@qq.com) ...
[2026-05-19 12:28:45]  正在连接 QQ-主 邮箱服务器 (497720537@qq.com) ...
[2026-05-19 12:28:46]  正在连接 QQ-备用 邮箱服务器 (shouqianbadavid@qq.com) ...
[2026-05-19 12:29:22]  正在连接 QQ-主 邮箱服务器 (497720537@qq.com) ...
[2026-05-19 12:29:22]  正在连接 QQ-备用 邮箱服务器 (shouqianbadavid@qq.com) ...
[2026-05-19 12:29:58]  正在连接 QQ-主 邮箱服务器 (497720537@qq.com) ...
[2026-05-19 12:29:59]  正在连接 QQ-备用 邮箱服务器 (shouqianbadavid@qq.com) ...
[2026-05-19 12:30:35]  正在连接 QQ-主 邮箱服务器 (497720537@qq.com) ...
[2026-05-19 12:30:35]  正在连接 QQ-备用 邮箱服务器 (shouqianbadavid@qq.com) ...
[2026-05-19 12:31:11]  正在连接 QQ-主 邮箱服务器 (497720537@qq.com) ...
[2026-05-19 12:31:12]  正在连接 QQ-备用 邮箱服务器 (shouqianbadavid@qq.com) ...
[2026-05-19 12:31:48]  正在连接 QQ-主 邮箱服务器 (497720537@qq.com) ...
[2026-05-19 12:31:48]  正在连接 QQ-备用 邮箱服务器 (shouqianbadavid@qq.com) ...
[2026-05-19 12:32:24]  正在连接 QQ-主 邮箱服务器 (497720537@qq.com) ...
[2026-05-19 12:32:25]  正在连接 QQ-备用 邮箱服务器 (shouqianbadavid@qq.com) ...
[2026-05-19 12:33:01]  正在连接 QQ-主 邮箱服务器 (497720537@qq.com) ...
[2026-05-19 12:33:01]  正在连接 QQ-备用 邮箱服务器 (shouqianbadavid@qq.com) ...
[2026-05-19 12:33:37]  正在连接 QQ-主 邮箱服务器 (497720537@qq.com) ...
[2026-05-19 12:33:38]  正在连接 QQ-备用 邮箱服务器 (shouqianbadavid@qq.com) ...
[2026-05-19 12:34:14]  正在连接 QQ-主 邮箱服务器 (497720537@qq.com) ...
[2026-05-19 12:34:14]  正在连接 QQ-备用 邮箱服务器 (shouqianbadavid@qq.com) ...
[2026-05-19 12:34:50]  正在连接 QQ-主 邮箱服务器 (497720537@qq.com) ...
[2026-05-19 12:34:51]  正在连接 QQ-备用 邮箱服务器 (shouqianbadavid@qq.com) ...
[2026-05-19 12:35:27]  正在连接 QQ-主 邮箱服务器 (497720537@qq.com) ...
[2026-05-19 12:35:27]  正在连接 QQ-备用 邮箱服务器 (shouqianbadavid@qq.com) ...
[2026-05-19 12:36:04]  正在连接 QQ-主 邮箱服务器 (497720537@qq.com) ...
[2026-05-19 12:36:04]  正在连接 QQ-备用 邮箱服务器 (shouqianbadavid@qq.com) ...
[2026-05-19 12:36:40]  正在连接 QQ-主 邮箱服务器 (497720537@qq.com) ...
[2026-05-19 12:36:40]  正在连接 QQ-备用 邮箱服务器 (shouqianbadavid@qq.com) ...
[2026-05-19 12:37:16]  正在连接 QQ-主 邮箱服务器 (497720537@qq.com) ...
[2026-05-19 12:37:17]  正在连接 QQ-备用 邮箱服务器 (shouqianbadavid@qq.com) ...
[2026-05-19 12:37:53]  正在连接 QQ-主 邮箱服务器 (497720537@qq.com) ...
[2026-05-19 12:37:53]  正在连接 QQ-备用 邮箱服务器 (shouqianbadavid@qq.com) ...
[2026-05-19 12:38:29]  正在连接 QQ-主 邮箱服务器 (497720537@qq.com) ...
[2026-05-19 12:38:30]  正在连接 QQ-备用 邮箱服务器 (shouqianbadavid@qq.com) ...
[2026-05-19 12:39:06]  正在连接 QQ-主 邮箱服务器 (497720537@qq.com) ...
[2026-05-19 12:39:07]  正在连接 QQ-备用 邮箱服务器 (shouqianbadavid@qq.com) ...
[2026-05-19 12:39:42]  正在连接 QQ-主 邮箱服务器 (497720537@qq.com) ...
[2026-05-19 12:39:43]  正在连接 QQ-备用 邮箱服务器 (shouqianbadavid@qq.com) ...
[2026-05-19 12:40:18]  正在连接 QQ-主 邮箱服务器 (497720537@qq.com) ...
[2026-05-19 12:40:20]  正在连接 QQ-备用 邮箱服务器 (shouqianbadavid@qq.com) ...
[2026-05-19 12:40:55]  正在连接 QQ-主 邮箱服务器 (497720537@qq.com) ...
[2026-05-19 12:40:56]  正在连接 QQ-备用 邮箱服务器 (shouqianbadavid@qq.com) ...
[2026-05-19 12:41:32]  正在连接 QQ-主 邮箱服务器 (497720537@qq.com) ...
[2026-05-19 12:41:32]  正在连接 QQ-备用 邮箱服务器 (shouqianbadavid@qq.com) ...
[2026-05-19 12:42:08]  正在连接 QQ-主 邮箱服务器 (497720537@qq.com) ...
[2026-05-19 12:42:09]  正在连接 QQ-备用 邮箱服务器 (shouqianbadavid@qq.com) ...
[2026-05-19 12:42:45]  正在连接 QQ-主 邮箱服务器 (497720537@qq.com) ...
[2026-05-19 12:42:46]  正在连接 QQ-备用 邮箱服务器 (shouqianbadavid@qq.com) ...
[2026-05-19 12:43:22]  正在连接 QQ-主 邮箱服务器 (497720537@qq.com) ...
[2026-05-19 12:43:22]  正在连接 QQ-备用 邮箱服务器 (shouqianbadavid@qq.com) ...
[2026-05-19 12:43:58]  正在连接 QQ-主 邮箱服务器 (497720537@qq.com) ...
[2026-05-19 12:43:59]  正在连接 QQ-备用 邮箱服务器 (shouqianbadavid@qq.com) ...
[2026-05-19 12:44:34]  正在连接 QQ-主 邮箱服务器 (497720537@qq.com) ...
[2026-05-19 12:44:35]  正在连接 QQ-备用 邮箱服务器 (shouqianbadavid@qq.com) ...
[2026-05-19 12:45:11]  正在连接 QQ-主 邮箱服务器 (497720537@qq.com) ...
[2026-05-19 12:45:11]  正在连接 QQ-备用 邮箱服务器 (shouqianbadavid@qq.com) ...
[2026-05-19 12:45:47]  正在连接 QQ-主 邮箱服务器 (497720537@qq.com) ...
[2026-05-19 12:45:48]  正在连接 QQ-备用 邮箱服务器 (shouqianbadavid@qq.com) ...
[2026-05-19 12:46:23]  正在连接 QQ-主 邮箱服务器 (497720537@qq.com) ...
[2026-05-19 12:46:24]  正在连接 QQ-备用 邮箱服务器 (shouqianbadavid@qq.com) ...
[2026-05-19 12:47:00]  正在连接 QQ-主 邮箱服务器 (497720537@qq.com) ...
[2026-05-19 12:47:01]  正在连接 QQ-备用 邮箱服务器 (shouqianbadavid@qq.com) ...
[2026-05-19 12:47:36]  正在连接 QQ-主 邮箱服务器 (497720537@qq.com) ...
[2026-05-19 12:47:37]  正在连接 QQ-备用 邮箱服务器 (shouqianbadavid@qq.com) ...
[2026-05-19 12:48:12]  正在连接 QQ-主 邮箱服务器 (497720537@qq.com) ...
[2026-05-19 12:48:13]  正在连接 QQ-备用 邮箱服务器 (shouqianbadavid@qq.com) ...
[2026-05-19 12:48:49]  正在连接 QQ-主 邮箱服务器 (497720537@qq.com) ...
[2026-05-19 12:48:50]  正在连接 QQ-备用 邮箱服务器 (shouqianbadavid@qq.com) ...
[2026-05-19 12:49:26]  正在连接 QQ-主 邮箱服务器 (497720537@qq.com) ...
[2026-05-19 12:49:26]  正在连接 QQ-备用 邮箱服务器 (shouqianbadavid@qq.com) ...
[2026-05-19 12:50:02]  正在连接 QQ-主 邮箱服务器 (497720537@qq.com) ...
[2026-05-19 12:50:02]  正在连接 QQ-备用 邮箱服务器 (shouqianbadavid@qq.com) ...
[2026-05-19 12:50:38]  正在连接 QQ-主 邮箱服务器 (497720537@qq.com) ...
[2026-05-19 12:50:38]  正在连接 QQ-备用 邮箱服务器 (shouqianbadavid@qq.com) ...
[2026-05-19 12:51:14]  正在连接 QQ-主 邮箱服务器 (497720537@qq.com) ...
[2026-05-19 12:51:15]  正在连接 QQ-备用 邮箱服务器 (shouqianbadavid@qq.com) ...
[2026-05-19 12:51:50]  正在连接 QQ-主 邮箱服务器 (497720537@qq.com) ...
[2026-05-19 12:51:51]  正在连接 QQ-备用 邮箱服务器 (shouqianbadavid@qq.com) ...
[2026-05-19 12:52:27]  正在连接 QQ-主 邮箱服务器 (497720537@qq.com) ...
[2026-05-19 12:52:27]  正在连接 QQ-备用 邮箱服务器 (shouqianbadavid@qq.com) ...
[2026-05-19 12:53:03]  正在连接 QQ-主 邮箱服务器 (497720537@qq.com) ...
[2026-05-19 12:53:04]  正在连接 QQ-备用 邮箱服务器 (shouqianbadavid@qq.com) ...
[2026-05-19 12:53:39]  正在连接 QQ-主 邮箱服务器 (497720537@qq.com) ...
[2026-05-19 12:53:40]  正在连接 QQ-备用 邮箱服务器 (shouqianbadavid@qq.com) ...
[2026-05-19 12:54:16]  正在连接 QQ-主 邮箱服务器 (497720537@qq.com) ...
[2026-05-19 12:54:16]  正在连接 QQ-备用 邮箱服务器 (shouqianbadavid@qq.com) ...
[2026-05-19 12:54:52]  正在连接 QQ-主 邮箱服务器 (497720537@qq.com) ...
[2026-05-19 12:54:53]  正在连接 QQ-备用 邮箱服务器 (shouqianbadavid@qq.com) ...
[2026-05-19 12:55:29]  正在连接 QQ-主 邮箱服务器 (497720537@qq.com) ...
[2026-05-19 12:55:29]  正在连接 QQ-备用 邮箱服务器 (shouqianbadavid@qq.com) ...
[2026-05-19 12:56:05]  正在连接 QQ-主 邮箱服务器 (497720537@qq.com) ...
[2026-05-19 12:56:05]  正在连接 QQ-备用 邮箱服务器 (shouqianbadavid@qq.com) ...
[2026-05-19 12:56:41]  正在连接 QQ-主 邮箱服务器 (497720537@qq.com) ...
[2026-05-19 12:56:41]  正在连接 QQ-备用 邮箱服务器 (shouqianbadavid@qq.com) ...
[2026-05-19 12:57:17]  正在连接 QQ-主 邮箱服务器 (497720537@qq.com) ...
[2026-05-19 12:57:18]  正在连接 QQ-备用 邮箱服务器 (shouqianbadavid@qq.com) ...
[2026-05-19 12:57:54]  正在连接 QQ-主 邮箱服务器 (497720537@qq.com) ...
[2026-05-19 12:57:54]  正在连接 QQ-备用 邮箱服务器 (shouqianbadavid@qq.com) ...
[2026-05-19 12:58:30]  正在连接 QQ-主 邮箱服务器 (497720537@qq.com) ...
[2026-05-19 12:58:31]  正在连接 QQ-备用 邮箱服务器 (shouqianbadavid@qq.com) ...
[2026-05-19 12:59:07]  正在连接 QQ-主 邮箱服务器 (497720537@qq.com) ...
[2026-05-19 12:59:07]  正在连接 QQ-备用 邮箱服务器 (shouqianbadavid@qq.com) ...
[2026-05-19 12:59:43]  正在连接 QQ-主 邮箱服务器 (497720537@qq.com) ...
[2026-05-19 12:59:45]  正在连接 QQ-备用 邮箱服务器 (shouqianbadavid@qq.com) ...
[2026-05-19 13:00:21]  正在连接 QQ-主 邮箱服务器 (497720537@qq.com) ...
[2026-05-19 13:00:22]  正在连接 QQ-备用 邮箱服务器 (shouqianbadavid@qq.com) ...
[2026-05-19 13:00:57]  正在连接 QQ-主 邮箱服务器 (497720537@qq.com) ...
[2026-05-19 13:00:58]  正在连接 QQ-备用 邮箱服务器 (shouqianbadavid@qq.com) ...
[2026-05-19 13:01:34]  正在连接 QQ-主 邮箱服务器 (497720537@qq.com) ...
[2026-05-19 13:01:35]  正在连接 QQ-备用 邮箱服务器 (shouqianbadavid@qq.com) ...
[2026-05-19 13:02:10]  正在连接 QQ-主 邮箱服务器 (497720537@qq.com) ...
[2026-05-19 13:02:11]  正在连接 QQ-备用 邮箱服务器 (shouqianbadavid@qq.com) ...
[2026-05-19 13:02:47]  正在连接 QQ-主 邮箱服务器 (497720537@qq.com) ...
[2026-05-19 13:02:48]  正在连接 QQ-备用 邮箱服务器 (shouqianbadavid@qq.com) ...
[2026-05-19 13:03:24]  正在连接 QQ-主 邮箱服务器 (497720537@qq.com) ...
[2026-05-19 13:03:25]  正在连接 QQ-备用 邮箱服务器 (shouqianbadavid@qq.com) ...
[2026-05-19 13:04:00]  正在连接 QQ-主 邮箱服务器 (497720537@qq.com) ...
[2026-05-19 13:04:01]  正在连接 QQ-备用 邮箱服务器 (shouqianbadavid@qq.com) ...
[2026-05-19 13:04:37]  正在连接 QQ-主 邮箱服务器 (497720537@qq.com) ...
[2026-05-19 13:04:38]  正在连接 QQ-备用 邮箱服务器 (shouqianbadavid@qq.com) ...
[2026-05-19 13:05:13]  正在连接 QQ-主 邮箱服务器 (497720537@qq.com) ...
[2026-05-19 13:05:14]  正在连接 QQ-备用 邮箱服务器 (shouqianbadavid@qq.com) ...
[2026-05-19 13:05:50]  正在连接 QQ-主 邮箱服务器 (497720537@qq.com) ...
[2026-05-19 13:05:50]  正在连接 QQ-备用 邮箱服务器 (shouqianbadavid@qq.com) ...
[2026-05-19 13:06:26]  正在连接 QQ-主 邮箱服务器 (497720537@qq.com) ...
[2026-05-19 13:06:27]  正在连接 QQ-备用 邮箱服务器 (shouqianbadavid@qq.com) ...
[2026-05-19 13:07:02]  正在连接 QQ-主 邮箱服务器 (497720537@qq.com) ...
[2026-05-19 13:07:03]  正在连接 QQ-备用 邮箱服务器 (shouqianbadavid@qq.com) ...
[2026-05-19 13:07:39]  正在连接 QQ-主 邮箱服务器 (497720537@qq.com) ...
[2026-05-19 13:07:39]  正在连接 QQ-备用 邮箱服务器 (shouqianbadavid@qq.com) ...
[2026-05-19 13:08:15]  正在连接 QQ-主 邮箱服务器 (497720537@qq.com) ...
[2026-05-19 13:08:16]  正在连接 QQ-备用 邮箱服务器 (shouqianbadavid@qq.com) ...
[2026-05-19 13:08:51]  正在连接 QQ-主 邮箱服务器 (497720537@qq.com) ...
[2026-05-19 13:08:52]  正在连接 QQ-备用 邮箱服务器 (shouqianbadavid@qq.com) ...
[2026-05-19 13:09:27]  正在连接 QQ-主 邮箱服务器 (497720537@qq.com) ...
[2026-05-19 13:09:28]  正在连接 QQ-备用 邮箱服务器 (shouqianbadavid@qq.com) ...
[2026-05-19 13:10:04]  正在连接 QQ-主 邮箱服务器 (497720537@qq.com) ...
[2026-05-19 13:10:05]  QQ-主 正在解析因子: =?utf-8?b?QWxwaGFQaWxvdCDlrp7ml7bkv6Hlj7cgKGFscGhhX3NpZ25hbF90aHJfMjAyNjA1MTlfMTMwOS5qc29uKSBb5Li7UVEt5a+55aSWXQ==?=
[2026-05-19 13:10:05]  发现表格，共 10 行数据
[2026-05-19 13:10:05]  动态索引映射: ['股票代码', '股票名称', '信号', '当前价格', '量比', '来源过滤']
[2026-05-19 13:10:05]  [行1] 解析成功: SZSE.000958 [电投产融] BUY @ 6.13 (VR:2.64)
[2026-05-19 13:10:05]  [行2] 解析成功: SZSE.000912 [泸天化] SELL @ 4.11 (VR:0.5)
[2026-05-19 13:10:05]  [行3] 解析成功: SHSE.600821 [金发科技] BUY @ 8.63 (VR:0.03)
[2026-05-19 13:10:05]  [行4] 解析成功: SHSE.600722 [金牛化工] SELL @ 11.97 (VR:0.28)
[2026-05-19 13:10:05]  [行5] 解析成功: SHSE.601016 [节能风电] BUY @ 5.09 (VR:0.21)
[2026-05-19 13:10:05]  [行6] 解析成功: SZSE.000958 [电投产融] BUY @ 6.15 (VR:0.61)
[2026-05-19 13:10:05]  [行7] 解析成功: SZSE.000912 [泸天化] SELL @ 4.09 (VR:2.26)
[2026-05-19 13:10:05]  [行8] 解析成功: SHSE.600821 [金发科技] BUY @ 8.69 (VR:0.19)
[2026-05-19 13:10:05]  [行9] 解析成功: SHSE.600722 [金牛化工] SELL @ 11.95 (VR:0.35)
[2026-05-19 13:10:05]  [行10] 解析成功: SHSE.601016 [节能风电] BUY @ 5.1 (VR:0.36)
[2026-05-19 13:10:05] 成功保存 10 条因子至: signal_batch_20260519_131005_242522.txt
[2026-05-19 13:10:05]  QQ-主 邮件 3638 处理完成
[2026-05-19 13:10:05]  QQ-主 本轮共成功处理 1 封有效信号邮件
[2026-05-19 13:10:05]  正在连接 QQ-备用 邮箱服务器 (shouqianbadavid@qq.com) ...
[2026-05-19 13:10:41]  正在连接 QQ-主 邮箱服务器 (497720537@qq.com) ...
[2026-05-19 13:10:42]  正在连接 QQ-备用 邮箱服务器 (shouqianbadavid@qq.com) ...
[2026-05-19 13:10:42]  QQ-备用 正在解析因子: =?utf-8?b?QWxwaGFQaWxvdCDlpIfku73kv6Hlj7cgKGFscGhhX3NpZ25hbF90aHJfMjAyNjA1MTlfMTMwOS5qc29uKSBb5aSHUVEt6Ieq5L+dXQ==?=
[2026-05-19 13:10:42]  发现表格，共 10 行数据
[2026-05-19 13:10:42]  动态索引映射: ['股票代码', '股票名称', '信号', '当前价格', '量比', '来源过滤']
[2026-05-19 13:10:42]  [行1] 解析成功: SZSE.000958 [电投产融] BUY @ 6.13 (VR:2.64)
[2026-05-19 13:10:42]  [行2] 解析成功: SZSE.000912 [泸天化] SELL @ 4.11 (VR:0.5)
[2026-05-19 13:10:42]  [行3] 解析成功: SHSE.600821 [金发科技] BUY @ 8.63 (VR:0.03)
[2026-05-19 13:10:42]  [行4] 解析成功: SHSE.600722 [金牛化工] SELL @ 11.97 (VR:0.28)
[2026-05-19 13:10:42]  [行5] 解析成功: SHSE.601016 [节能风电] BUY @ 5.09 (VR:0.21)
[2026-05-19 13:10:42]  [行6] 解析成功: SZSE.000958 [电投产融] BUY @ 6.15 (VR:0.61)
[2026-05-19 13:10:42]  [行7] 解析成功: SZSE.000912 [泸天化] SELL @ 4.09 (VR:2.26)
[2026-05-19 13:10:42]  [行8] 解析成功: SHSE.600821 [金发科技] BUY @ 8.69 (VR:0.19)
[2026-05-19 13:10:42]  [行9] 解析成功: SHSE.600722 [金牛化工] SELL @ 11.95 (VR:0.35)
[2026-05-19 13:10:42]  [行10] 解析成功: SHSE.601016 [节能风电] BUY @ 5.1 (VR:0.36)
[2026-05-19 13:10:42] 成功保存 10 条因子至: signal_batch_20260519_131042_854714.txt
[2026-05-19 13:10:42]  QQ-备用 邮件 937 处理完成
[2026-05-19 13:10:42]  QQ-备用 本轮共成功处理 1 封有效信号邮件
[2026-05-19 13:11:18]  正在连接 QQ-主 邮箱服务器 (497720537@qq.com) ...
[2026-05-19 13:11:18]  正在连接 QQ-备用 邮箱服务器 (shouqianbadavid@qq.com) ...
[2026-05-19 13:11:54]  正在连接 QQ-主 邮箱服务器 (497720537@qq.com) ...
[2026-05-19 13:11:55]  正在连接 QQ-备用 邮箱服务器 (shouqianbadavid@qq.com) ...
[2026-05-19 13:12:31]  正在连接 QQ-主 邮箱服务器 (497720537@qq.com) ...
[2026-05-19 13:12:32]  正在连接 QQ-备用 邮箱服务器 (shouqianbadavid@qq.com) ...
[2026-05-19 13:13:07]  正在连接 QQ-主 邮箱服务器 (497720537@qq.com) ...
[2026-05-19 13:13:08]  正在连接 QQ-备用 邮箱服务器 (shouqianbadavid@qq.com) ...
[2026-05-19 13:13:44]  正在连接 QQ-主 邮箱服务器 (497720537@qq.com) ...
[2026-05-19 13:13:44]  正在连接 QQ-备用 邮箱服务器 (shouqianbadavid@qq.com) ...
[2026-05-19 13:14:20]  正在连接 QQ-主 邮箱服务器 (497720537@qq.com) ...
[2026-05-19 13:14:21]  正在连接 QQ-备用 邮箱服务器 (shouqianbadavid@qq.com) ...
[2026-05-19 13:14:57]  正在连接 QQ-主 邮箱服务器 (497720537@qq.com) ...
[2026-05-19 13:14:57]  正在连接 QQ-备用 邮箱服务器 (shouqianbadavid@qq.com) ...
[2026-05-19 13:15:33]  正在连接 QQ-主 邮箱服务器 (497720537@qq.com) ...
[2026-05-19 13:15:34]  正在连接 QQ-备用 邮箱服务器 (shouqianbadavid@qq.com) ...
[2026-05-19 13:16:10]  正在连接 QQ-主 邮箱服务器 (497720537@qq.com) ...
[2026-05-19 13:16:11]  正在连接 QQ-备用 邮箱服务器 (shouqianbadavid@qq.com) ...
[2026-05-19 13:16:46]  正在连接 QQ-主 邮箱服务器 (497720537@qq.com) ...
[2026-05-19 13:16:47]  QQ-主 正在解析因子: =?UTF-8?B?SG9jayBMaW9uZyBNb3Rv?=
 =?UTF-8?B?ciDwn5iKIOWImuWImuabtOaWsOS6hiBUQSDnmoTnirY=?=
 =?UTF-8?B?5oCB?=
[2026-05-19 13:16:47]  发现表格，共 34 行数据
[2026-05-19 13:16:47]  表头映射失败，未找到指定列名。当前表头: ['Nak motor tapi bajet sikit? 🙂\u200d↔️...📄Hock Liong Motor发布了更新。5月18日 13:33查看状态3 位用户赞了这封邮件：有用|没用此邮件发给497720537@qq.com。 如果不希望再收到 Meta 的这类邮件，请退订。Meta Platforms, Inc., Attention: Community Support, 1 Meta Way, Menlo Park, CA 94025为保护你的主页安全，请勿转发这封邮件。详细了解', 'Nak motor tapi bajet sikit? 🙂\u200d↔️...📄Hock Liong Motor发布了更新。5月18日 13:33查看状态3 位用户赞了这封邮件：有用|没用此邮件发给497720537@qq.com。 如果不希望再收到 Meta 的这类邮件，请退订。Meta Platforms, Inc., Attention: Community Support, 1 Meta Way, Menlo Park, CA 94025为保护你的主页安全，请勿转发这封邮件。详细了解', 'Nak motor tapi bajet sikit? 🙂\u200d↔️...📄Hock Liong Motor发布了更新。5月18日 13:33查看状态3 位用户赞了这封邮件：有用|没用此邮件发给497720537@qq.com。 如果不希望再收到 Meta 的这类邮件，请退订。Meta Platforms, Inc., Attention: Community Support, 1 Meta Way, Menlo Park, CA 94025为保护你的主页安全，请勿转发这封邮件。详细了解', '', 'Nak motor tapi bajet sikit? 🙂\u200d↔️...', '', '', '', '', '', '', '', '', '', '', '', '', '', '', '📄Hock Liong Motor发布了更新。5月18日 13:33查看状态3 位用户赞了', '', '📄Hock Liong Motor发布了更新。5月18日 13:33查看状态', '📄Hock Liong Motor发布了更新。5月18日 13:33查看状态', '', '', '📄Hock Liong Motor发布了更新。5月18日 13:33查看状态', '📄Hock Liong Motor发布了更新。5月18日 13:33', '📄Hock Liong Motor发布了更新。', '', '5月18日 13:33', '', '查看状态', '查看状态', '', '3 位用户赞了', '3 位用户赞了', '', '', '3 位用户赞了', '', '', '', '这封邮件：有用|没用', '这封邮件：有用|没用', '', '', '', '此邮件发给497720537@qq.com。 如果不希望再收到 Meta 的这类邮件，请退订。Meta Platforms, Inc., Attention: Community Support, 1 Meta Way, Menlo Park, CA 94025', '', '此邮件发给497720537@qq.com。 如果不希望再收到 Meta 的这类邮件，请退订。Meta Platforms, Inc., Attention: Community Support, 1 Meta Way, Menlo Park, CA 94025', '', '', '为保护你的主页安全，请勿转发这封邮件。详细了解', '为保护你的主页安全，请勿转发这封邮件。详细了解', '', '']
[2026-05-19 13:16:47] QQ-主 邮件 3639 无有效信号
[2026-05-19 13:16:47]  正在连接 QQ-备用 邮箱服务器 (shouqianbadavid@qq.com) ...
[2026-05-19 13:17:23]  正在连接 QQ-主 邮箱服务器 (497720537@qq.com) ...
[2026-05-19 13:17:24]  正在连接 QQ-备用 邮箱服务器 (shouqianbadavid@qq.com) ...
[2026-05-19 13:17:59]  正在连接 QQ-主 邮箱服务器 (497720537@qq.com) ...
[2026-05-19 13:18:00]  正在连接 QQ-备用 邮箱服务器 (shouqianbadavid@qq.com) ...
[2026-05-19 13:18:36]  正在连接 QQ-主 邮箱服务器 (497720537@qq.com) ...
[2026-05-19 13:18:36]  正在连接 QQ-备用 邮箱服务器 (shouqianbadavid@qq.com) ...
[2026-05-19 13:19:12]  正在连接 QQ-主 邮箱服务器 (497720537@qq.com) ...
[2026-05-19 13:19:13]  正在连接 QQ-备用 邮箱服务器 (shouqianbadavid@qq.com) ...
[2026-05-19 13:19:49]  正在连接 QQ-主 邮箱服务器 (497720537@qq.com) ...
[2026-05-19 13:19:49]  QQ-主 正在解析因子: =?utf-8?b?QWxwaGFQaWxvdCDlrp7ml7bkv6Hlj7cgKGFscGhhX3NpZ25hbF90aHJfMjAyNjA1MTlfMTMxOS5qc29uKSBb5Li7UVEt5a+55aSWXQ==?=
[2026-05-19 13:19:49]  发现表格，共 16 行数据
[2026-05-19 13:19:49]  动态索引映射: ['股票代码', '股票名称', '信号', '当前价格', '量比', '来源过滤']
[2026-05-19 13:19:49]  [行1] 解析成功: SZSE.002460 [赣锋锂业] BUY @ 75.01 (VR:0.75)
[2026-05-19 13:19:49]  [行2] 解析成功: SZSE.002364 [中恒电器] BUY @ 48.82 (VR:0.05)
[2026-05-19 13:19:49]  [行3] 解析成功: SZSE.002429 [兆驰股份] BUY @ 12.53 (VR:0.05)
[2026-05-19 13:19:49]  [行4] 解析成功: SZSE.002240 [盛新锂能] BUY @ 48.58 (VR:0.18)
[2026-05-19 13:19:49]  [行5] 解析成功: SZSE.001309 [德利明] BUY @ 695.5 (VR:0.23)
[2026-05-19 13:19:49]  [行6] 解析成功: SZSE.300432 [富临精工] BUY @ 23.63 (VR:0.28)
[2026-05-19 13:19:49]  [行7] 解析成功: SHSE.688617 [惠泰医疗] SELL @ 225.27 (VR:1.29)
[2026-05-19 13:19:49]  [行8] 解析成功: SHSE.688617 [惠泰医疗] SELL @ 225.4 (VR:2.01)
[2026-05-19 13:19:49]  [行9] 解析成功: SZSE.002460 [赣锋锂业] BUY @ 75.18 (VR:1.42)
[2026-05-19 13:19:49]  [行10] 解析成功: SZSE.002364 [中恒电器] BUY @ 49.26 (VR:0.82)
[2026-05-19 13:19:49]  [行11] 解析成功: SZSE.002429 [兆驰股份] BUY @ 12.62 (VR:0.34)
[2026-05-19 13:19:49]  [行12] 解析成功: SZSE.002240 [盛新锂能] BUY @ 48.72 (VR:0.48)
[2026-05-19 13:19:49]  [行13] 解析成功: SZSE.001309 [德利明] BUY @ 697.55 (VR:0.09)
[2026-05-19 13:19:49]  [行14] 解析成功: SZSE.300432 [富临精工] BUY @ 23.7 (VR:0.33)
[2026-05-19 13:19:49]  [行15] 解析成功: SHSE.688617 [惠泰医疗] SELL @ 224.7 (VR:0.07)
[2026-05-19 13:19:49]  [行16] 解析成功: SHSE.688617 [惠泰医疗] SELL @ 224.29 (VR:0.15)
[2026-05-19 13:19:49] 成功保存 16 条因子至: signal_batch_20260519_131949_785350.txt
[2026-05-19 13:19:50]  QQ-主 邮件 3640 处理完成
[2026-05-19 13:19:50]  QQ-主 本轮共成功处理 1 封有效信号邮件
[2026-05-19 13:19:50]  正在连接 QQ-备用 邮箱服务器 (shouqianbadavid@qq.com) ...
[2026-05-19 13:20:26]  正在连接 QQ-主 邮箱服务器 (497720537@qq.com) ...
[2026-05-19 13:20:26]  正在连接 QQ-备用 邮箱服务器 (shouqianbadavid@qq.com) ...
[2026-05-19 13:20:27]  QQ-备用 正在解析因子: =?utf-8?b?QWxwaGFQaWxvdCDlpIfku73kv6Hlj7cgKGFscGhhX3NpZ25hbF90aHJfMjAyNjA1MTlfMTMxOS5qc29uKSBb5aSHUVEt6Ieq5L+dXQ==?=
[2026-05-19 13:20:27]  发现表格，共 16 行数据
[2026-05-19 13:20:27]  动态索引映射: ['股票代码', '股票名称', '信号', '当前价格', '量比', '来源过滤']
[2026-05-19 13:20:27]  [行1] 解析成功: SZSE.002460 [赣锋锂业] BUY @ 75.01 (VR:0.75)
[2026-05-19 13:20:27]  [行2] 解析成功: SZSE.002364 [中恒电器] BUY @ 48.82 (VR:0.05)
[2026-05-19 13:20:27]  [行3] 解析成功: SZSE.002429 [兆驰股份] BUY @ 12.53 (VR:0.05)
[2026-05-19 13:20:27]  [行4] 解析成功: SZSE.002240 [盛新锂能] BUY @ 48.58 (VR:0.18)
[2026-05-19 13:20:27]  [行5] 解析成功: SZSE.001309 [德利明] BUY @ 695.5 (VR:0.23)
[2026-05-19 13:20:27]  [行6] 解析成功: SZSE.300432 [富临精工] BUY @ 23.63 (VR:0.28)
[2026-05-19 13:20:27]  [行7] 解析成功: SHSE.688617 [惠泰医疗] SELL @ 225.27 (VR:1.29)
[2026-05-19 13:20:27]  [行8] 解析成功: SHSE.688617 [惠泰医疗] SELL @ 225.4 (VR:2.01)
[2026-05-19 13:20:27]  [行9] 解析成功: SZSE.002460 [赣锋锂业] BUY @ 75.18 (VR:1.42)
[2026-05-19 13:20:27]  [行10] 解析成功: SZSE.002364 [中恒电器] BUY @ 49.26 (VR:0.82)
[2026-05-19 13:20:27]  [行11] 解析成功: SZSE.002429 [兆驰股份] BUY @ 12.62 (VR:0.34)
[2026-05-19 13:20:27]  [行12] 解析成功: SZSE.002240 [盛新锂能] BUY @ 48.72 (VR:0.48)
[2026-05-19 13:20:27]  [行13] 解析成功: SZSE.001309 [德利明] BUY @ 697.55 (VR:0.09)
[2026-05-19 13:20:27]  [行14] 解析成功: SZSE.300432 [富临精工] BUY @ 23.7 (VR:0.33)
[2026-05-19 13:20:27]  [行15] 解析成功: SHSE.688617 [惠泰医疗] SELL @ 224.7 (VR:0.07)
[2026-05-19 13:20:27]  [行16] 解析成功: SHSE.688617 [惠泰医疗] SELL @ 224.29 (VR:0.15)
[2026-05-19 13:20:27] 成功保存 16 条因子至: signal_batch_20260519_132027_129085.txt
[2026-05-19 13:20:27]  QQ-备用 邮件 938 处理完成
[2026-05-19 13:20:27]  QQ-备用 本轮共成功处理 1 封有效信号邮件
[2026-05-19 13:21:02]  正在连接 QQ-主 邮箱服务器 (497720537@qq.com) ...
[2026-05-19 13:21:02]  正在连接 QQ-备用 邮箱服务器 (shouqianbadavid@qq.com) ...
[2026-05-19 13:21:38]  正在连接 QQ-主 邮箱服务器 (497720537@qq.com) ...
[2026-05-19 13:21:39]  正在连接 QQ-备用 邮箱服务器 (shouqianbadavid@qq.com) ...
[2026-05-19 13:22:15]  正在连接 QQ-主 邮箱服务器 (497720537@qq.com) ...
[2026-05-19 13:22:15]  正在连接 QQ-备用 邮箱服务器 (shouqianbadavid@qq.com) ...
[2026-05-19 13:22:51]  正在连接 QQ-主 邮箱服务器 (497720537@qq.com) ...
[2026-05-19 13:22:52]  正在连接 QQ-备用 邮箱服务器 (shouqianbadavid@qq.com) ...
[2026-05-19 13:23:27]  正在连接 QQ-主 邮箱服务器 (497720537@qq.com) ...
[2026-05-19 13:23:28]  正在连接 QQ-备用 邮箱服务器 (shouqianbadavid@qq.com) ...
[2026-05-19 13:24:03]  正在连接 QQ-主 邮箱服务器 (497720537@qq.com) ...
[2026-05-19 13:24:04]  正在连接 QQ-备用 邮箱服务器 (shouqianbadavid@qq.com) ...
[2026-05-19 13:24:40]  正在连接 QQ-主 邮箱服务器 (497720537@qq.com) ...
[2026-05-19 13:24:41]  正在连接 QQ-备用 邮箱服务器 (shouqianbadavid@qq.com) ...
[2026-05-19 13:25:16]  正在连接 QQ-主 邮箱服务器 (497720537@qq.com) ...
[2026-05-19 13:25:17]  正在连接 QQ-备用 邮箱服务器 (shouqianbadavid@qq.com) ...
[2026-05-19 13:25:53]  正在连接 QQ-主 邮箱服务器 (497720537@qq.com) ...
[2026-05-19 13:25:53]  正在连接 QQ-备用 邮箱服务器 (shouqianbadavid@qq.com) ...
[2026-05-19 13:26:29]  正在连接 QQ-主 邮箱服务器 (497720537@qq.com) ...
[2026-05-19 13:26:30]  正在连接 QQ-备用 邮箱服务器 (shouqianbadavid@qq.com) ...
[2026-05-19 13:27:05]  正在连接 QQ-主 邮箱服务器 (497720537@qq.com) ...
[2026-05-19 13:27:06]  正在连接 QQ-备用 邮箱服务器 (shouqianbadavid@qq.com) ...
[2026-05-19 13:27:42]  正在连接 QQ-主 邮箱服务器 (497720537@qq.com) ...
[2026-05-19 13:27:42]  正在连接 QQ-备用 邮箱服务器 (shouqianbadavid@qq.com) ...
[2026-05-19 13:28:18]  正在连接 QQ-主 邮箱服务器 (497720537@qq.com) ...
[2026-05-19 13:28:18]  QQ-主 正在解析因子: =?utf-8?b?QWxwaGFQaWxvdCDlrp7ml7bkv6Hlj7cgKGFscGhhX3NpZ25hbF90aHJfMjAyNjA1MTlfMTMyNy5qc29uKSBb5Li7UVEt5a+55aSWXQ==?=
[2026-05-19 13:28:18]  发现表格，共 22 行数据
[2026-05-19 13:28:18]  动态索引映射: ['股票代码', '股票名称', '信号', '当前价格', '量比', '来源过滤']
[2026-05-19 13:28:18]  [行1] 解析成功: SZSE.301171 [易点天下] SELL @ 46.45 (VR:1.07)
[2026-05-19 13:28:18]  [行2] 解析成功: SZSE.002202 [金风科技] SELL @ 25.34 (VR:0.39)
[2026-05-19 13:28:18]  [行3] 解析成功: SZSE.301165 [锐捷网络] SELL @ 96.13 (VR:4.25)
[2026-05-19 13:28:18]  [行4] 解析成功: SZSE.300207 [欣旺达] SELL @ 24.86 (VR:0.72)
[2026-05-19 13:28:18]  [行5] 解析成功: SZSE.300677 [英科医疗] BUY @ 49.97 (VR:0.29)
[2026-05-19 13:28:18]  [行6] 解析成功: SZSE.300274 [阳光电源] SELL @ 157.7 (VR:0.11)
[2026-05-19 13:28:18]  [行7] 解析成功: SZSE.300393 [中来股份] SELL @ 11.05 (VR:1.06)
[2026-05-19 13:28:18]  [行8] 解析成功: SZSE.300449 [汉邦高科] SELL @ 9.34 (VR:0.37)
[2026-05-19 13:28:18]  [行9] 解析成功: SZSE.300868 [杰美特] SELL @ 92.28 (VR:2.43)
[2026-05-19 13:28:18]  [行10] 解析成功: SZSE.300953 [震裕科技] BUY @ 241.63 (VR:0.05)
[2026-05-19 13:28:18]  [行11] 解析成功: SZSE.300054 [鼎龙股份] BUY @ 75.47 (VR:0.28)
[2026-05-19 13:28:18]  [行12] 解析成功: SZSE.301171 [易点天下] SELL @ 46.25 (VR:1.86)
[2026-05-19 13:28:18]  [行13] 解析成功: SZSE.002202 [金风科技] SELL @ 25.26 (VR:0.17)
[2026-05-19 13:28:18]  [行14] 解析成功: SZSE.301165 [锐捷网络] SELL @ 95.64 (VR:0.27)
[2026-05-19 13:28:18]  [行15] 解析成功: SZSE.300207 [欣旺达] SELL @ 24.8 (VR:0.71)
[2026-05-19 13:28:18]  [行16] 解析成功: SZSE.300677 [英科医疗] BUY @ 50.25 (VR:0.05)
[2026-05-19 13:28:18]  [行17] 解析成功: SZSE.300274 [阳光电源] SELL @ 157.36 (VR:0.02)
[2026-05-19 13:28:18]  [行18] 解析成功: SZSE.300393 [中来股份] SELL @ 11.01 (VR:0.84)
[2026-05-19 13:28:18]  [行19] 解析成功: SZSE.300449 [汉邦高科] SELL @ 9.28 (VR:1.78)
[2026-05-19 13:28:18]  [行20] 解析成功: SZSE.300868 [杰美特] SELL @ 92.17 (VR:0.39)
[2026-05-19 13:28:18]  [行21] 解析成功: SZSE.300953 [震裕科技] BUY @ 242.85 (VR:0.66)
[2026-05-19 13:28:18]  [行22] 解析成功: SZSE.300054 [鼎龙股份] BUY @ 75.6 (VR:0.13)
[2026-05-19 13:28:18] 成功保存 22 条因子至: signal_batch_20260519_132818_837910.txt
[2026-05-19 13:28:19]  QQ-主 邮件 3641 处理完成
[2026-05-19 13:28:19]  QQ-主 本轮共成功处理 1 封有效信号邮件
[2026-05-19 13:28:19]  正在连接 QQ-备用 邮箱服务器 (shouqianbadavid@qq.com) ...
[2026-05-19 13:28:54]  正在连接 QQ-主 邮箱服务器 (497720537@qq.com) ...
[2026-05-19 13:28:56]  正在连接 QQ-备用 邮箱服务器 (shouqianbadavid@qq.com) ...
[2026-05-19 13:28:57]  QQ-备用 正在解析因子: =?utf-8?b?QWxwaGFQaWxvdCDlpIfku73kv6Hlj7cgKGFscGhhX3NpZ25hbF90aHJfMjAyNjA1MTlfMTMyNy5qc29uKSBb5aSHUVEt6Ieq5L+dXQ==?=
[2026-05-19 13:28:57]  发现表格，共 22 行数据
[2026-05-19 13:28:57]  动态索引映射: ['股票代码', '股票名称', '信号', '当前价格', '量比', '来源过滤']
[2026-05-19 13:28:57]  [行1] 解析成功: SZSE.301171 [易点天下] SELL @ 46.45 (VR:1.07)
[2026-05-19 13:28:57]  [行2] 解析成功: SZSE.002202 [金风科技] SELL @ 25.34 (VR:0.39)
[2026-05-19 13:28:57]  [行3] 解析成功: SZSE.301165 [锐捷网络] SELL @ 96.13 (VR:4.25)
[2026-05-19 13:28:57]  [行4] 解析成功: SZSE.300207 [欣旺达] SELL @ 24.86 (VR:0.72)
[2026-05-19 13:28:57]  [行5] 解析成功: SZSE.300677 [英科医疗] BUY @ 49.97 (VR:0.29)
[2026-05-19 13:28:57]  [行6] 解析成功: SZSE.300274 [阳光电源] SELL @ 157.7 (VR:0.11)
[2026-05-19 13:28:57]  [行7] 解析成功: SZSE.300393 [中来股份] SELL @ 11.05 (VR:1.06)
[2026-05-19 13:28:57]  [行8] 解析成功: SZSE.300449 [汉邦高科] SELL @ 9.34 (VR:0.37)
[2026-05-19 13:28:57]  [行9] 解析成功: SZSE.300868 [杰美特] SELL @ 92.28 (VR:2.43)
[2026-05-19 13:28:57]  [行10] 解析成功: SZSE.300953 [震裕科技] BUY @ 241.63 (VR:0.05)
[2026-05-19 13:28:57]  [行11] 解析成功: SZSE.300054 [鼎龙股份] BUY @ 75.47 (VR:0.28)
[2026-05-19 13:28:57]  [行12] 解析成功: SZSE.301171 [易点天下] SELL @ 46.25 (VR:1.86)
[2026-05-19 13:28:57]  [行13] 解析成功: SZSE.002202 [金风科技] SELL @ 25.26 (VR:0.17)
[2026-05-19 13:28:57]  [行14] 解析成功: SZSE.301165 [锐捷网络] SELL @ 95.64 (VR:0.27)
[2026-05-19 13:28:57]  [行15] 解析成功: SZSE.300207 [欣旺达] SELL @ 24.8 (VR:0.71)
[2026-05-19 13:28:57]  [行16] 解析成功: SZSE.300677 [英科医疗] BUY @ 50.25 (VR:0.05)
[2026-05-19 13:28:57]  [行17] 解析成功: SZSE.300274 [阳光电源] SELL @ 157.36 (VR:0.02)
[2026-05-19 13:28:57]  [行18] 解析成功: SZSE.300393 [中来股份] SELL @ 11.01 (VR:0.84)
[2026-05-19 13:28:57]  [行19] 解析成功: SZSE.300449 [汉邦高科] SELL @ 9.28 (VR:1.78)
[2026-05-19 13:28:57]  [行20] 解析成功: SZSE.300868 [杰美特] SELL @ 92.17 (VR:0.39)
[2026-05-19 13:28:57]  [行21] 解析成功: SZSE.300953 [震裕科技] BUY @ 242.85 (VR:0.66)
[2026-05-19 13:28:57]  [行22] 解析成功: SZSE.300054 [鼎龙股份] BUY @ 75.6 (VR:0.13)
[2026-05-19 13:28:57] 成功保存 22 条因子至: signal_batch_20260519_132857_323855.txt
[2026-05-19 13:28:57]  QQ-备用 邮件 939 处理完成
[2026-05-19 13:28:57]  QQ-备用 本轮共成功处理 1 封有效信号邮件
[2026-05-19 13:29:32]  正在连接 QQ-主 邮箱服务器 (497720537@qq.com) ...
[2026-05-19 13:29:33]  正在连接 QQ-备用 邮箱服务器 (shouqianbadavid@qq.com) ...
[2026-05-19 13:30:08]  正在连接 QQ-主 邮箱服务器 (497720537@qq.com) ...
[2026-05-19 13:30:09]  正在连接 QQ-备用 邮箱服务器 (shouqianbadavid@qq.com) ...
[2026-05-19 13:30:45]  正在连接 QQ-主 邮箱服务器 (497720537@qq.com) ...
[2026-05-19 13:30:46]  正在连接 QQ-备用 邮箱服务器 (shouqianbadavid@qq.com) ...
[2026-05-19 13:31:21]  正在连接 QQ-主 邮箱服务器 (497720537@qq.com) ...
[2026-05-19 13:31:22]  正在连接 QQ-备用 邮箱服务器 (shouqianbadavid@qq.com) ...
[2026-05-19 13:31:58]  正在连接 QQ-主 邮箱服务器 (497720537@qq.com) ...
[2026-05-19 13:31:59]  正在连接 QQ-备用 邮箱服务器 (shouqianbadavid@qq.com) ...
[2026-05-19 13:32:34]  正在连接 QQ-主 邮箱服务器 (497720537@qq.com) ...
[2026-05-19 13:32:35]  正在连接 QQ-备用 邮箱服务器 (shouqianbadavid@qq.com) ...
[2026-05-19 13:33:11]  正在连接 QQ-主 邮箱服务器 (497720537@qq.com) ...
[2026-05-19 13:33:11]  正在连接 QQ-备用 邮箱服务器 (shouqianbadavid@qq.com) ...
[2026-05-19 13:33:47]  正在连接 QQ-主 邮箱服务器 (497720537@qq.com) ...
[2026-05-19 13:33:48]  正在连接 QQ-备用 邮箱服务器 (shouqianbadavid@qq.com) ...
[2026-05-19 13:34:23]  正在连接 QQ-主 邮箱服务器 (497720537@qq.com) ...
[2026-05-19 13:34:24]  正在连接 QQ-备用 邮箱服务器 (shouqianbadavid@qq.com) ...
[2026-05-19 13:35:00]  正在连接 QQ-主 邮箱服务器 (497720537@qq.com) ...
[2026-05-19 13:35:00]  QQ-主 正在解析因子: =?utf-8?b?QWxwaGFQaWxvdCDlrp7ml7bkv6Hlj7cgKGFscGhhX3NpZ25hbF90aHJfMjAyNjA1MTlfMTMzNC5qc29uKSBb5Li7UVEt5a+55aSWXQ==?=
[2026-05-19 13:35:00]  发现表格，共 16 行数据
[2026-05-19 13:35:00]  动态索引映射: ['股票代码', '股票名称', '信号', '当前价格', '量比', '来源过滤']
[2026-05-19 13:35:00]  [行1] 解析成功: SZSE.300259 [新天科技] BUY @ 6.67 (VR:0.3)
[2026-05-19 13:35:00]  [行2] 解析成功: SZSE.300641 [正丹股份] BUY @ 15.74 (VR:2.52)
[2026-05-19 13:35:00]  [行3] 解析成功: SZSE.301389 [隆扬电子] SELL @ 72.21 (VR:0.27)
[2026-05-19 13:35:00]  [行4] 解析成功: SHSE.603353 [和顺电气] SELL @ 46.86 (VR:0.01)
[2026-05-19 13:35:00]  [行5] 解析成功: SHSE.688700 [东威科技] SELL @ 73.52 (VR:0.01)
[2026-05-19 13:35:00]  [行6] 解析成功: SHSE.603538 [美诺华] BUY @ 50.74 (VR:0.23)
[2026-05-19 13:35:00]  [行7] 解析成功: SZSE.300243 [瑞丰光电] BUY @ 18.75 (VR:0.13)
[2026-05-19 13:35:00]  [行8] 解析成功: SZSE.002980 [华盛昌] BUY @ 101.21 (VR:0.65)
[2026-05-19 13:35:00]  [行9] 解析成功: SZSE.300259 [新天科技] BUY @ 6.68 (VR:0.35)
[2026-05-19 13:35:00]  [行10] 解析成功: SZSE.300641 [正丹股份] BUY @ 15.76 (VR:0.54)
[2026-05-19 13:35:00]  [行11] 解析成功: SZSE.301389 [隆扬电子] SELL @ 72.11 (VR:0.35)
[2026-05-19 13:35:00]  [行12] 解析成功: SHSE.603353 [和顺电气] SELL @ 46.7 (VR:0.02)
[2026-05-19 13:35:00]  [行13] 解析成功: SHSE.688700 [东威科技] SELL @ 73.37 (VR:0.15)
[2026-05-19 13:35:00]  [行14] 解析成功: SHSE.603538 [美诺华] BUY @ 50.78 (VR:0.16)
[2026-05-19 13:35:00]  [行15] 解析成功: SZSE.300243 [瑞丰光电] BUY @ 18.85 (VR:0.6)
[2026-05-19 13:35:00]  [行16] 解析成功: SZSE.002980 [华盛昌] BUY @ 101.43 (VR:0.31)
[2026-05-19 13:35:00] 成功保存 16 条因子至: signal_batch_20260519_133500_486289.txt
[2026-05-19 13:35:00]  QQ-主 邮件 3642 处理完成
[2026-05-19 13:35:00]  QQ-主 本轮共成功处理 1 封有效信号邮件
[2026-05-19 13:35:00]  正在连接 QQ-备用 邮箱服务器 (shouqianbadavid@qq.com) ...
[2026-05-19 13:35:01]  QQ-备用 正在解析因子: =?utf-8?b?QWxwaGFQaWxvdCDlpIfku73kv6Hlj7cgKGFscGhhX3NpZ25hbF90aHJfMjAyNjA1MTlfMTMzNC5qc29uKSBb5aSHUVEt6Ieq5L+dXQ==?=
[2026-05-19 13:35:01]  发现表格，共 16 行数据
[2026-05-19 13:35:01]  动态索引映射: ['股票代码', '股票名称', '信号', '当前价格', '量比', '来源过滤']
[2026-05-19 13:35:01]  [行1] 解析成功: SZSE.300259 [新天科技] BUY @ 6.67 (VR:0.3)
[2026-05-19 13:35:01]  [行2] 解析成功: SZSE.300641 [正丹股份] BUY @ 15.74 (VR:2.52)
[2026-05-19 13:35:01]  [行3] 解析成功: SZSE.301389 [隆扬电子] SELL @ 72.21 (VR:0.27)
[2026-05-19 13:35:01]  [行4] 解析成功: SHSE.603353 [和顺电气] SELL @ 46.86 (VR:0.01)
[2026-05-19 13:35:01]  [行5] 解析成功: SHSE.688700 [东威科技] SELL @ 73.52 (VR:0.01)
[2026-05-19 13:35:01]  [行6] 解析成功: SHSE.603538 [美诺华] BUY @ 50.74 (VR:0.23)
[2026-05-19 13:35:01]  [行7] 解析成功: SZSE.300243 [瑞丰光电] BUY @ 18.75 (VR:0.13)
[2026-05-19 13:35:01]  [行8] 解析成功: SZSE.002980 [华盛昌] BUY @ 101.21 (VR:0.65)
[2026-05-19 13:35:01]  [行9] 解析成功: SZSE.300259 [新天科技] BUY @ 6.68 (VR:0.35)
[2026-05-19 13:35:01]  [行10] 解析成功: SZSE.300641 [正丹股份] BUY @ 15.76 (VR:0.54)
[2026-05-19 13:35:01]  [行11] 解析成功: SZSE.301389 [隆扬电子] SELL @ 72.11 (VR:0.35)
[2026-05-19 13:35:01]  [行12] 解析成功: SHSE.603353 [和顺电气] SELL @ 46.7 (VR:0.02)
[2026-05-19 13:35:01]  [行13] 解析成功: SHSE.688700 [东威科技] SELL @ 73.37 (VR:0.15)
[2026-05-19 13:35:01]  [行14] 解析成功: SHSE.603538 [美诺华] BUY @ 50.78 (VR:0.16)
[2026-05-19 13:35:01]  [行15] 解析成功: SZSE.300243 [瑞丰光电] BUY @ 18.85 (VR:0.6)
[2026-05-19 13:35:01]  [行16] 解析成功: SZSE.002980 [华盛昌] BUY @ 101.43 (VR:0.31)
[2026-05-19 13:35:01] 成功保存 16 条因子至: signal_batch_20260519_133501_477938.txt
[2026-05-19 13:35:01]  QQ-备用 邮件 940 处理完成
[2026-05-19 13:35:01]  QQ-备用 本轮共成功处理 1 封有效信号邮件
[2026-05-19 13:35:36]  正在连接 QQ-主 邮箱服务器 (497720537@qq.com) ...
[2026-05-19 13:35:37]  正在连接 QQ-备用 邮箱服务器 (shouqianbadavid@qq.com) ...
[2026-05-19 13:36:13]  正在连接 QQ-主 邮箱服务器 (497720537@qq.com) ...
[2026-05-19 13:36:14]  正在连接 QQ-备用 邮箱服务器 (shouqianbadavid@qq.com) ...
[2026-05-19 13:36:50]  正在连接 QQ-主 邮箱服务器 (497720537@qq.com) ...
[2026-05-19 13:36:51]  正在连接 QQ-备用 邮箱服务器 (shouqianbadavid@qq.com) ...
[2026-05-19 13:37:26]  正在连接 QQ-主 邮箱服务器 (497720537@qq.com) ...
[2026-05-19 13:37:27]  正在连接 QQ-备用 邮箱服务器 (shouqianbadavid@qq.com) ...
[2026-05-19 13:38:03]  正在连接 QQ-主 邮箱服务器 (497720537@qq.com) ...
[2026-05-19 13:38:04]  正在连接 QQ-备用 邮箱服务器 (shouqianbadavid@qq.com) ...
[2026-05-19 13:38:39]  正在连接 QQ-主 邮箱服务器 (497720537@qq.com) ...
[2026-05-19 13:38:40]  正在连接 QQ-备用 邮箱服务器 (shouqianbadavid@qq.com) ...
[2026-05-19 13:39:16]  正在连接 QQ-主 邮箱服务器 (497720537@qq.com) ...
[2026-05-19 13:39:16]  正在连接 QQ-备用 邮箱服务器 (shouqianbadavid@qq.com) ...
[2026-05-19 13:39:52]  正在连接 QQ-主 邮箱服务器 (497720537@qq.com) ...
[2026-05-19 13:39:53]  正在连接 QQ-备用 邮箱服务器 (shouqianbadavid@qq.com) ...
[2026-05-19 13:40:29]  正在连接 QQ-主 邮箱服务器 (497720537@qq.com) ...
[2026-05-19 13:40:29]  正在连接 QQ-备用 邮箱服务器 (shouqianbadavid@qq.com) ...
[2026-05-19 13:41:05]  正在连接 QQ-主 邮箱服务器 (497720537@qq.com) ...
[2026-05-19 13:41:06]  正在连接 QQ-备用 邮箱服务器 (shouqianbadavid@qq.com) ...
[2026-05-19 13:41:41]  正在连接 QQ-主 邮箱服务器 (497720537@qq.com) ...
[2026-05-19 13:41:42]  正在连接 QQ-备用 邮箱服务器 (shouqianbadavid@qq.com) ...
[2026-05-19 13:42:18]  正在连接 QQ-主 邮箱服务器 (497720537@qq.com) ...
[2026-05-19 13:42:19]  正在连接 QQ-备用 邮箱服务器 (shouqianbadavid@qq.com) ...
[2026-05-19 13:42:54]  正在连接 QQ-主 邮箱服务器 (497720537@qq.com) ...
[2026-05-19 13:42:55]  正在连接 QQ-备用 邮箱服务器 (shouqianbadavid@qq.com) ...
[2026-05-19 13:43:31]  正在连接 QQ-主 邮箱服务器 (497720537@qq.com) ...
[2026-05-19 13:43:32]  正在连接 QQ-备用 邮箱服务器 (shouqianbadavid@qq.com) ...
[2026-05-19 13:44:07]  正在连接 QQ-主 邮箱服务器 (497720537@qq.com) ...
[2026-05-19 13:44:08]  正在连接 QQ-备用 邮箱服务器 (shouqianbadavid@qq.com) ...
[2026-05-19 13:44:44]  正在连接 QQ-主 邮箱服务器 (497720537@qq.com) ...
[2026-05-19 13:44:44]  正在连接 QQ-备用 邮箱服务器 (shouqianbadavid@qq.com) ...
[2026-05-19 13:45:20]  正在连接 QQ-主 邮箱服务器 (497720537@qq.com) ...
[2026-05-19 13:45:21]  正在连接 QQ-备用 邮箱服务器 (shouqianbadavid@qq.com) ...
[2026-05-19 13:45:56]  正在连接 QQ-主 邮箱服务器 (497720537@qq.com) ...
[2026-05-19 13:45:57]  正在连接 QQ-备用 邮箱服务器 (shouqianbadavid@qq.com) ...
[2026-05-19 13:46:32]  正在连接 QQ-主 邮箱服务器 (497720537@qq.com) ...
[2026-05-19 13:46:33]  正在连接 QQ-备用 邮箱服务器 (shouqianbadavid@qq.com) ...
[2026-05-19 13:47:09]  正在连接 QQ-主 邮箱服务器 (497720537@qq.com) ...
[2026-05-19 13:47:10]  正在连接 QQ-备用 邮箱服务器 (shouqianbadavid@qq.com) ...
[2026-05-19 13:47:46]  正在连接 QQ-主 邮箱服务器 (497720537@qq.com) ...
[2026-05-19 13:47:46]  正在连接 QQ-备用 邮箱服务器 (shouqianbadavid@qq.com) ...
[2026-05-19 13:48:22]  正在连接 QQ-主 邮箱服务器 (497720537@qq.com) ...
[2026-05-19 13:48:22]  正在连接 QQ-备用 邮箱服务器 (shouqianbadavid@qq.com) ...
[2026-05-19 13:48:58]  正在连接 QQ-主 邮箱服务器 (497720537@qq.com) ...
[2026-05-19 13:48:59]  QQ-主 正在解析因子: =?utf-8?b?QWxwaGFQaWxvdCDlrp7ml7bkv6Hlj7cgKGFscGhhX3NpZ25hbF90aHJfMjAyNjA1MTlfMTM0OC5qc29uKSBb5Li7UVEt5a+55aSWXQ==?=
[2026-05-19 13:48:59]  发现表格，共 21 行数据
[2026-05-19 13:48:59]  动态索引映射: ['股票代码', '股票名称', '信号', '当前价格', '量比', '来源过滤']
[2026-05-19 13:48:59]  [行1] 解析成功: SZSE.300195 [长荣股份] BUY @ 6.74 (VR:0.0)
[2026-05-19 13:48:59]  [行2] 解析成功: SZSE.300763 [锦浪科技] BUY @ 106.62 (VR:0.14)
[2026-05-19 13:48:59]  [行3] 解析成功: SZSE.002015 [协鑫能科] SELL @ 22.3 (VR:0.4)
[2026-05-19 13:48:59]  [行4] 解析成功: SZSE.000912 [泸天化] BUY @ 4.09 (VR:0.17)
[2026-05-19 13:48:59]  [行5] 解析成功: SZSE.000533 [顺钠股份] SELL @ 13.68 (VR:1.0)
[2026-05-19 13:48:59]  [行6] 解析成功: SZSE.301226 [祥明智能] BUY @ 40.53 (VR:0.04)
[2026-05-19 13:48:59]  [行7] 解析成功: SZSE.300345 [华民股份] SELL @ 6.82 (VR:1.48)
[2026-05-19 13:48:59]  [行8] 解析成功: SZSE.002445 [中南文化] SELL @ 3.94 (VR:0.07)
[2026-05-19 13:48:59]  [行9] 解析成功: SHSE.600722 [金牛化工] BUY @ 12.07 (VR:0.11)
[2026-05-19 13:48:59]  [行10] 解析成功: SZSE.300724 [捷佳伟创] BUY @ 88.43 (VR:1.64)
[2026-05-19 13:48:59]  [行11] 解析成功: SZSE.301281 [利源制药] SELL @ 37.56 (VR:0.08)
[2026-05-19 13:48:59]  [行12] 解析成功: SZSE.300195 [长荣股份] BUY @ 6.74 (VR:0.01)
[2026-05-19 13:48:59]  [行13] 解析成功: SZSE.300763 [锦浪科技] BUY @ 107.01 (VR:0.33)
[2026-05-19 13:48:59]  [行14] 解析成功: SZSE.002015 [协鑫能科] SELL @ 22.24 (VR:0.73)
[2026-05-19 13:48:59]  [行15] 解析成功: SZSE.000912 [泸天化] BUY @ 4.1 (VR:0.03)
[2026-05-19 13:48:59]  [行16] 解析成功: SZSE.000533 [顺钠股份] SELL @ 13.66 (VR:0.57)
[2026-05-19 13:48:59]  [行17] 解析成功: SZSE.300345 [华民股份] SELL @ 6.81 (VR:0.18)
[2026-05-19 13:48:59]  [行18] 解析成功: SZSE.002445 [中南文化] SELL @ 3.92 (VR:0.03)
[2026-05-19 13:48:59]  [行19] 解析成功: SHSE.600722 [金牛化工] BUY @ 12.08 (VR:0.66)
[2026-05-19 13:48:59]  [行20] 解析成功: SZSE.300813 [泰林生物] BUY @ 24.25 (VR:0.03)
[2026-05-19 13:48:59]  [行21] 解析成功: SZSE.301281 [利源制药] SELL @ 37.53 (VR:0.17)
[2026-05-19 13:48:59] 成功保存 21 条因子至: signal_batch_20260519_134859_229257.txt
[2026-05-19 13:48:59]  QQ-主 邮件 3643 处理完成
[2026-05-19 13:48:59]  QQ-主 本轮共成功处理 1 封有效信号邮件
[2026-05-19 13:48:59]  正在连接 QQ-备用 邮箱服务器 (shouqianbadavid@qq.com) ...
[2026-05-19 13:49:35]  正在连接 QQ-主 邮箱服务器 (497720537@qq.com) ...
[2026-05-19 13:49:35]  正在连接 QQ-备用 邮箱服务器 (shouqianbadavid@qq.com) ...
[2026-05-19 13:49:36]  QQ-备用 正在解析因子: =?utf-8?b?QWxwaGFQaWxvdCDlpIfku73kv6Hlj7cgKGFscGhhX3NpZ25hbF90aHJfMjAyNjA1MTlfMTM0OC5qc29uKSBb5aSHUVEt6Ieq5L+dXQ==?=
[2026-05-19 13:49:36]  发现表格，共 21 行数据
[2026-05-19 13:49:36]  动态索引映射: ['股票代码', '股票名称', '信号', '当前价格', '量比', '来源过滤']
[2026-05-19 13:49:36]  [行1] 解析成功: SZSE.300195 [长荣股份] BUY @ 6.74 (VR:0.0)
[2026-05-19 13:49:36]  [行2] 解析成功: SZSE.300763 [锦浪科技] BUY @ 106.62 (VR:0.14)
[2026-05-19 13:49:36]  [行3] 解析成功: SZSE.002015 [协鑫能科] SELL @ 22.3 (VR:0.4)
[2026-05-19 13:49:36]  [行4] 解析成功: SZSE.000912 [泸天化] BUY @ 4.09 (VR:0.17)
[2026-05-19 13:49:36]  [行5] 解析成功: SZSE.000533 [顺钠股份] SELL @ 13.68 (VR:1.0)
[2026-05-19 13:49:36]  [行6] 解析成功: SZSE.301226 [祥明智能] BUY @ 40.53 (VR:0.04)
[2026-05-19 13:49:36]  [行7] 解析成功: SZSE.300345 [华民股份] SELL @ 6.82 (VR:1.48)
[2026-05-19 13:49:36]  [行8] 解析成功: SZSE.002445 [中南文化] SELL @ 3.94 (VR:0.07)
[2026-05-19 13:49:36]  [行9] 解析成功: SHSE.600722 [金牛化工] BUY @ 12.07 (VR:0.11)
[2026-05-19 13:49:36]  [行10] 解析成功: SZSE.300724 [捷佳伟创] BUY @ 88.43 (VR:1.64)
[2026-05-19 13:49:36]  [行11] 解析成功: SZSE.301281 [利源制药] SELL @ 37.56 (VR:0.08)
[2026-05-19 13:49:36]  [行12] 解析成功: SZSE.300195 [长荣股份] BUY @ 6.74 (VR:0.01)
[2026-05-19 13:49:36]  [行13] 解析成功: SZSE.300763 [锦浪科技] BUY @ 107.01 (VR:0.33)
[2026-05-19 13:49:36]  [行14] 解析成功: SZSE.002015 [协鑫能科] SELL @ 22.24 (VR:0.73)
[2026-05-19 13:49:36]  [行15] 解析成功: SZSE.000912 [泸天化] BUY @ 4.1 (VR:0.03)
[2026-05-19 13:49:36]  [行16] 解析成功: SZSE.000533 [顺钠股份] SELL @ 13.66 (VR:0.57)
[2026-05-19 13:49:36]  [行17] 解析成功: SZSE.300345 [华民股份] SELL @ 6.81 (VR:0.18)
[2026-05-19 13:49:36]  [行18] 解析成功: SZSE.002445 [中南文化] SELL @ 3.92 (VR:0.03)
[2026-05-19 13:49:36]  [行19] 解析成功: SHSE.600722 [金牛化工] BUY @ 12.08 (VR:0.66)
[2026-05-19 13:49:36]  [行20] 解析成功: SZSE.300813 [泰林生物] BUY @ 24.25 (VR:0.03)
[2026-05-19 13:49:36]  [行21] 解析成功: SZSE.301281 [利源制药] SELL @ 37.53 (VR:0.17)
[2026-05-19 13:49:36] 成功保存 21 条因子至: signal_batch_20260519_134936_457374.txt
[2026-05-19 13:49:36]  QQ-备用 邮件 941 处理完成
[2026-05-19 13:49:36]  QQ-备用 本轮共成功处理 1 封有效信号邮件
[2026-05-19 13:50:11]  正在连接 QQ-主 邮箱服务器 (497720537@qq.com) ...
[2026-05-19 13:50:12]  正在连接 QQ-备用 邮箱服务器 (shouqianbadavid@qq.com) ...
[2026-05-19 13:50:48]  正在连接 QQ-主 邮箱服务器 (497720537@qq.com) ...
[2026-05-19 13:50:49]  正在连接 QQ-备用 邮箱服务器 (shouqianbadavid@qq.com) ...
[2026-05-19 13:51:25]  正在连接 QQ-主 邮箱服务器 (497720537@qq.com) ...
[2026-05-19 13:51:26]  正在连接 QQ-备用 邮箱服务器 (shouqianbadavid@qq.com) ...
[2026-05-19 13:52:02]  正在连接 QQ-主 邮箱服务器 (497720537@qq.com) ...
[2026-05-19 13:52:02]  正在连接 QQ-备用 邮箱服务器 (shouqianbadavid@qq.com) ...
[2026-05-19 13:52:38]  正在连接 QQ-主 邮箱服务器 (497720537@qq.com) ...
[2026-05-19 13:52:39]  正在连接 QQ-备用 邮箱服务器 (shouqianbadavid@qq.com) ...
[2026-05-19 13:53:15]  正在连接 QQ-主 邮箱服务器 (497720537@qq.com) ...
[2026-05-19 13:53:15]  正在连接 QQ-备用 邮箱服务器 (shouqianbadavid@qq.com) ...
[2026-05-19 13:53:51]  正在连接 QQ-主 邮箱服务器 (497720537@qq.com) ...
[2026-05-19 13:53:52]  正在连接 QQ-备用 邮箱服务器 (shouqianbadavid@qq.com) ...
[2026-05-19 13:54:27]  正在连接 QQ-主 邮箱服务器 (497720537@qq.com) ...
[2026-05-19 13:54:27]  正在连接 QQ-备用 邮箱服务器 (shouqianbadavid@qq.com) ...
[2026-05-19 13:55:03]  正在连接 QQ-主 邮箱服务器 (497720537@qq.com) ...
[2026-05-19 13:55:04]  正在连接 QQ-备用 邮箱服务器 (shouqianbadavid@qq.com) ...
[2026-05-19 13:55:39]  正在连接 QQ-主 邮箱服务器 (497720537@qq.com) ...
[2026-05-19 13:55:40]  正在连接 QQ-备用 邮箱服务器 (shouqianbadavid@qq.com) ...
[2026-05-19 13:56:16]  正在连接 QQ-主 邮箱服务器 (497720537@qq.com) ...
[2026-05-19 13:56:17]  正在连接 QQ-备用 邮箱服务器 (shouqianbadavid@qq.com) ...
[2026-05-19 13:56:53]  正在连接 QQ-主 邮箱服务器 (497720537@qq.com) ...
[2026-05-19 13:56:53]  正在连接 QQ-备用 邮箱服务器 (shouqianbadavid@qq.com) ...
[2026-05-19 13:57:29]  正在连接 QQ-主 邮箱服务器 (497720537@qq.com) ...
[2026-05-19 13:57:30]  正在连接 QQ-备用 邮箱服务器 (shouqianbadavid@qq.com) ...
[2026-05-19 13:58:06]  正在连接 QQ-主 邮箱服务器 (497720537@qq.com) ...
[2026-05-19 13:58:06]  正在连接 QQ-备用 邮箱服务器 (shouqianbadavid@qq.com) ...
[2026-05-19 13:58:42]  正在连接 QQ-主 邮箱服务器 (497720537@qq.com) ...
[2026-05-19 13:58:43]  正在连接 QQ-备用 邮箱服务器 (shouqianbadavid@qq.com) ...
[2026-05-19 13:59:18]  正在连接 QQ-主 邮箱服务器 (497720537@qq.com) ...
[2026-05-19 13:59:19]  正在连接 QQ-备用 邮箱服务器 (shouqianbadavid@qq.com) ...
[2026-05-19 13:59:55]  正在连接 QQ-主 邮箱服务器 (497720537@qq.com) ...
[2026-05-19 13:59:56]  正在连接 QQ-备用 邮箱服务器 (shouqianbadavid@qq.com) ...
[2026-05-19 14:00:31]  正在连接 QQ-主 邮箱服务器 (497720537@qq.com) ...
[2026-05-19 14:00:32]  正在连接 QQ-备用 邮箱服务器 (shouqianbadavid@qq.com) ...
[2026-05-19 14:01:08]  正在连接 QQ-主 邮箱服务器 (497720537@qq.com) ...
[2026-05-19 14:01:09]  正在连接 QQ-备用 邮箱服务器 (shouqianbadavid@qq.com) ...
[2026-05-19 14:01:44]  正在连接 QQ-主 邮箱服务器 (497720537@qq.com) ...
[2026-05-19 14:01:45]  正在连接 QQ-备用 邮箱服务器 (shouqianbadavid@qq.com) ...
[2026-05-19 14:02:21]  正在连接 QQ-主 邮箱服务器 (497720537@qq.com) ...
[2026-05-19 14:02:22]  正在连接 QQ-备用 邮箱服务器 (shouqianbadavid@qq.com) ...
[2026-05-19 14:02:58]  正在连接 QQ-主 邮箱服务器 (497720537@qq.com) ...
[2026-05-19 14:02:59]  正在连接 QQ-备用 邮箱服务器 (shouqianbadavid@qq.com) ...
[2026-05-19 14:03:34]  正在连接 QQ-主 邮箱服务器 (497720537@qq.com) ...
[2026-05-19 14:03:35]  QQ-主 正在解析因子: =?utf-8?b?QWxwaGFQaWxvdCDlrp7ml7bkv6Hlj7cgKGFscGhhX3NpZ25hbF90aHJfMjAyNjA1MTlfMTQwMy5qc29uKSBb5Li7UVEt5a+55aSWXQ==?=
[2026-05-19 14:03:35]  发现表格，共 17 行数据
[2026-05-19 14:03:35]  动态索引映射: ['股票代码', '股票名称', '信号', '当前价格', '量比', '来源过滤']
[2026-05-19 14:03:35]  [行1] 解析成功: SZSE.002475 [立讯精密] BUY @ 71.6 (VR:0.81)
[2026-05-19 14:03:35]  [行2] 解析成功: SZSE.002925 [盈趣科技] BUY @ 20.92 (VR:1.01)
[2026-05-19 14:03:35]  [行3] 解析成功: SZSE.000536 [华映科技] BUY @ 3.95 (VR:0.0)
[2026-05-19 14:03:35]  [行4] 解析成功: SZSE.002240 [盛新锂能] SELL @ 48.67 (VR:0.53)
[2026-05-19 14:03:35]  [行5] 解析成功: SZSE.002285 [世联行] BUY @ 3.11 (VR:0.01)
[2026-05-19 14:03:35]  [行6] 解析成功: SZSE.300432 [富临精工] BUY @ 23.91 (VR:0.09)
[2026-05-19 14:03:35]  [行7] 解析成功: SHSE.688617 [惠泰医疗] SELL @ 223.05 (VR:5.59)
[2026-05-19 14:03:35]  [行8] 解析成功: SHSE.688617 [惠泰医疗] SELL @ 223.03 (VR:5.82)
[2026-05-19 14:03:35]  [行9] 解析成功: SZSE.002683 [宏大爆破] BUY @ 37.7 (VR:0.35)
[2026-05-19 14:03:35]  [行10] 解析成功: SZSE.002300 [太阳电缆] BUY @ 10.26 (VR:0.25)
[2026-05-19 14:03:35]  [行11] 解析成功: SZSE.002475 [立讯精密] BUY @ 71.73 (VR:0.51)
[2026-05-19 14:03:35]  [行12] 解析成功: SZSE.002240 [盛新锂能] SELL @ 48.65 (VR:0.26)
[2026-05-19 14:03:35]  [行13] 解析成功: SZSE.300693 [盛弘股份] SELL @ 60.37 (VR:1.2)
[2026-05-19 14:03:35]  [行14] 解析成功: SZSE.001309 [德利明] SELL @ 698.39 (VR:0.94)
[2026-05-19 14:03:35]  [行15] 解析成功: SZSE.300432 [富临精工] BUY @ 23.98 (VR:0.13)
[2026-05-19 14:03:35]  [行16] 解析成功: SHSE.688617 [惠泰医疗] SELL @ 223.07 (VR:0.42)
[2026-05-19 14:03:35]  [行17] 解析成功: SHSE.688617 [惠泰医疗] SELL @ 223.01 (VR:1.63)
[2026-05-19 14:03:36] 成功保存 17 条因子至: signal_batch_20260519_140336_238945.txt
[2026-05-19 14:03:36]  QQ-主 邮件 3644 处理完成
[2026-05-19 14:03:36]  QQ-主 本轮共成功处理 1 封有效信号邮件
[2026-05-19 14:03:36]  正在连接 QQ-备用 邮箱服务器 (shouqianbadavid@qq.com) ...
[2026-05-19 14:04:12]  正在连接 QQ-主 邮箱服务器 (497720537@qq.com) ...
[2026-05-19 14:04:12]  正在连接 QQ-备用 邮箱服务器 (shouqianbadavid@qq.com) ...
[2026-05-19 14:04:13]  QQ-备用 正在解析因子: =?utf-8?b?QWxwaGFQaWxvdCDlpIfku73kv6Hlj7cgKGFscGhhX3NpZ25hbF90aHJfMjAyNjA1MTlfMTQwMy5qc29uKSBb5aSHUVEt6Ieq5L+dXQ==?=
[2026-05-19 14:04:13]  发现表格，共 17 行数据
[2026-05-19 14:04:13]  动态索引映射: ['股票代码', '股票名称', '信号', '当前价格', '量比', '来源过滤']
[2026-05-19 14:04:13]  [行1] 解析成功: SZSE.002475 [立讯精密] BUY @ 71.6 (VR:0.81)
[2026-05-19 14:04:13]  [行2] 解析成功: SZSE.002925 [盈趣科技] BUY @ 20.92 (VR:1.01)
[2026-05-19 14:04:13]  [行3] 解析成功: SZSE.000536 [华映科技] BUY @ 3.95 (VR:0.0)
[2026-05-19 14:04:13]  [行4] 解析成功: SZSE.002240 [盛新锂能] SELL @ 48.67 (VR:0.53)
[2026-05-19 14:04:13]  [行5] 解析成功: SZSE.002285 [世联行] BUY @ 3.11 (VR:0.01)
[2026-05-19 14:04:13]  [行6] 解析成功: SZSE.300432 [富临精工] BUY @ 23.91 (VR:0.09)
[2026-05-19 14:04:13]  [行7] 解析成功: SHSE.688617 [惠泰医疗] SELL @ 223.05 (VR:5.59)
[2026-05-19 14:04:13]  [行8] 解析成功: SHSE.688617 [惠泰医疗] SELL @ 223.03 (VR:5.82)
[2026-05-19 14:04:13]  [行9] 解析成功: SZSE.002683 [宏大爆破] BUY @ 37.7 (VR:0.35)
[2026-05-19 14:04:13]  [行10] 解析成功: SZSE.002300 [太阳电缆] BUY @ 10.26 (VR:0.25)
[2026-05-19 14:04:13]  [行11] 解析成功: SZSE.002475 [立讯精密] BUY @ 71.73 (VR:0.51)
[2026-05-19 14:04:13]  [行12] 解析成功: SZSE.002240 [盛新锂能] SELL @ 48.65 (VR:0.26)
[2026-05-19 14:04:13]  [行13] 解析成功: SZSE.300693 [盛弘股份] SELL @ 60.37 (VR:1.2)
[2026-05-19 14:04:13]  [行14] 解析成功: SZSE.001309 [德利明] SELL @ 698.39 (VR:0.94)
[2026-05-19 14:04:13]  [行15] 解析成功: SZSE.300432 [富临精工] BUY @ 23.98 (VR:0.13)
[2026-05-19 14:04:13]  [行16] 解析成功: SHSE.688617 [惠泰医疗] SELL @ 223.07 (VR:0.42)
[2026-05-19 14:04:13]  [行17] 解析成功: SHSE.688617 [惠泰医疗] SELL @ 223.01 (VR:1.63)
[2026-05-19 14:04:14] 成功保存 17 条因子至: signal_batch_20260519_140414_013202.txt
[2026-05-19 14:04:14]  QQ-备用 邮件 942 处理完成
[2026-05-19 14:04:14]  QQ-备用 本轮共成功处理 1 封有效信号邮件
[2026-05-19 14:04:49]  正在连接 QQ-主 邮箱服务器 (497720537@qq.com) ...
[2026-05-19 14:04:50]  正在连接 QQ-备用 邮箱服务器 (shouqianbadavid@qq.com) ...
[2026-05-19 14:05:25]  正在连接 QQ-主 邮箱服务器 (497720537@qq.com) ...
[2026-05-19 14:05:27]  正在连接 QQ-备用 邮箱服务器 (shouqianbadavid@qq.com) ...
[2026-05-19 14:06:03]  正在连接 QQ-主 邮箱服务器 (497720537@qq.com) ...
[2026-05-19 14:06:03]  正在连接 QQ-备用 邮箱服务器 (shouqianbadavid@qq.com) ...
[2026-05-19 14:06:39]  正在连接 QQ-主 邮箱服务器 (497720537@qq.com) ...
[2026-05-19 14:06:40]  正在连接 QQ-备用 邮箱服务器 (shouqianbadavid@qq.com) ...
[2026-05-19 14:07:16]  正在连接 QQ-主 邮箱服务器 (497720537@qq.com) ...
[2026-05-19 14:07:16]  正在连接 QQ-备用 邮箱服务器 (shouqianbadavid@qq.com) ...
[2026-05-19 14:07:52]  正在连接 QQ-主 邮箱服务器 (497720537@qq.com) ...
[2026-05-19 14:07:53]  正在连接 QQ-备用 邮箱服务器 (shouqianbadavid@qq.com) ...
[2026-05-19 14:08:29]  正在连接 QQ-主 邮箱服务器 (497720537@qq.com) ...
[2026-05-19 14:08:30]  正在连接 QQ-备用 邮箱服务器 (shouqianbadavid@qq.com) ...
[2026-05-19 14:09:05]  正在连接 QQ-主 邮箱服务器 (497720537@qq.com) ...
[2026-05-19 14:09:06]  正在连接 QQ-备用 邮箱服务器 (shouqianbadavid@qq.com) ...
[2026-05-19 14:09:42]  正在连接 QQ-主 邮箱服务器 (497720537@qq.com) ...
[2026-05-19 14:09:43]  正在连接 QQ-备用 邮箱服务器 (shouqianbadavid@qq.com) ...
[2026-05-19 14:10:18]  正在连接 QQ-主 邮箱服务器 (497720537@qq.com) ...
[2026-05-19 14:10:19]  正在连接 QQ-备用 邮箱服务器 (shouqianbadavid@qq.com) ...
[2026-05-19 14:10:55]  正在连接 QQ-主 邮箱服务器 (497720537@qq.com) ...
[2026-05-19 14:10:55]  正在连接 QQ-备用 邮箱服务器 (shouqianbadavid@qq.com) ...
[2026-05-19 14:11:31]  正在连接 QQ-主 邮箱服务器 (497720537@qq.com) ...
[2026-05-19 14:11:32]  正在连接 QQ-备用 邮箱服务器 (shouqianbadavid@qq.com) ...
[2026-05-19 14:12:07]  正在连接 QQ-主 邮箱服务器 (497720537@qq.com) ...
[2026-05-19 14:12:08]  正在连接 QQ-备用 邮箱服务器 (shouqianbadavid@qq.com) ...
[2026-05-19 14:12:43]  正在连接 QQ-主 邮箱服务器 (497720537@qq.com) ...
[2026-05-19 14:12:44]  正在连接 QQ-备用 邮箱服务器 (shouqianbadavid@qq.com) ...
[2026-05-19 14:13:20]  正在连接 QQ-主 邮箱服务器 (497720537@qq.com) ...
[2026-05-19 14:13:21]  正在连接 QQ-备用 邮箱服务器 (shouqianbadavid@qq.com) ...
[2026-05-19 14:13:56]  正在连接 QQ-主 邮箱服务器 (497720537@qq.com) ...
[2026-05-19 14:13:57]  正在连接 QQ-备用 邮箱服务器 (shouqianbadavid@qq.com) ...
[2026-05-19 14:14:33]  正在连接 QQ-主 邮箱服务器 (497720537@qq.com) ...
[2026-05-19 14:14:34]  正在连接 QQ-备用 邮箱服务器 (shouqianbadavid@qq.com) ...
[2026-05-19 14:15:09]  正在连接 QQ-主 邮箱服务器 (497720537@qq.com) ...
[2026-05-19 14:15:10]  正在连接 QQ-备用 邮箱服务器 (shouqianbadavid@qq.com) ...
[2026-05-19 14:15:46]  正在连接 QQ-主 邮箱服务器 (497720537@qq.com) ...
[2026-05-19 14:15:47]  正在连接 QQ-备用 邮箱服务器 (shouqianbadavid@qq.com) ...
[2026-05-19 14:16:22]  正在连接 QQ-主 邮箱服务器 (497720537@qq.com) ...
[2026-05-19 14:16:23]  正在连接 QQ-备用 邮箱服务器 (shouqianbadavid@qq.com) ...
[2026-05-19 14:16:58]  正在连接 QQ-主 邮箱服务器 (497720537@qq.com) ...
[2026-05-19 14:16:59]  QQ-主 正在解析因子: =?utf-8?b?QWxwaGFQaWxvdCDlrp7ml7bkv6Hlj7cgKGFscGhhX3NpZ25hbF90aHJfMjAyNjA1MTlfMTQxNi5qc29uKSBb5Li7UVEt5a+55aSWXQ==?=
[2026-05-19 14:16:59]  发现表格，共 22 行数据
[2026-05-19 14:16:59]  动态索引映射: ['股票代码', '股票名称', '信号', '当前价格', '量比', '来源过滤']
[2026-05-19 14:16:59]  [行1] 解析成功: SZSE.301165 [锐捷网络] SELL @ 95.57 (VR:0.19)
[2026-05-19 14:16:59]  [行2] 解析成功: SZSE.300677 [英科医疗] SELL @ 50.36 (VR:0.04)
[2026-05-19 14:16:59]  [行3] 解析成功: SZSE.002611 [东方精工] BUY @ 20.43 (VR:0.28)
[2026-05-19 14:16:59]  [行4] 解析成功: SZSE.301071 [力量钻石] SELL @ 57.18 (VR:1.21)
[2026-05-19 14:16:59]  [行5] 解析成功: SZSE.300449 [汉邦高科] SELL @ 9.34 (VR:0.87)
[2026-05-19 14:16:59]  [行6] 解析成功: SZSE.300868 [杰美特] BUY @ 92.88 (VR:2.59)
[2026-05-19 14:16:59]  [行7] 解析成功: SZSE.300953 [震裕科技] BUY @ 241.21 (VR:0.11)
[2026-05-19 14:16:59]  [行8] 解析成功: SZSE.300054 [鼎龙股份] BUY @ 76.44 (VR:0.97)
[2026-05-19 14:16:59]  [行9] 解析成功: SHSE.600989 [宝丰能源] SELL @ 28.02 (VR:0.77)
[2026-05-19 14:16:59]  [行10] 解析成功: SZSE.002455 [百川股份] SELL @ 9.6 (VR:0.07)
[2026-05-19 14:16:59]  [行11] 解析成功: SZSE.301165 [锐捷网络] SELL @ 95.27 (VR:0.07)
[2026-05-19 14:16:59]  [行12] 解析成功: SZSE.300037 [新宙邦] BUY @ 64.11 (VR:0.83)
[2026-05-19 14:16:59]  [行13] 解析成功: SZSE.300207 [欣旺达] SELL @ 24.75 (VR:1.8)
[2026-05-19 14:16:59]  [行14] 解析成功: SZSE.300677 [英科医疗] SELL @ 50.3 (VR:0.48)
[2026-05-19 14:16:59]  [行15] 解析成功: SZSE.300285 [国瓷材料] SELL @ 43.0 (VR:0.81)
[2026-05-19 14:16:59]  [行16] 解析成功: SZSE.301278 [快克股份] SELL @ 40.15 (VR:0.11)
[2026-05-19 14:16:59]  [行17] 解析成功: SZSE.002611 [东方精工] BUY @ 20.45 (VR:4.1)
[2026-05-19 14:16:59]  [行18] 解析成功: SZSE.300930 [屹通新材] SELL @ 33.46 (VR:0.21)
[2026-05-19 14:16:59]  [行19] 解析成功: SZSE.300449 [汉邦高科] SELL @ 9.33 (VR:0.17)
[2026-05-19 14:16:59]  [行20] 解析成功: SZSE.300868 [杰美特] BUY @ 92.89 (VR:0.29)
[2026-05-19 14:16:59]  [行21] 解析成功: SZSE.300953 [震裕科技] BUY @ 241.57 (VR:0.03)
[2026-05-19 14:16:59]  [行22] 解析成功: SZSE.300054 [鼎龙股份] BUY @ 76.7 (VR:0.15)
[2026-05-19 14:16:59] 成功保存 22 条因子至: signal_batch_20260519_141659_814475.txt
[2026-05-19 14:17:00]  QQ-主 邮件 3645 处理完成
[2026-05-19 14:17:00]  QQ-主 本轮共成功处理 1 封有效信号邮件
[2026-05-19 14:17:00]  正在连接 QQ-备用 邮箱服务器 (shouqianbadavid@qq.com) ...
[2026-05-19 14:17:35]  正在连接 QQ-主 邮箱服务器 (497720537@qq.com) ...
[2026-05-19 14:17:37]  正在连接 QQ-备用 邮箱服务器 (shouqianbadavid@qq.com) ...
[2026-05-19 14:17:37]  QQ-备用 正在解析因子: =?utf-8?b?QWxwaGFQaWxvdCDlpIfku73kv6Hlj7cgKGFscGhhX3NpZ25hbF90aHJfMjAyNjA1MTlfMTQxNi5qc29uKSBb5aSHUVEt6Ieq5L+dXQ==?=
[2026-05-19 14:17:37]  发现表格，共 22 行数据
[2026-05-19 14:17:37]  动态索引映射: ['股票代码', '股票名称', '信号', '当前价格', '量比', '来源过滤']
[2026-05-19 14:17:37]  [行1] 解析成功: SZSE.301165 [锐捷网络] SELL @ 95.57 (VR:0.19)
[2026-05-19 14:17:37]  [行2] 解析成功: SZSE.300677 [英科医疗] SELL @ 50.36 (VR:0.04)
[2026-05-19 14:17:37]  [行3] 解析成功: SZSE.002611 [东方精工] BUY @ 20.43 (VR:0.28)
[2026-05-19 14:17:37]  [行4] 解析成功: SZSE.301071 [力量钻石] SELL @ 57.18 (VR:1.21)
[2026-05-19 14:17:37]  [行5] 解析成功: SZSE.300449 [汉邦高科] SELL @ 9.34 (VR:0.87)
[2026-05-19 14:17:37]  [行6] 解析成功: SZSE.300868 [杰美特] BUY @ 92.88 (VR:2.59)
[2026-05-19 14:17:37]  [行7] 解析成功: SZSE.300953 [震裕科技] BUY @ 241.21 (VR:0.11)
[2026-05-19 14:17:37]  [行8] 解析成功: SZSE.300054 [鼎龙股份] BUY @ 76.44 (VR:0.97)
[2026-05-19 14:17:37]  [行9] 解析成功: SHSE.600989 [宝丰能源] SELL @ 28.02 (VR:0.77)
[2026-05-19 14:17:37]  [行10] 解析成功: SZSE.002455 [百川股份] SELL @ 9.6 (VR:0.07)
[2026-05-19 14:17:37]  [行11] 解析成功: SZSE.301165 [锐捷网络] SELL @ 95.27 (VR:0.07)
[2026-05-19 14:17:37]  [行12] 解析成功: SZSE.300037 [新宙邦] BUY @ 64.11 (VR:0.83)
[2026-05-19 14:17:37]  [行13] 解析成功: SZSE.300207 [欣旺达] SELL @ 24.75 (VR:1.8)
[2026-05-19 14:17:37]  [行14] 解析成功: SZSE.300677 [英科医疗] SELL @ 50.3 (VR:0.48)
[2026-05-19 14:17:37]  [行15] 解析成功: SZSE.300285 [国瓷材料] SELL @ 43.0 (VR:0.81)
[2026-05-19 14:17:37]  [行16] 解析成功: SZSE.301278 [快克股份] SELL @ 40.15 (VR:0.11)
[2026-05-19 14:17:37]  [行17] 解析成功: SZSE.002611 [东方精工] BUY @ 20.45 (VR:4.1)
[2026-05-19 14:17:37]  [行18] 解析成功: SZSE.300930 [屹通新材] SELL @ 33.46 (VR:0.21)
[2026-05-19 14:17:37]  [行19] 解析成功: SZSE.300449 [汉邦高科] SELL @ 9.33 (VR:0.17)
[2026-05-19 14:17:37]  [行20] 解析成功: SZSE.300868 [杰美特] BUY @ 92.89 (VR:0.29)
[2026-05-19 14:17:37]  [行21] 解析成功: SZSE.300953 [震裕科技] BUY @ 241.57 (VR:0.03)
[2026-05-19 14:17:37]  [行22] 解析成功: SZSE.300054 [鼎龙股份] BUY @ 76.7 (VR:0.15)
[2026-05-19 14:17:37] 成功保存 22 条因子至: signal_batch_20260519_141737_927933.txt
[2026-05-19 14:17:38]  QQ-备用 邮件 943 处理完成
[2026-05-19 14:17:38]  QQ-备用 本轮共成功处理 1 封有效信号邮件
[2026-05-19 14:18:13]  正在连接 QQ-主 邮箱服务器 (497720537@qq.com) ...
[2026-05-19 14:18:14]  正在连接 QQ-备用 邮箱服务器 (shouqianbadavid@qq.com) ...
[2026-05-19 14:18:50]  正在连接 QQ-主 邮箱服务器 (497720537@qq.com) ...
[2026-05-19 14:18:51]  正在连接 QQ-备用 邮箱服务器 (shouqianbadavid@qq.com) ...
[2026-05-19 14:19:26]  正在连接 QQ-主 邮箱服务器 (497720537@qq.com) ...
[2026-05-19 14:19:27]  正在连接 QQ-备用 邮箱服务器 (shouqianbadavid@qq.com) ...
[2026-05-19 14:20:02]  正在连接 QQ-主 邮箱服务器 (497720537@qq.com) ...
[2026-05-19 14:20:03]  正在连接 QQ-备用 邮箱服务器 (shouqianbadavid@qq.com) ...
[2026-05-19 14:20:38]  正在连接 QQ-主 邮箱服务器 (497720537@qq.com) ...
[2026-05-19 14:20:39]  正在连接 QQ-备用 邮箱服务器 (shouqianbadavid@qq.com) ...
[2026-05-19 14:21:15]  正在连接 QQ-主 邮箱服务器 (497720537@qq.com) ...
[2026-05-19 14:21:15]  正在连接 QQ-备用 邮箱服务器 (shouqianbadavid@qq.com) ...
[2026-05-19 14:21:51]  正在连接 QQ-主 邮箱服务器 (497720537@qq.com) ...
[2026-05-19 14:21:52]  正在连接 QQ-备用 邮箱服务器 (shouqianbadavid@qq.com) ...
[2026-05-19 14:22:28]  正在连接 QQ-主 邮箱服务器 (497720537@qq.com) ...
[2026-05-19 14:22:28]  正在连接 QQ-备用 邮箱服务器 (shouqianbadavid@qq.com) ...
[2026-05-19 14:23:04]  正在连接 QQ-主 邮箱服务器 (497720537@qq.com) ...
[2026-05-19 14:23:05]  正在连接 QQ-备用 邮箱服务器 (shouqianbadavid@qq.com) ...
[2026-05-19 14:23:41]  正在连接 QQ-主 邮箱服务器 (497720537@qq.com) ...
[2026-05-19 14:23:41]  正在连接 QQ-备用 邮箱服务器 (shouqianbadavid@qq.com) ...
[2026-05-19 14:24:17]  正在连接 QQ-主 邮箱服务器 (497720537@qq.com) ...
[2026-05-19 14:24:18]  正在连接 QQ-备用 邮箱服务器 (shouqianbadavid@qq.com) ...
[2026-05-19 14:24:53]  正在连接 QQ-主 邮箱服务器 (497720537@qq.com) ...
[2026-05-19 14:24:54]  正在连接 QQ-备用 邮箱服务器 (shouqianbadavid@qq.com) ...
[2026-05-19 14:25:30]  正在连接 QQ-主 邮箱服务器 (497720537@qq.com) ...
[2026-05-19 14:25:30]  正在连接 QQ-备用 邮箱服务器 (shouqianbadavid@qq.com) ...
[2026-05-19 14:26:06]  正在连接 QQ-主 邮箱服务器 (497720537@qq.com) ...
[2026-05-19 14:26:07]  正在连接 QQ-备用 邮箱服务器 (shouqianbadavid@qq.com) ...
[2026-05-19 14:26:43]  正在连接 QQ-主 邮箱服务器 (497720537@qq.com) ...
[2026-05-19 14:26:43]  正在连接 QQ-备用 邮箱服务器 (shouqianbadavid@qq.com) ...
[2026-05-19 14:27:19]  正在连接 QQ-主 邮箱服务器 (497720537@qq.com) ...
[2026-05-19 14:27:20]  正在连接 QQ-备用 邮箱服务器 (shouqianbadavid@qq.com) ...
[2026-05-19 14:27:55]  正在连接 QQ-主 邮箱服务器 (497720537@qq.com) ...
[2026-05-19 14:27:56]  QQ-主 正在解析因子: =?utf-8?b?QWxwaGFQaWxvdCDlrp7ml7bkv6Hlj7cgKGFscGhhX3NpZ25hbF90aHJfMjAyNjA1MTlfMTQyNy5qc29uKSBb5Li7UVEt5a+55aSWXQ==?=
[2026-05-19 14:27:56]  发现表格，共 24 行数据
[2026-05-19 14:27:56]  动态索引映射: ['股票代码', '股票名称', '信号', '当前价格', '量比', '来源过滤']
[2026-05-19 14:27:56]  [行1] 解析成功: SZSE.301158 [万集科技] BUY @ 25.87 (VR:1.49)
[2026-05-19 14:27:56]  [行2] 解析成功: SZSE.300259 [新天科技] BUY @ 6.64 (VR:3.18)
[2026-05-19 14:27:56]  [行3] 解析成功: SZSE.300461 [田中精机] SELL @ 51.52 (VR:0.91)
[2026-05-19 14:27:56]  [行4] 解析成功: SZSE.301389 [隆扬电子] SELL @ 71.96 (VR:0.93)
[2026-05-19 14:27:56]  [行5] 解析成功: SZSE.300468 [四方精创] BUY @ 27.36 (VR:0.86)
[2026-05-19 14:27:56]  [行6] 解析成功: SHSE.603353 [和顺电气] SELL @ 47.44 (VR:0.59)
[2026-05-19 14:27:56]  [行7] 解析成功: SHSE.688700 [东威科技] SELL @ 73.64 (VR:0.12)
[2026-05-19 14:27:56]  [行8] 解析成功: SHSE.688689 [银河微电] BUY @ 43.36 (VR:0.26)
[2026-05-19 14:27:56]  [行9] 解析成功: SHSE.603538 [美诺华] SELL @ 50.79 (VR:1.27)
[2026-05-19 14:27:56]  [行10] 解析成功: SZSE.300243 [瑞丰光电] SELL @ 18.76 (VR:0.2)
[2026-05-19 14:27:56]  [行11] 解析成功: SZSE.002980 [华盛昌] BUY @ 103.47 (VR:1.05)
[2026-05-19 14:27:56]  [行12] 解析成功: SZSE.300259 [新天科技] BUY @ 6.7 (VR:0.62)
[2026-05-19 14:27:56]  [行13] 解析成功: SZSE.301018 [申菱环境] SELL @ 144.32 (VR:0.05)
[2026-05-19 14:27:57]  [行14] 解析成功: SZSE.300461 [田中精机] BUY @ 51.86 (VR:0.85)
[2026-05-19 14:27:57]  [行15] 解析成功: SZSE.301389 [隆扬电子] SELL @ 71.88 (VR:0.18)
[2026-05-19 14:27:57]  [行16] 解析成功: SZSE.300468 [四方精创] BUY @ 27.38 (VR:0.14)
[2026-05-19 14:27:57]  [行17] 解析成功: SZSE.301449 [天溯计量] BUY @ 70.7 (VR:0.25)
[2026-05-19 14:27:57]  [行18] 解析成功: SHSE.603353 [和顺电气] SELL @ 47.28 (VR:0.34)
[2026-05-19 14:27:57]  [行19] 解析成功: SHSE.688700 [东威科技] SELL @ 73.47 (VR:0.42)
[2026-05-19 14:27:57]  [行20] 解析成功: SHSE.688689 [银河微电] BUY @ 43.46 (VR:0.95)
[2026-05-19 14:27:57]  [行21] 解析成功: SHSE.603538 [美诺华] SELL @ 50.71 (VR:0.12)
[2026-05-19 14:27:57]  [行22] 解析成功: SZSE.300243 [瑞丰光电] SELL @ 18.71 (VR:0.13)
[2026-05-19 14:27:57]  [行23] 解析成功: SZSE.002980 [华盛昌] BUY @ 103.55 (VR:1.85)
[2026-05-19 14:27:57]  [行24] 解析成功: SZSE.300672 [国科微] SELL @ 239.37 (VR:1.39)
[2026-05-19 14:27:57] 成功保存 24 条因子至: signal_batch_20260519_142757_260557.txt
[2026-05-19 14:27:57]  QQ-主 邮件 3646 处理完成
[2026-05-19 14:27:57]  QQ-主 本轮共成功处理 1 封有效信号邮件
[2026-05-19 14:27:57]  正在连接 QQ-备用 邮箱服务器 (shouqianbadavid@qq.com) ...
[2026-05-19 14:28:33]  正在连接 QQ-主 邮箱服务器 (497720537@qq.com) ...
[2026-05-19 14:28:34]  正在连接 QQ-备用 邮箱服务器 (shouqianbadavid@qq.com) ...
[2026-05-19 14:28:35]  QQ-备用 正在解析因子: =?utf-8?b?QWxwaGFQaWxvdCDlpIfku73kv6Hlj7cgKGFscGhhX3NpZ25hbF90aHJfMjAyNjA1MTlfMTQyNy5qc29uKSBb5aSHUVEt6Ieq5L+dXQ==?=
[2026-05-19 14:28:35]  发现表格，共 24 行数据
[2026-05-19 14:28:35]  动态索引映射: ['股票代码', '股票名称', '信号', '当前价格', '量比', '来源过滤']
[2026-05-19 14:28:35]  [行1] 解析成功: SZSE.301158 [万集科技] BUY @ 25.87 (VR:1.49)
[2026-05-19 14:28:35]  [行2] 解析成功: SZSE.300259 [新天科技] BUY @ 6.64 (VR:3.18)
[2026-05-19 14:28:35]  [行3] 解析成功: SZSE.300461 [田中精机] SELL @ 51.52 (VR:0.91)
[2026-05-19 14:28:35]  [行4] 解析成功: SZSE.301389 [隆扬电子] SELL @ 71.96 (VR:0.93)
[2026-05-19 14:28:35]  [行5] 解析成功: SZSE.300468 [四方精创] BUY @ 27.36 (VR:0.86)
[2026-05-19 14:28:35]  [行6] 解析成功: SHSE.603353 [和顺电气] SELL @ 47.44 (VR:0.59)
[2026-05-19 14:28:35]  [行7] 解析成功: SHSE.688700 [东威科技] SELL @ 73.64 (VR:0.12)
[2026-05-19 14:28:35]  [行8] 解析成功: SHSE.688689 [银河微电] BUY @ 43.36 (VR:0.26)
[2026-05-19 14:28:35]  [行9] 解析成功: SHSE.603538 [美诺华] SELL @ 50.79 (VR:1.27)
[2026-05-19 14:28:35]  [行10] 解析成功: SZSE.300243 [瑞丰光电] SELL @ 18.76 (VR:0.2)
[2026-05-19 14:28:35]  [行11] 解析成功: SZSE.002980 [华盛昌] BUY @ 103.47 (VR:1.05)
[2026-05-19 14:28:35]  [行12] 解析成功: SZSE.300259 [新天科技] BUY @ 6.7 (VR:0.62)
[2026-05-19 14:28:35]  [行13] 解析成功: SZSE.301018 [申菱环境] SELL @ 144.32 (VR:0.05)
[2026-05-19 14:28:35]  [行14] 解析成功: SZSE.300461 [田中精机] BUY @ 51.86 (VR:0.85)
[2026-05-19 14:28:35]  [行15] 解析成功: SZSE.301389 [隆扬电子] SELL @ 71.88 (VR:0.18)
[2026-05-19 14:28:35]  [行16] 解析成功: SZSE.300468 [四方精创] BUY @ 27.38 (VR:0.14)
[2026-05-19 14:28:35]  [行17] 解析成功: SZSE.301449 [天溯计量] BUY @ 70.7 (VR:0.25)
[2026-05-19 14:28:35]  [行18] 解析成功: SHSE.603353 [和顺电气] SELL @ 47.28 (VR:0.34)
[2026-05-19 14:28:35]  [行19] 解析成功: SHSE.688700 [东威科技] SELL @ 73.47 (VR:0.42)
[2026-05-19 14:28:35]  [行20] 解析成功: SHSE.688689 [银河微电] BUY @ 43.46 (VR:0.95)
[2026-05-19 14:28:35]  [行21] 解析成功: SHSE.603538 [美诺华] SELL @ 50.71 (VR:0.12)
[2026-05-19 14:28:35]  [行22] 解析成功: SZSE.300243 [瑞丰光电] SELL @ 18.71 (VR:0.13)
[2026-05-19 14:28:35]  [行23] 解析成功: SZSE.002980 [华盛昌] BUY @ 103.55 (VR:1.85)
[2026-05-19 14:28:35]  [行24] 解析成功: SZSE.300672 [国科微] SELL @ 239.37 (VR:1.39)
[2026-05-19 14:28:36] 成功保存 24 条因子至: signal_batch_20260519_142836_038202.txt
[2026-05-19 14:28:36]  QQ-备用 邮件 944 处理完成
[2026-05-19 14:28:36]  QQ-备用 本轮共成功处理 1 封有效信号邮件
[2026-05-19 14:29:11]  正在连接 QQ-主 邮箱服务器 (497720537@qq.com) ...
[2026-05-19 14:29:12]  正在连接 QQ-备用 邮箱服务器 (shouqianbadavid@qq.com) ...
[2026-05-19 14:29:48]  正在连接 QQ-主 邮箱服务器 (497720537@qq.com) ...
[2026-05-19 14:29:49]  正在连接 QQ-备用 邮箱服务器 (shouqianbadavid@qq.com) ...
[2026-05-19 14:30:25]  正在连接 QQ-主 邮箱服务器 (497720537@qq.com) ...
[2026-05-19 14:30:26]  正在连接 QQ-备用 邮箱服务器 (shouqianbadavid@qq.com) ...
[2026-05-19 14:31:01]  正在连接 QQ-主 邮箱服务器 (497720537@qq.com) ...
[2026-05-19 14:31:02]  正在连接 QQ-备用 邮箱服务器 (shouqianbadavid@qq.com) ...
[2026-05-19 14:31:38]  正在连接 QQ-主 邮箱服务器 (497720537@qq.com) ...
[2026-05-19 14:31:38]  正在连接 QQ-备用 邮箱服务器 (shouqianbadavid@qq.com) ...
[2026-05-19 14:32:14]  正在连接 QQ-主 邮箱服务器 (497720537@qq.com) ...
[2026-05-19 14:32:14]  正在连接 QQ-备用 邮箱服务器 (shouqianbadavid@qq.com) ...
[2026-05-19 14:32:50]  正在连接 QQ-主 邮箱服务器 (497720537@qq.com) ...
[2026-05-19 14:32:51]  正在连接 QQ-备用 邮箱服务器 (shouqianbadavid@qq.com) ...
[2026-05-19 14:33:27]  正在连接 QQ-主 邮箱服务器 (497720537@qq.com) ...
[2026-05-19 14:33:27]  正在连接 QQ-备用 邮箱服务器 (shouqianbadavid@qq.com) ...
[2026-05-19 14:34:03]  正在连接 QQ-主 邮箱服务器 (497720537@qq.com) ...
[2026-05-19 14:34:04]  正在连接 QQ-备用 邮箱服务器 (shouqianbadavid@qq.com) ...
[2026-05-19 14:34:39]  正在连接 QQ-主 邮箱服务器 (497720537@qq.com) ...
[2026-05-19 14:34:40]  正在连接 QQ-备用 邮箱服务器 (shouqianbadavid@qq.com) ...
[2026-05-19 14:35:15]  正在连接 QQ-主 邮箱服务器 (497720537@qq.com) ...
[2026-05-19 14:35:16]  正在连接 QQ-备用 邮箱服务器 (shouqianbadavid@qq.com) ...
[2026-05-19 14:35:52]  正在连接 QQ-主 邮箱服务器 (497720537@qq.com) ...
[2026-05-19 14:35:53]  正在连接 QQ-备用 邮箱服务器 (shouqianbadavid@qq.com) ...
[2026-05-19 14:36:29]  正在连接 QQ-主 邮箱服务器 (497720537@qq.com) ...
[2026-05-19 14:36:29]  正在连接 QQ-备用 邮箱服务器 (shouqianbadavid@qq.com) ...
[2026-05-19 14:37:05]  正在连接 QQ-主 邮箱服务器 (497720537@qq.com) ...
[2026-05-19 14:37:06]  QQ-主 正在解析因子: =?utf-8?b?QWxwaGFQaWxvdCDlrp7ml7bkv6Hlj7cgKGFscGhhX3NpZ25hbF90aHJfMjAyNjA1MTlfMTQzNi5qc29uKSBb5Li7UVEt5a+55aSWXQ==?=
[2026-05-19 14:37:06]  发现表格，共 16 行数据
[2026-05-19 14:37:06]  动态索引映射: ['股票代码', '股票名称', '信号', '当前价格', '量比', '来源过滤']
[2026-05-19 14:37:06]  [行1] 解析成功: SZSE.300195 [长荣股份] SELL @ 6.84 (VR:0.74)
[2026-05-19 14:37:06]  [行2] 解析成功: SZSE.002015 [协鑫能科] SELL @ 22.3 (VR:1.48)
[2026-05-19 14:37:06]  [行3] 解析成功: SZSE.000533 [顺钠股份] BUY @ 13.68 (VR:0.12)
[2026-05-19 14:37:06]  [行4] 解析成功: SZSE.301226 [祥明智能] BUY @ 40.56 (VR:0.76)
[2026-05-19 14:37:06]  [行5] 解析成功: SHSE.601669 [中国电建] SELL @ 5.8 (VR:0.25)
[2026-05-19 14:37:06]  [行6] 解析成功: SHSE.600722 [金牛化工] BUY @ 12.06 (VR:0.35)
[2026-05-19 14:37:06]  [行7] 解析成功: SHSE.601016 [节能风电] SELL @ 5.09 (VR:1.16)
[2026-05-19 14:37:06]  [行8] 解析成功: SZSE.301281 [利源制药] BUY @ 37.72 (VR:1.74)
[2026-05-19 14:37:06]  [行9] 解析成功: SZSE.300195 [长荣股份] SELL @ 6.83 (VR:4.04)
[2026-05-19 14:37:06]  [行10] 解析成功: SZSE.002015 [协鑫能科] SELL @ 22.29 (VR:0.46)
[2026-05-19 14:37:06]  [行11] 解析成功: SZSE.000533 [顺钠股份] BUY @ 13.69 (VR:0.5)
[2026-05-19 14:37:06]  [行12] 解析成功: SZSE.301226 [祥明智能] BUY @ 40.78 (VR:0.21)
[2026-05-19 14:37:06]  [行13] 解析成功: SHSE.601669 [中国电建] SELL @ 5.79 (VR:0.06)
[2026-05-19 14:37:06]  [行14] 解析成功: SHSE.600722 [金牛化工] BUY @ 12.08 (VR:0.36)
[2026-05-19 14:37:06]  [行15] 解析成功: SHSE.601016 [节能风电] SELL @ 5.08 (VR:0.61)
[2026-05-19 14:37:06]  [行16] 解析成功: SZSE.301281 [利源制药] BUY @ 37.85 (VR:0.12)
[2026-05-19 14:37:06] 成功保存 16 条因子至: signal_batch_20260519_143706_512365.txt
[2026-05-19 14:37:06]  QQ-主 邮件 3647 处理完成
[2026-05-19 14:37:06]  QQ-主 本轮共成功处理 1 封有效信号邮件
[2026-05-19 14:37:06]  正在连接 QQ-备用 邮箱服务器 (shouqianbadavid@qq.com) ...
[2026-05-19 14:37:07]  QQ-备用 正在解析因子: =?utf-8?b?QWxwaGFQaWxvdCDlpIfku73kv6Hlj7cgKGFscGhhX3NpZ25hbF90aHJfMjAyNjA1MTlfMTQzNi5qc29uKSBb5aSHUVEt6Ieq5L+dXQ==?=
[2026-05-19 14:37:07]  发现表格，共 16 行数据
[2026-05-19 14:37:07]  动态索引映射: ['股票代码', '股票名称', '信号', '当前价格', '量比', '来源过滤']
[2026-05-19 14:37:07]  [行1] 解析成功: SZSE.300195 [长荣股份] SELL @ 6.84 (VR:0.74)
[2026-05-19 14:37:07]  [行2] 解析成功: SZSE.002015 [协鑫能科] SELL @ 22.3 (VR:1.48)
[2026-05-19 14:37:07]  [行3] 解析成功: SZSE.000533 [顺钠股份] BUY @ 13.68 (VR:0.12)
[2026-05-19 14:37:07]  [行4] 解析成功: SZSE.301226 [祥明智能] BUY @ 40.56 (VR:0.76)
[2026-05-19 14:37:07]  [行5] 解析成功: SHSE.601669 [中国电建] SELL @ 5.8 (VR:0.25)
[2026-05-19 14:37:07]  [行6] 解析成功: SHSE.600722 [金牛化工] BUY @ 12.06 (VR:0.35)
[2026-05-19 14:37:07]  [行7] 解析成功: SHSE.601016 [节能风电] SELL @ 5.09 (VR:1.16)
[2026-05-19 14:37:07]  [行8] 解析成功: SZSE.301281 [利源制药] BUY @ 37.72 (VR:1.74)
[2026-05-19 14:37:07]  [行9] 解析成功: SZSE.300195 [长荣股份] SELL @ 6.83 (VR:4.04)
[2026-05-19 14:37:07]  [行10] 解析成功: SZSE.002015 [协鑫能科] SELL @ 22.29 (VR:0.46)
[2026-05-19 14:37:07]  [行11] 解析成功: SZSE.000533 [顺钠股份] BUY @ 13.69 (VR:0.5)
[2026-05-19 14:37:07]  [行12] 解析成功: SZSE.301226 [祥明智能] BUY @ 40.78 (VR:0.21)
[2026-05-19 14:37:07]  [行13] 解析成功: SHSE.601669 [中国电建] SELL @ 5.79 (VR:0.06)
[2026-05-19 14:37:07]  [行14] 解析成功: SHSE.600722 [金牛化工] BUY @ 12.08 (VR:0.36)
[2026-05-19 14:37:07]  [行15] 解析成功: SHSE.601016 [节能风电] SELL @ 5.08 (VR:0.61)
[2026-05-19 14:37:07]  [行16] 解析成功: SZSE.301281 [利源制药] BUY @ 37.85 (VR:0.12)
[2026-05-19 14:37:07] 成功保存 16 条因子至: signal_batch_20260519_143707_868508.txt
[2026-05-19 14:37:08]  QQ-备用 邮件 945 处理完成
[2026-05-19 14:37:08]  QQ-备用 本轮共成功处理 1 封有效信号邮件
[2026-05-19 14:37:43]  正在连接 QQ-主 邮箱服务器 (497720537@qq.com) ...
[2026-05-19 14:37:43]  正在连接 QQ-备用 邮箱服务器 (shouqianbadavid@qq.com) ...
[2026-05-19 14:38:19]  正在连接 QQ-主 邮箱服务器 (497720537@qq.com) ...
[2026-05-19 14:38:20]  正在连接 QQ-备用 邮箱服务器 (shouqianbadavid@qq.com) ...
[2026-05-19 14:38:55]  正在连接 QQ-主 邮箱服务器 (497720537@qq.com) ...
[2026-05-19 14:38:56]  正在连接 QQ-备用 邮箱服务器 (shouqianbadavid@qq.com) ...
[2026-05-19 14:39:32]  正在连接 QQ-主 邮箱服务器 (497720537@qq.com) ...
[2026-05-19 14:39:32]  正在连接 QQ-备用 邮箱服务器 (shouqianbadavid@qq.com) ...
[2026-05-19 14:40:08]  正在连接 QQ-主 邮箱服务器 (497720537@qq.com) ...
[2026-05-19 14:40:09]  正在连接 QQ-备用 邮箱服务器 (shouqianbadavid@qq.com) ...
[2026-05-19 14:40:45]  正在连接 QQ-主 邮箱服务器 (497720537@qq.com) ...
[2026-05-19 14:40:45]  正在连接 QQ-备用 邮箱服务器 (shouqianbadavid@qq.com) ...
[2026-05-19 14:41:21]  正在连接 QQ-主 邮箱服务器 (497720537@qq.com) ...
[2026-05-19 14:41:21]  正在连接 QQ-备用 邮箱服务器 (shouqianbadavid@qq.com) ...
[2026-05-19 14:41:57]  正在连接 QQ-主 邮箱服务器 (497720537@qq.com) ...
[2026-05-19 14:41:58]  正在连接 QQ-备用 邮箱服务器 (shouqianbadavid@qq.com) ...
[2026-05-19 14:42:34]  正在连接 QQ-主 邮箱服务器 (497720537@qq.com) ...
[2026-05-19 14:42:34]  正在连接 QQ-备用 邮箱服务器 (shouqianbadavid@qq.com) ...
[2026-05-19 14:43:10]  正在连接 QQ-主 邮箱服务器 (497720537@qq.com) ...
[2026-05-19 14:43:11]  正在连接 QQ-备用 邮箱服务器 (shouqianbadavid@qq.com) ...
[2026-05-19 14:43:47]  正在连接 QQ-主 邮箱服务器 (497720537@qq.com) ...
[2026-05-19 14:43:48]  正在连接 QQ-备用 邮箱服务器 (shouqianbadavid@qq.com) ...
[2026-05-19 14:44:24]  正在连接 QQ-主 邮箱服务器 (497720537@qq.com) ...
[2026-05-19 14:44:24]  正在连接 QQ-备用 邮箱服务器 (shouqianbadavid@qq.com) ...
[2026-05-19 14:45:00]  正在连接 QQ-主 邮箱服务器 (497720537@qq.com) ...
[2026-05-19 14:45:01]  正在连接 QQ-备用 邮箱服务器 (shouqianbadavid@qq.com) ...
[2026-05-19 14:45:37]  正在连接 QQ-主 邮箱服务器 (497720537@qq.com) ...
[2026-05-19 14:45:38]  正在连接 QQ-备用 邮箱服务器 (shouqianbadavid@qq.com) ...
[2026-05-19 14:46:13]  正在连接 QQ-主 邮箱服务器 (497720537@qq.com) ...
[2026-05-19 14:46:14]  正在连接 QQ-备用 邮箱服务器 (shouqianbadavid@qq.com) ...
[2026-05-19 14:46:50]  正在连接 QQ-主 邮箱服务器 (497720537@qq.com) ...
[2026-05-19 14:46:51]  正在连接 QQ-备用 邮箱服务器 (shouqianbadavid@qq.com) ...
[2026-05-19 14:47:26]  正在连接 QQ-主 邮箱服务器 (497720537@qq.com) ...
[2026-05-19 14:47:27]  正在连接 QQ-备用 邮箱服务器 (shouqianbadavid@qq.com) ...
[2026-05-19 14:48:03]  正在连接 QQ-主 邮箱服务器 (497720537@qq.com) ...
[2026-05-19 14:48:03]  QQ-主 正在解析因子: =?utf-8?b?QWxwaGFQaWxvdCDlrp7ml7bkv6Hlj7cgKGFscGhhX3NpZ25hbF90aHJfMjAyNjA1MTlfMTQ0Ny5qc29uKSBb5Li7UVEt5a+55aSWXQ==?=
[2026-05-19 14:48:03]  发现表格，共 20 行数据
[2026-05-19 14:48:03]  动态索引映射: ['股票代码', '股票名称', '信号', '当前价格', '量比', '来源过滤']
[2026-05-19 14:48:03]  [行1] 解析成功: SZSE.002460 [赣锋锂业] BUY @ 75.51 (VR:0.48)
[2026-05-19 14:48:03]  [行2] 解析成功: SZSE.002498 [汉缆股份] SELL @ 9.85 (VR:1.42)
[2026-05-19 14:48:03]  [行3] 解析成功: SZSE.000537 [绿发电力] BUY @ 11.24 (VR:0.34)
[2026-05-19 14:48:03]  [行4] 解析成功: SZSE.002475 [立讯精密] BUY @ 71.93 (VR:1.13)
[2026-05-19 14:48:03]  [行5] 解析成功: SZSE.300352 [北信源] SELL @ 3.45 (VR:0.21)
[2026-05-19 14:48:03]  [行6] 解析成功: SZSE.002240 [盛新锂能] BUY @ 48.75 (VR:0.68)
[2026-05-19 14:48:03]  [行7] 解析成功: SZSE.300693 [盛弘股份] BUY @ 61.3 (VR:1.83)
[2026-05-19 14:48:03]  [行8] 解析成功: SZSE.300432 [富临精工] BUY @ 23.88 (VR:0.13)
[2026-05-19 14:48:03]  [行9] 解析成功: SHSE.688617 [惠泰医疗] BUY @ 223.74 (VR:0.42)
[2026-05-19 14:48:03]  [行10] 解析成功: SHSE.688617 [惠泰医疗] BUY @ 224.03 (VR:1.59)
[2026-05-19 14:48:03]  [行11] 解析成功: SZSE.002460 [赣锋锂业] BUY @ 75.8 (VR:0.85)
[2026-05-19 14:48:03]  [行12] 解析成功: SZSE.002498 [汉缆股份] SELL @ 9.84 (VR:0.35)
[2026-05-19 14:48:03]  [行13] 解析成功: SZSE.000537 [绿发电力] BUY @ 11.26 (VR:0.06)
[2026-05-19 14:48:03]  [行14] 解析成功: SZSE.002475 [立讯精密] BUY @ 72.27 (VR:0.5)
[2026-05-19 14:48:03]  [行15] 解析成功: SZSE.300352 [北信源] SELL @ 3.44 (VR:1.39)
[2026-05-19 14:48:03]  [行16] 解析成功: SZSE.002240 [盛新锂能] BUY @ 48.99 (VR:1.72)
[2026-05-19 14:48:03]  [行17] 解析成功: SZSE.300693 [盛弘股份] BUY @ 61.96 (VR:5.29)
[2026-05-19 14:48:03]  [行18] 解析成功: SZSE.300432 [富临精工] BUY @ 24.0 (VR:0.38)
[2026-05-19 14:48:03]  [行19] 解析成功: SHSE.688617 [惠泰医疗] BUY @ 223.85 (VR:0.34)
[2026-05-19 14:48:03]  [行20] 解析成功: SHSE.688617 [惠泰医疗] BUY @ 223.9 (VR:0.93)
[2026-05-19 14:48:04] 成功保存 20 条因子至: signal_batch_20260519_144804_625983.txt
[2026-05-19 14:48:04]  QQ-主 邮件 3648 处理完成
[2026-05-19 14:48:04]  QQ-主 本轮共成功处理 1 封有效信号邮件
[2026-05-19 14:48:05]  正在连接 QQ-备用 邮箱服务器 (shouqianbadavid@qq.com) ...
[2026-05-19 14:48:05]  QQ-备用 正在解析因子: =?utf-8?b?QWxwaGFQaWxvdCDlpIfku73kv6Hlj7cgKGFscGhhX3NpZ25hbF90aHJfMjAyNjA1MTlfMTQ0Ny5qc29uKSBb5aSHUVEt6Ieq5L+dXQ==?=
[2026-05-19 14:48:05]  发现表格，共 20 行数据
[2026-05-19 14:48:05]  动态索引映射: ['股票代码', '股票名称', '信号', '当前价格', '量比', '来源过滤']
[2026-05-19 14:48:05]  [行1] 解析成功: SZSE.002460 [赣锋锂业] BUY @ 75.51 (VR:0.48)
[2026-05-19 14:48:05]  [行2] 解析成功: SZSE.002498 [汉缆股份] SELL @ 9.85 (VR:1.42)
[2026-05-19 14:48:05]  [行3] 解析成功: SZSE.000537 [绿发电力] BUY @ 11.24 (VR:0.34)
[2026-05-19 14:48:05]  [行4] 解析成功: SZSE.002475 [立讯精密] BUY @ 71.93 (VR:1.13)
[2026-05-19 14:48:05]  [行5] 解析成功: SZSE.300352 [北信源] SELL @ 3.45 (VR:0.21)
[2026-05-19 14:48:05]  [行6] 解析成功: SZSE.002240 [盛新锂能] BUY @ 48.75 (VR:0.68)
[2026-05-19 14:48:05]  [行7] 解析成功: SZSE.300693 [盛弘股份] BUY @ 61.3 (VR:1.83)
[2026-05-19 14:48:05]  [行8] 解析成功: SZSE.300432 [富临精工] BUY @ 23.88 (VR:0.13)
[2026-05-19 14:48:05]  [行9] 解析成功: SHSE.688617 [惠泰医疗] BUY @ 223.74 (VR:0.42)
[2026-05-19 14:48:05]  [行10] 解析成功: SHSE.688617 [惠泰医疗] BUY @ 224.03 (VR:1.59)
[2026-05-19 14:48:05]  [行11] 解析成功: SZSE.002460 [赣锋锂业] BUY @ 75.8 (VR:0.85)
[2026-05-19 14:48:05]  [行12] 解析成功: SZSE.002498 [汉缆股份] SELL @ 9.84 (VR:0.35)
[2026-05-19 14:48:05]  [行13] 解析成功: SZSE.000537 [绿发电力] BUY @ 11.26 (VR:0.06)
[2026-05-19 14:48:05]  [行14] 解析成功: SZSE.002475 [立讯精密] BUY @ 72.27 (VR:0.5)
[2026-05-19 14:48:05]  [行15] 解析成功: SZSE.300352 [北信源] SELL @ 3.44 (VR:1.39)
[2026-05-19 14:48:05]  [行16] 解析成功: SZSE.002240 [盛新锂能] BUY @ 48.99 (VR:1.72)
[2026-05-19 14:48:05]  [行17] 解析成功: SZSE.300693 [盛弘股份] BUY @ 61.96 (VR:5.29)
[2026-05-19 14:48:05]  [行18] 解析成功: SZSE.300432 [富临精工] BUY @ 24.0 (VR:0.38)
[2026-05-19 14:48:05]  [行19] 解析成功: SHSE.688617 [惠泰医疗] BUY @ 223.85 (VR:0.34)
[2026-05-19 14:48:05]  [行20] 解析成功: SHSE.688617 [惠泰医疗] BUY @ 223.9 (VR:0.93)
[2026-05-19 14:48:05] 成功保存 20 条因子至: signal_batch_20260519_144805_926825.txt
[2026-05-19 14:48:06]  QQ-备用 邮件 946 处理完成
[2026-05-19 14:48:06]  QQ-备用 本轮共成功处理 1 封有效信号邮件
[2026-05-19 14:48:41]  正在连接 QQ-主 邮箱服务器 (497720537@qq.com) ...
[2026-05-19 14:48:41]  正在连接 QQ-备用 邮箱服务器 (shouqianbadavid@qq.com) ...
[2026-05-19 14:49:17]  正在连接 QQ-主 邮箱服务器 (497720537@qq.com) ...
[2026-05-19 14:49:19]  正在连接 QQ-备用 邮箱服务器 (shouqianbadavid@qq.com) ...
[2026-05-19 14:49:54]  正在连接 QQ-主 邮箱服务器 (497720537@qq.com) ...
[2026-05-19 14:49:55]  正在连接 QQ-备用 邮箱服务器 (shouqianbadavid@qq.com) ...
[2026-05-19 14:50:31]  正在连接 QQ-主 邮箱服务器 (497720537@qq.com) ...
[2026-05-19 14:50:31]  正在连接 QQ-备用 邮箱服务器 (shouqianbadavid@qq.com) ...
[2026-05-19 14:51:07]  正在连接 QQ-主 邮箱服务器 (497720537@qq.com) ...
[2026-05-19 14:51:08]  正在连接 QQ-备用 邮箱服务器 (shouqianbadavid@qq.com) ...
[2026-05-19 14:51:44]  正在连接 QQ-主 邮箱服务器 (497720537@qq.com) ...
[2026-05-19 14:51:44]  正在连接 QQ-备用 邮箱服务器 (shouqianbadavid@qq.com) ...
[2026-05-19 14:52:20]  正在连接 QQ-主 邮箱服务器 (497720537@qq.com) ...
[2026-05-19 14:52:21]  正在连接 QQ-备用 邮箱服务器 (shouqianbadavid@qq.com) ...
[2026-05-19 14:52:57]  正在连接 QQ-主 邮箱服务器 (497720537@qq.com) ...
[2026-05-19 14:52:58]  正在连接 QQ-备用 邮箱服务器 (shouqianbadavid@qq.com) ...
[2026-05-19 14:53:34]  正在连接 QQ-主 邮箱服务器 (497720537@qq.com) ...
[2026-05-19 14:53:35]  正在连接 QQ-备用 邮箱服务器 (shouqianbadavid@qq.com) ...
[2026-05-19 14:54:10]  正在连接 QQ-主 邮箱服务器 (497720537@qq.com) ...
[2026-05-19 14:54:11]  正在连接 QQ-备用 邮箱服务器 (shouqianbadavid@qq.com) ...
[2026-05-19 14:54:47]  正在连接 QQ-主 邮箱服务器 (497720537@qq.com) ...
[2026-05-19 14:54:48]  正在连接 QQ-备用 邮箱服务器 (shouqianbadavid@qq.com) ...
[2026-05-19 14:55:24]  正在连接 QQ-主 邮箱服务器 (497720537@qq.com) ...
[2026-05-19 14:55:25]  正在连接 QQ-备用 邮箱服务器 (shouqianbadavid@qq.com) ...
[2026-05-19 14:56:01]  正在连接 QQ-主 邮箱服务器 (497720537@qq.com) ...
[2026-05-19 14:56:02]  正在连接 QQ-备用 邮箱服务器 (shouqianbadavid@qq.com) ...
[2026-05-19 14:56:37]  正在连接 QQ-主 邮箱服务器 (497720537@qq.com) ...
[2026-05-19 14:56:38]  正在连接 QQ-备用 邮箱服务器 (shouqianbadavid@qq.com) ...
[2026-05-19 14:57:14]  正在连接 QQ-主 邮箱服务器 (497720537@qq.com) ...
[2026-05-19 14:57:15]  QQ-主 正在解析因子: =?utf-8?b?QWxwaGFQaWxvdCDlrp7ml7bkv6Hlj7cgKGFscGhhX3NpZ25hbF90aHJfMjAyNjA1MTlfMTQ1Ni5qc29uKSBb5Li7UVEt5a+55aSWXQ==?=
[2026-05-19 14:57:15]  发现表格，共 18 行数据
[2026-05-19 14:57:15]  动态索引映射: ['股票代码', '股票名称', '信号', '当前价格', '量比', '来源过滤']
[2026-05-19 14:57:15]  [行1] 解析成功: SZSE.300207 [欣旺达] SELL @ 24.92 (VR:0.64)
[2026-05-19 14:57:15]  [行2] 解析成功: SZSE.300677 [英科医疗] SELL @ 50.39 (VR:0.03)
[2026-05-19 14:57:15]  [行3] 解析成功: SZSE.300274 [阳光电源] BUY @ 157.39 (VR:0.09)
[2026-05-19 14:57:15]  [行4] 解析成功: SZSE.002506 [协鑫集成] SELL @ 4.3 (VR:0.13)
[2026-05-19 14:57:15]  [行5] 解析成功: SZSE.300393 [中来股份] BUY @ 11.33 (VR:0.49)
[2026-05-19 14:57:15]  [行6] 解析成功: SZSE.301278 [快克股份] BUY @ 40.57 (VR:0.32)
[2026-05-19 14:57:15]  [行7] 解析成功: SZSE.300449 [汉邦高科] SELL @ 9.56 (VR:3.3)
[2026-05-19 14:57:15]  [行8] 解析成功: SZSE.300868 [杰美特] SELL @ 94.3 (VR:0.1)
[2026-05-19 14:57:15]  [行9] 解析成功: SZSE.300953 [震裕科技] BUY @ 241.47 (VR:0.24)
[2026-05-19 14:57:15]  [行10] 解析成功: SZSE.300207 [欣旺达] SELL @ 24.91 (VR:0.49)
[2026-05-19 14:57:15]  [行11] 解析成功: SZSE.300677 [英科医疗] SELL @ 50.36 (VR:0.89)
[2026-05-19 14:57:15]  [行12] 解析成功: SZSE.300274 [阳光电源] BUY @ 157.48 (VR:0.71)
[2026-05-19 14:57:15]  [行13] 解析成功: SZSE.002506 [协鑫集成] SELL @ 4.29 (VR:0.06)
[2026-05-19 14:57:15]  [行14] 解析成功: SZSE.300393 [中来股份] BUY @ 11.34 (VR:0.48)
[2026-05-19 14:57:15]  [行15] 解析成功: SZSE.301278 [快克股份] BUY @ 40.62 (VR:1.35)
[2026-05-19 14:57:15]  [行16] 解析成功: SZSE.300449 [汉邦高科] SELL @ 9.54 (VR:1.53)
[2026-05-19 14:57:15]  [行17] 解析成功: SZSE.300868 [杰美特] SELL @ 94.25 (VR:0.6)
[2026-05-19 14:57:15]  [行18] 解析成功: SZSE.300953 [震裕科技] BUY @ 241.52 (VR:0.23)
[2026-05-19 14:57:15] 成功保存 18 条因子至: signal_batch_20260519_145715_311424.txt
[2026-05-19 14:57:15]  QQ-主 邮件 3649 处理完成
[2026-05-19 14:57:15]  QQ-主 本轮共成功处理 1 封有效信号邮件
[2026-05-19 14:57:15]  正在连接 QQ-备用 邮箱服务器 (shouqianbadavid@qq.com) ...
[2026-05-19 14:57:51]  正在连接 QQ-主 邮箱服务器 (497720537@qq.com) ...
[2026-05-19 14:57:51]  正在连接 QQ-备用 邮箱服务器 (shouqianbadavid@qq.com) ...
[2026-05-19 14:57:52]  QQ-备用 正在解析因子: =?utf-8?b?QWxwaGFQaWxvdCDlpIfku73kv6Hlj7cgKGFscGhhX3NpZ25hbF90aHJfMjAyNjA1MTlfMTQ1Ni5qc29uKSBb5aSHUVEt6Ieq5L+dXQ==?=
[2026-05-19 14:57:52]  发现表格，共 18 行数据
[2026-05-19 14:57:52]  动态索引映射: ['股票代码', '股票名称', '信号', '当前价格', '量比', '来源过滤']
[2026-05-19 14:57:52]  [行1] 解析成功: SZSE.300207 [欣旺达] SELL @ 24.92 (VR:0.64)
[2026-05-19 14:57:52]  [行2] 解析成功: SZSE.300677 [英科医疗] SELL @ 50.39 (VR:0.03)
[2026-05-19 14:57:52]  [行3] 解析成功: SZSE.300274 [阳光电源] BUY @ 157.39 (VR:0.09)
[2026-05-19 14:57:52]  [行4] 解析成功: SZSE.002506 [协鑫集成] SELL @ 4.3 (VR:0.13)
[2026-05-19 14:57:52]  [行5] 解析成功: SZSE.300393 [中来股份] BUY @ 11.33 (VR:0.49)
[2026-05-19 14:57:52]  [行6] 解析成功: SZSE.301278 [快克股份] BUY @ 40.57 (VR:0.32)
[2026-05-19 14:57:52]  [行7] 解析成功: SZSE.300449 [汉邦高科] SELL @ 9.56 (VR:3.3)
[2026-05-19 14:57:52]  [行8] 解析成功: SZSE.300868 [杰美特] SELL @ 94.3 (VR:0.1)
[2026-05-19 14:57:52]  [行9] 解析成功: SZSE.300953 [震裕科技] BUY @ 241.47 (VR:0.24)
[2026-05-19 14:57:52]  [行10] 解析成功: SZSE.300207 [欣旺达] SELL @ 24.91 (VR:0.49)
[2026-05-19 14:57:52]  [行11] 解析成功: SZSE.300677 [英科医疗] SELL @ 50.36 (VR:0.89)
[2026-05-19 14:57:52]  [行12] 解析成功: SZSE.300274 [阳光电源] BUY @ 157.48 (VR:0.71)
[2026-05-19 14:57:52]  [行13] 解析成功: SZSE.002506 [协鑫集成] SELL @ 4.29 (VR:0.06)
[2026-05-19 14:57:52]  [行14] 解析成功: SZSE.300393 [中来股份] BUY @ 11.34 (VR:0.48)
[2026-05-19 14:57:52]  [行15] 解析成功: SZSE.301278 [快克股份] BUY @ 40.62 (VR:1.35)
[2026-05-19 14:57:52]  [行16] 解析成功: SZSE.300449 [汉邦高科] SELL @ 9.54 (VR:1.53)
[2026-05-19 14:57:52]  [行17] 解析成功: SZSE.300868 [杰美特] SELL @ 94.25 (VR:0.6)
[2026-05-19 14:57:52]  [行18] 解析成功: SZSE.300953 [震裕科技] BUY @ 241.52 (VR:0.23)
[2026-05-19 14:57:52] 成功保存 18 条因子至: signal_batch_20260519_145752_575814.txt
[2026-05-19 14:57:52]  QQ-备用 邮件 947 处理完成
[2026-05-19 14:57:52]  QQ-备用 本轮共成功处理 1 封有效信号邮件
[2026-05-19 14:58:27]  正在连接 QQ-主 邮箱服务器 (497720537@qq.com) ...
[2026-05-19 14:58:28]  正在连接 QQ-备用 邮箱服务器 (shouqianbadavid@qq.com) ...
[2026-05-19 14:59:04]  正在连接 QQ-主 邮箱服务器 (497720537@qq.com) ...
[2026-05-19 14:59:05]  正在连接 QQ-备用 邮箱服务器 (shouqianbadavid@qq.com) ...
[2026-05-19 14:59:41]  正在连接 QQ-主 邮箱服务器 (497720537@qq.com) ...
[2026-05-19 14:59:42]  正在连接 QQ-备用 邮箱服务器 (shouqianbadavid@qq.com) ...
[2026-05-19 21:04:23]  AlphaPilot 监听服务 (Pro 多邮箱版) 启动...
[2026-05-19 21:04:23]  信号保存目录: D:\mpython\signals
[2026-05-19 21:04:23]  日志文件: D:\mpython\logs_receiver\receiver_20260519.log
[2026-05-19 21:04:23]  正在连接 QQ-主 邮箱服务器 (497720537@qq.com) ...
[2026-05-19 21:04:24]  QQ-主 正在解析因子: =?utf-8?b?QWxwaGFQaWxvdCDlrp7ml7bkv6Hlj7cgKGFscGhhX3NpZ25hbF90aHJfMjAyNjA1MTlfMTUwMy5qc29uKSBb5Li7UVEt5a+55aSWXQ==?=
[2026-05-19 21:04:24]  发现表格，共 4 行数据
[2026-05-19 21:04:24]  动态索引映射: ['股票代码', '股票名称', '信号', '当前价格', '量比', '来源过滤']
[2026-05-19 21:04:24]  [行1] 解析成功: SZSE.301389 [隆扬电子] SELL @ 72.17 (VR:0.62)
[2026-05-19 21:04:24]  [行2] 解析成功: SHSE.603353 [和顺电气] SELL @ 48.29 (VR:0.83)
[2026-05-19 21:04:24]  [行3] 解析成功: SZSE.301389 [隆扬电子] SELL @ 72.14 (VR:nan)
[2026-05-19 21:04:24]  [行4] 解析成功: SHSE.603353 [和顺电气] SELL @ 48.24 (VR:nan)
[2026-05-19 21:04:24] 成功保存 4 条因子至: signal_batch_20260519_210424_588496.txt
[2026-05-19 21:04:24]  QQ-主 邮件 3650 处理完成
[2026-05-19 21:04:25]  QQ-主 正在解析因子: =?UTF-8?B?NTAlIE9GRiBvbiBNb25pdG9yaW5nIFNlcnZpY2VzIHwgQ2xvdUROUw==?=
[2026-05-19 21:04:25]  QQ-主 邮件 3651 无 HTML 表格
[2026-05-19 21:04:25]  QQ-主 本轮共成功处理 1 封有效信号邮件
[2026-05-19 21:04:25]  正在连接 QQ-备用 邮箱服务器 (shouqianbadavid@qq.com) ...
[2026-05-19 21:04:26]  QQ-备用 正在解析因子: =?utf-8?b?QWxwaGFQaWxvdCDlpIfku73kv6Hlj7cgKGFscGhhX3NpZ25hbF90aHJfMjAyNjA1MTlfMTUwMy5qc29uKSBb5aSHUVEt6Ieq5L+dXQ==?=
[2026-05-19 21:04:26]  发现表格，共 4 行数据
[2026-05-19 21:04:26]  动态索引映射: ['股票代码', '股票名称', '信号', '当前价格', '量比', '来源过滤']
[2026-05-19 21:04:26]  [行1] 解析成功: SZSE.301389 [隆扬电子] SELL @ 72.17 (VR:0.62)
[2026-05-19 21:04:26]  [行2] 解析成功: SHSE.603353 [和顺电气] SELL @ 48.29 (VR:0.83)
[2026-05-19 21:04:26]  [行3] 解析成功: SZSE.301389 [隆扬电子] SELL @ 72.14 (VR:nan)
[2026-05-19 21:04:26]  [行4] 解析成功: SHSE.603353 [和顺电气] SELL @ 48.24 (VR:nan)
[2026-05-19 21:04:26] 成功保存 4 条因子至: signal_batch_20260519_210426_297278.txt
[2026-05-19 21:04:26]  QQ-备用 邮件 948 处理完成
[2026-05-19 21:04:26]  QQ-备用 本轮共成功处理 1 封有效信号邮件
[2026-05-19 21:05:01]  正在连接 QQ-主 邮箱服务器 (497720537@qq.com) ...
[2026-05-19 21:05:02]  正在连接 QQ-备用 邮箱服务器 (shouqianbadavid@qq.com) ...
[2026-05-19 21:05:38]  正在连接 QQ-主 邮箱服务器 (497720537@qq.com) ...
[2026-05-19 21:05:39]  正在连接 QQ-备用 邮箱服务器 (shouqianbadavid@qq.com) ...
[2026-05-19 21:06:15]  正在连接 QQ-主 邮箱服务器 (497720537@qq.com) ...
[2026-05-19 21:06:15]  正在连接 QQ-备用 邮箱服务器 (shouqianbadavid@qq.com) ...
[2026-05-19 21:06:51]  正在连接 QQ-主 邮箱服务器 (497720537@qq.com) ...
[2026-05-19 21:06:52]  正在连接 QQ-备用 邮箱服务器 (shouqianbadavid@qq.com) ...
[2026-05-19 21:07:28]  正在连接 QQ-主 邮箱服务器 (497720537@qq.com) ...
[2026-05-19 21:07:28]  正在连接 QQ-备用 邮箱服务器 (shouqianbadavid@qq.com) ...
[2026-05-19 21:08:05]  正在连接 QQ-主 邮箱服务器 (497720537@qq.com) ...
[2026-05-19 21:08:06]  正在连接 QQ-备用 邮箱服务器 (shouqianbadavid@qq.com) ...
[2026-05-19 21:08:41]  正在连接 QQ-主 邮箱服务器 (497720537@qq.com) ...
[2026-05-19 21:08:42]  正在连接 QQ-备用 邮箱服务器 (shouqianbadavid@qq.com) ...
[2026-05-19 21:09:18]  正在连接 QQ-主 邮箱服务器 (497720537@qq.com) ...
[2026-05-19 21:09:19]  正在连接 QQ-备用 邮箱服务器 (shouqianbadavid@qq.com) ...
[2026-05-19 21:09:55]  正在连接 QQ-主 邮箱服务器 (497720537@qq.com) ...
[2026-05-19 21:09:55]  正在连接 QQ-备用 邮箱服务器 (shouqianbadavid@qq.com) ...
[2026-05-19 21:10:31]  正在连接 QQ-主 邮箱服务器 (497720537@qq.com) ...
[2026-05-19 21:10:31]  正在连接 QQ-备用 邮箱服务器 (shouqianbadavid@qq.com) ...
[2026-05-19 21:11:07]  正在连接 QQ-主 邮箱服务器 (497720537@qq.com) ...
[2026-05-19 21:11:08]  正在连接 QQ-备用 邮箱服务器 (shouqianbadavid@qq.com) ...
[2026-05-19 21:11:44]  正在连接 QQ-主 邮箱服务器 (497720537@qq.com) ...
[2026-05-19 21:11:45]  正在连接 QQ-备用 邮箱服务器 (shouqianbadavid@qq.com) ...
[2026-05-19 21:12:20]  正在连接 QQ-主 邮箱服务器 (497720537@qq.com) ...
[2026-05-19 21:12:21]  正在连接 QQ-备用 邮箱服务器 (shouqianbadavid@qq.com) ...
[2026-05-19 21:12:57]  正在连接 QQ-主 邮箱服务器 (497720537@qq.com) ...
[2026-05-19 21:12:58]  正在连接 QQ-备用 邮箱服务器 (shouqianbadavid@qq.com) ...
[2026-05-19 21:13:34]  正在连接 QQ-主 邮箱服务器 (497720537@qq.com) ...
[2026-05-19 21:13:34]  正在连接 QQ-备用 邮箱服务器 (shouqianbadavid@qq.com) ...
[2026-05-19 21:14:11]  正在连接 QQ-主 邮箱服务器 (497720537@qq.com) ...
[2026-05-19 21:14:11]  正在连接 QQ-备用 邮箱服务器 (shouqianbadavid@qq.com) ...
[2026-05-19 21:14:47]  正在连接 QQ-主 邮箱服务器 (497720537@qq.com) ...
[2026-05-19 21:14:48]  正在连接 QQ-备用 邮箱服务器 (shouqianbadavid@qq.com) ...
[2026-05-19 21:15:24]  正在连接 QQ-主 邮箱服务器 (497720537@qq.com) ...
[2026-05-19 21:15:24]  正在连接 QQ-备用 邮箱服务器 (shouqianbadavid@qq.com) ...
[2026-05-19 21:16:00]  正在连接 QQ-主 邮箱服务器 (497720537@qq.com) ...
[2026-05-19 21:16:01]  正在连接 QQ-备用 邮箱服务器 (shouqianbadavid@qq.com) ...
[2026-05-19 21:16:37]  正在连接 QQ-主 邮箱服务器 (497720537@qq.com) ...
[2026-05-19 21:16:38]  正在连接 QQ-备用 邮箱服务器 (shouqianbadavid@qq.com) ...
[2026-05-19 21:17:13]  正在连接 QQ-主 邮箱服务器 (497720537@qq.com) ...
[2026-05-19 21:17:14]  正在连接 QQ-备用 邮箱服务器 (shouqianbadavid@qq.com) ...
[2026-05-19 21:17:50]  正在连接 QQ-主 邮箱服务器 (497720537@qq.com) ...
[2026-05-19 21:17:51]  正在连接 QQ-备用 邮箱服务器 (shouqianbadavid@qq.com) ...
[2026-05-19 21:18:27]  正在连接 QQ-主 邮箱服务器 (497720537@qq.com) ...
[2026-05-19 21:18:28]  正在连接 QQ-备用 邮箱服务器 (shouqianbadavid@qq.com) ...
[2026-05-19 21:19:03]  正在连接 QQ-主 邮箱服务器 (497720537@qq.com) ...
[2026-05-19 21:19:04]  正在连接 QQ-备用 邮箱服务器 (shouqianbadavid@qq.com) ...
[2026-05-19 21:19:41]  正在连接 QQ-主 邮箱服务器 (497720537@qq.com) ...
[2026-05-19 21:19:41]  正在连接 QQ-备用 邮箱服务器 (shouqianbadavid@qq.com) ...
[2026-05-19 21:20:17]  正在连接 QQ-主 邮箱服务器 (497720537@qq.com) ...
[2026-05-19 21:20:18]  正在连接 QQ-备用 邮箱服务器 (shouqianbadavid@qq.com) ...
[2026-05-19 21:20:54]  正在连接 QQ-主 邮箱服务器 (497720537@qq.com) ...
[2026-05-19 21:20:55]  正在连接 QQ-备用 邮箱服务器 (shouqianbadavid@qq.com) ...
[2026-05-19 21:21:30]  正在连接 QQ-主 邮箱服务器 (497720537@qq.com) ...
[2026-05-19 21:21:31]  正在连接 QQ-备用 邮箱服务器 (shouqianbadavid@qq.com) ...
[2026-05-19 21:22:07]  正在连接 QQ-主 邮箱服务器 (497720537@qq.com) ...
[2026-05-19 21:22:09]  正在连接 QQ-备用 邮箱服务器 (shouqianbadavid@qq.com) ...
[2026-05-19 21:22:45]  正在连接 QQ-主 邮箱服务器 (497720537@qq.com) ...
[2026-05-19 21:22:45]  正在连接 QQ-备用 邮箱服务器 (shouqianbadavid@qq.com) ...
[2026-05-19 21:23:21]  正在连接 QQ-主 邮箱服务器 (497720537@qq.com) ...
[2026-05-19 21:23:22]  正在连接 QQ-备用 邮箱服务器 (shouqianbadavid@qq.com) ...
[2026-05-19 21:23:58]  正在连接 QQ-主 邮箱服务器 (497720537@qq.com) ...
[2026-05-19 21:23:59]  正在连接 QQ-备用 邮箱服务器 (shouqianbadavid@qq.com) ...
[2026-05-19 21:24:35]  正在连接 QQ-主 邮箱服务器 (497720537@qq.com) ...
[2026-05-19 21:24:36]  正在连接 QQ-备用 邮箱服务器 (shouqianbadavid@qq.com) ...
[2026-05-19 21:25:11]  正在连接 QQ-主 邮箱服务器 (497720537@qq.com) ...
[2026-05-19 21:25:12]  正在连接 QQ-备用 邮箱服务器 (shouqianbadavid@qq.com) ...
[2026-05-19 21:25:48]  正在连接 QQ-主 邮箱服务器 (497720537@qq.com) ...
[2026-05-19 21:25:49]  正在连接 QQ-备用 邮箱服务器 (shouqianbadavid@qq.com) ...
[2026-05-19 21:26:25]  正在连接 QQ-主 邮箱服务器 (497720537@qq.com) ...
[2026-05-19 21:26:25]  正在连接 QQ-备用 邮箱服务器 (shouqianbadavid@qq.com) ...
[2026-05-19 21:27:01]  正在连接 QQ-主 邮箱服务器 (497720537@qq.com) ...
[2026-05-19 21:27:02]  正在连接 QQ-备用 邮箱服务器 (shouqianbadavid@qq.com) ...
[2026-05-19 21:27:38]  正在连接 QQ-主 邮箱服务器 (497720537@qq.com) ...
[2026-05-19 21:27:38]  正在连接 QQ-备用 邮箱服务器 (shouqianbadavid@qq.com) ...
[2026-05-19 21:28:14]  正在连接 QQ-主 邮箱服务器 (497720537@qq.com) ...
[2026-05-19 21:28:15]  正在连接 QQ-备用 邮箱服务器 (shouqianbadavid@qq.com) ...
[2026-05-19 21:28:51]  正在连接 QQ-主 邮箱服务器 (497720537@qq.com) ...
[2026-05-19 21:28:52]  正在连接 QQ-备用 邮箱服务器 (shouqianbadavid@qq.com) ...
[2026-05-19 21:29:27]  正在连接 QQ-主 邮箱服务器 (497720537@qq.com) ...
[2026-05-19 21:29:28]  正在连接 QQ-备用 邮箱服务器 (shouqianbadavid@qq.com) ...
[2026-05-19 21:30:04]  正在连接 QQ-主 邮箱服务器 (497720537@qq.com) ...
[2026-05-19 21:30:05]  正在连接 QQ-备用 邮箱服务器 (shouqianbadavid@qq.com) ...
[2026-05-19 21:30:41]  正在连接 QQ-主 邮箱服务器 (497720537@qq.com) ...
[2026-05-19 21:30:41]  正在连接 QQ-备用 邮箱服务器 (shouqianbadavid@qq.com) ...
[2026-05-19 21:31:18]  正在连接 QQ-主 邮箱服务器 (497720537@qq.com) ...
[2026-05-19 21:31:19]  正在连接 QQ-备用 邮箱服务器 (shouqianbadavid@qq.com) ...
[2026-05-19 21:31:55]  正在连接 QQ-主 邮箱服务器 (497720537@qq.com) ...
[2026-05-19 21:31:56]  正在连接 QQ-备用 邮箱服务器 (shouqianbadavid@qq.com) ...
[2026-05-19 21:32:31]  正在连接 QQ-主 邮箱服务器 (497720537@qq.com) ...
[2026-05-19 21:32:32]  正在连接 QQ-备用 邮箱服务器 (shouqianbadavid@qq.com) ...
[2026-05-19 21:33:08]  正在连接 QQ-主 邮箱服务器 (497720537@qq.com) ...
[2026-05-19 21:33:09]  正在连接 QQ-备用 邮箱服务器 (shouqianbadavid@qq.com) ...
[2026-05-19 21:33:44]  正在连接 QQ-主 邮箱服务器 (497720537@qq.com) ...
[2026-05-19 21:33:45]  正在连接 QQ-备用 邮箱服务器 (shouqianbadavid@qq.com) ...
[2026-05-19 21:34:21]  正在连接 QQ-主 邮箱服务器 (497720537@qq.com) ...
[2026-05-19 21:34:21]  正在连接 QQ-备用 邮箱服务器 (shouqianbadavid@qq.com) ...
[2026-05-19 21:34:57]  正在连接 QQ-主 邮箱服务器 (497720537@qq.com) ...
[2026-05-19 21:34:58]  正在连接 QQ-备用 邮箱服务器 (shouqianbadavid@qq.com) ...
[2026-05-19 21:35:34]  正在连接 QQ-主 邮箱服务器 (497720537@qq.com) ...
[2026-05-19 21:35:34]  正在连接 QQ-备用 邮箱服务器 (shouqianbadavid@qq.com) ...
[2026-05-19 21:36:10]  正在连接 QQ-主 邮箱服务器 (497720537@qq.com) ...
[2026-05-19 21:36:11]  正在连接 QQ-备用 邮箱服务器 (shouqianbadavid@qq.com) ...
[2026-05-19 21:36:47]  正在连接 QQ-主 邮箱服务器 (497720537@qq.com) ...
[2026-05-19 21:36:47]  正在连接 QQ-备用 邮箱服务器 (shouqianbadavid@qq.com) ...
[2026-05-19 21:37:23]  正在连接 QQ-主 邮箱服务器 (497720537@qq.com) ...
[2026-05-19 21:37:24]  正在连接 QQ-备用 邮箱服务器 (shouqianbadavid@qq.com) ...
[2026-05-19 21:38:00]  正在连接 QQ-主 邮箱服务器 (497720537@qq.com) ...
[2026-05-19 21:38:01]  正在连接 QQ-备用 邮箱服务器 (shouqianbadavid@qq.com) ...
[2026-05-19 21:38:36]  正在连接 QQ-主 邮箱服务器 (497720537@qq.com) ...
[2026-05-19 21:38:37]  正在连接 QQ-备用 邮箱服务器 (shouqianbadavid@qq.com) ...
[2026-05-19 21:39:13]  正在连接 QQ-主 邮箱服务器 (497720537@qq.com) ...
[2026-05-19 21:39:14]  正在连接 QQ-备用 邮箱服务器 (shouqianbadavid@qq.com) ...
[2026-05-19 21:39:50]  正在连接 QQ-主 邮箱服务器 (497720537@qq.com) ...
[2026-05-19 21:39:50]  正在连接 QQ-备用 邮箱服务器 (shouqianbadavid@qq.com) ...
[2026-05-19 21:40:26]  正在连接 QQ-主 邮箱服务器 (497720537@qq.com) ...
[2026-05-19 21:40:27]  正在连接 QQ-备用 邮箱服务器 (shouqianbadavid@qq.com) ...
[2026-05-19 21:41:03]  正在连接 QQ-主 邮箱服务器 (497720537@qq.com) ...
[2026-05-19 21:41:03]  正在连接 QQ-备用 邮箱服务器 (shouqianbadavid@qq.com) ...
[2026-05-19 21:41:39]  正在连接 QQ-主 邮箱服务器 (497720537@qq.com) ...
[2026-05-19 21:41:40]  正在连接 QQ-备用 邮箱服务器 (shouqianbadavid@qq.com) ...
[2026-05-19 21:42:15]  正在连接 QQ-主 邮箱服务器 (497720537@qq.com) ...
[2026-05-19 21:42:16]  正在连接 QQ-备用 邮箱服务器 (shouqianbadavid@qq.com) ...
[2026-05-19 21:42:52]  正在连接 QQ-主 邮箱服务器 (497720537@qq.com) ...
[2026-05-19 21:42:52]  正在连接 QQ-备用 邮箱服务器 (shouqianbadavid@qq.com) ...
[2026-05-19 21:43:28]  正在连接 QQ-主 邮箱服务器 (497720537@qq.com) ...
[2026-05-19 21:43:29]  正在连接 QQ-备用 邮箱服务器 (shouqianbadavid@qq.com) ...
[2026-05-19 21:44:04]  正在连接 QQ-主 邮箱服务器 (497720537@qq.com) ...
[2026-05-19 21:44:05]  正在连接 QQ-备用 邮箱服务器 (shouqianbadavid@qq.com) ...
[2026-05-19 21:44:41]  正在连接 QQ-主 邮箱服务器 (497720537@qq.com) ...
[2026-05-19 21:44:41]  正在连接 QQ-备用 邮箱服务器 (shouqianbadavid@qq.com) ...
[2026-05-19 21:45:17]  正在连接 QQ-主 邮箱服务器 (497720537@qq.com) ...
[2026-05-19 21:45:18]  正在连接 QQ-备用 邮箱服务器 (shouqianbadavid@qq.com) ...
[2026-05-19 21:45:54]  正在连接 QQ-主 邮箱服务器 (497720537@qq.com) ...
[2026-05-19 21:45:54]  正在连接 QQ-备用 邮箱服务器 (shouqianbadavid@qq.com) ...
[2026-05-19 21:46:30]  正在连接 QQ-主 邮箱服务器 (497720537@qq.com) ...
[2026-05-19 21:46:31]  正在连接 QQ-备用 邮箱服务器 (shouqianbadavid@qq.com) ...
[2026-05-19 21:47:06]  正在连接 QQ-主 邮箱服务器 (497720537@qq.com) ...
[2026-05-19 21:47:07]  正在连接 QQ-备用 邮箱服务器 (shouqianbadavid@qq.com) ...
[2026-05-19 21:47:43]  正在连接 QQ-主 邮箱服务器 (497720537@qq.com) ...
[2026-05-19 21:47:43]  正在连接 QQ-备用 邮箱服务器 (shouqianbadavid@qq.com) ...
[2026-05-19 21:48:19]  正在连接 QQ-主 邮箱服务器 (497720537@qq.com) ...
[2026-05-19 21:48:20]  正在连接 QQ-备用 邮箱服务器 (shouqianbadavid@qq.com) ...
[2026-05-19 21:48:56]  正在连接 QQ-主 邮箱服务器 (497720537@qq.com) ...
[2026-05-19 21:48:57]  正在连接 QQ-备用 邮箱服务器 (shouqianbadavid@qq.com) ...
[2026-05-19 21:49:32]  正在连接 QQ-主 邮箱服务器 (497720537@qq.com) ...
[2026-05-19 21:49:33]  正在连接 QQ-备用 邮箱服务器 (shouqianbadavid@qq.com) ...
[2026-05-19 21:50:09]  正在连接 QQ-主 邮箱服务器 (497720537@qq.com) ...
[2026-05-19 21:50:10]  正在连接 QQ-备用 邮箱服务器 (shouqianbadavid@qq.com) ...
[2026-05-19 21:50:45]  正在连接 QQ-主 邮箱服务器 (497720537@qq.com) ...
[2026-05-19 21:50:46]  正在连接 QQ-备用 邮箱服务器 (shouqianbadavid@qq.com) ...
[2026-05-19 21:51:22]  正在连接 QQ-主 邮箱服务器 (497720537@qq.com) ...
[2026-05-19 21:51:22]  正在连接 QQ-备用 邮箱服务器 (shouqianbadavid@qq.com) ...
[2026-05-19 21:51:58]  正在连接 QQ-主 邮箱服务器 (497720537@qq.com) ...
[2026-05-19 21:51:59]  正在连接 QQ-备用 邮箱服务器 (shouqianbadavid@qq.com) ...
[2026-05-19 21:52:34]  正在连接 QQ-主 邮箱服务器 (497720537@qq.com) ...
[2026-05-19 21:52:35]  正在连接 QQ-备用 邮箱服务器 (shouqianbadavid@qq.com) ...
[2026-05-19 21:53:11]  正在连接 QQ-主 邮箱服务器 (497720537@qq.com) ...
[2026-05-19 21:53:11]  正在连接 QQ-备用 邮箱服务器 (shouqianbadavid@qq.com) ...
[2026-05-19 21:53:47]  正在连接 QQ-主 邮箱服务器 (497720537@qq.com) ...
[2026-05-19 21:53:47]  正在连接 QQ-备用 邮箱服务器 (shouqianbadavid@qq.com) ...
[2026-05-19 21:54:23]  正在连接 QQ-主 邮箱服务器 (497720537@qq.com) ...
[2026-05-19 21:54:24]  正在连接 QQ-备用 邮箱服务器 (shouqianbadavid@qq.com) ...
[2026-05-19 21:54:59]  正在连接 QQ-主 邮箱服务器 (497720537@qq.com) ...
[2026-05-19 21:55:00]  正在连接 QQ-备用 邮箱服务器 (shouqianbadavid@qq.com) ...
[2026-05-19 21:55:36]  正在连接 QQ-主 邮箱服务器 (497720537@qq.com) ...
[2026-05-19 21:55:36]  正在连接 QQ-备用 邮箱服务器 (shouqianbadavid@qq.com) ...
[2026-05-19 21:56:12]  正在连接 QQ-主 邮箱服务器 (497720537@qq.com) ...
[2026-05-19 21:56:13]  正在连接 QQ-备用 邮箱服务器 (shouqianbadavid@qq.com) ...
[2026-05-19 21:56:49]  正在连接 QQ-主 邮箱服务器 (497720537@qq.com) ...
[2026-05-19 21:56:49]  正在连接 QQ-备用 邮箱服务器 (shouqianbadavid@qq.com) ...
[2026-05-19 21:57:25]  正在连接 QQ-主 邮箱服务器 (497720537@qq.com) ...
[2026-05-19 21:57:26]  正在连接 QQ-备用 邮箱服务器 (shouqianbadavid@qq.com) ...
[2026-05-19 21:58:01]  正在连接 QQ-主 邮箱服务器 (497720537@qq.com) ...
[2026-05-19 21:58:02]  正在连接 QQ-备用 邮箱服务器 (shouqianbadavid@qq.com) ...
[2026-05-19 21:58:38]  正在连接 QQ-主 邮箱服务器 (497720537@qq.com) ...
[2026-05-19 21:58:39]  正在连接 QQ-备用 邮箱服务器 (shouqianbadavid@qq.com) ...
[2026-05-19 21:59:15]  正在连接 QQ-主 邮箱服务器 (497720537@qq.com) ...
[2026-05-19 21:59:16]  正在连接 QQ-备用 邮箱服务器 (shouqianbadavid@qq.com) ...
[2026-05-19 21:59:51]  正在连接 QQ-主 邮箱服务器 (497720537@qq.com) ...
[2026-05-19 21:59:52]  正在连接 QQ-备用 邮箱服务器 (shouqianbadavid@qq.com) ...
[2026-05-19 22:00:28]  正在连接 QQ-主 邮箱服务器 (497720537@qq.com) ...
[2026-05-19 22:00:28]  正在连接 QQ-备用 邮箱服务器 (shouqianbadavid@qq.com) ...
[2026-05-19 22:01:05]  正在连接 QQ-主 邮箱服务器 (497720537@qq.com) ...
[2026-05-19 22:01:06]  正在连接 QQ-备用 邮箱服务器 (shouqianbadavid@qq.com) ...
[2026-05-19 22:01:41]  正在连接 QQ-主 邮箱服务器 (497720537@qq.com) ...
[2026-05-19 22:01:42]  正在连接 QQ-备用 邮箱服务器 (shouqianbadavid@qq.com) ...
[2026-05-19 22:02:18]  正在连接 QQ-主 邮箱服务器 (497720537@qq.com) ...
[2026-05-19 22:02:18]  正在连接 QQ-备用 邮箱服务器 (shouqianbadavid@qq.com) ...
[2026-05-19 22:02:54]  正在连接 QQ-主 邮箱服务器 (497720537@qq.com) ...
[2026-05-19 22:02:55]  正在连接 QQ-备用 邮箱服务器 (shouqianbadavid@qq.com) ...
[2026-05-19 22:03:30]  正在连接 QQ-主 邮箱服务器 (497720537@qq.com) ...
[2026-05-19 22:03:32]  正在连接 QQ-备用 邮箱服务器 (shouqianbadavid@qq.com) ...
[2026-05-19 22:04:07]  正在连接 QQ-主 邮箱服务器 (497720537@qq.com) ...
[2026-05-19 22:04:08]  正在连接 QQ-备用 邮箱服务器 (shouqianbadavid@qq.com) ...
[2026-05-19 22:04:44]  正在连接 QQ-主 邮箱服务器 (497720537@qq.com) ...
[2026-05-19 22:04:45]  正在连接 QQ-备用 邮箱服务器 (shouqianbadavid@qq.com) ...
[2026-05-19 22:05:20]  正在连接 QQ-主 邮箱服务器 (497720537@qq.com) ...
[2026-05-19 22:05:21]  正在连接 QQ-备用 邮箱服务器 (shouqianbadavid@qq.com) ...
[2026-05-19 22:05:57]  正在连接 QQ-主 邮箱服务器 (497720537@qq.com) ...
[2026-05-19 22:05:57]  正在连接 QQ-备用 邮箱服务器 (shouqianbadavid@qq.com) ...
[2026-05-19 22:06:33]  正在连接 QQ-主 邮箱服务器 (497720537@qq.com) ...
[2026-05-19 22:06:33]  正在连接 QQ-备用 邮箱服务器 (shouqianbadavid@qq.com) ...
[2026-05-19 22:07:09]  正在连接 QQ-主 邮箱服务器 (497720537@qq.com) ...
[2026-05-19 22:07:10]  正在连接 QQ-备用 邮箱服务器 (shouqianbadavid@qq.com) ...
[2026-05-19 22:07:45]  正在连接 QQ-主 邮箱服务器 (497720537@qq.com) ...
[2026-05-19 22:07:46]  正在连接 QQ-备用 邮箱服务器 (shouqianbadavid@qq.com) ...
[2026-05-19 22:08:21]  正在连接 QQ-主 邮箱服务器 (497720537@qq.com) ...
[2026-05-19 22:08:22]  正在连接 QQ-备用 邮箱服务器 (shouqianbadavid@qq.com) ...
[2026-05-19 22:08:58]  正在连接 QQ-主 邮箱服务器 (497720537@qq.com) ...
[2026-05-19 22:08:58]  正在连接 QQ-备用 邮箱服务器 (shouqianbadavid@qq.com) ...
[2026-05-19 22:09:34]  正在连接 QQ-主 邮箱服务器 (497720537@qq.com) ...
[2026-05-19 22:09:34]  正在连接 QQ-备用 邮箱服务器 (shouqianbadavid@qq.com) ...
[2026-05-19 22:10:10]  正在连接 QQ-主 邮箱服务器 (497720537@qq.com) ...
[2026-05-19 22:10:11]  正在连接 QQ-备用 邮箱服务器 (shouqianbadavid@qq.com) ...
[2026-05-19 22:10:47]  正在连接 QQ-主 邮箱服务器 (497720537@qq.com) ...
[2026-05-19 22:10:48]  正在连接 QQ-备用 邮箱服务器 (shouqianbadavid@qq.com) ...
[2026-05-19 22:11:23]  正在连接 QQ-主 邮箱服务器 (497720537@qq.com) ...
[2026-05-19 22:11:24]  正在连接 QQ-备用 邮箱服务器 (shouqianbadavid@qq.com) ...
[2026-05-19 22:12:00]  正在连接 QQ-主 邮箱服务器 (497720537@qq.com) ...
[2026-05-19 22:12:01]  正在连接 QQ-备用 邮箱服务器 (shouqianbadavid@qq.com) ...
[2026-05-19 22:12:36]  正在连接 QQ-主 邮箱服务器 (497720537@qq.com) ...
[2026-05-19 22:12:37]  正在连接 QQ-备用 邮箱服务器 (shouqianbadavid@qq.com) ...
[2026-05-19 22:13:13]  正在连接 QQ-主 邮箱服务器 (497720537@qq.com) ...
[2026-05-19 22:13:13]  正在连接 QQ-备用 邮箱服务器 (shouqianbadavid@qq.com) ...
[2026-05-19 22:13:49]  正在连接 QQ-主 邮箱服务器 (497720537@qq.com) ...
[2026-05-19 22:13:50]  正在连接 QQ-备用 邮箱服务器 (shouqianbadavid@qq.com) ...
[2026-05-19 22:14:25]  正在连接 QQ-主 邮箱服务器 (497720537@qq.com) ...
[2026-05-19 22:14:27]  正在连接 QQ-备用 邮箱服务器 (shouqianbadavid@qq.com) ...
[2026-05-19 22:15:02]  正在连接 QQ-主 邮箱服务器 (497720537@qq.com) ...
[2026-05-19 22:15:03]  正在连接 QQ-备用 邮箱服务器 (shouqianbadavid@qq.com) ...
[2026-05-19 22:15:39]  正在连接 QQ-主 邮箱服务器 (497720537@qq.com) ...
[2026-05-19 22:15:39]  正在连接 QQ-备用 邮箱服务器 (shouqianbadavid@qq.com) ...
[2026-05-19 22:16:15]  正在连接 QQ-主 邮箱服务器 (497720537@qq.com) ...
[2026-05-19 22:16:16]  正在连接 QQ-备用 邮箱服务器 (shouqianbadavid@qq.com) ...
[2026-05-19 22:16:52]  正在连接 QQ-主 邮箱服务器 (497720537@qq.com) ...
[2026-05-19 22:16:52]  正在连接 QQ-备用 邮箱服务器 (shouqianbadavid@qq.com) ...
[2026-05-19 22:17:28]  正在连接 QQ-主 邮箱服务器 (497720537@qq.com) ...
[2026-05-19 22:17:28]  正在连接 QQ-备用 邮箱服务器 (shouqianbadavid@qq.com) ...
[2026-05-19 22:18:04]  正在连接 QQ-主 邮箱服务器 (497720537@qq.com) ...
[2026-05-19 22:18:05]  正在连接 QQ-备用 邮箱服务器 (shouqianbadavid@qq.com) ...
[2026-05-19 22:18:41]  正在连接 QQ-主 邮箱服务器 (497720537@qq.com) ...
[2026-05-19 22:18:41]  正在连接 QQ-备用 邮箱服务器 (shouqianbadavid@qq.com) ...
[2026-05-19 22:19:17]  正在连接 QQ-主 邮箱服务器 (497720537@qq.com) ...
[2026-05-19 22:19:18]  正在连接 QQ-备用 邮箱服务器 (shouqianbadavid@qq.com) ...
[2026-05-19 22:19:53]  正在连接 QQ-主 邮箱服务器 (497720537@qq.com) ...
[2026-05-19 22:19:54]  正在连接 QQ-备用 邮箱服务器 (shouqianbadavid@qq.com) ...
[2026-05-19 22:20:30]  正在连接 QQ-主 邮箱服务器 (497720537@qq.com) ...
[2026-05-19 22:20:30]  正在连接 QQ-备用 邮箱服务器 (shouqianbadavid@qq.com) ...
[2026-05-19 22:21:07]  正在连接 QQ-主 邮箱服务器 (497720537@qq.com) ...
[2026-05-19 22:21:07]  正在连接 QQ-备用 邮箱服务器 (shouqianbadavid@qq.com) ...
[2026-05-19 22:21:43]  正在连接 QQ-主 邮箱服务器 (497720537@qq.com) ...
[2026-05-19 22:21:44]  正在连接 QQ-备用 邮箱服务器 (shouqianbadavid@qq.com) ...
[2026-05-19 22:22:19]  正在连接 QQ-主 邮箱服务器 (497720537@qq.com) ...
[2026-05-19 22:22:20]  正在连接 QQ-备用 邮箱服务器 (shouqianbadavid@qq.com) ...
[2026-05-19 22:22:56]  正在连接 QQ-主 邮箱服务器 (497720537@qq.com) ...
[2026-05-19 22:22:56]  正在连接 QQ-备用 邮箱服务器 (shouqianbadavid@qq.com) ...
[2026-05-19 22:23:32]  正在连接 QQ-主 邮箱服务器 (497720537@qq.com) ...
[2026-05-19 22:23:32]  正在连接 QQ-备用 邮箱服务器 (shouqianbadavid@qq.com) ...
[2026-05-19 22:24:08]  正在连接 QQ-主 邮箱服务器 (497720537@qq.com) ...
[2026-05-19 22:24:09]  正在连接 QQ-备用 邮箱服务器 (shouqianbadavid@qq.com) ...
[2026-05-19 22:24:45]  正在连接 QQ-主 邮箱服务器 (497720537@qq.com) ...
[2026-05-19 22:24:45]  正在连接 QQ-备用 邮箱服务器 (shouqianbadavid@qq.com) ...
[2026-05-19 22:25:21]  正在连接 QQ-主 邮箱服务器 (497720537@qq.com) ...
[2026-05-19 22:25:22]  正在连接 QQ-备用 邮箱服务器 (shouqianbadavid@qq.com) ...
[2026-05-19 22:25:58]  正在连接 QQ-主 邮箱服务器 (497720537@qq.com) ...
[2026-05-19 22:25:59]  正在连接 QQ-备用 邮箱服务器 (shouqianbadavid@qq.com) ...
[2026-05-19 22:26:35]  正在连接 QQ-主 邮箱服务器 (497720537@qq.com) ...
[2026-05-19 22:26:36]  正在连接 QQ-备用 邮箱服务器 (shouqianbadavid@qq.com) ...
[2026-05-19 22:27:12]  正在连接 QQ-主 邮箱服务器 (497720537@qq.com) ...
[2026-05-19 22:27:12]  正在连接 QQ-备用 邮箱服务器 (shouqianbadavid@qq.com) ...
[2026-05-19 22:27:48]  正在连接 QQ-主 邮箱服务器 (497720537@qq.com) ...
[2026-05-19 22:27:49]  正在连接 QQ-备用 邮箱服务器 (shouqianbadavid@qq.com) ...
[2026-05-19 22:28:25]  正在连接 QQ-主 邮箱服务器 (497720537@qq.com) ...
[2026-05-19 22:28:25]  正在连接 QQ-备用 邮箱服务器 (shouqianbadavid@qq.com) ...
[2026-05-19 22:29:01]  正在连接 QQ-主 邮箱服务器 (497720537@qq.com) ...
[2026-05-19 22:29:02]  正在连接 QQ-备用 邮箱服务器 (shouqianbadavid@qq.com) ...
[2026-05-19 22:29:38]  正在连接 QQ-主 邮箱服务器 (497720537@qq.com) ...
[2026-05-19 22:29:39]  正在连接 QQ-备用 邮箱服务器 (shouqianbadavid@qq.com) ...
[2026-05-19 22:30:14]  正在连接 QQ-主 邮箱服务器 (497720537@qq.com) ...
[2026-05-19 22:30:15]  正在连接 QQ-备用 邮箱服务器 (shouqianbadavid@qq.com) ...
[2026-05-19 22:30:51]  正在连接 QQ-主 邮箱服务器 (497720537@qq.com) ...
[2026-05-19 22:30:51]  正在连接 QQ-备用 邮箱服务器 (shouqianbadavid@qq.com) ...
[2026-05-19 22:31:27]  正在连接 QQ-主 邮箱服务器 (497720537@qq.com) ...
[2026-05-19 22:31:28]  正在连接 QQ-备用 邮箱服务器 (shouqianbadavid@qq.com) ...
[2026-05-19 22:32:03]  正在连接 QQ-主 邮箱服务器 (497720537@qq.com) ...
[2026-05-19 22:32:04]  正在连接 QQ-备用 邮箱服务器 (shouqianbadavid@qq.com) ...
[2026-05-19 22:32:41]  正在连接 QQ-主 邮箱服务器 (497720537@qq.com) ...
[2026-05-19 22:32:41]  正在连接 QQ-备用 邮箱服务器 (shouqianbadavid@qq.com) ...
[2026-05-19 22:33:17]  正在连接 QQ-主 邮箱服务器 (497720537@qq.com) ...
[2026-05-19 22:33:18]  正在连接 QQ-备用 邮箱服务器 (shouqianbadavid@qq.com) ...
[2026-05-19 22:33:54]  正在连接 QQ-主 邮箱服务器 (497720537@qq.com) ...
[2026-05-19 22:33:54]  正在连接 QQ-备用 邮箱服务器 (shouqianbadavid@qq.com) ...
[2026-05-19 22:34:30]  正在连接 QQ-主 邮箱服务器 (497720537@qq.com) ...
[2026-05-19 22:34:31]  正在连接 QQ-备用 邮箱服务器 (shouqianbadavid@qq.com) ...
[2026-05-19 22:35:07]  正在连接 QQ-主 邮箱服务器 (497720537@qq.com) ...
[2026-05-19 22:35:07]  正在连接 QQ-备用 邮箱服务器 (shouqianbadavid@qq.com) ...
[2026-05-19 22:35:43]  正在连接 QQ-主 邮箱服务器 (497720537@qq.com) ...
[2026-05-19 22:35:43]  正在连接 QQ-备用 邮箱服务器 (shouqianbadavid@qq.com) ...
[2026-05-19 22:36:19]  正在连接 QQ-主 邮箱服务器 (497720537@qq.com) ...
[2026-05-19 22:36:20]  正在连接 QQ-备用 邮箱服务器 (shouqianbadavid@qq.com) ...
[2026-05-19 22:36:56]  正在连接 QQ-主 邮箱服务器 (497720537@qq.com) ...
[2026-05-19 22:36:57]  正在连接 QQ-备用 邮箱服务器 (shouqianbadavid@qq.com) ...
[2026-05-19 22:37:32]  正在连接 QQ-主 邮箱服务器 (497720537@qq.com) ...
[2026-05-19 22:37:33]  正在连接 QQ-备用 邮箱服务器 (shouqianbadavid@qq.com) ...
[2026-05-19 22:38:09]  正在连接 QQ-主 邮箱服务器 (497720537@qq.com) ...
[2026-05-19 22:38:09]  正在连接 QQ-备用 邮箱服务器 (shouqianbadavid@qq.com) ...
[2026-05-19 22:38:45]  正在连接 QQ-主 邮箱服务器 (497720537@qq.com) ...
[2026-05-19 22:38:45]  正在连接 QQ-备用 邮箱服务器 (shouqianbadavid@qq.com) ...
[2026-05-19 22:39:21]  正在连接 QQ-主 邮箱服务器 (497720537@qq.com) ...
[2026-05-19 22:39:22]  正在连接 QQ-备用 邮箱服务器 (shouqianbadavid@qq.com) ...
[2026-05-19 22:39:58]  正在连接 QQ-主 邮箱服务器 (497720537@qq.com) ...
[2026-05-19 22:39:58]  正在连接 QQ-备用 邮箱服务器 (shouqianbadavid@qq.com) ...
[2026-05-19 22:40:34]  正在连接 QQ-主 邮箱服务器 (497720537@qq.com) ...
[2026-05-19 22:40:35]  正在连接 QQ-备用 邮箱服务器 (shouqianbadavid@qq.com) ...
[2026-05-19 22:41:11]  正在连接 QQ-主 邮箱服务器 (497720537@qq.com) ...
[2026-05-19 22:41:11]  正在连接 QQ-备用 邮箱服务器 (shouqianbadavid@qq.com) ...
[2026-05-19 22:41:47]  正在连接 QQ-主 邮箱服务器 (497720537@qq.com) ...
[2026-05-19 22:41:48]  正在连接 QQ-备用 邮箱服务器 (shouqianbadavid@qq.com) ...
[2026-05-19 22:42:23]  正在连接 QQ-主 邮箱服务器 (497720537@qq.com) ...
[2026-05-19 22:42:24]  正在连接 QQ-备用 邮箱服务器 (shouqianbadavid@qq.com) ...
[2026-05-19 22:43:00]  正在连接 QQ-主 邮箱服务器 (497720537@qq.com) ...
[2026-05-19 22:43:00]  正在连接 QQ-备用 邮箱服务器 (shouqianbadavid@qq.com) ...
[2026-05-19 22:43:36]  正在连接 QQ-主 邮箱服务器 (497720537@qq.com) ...
[2026-05-19 22:43:37]  正在连接 QQ-备用 邮箱服务器 (shouqianbadavid@qq.com) ...
[2026-05-19 22:44:12]  正在连接 QQ-主 邮箱服务器 (497720537@qq.com) ...
[2026-05-19 22:44:13]  正在连接 QQ-备用 邮箱服务器 (shouqianbadavid@qq.com) ...
[2026-05-19 22:44:48]  正在连接 QQ-主 邮箱服务器 (497720537@qq.com) ...
[2026-05-19 22:44:49]  正在连接 QQ-备用 邮箱服务器 (shouqianbadavid@qq.com) ...
[2026-05-19 22:45:25]  正在连接 QQ-主 邮箱服务器 (497720537@qq.com) ...
[2026-05-19 22:45:25]  正在连接 QQ-备用 邮箱服务器 (shouqianbadavid@qq.com) ...
[2026-05-19 22:46:01]  正在连接 QQ-主 邮箱服务器 (497720537@qq.com) ...
[2026-05-19 22:46:02]  正在连接 QQ-备用 邮箱服务器 (shouqianbadavid@qq.com) ...
[2026-05-19 22:46:37]  正在连接 QQ-主 邮箱服务器 (497720537@qq.com) ...
[2026-05-19 22:46:38]  正在连接 QQ-备用 邮箱服务器 (shouqianbadavid@qq.com) ...
[2026-05-19 22:47:14]  正在连接 QQ-主 邮箱服务器 (497720537@qq.com) ...
[2026-05-19 22:47:14]  正在连接 QQ-备用 邮箱服务器 (shouqianbadavid@qq.com) ...
[2026-05-19 22:47:50]  正在连接 QQ-主 邮箱服务器 (497720537@qq.com) ...
[2026-05-19 22:47:51]  正在连接 QQ-备用 邮箱服务器 (shouqianbadavid@qq.com) ...
[2026-05-19 22:48:27]  正在连接 QQ-主 邮箱服务器 (497720537@qq.com) ...
[2026-05-19 22:48:27]  正在连接 QQ-备用 邮箱服务器 (shouqianbadavid@qq.com) ...
[2026-05-19 22:49:03]  正在连接 QQ-主 邮箱服务器 (497720537@qq.com) ...
[2026-05-19 22:49:04]  正在连接 QQ-备用 邮箱服务器 (shouqianbadavid@qq.com) ...
[2026-05-19 22:49:39]  正在连接 QQ-主 邮箱服务器 (497720537@qq.com) ...
[2026-05-19 22:49:40]  正在连接 QQ-备用 邮箱服务器 (shouqianbadavid@qq.com) ...
[2026-05-19 22:50:16]  正在连接 QQ-主 邮箱服务器 (497720537@qq.com) ...
[2026-05-19 22:50:17]  正在连接 QQ-备用 邮箱服务器 (shouqianbadavid@qq.com) ...
[2026-05-19 22:50:53]  正在连接 QQ-主 邮箱服务器 (497720537@qq.com) ...
[2026-05-19 22:50:53]  正在连接 QQ-备用 邮箱服务器 (shouqianbadavid@qq.com) ...
[2026-05-19 22:51:29]  正在连接 QQ-主 邮箱服务器 (497720537@qq.com) ...
[2026-05-19 22:51:29]  正在连接 QQ-备用 邮箱服务器 (shouqianbadavid@qq.com) ...
[2026-05-19 22:52:05]  正在连接 QQ-主 邮箱服务器 (497720537@qq.com) ...
[2026-05-19 22:52:06]  正在连接 QQ-备用 邮箱服务器 (shouqianbadavid@qq.com) ...
[2026-05-19 22:52:42]  正在连接 QQ-主 邮箱服务器 (497720537@qq.com) ...
[2026-05-19 22:52:43]  正在连接 QQ-备用 邮箱服务器 (shouqianbadavid@qq.com) ...
[2026-05-19 22:53:18]  正在连接 QQ-主 邮箱服务器 (497720537@qq.com) ...
[2026-05-19 22:53:19]  正在连接 QQ-备用 邮箱服务器 (shouqianbadavid@qq.com) ...
[2026-05-19 22:53:55]  正在连接 QQ-主 邮箱服务器 (497720537@qq.com) ...
[2026-05-19 22:53:55]  正在连接 QQ-备用 邮箱服务器 (shouqianbadavid@qq.com) ...
[2026-05-19 22:54:32]  正在连接 QQ-主 邮箱服务器 (497720537@qq.com) ...
[2026-05-19 22:54:32]  正在连接 QQ-备用 邮箱服务器 (shouqianbadavid@qq.com) ...
[2026-05-19 22:55:08]  正在连接 QQ-主 邮箱服务器 (497720537@qq.com) ...
[2026-05-19 22:55:08]  正在连接 QQ-备用 邮箱服务器 (shouqianbadavid@qq.com) ...
[2026-05-19 22:55:44]  正在连接 QQ-主 邮箱服务器 (497720537@qq.com) ...
[2026-05-19 22:55:45]  正在连接 QQ-备用 邮箱服务器 (shouqianbadavid@qq.com) ...
[2026-05-19 22:56:20]  正在连接 QQ-主 邮箱服务器 (497720537@qq.com) ...
[2026-05-19 22:56:21]  正在连接 QQ-备用 邮箱服务器 (shouqianbadavid@qq.com) ...
[2026-05-19 22:56:57]  正在连接 QQ-主 邮箱服务器 (497720537@qq.com) ...
[2026-05-19 22:56:57]  正在连接 QQ-备用 邮箱服务器 (shouqianbadavid@qq.com) ...
[2026-05-19 22:57:33]  正在连接 QQ-主 邮箱服务器 (497720537@qq.com) ...
[2026-05-19 22:57:34]  正在连接 QQ-备用 邮箱服务器 (shouqianbadavid@qq.com) ...
[2026-05-19 22:58:10]  正在连接 QQ-主 邮箱服务器 (497720537@qq.com) ...
[2026-05-19 22:58:10]  正在连接 QQ-备用 邮箱服务器 (shouqianbadavid@qq.com) ...
[2026-05-19 22:58:46]  正在连接 QQ-主 邮箱服务器 (497720537@qq.com) ...
[2026-05-19 22:58:47]  正在连接 QQ-备用 邮箱服务器 (shouqianbadavid@qq.com) ...
[2026-05-19 22:59:23]  正在连接 QQ-主 邮箱服务器 (497720537@qq.com) ...
[2026-05-19 22:59:23]  正在连接 QQ-备用 邮箱服务器 (shouqianbadavid@qq.com) ...
[2026-05-19 22:59:59]  正在连接 QQ-主 邮箱服务器 (497720537@qq.com) ...
[2026-05-19 23:00:00]  正在连接 QQ-备用 邮箱服务器 (shouqianbadavid@qq.com) ...
[2026-05-19 23:00:36]  正在连接 QQ-主 邮箱服务器 (497720537@qq.com) ...
[2026-05-19 23:00:36]  正在连接 QQ-备用 邮箱服务器 (shouqianbadavid@qq.com) ...
[2026-05-19 23:01:12]  正在连接 QQ-主 邮箱服务器 (497720537@qq.com) ...
[2026-05-19 23:01:13]  正在连接 QQ-备用 邮箱服务器 (shouqianbadavid@qq.com) ...
[2026-05-19 23:01:49]  正在连接 QQ-主 邮箱服务器 (497720537@qq.com) ...
[2026-05-19 23:01:49]  正在连接 QQ-备用 邮箱服务器 (shouqianbadavid@qq.com) ...
[2026-05-19 23:02:24]  正在连接 QQ-主 邮箱服务器 (497720537@qq.com) ...
[2026-05-19 23:02:25]  正在连接 QQ-备用 邮箱服务器 (shouqianbadavid@qq.com) ...
[2026-05-19 23:03:01]  正在连接 QQ-主 邮箱服务器 (497720537@qq.com) ...
[2026-05-19 23:03:02]  正在连接 QQ-备用 邮箱服务器 (shouqianbadavid@qq.com) ...
[2026-05-19 23:03:38]  正在连接 QQ-主 邮箱服务器 (497720537@qq.com) ...
[2026-05-19 23:03:38]  正在连接 QQ-备用 邮箱服务器 (shouqianbadavid@qq.com) ...
[2026-05-19 23:04:14]  正在连接 QQ-主 邮箱服务器 (497720537@qq.com) ...
[2026-05-19 23:04:14]  正在连接 QQ-备用 邮箱服务器 (shouqianbadavid@qq.com) ...
[2026-05-19 23:04:50]  正在连接 QQ-主 邮箱服务器 (497720537@qq.com) ...
[2026-05-19 23:04:51]  正在连接 QQ-备用 邮箱服务器 (shouqianbadavid@qq.com) ...
[2026-05-19 23:05:27]  正在连接 QQ-主 邮箱服务器 (497720537@qq.com) ...
[2026-05-19 23:05:27]  正在连接 QQ-备用 邮箱服务器 (shouqianbadavid@qq.com) ...
[2026-05-19 23:06:03]  正在连接 QQ-主 邮箱服务器 (497720537@qq.com) ...
[2026-05-19 23:06:04]  正在连接 QQ-备用 邮箱服务器 (shouqianbadavid@qq.com) ...
[2026-05-19 23:06:39]  正在连接 QQ-主 邮箱服务器 (497720537@qq.com) ...
[2026-05-19 23:06:40]  正在连接 QQ-备用 邮箱服务器 (shouqianbadavid@qq.com) ...
[2026-05-19 23:07:16]  正在连接 QQ-主 邮箱服务器 (497720537@qq.com) ...
[2026-05-19 23:07:16]  正在连接 QQ-备用 邮箱服务器 (shouqianbadavid@qq.com) ...
[2026-05-19 23:07:52]  正在连接 QQ-主 邮箱服务器 (497720537@qq.com) ...
[2026-05-19 23:07:53]  正在连接 QQ-备用 邮箱服务器 (shouqianbadavid@qq.com) ...
[2026-05-19 23:08:28]  正在连接 QQ-主 邮箱服务器 (497720537@qq.com) ...
[2026-05-19 23:08:29]  正在连接 QQ-备用 邮箱服务器 (shouqianbadavid@qq.com) ...
[2026-05-19 23:09:05]  正在连接 QQ-主 邮箱服务器 (497720537@qq.com) ...
[2026-05-19 23:09:05]  正在连接 QQ-备用 邮箱服务器 (shouqianbadavid@qq.com) ...
[2026-05-19 23:09:41]  正在连接 QQ-主 邮箱服务器 (497720537@qq.com) ...
[2026-05-19 23:09:42]  正在连接 QQ-备用 邮箱服务器 (shouqianbadavid@qq.com) ...
[2026-05-19 23:10:18]  正在连接 QQ-主 邮箱服务器 (497720537@qq.com) ...
[2026-05-19 23:10:18]  正在连接 QQ-备用 邮箱服务器 (shouqianbadavid@qq.com) ...
[2026-05-19 23:10:54]  正在连接 QQ-主 邮箱服务器 (497720537@qq.com) ...
[2026-05-19 23:10:55]  正在连接 QQ-备用 邮箱服务器 (shouqianbadavid@qq.com) ...
[2026-05-19 23:11:31]  正在连接 QQ-主 邮箱服务器 (497720537@qq.com) ...
[2026-05-19 23:11:31]  正在连接 QQ-备用 邮箱服务器 (shouqianbadavid@qq.com) ...
[2026-05-19 23:12:07]  正在连接 QQ-主 邮箱服务器 (497720537@qq.com) ...
[2026-05-19 23:12:08]  正在连接 QQ-备用 邮箱服务器 (shouqianbadavid@qq.com) ...
[2026-05-19 23:12:44]  正在连接 QQ-主 邮箱服务器 (497720537@qq.com) ...
[2026-05-19 23:12:44]  正在连接 QQ-备用 邮箱服务器 (shouqianbadavid@qq.com) ...
[2026-05-19 23:13:20]  正在连接 QQ-主 邮箱服务器 (497720537@qq.com) ...
[2026-05-19 23:13:20]  正在连接 QQ-备用 邮箱服务器 (shouqianbadavid@qq.com) ...
[2026-05-19 23:13:56]  正在连接 QQ-主 邮箱服务器 (497720537@qq.com) ...
[2026-05-19 23:13:57]  正在连接 QQ-备用 邮箱服务器 (shouqianbadavid@qq.com) ...
[2026-05-19 23:14:33]  正在连接 QQ-主 邮箱服务器 (497720537@qq.com) ...
[2026-05-19 23:14:34]  正在连接 QQ-备用 邮箱服务器 (shouqianbadavid@qq.com) ...
[2026-05-19 23:15:10]  正在连接 QQ-主 邮箱服务器 (497720537@qq.com) ...
[2026-05-19 23:15:10]  正在连接 QQ-备用 邮箱服务器 (shouqianbadavid@qq.com) ...
[2026-05-19 23:15:46]  正在连接 QQ-主 邮箱服务器 (497720537@qq.com) ...
[2026-05-19 23:15:47]  正在连接 QQ-备用 邮箱服务器 (shouqianbadavid@qq.com) ...
[2026-05-19 23:16:23]  正在连接 QQ-主 邮箱服务器 (497720537@qq.com) ...
[2026-05-19 23:16:23]  正在连接 QQ-备用 邮箱服务器 (shouqianbadavid@qq.com) ...
[2026-05-19 23:16:59]  正在连接 QQ-主 邮箱服务器 (497720537@qq.com) ...
[2026-05-19 23:17:00]  正在连接 QQ-备用 邮箱服务器 (shouqianbadavid@qq.com) ...
[2026-05-19 23:17:36]  正在连接 QQ-主 邮箱服务器 (497720537@qq.com) ...
[2026-05-19 23:17:36]  正在连接 QQ-备用 邮箱服务器 (shouqianbadavid@qq.com) ...
[2026-05-19 23:18:12]  正在连接 QQ-主 邮箱服务器 (497720537@qq.com) ...
[2026-05-19 23:18:13]  正在连接 QQ-备用 邮箱服务器 (shouqianbadavid@qq.com) ...
[2026-05-19 23:18:49]  正在连接 QQ-主 邮箱服务器 (497720537@qq.com) ...
[2026-05-19 23:18:49]  正在连接 QQ-备用 邮箱服务器 (shouqianbadavid@qq.com) ...
[2026-05-19 23:19:25]  正在连接 QQ-主 邮箱服务器 (497720537@qq.com) ...
[2026-05-19 23:19:26]  正在连接 QQ-备用 邮箱服务器 (shouqianbadavid@qq.com) ...
[2026-05-19 23:20:02]  正在连接 QQ-主 邮箱服务器 (497720537@qq.com) ...
[2026-05-19 23:20:02]  正在连接 QQ-备用 邮箱服务器 (shouqianbadavid@qq.com) ...
[2026-05-19 23:20:38]  正在连接 QQ-主 邮箱服务器 (497720537@qq.com) ...
[2026-05-19 23:20:39]  正在连接 QQ-备用 邮箱服务器 (shouqianbadavid@qq.com) ...
[2026-05-19 23:21:14]  正在连接 QQ-主 邮箱服务器 (497720537@qq.com) ...
[2026-05-19 23:21:15]  正在连接 QQ-备用 邮箱服务器 (shouqianbadavid@qq.com) ...
[2026-05-19 23:21:51]  正在连接 QQ-主 邮箱服务器 (497720537@qq.com) ...
[2026-05-19 23:21:51]  正在连接 QQ-备用 邮箱服务器 (shouqianbadavid@qq.com) ...
[2026-05-19 23:22:27]  正在连接 QQ-主 邮箱服务器 (497720537@qq.com) ...
[2026-05-19 23:22:28]  正在连接 QQ-备用 邮箱服务器 (shouqianbadavid@qq.com) ...
[2026-05-19 23:23:03]  正在连接 QQ-主 邮箱服务器 (497720537@qq.com) ...
[2026-05-19 23:23:04]  正在连接 QQ-备用 邮箱服务器 (shouqianbadavid@qq.com) ...
[2026-05-19 23:23:40]  正在连接 QQ-主 邮箱服务器 (497720537@qq.com) ...
[2026-05-19 23:23:41]  正在连接 QQ-备用 邮箱服务器 (shouqianbadavid@qq.com) ...
[2026-05-19 23:24:16]  正在连接 QQ-主 邮箱服务器 (497720537@qq.com) ...
[2026-05-19 23:24:17]  正在连接 QQ-备用 邮箱服务器 (shouqianbadavid@qq.com) ...
[2026-05-19 23:24:53]  正在连接 QQ-主 邮箱服务器 (497720537@qq.com) ...
[2026-05-19 23:24:53]  正在连接 QQ-备用 邮箱服务器 (shouqianbadavid@qq.com) ...
[2026-05-19 23:25:29]  正在连接 QQ-主 邮箱服务器 (497720537@qq.com) ...
[2026-05-19 23:25:30]  正在连接 QQ-备用 邮箱服务器 (shouqianbadavid@qq.com) ...
[2026-05-19 23:26:05]  正在连接 QQ-主 邮箱服务器 (497720537@qq.com) ...
[2026-05-19 23:26:06]  正在连接 QQ-备用 邮箱服务器 (shouqianbadavid@qq.com) ...
[2026-05-19 23:26:42]  正在连接 QQ-主 邮箱服务器 (497720537@qq.com) ...
[2026-05-19 23:26:43]  正在连接 QQ-备用 邮箱服务器 (shouqianbadavid@qq.com) ...
[2026-05-19 23:27:19]  正在连接 QQ-主 邮箱服务器 (497720537@qq.com) ...
[2026-05-19 23:27:19]  正在连接 QQ-备用 邮箱服务器 (shouqianbadavid@qq.com) ...
[2026-05-19 23:27:55]  正在连接 QQ-主 邮箱服务器 (497720537@qq.com) ...
[2026-05-19 23:27:56]  正在连接 QQ-备用 邮箱服务器 (shouqianbadavid@qq.com) ...
[2026-05-19 23:28:32]  正在连接 QQ-主 邮箱服务器 (497720537@qq.com) ...
[2026-05-19 23:28:32]  正在连接 QQ-备用 邮箱服务器 (shouqianbadavid@qq.com) ...
[2026-05-19 23:29:08]  正在连接 QQ-主 邮箱服务器 (497720537@qq.com) ...
[2026-05-19 23:29:08]  正在连接 QQ-备用 邮箱服务器 (shouqianbadavid@qq.com) ...
[2026-05-19 23:29:44]  正在连接 QQ-主 邮箱服务器 (497720537@qq.com) ...
[2026-05-19 23:29:45]  正在连接 QQ-备用 邮箱服务器 (shouqianbadavid@qq.com) ...
[2026-05-19 23:30:21]  正在连接 QQ-主 邮箱服务器 (497720537@qq.com) ...
[2026-05-19 23:30:21]  正在连接 QQ-备用 邮箱服务器 (shouqianbadavid@qq.com) ...
[2026-05-19 23:30:57]  正在连接 QQ-主 邮箱服务器 (497720537@qq.com) ...
[2026-05-19 23:30:57]  正在连接 QQ-备用 邮箱服务器 (shouqianbadavid@qq.com) ...
[2026-05-19 23:31:33]  正在连接 QQ-主 邮箱服务器 (497720537@qq.com) ...
[2026-05-19 23:31:34]  正在连接 QQ-备用 邮箱服务器 (shouqianbadavid@qq.com) ...
[2026-05-19 23:32:09]  正在连接 QQ-主 邮箱服务器 (497720537@qq.com) ...
[2026-05-19 23:32:10]  正在连接 QQ-备用 邮箱服务器 (shouqianbadavid@qq.com) ...
[2026-05-19 23:32:45]  正在连接 QQ-主 邮箱服务器 (497720537@qq.com) ...
[2026-05-19 23:32:46]  正在连接 QQ-备用 邮箱服务器 (shouqianbadavid@qq.com) ...
[2026-05-19 23:33:22]  正在连接 QQ-主 邮箱服务器 (497720537@qq.com) ...
[2026-05-19 23:33:23]  正在连接 QQ-备用 邮箱服务器 (shouqianbadavid@qq.com) ...
[2026-05-19 23:33:58]  正在连接 QQ-主 邮箱服务器 (497720537@qq.com) ...
[2026-05-19 23:33:59]  正在连接 QQ-备用 邮箱服务器 (shouqianbadavid@qq.com) ...
[2026-05-19 23:34:35]  正在连接 QQ-主 邮箱服务器 (497720537@qq.com) ...
[2026-05-19 23:34:36]  正在连接 QQ-备用 邮箱服务器 (shouqianbadavid@qq.com) ...
[2026-05-19 23:35:12]  正在连接 QQ-主 邮箱服务器 (497720537@qq.com) ...
[2026-05-19 23:35:12]  正在连接 QQ-备用 邮箱服务器 (shouqianbadavid@qq.com) ...
[2026-05-19 23:35:48]  正在连接 QQ-主 邮箱服务器 (497720537@qq.com) ...
[2026-05-19 23:35:49]  正在连接 QQ-备用 邮箱服务器 (shouqianbadavid@qq.com) ...
[2026-05-19 23:36:24]  正在连接 QQ-主 邮箱服务器 (497720537@qq.com) ...
[2026-05-19 23:36:25]  正在连接 QQ-备用 邮箱服务器 (shouqianbadavid@qq.com) ...
[2026-05-19 23:37:01]  正在连接 QQ-主 邮箱服务器 (497720537@qq.com) ...
[2026-05-19 23:37:01]  正在连接 QQ-备用 邮箱服务器 (shouqianbadavid@qq.com) ...
[2026-05-19 23:37:37]  正在连接 QQ-主 邮箱服务器 (497720537@qq.com) ...
[2026-05-19 23:37:38]  正在连接 QQ-备用 邮箱服务器 (shouqianbadavid@qq.com) ...
[2026-05-19 23:38:14]  正在连接 QQ-主 邮箱服务器 (497720537@qq.com) ...
[2026-05-19 23:38:14]  正在连接 QQ-备用 邮箱服务器 (shouqianbadavid@qq.com) ...
[2026-05-19 23:38:50]  正在连接 QQ-主 邮箱服务器 (497720537@qq.com) ...
[2026-05-19 23:38:51]  正在连接 QQ-备用 邮箱服务器 (shouqianbadavid@qq.com) ...
[2026-05-19 23:39:26]  正在连接 QQ-主 邮箱服务器 (497720537@qq.com) ...
[2026-05-19 23:39:27]  正在连接 QQ-备用 邮箱服务器 (shouqianbadavid@qq.com) ...
[2026-05-19 23:40:03]  正在连接 QQ-主 邮箱服务器 (497720537@qq.com) ...
[2026-05-19 23:40:04]  正在连接 QQ-备用 邮箱服务器 (shouqianbadavid@qq.com) ...
[2026-05-19 23:40:40]  正在连接 QQ-主 邮箱服务器 (497720537@qq.com) ...
[2026-05-19 23:40:41]  正在连接 QQ-备用 邮箱服务器 (shouqianbadavid@qq.com) ...
[2026-05-19 23:41:16]  正在连接 QQ-主 邮箱服务器 (497720537@qq.com) ...
[2026-05-19 23:41:17]  正在连接 QQ-备用 邮箱服务器 (shouqianbadavid@qq.com) ...
[2026-05-19 23:41:53]  正在连接 QQ-主 邮箱服务器 (497720537@qq.com) ...
[2026-05-19 23:41:53]  正在连接 QQ-备用 邮箱服务器 (shouqianbadavid@qq.com) ...
[2026-05-19 23:42:29]  正在连接 QQ-主 邮箱服务器 (497720537@qq.com) ...
[2026-05-19 23:42:30]  正在连接 QQ-备用 邮箱服务器 (shouqianbadavid@qq.com) ...
[2026-05-19 23:43:06]  正在连接 QQ-主 邮箱服务器 (497720537@qq.com) ...
[2026-05-19 23:43:07]  正在连接 QQ-备用 邮箱服务器 (shouqianbadavid@qq.com) ...
[2026-05-19 23:43:43]  正在连接 QQ-主 邮箱服务器 (497720537@qq.com) ...
[2026-05-19 23:43:43]  正在连接 QQ-备用 邮箱服务器 (shouqianbadavid@qq.com) ...
[2026-05-19 23:44:19]  正在连接 QQ-主 邮箱服务器 (497720537@qq.com) ...
[2026-05-19 23:44:20]  正在连接 QQ-备用 邮箱服务器 (shouqianbadavid@qq.com) ...
[2026-05-19 23:44:56]  正在连接 QQ-主 邮箱服务器 (497720537@qq.com) ...
[2026-05-19 23:44:56]  正在连接 QQ-备用 邮箱服务器 (shouqianbadavid@qq.com) ...
[2026-05-19 23:45:32]  正在连接 QQ-主 邮箱服务器 (497720537@qq.com) ...
[2026-05-19 23:45:33]  正在连接 QQ-备用 邮箱服务器 (shouqianbadavid@qq.com) ...
[2026-05-19 23:46:09]  正在连接 QQ-主 邮箱服务器 (497720537@qq.com) ...
[2026-05-19 23:46:09]  正在连接 QQ-备用 邮箱服务器 (shouqianbadavid@qq.com) ...
[2026-05-19 23:46:45]  正在连接 QQ-主 邮箱服务器 (497720537@qq.com) ...
[2026-05-19 23:46:45]  正在连接 QQ-备用 邮箱服务器 (shouqianbadavid@qq.com) ...
[2026-05-19 23:47:21]  正在连接 QQ-主 邮箱服务器 (497720537@qq.com) ...
[2026-05-19 23:47:22]  正在连接 QQ-备用 邮箱服务器 (shouqianbadavid@qq.com) ...
[2026-05-19 23:47:57]  正在连接 QQ-主 邮箱服务器 (497720537@qq.com) ...
[2026-05-19 23:47:58]  正在连接 QQ-备用 邮箱服务器 (shouqianbadavid@qq.com) ...
[2026-05-19 23:48:34]  正在连接 QQ-主 邮箱服务器 (497720537@qq.com) ...
[2026-05-19 23:48:35]  正在连接 QQ-备用 邮箱服务器 (shouqianbadavid@qq.com) ...
[2026-05-19 23:49:10]  正在连接 QQ-主 邮箱服务器 (497720537@qq.com) ...
[2026-05-19 23:49:11]  正在连接 QQ-备用 邮箱服务器 (shouqianbadavid@qq.com) ...
[2026-05-19 23:49:47]  正在连接 QQ-主 邮箱服务器 (497720537@qq.com) ...
[2026-05-19 23:49:47]  正在连接 QQ-备用 邮箱服务器 (shouqianbadavid@qq.com) ...
[2026-05-19 23:50:23]  正在连接 QQ-主 邮箱服务器 (497720537@qq.com) ...
[2026-05-19 23:50:24]  正在连接 QQ-备用 邮箱服务器 (shouqianbadavid@qq.com) ...
[2026-05-19 23:50:59]  正在连接 QQ-主 邮箱服务器 (497720537@qq.com) ...
[2026-05-19 23:51:00]  正在连接 QQ-备用 邮箱服务器 (shouqianbadavid@qq.com) ...
[2026-05-19 23:51:36]  正在连接 QQ-主 邮箱服务器 (497720537@qq.com) ...
[2026-05-19 23:51:36]  正在连接 QQ-备用 邮箱服务器 (shouqianbadavid@qq.com) ...
[2026-05-19 23:52:12]  正在连接 QQ-主 邮箱服务器 (497720537@qq.com) ...
[2026-05-19 23:52:12]  正在连接 QQ-备用 邮箱服务器 (shouqianbadavid@qq.com) ...
[2026-05-19 23:52:48]  正在连接 QQ-主 邮箱服务器 (497720537@qq.com) ...
[2026-05-19 23:52:49]  正在连接 QQ-备用 邮箱服务器 (shouqianbadavid@qq.com) ...
[2026-05-19 23:53:25]  正在连接 QQ-主 邮箱服务器 (497720537@qq.com) ...
[2026-05-19 23:53:25]  正在连接 QQ-备用 邮箱服务器 (shouqianbadavid@qq.com) ...
[2026-05-19 23:54:01]  正在连接 QQ-主 邮箱服务器 (497720537@qq.com) ...
[2026-05-19 23:54:02]  正在连接 QQ-备用 邮箱服务器 (shouqianbadavid@qq.com) ...
[2026-05-19 23:54:37]  正在连接 QQ-主 邮箱服务器 (497720537@qq.com) ...
[2026-05-19 23:54:38]  正在连接 QQ-备用 邮箱服务器 (shouqianbadavid@qq.com) ...
[2026-05-19 23:55:14]  正在连接 QQ-主 邮箱服务器 (497720537@qq.com) ...
[2026-05-19 23:55:14]  正在连接 QQ-备用 邮箱服务器 (shouqianbadavid@qq.com) ...
[2026-05-19 23:55:50]  正在连接 QQ-主 邮箱服务器 (497720537@qq.com) ...
[2026-05-19 23:55:51]  正在连接 QQ-备用 邮箱服务器 (shouqianbadavid@qq.com) ...
[2026-05-19 23:56:27]  正在连接 QQ-主 邮箱服务器 (497720537@qq.com) ...
[2026-05-19 23:56:27]  正在连接 QQ-备用 邮箱服务器 (shouqianbadavid@qq.com) ...
[2026-05-19 23:57:03]  正在连接 QQ-主 邮箱服务器 (497720537@qq.com) ...
[2026-05-19 23:57:03]  正在连接 QQ-备用 邮箱服务器 (shouqianbadavid@qq.com) ...
[2026-05-19 23:57:39]  正在连接 QQ-主 邮箱服务器 (497720537@qq.com) ...
[2026-05-19 23:57:40]  正在连接 QQ-备用 邮箱服务器 (shouqianbadavid@qq.com) ...
[2026-05-19 23:58:15]  正在连接 QQ-主 邮箱服务器 (497720537@qq.com) ...
[2026-05-19 23:58:16]  正在连接 QQ-备用 邮箱服务器 (shouqianbadavid@qq.com) ...
[2026-05-19 23:58:52]  正在连接 QQ-主 邮箱服务器 (497720537@qq.com) ...
[2026-05-19 23:58:53]  正在连接 QQ-备用 邮箱服务器 (shouqianbadavid@qq.com) ...
[2026-05-19 23:59:29]  正在连接 QQ-主 邮箱服务器 (497720537@qq.com) ...
[2026-05-19 23:59:29]  正在连接 QQ-备用 邮箱服务器 (shouqianbadavid@qq.com) ...
[2026-05-20 00:00:05]  正在连接 QQ-主 邮箱服务器 (497720537@qq.com) ...
[2026-05-20 00:00:06]  正在连接 QQ-备用 邮箱服务器 (shouqianbadavid@qq.com) ...
[2026-05-20 00:00:41]  正在连接 QQ-主 邮箱服务器 (497720537@qq.com) ...
[2026-05-20 00:00:42]  正在连接 QQ-备用 邮箱服务器 (shouqianbadavid@qq.com) ...
[2026-05-20 00:01:18]  正在连接 QQ-主 邮箱服务器 (497720537@qq.com) ...
[2026-05-20 00:01:19]  正在连接 QQ-备用 邮箱服务器 (shouqianbadavid@qq.com) ...
[2026-05-20 00:01:54]  正在连接 QQ-主 邮箱服务器 (497720537@qq.com) ...
[2026-05-20 00:01:55]  正在连接 QQ-备用 邮箱服务器 (shouqianbadavid@qq.com) ...
[2026-05-20 00:02:31]  正在连接 QQ-主 邮箱服务器 (497720537@qq.com) ...
[2026-05-20 00:02:31]  正在连接 QQ-备用 邮箱服务器 (shouqianbadavid@qq.com) ...
[2026-05-20 00:03:07]  正在连接 QQ-主 邮箱服务器 (497720537@qq.com) ...
[2026-05-20 00:03:08]  正在连接 QQ-备用 邮箱服务器 (shouqianbadavid@qq.com) ...
[2026-05-20 00:03:43]  正在连接 QQ-主 邮箱服务器 (497720537@qq.com) ...
[2026-05-20 00:03:44]  正在连接 QQ-备用 邮箱服务器 (shouqianbadavid@qq.com) ...
[2026-05-20 00:04:19]  正在连接 QQ-主 邮箱服务器 (497720537@qq.com) ...
[2026-05-20 00:04:20]  正在连接 QQ-备用 邮箱服务器 (shouqianbadavid@qq.com) ...
[2026-05-20 00:04:56]  正在连接 QQ-主 邮箱服务器 (497720537@qq.com) ...
[2026-05-20 00:04:57]  正在连接 QQ-备用 邮箱服务器 (shouqianbadavid@qq.com) ...
[2026-05-20 00:05:32]  正在连接 QQ-主 邮箱服务器 (497720537@qq.com) ...
[2026-05-20 00:05:33]  正在连接 QQ-备用 邮箱服务器 (shouqianbadavid@qq.com) ...
[2026-05-20 00:06:08]  正在连接 QQ-主 邮箱服务器 (497720537@qq.com) ...
[2026-05-20 00:06:09]  正在连接 QQ-备用 邮箱服务器 (shouqianbadavid@qq.com) ...
[2026-05-20 00:06:44]  正在连接 QQ-主 邮箱服务器 (497720537@qq.com) ...
[2026-05-20 00:06:45]  正在连接 QQ-备用 邮箱服务器 (shouqianbadavid@qq.com) ...
[2026-05-20 00:07:21]  正在连接 QQ-主 邮箱服务器 (497720537@qq.com) ...
[2026-05-20 00:07:21]  正在连接 QQ-备用 邮箱服务器 (shouqianbadavid@qq.com) ...
[2026-05-20 00:07:57]  正在连接 QQ-主 邮箱服务器 (497720537@qq.com) ...
[2026-05-20 00:07:58]  正在连接 QQ-备用 邮箱服务器 (shouqianbadavid@qq.com) ...
[2026-05-20 00:08:34]  正在连接 QQ-主 邮箱服务器 (497720537@qq.com) ...
[2026-05-20 00:08:34]  正在连接 QQ-备用 邮箱服务器 (shouqianbadavid@qq.com) ...
[2026-05-20 00:09:10]  正在连接 QQ-主 邮箱服务器 (497720537@qq.com) ...
[2026-05-20 00:09:11]  正在连接 QQ-备用 邮箱服务器 (shouqianbadavid@qq.com) ...
[2026-05-20 00:09:46]  正在连接 QQ-主 邮箱服务器 (497720537@qq.com) ...
[2026-05-20 00:09:47]  正在连接 QQ-备用 邮箱服务器 (shouqianbadavid@qq.com) ...
[2026-05-20 00:10:22]  正在连接 QQ-主 邮箱服务器 (497720537@qq.com) ...
[2026-05-20 00:10:23]  正在连接 QQ-备用 邮箱服务器 (shouqianbadavid@qq.com) ...
[2026-05-20 00:10:59]  正在连接 QQ-主 邮箱服务器 (497720537@qq.com) ...
[2026-05-20 00:10:59]  正在连接 QQ-备用 邮箱服务器 (shouqianbadavid@qq.com) ...
[2026-05-20 00:11:35]  正在连接 QQ-主 邮箱服务器 (497720537@qq.com) ...
[2026-05-20 00:11:35]  正在连接 QQ-备用 邮箱服务器 (shouqianbadavid@qq.com) ...
[2026-05-20 00:12:11]  正在连接 QQ-主 邮箱服务器 (497720537@qq.com) ...
[2026-05-20 00:12:12]  正在连接 QQ-备用 邮箱服务器 (shouqianbadavid@qq.com) ...
[2026-05-20 00:12:47]  正在连接 QQ-主 邮箱服务器 (497720537@qq.com) ...
[2026-05-20 00:12:48]  正在连接 QQ-备用 邮箱服务器 (shouqianbadavid@qq.com) ...
[2026-05-20 00:13:24]  正在连接 QQ-主 邮箱服务器 (497720537@qq.com) ...
[2026-05-20 00:13:24]  正在连接 QQ-备用 邮箱服务器 (shouqianbadavid@qq.com) ...
[2026-05-20 00:14:00]  正在连接 QQ-主 邮箱服务器 (497720537@qq.com) ...
[2026-05-20 00:14:00]  正在连接 QQ-备用 邮箱服务器 (shouqianbadavid@qq.com) ...
[2026-05-20 00:14:36]  正在连接 QQ-主 邮箱服务器 (497720537@qq.com) ...
[2026-05-20 00:14:37]  正在连接 QQ-备用 邮箱服务器 (shouqianbadavid@qq.com) ...
[2026-05-20 00:15:12]  正在连接 QQ-主 邮箱服务器 (497720537@qq.com) ...
[2026-05-20 00:15:14]  正在连接 QQ-备用 邮箱服务器 (shouqianbadavid@qq.com) ...
[2026-05-20 00:15:49]  正在连接 QQ-主 邮箱服务器 (497720537@qq.com) ...
[2026-05-20 00:15:50]  正在连接 QQ-备用 邮箱服务器 (shouqianbadavid@qq.com) ...
[2026-05-20 00:16:26]  正在连接 QQ-主 邮箱服务器 (497720537@qq.com) ...
[2026-05-20 00:16:26]  正在连接 QQ-备用 邮箱服务器 (shouqianbadavid@qq.com) ...
[2026-05-20 00:17:02]  正在连接 QQ-主 邮箱服务器 (497720537@qq.com) ...
[2026-05-20 00:17:02]  正在连接 QQ-备用 邮箱服务器 (shouqianbadavid@qq.com) ...
[2026-05-20 00:17:38]  正在连接 QQ-主 邮箱服务器 (497720537@qq.com) ...
[2026-05-20 00:17:38]  正在连接 QQ-备用 邮箱服务器 (shouqianbadavid@qq.com) ...
[2026-05-20 00:18:14]  正在连接 QQ-主 邮箱服务器 (497720537@qq.com) ...
[2026-05-20 00:18:15]  正在连接 QQ-备用 邮箱服务器 (shouqianbadavid@qq.com) ...
[2026-05-20 00:18:50]  正在连接 QQ-主 邮箱服务器 (497720537@qq.com) ...
[2026-05-20 00:18:51]  正在连接 QQ-备用 邮箱服务器 (shouqianbadavid@qq.com) ...
[2026-05-20 00:19:27]  正在连接 QQ-主 邮箱服务器 (497720537@qq.com) ...
[2026-05-20 00:19:27]  正在连接 QQ-备用 邮箱服务器 (shouqianbadavid@qq.com) ...
[2026-05-20 00:20:03]  正在连接 QQ-主 邮箱服务器 (497720537@qq.com) ...
[2026-05-20 00:20:04]  正在连接 QQ-备用 邮箱服务器 (shouqianbadavid@qq.com) ...
[2026-05-20 00:20:40]  正在连接 QQ-主 邮箱服务器 (497720537@qq.com) ...
[2026-05-20 00:20:40]  正在连接 QQ-备用 邮箱服务器 (shouqianbadavid@qq.com) ...
[2026-05-20 00:21:16]  正在连接 QQ-主 邮箱服务器 (497720537@qq.com) ...
[2026-05-20 00:21:16]  正在连接 QQ-备用 邮箱服务器 (shouqianbadavid@qq.com) ...
[2026-05-20 00:21:52]  正在连接 QQ-主 邮箱服务器 (497720537@qq.com) ...
[2026-05-20 00:21:53]  正在连接 QQ-备用 邮箱服务器 (shouqianbadavid@qq.com) ...
[2026-05-20 00:22:28]  正在连接 QQ-主 邮箱服务器 (497720537@qq.com) ...
[2026-05-20 00:22:29]  正在连接 QQ-备用 邮箱服务器 (shouqianbadavid@qq.com) ...
[2026-05-20 00:23:05]  正在连接 QQ-主 邮箱服务器 (497720537@qq.com) ...
[2026-05-20 00:23:06]  正在连接 QQ-备用 邮箱服务器 (shouqianbadavid@qq.com) ...
[2026-05-20 00:23:41]  正在连接 QQ-主 邮箱服务器 (497720537@qq.com) ...
[2026-05-20 00:23:42]  正在连接 QQ-备用 邮箱服务器 (shouqianbadavid@qq.com) ...
[2026-05-20 00:24:18]  正在连接 QQ-主 邮箱服务器 (497720537@qq.com) ...
[2026-05-20 00:24:19]  正在连接 QQ-备用 邮箱服务器 (shouqianbadavid@qq.com) ...
[2026-05-20 00:24:54]  正在连接 QQ-主 邮箱服务器 (497720537@qq.com) ...
[2026-05-20 00:24:55]  正在连接 QQ-备用 邮箱服务器 (shouqianbadavid@qq.com) ...
[2026-05-20 00:25:31]  正在连接 QQ-主 邮箱服务器 (497720537@qq.com) ...
[2026-05-20 00:25:31]  正在连接 QQ-备用 邮箱服务器 (shouqianbadavid@qq.com) ...
[2026-05-20 00:26:07]  正在连接 QQ-主 邮箱服务器 (497720537@qq.com) ...
[2026-05-20 00:26:08]  正在连接 QQ-备用 邮箱服务器 (shouqianbadavid@qq.com) ...
[2026-05-20 00:26:43]  正在连接 QQ-主 邮箱服务器 (497720537@qq.com) ...
[2026-05-20 00:26:44]  正在连接 QQ-备用 邮箱服务器 (shouqianbadavid@qq.com) ...
[2026-05-20 00:27:19]  正在连接 QQ-主 邮箱服务器 (497720537@qq.com) ...
[2026-05-20 00:27:20]  正在连接 QQ-备用 邮箱服务器 (shouqianbadavid@qq.com) ...
[2026-05-20 00:27:56]  正在连接 QQ-主 邮箱服务器 (497720537@qq.com) ...
[2026-05-20 00:27:56]  正在连接 QQ-备用 邮箱服务器 (shouqianbadavid@qq.com) ...
[2026-05-20 00:28:32]  正在连接 QQ-主 邮箱服务器 (497720537@qq.com) ...
[2026-05-20 00:28:33]  正在连接 QQ-备用 邮箱服务器 (shouqianbadavid@qq.com) ...
[2026-05-20 00:29:08]  正在连接 QQ-主 邮箱服务器 (497720537@qq.com) ...
[2026-05-20 00:29:09]  正在连接 QQ-备用 邮箱服务器 (shouqianbadavid@qq.com) ...
[2026-05-20 00:29:44]  正在连接 QQ-主 邮箱服务器 (497720537@qq.com) ...
[2026-05-20 00:29:45]  正在连接 QQ-备用 邮箱服务器 (shouqianbadavid@qq.com) ...
[2026-05-20 00:30:21]  正在连接 QQ-主 邮箱服务器 (497720537@qq.com) ...
[2026-05-20 00:30:21]  正在连接 QQ-备用 邮箱服务器 (shouqianbadavid@qq.com) ...
[2026-05-20 00:30:57]  正在连接 QQ-主 邮箱服务器 (497720537@qq.com) ...
[2026-05-20 00:30:57]  正在连接 QQ-备用 邮箱服务器 (shouqianbadavid@qq.com) ...
[2026-05-20 00:31:33]  正在连接 QQ-主 邮箱服务器 (497720537@qq.com) ...
[2026-05-20 00:31:34]  正在连接 QQ-备用 邮箱服务器 (shouqianbadavid@qq.com) ...
[2026-05-20 00:32:09]  正在连接 QQ-主 邮箱服务器 (497720537@qq.com) ...
[2026-05-20 00:32:10]  正在连接 QQ-备用 邮箱服务器 (shouqianbadavid@qq.com) ...
[2026-05-20 00:32:46]  正在连接 QQ-主 邮箱服务器 (497720537@qq.com) ...
[2026-05-20 00:32:46]  正在连接 QQ-备用 邮箱服务器 (shouqianbadavid@qq.com) ...
[2026-05-20 00:33:22]  正在连接 QQ-主 邮箱服务器 (497720537@qq.com) ...
[2026-05-20 00:33:23]  正在连接 QQ-备用 邮箱服务器 (shouqianbadavid@qq.com) ...
[2026-05-20 00:33:59]  正在连接 QQ-主 邮箱服务器 (497720537@qq.com) ...
[2026-05-20 00:33:59]  正在连接 QQ-备用 邮箱服务器 (shouqianbadavid@qq.com) ...
[2026-05-20 00:34:35]  正在连接 QQ-主 邮箱服务器 (497720537@qq.com) ...
[2026-05-20 00:34:36]  正在连接 QQ-备用 邮箱服务器 (shouqianbadavid@qq.com) ...
[2026-05-20 00:35:12]  正在连接 QQ-主 邮箱服务器 (497720537@qq.com) ...
[2026-05-20 00:35:12]  正在连接 QQ-备用 邮箱服务器 (shouqianbadavid@qq.com) ...
[2026-05-20 00:35:48]  正在连接 QQ-主 邮箱服务器 (497720537@qq.com) ...
[2026-05-20 00:35:48]  正在连接 QQ-备用 邮箱服务器 (shouqianbadavid@qq.com) ...
[2026-05-20 00:36:24]  正在连接 QQ-主 邮箱服务器 (497720537@qq.com) ...
[2026-05-20 00:36:24]  正在连接 QQ-备用 邮箱服务器 (shouqianbadavid@qq.com) ...
[2026-05-20 00:37:00]  正在连接 QQ-主 邮箱服务器 (497720537@qq.com) ...
[2026-05-20 00:37:01]  正在连接 QQ-备用 邮箱服务器 (shouqianbadavid@qq.com) ...
[2026-05-20 00:37:37]  正在连接 QQ-主 邮箱服务器 (497720537@qq.com) ...
[2026-05-20 00:37:37]  正在连接 QQ-备用 邮箱服务器 (shouqianbadavid@qq.com) ...
[2026-05-20 00:38:13]  正在连接 QQ-主 邮箱服务器 (497720537@qq.com) ...
[2026-05-20 00:38:14]  正在连接 QQ-备用 邮箱服务器 (shouqianbadavid@qq.com) ...
[2026-05-20 00:38:50]  正在连接 QQ-主 邮箱服务器 (497720537@qq.com) ...
[2026-05-20 00:38:50]  正在连接 QQ-备用 邮箱服务器 (shouqianbadavid@qq.com) ...
[2026-05-20 00:39:26]  正在连接 QQ-主 邮箱服务器 (497720537@qq.com) ...
[2026-05-20 00:39:27]  正在连接 QQ-备用 邮箱服务器 (shouqianbadavid@qq.com) ...
[2026-05-20 00:40:02]  正在连接 QQ-主 邮箱服务器 (497720537@qq.com) ...
[2026-05-20 00:40:03]  正在连接 QQ-备用 邮箱服务器 (shouqianbadavid@qq.com) ...
[2026-05-20 00:40:39]  正在连接 QQ-主 邮箱服务器 (497720537@qq.com) ...
[2026-05-20 00:40:39]  正在连接 QQ-备用 邮箱服务器 (shouqianbadavid@qq.com) ...
[2026-05-20 00:41:15]  正在连接 QQ-主 邮箱服务器 (497720537@qq.com) ...
[2026-05-20 00:41:16]  正在连接 QQ-备用 邮箱服务器 (shouqianbadavid@qq.com) ...
[2026-05-20 00:41:51]  正在连接 QQ-主 邮箱服务器 (497720537@qq.com) ...
[2026-05-20 00:41:52]  正在连接 QQ-备用 邮箱服务器 (shouqianbadavid@qq.com) ...
[2026-05-20 00:42:28]  正在连接 QQ-主 邮箱服务器 (497720537@qq.com) ...
[2026-05-20 00:42:29]  正在连接 QQ-备用 邮箱服务器 (shouqianbadavid@qq.com) ...
[2026-05-20 00:43:04]  正在连接 QQ-主 邮箱服务器 (497720537@qq.com) ...
[2026-05-20 00:43:05]  正在连接 QQ-备用 邮箱服务器 (shouqianbadavid@qq.com) ...
[2026-05-20 00:43:41]  正在连接 QQ-主 邮箱服务器 (497720537@qq.com) ...
[2026-05-20 00:43:41]  正在连接 QQ-备用 邮箱服务器 (shouqianbadavid@qq.com) ...
[2026-05-20 00:44:17]  正在连接 QQ-主 邮箱服务器 (497720537@qq.com) ...
[2026-05-20 00:44:17]  正在连接 QQ-备用 邮箱服务器 (shouqianbadavid@qq.com) ...
[2026-05-20 00:44:53]  正在连接 QQ-主 邮箱服务器 (497720537@qq.com) ...
[2026-05-20 00:44:54]  正在连接 QQ-备用 邮箱服务器 (shouqianbadavid@qq.com) ...
[2026-05-20 00:45:29]  正在连接 QQ-主 邮箱服务器 (497720537@qq.com) ...
[2026-05-20 00:45:30]  正在连接 QQ-备用 邮箱服务器 (shouqianbadavid@qq.com) ...
[2026-05-20 00:46:06]  正在连接 QQ-主 邮箱服务器 (497720537@qq.com) ...
[2026-05-20 00:46:06]  正在连接 QQ-备用 邮箱服务器 (shouqianbadavid@qq.com) ...
[2026-05-20 00:46:42]  正在连接 QQ-主 邮箱服务器 (497720537@qq.com) ...
[2026-05-20 00:46:43]  正在连接 QQ-备用 邮箱服务器 (shouqianbadavid@qq.com) ...
[2026-05-20 00:47:18]  正在连接 QQ-主 邮箱服务器 (497720537@qq.com) ...
[2026-05-20 00:47:19]  正在连接 QQ-备用 邮箱服务器 (shouqianbadavid@qq.com) ...
[2026-05-20 00:47:55]  正在连接 QQ-主 邮箱服务器 (497720537@qq.com) ...
[2026-05-20 00:47:55]  正在连接 QQ-备用 邮箱服务器 (shouqianbadavid@qq.com) ...
[2026-05-20 00:48:31]  正在连接 QQ-主 邮箱服务器 (497720537@qq.com) ...
[2026-05-20 00:48:32]  正在连接 QQ-备用 邮箱服务器 (shouqianbadavid@qq.com) ...
[2026-05-20 00:49:08]  正在连接 QQ-主 邮箱服务器 (497720537@qq.com) ...
[2026-05-20 00:49:08]  正在连接 QQ-备用 邮箱服务器 (shouqianbadavid@qq.com) ...
[2026-05-20 00:49:44]  正在连接 QQ-主 邮箱服务器 (497720537@qq.com) ...
[2026-05-20 00:49:45]  正在连接 QQ-备用 邮箱服务器 (shouqianbadavid@qq.com) ...
[2026-05-20 00:50:20]  正在连接 QQ-主 邮箱服务器 (497720537@qq.com) ...
[2026-05-20 00:50:21]  正在连接 QQ-备用 邮箱服务器 (shouqianbadavid@qq.com) ...
[2026-05-20 00:50:57]  正在连接 QQ-主 邮箱服务器 (497720537@qq.com) ...
[2026-05-20 00:50:58]  正在连接 QQ-备用 邮箱服务器 (shouqianbadavid@qq.com) ...
[2026-05-20 00:51:33]  正在连接 QQ-主 邮箱服务器 (497720537@qq.com) ...
[2026-05-20 00:51:34]  正在连接 QQ-备用 邮箱服务器 (shouqianbadavid@qq.com) ...
[2026-05-20 00:52:10]  正在连接 QQ-主 邮箱服务器 (497720537@qq.com) ...
[2026-05-20 00:52:10]  正在连接 QQ-备用 邮箱服务器 (shouqianbadavid@qq.com) ...
[2026-05-20 00:52:46]  正在连接 QQ-主 邮箱服务器 (497720537@qq.com) ...
[2026-05-20 00:52:47]  正在连接 QQ-备用 邮箱服务器 (shouqianbadavid@qq.com) ...
[2026-05-20 00:53:22]  正在连接 QQ-主 邮箱服务器 (497720537@qq.com) ...
[2026-05-20 00:53:23]  正在连接 QQ-备用 邮箱服务器 (shouqianbadavid@qq.com) ...
[2026-05-20 00:53:59]  正在连接 QQ-主 邮箱服务器 (497720537@qq.com) ...
[2026-05-20 00:54:00]  正在连接 QQ-备用 邮箱服务器 (shouqianbadavid@qq.com) ...
[2026-05-20 00:54:36]  正在连接 QQ-主 邮箱服务器 (497720537@qq.com) ...
[2026-05-20 00:54:36]  正在连接 QQ-备用 邮箱服务器 (shouqianbadavid@qq.com) ...
[2026-05-20 00:55:12]  正在连接 QQ-主 邮箱服务器 (497720537@qq.com) ...
[2026-05-20 00:55:13]  正在连接 QQ-备用 邮箱服务器 (shouqianbadavid@qq.com) ...
[2026-05-20 00:55:48]  正在连接 QQ-主 邮箱服务器 (497720537@qq.com) ...
[2026-05-20 00:55:49]  正在连接 QQ-备用 邮箱服务器 (shouqianbadavid@qq.com) ...
[2026-05-20 00:56:25]  正在连接 QQ-主 邮箱服务器 (497720537@qq.com) ...
[2026-05-20 00:56:26]  正在连接 QQ-备用 邮箱服务器 (shouqianbadavid@qq.com) ...
[2026-05-20 00:57:02]  正在连接 QQ-主 邮箱服务器 (497720537@qq.com) ...
[2026-05-20 00:57:02]  正在连接 QQ-备用 邮箱服务器 (shouqianbadavid@qq.com) ...
[2026-05-20 00:57:38]  正在连接 QQ-主 邮箱服务器 (497720537@qq.com) ...
[2026-05-20 00:57:38]  正在连接 QQ-备用 邮箱服务器 (shouqianbadavid@qq.com) ...
[2026-05-20 00:58:14]  正在连接 QQ-主 邮箱服务器 (497720537@qq.com) ...
[2026-05-20 00:58:15]  正在连接 QQ-备用 邮箱服务器 (shouqianbadavid@qq.com) ...
[2026-05-20 00:58:51]  正在连接 QQ-主 邮箱服务器 (497720537@qq.com) ...
[2026-05-20 00:58:51]  正在连接 QQ-备用 邮箱服务器 (shouqianbadavid@qq.com) ...
[2026-05-20 00:59:27]  正在连接 QQ-主 邮箱服务器 (497720537@qq.com) ...
[2026-05-20 00:59:27]  正在连接 QQ-备用 邮箱服务器 (shouqianbadavid@qq.com) ...
[2026-05-20 01:00:03]  正在连接 QQ-主 邮箱服务器 (497720537@qq.com) ...
[2026-05-20 01:00:04]  正在连接 QQ-备用 邮箱服务器 (shouqianbadavid@qq.com) ...
[2026-05-20 01:00:40]  正在连接 QQ-主 邮箱服务器 (497720537@qq.com) ...
[2026-05-20 01:00:40]  正在连接 QQ-备用 邮箱服务器 (shouqianbadavid@qq.com) ...
[2026-05-20 01:01:16]  正在连接 QQ-主 邮箱服务器 (497720537@qq.com) ...
[2026-05-20 01:01:17]  正在连接 QQ-备用 邮箱服务器 (shouqianbadavid@qq.com) ...
[2026-05-20 01:01:52]  正在连接 QQ-主 邮箱服务器 (497720537@qq.com) ...
[2026-05-20 01:01:53]  正在连接 QQ-备用 邮箱服务器 (shouqianbadavid@qq.com) ...
[2026-05-20 01:02:29]  正在连接 QQ-主 邮箱服务器 (497720537@qq.com) ...
[2026-05-20 01:02:29]  正在连接 QQ-备用 邮箱服务器 (shouqianbadavid@qq.com) ...
[2026-05-20 01:03:05]  正在连接 QQ-主 邮箱服务器 (497720537@qq.com) ...
[2026-05-20 01:03:05]  正在连接 QQ-备用 邮箱服务器 (shouqianbadavid@qq.com) ...
[2026-05-20 01:03:41]  正在连接 QQ-主 邮箱服务器 (497720537@qq.com) ...
[2026-05-20 01:03:42]  正在连接 QQ-备用 邮箱服务器 (shouqianbadavid@qq.com) ...
[2026-05-20 01:04:17]  正在连接 QQ-主 邮箱服务器 (497720537@qq.com) ...
[2026-05-20 01:04:18]  正在连接 QQ-备用 邮箱服务器 (shouqianbadavid@qq.com) ...
[2026-05-20 01:04:54]  正在连接 QQ-主 邮箱服务器 (497720537@qq.com) ...
[2026-05-20 01:04:54]  正在连接 QQ-备用 邮箱服务器 (shouqianbadavid@qq.com) ...
[2026-05-20 01:05:30]  正在连接 QQ-主 邮箱服务器 (497720537@qq.com) ...
[2026-05-20 01:05:31]  正在连接 QQ-备用 邮箱服务器 (shouqianbadavid@qq.com) ...
[2026-05-20 01:06:06]  正在连接 QQ-主 邮箱服务器 (497720537@qq.com) ...
[2026-05-20 01:06:07]  正在连接 QQ-备用 邮箱服务器 (shouqianbadavid@qq.com) ...
[2026-05-20 01:06:42]  正在连接 QQ-主 邮箱服务器 (497720537@qq.com) ...
[2026-05-20 01:06:43]  正在连接 QQ-备用 邮箱服务器 (shouqianbadavid@qq.com) ...
[2026-05-20 01:07:19]  正在连接 QQ-主 邮箱服务器 (497720537@qq.com) ...
[2026-05-20 01:07:20]  正在连接 QQ-备用 邮箱服务器 (shouqianbadavid@qq.com) ...
[2026-05-20 01:07:55]  正在连接 QQ-主 邮箱服务器 (497720537@qq.com) ...
[2026-05-20 01:07:56]  正在连接 QQ-备用 邮箱服务器 (shouqianbadavid@qq.com) ...
[2026-05-20 01:08:32]  正在连接 QQ-主 邮箱服务器 (497720537@qq.com) ...
[2026-05-20 01:08:32]  正在连接 QQ-备用 邮箱服务器 (shouqianbadavid@qq.com) ...
[2026-05-20 01:09:08]  正在连接 QQ-主 邮箱服务器 (497720537@qq.com) ...
[2026-05-20 01:09:08]  正在连接 QQ-备用 邮箱服务器 (shouqianbadavid@qq.com) ...
[2026-05-20 01:09:44]  正在连接 QQ-主 邮箱服务器 (497720537@qq.com) ...
[2026-05-20 01:09:45]  正在连接 QQ-备用 邮箱服务器 (shouqianbadavid@qq.com) ...
[2026-05-20 01:10:21]  正在连接 QQ-主 邮箱服务器 (497720537@qq.com) ...
[2026-05-20 01:10:21]  正在连接 QQ-备用 邮箱服务器 (shouqianbadavid@qq.com) ...
[2026-05-20 01:10:57]  正在连接 QQ-主 邮箱服务器 (497720537@qq.com) ...
[2026-05-20 01:10:58]  正在连接 QQ-备用 邮箱服务器 (shouqianbadavid@qq.com) ...
[2026-05-20 01:11:33]  正在连接 QQ-主 邮箱服务器 (497720537@qq.com) ...
[2026-05-20 01:11:34]  正在连接 QQ-备用 邮箱服务器 (shouqianbadavid@qq.com) ...
[2026-05-20 01:12:10]  正在连接 QQ-主 邮箱服务器 (497720537@qq.com) ...
[2026-05-20 01:12:10]  正在连接 QQ-备用 邮箱服务器 (shouqianbadavid@qq.com) ...
[2026-05-20 01:12:46]  正在连接 QQ-主 邮箱服务器 (497720537@qq.com) ...
[2026-05-20 01:12:46]  正在连接 QQ-备用 邮箱服务器 (shouqianbadavid@qq.com) ...
[2026-05-20 01:13:22]  正在连接 QQ-主 邮箱服务器 (497720537@qq.com) ...
[2026-05-20 01:13:23]  正在连接 QQ-备用 邮箱服务器 (shouqianbadavid@qq.com) ...
[2026-05-20 01:13:58]  正在连接 QQ-主 邮箱服务器 (497720537@qq.com) ...
[2026-05-20 01:13:59]  正在连接 QQ-备用 邮箱服务器 (shouqianbadavid@qq.com) ...
[2026-05-20 01:14:34]  正在连接 QQ-主 邮箱服务器 (497720537@qq.com) ...
[2026-05-20 01:14:35]  正在连接 QQ-备用 邮箱服务器 (shouqianbadavid@qq.com) ...
[2026-05-20 01:15:11]  正在连接 QQ-主 邮箱服务器 (497720537@qq.com) ...
[2026-05-20 01:15:12]  正在连接 QQ-备用 邮箱服务器 (shouqianbadavid@qq.com) ...
[2026-05-20 01:15:47]  正在连接 QQ-主 邮箱服务器 (497720537@qq.com) ...
[2026-05-20 01:15:48]  正在连接 QQ-备用 邮箱服务器 (shouqianbadavid@qq.com) ...
[2026-05-20 01:16:24]  正在连接 QQ-主 邮箱服务器 (497720537@qq.com) ...
[2026-05-20 01:16:24]  正在连接 QQ-备用 邮箱服务器 (shouqianbadavid@qq.com) ...
[2026-05-20 01:17:00]  正在连接 QQ-主 邮箱服务器 (497720537@qq.com) ...
[2026-05-20 01:17:00]  正在连接 QQ-备用 邮箱服务器 (shouqianbadavid@qq.com) ...
[2026-05-20 01:17:36]  正在连接 QQ-主 邮箱服务器 (497720537@qq.com) ...
[2026-05-20 01:17:37]  正在连接 QQ-备用 邮箱服务器 (shouqianbadavid@qq.com) ...
[2026-05-20 01:18:12]  正在连接 QQ-主 邮箱服务器 (497720537@qq.com) ...
[2026-05-20 01:18:13]  正在连接 QQ-备用 邮箱服务器 (shouqianbadavid@qq.com) ...
[2026-05-20 01:18:49]  正在连接 QQ-主 邮箱服务器 (497720537@qq.com) ...
[2026-05-20 01:18:50]  正在连接 QQ-备用 邮箱服务器 (shouqianbadavid@qq.com) ...
[2026-05-20 01:19:25]  正在连接 QQ-主 邮箱服务器 (497720537@qq.com) ...
[2026-05-20 01:19:26]  正在连接 QQ-备用 邮箱服务器 (shouqianbadavid@qq.com) ...
[2026-05-20 01:20:01]  正在连接 QQ-主 邮箱服务器 (497720537@qq.com) ...
[2026-05-20 01:20:02]  正在连接 QQ-备用 邮箱服务器 (shouqianbadavid@qq.com) ...
[2026-05-20 01:20:38]  正在连接 QQ-主 邮箱服务器 (497720537@qq.com) ...
[2026-05-20 01:20:38]  正在连接 QQ-备用 邮箱服务器 (shouqianbadavid@qq.com) ...
[2026-05-20 01:21:14]  正在连接 QQ-主 邮箱服务器 (497720537@qq.com) ...
[2026-05-20 01:21:15]  正在连接 QQ-备用 邮箱服务器 (shouqianbadavid@qq.com) ...
[2026-05-20 01:21:50]  正在连接 QQ-主 邮箱服务器 (497720537@qq.com) ...
[2026-05-20 01:21:51]  正在连接 QQ-备用 邮箱服务器 (shouqianbadavid@qq.com) ...
[2026-05-20 01:22:27]  正在连接 QQ-主 邮箱服务器 (497720537@qq.com) ...
[2026-05-20 01:22:27]  正在连接 QQ-备用 邮箱服务器 (shouqianbadavid@qq.com) ...
[2026-05-20 01:23:03]  正在连接 QQ-主 邮箱服务器 (497720537@qq.com) ...
[2026-05-20 01:23:04]  正在连接 QQ-备用 邮箱服务器 (shouqianbadavid@qq.com) ...
[2026-05-20 01:23:39]  正在连接 QQ-主 邮箱服务器 (497720537@qq.com) ...
[2026-05-20 01:23:40]  正在连接 QQ-备用 邮箱服务器 (shouqianbadavid@qq.com) ...
[2026-05-20 01:24:16]  正在连接 QQ-主 邮箱服务器 (497720537@qq.com) ...
[2026-05-20 01:24:16]  正在连接 QQ-备用 邮箱服务器 (shouqianbadavid@qq.com) ...
[2026-05-20 01:24:52]  正在连接 QQ-主 邮箱服务器 (497720537@qq.com) ...
[2026-05-20 01:24:53]  正在连接 QQ-备用 邮箱服务器 (shouqianbadavid@qq.com) ...
[2026-05-20 01:25:29]  正在连接 QQ-主 邮箱服务器 (497720537@qq.com) ...
[2026-05-20 01:25:29]  正在连接 QQ-备用 邮箱服务器 (shouqianbadavid@qq.com) ...
[2026-05-20 01:26:05]  正在连接 QQ-主 邮箱服务器 (497720537@qq.com) ...
[2026-05-20 01:26:06]  正在连接 QQ-备用 邮箱服务器 (shouqianbadavid@qq.com) ...
[2026-05-20 01:26:42]  正在连接 QQ-主 邮箱服务器 (497720537@qq.com) ...
[2026-05-20 01:26:42]  正在连接 QQ-备用 邮箱服务器 (shouqianbadavid@qq.com) ...
[2026-05-20 01:27:18]  正在连接 QQ-主 邮箱服务器 (497720537@qq.com) ...
[2026-05-20 01:27:19]  正在连接 QQ-备用 邮箱服务器 (shouqianbadavid@qq.com) ...
[2026-05-20 01:27:54]  正在连接 QQ-主 邮箱服务器 (497720537@qq.com) ...
[2026-05-20 01:27:55]  正在连接 QQ-备用 邮箱服务器 (shouqianbadavid@qq.com) ...
[2026-05-20 01:28:31]  正在连接 QQ-主 邮箱服务器 (497720537@qq.com) ...
[2026-05-20 01:28:31]  正在连接 QQ-备用 邮箱服务器 (shouqianbadavid@qq.com) ...
[2026-05-20 01:29:07]  正在连接 QQ-主 邮箱服务器 (497720537@qq.com) ...
[2026-05-20 01:29:08]  正在连接 QQ-备用 邮箱服务器 (shouqianbadavid@qq.com) ...
[2026-05-20 01:29:44]  正在连接 QQ-主 邮箱服务器 (497720537@qq.com) ...
[2026-05-20 01:29:45]  正在连接 QQ-备用 邮箱服务器 (shouqianbadavid@qq.com) ...
[2026-05-20 01:30:21]  正在连接 QQ-主 邮箱服务器 (497720537@qq.com) ...
[2026-05-20 01:30:22]  正在连接 QQ-备用 邮箱服务器 (shouqianbadavid@qq.com) ...
[2026-05-20 01:30:57]  正在连接 QQ-主 邮箱服务器 (497720537@qq.com) ...
[2026-05-20 01:30:59]  正在连接 QQ-备用 邮箱服务器 (shouqianbadavid@qq.com) ...
[2026-05-20 01:31:35]  正在连接 QQ-主 邮箱服务器 (497720537@qq.com) ...
[2026-05-20 01:31:35]  正在连接 QQ-备用 邮箱服务器 (shouqianbadavid@qq.com) ...
[2026-05-20 01:32:11]  正在连接 QQ-主 邮箱服务器 (497720537@qq.com) ...
[2026-05-20 01:32:12]  正在连接 QQ-备用 邮箱服务器 (shouqianbadavid@qq.com) ...
[2026-05-20 01:32:47]  正在连接 QQ-主 邮箱服务器 (497720537@qq.com) ...
[2026-05-20 01:32:48]  正在连接 QQ-备用 邮箱服务器 (shouqianbadavid@qq.com) ...
[2026-05-20 01:33:24]  正在连接 QQ-主 邮箱服务器 (497720537@qq.com) ...
[2026-05-20 01:33:24]  正在连接 QQ-备用 邮箱服务器 (shouqianbadavid@qq.com) ...
[2026-05-20 01:34:00]  正在连接 QQ-主 邮箱服务器 (497720537@qq.com) ...
[2026-05-20 01:34:01]  正在连接 QQ-备用 邮箱服务器 (shouqianbadavid@qq.com) ...
[2026-05-20 01:34:37]  正在连接 QQ-主 邮箱服务器 (497720537@qq.com) ...
[2026-05-20 01:34:37]  正在连接 QQ-备用 邮箱服务器 (shouqianbadavid@qq.com) ...
[2026-05-20 01:35:13]  正在连接 QQ-主 邮箱服务器 (497720537@qq.com) ...
[2026-05-20 01:35:13]  正在连接 QQ-备用 邮箱服务器 (shouqianbadavid@qq.com) ...
[2026-05-20 01:35:49]  正在连接 QQ-主 邮箱服务器 (497720537@qq.com) ...
[2026-05-20 01:35:49]  正在连接 QQ-备用 邮箱服务器 (shouqianbadavid@qq.com) ...
[2026-05-20 01:36:25]  正在连接 QQ-主 邮箱服务器 (497720537@qq.com) ...
[2026-05-20 01:36:26]  正在连接 QQ-备用 邮箱服务器 (shouqianbadavid@qq.com) ...
[2026-05-20 01:37:02]  正在连接 QQ-主 邮箱服务器 (497720537@qq.com) ...
[2026-05-20 01:37:02]  正在连接 QQ-备用 邮箱服务器 (shouqianbadavid@qq.com) ...
[2026-05-20 01:37:38]  正在连接 QQ-主 邮箱服务器 (497720537@qq.com) ...
[2026-05-20 01:37:40]  正在连接 QQ-备用 邮箱服务器 (shouqianbadavid@qq.com) ...
[2026-05-20 01:38:16]  正在连接 QQ-主 邮箱服务器 (497720537@qq.com) ...
[2026-05-20 01:38:16]  正在连接 QQ-备用 邮箱服务器 (shouqianbadavid@qq.com) ...
[2026-05-20 01:38:52]  正在连接 QQ-主 邮箱服务器 (497720537@qq.com) ...
[2026-05-20 01:38:53]  正在连接 QQ-备用 邮箱服务器 (shouqianbadavid@qq.com) ...
[2026-05-20 01:39:29]  正在连接 QQ-主 邮箱服务器 (497720537@qq.com) ...
[2026-05-20 01:39:30]  正在连接 QQ-备用 邮箱服务器 (shouqianbadavid@qq.com) ...
[2026-05-20 01:40:05]  正在连接 QQ-主 邮箱服务器 (497720537@qq.com) ...
[2026-05-20 01:40:06]  正在连接 QQ-备用 邮箱服务器 (shouqianbadavid@qq.com) ...
[2026-05-20 01:40:41]  正在连接 QQ-主 邮箱服务器 (497720537@qq.com) ...
[2026-05-20 01:40:42]  正在连接 QQ-备用 邮箱服务器 (shouqianbadavid@qq.com) ...
[2026-05-20 01:41:18]  正在连接 QQ-主 邮箱服务器 (497720537@qq.com) ...
[2026-05-20 01:41:19]  正在连接 QQ-备用 邮箱服务器 (shouqianbadavid@qq.com) ...
[2026-05-20 01:41:54]  正在连接 QQ-主 邮箱服务器 (497720537@qq.com) ...
[2026-05-20 01:41:54]  正在连接 QQ-备用 邮箱服务器 (shouqianbadavid@qq.com) ...
[2026-05-20 01:42:30]  正在连接 QQ-主 邮箱服务器 (497720537@qq.com) ...
[2026-05-20 01:42:31]  正在连接 QQ-备用 邮箱服务器 (shouqianbadavid@qq.com) ...
[2026-05-20 01:43:07]  正在连接 QQ-主 邮箱服务器 (497720537@qq.com) ...
[2026-05-20 01:43:08]  正在连接 QQ-备用 邮箱服务器 (shouqianbadavid@qq.com) ...
[2026-05-20 01:43:44]  正在连接 QQ-主 邮箱服务器 (497720537@qq.com) ...
[2026-05-20 01:43:44]  正在连接 QQ-备用 邮箱服务器 (shouqianbadavid@qq.com) ...
[2026-05-20 01:44:20]  正在连接 QQ-主 邮箱服务器 (497720537@qq.com) ...
[2026-05-20 01:44:21]  正在连接 QQ-备用 邮箱服务器 (shouqianbadavid@qq.com) ...
[2026-05-20 01:44:56]  正在连接 QQ-主 邮箱服务器 (497720537@qq.com) ...
[2026-05-20 01:44:57]  正在连接 QQ-备用 邮箱服务器 (shouqianbadavid@qq.com) ...
[2026-05-20 01:45:33]  正在连接 QQ-主 邮箱服务器 (497720537@qq.com) ...
[2026-05-20 01:45:34]  正在连接 QQ-备用 邮箱服务器 (shouqianbadavid@qq.com) ...
[2026-05-20 01:46:09]  正在连接 QQ-主 邮箱服务器 (497720537@qq.com) ...
[2026-05-20 01:46:10]  正在连接 QQ-备用 邮箱服务器 (shouqianbadavid@qq.com) ...
[2026-05-20 01:46:45]  正在连接 QQ-主 邮箱服务器 (497720537@qq.com) ...
[2026-05-20 01:46:46]  正在连接 QQ-备用 邮箱服务器 (shouqianbadavid@qq.com) ...
[2026-05-20 01:47:22]  正在连接 QQ-主 邮箱服务器 (497720537@qq.com) ...
[2026-05-20 01:47:22]  正在连接 QQ-备用 邮箱服务器 (shouqianbadavid@qq.com) ...
[2026-05-20 01:47:58]  正在连接 QQ-主 邮箱服务器 (497720537@qq.com) ...
[2026-05-20 01:47:59]  正在连接 QQ-备用 邮箱服务器 (shouqianbadavid@qq.com) ...
[2026-05-20 01:48:35]  正在连接 QQ-主 邮箱服务器 (497720537@qq.com) ...
[2026-05-20 01:48:35]  正在连接 QQ-备用 邮箱服务器 (shouqianbadavid@qq.com) ...
[2026-05-20 01:49:11]  正在连接 QQ-主 邮箱服务器 (497720537@qq.com) ...
[2026-05-20 01:49:12]  正在连接 QQ-备用 邮箱服务器 (shouqianbadavid@qq.com) ...
[2026-05-20 01:49:48]  正在连接 QQ-主 邮箱服务器 (497720537@qq.com) ...
[2026-05-20 01:49:49]  正在连接 QQ-备用 邮箱服务器 (shouqianbadavid@qq.com) ...
[2026-05-20 01:50:25]  正在连接 QQ-主 邮箱服务器 (497720537@qq.com) ...
[2026-05-20 01:50:25]  正在连接 QQ-备用 邮箱服务器 (shouqianbadavid@qq.com) ...
[2026-05-20 01:51:01]  正在连接 QQ-主 邮箱服务器 (497720537@qq.com) ...
[2026-05-20 01:51:02]  正在连接 QQ-备用 邮箱服务器 (shouqianbadavid@qq.com) ...
[2026-05-20 01:51:38]  正在连接 QQ-主 邮箱服务器 (497720537@qq.com) ...
[2026-05-20 01:51:38]  正在连接 QQ-备用 邮箱服务器 (shouqianbadavid@qq.com) ...
[2026-05-20 01:52:14]  正在连接 QQ-主 邮箱服务器 (497720537@qq.com) ...
[2026-05-20 01:52:15]  正在连接 QQ-备用 邮箱服务器 (shouqianbadavid@qq.com) ...
[2026-05-20 01:52:50]  正在连接 QQ-主 邮箱服务器 (497720537@qq.com) ...
[2026-05-20 01:52:51]  正在连接 QQ-备用 邮箱服务器 (shouqianbadavid@qq.com) ...
[2026-05-20 01:53:27]  正在连接 QQ-主 邮箱服务器 (497720537@qq.com) ...
[2026-05-20 01:53:28]  正在连接 QQ-备用 邮箱服务器 (shouqianbadavid@qq.com) ...
[2026-05-20 01:54:03]  正在连接 QQ-主 邮箱服务器 (497720537@qq.com) ...
[2026-05-20 01:54:04]  正在连接 QQ-备用 邮箱服务器 (shouqianbadavid@qq.com) ...
[2026-05-20 01:54:40]  正在连接 QQ-主 邮箱服务器 (497720537@qq.com) ...
[2026-05-20 01:54:40]  正在连接 QQ-备用 邮箱服务器 (shouqianbadavid@qq.com) ...
[2026-05-20 01:55:16]  正在连接 QQ-主 邮箱服务器 (497720537@qq.com) ...
[2026-05-20 01:55:17]  正在连接 QQ-备用 邮箱服务器 (shouqianbadavid@qq.com) ...
[2026-05-20 01:55:52]  正在连接 QQ-主 邮箱服务器 (497720537@qq.com) ...
[2026-05-20 01:55:53]  正在连接 QQ-备用 邮箱服务器 (shouqianbadavid@qq.com) ...
[2026-05-20 01:56:28]  正在连接 QQ-主 邮箱服务器 (497720537@qq.com) ...
[2026-05-20 01:56:29]  正在连接 QQ-备用 邮箱服务器 (shouqianbadavid@qq.com) ...
[2026-05-20 01:57:05]  正在连接 QQ-主 邮箱服务器 (497720537@qq.com) ...
[2026-05-20 01:57:05]  正在连接 QQ-备用 邮箱服务器 (shouqianbadavid@qq.com) ...
[2026-05-20 01:57:41]  正在连接 QQ-主 邮箱服务器 (497720537@qq.com) ...
[2026-05-20 01:57:42]  正在连接 QQ-备用 邮箱服务器 (shouqianbadavid@qq.com) ...
[2026-05-20 01:58:18]  正在连接 QQ-主 邮箱服务器 (497720537@qq.com) ...
[2026-05-20 01:58:18]  正在连接 QQ-备用 邮箱服务器 (shouqianbadavid@qq.com) ...
[2026-05-20 01:58:54]  正在连接 QQ-主 邮箱服务器 (497720537@qq.com) ...
[2026-05-20 01:58:55]  正在连接 QQ-备用 邮箱服务器 (shouqianbadavid@qq.com) ...
[2026-05-20 01:59:31]  正在连接 QQ-主 邮箱服务器 (497720537@qq.com) ...
[2026-05-20 01:59:32]  正在连接 QQ-备用 邮箱服务器 (shouqianbadavid@qq.com) ...
[2026-05-20 02:00:07]  正在连接 QQ-主 邮箱服务器 (497720537@qq.com) ...
[2026-05-20 02:00:08]  正在连接 QQ-备用 邮箱服务器 (shouqianbadavid@qq.com) ...
[2026-05-20 02:00:44]  正在连接 QQ-主 邮箱服务器 (497720537@qq.com) ...
[2026-05-20 02:00:44]  正在连接 QQ-备用 邮箱服务器 (shouqianbadavid@qq.com) ...
[2026-05-20 02:01:20]  正在连接 QQ-主 邮箱服务器 (497720537@qq.com) ...
[2026-05-20 02:01:21]  正在连接 QQ-备用 邮箱服务器 (shouqianbadavid@qq.com) ...
[2026-05-20 02:01:56]  正在连接 QQ-主 邮箱服务器 (497720537@qq.com) ...
[2026-05-20 02:01:57]  正在连接 QQ-备用 邮箱服务器 (shouqianbadavid@qq.com) ...
[2026-05-20 02:02:32]  正在连接 QQ-主 邮箱服务器 (497720537@qq.com) ...
[2026-05-20 02:02:33]  正在连接 QQ-备用 邮箱服务器 (shouqianbadavid@qq.com) ...
[2026-05-20 02:03:08]  正在连接 QQ-主 邮箱服务器 (497720537@qq.com) ...
[2026-05-20 02:03:09]  正在连接 QQ-备用 邮箱服务器 (shouqianbadavid@qq.com) ...
[2026-05-20 02:03:45]  正在连接 QQ-主 邮箱服务器 (497720537@qq.com) ...
[2026-05-20 02:03:45]  正在连接 QQ-备用 邮箱服务器 (shouqianbadavid@qq.com) ...
[2026-05-20 02:04:21]  正在连接 QQ-主 邮箱服务器 (497720537@qq.com) ...
[2026-05-20 02:04:22]  正在连接 QQ-备用 邮箱服务器 (shouqianbadavid@qq.com) ...
[2026-05-20 02:04:58]  正在连接 QQ-主 邮箱服务器 (497720537@qq.com) ...
[2026-05-20 02:04:59]  正在连接 QQ-备用 邮箱服务器 (shouqianbadavid@qq.com) ...
[2026-05-20 02:05:34]  正在连接 QQ-主 邮箱服务器 (497720537@qq.com) ...
[2026-05-20 02:05:35]  正在连接 QQ-备用 邮箱服务器 (shouqianbadavid@qq.com) ...
[2026-05-20 02:06:11]  正在连接 QQ-主 邮箱服务器 (497720537@qq.com) ...
[2026-05-20 02:06:11]  正在连接 QQ-备用 邮箱服务器 (shouqianbadavid@qq.com) ...
[2026-05-20 02:06:47]  正在连接 QQ-主 邮箱服务器 (497720537@qq.com) ...
[2026-05-20 02:06:48]  正在连接 QQ-备用 邮箱服务器 (shouqianbadavid@qq.com) ...
[2026-05-20 02:07:24]  正在连接 QQ-主 邮箱服务器 (497720537@qq.com) ...
[2026-05-20 02:07:25]  正在连接 QQ-备用 邮箱服务器 (shouqianbadavid@qq.com) ...
[2026-05-20 02:08:01]  正在连接 QQ-主 邮箱服务器 (497720537@qq.com) ...
[2026-05-20 02:08:01]  正在连接 QQ-备用 邮箱服务器 (shouqianbadavid@qq.com) ...
[2026-05-20 02:08:37]  正在连接 QQ-主 邮箱服务器 (497720537@qq.com) ...
[2026-05-20 02:08:38]  正在连接 QQ-备用 邮箱服务器 (shouqianbadavid@qq.com) ...
[2026-05-20 02:09:14]  正在连接 QQ-主 邮箱服务器 (497720537@qq.com) ...
[2026-05-20 02:09:14]  正在连接 QQ-备用 邮箱服务器 (shouqianbadavid@qq.com) ...
[2026-05-20 02:09:50]  正在连接 QQ-主 邮箱服务器 (497720537@qq.com) ...
[2026-05-20 02:09:51]  正在连接 QQ-备用 邮箱服务器 (shouqianbadavid@qq.com) ...
[2026-05-20 02:10:27]  正在连接 QQ-主 邮箱服务器 (497720537@qq.com) ...
[2026-05-20 02:10:28]  正在连接 QQ-备用 邮箱服务器 (shouqianbadavid@qq.com) ...
[2026-05-20 02:11:04]  正在连接 QQ-主 邮箱服务器 (497720537@qq.com) ...
[2026-05-20 02:11:04]  正在连接 QQ-备用 邮箱服务器 (shouqianbadavid@qq.com) ...
[2026-05-20 02:11:40]  正在连接 QQ-主 邮箱服务器 (497720537@qq.com) ...
[2026-05-20 02:11:41]  正在连接 QQ-备用 邮箱服务器 (shouqianbadavid@qq.com) ...
[2026-05-20 02:12:17]  正在连接 QQ-主 邮箱服务器 (497720537@qq.com) ...
[2026-05-20 02:12:17]  正在连接 QQ-备用 邮箱服务器 (shouqianbadavid@qq.com) ...
[2026-05-20 02:12:53]  正在连接 QQ-主 邮箱服务器 (497720537@qq.com) ...
[2026-05-20 02:12:54]  正在连接 QQ-备用 邮箱服务器 (shouqianbadavid@qq.com) ...
[2026-05-20 02:13:29]  正在连接 QQ-主 邮箱服务器 (497720537@qq.com) ...
[2026-05-20 02:13:30]  正在连接 QQ-备用 邮箱服务器 (shouqianbadavid@qq.com) ...
[2026-05-20 02:14:05]  正在连接 QQ-主 邮箱服务器 (497720537@qq.com) ...
[2026-05-20 02:14:06]  正在连接 QQ-备用 邮箱服务器 (shouqianbadavid@qq.com) ...
[2026-05-20 02:14:42]  正在连接 QQ-主 邮箱服务器 (497720537@qq.com) ...
[2026-05-20 02:14:42]  正在连接 QQ-备用 邮箱服务器 (shouqianbadavid@qq.com) ...
[2026-05-20 02:15:18]  正在连接 QQ-主 邮箱服务器 (497720537@qq.com) ...
[2026-05-20 02:15:19]  正在连接 QQ-备用 邮箱服务器 (shouqianbadavid@qq.com) ...
[2026-05-20 02:15:54]  正在连接 QQ-主 邮箱服务器 (497720537@qq.com) ...
[2026-05-20 02:15:55]  正在连接 QQ-备用 邮箱服务器 (shouqianbadavid@qq.com) ...
[2026-05-20 02:16:31]  正在连接 QQ-主 邮箱服务器 (497720537@qq.com) ...
[2026-05-20 02:16:32]  正在连接 QQ-备用 邮箱服务器 (shouqianbadavid@qq.com) ...
[2026-05-20 02:17:08]  正在连接 QQ-主 邮箱服务器 (497720537@qq.com) ...
[2026-05-20 02:17:08]  正在连接 QQ-备用 邮箱服务器 (shouqianbadavid@qq.com) ...
[2026-05-20 02:17:44]  正在连接 QQ-主 邮箱服务器 (497720537@qq.com) ...
[2026-05-20 02:17:44]  正在连接 QQ-备用 邮箱服务器 (shouqianbadavid@qq.com) ...
[2026-05-20 02:18:20]  正在连接 QQ-主 邮箱服务器 (497720537@qq.com) ...
[2026-05-20 02:18:21]  正在连接 QQ-备用 邮箱服务器 (shouqianbadavid@qq.com) ...
[2026-05-20 02:18:56]  正在连接 QQ-主 邮箱服务器 (497720537@qq.com) ...
[2026-05-20 02:18:57]  正在连接 QQ-备用 邮箱服务器 (shouqianbadavid@qq.com) ...
[2026-05-20 02:19:33]  正在连接 QQ-主 邮箱服务器 (497720537@qq.com) ...
[2026-05-20 02:19:34]  正在连接 QQ-备用 邮箱服务器 (shouqianbadavid@qq.com) ...
[2026-05-20 02:20:09]  正在连接 QQ-主 邮箱服务器 (497720537@qq.com) ...
[2026-05-20 02:20:10]  正在连接 QQ-备用 邮箱服务器 (shouqianbadavid@qq.com) ...
[2026-05-20 02:20:46]  正在连接 QQ-主 邮箱服务器 (497720537@qq.com) ...
[2026-05-20 02:20:46]  正在连接 QQ-备用 邮箱服务器 (shouqianbadavid@qq.com) ...
[2026-05-20 02:21:22]  正在连接 QQ-主 邮箱服务器 (497720537@qq.com) ...
[2026-05-20 02:21:23]  正在连接 QQ-备用 邮箱服务器 (shouqianbadavid@qq.com) ...
[2026-05-20 02:21:58]  正在连接 QQ-主 邮箱服务器 (497720537@qq.com) ...
[2026-05-20 02:21:59]  正在连接 QQ-备用 邮箱服务器 (shouqianbadavid@qq.com) ...
[2026-05-20 02:22:35]  正在连接 QQ-主 邮箱服务器 (497720537@qq.com) ...
[2026-05-20 02:22:35]  正在连接 QQ-备用 邮箱服务器 (shouqianbadavid@qq.com) ...
[2026-05-20 02:23:11]  正在连接 QQ-主 邮箱服务器 (497720537@qq.com) ...
[2026-05-20 02:23:12]  正在连接 QQ-备用 邮箱服务器 (shouqianbadavid@qq.com) ...
[2026-05-20 02:23:47]  正在连接 QQ-主 邮箱服务器 (497720537@qq.com) ...
[2026-05-20 02:23:48]  正在连接 QQ-备用 邮箱服务器 (shouqianbadavid@qq.com) ...
[2026-05-20 02:24:23]  正在连接 QQ-主 邮箱服务器 (497720537@qq.com) ...
[2026-05-20 02:24:24]  正在连接 QQ-备用 邮箱服务器 (shouqianbadavid@qq.com) ...
[2026-05-20 02:25:00]  正在连接 QQ-主 邮箱服务器 (497720537@qq.com) ...
[2026-05-20 02:25:00]  正在连接 QQ-备用 邮箱服务器 (shouqianbadavid@qq.com) ...
[2026-05-20 02:25:36]  正在连接 QQ-主 邮箱服务器 (497720537@qq.com) ...
[2026-05-20 02:25:37]  正在连接 QQ-备用 邮箱服务器 (shouqianbadavid@qq.com) ...
[2026-05-20 02:26:13]  正在连接 QQ-主 邮箱服务器 (497720537@qq.com) ...
[2026-05-20 02:26:13]  正在连接 QQ-备用 邮箱服务器 (shouqianbadavid@qq.com) ...
[2026-05-20 02:26:48]  正在连接 QQ-主 邮箱服务器 (497720537@qq.com) ...
[2026-05-20 02:26:49]  正在连接 QQ-备用 邮箱服务器 (shouqianbadavid@qq.com) ...
[2026-05-20 02:27:25]  正在连接 QQ-主 邮箱服务器 (497720537@qq.com) ...
[2026-05-20 02:27:26]  正在连接 QQ-备用 邮箱服务器 (shouqianbadavid@qq.com) ...
[2026-05-20 02:28:01]  正在连接 QQ-主 邮箱服务器 (497720537@qq.com) ...
[2026-05-20 02:28:02]  正在连接 QQ-备用 邮箱服务器 (shouqianbadavid@qq.com) ...
[2026-05-20 02:28:38]  正在连接 QQ-主 邮箱服务器 (497720537@qq.com) ...
[2026-05-20 02:28:38]  正在连接 QQ-备用 邮箱服务器 (shouqianbadavid@qq.com) ...
[2026-05-20 02:29:14]  正在连接 QQ-主 邮箱服务器 (497720537@qq.com) ...
[2026-05-20 02:29:15]  正在连接 QQ-备用 邮箱服务器 (shouqianbadavid@qq.com) ...
[2026-05-20 02:29:51]  正在连接 QQ-主 邮箱服务器 (497720537@qq.com) ...
[2026-05-20 02:29:51]  正在连接 QQ-备用 邮箱服务器 (shouqianbadavid@qq.com) ...
[2026-05-20 02:30:27]  正在连接 QQ-主 邮箱服务器 (497720537@qq.com) ...
[2026-05-20 02:30:27]  正在连接 QQ-备用 邮箱服务器 (shouqianbadavid@qq.com) ...
[2026-05-20 02:31:03]  正在连接 QQ-主 邮箱服务器 (497720537@qq.com) ...
[2026-05-20 02:31:04]  正在连接 QQ-备用 邮箱服务器 (shouqianbadavid@qq.com) ...
[2026-05-20 02:31:40]  正在连接 QQ-主 邮箱服务器 (497720537@qq.com) ...
[2026-05-20 02:31:40]  正在连接 QQ-备用 邮箱服务器 (shouqianbadavid@qq.com) ...
[2026-05-20 02:32:16]  正在连接 QQ-主 邮箱服务器 (497720537@qq.com) ...
[2026-05-20 02:32:16]  正在连接 QQ-备用 邮箱服务器 (shouqianbadavid@qq.com) ...
[2026-05-20 02:32:52]  正在连接 QQ-主 邮箱服务器 (497720537@qq.com) ...
[2026-05-20 02:32:53]  正在连接 QQ-备用 邮箱服务器 (shouqianbadavid@qq.com) ...
[2026-05-20 02:33:28]  正在连接 QQ-主 邮箱服务器 (497720537@qq.com) ...
[2026-05-20 02:33:29]  正在连接 QQ-备用 邮箱服务器 (shouqianbadavid@qq.com) ...
[2026-05-20 02:34:04]  正在连接 QQ-主 邮箱服务器 (497720537@qq.com) ...
[2026-05-20 02:34:05]  正在连接 QQ-备用 邮箱服务器 (shouqianbadavid@qq.com) ...
[2026-05-20 02:34:41]  正在连接 QQ-主 邮箱服务器 (497720537@qq.com) ...
[2026-05-20 02:34:42]  正在连接 QQ-备用 邮箱服务器 (shouqianbadavid@qq.com) ...
[2026-05-20 02:35:18]  正在连接 QQ-主 邮箱服务器 (497720537@qq.com) ...
[2026-05-20 02:35:19]  正在连接 QQ-备用 邮箱服务器 (shouqianbadavid@qq.com) ...
[2026-05-20 02:35:55]  正在连接 QQ-主 邮箱服务器 (497720537@qq.com) ...
[2026-05-20 02:35:55]  正在连接 QQ-备用 邮箱服务器 (shouqianbadavid@qq.com) ...
[2026-05-20 02:36:31]  正在连接 QQ-主 邮箱服务器 (497720537@qq.com) ...
[2026-05-20 02:36:32]  正在连接 QQ-备用 邮箱服务器 (shouqianbadavid@qq.com) ...
[2026-05-20 02:37:07]  正在连接 QQ-主 邮箱服务器 (497720537@qq.com) ...
[2026-05-20 02:37:08]  正在连接 QQ-备用 邮箱服务器 (shouqianbadavid@qq.com) ...
[2026-05-20 02:37:44]  正在连接 QQ-主 邮箱服务器 (497720537@qq.com) ...
[2026-05-20 02:37:45]  正在连接 QQ-备用 邮箱服务器 (shouqianbadavid@qq.com) ...
[2026-05-20 02:38:20]  正在连接 QQ-主 邮箱服务器 (497720537@qq.com) ...
[2026-05-20 02:38:21]  正在连接 QQ-备用 邮箱服务器 (shouqianbadavid@qq.com) ...
[2026-05-20 02:38:57]  正在连接 QQ-主 邮箱服务器 (497720537@qq.com) ...
[2026-05-20 02:38:58]  正在连接 QQ-备用 邮箱服务器 (shouqianbadavid@qq.com) ...
[2026-05-20 02:39:34]  正在连接 QQ-主 邮箱服务器 (497720537@qq.com) ...
[2026-05-20 02:39:35]  正在连接 QQ-备用 邮箱服务器 (shouqianbadavid@qq.com) ...
[2026-05-20 02:40:10]  正在连接 QQ-主 邮箱服务器 (497720537@qq.com) ...
[2026-05-20 02:40:11]  正在连接 QQ-备用 邮箱服务器 (shouqianbadavid@qq.com) ...
[2026-05-20 02:40:48]  正在连接 QQ-主 邮箱服务器 (497720537@qq.com) ...
[2026-05-20 02:40:48]  正在连接 QQ-备用 邮箱服务器 (shouqianbadavid@qq.com) ...
[2026-05-20 02:41:24]  正在连接 QQ-主 邮箱服务器 (497720537@qq.com) ...
[2026-05-20 02:41:25]  正在连接 QQ-备用 邮箱服务器 (shouqianbadavid@qq.com) ...
[2026-05-20 02:42:01]  正在连接 QQ-主 邮箱服务器 (497720537@qq.com) ...
[2026-05-20 02:42:01]  正在连接 QQ-备用 邮箱服务器 (shouqianbadavid@qq.com) ...
[2026-05-20 02:42:37]  正在连接 QQ-主 邮箱服务器 (497720537@qq.com) ...
[2026-05-20 02:42:38]  正在连接 QQ-备用 邮箱服务器 (shouqianbadavid@qq.com) ...
[2026-05-20 02:43:13]  正在连接 QQ-主 邮箱服务器 (497720537@qq.com) ...
[2026-05-20 02:43:14]  正在连接 QQ-备用 邮箱服务器 (shouqianbadavid@qq.com) ...
[2026-05-20 02:43:50]  正在连接 QQ-主 邮箱服务器 (497720537@qq.com) ...
[2026-05-20 02:43:51]  正在连接 QQ-备用 邮箱服务器 (shouqianbadavid@qq.com) ...
[2026-05-20 02:44:26]  正在连接 QQ-主 邮箱服务器 (497720537@qq.com) ...
[2026-05-20 02:44:27]  正在连接 QQ-备用 邮箱服务器 (shouqianbadavid@qq.com) ...
[2026-05-20 02:45:03]  正在连接 QQ-主 邮箱服务器 (497720537@qq.com) ...
[2026-05-20 02:45:04]  正在连接 QQ-备用 邮箱服务器 (shouqianbadavid@qq.com) ...
[2026-05-20 02:45:40]  正在连接 QQ-主 邮箱服务器 (497720537@qq.com) ...
[2026-05-20 02:45:41]  正在连接 QQ-备用 邮箱服务器 (shouqianbadavid@qq.com) ...
[2026-05-20 02:46:16]  正在连接 QQ-主 邮箱服务器 (497720537@qq.com) ...
[2026-05-20 02:46:17]  正在连接 QQ-备用 邮箱服务器 (shouqianbadavid@qq.com) ...
[2026-05-20 02:46:53]  正在连接 QQ-主 邮箱服务器 (497720537@qq.com) ...
[2026-05-20 02:46:54]  正在连接 QQ-备用 邮箱服务器 (shouqianbadavid@qq.com) ...
[2026-05-20 02:47:29]  正在连接 QQ-主 邮箱服务器 (497720537@qq.com) ...
[2026-05-20 02:47:30]  正在连接 QQ-备用 邮箱服务器 (shouqianbadavid@qq.com) ...
[2026-05-20 02:48:06]  正在连接 QQ-主 邮箱服务器 (497720537@qq.com) ...
[2026-05-20 02:48:06]  正在连接 QQ-备用 邮箱服务器 (shouqianbadavid@qq.com) ...
[2026-05-20 02:48:42]  正在连接 QQ-主 邮箱服务器 (497720537@qq.com) ...
[2026-05-20 02:48:43]  正在连接 QQ-备用 邮箱服务器 (shouqianbadavid@qq.com) ...
[2026-05-20 02:49:19]  正在连接 QQ-主 邮箱服务器 (497720537@qq.com) ...
[2026-05-20 02:49:19]  正在连接 QQ-备用 邮箱服务器 (shouqianbadavid@qq.com) ...
[2026-05-20 02:49:55]  正在连接 QQ-主 邮箱服务器 (497720537@qq.com) ...
[2026-05-20 02:49:55]  正在连接 QQ-备用 邮箱服务器 (shouqianbadavid@qq.com) ...
[2026-05-20 02:50:31]  正在连接 QQ-主 邮箱服务器 (497720537@qq.com) ...
[2026-05-20 02:50:32]  正在连接 QQ-备用 邮箱服务器 (shouqianbadavid@qq.com) ...
[2026-05-20 02:51:07]  正在连接 QQ-主 邮箱服务器 (497720537@qq.com) ...
[2026-05-20 02:51:08]  正在连接 QQ-备用 邮箱服务器 (shouqianbadavid@qq.com) ...
[2026-05-20 02:51:44]  正在连接 QQ-主 邮箱服务器 (497720537@qq.com) ...
[2026-05-20 02:51:44]  正在连接 QQ-备用 邮箱服务器 (shouqianbadavid@qq.com) ...
[2026-05-20 02:52:20]  正在连接 QQ-主 邮箱服务器 (497720537@qq.com) ...
[2026-05-20 02:52:21]  正在连接 QQ-备用 邮箱服务器 (shouqianbadavid@qq.com) ...
[2026-05-20 02:52:56]  正在连接 QQ-主 邮箱服务器 (497720537@qq.com) ...
[2026-05-20 02:52:57]  正在连接 QQ-备用 邮箱服务器 (shouqianbadavid@qq.com) ...
[2026-05-20 02:53:33]  正在连接 QQ-主 邮箱服务器 (497720537@qq.com) ...
[2026-05-20 02:53:34]  正在连接 QQ-备用 邮箱服务器 (shouqianbadavid@qq.com) ...
[2026-05-20 02:54:09]  正在连接 QQ-主 邮箱服务器 (497720537@qq.com) ...
[2026-05-20 02:54:10]  正在连接 QQ-备用 邮箱服务器 (shouqianbadavid@qq.com) ...
[2026-05-20 02:54:46]  正在连接 QQ-主 邮箱服务器 (497720537@qq.com) ...
[2026-05-20 02:54:46]  正在连接 QQ-备用 邮箱服务器 (shouqianbadavid@qq.com) ...
[2026-05-20 02:55:22]  正在连接 QQ-主 邮箱服务器 (497720537@qq.com) ...
[2026-05-20 02:55:23]  正在连接 QQ-备用 邮箱服务器 (shouqianbadavid@qq.com) ...
[2026-05-20 02:55:58]  正在连接 QQ-主 邮箱服务器 (497720537@qq.com) ...
[2026-05-20 02:55:59]  正在连接 QQ-备用 邮箱服务器 (shouqianbadavid@qq.com) ...
[2026-05-20 02:56:35]  正在连接 QQ-主 邮箱服务器 (497720537@qq.com) ...
[2026-05-20 02:56:35]  正在连接 QQ-备用 邮箱服务器 (shouqianbadavid@qq.com) ...
[2026-05-20 02:57:11]  正在连接 QQ-主 邮箱服务器 (497720537@qq.com) ...
[2026-05-20 02:57:11]  正在连接 QQ-备用 邮箱服务器 (shouqianbadavid@qq.com) ...
[2026-05-20 02:57:47]  正在连接 QQ-主 邮箱服务器 (497720537@qq.com) ...
[2026-05-20 02:57:48]  正在连接 QQ-备用 邮箱服务器 (shouqianbadavid@qq.com) ...
[2026-05-20 02:58:23]  正在连接 QQ-主 邮箱服务器 (497720537@qq.com) ...
[2026-05-20 02:58:24]  正在连接 QQ-备用 邮箱服务器 (shouqianbadavid@qq.com) ...
[2026-05-20 02:58:59]  正在连接 QQ-主 邮箱服务器 (497720537@qq.com) ...
[2026-05-20 02:59:00]  正在连接 QQ-备用 邮箱服务器 (shouqianbadavid@qq.com) ...
[2026-05-20 02:59:36]  正在连接 QQ-主 邮箱服务器 (497720537@qq.com) ...
[2026-05-20 02:59:36]  正在连接 QQ-备用 邮箱服务器 (shouqianbadavid@qq.com) ...
[2026-05-20 03:00:12]  正在连接 QQ-主 邮箱服务器 (497720537@qq.com) ...
[2026-05-20 03:00:13]  正在连接 QQ-备用 邮箱服务器 (shouqianbadavid@qq.com) ...
[2026-05-20 03:00:49]  正在连接 QQ-主 邮箱服务器 (497720537@qq.com) ...
[2026-05-20 03:00:49]  正在连接 QQ-备用 邮箱服务器 (shouqianbadavid@qq.com) ...
[2026-05-20 03:01:26]  正在连接 QQ-主 邮箱服务器 (497720537@qq.com) ...
[2026-05-20 03:01:26]  正在连接 QQ-备用 邮箱服务器 (shouqianbadavid@qq.com) ...
[2026-05-20 03:02:02]  正在连接 QQ-主 邮箱服务器 (497720537@qq.com) ...
[2026-05-20 03:02:03]  正在连接 QQ-备用 邮箱服务器 (shouqianbadavid@qq.com) ...
[2026-05-20 03:02:38]  正在连接 QQ-主 邮箱服务器 (497720537@qq.com) ...
[2026-05-20 03:02:39]  正在连接 QQ-备用 邮箱服务器 (shouqianbadavid@qq.com) ...
[2026-05-20 03:03:15]  正在连接 QQ-主 邮箱服务器 (497720537@qq.com) ...
[2026-05-20 03:03:15]  正在连接 QQ-备用 邮箱服务器 (shouqianbadavid@qq.com) ...
[2026-05-20 03:03:51]  正在连接 QQ-主 邮箱服务器 (497720537@qq.com) ...
[2026-05-20 03:03:52]  正在连接 QQ-备用 邮箱服务器 (shouqianbadavid@qq.com) ...
[2026-05-20 03:04:27]  正在连接 QQ-主 邮箱服务器 (497720537@qq.com) ...
[2026-05-20 03:04:28]  正在连接 QQ-备用 邮箱服务器 (shouqianbadavid@qq.com) ...
[2026-05-20 03:05:04]  正在连接 QQ-主 邮箱服务器 (497720537@qq.com) ...
[2026-05-20 03:05:04]  正在连接 QQ-备用 邮箱服务器 (shouqianbadavid@qq.com) ...
[2026-05-20 03:05:40]  正在连接 QQ-主 邮箱服务器 (497720537@qq.com) ...
[2026-05-20 03:05:41]  正在连接 QQ-备用 邮箱服务器 (shouqianbadavid@qq.com) ...
[2026-05-20 03:06:17]  正在连接 QQ-主 邮箱服务器 (497720537@qq.com) ...
[2026-05-20 03:06:17]  正在连接 QQ-备用 邮箱服务器 (shouqianbadavid@qq.com) ...
[2026-05-20 03:06:53]  正在连接 QQ-主 邮箱服务器 (497720537@qq.com) ...
[2026-05-20 03:06:53]  正在连接 QQ-备用 邮箱服务器 (shouqianbadavid@qq.com) ...
[2026-05-20 03:07:29]  正在连接 QQ-主 邮箱服务器 (497720537@qq.com) ...
[2026-05-20 03:07:30]  正在连接 QQ-备用 邮箱服务器 (shouqianbadavid@qq.com) ...
[2026-05-20 03:08:06]  正在连接 QQ-主 邮箱服务器 (497720537@qq.com) ...
[2026-05-20 03:08:06]  正在连接 QQ-备用 邮箱服务器 (shouqianbadavid@qq.com) ...
[2026-05-20 03:08:42]  正在连接 QQ-主 邮箱服务器 (497720537@qq.com) ...
[2026-05-20 03:08:42]  正在连接 QQ-备用 邮箱服务器 (shouqianbadavid@qq.com) ...
[2026-05-20 03:09:18]  正在连接 QQ-主 邮箱服务器 (497720537@qq.com) ...
[2026-05-20 03:09:18]  正在连接 QQ-备用 邮箱服务器 (shouqianbadavid@qq.com) ...
[2026-05-20 03:09:54]  正在连接 QQ-主 邮箱服务器 (497720537@qq.com) ...
[2026-05-20 03:09:54]  正在连接 QQ-备用 邮箱服务器 (shouqianbadavid@qq.com) ...
[2026-05-20 03:10:30]  正在连接 QQ-主 邮箱服务器 (497720537@qq.com) ...
[2026-05-20 03:10:30]  QQ-主 正在解析因子: =?UTF-8?q?=F0=9F=93=A2_Sale_extended_=E2=80=94_50%_off_Pro?=
[2026-05-20 03:10:30]  发现表格，共 31 行数据
[2026-05-20 03:10:30]  表头映射失败，未找到指定列名。当前表头: ['SALE EXTENDED50% off ProHate missing a sale? Now you have one more chance to save 50% on a Pro annual plan.With it, you get to:Build in-demand skills in AI, data, cybersecurity, & moreApply what you learn\xa0in\xa0interactive lessons and projectsLearn by building working prototypes with our AI BuilderPrep\xa0for top industry certifications from AWS, CompTIA, &\xa0Microsoftand so much more!Save 50%Structure your growthEnroll in a career path to get step-by-step guidance through everything you need to land the job you want.Set yourself up for success with ProJoin Pro now*50% Off offer valid from May 13, 2026 at 12:00:00 am Eastern Time ("ET") and ends at 11:59:59 pm ET on May 20, 2026. Discount is only applicable to new annual subscription plans (excluding Codecademy Plus, Student, Teams, and All Access), and cannot be combined with any other offer. Discount applies to the first year of a new subscription, after which the subscription will auto-renew for subsequent years at the regular price. Code valid one time only. Discount applies to certain products and not all products are available in all countries. Discount is not applicable to taxes. Codecademy reserves the right to modify or cancel this promotion at any time without notice. Any subscription plan purchases are subject to Codecademy\'sTerms of Service.View Web Version|Email Preferences|Unsubscribe|Privacy PolicyView Web VersionEmail PreferencesUnsubscribePrivacy PolicyCopyright Codecademy. All rights reserved.300 Innovative Way, Suite 2210, Nashua, NH 03062', '', '', '', 'SALE EXTENDED50% off ProHate missing a sale? Now you have one more chance to save 50% on a Pro annual plan.With it, you get to:Build in-demand skills in AI, data, cybersecurity, & moreApply what you learn\xa0in\xa0interactive lessons and projectsLearn by building working prototypes with our AI BuilderPrep\xa0for top industry certifications from AWS, CompTIA, &\xa0Microsoftand so much more!Save 50%', 'SALE EXTENDED50% off ProHate missing a sale? Now you have one more chance to save 50% on a Pro annual plan.With it, you get to:Build in-demand skills in AI, data, cybersecurity, & moreApply what you learn\xa0in\xa0interactive lessons and projectsLearn by building working prototypes with our AI BuilderPrep\xa0for top industry certifications from AWS, CompTIA, &\xa0Microsoftand so much more!Save 50%', 'SALE EXTENDED', 'SALE EXTENDED', 'SALE EXTENDED', '50% off Pro', 'Hate missing a sale? Now you have one more chance to save 50% on a Pro annual plan.With it, you get to:', 'Build in-demand skills in AI, data, cybersecurity, & moreApply what you learn\xa0in\xa0interactive lessons and projectsLearn by building working prototypes with our AI BuilderPrep\xa0for top industry certifications from AWS, CompTIA, &\xa0Microsoftand so much more!', 'Save 50%', 'Structure your growthEnroll in a career path to get step-by-step guidance through everything you need to land the job you want.', 'Structure your growthEnroll in a career path to get step-by-step guidance through everything you need to land the job you want.', 'Structure your growth', 'Enroll in a career path to get step-by-step guidance through everything you need to land the job you want.', '', '', 'Set yourself up for success with ProJoin Pro now', 'Set yourself up for success with ProJoin Pro now', 'Set yourself up for success with Pro', 'Join Pro now', '*50% Off offer valid from May 13, 2026 at 12:00:00 am Eastern Time ("ET") and ends at 11:59:59 pm ET on May 20, 2026. Discount is only applicable to new annual subscription plans (excluding Codecademy Plus, Student, Teams, and All Access), and cannot be combined with any other offer. Discount applies to the first year of a new subscription, after which the subscription will auto-renew for subsequent years at the regular price. Code valid one time only. Discount applies to certain products and not all products are available in all countries. Discount is not applicable to taxes. Codecademy reserves the right to modify or cancel this promotion at any time without notice. Any subscription plan purchases are subject to Codecademy\'sTerms of Service.', '*50% Off offer valid from May 13, 2026 at 12:00:00 am Eastern Time ("ET") and ends at 11:59:59 pm ET on May 20, 2026. Discount is only applicable to new annual subscription plans (excluding Codecademy Plus, Student, Teams, and All Access), and cannot be combined with any other offer. Discount applies to the first year of a new subscription, after which the subscription will auto-renew for subsequent years at the regular price. Code valid one time only. Discount applies to certain products and not all products are available in all countries. Discount is not applicable to taxes. Codecademy reserves the right to modify or cancel this promotion at any time without notice. Any subscription plan purchases are subject to Codecademy\'sTerms of Service.', '*50% Off offer valid from May 13, 2026 at 12:00:00 am Eastern Time ("ET") and ends at 11:59:59 pm ET on May 20, 2026. Discount is only applicable to new annual subscription plans (excluding Codecademy Plus, Student, Teams, and All Access), and cannot be combined with any other offer. Discount applies to the first year of a new subscription, after which the subscription will auto-renew for subsequent years at the regular price. Code valid one time only. Discount applies to certain products and not all products are available in all countries. Discount is not applicable to taxes. Codecademy reserves the right to modify or cancel this promotion at any time without notice. Any subscription plan purchases are subject to Codecademy\'sTerms of Service.', 'View Web Version|Email Preferences|Unsubscribe|Privacy PolicyView Web VersionEmail PreferencesUnsubscribePrivacy PolicyCopyright Codecademy. All rights reserved.300 Innovative Way, Suite 2210, Nashua, NH 03062', 'View Web Version|Email Preferences|Unsubscribe|Privacy PolicyView Web VersionEmail PreferencesUnsubscribePrivacy PolicyCopyright Codecademy. All rights reserved.300 Innovative Way, Suite 2210, Nashua, NH 03062', 'View Web Version|Email Preferences|Unsubscribe|Privacy Policy', 'View Web Version|Email Preferences|Unsubscribe|Privacy Policy', 'View Web VersionEmail PreferencesUnsubscribePrivacy Policy', 'View Web VersionEmail PreferencesUnsubscribePrivacy Policy', 'Copyright Codecademy. All rights reserved.300 Innovative Way, Suite 2210, Nashua, NH 03062']
[2026-05-20 03:10:30] QQ-主 邮件 3652 无有效信号
[2026-05-20 03:10:31]  正在连接 QQ-备用 邮箱服务器 (shouqianbadavid@qq.com) ...
[2026-05-20 03:11:06]  正在连接 QQ-主 邮箱服务器 (497720537@qq.com) ...
[2026-05-20 03:11:07]  QQ-主 正在解析因子: =?UTF-8?B?5p+l55yLIEhvY2sgTGlvbmcgTQ==?=
 =?UTF-8?B?b3RvciDnmoTmnIDmlrDnirbmgIHmm7TmlrA=?=
[2026-05-20 03:11:07]  发现表格，共 34 行数据
[2026-05-20 03:11:07]  表头映射失败，未找到指定列名。当前表头: ['📢🌾GAWAI SALES is COMING🌾📢\r\n\r\nSiapa tengah...📄Hock Liong Motor发布了更新。5月18日 11:29查看状态3 位用户赞了这封邮件：有用|没用此邮件发给497720537@qq.com。 如果不希望再收到 Meta 的这类邮件，请退订。Meta Platforms, Inc., Attention: Community Support, 1 Meta Way, Menlo Park, CA 94025为保护你的主页安全，请勿转发这封邮件。详细了解', '📢🌾GAWAI SALES is COMING🌾📢\r\n\r\nSiapa tengah...📄Hock Liong Motor发布了更新。5月18日 11:29查看状态3 位用户赞了这封邮件：有用|没用此邮件发给497720537@qq.com。 如果不希望再收到 Meta 的这类邮件，请退订。Meta Platforms, Inc., Attention: Community Support, 1 Meta Way, Menlo Park, CA 94025为保护你的主页安全，请勿转发这封邮件。详细了解', '📢🌾GAWAI SALES is COMING🌾📢\r\n\r\nSiapa tengah...📄Hock Liong Motor发布了更新。5月18日 11:29查看状态3 位用户赞了这封邮件：有用|没用此邮件发给497720537@qq.com。 如果不希望再收到 Meta 的这类邮件，请退订。Meta Platforms, Inc., Attention: Community Support, 1 Meta Way, Menlo Park, CA 94025为保护你的主页安全，请勿转发这封邮件。详细了解', '', '📢🌾GAWAI SALES is COMING🌾📢\r\n\r\nSiapa tengah...', '', '', '', '', '', '', '', '', '', '', '', '', '', '', '📄Hock Liong Motor发布了更新。5月18日 11:29查看状态3 位用户赞了', '', '📄Hock Liong Motor发布了更新。5月18日 11:29查看状态', '📄Hock Liong Motor发布了更新。5月18日 11:29查看状态', '', '', '📄Hock Liong Motor发布了更新。5月18日 11:29查看状态', '📄Hock Liong Motor发布了更新。5月18日 11:29', '📄Hock Liong Motor发布了更新。', '', '5月18日 11:29', '', '查看状态', '查看状态', '', '3 位用户赞了', '3 位用户赞了', '', '', '3 位用户赞了', '', '', '', '这封邮件：有用|没用', '这封邮件：有用|没用', '', '', '', '此邮件发给497720537@qq.com。 如果不希望再收到 Meta 的这类邮件，请退订。Meta Platforms, Inc., Attention: Community Support, 1 Meta Way, Menlo Park, CA 94025', '', '此邮件发给497720537@qq.com。 如果不希望再收到 Meta 的这类邮件，请退订。Meta Platforms, Inc., Attention: Community Support, 1 Meta Way, Menlo Park, CA 94025', '', '', '为保护你的主页安全，请勿转发这封邮件。详细了解', '为保护你的主页安全，请勿转发这封邮件。详细了解', '', '']
[2026-05-20 03:11:07] QQ-主 邮件 3653 无有效信号
[2026-05-20 03:11:07]  正在连接 QQ-备用 邮箱服务器 (shouqianbadavid@qq.com) ...
[2026-05-20 03:11:42]  正在连接 QQ-主 邮箱服务器 (497720537@qq.com) ...
[2026-05-20 03:11:43]  正在连接 QQ-备用 邮箱服务器 (shouqianbadavid@qq.com) ...
[2026-05-20 03:12:18]  正在连接 QQ-主 邮箱服务器 (497720537@qq.com) ...
[2026-05-20 03:12:19]  正在连接 QQ-备用 邮箱服务器 (shouqianbadavid@qq.com) ...
[2026-05-20 03:12:55]  正在连接 QQ-主 邮箱服务器 (497720537@qq.com) ...
[2026-05-20 03:12:56]  正在连接 QQ-备用 邮箱服务器 (shouqianbadavid@qq.com) ...
[2026-05-20 03:13:32]  正在连接 QQ-主 邮箱服务器 (497720537@qq.com) ...
[2026-05-20 03:13:32]  正在连接 QQ-备用 邮箱服务器 (shouqianbadavid@qq.com) ...
[2026-05-20 03:14:08]  正在连接 QQ-主 邮箱服务器 (497720537@qq.com) ...
[2026-05-20 03:14:09]  正在连接 QQ-备用 邮箱服务器 (shouqianbadavid@qq.com) ...
[2026-05-20 03:14:44]  正在连接 QQ-主 邮箱服务器 (497720537@qq.com) ...
[2026-05-20 03:14:45]  正在连接 QQ-备用 邮箱服务器 (shouqianbadavid@qq.com) ...
[2026-05-20 03:15:21]  正在连接 QQ-主 邮箱服务器 (497720537@qq.com) ...
[2026-05-20 03:15:22]  正在连接 QQ-备用 邮箱服务器 (shouqianbadavid@qq.com) ...
[2026-05-20 03:15:57]  正在连接 QQ-主 邮箱服务器 (497720537@qq.com) ...
[2026-05-20 03:15:58]  正在连接 QQ-备用 邮箱服务器 (shouqianbadavid@qq.com) ...
[2026-05-20 03:16:34]  正在连接 QQ-主 邮箱服务器 (497720537@qq.com) ...
[2026-05-20 03:16:35]  正在连接 QQ-备用 邮箱服务器 (shouqianbadavid@qq.com) ...
[2026-05-20 03:17:10]  正在连接 QQ-主 邮箱服务器 (497720537@qq.com) ...
[2026-05-20 03:17:11]  正在连接 QQ-备用 邮箱服务器 (shouqianbadavid@qq.com) ...
[2026-05-20 03:17:47]  正在连接 QQ-主 邮箱服务器 (497720537@qq.com) ...
[2026-05-20 03:17:47]  正在连接 QQ-备用 邮箱服务器 (shouqianbadavid@qq.com) ...
[2026-05-20 03:18:24]  正在连接 QQ-主 邮箱服务器 (497720537@qq.com) ...
[2026-05-20 03:18:24]  正在连接 QQ-备用 邮箱服务器 (shouqianbadavid@qq.com) ...
[2026-05-20 03:19:00]  正在连接 QQ-主 邮箱服务器 (497720537@qq.com) ...
[2026-05-20 03:19:01]  正在连接 QQ-备用 邮箱服务器 (shouqianbadavid@qq.com) ...
[2026-05-20 03:19:37]  正在连接 QQ-主 邮箱服务器 (497720537@qq.com) ...
[2026-05-20 03:19:37]  正在连接 QQ-备用 邮箱服务器 (shouqianbadavid@qq.com) ...
[2026-05-20 03:20:13]  正在连接 QQ-主 邮箱服务器 (497720537@qq.com) ...
[2026-05-20 03:20:14]  正在连接 QQ-备用 邮箱服务器 (shouqianbadavid@qq.com) ...
[2026-05-20 03:20:49]  正在连接 QQ-主 邮箱服务器 (497720537@qq.com) ...
[2026-05-20 03:20:50]  正在连接 QQ-备用 邮箱服务器 (shouqianbadavid@qq.com) ...
[2026-05-20 03:21:26]  正在连接 QQ-主 邮箱服务器 (497720537@qq.com) ...
[2026-05-20 03:21:27]  正在连接 QQ-备用 邮箱服务器 (shouqianbadavid@qq.com) ...
[2026-05-20 03:22:02]  正在连接 QQ-主 邮箱服务器 (497720537@qq.com) ...
[2026-05-20 03:22:03]  正在连接 QQ-备用 邮箱服务器 (shouqianbadavid@qq.com) ...
[2026-05-20 03:22:39]  正在连接 QQ-主 邮箱服务器 (497720537@qq.com) ...
[2026-05-20 03:22:40]  正在连接 QQ-备用 邮箱服务器 (shouqianbadavid@qq.com) ...
[2026-05-20 03:23:16]  正在连接 QQ-主 邮箱服务器 (497720537@qq.com) ...
[2026-05-20 03:23:16]  正在连接 QQ-备用 邮箱服务器 (shouqianbadavid@qq.com) ...
[2026-05-20 03:23:52]  正在连接 QQ-主 邮箱服务器 (497720537@qq.com) ...
[2026-05-20 03:23:52]  正在连接 QQ-备用 邮箱服务器 (shouqianbadavid@qq.com) ...
[2026-05-20 03:24:28]  正在连接 QQ-主 邮箱服务器 (497720537@qq.com) ...
[2026-05-20 03:24:29]  正在连接 QQ-备用 邮箱服务器 (shouqianbadavid@qq.com) ...
[2026-05-20 03:25:04]  正在连接 QQ-主 邮箱服务器 (497720537@qq.com) ...
[2026-05-20 03:25:05]  正在连接 QQ-备用 邮箱服务器 (shouqianbadavid@qq.com) ...
[2026-05-20 03:25:41]  正在连接 QQ-主 邮箱服务器 (497720537@qq.com) ...
[2026-05-20 03:25:41]  正在连接 QQ-备用 邮箱服务器 (shouqianbadavid@qq.com) ...
[2026-05-20 03:26:17]  正在连接 QQ-主 邮箱服务器 (497720537@qq.com) ...
[2026-05-20 03:26:18]  正在连接 QQ-备用 邮箱服务器 (shouqianbadavid@qq.com) ...
[2026-05-20 03:26:54]  正在连接 QQ-主 邮箱服务器 (497720537@qq.com) ...
[2026-05-20 03:26:54]  正在连接 QQ-备用 邮箱服务器 (shouqianbadavid@qq.com) ...
[2026-05-20 03:27:30]  正在连接 QQ-主 邮箱服务器 (497720537@qq.com) ...
[2026-05-20 03:27:31]  正在连接 QQ-备用 邮箱服务器 (shouqianbadavid@qq.com) ...
[2026-05-20 03:28:06]  正在连接 QQ-主 邮箱服务器 (497720537@qq.com) ...
[2026-05-20 03:28:07]  正在连接 QQ-备用 邮箱服务器 (shouqianbadavid@qq.com) ...
[2026-05-20 03:28:43]  正在连接 QQ-主 邮箱服务器 (497720537@qq.com) ...
[2026-05-20 03:28:43]  正在连接 QQ-备用 邮箱服务器 (shouqianbadavid@qq.com) ...
[2026-05-20 03:29:19]  正在连接 QQ-主 邮箱服务器 (497720537@qq.com) ...
[2026-05-20 03:29:20]  正在连接 QQ-备用 邮箱服务器 (shouqianbadavid@qq.com) ...
[2026-05-20 03:29:55]  正在连接 QQ-主 邮箱服务器 (497720537@qq.com) ...
[2026-05-20 03:29:56]  正在连接 QQ-备用 邮箱服务器 (shouqianbadavid@qq.com) ...
[2026-05-20 03:30:32]  正在连接 QQ-主 邮箱服务器 (497720537@qq.com) ...
[2026-05-20 03:30:32]  正在连接 QQ-备用 邮箱服务器 (shouqianbadavid@qq.com) ...
[2026-05-20 03:31:08]  正在连接 QQ-主 邮箱服务器 (497720537@qq.com) ...
[2026-05-20 03:31:09]  正在连接 QQ-备用 邮箱服务器 (shouqianbadavid@qq.com) ...
[2026-05-20 03:31:44]  正在连接 QQ-主 邮箱服务器 (497720537@qq.com) ...
[2026-05-20 03:31:45]  正在连接 QQ-备用 邮箱服务器 (shouqianbadavid@qq.com) ...
[2026-05-20 03:32:20]  正在连接 QQ-主 邮箱服务器 (497720537@qq.com) ...
[2026-05-20 03:32:21]  正在连接 QQ-备用 邮箱服务器 (shouqianbadavid@qq.com) ...
[2026-05-20 03:32:57]  正在连接 QQ-主 邮箱服务器 (497720537@qq.com) ...
[2026-05-20 03:32:57]  正在连接 QQ-备用 邮箱服务器 (shouqianbadavid@qq.com) ...
[2026-05-20 03:33:33]  正在连接 QQ-主 邮箱服务器 (497720537@qq.com) ...
[2026-05-20 03:33:33]  正在连接 QQ-备用 邮箱服务器 (shouqianbadavid@qq.com) ...
[2026-05-20 03:34:09]  正在连接 QQ-主 邮箱服务器 (497720537@qq.com) ...
[2026-05-20 03:34:10]  正在连接 QQ-备用 邮箱服务器 (shouqianbadavid@qq.com) ...
[2026-05-20 03:34:45]  正在连接 QQ-主 邮箱服务器 (497720537@qq.com) ...
[2026-05-20 03:34:46]  正在连接 QQ-备用 邮箱服务器 (shouqianbadavid@qq.com) ...
[2026-05-20 03:35:22]  正在连接 QQ-主 邮箱服务器 (497720537@qq.com) ...
[2026-05-20 03:35:22]  正在连接 QQ-备用 邮箱服务器 (shouqianbadavid@qq.com) ...
[2026-05-20 03:35:58]  正在连接 QQ-主 邮箱服务器 (497720537@qq.com) ...
[2026-05-20 03:35:59]  正在连接 QQ-备用 邮箱服务器 (shouqianbadavid@qq.com) ...
[2026-05-20 03:36:34]  正在连接 QQ-主 邮箱服务器 (497720537@qq.com) ...
[2026-05-20 03:36:35]  正在连接 QQ-备用 邮箱服务器 (shouqianbadavid@qq.com) ...
[2026-05-20 03:37:11]  正在连接 QQ-主 邮箱服务器 (497720537@qq.com) ...
[2026-05-20 03:37:11]  正在连接 QQ-备用 邮箱服务器 (shouqianbadavid@qq.com) ...
[2026-05-20 03:37:47]  正在连接 QQ-主 邮箱服务器 (497720537@qq.com) ...
[2026-05-20 03:37:47]  正在连接 QQ-备用 邮箱服务器 (shouqianbadavid@qq.com) ...
[2026-05-20 03:38:23]  正在连接 QQ-主 邮箱服务器 (497720537@qq.com) ...
[2026-05-20 03:38:24]  正在连接 QQ-备用 邮箱服务器 (shouqianbadavid@qq.com) ...
[2026-05-20 03:38:59]  正在连接 QQ-主 邮箱服务器 (497720537@qq.com) ...
[2026-05-20 03:39:00]  正在连接 QQ-备用 邮箱服务器 (shouqianbadavid@qq.com) ...
[2026-05-20 03:39:36]  正在连接 QQ-主 邮箱服务器 (497720537@qq.com) ...
[2026-05-20 03:39:36]  正在连接 QQ-备用 邮箱服务器 (shouqianbadavid@qq.com) ...
[2026-05-20 03:40:12]  正在连接 QQ-主 邮箱服务器 (497720537@qq.com) ...
[2026-05-20 03:40:13]  正在连接 QQ-备用 邮箱服务器 (shouqianbadavid@qq.com) ...
[2026-05-20 03:40:48]  正在连接 QQ-主 邮箱服务器 (497720537@qq.com) ...
[2026-05-20 03:40:49]  正在连接 QQ-备用 邮箱服务器 (shouqianbadavid@qq.com) ...
[2026-05-20 03:41:25]  正在连接 QQ-主 邮箱服务器 (497720537@qq.com) ...
[2026-05-20 03:41:25]  正在连接 QQ-备用 邮箱服务器 (shouqianbadavid@qq.com) ...
[2026-05-20 03:42:01]  正在连接 QQ-主 邮箱服务器 (497720537@qq.com) ...
[2026-05-20 03:42:02]  正在连接 QQ-备用 邮箱服务器 (shouqianbadavid@qq.com) ...
[2026-05-20 03:42:38]  正在连接 QQ-主 邮箱服务器 (497720537@qq.com) ...
[2026-05-20 03:42:39]  正在连接 QQ-备用 邮箱服务器 (shouqianbadavid@qq.com) ...
[2026-05-20 03:43:15]  正在连接 QQ-主 邮箱服务器 (497720537@qq.com) ...
[2026-05-20 03:43:15]  正在连接 QQ-备用 邮箱服务器 (shouqianbadavid@qq.com) ...
[2026-05-20 03:43:51]  正在连接 QQ-主 邮箱服务器 (497720537@qq.com) ...
[2026-05-20 03:43:52]  正在连接 QQ-备用 邮箱服务器 (shouqianbadavid@qq.com) ...
[2026-05-20 03:44:27]  正在连接 QQ-主 邮箱服务器 (497720537@qq.com) ...
[2026-05-20 03:44:28]  正在连接 QQ-备用 邮箱服务器 (shouqianbadavid@qq.com) ...
[2026-05-20 03:45:03]  正在连接 QQ-主 邮箱服务器 (497720537@qq.com) ...
[2026-05-20 03:45:04]  正在连接 QQ-备用 邮箱服务器 (shouqianbadavid@qq.com) ...
[2026-05-20 03:45:40]  正在连接 QQ-主 邮箱服务器 (497720537@qq.com) ...
[2026-05-20 03:45:41]  正在连接 QQ-备用 邮箱服务器 (shouqianbadavid@qq.com) ...
[2026-05-20 03:46:16]  正在连接 QQ-主 邮箱服务器 (497720537@qq.com) ...
[2026-05-20 03:46:17]  正在连接 QQ-备用 邮箱服务器 (shouqianbadavid@qq.com) ...
[2026-05-20 03:46:52]  正在连接 QQ-主 邮箱服务器 (497720537@qq.com) ...
[2026-05-20 03:46:53]  正在连接 QQ-备用 邮箱服务器 (shouqianbadavid@qq.com) ...
[2026-05-20 03:47:29]  正在连接 QQ-主 邮箱服务器 (497720537@qq.com) ...
[2026-05-20 03:47:29]  正在连接 QQ-备用 邮箱服务器 (shouqianbadavid@qq.com) ...
[2026-05-20 03:48:05]  正在连接 QQ-主 邮箱服务器 (497720537@qq.com) ...
[2026-05-20 03:48:05]  正在连接 QQ-备用 邮箱服务器 (shouqianbadavid@qq.com) ...
[2026-05-20 03:48:41]  正在连接 QQ-主 邮箱服务器 (497720537@qq.com) ...
[2026-05-20 03:48:42]  正在连接 QQ-备用 邮箱服务器 (shouqianbadavid@qq.com) ...
[2026-05-20 03:49:17]  正在连接 QQ-主 邮箱服务器 (497720537@qq.com) ...
[2026-05-20 03:49:18]  正在连接 QQ-备用 邮箱服务器 (shouqianbadavid@qq.com) ...
[2026-05-20 03:49:53]  正在连接 QQ-主 邮箱服务器 (497720537@qq.com) ...
[2026-05-20 03:49:54]  正在连接 QQ-备用 邮箱服务器 (shouqianbadavid@qq.com) ...
[2026-05-20 03:50:30]  正在连接 QQ-主 邮箱服务器 (497720537@qq.com) ...
[2026-05-20 03:50:30]  正在连接 QQ-备用 邮箱服务器 (shouqianbadavid@qq.com) ...
[2026-05-20 03:51:06]  正在连接 QQ-主 邮箱服务器 (497720537@qq.com) ...
[2026-05-20 03:51:07]  正在连接 QQ-备用 邮箱服务器 (shouqianbadavid@qq.com) ...
[2026-05-20 03:51:42]  正在连接 QQ-主 邮箱服务器 (497720537@qq.com) ...
[2026-05-20 03:51:43]  正在连接 QQ-备用 邮箱服务器 (shouqianbadavid@qq.com) ...
[2026-05-20 03:52:19]  正在连接 QQ-主 邮箱服务器 (497720537@qq.com) ...
[2026-05-20 03:52:19]  正在连接 QQ-备用 邮箱服务器 (shouqianbadavid@qq.com) ...
[2026-05-20 03:52:55]  正在连接 QQ-主 邮箱服务器 (497720537@qq.com) ...
[2026-05-20 03:52:56]  正在连接 QQ-备用 邮箱服务器 (shouqianbadavid@qq.com) ...
[2026-05-20 03:53:32]  正在连接 QQ-主 邮箱服务器 (497720537@qq.com) ...
[2026-05-20 03:53:32]  正在连接 QQ-备用 邮箱服务器 (shouqianbadavid@qq.com) ...
[2026-05-20 03:54:08]  正在连接 QQ-主 邮箱服务器 (497720537@qq.com) ...
[2026-05-20 03:54:09]  正在连接 QQ-备用 邮箱服务器 (shouqianbadavid@qq.com) ...
[2026-05-20 03:54:44]  正在连接 QQ-主 邮箱服务器 (497720537@qq.com) ...
[2026-05-20 03:54:45]  正在连接 QQ-备用 邮箱服务器 (shouqianbadavid@qq.com) ...
[2026-05-20 03:55:21]  正在连接 QQ-主 邮箱服务器 (497720537@qq.com) ...
[2026-05-20 03:55:22]  正在连接 QQ-备用 邮箱服务器 (shouqianbadavid@qq.com) ...
[2026-05-20 03:55:57]  正在连接 QQ-主 邮箱服务器 (497720537@qq.com) ...
[2026-05-20 03:55:58]  正在连接 QQ-备用 邮箱服务器 (shouqianbadavid@qq.com) ...
[2026-05-20 03:56:34]  正在连接 QQ-主 邮箱服务器 (497720537@qq.com) ...
[2026-05-20 03:56:35]  正在连接 QQ-备用 邮箱服务器 (shouqianbadavid@qq.com) ...
[2026-05-20 03:57:10]  正在连接 QQ-主 邮箱服务器 (497720537@qq.com) ...
[2026-05-20 03:57:11]  正在连接 QQ-备用 邮箱服务器 (shouqianbadavid@qq.com) ...
[2026-05-20 03:57:46]  正在连接 QQ-主 邮箱服务器 (497720537@qq.com) ...
[2026-05-20 03:57:47]  正在连接 QQ-备用 邮箱服务器 (shouqianbadavid@qq.com) ...
[2026-05-20 03:58:23]  正在连接 QQ-主 邮箱服务器 (497720537@qq.com) ...
[2026-05-20 03:58:24]  正在连接 QQ-备用 邮箱服务器 (shouqianbadavid@qq.com) ...
[2026-05-20 03:59:00]  正在连接 QQ-主 邮箱服务器 (497720537@qq.com) ...
[2026-05-20 03:59:01]  正在连接 QQ-备用 邮箱服务器 (shouqianbadavid@qq.com) ...
[2026-05-20 03:59:36]  正在连接 QQ-主 邮箱服务器 (497720537@qq.com) ...
[2026-05-20 03:59:37]  正在连接 QQ-备用 邮箱服务器 (shouqianbadavid@qq.com) ...
[2026-05-20 04:00:12]  正在连接 QQ-主 邮箱服务器 (497720537@qq.com) ...
[2026-05-20 04:00:13]  正在连接 QQ-备用 邮箱服务器 (shouqianbadavid@qq.com) ...
[2026-05-20 04:00:49]  正在连接 QQ-主 邮箱服务器 (497720537@qq.com) ...
[2026-05-20 04:00:49]  正在连接 QQ-备用 邮箱服务器 (shouqianbadavid@qq.com) ...
[2026-05-20 04:01:25]  正在连接 QQ-主 邮箱服务器 (497720537@qq.com) ...
[2026-05-20 04:01:26]  正在连接 QQ-备用 邮箱服务器 (shouqianbadavid@qq.com) ...
[2026-05-20 04:02:02]  正在连接 QQ-主 邮箱服务器 (497720537@qq.com) ...
[2026-05-20 04:02:02]  正在连接 QQ-备用 邮箱服务器 (shouqianbadavid@qq.com) ...
[2026-05-20 04:02:38]  正在连接 QQ-主 邮箱服务器 (497720537@qq.com) ...
[2026-05-20 04:02:39]  正在连接 QQ-备用 邮箱服务器 (shouqianbadavid@qq.com) ...
[2026-05-20 04:03:15]  正在连接 QQ-主 邮箱服务器 (497720537@qq.com) ...
[2026-05-20 04:03:15]  正在连接 QQ-备用 邮箱服务器 (shouqianbadavid@qq.com) ...
[2026-05-20 04:03:51]  正在连接 QQ-主 邮箱服务器 (497720537@qq.com) ...
[2026-05-20 04:03:52]  正在连接 QQ-备用 邮箱服务器 (shouqianbadavid@qq.com) ...
[2026-05-20 04:04:28]  正在连接 QQ-主 邮箱服务器 (497720537@qq.com) ...
[2026-05-20 04:04:29]  正在连接 QQ-备用 邮箱服务器 (shouqianbadavid@qq.com) ...
[2026-05-20 04:05:04]  正在连接 QQ-主 邮箱服务器 (497720537@qq.com) ...
[2026-05-20 04:05:05]  正在连接 QQ-备用 邮箱服务器 (shouqianbadavid@qq.com) ...
[2026-05-20 04:05:41]  正在连接 QQ-主 邮箱服务器 (497720537@qq.com) ...
[2026-05-20 04:05:42]  正在连接 QQ-备用 邮箱服务器 (shouqianbadavid@qq.com) ...
[2026-05-20 04:06:17]  正在连接 QQ-主 邮箱服务器 (497720537@qq.com) ...
[2026-05-20 04:06:18]  正在连接 QQ-备用 邮箱服务器 (shouqianbadavid@qq.com) ...
[2026-05-20 04:06:53]  正在连接 QQ-主 邮箱服务器 (497720537@qq.com) ...
[2026-05-20 04:06:54]  正在连接 QQ-备用 邮箱服务器 (shouqianbadavid@qq.com) ...
[2026-05-20 04:07:30]  正在连接 QQ-主 邮箱服务器 (497720537@qq.com) ...
[2026-05-20 04:07:30]  正在连接 QQ-备用 邮箱服务器 (shouqianbadavid@qq.com) ...
[2026-05-20 04:08:06]  正在连接 QQ-主 邮箱服务器 (497720537@qq.com) ...
[2026-05-20 04:08:07]  正在连接 QQ-备用 邮箱服务器 (shouqianbadavid@qq.com) ...
[2026-05-20 04:08:42]  正在连接 QQ-主 邮箱服务器 (497720537@qq.com) ...
[2026-05-20 04:08:43]  正在连接 QQ-备用 邮箱服务器 (shouqianbadavid@qq.com) ...
[2026-05-20 04:09:18]  正在连接 QQ-主 邮箱服务器 (497720537@qq.com) ...
[2026-05-20 04:09:19]  正在连接 QQ-备用 邮箱服务器 (shouqianbadavid@qq.com) ...
[2026-05-20 04:09:55]  正在连接 QQ-主 邮箱服务器 (497720537@qq.com) ...
[2026-05-20 04:09:55]  正在连接 QQ-备用 邮箱服务器 (shouqianbadavid@qq.com) ...
[2026-05-20 04:10:31]  正在连接 QQ-主 邮箱服务器 (497720537@qq.com) ...
[2026-05-20 04:10:32]  正在连接 QQ-备用 邮箱服务器 (shouqianbadavid@qq.com) ...
[2026-05-20 04:11:07]  正在连接 QQ-主 邮箱服务器 (497720537@qq.com) ...
[2026-05-20 04:11:08]  QQ-主 正在解析因子: =?UTF-8?B?5p6X5reR5aqb6L+R5pyf5YiG5Lqr5LqG5biW5a2Q?=
[2026-05-20 04:11:08]  发现表格，共 27 行数据
[2026-05-20 04:11:08]  表头映射失败，未找到指定列名。当前表头: ['查看最新动态。林淑媛发布了 1 条更新5月6日 07:11查看帖子此邮件发给497720537@qq.com。 如果不希望再收到 Meta 的这类邮件，请退订。Meta Platforms, Inc., Attention: Community Support, 1 Meta Way, Menlo Park, CA 94025为保护你的主页安全，请勿转发这封邮件。详细了解', '查看最新动态。林淑媛发布了 1 条更新5月6日 07:11查看帖子此邮件发给497720537@qq.com。 如果不希望再收到 Meta 的这类邮件，请退订。Meta Platforms, Inc., Attention: Community Support, 1 Meta Way, Menlo Park, CA 94025为保护你的主页安全，请勿转发这封邮件。详细了解', '查看最新动态。林淑媛发布了 1 条更新5月6日 07:11查看帖子此邮件发给497720537@qq.com。 如果不希望再收到 Meta 的这类邮件，请退订。Meta Platforms, Inc., Attention: Community Support, 1 Meta Way, Menlo Park, CA 94025为保护你的主页安全，请勿转发这封邮件。详细了解', '', '查看最新动态。', '', '', '', '', '', '', '', '', '', '', '', '', '', '', '林淑媛发布了 1 条更新5月6日 07:11查看帖子', '', '林淑媛发布了 1 条更新5月6日 07:11查看帖子', '林淑媛发布了 1 条更新5月6日 07:11查看帖子', '', '', '林淑媛发布了 1 条更新5月6日 07:11查看帖子', '林淑媛发布了 1 条更新5月6日 07:11', '林淑媛发布了 1 条更新', '', '5月6日 07:11', '', '查看帖子', '查看帖子', '', '', '', '此邮件发给497720537@qq.com。 如果不希望再收到 Meta 的这类邮件，请退订。Meta Platforms, Inc., Attention: Community Support, 1 Meta Way, Menlo Park, CA 94025', '', '此邮件发给497720537@qq.com。 如果不希望再收到 Meta 的这类邮件，请退订。Meta Platforms, Inc., Attention: Community Support, 1 Meta Way, Menlo Park, CA 94025', '', '', '为保护你的主页安全，请勿转发这封邮件。详细了解', '为保护你的主页安全，请勿转发这封邮件。详细了解', '', '']
[2026-05-20 04:11:08] QQ-主 邮件 3654 无有效信号
[2026-05-20 04:11:08]  正在连接 QQ-备用 邮箱服务器 (shouqianbadavid@qq.com) ...
[2026-05-20 04:11:44]  正在连接 QQ-主 邮箱服务器 (497720537@qq.com) ...
[2026-05-20 04:11:45]  正在连接 QQ-备用 邮箱服务器 (shouqianbadavid@qq.com) ...
[2026-05-20 04:12:20]  正在连接 QQ-主 邮箱服务器 (497720537@qq.com) ...
[2026-05-20 04:12:21]  正在连接 QQ-备用 邮箱服务器 (shouqianbadavid@qq.com) ...
[2026-05-20 04:12:57]  正在连接 QQ-主 邮箱服务器 (497720537@qq.com) ...
[2026-05-20 04:12:58]  正在连接 QQ-备用 邮箱服务器 (shouqianbadavid@qq.com) ...
[2026-05-20 04:13:33]  正在连接 QQ-主 邮箱服务器 (497720537@qq.com) ...
[2026-05-20 04:13:34]  正在连接 QQ-备用 邮箱服务器 (shouqianbadavid@qq.com) ...
[2026-05-20 04:14:09]  正在连接 QQ-主 邮箱服务器 (497720537@qq.com) ...
[2026-05-20 04:14:10]  正在连接 QQ-备用 邮箱服务器 (shouqianbadavid@qq.com) ...
[2026-05-20 04:14:46]  正在连接 QQ-主 邮箱服务器 (497720537@qq.com) ...
[2026-05-20 04:14:46]  正在连接 QQ-备用 邮箱服务器 (shouqianbadavid@qq.com) ...
[2026-05-20 04:15:22]  正在连接 QQ-主 邮箱服务器 (497720537@qq.com) ...
[2026-05-20 04:15:22]  正在连接 QQ-备用 邮箱服务器 (shouqianbadavid@qq.com) ...
[2026-05-20 04:15:58]  正在连接 QQ-主 邮箱服务器 (497720537@qq.com) ...
[2026-05-20 04:15:59]  正在连接 QQ-备用 邮箱服务器 (shouqianbadavid@qq.com) ...
[2026-05-20 04:16:34]  正在连接 QQ-主 邮箱服务器 (497720537@qq.com) ...
[2026-05-20 04:16:35]  正在连接 QQ-备用 邮箱服务器 (shouqianbadavid@qq.com) ...
[2026-05-20 04:17:11]  正在连接 QQ-主 邮箱服务器 (497720537@qq.com) ...
[2026-05-20 04:17:11]  正在连接 QQ-备用 邮箱服务器 (shouqianbadavid@qq.com) ...
[2026-05-20 04:17:47]  正在连接 QQ-主 邮箱服务器 (497720537@qq.com) ...
[2026-05-20 04:17:48]  正在连接 QQ-备用 邮箱服务器 (shouqianbadavid@qq.com) ...
[2026-05-20 04:18:23]  正在连接 QQ-主 邮箱服务器 (497720537@qq.com) ...
[2026-05-20 04:18:24]  正在连接 QQ-备用 邮箱服务器 (shouqianbadavid@qq.com) ...
[2026-05-20 04:19:00]  正在连接 QQ-主 邮箱服务器 (497720537@qq.com) ...
[2026-05-20 04:19:00]  正在连接 QQ-备用 邮箱服务器 (shouqianbadavid@qq.com) ...
[2026-05-20 04:19:36]  正在连接 QQ-主 邮箱服务器 (497720537@qq.com) ...
[2026-05-20 04:19:37]  正在连接 QQ-备用 邮箱服务器 (shouqianbadavid@qq.com) ...
[2026-05-20 04:20:12]  正在连接 QQ-主 邮箱服务器 (497720537@qq.com) ...
[2026-05-20 04:20:13]  正在连接 QQ-备用 邮箱服务器 (shouqianbadavid@qq.com) ...
[2026-05-20 04:20:49]  正在连接 QQ-主 邮箱服务器 (497720537@qq.com) ...
[2026-05-20 04:20:50]  正在连接 QQ-备用 邮箱服务器 (shouqianbadavid@qq.com) ...
[2026-05-20 04:21:26]  正在连接 QQ-主 邮箱服务器 (497720537@qq.com) ...
[2026-05-20 04:21:26]  正在连接 QQ-备用 邮箱服务器 (shouqianbadavid@qq.com) ...
[2026-05-20 04:22:02]  正在连接 QQ-主 邮箱服务器 (497720537@qq.com) ...
[2026-05-20 04:22:03]  正在连接 QQ-备用 邮箱服务器 (shouqianbadavid@qq.com) ...
[2026-05-20 04:22:39]  正在连接 QQ-主 邮箱服务器 (497720537@qq.com) ...
[2026-05-20 04:22:39]  正在连接 QQ-备用 邮箱服务器 (shouqianbadavid@qq.com) ...
[2026-05-20 04:23:15]  正在连接 QQ-主 邮箱服务器 (497720537@qq.com) ...
[2026-05-20 04:23:16]  正在连接 QQ-备用 邮箱服务器 (shouqianbadavid@qq.com) ...
[2026-05-20 04:23:52]  正在连接 QQ-主 邮箱服务器 (497720537@qq.com) ...
[2026-05-20 04:23:52]  正在连接 QQ-备用 邮箱服务器 (shouqianbadavid@qq.com) ...
[2026-05-20 04:24:28]  正在连接 QQ-主 邮箱服务器 (497720537@qq.com) ...
[2026-05-20 04:24:29]  正在连接 QQ-备用 邮箱服务器 (shouqianbadavid@qq.com) ...
[2026-05-20 04:25:05]  正在连接 QQ-主 邮箱服务器 (497720537@qq.com) ...
[2026-05-20 04:25:05]  正在连接 QQ-备用 邮箱服务器 (shouqianbadavid@qq.com) ...
[2026-05-20 04:25:41]  正在连接 QQ-主 邮箱服务器 (497720537@qq.com) ...
[2026-05-20 04:25:42]  正在连接 QQ-备用 邮箱服务器 (shouqianbadavid@qq.com) ...
[2026-05-20 04:26:18]  正在连接 QQ-主 邮箱服务器 (497720537@qq.com) ...
[2026-05-20 04:26:18]  正在连接 QQ-备用 邮箱服务器 (shouqianbadavid@qq.com) ...
[2026-05-20 04:26:54]  正在连接 QQ-主 邮箱服务器 (497720537@qq.com) ...
[2026-05-20 04:26:54]  正在连接 QQ-备用 邮箱服务器 (shouqianbadavid@qq.com) ...
[2026-05-20 04:27:30]  正在连接 QQ-主 邮箱服务器 (497720537@qq.com) ...
[2026-05-20 04:27:31]  正在连接 QQ-备用 邮箱服务器 (shouqianbadavid@qq.com) ...
[2026-05-20 04:28:07]  正在连接 QQ-主 邮箱服务器 (497720537@qq.com) ...
[2026-05-20 04:28:07]  正在连接 QQ-备用 邮箱服务器 (shouqianbadavid@qq.com) ...
[2026-05-20 04:28:43]  正在连接 QQ-主 邮箱服务器 (497720537@qq.com) ...
[2026-05-20 04:28:44]  正在连接 QQ-备用 邮箱服务器 (shouqianbadavid@qq.com) ...
[2026-05-20 04:29:20]  正在连接 QQ-主 邮箱服务器 (497720537@qq.com) ...
[2026-05-20 04:29:20]  正在连接 QQ-备用 邮箱服务器 (shouqianbadavid@qq.com) ...
[2026-05-20 04:29:56]  正在连接 QQ-主 邮箱服务器 (497720537@qq.com) ...
[2026-05-20 04:29:57]  正在连接 QQ-备用 邮箱服务器 (shouqianbadavid@qq.com) ...
[2026-05-20 04:30:33]  正在连接 QQ-主 邮箱服务器 (497720537@qq.com) ...
[2026-05-20 04:30:33]  正在连接 QQ-备用 邮箱服务器 (shouqianbadavid@qq.com) ...
[2026-05-20 04:31:09]  正在连接 QQ-主 邮箱服务器 (497720537@qq.com) ...
[2026-05-20 04:31:09]  正在连接 QQ-备用 邮箱服务器 (shouqianbadavid@qq.com) ...
[2026-05-20 04:31:45]  正在连接 QQ-主 邮箱服务器 (497720537@qq.com) ...
[2026-05-20 04:31:46]  正在连接 QQ-备用 邮箱服务器 (shouqianbadavid@qq.com) ...
[2026-05-20 04:32:21]  正在连接 QQ-主 邮箱服务器 (497720537@qq.com) ...
[2026-05-20 04:32:22]  正在连接 QQ-备用 邮箱服务器 (shouqianbadavid@qq.com) ...
[2026-05-20 04:32:57]  正在连接 QQ-主 邮箱服务器 (497720537@qq.com) ...
[2026-05-20 04:32:58]  正在连接 QQ-备用 邮箱服务器 (shouqianbadavid@qq.com) ...
[2026-05-20 04:33:34]  正在连接 QQ-主 邮箱服务器 (497720537@qq.com) ...
[2026-05-20 04:33:34]  正在连接 QQ-备用 邮箱服务器 (shouqianbadavid@qq.com) ...
[2026-05-20 04:34:10]  正在连接 QQ-主 邮箱服务器 (497720537@qq.com) ...
[2026-05-20 04:34:11]  正在连接 QQ-备用 邮箱服务器 (shouqianbadavid@qq.com) ...
[2026-05-20 04:34:47]  正在连接 QQ-主 邮箱服务器 (497720537@qq.com) ...
[2026-05-20 04:34:48]  正在连接 QQ-备用 邮箱服务器 (shouqianbadavid@qq.com) ...
[2026-05-20 04:35:24]  正在连接 QQ-主 邮箱服务器 (497720537@qq.com) ...
[2026-05-20 04:35:24]  正在连接 QQ-备用 邮箱服务器 (shouqianbadavid@qq.com) ...
[2026-05-20 04:36:00]  正在连接 QQ-主 邮箱服务器 (497720537@qq.com) ...
[2026-05-20 04:36:01]  正在连接 QQ-备用 邮箱服务器 (shouqianbadavid@qq.com) ...
[2026-05-20 04:36:36]  正在连接 QQ-主 邮箱服务器 (497720537@qq.com) ...
[2026-05-20 04:36:37]  正在连接 QQ-备用 邮箱服务器 (shouqianbadavid@qq.com) ...
[2026-05-20 04:37:13]  正在连接 QQ-主 邮箱服务器 (497720537@qq.com) ...
[2026-05-20 04:37:13]  正在连接 QQ-备用 邮箱服务器 (shouqianbadavid@qq.com) ...
[2026-05-20 04:37:49]  正在连接 QQ-主 邮箱服务器 (497720537@qq.com) ...
[2026-05-20 04:37:50]  正在连接 QQ-备用 邮箱服务器 (shouqianbadavid@qq.com) ...
[2026-05-20 04:38:25]  正在连接 QQ-主 邮箱服务器 (497720537@qq.com) ...
[2026-05-20 04:38:26]  正在连接 QQ-备用 邮箱服务器 (shouqianbadavid@qq.com) ...
[2026-05-20 04:39:01]  正在连接 QQ-主 邮箱服务器 (497720537@qq.com) ...
[2026-05-20 04:39:02]  正在连接 QQ-备用 邮箱服务器 (shouqianbadavid@qq.com) ...
[2026-05-20 04:39:38]  正在连接 QQ-主 邮箱服务器 (497720537@qq.com) ...
[2026-05-20 04:39:38]  正在连接 QQ-备用 邮箱服务器 (shouqianbadavid@qq.com) ...
[2026-05-20 04:40:14]  正在连接 QQ-主 邮箱服务器 (497720537@qq.com) ...
[2026-05-20 04:40:15]  正在连接 QQ-备用 邮箱服务器 (shouqianbadavid@qq.com) ...
[2026-05-20 04:40:51]  正在连接 QQ-主 邮箱服务器 (497720537@qq.com) ...
[2026-05-20 04:40:51]  正在连接 QQ-备用 邮箱服务器 (shouqianbadavid@qq.com) ...
[2026-05-20 04:41:27]  正在连接 QQ-主 邮箱服务器 (497720537@qq.com) ...
[2026-05-20 04:41:28]  正在连接 QQ-备用 邮箱服务器 (shouqianbadavid@qq.com) ...
[2026-05-20 04:42:04]  正在连接 QQ-主 邮箱服务器 (497720537@qq.com) ...
[2026-05-20 04:42:05]  正在连接 QQ-备用 邮箱服务器 (shouqianbadavid@qq.com) ...
[2026-05-20 04:42:40]  正在连接 QQ-主 邮箱服务器 (497720537@qq.com) ...
[2026-05-20 04:42:41]  正在连接 QQ-备用 邮箱服务器 (shouqianbadavid@qq.com) ...
[2026-05-20 04:43:17]  正在连接 QQ-主 邮箱服务器 (497720537@qq.com) ...
[2026-05-20 04:43:17]  正在连接 QQ-备用 邮箱服务器 (shouqianbadavid@qq.com) ...
[2026-05-20 04:43:53]  正在连接 QQ-主 邮箱服务器 (497720537@qq.com) ...
[2026-05-20 04:43:54]  正在连接 QQ-备用 邮箱服务器 (shouqianbadavid@qq.com) ...
[2026-05-20 04:44:30]  正在连接 QQ-主 邮箱服务器 (497720537@qq.com) ...
[2026-05-20 04:44:30]  正在连接 QQ-备用 邮箱服务器 (shouqianbadavid@qq.com) ...
[2026-05-20 04:45:06]  正在连接 QQ-主 邮箱服务器 (497720537@qq.com) ...
[2026-05-20 04:45:07]  正在连接 QQ-备用 邮箱服务器 (shouqianbadavid@qq.com) ...
[2026-05-20 04:45:42]  正在连接 QQ-主 邮箱服务器 (497720537@qq.com) ...
[2026-05-20 04:45:43]  正在连接 QQ-备用 邮箱服务器 (shouqianbadavid@qq.com) ...
[2026-05-20 04:46:19]  正在连接 QQ-主 邮箱服务器 (497720537@qq.com) ...
[2026-05-20 04:46:19]  正在连接 QQ-备用 邮箱服务器 (shouqianbadavid@qq.com) ...
[2026-05-20 04:46:55]  正在连接 QQ-主 邮箱服务器 (497720537@qq.com) ...
[2026-05-20 04:46:55]  正在连接 QQ-备用 邮箱服务器 (shouqianbadavid@qq.com) ...
[2026-05-20 04:47:31]  正在连接 QQ-主 邮箱服务器 (497720537@qq.com) ...
[2026-05-20 04:47:32]  正在连接 QQ-备用 邮箱服务器 (shouqianbadavid@qq.com) ...
[2026-05-20 04:48:08]  正在连接 QQ-主 邮箱服务器 (497720537@qq.com) ...
[2026-05-20 04:48:08]  正在连接 QQ-备用 邮箱服务器 (shouqianbadavid@qq.com) ...
[2026-05-20 04:48:44]  正在连接 QQ-主 邮箱服务器 (497720537@qq.com) ...
[2026-05-20 04:48:45]  正在连接 QQ-备用 邮箱服务器 (shouqianbadavid@qq.com) ...
[2026-05-20 04:49:20]  正在连接 QQ-主 邮箱服务器 (497720537@qq.com) ...
[2026-05-20 04:49:21]  正在连接 QQ-备用 邮箱服务器 (shouqianbadavid@qq.com) ...
[2026-05-20 04:49:57]  正在连接 QQ-主 邮箱服务器 (497720537@qq.com) ...
[2026-05-20 04:49:58]  正在连接 QQ-备用 邮箱服务器 (shouqianbadavid@qq.com) ...
[2026-05-20 04:50:33]  正在连接 QQ-主 邮箱服务器 (497720537@qq.com) ...
[2026-05-20 04:50:34]  正在连接 QQ-备用 邮箱服务器 (shouqianbadavid@qq.com) ...
[2026-05-20 04:51:10]  正在连接 QQ-主 邮箱服务器 (497720537@qq.com) ...
[2026-05-20 04:51:10]  正在连接 QQ-备用 邮箱服务器 (shouqianbadavid@qq.com) ...
[2026-05-20 04:51:46]  正在连接 QQ-主 邮箱服务器 (497720537@qq.com) ...
[2026-05-20 04:51:47]  正在连接 QQ-备用 邮箱服务器 (shouqianbadavid@qq.com) ...
[2026-05-20 04:52:22]  正在连接 QQ-主 邮箱服务器 (497720537@qq.com) ...
[2026-05-20 04:52:23]  正在连接 QQ-备用 邮箱服务器 (shouqianbadavid@qq.com) ...
[2026-05-20 04:52:59]  正在连接 QQ-主 邮箱服务器 (497720537@qq.com) ...
[2026-05-20 04:52:59]  正在连接 QQ-备用 邮箱服务器 (shouqianbadavid@qq.com) ...
[2026-05-20 04:53:35]  正在连接 QQ-主 邮箱服务器 (497720537@qq.com) ...
[2026-05-20 04:53:36]  正在连接 QQ-备用 邮箱服务器 (shouqianbadavid@qq.com) ...
[2026-05-20 04:54:12]  正在连接 QQ-主 邮箱服务器 (497720537@qq.com) ...
[2026-05-20 04:54:12]  正在连接 QQ-备用 邮箱服务器 (shouqianbadavid@qq.com) ...
[2026-05-20 04:54:48]  正在连接 QQ-主 邮箱服务器 (497720537@qq.com) ...
[2026-05-20 04:54:49]  正在连接 QQ-备用 邮箱服务器 (shouqianbadavid@qq.com) ...
[2026-05-20 04:55:25]  正在连接 QQ-主 邮箱服务器 (497720537@qq.com) ...
[2026-05-20 04:55:25]  正在连接 QQ-备用 邮箱服务器 (shouqianbadavid@qq.com) ...
[2026-05-20 04:56:01]  正在连接 QQ-主 邮箱服务器 (497720537@qq.com) ...
[2026-05-20 04:56:02]  正在连接 QQ-备用 邮箱服务器 (shouqianbadavid@qq.com) ...
[2026-05-20 04:56:37]  正在连接 QQ-主 邮箱服务器 (497720537@qq.com) ...
[2026-05-20 04:56:38]  正在连接 QQ-备用 邮箱服务器 (shouqianbadavid@qq.com) ...
[2026-05-20 04:57:14]  正在连接 QQ-主 邮箱服务器 (497720537@qq.com) ...
[2026-05-20 04:57:14]  正在连接 QQ-备用 邮箱服务器 (shouqianbadavid@qq.com) ...
[2026-05-20 04:57:50]  正在连接 QQ-主 邮箱服务器 (497720537@qq.com) ...
[2026-05-20 04:57:50]  正在连接 QQ-备用 邮箱服务器 (shouqianbadavid@qq.com) ...
[2026-05-20 04:58:26]  正在连接 QQ-主 邮箱服务器 (497720537@qq.com) ...
[2026-05-20 04:58:27]  正在连接 QQ-备用 邮箱服务器 (shouqianbadavid@qq.com) ...
[2026-05-20 04:59:02]  正在连接 QQ-主 邮箱服务器 (497720537@qq.com) ...
[2026-05-20 04:59:03]  正在连接 QQ-备用 邮箱服务器 (shouqianbadavid@qq.com) ...
[2026-05-20 04:59:39]  正在连接 QQ-主 邮箱服务器 (497720537@qq.com) ...
[2026-05-20 04:59:39]  正在连接 QQ-备用 邮箱服务器 (shouqianbadavid@qq.com) ...
[2026-05-20 05:00:15]  正在连接 QQ-主 邮箱服务器 (497720537@qq.com) ...
[2026-05-20 05:00:16]  正在连接 QQ-备用 邮箱服务器 (shouqianbadavid@qq.com) ...
[2026-05-20 05:00:52]  正在连接 QQ-主 邮箱服务器 (497720537@qq.com) ...
[2026-05-20 05:00:52]  正在连接 QQ-备用 邮箱服务器 (shouqianbadavid@qq.com) ...
[2026-05-20 05:01:28]  正在连接 QQ-主 邮箱服务器 (497720537@qq.com) ...
[2026-05-20 05:01:28]  正在连接 QQ-备用 邮箱服务器 (shouqianbadavid@qq.com) ...
[2026-05-20 05:02:04]  正在连接 QQ-主 邮箱服务器 (497720537@qq.com) ...
[2026-05-20 05:02:05]  正在连接 QQ-备用 邮箱服务器 (shouqianbadavid@qq.com) ...
[2026-05-20 05:02:41]  正在连接 QQ-主 邮箱服务器 (497720537@qq.com) ...
[2026-05-20 05:02:41]  正在连接 QQ-备用 邮箱服务器 (shouqianbadavid@qq.com) ...
[2026-05-20 05:03:17]  正在连接 QQ-主 邮箱服务器 (497720537@qq.com) ...
[2026-05-20 05:03:18]  正在连接 QQ-备用 邮箱服务器 (shouqianbadavid@qq.com) ...
[2026-05-20 05:03:53]  正在连接 QQ-主 邮箱服务器 (497720537@qq.com) ...
[2026-05-20 05:03:54]  正在连接 QQ-备用 邮箱服务器 (shouqianbadavid@qq.com) ...
[2026-05-20 05:04:29]  正在连接 QQ-主 邮箱服务器 (497720537@qq.com) ...
[2026-05-20 05:04:30]  正在连接 QQ-备用 邮箱服务器 (shouqianbadavid@qq.com) ...
[2026-05-20 05:05:06]  正在连接 QQ-主 邮箱服务器 (497720537@qq.com) ...
[2026-05-20 05:05:06]  正在连接 QQ-备用 邮箱服务器 (shouqianbadavid@qq.com) ...
[2026-05-20 05:05:42]  正在连接 QQ-主 邮箱服务器 (497720537@qq.com) ...
[2026-05-20 05:05:43]  正在连接 QQ-备用 邮箱服务器 (shouqianbadavid@qq.com) ...
[2026-05-20 05:06:19]  正在连接 QQ-主 邮箱服务器 (497720537@qq.com) ...
[2026-05-20 05:06:19]  正在连接 QQ-备用 邮箱服务器 (shouqianbadavid@qq.com) ...
[2026-05-20 05:06:55]  正在连接 QQ-主 邮箱服务器 (497720537@qq.com) ...
[2026-05-20 05:06:56]  正在连接 QQ-备用 邮箱服务器 (shouqianbadavid@qq.com) ...
[2026-05-20 05:07:31]  正在连接 QQ-主 邮箱服务器 (497720537@qq.com) ...
[2026-05-20 05:07:32]  正在连接 QQ-备用 邮箱服务器 (shouqianbadavid@qq.com) ...
[2026-05-20 05:08:08]  正在连接 QQ-主 邮箱服务器 (497720537@qq.com) ...
[2026-05-20 05:08:08]  正在连接 QQ-备用 邮箱服务器 (shouqianbadavid@qq.com) ...
[2026-05-20 05:08:44]  正在连接 QQ-主 邮箱服务器 (497720537@qq.com) ...
[2026-05-20 05:08:44]  正在连接 QQ-备用 邮箱服务器 (shouqianbadavid@qq.com) ...
[2026-05-20 05:09:20]  正在连接 QQ-主 邮箱服务器 (497720537@qq.com) ...
[2026-05-20 05:09:20]  正在连接 QQ-备用 邮箱服务器 (shouqianbadavid@qq.com) ...
[2026-05-20 05:09:56]  正在连接 QQ-主 邮箱服务器 (497720537@qq.com) ...
[2026-05-20 05:09:56]  正在连接 QQ-备用 邮箱服务器 (shouqianbadavid@qq.com) ...
[2026-05-20 05:10:32]  正在连接 QQ-主 邮箱服务器 (497720537@qq.com) ...
[2026-05-20 05:10:33]  正在连接 QQ-备用 邮箱服务器 (shouqianbadavid@qq.com) ...
[2026-05-20 05:11:08]  正在连接 QQ-主 邮箱服务器 (497720537@qq.com) ...
[2026-05-20 05:11:09]  正在连接 QQ-备用 邮箱服务器 (shouqianbadavid@qq.com) ...
[2026-05-20 05:11:45]  正在连接 QQ-主 邮箱服务器 (497720537@qq.com) ...
[2026-05-20 05:11:45]  正在连接 QQ-备用 邮箱服务器 (shouqianbadavid@qq.com) ...
[2026-05-20 05:12:21]  正在连接 QQ-主 邮箱服务器 (497720537@qq.com) ...
[2026-05-20 05:12:22]  正在连接 QQ-备用 邮箱服务器 (shouqianbadavid@qq.com) ...
[2026-05-20 05:12:58]  正在连接 QQ-主 邮箱服务器 (497720537@qq.com) ...
[2026-05-20 05:12:58]  正在连接 QQ-备用 邮箱服务器 (shouqianbadavid@qq.com) ...
[2026-05-20 05:13:34]  正在连接 QQ-主 邮箱服务器 (497720537@qq.com) ...
[2026-05-20 05:13:35]  正在连接 QQ-备用 邮箱服务器 (shouqianbadavid@qq.com) ...
[2026-05-20 05:14:11]  正在连接 QQ-主 邮箱服务器 (497720537@qq.com) ...
[2026-05-20 05:14:11]  正在连接 QQ-备用 邮箱服务器 (shouqianbadavid@qq.com) ...
[2026-05-20 05:14:47]  正在连接 QQ-主 邮箱服务器 (497720537@qq.com) ...
[2026-05-20 05:14:48]  正在连接 QQ-备用 邮箱服务器 (shouqianbadavid@qq.com) ...
[2026-05-20 05:15:23]  正在连接 QQ-主 邮箱服务器 (497720537@qq.com) ...
[2026-05-20 05:15:24]  正在连接 QQ-备用 邮箱服务器 (shouqianbadavid@qq.com) ...
[2026-05-20 05:16:00]  正在连接 QQ-主 邮箱服务器 (497720537@qq.com) ...
[2026-05-20 05:16:00]  正在连接 QQ-备用 邮箱服务器 (shouqianbadavid@qq.com) ...
[2026-05-20 05:16:36]  正在连接 QQ-主 邮箱服务器 (497720537@qq.com) ...
[2026-05-20 05:16:37]  正在连接 QQ-备用 邮箱服务器 (shouqianbadavid@qq.com) ...
[2026-05-20 05:17:12]  正在连接 QQ-主 邮箱服务器 (497720537@qq.com) ...
[2026-05-20 05:17:13]  正在连接 QQ-备用 邮箱服务器 (shouqianbadavid@qq.com) ...
[2026-05-20 05:17:48]  正在连接 QQ-主 邮箱服务器 (497720537@qq.com) ...
[2026-05-20 05:17:49]  正在连接 QQ-备用 邮箱服务器 (shouqianbadavid@qq.com) ...
[2026-05-20 05:18:25]  正在连接 QQ-主 邮箱服务器 (497720537@qq.com) ...
[2026-05-20 05:18:26]  正在连接 QQ-备用 邮箱服务器 (shouqianbadavid@qq.com) ...
[2026-05-20 05:19:01]  正在连接 QQ-主 邮箱服务器 (497720537@qq.com) ...
[2026-05-20 05:19:02]  正在连接 QQ-备用 邮箱服务器 (shouqianbadavid@qq.com) ...
[2026-05-20 05:19:38]  正在连接 QQ-主 邮箱服务器 (497720537@qq.com) ...
[2026-05-20 05:19:38]  正在连接 QQ-备用 邮箱服务器 (shouqianbadavid@qq.com) ...
[2026-05-20 05:20:14]  正在连接 QQ-主 邮箱服务器 (497720537@qq.com) ...
[2026-05-20 05:20:15]  正在连接 QQ-备用 邮箱服务器 (shouqianbadavid@qq.com) ...
[2026-05-20 05:20:50]  正在连接 QQ-主 邮箱服务器 (497720537@qq.com) ...
[2026-05-20 05:20:51]  正在连接 QQ-备用 邮箱服务器 (shouqianbadavid@qq.com) ...
[2026-05-20 05:21:27]  正在连接 QQ-主 邮箱服务器 (497720537@qq.com) ...
[2026-05-20 05:21:27]  正在连接 QQ-备用 邮箱服务器 (shouqianbadavid@qq.com) ...
[2026-05-20 05:22:03]  正在连接 QQ-主 邮箱服务器 (497720537@qq.com) ...
[2026-05-20 05:22:04]  正在连接 QQ-备用 邮箱服务器 (shouqianbadavid@qq.com) ...
[2026-05-20 05:22:40]  正在连接 QQ-主 邮箱服务器 (497720537@qq.com) ...
[2026-05-20 05:22:40]  正在连接 QQ-备用 邮箱服务器 (shouqianbadavid@qq.com) ...
[2026-05-20 05:23:16]  正在连接 QQ-主 邮箱服务器 (497720537@qq.com) ...
[2026-05-20 05:23:16]  正在连接 QQ-备用 邮箱服务器 (shouqianbadavid@qq.com) ...
[2026-05-20 05:23:52]  正在连接 QQ-主 邮箱服务器 (497720537@qq.com) ...
[2026-05-20 05:23:53]  正在连接 QQ-备用 邮箱服务器 (shouqianbadavid@qq.com) ...
[2026-05-20 05:24:28]  正在连接 QQ-主 邮箱服务器 (497720537@qq.com) ...
[2026-05-20 05:24:29]  正在连接 QQ-备用 邮箱服务器 (shouqianbadavid@qq.com) ...
[2026-05-20 05:25:05]  正在连接 QQ-主 邮箱服务器 (497720537@qq.com) ...
[2026-05-20 05:25:05]  正在连接 QQ-备用 邮箱服务器 (shouqianbadavid@qq.com) ...
[2026-05-20 05:25:40]  正在连接 QQ-主 邮箱服务器 (497720537@qq.com) ...
[2026-05-20 05:25:41]  正在连接 QQ-备用 邮箱服务器 (shouqianbadavid@qq.com) ...
[2026-05-20 05:26:17]  正在连接 QQ-主 邮箱服务器 (497720537@qq.com) ...
[2026-05-20 05:26:18]  正在连接 QQ-备用 邮箱服务器 (shouqianbadavid@qq.com) ...
[2026-05-20 05:26:54]  正在连接 QQ-主 邮箱服务器 (497720537@qq.com) ...
[2026-05-20 05:26:54]  正在连接 QQ-备用 邮箱服务器 (shouqianbadavid@qq.com) ...
[2026-05-20 05:27:30]  正在连接 QQ-主 邮箱服务器 (497720537@qq.com) ...
[2026-05-20 05:27:31]  正在连接 QQ-备用 邮箱服务器 (shouqianbadavid@qq.com) ...
[2026-05-20 05:28:07]  正在连接 QQ-主 邮箱服务器 (497720537@qq.com) ...
[2026-05-20 05:28:08]  正在连接 QQ-备用 邮箱服务器 (shouqianbadavid@qq.com) ...
[2026-05-20 05:28:44]  正在连接 QQ-主 邮箱服务器 (497720537@qq.com) ...
[2026-05-20 05:28:45]  正在连接 QQ-备用 邮箱服务器 (shouqianbadavid@qq.com) ...
[2026-05-20 05:29:21]  正在连接 QQ-主 邮箱服务器 (497720537@qq.com) ...
[2026-05-20 05:29:21]  正在连接 QQ-备用 邮箱服务器 (shouqianbadavid@qq.com) ...
[2026-05-20 05:29:57]  正在连接 QQ-主 邮箱服务器 (497720537@qq.com) ...
[2026-05-20 05:29:58]  正在连接 QQ-备用 邮箱服务器 (shouqianbadavid@qq.com) ...
[2026-05-20 05:30:34]  正在连接 QQ-主 邮箱服务器 (497720537@qq.com) ...
[2026-05-20 05:30:34]  正在连接 QQ-备用 邮箱服务器 (shouqianbadavid@qq.com) ...
[2026-05-20 05:31:10]  正在连接 QQ-主 邮箱服务器 (497720537@qq.com) ...
[2026-05-20 05:31:11]  正在连接 QQ-备用 邮箱服务器 (shouqianbadavid@qq.com) ...
[2026-05-20 05:31:46]  正在连接 QQ-主 邮箱服务器 (497720537@qq.com) ...
[2026-05-20 05:31:47]  正在连接 QQ-备用 邮箱服务器 (shouqianbadavid@qq.com) ...
[2026-05-20 05:32:22]  正在连接 QQ-主 邮箱服务器 (497720537@qq.com) ...
[2026-05-20 05:32:23]  正在连接 QQ-备用 邮箱服务器 (shouqianbadavid@qq.com) ...
[2026-05-20 05:32:59]  正在连接 QQ-主 邮箱服务器 (497720537@qq.com) ...
[2026-05-20 05:32:59]  正在连接 QQ-备用 邮箱服务器 (shouqianbadavid@qq.com) ...
[2026-05-20 05:33:35]  正在连接 QQ-主 邮箱服务器 (497720537@qq.com) ...
[2026-05-20 05:33:35]  正在连接 QQ-备用 邮箱服务器 (shouqianbadavid@qq.com) ...
[2026-05-20 05:34:11]  正在连接 QQ-主 邮箱服务器 (497720537@qq.com) ...
[2026-05-20 05:34:12]  正在连接 QQ-备用 邮箱服务器 (shouqianbadavid@qq.com) ...
[2026-05-20 05:34:47]  正在连接 QQ-主 邮箱服务器 (497720537@qq.com) ...
[2026-05-20 05:34:48]  正在连接 QQ-备用 邮箱服务器 (shouqianbadavid@qq.com) ...
[2026-05-20 05:35:24]  正在连接 QQ-主 邮箱服务器 (497720537@qq.com) ...
[2026-05-20 05:35:25]  正在连接 QQ-备用 邮箱服务器 (shouqianbadavid@qq.com) ...
[2026-05-20 05:36:01]  正在连接 QQ-主 邮箱服务器 (497720537@qq.com) ...
[2026-05-20 05:36:01]  正在连接 QQ-备用 邮箱服务器 (shouqianbadavid@qq.com) ...
[2026-05-20 05:36:37]  正在连接 QQ-主 邮箱服务器 (497720537@qq.com) ...
[2026-05-20 05:36:38]  正在连接 QQ-备用 邮箱服务器 (shouqianbadavid@qq.com) ...
[2026-05-20 05:37:13]  正在连接 QQ-主 邮箱服务器 (497720537@qq.com) ...
[2026-05-20 05:37:14]  正在连接 QQ-备用 邮箱服务器 (shouqianbadavid@qq.com) ...
[2026-05-20 05:37:50]  正在连接 QQ-主 邮箱服务器 (497720537@qq.com) ...
[2026-05-20 05:37:51]  正在连接 QQ-备用 邮箱服务器 (shouqianbadavid@qq.com) ...
[2026-05-20 05:38:26]  正在连接 QQ-主 邮箱服务器 (497720537@qq.com) ...
[2026-05-20 05:38:27]  正在连接 QQ-备用 邮箱服务器 (shouqianbadavid@qq.com) ...
[2026-05-20 05:39:03]  正在连接 QQ-主 邮箱服务器 (497720537@qq.com) ...
[2026-05-20 05:39:03]  正在连接 QQ-备用 邮箱服务器 (shouqianbadavid@qq.com) ...
[2026-05-20 05:39:39]  正在连接 QQ-主 邮箱服务器 (497720537@qq.com) ...
[2026-05-20 05:39:40]  正在连接 QQ-备用 邮箱服务器 (shouqianbadavid@qq.com) ...
[2026-05-20 05:40:15]  正在连接 QQ-主 邮箱服务器 (497720537@qq.com) ...
[2026-05-20 05:40:17]  正在连接 QQ-备用 邮箱服务器 (shouqianbadavid@qq.com) ...
[2026-05-20 05:40:52]  正在连接 QQ-主 邮箱服务器 (497720537@qq.com) ...
[2026-05-20 05:40:53]  正在连接 QQ-备用 邮箱服务器 (shouqianbadavid@qq.com) ...
[2026-05-20 05:41:28]  正在连接 QQ-主 邮箱服务器 (497720537@qq.com) ...
[2026-05-20 05:41:29]  正在连接 QQ-备用 邮箱服务器 (shouqianbadavid@qq.com) ...
[2026-05-20 05:42:05]  正在连接 QQ-主 邮箱服务器 (497720537@qq.com) ...
[2026-05-20 05:42:05]  正在连接 QQ-备用 邮箱服务器 (shouqianbadavid@qq.com) ...
[2026-05-20 05:42:41]  正在连接 QQ-主 邮箱服务器 (497720537@qq.com) ...
[2026-05-20 05:42:41]  正在连接 QQ-备用 邮箱服务器 (shouqianbadavid@qq.com) ...
[2026-05-20 05:43:17]  正在连接 QQ-主 邮箱服务器 (497720537@qq.com) ...
[2026-05-20 05:43:18]  正在连接 QQ-备用 邮箱服务器 (shouqianbadavid@qq.com) ...
[2026-05-20 05:43:53]  正在连接 QQ-主 邮箱服务器 (497720537@qq.com) ...
[2026-05-20 05:43:54]  正在连接 QQ-备用 邮箱服务器 (shouqianbadavid@qq.com) ...
[2026-05-20 05:44:29]  正在连接 QQ-主 邮箱服务器 (497720537@qq.com) ...
[2026-05-20 05:44:30]  正在连接 QQ-备用 邮箱服务器 (shouqianbadavid@qq.com) ...
[2026-05-20 05:45:06]  正在连接 QQ-主 邮箱服务器 (497720537@qq.com) ...
[2026-05-20 05:45:06]  正在连接 QQ-备用 邮箱服务器 (shouqianbadavid@qq.com) ...
[2026-05-20 05:45:42]  正在连接 QQ-主 邮箱服务器 (497720537@qq.com) ...
[2026-05-20 05:45:42]  正在连接 QQ-备用 邮箱服务器 (shouqianbadavid@qq.com) ...
[2026-05-20 05:46:18]  正在连接 QQ-主 邮箱服务器 (497720537@qq.com) ...
[2026-05-20 05:46:18]  正在连接 QQ-备用 邮箱服务器 (shouqianbadavid@qq.com) ...
[2026-05-20 05:46:54]  正在连接 QQ-主 邮箱服务器 (497720537@qq.com) ...
[2026-05-20 05:46:55]  正在连接 QQ-备用 邮箱服务器 (shouqianbadavid@qq.com) ...
[2026-05-20 05:47:30]  正在连接 QQ-主 邮箱服务器 (497720537@qq.com) ...
[2026-05-20 05:47:31]  正在连接 QQ-备用 邮箱服务器 (shouqianbadavid@qq.com) ...
[2026-05-20 05:48:07]  正在连接 QQ-主 邮箱服务器 (497720537@qq.com) ...
[2026-05-20 05:48:07]  正在连接 QQ-备用 邮箱服务器 (shouqianbadavid@qq.com) ...
[2026-05-20 05:48:43]  正在连接 QQ-主 邮箱服务器 (497720537@qq.com) ...
[2026-05-20 05:48:43]  正在连接 QQ-备用 邮箱服务器 (shouqianbadavid@qq.com) ...
[2026-05-20 05:49:19]  正在连接 QQ-主 邮箱服务器 (497720537@qq.com) ...
[2026-05-20 05:49:20]  正在连接 QQ-备用 邮箱服务器 (shouqianbadavid@qq.com) ...
[2026-05-20 05:49:55]  正在连接 QQ-主 邮箱服务器 (497720537@qq.com) ...
[2026-05-20 05:49:56]  正在连接 QQ-备用 邮箱服务器 (shouqianbadavid@qq.com) ...
[2026-05-20 05:50:32]  正在连接 QQ-主 邮箱服务器 (497720537@qq.com) ...
[2026-05-20 05:50:32]  正在连接 QQ-备用 邮箱服务器 (shouqianbadavid@qq.com) ...
[2026-05-20 05:51:08]  正在连接 QQ-主 邮箱服务器 (497720537@qq.com) ...
[2026-05-20 05:51:09]  正在连接 QQ-备用 邮箱服务器 (shouqianbadavid@qq.com) ...
[2026-05-20 05:51:44]  正在连接 QQ-主 邮箱服务器 (497720537@qq.com) ...
[2026-05-20 05:51:45]  正在连接 QQ-备用 邮箱服务器 (shouqianbadavid@qq.com) ...
[2026-05-20 05:52:20]  正在连接 QQ-主 邮箱服务器 (497720537@qq.com) ...
[2026-05-20 05:52:21]  正在连接 QQ-备用 邮箱服务器 (shouqianbadavid@qq.com) ...
[2026-05-20 05:52:57]  正在连接 QQ-主 邮箱服务器 (497720537@qq.com) ...
[2026-05-20 05:52:58]  正在连接 QQ-备用 邮箱服务器 (shouqianbadavid@qq.com) ...
[2026-05-20 05:53:33]  正在连接 QQ-主 邮箱服务器 (497720537@qq.com) ...
[2026-05-20 05:53:34]  正在连接 QQ-备用 邮箱服务器 (shouqianbadavid@qq.com) ...
[2026-05-20 05:54:09]  正在连接 QQ-主 邮箱服务器 (497720537@qq.com) ...
[2026-05-20 05:54:10]  正在连接 QQ-备用 邮箱服务器 (shouqianbadavid@qq.com) ...
[2026-05-20 05:54:46]  正在连接 QQ-主 邮箱服务器 (497720537@qq.com) ...
[2026-05-20 05:54:46]  正在连接 QQ-备用 邮箱服务器 (shouqianbadavid@qq.com) ...
[2026-05-20 05:55:22]  正在连接 QQ-主 邮箱服务器 (497720537@qq.com) ...
[2026-05-20 05:55:23]  正在连接 QQ-备用 邮箱服务器 (shouqianbadavid@qq.com) ...
[2026-05-20 05:55:58]  正在连接 QQ-主 邮箱服务器 (497720537@qq.com) ...
[2026-05-20 05:55:59]  正在连接 QQ-备用 邮箱服务器 (shouqianbadavid@qq.com) ...
[2026-05-20 05:56:35]  正在连接 QQ-主 邮箱服务器 (497720537@qq.com) ...
[2026-05-20 05:56:35]  正在连接 QQ-备用 邮箱服务器 (shouqianbadavid@qq.com) ...
[2026-05-20 05:57:11]  正在连接 QQ-主 邮箱服务器 (497720537@qq.com) ...
[2026-05-20 05:57:12]  正在连接 QQ-备用 邮箱服务器 (shouqianbadavid@qq.com) ...
[2026-05-20 05:57:47]  正在连接 QQ-主 邮箱服务器 (497720537@qq.com) ...
[2026-05-20 05:57:48]  正在连接 QQ-备用 邮箱服务器 (shouqianbadavid@qq.com) ...
[2026-05-20 05:58:24]  正在连接 QQ-主 邮箱服务器 (497720537@qq.com) ...
[2026-05-20 05:58:24]  正在连接 QQ-备用 邮箱服务器 (shouqianbadavid@qq.com) ...
[2026-05-20 05:59:00]  正在连接 QQ-主 邮箱服务器 (497720537@qq.com) ...
[2026-05-20 05:59:01]  正在连接 QQ-备用 邮箱服务器 (shouqianbadavid@qq.com) ...
[2026-05-20 05:59:36]  正在连接 QQ-主 邮箱服务器 (497720537@qq.com) ...
[2026-05-20 05:59:37]  正在连接 QQ-备用 邮箱服务器 (shouqianbadavid@qq.com) ...
[2026-05-20 06:00:13]  正在连接 QQ-主 邮箱服务器 (497720537@qq.com) ...
[2026-05-20 06:00:13]  正在连接 QQ-备用 邮箱服务器 (shouqianbadavid@qq.com) ...
[2026-05-20 06:00:49]  正在连接 QQ-主 邮箱服务器 (497720537@qq.com) ...
[2026-05-20 06:00:50]  正在连接 QQ-备用 邮箱服务器 (shouqianbadavid@qq.com) ...
[2026-05-20 06:01:26]  正在连接 QQ-主 邮箱服务器 (497720537@qq.com) ...
[2026-05-20 06:01:27]  正在连接 QQ-备用 邮箱服务器 (shouqianbadavid@qq.com) ...
[2026-05-20 06:02:02]  正在连接 QQ-主 邮箱服务器 (497720537@qq.com) ...
[2026-05-20 06:02:03]  正在连接 QQ-备用 邮箱服务器 (shouqianbadavid@qq.com) ...
[2026-05-20 06:02:39]  正在连接 QQ-主 邮箱服务器 (497720537@qq.com) ...
[2026-05-20 06:02:39]  正在连接 QQ-备用 邮箱服务器 (shouqianbadavid@qq.com) ...
[2026-05-20 06:03:15]  正在连接 QQ-主 邮箱服务器 (497720537@qq.com) ...
[2026-05-20 06:03:15]  正在连接 QQ-备用 邮箱服务器 (shouqianbadavid@qq.com) ...
[2026-05-20 06:03:50]  正在连接 QQ-主 邮箱服务器 (497720537@qq.com) ...
[2026-05-20 06:03:51]  正在连接 QQ-备用 邮箱服务器 (shouqianbadavid@qq.com) ...
[2026-05-20 06:04:27]  正在连接 QQ-主 邮箱服务器 (497720537@qq.com) ...
[2026-05-20 06:04:27]  正在连接 QQ-备用 邮箱服务器 (shouqianbadavid@qq.com) ...
[2026-05-20 06:05:03]  正在连接 QQ-主 邮箱服务器 (497720537@qq.com) ...
[2026-05-20 06:05:04]  正在连接 QQ-备用 邮箱服务器 (shouqianbadavid@qq.com) ...
[2026-05-20 06:05:39]  正在连接 QQ-主 邮箱服务器 (497720537@qq.com) ...
[2026-05-20 06:05:40]  正在连接 QQ-备用 邮箱服务器 (shouqianbadavid@qq.com) ...
[2026-05-20 06:06:16]  正在连接 QQ-主 邮箱服务器 (497720537@qq.com) ...
[2026-05-20 06:06:16]  正在连接 QQ-备用 邮箱服务器 (shouqianbadavid@qq.com) ...
[2026-05-20 06:06:52]  正在连接 QQ-主 邮箱服务器 (497720537@qq.com) ...
[2026-05-20 06:06:53]  正在连接 QQ-备用 邮箱服务器 (shouqianbadavid@qq.com) ...
[2026-05-20 06:07:28]  正在连接 QQ-主 邮箱服务器 (497720537@qq.com) ...
[2026-05-20 06:07:29]  正在连接 QQ-备用 邮箱服务器 (shouqianbadavid@qq.com) ...
[2026-05-20 06:08:05]  正在连接 QQ-主 邮箱服务器 (497720537@qq.com) ...
[2026-05-20 06:08:06]  正在连接 QQ-备用 邮箱服务器 (shouqianbadavid@qq.com) ...
[2026-05-20 06:08:41]  正在连接 QQ-主 邮箱服务器 (497720537@qq.com) ...
[2026-05-20 06:08:42]  正在连接 QQ-备用 邮箱服务器 (shouqianbadavid@qq.com) ...
[2026-05-20 06:09:17]  正在连接 QQ-主 邮箱服务器 (497720537@qq.com) ...
[2026-05-20 06:09:18]  正在连接 QQ-备用 邮箱服务器 (shouqianbadavid@qq.com) ...
[2026-05-20 06:09:53]  正在连接 QQ-主 邮箱服务器 (497720537@qq.com) ...
[2026-05-20 06:09:54]  正在连接 QQ-备用 邮箱服务器 (shouqianbadavid@qq.com) ...
[2026-05-20 06:10:30]  正在连接 QQ-主 邮箱服务器 (497720537@qq.com) ...
[2026-05-20 06:10:30]  正在连接 QQ-备用 邮箱服务器 (shouqianbadavid@qq.com) ...
[2026-05-20 06:11:06]  正在连接 QQ-主 邮箱服务器 (497720537@qq.com) ...
[2026-05-20 06:11:07]  正在连接 QQ-备用 邮箱服务器 (shouqianbadavid@qq.com) ...
[2026-05-20 06:11:42]  正在连接 QQ-主 邮箱服务器 (497720537@qq.com) ...
[2026-05-20 06:11:43]  正在连接 QQ-备用 邮箱服务器 (shouqianbadavid@qq.com) ...
[2026-05-20 06:12:19]  正在连接 QQ-主 邮箱服务器 (497720537@qq.com) ...
[2026-05-20 06:12:19]  正在连接 QQ-备用 邮箱服务器 (shouqianbadavid@qq.com) ...
[2026-05-20 06:12:55]  正在连接 QQ-主 邮箱服务器 (497720537@qq.com) ...
[2026-05-20 06:12:55]  正在连接 QQ-备用 邮箱服务器 (shouqianbadavid@qq.com) ...
[2026-05-20 06:13:31]  正在连接 QQ-主 邮箱服务器 (497720537@qq.com) ...
[2026-05-20 06:13:32]  正在连接 QQ-备用 邮箱服务器 (shouqianbadavid@qq.com) ...
[2026-05-20 06:14:07]  正在连接 QQ-主 邮箱服务器 (497720537@qq.com) ...
[2026-05-20 06:14:08]  正在连接 QQ-备用 邮箱服务器 (shouqianbadavid@qq.com) ...
[2026-05-20 06:14:44]  正在连接 QQ-主 邮箱服务器 (497720537@qq.com) ...
[2026-05-20 06:14:44]  正在连接 QQ-备用 邮箱服务器 (shouqianbadavid@qq.com) ...
[2026-05-20 06:15:20]  正在连接 QQ-主 邮箱服务器 (497720537@qq.com) ...
[2026-05-20 06:15:20]  正在连接 QQ-备用 邮箱服务器 (shouqianbadavid@qq.com) ...
[2026-05-20 06:15:56]  正在连接 QQ-主 邮箱服务器 (497720537@qq.com) ...
[2026-05-20 06:15:57]  正在连接 QQ-备用 邮箱服务器 (shouqianbadavid@qq.com) ...
[2026-05-20 06:16:33]  正在连接 QQ-主 邮箱服务器 (497720537@qq.com) ...
[2026-05-20 06:16:34]  正在连接 QQ-备用 邮箱服务器 (shouqianbadavid@qq.com) ...
[2026-05-20 06:17:10]  正在连接 QQ-主 邮箱服务器 (497720537@qq.com) ...
[2026-05-20 06:17:10]  正在连接 QQ-备用 邮箱服务器 (shouqianbadavid@qq.com) ...
[2026-05-20 06:17:46]  正在连接 QQ-主 邮箱服务器 (497720537@qq.com) ...
[2026-05-20 06:17:47]  正在连接 QQ-备用 邮箱服务器 (shouqianbadavid@qq.com) ...
[2026-05-20 06:18:23]  正在连接 QQ-主 邮箱服务器 (497720537@qq.com) ...
[2026-05-20 06:18:23]  正在连接 QQ-备用 邮箱服务器 (shouqianbadavid@qq.com) ...
[2026-05-20 06:18:59]  正在连接 QQ-主 邮箱服务器 (497720537@qq.com) ...
[2026-05-20 06:19:00]  正在连接 QQ-备用 邮箱服务器 (shouqianbadavid@qq.com) ...
[2026-05-20 06:19:36]  正在连接 QQ-主 邮箱服务器 (497720537@qq.com) ...
[2026-05-20 06:19:36]  正在连接 QQ-备用 邮箱服务器 (shouqianbadavid@qq.com) ...
[2026-05-20 06:20:12]  正在连接 QQ-主 邮箱服务器 (497720537@qq.com) ...
[2026-05-20 06:20:13]  正在连接 QQ-备用 邮箱服务器 (shouqianbadavid@qq.com) ...
[2026-05-20 06:20:49]  正在连接 QQ-主 邮箱服务器 (497720537@qq.com) ...
[2026-05-20 06:20:49]  正在连接 QQ-备用 邮箱服务器 (shouqianbadavid@qq.com) ...
[2026-05-20 06:21:25]  正在连接 QQ-主 邮箱服务器 (497720537@qq.com) ...
[2026-05-20 06:21:25]  正在连接 QQ-备用 邮箱服务器 (shouqianbadavid@qq.com) ...
[2026-05-20 06:22:01]  正在连接 QQ-主 邮箱服务器 (497720537@qq.com) ...
[2026-05-20 06:22:02]  正在连接 QQ-备用 邮箱服务器 (shouqianbadavid@qq.com) ...
[2026-05-20 06:22:37]  正在连接 QQ-主 邮箱服务器 (497720537@qq.com) ...
[2026-05-20 06:22:38]  正在连接 QQ-备用 邮箱服务器 (shouqianbadavid@qq.com) ...
[2026-05-20 06:23:13]  正在连接 QQ-主 邮箱服务器 (497720537@qq.com) ...
[2026-05-20 06:23:14]  正在连接 QQ-备用 邮箱服务器 (shouqianbadavid@qq.com) ...
[2026-05-20 06:23:49]  正在连接 QQ-主 邮箱服务器 (497720537@qq.com) ...
[2026-05-20 06:23:50]  正在连接 QQ-备用 邮箱服务器 (shouqianbadavid@qq.com) ...
[2026-05-20 06:24:26]  正在连接 QQ-主 邮箱服务器 (497720537@qq.com) ...
[2026-05-20 06:24:27]  正在连接 QQ-备用 邮箱服务器 (shouqianbadavid@qq.com) ...
[2026-05-20 06:25:02]  正在连接 QQ-主 邮箱服务器 (497720537@qq.com) ...
[2026-05-20 06:25:03]  正在连接 QQ-备用 邮箱服务器 (shouqianbadavid@qq.com) ...
[2026-05-20 06:25:39]  正在连接 QQ-主 邮箱服务器 (497720537@qq.com) ...
[2026-05-20 06:25:39]  正在连接 QQ-备用 邮箱服务器 (shouqianbadavid@qq.com) ...
[2026-05-20 06:26:15]  正在连接 QQ-主 邮箱服务器 (497720537@qq.com) ...
[2026-05-20 06:26:15]  正在连接 QQ-备用 邮箱服务器 (shouqianbadavid@qq.com) ...
[2026-05-20 06:26:51]  正在连接 QQ-主 邮箱服务器 (497720537@qq.com) ...
[2026-05-20 06:26:52]  正在连接 QQ-备用 邮箱服务器 (shouqianbadavid@qq.com) ...
[2026-05-20 06:27:28]  正在连接 QQ-主 邮箱服务器 (497720537@qq.com) ...
[2026-05-20 06:27:28]  正在连接 QQ-备用 邮箱服务器 (shouqianbadavid@qq.com) ...
[2026-05-20 06:28:04]  正在连接 QQ-主 邮箱服务器 (497720537@qq.com) ...
[2026-05-20 06:28:05]  正在连接 QQ-备用 邮箱服务器 (shouqianbadavid@qq.com) ...
[2026-05-20 06:28:41]  正在连接 QQ-主 邮箱服务器 (497720537@qq.com) ...
[2026-05-20 06:28:41]  正在连接 QQ-备用 邮箱服务器 (shouqianbadavid@qq.com) ...
[2026-05-20 06:29:17]  正在连接 QQ-主 邮箱服务器 (497720537@qq.com) ...
[2026-05-20 06:29:17]  正在连接 QQ-备用 邮箱服务器 (shouqianbadavid@qq.com) ...
[2026-05-20 06:29:53]  正在连接 QQ-主 邮箱服务器 (497720537@qq.com) ...
[2026-05-20 06:29:54]  正在连接 QQ-备用 邮箱服务器 (shouqianbadavid@qq.com) ...
[2026-05-20 06:30:29]  正在连接 QQ-主 邮箱服务器 (497720537@qq.com) ...
[2026-05-20 06:30:30]  正在连接 QQ-备用 邮箱服务器 (shouqianbadavid@qq.com) ...
[2026-05-20 06:31:06]  正在连接 QQ-主 邮箱服务器 (497720537@qq.com) ...
[2026-05-20 06:31:07]  正在连接 QQ-备用 邮箱服务器 (shouqianbadavid@qq.com) ...
[2026-05-20 06:31:42]  正在连接 QQ-主 邮箱服务器 (497720537@qq.com) ...
[2026-05-20 06:31:43]  正在连接 QQ-备用 邮箱服务器 (shouqianbadavid@qq.com) ...
[2026-05-20 06:32:19]  正在连接 QQ-主 邮箱服务器 (497720537@qq.com) ...
[2026-05-20 06:32:20]  正在连接 QQ-备用 邮箱服务器 (shouqianbadavid@qq.com) ...
[2026-05-20 06:32:55]  正在连接 QQ-主 邮箱服务器 (497720537@qq.com) ...
[2026-05-20 06:32:56]  正在连接 QQ-备用 邮箱服务器 (shouqianbadavid@qq.com) ...
[2026-05-20 06:33:32]  正在连接 QQ-主 邮箱服务器 (497720537@qq.com) ...
[2026-05-20 06:33:33]  正在连接 QQ-备用 邮箱服务器 (shouqianbadavid@qq.com) ...
[2026-05-20 06:34:08]  正在连接 QQ-主 邮箱服务器 (497720537@qq.com) ...
[2026-05-20 06:34:09]  正在连接 QQ-备用 邮箱服务器 (shouqianbadavid@qq.com) ...
[2026-05-20 06:34:45]  正在连接 QQ-主 邮箱服务器 (497720537@qq.com) ...
[2026-05-20 06:34:45]  正在连接 QQ-备用 邮箱服务器 (shouqianbadavid@qq.com) ...
[2026-05-20 06:35:21]  正在连接 QQ-主 邮箱服务器 (497720537@qq.com) ...
[2026-05-20 06:35:22]  正在连接 QQ-备用 邮箱服务器 (shouqianbadavid@qq.com) ...
[2026-05-20 06:35:58]  正在连接 QQ-主 邮箱服务器 (497720537@qq.com) ...
[2026-05-20 06:35:58]  正在连接 QQ-备用 邮箱服务器 (shouqianbadavid@qq.com) ...
[2026-05-20 06:36:34]  正在连接 QQ-主 邮箱服务器 (497720537@qq.com) ...
[2026-05-20 06:36:34]  正在连接 QQ-备用 邮箱服务器 (shouqianbadavid@qq.com) ...
[2026-05-20 06:37:10]  正在连接 QQ-主 邮箱服务器 (497720537@qq.com) ...
[2026-05-20 06:37:11]  正在连接 QQ-备用 邮箱服务器 (shouqianbadavid@qq.com) ...
[2026-05-20 06:37:46]  正在连接 QQ-主 邮箱服务器 (497720537@qq.com) ...
[2026-05-20 06:37:47]  正在连接 QQ-备用 邮箱服务器 (shouqianbadavid@qq.com) ...
[2026-05-20 06:38:22]  正在连接 QQ-主 邮箱服务器 (497720537@qq.com) ...
[2026-05-20 06:38:23]  正在连接 QQ-备用 邮箱服务器 (shouqianbadavid@qq.com) ...
[2026-05-20 06:38:59]  正在连接 QQ-主 邮箱服务器 (497720537@qq.com) ...
[2026-05-20 06:38:59]  正在连接 QQ-备用 邮箱服务器 (shouqianbadavid@qq.com) ...
[2026-05-20 06:39:35]  正在连接 QQ-主 邮箱服务器 (497720537@qq.com) ...
[2026-05-20 06:39:36]  正在连接 QQ-备用 邮箱服务器 (shouqianbadavid@qq.com) ...
[2026-05-20 06:40:11]  正在连接 QQ-主 邮箱服务器 (497720537@qq.com) ...
[2026-05-20 06:40:12]  正在连接 QQ-备用 邮箱服务器 (shouqianbadavid@qq.com) ...
[2026-05-20 06:40:48]  正在连接 QQ-主 邮箱服务器 (497720537@qq.com) ...
[2026-05-20 06:40:48]  正在连接 QQ-备用 邮箱服务器 (shouqianbadavid@qq.com) ...
[2026-05-20 06:41:24]  正在连接 QQ-主 邮箱服务器 (497720537@qq.com) ...
[2026-05-20 06:41:25]  正在连接 QQ-备用 邮箱服务器 (shouqianbadavid@qq.com) ...
[2026-05-20 06:42:00]  正在连接 QQ-主 邮箱服务器 (497720537@qq.com) ...
[2026-05-20 06:42:01]  正在连接 QQ-备用 邮箱服务器 (shouqianbadavid@qq.com) ...
[2026-05-20 06:42:36]  正在连接 QQ-主 邮箱服务器 (497720537@qq.com) ...
[2026-05-20 06:42:37]  正在连接 QQ-备用 邮箱服务器 (shouqianbadavid@qq.com) ...
[2026-05-20 06:43:13]  正在连接 QQ-主 邮箱服务器 (497720537@qq.com) ...
[2026-05-20 06:43:14]  正在连接 QQ-备用 邮箱服务器 (shouqianbadavid@qq.com) ...
[2026-05-20 06:43:50]  正在连接 QQ-主 邮箱服务器 (497720537@qq.com) ...
[2026-05-20 06:43:50]  正在连接 QQ-备用 邮箱服务器 (shouqianbadavid@qq.com) ...
[2026-05-20 06:44:26]  正在连接 QQ-主 邮箱服务器 (497720537@qq.com) ...
[2026-05-20 06:44:27]  正在连接 QQ-备用 邮箱服务器 (shouqianbadavid@qq.com) ...
[2026-05-20 06:45:03]  正在连接 QQ-主 邮箱服务器 (497720537@qq.com) ...
[2026-05-20 06:45:03]  正在连接 QQ-备用 邮箱服务器 (shouqianbadavid@qq.com) ...
[2026-05-20 06:45:39]  正在连接 QQ-主 邮箱服务器 (497720537@qq.com) ...
[2026-05-20 06:45:40]  正在连接 QQ-备用 邮箱服务器 (shouqianbadavid@qq.com) ...
[2026-05-20 06:46:15]  正在连接 QQ-主 邮箱服务器 (497720537@qq.com) ...
[2026-05-20 06:46:16]  正在连接 QQ-备用 邮箱服务器 (shouqianbadavid@qq.com) ...
[2026-05-20 06:46:51]  正在连接 QQ-主 邮箱服务器 (497720537@qq.com) ...
[2026-05-20 06:46:52]  正在连接 QQ-备用 邮箱服务器 (shouqianbadavid@qq.com) ...
[2026-05-20 06:47:28]  正在连接 QQ-主 邮箱服务器 (497720537@qq.com) ...
[2026-05-20 06:47:28]  正在连接 QQ-备用 邮箱服务器 (shouqianbadavid@qq.com) ...
[2026-05-20 06:48:04]  正在连接 QQ-主 邮箱服务器 (497720537@qq.com) ...
[2026-05-20 06:48:04]  正在连接 QQ-备用 邮箱服务器 (shouqianbadavid@qq.com) ...
[2026-05-20 06:48:40]  正在连接 QQ-主 邮箱服务器 (497720537@qq.com) ...
[2026-05-20 06:48:41]  正在连接 QQ-备用 邮箱服务器 (shouqianbadavid@qq.com) ...
[2026-05-20 06:49:17]  正在连接 QQ-主 邮箱服务器 (497720537@qq.com) ...
[2026-05-20 06:49:17]  正在连接 QQ-备用 邮箱服务器 (shouqianbadavid@qq.com) ...
[2026-05-20 06:49:53]  正在连接 QQ-主 邮箱服务器 (497720537@qq.com) ...
[2026-05-20 06:49:54]  正在连接 QQ-备用 邮箱服务器 (shouqianbadavid@qq.com) ...
[2026-05-20 06:50:29]  正在连接 QQ-主 邮箱服务器 (497720537@qq.com) ...
[2026-05-20 06:50:30]  正在连接 QQ-备用 邮箱服务器 (shouqianbadavid@qq.com) ...
[2026-05-20 06:51:06]  正在连接 QQ-主 邮箱服务器 (497720537@qq.com) ...
[2026-05-20 06:51:07]  正在连接 QQ-备用 邮箱服务器 (shouqianbadavid@qq.com) ...
[2026-05-20 06:51:43]  正在连接 QQ-主 邮箱服务器 (497720537@qq.com) ...
[2026-05-20 06:51:43]  正在连接 QQ-备用 邮箱服务器 (shouqianbadavid@qq.com) ...
[2026-05-20 06:52:19]  正在连接 QQ-主 邮箱服务器 (497720537@qq.com) ...
[2026-05-20 06:52:19]  正在连接 QQ-备用 邮箱服务器 (shouqianbadavid@qq.com) ...
[2026-05-20 06:52:55]  正在连接 QQ-主 邮箱服务器 (497720537@qq.com) ...
[2026-05-20 06:52:56]  正在连接 QQ-备用 邮箱服务器 (shouqianbadavid@qq.com) ...
[2026-05-20 06:53:31]  正在连接 QQ-主 邮箱服务器 (497720537@qq.com) ...
[2026-05-20 06:53:32]  正在连接 QQ-备用 邮箱服务器 (shouqianbadavid@qq.com) ...
[2026-05-20 06:54:07]  正在连接 QQ-主 邮箱服务器 (497720537@qq.com) ...
[2026-05-20 06:54:08]  正在连接 QQ-备用 邮箱服务器 (shouqianbadavid@qq.com) ...
[2026-05-20 06:54:43]  正在连接 QQ-主 邮箱服务器 (497720537@qq.com) ...
[2026-05-20 06:54:44]  正在连接 QQ-备用 邮箱服务器 (shouqianbadavid@qq.com) ...
[2026-05-20 06:55:20]  正在连接 QQ-主 邮箱服务器 (497720537@qq.com) ...
[2026-05-20 06:55:21]  正在连接 QQ-备用 邮箱服务器 (shouqianbadavid@qq.com) ...
[2026-05-20 06:55:56]  正在连接 QQ-主 邮箱服务器 (497720537@qq.com) ...
[2026-05-20 06:55:57]  正在连接 QQ-备用 邮箱服务器 (shouqianbadavid@qq.com) ...
[2026-05-20 06:56:32]  正在连接 QQ-主 邮箱服务器 (497720537@qq.com) ...
[2026-05-20 06:56:33]  正在连接 QQ-备用 邮箱服务器 (shouqianbadavid@qq.com) ...
[2026-05-20 06:57:09]  正在连接 QQ-主 邮箱服务器 (497720537@qq.com) ...
[2026-05-20 06:57:09]  正在连接 QQ-备用 邮箱服务器 (shouqianbadavid@qq.com) ...
[2026-05-20 06:57:45]  正在连接 QQ-主 邮箱服务器 (497720537@qq.com) ...
[2026-05-20 06:57:45]  正在连接 QQ-备用 邮箱服务器 (shouqianbadavid@qq.com) ...
[2026-05-20 06:58:21]  正在连接 QQ-主 邮箱服务器 (497720537@qq.com) ...
[2026-05-20 06:58:22]  正在连接 QQ-备用 邮箱服务器 (shouqianbadavid@qq.com) ...
[2026-05-20 06:58:57]  正在连接 QQ-主 邮箱服务器 (497720537@qq.com) ...
[2026-05-20 06:58:59]  正在连接 QQ-备用 邮箱服务器 (shouqianbadavid@qq.com) ...
[2026-05-20 06:59:34]  正在连接 QQ-主 邮箱服务器 (497720537@qq.com) ...
[2026-05-20 06:59:35]  正在连接 QQ-备用 邮箱服务器 (shouqianbadavid@qq.com) ...
[2026-05-20 07:00:11]  正在连接 QQ-主 邮箱服务器 (497720537@qq.com) ...
[2026-05-20 07:00:11]  正在连接 QQ-备用 邮箱服务器 (shouqianbadavid@qq.com) ...
[2026-05-20 07:00:47]  正在连接 QQ-主 邮箱服务器 (497720537@qq.com) ...
[2026-05-20 07:00:48]  正在连接 QQ-备用 邮箱服务器 (shouqianbadavid@qq.com) ...
[2026-05-20 07:01:23]  正在连接 QQ-主 邮箱服务器 (497720537@qq.com) ...
[2026-05-20 07:01:24]  正在连接 QQ-备用 邮箱服务器 (shouqianbadavid@qq.com) ...
[2026-05-20 07:02:00]  正在连接 QQ-主 邮箱服务器 (497720537@qq.com) ...
[2026-05-20 07:02:01]  正在连接 QQ-备用 邮箱服务器 (shouqianbadavid@qq.com) ...
[2026-05-20 07:02:36]  正在连接 QQ-主 邮箱服务器 (497720537@qq.com) ...
[2026-05-20 07:02:37]  正在连接 QQ-备用 邮箱服务器 (shouqianbadavid@qq.com) ...
[2026-05-20 07:03:13]  正在连接 QQ-主 邮箱服务器 (497720537@qq.com) ...
[2026-05-20 07:03:13]  正在连接 QQ-备用 邮箱服务器 (shouqianbadavid@qq.com) ...
[2026-05-20 07:03:49]  正在连接 QQ-主 邮箱服务器 (497720537@qq.com) ...
[2026-05-20 07:03:50]  正在连接 QQ-备用 邮箱服务器 (shouqianbadavid@qq.com) ...
[2026-05-20 07:04:25]  正在连接 QQ-主 邮箱服务器 (497720537@qq.com) ...
[2026-05-20 07:04:26]  正在连接 QQ-备用 邮箱服务器 (shouqianbadavid@qq.com) ...
[2026-05-20 07:05:01]  正在连接 QQ-主 邮箱服务器 (497720537@qq.com) ...
[2026-05-20 07:05:02]  正在连接 QQ-备用 邮箱服务器 (shouqianbadavid@qq.com) ...
[2026-05-20 07:05:38]  正在连接 QQ-主 邮箱服务器 (497720537@qq.com) ...
[2026-05-20 07:05:38]  正在连接 QQ-备用 邮箱服务器 (shouqianbadavid@qq.com) ...
[2026-05-20 07:06:14]  正在连接 QQ-主 邮箱服务器 (497720537@qq.com) ...
[2026-05-20 07:06:15]  正在连接 QQ-备用 邮箱服务器 (shouqianbadavid@qq.com) ...
[2026-05-20 07:06:50]  正在连接 QQ-主 邮箱服务器 (497720537@qq.com) ...
[2026-05-20 07:06:51]  正在连接 QQ-备用 邮箱服务器 (shouqianbadavid@qq.com) ...
[2026-05-20 07:07:27]  正在连接 QQ-主 邮箱服务器 (497720537@qq.com) ...
[2026-05-20 07:07:28]  正在连接 QQ-备用 邮箱服务器 (shouqianbadavid@qq.com) ...
[2026-05-20 07:08:03]  正在连接 QQ-主 邮箱服务器 (497720537@qq.com) ...
[2026-05-20 07:08:04]  正在连接 QQ-备用 邮箱服务器 (shouqianbadavid@qq.com) ...
[2026-05-20 07:08:40]  正在连接 QQ-主 邮箱服务器 (497720537@qq.com) ...
[2026-05-20 07:08:40]  正在连接 QQ-备用 邮箱服务器 (shouqianbadavid@qq.com) ...
[2026-05-20 07:09:16]  正在连接 QQ-主 邮箱服务器 (497720537@qq.com) ...
[2026-05-20 07:09:17]  正在连接 QQ-备用 邮箱服务器 (shouqianbadavid@qq.com) ...
[2026-05-20 07:09:52]  正在连接 QQ-主 邮箱服务器 (497720537@qq.com) ...
[2026-05-20 07:09:53]  正在连接 QQ-备用 邮箱服务器 (shouqianbadavid@qq.com) ...
[2026-05-20 07:10:29]  正在连接 QQ-主 邮箱服务器 (497720537@qq.com) ...
[2026-05-20 07:10:29]  正在连接 QQ-备用 邮箱服务器 (shouqianbadavid@qq.com) ...
[2026-05-20 07:11:05]  正在连接 QQ-主 邮箱服务器 (497720537@qq.com) ...
[2026-05-20 07:11:06]  正在连接 QQ-备用 邮箱服务器 (shouqianbadavid@qq.com) ...
[2026-05-20 07:11:41]  正在连接 QQ-主 邮箱服务器 (497720537@qq.com) ...
[2026-05-20 07:11:42]  正在连接 QQ-备用 邮箱服务器 (shouqianbadavid@qq.com) ...
[2026-05-20 07:12:18]  正在连接 QQ-主 邮箱服务器 (497720537@qq.com) ...
[2026-05-20 07:12:19]  正在连接 QQ-备用 邮箱服务器 (shouqianbadavid@qq.com) ...
[2026-05-20 07:12:54]  正在连接 QQ-主 邮箱服务器 (497720537@qq.com) ...
[2026-05-20 07:12:55]  正在连接 QQ-备用 邮箱服务器 (shouqianbadavid@qq.com) ...
[2026-05-20 07:13:31]  正在连接 QQ-主 邮箱服务器 (497720537@qq.com) ...
[2026-05-20 07:13:31]  正在连接 QQ-备用 邮箱服务器 (shouqianbadavid@qq.com) ...
[2026-05-20 07:14:07]  正在连接 QQ-主 邮箱服务器 (497720537@qq.com) ...
[2026-05-20 07:14:13]  正在连接 QQ-备用 邮箱服务器 (shouqianbadavid@qq.com) ...
[2026-05-20 07:14:49]  正在连接 QQ-主 邮箱服务器 (497720537@qq.com) ...
[2026-05-20 07:14:50]  正在连接 QQ-备用 邮箱服务器 (shouqianbadavid@qq.com) ...
[2026-05-20 07:15:26]  正在连接 QQ-主 邮箱服务器 (497720537@qq.com) ...
[2026-05-20 07:15:27]  正在连接 QQ-备用 邮箱服务器 (shouqianbadavid@qq.com) ...
[2026-05-20 07:16:02]  正在连接 QQ-主 邮箱服务器 (497720537@qq.com) ...
[2026-05-20 07:16:03]  正在连接 QQ-备用 邮箱服务器 (shouqianbadavid@qq.com) ...
[2026-05-20 07:16:38]  正在连接 QQ-主 邮箱服务器 (497720537@qq.com) ...
[2026-05-20 07:16:39]  正在连接 QQ-备用 邮箱服务器 (shouqianbadavid@qq.com) ...
[2026-05-20 07:17:15]  正在连接 QQ-主 邮箱服务器 (497720537@qq.com) ...
[2026-05-20 07:17:15]  正在连接 QQ-备用 邮箱服务器 (shouqianbadavid@qq.com) ...
[2026-05-20 07:17:51]  正在连接 QQ-主 邮箱服务器 (497720537@qq.com) ...
[2026-05-20 07:17:52]  正在连接 QQ-备用 邮箱服务器 (shouqianbadavid@qq.com) ...
[2026-05-20 07:18:28]  正在连接 QQ-主 邮箱服务器 (497720537@qq.com) ...
[2026-05-20 07:18:28]  正在连接 QQ-备用 邮箱服务器 (shouqianbadavid@qq.com) ...
[2026-05-20 07:19:04]  正在连接 QQ-主 邮箱服务器 (497720537@qq.com) ...
[2026-05-20 07:19:05]  正在连接 QQ-备用 邮箱服务器 (shouqianbadavid@qq.com) ...
[2026-05-20 07:19:40]  正在连接 QQ-主 邮箱服务器 (497720537@qq.com) ...
[2026-05-20 07:19:41]  正在连接 QQ-备用 邮箱服务器 (shouqianbadavid@qq.com) ...
[2026-05-20 07:20:16]  正在连接 QQ-主 邮箱服务器 (497720537@qq.com) ...
[2026-05-20 07:20:17]  正在连接 QQ-备用 邮箱服务器 (shouqianbadavid@qq.com) ...
[2026-05-20 07:20:53]  正在连接 QQ-主 邮箱服务器 (497720537@qq.com) ...
[2026-05-20 07:20:53]  正在连接 QQ-备用 邮箱服务器 (shouqianbadavid@qq.com) ...
[2026-05-20 07:21:29]  正在连接 QQ-主 邮箱服务器 (497720537@qq.com) ...
[2026-05-20 07:21:30]  正在连接 QQ-备用 邮箱服务器 (shouqianbadavid@qq.com) ...
[2026-05-20 07:22:06]  正在连接 QQ-主 邮箱服务器 (497720537@qq.com) ...
[2026-05-20 07:22:06]  正在连接 QQ-备用 邮箱服务器 (shouqianbadavid@qq.com) ...
[2026-05-20 07:22:42]  正在连接 QQ-主 邮箱服务器 (497720537@qq.com) ...
[2026-05-20 07:22:42]  正在连接 QQ-备用 邮箱服务器 (shouqianbadavid@qq.com) ...
[2026-05-20 07:23:18]  正在连接 QQ-主 邮箱服务器 (497720537@qq.com) ...
[2026-05-20 07:23:19]  正在连接 QQ-备用 邮箱服务器 (shouqianbadavid@qq.com) ...
[2026-05-20 07:23:54]  正在连接 QQ-主 邮箱服务器 (497720537@qq.com) ...
[2026-05-20 07:23:55]  正在连接 QQ-备用 邮箱服务器 (shouqianbadavid@qq.com) ...
[2026-05-20 07:24:31]  正在连接 QQ-主 邮箱服务器 (497720537@qq.com) ...
[2026-05-20 07:24:32]  正在连接 QQ-备用 邮箱服务器 (shouqianbadavid@qq.com) ...
[2026-05-20 07:25:07]  正在连接 QQ-主 邮箱服务器 (497720537@qq.com) ...
[2026-05-20 07:25:18]  QQ-主 因子处理主循环异常: [Errno 11001] getaddrinfo failed
[2026-05-20 07:25:28]  正在连接 QQ-备用 邮箱服务器 (shouqianbadavid@qq.com) ...
[2026-05-20 07:26:04]  正在连接 QQ-主 邮箱服务器 (497720537@qq.com) ...
[2026-05-20 07:26:05]  正在连接 QQ-备用 邮箱服务器 (shouqianbadavid@qq.com) ...
[2026-05-20 07:26:40]  正在连接 QQ-主 邮箱服务器 (497720537@qq.com) ...
[2026-05-20 07:26:41]  正在连接 QQ-备用 邮箱服务器 (shouqianbadavid@qq.com) ...
[2026-05-20 07:27:17]  正在连接 QQ-主 邮箱服务器 (497720537@qq.com) ...
[2026-05-20 07:27:17]  正在连接 QQ-备用 邮箱服务器 (shouqianbadavid@qq.com) ...
[2026-05-20 07:27:53]  正在连接 QQ-主 邮箱服务器 (497720537@qq.com) ...
[2026-05-20 07:27:54]  正在连接 QQ-备用 邮箱服务器 (shouqianbadavid@qq.com) ...
[2026-05-20 07:28:30]  正在连接 QQ-主 邮箱服务器 (497720537@qq.com) ...
[2026-05-20 07:28:31]  正在连接 QQ-备用 邮箱服务器 (shouqianbadavid@qq.com) ...
[2026-05-20 07:29:06]  正在连接 QQ-主 邮箱服务器 (497720537@qq.com) ...
[2026-05-20 07:29:08]  正在连接 QQ-备用 邮箱服务器 (shouqianbadavid@qq.com) ...
[2026-05-20 07:29:44]  正在连接 QQ-主 邮箱服务器 (497720537@qq.com) ...
[2026-05-20 07:29:44]  正在连接 QQ-备用 邮箱服务器 (shouqianbadavid@qq.com) ...
[2026-05-20 07:30:20]  正在连接 QQ-主 邮箱服务器 (497720537@qq.com) ...
[2026-05-20 07:30:21]  正在连接 QQ-备用 邮箱服务器 (shouqianbadavid@qq.com) ...
[2026-05-20 07:30:57]  正在连接 QQ-主 邮箱服务器 (497720537@qq.com) ...
[2026-05-20 07:30:57]  正在连接 QQ-备用 邮箱服务器 (shouqianbadavid@qq.com) ...
[2026-05-20 07:31:33]  正在连接 QQ-主 邮箱服务器 (497720537@qq.com) ...
[2026-05-20 07:31:33]  正在连接 QQ-备用 邮箱服务器 (shouqianbadavid@qq.com) ...
[2026-05-20 07:32:09]  正在连接 QQ-主 邮箱服务器 (497720537@qq.com) ...
[2026-05-20 07:32:10]  正在连接 QQ-备用 邮箱服务器 (shouqianbadavid@qq.com) ...
[2026-05-20 07:32:45]  正在连接 QQ-主 邮箱服务器 (497720537@qq.com) ...
[2026-05-20 07:32:46]  正在连接 QQ-备用 邮箱服务器 (shouqianbadavid@qq.com) ...
[2026-05-20 07:33:22]  正在连接 QQ-主 邮箱服务器 (497720537@qq.com) ...
[2026-05-20 07:33:22]  正在连接 QQ-备用 邮箱服务器 (shouqianbadavid@qq.com) ...
[2026-05-20 07:33:58]  正在连接 QQ-主 邮箱服务器 (497720537@qq.com) ...
[2026-05-20 07:33:58]  正在连接 QQ-备用 邮箱服务器 (shouqianbadavid@qq.com) ...
[2026-05-20 07:34:34]  正在连接 QQ-主 邮箱服务器 (497720537@qq.com) ...
[2026-05-20 07:34:35]  正在连接 QQ-备用 邮箱服务器 (shouqianbadavid@qq.com) ...
[2026-05-20 07:35:10]  正在连接 QQ-主 邮箱服务器 (497720537@qq.com) ...
[2026-05-20 07:35:11]  正在连接 QQ-备用 邮箱服务器 (shouqianbadavid@qq.com) ...
[2026-05-20 07:35:47]  正在连接 QQ-主 邮箱服务器 (497720537@qq.com) ...
[2026-05-20 07:35:48]  正在连接 QQ-备用 邮箱服务器 (shouqianbadavid@qq.com) ...
[2026-05-20 07:36:23]  正在连接 QQ-主 邮箱服务器 (497720537@qq.com) ...
[2026-05-20 07:36:24]  正在连接 QQ-备用 邮箱服务器 (shouqianbadavid@qq.com) ...
[2026-05-20 07:37:00]  正在连接 QQ-主 邮箱服务器 (497720537@qq.com) ...
[2026-05-20 07:37:01]  正在连接 QQ-备用 邮箱服务器 (shouqianbadavid@qq.com) ...
[2026-05-20 07:37:37]  正在连接 QQ-主 邮箱服务器 (497720537@qq.com) ...
[2026-05-20 07:37:37]  正在连接 QQ-备用 邮箱服务器 (shouqianbadavid@qq.com) ...
[2026-05-20 07:38:13]  正在连接 QQ-主 邮箱服务器 (497720537@qq.com) ...
[2026-05-20 07:38:14]  正在连接 QQ-备用 邮箱服务器 (shouqianbadavid@qq.com) ...
[2026-05-20 07:38:49]  正在连接 QQ-主 邮箱服务器 (497720537@qq.com) ...
[2026-05-20 07:38:50]  正在连接 QQ-备用 邮箱服务器 (shouqianbadavid@qq.com) ...
[2026-05-20 07:39:26]  正在连接 QQ-主 邮箱服务器 (497720537@qq.com) ...
[2026-05-20 07:39:26]  正在连接 QQ-备用 邮箱服务器 (shouqianbadavid@qq.com) ...
[2026-05-20 07:40:02]  正在连接 QQ-主 邮箱服务器 (497720537@qq.com) ...
[2026-05-20 07:40:02]  正在连接 QQ-备用 邮箱服务器 (shouqianbadavid@qq.com) ...
[2026-05-20 07:40:38]  正在连接 QQ-主 邮箱服务器 (497720537@qq.com) ...
[2026-05-20 07:40:39]  正在连接 QQ-备用 邮箱服务器 (shouqianbadavid@qq.com) ...
[2026-05-20 07:41:15]  正在连接 QQ-主 邮箱服务器 (497720537@qq.com) ...
[2026-05-20 07:41:16]  正在连接 QQ-备用 邮箱服务器 (shouqianbadavid@qq.com) ...
[2026-05-20 07:41:52]  正在连接 QQ-主 邮箱服务器 (497720537@qq.com) ...
[2026-05-20 07:41:53]  正在连接 QQ-备用 邮箱服务器 (shouqianbadavid@qq.com) ...
[2026-05-20 07:42:29]  正在连接 QQ-主 邮箱服务器 (497720537@qq.com) ...
[2026-05-20 07:42:29]  正在连接 QQ-备用 邮箱服务器 (shouqianbadavid@qq.com) ...
[2026-05-20 07:43:05]  正在连接 QQ-主 邮箱服务器 (497720537@qq.com) ...
[2026-05-20 07:43:06]  正在连接 QQ-备用 邮箱服务器 (shouqianbadavid@qq.com) ...
[2026-05-20 07:43:41]  正在连接 QQ-主 邮箱服务器 (497720537@qq.com) ...
[2026-05-20 07:43:42]  正在连接 QQ-备用 邮箱服务器 (shouqianbadavid@qq.com) ...
[2026-05-20 07:44:18]  正在连接 QQ-主 邮箱服务器 (497720537@qq.com) ...
[2026-05-20 07:44:18]  正在连接 QQ-备用 邮箱服务器 (shouqianbadavid@qq.com) ...
[2026-05-20 07:44:54]  正在连接 QQ-主 邮箱服务器 (497720537@qq.com) ...
[2026-05-20 07:44:54]  正在连接 QQ-备用 邮箱服务器 (shouqianbadavid@qq.com) ...
[2026-05-20 07:45:30]  正在连接 QQ-主 邮箱服务器 (497720537@qq.com) ...
[2026-05-20 07:45:31]  正在连接 QQ-备用 邮箱服务器 (shouqianbadavid@qq.com) ...
[2026-05-20 07:46:06]  正在连接 QQ-主 邮箱服务器 (497720537@qq.com) ...
[2026-05-20 07:46:07]  正在连接 QQ-备用 邮箱服务器 (shouqianbadavid@qq.com) ...
[2026-05-20 07:46:43]  正在连接 QQ-主 邮箱服务器 (497720537@qq.com) ...
[2026-05-20 07:46:43]  正在连接 QQ-备用 邮箱服务器 (shouqianbadavid@qq.com) ...
[2026-05-20 07:47:19]  正在连接 QQ-主 邮箱服务器 (497720537@qq.com) ...
[2026-05-20 07:47:20]  正在连接 QQ-备用 邮箱服务器 (shouqianbadavid@qq.com) ...
[2026-05-20 07:47:55]  正在连接 QQ-主 邮箱服务器 (497720537@qq.com) ...
[2026-05-20 07:47:56]  正在连接 QQ-备用 邮箱服务器 (shouqianbadavid@qq.com) ...
[2026-05-20 07:48:32]  正在连接 QQ-主 邮箱服务器 (497720537@qq.com) ...
[2026-05-20 07:48:33]  正在连接 QQ-备用 邮箱服务器 (shouqianbadavid@qq.com) ...
[2026-05-20 07:49:08]  正在连接 QQ-主 邮箱服务器 (497720537@qq.com) ...
[2026-05-20 07:49:09]  正在连接 QQ-备用 邮箱服务器 (shouqianbadavid@qq.com) ...
[2026-05-20 07:49:45]  正在连接 QQ-主 邮箱服务器 (497720537@qq.com) ...
[2026-05-20 07:49:45]  正在连接 QQ-备用 邮箱服务器 (shouqianbadavid@qq.com) ...
[2026-05-20 07:50:21]  正在连接 QQ-主 邮箱服务器 (497720537@qq.com) ...
[2026-05-20 07:50:22]  正在连接 QQ-备用 邮箱服务器 (shouqianbadavid@qq.com) ...
[2026-05-20 07:50:58]  正在连接 QQ-主 邮箱服务器 (497720537@qq.com) ...
[2026-05-20 07:50:59]  正在连接 QQ-备用 邮箱服务器 (shouqianbadavid@qq.com) ...
[2026-05-20 07:51:35]  正在连接 QQ-主 邮箱服务器 (497720537@qq.com) ...
[2026-05-20 07:51:35]  正在连接 QQ-备用 邮箱服务器 (shouqianbadavid@qq.com) ...
[2026-05-20 07:52:11]  正在连接 QQ-主 邮箱服务器 (497720537@qq.com) ...
[2026-05-20 07:52:11]  正在连接 QQ-备用 邮箱服务器 (shouqianbadavid@qq.com) ...
[2026-05-20 07:52:47]  正在连接 QQ-主 邮箱服务器 (497720537@qq.com) ...
[2026-05-20 07:52:47]  正在连接 QQ-备用 邮箱服务器 (shouqianbadavid@qq.com) ...
[2026-05-20 07:53:23]  正在连接 QQ-主 邮箱服务器 (497720537@qq.com) ...
[2026-05-20 07:53:24]  正在连接 QQ-备用 邮箱服务器 (shouqianbadavid@qq.com) ...
[2026-05-20 07:53:59]  正在连接 QQ-主 邮箱服务器 (497720537@qq.com) ...
[2026-05-20 07:54:00]  正在连接 QQ-备用 邮箱服务器 (shouqianbadavid@qq.com) ...
[2026-05-20 07:54:36]  正在连接 QQ-主 邮箱服务器 (497720537@qq.com) ...
[2026-05-20 07:54:37]  正在连接 QQ-备用 邮箱服务器 (shouqianbadavid@qq.com) ...
[2026-05-20 07:55:12]  正在连接 QQ-主 邮箱服务器 (497720537@qq.com) ...
[2026-05-20 07:55:16]  正在连接 QQ-备用 邮箱服务器 (shouqianbadavid@qq.com) ...
[2026-05-20 07:55:52]  正在连接 QQ-主 邮箱服务器 (497720537@qq.com) ...
[2026-05-20 07:55:52]  正在连接 QQ-备用 邮箱服务器 (shouqianbadavid@qq.com) ...
[2026-05-20 07:56:28]  正在连接 QQ-主 邮箱服务器 (497720537@qq.com) ...
[2026-05-20 07:56:29]  正在连接 QQ-备用 邮箱服务器 (shouqianbadavid@qq.com) ...
[2026-05-20 07:57:05]  正在连接 QQ-主 邮箱服务器 (497720537@qq.com) ...
[2026-05-20 07:57:06]  正在连接 QQ-备用 邮箱服务器 (shouqianbadavid@qq.com) ...
[2026-05-20 07:57:41]  正在连接 QQ-主 邮箱服务器 (497720537@qq.com) ...
[2026-05-20 07:57:42]  正在连接 QQ-备用 邮箱服务器 (shouqianbadavid@qq.com) ...
[2026-05-20 07:58:17]  正在连接 QQ-主 邮箱服务器 (497720537@qq.com) ...
[2026-05-20 07:58:18]  正在连接 QQ-备用 邮箱服务器 (shouqianbadavid@qq.com) ...
[2026-05-20 07:58:53]  正在连接 QQ-主 邮箱服务器 (497720537@qq.com) ...
[2026-05-20 07:58:54]  正在连接 QQ-备用 邮箱服务器 (shouqianbadavid@qq.com) ...
[2026-05-20 07:59:30]  正在连接 QQ-主 邮箱服务器 (497720537@qq.com) ...
[2026-05-20 07:59:31]  正在连接 QQ-备用 邮箱服务器 (shouqianbadavid@qq.com) ...
[2026-05-20 08:00:06]  正在连接 QQ-主 邮箱服务器 (497720537@qq.com) ...
[2026-05-20 08:00:07]  正在连接 QQ-备用 邮箱服务器 (shouqianbadavid@qq.com) ...
[2026-05-20 08:00:43]  正在连接 QQ-主 邮箱服务器 (497720537@qq.com) ...
[2026-05-20 08:00:43]  正在连接 QQ-备用 邮箱服务器 (shouqianbadavid@qq.com) ...
[2026-05-20 08:01:19]  正在连接 QQ-主 邮箱服务器 (497720537@qq.com) ...
[2026-05-20 08:01:19]  正在连接 QQ-备用 邮箱服务器 (shouqianbadavid@qq.com) ...
[2026-05-20 08:01:55]  正在连接 QQ-主 邮箱服务器 (497720537@qq.com) ...
[2026-05-20 08:01:55]  正在连接 QQ-备用 邮箱服务器 (shouqianbadavid@qq.com) ...
[2026-05-20 08:02:31]  正在连接 QQ-主 邮箱服务器 (497720537@qq.com) ...
[2026-05-20 08:02:31]  正在连接 QQ-备用 邮箱服务器 (shouqianbadavid@qq.com) ...
[2026-05-20 08:03:07]  正在连接 QQ-主 邮箱服务器 (497720537@qq.com) ...
[2026-05-20 08:03:08]  正在连接 QQ-备用 邮箱服务器 (shouqianbadavid@qq.com) ...
[2026-05-20 08:03:43]  正在连接 QQ-主 邮箱服务器 (497720537@qq.com) ...
[2026-05-20 08:03:44]  正在连接 QQ-备用 邮箱服务器 (shouqianbadavid@qq.com) ...
[2026-05-20 08:04:20]  正在连接 QQ-主 邮箱服务器 (497720537@qq.com) ...
[2026-05-20 08:04:20]  正在连接 QQ-备用 邮箱服务器 (shouqianbadavid@qq.com) ...
[2026-05-20 08:04:56]  正在连接 QQ-主 邮箱服务器 (497720537@qq.com) ...
[2026-05-20 08:04:57]  正在连接 QQ-备用 邮箱服务器 (shouqianbadavid@qq.com) ...
[2026-05-20 08:05:32]  正在连接 QQ-主 邮箱服务器 (497720537@qq.com) ...
[2026-05-20 08:05:33]  正在连接 QQ-备用 邮箱服务器 (shouqianbadavid@qq.com) ...
[2026-05-20 08:06:09]  正在连接 QQ-主 邮箱服务器 (497720537@qq.com) ...
[2026-05-20 08:06:20]  QQ-主 因子处理主循环异常: [Errno 11001] getaddrinfo failed
[2026-05-20 08:06:30]  正在连接 QQ-备用 邮箱服务器 (shouqianbadavid@qq.com) ...
[2026-05-20 08:07:05]  正在连接 QQ-主 邮箱服务器 (497720537@qq.com) ...
[2026-05-20 08:07:06]  正在连接 QQ-备用 邮箱服务器 (shouqianbadavid@qq.com) ...
[2026-05-20 08:07:42]  正在连接 QQ-主 邮箱服务器 (497720537@qq.com) ...
[2026-05-20 08:07:42]  正在连接 QQ-备用 邮箱服务器 (shouqianbadavid@qq.com) ...
[2026-05-20 08:08:18]  正在连接 QQ-主 邮箱服务器 (497720537@qq.com) ...
[2026-05-20 08:08:18]  正在连接 QQ-备用 邮箱服务器 (shouqianbadavid@qq.com) ...
[2026-05-20 08:08:54]  正在连接 QQ-主 邮箱服务器 (497720537@qq.com) ...
[2026-05-20 08:08:54]  正在连接 QQ-备用 邮箱服务器 (shouqianbadavid@qq.com) ...
[2026-05-20 08:09:30]  正在连接 QQ-主 邮箱服务器 (497720537@qq.com) ...
[2026-05-20 08:09:31]  正在连接 QQ-备用 邮箱服务器 (shouqianbadavid@qq.com) ...
[2026-05-20 08:10:07]  正在连接 QQ-主 邮箱服务器 (497720537@qq.com) ...
[2026-05-20 08:10:15]  正在连接 QQ-备用 邮箱服务器 (shouqianbadavid@qq.com) ...
[2026-05-20 08:10:51]  正在连接 QQ-主 邮箱服务器 (497720537@qq.com) ...
[2026-05-20 08:10:51]  正在连接 QQ-备用 邮箱服务器 (shouqianbadavid@qq.com) ...
[2026-05-20 08:11:27]  正在连接 QQ-主 邮箱服务器 (497720537@qq.com) ...
[2026-05-20 08:11:27]  正在连接 QQ-备用 邮箱服务器 (shouqianbadavid@qq.com) ...
[2026-05-20 08:12:03]  正在连接 QQ-主 邮箱服务器 (497720537@qq.com) ...
[2026-05-20 08:12:04]  正在连接 QQ-备用 邮箱服务器 (shouqianbadavid@qq.com) ...
[2026-05-20 08:12:39]  正在连接 QQ-主 邮箱服务器 (497720537@qq.com) ...
[2026-05-20 08:12:40]  正在连接 QQ-备用 邮箱服务器 (shouqianbadavid@qq.com) ...
[2026-05-20 08:13:16]  正在连接 QQ-主 邮箱服务器 (497720537@qq.com) ...
[2026-05-20 08:13:17]  正在连接 QQ-备用 邮箱服务器 (shouqianbadavid@qq.com) ...
[2026-05-20 08:13:52]  正在连接 QQ-主 邮箱服务器 (497720537@qq.com) ...
[2026-05-20 08:13:53]  正在连接 QQ-备用 邮箱服务器 (shouqianbadavid@qq.com) ...
[2026-05-20 08:14:29]  正在连接 QQ-主 邮箱服务器 (497720537@qq.com) ...
[2026-05-20 08:14:29]  正在连接 QQ-备用 邮箱服务器 (shouqianbadavid@qq.com) ...
[2026-05-20 08:15:05]  正在连接 QQ-主 邮箱服务器 (497720537@qq.com) ...
[2026-05-20 08:15:06]  正在连接 QQ-备用 邮箱服务器 (shouqianbadavid@qq.com) ...
[2026-05-20 08:15:41]  正在连接 QQ-主 邮箱服务器 (497720537@qq.com) ...
[2026-05-20 08:15:42]  正在连接 QQ-备用 邮箱服务器 (shouqianbadavid@qq.com) ...
[2026-05-20 08:16:17]  正在连接 QQ-主 邮箱服务器 (497720537@qq.com) ...
[2026-05-20 08:16:18]  正在连接 QQ-备用 邮箱服务器 (shouqianbadavid@qq.com) ...
[2026-05-20 08:16:54]  正在连接 QQ-主 邮箱服务器 (497720537@qq.com) ...
[2026-05-20 08:16:54]  正在连接 QQ-备用 邮箱服务器 (shouqianbadavid@qq.com) ...
[2026-05-20 08:17:30]  正在连接 QQ-主 邮箱服务器 (497720537@qq.com) ...
[2026-05-20 08:17:31]  正在连接 QQ-备用 邮箱服务器 (shouqianbadavid@qq.com) ...
[2026-05-20 08:18:06]  正在连接 QQ-主 邮箱服务器 (497720537@qq.com) ...
[2026-05-20 08:18:07]  正在连接 QQ-备用 邮箱服务器 (shouqianbadavid@qq.com) ...
[2026-05-20 08:18:42]  正在连接 QQ-主 邮箱服务器 (497720537@qq.com) ...
[2026-05-20 08:18:43]  正在连接 QQ-备用 邮箱服务器 (shouqianbadavid@qq.com) ...
[2026-05-20 08:19:18]  正在连接 QQ-主 邮箱服务器 (497720537@qq.com) ...
[2026-05-20 08:19:19]  正在连接 QQ-备用 邮箱服务器 (shouqianbadavid@qq.com) ...
[2026-05-20 08:19:55]  正在连接 QQ-主 邮箱服务器 (497720537@qq.com) ...
[2026-05-20 08:19:55]  正在连接 QQ-备用 邮箱服务器 (shouqianbadavid@qq.com) ...
[2026-05-20 08:20:31]  正在连接 QQ-主 邮箱服务器 (497720537@qq.com) ...
[2026-05-20 08:20:32]  正在连接 QQ-备用 邮箱服务器 (shouqianbadavid@qq.com) ...
[2026-05-20 08:21:07]  正在连接 QQ-主 邮箱服务器 (497720537@qq.com) ...
[2026-05-20 08:21:08]  正在连接 QQ-备用 邮箱服务器 (shouqianbadavid@qq.com) ...
[2026-05-20 08:21:44]  正在连接 QQ-主 邮箱服务器 (497720537@qq.com) ...
[2026-05-20 08:21:44]  正在连接 QQ-备用 邮箱服务器 (shouqianbadavid@qq.com) ...
[2026-05-20 08:22:20]  正在连接 QQ-主 邮箱服务器 (497720537@qq.com) ...
[2026-05-20 08:22:21]  正在连接 QQ-备用 邮箱服务器 (shouqianbadavid@qq.com) ...
[2026-05-20 08:22:56]  正在连接 QQ-主 邮箱服务器 (497720537@qq.com) ...
[2026-05-20 08:22:57]  正在连接 QQ-备用 邮箱服务器 (shouqianbadavid@qq.com) ...
[2026-05-20 08:23:32]  正在连接 QQ-主 邮箱服务器 (497720537@qq.com) ...
[2026-05-20 08:23:33]  正在连接 QQ-备用 邮箱服务器 (shouqianbadavid@qq.com) ...
[2026-05-20 08:24:09]  正在连接 QQ-主 邮箱服务器 (497720537@qq.com) ...
[2026-05-20 08:24:09]  正在连接 QQ-备用 邮箱服务器 (shouqianbadavid@qq.com) ...
[2026-05-20 08:24:45]  正在连接 QQ-主 邮箱服务器 (497720537@qq.com) ...
[2026-05-20 08:24:45]  正在连接 QQ-备用 邮箱服务器 (shouqianbadavid@qq.com) ...
[2026-05-20 08:25:20]  正在连接 QQ-主 邮箱服务器 (497720537@qq.com) ...
[2026-05-20 08:25:21]  正在连接 QQ-备用 邮箱服务器 (shouqianbadavid@qq.com) ...
[2026-05-20 08:25:57]  正在连接 QQ-主 邮箱服务器 (497720537@qq.com) ...
[2026-05-20 08:25:57]  正在连接 QQ-备用 邮箱服务器 (shouqianbadavid@qq.com) ...
[2026-05-20 08:26:33]  正在连接 QQ-主 邮箱服务器 (497720537@qq.com) ...
[2026-05-20 08:26:34]  正在连接 QQ-备用 邮箱服务器 (shouqianbadavid@qq.com) ...
[2026-05-20 08:27:10]  正在连接 QQ-主 邮箱服务器 (497720537@qq.com) ...
[2026-05-20 08:27:10]  正在连接 QQ-备用 邮箱服务器 (shouqianbadavid@qq.com) ...
[2026-05-20 08:27:46]  正在连接 QQ-主 邮箱服务器 (497720537@qq.com) ...
[2026-05-20 08:27:48]  正在连接 QQ-备用 邮箱服务器 (shouqianbadavid@qq.com) ...
[2026-05-20 08:28:23]  正在连接 QQ-主 邮箱服务器 (497720537@qq.com) ...
[2026-05-20 08:28:24]  正在连接 QQ-备用 邮箱服务器 (shouqianbadavid@qq.com) ...
[2026-05-20 08:29:00]  正在连接 QQ-主 邮箱服务器 (497720537@qq.com) ...
[2026-05-20 08:29:00]  正在连接 QQ-备用 邮箱服务器 (shouqianbadavid@qq.com) ...
[2026-05-20 08:29:36]  正在连接 QQ-主 邮箱服务器 (497720537@qq.com) ...
[2026-05-20 08:29:37]  正在连接 QQ-备用 邮箱服务器 (shouqianbadavid@qq.com) ...
[2026-05-20 08:30:12]  正在连接 QQ-主 邮箱服务器 (497720537@qq.com) ...
[2026-05-20 08:30:13]  正在连接 QQ-备用 邮箱服务器 (shouqianbadavid@qq.com) ...
[2026-05-20 08:30:49]  正在连接 QQ-主 邮箱服务器 (497720537@qq.com) ...
[2026-05-20 08:30:50]  正在连接 QQ-备用 邮箱服务器 (shouqianbadavid@qq.com) ...
[2026-05-20 08:31:26]  正在连接 QQ-主 邮箱服务器 (497720537@qq.com) ...
[2026-05-20 08:31:26]  正在连接 QQ-备用 邮箱服务器 (shouqianbadavid@qq.com) ...
[2026-05-20 08:32:02]  正在连接 QQ-主 邮箱服务器 (497720537@qq.com) ...
[2026-05-20 08:32:03]  正在连接 QQ-备用 邮箱服务器 (shouqianbadavid@qq.com) ...
[2026-05-20 08:32:38]  正在连接 QQ-主 邮箱服务器 (497720537@qq.com) ...
[2026-05-20 08:32:39]  正在连接 QQ-备用 邮箱服务器 (shouqianbadavid@qq.com) ...
[2026-05-20 08:33:15]  正在连接 QQ-主 邮箱服务器 (497720537@qq.com) ...
[2026-05-20 08:33:15]  正在连接 QQ-备用 邮箱服务器 (shouqianbadavid@qq.com) ...
[2026-05-20 08:33:51]  正在连接 QQ-主 邮箱服务器 (497720537@qq.com) ...
[2026-05-20 08:33:52]  正在连接 QQ-备用 邮箱服务器 (shouqianbadavid@qq.com) ...
[2026-05-20 08:34:28]  正在连接 QQ-主 邮箱服务器 (497720537@qq.com) ...
[2026-05-20 08:34:29]  正在连接 QQ-备用 邮箱服务器 (shouqianbadavid@qq.com) ...
[2026-05-20 08:35:04]  正在连接 QQ-主 邮箱服务器 (497720537@qq.com) ...
[2026-05-20 08:35:05]  正在连接 QQ-备用 邮箱服务器 (shouqianbadavid@qq.com) ...
[2026-05-20 08:35:41]  正在连接 QQ-主 邮箱服务器 (497720537@qq.com) ...
[2026-05-20 08:35:42]  正在连接 QQ-备用 邮箱服务器 (shouqianbadavid@qq.com) ...
[2026-05-20 08:36:17]  正在连接 QQ-主 邮箱服务器 (497720537@qq.com) ...
[2026-05-20 08:36:18]  正在连接 QQ-备用 邮箱服务器 (shouqianbadavid@qq.com) ...
[2026-05-20 08:36:54]  正在连接 QQ-主 邮箱服务器 (497720537@qq.com) ...
[2026-05-20 08:36:55]  正在连接 QQ-备用 邮箱服务器 (shouqianbadavid@qq.com) ...
[2026-05-20 08:37:30]  正在连接 QQ-主 邮箱服务器 (497720537@qq.com) ...
[2026-05-20 08:37:31]  正在连接 QQ-备用 邮箱服务器 (shouqianbadavid@qq.com) ...
[2026-05-20 08:38:07]  正在连接 QQ-主 邮箱服务器 (497720537@qq.com) ...
[2026-05-20 08:38:08]  正在连接 QQ-备用 邮箱服务器 (shouqianbadavid@qq.com) ...
[2026-05-20 08:38:43]  正在连接 QQ-主 邮箱服务器 (497720537@qq.com) ...
[2026-05-20 08:38:44]  正在连接 QQ-备用 邮箱服务器 (shouqianbadavid@qq.com) ...
[2026-05-20 08:39:20]  正在连接 QQ-主 邮箱服务器 (497720537@qq.com) ...
[2026-05-20 08:39:21]  正在连接 QQ-备用 邮箱服务器 (shouqianbadavid@qq.com) ...
[2026-05-20 08:39:56]  正在连接 QQ-主 邮箱服务器 (497720537@qq.com) ...
[2026-05-20 08:39:57]  正在连接 QQ-备用 邮箱服务器 (shouqianbadavid@qq.com) ...
[2026-05-20 08:40:33]  正在连接 QQ-主 邮箱服务器 (497720537@qq.com) ...
[2026-05-20 08:40:34]  正在连接 QQ-备用 邮箱服务器 (shouqianbadavid@qq.com) ...
[2026-05-20 08:41:09]  正在连接 QQ-主 邮箱服务器 (497720537@qq.com) ...
[2026-05-20 08:41:10]  正在连接 QQ-备用 邮箱服务器 (shouqianbadavid@qq.com) ...
[2026-05-20 08:41:46]  正在连接 QQ-主 邮箱服务器 (497720537@qq.com) ...
[2026-05-20 08:41:46]  正在连接 QQ-备用 邮箱服务器 (shouqianbadavid@qq.com) ...
[2026-05-20 08:42:22]  正在连接 QQ-主 邮箱服务器 (497720537@qq.com) ...
[2026-05-20 08:42:23]  正在连接 QQ-备用 邮箱服务器 (shouqianbadavid@qq.com) ...
[2026-05-20 08:42:59]  正在连接 QQ-主 邮箱服务器 (497720537@qq.com) ...
[2026-05-20 08:42:59]  正在连接 QQ-备用 邮箱服务器 (shouqianbadavid@qq.com) ...
[2026-05-20 08:43:35]  正在连接 QQ-主 邮箱服务器 (497720537@qq.com) ...
[2026-05-20 08:43:36]  正在连接 QQ-备用 邮箱服务器 (shouqianbadavid@qq.com) ...
[2026-05-20 08:44:11]  正在连接 QQ-主 邮箱服务器 (497720537@qq.com) ...
[2026-05-20 08:44:12]  正在连接 QQ-备用 邮箱服务器 (shouqianbadavid@qq.com) ...
[2026-05-20 08:44:48]  正在连接 QQ-主 邮箱服务器 (497720537@qq.com) ...
[2026-05-20 08:44:48]  正在连接 QQ-备用 邮箱服务器 (shouqianbadavid@qq.com) ...
[2026-05-20 08:45:24]  正在连接 QQ-主 邮箱服务器 (497720537@qq.com) ...
[2026-05-20 08:45:25]  正在连接 QQ-备用 邮箱服务器 (shouqianbadavid@qq.com) ...
[2026-05-20 08:46:00]  正在连接 QQ-主 邮箱服务器 (497720537@qq.com) ...
[2026-05-20 08:46:01]  正在连接 QQ-备用 邮箱服务器 (shouqianbadavid@qq.com) ...
[2026-05-20 08:46:37]  正在连接 QQ-主 邮箱服务器 (497720537@qq.com) ...
[2026-05-20 08:46:38]  正在连接 QQ-备用 邮箱服务器 (shouqianbadavid@qq.com) ...
[2026-05-20 08:47:14]  正在连接 QQ-主 邮箱服务器 (497720537@qq.com) ...
[2026-05-20 08:47:14]  正在连接 QQ-备用 邮箱服务器 (shouqianbadavid@qq.com) ...
[2026-05-20 08:47:50]  正在连接 QQ-主 邮箱服务器 (497720537@qq.com) ...
[2026-05-20 08:47:51]  正在连接 QQ-备用 邮箱服务器 (shouqianbadavid@qq.com) ...
[2026-05-20 08:48:26]  正在连接 QQ-主 邮箱服务器 (497720537@qq.com) ...
[2026-05-20 08:48:27]  正在连接 QQ-备用 邮箱服务器 (shouqianbadavid@qq.com) ...
[2026-05-20 08:49:03]  正在连接 QQ-主 邮箱服务器 (497720537@qq.com) ...
[2026-05-20 08:49:03]  正在连接 QQ-备用 邮箱服务器 (shouqianbadavid@qq.com) ...
[2026-05-20 08:49:39]  正在连接 QQ-主 邮箱服务器 (497720537@qq.com) ...
[2026-05-20 08:49:40]  正在连接 QQ-备用 邮箱服务器 (shouqianbadavid@qq.com) ...
[2026-05-20 08:50:15]  正在连接 QQ-主 邮箱服务器 (497720537@qq.com) ...
[2026-05-20 08:50:16]  正在连接 QQ-备用 邮箱服务器 (shouqianbadavid@qq.com) ...
[2026-05-20 08:50:51]  正在连接 QQ-主 邮箱服务器 (497720537@qq.com) ...
[2026-05-20 08:50:52]  正在连接 QQ-备用 邮箱服务器 (shouqianbadavid@qq.com) ...
[2026-05-20 08:51:28]  正在连接 QQ-主 邮箱服务器 (497720537@qq.com) ...
[2026-05-20 08:51:29]  正在连接 QQ-备用 邮箱服务器 (shouqianbadavid@qq.com) ...
[2026-05-20 08:52:04]  正在连接 QQ-主 邮箱服务器 (497720537@qq.com) ...
[2026-05-20 08:52:05]  正在连接 QQ-备用 邮箱服务器 (shouqianbadavid@qq.com) ...
[2026-05-20 08:52:40]  正在连接 QQ-主 邮箱服务器 (497720537@qq.com) ...
[2026-05-20 08:52:41]  正在连接 QQ-备用 邮箱服务器 (shouqianbadavid@qq.com) ...
[2026-05-20 08:53:16]  正在连接 QQ-主 邮箱服务器 (497720537@qq.com) ...
[2026-05-20 08:53:17]  正在连接 QQ-备用 邮箱服务器 (shouqianbadavid@qq.com) ...
[2026-05-20 08:53:53]  正在连接 QQ-主 邮箱服务器 (497720537@qq.com) ...
[2026-05-20 08:53:53]  正在连接 QQ-备用 邮箱服务器 (shouqianbadavid@qq.com) ...
[2026-05-20 08:54:29]  正在连接 QQ-主 邮箱服务器 (497720537@qq.com) ...
[2026-05-20 08:54:30]  正在连接 QQ-备用 邮箱服务器 (shouqianbadavid@qq.com) ...
[2026-05-20 08:55:05]  正在连接 QQ-主 邮箱服务器 (497720537@qq.com) ...
[2026-05-20 08:55:06]  正在连接 QQ-备用 邮箱服务器 (shouqianbadavid@qq.com) ...
[2026-05-20 08:55:41]  正在连接 QQ-主 邮箱服务器 (497720537@qq.com) ...
[2026-05-20 08:55:42]  正在连接 QQ-备用 邮箱服务器 (shouqianbadavid@qq.com) ...
[2026-05-20 08:56:18]  正在连接 QQ-主 邮箱服务器 (497720537@qq.com) ...
[2026-05-20 08:56:18]  正在连接 QQ-备用 邮箱服务器 (shouqianbadavid@qq.com) ...
[2026-05-20 08:56:54]  正在连接 QQ-主 邮箱服务器 (497720537@qq.com) ...
[2026-05-20 08:56:55]  正在连接 QQ-备用 邮箱服务器 (shouqianbadavid@qq.com) ...
[2026-05-20 08:57:31]  正在连接 QQ-主 邮箱服务器 (497720537@qq.com) ...
[2026-05-20 08:57:31]  正在连接 QQ-备用 邮箱服务器 (shouqianbadavid@qq.com) ...
[2026-05-20 08:58:07]  正在连接 QQ-主 邮箱服务器 (497720537@qq.com) ...
[2026-05-20 08:58:08]  正在连接 QQ-备用 邮箱服务器 (shouqianbadavid@qq.com) ...
[2026-05-20 08:58:43]  正在连接 QQ-主 邮箱服务器 (497720537@qq.com) ...
[2026-05-20 08:58:44]  正在连接 QQ-备用 邮箱服务器 (shouqianbadavid@qq.com) ...
[2026-05-20 08:59:19]  正在连接 QQ-主 邮箱服务器 (497720537@qq.com) ...
[2026-05-20 08:59:20]  正在连接 QQ-备用 邮箱服务器 (shouqianbadavid@qq.com) ...
[2026-05-20 08:59:56]  正在连接 QQ-主 邮箱服务器 (497720537@qq.com) ...
[2026-05-20 08:59:56]  正在连接 QQ-备用 邮箱服务器 (shouqianbadavid@qq.com) ...
[2026-05-20 09:00:32]  正在连接 QQ-主 邮箱服务器 (497720537@qq.com) ...
[2026-05-20 09:00:33]  正在连接 QQ-备用 邮箱服务器 (shouqianbadavid@qq.com) ...
[2026-05-20 09:01:08]  正在连接 QQ-主 邮箱服务器 (497720537@qq.com) ...
[2026-05-20 09:01:09]  正在连接 QQ-备用 邮箱服务器 (shouqianbadavid@qq.com) ...
[2026-05-20 09:01:44]  正在连接 QQ-主 邮箱服务器 (497720537@qq.com) ...
[2026-05-20 09:01:45]  正在连接 QQ-备用 邮箱服务器 (shouqianbadavid@qq.com) ...
[2026-05-20 09:02:21]  正在连接 QQ-主 邮箱服务器 (497720537@qq.com) ...
[2026-05-20 09:02:21]  正在连接 QQ-备用 邮箱服务器 (shouqianbadavid@qq.com) ...
[2026-05-20 09:02:57]  正在连接 QQ-主 邮箱服务器 (497720537@qq.com) ...
[2026-05-20 09:02:57]  正在连接 QQ-备用 邮箱服务器 (shouqianbadavid@qq.com) ...
[2026-05-20 09:03:33]  正在连接 QQ-主 邮箱服务器 (497720537@qq.com) ...
[2026-05-20 09:03:33]  正在连接 QQ-备用 邮箱服务器 (shouqianbadavid@qq.com) ...
[2026-05-20 09:04:09]  正在连接 QQ-主 邮箱服务器 (497720537@qq.com) ...
[2026-05-20 09:04:10]  QQ-主 正在解析因子: =?GBK?B?MjAyNsTqMDXUwjE5yNW358/Vycy7p8fltaU=?=
[2026-05-20 09:04:10]  QQ-主 邮件 3655 无 HTML 表格
[2026-05-20 09:04:10]  正在连接 QQ-备用 邮箱服务器 (shouqianbadavid@qq.com) ...
[2026-05-20 09:04:46]  正在连接 QQ-主 邮箱服务器 (497720537@qq.com) ...
[2026-05-20 09:04:47]  正在连接 QQ-备用 邮箱服务器 (shouqianbadavid@qq.com) ...
[2026-05-20 09:05:22]  正在连接 QQ-主 邮箱服务器 (497720537@qq.com) ...
[2026-05-20 09:05:23]  正在连接 QQ-备用 邮箱服务器 (shouqianbadavid@qq.com) ...
[2026-05-20 09:05:59]  正在连接 QQ-主 邮箱服务器 (497720537@qq.com) ...
[2026-05-20 09:06:00]  正在连接 QQ-备用 邮箱服务器 (shouqianbadavid@qq.com) ...
[2026-05-20 09:06:36]  正在连接 QQ-主 邮箱服务器 (497720537@qq.com) ...
[2026-05-20 09:06:36]  正在连接 QQ-备用 邮箱服务器 (shouqianbadavid@qq.com) ...
[2026-05-20 09:07:12]  正在连接 QQ-主 邮箱服务器 (497720537@qq.com) ...
[2026-05-20 09:07:13]  正在连接 QQ-备用 邮箱服务器 (shouqianbadavid@qq.com) ...
[2026-05-20 09:07:49]  正在连接 QQ-主 邮箱服务器 (497720537@qq.com) ...
[2026-05-20 09:07:49]  正在连接 QQ-备用 邮箱服务器 (shouqianbadavid@qq.com) ...
[2026-05-20 09:08:25]  正在连接 QQ-主 邮箱服务器 (497720537@qq.com) ...
[2026-05-20 09:08:25]  正在连接 QQ-备用 邮箱服务器 (shouqianbadavid@qq.com) ...
[2026-05-20 09:09:01]  正在连接 QQ-主 邮箱服务器 (497720537@qq.com) ...
[2026-05-20 09:09:02]  正在连接 QQ-备用 邮箱服务器 (shouqianbadavid@qq.com) ...
[2026-05-20 09:09:37]  正在连接 QQ-主 邮箱服务器 (497720537@qq.com) ...
[2026-05-20 09:09:38]  正在连接 QQ-备用 邮箱服务器 (shouqianbadavid@qq.com) ...
[2026-05-20 09:10:14]  正在连接 QQ-主 邮箱服务器 (497720537@qq.com) ...
[2026-05-20 09:10:14]  正在连接 QQ-备用 邮箱服务器 (shouqianbadavid@qq.com) ...
[2026-05-20 09:10:50]  正在连接 QQ-主 邮箱服务器 (497720537@qq.com) ...
[2026-05-20 09:10:51]  正在连接 QQ-备用 邮箱服务器 (shouqianbadavid@qq.com) ...
[2026-05-20 09:11:27]  正在连接 QQ-主 邮箱服务器 (497720537@qq.com) ...
[2026-05-20 09:11:27]  正在连接 QQ-备用 邮箱服务器 (shouqianbadavid@qq.com) ...
[2026-05-20 09:12:03]  正在连接 QQ-主 邮箱服务器 (497720537@qq.com) ...
[2026-05-20 09:12:04]  正在连接 QQ-备用 邮箱服务器 (shouqianbadavid@qq.com) ...
[2026-05-20 09:12:40]  正在连接 QQ-主 邮箱服务器 (497720537@qq.com) ...
[2026-05-20 09:12:40]  正在连接 QQ-备用 邮箱服务器 (shouqianbadavid@qq.com) ...
[2026-05-20 09:13:16]  正在连接 QQ-主 邮箱服务器 (497720537@qq.com) ...
[2026-05-20 09:13:17]  正在连接 QQ-备用 邮箱服务器 (shouqianbadavid@qq.com) ...
[2026-05-20 09:13:53]  正在连接 QQ-主 邮箱服务器 (497720537@qq.com) ...
[2026-05-20 09:13:53]  正在连接 QQ-备用 邮箱服务器 (shouqianbadavid@qq.com) ...
[2026-05-20 09:14:29]  正在连接 QQ-主 邮箱服务器 (497720537@qq.com) ...
[2026-05-20 09:14:30]  正在连接 QQ-备用 邮箱服务器 (shouqianbadavid@qq.com) ...
[2026-05-20 09:15:05]  正在连接 QQ-主 邮箱服务器 (497720537@qq.com) ...
[2026-05-20 09:15:06]  正在连接 QQ-备用 邮箱服务器 (shouqianbadavid@qq.com) ...
[2026-05-20 09:15:42]  正在连接 QQ-主 邮箱服务器 (497720537@qq.com) ...
[2026-05-20 09:15:42]  正在连接 QQ-备用 邮箱服务器 (shouqianbadavid@qq.com) ...
[2026-05-20 09:16:18]  正在连接 QQ-主 邮箱服务器 (497720537@qq.com) ...
[2026-05-20 09:16:19]  正在连接 QQ-备用 邮箱服务器 (shouqianbadavid@qq.com) ...
[2026-05-20 09:16:55]  正在连接 QQ-主 邮箱服务器 (497720537@qq.com) ...
[2026-05-20 09:16:55]  正在连接 QQ-备用 邮箱服务器 (shouqianbadavid@qq.com) ...
[2026-05-20 09:17:31]  正在连接 QQ-主 邮箱服务器 (497720537@qq.com) ...
[2026-05-20 09:17:31]  正在连接 QQ-备用 邮箱服务器 (shouqianbadavid@qq.com) ...
[2026-05-20 09:18:07]  正在连接 QQ-主 邮箱服务器 (497720537@qq.com) ...
[2026-05-20 09:18:08]  正在连接 QQ-备用 邮箱服务器 (shouqianbadavid@qq.com) ...
[2026-05-20 09:18:43]  正在连接 QQ-主 邮箱服务器 (497720537@qq.com) ...
[2026-05-20 09:18:44]  正在连接 QQ-备用 邮箱服务器 (shouqianbadavid@qq.com) ...
[2026-05-20 09:19:19]  正在连接 QQ-主 邮箱服务器 (497720537@qq.com) ...
[2026-05-20 09:19:20]  正在连接 QQ-备用 邮箱服务器 (shouqianbadavid@qq.com) ...
[2026-05-20 09:19:56]  正在连接 QQ-主 邮箱服务器 (497720537@qq.com) ...
[2026-05-20 09:19:57]  正在连接 QQ-备用 邮箱服务器 (shouqianbadavid@qq.com) ...
[2026-05-20 09:20:33]  正在连接 QQ-主 邮箱服务器 (497720537@qq.com) ...
[2026-05-20 09:20:33]  正在连接 QQ-备用 邮箱服务器 (shouqianbadavid@qq.com) ...
[2026-05-20 09:21:09]  正在连接 QQ-主 邮箱服务器 (497720537@qq.com) ...
[2026-05-20 09:21:10]  正在连接 QQ-备用 邮箱服务器 (shouqianbadavid@qq.com) ...
[2026-05-20 09:21:45]  正在连接 QQ-主 邮箱服务器 (497720537@qq.com) ...
[2026-05-20 09:21:46]  正在连接 QQ-备用 邮箱服务器 (shouqianbadavid@qq.com) ...
[2026-05-20 09:22:22]  正在连接 QQ-主 邮箱服务器 (497720537@qq.com) ...
[2026-05-20 09:22:22]  正在连接 QQ-备用 邮箱服务器 (shouqianbadavid@qq.com) ...
[2026-05-20 09:22:58]  正在连接 QQ-主 邮箱服务器 (497720537@qq.com) ...
[2026-05-20 09:22:59]  正在连接 QQ-备用 邮箱服务器 (shouqianbadavid@qq.com) ...
[2026-05-20 09:23:34]  正在连接 QQ-主 邮箱服务器 (497720537@qq.com) ...
[2026-05-20 09:23:35]  正在连接 QQ-备用 邮箱服务器 (shouqianbadavid@qq.com) ...
[2026-05-20 09:24:11]  正在连接 QQ-主 邮箱服务器 (497720537@qq.com) ...
[2026-05-20 09:24:12]  正在连接 QQ-备用 邮箱服务器 (shouqianbadavid@qq.com) ...
[2026-05-20 09:24:47]  正在连接 QQ-主 邮箱服务器 (497720537@qq.com) ...
[2026-05-20 09:24:48]  正在连接 QQ-备用 邮箱服务器 (shouqianbadavid@qq.com) ...
[2026-05-20 09:25:24]  正在连接 QQ-主 邮箱服务器 (497720537@qq.com) ...
[2026-05-20 09:25:25]  正在连接 QQ-备用 邮箱服务器 (shouqianbadavid@qq.com) ...
[2026-05-20 09:26:00]  正在连接 QQ-主 邮箱服务器 (497720537@qq.com) ...
[2026-05-20 09:26:01]  正在连接 QQ-备用 邮箱服务器 (shouqianbadavid@qq.com) ...
[2026-05-20 09:26:37]  正在连接 QQ-主 邮箱服务器 (497720537@qq.com) ...
[2026-05-20 09:26:37]  正在连接 QQ-备用 邮箱服务器 (shouqianbadavid@qq.com) ...
[2026-05-20 09:27:13]  正在连接 QQ-主 邮箱服务器 (497720537@qq.com) ...
[2026-05-20 09:27:14]  正在连接 QQ-备用 邮箱服务器 (shouqianbadavid@qq.com) ...
[2026-05-20 09:27:49]  正在连接 QQ-主 邮箱服务器 (497720537@qq.com) ...
[2026-05-20 09:27:50]  正在连接 QQ-备用 邮箱服务器 (shouqianbadavid@qq.com) ...
[2026-05-20 09:28:26]  正在连接 QQ-主 邮箱服务器 (497720537@qq.com) ...
[2026-05-20 09:28:27]  正在连接 QQ-备用 邮箱服务器 (shouqianbadavid@qq.com) ...
[2026-05-20 09:29:03]  正在连接 QQ-主 邮箱服务器 (497720537@qq.com) ...
[2026-05-20 09:29:04]  正在连接 QQ-备用 邮箱服务器 (shouqianbadavid@qq.com) ...
[2026-05-20 09:29:39]  正在连接 QQ-主 邮箱服务器 (497720537@qq.com) ...
[2026-05-20 09:29:40]  正在连接 QQ-备用 邮箱服务器 (shouqianbadavid@qq.com) ...
[2026-05-20 09:30:15]  正在连接 QQ-主 邮箱服务器 (497720537@qq.com) ...
[2026-05-20 09:30:16]  正在连接 QQ-备用 邮箱服务器 (shouqianbadavid@qq.com) ...
[2026-05-20 09:30:52]  正在连接 QQ-主 邮箱服务器 (497720537@qq.com) ...
[2026-05-20 09:30:53]  正在连接 QQ-备用 邮箱服务器 (shouqianbadavid@qq.com) ...
[2026-05-20 09:31:28]  正在连接 QQ-主 邮箱服务器 (497720537@qq.com) ...
[2026-05-20 09:31:29]  正在连接 QQ-备用 邮箱服务器 (shouqianbadavid@qq.com) ...
[2026-05-20 09:32:05]  正在连接 QQ-主 邮箱服务器 (497720537@qq.com) ...
[2026-05-20 09:32:05]  正在连接 QQ-备用 邮箱服务器 (shouqianbadavid@qq.com) ...
[2026-05-20 09:32:41]  正在连接 QQ-主 邮箱服务器 (497720537@qq.com) ...
[2026-05-20 09:32:42]  正在连接 QQ-备用 邮箱服务器 (shouqianbadavid@qq.com) ...
[2026-05-20 09:33:17]  正在连接 QQ-主 邮箱服务器 (497720537@qq.com) ...
[2026-05-20 09:33:18]  正在连接 QQ-备用 邮箱服务器 (shouqianbadavid@qq.com) ...
[2026-05-20 09:33:54]  正在连接 QQ-主 邮箱服务器 (497720537@qq.com) ...
[2026-05-20 09:33:54]  正在连接 QQ-备用 邮箱服务器 (shouqianbadavid@qq.com) ...
[2026-05-20 09:34:30]  正在连接 QQ-主 邮箱服务器 (497720537@qq.com) ...
[2026-05-20 09:34:30]  正在连接 QQ-备用 邮箱服务器 (shouqianbadavid@qq.com) ...
[2026-05-20 09:35:06]  正在连接 QQ-主 邮箱服务器 (497720537@qq.com) ...
[2026-05-20 09:35:07]  正在连接 QQ-备用 邮箱服务器 (shouqianbadavid@qq.com) ...
[2026-05-20 09:35:42]  正在连接 QQ-主 邮箱服务器 (497720537@qq.com) ...
[2026-05-20 09:35:43]  正在连接 QQ-备用 邮箱服务器 (shouqianbadavid@qq.com) ...
[2026-05-20 09:36:18]  正在连接 QQ-主 邮箱服务器 (497720537@qq.com) ...
[2026-05-20 09:36:19]  正在连接 QQ-备用 邮箱服务器 (shouqianbadavid@qq.com) ...
[2026-05-20 09:36:54]  正在连接 QQ-主 邮箱服务器 (497720537@qq.com) ...
[2026-05-20 09:36:55]  QQ-主 正在解析因子: =?utf-8?b?QWxwaGFQaWxvdCDlrp7ml7bkv6Hlj7cgKGFscGhhX3NpZ25hbF90aHJfMjAyNjA1MjBfMDkzNi5qc29uKSBb5Li7UVEt5a+55aSWXQ==?=
[2026-05-20 09:36:55]  发现表格，共 25 行数据
[2026-05-20 09:36:55]  动态索引映射: ['股票代码', '股票名称', '信号', '当前价格', '量比', '来源过滤']
[2026-05-20 09:36:55]  [行1] 解析成功: SZSE.300285 [国瓷材料] SELL @ 43.28 (VR:1.48)
[2026-05-20 09:36:55]  [行2] 解析成功: SZSE.002015 [协鑫能科] SELL @ 22.14 (VR:0.08)
[2026-05-20 09:36:55]  [行3] 解析成功: SHSE.688295 [奥林德] SELL @ 53.0 (VR:0.32)
[2026-05-20 09:36:55]  [行4] 解析成功: SZSE.002445 [中南文化] SELL @ 3.81 (VR:0.1)
[2026-05-20 09:36:55]  [行5] 解析成功: SHSE.601669 [中国电建] BUY @ 5.74 (VR:0.44)
[2026-05-20 09:36:55]  [行6] 解析成功: SHSE.600722 [金牛化工] BUY @ 11.78 (VR:0.29)
[2026-05-20 09:36:55]  [行7] 解析成功: SHSE.601016 [节能风电] SELL @ 5.04 (VR:0.09)
[2026-05-20 09:36:55]  [行8] 解析成功: SHSE.600726 [华电能源] BUY @ 6.69 (VR:0.08)
[2026-05-20 09:36:55]  [行9] 解析成功: SHSE.688295 [中复神鹰] SELL @ 52.98 (VR:0.02)
[2026-05-20 09:36:55]  [行10] 解析成功: SZSE.300782 [卓胜微] BUY @ 127.94 (VR:0.39)
[2026-05-20 09:36:55]  [行11] 解析成功: SZSE.300866 [安克创新] BUY @ 126.53 (VR:0.2)
[2026-05-20 09:36:55]  [行12] 解析成功: SZSE.300364 [中文在线] SELL @ 28.01 (VR:0.08)
[2026-05-20 09:36:55]  [行13] 解析成功: SZSE.301281 [利源制药] SELL @ 38.31 (VR:0.01)
[2026-05-20 09:36:55]  [行14] 解析成功: SZSE.300285 [国瓷材料] SELL @ 42.62 (VR:1.4)
[2026-05-20 09:36:55]  [行15] 解析成功: SZSE.002015 [协鑫能科] SELL @ 21.77 (VR:0.42)
[2026-05-20 09:36:55]  [行16] 解析成功: SHSE.688295 [奥林德] SELL @ 53.18 (VR:0.05)
[2026-05-20 09:36:55]  [行17] 解析成功: SZSE.002445 [中南文化] SELL @ 3.78 (VR:0.93)
[2026-05-20 09:36:55]  [行18] 解析成功: SHSE.601868 [中国能建] SELL @ 3.14 (VR:0.08)
[2026-05-20 09:36:55]  [行19] 解析成功: SHSE.601669 [中国电建] BUY @ 5.75 (VR:0.11)
[2026-05-20 09:36:55]  [行20] 解析成功: SHSE.600722 [金牛化工] BUY @ 11.9 (VR:0.24)
[2026-05-20 09:36:55]  [行21] 解析成功: SHSE.600726 [华电能源] BUY @ 6.71 (VR:0.31)
[2026-05-20 09:36:55]  [行22] 解析成功: SHSE.688295 [中复神鹰] SELL @ 52.98 (VR:0.33)
[2026-05-20 09:36:55]  [行23] 解析成功: SZSE.300782 [卓胜微] BUY @ 128.63 (VR:0.2)
[2026-05-20 09:36:55]  [行24] 解析成功: SZSE.300866 [安克创新] BUY @ 128.48 (VR:0.51)
[2026-05-20 09:36:55]  [行25] 解析成功: SZSE.301281 [利源制药] SELL @ 38.13 (VR:0.65)
[2026-05-20 09:36:55] 成功保存 25 条因子至: signal_batch_20260520_093655_613316.txt
[2026-05-20 09:36:55]  QQ-主 邮件 3656 处理完成
[2026-05-20 09:36:55]  QQ-主 本轮共成功处理 1 封有效信号邮件
[2026-05-20 09:36:55]  正在连接 QQ-备用 邮箱服务器 (shouqianbadavid@qq.com) ...
[2026-05-20 09:37:31]  正在连接 QQ-主 邮箱服务器 (497720537@qq.com) ...
[2026-05-20 09:37:32]  正在连接 QQ-备用 邮箱服务器 (shouqianbadavid@qq.com) ...
[2026-05-20 09:37:33]  QQ-备用 正在解析因子: =?utf-8?b?QWxwaGFQaWxvdCDlpIfku73kv6Hlj7cgKGFscGhhX3NpZ25hbF90aHJfMjAyNjA1MjBfMDkzNi5qc29uKSBb5aSHUVEt6Ieq5L+dXQ==?=
[2026-05-20 09:37:33]  发现表格，共 25 行数据
[2026-05-20 09:37:33]  动态索引映射: ['股票代码', '股票名称', '信号', '当前价格', '量比', '来源过滤']
[2026-05-20 09:37:33]  [行1] 解析成功: SZSE.300285 [国瓷材料] SELL @ 43.28 (VR:1.48)
[2026-05-20 09:37:33]  [行2] 解析成功: SZSE.002015 [协鑫能科] SELL @ 22.14 (VR:0.08)
[2026-05-20 09:37:33]  [行3] 解析成功: SHSE.688295 [奥林德] SELL @ 53.0 (VR:0.32)
[2026-05-20 09:37:33]  [行4] 解析成功: SZSE.002445 [中南文化] SELL @ 3.81 (VR:0.1)
[2026-05-20 09:37:33]  [行5] 解析成功: SHSE.601669 [中国电建] BUY @ 5.74 (VR:0.44)
[2026-05-20 09:37:33]  [行6] 解析成功: SHSE.600722 [金牛化工] BUY @ 11.78 (VR:0.29)
[2026-05-20 09:37:33]  [行7] 解析成功: SHSE.601016 [节能风电] SELL @ 5.04 (VR:0.09)
[2026-05-20 09:37:33]  [行8] 解析成功: SHSE.600726 [华电能源] BUY @ 6.69 (VR:0.08)
[2026-05-20 09:37:33]  [行9] 解析成功: SHSE.688295 [中复神鹰] SELL @ 52.98 (VR:0.02)
[2026-05-20 09:37:33]  [行10] 解析成功: SZSE.300782 [卓胜微] BUY @ 127.94 (VR:0.39)
[2026-05-20 09:37:33]  [行11] 解析成功: SZSE.300866 [安克创新] BUY @ 126.53 (VR:0.2)
[2026-05-20 09:37:33]  [行12] 解析成功: SZSE.300364 [中文在线] SELL @ 28.01 (VR:0.08)
[2026-05-20 09:37:33]  [行13] 解析成功: SZSE.301281 [利源制药] SELL @ 38.31 (VR:0.01)
[2026-05-20 09:37:33]  [行14] 解析成功: SZSE.300285 [国瓷材料] SELL @ 42.62 (VR:1.4)
[2026-05-20 09:37:33]  [行15] 解析成功: SZSE.002015 [协鑫能科] SELL @ 21.77 (VR:0.42)
[2026-05-20 09:37:33]  [行16] 解析成功: SHSE.688295 [奥林德] SELL @ 53.18 (VR:0.05)
[2026-05-20 09:37:33]  [行17] 解析成功: SZSE.002445 [中南文化] SELL @ 3.78 (VR:0.93)
[2026-05-20 09:37:33]  [行18] 解析成功: SHSE.601868 [中国能建] SELL @ 3.14 (VR:0.08)
[2026-05-20 09:37:33]  [行19] 解析成功: SHSE.601669 [中国电建] BUY @ 5.75 (VR:0.11)
[2026-05-20 09:37:33]  [行20] 解析成功: SHSE.600722 [金牛化工] BUY @ 11.9 (VR:0.24)
[2026-05-20 09:37:33]  [行21] 解析成功: SHSE.600726 [华电能源] BUY @ 6.71 (VR:0.31)
[2026-05-20 09:37:33]  [行22] 解析成功: SHSE.688295 [中复神鹰] SELL @ 52.98 (VR:0.33)
[2026-05-20 09:37:33]  [行23] 解析成功: SZSE.300782 [卓胜微] BUY @ 128.63 (VR:0.2)
[2026-05-20 09:37:33]  [行24] 解析成功: SZSE.300866 [安克创新] BUY @ 128.48 (VR:0.51)
[2026-05-20 09:37:33]  [行25] 解析成功: SZSE.301281 [利源制药] SELL @ 38.13 (VR:0.65)
[2026-05-20 09:37:33] 成功保存 25 条因子至: signal_batch_20260520_093733_094713.txt
[2026-05-20 09:37:33]  QQ-备用 邮件 949 处理完成
[2026-05-20 09:37:33]  QQ-备用 本轮共成功处理 1 封有效信号邮件
[2026-05-20 09:38:08]  正在连接 QQ-主 邮箱服务器 (497720537@qq.com) ...
[2026-05-20 09:38:08]  正在连接 QQ-备用 邮箱服务器 (shouqianbadavid@qq.com) ...
[2026-05-20 09:38:44]  正在连接 QQ-主 邮箱服务器 (497720537@qq.com) ...
[2026-05-20 09:38:44]  正在连接 QQ-备用 邮箱服务器 (shouqianbadavid@qq.com) ...
[2026-05-20 09:39:20]  正在连接 QQ-主 邮箱服务器 (497720537@qq.com) ...
[2026-05-20 09:39:20]  正在连接 QQ-备用 邮箱服务器 (shouqianbadavid@qq.com) ...
[2026-05-20 09:39:56]  正在连接 QQ-主 邮箱服务器 (497720537@qq.com) ...
[2026-05-20 09:39:56]  正在连接 QQ-备用 邮箱服务器 (shouqianbadavid@qq.com) ...
[2026-05-20 09:40:32]  正在连接 QQ-主 邮箱服务器 (497720537@qq.com) ...
[2026-05-20 09:40:33]  正在连接 QQ-备用 邮箱服务器 (shouqianbadavid@qq.com) ...
[2026-05-20 09:41:08]  正在连接 QQ-主 邮箱服务器 (497720537@qq.com) ...
[2026-05-20 09:41:08]  正在连接 QQ-备用 邮箱服务器 (shouqianbadavid@qq.com) ...
[2026-05-20 09:41:44]  正在连接 QQ-主 邮箱服务器 (497720537@qq.com) ...
[2026-05-20 09:41:44]  正在连接 QQ-备用 邮箱服务器 (shouqianbadavid@qq.com) ...
[2026-05-20 09:42:20]  正在连接 QQ-主 邮箱服务器 (497720537@qq.com) ...
[2026-05-20 09:42:20]  QQ-主 正在解析因子: =?utf-8?b?QWxwaGFQaWxvdCDlrp7ml7bkv6Hlj7cgKGFscGhhX3NpZ25hbF90aHJfMjAyNjA1MjBfMDk0MS5qc29uKSBb5Li7UVEt5a+55aSWXQ==?=
[2026-05-20 09:42:20]  发现表格，共 26 行数据
[2026-05-20 09:42:20]  动态索引映射: ['股票代码', '股票名称', '信号', '当前价格', '量比', '来源过滤']
[2026-05-20 09:42:20]  [行1] 解析成功: SZSE.002300 [太阳电缆] SELL @ 10.01 (VR:0.43)
[2026-05-20 09:42:20]  [行2] 解析成功: SZSE.002460 [赣锋锂业] SELL @ 75.6 (VR:0.29)
[2026-05-20 09:42:20]  [行3] 解析成功: SZSE.002498 [汉缆股份] SELL @ 9.41 (VR:0.44)
[2026-05-20 09:42:20]  [行4] 解析成功: SHSE.600699 [均胜电子] SELL @ 29.19 (VR:0.89)
[2026-05-20 09:42:20]  [行5] 解析成功: SZSE.002364 [中恒电器] SELL @ 51.05 (VR:0.97)
[2026-05-20 09:42:20]  [行6] 解析成功: SZSE.000537 [绿发电力] SELL @ 10.86 (VR:0.01)
[2026-05-20 09:42:20]  [行7] 解析成功: SZSE.002298 [中电鑫龙] SELL @ 11.48 (VR:0.02)
[2026-05-20 09:42:20]  [行8] 解析成功: SZSE.002475 [立讯精密] SELL @ 71.12 (VR:0.0)
[2026-05-20 09:42:20]  [行9] 解析成功: SZSE.002679 [福建金森] SELL @ 10.43 (VR:0.01)
[2026-05-20 09:42:20]  [行10] 解析成功: SZSE.002925 [盈趣科技] SELL @ 20.66 (VR:1.08)
[2026-05-20 09:42:20]  [行11] 解析成功: SZSE.000536 [华映科技] SELL @ 3.94 (VR:1.61)
[2026-05-20 09:42:20]  [行12] 解析成功: SZSE.002828 [贝肯能源] BUY @ 11.32 (VR:3.13)
[2026-05-20 09:42:20]  [行13] 解析成功: SZSE.300693 [盛弘股份] SELL @ 60.74 (VR:0.58)
[2026-05-20 09:42:20]  [行14] 解析成功: SZSE.001309 [德利明] SELL @ 698.03 (VR:0.54)
[2026-05-20 09:42:20]  [行15] 解析成功: SZSE.002300 [太阳电缆] SELL @ 9.88 (VR:0.79)
[2026-05-20 09:42:20]  [行16] 解析成功: SZSE.002460 [赣锋锂业] SELL @ 75.38 (VR:0.85)
[2026-05-20 09:42:20]  [行17] 解析成功: SZSE.002498 [汉缆股份] SELL @ 9.33 (VR:0.52)
[2026-05-20 09:42:20]  [行18] 解析成功: SHSE.600699 [均胜电子] SELL @ 29.16 (VR:0.66)
[2026-05-20 09:42:20]  [行19] 解析成功: SZSE.002364 [中恒电器] SELL @ 50.77 (VR:0.74)
[2026-05-20 09:42:20]  [行20] 解析成功: SZSE.000537 [绿发电力] SELL @ 10.81 (VR:1.12)
[2026-05-20 09:42:20]  [行21] 解析成功: SZSE.002679 [福建金森] SELL @ 10.43 (VR:1.75)
[2026-05-20 09:42:20]  [行22] 解析成功: SZSE.002925 [盈趣科技] SELL @ 20.55 (VR:2.67)
[2026-05-20 09:42:20]  [行23] 解析成功: SZSE.000536 [华映科技] SELL @ 3.91 (VR:1.64)
[2026-05-20 09:42:20]  [行24] 解析成功: SZSE.300693 [盛弘股份] SELL @ 60.14 (VR:1.11)
[2026-05-20 09:42:20]  [行25] 解析成功: SZSE.001309 [德利明] SELL @ 697.55 (VR:0.96)
[2026-05-20 09:42:20]  [行26] 解析成功: SHSE.688331 [荣昌生物] BUY @ 116.63 (VR:2.89)
[2026-05-20 09:42:20] 成功保存 26 条因子至: signal_batch_20260520_094220_798983.txt
[2026-05-20 09:42:20]  QQ-主 邮件 3657 处理完成
[2026-05-20 09:42:20]  QQ-主 本轮共成功处理 1 封有效信号邮件
[2026-05-20 09:42:20]  正在连接 QQ-备用 邮箱服务器 (shouqianbadavid@qq.com) ...
[2026-05-20 09:42:21]  QQ-备用 正在解析因子: =?utf-8?b?QWxwaGFQaWxvdCDlpIfku73kv6Hlj7cgKGFscGhhX3NpZ25hbF90aHJfMjAyNjA1MjBfMDk0MS5qc29uKSBb5aSHUVEt6Ieq5L+dXQ==?=
[2026-05-20 09:42:21]  发现表格，共 26 行数据
[2026-05-20 09:42:21]  动态索引映射: ['股票代码', '股票名称', '信号', '当前价格', '量比', '来源过滤']
[2026-05-20 09:42:21]  [行1] 解析成功: SZSE.002300 [太阳电缆] SELL @ 10.01 (VR:0.43)
[2026-05-20 09:42:21]  [行2] 解析成功: SZSE.002460 [赣锋锂业] SELL @ 75.6 (VR:0.29)
[2026-05-20 09:42:21]  [行3] 解析成功: SZSE.002498 [汉缆股份] SELL @ 9.41 (VR:0.44)
[2026-05-20 09:42:21]  [行4] 解析成功: SHSE.600699 [均胜电子] SELL @ 29.19 (VR:0.89)
[2026-05-20 09:42:21]  [行5] 解析成功: SZSE.002364 [中恒电器] SELL @ 51.05 (VR:0.97)
[2026-05-20 09:42:21]  [行6] 解析成功: SZSE.000537 [绿发电力] SELL @ 10.86 (VR:0.01)
[2026-05-20 09:42:21]  [行7] 解析成功: SZSE.002298 [中电鑫龙] SELL @ 11.48 (VR:0.02)
[2026-05-20 09:42:21]  [行8] 解析成功: SZSE.002475 [立讯精密] SELL @ 71.12 (VR:0.0)
[2026-05-20 09:42:21]  [行9] 解析成功: SZSE.002679 [福建金森] SELL @ 10.43 (VR:0.01)
[2026-05-20 09:42:21]  [行10] 解析成功: SZSE.002925 [盈趣科技] SELL @ 20.66 (VR:1.08)
[2026-05-20 09:42:21]  [行11] 解析成功: SZSE.000536 [华映科技] SELL @ 3.94 (VR:1.61)
[2026-05-20 09:42:21]  [行12] 解析成功: SZSE.002828 [贝肯能源] BUY @ 11.32 (VR:3.13)
[2026-05-20 09:42:21]  [行13] 解析成功: SZSE.300693 [盛弘股份] SELL @ 60.74 (VR:0.58)
[2026-05-20 09:42:21]  [行14] 解析成功: SZSE.001309 [德利明] SELL @ 698.03 (VR:0.54)
[2026-05-20 09:42:21]  [行15] 解析成功: SZSE.002300 [太阳电缆] SELL @ 9.88 (VR:0.79)
[2026-05-20 09:42:21]  [行16] 解析成功: SZSE.002460 [赣锋锂业] SELL @ 75.38 (VR:0.85)
[2026-05-20 09:42:21]  [行17] 解析成功: SZSE.002498 [汉缆股份] SELL @ 9.33 (VR:0.52)
[2026-05-20 09:42:21]  [行18] 解析成功: SHSE.600699 [均胜电子] SELL @ 29.16 (VR:0.66)
[2026-05-20 09:42:21]  [行19] 解析成功: SZSE.002364 [中恒电器] SELL @ 50.77 (VR:0.74)
[2026-05-20 09:42:21]  [行20] 解析成功: SZSE.000537 [绿发电力] SELL @ 10.81 (VR:1.12)
[2026-05-20 09:42:21]  [行21] 解析成功: SZSE.002679 [福建金森] SELL @ 10.43 (VR:1.75)
[2026-05-20 09:42:21]  [行22] 解析成功: SZSE.002925 [盈趣科技] SELL @ 20.55 (VR:2.67)
[2026-05-20 09:42:21]  [行23] 解析成功: SZSE.000536 [华映科技] SELL @ 3.91 (VR:1.64)
[2026-05-20 09:42:21]  [行24] 解析成功: SZSE.300693 [盛弘股份] SELL @ 60.14 (VR:1.11)
[2026-05-20 09:42:21]  [行25] 解析成功: SZSE.001309 [德利明] SELL @ 697.55 (VR:0.96)
[2026-05-20 09:42:21]  [行26] 解析成功: SHSE.688331 [荣昌生物] BUY @ 116.63 (VR:2.89)
[2026-05-20 09:42:21] 成功保存 26 条因子至: signal_batch_20260520_094221_619514.txt
[2026-05-20 09:42:21]  QQ-备用 邮件 950 处理完成
[2026-05-20 09:42:21]  QQ-备用 本轮共成功处理 1 封有效信号邮件
[2026-05-20 09:42:56]  正在连接 QQ-主 邮箱服务器 (497720537@qq.com) ...
[2026-05-20 09:42:57]  正在连接 QQ-备用 邮箱服务器 (shouqianbadavid@qq.com) ...
[2026-05-20 09:43:32]  正在连接 QQ-主 邮箱服务器 (497720537@qq.com) ...
[2026-05-20 09:43:33]  正在连接 QQ-备用 邮箱服务器 (shouqianbadavid@qq.com) ...
[2026-05-20 09:44:09]  正在连接 QQ-主 邮箱服务器 (497720537@qq.com) ...
[2026-05-20 09:44:09]  正在连接 QQ-备用 邮箱服务器 (shouqianbadavid@qq.com) ...
[2026-05-20 09:44:45]  正在连接 QQ-主 邮箱服务器 (497720537@qq.com) ...
[2026-05-20 09:44:45]  正在连接 QQ-备用 邮箱服务器 (shouqianbadavid@qq.com) ...
[2026-05-20 09:45:21]  正在连接 QQ-主 邮箱服务器 (497720537@qq.com) ...
[2026-05-20 09:45:21]  正在连接 QQ-备用 邮箱服务器 (shouqianbadavid@qq.com) ...
[2026-05-20 09:45:57]  正在连接 QQ-主 邮箱服务器 (497720537@qq.com) ...
[2026-05-20 09:45:58]  正在连接 QQ-备用 邮箱服务器 (shouqianbadavid@qq.com) ...
[2026-05-20 09:46:33]  正在连接 QQ-主 邮箱服务器 (497720537@qq.com) ...
[2026-05-20 09:46:34]  QQ-主 正在解析因子: =?utf-8?b?QWxwaGFQaWxvdCDlrp7ml7bkv6Hlj7cgKGFscGhhX3NpZ25hbF90aHJfMjAyNjA1MjBfMDk0Ni5qc29uKSBb5Li7UVEt5a+55aSWXQ==?=
[2026-05-20 09:46:34]  发现表格，共 8 行数据
[2026-05-20 09:46:34]  动态索引映射: ['股票代码', '股票名称', '信号', '当前价格', '量比', '来源过滤']
[2026-05-20 09:46:34]  [行1] 解析成功: SZSE.300274 [阳光电源] SELL @ 160.38 (VR:1.02)
[2026-05-20 09:46:34]  [行2] 解析成功: SZSE.002202 [金风科技] SELL @ 24.76 (VR:0.01)
[2026-05-20 09:46:34]  [行3] 解析成功: SZSE.300207 [欣旺达] SELL @ 24.62 (VR:0.01)
[2026-05-20 09:46:34]  [行4] 解析成功: SZSE.300274 [阳光电源] SELL @ 158.86 (VR:0.36)
[2026-05-20 09:46:34]  [行5] 解析成功: SZSE.301419 [瑞可达] SELL @ 41.47 (VR:1.71)
[2026-05-20 09:46:34]  [行6] 解析成功: SZSE.300449 [汉邦高科] SELL @ 9.19 (VR:0.34)
[2026-05-20 09:46:34]  [行7] 解析成功: SZSE.300390 [天华超净] SELL @ 87.79 (VR:0.05)
[2026-05-20 09:46:34]  [行8] 解析成功: SZSE.300953 [震裕科技] BUY @ 240.0 (VR:0.04)
[2026-05-20 09:46:34] 成功保存 8 条因子至: signal_batch_20260520_094634_683711.txt
[2026-05-20 09:46:34]  QQ-主 邮件 3658 处理完成
[2026-05-20 09:46:34]  QQ-主 本轮共成功处理 1 封有效信号邮件
[2026-05-20 09:46:35]  正在连接 QQ-备用 邮箱服务器 (shouqianbadavid@qq.com) ...
[2026-05-20 09:47:10]  正在连接 QQ-主 邮箱服务器 (497720537@qq.com) ...
[2026-05-20 09:47:10]  正在连接 QQ-备用 邮箱服务器 (shouqianbadavid@qq.com) ...
[2026-05-20 09:47:11]  QQ-备用 正在解析因子: =?utf-8?b?QWxwaGFQaWxvdCDlpIfku73kv6Hlj7cgKGFscGhhX3NpZ25hbF90aHJfMjAyNjA1MjBfMDk0Ni5qc29uKSBb5aSHUVEt6Ieq5L+dXQ==?=
[2026-05-20 09:47:11]  发现表格，共 8 行数据
[2026-05-20 09:47:11]  动态索引映射: ['股票代码', '股票名称', '信号', '当前价格', '量比', '来源过滤']
[2026-05-20 09:47:11]  [行1] 解析成功: SZSE.300274 [阳光电源] SELL @ 160.38 (VR:1.02)
[2026-05-20 09:47:11]  [行2] 解析成功: SZSE.002202 [金风科技] SELL @ 24.76 (VR:0.01)
[2026-05-20 09:47:11]  [行3] 解析成功: SZSE.300207 [欣旺达] SELL @ 24.62 (VR:0.01)
[2026-05-20 09:47:11]  [行4] 解析成功: SZSE.300274 [阳光电源] SELL @ 158.86 (VR:0.36)
[2026-05-20 09:47:11]  [行5] 解析成功: SZSE.301419 [瑞可达] SELL @ 41.47 (VR:1.71)
[2026-05-20 09:47:11]  [行6] 解析成功: SZSE.300449 [汉邦高科] SELL @ 9.19 (VR:0.34)
[2026-05-20 09:47:11]  [行7] 解析成功: SZSE.300390 [天华超净] SELL @ 87.79 (VR:0.05)
[2026-05-20 09:47:11]  [行8] 解析成功: SZSE.300953 [震裕科技] BUY @ 240.0 (VR:0.04)
[2026-05-20 09:47:11] 成功保存 8 条因子至: signal_batch_20260520_094711_827917.txt
[2026-05-20 09:47:12]  QQ-备用 邮件 951 处理完成
[2026-05-20 09:47:12]  QQ-备用 本轮共成功处理 1 封有效信号邮件
[2026-05-20 09:47:47]  正在连接 QQ-主 邮箱服务器 (497720537@qq.com) ...
[2026-05-20 09:47:47]  正在连接 QQ-备用 邮箱服务器 (shouqianbadavid@qq.com) ...
[2026-05-20 09:48:23]  正在连接 QQ-主 邮箱服务器 (497720537@qq.com) ...
[2026-05-20 09:48:23]  正在连接 QQ-备用 邮箱服务器 (shouqianbadavid@qq.com) ...
[2026-05-20 09:48:59]  正在连接 QQ-主 邮箱服务器 (497720537@qq.com) ...
[2026-05-20 09:49:00]  正在连接 QQ-备用 邮箱服务器 (shouqianbadavid@qq.com) ...
[2026-05-20 09:49:35]  正在连接 QQ-主 邮箱服务器 (497720537@qq.com) ...
[2026-05-20 09:49:36]  QQ-主 正在解析因子: =?utf-8?b?QWxwaGFQaWxvdCDlrp7ml7bkv6Hlj7cgKGFscGhhX3NpZ25hbF90aHJfMjAyNjA1MjBfMDk0OS5qc29uKSBb5Li7UVEt5a+55aSWXQ==?=
[2026-05-20 09:49:36]  发现表格，共 13 行数据
[2026-05-20 09:49:36]  动态索引映射: ['股票代码', '股票名称', '信号', '当前价格', '量比', '来源过滤']
[2026-05-20 09:49:36]  [行1] 解析成功: SZSE.300722 [新余国科] SELL @ 26.24 (VR:0.0)
[2026-05-20 09:49:36]  [行2] 解析成功: SZSE.300641 [正丹股份] BUY @ 15.57 (VR:0.85)
[2026-05-20 09:49:36]  [行3] 解析成功: SZSE.300461 [田中精机] SELL @ 50.18 (VR:0.39)
[2026-05-20 09:49:36]  [行4] 解析成功: SZSE.301389 [隆扬电子] BUY @ 70.7 (VR:1.3)
[2026-05-20 09:49:36]  [行5] 解析成功: SZSE.300185 [通裕重工] SELL @ 3.08 (VR:0.14)
[2026-05-20 09:49:36]  [行6] 解析成功: SZSE.300672 [国科微] BUY @ 244.84 (VR:0.23)
[2026-05-20 09:49:36]  [行7] 解析成功: SZSE.301120 [新特电器] SELL @ 23.6 (VR:2.2)
[2026-05-20 09:49:36]  [行8] 解析成功: SZSE.300641 [正丹股份] BUY @ 15.58 (VR:0.71)
[2026-05-20 09:49:36]  [行9] 解析成功: SZSE.300461 [田中精机] SELL @ 49.93 (VR:0.86)
[2026-05-20 09:49:36]  [行10] 解析成功: SZSE.301389 [隆扬电子] BUY @ 70.79 (VR:0.06)
[2026-05-20 09:49:36]  [行11] 解析成功: SZSE.300468 [四方精创] SELL @ 26.97 (VR:0.27)
[2026-05-20 09:49:36]  [行12] 解析成功: SHSE.603353 [和顺电气] BUY @ 49.92 (VR:0.28)
[2026-05-20 09:49:36]  [行13] 解析成功: SZSE.300672 [国科微] BUY @ 246.63 (VR:0.66)
[2026-05-20 09:49:36] 成功保存 13 条因子至: signal_batch_20260520_094936_593190.txt
[2026-05-20 09:49:36]  QQ-主 邮件 3659 处理完成
[2026-05-20 09:49:36]  QQ-主 本轮共成功处理 1 封有效信号邮件
[2026-05-20 09:49:36]  正在连接 QQ-备用 邮箱服务器 (shouqianbadavid@qq.com) ...
[2026-05-20 09:49:37]  QQ-备用 正在解析因子: =?utf-8?b?QWxwaGFQaWxvdCDlpIfku73kv6Hlj7cgKGFscGhhX3NpZ25hbF90aHJfMjAyNjA1MjBfMDk0OS5qc29uKSBb5aSHUVEt6Ieq5L+dXQ==?=
[2026-05-20 09:49:37]  发现表格，共 13 行数据
[2026-05-20 09:49:37]  动态索引映射: ['股票代码', '股票名称', '信号', '当前价格', '量比', '来源过滤']
[2026-05-20 09:49:37]  [行1] 解析成功: SZSE.300722 [新余国科] SELL @ 26.24 (VR:0.0)
[2026-05-20 09:49:37]  [行2] 解析成功: SZSE.300641 [正丹股份] BUY @ 15.57 (VR:0.85)
[2026-05-20 09:49:37]  [行3] 解析成功: SZSE.300461 [田中精机] SELL @ 50.18 (VR:0.39)
[2026-05-20 09:49:37]  [行4] 解析成功: SZSE.301389 [隆扬电子] BUY @ 70.7 (VR:1.3)
[2026-05-20 09:49:37]  [行5] 解析成功: SZSE.300185 [通裕重工] SELL @ 3.08 (VR:0.14)
[2026-05-20 09:49:37]  [行6] 解析成功: SZSE.300672 [国科微] BUY @ 244.84 (VR:0.23)
[2026-05-20 09:49:37]  [行7] 解析成功: SZSE.301120 [新特电器] SELL @ 23.6 (VR:2.2)
[2026-05-20 09:49:37]  [行8] 解析成功: SZSE.300641 [正丹股份] BUY @ 15.58 (VR:0.71)
[2026-05-20 09:49:37]  [行9] 解析成功: SZSE.300461 [田中精机] SELL @ 49.93 (VR:0.86)
[2026-05-20 09:49:37]  [行10] 解析成功: SZSE.301389 [隆扬电子] BUY @ 70.79 (VR:0.06)
[2026-05-20 09:49:37]  [行11] 解析成功: SZSE.300468 [四方精创] SELL @ 26.97 (VR:0.27)
[2026-05-20 09:49:37]  [行12] 解析成功: SHSE.603353 [和顺电气] BUY @ 49.92 (VR:0.28)
[2026-05-20 09:49:37]  [行13] 解析成功: SZSE.300672 [国科微] BUY @ 246.63 (VR:0.66)
[2026-05-20 09:49:37] 成功保存 13 条因子至: signal_batch_20260520_094937_847686.txt
[2026-05-20 09:49:38]  QQ-备用 邮件 952 处理完成
[2026-05-20 09:49:38]  QQ-备用 本轮共成功处理 1 封有效信号邮件
[2026-05-20 09:50:13]  正在连接 QQ-主 邮箱服务器 (497720537@qq.com) ...
[2026-05-20 09:50:13]  正在连接 QQ-备用 邮箱服务器 (shouqianbadavid@qq.com) ...
[2026-05-20 09:50:49]  正在连接 QQ-主 邮箱服务器 (497720537@qq.com) ...
[2026-05-20 09:50:49]  正在连接 QQ-备用 邮箱服务器 (shouqianbadavid@qq.com) ...
[2026-05-20 09:51:25]  正在连接 QQ-主 邮箱服务器 (497720537@qq.com) ...
[2026-05-20 09:51:26]  正在连接 QQ-备用 邮箱服务器 (shouqianbadavid@qq.com) ...
[2026-05-20 09:52:01]  正在连接 QQ-主 邮箱服务器 (497720537@qq.com) ...
[2026-05-20 09:52:02]  正在连接 QQ-备用 邮箱服务器 (shouqianbadavid@qq.com) ...
[2026-05-20 09:52:38]  正在连接 QQ-主 邮箱服务器 (497720537@qq.com) ...
[2026-05-20 09:52:38]  正在连接 QQ-备用 邮箱服务器 (shouqianbadavid@qq.com) ...
[2026-05-20 09:53:14]  正在连接 QQ-主 邮箱服务器 (497720537@qq.com) ...
[2026-05-20 09:53:14]  正在连接 QQ-备用 邮箱服务器 (shouqianbadavid@qq.com) ...
[2026-05-20 09:53:50]  正在连接 QQ-主 邮箱服务器 (497720537@qq.com) ...
[2026-05-20 09:53:50]  正在连接 QQ-备用 邮箱服务器 (shouqianbadavid@qq.com) ...
[2026-05-20 09:54:25]  正在连接 QQ-主 邮箱服务器 (497720537@qq.com) ...
[2026-05-20 09:54:26]  QQ-主 正在解析因子: =?utf-8?b?QWxwaGFQaWxvdCDlrp7ml7bkv6Hlj7cgKGFscGhhX3NpZ25hbF90aHJfMjAyNjA1MjBfMDk1NC5qc29uKSBb5Li7UVEt5a+55aSWXQ==?=
[2026-05-20 09:54:26]  发现表格，共 16 行数据
[2026-05-20 09:54:26]  动态索引映射: ['股票代码', '股票名称', '信号', '当前价格', '量比', '来源过滤']
[2026-05-20 09:54:26]  [行1] 解析成功: SZSE.300195 [长荣股份] SELL @ 6.74 (VR:1.23)
[2026-05-20 09:54:26]  [行2] 解析成功: SZSE.300763 [锦浪科技] BUY @ 108.3 (VR:0.07)
[2026-05-20 09:54:26]  [行3] 解析成功: SZSE.002015 [协鑫能科] SELL @ 21.18 (VR:0.13)
[2026-05-20 09:54:26]  [行4] 解析成功: SZSE.000533 [顺钠股份] BUY @ 13.22 (VR:0.16)
[2026-05-20 09:54:26]  [行5] 解析成功: SZSE.300345 [华民股份] BUY @ 6.68 (VR:0.75)
[2026-05-20 09:54:26]  [行6] 解析成功: SZSE.002445 [中南文化] BUY @ 3.72 (VR:0.16)
[2026-05-20 09:54:26]  [行7] 解析成功: SHSE.601868 [中国能建] BUY @ 3.11 (VR:0.19)
[2026-05-20 09:54:26]  [行8] 解析成功: SHSE.600722 [金牛化工] SELL @ 11.8 (VR:0.23)
[2026-05-20 09:54:26]  [行9] 解析成功: SHSE.601016 [节能风电] SELL @ 4.86 (VR:1.33)
[2026-05-20 09:54:26]  [行10] 解析成功: SZSE.300813 [泰林生物] BUY @ 24.58 (VR:1.21)
[2026-05-20 09:54:26]  [行11] 解析成功: SZSE.300195 [长荣股份] SELL @ 6.72 (VR:0.05)
[2026-05-20 09:54:26]  [行12] 解析成功: SZSE.002015 [协鑫能科] SELL @ 21.11 (VR:0.59)
[2026-05-20 09:54:26]  [行13] 解析成功: SZSE.300345 [华民股份] BUY @ 6.69 (VR:0.33)
[2026-05-20 09:54:26]  [行14] 解析成功: SHSE.600821 [金发科技] SELL @ 8.18 (VR:0.18)
[2026-05-20 09:54:26]  [行15] 解析成功: SHSE.600722 [金牛化工] SELL @ 11.76 (VR:0.22)
[2026-05-20 09:54:26]  [行16] 解析成功: SHSE.601016 [节能风电] SELL @ 4.82 (VR:0.45)
[2026-05-20 09:54:26] 成功保存 16 条因子至: signal_batch_20260520_095426_459618.txt
[2026-05-20 09:54:26]  QQ-主 邮件 3660 处理完成
[2026-05-20 09:54:26]  QQ-主 本轮共成功处理 1 封有效信号邮件
[2026-05-20 09:54:26]  正在连接 QQ-备用 邮箱服务器 (shouqianbadavid@qq.com) ...
[2026-05-20 09:54:27]  QQ-备用 正在解析因子: =?utf-8?b?QWxwaGFQaWxvdCDlpIfku73kv6Hlj7cgKGFscGhhX3NpZ25hbF90aHJfMjAyNjA1MjBfMDk1NC5qc29uKSBb5aSHUVEt6Ieq5L+dXQ==?=
[2026-05-20 09:54:27]  发现表格，共 16 行数据
[2026-05-20 09:54:27]  动态索引映射: ['股票代码', '股票名称', '信号', '当前价格', '量比', '来源过滤']
[2026-05-20 09:54:27]  [行1] 解析成功: SZSE.300195 [长荣股份] SELL @ 6.74 (VR:1.23)
[2026-05-20 09:54:27]  [行2] 解析成功: SZSE.300763 [锦浪科技] BUY @ 108.3 (VR:0.07)
[2026-05-20 09:54:27]  [行3] 解析成功: SZSE.002015 [协鑫能科] SELL @ 21.18 (VR:0.13)
[2026-05-20 09:54:27]  [行4] 解析成功: SZSE.000533 [顺钠股份] BUY @ 13.22 (VR:0.16)
[2026-05-20 09:54:27]  [行5] 解析成功: SZSE.300345 [华民股份] BUY @ 6.68 (VR:0.75)
[2026-05-20 09:54:27]  [行6] 解析成功: SZSE.002445 [中南文化] BUY @ 3.72 (VR:0.16)
[2026-05-20 09:54:27]  [行7] 解析成功: SHSE.601868 [中国能建] BUY @ 3.11 (VR:0.19)
[2026-05-20 09:54:27]  [行8] 解析成功: SHSE.600722 [金牛化工] SELL @ 11.8 (VR:0.23)
[2026-05-20 09:54:27]  [行9] 解析成功: SHSE.601016 [节能风电] SELL @ 4.86 (VR:1.33)
[2026-05-20 09:54:27]  [行10] 解析成功: SZSE.300813 [泰林生物] BUY @ 24.58 (VR:1.21)
[2026-05-20 09:54:27]  [行11] 解析成功: SZSE.300195 [长荣股份] SELL @ 6.72 (VR:0.05)
[2026-05-20 09:54:27]  [行12] 解析成功: SZSE.002015 [协鑫能科] SELL @ 21.11 (VR:0.59)
[2026-05-20 09:54:27]  [行13] 解析成功: SZSE.300345 [华民股份] BUY @ 6.69 (VR:0.33)
[2026-05-20 09:54:27]  [行14] 解析成功: SHSE.600821 [金发科技] SELL @ 8.18 (VR:0.18)
[2026-05-20 09:54:27]  [行15] 解析成功: SHSE.600722 [金牛化工] SELL @ 11.76 (VR:0.22)
[2026-05-20 09:54:27]  [行16] 解析成功: SHSE.601016 [节能风电] SELL @ 4.82 (VR:0.45)
[2026-05-20 09:54:27] 成功保存 16 条因子至: signal_batch_20260520_095427_556497.txt
[2026-05-20 09:54:27]  QQ-备用 邮件 953 处理完成
[2026-05-20 09:54:27]  QQ-备用 本轮共成功处理 1 封有效信号邮件
[2026-05-20 09:55:02]  正在连接 QQ-主 邮箱服务器 (497720537@qq.com) ...
[2026-05-20 09:55:03]  正在连接 QQ-备用 邮箱服务器 (shouqianbadavid@qq.com) ...
[2026-05-20 09:55:39]  正在连接 QQ-主 邮箱服务器 (497720537@qq.com) ...
[2026-05-20 09:55:39]  正在连接 QQ-备用 邮箱服务器 (shouqianbadavid@qq.com) ...
[2026-05-20 09:56:15]  正在连接 QQ-主 邮箱服务器 (497720537@qq.com) ...
[2026-05-20 09:56:16]  正在连接 QQ-备用 邮箱服务器 (shouqianbadavid@qq.com) ...
[2026-05-20 09:56:51]  正在连接 QQ-主 邮箱服务器 (497720537@qq.com) ...
[2026-05-20 09:56:52]  正在连接 QQ-备用 邮箱服务器 (shouqianbadavid@qq.com) ...
[2026-05-20 09:57:28]  正在连接 QQ-主 邮箱服务器 (497720537@qq.com) ...
[2026-05-20 09:57:28]  正在连接 QQ-备用 邮箱服务器 (shouqianbadavid@qq.com) ...
[2026-05-20 09:58:04]  正在连接 QQ-主 邮箱服务器 (497720537@qq.com) ...
[2026-05-20 09:58:04]  正在连接 QQ-备用 邮箱服务器 (shouqianbadavid@qq.com) ...
[2026-05-20 09:58:40]  正在连接 QQ-主 邮箱服务器 (497720537@qq.com) ...
[2026-05-20 09:58:40]  正在连接 QQ-备用 邮箱服务器 (shouqianbadavid@qq.com) ...
[2026-05-20 09:59:16]  正在连接 QQ-主 邮箱服务器 (497720537@qq.com) ...
[2026-05-20 09:59:17]  正在连接 QQ-备用 邮箱服务器 (shouqianbadavid@qq.com) ...
[2026-05-20 09:59:52]  正在连接 QQ-主 邮箱服务器 (497720537@qq.com) ...
[2026-05-20 09:59:53]  QQ-主 正在解析因子: =?utf-8?b?QWxwaGFQaWxvdCDlrp7ml7bkv6Hlj7cgKGFscGhhX3NpZ25hbF90aHJfMjAyNjA1MjBfMDk1OS5qc29uKSBb5Li7UVEt5a+55aSWXQ==?=
[2026-05-20 09:59:53]  发现表格，共 16 行数据
[2026-05-20 09:59:53]  动态索引映射: ['股票代码', '股票名称', '信号', '当前价格', '量比', '来源过滤']
[2026-05-20 09:59:53]  [行1] 解析成功: SZSE.002460 [赣锋锂业] BUY @ 74.98 (VR:0.71)
[2026-05-20 09:59:53]  [行2] 解析成功: SZSE.000537 [绿发电力] BUY @ 10.67 (VR:0.28)
[2026-05-20 09:59:53]  [行3] 解析成功: SZSE.000407 [胜利股份] SELL @ 4.78 (VR:1.38)
[2026-05-20 09:59:53]  [行4] 解析成功: SZSE.002828 [贝肯能源] SELL @ 11.12 (VR:1.42)
[2026-05-20 09:59:53]  [行5] 解析成功: SZSE.300693 [盛弘股份] BUY @ 60.8 (VR:0.13)
[2026-05-20 09:59:53]  [行6] 解析成功: SZSE.001309 [德利明] BUY @ 714.98 (VR:0.33)
[2026-05-20 09:59:53]  [行7] 解析成功: SZSE.300432 [富临精工] BUY @ 23.97 (VR:0.25)
[2026-05-20 09:59:53]  [行8] 解析成功: SZSE.300346 [南大光电] BUY @ 58.95 (VR:1.96)
[2026-05-20 09:59:53]  [行9] 解析成功: SZSE.002460 [赣锋锂业] BUY @ 75.24 (VR:0.56)
[2026-05-20 09:59:53]  [行10] 解析成功: SZSE.002364 [中恒电器] BUY @ 51.82 (VR:0.51)
[2026-05-20 09:59:53]  [行11] 解析成功: SZSE.000537 [绿发电力] BUY @ 10.7 (VR:0.65)
[2026-05-20 09:59:53]  [行12] 解析成功: SZSE.002475 [立讯精密] BUY @ 71.94 (VR:0.1)
[2026-05-20 09:59:53]  [行13] 解析成功: SZSE.000407 [胜利股份] SELL @ 4.77 (VR:2.09)
[2026-05-20 09:59:53]  [行14] 解析成功: SZSE.002828 [贝肯能源] SELL @ 11.09 (VR:3.61)
[2026-05-20 09:59:53]  [行15] 解析成功: SZSE.300693 [盛弘股份] BUY @ 60.91 (VR:0.28)
[2026-05-20 09:59:53]  [行16] 解析成功: SZSE.001309 [德利明] BUY @ 716.0 (VR:1.82)
[2026-05-20 09:59:53] 成功保存 16 条因子至: signal_batch_20260520_095953_389490.txt
[2026-05-20 09:59:53]  QQ-主 邮件 3661 处理完成
[2026-05-20 09:59:53]  QQ-主 本轮共成功处理 1 封有效信号邮件
[2026-05-20 09:59:53]  正在连接 QQ-备用 邮箱服务器 (shouqianbadavid@qq.com) ...
[2026-05-20 10:00:29]  正在连接 QQ-主 邮箱服务器 (497720537@qq.com) ...
[2026-05-20 10:00:29]  正在连接 QQ-备用 邮箱服务器 (shouqianbadavid@qq.com) ...
[2026-05-20 10:00:30]  QQ-备用 正在解析因子: =?utf-8?b?QWxwaGFQaWxvdCDlpIfku73kv6Hlj7cgKGFscGhhX3NpZ25hbF90aHJfMjAyNjA1MjBfMDk1OS5qc29uKSBb5aSHUVEt6Ieq5L+dXQ==?=
[2026-05-20 10:00:30]  发现表格，共 16 行数据
[2026-05-20 10:00:30]  动态索引映射: ['股票代码', '股票名称', '信号', '当前价格', '量比', '来源过滤']
[2026-05-20 10:00:30]  [行1] 解析成功: SZSE.002460 [赣锋锂业] BUY @ 74.98 (VR:0.71)
[2026-05-20 10:00:30]  [行2] 解析成功: SZSE.000537 [绿发电力] BUY @ 10.67 (VR:0.28)
[2026-05-20 10:00:30]  [行3] 解析成功: SZSE.000407 [胜利股份] SELL @ 4.78 (VR:1.38)
[2026-05-20 10:00:30]  [行4] 解析成功: SZSE.002828 [贝肯能源] SELL @ 11.12 (VR:1.42)
[2026-05-20 10:00:30]  [行5] 解析成功: SZSE.300693 [盛弘股份] BUY @ 60.8 (VR:0.13)
[2026-05-20 10:00:30]  [行6] 解析成功: SZSE.001309 [德利明] BUY @ 714.98 (VR:0.33)
[2026-05-20 10:00:30]  [行7] 解析成功: SZSE.300432 [富临精工] BUY @ 23.97 (VR:0.25)
[2026-05-20 10:00:30]  [行8] 解析成功: SZSE.300346 [南大光电] BUY @ 58.95 (VR:1.96)
[2026-05-20 10:00:30]  [行9] 解析成功: SZSE.002460 [赣锋锂业] BUY @ 75.24 (VR:0.56)
[2026-05-20 10:00:30]  [行10] 解析成功: SZSE.002364 [中恒电器] BUY @ 51.82 (VR:0.51)
[2026-05-20 10:00:30]  [行11] 解析成功: SZSE.000537 [绿发电力] BUY @ 10.7 (VR:0.65)
[2026-05-20 10:00:30]  [行12] 解析成功: SZSE.002475 [立讯精密] BUY @ 71.94 (VR:0.1)
[2026-05-20 10:00:30]  [行13] 解析成功: SZSE.000407 [胜利股份] SELL @ 4.77 (VR:2.09)
[2026-05-20 10:00:30]  [行14] 解析成功: SZSE.002828 [贝肯能源] SELL @ 11.09 (VR:3.61)
[2026-05-20 10:00:30]  [行15] 解析成功: SZSE.300693 [盛弘股份] BUY @ 60.91 (VR:0.28)
[2026-05-20 10:00:30]  [行16] 解析成功: SZSE.001309 [德利明] BUY @ 716.0 (VR:1.82)
[2026-05-20 10:00:30] 成功保存 16 条因子至: signal_batch_20260520_100030_342339.txt
[2026-05-20 10:00:30]  QQ-备用 邮件 954 处理完成
[2026-05-20 10:00:30]  QQ-备用 本轮共成功处理 1 封有效信号邮件
[2026-05-20 10:01:05]  正在连接 QQ-主 邮箱服务器 (497720537@qq.com) ...
[2026-05-20 10:01:06]  正在连接 QQ-备用 邮箱服务器 (shouqianbadavid@qq.com) ...
[2026-05-20 10:01:42]  正在连接 QQ-主 邮箱服务器 (497720537@qq.com) ...
[2026-05-20 10:01:43]  正在连接 QQ-备用 邮箱服务器 (shouqianbadavid@qq.com) ...
[2026-05-20 10:02:18]  正在连接 QQ-主 邮箱服务器 (497720537@qq.com) ...
[2026-05-20 10:02:19]  正在连接 QQ-备用 邮箱服务器 (shouqianbadavid@qq.com) ...
[2026-05-20 10:02:54]  正在连接 QQ-主 邮箱服务器 (497720537@qq.com) ...
[2026-05-20 10:02:55]  正在连接 QQ-备用 邮箱服务器 (shouqianbadavid@qq.com) ...
[2026-05-20 10:03:31]  正在连接 QQ-主 邮箱服务器 (497720537@qq.com) ...
[2026-05-20 10:03:31]  正在连接 QQ-备用 邮箱服务器 (shouqianbadavid@qq.com) ...
[2026-05-20 10:04:07]  正在连接 QQ-主 邮箱服务器 (497720537@qq.com) ...
[2026-05-20 10:04:07]  正在连接 QQ-备用 邮箱服务器 (shouqianbadavid@qq.com) ...
[2026-05-20 10:04:43]  正在连接 QQ-主 邮箱服务器 (497720537@qq.com) ...
[2026-05-20 10:04:43]  QQ-主 正在解析因子: =?utf-8?b?QWxwaGFQaWxvdCDlrp7ml7bkv6Hlj7cgKGFscGhhX3NpZ25hbF90aHJfMjAyNjA1MjBfMTAwNC5qc29uKSBb5Li7UVEt5a+55aSWXQ==?=
[2026-05-20 10:04:43]  发现表格，共 32 行数据
[2026-05-20 10:04:43]  动态索引映射: ['股票代码', '股票名称', '信号', '当前价格', '量比', '来源过滤']
[2026-05-20 10:04:43]  [行1] 解析成功: SZSE.002455 [百川股份] BUY @ 9.41 (VR:0.94)
[2026-05-20 10:04:43]  [行2] 解析成功: SZSE.003035 [南网能源] BUY @ 7.32 (VR:0.14)
[2026-05-20 10:04:43]  [行3] 解析成功: SZSE.300207 [欣旺达] SELL @ 24.65 (VR:0.24)
[2026-05-20 10:04:43]  [行4] 解析成功: SZSE.300677 [英科医疗] SELL @ 49.47 (VR:0.76)
[2026-05-20 10:04:43]  [行5] 解析成功: SZSE.300274 [阳光电源] BUY @ 160.4 (VR:0.29)
[2026-05-20 10:04:43]  [行6] 解析成功: SZSE.002506 [协鑫集成] SELL @ 4.05 (VR:0.58)
[2026-05-20 10:04:43]  [行7] 解析成功: SZSE.300285 [国瓷材料] BUY @ 42.44 (VR:3.14)
[2026-05-20 10:04:43]  [行8] 解析成功: SZSE.301278 [快克股份] SELL @ 39.77 (VR:1.72)
[2026-05-20 10:04:43]  [行9] 解析成功: SZSE.300228 [富瑞特装] SELL @ 9.59 (VR:0.35)
[2026-05-20 10:04:43]  [行10] 解析成功: SZSE.301419 [瑞可达] BUY @ 41.65 (VR:0.9)
[2026-05-20 10:04:43]  [行11] 解析成功: SZSE.300643 [万通智控] SELL @ 18.4 (VR:1.57)
[2026-05-20 10:04:43]  [行12] 解析成功: SZSE.300449 [汉邦高科] BUY @ 9.11 (VR:0.48)
[2026-05-20 10:04:43]  [行13] 解析成功: SZSE.300868 [杰美特] SELL @ 92.56 (VR:2.2)
[2026-05-20 10:04:43]  [行14] 解析成功: SZSE.300390 [天华超净] SELL @ 87.8 (VR:0.11)
[2026-05-20 10:04:43]  [行15] 解析成功: SZSE.300054 [鼎龙股份] BUY @ 79.04 (VR:0.47)
[2026-05-20 10:04:43]  [行16] 解析成功: SZSE.301171 [易点天下] SELL @ 44.62 (VR:0.7)
[2026-05-20 10:04:43]  [行17] 解析成功: SZSE.002455 [百川股份] BUY @ 9.43 (VR:0.49)
[2026-05-20 10:04:43]  [行18] 解析成功: SZSE.002202 [金风科技] SELL @ 24.76 (VR:0.17)
[2026-05-20 10:04:43]  [行19] 解析成功: SZSE.301165 [锐捷网络] BUY @ 99.23 (VR:0.64)
[2026-05-20 10:04:43]  [行20] 解析成功: SZSE.300207 [欣旺达] SELL @ 24.63 (VR:0.37)
[2026-05-20 10:04:43]  [行21] 解析成功: SZSE.300677 [英科医疗] SELL @ 49.1 (VR:4.48)
[2026-05-20 10:04:43]  [行22] 解析成功: SZSE.300274 [阳光电源] BUY @ 160.49 (VR:0.99)
[2026-05-20 10:04:43]  [行23] 解析成功: SZSE.002506 [协鑫集成] SELL @ 4.01 (VR:1.75)
[2026-05-20 10:04:43]  [行24] 解析成功: SZSE.300285 [国瓷材料] BUY @ 42.45 (VR:1.92)
[2026-05-20 10:04:43]  [行25] 解析成功: SZSE.300228 [富瑞特装] SELL @ 9.56 (VR:0.09)
[2026-05-20 10:04:43]  [行26] 解析成功: SZSE.301419 [瑞可达] BUY @ 41.78 (VR:0.36)
[2026-05-20 10:04:43]  [行27] 解析成功: SZSE.300930 [屹通新材] SELL @ 32.96 (VR:0.66)
[2026-05-20 10:04:43]  [行28] 解析成功: SZSE.300643 [万通智控] SELL @ 18.39 (VR:0.25)
[2026-05-20 10:04:43]  [行29] 解析成功: SZSE.300449 [汉邦高科] BUY @ 9.13 (VR:0.29)
[2026-05-20 10:04:43]  [行30] 解析成功: SZSE.300868 [杰美特] SELL @ 92.35 (VR:0.84)
[2026-05-20 10:04:43]  [行31] 解析成功: SZSE.300568 [星源材质] BUY @ 17.56 (VR:1.97)
[2026-05-20 10:04:43]  [行32] 解析成功: SZSE.300054 [鼎龙股份] BUY @ 79.2 (VR:1.0)
[2026-05-20 10:04:43] 成功保存 32 条因子至: signal_batch_20260520_100443_954736.txt
[2026-05-20 10:04:44]  QQ-主 邮件 3662 处理完成
[2026-05-20 10:04:44]  QQ-主 本轮共成功处理 1 封有效信号邮件
[2026-05-20 10:04:44]  正在连接 QQ-备用 邮箱服务器 (shouqianbadavid@qq.com) ...
[2026-05-20 10:05:19]  正在连接 QQ-主 邮箱服务器 (497720537@qq.com) ...
[2026-05-20 10:05:20]  正在连接 QQ-备用 邮箱服务器 (shouqianbadavid@qq.com) ...
[2026-05-20 10:05:21]  QQ-备用 正在解析因子: =?utf-8?b?QWxwaGFQaWxvdCDlpIfku73kv6Hlj7cgKGFscGhhX3NpZ25hbF90aHJfMjAyNjA1MjBfMTAwNC5qc29uKSBb5aSHUVEt6Ieq5L+dXQ==?=
[2026-05-20 10:05:21]  发现表格，共 32 行数据
[2026-05-20 10:05:21]  动态索引映射: ['股票代码', '股票名称', '信号', '当前价格', '量比', '来源过滤']
[2026-05-20 10:05:21]  [行1] 解析成功: SZSE.002455 [百川股份] BUY @ 9.41 (VR:0.94)
[2026-05-20 10:05:21]  [行2] 解析成功: SZSE.003035 [南网能源] BUY @ 7.32 (VR:0.14)
[2026-05-20 10:05:21]  [行3] 解析成功: SZSE.300207 [欣旺达] SELL @ 24.65 (VR:0.24)
[2026-05-20 10:05:21]  [行4] 解析成功: SZSE.300677 [英科医疗] SELL @ 49.47 (VR:0.76)
[2026-05-20 10:05:21]  [行5] 解析成功: SZSE.300274 [阳光电源] BUY @ 160.4 (VR:0.29)
[2026-05-20 10:05:21]  [行6] 解析成功: SZSE.002506 [协鑫集成] SELL @ 4.05 (VR:0.58)
[2026-05-20 10:05:21]  [行7] 解析成功: SZSE.300285 [国瓷材料] BUY @ 42.44 (VR:3.14)
[2026-05-20 10:05:21]  [行8] 解析成功: SZSE.301278 [快克股份] SELL @ 39.77 (VR:1.72)
[2026-05-20 10:05:21]  [行9] 解析成功: SZSE.300228 [富瑞特装] SELL @ 9.59 (VR:0.35)
[2026-05-20 10:05:21]  [行10] 解析成功: SZSE.301419 [瑞可达] BUY @ 41.65 (VR:0.9)
[2026-05-20 10:05:21]  [行11] 解析成功: SZSE.300643 [万通智控] SELL @ 18.4 (VR:1.57)
[2026-05-20 10:05:21]  [行12] 解析成功: SZSE.300449 [汉邦高科] BUY @ 9.11 (VR:0.48)
[2026-05-20 10:05:21]  [行13] 解析成功: SZSE.300868 [杰美特] SELL @ 92.56 (VR:2.2)
[2026-05-20 10:05:21]  [行14] 解析成功: SZSE.300390 [天华超净] SELL @ 87.8 (VR:0.11)
[2026-05-20 10:05:21]  [行15] 解析成功: SZSE.300054 [鼎龙股份] BUY @ 79.04 (VR:0.47)
[2026-05-20 10:05:21]  [行16] 解析成功: SZSE.301171 [易点天下] SELL @ 44.62 (VR:0.7)
[2026-05-20 10:05:21]  [行17] 解析成功: SZSE.002455 [百川股份] BUY @ 9.43 (VR:0.49)
[2026-05-20 10:05:21]  [行18] 解析成功: SZSE.002202 [金风科技] SELL @ 24.76 (VR:0.17)
[2026-05-20 10:05:21]  [行19] 解析成功: SZSE.301165 [锐捷网络] BUY @ 99.23 (VR:0.64)
[2026-05-20 10:05:21]  [行20] 解析成功: SZSE.300207 [欣旺达] SELL @ 24.63 (VR:0.37)
[2026-05-20 10:05:21]  [行21] 解析成功: SZSE.300677 [英科医疗] SELL @ 49.1 (VR:4.48)
[2026-05-20 10:05:21]  [行22] 解析成功: SZSE.300274 [阳光电源] BUY @ 160.49 (VR:0.99)
[2026-05-20 10:05:21]  [行23] 解析成功: SZSE.002506 [协鑫集成] SELL @ 4.01 (VR:1.75)
[2026-05-20 10:05:21]  [行24] 解析成功: SZSE.300285 [国瓷材料] BUY @ 42.45 (VR:1.92)
[2026-05-20 10:05:21]  [行25] 解析成功: SZSE.300228 [富瑞特装] SELL @ 9.56 (VR:0.09)
[2026-05-20 10:05:21]  [行26] 解析成功: SZSE.301419 [瑞可达] BUY @ 41.78 (VR:0.36)
[2026-05-20 10:05:21]  [行27] 解析成功: SZSE.300930 [屹通新材] SELL @ 32.96 (VR:0.66)
[2026-05-20 10:05:21]  [行28] 解析成功: SZSE.300643 [万通智控] SELL @ 18.39 (VR:0.25)
[2026-05-20 10:05:21]  [行29] 解析成功: SZSE.300449 [汉邦高科] BUY @ 9.13 (VR:0.29)
[2026-05-20 10:05:21]  [行30] 解析成功: SZSE.300868 [杰美特] SELL @ 92.35 (VR:0.84)
[2026-05-20 10:05:21]  [行31] 解析成功: SZSE.300568 [星源材质] BUY @ 17.56 (VR:1.97)
[2026-05-20 10:05:21]  [行32] 解析成功: SZSE.300054 [鼎龙股份] BUY @ 79.2 (VR:1.0)
[2026-05-20 10:05:21] 成功保存 32 条因子至: signal_batch_20260520_100521_167081.txt
[2026-05-20 10:05:21]  QQ-备用 邮件 955 处理完成
[2026-05-20 10:05:21]  QQ-备用 本轮共成功处理 1 封有效信号邮件
[2026-05-20 10:05:56]  正在连接 QQ-主 邮箱服务器 (497720537@qq.com) ...
[2026-05-20 10:05:57]  正在连接 QQ-备用 邮箱服务器 (shouqianbadavid@qq.com) ...
[2026-05-20 10:06:33]  正在连接 QQ-主 邮箱服务器 (497720537@qq.com) ...
[2026-05-20 10:06:33]  正在连接 QQ-备用 邮箱服务器 (shouqianbadavid@qq.com) ...
[2026-05-20 10:07:09]  正在连接 QQ-主 邮箱服务器 (497720537@qq.com) ...
[2026-05-20 10:07:09]  正在连接 QQ-备用 邮箱服务器 (shouqianbadavid@qq.com) ...
[2026-05-20 10:07:45]  正在连接 QQ-主 邮箱服务器 (497720537@qq.com) ...
[2026-05-20 10:07:46]  正在连接 QQ-备用 邮箱服务器 (shouqianbadavid@qq.com) ...
[2026-05-20 10:08:21]  正在连接 QQ-主 邮箱服务器 (497720537@qq.com) ...
[2026-05-20 10:08:22]  QQ-主 正在解析因子: =?utf-8?b?QWxwaGFQaWxvdCDlrp7ml7bkv6Hlj7cgKGFscGhhX3NpZ25hbF90aHJfMjAyNjA1MjBfMTAwNy5qc29uKSBb5Li7UVEt5a+55aSWXQ==?=
[2026-05-20 10:08:22]  发现表格，共 15 行数据
[2026-05-20 10:08:22]  动态索引映射: ['股票代码', '股票名称', '信号', '当前价格', '量比', '来源过滤']
[2026-05-20 10:08:22]  [行1] 解析成功: SZSE.300259 [新天科技] BUY @ 6.9 (VR:1.02)
[2026-05-20 10:08:22]  [行2] 解析成功: SZSE.301389 [隆扬电子] BUY @ 71.79 (VR:0.05)
[2026-05-20 10:08:22]  [行3] 解析成功: SZSE.301449 [天溯计量] SELL @ 69.8 (VR:0.86)
[2026-05-20 10:08:22]  [行4] 解析成功: SHSE.603353 [和顺电气] BUY @ 51.24 (VR:3.49)
[2026-05-20 10:08:22]  [行5] 解析成功: SHSE.688700 [东威科技] BUY @ 73.09 (VR:0.29)
[2026-05-20 10:08:22]  [行6] 解析成功: SHSE.688689 [银河微电] BUY @ 43.25 (VR:0.34)
[2026-05-20 10:08:22]  [行7] 解析成功: SHSE.603538 [美诺华] BUY @ 52.47 (VR:0.6)
[2026-05-20 10:08:22]  [行8] 解析成功: SZSE.002980 [华盛昌] BUY @ 105.76 (VR:2.57)
[2026-05-20 10:08:22]  [行9] 解析成功: SZSE.300672 [国科微] BUY @ 245.9 (VR:0.37)
[2026-05-20 10:08:22]  [行10] 解析成功: SZSE.300259 [新天科技] BUY @ 6.95 (VR:1.12)
[2026-05-20 10:08:22]  [行11] 解析成功: SZSE.301389 [隆扬电子] BUY @ 72.38 (VR:1.4)
[2026-05-20 10:08:22]  [行12] 解析成功: SHSE.603353 [和顺电气] BUY @ 51.5 (VR:2.61)
[2026-05-20 10:08:22]  [行13] 解析成功: SHSE.688689 [银河微电] BUY @ 43.29 (VR:0.23)
[2026-05-20 10:08:22]  [行14] 解析成功: SZSE.002980 [华盛昌] BUY @ 106.8 (VR:2.59)
[2026-05-20 10:08:22]  [行15] 解析成功: SZSE.300672 [国科微] BUY @ 246.69 (VR:0.33)
[2026-05-20 10:08:22] 成功保存 15 条因子至: signal_batch_20260520_100822_126328.txt
[2026-05-20 10:08:22]  QQ-主 邮件 3663 处理完成
[2026-05-20 10:08:22]  QQ-主 本轮共成功处理 1 封有效信号邮件
[2026-05-20 10:08:22]  正在连接 QQ-备用 邮箱服务器 (shouqianbadavid@qq.com) ...
[2026-05-20 10:08:57]  正在连接 QQ-主 邮箱服务器 (497720537@qq.com) ...
[2026-05-20 10:08:58]  正在连接 QQ-备用 邮箱服务器 (shouqianbadavid@qq.com) ...
[2026-05-20 10:08:59]  QQ-备用 正在解析因子: =?utf-8?b?QWxwaGFQaWxvdCDlpIfku73kv6Hlj7cgKGFscGhhX3NpZ25hbF90aHJfMjAyNjA1MjBfMTAwNy5qc29uKSBb5aSHUVEt6Ieq5L+dXQ==?=
[2026-05-20 10:08:59]  发现表格，共 15 行数据
[2026-05-20 10:08:59]  动态索引映射: ['股票代码', '股票名称', '信号', '当前价格', '量比', '来源过滤']
[2026-05-20 10:08:59]  [行1] 解析成功: SZSE.300259 [新天科技] BUY @ 6.9 (VR:1.02)
[2026-05-20 10:08:59]  [行2] 解析成功: SZSE.301389 [隆扬电子] BUY @ 71.79 (VR:0.05)
[2026-05-20 10:08:59]  [行3] 解析成功: SZSE.301449 [天溯计量] SELL @ 69.8 (VR:0.86)
[2026-05-20 10:08:59]  [行4] 解析成功: SHSE.603353 [和顺电气] BUY @ 51.24 (VR:3.49)
[2026-05-20 10:08:59]  [行5] 解析成功: SHSE.688700 [东威科技] BUY @ 73.09 (VR:0.29)
[2026-05-20 10:08:59]  [行6] 解析成功: SHSE.688689 [银河微电] BUY @ 43.25 (VR:0.34)
[2026-05-20 10:08:59]  [行7] 解析成功: SHSE.603538 [美诺华] BUY @ 52.47 (VR:0.6)
[2026-05-20 10:08:59]  [行8] 解析成功: SZSE.002980 [华盛昌] BUY @ 105.76 (VR:2.57)
[2026-05-20 10:08:59]  [行9] 解析成功: SZSE.300672 [国科微] BUY @ 245.9 (VR:0.37)
[2026-05-20 10:08:59]  [行10] 解析成功: SZSE.300259 [新天科技] BUY @ 6.95 (VR:1.12)
[2026-05-20 10:08:59]  [行11] 解析成功: SZSE.301389 [隆扬电子] BUY @ 72.38 (VR:1.4)
[2026-05-20 10:08:59]  [行12] 解析成功: SHSE.603353 [和顺电气] BUY @ 51.5 (VR:2.61)
[2026-05-20 10:08:59]  [行13] 解析成功: SHSE.688689 [银河微电] BUY @ 43.29 (VR:0.23)
[2026-05-20 10:08:59]  [行14] 解析成功: SZSE.002980 [华盛昌] BUY @ 106.8 (VR:2.59)
[2026-05-20 10:08:59]  [行15] 解析成功: SZSE.300672 [国科微] BUY @ 246.69 (VR:0.33)
[2026-05-20 10:08:59] 成功保存 15 条因子至: signal_batch_20260520_100859_030980.txt
[2026-05-20 10:08:59]  QQ-备用 邮件 956 处理完成
[2026-05-20 10:08:59]  QQ-备用 本轮共成功处理 1 封有效信号邮件
[2026-05-20 10:09:34]  正在连接 QQ-主 邮箱服务器 (497720537@qq.com) ...
[2026-05-20 10:09:34]  正在连接 QQ-备用 邮箱服务器 (shouqianbadavid@qq.com) ...
[2026-05-20 10:10:10]  正在连接 QQ-主 邮箱服务器 (497720537@qq.com) ...
[2026-05-20 10:10:11]  正在连接 QQ-备用 邮箱服务器 (shouqianbadavid@qq.com) ...
[2026-05-20 10:10:46]  正在连接 QQ-主 邮箱服务器 (497720537@qq.com) ...
[2026-05-20 10:10:47]  正在连接 QQ-备用 邮箱服务器 (shouqianbadavid@qq.com) ...
[2026-05-20 10:11:22]  正在连接 QQ-主 邮箱服务器 (497720537@qq.com) ...
[2026-05-20 10:11:23]  正在连接 QQ-备用 邮箱服务器 (shouqianbadavid@qq.com) ...
[2026-05-20 10:11:58]  正在连接 QQ-主 邮箱服务器 (497720537@qq.com) ...
[2026-05-20 10:11:59]  正在连接 QQ-备用 邮箱服务器 (shouqianbadavid@qq.com) ...
[2026-05-20 10:12:34]  正在连接 QQ-主 邮箱服务器 (497720537@qq.com) ...
[2026-05-20 10:12:35]  QQ-主 正在解析因子: =?utf-8?b?QWxwaGFQaWxvdCDlrp7ml7bkv6Hlj7cgKGFscGhhX3NpZ25hbF90aHJfMjAyNjA1MjBfMTAxMi5qc29uKSBb5Li7UVEt5a+55aSWXQ==?=
[2026-05-20 10:12:35]  发现表格，共 24 行数据
[2026-05-20 10:12:35]  动态索引映射: ['股票代码', '股票名称', '信号', '当前价格', '量比', '来源过滤']
[2026-05-20 10:12:35]  [行1] 解析成功: SZSE.300285 [国瓷材料] SELL @ 42.46 (VR:0.46)
[2026-05-20 10:12:35]  [行2] 解析成功: SZSE.002015 [协鑫能科] BUY @ 21.04 (VR:0.88)
[2026-05-20 10:12:35]  [行3] 解析成功: SZSE.301226 [祥明智能] SELL @ 40.32 (VR:0.47)
[2026-05-20 10:12:35]  [行4] 解析成功: SZSE.300345 [华民股份] BUY @ 6.7 (VR:1.34)
[2026-05-20 10:12:35]  [行5] 解析成功: SHSE.688295 [奥林德] BUY @ 52.48 (VR:0.55)
[2026-05-20 10:12:35]  [行6] 解析成功: SZSE.002445 [中南文化] SELL @ 3.72 (VR:2.15)
[2026-05-20 10:12:35]  [行7] 解析成功: SHSE.601868 [中国能建] SELL @ 3.09 (VR:0.22)
[2026-05-20 10:12:35]  [行8] 解析成功: SHSE.601669 [中国电建] BUY @ 5.68 (VR:0.03)
[2026-05-20 10:12:35]  [行9] 解析成功: SHSE.600821 [金发科技] SELL @ 8.13 (VR:0.03)
[2026-05-20 10:12:35]  [行10] 解析成功: SHSE.688295 [中复神鹰] BUY @ 52.46 (VR:0.06)
[2026-05-20 10:12:35]  [行11] 解析成功: SZSE.300866 [安克创新] SELL @ 128.9 (VR:0.1)
[2026-05-20 10:12:35]  [行12] 解析成功: SZSE.300763 [锦浪科技] BUY @ 110.55 (VR:2.7)
[2026-05-20 10:12:35]  [行13] 解析成功: SZSE.300285 [国瓷材料] SELL @ 42.41 (VR:0.79)
[2026-05-20 10:12:35]  [行14] 解析成功: SZSE.002015 [协鑫能科] BUY @ 21.16 (VR:1.04)
[2026-05-20 10:12:35]  [行15] 解析成功: SZSE.000533 [顺钠股份] SELL @ 13.02 (VR:0.73)
[2026-05-20 10:12:35]  [行16] 解析成功: SZSE.301667 [纳百川] BUY @ 97.46 (VR:0.08)
[2026-05-20 10:12:35]  [行17] 解析成功: SZSE.300345 [华民股份] BUY @ 6.74 (VR:0.47)
[2026-05-20 10:12:35]  [行18] 解析成功: SHSE.688295 [奥林德] BUY @ 52.5 (VR:0.48)
[2026-05-20 10:12:35]  [行19] 解析成功: SZSE.002445 [中南文化] SELL @ 3.71 (VR:0.05)
[2026-05-20 10:12:35]  [行20] 解析成功: SHSE.601669 [中国电建] BUY @ 5.69 (VR:0.16)
[2026-05-20 10:12:35]  [行21] 解析成功: SHSE.600722 [金牛化工] SELL @ 11.75 (VR:0.2)
[2026-05-20 10:12:35]  [行22] 解析成功: SHSE.688295 [中复神鹰] BUY @ 52.55 (VR:1.35)
[2026-05-20 10:12:35]  [行23] 解析成功: SZSE.300866 [安克创新] SELL @ 128.88 (VR:0.63)
[2026-05-20 10:12:35]  [行24] 解析成功: SZSE.301281 [利源制药] SELL @ 37.36 (VR:1.08)
[2026-05-20 10:12:35] 成功保存 24 条因子至: signal_batch_20260520_101235_478132.txt
[2026-05-20 10:12:35]  QQ-主 邮件 3664 处理完成
[2026-05-20 10:12:35]  QQ-主 本轮共成功处理 1 封有效信号邮件
[2026-05-20 10:12:35]  正在连接 QQ-备用 邮箱服务器 (shouqianbadavid@qq.com) ...
[2026-05-20 10:12:36]  QQ-备用 正在解析因子: =?utf-8?b?QWxwaGFQaWxvdCDlpIfku73kv6Hlj7cgKGFscGhhX3NpZ25hbF90aHJfMjAyNjA1MjBfMTAxMi5qc29uKSBb5aSHUVEt6Ieq5L+dXQ==?=
[2026-05-20 10:12:36]  发现表格，共 24 行数据
[2026-05-20 10:12:36]  动态索引映射: ['股票代码', '股票名称', '信号', '当前价格', '量比', '来源过滤']
[2026-05-20 10:12:36]  [行1] 解析成功: SZSE.300285 [国瓷材料] SELL @ 42.46 (VR:0.46)
[2026-05-20 10:12:36]  [行2] 解析成功: SZSE.002015 [协鑫能科] BUY @ 21.04 (VR:0.88)
[2026-05-20 10:12:36]  [行3] 解析成功: SZSE.301226 [祥明智能] SELL @ 40.32 (VR:0.47)
[2026-05-20 10:12:36]  [行4] 解析成功: SZSE.300345 [华民股份] BUY @ 6.7 (VR:1.34)
[2026-05-20 10:12:36]  [行5] 解析成功: SHSE.688295 [奥林德] BUY @ 52.48 (VR:0.55)
[2026-05-20 10:12:36]  [行6] 解析成功: SZSE.002445 [中南文化] SELL @ 3.72 (VR:2.15)
[2026-05-20 10:12:36]  [行7] 解析成功: SHSE.601868 [中国能建] SELL @ 3.09 (VR:0.22)
[2026-05-20 10:12:36]  [行8] 解析成功: SHSE.601669 [中国电建] BUY @ 5.68 (VR:0.03)
[2026-05-20 10:12:36]  [行9] 解析成功: SHSE.600821 [金发科技] SELL @ 8.13 (VR:0.03)
[2026-05-20 10:12:36]  [行10] 解析成功: SHSE.688295 [中复神鹰] BUY @ 52.46 (VR:0.06)
[2026-05-20 10:12:36]  [行11] 解析成功: SZSE.300866 [安克创新] SELL @ 128.9 (VR:0.1)
[2026-05-20 10:12:36]  [行12] 解析成功: SZSE.300763 [锦浪科技] BUY @ 110.55 (VR:2.7)
[2026-05-20 10:12:36]  [行13] 解析成功: SZSE.300285 [国瓷材料] SELL @ 42.41 (VR:0.79)
[2026-05-20 10:12:36]  [行14] 解析成功: SZSE.002015 [协鑫能科] BUY @ 21.16 (VR:1.04)
[2026-05-20 10:12:36]  [行15] 解析成功: SZSE.000533 [顺钠股份] SELL @ 13.02 (VR:0.73)
[2026-05-20 10:12:36]  [行16] 解析成功: SZSE.301667 [纳百川] BUY @ 97.46 (VR:0.08)
[2026-05-20 10:12:36]  [行17] 解析成功: SZSE.300345 [华民股份] BUY @ 6.74 (VR:0.47)
[2026-05-20 10:12:36]  [行18] 解析成功: SHSE.688295 [奥林德] BUY @ 52.5 (VR:0.48)
[2026-05-20 10:12:36]  [行19] 解析成功: SZSE.002445 [中南文化] SELL @ 3.71 (VR:0.05)
[2026-05-20 10:12:36]  [行20] 解析成功: SHSE.601669 [中国电建] BUY @ 5.69 (VR:0.16)
[2026-05-20 10:12:36]  [行21] 解析成功: SHSE.600722 [金牛化工] SELL @ 11.75 (VR:0.2)
[2026-05-20 10:12:36]  [行22] 解析成功: SHSE.688295 [中复神鹰] BUY @ 52.55 (VR:1.35)
[2026-05-20 10:12:36]  [行23] 解析成功: SZSE.300866 [安克创新] SELL @ 128.88 (VR:0.63)
[2026-05-20 10:12:36]  [行24] 解析成功: SZSE.301281 [利源制药] SELL @ 37.36 (VR:1.08)
[2026-05-20 10:12:36] 成功保存 24 条因子至: signal_batch_20260520_101236_323964.txt
[2026-05-20 10:12:36]  QQ-备用 邮件 957 处理完成
[2026-05-20 10:12:36]  QQ-备用 本轮共成功处理 1 封有效信号邮件
[2026-05-20 10:13:11]  正在连接 QQ-主 邮箱服务器 (497720537@qq.com) ...
[2026-05-20 10:13:12]  正在连接 QQ-备用 邮箱服务器 (shouqianbadavid@qq.com) ...
[2026-05-20 10:13:47]  正在连接 QQ-主 邮箱服务器 (497720537@qq.com) ...
[2026-05-20 10:13:48]  正在连接 QQ-备用 邮箱服务器 (shouqianbadavid@qq.com) ...
[2026-05-20 10:14:23]  正在连接 QQ-主 邮箱服务器 (497720537@qq.com) ...
[2026-05-20 10:14:24]  正在连接 QQ-备用 邮箱服务器 (shouqianbadavid@qq.com) ...
[2026-05-20 10:15:00]  正在连接 QQ-主 邮箱服务器 (497720537@qq.com) ...
[2026-05-20 10:15:00]  正在连接 QQ-备用 邮箱服务器 (shouqianbadavid@qq.com) ...
[2026-05-20 10:15:36]  正在连接 QQ-主 邮箱服务器 (497720537@qq.com) ...
[2026-05-20 10:15:37]  正在连接 QQ-备用 邮箱服务器 (shouqianbadavid@qq.com) ...
[2026-05-20 10:16:12]  正在连接 QQ-主 邮箱服务器 (497720537@qq.com) ...
[2026-05-20 10:16:13]  正在连接 QQ-备用 邮箱服务器 (shouqianbadavid@qq.com) ...
[2026-05-20 10:16:48]  正在连接 QQ-主 邮箱服务器 (497720537@qq.com) ...
[2026-05-20 10:16:49]  正在连接 QQ-备用 邮箱服务器 (shouqianbadavid@qq.com) ...
[2026-05-20 10:17:24]  正在连接 QQ-主 邮箱服务器 (497720537@qq.com) ...
[2026-05-20 10:17:25]  正在连接 QQ-备用 邮箱服务器 (shouqianbadavid@qq.com) ...
[2026-05-20 10:18:00]  正在连接 QQ-主 邮箱服务器 (497720537@qq.com) ...
[2026-05-20 10:18:01]  QQ-主 正在解析因子: =?utf-8?b?QWxwaGFQaWxvdCDlrp7ml7bkv6Hlj7cgKGFscGhhX3NpZ25hbF90aHJfMjAyNjA1MjBfMTAxNy5qc29uKSBb5Li7UVEt5a+55aSWXQ==?=
[2026-05-20 10:18:01]  发现表格，共 17 行数据
[2026-05-20 10:18:01]  动态索引映射: ['股票代码', '股票名称', '信号', '当前价格', '量比', '来源过滤']
[2026-05-20 10:18:01]  [行1] 解析成功: SZSE.002300 [太阳电缆] SELL @ 9.82 (VR:0.49)
[2026-05-20 10:18:01]  [行2] 解析成功: SZSE.002460 [赣锋锂业] SELL @ 74.35 (VR:1.94)
[2026-05-20 10:18:01]  [行3] 解析成功: SZSE.002498 [汉缆股份] SELL @ 9.33 (VR:0.44)
[2026-05-20 10:18:01]  [行4] 解析成功: SZSE.002364 [中恒电器] BUY @ 51.67 (VR:0.05)
[2026-05-20 10:18:01]  [行5] 解析成功: SZSE.002475 [立讯精密] BUY @ 71.23 (VR:0.08)
[2026-05-20 10:18:01]  [行6] 解析成功: SZSE.300048 [合康新能] SELL @ 6.08 (VR:0.02)
[2026-05-20 10:18:01]  [行7] 解析成功: SZSE.000536 [华映科技] BUY @ 3.91 (VR:2.15)
[2026-05-20 10:18:01]  [行8] 解析成功: SZSE.001309 [德利明] SELL @ 704.97 (VR:0.24)
[2026-05-20 10:18:01]  [行9] 解析成功: SZSE.002300 [太阳电缆] SELL @ 9.78 (VR:0.3)
[2026-05-20 10:18:01]  [行10] 解析成功: SZSE.002460 [赣锋锂业] SELL @ 74.13 (VR:2.26)
[2026-05-20 10:18:01]  [行11] 解析成功: SZSE.002498 [汉缆股份] SELL @ 9.3 (VR:0.34)
[2026-05-20 10:18:01]  [行12] 解析成功: SZSE.002364 [中恒电器] BUY @ 51.69 (VR:0.14)
[2026-05-20 10:18:01]  [行13] 解析成功: SZSE.000537 [绿发电力] BUY @ 10.68 (VR:0.39)
[2026-05-20 10:18:01]  [行14] 解析成功: SZSE.002475 [立讯精密] BUY @ 71.27 (VR:0.44)
[2026-05-20 10:18:01]  [行15] 解析成功: SZSE.300048 [合康新能] SELL @ 6.07 (VR:1.25)
[2026-05-20 10:18:01]  [行16] 解析成功: SZSE.001309 [德利明] SELL @ 703.47 (VR:0.3)
[2026-05-20 10:18:01]  [行17] 解析成功: SHSE.688331 [荣昌生物] SELL @ 114.6 (VR:1.44)
[2026-05-20 10:18:01] 成功保存 17 条因子至: signal_batch_20260520_101801_371452.txt
[2026-05-20 10:18:01]  QQ-主 邮件 3665 处理完成
[2026-05-20 10:18:01]  QQ-主 本轮共成功处理 1 封有效信号邮件
[2026-05-20 10:18:01]  正在连接 QQ-备用 邮箱服务器 (shouqianbadavid@qq.com) ...
[2026-05-20 10:18:37]  正在连接 QQ-主 邮箱服务器 (497720537@qq.com) ...
[2026-05-20 10:18:37]  正在连接 QQ-备用 邮箱服务器 (shouqianbadavid@qq.com) ...
[2026-05-20 10:18:38]  QQ-备用 正在解析因子: =?utf-8?b?QWxwaGFQaWxvdCDlpIfku73kv6Hlj7cgKGFscGhhX3NpZ25hbF90aHJfMjAyNjA1MjBfMTAxNy5qc29uKSBb5aSHUVEt6Ieq5L+dXQ==?=
[2026-05-20 10:18:38]  发现表格，共 17 行数据
[2026-05-20 10:18:38]  动态索引映射: ['股票代码', '股票名称', '信号', '当前价格', '量比', '来源过滤']
[2026-05-20 10:18:38]  [行1] 解析成功: SZSE.002300 [太阳电缆] SELL @ 9.82 (VR:0.49)
[2026-05-20 10:18:38]  [行2] 解析成功: SZSE.002460 [赣锋锂业] SELL @ 74.35 (VR:1.94)
[2026-05-20 10:18:38]  [行3] 解析成功: SZSE.002498 [汉缆股份] SELL @ 9.33 (VR:0.44)
[2026-05-20 10:18:38]  [行4] 解析成功: SZSE.002364 [中恒电器] BUY @ 51.67 (VR:0.05)
[2026-05-20 10:18:38]  [行5] 解析成功: SZSE.002475 [立讯精密] BUY @ 71.23 (VR:0.08)
[2026-05-20 10:18:38]  [行6] 解析成功: SZSE.300048 [合康新能] SELL @ 6.08 (VR:0.02)
[2026-05-20 10:18:38]  [行7] 解析成功: SZSE.000536 [华映科技] BUY @ 3.91 (VR:2.15)
[2026-05-20 10:18:38]  [行8] 解析成功: SZSE.001309 [德利明] SELL @ 704.97 (VR:0.24)
[2026-05-20 10:18:38]  [行9] 解析成功: SZSE.002300 [太阳电缆] SELL @ 9.78 (VR:0.3)
[2026-05-20 10:18:38]  [行10] 解析成功: SZSE.002460 [赣锋锂业] SELL @ 74.13 (VR:2.26)
[2026-05-20 10:18:38]  [行11] 解析成功: SZSE.002498 [汉缆股份] SELL @ 9.3 (VR:0.34)
[2026-05-20 10:18:38]  [行12] 解析成功: SZSE.002364 [中恒电器] BUY @ 51.69 (VR:0.14)
[2026-05-20 10:18:38]  [行13] 解析成功: SZSE.000537 [绿发电力] BUY @ 10.68 (VR:0.39)
[2026-05-20 10:18:38]  [行14] 解析成功: SZSE.002475 [立讯精密] BUY @ 71.27 (VR:0.44)
[2026-05-20 10:18:38]  [行15] 解析成功: SZSE.300048 [合康新能] SELL @ 6.07 (VR:1.25)
[2026-05-20 10:18:38]  [行16] 解析成功: SZSE.001309 [德利明] SELL @ 703.47 (VR:0.3)
[2026-05-20 10:18:38]  [行17] 解析成功: SHSE.688331 [荣昌生物] SELL @ 114.6 (VR:1.44)
[2026-05-20 10:18:38] 成功保存 17 条因子至: signal_batch_20260520_101838_573199.txt
[2026-05-20 10:18:38]  QQ-备用 邮件 958 处理完成
[2026-05-20 10:18:38]  QQ-备用 本轮共成功处理 1 封有效信号邮件
[2026-05-20 10:19:13]  正在连接 QQ-主 邮箱服务器 (497720537@qq.com) ...
[2026-05-20 10:19:15]  正在连接 QQ-备用 邮箱服务器 (shouqianbadavid@qq.com) ...
[2026-05-20 10:19:51]  正在连接 QQ-主 邮箱服务器 (497720537@qq.com) ...
[2026-05-20 10:19:51]  正在连接 QQ-备用 邮箱服务器 (shouqianbadavid@qq.com) ...
[2026-05-20 10:20:27]  正在连接 QQ-主 邮箱服务器 (497720537@qq.com) ...
[2026-05-20 10:20:28]  正在连接 QQ-备用 邮箱服务器 (shouqianbadavid@qq.com) ...
[2026-05-20 10:21:03]  正在连接 QQ-主 邮箱服务器 (497720537@qq.com) ...
[2026-05-20 10:21:04]  正在连接 QQ-备用 邮箱服务器 (shouqianbadavid@qq.com) ...
[2026-05-20 10:21:39]  正在连接 QQ-主 邮箱服务器 (497720537@qq.com) ...
[2026-05-20 10:21:40]  正在连接 QQ-备用 邮箱服务器 (shouqianbadavid@qq.com) ...
[2026-05-20 10:22:15]  正在连接 QQ-主 邮箱服务器 (497720537@qq.com) ...
[2026-05-20 10:22:16]  QQ-主 正在解析因子: =?utf-8?b?QWxwaGFQaWxvdCDlrp7ml7bkv6Hlj7cgKGFscGhhX3NpZ25hbF90aHJfMjAyNjA1MjBfMTAyMS5qc29uKSBb5Li7UVEt5a+55aSWXQ==?=
[2026-05-20 10:22:16]  发现表格，共 20 行数据
[2026-05-20 10:22:16]  动态索引映射: ['股票代码', '股票名称', '信号', '当前价格', '量比', '来源过滤']
[2026-05-20 10:22:16]  [行1] 解析成功: SZSE.003035 [南网能源] SELL @ 7.26 (VR:0.43)
[2026-05-20 10:22:16]  [行2] 解析成功: SZSE.300677 [英科医疗] BUY @ 48.22 (VR:1.85)
[2026-05-20 10:22:16]  [行3] 解析成功: SZSE.002506 [协鑫集成] BUY @ 4.05 (VR:0.1)
[2026-05-20 10:22:16]  [行4] 解析成功: SZSE.300285 [国瓷材料] SELL @ 42.14 (VR:0.52)
[2026-05-20 10:22:16]  [行5] 解析成功: SZSE.301278 [快克股份] BUY @ 40.17 (VR:1.29)
[2026-05-20 10:22:16]  [行6] 解析成功: SZSE.301419 [瑞可达] SELL @ 42.73 (VR:0.35)
[2026-05-20 10:22:16]  [行7] 解析成功: SZSE.300643 [万通智控] SELL @ 18.39 (VR:4.51)
[2026-05-20 10:22:16]  [行8] 解析成功: SZSE.300449 [汉邦高科] BUY @ 9.11 (VR:0.42)
[2026-05-20 10:22:16]  [行9] 解析成功: SZSE.300868 [杰美特] BUY @ 92.35 (VR:0.45)
[2026-05-20 10:22:16]  [行10] 解析成功: SZSE.002202 [金风科技] BUY @ 24.81 (VR:0.11)
[2026-05-20 10:22:16]  [行11] 解析成功: SZSE.300037 [新宙邦] SELL @ 65.98 (VR:0.23)
[2026-05-20 10:22:16]  [行12] 解析成功: SZSE.300677 [英科医疗] BUY @ 48.33 (VR:0.59)
[2026-05-20 10:22:16]  [行13] 解析成功: SZSE.300274 [阳光电源] SELL @ 159.44 (VR:0.14)
[2026-05-20 10:22:16]  [行14] 解析成功: SZSE.002506 [协鑫集成] BUY @ 4.05 (VR:0.11)
[2026-05-20 10:22:16]  [行15] 解析成功: SZSE.300285 [国瓷材料] SELL @ 42.01 (VR:4.41)
[2026-05-20 10:22:16]  [行16] 解析成功: SZSE.301419 [瑞可达] SELL @ 42.69 (VR:2.44)
[2026-05-20 10:22:16]  [行17] 解析成功: SZSE.300449 [汉邦高科] BUY @ 9.13 (VR:0.52)
[2026-05-20 10:22:16]  [行18] 解析成功: SZSE.300868 [杰美特] BUY @ 92.39 (VR:0.09)
[2026-05-20 10:22:16]  [行19] 解析成功: SZSE.300390 [天华超净] SELL @ 86.87 (VR:0.52)
[2026-05-20 10:22:16]  [行20] 解析成功: SZSE.300054 [鼎龙股份] SELL @ 77.65 (VR:0.31)
[2026-05-20 10:22:16] 成功保存 20 条因子至: signal_batch_20260520_102216_253831.txt
[2026-05-20 10:22:16]  QQ-主 邮件 3666 处理完成
[2026-05-20 10:22:16]  QQ-主 本轮共成功处理 1 封有效信号邮件
[2026-05-20 10:22:16]  正在连接 QQ-备用 邮箱服务器 (shouqianbadavid@qq.com) ...
[2026-05-20 10:22:17]  QQ-备用 正在解析因子: =?utf-8?b?QWxwaGFQaWxvdCDlpIfku73kv6Hlj7cgKGFscGhhX3NpZ25hbF90aHJfMjAyNjA1MjBfMTAyMS5qc29uKSBb5aSHUVEt6Ieq5L+dXQ==?=
[2026-05-20 10:22:17]  发现表格，共 20 行数据
[2026-05-20 10:22:17]  动态索引映射: ['股票代码', '股票名称', '信号', '当前价格', '量比', '来源过滤']
[2026-05-20 10:22:17]  [行1] 解析成功: SZSE.003035 [南网能源] SELL @ 7.26 (VR:0.43)
[2026-05-20 10:22:17]  [行2] 解析成功: SZSE.300677 [英科医疗] BUY @ 48.22 (VR:1.85)
[2026-05-20 10:22:17]  [行3] 解析成功: SZSE.002506 [协鑫集成] BUY @ 4.05 (VR:0.1)
[2026-05-20 10:22:17]  [行4] 解析成功: SZSE.300285 [国瓷材料] SELL @ 42.14 (VR:0.52)
[2026-05-20 10:22:17]  [行5] 解析成功: SZSE.301278 [快克股份] BUY @ 40.17 (VR:1.29)
[2026-05-20 10:22:17]  [行6] 解析成功: SZSE.301419 [瑞可达] SELL @ 42.73 (VR:0.35)
[2026-05-20 10:22:17]  [行7] 解析成功: SZSE.300643 [万通智控] SELL @ 18.39 (VR:4.51)
[2026-05-20 10:22:17]  [行8] 解析成功: SZSE.300449 [汉邦高科] BUY @ 9.11 (VR:0.42)
[2026-05-20 10:22:17]  [行9] 解析成功: SZSE.300868 [杰美特] BUY @ 92.35 (VR:0.45)
[2026-05-20 10:22:17]  [行10] 解析成功: SZSE.002202 [金风科技] BUY @ 24.81 (VR:0.11)
[2026-05-20 10:22:17]  [行11] 解析成功: SZSE.300037 [新宙邦] SELL @ 65.98 (VR:0.23)
[2026-05-20 10:22:17]  [行12] 解析成功: SZSE.300677 [英科医疗] BUY @ 48.33 (VR:0.59)
[2026-05-20 10:22:17]  [行13] 解析成功: SZSE.300274 [阳光电源] SELL @ 159.44 (VR:0.14)
[2026-05-20 10:22:17]  [行14] 解析成功: SZSE.002506 [协鑫集成] BUY @ 4.05 (VR:0.11)
[2026-05-20 10:22:17]  [行15] 解析成功: SZSE.300285 [国瓷材料] SELL @ 42.01 (VR:4.41)
[2026-05-20 10:22:17]  [行16] 解析成功: SZSE.301419 [瑞可达] SELL @ 42.69 (VR:2.44)
[2026-05-20 10:22:17]  [行17] 解析成功: SZSE.300449 [汉邦高科] BUY @ 9.13 (VR:0.52)
[2026-05-20 10:22:17]  [行18] 解析成功: SZSE.300868 [杰美特] BUY @ 92.39 (VR:0.09)
[2026-05-20 10:22:17]  [行19] 解析成功: SZSE.300390 [天华超净] SELL @ 86.87 (VR:0.52)
[2026-05-20 10:22:17]  [行20] 解析成功: SZSE.300054 [鼎龙股份] SELL @ 77.65 (VR:0.31)
[2026-05-20 10:22:17] 成功保存 20 条因子至: signal_batch_20260520_102217_220507.txt
[2026-05-20 10:22:17]  QQ-备用 邮件 959 处理完成
[2026-05-20 10:22:17]  QQ-备用 本轮共成功处理 1 封有效信号邮件
[2026-05-20 10:22:52]  正在连接 QQ-主 邮箱服务器 (497720537@qq.com) ...
[2026-05-20 10:22:52]  正在连接 QQ-备用 邮箱服务器 (shouqianbadavid@qq.com) ...
[2026-05-20 10:23:28]  正在连接 QQ-主 邮箱服务器 (497720537@qq.com) ...
[2026-05-20 10:23:29]  正在连接 QQ-备用 邮箱服务器 (shouqianbadavid@qq.com) ...
[2026-05-20 10:24:05]  正在连接 QQ-主 邮箱服务器 (497720537@qq.com) ...
[2026-05-20 10:24:06]  正在连接 QQ-备用 邮箱服务器 (shouqianbadavid@qq.com) ...
[2026-05-20 10:24:41]  正在连接 QQ-主 邮箱服务器 (497720537@qq.com) ...
[2026-05-20 10:24:42]  正在连接 QQ-备用 邮箱服务器 (shouqianbadavid@qq.com) ...
[2026-05-20 10:25:17]  正在连接 QQ-主 邮箱服务器 (497720537@qq.com) ...
[2026-05-20 10:25:18]  QQ-主 正在解析因子: =?utf-8?b?QWxwaGFQaWxvdCDlrp7ml7bkv6Hlj7cgKGFscGhhX3NpZ25hbF90aHJfMjAyNjA1MjBfMTAyNS5qc29uKSBb5Li7UVEt5a+55aSWXQ==?=
[2026-05-20 10:25:18]  发现表格，共 12 行数据
[2026-05-20 10:25:18]  动态索引映射: ['股票代码', '股票名称', '信号', '当前价格', '量比', '来源过滤']
[2026-05-20 10:25:18]  [行1] 解析成功: SZSE.300722 [新余国科] SELL @ 26.19 (VR:0.01)
[2026-05-20 10:25:18]  [行2] 解析成功: SZSE.300641 [正丹股份] BUY @ 15.56 (VR:0.47)
[2026-05-20 10:25:18]  [行3] 解析成功: SZSE.301389 [隆扬电子] SELL @ 71.98 (VR:1.33)
[2026-05-20 10:25:18]  [行4] 解析成功: SHSE.603353 [和顺电气] BUY @ 53.06 (VR:1.42)
[2026-05-20 10:25:18]  [行5] 解析成功: SHSE.688700 [东威科技] SELL @ 73.43 (VR:0.25)
[2026-05-20 10:25:18]  [行6] 解析成功: SHSE.688689 [银河微电] BUY @ 44.25 (VR:1.4)
[2026-05-20 10:25:18]  [行7] 解析成功: SZSE.300722 [新余国科] SELL @ 26.17 (VR:0.01)
[2026-05-20 10:25:18]  [行8] 解析成功: SZSE.301389 [隆扬电子] SELL @ 71.67 (VR:0.33)
[2026-05-20 10:25:18]  [行9] 解析成功: SZSE.300468 [四方精创] BUY @ 26.99 (VR:0.4)
[2026-05-20 10:25:18]  [行10] 解析成功: SHSE.603353 [和顺电气] BUY @ 53.06 (VR:0.57)
[2026-05-20 10:25:18]  [行11] 解析成功: SHSE.603538 [美诺华] BUY @ 52.51 (VR:0.71)
[2026-05-20 10:25:18]  [行12] 解析成功: SZSE.300243 [瑞丰光电] BUY @ 18.7 (VR:0.09)
[2026-05-20 10:25:18] 成功保存 12 条因子至: signal_batch_20260520_102518_443743.txt
[2026-05-20 10:25:18]  QQ-主 邮件 3667 处理完成
[2026-05-20 10:25:18]  QQ-主 本轮共成功处理 1 封有效信号邮件
[2026-05-20 10:25:18]  正在连接 QQ-备用 邮箱服务器 (shouqianbadavid@qq.com) ...
[2026-05-20 10:25:54]  正在连接 QQ-主 邮箱服务器 (497720537@qq.com) ...
[2026-05-20 10:25:54]  正在连接 QQ-备用 邮箱服务器 (shouqianbadavid@qq.com) ...
[2026-05-20 10:25:55]  QQ-备用 正在解析因子: =?utf-8?b?QWxwaGFQaWxvdCDlpIfku73kv6Hlj7cgKGFscGhhX3NpZ25hbF90aHJfMjAyNjA1MjBfMTAyNS5qc29uKSBb5aSHUVEt6Ieq5L+dXQ==?=
[2026-05-20 10:25:55]  发现表格，共 12 行数据
[2026-05-20 10:25:55]  动态索引映射: ['股票代码', '股票名称', '信号', '当前价格', '量比', '来源过滤']
[2026-05-20 10:25:55]  [行1] 解析成功: SZSE.300722 [新余国科] SELL @ 26.19 (VR:0.01)
[2026-05-20 10:25:55]  [行2] 解析成功: SZSE.300641 [正丹股份] BUY @ 15.56 (VR:0.47)
[2026-05-20 10:25:55]  [行3] 解析成功: SZSE.301389 [隆扬电子] SELL @ 71.98 (VR:1.33)
[2026-05-20 10:25:55]  [行4] 解析成功: SHSE.603353 [和顺电气] BUY @ 53.06 (VR:1.42)
[2026-05-20 10:25:55]  [行5] 解析成功: SHSE.688700 [东威科技] SELL @ 73.43 (VR:0.25)
[2026-05-20 10:25:55]  [行6] 解析成功: SHSE.688689 [银河微电] BUY @ 44.25 (VR:1.4)
[2026-05-20 10:25:55]  [行7] 解析成功: SZSE.300722 [新余国科] SELL @ 26.17 (VR:0.01)
[2026-05-20 10:25:55]  [行8] 解析成功: SZSE.301389 [隆扬电子] SELL @ 71.67 (VR:0.33)
[2026-05-20 10:25:55]  [行9] 解析成功: SZSE.300468 [四方精创] BUY @ 26.99 (VR:0.4)
[2026-05-20 10:25:55]  [行10] 解析成功: SHSE.603353 [和顺电气] BUY @ 53.06 (VR:0.57)
[2026-05-20 10:25:55]  [行11] 解析成功: SHSE.603538 [美诺华] BUY @ 52.51 (VR:0.71)
[2026-05-20 10:25:55]  [行12] 解析成功: SZSE.300243 [瑞丰光电] BUY @ 18.7 (VR:0.09)
[2026-05-20 10:25:55] 成功保存 12 条因子至: signal_batch_20260520_102555_498293.txt
[2026-05-20 10:25:55]  QQ-备用 邮件 960 处理完成
[2026-05-20 10:25:55]  QQ-备用 本轮共成功处理 1 封有效信号邮件
[2026-05-20 10:26:30]  正在连接 QQ-主 邮箱服务器 (497720537@qq.com) ...
[2026-05-20 10:26:31]  正在连接 QQ-备用 邮箱服务器 (shouqianbadavid@qq.com) ...
[2026-05-20 10:27:07]  正在连接 QQ-主 邮箱服务器 (497720537@qq.com) ...
[2026-05-20 10:27:08]  正在连接 QQ-备用 邮箱服务器 (shouqianbadavid@qq.com) ...
[2026-05-20 10:27:43]  正在连接 QQ-主 邮箱服务器 (497720537@qq.com) ...
[2026-05-20 10:27:44]  正在连接 QQ-备用 邮箱服务器 (shouqianbadavid@qq.com) ...
[2026-05-20 10:28:19]  正在连接 QQ-主 邮箱服务器 (497720537@qq.com) ...
[2026-05-20 10:28:20]  正在连接 QQ-备用 邮箱服务器 (shouqianbadavid@qq.com) ...
[2026-05-20 10:28:56]  正在连接 QQ-主 邮箱服务器 (497720537@qq.com) ...
[2026-05-20 10:28:56]  正在连接 QQ-备用 邮箱服务器 (shouqianbadavid@qq.com) ...
[2026-05-20 10:29:32]  正在连接 QQ-主 邮箱服务器 (497720537@qq.com) ...
[2026-05-20 10:29:32]  正在连接 QQ-备用 邮箱服务器 (shouqianbadavid@qq.com) ...
[2026-05-20 10:30:08]  正在连接 QQ-主 邮箱服务器 (497720537@qq.com) ...
[2026-05-20 10:30:08]  QQ-主 正在解析因子: =?utf-8?b?QWxwaGFQaWxvdCDlrp7ml7bkv6Hlj7cgKGFscGhhX3NpZ25hbF90aHJfMjAyNjA1MjBfMTAyOS5qc29uKSBb5Li7UVEt5a+55aSWXQ==?=
[2026-05-20 10:30:08]  发现表格，共 22 行数据
[2026-05-20 10:30:08]  动态索引映射: ['股票代码', '股票名称', '信号', '当前价格', '量比', '来源过滤']
[2026-05-20 10:30:08]  [行1] 解析成功: SZSE.300285 [国瓷材料] BUY @ 42.12 (VR:0.85)
[2026-05-20 10:30:08]  [行2] 解析成功: SZSE.002015 [协鑫能科] SELL @ 21.09 (VR:0.85)
[2026-05-20 10:30:08]  [行3] 解析成功: SZSE.000912 [泸天化] SELL @ 4.03 (VR:0.14)
[2026-05-20 10:30:08]  [行4] 解析成功: SZSE.000533 [顺钠股份] SELL @ 13.02 (VR:0.47)
[2026-05-20 10:30:08]  [行5] 解析成功: SZSE.301226 [祥明智能] SELL @ 40.44 (VR:0.51)
[2026-05-20 10:30:08]  [行6] 解析成功: SHSE.688295 [奥林德] BUY @ 52.47 (VR:0.36)
[2026-05-20 10:30:08]  [行7] 解析成功: SHSE.600722 [金牛化工] SELL @ 11.72 (VR:0.39)
[2026-05-20 10:30:08]  [行8] 解析成功: SHSE.601016 [节能风电] SELL @ 4.81 (VR:0.28)
[2026-05-20 10:30:08]  [行9] 解析成功: SHSE.688295 [中复神鹰] BUY @ 52.48 (VR:0.17)
[2026-05-20 10:30:08]  [行10] 解析成功: SZSE.300813 [泰林生物] BUY @ 24.22 (VR:0.02)
[2026-05-20 10:30:08]  [行11] 解析成功: SZSE.300285 [国瓷材料] BUY @ 42.17 (VR:0.07)
[2026-05-20 10:30:08]  [行12] 解析成功: SZSE.002015 [协鑫能科] SELL @ 21.02 (VR:0.05)
[2026-05-20 10:30:08]  [行13] 解析成功: SZSE.000912 [泸天化] SELL @ 4.02 (VR:0.36)
[2026-05-20 10:30:08]  [行14] 解析成功: SZSE.000533 [顺钠股份] SELL @ 13.01 (VR:0.23)
[2026-05-20 10:30:08]  [行15] 解析成功: SZSE.301226 [祥明智能] SELL @ 40.42 (VR:0.13)
[2026-05-20 10:30:08]  [行16] 解析成功: SHSE.688295 [奥林德] BUY @ 52.43 (VR:0.36)
[2026-05-20 10:30:08]  [行17] 解析成功: SHSE.601868 [中国能建] SELL @ 3.08 (VR:0.36)
[2026-05-20 10:30:08]  [行18] 解析成功: SHSE.600722 [金牛化工] SELL @ 11.71 (VR:0.72)
[2026-05-20 10:30:08]  [行19] 解析成功: SHSE.601016 [节能风电] SELL @ 4.8 (VR:0.48)
[2026-05-20 10:30:08]  [行20] 解析成功: SHSE.688295 [中复神鹰] BUY @ 52.44 (VR:0.43)
[2026-05-20 10:30:08]  [行21] 解析成功: SZSE.300866 [安克创新] BUY @ 130.29 (VR:0.36)
[2026-05-20 10:30:08]  [行22] 解析成功: SZSE.301281 [利源制药] BUY @ 37.64 (VR:0.11)
[2026-05-20 10:30:08] 成功保存 22 条因子至: signal_batch_20260520_103008_953552.txt
[2026-05-20 10:30:09]  QQ-主 邮件 3668 处理完成
[2026-05-20 10:30:09]  QQ-主 本轮共成功处理 1 封有效信号邮件
[2026-05-20 10:30:09]  正在连接 QQ-备用 邮箱服务器 (shouqianbadavid@qq.com) ...
[2026-05-20 10:30:45]  正在连接 QQ-主 邮箱服务器 (497720537@qq.com) ...
[2026-05-20 10:30:45]  正在连接 QQ-备用 邮箱服务器 (shouqianbadavid@qq.com) ...
[2026-05-20 10:30:46]  QQ-备用 正在解析因子: =?utf-8?b?QWxwaGFQaWxvdCDlpIfku73kv6Hlj7cgKGFscGhhX3NpZ25hbF90aHJfMjAyNjA1MjBfMTAyOS5qc29uKSBb5aSHUVEt6Ieq5L+dXQ==?=
[2026-05-20 10:30:46]  发现表格，共 22 行数据
[2026-05-20 10:30:46]  动态索引映射: ['股票代码', '股票名称', '信号', '当前价格', '量比', '来源过滤']
[2026-05-20 10:30:46]  [行1] 解析成功: SZSE.300285 [国瓷材料] BUY @ 42.12 (VR:0.85)
[2026-05-20 10:30:46]  [行2] 解析成功: SZSE.002015 [协鑫能科] SELL @ 21.09 (VR:0.85)
[2026-05-20 10:30:46]  [行3] 解析成功: SZSE.000912 [泸天化] SELL @ 4.03 (VR:0.14)
[2026-05-20 10:30:46]  [行4] 解析成功: SZSE.000533 [顺钠股份] SELL @ 13.02 (VR:0.47)
[2026-05-20 10:30:46]  [行5] 解析成功: SZSE.301226 [祥明智能] SELL @ 40.44 (VR:0.51)
[2026-05-20 10:30:46]  [行6] 解析成功: SHSE.688295 [奥林德] BUY @ 52.47 (VR:0.36)
[2026-05-20 10:30:46]  [行7] 解析成功: SHSE.600722 [金牛化工] SELL @ 11.72 (VR:0.39)
[2026-05-20 10:30:46]  [行8] 解析成功: SHSE.601016 [节能风电] SELL @ 4.81 (VR:0.28)
[2026-05-20 10:30:46]  [行9] 解析成功: SHSE.688295 [中复神鹰] BUY @ 52.48 (VR:0.17)
[2026-05-20 10:30:46]  [行10] 解析成功: SZSE.300813 [泰林生物] BUY @ 24.22 (VR:0.02)
[2026-05-20 10:30:46]  [行11] 解析成功: SZSE.300285 [国瓷材料] BUY @ 42.17 (VR:0.07)
[2026-05-20 10:30:46]  [行12] 解析成功: SZSE.002015 [协鑫能科] SELL @ 21.02 (VR:0.05)
[2026-05-20 10:30:46]  [行13] 解析成功: SZSE.000912 [泸天化] SELL @ 4.02 (VR:0.36)
[2026-05-20 10:30:46]  [行14] 解析成功: SZSE.000533 [顺钠股份] SELL @ 13.01 (VR:0.23)
[2026-05-20 10:30:46]  [行15] 解析成功: SZSE.301226 [祥明智能] SELL @ 40.42 (VR:0.13)
[2026-05-20 10:30:46]  [行16] 解析成功: SHSE.688295 [奥林德] BUY @ 52.43 (VR:0.36)
[2026-05-20 10:30:46]  [行17] 解析成功: SHSE.601868 [中国能建] SELL @ 3.08 (VR:0.36)
[2026-05-20 10:30:46]  [行18] 解析成功: SHSE.600722 [金牛化工] SELL @ 11.71 (VR:0.72)
[2026-05-20 10:30:46]  [行19] 解析成功: SHSE.601016 [节能风电] SELL @ 4.8 (VR:0.48)
[2026-05-20 10:30:46]  [行20] 解析成功: SHSE.688295 [中复神鹰] BUY @ 52.44 (VR:0.43)
[2026-05-20 10:30:46]  [行21] 解析成功: SZSE.300866 [安克创新] BUY @ 130.29 (VR:0.36)
[2026-05-20 10:30:46]  [行22] 解析成功: SZSE.301281 [利源制药] BUY @ 37.64 (VR:0.11)
[2026-05-20 10:30:46] 成功保存 22 条因子至: signal_batch_20260520_103046_789782.txt
[2026-05-20 10:30:47]  QQ-备用 邮件 961 处理完成
[2026-05-20 10:30:47]  QQ-备用 本轮共成功处理 1 封有效信号邮件
[2026-05-20 10:31:22]  正在连接 QQ-主 邮箱服务器 (497720537@qq.com) ...
[2026-05-20 10:31:23]  正在连接 QQ-备用 邮箱服务器 (shouqianbadavid@qq.com) ...
[2026-05-20 10:31:58]  正在连接 QQ-主 邮箱服务器 (497720537@qq.com) ...
[2026-05-20 10:31:59]  正在连接 QQ-备用 邮箱服务器 (shouqianbadavid@qq.com) ...
[2026-05-20 10:32:35]  正在连接 QQ-主 邮箱服务器 (497720537@qq.com) ...
[2026-05-20 10:32:35]  正在连接 QQ-备用 邮箱服务器 (shouqianbadavid@qq.com) ...
[2026-05-20 10:33:11]  正在连接 QQ-主 邮箱服务器 (497720537@qq.com) ...
[2026-05-20 10:33:11]  正在连接 QQ-备用 邮箱服务器 (shouqianbadavid@qq.com) ...
[2026-05-20 10:33:47]  正在连接 QQ-主 邮箱服务器 (497720537@qq.com) ...
[2026-05-20 10:33:47]  正在连接 QQ-备用 邮箱服务器 (shouqianbadavid@qq.com) ...
[2026-05-20 10:34:23]  正在连接 QQ-主 邮箱服务器 (497720537@qq.com) ...
[2026-05-20 10:34:23]  QQ-主 正在解析因子: =?utf-8?b?QWxwaGFQaWxvdCDlrp7ml7bkv6Hlj7cgKGFscGhhX3NpZ25hbF90aHJfMjAyNjA1MjBfMTAzMy5qc29uKSBb5Li7UVEt5a+55aSWXQ==?=
[2026-05-20 10:34:23]  发现表格，共 8 行数据
[2026-05-20 10:34:23]  动态索引映射: ['股票代码', '股票名称', '信号', '当前价格', '量比', '来源过滤']
[2026-05-20 10:34:23]  [行1] 解析成功: SZSE.002364 [中恒电器] SELL @ 51.5 (VR:0.28)
[2026-05-20 10:34:23]  [行2] 解析成功: SZSE.002475 [立讯精密] SELL @ 70.98 (VR:0.44)
[2026-05-20 10:34:23]  [行3] 解析成功: SZSE.300352 [北信源] SELL @ 3.38 (VR:0.3)
[2026-05-20 10:34:23]  [行4] 解析成功: SZSE.300432 [富临精工] SELL @ 24.39 (VR:0.58)
[2026-05-20 10:34:23]  [行5] 解析成功: SZSE.002364 [中恒电器] SELL @ 51.33 (VR:0.1)
[2026-05-20 10:34:23]  [行6] 解析成功: SZSE.002475 [立讯精密] SELL @ 70.82 (VR:1.06)
[2026-05-20 10:34:23]  [行7] 解析成功: SZSE.300352 [北信源] SELL @ 3.37 (VR:2.26)
[2026-05-20 10:34:23]  [行8] 解析成功: SZSE.300432 [富临精工] SELL @ 24.27 (VR:0.53)
[2026-05-20 10:34:23] 成功保存 8 条因子至: signal_batch_20260520_103423_878357.txt
[2026-05-20 10:34:24]  QQ-主 邮件 3669 处理完成
[2026-05-20 10:34:24]  QQ-主 本轮共成功处理 1 封有效信号邮件
[2026-05-20 10:34:24]  正在连接 QQ-备用 邮箱服务器 (shouqianbadavid@qq.com) ...
[2026-05-20 10:34:24]  QQ-备用 正在解析因子: =?utf-8?b?QWxwaGFQaWxvdCDlpIfku73kv6Hlj7cgKGFscGhhX3NpZ25hbF90aHJfMjAyNjA1MjBfMTAzMy5qc29uKSBb5aSHUVEt6Ieq5L+dXQ==?=
[2026-05-20 10:34:24]  发现表格，共 8 行数据
[2026-05-20 10:34:24]  动态索引映射: ['股票代码', '股票名称', '信号', '当前价格', '量比', '来源过滤']
[2026-05-20 10:34:24]  [行1] 解析成功: SZSE.002364 [中恒电器] SELL @ 51.5 (VR:0.28)
[2026-05-20 10:34:24]  [行2] 解析成功: SZSE.002475 [立讯精密] SELL @ 70.98 (VR:0.44)
[2026-05-20 10:34:24]  [行3] 解析成功: SZSE.300352 [北信源] SELL @ 3.38 (VR:0.3)
[2026-05-20 10:34:24]  [行4] 解析成功: SZSE.300432 [富临精工] SELL @ 24.39 (VR:0.58)
[2026-05-20 10:34:24]  [行5] 解析成功: SZSE.002364 [中恒电器] SELL @ 51.33 (VR:0.1)
[2026-05-20 10:34:24]  [行6] 解析成功: SZSE.002475 [立讯精密] SELL @ 70.82 (VR:1.06)
[2026-05-20 10:34:24]  [行7] 解析成功: SZSE.300352 [北信源] SELL @ 3.37 (VR:2.26)
[2026-05-20 10:34:24]  [行8] 解析成功: SZSE.300432 [富临精工] SELL @ 24.27 (VR:0.53)
[2026-05-20 10:34:24] 成功保存 8 条因子至: signal_batch_20260520_103424_720014.txt
[2026-05-20 10:34:24]  QQ-备用 邮件 962 处理完成
[2026-05-20 10:34:24]  QQ-备用 本轮共成功处理 1 封有效信号邮件
[2026-05-20 10:34:59]  正在连接 QQ-主 邮箱服务器 (497720537@qq.com) ...
[2026-05-20 10:35:00]  正在连接 QQ-备用 邮箱服务器 (shouqianbadavid@qq.com) ...
[2026-05-20 10:35:36]  正在连接 QQ-主 邮箱服务器 (497720537@qq.com) ...
[2026-05-20 10:35:36]  正在连接 QQ-备用 邮箱服务器 (shouqianbadavid@qq.com) ...
[2026-05-20 10:36:12]  正在连接 QQ-主 邮箱服务器 (497720537@qq.com) ...
[2026-05-20 10:36:13]  正在连接 QQ-备用 邮箱服务器 (shouqianbadavid@qq.com) ...
[2026-05-20 10:36:48]  正在连接 QQ-主 邮箱服务器 (497720537@qq.com) ...
[2026-05-20 10:36:49]  正在连接 QQ-备用 邮箱服务器 (shouqianbadavid@qq.com) ...
[2026-05-20 10:37:24]  正在连接 QQ-主 邮箱服务器 (497720537@qq.com) ...
[2026-05-20 10:37:25]  正在连接 QQ-备用 邮箱服务器 (shouqianbadavid@qq.com) ...
[2026-05-20 10:38:01]  正在连接 QQ-主 邮箱服务器 (497720537@qq.com) ...
[2026-05-20 10:38:01]  QQ-主 正在解析因子: =?utf-8?b?QWxwaGFQaWxvdCDlrp7ml7bkv6Hlj7cgKGFscGhhX3NpZ25hbF90aHJfMjAyNjA1MjBfMTAzNy5qc29uKSBb5Li7UVEt5a+55aSWXQ==?=
[2026-05-20 10:38:01]  发现表格，共 22 行数据
[2026-05-20 10:38:01]  动态索引映射: ['股票代码', '股票名称', '信号', '当前价格', '量比', '来源过滤']
[2026-05-20 10:38:01]  [行1] 解析成功: SHSE.600989 [宝丰能源] SELL @ 27.63 (VR:0.2)
[2026-05-20 10:38:01]  [行2] 解析成功: SZSE.002455 [百川股份] BUY @ 9.58 (VR:1.71)
[2026-05-20 10:38:01]  [行3] 解析成功: SZSE.300677 [英科医疗] BUY @ 48.72 (VR:0.76)
[2026-05-20 10:38:01]  [行4] 解析成功: SZSE.300274 [阳光电源] BUY @ 161.18 (VR:0.94)
[2026-05-20 10:38:01]  [行5] 解析成功: SZSE.300285 [国瓷材料] BUY @ 42.17 (VR:0.76)
[2026-05-20 10:38:01]  [行6] 解析成功: SZSE.300228 [富瑞特装] BUY @ 9.51 (VR:0.0)
[2026-05-20 10:38:01]  [行7] 解析成功: SZSE.301419 [瑞可达] BUY @ 42.7 (VR:0.21)
[2026-05-20 10:38:01]  [行8] 解析成功: SZSE.300449 [汉邦高科] BUY @ 9.15 (VR:0.19)
[2026-05-20 10:38:01]  [行9] 解析成功: SZSE.300868 [杰美特] BUY @ 92.92 (VR:0.24)
[2026-05-20 10:38:01]  [行10] 解析成功: SZSE.300953 [震裕科技] SELL @ 241.02 (VR:0.36)
[2026-05-20 10:38:01]  [行11] 解析成功: SZSE.300054 [鼎龙股份] BUY @ 78.07 (VR:0.39)
[2026-05-20 10:38:01]  [行12] 解析成功: SHSE.600989 [宝丰能源] SELL @ 27.56 (VR:0.82)
[2026-05-20 10:38:01]  [行13] 解析成功: SZSE.002455 [百川股份] BUY @ 9.65 (VR:5.49)
[2026-05-20 10:38:01]  [行14] 解析成功: SZSE.300677 [英科医疗] BUY @ 48.75 (VR:0.13)
[2026-05-20 10:38:01]  [行15] 解析成功: SZSE.300274 [阳光电源] BUY @ 161.49 (VR:0.38)
[2026-05-20 10:38:01]  [行16] 解析成功: SZSE.300285 [国瓷材料] BUY @ 42.24 (VR:0.47)
[2026-05-20 10:38:01]  [行17] 解析成功: SZSE.300228 [富瑞特装] BUY @ 9.52 (VR:0.52)
[2026-05-20 10:38:01]  [行18] 解析成功: SZSE.301419 [瑞可达] BUY @ 42.75 (VR:5.43)
[2026-05-20 10:38:01]  [行19] 解析成功: SZSE.300449 [汉邦高科] BUY @ 9.16 (VR:0.16)
[2026-05-20 10:38:01]  [行20] 解析成功: SZSE.300868 [杰美特] BUY @ 92.93 (VR:0.33)
[2026-05-20 10:38:01]  [行21] 解析成功: SZSE.300953 [震裕科技] SELL @ 240.9 (VR:0.01)
[2026-05-20 10:38:01]  [行22] 解析成功: SZSE.300054 [鼎龙股份] BUY @ 78.12 (VR:0.06)
[2026-05-20 10:38:01] 成功保存 22 条因子至: signal_batch_20260520_103801_877126.txt
[2026-05-20 10:38:02]  QQ-主 邮件 3670 处理完成
[2026-05-20 10:38:02]  QQ-主 本轮共成功处理 1 封有效信号邮件
[2026-05-20 10:38:02]  正在连接 QQ-备用 邮箱服务器 (shouqianbadavid@qq.com) ...
[2026-05-20 10:38:03]  QQ-备用 正在解析因子: =?utf-8?b?QWxwaGFQaWxvdCDlpIfku73kv6Hlj7cgKGFscGhhX3NpZ25hbF90aHJfMjAyNjA1MjBfMTAzNy5qc29uKSBb5aSHUVEt6Ieq5L+dXQ==?=
[2026-05-20 10:38:03]  发现表格，共 22 行数据
[2026-05-20 10:38:03]  动态索引映射: ['股票代码', '股票名称', '信号', '当前价格', '量比', '来源过滤']
[2026-05-20 10:38:03]  [行1] 解析成功: SHSE.600989 [宝丰能源] SELL @ 27.63 (VR:0.2)
[2026-05-20 10:38:03]  [行2] 解析成功: SZSE.002455 [百川股份] BUY @ 9.58 (VR:1.71)
[2026-05-20 10:38:03]  [行3] 解析成功: SZSE.300677 [英科医疗] BUY @ 48.72 (VR:0.76)
[2026-05-20 10:38:03]  [行4] 解析成功: SZSE.300274 [阳光电源] BUY @ 161.18 (VR:0.94)
[2026-05-20 10:38:03]  [行5] 解析成功: SZSE.300285 [国瓷材料] BUY @ 42.17 (VR:0.76)
[2026-05-20 10:38:03]  [行6] 解析成功: SZSE.300228 [富瑞特装] BUY @ 9.51 (VR:0.0)
[2026-05-20 10:38:03]  [行7] 解析成功: SZSE.301419 [瑞可达] BUY @ 42.7 (VR:0.21)
[2026-05-20 10:38:03]  [行8] 解析成功: SZSE.300449 [汉邦高科] BUY @ 9.15 (VR:0.19)
[2026-05-20 10:38:03]  [行9] 解析成功: SZSE.300868 [杰美特] BUY @ 92.92 (VR:0.24)
[2026-05-20 10:38:03]  [行10] 解析成功: SZSE.300953 [震裕科技] SELL @ 241.02 (VR:0.36)
[2026-05-20 10:38:03]  [行11] 解析成功: SZSE.300054 [鼎龙股份] BUY @ 78.07 (VR:0.39)
[2026-05-20 10:38:03]  [行12] 解析成功: SHSE.600989 [宝丰能源] SELL @ 27.56 (VR:0.82)
[2026-05-20 10:38:03]  [行13] 解析成功: SZSE.002455 [百川股份] BUY @ 9.65 (VR:5.49)
[2026-05-20 10:38:03]  [行14] 解析成功: SZSE.300677 [英科医疗] BUY @ 48.75 (VR:0.13)
[2026-05-20 10:38:03]  [行15] 解析成功: SZSE.300274 [阳光电源] BUY @ 161.49 (VR:0.38)
[2026-05-20 10:38:03]  [行16] 解析成功: SZSE.300285 [国瓷材料] BUY @ 42.24 (VR:0.47)
[2026-05-20 10:38:03]  [行17] 解析成功: SZSE.300228 [富瑞特装] BUY @ 9.52 (VR:0.52)
[2026-05-20 10:38:03]  [行18] 解析成功: SZSE.301419 [瑞可达] BUY @ 42.75 (VR:5.43)
[2026-05-20 10:38:03]  [行19] 解析成功: SZSE.300449 [汉邦高科] BUY @ 9.16 (VR:0.16)
[2026-05-20 10:38:03]  [行20] 解析成功: SZSE.300868 [杰美特] BUY @ 92.93 (VR:0.33)
[2026-05-20 10:38:03]  [行21] 解析成功: SZSE.300953 [震裕科技] SELL @ 240.9 (VR:0.01)
[2026-05-20 10:38:03]  [行22] 解析成功: SZSE.300054 [鼎龙股份] BUY @ 78.12 (VR:0.06)
[2026-05-20 10:38:03] 成功保存 22 条因子至: signal_batch_20260520_103803_053428.txt
[2026-05-20 10:38:03]  QQ-备用 邮件 963 处理完成
[2026-05-20 10:38:03]  QQ-备用 本轮共成功处理 1 封有效信号邮件
[2026-05-20 10:38:38]  正在连接 QQ-主 邮箱服务器 (497720537@qq.com) ...
[2026-05-20 10:38:39]  正在连接 QQ-备用 邮箱服务器 (shouqianbadavid@qq.com) ...
[2026-05-20 10:39:14]  正在连接 QQ-主 邮箱服务器 (497720537@qq.com) ...
[2026-05-20 10:39:15]  正在连接 QQ-备用 邮箱服务器 (shouqianbadavid@qq.com) ...
[2026-05-20 10:39:51]  正在连接 QQ-主 邮箱服务器 (497720537@qq.com) ...
[2026-05-20 10:39:51]  正在连接 QQ-备用 邮箱服务器 (shouqianbadavid@qq.com) ...
[2026-05-20 10:40:27]  正在连接 QQ-主 邮箱服务器 (497720537@qq.com) ...
[2026-05-20 10:40:28]  QQ-主 正在解析因子: =?utf-8?b?QWxwaGFQaWxvdCDlrp7ml7bkv6Hlj7cgKGFscGhhX3NpZ25hbF90aHJfMjAyNjA1MjBfMTA0MC5qc29uKSBb5Li7UVEt5a+55aSWXQ==?=
[2026-05-20 10:40:28]  发现表格，共 14 行数据
[2026-05-20 10:40:28]  动态索引映射: ['股票代码', '股票名称', '信号', '当前价格', '量比', '来源过滤']
[2026-05-20 10:40:28]  [行1] 解析成功: SZSE.300722 [新余国科] BUY @ 26.25 (VR:0.26)
[2026-05-20 10:40:28]  [行2] 解析成功: SZSE.301389 [隆扬电子] SELL @ 71.67 (VR:0.02)
[2026-05-20 10:40:28]  [行3] 解析成功: SHSE.688700 [东威科技] BUY @ 73.46 (VR:0.06)
[2026-05-20 10:40:28]  [行4] 解析成功: SHSE.688689 [银河微电] SELL @ 44.02 (VR:0.08)
[2026-05-20 10:40:28]  [行5] 解析成功: SHSE.603538 [美诺华] BUY @ 51.94 (VR:1.18)
[2026-05-20 10:40:28]  [行6] 解析成功: SZSE.300185 [通裕重工] BUY @ 3.05 (VR:0.09)
[2026-05-20 10:40:28]  [行7] 解析成功: SZSE.300672 [国科微] BUY @ 246.53 (VR:0.27)
[2026-05-20 10:40:28]  [行8] 解析成功: SZSE.300722 [新余国科] BUY @ 26.28 (VR:0.14)
[2026-05-20 10:40:28]  [行9] 解析成功: SZSE.301389 [隆扬电子] SELL @ 71.45 (VR:0.34)
[2026-05-20 10:40:28]  [行10] 解析成功: SHSE.688700 [东威科技] BUY @ 73.52 (VR:0.04)
[2026-05-20 10:40:28]  [行11] 解析成功: SHSE.688689 [银河微电] SELL @ 44.01 (VR:0.17)
[2026-05-20 10:40:28]  [行12] 解析成功: SHSE.603538 [美诺华] BUY @ 52.04 (VR:0.75)
[2026-05-20 10:40:28]  [行13] 解析成功: SZSE.300185 [通裕重工] BUY @ 3.06 (VR:0.42)
[2026-05-20 10:40:28]  [行14] 解析成功: SZSE.300672 [国科微] BUY @ 246.83 (VR:0.26)
[2026-05-20 10:40:28] 成功保存 14 条因子至: signal_batch_20260520_104028_412217.txt
[2026-05-20 10:40:28]  QQ-主 邮件 3671 处理完成
[2026-05-20 10:40:28]  QQ-主 本轮共成功处理 1 封有效信号邮件
[2026-05-20 10:40:28]  正在连接 QQ-备用 邮箱服务器 (shouqianbadavid@qq.com) ...
[2026-05-20 10:40:29]  QQ-备用 正在解析因子: =?utf-8?b?QWxwaGFQaWxvdCDlpIfku73kv6Hlj7cgKGFscGhhX3NpZ25hbF90aHJfMjAyNjA1MjBfMTA0MC5qc29uKSBb5aSHUVEt6Ieq5L+dXQ==?=
[2026-05-20 10:40:29]  发现表格，共 14 行数据
[2026-05-20 10:40:29]  动态索引映射: ['股票代码', '股票名称', '信号', '当前价格', '量比', '来源过滤']
[2026-05-20 10:40:29]  [行1] 解析成功: SZSE.300722 [新余国科] BUY @ 26.25 (VR:0.26)
[2026-05-20 10:40:29]  [行2] 解析成功: SZSE.301389 [隆扬电子] SELL @ 71.67 (VR:0.02)
[2026-05-20 10:40:29]  [行3] 解析成功: SHSE.688700 [东威科技] BUY @ 73.46 (VR:0.06)
[2026-05-20 10:40:29]  [行4] 解析成功: SHSE.688689 [银河微电] SELL @ 44.02 (VR:0.08)
[2026-05-20 10:40:29]  [行5] 解析成功: SHSE.603538 [美诺华] BUY @ 51.94 (VR:1.18)
[2026-05-20 10:40:29]  [行6] 解析成功: SZSE.300185 [通裕重工] BUY @ 3.05 (VR:0.09)
[2026-05-20 10:40:29]  [行7] 解析成功: SZSE.300672 [国科微] BUY @ 246.53 (VR:0.27)
[2026-05-20 10:40:29]  [行8] 解析成功: SZSE.300722 [新余国科] BUY @ 26.28 (VR:0.14)
[2026-05-20 10:40:29]  [行9] 解析成功: SZSE.301389 [隆扬电子] SELL @ 71.45 (VR:0.34)
[2026-05-20 10:40:29]  [行10] 解析成功: SHSE.688700 [东威科技] BUY @ 73.52 (VR:0.04)
[2026-05-20 10:40:29]  [行11] 解析成功: SHSE.688689 [银河微电] SELL @ 44.01 (VR:0.17)
[2026-05-20 10:40:29]  [行12] 解析成功: SHSE.603538 [美诺华] BUY @ 52.04 (VR:0.75)
[2026-05-20 10:40:29]  [行13] 解析成功: SZSE.300185 [通裕重工] BUY @ 3.06 (VR:0.42)
[2026-05-20 10:40:29]  [行14] 解析成功: SZSE.300672 [国科微] BUY @ 246.83 (VR:0.26)
[2026-05-20 10:40:29] 成功保存 14 条因子至: signal_batch_20260520_104029_397102.txt
[2026-05-20 10:40:29]  QQ-备用 邮件 964 处理完成
[2026-05-20 10:40:29]  QQ-备用 本轮共成功处理 1 封有效信号邮件
[2026-05-20 10:41:04]  正在连接 QQ-主 邮箱服务器 (497720537@qq.com) ...
[2026-05-20 10:41:05]  正在连接 QQ-备用 邮箱服务器 (shouqianbadavid@qq.com) ...
[2026-05-20 10:41:41]  正在连接 QQ-主 邮箱服务器 (497720537@qq.com) ...
[2026-05-20 10:41:41]  正在连接 QQ-备用 邮箱服务器 (shouqianbadavid@qq.com) ...
[2026-05-20 10:42:17]  正在连接 QQ-主 邮箱服务器 (497720537@qq.com) ...
[2026-05-20 10:42:17]  正在连接 QQ-备用 邮箱服务器 (shouqianbadavid@qq.com) ...
[2026-05-20 10:42:53]  正在连接 QQ-主 邮箱服务器 (497720537@qq.com) ...
[2026-05-20 10:42:53]  正在连接 QQ-备用 邮箱服务器 (shouqianbadavid@qq.com) ...
[2026-05-20 10:43:29]  正在连接 QQ-主 邮箱服务器 (497720537@qq.com) ...
[2026-05-20 10:43:29]  正在连接 QQ-备用 邮箱服务器 (shouqianbadavid@qq.com) ...
[2026-05-20 10:44:05]  正在连接 QQ-主 邮箱服务器 (497720537@qq.com) ...
[2026-05-20 10:44:05]  QQ-主 正在解析因子: =?utf-8?b?QWxwaGFQaWxvdCDlrp7ml7bkv6Hlj7cgKGFscGhhX3NpZ25hbF90aHJfMjAyNjA1MjBfMTA0My5qc29uKSBb5Li7UVEt5a+55aSWXQ==?=
[2026-05-20 10:44:05]  发现表格，共 6 行数据
[2026-05-20 10:44:05]  动态索引映射: ['股票代码', '股票名称', '信号', '当前价格', '量比', '来源过滤']
[2026-05-20 10:44:05]  [行1] 解析成功: SHSE.688295 [奥林德] BUY @ 52.83 (VR:0.11)
[2026-05-20 10:44:05]  [行2] 解析成功: SZSE.002445 [中南文化] SELL @ 3.7 (VR:0.2)
[2026-05-20 10:44:05]  [行3] 解析成功: SHSE.688295 [中复神鹰] BUY @ 52.82 (VR:0.46)
[2026-05-20 10:44:05]  [行4] 解析成功: SHSE.688295 [奥林德] BUY @ 52.96 (VR:0.86)
[2026-05-20 10:44:05]  [行5] 解析成功: SZSE.002445 [中南文化] SELL @ 3.69 (VR:0.14)
[2026-05-20 10:44:05]  [行6] 解析成功: SHSE.688295 [中复神鹰] BUY @ 52.97 (VR:1.23)
[2026-05-20 10:44:05] 成功保存 6 条因子至: signal_batch_20260520_104405_934241.txt
[2026-05-20 10:44:06]  QQ-主 邮件 3672 处理完成
[2026-05-20 10:44:06]  QQ-主 本轮共成功处理 1 封有效信号邮件
[2026-05-20 10:44:06]  正在连接 QQ-备用 邮箱服务器 (shouqianbadavid@qq.com) ...
[2026-05-20 10:44:06]  QQ-备用 正在解析因子: =?utf-8?b?QWxwaGFQaWxvdCDlpIfku73kv6Hlj7cgKGFscGhhX3NpZ25hbF90aHJfMjAyNjA1MjBfMTA0My5qc29uKSBb5aSHUVEt6Ieq5L+dXQ==?=
[2026-05-20 10:44:06]  发现表格，共 6 行数据
[2026-05-20 10:44:06]  动态索引映射: ['股票代码', '股票名称', '信号', '当前价格', '量比', '来源过滤']
[2026-05-20 10:44:06]  [行1] 解析成功: SHSE.688295 [奥林德] BUY @ 52.83 (VR:0.11)
[2026-05-20 10:44:06]  [行2] 解析成功: SZSE.002445 [中南文化] SELL @ 3.7 (VR:0.2)
[2026-05-20 10:44:06]  [行3] 解析成功: SHSE.688295 [中复神鹰] BUY @ 52.82 (VR:0.46)
[2026-05-20 10:44:06]  [行4] 解析成功: SHSE.688295 [奥林德] BUY @ 52.96 (VR:0.86)
[2026-05-20 10:44:06]  [行5] 解析成功: SZSE.002445 [中南文化] SELL @ 3.69 (VR:0.14)
[2026-05-20 10:44:06]  [行6] 解析成功: SHSE.688295 [中复神鹰] BUY @ 52.97 (VR:1.23)
[2026-05-20 10:44:06] 成功保存 6 条因子至: signal_batch_20260520_104406_775881.txt
[2026-05-20 10:44:06]  QQ-备用 邮件 965 处理完成
[2026-05-20 10:44:06]  QQ-备用 本轮共成功处理 1 封有效信号邮件
[2026-05-20 10:44:42]  正在连接 QQ-主 邮箱服务器 (497720537@qq.com) ...
[2026-05-20 10:44:42]  正在连接 QQ-备用 邮箱服务器 (shouqianbadavid@qq.com) ...
[2026-05-20 10:45:18]  正在连接 QQ-主 邮箱服务器 (497720537@qq.com) ...
[2026-05-20 10:45:18]  正在连接 QQ-备用 邮箱服务器 (shouqianbadavid@qq.com) ...
[2026-05-20 10:45:54]  正在连接 QQ-主 邮箱服务器 (497720537@qq.com) ...
[2026-05-20 10:45:55]  正在连接 QQ-备用 邮箱服务器 (shouqianbadavid@qq.com) ...
[2026-05-20 10:46:30]  正在连接 QQ-主 邮箱服务器 (497720537@qq.com) ...
[2026-05-20 10:46:31]  正在连接 QQ-备用 邮箱服务器 (shouqianbadavid@qq.com) ...
[2026-05-20 10:47:06]  正在连接 QQ-主 邮箱服务器 (497720537@qq.com) ...
[2026-05-20 10:47:07]  正在连接 QQ-备用 邮箱服务器 (shouqianbadavid@qq.com) ...
[2026-05-20 10:47:43]  正在连接 QQ-主 邮箱服务器 (497720537@qq.com) ...
[2026-05-20 10:47:43]  正在连接 QQ-备用 邮箱服务器 (shouqianbadavid@qq.com) ...
[2026-05-20 10:48:19]  正在连接 QQ-主 邮箱服务器 (497720537@qq.com) ...
[2026-05-20 10:48:20]  QQ-主 正在解析因子: =?utf-8?b?QWxwaGFQaWxvdCDlrp7ml7bkv6Hlj7cgKGFscGhhX3NpZ25hbF90aHJfMjAyNjA1MjBfMTA0Ny5qc29uKSBb5Li7UVEt5a+55aSWXQ==?=
[2026-05-20 10:48:20]  发现表格，共 10 行数据
[2026-05-20 10:48:20]  动态索引映射: ['股票代码', '股票名称', '信号', '当前价格', '量比', '来源过滤']
[2026-05-20 10:48:20]  [行1] 解析成功: SZSE.002300 [太阳电缆] BUY @ 9.71 (VR:0.07)
[2026-05-20 10:48:20]  [行2] 解析成功: SZSE.002364 [中恒电器] SELL @ 51.23 (VR:0.38)
[2026-05-20 10:48:20]  [行3] 解析成功: SZSE.300352 [北信源] SELL @ 3.34 (VR:1.88)
[2026-05-20 10:48:20]  [行4] 解析成功: SZSE.000536 [华映科技] SELL @ 3.93 (VR:0.07)
[2026-05-20 10:48:20]  [行5] 解析成功: SZSE.300693 [盛弘股份] BUY @ 60.94 (VR:0.23)
[2026-05-20 10:48:20]  [行6] 解析成功: SZSE.002300 [太阳电缆] BUY @ 9.73 (VR:0.62)
[2026-05-20 10:48:20]  [行7] 解析成功: SZSE.002364 [中恒电器] SELL @ 51.09 (VR:0.31)
[2026-05-20 10:48:20]  [行8] 解析成功: SZSE.300352 [北信源] SELL @ 3.33 (VR:1.15)
[2026-05-20 10:48:20]  [行9] 解析成功: SZSE.000536 [华映科技] SELL @ 3.92 (VR:0.69)
[2026-05-20 10:48:20]  [行10] 解析成功: SZSE.300693 [盛弘股份] BUY @ 61.1 (VR:0.05)
[2026-05-20 10:48:20] 成功保存 10 条因子至: signal_batch_20260520_104820_188307.txt
[2026-05-20 10:48:20]  QQ-主 邮件 3673 处理完成
[2026-05-20 10:48:20]  QQ-主 本轮共成功处理 1 封有效信号邮件
[2026-05-20 10:48:20]  正在连接 QQ-备用 邮箱服务器 (shouqianbadavid@qq.com) ...
[2026-05-20 10:48:55]  正在连接 QQ-主 邮箱服务器 (497720537@qq.com) ...
[2026-05-20 10:48:56]  正在连接 QQ-备用 邮箱服务器 (shouqianbadavid@qq.com) ...
[2026-05-20 10:48:57]  QQ-备用 正在解析因子: =?utf-8?b?QWxwaGFQaWxvdCDlpIfku73kv6Hlj7cgKGFscGhhX3NpZ25hbF90aHJfMjAyNjA1MjBfMTA0Ny5qc29uKSBb5aSHUVEt6Ieq5L+dXQ==?=
[2026-05-20 10:48:57]  发现表格，共 10 行数据
[2026-05-20 10:48:57]  动态索引映射: ['股票代码', '股票名称', '信号', '当前价格', '量比', '来源过滤']
[2026-05-20 10:48:57]  [行1] 解析成功: SZSE.002300 [太阳电缆] BUY @ 9.71 (VR:0.07)
[2026-05-20 10:48:57]  [行2] 解析成功: SZSE.002364 [中恒电器] SELL @ 51.23 (VR:0.38)
[2026-05-20 10:48:57]  [行3] 解析成功: SZSE.300352 [北信源] SELL @ 3.34 (VR:1.88)
[2026-05-20 10:48:57]  [行4] 解析成功: SZSE.000536 [华映科技] SELL @ 3.93 (VR:0.07)
[2026-05-20 10:48:57]  [行5] 解析成功: SZSE.300693 [盛弘股份] BUY @ 60.94 (VR:0.23)
[2026-05-20 10:48:57]  [行6] 解析成功: SZSE.002300 [太阳电缆] BUY @ 9.73 (VR:0.62)
[2026-05-20 10:48:57]  [行7] 解析成功: SZSE.002364 [中恒电器] SELL @ 51.09 (VR:0.31)
[2026-05-20 10:48:57]  [行8] 解析成功: SZSE.300352 [北信源] SELL @ 3.33 (VR:1.15)
[2026-05-20 10:48:57]  [行9] 解析成功: SZSE.000536 [华映科技] SELL @ 3.92 (VR:0.69)
[2026-05-20 10:48:57]  [行10] 解析成功: SZSE.300693 [盛弘股份] BUY @ 61.1 (VR:0.05)
[2026-05-20 10:48:57] 成功保存 10 条因子至: signal_batch_20260520_104857_259027.txt
[2026-05-20 10:48:57]  QQ-备用 邮件 966 处理完成
[2026-05-20 10:48:57]  QQ-备用 本轮共成功处理 1 封有效信号邮件
[2026-05-20 10:49:32]  正在连接 QQ-主 邮箱服务器 (497720537@qq.com) ...
[2026-05-20 10:49:32]  正在连接 QQ-备用 邮箱服务器 (shouqianbadavid@qq.com) ...
[2026-05-20 10:50:08]  正在连接 QQ-主 邮箱服务器 (497720537@qq.com) ...
[2026-05-20 10:50:08]  正在连接 QQ-备用 邮箱服务器 (shouqianbadavid@qq.com) ...
[2026-05-20 10:50:44]  正在连接 QQ-主 邮箱服务器 (497720537@qq.com) ...
[2026-05-20 10:50:45]  正在连接 QQ-备用 邮箱服务器 (shouqianbadavid@qq.com) ...
[2026-05-20 10:51:20]  正在连接 QQ-主 邮箱服务器 (497720537@qq.com) ...
[2026-05-20 10:51:21]  QQ-主 正在解析因子: =?utf-8?b?QWxwaGFQaWxvdCDlrp7ml7bkv6Hlj7cgKGFscGhhX3NpZ25hbF90aHJfMjAyNjA1MjBfMTA1MS5qc29uKSBb5Li7UVEt5a+55aSWXQ==?=
[2026-05-20 10:51:21]  发现表格，共 16 行数据
[2026-05-20 10:51:21]  动态索引映射: ['股票代码', '股票名称', '信号', '当前价格', '量比', '来源过滤']
[2026-05-20 10:51:21]  [行1] 解析成功: SZSE.002455 [百川股份] SELL @ 9.73 (VR:0.09)
[2026-05-20 10:51:21]  [行2] 解析成功: SZSE.300677 [英科医疗] SELL @ 48.7 (VR:0.23)
[2026-05-20 10:51:21]  [行3] 解析成功: SZSE.300274 [阳光电源] SELL @ 162.91 (VR:1.18)
[2026-05-20 10:51:21]  [行4] 解析成功: SZSE.002506 [协鑫集成] BUY @ 4.06 (VR:0.27)
[2026-05-20 10:51:21]  [行5] 解析成功: SZSE.300393 [中来股份] SELL @ 10.87 (VR:1.08)
[2026-05-20 10:51:21]  [行6] 解析成功: SZSE.300449 [汉邦高科] BUY @ 9.1 (VR:0.19)
[2026-05-20 10:51:21]  [行7] 解析成功: SZSE.300953 [震裕科技] SELL @ 241.45 (VR:0.12)
[2026-05-20 10:51:21]  [行8] 解析成功: SZSE.300054 [鼎龙股份] BUY @ 76.55 (VR:1.08)
[2026-05-20 10:51:21]  [行9] 解析成功: SZSE.002455 [百川股份] SELL @ 9.72 (VR:1.41)
[2026-05-20 10:51:21]  [行10] 解析成功: SZSE.300677 [英科医疗] SELL @ 48.6 (VR:0.25)
[2026-05-20 10:51:21]  [行11] 解析成功: SZSE.300274 [阳光电源] SELL @ 162.87 (VR:1.53)
[2026-05-20 10:51:21]  [行12] 解析成功: SZSE.002506 [协鑫集成] BUY @ 4.07 (VR:0.02)
[2026-05-20 10:51:21]  [行13] 解析成功: SZSE.300393 [中来股份] SELL @ 10.85 (VR:0.29)
[2026-05-20 10:51:21]  [行14] 解析成功: SZSE.300449 [汉邦高科] BUY @ 9.12 (VR:0.28)
[2026-05-20 10:51:21]  [行15] 解析成功: SZSE.300953 [震裕科技] SELL @ 241.35 (VR:0.36)
[2026-05-20 10:51:21]  [行16] 解析成功: SZSE.300054 [鼎龙股份] BUY @ 76.92 (VR:0.63)
[2026-05-20 10:51:21] 成功保存 16 条因子至: signal_batch_20260520_105121_497087.txt
[2026-05-20 10:51:21]  QQ-主 邮件 3674 处理完成
[2026-05-20 10:51:21]  QQ-主 本轮共成功处理 1 封有效信号邮件
[2026-05-20 10:51:21]  正在连接 QQ-备用 邮箱服务器 (shouqianbadavid@qq.com) ...
[2026-05-20 10:51:22]  QQ-备用 正在解析因子: =?utf-8?b?QWxwaGFQaWxvdCDlpIfku73kv6Hlj7cgKGFscGhhX3NpZ25hbF90aHJfMjAyNjA1MjBfMTA1MS5qc29uKSBb5aSHUVEt6Ieq5L+dXQ==?=
[2026-05-20 10:51:22]  发现表格，共 16 行数据
[2026-05-20 10:51:22]  动态索引映射: ['股票代码', '股票名称', '信号', '当前价格', '量比', '来源过滤']
[2026-05-20 10:51:22]  [行1] 解析成功: SZSE.002455 [百川股份] SELL @ 9.73 (VR:0.09)
[2026-05-20 10:51:22]  [行2] 解析成功: SZSE.300677 [英科医疗] SELL @ 48.7 (VR:0.23)
[2026-05-20 10:51:22]  [行3] 解析成功: SZSE.300274 [阳光电源] SELL @ 162.91 (VR:1.18)
[2026-05-20 10:51:22]  [行4] 解析成功: SZSE.002506 [协鑫集成] BUY @ 4.06 (VR:0.27)
[2026-05-20 10:51:22]  [行5] 解析成功: SZSE.300393 [中来股份] SELL @ 10.87 (VR:1.08)
[2026-05-20 10:51:22]  [行6] 解析成功: SZSE.300449 [汉邦高科] BUY @ 9.1 (VR:0.19)
[2026-05-20 10:51:22]  [行7] 解析成功: SZSE.300953 [震裕科技] SELL @ 241.45 (VR:0.12)
[2026-05-20 10:51:22]  [行8] 解析成功: SZSE.300054 [鼎龙股份] BUY @ 76.55 (VR:1.08)
[2026-05-20 10:51:22]  [行9] 解析成功: SZSE.002455 [百川股份] SELL @ 9.72 (VR:1.41)
[2026-05-20 10:51:22]  [行10] 解析成功: SZSE.300677 [英科医疗] SELL @ 48.6 (VR:0.25)
[2026-05-20 10:51:22]  [行11] 解析成功: SZSE.300274 [阳光电源] SELL @ 162.87 (VR:1.53)
[2026-05-20 10:51:22]  [行12] 解析成功: SZSE.002506 [协鑫集成] BUY @ 4.07 (VR:0.02)
[2026-05-20 10:51:22]  [行13] 解析成功: SZSE.300393 [中来股份] SELL @ 10.85 (VR:0.29)
[2026-05-20 10:51:22]  [行14] 解析成功: SZSE.300449 [汉邦高科] BUY @ 9.12 (VR:0.28)
[2026-05-20 10:51:22]  [行15] 解析成功: SZSE.300953 [震裕科技] SELL @ 241.35 (VR:0.36)
[2026-05-20 10:51:22]  [行16] 解析成功: SZSE.300054 [鼎龙股份] BUY @ 76.92 (VR:0.63)
[2026-05-20 10:51:22] 成功保存 16 条因子至: signal_batch_20260520_105122_578176.txt
[2026-05-20 10:51:22]  QQ-备用 邮件 967 处理完成
[2026-05-20 10:51:22]  QQ-备用 本轮共成功处理 1 封有效信号邮件
[2026-05-20 10:51:58]  正在连接 QQ-主 邮箱服务器 (497720537@qq.com) ...
[2026-05-20 10:51:58]  正在连接 QQ-备用 邮箱服务器 (shouqianbadavid@qq.com) ...
[2026-05-20 10:52:34]  正在连接 QQ-主 邮箱服务器 (497720537@qq.com) ...
[2026-05-20 10:52:34]  正在连接 QQ-备用 邮箱服务器 (shouqianbadavid@qq.com) ...
[2026-05-20 10:53:10]  正在连接 QQ-主 邮箱服务器 (497720537@qq.com) ...
[2026-05-20 10:53:11]  正在连接 QQ-备用 邮箱服务器 (shouqianbadavid@qq.com) ...
[2026-05-20 10:53:47]  正在连接 QQ-主 邮箱服务器 (497720537@qq.com) ...
[2026-05-20 10:53:47]  正在连接 QQ-备用 邮箱服务器 (shouqianbadavid@qq.com) ...
[2026-05-20 10:54:23]  正在连接 QQ-主 邮箱服务器 (497720537@qq.com) ...
[2026-05-20 10:54:23]  QQ-主 正在解析因子: =?utf-8?b?QWxwaGFQaWxvdCDlrp7ml7bkv6Hlj7cgKGFscGhhX3NpZ25hbF90aHJfMjAyNjA1MjBfMTA1NC5qc29uKSBb5Li7UVEt5a+55aSWXQ==?=
[2026-05-20 10:54:23]  发现表格，共 8 行数据
[2026-05-20 10:54:23]  动态索引映射: ['股票代码', '股票名称', '信号', '当前价格', '量比', '来源过滤']
[2026-05-20 10:54:23]  [行1] 解析成功: SZSE.300722 [新余国科] SELL @ 26.2 (VR:0.19)
[2026-05-20 10:54:23]  [行2] 解析成功: SZSE.301389 [隆扬电子] BUY @ 71.23 (VR:0.73)
[2026-05-20 10:54:23]  [行3] 解析成功: SHSE.688689 [银河微电] SELL @ 44.11 (VR:0.22)
[2026-05-20 10:54:23]  [行4] 解析成功: SZSE.300185 [通裕重工] BUY @ 3.04 (VR:0.09)
[2026-05-20 10:54:23]  [行5] 解析成功: SZSE.300722 [新余国科] SELL @ 26.16 (VR:0.02)
[2026-05-20 10:54:23]  [行6] 解析成功: SZSE.301389 [隆扬电子] BUY @ 71.25 (VR:0.38)
[2026-05-20 10:54:23]  [行7] 解析成功: SHSE.688689 [银河微电] SELL @ 44.02 (VR:0.23)
[2026-05-20 10:54:23]  [行8] 解析成功: SZSE.300185 [通裕重工] BUY @ 3.06 (VR:3.59)
[2026-05-20 10:54:23] 成功保存 8 条因子至: signal_batch_20260520_105423_626645.txt
[2026-05-20 10:54:23]  QQ-主 邮件 3675 处理完成
[2026-05-20 10:54:23]  QQ-主 本轮共成功处理 1 封有效信号邮件
[2026-05-20 10:54:24]  正在连接 QQ-备用 邮箱服务器 (shouqianbadavid@qq.com) ...
[2026-05-20 10:54:59]  正在连接 QQ-主 邮箱服务器 (497720537@qq.com) ...
[2026-05-20 10:55:00]  正在连接 QQ-备用 邮箱服务器 (shouqianbadavid@qq.com) ...
[2026-05-20 10:55:01]  QQ-备用 正在解析因子: =?utf-8?b?QWxwaGFQaWxvdCDlpIfku73kv6Hlj7cgKGFscGhhX3NpZ25hbF90aHJfMjAyNjA1MjBfMTA1NC5qc29uKSBb5aSHUVEt6Ieq5L+dXQ==?=
[2026-05-20 10:55:01]  发现表格，共 8 行数据
[2026-05-20 10:55:01]  动态索引映射: ['股票代码', '股票名称', '信号', '当前价格', '量比', '来源过滤']
[2026-05-20 10:55:01]  [行1] 解析成功: SZSE.300722 [新余国科] SELL @ 26.2 (VR:0.19)
[2026-05-20 10:55:01]  [行2] 解析成功: SZSE.301389 [隆扬电子] BUY @ 71.23 (VR:0.73)
[2026-05-20 10:55:01]  [行3] 解析成功: SHSE.688689 [银河微电] SELL @ 44.11 (VR:0.22)
[2026-05-20 10:55:01]  [行4] 解析成功: SZSE.300185 [通裕重工] BUY @ 3.04 (VR:0.09)
[2026-05-20 10:55:01]  [行5] 解析成功: SZSE.300722 [新余国科] SELL @ 26.16 (VR:0.02)
[2026-05-20 10:55:01]  [行6] 解析成功: SZSE.301389 [隆扬电子] BUY @ 71.25 (VR:0.38)
[2026-05-20 10:55:01]  [行7] 解析成功: SHSE.688689 [银河微电] SELL @ 44.02 (VR:0.23)
[2026-05-20 10:55:01]  [行8] 解析成功: SZSE.300185 [通裕重工] BUY @ 3.06 (VR:3.59)
[2026-05-20 10:55:01] 成功保存 8 条因子至: signal_batch_20260520_105501_189996.txt
[2026-05-20 10:55:01]  QQ-备用 邮件 968 处理完成
[2026-05-20 10:55:01]  QQ-备用 本轮共成功处理 1 封有效信号邮件
[2026-05-20 10:55:36]  正在连接 QQ-主 邮箱服务器 (497720537@qq.com) ...
[2026-05-20 10:55:37]  正在连接 QQ-备用 邮箱服务器 (shouqianbadavid@qq.com) ...
[2026-05-20 10:56:13]  正在连接 QQ-主 邮箱服务器 (497720537@qq.com) ...
[2026-05-20 10:56:13]  正在连接 QQ-备用 邮箱服务器 (shouqianbadavid@qq.com) ...
[2026-05-20 10:56:49]  正在连接 QQ-主 邮箱服务器 (497720537@qq.com) ...
[2026-05-20 10:56:50]  正在连接 QQ-备用 邮箱服务器 (shouqianbadavid@qq.com) ...
[2026-05-20 10:57:25]  正在连接 QQ-主 邮箱服务器 (497720537@qq.com) ...
[2026-05-20 10:57:26]  正在连接 QQ-备用 邮箱服务器 (shouqianbadavid@qq.com) ...
[2026-05-20 10:58:01]  正在连接 QQ-主 邮箱服务器 (497720537@qq.com) ...
[2026-05-20 10:58:02]  正在连接 QQ-备用 邮箱服务器 (shouqianbadavid@qq.com) ...
[2026-05-20 10:58:38]  正在连接 QQ-主 邮箱服务器 (497720537@qq.com) ...
[2026-05-20 10:58:38]  正在连接 QQ-备用 邮箱服务器 (shouqianbadavid@qq.com) ...
[2026-05-20 10:59:14]  正在连接 QQ-主 邮箱服务器 (497720537@qq.com) ...
[2026-05-20 10:59:14]  正在连接 QQ-备用 邮箱服务器 (shouqianbadavid@qq.com) ...
[2026-05-20 10:59:50]  正在连接 QQ-主 邮箱服务器 (497720537@qq.com) ...
[2026-05-20 10:59:50]  正在连接 QQ-备用 邮箱服务器 (shouqianbadavid@qq.com) ...
[2026-05-20 11:00:26]  正在连接 QQ-主 邮箱服务器 (497720537@qq.com) ...
[2026-05-20 11:00:27]  正在连接 QQ-备用 邮箱服务器 (shouqianbadavid@qq.com) ...
[2026-05-20 11:01:02]  正在连接 QQ-主 邮箱服务器 (497720537@qq.com) ...
[2026-05-20 11:01:03]  正在连接 QQ-备用 邮箱服务器 (shouqianbadavid@qq.com) ...
[2026-05-20 11:01:38]  正在连接 QQ-主 邮箱服务器 (497720537@qq.com) ...
[2026-05-20 11:01:39]  正在连接 QQ-备用 邮箱服务器 (shouqianbadavid@qq.com) ...
[2026-05-20 11:02:14]  正在连接 QQ-主 邮箱服务器 (497720537@qq.com) ...
[2026-05-20 11:02:15]  正在连接 QQ-备用 邮箱服务器 (shouqianbadavid@qq.com) ...
[2026-05-20 11:02:51]  正在连接 QQ-主 邮箱服务器 (497720537@qq.com) ...
[2026-05-20 11:02:51]  正在连接 QQ-备用 邮箱服务器 (shouqianbadavid@qq.com) ...
[2026-05-20 11:03:27]  正在连接 QQ-主 邮箱服务器 (497720537@qq.com) ...
[2026-05-20 11:03:27]  正在连接 QQ-备用 邮箱服务器 (shouqianbadavid@qq.com) ...
[2026-05-20 11:04:03]  正在连接 QQ-主 邮箱服务器 (497720537@qq.com) ...
[2026-05-20 11:04:04]  正在连接 QQ-备用 邮箱服务器 (shouqianbadavid@qq.com) ...
[2026-05-20 11:04:39]  正在连接 QQ-主 邮箱服务器 (497720537@qq.com) ...
[2026-05-20 11:04:40]  正在连接 QQ-备用 邮箱服务器 (shouqianbadavid@qq.com) ...
[2026-05-20 11:05:16]  正在连接 QQ-主 邮箱服务器 (497720537@qq.com) ...
[2026-05-20 11:05:16]  正在连接 QQ-备用 邮箱服务器 (shouqianbadavid@qq.com) ...
[2026-05-20 11:05:52]  正在连接 QQ-主 邮箱服务器 (497720537@qq.com) ...
[2026-05-20 11:05:52]  正在连接 QQ-备用 邮箱服务器 (shouqianbadavid@qq.com) ...
[2026-05-20 11:06:28]  正在连接 QQ-主 邮箱服务器 (497720537@qq.com) ...
[2026-05-20 11:06:29]  正在连接 QQ-备用 邮箱服务器 (shouqianbadavid@qq.com) ...
[2026-05-20 11:07:05]  正在连接 QQ-主 邮箱服务器 (497720537@qq.com) ...
[2026-05-20 11:07:05]  正在连接 QQ-备用 邮箱服务器 (shouqianbadavid@qq.com) ...
[2026-05-20 11:07:41]  正在连接 QQ-主 邮箱服务器 (497720537@qq.com) ...
[2026-05-20 11:07:42]  正在连接 QQ-备用 邮箱服务器 (shouqianbadavid@qq.com) ...
[2026-05-20 11:08:17]  正在连接 QQ-主 邮箱服务器 (497720537@qq.com) ...
[2026-05-20 11:08:18]  正在连接 QQ-备用 邮箱服务器 (shouqianbadavid@qq.com) ...
[2026-05-20 11:08:54]  正在连接 QQ-主 邮箱服务器 (497720537@qq.com) ...
[2026-05-20 11:08:55]  正在连接 QQ-备用 邮箱服务器 (shouqianbadavid@qq.com) ...
[2026-05-20 11:09:31]  正在连接 QQ-主 邮箱服务器 (497720537@qq.com) ...
[2026-05-20 11:09:32]  正在连接 QQ-备用 邮箱服务器 (shouqianbadavid@qq.com) ...
[2026-05-20 11:10:08]  正在连接 QQ-主 邮箱服务器 (497720537@qq.com) ...
[2026-05-20 11:10:08]  正在连接 QQ-备用 邮箱服务器 (shouqianbadavid@qq.com) ...
[2026-05-20 11:10:44]  正在连接 QQ-主 邮箱服务器 (497720537@qq.com) ...
[2026-05-20 11:10:44]  正在连接 QQ-备用 邮箱服务器 (shouqianbadavid@qq.com) ...
[2026-05-20 11:11:20]  正在连接 QQ-主 邮箱服务器 (497720537@qq.com) ...
[2026-05-20 11:11:21]  正在连接 QQ-备用 邮箱服务器 (shouqianbadavid@qq.com) ...
[2026-05-20 11:11:56]  正在连接 QQ-主 邮箱服务器 (497720537@qq.com) ...
[2026-05-20 11:11:57]  正在连接 QQ-备用 邮箱服务器 (shouqianbadavid@qq.com) ...
[2026-05-20 11:12:33]  正在连接 QQ-主 邮箱服务器 (497720537@qq.com) ...
[2026-05-20 11:12:33]  正在连接 QQ-备用 邮箱服务器 (shouqianbadavid@qq.com) ...
[2026-05-20 11:13:09]  正在连接 QQ-主 邮箱服务器 (497720537@qq.com) ...
[2026-05-20 11:13:10]  正在连接 QQ-备用 邮箱服务器 (shouqianbadavid@qq.com) ...
[2026-05-20 11:13:45]  正在连接 QQ-主 邮箱服务器 (497720537@qq.com) ...
[2026-05-20 11:13:46]  正在连接 QQ-备用 邮箱服务器 (shouqianbadavid@qq.com) ...
[2026-05-20 11:14:22]  正在连接 QQ-主 邮箱服务器 (497720537@qq.com) ...
[2026-05-20 11:14:22]  正在连接 QQ-备用 邮箱服务器 (shouqianbadavid@qq.com) ...
[2026-05-20 11:14:58]  正在连接 QQ-主 邮箱服务器 (497720537@qq.com) ...
[2026-05-20 11:14:58]  正在连接 QQ-备用 邮箱服务器 (shouqianbadavid@qq.com) ...
[2026-05-20 11:15:34]  正在连接 QQ-主 邮箱服务器 (497720537@qq.com) ...
[2026-05-20 11:15:34]  正在连接 QQ-备用 邮箱服务器 (shouqianbadavid@qq.com) ...
[2026-05-20 11:16:10]  正在连接 QQ-主 邮箱服务器 (497720537@qq.com) ...
[2026-05-20 11:16:10]  正在连接 QQ-备用 邮箱服务器 (shouqianbadavid@qq.com) ...
[2026-05-20 11:16:46]  正在连接 QQ-主 邮箱服务器 (497720537@qq.com) ...
[2026-05-20 11:16:47]  正在连接 QQ-备用 邮箱服务器 (shouqianbadavid@qq.com) ...
[2026-05-20 11:17:22]  正在连接 QQ-主 邮箱服务器 (497720537@qq.com) ...
[2026-05-20 11:17:23]  正在连接 QQ-备用 邮箱服务器 (shouqianbadavid@qq.com) ...
[2026-05-20 11:17:59]  正在连接 QQ-主 邮箱服务器 (497720537@qq.com) ...
[2026-05-20 11:17:59]  正在连接 QQ-备用 邮箱服务器 (shouqianbadavid@qq.com) ...
[2026-05-20 11:18:35]  正在连接 QQ-主 邮箱服务器 (497720537@qq.com) ...
[2026-05-20 11:18:35]  正在连接 QQ-备用 邮箱服务器 (shouqianbadavid@qq.com) ...
[2026-05-20 11:19:11]  正在连接 QQ-主 邮箱服务器 (497720537@qq.com) ...
[2026-05-20 11:19:11]  正在连接 QQ-备用 邮箱服务器 (shouqianbadavid@qq.com) ...
[2026-05-20 11:19:47]  正在连接 QQ-主 邮箱服务器 (497720537@qq.com) ...
[2026-05-20 11:19:47]  正在连接 QQ-备用 邮箱服务器 (shouqianbadavid@qq.com) ...
[2026-05-20 11:20:23]  正在连接 QQ-主 邮箱服务器 (497720537@qq.com) ...
[2026-05-20 11:20:24]  正在连接 QQ-备用 邮箱服务器 (shouqianbadavid@qq.com) ...
[2026-05-20 11:20:59]  正在连接 QQ-主 邮箱服务器 (497720537@qq.com) ...
[2026-05-20 11:21:00]  正在连接 QQ-备用 邮箱服务器 (shouqianbadavid@qq.com) ...
[2026-05-20 11:21:36]  正在连接 QQ-主 邮箱服务器 (497720537@qq.com) ...
[2026-05-20 11:21:36]  正在连接 QQ-备用 邮箱服务器 (shouqianbadavid@qq.com) ...
[2026-05-20 11:22:12]  正在连接 QQ-主 邮箱服务器 (497720537@qq.com) ...
[2026-05-20 11:22:12]  正在连接 QQ-备用 邮箱服务器 (shouqianbadavid@qq.com) ...
[2026-05-20 11:22:48]  正在连接 QQ-主 邮箱服务器 (497720537@qq.com) ...
[2026-05-20 11:22:48]  正在连接 QQ-备用 邮箱服务器 (shouqianbadavid@qq.com) ...
[2026-05-20 11:23:24]  正在连接 QQ-主 邮箱服务器 (497720537@qq.com) ...
[2026-05-20 11:23:24]  正在连接 QQ-备用 邮箱服务器 (shouqianbadavid@qq.com) ...
[2026-05-20 11:24:00]  正在连接 QQ-主 邮箱服务器 (497720537@qq.com) ...
[2026-05-20 11:24:00]  正在连接 QQ-备用 邮箱服务器 (shouqianbadavid@qq.com) ...
[2026-05-20 11:24:36]  正在连接 QQ-主 邮箱服务器 (497720537@qq.com) ...
[2026-05-20 11:24:37]  正在连接 QQ-备用 邮箱服务器 (shouqianbadavid@qq.com) ...
[2026-05-20 11:25:12]  正在连接 QQ-主 邮箱服务器 (497720537@qq.com) ...
[2026-05-20 11:25:13]  正在连接 QQ-备用 邮箱服务器 (shouqianbadavid@qq.com) ...
[2026-05-20 11:25:48]  正在连接 QQ-主 邮箱服务器 (497720537@qq.com) ...
[2026-05-20 11:25:49]  正在连接 QQ-备用 邮箱服务器 (shouqianbadavid@qq.com) ...
[2026-05-20 11:26:24]  正在连接 QQ-主 邮箱服务器 (497720537@qq.com) ...
[2026-05-20 11:26:25]  正在连接 QQ-备用 邮箱服务器 (shouqianbadavid@qq.com) ...
[2026-05-20 11:27:01]  正在连接 QQ-主 邮箱服务器 (497720537@qq.com) ...
[2026-05-20 11:27:01]  正在连接 QQ-备用 邮箱服务器 (shouqianbadavid@qq.com) ...
[2026-05-20 11:27:37]  正在连接 QQ-主 邮箱服务器 (497720537@qq.com) ...
[2026-05-20 11:27:38]  正在连接 QQ-备用 邮箱服务器 (shouqianbadavid@qq.com) ...
[2026-05-20 11:28:13]  正在连接 QQ-主 邮箱服务器 (497720537@qq.com) ...
[2026-05-20 11:28:14]  正在连接 QQ-备用 邮箱服务器 (shouqianbadavid@qq.com) ...
[2026-05-20 11:28:50]  正在连接 QQ-主 邮箱服务器 (497720537@qq.com) ...
[2026-05-20 11:28:50]  正在连接 QQ-备用 邮箱服务器 (shouqianbadavid@qq.com) ...
[2026-05-20 11:29:26]  正在连接 QQ-主 邮箱服务器 (497720537@qq.com) ...
[2026-05-20 11:29:26]  正在连接 QQ-备用 邮箱服务器 (shouqianbadavid@qq.com) ...
[2026-05-20 11:30:02]  正在连接 QQ-主 邮箱服务器 (497720537@qq.com) ...
[2026-05-20 11:30:03]  正在连接 QQ-备用 邮箱服务器 (shouqianbadavid@qq.com) ...
[2026-05-20 11:30:38]  正在连接 QQ-主 邮箱服务器 (497720537@qq.com) ...
[2026-05-20 11:30:39]  正在连接 QQ-备用 邮箱服务器 (shouqianbadavid@qq.com) ...
[2026-05-20 11:31:15]  正在连接 QQ-主 邮箱服务器 (497720537@qq.com) ...
[2026-05-20 11:31:15]  正在连接 QQ-备用 邮箱服务器 (shouqianbadavid@qq.com) ...
[2026-05-20 11:31:51]  正在连接 QQ-主 邮箱服务器 (497720537@qq.com) ...
[2026-05-20 11:31:52]  正在连接 QQ-备用 邮箱服务器 (shouqianbadavid@qq.com) ...
[2026-05-20 11:32:27]  正在连接 QQ-主 邮箱服务器 (497720537@qq.com) ...
[2026-05-20 11:32:28]  正在连接 QQ-备用 邮箱服务器 (shouqianbadavid@qq.com) ...
[2026-05-20 11:33:03]  正在连接 QQ-主 邮箱服务器 (497720537@qq.com) ...
[2026-05-20 11:33:04]  正在连接 QQ-备用 邮箱服务器 (shouqianbadavid@qq.com) ...
[2026-05-20 11:33:40]  正在连接 QQ-主 邮箱服务器 (497720537@qq.com) ...
[2026-05-20 11:33:40]  正在连接 QQ-备用 邮箱服务器 (shouqianbadavid@qq.com) ...
[2026-05-20 11:34:16]  正在连接 QQ-主 邮箱服务器 (497720537@qq.com) ...
[2026-05-20 11:34:16]  正在连接 QQ-备用 邮箱服务器 (shouqianbadavid@qq.com) ...
[2026-05-20 11:34:52]  正在连接 QQ-主 邮箱服务器 (497720537@qq.com) ...
[2026-05-20 11:34:52]  正在连接 QQ-备用 邮箱服务器 (shouqianbadavid@qq.com) ...
[2026-05-20 11:35:28]  正在连接 QQ-主 邮箱服务器 (497720537@qq.com) ...
[2026-05-20 11:35:29]  正在连接 QQ-备用 邮箱服务器 (shouqianbadavid@qq.com) ...
[2026-05-20 11:36:05]  正在连接 QQ-主 邮箱服务器 (497720537@qq.com) ...
[2026-05-20 11:36:05]  正在连接 QQ-备用 邮箱服务器 (shouqianbadavid@qq.com) ...
[2026-05-20 11:36:41]  正在连接 QQ-主 邮箱服务器 (497720537@qq.com) ...
[2026-05-20 11:36:42]  正在连接 QQ-备用 邮箱服务器 (shouqianbadavid@qq.com) ...
[2026-05-20 11:37:17]  正在连接 QQ-主 邮箱服务器 (497720537@qq.com) ...
[2026-05-20 11:37:18]  正在连接 QQ-备用 邮箱服务器 (shouqianbadavid@qq.com) ...
[2026-05-20 11:37:54]  正在连接 QQ-主 邮箱服务器 (497720537@qq.com) ...
[2026-05-20 11:37:54]  正在连接 QQ-备用 邮箱服务器 (shouqianbadavid@qq.com) ...
[2026-05-20 11:38:30]  正在连接 QQ-主 邮箱服务器 (497720537@qq.com) ...
[2026-05-20 11:38:30]  正在连接 QQ-备用 邮箱服务器 (shouqianbadavid@qq.com) ...
[2026-05-20 11:39:06]  正在连接 QQ-主 邮箱服务器 (497720537@qq.com) ...
[2026-05-20 11:39:07]  正在连接 QQ-备用 邮箱服务器 (shouqianbadavid@qq.com) ...
[2026-05-20 11:39:43]  正在连接 QQ-主 邮箱服务器 (497720537@qq.com) ...
[2026-05-20 11:39:43]  正在连接 QQ-备用 邮箱服务器 (shouqianbadavid@qq.com) ...
[2026-05-20 11:40:19]  正在连接 QQ-主 邮箱服务器 (497720537@qq.com) ...
[2026-05-20 11:40:20]  正在连接 QQ-备用 邮箱服务器 (shouqianbadavid@qq.com) ...
[2026-05-20 11:40:56]  正在连接 QQ-主 邮箱服务器 (497720537@qq.com) ...
[2026-05-20 11:40:56]  正在连接 QQ-备用 邮箱服务器 (shouqianbadavid@qq.com) ...
[2026-05-20 11:41:32]  正在连接 QQ-主 邮箱服务器 (497720537@qq.com) ...
[2026-05-20 11:41:32]  正在连接 QQ-备用 邮箱服务器 (shouqianbadavid@qq.com) ...
[2026-05-20 11:42:08]  正在连接 QQ-主 邮箱服务器 (497720537@qq.com) ...
[2026-05-20 11:42:09]  正在连接 QQ-备用 邮箱服务器 (shouqianbadavid@qq.com) ...
[2026-05-20 11:42:45]  正在连接 QQ-主 邮箱服务器 (497720537@qq.com) ...
[2026-05-20 11:42:46]  正在连接 QQ-备用 邮箱服务器 (shouqianbadavid@qq.com) ...
[2026-05-20 11:43:22]  正在连接 QQ-主 邮箱服务器 (497720537@qq.com) ...
[2026-05-20 11:43:22]  正在连接 QQ-备用 邮箱服务器 (shouqianbadavid@qq.com) ...
[2026-05-20 11:43:59]  正在连接 QQ-主 邮箱服务器 (497720537@qq.com) ...
[2026-05-20 11:43:59]  正在连接 QQ-备用 邮箱服务器 (shouqianbadavid@qq.com) ...
[2026-05-20 11:44:34]  正在连接 QQ-主 邮箱服务器 (497720537@qq.com) ...
[2026-05-20 11:44:35]  正在连接 QQ-备用 邮箱服务器 (shouqianbadavid@qq.com) ...
[2026-05-20 11:45:11]  正在连接 QQ-主 邮箱服务器 (497720537@qq.com) ...
[2026-05-20 11:45:12]  正在连接 QQ-备用 邮箱服务器 (shouqianbadavid@qq.com) ...
[2026-05-20 11:45:48]  正在连接 QQ-主 邮箱服务器 (497720537@qq.com) ...
[2026-05-20 11:45:48]  正在连接 QQ-备用 邮箱服务器 (shouqianbadavid@qq.com) ...
[2026-05-20 11:46:24]  正在连接 QQ-主 邮箱服务器 (497720537@qq.com) ...
[2026-05-20 11:46:25]  正在连接 QQ-备用 邮箱服务器 (shouqianbadavid@qq.com) ...
[2026-05-20 11:47:01]  正在连接 QQ-主 邮箱服务器 (497720537@qq.com) ...
[2026-05-20 11:47:02]  正在连接 QQ-备用 邮箱服务器 (shouqianbadavid@qq.com) ...
[2026-05-20 11:47:38]  正在连接 QQ-主 邮箱服务器 (497720537@qq.com) ...
[2026-05-20 11:47:38]  正在连接 QQ-备用 邮箱服务器 (shouqianbadavid@qq.com) ...
[2026-05-20 11:48:14]  正在连接 QQ-主 邮箱服务器 (497720537@qq.com) ...
[2026-05-20 11:48:14]  正在连接 QQ-备用 邮箱服务器 (shouqianbadavid@qq.com) ...
[2026-05-20 11:48:50]  正在连接 QQ-主 邮箱服务器 (497720537@qq.com) ...
[2026-05-20 11:48:51]  正在连接 QQ-备用 邮箱服务器 (shouqianbadavid@qq.com) ...
[2026-05-20 11:49:26]  正在连接 QQ-主 邮箱服务器 (497720537@qq.com) ...
[2026-05-20 11:49:27]  正在连接 QQ-备用 邮箱服务器 (shouqianbadavid@qq.com) ...
[2026-05-20 11:50:03]  正在连接 QQ-主 邮箱服务器 (497720537@qq.com) ...
[2026-05-20 11:50:03]  正在连接 QQ-备用 邮箱服务器 (shouqianbadavid@qq.com) ...
[2026-05-20 11:50:39]  正在连接 QQ-主 邮箱服务器 (497720537@qq.com) ...
[2026-05-20 11:50:40]  正在连接 QQ-备用 邮箱服务器 (shouqianbadavid@qq.com) ...
[2026-05-20 11:51:15]  正在连接 QQ-主 邮箱服务器 (497720537@qq.com) ...
[2026-05-20 11:51:16]  正在连接 QQ-备用 邮箱服务器 (shouqianbadavid@qq.com) ...
[2026-05-20 11:51:52]  正在连接 QQ-主 邮箱服务器 (497720537@qq.com) ...
[2026-05-20 11:51:52]  正在连接 QQ-备用 邮箱服务器 (shouqianbadavid@qq.com) ...
[2026-05-20 11:52:28]  正在连接 QQ-主 邮箱服务器 (497720537@qq.com) ...
[2026-05-20 11:52:28]  正在连接 QQ-备用 邮箱服务器 (shouqianbadavid@qq.com) ...
[2026-05-20 11:53:04]  正在连接 QQ-主 邮箱服务器 (497720537@qq.com) ...
[2026-05-20 11:53:05]  正在连接 QQ-备用 邮箱服务器 (shouqianbadavid@qq.com) ...
[2026-05-20 11:53:41]  正在连接 QQ-主 邮箱服务器 (497720537@qq.com) ...
[2026-05-20 11:53:41]  正在连接 QQ-备用 邮箱服务器 (shouqianbadavid@qq.com) ...
[2026-05-20 11:54:17]  正在连接 QQ-主 邮箱服务器 (497720537@qq.com) ...
[2026-05-20 11:54:17]  正在连接 QQ-备用 邮箱服务器 (shouqianbadavid@qq.com) ...
[2026-05-20 11:54:53]  正在连接 QQ-主 邮箱服务器 (497720537@qq.com) ...
[2026-05-20 11:54:54]  正在连接 QQ-备用 邮箱服务器 (shouqianbadavid@qq.com) ...
[2026-05-20 11:55:29]  正在连接 QQ-主 邮箱服务器 (497720537@qq.com) ...
[2026-05-20 11:55:30]  正在连接 QQ-备用 邮箱服务器 (shouqianbadavid@qq.com) ...
[2026-05-20 11:56:06]  正在连接 QQ-主 邮箱服务器 (497720537@qq.com) ...
[2026-05-20 11:56:07]  正在连接 QQ-备用 邮箱服务器 (shouqianbadavid@qq.com) ...
[2026-05-20 11:56:42]  正在连接 QQ-主 邮箱服务器 (497720537@qq.com) ...
[2026-05-20 11:56:43]  正在连接 QQ-备用 邮箱服务器 (shouqianbadavid@qq.com) ...
[2026-05-20 11:57:19]  正在连接 QQ-主 邮箱服务器 (497720537@qq.com) ...
[2026-05-20 11:57:20]  正在连接 QQ-备用 邮箱服务器 (shouqianbadavid@qq.com) ...
[2026-05-20 11:57:56]  正在连接 QQ-主 邮箱服务器 (497720537@qq.com) ...
[2026-05-20 11:57:56]  正在连接 QQ-备用 邮箱服务器 (shouqianbadavid@qq.com) ...
[2026-05-20 11:58:32]  正在连接 QQ-主 邮箱服务器 (497720537@qq.com) ...
[2026-05-20 11:58:33]  正在连接 QQ-备用 邮箱服务器 (shouqianbadavid@qq.com) ...
[2026-05-20 11:59:08]  正在连接 QQ-主 邮箱服务器 (497720537@qq.com) ...
[2026-05-20 11:59:09]  正在连接 QQ-备用 邮箱服务器 (shouqianbadavid@qq.com) ...
[2026-05-20 11:59:45]  正在连接 QQ-主 邮箱服务器 (497720537@qq.com) ...
[2026-05-20 11:59:45]  正在连接 QQ-备用 邮箱服务器 (shouqianbadavid@qq.com) ...
[2026-05-20 12:00:21]  正在连接 QQ-主 邮箱服务器 (497720537@qq.com) ...
[2026-05-20 12:00:22]  正在连接 QQ-备用 邮箱服务器 (shouqianbadavid@qq.com) ...
[2026-05-20 12:00:57]  正在连接 QQ-主 邮箱服务器 (497720537@qq.com) ...
[2026-05-20 12:00:58]  正在连接 QQ-备用 邮箱服务器 (shouqianbadavid@qq.com) ...
[2026-05-20 12:01:33]  正在连接 QQ-主 邮箱服务器 (497720537@qq.com) ...
[2026-05-20 12:01:34]  正在连接 QQ-备用 邮箱服务器 (shouqianbadavid@qq.com) ...
[2026-05-20 12:02:10]  正在连接 QQ-主 邮箱服务器 (497720537@qq.com) ...
[2026-05-20 12:02:11]  正在连接 QQ-备用 邮箱服务器 (shouqianbadavid@qq.com) ...
[2026-05-20 12:02:46]  正在连接 QQ-主 邮箱服务器 (497720537@qq.com) ...
[2026-05-20 12:02:47]  正在连接 QQ-备用 邮箱服务器 (shouqianbadavid@qq.com) ...
[2026-05-20 12:03:22]  正在连接 QQ-主 邮箱服务器 (497720537@qq.com) ...
[2026-05-20 12:03:23]  正在连接 QQ-备用 邮箱服务器 (shouqianbadavid@qq.com) ...
[2026-05-20 12:03:59]  正在连接 QQ-主 邮箱服务器 (497720537@qq.com) ...
[2026-05-20 12:03:59]  正在连接 QQ-备用 邮箱服务器 (shouqianbadavid@qq.com) ...
[2026-05-20 12:04:35]  正在连接 QQ-主 邮箱服务器 (497720537@qq.com) ...
[2026-05-20 12:04:35]  正在连接 QQ-备用 邮箱服务器 (shouqianbadavid@qq.com) ...
[2026-05-20 12:05:11]  正在连接 QQ-主 邮箱服务器 (497720537@qq.com) ...
[2026-05-20 12:05:12]  正在连接 QQ-备用 邮箱服务器 (shouqianbadavid@qq.com) ...
[2026-05-20 12:05:48]  正在连接 QQ-主 邮箱服务器 (497720537@qq.com) ...
[2026-05-20 12:05:48]  正在连接 QQ-备用 邮箱服务器 (shouqianbadavid@qq.com) ...
[2026-05-20 12:06:24]  正在连接 QQ-主 邮箱服务器 (497720537@qq.com) ...
[2026-05-20 12:06:24]  正在连接 QQ-备用 邮箱服务器 (shouqianbadavid@qq.com) ...
[2026-05-20 12:07:00]  正在连接 QQ-主 邮箱服务器 (497720537@qq.com) ...
[2026-05-20 12:07:01]  正在连接 QQ-备用 邮箱服务器 (shouqianbadavid@qq.com) ...
[2026-05-20 12:07:36]  正在连接 QQ-主 邮箱服务器 (497720537@qq.com) ...
[2026-05-20 12:07:37]  正在连接 QQ-备用 邮箱服务器 (shouqianbadavid@qq.com) ...
[2026-05-20 12:08:13]  正在连接 QQ-主 邮箱服务器 (497720537@qq.com) ...
[2026-05-20 12:08:14]  正在连接 QQ-备用 邮箱服务器 (shouqianbadavid@qq.com) ...
[2026-05-20 12:08:49]  正在连接 QQ-主 邮箱服务器 (497720537@qq.com) ...
[2026-05-20 12:08:50]  正在连接 QQ-备用 邮箱服务器 (shouqianbadavid@qq.com) ...
[2026-05-20 12:09:26]  正在连接 QQ-主 邮箱服务器 (497720537@qq.com) ...
[2026-05-20 12:09:27]  正在连接 QQ-备用 邮箱服务器 (shouqianbadavid@qq.com) ...
[2026-05-20 12:10:02]  正在连接 QQ-主 邮箱服务器 (497720537@qq.com) ...
[2026-05-20 12:10:03]  正在连接 QQ-备用 邮箱服务器 (shouqianbadavid@qq.com) ...
[2026-05-20 12:10:39]  正在连接 QQ-主 邮箱服务器 (497720537@qq.com) ...
[2026-05-20 12:10:39]  正在连接 QQ-备用 邮箱服务器 (shouqianbadavid@qq.com) ...
[2026-05-20 12:11:15]  正在连接 QQ-主 邮箱服务器 (497720537@qq.com) ...
[2026-05-20 12:11:15]  正在连接 QQ-备用 邮箱服务器 (shouqianbadavid@qq.com) ...
[2026-05-20 12:11:51]  正在连接 QQ-主 邮箱服务器 (497720537@qq.com) ...
[2026-05-20 12:11:52]  正在连接 QQ-备用 邮箱服务器 (shouqianbadavid@qq.com) ...
[2026-05-20 12:12:28]  正在连接 QQ-主 邮箱服务器 (497720537@qq.com) ...
[2026-05-20 12:12:28]  正在连接 QQ-备用 邮箱服务器 (shouqianbadavid@qq.com) ...
[2026-05-20 12:13:04]  正在连接 QQ-主 邮箱服务器 (497720537@qq.com) ...
[2026-05-20 12:13:05]  正在连接 QQ-备用 邮箱服务器 (shouqianbadavid@qq.com) ...
[2026-05-20 12:13:40]  正在连接 QQ-主 邮箱服务器 (497720537@qq.com) ...
[2026-05-20 12:13:41]  正在连接 QQ-备用 邮箱服务器 (shouqianbadavid@qq.com) ...
[2026-05-20 12:14:17]  正在连接 QQ-主 邮箱服务器 (497720537@qq.com) ...
[2026-05-20 12:14:18]  正在连接 QQ-备用 邮箱服务器 (shouqianbadavid@qq.com) ...
[2026-05-20 12:14:53]  正在连接 QQ-主 邮箱服务器 (497720537@qq.com) ...
[2026-05-20 12:14:54]  正在连接 QQ-备用 邮箱服务器 (shouqianbadavid@qq.com) ...
[2026-05-20 12:15:30]  正在连接 QQ-主 邮箱服务器 (497720537@qq.com) ...
[2026-05-20 12:15:31]  正在连接 QQ-备用 邮箱服务器 (shouqianbadavid@qq.com) ...
[2026-05-20 12:16:07]  正在连接 QQ-主 邮箱服务器 (497720537@qq.com) ...
[2026-05-20 12:16:07]  正在连接 QQ-备用 邮箱服务器 (shouqianbadavid@qq.com) ...
[2026-05-20 12:16:43]  正在连接 QQ-主 邮箱服务器 (497720537@qq.com) ...
[2026-05-20 12:16:44]  正在连接 QQ-备用 邮箱服务器 (shouqianbadavid@qq.com) ...
[2026-05-20 12:17:20]  正在连接 QQ-主 邮箱服务器 (497720537@qq.com) ...
[2026-05-20 12:17:20]  正在连接 QQ-备用 邮箱服务器 (shouqianbadavid@qq.com) ...
[2026-05-20 12:17:56]  正在连接 QQ-主 邮箱服务器 (497720537@qq.com) ...
[2026-05-20 12:17:57]  正在连接 QQ-备用 邮箱服务器 (shouqianbadavid@qq.com) ...
[2026-05-20 12:18:33]  正在连接 QQ-主 邮箱服务器 (497720537@qq.com) ...
[2026-05-20 12:18:33]  正在连接 QQ-备用 邮箱服务器 (shouqianbadavid@qq.com) ...
[2026-05-20 12:19:09]  正在连接 QQ-主 邮箱服务器 (497720537@qq.com) ...
[2026-05-20 12:19:10]  正在连接 QQ-备用 邮箱服务器 (shouqianbadavid@qq.com) ...
[2026-05-20 12:19:45]  正在连接 QQ-主 邮箱服务器 (497720537@qq.com) ...
[2026-05-20 12:19:46]  正在连接 QQ-备用 邮箱服务器 (shouqianbadavid@qq.com) ...
[2026-05-20 12:20:22]  正在连接 QQ-主 邮箱服务器 (497720537@qq.com) ...
[2026-05-20 12:20:22]  正在连接 QQ-备用 邮箱服务器 (shouqianbadavid@qq.com) ...
[2026-05-20 12:20:58]  正在连接 QQ-主 邮箱服务器 (497720537@qq.com) ...
[2026-05-20 12:20:59]  正在连接 QQ-备用 邮箱服务器 (shouqianbadavid@qq.com) ...
[2026-05-20 12:21:35]  正在连接 QQ-主 邮箱服务器 (497720537@qq.com) ...
[2026-05-20 12:21:36]  正在连接 QQ-备用 邮箱服务器 (shouqianbadavid@qq.com) ...
[2026-05-20 12:22:11]  正在连接 QQ-主 邮箱服务器 (497720537@qq.com) ...
[2026-05-20 12:22:13]  正在连接 QQ-备用 邮箱服务器 (shouqianbadavid@qq.com) ...
[2026-05-20 12:22:48]  正在连接 QQ-主 邮箱服务器 (497720537@qq.com) ...
[2026-05-20 12:22:49]  正在连接 QQ-备用 邮箱服务器 (shouqianbadavid@qq.com) ...
[2026-05-20 12:23:25]  正在连接 QQ-主 邮箱服务器 (497720537@qq.com) ...
[2026-05-20 12:23:25]  正在连接 QQ-备用 邮箱服务器 (shouqianbadavid@qq.com) ...
[2026-05-20 12:24:01]  正在连接 QQ-主 邮箱服务器 (497720537@qq.com) ...
[2026-05-20 12:24:02]  正在连接 QQ-备用 邮箱服务器 (shouqianbadavid@qq.com) ...
[2026-05-20 12:24:37]  正在连接 QQ-主 邮箱服务器 (497720537@qq.com) ...
[2026-05-20 12:24:38]  正在连接 QQ-备用 邮箱服务器 (shouqianbadavid@qq.com) ...
[2026-05-20 12:25:14]  正在连接 QQ-主 邮箱服务器 (497720537@qq.com) ...
[2026-05-20 12:25:14]  正在连接 QQ-备用 邮箱服务器 (shouqianbadavid@qq.com) ...
[2026-05-20 12:25:50]  正在连接 QQ-主 邮箱服务器 (497720537@qq.com) ...
[2026-05-20 12:25:51]  正在连接 QQ-备用 邮箱服务器 (shouqianbadavid@qq.com) ...
[2026-05-20 12:26:27]  正在连接 QQ-主 邮箱服务器 (497720537@qq.com) ...
[2026-05-20 12:26:27]  正在连接 QQ-备用 邮箱服务器 (shouqianbadavid@qq.com) ...
[2026-05-20 12:27:03]  正在连接 QQ-主 邮箱服务器 (497720537@qq.com) ...
[2026-05-20 12:27:04]  正在连接 QQ-备用 邮箱服务器 (shouqianbadavid@qq.com) ...
[2026-05-20 12:27:39]  正在连接 QQ-主 邮箱服务器 (497720537@qq.com) ...
[2026-05-20 12:27:40]  正在连接 QQ-备用 邮箱服务器 (shouqianbadavid@qq.com) ...
[2026-05-20 12:28:16]  正在连接 QQ-主 邮箱服务器 (497720537@qq.com) ...
[2026-05-20 12:28:16]  正在连接 QQ-备用 邮箱服务器 (shouqianbadavid@qq.com) ...
[2026-05-20 12:28:52]  正在连接 QQ-主 邮箱服务器 (497720537@qq.com) ...
[2026-05-20 12:28:53]  正在连接 QQ-备用 邮箱服务器 (shouqianbadavid@qq.com) ...
[2026-05-20 12:29:28]  正在连接 QQ-主 邮箱服务器 (497720537@qq.com) ...
[2026-05-20 12:29:29]  正在连接 QQ-备用 邮箱服务器 (shouqianbadavid@qq.com) ...
[2026-05-20 12:30:06]  正在连接 QQ-主 邮箱服务器 (497720537@qq.com) ...
[2026-05-20 12:30:07]  正在连接 QQ-备用 邮箱服务器 (shouqianbadavid@qq.com) ...
[2026-05-20 12:30:42]  正在连接 QQ-主 邮箱服务器 (497720537@qq.com) ...
[2026-05-20 12:30:43]  正在连接 QQ-备用 邮箱服务器 (shouqianbadavid@qq.com) ...
[2026-05-20 12:31:18]  正在连接 QQ-主 邮箱服务器 (497720537@qq.com) ...
[2026-05-20 12:31:19]  正在连接 QQ-备用 邮箱服务器 (shouqianbadavid@qq.com) ...
[2026-05-20 12:31:55]  正在连接 QQ-主 邮箱服务器 (497720537@qq.com) ...
[2026-05-20 12:31:55]  正在连接 QQ-备用 邮箱服务器 (shouqianbadavid@qq.com) ...
[2026-05-20 12:32:31]  正在连接 QQ-主 邮箱服务器 (497720537@qq.com) ...
[2026-05-20 12:32:32]  正在连接 QQ-备用 邮箱服务器 (shouqianbadavid@qq.com) ...
[2026-05-20 12:33:08]  正在连接 QQ-主 邮箱服务器 (497720537@qq.com) ...
[2026-05-20 12:33:08]  正在连接 QQ-备用 邮箱服务器 (shouqianbadavid@qq.com) ...
[2026-05-20 12:33:44]  正在连接 QQ-主 邮箱服务器 (497720537@qq.com) ...
[2026-05-20 12:33:44]  正在连接 QQ-备用 邮箱服务器 (shouqianbadavid@qq.com) ...
[2026-05-20 12:34:20]  正在连接 QQ-主 邮箱服务器 (497720537@qq.com) ...
[2026-05-20 12:34:21]  正在连接 QQ-备用 邮箱服务器 (shouqianbadavid@qq.com) ...
[2026-05-20 12:34:56]  正在连接 QQ-主 邮箱服务器 (497720537@qq.com) ...
[2026-05-20 12:34:57]  正在连接 QQ-备用 邮箱服务器 (shouqianbadavid@qq.com) ...
[2026-05-20 12:35:33]  正在连接 QQ-主 邮箱服务器 (497720537@qq.com) ...
[2026-05-20 12:35:33]  正在连接 QQ-备用 邮箱服务器 (shouqianbadavid@qq.com) ...
[2026-05-20 12:36:09]  正在连接 QQ-主 邮箱服务器 (497720537@qq.com) ...
[2026-05-20 12:36:10]  正在连接 QQ-备用 邮箱服务器 (shouqianbadavid@qq.com) ...
[2026-05-20 12:36:45]  正在连接 QQ-主 邮箱服务器 (497720537@qq.com) ...
[2026-05-20 12:36:46]  正在连接 QQ-备用 邮箱服务器 (shouqianbadavid@qq.com) ...
[2026-05-20 12:37:22]  正在连接 QQ-主 邮箱服务器 (497720537@qq.com) ...
[2026-05-20 12:37:23]  正在连接 QQ-备用 邮箱服务器 (shouqianbadavid@qq.com) ...
[2026-05-20 12:37:58]  正在连接 QQ-主 邮箱服务器 (497720537@qq.com) ...
[2026-05-20 12:37:59]  正在连接 QQ-备用 邮箱服务器 (shouqianbadavid@qq.com) ...
[2026-05-20 12:38:35]  正在连接 QQ-主 邮箱服务器 (497720537@qq.com) ...
[2026-05-20 12:38:35]  正在连接 QQ-备用 邮箱服务器 (shouqianbadavid@qq.com) ...
[2026-05-20 12:39:11]  正在连接 QQ-主 邮箱服务器 (497720537@qq.com) ...
[2026-05-20 12:39:11]  正在连接 QQ-备用 邮箱服务器 (shouqianbadavid@qq.com) ...
[2026-05-20 12:39:47]  正在连接 QQ-主 邮箱服务器 (497720537@qq.com) ...
[2026-05-20 12:39:48]  正在连接 QQ-备用 邮箱服务器 (shouqianbadavid@qq.com) ...
[2026-05-20 12:40:23]  正在连接 QQ-主 邮箱服务器 (497720537@qq.com) ...
[2026-05-20 12:40:24]  正在连接 QQ-备用 邮箱服务器 (shouqianbadavid@qq.com) ...
[2026-05-20 12:40:59]  正在连接 QQ-主 邮箱服务器 (497720537@qq.com) ...
[2026-05-20 12:41:00]  正在连接 QQ-备用 邮箱服务器 (shouqianbadavid@qq.com) ...
[2026-05-20 12:41:36]  正在连接 QQ-主 邮箱服务器 (497720537@qq.com) ...
[2026-05-20 12:41:36]  正在连接 QQ-备用 邮箱服务器 (shouqianbadavid@qq.com) ...
[2026-05-20 12:42:12]  正在连接 QQ-主 邮箱服务器 (497720537@qq.com) ...
[2026-05-20 12:42:13]  正在连接 QQ-备用 邮箱服务器 (shouqianbadavid@qq.com) ...
[2026-05-20 12:42:49]  正在连接 QQ-主 邮箱服务器 (497720537@qq.com) ...
[2026-05-20 12:42:49]  正在连接 QQ-备用 邮箱服务器 (shouqianbadavid@qq.com) ...
[2026-05-20 12:43:25]  正在连接 QQ-主 邮箱服务器 (497720537@qq.com) ...
[2026-05-20 12:43:26]  正在连接 QQ-备用 邮箱服务器 (shouqianbadavid@qq.com) ...
[2026-05-20 12:44:02]  正在连接 QQ-主 邮箱服务器 (497720537@qq.com) ...
[2026-05-20 12:44:02]  正在连接 QQ-备用 邮箱服务器 (shouqianbadavid@qq.com) ...
[2026-05-20 12:44:38]  正在连接 QQ-主 邮箱服务器 (497720537@qq.com) ...
[2026-05-20 12:44:39]  正在连接 QQ-备用 邮箱服务器 (shouqianbadavid@qq.com) ...
[2026-05-20 12:45:15]  正在连接 QQ-主 邮箱服务器 (497720537@qq.com) ...
[2026-05-20 12:45:15]  正在连接 QQ-备用 邮箱服务器 (shouqianbadavid@qq.com) ...
[2026-05-20 12:45:51]  正在连接 QQ-主 邮箱服务器 (497720537@qq.com) ...
[2026-05-20 12:45:52]  正在连接 QQ-备用 邮箱服务器 (shouqianbadavid@qq.com) ...
[2026-05-20 12:46:27]  正在连接 QQ-主 邮箱服务器 (497720537@qq.com) ...
[2026-05-20 12:46:28]  正在连接 QQ-备用 邮箱服务器 (shouqianbadavid@qq.com) ...
[2026-05-20 12:47:04]  正在连接 QQ-主 邮箱服务器 (497720537@qq.com) ...
[2026-05-20 12:47:04]  正在连接 QQ-备用 邮箱服务器 (shouqianbadavid@qq.com) ...
[2026-05-20 12:47:40]  正在连接 QQ-主 邮箱服务器 (497720537@qq.com) ...
[2026-05-20 12:47:41]  正在连接 QQ-备用 邮箱服务器 (shouqianbadavid@qq.com) ...
[2026-05-20 12:48:16]  正在连接 QQ-主 邮箱服务器 (497720537@qq.com) ...
[2026-05-20 12:48:17]  正在连接 QQ-备用 邮箱服务器 (shouqianbadavid@qq.com) ...
[2026-05-20 12:48:53]  正在连接 QQ-主 邮箱服务器 (497720537@qq.com) ...
[2026-05-20 12:48:53]  正在连接 QQ-备用 邮箱服务器 (shouqianbadavid@qq.com) ...
[2026-05-20 12:49:29]  正在连接 QQ-主 邮箱服务器 (497720537@qq.com) ...
[2026-05-20 12:49:29]  正在连接 QQ-备用 邮箱服务器 (shouqianbadavid@qq.com) ...
[2026-05-20 12:50:05]  正在连接 QQ-主 邮箱服务器 (497720537@qq.com) ...
[2026-05-20 12:50:06]  正在连接 QQ-备用 邮箱服务器 (shouqianbadavid@qq.com) ...
[2026-05-20 12:50:41]  正在连接 QQ-主 邮箱服务器 (497720537@qq.com) ...
[2026-05-20 12:50:42]  正在连接 QQ-备用 邮箱服务器 (shouqianbadavid@qq.com) ...
[2026-05-20 12:51:17]  正在连接 QQ-主 邮箱服务器 (497720537@qq.com) ...
[2026-05-20 12:51:18]  正在连接 QQ-备用 邮箱服务器 (shouqianbadavid@qq.com) ...
[2026-05-20 12:51:54]  正在连接 QQ-主 邮箱服务器 (497720537@qq.com) ...
[2026-05-20 12:51:54]  正在连接 QQ-备用 邮箱服务器 (shouqianbadavid@qq.com) ...
[2026-05-20 12:52:30]  正在连接 QQ-主 邮箱服务器 (497720537@qq.com) ...
[2026-05-20 12:52:30]  正在连接 QQ-备用 邮箱服务器 (shouqianbadavid@qq.com) ...
[2026-05-20 12:53:06]  正在连接 QQ-主 邮箱服务器 (497720537@qq.com) ...
[2026-05-20 12:53:06]  正在连接 QQ-备用 邮箱服务器 (shouqianbadavid@qq.com) ...
[2026-05-20 12:53:42]  正在连接 QQ-主 邮箱服务器 (497720537@qq.com) ...
[2026-05-20 12:53:43]  正在连接 QQ-备用 邮箱服务器 (shouqianbadavid@qq.com) ...
[2026-05-20 12:54:19]  正在连接 QQ-主 邮箱服务器 (497720537@qq.com) ...
[2026-05-20 12:54:20]  正在连接 QQ-备用 邮箱服务器 (shouqianbadavid@qq.com) ...
[2026-05-20 12:54:55]  正在连接 QQ-主 邮箱服务器 (497720537@qq.com) ...
[2026-05-20 12:54:56]  正在连接 QQ-备用 邮箱服务器 (shouqianbadavid@qq.com) ...
[2026-05-20 12:55:31]  正在连接 QQ-主 邮箱服务器 (497720537@qq.com) ...
[2026-05-20 12:55:32]  正在连接 QQ-备用 邮箱服务器 (shouqianbadavid@qq.com) ...
[2026-05-20 12:56:07]  正在连接 QQ-主 邮箱服务器 (497720537@qq.com) ...
[2026-05-20 12:56:08]  正在连接 QQ-备用 邮箱服务器 (shouqianbadavid@qq.com) ...
[2026-05-20 12:56:44]  正在连接 QQ-主 邮箱服务器 (497720537@qq.com) ...
[2026-05-20 12:56:44]  正在连接 QQ-备用 邮箱服务器 (shouqianbadavid@qq.com) ...
[2026-05-20 12:57:20]  正在连接 QQ-主 邮箱服务器 (497720537@qq.com) ...
[2026-05-20 12:57:20]  正在连接 QQ-备用 邮箱服务器 (shouqianbadavid@qq.com) ...
[2026-05-20 12:57:56]  正在连接 QQ-主 邮箱服务器 (497720537@qq.com) ...
[2026-05-20 12:57:57]  正在连接 QQ-备用 邮箱服务器 (shouqianbadavid@qq.com) ...
[2026-05-20 12:58:32]  正在连接 QQ-主 邮箱服务器 (497720537@qq.com) ...
[2026-05-20 12:58:33]  正在连接 QQ-备用 邮箱服务器 (shouqianbadavid@qq.com) ...
[2026-05-20 12:59:09]  正在连接 QQ-主 邮箱服务器 (497720537@qq.com) ...
[2026-05-20 12:59:09]  正在连接 QQ-备用 邮箱服务器 (shouqianbadavid@qq.com) ...
[2026-05-20 12:59:45]  正在连接 QQ-主 邮箱服务器 (497720537@qq.com) ...
[2026-05-20 12:59:45]  正在连接 QQ-备用 邮箱服务器 (shouqianbadavid@qq.com) ...
[2026-05-20 13:00:21]  正在连接 QQ-主 邮箱服务器 (497720537@qq.com) ...
[2026-05-20 13:00:22]  正在连接 QQ-备用 邮箱服务器 (shouqianbadavid@qq.com) ...
[2026-05-20 13:00:57]  正在连接 QQ-主 邮箱服务器 (497720537@qq.com) ...
[2026-05-20 13:00:58]  正在连接 QQ-备用 邮箱服务器 (shouqianbadavid@qq.com) ...
[2026-05-20 13:01:33]  正在连接 QQ-主 邮箱服务器 (497720537@qq.com) ...
[2026-05-20 13:01:34]  正在连接 QQ-备用 邮箱服务器 (shouqianbadavid@qq.com) ...
[2026-05-20 13:02:09]  正在连接 QQ-主 邮箱服务器 (497720537@qq.com) ...
[2026-05-20 13:02:10]  正在连接 QQ-备用 邮箱服务器 (shouqianbadavid@qq.com) ...
[2026-05-20 13:02:46]  正在连接 QQ-主 邮箱服务器 (497720537@qq.com) ...
[2026-05-20 13:02:46]  正在连接 QQ-备用 邮箱服务器 (shouqianbadavid@qq.com) ...
[2026-05-20 13:03:22]  正在连接 QQ-主 邮箱服务器 (497720537@qq.com) ...
[2026-05-20 13:03:22]  正在连接 QQ-备用 邮箱服务器 (shouqianbadavid@qq.com) ...
[2026-05-20 13:03:58]  正在连接 QQ-主 邮箱服务器 (497720537@qq.com) ...
[2026-05-20 13:03:59]  正在连接 QQ-备用 邮箱服务器 (shouqianbadavid@qq.com) ...
[2026-05-20 13:04:34]  正在连接 QQ-主 邮箱服务器 (497720537@qq.com) ...
[2026-05-20 13:04:35]  正在连接 QQ-备用 邮箱服务器 (shouqianbadavid@qq.com) ...
[2026-05-20 13:05:10]  正在连接 QQ-主 邮箱服务器 (497720537@qq.com) ...
[2026-05-20 13:05:11]  正在连接 QQ-备用 邮箱服务器 (shouqianbadavid@qq.com) ...
[2026-05-20 13:05:47]  正在连接 QQ-主 邮箱服务器 (497720537@qq.com) ...
[2026-05-20 13:05:47]  正在连接 QQ-备用 邮箱服务器 (shouqianbadavid@qq.com) ...
[2026-05-20 13:06:23]  正在连接 QQ-主 邮箱服务器 (497720537@qq.com) ...
[2026-05-20 13:06:23]  正在连接 QQ-备用 邮箱服务器 (shouqianbadavid@qq.com) ...
[2026-05-20 13:06:59]  正在连接 QQ-主 邮箱服务器 (497720537@qq.com) ...
[2026-05-20 13:07:00]  正在连接 QQ-备用 邮箱服务器 (shouqianbadavid@qq.com) ...
[2026-05-20 13:07:35]  正在连接 QQ-主 邮箱服务器 (497720537@qq.com) ...
[2026-05-20 13:07:36]  正在连接 QQ-备用 邮箱服务器 (shouqianbadavid@qq.com) ...
[2026-05-20 13:08:11]  正在连接 QQ-主 邮箱服务器 (497720537@qq.com) ...
[2026-05-20 13:08:12]  正在连接 QQ-备用 邮箱服务器 (shouqianbadavid@qq.com) ...
[2026-05-20 13:08:48]  正在连接 QQ-主 邮箱服务器 (497720537@qq.com) ...
[2026-05-20 13:08:48]  正在连接 QQ-备用 邮箱服务器 (shouqianbadavid@qq.com) ...
[2026-05-20 13:09:24]  正在连接 QQ-主 邮箱服务器 (497720537@qq.com) ...
[2026-05-20 13:09:24]  正在连接 QQ-备用 邮箱服务器 (shouqianbadavid@qq.com) ...
[2026-05-20 13:10:00]  正在连接 QQ-主 邮箱服务器 (497720537@qq.com) ...
[2026-05-20 13:10:01]  正在连接 QQ-备用 邮箱服务器 (shouqianbadavid@qq.com) ...
[2026-05-20 13:10:36]  正在连接 QQ-主 邮箱服务器 (497720537@qq.com) ...
[2026-05-20 13:10:37]  正在连接 QQ-备用 邮箱服务器 (shouqianbadavid@qq.com) ...
[2026-05-20 13:11:12]  正在连接 QQ-主 邮箱服务器 (497720537@qq.com) ...
[2026-05-20 13:11:13]  正在连接 QQ-备用 邮箱服务器 (shouqianbadavid@qq.com) ...
[2026-05-20 13:11:49]  正在连接 QQ-主 邮箱服务器 (497720537@qq.com) ...
[2026-05-20 13:11:49]  正在连接 QQ-备用 邮箱服务器 (shouqianbadavid@qq.com) ...
[2026-05-20 13:12:25]  正在连接 QQ-主 邮箱服务器 (497720537@qq.com) ...
[2026-05-20 13:12:25]  正在连接 QQ-备用 邮箱服务器 (shouqianbadavid@qq.com) ...
[2026-05-20 13:13:01]  正在连接 QQ-主 邮箱服务器 (497720537@qq.com) ...
[2026-05-20 13:13:01]  正在连接 QQ-备用 邮箱服务器 (shouqianbadavid@qq.com) ...
[2026-05-20 13:13:37]  正在连接 QQ-主 邮箱服务器 (497720537@qq.com) ...
[2026-05-20 13:13:37]  正在连接 QQ-备用 邮箱服务器 (shouqianbadavid@qq.com) ...
[2026-05-20 13:14:13]  正在连接 QQ-主 邮箱服务器 (497720537@qq.com) ...
[2026-05-20 13:14:13]  正在连接 QQ-备用 邮箱服务器 (shouqianbadavid@qq.com) ...
[2026-05-20 13:14:49]  正在连接 QQ-主 邮箱服务器 (497720537@qq.com) ...
[2026-05-20 13:14:50]  正在连接 QQ-备用 邮箱服务器 (shouqianbadavid@qq.com) ...
[2026-05-20 13:15:25]  正在连接 QQ-主 邮箱服务器 (497720537@qq.com) ...
[2026-05-20 13:15:26]  正在连接 QQ-备用 邮箱服务器 (shouqianbadavid@qq.com) ...
[2026-05-20 13:16:01]  正在连接 QQ-主 邮箱服务器 (497720537@qq.com) ...
[2026-05-20 13:16:02]  正在连接 QQ-备用 邮箱服务器 (shouqianbadavid@qq.com) ...
[2026-05-20 13:16:37]  正在连接 QQ-主 邮箱服务器 (497720537@qq.com) ...
[2026-05-20 13:16:38]  正在连接 QQ-备用 邮箱服务器 (shouqianbadavid@qq.com) ...
[2026-05-20 13:17:13]  正在连接 QQ-主 邮箱服务器 (497720537@qq.com) ...
[2026-05-20 13:17:14]  正在连接 QQ-备用 邮箱服务器 (shouqianbadavid@qq.com) ...
[2026-05-20 13:17:49]  正在连接 QQ-主 邮箱服务器 (497720537@qq.com) ...
[2026-05-20 13:17:50]  正在连接 QQ-备用 邮箱服务器 (shouqianbadavid@qq.com) ...
[2026-05-20 13:18:25]  正在连接 QQ-主 邮箱服务器 (497720537@qq.com) ...
[2026-05-20 13:18:26]  正在连接 QQ-备用 邮箱服务器 (shouqianbadavid@qq.com) ...
[2026-05-20 13:19:02]  正在连接 QQ-主 邮箱服务器 (497720537@qq.com) ...
[2026-05-20 13:19:02]  正在连接 QQ-备用 邮箱服务器 (shouqianbadavid@qq.com) ...
[2026-05-20 13:19:38]  正在连接 QQ-主 邮箱服务器 (497720537@qq.com) ...
[2026-05-20 13:19:38]  正在连接 QQ-备用 邮箱服务器 (shouqianbadavid@qq.com) ...
[2026-05-20 13:20:14]  正在连接 QQ-主 邮箱服务器 (497720537@qq.com) ...
[2026-05-20 13:20:15]  正在连接 QQ-备用 邮箱服务器 (shouqianbadavid@qq.com) ...
[2026-05-20 13:20:50]  正在连接 QQ-主 邮箱服务器 (497720537@qq.com) ...
[2026-05-20 13:20:51]  正在连接 QQ-备用 邮箱服务器 (shouqianbadavid@qq.com) ...
[2026-05-20 13:21:26]  正在连接 QQ-主 邮箱服务器 (497720537@qq.com) ...
[2026-05-20 13:21:27]  正在连接 QQ-备用 邮箱服务器 (shouqianbadavid@qq.com) ...
[2026-05-20 13:22:03]  正在连接 QQ-主 邮箱服务器 (497720537@qq.com) ...
[2026-05-20 13:22:03]  正在连接 QQ-备用 邮箱服务器 (shouqianbadavid@qq.com) ...
[2026-05-20 13:22:39]  正在连接 QQ-主 邮箱服务器 (497720537@qq.com) ...
[2026-05-20 13:22:39]  正在连接 QQ-备用 邮箱服务器 (shouqianbadavid@qq.com) ...
[2026-05-20 13:23:15]  正在连接 QQ-主 邮箱服务器 (497720537@qq.com) ...
[2026-05-20 13:23:15]  正在连接 QQ-备用 邮箱服务器 (shouqianbadavid@qq.com) ...
[2026-05-20 13:23:51]  正在连接 QQ-主 邮箱服务器 (497720537@qq.com) ...
[2026-05-20 13:23:51]  正在连接 QQ-备用 邮箱服务器 (shouqianbadavid@qq.com) ...
[2026-05-20 13:24:27]  正在连接 QQ-主 邮箱服务器 (497720537@qq.com) ...
[2026-05-20 13:24:28]  正在连接 QQ-备用 邮箱服务器 (shouqianbadavid@qq.com) ...
[2026-05-20 13:25:03]  正在连接 QQ-主 邮箱服务器 (497720537@qq.com) ...
[2026-05-20 13:25:04]  正在连接 QQ-备用 邮箱服务器 (shouqianbadavid@qq.com) ...
[2026-05-20 13:25:40]  正在连接 QQ-主 邮箱服务器 (497720537@qq.com) ...
[2026-05-20 13:25:40]  正在连接 QQ-备用 邮箱服务器 (shouqianbadavid@qq.com) ...
[2026-05-20 13:26:16]  正在连接 QQ-主 邮箱服务器 (497720537@qq.com) ...
[2026-05-20 13:26:16]  正在连接 QQ-备用 邮箱服务器 (shouqianbadavid@qq.com) ...
[2026-05-20 13:26:52]  正在连接 QQ-主 邮箱服务器 (497720537@qq.com) ...
[2026-05-20 13:26:52]  正在连接 QQ-备用 邮箱服务器 (shouqianbadavid@qq.com) ...
[2026-05-20 13:27:28]  正在连接 QQ-主 邮箱服务器 (497720537@qq.com) ...
[2026-05-20 13:27:29]  正在连接 QQ-备用 邮箱服务器 (shouqianbadavid@qq.com) ...
[2026-05-20 13:28:04]  正在连接 QQ-主 邮箱服务器 (497720537@qq.com) ...
[2026-05-20 13:28:04]  正在连接 QQ-备用 邮箱服务器 (shouqianbadavid@qq.com) ...
[2026-05-20 13:28:40]  正在连接 QQ-主 邮箱服务器 (497720537@qq.com) ...
[2026-05-20 13:28:41]  正在连接 QQ-备用 邮箱服务器 (shouqianbadavid@qq.com) ...
[2026-05-20 13:29:16]  正在连接 QQ-主 邮箱服务器 (497720537@qq.com) ...
[2026-05-20 13:29:17]  正在连接 QQ-备用 邮箱服务器 (shouqianbadavid@qq.com) ...
[2026-05-20 13:29:52]  正在连接 QQ-主 邮箱服务器 (497720537@qq.com) ...
[2026-05-20 13:29:53]  正在连接 QQ-备用 邮箱服务器 (shouqianbadavid@qq.com) ...
[2026-05-20 13:30:28]  正在连接 QQ-主 邮箱服务器 (497720537@qq.com) ...
[2026-05-20 13:30:29]  正在连接 QQ-备用 邮箱服务器 (shouqianbadavid@qq.com) ...
[2026-05-20 13:31:04]  正在连接 QQ-主 邮箱服务器 (497720537@qq.com) ...
[2026-05-20 13:31:05]  正在连接 QQ-备用 邮箱服务器 (shouqianbadavid@qq.com) ...
[2026-05-20 13:31:40]  正在连接 QQ-主 邮箱服务器 (497720537@qq.com) ...
[2026-05-20 13:31:41]  正在连接 QQ-备用 邮箱服务器 (shouqianbadavid@qq.com) ...
[2026-05-20 13:32:17]  正在连接 QQ-主 邮箱服务器 (497720537@qq.com) ...
[2026-05-20 13:32:17]  正在连接 QQ-备用 邮箱服务器 (shouqianbadavid@qq.com) ...
[2026-05-20 13:32:53]  正在连接 QQ-主 邮箱服务器 (497720537@qq.com) ...
[2026-05-20 13:32:53]  正在连接 QQ-备用 邮箱服务器 (shouqianbadavid@qq.com) ...
[2026-05-20 13:33:29]  正在连接 QQ-主 邮箱服务器 (497720537@qq.com) ...
[2026-05-20 13:33:29]  正在连接 QQ-备用 邮箱服务器 (shouqianbadavid@qq.com) ...
[2026-05-20 13:34:05]  正在连接 QQ-主 邮箱服务器 (497720537@qq.com) ...
[2026-05-20 13:34:06]  正在连接 QQ-备用 邮箱服务器 (shouqianbadavid@qq.com) ...
[2026-05-20 13:34:41]  正在连接 QQ-主 邮箱服务器 (497720537@qq.com) ...
[2026-05-20 13:34:42]  正在连接 QQ-备用 邮箱服务器 (shouqianbadavid@qq.com) ...
[2026-05-20 13:35:17]  正在连接 QQ-主 邮箱服务器 (497720537@qq.com) ...
[2026-05-20 13:35:18]  正在连接 QQ-备用 邮箱服务器 (shouqianbadavid@qq.com) ...
[2026-05-20 13:35:54]  正在连接 QQ-主 邮箱服务器 (497720537@qq.com) ...
[2026-05-20 13:35:54]  正在连接 QQ-备用 邮箱服务器 (shouqianbadavid@qq.com) ...
[2026-05-20 13:36:30]  正在连接 QQ-主 邮箱服务器 (497720537@qq.com) ...
[2026-05-20 13:36:31]  正在连接 QQ-备用 邮箱服务器 (shouqianbadavid@qq.com) ...
[2026-05-20 13:37:07]  正在连接 QQ-主 邮箱服务器 (497720537@qq.com) ...
[2026-05-20 13:37:07]  正在连接 QQ-备用 邮箱服务器 (shouqianbadavid@qq.com) ...
[2026-05-20 13:37:43]  正在连接 QQ-主 邮箱服务器 (497720537@qq.com) ...
[2026-05-20 13:37:43]  正在连接 QQ-备用 邮箱服务器 (shouqianbadavid@qq.com) ...
[2026-05-20 13:38:19]  正在连接 QQ-主 邮箱服务器 (497720537@qq.com) ...
[2026-05-20 13:38:20]  正在连接 QQ-备用 邮箱服务器 (shouqianbadavid@qq.com) ...
[2026-05-20 13:38:55]  正在连接 QQ-主 邮箱服务器 (497720537@qq.com) ...
[2026-05-20 13:38:56]  正在连接 QQ-备用 邮箱服务器 (shouqianbadavid@qq.com) ...
[2026-05-20 13:39:32]  正在连接 QQ-主 邮箱服务器 (497720537@qq.com) ...
[2026-05-20 13:39:32]  正在连接 QQ-备用 邮箱服务器 (shouqianbadavid@qq.com) ...
[2026-05-20 13:40:08]  正在连接 QQ-主 邮箱服务器 (497720537@qq.com) ...
[2026-05-20 13:40:08]  正在连接 QQ-备用 邮箱服务器 (shouqianbadavid@qq.com) ...
[2026-05-20 13:40:44]  正在连接 QQ-主 邮箱服务器 (497720537@qq.com) ...
[2026-05-20 13:40:44]  正在连接 QQ-备用 邮箱服务器 (shouqianbadavid@qq.com) ...
[2026-05-20 13:41:20]  正在连接 QQ-主 邮箱服务器 (497720537@qq.com) ...
[2026-05-20 13:41:20]  正在连接 QQ-备用 邮箱服务器 (shouqianbadavid@qq.com) ...
[2026-05-20 13:41:56]  正在连接 QQ-主 邮箱服务器 (497720537@qq.com) ...
[2026-05-20 13:41:57]  正在连接 QQ-备用 邮箱服务器 (shouqianbadavid@qq.com) ...
[2026-05-20 13:42:32]  正在连接 QQ-主 邮箱服务器 (497720537@qq.com) ...
[2026-05-20 13:42:33]  正在连接 QQ-备用 邮箱服务器 (shouqianbadavid@qq.com) ...
[2026-05-20 13:43:09]  正在连接 QQ-主 邮箱服务器 (497720537@qq.com) ...
[2026-05-20 13:43:09]  正在连接 QQ-备用 邮箱服务器 (shouqianbadavid@qq.com) ...
[2026-05-20 13:43:45]  正在连接 QQ-主 邮箱服务器 (497720537@qq.com) ...
[2026-05-20 13:43:45]  正在连接 QQ-备用 邮箱服务器 (shouqianbadavid@qq.com) ...
[2026-05-20 13:44:21]  正在连接 QQ-主 邮箱服务器 (497720537@qq.com) ...
[2026-05-20 13:44:22]  正在连接 QQ-备用 邮箱服务器 (shouqianbadavid@qq.com) ...
[2026-05-20 13:44:57]  正在连接 QQ-主 邮箱服务器 (497720537@qq.com) ...
[2026-05-20 13:44:58]  正在连接 QQ-备用 邮箱服务器 (shouqianbadavid@qq.com) ...
[2026-05-20 13:45:33]  正在连接 QQ-主 邮箱服务器 (497720537@qq.com) ...
[2026-05-20 13:45:34]  正在连接 QQ-备用 邮箱服务器 (shouqianbadavid@qq.com) ...
[2026-05-20 13:46:10]  正在连接 QQ-主 邮箱服务器 (497720537@qq.com) ...
[2026-05-20 13:46:10]  正在连接 QQ-备用 邮箱服务器 (shouqianbadavid@qq.com) ...
[2026-05-20 13:46:46]  正在连接 QQ-主 邮箱服务器 (497720537@qq.com) ...
[2026-05-20 13:46:46]  正在连接 QQ-备用 邮箱服务器 (shouqianbadavid@qq.com) ...
[2026-05-20 13:47:22]  正在连接 QQ-主 邮箱服务器 (497720537@qq.com) ...
[2026-05-20 13:47:22]  正在连接 QQ-备用 邮箱服务器 (shouqianbadavid@qq.com) ...
[2026-05-20 13:47:58]  正在连接 QQ-主 邮箱服务器 (497720537@qq.com) ...
[2026-05-20 13:47:58]  正在连接 QQ-备用 邮箱服务器 (shouqianbadavid@qq.com) ...
[2026-05-20 13:48:34]  正在连接 QQ-主 邮箱服务器 (497720537@qq.com) ...
[2026-05-20 13:48:35]  正在连接 QQ-备用 邮箱服务器 (shouqianbadavid@qq.com) ...
[2026-05-20 13:49:10]  正在连接 QQ-主 邮箱服务器 (497720537@qq.com) ...
[2026-05-20 13:49:11]  正在连接 QQ-备用 邮箱服务器 (shouqianbadavid@qq.com) ...
[2026-05-20 13:49:47]  正在连接 QQ-主 邮箱服务器 (497720537@qq.com) ...
[2026-05-20 13:49:47]  正在连接 QQ-备用 邮箱服务器 (shouqianbadavid@qq.com) ...
[2026-05-20 13:50:23]  正在连接 QQ-主 邮箱服务器 (497720537@qq.com) ...
[2026-05-20 13:50:24]  正在连接 QQ-备用 邮箱服务器 (shouqianbadavid@qq.com) ...
[2026-05-20 13:50:59]  正在连接 QQ-主 邮箱服务器 (497720537@qq.com) ...
[2026-05-20 13:51:00]  正在连接 QQ-备用 邮箱服务器 (shouqianbadavid@qq.com) ...
[2026-05-20 13:51:35]  正在连接 QQ-主 邮箱服务器 (497720537@qq.com) ...
[2026-05-20 13:51:36]  正在连接 QQ-备用 邮箱服务器 (shouqianbadavid@qq.com) ...
[2026-05-20 13:52:12]  正在连接 QQ-主 邮箱服务器 (497720537@qq.com) ...
[2026-05-20 13:52:12]  正在连接 QQ-备用 邮箱服务器 (shouqianbadavid@qq.com) ...
[2026-05-20 13:52:48]  正在连接 QQ-主 邮箱服务器 (497720537@qq.com) ...
[2026-05-20 13:52:49]  正在连接 QQ-备用 邮箱服务器 (shouqianbadavid@qq.com) ...
[2026-05-20 13:53:24]  正在连接 QQ-主 邮箱服务器 (497720537@qq.com) ...
[2026-05-20 13:53:25]  正在连接 QQ-备用 邮箱服务器 (shouqianbadavid@qq.com) ...
[2026-05-20 13:54:00]  正在连接 QQ-主 邮箱服务器 (497720537@qq.com) ...
[2026-05-20 13:54:01]  正在连接 QQ-备用 邮箱服务器 (shouqianbadavid@qq.com) ...
[2026-05-20 13:54:37]  正在连接 QQ-主 邮箱服务器 (497720537@qq.com) ...
[2026-05-20 13:54:37]  正在连接 QQ-备用 邮箱服务器 (shouqianbadavid@qq.com) ...
[2026-05-20 13:55:13]  正在连接 QQ-主 邮箱服务器 (497720537@qq.com) ...
[2026-05-20 13:55:14]  正在连接 QQ-备用 邮箱服务器 (shouqianbadavid@qq.com) ...
[2026-05-20 13:55:49]  正在连接 QQ-主 邮箱服务器 (497720537@qq.com) ...
[2026-05-20 13:55:50]  正在连接 QQ-备用 邮箱服务器 (shouqianbadavid@qq.com) ...
[2026-05-20 13:56:25]  正在连接 QQ-主 邮箱服务器 (497720537@qq.com) ...
[2026-05-20 13:56:26]  正在连接 QQ-备用 邮箱服务器 (shouqianbadavid@qq.com) ...
[2026-05-20 13:57:01]  正在连接 QQ-主 邮箱服务器 (497720537@qq.com) ...
[2026-05-20 13:57:02]  正在连接 QQ-备用 邮箱服务器 (shouqianbadavid@qq.com) ...
[2026-05-20 13:57:37]  正在连接 QQ-主 邮箱服务器 (497720537@qq.com) ...
[2026-05-20 13:57:38]  正在连接 QQ-备用 邮箱服务器 (shouqianbadavid@qq.com) ...
[2026-05-20 13:58:14]  正在连接 QQ-主 邮箱服务器 (497720537@qq.com) ...
[2026-05-20 13:58:14]  正在连接 QQ-备用 邮箱服务器 (shouqianbadavid@qq.com) ...
[2026-05-20 13:58:50]  正在连接 QQ-主 邮箱服务器 (497720537@qq.com) ...
[2026-05-20 13:58:51]  正在连接 QQ-备用 邮箱服务器 (shouqianbadavid@qq.com) ...
[2026-05-20 13:59:26]  正在连接 QQ-主 邮箱服务器 (497720537@qq.com) ...
[2026-05-20 13:59:27]  正在连接 QQ-备用 邮箱服务器 (shouqianbadavid@qq.com) ...
[2026-05-20 14:00:02]  正在连接 QQ-主 邮箱服务器 (497720537@qq.com) ...
[2026-05-20 14:00:03]  正在连接 QQ-备用 邮箱服务器 (shouqianbadavid@qq.com) ...
[2026-05-20 14:00:38]  正在连接 QQ-主 邮箱服务器 (497720537@qq.com) ...
[2026-05-20 14:00:39]  正在连接 QQ-备用 邮箱服务器 (shouqianbadavid@qq.com) ...
[2026-05-20 14:01:14]  正在连接 QQ-主 邮箱服务器 (497720537@qq.com) ...
[2026-05-20 14:01:15]  正在连接 QQ-备用 邮箱服务器 (shouqianbadavid@qq.com) ...
[2026-05-20 14:01:50]  正在连接 QQ-主 邮箱服务器 (497720537@qq.com) ...
[2026-05-20 14:01:51]  正在连接 QQ-备用 邮箱服务器 (shouqianbadavid@qq.com) ...
[2026-05-20 14:02:27]  正在连接 QQ-主 邮箱服务器 (497720537@qq.com) ...
[2026-05-20 14:02:27]  正在连接 QQ-备用 邮箱服务器 (shouqianbadavid@qq.com) ...
[2026-05-20 14:03:03]  正在连接 QQ-主 邮箱服务器 (497720537@qq.com) ...
[2026-05-20 14:03:04]  正在连接 QQ-备用 邮箱服务器 (shouqianbadavid@qq.com) ...
[2026-05-20 14:03:39]  正在连接 QQ-主 邮箱服务器 (497720537@qq.com) ...
[2026-05-20 14:03:40]  正在连接 QQ-备用 邮箱服务器 (shouqianbadavid@qq.com) ...
[2026-05-20 14:04:16]  正在连接 QQ-主 邮箱服务器 (497720537@qq.com) ...
[2026-05-20 14:04:16]  正在连接 QQ-备用 邮箱服务器 (shouqianbadavid@qq.com) ...
[2026-05-20 14:04:52]  正在连接 QQ-主 邮箱服务器 (497720537@qq.com) ...
[2026-05-20 14:04:53]  正在连接 QQ-备用 邮箱服务器 (shouqianbadavid@qq.com) ...
[2026-05-20 14:05:28]  正在连接 QQ-主 邮箱服务器 (497720537@qq.com) ...
[2026-05-20 14:05:29]  正在连接 QQ-备用 邮箱服务器 (shouqianbadavid@qq.com) ...
[2026-05-20 14:06:05]  正在连接 QQ-主 邮箱服务器 (497720537@qq.com) ...
[2026-05-20 14:06:05]  正在连接 QQ-备用 邮箱服务器 (shouqianbadavid@qq.com) ...
[2026-05-20 14:06:41]  正在连接 QQ-主 邮箱服务器 (497720537@qq.com) ...
[2026-05-20 14:06:41]  正在连接 QQ-备用 邮箱服务器 (shouqianbadavid@qq.com) ...
[2026-05-20 14:07:17]  正在连接 QQ-主 邮箱服务器 (497720537@qq.com) ...
[2026-05-20 14:07:17]  正在连接 QQ-备用 邮箱服务器 (shouqianbadavid@qq.com) ...
[2026-05-20 14:07:53]  正在连接 QQ-主 邮箱服务器 (497720537@qq.com) ...
[2026-05-20 14:07:53]  正在连接 QQ-备用 邮箱服务器 (shouqianbadavid@qq.com) ...
[2026-05-20 14:08:29]  正在连接 QQ-主 邮箱服务器 (497720537@qq.com) ...
[2026-05-20 14:08:30]  正在连接 QQ-备用 邮箱服务器 (shouqianbadavid@qq.com) ...
[2026-05-20 14:09:05]  正在连接 QQ-主 邮箱服务器 (497720537@qq.com) ...
[2026-05-20 14:09:06]  正在连接 QQ-备用 邮箱服务器 (shouqianbadavid@qq.com) ...
[2026-05-20 14:09:41]  正在连接 QQ-主 邮箱服务器 (497720537@qq.com) ...
[2026-05-20 14:09:42]  正在连接 QQ-备用 邮箱服务器 (shouqianbadavid@qq.com) ...
[2026-05-20 14:10:17]  正在连接 QQ-主 邮箱服务器 (497720537@qq.com) ...
[2026-05-20 14:10:18]  正在连接 QQ-备用 邮箱服务器 (shouqianbadavid@qq.com) ...
[2026-05-20 14:10:53]  正在连接 QQ-主 邮箱服务器 (497720537@qq.com) ...
[2026-05-20 14:10:54]  正在连接 QQ-备用 邮箱服务器 (shouqianbadavid@qq.com) ...
[2026-05-20 14:11:29]  正在连接 QQ-主 邮箱服务器 (497720537@qq.com) ...
[2026-05-20 14:11:30]  正在连接 QQ-备用 邮箱服务器 (shouqianbadavid@qq.com) ...
[2026-05-20 14:12:06]  正在连接 QQ-主 邮箱服务器 (497720537@qq.com) ...
[2026-05-20 14:12:06]  正在连接 QQ-备用 邮箱服务器 (shouqianbadavid@qq.com) ...
[2026-05-20 14:12:42]  正在连接 QQ-主 邮箱服务器 (497720537@qq.com) ...
[2026-05-20 14:12:42]  正在连接 QQ-备用 邮箱服务器 (shouqianbadavid@qq.com) ...
[2026-05-20 14:13:18]  正在连接 QQ-主 邮箱服务器 (497720537@qq.com) ...
[2026-05-20 14:13:18]  正在连接 QQ-备用 邮箱服务器 (shouqianbadavid@qq.com) ...
[2026-05-20 14:13:54]  正在连接 QQ-主 邮箱服务器 (497720537@qq.com) ...
[2026-05-20 14:13:55]  正在连接 QQ-备用 邮箱服务器 (shouqianbadavid@qq.com) ...
[2026-05-20 14:14:30]  正在连接 QQ-主 邮箱服务器 (497720537@qq.com) ...
[2026-05-20 14:14:31]  正在连接 QQ-备用 邮箱服务器 (shouqianbadavid@qq.com) ...
[2026-05-20 14:15:06]  正在连接 QQ-主 邮箱服务器 (497720537@qq.com) ...
[2026-05-20 14:15:07]  正在连接 QQ-备用 邮箱服务器 (shouqianbadavid@qq.com) ...
[2026-05-20 14:15:42]  正在连接 QQ-主 邮箱服务器 (497720537@qq.com) ...
[2026-05-20 14:15:43]  正在连接 QQ-备用 邮箱服务器 (shouqianbadavid@qq.com) ...
[2026-05-20 14:16:19]  正在连接 QQ-主 邮箱服务器 (497720537@qq.com) ...
[2026-05-20 14:16:19]  正在连接 QQ-备用 邮箱服务器 (shouqianbadavid@qq.com) ...
[2026-05-20 14:16:55]  正在连接 QQ-主 邮箱服务器 (497720537@qq.com) ...
[2026-05-20 14:16:56]  正在连接 QQ-备用 邮箱服务器 (shouqianbadavid@qq.com) ...
[2026-05-20 14:17:31]  正在连接 QQ-主 邮箱服务器 (497720537@qq.com) ...
[2026-05-20 14:17:32]  正在连接 QQ-备用 邮箱服务器 (shouqianbadavid@qq.com) ...
[2026-05-20 14:18:08]  正在连接 QQ-主 邮箱服务器 (497720537@qq.com) ...
[2026-05-20 14:18:09]  正在连接 QQ-备用 邮箱服务器 (shouqianbadavid@qq.com) ...
[2026-05-20 14:18:44]  正在连接 QQ-主 邮箱服务器 (497720537@qq.com) ...
[2026-05-20 14:18:45]  正在连接 QQ-备用 邮箱服务器 (shouqianbadavid@qq.com) ...
[2026-05-20 14:19:21]  正在连接 QQ-主 邮箱服务器 (497720537@qq.com) ...
[2026-05-20 14:19:21]  正在连接 QQ-备用 邮箱服务器 (shouqianbadavid@qq.com) ...
[2026-05-20 14:19:57]  正在连接 QQ-主 邮箱服务器 (497720537@qq.com) ...
[2026-05-20 14:19:57]  正在连接 QQ-备用 邮箱服务器 (shouqianbadavid@qq.com) ...
[2026-05-20 14:20:33]  正在连接 QQ-主 邮箱服务器 (497720537@qq.com) ...
[2026-05-20 14:20:33]  正在连接 QQ-备用 邮箱服务器 (shouqianbadavid@qq.com) ...
[2026-05-20 14:21:09]  正在连接 QQ-主 邮箱服务器 (497720537@qq.com) ...
[2026-05-20 14:21:10]  正在连接 QQ-备用 邮箱服务器 (shouqianbadavid@qq.com) ...
[2026-05-20 14:21:46]  正在连接 QQ-主 邮箱服务器 (497720537@qq.com) ...
[2026-05-20 14:21:46]  正在连接 QQ-备用 邮箱服务器 (shouqianbadavid@qq.com) ...
[2026-05-20 14:22:22]  正在连接 QQ-主 邮箱服务器 (497720537@qq.com) ...
[2026-05-20 14:22:23]  正在连接 QQ-备用 邮箱服务器 (shouqianbadavid@qq.com) ...
[2026-05-20 14:22:58]  正在连接 QQ-主 邮箱服务器 (497720537@qq.com) ...
[2026-05-20 14:22:59]  正在连接 QQ-备用 邮箱服务器 (shouqianbadavid@qq.com) ...
[2026-05-20 14:23:34]  正在连接 QQ-主 邮箱服务器 (497720537@qq.com) ...
[2026-05-20 14:23:35]  正在连接 QQ-备用 邮箱服务器 (shouqianbadavid@qq.com) ...
[2026-05-20 14:24:10]  正在连接 QQ-主 邮箱服务器 (497720537@qq.com) ...
[2026-05-20 14:24:11]  正在连接 QQ-备用 邮箱服务器 (shouqianbadavid@qq.com) ...
[2026-05-20 14:24:47]  正在连接 QQ-主 邮箱服务器 (497720537@qq.com) ...
[2026-05-20 14:24:47]  正在连接 QQ-备用 邮箱服务器 (shouqianbadavid@qq.com) ...
[2026-05-20 14:25:23]  正在连接 QQ-主 邮箱服务器 (497720537@qq.com) ...
[2026-05-20 14:25:23]  正在连接 QQ-备用 邮箱服务器 (shouqianbadavid@qq.com) ...
[2026-05-20 14:25:59]  正在连接 QQ-主 邮箱服务器 (497720537@qq.com) ...
[2026-05-20 14:25:59]  正在连接 QQ-备用 邮箱服务器 (shouqianbadavid@qq.com) ...
[2026-05-20 14:26:35]  正在连接 QQ-主 邮箱服务器 (497720537@qq.com) ...
[2026-05-20 14:26:35]  正在连接 QQ-备用 邮箱服务器 (shouqianbadavid@qq.com) ...
[2026-05-20 14:27:11]  正在连接 QQ-主 邮箱服务器 (497720537@qq.com) ...
[2026-05-20 14:27:11]  正在连接 QQ-备用 邮箱服务器 (shouqianbadavid@qq.com) ...
[2026-05-20 14:27:47]  正在连接 QQ-主 邮箱服务器 (497720537@qq.com) ...
[2026-05-20 14:27:48]  正在连接 QQ-备用 邮箱服务器 (shouqianbadavid@qq.com) ...
[2026-05-20 14:28:23]  正在连接 QQ-主 邮箱服务器 (497720537@qq.com) ...
[2026-05-20 14:28:24]  正在连接 QQ-备用 邮箱服务器 (shouqianbadavid@qq.com) ...
[2026-05-20 14:29:00]  正在连接 QQ-主 邮箱服务器 (497720537@qq.com) ...
[2026-05-20 14:29:00]  正在连接 QQ-备用 邮箱服务器 (shouqianbadavid@qq.com) ...
[2026-05-20 14:29:36]  正在连接 QQ-主 邮箱服务器 (497720537@qq.com) ...
[2026-05-20 14:29:36]  正在连接 QQ-备用 邮箱服务器 (shouqianbadavid@qq.com) ...
[2026-05-20 14:30:12]  正在连接 QQ-主 邮箱服务器 (497720537@qq.com) ...
[2026-05-20 14:30:13]  正在连接 QQ-备用 邮箱服务器 (shouqianbadavid@qq.com) ...
[2026-05-20 14:30:48]  正在连接 QQ-主 邮箱服务器 (497720537@qq.com) ...
[2026-05-20 14:30:49]  正在连接 QQ-备用 邮箱服务器 (shouqianbadavid@qq.com) ...
[2026-05-20 14:31:25]  正在连接 QQ-主 邮箱服务器 (497720537@qq.com) ...
[2026-05-20 14:31:26]  正在连接 QQ-备用 邮箱服务器 (shouqianbadavid@qq.com) ...
[2026-05-20 14:32:01]  正在连接 QQ-主 邮箱服务器 (497720537@qq.com) ...
[2026-05-20 14:32:02]  正在连接 QQ-备用 邮箱服务器 (shouqianbadavid@qq.com) ...
[2026-05-20 14:32:37]  正在连接 QQ-主 邮箱服务器 (497720537@qq.com) ...
[2026-05-20 14:32:38]  正在连接 QQ-备用 邮箱服务器 (shouqianbadavid@qq.com) ...
[2026-05-20 14:33:14]  正在连接 QQ-主 邮箱服务器 (497720537@qq.com) ...
[2026-05-20 14:33:14]  正在连接 QQ-备用 邮箱服务器 (shouqianbadavid@qq.com) ...
[2026-05-20 14:33:50]  正在连接 QQ-主 邮箱服务器 (497720537@qq.com) ...
[2026-05-20 14:33:50]  正在连接 QQ-备用 邮箱服务器 (shouqianbadavid@qq.com) ...
[2026-05-20 14:34:26]  正在连接 QQ-主 邮箱服务器 (497720537@qq.com) ...
[2026-05-20 14:34:26]  正在连接 QQ-备用 邮箱服务器 (shouqianbadavid@qq.com) ...
[2026-05-20 14:35:02]  正在连接 QQ-主 邮箱服务器 (497720537@qq.com) ...
[2026-05-20 14:35:02]  正在连接 QQ-备用 邮箱服务器 (shouqianbadavid@qq.com) ...
[2026-05-20 14:35:38]  正在连接 QQ-主 邮箱服务器 (497720537@qq.com) ...
[2026-05-20 14:35:39]  正在连接 QQ-备用 邮箱服务器 (shouqianbadavid@qq.com) ...
[2026-05-20 14:36:14]  正在连接 QQ-主 邮箱服务器 (497720537@qq.com) ...
[2026-05-20 14:36:15]  正在连接 QQ-备用 邮箱服务器 (shouqianbadavid@qq.com) ...
[2026-05-20 14:36:51]  正在连接 QQ-主 邮箱服务器 (497720537@qq.com) ...
[2026-05-20 14:36:51]  正在连接 QQ-备用 邮箱服务器 (shouqianbadavid@qq.com) ...
[2026-05-20 14:37:27]  正在连接 QQ-主 邮箱服务器 (497720537@qq.com) ...
[2026-05-20 14:37:28]  正在连接 QQ-备用 邮箱服务器 (shouqianbadavid@qq.com) ...
[2026-05-20 14:38:03]  正在连接 QQ-主 邮箱服务器 (497720537@qq.com) ...
[2026-05-20 14:38:04]  正在连接 QQ-备用 邮箱服务器 (shouqianbadavid@qq.com) ...
[2026-05-20 14:38:39]  正在连接 QQ-主 邮箱服务器 (497720537@qq.com) ...
[2026-05-20 14:38:40]  正在连接 QQ-备用 邮箱服务器 (shouqianbadavid@qq.com) ...
[2026-05-20 14:39:16]  正在连接 QQ-主 邮箱服务器 (497720537@qq.com) ...
[2026-05-20 14:39:17]  正在连接 QQ-备用 邮箱服务器 (shouqianbadavid@qq.com) ...
[2026-05-20 14:39:52]  正在连接 QQ-主 邮箱服务器 (497720537@qq.com) ...
[2026-05-20 14:39:53]  正在连接 QQ-备用 邮箱服务器 (shouqianbadavid@qq.com) ...
[2026-05-20 14:40:29]  正在连接 QQ-主 邮箱服务器 (497720537@qq.com) ...
[2026-05-20 14:40:29]  正在连接 QQ-备用 邮箱服务器 (shouqianbadavid@qq.com) ...
[2026-05-20 14:41:05]  正在连接 QQ-主 邮箱服务器 (497720537@qq.com) ...
[2026-05-20 14:41:05]  正在连接 QQ-备用 邮箱服务器 (shouqianbadavid@qq.com) ...
[2026-05-20 14:41:41]  正在连接 QQ-主 邮箱服务器 (497720537@qq.com) ...
[2026-05-20 14:41:41]  正在连接 QQ-备用 邮箱服务器 (shouqianbadavid@qq.com) ...
[2026-05-20 14:42:17]  正在连接 QQ-主 邮箱服务器 (497720537@qq.com) ...
[2026-05-20 14:42:17]  正在连接 QQ-备用 邮箱服务器 (shouqianbadavid@qq.com) ...
[2026-05-20 14:42:53]  正在连接 QQ-主 邮箱服务器 (497720537@qq.com) ...
[2026-05-20 14:42:53]  正在连接 QQ-备用 邮箱服务器 (shouqianbadavid@qq.com) ...
[2026-05-20 14:43:29]  正在连接 QQ-主 邮箱服务器 (497720537@qq.com) ...
[2026-05-20 14:43:29]  正在连接 QQ-备用 邮箱服务器 (shouqianbadavid@qq.com) ...
[2026-05-20 14:44:05]  正在连接 QQ-主 邮箱服务器 (497720537@qq.com) ...
[2026-05-20 14:44:06]  正在连接 QQ-备用 邮箱服务器 (shouqianbadavid@qq.com) ...
[2026-05-20 14:44:41]  正在连接 QQ-主 邮箱服务器 (497720537@qq.com) ...
[2026-05-20 14:44:42]  正在连接 QQ-备用 邮箱服务器 (shouqianbadavid@qq.com) ...
[2026-05-20 14:45:17]  正在连接 QQ-主 邮箱服务器 (497720537@qq.com) ...
[2026-05-20 14:45:18]  正在连接 QQ-备用 邮箱服务器 (shouqianbadavid@qq.com) ...
[2026-05-20 14:45:54]  正在连接 QQ-主 邮箱服务器 (497720537@qq.com) ...
[2026-05-20 14:45:55]  正在连接 QQ-备用 邮箱服务器 (shouqianbadavid@qq.com) ...
[2026-05-20 14:46:31]  正在连接 QQ-主 邮箱服务器 (497720537@qq.com) ...
[2026-05-20 14:46:31]  正在连接 QQ-备用 邮箱服务器 (shouqianbadavid@qq.com) ...
[2026-05-20 14:47:07]  正在连接 QQ-主 邮箱服务器 (497720537@qq.com) ...
[2026-05-20 14:47:07]  正在连接 QQ-备用 邮箱服务器 (shouqianbadavid@qq.com) ...
[2026-05-20 14:47:43]  正在连接 QQ-主 邮箱服务器 (497720537@qq.com) ...
[2026-05-20 14:47:44]  正在连接 QQ-备用 邮箱服务器 (shouqianbadavid@qq.com) ...
[2026-05-20 14:48:19]  正在连接 QQ-主 邮箱服务器 (497720537@qq.com) ...
[2026-05-20 14:48:20]  正在连接 QQ-备用 邮箱服务器 (shouqianbadavid@qq.com) ...
[2026-05-20 14:48:55]  正在连接 QQ-主 邮箱服务器 (497720537@qq.com) ...
[2026-05-20 14:48:56]  正在连接 QQ-备用 邮箱服务器 (shouqianbadavid@qq.com) ...
[2026-05-20 14:49:31]  正在连接 QQ-主 邮箱服务器 (497720537@qq.com) ...
[2026-05-20 14:49:32]  正在连接 QQ-备用 邮箱服务器 (shouqianbadavid@qq.com) ...
[2026-05-20 14:50:08]  正在连接 QQ-主 邮箱服务器 (497720537@qq.com) ...
[2026-05-20 14:50:08]  正在连接 QQ-备用 邮箱服务器 (shouqianbadavid@qq.com) ...
[2026-05-20 14:50:44]  正在连接 QQ-主 邮箱服务器 (497720537@qq.com) ...
[2026-05-20 14:50:44]  正在连接 QQ-备用 邮箱服务器 (shouqianbadavid@qq.com) ...
[2026-05-20 14:51:20]  正在连接 QQ-主 邮箱服务器 (497720537@qq.com) ...
[2026-05-20 14:51:21]  正在连接 QQ-备用 邮箱服务器 (shouqianbadavid@qq.com) ...
[2026-05-20 14:51:56]  正在连接 QQ-主 邮箱服务器 (497720537@qq.com) ...
[2026-05-20 14:51:57]  正在连接 QQ-备用 邮箱服务器 (shouqianbadavid@qq.com) ...
[2026-05-20 14:52:33]  正在连接 QQ-主 邮箱服务器 (497720537@qq.com) ...
[2026-05-20 14:52:33]  正在连接 QQ-备用 邮箱服务器 (shouqianbadavid@qq.com) ...
[2026-05-20 14:53:09]  正在连接 QQ-主 邮箱服务器 (497720537@qq.com) ...
[2026-05-20 14:53:10]  正在连接 QQ-备用 邮箱服务器 (shouqianbadavid@qq.com) ...
[2026-05-20 14:53:45]  正在连接 QQ-主 邮箱服务器 (497720537@qq.com) ...
[2026-05-20 14:53:46]  正在连接 QQ-备用 邮箱服务器 (shouqianbadavid@qq.com) ...
[2026-05-20 14:54:21]  正在连接 QQ-主 邮箱服务器 (497720537@qq.com) ...
[2026-05-20 14:54:22]  正在连接 QQ-备用 邮箱服务器 (shouqianbadavid@qq.com) ...
[2026-05-20 14:54:57]  正在连接 QQ-主 邮箱服务器 (497720537@qq.com) ...
[2026-05-20 14:54:58]  正在连接 QQ-备用 邮箱服务器 (shouqianbadavid@qq.com) ...
[2026-05-20 14:55:34]  正在连接 QQ-主 邮箱服务器 (497720537@qq.com) ...
[2026-05-20 14:55:34]  正在连接 QQ-备用 邮箱服务器 (shouqianbadavid@qq.com) ...
[2026-05-20 14:56:10]  正在连接 QQ-主 邮箱服务器 (497720537@qq.com) ...
[2026-05-20 14:56:11]  正在连接 QQ-备用 邮箱服务器 (shouqianbadavid@qq.com) ...
[2026-05-20 14:56:46]  正在连接 QQ-主 邮箱服务器 (497720537@qq.com) ...
[2026-05-20 14:56:47]  正在连接 QQ-备用 邮箱服务器 (shouqianbadavid@qq.com) ...
[2026-05-20 14:57:22]  正在连接 QQ-主 邮箱服务器 (497720537@qq.com) ...
[2026-05-20 14:57:23]  正在连接 QQ-备用 邮箱服务器 (shouqianbadavid@qq.com) ...
[2026-05-20 14:57:59]  正在连接 QQ-主 邮箱服务器 (497720537@qq.com) ...
[2026-05-20 14:58:00]  正在连接 QQ-备用 邮箱服务器 (shouqianbadavid@qq.com) ...
[2026-05-20 14:58:35]  正在连接 QQ-主 邮箱服务器 (497720537@qq.com) ...
[2026-05-20 14:58:36]  正在连接 QQ-备用 邮箱服务器 (shouqianbadavid@qq.com) ...
[2026-05-20 14:59:12]  正在连接 QQ-主 邮箱服务器 (497720537@qq.com) ...
[2026-05-20 14:59:12]  正在连接 QQ-备用 邮箱服务器 (shouqianbadavid@qq.com) ...
[2026-05-20 14:59:48]  正在连接 QQ-主 邮箱服务器 (497720537@qq.com) ...
[2026-05-20 14:59:49]  正在连接 QQ-备用 邮箱服务器 (shouqianbadavid@qq.com) ...
[2026-05-20 15:00:24]  正在连接 QQ-主 邮箱服务器 (497720537@qq.com) ...
[2026-05-20 15:00:25]  正在连接 QQ-备用 邮箱服务器 (shouqianbadavid@qq.com) ...
[2026-05-20 15:01:00]  正在连接 QQ-主 邮箱服务器 (497720537@qq.com) ...
[2026-05-20 15:01:01]  正在连接 QQ-备用 邮箱服务器 (shouqianbadavid@qq.com) ...
[2026-05-20 15:01:37]  正在连接 QQ-主 邮箱服务器 (497720537@qq.com) ...
[2026-05-20 15:01:37]  正在连接 QQ-备用 邮箱服务器 (shouqianbadavid@qq.com) ...
[2026-05-20 15:02:13]  正在连接 QQ-主 邮箱服务器 (497720537@qq.com) ...
[2026-05-20 15:02:13]  正在连接 QQ-备用 邮箱服务器 (shouqianbadavid@qq.com) ...
[2026-05-20 15:02:49]  正在连接 QQ-主 邮箱服务器 (497720537@qq.com) ...
[2026-05-20 15:02:49]  正在连接 QQ-备用 邮箱服务器 (shouqianbadavid@qq.com) ...
[2026-05-20 15:03:25]  正在连接 QQ-主 邮箱服务器 (497720537@qq.com) ...
[2026-05-20 15:03:26]  正在连接 QQ-备用 邮箱服务器 (shouqianbadavid@qq.com) ...
[2026-05-20 15:04:01]  正在连接 QQ-主 邮箱服务器 (497720537@qq.com) ...
[2026-05-20 15:04:02]  正在连接 QQ-备用 邮箱服务器 (shouqianbadavid@qq.com) ...
[2026-05-20 15:04:37]  正在连接 QQ-主 邮箱服务器 (497720537@qq.com) ...
[2026-05-20 15:04:38]  正在连接 QQ-备用 邮箱服务器 (shouqianbadavid@qq.com) ...
[2026-05-20 15:05:14]  正在连接 QQ-主 邮箱服务器 (497720537@qq.com) ...
[2026-05-20 15:05:15]  正在连接 QQ-备用 邮箱服务器 (shouqianbadavid@qq.com) ...
