[2026-06-24 09:31:30]  AlphaPilot 监听服务 (Pro 多邮箱版) 启动...
[2026-06-24 09:31:30]  信号保存目录: D:\mpython\signals
[2026-06-24 09:31:30]  日志文件: D:\mpython\logs_receiver\receiver_20260624.log
[2026-06-24 09:31:30]  正在连接 QQ-主 邮箱服务器 (497720537@qq.com) ...
[2026-06-24 09:31:31]  正在连接 QQ-备用 邮箱服务器 (shouqianbadavid@qq.com) ...
[2026-06-24 09:32:07]  正在连接 QQ-主 邮箱服务器 (497720537@qq.com) ...
[2026-06-24 09:32:08]  正在连接 QQ-备用 邮箱服务器 (shouqianbadavid@qq.com) ...
[2026-06-24 09:32:43]  正在连接 QQ-主 邮箱服务器 (497720537@qq.com) ...
[2026-06-24 09:32:43]  正在连接 QQ-备用 邮箱服务器 (shouqianbadavid@qq.com) ...
[2026-06-24 09:33:19]  正在连接 QQ-主 邮箱服务器 (497720537@qq.com) ...
[2026-06-24 09:33:19]  正在连接 QQ-备用 邮箱服务器 (shouqianbadavid@qq.com) ...
[2026-06-24 09:33:55]  正在连接 QQ-主 邮箱服务器 (497720537@qq.com) ...
[2026-06-24 09:33:55]  正在连接 QQ-备用 邮箱服务器 (shouqianbadavid@qq.com) ...
[2026-06-24 09:34:31]  正在连接 QQ-主 邮箱服务器 (497720537@qq.com) ...
[2026-06-24 09:34:31]  QQ-主 正在解析因子: =?utf-8?b?QWxwaGFQaWxvdCDlrp7ml7bkv6Hlj7cgKGFscGhhX3NpZ25hbF90aHJfMjAyNjA2MjRfMDkzNC5qc29uKSBb5Li7UVEt5a+55aSWXQ==?=
[2026-06-24 09:34:31]  发现表格，共 10 行数据
[2026-06-24 09:34:31]  动态索引映射: ['股票代码', '股票名称', '信号', '当前价格', '量比', '来源过滤']
[2026-06-24 09:34:31]  [行1] 解析成功: SHSE.688665 [四方光电] BUY @ 59.12 (VR:0.31)
[2026-06-24 09:34:31]  [行2] 解析成功: SHSE.688002 [睿创微纳] BUY @ 144.42 (VR:0.22)
[2026-06-24 09:34:31]  [行3] 解析成功: SHSE.688102 [斯瑞新材] SELL @ 42.4 (VR:0.12)
[2026-06-24 09:34:31]  [行4] 解析成功: SZSE.301188 [力诺药包] BUY @ 68.53 (VR:0.0)
[2026-06-24 09:34:31]  [行5] 解析成功: SZSE.301322 [绿通科技] BUY @ 57.14 (VR:0.32)
[2026-06-24 09:34:31]  [行6] 解析成功: SZSE.301013 [利和兴] BUY @ 71.22 (VR:0.28)
[2026-06-24 09:34:31]  [行7] 解析成功: SZSE.300376 [易事特] BUY @ 5.83 (VR:0.36)
[2026-06-24 09:34:31]  [行8] 解析成功: SZSE.300620 [光库科技] BUY @ 401.67 (VR:1.19)
[2026-06-24 09:34:31]  [行9] 解析成功: SZSE.300790 [宇瞳光学] SELL @ 26.89 (VR:0.21)
[2026-06-24 09:34:31]  [行10] 解析成功: SZSE.300921 [南凌科技] SELL @ 21.8 (VR:0.33)
[2026-06-24 09:34:31] 成功保存 10 条因子至: signal_batch_20260624_093431_530025.txt
[2026-06-24 09:34:31]  QQ-主 邮件 4731 处理完成
[2026-06-24 09:34:31]  QQ-主 本轮共成功处理 1 封有效信号邮件
[2026-06-24 09:34:31]  正在连接 QQ-备用 邮箱服务器 (shouqianbadavid@qq.com) ...
[2026-06-24 09:35:07]  正在连接 QQ-主 邮箱服务器 (497720537@qq.com) ...
[2026-06-24 09:35:08]  正在连接 QQ-备用 邮箱服务器 (shouqianbadavid@qq.com) ...
[2026-06-24 09:35:09]  QQ-备用 正在解析因子: =?utf-8?b?QWxwaGFQaWxvdCDlpIfku73kv6Hlj7cgKGFscGhhX3NpZ25hbF90aHJfMjAyNjA2MjRfMDkzNC5qc29uKSBb5aSHUVEt6Ieq5L+dXQ==?=
[2026-06-24 09:35:09]  发现表格，共 10 行数据
[2026-06-24 09:35:09]  动态索引映射: ['股票代码', '股票名称', '信号', '当前价格', '量比', '来源过滤']
[2026-06-24 09:35:09]  [行1] 解析成功: SHSE.688665 [四方光电] BUY @ 59.12 (VR:0.31)
[2026-06-24 09:35:09]  [行2] 解析成功: SHSE.688002 [睿创微纳] BUY @ 144.42 (VR:0.22)
[2026-06-24 09:35:09]  [行3] 解析成功: SHSE.688102 [斯瑞新材] SELL @ 42.4 (VR:0.12)
[2026-06-24 09:35:09]  [行4] 解析成功: SZSE.301188 [力诺药包] BUY @ 68.53 (VR:0.0)
[2026-06-24 09:35:09]  [行5] 解析成功: SZSE.301322 [绿通科技] BUY @ 57.14 (VR:0.32)
[2026-06-24 09:35:09]  [行6] 解析成功: SZSE.301013 [利和兴] BUY @ 71.22 (VR:0.28)
[2026-06-24 09:35:09]  [行7] 解析成功: SZSE.300376 [易事特] BUY @ 5.83 (VR:0.36)
[2026-06-24 09:35:09]  [行8] 解析成功: SZSE.300620 [光库科技] BUY @ 401.67 (VR:1.19)
[2026-06-24 09:35:09]  [行9] 解析成功: SZSE.300790 [宇瞳光学] SELL @ 26.89 (VR:0.21)
[2026-06-24 09:35:09]  [行10] 解析成功: SZSE.300921 [南凌科技] SELL @ 21.8 (VR:0.33)
[2026-06-24 09:35:09] 成功保存 10 条因子至: signal_batch_20260624_093509_328399.txt
[2026-06-24 09:35:09]  QQ-备用 邮件 2509 处理完成
[2026-06-24 09:35:09]  QQ-备用 本轮共成功处理 1 封有效信号邮件
[2026-06-24 09:35:44]  正在连接 QQ-主 邮箱服务器 (497720537@qq.com) ...
[2026-06-24 09:35:45]  正在连接 QQ-备用 邮箱服务器 (shouqianbadavid@qq.com) ...
[2026-06-24 09:36:20]  正在连接 QQ-主 邮箱服务器 (497720537@qq.com) ...
[2026-06-24 09:36:20]  正在连接 QQ-备用 邮箱服务器 (shouqianbadavid@qq.com) ...
[2026-06-24 09:36:56]  正在连接 QQ-主 邮箱服务器 (497720537@qq.com) ...
[2026-06-24 09:36:56]  正在连接 QQ-备用 邮箱服务器 (shouqianbadavid@qq.com) ...
[2026-06-24 18:21:56]  AlphaPilot 监听服务 (Pro 多邮箱版) 启动...
[2026-06-24 18:21:56]  信号保存目录: D:\mpython\signals
[2026-06-24 18:21:56]  日志文件: D:\mpython\logs_receiver\receiver_20260624.log
[2026-06-24 18:21:56]  正在连接 QQ-主 邮箱服务器 (497720537@qq.com) ...
[2026-06-24 18:21:56]  QQ-主 正在解析因子: =?GBK?B?MjAyNsTqMDbUwjIzyNW358/Vycy7p8fltaU=?=
[2026-06-24 18:21:56]  QQ-主 邮件 4736 无 HTML 表格
[2026-06-24 18:21:57]  QQ-主 正在解析因子: =?utf-8?b?QWxwaGFQaWxvdCDlrp7ml7bkv6Hlj7cgKGFscGhhX3NpZ25hbF90aHJfMjAyNjA2MjRfMTAwMC5qc29uKSBb5Li7UVEt5a+55aSWXQ==?=
[2026-06-24 18:21:57]  发现表格，共 33 行数据
[2026-06-24 18:21:57]  动态索引映射: ['股票代码', '股票名称', '信号', '当前价格', '量比', '来源过滤']
[2026-06-24 18:21:57]  [行1] 解析成功: SHSE.603773 [沃格光电] SELL @ 168.02 (VR:0.87)
[2026-06-24 18:21:57]  [行2] 解析成功: SHSE.603618 [杭电股份] SELL @ 55.17 (VR:1.74)
[2026-06-24 18:21:57]  [行3] 解析成功: SHSE.605111 [新洁能] BUY @ 78.99 (VR:0.89)
[2026-06-24 18:21:57]  [行4] 解析成功: SHSE.600259 [中稀有色] BUY @ 102.38 (VR:0.06)
[2026-06-24 18:21:57]  [行5] 解析成功: SHSE.603175 [超颖电子] SELL @ 92.4 (VR:0.02)
[2026-06-24 18:21:57]  [行6] 解析成功: SHSE.600460 [士兰微] BUY @ 49.5 (VR:0.08)
[2026-06-24 18:21:57]  [行7] 解析成功: SZSE.002718 [友邦吊顶] SELL @ 109.49 (VR:0.69)
[2026-06-24 18:21:57]  [行8] 解析成功: SZSE.002378 [章源钨业] BUY @ 34.6 (VR:0.15)
[2026-06-24 18:21:57]  [行9] 解析成功: SZSE.002768 [国恩股份] BUY @ 53.42 (VR:1.52)
[2026-06-24 18:21:57]  [行10] 解析成功: SZSE.001339 [智微智能] BUY @ 123.8 (VR:0.25)
[2026-06-24 18:21:57]  [行11] 解析成功: SZSE.000593 [德龙汇能] SELL @ 25.35 (VR:0.36)
[2026-06-24 18:21:57]  [行12] 解析成功: SZSE.002552 [宝鼎科技] BUY @ 71.9 (VR:1.64)
[2026-06-24 18:21:57]  [行13] 解析成功: SZSE.003031 [中瓷电子] BUY @ 187.97 (VR:0.33)
[2026-06-24 18:21:57]  [行14] 解析成功: SZSE.002643 [万润股份] BUY @ 17.93 (VR:0.52)
[2026-06-24 18:21:57]  [行15] 解析成功: SZSE.001282 [三联锻造] BUY @ 21.76 (VR:0.45)
[2026-06-24 18:21:57]  [行16] 解析成功: SZSE.002937 [兴瑞科技] BUY @ 40.64 (VR:0.34)
[2026-06-24 18:21:57]  [行17] 解析成功: SZSE.000920 [沃顿科技] BUY @ 13.54 (VR:0.32)
[2026-06-24 18:21:57]  [行18] 解析成功: SZSE.000823 [超声电子] BUY @ 21.66 (VR:0.07)
[2026-06-24 18:21:57]  [行19] 解析成功: SHSE.603773 [沃格光电] SELL @ 167.78 (VR:0.09)
[2026-06-24 18:21:57]  [行20] 解析成功: SHSE.603618 [杭电股份] SELL @ 55.11 (VR:0.08)
[2026-06-24 18:21:57]  [行21] 解析成功: SHSE.600259 [中稀有色] BUY @ 102.45 (VR:0.14)
[2026-06-24 18:21:57]  [行22] 解析成功: SHSE.603175 [超颖电子] SELL @ 92.21 (VR:0.24)
[2026-06-24 18:21:57]  [行23] 解析成功: SHSE.600909 [华安证券] BUY @ 11.51 (VR:0.25)
[2026-06-24 18:21:57]  [行24] 解析成功: SHSE.600460 [士兰微] BUY @ 49.71 (VR:0.41)
[2026-06-24 18:21:57]  [行25] 解析成功: SHSE.603206 [嘉环科技] SELL @ 17.59 (VR:0.19)
[2026-06-24 18:21:57]  [行26] 解析成功: SZSE.001339 [智微智能] BUY @ 124.16 (VR:0.92)
[2026-06-24 18:21:57]  [行27] 解析成功: SZSE.000593 [德龙汇能] SELL @ 25.28 (VR:0.22)
[2026-06-24 18:21:57]  [行28] 解析成功: SZSE.003031 [中瓷电子] BUY @ 188.66 (VR:1.28)
[2026-06-24 18:21:57]  [行29] 解析成功: SZSE.002643 [万润股份] BUY @ 17.98 (VR:0.1)
[2026-06-24 18:21:57]  [行30] 解析成功: SZSE.001282 [三联锻造] BUY @ 21.83 (VR:0.07)
[2026-06-24 18:21:57]  [行31] 解析成功: SZSE.002937 [兴瑞科技] BUY @ 40.67 (VR:1.0)
[2026-06-24 18:21:57]  [行32] 解析成功: SZSE.000920 [沃顿科技] BUY @ 13.56 (VR:0.01)
[2026-06-24 18:21:57]  [行33] 解析成功: SZSE.000823 [超声电子] BUY @ 21.71 (VR:0.19)
[2026-06-24 18:21:57] 成功保存 33 条因子至: signal_batch_20260624_182157_177203.txt
[2026-06-24 18:21:57]  QQ-主 邮件 4738 处理完成
[2026-06-24 18:21:57]  QQ-主 正在解析因子: =?utf-8?b?QWxwaGFQaWxvdCDlrp7ml7bkv6Hlj7cgKGFscGhhX3NpZ25hbF90aHJfMjAyNjA2MjRfMTAwNC5qc29uKSBb5Li7UVEt5a+55aSWXQ==?=
[2026-06-24 18:21:57]  发现表格，共 24 行数据
[2026-06-24 18:21:57]  动态索引映射: ['股票代码', '股票名称', '信号', '当前价格', '量比', '来源过滤']
[2026-06-24 18:21:57]  [行1] 解析成功: SHSE.601016 [节能风电] BUY @ 3.56 (VR:0.4)
[2026-06-24 18:21:57]  [行2] 解析成功: SHSE.688286 [敏芯股份] BUY @ 90.64 (VR:0.14)
[2026-06-24 18:21:57]  [行3] 解析成功: SHSE.688511 [天微电子] SELL @ 30.76 (VR:1.48)
[2026-06-24 18:21:57]  [行4] 解析成功: SZSE.300037 [新宙邦] BUY @ 84.81 (VR:0.51)
[2026-06-24 18:21:57]  [行5] 解析成功: SZSE.300449 [汉邦高科] SELL @ 8.4 (VR:0.06)
[2026-06-24 18:21:57]  [行6] 解析成功: SZSE.002980 [华盛昌] SELL @ 112.51 (VR:0.06)
[2026-06-24 18:21:57]  [行7] 解析成功: SZSE.300868 [杰美特] SELL @ 157.27 (VR:0.06)
[2026-06-24 18:21:57]  [行8] 解析成功: SZSE.300285 [国瓷材料] SELL @ 93.32 (VR:0.25)
[2026-06-24 18:21:57]  [行9] 解析成功: SZSE.301252 [同星科技] SELL @ 44.71 (VR:0.45)
[2026-06-24 18:21:57]  [行10] 解析成功: SZSE.301392 [汇成真空] BUY @ 203.6 (VR:0.15)
[2026-06-24 18:21:57]  [行11] 解析成功: SZSE.300234 [开尔新材] SELL @ 11.16 (VR:0.18)
[2026-06-24 18:21:57]  [行12] 解析成功: SZSE.300214 [日科化学] BUY @ 10.35 (VR:0.68)
[2026-06-24 18:21:57]  [行13] 解析成功: SHSE.688286 [敏芯股份] BUY @ 90.74 (VR:1.3)
[2026-06-24 18:21:57]  [行14] 解析成功: SHSE.688511 [天微电子] SELL @ 30.55 (VR:5.86)
[2026-06-24 18:21:57]  [行15] 解析成功: SHSE.688386 [泛亚微透] BUY @ 87.79 (VR:0.12)
[2026-06-24 18:21:57]  [行16] 解析成功: SZSE.300037 [新宙邦] BUY @ 85.07 (VR:0.03)
[2026-06-24 18:21:57]  [行17] 解析成功: SZSE.300449 [汉邦高科] SELL @ 8.4 (VR:0.16)
[2026-06-24 18:21:57]  [行18] 解析成功: SZSE.002980 [华盛昌] SELL @ 112.43 (VR:0.27)
[2026-06-24 18:21:57]  [行19] 解析成功: SZSE.300868 [杰美特] SELL @ 156.62 (VR:0.21)
[2026-06-24 18:21:57]  [行20] 解析成功: SZSE.301281 [利源制药] SELL @ 47.04 (VR:0.36)
[2026-06-24 18:21:57]  [行21] 解析成功: SZSE.300285 [国瓷材料] SELL @ 93.05 (VR:0.97)
[2026-06-24 18:21:57]  [行22] 解析成功: SZSE.301252 [同星科技] SELL @ 44.34 (VR:0.66)
[2026-06-24 18:21:57]  [行23] 解析成功: SZSE.300234 [开尔新材] SELL @ 11.14 (VR:1.33)
[2026-06-24 18:21:57]  [行24] 解析成功: SZSE.300214 [日科化学] BUY @ 10.38 (VR:0.7)
[2026-06-24 18:21:57] 成功保存 24 条因子至: signal_batch_20260624_182157_475319.txt
[2026-06-24 18:21:57]  QQ-主 邮件 4739 处理完成
[2026-06-24 18:21:57]  QQ-主 正在解析因子: =?utf-8?b?QWxwaGFQaWxvdCDlrp7ml7bkv6Hlj7cgKGFscGhhX3NpZ25hbF90aHJfMjAyNjA2MjRfMTA0My5qc29uKSBb5Li7UVEt5a+55aSWXQ==?=
[2026-06-24 18:21:57]  发现表格，共 16 行数据
[2026-06-24 18:21:57]  动态索引映射: ['股票代码', '股票名称', '信号', '当前价格', '量比', '来源过滤']
[2026-06-24 18:21:57]  [行1] 解析成功: SHSE.600259 [中稀有色] SELL @ 103.01 (VR:2.11)
[2026-06-24 18:21:57]  [行2] 解析成功: SHSE.603175 [超颖电子] SELL @ 91.48 (VR:0.3)
[2026-06-24 18:21:57]  [行3] 解析成功: SHSE.600909 [华安证券] SELL @ 11.51 (VR:0.21)
[2026-06-24 18:21:57]  [行4] 解析成功: SHSE.603206 [嘉环科技] BUY @ 17.34 (VR:0.36)
[2026-06-24 18:21:57]  [行5] 解析成功: SZSE.002378 [章源钨业] BUY @ 35.82 (VR:1.15)
[2026-06-24 18:21:57]  [行6] 解析成功: SZSE.001339 [智微智能] BUY @ 134.95 (VR:1.0)
[2026-06-24 18:21:57]  [行7] 解析成功: SZSE.002552 [宝鼎科技] SELL @ 73.49 (VR:0.26)
[2026-06-24 18:21:57]  [行8] 解析成功: SZSE.002643 [万润股份] SELL @ 18.17 (VR:0.22)
[2026-06-24 18:21:57]  [行9] 解析成功: SHSE.600259 [中稀有色] SELL @ 102.57 (VR:0.01)
[2026-06-24 18:21:57]  [行10] 解析成功: SHSE.603175 [超颖电子] SELL @ 91.0 (VR:1.45)
[2026-06-24 18:21:57]  [行11] 解析成功: SHSE.600909 [华安证券] SELL @ 11.5 (VR:0.12)
[2026-06-24 18:21:57]  [行12] 解析成功: SHSE.603206 [嘉环科技] BUY @ 17.44 (VR:0.74)
[2026-06-24 18:21:57]  [行13] 解析成功: SZSE.002378 [章源钨业] BUY @ 35.89 (VR:0.4)
[2026-06-24 18:21:57]  [行14] 解析成功: SZSE.001339 [智微智能] BUY @ 136.04 (VR:6.14)
[2026-06-24 18:21:57]  [行15] 解析成功: SZSE.002552 [宝鼎科技] SELL @ 73.02 (VR:0.75)
[2026-06-24 18:21:57]  [行16] 解析成功: SZSE.002643 [万润股份] SELL @ 18.14 (VR:0.0)
[2026-06-24 18:21:57] 成功保存 16 条因子至: signal_batch_20260624_182157_725066.txt
[2026-06-24 18:21:57]  QQ-主 邮件 4748 处理完成
[2026-06-24 18:21:58]  QQ-主 正在解析因子: =?utf-8?b?QWxwaGFQaWxvdCDlrp7ml7bkv6Hlj7cgKGFscGhhX3NpZ25hbF90aHJfMjAyNjA2MjRfMTA0Ni5qc29uKSBb5Li7UVEt5a+55aSWXQ==?=
[2026-06-24 18:21:58]  发现表格，共 20 行数据
[2026-06-24 18:21:58]  动态索引映射: ['股票代码', '股票名称', '信号', '当前价格', '量比', '来源过滤']
[2026-06-24 18:21:58]  [行1] 解析成功: SHSE.688700 [东威科技] SELL @ 90.25 (VR:0.01)
[2026-06-24 18:21:58]  [行2] 解析成功: SHSE.688777 [中控技术] SELL @ 122.57 (VR:0.98)
[2026-06-24 18:21:58]  [行3] 解析成功: SHSE.688511 [天微电子] BUY @ 29.85 (VR:0.09)
[2026-06-24 18:21:58]  [行4] 解析成功: SHSE.688386 [泛亚微透] SELL @ 86.96 (VR:0.07)
[2026-06-24 18:21:58]  [行5] 解析成功: SHSE.688059 [华锐精密] SELL @ 210.54 (VR:0.28)
[2026-06-24 18:21:58]  [行6] 解析成功: SZSE.002980 [华盛昌] SELL @ 111.67 (VR:0.77)
[2026-06-24 18:21:58]  [行7] 解析成功: SZSE.300285 [国瓷材料] BUY @ 91.11 (VR:0.61)
[2026-06-24 18:21:58]  [行8] 解析成功: SZSE.301252 [同星科技] SELL @ 45.83 (VR:0.08)
[2026-06-24 18:21:58]  [行9] 解析成功: SZSE.301392 [汇成真空] SELL @ 200.42 (VR:0.01)
[2026-06-24 18:21:58]  [行10] 解析成功: SZSE.300319 [麦捷科技] BUY @ 31.43 (VR:0.04)
[2026-06-24 18:21:58]  [行11] 解析成功: SHSE.688700 [东威科技] SELL @ 89.77 (VR:0.06)
[2026-06-24 18:21:58]  [行12] 解析成功: SHSE.688777 [中控技术] SELL @ 122.16 (VR:0.2)
[2026-06-24 18:21:58]  [行13] 解析成功: SHSE.688511 [天微电子] BUY @ 30.0 (VR:2.39)
[2026-06-24 18:21:58]  [行14] 解析成功: SHSE.688386 [泛亚微透] SELL @ 86.82 (VR:3.87)
[2026-06-24 18:21:58]  [行15] 解析成功: SHSE.688059 [华锐精密] SELL @ 209.5 (VR:1.74)
[2026-06-24 18:21:58]  [行16] 解析成功: SZSE.002980 [华盛昌] SELL @ 111.46 (VR:0.42)
[2026-06-24 18:21:58]  [行17] 解析成功: SZSE.300285 [国瓷材料] BUY @ 91.37 (VR:0.0)
[2026-06-24 18:21:58]  [行18] 解析成功: SZSE.301252 [同星科技] SELL @ 45.77 (VR:0.34)
[2026-06-24 18:21:58]  [行19] 解析成功: SZSE.301392 [汇成真空] SELL @ 200.19 (VR:0.11)
[2026-06-24 18:21:58]  [行20] 解析成功: SZSE.300319 [麦捷科技] BUY @ 31.45 (VR:0.2)
[2026-06-24 18:21:58] 成功保存 20 条因子至: signal_batch_20260624_182158_116569.txt
[2026-06-24 18:21:58]  QQ-主 邮件 4749 处理完成
[2026-06-24 18:21:58]  QQ-主 正在解析因子: =?utf-8?b?QWxwaGFQaWxvdCDlrp7ml7bkv6Hlj7cgKGFscGhhX3NpZ25hbF90aHJfMjAyNjA2MjRfMTA0OS5qc29uKSBb5Li7UVEt5a+55aSWXQ==?=
[2026-06-24 18:21:58]  发现表格，共 16 行数据
[2026-06-24 18:21:58]  动态索引映射: ['股票代码', '股票名称', '信号', '当前价格', '量比', '来源过滤']
[2026-06-24 18:21:58]  [行1] 解析成功: SHSE.688721 [龙图光罩] BUY @ 51.17 (VR:0.36)
[2026-06-24 18:21:58]  [行2] 解析成功: SHSE.688249 [晶合集成] BUY @ 58.33 (VR:0.17)
[2026-06-24 18:21:58]  [行3] 解析成功: SZSE.300088 [长信科技] BUY @ 9.44 (VR:0.79)
[2026-06-24 18:21:58]  [行4] 解析成功: SZSE.300709 [精研科技] BUY @ 66.31 (VR:0.12)
[2026-06-24 18:21:58]  [行5] 解析成功: SZSE.301362 [民爆光电] BUY @ 196.26 (VR:0.97)
[2026-06-24 18:21:58]  [行6] 解析成功: SZSE.301323 [新莱福] SELL @ 89.74 (VR:0.28)
[2026-06-24 18:21:58]  [行7] 解析成功: SZSE.300780 [德恩精工] BUY @ 30.26 (VR:0.1)
[2026-06-24 18:21:58]  [行8] 解析成功: SZSE.301195 [北路智控] SELL @ 29.5 (VR:0.77)
[2026-06-24 18:21:58]  [行9] 解析成功: SHSE.688721 [龙图光罩] BUY @ 51.29 (VR:0.31)
[2026-06-24 18:21:58]  [行10] 解析成功: SHSE.688249 [晶合集成] BUY @ 58.49 (VR:0.24)
[2026-06-24 18:21:58]  [行11] 解析成功: SZSE.300088 [长信科技] BUY @ 9.45 (VR:1.39)
[2026-06-24 18:21:58]  [行12] 解析成功: SZSE.300709 [精研科技] BUY @ 66.45 (VR:0.15)
[2026-06-24 18:21:58]  [行13] 解析成功: SZSE.301362 [民爆光电] BUY @ 196.52 (VR:0.02)
[2026-06-24 18:21:58]  [行14] 解析成功: SZSE.301323 [新莱福] SELL @ 89.35 (VR:1.15)
[2026-06-24 18:21:58]  [行15] 解析成功: SZSE.300780 [德恩精工] BUY @ 30.27 (VR:0.22)
[2026-06-24 18:21:58]  [行16] 解析成功: SZSE.301195 [北路智控] SELL @ 29.46 (VR:0.41)
[2026-06-24 18:21:58] 成功保存 16 条因子至: signal_batch_20260624_182158_413057.txt
[2026-06-24 18:21:58]  QQ-主 邮件 4750 处理完成
[2026-06-24 18:21:58]  QQ-主 正在解析因子: =?utf-8?b?QWxwaGFQaWxvdCDlrp7ml7bkv6Hlj7cgKGFscGhhX3NpZ25hbF90aHJfMjAyNjA2MjRfMTA1My5qc29uKSBb5Li7UVEt5a+55aSWXQ==?=
[2026-06-24 18:21:58]  发现表格，共 6 行数据
[2026-06-24 18:21:58]  动态索引映射: ['股票代码', '股票名称', '信号', '当前价格', '量比', '来源过滤']
[2026-06-24 18:21:58]  [行1] 解析成功: SZSE.300720 [海川智能] BUY @ 82.0 (VR:0.66)
[2026-06-24 18:21:58]  [行2] 解析成功: SZSE.300433 [蓝思科技] BUY @ 51.7 (VR:0.41)
[2026-06-24 18:21:58]  [行3] 解析成功: SZSE.300666 [江丰电子] BUY @ 294.74 (VR:1.19)
[2026-06-24 18:21:58]  [行4] 解析成功: SZSE.300720 [海川智能] BUY @ 82.47 (VR:0.2)
[2026-06-24 18:21:58]  [行5] 解析成功: SZSE.300433 [蓝思科技] BUY @ 51.91 (VR:0.06)
[2026-06-24 18:21:58]  [行6] 解析成功: SZSE.300666 [江丰电子] BUY @ 295.87 (VR:0.35)
[2026-06-24 18:21:58] 成功保存 6 条因子至: signal_batch_20260624_182158_816832.txt
[2026-06-24 18:21:59]  QQ-主 邮件 4751 处理完成
[2026-06-24 18:21:59]  QQ-主 正在解析因子: =?utf-8?b?QWxwaGFQaWxvdCDlrp7ml7bkv6Hlj7cgKGFscGhhX3NpZ25hbF90aHJfMjAyNjA2MjRfMTEwOC5qc29uKSBb5Li7UVEt5a+55aSWXQ==?=
[2026-06-24 18:21:59]  发现表格，共 20 行数据
[2026-06-24 18:21:59]  动态索引映射: ['股票代码', '股票名称', '信号', '当前价格', '量比', '来源过滤']
[2026-06-24 18:21:59]  [行1] 解析成功: SHSE.688216 [气派科技] BUY @ 38.41 (VR:0.07)
[2026-06-24 18:21:59]  [行2] 解析成功: SHSE.688721 [龙图光罩] BUY @ 50.59 (VR:0.12)
[2026-06-24 18:21:59]  [行3] 解析成功: SHSE.688249 [晶合集成] BUY @ 56.25 (VR:1.25)
[2026-06-24 18:21:59]  [行4] 解析成功: SHSE.688138 [清溢光电] BUY @ 37.99 (VR:0.71)
[2026-06-24 18:21:59]  [行5] 解析成功: SZSE.300196 [长海股份] BUY @ 30.58 (VR:0.69)
[2026-06-24 18:21:59]  [行6] 解析成功: SZSE.301362 [民爆光电] BUY @ 194.74 (VR:0.02)
[2026-06-24 18:21:59]  [行7] 解析成功: SZSE.300661 [圣邦股份] BUY @ 131.27 (VR:0.55)
[2026-06-24 18:21:59]  [行8] 解析成功: SZSE.300780 [德恩精工] SELL @ 30.17 (VR:0.38)
[2026-06-24 18:21:59]  [行9] 解析成功: SZSE.300497 [富祥股份] BUY @ 22.39 (VR:0.94)
[2026-06-24 18:21:59]  [行10] 解析成功: SZSE.300852 [四会富仕] SELL @ 60.78 (VR:0.18)
[2026-06-24 18:21:59]  [行11] 解析成功: SHSE.688216 [气派科技] BUY @ 38.77 (VR:0.87)
[2026-06-24 18:21:59]  [行12] 解析成功: SHSE.688721 [龙图光罩] BUY @ 50.97 (VR:1.89)
[2026-06-24 18:21:59]  [行13] 解析成功: SHSE.688249 [晶合集成] BUY @ 56.7 (VR:0.61)
[2026-06-24 18:21:59]  [行14] 解析成功: SHSE.688138 [清溢光电] BUY @ 38.25 (VR:0.12)
[2026-06-24 18:21:59]  [行15] 解析成功: SZSE.300196 [长海股份] BUY @ 30.59 (VR:0.1)
[2026-06-24 18:21:59]  [行16] 解析成功: SZSE.301362 [民爆光电] BUY @ 195.1 (VR:0.44)
[2026-06-24 18:21:59]  [行17] 解析成功: SZSE.300661 [圣邦股份] BUY @ 131.58 (VR:1.29)
[2026-06-24 18:21:59]  [行18] 解析成功: SZSE.300780 [德恩精工] SELL @ 30.13 (VR:0.65)
[2026-06-24 18:21:59]  [行19] 解析成功: SZSE.300497 [富祥股份] BUY @ 22.6 (VR:1.59)
[2026-06-24 18:21:59]  [行20] 解析成功: SZSE.300852 [四会富仕] SELL @ 60.65 (VR:0.03)
[2026-06-24 18:21:59] 成功保存 20 条因子至: signal_batch_20260624_182159_144330.txt
[2026-06-24 18:21:59]  QQ-主 邮件 4755 处理完成
[2026-06-24 18:21:59]  QQ-主 正在解析因子: =?utf-8?b?QWxwaGFQaWxvdCDlrp7ml7bkv6Hlj7cgKGFscGhhX3NpZ25hbF90aHJfMjAyNjA2MjRfMTExMS5qc29uKSBb5Li7UVEt5a+55aSWXQ==?=
[2026-06-24 18:21:59]  发现表格，共 10 行数据
[2026-06-24 18:21:59]  动态索引映射: ['股票代码', '股票名称', '信号', '当前价格', '量比', '来源过滤']
[2026-06-24 18:21:59]  [行1] 解析成功: SHSE.600353 [旭光电子] BUY @ 50.17 (VR:4.18)
[2026-06-24 18:21:59]  [行2] 解析成功: SHSE.601138 [工业富联] BUY @ 74.2 (VR:0.4)
[2026-06-24 18:21:59]  [行3] 解析成功: SHSE.688392 [娇成超声] BUY @ 174.49 (VR:0.15)
[2026-06-24 18:21:59]  [行4] 解析成功: SZSE.300936 [中英科技] BUY @ 121.21 (VR:0.2)
[2026-06-24 18:21:59]  [行5] 解析成功: SZSE.301171 [易点天下] BUY @ 34.99 (VR:0.9)
[2026-06-24 18:21:59]  [行6] 解析成功: SHSE.600353 [旭光电子] BUY @ 50.22 (VR:0.47)
[2026-06-24 18:21:59]  [行7] 解析成功: SHSE.601138 [工业富联] BUY @ 74.35 (VR:0.25)
[2026-06-24 18:21:59]  [行8] 解析成功: SHSE.688392 [娇成超声] BUY @ 176.63 (VR:1.2)
[2026-06-24 18:21:59]  [行9] 解析成功: SZSE.300936 [中英科技] BUY @ 121.8 (VR:0.41)
[2026-06-24 18:21:59]  [行10] 解析成功: SZSE.301171 [易点天下] BUY @ 35.0 (VR:0.23)
[2026-06-24 18:21:59] 成功保存 10 条因子至: signal_batch_20260624_182159_406144.txt
[2026-06-24 18:21:59]  QQ-主 邮件 4756 处理完成
[2026-06-24 18:21:59]  QQ-主 正在解析因子: =?utf-8?b?QWxwaGFQaWxvdCDlrp7ml7bkv6Hlj7cgKGFscGhhX3NpZ25hbF90aHJfMjAyNjA2MjRfMTExOS5qc29uKSBb5Li7UVEt5a+55aSWXQ==?=
[2026-06-24 18:21:59]  发现表格，共 18 行数据
[2026-06-24 18:21:59]  动态索引映射: ['股票代码', '股票名称', '信号', '当前价格', '量比', '来源过滤']
[2026-06-24 18:21:59]  [行1] 解析成功: SHSE.603618 [杭电股份] BUY @ 52.19 (VR:0.99)
[2026-06-24 18:21:59]  [行2] 解析成功: SHSE.600259 [中稀有色] SELL @ 101.81 (VR:0.06)
[2026-06-24 18:21:59]  [行3] 解析成功: SHSE.603175 [超颖电子] SELL @ 90.12 (VR:0.01)
[2026-06-24 18:21:59]  [行4] 解析成功: SHSE.600909 [华安证券] SELL @ 11.5 (VR:7.55)
[2026-06-24 18:21:59]  [行5] 解析成功: SHSE.603206 [嘉环科技] SELL @ 16.97 (VR:1.15)
[2026-06-24 18:21:59]  [行6] 解析成功: SZSE.002378 [章源钨业] SELL @ 35.05 (VR:0.27)
[2026-06-24 18:21:59]  [行7] 解析成功: SZSE.001339 [智微智能] SELL @ 131.85 (VR:0.86)
[2026-06-24 18:21:59]  [行8] 解析成功: SZSE.000920 [沃顿科技] SELL @ 13.5 (VR:0.0)
[2026-06-24 18:21:59]  [行9] 解析成功: SZSE.000823 [超声电子] BUY @ 22.37 (VR:0.51)
[2026-06-24 18:21:59]  [行10] 解析成功: SHSE.603618 [杭电股份] BUY @ 52.25 (VR:0.43)
[2026-06-24 18:21:59]  [行11] 解析成功: SHSE.600259 [中稀有色] SELL @ 101.61 (VR:0.39)
[2026-06-24 18:21:59]  [行12] 解析成功: SHSE.603175 [超颖电子] SELL @ 90.07 (VR:0.13)
[2026-06-24 18:21:59]  [行13] 解析成功: SHSE.600909 [华安证券] SELL @ 11.49 (VR:1.63)
[2026-06-24 18:21:59]  [行14] 解析成功: SHSE.603206 [嘉环科技] SELL @ 16.93 (VR:2.2)
[2026-06-24 18:21:59]  [行15] 解析成功: SZSE.002378 [章源钨业] SELL @ 35.04 (VR:0.33)
[2026-06-24 18:21:59]  [行16] 解析成功: SZSE.001339 [智微智能] SELL @ 131.55 (VR:0.12)
[2026-06-24 18:21:59]  [行17] 解析成功: SZSE.000920 [沃顿科技] SELL @ 13.49 (VR:0.16)
[2026-06-24 18:21:59]  [行18] 解析成功: SZSE.000823 [超声电子] BUY @ 22.53 (VR:11.46)
[2026-06-24 18:21:59] 成功保存 18 条因子至: signal_batch_20260624_182159_642163.txt
[2026-06-24 18:21:59]  QQ-主 邮件 4758 处理完成
[2026-06-24 18:21:59]  QQ-主 正在解析因子: =?utf-8?b?QWxwaGFQaWxvdCDlrp7ml7bkv6Hlj7cgKGFscGhhX3NpZ25hbF90aHJfMjAyNjA2MjRfMTEyMy5qc29uKSBb5Li7UVEt5a+55aSWXQ==?=
[2026-06-24 18:21:59]  发现表格，共 26 行数据
[2026-06-24 18:21:59]  动态索引映射: ['股票代码', '股票名称', '信号', '当前价格', '量比', '来源过滤']
[2026-06-24 18:21:59]  [行1] 解析成功: SHSE.601016 [节能风电] BUY @ 3.57 (VR:0.04)
[2026-06-24 18:21:59]  [行2] 解析成功: SHSE.688777 [中控技术] BUY @ 120.77 (VR:0.41)
[2026-06-24 18:21:59]  [行3] 解析成功: SHSE.688286 [敏芯股份] SELL @ 95.68 (VR:0.23)
[2026-06-24 18:21:59]  [行4] 解析成功: SHSE.688511 [天微电子] SELL @ 29.64 (VR:2.07)
[2026-06-24 18:21:59]  [行5] 解析成功: SHSE.688386 [泛亚微透] BUY @ 86.44 (VR:0.84)
[2026-06-24 18:21:59]  [行6] 解析成功: SHSE.688059 [华锐精密] BUY @ 206.75 (VR:1.0)
[2026-06-24 18:21:59]  [行7] 解析成功: SZSE.300037 [新宙邦] BUY @ 88.61 (VR:0.63)
[2026-06-24 18:21:59]  [行8] 解析成功: SZSE.300868 [杰美特] SELL @ 151.2 (VR:1.98)
[2026-06-24 18:21:59]  [行9] 解析成功: SZSE.300285 [国瓷材料] BUY @ 90.52 (VR:0.3)
[2026-06-24 18:21:59]  [行10] 解析成功: SZSE.301252 [同星科技] BUY @ 45.83 (VR:0.3)
[2026-06-24 18:21:59]  [行11] 解析成功: SZSE.301392 [汇成真空] BUY @ 200.03 (VR:0.16)
[2026-06-24 18:21:59]  [行12] 解析成功: SZSE.300319 [麦捷科技] BUY @ 30.8 (VR:0.45)
[2026-06-24 18:21:59]  [行13] 解析成功: SZSE.300214 [日科化学] BUY @ 10.14 (VR:0.19)
[2026-06-24 18:21:59]  [行14] 解析成功: SHSE.601016 [节能风电] BUY @ 3.58 (VR:0.02)
[2026-06-24 18:21:59]  [行15] 解析成功: SHSE.688777 [中控技术] BUY @ 121.14 (VR:0.03)
[2026-06-24 18:21:59]  [行16] 解析成功: SHSE.688286 [敏芯股份] SELL @ 95.36 (VR:0.18)
[2026-06-24 18:21:59]  [行17] 解析成功: SHSE.688511 [天微电子] SELL @ 29.61 (VR:0.48)
[2026-06-24 18:21:59]  [行18] 解析成功: SHSE.688386 [泛亚微透] BUY @ 87.34 (VR:1.18)
[2026-06-24 18:21:59]  [行19] 解析成功: SHSE.688059 [华锐精密] BUY @ 206.95 (VR:0.45)
[2026-06-24 18:21:59]  [行20] 解析成功: SZSE.300037 [新宙邦] BUY @ 88.99 (VR:1.76)
[2026-06-24 18:21:59]  [行21] 解析成功: SZSE.300868 [杰美特] SELL @ 151.16 (VR:0.31)
[2026-06-24 18:21:59]  [行22] 解析成功: SZSE.300285 [国瓷材料] BUY @ 90.78 (VR:0.43)
[2026-06-24 18:21:59]  [行23] 解析成功: SZSE.301252 [同星科技] BUY @ 45.91 (VR:0.13)
[2026-06-24 18:21:59]  [行24] 解析成功: SZSE.301392 [汇成真空] BUY @ 200.61 (VR:0.71)
[2026-06-24 18:21:59]  [行25] 解析成功: SZSE.300319 [麦捷科技] BUY @ 31.05 (VR:0.96)
[2026-06-24 18:21:59]  [行26] 解析成功: SZSE.300214 [日科化学] BUY @ 10.17 (VR:0.81)
[2026-06-24 18:21:59] 成功保存 26 条因子至: signal_batch_20260624_182159_899614.txt
[2026-06-24 18:22:00]  QQ-主 邮件 4759 处理完成
[2026-06-24 18:22:00]  QQ-主 正在解析因子: =?utf-8?b?QWxwaGFQaWxvdCDlrp7ml7bkv6Hlj7cgKGFscGhhX3NpZ25hbF90aHJfMjAyNjA2MjRfMTEyOC5qc29uKSBb5Li7UVEt5a+55aSWXQ==?=
[2026-06-24 18:22:00]  发现表格，共 28 行数据
[2026-06-24 18:22:00]  动态索引映射: ['股票代码', '股票名称', '信号', '当前价格', '量比', '来源过滤']
[2026-06-24 18:22:00]  [行1] 解析成功: SHSE.688216 [气派科技] BUY @ 38.93 (VR:0.05)
[2026-06-24 18:22:00]  [行2] 解析成功: SHSE.688308 [欧科亿] BUY @ 181.22 (VR:0.05)
[2026-06-24 18:22:00]  [行3] 解析成功: SHSE.688721 [龙图光罩] BUY @ 51.26 (VR:0.66)
[2026-06-24 18:22:00]  [行4] 解析成功: SHSE.688138 [清溢光电] BUY @ 38.74 (VR:1.76)
[2026-06-24 18:22:00]  [行5] 解析成功: SZSE.300088 [长信科技] BUY @ 9.52 (VR:0.51)
[2026-06-24 18:22:00]  [行6] 解析成功: SZSE.300709 [精研科技] SELL @ 65.6 (VR:1.02)
[2026-06-24 18:22:00]  [行7] 解析成功: SZSE.301362 [民爆光电] BUY @ 197.51 (VR:0.44)
[2026-06-24 18:22:00]  [行8] 解析成功: SZSE.300420 [五洋自控] BUY @ 7.68 (VR:0.05)
[2026-06-24 18:22:00]  [行9] 解析成功: SZSE.301323 [新莱福] BUY @ 90.04 (VR:0.4)
[2026-06-24 18:22:00]  [行10] 解析成功: SZSE.300661 [圣邦股份] BUY @ 133.9 (VR:0.57)
[2026-06-24 18:22:00]  [行11] 解析成功: SZSE.301195 [北路智控] SELL @ 29.59 (VR:0.68)
[2026-06-24 18:22:00]  [行12] 解析成功: SZSE.300497 [富祥股份] SELL @ 22.27 (VR:0.26)
[2026-06-24 18:22:00]  [行13] 解析成功: SZSE.301183 [东田微] BUY @ 255.22 (VR:0.16)
[2026-06-24 18:22:00]  [行14] 解析成功: SZSE.300852 [四会富仕] BUY @ 60.76 (VR:0.3)
[2026-06-24 18:22:00]  [行15] 解析成功: SHSE.688216 [气派科技] BUY @ 39.12 (VR:0.03)
[2026-06-24 18:22:00]  [行16] 解析成功: SHSE.688308 [欧科亿] BUY @ 181.67 (VR:0.02)
[2026-06-24 18:22:00]  [行17] 解析成功: SHSE.688721 [龙图光罩] BUY @ 51.45 (VR:0.81)
[2026-06-24 18:22:00]  [行18] 解析成功: SHSE.688138 [清溢光电] BUY @ 38.84 (VR:0.69)
[2026-06-24 18:22:00]  [行19] 解析成功: SZSE.300088 [长信科技] BUY @ 9.53 (VR:0.79)
[2026-06-24 18:22:00]  [行20] 解析成功: SZSE.300709 [精研科技] SELL @ 65.5 (VR:0.52)
[2026-06-24 18:22:00]  [行21] 解析成功: SZSE.301362 [民爆光电] BUY @ 198.5 (VR:0.44)
[2026-06-24 18:22:00]  [行22] 解析成功: SZSE.300420 [五洋自控] BUY @ 7.69 (VR:0.05)
[2026-06-24 18:22:00]  [行23] 解析成功: SZSE.301323 [新莱福] BUY @ 90.17 (VR:0.1)
[2026-06-24 18:22:00]  [行24] 解析成功: SZSE.300661 [圣邦股份] BUY @ 134.12 (VR:0.24)
[2026-06-24 18:22:00]  [行25] 解析成功: SZSE.301195 [北路智控] SELL @ 29.57 (VR:0.11)
[2026-06-24 18:22:00]  [行26] 解析成功: SZSE.300497 [富祥股份] SELL @ 22.23 (VR:0.11)
[2026-06-24 18:22:00]  [行27] 解析成功: SZSE.301183 [东田微] BUY @ 255.65 (VR:0.95)
[2026-06-24 18:22:00]  [行28] 解析成功: SZSE.300852 [四会富仕] BUY @ 61.09 (VR:0.77)
[2026-06-24 18:22:00] 成功保存 28 条因子至: signal_batch_20260624_182200_139266.txt
[2026-06-24 18:22:00]  QQ-主 邮件 4760 处理完成
[2026-06-24 18:22:00]  QQ-主 正在解析因子: =?utf-8?b?QWxwaGFQaWxvdCDlrp7ml7bkv6Hlj7cgKGFscGhhX3NpZ25hbF90aHJfMjAyNjA2MjRfMTEzMy5qc29uKSBb5Li7UVEt5a+55aSWXQ==?=
[2026-06-24 18:22:00]  发现表格，共 6 行数据
[2026-06-24 18:22:00]  动态索引映射: ['股票代码', '股票名称', '信号', '当前价格', '量比', '来源过滤']
[2026-06-24 18:22:00]  [行1] 解析成功: SHSE.600353 [旭光电子] BUY @ 50.29 (VR:2.81)
[2026-06-24 18:22:00]  [行2] 解析成功: SHSE.688392 [娇成超声] BUY @ 177.07 (VR:0.15)
[2026-06-24 18:22:00]  [行3] 解析成功: SZSE.300308 [中际旭创] BUY @ 1310.98 (VR:1.01)
[2026-06-24 18:22:00]  [行4] 解析成功: SHSE.600353 [旭光电子] BUY @ 50.49 (VR:9.17)
[2026-06-24 18:22:00]  [行5] 解析成功: SHSE.688392 [娇成超声] BUY @ 177.57 (VR:0.5)
[2026-06-24 18:22:00]  [行6] 解析成功: SZSE.300308 [中际旭创] BUY @ 1311.92 (VR:1.61)
[2026-06-24 18:22:00] 成功保存 6 条因子至: signal_batch_20260624_182200_401842.txt
[2026-06-24 18:22:00]  QQ-主 邮件 4761 处理完成
[2026-06-24 18:22:00]  QQ-主 正在解析因子: =?utf-8?b?QWxwaGFQaWxvdCDlrp7ml7bkv6Hlj7cgKGFscGhhX3NpZ25hbF90aHJfMjAyNjA2MjRfMTMwNy5qc29uKSBb5Li7UVEt5a+55aSWXQ==?=
[2026-06-24 18:22:00]  发现表格，共 26 行数据
[2026-06-24 18:22:00]  动态索引映射: ['股票代码', '股票名称', '信号', '当前价格', '量比', '来源过滤']
[2026-06-24 18:22:00]  [行1] 解析成功: SHSE.688665 [四方光电] BUY @ 57.78 (VR:0.04)
[2026-06-24 18:22:00]  [行2] 解析成功: SHSE.688002 [睿创微纳] BUY @ 143.33 (VR:0.41)
[2026-06-24 18:22:00]  [行3] 解析成功: SHSE.688102 [斯瑞新材] BUY @ 42.3 (VR:0.23)
[2026-06-24 18:22:00]  [行4] 解析成功: SZSE.300689 [澄天伟业] BUY @ 62.22 (VR:0.24)
[2026-06-24 18:22:00]  [行5] 解析成功: SZSE.301045 [天禄科技] BUY @ 64.39 (VR:3.58)
[2026-06-24 18:22:00]  [行6] 解析成功: SZSE.301322 [绿通科技] BUY @ 62.94 (VR:1.02)
[2026-06-24 18:22:00]  [行7] 解析成功: SZSE.300679 [电连技术] BUY @ 66.86 (VR:0.09)
[2026-06-24 18:22:00]  [行8] 解析成功: SZSE.301013 [利和兴] BUY @ 72.8 (VR:1.05)
[2026-06-24 18:22:00]  [行9] 解析成功: SZSE.300376 [易事特] SELL @ 5.59 (VR:0.13)
[2026-06-24 18:22:00]  [行10] 解析成功: SZSE.300790 [宇瞳光学] BUY @ 26.59 (VR:0.48)
[2026-06-24 18:22:00]  [行11] 解析成功: SZSE.300921 [南凌科技] BUY @ 21.79 (VR:0.64)
[2026-06-24 18:22:00]  [行12] 解析成功: SZSE.300857 [协创数据] BUY @ 330.3 (VR:0.82)
[2026-06-24 18:22:00]  [行13] 解析成功: SZSE.000636 [风华高科] BUY @ 72.09 (VR:0.2)
[2026-06-24 18:22:00]  [行14] 解析成功: SHSE.688665 [四方光电] BUY @ 58.1 (VR:0.37)
[2026-06-24 18:22:00]  [行15] 解析成功: SHSE.688002 [睿创微纳] BUY @ 143.52 (VR:0.28)
[2026-06-24 18:22:00]  [行16] 解析成功: SHSE.688102 [斯瑞新材] BUY @ 42.4 (VR:0.44)
[2026-06-24 18:22:00]  [行17] 解析成功: SZSE.300689 [澄天伟业] BUY @ 62.25 (VR:2.02)
[2026-06-24 18:22:00]  [行18] 解析成功: SZSE.301045 [天禄科技] BUY @ 64.53 (VR:0.38)
[2026-06-24 18:22:00]  [行19] 解析成功: SZSE.301322 [绿通科技] BUY @ 63.44 (VR:2.16)
[2026-06-24 18:22:00]  [行20] 解析成功: SZSE.300679 [电连技术] BUY @ 67.5 (VR:0.42)
[2026-06-24 18:22:00]  [行21] 解析成功: SZSE.301013 [利和兴] BUY @ 73.25 (VR:1.26)
[2026-06-24 18:22:00]  [行22] 解析成功: SZSE.300376 [易事特] SELL @ 5.57 (VR:0.15)
[2026-06-24 18:22:00]  [行23] 解析成功: SZSE.300790 [宇瞳光学] BUY @ 26.65 (VR:0.29)
[2026-06-24 18:22:00]  [行24] 解析成功: SZSE.300921 [南凌科技] BUY @ 21.82 (VR:0.07)
[2026-06-24 18:22:00]  [行25] 解析成功: SZSE.300857 [协创数据] BUY @ 335.26 (VR:0.17)
[2026-06-24 18:22:00]  [行26] 解析成功: SZSE.000636 [风华高科] BUY @ 72.12 (VR:0.42)
[2026-06-24 18:22:00] 成功保存 26 条因子至: signal_batch_20260624_182200_645865.txt
[2026-06-24 18:22:00]  QQ-主 邮件 4762 处理完成
[2026-06-24 18:22:00]  QQ-主 正在解析因子: =?utf-8?b?QWxwaGFQaWxvdCDlrp7ml7bkv6Hlj7cgKGFscGhhX3NpZ25hbF90aHJfMjAyNjA2MjRfMTMxMy5qc29uKSBb5Li7UVEt5a+55aSWXQ==?=
[2026-06-24 18:22:00]  发现表格，共 16 行数据
[2026-06-24 18:22:00]  动态索引映射: ['股票代码', '股票名称', '信号', '当前价格', '量比', '来源过滤']
[2026-06-24 18:22:00]  [行1] 解析成功: SHSE.603618 [杭电股份] BUY @ 51.55 (VR:1.97)
[2026-06-24 18:22:00]  [行2] 解析成功: SHSE.600259 [中稀有色] BUY @ 103.66 (VR:0.49)
[2026-06-24 18:22:00]  [行3] 解析成功: SHSE.600909 [华安证券] SELL @ 11.51 (VR:0.87)
[2026-06-24 18:22:00]  [行4] 解析成功: SHSE.603206 [嘉环科技] SELL @ 17.21 (VR:0.27)
[2026-06-24 18:22:00]  [行5] 解析成功: SZSE.002718 [友邦吊顶] BUY @ 111.52 (VR:0.03)
[2026-06-24 18:22:00]  [行6] 解析成功: SZSE.002378 [章源钨业] BUY @ 35.89 (VR:0.3)
[2026-06-24 18:22:00]  [行7] 解析成功: SZSE.001339 [智微智能] BUY @ 134.96 (VR:0.36)
[2026-06-24 18:22:00]  [行8] 解析成功: SZSE.000823 [超声电子] BUY @ 22.35 (VR:0.42)
[2026-06-24 18:22:00]  [行9] 解析成功: SHSE.603618 [杭电股份] BUY @ 51.82 (VR:2.09)
[2026-06-24 18:22:00]  [行10] 解析成功: SHSE.600259 [中稀有色] BUY @ 103.82 (VR:0.2)
[2026-06-24 18:22:00]  [行11] 解析成功: SHSE.600909 [华安证券] SELL @ 11.5 (VR:0.45)
[2026-06-24 18:22:00]  [行12] 解析成功: SHSE.603206 [嘉环科技] SELL @ 17.2 (VR:0.43)
[2026-06-24 18:22:00]  [行13] 解析成功: SZSE.002718 [友邦吊顶] BUY @ 111.81 (VR:0.16)
[2026-06-24 18:22:00]  [行14] 解析成功: SZSE.002378 [章源钨业] BUY @ 35.93 (VR:0.62)
[2026-06-24 18:22:00]  [行15] 解析成功: SZSE.001339 [智微智能] BUY @ 136.48 (VR:2.16)
[2026-06-24 18:22:00]  [行16] 解析成功: SZSE.000823 [超声电子] BUY @ 22.52 (VR:0.45)
[2026-06-24 18:22:00] 成功保存 16 条因子至: signal_batch_20260624_182200_908039.txt
[2026-06-24 18:22:01]  QQ-主 邮件 4763 处理完成
[2026-06-24 18:22:01]  QQ-主 正在解析因子: =?utf-8?b?QWxwaGFQaWxvdCDlrp7ml7bkv6Hlj7cgKGFscGhhX3NpZ25hbF90aHJfMjAyNjA2MjRfMTMxOC5qc29uKSBb5Li7UVEt5a+55aSWXQ==?=
[2026-06-24 18:22:01]  发现表格，共 24 行数据
[2026-06-24 18:22:01]  动态索引映射: ['股票代码', '股票名称', '信号', '当前价格', '量比', '来源过滤']
[2026-06-24 18:22:01]  [行1] 解析成功: SHSE.688700 [东威科技] BUY @ 90.62 (VR:0.47)
[2026-06-24 18:22:01]  [行2] 解析成功: SHSE.688286 [敏芯股份] BUY @ 95.53 (VR:0.05)
[2026-06-24 18:22:01]  [行3] 解析成功: SHSE.688059 [华锐精密] BUY @ 207.12 (VR:2.46)
[2026-06-24 18:22:01]  [行4] 解析成功: SZSE.300037 [新宙邦] BUY @ 89.89 (VR:1.21)
[2026-06-24 18:22:01]  [行5] 解析成功: SZSE.300449 [汉邦高科] SELL @ 8.31 (VR:0.03)
[2026-06-24 18:22:01]  [行6] 解析成功: SZSE.002980 [华盛昌] BUY @ 111.88 (VR:0.42)
[2026-06-24 18:22:01]  [行7] 解析成功: SZSE.300868 [杰美特] BUY @ 155.77 (VR:0.04)
[2026-06-24 18:22:01]  [行8] 解析成功: SZSE.300285 [国瓷材料] SELL @ 90.55 (VR:0.44)
[2026-06-24 18:22:01]  [行9] 解析成功: SZSE.301252 [同星科技] BUY @ 45.82 (VR:0.17)
[2026-06-24 18:22:01]  [行10] 解析成功: SZSE.301392 [汇成真空] BUY @ 199.54 (VR:0.32)
[2026-06-24 18:22:01]  [行11] 解析成功: SZSE.300319 [麦捷科技] BUY @ 31.22 (VR:0.62)
[2026-06-24 18:22:01]  [行12] 解析成功: SZSE.300234 [开尔新材] BUY @ 11.13 (VR:0.75)
[2026-06-24 18:22:01]  [行13] 解析成功: SHSE.688700 [东威科技] BUY @ 91.15 (VR:0.31)
[2026-06-24 18:22:01]  [行14] 解析成功: SHSE.688286 [敏芯股份] BUY @ 96.4 (VR:0.24)
[2026-06-24 18:22:01]  [行15] 解析成功: SHSE.688059 [华锐精密] BUY @ 207.45 (VR:0.23)
[2026-06-24 18:22:01]  [行16] 解析成功: SZSE.300037 [新宙邦] BUY @ 90.44 (VR:1.38)
[2026-06-24 18:22:01]  [行17] 解析成功: SZSE.300449 [汉邦高科] SELL @ 8.28 (VR:0.06)
[2026-06-24 18:22:01]  [行18] 解析成功: SZSE.002980 [华盛昌] BUY @ 113.53 (VR:1.63)
[2026-06-24 18:22:01]  [行19] 解析成功: SZSE.300868 [杰美特] BUY @ 155.89 (VR:0.14)
[2026-06-24 18:22:01]  [行20] 解析成功: SZSE.300285 [国瓷材料] SELL @ 90.0 (VR:1.58)
[2026-06-24 18:22:01]  [行21] 解析成功: SZSE.301252 [同星科技] BUY @ 45.83 (VR:0.43)
[2026-06-24 18:22:01]  [行22] 解析成功: SZSE.301392 [汇成真空] BUY @ 200.46 (VR:0.33)
[2026-06-24 18:22:01]  [行23] 解析成功: SZSE.300319 [麦捷科技] BUY @ 31.3 (VR:1.01)
[2026-06-24 18:22:01]  [行24] 解析成功: SZSE.300234 [开尔新材] BUY @ 11.16 (VR:0.18)
[2026-06-24 18:22:01] 成功保存 24 条因子至: signal_batch_20260624_182201_129896.txt
[2026-06-24 18:22:01]  QQ-主 邮件 4764 处理完成
[2026-06-24 18:22:01]  QQ-主 正在解析因子: =?utf-8?b?QWxwaGFQaWxvdCDlrp7ml7bkv6Hlj7cgKGFscGhhX3NpZ25hbF90aHJfMjAyNjA2MjRfMTMyMy5qc29uKSBb5Li7UVEt5a+55aSWXQ==?=
[2026-06-24 18:22:01]  发现表格，共 30 行数据
[2026-06-24 18:22:01]  动态索引映射: ['股票代码', '股票名称', '信号', '当前价格', '量比', '来源过滤']
[2026-06-24 18:22:01]  [行1] 解析成功: SHSE.688216 [气派科技] BUY @ 39.61 (VR:0.4)
[2026-06-24 18:22:01]  [行2] 解析成功: SHSE.688308 [欧科亿] SELL @ 183.99 (VR:0.38)
[2026-06-24 18:22:01]  [行3] 解析成功: SHSE.688721 [龙图光罩] BUY @ 53.12 (VR:0.67)
[2026-06-24 18:22:01]  [行4] 解析成功: SHSE.688138 [清溢光电] BUY @ 39.29 (VR:0.84)
[2026-06-24 18:22:01]  [行5] 解析成功: SZSE.300088 [长信科技] BUY @ 9.65 (VR:1.16)
[2026-06-24 18:22:01]  [行6] 解析成功: SZSE.300709 [精研科技] BUY @ 66.21 (VR:0.18)
[2026-06-24 18:22:01]  [行7] 解析成功: SZSE.301362 [民爆光电] BUY @ 197.49 (VR:0.34)
[2026-06-24 18:22:01]  [行8] 解析成功: SZSE.300420 [五洋自控] BUY @ 7.85 (VR:1.17)
[2026-06-24 18:22:01]  [行9] 解析成功: SZSE.301323 [新莱福] BUY @ 90.44 (VR:0.68)
[2026-06-24 18:22:01]  [行10] 解析成功: SZSE.300661 [圣邦股份] BUY @ 135.55 (VR:0.25)
[2026-06-24 18:22:01]  [行11] 解析成功: SZSE.300780 [德恩精工] SELL @ 32.33 (VR:10.74)
[2026-06-24 18:22:01]  [行12] 解析成功: SZSE.301195 [北路智控] SELL @ 29.98 (VR:2.13)
[2026-06-24 18:22:01]  [行13] 解析成功: SZSE.300497 [富祥股份] SELL @ 22.31 (VR:1.3)
[2026-06-24 18:22:01]  [行14] 解析成功: SZSE.301183 [东田微] BUY @ 255.57 (VR:0.22)
[2026-06-24 18:22:01]  [行15] 解析成功: SZSE.300852 [四会富仕] BUY @ 61.15 (VR:0.5)
[2026-06-24 18:22:01]  [行16] 解析成功: SHSE.688216 [气派科技] BUY @ 39.8 (VR:1.92)
[2026-06-24 18:22:01]  [行17] 解析成功: SHSE.688308 [欧科亿] SELL @ 183.56 (VR:0.19)
[2026-06-24 18:22:01]  [行18] 解析成功: SHSE.688721 [龙图光罩] BUY @ 53.35 (VR:4.18)
[2026-06-24 18:22:01]  [行19] 解析成功: SHSE.688138 [清溢光电] BUY @ 39.33 (VR:1.55)
[2026-06-24 18:22:01]  [行20] 解析成功: SZSE.300088 [长信科技] BUY @ 9.67 (VR:0.24)
[2026-06-24 18:22:01]  [行21] 解析成功: SZSE.300709 [精研科技] BUY @ 66.51 (VR:0.35)
[2026-06-24 18:22:01]  [行22] 解析成功: SZSE.301362 [民爆光电] BUY @ 197.99 (VR:0.99)
[2026-06-24 18:22:01]  [行23] 解析成功: SZSE.300420 [五洋自控] BUY @ 7.88 (VR:0.89)
[2026-06-24 18:22:01]  [行24] 解析成功: SZSE.301323 [新莱福] BUY @ 91.3 (VR:1.6)
[2026-06-24 18:22:01]  [行25] 解析成功: SZSE.300661 [圣邦股份] BUY @ 135.99 (VR:0.34)
[2026-06-24 18:22:01]  [行26] 解析成功: SZSE.300780 [德恩精工] SELL @ 32.29 (VR:3.05)
[2026-06-24 18:22:01]  [行27] 解析成功: SZSE.301195 [北路智控] SELL @ 29.89 (VR:0.75)
[2026-06-24 18:22:01]  [行28] 解析成功: SZSE.300497 [富祥股份] SELL @ 22.24 (VR:3.04)
[2026-06-24 18:22:01]  [行29] 解析成功: SZSE.301183 [东田微] BUY @ 255.7 (VR:0.46)
[2026-06-24 18:22:01]  [行30] 解析成功: SZSE.300852 [四会富仕] BUY @ 61.19 (VR:0.33)
[2026-06-24 18:22:01] 成功保存 30 条因子至: signal_batch_20260624_182201_383708.txt
[2026-06-24 18:22:01]  QQ-主 邮件 4765 处理完成
[2026-06-24 18:22:01]  QQ-主 正在解析因子: =?utf-8?b?QWxwaGFQaWxvdCDlrp7ml7bkv6Hlj7cgKGFscGhhX3NpZ25hbF90aHJfMjAyNjA2MjRfMTMyOS5qc29uKSBb5Li7UVEt5a+55aSWXQ==?=
[2026-06-24 18:22:01]  发现表格，共 16 行数据
[2026-06-24 18:22:01]  动态索引映射: ['股票代码', '股票名称', '信号', '当前价格', '量比', '来源过滤']
[2026-06-24 18:22:01]  [行1] 解析成功: SHSE.600353 [旭光电子] BUY @ 51.83 (VR:1.65)
[2026-06-24 18:22:01]  [行2] 解析成功: SHSE.601138 [工业富联] BUY @ 76.02 (VR:0.88)
[2026-06-24 18:22:01]  [行3] 解析成功: SZSE.300720 [海川智能] BUY @ 82.02 (VR:1.8)
[2026-06-24 18:22:01]  [行4] 解析成功: SZSE.300930 [屹通新材] BUY @ 33.42 (VR:0.08)
[2026-06-24 18:22:01]  [行5] 解析成功: SZSE.300433 [蓝思科技] BUY @ 52.87 (VR:0.16)
[2026-06-24 18:22:01]  [行6] 解析成功: SZSE.300666 [江丰电子] BUY @ 307.13 (VR:1.32)
[2026-06-24 18:22:01]  [行7] 解析成功: SZSE.300259 [新天科技] SELL @ 5.13 (VR:0.0)
[2026-06-24 18:22:01]  [行8] 解析成功: SZSE.301018 [申菱环境] BUY @ 112.86 (VR:0.06)
[2026-06-24 18:22:01]  [行9] 解析成功: SHSE.600353 [旭光电子] BUY @ 51.86 (VR:2.18)
[2026-06-24 18:22:01]  [行10] 解析成功: SHSE.601138 [工业富联] BUY @ 76.05 (VR:0.02)
[2026-06-24 18:22:01]  [行11] 解析成功: SZSE.300720 [海川智能] BUY @ 82.15 (VR:0.03)
[2026-06-24 18:22:01]  [行12] 解析成功: SZSE.300930 [屹通新材] BUY @ 33.47 (VR:0.23)
[2026-06-24 18:22:01]  [行13] 解析成功: SZSE.300433 [蓝思科技] BUY @ 53.16 (VR:0.66)
[2026-06-24 18:22:01]  [行14] 解析成功: SZSE.300666 [江丰电子] BUY @ 307.51 (VR:0.04)
[2026-06-24 18:22:01]  [行15] 解析成功: SZSE.300259 [新天科技] SELL @ 5.11 (VR:3.32)
[2026-06-24 18:22:01]  [行16] 解析成功: SZSE.301018 [申菱环境] BUY @ 113.21 (VR:0.36)
[2026-06-24 18:22:01] 成功保存 16 条因子至: signal_batch_20260624_182201_616111.txt
[2026-06-24 18:22:01]  QQ-主 邮件 4766 处理完成
[2026-06-24 18:22:01]  QQ-主 正在解析因子: =?utf-8?b?QWxwaGFQaWxvdCDlrp7ml7bkv6Hlj7cgKGFscGhhX3NpZ25hbF90aHJfMjAyNjA2MjRfMTMzNy5qc29uKSBb5Li7UVEt5a+55aSWXQ==?=
[2026-06-24 18:22:01]  发现表格，共 27 行数据
[2026-06-24 18:22:01]  动态索引映射: ['股票代码', '股票名称', '信号', '当前价格', '量比', '来源过滤']
[2026-06-24 18:22:01]  [行1] 解析成功: SHSE.688665 [四方光电] BUY @ 58.85 (VR:0.22)
[2026-06-24 18:22:01]  [行2] 解析成功: SHSE.688102 [斯瑞新材] BUY @ 42.73 (VR:0.96)
[2026-06-24 18:22:01]  [行3] 解析成功: SHSE.688521 [芯原股份] BUY @ 305.01 (VR:0.99)
[2026-06-24 18:22:01]  [行4] 解析成功: SHSE.688227 [品高股份] BUY @ 109.65 (VR:2.48)
[2026-06-24 18:22:01]  [行5] 解析成功: SZSE.301045 [天禄科技] BUY @ 65.98 (VR:1.08)
[2026-06-24 18:22:01]  [行6] 解析成功: SZSE.301188 [力诺药包] SELL @ 67.4 (VR:1.28)
[2026-06-24 18:22:01]  [行7] 解析成功: SZSE.300806 [斯迪克] BUY @ 99.2 (VR:0.15)
[2026-06-24 18:22:01]  [行8] 解析成功: SZSE.301322 [绿通科技] SELL @ 64.15 (VR:0.14)
[2026-06-24 18:22:01]  [行9] 解析成功: SZSE.301013 [利和兴] SELL @ 74.01 (VR:0.49)
[2026-06-24 18:22:01]  [行10] 解析成功: SZSE.300376 [易事特] SELL @ 5.57 (VR:0.37)
[2026-06-24 18:22:01]  [行11] 解析成功: SZSE.300990 [同飞股份] BUY @ 111.05 (VR:0.62)
[2026-06-24 18:22:01]  [行12] 解析成功: SZSE.300921 [南凌科技] BUY @ 21.63 (VR:0.01)
[2026-06-24 18:22:01]  [行13] 解析成功: SZSE.300857 [协创数据] BUY @ 339.79 (VR:0.5)
[2026-06-24 18:22:01]  [行14] 解析成功: SHSE.688665 [四方光电] BUY @ 59.35 (VR:1.85)
[2026-06-24 18:22:01]  [行15] 解析成功: SHSE.688002 [睿创微纳] SELL @ 143.58 (VR:0.12)
[2026-06-24 18:22:01]  [行16] 解析成功: SHSE.688102 [斯瑞新材] BUY @ 42.82 (VR:0.03)
[2026-06-24 18:22:01]  [行17] 解析成功: SHSE.688227 [品高股份] BUY @ 110.1 (VR:1.25)
[2026-06-24 18:22:01]  [行18] 解析成功: SZSE.300689 [澄天伟业] SELL @ 63.07 (VR:0.16)
[2026-06-24 18:22:01]  [行19] 解析成功: SZSE.301045 [天禄科技] BUY @ 66.24 (VR:1.44)
[2026-06-24 18:22:01]  [行20] 解析成功: SZSE.301188 [力诺药包] SELL @ 67.25 (VR:0.19)
[2026-06-24 18:22:01]  [行21] 解析成功: SZSE.300806 [斯迪克] BUY @ 99.3 (VR:0.43)
[2026-06-24 18:22:01]  [行22] 解析成功: SZSE.301322 [绿通科技] SELL @ 63.63 (VR:3.34)
[2026-06-24 18:22:01]  [行23] 解析成功: SZSE.301013 [利和兴] SELL @ 73.27 (VR:0.04)
[2026-06-24 18:22:01]  [行24] 解析成功: SZSE.300376 [易事特] SELL @ 5.56 (VR:0.11)
[2026-06-24 18:22:01]  [行25] 解析成功: SZSE.300990 [同飞股份] BUY @ 111.68 (VR:3.91)
[2026-06-24 18:22:01]  [行26] 解析成功: SZSE.300921 [南凌科技] BUY @ 21.64 (VR:0.33)
[2026-06-24 18:22:01]  [行27] 解析成功: SZSE.300857 [协创数据] BUY @ 339.96 (VR:0.89)
[2026-06-24 18:22:01] 成功保存 27 条因子至: signal_batch_20260624_182201_858429.txt
[2026-06-24 18:22:01]  QQ-主 邮件 4767 处理完成
[2026-06-24 18:22:02]  QQ-主 正在解析因子: =?utf-8?b?QWxwaGFQaWxvdCDlrp7ml7bkv6Hlj7cgKGFscGhhX3NpZ25hbF90aHJfMjAyNjA2MjRfMTM0NS5qc29uKSBb5Li7UVEt5a+55aSWXQ==?=
[2026-06-24 18:22:02]  发现表格，共 23 行数据
[2026-06-24 18:22:02]  动态索引映射: ['股票代码', '股票名称', '信号', '当前价格', '量比', '来源过滤']
[2026-06-24 18:22:02]  [行1] 解析成功: SHSE.603773 [沃格光电] BUY @ 171.01 (VR:3.85)
[2026-06-24 18:22:02]  [行2] 解析成功: SHSE.603618 [杭电股份] SELL @ 53.77 (VR:1.08)
[2026-06-24 18:22:02]  [行3] 解析成功: SHSE.605111 [新洁能] SELL @ 79.17 (VR:0.22)
[2026-06-24 18:22:02]  [行4] 解析成功: SZSE.002718 [友邦吊顶] BUY @ 116.2 (VR:0.09)
[2026-06-24 18:22:02]  [行5] 解析成功: SZSE.002378 [章源钨业] BUY @ 37.47 (VR:0.41)
[2026-06-24 18:22:02]  [行6] 解析成功: SZSE.001339 [智微智能] SELL @ 136.36 (VR:1.2)
[2026-06-24 18:22:02]  [行7] 解析成功: SZSE.000593 [德龙汇能] BUY @ 24.22 (VR:0.57)
[2026-06-24 18:22:02]  [行8] 解析成功: SZSE.003031 [中瓷电子] BUY @ 189.64 (VR:1.81)
[2026-06-24 18:22:02]  [行9] 解析成功: SZSE.002937 [兴瑞科技] BUY @ 42.82 (VR:0.14)
[2026-06-24 18:22:02]  [行10] 解析成功: SZSE.000920 [沃顿科技] SELL @ 13.9 (VR:0.33)
[2026-06-24 18:22:02]  [行11] 解析成功: SZSE.000823 [超声电子] SELL @ 22.27 (VR:0.11)
[2026-06-24 18:22:02]  [行12] 解析成功: SHSE.603773 [沃格光电] BUY @ 172.88 (VR:8.8)
[2026-06-24 18:22:02]  [行13] 解析成功: SHSE.603618 [杭电股份] SELL @ 53.56 (VR:1.22)
[2026-06-24 18:22:02]  [行14] 解析成功: SHSE.605111 [新洁能] SELL @ 78.96 (VR:1.09)
[2026-06-24 18:22:02]  [行15] 解析成功: SHSE.603175 [超颖电子] SELL @ 91.71 (VR:0.03)
[2026-06-24 18:22:02]  [行16] 解析成功: SZSE.002718 [友邦吊顶] BUY @ 116.41 (VR:0.8)
[2026-06-24 18:22:02]  [行17] 解析成功: SZSE.002378 [章源钨业] BUY @ 37.48 (VR:0.48)
[2026-06-24 18:22:02]  [行18] 解析成功: SZSE.001339 [智微智能] SELL @ 136.35 (VR:2.91)
[2026-06-24 18:22:02]  [行19] 解析成功: SZSE.000593 [德龙汇能] BUY @ 24.38 (VR:0.15)
[2026-06-24 18:22:02]  [行20] 解析成功: SZSE.003031 [中瓷电子] BUY @ 190.05 (VR:0.76)
[2026-06-24 18:22:02]  [行21] 解析成功: SZSE.001282 [三联锻造] SELL @ 22.1 (VR:0.62)
[2026-06-24 18:22:02]  [行22] 解析成功: SZSE.000920 [沃顿科技] SELL @ 13.82 (VR:0.6)
[2026-06-24 18:22:02]  [行23] 解析成功: SZSE.000823 [超声电子] SELL @ 22.24 (VR:0.48)
[2026-06-24 18:22:02] 成功保存 23 条因子至: signal_batch_20260624_182202_109085.txt
[2026-06-24 18:22:02]  QQ-主 邮件 4768 处理完成
[2026-06-24 18:22:02]  QQ-主 正在解析因子: =?utf-8?b?QWxwaGFQaWxvdCDlrp7ml7bkv6Hlj7cgKGFscGhhX3NpZ25hbF90aHJfMjAyNjA2MjRfMTM1My5qc29uKSBb5Li7UVEt5a+55aSWXQ==?=
[2026-06-24 18:22:02]  发现表格，共 26 行数据
[2026-06-24 18:22:02]  动态索引映射: ['股票代码', '股票名称', '信号', '当前价格', '量比', '来源过滤']
[2026-06-24 18:22:02]  [行1] 解析成功: SHSE.688777 [中控技术] BUY @ 121.06 (VR:0.45)
[2026-06-24 18:22:02]  [行2] 解析成功: SHSE.688286 [敏芯股份] BUY @ 95.68 (VR:2.24)
[2026-06-24 18:22:02]  [行3] 解析成功: SHSE.688511 [天微电子] BUY @ 31.05 (VR:0.17)
[2026-06-24 18:22:02]  [行4] 解析成功: SHSE.688059 [华锐精密] BUY @ 205.77 (VR:0.11)
[2026-06-24 18:22:02]  [行5] 解析成功: SZSE.300037 [新宙邦] SELL @ 89.7 (VR:0.17)
[2026-06-24 18:22:02]  [行6] 解析成功: SZSE.002980 [华盛昌] SELL @ 114.12 (VR:0.38)
[2026-06-24 18:22:02]  [行7] 解析成功: SZSE.300868 [杰美特] BUY @ 158.2 (VR:3.37)
[2026-06-24 18:22:02]  [行8] 解析成功: SZSE.301281 [利源制药] SELL @ 47.21 (VR:1.19)
[2026-06-24 18:22:02]  [行9] 解析成功: SZSE.300285 [国瓷材料] SELL @ 91.88 (VR:0.24)
[2026-06-24 18:22:02]  [行10] 解析成功: SZSE.301252 [同星科技] BUY @ 45.89 (VR:1.04)
[2026-06-24 18:22:02]  [行11] 解析成功: SZSE.301392 [汇成真空] SELL @ 201.51 (VR:0.11)
[2026-06-24 18:22:02]  [行12] 解析成功: SZSE.300319 [麦捷科技] SELL @ 30.98 (VR:0.75)
[2026-06-24 18:22:02]  [行13] 解析成功: SZSE.300234 [开尔新材] BUY @ 11.29 (VR:1.29)
[2026-06-24 18:22:02]  [行14] 解析成功: SZSE.300214 [日科化学] SELL @ 10.24 (VR:0.97)
[2026-06-24 18:22:02]  [行15] 解析成功: SHSE.688777 [中控技术] BUY @ 121.3 (VR:1.22)
[2026-06-24 18:22:02]  [行16] 解析成功: SHSE.688286 [敏芯股份] BUY @ 96.51 (VR:3.26)
[2026-06-24 18:22:02]  [行17] 解析成功: SHSE.688511 [天微电子] BUY @ 31.14 (VR:0.85)
[2026-06-24 18:22:02]  [行18] 解析成功: SHSE.688386 [泛亚微透] SELL @ 87.98 (VR:0.04)
[2026-06-24 18:22:02]  [行19] 解析成功: SHSE.688059 [华锐精密] BUY @ 205.88 (VR:1.14)
[2026-06-24 18:22:02]  [行20] 解析成功: SZSE.002980 [华盛昌] SELL @ 113.37 (VR:1.66)
[2026-06-24 18:22:02]  [行21] 解析成功: SZSE.301281 [利源制药] SELL @ 47.08 (VR:0.59)
[2026-06-24 18:22:02]  [行22] 解析成功: SZSE.300285 [国瓷材料] SELL @ 91.62 (VR:0.24)
[2026-06-24 18:22:02]  [行23] 解析成功: SZSE.301252 [同星科技] BUY @ 45.95 (VR:0.2)
[2026-06-24 18:22:02]  [行24] 解析成功: SZSE.301392 [汇成真空] SELL @ 200.02 (VR:0.81)
[2026-06-24 18:22:02]  [行25] 解析成功: SZSE.300319 [麦捷科技] SELL @ 30.86 (VR:1.3)
[2026-06-24 18:22:02]  [行26] 解析成功: SZSE.300214 [日科化学] SELL @ 10.22 (VR:0.24)
[2026-06-24 18:22:02] 成功保存 26 条因子至: signal_batch_20260624_182202_360503.txt
[2026-06-24 18:22:02]  QQ-主 邮件 4769 处理完成
[2026-06-24 18:22:02]  QQ-主 正在解析因子: =?utf-8?b?QWxwaGFQaWxvdCDlrp7ml7bkv6Hlj7cgKGFscGhhX3NpZ25hbF90aHJfMjAyNjA2MjRfMTQwMS5qc29uKSBb5Li7UVEt5a+55aSWXQ==?=
[2026-06-24 18:22:02]  发现表格，共 40 行数据
[2026-06-24 18:22:02]  动态索引映射: ['股票代码', '股票名称', '信号', '当前价格', '量比', '来源过滤']
[2026-06-24 18:22:02]  [行1] 解析成功: SHSE.688216 [气派科技] SELL @ 39.67 (VR:2.58)
[2026-06-24 18:22:02]  [行2] 解析成功: SHSE.688308 [欧科亿] BUY @ 184.6 (VR:0.21)
[2026-06-24 18:22:02]  [行3] 解析成功: SHSE.688721 [龙图光罩] BUY @ 53.19 (VR:0.68)
[2026-06-24 18:22:02]  [行4] 解析成功: SHSE.688733 [壹石通] SELL @ 39.57 (VR:0.85)
[2026-06-24 18:22:02]  [行5] 解析成功: SHSE.688249 [晶合集成] SELL @ 57.91 (VR:0.87)
[2026-06-24 18:22:02]  [行6] 解析成功: SHSE.688138 [清溢光电] SELL @ 39.8 (VR:0.01)
[2026-06-24 18:22:02]  [行7] 解析成功: SZSE.300196 [长海股份] SELL @ 30.94 (VR:0.01)
[2026-06-24 18:22:02]  [行8] 解析成功: SZSE.300088 [长信科技] BUY @ 9.66 (VR:0.01)
[2026-06-24 18:22:02]  [行9] 解析成功: SZSE.300709 [精研科技] BUY @ 65.73 (VR:0.67)
[2026-06-24 18:22:02]  [行10] 解析成功: SZSE.301362 [民爆光电] SELL @ 195.5 (VR:0.65)
[2026-06-24 18:22:02]  [行11] 解析成功: SZSE.300221 [银禧科技] BUY @ 17.23 (VR:0.27)
[2026-06-24 18:22:02]  [行12] 解析成功: SZSE.300420 [五洋自控] SELL @ 7.94 (VR:0.73)
[2026-06-24 18:22:02]  [行13] 解析成功: SZSE.301323 [新莱福] BUY @ 89.6 (VR:6.22)
[2026-06-24 18:22:02]  [行14] 解析成功: SZSE.300661 [圣邦股份] BUY @ 135.58 (VR:1.04)
[2026-06-24 18:22:02]  [行15] 解析成功: SZSE.300780 [德恩精工] SELL @ 32.4 (VR:0.13)
[2026-06-24 18:22:02]  [行16] 解析成功: SZSE.301195 [北路智控] BUY @ 29.72 (VR:1.63)
[2026-06-24 18:22:02]  [行17] 解析成功: SZSE.300497 [富祥股份] SELL @ 22.03 (VR:0.13)
[2026-06-24 18:22:02]  [行18] 解析成功: SZSE.301183 [东田微] BUY @ 260.11 (VR:0.58)
[2026-06-24 18:22:02]  [行19] 解析成功: SZSE.300304 [云意电气] SELL @ 19.94 (VR:1.38)
[2026-06-24 18:22:02]  [行20] 解析成功: SZSE.300852 [四会富仕] BUY @ 60.85 (VR:0.15)
[2026-06-24 18:22:02]  [行21] 解析成功: SHSE.688216 [气派科技] SELL @ 39.59 (VR:0.67)
[2026-06-24 18:22:02]  [行22] 解析成功: SHSE.688308 [欧科亿] BUY @ 184.97 (VR:1.38)
[2026-06-24 18:22:02]  [行23] 解析成功: SHSE.688721 [龙图光罩] BUY @ 53.22 (VR:2.34)
[2026-06-24 18:22:02]  [行24] 解析成功: SHSE.688733 [壹石通] SELL @ 39.5 (VR:0.11)
[2026-06-24 18:22:02]  [行25] 解析成功: SHSE.688249 [晶合集成] SELL @ 57.74 (VR:0.84)
[2026-06-24 18:22:02]  [行26] 解析成功: SHSE.688138 [清溢光电] SELL @ 39.73 (VR:0.8)
[2026-06-24 18:22:02]  [行27] 解析成功: SZSE.300196 [长海股份] SELL @ 31.0 (VR:0.26)
[2026-06-24 18:22:02]  [行28] 解析成功: SZSE.300088 [长信科技] BUY @ 9.69 (VR:0.93)
[2026-06-24 18:22:02]  [行29] 解析成功: SZSE.300709 [精研科技] BUY @ 65.97 (VR:0.24)
[2026-06-24 18:22:02]  [行30] 解析成功: SZSE.301362 [民爆光电] SELL @ 195.22 (VR:0.16)
[2026-06-24 18:22:02]  [行31] 解析成功: SZSE.300221 [银禧科技] BUY @ 17.3 (VR:0.24)
[2026-06-24 18:22:02]  [行32] 解析成功: SZSE.300420 [五洋自控] SELL @ 7.94 (VR:0.31)
[2026-06-24 18:22:02]  [行33] 解析成功: SZSE.301323 [新莱福] BUY @ 89.69 (VR:0.45)
[2026-06-24 18:22:02]  [行34] 解析成功: SZSE.300661 [圣邦股份] BUY @ 136.05 (VR:0.69)
[2026-06-24 18:22:02]  [行35] 解析成功: SZSE.300780 [德恩精工] SELL @ 32.25 (VR:2.5)
[2026-06-24 18:22:02]  [行36] 解析成功: SZSE.301195 [北路智控] BUY @ 29.74 (VR:0.15)
[2026-06-24 18:22:02]  [行37] 解析成功: SZSE.300497 [富祥股份] SELL @ 22.01 (VR:1.47)
[2026-06-24 18:22:02]  [行38] 解析成功: SZSE.301183 [东田微] BUY @ 260.24 (VR:1.66)
[2026-06-24 18:22:02]  [行39] 解析成功: SZSE.300304 [云意电气] SELL @ 19.92 (VR:0.01)
[2026-06-24 18:22:02]  [行40] 解析成功: SZSE.300852 [四会富仕] BUY @ 60.88 (VR:0.08)
[2026-06-24 18:22:02] 成功保存 40 条因子至: signal_batch_20260624_182202_632032.txt
[2026-06-24 18:22:02]  QQ-主 邮件 4770 处理完成
[2026-06-24 18:22:02]  QQ-主 正在解析因子: =?utf-8?b?QWxwaGFQaWxvdCDlrp7ml7bkv6Hlj7cgKGFscGhhX3NpZ25hbF90aHJfMjAyNjA2MjRfMTQwOS5qc29uKSBb5Li7UVEt5a+55aSWXQ==?=
[2026-06-24 18:22:02]  发现表格，共 24 行数据
[2026-06-24 18:22:02]  动态索引映射: ['股票代码', '股票名称', '信号', '当前价格', '量比', '来源过滤']
[2026-06-24 18:22:02]  [行1] 解析成功: SHSE.601138 [工业富联] BUY @ 75.78 (VR:0.1)
[2026-06-24 18:22:02]  [行2] 解析成功: SHSE.688392 [娇成超声] BUY @ 175.9 (VR:0.18)
[2026-06-24 18:22:02]  [行3] 解析成功: SZSE.300308 [中际旭创] BUY @ 1303.07 (VR:0.61)
[2026-06-24 18:22:02]  [行4] 解析成功: SZSE.300346 [南大光电] BUY @ 76.65 (VR:0.36)
[2026-06-24 18:22:02]  [行5] 解析成功: SZSE.300930 [屹通新材] SELL @ 33.45 (VR:1.23)
[2026-06-24 18:22:02]  [行6] 解析成功: SZSE.300666 [江丰电子] BUY @ 303.56 (VR:0.05)
[2026-06-24 18:22:02]  [行7] 解析成功: SZSE.300936 [中英科技] BUY @ 125.08 (VR:0.02)
[2026-06-24 18:22:02]  [行8] 解析成功: SZSE.000510 [新金路] BUY @ 24.12 (VR:0.41)
[2026-06-24 18:22:02]  [行9] 解析成功: SZSE.300259 [新天科技] BUY @ 5.13 (VR:0.6)
[2026-06-24 18:22:02]  [行10] 解析成功: SZSE.301018 [申菱环境] SELL @ 112.9 (VR:1.0)
[2026-06-24 18:22:02]  [行11] 解析成功: SZSE.300739 [明阳电路] BUY @ 32.0 (VR:0.37)
[2026-06-24 18:22:02]  [行12] 解析成功: SZSE.301171 [易点天下] BUY @ 35.89 (VR:0.31)
[2026-06-24 18:22:02]  [行13] 解析成功: SHSE.601138 [工业富联] BUY @ 76.03 (VR:0.5)
[2026-06-24 18:22:02]  [行14] 解析成功: SHSE.688392 [娇成超声] BUY @ 176.58 (VR:0.41)
[2026-06-24 18:22:02]  [行15] 解析成功: SZSE.300308 [中际旭创] BUY @ 1307.72 (VR:0.6)
[2026-06-24 18:22:02]  [行16] 解析成功: SZSE.300346 [南大光电] BUY @ 76.92 (VR:0.07)
[2026-06-24 18:22:02]  [行17] 解析成功: SZSE.300930 [屹通新材] SELL @ 33.49 (VR:0.01)
[2026-06-24 18:22:02]  [行18] 解析成功: SZSE.300433 [蓝思科技] BUY @ 53.29 (VR:1.16)
[2026-06-24 18:22:02]  [行19] 解析成功: SZSE.300666 [江丰电子] BUY @ 304.2 (VR:0.1)
[2026-06-24 18:22:02]  [行20] 解析成功: SZSE.300936 [中英科技] BUY @ 125.3 (VR:0.76)
[2026-06-24 18:22:02]  [行21] 解析成功: SZSE.000510 [新金路] BUY @ 24.19 (VR:0.33)
[2026-06-24 18:22:02]  [行22] 解析成功: SZSE.300259 [新天科技] BUY @ 5.14 (VR:0.18)
[2026-06-24 18:22:02]  [行23] 解析成功: SZSE.301018 [申菱环境] SELL @ 112.81 (VR:0.11)
[2026-06-24 18:22:02]  [行24] 解析成功: SZSE.301171 [易点天下] BUY @ 36.03 (VR:0.23)
[2026-06-24 18:22:02] 成功保存 24 条因子至: signal_batch_20260624_182202_876185.txt
[2026-06-24 18:22:03]  QQ-主 邮件 4771 处理完成
[2026-06-24 18:22:03]  QQ-主 正在解析因子: =?utf-8?b?QWxwaGFQaWxvdCDlrp7ml7bkv6Hlj7cgKGFscGhhX3NpZ25hbF90aHJfMjAyNjA2MjRfMTQxOC5qc29uKSBb5Li7UVEt5a+55aSWXQ==?=
[2026-06-24 18:22:03]  发现表格，共 35 行数据
[2026-06-24 18:22:03]  动态索引映射: ['股票代码', '股票名称', '信号', '当前价格', '量比', '来源过滤']
[2026-06-24 18:22:03]  [行1] 解析成功: SHSE.688110 [东芯股份] SELL @ 169.95 (VR:0.07)
[2026-06-24 18:22:03]  [行2] 解析成功: SHSE.688002 [睿创微纳] BUY @ 143.05 (VR:0.31)
[2026-06-24 18:22:03]  [行3] 解析成功: SHSE.688102 [斯瑞新材] SELL @ 43.28 (VR:0.27)
[2026-06-24 18:22:03]  [行4] 解析成功: SHSE.688521 [芯原股份] BUY @ 299.57 (VR:0.33)
[2026-06-24 18:22:03]  [行5] 解析成功: SZSE.300689 [澄天伟业] BUY @ 63.03 (VR:1.21)
[2026-06-24 18:22:03]  [行6] 解析成功: SZSE.301045 [天禄科技] BUY @ 65.92 (VR:0.2)
[2026-06-24 18:22:03]  [行7] 解析成功: SZSE.301188 [力诺药包] SELL @ 67.22 (VR:0.04)
[2026-06-24 18:22:03]  [行8] 解析成功: SZSE.300806 [斯迪克] BUY @ 100.43 (VR:0.04)
[2026-06-24 18:22:03]  [行9] 解析成功: SZSE.301322 [绿通科技] SELL @ 63.37 (VR:1.5)
[2026-06-24 18:22:03]  [行10] 解析成功: SZSE.300679 [电连技术] SELL @ 67.77 (VR:0.42)
[2026-06-24 18:22:03]  [行11] 解析成功: SZSE.301013 [利和兴] BUY @ 73.8 (VR:0.48)
[2026-06-24 18:22:03]  [行12] 解析成功: SZSE.300376 [易事特] BUY @ 5.59 (VR:1.08)
[2026-06-24 18:22:03]  [行13] 解析成功: SZSE.300620 [光库科技] BUY @ 400.0 (VR:0.67)
[2026-06-24 18:22:03]  [行14] 解析成功: SZSE.300990 [同飞股份] SELL @ 111.54 (VR:0.05)
[2026-06-24 18:22:03]  [行15] 解析成功: SZSE.300921 [南凌科技] BUY @ 21.68 (VR:0.3)
[2026-06-24 18:22:03]  [行16] 解析成功: SZSE.300857 [协创数据] BUY @ 339.86 (VR:0.31)
[2026-06-24 18:22:03]  [行17] 解析成功: SZSE.000636 [风华高科] BUY @ 71.91 (VR:0.14)
[2026-06-24 18:22:03]  [行18] 解析成功: SHSE.688665 [四方光电] SELL @ 59.3 (VR:2.34)
[2026-06-24 18:22:03]  [行19] 解析成功: SHSE.688002 [睿创微纳] BUY @ 143.18 (VR:0.91)
[2026-06-24 18:22:03]  [行20] 解析成功: SHSE.688102 [斯瑞新材] SELL @ 43.26 (VR:1.21)
[2026-06-24 18:22:03]  [行21] 解析成功: SHSE.688521 [芯原股份] BUY @ 300.0 (VR:0.12)
[2026-06-24 18:22:03]  [行22] 解析成功: SHSE.688227 [品高股份] SELL @ 108.31 (VR:0.81)
[2026-06-24 18:22:03]  [行23] 解析成功: SZSE.300689 [澄天伟业] BUY @ 63.21 (VR:0.49)
[2026-06-24 18:22:03]  [行24] 解析成功: SZSE.301045 [天禄科技] BUY @ 66.11 (VR:0.16)
[2026-06-24 18:22:03]  [行25] 解析成功: SZSE.301188 [力诺药包] SELL @ 67.11 (VR:3.15)
[2026-06-24 18:22:03]  [行26] 解析成功: SZSE.300806 [斯迪克] BUY @ 100.62 (VR:1.02)
[2026-06-24 18:22:03]  [行27] 解析成功: SZSE.301322 [绿通科技] SELL @ 63.26 (VR:4.03)
[2026-06-24 18:22:03]  [行28] 解析成功: SZSE.300679 [电连技术] SELL @ 67.61 (VR:0.45)
[2026-06-24 18:22:03]  [行29] 解析成功: SZSE.301013 [利和兴] BUY @ 73.83 (VR:0.46)
[2026-06-24 18:22:03]  [行30] 解析成功: SZSE.300376 [易事特] BUY @ 5.59 (VR:0.96)
[2026-06-24 18:22:03]  [行31] 解析成功: SZSE.300620 [光库科技] BUY @ 400.32 (VR:0.11)
[2026-06-24 18:22:03]  [行32] 解析成功: SZSE.300990 [同飞股份] SELL @ 111.28 (VR:0.48)
[2026-06-24 18:22:03]  [行33] 解析成功: SZSE.300921 [南凌科技] BUY @ 21.69 (VR:0.08)
[2026-06-24 18:22:03]  [行34] 解析成功: SZSE.300857 [协创数据] BUY @ 339.9 (VR:0.18)
[2026-06-24 18:22:03]  [行35] 解析成功: SZSE.000636 [风华高科] BUY @ 72.0 (VR:0.53)
[2026-06-24 18:22:03] 成功保存 35 条因子至: signal_batch_20260624_182203_111198.txt
[2026-06-24 18:22:03]  QQ-主 邮件 4772 处理完成
[2026-06-24 18:22:03]  QQ-主 正在解析因子: =?utf-8?b?QWxwaGFQaWxvdCDlrp7ml7bkv6Hlj7cgKGFscGhhX3NpZ25hbF90aHJfMjAyNjA2MjRfMTQyNy5qc29uKSBb5Li7UVEt5a+55aSWXQ==?=
[2026-06-24 18:22:03]  发现表格，共 34 行数据
[2026-06-24 18:22:03]  动态索引映射: ['股票代码', '股票名称', '信号', '当前价格', '量比', '来源过滤']
[2026-06-24 18:22:03]  [行1] 解析成功: SHSE.603773 [沃格光电] BUY @ 169.19 (VR:0.3)
[2026-06-24 18:22:03]  [行2] 解析成功: SHSE.603618 [杭电股份] BUY @ 54.17 (VR:0.76)
[2026-06-24 18:22:03]  [行3] 解析成功: SHSE.605111 [新洁能] BUY @ 79.6 (VR:1.24)
[2026-06-24 18:22:03]  [行4] 解析成功: SHSE.600259 [中稀有色] BUY @ 104.72 (VR:1.17)
[2026-06-24 18:22:03]  [行5] 解析成功: SHSE.603175 [超颖电子] BUY @ 91.49 (VR:0.44)
[2026-06-24 18:22:03]  [行6] 解析成功: SHSE.600460 [士兰微] BUY @ 49.7 (VR:0.35)
[2026-06-24 18:22:03]  [行7] 解析成功: SHSE.603206 [嘉环科技] BUY @ 17.14 (VR:0.12)
[2026-06-24 18:22:03]  [行8] 解析成功: SZSE.002718 [友邦吊顶] BUY @ 117.88 (VR:1.7)
[2026-06-24 18:22:03]  [行9] 解析成功: SZSE.002378 [章源钨业] SELL @ 37.54 (VR:0.16)
[2026-06-24 18:22:03]  [行10] 解析成功: SZSE.002768 [国恩股份] BUY @ 53.85 (VR:0.27)
[2026-06-24 18:22:03]  [行11] 解析成功: SZSE.001339 [智微智能] BUY @ 136.61 (VR:1.75)
[2026-06-24 18:22:03]  [行12] 解析成功: SZSE.000593 [德龙汇能] SELL @ 24.16 (VR:0.36)
[2026-06-24 18:22:03]  [行13] 解析成功: SZSE.003031 [中瓷电子] SELL @ 192.34 (VR:0.41)
[2026-06-24 18:22:03]  [行14] 解析成功: SZSE.001282 [三联锻造] BUY @ 22.17 (VR:0.43)
[2026-06-24 18:22:03]  [行15] 解析成功: SZSE.002937 [兴瑞科技] BUY @ 42.78 (VR:0.21)
[2026-06-24 18:22:03]  [行16] 解析成功: SZSE.000920 [沃顿科技] BUY @ 13.73 (VR:0.39)
[2026-06-24 18:22:03]  [行17] 解析成功: SZSE.000823 [超声电子] BUY @ 22.6 (VR:10.93)
[2026-06-24 18:22:03]  [行18] 解析成功: SHSE.603773 [沃格光电] BUY @ 169.5 (VR:0.49)
[2026-06-24 18:22:03]  [行19] 解析成功: SHSE.603618 [杭电股份] BUY @ 54.35 (VR:0.95)
[2026-06-24 18:22:03]  [行20] 解析成功: SHSE.605111 [新洁能] BUY @ 79.63 (VR:0.97)
[2026-06-24 18:22:03]  [行21] 解析成功: SHSE.600259 [中稀有色] BUY @ 104.8 (VR:2.57)
[2026-06-24 18:22:03]  [行22] 解析成功: SHSE.603175 [超颖电子] BUY @ 91.54 (VR:0.17)
[2026-06-24 18:22:03]  [行23] 解析成功: SHSE.600460 [士兰微] BUY @ 49.92 (VR:1.1)
[2026-06-24 18:22:03]  [行24] 解析成功: SHSE.603206 [嘉环科技] BUY @ 17.18 (VR:1.13)
[2026-06-24 18:22:03]  [行25] 解析成功: SZSE.002718 [友邦吊顶] BUY @ 117.99 (VR:0.8)
[2026-06-24 18:22:03]  [行26] 解析成功: SZSE.002378 [章源钨业] SELL @ 37.5 (VR:0.08)
[2026-06-24 18:22:03]  [行27] 解析成功: SZSE.002768 [国恩股份] BUY @ 54.19 (VR:0.62)
[2026-06-24 18:22:03]  [行28] 解析成功: SZSE.001339 [智微智能] BUY @ 136.93 (VR:3.1)
[2026-06-24 18:22:03]  [行29] 解析成功: SZSE.000593 [德龙汇能] SELL @ 24.07 (VR:0.41)
[2026-06-24 18:22:03]  [行30] 解析成功: SZSE.002552 [宝鼎科技] SELL @ 75.85 (VR:1.06)
[2026-06-24 18:22:03]  [行31] 解析成功: SZSE.003031 [中瓷电子] SELL @ 192.14 (VR:0.41)
[2026-06-24 18:22:03]  [行32] 解析成功: SZSE.001282 [三联锻造] BUY @ 22.18 (VR:0.8)
[2026-06-24 18:22:03]  [行33] 解析成功: SZSE.002937 [兴瑞科技] BUY @ 42.84 (VR:0.18)
[2026-06-24 18:22:03]  [行34] 解析成功: SZSE.000920 [沃顿科技] BUY @ 13.74 (VR:0.18)
[2026-06-24 18:22:03] 成功保存 34 条因子至: signal_batch_20260624_182203_375209.txt
[2026-06-24 18:22:03]  QQ-主 邮件 4773 处理完成
[2026-06-24 18:22:03]  QQ-主 正在解析因子: =?utf-8?b?QWxwaGFQaWxvdCDlrp7ml7bkv6Hlj7cgKGFscGhhX3NpZ25hbF90aHJfMjAyNjA2MjRfMTQzNS5qc29uKSBb5Li7UVEt5a+55aSWXQ==?=
[2026-06-24 18:22:03]  发现表格，共 30 行数据
[2026-06-24 18:22:03]  动态索引映射: ['股票代码', '股票名称', '信号', '当前价格', '量比', '来源过滤']
[2026-06-24 18:22:03]  [行1] 解析成功: SHSE.688700 [东威科技] SELL @ 92.59 (VR:0.29)
[2026-06-24 18:22:03]  [行2] 解析成功: SHSE.688777 [中控技术] BUY @ 120.96 (VR:0.54)
[2026-06-24 18:22:03]  [行3] 解析成功: SHSE.688286 [敏芯股份] BUY @ 97.25 (VR:0.27)
[2026-06-24 18:22:03]  [行4] 解析成功: SHSE.688511 [天微电子] SELL @ 31.46 (VR:1.38)
[2026-06-24 18:22:03]  [行5] 解析成功: SHSE.688386 [泛亚微透] BUY @ 87.96 (VR:0.73)
[2026-06-24 18:22:03]  [行6] 解析成功: SHSE.688059 [华锐精密] BUY @ 206.99 (VR:0.18)
[2026-06-24 18:22:03]  [行7] 解析成功: SZSE.300037 [新宙邦] SELL @ 89.87 (VR:0.26)
[2026-06-24 18:22:03]  [行8] 解析成功: SZSE.300643 [万通智控] BUY @ 18.8 (VR:1.49)
[2026-06-24 18:22:03]  [行9] 解析成功: SZSE.300449 [汉邦高科] BUY @ 8.36 (VR:0.21)
[2026-06-24 18:22:03]  [行10] 解析成功: SZSE.002980 [华盛昌] BUY @ 112.98 (VR:0.69)
[2026-06-24 18:22:03]  [行11] 解析成功: SZSE.300868 [杰美特] BUY @ 158.83 (VR:0.09)
[2026-06-24 18:22:03]  [行12] 解析成功: SZSE.301281 [利源制药] BUY @ 47.19 (VR:0.24)
[2026-06-24 18:22:03]  [行13] 解析成功: SZSE.300285 [国瓷材料] SELL @ 91.92 (VR:0.0)
[2026-06-24 18:22:03]  [行14] 解析成功: SZSE.301252 [同星科技] BUY @ 46.23 (VR:0.29)
[2026-06-24 18:22:03]  [行15] 解析成功: SZSE.301392 [汇成真空] SELL @ 200.01 (VR:0.12)
[2026-06-24 18:22:03]  [行16] 解析成功: SZSE.300319 [麦捷科技] SELL @ 31.07 (VR:0.14)
[2026-06-24 18:22:03]  [行17] 解析成功: SZSE.300234 [开尔新材] SELL @ 11.43 (VR:0.32)
[2026-06-24 18:22:03]  [行18] 解析成功: SZSE.300214 [日科化学] SELL @ 10.14 (VR:0.66)
[2026-06-24 18:22:03]  [行19] 解析成功: SHSE.688700 [东威科技] SELL @ 92.58 (VR:0.8)
[2026-06-24 18:22:03]  [行20] 解析成功: SHSE.688777 [中控技术] BUY @ 121.04 (VR:0.06)
[2026-06-24 18:22:03]  [行21] 解析成功: SHSE.688286 [敏芯股份] BUY @ 97.4 (VR:0.04)
[2026-06-24 18:22:03]  [行22] 解析成功: SHSE.688511 [天微电子] SELL @ 31.39 (VR:0.16)
[2026-06-24 18:22:03]  [行23] 解析成功: SHSE.688059 [华锐精密] BUY @ 207.05 (VR:0.15)
[2026-06-24 18:22:03]  [行24] 解析成功: SZSE.002980 [华盛昌] BUY @ 113.0 (VR:0.16)
[2026-06-24 18:22:03]  [行25] 解析成功: SZSE.300868 [杰美特] BUY @ 159.26 (VR:0.3)
[2026-06-24 18:22:03]  [行26] 解析成功: SZSE.301281 [利源制药] BUY @ 47.25 (VR:0.06)
[2026-06-24 18:22:03]  [行27] 解析成功: SZSE.300285 [国瓷材料] SELL @ 91.55 (VR:0.19)
[2026-06-24 18:22:03]  [行28] 解析成功: SZSE.301252 [同星科技] BUY @ 46.29 (VR:1.23)
[2026-06-24 18:22:03]  [行29] 解析成功: SZSE.301392 [汇成真空] SELL @ 199.94 (VR:0.93)
[2026-06-24 18:22:03]  [行30] 解析成功: SZSE.300234 [开尔新材] SELL @ 11.41 (VR:0.42)
[2026-06-24 18:22:03] 成功保存 30 条因子至: signal_batch_20260624_182203_623908.txt
[2026-06-24 18:22:03]  QQ-主 邮件 4774 处理完成
[2026-06-24 18:22:03]  QQ-主 正在解析因子: =?utf-8?b?QWxwaGFQaWxvdCDlrp7ml7bkv6Hlj7cgKGFscGhhX3NpZ25hbF90aHJfMjAyNjA2MjRfMTQ0MC5qc29uKSBb5Li7UVEt5a+55aSWXQ==?=
[2026-06-24 18:22:03]  发现表格，共 24 行数据
[2026-06-24 18:22:03]  动态索引映射: ['股票代码', '股票名称', '信号', '当前价格', '量比', '来源过滤']
[2026-06-24 18:22:03]  [行1] 解析成功: SHSE.688308 [欧科亿] BUY @ 184.45 (VR:0.07)
[2026-06-24 18:22:03]  [行2] 解析成功: SHSE.688733 [壹石通] BUY @ 39.62 (VR:0.42)
[2026-06-24 18:22:03]  [行3] 解析成功: SHSE.688249 [晶合集成] BUY @ 57.19 (VR:0.16)
[2026-06-24 18:22:03]  [行4] 解析成功: SZSE.300196 [长海股份] BUY @ 30.17 (VR:1.2)
[2026-06-24 18:22:03]  [行5] 解析成功: SZSE.300088 [长信科技] BUY @ 9.8 (VR:1.04)
[2026-06-24 18:22:03]  [行6] 解析成功: SZSE.300709 [精研科技] BUY @ 66.06 (VR:0.27)
[2026-06-24 18:22:03]  [行7] 解析成功: SZSE.301362 [民爆光电] BUY @ 194.85 (VR:2.27)
[2026-06-24 18:22:03]  [行8] 解析成功: SZSE.300780 [德恩精工] SELL @ 31.91 (VR:0.82)
[2026-06-24 18:22:03]  [行9] 解析成功: SZSE.301195 [北路智控] SELL @ 29.69 (VR:0.37)
[2026-06-24 18:22:03]  [行10] 解析成功: SZSE.300497 [富祥股份] SELL @ 22.1 (VR:1.1)
[2026-06-24 18:22:03]  [行11] 解析成功: SZSE.300304 [云意电气] BUY @ 19.93 (VR:0.94)
[2026-06-24 18:22:03]  [行12] 解析成功: SZSE.300852 [四会富仕] SELL @ 61.03 (VR:0.0)
[2026-06-24 18:22:03]  [行13] 解析成功: SHSE.688308 [欧科亿] BUY @ 184.98 (VR:0.02)
[2026-06-24 18:22:03]  [行14] 解析成功: SHSE.688733 [壹石通] BUY @ 39.72 (VR:0.34)
[2026-06-24 18:22:03]  [行15] 解析成功: SHSE.688249 [晶合集成] BUY @ 57.21 (VR:0.22)
[2026-06-24 18:22:03]  [行16] 解析成功: SZSE.300196 [长海股份] BUY @ 30.43 (VR:1.77)
[2026-06-24 18:22:03]  [行17] 解析成功: SZSE.300088 [长信科技] BUY @ 9.81 (VR:0.76)
[2026-06-24 18:22:03]  [行18] 解析成功: SZSE.300709 [精研科技] BUY @ 66.11 (VR:0.17)
[2026-06-24 18:22:03]  [行19] 解析成功: SZSE.301362 [民爆光电] BUY @ 195.22 (VR:1.22)
[2026-06-24 18:22:03]  [行20] 解析成功: SZSE.300780 [德恩精工] SELL @ 31.8 (VR:0.88)
[2026-06-24 18:22:03]  [行21] 解析成功: SZSE.301195 [北路智控] SELL @ 29.68 (VR:0.47)
[2026-06-24 18:22:03]  [行22] 解析成功: SZSE.300497 [富祥股份] SELL @ 22.09 (VR:0.19)
[2026-06-24 18:22:03]  [行23] 解析成功: SZSE.300304 [云意电气] BUY @ 20.02 (VR:0.12)
[2026-06-24 18:22:03]  [行24] 解析成功: SZSE.300852 [四会富仕] SELL @ 60.92 (VR:0.1)
[2026-06-24 18:22:03] 成功保存 24 条因子至: signal_batch_20260624_182203_873620.txt
[2026-06-24 18:22:04]  QQ-主 邮件 4775 处理完成
[2026-06-24 18:22:04]  QQ-主 正在解析因子: =?utf-8?b?QWxwaGFQaWxvdCDlrp7ml7bkv6Hlj7cgKGFscGhhX3NpZ25hbF90aHJfMjAyNjA2MjRfMTQ0Ni5qc29uKSBb5Li7UVEt5a+55aSWXQ==?=
[2026-06-24 18:22:04]  发现表格，共 22 行数据
[2026-06-24 18:22:04]  动态索引映射: ['股票代码', '股票名称', '信号', '当前价格', '量比', '来源过滤']
[2026-06-24 18:22:04]  [行1] 解析成功: SHSE.600353 [旭光电子] BUY @ 52.78 (VR:1.03)
[2026-06-24 18:22:04]  [行2] 解析成功: SHSE.601138 [工业富联] SELL @ 76.53 (VR:0.3)
[2026-06-24 18:22:04]  [行3] 解析成功: SZSE.300308 [中际旭创] BUY @ 1304.97 (VR:0.44)
[2026-06-24 18:22:04]  [行4] 解析成功: SZSE.300346 [南大光电] BUY @ 76.44 (VR:0.07)
[2026-06-24 18:22:04]  [行5] 解析成功: SZSE.300930 [屹通新材] BUY @ 33.37 (VR:0.03)
[2026-06-24 18:22:04]  [行6] 解析成功: SZSE.300666 [江丰电子] BUY @ 302.74 (VR:0.48)
[2026-06-24 18:22:04]  [行7] 解析成功: SZSE.300936 [中英科技] BUY @ 125.12 (VR:0.88)
[2026-06-24 18:22:04]  [行8] 解析成功: SZSE.000510 [新金路] BUY @ 24.46 (VR:0.53)
[2026-06-24 18:22:04]  [行9] 解析成功: SZSE.300259 [新天科技] BUY @ 5.12 (VR:0.56)
[2026-06-24 18:22:04]  [行10] 解析成功: SZSE.301018 [申菱环境] BUY @ 112.01 (VR:0.07)
[2026-06-24 18:22:04]  [行11] 解析成功: SZSE.301171 [易点天下] BUY @ 36.02 (VR:0.23)
[2026-06-24 18:22:04]  [行12] 解析成功: SHSE.600353 [旭光电子] BUY @ 52.99 (VR:2.28)
[2026-06-24 18:22:04]  [行13] 解析成功: SHSE.601138 [工业富联] SELL @ 76.43 (VR:0.47)
[2026-06-24 18:22:04]  [行14] 解析成功: SZSE.300308 [中际旭创] BUY @ 1305.6 (VR:0.29)
[2026-06-24 18:22:04]  [行15] 解析成功: SZSE.300346 [南大光电] BUY @ 76.73 (VR:0.18)
[2026-06-24 18:22:04]  [行16] 解析成功: SZSE.300930 [屹通新材] BUY @ 33.57 (VR:0.83)
[2026-06-24 18:22:04]  [行17] 解析成功: SZSE.300666 [江丰电子] BUY @ 302.96 (VR:0.62)
[2026-06-24 18:22:04]  [行18] 解析成功: SZSE.300936 [中英科技] BUY @ 125.14 (VR:0.44)
[2026-06-24 18:22:04]  [行19] 解析成功: SZSE.000510 [新金路] BUY @ 24.56 (VR:0.03)
[2026-06-24 18:22:04]  [行20] 解析成功: SZSE.300259 [新天科技] BUY @ 5.13 (VR:0.14)
[2026-06-24 18:22:04]  [行21] 解析成功: SZSE.301018 [申菱环境] BUY @ 112.15 (VR:0.61)
[2026-06-24 18:22:04]  [行22] 解析成功: SZSE.301171 [易点天下] BUY @ 36.03 (VR:0.58)
[2026-06-24 18:22:04] 成功保存 22 条因子至: signal_batch_20260624_182204_101456.txt
[2026-06-24 18:22:04]  QQ-主 邮件 4776 处理完成
[2026-06-24 18:22:04]  QQ-主 正在解析因子: =?utf-8?b?QWxwaGFQaWxvdCDlrp7ml7bkv6Hlj7cgKGFscGhhX3NpZ25hbF90aHJfMjAyNjA2MjRfMTQ1Mi5qc29uKSBb5Li7UVEt5a+55aSWXQ==?=
[2026-06-24 18:22:04]  发现表格，共 24 行数据
[2026-06-24 18:22:04]  动态索引映射: ['股票代码', '股票名称', '信号', '当前价格', '量比', '来源过滤']
[2026-06-24 18:22:04]  [行1] 解析成功: SHSE.688110 [东芯股份] BUY @ 171.27 (VR:0.18)
[2026-06-24 18:22:04]  [行2] 解析成功: SHSE.688002 [睿创微纳] BUY @ 142.75 (VR:0.53)
[2026-06-24 18:22:04]  [行3] 解析成功: SHSE.688227 [品高股份] BUY @ 108.97 (VR:1.91)
[2026-06-24 18:22:04]  [行4] 解析成功: SZSE.300689 [澄天伟业] BUY @ 62.86 (VR:0.39)
[2026-06-24 18:22:04]  [行5] 解析成功: SZSE.301045 [天禄科技] BUY @ 65.88 (VR:0.04)
[2026-06-24 18:22:04]  [行6] 解析成功: SZSE.301188 [力诺药包] SELL @ 68.2 (VR:0.16)
[2026-06-24 18:22:04]  [行7] 解析成功: SZSE.300806 [斯迪克] SELL @ 100.0 (VR:0.53)
[2026-06-24 18:22:04]  [行8] 解析成功: SZSE.301322 [绿通科技] BUY @ 63.52 (VR:0.01)
[2026-06-24 18:22:04]  [行9] 解析成功: SZSE.300679 [电连技术] BUY @ 67.54 (VR:0.77)
[2026-06-24 18:22:04]  [行10] 解析成功: SZSE.301013 [利和兴] BUY @ 75.01 (VR:0.35)
[2026-06-24 18:22:04]  [行11] 解析成功: SZSE.300921 [南凌科技] BUY @ 21.61 (VR:0.09)
[2026-06-24 18:22:04]  [行12] 解析成功: SZSE.300857 [协创数据] BUY @ 339.25 (VR:0.35)
[2026-06-24 18:22:04]  [行13] 解析成功: SHSE.688110 [东芯股份] BUY @ 171.51 (VR:0.67)
[2026-06-24 18:22:04]  [行14] 解析成功: SHSE.688002 [睿创微纳] BUY @ 142.86 (VR:0.6)
[2026-06-24 18:22:04]  [行15] 解析成功: SHSE.688227 [品高股份] BUY @ 109.25 (VR:0.02)
[2026-06-24 18:22:04]  [行16] 解析成功: SZSE.300689 [澄天伟业] BUY @ 62.88 (VR:0.12)
[2026-06-24 18:22:04]  [行17] 解析成功: SZSE.301045 [天禄科技] BUY @ 65.93 (VR:1.04)
[2026-06-24 18:22:04]  [行18] 解析成功: SZSE.301188 [力诺药包] SELL @ 68.15 (VR:0.61)
[2026-06-24 18:22:04]  [行19] 解析成功: SZSE.300806 [斯迪克] SELL @ 99.98 (VR:0.52)
[2026-06-24 18:22:04]  [行20] 解析成功: SZSE.301322 [绿通科技] BUY @ 63.64 (VR:0.46)
[2026-06-24 18:22:04]  [行21] 解析成功: SZSE.300679 [电连技术] BUY @ 67.65 (VR:0.98)
[2026-06-24 18:22:04]  [行22] 解析成功: SZSE.301013 [利和兴] BUY @ 75.12 (VR:0.39)
[2026-06-24 18:22:04]  [行23] 解析成功: SZSE.300921 [南凌科技] BUY @ 21.64 (VR:0.23)
[2026-06-24 18:22:04]  [行24] 解析成功: SZSE.300857 [协创数据] BUY @ 339.83 (VR:0.58)
[2026-06-24 18:22:04] 成功保存 24 条因子至: signal_batch_20260624_182204_329154.txt
[2026-06-24 18:22:04]  QQ-主 邮件 4777 处理完成
[2026-06-24 18:22:04]  QQ-主 正在解析因子: =?utf-8?b?QWxwaGFQaWxvdCDlrp7ml7bkv6Hlj7cgKGFscGhhX3NpZ25hbF90aHJfMjAyNjA2MjRfMTQ1OC5qc29uKSBb5Li7UVEt5a+55aSWXQ==?=
[2026-06-24 18:22:04]  发现表格，共 22 行数据
[2026-06-24 18:22:04]  动态索引映射: ['股票代码', '股票名称', '信号', '当前价格', '量比', '来源过滤']
[2026-06-24 18:22:04]  [行1] 解析成功: SHSE.603773 [沃格光电] BUY @ 167.26 (VR:1.28)
[2026-06-24 18:22:04]  [行2] 解析成功: SHSE.603618 [杭电股份] SELL @ 54.57 (VR:0.18)
[2026-06-24 18:22:04]  [行3] 解析成功: SHSE.600259 [中稀有色] SELL @ 104.91 (VR:0.44)
[2026-06-24 18:22:04]  [行4] 解析成功: SZSE.002718 [友邦吊顶] BUY @ 120.04 (VR:4.2)
[2026-06-24 18:22:04]  [行5] 解析成功: SZSE.002378 [章源钨业] BUY @ 36.99 (VR:0.09)
[2026-06-24 18:22:04]  [行6] 解析成功: SZSE.002768 [国恩股份] BUY @ 54.31 (VR:0.03)
[2026-06-24 18:22:04]  [行7] 解析成功: SZSE.000593 [德龙汇能] BUY @ 23.81 (VR:0.16)
[2026-06-24 18:22:04]  [行8] 解析成功: SZSE.002552 [宝鼎科技] BUY @ 75.93 (VR:0.48)
[2026-06-24 18:22:04]  [行9] 解析成功: SZSE.003031 [中瓷电子] BUY @ 193.67 (VR:0.89)
[2026-06-24 18:22:04]  [行10] 解析成功: SZSE.002937 [兴瑞科技] SELL @ 43.18 (VR:0.23)
[2026-06-24 18:22:04]  [行11] 解析成功: SZSE.000920 [沃顿科技] SELL @ 13.73 (VR:0.05)
[2026-06-24 18:22:04]  [行12] 解析成功: SHSE.603773 [沃格光电] BUY @ 167.69 (VR:0.91)
[2026-06-24 18:22:04]  [行13] 解析成功: SHSE.603618 [杭电股份] SELL @ 54.35 (VR:1.53)
[2026-06-24 18:22:04]  [行14] 解析成功: SHSE.600259 [中稀有色] SELL @ 104.88 (VR:0.8)
[2026-06-24 18:22:04]  [行15] 解析成功: SZSE.002718 [友邦吊顶] BUY @ 120.09 (VR:0.53)
[2026-06-24 18:22:04]  [行16] 解析成功: SZSE.002378 [章源钨业] BUY @ 37.0 (VR:0.29)
[2026-06-24 18:22:04]  [行17] 解析成功: SZSE.002768 [国恩股份] BUY @ 54.43 (VR:0.79)
[2026-06-24 18:22:04]  [行18] 解析成功: SZSE.000593 [德龙汇能] BUY @ 24.11 (VR:0.99)
[2026-06-24 18:22:04]  [行19] 解析成功: SZSE.002552 [宝鼎科技] BUY @ 75.99 (VR:0.97)
[2026-06-24 18:22:04]  [行20] 解析成功: SZSE.003031 [中瓷电子] BUY @ 194.9 (VR:2.43)
[2026-06-24 18:22:04]  [行21] 解析成功: SZSE.002937 [兴瑞科技] SELL @ 43.0 (VR:0.64)
[2026-06-24 18:22:04]  [行22] 解析成功: SZSE.000920 [沃顿科技] SELL @ 13.69 (VR:0.76)
[2026-06-24 18:22:04] 成功保存 22 条因子至: signal_batch_20260624_182204_570365.txt
[2026-06-24 18:22:04]  QQ-主 邮件 4778 处理完成
[2026-06-24 18:22:04]  QQ-主 正在解析因子: =?utf-8?b?QWxwaGFQaWxvdCDlrp7ml7bkv6Hlj7cgKGFscGhhX3NpZ25hbF90aHJfMjAyNjA2MjRfMTUwMy5qc29uKSBb5Li7UVEt5a+55aSWXQ==?=
[2026-06-24 18:22:04]  发现表格，共 2 行数据
[2026-06-24 18:22:04]  动态索引映射: ['股票代码', '股票名称', '信号', '当前价格', '量比', '来源过滤']
[2026-06-24 18:22:04]  [行1] 解析成功: SZSE.300868 [杰美特] BUY @ 156.81 (VR:0.53)
[2026-06-24 18:22:04]  [行2] 解析成功: SZSE.300868 [杰美特] BUY @ 156.96 (VR:nan)
[2026-06-24 18:22:04] 成功保存 2 条因子至: signal_batch_20260624_182204_803952.txt
[2026-06-24 18:22:04]  QQ-主 邮件 4779 处理完成
[2026-06-24 18:22:05]  QQ-主 正在解析因子: =?UTF-8?B?5L2g5pyJIDE2NSDmnaHlhbPkuo7mooHmjK/lvLrlkozlhbY=?=
 =?UTF-8?B?5LuW55So5oi355qE6YCa55+l?=
[2026-06-24 18:22:05]  发现表格，共 54 行数据
[2026-06-24 18:22:05]  表头映射失败，未找到指定列名。当前表头: ['David Liang，请查看有关梁振强和黃枫銘的未读消息和其他通知。\u200c\u2003 \u200c\u2003 \u200c\u2003 \u200c\u2003 \u200c\u2003 \u200c\u2003 \u200c\u2003 \u200c\u2003 \u200c\u2003 \u200c\u2003 \u200c\u2003 \u200c\u2003 \u200c\u2003 \u200c\u2003 \u200c\u2003 \u200c\u2003 \u200c\u2003 \u200c\u2003 \u200c\u2003 \u200c\u2003 \u200c\u2003 \u200c\u2003 \u200c\u2003 \u200c\u2003 \u200c\u2003 \u200c\u2003 \u200c\u2003 \u200c\u2003 \u200c\u2003 \u200c\u2003 \u200c\u2003 \u200c\u2003 \u200c\u2003 \u200c\u2003 \u200c\u2003 \u200c\u2003 \u200c\u2003 \u200c\u2003 \u200c\u2003 \u200c\u2003 \u200c\u2003 \u200c\u2003 \u200c\u2003 \u200c\u2003 \u200c\u2003 \u200c\u2003 \u200c\u2003 \u200c\u2003 \u200c\u2003 \u200c\u2003 \u200c\u2003 \u200c\u2003 \u200c\u2003 \u200c\u2003 \u200c\u2003 \u200c\u2003 \u200c\u2003 \u200c\u2003 \u200c\u2003 \u200c\u2003 \u200c\u2003 \u200c\u2003 \u200c\u2003 \u200c\u2003 \u200c\u2003 \u200c\u2003 \u200c\u2003 \u200c\u2003 \u200c\u2003 \u200c\u2003 \u200c\u2003 \u200c\u2003 \u200c\u2003 \u200c\u2003 \u200c\u2003 \u200c\u2003 \u200c\u2003 \u200c\u2003 \u200c\u2003 \u200c\u2003 \u200c\u2003 \u200c\u2003 \u200c\u2003 \u200c\u2003 \u200c\u2003 \u200c\u2003 \u200c\u2003 \u200c\u2003 \u200c\u2003 \u200c\u2003 \u200c\u2003 \u200c\u2003 \u200c\u2003 \u200c\u2003 \u200c\u2003 \u200c\u2003 \u200c\u2003 \u200c\u2003 \u200c\u2003 \u200c\u2003 \u200c\u2003 \u200c\u2003 \u200c\u2003 \u200c\u2003 \u200c\u2003 \u200c\u2003 \u200c\u2003 \u200c\u2003 \u200c\u2003 \u200c\u2003 \u200c\u2003 \u200c\u2003 \u200c\u2003 \u200c\u2003 \u200c\u2003 \u200c\u2003 \u200c\u2003 \u200c\u2003 \u200c\u2003 \u200c\u2003 \u200c\u2003 \u200c\u2003 \u200c\u2003 \u200c\u2003 \u200c\u2003 \u200c\u2003 \u200c\u2003 \u200c\u2003 \u200c\u2003 \u200c\u2003 \u200c\u2003 \u200c\u2003 \u200c\u2003 \u200c\u2003 \u200c\u2003 \u200c\u2003 \u200c\u2003 \u200c\u2003 \u200c\u2003 \u200c\u2003 \u200c\u2003 \u200c\u2003 \u200c\u2003 \u200c\u2003 \u200c\u2003 \u200c\u2003 \u200c\u2003 \u200c\u2003 \u200c\u2003 \u200c\u2003 \u200c\u2003 \u200c\u2003 \u200c\u2003 \u200c\u2003 \u200c\u2003 \u200c\u2003 \u200c\u2003 \u200c\u2003 \u200c\u2003 \u200c\u2003 \u200c\u2003 \u200c\u2003 \u200c\u2003 \u200c\u2003 \u200c\u2003 \u200c\u2003 \u200c\u2003 \u200c\u2003 \u200c\u2003 \u200c\u2003 \u200c\u2003 \u200c\u2003 \u200c\u2003 \u200c\u2003 \u200c\u2003 \u200c\u2003 \u200c\u2003 \u200c\u2003 \u200c\u2003 \u200c\u2003 \u200c\u2003 \u200c\u2003 \u200c\u2003 \u200c\u2003 \u200c\u2003 \u200c\u2003 \u200c\u2003 \u200c\u2003 \u200c\u2003 \u200c\u2003 \u200c\u2003 \u200c\u2003 \u200c\u2003 \u200c\u2003 \u200c\u2003 \u200c\u2003 \u200c\u2003 \u200c\u2003 \u200c\u2003 \u200c\u2003 \u200c\u2003 \u200c\u2003 \u200c\u2003 \u200c\u2003 \u200c\u2003 \u200c\u2003 \u200c\u2003 \u200c\u2003 \u200c\u2003 \u200c\u2003 \u200c\u2003 \u200c\u2003 \u200c\u2003 \u200c\u2003 \u200c\u2003 \u200c\u2003 \u200c\u2003 \u200c\u2003 \u200c\u2003 \u200c\u2003 \u200c\u2003 \u200c\u2003 \u200c\u2003 \u200c\u2003 \u200c\u2003 \u200c\u2003 \u200c\u2003 \u200c\u2003 \u200c\u2003 \u200c\u2003 \u200c\u2003 \u200c\u2003 \u200c\u2003 \u200c\u2003 \u200c\u2003 \u200c\u2003 \u200c\u2003 \u200c\u2003 \u200c\u2003 \u200c\u2003 \u200c\u2003 \u200c\u2003 \u200c\u2003 \u200c\u2003 \u200c\u2003 \u200c\u2003 \u200c\u2003 \u200c\u2003 \u200c\u2003 \u200c\u2003 \u200c\u2003 \u200c\u2003 \u200c\u2003 \u200c\u2003 \u200c\u2003 \u200c\u2003 \u200c\u2003 \u200c\u2003 \u200c\u2003 \u200c\u2003 \u200c\u2003 \u200c\u2003 \u200c\u2003 \u200c\u2003 \u200c\u2003 \u200c\u2003 \u200c\u2003 \u200c\u2003 \u200c\u2003 \u200c\u2003 \u200c\u2003 \u200c\u2003 \u200c\u2003 \u200c\u2003 \u200c\u2003 \u200c\u2003 \u200c\u2003 \u200c\u2003 \u200c\u2003 \u200c\u2003 \u200c\u2003 \u200c\u2003 \u200c\u2003 \u200c\u2003 \u200c\u2003 \u200c\u2003 \u200c\u2003 \u200c\u2003 \u200c\u2003 \u200c\u2003 \u200c\u2003 \u200c\u2003 \u200c\u2003 \u200c\u2003 \u200c\u2003 \u200c\u2003 \u200c\u2003 \u200c\u2003 \u200c\u2003 \u200cDavid Liang你有 165 条未读通知待查看通知Pro Visa - 小老板给你发送了3条消息3个加好友请求黃枫銘和其他 2 位用户在20张照片中标记了你Master Saharat和其他 24 位用户有41条密友动态更新98条新通知查看通知前往\xa0Facebook这封邮件：有用|没用此邮件发给497720537@qq.com。 如果不希望再收到 Meta 的这类邮件，请退订。Meta Platforms, Inc., Attention: Community Support, 1 Meta Way, Menlo Park, CA 94025为保护你的主页安全，请勿转发这封邮件。详细了解', 'David Liang，请查看有关梁振强和黃枫銘的未读消息和其他通知。\u200c\u2003 \u200c\u2003 \u200c\u2003 \u200c\u2003 \u200c\u2003 \u200c\u2003 \u200c\u2003 \u200c\u2003 \u200c\u2003 \u200c\u2003 \u200c\u2003 \u200c\u2003 \u200c\u2003 \u200c\u2003 \u200c\u2003 \u200c\u2003 \u200c\u2003 \u200c\u2003 \u200c\u2003 \u200c\u2003 \u200c\u2003 \u200c\u2003 \u200c\u2003 \u200c\u2003 \u200c\u2003 \u200c\u2003 \u200c\u2003 \u200c\u2003 \u200c\u2003 \u200c\u2003 \u200c\u2003 \u200c\u2003 \u200c\u2003 \u200c\u2003 \u200c\u2003 \u200c\u2003 \u200c\u2003 \u200c\u2003 \u200c\u2003 \u200c\u2003 \u200c\u2003 \u200c\u2003 \u200c\u2003 \u200c\u2003 \u200c\u2003 \u200c\u2003 \u200c\u2003 \u200c\u2003 \u200c\u2003 \u200c\u2003 \u200c\u2003 \u200c\u2003 \u200c\u2003 \u200c\u2003 \u200c\u2003 \u200c\u2003 \u200c\u2003 \u200c\u2003 \u200c\u2003 \u200c\u2003 \u200c\u2003 \u200c\u2003 \u200c\u2003 \u200c\u2003 \u200c\u2003 \u200c\u2003 \u200c\u2003 \u200c\u2003 \u200c\u2003 \u200c\u2003 \u200c\u2003 \u200c\u2003 \u200c\u2003 \u200c\u2003 \u200c\u2003 \u200c\u2003 \u200c\u2003 \u200c\u2003 \u200c\u2003 \u200c\u2003 \u200c\u2003 \u200c\u2003 \u200c\u2003 \u200c\u2003 \u200c\u2003 \u200c\u2003 \u200c\u2003 \u200c\u2003 \u200c\u2003 \u200c\u2003 \u200c\u2003 \u200c\u2003 \u200c\u2003 \u200c\u2003 \u200c\u2003 \u200c\u2003 \u200c\u2003 \u200c\u2003 \u200c\u2003 \u200c\u2003 \u200c\u2003 \u200c\u2003 \u200c\u2003 \u200c\u2003 \u200c\u2003 \u200c\u2003 \u200c\u2003 \u200c\u2003 \u200c\u2003 \u200c\u2003 \u200c\u2003 \u200c\u2003 \u200c\u2003 \u200c\u2003 \u200c\u2003 \u200c\u2003 \u200c\u2003 \u200c\u2003 \u200c\u2003 \u200c\u2003 \u200c\u2003 \u200c\u2003 \u200c\u2003 \u200c\u2003 \u200c\u2003 \u200c\u2003 \u200c\u2003 \u200c\u2003 \u200c\u2003 \u200c\u2003 \u200c\u2003 \u200c\u2003 \u200c\u2003 \u200c\u2003 \u200c\u2003 \u200c\u2003 \u200c\u2003 \u200c\u2003 \u200c\u2003 \u200c\u2003 \u200c\u2003 \u200c\u2003 \u200c\u2003 \u200c\u2003 \u200c\u2003 \u200c\u2003 \u200c\u2003 \u200c\u2003 \u200c\u2003 \u200c\u2003 \u200c\u2003 \u200c\u2003 \u200c\u2003 \u200c\u2003 \u200c\u2003 \u200c\u2003 \u200c\u2003 \u200c\u2003 \u200c\u2003 \u200c\u2003 \u200c\u2003 \u200c\u2003 \u200c\u2003 \u200c\u2003 \u200c\u2003 \u200c\u2003 \u200c\u2003 \u200c\u2003 \u200c\u2003 \u200c\u2003 \u200c\u2003 \u200c\u2003 \u200c\u2003 \u200c\u2003 \u200c\u2003 \u200c\u2003 \u200c\u2003 \u200c\u2003 \u200c\u2003 \u200c\u2003 \u200c\u2003 \u200c\u2003 \u200c\u2003 \u200c\u2003 \u200c\u2003 \u200c\u2003 \u200c\u2003 \u200c\u2003 \u200c\u2003 \u200c\u2003 \u200c\u2003 \u200c\u2003 \u200c\u2003 \u200c\u2003 \u200c\u2003 \u200c\u2003 \u200c\u2003 \u200c\u2003 \u200c\u2003 \u200c\u2003 \u200c\u2003 \u200c\u2003 \u200c\u2003 \u200c\u2003 \u200c\u2003 \u200c\u2003 \u200c\u2003 \u200c\u2003 \u200c\u2003 \u200c\u2003 \u200c\u2003 \u200c\u2003 \u200c\u2003 \u200c\u2003 \u200c\u2003 \u200c\u2003 \u200c\u2003 \u200c\u2003 \u200c\u2003 \u200c\u2003 \u200c\u2003 \u200c\u2003 \u200c\u2003 \u200c\u2003 \u200c\u2003 \u200c\u2003 \u200c\u2003 \u200c\u2003 \u200c\u2003 \u200c\u2003 \u200c\u2003 \u200c\u2003 \u200c\u2003 \u200c\u2003 \u200c\u2003 \u200c\u2003 \u200c\u2003 \u200c\u2003 \u200c\u2003 \u200c\u2003 \u200c\u2003 \u200c\u2003 \u200c\u2003 \u200c\u2003 \u200c\u2003 \u200c\u2003 \u200c\u2003 \u200c\u2003 \u200c\u2003 \u200c\u2003 \u200c\u2003 \u200c\u2003 \u200c\u2003 \u200c\u2003 \u200c\u2003 \u200c\u2003 \u200c\u2003 \u200c\u2003 \u200c\u2003 \u200c\u2003 \u200c\u2003 \u200c\u2003 \u200c\u2003 \u200c\u2003 \u200c\u2003 \u200c\u2003 \u200c\u2003 \u200c\u2003 \u200c\u2003 \u200c\u2003 \u200c\u2003 \u200c\u2003 \u200c\u2003 \u200c\u2003 \u200c\u2003 \u200c\u2003 \u200c\u2003 \u200c\u2003 \u200c\u2003 \u200c\u2003 \u200c\u2003 \u200c\u2003 \u200c\u2003 \u200c\u2003 \u200c\u2003 \u200c\u2003 \u200c\u2003 \u200c\u2003 \u200c\u2003 \u200c\u2003 \u200c\u2003 \u200c\u2003 \u200c\u2003 \u200c\u2003 \u200c\u2003 \u200c\u2003 \u200c\u2003 \u200c\u2003 \u200c\u2003 \u200cDavid Liang你有 165 条未读通知待查看通知Pro Visa - 小老板给你发送了3条消息3个加好友请求黃枫銘和其他 2 位用户在20张照片中标记了你Master Saharat和其他 24 位用户有41条密友动态更新98条新通知查看通知前往\xa0Facebook这封邮件：有用|没用此邮件发给497720537@qq.com。 如果不希望再收到 Meta 的这类邮件，请退订。Meta Platforms, Inc., Attention: Community Support, 1 Meta Way, Menlo Park, CA 94025为保护你的主页安全，请勿转发这封邮件。详细了解', 'David Liang，请查看有关梁振强和黃枫銘的未读消息和其他通知。\u200c\u2003 \u200c\u2003 \u200c\u2003 \u200c\u2003 \u200c\u2003 \u200c\u2003 \u200c\u2003 \u200c\u2003 \u200c\u2003 \u200c\u2003 \u200c\u2003 \u200c\u2003 \u200c\u2003 \u200c\u2003 \u200c\u2003 \u200c\u2003 \u200c\u2003 \u200c\u2003 \u200c\u2003 \u200c\u2003 \u200c\u2003 \u200c\u2003 \u200c\u2003 \u200c\u2003 \u200c\u2003 \u200c\u2003 \u200c\u2003 \u200c\u2003 \u200c\u2003 \u200c\u2003 \u200c\u2003 \u200c\u2003 \u200c\u2003 \u200c\u2003 \u200c\u2003 \u200c\u2003 \u200c\u2003 \u200c\u2003 \u200c\u2003 \u200c\u2003 \u200c\u2003 \u200c\u2003 \u200c\u2003 \u200c\u2003 \u200c\u2003 \u200c\u2003 \u200c\u2003 \u200c\u2003 \u200c\u2003 \u200c\u2003 \u200c\u2003 \u200c\u2003 \u200c\u2003 \u200c\u2003 \u200c\u2003 \u200c\u2003 \u200c\u2003 \u200c\u2003 \u200c\u2003 \u200c\u2003 \u200c\u2003 \u200c\u2003 \u200c\u2003 \u200c\u2003 \u200c\u2003 \u200c\u2003 \u200c\u2003 \u200c\u2003 \u200c\u2003 \u200c\u2003 \u200c\u2003 \u200c\u2003 \u200c\u2003 \u200c\u2003 \u200c\u2003 \u200c\u2003 \u200c\u2003 \u200c\u2003 \u200c\u2003 \u200c\u2003 \u200c\u2003 \u200c\u2003 \u200c\u2003 \u200c\u2003 \u200c\u2003 \u200c\u2003 \u200c\u2003 \u200c\u2003 \u200c\u2003 \u200c\u2003 \u200c\u2003 \u200c\u2003 \u200c\u2003 \u200c\u2003 \u200c\u2003 \u200c\u2003 \u200c\u2003 \u200c\u2003 \u200c\u2003 \u200c\u2003 \u200c\u2003 \u200c\u2003 \u200c\u2003 \u200c\u2003 \u200c\u2003 \u200c\u2003 \u200c\u2003 \u200c\u2003 \u200c\u2003 \u200c\u2003 \u200c\u2003 \u200c\u2003 \u200c\u2003 \u200c\u2003 \u200c\u2003 \u200c\u2003 \u200c\u2003 \u200c\u2003 \u200c\u2003 \u200c\u2003 \u200c\u2003 \u200c\u2003 \u200c\u2003 \u200c\u2003 \u200c\u2003 \u200c\u2003 \u200c\u2003 \u200c\u2003 \u200c\u2003 \u200c\u2003 \u200c\u2003 \u200c\u2003 \u200c\u2003 \u200c\u2003 \u200c\u2003 \u200c\u2003 \u200c\u2003 \u200c\u2003 \u200c\u2003 \u200c\u2003 \u200c\u2003 \u200c\u2003 \u200c\u2003 \u200c\u2003 \u200c\u2003 \u200c\u2003 \u200c\u2003 \u200c\u2003 \u200c\u2003 \u200c\u2003 \u200c\u2003 \u200c\u2003 \u200c\u2003 \u200c\u2003 \u200c\u2003 \u200c\u2003 \u200c\u2003 \u200c\u2003 \u200c\u2003 \u200c\u2003 \u200c\u2003 \u200c\u2003 \u200c\u2003 \u200c\u2003 \u200c\u2003 \u200c\u2003 \u200c\u2003 \u200c\u2003 \u200c\u2003 \u200c\u2003 \u200c\u2003 \u200c\u2003 \u200c\u2003 \u200c\u2003 \u200c\u2003 \u200c\u2003 \u200c\u2003 \u200c\u2003 \u200c\u2003 \u200c\u2003 \u200c\u2003 \u200c\u2003 \u200c\u2003 \u200c\u2003 \u200c\u2003 \u200c\u2003 \u200c\u2003 \u200c\u2003 \u200c\u2003 \u200c\u2003 \u200c\u2003 \u200c\u2003 \u200c\u2003 \u200c\u2003 \u200c\u2003 \u200c\u2003 \u200c\u2003 \u200c\u2003 \u200c\u2003 \u200c\u2003 \u200c\u2003 \u200c\u2003 \u200c\u2003 \u200c\u2003 \u200c\u2003 \u200c\u2003 \u200c\u2003 \u200c\u2003 \u200c\u2003 \u200c\u2003 \u200c\u2003 \u200c\u2003 \u200c\u2003 \u200c\u2003 \u200c\u2003 \u200c\u2003 \u200c\u2003 \u200c\u2003 \u200c\u2003 \u200c\u2003 \u200c\u2003 \u200c\u2003 \u200c\u2003 \u200c\u2003 \u200c\u2003 \u200c\u2003 \u200c\u2003 \u200c\u2003 \u200c\u2003 \u200c\u2003 \u200c\u2003 \u200c\u2003 \u200c\u2003 \u200c\u2003 \u200c\u2003 \u200c\u2003 \u200c\u2003 \u200c\u2003 \u200c\u2003 \u200c\u2003 \u200c\u2003 \u200c\u2003 \u200c\u2003 \u200c\u2003 \u200c\u2003 \u200c\u2003 \u200c\u2003 \u200c\u2003 \u200c\u2003 \u200c\u2003 \u200c\u2003 \u200c\u2003 \u200c\u2003 \u200c\u2003 \u200c\u2003 \u200c\u2003 \u200c\u2003 \u200c\u2003 \u200c\u2003 \u200c\u2003 \u200c\u2003 \u200c\u2003 \u200c\u2003 \u200c\u2003 \u200c\u2003 \u200c\u2003 \u200c\u2003 \u200c\u2003 \u200c\u2003 \u200c\u2003 \u200c\u2003 \u200c\u2003 \u200c\u2003 \u200c\u2003 \u200c\u2003 \u200c\u2003 \u200c\u2003 \u200c\u2003 \u200c\u2003 \u200c\u2003 \u200c\u2003 \u200c\u2003 \u200c\u2003 \u200c\u2003 \u200c\u2003 \u200c\u2003 \u200c\u2003 \u200c\u2003 \u200c\u2003 \u200c\u2003 \u200c\u2003 \u200c\u2003 \u200c\u2003 \u200c\u2003 \u200c\u2003 \u200c\u2003 \u200c\u2003 \u200c\u2003 \u200c\u2003 \u200cDavid Liang你有 165 条未读通知待查看通知Pro Visa - 小老板给你发送了3条消息3个加好友请求黃枫銘和其他 2 位用户在20张照片中标记了你Master Saharat和其他 24 位用户有41条密友动态更新98条新通知查看通知前往\xa0Facebook这封邮件：有用|没用此邮件发给497720537@qq.com。 如果不希望再收到 Meta 的这类邮件，请退订。Meta Platforms, Inc., Attention: Community Support, 1 Meta Way, Menlo Park, CA 94025为保护你的主页安全，请勿转发这封邮件。详细了解', '', 'David Liang，请查看有关梁振强和黃枫銘的未读消息和其他通知。\u200c\u2003 \u200c\u2003 \u200c\u2003 \u200c\u2003 \u200c\u2003 \u200c\u2003 \u200c\u2003 \u200c\u2003 \u200c\u2003 \u200c\u2003 \u200c\u2003 \u200c\u2003 \u200c\u2003 \u200c\u2003 \u200c\u2003 \u200c\u2003 \u200c\u2003 \u200c\u2003 \u200c\u2003 \u200c\u2003 \u200c\u2003 \u200c\u2003 \u200c\u2003 \u200c\u2003 \u200c\u2003 \u200c\u2003 \u200c\u2003 \u200c\u2003 \u200c\u2003 \u200c\u2003 \u200c\u2003 \u200c\u2003 \u200c\u2003 \u200c\u2003 \u200c\u2003 \u200c\u2003 \u200c\u2003 \u200c\u2003 \u200c\u2003 \u200c\u2003 \u200c\u2003 \u200c\u2003 \u200c\u2003 \u200c\u2003 \u200c\u2003 \u200c\u2003 \u200c\u2003 \u200c\u2003 \u200c\u2003 \u200c\u2003 \u200c\u2003 \u200c\u2003 \u200c\u2003 \u200c\u2003 \u200c\u2003 \u200c\u2003 \u200c\u2003 \u200c\u2003 \u200c\u2003 \u200c\u2003 \u200c\u2003 \u200c\u2003 \u200c\u2003 \u200c\u2003 \u200c\u2003 \u200c\u2003 \u200c\u2003 \u200c\u2003 \u200c\u2003 \u200c\u2003 \u200c\u2003 \u200c\u2003 \u200c\u2003 \u200c\u2003 \u200c\u2003 \u200c\u2003 \u200c\u2003 \u200c\u2003 \u200c\u2003 \u200c\u2003 \u200c\u2003 \u200c\u2003 \u200c\u2003 \u200c\u2003 \u200c\u2003 \u200c\u2003 \u200c\u2003 \u200c\u2003 \u200c\u2003 \u200c\u2003 \u200c\u2003 \u200c\u2003 \u200c\u2003 \u200c\u2003 \u200c\u2003 \u200c\u2003 \u200c\u2003 \u200c\u2003 \u200c\u2003 \u200c\u2003 \u200c\u2003 \u200c\u2003 \u200c\u2003 \u200c\u2003 \u200c\u2003 \u200c\u2003 \u200c\u2003 \u200c\u2003 \u200c\u2003 \u200c\u2003 \u200c\u2003 \u200c\u2003 \u200c\u2003 \u200c\u2003 \u200c\u2003 \u200c\u2003 \u200c\u2003 \u200c\u2003 \u200c\u2003 \u200c\u2003 \u200c\u2003 \u200c\u2003 \u200c\u2003 \u200c\u2003 \u200c\u2003 \u200c\u2003 \u200c\u2003 \u200c\u2003 \u200c\u2003 \u200c\u2003 \u200c\u2003 \u200c\u2003 \u200c\u2003 \u200c\u2003 \u200c\u2003 \u200c\u2003 \u200c\u2003 \u200c\u2003 \u200c\u2003 \u200c\u2003 \u200c\u2003 \u200c\u2003 \u200c\u2003 \u200c\u2003 \u200c\u2003 \u200c\u2003 \u200c\u2003 \u200c\u2003 \u200c\u2003 \u200c\u2003 \u200c\u2003 \u200c\u2003 \u200c\u2003 \u200c\u2003 \u200c\u2003 \u200c\u2003 \u200c\u2003 \u200c\u2003 \u200c\u2003 \u200c\u2003 \u200c\u2003 \u200c\u2003 \u200c\u2003 \u200c\u2003 \u200c\u2003 \u200c\u2003 \u200c\u2003 \u200c\u2003 \u200c\u2003 \u200c\u2003 \u200c\u2003 \u200c\u2003 \u200c\u2003 \u200c\u2003 \u200c\u2003 \u200c\u2003 \u200c\u2003 \u200c\u2003 \u200c\u2003 \u200c\u2003 \u200c\u2003 \u200c\u2003 \u200c\u2003 \u200c\u2003 \u200c\u2003 \u200c\u2003 \u200c\u2003 \u200c\u2003 \u200c\u2003 \u200c\u2003 \u200c\u2003 \u200c\u2003 \u200c\u2003 \u200c\u2003 \u200c\u2003 \u200c\u2003 \u200c\u2003 \u200c\u2003 \u200c\u2003 \u200c\u2003 \u200c\u2003 \u200c\u2003 \u200c\u2003 \u200c\u2003 \u200c\u2003 \u200c\u2003 \u200c\u2003 \u200c\u2003 \u200c\u2003 \u200c\u2003 \u200c\u2003 \u200c\u2003 \u200c\u2003 \u200c\u2003 \u200c\u2003 \u200c\u2003 \u200c\u2003 \u200c\u2003 \u200c\u2003 \u200c\u2003 \u200c\u2003 \u200c\u2003 \u200c\u2003 \u200c\u2003 \u200c\u2003 \u200c\u2003 \u200c\u2003 \u200c\u2003 \u200c\u2003 \u200c\u2003 \u200c\u2003 \u200c\u2003 \u200c\u2003 \u200c\u2003 \u200c\u2003 \u200c\u2003 \u200c\u2003 \u200c\u2003 \u200c\u2003 \u200c\u2003 \u200c\u2003 \u200c\u2003 \u200c\u2003 \u200c\u2003 \u200c\u2003 \u200c\u2003 \u200c\u2003 \u200c\u2003 \u200c\u2003 \u200c\u2003 \u200c\u2003 \u200c\u2003 \u200c\u2003 \u200c\u2003 \u200c\u2003 \u200c\u2003 \u200c\u2003 \u200c\u2003 \u200c\u2003 \u200c\u2003 \u200c\u2003 \u200c\u2003 \u200c\u2003 \u200c\u2003 \u200c\u2003 \u200c\u2003 \u200c\u2003 \u200c\u2003 \u200c\u2003 \u200c\u2003 \u200c\u2003 \u200c\u2003 \u200c\u2003 \u200c\u2003 \u200c\u2003 \u200c\u2003 \u200c\u2003 \u200c\u2003 \u200c\u2003 \u200c\u2003 \u200c\u2003 \u200c\u2003 \u200c\u2003 \u200c\u2003 \u200c\u2003 \u200c\u2003 \u200c\u2003 \u200c\u2003 \u200c\u2003 \u200c\u2003 \u200c\u2003 \u200c\u2003 \u200c\u2003 \u200c\u2003 \u200c\u2003 \u200c\u2003 \u200c\u2003 \u200c\u2003 \u200c\u2003 \u200c', '', 'David Liang', '', '', 'David Liang', 'David Liang', '', '', '', '', '', '你有 165 条未读通知待查看通知Pro Visa - 小老板给你发送了3条消息3个加好友请求黃枫銘和其他 2 位用户在20张照片中标记了你Master Saharat和其他 24 位用户有41条密友动态更新98条新通知', '', '你有 165 条未读通知待查看', '', '通知Pro Visa - 小老板给你发送了3条消息3个加好友请求黃枫銘和其他 2 位用户在20张照片中标记了你Master Saharat和其他 24 位用户有41条密友动态更新98条新通知', 'Pro Visa - 小老板给你发送了3条消息', '', '', 'Pro Visa - 小老板给你发送了3条消息', 'Pro Visa - 小老板给你发送了3条消息', '', '3个加好友请求', '', '', '3个加好友请求', '3个加好友请求', '', '黃枫銘和其他 2 位用户在20张照片中标记了你', '', '', '黃枫銘和其他 2 位用户在20张照片中标记了你', '黃枫銘和其他 2 位用户在20张照片中标记了你', '', '', '', 'Master Saharat和其他 24 位用户有41条密友动态更新', '', '', 'Master Saharat和其他 24 位用户有41条密友动态更新', 'Master Saharat和其他 24 位用户有41条密友动态更新', '', '', '', '', '', '98条新通知', '', '', '98条新通知', '98条新通知', '', '', '', '', '查看通知前往\xa0Facebook', '', '查看通知', '查看通知', '', '前往\xa0Facebook', '前往\xa0Facebook', '', '', '', '', '这封邮件：有用|没用', '这封邮件：有用|没用', '', '', '', '此邮件发给497720537@qq.com。 如果不希望再收到 Meta 的这类邮件，请退订。Meta Platforms, Inc., Attention: Community Support, 1 Meta Way, Menlo Park, CA 94025', '', '此邮件发给497720537@qq.com。 如果不希望再收到 Meta 的这类邮件，请退订。Meta Platforms, Inc., Attention: Community Support, 1 Meta Way, Menlo Park, CA 94025', '', '', '为保护你的主页安全，请勿转发这封邮件。详细了解', '为保护你的主页安全，请勿转发这封邮件。详细了解', '', '']
[2026-06-24 18:22:05] QQ-主 邮件 4780 无有效信号
[2026-06-24 18:22:05]  QQ-主 本轮共成功处理 30 封有效信号邮件
[2026-06-24 18:22:05]  正在连接 QQ-备用 邮箱服务器 (shouqianbadavid@qq.com) ...
[2026-06-24 18:22:06]  QQ-备用 正在解析因子: =?utf-8?b?QWxwaGFQaWxvdCDlpIfku73kv6Hlj7cgKGFscGhhX3NpZ25hbF90aHJfMjAyNjA2MjRfMDkzOC5qc29uKSBb5aSHUVEt6Ieq5L+dXQ==?=
[2026-06-24 18:22:06]  发现表格，共 36 行数据
[2026-06-24 18:22:06]  动态索引映射: ['股票代码', '股票名称', '信号', '当前价格', '量比', '来源过滤']
[2026-06-24 18:22:06]  [行1] 解析成功: SHSE.603773 [沃格光电] BUY @ 164.8 (VR:0.09)
[2026-06-24 18:22:06]  [行2] 解析成功: SHSE.603618 [杭电股份] BUY @ 54.46 (VR:0.1)
[2026-06-24 18:22:06]  [行3] 解析成功: SHSE.605111 [新洁能] BUY @ 78.25 (VR:0.12)
[2026-06-24 18:22:06]  [行4] 解析成功: SHSE.603175 [超颖电子] BUY @ 92.19 (VR:0.05)
[2026-06-24 18:22:06]  [行5] 解析成功: SHSE.600909 [华安证券] BUY @ 10.92 (VR:1.08)
[2026-06-24 18:22:06]  [行6] 解析成功: SHSE.600460 [士兰微] BUY @ 48.84 (VR:0.51)
[2026-06-24 18:22:06]  [行7] 解析成功: SHSE.603206 [嘉环科技] SELL @ 17.88 (VR:0.26)
[2026-06-24 18:22:06]  [行8] 解析成功: SZSE.002718 [友邦吊顶] BUY @ 112.25 (VR:1.06)
[2026-06-24 18:22:06]  [行9] 解析成功: SZSE.002768 [国恩股份] SELL @ 55.03 (VR:0.43)
[2026-06-24 18:22:06]  [行10] 解析成功: SZSE.001339 [智微智能] SELL @ 123.67 (VR:0.13)
[2026-06-24 18:22:06]  [行11] 解析成功: SZSE.000593 [德龙汇能] SELL @ 25.37 (VR:0.55)
[2026-06-24 18:22:06]  [行12] 解析成功: SZSE.002552 [宝鼎科技] SELL @ 70.63 (VR:0.36)
[2026-06-24 18:22:06]  [行13] 解析成功: SZSE.003031 [中瓷电子] SELL @ 185.7 (VR:0.59)
[2026-06-24 18:22:06]  [行14] 解析成功: SZSE.002643 [万润股份] SELL @ 17.87 (VR:0.55)
[2026-06-24 18:22:06]  [行15] 解析成功: SZSE.001282 [三联锻造] SELL @ 21.99 (VR:0.07)
[2026-06-24 18:22:06]  [行16] 解析成功: SZSE.002937 [兴瑞科技] SELL @ 41.63 (VR:0.0)
[2026-06-24 18:22:06]  [行17] 解析成功: SZSE.000920 [沃顿科技] BUY @ 13.64 (VR:0.01)
[2026-06-24 18:22:06]  [行18] 解析成功: SZSE.000823 [超声电子] SELL @ 21.62 (VR:0.05)
[2026-06-24 18:22:06]  [行19] 解析成功: SHSE.603773 [沃格光电] BUY @ 168.17 (VR:0.42)
[2026-06-24 18:22:06]  [行20] 解析成功: SHSE.603618 [杭电股份] BUY @ 55.1 (VR:0.46)
[2026-06-24 18:22:06]  [行21] 解析成功: SHSE.605111 [新洁能] BUY @ 80.22 (VR:1.03)
[2026-06-24 18:22:06]  [行22] 解析成功: SHSE.603175 [超颖电子] BUY @ 92.49 (VR:0.02)
[2026-06-24 18:22:06]  [行23] 解析成功: SHSE.600909 [华安证券] BUY @ 11.01 (VR:0.24)
[2026-06-24 18:22:06]  [行24] 解析成功: SHSE.600460 [士兰微] BUY @ 49.81 (VR:0.17)
[2026-06-24 18:22:06]  [行25] 解析成功: SHSE.603206 [嘉环科技] SELL @ 17.76 (VR:0.02)
[2026-06-24 18:22:06]  [行26] 解析成功: SZSE.002718 [友邦吊顶] BUY @ 112.46 (VR:0.55)
[2026-06-24 18:22:06]  [行27] 解析成功: SZSE.002768 [国恩股份] SELL @ 54.73 (VR:0.83)
[2026-06-24 18:22:06]  [行28] 解析成功: SZSE.001339 [智微智能] SELL @ 122.89 (VR:0.23)
[2026-06-24 18:22:06]  [行29] 解析成功: SZSE.000593 [德龙汇能] SELL @ 25.19 (VR:0.03)
[2026-06-24 18:22:06]  [行30] 解析成功: SZSE.002552 [宝鼎科技] SELL @ 70.61 (VR:0.06)
[2026-06-24 18:22:06]  [行31] 解析成功: SZSE.003031 [中瓷电子] SELL @ 185.16 (VR:0.02)
[2026-06-24 18:22:06]  [行32] 解析成功: SZSE.002643 [万润股份] SELL @ 17.86 (VR:0.03)
[2026-06-24 18:22:06]  [行33] 解析成功: SZSE.001282 [三联锻造] SELL @ 21.9 (VR:0.17)
[2026-06-24 18:22:06]  [行34] 解析成功: SZSE.002937 [兴瑞科技] SELL @ 41.37 (VR:0.31)
[2026-06-24 18:22:06]  [行35] 解析成功: SZSE.000920 [沃顿科技] BUY @ 13.75 (VR:0.12)
[2026-06-24 18:22:06]  [行36] 解析成功: SZSE.000823 [超声电子] SELL @ 21.37 (VR:0.24)
[2026-06-24 18:22:06] 成功保存 36 条因子至: signal_batch_20260624_182206_160270.txt
[2026-06-24 18:22:06]  QQ-备用 邮件 2510 处理完成
[2026-06-24 18:22:06]  QQ-备用 正在解析因子: =?utf-8?b?QWxwaGFQaWxvdCDlpIfku73kv6Hlj7cgKGFscGhhX3NpZ25hbF90aHJfMjAyNjA2MjRfMDk0Mi5qc29uKSBb5aSHUVEt6Ieq5L+dXQ==?=
[2026-06-24 18:22:06]  发现表格，共 17 行数据
[2026-06-24 18:22:06]  动态索引映射: ['股票代码', '股票名称', '信号', '当前价格', '量比', '来源过滤']
[2026-06-24 18:22:06]  [行1] 解析成功: SHSE.688777 [中控技术] BUY @ 118.22 (VR:0.57)
[2026-06-24 18:22:06]  [行2] 解析成功: SHSE.688286 [敏芯股份] SELL @ 89.61 (VR:0.05)
[2026-06-24 18:22:06]  [行3] 解析成功: SHSE.688386 [泛亚微透] SELL @ 86.8 (VR:0.01)
[2026-06-24 18:22:06]  [行4] 解析成功: SHSE.688059 [华锐精密] BUY @ 206.39 (VR:0.4)
[2026-06-24 18:22:06]  [行5] 解析成功: SZSE.300868 [杰美特] SELL @ 157.57 (VR:0.13)
[2026-06-24 18:22:06]  [行6] 解析成功: SZSE.301252 [同星科技] BUY @ 44.52 (VR:1.15)
[2026-06-24 18:22:06]  [行7] 解析成功: SZSE.301392 [汇成真空] SELL @ 200.05 (VR:0.32)
[2026-06-24 18:22:06]  [行8] 解析成功: SZSE.300214 [日科化学] BUY @ 10.23 (VR:0.23)
[2026-06-24 18:22:06]  [行9] 解析成功: SHSE.688700 [东威科技] SELL @ 89.3 (VR:0.08)
[2026-06-24 18:22:06]  [行10] 解析成功: SHSE.688777 [中控技术] BUY @ 118.76 (VR:0.03)
[2026-06-24 18:22:06]  [行11] 解析成功: SHSE.688286 [敏芯股份] SELL @ 89.4 (VR:0.26)
[2026-06-24 18:22:06]  [行12] 解析成功: SHSE.688386 [泛亚微透] SELL @ 86.5 (VR:0.2)
[2026-06-24 18:22:06]  [行13] 解析成功: SHSE.688059 [华锐精密] BUY @ 206.86 (VR:0.25)
[2026-06-24 18:22:06]  [行14] 解析成功: SZSE.300868 [杰美特] SELL @ 157.52 (VR:0.14)
[2026-06-24 18:22:06]  [行15] 解析成功: SZSE.301252 [同星科技] BUY @ 44.56 (VR:0.61)
[2026-06-24 18:22:06]  [行16] 解析成功: SZSE.301392 [汇成真空] SELL @ 198.5 (VR:0.39)
[2026-06-24 18:22:06]  [行17] 解析成功: SZSE.300214 [日科化学] BUY @ 10.25 (VR:0.18)
[2026-06-24 18:22:06] 成功保存 17 条因子至: signal_batch_20260624_182206_431190.txt
[2026-06-24 18:22:06]  QQ-备用 邮件 2511 处理完成
[2026-06-24 18:22:06]  QQ-备用 正在解析因子: =?utf-8?b?QWxwaGFQaWxvdCDlpIfku73kv6Hlj7cgKGFscGhhX3NpZ25hbF90aHJfMjAyNjA2MjRfMDk0Ny5qc29uKSBb5aSHUVEt6Ieq5L+dXQ==?=
[2026-06-24 18:22:06]  发现表格，共 27 行数据
[2026-06-24 18:22:06]  动态索引映射: ['股票代码', '股票名称', '信号', '当前价格', '量比', '来源过滤']
[2026-06-24 18:22:06]  [行1] 解析成功: SHSE.688216 [气派科技] SELL @ 37.26 (VR:0.04)
[2026-06-24 18:22:06]  [行2] 解析成功: SHSE.688308 [欧科亿] SELL @ 178.0 (VR:0.15)
[2026-06-24 18:22:06]  [行3] 解析成功: SHSE.688249 [晶合集成] SELL @ 54.17 (VR:0.4)
[2026-06-24 18:22:06]  [行4] 解析成功: SHSE.688138 [清溢光电] SELL @ 37.16 (VR:0.26)
[2026-06-24 18:22:06]  [行5] 解析成功: SZSE.300196 [长海股份] BUY @ 30.02 (VR:0.16)
[2026-06-24 18:22:06]  [行6] 解析成功: SZSE.300088 [长信科技] BUY @ 9.7 (VR:0.12)
[2026-06-24 18:22:06]  [行7] 解析成功: SZSE.301362 [民爆光电] SELL @ 196.88 (VR:0.62)
[2026-06-24 18:22:06]  [行8] 解析成功: SZSE.300221 [银禧科技] SELL @ 17.25 (VR:0.23)
[2026-06-24 18:22:06]  [行9] 解析成功: SZSE.300420 [五洋自控] SELL @ 7.46 (VR:0.43)
[2026-06-24 18:22:06]  [行10] 解析成功: SZSE.300661 [圣邦股份] BUY @ 135.65 (VR:0.79)
[2026-06-24 18:22:06]  [行11] 解析成功: SZSE.300780 [德恩精工] BUY @ 31.0 (VR:1.23)
[2026-06-24 18:22:06]  [行12] 解析成功: SZSE.300497 [富祥股份] BUY @ 21.65 (VR:0.06)
[2026-06-24 18:22:06]  [行13] 解析成功: SZSE.301183 [东田微] SELL @ 249.99 (VR:0.01)
[2026-06-24 18:22:06]  [行14] 解析成功: SZSE.300304 [云意电气] BUY @ 18.59 (VR:0.01)
[2026-06-24 18:22:06]  [行15] 解析成功: SHSE.688216 [气派科技] SELL @ 37.13 (VR:0.37)
[2026-06-24 18:22:06]  [行16] 解析成功: SHSE.688308 [欧科亿] SELL @ 176.51 (VR:0.67)
[2026-06-24 18:22:06]  [行17] 解析成功: SHSE.688721 [龙图光罩] SELL @ 50.35 (VR:0.12)
[2026-06-24 18:22:06]  [行18] 解析成功: SHSE.688138 [清溢光电] SELL @ 37.1 (VR:0.57)
[2026-06-24 18:22:06]  [行19] 解析成功: SZSE.300088 [长信科技] BUY @ 9.75 (VR:0.22)
[2026-06-24 18:22:06]  [行20] 解析成功: SZSE.300221 [银禧科技] SELL @ 17.22 (VR:0.43)
[2026-06-24 18:22:06]  [行21] 解析成功: SZSE.300420 [五洋自控] SELL @ 7.45 (VR:0.82)
[2026-06-24 18:22:06]  [行22] 解析成功: SZSE.301323 [新莱福] SELL @ 90.05 (VR:0.59)
[2026-06-24 18:22:06]  [行23] 解析成功: SZSE.300661 [圣邦股份] BUY @ 136.15 (VR:0.09)
[2026-06-24 18:22:06]  [行24] 解析成功: SZSE.300780 [德恩精工] BUY @ 31.34 (VR:0.05)
[2026-06-24 18:22:06]  [行25] 解析成功: SZSE.300497 [富祥股份] BUY @ 21.83 (VR:0.02)
[2026-06-24 18:22:06]  [行26] 解析成功: SZSE.301183 [东田微] SELL @ 251.92 (VR:0.08)
[2026-06-24 18:22:06]  [行27] 解析成功: SZSE.300304 [云意电气] BUY @ 18.74 (VR:0.33)
[2026-06-24 18:22:06] 成功保存 27 条因子至: signal_batch_20260624_182206_707217.txt
[2026-06-24 18:22:06]  QQ-备用 邮件 2512 处理完成
[2026-06-24 18:22:06]  QQ-备用 正在解析因子: =?utf-8?b?QWxwaGFQaWxvdCDlpIfku73kv6Hlj7cgKGFscGhhX3NpZ25hbF90aHJfMjAyNjA2MjRfMDk1MC5qc29uKSBb5aSHUVEt6Ieq5L+dXQ==?=
[2026-06-24 18:22:06]  发现表格，共 13 行数据
[2026-06-24 18:22:06]  动态索引映射: ['股票代码', '股票名称', '信号', '当前价格', '量比', '来源过滤']
[2026-06-24 18:22:06]  [行1] 解析成功: SHSE.600353 [旭光电子] SELL @ 50.8 (VR:0.93)
[2026-06-24 18:22:06]  [行2] 解析成功: SZSE.300346 [南大光电] BUY @ 70.13 (VR:0.96)
[2026-06-24 18:22:06]  [行3] 解析成功: SZSE.300930 [屹通新材] SELL @ 33.87 (VR:3.08)
[2026-06-24 18:22:06]  [行4] 解析成功: SZSE.300936 [中英科技] SELL @ 121.48 (VR:0.41)
[2026-06-24 18:22:06]  [行5] 解析成功: SZSE.000510 [新金路] SELL @ 23.67 (VR:0.01)
[2026-06-24 18:22:06]  [行6] 解析成功: SZSE.300345 [华民股份] SELL @ 5.41 (VR:0.89)
[2026-06-24 18:22:06]  [行7] 解析成功: SHSE.600353 [旭光电子] SELL @ 50.5 (VR:1.91)
[2026-06-24 18:22:06]  [行8] 解析成功: SZSE.300308 [中际旭创] SELL @ 1320.99 (VR:0.51)
[2026-06-24 18:22:06]  [行9] 解析成功: SZSE.300346 [南大光电] BUY @ 70.55 (VR:0.56)
[2026-06-24 18:22:06]  [行10] 解析成功: SZSE.300930 [屹通新材] SELL @ 33.85 (VR:0.01)
[2026-06-24 18:22:06]  [行11] 解析成功: SZSE.000510 [新金路] SELL @ 23.61 (VR:0.04)
[2026-06-24 18:22:06]  [行12] 解析成功: SZSE.300259 [新天科技] SELL @ 5.23 (VR:0.41)
[2026-06-24 18:22:06]  [行13] 解析成功: SZSE.301226 [祥明智能] SELL @ 32.73 (VR:3.52)
[2026-06-24 18:22:06] 成功保存 13 条因子至: signal_batch_20260624_182206_992096.txt
[2026-06-24 18:22:07]  QQ-备用 邮件 2513 处理完成
[2026-06-24 18:22:07]  QQ-备用 正在解析因子: =?utf-8?b?QWxwaGFQaWxvdCDlpIfku73kv6Hlj7cgKGFscGhhX3NpZ25hbF90aHJfMjAyNjA2MjRfMDk1NS5qc29uKSBb5aSHUVEt6Ieq5L+dXQ==?=
[2026-06-24 18:22:07]  发现表格，共 27 行数据
[2026-06-24 18:22:07]  动态索引映射: ['股票代码', '股票名称', '信号', '当前价格', '量比', '来源过滤']
[2026-06-24 18:22:07]  [行1] 解析成功: SHSE.688665 [四方光电] SELL @ 57.6 (VR:0.29)
[2026-06-24 18:22:07]  [行2] 解析成功: SHSE.688002 [睿创微纳] BUY @ 142.87 (VR:0.09)
[2026-06-24 18:22:07]  [行3] 解析成功: SHSE.688521 [芯原股份] SELL @ 286.26 (VR:0.2)
[2026-06-24 18:22:07]  [行4] 解析成功: SHSE.688227 [品高股份] BUY @ 98.9 (VR:0.32)
[2026-06-24 18:22:07]  [行5] 解析成功: SZSE.300689 [澄天伟业] SELL @ 60.44 (VR:0.49)
[2026-06-24 18:22:07]  [行6] 解析成功: SZSE.301188 [力诺药包] BUY @ 70.34 (VR:1.91)
[2026-06-24 18:22:07]  [行7] 解析成功: SZSE.300806 [斯迪克] BUY @ 95.51 (VR:0.68)
[2026-06-24 18:22:07]  [行8] 解析成功: SZSE.300679 [电连技术] BUY @ 66.45 (VR:0.14)
[2026-06-24 18:22:07]  [行9] 解析成功: SZSE.301013 [利和兴] BUY @ 73.27 (VR:0.03)
[2026-06-24 18:22:07]  [行10] 解析成功: SZSE.300790 [宇瞳光学] SELL @ 26.79 (VR:0.11)
[2026-06-24 18:22:07]  [行11] 解析成功: SZSE.300921 [南凌科技] BUY @ 21.62 (VR:0.13)
[2026-06-24 18:22:07]  [行12] 解析成功: SZSE.300857 [协创数据] BUY @ 312.89 (VR:0.27)
[2026-06-24 18:22:07]  [行13] 解析成功: SZSE.000636 [风华高科] BUY @ 71.67 (VR:0.41)
[2026-06-24 18:22:07]  [行14] 解析成功: SHSE.688110 [东芯股份] BUY @ 165.32 (VR:0.52)
[2026-06-24 18:22:07]  [行15] 解析成功: SHSE.688665 [四方光电] SELL @ 57.17 (VR:0.46)
[2026-06-24 18:22:07]  [行16] 解析成功: SHSE.688002 [睿创微纳] BUY @ 143.13 (VR:0.42)
[2026-06-24 18:22:07]  [行17] 解析成功: SHSE.688102 [斯瑞新材] SELL @ 41.6 (VR:0.25)
[2026-06-24 18:22:07]  [行18] 解析成功: SHSE.688521 [芯原股份] SELL @ 284.92 (VR:0.41)
[2026-06-24 18:22:07]  [行19] 解析成功: SHSE.688227 [品高股份] BUY @ 99.07 (VR:0.51)
[2026-06-24 18:22:07]  [行20] 解析成功: SZSE.300689 [澄天伟业] SELL @ 60.39 (VR:1.49)
[2026-06-24 18:22:07]  [行21] 解析成功: SZSE.301188 [力诺药包] BUY @ 70.98 (VR:2.18)
[2026-06-24 18:22:07]  [行22] 解析成功: SZSE.300806 [斯迪克] BUY @ 95.7 (VR:0.04)
[2026-06-24 18:22:07]  [行23] 解析成功: SZSE.300679 [电连技术] BUY @ 66.85 (VR:0.01)
[2026-06-24 18:22:07]  [行24] 解析成功: SZSE.301013 [利和兴] BUY @ 73.79 (VR:0.07)
[2026-06-24 18:22:07]  [行25] 解析成功: SZSE.300790 [宇瞳光学] SELL @ 26.77 (VR:0.07)
[2026-06-24 18:22:07]  [行26] 解析成功: SZSE.300990 [同飞股份] BUY @ 102.72 (VR:0.43)
[2026-06-24 18:22:07]  [行27] 解析成功: SZSE.300857 [协创数据] BUY @ 312.95 (VR:0.35)
[2026-06-24 18:22:07] 成功保存 27 条因子至: signal_batch_20260624_182207_256691.txt
[2026-06-24 18:22:07]  QQ-备用 邮件 2514 处理完成
[2026-06-24 18:22:07]  QQ-备用 正在解析因子: =?utf-8?b?QWxwaGFQaWxvdCDlpIfku73kv6Hlj7cgKGFscGhhX3NpZ25hbF90aHJfMjAyNjA2MjRfMTAwMC5qc29uKSBb5aSHUVEt6Ieq5L+dXQ==?=
[2026-06-24 18:22:07]  发现表格，共 33 行数据
[2026-06-24 18:22:07]  动态索引映射: ['股票代码', '股票名称', '信号', '当前价格', '量比', '来源过滤']
[2026-06-24 18:22:07]  [行1] 解析成功: SHSE.603773 [沃格光电] SELL @ 168.02 (VR:0.87)
[2026-06-24 18:22:07]  [行2] 解析成功: SHSE.603618 [杭电股份] SELL @ 55.17 (VR:1.74)
[2026-06-24 18:22:07]  [行3] 解析成功: SHSE.605111 [新洁能] BUY @ 78.99 (VR:0.89)
[2026-06-24 18:22:07]  [行4] 解析成功: SHSE.600259 [中稀有色] BUY @ 102.38 (VR:0.06)
[2026-06-24 18:22:07]  [行5] 解析成功: SHSE.603175 [超颖电子] SELL @ 92.4 (VR:0.02)
[2026-06-24 18:22:07]  [行6] 解析成功: SHSE.600460 [士兰微] BUY @ 49.5 (VR:0.08)
[2026-06-24 18:22:07]  [行7] 解析成功: SZSE.002718 [友邦吊顶] SELL @ 109.49 (VR:0.69)
[2026-06-24 18:22:07]  [行8] 解析成功: SZSE.002378 [章源钨业] BUY @ 34.6 (VR:0.15)
[2026-06-24 18:22:07]  [行9] 解析成功: SZSE.002768 [国恩股份] BUY @ 53.42 (VR:1.52)
[2026-06-24 18:22:07]  [行10] 解析成功: SZSE.001339 [智微智能] BUY @ 123.8 (VR:0.25)
[2026-06-24 18:22:07]  [行11] 解析成功: SZSE.000593 [德龙汇能] SELL @ 25.35 (VR:0.36)
[2026-06-24 18:22:07]  [行12] 解析成功: SZSE.002552 [宝鼎科技] BUY @ 71.9 (VR:1.64)
[2026-06-24 18:22:07]  [行13] 解析成功: SZSE.003031 [中瓷电子] BUY @ 187.97 (VR:0.33)
[2026-06-24 18:22:07]  [行14] 解析成功: SZSE.002643 [万润股份] BUY @ 17.93 (VR:0.52)
[2026-06-24 18:22:07]  [行15] 解析成功: SZSE.001282 [三联锻造] BUY @ 21.76 (VR:0.45)
[2026-06-24 18:22:07]  [行16] 解析成功: SZSE.002937 [兴瑞科技] BUY @ 40.64 (VR:0.34)
[2026-06-24 18:22:07]  [行17] 解析成功: SZSE.000920 [沃顿科技] BUY @ 13.54 (VR:0.32)
[2026-06-24 18:22:07]  [行18] 解析成功: SZSE.000823 [超声电子] BUY @ 21.66 (VR:0.07)
[2026-06-24 18:22:07]  [行19] 解析成功: SHSE.603773 [沃格光电] SELL @ 167.78 (VR:0.09)
[2026-06-24 18:22:07]  [行20] 解析成功: SHSE.603618 [杭电股份] SELL @ 55.11 (VR:0.08)
[2026-06-24 18:22:07]  [行21] 解析成功: SHSE.600259 [中稀有色] BUY @ 102.45 (VR:0.14)
[2026-06-24 18:22:07]  [行22] 解析成功: SHSE.603175 [超颖电子] SELL @ 92.21 (VR:0.24)
[2026-06-24 18:22:07]  [行23] 解析成功: SHSE.600909 [华安证券] BUY @ 11.51 (VR:0.25)
[2026-06-24 18:22:07]  [行24] 解析成功: SHSE.600460 [士兰微] BUY @ 49.71 (VR:0.41)
[2026-06-24 18:22:07]  [行25] 解析成功: SHSE.603206 [嘉环科技] SELL @ 17.59 (VR:0.19)
[2026-06-24 18:22:07]  [行26] 解析成功: SZSE.001339 [智微智能] BUY @ 124.16 (VR:0.92)
[2026-06-24 18:22:07]  [行27] 解析成功: SZSE.000593 [德龙汇能] SELL @ 25.28 (VR:0.22)
[2026-06-24 18:22:07]  [行28] 解析成功: SZSE.003031 [中瓷电子] BUY @ 188.66 (VR:1.28)
[2026-06-24 18:22:07]  [行29] 解析成功: SZSE.002643 [万润股份] BUY @ 17.98 (VR:0.1)
[2026-06-24 18:22:07]  [行30] 解析成功: SZSE.001282 [三联锻造] BUY @ 21.83 (VR:0.07)
[2026-06-24 18:22:07]  [行31] 解析成功: SZSE.002937 [兴瑞科技] BUY @ 40.67 (VR:1.0)
[2026-06-24 18:22:07]  [行32] 解析成功: SZSE.000920 [沃顿科技] BUY @ 13.56 (VR:0.01)
[2026-06-24 18:22:07]  [行33] 解析成功: SZSE.000823 [超声电子] BUY @ 21.71 (VR:0.19)
[2026-06-24 18:22:07] 成功保存 33 条因子至: signal_batch_20260624_182207_533326.txt
[2026-06-24 18:22:07]  QQ-备用 邮件 2515 处理完成
[2026-06-24 18:22:07]  QQ-备用 正在解析因子: =?utf-8?b?QWxwaGFQaWxvdCDlpIfku73kv6Hlj7cgKGFscGhhX3NpZ25hbF90aHJfMjAyNjA2MjRfMTAwNC5qc29uKSBb5aSHUVEt6Ieq5L+dXQ==?=
[2026-06-24 18:22:07]  发现表格，共 24 行数据
[2026-06-24 18:22:07]  动态索引映射: ['股票代码', '股票名称', '信号', '当前价格', '量比', '来源过滤']
[2026-06-24 18:22:07]  [行1] 解析成功: SHSE.601016 [节能风电] BUY @ 3.56 (VR:0.4)
[2026-06-24 18:22:07]  [行2] 解析成功: SHSE.688286 [敏芯股份] BUY @ 90.64 (VR:0.14)
[2026-06-24 18:22:07]  [行3] 解析成功: SHSE.688511 [天微电子] SELL @ 30.76 (VR:1.48)
[2026-06-24 18:22:07]  [行4] 解析成功: SZSE.300037 [新宙邦] BUY @ 84.81 (VR:0.51)
[2026-06-24 18:22:07]  [行5] 解析成功: SZSE.300449 [汉邦高科] SELL @ 8.4 (VR:0.06)
[2026-06-24 18:22:07]  [行6] 解析成功: SZSE.002980 [华盛昌] SELL @ 112.51 (VR:0.06)
[2026-06-24 18:22:07]  [行7] 解析成功: SZSE.300868 [杰美特] SELL @ 157.27 (VR:0.06)
[2026-06-24 18:22:07]  [行8] 解析成功: SZSE.300285 [国瓷材料] SELL @ 93.32 (VR:0.25)
[2026-06-24 18:22:07]  [行9] 解析成功: SZSE.301252 [同星科技] SELL @ 44.71 (VR:0.45)
[2026-06-24 18:22:07]  [行10] 解析成功: SZSE.301392 [汇成真空] BUY @ 203.6 (VR:0.15)
[2026-06-24 18:22:07]  [行11] 解析成功: SZSE.300234 [开尔新材] SELL @ 11.16 (VR:0.18)
[2026-06-24 18:22:07]  [行12] 解析成功: SZSE.300214 [日科化学] BUY @ 10.35 (VR:0.68)
[2026-06-24 18:22:07]  [行13] 解析成功: SHSE.688286 [敏芯股份] BUY @ 90.74 (VR:1.3)
[2026-06-24 18:22:07]  [行14] 解析成功: SHSE.688511 [天微电子] SELL @ 30.55 (VR:5.86)
[2026-06-24 18:22:07]  [行15] 解析成功: SHSE.688386 [泛亚微透] BUY @ 87.79 (VR:0.12)
[2026-06-24 18:22:07]  [行16] 解析成功: SZSE.300037 [新宙邦] BUY @ 85.07 (VR:0.03)
[2026-06-24 18:22:07]  [行17] 解析成功: SZSE.300449 [汉邦高科] SELL @ 8.4 (VR:0.16)
[2026-06-24 18:22:07]  [行18] 解析成功: SZSE.002980 [华盛昌] SELL @ 112.43 (VR:0.27)
[2026-06-24 18:22:07]  [行19] 解析成功: SZSE.300868 [杰美特] SELL @ 156.62 (VR:0.21)
[2026-06-24 18:22:07]  [行20] 解析成功: SZSE.301281 [利源制药] SELL @ 47.04 (VR:0.36)
[2026-06-24 18:22:07]  [行21] 解析成功: SZSE.300285 [国瓷材料] SELL @ 93.05 (VR:0.97)
[2026-06-24 18:22:07]  [行22] 解析成功: SZSE.301252 [同星科技] SELL @ 44.34 (VR:0.66)
[2026-06-24 18:22:07]  [行23] 解析成功: SZSE.300234 [开尔新材] SELL @ 11.14 (VR:1.33)
[2026-06-24 18:22:07]  [行24] 解析成功: SZSE.300214 [日科化学] BUY @ 10.38 (VR:0.7)
[2026-06-24 18:22:07] 成功保存 24 条因子至: signal_batch_20260624_182207_816079.txt
[2026-06-24 18:22:07]  QQ-备用 邮件 2516 处理完成
[2026-06-24 18:22:08]  QQ-备用 正在解析因子: =?utf-8?b?QWxwaGFQaWxvdCDlpIfku73kv6Hlj7cgKGFscGhhX3NpZ25hbF90aHJfMjAyNjA2MjRfMTAwOS5qc29uKSBb5aSHUVEt6Ieq5L+dXQ==?=
[2026-06-24 18:22:08]  发现表格，共 32 行数据
[2026-06-24 18:22:08]  动态索引映射: ['股票代码', '股票名称', '信号', '当前价格', '量比', '来源过滤']
[2026-06-24 18:22:08]  [行1] 解析成功: SHSE.688721 [龙图光罩] BUY @ 51.68 (VR:0.46)
[2026-06-24 18:22:08]  [行2] 解析成功: SHSE.688733 [壹石通] SELL @ 40.3 (VR:0.78)
[2026-06-24 18:22:08]  [行3] 解析成功: SHSE.688138 [清溢光电] BUY @ 38.15 (VR:0.61)
[2026-06-24 18:22:08]  [行4] 解析成功: SZSE.300196 [长海股份] BUY @ 31.0 (VR:0.1)
[2026-06-24 18:22:08]  [行5] 解析成功: SZSE.300088 [长信科技] BUY @ 9.72 (VR:0.31)
[2026-06-24 18:22:08]  [行6] 解析成功: SZSE.300709 [精研科技] BUY @ 66.43 (VR:0.32)
[2026-06-24 18:22:08]  [行7] 解析成功: SZSE.301362 [民爆光电] BUY @ 198.06 (VR:0.12)
[2026-06-24 18:22:08]  [行8] 解析成功: SZSE.300221 [银禧科技] BUY @ 17.28 (VR:0.09)
[2026-06-24 18:22:08]  [行9] 解析成功: SZSE.301323 [新莱福] BUY @ 91.5 (VR:0.66)
[2026-06-24 18:22:08]  [行10] 解析成功: SZSE.300661 [圣邦股份] SELL @ 137.0 (VR:0.29)
[2026-06-24 18:22:08]  [行11] 解析成功: SZSE.300780 [德恩精工] BUY @ 30.34 (VR:1.48)
[2026-06-24 18:22:08]  [行12] 解析成功: SZSE.301195 [北路智控] SELL @ 30.42 (VR:0.72)
[2026-06-24 18:22:08]  [行13] 解析成功: SZSE.300497 [富祥股份] BUY @ 21.73 (VR:0.31)
[2026-06-24 18:22:08]  [行14] 解析成功: SZSE.300852 [四会富仕] BUY @ 60.2 (VR:0.5)
[2026-06-24 18:22:08]  [行15] 解析成功: SHSE.688216 [气派科技] BUY @ 39.66 (VR:1.05)
[2026-06-24 18:22:08]  [行16] 解析成功: SHSE.688308 [欧科亿] SELL @ 182.8 (VR:0.91)
[2026-06-24 18:22:08]  [行17] 解析成功: SHSE.688721 [龙图光罩] BUY @ 51.72 (VR:0.41)
[2026-06-24 18:22:08]  [行18] 解析成功: SHSE.688733 [壹石通] SELL @ 40.29 (VR:0.08)
[2026-06-24 18:22:08]  [行19] 解析成功: SHSE.688249 [晶合集成] BUY @ 57.7 (VR:0.2)
[2026-06-24 18:22:08]  [行20] 解析成功: SHSE.688138 [清溢光电] BUY @ 38.21 (VR:0.02)
[2026-06-24 18:22:08]  [行21] 解析成功: SZSE.300196 [长海股份] BUY @ 31.18 (VR:0.11)
[2026-06-24 18:22:08]  [行22] 解析成功: SZSE.300088 [长信科技] BUY @ 9.77 (VR:0.14)
[2026-06-24 18:22:08]  [行23] 解析成功: SZSE.300709 [精研科技] BUY @ 66.96 (VR:0.23)
[2026-06-24 18:22:08]  [行24] 解析成功: SZSE.301362 [民爆光电] BUY @ 198.92 (VR:0.44)
[2026-06-24 18:22:08]  [行25] 解析成功: SZSE.300221 [银禧科技] BUY @ 17.28 (VR:0.07)
[2026-06-24 18:22:08]  [行26] 解析成功: SZSE.301323 [新莱福] BUY @ 91.72 (VR:0.44)
[2026-06-24 18:22:08]  [行27] 解析成功: SZSE.300661 [圣邦股份] SELL @ 136.93 (VR:0.19)
[2026-06-24 18:22:08]  [行28] 解析成功: SZSE.300780 [德恩精工] BUY @ 30.4 (VR:0.31)
[2026-06-24 18:22:08]  [行29] 解析成功: SZSE.301195 [北路智控] SELL @ 30.41 (VR:0.91)
[2026-06-24 18:22:08]  [行30] 解析成功: SZSE.300497 [富祥股份] BUY @ 21.8 (VR:0.54)
[2026-06-24 18:22:08]  [行31] 解析成功: SZSE.301183 [东田微] BUY @ 262.02 (VR:2.75)
[2026-06-24 18:22:08]  [行32] 解析成功: SZSE.300304 [云意电气] BUY @ 19.1 (VR:0.58)
[2026-06-24 18:22:08] 成功保存 32 条因子至: signal_batch_20260624_182208_107740.txt
[2026-06-24 18:22:08]  QQ-备用 邮件 2517 处理完成
[2026-06-24 18:22:08]  QQ-备用 正在解析因子: =?utf-8?b?QWxwaGFQaWxvdCDlpIfku73kv6Hlj7cgKGFscGhhX3NpZ25hbF90aHJfMjAyNjA2MjRfMTAxNC5qc29uKSBb5aSHUVEt6Ieq5L+dXQ==?=
[2026-06-24 18:22:08]  发现表格，共 9 行数据
[2026-06-24 18:22:08]  动态索引映射: ['股票代码', '股票名称', '信号', '当前价格', '量比', '来源过滤']
[2026-06-24 18:22:08]  [行1] 解析成功: SHSE.600353 [旭光电子] BUY @ 50.55 (VR:0.31)
[2026-06-24 18:22:08]  [行2] 解析成功: SHSE.688392 [娇成超声] SELL @ 175.41 (VR:0.35)
[2026-06-24 18:22:08]  [行3] 解析成功: SZSE.300720 [海川智能] SELL @ 79.07 (VR:0.28)
[2026-06-24 18:22:08]  [行4] 解析成功: SZSE.300308 [中际旭创] SELL @ 1320.79 (VR:0.77)
[2026-06-24 18:22:08]  [行5] 解析成功: SZSE.000510 [新金路] SELL @ 23.53 (VR:0.3)
[2026-06-24 18:22:08]  [行6] 解析成功: SZSE.301018 [申菱环境] BUY @ 111.54 (VR:2.75)
[2026-06-24 18:22:08]  [行7] 解析成功: SZSE.300345 [华民股份] SELL @ 5.57 (VR:0.37)
[2026-06-24 18:22:08]  [行8] 解析成功: SHSE.600353 [旭光电子] BUY @ 50.57 (VR:0.21)
[2026-06-24 18:22:08]  [行9] 解析成功: SZSE.300720 [海川智能] SELL @ 78.68 (VR:0.33)
[2026-06-24 18:22:08] 成功保存 9 条因子至: signal_batch_20260624_182208_369102.txt
[2026-06-24 18:22:08]  QQ-备用 邮件 2518 处理完成
[2026-06-24 18:22:08]  QQ-备用 正在解析因子: =?utf-8?b?QWxwaGFQaWxvdCDlpIfku73kv6Hlj7cgKGFscGhhX3NpZ25hbF90aHJfMjAyNjA2MjRfMTAyMC5qc29uKSBb5aSHUVEt6Ieq5L+dXQ==?=
[2026-06-24 18:22:08]  发现表格，共 32 行数据
[2026-06-24 18:22:08]  动态索引映射: ['股票代码', '股票名称', '信号', '当前价格', '量比', '来源过滤']
[2026-06-24 18:22:08]  [行1] 解析成功: SHSE.688110 [东芯股份] BUY @ 165.51 (VR:0.04)
[2026-06-24 18:22:08]  [行2] 解析成功: SHSE.688665 [四方光电] SELL @ 57.8 (VR:2.65)
[2026-06-24 18:22:08]  [行3] 解析成功: SHSE.688002 [睿创微纳] SELL @ 144.46 (VR:0.1)
[2026-06-24 18:22:08]  [行4] 解析成功: SHSE.688102 [斯瑞新材] BUY @ 42.71 (VR:0.32)
[2026-06-24 18:22:08]  [行5] 解析成功: SHSE.688521 [芯原股份] BUY @ 293.69 (VR:0.66)
[2026-06-24 18:22:08]  [行6] 解析成功: SZSE.300689 [澄天伟业] SELL @ 60.99 (VR:0.8)
[2026-06-24 18:22:08]  [行7] 解析成功: SZSE.301045 [天禄科技] BUY @ 64.86 (VR:0.27)
[2026-06-24 18:22:08]  [行8] 解析成功: SZSE.301188 [力诺药包] SELL @ 68.65 (VR:0.94)
[2026-06-24 18:22:08]  [行9] 解析成功: SZSE.300806 [斯迪克] SELL @ 98.39 (VR:1.02)
[2026-06-24 18:22:08]  [行10] 解析成功: SZSE.301322 [绿通科技] BUY @ 60.29 (VR:0.69)
[2026-06-24 18:22:08]  [行11] 解析成功: SZSE.300679 [电连技术] SELL @ 67.19 (VR:0.19)
[2026-06-24 18:22:08]  [行12] 解析成功: SZSE.301013 [利和兴] SELL @ 74.07 (VR:0.07)
[2026-06-24 18:22:08]  [行13] 解析成功: SZSE.300376 [易事特] SELL @ 5.75 (VR:0.1)
[2026-06-24 18:22:08]  [行14] 解析成功: SZSE.300620 [光库科技] BUY @ 395.23 (VR:0.93)
[2026-06-24 18:22:08]  [行15] 解析成功: SZSE.300790 [宇瞳光学] BUY @ 26.63 (VR:0.05)
[2026-06-24 18:22:08]  [行16] 解析成功: SZSE.300921 [南凌科技] BUY @ 21.57 (VR:0.22)
[2026-06-24 18:22:08]  [行17] 解析成功: SZSE.300857 [协创数据] BUY @ 315.55 (VR:0.61)
[2026-06-24 18:22:08]  [行18] 解析成功: SZSE.000636 [风华高科] SELL @ 72.01 (VR:0.42)
[2026-06-24 18:22:08]  [行19] 解析成功: SHSE.688110 [东芯股份] BUY @ 166.85 (VR:2.37)
[2026-06-24 18:22:08]  [行20] 解析成功: SHSE.688665 [四方光电] SELL @ 57.71 (VR:0.16)
[2026-06-24 18:22:08]  [行21] 解析成功: SHSE.688002 [睿创微纳] SELL @ 144.19 (VR:0.51)
[2026-06-24 18:22:08]  [行22] 解析成功: SZSE.300689 [澄天伟业] SELL @ 60.71 (VR:0.09)
[2026-06-24 18:22:08]  [行23] 解析成功: SZSE.301045 [天禄科技] BUY @ 65.14 (VR:0.17)
[2026-06-24 18:22:08]  [行24] 解析成功: SZSE.300806 [斯迪克] SELL @ 98.18 (VR:0.37)
[2026-06-24 18:22:08]  [行25] 解析成功: SZSE.301322 [绿通科技] BUY @ 60.3 (VR:1.09)
[2026-06-24 18:22:08]  [行26] 解析成功: SZSE.301013 [利和兴] SELL @ 73.51 (VR:0.63)
[2026-06-24 18:22:08]  [行27] 解析成功: SZSE.300376 [易事特] SELL @ 5.74 (VR:0.98)
[2026-06-24 18:22:08]  [行28] 解析成功: SZSE.300620 [光库科技] BUY @ 396.1 (VR:0.5)
[2026-06-24 18:22:08]  [行29] 解析成功: SZSE.300790 [宇瞳光学] BUY @ 26.66 (VR:0.3)
[2026-06-24 18:22:08]  [行30] 解析成功: SZSE.300921 [南凌科技] BUY @ 21.61 (VR:0.24)
[2026-06-24 18:22:08]  [行31] 解析成功: SZSE.300857 [协创数据] BUY @ 318.19 (VR:0.46)
[2026-06-24 18:22:08]  [行32] 解析成功: SZSE.000636 [风华高科] SELL @ 71.91 (VR:0.07)
[2026-06-24 18:22:08] 成功保存 32 条因子至: signal_batch_20260624_182208_650216.txt
[2026-06-24 18:22:08]  QQ-备用 邮件 2519 处理完成
[2026-06-24 18:22:08]  QQ-备用 正在解析因子: =?utf-8?b?QWxwaGFQaWxvdCDlpIfku73kv6Hlj7cgKGFscGhhX3NpZ25hbF90aHJfMjAyNjA2MjRfMTAyNS5qc29uKSBb5aSHUVEt6Ieq5L+dXQ==?=
[2026-06-24 18:22:08]  发现表格，共 32 行数据
[2026-06-24 18:22:08]  动态索引映射: ['股票代码', '股票名称', '信号', '当前价格', '量比', '来源过滤']
[2026-06-24 18:22:08]  [行1] 解析成功: SHSE.603618 [杭电股份] SELL @ 53.41 (VR:0.98)
[2026-06-24 18:22:08]  [行2] 解析成功: SHSE.603175 [超颖电子] BUY @ 92.29 (VR:0.4)
[2026-06-24 18:22:08]  [行3] 解析成功: SHSE.600909 [华安证券] SELL @ 11.51 (VR:0.15)
[2026-06-24 18:22:08]  [行4] 解析成功: SHSE.600460 [士兰微] BUY @ 49.88 (VR:0.04)
[2026-06-24 18:22:08]  [行5] 解析成功: SHSE.603206 [嘉环科技] BUY @ 17.42 (VR:0.01)
[2026-06-24 18:22:08]  [行6] 解析成功: SZSE.002718 [友邦吊顶] BUY @ 109.94 (VR:1.11)
[2026-06-24 18:22:08]  [行7] 解析成功: SZSE.002378 [章源钨业] SELL @ 35.48 (VR:0.27)
[2026-06-24 18:22:08]  [行8] 解析成功: SZSE.001339 [智微智能] BUY @ 124.81 (VR:0.3)
[2026-06-24 18:22:08]  [行9] 解析成功: SZSE.000593 [德龙汇能] BUY @ 24.75 (VR:0.73)
[2026-06-24 18:22:08]  [行10] 解析成功: SZSE.002552 [宝鼎科技] BUY @ 73.1 (VR:0.58)
[2026-06-24 18:22:08]  [行11] 解析成功: SZSE.003031 [中瓷电子] BUY @ 190.64 (VR:0.98)
[2026-06-24 18:22:08]  [行12] 解析成功: SZSE.002643 [万润股份] SELL @ 18.18 (VR:0.73)
[2026-06-24 18:22:08]  [行13] 解析成功: SZSE.001282 [三联锻造] BUY @ 21.76 (VR:3.54)
[2026-06-24 18:22:08]  [行14] 解析成功: SZSE.000920 [沃顿科技] BUY @ 13.68 (VR:0.29)
[2026-06-24 18:22:08]  [行15] 解析成功: SZSE.000823 [超声电子] BUY @ 21.8 (VR:1.06)
[2026-06-24 18:22:08]  [行16] 解析成功: SHSE.603618 [杭电股份] SELL @ 53.32 (VR:0.23)
[2026-06-24 18:22:08]  [行17] 解析成功: SHSE.605111 [新洁能] BUY @ 80.34 (VR:0.15)
[2026-06-24 18:22:08]  [行18] 解析成功: SHSE.600259 [中稀有色] BUY @ 102.48 (VR:0.71)
[2026-06-24 18:22:08]  [行19] 解析成功: SHSE.600909 [华安证券] SELL @ 11.5 (VR:0.42)
[2026-06-24 18:22:08]  [行20] 解析成功: SHSE.600460 [士兰微] BUY @ 50.04 (VR:0.83)
[2026-06-24 18:22:08]  [行21] 解析成功: SHSE.603206 [嘉环科技] BUY @ 17.48 (VR:0.13)
[2026-06-24 18:22:08]  [行22] 解析成功: SZSE.002718 [友邦吊顶] BUY @ 109.95 (VR:1.31)
[2026-06-24 18:22:08]  [行23] 解析成功: SZSE.002378 [章源钨业] SELL @ 35.43 (VR:0.48)
[2026-06-24 18:22:08]  [行24] 解析成功: SZSE.002768 [国恩股份] BUY @ 53.05 (VR:0.91)
[2026-06-24 18:22:08]  [行25] 解析成功: SZSE.001339 [智微智能] BUY @ 125.05 (VR:0.11)
[2026-06-24 18:22:08]  [行26] 解析成功: SZSE.000593 [德龙汇能] BUY @ 24.86 (VR:1.14)
[2026-06-24 18:22:08]  [行27] 解析成功: SZSE.002552 [宝鼎科技] BUY @ 73.17 (VR:0.12)
[2026-06-24 18:22:08]  [行28] 解析成功: SZSE.003031 [中瓷电子] BUY @ 190.8 (VR:0.16)
[2026-06-24 18:22:08]  [行29] 解析成功: SZSE.002643 [万润股份] SELL @ 18.16 (VR:0.23)
[2026-06-24 18:22:08]  [行30] 解析成功: SZSE.001282 [三联锻造] BUY @ 21.78 (VR:0.01)
[2026-06-24 18:22:08]  [行31] 解析成功: SZSE.002937 [兴瑞科技] SELL @ 40.37 (VR:0.21)
[2026-06-24 18:22:08]  [行32] 解析成功: SZSE.000920 [沃顿科技] BUY @ 13.71 (VR:0.06)
[2026-06-24 18:22:08] 成功保存 32 条因子至: signal_batch_20260624_182208_919793.txt
[2026-06-24 18:22:09]  QQ-备用 邮件 2520 处理完成
[2026-06-24 18:22:09]  QQ-备用 正在解析因子: =?utf-8?b?QWxwaGFQaWxvdCDlpIfku73kv6Hlj7cgKGFscGhhX3NpZ25hbF90aHJfMjAyNjA2MjRfMTAzMC5qc29uKSBb5aSHUVEt6Ieq5L+dXQ==?=
[2026-06-24 18:22:09]  发现表格，共 17 行数据
[2026-06-24 18:22:09]  动态索引映射: ['股票代码', '股票名称', '信号', '当前价格', '量比', '来源过滤']
[2026-06-24 18:22:09]  [行1] 解析成功: SHSE.601016 [节能风电] SELL @ 3.61 (VR:0.03)
[2026-06-24 18:22:09]  [行2] 解析成功: SHSE.688286 [敏芯股份] BUY @ 91.2 (VR:0.15)
[2026-06-24 18:22:09]  [行3] 解析成功: SHSE.688511 [天微电子] SELL @ 30.33 (VR:0.18)
[2026-06-24 18:22:09]  [行4] 解析成功: SHSE.688386 [泛亚微透] SELL @ 88.32 (VR:1.22)
[2026-06-24 18:22:09]  [行5] 解析成功: SHSE.688059 [华锐精密] BUY @ 214.0 (VR:0.21)
[2026-06-24 18:22:09]  [行6] 解析成功: SZSE.300643 [万通智控] BUY @ 18.48 (VR:0.35)
[2026-06-24 18:22:09]  [行7] 解析成功: SZSE.002980 [华盛昌] SELL @ 113.24 (VR:0.9)
[2026-06-24 18:22:09]  [行8] 解析成功: SZSE.300868 [杰美特] SELL @ 153.74 (VR:2.0)
[2026-06-24 18:22:09]  [行9] 解析成功: SZSE.300285 [国瓷材料] SELL @ 92.8 (VR:0.09)
[2026-06-24 18:22:09]  [行10] 解析成功: SZSE.301252 [同星科技] SELL @ 46.09 (VR:0.43)
[2026-06-24 18:22:09]  [行11] 解析成功: SZSE.300234 [开尔新材] SELL @ 11.32 (VR:0.07)
[2026-06-24 18:22:09]  [行12] 解析成功: SHSE.601016 [节能风电] SELL @ 3.6 (VR:0.41)
[2026-06-24 18:22:09]  [行13] 解析成功: SHSE.688286 [敏芯股份] BUY @ 92.99 (VR:2.8)
[2026-06-24 18:22:09]  [行14] 解析成功: SHSE.688386 [泛亚微透] SELL @ 87.99 (VR:0.33)
[2026-06-24 18:22:09]  [行15] 解析成功: SZSE.002980 [华盛昌] SELL @ 113.14 (VR:0.02)
[2026-06-24 18:22:09]  [行16] 解析成功: SZSE.300285 [国瓷材料] SELL @ 92.42 (VR:0.33)
[2026-06-24 18:22:09]  [行17] 解析成功: SZSE.301252 [同星科技] SELL @ 46.08 (VR:0.73)
[2026-06-24 18:22:09] 成功保存 17 条因子至: signal_batch_20260624_182209_218927.txt
[2026-06-24 18:22:09]  QQ-备用 邮件 2521 处理完成
[2026-06-24 18:22:09]  QQ-备用 正在解析因子: =?utf-8?b?QWxwaGFQaWxvdCDlpIfku73kv6Hlj7cgKGFscGhhX3NpZ25hbF90aHJfMjAyNjA2MjRfMTAzMy5qc29uKSBb5aSHUVEt6Ieq5L+dXQ==?=
[2026-06-24 18:22:09]  发现表格，共 16 行数据
[2026-06-24 18:22:09]  动态索引映射: ['股票代码', '股票名称', '信号', '当前价格', '量比', '来源过滤']
[2026-06-24 18:22:09]  [行1] 解析成功: SHSE.688216 [气派科技] SELL @ 39.5 (VR:0.08)
[2026-06-24 18:22:09]  [行2] 解析成功: SHSE.688308 [欧科亿] BUY @ 183.46 (VR:0.07)
[2026-06-24 18:22:09]  [行3] 解析成功: SZSE.300088 [长信科技] BUY @ 9.58 (VR:3.08)
[2026-06-24 18:22:09]  [行4] 解析成功: SZSE.300709 [精研科技] BUY @ 66.84 (VR:0.36)
[2026-06-24 18:22:09]  [行5] 解析成功: SZSE.301362 [民爆光电] SELL @ 200.6 (VR:0.35)
[2026-06-24 18:22:09]  [行6] 解析成功: SZSE.300780 [德恩精工] SELL @ 30.78 (VR:0.1)
[2026-06-24 18:22:09]  [行7] 解析成功: SZSE.301195 [北路智控] SELL @ 30.05 (VR:1.99)
[2026-06-24 18:22:09]  [行8] 解析成功: SZSE.300304 [云意电气] SELL @ 19.14 (VR:1.23)
[2026-06-24 18:22:09]  [行9] 解析成功: SHSE.688216 [气派科技] SELL @ 39.47 (VR:0.2)
[2026-06-24 18:22:09]  [行10] 解析成功: SHSE.688308 [欧科亿] BUY @ 184.88 (VR:0.63)
[2026-06-24 18:22:09]  [行11] 解析成功: SZSE.300088 [长信科技] BUY @ 9.6 (VR:0.27)
[2026-06-24 18:22:09]  [行12] 解析成功: SZSE.300709 [精研科技] BUY @ 67.09 (VR:0.5)
[2026-06-24 18:22:09]  [行13] 解析成功: SZSE.301362 [民爆光电] SELL @ 200.02 (VR:0.86)
[2026-06-24 18:22:09]  [行14] 解析成功: SZSE.300780 [德恩精工] SELL @ 30.68 (VR:0.34)
[2026-06-24 18:22:09]  [行15] 解析成功: SZSE.301195 [北路智控] SELL @ 29.94 (VR:2.61)
[2026-06-24 18:22:09]  [行16] 解析成功: SZSE.300304 [云意电气] SELL @ 19.09 (VR:1.68)
[2026-06-24 18:22:09] 成功保存 16 条因子至: signal_batch_20260624_182209_471916.txt
[2026-06-24 18:22:09]  QQ-备用 邮件 2522 处理完成
[2026-06-24 18:22:09]  QQ-备用 正在解析因子: =?utf-8?b?QWxwaGFQaWxvdCDlpIfku73kv6Hlj7cgKGFscGhhX3NpZ25hbF90aHJfMjAyNjA2MjRfMTAzNi5qc29uKSBb5aSHUVEt6Ieq5L+dXQ==?=
[2026-06-24 18:22:09]  发现表格，共 12 行数据
[2026-06-24 18:22:09]  动态索引映射: ['股票代码', '股票名称', '信号', '当前价格', '量比', '来源过滤']
[2026-06-24 18:22:09]  [行1] 解析成功: SZSE.300930 [屹通新材] BUY @ 33.54 (VR:0.13)
[2026-06-24 18:22:09]  [行2] 解析成功: SZSE.300433 [蓝思科技] SELL @ 52.53 (VR:0.13)
[2026-06-24 18:22:09]  [行3] 解析成功: SZSE.300936 [中英科技] SELL @ 122.92 (VR:1.01)
[2026-06-24 18:22:09]  [行4] 解析成功: SZSE.000510 [新金路] SELL @ 24.45 (VR:1.34)
[2026-06-24 18:22:09]  [行5] 解析成功: SZSE.300739 [明阳电路] BUY @ 31.73 (VR:1.41)
[2026-06-24 18:22:09]  [行6] 解析成功: SZSE.301226 [祥明智能] BUY @ 32.89 (VR:0.77)
[2026-06-24 18:22:09]  [行7] 解析成功: SZSE.300930 [屹通新材] BUY @ 33.57 (VR:0.49)
[2026-06-24 18:22:09]  [行8] 解析成功: SZSE.300433 [蓝思科技] SELL @ 52.37 (VR:0.38)
[2026-06-24 18:22:09]  [行9] 解析成功: SZSE.300936 [中英科技] SELL @ 122.48 (VR:1.32)
[2026-06-24 18:22:09]  [行10] 解析成功: SZSE.000510 [新金路] SELL @ 24.3 (VR:1.33)
[2026-06-24 18:22:09]  [行11] 解析成功: SZSE.300739 [明阳电路] BUY @ 31.81 (VR:0.06)
[2026-06-24 18:22:09]  [行12] 解析成功: SZSE.301226 [祥明智能] BUY @ 33.0 (VR:0.02)
[2026-06-24 18:22:09] 成功保存 12 条因子至: signal_batch_20260624_182209_736153.txt
[2026-06-24 18:22:09]  QQ-备用 邮件 2523 处理完成
[2026-06-24 18:22:09]  QQ-备用 正在解析因子: =?utf-8?b?QWxwaGFQaWxvdCDlpIfku73kv6Hlj7cgKGFscGhhX3NpZ25hbF90aHJfMjAyNjA2MjRfMTA0MC5qc29uKSBb5aSHUVEt6Ieq5L+dXQ==?=
[2026-06-24 18:22:09]  发现表格，共 22 行数据
[2026-06-24 18:22:09]  动态索引映射: ['股票代码', '股票名称', '信号', '当前价格', '量比', '来源过滤']
[2026-06-24 18:22:09]  [行1] 解析成功: SHSE.688110 [东芯股份] BUY @ 169.15 (VR:0.08)
[2026-06-24 18:22:09]  [行2] 解析成功: SHSE.688665 [四方光电] BUY @ 57.3 (VR:3.68)
[2026-06-24 18:22:09]  [行3] 解析成功: SHSE.688521 [芯原股份] SELL @ 297.58 (VR:0.53)
[2026-06-24 18:22:09]  [行4] 解析成功: SZSE.300689 [澄天伟业] SELL @ 61.4 (VR:0.31)
[2026-06-24 18:22:09]  [行5] 解析成功: SZSE.301045 [天禄科技] SELL @ 64.71 (VR:0.08)
[2026-06-24 18:22:09]  [行6] 解析成功: SZSE.301188 [力诺药包] BUY @ 67.8 (VR:1.08)
[2026-06-24 18:22:09]  [行7] 解析成功: SZSE.300679 [电连技术] BUY @ 65.89 (VR:1.21)
[2026-06-24 18:22:09]  [行8] 解析成功: SZSE.301013 [利和兴] SELL @ 75.2 (VR:0.0)
[2026-06-24 18:22:09]  [行9] 解析成功: SZSE.300620 [光库科技] BUY @ 401.97 (VR:0.0)
[2026-06-24 18:22:09]  [行10] 解析成功: SZSE.300790 [宇瞳光学] BUY @ 26.55 (VR:0.13)
[2026-06-24 18:22:09]  [行11] 解析成功: SZSE.000636 [风华高科] BUY @ 71.5 (VR:0.23)
[2026-06-24 18:22:09]  [行12] 解析成功: SHSE.688110 [东芯股份] BUY @ 169.33 (VR:0.34)
[2026-06-24 18:22:09]  [行13] 解析成功: SHSE.688665 [四方光电] BUY @ 57.39 (VR:0.08)
[2026-06-24 18:22:09]  [行14] 解析成功: SHSE.688521 [芯原股份] SELL @ 296.91 (VR:0.7)
[2026-06-24 18:22:09]  [行15] 解析成功: SZSE.300689 [澄天伟业] SELL @ 61.05 (VR:0.18)
[2026-06-24 18:22:09]  [行16] 解析成功: SZSE.301045 [天禄科技] SELL @ 64.48 (VR:0.18)
[2026-06-24 18:22:09]  [行17] 解析成功: SZSE.301188 [力诺药包] BUY @ 67.93 (VR:1.76)
[2026-06-24 18:22:09]  [行18] 解析成功: SZSE.300679 [电连技术] BUY @ 66.1 (VR:0.34)
[2026-06-24 18:22:09]  [行19] 解析成功: SZSE.301013 [利和兴] SELL @ 75.1 (VR:0.09)
[2026-06-24 18:22:09]  [行20] 解析成功: SZSE.300620 [光库科技] BUY @ 402.0 (VR:0.33)
[2026-06-24 18:22:09]  [行21] 解析成功: SZSE.300790 [宇瞳光学] BUY @ 26.59 (VR:0.6)
[2026-06-24 18:22:09]  [行22] 解析成功: SZSE.000636 [风华高科] BUY @ 71.73 (VR:0.48)
[2026-06-24 18:22:10] 成功保存 22 条因子至: signal_batch_20260624_182210_007400.txt
[2026-06-24 18:22:10]  QQ-备用 邮件 2524 处理完成
[2026-06-24 18:22:10]  QQ-备用 正在解析因子: =?utf-8?b?QWxwaGFQaWxvdCDlpIfku73kv6Hlj7cgKGFscGhhX3NpZ25hbF90aHJfMjAyNjA2MjRfMTA0My5qc29uKSBb5aSHUVEt6Ieq5L+dXQ==?=
[2026-06-24 18:22:10]  发现表格，共 16 行数据
[2026-06-24 18:22:10]  动态索引映射: ['股票代码', '股票名称', '信号', '当前价格', '量比', '来源过滤']
[2026-06-24 18:22:10]  [行1] 解析成功: SHSE.600259 [中稀有色] SELL @ 103.01 (VR:2.11)
[2026-06-24 18:22:10]  [行2] 解析成功: SHSE.603175 [超颖电子] SELL @ 91.48 (VR:0.3)
[2026-06-24 18:22:10]  [行3] 解析成功: SHSE.600909 [华安证券] SELL @ 11.51 (VR:0.21)
[2026-06-24 18:22:10]  [行4] 解析成功: SHSE.603206 [嘉环科技] BUY @ 17.34 (VR:0.36)
[2026-06-24 18:22:10]  [行5] 解析成功: SZSE.002378 [章源钨业] BUY @ 35.82 (VR:1.15)
[2026-06-24 18:22:10]  [行6] 解析成功: SZSE.001339 [智微智能] BUY @ 134.95 (VR:1.0)
[2026-06-24 18:22:10]  [行7] 解析成功: SZSE.002552 [宝鼎科技] SELL @ 73.49 (VR:0.26)
[2026-06-24 18:22:10]  [行8] 解析成功: SZSE.002643 [万润股份] SELL @ 18.17 (VR:0.22)
[2026-06-24 18:22:10]  [行9] 解析成功: SHSE.600259 [中稀有色] SELL @ 102.57 (VR:0.01)
[2026-06-24 18:22:10]  [行10] 解析成功: SHSE.603175 [超颖电子] SELL @ 91.0 (VR:1.45)
[2026-06-24 18:22:10]  [行11] 解析成功: SHSE.600909 [华安证券] SELL @ 11.5 (VR:0.12)
[2026-06-24 18:22:10]  [行12] 解析成功: SHSE.603206 [嘉环科技] BUY @ 17.44 (VR:0.74)
[2026-06-24 18:22:10]  [行13] 解析成功: SZSE.002378 [章源钨业] BUY @ 35.89 (VR:0.4)
[2026-06-24 18:22:10]  [行14] 解析成功: SZSE.001339 [智微智能] BUY @ 136.04 (VR:6.14)
[2026-06-24 18:22:10]  [行15] 解析成功: SZSE.002552 [宝鼎科技] SELL @ 73.02 (VR:0.75)
[2026-06-24 18:22:10]  [行16] 解析成功: SZSE.002643 [万润股份] SELL @ 18.14 (VR:0.0)
[2026-06-24 18:22:10] 成功保存 16 条因子至: signal_batch_20260624_182210_261310.txt
[2026-06-24 18:22:10]  QQ-备用 邮件 2525 处理完成
[2026-06-24 18:22:10]  QQ-备用 正在解析因子: =?utf-8?b?QWxwaGFQaWxvdCDlpIfku73kv6Hlj7cgKGFscGhhX3NpZ25hbF90aHJfMjAyNjA2MjRfMTA0Ni5qc29uKSBb5aSHUVEt6Ieq5L+dXQ==?=
[2026-06-24 18:22:10]  发现表格，共 20 行数据
[2026-06-24 18:22:10]  动态索引映射: ['股票代码', '股票名称', '信号', '当前价格', '量比', '来源过滤']
[2026-06-24 18:22:10]  [行1] 解析成功: SHSE.688700 [东威科技] SELL @ 90.25 (VR:0.01)
[2026-06-24 18:22:10]  [行2] 解析成功: SHSE.688777 [中控技术] SELL @ 122.57 (VR:0.98)
[2026-06-24 18:22:10]  [行3] 解析成功: SHSE.688511 [天微电子] BUY @ 29.85 (VR:0.09)
[2026-06-24 18:22:10]  [行4] 解析成功: SHSE.688386 [泛亚微透] SELL @ 86.96 (VR:0.07)
[2026-06-24 18:22:10]  [行5] 解析成功: SHSE.688059 [华锐精密] SELL @ 210.54 (VR:0.28)
[2026-06-24 18:22:10]  [行6] 解析成功: SZSE.002980 [华盛昌] SELL @ 111.67 (VR:0.77)
[2026-06-24 18:22:10]  [行7] 解析成功: SZSE.300285 [国瓷材料] BUY @ 91.11 (VR:0.61)
[2026-06-24 18:22:10]  [行8] 解析成功: SZSE.301252 [同星科技] SELL @ 45.83 (VR:0.08)
[2026-06-24 18:22:10]  [行9] 解析成功: SZSE.301392 [汇成真空] SELL @ 200.42 (VR:0.01)
[2026-06-24 18:22:10]  [行10] 解析成功: SZSE.300319 [麦捷科技] BUY @ 31.43 (VR:0.04)
[2026-06-24 18:22:10]  [行11] 解析成功: SHSE.688700 [东威科技] SELL @ 89.77 (VR:0.06)
[2026-06-24 18:22:10]  [行12] 解析成功: SHSE.688777 [中控技术] SELL @ 122.16 (VR:0.2)
[2026-06-24 18:22:10]  [行13] 解析成功: SHSE.688511 [天微电子] BUY @ 30.0 (VR:2.39)
[2026-06-24 18:22:10]  [行14] 解析成功: SHSE.688386 [泛亚微透] SELL @ 86.82 (VR:3.87)
[2026-06-24 18:22:10]  [行15] 解析成功: SHSE.688059 [华锐精密] SELL @ 209.5 (VR:1.74)
[2026-06-24 18:22:10]  [行16] 解析成功: SZSE.002980 [华盛昌] SELL @ 111.46 (VR:0.42)
[2026-06-24 18:22:10]  [行17] 解析成功: SZSE.300285 [国瓷材料] BUY @ 91.37 (VR:0.0)
[2026-06-24 18:22:10]  [行18] 解析成功: SZSE.301252 [同星科技] SELL @ 45.77 (VR:0.34)
[2026-06-24 18:22:10]  [行19] 解析成功: SZSE.301392 [汇成真空] SELL @ 200.19 (VR:0.11)
[2026-06-24 18:22:10]  [行20] 解析成功: SZSE.300319 [麦捷科技] BUY @ 31.45 (VR:0.2)
[2026-06-24 18:22:10] 成功保存 20 条因子至: signal_batch_20260624_182210_528437.txt
[2026-06-24 18:22:10]  QQ-备用 邮件 2526 处理完成
[2026-06-24 18:22:10]  QQ-备用 正在解析因子: =?utf-8?b?QWxwaGFQaWxvdCDlpIfku73kv6Hlj7cgKGFscGhhX3NpZ25hbF90aHJfMjAyNjA2MjRfMTA0OS5qc29uKSBb5aSHUVEt6Ieq5L+dXQ==?=
[2026-06-24 18:22:10]  发现表格，共 16 行数据
[2026-06-24 18:22:10]  动态索引映射: ['股票代码', '股票名称', '信号', '当前价格', '量比', '来源过滤']
[2026-06-24 18:22:10]  [行1] 解析成功: SHSE.688721 [龙图光罩] BUY @ 51.17 (VR:0.36)
[2026-06-24 18:22:10]  [行2] 解析成功: SHSE.688249 [晶合集成] BUY @ 58.33 (VR:0.17)
[2026-06-24 18:22:10]  [行3] 解析成功: SZSE.300088 [长信科技] BUY @ 9.44 (VR:0.79)
[2026-06-24 18:22:10]  [行4] 解析成功: SZSE.300709 [精研科技] BUY @ 66.31 (VR:0.12)
[2026-06-24 18:22:10]  [行5] 解析成功: SZSE.301362 [民爆光电] BUY @ 196.26 (VR:0.97)
[2026-06-24 18:22:10]  [行6] 解析成功: SZSE.301323 [新莱福] SELL @ 89.74 (VR:0.28)
[2026-06-24 18:22:10]  [行7] 解析成功: SZSE.300780 [德恩精工] BUY @ 30.26 (VR:0.1)
[2026-06-24 18:22:10]  [行8] 解析成功: SZSE.301195 [北路智控] SELL @ 29.5 (VR:0.77)
[2026-06-24 18:22:10]  [行9] 解析成功: SHSE.688721 [龙图光罩] BUY @ 51.29 (VR:0.31)
[2026-06-24 18:22:10]  [行10] 解析成功: SHSE.688249 [晶合集成] BUY @ 58.49 (VR:0.24)
[2026-06-24 18:22:10]  [行11] 解析成功: SZSE.300088 [长信科技] BUY @ 9.45 (VR:1.39)
[2026-06-24 18:22:10]  [行12] 解析成功: SZSE.300709 [精研科技] BUY @ 66.45 (VR:0.15)
[2026-06-24 18:22:10]  [行13] 解析成功: SZSE.301362 [民爆光电] BUY @ 196.52 (VR:0.02)
[2026-06-24 18:22:10]  [行14] 解析成功: SZSE.301323 [新莱福] SELL @ 89.35 (VR:1.15)
[2026-06-24 18:22:10]  [行15] 解析成功: SZSE.300780 [德恩精工] BUY @ 30.27 (VR:0.22)
[2026-06-24 18:22:10]  [行16] 解析成功: SZSE.301195 [北路智控] SELL @ 29.46 (VR:0.41)
[2026-06-24 18:22:10] 成功保存 16 条因子至: signal_batch_20260624_182210_792091.txt
[2026-06-24 18:22:10]  QQ-备用 邮件 2527 处理完成
[2026-06-24 18:22:11]  QQ-备用 正在解析因子: =?utf-8?b?QWxwaGFQaWxvdCDlpIfku73kv6Hlj7cgKGFscGhhX3NpZ25hbF90aHJfMjAyNjA2MjRfMTA1My5qc29uKSBb5aSHUVEt6Ieq5L+dXQ==?=
[2026-06-24 18:22:11]  发现表格，共 6 行数据
[2026-06-24 18:22:11]  动态索引映射: ['股票代码', '股票名称', '信号', '当前价格', '量比', '来源过滤']
[2026-06-24 18:22:11]  [行1] 解析成功: SZSE.300720 [海川智能] BUY @ 82.0 (VR:0.66)
[2026-06-24 18:22:11]  [行2] 解析成功: SZSE.300433 [蓝思科技] BUY @ 51.7 (VR:0.41)
[2026-06-24 18:22:11]  [行3] 解析成功: SZSE.300666 [江丰电子] BUY @ 294.74 (VR:1.19)
[2026-06-24 18:22:11]  [行4] 解析成功: SZSE.300720 [海川智能] BUY @ 82.47 (VR:0.2)
[2026-06-24 18:22:11]  [行5] 解析成功: SZSE.300433 [蓝思科技] BUY @ 51.91 (VR:0.06)
[2026-06-24 18:22:11]  [行6] 解析成功: SZSE.300666 [江丰电子] BUY @ 295.87 (VR:0.35)
[2026-06-24 18:22:11] 成功保存 6 条因子至: signal_batch_20260624_182211_062270.txt
[2026-06-24 18:22:11]  QQ-备用 邮件 2528 处理完成
[2026-06-24 18:22:11]  QQ-备用 正在解析因子: =?utf-8?b?QWxwaGFQaWxvdCDlpIfku73kv6Hlj7cgKGFscGhhX3NpZ25hbF90aHJfMjAyNjA2MjRfMTA1Ny5qc29uKSBb5aSHUVEt6Ieq5L+dXQ==?=
[2026-06-24 18:22:11]  发现表格，共 22 行数据
[2026-06-24 18:22:11]  动态索引映射: ['股票代码', '股票名称', '信号', '当前价格', '量比', '来源过滤']
[2026-06-24 18:22:11]  [行1] 解析成功: SHSE.688110 [东芯股份] SELL @ 165.88 (VR:1.14)
[2026-06-24 18:22:11]  [行2] 解析成功: SHSE.688665 [四方光电] SELL @ 56.99 (VR:0.12)
[2026-06-24 18:22:11]  [行3] 解析成功: SHSE.688102 [斯瑞新材] BUY @ 41.99 (VR:0.03)
[2026-06-24 18:22:11]  [行4] 解析成功: SHSE.688227 [品高股份] BUY @ 102.75 (VR:0.03)
[2026-06-24 18:22:11]  [行5] 解析成功: SZSE.301045 [天禄科技] SELL @ 64.03 (VR:0.32)
[2026-06-24 18:22:11]  [行6] 解析成功: SZSE.300806 [斯迪克] SELL @ 97.5 (VR:0.8)
[2026-06-24 18:22:11]  [行7] 解析成功: SZSE.300679 [电连技术] BUY @ 65.27 (VR:0.77)
[2026-06-24 18:22:11]  [行8] 解析成功: SZSE.301013 [利和兴] BUY @ 73.8 (VR:1.92)
[2026-06-24 18:22:11]  [行9] 解析成功: SZSE.300620 [光库科技] SELL @ 395.48 (VR:0.01)
[2026-06-24 18:22:11]  [行10] 解析成功: SZSE.300990 [同飞股份] SELL @ 103.47 (VR:0.12)
[2026-06-24 18:22:11]  [行11] 解析成功: SZSE.000636 [风华高科] SELL @ 70.38 (VR:0.85)
[2026-06-24 18:22:11]  [行12] 解析成功: SHSE.688110 [东芯股份] SELL @ 165.41 (VR:0.92)
[2026-06-24 18:22:11]  [行13] 解析成功: SHSE.688665 [四方光电] SELL @ 56.82 (VR:0.55)
[2026-06-24 18:22:11]  [行14] 解析成功: SHSE.688102 [斯瑞新材] BUY @ 42.05 (VR:0.31)
[2026-06-24 18:22:11]  [行15] 解析成功: SHSE.688227 [品高股份] BUY @ 103.8 (VR:0.09)
[2026-06-24 18:22:11]  [行16] 解析成功: SZSE.301045 [天禄科技] SELL @ 64.01 (VR:0.39)
[2026-06-24 18:22:11]  [行17] 解析成功: SZSE.300806 [斯迪克] SELL @ 97.21 (VR:0.14)
[2026-06-24 18:22:11]  [行18] 解析成功: SZSE.300679 [电连技术] BUY @ 65.29 (VR:0.75)
[2026-06-24 18:22:11]  [行19] 解析成功: SZSE.301013 [利和兴] BUY @ 74.35 (VR:0.88)
[2026-06-24 18:22:11]  [行20] 解析成功: SZSE.300620 [光库科技] SELL @ 395.18 (VR:0.81)
[2026-06-24 18:22:11]  [行21] 解析成功: SZSE.300990 [同飞股份] SELL @ 103.31 (VR:0.05)
[2026-06-24 18:22:11]  [行22] 解析成功: SZSE.000636 [风华高科] SELL @ 70.15 (VR:0.35)
[2026-06-24 18:22:11] 成功保存 22 条因子至: signal_batch_20260624_182211_316998.txt
[2026-06-24 18:22:11]  QQ-备用 邮件 2529 处理完成
[2026-06-24 18:22:11]  QQ-备用 正在解析因子: =?utf-8?b?QWxwaGFQaWxvdCDlpIfku73kv6Hlj7cgKGFscGhhX3NpZ25hbF90aHJfMjAyNjA2MjRfMTEwMS5qc29uKSBb5aSHUVEt6Ieq5L+dXQ==?=
[2026-06-24 18:22:11]  发现表格，共 28 行数据
[2026-06-24 18:22:11]  动态索引映射: ['股票代码', '股票名称', '信号', '当前价格', '量比', '来源过滤']
[2026-06-24 18:22:11]  [行1] 解析成功: SHSE.603773 [沃格光电] BUY @ 162.04 (VR:0.05)
[2026-06-24 18:22:11]  [行2] 解析成功: SHSE.603618 [杭电股份] BUY @ 52.57 (VR:0.09)
[2026-06-24 18:22:11]  [行3] 解析成功: SHSE.603175 [超颖电子] BUY @ 89.66 (VR:0.49)
[2026-06-24 18:22:11]  [行4] 解析成功: SHSE.600909 [华安证券] SELL @ 11.51 (VR:0.2)
[2026-06-24 18:22:11]  [行5] 解析成功: SHSE.600460 [士兰微] BUY @ 49.19 (VR:0.79)
[2026-06-24 18:22:11]  [行6] 解析成功: SZSE.002718 [友邦吊顶] BUY @ 108.98 (VR:0.26)
[2026-06-24 18:22:11]  [行7] 解析成功: SZSE.002378 [章源钨业] BUY @ 35.02 (VR:0.57)
[2026-06-24 18:22:11]  [行8] 解析成功: SZSE.002768 [国恩股份] BUY @ 53.07 (VR:0.08)
[2026-06-24 18:22:11]  [行9] 解析成功: SZSE.000593 [德龙汇能] SELL @ 24.68 (VR:0.07)
[2026-06-24 18:22:11]  [行10] 解析成功: SZSE.003031 [中瓷电子] BUY @ 187.0 (VR:0.36)
[2026-06-24 18:22:11]  [行11] 解析成功: SZSE.002643 [万润股份] BUY @ 18.08 (VR:0.12)
[2026-06-24 18:22:11]  [行12] 解析成功: SZSE.001282 [三联锻造] BUY @ 21.69 (VR:0.05)
[2026-06-24 18:22:11]  [行13] 解析成功: SZSE.002937 [兴瑞科技] BUY @ 40.19 (VR:3.26)
[2026-06-24 18:22:11]  [行14] 解析成功: SZSE.000920 [沃顿科技] BUY @ 13.44 (VR:0.17)
[2026-06-24 18:22:11]  [行15] 解析成功: SHSE.603773 [沃格光电] BUY @ 162.99 (VR:0.43)
[2026-06-24 18:22:11]  [行16] 解析成功: SHSE.603618 [杭电股份] BUY @ 52.8 (VR:1.73)
[2026-06-24 18:22:11]  [行17] 解析成功: SHSE.603175 [超颖电子] BUY @ 89.85 (VR:0.02)
[2026-06-24 18:22:11]  [行18] 解析成功: SHSE.600909 [华安证券] SELL @ 11.5 (VR:0.03)
[2026-06-24 18:22:11]  [行19] 解析成功: SHSE.600460 [士兰微] BUY @ 49.28 (VR:0.08)
[2026-06-24 18:22:11]  [行20] 解析成功: SZSE.002718 [友邦吊顶] BUY @ 109.66 (VR:1.03)
[2026-06-24 18:22:11]  [行21] 解析成功: SZSE.002378 [章源钨业] BUY @ 35.13 (VR:0.12)
[2026-06-24 18:22:11]  [行22] 解析成功: SZSE.002768 [国恩股份] BUY @ 53.17 (VR:0.14)
[2026-06-24 18:22:11]  [行23] 解析成功: SZSE.000593 [德龙汇能] SELL @ 24.6 (VR:1.01)
[2026-06-24 18:22:11]  [行24] 解析成功: SZSE.003031 [中瓷电子] BUY @ 187.73 (VR:0.26)
[2026-06-24 18:22:11]  [行25] 解析成功: SZSE.002643 [万润股份] BUY @ 18.1 (VR:0.97)
[2026-06-24 18:22:11]  [行26] 解析成功: SZSE.001282 [三联锻造] BUY @ 21.72 (VR:0.33)
[2026-06-24 18:22:11]  [行27] 解析成功: SZSE.002937 [兴瑞科技] BUY @ 40.21 (VR:0.05)
[2026-06-24 18:22:11]  [行28] 解析成功: SZSE.000920 [沃顿科技] BUY @ 13.5 (VR:0.26)
[2026-06-24 18:22:11] 成功保存 28 条因子至: signal_batch_20260624_182211_626758.txt
[2026-06-24 18:22:11]  QQ-备用 邮件 2530 处理完成
[2026-06-24 18:22:11]  QQ-备用 正在解析因子: =?utf-8?b?QWxwaGFQaWxvdCDlpIfku73kv6Hlj7cgKGFscGhhX3NpZ25hbF90aHJfMjAyNjA2MjRfMTEwNC5qc29uKSBb5aSHUVEt6Ieq5L+dXQ==?=
[2026-06-24 18:22:11]  发现表格，共 18 行数据
[2026-06-24 18:22:11]  动态索引映射: ['股票代码', '股票名称', '信号', '当前价格', '量比', '来源过滤']
[2026-06-24 18:22:11]  [行1] 解析成功: SHSE.688700 [东威科技] BUY @ 88.71 (VR:1.35)
[2026-06-24 18:22:11]  [行2] 解析成功: SHSE.688777 [中控技术] SELL @ 121.57 (VR:0.89)
[2026-06-24 18:22:11]  [行3] 解析成功: SHSE.688286 [敏芯股份] SELL @ 98.79 (VR:0.32)
[2026-06-24 18:22:11]  [行4] 解析成功: SZSE.300037 [新宙邦] SELL @ 88.07 (VR:0.23)
[2026-06-24 18:22:11]  [行5] 解析成功: SZSE.300868 [杰美特] BUY @ 150.65 (VR:0.51)
[2026-06-24 18:22:11]  [行6] 解析成功: SZSE.301281 [利源制药] BUY @ 47.21 (VR:7.17)
[2026-06-24 18:22:11]  [行7] 解析成功: SZSE.300285 [国瓷材料] SELL @ 89.88 (VR:1.41)
[2026-06-24 18:22:11]  [行8] 解析成功: SZSE.301252 [同星科技] SELL @ 46.08 (VR:1.08)
[2026-06-24 18:22:11]  [行9] 解析成功: SZSE.301392 [汇成真空] SELL @ 198.38 (VR:0.02)
[2026-06-24 18:22:11]  [行10] 解析成功: SHSE.688700 [东威科技] BUY @ 88.9 (VR:0.19)
[2026-06-24 18:22:11]  [行11] 解析成功: SHSE.688777 [中控技术] SELL @ 121.15 (VR:0.23)
[2026-06-24 18:22:11]  [行12] 解析成功: SHSE.688286 [敏芯股份] SELL @ 98.0 (VR:0.17)
[2026-06-24 18:22:11]  [行13] 解析成功: SZSE.300037 [新宙邦] SELL @ 87.9 (VR:1.03)
[2026-06-24 18:22:11]  [行14] 解析成功: SZSE.300868 [杰美特] BUY @ 151.4 (VR:0.44)
[2026-06-24 18:22:11]  [行15] 解析成功: SZSE.301281 [利源制药] BUY @ 47.24 (VR:0.19)
[2026-06-24 18:22:11]  [行16] 解析成功: SZSE.300285 [国瓷材料] SELL @ 89.48 (VR:0.67)
[2026-06-24 18:22:11]  [行17] 解析成功: SZSE.301252 [同星科技] SELL @ 45.94 (VR:0.77)
[2026-06-24 18:22:11]  [行18] 解析成功: SZSE.301392 [汇成真空] SELL @ 198.03 (VR:0.35)
[2026-06-24 18:22:11] 成功保存 18 条因子至: signal_batch_20260624_182211_902577.txt
[2026-06-24 18:22:12]  QQ-备用 邮件 2531 处理完成
[2026-06-24 18:22:12]  QQ-备用 正在解析因子: =?utf-8?b?QWxwaGFQaWxvdCDlpIfku73kv6Hlj7cgKGFscGhhX3NpZ25hbF90aHJfMjAyNjA2MjRfMTEwOC5qc29uKSBb5aSHUVEt6Ieq5L+dXQ==?=
[2026-06-24 18:22:12]  发现表格，共 20 行数据
[2026-06-24 18:22:12]  动态索引映射: ['股票代码', '股票名称', '信号', '当前价格', '量比', '来源过滤']
[2026-06-24 18:22:12]  [行1] 解析成功: SHSE.688216 [气派科技] BUY @ 38.41 (VR:0.07)
[2026-06-24 18:22:12]  [行2] 解析成功: SHSE.688721 [龙图光罩] BUY @ 50.59 (VR:0.12)
[2026-06-24 18:22:12]  [行3] 解析成功: SHSE.688249 [晶合集成] BUY @ 56.25 (VR:1.25)
[2026-06-24 18:22:12]  [行4] 解析成功: SHSE.688138 [清溢光电] BUY @ 37.99 (VR:0.71)
[2026-06-24 18:22:12]  [行5] 解析成功: SZSE.300196 [长海股份] BUY @ 30.58 (VR:0.69)
[2026-06-24 18:22:12]  [行6] 解析成功: SZSE.301362 [民爆光电] BUY @ 194.74 (VR:0.02)
[2026-06-24 18:22:12]  [行7] 解析成功: SZSE.300661 [圣邦股份] BUY @ 131.27 (VR:0.55)
[2026-06-24 18:22:12]  [行8] 解析成功: SZSE.300780 [德恩精工] SELL @ 30.17 (VR:0.38)
[2026-06-24 18:22:12]  [行9] 解析成功: SZSE.300497 [富祥股份] BUY @ 22.39 (VR:0.94)
[2026-06-24 18:22:12]  [行10] 解析成功: SZSE.300852 [四会富仕] SELL @ 60.78 (VR:0.18)
[2026-06-24 18:22:12]  [行11] 解析成功: SHSE.688216 [气派科技] BUY @ 38.77 (VR:0.87)
[2026-06-24 18:22:12]  [行12] 解析成功: SHSE.688721 [龙图光罩] BUY @ 50.97 (VR:1.89)
[2026-06-24 18:22:12]  [行13] 解析成功: SHSE.688249 [晶合集成] BUY @ 56.7 (VR:0.61)
[2026-06-24 18:22:12]  [行14] 解析成功: SHSE.688138 [清溢光电] BUY @ 38.25 (VR:0.12)
[2026-06-24 18:22:12]  [行15] 解析成功: SZSE.300196 [长海股份] BUY @ 30.59 (VR:0.1)
[2026-06-24 18:22:12]  [行16] 解析成功: SZSE.301362 [民爆光电] BUY @ 195.1 (VR:0.44)
[2026-06-24 18:22:12]  [行17] 解析成功: SZSE.300661 [圣邦股份] BUY @ 131.58 (VR:1.29)
[2026-06-24 18:22:12]  [行18] 解析成功: SZSE.300780 [德恩精工] SELL @ 30.13 (VR:0.65)
[2026-06-24 18:22:12]  [行19] 解析成功: SZSE.300497 [富祥股份] BUY @ 22.6 (VR:1.59)
[2026-06-24 18:22:12]  [行20] 解析成功: SZSE.300852 [四会富仕] SELL @ 60.65 (VR:0.03)
[2026-06-24 18:22:12] 成功保存 20 条因子至: signal_batch_20260624_182212_168162.txt
[2026-06-24 18:22:12]  QQ-备用 邮件 2532 处理完成
[2026-06-24 18:22:12]  QQ-备用 正在解析因子: =?utf-8?b?QWxwaGFQaWxvdCDlpIfku73kv6Hlj7cgKGFscGhhX3NpZ25hbF90aHJfMjAyNjA2MjRfMTExMS5qc29uKSBb5aSHUVEt6Ieq5L+dXQ==?=
[2026-06-24 18:22:12]  发现表格，共 10 行数据
[2026-06-24 18:22:12]  动态索引映射: ['股票代码', '股票名称', '信号', '当前价格', '量比', '来源过滤']
[2026-06-24 18:22:12]  [行1] 解析成功: SHSE.600353 [旭光电子] BUY @ 50.17 (VR:4.18)
[2026-06-24 18:22:12]  [行2] 解析成功: SHSE.601138 [工业富联] BUY @ 74.2 (VR:0.4)
[2026-06-24 18:22:12]  [行3] 解析成功: SHSE.688392 [娇成超声] BUY @ 174.49 (VR:0.15)
[2026-06-24 18:22:12]  [行4] 解析成功: SZSE.300936 [中英科技] BUY @ 121.21 (VR:0.2)
[2026-06-24 18:22:12]  [行5] 解析成功: SZSE.301171 [易点天下] BUY @ 34.99 (VR:0.9)
[2026-06-24 18:22:12]  [行6] 解析成功: SHSE.600353 [旭光电子] BUY @ 50.22 (VR:0.47)
[2026-06-24 18:22:12]  [行7] 解析成功: SHSE.601138 [工业富联] BUY @ 74.35 (VR:0.25)
[2026-06-24 18:22:12]  [行8] 解析成功: SHSE.688392 [娇成超声] BUY @ 176.63 (VR:1.2)
[2026-06-24 18:22:12]  [行9] 解析成功: SZSE.300936 [中英科技] BUY @ 121.8 (VR:0.41)
[2026-06-24 18:22:12]  [行10] 解析成功: SZSE.301171 [易点天下] BUY @ 35.0 (VR:0.23)
[2026-06-24 18:22:12] 成功保存 10 条因子至: signal_batch_20260624_182212_431231.txt
[2026-06-24 18:22:12]  QQ-备用 邮件 2533 处理完成
[2026-06-24 18:22:12]  QQ-备用 正在解析因子: =?utf-8?b?QWxwaGFQaWxvdCDlpIfku73kv6Hlj7cgKGFscGhhX3NpZ25hbF90aHJfMjAyNjA2MjRfMTExNS5qc29uKSBb5aSHUVEt6Ieq5L+dXQ==?=
[2026-06-24 18:22:12]  发现表格，共 30 行数据
[2026-06-24 18:22:12]  动态索引映射: ['股票代码', '股票名称', '信号', '当前价格', '量比', '来源过滤']
[2026-06-24 18:22:12]  [行1] 解析成功: SHSE.688110 [东芯股份] BUY @ 164.84 (VR:0.28)
[2026-06-24 18:22:12]  [行2] 解析成功: SHSE.688665 [四方光电] BUY @ 56.85 (VR:0.39)
[2026-06-24 18:22:12]  [行3] 解析成功: SHSE.688002 [睿创微纳] BUY @ 142.78 (VR:0.4)
[2026-06-24 18:22:12]  [行4] 解析成功: SHSE.688102 [斯瑞新材] BUY @ 41.8 (VR:0.44)
[2026-06-24 18:22:12]  [行5] 解析成功: SHSE.688521 [芯原股份] BUY @ 292.76 (VR:0.44)
[2026-06-24 18:22:12]  [行6] 解析成功: SZSE.300689 [澄天伟业] BUY @ 60.95 (VR:0.87)
[2026-06-24 18:22:12]  [行7] 解析成功: SZSE.301045 [天禄科技] SELL @ 63.6 (VR:0.43)
[2026-06-24 18:22:12]  [行8] 解析成功: SZSE.301322 [绿通科技] BUY @ 60.76 (VR:0.02)
[2026-06-24 18:22:12]  [行9] 解析成功: SZSE.300679 [电连技术] BUY @ 65.22 (VR:0.14)
[2026-06-24 18:22:12]  [行10] 解析成功: SZSE.301013 [利和兴] SELL @ 75.2 (VR:0.69)
[2026-06-24 18:22:12]  [行11] 解析成功: SZSE.300620 [光库科技] BUY @ 397.1 (VR:1.07)
[2026-06-24 18:22:12]  [行12] 解析成功: SZSE.300790 [宇瞳光学] SELL @ 26.49 (VR:0.31)
[2026-06-24 18:22:12]  [行13] 解析成功: SZSE.300990 [同飞股份] BUY @ 104.94 (VR:0.71)
[2026-06-24 18:22:12]  [行14] 解析成功: SZSE.300921 [南凌科技] SELL @ 21.29 (VR:1.94)
[2026-06-24 18:22:12]  [行15] 解析成功: SZSE.000636 [风华高科] SELL @ 70.3 (VR:0.48)
[2026-06-24 18:22:12]  [行16] 解析成功: SHSE.688110 [东芯股份] BUY @ 165.27 (VR:0.58)
[2026-06-24 18:22:12]  [行17] 解析成功: SHSE.688665 [四方光电] BUY @ 56.9 (VR:2.06)
[2026-06-24 18:22:12]  [行18] 解析成功: SHSE.688002 [睿创微纳] BUY @ 142.84 (VR:0.05)
[2026-06-24 18:22:12]  [行19] 解析成功: SHSE.688102 [斯瑞新材] BUY @ 41.83 (VR:0.03)
[2026-06-24 18:22:12]  [行20] 解析成功: SHSE.688521 [芯原股份] BUY @ 293.06 (VR:0.11)
[2026-06-24 18:22:12]  [行21] 解析成功: SZSE.300689 [澄天伟业] BUY @ 61.41 (VR:0.18)
[2026-06-24 18:22:12]  [行22] 解析成功: SZSE.301045 [天禄科技] SELL @ 63.52 (VR:0.38)
[2026-06-24 18:22:12]  [行23] 解析成功: SZSE.301322 [绿通科技] BUY @ 60.95 (VR:1.6)
[2026-06-24 18:22:12]  [行24] 解析成功: SZSE.300679 [电连技术] BUY @ 65.3 (VR:0.58)
[2026-06-24 18:22:12]  [行25] 解析成功: SZSE.301013 [利和兴] SELL @ 74.72 (VR:0.99)
[2026-06-24 18:22:12]  [行26] 解析成功: SZSE.300620 [光库科技] BUY @ 398.48 (VR:0.47)
[2026-06-24 18:22:12]  [行27] 解析成功: SZSE.300790 [宇瞳光学] SELL @ 26.46 (VR:0.23)
[2026-06-24 18:22:12]  [行28] 解析成功: SZSE.300990 [同飞股份] BUY @ 104.97 (VR:0.1)
[2026-06-24 18:22:12]  [行29] 解析成功: SZSE.300921 [南凌科技] SELL @ 21.26 (VR:0.05)
[2026-06-24 18:22:12]  [行30] 解析成功: SZSE.000636 [风华高科] SELL @ 70.21 (VR:0.08)
[2026-06-24 18:22:12] 成功保存 30 条因子至: signal_batch_20260624_182212_702409.txt
[2026-06-24 18:22:12]  QQ-备用 邮件 2534 处理完成
[2026-06-24 18:22:12]  QQ-备用 正在解析因子: =?utf-8?b?QWxwaGFQaWxvdCDlpIfku73kv6Hlj7cgKGFscGhhX3NpZ25hbF90aHJfMjAyNjA2MjRfMTExOS5qc29uKSBb5aSHUVEt6Ieq5L+dXQ==?=
[2026-06-24 18:22:12]  发现表格，共 18 行数据
[2026-06-24 18:22:12]  动态索引映射: ['股票代码', '股票名称', '信号', '当前价格', '量比', '来源过滤']
[2026-06-24 18:22:12]  [行1] 解析成功: SHSE.603618 [杭电股份] BUY @ 52.19 (VR:0.99)
[2026-06-24 18:22:12]  [行2] 解析成功: SHSE.600259 [中稀有色] SELL @ 101.81 (VR:0.06)
[2026-06-24 18:22:12]  [行3] 解析成功: SHSE.603175 [超颖电子] SELL @ 90.12 (VR:0.01)
[2026-06-24 18:22:12]  [行4] 解析成功: SHSE.600909 [华安证券] SELL @ 11.5 (VR:7.55)
[2026-06-24 18:22:12]  [行5] 解析成功: SHSE.603206 [嘉环科技] SELL @ 16.97 (VR:1.15)
[2026-06-24 18:22:12]  [行6] 解析成功: SZSE.002378 [章源钨业] SELL @ 35.05 (VR:0.27)
[2026-06-24 18:22:12]  [行7] 解析成功: SZSE.001339 [智微智能] SELL @ 131.85 (VR:0.86)
[2026-06-24 18:22:12]  [行8] 解析成功: SZSE.000920 [沃顿科技] SELL @ 13.5 (VR:0.0)
[2026-06-24 18:22:12]  [行9] 解析成功: SZSE.000823 [超声电子] BUY @ 22.37 (VR:0.51)
[2026-06-24 18:22:12]  [行10] 解析成功: SHSE.603618 [杭电股份] BUY @ 52.25 (VR:0.43)
[2026-06-24 18:22:12]  [行11] 解析成功: SHSE.600259 [中稀有色] SELL @ 101.61 (VR:0.39)
[2026-06-24 18:22:12]  [行12] 解析成功: SHSE.603175 [超颖电子] SELL @ 90.07 (VR:0.13)
[2026-06-24 18:22:12]  [行13] 解析成功: SHSE.600909 [华安证券] SELL @ 11.49 (VR:1.63)
[2026-06-24 18:22:12]  [行14] 解析成功: SHSE.603206 [嘉环科技] SELL @ 16.93 (VR:2.2)
[2026-06-24 18:22:12]  [行15] 解析成功: SZSE.002378 [章源钨业] SELL @ 35.04 (VR:0.33)
[2026-06-24 18:22:12]  [行16] 解析成功: SZSE.001339 [智微智能] SELL @ 131.55 (VR:0.12)
[2026-06-24 18:22:12]  [行17] 解析成功: SZSE.000920 [沃顿科技] SELL @ 13.49 (VR:0.16)
[2026-06-24 18:22:12]  [行18] 解析成功: SZSE.000823 [超声电子] BUY @ 22.53 (VR:11.46)
[2026-06-24 18:22:13] 成功保存 18 条因子至: signal_batch_20260624_182213_005722.txt
[2026-06-24 18:22:13]  QQ-备用 邮件 2535 处理完成
[2026-06-24 18:22:13]  QQ-备用 正在解析因子: =?utf-8?b?QWxwaGFQaWxvdCDlpIfku73kv6Hlj7cgKGFscGhhX3NpZ25hbF90aHJfMjAyNjA2MjRfMTEyMy5qc29uKSBb5aSHUVEt6Ieq5L+dXQ==?=
[2026-06-24 18:22:13]  发现表格，共 26 行数据
[2026-06-24 18:22:13]  动态索引映射: ['股票代码', '股票名称', '信号', '当前价格', '量比', '来源过滤']
[2026-06-24 18:22:13]  [行1] 解析成功: SHSE.601016 [节能风电] BUY @ 3.57 (VR:0.04)
[2026-06-24 18:22:13]  [行2] 解析成功: SHSE.688777 [中控技术] BUY @ 120.77 (VR:0.41)
[2026-06-24 18:22:13]  [行3] 解析成功: SHSE.688286 [敏芯股份] SELL @ 95.68 (VR:0.23)
[2026-06-24 18:22:13]  [行4] 解析成功: SHSE.688511 [天微电子] SELL @ 29.64 (VR:2.07)
[2026-06-24 18:22:13]  [行5] 解析成功: SHSE.688386 [泛亚微透] BUY @ 86.44 (VR:0.84)
[2026-06-24 18:22:13]  [行6] 解析成功: SHSE.688059 [华锐精密] BUY @ 206.75 (VR:1.0)
[2026-06-24 18:22:13]  [行7] 解析成功: SZSE.300037 [新宙邦] BUY @ 88.61 (VR:0.63)
[2026-06-24 18:22:13]  [行8] 解析成功: SZSE.300868 [杰美特] SELL @ 151.2 (VR:1.98)
[2026-06-24 18:22:13]  [行9] 解析成功: SZSE.300285 [国瓷材料] BUY @ 90.52 (VR:0.3)
[2026-06-24 18:22:13]  [行10] 解析成功: SZSE.301252 [同星科技] BUY @ 45.83 (VR:0.3)
[2026-06-24 18:22:13]  [行11] 解析成功: SZSE.301392 [汇成真空] BUY @ 200.03 (VR:0.16)
[2026-06-24 18:22:13]  [行12] 解析成功: SZSE.300319 [麦捷科技] BUY @ 30.8 (VR:0.45)
[2026-06-24 18:22:13]  [行13] 解析成功: SZSE.300214 [日科化学] BUY @ 10.14 (VR:0.19)
[2026-06-24 18:22:13]  [行14] 解析成功: SHSE.601016 [节能风电] BUY @ 3.58 (VR:0.02)
[2026-06-24 18:22:13]  [行15] 解析成功: SHSE.688777 [中控技术] BUY @ 121.14 (VR:0.03)
[2026-06-24 18:22:13]  [行16] 解析成功: SHSE.688286 [敏芯股份] SELL @ 95.36 (VR:0.18)
[2026-06-24 18:22:13]  [行17] 解析成功: SHSE.688511 [天微电子] SELL @ 29.61 (VR:0.48)
[2026-06-24 18:22:13]  [行18] 解析成功: SHSE.688386 [泛亚微透] BUY @ 87.34 (VR:1.18)
[2026-06-24 18:22:13]  [行19] 解析成功: SHSE.688059 [华锐精密] BUY @ 206.95 (VR:0.45)
[2026-06-24 18:22:13]  [行20] 解析成功: SZSE.300037 [新宙邦] BUY @ 88.99 (VR:1.76)
[2026-06-24 18:22:13]  [行21] 解析成功: SZSE.300868 [杰美特] SELL @ 151.16 (VR:0.31)
[2026-06-24 18:22:13]  [行22] 解析成功: SZSE.300285 [国瓷材料] BUY @ 90.78 (VR:0.43)
[2026-06-24 18:22:13]  [行23] 解析成功: SZSE.301252 [同星科技] BUY @ 45.91 (VR:0.13)
[2026-06-24 18:22:13]  [行24] 解析成功: SZSE.301392 [汇成真空] BUY @ 200.61 (VR:0.71)
[2026-06-24 18:22:13]  [行25] 解析成功: SZSE.300319 [麦捷科技] BUY @ 31.05 (VR:0.96)
[2026-06-24 18:22:13]  [行26] 解析成功: SZSE.300214 [日科化学] BUY @ 10.17 (VR:0.81)
[2026-06-24 18:22:13] 成功保存 26 条因子至: signal_batch_20260624_182213_291830.txt
[2026-06-24 18:22:13]  QQ-备用 邮件 2536 处理完成
[2026-06-24 18:22:13]  QQ-备用 正在解析因子: =?utf-8?b?QWxwaGFQaWxvdCDlpIfku73kv6Hlj7cgKGFscGhhX3NpZ25hbF90aHJfMjAyNjA2MjRfMTEyOC5qc29uKSBb5aSHUVEt6Ieq5L+dXQ==?=
[2026-06-24 18:22:13]  发现表格，共 28 行数据
[2026-06-24 18:22:13]  动态索引映射: ['股票代码', '股票名称', '信号', '当前价格', '量比', '来源过滤']
[2026-06-24 18:22:13]  [行1] 解析成功: SHSE.688216 [气派科技] BUY @ 38.93 (VR:0.05)
[2026-06-24 18:22:13]  [行2] 解析成功: SHSE.688308 [欧科亿] BUY @ 181.22 (VR:0.05)
[2026-06-24 18:22:13]  [行3] 解析成功: SHSE.688721 [龙图光罩] BUY @ 51.26 (VR:0.66)
[2026-06-24 18:22:13]  [行4] 解析成功: SHSE.688138 [清溢光电] BUY @ 38.74 (VR:1.76)
[2026-06-24 18:22:13]  [行5] 解析成功: SZSE.300088 [长信科技] BUY @ 9.52 (VR:0.51)
[2026-06-24 18:22:13]  [行6] 解析成功: SZSE.300709 [精研科技] SELL @ 65.6 (VR:1.02)
[2026-06-24 18:22:13]  [行7] 解析成功: SZSE.301362 [民爆光电] BUY @ 197.51 (VR:0.44)
[2026-06-24 18:22:13]  [行8] 解析成功: SZSE.300420 [五洋自控] BUY @ 7.68 (VR:0.05)
[2026-06-24 18:22:13]  [行9] 解析成功: SZSE.301323 [新莱福] BUY @ 90.04 (VR:0.4)
[2026-06-24 18:22:13]  [行10] 解析成功: SZSE.300661 [圣邦股份] BUY @ 133.9 (VR:0.57)
[2026-06-24 18:22:13]  [行11] 解析成功: SZSE.301195 [北路智控] SELL @ 29.59 (VR:0.68)
[2026-06-24 18:22:13]  [行12] 解析成功: SZSE.300497 [富祥股份] SELL @ 22.27 (VR:0.26)
[2026-06-24 18:22:13]  [行13] 解析成功: SZSE.301183 [东田微] BUY @ 255.22 (VR:0.16)
[2026-06-24 18:22:13]  [行14] 解析成功: SZSE.300852 [四会富仕] BUY @ 60.76 (VR:0.3)
[2026-06-24 18:22:13]  [行15] 解析成功: SHSE.688216 [气派科技] BUY @ 39.12 (VR:0.03)
[2026-06-24 18:22:13]  [行16] 解析成功: SHSE.688308 [欧科亿] BUY @ 181.67 (VR:0.02)
[2026-06-24 18:22:13]  [行17] 解析成功: SHSE.688721 [龙图光罩] BUY @ 51.45 (VR:0.81)
[2026-06-24 18:22:13]  [行18] 解析成功: SHSE.688138 [清溢光电] BUY @ 38.84 (VR:0.69)
[2026-06-24 18:22:13]  [行19] 解析成功: SZSE.300088 [长信科技] BUY @ 9.53 (VR:0.79)
[2026-06-24 18:22:13]  [行20] 解析成功: SZSE.300709 [精研科技] SELL @ 65.5 (VR:0.52)
[2026-06-24 18:22:13]  [行21] 解析成功: SZSE.301362 [民爆光电] BUY @ 198.5 (VR:0.44)
[2026-06-24 18:22:13]  [行22] 解析成功: SZSE.300420 [五洋自控] BUY @ 7.69 (VR:0.05)
[2026-06-24 18:22:13]  [行23] 解析成功: SZSE.301323 [新莱福] BUY @ 90.17 (VR:0.1)
[2026-06-24 18:22:13]  [行24] 解析成功: SZSE.300661 [圣邦股份] BUY @ 134.12 (VR:0.24)
[2026-06-24 18:22:13]  [行25] 解析成功: SZSE.301195 [北路智控] SELL @ 29.57 (VR:0.11)
[2026-06-24 18:22:13]  [行26] 解析成功: SZSE.300497 [富祥股份] SELL @ 22.23 (VR:0.11)
[2026-06-24 18:22:13]  [行27] 解析成功: SZSE.301183 [东田微] BUY @ 255.65 (VR:0.95)
[2026-06-24 18:22:13]  [行28] 解析成功: SZSE.300852 [四会富仕] BUY @ 61.09 (VR:0.77)
[2026-06-24 18:22:13] 成功保存 28 条因子至: signal_batch_20260624_182213_581569.txt
[2026-06-24 18:22:13]  QQ-备用 邮件 2537 处理完成
[2026-06-24 18:22:13]  QQ-备用 正在解析因子: =?utf-8?b?QWxwaGFQaWxvdCDlpIfku73kv6Hlj7cgKGFscGhhX3NpZ25hbF90aHJfMjAyNjA2MjRfMTEzMy5qc29uKSBb5aSHUVEt6Ieq5L+dXQ==?=
[2026-06-24 18:22:13]  发现表格，共 6 行数据
[2026-06-24 18:22:13]  动态索引映射: ['股票代码', '股票名称', '信号', '当前价格', '量比', '来源过滤']
[2026-06-24 18:22:13]  [行1] 解析成功: SHSE.600353 [旭光电子] BUY @ 50.29 (VR:2.81)
[2026-06-24 18:22:13]  [行2] 解析成功: SHSE.688392 [娇成超声] BUY @ 177.07 (VR:0.15)
[2026-06-24 18:22:13]  [行3] 解析成功: SZSE.300308 [中际旭创] BUY @ 1310.98 (VR:1.01)
[2026-06-24 18:22:13]  [行4] 解析成功: SHSE.600353 [旭光电子] BUY @ 50.49 (VR:9.17)
[2026-06-24 18:22:13]  [行5] 解析成功: SHSE.688392 [娇成超声] BUY @ 177.57 (VR:0.5)
[2026-06-24 18:22:13]  [行6] 解析成功: SZSE.300308 [中际旭创] BUY @ 1311.92 (VR:1.61)
[2026-06-24 18:22:13] 成功保存 6 条因子至: signal_batch_20260624_182213_852977.txt
[2026-06-24 18:22:13]  QQ-备用 邮件 2538 处理完成
[2026-06-24 18:22:14]  QQ-备用 正在解析因子: =?utf-8?b?QWxwaGFQaWxvdCDlpIfku73kv6Hlj7cgKGFscGhhX3NpZ25hbF90aHJfMjAyNjA2MjRfMTMwNy5qc29uKSBb5aSHUVEt6Ieq5L+dXQ==?=
[2026-06-24 18:22:14]  发现表格，共 26 行数据
[2026-06-24 18:22:14]  动态索引映射: ['股票代码', '股票名称', '信号', '当前价格', '量比', '来源过滤']
[2026-06-24 18:22:14]  [行1] 解析成功: SHSE.688665 [四方光电] BUY @ 57.78 (VR:0.04)
[2026-06-24 18:22:14]  [行2] 解析成功: SHSE.688002 [睿创微纳] BUY @ 143.33 (VR:0.41)
[2026-06-24 18:22:14]  [行3] 解析成功: SHSE.688102 [斯瑞新材] BUY @ 42.3 (VR:0.23)
[2026-06-24 18:22:14]  [行4] 解析成功: SZSE.300689 [澄天伟业] BUY @ 62.22 (VR:0.24)
[2026-06-24 18:22:14]  [行5] 解析成功: SZSE.301045 [天禄科技] BUY @ 64.39 (VR:3.58)
[2026-06-24 18:22:14]  [行6] 解析成功: SZSE.301322 [绿通科技] BUY @ 62.94 (VR:1.02)
[2026-06-24 18:22:14]  [行7] 解析成功: SZSE.300679 [电连技术] BUY @ 66.86 (VR:0.09)
[2026-06-24 18:22:14]  [行8] 解析成功: SZSE.301013 [利和兴] BUY @ 72.8 (VR:1.05)
[2026-06-24 18:22:14]  [行9] 解析成功: SZSE.300376 [易事特] SELL @ 5.59 (VR:0.13)
[2026-06-24 18:22:14]  [行10] 解析成功: SZSE.300790 [宇瞳光学] BUY @ 26.59 (VR:0.48)
[2026-06-24 18:22:14]  [行11] 解析成功: SZSE.300921 [南凌科技] BUY @ 21.79 (VR:0.64)
[2026-06-24 18:22:14]  [行12] 解析成功: SZSE.300857 [协创数据] BUY @ 330.3 (VR:0.82)
[2026-06-24 18:22:14]  [行13] 解析成功: SZSE.000636 [风华高科] BUY @ 72.09 (VR:0.2)
[2026-06-24 18:22:14]  [行14] 解析成功: SHSE.688665 [四方光电] BUY @ 58.1 (VR:0.37)
[2026-06-24 18:22:14]  [行15] 解析成功: SHSE.688002 [睿创微纳] BUY @ 143.52 (VR:0.28)
[2026-06-24 18:22:14]  [行16] 解析成功: SHSE.688102 [斯瑞新材] BUY @ 42.4 (VR:0.44)
[2026-06-24 18:22:14]  [行17] 解析成功: SZSE.300689 [澄天伟业] BUY @ 62.25 (VR:2.02)
[2026-06-24 18:22:14]  [行18] 解析成功: SZSE.301045 [天禄科技] BUY @ 64.53 (VR:0.38)
[2026-06-24 18:22:14]  [行19] 解析成功: SZSE.301322 [绿通科技] BUY @ 63.44 (VR:2.16)
[2026-06-24 18:22:14]  [行20] 解析成功: SZSE.300679 [电连技术] BUY @ 67.5 (VR:0.42)
[2026-06-24 18:22:14]  [行21] 解析成功: SZSE.301013 [利和兴] BUY @ 73.25 (VR:1.26)
[2026-06-24 18:22:14]  [行22] 解析成功: SZSE.300376 [易事特] SELL @ 5.57 (VR:0.15)
[2026-06-24 18:22:14]  [行23] 解析成功: SZSE.300790 [宇瞳光学] BUY @ 26.65 (VR:0.29)
[2026-06-24 18:22:14]  [行24] 解析成功: SZSE.300921 [南凌科技] BUY @ 21.82 (VR:0.07)
[2026-06-24 18:22:14]  [行25] 解析成功: SZSE.300857 [协创数据] BUY @ 335.26 (VR:0.17)
[2026-06-24 18:22:14]  [行26] 解析成功: SZSE.000636 [风华高科] BUY @ 72.12 (VR:0.42)
[2026-06-24 18:22:14] 成功保存 26 条因子至: signal_batch_20260624_182214_128362.txt
[2026-06-24 18:22:14]  QQ-备用 邮件 2539 处理完成
[2026-06-24 18:22:14]  QQ-备用 正在解析因子: =?utf-8?b?QWxwaGFQaWxvdCDlpIfku73kv6Hlj7cgKGFscGhhX3NpZ25hbF90aHJfMjAyNjA2MjRfMTMxMy5qc29uKSBb5aSHUVEt6Ieq5L+dXQ==?=
[2026-06-24 18:22:14]  发现表格，共 16 行数据
[2026-06-24 18:22:14]  动态索引映射: ['股票代码', '股票名称', '信号', '当前价格', '量比', '来源过滤']
[2026-06-24 18:22:14]  [行1] 解析成功: SHSE.603618 [杭电股份] BUY @ 51.55 (VR:1.97)
[2026-06-24 18:22:14]  [行2] 解析成功: SHSE.600259 [中稀有色] BUY @ 103.66 (VR:0.49)
[2026-06-24 18:22:14]  [行3] 解析成功: SHSE.600909 [华安证券] SELL @ 11.51 (VR:0.87)
[2026-06-24 18:22:14]  [行4] 解析成功: SHSE.603206 [嘉环科技] SELL @ 17.21 (VR:0.27)
[2026-06-24 18:22:14]  [行5] 解析成功: SZSE.002718 [友邦吊顶] BUY @ 111.52 (VR:0.03)
[2026-06-24 18:22:14]  [行6] 解析成功: SZSE.002378 [章源钨业] BUY @ 35.89 (VR:0.3)
[2026-06-24 18:22:14]  [行7] 解析成功: SZSE.001339 [智微智能] BUY @ 134.96 (VR:0.36)
[2026-06-24 18:22:14]  [行8] 解析成功: SZSE.000823 [超声电子] BUY @ 22.35 (VR:0.42)
[2026-06-24 18:22:14]  [行9] 解析成功: SHSE.603618 [杭电股份] BUY @ 51.82 (VR:2.09)
[2026-06-24 18:22:14]  [行10] 解析成功: SHSE.600259 [中稀有色] BUY @ 103.82 (VR:0.2)
[2026-06-24 18:22:14]  [行11] 解析成功: SHSE.600909 [华安证券] SELL @ 11.5 (VR:0.45)
[2026-06-24 18:22:14]  [行12] 解析成功: SHSE.603206 [嘉环科技] SELL @ 17.2 (VR:0.43)
[2026-06-24 18:22:14]  [行13] 解析成功: SZSE.002718 [友邦吊顶] BUY @ 111.81 (VR:0.16)
[2026-06-24 18:22:14]  [行14] 解析成功: SZSE.002378 [章源钨业] BUY @ 35.93 (VR:0.62)
[2026-06-24 18:22:14]  [行15] 解析成功: SZSE.001339 [智微智能] BUY @ 136.48 (VR:2.16)
[2026-06-24 18:22:14]  [行16] 解析成功: SZSE.000823 [超声电子] BUY @ 22.52 (VR:0.45)
[2026-06-24 18:22:14] 成功保存 16 条因子至: signal_batch_20260624_182214_382791.txt
[2026-06-24 18:22:14]  QQ-备用 邮件 2540 处理完成
[2026-06-24 18:22:14]  QQ-备用 正在解析因子: =?utf-8?b?QWxwaGFQaWxvdCDlpIfku73kv6Hlj7cgKGFscGhhX3NpZ25hbF90aHJfMjAyNjA2MjRfMTMxOC5qc29uKSBb5aSHUVEt6Ieq5L+dXQ==?=
[2026-06-24 18:22:14]  发现表格，共 24 行数据
[2026-06-24 18:22:14]  动态索引映射: ['股票代码', '股票名称', '信号', '当前价格', '量比', '来源过滤']
[2026-06-24 18:22:14]  [行1] 解析成功: SHSE.688700 [东威科技] BUY @ 90.62 (VR:0.47)
[2026-06-24 18:22:14]  [行2] 解析成功: SHSE.688286 [敏芯股份] BUY @ 95.53 (VR:0.05)
[2026-06-24 18:22:14]  [行3] 解析成功: SHSE.688059 [华锐精密] BUY @ 207.12 (VR:2.46)
[2026-06-24 18:22:14]  [行4] 解析成功: SZSE.300037 [新宙邦] BUY @ 89.89 (VR:1.21)
[2026-06-24 18:22:14]  [行5] 解析成功: SZSE.300449 [汉邦高科] SELL @ 8.31 (VR:0.03)
[2026-06-24 18:22:14]  [行6] 解析成功: SZSE.002980 [华盛昌] BUY @ 111.88 (VR:0.42)
[2026-06-24 18:22:14]  [行7] 解析成功: SZSE.300868 [杰美特] BUY @ 155.77 (VR:0.04)
[2026-06-24 18:22:14]  [行8] 解析成功: SZSE.300285 [国瓷材料] SELL @ 90.55 (VR:0.44)
[2026-06-24 18:22:14]  [行9] 解析成功: SZSE.301252 [同星科技] BUY @ 45.82 (VR:0.17)
[2026-06-24 18:22:14]  [行10] 解析成功: SZSE.301392 [汇成真空] BUY @ 199.54 (VR:0.32)
[2026-06-24 18:22:14]  [行11] 解析成功: SZSE.300319 [麦捷科技] BUY @ 31.22 (VR:0.62)
[2026-06-24 18:22:14]  [行12] 解析成功: SZSE.300234 [开尔新材] BUY @ 11.13 (VR:0.75)
[2026-06-24 18:22:14]  [行13] 解析成功: SHSE.688700 [东威科技] BUY @ 91.15 (VR:0.31)
[2026-06-24 18:22:14]  [行14] 解析成功: SHSE.688286 [敏芯股份] BUY @ 96.4 (VR:0.24)
[2026-06-24 18:22:14]  [行15] 解析成功: SHSE.688059 [华锐精密] BUY @ 207.45 (VR:0.23)
[2026-06-24 18:22:14]  [行16] 解析成功: SZSE.300037 [新宙邦] BUY @ 90.44 (VR:1.38)
[2026-06-24 18:22:14]  [行17] 解析成功: SZSE.300449 [汉邦高科] SELL @ 8.28 (VR:0.06)
[2026-06-24 18:22:14]  [行18] 解析成功: SZSE.002980 [华盛昌] BUY @ 113.53 (VR:1.63)
[2026-06-24 18:22:14]  [行19] 解析成功: SZSE.300868 [杰美特] BUY @ 155.89 (VR:0.14)
[2026-06-24 18:22:14]  [行20] 解析成功: SZSE.300285 [国瓷材料] SELL @ 90.0 (VR:1.58)
[2026-06-24 18:22:14]  [行21] 解析成功: SZSE.301252 [同星科技] BUY @ 45.83 (VR:0.43)
[2026-06-24 18:22:14]  [行22] 解析成功: SZSE.301392 [汇成真空] BUY @ 200.46 (VR:0.33)
[2026-06-24 18:22:14]  [行23] 解析成功: SZSE.300319 [麦捷科技] BUY @ 31.3 (VR:1.01)
[2026-06-24 18:22:14]  [行24] 解析成功: SZSE.300234 [开尔新材] BUY @ 11.16 (VR:0.18)
[2026-06-24 18:22:14] 成功保存 24 条因子至: signal_batch_20260624_182214_670552.txt
[2026-06-24 18:22:14]  QQ-备用 邮件 2541 处理完成
[2026-06-24 18:22:14]  QQ-备用 正在解析因子: =?utf-8?b?QWxwaGFQaWxvdCDlpIfku73kv6Hlj7cgKGFscGhhX3NpZ25hbF90aHJfMjAyNjA2MjRfMTMyMy5qc29uKSBb5aSHUVEt6Ieq5L+dXQ==?=
[2026-06-24 18:22:14]  发现表格，共 30 行数据
[2026-06-24 18:22:14]  动态索引映射: ['股票代码', '股票名称', '信号', '当前价格', '量比', '来源过滤']
[2026-06-24 18:22:14]  [行1] 解析成功: SHSE.688216 [气派科技] BUY @ 39.61 (VR:0.4)
[2026-06-24 18:22:14]  [行2] 解析成功: SHSE.688308 [欧科亿] SELL @ 183.99 (VR:0.38)
[2026-06-24 18:22:14]  [行3] 解析成功: SHSE.688721 [龙图光罩] BUY @ 53.12 (VR:0.67)
[2026-06-24 18:22:14]  [行4] 解析成功: SHSE.688138 [清溢光电] BUY @ 39.29 (VR:0.84)
[2026-06-24 18:22:14]  [行5] 解析成功: SZSE.300088 [长信科技] BUY @ 9.65 (VR:1.16)
[2026-06-24 18:22:14]  [行6] 解析成功: SZSE.300709 [精研科技] BUY @ 66.21 (VR:0.18)
[2026-06-24 18:22:14]  [行7] 解析成功: SZSE.301362 [民爆光电] BUY @ 197.49 (VR:0.34)
[2026-06-24 18:22:14]  [行8] 解析成功: SZSE.300420 [五洋自控] BUY @ 7.85 (VR:1.17)
[2026-06-24 18:22:14]  [行9] 解析成功: SZSE.301323 [新莱福] BUY @ 90.44 (VR:0.68)
[2026-06-24 18:22:14]  [行10] 解析成功: SZSE.300661 [圣邦股份] BUY @ 135.55 (VR:0.25)
[2026-06-24 18:22:14]  [行11] 解析成功: SZSE.300780 [德恩精工] SELL @ 32.33 (VR:10.74)
[2026-06-24 18:22:14]  [行12] 解析成功: SZSE.301195 [北路智控] SELL @ 29.98 (VR:2.13)
[2026-06-24 18:22:14]  [行13] 解析成功: SZSE.300497 [富祥股份] SELL @ 22.31 (VR:1.3)
[2026-06-24 18:22:14]  [行14] 解析成功: SZSE.301183 [东田微] BUY @ 255.57 (VR:0.22)
[2026-06-24 18:22:14]  [行15] 解析成功: SZSE.300852 [四会富仕] BUY @ 61.15 (VR:0.5)
[2026-06-24 18:22:14]  [行16] 解析成功: SHSE.688216 [气派科技] BUY @ 39.8 (VR:1.92)
[2026-06-24 18:22:14]  [行17] 解析成功: SHSE.688308 [欧科亿] SELL @ 183.56 (VR:0.19)
[2026-06-24 18:22:14]  [行18] 解析成功: SHSE.688721 [龙图光罩] BUY @ 53.35 (VR:4.18)
[2026-06-24 18:22:14]  [行19] 解析成功: SHSE.688138 [清溢光电] BUY @ 39.33 (VR:1.55)
[2026-06-24 18:22:14]  [行20] 解析成功: SZSE.300088 [长信科技] BUY @ 9.67 (VR:0.24)
[2026-06-24 18:22:14]  [行21] 解析成功: SZSE.300709 [精研科技] BUY @ 66.51 (VR:0.35)
[2026-06-24 18:22:14]  [行22] 解析成功: SZSE.301362 [民爆光电] BUY @ 197.99 (VR:0.99)
[2026-06-24 18:22:14]  [行23] 解析成功: SZSE.300420 [五洋自控] BUY @ 7.88 (VR:0.89)
[2026-06-24 18:22:14]  [行24] 解析成功: SZSE.301323 [新莱福] BUY @ 91.3 (VR:1.6)
[2026-06-24 18:22:14]  [行25] 解析成功: SZSE.300661 [圣邦股份] BUY @ 135.99 (VR:0.34)
[2026-06-24 18:22:14]  [行26] 解析成功: SZSE.300780 [德恩精工] SELL @ 32.29 (VR:3.05)
[2026-06-24 18:22:14]  [行27] 解析成功: SZSE.301195 [北路智控] SELL @ 29.89 (VR:0.75)
[2026-06-24 18:22:14]  [行28] 解析成功: SZSE.300497 [富祥股份] SELL @ 22.24 (VR:3.04)
[2026-06-24 18:22:14]  [行29] 解析成功: SZSE.301183 [东田微] BUY @ 255.7 (VR:0.46)
[2026-06-24 18:22:14]  [行30] 解析成功: SZSE.300852 [四会富仕] BUY @ 61.19 (VR:0.33)
[2026-06-24 18:22:14] 成功保存 30 条因子至: signal_batch_20260624_182214_941637.txt
[2026-06-24 18:22:15]  QQ-备用 邮件 2542 处理完成
[2026-06-24 18:22:15]  QQ-备用 正在解析因子: =?utf-8?b?QWxwaGFQaWxvdCDlpIfku73kv6Hlj7cgKGFscGhhX3NpZ25hbF90aHJfMjAyNjA2MjRfMTMyOS5qc29uKSBb5aSHUVEt6Ieq5L+dXQ==?=
[2026-06-24 18:22:15]  发现表格，共 16 行数据
[2026-06-24 18:22:15]  动态索引映射: ['股票代码', '股票名称', '信号', '当前价格', '量比', '来源过滤']
[2026-06-24 18:22:15]  [行1] 解析成功: SHSE.600353 [旭光电子] BUY @ 51.83 (VR:1.65)
[2026-06-24 18:22:15]  [行2] 解析成功: SHSE.601138 [工业富联] BUY @ 76.02 (VR:0.88)
[2026-06-24 18:22:15]  [行3] 解析成功: SZSE.300720 [海川智能] BUY @ 82.02 (VR:1.8)
[2026-06-24 18:22:15]  [行4] 解析成功: SZSE.300930 [屹通新材] BUY @ 33.42 (VR:0.08)
[2026-06-24 18:22:15]  [行5] 解析成功: SZSE.300433 [蓝思科技] BUY @ 52.87 (VR:0.16)
[2026-06-24 18:22:15]  [行6] 解析成功: SZSE.300666 [江丰电子] BUY @ 307.13 (VR:1.32)
[2026-06-24 18:22:15]  [行7] 解析成功: SZSE.300259 [新天科技] SELL @ 5.13 (VR:0.0)
[2026-06-24 18:22:15]  [行8] 解析成功: SZSE.301018 [申菱环境] BUY @ 112.86 (VR:0.06)
[2026-06-24 18:22:15]  [行9] 解析成功: SHSE.600353 [旭光电子] BUY @ 51.86 (VR:2.18)
[2026-06-24 18:22:15]  [行10] 解析成功: SHSE.601138 [工业富联] BUY @ 76.05 (VR:0.02)
[2026-06-24 18:22:15]  [行11] 解析成功: SZSE.300720 [海川智能] BUY @ 82.15 (VR:0.03)
[2026-06-24 18:22:15]  [行12] 解析成功: SZSE.300930 [屹通新材] BUY @ 33.47 (VR:0.23)
[2026-06-24 18:22:15]  [行13] 解析成功: SZSE.300433 [蓝思科技] BUY @ 53.16 (VR:0.66)
[2026-06-24 18:22:15]  [行14] 解析成功: SZSE.300666 [江丰电子] BUY @ 307.51 (VR:0.04)
[2026-06-24 18:22:15]  [行15] 解析成功: SZSE.300259 [新天科技] SELL @ 5.11 (VR:3.32)
[2026-06-24 18:22:15]  [行16] 解析成功: SZSE.301018 [申菱环境] BUY @ 113.21 (VR:0.36)
[2026-06-24 18:22:15] 成功保存 16 条因子至: signal_batch_20260624_182215_204750.txt
[2026-06-24 18:22:15]  QQ-备用 邮件 2543 处理完成
[2026-06-24 18:22:15]  QQ-备用 正在解析因子: =?utf-8?b?QWxwaGFQaWxvdCDlpIfku73kv6Hlj7cgKGFscGhhX3NpZ25hbF90aHJfMjAyNjA2MjRfMTMzNy5qc29uKSBb5aSHUVEt6Ieq5L+dXQ==?=
[2026-06-24 18:22:15]  发现表格，共 27 行数据
[2026-06-24 18:22:15]  动态索引映射: ['股票代码', '股票名称', '信号', '当前价格', '量比', '来源过滤']
[2026-06-24 18:22:15]  [行1] 解析成功: SHSE.688665 [四方光电] BUY @ 58.85 (VR:0.22)
[2026-06-24 18:22:15]  [行2] 解析成功: SHSE.688102 [斯瑞新材] BUY @ 42.73 (VR:0.96)
[2026-06-24 18:22:15]  [行3] 解析成功: SHSE.688521 [芯原股份] BUY @ 305.01 (VR:0.99)
[2026-06-24 18:22:15]  [行4] 解析成功: SHSE.688227 [品高股份] BUY @ 109.65 (VR:2.48)
[2026-06-24 18:22:15]  [行5] 解析成功: SZSE.301045 [天禄科技] BUY @ 65.98 (VR:1.08)
[2026-06-24 18:22:15]  [行6] 解析成功: SZSE.301188 [力诺药包] SELL @ 67.4 (VR:1.28)
[2026-06-24 18:22:15]  [行7] 解析成功: SZSE.300806 [斯迪克] BUY @ 99.2 (VR:0.15)
[2026-06-24 18:22:15]  [行8] 解析成功: SZSE.301322 [绿通科技] SELL @ 64.15 (VR:0.14)
[2026-06-24 18:22:15]  [行9] 解析成功: SZSE.301013 [利和兴] SELL @ 74.01 (VR:0.49)
[2026-06-24 18:22:15]  [行10] 解析成功: SZSE.300376 [易事特] SELL @ 5.57 (VR:0.37)
[2026-06-24 18:22:15]  [行11] 解析成功: SZSE.300990 [同飞股份] BUY @ 111.05 (VR:0.62)
[2026-06-24 18:22:15]  [行12] 解析成功: SZSE.300921 [南凌科技] BUY @ 21.63 (VR:0.01)
[2026-06-24 18:22:15]  [行13] 解析成功: SZSE.300857 [协创数据] BUY @ 339.79 (VR:0.5)
[2026-06-24 18:22:15]  [行14] 解析成功: SHSE.688665 [四方光电] BUY @ 59.35 (VR:1.85)
[2026-06-24 18:22:15]  [行15] 解析成功: SHSE.688002 [睿创微纳] SELL @ 143.58 (VR:0.12)
[2026-06-24 18:22:15]  [行16] 解析成功: SHSE.688102 [斯瑞新材] BUY @ 42.82 (VR:0.03)
[2026-06-24 18:22:15]  [行17] 解析成功: SHSE.688227 [品高股份] BUY @ 110.1 (VR:1.25)
[2026-06-24 18:22:15]  [行18] 解析成功: SZSE.300689 [澄天伟业] SELL @ 63.07 (VR:0.16)
[2026-06-24 18:22:15]  [行19] 解析成功: SZSE.301045 [天禄科技] BUY @ 66.24 (VR:1.44)
[2026-06-24 18:22:15]  [行20] 解析成功: SZSE.301188 [力诺药包] SELL @ 67.25 (VR:0.19)
[2026-06-24 18:22:15]  [行21] 解析成功: SZSE.300806 [斯迪克] BUY @ 99.3 (VR:0.43)
[2026-06-24 18:22:15]  [行22] 解析成功: SZSE.301322 [绿通科技] SELL @ 63.63 (VR:3.34)
[2026-06-24 18:22:15]  [行23] 解析成功: SZSE.301013 [利和兴] SELL @ 73.27 (VR:0.04)
[2026-06-24 18:22:15]  [行24] 解析成功: SZSE.300376 [易事特] SELL @ 5.56 (VR:0.11)
[2026-06-24 18:22:15]  [行25] 解析成功: SZSE.300990 [同飞股份] BUY @ 111.68 (VR:3.91)
[2026-06-24 18:22:15]  [行26] 解析成功: SZSE.300921 [南凌科技] BUY @ 21.64 (VR:0.33)
[2026-06-24 18:22:15]  [行27] 解析成功: SZSE.300857 [协创数据] BUY @ 339.96 (VR:0.89)
[2026-06-24 18:22:15] 成功保存 27 条因子至: signal_batch_20260624_182215_478566.txt
[2026-06-24 18:22:15]  QQ-备用 邮件 2544 处理完成
[2026-06-24 18:22:15]  QQ-备用 正在解析因子: =?utf-8?b?QWxwaGFQaWxvdCDlpIfku73kv6Hlj7cgKGFscGhhX3NpZ25hbF90aHJfMjAyNjA2MjRfMTM0NS5qc29uKSBb5aSHUVEt6Ieq5L+dXQ==?=
[2026-06-24 18:22:15]  发现表格，共 23 行数据
[2026-06-24 18:22:15]  动态索引映射: ['股票代码', '股票名称', '信号', '当前价格', '量比', '来源过滤']
[2026-06-24 18:22:15]  [行1] 解析成功: SHSE.603773 [沃格光电] BUY @ 171.01 (VR:3.85)
[2026-06-24 18:22:15]  [行2] 解析成功: SHSE.603618 [杭电股份] SELL @ 53.77 (VR:1.08)
[2026-06-24 18:22:15]  [行3] 解析成功: SHSE.605111 [新洁能] SELL @ 79.17 (VR:0.22)
[2026-06-24 18:22:15]  [行4] 解析成功: SZSE.002718 [友邦吊顶] BUY @ 116.2 (VR:0.09)
[2026-06-24 18:22:15]  [行5] 解析成功: SZSE.002378 [章源钨业] BUY @ 37.47 (VR:0.41)
[2026-06-24 18:22:15]  [行6] 解析成功: SZSE.001339 [智微智能] SELL @ 136.36 (VR:1.2)
[2026-06-24 18:22:15]  [行7] 解析成功: SZSE.000593 [德龙汇能] BUY @ 24.22 (VR:0.57)
[2026-06-24 18:22:15]  [行8] 解析成功: SZSE.003031 [中瓷电子] BUY @ 189.64 (VR:1.81)
[2026-06-24 18:22:15]  [行9] 解析成功: SZSE.002937 [兴瑞科技] BUY @ 42.82 (VR:0.14)
[2026-06-24 18:22:15]  [行10] 解析成功: SZSE.000920 [沃顿科技] SELL @ 13.9 (VR:0.33)
[2026-06-24 18:22:15]  [行11] 解析成功: SZSE.000823 [超声电子] SELL @ 22.27 (VR:0.11)
[2026-06-24 18:22:15]  [行12] 解析成功: SHSE.603773 [沃格光电] BUY @ 172.88 (VR:8.8)
[2026-06-24 18:22:15]  [行13] 解析成功: SHSE.603618 [杭电股份] SELL @ 53.56 (VR:1.22)
[2026-06-24 18:22:15]  [行14] 解析成功: SHSE.605111 [新洁能] SELL @ 78.96 (VR:1.09)
[2026-06-24 18:22:15]  [行15] 解析成功: SHSE.603175 [超颖电子] SELL @ 91.71 (VR:0.03)
[2026-06-24 18:22:15]  [行16] 解析成功: SZSE.002718 [友邦吊顶] BUY @ 116.41 (VR:0.8)
[2026-06-24 18:22:15]  [行17] 解析成功: SZSE.002378 [章源钨业] BUY @ 37.48 (VR:0.48)
[2026-06-24 18:22:15]  [行18] 解析成功: SZSE.001339 [智微智能] SELL @ 136.35 (VR:2.91)
[2026-06-24 18:22:15]  [行19] 解析成功: SZSE.000593 [德龙汇能] BUY @ 24.38 (VR:0.15)
[2026-06-24 18:22:15]  [行20] 解析成功: SZSE.003031 [中瓷电子] BUY @ 190.05 (VR:0.76)
[2026-06-24 18:22:15]  [行21] 解析成功: SZSE.001282 [三联锻造] SELL @ 22.1 (VR:0.62)
[2026-06-24 18:22:15]  [行22] 解析成功: SZSE.000920 [沃顿科技] SELL @ 13.82 (VR:0.6)
[2026-06-24 18:22:15]  [行23] 解析成功: SZSE.000823 [超声电子] SELL @ 22.24 (VR:0.48)
[2026-06-24 18:22:15] 成功保存 23 条因子至: signal_batch_20260624_182215_742359.txt
[2026-06-24 18:22:15]  QQ-备用 邮件 2545 处理完成
[2026-06-24 18:22:15]  QQ-备用 正在解析因子: =?utf-8?b?QWxwaGFQaWxvdCDlpIfku73kv6Hlj7cgKGFscGhhX3NpZ25hbF90aHJfMjAyNjA2MjRfMTM1My5qc29uKSBb5aSHUVEt6Ieq5L+dXQ==?=
[2026-06-24 18:22:15]  发现表格，共 26 行数据
[2026-06-24 18:22:15]  动态索引映射: ['股票代码', '股票名称', '信号', '当前价格', '量比', '来源过滤']
[2026-06-24 18:22:15]  [行1] 解析成功: SHSE.688777 [中控技术] BUY @ 121.06 (VR:0.45)
[2026-06-24 18:22:15]  [行2] 解析成功: SHSE.688286 [敏芯股份] BUY @ 95.68 (VR:2.24)
[2026-06-24 18:22:15]  [行3] 解析成功: SHSE.688511 [天微电子] BUY @ 31.05 (VR:0.17)
[2026-06-24 18:22:15]  [行4] 解析成功: SHSE.688059 [华锐精密] BUY @ 205.77 (VR:0.11)
[2026-06-24 18:22:15]  [行5] 解析成功: SZSE.300037 [新宙邦] SELL @ 89.7 (VR:0.17)
[2026-06-24 18:22:15]  [行6] 解析成功: SZSE.002980 [华盛昌] SELL @ 114.12 (VR:0.38)
[2026-06-24 18:22:15]  [行7] 解析成功: SZSE.300868 [杰美特] BUY @ 158.2 (VR:3.37)
[2026-06-24 18:22:15]  [行8] 解析成功: SZSE.301281 [利源制药] SELL @ 47.21 (VR:1.19)
[2026-06-24 18:22:15]  [行9] 解析成功: SZSE.300285 [国瓷材料] SELL @ 91.88 (VR:0.24)
[2026-06-24 18:22:15]  [行10] 解析成功: SZSE.301252 [同星科技] BUY @ 45.89 (VR:1.04)
[2026-06-24 18:22:15]  [行11] 解析成功: SZSE.301392 [汇成真空] SELL @ 201.51 (VR:0.11)
[2026-06-24 18:22:16]  [行12] 解析成功: SZSE.300319 [麦捷科技] SELL @ 30.98 (VR:0.75)
[2026-06-24 18:22:16]  [行13] 解析成功: SZSE.300234 [开尔新材] BUY @ 11.29 (VR:1.29)
[2026-06-24 18:22:16]  [行14] 解析成功: SZSE.300214 [日科化学] SELL @ 10.24 (VR:0.97)
[2026-06-24 18:22:16]  [行15] 解析成功: SHSE.688777 [中控技术] BUY @ 121.3 (VR:1.22)
[2026-06-24 18:22:16]  [行16] 解析成功: SHSE.688286 [敏芯股份] BUY @ 96.51 (VR:3.26)
[2026-06-24 18:22:16]  [行17] 解析成功: SHSE.688511 [天微电子] BUY @ 31.14 (VR:0.85)
[2026-06-24 18:22:16]  [行18] 解析成功: SHSE.688386 [泛亚微透] SELL @ 87.98 (VR:0.04)
[2026-06-24 18:22:16]  [行19] 解析成功: SHSE.688059 [华锐精密] BUY @ 205.88 (VR:1.14)
[2026-06-24 18:22:16]  [行20] 解析成功: SZSE.002980 [华盛昌] SELL @ 113.37 (VR:1.66)
[2026-06-24 18:22:16]  [行21] 解析成功: SZSE.301281 [利源制药] SELL @ 47.08 (VR:0.59)
[2026-06-24 18:22:16]  [行22] 解析成功: SZSE.300285 [国瓷材料] SELL @ 91.62 (VR:0.24)
[2026-06-24 18:22:16]  [行23] 解析成功: SZSE.301252 [同星科技] BUY @ 45.95 (VR:0.2)
[2026-06-24 18:22:16]  [行24] 解析成功: SZSE.301392 [汇成真空] SELL @ 200.02 (VR:0.81)
[2026-06-24 18:22:16]  [行25] 解析成功: SZSE.300319 [麦捷科技] SELL @ 30.86 (VR:1.3)
[2026-06-24 18:22:16]  [行26] 解析成功: SZSE.300214 [日科化学] SELL @ 10.22 (VR:0.24)
[2026-06-24 18:22:16] 成功保存 26 条因子至: signal_batch_20260624_182216_025174.txt
[2026-06-24 18:22:16]  QQ-备用 邮件 2546 处理完成
[2026-06-24 18:22:16]  QQ-备用 正在解析因子: =?utf-8?b?QWxwaGFQaWxvdCDlpIfku73kv6Hlj7cgKGFscGhhX3NpZ25hbF90aHJfMjAyNjA2MjRfMTQwMS5qc29uKSBb5aSHUVEt6Ieq5L+dXQ==?=
[2026-06-24 18:22:16]  发现表格，共 40 行数据
[2026-06-24 18:22:16]  动态索引映射: ['股票代码', '股票名称', '信号', '当前价格', '量比', '来源过滤']
[2026-06-24 18:22:16]  [行1] 解析成功: SHSE.688216 [气派科技] SELL @ 39.67 (VR:2.58)
[2026-06-24 18:22:16]  [行2] 解析成功: SHSE.688308 [欧科亿] BUY @ 184.6 (VR:0.21)
[2026-06-24 18:22:16]  [行3] 解析成功: SHSE.688721 [龙图光罩] BUY @ 53.19 (VR:0.68)
[2026-06-24 18:22:16]  [行4] 解析成功: SHSE.688733 [壹石通] SELL @ 39.57 (VR:0.85)
[2026-06-24 18:22:16]  [行5] 解析成功: SHSE.688249 [晶合集成] SELL @ 57.91 (VR:0.87)
[2026-06-24 18:22:16]  [行6] 解析成功: SHSE.688138 [清溢光电] SELL @ 39.8 (VR:0.01)
[2026-06-24 18:22:16]  [行7] 解析成功: SZSE.300196 [长海股份] SELL @ 30.94 (VR:0.01)
[2026-06-24 18:22:16]  [行8] 解析成功: SZSE.300088 [长信科技] BUY @ 9.66 (VR:0.01)
[2026-06-24 18:22:16]  [行9] 解析成功: SZSE.300709 [精研科技] BUY @ 65.73 (VR:0.67)
[2026-06-24 18:22:16]  [行10] 解析成功: SZSE.301362 [民爆光电] SELL @ 195.5 (VR:0.65)
[2026-06-24 18:22:16]  [行11] 解析成功: SZSE.300221 [银禧科技] BUY @ 17.23 (VR:0.27)
[2026-06-24 18:22:16]  [行12] 解析成功: SZSE.300420 [五洋自控] SELL @ 7.94 (VR:0.73)
[2026-06-24 18:22:16]  [行13] 解析成功: SZSE.301323 [新莱福] BUY @ 89.6 (VR:6.22)
[2026-06-24 18:22:16]  [行14] 解析成功: SZSE.300661 [圣邦股份] BUY @ 135.58 (VR:1.04)
[2026-06-24 18:22:16]  [行15] 解析成功: SZSE.300780 [德恩精工] SELL @ 32.4 (VR:0.13)
[2026-06-24 18:22:16]  [行16] 解析成功: SZSE.301195 [北路智控] BUY @ 29.72 (VR:1.63)
[2026-06-24 18:22:16]  [行17] 解析成功: SZSE.300497 [富祥股份] SELL @ 22.03 (VR:0.13)
[2026-06-24 18:22:16]  [行18] 解析成功: SZSE.301183 [东田微] BUY @ 260.11 (VR:0.58)
[2026-06-24 18:22:16]  [行19] 解析成功: SZSE.300304 [云意电气] SELL @ 19.94 (VR:1.38)
[2026-06-24 18:22:16]  [行20] 解析成功: SZSE.300852 [四会富仕] BUY @ 60.85 (VR:0.15)
[2026-06-24 18:22:16]  [行21] 解析成功: SHSE.688216 [气派科技] SELL @ 39.59 (VR:0.67)
[2026-06-24 18:22:16]  [行22] 解析成功: SHSE.688308 [欧科亿] BUY @ 184.97 (VR:1.38)
[2026-06-24 18:22:16]  [行23] 解析成功: SHSE.688721 [龙图光罩] BUY @ 53.22 (VR:2.34)
[2026-06-24 18:22:16]  [行24] 解析成功: SHSE.688733 [壹石通] SELL @ 39.5 (VR:0.11)
[2026-06-24 18:22:16]  [行25] 解析成功: SHSE.688249 [晶合集成] SELL @ 57.74 (VR:0.84)
[2026-06-24 18:22:16]  [行26] 解析成功: SHSE.688138 [清溢光电] SELL @ 39.73 (VR:0.8)
[2026-06-24 18:22:16]  [行27] 解析成功: SZSE.300196 [长海股份] SELL @ 31.0 (VR:0.26)
[2026-06-24 18:22:16]  [行28] 解析成功: SZSE.300088 [长信科技] BUY @ 9.69 (VR:0.93)
[2026-06-24 18:22:16]  [行29] 解析成功: SZSE.300709 [精研科技] BUY @ 65.97 (VR:0.24)
[2026-06-24 18:22:16]  [行30] 解析成功: SZSE.301362 [民爆光电] SELL @ 195.22 (VR:0.16)
[2026-06-24 18:22:16]  [行31] 解析成功: SZSE.300221 [银禧科技] BUY @ 17.3 (VR:0.24)
[2026-06-24 18:22:16]  [行32] 解析成功: SZSE.300420 [五洋自控] SELL @ 7.94 (VR:0.31)
[2026-06-24 18:22:16]  [行33] 解析成功: SZSE.301323 [新莱福] BUY @ 89.69 (VR:0.45)
[2026-06-24 18:22:16]  [行34] 解析成功: SZSE.300661 [圣邦股份] BUY @ 136.05 (VR:0.69)
[2026-06-24 18:22:16]  [行35] 解析成功: SZSE.300780 [德恩精工] SELL @ 32.25 (VR:2.5)
[2026-06-24 18:22:16]  [行36] 解析成功: SZSE.301195 [北路智控] BUY @ 29.74 (VR:0.15)
[2026-06-24 18:22:16]  [行37] 解析成功: SZSE.300497 [富祥股份] SELL @ 22.01 (VR:1.47)
[2026-06-24 18:22:16]  [行38] 解析成功: SZSE.301183 [东田微] BUY @ 260.24 (VR:1.66)
[2026-06-24 18:22:16]  [行39] 解析成功: SZSE.300304 [云意电气] SELL @ 19.92 (VR:0.01)
[2026-06-24 18:22:16]  [行40] 解析成功: SZSE.300852 [四会富仕] BUY @ 60.88 (VR:0.08)
[2026-06-24 18:22:16] 成功保存 40 条因子至: signal_batch_20260624_182216_312671.txt
[2026-06-24 18:22:16]  QQ-备用 邮件 2547 处理完成
[2026-06-24 18:22:16]  QQ-备用 正在解析因子: =?utf-8?b?QWxwaGFQaWxvdCDlpIfku73kv6Hlj7cgKGFscGhhX3NpZ25hbF90aHJfMjAyNjA2MjRfMTQwOS5qc29uKSBb5aSHUVEt6Ieq5L+dXQ==?=
[2026-06-24 18:22:16]  发现表格，共 24 行数据
[2026-06-24 18:22:16]  动态索引映射: ['股票代码', '股票名称', '信号', '当前价格', '量比', '来源过滤']
[2026-06-24 18:22:16]  [行1] 解析成功: SHSE.601138 [工业富联] BUY @ 75.78 (VR:0.1)
[2026-06-24 18:22:16]  [行2] 解析成功: SHSE.688392 [娇成超声] BUY @ 175.9 (VR:0.18)
[2026-06-24 18:22:16]  [行3] 解析成功: SZSE.300308 [中际旭创] BUY @ 1303.07 (VR:0.61)
[2026-06-24 18:22:16]  [行4] 解析成功: SZSE.300346 [南大光电] BUY @ 76.65 (VR:0.36)
[2026-06-24 18:22:16]  [行5] 解析成功: SZSE.300930 [屹通新材] SELL @ 33.45 (VR:1.23)
[2026-06-24 18:22:16]  [行6] 解析成功: SZSE.300666 [江丰电子] BUY @ 303.56 (VR:0.05)
[2026-06-24 18:22:16]  [行7] 解析成功: SZSE.300936 [中英科技] BUY @ 125.08 (VR:0.02)
[2026-06-24 18:22:16]  [行8] 解析成功: SZSE.000510 [新金路] BUY @ 24.12 (VR:0.41)
[2026-06-24 18:22:16]  [行9] 解析成功: SZSE.300259 [新天科技] BUY @ 5.13 (VR:0.6)
[2026-06-24 18:22:16]  [行10] 解析成功: SZSE.301018 [申菱环境] SELL @ 112.9 (VR:1.0)
[2026-06-24 18:22:16]  [行11] 解析成功: SZSE.300739 [明阳电路] BUY @ 32.0 (VR:0.37)
[2026-06-24 18:22:16]  [行12] 解析成功: SZSE.301171 [易点天下] BUY @ 35.89 (VR:0.31)
[2026-06-24 18:22:16]  [行13] 解析成功: SHSE.601138 [工业富联] BUY @ 76.03 (VR:0.5)
[2026-06-24 18:22:16]  [行14] 解析成功: SHSE.688392 [娇成超声] BUY @ 176.58 (VR:0.41)
[2026-06-24 18:22:16]  [行15] 解析成功: SZSE.300308 [中际旭创] BUY @ 1307.72 (VR:0.6)
[2026-06-24 18:22:16]  [行16] 解析成功: SZSE.300346 [南大光电] BUY @ 76.92 (VR:0.07)
[2026-06-24 18:22:16]  [行17] 解析成功: SZSE.300930 [屹通新材] SELL @ 33.49 (VR:0.01)
[2026-06-24 18:22:16]  [行18] 解析成功: SZSE.300433 [蓝思科技] BUY @ 53.29 (VR:1.16)
[2026-06-24 18:22:16]  [行19] 解析成功: SZSE.300666 [江丰电子] BUY @ 304.2 (VR:0.1)
[2026-06-24 18:22:16]  [行20] 解析成功: SZSE.300936 [中英科技] BUY @ 125.3 (VR:0.76)
[2026-06-24 18:22:16]  [行21] 解析成功: SZSE.000510 [新金路] BUY @ 24.19 (VR:0.33)
[2026-06-24 18:22:16]  [行22] 解析成功: SZSE.300259 [新天科技] BUY @ 5.14 (VR:0.18)
[2026-06-24 18:22:16]  [行23] 解析成功: SZSE.301018 [申菱环境] SELL @ 112.81 (VR:0.11)
[2026-06-24 18:22:16]  [行24] 解析成功: SZSE.301171 [易点天下] BUY @ 36.03 (VR:0.23)
[2026-06-24 18:22:16] 成功保存 24 条因子至: signal_batch_20260624_182216_574625.txt
[2026-06-24 18:22:16]  QQ-备用 邮件 2548 处理完成
[2026-06-24 18:22:16]  QQ-备用 正在解析因子: =?utf-8?b?QWxwaGFQaWxvdCDlpIfku73kv6Hlj7cgKGFscGhhX3NpZ25hbF90aHJfMjAyNjA2MjRfMTQxOC5qc29uKSBb5aSHUVEt6Ieq5L+dXQ==?=
[2026-06-24 18:22:16]  发现表格，共 35 行数据
[2026-06-24 18:22:16]  动态索引映射: ['股票代码', '股票名称', '信号', '当前价格', '量比', '来源过滤']
[2026-06-24 18:22:16]  [行1] 解析成功: SHSE.688110 [东芯股份] SELL @ 169.95 (VR:0.07)
[2026-06-24 18:22:16]  [行2] 解析成功: SHSE.688002 [睿创微纳] BUY @ 143.05 (VR:0.31)
[2026-06-24 18:22:16]  [行3] 解析成功: SHSE.688102 [斯瑞新材] SELL @ 43.28 (VR:0.27)
[2026-06-24 18:22:16]  [行4] 解析成功: SHSE.688521 [芯原股份] BUY @ 299.57 (VR:0.33)
[2026-06-24 18:22:16]  [行5] 解析成功: SZSE.300689 [澄天伟业] BUY @ 63.03 (VR:1.21)
[2026-06-24 18:22:16]  [行6] 解析成功: SZSE.301045 [天禄科技] BUY @ 65.92 (VR:0.2)
[2026-06-24 18:22:16]  [行7] 解析成功: SZSE.301188 [力诺药包] SELL @ 67.22 (VR:0.04)
[2026-06-24 18:22:16]  [行8] 解析成功: SZSE.300806 [斯迪克] BUY @ 100.43 (VR:0.04)
[2026-06-24 18:22:16]  [行9] 解析成功: SZSE.301322 [绿通科技] SELL @ 63.37 (VR:1.5)
[2026-06-24 18:22:16]  [行10] 解析成功: SZSE.300679 [电连技术] SELL @ 67.77 (VR:0.42)
[2026-06-24 18:22:16]  [行11] 解析成功: SZSE.301013 [利和兴] BUY @ 73.8 (VR:0.48)
[2026-06-24 18:22:16]  [行12] 解析成功: SZSE.300376 [易事特] BUY @ 5.59 (VR:1.08)
[2026-06-24 18:22:16]  [行13] 解析成功: SZSE.300620 [光库科技] BUY @ 400.0 (VR:0.67)
[2026-06-24 18:22:16]  [行14] 解析成功: SZSE.300990 [同飞股份] SELL @ 111.54 (VR:0.05)
[2026-06-24 18:22:16]  [行15] 解析成功: SZSE.300921 [南凌科技] BUY @ 21.68 (VR:0.3)
[2026-06-24 18:22:16]  [行16] 解析成功: SZSE.300857 [协创数据] BUY @ 339.86 (VR:0.31)
[2026-06-24 18:22:16]  [行17] 解析成功: SZSE.000636 [风华高科] BUY @ 71.91 (VR:0.14)
[2026-06-24 18:22:16]  [行18] 解析成功: SHSE.688665 [四方光电] SELL @ 59.3 (VR:2.34)
[2026-06-24 18:22:16]  [行19] 解析成功: SHSE.688002 [睿创微纳] BUY @ 143.18 (VR:0.91)
[2026-06-24 18:22:16]  [行20] 解析成功: SHSE.688102 [斯瑞新材] SELL @ 43.26 (VR:1.21)
[2026-06-24 18:22:16]  [行21] 解析成功: SHSE.688521 [芯原股份] BUY @ 300.0 (VR:0.12)
[2026-06-24 18:22:16]  [行22] 解析成功: SHSE.688227 [品高股份] SELL @ 108.31 (VR:0.81)
[2026-06-24 18:22:16]  [行23] 解析成功: SZSE.300689 [澄天伟业] BUY @ 63.21 (VR:0.49)
[2026-06-24 18:22:16]  [行24] 解析成功: SZSE.301045 [天禄科技] BUY @ 66.11 (VR:0.16)
[2026-06-24 18:22:16]  [行25] 解析成功: SZSE.301188 [力诺药包] SELL @ 67.11 (VR:3.15)
[2026-06-24 18:22:16]  [行26] 解析成功: SZSE.300806 [斯迪克] BUY @ 100.62 (VR:1.02)
[2026-06-24 18:22:16]  [行27] 解析成功: SZSE.301322 [绿通科技] SELL @ 63.26 (VR:4.03)
[2026-06-24 18:22:16]  [行28] 解析成功: SZSE.300679 [电连技术] SELL @ 67.61 (VR:0.45)
[2026-06-24 18:22:16]  [行29] 解析成功: SZSE.301013 [利和兴] BUY @ 73.83 (VR:0.46)
[2026-06-24 18:22:16]  [行30] 解析成功: SZSE.300376 [易事特] BUY @ 5.59 (VR:0.96)
[2026-06-24 18:22:16]  [行31] 解析成功: SZSE.300620 [光库科技] BUY @ 400.32 (VR:0.11)
[2026-06-24 18:22:16]  [行32] 解析成功: SZSE.300990 [同飞股份] SELL @ 111.28 (VR:0.48)
[2026-06-24 18:22:16]  [行33] 解析成功: SZSE.300921 [南凌科技] BUY @ 21.69 (VR:0.08)
[2026-06-24 18:22:16]  [行34] 解析成功: SZSE.300857 [协创数据] BUY @ 339.9 (VR:0.18)
[2026-06-24 18:22:16]  [行35] 解析成功: SZSE.000636 [风华高科] BUY @ 72.0 (VR:0.53)
[2026-06-24 18:22:16] 成功保存 35 条因子至: signal_batch_20260624_182216_833772.txt
[2026-06-24 18:22:16]  QQ-备用 邮件 2549 处理完成
[2026-06-24 18:22:17]  QQ-备用 正在解析因子: =?utf-8?b?QWxwaGFQaWxvdCDlpIfku73kv6Hlj7cgKGFscGhhX3NpZ25hbF90aHJfMjAyNjA2MjRfMTQyNy5qc29uKSBb5aSHUVEt6Ieq5L+dXQ==?=
[2026-06-24 18:22:17]  发现表格，共 34 行数据
[2026-06-24 18:22:17]  动态索引映射: ['股票代码', '股票名称', '信号', '当前价格', '量比', '来源过滤']
[2026-06-24 18:22:17]  [行1] 解析成功: SHSE.603773 [沃格光电] BUY @ 169.19 (VR:0.3)
[2026-06-24 18:22:17]  [行2] 解析成功: SHSE.603618 [杭电股份] BUY @ 54.17 (VR:0.76)
[2026-06-24 18:22:17]  [行3] 解析成功: SHSE.605111 [新洁能] BUY @ 79.6 (VR:1.24)
[2026-06-24 18:22:17]  [行4] 解析成功: SHSE.600259 [中稀有色] BUY @ 104.72 (VR:1.17)
[2026-06-24 18:22:17]  [行5] 解析成功: SHSE.603175 [超颖电子] BUY @ 91.49 (VR:0.44)
[2026-06-24 18:22:17]  [行6] 解析成功: SHSE.600460 [士兰微] BUY @ 49.7 (VR:0.35)
[2026-06-24 18:22:17]  [行7] 解析成功: SHSE.603206 [嘉环科技] BUY @ 17.14 (VR:0.12)
[2026-06-24 18:22:17]  [行8] 解析成功: SZSE.002718 [友邦吊顶] BUY @ 117.88 (VR:1.7)
[2026-06-24 18:22:17]  [行9] 解析成功: SZSE.002378 [章源钨业] SELL @ 37.54 (VR:0.16)
[2026-06-24 18:22:17]  [行10] 解析成功: SZSE.002768 [国恩股份] BUY @ 53.85 (VR:0.27)
[2026-06-24 18:22:17]  [行11] 解析成功: SZSE.001339 [智微智能] BUY @ 136.61 (VR:1.75)
[2026-06-24 18:22:17]  [行12] 解析成功: SZSE.000593 [德龙汇能] SELL @ 24.16 (VR:0.36)
[2026-06-24 18:22:17]  [行13] 解析成功: SZSE.003031 [中瓷电子] SELL @ 192.34 (VR:0.41)
[2026-06-24 18:22:17]  [行14] 解析成功: SZSE.001282 [三联锻造] BUY @ 22.17 (VR:0.43)
[2026-06-24 18:22:17]  [行15] 解析成功: SZSE.002937 [兴瑞科技] BUY @ 42.78 (VR:0.21)
[2026-06-24 18:22:17]  [行16] 解析成功: SZSE.000920 [沃顿科技] BUY @ 13.73 (VR:0.39)
[2026-06-24 18:22:17]  [行17] 解析成功: SZSE.000823 [超声电子] BUY @ 22.6 (VR:10.93)
[2026-06-24 18:22:17]  [行18] 解析成功: SHSE.603773 [沃格光电] BUY @ 169.5 (VR:0.49)
[2026-06-24 18:22:17]  [行19] 解析成功: SHSE.603618 [杭电股份] BUY @ 54.35 (VR:0.95)
[2026-06-24 18:22:17]  [行20] 解析成功: SHSE.605111 [新洁能] BUY @ 79.63 (VR:0.97)
[2026-06-24 18:22:17]  [行21] 解析成功: SHSE.600259 [中稀有色] BUY @ 104.8 (VR:2.57)
[2026-06-24 18:22:17]  [行22] 解析成功: SHSE.603175 [超颖电子] BUY @ 91.54 (VR:0.17)
[2026-06-24 18:22:17]  [行23] 解析成功: SHSE.600460 [士兰微] BUY @ 49.92 (VR:1.1)
[2026-06-24 18:22:17]  [行24] 解析成功: SHSE.603206 [嘉环科技] BUY @ 17.18 (VR:1.13)
[2026-06-24 18:22:17]  [行25] 解析成功: SZSE.002718 [友邦吊顶] BUY @ 117.99 (VR:0.8)
[2026-06-24 18:22:17]  [行26] 解析成功: SZSE.002378 [章源钨业] SELL @ 37.5 (VR:0.08)
[2026-06-24 18:22:17]  [行27] 解析成功: SZSE.002768 [国恩股份] BUY @ 54.19 (VR:0.62)
[2026-06-24 18:22:17]  [行28] 解析成功: SZSE.001339 [智微智能] BUY @ 136.93 (VR:3.1)
[2026-06-24 18:22:17]  [行29] 解析成功: SZSE.000593 [德龙汇能] SELL @ 24.07 (VR:0.41)
[2026-06-24 18:22:17]  [行30] 解析成功: SZSE.002552 [宝鼎科技] SELL @ 75.85 (VR:1.06)
[2026-06-24 18:22:17]  [行31] 解析成功: SZSE.003031 [中瓷电子] SELL @ 192.14 (VR:0.41)
[2026-06-24 18:22:17]  [行32] 解析成功: SZSE.001282 [三联锻造] BUY @ 22.18 (VR:0.8)
[2026-06-24 18:22:17]  [行33] 解析成功: SZSE.002937 [兴瑞科技] BUY @ 42.84 (VR:0.18)
[2026-06-24 18:22:17]  [行34] 解析成功: SZSE.000920 [沃顿科技] BUY @ 13.74 (VR:0.18)
[2026-06-24 18:22:17] 成功保存 34 条因子至: signal_batch_20260624_182217_109628.txt
[2026-06-24 18:22:17]  QQ-备用 邮件 2550 处理完成
[2026-06-24 18:22:17]  QQ-备用 正在解析因子: =?utf-8?b?QWxwaGFQaWxvdCDlpIfku73kv6Hlj7cgKGFscGhhX3NpZ25hbF90aHJfMjAyNjA2MjRfMTQzNS5qc29uKSBb5aSHUVEt6Ieq5L+dXQ==?=
[2026-06-24 18:22:17]  发现表格，共 30 行数据
[2026-06-24 18:22:17]  动态索引映射: ['股票代码', '股票名称', '信号', '当前价格', '量比', '来源过滤']
[2026-06-24 18:22:17]  [行1] 解析成功: SHSE.688700 [东威科技] SELL @ 92.59 (VR:0.29)
[2026-06-24 18:22:17]  [行2] 解析成功: SHSE.688777 [中控技术] BUY @ 120.96 (VR:0.54)
[2026-06-24 18:22:17]  [行3] 解析成功: SHSE.688286 [敏芯股份] BUY @ 97.25 (VR:0.27)
[2026-06-24 18:22:17]  [行4] 解析成功: SHSE.688511 [天微电子] SELL @ 31.46 (VR:1.38)
[2026-06-24 18:22:17]  [行5] 解析成功: SHSE.688386 [泛亚微透] BUY @ 87.96 (VR:0.73)
[2026-06-24 18:22:17]  [行6] 解析成功: SHSE.688059 [华锐精密] BUY @ 206.99 (VR:0.18)
[2026-06-24 18:22:17]  [行7] 解析成功: SZSE.300037 [新宙邦] SELL @ 89.87 (VR:0.26)
[2026-06-24 18:22:17]  [行8] 解析成功: SZSE.300643 [万通智控] BUY @ 18.8 (VR:1.49)
[2026-06-24 18:22:17]  [行9] 解析成功: SZSE.300449 [汉邦高科] BUY @ 8.36 (VR:0.21)
[2026-06-24 18:22:17]  [行10] 解析成功: SZSE.002980 [华盛昌] BUY @ 112.98 (VR:0.69)
[2026-06-24 18:22:17]  [行11] 解析成功: SZSE.300868 [杰美特] BUY @ 158.83 (VR:0.09)
[2026-06-24 18:22:17]  [行12] 解析成功: SZSE.301281 [利源制药] BUY @ 47.19 (VR:0.24)
[2026-06-24 18:22:17]  [行13] 解析成功: SZSE.300285 [国瓷材料] SELL @ 91.92 (VR:0.0)
[2026-06-24 18:22:17]  [行14] 解析成功: SZSE.301252 [同星科技] BUY @ 46.23 (VR:0.29)
[2026-06-24 18:22:17]  [行15] 解析成功: SZSE.301392 [汇成真空] SELL @ 200.01 (VR:0.12)
[2026-06-24 18:22:17]  [行16] 解析成功: SZSE.300319 [麦捷科技] SELL @ 31.07 (VR:0.14)
[2026-06-24 18:22:17]  [行17] 解析成功: SZSE.300234 [开尔新材] SELL @ 11.43 (VR:0.32)
[2026-06-24 18:22:17]  [行18] 解析成功: SZSE.300214 [日科化学] SELL @ 10.14 (VR:0.66)
[2026-06-24 18:22:17]  [行19] 解析成功: SHSE.688700 [东威科技] SELL @ 92.58 (VR:0.8)
[2026-06-24 18:22:17]  [行20] 解析成功: SHSE.688777 [中控技术] BUY @ 121.04 (VR:0.06)
[2026-06-24 18:22:17]  [行21] 解析成功: SHSE.688286 [敏芯股份] BUY @ 97.4 (VR:0.04)
[2026-06-24 18:22:17]  [行22] 解析成功: SHSE.688511 [天微电子] SELL @ 31.39 (VR:0.16)
[2026-06-24 18:22:17]  [行23] 解析成功: SHSE.688059 [华锐精密] BUY @ 207.05 (VR:0.15)
[2026-06-24 18:22:17]  [行24] 解析成功: SZSE.002980 [华盛昌] BUY @ 113.0 (VR:0.16)
[2026-06-24 18:22:17]  [行25] 解析成功: SZSE.300868 [杰美特] BUY @ 159.26 (VR:0.3)
[2026-06-24 18:22:17]  [行26] 解析成功: SZSE.301281 [利源制药] BUY @ 47.25 (VR:0.06)
[2026-06-24 18:22:17]  [行27] 解析成功: SZSE.300285 [国瓷材料] SELL @ 91.55 (VR:0.19)
[2026-06-24 18:22:17]  [行28] 解析成功: SZSE.301252 [同星科技] BUY @ 46.29 (VR:1.23)
[2026-06-24 18:22:17]  [行29] 解析成功: SZSE.301392 [汇成真空] SELL @ 199.94 (VR:0.93)
[2026-06-24 18:22:17]  [行30] 解析成功: SZSE.300234 [开尔新材] SELL @ 11.41 (VR:0.42)
[2026-06-24 18:22:17] 成功保存 30 条因子至: signal_batch_20260624_182217_422282.txt
[2026-06-24 18:22:17]  QQ-备用 邮件 2551 处理完成
[2026-06-24 18:22:17]  QQ-备用 正在解析因子: =?utf-8?b?QWxwaGFQaWxvdCDlpIfku73kv6Hlj7cgKGFscGhhX3NpZ25hbF90aHJfMjAyNjA2MjRfMTQ0MC5qc29uKSBb5aSHUVEt6Ieq5L+dXQ==?=
[2026-06-24 18:22:17]  发现表格，共 24 行数据
[2026-06-24 18:22:17]  动态索引映射: ['股票代码', '股票名称', '信号', '当前价格', '量比', '来源过滤']
[2026-06-24 18:22:17]  [行1] 解析成功: SHSE.688308 [欧科亿] BUY @ 184.45 (VR:0.07)
[2026-06-24 18:22:17]  [行2] 解析成功: SHSE.688733 [壹石通] BUY @ 39.62 (VR:0.42)
[2026-06-24 18:22:17]  [行3] 解析成功: SHSE.688249 [晶合集成] BUY @ 57.19 (VR:0.16)
[2026-06-24 18:22:17]  [行4] 解析成功: SZSE.300196 [长海股份] BUY @ 30.17 (VR:1.2)
[2026-06-24 18:22:17]  [行5] 解析成功: SZSE.300088 [长信科技] BUY @ 9.8 (VR:1.04)
[2026-06-24 18:22:17]  [行6] 解析成功: SZSE.300709 [精研科技] BUY @ 66.06 (VR:0.27)
[2026-06-24 18:22:17]  [行7] 解析成功: SZSE.301362 [民爆光电] BUY @ 194.85 (VR:2.27)
[2026-06-24 18:22:17]  [行8] 解析成功: SZSE.300780 [德恩精工] SELL @ 31.91 (VR:0.82)
[2026-06-24 18:22:17]  [行9] 解析成功: SZSE.301195 [北路智控] SELL @ 29.69 (VR:0.37)
[2026-06-24 18:22:17]  [行10] 解析成功: SZSE.300497 [富祥股份] SELL @ 22.1 (VR:1.1)
[2026-06-24 18:22:17]  [行11] 解析成功: SZSE.300304 [云意电气] BUY @ 19.93 (VR:0.94)
[2026-06-24 18:22:17]  [行12] 解析成功: SZSE.300852 [四会富仕] SELL @ 61.03 (VR:0.0)
[2026-06-24 18:22:17]  [行13] 解析成功: SHSE.688308 [欧科亿] BUY @ 184.98 (VR:0.02)
[2026-06-24 18:22:17]  [行14] 解析成功: SHSE.688733 [壹石通] BUY @ 39.72 (VR:0.34)
[2026-06-24 18:22:17]  [行15] 解析成功: SHSE.688249 [晶合集成] BUY @ 57.21 (VR:0.22)
[2026-06-24 18:22:17]  [行16] 解析成功: SZSE.300196 [长海股份] BUY @ 30.43 (VR:1.77)
[2026-06-24 18:22:17]  [行17] 解析成功: SZSE.300088 [长信科技] BUY @ 9.81 (VR:0.76)
[2026-06-24 18:22:17]  [行18] 解析成功: SZSE.300709 [精研科技] BUY @ 66.11 (VR:0.17)
[2026-06-24 18:22:17]  [行19] 解析成功: SZSE.301362 [民爆光电] BUY @ 195.22 (VR:1.22)
[2026-06-24 18:22:17]  [行20] 解析成功: SZSE.300780 [德恩精工] SELL @ 31.8 (VR:0.88)
[2026-06-24 18:22:17]  [行21] 解析成功: SZSE.301195 [北路智控] SELL @ 29.68 (VR:0.47)
[2026-06-24 18:22:17]  [行22] 解析成功: SZSE.300497 [富祥股份] SELL @ 22.09 (VR:0.19)
[2026-06-24 18:22:17]  [行23] 解析成功: SZSE.300304 [云意电气] BUY @ 20.02 (VR:0.12)
[2026-06-24 18:22:17]  [行24] 解析成功: SZSE.300852 [四会富仕] SELL @ 60.92 (VR:0.1)
[2026-06-24 18:22:17] 成功保存 24 条因子至: signal_batch_20260624_182217_689542.txt
[2026-06-24 18:22:17]  QQ-备用 邮件 2552 处理完成
[2026-06-24 18:22:17]  QQ-备用 正在解析因子: =?utf-8?b?QWxwaGFQaWxvdCDlpIfku73kv6Hlj7cgKGFscGhhX3NpZ25hbF90aHJfMjAyNjA2MjRfMTQ0Ni5qc29uKSBb5aSHUVEt6Ieq5L+dXQ==?=
[2026-06-24 18:22:17]  发现表格，共 22 行数据
[2026-06-24 18:22:17]  动态索引映射: ['股票代码', '股票名称', '信号', '当前价格', '量比', '来源过滤']
[2026-06-24 18:22:17]  [行1] 解析成功: SHSE.600353 [旭光电子] BUY @ 52.78 (VR:1.03)
[2026-06-24 18:22:17]  [行2] 解析成功: SHSE.601138 [工业富联] SELL @ 76.53 (VR:0.3)
[2026-06-24 18:22:17]  [行3] 解析成功: SZSE.300308 [中际旭创] BUY @ 1304.97 (VR:0.44)
[2026-06-24 18:22:17]  [行4] 解析成功: SZSE.300346 [南大光电] BUY @ 76.44 (VR:0.07)
[2026-06-24 18:22:17]  [行5] 解析成功: SZSE.300930 [屹通新材] BUY @ 33.37 (VR:0.03)
[2026-06-24 18:22:17]  [行6] 解析成功: SZSE.300666 [江丰电子] BUY @ 302.74 (VR:0.48)
[2026-06-24 18:22:17]  [行7] 解析成功: SZSE.300936 [中英科技] BUY @ 125.12 (VR:0.88)
[2026-06-24 18:22:17]  [行8] 解析成功: SZSE.000510 [新金路] BUY @ 24.46 (VR:0.53)
[2026-06-24 18:22:17]  [行9] 解析成功: SZSE.300259 [新天科技] BUY @ 5.12 (VR:0.56)
[2026-06-24 18:22:17]  [行10] 解析成功: SZSE.301018 [申菱环境] BUY @ 112.01 (VR:0.07)
[2026-06-24 18:22:17]  [行11] 解析成功: SZSE.301171 [易点天下] BUY @ 36.02 (VR:0.23)
[2026-06-24 18:22:17]  [行12] 解析成功: SHSE.600353 [旭光电子] BUY @ 52.99 (VR:2.28)
[2026-06-24 18:22:17]  [行13] 解析成功: SHSE.601138 [工业富联] SELL @ 76.43 (VR:0.47)
[2026-06-24 18:22:17]  [行14] 解析成功: SZSE.300308 [中际旭创] BUY @ 1305.6 (VR:0.29)
[2026-06-24 18:22:17]  [行15] 解析成功: SZSE.300346 [南大光电] BUY @ 76.73 (VR:0.18)
[2026-06-24 18:22:17]  [行16] 解析成功: SZSE.300930 [屹通新材] BUY @ 33.57 (VR:0.83)
[2026-06-24 18:22:17]  [行17] 解析成功: SZSE.300666 [江丰电子] BUY @ 302.96 (VR:0.62)
[2026-06-24 18:22:17]  [行18] 解析成功: SZSE.300936 [中英科技] BUY @ 125.14 (VR:0.44)
[2026-06-24 18:22:17]  [行19] 解析成功: SZSE.000510 [新金路] BUY @ 24.56 (VR:0.03)
[2026-06-24 18:22:17]  [行20] 解析成功: SZSE.300259 [新天科技] BUY @ 5.13 (VR:0.14)
[2026-06-24 18:22:17]  [行21] 解析成功: SZSE.301018 [申菱环境] BUY @ 112.15 (VR:0.61)
[2026-06-24 18:22:17]  [行22] 解析成功: SZSE.301171 [易点天下] BUY @ 36.03 (VR:0.58)
[2026-06-24 18:22:17] 成功保存 22 条因子至: signal_batch_20260624_182217_961785.txt
[2026-06-24 18:22:18]  QQ-备用 邮件 2553 处理完成
[2026-06-24 18:22:18]  QQ-备用 正在解析因子: =?utf-8?b?QWxwaGFQaWxvdCDlpIfku73kv6Hlj7cgKGFscGhhX3NpZ25hbF90aHJfMjAyNjA2MjRfMTQ1Mi5qc29uKSBb5aSHUVEt6Ieq5L+dXQ==?=
[2026-06-24 18:22:18]  发现表格，共 24 行数据
[2026-06-24 18:22:18]  动态索引映射: ['股票代码', '股票名称', '信号', '当前价格', '量比', '来源过滤']
[2026-06-24 18:22:18]  [行1] 解析成功: SHSE.688110 [东芯股份] BUY @ 171.27 (VR:0.18)
[2026-06-24 18:22:18]  [行2] 解析成功: SHSE.688002 [睿创微纳] BUY @ 142.75 (VR:0.53)
[2026-06-24 18:22:18]  [行3] 解析成功: SHSE.688227 [品高股份] BUY @ 108.97 (VR:1.91)
[2026-06-24 18:22:18]  [行4] 解析成功: SZSE.300689 [澄天伟业] BUY @ 62.86 (VR:0.39)
[2026-06-24 18:22:18]  [行5] 解析成功: SZSE.301045 [天禄科技] BUY @ 65.88 (VR:0.04)
[2026-06-24 18:22:18]  [行6] 解析成功: SZSE.301188 [力诺药包] SELL @ 68.2 (VR:0.16)
[2026-06-24 18:22:18]  [行7] 解析成功: SZSE.300806 [斯迪克] SELL @ 100.0 (VR:0.53)
[2026-06-24 18:22:18]  [行8] 解析成功: SZSE.301322 [绿通科技] BUY @ 63.52 (VR:0.01)
[2026-06-24 18:22:18]  [行9] 解析成功: SZSE.300679 [电连技术] BUY @ 67.54 (VR:0.77)
[2026-06-24 18:22:18]  [行10] 解析成功: SZSE.301013 [利和兴] BUY @ 75.01 (VR:0.35)
[2026-06-24 18:22:18]  [行11] 解析成功: SZSE.300921 [南凌科技] BUY @ 21.61 (VR:0.09)
[2026-06-24 18:22:18]  [行12] 解析成功: SZSE.300857 [协创数据] BUY @ 339.25 (VR:0.35)
[2026-06-24 18:22:18]  [行13] 解析成功: SHSE.688110 [东芯股份] BUY @ 171.51 (VR:0.67)
[2026-06-24 18:22:18]  [行14] 解析成功: SHSE.688002 [睿创微纳] BUY @ 142.86 (VR:0.6)
[2026-06-24 18:22:18]  [行15] 解析成功: SHSE.688227 [品高股份] BUY @ 109.25 (VR:0.02)
[2026-06-24 18:22:18]  [行16] 解析成功: SZSE.300689 [澄天伟业] BUY @ 62.88 (VR:0.12)
[2026-06-24 18:22:18]  [行17] 解析成功: SZSE.301045 [天禄科技] BUY @ 65.93 (VR:1.04)
[2026-06-24 18:22:18]  [行18] 解析成功: SZSE.301188 [力诺药包] SELL @ 68.15 (VR:0.61)
[2026-06-24 18:22:18]  [行19] 解析成功: SZSE.300806 [斯迪克] SELL @ 99.98 (VR:0.52)
[2026-06-24 18:22:18]  [行20] 解析成功: SZSE.301322 [绿通科技] BUY @ 63.64 (VR:0.46)
[2026-06-24 18:22:18]  [行21] 解析成功: SZSE.300679 [电连技术] BUY @ 67.65 (VR:0.98)
[2026-06-24 18:22:18]  [行22] 解析成功: SZSE.301013 [利和兴] BUY @ 75.12 (VR:0.39)
[2026-06-24 18:22:18]  [行23] 解析成功: SZSE.300921 [南凌科技] BUY @ 21.64 (VR:0.23)
[2026-06-24 18:22:18]  [行24] 解析成功: SZSE.300857 [协创数据] BUY @ 339.83 (VR:0.58)
[2026-06-24 18:22:18] 成功保存 24 条因子至: signal_batch_20260624_182218_240330.txt
[2026-06-24 18:22:18]  QQ-备用 邮件 2554 处理完成
[2026-06-24 18:22:18]  QQ-备用 正在解析因子: =?utf-8?b?QWxwaGFQaWxvdCDlpIfku73kv6Hlj7cgKGFscGhhX3NpZ25hbF90aHJfMjAyNjA2MjRfMTQ1OC5qc29uKSBb5aSHUVEt6Ieq5L+dXQ==?=
[2026-06-24 18:22:18]  发现表格，共 22 行数据
[2026-06-24 18:22:18]  动态索引映射: ['股票代码', '股票名称', '信号', '当前价格', '量比', '来源过滤']
[2026-06-24 18:22:18]  [行1] 解析成功: SHSE.603773 [沃格光电] BUY @ 167.26 (VR:1.28)
[2026-06-24 18:22:18]  [行2] 解析成功: SHSE.603618 [杭电股份] SELL @ 54.57 (VR:0.18)
[2026-06-24 18:22:18]  [行3] 解析成功: SHSE.600259 [中稀有色] SELL @ 104.91 (VR:0.44)
[2026-06-24 18:22:18]  [行4] 解析成功: SZSE.002718 [友邦吊顶] BUY @ 120.04 (VR:4.2)
[2026-06-24 18:22:18]  [行5] 解析成功: SZSE.002378 [章源钨业] BUY @ 36.99 (VR:0.09)
[2026-06-24 18:22:18]  [行6] 解析成功: SZSE.002768 [国恩股份] BUY @ 54.31 (VR:0.03)
[2026-06-24 18:22:18]  [行7] 解析成功: SZSE.000593 [德龙汇能] BUY @ 23.81 (VR:0.16)
[2026-06-24 18:22:18]  [行8] 解析成功: SZSE.002552 [宝鼎科技] BUY @ 75.93 (VR:0.48)
[2026-06-24 18:22:18]  [行9] 解析成功: SZSE.003031 [中瓷电子] BUY @ 193.67 (VR:0.89)
[2026-06-24 18:22:18]  [行10] 解析成功: SZSE.002937 [兴瑞科技] SELL @ 43.18 (VR:0.23)
[2026-06-24 18:22:18]  [行11] 解析成功: SZSE.000920 [沃顿科技] SELL @ 13.73 (VR:0.05)
[2026-06-24 18:22:18]  [行12] 解析成功: SHSE.603773 [沃格光电] BUY @ 167.69 (VR:0.91)
[2026-06-24 18:22:18]  [行13] 解析成功: SHSE.603618 [杭电股份] SELL @ 54.35 (VR:1.53)
[2026-06-24 18:22:18]  [行14] 解析成功: SHSE.600259 [中稀有色] SELL @ 104.88 (VR:0.8)
[2026-06-24 18:22:18]  [行15] 解析成功: SZSE.002718 [友邦吊顶] BUY @ 120.09 (VR:0.53)
[2026-06-24 18:22:18]  [行16] 解析成功: SZSE.002378 [章源钨业] BUY @ 37.0 (VR:0.29)
[2026-06-24 18:22:18]  [行17] 解析成功: SZSE.002768 [国恩股份] BUY @ 54.43 (VR:0.79)
[2026-06-24 18:22:18]  [行18] 解析成功: SZSE.000593 [德龙汇能] BUY @ 24.11 (VR:0.99)
[2026-06-24 18:22:18]  [行19] 解析成功: SZSE.002552 [宝鼎科技] BUY @ 75.99 (VR:0.97)
[2026-06-24 18:22:18]  [行20] 解析成功: SZSE.003031 [中瓷电子] BUY @ 194.9 (VR:2.43)
[2026-06-24 18:22:18]  [行21] 解析成功: SZSE.002937 [兴瑞科技] SELL @ 43.0 (VR:0.64)
[2026-06-24 18:22:18]  [行22] 解析成功: SZSE.000920 [沃顿科技] SELL @ 13.69 (VR:0.76)
[2026-06-24 18:22:18] 成功保存 22 条因子至: signal_batch_20260624_182218_519219.txt
[2026-06-24 18:22:18]  QQ-备用 邮件 2555 处理完成
[2026-06-24 18:22:18]  QQ-备用 正在解析因子: =?utf-8?b?QWxwaGFQaWxvdCDlpIfku73kv6Hlj7cgKGFscGhhX3NpZ25hbF90aHJfMjAyNjA2MjRfMTUwMy5qc29uKSBb5aSHUVEt6Ieq5L+dXQ==?=
[2026-06-24 18:22:18]  发现表格，共 2 行数据
[2026-06-24 18:22:18]  动态索引映射: ['股票代码', '股票名称', '信号', '当前价格', '量比', '来源过滤']
[2026-06-24 18:22:18]  [行1] 解析成功: SZSE.300868 [杰美特] BUY @ 156.81 (VR:0.53)
[2026-06-24 18:22:18]  [行2] 解析成功: SZSE.300868 [杰美特] BUY @ 156.96 (VR:nan)
[2026-06-24 18:22:18] 成功保存 2 条因子至: signal_batch_20260624_182218_757363.txt
[2026-06-24 18:22:18]  QQ-备用 邮件 2556 处理完成
[2026-06-24 18:22:18]  QQ-备用 本轮共成功处理 47 封有效信号邮件
[2026-06-24 18:22:53]  正在连接 QQ-主 邮箱服务器 (497720537@qq.com) ...
[2026-06-24 18:22:54]  正在连接 QQ-备用 邮箱服务器 (shouqianbadavid@qq.com) ...
